<?xml version="1.0" encoding="UTF-8"?>
<gpx version="1.1" creator="YourAppName - https://yourappurl.com"
     xmlns:xsi="http://www.w3.org/2001/XMLSchema-instance"
     xmlns="http://www.topografix.com/GPX/1/1"
     xsi:schemaLocation="http://www.topografix.com/GPX/1/1
                         http://www.topografix.com/GPX/1/1/gpx.xsd">
    <metadata>
        <name>My Route</name>
        <author>
            <name>Your Name or App</name>
        </author>
        <time>2024-06-27T21:13:04.097671</time>
    </metadata>
    <trk>
        <name>My Route</name>
        <trkseg>
            <trkpt lat="48.8240136" lon="2.262689">
    <ele>32.288</ele>
    <time>2024-06-27T21:13:03.937096</time>
</trkpt>
<trkpt lat="48.8241768" lon="2.2633668">
    <ele>29.767</ele>
    <time>2024-06-27T21:13:03.937096</time>
</trkpt>
<trkpt lat="48.8242751" lon="2.2637807">
    <ele>29.544</ele>
    <time>2024-06-27T21:13:03.938094</time>
</trkpt>
<trkpt lat="48.823692" lon="2.2658135">
    <ele>30.188</ele>
    <time>2024-06-27T21:13:03.938094</time>
</trkpt>
<trkpt lat="48.8231254" lon="2.2678505">
    <ele>32.14</ele>
    <time>2024-06-27T21:13:03.938094</time>
</trkpt>
<trkpt lat="48.8230211" lon="2.2678592">
    <ele>32.227</ele>
    <time>2024-06-27T21:13:03.938094</time>
</trkpt>
<trkpt lat="48.8230247" lon="2.2679474">
    <ele>32.374</ele>
    <time>2024-06-27T21:13:03.938094</time>
</trkpt>
<trkpt lat="48.8230033" lon="2.2679497">
    <ele>32.403</ele>
    <time>2024-06-27T21:13:03.939091</time>
</trkpt>
<trkpt lat="48.8225999" lon="2.2679938">
    <ele>33.641</ele>
    <time>2024-06-27T21:13:03.939091</time>
</trkpt>
<trkpt lat="48.8224411" lon="2.2680161">
    <ele>34.312</ele>
    <time>2024-06-27T21:13:03.939091</time>
</trkpt>
<trkpt lat="48.8224747" lon="2.2681373">
    <ele>34.654</ele>
    <time>2024-06-27T21:13:03.939091</time>
</trkpt>
<trkpt lat="48.8222511" lon="2.2687553">
    <ele>38.779</ele>
    <time>2024-06-27T21:13:03.940088</time>
</trkpt>
<trkpt lat="48.822111" lon="2.2692228">
    <ele>41.772</ele>
    <time>2024-06-27T21:13:03.940088</time>
</trkpt>
<trkpt lat="48.8217794" lon="2.2703911">
    <ele>48.74</ele>
    <time>2024-06-27T21:13:03.940088</time>
</trkpt>
<trkpt lat="48.8216154" lon="2.2715078">
    <ele>53.763</ele>
    <time>2024-06-27T21:13:03.940088</time>
</trkpt>
<trkpt lat="48.821268" lon="2.2736937">
    <ele>62.62</ele>
    <time>2024-06-27T21:13:03.940088</time>
</trkpt>
<trkpt lat="48.8202312" lon="2.2745455">
    <ele>70.956</ele>
    <time>2024-06-27T21:13:03.941085</time>
</trkpt>
<trkpt lat="48.8194664" lon="2.2743801">
    <ele>74.392</ele>
    <time>2024-06-27T21:13:03.941085</time>
</trkpt>
<trkpt lat="48.8191054" lon="2.2742783">
    <ele>76.692</ele>
    <time>2024-06-27T21:13:03.941085</time>
</trkpt>
<trkpt lat="48.8189922" lon="2.2742468">
    <ele>77.337</ele>
    <time>2024-06-27T21:13:03.941085</time>
</trkpt>
<trkpt lat="48.8182258" lon="2.2740354">
    <ele>78.82</ele>
    <time>2024-06-27T21:13:03.941085</time>
</trkpt>
<trkpt lat="48.8181486" lon="2.2740104">
    <ele>79.041</ele>
    <time>2024-06-27T21:13:03.942084</time>
</trkpt>
<trkpt lat="48.8173406" lon="2.2737492">
    <ele>80.084</ele>
    <time>2024-06-27T21:13:03.942084</time>
</trkpt>
<trkpt lat="48.8166059" lon="2.2750387">
    <ele>75.247</ele>
    <time>2024-06-27T21:13:03.942084</time>
</trkpt>
<trkpt lat="48.8153479" lon="2.2771799">
    <ele>63.875</ele>
    <time>2024-06-27T21:13:03.942084</time>
</trkpt>
<trkpt lat="48.8152402" lon="2.2773698">
    <ele>63.582</ele>
    <time>2024-06-27T21:13:03.942084</time>
</trkpt>
<trkpt lat="48.8150962" lon="2.2776735">
    <ele>63.036</ele>
    <time>2024-06-27T21:13:03.942084</time>
</trkpt>
<trkpt lat="48.8150422" lon="2.2777478">
    <ele>62.976</ele>
    <time>2024-06-27T21:13:03.943080</time>
</trkpt>
<trkpt lat="48.8149468" lon="2.277879">
    <ele>64.147</ele>
    <time>2024-06-27T21:13:03.943080</time>
</trkpt>
<trkpt lat="48.8148578" lon="2.2779987">
    <ele>65.87</ele>
    <time>2024-06-27T21:13:03.943559</time>
</trkpt>
<trkpt lat="48.814807" lon="2.2780255">
    <ele>66.796</ele>
    <time>2024-06-27T21:13:03.943559</time>
</trkpt>
<trkpt lat="48.8142416" lon="2.2782308">
    <ele>65.949</ele>
    <time>2024-06-27T21:13:03.943559</time>
</trkpt>
<trkpt lat="48.8128067" lon="2.2796823">
    <ele>71.956</ele>
    <time>2024-06-27T21:13:03.944078</time>
</trkpt>
<trkpt lat="48.8123401" lon="2.2801521">
    <ele>73.31</ele>
    <time>2024-06-27T21:13:03.944149</time>
</trkpt>
<trkpt lat="48.811862" lon="2.2806836">
    <ele>74.367</ele>
    <time>2024-06-27T21:13:03.944149</time>
</trkpt>
<trkpt lat="48.8118024" lon="2.2807419">
    <ele>75.039</ele>
    <time>2024-06-27T21:13:03.944149</time>
</trkpt>
<trkpt lat="48.8116839" lon="2.2808579">
    <ele>76.022</ele>
    <time>2024-06-27T21:13:03.944149</time>
</trkpt>
<trkpt lat="48.8107855" lon="2.2816866">
    <ele>79.473</ele>
    <time>2024-06-27T21:13:03.944149</time>
</trkpt>
<trkpt lat="48.8105402" lon="2.2819438">
    <ele>80.118</ele>
    <time>2024-06-27T21:13:03.945075</time>
</trkpt>
<trkpt lat="48.8102923" lon="2.2822038">
    <ele>80.676</ele>
    <time>2024-06-27T21:13:03.945075</time>
</trkpt>
<trkpt lat="48.8099447" lon="2.2825484">
    <ele>81.81</ele>
    <time>2024-06-27T21:13:03.945075</time>
</trkpt>
<trkpt lat="48.8078717" lon="2.2846283">
    <ele>86.196</ele>
    <time>2024-06-27T21:13:03.945075</time>
</trkpt>
<trkpt lat="48.8076125" lon="2.2848838">
    <ele>86.789</ele>
    <time>2024-06-27T21:13:03.945075</time>
</trkpt>
<trkpt lat="48.8074899" lon="2.2846343">
    <ele>86.9</ele>
    <time>2024-06-27T21:13:03.946072</time>
</trkpt>
<trkpt lat="48.8073759" lon="2.2845588">
    <ele>87.167</ele>
    <time>2024-06-27T21:13:03.946072</time>
</trkpt>
<trkpt lat="48.8070217" lon="2.2843282">
    <ele>88.931</ele>
    <time>2024-06-27T21:13:03.946072</time>
</trkpt>
<trkpt lat="48.8063794" lon="2.2838978">
    <ele>90.035</ele>
    <time>2024-06-27T21:13:03.946072</time>
</trkpt>
<trkpt lat="48.8059376" lon="2.2835864">
    <ele>90.699</ele>
    <time>2024-06-27T21:13:03.946072</time>
</trkpt>
<trkpt lat="48.805249" lon="2.2831009">
    <ele>91.809</ele>
    <time>2024-06-27T21:13:03.946072</time>
</trkpt>
<trkpt lat="48.8044036" lon="2.2825302">
    <ele>93.242</ele>
    <time>2024-06-27T21:13:03.946072</time>
</trkpt>
<trkpt lat="48.8037343" lon="2.2839043">
    <ele>97.139</ele>
    <time>2024-06-27T21:13:03.947070</time>
</trkpt>
<trkpt lat="48.8034597" lon="2.2844622">
    <ele>99.317</ele>
    <time>2024-06-27T21:13:03.947070</time>
</trkpt>
<trkpt lat="48.8027167" lon="2.28578">
    <ele>100.853</ele>
    <time>2024-06-27T21:13:03.947070</time>
</trkpt>
<trkpt lat="48.8025184" lon="2.2861654">
    <ele>100.936</ele>
    <time>2024-06-27T21:13:03.947070</time>
</trkpt>
<trkpt lat="48.8024208" lon="2.2863443">
    <ele>101.003</ele>
    <time>2024-06-27T21:13:03.947070</time>
</trkpt>
<trkpt lat="48.801838" lon="2.2873679">
    <ele>101.443</ele>
    <time>2024-06-27T21:13:03.947070</time>
</trkpt>
<trkpt lat="48.8008064" lon="2.2866344">
    <ele>105.921</ele>
    <time>2024-06-27T21:13:03.947070</time>
</trkpt>
<trkpt lat="48.800738" lon="2.2865725">
    <ele>106.101</ele>
    <time>2024-06-27T21:13:03.947070</time>
</trkpt>
<trkpt lat="48.8005654" lon="2.2864387">
    <ele>107.447</ele>
    <time>2024-06-27T21:13:03.947070</time>
</trkpt>
<trkpt lat="48.8004114" lon="2.2863196">
    <ele>108.695</ele>
    <time>2024-06-27T21:13:03.948067</time>
</trkpt>
<trkpt lat="48.8002594" lon="2.2861746">
    <ele>109.112</ele>
    <time>2024-06-27T21:13:03.948067</time>
</trkpt>
<trkpt lat="48.7997691" lon="2.2856793">
    <ele>111.787</ele>
    <time>2024-06-27T21:13:03.948067</time>
</trkpt>
<trkpt lat="48.7991067" lon="2.2867993">
    <ele>116.937</ele>
    <time>2024-06-27T21:13:03.948067</time>
</trkpt>
<trkpt lat="48.7983531" lon="2.287521">
    <ele>120.748</ele>
    <time>2024-06-27T21:13:03.948067</time>
</trkpt>
<trkpt lat="48.797992" lon="2.2870704">
    <ele>122.137</ele>
    <time>2024-06-27T21:13:03.948067</time>
</trkpt>
<trkpt lat="48.7970907" lon="2.2859456">
    <ele>123.483</ele>
    <time>2024-06-27T21:13:03.948067</time>
</trkpt>
<trkpt lat="48.7965686" lon="2.2854038">
    <ele>124.011</ele>
    <time>2024-06-27T21:13:03.948067</time>
</trkpt>
<trkpt lat="48.7962619" lon="2.2852408">
    <ele>124.628</ele>
    <time>2024-06-27T21:13:03.948067</time>
</trkpt>
<trkpt lat="48.7948331" lon="2.2847008">
    <ele>128.363</ele>
    <time>2024-06-27T21:13:03.948067</time>
</trkpt>
<trkpt lat="48.7945684" lon="2.2846143">
    <ele>129.401</ele>
    <time>2024-06-27T21:13:03.949064</time>
</trkpt>
<trkpt lat="48.7940622" lon="2.2844516">
    <ele>128.765</ele>
    <time>2024-06-27T21:13:03.949064</time>
</trkpt>
<trkpt lat="48.7938954" lon="2.2844359">
    <ele>128.982</ele>
    <time>2024-06-27T21:13:03.949064</time>
</trkpt>
<trkpt lat="48.7936949" lon="2.2843455">
    <ele>129.123</ele>
    <time>2024-06-27T21:13:03.949064</time>
</trkpt>
<trkpt lat="48.7936081" lon="2.2842331">
    <ele>129.438</ele>
    <time>2024-06-27T21:13:03.949064</time>
</trkpt>
<trkpt lat="48.7911918" lon="2.2843006">
    <ele>115.303</ele>
    <time>2024-06-27T21:13:03.949064</time>
</trkpt>
<trkpt lat="48.7911757" lon="2.2842818">
    <ele>115.315</ele>
    <time>2024-06-27T21:13:03.949064</time>
</trkpt>
<trkpt lat="48.7911471" lon="2.2842806">
    <ele>115.142</ele>
    <time>2024-06-27T21:13:03.949064</time>
</trkpt>
<trkpt lat="48.7911221" lon="2.2843227">
    <ele>114.813</ele>
    <time>2024-06-27T21:13:03.949064</time>
</trkpt>
<trkpt lat="48.7895524" lon="2.2846099">
    <ele>112.864</ele>
    <time>2024-06-27T21:13:03.950062</time>
</trkpt>
<trkpt lat="48.7884445" lon="2.2843953">
    <ele>119.416</ele>
    <time>2024-06-27T21:13:03.950062</time>
</trkpt>
<trkpt lat="48.7875922" lon="2.2839472">
    <ele>119.65</ele>
    <time>2024-06-27T21:13:03.950062</time>
</trkpt>
<trkpt lat="48.7872261" lon="2.2858536">
    <ele>109.29</ele>
    <time>2024-06-27T21:13:03.950062</time>
</trkpt>
<trkpt lat="48.7878289" lon="2.2869004">
    <ele>103.284</ele>
    <time>2024-06-27T21:13:03.950062</time>
</trkpt>
<trkpt lat="48.7853748" lon="2.2852715">
    <ele>105.604</ele>
    <time>2024-06-27T21:13:03.950062</time>
</trkpt>
<trkpt lat="48.7845601" lon="2.2850644">
    <ele>96.02</ele>
    <time>2024-06-27T21:13:03.950062</time>
</trkpt>
<trkpt lat="48.7844447" lon="2.2846539">
    <ele>94.377</ele>
    <time>2024-06-27T21:13:03.950062</time>
</trkpt>
<trkpt lat="48.783718" lon="2.2821606">
    <ele>86.156</ele>
    <time>2024-06-27T21:13:03.950062</time>
</trkpt>
<trkpt lat="48.7837344" lon="2.2819554">
    <ele>86.636</ele>
    <time>2024-06-27T21:13:03.950062</time>
</trkpt>
<trkpt lat="48.7836738" lon="2.2818464">
    <ele>86.813</ele>
    <time>2024-06-27T21:13:03.951058</time>
</trkpt>
<trkpt lat="48.7835842" lon="2.2818166">
    <ele>86.677</ele>
    <time>2024-06-27T21:13:03.951058</time>
</trkpt>
<trkpt lat="48.783456" lon="2.2820527">
    <ele>85.745</ele>
    <time>2024-06-27T21:13:03.951058</time>
</trkpt>
<trkpt lat="48.7823294" lon="2.2816811">
    <ele>87.8</ele>
    <time>2024-06-27T21:13:03.951058</time>
</trkpt>
<trkpt lat="48.7822611" lon="2.2820229">
    <ele>87.876</ele>
    <time>2024-06-27T21:13:03.951058</time>
</trkpt>
<trkpt lat="48.781477" lon="2.2824602">
    <ele>91.32</ele>
    <time>2024-06-27T21:13:03.951058</time>
</trkpt>
<trkpt lat="48.7806538" lon="2.2820078">
    <ele>96.468</ele>
    <time>2024-06-27T21:13:03.951058</time>
</trkpt>
<trkpt lat="48.7804038" lon="2.2838497">
    <ele>94.347</ele>
    <time>2024-06-27T21:13:03.951058</time>
</trkpt>
<trkpt lat="48.7802922" lon="2.2838411">
    <ele>94.532</ele>
    <time>2024-06-27T21:13:03.952056</time>
</trkpt>
<trkpt lat="48.7797028" lon="2.2837957">
    <ele>97.633</ele>
    <time>2024-06-27T21:13:03.952056</time>
</trkpt>
<trkpt lat="48.7794305" lon="2.2837778">
    <ele>99.433</ele>
    <time>2024-06-27T21:13:03.952056</time>
</trkpt>
<trkpt lat="48.7790214" lon="2.283742">
    <ele>101.227</ele>
    <time>2024-06-27T21:13:03.952056</time>
</trkpt>
<trkpt lat="48.7789044" lon="2.2862275">
    <ele>101.446</ele>
    <time>2024-06-27T21:13:03.952056</time>
</trkpt>
<trkpt lat="48.778861" lon="2.2864115">
    <ele>100.751</ele>
    <time>2024-06-27T21:13:03.952942</time>
</trkpt>
<trkpt lat="48.7770801" lon="2.2861309">
    <ele>92.232</ele>
    <time>2024-06-27T21:13:03.953118</time>
</trkpt>
<trkpt lat="48.7750705" lon="2.2856143">
    <ele>80.116</ele>
    <time>2024-06-27T21:13:03.953118</time>
</trkpt>
<trkpt lat="48.774824" lon="2.2855696">
    <ele>79.409</ele>
    <time>2024-06-27T21:13:03.953118</time>
</trkpt>
<trkpt lat="48.7736942" lon="2.2855096">
    <ele>77.244</ele>
    <time>2024-06-27T21:13:03.953118</time>
</trkpt>
<trkpt lat="48.7728448" lon="2.285353">
    <ele>79.377</ele>
    <time>2024-06-27T21:13:03.953118</time>
</trkpt>
<trkpt lat="48.7720122" lon="2.284843">
    <ele>81.92</ele>
    <time>2024-06-27T21:13:03.953118</time>
</trkpt>
<trkpt lat="48.7715815" lon="2.2848346">
    <ele>83.838</ele>
    <time>2024-06-27T21:13:03.954051</time>
</trkpt>
<trkpt lat="48.7708614" lon="2.2850856">
    <ele>83.729</ele>
    <time>2024-06-27T21:13:03.954051</time>
</trkpt>
<trkpt lat="48.7699276" lon="2.2850525">
    <ele>85.739</ele>
    <time>2024-06-27T21:13:03.954051</time>
</trkpt>
<trkpt lat="48.7690228" lon="2.285023">
    <ele>87.333</ele>
    <time>2024-06-27T21:13:03.954051</time>
</trkpt>
<trkpt lat="48.7658704" lon="2.2846926">
    <ele>90.661</ele>
    <time>2024-06-27T21:13:03.954051</time>
</trkpt>
<trkpt lat="48.7641067" lon="2.2848525">
    <ele>84.41</ele>
    <time>2024-06-27T21:13:03.955048</time>
</trkpt>
<trkpt lat="48.7630857" lon="2.2848718">
    <ele>82.303</ele>
    <time>2024-06-27T21:13:03.955048</time>
</trkpt>
<trkpt lat="48.7625651" lon="2.284925">
    <ele>83.497</ele>
    <time>2024-06-27T21:13:03.955048</time>
</trkpt>
<trkpt lat="48.761569" lon="2.2847064">
    <ele>87.975</ele>
    <time>2024-06-27T21:13:03.955048</time>
</trkpt>
<trkpt lat="48.7596359" lon="2.2844869">
    <ele>92.474</ele>
    <time>2024-06-27T21:13:03.955048</time>
</trkpt>
<trkpt lat="48.7594521" lon="2.2846008">
    <ele>92.295</ele>
    <time>2024-06-27T21:13:03.956046</time>
</trkpt>
<trkpt lat="48.7593293" lon="2.2854045">
    <ele>91.332</ele>
    <time>2024-06-27T21:13:03.956046</time>
</trkpt>
<trkpt lat="48.7592527" lon="2.2853575">
    <ele>91.437</ele>
    <time>2024-06-27T21:13:03.956046</time>
</trkpt>
<trkpt lat="48.7592208" lon="2.2853577">
    <ele>91.496</ele>
    <time>2024-06-27T21:13:03.956046</time>
</trkpt>
<trkpt lat="48.7590311" lon="2.2853233">
    <ele>91.778</ele>
    <time>2024-06-27T21:13:03.956046</time>
</trkpt>
<trkpt lat="48.756622" lon="2.2847794">
    <ele>90.868</ele>
    <time>2024-06-27T21:13:03.957044</time>
</trkpt>
<trkpt lat="48.7567036" lon="2.2850789">
    <ele>91.073</ele>
    <time>2024-06-27T21:13:03.957160</time>
</trkpt>
<trkpt lat="48.7557626" lon="2.2847693">
    <ele>87.465</ele>
    <time>2024-06-27T21:13:03.957160</time>
</trkpt>
<trkpt lat="48.7555281" lon="2.2865428">
    <ele>83.059</ele>
    <time>2024-06-27T21:13:03.957160</time>
</trkpt>
<trkpt lat="48.7549845" lon="2.2885198">
    <ele>79.334</ele>
    <time>2024-06-27T21:13:03.957160</time>
</trkpt>
<trkpt lat="48.7546694" lon="2.2897131">
    <ele>76.768</ele>
    <time>2024-06-27T21:13:03.958040</time>
</trkpt>
<trkpt lat="48.7544819" lon="2.2904895">
    <ele>74.501</ele>
    <time>2024-06-27T21:13:03.958040</time>
</trkpt>
<trkpt lat="48.753678" lon="2.2894453">
    <ele>75.075</ele>
    <time>2024-06-27T21:13:03.958040</time>
</trkpt>
<trkpt lat="48.7524947" lon="2.2916493">
    <ele>70.065</ele>
    <time>2024-06-27T21:13:03.958040</time>
</trkpt>
<trkpt lat="48.7521113" lon="2.2912722">
    <ele>70.754</ele>
    <time>2024-06-27T21:13:03.958040</time>
</trkpt>
<trkpt lat="48.7512715" lon="2.2926603">
    <ele>65.787</ele>
    <time>2024-06-27T21:13:03.958040</time>
</trkpt>
<trkpt lat="48.7505489" lon="2.2938683">
    <ele>60.82</ele>
    <time>2024-06-27T21:13:03.959039</time>
</trkpt>
<trkpt lat="48.7508775" lon="2.2944869">
    <ele>59.26</ele>
    <time>2024-06-27T21:13:03.959039</time>
</trkpt>
<trkpt lat="48.7513264" lon="2.2959203">
    <ele>56.433</ele>
    <time>2024-06-27T21:13:03.959039</time>
</trkpt>
<trkpt lat="48.7511396" lon="2.2961603">
    <ele>55.168</ele>
    <time>2024-06-27T21:13:03.959039</time>
</trkpt>
<trkpt lat="48.7499344" lon="2.2948841">
    <ele>55.855</ele>
    <time>2024-06-27T21:13:03.959039</time>
</trkpt>
<trkpt lat="48.7493059" lon="2.2963294">
    <ele>51.896</ele>
    <time>2024-06-27T21:13:03.960036</time>
</trkpt>
<trkpt lat="48.7496861" lon="2.2971539">
    <ele>52.265</ele>
    <time>2024-06-27T21:13:03.960036</time>
</trkpt>
<trkpt lat="48.7497513" lon="2.2973761">
    <ele>52.44</ele>
    <time>2024-06-27T21:13:03.960036</time>
</trkpt>
<trkpt lat="48.7498016" lon="2.2975364">
    <ele>52.472</ele>
    <time>2024-06-27T21:13:03.960036</time>
</trkpt>
<trkpt lat="48.7501443" lon="2.2992576">
    <ele>51.747</ele>
    <time>2024-06-27T21:13:03.961032</time>
</trkpt>
<trkpt lat="48.7478704" lon="2.2987162">
    <ele>52.125</ele>
    <time>2024-06-27T21:13:03.961032</time>
</trkpt>
<trkpt lat="48.7475609" lon="2.298711">
    <ele>51.959</ele>
    <time>2024-06-27T21:13:03.961440</time>
</trkpt>
<trkpt lat="48.7477207" lon="2.2993297">
    <ele>51.361</ele>
    <time>2024-06-27T21:13:03.962095</time>
</trkpt>
<trkpt lat="48.7473307" lon="2.2992313">
    <ele>51.927</ele>
    <time>2024-06-27T21:13:03.962095</time>
</trkpt>
<trkpt lat="48.7467319" lon="2.2990708">
    <ele>52.921</ele>
    <time>2024-06-27T21:13:03.962095</time>
</trkpt>
<trkpt lat="48.7457628" lon="2.2987079">
    <ele>54.156</ele>
    <time>2024-06-27T21:13:03.962095</time>
</trkpt>
<trkpt lat="48.7450414" lon="2.2982225">
    <ele>55.1</ele>
    <time>2024-06-27T21:13:03.963126</time>
</trkpt>
<trkpt lat="48.744527" lon="2.2978418">
    <ele>56.773</ele>
    <time>2024-06-27T21:13:03.963126</time>
</trkpt>
<trkpt lat="48.7440247" lon="2.2973757">
    <ele>57.34</ele>
    <time>2024-06-27T21:13:03.963126</time>
</trkpt>
<trkpt lat="48.7431498" lon="2.2968204">
    <ele>59.274</ele>
    <time>2024-06-27T21:13:03.963126</time>
</trkpt>
<trkpt lat="48.7429279" lon="2.29688">
    <ele>59.832</ele>
    <time>2024-06-27T21:13:03.963126</time>
</trkpt>
<trkpt lat="48.7426413" lon="2.2970088">
    <ele>61.178</ele>
    <time>2024-06-27T21:13:03.964025</time>
</trkpt>
<trkpt lat="48.7424997" lon="2.2966129">
    <ele>61.32</ele>
    <time>2024-06-27T21:13:03.964025</time>
</trkpt>
<trkpt lat="48.7423308" lon="2.2961522">
    <ele>61.818</ele>
    <time>2024-06-27T21:13:03.964025</time>
</trkpt>
<trkpt lat="48.7420775" lon="2.2972284">
    <ele>64.166</ele>
    <time>2024-06-27T21:13:03.964025</time>
</trkpt>
<trkpt lat="48.7407666" lon="2.2979856">
    <ele>74.783</ele>
    <time>2024-06-27T21:13:03.964025</time>
</trkpt>
<trkpt lat="48.7390651" lon="2.2993203">
    <ele>81.824</ele>
    <time>2024-06-27T21:13:03.965082</time>
</trkpt>
<trkpt lat="48.7390381" lon="2.2992694">
    <ele>82.127</ele>
    <time>2024-06-27T21:13:03.965082</time>
</trkpt>
<trkpt lat="48.7369126" lon="2.3005829">
    <ele>82.531</ele>
    <time>2024-06-27T21:13:03.965082</time>
</trkpt>
<trkpt lat="48.736255" lon="2.301406">
    <ele>83.709</ele>
    <time>2024-06-27T21:13:03.965082</time>
</trkpt>
<trkpt lat="48.7362546" lon="2.301479">
    <ele>83.507</ele>
    <time>2024-06-27T21:13:03.965082</time>
</trkpt>
<trkpt lat="48.7358304" lon="2.3014637">
    <ele>84.574</ele>
    <time>2024-06-27T21:13:03.966034</time>
</trkpt>
<trkpt lat="48.7352488" lon="2.3013471">
    <ele>85.858</ele>
    <time>2024-06-27T21:13:03.966034</time>
</trkpt>
<trkpt lat="48.7335395" lon="2.3010043">
    <ele>90.431</ele>
    <time>2024-06-27T21:13:03.966034</time>
</trkpt>
<trkpt lat="48.7328183" lon="2.300898">
    <ele>90.589</ele>
    <time>2024-06-27T21:13:03.966034</time>
</trkpt>
<trkpt lat="48.7327794" lon="2.3008923">
    <ele>90.583</ele>
    <time>2024-06-27T21:13:03.966034</time>
</trkpt>
<trkpt lat="48.7320768" lon="2.3006689">
    <ele>90.678</ele>
    <time>2024-06-27T21:13:03.967017</time>
</trkpt>
<trkpt lat="48.7311162" lon="2.3004946">
    <ele>90.886</ele>
    <time>2024-06-27T21:13:03.967265</time>
</trkpt>
<trkpt lat="48.7302605" lon="2.3003469">
    <ele>91.029</ele>
    <time>2024-06-27T21:13:03.967265</time>
</trkpt>
<trkpt lat="48.7301206" lon="2.3003069">
    <ele>90.913</ele>
    <time>2024-06-27T21:13:03.967265</time>
</trkpt>
<trkpt lat="48.728005" lon="2.3001152">
    <ele>90.512</ele>
    <time>2024-06-27T21:13:03.968015</time>
</trkpt>
<trkpt lat="48.7269673" lon="2.29997">
    <ele>90.005</ele>
    <time>2024-06-27T21:13:03.968170</time>
</trkpt>
<trkpt lat="48.7225541" lon="2.2992954">
    <ele>85.387</ele>
    <time>2024-06-27T21:13:03.968170</time>
</trkpt>
<trkpt lat="48.7194734" lon="2.2988545">
    <ele>86.448</ele>
    <time>2024-06-27T21:13:03.968170</time>
</trkpt>
<trkpt lat="48.7191371" lon="2.2988123">
    <ele>86.697</ele>
    <time>2024-06-27T21:13:03.968170</time>
</trkpt>
<trkpt lat="48.7189811" lon="2.2987977">
    <ele>87.046</ele>
    <time>2024-06-27T21:13:03.968170</time>
</trkpt>
<trkpt lat="48.7188404" lon="2.2987867">
    <ele>87.276</ele>
    <time>2024-06-27T21:13:03.969016</time>
</trkpt>
<trkpt lat="48.7155994" lon="2.2983103">
    <ele>91.618</ele>
    <time>2024-06-27T21:13:03.969016</time>
</trkpt>
<trkpt lat="48.7155877" lon="2.2984427">
    <ele>91.64</ele>
    <time>2024-06-27T21:13:03.969016</time>
</trkpt>
<trkpt lat="48.7155824" lon="2.2985507">
    <ele>91.677</ele>
    <time>2024-06-27T21:13:03.969318</time>
</trkpt>
<trkpt lat="48.7153429" lon="2.2987548">
    <ele>92.493</ele>
    <time>2024-06-27T21:13:03.969318</time>
</trkpt>
<trkpt lat="48.7143026" lon="2.3004813">
    <ele>93.854</ele>
    <time>2024-06-27T21:13:03.969318</time>
</trkpt>
<trkpt lat="48.7133683" lon="2.3024855">
    <ele>95.328</ele>
    <time>2024-06-27T21:13:03.969318</time>
</trkpt>
<trkpt lat="48.7133366" lon="2.3029062">
    <ele>95.504</ele>
    <time>2024-06-27T21:13:03.969318</time>
</trkpt>
<trkpt lat="48.712407" lon="2.3091534">
    <ele>95.37</ele>
    <time>2024-06-27T21:13:03.970011</time>
</trkpt>
<trkpt lat="48.7093435" lon="2.3085914">
    <ele>91.253</ele>
    <time>2024-06-27T21:13:03.970011</time>
</trkpt>
<trkpt lat="48.7087922" lon="2.3092031">
    <ele>89.369</ele>
    <time>2024-06-27T21:13:03.970011</time>
</trkpt>
<trkpt lat="48.7085211" lon="2.3096539">
    <ele>88.758</ele>
    <time>2024-06-27T21:13:03.970011</time>
</trkpt>
<trkpt lat="48.7084736" lon="2.3095818">
    <ele>88.486</ele>
    <time>2024-06-27T21:13:03.970011</time>
</trkpt>
<trkpt lat="48.7081592" lon="2.3099256">
    <ele>87.993</ele>
    <time>2024-06-27T21:13:03.970508</time>
</trkpt>
<trkpt lat="48.7080787" lon="2.3098973">
    <ele>87.855</ele>
    <time>2024-06-27T21:13:03.970508</time>
</trkpt>
<trkpt lat="48.7077388" lon="2.3096569">
    <ele>86.6</ele>
    <time>2024-06-27T21:13:03.970508</time>
</trkpt>
<trkpt lat="48.7067146" lon="2.308827">
    <ele>83.368</ele>
    <time>2024-06-27T21:13:03.971010</time>
</trkpt>
<trkpt lat="48.7065666" lon="2.3090467">
    <ele>83.496</ele>
    <time>2024-06-27T21:13:03.971010</time>
</trkpt>
<trkpt lat="48.7064909" lon="2.3091495">
    <ele>83.51</ele>
    <time>2024-06-27T21:13:03.971010</time>
</trkpt>
<trkpt lat="48.7060761" lon="2.3097309">
    <ele>83.548</ele>
    <time>2024-06-27T21:13:03.971010</time>
</trkpt>
<trkpt lat="48.7062563" lon="2.3103437">
    <ele>84.743</ele>
    <time>2024-06-27T21:13:03.971010</time>
</trkpt>
<trkpt lat="48.7065971" lon="2.3117608">
    <ele>85.051</ele>
    <time>2024-06-27T21:13:03.971010</time>
</trkpt>
<trkpt lat="48.7063519" lon="2.3120159">
    <ele>84.253</ele>
    <time>2024-06-27T21:13:03.971010</time>
</trkpt>
<trkpt lat="48.7064647" lon="2.3122206">
    <ele>84.48</ele>
    <time>2024-06-27T21:13:03.971010</time>
</trkpt>
<trkpt lat="48.7066272" lon="2.3124808">
    <ele>85.391</ele>
    <time>2024-06-27T21:13:03.972004</time>
</trkpt>
<trkpt lat="48.705878" lon="2.3137467">
    <ele>83.633</ele>
    <time>2024-06-27T21:13:03.972004</time>
</trkpt>
<trkpt lat="48.7057557" lon="2.3139405">
    <ele>83.704</ele>
    <time>2024-06-27T21:13:03.972004</time>
</trkpt>
<trkpt lat="48.7056548" lon="2.3141646">
    <ele>83.756</ele>
    <time>2024-06-27T21:13:03.972004</time>
</trkpt>
<trkpt lat="48.7053062" lon="2.3148232">
    <ele>83.653</ele>
    <time>2024-06-27T21:13:03.972004</time>
</trkpt>
<trkpt lat="48.7046388" lon="2.3162426">
    <ele>82.81</ele>
    <time>2024-06-27T21:13:03.972004</time>
</trkpt>
<trkpt lat="48.7045958" lon="2.3163316">
    <ele>82.787</ele>
    <time>2024-06-27T21:13:03.972004</time>
</trkpt>
<trkpt lat="48.7041241" lon="2.3173016">
    <ele>80.964</ele>
    <time>2024-06-27T21:13:03.972004</time>
</trkpt>
<trkpt lat="48.7029284" lon="2.3197911">
    <ele>80.224</ele>
    <time>2024-06-27T21:13:03.973001</time>
</trkpt>
<trkpt lat="48.7025607" lon="2.3205341">
    <ele>78.795</ele>
    <time>2024-06-27T21:13:03.973001</time>
</trkpt>
<trkpt lat="48.7024888" lon="2.3205388">
    <ele>78.716</ele>
    <time>2024-06-27T21:13:03.973001</time>
</trkpt>
<trkpt lat="48.7024261" lon="2.320633">
    <ele>78.646</ele>
    <time>2024-06-27T21:13:03.973001</time>
</trkpt>
<trkpt lat="48.7024587" lon="2.3208224">
    <ele>78.696</ele>
    <time>2024-06-27T21:13:03.973001</time>
</trkpt>
<trkpt lat="48.7025358" lon="2.3208609">
    <ele>78.842</ele>
    <time>2024-06-27T21:13:03.973001</time>
</trkpt>
<trkpt lat="48.7027667" lon="2.3220651">
    <ele>78.011</ele>
    <time>2024-06-27T21:13:03.973001</time>
</trkpt>
<trkpt lat="48.7008126" lon="2.3263406">
    <ele>71.021</ele>
    <time>2024-06-27T21:13:03.973001</time>
</trkpt>
<trkpt lat="48.7002045" lon="2.3256112">
    <ele>70.638</ele>
    <time>2024-06-27T21:13:03.973001</time>
</trkpt>
<trkpt lat="48.6991296" lon="2.3248337">
    <ele>69.319</ele>
    <time>2024-06-27T21:13:03.974000</time>
</trkpt>
<trkpt lat="48.6981693" lon="2.3240679">
    <ele>68.086</ele>
    <time>2024-06-27T21:13:03.974000</time>
</trkpt>
<trkpt lat="48.6980696" lon="2.3246584">
    <ele>70.474</ele>
    <time>2024-06-27T21:13:03.974000</time>
</trkpt>
<trkpt lat="48.6964133" lon="2.3239307">
    <ele>68.467</ele>
    <time>2024-06-27T21:13:03.974000</time>
</trkpt>
<trkpt lat="48.6954866" lon="2.3234278">
    <ele>67.722</ele>
    <time>2024-06-27T21:13:03.974000</time>
</trkpt>
<trkpt lat="48.6952221" lon="2.3243983">
    <ele>72.628</ele>
    <time>2024-06-27T21:13:03.974000</time>
</trkpt>
<trkpt lat="48.6942147" lon="2.324473">
    <ele>75.632</ele>
    <time>2024-06-27T21:13:03.974000</time>
</trkpt>
<trkpt lat="48.6937581" lon="2.3244776">
    <ele>75.75</ele>
    <time>2024-06-27T21:13:03.974000</time>
</trkpt>
<trkpt lat="48.693303" lon="2.3240737">
    <ele>76.363</ele>
    <time>2024-06-27T21:13:03.974000</time>
</trkpt>
<trkpt lat="48.6924266" lon="2.323202">
    <ele>80.451</ele>
    <time>2024-06-27T21:13:03.974998</time>
</trkpt>
<trkpt lat="48.6916461" lon="2.3225391">
    <ele>85.914</ele>
    <time>2024-06-27T21:13:03.974998</time>
</trkpt>
<trkpt lat="48.6895533" lon="2.3252035">
    <ele>92.051</ele>
    <time>2024-06-27T21:13:03.975182</time>
</trkpt>
<trkpt lat="48.6881232" lon="2.3241906">
    <ele>75.097</ele>
    <time>2024-06-27T21:13:03.975182</time>
</trkpt>
<trkpt lat="48.6879809" lon="2.3238786">
    <ele>71.376</ele>
    <time>2024-06-27T21:13:03.975182</time>
</trkpt>
<trkpt lat="48.6879281" lon="2.3240303">
    <ele>71.442</ele>
    <time>2024-06-27T21:13:03.975182</time>
</trkpt>
<trkpt lat="48.687445" lon="2.3234905">
    <ele>63.6</ele>
    <time>2024-06-27T21:13:03.975182</time>
</trkpt>
<trkpt lat="48.6879281" lon="2.3240303">
    <ele>71.442</ele>
    <time>2024-06-27T21:13:03.975997</time>
</trkpt>
<trkpt lat="48.6879809" lon="2.3238786">
    <ele>71.376</ele>
    <time>2024-06-27T21:13:03.975997</time>
</trkpt>
<trkpt lat="48.6881232" lon="2.3241906">
    <ele>75.097</ele>
    <time>2024-06-27T21:13:03.976195</time>
</trkpt>
<trkpt lat="48.6895533" lon="2.3252035">
    <ele>92.051</ele>
    <time>2024-06-27T21:13:03.976195</time>
</trkpt>
<trkpt lat="48.6916461" lon="2.3225391">
    <ele>85.914</ele>
    <time>2024-06-27T21:13:03.976195</time>
</trkpt>
<trkpt lat="48.6924266" lon="2.323202">
    <ele>80.451</ele>
    <time>2024-06-27T21:13:03.976195</time>
</trkpt>
<trkpt lat="48.693303" lon="2.3240737">
    <ele>76.363</ele>
    <time>2024-06-27T21:13:03.976989</time>
</trkpt>
<trkpt lat="48.6937581" lon="2.3244776">
    <ele>75.75</ele>
    <time>2024-06-27T21:13:03.976989</time>
</trkpt>
<trkpt lat="48.6942147" lon="2.324473">
    <ele>75.632</ele>
    <time>2024-06-27T21:13:03.977988</time>
</trkpt>
<trkpt lat="48.6952221" lon="2.3243983">
    <ele>72.628</ele>
    <time>2024-06-27T21:13:03.978244</time>
</trkpt>
<trkpt lat="48.6954866" lon="2.3234278">
    <ele>67.722</ele>
    <time>2024-06-27T21:13:03.978244</time>
</trkpt>
<trkpt lat="48.6949969" lon="2.323047">
    <ele>66.936</ele>
    <time>2024-06-27T21:13:03.978244</time>
</trkpt>
<trkpt lat="48.694813" lon="2.3229091">
    <ele>66.935</ele>
    <time>2024-06-27T21:13:03.978244</time>
</trkpt>
<trkpt lat="48.6981693" lon="2.3240679">
    <ele>68.086</ele>
    <time>2024-06-27T21:13:03.978244</time>
</trkpt>
<trkpt lat="48.6991296" lon="2.3248337">
    <ele>69.319</ele>
    <time>2024-06-27T21:13:03.978992</time>
</trkpt>
<trkpt lat="48.7002045" lon="2.3256112">
    <ele>70.638</ele>
    <time>2024-06-27T21:13:03.978992</time>
</trkpt>
<trkpt lat="48.7008126" lon="2.3263406">
    <ele>71.021</ele>
    <time>2024-06-27T21:13:03.978992</time>
</trkpt>
<trkpt lat="48.7013916" lon="2.3270437">
    <ele>71.387</ele>
    <time>2024-06-27T21:13:03.978992</time>
</trkpt>
<trkpt lat="48.703033" lon="2.3234451">
    <ele>76.425</ele>
    <time>2024-06-27T21:13:03.978992</time>
</trkpt>
<trkpt lat="48.7037768" lon="2.3217675">
    <ele>78.925</ele>
    <time>2024-06-27T21:13:03.978992</time>
</trkpt>
<trkpt lat="48.7028822" lon="2.3209714">
    <ele>79.696</ele>
    <time>2024-06-27T21:13:03.980013</time>
</trkpt>
<trkpt lat="48.7026395" lon="2.3206901">
    <ele>78.951</ele>
    <time>2024-06-27T21:13:03.980013</time>
</trkpt>
<trkpt lat="48.7025607" lon="2.3205341">
    <ele>78.795</ele>
    <time>2024-06-27T21:13:03.980013</time>
</trkpt>
<trkpt lat="48.7029284" lon="2.3197911">
    <ele>80.224</ele>
    <time>2024-06-27T21:13:03.980013</time>
</trkpt>
<trkpt lat="48.7041241" lon="2.3173016">
    <ele>80.964</ele>
    <time>2024-06-27T21:13:03.980013</time>
</trkpt>
<trkpt lat="48.7045958" lon="2.3163316">
    <ele>82.787</ele>
    <time>2024-06-27T21:13:03.980013</time>
</trkpt>
<trkpt lat="48.7046388" lon="2.3162426">
    <ele>82.81</ele>
    <time>2024-06-27T21:13:03.980013</time>
</trkpt>
<trkpt lat="48.7053062" lon="2.3148232">
    <ele>83.653</ele>
    <time>2024-06-27T21:13:03.980982</time>
</trkpt>
<trkpt lat="48.7056548" lon="2.3141646">
    <ele>83.756</ele>
    <time>2024-06-27T21:13:03.980982</time>
</trkpt>
<trkpt lat="48.7058071" lon="2.3140019">
    <ele>84.067</ele>
    <time>2024-06-27T21:13:03.980982</time>
</trkpt>
<trkpt lat="48.7059253" lon="2.3138017">
    <ele>83.859</ele>
    <time>2024-06-27T21:13:03.980982</time>
</trkpt>
<trkpt lat="48.706426" lon="2.3129922">
    <ele>85.23</ele>
    <time>2024-06-27T21:13:03.980982</time>
</trkpt>
<trkpt lat="48.706819" lon="2.3122617">
    <ele>85.741</ele>
    <time>2024-06-27T21:13:03.980982</time>
</trkpt>
<trkpt lat="48.7074312" lon="2.3112789">
    <ele>86.979</ele>
    <time>2024-06-27T21:13:03.980982</time>
</trkpt>
<trkpt lat="48.7077015" lon="2.3108548">
    <ele>87.333</ele>
    <time>2024-06-27T21:13:03.980982</time>
</trkpt>
<trkpt lat="48.7077551" lon="2.310811">
    <ele>87.376</ele>
    <time>2024-06-27T21:13:03.981985</time>
</trkpt>
<trkpt lat="48.7080291" lon="2.3105">
    <ele>87.847</ele>
    <time>2024-06-27T21:13:03.981985</time>
</trkpt>
<trkpt lat="48.7080855" lon="2.3105002">
    <ele>87.908</ele>
    <time>2024-06-27T21:13:03.981985</time>
</trkpt>
<trkpt lat="48.708511" lon="2.3108976">
    <ele>88.209</ele>
    <time>2024-06-27T21:13:03.981985</time>
</trkpt>
<trkpt lat="48.7118594" lon="2.3102293">
    <ele>93.403</ele>
    <time>2024-06-27T21:13:03.981985</time>
</trkpt>
<trkpt lat="48.7121612" lon="2.3104278">
    <ele>93.241</ele>
    <time>2024-06-27T21:13:03.981985</time>
</trkpt>
<trkpt lat="48.7124011" lon="2.3103153">
    <ele>93.483</ele>
    <time>2024-06-27T21:13:03.981985</time>
</trkpt>
<trkpt lat="48.7125533" lon="2.310023">
    <ele>94.155</ele>
    <time>2024-06-27T21:13:03.982978</time>
</trkpt>
<trkpt lat="48.7127828" lon="2.3096913">
    <ele>93.678</ele>
    <time>2024-06-27T21:13:03.982978</time>
</trkpt>
<trkpt lat="48.7127475" lon="2.3095748">
    <ele>93.926</ele>
    <time>2024-06-27T21:13:03.982978</time>
</trkpt>
<trkpt lat="48.712407" lon="2.3091534">
    <ele>95.37</ele>
    <time>2024-06-27T21:13:03.982978</time>
</trkpt>
<trkpt lat="48.7133366" lon="2.3029062">
    <ele>95.504</ele>
    <time>2024-06-27T21:13:03.982978</time>
</trkpt>
<trkpt lat="48.7133683" lon="2.3024855">
    <ele>95.328</ele>
    <time>2024-06-27T21:13:03.982978</time>
</trkpt>
<trkpt lat="48.7143026" lon="2.3004813">
    <ele>93.854</ele>
    <time>2024-06-27T21:13:03.982978</time>
</trkpt>
<trkpt lat="48.7153429" lon="2.2987548">
    <ele>92.493</ele>
    <time>2024-06-27T21:13:03.982978</time>
</trkpt>
<trkpt lat="48.7155824" lon="2.2985507">
    <ele>91.677</ele>
    <time>2024-06-27T21:13:03.982978</time>
</trkpt>
<trkpt lat="48.7175565" lon="2.2988519">
    <ele>88.312</ele>
    <time>2024-06-27T21:13:03.983974</time>
</trkpt>
<trkpt lat="48.7190465" lon="2.2994013">
    <ele>85.863</ele>
    <time>2024-06-27T21:13:03.983974</time>
</trkpt>
<trkpt lat="48.7193064" lon="2.2995956">
    <ele>85.703</ele>
    <time>2024-06-27T21:13:03.983974</time>
</trkpt>
<trkpt lat="48.7194361" lon="2.2995313">
    <ele>86.056</ele>
    <time>2024-06-27T21:13:03.983974</time>
</trkpt>
<trkpt lat="48.719455" lon="2.2990118">
    <ele>86.438</ele>
    <time>2024-06-27T21:13:03.983974</time>
</trkpt>
<trkpt lat="48.7290251" lon="2.3003703">
    <ele>91.938</ele>
    <time>2024-06-27T21:13:03.983974</time>
</trkpt>
<trkpt lat="48.7300864" lon="2.3004957">
    <ele>91.265</ele>
    <time>2024-06-27T21:13:03.984968</time>
</trkpt>
<trkpt lat="48.7302358" lon="2.3005601">
    <ele>91.249</ele>
    <time>2024-06-27T21:13:03.984968</time>
</trkpt>
<trkpt lat="48.7310985" lon="2.3007016">
    <ele>90.601</ele>
    <time>2024-06-27T21:13:03.984968</time>
</trkpt>
<trkpt lat="48.7315926" lon="2.3007701">
    <ele>90.369</ele>
    <time>2024-06-27T21:13:03.984968</time>
</trkpt>
<trkpt lat="48.7320756" lon="2.3008512">
    <ele>90.669</ele>
    <time>2024-06-27T21:13:03.984968</time>
</trkpt>
<trkpt lat="48.7320804" lon="2.3009301">
    <ele>90.665</ele>
    <time>2024-06-27T21:13:03.984968</time>
</trkpt>
<trkpt lat="48.7335598" lon="2.301171">
    <ele>90.6</ele>
    <time>2024-06-27T21:13:03.985966</time>
</trkpt>
<trkpt lat="48.7352487" lon="2.3015104">
    <ele>86.034</ele>
    <time>2024-06-27T21:13:03.985966</time>
</trkpt>
<trkpt lat="48.7363085" lon="2.3016086">
    <ele>82.964</ele>
    <time>2024-06-27T21:13:03.985966</time>
</trkpt>
<trkpt lat="48.7362546" lon="2.301479">
    <ele>83.507</ele>
    <time>2024-06-27T21:13:03.985966</time>
</trkpt>
<trkpt lat="48.736305" lon="2.3014168">
    <ele>83.649</ele>
    <time>2024-06-27T21:13:03.985966</time>
</trkpt>
<trkpt lat="48.7387767" lon="2.3019486">
    <ele>76.883</ele>
    <time>2024-06-27T21:13:03.986962</time>
</trkpt>
<trkpt lat="48.7397762" lon="2.3007853">
    <ele>78.846</ele>
    <time>2024-06-27T21:13:03.986962</time>
</trkpt>
<trkpt lat="48.7395214" lon="2.3003042">
    <ele>80.082</ele>
    <time>2024-06-27T21:13:03.986962</time>
</trkpt>
<trkpt lat="48.7390651" lon="2.2993203">
    <ele>81.824</ele>
    <time>2024-06-27T21:13:03.986962</time>
</trkpt>
<trkpt lat="48.7407666" lon="2.2979856">
    <ele>74.783</ele>
    <time>2024-06-27T21:13:03.988005</time>
</trkpt>
<trkpt lat="48.7405072" lon="2.2973856">
    <ele>76.812</ele>
    <time>2024-06-27T21:13:03.988375</time>
</trkpt>
<trkpt lat="48.7403329" lon="2.2969332">
    <ele>78.632</ele>
    <time>2024-06-27T21:13:03.988375</time>
</trkpt>
<trkpt lat="48.7401058" lon="2.2963293">
    <ele>79.022</ele>
    <time>2024-06-27T21:13:03.988987</time>
</trkpt>
<trkpt lat="48.7399945" lon="2.296034">
    <ele>79.689</ele>
    <time>2024-06-27T21:13:03.988987</time>
</trkpt>
<trkpt lat="48.7398406" lon="2.295625">
    <ele>79.751</ele>
    <time>2024-06-27T21:13:03.988987</time>
</trkpt>
<trkpt lat="48.7412619" lon="2.293909">
    <ele>66.138</ele>
    <time>2024-06-27T21:13:03.988987</time>
</trkpt>
<trkpt lat="48.7410496" lon="2.2931728">
    <ele>67.683</ele>
    <time>2024-06-27T21:13:03.988987</time>
</trkpt>
<trkpt lat="48.740901" lon="2.2926469">
    <ele>67.28</ele>
    <time>2024-06-27T21:13:03.989984</time>
</trkpt>
<trkpt lat="48.7405906" lon="2.2916702">
    <ele>69.178</ele>
    <time>2024-06-27T21:13:03.989984</time>
</trkpt>
<trkpt lat="48.7401751" lon="2.290666">
    <ele>71.308</ele>
    <time>2024-06-27T21:13:03.989984</time>
</trkpt>
<trkpt lat="48.7400854" lon="2.2904831">
    <ele>72.127</ele>
    <time>2024-06-27T21:13:03.989984</time>
</trkpt>
<trkpt lat="48.739307" lon="2.2886108">
    <ele>76.138</ele>
    <time>2024-06-27T21:13:03.990986</time>
</trkpt>
<trkpt lat="48.7392748" lon="2.2885182">
    <ele>76.145</ele>
    <time>2024-06-27T21:13:03.990986</time>
</trkpt>
<trkpt lat="48.7393059" lon="2.2874252">
    <ele>71.224</ele>
    <time>2024-06-27T21:13:03.990986</time>
</trkpt>
<trkpt lat="48.7393029" lon="2.2872614">
    <ele>70.89</ele>
    <time>2024-06-27T21:13:03.990986</time>
</trkpt>
<trkpt lat="48.7396928" lon="2.2858463">
    <ele>63.397</ele>
    <time>2024-06-27T21:13:03.991949</time>
</trkpt>
<trkpt lat="48.7395458" lon="2.2850793">
    <ele>60.983</ele>
    <time>2024-06-27T21:13:03.991949</time>
</trkpt>
<trkpt lat="48.7396012" lon="2.2849583">
    <ele>59.352</ele>
    <time>2024-06-27T21:13:03.991949</time>
</trkpt>
<trkpt lat="48.7412763" lon="2.2838862">
    <ele>54.629</ele>
    <time>2024-06-27T21:13:03.992981</time>
</trkpt>
<trkpt lat="48.7413745" lon="2.2841282">
    <ele>54.785</ele>
    <time>2024-06-27T21:13:03.993167</time>
</trkpt>
<trkpt lat="48.7417534" lon="2.2849215">
    <ele>55.327</ele>
    <time>2024-06-27T21:13:03.993167</time>
</trkpt>
<trkpt lat="48.7419506" lon="2.2853437">
    <ele>54.829</ele>
    <time>2024-06-27T21:13:03.993167</time>
</trkpt>
<trkpt lat="48.7420867" lon="2.2856444">
    <ele>54.012</ele>
    <time>2024-06-27T21:13:03.993167</time>
</trkpt>
<trkpt lat="48.7421525" lon="2.2856484">
    <ele>53.754</ele>
    <time>2024-06-27T21:13:03.993944</time>
</trkpt>
<trkpt lat="48.7422298" lon="2.2856429">
    <ele>53.528</ele>
    <time>2024-06-27T21:13:03.993944</time>
</trkpt>
<trkpt lat="48.7423109" lon="2.2855659">
    <ele>53.899</ele>
    <time>2024-06-27T21:13:03.993944</time>
</trkpt>
<trkpt lat="48.7430429" lon="2.2849984">
    <ele>55.429</ele>
    <time>2024-06-27T21:13:03.993944</time>
</trkpt>
<trkpt lat="48.7439294" lon="2.2842453">
    <ele>55.868</ele>
    <time>2024-06-27T21:13:03.993944</time>
</trkpt>
<trkpt lat="48.7452313" lon="2.283138">
    <ele>56.93</ele>
    <time>2024-06-27T21:13:03.994942</time>
</trkpt>
<trkpt lat="48.7452744" lon="2.2830541">
    <ele>57.0</ele>
    <time>2024-06-27T21:13:03.994942</time>
</trkpt>
<trkpt lat="48.7453651" lon="2.2829756">
    <ele>57.731</ele>
    <time>2024-06-27T21:13:03.994942</time>
</trkpt>
<trkpt lat="48.7453963" lon="2.2828599">
    <ele>58.032</ele>
    <time>2024-06-27T21:13:03.995939</time>
</trkpt>
<trkpt lat="48.7459748" lon="2.2823534">
    <ele>61.274</ele>
    <time>2024-06-27T21:13:03.995939</time>
</trkpt>
<trkpt lat="48.7471062" lon="2.2813403">
    <ele>69.247</ele>
    <time>2024-06-27T21:13:03.995939</time>
</trkpt>
<trkpt lat="48.7473275" lon="2.2811025">
    <ele>71.87</ele>
    <time>2024-06-27T21:13:03.995939</time>
</trkpt>
<trkpt lat="48.7489276" lon="2.2789277">
    <ele>80.127</ele>
    <time>2024-06-27T21:13:03.995939</time>
</trkpt>
<trkpt lat="48.7489809" lon="2.2788661">
    <ele>79.524</ele>
    <time>2024-06-27T21:13:03.996937</time>
</trkpt>
<trkpt lat="48.7510125" lon="2.2778521">
    <ele>83.651</ele>
    <time>2024-06-27T21:13:03.996937</time>
</trkpt>
<trkpt lat="48.7511842" lon="2.277807">
    <ele>84.286</ele>
    <time>2024-06-27T21:13:03.996937</time>
</trkpt>
<trkpt lat="48.7526697" lon="2.2770336">
    <ele>86.191</ele>
    <time>2024-06-27T21:13:03.996937</time>
</trkpt>
<trkpt lat="48.7535788" lon="2.2758235">
    <ele>87.097</ele>
    <time>2024-06-27T21:13:03.996937</time>
</trkpt>
<trkpt lat="48.7538582" lon="2.2754652">
    <ele>87.614</ele>
    <time>2024-06-27T21:13:03.997968</time>
</trkpt>
<trkpt lat="48.7542844" lon="2.2749188">
    <ele>88.128</ele>
    <time>2024-06-27T21:13:03.997968</time>
</trkpt>
<trkpt lat="48.7545257" lon="2.2746052">
    <ele>88.219</ele>
    <time>2024-06-27T21:13:03.997968</time>
</trkpt>
<trkpt lat="48.7545779" lon="2.2745322">
    <ele>88.034</ele>
    <time>2024-06-27T21:13:03.997968</time>
</trkpt>
<trkpt lat="48.7546496" lon="2.2744465">
    <ele>88.281</ele>
    <time>2024-06-27T21:13:03.997968</time>
</trkpt>
<trkpt lat="48.7547376" lon="2.2743612">
    <ele>88.528</ele>
    <time>2024-06-27T21:13:03.998965</time>
</trkpt>
<trkpt lat="48.754947" lon="2.2740608">
    <ele>88.705</ele>
    <time>2024-06-27T21:13:03.998965</time>
</trkpt>
<trkpt lat="48.755263" lon="2.2735345">
    <ele>89.714</ele>
    <time>2024-06-27T21:13:03.998965</time>
</trkpt>
<trkpt lat="48.7559867" lon="2.2723501">
    <ele>92.315</ele>
    <time>2024-06-27T21:13:03.998965</time>
</trkpt>
<trkpt lat="48.7566741" lon="2.2712338">
    <ele>95.768</ele>
    <time>2024-06-27T21:13:03.999929</time>
</trkpt>
<trkpt lat="48.7568682" lon="2.2709927">
    <ele>97.462</ele>
    <time>2024-06-27T21:13:03.999929</time>
</trkpt>
<trkpt lat="48.7570039" lon="2.2707598">
    <ele>97.202</ele>
    <time>2024-06-27T21:13:03.999929</time>
</trkpt>
<trkpt lat="48.7576559" lon="2.2695862">
    <ele>100.275</ele>
    <time>2024-06-27T21:13:03.999929</time>
</trkpt>
<trkpt lat="48.7595558" lon="2.2705173">
    <ele>107.092</ele>
    <time>2024-06-27T21:13:03.999929</time>
</trkpt>
<trkpt lat="48.7601395" lon="2.2707798">
    <ele>109.28</ele>
    <time>2024-06-27T21:13:04.000962</time>
</trkpt>
<trkpt lat="48.7608157" lon="2.270955">
    <ele>113.773</ele>
    <time>2024-06-27T21:13:04.000962</time>
</trkpt>
<trkpt lat="48.7624871" lon="2.2711945">
    <ele>113.466</ele>
    <time>2024-06-27T21:13:04.000962</time>
</trkpt>
<trkpt lat="48.7638463" lon="2.2719775">
    <ele>101.744</ele>
    <time>2024-06-27T21:13:04.000962</time>
</trkpt>
<trkpt lat="48.7640432" lon="2.2720329">
    <ele>102.081</ele>
    <time>2024-06-27T21:13:04.000962</time>
</trkpt>
<trkpt lat="48.7640533" lon="2.2719133">
    <ele>102.12</ele>
    <time>2024-06-27T21:13:04.001922</time>
</trkpt>
<trkpt lat="48.7641695" lon="2.2707015">
    <ele>105.683</ele>
    <time>2024-06-27T21:13:04.002091</time>
</trkpt>
<trkpt lat="48.7643129" lon="2.26935">
    <ele>110.606</ele>
    <time>2024-06-27T21:13:04.002091</time>
</trkpt>
<trkpt lat="48.7644363" lon="2.2684059">
    <ele>114.133</ele>
    <time>2024-06-27T21:13:04.002091</time>
</trkpt>
<trkpt lat="48.7648767" lon="2.265351">
    <ele>124.711</ele>
    <time>2024-06-27T21:13:04.002091</time>
</trkpt>
<trkpt lat="48.7652811" lon="2.2622814">
    <ele>136.152</ele>
    <time>2024-06-27T21:13:04.002920</time>
</trkpt>
<trkpt lat="48.7654117" lon="2.2611974">
    <ele>140.733</ele>
    <time>2024-06-27T21:13:04.002920</time>
</trkpt>
<trkpt lat="48.7655337" lon="2.2603485">
    <ele>142.132</ele>
    <time>2024-06-27T21:13:04.002920</time>
</trkpt>
<trkpt lat="48.765766" lon="2.258673">
    <ele>151.583</ele>
    <time>2024-06-27T21:13:04.002920</time>
</trkpt>
<trkpt lat="48.7661616" lon="2.2556541">
    <ele>159.78</ele>
    <time>2024-06-27T21:13:04.003918</time>
</trkpt>
<trkpt lat="48.7673149" lon="2.2533835">
    <ele>160.698</ele>
    <time>2024-06-27T21:13:04.003918</time>
</trkpt>
<trkpt lat="48.7676556" lon="2.2527766">
    <ele>160.92</ele>
    <time>2024-06-27T21:13:04.003918</time>
</trkpt>
<trkpt lat="48.7686971" lon="2.2510325">
    <ele>160.035</ele>
    <time>2024-06-27T21:13:04.003918</time>
</trkpt>
<trkpt lat="48.7687431" lon="2.2509525">
    <ele>160.217</ele>
    <time>2024-06-27T21:13:04.003918</time>
</trkpt>
<trkpt lat="48.7691535" lon="2.2501762">
    <ele>161.637</ele>
    <time>2024-06-27T21:13:04.004916</time>
</trkpt>
<trkpt lat="48.7694892" lon="2.2496353">
    <ele>162.932</ele>
    <time>2024-06-27T21:13:04.004916</time>
</trkpt>
<trkpt lat="48.7705578" lon="2.2484508">
    <ele>164.994</ele>
    <time>2024-06-27T21:13:04.004916</time>
</trkpt>
<trkpt lat="48.7706642" lon="2.2484665">
    <ele>165.315</ele>
    <time>2024-06-27T21:13:04.004916</time>
</trkpt>
<trkpt lat="48.7763311" lon="2.2500756">
    <ele>172.29</ele>
    <time>2024-06-27T21:13:04.004916</time>
</trkpt>
<trkpt lat="48.7764043" lon="2.2500976">
    <ele>172.113</ele>
    <time>2024-06-27T21:13:04.005914</time>
</trkpt>
<trkpt lat="48.7780754" lon="2.2507559">
    <ele>170.994</ele>
    <time>2024-06-27T21:13:04.005914</time>
</trkpt>
<trkpt lat="48.7791327" lon="2.2514899">
    <ele>170.077</ele>
    <time>2024-06-27T21:13:04.005914</time>
</trkpt>
<trkpt lat="48.779503" lon="2.2517908">
    <ele>169.147</ele>
    <time>2024-06-27T21:13:04.005914</time>
</trkpt>
<trkpt lat="48.7814667" lon="2.2529249">
    <ele>164.9</ele>
    <time>2024-06-27T21:13:04.005914</time>
</trkpt>
<trkpt lat="48.7821535" lon="2.2531739">
    <ele>163.625</ele>
    <time>2024-06-27T21:13:04.006947</time>
</trkpt>
<trkpt lat="48.7822701" lon="2.2532029">
    <ele>163.529</ele>
    <time>2024-06-27T21:13:04.006947</time>
</trkpt>
<trkpt lat="48.7848483" lon="2.2535169">
    <ele>166.07</ele>
    <time>2024-06-27T21:13:04.006947</time>
</trkpt>
<trkpt lat="48.7851025" lon="2.2534022">
    <ele>166.198</ele>
    <time>2024-06-27T21:13:04.006947</time>
</trkpt>
<trkpt lat="48.7874709" lon="2.2529797">
    <ele>165.138</ele>
    <time>2024-06-27T21:13:04.007938</time>
</trkpt>
<trkpt lat="48.7876262" lon="2.2529457">
    <ele>165.281</ele>
    <time>2024-06-27T21:13:04.007938</time>
</trkpt>
<trkpt lat="48.7879203" lon="2.2528856">
    <ele>165.654</ele>
    <time>2024-06-27T21:13:04.007938</time>
</trkpt>
<trkpt lat="48.7882153" lon="2.2528253">
    <ele>166.14</ele>
    <time>2024-06-27T21:13:04.007938</time>
</trkpt>
<trkpt lat="48.788394" lon="2.2527827">
    <ele>166.691</ele>
    <time>2024-06-27T21:13:04.007938</time>
</trkpt>
<trkpt lat="48.788879" lon="2.2527202">
    <ele>167.824</ele>
    <time>2024-06-27T21:13:04.008938</time>
</trkpt>
<trkpt lat="48.7895772" lon="2.252686">
    <ele>168.342</ele>
    <time>2024-06-27T21:13:04.008938</time>
</trkpt>
<trkpt lat="48.7897361" lon="2.252662">
    <ele>168.675</ele>
    <time>2024-06-27T21:13:04.008938</time>
</trkpt>
<trkpt lat="48.7915682" lon="2.2525357">
    <ele>166.366</ele>
    <time>2024-06-27T21:13:04.008938</time>
</trkpt>
<trkpt lat="48.7919513" lon="2.2525687">
    <ele>166.424</ele>
    <time>2024-06-27T21:13:04.008938</time>
</trkpt>
<trkpt lat="48.7921355" lon="2.2525503">
    <ele>166.634</ele>
    <time>2024-06-27T21:13:04.009936</time>
</trkpt>
<trkpt lat="48.79257" lon="2.2525119">
    <ele>167.691</ele>
    <time>2024-06-27T21:13:04.009936</time>
</trkpt>
<trkpt lat="48.797349" lon="2.2530298">
    <ele>169.639</ele>
    <time>2024-06-27T21:13:04.009936</time>
</trkpt>
<trkpt lat="48.7974522" lon="2.2529541">
    <ele>168.415</ele>
    <time>2024-06-27T21:13:04.009936</time>
</trkpt>
<trkpt lat="48.7976442" lon="2.2526269">
    <ele>172.986</ele>
    <time>2024-06-27T21:13:04.009936</time>
</trkpt>
<trkpt lat="48.7985372" lon="2.253052">
    <ele>170.086</ele>
    <time>2024-06-27T21:13:04.010925</time>
</trkpt>
<trkpt lat="48.7985778" lon="2.2529024">
    <ele>171.813</ele>
    <time>2024-06-27T21:13:04.011059</time>
</trkpt>
<trkpt lat="48.799488" lon="2.253193">
    <ele>173.612</ele>
    <time>2024-06-27T21:13:04.011059</time>
</trkpt>
<trkpt lat="48.8005894" lon="2.2532212">
    <ele>173.824</ele>
    <time>2024-06-27T21:13:04.011059</time>
</trkpt>
<trkpt lat="48.8008358" lon="2.2532626">
    <ele>174.112</ele>
    <time>2024-06-27T21:13:04.011059</time>
</trkpt>
<trkpt lat="48.8010825" lon="2.2513233">
    <ele>172.979</ele>
    <time>2024-06-27T21:13:04.011899</time>
</trkpt>
<trkpt lat="48.801152" lon="2.2512365">
    <ele>173.474</ele>
    <time>2024-06-27T21:13:04.011899</time>
</trkpt>
<trkpt lat="48.8010916" lon="2.2509988">
    <ele>175.122</ele>
    <time>2024-06-27T21:13:04.011899</time>
</trkpt>
<trkpt lat="48.8007219" lon="2.2492444">
    <ele>175.801</ele>
    <time>2024-06-27T21:13:04.011899</time>
</trkpt>
<trkpt lat="48.8007203" lon="2.2485973">
    <ele>170.789</ele>
    <time>2024-06-27T21:13:04.012894</time>
</trkpt>
<trkpt lat="48.8022648" lon="2.2484778">
    <ele>180.256</ele>
    <time>2024-06-27T21:13:04.012894</time>
</trkpt>
<trkpt lat="48.8029885" lon="2.2484243">
    <ele>180.591</ele>
    <time>2024-06-27T21:13:04.012894</time>
</trkpt>
<trkpt lat="48.8030157" lon="2.2476048">
    <ele>174.398</ele>
    <time>2024-06-27T21:13:04.013355</time>
</trkpt>
<trkpt lat="48.8029559" lon="2.2474581">
    <ele>174.54</ele>
    <time>2024-06-27T21:13:04.013355</time>
</trkpt>
<trkpt lat="48.8024258" lon="2.2447078">
    <ele>156.998</ele>
    <time>2024-06-27T21:13:04.013924</time>
</trkpt>
<trkpt lat="48.8018293" lon="2.2420498">
    <ele>130.299</ele>
    <time>2024-06-27T21:13:04.013924</time>
</trkpt>
<trkpt lat="48.8011045" lon="2.2419783">
    <ele>132.086</ele>
    <time>2024-06-27T21:13:04.013924</time>
</trkpt>
<trkpt lat="48.8007632" lon="2.2416626">
    <ele>129.707</ele>
    <time>2024-06-27T21:13:04.013924</time>
</trkpt>
<trkpt lat="48.798008" lon="2.2389086">
    <ele>109.791</ele>
    <time>2024-06-27T21:13:04.013924</time>
</trkpt>
<trkpt lat="48.797731" lon="2.238841">
    <ele>107.885</ele>
    <time>2024-06-27T21:13:04.014927</time>
</trkpt>
<trkpt lat="48.7969814" lon="2.2378943">
    <ele>110.054</ele>
    <time>2024-06-27T21:13:04.014927</time>
</trkpt>
<trkpt lat="48.7955868" lon="2.236172">
    <ele>120.713</ele>
    <time>2024-06-27T21:13:04.014927</time>
</trkpt>
<trkpt lat="48.795567" lon="2.236098">
    <ele>120.724</ele>
    <time>2024-06-27T21:13:04.014927</time>
</trkpt>
<trkpt lat="48.7954145" lon="2.2347024">
    <ele>115.537</ele>
    <time>2024-06-27T21:13:04.014927</time>
</trkpt>
<trkpt lat="48.7973048" lon="2.2324881">
    <ele>113.11</ele>
    <time>2024-06-27T21:13:04.014927</time>
</trkpt>
<trkpt lat="48.7973809" lon="2.2323968">
    <ele>112.527</ele>
    <time>2024-06-27T21:13:04.014927</time>
</trkpt>
<trkpt lat="48.7974339" lon="2.2323902">
    <ele>111.106</ele>
    <time>2024-06-27T21:13:04.014927</time>
</trkpt>
<trkpt lat="48.7974757" lon="2.2323468">
    <ele>111.318</ele>
    <time>2024-06-27T21:13:04.014927</time>
</trkpt>
<trkpt lat="48.7974964" lon="2.2322011">
    <ele>112.08</ele>
    <time>2024-06-27T21:13:04.015888</time>
</trkpt>
<trkpt lat="48.7974512" lon="2.2321134">
    <ele>113.675</ele>
    <time>2024-06-27T21:13:04.015888</time>
</trkpt>
<trkpt lat="48.7973914" lon="2.2319632">
    <ele>116.442</ele>
    <time>2024-06-27T21:13:04.015888</time>
</trkpt>
<trkpt lat="48.7966395" lon="2.2275035">
    <ele>128.323</ele>
    <time>2024-06-27T21:13:04.015888</time>
</trkpt>
<trkpt lat="48.7964708" lon="2.2268045">
    <ele>130.931</ele>
    <time>2024-06-27T21:13:04.015888</time>
</trkpt>
<trkpt lat="48.7964849" lon="2.2264712">
    <ele>131.807</ele>
    <time>2024-06-27T21:13:04.015888</time>
</trkpt>
<trkpt lat="48.7966235" lon="2.2255928">
    <ele>133.736</ele>
    <time>2024-06-27T21:13:04.015888</time>
</trkpt>
<trkpt lat="48.7970506" lon="2.2218722">
    <ele>161.109</ele>
    <time>2024-06-27T21:13:04.015888</time>
</trkpt>
<trkpt lat="48.7978305" lon="2.2192359">
    <ele>161.448</ele>
    <time>2024-06-27T21:13:04.015888</time>
</trkpt>
<trkpt lat="48.7980369" lon="2.2185651">
    <ele>160.546</ele>
    <time>2024-06-27T21:13:04.016885</time>
</trkpt>
<trkpt lat="48.7981691" lon="2.2163626">
    <ele>166.378</ele>
    <time>2024-06-27T21:13:04.016885</time>
</trkpt>
<trkpt lat="48.7978679" lon="2.2152424">
    <ele>168.952</ele>
    <time>2024-06-27T21:13:04.016885</time>
</trkpt>
<trkpt lat="48.7959331" lon="2.2164646">
    <ele>171.595</ele>
    <time>2024-06-27T21:13:04.016885</time>
</trkpt>
<trkpt lat="48.7957384" lon="2.2158978">
    <ele>172.312</ele>
    <time>2024-06-27T21:13:04.016885</time>
</trkpt>
<trkpt lat="48.7965979" lon="2.2134277">
    <ele>173.545</ele>
    <time>2024-06-27T21:13:04.016885</time>
</trkpt>
<trkpt lat="48.7961138" lon="2.2126559">
    <ele>178.794</ele>
    <time>2024-06-27T21:13:04.016885</time>
</trkpt>
<trkpt lat="48.7937741" lon="2.2145742">
    <ele>188.396</ele>
    <time>2024-06-27T21:13:04.016885</time>
</trkpt>
<trkpt lat="48.7912052" lon="2.2115926">
    <ele>179.123</ele>
    <time>2024-06-27T21:13:04.016885</time>
</trkpt>
<trkpt lat="48.7911727" lon="2.210336">
    <ele>183.912</ele>
    <time>2024-06-27T21:13:04.017883</time>
</trkpt>
<trkpt lat="48.7910835" lon="2.2084155">
    <ele>187.59</ele>
    <time>2024-06-27T21:13:04.017883</time>
</trkpt>
<trkpt lat="48.7910115" lon="2.2064597">
    <ele>181.133</ele>
    <time>2024-06-27T21:13:04.017883</time>
</trkpt>
<trkpt lat="48.7913312" lon="2.2045545">
    <ele>148.387</ele>
    <time>2024-06-27T21:13:04.017883</time>
</trkpt>
<trkpt lat="48.7921354" lon="2.2003506">
    <ele>145.908</ele>
    <time>2024-06-27T21:13:04.017883</time>
</trkpt>
<trkpt lat="48.7897414" lon="2.2000621">
    <ele>146.123</ele>
    <time>2024-06-27T21:13:04.017883</time>
</trkpt>
<trkpt lat="48.7909986" lon="2.1946986">
    <ele>138.159</ele>
    <time>2024-06-27T21:13:04.017883</time>
</trkpt>
<trkpt lat="48.7886758" lon="2.1933215">
    <ele>172.971</ele>
    <time>2024-06-27T21:13:04.017883</time>
</trkpt>
<trkpt lat="48.7883263" lon="2.1912878">
    <ele>192.952</ele>
    <time>2024-06-27T21:13:04.017883</time>
</trkpt>
<trkpt lat="48.7896274" lon="2.1876595">
    <ele>186.319</ele>
    <time>2024-06-27T21:13:04.018880</time>
</trkpt>
<trkpt lat="48.7890274" lon="2.186298">
    <ele>184.273</ele>
    <time>2024-06-27T21:13:04.018880</time>
</trkpt>
<trkpt lat="48.7910826" lon="2.1829456">
    <ele>186.256</ele>
    <time>2024-06-27T21:13:04.018880</time>
</trkpt>
<trkpt lat="48.794199" lon="2.181419">
    <ele>153.561</ele>
    <time>2024-06-27T21:13:04.018880</time>
</trkpt>
<trkpt lat="48.795043" lon="2.1821652">
    <ele>129.565</ele>
    <time>2024-06-27T21:13:04.018880</time>
</trkpt>
<trkpt lat="48.7955781" lon="2.1820788">
    <ele>115.055</ele>
    <time>2024-06-27T21:13:04.018880</time>
</trkpt>
<trkpt lat="48.7956222" lon="2.1817198">
    <ele>115.521</ele>
    <time>2024-06-27T21:13:04.018880</time>
</trkpt>
<trkpt lat="48.795605" lon="2.1812909">
    <ele>117.383</ele>
    <time>2024-06-27T21:13:04.018880</time>
</trkpt>
<trkpt lat="48.7957221" lon="2.1811351">
    <ele>116.8</ele>
    <time>2024-06-27T21:13:04.018880</time>
</trkpt>
<trkpt lat="48.7958138" lon="2.1810131">
    <ele>116.819</ele>
    <time>2024-06-27T21:13:04.019877</time>
</trkpt>
<trkpt lat="48.7959233" lon="2.1807352">
    <ele>118.46</ele>
    <time>2024-06-27T21:13:04.019877</time>
</trkpt>
<trkpt lat="48.795924" lon="2.1802855">
    <ele>121.025</ele>
    <time>2024-06-27T21:13:04.019877</time>
</trkpt>
<trkpt lat="48.7962817" lon="2.1782331">
    <ele>133.339</ele>
    <time>2024-06-27T21:13:04.019877</time>
</trkpt>
<trkpt lat="48.7962962" lon="2.1781651">
    <ele>133.457</ele>
    <time>2024-06-27T21:13:04.019877</time>
</trkpt>
<trkpt lat="48.7965834" lon="2.1766499">
    <ele>133.543</ele>
    <time>2024-06-27T21:13:04.019877</time>
</trkpt>
<trkpt lat="48.7968447" lon="2.175344">
    <ele>129.894</ele>
    <time>2024-06-27T21:13:04.019877</time>
</trkpt>
<trkpt lat="48.7964255" lon="2.1754424">
    <ele>133.12</ele>
    <time>2024-06-27T21:13:04.019877</time>
</trkpt>
<trkpt lat="48.796774" lon="2.174116">
    <ele>134.354</ele>
    <time>2024-06-27T21:13:04.019877</time>
</trkpt>
<trkpt lat="48.796855" lon="2.173774">
    <ele>134.641</ele>
    <time>2024-06-27T21:13:04.020874</time>
</trkpt>
<trkpt lat="48.796997" lon="2.17228">
    <ele>142.043</ele>
    <time>2024-06-27T21:13:04.020874</time>
</trkpt>
<trkpt lat="48.7969841" lon="2.1694093">
    <ele>155.693</ele>
    <time>2024-06-27T21:13:04.020874</time>
</trkpt>
<trkpt lat="48.7968583" lon="2.1682223">
    <ele>166.708</ele>
    <time>2024-06-27T21:13:04.020874</time>
</trkpt>
<trkpt lat="48.7983773" lon="2.1666138">
    <ele>130.056</ele>
    <time>2024-06-27T21:13:04.020874</time>
</trkpt>
<trkpt lat="48.7983381" lon="2.1661265">
    <ele>130.714</ele>
    <time>2024-06-27T21:13:04.020874</time>
</trkpt>
<trkpt lat="48.7982911" lon="2.1660642">
    <ele>132.062</ele>
    <time>2024-06-27T21:13:04.020874</time>
</trkpt>
<trkpt lat="48.7976153" lon="2.164816">
    <ele>146.559</ele>
    <time>2024-06-27T21:13:04.020874</time>
</trkpt>
<trkpt lat="48.7973384" lon="2.1630122">
    <ele>121.119</ele>
    <time>2024-06-27T21:13:04.020874</time>
</trkpt>
<trkpt lat="48.7974043" lon="2.1629669">
    <ele>120.544</ele>
    <time>2024-06-27T21:13:04.021872</time>
</trkpt>
<trkpt lat="48.7973773" lon="2.1628901">
    <ele>119.289</ele>
    <time>2024-06-27T21:13:04.021872</time>
</trkpt>
<trkpt lat="48.7979566" lon="2.1624798">
    <ele>113.405</ele>
    <time>2024-06-27T21:13:04.021872</time>
</trkpt>
<trkpt lat="48.7968617" lon="2.1606332">
    <ele>115.353</ele>
    <time>2024-06-27T21:13:04.021872</time>
</trkpt>
<trkpt lat="48.7958625" lon="2.1589357">
    <ele>115.523</ele>
    <time>2024-06-27T21:13:04.021872</time>
</trkpt>
<trkpt lat="48.7948125" lon="2.1571431">
    <ele>115.794</ele>
    <time>2024-06-27T21:13:04.021872</time>
</trkpt>
<trkpt lat="48.7945193" lon="2.1566342">
    <ele>116.148</ele>
    <time>2024-06-27T21:13:04.021872</time>
</trkpt>
<trkpt lat="48.7940331" lon="2.1558006">
    <ele>118.396</ele>
    <time>2024-06-27T21:13:04.021872</time>
</trkpt>
<trkpt lat="48.7935507" lon="2.1549813">
    <ele>119.519</ele>
    <time>2024-06-27T21:13:04.021872</time>
</trkpt>
<trkpt lat="48.7930788" lon="2.1541692">
    <ele>121.465</ele>
    <time>2024-06-27T21:13:04.022869</time>
</trkpt>
<trkpt lat="48.7935789" lon="2.1535134">
    <ele>121.765</ele>
    <time>2024-06-27T21:13:04.022869</time>
</trkpt>
<trkpt lat="48.7931136" lon="2.1527206">
    <ele>122.781</ele>
    <time>2024-06-27T21:13:04.022869</time>
</trkpt>
<trkpt lat="48.7938049" lon="2.1517775">
    <ele>123.396</ele>
    <time>2024-06-27T21:13:04.022869</time>
</trkpt>
<trkpt lat="48.7945029" lon="2.1508208">
    <ele>121.223</ele>
    <time>2024-06-27T21:13:04.022869</time>
</trkpt>
<trkpt lat="48.794106" lon="2.1501542">
    <ele>123.767</ele>
    <time>2024-06-27T21:13:04.022869</time>
</trkpt>
<trkpt lat="48.7936672" lon="2.149424">
    <ele>124.137</ele>
    <time>2024-06-27T21:13:04.022869</time>
</trkpt>
<trkpt lat="48.7931947" lon="2.148617">
    <ele>126.58</ele>
    <time>2024-06-27T21:13:04.022869</time>
</trkpt>
<trkpt lat="48.7927094" lon="2.1478031">
    <ele>129.367</ele>
    <time>2024-06-27T21:13:04.022869</time>
</trkpt>
<trkpt lat="48.7941349" lon="2.1453033">
    <ele>124.585</ele>
    <time>2024-06-27T21:13:04.023867</time>
</trkpt>
<trkpt lat="48.7947048" lon="2.1442929">
    <ele>125.426</ele>
    <time>2024-06-27T21:13:04.023867</time>
</trkpt>
<trkpt lat="48.7935663" lon="2.1428474">
    <ele>129.814</ele>
    <time>2024-06-27T21:13:04.023867</time>
</trkpt>
<trkpt lat="48.7935899" lon="2.1427499">
    <ele>130.795</ele>
    <time>2024-06-27T21:13:04.023867</time>
</trkpt>
<trkpt lat="48.7940243" lon="2.1420028">
    <ele>129.141</ele>
    <time>2024-06-27T21:13:04.023867</time>
</trkpt>
<trkpt lat="48.7946301" lon="2.1409538">
    <ele>127.823</ele>
    <time>2024-06-27T21:13:04.023867</time>
</trkpt>
<trkpt lat="48.7952637" lon="2.1397608">
    <ele>128.134</ele>
    <time>2024-06-27T21:13:04.023867</time>
</trkpt>
<trkpt lat="48.7954565" lon="2.1393686">
    <ele>128.098</ele>
    <time>2024-06-27T21:13:04.023867</time>
</trkpt>
<trkpt lat="48.7956546" lon="2.1389796">
    <ele>129.533</ele>
    <time>2024-06-27T21:13:04.023867</time>
</trkpt>
<trkpt lat="48.7963456" lon="2.1374158">
    <ele>130.867</ele>
    <time>2024-06-27T21:13:04.024864</time>
</trkpt>
<trkpt lat="48.7961531" lon="2.1372158">
    <ele>131.531</ele>
    <time>2024-06-27T21:13:04.024864</time>
</trkpt>
<trkpt lat="48.7960863" lon="2.1366723">
    <ele>132.46</ele>
    <time>2024-06-27T21:13:04.024864</time>
</trkpt>
<trkpt lat="48.7960854" lon="2.1363795">
    <ele>132.826</ele>
    <time>2024-06-27T21:13:04.024864</time>
</trkpt>
<trkpt lat="48.7960862" lon="2.136214">
    <ele>133.221</ele>
    <time>2024-06-27T21:13:04.024864</time>
</trkpt>
<trkpt lat="48.7959046" lon="2.1360535">
    <ele>135.001</ele>
    <time>2024-06-27T21:13:04.024864</time>
</trkpt>
<trkpt lat="48.7956898" lon="2.1345062">
    <ele>134.783</ele>
    <time>2024-06-27T21:13:04.024864</time>
</trkpt>
<trkpt lat="48.7956361" lon="2.1341868">
    <ele>135.201</ele>
    <time>2024-06-27T21:13:04.024864</time>
</trkpt>
<trkpt lat="48.7956913" lon="2.13406">
    <ele>135.411</ele>
    <time>2024-06-27T21:13:04.024864</time>
</trkpt>
<trkpt lat="48.7952633" lon="2.1328477">
    <ele>135.561</ele>
    <time>2024-06-27T21:13:04.024864</time>
</trkpt>
<trkpt lat="48.7954621" lon="2.1325888">
    <ele>137.141</ele>
    <time>2024-06-27T21:13:04.025861</time>
</trkpt>
<trkpt lat="48.7966016" lon="2.1311884">
    <ele>136.404</ele>
    <time>2024-06-27T21:13:04.025861</time>
</trkpt>
<trkpt lat="48.7957012" lon="2.1306095">
    <ele>138.085</ele>
    <time>2024-06-27T21:13:04.025861</time>
</trkpt>
<trkpt lat="48.7964607" lon="2.1280235">
    <ele>130.247</ele>
    <time>2024-06-27T21:13:04.025861</time>
</trkpt>
<trkpt lat="48.7958472" lon="2.1276158">
    <ele>131.654</ele>
    <time>2024-06-27T21:13:04.025861</time>
</trkpt>
<trkpt lat="48.7953099" lon="2.1272579">
    <ele>132.031</ele>
    <time>2024-06-27T21:13:04.025861</time>
</trkpt>
<trkpt lat="48.7946877" lon="2.1268451">
    <ele>132.904</ele>
    <time>2024-06-27T21:13:04.025861</time>
</trkpt>
<trkpt lat="48.7952053" lon="2.1250971">
    <ele>128.463</ele>
    <time>2024-06-27T21:13:04.025861</time>
</trkpt>
<trkpt lat="48.7945953" lon="2.1246814">
    <ele>129.541</ele>
    <time>2024-06-27T21:13:04.025861</time>
</trkpt>
<trkpt lat="48.7939822" lon="2.1242688">
    <ele>130.437</ele>
    <time>2024-06-27T21:13:04.026859</time>
</trkpt>
<trkpt lat="48.7942305" lon="2.1234555">
    <ele>132.009</ele>
    <time>2024-06-27T21:13:04.026859</time>
</trkpt>
<trkpt lat="48.7944997" lon="2.1225492">
    <ele>131.206</ele>
    <time>2024-06-27T21:13:04.026859</time>
</trkpt>
<trkpt lat="48.7948784" lon="2.1212462">
    <ele>131.798</ele>
    <time>2024-06-27T21:13:04.026859</time>
</trkpt>
<trkpt lat="48.79476" lon="2.1211652">
    <ele>133.127</ele>
    <time>2024-06-27T21:13:04.026859</time>
</trkpt>
<trkpt lat="48.794264" lon="2.1208324">
    <ele>135.328</ele>
    <time>2024-06-27T21:13:04.026859</time>
</trkpt>
<trkpt lat="48.7936848" lon="2.1204401">
    <ele>140.932</ele>
    <time>2024-06-27T21:13:04.026859</time>
</trkpt>
<trkpt lat="48.7935711" lon="2.1203192">
    <ele>141.731</ele>
    <time>2024-06-27T21:13:04.026859</time>
</trkpt>
<trkpt lat="48.7936059" lon="2.1202628">
    <ele>141.442</ele>
    <time>2024-06-27T21:13:04.027858</time>
</trkpt>
<trkpt lat="48.795533" lon="2.1166867">
    <ele>124.458</ele>
    <time>2024-06-27T21:13:04.027858</time>
</trkpt>
<trkpt lat="48.8006561" lon="2.1197543">
    <ele>124.747</ele>
    <time>2024-06-27T21:13:04.027858</time>
</trkpt>
<trkpt lat="48.8007996" lon="2.1197872">
    <ele>124.47</ele>
    <time>2024-06-27T21:13:04.027858</time>
</trkpt>
<trkpt lat="48.8008565" lon="2.1198002">
    <ele>124.34</ele>
    <time>2024-06-27T21:13:04.027858</time>
</trkpt>
<trkpt lat="48.8009491" lon="2.1194335">
    <ele>123.852</ele>
    <time>2024-06-27T21:13:04.027858</time>
</trkpt>
<trkpt lat="48.8010289" lon="2.1194826">
    <ele>124.255</ele>
    <time>2024-06-27T21:13:04.027858</time>
</trkpt>
<trkpt lat="48.8034695" lon="2.105685">
    <ele>121.499</ele>
    <time>2024-06-27T21:13:04.027858</time>
</trkpt>
<trkpt lat="48.8035824" lon="2.1057478">
    <ele>121.576</ele>
    <time>2024-06-27T21:13:04.027858</time>
</trkpt>
<trkpt lat="48.8072118" lon="2.1081194">
    <ele>111.807</ele>
    <time>2024-06-27T21:13:04.028856</time>
</trkpt>
<trkpt lat="48.8088508" lon="2.1082376">
    <ele>111.056</ele>
    <time>2024-06-27T21:13:04.028856</time>
</trkpt>
<trkpt lat="48.8110436" lon="2.1074699">
    <ele>111.597</ele>
    <time>2024-06-27T21:13:04.028856</time>
</trkpt>
<trkpt lat="48.8113121" lon="2.1103367">
    <ele>113.639</ele>
    <time>2024-06-27T21:13:04.029231</time>
</trkpt>
<trkpt lat="48.8120516" lon="2.1107938">
    <ele>114.084</ele>
    <time>2024-06-27T21:13:04.029231</time>
</trkpt>
<trkpt lat="48.812181" lon="2.1112913">
    <ele>111.55</ele>
    <time>2024-06-27T21:13:04.029231</time>
</trkpt>
<trkpt lat="48.8102505" lon="2.1165066">
    <ele>117.082</ele>
    <time>2024-06-27T21:13:04.029231</time>
</trkpt>
<trkpt lat="48.8099965" lon="2.1197421">
    <ele>118.59</ele>
    <time>2024-06-27T21:13:04.029231</time>
</trkpt>
<trkpt lat="48.8100975" lon="2.1196811">
    <ele>118.804</ele>
    <time>2024-06-27T21:13:04.029850</time>
</trkpt>
<trkpt lat="48.81888" lon="2.1148368">
    <ele>121.698</ele>
    <time>2024-06-27T21:13:04.029850</time>
</trkpt>
<trkpt lat="48.8194825" lon="2.1151839">
    <ele>121.72</ele>
    <time>2024-06-27T21:13:04.029850</time>
</trkpt>
<trkpt lat="48.8199368" lon="2.1154614">
    <ele>121.171</ele>
    <time>2024-06-27T21:13:04.029850</time>
</trkpt>
<trkpt lat="48.8199914" lon="2.1153893">
    <ele>121.477</ele>
    <time>2024-06-27T21:13:04.029850</time>
</trkpt>
<trkpt lat="48.8211299" lon="2.1149718">
    <ele>123.64</ele>
    <time>2024-06-27T21:13:04.029850</time>
</trkpt>
<trkpt lat="48.8216184" lon="2.1158719">
    <ele>124.987</ele>
    <time>2024-06-27T21:13:04.029850</time>
</trkpt>
<trkpt lat="48.8213625" lon="2.115259">
    <ele>124.479</ele>
    <time>2024-06-27T21:13:04.029850</time>
</trkpt>
<trkpt lat="48.8216458" lon="2.1151578">
    <ele>125.795</ele>
    <time>2024-06-27T21:13:04.030845</time>
</trkpt>
<trkpt lat="48.821741" lon="2.1150607">
    <ele>126.033</ele>
    <time>2024-06-27T21:13:04.030845</time>
</trkpt>
<trkpt lat="48.8219217" lon="2.1150182">
    <ele>126.801</ele>
    <time>2024-06-27T21:13:04.030845</time>
</trkpt>
<trkpt lat="48.8224327" lon="2.1148954">
    <ele>128.462</ele>
    <time>2024-06-27T21:13:04.030845</time>
</trkpt>
<trkpt lat="48.8250067" lon="2.1143137">
    <ele>134.182</ele>
    <time>2024-06-27T21:13:04.030845</time>
</trkpt>
<trkpt lat="48.8271624" lon="2.1138218">
    <ele>139.95</ele>
    <time>2024-06-27T21:13:04.030845</time>
</trkpt>
<trkpt lat="48.8288144" lon="2.1134439">
    <ele>140.224</ele>
    <time>2024-06-27T21:13:04.030845</time>
</trkpt>
<trkpt lat="48.8300285" lon="2.1137987">
    <ele>136.604</ele>
    <time>2024-06-27T21:13:04.030845</time>
</trkpt>
<trkpt lat="48.8303751" lon="2.1127931">
    <ele>134.055</ele>
    <time>2024-06-27T21:13:04.030845</time>
</trkpt>
<trkpt lat="48.8304115" lon="2.1126404">
    <ele>134.164</ele>
    <time>2024-06-27T21:13:04.031842</time>
</trkpt>
<trkpt lat="48.8304207" lon="2.1124371">
    <ele>134.49</ele>
    <time>2024-06-27T21:13:04.031842</time>
</trkpt>
<trkpt lat="48.8303694" lon="2.1123801">
    <ele>135.058</ele>
    <time>2024-06-27T21:13:04.032038</time>
</trkpt>
<trkpt lat="48.83032" lon="2.1119245">
    <ele>136.03</ele>
    <time>2024-06-27T21:13:04.032038</time>
</trkpt>
<trkpt lat="48.8302832" lon="2.110662">
    <ele>133.119</ele>
    <time>2024-06-27T21:13:04.032038</time>
</trkpt>
<trkpt lat="48.8284676" lon="2.1105953">
    <ele>140.629</ele>
    <time>2024-06-27T21:13:04.032038</time>
</trkpt>
<trkpt lat="48.8239809" lon="2.1039254">
    <ele>127.793</ele>
    <time>2024-06-27T21:13:04.032038</time>
</trkpt>
<trkpt lat="48.8273883" lon="2.1012131">
    <ele>125.444</ele>
    <time>2024-06-27T21:13:04.032038</time>
</trkpt>
<trkpt lat="48.8282839" lon="2.0978294">
    <ele>119.045</ele>
    <time>2024-06-27T21:13:04.032038</time>
</trkpt>
<trkpt lat="48.829919" lon="2.098538">
    <ele>118.197</ele>
    <time>2024-06-27T21:13:04.032038</time>
</trkpt>
<trkpt lat="48.8307166" lon="2.0988319">
    <ele>119.357</ele>
    <time>2024-06-27T21:13:04.032843</time>
</trkpt>
<trkpt lat="48.8316016" lon="2.0946764">
    <ele>121.116</ele>
    <time>2024-06-27T21:13:04.032843</time>
</trkpt>
<trkpt lat="48.8333975" lon="2.0986935">
    <ele>127.06</ele>
    <time>2024-06-27T21:13:04.032843</time>
</trkpt>
<trkpt lat="48.8349185" lon="2.0979821">
    <ele>133.181</ele>
    <time>2024-06-27T21:13:04.032843</time>
</trkpt>
<trkpt lat="48.8351232" lon="2.0989129">
    <ele>134.026</ele>
    <time>2024-06-27T21:13:04.032843</time>
</trkpt>
<trkpt lat="48.8352583" lon="2.0988919">
    <ele>134.118</ele>
    <time>2024-06-27T21:13:04.032843</time>
</trkpt>
<trkpt lat="48.8359284" lon="2.0986507">
    <ele>136.513</ele>
    <time>2024-06-27T21:13:04.032843</time>
</trkpt>
<trkpt lat="48.8359599" lon="2.0986434">
    <ele>136.586</ele>
    <time>2024-06-27T21:13:04.032843</time>
</trkpt>
<trkpt lat="48.8360091" lon="2.0987579">
    <ele>136.822</ele>
    <time>2024-06-27T21:13:04.032843</time>
</trkpt>
<trkpt lat="48.8362971" lon="2.1011822">
    <ele>136.43</ele>
    <time>2024-06-27T21:13:04.033840</time>
</trkpt>
<trkpt lat="48.8364626" lon="2.1040513">
    <ele>138.756</ele>
    <time>2024-06-27T21:13:04.033840</time>
</trkpt>
<trkpt lat="48.8358035" lon="2.1089043">
    <ele>140.843</ele>
    <time>2024-06-27T21:13:04.033840</time>
</trkpt>
<trkpt lat="48.8354725" lon="2.111409">
    <ele>139.558</ele>
    <time>2024-06-27T21:13:04.033840</time>
</trkpt>
<trkpt lat="48.8354953" lon="2.1127141">
    <ele>141.242</ele>
    <time>2024-06-27T21:13:04.033840</time>
</trkpt>
<trkpt lat="48.8357036" lon="2.1144728">
    <ele>147.721</ele>
    <time>2024-06-27T21:13:04.033840</time>
</trkpt>
<trkpt lat="48.8360555" lon="2.1165651">
    <ele>154.607</ele>
    <time>2024-06-27T21:13:04.033840</time>
</trkpt>
<trkpt lat="48.8362013" lon="2.1186356">
    <ele>158.626</ele>
    <time>2024-06-27T21:13:04.033840</time>
</trkpt>
<trkpt lat="48.8361452" lon="2.1197023">
    <ele>161.697</ele>
    <time>2024-06-27T21:13:04.034838</time>
</trkpt>
<trkpt lat="48.8360919" lon="2.1203352">
    <ele>163.466</ele>
    <time>2024-06-27T21:13:04.034838</time>
</trkpt>
<trkpt lat="48.8360573" lon="2.1205896">
    <ele>164.739</ele>
    <time>2024-06-27T21:13:04.034838</time>
</trkpt>
<trkpt lat="48.8358436" lon="2.1219901">
    <ele>169.918</ele>
    <time>2024-06-27T21:13:04.035177</time>
</trkpt>
<trkpt lat="48.8357565" lon="2.1225377">
    <ele>172.137</ele>
    <time>2024-06-27T21:13:04.035177</time>
</trkpt>
<trkpt lat="48.8356317" lon="2.123266">
    <ele>172.095</ele>
    <time>2024-06-27T21:13:04.035177</time>
</trkpt>
<trkpt lat="48.8351045" lon="2.126827">
    <ele>175.455</ele>
    <time>2024-06-27T21:13:04.035177</time>
</trkpt>
<trkpt lat="48.83511" lon="2.1280592">
    <ele>175.72</ele>
    <time>2024-06-27T21:13:04.035177</time>
</trkpt>
<trkpt lat="48.8351154" lon="2.1283103">
    <ele>175.869</ele>
    <time>2024-06-27T21:13:04.035177</time>
</trkpt>
<trkpt lat="48.8352686" lon="2.1308513">
    <ele>178.088</ele>
    <time>2024-06-27T21:13:04.035835</time>
</trkpt>
<trkpt lat="48.835295" lon="2.1311197">
    <ele>177.926</ele>
    <time>2024-06-27T21:13:04.035835</time>
</trkpt>
<trkpt lat="48.8354423" lon="2.1338433">
    <ele>179.83</ele>
    <time>2024-06-27T21:13:04.035835</time>
</trkpt>
<trkpt lat="48.8354534" lon="2.1363179">
    <ele>188.272</ele>
    <time>2024-06-27T21:13:04.035835</time>
</trkpt>
<trkpt lat="48.8345671" lon="2.1396415">
    <ele>195.315</ele>
    <time>2024-06-27T21:13:04.035835</time>
</trkpt>
<trkpt lat="48.8328859" lon="2.1396091">
    <ele>188.507</ele>
    <time>2024-06-27T21:13:04.035835</time>
</trkpt>
<trkpt lat="48.8328584" lon="2.1428181">
    <ele>181.488</ele>
    <time>2024-06-27T21:13:04.035835</time>
</trkpt>
<trkpt lat="48.8328353" lon="2.145696">
    <ele>176.398</ele>
    <time>2024-06-27T21:13:04.035835</time>
</trkpt>
<trkpt lat="48.8300196" lon="2.1464119">
    <ele>176.619</ele>
    <time>2024-06-27T21:13:04.035835</time>
</trkpt>
<trkpt lat="48.8297188" lon="2.1480091">
    <ele>177.034</ele>
    <time>2024-06-27T21:13:04.036832</time>
</trkpt>
<trkpt lat="48.8285811" lon="2.1484258">
    <ele>179.915</ele>
    <time>2024-06-27T21:13:04.036832</time>
</trkpt>
<trkpt lat="48.8259641" lon="2.149381">
    <ele>184.228</ele>
    <time>2024-06-27T21:13:04.036832</time>
</trkpt>
<trkpt lat="48.8251521" lon="2.1497748">
    <ele>182.858</ele>
    <time>2024-06-27T21:13:04.036832</time>
</trkpt>
<trkpt lat="48.8243934" lon="2.150124">
    <ele>181.938</ele>
    <time>2024-06-27T21:13:04.036832</time>
</trkpt>
<trkpt lat="48.8239897" lon="2.1510068">
    <ele>178.86</ele>
    <time>2024-06-27T21:13:04.036832</time>
</trkpt>
<trkpt lat="48.8193477" lon="2.1504387">
    <ele>177.396</ele>
    <time>2024-06-27T21:13:04.036832</time>
</trkpt>
<trkpt lat="48.8191822" lon="2.1503747">
    <ele>177.621</ele>
    <time>2024-06-27T21:13:04.036832</time>
</trkpt>
<trkpt lat="48.8188917" lon="2.1502894">
    <ele>178.191</ele>
    <time>2024-06-27T21:13:04.036832</time>
</trkpt>
<trkpt lat="48.8188688" lon="2.1504925">
    <ele>178.165</ele>
    <time>2024-06-27T21:13:04.037829</time>
</trkpt>
<trkpt lat="48.8189032" lon="2.1506775">
    <ele>178.778</ele>
    <time>2024-06-27T21:13:04.037917</time>
</trkpt>
<trkpt lat="48.8180123" lon="2.1507592">
    <ele>180.984</ele>
    <time>2024-06-27T21:13:04.037917</time>
</trkpt>
<trkpt lat="48.8167659" lon="2.1520146">
    <ele>184.905</ele>
    <time>2024-06-27T21:13:04.037917</time>
</trkpt>
<trkpt lat="48.8150656" lon="2.1529321">
    <ele>190.195</ele>
    <time>2024-06-27T21:13:04.037917</time>
</trkpt>
<trkpt lat="48.8141112" lon="2.155196">
    <ele>187.445</ele>
    <time>2024-06-27T21:13:04.037917</time>
</trkpt>
<trkpt lat="48.8146174" lon="2.1571966">
    <ele>170.344</ele>
    <time>2024-06-27T21:13:04.037917</time>
</trkpt>
<trkpt lat="48.8145559" lon="2.1572021">
    <ele>171.09</ele>
    <time>2024-06-27T21:13:04.037917</time>
</trkpt>
<trkpt lat="48.8145089" lon="2.1572456">
    <ele>171.283</ele>
    <time>2024-06-27T21:13:04.037917</time>
</trkpt>
<trkpt lat="48.8144995" lon="2.1574895">
    <ele>170.318</ele>
    <time>2024-06-27T21:13:04.038827</time>
</trkpt>
<trkpt lat="48.8125339" lon="2.1612723">
    <ele>176.473</ele>
    <time>2024-06-27T21:13:04.038827</time>
</trkpt>
<trkpt lat="48.8127534" lon="2.1614004">
    <ele>178.325</ele>
    <time>2024-06-27T21:13:04.038827</time>
</trkpt>
<trkpt lat="48.8153267" lon="2.1631943">
    <ele>154.547</ele>
    <time>2024-06-27T21:13:04.038827</time>
</trkpt>
<trkpt lat="48.8144527" lon="2.1641995">
    <ele>163.171</ele>
    <time>2024-06-27T21:13:04.038827</time>
</trkpt>
<trkpt lat="48.8139555" lon="2.1664234">
    <ele>168.029</ele>
    <time>2024-06-27T21:13:04.038827</time>
</trkpt>
<trkpt lat="48.8164121" lon="2.1663026">
    <ele>139.495</ele>
    <time>2024-06-27T21:13:04.038827</time>
</trkpt>
<trkpt lat="48.8159419" lon="2.1694007">
    <ele>139.865</ele>
    <time>2024-06-27T21:13:04.038827</time>
</trkpt>
<trkpt lat="48.8155026" lon="2.1718738">
    <ele>145.257</ele>
    <time>2024-06-27T21:13:04.038827</time>
</trkpt>
<trkpt lat="48.815184" lon="2.173667">
    <ele>168.89</ele>
    <time>2024-06-27T21:13:04.039824</time>
</trkpt>
<trkpt lat="48.815107" lon="2.1748013">
    <ele>173.204</ele>
    <time>2024-06-27T21:13:04.039824</time>
</trkpt>
<trkpt lat="48.8140711" lon="2.176528">
    <ele>174.767</ele>
    <time>2024-06-27T21:13:04.039824</time>
</trkpt>
<trkpt lat="48.8149695" lon="2.1770477">
    <ele>171.317</ele>
    <time>2024-06-27T21:13:04.039824</time>
</trkpt>
<trkpt lat="48.8148897" lon="2.1785857">
    <ele>172.856</ele>
    <time>2024-06-27T21:13:04.039824</time>
</trkpt>
<trkpt lat="48.8131183" lon="2.1811328">
    <ele>145.126</ele>
    <time>2024-06-27T21:13:04.039824</time>
</trkpt>
<trkpt lat="48.8119847" lon="2.1827982">
    <ele>111.146</ele>
    <time>2024-06-27T21:13:04.039824</time>
</trkpt>
<trkpt lat="48.8116015" lon="2.1833871">
    <ele>108.535</ele>
    <time>2024-06-27T21:13:04.039824</time>
</trkpt>
<trkpt lat="48.8106479" lon="2.1848011">
    <ele>101.564</ele>
    <time>2024-06-27T21:13:04.039824</time>
</trkpt>
<trkpt lat="48.8100116" lon="2.1857445">
    <ele>98.854</ele>
    <time>2024-06-27T21:13:04.040821</time>
</trkpt>
<trkpt lat="48.8087555" lon="2.1875384">
    <ele>88.021</ele>
    <time>2024-06-27T21:13:04.040821</time>
</trkpt>
<trkpt lat="48.8086334" lon="2.1875868">
    <ele>87.92</ele>
    <time>2024-06-27T21:13:04.040821</time>
</trkpt>
<trkpt lat="48.8082275" lon="2.1876864">
    <ele>89.273</ele>
    <time>2024-06-27T21:13:04.040821</time>
</trkpt>
<trkpt lat="48.8073206" lon="2.1878009">
    <ele>93.299</ele>
    <time>2024-06-27T21:13:04.040821</time>
</trkpt>
<trkpt lat="48.8072266" lon="2.1878091">
    <ele>94.225</ele>
    <time>2024-06-27T21:13:04.040821</time>
</trkpt>
<trkpt lat="48.806757" lon="2.1878826">
    <ele>98.113</ele>
    <time>2024-06-27T21:13:04.040821</time>
</trkpt>
<trkpt lat="48.8060258" lon="2.187981">
    <ele>100.115</ele>
    <time>2024-06-27T21:13:04.040821</time>
</trkpt>
<trkpt lat="48.8051831" lon="2.1881027">
    <ele>99.861</ele>
    <time>2024-06-27T21:13:04.040821</time>
</trkpt>
<trkpt lat="48.8048309" lon="2.1881711">
    <ele>100.105</ele>
    <time>2024-06-27T21:13:04.041819</time>
</trkpt>
<trkpt lat="48.8040954" lon="2.1882476">
    <ele>103.055</ele>
    <time>2024-06-27T21:13:04.041819</time>
</trkpt>
<trkpt lat="48.8042308" lon="2.1885674">
    <ele>105.833</ele>
    <time>2024-06-27T21:13:04.041819</time>
</trkpt>
<trkpt lat="48.8046889" lon="2.1893954">
    <ele>112.491</ele>
    <time>2024-06-27T21:13:04.041819</time>
</trkpt>
<trkpt lat="48.8046844" lon="2.1902285">
    <ele>118.43</ele>
    <time>2024-06-27T21:13:04.041819</time>
</trkpt>
<trkpt lat="48.8046832" lon="2.1903257">
    <ele>119.166</ele>
    <time>2024-06-27T21:13:04.041819</time>
</trkpt>
<trkpt lat="48.8035478" lon="2.1903949">
    <ele>124.646</ele>
    <time>2024-06-27T21:13:04.041819</time>
</trkpt>
<trkpt lat="48.8030489" lon="2.1912203">
    <ele>136.588</ele>
    <time>2024-06-27T21:13:04.041819</time>
</trkpt>
<trkpt lat="48.8031921" lon="2.1918459">
    <ele>137.66</ele>
    <time>2024-06-27T21:13:04.041819</time>
</trkpt>
<trkpt lat="48.8038788" lon="2.1937941">
    <ele>140.649</ele>
    <time>2024-06-27T21:13:04.042816</time>
</trkpt>
<trkpt lat="48.8040275" lon="2.1941683">
    <ele>142.371</ele>
    <time>2024-06-27T21:13:04.042816</time>
</trkpt>
<trkpt lat="48.8043605" lon="2.1949445">
    <ele>144.458</ele>
    <time>2024-06-27T21:13:04.042816</time>
</trkpt>
<trkpt lat="48.8044207" lon="2.1950186">
    <ele>144.565</ele>
    <time>2024-06-27T21:13:04.042816</time>
</trkpt>
<trkpt lat="48.8049737" lon="2.1965827">
    <ele>141.779</ele>
    <time>2024-06-27T21:13:04.042816</time>
</trkpt>
<trkpt lat="48.8042649" lon="2.1984256">
    <ele>148.538</ele>
    <time>2024-06-27T21:13:04.042816</time>
</trkpt>
<trkpt lat="48.8042264" lon="2.1984571">
    <ele>149.171</ele>
    <time>2024-06-27T21:13:04.042816</time>
</trkpt>
<trkpt lat="48.8036788" lon="2.2010204">
    <ele>159.958</ele>
    <time>2024-06-27T21:13:04.042816</time>
</trkpt>
<trkpt lat="48.8034042" lon="2.2006633">
    <ele>164.706</ele>
    <time>2024-06-27T21:13:04.042816</time>
</trkpt>
<trkpt lat="48.8032513" lon="2.2013072">
    <ele>175.114</ele>
    <time>2024-06-27T21:13:04.042816</time>
</trkpt>
<trkpt lat="48.802532" lon="2.2038211">
    <ele>176.409</ele>
    <time>2024-06-27T21:13:04.043813</time>
</trkpt>
<trkpt lat="48.8020835" lon="2.2039531">
    <ele>179.751</ele>
    <time>2024-06-27T21:13:04.043813</time>
</trkpt>
<trkpt lat="48.8019505" lon="2.2044704">
    <ele>175.402</ele>
    <time>2024-06-27T21:13:04.043813</time>
</trkpt>
<trkpt lat="48.8019508" lon="2.2047173">
    <ele>178.055</ele>
    <time>2024-06-27T21:13:04.043813</time>
</trkpt>
<trkpt lat="48.7999369" lon="2.2060365">
    <ele>185.315</ele>
    <time>2024-06-27T21:13:04.043813</time>
</trkpt>
<trkpt lat="48.7971926" lon="2.2077683">
    <ele>188.52</ele>
    <time>2024-06-27T21:13:04.044419</time>
</trkpt>
<trkpt lat="48.797586" lon="2.208833">
    <ele>191.508</ele>
    <time>2024-06-27T21:13:04.044419</time>
</trkpt>
<trkpt lat="48.7983248" lon="2.2108308">
    <ele>178.974</ele>
    <time>2024-06-27T21:13:04.044419</time>
</trkpt>
<trkpt lat="48.7989607" lon="2.2127929">
    <ele>183.202</ele>
    <time>2024-06-27T21:13:04.044811</time>
</trkpt>
<trkpt lat="48.7992007" lon="2.213549">
    <ele>174.89</ele>
    <time>2024-06-27T21:13:04.044894</time>
</trkpt>
<trkpt lat="48.7987874" lon="2.2146822">
    <ele>171.308</ele>
    <time>2024-06-27T21:13:04.044894</time>
</trkpt>
<trkpt lat="48.7982135" lon="2.2163789">
    <ele>166.292</ele>
    <time>2024-06-27T21:13:04.044894</time>
</trkpt>
<trkpt lat="48.7980369" lon="2.2185651">
    <ele>160.546</ele>
    <time>2024-06-27T21:13:04.044894</time>
</trkpt>
<trkpt lat="48.7978676" lon="2.2185503">
    <ele>161.821</ele>
    <time>2024-06-27T21:13:04.044894</time>
</trkpt>
<trkpt lat="48.7966673" lon="2.2206215">
    <ele>169.986</ele>
    <time>2024-06-27T21:13:04.044894</time>
</trkpt>
<trkpt lat="48.7965651" lon="2.2219543">
    <ele>171.504</ele>
    <time>2024-06-27T21:13:04.044894</time>
</trkpt>
<trkpt lat="48.7960074" lon="2.2227067">
    <ele>172.979</ele>
    <time>2024-06-27T21:13:04.045805</time>
</trkpt>
<trkpt lat="48.7954491" lon="2.223202">
    <ele>167.895</ele>
    <time>2024-06-27T21:13:04.045805</time>
</trkpt>
<trkpt lat="48.7952623" lon="2.2239382">
    <ele>166.493</ele>
    <time>2024-06-27T21:13:04.045805</time>
</trkpt>
<trkpt lat="48.7944392" lon="2.2265484">
    <ele>144.106</ele>
    <time>2024-06-27T21:13:04.045805</time>
</trkpt>
<trkpt lat="48.7941125" lon="2.2283941">
    <ele>172.789</ele>
    <time>2024-06-27T21:13:04.045805</time>
</trkpt>
<trkpt lat="48.7938059" lon="2.2299385">
    <ele>178.106</ele>
    <time>2024-06-27T21:13:04.045805</time>
</trkpt>
<trkpt lat="48.7932866" lon="2.2323272">
    <ele>138.98</ele>
    <time>2024-06-27T21:13:04.045805</time>
</trkpt>
<trkpt lat="48.789103" lon="2.236221">
    <ele>166.077</ele>
    <time>2024-06-27T21:13:04.045805</time>
</trkpt>
<trkpt lat="48.7889004" lon="2.236629">
    <ele>166.719</ele>
    <time>2024-06-27T21:13:04.045805</time>
</trkpt>
<trkpt lat="48.788892" lon="2.2366423">
    <ele>166.771</ele>
    <time>2024-06-27T21:13:04.046806</time>
</trkpt>
<trkpt lat="48.7887243" lon="2.2369071">
    <ele>167.372</ele>
    <time>2024-06-27T21:13:04.046806</time>
</trkpt>
<trkpt lat="48.7890116" lon="2.2371301">
    <ele>167.482</ele>
    <time>2024-06-27T21:13:04.046806</time>
</trkpt>
<trkpt lat="48.7885946" lon="2.2371662">
    <ele>168.242</ele>
    <time>2024-06-27T21:13:04.046806</time>
</trkpt>
<trkpt lat="48.7899767" lon="2.2421243">
    <ele>172.902</ele>
    <time>2024-06-27T21:13:04.046806</time>
</trkpt>
<trkpt lat="48.790257" lon="2.243266">
    <ele>169.764</ele>
    <time>2024-06-27T21:13:04.046806</time>
</trkpt>
<trkpt lat="48.790386" lon="2.243133">
    <ele>174.088</ele>
    <time>2024-06-27T21:13:04.046806</time>
</trkpt>
<trkpt lat="48.7910311" lon="2.2459022">
    <ele>178.045</ele>
    <time>2024-06-27T21:13:04.046806</time>
</trkpt>
<trkpt lat="48.7911356" lon="2.2462099">
    <ele>178.244</ele>
    <time>2024-06-27T21:13:04.046806</time>
</trkpt>
<trkpt lat="48.7916741" lon="2.246489">
    <ele>182.645</ele>
    <time>2024-06-27T21:13:04.047803</time>
</trkpt>
<trkpt lat="48.7935238" lon="2.2476051">
    <ele>141.379</ele>
    <time>2024-06-27T21:13:04.047868</time>
</trkpt>
<trkpt lat="48.7926279" lon="2.2516387">
    <ele>166.202</ele>
    <time>2024-06-27T21:13:04.047868</time>
</trkpt>
<trkpt lat="48.7926638" lon="2.2518993">
    <ele>166.758</ele>
    <time>2024-06-27T21:13:04.047868</time>
</trkpt>
<trkpt lat="48.7931089" lon="2.2519469">
    <ele>167.477</ele>
    <time>2024-06-27T21:13:04.047868</time>
</trkpt>
<trkpt lat="48.7949185" lon="2.2513109">
    <ele>180.572</ele>
    <time>2024-06-27T21:13:04.047868</time>
</trkpt>
<trkpt lat="48.7957677" lon="2.25167">
    <ele>181.046</ele>
    <time>2024-06-27T21:13:04.047868</time>
</trkpt>
<trkpt lat="48.7976442" lon="2.2526269">
    <ele>172.986</ele>
    <time>2024-06-27T21:13:04.047868</time>
</trkpt>
<trkpt lat="48.7974522" lon="2.2529541">
    <ele>168.415</ele>
    <time>2024-06-27T21:13:04.047868</time>
</trkpt>
<trkpt lat="48.797349" lon="2.2530298">
    <ele>169.639</ele>
    <time>2024-06-27T21:13:04.048800</time>
</trkpt>
<trkpt lat="48.8031537" lon="2.2569709">
    <ele>129.874</ele>
    <time>2024-06-27T21:13:04.048800</time>
</trkpt>
<trkpt lat="48.8031625" lon="2.2570524">
    <ele>129.743</ele>
    <time>2024-06-27T21:13:04.048800</time>
</trkpt>
<trkpt lat="48.8033763" lon="2.2573207">
    <ele>128.24</ele>
    <time>2024-06-27T21:13:04.048800</time>
</trkpt>
<trkpt lat="48.80341" lon="2.2573169">
    <ele>128.252</ele>
    <time>2024-06-27T21:13:04.048800</time>
</trkpt>
<trkpt lat="48.8035745" lon="2.2573743">
    <ele>128.253</ele>
    <time>2024-06-27T21:13:04.048800</time>
</trkpt>
<trkpt lat="48.8042054" lon="2.2580229">
    <ele>126.281</ele>
    <time>2024-06-27T21:13:04.048800</time>
</trkpt>
<trkpt lat="48.8034063" lon="2.2595391">
    <ele>120.279</ele>
    <time>2024-06-27T21:13:04.048800</time>
</trkpt>
<trkpt lat="48.8032841" lon="2.2597715">
    <ele>118.947</ele>
    <time>2024-06-27T21:13:04.048800</time>
</trkpt>
<trkpt lat="48.8020416" lon="2.262025">
    <ele>109.754</ele>
    <time>2024-06-27T21:13:04.049798</time>
</trkpt>
<trkpt lat="48.8027848" lon="2.2628122">
    <ele>108.657</ele>
    <time>2024-06-27T21:13:04.049798</time>
</trkpt>
<trkpt lat="48.8037682" lon="2.2636437">
    <ele>106.574</ele>
    <time>2024-06-27T21:13:04.049798</time>
</trkpt>
<trkpt lat="48.8039674" lon="2.2638433">
    <ele>106.11</ele>
    <time>2024-06-27T21:13:04.049798</time>
</trkpt>
<trkpt lat="48.8045847" lon="2.2645658">
    <ele>104.253</ele>
    <time>2024-06-27T21:13:04.049798</time>
</trkpt>
<trkpt lat="48.8039633" lon="2.2659472">
    <ele>97.168</ele>
    <time>2024-06-27T21:13:04.049798</time>
</trkpt>
<trkpt lat="48.8037135" lon="2.2668496">
    <ele>96.043</ele>
    <time>2024-06-27T21:13:04.049798</time>
</trkpt>
<trkpt lat="48.8053257" lon="2.2685024">
    <ele>91.601</ele>
    <time>2024-06-27T21:13:04.049798</time>
</trkpt>
<trkpt lat="48.8061589" lon="2.2692826">
    <ele>89.207</ele>
    <time>2024-06-27T21:13:04.049798</time>
</trkpt>
<trkpt lat="48.8078309" lon="2.2708893">
    <ele>84.903</ele>
    <time>2024-06-27T21:13:04.050795</time>
</trkpt>
<trkpt lat="48.8079866" lon="2.2703147">
    <ele>85.163</ele>
    <time>2024-06-27T21:13:04.050795</time>
</trkpt>
<trkpt lat="48.8087901" lon="2.270771">
    <ele>82.899</ele>
    <time>2024-06-27T21:13:04.050795</time>
</trkpt>
<trkpt lat="48.8086561" lon="2.2714449">
    <ele>83.119</ele>
    <time>2024-06-27T21:13:04.050795</time>
</trkpt>
<trkpt lat="48.8093553" lon="2.2718792">
    <ele>81.874</ele>
    <time>2024-06-27T21:13:04.050795</time>
</trkpt>
<trkpt lat="48.8091975" lon="2.2723844">
    <ele>83.809</ele>
    <time>2024-06-27T21:13:04.050795</time>
</trkpt>
<trkpt lat="48.8090396" lon="2.2729122">
    <ele>85.686</ele>
    <time>2024-06-27T21:13:04.050795</time>
</trkpt>
<trkpt lat="48.8089318" lon="2.2732581">
    <ele>87.424</ele>
    <time>2024-06-27T21:13:04.050795</time>
</trkpt>
<trkpt lat="48.8085129" lon="2.2746347">
    <ele>92.662</ele>
    <time>2024-06-27T21:13:04.050795</time>
</trkpt>
<trkpt lat="48.807989" lon="2.2761943">
    <ele>94.618</ele>
    <time>2024-06-27T21:13:04.051792</time>
</trkpt>
<trkpt lat="48.8077922" lon="2.2774177">
    <ele>93.424</ele>
    <time>2024-06-27T21:13:04.051792</time>
</trkpt>
<trkpt lat="48.8082484" lon="2.277763">
    <ele>91.203</ele>
    <time>2024-06-27T21:13:04.051792</time>
</trkpt>
<trkpt lat="48.8084411" lon="2.2779782">
    <ele>90.42</ele>
    <time>2024-06-27T21:13:04.051792</time>
</trkpt>
<trkpt lat="48.8085131" lon="2.2780586">
    <ele>90.279</ele>
    <time>2024-06-27T21:13:04.051792</time>
</trkpt>
<trkpt lat="48.8089719" lon="2.2784627">
    <ele>88.837</ele>
    <time>2024-06-27T21:13:04.051792</time>
</trkpt>
<trkpt lat="48.8092321" lon="2.2786428">
    <ele>88.182</ele>
    <time>2024-06-27T21:13:04.051792</time>
</trkpt>
<trkpt lat="48.808382" lon="2.2810846">
    <ele>84.643</ele>
    <time>2024-06-27T21:13:04.051792</time>
</trkpt>
<trkpt lat="48.8082755" lon="2.2810071">
    <ele>84.522</ele>
    <time>2024-06-27T21:13:04.051792</time>
</trkpt>
<trkpt lat="48.8081077" lon="2.2808542">
    <ele>84.374</ele>
    <time>2024-06-27T21:13:04.052790</time>
</trkpt>
<trkpt lat="48.8067377" lon="2.2795569">
    <ele>88.431</ele>
    <time>2024-06-27T21:13:04.052790</time>
</trkpt>
<trkpt lat="48.8065806" lon="2.2800606">
    <ele>89.242</ele>
    <time>2024-06-27T21:13:04.052790</time>
</trkpt>
<trkpt lat="48.8064207" lon="2.2806997">
    <ele>87.782</ele>
    <time>2024-06-27T21:13:04.052790</time>
</trkpt>
<trkpt lat="48.8062525" lon="2.2813608">
    <ele>89.079</ele>
    <time>2024-06-27T21:13:04.052790</time>
</trkpt>
<trkpt lat="48.8058998" lon="2.2821767">
    <ele>90.12</ele>
    <time>2024-06-27T21:13:04.052790</time>
</trkpt>
<trkpt lat="48.8056888" lon="2.2824786">
    <ele>90.288</ele>
    <time>2024-06-27T21:13:04.052790</time>
</trkpt>
<trkpt lat="48.805249" lon="2.2831009">
    <ele>91.809</ele>
    <time>2024-06-27T21:13:04.052790</time>
</trkpt>
<trkpt lat="48.8044036" lon="2.2825302">
    <ele>93.242</ele>
    <time>2024-06-27T21:13:04.052790</time>
</trkpt>
<trkpt lat="48.8037343" lon="2.2839043">
    <ele>97.139</ele>
    <time>2024-06-27T21:13:04.052790</time>
</trkpt>
<trkpt lat="48.8034597" lon="2.2844622">
    <ele>99.317</ele>
    <time>2024-06-27T21:13:04.053787</time>
</trkpt>
<trkpt lat="48.8027167" lon="2.28578">
    <ele>100.853</ele>
    <time>2024-06-27T21:13:04.053787</time>
</trkpt>
<trkpt lat="48.8025184" lon="2.2861654">
    <ele>100.936</ele>
    <time>2024-06-27T21:13:04.053787</time>
</trkpt>
<trkpt lat="48.8024208" lon="2.2863443">
    <ele>101.003</ele>
    <time>2024-06-27T21:13:04.053787</time>
</trkpt>
<trkpt lat="48.801838" lon="2.2873679">
    <ele>101.443</ele>
    <time>2024-06-27T21:13:04.053787</time>
</trkpt>
<trkpt lat="48.8008064" lon="2.2866344">
    <ele>105.921</ele>
    <time>2024-06-27T21:13:04.053787</time>
</trkpt>
<trkpt lat="48.800738" lon="2.2865725">
    <ele>106.101</ele>
    <time>2024-06-27T21:13:04.054583</time>
</trkpt>
<trkpt lat="48.8005654" lon="2.2864387">
    <ele>107.447</ele>
    <time>2024-06-27T21:13:04.054784</time>
</trkpt>
<trkpt lat="48.8004114" lon="2.2863196">
    <ele>108.695</ele>
    <time>2024-06-27T21:13:04.054784</time>
</trkpt>
<trkpt lat="48.8002594" lon="2.2861746">
    <ele>109.112</ele>
    <time>2024-06-27T21:13:04.054784</time>
</trkpt>
<trkpt lat="48.7997691" lon="2.2856793">
    <ele>111.787</ele>
    <time>2024-06-27T21:13:04.054784</time>
</trkpt>
<trkpt lat="48.7991067" lon="2.2867993">
    <ele>116.937</ele>
    <time>2024-06-27T21:13:04.054784</time>
</trkpt>
<trkpt lat="48.7983531" lon="2.287521">
    <ele>120.748</ele>
    <time>2024-06-27T21:13:04.054784</time>
</trkpt>
<trkpt lat="48.797992" lon="2.2870704">
    <ele>122.137</ele>
    <time>2024-06-27T21:13:04.054784</time>
</trkpt>
<trkpt lat="48.7970907" lon="2.2859456">
    <ele>123.483</ele>
    <time>2024-06-27T21:13:04.054784</time>
</trkpt>
<trkpt lat="48.7965686" lon="2.2854038">
    <ele>124.011</ele>
    <time>2024-06-27T21:13:04.054784</time>
</trkpt>
<trkpt lat="48.7962619" lon="2.2852408">
    <ele>124.628</ele>
    <time>2024-06-27T21:13:04.054784</time>
</trkpt>
<trkpt lat="48.7948331" lon="2.2847008">
    <ele>128.363</ele>
    <time>2024-06-27T21:13:04.055782</time>
</trkpt>
<trkpt lat="48.7945684" lon="2.2846143">
    <ele>129.401</ele>
    <time>2024-06-27T21:13:04.055782</time>
</trkpt>
<trkpt lat="48.7940622" lon="2.2844516">
    <ele>128.765</ele>
    <time>2024-06-27T21:13:04.055782</time>
</trkpt>
<trkpt lat="48.7938954" lon="2.2844359">
    <ele>128.982</ele>
    <time>2024-06-27T21:13:04.055782</time>
</trkpt>
<trkpt lat="48.7936949" lon="2.2843455">
    <ele>129.123</ele>
    <time>2024-06-27T21:13:04.055782</time>
</trkpt>
<trkpt lat="48.7936081" lon="2.2842331">
    <ele>129.438</ele>
    <time>2024-06-27T21:13:04.055782</time>
</trkpt>
<trkpt lat="48.7911918" lon="2.2843006">
    <ele>115.303</ele>
    <time>2024-06-27T21:13:04.055782</time>
</trkpt>
<trkpt lat="48.7911757" lon="2.2842818">
    <ele>115.315</ele>
    <time>2024-06-27T21:13:04.055782</time>
</trkpt>
<trkpt lat="48.7916836" lon="2.2809235">
    <ele>136.708</ele>
    <time>2024-06-27T21:13:04.055782</time>
</trkpt>
<trkpt lat="48.7917793" lon="2.2801739">
    <ele>144.014</ele>
    <time>2024-06-27T21:13:04.056779</time>
</trkpt>
<trkpt lat="48.7912871" lon="2.2804799">
    <ele>140.511</ele>
    <time>2024-06-27T21:13:04.056945</time>
</trkpt>
<trkpt lat="48.7906599" lon="2.2810553">
    <ele>138.886</ele>
    <time>2024-06-27T21:13:04.056945</time>
</trkpt>
<trkpt lat="48.7885735" lon="2.2800622">
    <ele>135.619</ele>
    <time>2024-06-27T21:13:04.056945</time>
</trkpt>
<trkpt lat="48.7875648" lon="2.2747951">
    <ele>127.904</ele>
    <time>2024-06-27T21:13:04.056945</time>
</trkpt>
<trkpt lat="48.7857753" lon="2.2747957">
    <ele>103.76</ele>
    <time>2024-06-27T21:13:04.056945</time>
</trkpt>
<trkpt lat="48.785763" lon="2.2726168">
    <ele>107.931</ele>
    <time>2024-06-27T21:13:04.056945</time>
</trkpt>
<trkpt lat="48.7860935" lon="2.27167">
    <ele>110.391</ele>
    <time>2024-06-27T21:13:04.056945</time>
</trkpt>
<trkpt lat="48.7854656" lon="2.2698805">
    <ele>110.887</ele>
    <time>2024-06-27T21:13:04.056945</time>
</trkpt>
<trkpt lat="48.7844077" lon="2.2660016">
    <ele>114.852</ele>
    <time>2024-06-27T21:13:04.057776</time>
</trkpt>
<trkpt lat="48.7838082" lon="2.2654721">
    <ele>117.048</ele>
    <time>2024-06-27T21:13:04.057776</time>
</trkpt>
<trkpt lat="48.7832084" lon="2.2655118">
    <ele>120.643</ele>
    <time>2024-06-27T21:13:04.057776</time>
</trkpt>
<trkpt lat="48.7828564" lon="2.2631622">
    <ele>131.071</ele>
    <time>2024-06-27T21:13:04.057776</time>
</trkpt>
<trkpt lat="48.7827493" lon="2.2614463">
    <ele>141.448</ele>
    <time>2024-06-27T21:13:04.057776</time>
</trkpt>
<trkpt lat="48.7826216" lon="2.2610399">
    <ele>143.864</ele>
    <time>2024-06-27T21:13:04.057776</time>
</trkpt>
<trkpt lat="48.7826557" lon="2.2609298">
    <ele>144.125</ele>
    <time>2024-06-27T21:13:04.057776</time>
</trkpt>
<trkpt lat="48.7825355" lon="2.260829">
    <ele>144.922</ele>
    <time>2024-06-27T21:13:04.057776</time>
</trkpt>
<trkpt lat="48.7823778" lon="2.2598843">
    <ele>149.273</ele>
    <time>2024-06-27T21:13:04.057776</time>
</trkpt>
<trkpt lat="48.7823725" lon="2.2595121">
    <ele>150.337</ele>
    <time>2024-06-27T21:13:04.058774</time>
</trkpt>
<trkpt lat="48.7823711" lon="2.2594672">
    <ele>150.453</ele>
    <time>2024-06-27T21:13:04.058774</time>
</trkpt>
<trkpt lat="48.7823587" lon="2.2591552">
    <ele>151.158</ele>
    <time>2024-06-27T21:13:04.058774</time>
</trkpt>
<trkpt lat="48.7823463" lon="2.2589606">
    <ele>151.755</ele>
    <time>2024-06-27T21:13:04.058774</time>
</trkpt>
<trkpt lat="48.7823285" lon="2.2583534">
    <ele>153.833</ele>
    <time>2024-06-27T21:13:04.058774</time>
</trkpt>
<trkpt lat="48.7823119" lon="2.2575324">
    <ele>156.659</ele>
    <time>2024-06-27T21:13:04.058774</time>
</trkpt>
<trkpt lat="48.7823064" lon="2.2574191">
    <ele>157.092</ele>
    <time>2024-06-27T21:13:04.058774</time>
</trkpt>
<trkpt lat="48.7823055" lon="2.2573235">
    <ele>157.477</ele>
    <time>2024-06-27T21:13:04.058774</time>
</trkpt>
<trkpt lat="48.782253" lon="2.2562118">
    <ele>159.249</ele>
    <time>2024-06-27T21:13:04.058774</time>
</trkpt>
<trkpt lat="48.7823278" lon="2.2560856">
    <ele>159.253</ele>
    <time>2024-06-27T21:13:04.059771</time>
</trkpt>
<trkpt lat="48.782297" lon="2.2559803">
    <ele>159.478</ele>
    <time>2024-06-27T21:13:04.059771</time>
</trkpt>
<trkpt lat="48.7822796" lon="2.2549488">
    <ele>161.113</ele>
    <time>2024-06-27T21:13:04.059771</time>
</trkpt>
<trkpt lat="48.7822534" lon="2.2542321">
    <ele>162.721</ele>
    <time>2024-06-27T21:13:04.059771</time>
</trkpt>
<trkpt lat="48.7822701" lon="2.2532029">
    <ele>163.529</ele>
    <time>2024-06-27T21:13:04.059771</time>
</trkpt>
<trkpt lat="48.7821535" lon="2.2531739">
    <ele>163.625</ele>
    <time>2024-06-27T21:13:04.059771</time>
</trkpt>
<trkpt lat="48.7821566" lon="2.2529078">
    <ele>164.266</ele>
    <time>2024-06-27T21:13:04.059771</time>
</trkpt>
<trkpt lat="48.7815039" lon="2.2527369">
    <ele>165.258</ele>
    <time>2024-06-27T21:13:04.059771</time>
</trkpt>
<trkpt lat="48.7810452" lon="2.2525429">
    <ele>166.392</ele>
    <time>2024-06-27T21:13:04.059771</time>
</trkpt>
<trkpt lat="48.7804432" lon="2.2522362">
    <ele>167.658</ele>
    <time>2024-06-27T21:13:04.060768</time>
</trkpt>
<trkpt lat="48.7796056" lon="2.2515714">
    <ele>169.4</ele>
    <time>2024-06-27T21:13:04.060768</time>
</trkpt>
<trkpt lat="48.7795004" lon="2.2514856">
    <ele>169.827</ele>
    <time>2024-06-27T21:13:04.061065</time>
</trkpt>
<trkpt lat="48.7792618" lon="2.2512911">
    <ele>170.535</ele>
    <time>2024-06-27T21:13:04.061065</time>
</trkpt>
<trkpt lat="48.7782163" lon="2.2506144">
    <ele>170.879</ele>
    <time>2024-06-27T21:13:04.061065</time>
</trkpt>
<trkpt lat="48.7776625" lon="2.2503027">
    <ele>171.774</ele>
    <time>2024-06-27T21:13:04.061065</time>
</trkpt>
<trkpt lat="48.7773864" lon="2.250187">
    <ele>171.596</ele>
    <time>2024-06-27T21:13:04.061065</time>
</trkpt>
<trkpt lat="48.7771387" lon="2.2500832">
    <ele>170.971</ele>
    <time>2024-06-27T21:13:04.061065</time>
</trkpt>
<trkpt lat="48.7765627" lon="2.2484034">
    <ele>171.826</ele>
    <time>2024-06-27T21:13:04.061766</time>
</trkpt>
<trkpt lat="48.7764096" lon="2.2496052">
    <ele>171.729</ele>
    <time>2024-06-27T21:13:04.061766</time>
</trkpt>
<trkpt lat="48.7763597" lon="2.2497683">
    <ele>171.843</ele>
    <time>2024-06-27T21:13:04.061766</time>
</trkpt>
<trkpt lat="48.7748974" lon="2.2495335">
    <ele>171.696</ele>
    <time>2024-06-27T21:13:04.062117</time>
</trkpt>
<trkpt lat="48.7747799" lon="2.2495116">
    <ele>171.65</ele>
    <time>2024-06-27T21:13:04.062117</time>
</trkpt>
<trkpt lat="48.7719131" lon="2.2487471">
    <ele>167.961</ele>
    <time>2024-06-27T21:13:04.062117</time>
</trkpt>
<trkpt lat="48.7708696" lon="2.2482814">
    <ele>165.687</ele>
    <time>2024-06-27T21:13:04.062117</time>
</trkpt>
<trkpt lat="48.7708017" lon="2.2480613">
    <ele>165.744</ele>
    <time>2024-06-27T21:13:04.062117</time>
</trkpt>
<trkpt lat="48.7707025" lon="2.2480271">
    <ele>165.229</ele>
    <time>2024-06-27T21:13:04.062117</time>
</trkpt>
<trkpt lat="48.7705914" lon="2.2479892">
    <ele>165.244</ele>
    <time>2024-06-27T21:13:04.062761</time>
</trkpt>
<trkpt lat="48.7699587" lon="2.2482621">
    <ele>165.918</ele>
    <time>2024-06-27T21:13:04.062761</time>
</trkpt>
<trkpt lat="48.7697488" lon="2.2480952">
    <ele>165.659</ele>
    <time>2024-06-27T21:13:04.062761</time>
</trkpt>
<trkpt lat="48.7695909" lon="2.2480259">
    <ele>167.489</ele>
    <time>2024-06-27T21:13:04.062761</time>
</trkpt>
<trkpt lat="48.7676015" lon="2.2472344">
    <ele>170.582</ele>
    <time>2024-06-27T21:13:04.062761</time>
</trkpt>
<trkpt lat="48.7666421" lon="2.2468527">
    <ele>172.102</ele>
    <time>2024-06-27T21:13:04.062761</time>
</trkpt>
<trkpt lat="48.7659154" lon="2.2465591">
    <ele>171.392</ele>
    <time>2024-06-27T21:13:04.062761</time>
</trkpt>
<trkpt lat="48.7643826" lon="2.2483289">
    <ele>169.433</ele>
    <time>2024-06-27T21:13:04.062761</time>
</trkpt>
<trkpt lat="48.7628712" lon="2.2461081">
    <ele>169.205</ele>
    <time>2024-06-27T21:13:04.062761</time>
</trkpt>
<trkpt lat="48.7628232" lon="2.2459483">
    <ele>169.3</ele>
    <time>2024-06-27T21:13:04.063759</time>
</trkpt>
<trkpt lat="48.7626183" lon="2.245268">
    <ele>170.103</ele>
    <time>2024-06-27T21:13:04.063759</time>
</trkpt>
<trkpt lat="48.7616095" lon="2.2424046">
    <ele>176.182</ele>
    <time>2024-06-27T21:13:04.063759</time>
</trkpt>
<trkpt lat="48.7600843" lon="2.2410324">
    <ele>179.852</ele>
    <time>2024-06-27T21:13:04.063759</time>
</trkpt>
<trkpt lat="48.758786" lon="2.237099">
    <ele>187.799</ele>
    <time>2024-06-27T21:13:04.063759</time>
</trkpt>
<trkpt lat="48.7565865" lon="2.2370488">
    <ele>174.647</ele>
    <time>2024-06-27T21:13:04.063759</time>
</trkpt>
<trkpt lat="48.755488" lon="2.234466">
    <ele>182.243</ele>
    <time>2024-06-27T21:13:04.063759</time>
</trkpt>
<trkpt lat="48.7550582" lon="2.2334795">
    <ele>174.219</ele>
    <time>2024-06-27T21:13:04.063759</time>
</trkpt>
<trkpt lat="48.754776" lon="2.232832">
    <ele>166.076</ele>
    <time>2024-06-27T21:13:04.063759</time>
</trkpt>
<trkpt lat="48.7519497" lon="2.2322396">
    <ele>122.974</ele>
    <time>2024-06-27T21:13:04.064757</time>
</trkpt>
<trkpt lat="48.7516194" lon="2.2327552">
    <ele>129.019</ele>
    <time>2024-06-27T21:13:04.064757</time>
</trkpt>
<trkpt lat="48.7507555" lon="2.2326068">
    <ele>120.739</ele>
    <time>2024-06-27T21:13:04.064757</time>
</trkpt>
<trkpt lat="48.750113" lon="2.2318773">
    <ele>108.513</ele>
    <time>2024-06-27T21:13:04.064757</time>
</trkpt>
<trkpt lat="48.7485267" lon="2.230055">
    <ele>80.565</ele>
    <time>2024-06-27T21:13:04.064757</time>
</trkpt>
<trkpt lat="48.7482195" lon="2.2303911">
    <ele>78.281</ele>
    <time>2024-06-27T21:13:04.064757</time>
</trkpt>
<trkpt lat="48.7474718" lon="2.2303369">
    <ele>75.354</ele>
    <time>2024-06-27T21:13:04.064757</time>
</trkpt>
<trkpt lat="48.7469301" lon="2.2303093">
    <ele>71.186</ele>
    <time>2024-06-27T21:13:04.064757</time>
</trkpt>
<trkpt lat="48.7461127" lon="2.2298935">
    <ele>67.968</ele>
    <time>2024-06-27T21:13:04.064757</time>
</trkpt>
<trkpt lat="48.7460552" lon="2.2297681">
    <ele>68.156</ele>
    <time>2024-06-27T21:13:04.065755</time>
</trkpt>
<trkpt lat="48.7459364" lon="2.2295047">
    <ele>68.896</ele>
    <time>2024-06-27T21:13:04.065755</time>
</trkpt>
<trkpt lat="48.7458826" lon="2.2293922">
    <ele>69.654</ele>
    <time>2024-06-27T21:13:04.065755</time>
</trkpt>
<trkpt lat="48.7457524" lon="2.2291605">
    <ele>69.939</ele>
    <time>2024-06-27T21:13:04.065755</time>
</trkpt>
<trkpt lat="48.745456" lon="2.2288142">
    <ele>70.137</ele>
    <time>2024-06-27T21:13:04.065755</time>
</trkpt>
<trkpt lat="48.7451148" lon="2.2284763">
    <ele>70.274</ele>
    <time>2024-06-27T21:13:04.065755</time>
</trkpt>
<trkpt lat="48.7448665" lon="2.2281699">
    <ele>72.226</ele>
    <time>2024-06-27T21:13:04.066475</time>
</trkpt>
<trkpt lat="48.7431307" lon="2.2277852">
    <ele>74.047</ele>
    <time>2024-06-27T21:13:04.066475</time>
</trkpt>
<trkpt lat="48.7428344" lon="2.2260051">
    <ele>80.338</ele>
    <time>2024-06-27T21:13:04.066475</time>
</trkpt>
<trkpt lat="48.7434534" lon="2.2255983">
    <ele>84.241</ele>
    <time>2024-06-27T21:13:04.066752</time>
</trkpt>
<trkpt lat="48.7442005" lon="2.2245608">
    <ele>91.306</ele>
    <time>2024-06-27T21:13:04.066752</time>
</trkpt>
<trkpt lat="48.7446788" lon="2.2241911">
    <ele>92.782</ele>
    <time>2024-06-27T21:13:04.066752</time>
</trkpt>
<trkpt lat="48.7441992" lon="2.2235378">
    <ele>98.004</ele>
    <time>2024-06-27T21:13:04.066752</time>
</trkpt>
<trkpt lat="48.743902" lon="2.2235607">
    <ele>98.13</ele>
    <time>2024-06-27T21:13:04.066752</time>
</trkpt>
<trkpt lat="48.743934" lon="2.2223574">
    <ele>101.358</ele>
    <time>2024-06-27T21:13:04.066752</time>
</trkpt>
<trkpt lat="48.7439584" lon="2.2222863">
    <ele>101.552</ele>
    <time>2024-06-27T21:13:04.066752</time>
</trkpt>
<trkpt lat="48.744138" lon="2.2219939">
    <ele>103.155</ele>
    <time>2024-06-27T21:13:04.066752</time>
</trkpt>
<trkpt lat="48.74479" lon="2.2209093">
    <ele>101.293</ele>
    <time>2024-06-27T21:13:04.066752</time>
</trkpt>
<trkpt lat="48.7434467" lon="2.2172546">
    <ele>124.153</ele>
    <time>2024-06-27T21:13:04.067750</time>
</trkpt>
<trkpt lat="48.7434" lon="2.2154561">
    <ele>126.691</ele>
    <time>2024-06-27T21:13:04.067862</time>
</trkpt>
<trkpt lat="48.7438679" lon="2.215099">
    <ele>116.403</ele>
    <time>2024-06-27T21:13:04.067862</time>
</trkpt>
<trkpt lat="48.7437491" lon="2.2145793">
    <ele>123.232</ele>
    <time>2024-06-27T21:13:04.068126</time>
</trkpt>
<trkpt lat="48.7440017" lon="2.2141884">
    <ele>127.738</ele>
    <time>2024-06-27T21:13:04.068126</time>
</trkpt>
<trkpt lat="48.7437831" lon="2.2094723">
    <ele>147.01</ele>
    <time>2024-06-27T21:13:04.068126</time>
</trkpt>
<trkpt lat="48.7438239" lon="2.2093588">
    <ele>147.553</ele>
    <time>2024-06-27T21:13:04.068126</time>
</trkpt>
<trkpt lat="48.7438524" lon="2.2091257">
    <ele>147.56</ele>
    <time>2024-06-27T21:13:04.068126</time>
</trkpt>
<trkpt lat="48.7451052" lon="2.2090904">
    <ele>150.604</ele>
    <time>2024-06-27T21:13:04.068747</time>
</trkpt>
<trkpt lat="48.7480796" lon="2.1995439">
    <ele>146.91</ele>
    <time>2024-06-27T21:13:04.068747</time>
</trkpt>
<trkpt lat="48.747033" lon="2.1976378">
    <ele>149.007</ele>
    <time>2024-06-27T21:13:04.068747</time>
</trkpt>
<trkpt lat="48.74363" lon="2.1903538">
    <ele>157.686</ele>
    <time>2024-06-27T21:13:04.068747</time>
</trkpt>
<trkpt lat="48.7421959" lon="2.1873751">
    <ele>156.243</ele>
    <time>2024-06-27T21:13:04.068747</time>
</trkpt>
<trkpt lat="48.7406218" lon="2.1843168">
    <ele>147.568</ele>
    <time>2024-06-27T21:13:04.068747</time>
</trkpt>
<trkpt lat="48.7406842" lon="2.1841694">
    <ele>147.719</ele>
    <time>2024-06-27T21:13:04.068747</time>
</trkpt>
<trkpt lat="48.7354339" lon="2.1779462">
    <ele>143.295</ele>
    <time>2024-06-27T21:13:04.068747</time>
</trkpt>
<trkpt lat="48.7341154" lon="2.1756991">
    <ele>147.016</ele>
    <time>2024-06-27T21:13:04.069745</time>
</trkpt>
<trkpt lat="48.7309454" lon="2.1824088">
    <ele>147.884</ele>
    <time>2024-06-27T21:13:04.069745</time>
</trkpt>
<trkpt lat="48.7269753" lon="2.1946329">
    <ele>146.649</ele>
    <time>2024-06-27T21:13:04.069745</time>
</trkpt>
<trkpt lat="48.7244468" lon="2.1902626">
    <ele>150.804</ele>
    <time>2024-06-27T21:13:04.069745</time>
</trkpt>
<trkpt lat="48.7233451" lon="2.192318">
    <ele>152.344</ele>
    <time>2024-06-27T21:13:04.069745</time>
</trkpt>
<trkpt lat="48.7223657" lon="2.194197">
    <ele>154.165</ele>
    <time>2024-06-27T21:13:04.069745</time>
</trkpt>
<trkpt lat="48.7223148" lon="2.1942983">
    <ele>154.237</ele>
    <time>2024-06-27T21:13:04.069745</time>
</trkpt>
<trkpt lat="48.7222156" lon="2.1942702">
    <ele>154.283</ele>
    <time>2024-06-27T21:13:04.069745</time>
</trkpt>
<trkpt lat="48.7192756" lon="2.1935389">
    <ele>154.777</ele>
    <time>2024-06-27T21:13:04.069745</time>
</trkpt>
<trkpt lat="48.719162" lon="2.1935085">
    <ele>154.802</ele>
    <time>2024-06-27T21:13:04.070742</time>
</trkpt>
<trkpt lat="48.7177162" lon="2.1931529">
    <ele>155.264</ele>
    <time>2024-06-27T21:13:04.070742</time>
</trkpt>
<trkpt lat="48.715667" lon="2.1927885">
    <ele>155.893</ele>
    <time>2024-06-27T21:13:04.070742</time>
</trkpt>
<trkpt lat="48.7155918" lon="2.192772">
    <ele>155.951</ele>
    <time>2024-06-27T21:13:04.070742</time>
</trkpt>
<trkpt lat="48.7155338" lon="2.1933541">
    <ele>155.679</ele>
    <time>2024-06-27T21:13:04.070742</time>
</trkpt>
<trkpt lat="48.7153227" lon="2.1952853">
    <ele>155.232</ele>
    <time>2024-06-27T21:13:04.070742</time>
</trkpt>
<trkpt lat="48.7149912" lon="2.1982478">
    <ele>155.239</ele>
    <time>2024-06-27T21:13:04.070742</time>
</trkpt>
<trkpt lat="48.714458" lon="2.2020727">
    <ele>156.265</ele>
    <time>2024-06-27T21:13:04.070742</time>
</trkpt>
<trkpt lat="48.7143361" lon="2.2020432">
    <ele>156.178</ele>
    <time>2024-06-27T21:13:04.070742</time>
</trkpt>
<trkpt lat="48.7133179" lon="2.2017945">
    <ele>156.187</ele>
    <time>2024-06-27T21:13:04.071744</time>
</trkpt>
<trkpt lat="48.7132064" lon="2.2017681">
    <ele>156.201</ele>
    <time>2024-06-27T21:13:04.071942</time>
</trkpt>
<trkpt lat="48.7122122" lon="2.2015253">
    <ele>156.808</ele>
    <time>2024-06-27T21:13:04.071942</time>
</trkpt>
<trkpt lat="48.7114963" lon="2.2013304">
    <ele>156.934</ele>
    <time>2024-06-27T21:13:04.071942</time>
</trkpt>
<trkpt lat="48.7113371" lon="2.2015037">
    <ele>157.147</ele>
    <time>2024-06-27T21:13:04.071942</time>
</trkpt>
<trkpt lat="48.7108124" lon="2.2031404">
    <ele>157.525</ele>
    <time>2024-06-27T21:13:04.071942</time>
</trkpt>
<trkpt lat="48.7105773" lon="2.2030693">
    <ele>157.684</ele>
    <time>2024-06-27T21:13:04.071942</time>
</trkpt>
<trkpt lat="48.7104146" lon="2.2030506">
    <ele>158.622</ele>
    <time>2024-06-27T21:13:04.071942</time>
</trkpt>
<trkpt lat="48.7089837" lon="2.2009932">
    <ele>141.038</ele>
    <time>2024-06-27T21:13:04.071942</time>
</trkpt>
<trkpt lat="48.7078403" lon="2.2035136">
    <ele>118.187</ele>
    <time>2024-06-27T21:13:04.072736</time>
</trkpt>
<trkpt lat="48.7077729" lon="2.2037694">
    <ele>118.333</ele>
    <time>2024-06-27T21:13:04.072736</time>
</trkpt>
<trkpt lat="48.7075272" lon="2.2083983">
    <ele>104.554</ele>
    <time>2024-06-27T21:13:04.072736</time>
</trkpt>
<trkpt lat="48.7067205" lon="2.2105648">
    <ele>92.932</ele>
    <time>2024-06-27T21:13:04.072736</time>
</trkpt>
<trkpt lat="48.7061499" lon="2.2107211">
    <ele>83.964</ele>
    <time>2024-06-27T21:13:04.072736</time>
</trkpt>
<trkpt lat="48.7062346" lon="2.2112758">
    <ele>84.416</ele>
    <time>2024-06-27T21:13:04.072736</time>
</trkpt>
<trkpt lat="48.7062731" lon="2.212308">
    <ele>87.408</ele>
    <time>2024-06-27T21:13:04.072736</time>
</trkpt>
<trkpt lat="48.7062813" lon="2.2123983">
    <ele>88.22</ele>
    <time>2024-06-27T21:13:04.072736</time>
</trkpt>
<trkpt lat="48.7063411" lon="2.2131477">
    <ele>90.706</ele>
    <time>2024-06-27T21:13:04.072736</time>
</trkpt>
<trkpt lat="48.7064005" lon="2.2138766">
    <ele>93.368</ele>
    <time>2024-06-27T21:13:04.073733</time>
</trkpt>
<trkpt lat="48.7068494" lon="2.2138908">
    <ele>96.532</ele>
    <time>2024-06-27T21:13:04.073733</time>
</trkpt>
<trkpt lat="48.7069445" lon="2.216548">
    <ele>98.287</ele>
    <time>2024-06-27T21:13:04.073733</time>
</trkpt>
<trkpt lat="48.706978" lon="2.2175813">
    <ele>103.323</ele>
    <time>2024-06-27T21:13:04.073733</time>
</trkpt>
<trkpt lat="48.705678" lon="2.2178418">
    <ele>85.524</ele>
    <time>2024-06-27T21:13:04.073733</time>
</trkpt>
<trkpt lat="48.7057657" lon="2.2194881">
    <ele>91.41</ele>
    <time>2024-06-27T21:13:04.073733</time>
</trkpt>
<trkpt lat="48.7060418" lon="2.2230032">
    <ele>94.365</ele>
    <time>2024-06-27T21:13:04.073733</time>
</trkpt>
<trkpt lat="48.7061331" lon="2.2247599">
    <ele>88.605</ele>
    <time>2024-06-27T21:13:04.073733</time>
</trkpt>
<trkpt lat="48.706176" lon="2.2255194">
    <ele>86.412</ele>
    <time>2024-06-27T21:13:04.073733</time>
</trkpt>
<trkpt lat="48.7049296" lon="2.2253402">
    <ele>75.072</ele>
    <time>2024-06-27T21:13:04.074731</time>
</trkpt>
<trkpt lat="48.7037094" lon="2.2253558">
    <ele>67.528</ele>
    <time>2024-06-27T21:13:04.074731</time>
</trkpt>
<trkpt lat="48.7038404" lon="2.2277299">
    <ele>69.909</ele>
    <time>2024-06-27T21:13:04.074731</time>
</trkpt>
<trkpt lat="48.7039297" lon="2.2293389">
    <ele>70.045</ele>
    <time>2024-06-27T21:13:04.074731</time>
</trkpt>
<trkpt lat="48.7041238" lon="2.2330973">
    <ele>76.289</ele>
    <time>2024-06-27T21:13:04.074731</time>
</trkpt>
<trkpt lat="48.7056113" lon="2.2364354">
    <ele>79.587</ele>
    <time>2024-06-27T21:13:04.074731</time>
</trkpt>
<trkpt lat="48.7055544" lon="2.2364901">
    <ele>79.355</ele>
    <time>2024-06-27T21:13:04.074731</time>
</trkpt>
<trkpt lat="48.7063852" lon="2.2381069">
    <ele>76.296</ele>
    <time>2024-06-27T21:13:04.074731</time>
</trkpt>
<trkpt lat="48.7067826" lon="2.2389484">
    <ele>72.633</ele>
    <time>2024-06-27T21:13:04.074731</time>
</trkpt>
<trkpt lat="48.7060912" lon="2.240307">
    <ele>64.632</ele>
    <time>2024-06-27T21:13:04.075728</time>
</trkpt>
<trkpt lat="48.7068388" lon="2.2406391">
    <ele>66.144</ele>
    <time>2024-06-27T21:13:04.075728</time>
</trkpt>
<trkpt lat="48.7083322" lon="2.2416888">
    <ele>61.51</ele>
    <time>2024-06-27T21:13:04.075728</time>
</trkpt>
<trkpt lat="48.7084643" lon="2.2413054">
    <ele>63.392</ele>
    <time>2024-06-27T21:13:04.075728</time>
</trkpt>
<trkpt lat="48.7086055" lon="2.2415032">
    <ele>61.634</ele>
    <time>2024-06-27T21:13:04.075728</time>
</trkpt>
<trkpt lat="48.7096436" lon="2.242957">
    <ele>57.052</ele>
    <time>2024-06-27T21:13:04.075728</time>
</trkpt>
<trkpt lat="48.7097683" lon="2.2431145">
    <ele>57.412</ele>
    <time>2024-06-27T21:13:04.075728</time>
</trkpt>
<trkpt lat="48.7102361" lon="2.2436549">
    <ele>58.962</ele>
    <time>2024-06-27T21:13:04.075728</time>
</trkpt>
<trkpt lat="48.7105217" lon="2.2437341">
    <ele>60.918</ele>
    <time>2024-06-27T21:13:04.075728</time>
</trkpt>
<trkpt lat="48.710642" lon="2.2435642">
    <ele>61.524</ele>
    <time>2024-06-27T21:13:04.076725</time>
</trkpt>
<trkpt lat="48.7107185" lon="2.2434162">
    <ele>63.078</ele>
    <time>2024-06-27T21:13:04.076725</time>
</trkpt>
<trkpt lat="48.7106039" lon="2.2433283">
    <ele>61.601</ele>
    <time>2024-06-27T21:13:04.076725</time>
</trkpt>
<trkpt lat="48.7103506" lon="2.2433819">
    <ele>59.781</ele>
    <time>2024-06-27T21:13:04.076725</time>
</trkpt>
<trkpt lat="48.7102964" lon="2.2435471">
    <ele>59.302</ele>
    <time>2024-06-27T21:13:04.076725</time>
</trkpt>
<trkpt lat="48.7102361" lon="2.2436549">
    <ele>58.962</ele>
    <time>2024-06-27T21:13:04.076725</time>
</trkpt>
<trkpt lat="48.7104512" lon="2.2438967">
    <ele>60.789</ele>
    <time>2024-06-27T21:13:04.076725</time>
</trkpt>
<trkpt lat="48.7115741" lon="2.2449138">
    <ele>66.4</ele>
    <time>2024-06-27T21:13:04.076725</time>
</trkpt>
<trkpt lat="48.7116709" lon="2.2450001">
    <ele>66.7</ele>
    <time>2024-06-27T21:13:04.076725</time>
</trkpt>
<trkpt lat="48.7126753" lon="2.2458959">
    <ele>72.499</ele>
    <time>2024-06-27T21:13:04.077722</time>
</trkpt>
<trkpt lat="48.7133309" lon="2.2467404">
    <ele>74.601</ele>
    <time>2024-06-27T21:13:04.077722</time>
</trkpt>
<trkpt lat="48.7140245" lon="2.2462023">
    <ele>83.558</ele>
    <time>2024-06-27T21:13:04.077903</time>
</trkpt>
<trkpt lat="48.7140677" lon="2.246146">
    <ele>84.323</ele>
    <time>2024-06-27T21:13:04.077903</time>
</trkpt>
<trkpt lat="48.714167" lon="2.2458735">
    <ele>86.364</ele>
    <time>2024-06-27T21:13:04.077903</time>
</trkpt>
<trkpt lat="48.7144209" lon="2.2451583">
    <ele>88.487</ele>
    <time>2024-06-27T21:13:04.077903</time>
</trkpt>
<trkpt lat="48.7141913" lon="2.2449275">
    <ele>88.837</ele>
    <time>2024-06-27T21:13:04.077903</time>
</trkpt>
<trkpt lat="48.7137821" lon="2.2445766">
    <ele>85.714</ele>
    <time>2024-06-27T21:13:04.077903</time>
</trkpt>
<trkpt lat="48.7140746" lon="2.2433156">
    <ele>91.664</ele>
    <time>2024-06-27T21:13:04.077903</time>
</trkpt>
<trkpt lat="48.7141056" lon="2.2432479">
    <ele>91.774</ele>
    <time>2024-06-27T21:13:04.078727</time>
</trkpt>
<trkpt lat="48.7142686" lon="2.2429429">
    <ele>95.091</ele>
    <time>2024-06-27T21:13:04.078727</time>
</trkpt>
<trkpt lat="48.7153858" lon="2.2440384">
    <ele>98.487</ele>
    <time>2024-06-27T21:13:04.078727</time>
</trkpt>
<trkpt lat="48.7171832" lon="2.2455692">
    <ele>97.62</ele>
    <time>2024-06-27T21:13:04.079251</time>
</trkpt>
<trkpt lat="48.7172666" lon="2.2451938">
    <ele>100.953</ele>
    <time>2024-06-27T21:13:04.079251</time>
</trkpt>
<trkpt lat="48.7176043" lon="2.2452978">
    <ele>102.518</ele>
    <time>2024-06-27T21:13:04.079251</time>
</trkpt>
<trkpt lat="48.7176638" lon="2.2447857">
    <ele>107.215</ele>
    <time>2024-06-27T21:13:04.079251</time>
</trkpt>
<trkpt lat="48.7176701" lon="2.2447374">
    <ele>107.74</ele>
    <time>2024-06-27T21:13:04.079718</time>
</trkpt>
<trkpt lat="48.7177671" lon="2.2437355">
    <ele>110.232</ele>
    <time>2024-06-27T21:13:04.079718</time>
</trkpt>
<trkpt lat="48.7183659" lon="2.243532">
    <ele>113.893</ele>
    <time>2024-06-27T21:13:04.079718</time>
</trkpt>
<trkpt lat="48.7185756" lon="2.2433423">
    <ele>115.158</ele>
    <time>2024-06-27T21:13:04.079718</time>
</trkpt>
<trkpt lat="48.7175861" lon="2.2422642">
    <ele>130.429</ele>
    <time>2024-06-27T21:13:04.079718</time>
</trkpt>
<trkpt lat="48.7176183" lon="2.2404929">
    <ele>142.028</ele>
    <time>2024-06-27T21:13:04.079718</time>
</trkpt>
<trkpt lat="48.7176963" lon="2.240415">
    <ele>142.083</ele>
    <time>2024-06-27T21:13:04.079718</time>
</trkpt>
<trkpt lat="48.7186229" lon="2.2401505">
    <ele>142.885</ele>
    <time>2024-06-27T21:13:04.079718</time>
</trkpt>
<trkpt lat="48.7197214" lon="2.2381395">
    <ele>145.665</ele>
    <time>2024-06-27T21:13:04.079718</time>
</trkpt>
<trkpt lat="48.7205178" lon="2.2366383">
    <ele>144.475</ele>
    <time>2024-06-27T21:13:04.079718</time>
</trkpt>
<trkpt lat="48.7188656" lon="2.2357775">
    <ele>146.327</ele>
    <time>2024-06-27T21:13:04.080715</time>
</trkpt>
<trkpt lat="48.7189336" lon="2.2348009">
    <ele>146.793</ele>
    <time>2024-06-27T21:13:04.080715</time>
</trkpt>
<trkpt lat="48.7182435" lon="2.2345689">
    <ele>148.382</ele>
    <time>2024-06-27T21:13:04.080715</time>
</trkpt>
<trkpt lat="48.7186302" lon="2.2319591">
    <ele>148.53</ele>
    <time>2024-06-27T21:13:04.080715</time>
</trkpt>
<trkpt lat="48.7186945" lon="2.2318503">
    <ele>148.29</ele>
    <time>2024-06-27T21:13:04.081226</time>
</trkpt>
<trkpt lat="48.7186555" lon="2.2316668">
    <ele>148.347</ele>
    <time>2024-06-27T21:13:04.081226</time>
</trkpt>
<trkpt lat="48.7186574" lon="2.2314623">
    <ele>148.585</ele>
    <time>2024-06-27T21:13:04.081226</time>
</trkpt>
<trkpt lat="48.7187495" lon="2.2314883">
    <ele>148.086</ele>
    <time>2024-06-27T21:13:04.081226</time>
</trkpt>
<trkpt lat="48.7212948" lon="2.2328494">
    <ele>140.018</ele>
    <time>2024-06-27T21:13:04.081712</time>
</trkpt>
<trkpt lat="48.7238794" lon="2.2383536">
    <ele>109.54</ele>
    <time>2024-06-27T21:13:04.081712</time>
</trkpt>
<trkpt lat="48.7248304" lon="2.2381911">
    <ele>111.266</ele>
    <time>2024-06-27T21:13:04.081712</time>
</trkpt>
<trkpt lat="48.724851" lon="2.2367549">
    <ele>117.351</ele>
    <time>2024-06-27T21:13:04.081712</time>
</trkpt>
<trkpt lat="48.724851" lon="2.2363257">
    <ele>120.579</ele>
    <time>2024-06-27T21:13:04.081712</time>
</trkpt>
<trkpt lat="48.7248541" lon="2.2355365">
    <ele>126.644</ele>
    <time>2024-06-27T21:13:04.081712</time>
</trkpt>
<trkpt lat="48.7248315" lon="2.235337">
    <ele>127.927</ele>
    <time>2024-06-27T21:13:04.081712</time>
</trkpt>
<trkpt lat="48.7247524" lon="2.2349608">
    <ele>130.198</ele>
    <time>2024-06-27T21:13:04.081712</time>
</trkpt>
<trkpt lat="48.7242479" lon="2.234791">
    <ele>133.04</ele>
    <time>2024-06-27T21:13:04.081712</time>
</trkpt>
<trkpt lat="48.7242662" lon="2.2330628">
    <ele>138.309</ele>
    <time>2024-06-27T21:13:04.082710</time>
</trkpt>
<trkpt lat="48.7243979" lon="2.2316329">
    <ele>140.634</ele>
    <time>2024-06-27T21:13:04.082710</time>
</trkpt>
<trkpt lat="48.7247078" lon="2.2305526">
    <ele>142.142</ele>
    <time>2024-06-27T21:13:04.082710</time>
</trkpt>
<trkpt lat="48.7248738" lon="2.2299173">
    <ele>143.801</ele>
    <time>2024-06-27T21:13:04.082710</time>
</trkpt>
<trkpt lat="48.7247897" lon="2.2286053">
    <ele>145.108</ele>
    <time>2024-06-27T21:13:04.082710</time>
</trkpt>
<trkpt lat="48.7250444" lon="2.2233568">
    <ele>139.213</ele>
    <time>2024-06-27T21:13:04.082710</time>
</trkpt>
<trkpt lat="48.7245623" lon="2.2233352">
    <ele>140.897</ele>
    <time>2024-06-27T21:13:04.082710</time>
</trkpt>
<trkpt lat="48.720678" lon="2.2227853">
    <ele>150.083</ele>
    <time>2024-06-27T21:13:04.082710</time>
</trkpt>
<trkpt lat="48.7242788" lon="2.2056825">
    <ele>147.641</ele>
    <time>2024-06-27T21:13:04.082710</time>
</trkpt>
<trkpt lat="48.722268" lon="2.2020472">
    <ele>148.592</ele>
    <time>2024-06-27T21:13:04.083707</time>
</trkpt>
<trkpt lat="48.7265984" lon="2.1982651">
    <ele>147.287</ele>
    <time>2024-06-27T21:13:04.083707</time>
</trkpt>
<trkpt lat="48.7269753" lon="2.1946329">
    <ele>146.649</ele>
    <time>2024-06-27T21:13:04.083707</time>
</trkpt>
<trkpt lat="48.7309454" lon="2.1824088">
    <ele>147.884</ele>
    <time>2024-06-27T21:13:04.083707</time>
</trkpt>
<trkpt lat="48.7341154" lon="2.1756991">
    <ele>147.016</ele>
    <time>2024-06-27T21:13:04.083707</time>
</trkpt>
<trkpt lat="48.7354339" lon="2.1779462">
    <ele>143.295</ele>
    <time>2024-06-27T21:13:04.083707</time>
</trkpt>
<trkpt lat="48.7406842" lon="2.1841694">
    <ele>147.719</ele>
    <time>2024-06-27T21:13:04.083707</time>
</trkpt>
<trkpt lat="48.7429141" lon="2.1887103">
    <ele>154.521</ele>
    <time>2024-06-27T21:13:04.083707</time>
</trkpt>
<trkpt lat="48.7421959" lon="2.1873751">
    <ele>156.243</ele>
    <time>2024-06-27T21:13:04.083707</time>
</trkpt>
<trkpt lat="48.74363" lon="2.1903538">
    <ele>157.686</ele>
    <time>2024-06-27T21:13:04.084704</time>
</trkpt>
<trkpt lat="48.7436511" lon="2.1902313">
    <ele>157.746</ele>
    <time>2024-06-27T21:13:04.084704</time>
</trkpt>
<trkpt lat="48.7439955" lon="2.1905334">
    <ele>157.303</ele>
    <time>2024-06-27T21:13:04.084704</time>
</trkpt>
<trkpt lat="48.745683" lon="2.1939835">
    <ele>153.218</ele>
    <time>2024-06-27T21:13:04.084704</time>
</trkpt>
<trkpt lat="48.7478508" lon="2.1983255">
    <ele>145.412</ele>
    <time>2024-06-27T21:13:04.084704</time>
</trkpt>
<trkpt lat="48.7488128" lon="2.2145372">
    <ele>97.975</ele>
    <time>2024-06-27T21:13:04.084704</time>
</trkpt>
<trkpt lat="48.7487315" lon="2.2176424">
    <ele>86.881</ele>
    <time>2024-06-27T21:13:04.084704</time>
</trkpt>
<trkpt lat="48.7497808" lon="2.2209567">
    <ele>76.984</ele>
    <time>2024-06-27T21:13:04.084704</time>
</trkpt>
<trkpt lat="48.7680691" lon="2.2300612">
    <ele>126.258</ele>
    <time>2024-06-27T21:13:04.084704</time>
</trkpt>
<trkpt lat="48.7732273" lon="2.2248759">
    <ele>158.829</ele>
    <time>2024-06-27T21:13:04.085701</time>
</trkpt>
<trkpt lat="48.7817051" lon="2.2230978">
    <ele>169.939</ele>
    <time>2024-06-27T21:13:04.085701</time>
</trkpt>
<trkpt lat="48.7831218" lon="2.2232451">
    <ele>172.643</ele>
    <time>2024-06-27T21:13:04.085701</time>
</trkpt>
<trkpt lat="48.786354" lon="2.2231263">
    <ele>173.911</ele>
    <time>2024-06-27T21:13:04.085701</time>
</trkpt>
<trkpt lat="48.7860315" lon="2.221937">
    <ele>174.683</ele>
    <time>2024-06-27T21:13:04.085701</time>
</trkpt>
<trkpt lat="48.7858817" lon="2.2210544">
    <ele>173.07</ele>
    <time>2024-06-27T21:13:04.085701</time>
</trkpt>
<trkpt lat="48.7858615" lon="2.2209038">
    <ele>172.705</ele>
    <time>2024-06-27T21:13:04.085701</time>
</trkpt>
<trkpt lat="48.7857441" lon="2.2200289">
    <ele>171.801</ele>
    <time>2024-06-27T21:13:04.085701</time>
</trkpt>
<trkpt lat="48.7852201" lon="2.2179553">
    <ele>170.186</ele>
    <time>2024-06-27T21:13:04.085701</time>
</trkpt>
<trkpt lat="48.7842908" lon="2.2157473">
    <ele>169.304</ele>
    <time>2024-06-27T21:13:04.086698</time>
</trkpt>
<trkpt lat="48.7844752" lon="2.2148141">
    <ele>169.382</ele>
    <time>2024-06-27T21:13:04.086698</time>
</trkpt>
<trkpt lat="48.7845208" lon="2.214674">
    <ele>169.607</ele>
    <time>2024-06-27T21:13:04.086698</time>
</trkpt>
<trkpt lat="48.7845543" lon="2.2146971">
    <ele>169.689</ele>
    <time>2024-06-27T21:13:04.086698</time>
</trkpt>
<trkpt lat="48.7845891" lon="2.2145874">
    <ele>169.827</ele>
    <time>2024-06-27T21:13:04.086698</time>
</trkpt>
<trkpt lat="48.7852455" lon="2.2127603">
    <ele>171.208</ele>
    <time>2024-06-27T21:13:04.086698</time>
</trkpt>
<trkpt lat="48.7854804" lon="2.2121082">
    <ele>171.376</ele>
    <time>2024-06-27T21:13:04.086698</time>
</trkpt>
<trkpt lat="48.7860029" lon="2.2107564">
    <ele>172.894</ele>
    <time>2024-06-27T21:13:04.086698</time>
</trkpt>
<trkpt lat="48.7861822" lon="2.2102589">
    <ele>172.536</ele>
    <time>2024-06-27T21:13:04.086698</time>
</trkpt>
<trkpt lat="48.7865377" lon="2.209275">
    <ele>172.699</ele>
    <time>2024-06-27T21:13:04.087696</time>
</trkpt>
<trkpt lat="48.7865067" lon="2.2092486">
    <ele>172.655</ele>
    <time>2024-06-27T21:13:04.087696</time>
</trkpt>
<trkpt lat="48.7867584" lon="2.2086949">
    <ele>173.359</ele>
    <time>2024-06-27T21:13:04.087696</time>
</trkpt>
<trkpt lat="48.7868853" lon="2.2086202">
    <ele>174.013</ele>
    <time>2024-06-27T21:13:04.087696</time>
</trkpt>
<trkpt lat="48.7878379" lon="2.209615">
    <ele>174.787</ele>
    <time>2024-06-27T21:13:04.087696</time>
</trkpt>
<trkpt lat="48.7878236" lon="2.2094847">
    <ele>175.63</ele>
    <time>2024-06-27T21:13:04.087696</time>
</trkpt>
<trkpt lat="48.7875156" lon="2.2090088">
    <ele>175.617</ele>
    <time>2024-06-27T21:13:04.087696</time>
</trkpt>
<trkpt lat="48.7876467" lon="2.2085998">
    <ele>179.256</ele>
    <time>2024-06-27T21:13:04.087696</time>
</trkpt>
<trkpt lat="48.7912052" lon="2.2115926">
    <ele>179.123</ele>
    <time>2024-06-27T21:13:04.087696</time>
</trkpt>
<trkpt lat="48.7937741" lon="2.2145742">
    <ele>188.396</ele>
    <time>2024-06-27T21:13:04.087696</time>
</trkpt>
<trkpt lat="48.7961138" lon="2.2126559">
    <ele>178.794</ele>
    <time>2024-06-27T21:13:04.088693</time>
</trkpt>
<trkpt lat="48.7964261" lon="2.2124043">
    <ele>181.744</ele>
    <time>2024-06-27T21:13:04.088693</time>
</trkpt>
<trkpt lat="48.7965091" lon="2.2123227">
    <ele>182.709</ele>
    <time>2024-06-27T21:13:04.088693</time>
</trkpt>
<trkpt lat="48.7989607" lon="2.2127929">
    <ele>183.202</ele>
    <time>2024-06-27T21:13:04.088693</time>
</trkpt>
<trkpt lat="48.8003931" lon="2.212325">
    <ele>176.276</ele>
    <time>2024-06-27T21:13:04.088693</time>
</trkpt>
<trkpt lat="48.8019374" lon="2.2123281">
    <ele>189.617</ele>
    <time>2024-06-27T21:13:04.088693</time>
</trkpt>
<trkpt lat="48.8035104" lon="2.2116017">
    <ele>191.261</ele>
    <time>2024-06-27T21:13:04.088693</time>
</trkpt>
<trkpt lat="48.803614" lon="2.212184">
    <ele>190.012</ele>
    <time>2024-06-27T21:13:04.088693</time>
</trkpt>
<trkpt lat="48.8042516" lon="2.2130889">
    <ele>182.967</ele>
    <time>2024-06-27T21:13:04.088693</time>
</trkpt>
<trkpt lat="48.8048217" lon="2.2147107">
    <ele>176.821</ele>
    <time>2024-06-27T21:13:04.089691</time>
</trkpt>
<trkpt lat="48.8070449" lon="2.2130733">
    <ele>179.383</ele>
    <time>2024-06-27T21:13:04.089691</time>
</trkpt>
<trkpt lat="48.8084052" lon="2.212896">
    <ele>172.505</ele>
    <time>2024-06-27T21:13:04.089691</time>
</trkpt>
<trkpt lat="48.8101575" lon="2.2153167">
    <ele>164.418</ele>
    <time>2024-06-27T21:13:04.089691</time>
</trkpt>
<trkpt lat="48.8105198" lon="2.216448">
    <ele>166.088</ele>
    <time>2024-06-27T21:13:04.089691</time>
</trkpt>
<trkpt lat="48.8106605" lon="2.2195208">
    <ele>167.341</ele>
    <time>2024-06-27T21:13:04.089691</time>
</trkpt>
<trkpt lat="48.80961" lon="2.2213883">
    <ele>172.357</ele>
    <time>2024-06-27T21:13:04.089691</time>
</trkpt>
<trkpt lat="48.8116939" lon="2.2207083">
    <ele>153.855</ele>
    <time>2024-06-27T21:13:04.089691</time>
</trkpt>
<trkpt lat="48.8120825" lon="2.2217893">
    <ele>169.926</ele>
    <time>2024-06-27T21:13:04.089691</time>
</trkpt>
<trkpt lat="48.8123845" lon="2.2228219">
    <ele>172.87</ele>
    <time>2024-06-27T21:13:04.090685</time>
</trkpt>
<trkpt lat="48.8129693" lon="2.2248323">
    <ele>163.782</ele>
    <time>2024-06-27T21:13:04.090685</time>
</trkpt>
<trkpt lat="48.8147235" lon="2.2218532">
    <ele>128.161</ele>
    <time>2024-06-27T21:13:04.090685</time>
</trkpt>
<trkpt lat="48.8152104" lon="2.2219345">
    <ele>119.92</ele>
    <time>2024-06-27T21:13:04.090685</time>
</trkpt>
<trkpt lat="48.8156641" lon="2.2247926">
    <ele>111.611</ele>
    <time>2024-06-27T21:13:04.090685</time>
</trkpt>
<trkpt lat="48.8157674" lon="2.224905">
    <ele>111.714</ele>
    <time>2024-06-27T21:13:04.090685</time>
</trkpt>
<trkpt lat="48.8160539" lon="2.2244902">
    <ele>109.832</ele>
    <time>2024-06-27T21:13:04.090685</time>
</trkpt>
<trkpt lat="48.8168567" lon="2.2233251">
    <ele>110.104</ele>
    <time>2024-06-27T21:13:04.090685</time>
</trkpt>
<trkpt lat="48.8173381" lon="2.2241138">
    <ele>107.649</ele>
    <time>2024-06-27T21:13:04.090685</time>
</trkpt>
<trkpt lat="48.8181675" lon="2.2253159">
    <ele>101.503</ele>
    <time>2024-06-27T21:13:04.091718</time>
</trkpt>
<trkpt lat="48.8183027" lon="2.2255521">
    <ele>100.443</ele>
    <time>2024-06-27T21:13:04.091718</time>
</trkpt>
<trkpt lat="48.8186645" lon="2.2263245">
    <ele>97.83</ele>
    <time>2024-06-27T21:13:04.091718</time>
</trkpt>
<trkpt lat="48.8187318" lon="2.2264697">
    <ele>97.427</ele>
    <time>2024-06-27T21:13:04.091718</time>
</trkpt>
<trkpt lat="48.8195146" lon="2.2277603">
    <ele>92.346</ele>
    <time>2024-06-27T21:13:04.091718</time>
</trkpt>
<trkpt lat="48.8189413" lon="2.2294421">
    <ele>97.93</ele>
    <time>2024-06-27T21:13:04.091718</time>
</trkpt>
<trkpt lat="48.8190967" lon="2.2296897">
    <ele>97.731</ele>
    <time>2024-06-27T21:13:04.091718</time>
</trkpt>
<trkpt lat="48.8185933" lon="2.2313411">
    <ele>94.46</ele>
    <time>2024-06-27T21:13:04.091718</time>
</trkpt>
<trkpt lat="48.8189798" lon="2.2326537">
    <ele>87.539</ele>
    <time>2024-06-27T21:13:04.091718</time>
</trkpt>
<trkpt lat="48.8188591" lon="2.234418">
    <ele>73.789</ele>
    <time>2024-06-27T21:13:04.091718</time>
</trkpt>
<trkpt lat="48.8188249" lon="2.2346825">
    <ele>72.317</ele>
    <time>2024-06-27T21:13:04.092715</time>
</trkpt>
<trkpt lat="48.8189058" lon="2.236468">
    <ele>60.362</ele>
    <time>2024-06-27T21:13:04.092715</time>
</trkpt>
<trkpt lat="48.8188086" lon="2.2385552">
    <ele>55.33</ele>
    <time>2024-06-27T21:13:04.092715</time>
</trkpt>
<trkpt lat="48.8187896" lon="2.2393744">
    <ele>54.311</ele>
    <time>2024-06-27T21:13:04.092715</time>
</trkpt>
<trkpt lat="48.8189949" lon="2.2425515">
    <ele>37.682</ele>
    <time>2024-06-27T21:13:04.092715</time>
</trkpt>
<trkpt lat="48.8189992" lon="2.2426867">
    <ele>38.216</ele>
    <time>2024-06-27T21:13:04.092715</time>
</trkpt>
<trkpt lat="48.8190993" lon="2.242702">
    <ele>36.937</ele>
    <time>2024-06-27T21:13:04.092715</time>
</trkpt>
<trkpt lat="48.8197548" lon="2.2428187">
    <ele>32.992</ele>
    <time>2024-06-27T21:13:04.092715</time>
</trkpt>
<trkpt lat="48.8198914" lon="2.2429152">
    <ele>31.671</ele>
    <time>2024-06-27T21:13:04.092715</time>
</trkpt>
<trkpt lat="48.8199876" lon="2.2430692">
    <ele>31.354</ele>
    <time>2024-06-27T21:13:04.093712</time>
</trkpt>
<trkpt lat="48.8200865" lon="2.2437143">
    <ele>31.315</ele>
    <time>2024-06-27T21:13:04.093712</time>
</trkpt>
<trkpt lat="48.8204828" lon="2.2462194">
    <ele>31.573</ele>
    <time>2024-06-27T21:13:04.093712</time>
</trkpt>
<trkpt lat="48.8206354" lon="2.2469567">
    <ele>32.585</ele>
    <time>2024-06-27T21:13:04.093712</time>
</trkpt>
<trkpt lat="48.8208277" lon="2.2475234">
    <ele>31.823</ele>
    <time>2024-06-27T21:13:04.093712</time>
</trkpt>
<trkpt lat="48.8210991" lon="2.2485384">
    <ele>31.99</ele>
    <time>2024-06-27T21:13:04.093712</time>
</trkpt>
<trkpt lat="48.8213557" lon="2.2499319">
    <ele>31.677</ele>
    <time>2024-06-27T21:13:04.094440</time>
</trkpt>
<trkpt lat="48.8210736" lon="2.2500249">
    <ele>31.949</ele>
    <time>2024-06-27T21:13:04.094440</time>
</trkpt>
<trkpt lat="48.8210167" lon="2.2504561">
    <ele>31.139</ele>
    <time>2024-06-27T21:13:04.094674</time>
</trkpt>
<trkpt lat="48.8211961" lon="2.2517527">
    <ele>31.369</ele>
    <time>2024-06-27T21:13:04.094941</time>
</trkpt>
<trkpt lat="48.8212742" lon="2.2520993">
    <ele>31.792</ele>
    <time>2024-06-27T21:13:04.094941</time>
</trkpt>
<trkpt lat="48.8213481" lon="2.2530216">
    <ele>30.772</ele>
    <time>2024-06-27T21:13:04.094941</time>
</trkpt>
<trkpt lat="48.8213648" lon="2.2537189">
    <ele>30.751</ele>
    <time>2024-06-27T21:13:04.094941</time>
</trkpt>
<trkpt lat="48.8212943" lon="2.2548439">
    <ele>31.479</ele>
    <time>2024-06-27T21:13:04.095676</time>
</trkpt>
<trkpt lat="48.821247" lon="2.2556039">
    <ele>31.084</ele>
    <time>2024-06-27T21:13:04.095676</time>
</trkpt>
<trkpt lat="48.8222243" lon="2.2552827">
    <ele>30.654</ele>
    <time>2024-06-27T21:13:04.095676</time>
</trkpt>
<trkpt lat="48.8225082" lon="2.256832">
    <ele>30.828</ele>
    <time>2024-06-27T21:13:04.095676</time>
</trkpt>
<trkpt lat="48.8225637" lon="2.2574745">
    <ele>30.997</ele>
    <time>2024-06-27T21:13:04.095676</time>
</trkpt>
<trkpt lat="48.8226748" lon="2.2587702">
    <ele>32.114</ele>
    <time>2024-06-27T21:13:04.096705</time>
</trkpt>
<trkpt lat="48.8227651" lon="2.2598507">
    <ele>32.242</ele>
    <time>2024-06-27T21:13:04.096705</time>
</trkpt>
<trkpt lat="48.8228091" lon="2.2603834">
    <ele>32.451</ele>
    <time>2024-06-27T21:13:04.096705</time>
</trkpt>
<trkpt lat="48.8228281" lon="2.2605949">
    <ele>32.209</ele>
    <time>2024-06-27T21:13:04.096705</time>
</trkpt>
<trkpt lat="48.8239349" lon="2.2622942">
    <ele>29.885</ele>
    <time>2024-06-27T21:13:04.096705</time>
</trkpt>
        </trkseg>
    </trk>
</gpx>