<?xml version="1.0" encoding="UTF-8"?>
<gpx version="1.1" creator="YourAppName - https://yourappurl.com"
     xmlns:xsi="http://www.w3.org/2001/XMLSchema-instance"
     xmlns="http://www.topografix.com/GPX/1/1"
     xsi:schemaLocation="http://www.topografix.com/GPX/1/1
                         http://www.topografix.com/GPX/1/1/gpx.xsd">
    <metadata>
        <name>My Route</name>
        <author>
            <name>Your Name or App</name>
        </author>
        <time>2024-06-28T21:22:34.108638</time>
    </metadata>
    <trk>
        <name>My Route</name>
        <trkseg>
            <trkpt lat="48.8053644" lon="2.2592128">
    <ele>121.44</ele>
    <time>2024-06-28T21:22:33.894214</time>
</trkpt>
<trkpt lat="48.8052901" lon="2.2590334">
    <ele>121.453</ele>
    <time>2024-06-28T21:22:33.894214</time>
</trkpt>
<trkpt lat="48.8051987" lon="2.2590231">
    <ele>121.592</ele>
    <time>2024-06-28T21:22:33.895209</time>
</trkpt>
<trkpt lat="48.8048336" lon="2.2586398">
    <ele>123.661</ele>
    <time>2024-06-28T21:22:33.895209</time>
</trkpt>
<trkpt lat="48.8042054" lon="2.2580229">
    <ele>126.281</ele>
    <time>2024-06-28T21:22:33.895209</time>
</trkpt>
<trkpt lat="48.8035745" lon="2.2573743">
    <ele>128.253</ele>
    <time>2024-06-28T21:22:33.895209</time>
</trkpt>
<trkpt lat="48.8034703" lon="2.2571672">
    <ele>128.377</ele>
    <time>2024-06-28T21:22:33.895209</time>
</trkpt>
<trkpt lat="48.8034606" lon="2.2571049">
    <ele>128.416</ele>
    <time>2024-06-28T21:22:33.896209</time>
</trkpt>
<trkpt lat="48.8032562" lon="2.2568371">
    <ele>129.417</ele>
    <time>2024-06-28T21:22:33.896209</time>
</trkpt>
<trkpt lat="48.8032199" lon="2.2568261">
    <ele>129.607</ele>
    <time>2024-06-28T21:22:33.896209</time>
</trkpt>
<trkpt lat="48.8031944" lon="2.2568359">
    <ele>129.716</ele>
    <time>2024-06-28T21:22:33.896209</time>
</trkpt>
<trkpt lat="48.7974522" lon="2.2529541">
    <ele>168.415</ele>
    <time>2024-06-28T21:22:33.896209</time>
</trkpt>
<trkpt lat="48.7924931" lon="2.2523637">
    <ele>167.165</ele>
    <time>2024-06-28T21:22:33.896209</time>
</trkpt>
<trkpt lat="48.7924723" lon="2.252317">
    <ele>167.426</ele>
    <time>2024-06-28T21:22:33.896209</time>
</trkpt>
<trkpt lat="48.7917972" lon="2.2523613">
    <ele>166.307</ele>
    <time>2024-06-28T21:22:33.897204</time>
</trkpt>
<trkpt lat="48.7915573" lon="2.252348">
    <ele>166.312</ele>
    <time>2024-06-28T21:22:33.897277</time>
</trkpt>
<trkpt lat="48.791351" lon="2.2523011">
    <ele>167.404</ele>
    <time>2024-06-28T21:22:33.897277</time>
</trkpt>
<trkpt lat="48.7906126" lon="2.2523527">
    <ele>168.0</ele>
    <time>2024-06-28T21:22:33.897277</time>
</trkpt>
<trkpt lat="48.7904387" lon="2.2524524">
    <ele>168.187</ele>
    <time>2024-06-28T21:22:33.897277</time>
</trkpt>
<trkpt lat="48.7896971" lon="2.2525333">
    <ele>168.897</ele>
    <time>2024-06-28T21:22:33.897277</time>
</trkpt>
<trkpt lat="48.7895028" lon="2.2522526">
    <ele>168.809</ele>
    <time>2024-06-28T21:22:33.897277</time>
</trkpt>
<trkpt lat="48.7884832" lon="2.2498358">
    <ele>170.013</ele>
    <time>2024-06-28T21:22:33.898205</time>
</trkpt>
<trkpt lat="48.7874447" lon="2.2497668">
    <ele>169.271</ele>
    <time>2024-06-28T21:22:33.898205</time>
</trkpt>
<trkpt lat="48.7868803" lon="2.2495911">
    <ele>168.796</ele>
    <time>2024-06-28T21:22:33.898205</time>
</trkpt>
<trkpt lat="48.7857689" lon="2.2476734">
    <ele>166.373</ele>
    <time>2024-06-28T21:22:33.898205</time>
</trkpt>
<trkpt lat="48.7856711" lon="2.2473704">
    <ele>166.798</ele>
    <time>2024-06-28T21:22:33.898205</time>
</trkpt>
<trkpt lat="48.7853842" lon="2.2465525">
    <ele>167.012</ele>
    <time>2024-06-28T21:22:33.898205</time>
</trkpt>
<trkpt lat="48.7852524" lon="2.2462449">
    <ele>167.334</ele>
    <time>2024-06-28T21:22:33.898205</time>
</trkpt>
<trkpt lat="48.7864713" lon="2.2454106">
    <ele>167.936</ele>
    <time>2024-06-28T21:22:33.898205</time>
</trkpt>
<trkpt lat="48.7867769" lon="2.2452058">
    <ele>168.1</ele>
    <time>2024-06-28T21:22:33.899205</time>
</trkpt>
<trkpt lat="48.7864161" lon="2.2439609">
    <ele>169.403</ele>
    <time>2024-06-28T21:22:33.899205</time>
</trkpt>
<trkpt lat="48.7853931" lon="2.2403981">
    <ele>171.02</ele>
    <time>2024-06-28T21:22:33.899205</time>
</trkpt>
<trkpt lat="48.7858235" lon="2.2394302">
    <ele>171.459</ele>
    <time>2024-06-28T21:22:33.899205</time>
</trkpt>
<trkpt lat="48.7860695" lon="2.2387622">
    <ele>171.238</ele>
    <time>2024-06-28T21:22:33.899205</time>
</trkpt>
<trkpt lat="48.7863918" lon="2.2375608">
    <ele>170.302</ele>
    <time>2024-06-28T21:22:33.899205</time>
</trkpt>
<trkpt lat="48.7865993" lon="2.2375141">
    <ele>169.99</ele>
    <time>2024-06-28T21:22:33.899205</time>
</trkpt>
<trkpt lat="48.7876545" lon="2.2372499">
    <ele>168.967</ele>
    <time>2024-06-28T21:22:33.900199</time>
</trkpt>
<trkpt lat="48.7876547" lon="2.2371012">
    <ele>168.573</ele>
    <time>2024-06-28T21:22:33.900199</time>
</trkpt>
<trkpt lat="48.7876553" lon="2.2368422">
    <ele>168.623</ele>
    <time>2024-06-28T21:22:33.900199</time>
</trkpt>
<trkpt lat="48.7876615" lon="2.2358332">
    <ele>169.161</ele>
    <time>2024-06-28T21:22:33.900199</time>
</trkpt>
<trkpt lat="48.7876628" lon="2.2356309">
    <ele>169.336</ele>
    <time>2024-06-28T21:22:33.900199</time>
</trkpt>
<trkpt lat="48.7876471" lon="2.2348362">
    <ele>169.837</ele>
    <time>2024-06-28T21:22:33.900199</time>
</trkpt>
<trkpt lat="48.7876412" lon="2.2347267">
    <ele>169.721</ele>
    <time>2024-06-28T21:22:33.900199</time>
</trkpt>
<trkpt lat="48.7877602" lon="2.2346748">
    <ele>169.959</ele>
    <time>2024-06-28T21:22:33.900199</time>
</trkpt>
<trkpt lat="48.7878493" lon="2.2346645">
    <ele>170.152</ele>
    <time>2024-06-28T21:22:33.901194</time>
</trkpt>
<trkpt lat="48.7881866" lon="2.2348237">
    <ele>169.32</ele>
    <time>2024-06-28T21:22:33.901194</time>
</trkpt>
<trkpt lat="48.7888082" lon="2.2344685">
    <ele>167.714</ele>
    <time>2024-06-28T21:22:33.901194</time>
</trkpt>
<trkpt lat="48.7889002" lon="2.234329">
    <ele>166.723</ele>
    <time>2024-06-28T21:22:33.901194</time>
</trkpt>
<trkpt lat="48.7890235" lon="2.2338778">
    <ele>166.558</ele>
    <time>2024-06-28T21:22:33.901194</time>
</trkpt>
<trkpt lat="48.7890858" lon="2.2332622">
    <ele>167.294</ele>
    <time>2024-06-28T21:22:33.901194</time>
</trkpt>
<trkpt lat="48.7890916" lon="2.2330749">
    <ele>167.624</ele>
    <time>2024-06-28T21:22:33.901194</time>
</trkpt>
<trkpt lat="48.7892685" lon="2.2323647">
    <ele>168.023</ele>
    <time>2024-06-28T21:22:33.901194</time>
</trkpt>
<trkpt lat="48.7890292" lon="2.232509">
    <ele>168.986</ele>
    <time>2024-06-28T21:22:33.902193</time>
</trkpt>
<trkpt lat="48.7889276" lon="2.232068">
    <ele>170.494</ele>
    <time>2024-06-28T21:22:33.902193</time>
</trkpt>
<trkpt lat="48.7899073" lon="2.2308994">
    <ele>168.883</ele>
    <time>2024-06-28T21:22:33.902193</time>
</trkpt>
<trkpt lat="48.7904052" lon="2.2268847">
    <ele>170.426</ele>
    <time>2024-06-28T21:22:33.902193</time>
</trkpt>
<trkpt lat="48.7903998" lon="2.2265283">
    <ele>171.42</ele>
    <time>2024-06-28T21:22:33.902193</time>
</trkpt>
<trkpt lat="48.7902834" lon="2.2246455">
    <ele>170.483</ele>
    <time>2024-06-28T21:22:33.902193</time>
</trkpt>
<trkpt lat="48.7901444" lon="2.224183">
    <ele>171.489</ele>
    <time>2024-06-28T21:22:33.902193</time>
</trkpt>
<trkpt lat="48.7899537" lon="2.2236983">
    <ele>171.075</ele>
    <time>2024-06-28T21:22:33.903192</time>
</trkpt>
<trkpt lat="48.7892997" lon="2.2226378">
    <ele>172.77</ele>
    <time>2024-06-28T21:22:33.903192</time>
</trkpt>
<trkpt lat="48.7892838" lon="2.2226158">
    <ele>172.715</ele>
    <time>2024-06-28T21:22:33.903192</time>
</trkpt>
<trkpt lat="48.7890741" lon="2.2221461">
    <ele>172.987</ele>
    <time>2024-06-28T21:22:33.903192</time>
</trkpt>
<trkpt lat="48.7890953" lon="2.2220338">
    <ele>173.1</ele>
    <time>2024-06-28T21:22:33.903192</time>
</trkpt>
<trkpt lat="48.7890942" lon="2.2219682">
    <ele>173.143</ele>
    <time>2024-06-28T21:22:33.903192</time>
</trkpt>
<trkpt lat="48.7890429" lon="2.2218036">
    <ele>173.678</ele>
    <time>2024-06-28T21:22:33.903192</time>
</trkpt>
<trkpt lat="48.7891805" lon="2.2215679">
    <ele>174.403</ele>
    <time>2024-06-28T21:22:33.903982</time>
</trkpt>
<trkpt lat="48.7936861" lon="2.2191471">
    <ele>172.137</ele>
    <time>2024-06-28T21:22:33.904185</time>
</trkpt>
<trkpt lat="48.7937788" lon="2.219086">
    <ele>172.182</ele>
    <time>2024-06-28T21:22:33.904185</time>
</trkpt>
<trkpt lat="48.7964799" lon="2.2176536">
    <ele>168.658</ele>
    <time>2024-06-28T21:22:33.904185</time>
</trkpt>
<trkpt lat="48.7959374" lon="2.2179733">
    <ele>169.843</ele>
    <time>2024-06-28T21:22:33.904185</time>
</trkpt>
<trkpt lat="48.7968435" lon="2.2178987">
    <ele>168.125</ele>
    <time>2024-06-28T21:22:33.904185</time>
</trkpt>
<trkpt lat="48.7978676" lon="2.2185503">
    <ele>161.821</ele>
    <time>2024-06-28T21:22:33.904185</time>
</trkpt>
<trkpt lat="48.7980369" lon="2.2185651">
    <ele>160.546</ele>
    <time>2024-06-28T21:22:33.905186</time>
</trkpt>
<trkpt lat="48.7982135" lon="2.2163789">
    <ele>166.292</ele>
    <time>2024-06-28T21:22:33.905361</time>
</trkpt>
<trkpt lat="48.7987874" lon="2.2146822">
    <ele>171.308</ele>
    <time>2024-06-28T21:22:33.905361</time>
</trkpt>
<trkpt lat="48.7998842" lon="2.2155691">
    <ele>169.054</ele>
    <time>2024-06-28T21:22:33.905361</time>
</trkpt>
<trkpt lat="48.8000463" lon="2.2154712">
    <ele>169.447</ele>
    <time>2024-06-28T21:22:33.905361</time>
</trkpt>
<trkpt lat="48.800121" lon="2.2147752">
    <ele>170.671</ele>
    <time>2024-06-28T21:22:33.905361</time>
</trkpt>
<trkpt lat="48.8002798" lon="2.2132762">
    <ele>172.551</ele>
    <time>2024-06-28T21:22:33.905361</time>
</trkpt>
<trkpt lat="48.8003931" lon="2.212325">
    <ele>176.276</ele>
    <time>2024-06-28T21:22:33.905361</time>
</trkpt>
<trkpt lat="48.800725" lon="2.2091423">
    <ele>175.283</ele>
    <time>2024-06-28T21:22:33.906182</time>
</trkpt>
<trkpt lat="48.800923" lon="2.2091123">
    <ele>175.514</ele>
    <time>2024-06-28T21:22:33.906182</time>
</trkpt>
<trkpt lat="48.8010672" lon="2.2088189">
    <ele>179.39</ele>
    <time>2024-06-28T21:22:33.906182</time>
</trkpt>
<trkpt lat="48.80096" lon="2.2084085">
    <ele>183.7</ele>
    <time>2024-06-28T21:22:33.906182</time>
</trkpt>
<trkpt lat="48.8021764" lon="2.2050275">
    <ele>176.786</ele>
    <time>2024-06-28T21:22:33.906182</time>
</trkpt>
<trkpt lat="48.8022025" lon="2.2049551">
    <ele>175.464</ele>
    <time>2024-06-28T21:22:33.906182</time>
</trkpt>
<trkpt lat="48.8024359" lon="2.2050167">
    <ele>173.582</ele>
    <time>2024-06-28T21:22:33.906182</time>
</trkpt>
<trkpt lat="48.8025683" lon="2.2052464">
    <ele>174.786</ele>
    <time>2024-06-28T21:22:33.906182</time>
</trkpt>
<trkpt lat="48.8025776" lon="2.2049531">
    <ele>172.378</ele>
    <time>2024-06-28T21:22:33.907181</time>
</trkpt>
<trkpt lat="48.8026931" lon="2.2047942">
    <ele>172.194</ele>
    <time>2024-06-28T21:22:33.907181</time>
</trkpt>
<trkpt lat="48.8027665" lon="2.2045823">
    <ele>172.717</ele>
    <time>2024-06-28T21:22:33.907181</time>
</trkpt>
<trkpt lat="48.8027418" lon="2.2041423">
    <ele>172.972</ele>
    <time>2024-06-28T21:22:33.907181</time>
</trkpt>
<trkpt lat="48.8027639" lon="2.204029">
    <ele>173.84</ele>
    <time>2024-06-28T21:22:33.907181</time>
</trkpt>
<trkpt lat="48.8028494" lon="2.2037116">
    <ele>175.226</ele>
    <time>2024-06-28T21:22:33.908177</time>
</trkpt>
<trkpt lat="48.8037022" lon="2.2010514">
    <ele>159.793</ele>
    <time>2024-06-28T21:22:33.908177</time>
</trkpt>
<trkpt lat="48.8042649" lon="2.1984256">
    <ele>148.538</ele>
    <time>2024-06-28T21:22:33.908177</time>
</trkpt>
<trkpt lat="48.8049737" lon="2.1965827">
    <ele>141.779</ele>
    <time>2024-06-28T21:22:33.908177</time>
</trkpt>
<trkpt lat="48.8044207" lon="2.1950186">
    <ele>144.565</ele>
    <time>2024-06-28T21:22:33.909172</time>
</trkpt>
<trkpt lat="48.8043605" lon="2.1949445">
    <ele>144.458</ele>
    <time>2024-06-28T21:22:33.909172</time>
</trkpt>
<trkpt lat="48.8035302" lon="2.1945676">
    <ele>140.752</ele>
    <time>2024-06-28T21:22:33.909172</time>
</trkpt>
<trkpt lat="48.802528" lon="2.1941489">
    <ele>136.488</ele>
    <time>2024-06-28T21:22:33.909172</time>
</trkpt>
<trkpt lat="48.8005464" lon="2.18978">
    <ele>108.468</ele>
    <time>2024-06-28T21:22:33.909172</time>
</trkpt>
<trkpt lat="48.8005696" lon="2.1893453">
    <ele>106.593</ele>
    <time>2024-06-28T21:22:33.910169</time>
</trkpt>
<trkpt lat="48.8005311" lon="2.1892941">
    <ele>104.967</ele>
    <time>2024-06-28T21:22:33.910169</time>
</trkpt>
<trkpt lat="48.8005325" lon="2.1891722">
    <ele>104.11</ele>
    <time>2024-06-28T21:22:33.910169</time>
</trkpt>
<trkpt lat="48.8004728" lon="2.1892766">
    <ele>103.28</ele>
    <time>2024-06-28T21:22:33.910169</time>
</trkpt>
<trkpt lat="48.8004205" lon="2.189378">
    <ele>102.363</ele>
    <time>2024-06-28T21:22:33.911167</time>
</trkpt>
<trkpt lat="48.8002242" lon="2.1903455">
    <ele>102.76</ele>
    <time>2024-06-28T21:22:33.911167</time>
</trkpt>
<trkpt lat="48.7999212" lon="2.1931316">
    <ele>107.423</ele>
    <time>2024-06-28T21:22:33.911167</time>
</trkpt>
<trkpt lat="48.7999403" lon="2.1941043">
    <ele>109.657</ele>
    <time>2024-06-28T21:22:33.911167</time>
</trkpt>
<trkpt lat="48.7998977" lon="2.1967767">
    <ele>111.054</ele>
    <time>2024-06-28T21:22:33.912164</time>
</trkpt>
<trkpt lat="48.7997489" lon="2.1969972">
    <ele>111.236</ele>
    <time>2024-06-28T21:22:33.912164</time>
</trkpt>
<trkpt lat="48.799126" lon="2.1978002">
    <ele>112.543</ele>
    <time>2024-06-28T21:22:33.912164</time>
</trkpt>
<trkpt lat="48.7988808" lon="2.1981307">
    <ele>114.6</ele>
    <time>2024-06-28T21:22:33.912164</time>
</trkpt>
<trkpt lat="48.798648" lon="2.1984183">
    <ele>116.056</ele>
    <time>2024-06-28T21:22:33.913162</time>
</trkpt>
<trkpt lat="48.7984683" lon="2.1985726">
    <ele>116.213</ele>
    <time>2024-06-28T21:22:33.913162</time>
</trkpt>
<trkpt lat="48.7949802" lon="2.2012902">
    <ele>125.986</ele>
    <time>2024-06-28T21:22:33.913162</time>
</trkpt>
<trkpt lat="48.794796" lon="2.2017038">
    <ele>132.177</ele>
    <time>2024-06-28T21:22:33.913162</time>
</trkpt>
<trkpt lat="48.794211" lon="2.2029208">
    <ele>143.108</ele>
    <time>2024-06-28T21:22:33.914159</time>
</trkpt>
<trkpt lat="48.7942235" lon="2.2030759">
    <ele>145.128</ele>
    <time>2024-06-28T21:22:33.914159</time>
</trkpt>
<trkpt lat="48.794211" lon="2.2029208">
    <ele>143.108</ele>
    <time>2024-06-28T21:22:33.914159</time>
</trkpt>
<trkpt lat="48.794796" lon="2.2017038">
    <ele>132.177</ele>
    <time>2024-06-28T21:22:33.915157</time>
</trkpt>
<trkpt lat="48.7949802" lon="2.2012902">
    <ele>125.986</ele>
    <time>2024-06-28T21:22:33.915157</time>
</trkpt>
<trkpt lat="48.7946961" lon="2.2005152">
    <ele>122.043</ele>
    <time>2024-06-28T21:22:33.915157</time>
</trkpt>
<trkpt lat="48.7943434" lon="2.1995643">
    <ele>123.685</ele>
    <time>2024-06-28T21:22:33.915157</time>
</trkpt>
<trkpt lat="48.7941443" lon="2.1990417">
    <ele>124.705</ele>
    <time>2024-06-28T21:22:33.915157</time>
</trkpt>
<trkpt lat="48.7930162" lon="2.1960917">
    <ele>132.095</ele>
    <time>2024-06-28T21:22:33.916154</time>
</trkpt>
<trkpt lat="48.7930757" lon="2.1960084">
    <ele>132.07</ele>
    <time>2024-06-28T21:22:33.916154</time>
</trkpt>
<trkpt lat="48.7930549" lon="2.195775">
    <ele>129.039</ele>
    <time>2024-06-28T21:22:33.916154</time>
</trkpt>
<trkpt lat="48.7929991" lon="2.1957242">
    <ele>128.949</ele>
    <time>2024-06-28T21:22:33.917151</time>
</trkpt>
<trkpt lat="48.7933739" lon="2.1937056">
    <ele>128.954</ele>
    <time>2024-06-28T21:22:33.917151</time>
</trkpt>
<trkpt lat="48.7936348" lon="2.1923006">
    <ele>127.39</ele>
    <time>2024-06-28T21:22:33.917151</time>
</trkpt>
<trkpt lat="48.7937106" lon="2.1918947">
    <ele>129.285</ele>
    <time>2024-06-28T21:22:33.917151</time>
</trkpt>
<trkpt lat="48.7940689" lon="2.1899759">
    <ele>132.043</ele>
    <time>2024-06-28T21:22:33.918148</time>
</trkpt>
<trkpt lat="48.7943844" lon="2.1883979">
    <ele>119.188</ele>
    <time>2024-06-28T21:22:33.918148</time>
</trkpt>
<trkpt lat="48.7946654" lon="2.1868783">
    <ele>118.733</ele>
    <time>2024-06-28T21:22:33.918148</time>
</trkpt>
<trkpt lat="48.7946964" lon="2.1867627">
    <ele>121.473</ele>
    <time>2024-06-28T21:22:33.918148</time>
</trkpt>
<trkpt lat="48.7955781" lon="2.1820788">
    <ele>115.055</ele>
    <time>2024-06-28T21:22:33.919146</time>
</trkpt>
<trkpt lat="48.7956222" lon="2.1817198">
    <ele>115.521</ele>
    <time>2024-06-28T21:22:33.919146</time>
</trkpt>
<trkpt lat="48.795605" lon="2.1812909">
    <ele>117.383</ele>
    <time>2024-06-28T21:22:33.919146</time>
</trkpt>
<trkpt lat="48.7957221" lon="2.1811351">
    <ele>116.8</ele>
    <time>2024-06-28T21:22:33.919146</time>
</trkpt>
<trkpt lat="48.7958138" lon="2.1810131">
    <ele>116.819</ele>
    <time>2024-06-28T21:22:33.920144</time>
</trkpt>
<trkpt lat="48.7957514" lon="2.1808723">
    <ele>116.933</ele>
    <time>2024-06-28T21:22:33.920144</time>
</trkpt>
<trkpt lat="48.795686" lon="2.1807281">
    <ele>117.196</ele>
    <time>2024-06-28T21:22:33.920144</time>
</trkpt>
<trkpt lat="48.7955779" lon="2.1804877">
    <ele>118.446</ele>
    <time>2024-06-28T21:22:33.920144</time>
</trkpt>
<trkpt lat="48.7932734" lon="2.1776531">
    <ele>134.382</ele>
    <time>2024-06-28T21:22:33.936100</time>
</trkpt>
<trkpt lat="48.7883588" lon="2.1790689">
    <ele>171.699</ele>
    <time>2024-06-28T21:22:33.936100</time>
</trkpt>
<trkpt lat="48.7877423" lon="2.1791445">
    <ele>173.777</ele>
    <time>2024-06-28T21:22:33.937098</time>
</trkpt>
<trkpt lat="48.787195" lon="2.1792197">
    <ele>175.316</ele>
    <time>2024-06-28T21:22:33.937098</time>
</trkpt>
<trkpt lat="48.7864723" lon="2.1793246">
    <ele>176.08</ele>
    <time>2024-06-28T21:22:33.937098</time>
</trkpt>
<trkpt lat="48.7858562" lon="2.1794005">
    <ele>175.896</ele>
    <time>2024-06-28T21:22:33.938095</time>
</trkpt>
<trkpt lat="48.7856247" lon="2.1793481">
    <ele>176.158</ele>
    <time>2024-06-28T21:22:33.938095</time>
</trkpt>
<trkpt lat="48.7854769" lon="2.1791951">
    <ele>176.482</ele>
    <time>2024-06-28T21:22:33.939092</time>
</trkpt>
<trkpt lat="48.7853944" lon="2.1790775">
    <ele>176.704</ele>
    <time>2024-06-28T21:22:33.939092</time>
</trkpt>
<trkpt lat="48.7848779" lon="2.1781804">
    <ele>177.115</ele>
    <time>2024-06-28T21:22:33.939092</time>
</trkpt>
<trkpt lat="48.7843498" lon="2.1772581">
    <ele>177.202</ele>
    <time>2024-06-28T21:22:33.940090</time>
</trkpt>
<trkpt lat="48.7841078" lon="2.1768526">
    <ele>177.503</ele>
    <time>2024-06-28T21:22:33.940090</time>
</trkpt>
<trkpt lat="48.784075" lon="2.1767953">
    <ele>177.588</ele>
    <time>2024-06-28T21:22:33.940090</time>
</trkpt>
<trkpt lat="48.7839972" lon="2.1766741">
    <ele>177.686</ele>
    <time>2024-06-28T21:22:33.940090</time>
</trkpt>
<trkpt lat="48.7834931" lon="2.1758363">
    <ele>176.686</ele>
    <time>2024-06-28T21:22:33.941087</time>
</trkpt>
<trkpt lat="48.7833804" lon="2.1756443">
    <ele>176.716</ele>
    <time>2024-06-28T21:22:33.941087</time>
</trkpt>
<trkpt lat="48.7831174" lon="2.1752085">
    <ele>176.664</ele>
    <time>2024-06-28T21:22:33.941087</time>
</trkpt>
<trkpt lat="48.7827946" lon="2.1746303">
    <ele>176.258</ele>
    <time>2024-06-28T21:22:33.941087</time>
</trkpt>
<trkpt lat="48.7826905" lon="2.1743892">
    <ele>176.558</ele>
    <time>2024-06-28T21:22:33.942084</time>
</trkpt>
<trkpt lat="48.7825374" lon="2.1739618">
    <ele>177.215</ele>
    <time>2024-06-28T21:22:33.942084</time>
</trkpt>
<trkpt lat="48.7792819" lon="2.1747101">
    <ele>176.278</ele>
    <time>2024-06-28T21:22:33.942084</time>
</trkpt>
<trkpt lat="48.7794849" lon="2.1719214">
    <ele>174.925</ele>
    <time>2024-06-28T21:22:33.943082</time>
</trkpt>
<trkpt lat="48.7796141" lon="2.1717067">
    <ele>174.392</ele>
    <time>2024-06-28T21:22:33.943082</time>
</trkpt>
<trkpt lat="48.7801127" lon="2.1710235">
    <ele>174.272</ele>
    <time>2024-06-28T21:22:33.943082</time>
</trkpt>
<trkpt lat="48.7805467" lon="2.1698174">
    <ele>175.186</ele>
    <time>2024-06-28T21:22:33.943082</time>
</trkpt>
<trkpt lat="48.7804701" lon="2.1691981">
    <ele>174.367</ele>
    <time>2024-06-28T21:22:33.944079</time>
</trkpt>
<trkpt lat="48.7805101" lon="2.169047">
    <ele>174.552</ele>
    <time>2024-06-28T21:22:33.944079</time>
</trkpt>
<trkpt lat="48.7804697" lon="2.1689351">
    <ele>175.153</ele>
    <time>2024-06-28T21:22:33.944079</time>
</trkpt>
<trkpt lat="48.7803198" lon="2.1689462">
    <ele>174.526</ele>
    <time>2024-06-28T21:22:33.945144</time>
</trkpt>
<trkpt lat="48.7802868" lon="2.1690715">
    <ele>174.159</ele>
    <time>2024-06-28T21:22:33.945144</time>
</trkpt>
<trkpt lat="48.7748924" lon="2.1716538">
    <ele>161.471</ele>
    <time>2024-06-28T21:22:33.946074</time>
</trkpt>
<trkpt lat="48.772704" lon="2.1727363">
    <ele>136.031</ele>
    <time>2024-06-28T21:22:33.946074</time>
</trkpt>
<trkpt lat="48.7716675" lon="2.1735425">
    <ele>128.089</ele>
    <time>2024-06-28T21:22:33.946074</time>
</trkpt>
<trkpt lat="48.7710861" lon="2.1725182">
    <ele>133.955</ele>
    <time>2024-06-28T21:22:33.946074</time>
</trkpt>
<trkpt lat="48.7693722" lon="2.1726686">
    <ele>115.354</ele>
    <time>2024-06-28T21:22:33.947071</time>
</trkpt>
<trkpt lat="48.7663009" lon="2.1699445">
    <ele>95.895</ele>
    <time>2024-06-28T21:22:33.947071</time>
</trkpt>
<trkpt lat="48.7649678" lon="2.1701335">
    <ele>88.409</ele>
    <time>2024-06-28T21:22:33.947071</time>
</trkpt>
<trkpt lat="48.764985" lon="2.1709829">
    <ele>89.095</ele>
    <time>2024-06-28T21:22:33.948068</time>
</trkpt>
<trkpt lat="48.7646085" lon="2.1708283">
    <ele>87.202</ele>
    <time>2024-06-28T21:22:33.948068</time>
</trkpt>
<trkpt lat="48.7644964" lon="2.170957">
    <ele>87.239</ele>
    <time>2024-06-28T21:22:33.948568</time>
</trkpt>
<trkpt lat="48.7639777" lon="2.1714094">
    <ele>88.086</ele>
    <time>2024-06-28T21:22:33.948568</time>
</trkpt>
<trkpt lat="48.7639212" lon="2.1714656">
    <ele>87.502</ele>
    <time>2024-06-28T21:22:33.949066</time>
</trkpt>
<trkpt lat="48.7638681" lon="2.1716723">
    <ele>87.204</ele>
    <time>2024-06-28T21:22:33.949066</time>
</trkpt>
<trkpt lat="48.7630412" lon="2.1753495">
    <ele>88.658</ele>
    <time>2024-06-28T21:22:33.949066</time>
</trkpt>
<trkpt lat="48.7619089" lon="2.1784455">
    <ele>93.543</ele>
    <time>2024-06-28T21:22:33.950064</time>
</trkpt>
<trkpt lat="48.7617873" lon="2.1786865">
    <ele>94.464</ele>
    <time>2024-06-28T21:22:33.950064</time>
</trkpt>
<trkpt lat="48.7615871" lon="2.182762">
    <ele>90.289</ele>
    <time>2024-06-28T21:22:33.950064</time>
</trkpt>
<trkpt lat="48.7584943" lon="2.1887331">
    <ele>94.003</ele>
    <time>2024-06-28T21:22:33.950064</time>
</trkpt>
<trkpt lat="48.7578293" lon="2.1915106">
    <ele>92.052</ele>
    <time>2024-06-28T21:22:33.951060</time>
</trkpt>
<trkpt lat="48.756098" lon="2.1948748">
    <ele>94.121</ele>
    <time>2024-06-28T21:22:33.951060</time>
</trkpt>
<trkpt lat="48.7548962" lon="2.1981693">
    <ele>90.192</ele>
    <time>2024-06-28T21:22:33.951060</time>
</trkpt>
<trkpt lat="48.7541238" lon="2.1999647">
    <ele>92.54</ele>
    <time>2024-06-28T21:22:33.952058</time>
</trkpt>
<trkpt lat="48.752461" lon="2.2012679">
    <ele>109.242</ele>
    <time>2024-06-28T21:22:33.952058</time>
</trkpt>
<trkpt lat="48.751844" lon="2.2049469">
    <ele>104.548</ele>
    <time>2024-06-28T21:22:33.952058</time>
</trkpt>
<trkpt lat="48.7508623" lon="2.2095766">
    <ele>89.135</ele>
    <time>2024-06-28T21:22:33.952058</time>
</trkpt>
<trkpt lat="48.7504319" lon="2.211072">
    <ele>90.883</ele>
    <time>2024-06-28T21:22:33.953055</time>
</trkpt>
<trkpt lat="48.7505121" lon="2.2111367">
    <ele>90.226</ele>
    <time>2024-06-28T21:22:33.953055</time>
</trkpt>
<trkpt lat="48.7506117" lon="2.2115923">
    <ele>89.18</ele>
    <time>2024-06-28T21:22:33.953055</time>
</trkpt>
<trkpt lat="48.7505477" lon="2.2116425">
    <ele>89.268</ele>
    <time>2024-06-28T21:22:33.953055</time>
</trkpt>
<trkpt lat="48.7507641" lon="2.2122581">
    <ele>85.661</ele>
    <time>2024-06-28T21:22:33.954052</time>
</trkpt>
<trkpt lat="48.7507892" lon="2.2123278">
    <ele>84.898</ele>
    <time>2024-06-28T21:22:33.954052</time>
</trkpt>
<trkpt lat="48.7512103" lon="2.2130479">
    <ele>81.3</ele>
    <time>2024-06-28T21:22:33.954052</time>
</trkpt>
<trkpt lat="48.7516075" lon="2.2136837">
    <ele>79.112</ele>
    <time>2024-06-28T21:22:33.954052</time>
</trkpt>
<trkpt lat="48.7517185" lon="2.2138623">
    <ele>77.983</ele>
    <time>2024-06-28T21:22:33.955049</time>
</trkpt>
<trkpt lat="48.7517522" lon="2.2139081">
    <ele>77.671</ele>
    <time>2024-06-28T21:22:33.955049</time>
</trkpt>
<trkpt lat="48.7524228" lon="2.2148083">
    <ele>74.976</ele>
    <time>2024-06-28T21:22:33.955049</time>
</trkpt>
<trkpt lat="48.7524076" lon="2.2149273">
    <ele>75.637</ele>
    <time>2024-06-28T21:22:33.955049</time>
</trkpt>
<trkpt lat="48.7519796" lon="2.2157454">
    <ele>76.768</ele>
    <time>2024-06-28T21:22:33.956046</time>
</trkpt>
<trkpt lat="48.751921" lon="2.2158507">
    <ele>76.844</ele>
    <time>2024-06-28T21:22:33.956046</time>
</trkpt>
<trkpt lat="48.7518028" lon="2.2160612">
    <ele>76.962</ele>
    <time>2024-06-28T21:22:33.956046</time>
</trkpt>
<trkpt lat="48.7517404" lon="2.2161759">
    <ele>76.776</ele>
    <time>2024-06-28T21:22:33.956046</time>
</trkpt>
<trkpt lat="48.7513054" lon="2.2169792">
    <ele>75.996</ele>
    <time>2024-06-28T21:22:33.957044</time>
</trkpt>
<trkpt lat="48.751038" lon="2.2175628">
    <ele>75.472</ele>
    <time>2024-06-28T21:22:33.957044</time>
</trkpt>
<trkpt lat="48.7501931" lon="2.2186823">
    <ele>74.687</ele>
    <time>2024-06-28T21:22:33.957044</time>
</trkpt>
<trkpt lat="48.7495476" lon="2.2198598">
    <ele>75.631</ele>
    <time>2024-06-28T21:22:33.957044</time>
</trkpt>
<trkpt lat="48.7495118" lon="2.2199351">
    <ele>75.702</ele>
    <time>2024-06-28T21:22:33.958042</time>
</trkpt>
<trkpt lat="48.7490406" lon="2.2209379">
    <ele>73.636</ele>
    <time>2024-06-28T21:22:33.958042</time>
</trkpt>
<trkpt lat="48.7505516" lon="2.2232585">
    <ele>85.259</ele>
    <time>2024-06-28T21:22:33.958042</time>
</trkpt>
<trkpt lat="48.7507755" lon="2.2237195">
    <ele>87.849</ele>
    <time>2024-06-28T21:22:33.958042</time>
</trkpt>
<trkpt lat="48.7511812" lon="2.2245079">
    <ele>90.691</ele>
    <time>2024-06-28T21:22:33.959039</time>
</trkpt>
<trkpt lat="48.7497168" lon="2.2280655">
    <ele>81.053</ele>
    <time>2024-06-28T21:22:33.959039</time>
</trkpt>
<trkpt lat="48.7491866" lon="2.2289166">
    <ele>79.793</ele>
    <time>2024-06-28T21:22:33.959039</time>
</trkpt>
<trkpt lat="48.7481023" lon="2.2286352">
    <ele>72.941</ele>
    <time>2024-06-28T21:22:33.960036</time>
</trkpt>
<trkpt lat="48.7474718" lon="2.2303369">
    <ele>75.354</ele>
    <time>2024-06-28T21:22:33.960036</time>
</trkpt>
<trkpt lat="48.7482195" lon="2.2303911">
    <ele>78.281</ele>
    <time>2024-06-28T21:22:33.960036</time>
</trkpt>
<trkpt lat="48.7477559" lon="2.2312129">
    <ele>80.996</ele>
    <time>2024-06-28T21:22:33.961075</time>
</trkpt>
<trkpt lat="48.7459884" lon="2.232348">
    <ele>96.095</ele>
    <time>2024-06-28T21:22:33.961075</time>
</trkpt>
<trkpt lat="48.7436643" lon="2.2342886">
    <ele>95.036</ele>
    <time>2024-06-28T21:22:33.962033</time>
</trkpt>
<trkpt lat="48.7435408" lon="2.2343847">
    <ele>94.591</ele>
    <time>2024-06-28T21:22:33.962033</time>
</trkpt>
<trkpt lat="48.742126" lon="2.2364812">
    <ele>89.153</ele>
    <time>2024-06-28T21:22:33.962033</time>
</trkpt>
<trkpt lat="48.741844" lon="2.236971">
    <ele>87.524</ele>
    <time>2024-06-28T21:22:33.962033</time>
</trkpt>
<trkpt lat="48.741335" lon="2.2382039">
    <ele>87.115</ele>
    <time>2024-06-28T21:22:33.963029</time>
</trkpt>
<trkpt lat="48.7411758" lon="2.2387251">
    <ele>83.977</ele>
    <time>2024-06-28T21:22:33.963029</time>
</trkpt>
<trkpt lat="48.7410399" lon="2.2389991">
    <ele>84.291</ele>
    <time>2024-06-28T21:22:33.963029</time>
</trkpt>
<trkpt lat="48.7409952" lon="2.2393053">
    <ele>85.586</ele>
    <time>2024-06-28T21:22:33.963029</time>
</trkpt>
<trkpt lat="48.741002" lon="2.2393505">
    <ele>85.82</ele>
    <time>2024-06-28T21:22:33.964025</time>
</trkpt>
<trkpt lat="48.7410182" lon="2.239457">
    <ele>86.88</ele>
    <time>2024-06-28T21:22:33.964025</time>
</trkpt>
<trkpt lat="48.741107" lon="2.240486">
    <ele>89.791</ele>
    <time>2024-06-28T21:22:33.964025</time>
</trkpt>
<trkpt lat="48.7411115" lon="2.240688">
    <ele>90.07</ele>
    <time>2024-06-28T21:22:33.965022</time>
</trkpt>
<trkpt lat="48.7408493" lon="2.2429087">
    <ele>99.778</ele>
    <time>2024-06-28T21:22:33.965022</time>
</trkpt>
<trkpt lat="48.7408863" lon="2.243503">
    <ele>96.759</ele>
    <time>2024-06-28T21:22:33.965022</time>
</trkpt>
<trkpt lat="48.7409548" lon="2.244801">
    <ele>94.304</ele>
    <time>2024-06-28T21:22:33.965022</time>
</trkpt>
<trkpt lat="48.7409095" lon="2.2447903">
    <ele>93.971</ele>
    <time>2024-06-28T21:22:33.966021</time>
</trkpt>
<trkpt lat="48.7392348" lon="2.2444515">
    <ele>76.306</ele>
    <time>2024-06-28T21:22:33.966021</time>
</trkpt>
<trkpt lat="48.7393741" lon="2.247282">
    <ele>79.84</ele>
    <time>2024-06-28T21:22:33.966021</time>
</trkpt>
<trkpt lat="48.7392763" lon="2.2474542">
    <ele>78.55</ele>
    <time>2024-06-28T21:22:33.966021</time>
</trkpt>
<trkpt lat="48.7369341" lon="2.2476913">
    <ele>64.422</ele>
    <time>2024-06-28T21:22:33.967017</time>
</trkpt>
<trkpt lat="48.7370679" lon="2.2437185">
    <ele>64.083</ele>
    <time>2024-06-28T21:22:33.967017</time>
</trkpt>
<trkpt lat="48.7371663" lon="2.2434995">
    <ele>64.289</ele>
    <time>2024-06-28T21:22:33.967017</time>
</trkpt>
<trkpt lat="48.736945" lon="2.2429118">
    <ele>64.531</ele>
    <time>2024-06-28T21:22:33.967017</time>
</trkpt>
<trkpt lat="48.7365077" lon="2.2410873">
    <ele>64.739</ele>
    <time>2024-06-28T21:22:33.968015</time>
</trkpt>
<trkpt lat="48.7368544" lon="2.2426955">
    <ele>64.629</ele>
    <time>2024-06-28T21:22:33.968015</time>
</trkpt>
<trkpt lat="48.7369431" lon="2.24361">
    <ele>64.35</ele>
    <time>2024-06-28T21:22:33.977989</time>
</trkpt>
<trkpt lat="48.7369157" lon="2.2436142">
    <ele>64.377</ele>
    <time>2024-06-28T21:22:33.978986</time>
</trkpt>
<trkpt lat="48.7368928" lon="2.2433725">
    <ele>64.492</ele>
    <time>2024-06-28T21:22:33.978986</time>
</trkpt>
<trkpt lat="48.7357145" lon="2.2384015">
    <ele>67.806</ele>
    <time>2024-06-28T21:22:33.978986</time>
</trkpt>
<trkpt lat="48.7355034" lon="2.2379663">
    <ele>67.298</ele>
    <time>2024-06-28T21:22:33.978986</time>
</trkpt>
<trkpt lat="48.7354911" lon="2.2378319">
    <ele>67.227</ele>
    <time>2024-06-28T21:22:33.979982</time>
</trkpt>
<trkpt lat="48.7353405" lon="2.2380344">
    <ele>67.933</ele>
    <time>2024-06-28T21:22:33.979982</time>
</trkpt>
<trkpt lat="48.7351263" lon="2.2383134">
    <ele>68.897</ele>
    <time>2024-06-28T21:22:33.980382</time>
</trkpt>
<trkpt lat="48.7336191" lon="2.2401895">
    <ele>78.524</ele>
    <time>2024-06-28T21:22:33.980382</time>
</trkpt>
<trkpt lat="48.7327522" lon="2.2412568">
    <ele>84.785</ele>
    <time>2024-06-28T21:22:33.981020</time>
</trkpt>
<trkpt lat="48.7323825" lon="2.241691">
    <ele>87.914</ele>
    <time>2024-06-28T21:22:33.981020</time>
</trkpt>
<trkpt lat="48.7323517" lon="2.2417271">
    <ele>88.167</ele>
    <time>2024-06-28T21:22:33.981020</time>
</trkpt>
<trkpt lat="48.7318054" lon="2.2423698">
    <ele>91.96</ele>
    <time>2024-06-28T21:22:33.981020</time>
</trkpt>
<trkpt lat="48.7313639" lon="2.2428551">
    <ele>94.124</ele>
    <time>2024-06-28T21:22:33.981978</time>
</trkpt>
<trkpt lat="48.7312466" lon="2.2428705">
    <ele>94.269</ele>
    <time>2024-06-28T21:22:33.981978</time>
</trkpt>
<trkpt lat="48.7309403" lon="2.2426633">
    <ele>95.122</ele>
    <time>2024-06-28T21:22:33.981978</time>
</trkpt>
<trkpt lat="48.7308671" lon="2.2423912">
    <ele>95.623</ele>
    <time>2024-06-28T21:22:33.981978</time>
</trkpt>
<trkpt lat="48.7310912" lon="2.2414634">
    <ele>92.078</ele>
    <time>2024-06-28T21:22:33.982975</time>
</trkpt>
<trkpt lat="48.7307513" lon="2.2408803">
    <ele>94.078</ele>
    <time>2024-06-28T21:22:33.982975</time>
</trkpt>
<trkpt lat="48.7306661" lon="2.240897">
    <ele>94.725</ele>
    <time>2024-06-28T21:22:33.982975</time>
</trkpt>
<trkpt lat="48.7305403" lon="2.2409096">
    <ele>95.8</ele>
    <time>2024-06-28T21:22:33.982975</time>
</trkpt>
<trkpt lat="48.7300707" lon="2.2413451">
    <ele>96.082</ele>
    <time>2024-06-28T21:22:33.982975</time>
</trkpt>
<trkpt lat="48.7298905" lon="2.2416792">
    <ele>97.978</ele>
    <time>2024-06-28T21:22:33.982975</time>
</trkpt>
<trkpt lat="48.7297382" lon="2.2420804">
    <ele>99.556</ele>
    <time>2024-06-28T21:22:33.983976</time>
</trkpt>
<trkpt lat="48.729659" lon="2.2423186">
    <ele>100.004</ele>
    <time>2024-06-28T21:22:33.983976</time>
</trkpt>
<trkpt lat="48.7279754" lon="2.2437438">
    <ele>97.414</ele>
    <time>2024-06-28T21:22:33.983976</time>
</trkpt>
<trkpt lat="48.7242336" lon="2.2455625">
    <ele>94.415</ele>
    <time>2024-06-28T21:22:33.983976</time>
</trkpt>
<trkpt lat="48.7226261" lon="2.2467667">
    <ele>100.798</ele>
    <time>2024-06-28T21:22:33.983976</time>
</trkpt>
<trkpt lat="48.7225325" lon="2.2467272">
    <ele>101.848</ele>
    <time>2024-06-28T21:22:33.983976</time>
</trkpt>
<trkpt lat="48.7224617" lon="2.2469023">
    <ele>101.746</ele>
    <time>2024-06-28T21:22:33.984969</time>
</trkpt>
<trkpt lat="48.7219308" lon="2.2472193">
    <ele>104.355</ele>
    <time>2024-06-28T21:22:33.985164</time>
</trkpt>
<trkpt lat="48.7216663" lon="2.2474625">
    <ele>103.851</ele>
    <time>2024-06-28T21:22:33.985164</time>
</trkpt>
<trkpt lat="48.7214567" lon="2.2475447">
    <ele>104.317</ele>
    <time>2024-06-28T21:22:33.985164</time>
</trkpt>
<trkpt lat="48.7208839" lon="2.2477693">
    <ele>103.645</ele>
    <time>2024-06-28T21:22:33.985164</time>
</trkpt>
<trkpt lat="48.7207495" lon="2.2466527">
    <ele>110.36</ele>
    <time>2024-06-28T21:22:33.985966</time>
</trkpt>
<trkpt lat="48.7207178" lon="2.2463836">
    <ele>111.474</ele>
    <time>2024-06-28T21:22:33.985966</time>
</trkpt>
<trkpt lat="48.7206106" lon="2.2455218">
    <ele>114.439</ele>
    <time>2024-06-28T21:22:33.985966</time>
</trkpt>
<trkpt lat="48.7205275" lon="2.2450623">
    <ele>115.567</ele>
    <time>2024-06-28T21:22:33.985966</time>
</trkpt>
<trkpt lat="48.7200381" lon="2.2441934">
    <ele>121.395</ele>
    <time>2024-06-28T21:22:33.985966</time>
</trkpt>
<trkpt lat="48.7198252" lon="2.2440562">
    <ele>122.919</ele>
    <time>2024-06-28T21:22:33.987961</time>
</trkpt>
<trkpt lat="48.7194313" lon="2.2436425">
    <ele>125.316</ele>
    <time>2024-06-28T21:22:33.987961</time>
</trkpt>
<trkpt lat="48.7176183" lon="2.2404929">
    <ele>142.028</ele>
    <time>2024-06-28T21:22:33.988959</time>
</trkpt>
<trkpt lat="48.7174051" lon="2.2400902">
    <ele>143.231</ele>
    <time>2024-06-28T21:22:33.988959</time>
</trkpt>
<trkpt lat="48.7172434" lon="2.2397835">
    <ele>144.243</ele>
    <time>2024-06-28T21:22:33.988959</time>
</trkpt>
<trkpt lat="48.7166966" lon="2.2387734">
    <ele>146.824</ele>
    <time>2024-06-28T21:22:33.988959</time>
</trkpt>
<trkpt lat="48.7164165" lon="2.2382439">
    <ele>149.123</ele>
    <time>2024-06-28T21:22:33.989957</time>
</trkpt>
<trkpt lat="48.7162941" lon="2.2380136">
    <ele>149.522</ele>
    <time>2024-06-28T21:22:33.989957</time>
</trkpt>
<trkpt lat="48.7159279" lon="2.2372993">
    <ele>149.661</ele>
    <time>2024-06-28T21:22:33.990953</time>
</trkpt>
<trkpt lat="48.7158914" lon="2.2373685">
    <ele>149.552</ele>
    <time>2024-06-28T21:22:33.990953</time>
</trkpt>
<trkpt lat="48.7157388" lon="2.2377112">
    <ele>149.146</ele>
    <time>2024-06-28T21:22:33.991951</time>
</trkpt>
<trkpt lat="48.7156055" lon="2.2379019">
    <ele>148.788</ele>
    <time>2024-06-28T21:22:33.991951</time>
</trkpt>
<trkpt lat="48.7149892" lon="2.2374226">
    <ele>149.561</ele>
    <time>2024-06-28T21:22:33.991951</time>
</trkpt>
<trkpt lat="48.7119385" lon="2.2324705">
    <ele>150.589</ele>
    <time>2024-06-28T21:22:33.991951</time>
</trkpt>
<trkpt lat="48.711396" lon="2.2307127">
    <ele>151.1</ele>
    <time>2024-06-28T21:22:33.992948</time>
</trkpt>
<trkpt lat="48.7101563" lon="2.2303391">
    <ele>152.044</ele>
    <time>2024-06-28T21:22:33.992948</time>
</trkpt>
<trkpt lat="48.7097474" lon="2.2303664">
    <ele>152.235</ele>
    <time>2024-06-28T21:22:33.992948</time>
</trkpt>
<trkpt lat="48.7092437" lon="2.2303798">
    <ele>151.394</ele>
    <time>2024-06-28T21:22:33.992948</time>
</trkpt>
<trkpt lat="48.7091244" lon="2.2307206">
    <ele>150.999</ele>
    <time>2024-06-28T21:22:33.993946</time>
</trkpt>
<trkpt lat="48.7092915" lon="2.2312976">
    <ele>146.898</ele>
    <time>2024-06-28T21:22:33.993946</time>
</trkpt>
<trkpt lat="48.7095063" lon="2.2345462">
    <ele>109.205</ele>
    <time>2024-06-28T21:22:33.993946</time>
</trkpt>
<trkpt lat="48.7095705" lon="2.235587">
    <ele>96.694</ele>
    <time>2024-06-28T21:22:33.993946</time>
</trkpt>
<trkpt lat="48.7096811" lon="2.2361619">
    <ele>92.071</ele>
    <time>2024-06-28T21:22:33.994942</time>
</trkpt>
<trkpt lat="48.7097769" lon="2.2369952">
    <ele>86.528</ele>
    <time>2024-06-28T21:22:33.994942</time>
</trkpt>
<trkpt lat="48.7096681" lon="2.2372858">
    <ele>86.054</ele>
    <time>2024-06-28T21:22:33.994942</time>
</trkpt>
<trkpt lat="48.7096875" lon="2.2373979">
    <ele>86.044</ele>
    <time>2024-06-28T21:22:33.994942</time>
</trkpt>
<trkpt lat="48.7096032" lon="2.2383236">
    <ele>81.225</ele>
    <time>2024-06-28T21:22:33.995940</time>
</trkpt>
<trkpt lat="48.7094683" lon="2.2384">
    <ele>81.648</ele>
    <time>2024-06-28T21:22:33.995940</time>
</trkpt>
<trkpt lat="48.709455" lon="2.2392432">
    <ele>75.807</ele>
    <time>2024-06-28T21:22:33.995940</time>
</trkpt>
<trkpt lat="48.7094593" lon="2.2394153">
    <ele>74.276</ele>
    <time>2024-06-28T21:22:33.995940</time>
</trkpt>
<trkpt lat="48.7094999" lon="2.2404298">
    <ele>67.871</ele>
    <time>2024-06-28T21:22:33.996938</time>
</trkpt>
<trkpt lat="48.7094083" lon="2.2408218">
    <ele>64.845</ele>
    <time>2024-06-28T21:22:33.996938</time>
</trkpt>
<trkpt lat="48.7087648" lon="2.2405867">
    <ele>67.367</ele>
    <time>2024-06-28T21:22:33.996938</time>
</trkpt>
<trkpt lat="48.7075213" lon="2.2397308">
    <ele>71.281</ele>
    <time>2024-06-28T21:22:33.996938</time>
</trkpt>
<trkpt lat="48.7073948" lon="2.2396235">
    <ele>71.629</ele>
    <time>2024-06-28T21:22:33.997935</time>
</trkpt>
<trkpt lat="48.7070303" lon="2.2392499">
    <ele>72.935</ele>
    <time>2024-06-28T21:22:33.997935</time>
</trkpt>
<trkpt lat="48.7067826" lon="2.2389484">
    <ele>72.633</ele>
    <time>2024-06-28T21:22:33.997935</time>
</trkpt>
<trkpt lat="48.7060912" lon="2.240307">
    <ele>64.632</ele>
    <time>2024-06-28T21:22:33.997935</time>
</trkpt>
<trkpt lat="48.7050321" lon="2.2422693">
    <ele>51.854</ele>
    <time>2024-06-28T21:22:33.998933</time>
</trkpt>
<trkpt lat="48.7048606" lon="2.2421299">
    <ele>52.657</ele>
    <time>2024-06-28T21:22:33.998933</time>
</trkpt>
<trkpt lat="48.7041664" lon="2.2425898">
    <ele>51.952</ele>
    <time>2024-06-28T21:22:33.998933</time>
</trkpt>
<trkpt lat="48.7039722" lon="2.2427626">
    <ele>51.735</ele>
    <time>2024-06-28T21:22:33.999930</time>
</trkpt>
<trkpt lat="48.7032698" lon="2.2430815">
    <ele>54.66</ele>
    <time>2024-06-28T21:22:33.999930</time>
</trkpt>
<trkpt lat="48.7029587" lon="2.2432553">
    <ele>56.367</ele>
    <time>2024-06-28T21:22:34.000928</time>
</trkpt>
<trkpt lat="48.7031726" lon="2.2441712">
    <ele>57.852</ele>
    <time>2024-06-28T21:22:34.000928</time>
</trkpt>
<trkpt lat="48.7033176" lon="2.2447394">
    <ele>59.021</ele>
    <time>2024-06-28T21:22:34.000928</time>
</trkpt>
<trkpt lat="48.7032135" lon="2.2448396">
    <ele>60.501</ele>
    <time>2024-06-28T21:22:34.001924</time>
</trkpt>
<trkpt lat="48.7030786" lon="2.2449741">
    <ele>61.658</ele>
    <time>2024-06-28T21:22:34.002923</time>
</trkpt>
<trkpt lat="48.7026842" lon="2.2453666">
    <ele>68.867</ele>
    <time>2024-06-28T21:22:34.002923</time>
</trkpt>
<trkpt lat="48.7022932" lon="2.2457043">
    <ele>73.962</ele>
    <time>2024-06-28T21:22:34.002923</time>
</trkpt>
<trkpt lat="48.7020972" lon="2.2458766">
    <ele>77.256</ele>
    <time>2024-06-28T21:22:34.002923</time>
</trkpt>
<trkpt lat="48.7017091" lon="2.2462324">
    <ele>81.852</ele>
    <time>2024-06-28T21:22:34.003919</time>
</trkpt>
<trkpt lat="48.7008498" lon="2.2454688">
    <ele>81.268</ele>
    <time>2024-06-28T21:22:34.003919</time>
</trkpt>
<trkpt lat="48.7007565" lon="2.2455894">
    <ele>82.162</ele>
    <time>2024-06-28T21:22:34.003919</time>
</trkpt>
<trkpt lat="48.7005609" lon="2.2457057">
    <ele>81.985</ele>
    <time>2024-06-28T21:22:34.003919</time>
</trkpt>
<trkpt lat="48.6992582" lon="2.2461042">
    <ele>91.107</ele>
    <time>2024-06-28T21:22:34.003919</time>
</trkpt>
<trkpt lat="48.6992235" lon="2.2461003">
    <ele>91.317</ele>
    <time>2024-06-28T21:22:34.004916</time>
</trkpt>
<trkpt lat="48.6990168" lon="2.246077">
    <ele>92.34</ele>
    <time>2024-06-28T21:22:34.004916</time>
</trkpt>
<trkpt lat="48.6987134" lon="2.2459783">
    <ele>93.479</ele>
    <time>2024-06-28T21:22:34.004916</time>
</trkpt>
<trkpt lat="48.6977046" lon="2.2463974">
    <ele>93.133</ele>
    <time>2024-06-28T21:22:34.004916</time>
</trkpt>
<trkpt lat="48.6974557" lon="2.2465398">
    <ele>92.241</ele>
    <time>2024-06-28T21:22:34.005914</time>
</trkpt>
<trkpt lat="48.6957775" lon="2.2474399">
    <ele>88.695</ele>
    <time>2024-06-28T21:22:34.005914</time>
</trkpt>
<trkpt lat="48.6972338" lon="2.246695">
    <ele>91.731</ele>
    <time>2024-06-28T21:22:34.005914</time>
</trkpt>
<trkpt lat="48.6992654" lon="2.2508597">
    <ele>88.047</ele>
    <time>2024-06-28T21:22:34.005914</time>
</trkpt>
<trkpt lat="48.6993073" lon="2.2509103">
    <ele>87.821</ele>
    <time>2024-06-28T21:22:34.006911</time>
</trkpt>
<trkpt lat="48.7009404" lon="2.2524464">
    <ele>79.347</ele>
    <time>2024-06-28T21:22:34.006911</time>
</trkpt>
<trkpt lat="48.7022367" lon="2.2532973">
    <ele>66.343</ele>
    <time>2024-06-28T21:22:34.006911</time>
</trkpt>
<trkpt lat="48.7023367" lon="2.2533582">
    <ele>65.482</ele>
    <time>2024-06-28T21:22:34.006911</time>
</trkpt>
<trkpt lat="48.7032843" lon="2.2543678">
    <ele>57.341</ele>
    <time>2024-06-28T21:22:34.007908</time>
</trkpt>
<trkpt lat="48.7035951" lon="2.2547593">
    <ele>55.076</ele>
    <time>2024-06-28T21:22:34.007908</time>
</trkpt>
<trkpt lat="48.7037048" lon="2.2549909">
    <ele>54.652</ele>
    <time>2024-06-28T21:22:34.007908</time>
</trkpt>
<trkpt lat="48.7036593" lon="2.255458">
    <ele>54.422</ele>
    <time>2024-06-28T21:22:34.007908</time>
</trkpt>
<trkpt lat="48.7038233" lon="2.2556969">
    <ele>53.243</ele>
    <time>2024-06-28T21:22:34.008906</time>
</trkpt>
<trkpt lat="48.7039451" lon="2.2557591">
    <ele>51.963</ele>
    <time>2024-06-28T21:22:34.008906</time>
</trkpt>
<trkpt lat="48.7045198" lon="2.2572838">
    <ele>49.032</ele>
    <time>2024-06-28T21:22:34.008906</time>
</trkpt>
<trkpt lat="48.7048515" lon="2.2580186">
    <ele>48.452</ele>
    <time>2024-06-28T21:22:34.008906</time>
</trkpt>
<trkpt lat="48.7053409" lon="2.2585739">
    <ele>48.819</ele>
    <time>2024-06-28T21:22:34.009903</time>
</trkpt>
<trkpt lat="48.7062673" lon="2.2592133">
    <ele>50.861</ele>
    <time>2024-06-28T21:22:34.009903</time>
</trkpt>
<trkpt lat="48.7066455" lon="2.2593962">
    <ele>50.828</ele>
    <time>2024-06-28T21:22:34.009903</time>
</trkpt>
<trkpt lat="48.7067919" lon="2.2594714">
    <ele>51.207</ele>
    <time>2024-06-28T21:22:34.009903</time>
</trkpt>
<trkpt lat="48.7070004" lon="2.259449">
    <ele>51.825</ele>
    <time>2024-06-28T21:22:34.009903</time>
</trkpt>
<trkpt lat="48.707164" lon="2.2593289">
    <ele>51.932</ele>
    <time>2024-06-28T21:22:34.010900</time>
</trkpt>
<trkpt lat="48.7075066" lon="2.2591416">
    <ele>52.909</ele>
    <time>2024-06-28T21:22:34.010900</time>
</trkpt>
<trkpt lat="48.7077906" lon="2.2592542">
    <ele>54.874</ele>
    <time>2024-06-28T21:22:34.010900</time>
</trkpt>
<trkpt lat="48.7080882" lon="2.2589897">
    <ele>55.166</ele>
    <time>2024-06-28T21:22:34.010900</time>
</trkpt>
<trkpt lat="48.7080477" lon="2.2581878">
    <ele>52.659</ele>
    <time>2024-06-28T21:22:34.011897</time>
</trkpt>
<trkpt lat="48.7079647" lon="2.2575796">
    <ele>52.851</ele>
    <time>2024-06-28T21:22:34.011897</time>
</trkpt>
<trkpt lat="48.7080875" lon="2.2571646">
    <ele>54.16</ele>
    <time>2024-06-28T21:22:34.011897</time>
</trkpt>
<trkpt lat="48.7083482" lon="2.2565378">
    <ele>54.923</ele>
    <time>2024-06-28T21:22:34.011897</time>
</trkpt>
<trkpt lat="48.7086689" lon="2.2558411">
    <ele>55.426</ele>
    <time>2024-06-28T21:22:34.011897</time>
</trkpt>
<trkpt lat="48.7087718" lon="2.2556305">
    <ele>56.43</ele>
    <time>2024-06-28T21:22:34.012895</time>
</trkpt>
<trkpt lat="48.7097685" lon="2.2542528">
    <ele>58.022</ele>
    <time>2024-06-28T21:22:34.012895</time>
</trkpt>
<trkpt lat="48.7102757" lon="2.2536312">
    <ele>58.609</ele>
    <time>2024-06-28T21:22:34.012895</time>
</trkpt>
<trkpt lat="48.7105876" lon="2.2526792">
    <ele>59.147</ele>
    <time>2024-06-28T21:22:34.012895</time>
</trkpt>
<trkpt lat="48.710855" lon="2.2511497">
    <ele>55.445</ele>
    <time>2024-06-28T21:22:34.015887</time>
</trkpt>
<trkpt lat="48.711005" lon="2.2499577">
    <ele>55.691</ele>
    <time>2024-06-28T21:22:34.015887</time>
</trkpt>
<trkpt lat="48.7110222" lon="2.2497144">
    <ele>55.455</ele>
    <time>2024-06-28T21:22:34.015887</time>
</trkpt>
<trkpt lat="48.7111194" lon="2.2477459">
    <ele>56.775</ele>
    <time>2024-06-28T21:22:34.015887</time>
</trkpt>
<trkpt lat="48.712139" lon="2.2479043">
    <ele>63.839</ele>
    <time>2024-06-28T21:22:34.016884</time>
</trkpt>
<trkpt lat="48.7126602" lon="2.2481435">
    <ele>67.499</ele>
    <time>2024-06-28T21:22:34.016884</time>
</trkpt>
<trkpt lat="48.7141661" lon="2.2483636">
    <ele>73.416</ele>
    <time>2024-06-28T21:22:34.016884</time>
</trkpt>
<trkpt lat="48.7142918" lon="2.2483127">
    <ele>74.005</ele>
    <time>2024-06-28T21:22:34.016884</time>
</trkpt>
<trkpt lat="48.7143181" lon="2.2482958">
    <ele>74.138</ele>
    <time>2024-06-28T21:22:34.017882</time>
</trkpt>
<trkpt lat="48.7145428" lon="2.248326">
    <ele>74.428</ele>
    <time>2024-06-28T21:22:34.017882</time>
</trkpt>
<trkpt lat="48.7145547" lon="2.2483534">
    <ele>74.362</ele>
    <time>2024-06-28T21:22:34.017882</time>
</trkpt>
<trkpt lat="48.7145927" lon="2.2483745">
    <ele>74.374</ele>
    <time>2024-06-28T21:22:34.018879</time>
</trkpt>
<trkpt lat="48.7146311" lon="2.2483401">
    <ele>74.57</ele>
    <time>2024-06-28T21:22:34.018879</time>
</trkpt>
<trkpt lat="48.7147554" lon="2.2482686">
    <ele>74.984</ele>
    <time>2024-06-28T21:22:34.018879</time>
</trkpt>
<trkpt lat="48.7153543" lon="2.2482106">
    <ele>77.408</ele>
    <time>2024-06-28T21:22:34.018879</time>
</trkpt>
<trkpt lat="48.71624" lon="2.2483336">
    <ele>81.511</ele>
    <time>2024-06-28T21:22:34.019877</time>
</trkpt>
<trkpt lat="48.7168912" lon="2.2486534">
    <ele>83.325</ele>
    <time>2024-06-28T21:22:34.019877</time>
</trkpt>
<trkpt lat="48.7173599" lon="2.248884">
    <ele>86.524</ele>
    <time>2024-06-28T21:22:34.019877</time>
</trkpt>
<trkpt lat="48.7174226" lon="2.2489162">
    <ele>87.104</ele>
    <time>2024-06-28T21:22:34.019877</time>
</trkpt>
<trkpt lat="48.7178323" lon="2.2491419">
    <ele>88.823</ele>
    <time>2024-06-28T21:22:34.020874</time>
</trkpt>
<trkpt lat="48.717884" lon="2.2491664">
    <ele>89.242</ele>
    <time>2024-06-28T21:22:34.020874</time>
</trkpt>
<trkpt lat="48.7180067" lon="2.2496474">
    <ele>90.322</ele>
    <time>2024-06-28T21:22:34.020874</time>
</trkpt>
<trkpt lat="48.7180432" lon="2.2498136">
    <ele>91.567</ele>
    <time>2024-06-28T21:22:34.020874</time>
</trkpt>
<trkpt lat="48.7181637" lon="2.2498223">
    <ele>91.293</ele>
    <time>2024-06-28T21:22:34.021871</time>
</trkpt>
<trkpt lat="48.7182001" lon="2.2497618">
    <ele>91.408</ele>
    <time>2024-06-28T21:22:34.021871</time>
</trkpt>
<trkpt lat="48.7182179" lon="2.2497322">
    <ele>91.645</ele>
    <time>2024-06-28T21:22:34.021871</time>
</trkpt>
<trkpt lat="48.7187443" lon="2.2494505">
    <ele>93.646</ele>
    <time>2024-06-28T21:22:34.021871</time>
</trkpt>
<trkpt lat="48.7189544" lon="2.2497332">
    <ele>95.192</ele>
    <time>2024-06-28T21:22:34.021871</time>
</trkpt>
<trkpt lat="48.7195095" lon="2.2505283">
    <ele>95.952</ele>
    <time>2024-06-28T21:22:34.022869</time>
</trkpt>
<trkpt lat="48.7197696" lon="2.2508772">
    <ele>96.249</ele>
    <time>2024-06-28T21:22:34.022869</time>
</trkpt>
<trkpt lat="48.7198683" lon="2.2509292">
    <ele>95.775</ele>
    <time>2024-06-28T21:22:34.022869</time>
</trkpt>
<trkpt lat="48.7199095" lon="2.2509509">
    <ele>95.606</ele>
    <time>2024-06-28T21:22:34.022869</time>
</trkpt>
<trkpt lat="48.7210947" lon="2.2513639">
    <ele>93.621</ele>
    <time>2024-06-28T21:22:34.023866</time>
</trkpt>
<trkpt lat="48.7211647" lon="2.2513938">
    <ele>94.211</ele>
    <time>2024-06-28T21:22:34.023866</time>
</trkpt>
<trkpt lat="48.7218256" lon="2.2490815">
    <ele>100.849</ele>
    <time>2024-06-28T21:22:34.023866</time>
</trkpt>
<trkpt lat="48.7243605" lon="2.2415232">
    <ele>98.637</ele>
    <time>2024-06-28T21:22:34.023866</time>
</trkpt>
<trkpt lat="48.7238794" lon="2.2383536">
    <ele>109.54</ele>
    <time>2024-06-28T21:22:34.024863</time>
</trkpt>
<trkpt lat="48.7248304" lon="2.2381911">
    <ele>111.266</ele>
    <time>2024-06-28T21:22:34.024863</time>
</trkpt>
<trkpt lat="48.724851" lon="2.2367549">
    <ele>117.351</ele>
    <time>2024-06-28T21:22:34.024863</time>
</trkpt>
<trkpt lat="48.724851" lon="2.2363257">
    <ele>120.579</ele>
    <time>2024-06-28T21:22:34.024863</time>
</trkpt>
<trkpt lat="48.7248541" lon="2.2355365">
    <ele>126.644</ele>
    <time>2024-06-28T21:22:34.025861</time>
</trkpt>
<trkpt lat="48.7248315" lon="2.235337">
    <ele>127.927</ele>
    <time>2024-06-28T21:22:34.025861</time>
</trkpt>
<trkpt lat="48.7247524" lon="2.2349608">
    <ele>130.198</ele>
    <time>2024-06-28T21:22:34.025861</time>
</trkpt>
<trkpt lat="48.7242479" lon="2.234791">
    <ele>133.04</ele>
    <time>2024-06-28T21:22:34.025861</time>
</trkpt>
<trkpt lat="48.7242662" lon="2.2330628">
    <ele>138.309</ele>
    <time>2024-06-28T21:22:34.026858</time>
</trkpt>
<trkpt lat="48.7243979" lon="2.2316329">
    <ele>140.634</ele>
    <time>2024-06-28T21:22:34.026858</time>
</trkpt>
<trkpt lat="48.7247078" lon="2.2305526">
    <ele>142.142</ele>
    <time>2024-06-28T21:22:34.026858</time>
</trkpt>
<trkpt lat="48.7248738" lon="2.2299173">
    <ele>143.801</ele>
    <time>2024-06-28T21:22:34.026858</time>
</trkpt>
<trkpt lat="48.7247897" lon="2.2286053">
    <ele>145.108</ele>
    <time>2024-06-28T21:22:34.027614</time>
</trkpt>
<trkpt lat="48.7255718" lon="2.2209544">
    <ele>142.721</ele>
    <time>2024-06-28T21:22:34.027859</time>
</trkpt>
<trkpt lat="48.7266671" lon="2.2214115">
    <ele>140.395</ele>
    <time>2024-06-28T21:22:34.027859</time>
</trkpt>
<trkpt lat="48.7281168" lon="2.2226235">
    <ele>138.17</ele>
    <time>2024-06-28T21:22:34.027859</time>
</trkpt>
<trkpt lat="48.7288916" lon="2.2232325">
    <ele>131.002</ele>
    <time>2024-06-28T21:22:34.027859</time>
</trkpt>
<trkpt lat="48.72898" lon="2.2245738">
    <ele>124.116</ele>
    <time>2024-06-28T21:22:34.027859</time>
</trkpt>
<trkpt lat="48.7295756" lon="2.2251913">
    <ele>115.998</ele>
    <time>2024-06-28T21:22:34.027859</time>
</trkpt>
<trkpt lat="48.7300214" lon="2.224068">
    <ele>109.052</ele>
    <time>2024-06-28T21:22:34.028854</time>
</trkpt>
<trkpt lat="48.7311242" lon="2.2263132">
    <ele>98.063</ele>
    <time>2024-06-28T21:22:34.028854</time>
</trkpt>
<trkpt lat="48.7321331" lon="2.2259379">
    <ele>91.069</ele>
    <time>2024-06-28T21:22:34.028854</time>
</trkpt>
<trkpt lat="48.7320454" lon="2.2253049">
    <ele>92.126</ele>
    <time>2024-06-28T21:22:34.028854</time>
</trkpt>
<trkpt lat="48.7321732" lon="2.2234779">
    <ele>92.141</ele>
    <time>2024-06-28T21:22:34.028854</time>
</trkpt>
<trkpt lat="48.7322405" lon="2.2225871">
    <ele>93.459</ele>
    <time>2024-06-28T21:22:34.028854</time>
</trkpt>
<trkpt lat="48.7330589" lon="2.2225987">
    <ele>89.341</ele>
    <time>2024-06-28T21:22:34.028854</time>
</trkpt>
<trkpt lat="48.7330381" lon="2.2229227">
    <ele>89.344</ele>
    <time>2024-06-28T21:22:34.029852</time>
</trkpt>
<trkpt lat="48.7345241" lon="2.2250351">
    <ele>81.488</ele>
    <time>2024-06-28T21:22:34.029852</time>
</trkpt>
<trkpt lat="48.7339314" lon="2.2259768">
    <ele>84.015</ele>
    <time>2024-06-28T21:22:34.029852</time>
</trkpt>
<trkpt lat="48.7357326" lon="2.2285687">
    <ele>74.264</ele>
    <time>2024-06-28T21:22:34.029852</time>
</trkpt>
<trkpt lat="48.7356994" lon="2.2286398">
    <ele>74.075</ele>
    <time>2024-06-28T21:22:34.030364</time>
</trkpt>
<trkpt lat="48.7357043" lon="2.2287343">
    <ele>74.214</ele>
    <time>2024-06-28T21:22:34.030364</time>
</trkpt>
<trkpt lat="48.735737" lon="2.2287936">
    <ele>74.061</ele>
    <time>2024-06-28T21:22:34.030364</time>
</trkpt>
<trkpt lat="48.7358232" lon="2.2287853">
    <ele>74.122</ele>
    <time>2024-06-28T21:22:34.030849</time>
</trkpt>
<trkpt lat="48.7362634" lon="2.2295466">
    <ele>76.21</ele>
    <time>2024-06-28T21:22:34.030849</time>
</trkpt>
<trkpt lat="48.736397" lon="2.2297132">
    <ele>77.078</ele>
    <time>2024-06-28T21:22:34.030849</time>
</trkpt>
<trkpt lat="48.7368617" lon="2.229442">
    <ele>81.443</ele>
    <time>2024-06-28T21:22:34.030849</time>
</trkpt>
<trkpt lat="48.7371641" lon="2.2291859">
    <ele>83.704</ele>
    <time>2024-06-28T21:22:34.030849</time>
</trkpt>
<trkpt lat="48.7373748" lon="2.2291938">
    <ele>84.669</ele>
    <time>2024-06-28T21:22:34.030849</time>
</trkpt>
<trkpt lat="48.7374171" lon="2.2292932">
    <ele>84.705</ele>
    <time>2024-06-28T21:22:34.030849</time>
</trkpt>
<trkpt lat="48.7374821" lon="2.2293231">
    <ele>84.687</ele>
    <time>2024-06-28T21:22:34.031846</time>
</trkpt>
<trkpt lat="48.7378663" lon="2.2303912">
    <ele>84.719</ele>
    <time>2024-06-28T21:22:34.031846</time>
</trkpt>
<trkpt lat="48.7379006" lon="2.2305386">
    <ele>84.6</ele>
    <time>2024-06-28T21:22:34.031846</time>
</trkpt>
<trkpt lat="48.738037" lon="2.232138">
    <ele>78.493</ele>
    <time>2024-06-28T21:22:34.031846</time>
</trkpt>
<trkpt lat="48.7380698" lon="2.2321967">
    <ele>78.309</ele>
    <time>2024-06-28T21:22:34.031846</time>
</trkpt>
<trkpt lat="48.7380632" lon="2.2331301">
    <ele>73.776</ele>
    <time>2024-06-28T21:22:34.031846</time>
</trkpt>
<trkpt lat="48.7380584" lon="2.2334165">
    <ele>72.566</ele>
    <time>2024-06-28T21:22:34.032845</time>
</trkpt>
<trkpt lat="48.7379725" lon="2.2338543">
    <ele>70.896</ele>
    <time>2024-06-28T21:22:34.032845</time>
</trkpt>
<trkpt lat="48.7378951" lon="2.2341936">
    <ele>69.727</ele>
    <time>2024-06-28T21:22:34.032845</time>
</trkpt>
<trkpt lat="48.7377132" lon="2.2348322">
    <ele>68.378</ele>
    <time>2024-06-28T21:22:34.032845</time>
</trkpt>
<trkpt lat="48.7364973" lon="2.2366441">
    <ele>67.275</ele>
    <time>2024-06-28T21:22:34.032845</time>
</trkpt>
<trkpt lat="48.7364765" lon="2.236674">
    <ele>67.231</ele>
    <time>2024-06-28T21:22:34.033507</time>
</trkpt>
<trkpt lat="48.7362173" lon="2.2370002">
    <ele>67.16</ele>
    <time>2024-06-28T21:22:34.033839</time>
</trkpt>
<trkpt lat="48.7360206" lon="2.2373602">
    <ele>65.602</ele>
    <time>2024-06-28T21:22:34.033839</time>
</trkpt>
<trkpt lat="48.7360055" lon="2.237363">
    <ele>65.621</ele>
    <time>2024-06-28T21:22:34.033839</time>
</trkpt>
<trkpt lat="48.7359082" lon="2.2374117">
    <ele>65.711</ele>
    <time>2024-06-28T21:22:34.033839</time>
</trkpt>
<trkpt lat="48.7358059" lon="2.2375125">
    <ele>65.808</ele>
    <time>2024-06-28T21:22:34.033839</time>
</trkpt>
<trkpt lat="48.7357256" lon="2.2376326">
    <ele>65.957</ele>
    <time>2024-06-28T21:22:34.033839</time>
</trkpt>
<trkpt lat="48.7357069" lon="2.2381068">
    <ele>66.79</ele>
    <time>2024-06-28T21:22:34.034836</time>
</trkpt>
<trkpt lat="48.7357713" lon="2.2382711">
    <ele>67.065</ele>
    <time>2024-06-28T21:22:34.034836</time>
</trkpt>
<trkpt lat="48.7357145" lon="2.2384015">
    <ele>67.806</ele>
    <time>2024-06-28T21:22:34.034836</time>
</trkpt>
<trkpt lat="48.7368928" lon="2.2433725">
    <ele>64.492</ele>
    <time>2024-06-28T21:22:34.034836</time>
</trkpt>
<trkpt lat="48.7369157" lon="2.2436142">
    <ele>64.377</ele>
    <time>2024-06-28T21:22:34.034836</time>
</trkpt>
<trkpt lat="48.7382809" lon="2.253143">
    <ele>60.785</ele>
    <time>2024-06-28T21:22:34.035876</time>
</trkpt>
<trkpt lat="48.7381969" lon="2.2542556">
    <ele>61.359</ele>
    <time>2024-06-28T21:22:34.035876</time>
</trkpt>
<trkpt lat="48.7382814" lon="2.254414">
    <ele>61.463</ele>
    <time>2024-06-28T21:22:34.035876</time>
</trkpt>
<trkpt lat="48.7379603" lon="2.255778">
    <ele>61.587</ele>
    <time>2024-06-28T21:22:34.035876</time>
</trkpt>
<trkpt lat="48.7377578" lon="2.2563595">
    <ele>60.202</ele>
    <time>2024-06-28T21:22:34.035876</time>
</trkpt>
<trkpt lat="48.7376759" lon="2.2566962">
    <ele>59.932</ele>
    <time>2024-06-28T21:22:34.035876</time>
</trkpt>
<trkpt lat="48.7376447" lon="2.2568273">
    <ele>60.209</ele>
    <time>2024-06-28T21:22:34.036831</time>
</trkpt>
<trkpt lat="48.7374066" lon="2.2582331">
    <ele>59.875</ele>
    <time>2024-06-28T21:22:34.036831</time>
</trkpt>
<trkpt lat="48.7375169" lon="2.2602474">
    <ele>60.483</ele>
    <time>2024-06-28T21:22:34.036831</time>
</trkpt>
<trkpt lat="48.7380741" lon="2.2640008">
    <ele>57.842</ele>
    <time>2024-06-28T21:22:34.036831</time>
</trkpt>
<trkpt lat="48.7379866" lon="2.2646437">
    <ele>57.801</ele>
    <time>2024-06-28T21:22:34.036831</time>
</trkpt>
<trkpt lat="48.7379245" lon="2.2649806">
    <ele>57.863</ele>
    <time>2024-06-28T21:22:34.036831</time>
</trkpt>
<trkpt lat="48.7378835" lon="2.2651335">
    <ele>57.658</ele>
    <time>2024-06-28T21:22:34.037828</time>
</trkpt>
<trkpt lat="48.7375535" lon="2.2666391">
    <ele>57.698</ele>
    <time>2024-06-28T21:22:34.037917</time>
</trkpt>
<trkpt lat="48.7374226" lon="2.2676838">
    <ele>56.865</ele>
    <time>2024-06-28T21:22:34.037917</time>
</trkpt>
<trkpt lat="48.7374344" lon="2.267885">
    <ele>56.969</ele>
    <time>2024-06-28T21:22:34.037917</time>
</trkpt>
<trkpt lat="48.7374713" lon="2.267883">
    <ele>57.08</ele>
    <time>2024-06-28T21:22:34.037917</time>
</trkpt>
<trkpt lat="48.7376632" lon="2.2677863">
    <ele>57.667</ele>
    <time>2024-06-28T21:22:34.037917</time>
</trkpt>
<trkpt lat="48.7377865" lon="2.2677472">
    <ele>57.362</ele>
    <time>2024-06-28T21:22:34.037917</time>
</trkpt>
<trkpt lat="48.7388953" lon="2.2670775">
    <ele>60.71</ele>
    <time>2024-06-28T21:22:34.038826</time>
</trkpt>
<trkpt lat="48.7390012" lon="2.2670109">
    <ele>61.777</ele>
    <time>2024-06-28T21:22:34.038826</time>
</trkpt>
<trkpt lat="48.7396517" lon="2.2665702">
    <ele>66.16</ele>
    <time>2024-06-28T21:22:34.038826</time>
</trkpt>
<trkpt lat="48.7403271" lon="2.2661775">
    <ele>70.67</ele>
    <time>2024-06-28T21:22:34.038826</time>
</trkpt>
<trkpt lat="48.739731" lon="2.2643878">
    <ele>71.797</ele>
    <time>2024-06-28T21:22:34.038826</time>
</trkpt>
<trkpt lat="48.7402822" lon="2.2635572">
    <ele>76.604</ele>
    <time>2024-06-28T21:22:34.038826</time>
</trkpt>
<trkpt lat="48.7406182" lon="2.2645446">
    <ele>76.943</ele>
    <time>2024-06-28T21:22:34.038826</time>
</trkpt>
<trkpt lat="48.7414372" lon="2.2633113">
    <ele>81.405</ele>
    <time>2024-06-28T21:22:34.039824</time>
</trkpt>
<trkpt lat="48.7418386" lon="2.2642684">
    <ele>80.298</ele>
    <time>2024-06-28T21:22:34.039824</time>
</trkpt>
<trkpt lat="48.7425876" lon="2.2631004">
    <ele>83.343</ele>
    <time>2024-06-28T21:22:34.040186</time>
</trkpt>
<trkpt lat="48.7430913" lon="2.2623663">
    <ele>87.3</ele>
    <time>2024-06-28T21:22:34.040186</time>
</trkpt>
<trkpt lat="48.7432399" lon="2.2621768">
    <ele>87.424</ele>
    <time>2024-06-28T21:22:34.040186</time>
</trkpt>
<trkpt lat="48.7434345" lon="2.2621476">
    <ele>87.79</ele>
    <time>2024-06-28T21:22:34.040186</time>
</trkpt>
<trkpt lat="48.7441839" lon="2.261873">
    <ele>90.845</ele>
    <time>2024-06-28T21:22:34.040820</time>
</trkpt>
<trkpt lat="48.7445637" lon="2.2617408">
    <ele>91.942</ele>
    <time>2024-06-28T21:22:34.040820</time>
</trkpt>
<trkpt lat="48.7459062" lon="2.2606603">
    <ele>98.773</ele>
    <time>2024-06-28T21:22:34.040820</time>
</trkpt>
<trkpt lat="48.7451655" lon="2.2597651">
    <ele>100.853</ele>
    <time>2024-06-28T21:22:34.040820</time>
</trkpt>
<trkpt lat="48.7451904" lon="2.2596642">
    <ele>101.032</ele>
    <time>2024-06-28T21:22:34.040820</time>
</trkpt>
<trkpt lat="48.7473233" lon="2.2576729">
    <ele>112.422</ele>
    <time>2024-06-28T21:22:34.040820</time>
</trkpt>
<trkpt lat="48.747355" lon="2.2575644">
    <ele>112.983</ele>
    <time>2024-06-28T21:22:34.040820</time>
</trkpt>
<trkpt lat="48.7474091" lon="2.2572725">
    <ele>114.793</ele>
    <time>2024-06-28T21:22:34.041817</time>
</trkpt>
<trkpt lat="48.7477844" lon="2.2552037">
    <ele>130.073</ele>
    <time>2024-06-28T21:22:34.041817</time>
</trkpt>
<trkpt lat="48.7482637" lon="2.2521205">
    <ele>153.523</ele>
    <time>2024-06-28T21:22:34.041817</time>
</trkpt>
<trkpt lat="48.7482816" lon="2.2518564">
    <ele>154.392</ele>
    <time>2024-06-28T21:22:34.041817</time>
</trkpt>
<trkpt lat="48.7483162" lon="2.2513571">
    <ele>157.484</ele>
    <time>2024-06-28T21:22:34.041817</time>
</trkpt>
<trkpt lat="48.748421" lon="2.2494438">
    <ele>162.3</ele>
    <time>2024-06-28T21:22:34.041817</time>
</trkpt>
<trkpt lat="48.7484047" lon="2.2493247">
    <ele>164.44</ele>
    <time>2024-06-28T21:22:34.041817</time>
</trkpt>
<trkpt lat="48.748482" lon="2.249278">
    <ele>166.684</ele>
    <time>2024-06-28T21:22:34.042814</time>
</trkpt>
<trkpt lat="48.7492799" lon="2.2487756">
    <ele>173.363</ele>
    <time>2024-06-28T21:22:34.042814</time>
</trkpt>
<trkpt lat="48.7505283" lon="2.2479851">
    <ele>176.616</ele>
    <time>2024-06-28T21:22:34.042814</time>
</trkpt>
<trkpt lat="48.7530465" lon="2.2465458">
    <ele>179.143</ele>
    <time>2024-06-28T21:22:34.042814</time>
</trkpt>
<trkpt lat="48.7530655" lon="2.2465954">
    <ele>179.141</ele>
    <time>2024-06-28T21:22:34.042814</time>
</trkpt>
<trkpt lat="48.7539423" lon="2.2482604">
    <ele>177.054</ele>
    <time>2024-06-28T21:22:34.042814</time>
</trkpt>
<trkpt lat="48.754175" lon="2.2482434">
    <ele>176.762</ele>
    <time>2024-06-28T21:22:34.042814</time>
</trkpt>
<trkpt lat="48.7548984" lon="2.2477029">
    <ele>180.182</ele>
    <time>2024-06-28T21:22:34.043812</time>
</trkpt>
<trkpt lat="48.7558756" lon="2.2469011">
    <ele>180.962</ele>
    <time>2024-06-28T21:22:34.043812</time>
</trkpt>
<trkpt lat="48.7574157" lon="2.2457109">
    <ele>181.285</ele>
    <time>2024-06-28T21:22:34.043812</time>
</trkpt>
<trkpt lat="48.759428" lon="2.244161">
    <ele>176.256</ele>
    <time>2024-06-28T21:22:34.043812</time>
</trkpt>
<trkpt lat="48.7595341" lon="2.2442827">
    <ele>175.458</ele>
    <time>2024-06-28T21:22:34.043812</time>
</trkpt>
<trkpt lat="48.7596801" lon="2.2442477">
    <ele>173.778</ele>
    <time>2024-06-28T21:22:34.043812</time>
</trkpt>
<trkpt lat="48.7597588" lon="2.2440796">
    <ele>173.629</ele>
    <time>2024-06-28T21:22:34.044809</time>
</trkpt>
<trkpt lat="48.7616095" lon="2.2424046">
    <ele>176.182</ele>
    <time>2024-06-28T21:22:34.044809</time>
</trkpt>
<trkpt lat="48.7597431" lon="2.2438884">
    <ele>173.999</ele>
    <time>2024-06-28T21:22:34.044809</time>
</trkpt>
<trkpt lat="48.7596067" lon="2.2437463">
    <ele>174.808</ele>
    <time>2024-06-28T21:22:34.044809</time>
</trkpt>
<trkpt lat="48.7594844" lon="2.2437877">
    <ele>175.371</ele>
    <time>2024-06-28T21:22:34.044809</time>
</trkpt>
<trkpt lat="48.7594061" lon="2.2439573">
    <ele>175.801</ele>
    <time>2024-06-28T21:22:34.045608</time>
</trkpt>
<trkpt lat="48.759428" lon="2.244161">
    <ele>176.256</ele>
    <time>2024-06-28T21:22:34.045807</time>
</trkpt>
<trkpt lat="48.7574157" lon="2.2457109">
    <ele>181.285</ele>
    <time>2024-06-28T21:22:34.045807</time>
</trkpt>
<trkpt lat="48.7558756" lon="2.2469011">
    <ele>180.962</ele>
    <time>2024-06-28T21:22:34.045807</time>
</trkpt>
<trkpt lat="48.7548984" lon="2.2477029">
    <ele>180.182</ele>
    <time>2024-06-28T21:22:34.045807</time>
</trkpt>
<trkpt lat="48.754175" lon="2.2482434">
    <ele>176.762</ele>
    <time>2024-06-28T21:22:34.045807</time>
</trkpt>
<trkpt lat="48.7539423" lon="2.2482604">
    <ele>177.054</ele>
    <time>2024-06-28T21:22:34.046804</time>
</trkpt>
<trkpt lat="48.7530655" lon="2.2465954">
    <ele>179.141</ele>
    <time>2024-06-28T21:22:34.046804</time>
</trkpt>
<trkpt lat="48.7530465" lon="2.2465458">
    <ele>179.143</ele>
    <time>2024-06-28T21:22:34.046804</time>
</trkpt>
<trkpt lat="48.7505283" lon="2.2479851">
    <ele>176.616</ele>
    <time>2024-06-28T21:22:34.046804</time>
</trkpt>
<trkpt lat="48.7492799" lon="2.2487756">
    <ele>173.363</ele>
    <time>2024-06-28T21:22:34.047802</time>
</trkpt>
<trkpt lat="48.748482" lon="2.249278">
    <ele>166.684</ele>
    <time>2024-06-28T21:22:34.047802</time>
</trkpt>
<trkpt lat="48.7484047" lon="2.2493247">
    <ele>164.44</ele>
    <time>2024-06-28T21:22:34.047802</time>
</trkpt>
<trkpt lat="48.748421" lon="2.2494438">
    <ele>162.3</ele>
    <time>2024-06-28T21:22:34.047802</time>
</trkpt>
<trkpt lat="48.7483162" lon="2.2513571">
    <ele>157.484</ele>
    <time>2024-06-28T21:22:34.048799</time>
</trkpt>
<trkpt lat="48.7482816" lon="2.2518564">
    <ele>154.392</ele>
    <time>2024-06-28T21:22:34.048799</time>
</trkpt>
<trkpt lat="48.7482637" lon="2.2521205">
    <ele>153.523</ele>
    <time>2024-06-28T21:22:34.048799</time>
</trkpt>
<trkpt lat="48.7477844" lon="2.2552037">
    <ele>130.073</ele>
    <time>2024-06-28T21:22:34.048799</time>
</trkpt>
<trkpt lat="48.7474091" lon="2.2572725">
    <ele>114.793</ele>
    <time>2024-06-28T21:22:34.049796</time>
</trkpt>
<trkpt lat="48.747355" lon="2.2575644">
    <ele>112.983</ele>
    <time>2024-06-28T21:22:34.049796</time>
</trkpt>
<trkpt lat="48.7473233" lon="2.2576729">
    <ele>112.422</ele>
    <time>2024-06-28T21:22:34.049796</time>
</trkpt>
<trkpt lat="48.7451904" lon="2.2596642">
    <ele>101.032</ele>
    <time>2024-06-28T21:22:34.049796</time>
</trkpt>
<trkpt lat="48.7450941" lon="2.2596246">
    <ele>100.051</ele>
    <time>2024-06-28T21:22:34.049796</time>
</trkpt>
<trkpt lat="48.7450473" lon="2.2593359">
    <ele>99.515</ele>
    <time>2024-06-28T21:22:34.050794</time>
</trkpt>
<trkpt lat="48.7437876" lon="2.2615155">
    <ele>90.814</ele>
    <time>2024-06-28T21:22:34.050794</time>
</trkpt>
<trkpt lat="48.7431693" lon="2.2605974">
    <ele>93.308</ele>
    <time>2024-06-28T21:22:34.050794</time>
</trkpt>
<trkpt lat="48.7427989" lon="2.2599514">
    <ele>93.868</ele>
    <time>2024-06-28T21:22:34.050794</time>
</trkpt>
<trkpt lat="48.7423319" lon="2.2582453">
    <ele>96.644</ele>
    <time>2024-06-28T21:22:34.051791</time>
</trkpt>
<trkpt lat="48.7407883" lon="2.2588238">
    <ele>86.729</ele>
    <time>2024-06-28T21:22:34.051791</time>
</trkpt>
<trkpt lat="48.7406864" lon="2.25811">
    <ele>86.842</ele>
    <time>2024-06-28T21:22:34.052480</time>
</trkpt>
<trkpt lat="48.7406118" lon="2.2574061">
    <ele>85.114</ele>
    <time>2024-06-28T21:22:34.052789</time>
</trkpt>
<trkpt lat="48.7405349" lon="2.2567035">
    <ele>83.553</ele>
    <time>2024-06-28T21:22:34.052789</time>
</trkpt>
<trkpt lat="48.7405774" lon="2.2541397">
    <ele>83.903</ele>
    <time>2024-06-28T21:22:34.052789</time>
</trkpt>
<trkpt lat="48.7405928" lon="2.2540345">
    <ele>83.441</ele>
    <time>2024-06-28T21:22:34.052789</time>
</trkpt>
<trkpt lat="48.7409181" lon="2.2518382">
    <ele>83.785</ele>
    <time>2024-06-28T21:22:34.052789</time>
</trkpt>
<trkpt lat="48.7411004" lon="2.2515079">
    <ele>85.22</ele>
    <time>2024-06-28T21:22:34.053786</time>
</trkpt>
<trkpt lat="48.7411983" lon="2.2514082">
    <ele>85.907</ele>
    <time>2024-06-28T21:22:34.053786</time>
</trkpt>
<trkpt lat="48.7412632" lon="2.2512653">
    <ele>86.09</ele>
    <time>2024-06-28T21:22:34.053786</time>
</trkpt>
<trkpt lat="48.7412538" lon="2.2509134">
    <ele>84.744</ele>
    <time>2024-06-28T21:22:34.053786</time>
</trkpt>
<trkpt lat="48.7411607" lon="2.2508193">
    <ele>84.023</ele>
    <time>2024-06-28T21:22:34.054784</time>
</trkpt>
<trkpt lat="48.7410519" lon="2.2506005">
    <ele>82.957</ele>
    <time>2024-06-28T21:22:34.054988</time>
</trkpt>
<trkpt lat="48.7410358" lon="2.25025">
    <ele>82.567</ele>
    <time>2024-06-28T21:22:34.054988</time>
</trkpt>
<trkpt lat="48.7408584" lon="2.2496667">
    <ele>82.002</ele>
    <time>2024-06-28T21:22:34.054988</time>
</trkpt>
<trkpt lat="48.7405409" lon="2.2469102">
    <ele>94.284</ele>
    <time>2024-06-28T21:22:34.055780</time>
</trkpt>
<trkpt lat="48.7406385" lon="2.2465679">
    <ele>96.786</ele>
    <time>2024-06-28T21:22:34.055780</time>
</trkpt>
<trkpt lat="48.7409632" lon="2.2451654">
    <ele>96.476</ele>
    <time>2024-06-28T21:22:34.055780</time>
</trkpt>
<trkpt lat="48.7409548" lon="2.244801">
    <ele>94.304</ele>
    <time>2024-06-28T21:22:34.056778</time>
</trkpt>
<trkpt lat="48.7408863" lon="2.243503">
    <ele>96.759</ele>
    <time>2024-06-28T21:22:34.056778</time>
</trkpt>
<trkpt lat="48.7408493" lon="2.2429087">
    <ele>99.778</ele>
    <time>2024-06-28T21:22:34.057350</time>
</trkpt>
<trkpt lat="48.7411115" lon="2.240688">
    <ele>90.07</ele>
    <time>2024-06-28T21:22:34.057775</time>
</trkpt>
<trkpt lat="48.741107" lon="2.240486">
    <ele>89.791</ele>
    <time>2024-06-28T21:22:34.057775</time>
</trkpt>
<trkpt lat="48.7410182" lon="2.239457">
    <ele>86.88</ele>
    <time>2024-06-28T21:22:34.057775</time>
</trkpt>
<trkpt lat="48.7410613" lon="2.239171">
    <ele>85.795</ele>
    <time>2024-06-28T21:22:34.057775</time>
</trkpt>
<trkpt lat="48.7411758" lon="2.2387251">
    <ele>83.977</ele>
    <time>2024-06-28T21:22:34.058773</time>
</trkpt>
<trkpt lat="48.741335" lon="2.2382039">
    <ele>87.115</ele>
    <time>2024-06-28T21:22:34.058932</time>
</trkpt>
<trkpt lat="48.741844" lon="2.236971">
    <ele>87.524</ele>
    <time>2024-06-28T21:22:34.058932</time>
</trkpt>
<trkpt lat="48.742126" lon="2.2364812">
    <ele>89.153</ele>
    <time>2024-06-28T21:22:34.058932</time>
</trkpt>
<trkpt lat="48.7435408" lon="2.2343847">
    <ele>94.591</ele>
    <time>2024-06-28T21:22:34.059769</time>
</trkpt>
<trkpt lat="48.7436643" lon="2.2342886">
    <ele>95.036</ele>
    <time>2024-06-28T21:22:34.059769</time>
</trkpt>
<trkpt lat="48.7454944" lon="2.231035">
    <ele>74.962</ele>
    <time>2024-06-28T21:22:34.059769</time>
</trkpt>
<trkpt lat="48.7461127" lon="2.2298935">
    <ele>67.968</ele>
    <time>2024-06-28T21:22:34.059769</time>
</trkpt>
<trkpt lat="48.7460552" lon="2.2297681">
    <ele>68.156</ele>
    <time>2024-06-28T21:22:34.059769</time>
</trkpt>
<trkpt lat="48.7459364" lon="2.2295047">
    <ele>68.896</ele>
    <time>2024-06-28T21:22:34.060766</time>
</trkpt>
<trkpt lat="48.7458826" lon="2.2293922">
    <ele>69.654</ele>
    <time>2024-06-28T21:22:34.060766</time>
</trkpt>
<trkpt lat="48.7457524" lon="2.2291605">
    <ele>69.939</ele>
    <time>2024-06-28T21:22:34.060766</time>
</trkpt>
<trkpt lat="48.745456" lon="2.2288142">
    <ele>70.137</ele>
    <time>2024-06-28T21:22:34.060766</time>
</trkpt>
<trkpt lat="48.7451148" lon="2.2284763">
    <ele>70.274</ele>
    <time>2024-06-28T21:22:34.061764</time>
</trkpt>
<trkpt lat="48.7448665" lon="2.2281699">
    <ele>72.226</ele>
    <time>2024-06-28T21:22:34.061764</time>
</trkpt>
<trkpt lat="48.7431307" lon="2.2277852">
    <ele>74.047</ele>
    <time>2024-06-28T21:22:34.061764</time>
</trkpt>
<trkpt lat="48.7428344" lon="2.2260051">
    <ele>80.338</ele>
    <time>2024-06-28T21:22:34.061764</time>
</trkpt>
<trkpt lat="48.7426981" lon="2.2260738">
    <ele>79.101</ele>
    <time>2024-06-28T21:22:34.062761</time>
</trkpt>
<trkpt lat="48.7426619" lon="2.2258899">
    <ele>80.102</ele>
    <time>2024-06-28T21:22:34.062761</time>
</trkpt>
<trkpt lat="48.7423001" lon="2.2251835">
    <ele>84.614</ele>
    <time>2024-06-28T21:22:34.062761</time>
</trkpt>
<trkpt lat="48.7417586" lon="2.22447">
    <ele>92.694</ele>
    <time>2024-06-28T21:22:34.062761</time>
</trkpt>
<trkpt lat="48.7415167" lon="2.2241321">
    <ele>97.356</ele>
    <time>2024-06-28T21:22:34.062761</time>
</trkpt>
<trkpt lat="48.741501" lon="2.2240813">
    <ele>97.583</ele>
    <time>2024-06-28T21:22:34.063758</time>
</trkpt>
<trkpt lat="48.7414906" lon="2.2240118">
    <ele>98.09</ele>
    <time>2024-06-28T21:22:34.063758</time>
</trkpt>
<trkpt lat="48.7414368" lon="2.2240147">
    <ele>98.203</ele>
    <time>2024-06-28T21:22:34.063758</time>
</trkpt>
<trkpt lat="48.7413679" lon="2.2240086">
    <ele>98.361</ele>
    <time>2024-06-28T21:22:34.063758</time>
</trkpt>
<trkpt lat="48.7399554" lon="2.2238729">
    <ele>110.984</ele>
    <time>2024-06-28T21:22:34.063758</time>
</trkpt>
<trkpt lat="48.7400411" lon="2.2230087">
    <ele>114.704</ele>
    <time>2024-06-28T21:22:34.064758</time>
</trkpt>
<trkpt lat="48.7402655" lon="2.2229226">
    <ele>118.881</ele>
    <time>2024-06-28T21:22:34.064758</time>
</trkpt>
<trkpt lat="48.7403711" lon="2.222734">
    <ele>122.154</ele>
    <time>2024-06-28T21:22:34.064758</time>
</trkpt>
<trkpt lat="48.7405022" lon="2.2190249">
    <ele>140.528</ele>
    <time>2024-06-28T21:22:34.064758</time>
</trkpt>
<trkpt lat="48.7397853" lon="2.2175766">
    <ele>145.536</ele>
    <time>2024-06-28T21:22:34.064758</time>
</trkpt>
<trkpt lat="48.7395368" lon="2.2168077">
    <ele>148.458</ele>
    <time>2024-06-28T21:22:34.064758</time>
</trkpt>
<trkpt lat="48.7394936" lon="2.2166754">
    <ele>148.274</ele>
    <time>2024-06-28T21:22:34.064758</time>
</trkpt>
<trkpt lat="48.7395604" lon="2.2167023">
    <ele>148.681</ele>
    <time>2024-06-28T21:22:34.065754</time>
</trkpt>
<trkpt lat="48.7396922" lon="2.216688">
    <ele>149.492</ele>
    <time>2024-06-28T21:22:34.065754</time>
</trkpt>
<trkpt lat="48.7405858" lon="2.2148082">
    <ele>164.952</ele>
    <time>2024-06-28T21:22:34.065754</time>
</trkpt>
<trkpt lat="48.7408313" lon="2.2139882">
    <ele>156.762</ele>
    <time>2024-06-28T21:22:34.065754</time>
</trkpt>
<trkpt lat="48.7408459" lon="2.2139371">
    <ele>157.227</ele>
    <time>2024-06-28T21:22:34.065754</time>
</trkpt>
<trkpt lat="48.7410169" lon="2.2133396">
    <ele>164.559</ele>
    <time>2024-06-28T21:22:34.065754</time>
</trkpt>
<trkpt lat="48.7421467" lon="2.2103414">
    <ele>147.278</ele>
    <time>2024-06-28T21:22:34.065754</time>
</trkpt>
<trkpt lat="48.7438524" lon="2.2091257">
    <ele>147.56</ele>
    <time>2024-06-28T21:22:34.066752</time>
</trkpt>
<trkpt lat="48.7451052" lon="2.2090904">
    <ele>150.604</ele>
    <time>2024-06-28T21:22:34.066752</time>
</trkpt>
<trkpt lat="48.7480796" lon="2.1995439">
    <ele>146.91</ele>
    <time>2024-06-28T21:22:34.066752</time>
</trkpt>
<trkpt lat="48.747033" lon="2.1976378">
    <ele>149.007</ele>
    <time>2024-06-28T21:22:34.066752</time>
</trkpt>
<trkpt lat="48.74363" lon="2.1903538">
    <ele>157.686</ele>
    <time>2024-06-28T21:22:34.066752</time>
</trkpt>
<trkpt lat="48.7436511" lon="2.1902313">
    <ele>157.746</ele>
    <time>2024-06-28T21:22:34.066752</time>
</trkpt>
<trkpt lat="48.7435779" lon="2.1900989">
    <ele>157.829</ele>
    <time>2024-06-28T21:22:34.066752</time>
</trkpt>
<trkpt lat="48.7429603" lon="2.1887293">
    <ele>154.855</ele>
    <time>2024-06-28T21:22:34.067749</time>
</trkpt>
<trkpt lat="48.7433557" lon="2.1882731">
    <ele>155.963</ele>
    <time>2024-06-28T21:22:34.067749</time>
</trkpt>
<trkpt lat="48.7428421" lon="2.1871626">
    <ele>157.228</ele>
    <time>2024-06-28T21:22:34.067749</time>
</trkpt>
<trkpt lat="48.7408599" lon="2.1829802">
    <ele>150.463</ele>
    <time>2024-06-28T21:22:34.067749</time>
</trkpt>
<trkpt lat="48.7355017" lon="2.1719648">
    <ele>150.018</ele>
    <time>2024-06-28T21:22:34.067749</time>
</trkpt>
<trkpt lat="48.7350401" lon="2.1711408">
    <ele>148.53</ele>
    <time>2024-06-28T21:22:34.068460</time>
</trkpt>
<trkpt lat="48.7337345" lon="2.1689797">
    <ele>152.377</ele>
    <time>2024-06-28T21:22:34.068460</time>
</trkpt>
<trkpt lat="48.7332987" lon="2.1682998">
    <ele>152.289</ele>
    <time>2024-06-28T21:22:34.068748</time>
</trkpt>
<trkpt lat="48.7313562" lon="2.1648769">
    <ele>156.066</ele>
    <time>2024-06-28T21:22:34.068748</time>
</trkpt>
<trkpt lat="48.7313267" lon="2.1648193">
    <ele>156.151</ele>
    <time>2024-06-28T21:22:34.068748</time>
</trkpt>
<trkpt lat="48.7311114" lon="2.164398">
    <ele>156.663</ele>
    <time>2024-06-28T21:22:34.068748</time>
</trkpt>
<trkpt lat="48.7307633" lon="2.1637556">
    <ele>156.963</ele>
    <time>2024-06-28T21:22:34.068748</time>
</trkpt>
<trkpt lat="48.7308208" lon="2.1632825">
    <ele>156.784</ele>
    <time>2024-06-28T21:22:34.068748</time>
</trkpt>
<trkpt lat="48.730837" lon="2.1631619">
    <ele>156.817</ele>
    <time>2024-06-28T21:22:34.068748</time>
</trkpt>
<trkpt lat="48.7301258" lon="2.1627057">
    <ele>156.499</ele>
    <time>2024-06-28T21:22:34.068748</time>
</trkpt>
<trkpt lat="48.7301617" lon="2.1625161">
    <ele>156.632</ele>
    <time>2024-06-28T21:22:34.069743</time>
</trkpt>
<trkpt lat="48.7309029" lon="2.1586011">
    <ele>157.97</ele>
    <time>2024-06-28T21:22:34.069743</time>
</trkpt>
<trkpt lat="48.7301635" lon="2.1483261">
    <ele>157.75</ele>
    <time>2024-06-28T21:22:34.069743</time>
</trkpt>
<trkpt lat="48.7295611" lon="2.1452698">
    <ele>157.15</ele>
    <time>2024-06-28T21:22:34.069743</time>
</trkpt>
<trkpt lat="48.729476" lon="2.1447663">
    <ele>157.379</ele>
    <time>2024-06-28T21:22:34.069743</time>
</trkpt>
<trkpt lat="48.7297557" lon="2.143997">
    <ele>157.407</ele>
    <time>2024-06-28T21:22:34.069743</time>
</trkpt>
<trkpt lat="48.7293529" lon="2.1440456">
    <ele>157.314</ele>
    <time>2024-06-28T21:22:34.069743</time>
</trkpt>
<trkpt lat="48.729476" lon="2.1447663">
    <ele>157.379</ele>
    <time>2024-06-28T21:22:34.069743</time>
</trkpt>
<trkpt lat="48.7293692" lon="2.144774">
    <ele>157.358</ele>
    <time>2024-06-28T21:22:34.069743</time>
</trkpt>
<trkpt lat="48.7249276" lon="2.138829">
    <ele>151.399</ele>
    <time>2024-06-28T21:22:34.070740</time>
</trkpt>
<trkpt lat="48.7247894" lon="2.1386185">
    <ele>150.714</ele>
    <time>2024-06-28T21:22:34.070740</time>
</trkpt>
<trkpt lat="48.723857" lon="2.1381805">
    <ele>150.24</ele>
    <time>2024-06-28T21:22:34.070740</time>
</trkpt>
<trkpt lat="48.7203261" lon="2.1379204">
    <ele>154.808</ele>
    <time>2024-06-28T21:22:34.070740</time>
</trkpt>
<trkpt lat="48.7200547" lon="2.1380085">
    <ele>155.717</ele>
    <time>2024-06-28T21:22:34.070740</time>
</trkpt>
<trkpt lat="48.7176854" lon="2.1389835">
    <ele>159.432</ele>
    <time>2024-06-28T21:22:34.070740</time>
</trkpt>
<trkpt lat="48.7168149" lon="2.1401134">
    <ele>160.423</ele>
    <time>2024-06-28T21:22:34.070740</time>
</trkpt>
<trkpt lat="48.71481" lon="2.1439477">
    <ele>161.032</ele>
    <time>2024-06-28T21:22:34.071738</time>
</trkpt>
<trkpt lat="48.7145678" lon="2.1446029">
    <ele>161.382</ele>
    <time>2024-06-28T21:22:34.071965</time>
</trkpt>
<trkpt lat="48.7144494" lon="2.1444458">
    <ele>161.61</ele>
    <time>2024-06-28T21:22:34.071965</time>
</trkpt>
<trkpt lat="48.714523" lon="2.1437923">
    <ele>161.607</ele>
    <time>2024-06-28T21:22:34.071965</time>
</trkpt>
<trkpt lat="48.7145416" lon="2.1435887">
    <ele>161.786</ele>
    <time>2024-06-28T21:22:34.071965</time>
</trkpt>
<trkpt lat="48.7136097" lon="2.1437161">
    <ele>162.629</ele>
    <time>2024-06-28T21:22:34.071965</time>
</trkpt>
<trkpt lat="48.712538" lon="2.1431573">
    <ele>162.98</ele>
    <time>2024-06-28T21:22:34.071965</time>
</trkpt>
<trkpt lat="48.712296" lon="2.142993">
    <ele>161.59</ele>
    <time>2024-06-28T21:22:34.071965</time>
</trkpt>
<trkpt lat="48.7119598" lon="2.144329">
    <ele>162.555</ele>
    <time>2024-06-28T21:22:34.072735</time>
</trkpt>
<trkpt lat="48.7065781" lon="2.1388451">
    <ele>161.567</ele>
    <time>2024-06-28T21:22:34.072735</time>
</trkpt>
<trkpt lat="48.706323" lon="2.1385271">
    <ele>159.331</ele>
    <time>2024-06-28T21:22:34.072735</time>
</trkpt>
<trkpt lat="48.7082859" lon="2.1344513">
    <ele>135.442</ele>
    <time>2024-06-28T21:22:34.072735</time>
</trkpt>
<trkpt lat="48.708177" lon="2.1318812">
    <ele>120.565</ele>
    <time>2024-06-28T21:22:34.072735</time>
</trkpt>
<trkpt lat="48.7099272" lon="2.1279083">
    <ele>98.237</ele>
    <time>2024-06-28T21:22:34.072735</time>
</trkpt>
<trkpt lat="48.7097595" lon="2.1277124">
    <ele>96.517</ele>
    <time>2024-06-28T21:22:34.072735</time>
</trkpt>
<trkpt lat="48.7095011" lon="2.1273933">
    <ele>92.812</ele>
    <time>2024-06-28T21:22:34.072735</time>
</trkpt>
<trkpt lat="48.7090988" lon="2.1268595">
    <ele>90.126</ele>
    <time>2024-06-28T21:22:34.072735</time>
</trkpt>
<trkpt lat="48.7083185" lon="2.1258938">
    <ele>83.153</ele>
    <time>2024-06-28T21:22:34.073732</time>
</trkpt>
<trkpt lat="48.7072054" lon="2.1272852">
    <ele>80.071</ele>
    <time>2024-06-28T21:22:34.073732</time>
</trkpt>
<trkpt lat="48.706702" lon="2.1247508">
    <ele>75.106</ele>
    <time>2024-06-28T21:22:34.073732</time>
</trkpt>
<trkpt lat="48.7061639" lon="2.1255301">
    <ele>73.142</ele>
    <time>2024-06-28T21:22:34.073732</time>
</trkpt>
<trkpt lat="48.7054805" lon="2.1261727">
    <ele>75.486</ele>
    <time>2024-06-28T21:22:34.073732</time>
</trkpt>
<trkpt lat="48.7050496" lon="2.1264579">
    <ele>75.515</ele>
    <time>2024-06-28T21:22:34.073732</time>
</trkpt>
<trkpt lat="48.7048815" lon="2.1265685">
    <ele>75.131</ele>
    <time>2024-06-28T21:22:34.073732</time>
</trkpt>
<trkpt lat="48.704471" lon="2.1266145">
    <ele>74.4</ele>
    <time>2024-06-28T21:22:34.073732</time>
</trkpt>
<trkpt lat="48.704143" lon="2.1265467">
    <ele>73.107</ele>
    <time>2024-06-28T21:22:34.074731</time>
</trkpt>
<trkpt lat="48.7040633" lon="2.126411">
    <ele>73.54</ele>
    <time>2024-06-28T21:22:34.074731</time>
</trkpt>
<trkpt lat="48.7039726" lon="2.1264776">
    <ele>73.529</ele>
    <time>2024-06-28T21:22:34.074731</time>
</trkpt>
<trkpt lat="48.7040042" lon="2.1266677">
    <ele>73.337</ele>
    <time>2024-06-28T21:22:34.074731</time>
</trkpt>
<trkpt lat="48.7037019" lon="2.1278745">
    <ele>72.024</ele>
    <time>2024-06-28T21:22:34.074731</time>
</trkpt>
<trkpt lat="48.7035802" lon="2.1284059">
    <ele>72.164</ele>
    <time>2024-06-28T21:22:34.074731</time>
</trkpt>
<trkpt lat="48.703554" lon="2.1285178">
    <ele>72.53</ele>
    <time>2024-06-28T21:22:34.074731</time>
</trkpt>
<trkpt lat="48.7035016" lon="2.1287467">
    <ele>71.767</ele>
    <time>2024-06-28T21:22:34.074731</time>
</trkpt>
<trkpt lat="48.7025695" lon="2.1312277">
    <ele>67.199</ele>
    <time>2024-06-28T21:22:34.074731</time>
</trkpt>
<trkpt lat="48.7023736" lon="2.1316927">
    <ele>66.916</ele>
    <time>2024-06-28T21:22:34.075727</time>
</trkpt>
<trkpt lat="48.7022982" lon="2.1318689">
    <ele>67.317</ele>
    <time>2024-06-28T21:22:34.075727</time>
</trkpt>
<trkpt lat="48.7021517" lon="2.1324817">
    <ele>67.596</ele>
    <time>2024-06-28T21:22:34.075727</time>
</trkpt>
<trkpt lat="48.7021305" lon="2.1327813">
    <ele>68.337</ele>
    <time>2024-06-28T21:22:34.075727</time>
</trkpt>
<trkpt lat="48.7023503" lon="2.1351717">
    <ele>74.303</ele>
    <time>2024-06-28T21:22:34.075727</time>
</trkpt>
<trkpt lat="48.7023437" lon="2.1352637">
    <ele>74.461</ele>
    <time>2024-06-28T21:22:34.075727</time>
</trkpt>
<trkpt lat="48.7023901" lon="2.135294">
    <ele>74.862</ele>
    <time>2024-06-28T21:22:34.075727</time>
</trkpt>
<trkpt lat="48.7027069" lon="2.1365032">
    <ele>81.817</ele>
    <time>2024-06-28T21:22:34.075727</time>
</trkpt>
<trkpt lat="48.7028031" lon="2.1368018">
    <ele>82.463</ele>
    <time>2024-06-28T21:22:34.075727</time>
</trkpt>
<trkpt lat="48.7030322" lon="2.1386486">
    <ele>87.011</ele>
    <time>2024-06-28T21:22:34.076724</time>
</trkpt>
<trkpt lat="48.7030481" lon="2.1401125">
    <ele>89.089</ele>
    <time>2024-06-28T21:22:34.076724</time>
</trkpt>
<trkpt lat="48.7026418" lon="2.1430543">
    <ele>85.653</ele>
    <time>2024-06-28T21:22:34.076724</time>
</trkpt>
<trkpt lat="48.7025489" lon="2.1435655">
    <ele>85.23</ele>
    <time>2024-06-28T21:22:34.076724</time>
</trkpt>
<trkpt lat="48.7023291" lon="2.1444993">
    <ele>86.577</ele>
    <time>2024-06-28T21:22:34.076724</time>
</trkpt>
<trkpt lat="48.7021996" lon="2.1462568">
    <ele>86.805</ele>
    <time>2024-06-28T21:22:34.076724</time>
</trkpt>
<trkpt lat="48.7022088" lon="2.1463513">
    <ele>86.785</ele>
    <time>2024-06-28T21:22:34.076724</time>
</trkpt>
<trkpt lat="48.7022363" lon="2.1470086">
    <ele>85.295</ele>
    <time>2024-06-28T21:22:34.076724</time>
</trkpt>
<trkpt lat="48.7022445" lon="2.1470922">
    <ele>85.129</ele>
    <time>2024-06-28T21:22:34.076724</time>
</trkpt>
<trkpt lat="48.7022562" lon="2.147348">
    <ele>84.962</ele>
    <time>2024-06-28T21:22:34.077722</time>
</trkpt>
<trkpt lat="48.702295" lon="2.1481954">
    <ele>85.976</ele>
    <time>2024-06-28T21:22:34.077722</time>
</trkpt>
<trkpt lat="48.7023123" lon="2.1486164">
    <ele>87.159</ele>
    <time>2024-06-28T21:22:34.077722</time>
</trkpt>
<trkpt lat="48.7023144" lon="2.1486679">
    <ele>87.328</ele>
    <time>2024-06-28T21:22:34.077722</time>
</trkpt>
<trkpt lat="48.7023001" lon="2.1495492">
    <ele>88.137</ele>
    <time>2024-06-28T21:22:34.077722</time>
</trkpt>
<trkpt lat="48.7022626" lon="2.1509031">
    <ele>89.614</ele>
    <time>2024-06-28T21:22:34.077722</time>
</trkpt>
<trkpt lat="48.702267" lon="2.1512513">
    <ele>89.759</ele>
    <time>2024-06-28T21:22:34.077722</time>
</trkpt>
<trkpt lat="48.7022693" lon="2.1513026">
    <ele>89.649</ele>
    <time>2024-06-28T21:22:34.077722</time>
</trkpt>
<trkpt lat="48.7023525" lon="2.1528917">
    <ele>89.156</ele>
    <time>2024-06-28T21:22:34.078719</time>
</trkpt>
<trkpt lat="48.7023691" lon="2.1532659">
    <ele>88.901</ele>
    <time>2024-06-28T21:22:34.078719</time>
</trkpt>
<trkpt lat="48.7024027" lon="2.1536243">
    <ele>90.384</ele>
    <time>2024-06-28T21:22:34.078719</time>
</trkpt>
<trkpt lat="48.702438" lon="2.1537943">
    <ele>90.696</ele>
    <time>2024-06-28T21:22:34.078719</time>
</trkpt>
<trkpt lat="48.7024207" lon="2.1540779">
    <ele>90.226</ele>
    <time>2024-06-28T21:22:34.078719</time>
</trkpt>
<trkpt lat="48.7025336" lon="2.1541618">
    <ele>90.994</ele>
    <time>2024-06-28T21:22:34.078719</time>
</trkpt>
<trkpt lat="48.7026313" lon="2.1544935">
    <ele>91.239</ele>
    <time>2024-06-28T21:22:34.078719</time>
</trkpt>
<trkpt lat="48.7026482" lon="2.1543854">
    <ele>91.431</ele>
    <time>2024-06-28T21:22:34.078719</time>
</trkpt>
<trkpt lat="48.7027224" lon="2.1543049">
    <ele>92.088</ele>
    <time>2024-06-28T21:22:34.078719</time>
</trkpt>
<trkpt lat="48.7030504" lon="2.1545678">
    <ele>94.185</ele>
    <time>2024-06-28T21:22:34.079716</time>
</trkpt>
<trkpt lat="48.7050042" lon="2.1565057">
    <ele>127.983</ele>
    <time>2024-06-28T21:22:34.079716</time>
</trkpt>
<trkpt lat="48.7036641" lon="2.1550959">
    <ele>105.665</ele>
    <time>2024-06-28T21:22:34.079716</time>
</trkpt>
<trkpt lat="48.7030504" lon="2.1545678">
    <ele>94.185</ele>
    <time>2024-06-28T21:22:34.079716</time>
</trkpt>
<trkpt lat="48.7027224" lon="2.1543049">
    <ele>92.088</ele>
    <time>2024-06-28T21:22:34.079716</time>
</trkpt>
<trkpt lat="48.7026189" lon="2.1542294">
    <ele>91.539</ele>
    <time>2024-06-28T21:22:34.079716</time>
</trkpt>
<trkpt lat="48.7025726" lon="2.1541936">
    <ele>91.247</ele>
    <time>2024-06-28T21:22:34.079716</time>
</trkpt>
<trkpt lat="48.7025336" lon="2.1541618">
    <ele>90.994</ele>
    <time>2024-06-28T21:22:34.079716</time>
</trkpt>
<trkpt lat="48.7026313" lon="2.1544935">
    <ele>91.239</ele>
    <time>2024-06-28T21:22:34.079716</time>
</trkpt>
<trkpt lat="48.702785" lon="2.1567925">
    <ele>84.068</ele>
    <time>2024-06-28T21:22:34.080714</time>
</trkpt>
<trkpt lat="48.7028157" lon="2.156923">
    <ele>84.476</ele>
    <time>2024-06-28T21:22:34.080714</time>
</trkpt>
<trkpt lat="48.7030381" lon="2.1577516">
    <ele>85.448</ele>
    <time>2024-06-28T21:22:34.080714</time>
</trkpt>
<trkpt lat="48.7033552" lon="2.1592284">
    <ele>86.551</ele>
    <time>2024-06-28T21:22:34.080714</time>
</trkpt>
<trkpt lat="48.7034908" lon="2.1598521">
    <ele>85.042</ele>
    <time>2024-06-28T21:22:34.080714</time>
</trkpt>
<trkpt lat="48.7036204" lon="2.1605385">
    <ele>84.835</ele>
    <time>2024-06-28T21:22:34.080714</time>
</trkpt>
<trkpt lat="48.7042821" lon="2.1649373">
    <ele>86.495</ele>
    <time>2024-06-28T21:22:34.080714</time>
</trkpt>
<trkpt lat="48.7042827" lon="2.1649896">
    <ele>86.661</ele>
    <time>2024-06-28T21:22:34.080714</time>
</trkpt>
<trkpt lat="48.704297" lon="2.1661038">
    <ele>89.72</ele>
    <time>2024-06-28T21:22:34.080714</time>
</trkpt>
<trkpt lat="48.7043101" lon="2.1664151">
    <ele>89.747</ele>
    <time>2024-06-28T21:22:34.081711</time>
</trkpt>
<trkpt lat="48.7042714" lon="2.1730795">
    <ele>91.752</ele>
    <time>2024-06-28T21:22:34.081711</time>
</trkpt>
<trkpt lat="48.7042352" lon="2.1733915">
    <ele>91.249</ele>
    <time>2024-06-28T21:22:34.081711</time>
</trkpt>
<trkpt lat="48.7040317" lon="2.1754214">
    <ele>91.864</ele>
    <time>2024-06-28T21:22:34.081711</time>
</trkpt>
<trkpt lat="48.703787" lon="2.1779859">
    <ele>91.902</ele>
    <time>2024-06-28T21:22:34.081711</time>
</trkpt>
<trkpt lat="48.7037458" lon="2.1785201">
    <ele>92.409</ele>
    <time>2024-06-28T21:22:34.081711</time>
</trkpt>
<trkpt lat="48.7035795" lon="2.1810702">
    <ele>89.703</ele>
    <time>2024-06-28T21:22:34.081711</time>
</trkpt>
<trkpt lat="48.7035289" lon="2.1812053">
    <ele>89.588</ele>
    <time>2024-06-28T21:22:34.081711</time>
</trkpt>
<trkpt lat="48.7034874" lon="2.1812576">
    <ele>89.249</ele>
    <time>2024-06-28T21:22:34.081711</time>
</trkpt>
<trkpt lat="48.7034784" lon="2.1814052">
    <ele>89.295</ele>
    <time>2024-06-28T21:22:34.082708</time>
</trkpt>
<trkpt lat="48.7034919" lon="2.18157">
    <ele>89.781</ele>
    <time>2024-06-28T21:22:34.082708</time>
</trkpt>
<trkpt lat="48.7033774" lon="2.1823903">
    <ele>89.995</ele>
    <time>2024-06-28T21:22:34.082708</time>
</trkpt>
<trkpt lat="48.7033766" lon="2.1827614">
    <ele>90.524</ele>
    <time>2024-06-28T21:22:34.082708</time>
</trkpt>
<trkpt lat="48.7034341" lon="2.1841116">
    <ele>90.76</ele>
    <time>2024-06-28T21:22:34.082708</time>
</trkpt>
<trkpt lat="48.7024293" lon="2.1839145">
    <ele>81.434</ele>
    <time>2024-06-28T21:22:34.082708</time>
</trkpt>
<trkpt lat="48.7014272" lon="2.1837226">
    <ele>74.055</ele>
    <time>2024-06-28T21:22:34.082708</time>
</trkpt>
<trkpt lat="48.7010544" lon="2.1836964">
    <ele>68.232</ele>
    <time>2024-06-28T21:22:34.082708</time>
</trkpt>
<trkpt lat="48.7013936" lon="2.1842939">
    <ele>70.089</ele>
    <time>2024-06-28T21:22:34.083706</time>
</trkpt>
<trkpt lat="48.7014722" lon="2.1845172">
    <ele>70.73</ele>
    <time>2024-06-28T21:22:34.083706</time>
</trkpt>
<trkpt lat="48.7014851" lon="2.1845551">
    <ele>70.872</ele>
    <time>2024-06-28T21:22:34.083706</time>
</trkpt>
<trkpt lat="48.7021324" lon="2.1863134">
    <ele>76.879</ele>
    <time>2024-06-28T21:22:34.083706</time>
</trkpt>
<trkpt lat="48.7034545" lon="2.1864505">
    <ele>88.929</ele>
    <time>2024-06-28T21:22:34.083706</time>
</trkpt>
<trkpt lat="48.7036779" lon="2.1888667">
    <ele>88.606</ele>
    <time>2024-06-28T21:22:34.083706</time>
</trkpt>
<trkpt lat="48.7040205" lon="2.188692">
    <ele>92.133</ele>
    <time>2024-06-28T21:22:34.083706</time>
</trkpt>
<trkpt lat="48.7046469" lon="2.1885094">
    <ele>99.498</ele>
    <time>2024-06-28T21:22:34.083706</time>
</trkpt>
<trkpt lat="48.704719" lon="2.1884501">
    <ele>100.317</ele>
    <time>2024-06-28T21:22:34.083706</time>
</trkpt>
<trkpt lat="48.7051294" lon="2.1909449">
    <ele>78.624</ele>
    <time>2024-06-28T21:22:34.084703</time>
</trkpt>
<trkpt lat="48.7052546" lon="2.1909514">
    <ele>78.361</ele>
    <time>2024-06-28T21:22:34.084703</time>
</trkpt>
<trkpt lat="48.7054537" lon="2.1913824">
    <ele>75.839</ele>
    <time>2024-06-28T21:22:34.084703</time>
</trkpt>
<trkpt lat="48.7061705" lon="2.1922288">
    <ele>78.247</ele>
    <time>2024-06-28T21:22:34.084703</time>
</trkpt>
<trkpt lat="48.706407" lon="2.1925133">
    <ele>81.997</ele>
    <time>2024-06-28T21:22:34.084703</time>
</trkpt>
<trkpt lat="48.7064325" lon="2.1925422">
    <ele>82.198</ele>
    <time>2024-06-28T21:22:34.085233</time>
</trkpt>
<trkpt lat="48.706503" lon="2.1926267">
    <ele>82.945</ele>
    <time>2024-06-28T21:22:34.085233</time>
</trkpt>
<trkpt lat="48.7067014" lon="2.1928651">
    <ele>85.208</ele>
    <time>2024-06-28T21:22:34.085233</time>
</trkpt>
<trkpt lat="48.7071262" lon="2.1934133">
    <ele>89.943</ele>
    <time>2024-06-28T21:22:34.085233</time>
</trkpt>
<trkpt lat="48.7067984" lon="2.1953003">
    <ele>88.249</ele>
    <time>2024-06-28T21:22:34.085740</time>
</trkpt>
<trkpt lat="48.7068623" lon="2.1957482">
    <ele>89.767</ele>
    <time>2024-06-28T21:22:34.085740</time>
</trkpt>
<trkpt lat="48.7072327" lon="2.1972353">
    <ele>93.273</ele>
    <time>2024-06-28T21:22:34.085740</time>
</trkpt>
<trkpt lat="48.706947" lon="2.1988864">
    <ele>87.522</ele>
    <time>2024-06-28T21:22:34.085740</time>
</trkpt>
<trkpt lat="48.706824" lon="2.1996254">
    <ele>87.617</ele>
    <time>2024-06-28T21:22:34.085740</time>
</trkpt>
<trkpt lat="48.7065983" lon="2.2007988">
    <ele>88.207</ele>
    <time>2024-06-28T21:22:34.085740</time>
</trkpt>
<trkpt lat="48.7064875" lon="2.2011532">
    <ele>87.785</ele>
    <time>2024-06-28T21:22:34.085740</time>
</trkpt>
<trkpt lat="48.7062283" lon="2.2047757">
    <ele>85.564</ele>
    <time>2024-06-28T21:22:34.085740</time>
</trkpt>
<trkpt lat="48.7059835" lon="2.2053206">
    <ele>82.127</ele>
    <time>2024-06-28T21:22:34.085740</time>
</trkpt>
<trkpt lat="48.7059295" lon="2.2060349">
    <ele>82.333</ele>
    <time>2024-06-28T21:22:34.086742</time>
</trkpt>
<trkpt lat="48.7061499" lon="2.2107211">
    <ele>83.964</ele>
    <time>2024-06-28T21:22:34.086742</time>
</trkpt>
<trkpt lat="48.7062346" lon="2.2112758">
    <ele>84.416</ele>
    <time>2024-06-28T21:22:34.086976</time>
</trkpt>
<trkpt lat="48.7062731" lon="2.212308">
    <ele>87.408</ele>
    <time>2024-06-28T21:22:34.086976</time>
</trkpt>
<trkpt lat="48.7061137" lon="2.2124972">
    <ele>87.172</ele>
    <time>2024-06-28T21:22:34.086976</time>
</trkpt>
<trkpt lat="48.7057626" lon="2.2138729">
    <ele>85.414</ele>
    <time>2024-06-28T21:22:34.086976</time>
</trkpt>
<trkpt lat="48.705678" lon="2.2178418">
    <ele>85.524</ele>
    <time>2024-06-28T21:22:34.086976</time>
</trkpt>
<trkpt lat="48.7057657" lon="2.2194881">
    <ele>91.41</ele>
    <time>2024-06-28T21:22:34.086976</time>
</trkpt>
<trkpt lat="48.7060418" lon="2.2230032">
    <ele>94.365</ele>
    <time>2024-06-28T21:22:34.087733</time>
</trkpt>
<trkpt lat="48.7061331" lon="2.2247599">
    <ele>88.605</ele>
    <time>2024-06-28T21:22:34.087733</time>
</trkpt>
<trkpt lat="48.706176" lon="2.2255194">
    <ele>86.412</ele>
    <time>2024-06-28T21:22:34.087733</time>
</trkpt>
<trkpt lat="48.7061949" lon="2.2258496">
    <ele>86.78</ele>
    <time>2024-06-28T21:22:34.087733</time>
</trkpt>
<trkpt lat="48.7061461" lon="2.2295652">
    <ele>93.366</ele>
    <time>2024-06-28T21:22:34.087733</time>
</trkpt>
<trkpt lat="48.7053945" lon="2.2323447">
    <ele>88.858</ele>
    <time>2024-06-28T21:22:34.087733</time>
</trkpt>
<trkpt lat="48.7055664" lon="2.2343573">
    <ele>91.678</ele>
    <time>2024-06-28T21:22:34.087733</time>
</trkpt>
<trkpt lat="48.7079891" lon="2.2368218">
    <ele>91.018</ele>
    <time>2024-06-28T21:22:34.087733</time>
</trkpt>
<trkpt lat="48.7097769" lon="2.2369952">
    <ele>86.528</ele>
    <time>2024-06-28T21:22:34.088727</time>
</trkpt>
<trkpt lat="48.7103427" lon="2.2372107">
    <ele>86.482</ele>
    <time>2024-06-28T21:22:34.088727</time>
</trkpt>
<trkpt lat="48.7107563" lon="2.2374052">
    <ele>90.177</ele>
    <time>2024-06-28T21:22:34.088727</time>
</trkpt>
<trkpt lat="48.7107938" lon="2.2374462">
    <ele>90.602</ele>
    <time>2024-06-28T21:22:34.088727</time>
</trkpt>
<trkpt lat="48.7111901" lon="2.2386617">
    <ele>90.756</ele>
    <time>2024-06-28T21:22:34.088727</time>
</trkpt>
<trkpt lat="48.7113528" lon="2.2382365">
    <ele>94.35</ele>
    <time>2024-06-28T21:22:34.088727</time>
</trkpt>
<trkpt lat="48.7129835" lon="2.2396952">
    <ele>96.567</ele>
    <time>2024-06-28T21:22:34.088727</time>
</trkpt>
<trkpt lat="48.7130933" lon="2.240525">
    <ele>93.516</ele>
    <time>2024-06-28T21:22:34.088727</time>
</trkpt>
<trkpt lat="48.7129456" lon="2.2409559">
    <ele>90.224</ele>
    <time>2024-06-28T21:22:34.088727</time>
</trkpt>
<trkpt lat="48.7128796" lon="2.2411584">
    <ele>87.99</ele>
    <time>2024-06-28T21:22:34.089722</time>
</trkpt>
<trkpt lat="48.713973" lon="2.2425815">
    <ele>93.103</ele>
    <time>2024-06-28T21:22:34.089722</time>
</trkpt>
<trkpt lat="48.714078" lon="2.2427209">
    <ele>93.21</ele>
    <time>2024-06-28T21:22:34.089722</time>
</trkpt>
<trkpt lat="48.7142686" lon="2.2429429">
    <ele>95.091</ele>
    <time>2024-06-28T21:22:34.089722</time>
</trkpt>
<trkpt lat="48.7141056" lon="2.2432479">
    <ele>91.774</ele>
    <time>2024-06-28T21:22:34.089722</time>
</trkpt>
<trkpt lat="48.7175076" lon="2.2468067">
    <ele>92.746</ele>
    <time>2024-06-28T21:22:34.089722</time>
</trkpt>
<trkpt lat="48.7175708" lon="2.2473185">
    <ele>91.076</ele>
    <time>2024-06-28T21:22:34.089722</time>
</trkpt>
<trkpt lat="48.7175182" lon="2.2478678">
    <ele>87.863</ele>
    <time>2024-06-28T21:22:34.089722</time>
</trkpt>
<trkpt lat="48.7171842" lon="2.2476824">
    <ele>87.441</ele>
    <time>2024-06-28T21:22:34.089722</time>
</trkpt>
<trkpt lat="48.7168912" lon="2.2486534">
    <ele>83.325</ele>
    <time>2024-06-28T21:22:34.090690</time>
</trkpt>
<trkpt lat="48.7173599" lon="2.248884">
    <ele>86.524</ele>
    <time>2024-06-28T21:22:34.090870</time>
</trkpt>
<trkpt lat="48.7174226" lon="2.2489162">
    <ele>87.104</ele>
    <time>2024-06-28T21:22:34.090870</time>
</trkpt>
<trkpt lat="48.7178323" lon="2.2491419">
    <ele>88.823</ele>
    <time>2024-06-28T21:22:34.090870</time>
</trkpt>
<trkpt lat="48.717884" lon="2.2491664">
    <ele>89.242</ele>
    <time>2024-06-28T21:22:34.090870</time>
</trkpt>
<trkpt lat="48.7180067" lon="2.2496474">
    <ele>90.322</ele>
    <time>2024-06-28T21:22:34.090870</time>
</trkpt>
<trkpt lat="48.7180432" lon="2.2498136">
    <ele>91.567</ele>
    <time>2024-06-28T21:22:34.090870</time>
</trkpt>
<trkpt lat="48.7181637" lon="2.2498223">
    <ele>91.293</ele>
    <time>2024-06-28T21:22:34.090870</time>
</trkpt>
<trkpt lat="48.7182001" lon="2.2497618">
    <ele>91.408</ele>
    <time>2024-06-28T21:22:34.091685</time>
</trkpt>
<trkpt lat="48.7182179" lon="2.2497322">
    <ele>91.645</ele>
    <time>2024-06-28T21:22:34.091685</time>
</trkpt>
<trkpt lat="48.7187443" lon="2.2494505">
    <ele>93.646</ele>
    <time>2024-06-28T21:22:34.091685</time>
</trkpt>
<trkpt lat="48.7189544" lon="2.2497332">
    <ele>95.192</ele>
    <time>2024-06-28T21:22:34.091685</time>
</trkpt>
<trkpt lat="48.7195095" lon="2.2505283">
    <ele>95.952</ele>
    <time>2024-06-28T21:22:34.091685</time>
</trkpt>
<trkpt lat="48.7197696" lon="2.2508772">
    <ele>96.249</ele>
    <time>2024-06-28T21:22:34.091685</time>
</trkpt>
<trkpt lat="48.7198683" lon="2.2509292">
    <ele>95.775</ele>
    <time>2024-06-28T21:22:34.091685</time>
</trkpt>
<trkpt lat="48.7199095" lon="2.2509509">
    <ele>95.606</ele>
    <time>2024-06-28T21:22:34.091685</time>
</trkpt>
<trkpt lat="48.7210947" lon="2.2513639">
    <ele>93.621</ele>
    <time>2024-06-28T21:22:34.091685</time>
</trkpt>
<trkpt lat="48.7211647" lon="2.2513938">
    <ele>94.211</ele>
    <time>2024-06-28T21:22:34.092685</time>
</trkpt>
<trkpt lat="48.7238046" lon="2.2546215">
    <ele>88.282</ele>
    <time>2024-06-28T21:22:34.092685</time>
</trkpt>
<trkpt lat="48.7242759" lon="2.2550011">
    <ele>88.972</ele>
    <time>2024-06-28T21:22:34.092685</time>
</trkpt>
<trkpt lat="48.7246381" lon="2.2554013">
    <ele>87.008</ele>
    <time>2024-06-28T21:22:34.092685</time>
</trkpt>
<trkpt lat="48.7247878" lon="2.2555862">
    <ele>86.645</ele>
    <time>2024-06-28T21:22:34.092685</time>
</trkpt>
<trkpt lat="48.7251228" lon="2.2559864">
    <ele>85.19</ele>
    <time>2024-06-28T21:22:34.093279</time>
</trkpt>
<trkpt lat="48.7251916" lon="2.2560471">
    <ele>85.405</ele>
    <time>2024-06-28T21:22:34.093279</time>
</trkpt>
<trkpt lat="48.7258602" lon="2.2566398">
    <ele>85.652</ele>
    <time>2024-06-28T21:22:34.093279</time>
</trkpt>
<trkpt lat="48.7263751" lon="2.2571149">
    <ele>85.112</ele>
    <time>2024-06-28T21:22:34.093279</time>
</trkpt>
<trkpt lat="48.7264076" lon="2.2570619">
    <ele>85.074</ele>
    <time>2024-06-28T21:22:34.093712</time>
</trkpt>
<trkpt lat="48.7268669" lon="2.2575591">
    <ele>84.698</ele>
    <time>2024-06-28T21:22:34.093712</time>
</trkpt>
<trkpt lat="48.7271291" lon="2.2578703">
    <ele>84.846</ele>
    <time>2024-06-28T21:22:34.093712</time>
</trkpt>
<trkpt lat="48.7271572" lon="2.2580041">
    <ele>85.061</ele>
    <time>2024-06-28T21:22:34.093712</time>
</trkpt>
<trkpt lat="48.7275445" lon="2.2584649">
    <ele>83.856</ele>
    <time>2024-06-28T21:22:34.093712</time>
</trkpt>
<trkpt lat="48.7282185" lon="2.2592786">
    <ele>83.432</ele>
    <time>2024-06-28T21:22:34.093712</time>
</trkpt>
<trkpt lat="48.7292841" lon="2.2605897">
    <ele>83.433</ele>
    <time>2024-06-28T21:22:34.093712</time>
</trkpt>
<trkpt lat="48.729745" lon="2.2611402">
    <ele>82.049</ele>
    <time>2024-06-28T21:22:34.093712</time>
</trkpt>
<trkpt lat="48.7301507" lon="2.2614733">
    <ele>81.219</ele>
    <time>2024-06-28T21:22:34.093712</time>
</trkpt>
<trkpt lat="48.7321379" lon="2.2658161">
    <ele>74.922</ele>
    <time>2024-06-28T21:22:34.094714</time>
</trkpt>
<trkpt lat="48.7322725" lon="2.2661387">
    <ele>72.121</ele>
    <time>2024-06-28T21:22:34.094714</time>
</trkpt>
<trkpt lat="48.7324632" lon="2.2661364">
    <ele>71.764</ele>
    <time>2024-06-28T21:22:34.094714</time>
</trkpt>
<trkpt lat="48.7327159" lon="2.2665144">
    <ele>71.003</ele>
    <time>2024-06-28T21:22:34.094714</time>
</trkpt>
<trkpt lat="48.7337076" lon="2.2688772">
    <ele>65.494</ele>
    <time>2024-06-28T21:22:34.094714</time>
</trkpt>
<trkpt lat="48.7345904" lon="2.2703901">
    <ele>63.143</ele>
    <time>2024-06-28T21:22:34.094714</time>
</trkpt>
<trkpt lat="48.7350289" lon="2.270823">
    <ele>67.033</ele>
    <time>2024-06-28T21:22:34.094714</time>
</trkpt>
<trkpt lat="48.7352347" lon="2.2709877">
    <ele>67.232</ele>
    <time>2024-06-28T21:22:34.094714</time>
</trkpt>
<trkpt lat="48.7353734" lon="2.2710806">
    <ele>66.615</ele>
    <time>2024-06-28T21:22:34.095708</time>
</trkpt>
<trkpt lat="48.7370849" lon="2.2722547">
    <ele>60.612</ele>
    <time>2024-06-28T21:22:34.095708</time>
</trkpt>
<trkpt lat="48.7374911" lon="2.2725319">
    <ele>57.328</ele>
    <time>2024-06-28T21:22:34.095708</time>
</trkpt>
<trkpt lat="48.7374995" lon="2.2725507">
    <ele>57.423</ele>
    <time>2024-06-28T21:22:34.095708</time>
</trkpt>
<trkpt lat="48.7374946" lon="2.272889">
    <ele>59.232</ele>
    <time>2024-06-28T21:22:34.095708</time>
</trkpt>
<trkpt lat="48.737486" lon="2.2729069">
    <ele>59.297</ele>
    <time>2024-06-28T21:22:34.095708</time>
</trkpt>
<trkpt lat="48.7379833" lon="2.2727745">
    <ele>57.202</ele>
    <time>2024-06-28T21:22:34.095708</time>
</trkpt>
<trkpt lat="48.7380491" lon="2.2726525">
    <ele>57.174</ele>
    <time>2024-06-28T21:22:34.095708</time>
</trkpt>
<trkpt lat="48.7385039" lon="2.2733906">
    <ele>59.445</ele>
    <time>2024-06-28T21:22:34.095708</time>
</trkpt>
<trkpt lat="48.7403309" lon="2.274643">
    <ele>61.056</ele>
    <time>2024-06-28T21:22:34.096705</time>
</trkpt>
<trkpt lat="48.7403812" lon="2.2746664">
    <ele>60.952</ele>
    <time>2024-06-28T21:22:34.096705</time>
</trkpt>
<trkpt lat="48.7404256" lon="2.2747179">
    <ele>61.164</ele>
    <time>2024-06-28T21:22:34.096705</time>
</trkpt>
<trkpt lat="48.7404801" lon="2.274781">
    <ele>61.68</ele>
    <time>2024-06-28T21:22:34.096705</time>
</trkpt>
<trkpt lat="48.7408752" lon="2.2747592">
    <ele>62.162</ele>
    <time>2024-06-28T21:22:34.096705</time>
</trkpt>
<trkpt lat="48.7445482" lon="2.2773778">
    <ele>66.131</ele>
    <time>2024-06-28T21:22:34.096705</time>
</trkpt>
<trkpt lat="48.7446174" lon="2.2774065">
    <ele>66.442</ele>
    <time>2024-06-28T21:22:34.096705</time>
</trkpt>
<trkpt lat="48.7449164" lon="2.2778405">
    <ele>68.034</ele>
    <time>2024-06-28T21:22:34.096705</time>
</trkpt>
<trkpt lat="48.7453152" lon="2.2780145">
    <ele>69.744</ele>
    <time>2024-06-28T21:22:34.096705</time>
</trkpt>
<trkpt lat="48.7453745" lon="2.2779793">
    <ele>70.45</ele>
    <time>2024-06-28T21:22:34.097700</time>
</trkpt>
<trkpt lat="48.7470654" lon="2.2782767">
    <ele>80.626</ele>
    <time>2024-06-28T21:22:34.097700</time>
</trkpt>
<trkpt lat="48.7475491" lon="2.2784239">
    <ele>82.185</ele>
    <time>2024-06-28T21:22:34.097700</time>
</trkpt>
<trkpt lat="48.7477449" lon="2.2786901">
    <ele>82.183</ele>
    <time>2024-06-28T21:22:34.097700</time>
</trkpt>
<trkpt lat="48.7484571" lon="2.2790425">
    <ele>80.249</ele>
    <time>2024-06-28T21:22:34.097700</time>
</trkpt>
<trkpt lat="48.749134" lon="2.2798979">
    <ele>81.176</ele>
    <time>2024-06-28T21:22:34.097700</time>
</trkpt>
<trkpt lat="48.7512488" lon="2.2815297">
    <ele>79.779</ele>
    <time>2024-06-28T21:22:34.097700</time>
</trkpt>
<trkpt lat="48.7513068" lon="2.2819879">
    <ele>81.394</ele>
    <time>2024-06-28T21:22:34.097700</time>
</trkpt>
<trkpt lat="48.7513874" lon="2.2820844">
    <ele>82.476</ele>
    <time>2024-06-28T21:22:34.097700</time>
</trkpt>
<trkpt lat="48.7508304" lon="2.2796626">
    <ele>79.024</ele>
    <time>2024-06-28T21:22:34.098700</time>
</trkpt>
<trkpt lat="48.7508684" lon="2.279409">
    <ele>79.903</ele>
    <time>2024-06-28T21:22:34.098700</time>
</trkpt>
<trkpt lat="48.7511125" lon="2.2787981">
    <ele>82.822</ele>
    <time>2024-06-28T21:22:34.098700</time>
</trkpt>
<trkpt lat="48.7511842" lon="2.277807">
    <ele>84.286</ele>
    <time>2024-06-28T21:22:34.098700</time>
</trkpt>
<trkpt lat="48.7526697" lon="2.2770336">
    <ele>86.191</ele>
    <time>2024-06-28T21:22:34.098700</time>
</trkpt>
<trkpt lat="48.7535788" lon="2.2758235">
    <ele>87.097</ele>
    <time>2024-06-28T21:22:34.098700</time>
</trkpt>
<trkpt lat="48.7538582" lon="2.2754652">
    <ele>87.614</ele>
    <time>2024-06-28T21:22:34.098700</time>
</trkpt>
<trkpt lat="48.7542844" lon="2.2749188">
    <ele>88.128</ele>
    <time>2024-06-28T21:22:34.098700</time>
</trkpt>
<trkpt lat="48.7545257" lon="2.2746052">
    <ele>88.219</ele>
    <time>2024-06-28T21:22:34.098700</time>
</trkpt>
<trkpt lat="48.7545779" lon="2.2745322">
    <ele>88.034</ele>
    <time>2024-06-28T21:22:34.099698</time>
</trkpt>
<trkpt lat="48.7546496" lon="2.2744465">
    <ele>88.281</ele>
    <time>2024-06-28T21:22:34.099698</time>
</trkpt>
<trkpt lat="48.7547376" lon="2.2743612">
    <ele>88.528</ele>
    <time>2024-06-28T21:22:34.099698</time>
</trkpt>
<trkpt lat="48.754947" lon="2.2740608">
    <ele>88.705</ele>
    <time>2024-06-28T21:22:34.099698</time>
</trkpt>
<trkpt lat="48.755263" lon="2.2735345">
    <ele>89.714</ele>
    <time>2024-06-28T21:22:34.099698</time>
</trkpt>
<trkpt lat="48.7559867" lon="2.2723501">
    <ele>92.315</ele>
    <time>2024-06-28T21:22:34.099698</time>
</trkpt>
<trkpt lat="48.7566741" lon="2.2712338">
    <ele>95.768</ele>
    <time>2024-06-28T21:22:34.099698</time>
</trkpt>
<trkpt lat="48.7568682" lon="2.2709927">
    <ele>97.462</ele>
    <time>2024-06-28T21:22:34.099698</time>
</trkpt>
<trkpt lat="48.7570039" lon="2.2707598">
    <ele>97.202</ele>
    <time>2024-06-28T21:22:34.100693</time>
</trkpt>
<trkpt lat="48.7576559" lon="2.2695862">
    <ele>100.275</ele>
    <time>2024-06-28T21:22:34.100693</time>
</trkpt>
<trkpt lat="48.7595558" lon="2.2705173">
    <ele>107.092</ele>
    <time>2024-06-28T21:22:34.100693</time>
</trkpt>
<trkpt lat="48.7601395" lon="2.2707798">
    <ele>109.28</ele>
    <time>2024-06-28T21:22:34.100693</time>
</trkpt>
<trkpt lat="48.7608157" lon="2.270955">
    <ele>113.773</ele>
    <time>2024-06-28T21:22:34.100693</time>
</trkpt>
<trkpt lat="48.7624871" lon="2.2711945">
    <ele>113.466</ele>
    <time>2024-06-28T21:22:34.100693</time>
</trkpt>
<trkpt lat="48.7638463" lon="2.2719775">
    <ele>101.744</ele>
    <time>2024-06-28T21:22:34.100693</time>
</trkpt>
<trkpt lat="48.7640432" lon="2.2720329">
    <ele>102.081</ele>
    <time>2024-06-28T21:22:34.100693</time>
</trkpt>
<trkpt lat="48.7640533" lon="2.2719133">
    <ele>102.12</ele>
    <time>2024-06-28T21:22:34.100693</time>
</trkpt>
<trkpt lat="48.7641695" lon="2.2707015">
    <ele>105.683</ele>
    <time>2024-06-28T21:22:34.101702</time>
</trkpt>
<trkpt lat="48.7643129" lon="2.26935">
    <ele>110.606</ele>
    <time>2024-06-28T21:22:34.101702</time>
</trkpt>
<trkpt lat="48.7644363" lon="2.2684059">
    <ele>114.133</ele>
    <time>2024-06-28T21:22:34.101930</time>
</trkpt>
<trkpt lat="48.7648767" lon="2.265351">
    <ele>124.711</ele>
    <time>2024-06-28T21:22:34.101930</time>
</trkpt>
<trkpt lat="48.7652811" lon="2.2622814">
    <ele>136.152</ele>
    <time>2024-06-28T21:22:34.101930</time>
</trkpt>
<trkpt lat="48.7654117" lon="2.2611974">
    <ele>140.733</ele>
    <time>2024-06-28T21:22:34.101930</time>
</trkpt>
<trkpt lat="48.7655337" lon="2.2603485">
    <ele>142.132</ele>
    <time>2024-06-28T21:22:34.101930</time>
</trkpt>
<trkpt lat="48.765766" lon="2.258673">
    <ele>151.583</ele>
    <time>2024-06-28T21:22:34.101930</time>
</trkpt>
<trkpt lat="48.7661616" lon="2.2556541">
    <ele>159.78</ele>
    <time>2024-06-28T21:22:34.101930</time>
</trkpt>
<trkpt lat="48.7673149" lon="2.2533835">
    <ele>160.698</ele>
    <time>2024-06-28T21:22:34.102691</time>
</trkpt>
<trkpt lat="48.7676556" lon="2.2527766">
    <ele>160.92</ele>
    <time>2024-06-28T21:22:34.102691</time>
</trkpt>
<trkpt lat="48.7686971" lon="2.2510325">
    <ele>160.035</ele>
    <time>2024-06-28T21:22:34.102691</time>
</trkpt>
<trkpt lat="48.7687431" lon="2.2509525">
    <ele>160.217</ele>
    <time>2024-06-28T21:22:34.102691</time>
</trkpt>
<trkpt lat="48.7691535" lon="2.2501762">
    <ele>161.637</ele>
    <time>2024-06-28T21:22:34.102691</time>
</trkpt>
<trkpt lat="48.7694892" lon="2.2496353">
    <ele>162.932</ele>
    <time>2024-06-28T21:22:34.103652</time>
</trkpt>
<trkpt lat="48.7705578" lon="2.2484508">
    <ele>164.994</ele>
    <time>2024-06-28T21:22:34.103652</time>
</trkpt>
<trkpt lat="48.7706642" lon="2.2484665">
    <ele>165.315</ele>
    <time>2024-06-28T21:22:34.103652</time>
</trkpt>
<trkpt lat="48.7763311" lon="2.2500756">
    <ele>172.29</ele>
    <time>2024-06-28T21:22:34.103652</time>
</trkpt>
<trkpt lat="48.7764043" lon="2.2500976">
    <ele>172.113</ele>
    <time>2024-06-28T21:22:34.103652</time>
</trkpt>
<trkpt lat="48.7780754" lon="2.2507559">
    <ele>170.994</ele>
    <time>2024-06-28T21:22:34.103652</time>
</trkpt>
<trkpt lat="48.7791327" lon="2.2514899">
    <ele>170.077</ele>
    <time>2024-06-28T21:22:34.103652</time>
</trkpt>
<trkpt lat="48.779503" lon="2.2517908">
    <ele>169.147</ele>
    <time>2024-06-28T21:22:34.104649</time>
</trkpt>
<trkpt lat="48.7814667" lon="2.2529249">
    <ele>164.9</ele>
    <time>2024-06-28T21:22:34.104649</time>
</trkpt>
<trkpt lat="48.7821535" lon="2.2531739">
    <ele>163.625</ele>
    <time>2024-06-28T21:22:34.104649</time>
</trkpt>
<trkpt lat="48.7822701" lon="2.2532029">
    <ele>163.529</ele>
    <time>2024-06-28T21:22:34.104649</time>
</trkpt>
<trkpt lat="48.7848483" lon="2.2535169">
    <ele>166.07</ele>
    <time>2024-06-28T21:22:34.104649</time>
</trkpt>
<trkpt lat="48.7851025" lon="2.2534022">
    <ele>166.198</ele>
    <time>2024-06-28T21:22:34.104649</time>
</trkpt>
<trkpt lat="48.7874709" lon="2.2529797">
    <ele>165.138</ele>
    <time>2024-06-28T21:22:34.104649</time>
</trkpt>
<trkpt lat="48.7876262" lon="2.2529457">
    <ele>165.281</ele>
    <time>2024-06-28T21:22:34.104649</time>
</trkpt>
<trkpt lat="48.7879203" lon="2.2528856">
    <ele>165.654</ele>
    <time>2024-06-28T21:22:34.105646</time>
</trkpt>
<trkpt lat="48.7882153" lon="2.2528253">
    <ele>166.14</ele>
    <time>2024-06-28T21:22:34.105646</time>
</trkpt>
<trkpt lat="48.788394" lon="2.2527827">
    <ele>166.691</ele>
    <time>2024-06-28T21:22:34.105646</time>
</trkpt>
<trkpt lat="48.788879" lon="2.2527202">
    <ele>167.824</ele>
    <time>2024-06-28T21:22:34.105646</time>
</trkpt>
<trkpt lat="48.7895772" lon="2.252686">
    <ele>168.342</ele>
    <time>2024-06-28T21:22:34.105646</time>
</trkpt>
<trkpt lat="48.7897361" lon="2.252662">
    <ele>168.675</ele>
    <time>2024-06-28T21:22:34.105646</time>
</trkpt>
<trkpt lat="48.7915682" lon="2.2525357">
    <ele>166.366</ele>
    <time>2024-06-28T21:22:34.105646</time>
</trkpt>
<trkpt lat="48.7919513" lon="2.2525687">
    <ele>166.424</ele>
    <time>2024-06-28T21:22:34.106643</time>
</trkpt>
<trkpt lat="48.7921355" lon="2.2525503">
    <ele>166.634</ele>
    <time>2024-06-28T21:22:34.106643</time>
</trkpt>
<trkpt lat="48.79257" lon="2.2525119">
    <ele>167.691</ele>
    <time>2024-06-28T21:22:34.106643</time>
</trkpt>
<trkpt lat="48.797349" lon="2.2530298">
    <ele>169.639</ele>
    <time>2024-06-28T21:22:34.106643</time>
</trkpt>
<trkpt lat="48.8031537" lon="2.2569709">
    <ele>129.874</ele>
    <time>2024-06-28T21:22:34.106643</time>
</trkpt>
<trkpt lat="48.8031625" lon="2.2570524">
    <ele>129.743</ele>
    <time>2024-06-28T21:22:34.106643</time>
</trkpt>
<trkpt lat="48.8033763" lon="2.2573207">
    <ele>128.24</ele>
    <time>2024-06-28T21:22:34.106643</time>
</trkpt>
<trkpt lat="48.80341" lon="2.2573169">
    <ele>128.252</ele>
    <time>2024-06-28T21:22:34.106643</time>
</trkpt>
<trkpt lat="48.8035745" lon="2.2573743">
    <ele>128.253</ele>
    <time>2024-06-28T21:22:34.107641</time>
</trkpt>
<trkpt lat="48.8042054" lon="2.2580229">
    <ele>126.281</ele>
    <time>2024-06-28T21:22:34.107641</time>
</trkpt>
<trkpt lat="48.8034063" lon="2.2595391">
    <ele>120.279</ele>
    <time>2024-06-28T21:22:34.107641</time>
</trkpt>
<trkpt lat="48.8043048" lon="2.2606801">
    <ele>116.867</ele>
    <time>2024-06-28T21:22:34.107641</time>
</trkpt>
<trkpt lat="48.8044652" lon="2.2604561">
    <ele>118.181</ele>
    <time>2024-06-28T21:22:34.107641</time>
</trkpt>
<trkpt lat="48.8048141" lon="2.2599699">
    <ele>120.109</ele>
    <time>2024-06-28T21:22:34.107641</time>
</trkpt>
<trkpt lat="48.805179" lon="2.259392">
    <ele>121.68</ele>
    <time>2024-06-28T21:22:34.107641</time>
</trkpt>
<trkpt lat="48.8052194" lon="2.25941">
    <ele>121.687</ele>
    <time>2024-06-28T21:22:34.108638</time>
</trkpt>
        </trkseg>
    </trk>
</gpx>