<?xml version="1.0" encoding="UTF-8"?>
<gpx version="1.1" creator="YourAppName - https://yourappurl.com"
     xmlns:xsi="http://www.w3.org/2001/XMLSchema-instance"
     xmlns="http://www.topografix.com/GPX/1/1"
     xsi:schemaLocation="http://www.topografix.com/GPX/1/1
                         http://www.topografix.com/GPX/1/1/gpx.xsd">
    <metadata>
        <name>My Route</name>
        <author>
            <name>Your Name or App</name>
        </author>
        <time>2024-06-27T08:04:06.488544</time>
    </metadata>
    <trk>
        <name>My Route</name>
        <trkseg>
            <trkpt lat="48.8240136" lon="2.262689">
    <ele>32.288</ele>
    <time>2024-06-27T08:04:06.383825</time>
</trkpt>
<trkpt lat="48.8241768" lon="2.2633668">
    <ele>29.767</ele>
    <time>2024-06-27T08:04:06.383825</time>
</trkpt>
<trkpt lat="48.8242751" lon="2.2637807">
    <ele>29.544</ele>
    <time>2024-06-27T08:04:06.383825</time>
</trkpt>
<trkpt lat="48.823692" lon="2.2658135">
    <ele>30.188</ele>
    <time>2024-06-27T08:04:06.383825</time>
</trkpt>
<trkpt lat="48.8231254" lon="2.2678505">
    <ele>32.14</ele>
    <time>2024-06-27T08:04:06.384823</time>
</trkpt>
<trkpt lat="48.8231263" lon="2.2679402">
    <ele>32.204</ele>
    <time>2024-06-27T08:04:06.384823</time>
</trkpt>
<trkpt lat="48.8230247" lon="2.2679474">
    <ele>32.374</ele>
    <time>2024-06-27T08:04:06.384823</time>
</trkpt>
<trkpt lat="48.8230033" lon="2.2679497">
    <ele>32.403</ele>
    <time>2024-06-27T08:04:06.384823</time>
</trkpt>
<trkpt lat="48.8225999" lon="2.2679938">
    <ele>33.641</ele>
    <time>2024-06-27T08:04:06.385515</time>
</trkpt>
<trkpt lat="48.8224411" lon="2.2680161">
    <ele>34.312</ele>
    <time>2024-06-27T08:04:06.385515</time>
</trkpt>
<trkpt lat="48.8224747" lon="2.2681373">
    <ele>34.654</ele>
    <time>2024-06-27T08:04:06.385821</time>
</trkpt>
<trkpt lat="48.8222511" lon="2.2687553">
    <ele>38.779</ele>
    <time>2024-06-27T08:04:06.385821</time>
</trkpt>
<trkpt lat="48.822111" lon="2.2692228">
    <ele>41.772</ele>
    <time>2024-06-27T08:04:06.385821</time>
</trkpt>
<trkpt lat="48.8217794" lon="2.2703911">
    <ele>48.74</ele>
    <time>2024-06-27T08:04:06.385821</time>
</trkpt>
<trkpt lat="48.8216154" lon="2.2715078">
    <ele>53.763</ele>
    <time>2024-06-27T08:04:06.385821</time>
</trkpt>
<trkpt lat="48.821268" lon="2.2736937">
    <ele>62.62</ele>
    <time>2024-06-27T08:04:06.385821</time>
</trkpt>
<trkpt lat="48.8202312" lon="2.2745455">
    <ele>70.956</ele>
    <time>2024-06-27T08:04:06.385821</time>
</trkpt>
<trkpt lat="48.8194664" lon="2.2743801">
    <ele>74.392</ele>
    <time>2024-06-27T08:04:06.385821</time>
</trkpt>
<trkpt lat="48.8191054" lon="2.2742783">
    <ele>76.692</ele>
    <time>2024-06-27T08:04:06.386819</time>
</trkpt>
<trkpt lat="48.8189922" lon="2.2742468">
    <ele>77.337</ele>
    <time>2024-06-27T08:04:06.386819</time>
</trkpt>
<trkpt lat="48.8182258" lon="2.2740354">
    <ele>78.82</ele>
    <time>2024-06-27T08:04:06.386819</time>
</trkpt>
<trkpt lat="48.8181486" lon="2.2740104">
    <ele>79.041</ele>
    <time>2024-06-27T08:04:06.386819</time>
</trkpt>
<trkpt lat="48.8173406" lon="2.2737492">
    <ele>80.084</ele>
    <time>2024-06-27T08:04:06.386819</time>
</trkpt>
<trkpt lat="48.8166059" lon="2.2750387">
    <ele>75.247</ele>
    <time>2024-06-27T08:04:06.386819</time>
</trkpt>
<trkpt lat="48.8153479" lon="2.2771799">
    <ele>63.875</ele>
    <time>2024-06-27T08:04:06.386819</time>
</trkpt>
<trkpt lat="48.8152402" lon="2.2773698">
    <ele>63.582</ele>
    <time>2024-06-27T08:04:06.386819</time>
</trkpt>
<trkpt lat="48.8150962" lon="2.2776735">
    <ele>63.036</ele>
    <time>2024-06-27T08:04:06.386819</time>
</trkpt>
<trkpt lat="48.8150422" lon="2.2777478">
    <ele>62.976</ele>
    <time>2024-06-27T08:04:06.387817</time>
</trkpt>
<trkpt lat="48.8149468" lon="2.277879">
    <ele>64.147</ele>
    <time>2024-06-27T08:04:06.387817</time>
</trkpt>
<trkpt lat="48.8148578" lon="2.2779987">
    <ele>65.87</ele>
    <time>2024-06-27T08:04:06.387959</time>
</trkpt>
<trkpt lat="48.814807" lon="2.2780255">
    <ele>66.796</ele>
    <time>2024-06-27T08:04:06.387959</time>
</trkpt>
<trkpt lat="48.8142416" lon="2.2782308">
    <ele>65.949</ele>
    <time>2024-06-27T08:04:06.387959</time>
</trkpt>
<trkpt lat="48.8128067" lon="2.2796823">
    <ele>71.956</ele>
    <time>2024-06-27T08:04:06.387959</time>
</trkpt>
<trkpt lat="48.8123401" lon="2.2801521">
    <ele>73.31</ele>
    <time>2024-06-27T08:04:06.387959</time>
</trkpt>
<trkpt lat="48.811862" lon="2.2806836">
    <ele>74.367</ele>
    <time>2024-06-27T08:04:06.387959</time>
</trkpt>
<trkpt lat="48.8118024" lon="2.2807419">
    <ele>75.039</ele>
    <time>2024-06-27T08:04:06.387959</time>
</trkpt>
<trkpt lat="48.8116839" lon="2.2808579">
    <ele>76.022</ele>
    <time>2024-06-27T08:04:06.388812</time>
</trkpt>
<trkpt lat="48.8107855" lon="2.2816866">
    <ele>79.473</ele>
    <time>2024-06-27T08:04:06.388812</time>
</trkpt>
<trkpt lat="48.8105402" lon="2.2819438">
    <ele>80.118</ele>
    <time>2024-06-27T08:04:06.388812</time>
</trkpt>
<trkpt lat="48.8102923" lon="2.2822038">
    <ele>80.676</ele>
    <time>2024-06-27T08:04:06.388812</time>
</trkpt>
<trkpt lat="48.8099447" lon="2.2825484">
    <ele>81.81</ele>
    <time>2024-06-27T08:04:06.388812</time>
</trkpt>
<trkpt lat="48.8078717" lon="2.2846283">
    <ele>86.196</ele>
    <time>2024-06-27T08:04:06.388812</time>
</trkpt>
<trkpt lat="48.8076125" lon="2.2848838">
    <ele>86.789</ele>
    <time>2024-06-27T08:04:06.388812</time>
</trkpt>
<trkpt lat="48.8075239" lon="2.2849772">
    <ele>87.009</ele>
    <time>2024-06-27T08:04:06.389620</time>
</trkpt>
<trkpt lat="48.8059279" lon="2.2865762">
    <ele>91.233</ele>
    <time>2024-06-27T08:04:06.389620</time>
</trkpt>
<trkpt lat="48.8054632" lon="2.2870423">
    <ele>92.076</ele>
    <time>2024-06-27T08:04:06.389808</time>
</trkpt>
<trkpt lat="48.8049795" lon="2.2875197">
    <ele>93.352</ele>
    <time>2024-06-27T08:04:06.389808</time>
</trkpt>
<trkpt lat="48.8043863" lon="2.2881613">
    <ele>94.925</ele>
    <time>2024-06-27T08:04:06.389808</time>
</trkpt>
<trkpt lat="48.8043127" lon="2.2882503">
    <ele>94.986</ele>
    <time>2024-06-27T08:04:06.389808</time>
</trkpt>
<trkpt lat="48.8039637" lon="2.2884813">
    <ele>95.172</ele>
    <time>2024-06-27T08:04:06.389808</time>
</trkpt>
<trkpt lat="48.8038407" lon="2.2886114">
    <ele>95.355</ele>
    <time>2024-06-27T08:04:06.389808</time>
</trkpt>
<trkpt lat="48.8037181" lon="2.2888236">
    <ele>95.557</ele>
    <time>2024-06-27T08:04:06.389808</time>
</trkpt>
<trkpt lat="48.8031972" lon="2.2898296">
    <ele>98.866</ele>
    <time>2024-06-27T08:04:06.389808</time>
</trkpt>
<trkpt lat="48.802953" lon="2.2903554">
    <ele>100.53</ele>
    <time>2024-06-27T08:04:06.389808</time>
</trkpt>
<trkpt lat="48.8025038" lon="2.2913285">
    <ele>105.48</ele>
    <time>2024-06-27T08:04:06.389808</time>
</trkpt>
<trkpt lat="48.8018346" lon="2.292374">
    <ele>107.379</ele>
    <time>2024-06-27T08:04:06.390806</time>
</trkpt>
<trkpt lat="48.8017102" lon="2.2925683">
    <ele>107.251</ele>
    <time>2024-06-27T08:04:06.390806</time>
</trkpt>
<trkpt lat="48.8009969" lon="2.2936298">
    <ele>103.71</ele>
    <time>2024-06-27T08:04:06.390806</time>
</trkpt>
<trkpt lat="48.8017096" lon="2.2952622">
    <ele>100.112</ele>
    <time>2024-06-27T08:04:06.390806</time>
</trkpt>
<trkpt lat="48.8004393" lon="2.2959903">
    <ele>97.264</ele>
    <time>2024-06-27T08:04:06.390806</time>
</trkpt>
<trkpt lat="48.7980019" lon="2.2957452">
    <ele>97.225</ele>
    <time>2024-06-27T08:04:06.390806</time>
</trkpt>
<trkpt lat="48.7970033" lon="2.2960266">
    <ele>98.489</ele>
    <time>2024-06-27T08:04:06.390806</time>
</trkpt>
<trkpt lat="48.7945693" lon="2.2942874">
    <ele>95.224</ele>
    <time>2024-06-27T08:04:06.390806</time>
</trkpt>
<trkpt lat="48.7936095" lon="2.2932352">
    <ele>98.546</ele>
    <time>2024-06-27T08:04:06.390806</time>
</trkpt>
<trkpt lat="48.7934538" lon="2.2931402">
    <ele>99.788</ele>
    <time>2024-06-27T08:04:06.391826</time>
</trkpt>
<trkpt lat="48.7910104" lon="2.2920058">
    <ele>105.49</ele>
    <time>2024-06-27T08:04:06.391826</time>
</trkpt>
<trkpt lat="48.7902938" lon="2.2918099">
    <ele>103.9</ele>
    <time>2024-06-27T08:04:06.391826</time>
</trkpt>
<trkpt lat="48.7905676" lon="2.2889901">
    <ele>110.408</ele>
    <time>2024-06-27T08:04:06.391826</time>
</trkpt>
<trkpt lat="48.7889485" lon="2.287976">
    <ele>95.806</ele>
    <time>2024-06-27T08:04:06.391826</time>
</trkpt>
<trkpt lat="48.7888055" lon="2.2880633">
    <ele>95.52</ele>
    <time>2024-06-27T08:04:06.391826</time>
</trkpt>
<trkpt lat="48.7880194" lon="2.2878827">
    <ele>96.508</ele>
    <time>2024-06-27T08:04:06.391826</time>
</trkpt>
<trkpt lat="48.7877039" lon="2.288634">
    <ele>92.21</ele>
    <time>2024-06-27T08:04:06.391826</time>
</trkpt>
<trkpt lat="48.7858409" lon="2.2876617">
    <ele>91.415</ele>
    <time>2024-06-27T08:04:06.391826</time>
</trkpt>
<trkpt lat="48.7842211" lon="2.2875715">
    <ele>84.597</ele>
    <time>2024-06-27T08:04:06.391826</time>
</trkpt>
<trkpt lat="48.7838561" lon="2.287228">
    <ele>82.009</ele>
    <time>2024-06-27T08:04:06.392803</time>
</trkpt>
<trkpt lat="48.7832199" lon="2.2866703">
    <ele>78.35</ele>
    <time>2024-06-27T08:04:06.392803</time>
</trkpt>
<trkpt lat="48.7832042" lon="2.2871545">
    <ele>77.641</ele>
    <time>2024-06-27T08:04:06.392803</time>
</trkpt>
<trkpt lat="48.7822098" lon="2.2871845">
    <ele>83.301</ele>
    <time>2024-06-27T08:04:06.392803</time>
</trkpt>
<trkpt lat="48.7815296" lon="2.2868997">
    <ele>87.951</ele>
    <time>2024-06-27T08:04:06.392803</time>
</trkpt>
<trkpt lat="48.78026" lon="2.2866497">
    <ele>96.474</ele>
    <time>2024-06-27T08:04:06.392803</time>
</trkpt>
<trkpt lat="48.7789432" lon="2.2864209">
    <ele>100.717</ele>
    <time>2024-06-27T08:04:06.392803</time>
</trkpt>
<trkpt lat="48.7788921" lon="2.2864175">
    <ele>100.713</ele>
    <time>2024-06-27T08:04:06.392803</time>
</trkpt>
<trkpt lat="48.778861" lon="2.2864115">
    <ele>100.751</ele>
    <time>2024-06-27T08:04:06.392803</time>
</trkpt>
<trkpt lat="48.7770801" lon="2.2861309">
    <ele>92.232</ele>
    <time>2024-06-27T08:04:06.392803</time>
</trkpt>
<trkpt lat="48.7750705" lon="2.2856143">
    <ele>80.116</ele>
    <time>2024-06-27T08:04:06.393834</time>
</trkpt>
<trkpt lat="48.774824" lon="2.2855696">
    <ele>79.409</ele>
    <time>2024-06-27T08:04:06.393834</time>
</trkpt>
<trkpt lat="48.7736942" lon="2.2855096">
    <ele>77.244</ele>
    <time>2024-06-27T08:04:06.393834</time>
</trkpt>
<trkpt lat="48.7728448" lon="2.285353">
    <ele>79.377</ele>
    <time>2024-06-27T08:04:06.393834</time>
</trkpt>
<trkpt lat="48.7720122" lon="2.284843">
    <ele>81.92</ele>
    <time>2024-06-27T08:04:06.394323</time>
</trkpt>
<trkpt lat="48.7715815" lon="2.2848346">
    <ele>83.838</ele>
    <time>2024-06-27T08:04:06.394323</time>
</trkpt>
<trkpt lat="48.7708614" lon="2.2850856">
    <ele>83.729</ele>
    <time>2024-06-27T08:04:06.394323</time>
</trkpt>
<trkpt lat="48.7699276" lon="2.2850525">
    <ele>85.739</ele>
    <time>2024-06-27T08:04:06.394323</time>
</trkpt>
<trkpt lat="48.7690228" lon="2.285023">
    <ele>87.333</ele>
    <time>2024-06-27T08:04:06.394323</time>
</trkpt>
<trkpt lat="48.7658704" lon="2.2846926">
    <ele>90.661</ele>
    <time>2024-06-27T08:04:06.394795</time>
</trkpt>
<trkpt lat="48.7641067" lon="2.2848525">
    <ele>84.41</ele>
    <time>2024-06-27T08:04:06.394795</time>
</trkpt>
<trkpt lat="48.7630857" lon="2.2848718">
    <ele>82.303</ele>
    <time>2024-06-27T08:04:06.394795</time>
</trkpt>
<trkpt lat="48.7625651" lon="2.284925">
    <ele>83.497</ele>
    <time>2024-06-27T08:04:06.394795</time>
</trkpt>
<trkpt lat="48.761569" lon="2.2847064">
    <ele>87.975</ele>
    <time>2024-06-27T08:04:06.394795</time>
</trkpt>
<trkpt lat="48.7596359" lon="2.2844869">
    <ele>92.474</ele>
    <time>2024-06-27T08:04:06.394795</time>
</trkpt>
<trkpt lat="48.7594521" lon="2.2846008">
    <ele>92.295</ele>
    <time>2024-06-27T08:04:06.394795</time>
</trkpt>
<trkpt lat="48.7592098" lon="2.2845796">
    <ele>91.982</ele>
    <time>2024-06-27T08:04:06.394795</time>
</trkpt>
<trkpt lat="48.758589" lon="2.284515">
    <ele>93.09</ele>
    <time>2024-06-27T08:04:06.394795</time>
</trkpt>
<trkpt lat="48.7565541" lon="2.2841997">
    <ele>91.404</ele>
    <time>2024-06-27T08:04:06.394795</time>
</trkpt>
<trkpt lat="48.7559484" lon="2.2846631">
    <ele>89.156</ele>
    <time>2024-06-27T08:04:06.395836</time>
</trkpt>
<trkpt lat="48.7558052" lon="2.2845795">
    <ele>88.908</ele>
    <time>2024-06-27T08:04:06.395836</time>
</trkpt>
<trkpt lat="48.7557626" lon="2.2847693">
    <ele>87.465</ele>
    <time>2024-06-27T08:04:06.395836</time>
</trkpt>
<trkpt lat="48.7555281" lon="2.2865428">
    <ele>83.059</ele>
    <time>2024-06-27T08:04:06.395836</time>
</trkpt>
<trkpt lat="48.7549845" lon="2.2885198">
    <ele>79.334</ele>
    <time>2024-06-27T08:04:06.395836</time>
</trkpt>
<trkpt lat="48.7546694" lon="2.2897131">
    <ele>76.768</ele>
    <time>2024-06-27T08:04:06.395836</time>
</trkpt>
<trkpt lat="48.7544819" lon="2.2904895">
    <ele>74.501</ele>
    <time>2024-06-27T08:04:06.395836</time>
</trkpt>
<trkpt lat="48.753678" lon="2.2894453">
    <ele>75.075</ele>
    <time>2024-06-27T08:04:06.396622</time>
</trkpt>
<trkpt lat="48.7524947" lon="2.2916493">
    <ele>70.065</ele>
    <time>2024-06-27T08:04:06.396622</time>
</trkpt>
<trkpt lat="48.7521113" lon="2.2912722">
    <ele>70.754</ele>
    <time>2024-06-27T08:04:06.396791</time>
</trkpt>
<trkpt lat="48.7512715" lon="2.2926603">
    <ele>65.787</ele>
    <time>2024-06-27T08:04:06.396791</time>
</trkpt>
<trkpt lat="48.7505489" lon="2.2938683">
    <ele>60.82</ele>
    <time>2024-06-27T08:04:06.396791</time>
</trkpt>
<trkpt lat="48.7508775" lon="2.2944869">
    <ele>59.26</ele>
    <time>2024-06-27T08:04:06.396791</time>
</trkpt>
<trkpt lat="48.7513264" lon="2.2959203">
    <ele>56.433</ele>
    <time>2024-06-27T08:04:06.396791</time>
</trkpt>
<trkpt lat="48.7511396" lon="2.2961603">
    <ele>55.168</ele>
    <time>2024-06-27T08:04:06.396791</time>
</trkpt>
<trkpt lat="48.7509732" lon="2.2965184">
    <ele>55.791</ele>
    <time>2024-06-27T08:04:06.396791</time>
</trkpt>
<trkpt lat="48.7503947" lon="2.2972909">
    <ele>53.52</ele>
    <time>2024-06-27T08:04:06.396791</time>
</trkpt>
<trkpt lat="48.7498016" lon="2.2975364">
    <ele>52.472</ele>
    <time>2024-06-27T08:04:06.396791</time>
</trkpt>
<trkpt lat="48.7501443" lon="2.2992576">
    <ele>51.747</ele>
    <time>2024-06-27T08:04:06.396791</time>
</trkpt>
<trkpt lat="48.7478704" lon="2.2987162">
    <ele>52.125</ele>
    <time>2024-06-27T08:04:06.397834</time>
</trkpt>
<trkpt lat="48.7475609" lon="2.298711">
    <ele>51.959</ele>
    <time>2024-06-27T08:04:06.397834</time>
</trkpt>
<trkpt lat="48.7477207" lon="2.2993297">
    <ele>51.361</ele>
    <time>2024-06-27T08:04:06.397834</time>
</trkpt>
<trkpt lat="48.7473307" lon="2.2992313">
    <ele>51.927</ele>
    <time>2024-06-27T08:04:06.397834</time>
</trkpt>
<trkpt lat="48.7467319" lon="2.2990708">
    <ele>52.921</ele>
    <time>2024-06-27T08:04:06.397834</time>
</trkpt>
<trkpt lat="48.7457628" lon="2.2987079">
    <ele>54.156</ele>
    <time>2024-06-27T08:04:06.397834</time>
</trkpt>
<trkpt lat="48.7450414" lon="2.2982225">
    <ele>55.1</ele>
    <time>2024-06-27T08:04:06.398817</time>
</trkpt>
<trkpt lat="48.744527" lon="2.2978418">
    <ele>56.773</ele>
    <time>2024-06-27T08:04:06.398817</time>
</trkpt>
<trkpt lat="48.7440247" lon="2.2973757">
    <ele>57.34</ele>
    <time>2024-06-27T08:04:06.398817</time>
</trkpt>
<trkpt lat="48.7431498" lon="2.2968204">
    <ele>59.274</ele>
    <time>2024-06-27T08:04:06.398817</time>
</trkpt>
<trkpt lat="48.7429951" lon="2.2966044">
    <ele>59.03</ele>
    <time>2024-06-27T08:04:06.398817</time>
</trkpt>
<trkpt lat="48.7428107" lon="2.2962451">
    <ele>59.333</ele>
    <time>2024-06-27T08:04:06.398817</time>
</trkpt>
<trkpt lat="48.7424997" lon="2.2966129">
    <ele>61.32</ele>
    <time>2024-06-27T08:04:06.398817</time>
</trkpt>
<trkpt lat="48.7423308" lon="2.2961522">
    <ele>61.818</ele>
    <time>2024-06-27T08:04:06.398817</time>
</trkpt>
<trkpt lat="48.7420775" lon="2.2972284">
    <ele>64.166</ele>
    <time>2024-06-27T08:04:06.399817</time>
</trkpt>
<trkpt lat="48.7407666" lon="2.2979856">
    <ele>74.783</ele>
    <time>2024-06-27T08:04:06.399817</time>
</trkpt>
<trkpt lat="48.7390651" lon="2.2993203">
    <ele>81.824</ele>
    <time>2024-06-27T08:04:06.399817</time>
</trkpt>
<trkpt lat="48.7390381" lon="2.2992694">
    <ele>82.127</ele>
    <time>2024-06-27T08:04:06.399817</time>
</trkpt>
<trkpt lat="48.7369126" lon="2.3005829">
    <ele>82.531</ele>
    <time>2024-06-27T08:04:06.400240</time>
</trkpt>
<trkpt lat="48.736255" lon="2.301406">
    <ele>83.709</ele>
    <time>2024-06-27T08:04:06.400240</time>
</trkpt>
<trkpt lat="48.7362546" lon="2.301479">
    <ele>83.507</ele>
    <time>2024-06-27T08:04:06.400240</time>
</trkpt>
<trkpt lat="48.7358304" lon="2.3014637">
    <ele>84.574</ele>
    <time>2024-06-27T08:04:06.400240</time>
</trkpt>
<trkpt lat="48.7352488" lon="2.3013471">
    <ele>85.858</ele>
    <time>2024-06-27T08:04:06.400240</time>
</trkpt>
<trkpt lat="48.7335395" lon="2.3010043">
    <ele>90.431</ele>
    <time>2024-06-27T08:04:06.400782</time>
</trkpt>
<trkpt lat="48.7328183" lon="2.300898">
    <ele>90.589</ele>
    <time>2024-06-27T08:04:06.400782</time>
</trkpt>
<trkpt lat="48.7327794" lon="2.3008923">
    <ele>90.583</ele>
    <time>2024-06-27T08:04:06.400782</time>
</trkpt>
<trkpt lat="48.7320768" lon="2.3006689">
    <ele>90.678</ele>
    <time>2024-06-27T08:04:06.400782</time>
</trkpt>
<trkpt lat="48.7311162" lon="2.3004946">
    <ele>90.886</ele>
    <time>2024-06-27T08:04:06.400782</time>
</trkpt>
<trkpt lat="48.7302605" lon="2.3003469">
    <ele>91.029</ele>
    <time>2024-06-27T08:04:06.400782</time>
</trkpt>
<trkpt lat="48.7301206" lon="2.3003069">
    <ele>90.913</ele>
    <time>2024-06-27T08:04:06.400782</time>
</trkpt>
<trkpt lat="48.728005" lon="2.3001152">
    <ele>90.512</ele>
    <time>2024-06-27T08:04:06.400782</time>
</trkpt>
<trkpt lat="48.7269673" lon="2.29997">
    <ele>90.005</ele>
    <time>2024-06-27T08:04:06.400782</time>
</trkpt>
<trkpt lat="48.7225541" lon="2.2992954">
    <ele>85.387</ele>
    <time>2024-06-27T08:04:06.400782</time>
</trkpt>
<trkpt lat="48.7194734" lon="2.2988545">
    <ele>86.448</ele>
    <time>2024-06-27T08:04:06.400782</time>
</trkpt>
<trkpt lat="48.7191371" lon="2.2988123">
    <ele>86.697</ele>
    <time>2024-06-27T08:04:06.401817</time>
</trkpt>
<trkpt lat="48.7189811" lon="2.2987977">
    <ele>87.046</ele>
    <time>2024-06-27T08:04:06.401817</time>
</trkpt>
<trkpt lat="48.7188404" lon="2.2987867">
    <ele>87.276</ele>
    <time>2024-06-27T08:04:06.401817</time>
</trkpt>
<trkpt lat="48.7155994" lon="2.2983103">
    <ele>91.618</ele>
    <time>2024-06-27T08:04:06.401817</time>
</trkpt>
<trkpt lat="48.7155877" lon="2.2984427">
    <ele>91.64</ele>
    <time>2024-06-27T08:04:06.401817</time>
</trkpt>
<trkpt lat="48.7155824" lon="2.2985507">
    <ele>91.677</ele>
    <time>2024-06-27T08:04:06.401817</time>
</trkpt>
<trkpt lat="48.7153429" lon="2.2987548">
    <ele>92.493</ele>
    <time>2024-06-27T08:04:06.401817</time>
</trkpt>
<trkpt lat="48.7143026" lon="2.3004813">
    <ele>93.854</ele>
    <time>2024-06-27T08:04:06.401817</time>
</trkpt>
<trkpt lat="48.7133683" lon="2.3024855">
    <ele>95.328</ele>
    <time>2024-06-27T08:04:06.401817</time>
</trkpt>
<trkpt lat="48.7133366" lon="2.3029062">
    <ele>95.504</ele>
    <time>2024-06-27T08:04:06.402857</time>
</trkpt>
<trkpt lat="48.712407" lon="2.3091534">
    <ele>95.37</ele>
    <time>2024-06-27T08:04:06.402857</time>
</trkpt>
<trkpt lat="48.7093435" lon="2.3085914">
    <ele>91.253</ele>
    <time>2024-06-27T08:04:06.402857</time>
</trkpt>
<trkpt lat="48.7087922" lon="2.3092031">
    <ele>89.369</ele>
    <time>2024-06-27T08:04:06.402857</time>
</trkpt>
<trkpt lat="48.7085211" lon="2.3096539">
    <ele>88.758</ele>
    <time>2024-06-27T08:04:06.402857</time>
</trkpt>
<trkpt lat="48.7084736" lon="2.3095818">
    <ele>88.486</ele>
    <time>2024-06-27T08:04:06.402857</time>
</trkpt>
<trkpt lat="48.7081592" lon="2.3099256">
    <ele>87.993</ele>
    <time>2024-06-27T08:04:06.402857</time>
</trkpt>
<trkpt lat="48.7080787" lon="2.3098973">
    <ele>87.855</ele>
    <time>2024-06-27T08:04:06.402857</time>
</trkpt>
<trkpt lat="48.7078745" lon="2.3101311">
    <ele>87.944</ele>
    <time>2024-06-27T08:04:06.402857</time>
</trkpt>
<trkpt lat="48.7078854" lon="2.3103294">
    <ele>87.966</ele>
    <time>2024-06-27T08:04:06.403806</time>
</trkpt>
<trkpt lat="48.7077015" lon="2.3108548">
    <ele>87.333</ele>
    <time>2024-06-27T08:04:06.403806</time>
</trkpt>
<trkpt lat="48.7074312" lon="2.3112789">
    <ele>86.979</ele>
    <time>2024-06-27T08:04:06.403806</time>
</trkpt>
<trkpt lat="48.706819" lon="2.3122617">
    <ele>85.741</ele>
    <time>2024-06-27T08:04:06.403806</time>
</trkpt>
<trkpt lat="48.7066272" lon="2.3124808">
    <ele>85.391</ele>
    <time>2024-06-27T08:04:06.403806</time>
</trkpt>
<trkpt lat="48.705878" lon="2.3137467">
    <ele>83.633</ele>
    <time>2024-06-27T08:04:06.403806</time>
</trkpt>
<trkpt lat="48.7057557" lon="2.3139405">
    <ele>83.704</ele>
    <time>2024-06-27T08:04:06.403806</time>
</trkpt>
<trkpt lat="48.7056548" lon="2.3141646">
    <ele>83.756</ele>
    <time>2024-06-27T08:04:06.403806</time>
</trkpt>
<trkpt lat="48.7053062" lon="2.3148232">
    <ele>83.653</ele>
    <time>2024-06-27T08:04:06.403806</time>
</trkpt>
<trkpt lat="48.7046388" lon="2.3162426">
    <ele>82.81</ele>
    <time>2024-06-27T08:04:06.403806</time>
</trkpt>
<trkpt lat="48.7045958" lon="2.3163316">
    <ele>82.787</ele>
    <time>2024-06-27T08:04:06.404801</time>
</trkpt>
<trkpt lat="48.7041241" lon="2.3173016">
    <ele>80.964</ele>
    <time>2024-06-27T08:04:06.404801</time>
</trkpt>
<trkpt lat="48.7029284" lon="2.3197911">
    <ele>80.224</ele>
    <time>2024-06-27T08:04:06.404801</time>
</trkpt>
<trkpt lat="48.7025607" lon="2.3205341">
    <ele>78.795</ele>
    <time>2024-06-27T08:04:06.404801</time>
</trkpt>
<trkpt lat="48.7024888" lon="2.3205388">
    <ele>78.716</ele>
    <time>2024-06-27T08:04:06.404801</time>
</trkpt>
<trkpt lat="48.7024261" lon="2.320633">
    <ele>78.646</ele>
    <time>2024-06-27T08:04:06.404801</time>
</trkpt>
<trkpt lat="48.7024587" lon="2.3208224">
    <ele>78.696</ele>
    <time>2024-06-27T08:04:06.404801</time>
</trkpt>
<trkpt lat="48.7025358" lon="2.3208609">
    <ele>78.842</ele>
    <time>2024-06-27T08:04:06.404801</time>
</trkpt>
<trkpt lat="48.7027667" lon="2.3220651">
    <ele>78.011</ele>
    <time>2024-06-27T08:04:06.404801</time>
</trkpt>
<trkpt lat="48.7008126" lon="2.3263406">
    <ele>71.021</ele>
    <time>2024-06-27T08:04:06.404801</time>
</trkpt>
<trkpt lat="48.7002045" lon="2.3256112">
    <ele>70.638</ele>
    <time>2024-06-27T08:04:06.404801</time>
</trkpt>
<trkpt lat="48.6991296" lon="2.3248337">
    <ele>69.319</ele>
    <time>2024-06-27T08:04:06.405799</time>
</trkpt>
<trkpt lat="48.6981693" lon="2.3240679">
    <ele>68.086</ele>
    <time>2024-06-27T08:04:06.405799</time>
</trkpt>
<trkpt lat="48.6980696" lon="2.3246584">
    <ele>70.474</ele>
    <time>2024-06-27T08:04:06.405799</time>
</trkpt>
<trkpt lat="48.6964133" lon="2.3239307">
    <ele>68.467</ele>
    <time>2024-06-27T08:04:06.405799</time>
</trkpt>
<trkpt lat="48.6954866" lon="2.3234278">
    <ele>67.722</ele>
    <time>2024-06-27T08:04:06.405799</time>
</trkpt>
<trkpt lat="48.6952221" lon="2.3243983">
    <ele>72.628</ele>
    <time>2024-06-27T08:04:06.405799</time>
</trkpt>
<trkpt lat="48.6942147" lon="2.324473">
    <ele>75.632</ele>
    <time>2024-06-27T08:04:06.405799</time>
</trkpt>
<trkpt lat="48.6937581" lon="2.3244776">
    <ele>75.75</ele>
    <time>2024-06-27T08:04:06.405799</time>
</trkpt>
<trkpt lat="48.693303" lon="2.3240737">
    <ele>76.363</ele>
    <time>2024-06-27T08:04:06.405799</time>
</trkpt>
<trkpt lat="48.6924266" lon="2.323202">
    <ele>80.451</ele>
    <time>2024-06-27T08:04:06.405799</time>
</trkpt>
<trkpt lat="48.6916461" lon="2.3225391">
    <ele>85.914</ele>
    <time>2024-06-27T08:04:06.406798</time>
</trkpt>
<trkpt lat="48.6895533" lon="2.3252035">
    <ele>92.051</ele>
    <time>2024-06-27T08:04:06.406798</time>
</trkpt>
<trkpt lat="48.6881232" lon="2.3241906">
    <ele>75.097</ele>
    <time>2024-06-27T08:04:06.406798</time>
</trkpt>
<trkpt lat="48.6879809" lon="2.3238786">
    <ele>71.376</ele>
    <time>2024-06-27T08:04:06.406798</time>
</trkpt>
<trkpt lat="48.6879281" lon="2.3240303">
    <ele>71.442</ele>
    <time>2024-06-27T08:04:06.406798</time>
</trkpt>
<trkpt lat="48.687445" lon="2.3234905">
    <ele>63.6</ele>
    <time>2024-06-27T08:04:06.406798</time>
</trkpt>
<trkpt lat="48.6879281" lon="2.3240303">
    <ele>71.442</ele>
    <time>2024-06-27T08:04:06.406798</time>
</trkpt>
<trkpt lat="48.6879809" lon="2.3238786">
    <ele>71.376</ele>
    <time>2024-06-27T08:04:06.406798</time>
</trkpt>
<trkpt lat="48.6881232" lon="2.3241906">
    <ele>75.097</ele>
    <time>2024-06-27T08:04:06.406798</time>
</trkpt>
<trkpt lat="48.6895533" lon="2.3252035">
    <ele>92.051</ele>
    <time>2024-06-27T08:04:06.406798</time>
</trkpt>
<trkpt lat="48.6916461" lon="2.3225391">
    <ele>85.914</ele>
    <time>2024-06-27T08:04:06.407794</time>
</trkpt>
<trkpt lat="48.6924266" lon="2.323202">
    <ele>80.451</ele>
    <time>2024-06-27T08:04:06.407794</time>
</trkpt>
<trkpt lat="48.693303" lon="2.3240737">
    <ele>76.363</ele>
    <time>2024-06-27T08:04:06.407794</time>
</trkpt>
<trkpt lat="48.6937581" lon="2.3244776">
    <ele>75.75</ele>
    <time>2024-06-27T08:04:06.407794</time>
</trkpt>
<trkpt lat="48.6942147" lon="2.324473">
    <ele>75.632</ele>
    <time>2024-06-27T08:04:06.407794</time>
</trkpt>
<trkpt lat="48.6952221" lon="2.3243983">
    <ele>72.628</ele>
    <time>2024-06-27T08:04:06.407794</time>
</trkpt>
<trkpt lat="48.6954866" lon="2.3234278">
    <ele>67.722</ele>
    <time>2024-06-27T08:04:06.407794</time>
</trkpt>
<trkpt lat="48.6949969" lon="2.323047">
    <ele>66.936</ele>
    <time>2024-06-27T08:04:06.407794</time>
</trkpt>
<trkpt lat="48.694813" lon="2.3229091">
    <ele>66.935</ele>
    <time>2024-06-27T08:04:06.407794</time>
</trkpt>
<trkpt lat="48.6981693" lon="2.3240679">
    <ele>68.086</ele>
    <time>2024-06-27T08:04:06.407794</time>
</trkpt>
<trkpt lat="48.6991296" lon="2.3248337">
    <ele>69.319</ele>
    <time>2024-06-27T08:04:06.408792</time>
</trkpt>
<trkpt lat="48.7002045" lon="2.3256112">
    <ele>70.638</ele>
    <time>2024-06-27T08:04:06.408792</time>
</trkpt>
<trkpt lat="48.7008126" lon="2.3263406">
    <ele>71.021</ele>
    <time>2024-06-27T08:04:06.408792</time>
</trkpt>
<trkpt lat="48.7027667" lon="2.3220651">
    <ele>78.011</ele>
    <time>2024-06-27T08:04:06.408792</time>
</trkpt>
<trkpt lat="48.703033" lon="2.3234451">
    <ele>76.425</ele>
    <time>2024-06-27T08:04:06.408792</time>
</trkpt>
<trkpt lat="48.7037768" lon="2.3217675">
    <ele>78.925</ele>
    <time>2024-06-27T08:04:06.408792</time>
</trkpt>
<trkpt lat="48.7028822" lon="2.3209714">
    <ele>79.696</ele>
    <time>2024-06-27T08:04:06.408792</time>
</trkpt>
<trkpt lat="48.7026395" lon="2.3206901">
    <ele>78.951</ele>
    <time>2024-06-27T08:04:06.408792</time>
</trkpt>
<trkpt lat="48.7025607" lon="2.3205341">
    <ele>78.795</ele>
    <time>2024-06-27T08:04:06.408792</time>
</trkpt>
<trkpt lat="48.7029284" lon="2.3197911">
    <ele>80.224</ele>
    <time>2024-06-27T08:04:06.408792</time>
</trkpt>
<trkpt lat="48.7041241" lon="2.3173016">
    <ele>80.964</ele>
    <time>2024-06-27T08:04:06.409789</time>
</trkpt>
<trkpt lat="48.7045958" lon="2.3163316">
    <ele>82.787</ele>
    <time>2024-06-27T08:04:06.409789</time>
</trkpt>
<trkpt lat="48.7046388" lon="2.3162426">
    <ele>82.81</ele>
    <time>2024-06-27T08:04:06.409789</time>
</trkpt>
<trkpt lat="48.7053062" lon="2.3148232">
    <ele>83.653</ele>
    <time>2024-06-27T08:04:06.409789</time>
</trkpt>
<trkpt lat="48.7056548" lon="2.3141646">
    <ele>83.756</ele>
    <time>2024-06-27T08:04:06.409789</time>
</trkpt>
<trkpt lat="48.7058071" lon="2.3140019">
    <ele>84.067</ele>
    <time>2024-06-27T08:04:06.409789</time>
</trkpt>
<trkpt lat="48.7059253" lon="2.3138017">
    <ele>83.859</ele>
    <time>2024-06-27T08:04:06.409789</time>
</trkpt>
<trkpt lat="48.706426" lon="2.3129922">
    <ele>85.23</ele>
    <time>2024-06-27T08:04:06.409789</time>
</trkpt>
<trkpt lat="48.706819" lon="2.3122617">
    <ele>85.741</ele>
    <time>2024-06-27T08:04:06.409789</time>
</trkpt>
<trkpt lat="48.7074312" lon="2.3112789">
    <ele>86.979</ele>
    <time>2024-06-27T08:04:06.409789</time>
</trkpt>
<trkpt lat="48.7074977" lon="2.3113735">
    <ele>87.401</ele>
    <time>2024-06-27T08:04:06.409789</time>
</trkpt>
<trkpt lat="48.7075861" lon="2.3112326">
    <ele>87.316</ele>
    <time>2024-06-27T08:04:06.410786</time>
</trkpt>
<trkpt lat="48.7078176" lon="2.310843">
    <ele>87.382</ele>
    <time>2024-06-27T08:04:06.410786</time>
</trkpt>
<trkpt lat="48.7079309" lon="2.3106889">
    <ele>87.561</ele>
    <time>2024-06-27T08:04:06.410786</time>
</trkpt>
<trkpt lat="48.708511" lon="2.3108976">
    <ele>88.209</ele>
    <time>2024-06-27T08:04:06.410786</time>
</trkpt>
<trkpt lat="48.7118594" lon="2.3102293">
    <ele>93.403</ele>
    <time>2024-06-27T08:04:06.410786</time>
</trkpt>
<trkpt lat="48.7121612" lon="2.3104278">
    <ele>93.241</ele>
    <time>2024-06-27T08:04:06.410786</time>
</trkpt>
<trkpt lat="48.7124011" lon="2.3103153">
    <ele>93.483</ele>
    <time>2024-06-27T08:04:06.410786</time>
</trkpt>
<trkpt lat="48.7125533" lon="2.310023">
    <ele>94.155</ele>
    <time>2024-06-27T08:04:06.410786</time>
</trkpt>
<trkpt lat="48.7127828" lon="2.3096913">
    <ele>93.678</ele>
    <time>2024-06-27T08:04:06.410786</time>
</trkpt>
<trkpt lat="48.7127475" lon="2.3095748">
    <ele>93.926</ele>
    <time>2024-06-27T08:04:06.410786</time>
</trkpt>
<trkpt lat="48.712407" lon="2.3091534">
    <ele>95.37</ele>
    <time>2024-06-27T08:04:06.411786</time>
</trkpt>
<trkpt lat="48.7133366" lon="2.3029062">
    <ele>95.504</ele>
    <time>2024-06-27T08:04:06.411786</time>
</trkpt>
<trkpt lat="48.7133683" lon="2.3024855">
    <ele>95.328</ele>
    <time>2024-06-27T08:04:06.411786</time>
</trkpt>
<trkpt lat="48.7143026" lon="2.3004813">
    <ele>93.854</ele>
    <time>2024-06-27T08:04:06.411786</time>
</trkpt>
<trkpt lat="48.7153429" lon="2.2987548">
    <ele>92.493</ele>
    <time>2024-06-27T08:04:06.411786</time>
</trkpt>
<trkpt lat="48.7155824" lon="2.2985507">
    <ele>91.677</ele>
    <time>2024-06-27T08:04:06.411786</time>
</trkpt>
<trkpt lat="48.7155877" lon="2.2984427">
    <ele>91.64</ele>
    <time>2024-06-27T08:04:06.411786</time>
</trkpt>
<trkpt lat="48.7155994" lon="2.2983103">
    <ele>91.618</ele>
    <time>2024-06-27T08:04:06.412446</time>
</trkpt>
<trkpt lat="48.7159971" lon="2.2972072">
    <ele>89.8</ele>
    <time>2024-06-27T08:04:06.412446</time>
</trkpt>
<trkpt lat="48.7165864" lon="2.2962596">
    <ele>88.573</ele>
    <time>2024-06-27T08:04:06.412446</time>
</trkpt>
<trkpt lat="48.7173799" lon="2.2950309">
    <ele>87.167</ele>
    <time>2024-06-27T08:04:06.412767</time>
</trkpt>
<trkpt lat="48.7174976" lon="2.295005">
    <ele>87.234</ele>
    <time>2024-06-27T08:04:06.412767</time>
</trkpt>
<trkpt lat="48.7206644" lon="2.2897577">
    <ele>82.328</ele>
    <time>2024-06-27T08:04:06.412767</time>
</trkpt>
<trkpt lat="48.7212922" lon="2.2889839">
    <ele>81.13</ele>
    <time>2024-06-27T08:04:06.412767</time>
</trkpt>
<trkpt lat="48.7222939" lon="2.2879631">
    <ele>78.692</ele>
    <time>2024-06-27T08:04:06.412767</time>
</trkpt>
<trkpt lat="48.7231533" lon="2.2871438">
    <ele>78.451</ele>
    <time>2024-06-27T08:04:06.412767</time>
</trkpt>
<trkpt lat="48.7231278" lon="2.287084">
    <ele>78.276</ele>
    <time>2024-06-27T08:04:06.412767</time>
</trkpt>
<trkpt lat="48.7239806" lon="2.2860552">
    <ele>77.962</ele>
    <time>2024-06-27T08:04:06.412767</time>
</trkpt>
<trkpt lat="48.7246818" lon="2.2848474">
    <ele>77.662</ele>
    <time>2024-06-27T08:04:06.412767</time>
</trkpt>
<trkpt lat="48.7253998" lon="2.2834609">
    <ele>77.462</ele>
    <time>2024-06-27T08:04:06.412767</time>
</trkpt>
<trkpt lat="48.7254885" lon="2.2832896">
    <ele>78.179</ele>
    <time>2024-06-27T08:04:06.413778</time>
</trkpt>
<trkpt lat="48.7259015" lon="2.2823611">
    <ele>79.828</ele>
    <time>2024-06-27T08:04:06.413778</time>
</trkpt>
<trkpt lat="48.7259887" lon="2.2820325">
    <ele>79.81</ele>
    <time>2024-06-27T08:04:06.413996</time>
</trkpt>
<trkpt lat="48.7260812" lon="2.2815978">
    <ele>79.252</ele>
    <time>2024-06-27T08:04:06.413996</time>
</trkpt>
<trkpt lat="48.7262055" lon="2.2809541">
    <ele>79.982</ele>
    <time>2024-06-27T08:04:06.413996</time>
</trkpt>
<trkpt lat="48.7264245" lon="2.2799396">
    <ele>77.969</ele>
    <time>2024-06-27T08:04:06.413996</time>
</trkpt>
<trkpt lat="48.7268405" lon="2.2778019">
    <ele>76.362</ele>
    <time>2024-06-27T08:04:06.413996</time>
</trkpt>
<trkpt lat="48.7274567" lon="2.2749555">
    <ele>71.68</ele>
    <time>2024-06-27T08:04:06.413996</time>
</trkpt>
<trkpt lat="48.7276159" lon="2.2741993">
    <ele>71.432</ele>
    <time>2024-06-27T08:04:06.413996</time>
</trkpt>
<trkpt lat="48.7277721" lon="2.2736053">
    <ele>71.653</ele>
    <time>2024-06-27T08:04:06.414742</time>
</trkpt>
<trkpt lat="48.7278829" lon="2.2734797">
    <ele>71.27</ele>
    <time>2024-06-27T08:04:06.414742</time>
</trkpt>
<trkpt lat="48.7278959" lon="2.2733769">
    <ele>71.607</ele>
    <time>2024-06-27T08:04:06.414742</time>
</trkpt>
<trkpt lat="48.7284767" lon="2.2731271">
    <ele>71.479</ele>
    <time>2024-06-27T08:04:06.414742</time>
</trkpt>
<trkpt lat="48.7303727" lon="2.2721289">
    <ele>72.249</ele>
    <time>2024-06-27T08:04:06.414742</time>
</trkpt>
<trkpt lat="48.7307403" lon="2.2720186">
    <ele>71.057</ele>
    <time>2024-06-27T08:04:06.414742</time>
</trkpt>
<trkpt lat="48.731346" lon="2.2718028">
    <ele>70.066</ele>
    <time>2024-06-27T08:04:06.414742</time>
</trkpt>
<trkpt lat="48.7318203" lon="2.2716261">
    <ele>68.969</ele>
    <time>2024-06-27T08:04:06.414742</time>
</trkpt>
<trkpt lat="48.7318023" lon="2.271524">
    <ele>68.355</ele>
    <time>2024-06-27T08:04:06.414742</time>
</trkpt>
<trkpt lat="48.7330897" lon="2.2712917">
    <ele>67.743</ele>
    <time>2024-06-27T08:04:06.414742</time>
</trkpt>
<trkpt lat="48.7331014" lon="2.2714013">
    <ele>66.879</ele>
    <time>2024-06-27T08:04:06.415761</time>
</trkpt>
<trkpt lat="48.7332586" lon="2.2714043">
    <ele>67.179</ele>
    <time>2024-06-27T08:04:06.415761</time>
</trkpt>
<trkpt lat="48.7335772" lon="2.2713635">
    <ele>71.0</ele>
    <time>2024-06-27T08:04:06.415761</time>
</trkpt>
<trkpt lat="48.7347593" lon="2.2707729">
    <ele>64.907</ele>
    <time>2024-06-27T08:04:06.415761</time>
</trkpt>
<trkpt lat="48.7347445" lon="2.270866">
    <ele>67.952</ele>
    <time>2024-06-27T08:04:06.415761</time>
</trkpt>
<trkpt lat="48.7365266" lon="2.2726819">
    <ele>66.052</ele>
    <time>2024-06-27T08:04:06.415761</time>
</trkpt>
<trkpt lat="48.7391593" lon="2.2741998">
    <ele>65.512</ele>
    <time>2024-06-27T08:04:06.415761</time>
</trkpt>
<trkpt lat="48.7398411" lon="2.2746457">
    <ele>64.025</ele>
    <time>2024-06-27T08:04:06.415761</time>
</trkpt>
<trkpt lat="48.7449164" lon="2.2778405">
    <ele>68.034</ele>
    <time>2024-06-27T08:04:06.415761</time>
</trkpt>
<trkpt lat="48.7453152" lon="2.2780145">
    <ele>69.744</ele>
    <time>2024-06-27T08:04:06.415761</time>
</trkpt>
<trkpt lat="48.7453745" lon="2.2779793">
    <ele>70.45</ele>
    <time>2024-06-27T08:04:06.416770</time>
</trkpt>
<trkpt lat="48.7472779" lon="2.2787183">
    <ele>82.517</ele>
    <time>2024-06-27T08:04:06.416770</time>
</trkpt>
<trkpt lat="48.7484571" lon="2.2790425">
    <ele>80.249</ele>
    <time>2024-06-27T08:04:06.416770</time>
</trkpt>
<trkpt lat="48.749134" lon="2.2798979">
    <ele>81.176</ele>
    <time>2024-06-27T08:04:06.416770</time>
</trkpt>
<trkpt lat="48.7489055" lon="2.2790997">
    <ele>80.037</ele>
    <time>2024-06-27T08:04:06.416770</time>
</trkpt>
<trkpt lat="48.7489942" lon="2.2790417">
    <ele>79.848</ele>
    <time>2024-06-27T08:04:06.416770</time>
</trkpt>
<trkpt lat="48.7503891" lon="2.2780413">
    <ele>83.57</ele>
    <time>2024-06-27T08:04:06.416770</time>
</trkpt>
<trkpt lat="48.7510125" lon="2.2778521">
    <ele>83.651</ele>
    <time>2024-06-27T08:04:06.416770</time>
</trkpt>
<trkpt lat="48.751163" lon="2.2776581">
    <ele>84.558</ele>
    <time>2024-06-27T08:04:06.416770</time>
</trkpt>
<trkpt lat="48.7513324" lon="2.277628">
    <ele>84.801</ele>
    <time>2024-06-27T08:04:06.416770</time>
</trkpt>
<trkpt lat="48.7543775" lon="2.2744988">
    <ele>88.629</ele>
    <time>2024-06-27T08:04:06.417768</time>
</trkpt>
<trkpt lat="48.7544575" lon="2.2743537">
    <ele>88.423</ele>
    <time>2024-06-27T08:04:06.417768</time>
</trkpt>
<trkpt lat="48.7545366" lon="2.2742752">
    <ele>88.311</ele>
    <time>2024-06-27T08:04:06.417768</time>
</trkpt>
<trkpt lat="48.7546481" lon="2.2741661">
    <ele>88.384</ele>
    <time>2024-06-27T08:04:06.417768</time>
</trkpt>
<trkpt lat="48.7574891" lon="2.2693641">
    <ele>100.727</ele>
    <time>2024-06-27T08:04:06.417768</time>
</trkpt>
<trkpt lat="48.7575222" lon="2.2694721">
    <ele>100.461</ele>
    <time>2024-06-27T08:04:06.417768</time>
</trkpt>
<trkpt lat="48.7576559" lon="2.2695862">
    <ele>100.275</ele>
    <time>2024-06-27T08:04:06.417768</time>
</trkpt>
<trkpt lat="48.7595558" lon="2.2705173">
    <ele>107.092</ele>
    <time>2024-06-27T08:04:06.417768</time>
</trkpt>
<trkpt lat="48.7601395" lon="2.2707798">
    <ele>109.28</ele>
    <time>2024-06-27T08:04:06.417768</time>
</trkpt>
<trkpt lat="48.7608157" lon="2.270955">
    <ele>113.773</ele>
    <time>2024-06-27T08:04:06.417768</time>
</trkpt>
<trkpt lat="48.7624871" lon="2.2711945">
    <ele>113.466</ele>
    <time>2024-06-27T08:04:06.418765</time>
</trkpt>
<trkpt lat="48.7638463" lon="2.2719775">
    <ele>101.744</ele>
    <time>2024-06-27T08:04:06.418765</time>
</trkpt>
<trkpt lat="48.7638749" lon="2.2718221">
    <ele>102.116</ele>
    <time>2024-06-27T08:04:06.418765</time>
</trkpt>
<trkpt lat="48.7640533" lon="2.2719133">
    <ele>102.12</ele>
    <time>2024-06-27T08:04:06.418765</time>
</trkpt>
<trkpt lat="48.7641695" lon="2.2707015">
    <ele>105.683</ele>
    <time>2024-06-27T08:04:06.418765</time>
</trkpt>
<trkpt lat="48.7643129" lon="2.26935">
    <ele>110.606</ele>
    <time>2024-06-27T08:04:06.418765</time>
</trkpt>
<trkpt lat="48.7644363" lon="2.2684059">
    <ele>114.133</ele>
    <time>2024-06-27T08:04:06.418765</time>
</trkpt>
<trkpt lat="48.7648767" lon="2.265351">
    <ele>124.711</ele>
    <time>2024-06-27T08:04:06.418765</time>
</trkpt>
<trkpt lat="48.7652811" lon="2.2622814">
    <ele>136.152</ele>
    <time>2024-06-27T08:04:06.419730</time>
</trkpt>
<trkpt lat="48.7654117" lon="2.2611974">
    <ele>140.733</ele>
    <time>2024-06-27T08:04:06.419730</time>
</trkpt>
<trkpt lat="48.7655337" lon="2.2603485">
    <ele>142.132</ele>
    <time>2024-06-27T08:04:06.419730</time>
</trkpt>
<trkpt lat="48.765766" lon="2.258673">
    <ele>151.583</ele>
    <time>2024-06-27T08:04:06.419730</time>
</trkpt>
<trkpt lat="48.7661616" lon="2.2556541">
    <ele>159.78</ele>
    <time>2024-06-27T08:04:06.419730</time>
</trkpt>
<trkpt lat="48.7673149" lon="2.2533835">
    <ele>160.698</ele>
    <time>2024-06-27T08:04:06.419730</time>
</trkpt>
<trkpt lat="48.7676556" lon="2.2527766">
    <ele>160.92</ele>
    <time>2024-06-27T08:04:06.419730</time>
</trkpt>
<trkpt lat="48.7686971" lon="2.2510325">
    <ele>160.035</ele>
    <time>2024-06-27T08:04:06.419730</time>
</trkpt>
<trkpt lat="48.7687431" lon="2.2509525">
    <ele>160.217</ele>
    <time>2024-06-27T08:04:06.419730</time>
</trkpt>
<trkpt lat="48.7691535" lon="2.2501762">
    <ele>161.637</ele>
    <time>2024-06-27T08:04:06.419730</time>
</trkpt>
<trkpt lat="48.7694892" lon="2.2496353">
    <ele>162.932</ele>
    <time>2024-06-27T08:04:06.420728</time>
</trkpt>
<trkpt lat="48.7705578" lon="2.2484508">
    <ele>164.994</ele>
    <time>2024-06-27T08:04:06.420728</time>
</trkpt>
<trkpt lat="48.7706642" lon="2.2484665">
    <ele>165.315</ele>
    <time>2024-06-27T08:04:06.420728</time>
</trkpt>
<trkpt lat="48.7763311" lon="2.2500756">
    <ele>172.29</ele>
    <time>2024-06-27T08:04:06.420728</time>
</trkpt>
<trkpt lat="48.7764043" lon="2.2500976">
    <ele>172.113</ele>
    <time>2024-06-27T08:04:06.420728</time>
</trkpt>
<trkpt lat="48.7780754" lon="2.2507559">
    <ele>170.994</ele>
    <time>2024-06-27T08:04:06.420728</time>
</trkpt>
<trkpt lat="48.7791327" lon="2.2514899">
    <ele>170.077</ele>
    <time>2024-06-27T08:04:06.420728</time>
</trkpt>
<trkpt lat="48.779503" lon="2.2517908">
    <ele>169.147</ele>
    <time>2024-06-27T08:04:06.420728</time>
</trkpt>
<trkpt lat="48.7814667" lon="2.2529249">
    <ele>164.9</ele>
    <time>2024-06-27T08:04:06.420728</time>
</trkpt>
<trkpt lat="48.7821535" lon="2.2531739">
    <ele>163.625</ele>
    <time>2024-06-27T08:04:06.420728</time>
</trkpt>
<trkpt lat="48.7822701" lon="2.2532029">
    <ele>163.529</ele>
    <time>2024-06-27T08:04:06.420728</time>
</trkpt>
<trkpt lat="48.7848483" lon="2.2535169">
    <ele>166.07</ele>
    <time>2024-06-27T08:04:06.421725</time>
</trkpt>
<trkpt lat="48.7851025" lon="2.2534022">
    <ele>166.198</ele>
    <time>2024-06-27T08:04:06.421725</time>
</trkpt>
<trkpt lat="48.7874709" lon="2.2529797">
    <ele>165.138</ele>
    <time>2024-06-27T08:04:06.421725</time>
</trkpt>
<trkpt lat="48.7876262" lon="2.2529457">
    <ele>165.281</ele>
    <time>2024-06-27T08:04:06.421725</time>
</trkpt>
<trkpt lat="48.7879203" lon="2.2528856">
    <ele>165.654</ele>
    <time>2024-06-27T08:04:06.421725</time>
</trkpt>
<trkpt lat="48.7882153" lon="2.2528253">
    <ele>166.14</ele>
    <time>2024-06-27T08:04:06.421725</time>
</trkpt>
<trkpt lat="48.788394" lon="2.2527827">
    <ele>166.691</ele>
    <time>2024-06-27T08:04:06.421725</time>
</trkpt>
<trkpt lat="48.788879" lon="2.2527202">
    <ele>167.824</ele>
    <time>2024-06-27T08:04:06.421725</time>
</trkpt>
<trkpt lat="48.7895772" lon="2.252686">
    <ele>168.342</ele>
    <time>2024-06-27T08:04:06.421725</time>
</trkpt>
<trkpt lat="48.7897361" lon="2.252662">
    <ele>168.675</ele>
    <time>2024-06-27T08:04:06.421725</time>
</trkpt>
<trkpt lat="48.7915682" lon="2.2525357">
    <ele>166.366</ele>
    <time>2024-06-27T08:04:06.422722</time>
</trkpt>
<trkpt lat="48.7919513" lon="2.2525687">
    <ele>166.424</ele>
    <time>2024-06-27T08:04:06.422722</time>
</trkpt>
<trkpt lat="48.7921355" lon="2.2525503">
    <ele>166.634</ele>
    <time>2024-06-27T08:04:06.422722</time>
</trkpt>
<trkpt lat="48.79257" lon="2.2525119">
    <ele>167.691</ele>
    <time>2024-06-27T08:04:06.422722</time>
</trkpt>
<trkpt lat="48.797349" lon="2.2530298">
    <ele>169.639</ele>
    <time>2024-06-27T08:04:06.422722</time>
</trkpt>
<trkpt lat="48.7974522" lon="2.2529541">
    <ele>168.415</ele>
    <time>2024-06-27T08:04:06.422722</time>
</trkpt>
<trkpt lat="48.7976442" lon="2.2526269">
    <ele>172.986</ele>
    <time>2024-06-27T08:04:06.422722</time>
</trkpt>
<trkpt lat="48.7978949" lon="2.2521745">
    <ele>173.032</ele>
    <time>2024-06-27T08:04:06.422722</time>
</trkpt>
<trkpt lat="48.7982712" lon="2.2516242">
    <ele>182.598</ele>
    <time>2024-06-27T08:04:06.422722</time>
</trkpt>
<trkpt lat="48.8000192" lon="2.2489106">
    <ele>165.587</ele>
    <time>2024-06-27T08:04:06.422722</time>
</trkpt>
<trkpt lat="48.8001508" lon="2.2490108">
    <ele>165.297</ele>
    <time>2024-06-27T08:04:06.423720</time>
</trkpt>
<trkpt lat="48.8002961" lon="2.2489695">
    <ele>165.079</ele>
    <time>2024-06-27T08:04:06.423720</time>
</trkpt>
<trkpt lat="48.8004125" lon="2.2486255">
    <ele>165.8</ele>
    <time>2024-06-27T08:04:06.423720</time>
</trkpt>
<trkpt lat="48.8007203" lon="2.2485973">
    <ele>170.789</ele>
    <time>2024-06-27T08:04:06.423720</time>
</trkpt>
<trkpt lat="48.8022648" lon="2.2484778">
    <ele>180.256</ele>
    <time>2024-06-27T08:04:06.423720</time>
</trkpt>
<trkpt lat="48.8029885" lon="2.2484243">
    <ele>180.591</ele>
    <time>2024-06-27T08:04:06.423720</time>
</trkpt>
<trkpt lat="48.8030157" lon="2.2476048">
    <ele>174.398</ele>
    <time>2024-06-27T08:04:06.423720</time>
</trkpt>
<trkpt lat="48.8029559" lon="2.2474581">
    <ele>174.54</ele>
    <time>2024-06-27T08:04:06.423720</time>
</trkpt>
<trkpt lat="48.8024258" lon="2.2447078">
    <ele>156.998</ele>
    <time>2024-06-27T08:04:06.423720</time>
</trkpt>
<trkpt lat="48.8018293" lon="2.2420498">
    <ele>130.299</ele>
    <time>2024-06-27T08:04:06.423720</time>
</trkpt>
<trkpt lat="48.8011045" lon="2.2419783">
    <ele>132.086</ele>
    <time>2024-06-27T08:04:06.423720</time>
</trkpt>
<trkpt lat="48.8007632" lon="2.2416626">
    <ele>129.707</ele>
    <time>2024-06-27T08:04:06.424717</time>
</trkpt>
<trkpt lat="48.798008" lon="2.2389086">
    <ele>109.791</ele>
    <time>2024-06-27T08:04:06.424717</time>
</trkpt>
<trkpt lat="48.797731" lon="2.238841">
    <ele>107.885</ele>
    <time>2024-06-27T08:04:06.424964</time>
</trkpt>
<trkpt lat="48.7969814" lon="2.2378943">
    <ele>110.054</ele>
    <time>2024-06-27T08:04:06.424964</time>
</trkpt>
<trkpt lat="48.7955868" lon="2.236172">
    <ele>120.713</ele>
    <time>2024-06-27T08:04:06.424964</time>
</trkpt>
<trkpt lat="48.795567" lon="2.236098">
    <ele>120.724</ele>
    <time>2024-06-27T08:04:06.424964</time>
</trkpt>
<trkpt lat="48.7954145" lon="2.2347024">
    <ele>115.537</ele>
    <time>2024-06-27T08:04:06.424964</time>
</trkpt>
<trkpt lat="48.7950425" lon="2.234349">
    <ele>116.362</ele>
    <time>2024-06-27T08:04:06.424964</time>
</trkpt>
<trkpt lat="48.7940845" lon="2.2341431">
    <ele>125.24</ele>
    <time>2024-06-27T08:04:06.424964</time>
</trkpt>
<trkpt lat="48.7930215" lon="2.234561">
    <ele>134.452</ele>
    <time>2024-06-27T08:04:06.424964</time>
</trkpt>
<trkpt lat="48.7932866" lon="2.2323272">
    <ele>138.98</ele>
    <time>2024-06-27T08:04:06.425715</time>
</trkpt>
<trkpt lat="48.7938059" lon="2.2299385">
    <ele>178.106</ele>
    <time>2024-06-27T08:04:06.425715</time>
</trkpt>
<trkpt lat="48.7941125" lon="2.2283941">
    <ele>172.789</ele>
    <time>2024-06-27T08:04:06.425715</time>
</trkpt>
<trkpt lat="48.7944392" lon="2.2265484">
    <ele>144.106</ele>
    <time>2024-06-27T08:04:06.425715</time>
</trkpt>
<trkpt lat="48.7952623" lon="2.2239382">
    <ele>166.493</ele>
    <time>2024-06-27T08:04:06.425715</time>
</trkpt>
<trkpt lat="48.7954491" lon="2.223202">
    <ele>167.895</ele>
    <time>2024-06-27T08:04:06.425715</time>
</trkpt>
<trkpt lat="48.7960074" lon="2.2227067">
    <ele>172.979</ele>
    <time>2024-06-27T08:04:06.425715</time>
</trkpt>
<trkpt lat="48.7965651" lon="2.2219543">
    <ele>171.504</ele>
    <time>2024-06-27T08:04:06.425715</time>
</trkpt>
<trkpt lat="48.7966673" lon="2.2206215">
    <ele>169.986</ele>
    <time>2024-06-27T08:04:06.425715</time>
</trkpt>
<trkpt lat="48.7978676" lon="2.2185503">
    <ele>161.821</ele>
    <time>2024-06-27T08:04:06.425715</time>
</trkpt>
<trkpt lat="48.7980369" lon="2.2185651">
    <ele>160.546</ele>
    <time>2024-06-27T08:04:06.425715</time>
</trkpt>
<trkpt lat="48.7982135" lon="2.2163789">
    <ele>166.292</ele>
    <time>2024-06-27T08:04:06.426712</time>
</trkpt>
<trkpt lat="48.7987874" lon="2.2146822">
    <ele>171.308</ele>
    <time>2024-06-27T08:04:06.426712</time>
</trkpt>
<trkpt lat="48.7998842" lon="2.2155691">
    <ele>169.054</ele>
    <time>2024-06-27T08:04:06.426712</time>
</trkpt>
<trkpt lat="48.8000463" lon="2.2154712">
    <ele>169.447</ele>
    <time>2024-06-27T08:04:06.426712</time>
</trkpt>
<trkpt lat="48.8111421" lon="2.2102079">
    <ele>168.162</ele>
    <time>2024-06-27T08:04:06.426712</time>
</trkpt>
<trkpt lat="48.8102736" lon="2.2080704">
    <ele>169.532</ele>
    <time>2024-06-27T08:04:06.426712</time>
</trkpt>
<trkpt lat="48.8103045" lon="2.2080106">
    <ele>169.507</ele>
    <time>2024-06-27T08:04:06.426712</time>
</trkpt>
<trkpt lat="48.8112006" lon="2.2100781">
    <ele>166.923</ele>
    <time>2024-06-27T08:04:06.426712</time>
</trkpt>
<trkpt lat="48.8112259" lon="2.2101477">
    <ele>166.72</ele>
    <time>2024-06-27T08:04:06.426712</time>
</trkpt>
<trkpt lat="48.8121939" lon="2.2087826">
    <ele>165.806</ele>
    <time>2024-06-27T08:04:06.426712</time>
</trkpt>
<trkpt lat="48.8128711" lon="2.2078276">
    <ele>164.332</ele>
    <time>2024-06-27T08:04:06.427709</time>
</trkpt>
<trkpt lat="48.8138716" lon="2.2064412">
    <ele>166.874</ele>
    <time>2024-06-27T08:04:06.427709</time>
</trkpt>
<trkpt lat="48.814362" lon="2.201834">
    <ele>162.275</ele>
    <time>2024-06-27T08:04:06.427709</time>
</trkpt>
<trkpt lat="48.8145378" lon="2.2010624">
    <ele>156.844</ele>
    <time>2024-06-27T08:04:06.427709</time>
</trkpt>
<trkpt lat="48.8150124" lon="2.1989787">
    <ele>137.689</ele>
    <time>2024-06-27T08:04:06.427709</time>
</trkpt>
<trkpt lat="48.8153393" lon="2.1988004">
    <ele>128.649</ele>
    <time>2024-06-27T08:04:06.427709</time>
</trkpt>
<trkpt lat="48.8156016" lon="2.1982755">
    <ele>111.065</ele>
    <time>2024-06-27T08:04:06.427709</time>
</trkpt>
<trkpt lat="48.8158868" lon="2.1977068">
    <ele>104.019</ele>
    <time>2024-06-27T08:04:06.427709</time>
</trkpt>
<trkpt lat="48.815134" lon="2.1967231">
    <ele>99.274</ele>
    <time>2024-06-27T08:04:06.427709</time>
</trkpt>
<trkpt lat="48.8153509" lon="2.1963451">
    <ele>94.786</ele>
    <time>2024-06-27T08:04:06.427709</time>
</trkpt>
<trkpt lat="48.8157557" lon="2.1957242">
    <ele>86.779</ele>
    <time>2024-06-27T08:04:06.428706</time>
</trkpt>
<trkpt lat="48.815833" lon="2.1956074">
    <ele>85.153</ele>
    <time>2024-06-27T08:04:06.428706</time>
</trkpt>
<trkpt lat="48.8164328" lon="2.1947042">
    <ele>71.348</ele>
    <time>2024-06-27T08:04:06.428706</time>
</trkpt>
<trkpt lat="48.8159797" lon="2.1940366">
    <ele>73.167</ele>
    <time>2024-06-27T08:04:06.428706</time>
</trkpt>
<trkpt lat="48.8158017" lon="2.1934205">
    <ele>78.571</ele>
    <time>2024-06-27T08:04:06.428706</time>
</trkpt>
<trkpt lat="48.8161544" lon="2.1926334">
    <ele>88.764</ele>
    <time>2024-06-27T08:04:06.428706</time>
</trkpt>
<trkpt lat="48.8159204" lon="2.1916464">
    <ele>95.471</ele>
    <time>2024-06-27T08:04:06.428706</time>
</trkpt>
<trkpt lat="48.816086" lon="2.1909054">
    <ele>100.304</ele>
    <time>2024-06-27T08:04:06.428706</time>
</trkpt>
<trkpt lat="48.8167194" lon="2.191521">
    <ele>102.896</ele>
    <time>2024-06-27T08:04:06.428706</time>
</trkpt>
<trkpt lat="48.8170349" lon="2.190837">
    <ele>118.287</ele>
    <time>2024-06-27T08:04:06.428706</time>
</trkpt>
<trkpt lat="48.817828" lon="2.1898809">
    <ele>142.396</ele>
    <time>2024-06-27T08:04:06.429704</time>
</trkpt>
<trkpt lat="48.8184487" lon="2.1891731">
    <ele>161.252</ele>
    <time>2024-06-27T08:04:06.429704</time>
</trkpt>
<trkpt lat="48.8193391" lon="2.1884468">
    <ele>156.261</ele>
    <time>2024-06-27T08:04:06.429704</time>
</trkpt>
<trkpt lat="48.8205006" lon="2.1875467">
    <ele>132.515</ele>
    <time>2024-06-27T08:04:06.429704</time>
</trkpt>
<trkpt lat="48.8204746" lon="2.1866414">
    <ele>130.624</ele>
    <time>2024-06-27T08:04:06.429704</time>
</trkpt>
<trkpt lat="48.8204853" lon="2.1848796">
    <ele>126.136</ele>
    <time>2024-06-27T08:04:06.429704</time>
</trkpt>
<trkpt lat="48.820102" lon="2.1817631">
    <ele>124.18</ele>
    <time>2024-06-27T08:04:06.429704</time>
</trkpt>
<trkpt lat="48.8195512" lon="2.1805778">
    <ele>123.6</ele>
    <time>2024-06-27T08:04:06.429704</time>
</trkpt>
<trkpt lat="48.8196484" lon="2.1783928">
    <ele>129.113</ele>
    <time>2024-06-27T08:04:06.429704</time>
</trkpt>
<trkpt lat="48.8199336" lon="2.1777606">
    <ele>132.629</ele>
    <time>2024-06-27T08:04:06.429704</time>
</trkpt>
<trkpt lat="48.8203212" lon="2.1747989">
    <ele>131.473</ele>
    <time>2024-06-27T08:04:06.430698</time>
</trkpt>
<trkpt lat="48.8203164" lon="2.1748009">
    <ele>131.473</ele>
    <time>2024-06-27T08:04:06.430860</time>
</trkpt>
<trkpt lat="48.8194435" lon="2.1721525">
    <ele>132.408</ele>
    <time>2024-06-27T08:04:06.430956</time>
</trkpt>
<trkpt lat="48.8176217" lon="2.1703694">
    <ele>141.469</ele>
    <time>2024-06-27T08:04:06.430956</time>
</trkpt>
<trkpt lat="48.8177071" lon="2.1702208">
    <ele>139.123</ele>
    <time>2024-06-27T08:04:06.430956</time>
</trkpt>
<trkpt lat="48.8177917" lon="2.1700737">
    <ele>137.347</ele>
    <time>2024-06-27T08:04:06.430956</time>
</trkpt>
<trkpt lat="48.8190633" lon="2.1678617">
    <ele>133.041</ele>
    <time>2024-06-27T08:04:06.430956</time>
</trkpt>
<trkpt lat="48.8190942" lon="2.1678004">
    <ele>132.873</ele>
    <time>2024-06-27T08:04:06.430956</time>
</trkpt>
<trkpt lat="48.8201423" lon="2.1660713">
    <ele>138.768</ele>
    <time>2024-06-27T08:04:06.430956</time>
</trkpt>
<trkpt lat="48.8198306" lon="2.1637837">
    <ele>140.763</ele>
    <time>2024-06-27T08:04:06.430956</time>
</trkpt>
<trkpt lat="48.8193394" lon="2.1605647">
    <ele>151.145</ele>
    <time>2024-06-27T08:04:06.431698</time>
</trkpt>
<trkpt lat="48.8209437" lon="2.1572998">
    <ele>190.601</ele>
    <time>2024-06-27T08:04:06.431698</time>
</trkpt>
<trkpt lat="48.8213321" lon="2.156452">
    <ele>193.125</ele>
    <time>2024-06-27T08:04:06.431698</time>
</trkpt>
<trkpt lat="48.8188585" lon="2.1509143">
    <ele>180.669</ele>
    <time>2024-06-27T08:04:06.431698</time>
</trkpt>
<trkpt lat="48.8189032" lon="2.1506775">
    <ele>178.778</ele>
    <time>2024-06-27T08:04:06.431698</time>
</trkpt>
<trkpt lat="48.8191228" lon="2.1506854">
    <ele>177.811</ele>
    <time>2024-06-27T08:04:06.431698</time>
</trkpt>
<trkpt lat="48.8191556" lon="2.15056">
    <ele>177.303</ele>
    <time>2024-06-27T08:04:06.431698</time>
</trkpt>
<trkpt lat="48.8191822" lon="2.1503747">
    <ele>177.621</ele>
    <time>2024-06-27T08:04:06.431698</time>
</trkpt>
<trkpt lat="48.8191847" lon="2.1502503">
    <ele>177.828</ele>
    <time>2024-06-27T08:04:06.432475</time>
</trkpt>
<trkpt lat="48.8190983" lon="2.1501061">
    <ele>177.938</ele>
    <time>2024-06-27T08:04:06.432475</time>
</trkpt>
<trkpt lat="48.8189831" lon="2.1500938">
    <ele>178.294</ele>
    <time>2024-06-27T08:04:06.432696</time>
</trkpt>
<trkpt lat="48.8190115" lon="2.1497503">
    <ele>178.393</ele>
    <time>2024-06-27T08:04:06.432696</time>
</trkpt>
<trkpt lat="48.8156725" lon="2.1461081">
    <ele>146.512</ele>
    <time>2024-06-27T08:04:06.432696</time>
</trkpt>
<trkpt lat="48.8155288" lon="2.145683">
    <ele>144.489</ele>
    <time>2024-06-27T08:04:06.432696</time>
</trkpt>
<trkpt lat="48.8153329" lon="2.145158">
    <ele>142.043</ele>
    <time>2024-06-27T08:04:06.432696</time>
</trkpt>
<trkpt lat="48.814586" lon="2.1430412">
    <ele>133.935</ele>
    <time>2024-06-27T08:04:06.432696</time>
</trkpt>
<trkpt lat="48.8138896" lon="2.1410969">
    <ele>130.738</ele>
    <time>2024-06-27T08:04:06.432696</time>
</trkpt>
<trkpt lat="48.8139682" lon="2.1409273">
    <ele>130.322</ele>
    <time>2024-06-27T08:04:06.432696</time>
</trkpt>
<trkpt lat="48.8150302" lon="2.1362381">
    <ele>128.16</ele>
    <time>2024-06-27T08:04:06.432696</time>
</trkpt>
<trkpt lat="48.8160286" lon="2.1364092">
    <ele>129.946</ele>
    <time>2024-06-27T08:04:06.432696</time>
</trkpt>
<trkpt lat="48.816776" lon="2.1365516">
    <ele>132.439</ele>
    <time>2024-06-27T08:04:06.432696</time>
</trkpt>
<trkpt lat="48.8168474" lon="2.1342556">
    <ele>134.167</ele>
    <time>2024-06-27T08:04:06.433694</time>
</trkpt>
<trkpt lat="48.8168701" lon="2.1332517">
    <ele>134.744</ele>
    <time>2024-06-27T08:04:06.433694</time>
</trkpt>
<trkpt lat="48.8154842" lon="2.1327563">
    <ele>129.008</ele>
    <time>2024-06-27T08:04:06.433694</time>
</trkpt>
<trkpt lat="48.8155986" lon="2.1321172">
    <ele>130.326</ele>
    <time>2024-06-27T08:04:06.433694</time>
</trkpt>
<trkpt lat="48.8157329" lon="2.1315135">
    <ele>131.401</ele>
    <time>2024-06-27T08:04:06.433694</time>
</trkpt>
<trkpt lat="48.8159126" lon="2.1307265">
    <ele>134.938</ele>
    <time>2024-06-27T08:04:06.433694</time>
</trkpt>
<trkpt lat="48.8162358" lon="2.1295175">
    <ele>137.611</ele>
    <time>2024-06-27T08:04:06.433694</time>
</trkpt>
<trkpt lat="48.8154218" lon="2.1290169">
    <ele>132.358</ele>
    <time>2024-06-27T08:04:06.433694</time>
</trkpt>
<trkpt lat="48.8154184" lon="2.1287757">
    <ele>131.936</ele>
    <time>2024-06-27T08:04:06.433694</time>
</trkpt>
<trkpt lat="48.8153746" lon="2.1286612">
    <ele>131.744</ele>
    <time>2024-06-27T08:04:06.433694</time>
</trkpt>
<trkpt lat="48.8155608" lon="2.1279788">
    <ele>133.093</ele>
    <time>2024-06-27T08:04:06.434830</time>
</trkpt>
<trkpt lat="48.8158018" lon="2.1273238">
    <ele>131.179</ele>
    <time>2024-06-27T08:04:06.434830</time>
</trkpt>
<trkpt lat="48.8167032" lon="2.1248745">
    <ele>124.705</ele>
    <time>2024-06-27T08:04:06.434830</time>
</trkpt>
<trkpt lat="48.8168351" lon="2.1245252">
    <ele>124.489</ele>
    <time>2024-06-27T08:04:06.434830</time>
</trkpt>
<trkpt lat="48.8181021" lon="2.121106">
    <ele>117.416</ele>
    <time>2024-06-27T08:04:06.434830</time>
</trkpt>
<trkpt lat="48.8182213" lon="2.1207858">
    <ele>117.239</ele>
    <time>2024-06-27T08:04:06.434830</time>
</trkpt>
<trkpt lat="48.8193121" lon="2.1178511">
    <ele>119.879</ele>
    <time>2024-06-27T08:04:06.434830</time>
</trkpt>
<trkpt lat="48.821741" lon="2.1150607">
    <ele>126.033</ele>
    <time>2024-06-27T08:04:06.435686</time>
</trkpt>
<trkpt lat="48.8219217" lon="2.1150182">
    <ele>126.801</ele>
    <time>2024-06-27T08:04:06.435686</time>
</trkpt>
<trkpt lat="48.8224327" lon="2.1148954">
    <ele>128.462</ele>
    <time>2024-06-27T08:04:06.435686</time>
</trkpt>
<trkpt lat="48.8250067" lon="2.1143137">
    <ele>134.182</ele>
    <time>2024-06-27T08:04:06.435686</time>
</trkpt>
<trkpt lat="48.8271624" lon="2.1138218">
    <ele>139.95</ele>
    <time>2024-06-27T08:04:06.435686</time>
</trkpt>
<trkpt lat="48.8288144" lon="2.1134439">
    <ele>140.224</ele>
    <time>2024-06-27T08:04:06.435686</time>
</trkpt>
<trkpt lat="48.8300285" lon="2.1137987">
    <ele>136.604</ele>
    <time>2024-06-27T08:04:06.435686</time>
</trkpt>
<trkpt lat="48.8303751" lon="2.1127931">
    <ele>134.055</ele>
    <time>2024-06-27T08:04:06.436683</time>
</trkpt>
<trkpt lat="48.8304115" lon="2.1126404">
    <ele>134.164</ele>
    <time>2024-06-27T08:04:06.436683</time>
</trkpt>
<trkpt lat="48.8304207" lon="2.1124371">
    <ele>134.49</ele>
    <time>2024-06-27T08:04:06.436683</time>
</trkpt>
<trkpt lat="48.8303694" lon="2.1123801">
    <ele>135.058</ele>
    <time>2024-06-27T08:04:06.436683</time>
</trkpt>
<trkpt lat="48.83032" lon="2.1119245">
    <ele>136.03</ele>
    <time>2024-06-27T08:04:06.436683</time>
</trkpt>
<trkpt lat="48.8302832" lon="2.110662">
    <ele>133.119</ele>
    <time>2024-06-27T08:04:06.436683</time>
</trkpt>
<trkpt lat="48.8284676" lon="2.1105953">
    <ele>140.629</ele>
    <time>2024-06-27T08:04:06.437681</time>
</trkpt>
<trkpt lat="48.8239809" lon="2.1039254">
    <ele>127.793</ele>
    <time>2024-06-27T08:04:06.437768</time>
</trkpt>
<trkpt lat="48.8273883" lon="2.1012131">
    <ele>125.444</ele>
    <time>2024-06-27T08:04:06.437768</time>
</trkpt>
<trkpt lat="48.8282839" lon="2.0978294">
    <ele>119.045</ele>
    <time>2024-06-27T08:04:06.437768</time>
</trkpt>
<trkpt lat="48.829919" lon="2.098538">
    <ele>118.197</ele>
    <time>2024-06-27T08:04:06.437768</time>
</trkpt>
<trkpt lat="48.8307166" lon="2.0988319">
    <ele>119.357</ele>
    <time>2024-06-27T08:04:06.437768</time>
</trkpt>
<trkpt lat="48.8316016" lon="2.0946764">
    <ele>121.116</ele>
    <time>2024-06-27T08:04:06.437768</time>
</trkpt>
<trkpt lat="48.8333975" lon="2.0986935">
    <ele>127.06</ele>
    <time>2024-06-27T08:04:06.438679</time>
</trkpt>
<trkpt lat="48.8349185" lon="2.0979821">
    <ele>133.181</ele>
    <time>2024-06-27T08:04:06.438679</time>
</trkpt>
<trkpt lat="48.8351232" lon="2.0989129">
    <ele>134.026</ele>
    <time>2024-06-27T08:04:06.438679</time>
</trkpt>
<trkpt lat="48.8352583" lon="2.0988919">
    <ele>134.118</ele>
    <time>2024-06-27T08:04:06.438679</time>
</trkpt>
<trkpt lat="48.8359284" lon="2.0986507">
    <ele>136.513</ele>
    <time>2024-06-27T08:04:06.438679</time>
</trkpt>
<trkpt lat="48.8359599" lon="2.0986434">
    <ele>136.586</ele>
    <time>2024-06-27T08:04:06.439679</time>
</trkpt>
<trkpt lat="48.8360091" lon="2.0987579">
    <ele>136.822</ele>
    <time>2024-06-27T08:04:06.439679</time>
</trkpt>
<trkpt lat="48.8362971" lon="2.1011822">
    <ele>136.43</ele>
    <time>2024-06-27T08:04:06.439679</time>
</trkpt>
<trkpt lat="48.8364626" lon="2.1040513">
    <ele>138.756</ele>
    <time>2024-06-27T08:04:06.439679</time>
</trkpt>
<trkpt lat="48.8358035" lon="2.1089043">
    <ele>140.843</ele>
    <time>2024-06-27T08:04:06.439679</time>
</trkpt>
<trkpt lat="48.8354725" lon="2.111409">
    <ele>139.558</ele>
    <time>2024-06-27T08:04:06.439679</time>
</trkpt>
<trkpt lat="48.8354953" lon="2.1127141">
    <ele>141.242</ele>
    <time>2024-06-27T08:04:06.439679</time>
</trkpt>
<trkpt lat="48.8357036" lon="2.1144728">
    <ele>147.721</ele>
    <time>2024-06-27T08:04:06.440675</time>
</trkpt>
<trkpt lat="48.8360555" lon="2.1165651">
    <ele>154.607</ele>
    <time>2024-06-27T08:04:06.440675</time>
</trkpt>
<trkpt lat="48.8362013" lon="2.1186356">
    <ele>158.626</ele>
    <time>2024-06-27T08:04:06.440675</time>
</trkpt>
<trkpt lat="48.8361452" lon="2.1197023">
    <ele>161.697</ele>
    <time>2024-06-27T08:04:06.440675</time>
</trkpt>
<trkpt lat="48.8360919" lon="2.1203352">
    <ele>163.466</ele>
    <time>2024-06-27T08:04:06.440675</time>
</trkpt>
<trkpt lat="48.8360573" lon="2.1205896">
    <ele>164.739</ele>
    <time>2024-06-27T08:04:06.440675</time>
</trkpt>
<trkpt lat="48.8358436" lon="2.1219901">
    <ele>169.918</ele>
    <time>2024-06-27T08:04:06.440675</time>
</trkpt>
<trkpt lat="48.8357565" lon="2.1225377">
    <ele>172.137</ele>
    <time>2024-06-27T08:04:06.440675</time>
</trkpt>
<trkpt lat="48.8356317" lon="2.123266">
    <ele>172.095</ele>
    <time>2024-06-27T08:04:06.440675</time>
</trkpt>
<trkpt lat="48.8351045" lon="2.126827">
    <ele>175.455</ele>
    <time>2024-06-27T08:04:06.441670</time>
</trkpt>
<trkpt lat="48.83511" lon="2.1280592">
    <ele>175.72</ele>
    <time>2024-06-27T08:04:06.441670</time>
</trkpt>
<trkpt lat="48.8351154" lon="2.1283103">
    <ele>175.869</ele>
    <time>2024-06-27T08:04:06.441670</time>
</trkpt>
<trkpt lat="48.8352686" lon="2.1308513">
    <ele>178.088</ele>
    <time>2024-06-27T08:04:06.441670</time>
</trkpt>
<trkpt lat="48.835295" lon="2.1311197">
    <ele>177.926</ele>
    <time>2024-06-27T08:04:06.441670</time>
</trkpt>
<trkpt lat="48.8354423" lon="2.1338433">
    <ele>179.83</ele>
    <time>2024-06-27T08:04:06.441670</time>
</trkpt>
<trkpt lat="48.8354534" lon="2.1363179">
    <ele>188.272</ele>
    <time>2024-06-27T08:04:06.441670</time>
</trkpt>
<trkpt lat="48.8345671" lon="2.1396415">
    <ele>195.315</ele>
    <time>2024-06-27T08:04:06.441670</time>
</trkpt>
<trkpt lat="48.8328859" lon="2.1396091">
    <ele>188.507</ele>
    <time>2024-06-27T08:04:06.442679</time>
</trkpt>
<trkpt lat="48.8328584" lon="2.1428181">
    <ele>181.488</ele>
    <time>2024-06-27T08:04:06.442679</time>
</trkpt>
<trkpt lat="48.8328353" lon="2.145696">
    <ele>176.398</ele>
    <time>2024-06-27T08:04:06.442679</time>
</trkpt>
<trkpt lat="48.8329455" lon="2.1459591">
    <ele>176.337</ele>
    <time>2024-06-27T08:04:06.442679</time>
</trkpt>
<trkpt lat="48.8328796" lon="2.1463534">
    <ele>175.816</ele>
    <time>2024-06-27T08:04:06.442679</time>
</trkpt>
<trkpt lat="48.8329237" lon="2.14642">
    <ele>175.731</ele>
    <time>2024-06-27T08:04:06.442679</time>
</trkpt>
<trkpt lat="48.8329112" lon="2.1473963">
    <ele>175.329</ele>
    <time>2024-06-27T08:04:06.442679</time>
</trkpt>
<trkpt lat="48.8328666" lon="2.148606">
    <ele>174.598</ele>
    <time>2024-06-27T08:04:06.442679</time>
</trkpt>
<trkpt lat="48.8327742" lon="2.1502865">
    <ele>174.701</ele>
    <time>2024-06-27T08:04:06.442679</time>
</trkpt>
<trkpt lat="48.8327687" lon="2.1504351">
    <ele>174.593</ele>
    <time>2024-06-27T08:04:06.442679</time>
</trkpt>
<trkpt lat="48.8327848" lon="2.1510275">
    <ele>173.865</ele>
    <time>2024-06-27T08:04:06.443668</time>
</trkpt>
<trkpt lat="48.8327193" lon="2.152549">
    <ele>172.437</ele>
    <time>2024-06-27T08:04:06.443668</time>
</trkpt>
<trkpt lat="48.8325952" lon="2.1529839">
    <ele>172.662</ele>
    <time>2024-06-27T08:04:06.443668</time>
</trkpt>
<trkpt lat="48.8325034" lon="2.1531415">
    <ele>172.629</ele>
    <time>2024-06-27T08:04:06.443668</time>
</trkpt>
<trkpt lat="48.8326333" lon="2.1532611">
    <ele>172.034</ele>
    <time>2024-06-27T08:04:06.443668</time>
</trkpt>
<trkpt lat="48.8330309" lon="2.1672196">
    <ele>154.717</ele>
    <time>2024-06-27T08:04:06.443668</time>
</trkpt>
<trkpt lat="48.8341803" lon="2.1694658">
    <ele>141.138</ele>
    <time>2024-06-27T08:04:06.443668</time>
</trkpt>
<trkpt lat="48.8342812" lon="2.1704784">
    <ele>138.469</ele>
    <time>2024-06-27T08:04:06.443668</time>
</trkpt>
<trkpt lat="48.8342927" lon="2.1705525">
    <ele>138.688</ele>
    <time>2024-06-27T08:04:06.444665</time>
</trkpt>
<trkpt lat="48.8347876" lon="2.1703568">
    <ele>133.99</ele>
    <time>2024-06-27T08:04:06.444665</time>
</trkpt>
<trkpt lat="48.8365672" lon="2.1849332">
    <ele>110.739</ele>
    <time>2024-06-27T08:04:06.444665</time>
</trkpt>
<trkpt lat="48.8356894" lon="2.1851261">
    <ele>114.043</ele>
    <time>2024-06-27T08:04:06.444665</time>
</trkpt>
<trkpt lat="48.8352289" lon="2.1851613">
    <ele>118.197</ele>
    <time>2024-06-27T08:04:06.444665</time>
</trkpt>
<trkpt lat="48.8355199" lon="2.1860007">
    <ele>112.494</ele>
    <time>2024-06-27T08:04:06.444665</time>
</trkpt>
<trkpt lat="48.8358817" lon="2.1886795">
    <ele>130.778</ele>
    <time>2024-06-27T08:04:06.444665</time>
</trkpt>
<trkpt lat="48.8360496" lon="2.1910307">
    <ele>124.087</ele>
    <time>2024-06-27T08:04:06.444665</time>
</trkpt>
<trkpt lat="48.8358089" lon="2.1914155">
    <ele>121.556</ele>
    <time>2024-06-27T08:04:06.444665</time>
</trkpt>
<trkpt lat="48.8335478" lon="2.1950304">
    <ele>123.899</ele>
    <time>2024-06-27T08:04:06.444665</time>
</trkpt>
<trkpt lat="48.8324784" lon="2.1967436">
    <ele>129.295</ele>
    <time>2024-06-27T08:04:06.445662</time>
</trkpt>
<trkpt lat="48.8318368" lon="2.1977682">
    <ele>132.501</ele>
    <time>2024-06-27T08:04:06.445662</time>
</trkpt>
<trkpt lat="48.8309228" lon="2.1992473">
    <ele>133.361</ele>
    <time>2024-06-27T08:04:06.445662</time>
</trkpt>
<trkpt lat="48.8307537" lon="2.199523">
    <ele>132.821</ele>
    <time>2024-06-27T08:04:06.445662</time>
</trkpt>
<trkpt lat="48.8307138" lon="2.1994786">
    <ele>132.936</ele>
    <time>2024-06-27T08:04:06.445662</time>
</trkpt>
<trkpt lat="48.8306173" lon="2.1994547">
    <ele>133.04</ele>
    <time>2024-06-27T08:04:06.445662</time>
</trkpt>
<trkpt lat="48.830529" lon="2.1995259">
    <ele>133.025</ele>
    <time>2024-06-27T08:04:06.445662</time>
</trkpt>
<trkpt lat="48.8304866" lon="2.1996402">
    <ele>133.008</ele>
    <time>2024-06-27T08:04:06.445662</time>
</trkpt>
<trkpt lat="48.8305098" lon="2.1998272">
    <ele>132.813</ele>
    <time>2024-06-27T08:04:06.445662</time>
</trkpt>
<trkpt lat="48.8288809" lon="2.2083133">
    <ele>117.756</ele>
    <time>2024-06-27T08:04:06.445662</time>
</trkpt>
<trkpt lat="48.8286114" lon="2.2097168">
    <ele>117.743</ele>
    <time>2024-06-27T08:04:06.446659</time>
</trkpt>
<trkpt lat="48.8280508" lon="2.2126374">
    <ele>109.483</ele>
    <time>2024-06-27T08:04:06.446659</time>
</trkpt>
<trkpt lat="48.8277256" lon="2.2128241">
    <ele>105.866</ele>
    <time>2024-06-27T08:04:06.446659</time>
</trkpt>
<trkpt lat="48.8281157" lon="2.2174619">
    <ele>89.045</ele>
    <time>2024-06-27T08:04:06.446659</time>
</trkpt>
<trkpt lat="48.828095" lon="2.2178875">
    <ele>86.041</ele>
    <time>2024-06-27T08:04:06.446659</time>
</trkpt>
<trkpt lat="48.8279646" lon="2.2187349">
    <ele>73.582</ele>
    <time>2024-06-27T08:04:06.446659</time>
</trkpt>
<trkpt lat="48.8274078" lon="2.2194942">
    <ele>52.01</ele>
    <time>2024-06-27T08:04:06.446659</time>
</trkpt>
<trkpt lat="48.8290767" lon="2.2214079">
    <ele>41.107</ele>
    <time>2024-06-27T08:04:06.446659</time>
</trkpt>
<trkpt lat="48.8297791" lon="2.2231031">
    <ele>29.141</ele>
    <time>2024-06-27T08:04:06.447431</time>
</trkpt>
<trkpt lat="48.8295471" lon="2.2232312">
    <ele>31.278</ele>
    <time>2024-06-27T08:04:06.447431</time>
</trkpt>
<trkpt lat="48.8290915" lon="2.2238674">
    <ele>31.194</ele>
    <time>2024-06-27T08:04:06.447656</time>
</trkpt>
<trkpt lat="48.8288661" lon="2.223821">
    <ele>31.285</ele>
    <time>2024-06-27T08:04:06.447656</time>
</trkpt>
<trkpt lat="48.8287255" lon="2.2240685">
    <ele>31.26</ele>
    <time>2024-06-27T08:04:06.447656</time>
</trkpt>
<trkpt lat="48.8285141" lon="2.2244745">
    <ele>32.436</ele>
    <time>2024-06-27T08:04:06.447656</time>
</trkpt>
<trkpt lat="48.8282731" lon="2.2249114">
    <ele>32.821</ele>
    <time>2024-06-27T08:04:06.447656</time>
</trkpt>
<trkpt lat="48.8276611" lon="2.2253556">
    <ele>32.908</ele>
    <time>2024-06-27T08:04:06.447656</time>
</trkpt>
<trkpt lat="48.8257555" lon="2.227321">
    <ele>30.556</ele>
    <time>2024-06-27T08:04:06.447656</time>
</trkpt>
<trkpt lat="48.824954" lon="2.228155">
    <ele>32.023</ele>
    <time>2024-06-27T08:04:06.447656</time>
</trkpt>
<trkpt lat="48.8240006" lon="2.2291414">
    <ele>32.071</ele>
    <time>2024-06-27T08:04:06.447656</time>
</trkpt>
<trkpt lat="48.8238291" lon="2.2293335">
    <ele>32.096</ele>
    <time>2024-06-27T08:04:06.448654</time>
</trkpt>
<trkpt lat="48.8235056" lon="2.2297061">
    <ele>31.872</ele>
    <time>2024-06-27T08:04:06.448654</time>
</trkpt>
<trkpt lat="48.823235" lon="2.2301277">
    <ele>31.268</ele>
    <time>2024-06-27T08:04:06.448654</time>
</trkpt>
<trkpt lat="48.8229102" lon="2.2307198">
    <ele>31.372</ele>
    <time>2024-06-27T08:04:06.448654</time>
</trkpt>
<trkpt lat="48.8218281" lon="2.2305608">
    <ele>60.203</ele>
    <time>2024-06-27T08:04:06.448654</time>
</trkpt>
<trkpt lat="48.8203574" lon="2.2319951">
    <ele>72.165</ele>
    <time>2024-06-27T08:04:06.448654</time>
</trkpt>
<trkpt lat="48.8201558" lon="2.2326036">
    <ele>66.155</ele>
    <time>2024-06-27T08:04:06.448654</time>
</trkpt>
<trkpt lat="48.8195584" lon="2.2340503">
    <ele>61.349</ele>
    <time>2024-06-27T08:04:06.448654</time>
</trkpt>
<trkpt lat="48.8188249" lon="2.2346825">
    <ele>72.317</ele>
    <time>2024-06-27T08:04:06.448654</time>
</trkpt>
<trkpt lat="48.8189058" lon="2.236468">
    <ele>60.362</ele>
    <time>2024-06-27T08:04:06.448654</time>
</trkpt>
<trkpt lat="48.8188086" lon="2.2385552">
    <ele>55.33</ele>
    <time>2024-06-27T08:04:06.449651</time>
</trkpt>
<trkpt lat="48.8187896" lon="2.2393744">
    <ele>54.311</ele>
    <time>2024-06-27T08:04:06.449651</time>
</trkpt>
<trkpt lat="48.8174693" lon="2.2417779">
    <ele>71.471</ele>
    <time>2024-06-27T08:04:06.449651</time>
</trkpt>
<trkpt lat="48.8164157" lon="2.2434351">
    <ele>76.6</ele>
    <time>2024-06-27T08:04:06.449651</time>
</trkpt>
<trkpt lat="48.8164096" lon="2.2444961">
    <ele>70.428</ele>
    <time>2024-06-27T08:04:06.449651</time>
</trkpt>
<trkpt lat="48.8166993" lon="2.2458611">
    <ele>59.113</ele>
    <time>2024-06-27T08:04:06.449651</time>
</trkpt>
<trkpt lat="48.8149826" lon="2.2456232">
    <ele>61.286</ele>
    <time>2024-06-27T08:04:06.450646</time>
</trkpt>
<trkpt lat="48.8158728" lon="2.2468234">
    <ele>46.289</ele>
    <time>2024-06-27T08:04:06.450646</time>
</trkpt>
<trkpt lat="48.8159267" lon="2.2470163">
    <ele>43.019</ele>
    <time>2024-06-27T08:04:06.450646</time>
</trkpt>
<trkpt lat="48.8159055" lon="2.247087">
    <ele>42.92</ele>
    <time>2024-06-27T08:04:06.450646</time>
</trkpt>
<trkpt lat="48.8147659" lon="2.246781">
    <ele>50.315</ele>
    <time>2024-06-27T08:04:06.450646</time>
</trkpt>
<trkpt lat="48.8148735" lon="2.2478574">
    <ele>50.944</ele>
    <time>2024-06-27T08:04:06.450646</time>
</trkpt>
<trkpt lat="48.8146375" lon="2.2479675">
    <ele>52.536</ele>
    <time>2024-06-27T08:04:06.450646</time>
</trkpt>
<trkpt lat="48.8136561" lon="2.2489616">
    <ele>69.781</ele>
    <time>2024-06-27T08:04:06.450646</time>
</trkpt>
<trkpt lat="48.8129343" lon="2.2488451">
    <ele>72.444</ele>
    <time>2024-06-27T08:04:06.450646</time>
</trkpt>
<trkpt lat="48.8110503" lon="2.2474445">
    <ele>83.409</ele>
    <time>2024-06-27T08:04:06.451643</time>
</trkpt>
<trkpt lat="48.8103609" lon="2.2475206">
    <ele>89.589</ele>
    <time>2024-06-27T08:04:06.451711</time>
</trkpt>
<trkpt lat="48.8111537" lon="2.248723">
    <ele>89.859</ele>
    <time>2024-06-27T08:04:06.451711</time>
</trkpt>
<trkpt lat="48.8126259" lon="2.2508651">
    <ele>91.493</ele>
    <time>2024-06-27T08:04:06.451711</time>
</trkpt>
<trkpt lat="48.8124974" lon="2.2511119">
    <ele>93.544</ele>
    <time>2024-06-27T08:04:06.451711</time>
</trkpt>
<trkpt lat="48.8124058" lon="2.2530311">
    <ele>94.634</ele>
    <time>2024-06-27T08:04:06.452641</time>
</trkpt>
<trkpt lat="48.8124137" lon="2.2537984">
    <ele>94.133</ele>
    <time>2024-06-27T08:04:06.452641</time>
</trkpt>
<trkpt lat="48.8101418" lon="2.2550087">
    <ele>102.16</ele>
    <time>2024-06-27T08:04:06.452641</time>
</trkpt>
<trkpt lat="48.8102414" lon="2.2553386">
    <ele>101.079</ele>
    <time>2024-06-27T08:04:06.452641</time>
</trkpt>
<trkpt lat="48.8104896" lon="2.2565461">
    <ele>98.459</ele>
    <time>2024-06-27T08:04:06.452641</time>
</trkpt>
<trkpt lat="48.8108624" lon="2.2575843">
    <ele>98.962</ele>
    <time>2024-06-27T08:04:06.453639</time>
</trkpt>
<trkpt lat="48.8111261" lon="2.2582697">
    <ele>99.674</ele>
    <time>2024-06-27T08:04:06.453639</time>
</trkpt>
<trkpt lat="48.8112359" lon="2.2586161">
    <ele>98.836</ele>
    <time>2024-06-27T08:04:06.453639</time>
</trkpt>
<trkpt lat="48.8113237" lon="2.2588931">
    <ele>97.382</ele>
    <time>2024-06-27T08:04:06.453639</time>
</trkpt>
<trkpt lat="48.8118185" lon="2.260454">
    <ele>95.713</ele>
    <time>2024-06-27T08:04:06.453639</time>
</trkpt>
<trkpt lat="48.81227" lon="2.2618781">
    <ele>94.912</ele>
    <time>2024-06-27T08:04:06.454668</time>
</trkpt>
<trkpt lat="48.8110257" lon="2.2649588">
    <ele>94.951</ele>
    <time>2024-06-27T08:04:06.454668</time>
</trkpt>
<trkpt lat="48.8107403" lon="2.2660973">
    <ele>90.668</ele>
    <time>2024-06-27T08:04:06.454668</time>
</trkpt>
<trkpt lat="48.8106969" lon="2.2662568">
    <ele>90.648</ele>
    <time>2024-06-27T08:04:06.454668</time>
</trkpt>
<trkpt lat="48.810319" lon="2.267679">
    <ele>87.182</ele>
    <time>2024-06-27T08:04:06.454668</time>
</trkpt>
<trkpt lat="48.8102291" lon="2.2680096">
    <ele>86.378</ele>
    <time>2024-06-27T08:04:06.455632</time>
</trkpt>
<trkpt lat="48.8102116" lon="2.2681097">
    <ele>86.145</ele>
    <time>2024-06-27T08:04:06.455632</time>
</trkpt>
<trkpt lat="48.8099132" lon="2.2693227">
    <ele>83.558</ele>
    <time>2024-06-27T08:04:06.455632</time>
</trkpt>
<trkpt lat="48.8096068" lon="2.2706965">
    <ele>83.002</ele>
    <time>2024-06-27T08:04:06.455632</time>
</trkpt>
<trkpt lat="48.8093553" lon="2.2718792">
    <ele>81.874</ele>
    <time>2024-06-27T08:04:06.455632</time>
</trkpt>
<trkpt lat="48.8091975" lon="2.2723844">
    <ele>83.809</ele>
    <time>2024-06-27T08:04:06.455632</time>
</trkpt>
<trkpt lat="48.8090396" lon="2.2729122">
    <ele>85.686</ele>
    <time>2024-06-27T08:04:06.456675</time>
</trkpt>
<trkpt lat="48.8089318" lon="2.2732581">
    <ele>87.424</ele>
    <time>2024-06-27T08:04:06.456675</time>
</trkpt>
<trkpt lat="48.8085129" lon="2.2746347">
    <ele>92.662</ele>
    <time>2024-06-27T08:04:06.456675</time>
</trkpt>
<trkpt lat="48.807989" lon="2.2761943">
    <ele>94.618</ele>
    <time>2024-06-27T08:04:06.456675</time>
</trkpt>
<trkpt lat="48.8077922" lon="2.2774177">
    <ele>93.424</ele>
    <time>2024-06-27T08:04:06.456675</time>
</trkpt>
<trkpt lat="48.8082484" lon="2.277763">
    <ele>91.203</ele>
    <time>2024-06-27T08:04:06.456675</time>
</trkpt>
<trkpt lat="48.8084411" lon="2.2779782">
    <ele>90.42</ele>
    <time>2024-06-27T08:04:06.457627</time>
</trkpt>
<trkpt lat="48.8085131" lon="2.2780586">
    <ele>90.279</ele>
    <time>2024-06-27T08:04:06.457627</time>
</trkpt>
<trkpt lat="48.8089719" lon="2.2784627">
    <ele>88.837</ele>
    <time>2024-06-27T08:04:06.457627</time>
</trkpt>
<trkpt lat="48.8092321" lon="2.2786428">
    <ele>88.182</ele>
    <time>2024-06-27T08:04:06.457627</time>
</trkpt>
<trkpt lat="48.808382" lon="2.2810846">
    <ele>84.643</ele>
    <time>2024-06-27T08:04:06.457627</time>
</trkpt>
<trkpt lat="48.8082755" lon="2.2810071">
    <ele>84.522</ele>
    <time>2024-06-27T08:04:06.457627</time>
</trkpt>
<trkpt lat="48.8081077" lon="2.2808542">
    <ele>84.374</ele>
    <time>2024-06-27T08:04:06.458624</time>
</trkpt>
<trkpt lat="48.8067377" lon="2.2795569">
    <ele>88.431</ele>
    <time>2024-06-27T08:04:06.458624</time>
</trkpt>
<trkpt lat="48.8065806" lon="2.2800606">
    <ele>89.242</ele>
    <time>2024-06-27T08:04:06.458624</time>
</trkpt>
<trkpt lat="48.8064207" lon="2.2806997">
    <ele>87.782</ele>
    <time>2024-06-27T08:04:06.458624</time>
</trkpt>
<trkpt lat="48.8062525" lon="2.2813608">
    <ele>89.079</ele>
    <time>2024-06-27T08:04:06.458624</time>
</trkpt>
<trkpt lat="48.8058998" lon="2.2821767">
    <ele>90.12</ele>
    <time>2024-06-27T08:04:06.458624</time>
</trkpt>
<trkpt lat="48.8056888" lon="2.2824786">
    <ele>90.288</ele>
    <time>2024-06-27T08:04:06.459622</time>
</trkpt>
<trkpt lat="48.805249" lon="2.2831009">
    <ele>91.809</ele>
    <time>2024-06-27T08:04:06.459622</time>
</trkpt>
<trkpt lat="48.8044036" lon="2.2825302">
    <ele>93.242</ele>
    <time>2024-06-27T08:04:06.459622</time>
</trkpt>
<trkpt lat="48.8037343" lon="2.2839043">
    <ele>97.139</ele>
    <time>2024-06-27T08:04:06.459622</time>
</trkpt>
<trkpt lat="48.8034597" lon="2.2844622">
    <ele>99.317</ele>
    <time>2024-06-27T08:04:06.459622</time>
</trkpt>
<trkpt lat="48.8027167" lon="2.28578">
    <ele>100.853</ele>
    <time>2024-06-27T08:04:06.459622</time>
</trkpt>
<trkpt lat="48.8025184" lon="2.2861654">
    <ele>100.936</ele>
    <time>2024-06-27T08:04:06.459622</time>
</trkpt>
<trkpt lat="48.8024208" lon="2.2863443">
    <ele>101.003</ele>
    <time>2024-06-27T08:04:06.459622</time>
</trkpt>
<trkpt lat="48.8038407" lon="2.2886114">
    <ele>95.355</ele>
    <time>2024-06-27T08:04:06.459622</time>
</trkpt>
<trkpt lat="48.8037181" lon="2.2888236">
    <ele>95.557</ele>
    <time>2024-06-27T08:04:06.459622</time>
</trkpt>
<trkpt lat="48.8031972" lon="2.2898296">
    <ele>98.866</ele>
    <time>2024-06-27T08:04:06.460618</time>
</trkpt>
<trkpt lat="48.802953" lon="2.2903554">
    <ele>100.53</ele>
    <time>2024-06-27T08:04:06.460618</time>
</trkpt>
<trkpt lat="48.8025038" lon="2.2913285">
    <ele>105.48</ele>
    <time>2024-06-27T08:04:06.460618</time>
</trkpt>
<trkpt lat="48.8018346" lon="2.292374">
    <ele>107.379</ele>
    <time>2024-06-27T08:04:06.460618</time>
</trkpt>
<trkpt lat="48.8017102" lon="2.2925683">
    <ele>107.251</ele>
    <time>2024-06-27T08:04:06.460618</time>
</trkpt>
<trkpt lat="48.8009969" lon="2.2936298">
    <ele>103.71</ele>
    <time>2024-06-27T08:04:06.460618</time>
</trkpt>
<trkpt lat="48.8017096" lon="2.2952622">
    <ele>100.112</ele>
    <time>2024-06-27T08:04:06.460618</time>
</trkpt>
<trkpt lat="48.8004393" lon="2.2959903">
    <ele>97.264</ele>
    <time>2024-06-27T08:04:06.460618</time>
</trkpt>
<trkpt lat="48.7980019" lon="2.2957452">
    <ele>97.225</ele>
    <time>2024-06-27T08:04:06.460618</time>
</trkpt>
<trkpt lat="48.7970033" lon="2.2960266">
    <ele>98.489</ele>
    <time>2024-06-27T08:04:06.460618</time>
</trkpt>
<trkpt lat="48.7945693" lon="2.2942874">
    <ele>95.224</ele>
    <time>2024-06-27T08:04:06.461615</time>
</trkpt>
<trkpt lat="48.7936095" lon="2.2932352">
    <ele>98.546</ele>
    <time>2024-06-27T08:04:06.461615</time>
</trkpt>
<trkpt lat="48.7934538" lon="2.2931402">
    <ele>99.788</ele>
    <time>2024-06-27T08:04:06.461615</time>
</trkpt>
<trkpt lat="48.7910104" lon="2.2920058">
    <ele>105.49</ele>
    <time>2024-06-27T08:04:06.461615</time>
</trkpt>
<trkpt lat="48.7902938" lon="2.2918099">
    <ele>103.9</ele>
    <time>2024-06-27T08:04:06.461615</time>
</trkpt>
<trkpt lat="48.7905676" lon="2.2889901">
    <ele>110.408</ele>
    <time>2024-06-27T08:04:06.461615</time>
</trkpt>
<trkpt lat="48.7889485" lon="2.287976">
    <ele>95.806</ele>
    <time>2024-06-27T08:04:06.461615</time>
</trkpt>
<trkpt lat="48.7888055" lon="2.2880633">
    <ele>95.52</ele>
    <time>2024-06-27T08:04:06.461615</time>
</trkpt>
<trkpt lat="48.7880194" lon="2.2878827">
    <ele>96.508</ele>
    <time>2024-06-27T08:04:06.461615</time>
</trkpt>
<trkpt lat="48.7877039" lon="2.288634">
    <ele>92.21</ele>
    <time>2024-06-27T08:04:06.461615</time>
</trkpt>
<trkpt lat="48.7858409" lon="2.2876617">
    <ele>91.415</ele>
    <time>2024-06-27T08:04:06.462612</time>
</trkpt>
<trkpt lat="48.7842211" lon="2.2875715">
    <ele>84.597</ele>
    <time>2024-06-27T08:04:06.462612</time>
</trkpt>
<trkpt lat="48.7838561" lon="2.287228">
    <ele>82.009</ele>
    <time>2024-06-27T08:04:06.462612</time>
</trkpt>
<trkpt lat="48.7832199" lon="2.2866703">
    <ele>78.35</ele>
    <time>2024-06-27T08:04:06.462612</time>
</trkpt>
<trkpt lat="48.7832042" lon="2.2871545">
    <ele>77.641</ele>
    <time>2024-06-27T08:04:06.462612</time>
</trkpt>
<trkpt lat="48.7822098" lon="2.2871845">
    <ele>83.301</ele>
    <time>2024-06-27T08:04:06.462612</time>
</trkpt>
<trkpt lat="48.7815296" lon="2.2868997">
    <ele>87.951</ele>
    <time>2024-06-27T08:04:06.462612</time>
</trkpt>
<trkpt lat="48.78026" lon="2.2866497">
    <ele>96.474</ele>
    <time>2024-06-27T08:04:06.462612</time>
</trkpt>
<trkpt lat="48.7789432" lon="2.2864209">
    <ele>100.717</ele>
    <time>2024-06-27T08:04:06.462612</time>
</trkpt>
<trkpt lat="48.7788921" lon="2.2864175">
    <ele>100.713</ele>
    <time>2024-06-27T08:04:06.462612</time>
</trkpt>
<trkpt lat="48.778861" lon="2.2864115">
    <ele>100.751</ele>
    <time>2024-06-27T08:04:06.463610</time>
</trkpt>
<trkpt lat="48.7770801" lon="2.2861309">
    <ele>92.232</ele>
    <time>2024-06-27T08:04:06.463610</time>
</trkpt>
<trkpt lat="48.7750705" lon="2.2856143">
    <ele>80.116</ele>
    <time>2024-06-27T08:04:06.463610</time>
</trkpt>
<trkpt lat="48.774824" lon="2.2855696">
    <ele>79.409</ele>
    <time>2024-06-27T08:04:06.463610</time>
</trkpt>
<trkpt lat="48.7736942" lon="2.2855096">
    <ele>77.244</ele>
    <time>2024-06-27T08:04:06.463610</time>
</trkpt>
<trkpt lat="48.7728448" lon="2.285353">
    <ele>79.377</ele>
    <time>2024-06-27T08:04:06.463610</time>
</trkpt>
<trkpt lat="48.7720122" lon="2.284843">
    <ele>81.92</ele>
    <time>2024-06-27T08:04:06.464222</time>
</trkpt>
<trkpt lat="48.7715815" lon="2.2848346">
    <ele>83.838</ele>
    <time>2024-06-27T08:04:06.464222</time>
</trkpt>
<trkpt lat="48.7708614" lon="2.2850856">
    <ele>83.729</ele>
    <time>2024-06-27T08:04:06.464222</time>
</trkpt>
<trkpt lat="48.7699276" lon="2.2850525">
    <ele>85.739</ele>
    <time>2024-06-27T08:04:06.464222</time>
</trkpt>
<trkpt lat="48.7690228" lon="2.285023">
    <ele>87.333</ele>
    <time>2024-06-27T08:04:06.464608</time>
</trkpt>
<trkpt lat="48.7658704" lon="2.2846926">
    <ele>90.661</ele>
    <time>2024-06-27T08:04:06.464608</time>
</trkpt>
<trkpt lat="48.7641067" lon="2.2848525">
    <ele>84.41</ele>
    <time>2024-06-27T08:04:06.464608</time>
</trkpt>
<trkpt lat="48.7630857" lon="2.2848718">
    <ele>82.303</ele>
    <time>2024-06-27T08:04:06.464608</time>
</trkpt>
<trkpt lat="48.7625651" lon="2.284925">
    <ele>83.497</ele>
    <time>2024-06-27T08:04:06.464608</time>
</trkpt>
<trkpt lat="48.761569" lon="2.2847064">
    <ele>87.975</ele>
    <time>2024-06-27T08:04:06.464608</time>
</trkpt>
<trkpt lat="48.7596359" lon="2.2844869">
    <ele>92.474</ele>
    <time>2024-06-27T08:04:06.464608</time>
</trkpt>
<trkpt lat="48.7594521" lon="2.2846008">
    <ele>92.295</ele>
    <time>2024-06-27T08:04:06.465606</time>
</trkpt>
<trkpt lat="48.7592098" lon="2.2845796">
    <ele>91.982</ele>
    <time>2024-06-27T08:04:06.465606</time>
</trkpt>
<trkpt lat="48.758589" lon="2.284515">
    <ele>93.09</ele>
    <time>2024-06-27T08:04:06.465606</time>
</trkpt>
<trkpt lat="48.7565541" lon="2.2841997">
    <ele>91.404</ele>
    <time>2024-06-27T08:04:06.465606</time>
</trkpt>
<trkpt lat="48.7559484" lon="2.2846631">
    <ele>89.156</ele>
    <time>2024-06-27T08:04:06.465606</time>
</trkpt>
<trkpt lat="48.7558052" lon="2.2845795">
    <ele>88.908</ele>
    <time>2024-06-27T08:04:06.465606</time>
</trkpt>
<trkpt lat="48.755575" lon="2.2845562">
    <ele>88.379</ele>
    <time>2024-06-27T08:04:06.465606</time>
</trkpt>
<trkpt lat="48.7550209" lon="2.2842641">
    <ele>87.87</ele>
    <time>2024-06-27T08:04:06.465606</time>
</trkpt>
<trkpt lat="48.7546733" lon="2.2839868">
    <ele>87.856</ele>
    <time>2024-06-27T08:04:06.466637</time>
</trkpt>
<trkpt lat="48.7537729" lon="2.2836266">
    <ele>86.661</ele>
    <time>2024-06-27T08:04:06.466808</time>
</trkpt>
<trkpt lat="48.7535142" lon="2.2835611">
    <ele>86.486</ele>
    <time>2024-06-27T08:04:06.466808</time>
</trkpt>
<trkpt lat="48.7525248" lon="2.2830656">
    <ele>85.296</ele>
    <time>2024-06-27T08:04:06.466808</time>
</trkpt>
<trkpt lat="48.7517292" lon="2.2825773">
    <ele>83.883</ele>
    <time>2024-06-27T08:04:06.466808</time>
</trkpt>
<trkpt lat="48.7513874" lon="2.2820844">
    <ele>82.476</ele>
    <time>2024-06-27T08:04:06.466808</time>
</trkpt>
<trkpt lat="48.7513068" lon="2.2819879">
    <ele>81.394</ele>
    <time>2024-06-27T08:04:06.466808</time>
</trkpt>
<trkpt lat="48.7512488" lon="2.2815297">
    <ele>79.779</ele>
    <time>2024-06-27T08:04:06.466808</time>
</trkpt>
<trkpt lat="48.749134" lon="2.2798979">
    <ele>81.176</ele>
    <time>2024-06-27T08:04:06.466808</time>
</trkpt>
<trkpt lat="48.7484571" lon="2.2790425">
    <ele>80.249</ele>
    <time>2024-06-27T08:04:06.467604</time>
</trkpt>
<trkpt lat="48.7472779" lon="2.2787183">
    <ele>82.517</ele>
    <time>2024-06-27T08:04:06.467604</time>
</trkpt>
<trkpt lat="48.7453745" lon="2.2779793">
    <ele>70.45</ele>
    <time>2024-06-27T08:04:06.467604</time>
</trkpt>
<trkpt lat="48.7453152" lon="2.2780145">
    <ele>69.744</ele>
    <time>2024-06-27T08:04:06.467604</time>
</trkpt>
<trkpt lat="48.7449164" lon="2.2778405">
    <ele>68.034</ele>
    <time>2024-06-27T08:04:06.467604</time>
</trkpt>
<trkpt lat="48.7398411" lon="2.2746457">
    <ele>64.025</ele>
    <time>2024-06-27T08:04:06.467604</time>
</trkpt>
<trkpt lat="48.7391593" lon="2.2741998">
    <ele>65.512</ele>
    <time>2024-06-27T08:04:06.467604</time>
</trkpt>
<trkpt lat="48.7365266" lon="2.2726819">
    <ele>66.052</ele>
    <time>2024-06-27T08:04:06.467604</time>
</trkpt>
<trkpt lat="48.7347445" lon="2.270866">
    <ele>67.952</ele>
    <time>2024-06-27T08:04:06.467604</time>
</trkpt>
<trkpt lat="48.7347593" lon="2.2707729">
    <ele>64.907</ele>
    <time>2024-06-27T08:04:06.467604</time>
</trkpt>
<trkpt lat="48.7350289" lon="2.270823">
    <ele>67.033</ele>
    <time>2024-06-27T08:04:06.468599</time>
</trkpt>
<trkpt lat="48.7345904" lon="2.2703901">
    <ele>63.143</ele>
    <time>2024-06-27T08:04:06.468599</time>
</trkpt>
<trkpt lat="48.7337076" lon="2.2688772">
    <ele>65.494</ele>
    <time>2024-06-27T08:04:06.468599</time>
</trkpt>
<trkpt lat="48.7327159" lon="2.2665144">
    <ele>71.003</ele>
    <time>2024-06-27T08:04:06.468599</time>
</trkpt>
<trkpt lat="48.7325607" lon="2.2660352">
    <ele>71.655</ele>
    <time>2024-06-27T08:04:06.468599</time>
</trkpt>
<trkpt lat="48.7325962" lon="2.2658812">
    <ele>71.642</ele>
    <time>2024-06-27T08:04:06.468599</time>
</trkpt>
<trkpt lat="48.7325005" lon="2.2655768">
    <ele>72.584</ele>
    <time>2024-06-27T08:04:06.468599</time>
</trkpt>
<trkpt lat="48.7322948" lon="2.265542">
    <ele>73.928</ele>
    <time>2024-06-27T08:04:06.468599</time>
</trkpt>
<trkpt lat="48.7322513" lon="2.2655639">
    <ele>74.155</ele>
    <time>2024-06-27T08:04:06.468599</time>
</trkpt>
<trkpt lat="48.7320123" lon="2.2654185">
    <ele>75.086</ele>
    <time>2024-06-27T08:04:06.468599</time>
</trkpt>
<trkpt lat="48.7318535" lon="2.2652542">
    <ele>75.512</ele>
    <time>2024-06-27T08:04:06.468599</time>
</trkpt>
<trkpt lat="48.7312777" lon="2.2646332">
    <ele>81.019</ele>
    <time>2024-06-27T08:04:06.469629</time>
</trkpt>
<trkpt lat="48.7306348" lon="2.2632595">
    <ele>79.193</ele>
    <time>2024-06-27T08:04:06.469629</time>
</trkpt>
<trkpt lat="48.730384" lon="2.2617597">
    <ele>82.116</ele>
    <time>2024-06-27T08:04:06.469629</time>
</trkpt>
<trkpt lat="48.7302283" lon="2.2613852">
    <ele>81.523</ele>
    <time>2024-06-27T08:04:06.469629</time>
</trkpt>
<trkpt lat="48.7301507" lon="2.2614733">
    <ele>81.219</ele>
    <time>2024-06-27T08:04:06.469629</time>
</trkpt>
<trkpt lat="48.729745" lon="2.2611402">
    <ele>82.049</ele>
    <time>2024-06-27T08:04:06.469629</time>
</trkpt>
<trkpt lat="48.7297926" lon="2.2610187">
    <ele>82.444</ele>
    <time>2024-06-27T08:04:06.469629</time>
</trkpt>
<trkpt lat="48.7298259" lon="2.2609211">
    <ele>82.73</ele>
    <time>2024-06-27T08:04:06.469629</time>
</trkpt>
<trkpt lat="48.7280971" lon="2.2589002">
    <ele>83.735</ele>
    <time>2024-06-27T08:04:06.469629</time>
</trkpt>
<trkpt lat="48.7271722" lon="2.2577861">
    <ele>84.981</ele>
    <time>2024-06-27T08:04:06.469629</time>
</trkpt>
<trkpt lat="48.7263767" lon="2.2568875">
    <ele>85.747</ele>
    <time>2024-06-27T08:04:06.470627</time>
</trkpt>
<trkpt lat="48.7259826" lon="2.2565268">
    <ele>85.804</ele>
    <time>2024-06-27T08:04:06.470627</time>
</trkpt>
<trkpt lat="48.7258729" lon="2.2564284">
    <ele>85.963</ele>
    <time>2024-06-27T08:04:06.470627</time>
</trkpt>
<trkpt lat="48.7252668" lon="2.2558959">
    <ele>85.544</ele>
    <time>2024-06-27T08:04:06.470627</time>
</trkpt>
<trkpt lat="48.7251825" lon="2.2558211">
    <ele>86.045</ele>
    <time>2024-06-27T08:04:06.470627</time>
</trkpt>
<trkpt lat="48.7246723" lon="2.2553295">
    <ele>87.043</ele>
    <time>2024-06-27T08:04:06.470627</time>
</trkpt>
<trkpt lat="48.7242759" lon="2.2550011">
    <ele>88.972</ele>
    <time>2024-06-27T08:04:06.470627</time>
</trkpt>
<trkpt lat="48.7238046" lon="2.2546215">
    <ele>88.282</ele>
    <time>2024-06-27T08:04:06.470627</time>
</trkpt>
<trkpt lat="48.7211647" lon="2.2513938">
    <ele>94.211</ele>
    <time>2024-06-27T08:04:06.470627</time>
</trkpt>
<trkpt lat="48.7210947" lon="2.2513639">
    <ele>93.621</ele>
    <time>2024-06-27T08:04:06.470627</time>
</trkpt>
<trkpt lat="48.7212661" lon="2.2503661">
    <ele>96.546</ele>
    <time>2024-06-27T08:04:06.471623</time>
</trkpt>
<trkpt lat="48.7200633" lon="2.248888">
    <ele>97.877</ele>
    <time>2024-06-27T08:04:06.471623</time>
</trkpt>
<trkpt lat="48.71902" lon="2.2493354">
    <ele>94.917</ele>
    <time>2024-06-27T08:04:06.471623</time>
</trkpt>
<trkpt lat="48.7187443" lon="2.2494505">
    <ele>93.646</ele>
    <time>2024-06-27T08:04:06.471623</time>
</trkpt>
<trkpt lat="48.7181213" lon="2.248432">
    <ele>88.473</ele>
    <time>2024-06-27T08:04:06.471623</time>
</trkpt>
<trkpt lat="48.7175182" lon="2.2478678">
    <ele>87.863</ele>
    <time>2024-06-27T08:04:06.471623</time>
</trkpt>
<trkpt lat="48.7171842" lon="2.2476824">
    <ele>87.441</ele>
    <time>2024-06-27T08:04:06.471623</time>
</trkpt>
<trkpt lat="48.7168912" lon="2.2486534">
    <ele>83.325</ele>
    <time>2024-06-27T08:04:06.471623</time>
</trkpt>
<trkpt lat="48.71624" lon="2.2483336">
    <ele>81.511</ele>
    <time>2024-06-27T08:04:06.471623</time>
</trkpt>
<trkpt lat="48.7153543" lon="2.2482106">
    <ele>77.408</ele>
    <time>2024-06-27T08:04:06.471623</time>
</trkpt>
<trkpt lat="48.7154212" lon="2.2462116">
    <ele>85.563</ele>
    <time>2024-06-27T08:04:06.472621</time>
</trkpt>
<trkpt lat="48.7148981" lon="2.245732">
    <ele>88.715</ele>
    <time>2024-06-27T08:04:06.472621</time>
</trkpt>
<trkpt lat="48.7144209" lon="2.2451583">
    <ele>88.487</ele>
    <time>2024-06-27T08:04:06.472621</time>
</trkpt>
<trkpt lat="48.7141913" lon="2.2449275">
    <ele>88.837</ele>
    <time>2024-06-27T08:04:06.472621</time>
</trkpt>
<trkpt lat="48.7137821" lon="2.2445766">
    <ele>85.714</ele>
    <time>2024-06-27T08:04:06.472621</time>
</trkpt>
<trkpt lat="48.7135352" lon="2.2444412">
    <ele>83.938</ele>
    <time>2024-06-27T08:04:06.472621</time>
</trkpt>
<trkpt lat="48.7131465" lon="2.2442053">
    <ele>81.096</ele>
    <time>2024-06-27T08:04:06.472621</time>
</trkpt>
<trkpt lat="48.7126753" lon="2.2458959">
    <ele>72.499</ele>
    <time>2024-06-27T08:04:06.472621</time>
</trkpt>
<trkpt lat="48.7116709" lon="2.2450001">
    <ele>66.7</ele>
    <time>2024-06-27T08:04:06.472621</time>
</trkpt>
<trkpt lat="48.7115741" lon="2.2449138">
    <ele>66.4</ele>
    <time>2024-06-27T08:04:06.472621</time>
</trkpt>
<trkpt lat="48.7105217" lon="2.2437341">
    <ele>60.918</ele>
    <time>2024-06-27T08:04:06.473618</time>
</trkpt>
<trkpt lat="48.710642" lon="2.2435642">
    <ele>61.524</ele>
    <time>2024-06-27T08:04:06.473618</time>
</trkpt>
<trkpt lat="48.7107185" lon="2.2434162">
    <ele>63.078</ele>
    <time>2024-06-27T08:04:06.473618</time>
</trkpt>
<trkpt lat="48.7106039" lon="2.2433283">
    <ele>61.601</ele>
    <time>2024-06-27T08:04:06.473618</time>
</trkpt>
<trkpt lat="48.711014" lon="2.2422297">
    <ele>70.226</ele>
    <time>2024-06-27T08:04:06.473618</time>
</trkpt>
<trkpt lat="48.7104434" lon="2.2416716">
    <ele>66.61</ele>
    <time>2024-06-27T08:04:06.473618</time>
</trkpt>
<trkpt lat="48.7104033" lon="2.2416384">
    <ele>66.399</ele>
    <time>2024-06-27T08:04:06.473618</time>
</trkpt>
<trkpt lat="48.7094083" lon="2.2408218">
    <ele>64.845</ele>
    <time>2024-06-27T08:04:06.473618</time>
</trkpt>
<trkpt lat="48.7087648" lon="2.2405867">
    <ele>67.367</ele>
    <time>2024-06-27T08:04:06.473618</time>
</trkpt>
<trkpt lat="48.7075213" lon="2.2397308">
    <ele>71.281</ele>
    <time>2024-06-27T08:04:06.473618</time>
</trkpt>
<trkpt lat="48.7073948" lon="2.2396235">
    <ele>71.629</ele>
    <time>2024-06-27T08:04:06.473618</time>
</trkpt>
<trkpt lat="48.7070303" lon="2.2392499">
    <ele>72.935</ele>
    <time>2024-06-27T08:04:06.474615</time>
</trkpt>
<trkpt lat="48.7067826" lon="2.2389484">
    <ele>72.633</ele>
    <time>2024-06-27T08:04:06.474615</time>
</trkpt>
<trkpt lat="48.7063852" lon="2.2381069">
    <ele>76.296</ele>
    <time>2024-06-27T08:04:06.474615</time>
</trkpt>
<trkpt lat="48.7061756" lon="2.2366629">
    <ele>82.49</ele>
    <time>2024-06-27T08:04:06.474615</time>
</trkpt>
<trkpt lat="48.7050232" lon="2.2319234">
    <ele>84.878</ele>
    <time>2024-06-27T08:04:06.474615</time>
</trkpt>
<trkpt lat="48.7049231" lon="2.2288217">
    <ele>80.128</ele>
    <time>2024-06-27T08:04:06.474615</time>
</trkpt>
<trkpt lat="48.7047923" lon="2.2275312">
    <ele>77.017</ele>
    <time>2024-06-27T08:04:06.474615</time>
</trkpt>
<trkpt lat="48.7049296" lon="2.2253402">
    <ele>75.072</ele>
    <time>2024-06-27T08:04:06.474615</time>
</trkpt>
<trkpt lat="48.7054299" lon="2.218261">
    <ele>81.71</ele>
    <time>2024-06-27T08:04:06.474615</time>
</trkpt>
<trkpt lat="48.7055479" lon="2.2136154">
    <ele>82.173</ele>
    <time>2024-06-27T08:04:06.474615</time>
</trkpt>
<trkpt lat="48.7058355" lon="2.2120325">
    <ele>84.644</ele>
    <time>2024-06-27T08:04:06.475615</time>
</trkpt>
<trkpt lat="48.7058512" lon="2.2119052">
    <ele>84.708</ele>
    <time>2024-06-27T08:04:06.475615</time>
</trkpt>
<trkpt lat="48.7059005" lon="2.2108534">
    <ele>83.069</ele>
    <time>2024-06-27T08:04:06.475615</time>
</trkpt>
<trkpt lat="48.7045118" lon="2.2099085">
    <ele>69.245</ele>
    <time>2024-06-27T08:04:06.475615</time>
</trkpt>
<trkpt lat="48.70519" lon="2.2097708">
    <ele>73.379</ele>
    <time>2024-06-27T08:04:06.475615</time>
</trkpt>
<trkpt lat="48.7048044" lon="2.2088997">
    <ele>68.336</ele>
    <time>2024-06-27T08:04:06.475615</time>
</trkpt>
<trkpt lat="48.7042555" lon="2.2073003">
    <ele>62.376</ele>
    <time>2024-06-27T08:04:06.475615</time>
</trkpt>
<trkpt lat="48.7036585" lon="2.2055099">
    <ele>57.291</ele>
    <time>2024-06-27T08:04:06.475615</time>
</trkpt>
<trkpt lat="48.7035933" lon="2.2057057">
    <ele>56.743</ele>
    <time>2024-06-27T08:04:06.475615</time>
</trkpt>
<trkpt lat="48.7034333" lon="2.2057201">
    <ele>56.356</ele>
    <time>2024-06-27T08:04:06.475615</time>
</trkpt>
<trkpt lat="48.7024403" lon="2.202747">
    <ele>56.803</ele>
    <time>2024-06-27T08:04:06.476577</time>
</trkpt>
<trkpt lat="48.7020177" lon="2.2018437">
    <ele>56.39</ele>
    <time>2024-06-27T08:04:06.476577</time>
</trkpt>
<trkpt lat="48.7010992" lon="2.1974178">
    <ele>56.349</ele>
    <time>2024-06-27T08:04:06.476577</time>
</trkpt>
<trkpt lat="48.7006493" lon="2.1950478">
    <ele>55.666</ele>
    <time>2024-06-27T08:04:06.476577</time>
</trkpt>
<trkpt lat="48.7005522" lon="2.1939771">
    <ele>56.957</ele>
    <time>2024-06-27T08:04:06.476577</time>
</trkpt>
<trkpt lat="48.7026639" lon="2.1931547">
    <ele>60.012</ele>
    <time>2024-06-27T08:04:06.476577</time>
</trkpt>
<trkpt lat="48.7062004" lon="2.1919592">
    <ele>76.347</ele>
    <time>2024-06-27T08:04:06.476577</time>
</trkpt>
<trkpt lat="48.7073091" lon="2.1908881">
    <ele>84.293</ele>
    <time>2024-06-27T08:04:06.476577</time>
</trkpt>
<trkpt lat="48.7154718" lon="2.1734555">
    <ele>148.976</ele>
    <time>2024-06-27T08:04:06.476577</time>
</trkpt>
<trkpt lat="48.7169255" lon="2.1716304">
    <ele>155.095</ele>
    <time>2024-06-27T08:04:06.476577</time>
</trkpt>
<trkpt lat="48.722217" lon="2.1683037">
    <ele>157.884</ele>
    <time>2024-06-27T08:04:06.477607</time>
</trkpt>
<trkpt lat="48.7234682" lon="2.1675698">
    <ele>157.097</ele>
    <time>2024-06-27T08:04:06.477607</time>
</trkpt>
<trkpt lat="48.7261158" lon="2.1661479">
    <ele>156.127</ele>
    <time>2024-06-27T08:04:06.477607</time>
</trkpt>
<trkpt lat="48.7293718" lon="2.1659123">
    <ele>153.114</ele>
    <time>2024-06-27T08:04:06.477607</time>
</trkpt>
<trkpt lat="48.7357059" lon="2.1737446">
    <ele>145.752</ele>
    <time>2024-06-27T08:04:06.477607</time>
</trkpt>
<trkpt lat="48.736162" lon="2.1746537">
    <ele>146.379</ele>
    <time>2024-06-27T08:04:06.477607</time>
</trkpt>
<trkpt lat="48.7435652" lon="2.1896562">
    <ele>157.782</ele>
    <time>2024-06-27T08:04:06.477607</time>
</trkpt>
<trkpt lat="48.7439955" lon="2.1905334">
    <ele>157.303</ele>
    <time>2024-06-27T08:04:06.477607</time>
</trkpt>
<trkpt lat="48.745683" lon="2.1939835">
    <ele>153.218</ele>
    <time>2024-06-27T08:04:06.477607</time>
</trkpt>
<trkpt lat="48.7478508" lon="2.1983255">
    <ele>145.412</ele>
    <time>2024-06-27T08:04:06.477607</time>
</trkpt>
<trkpt lat="48.7488128" lon="2.2145372">
    <ele>97.975</ele>
    <time>2024-06-27T08:04:06.477607</time>
</trkpt>
<trkpt lat="48.7487315" lon="2.2176424">
    <ele>86.881</ele>
    <time>2024-06-27T08:04:06.478606</time>
</trkpt>
<trkpt lat="48.7497808" lon="2.2209567">
    <ele>76.984</ele>
    <time>2024-06-27T08:04:06.478606</time>
</trkpt>
<trkpt lat="48.7680691" lon="2.2300612">
    <ele>126.258</ele>
    <time>2024-06-27T08:04:06.478606</time>
</trkpt>
<trkpt lat="48.7732273" lon="2.2248759">
    <ele>158.829</ele>
    <time>2024-06-27T08:04:06.478606</time>
</trkpt>
<trkpt lat="48.7817051" lon="2.2230978">
    <ele>169.939</ele>
    <time>2024-06-27T08:04:06.478606</time>
</trkpt>
<trkpt lat="48.7831218" lon="2.2232451">
    <ele>172.643</ele>
    <time>2024-06-27T08:04:06.478606</time>
</trkpt>
<trkpt lat="48.786354" lon="2.2231263">
    <ele>173.911</ele>
    <time>2024-06-27T08:04:06.478606</time>
</trkpt>
<trkpt lat="48.7860315" lon="2.221937">
    <ele>174.683</ele>
    <time>2024-06-27T08:04:06.478606</time>
</trkpt>
<trkpt lat="48.7858817" lon="2.2210544">
    <ele>173.07</ele>
    <time>2024-06-27T08:04:06.478606</time>
</trkpt>
<trkpt lat="48.7858615" lon="2.2209038">
    <ele>172.705</ele>
    <time>2024-06-27T08:04:06.478606</time>
</trkpt>
<trkpt lat="48.7857441" lon="2.2200289">
    <ele>171.801</ele>
    <time>2024-06-27T08:04:06.479605</time>
</trkpt>
<trkpt lat="48.7855343" lon="2.2193569">
    <ele>171.212</ele>
    <time>2024-06-27T08:04:06.479605</time>
</trkpt>
<trkpt lat="48.7851324" lon="2.2192723">
    <ele>169.943</ele>
    <time>2024-06-27T08:04:06.479605</time>
</trkpt>
<trkpt lat="48.7849528" lon="2.2192367">
    <ele>169.778</ele>
    <time>2024-06-27T08:04:06.479605</time>
</trkpt>
<trkpt lat="48.784945" lon="2.2193581">
    <ele>169.926</ele>
    <time>2024-06-27T08:04:06.479605</time>
</trkpt>
<trkpt lat="48.7849179" lon="2.2197787">
    <ele>170.246</ele>
    <time>2024-06-27T08:04:06.479605</time>
</trkpt>
<trkpt lat="48.7841558" lon="2.2236947">
    <ele>174.441</ele>
    <time>2024-06-27T08:04:06.479605</time>
</trkpt>
<trkpt lat="48.7840559" lon="2.224133">
    <ele>175.041</ele>
    <time>2024-06-27T08:04:06.479605</time>
</trkpt>
<trkpt lat="48.7838797" lon="2.2247319">
    <ele>174.617</ele>
    <time>2024-06-27T08:04:06.479605</time>
</trkpt>
<trkpt lat="48.7839098" lon="2.2248403">
    <ele>174.295</ele>
    <time>2024-06-27T08:04:06.479605</time>
</trkpt>
<trkpt lat="48.7820988" lon="2.22655">
    <ele>172.575</ele>
    <time>2024-06-27T08:04:06.480700</time>
</trkpt>
<trkpt lat="48.7825818" lon="2.2285483">
    <ele>173.857</ele>
    <time>2024-06-27T08:04:06.480700</time>
</trkpt>
<trkpt lat="48.782503" lon="2.2286548">
    <ele>173.991</ele>
    <time>2024-06-27T08:04:06.480700</time>
</trkpt>
<trkpt lat="48.7844068" lon="2.2346354">
    <ele>172.52</ele>
    <time>2024-06-27T08:04:06.480700</time>
</trkpt>
<trkpt lat="48.7844002" lon="2.2347757">
    <ele>172.91</ele>
    <time>2024-06-27T08:04:06.481563</time>
</trkpt>
<trkpt lat="48.7844798" lon="2.2348742">
    <ele>172.94</ele>
    <time>2024-06-27T08:04:06.481563</time>
</trkpt>
<trkpt lat="48.7846843" lon="2.2363059">
    <ele>172.314</ele>
    <time>2024-06-27T08:04:06.481563</time>
</trkpt>
<trkpt lat="48.7847664" lon="2.237502">
    <ele>171.717</ele>
    <time>2024-06-27T08:04:06.481563</time>
</trkpt>
<trkpt lat="48.7848383" lon="2.2379795">
    <ele>172.056</ele>
    <time>2024-06-27T08:04:06.481563</time>
</trkpt>
<trkpt lat="48.7853931" lon="2.2403981">
    <ele>171.02</ele>
    <time>2024-06-27T08:04:06.481563</time>
</trkpt>
<trkpt lat="48.7864161" lon="2.2439609">
    <ele>169.403</ele>
    <time>2024-06-27T08:04:06.481563</time>
</trkpt>
<trkpt lat="48.7867769" lon="2.2452058">
    <ele>168.1</ele>
    <time>2024-06-27T08:04:06.481563</time>
</trkpt>
<trkpt lat="48.7868972" lon="2.2456187">
    <ele>168.861</ele>
    <time>2024-06-27T08:04:06.481563</time>
</trkpt>
<trkpt lat="48.7865747" lon="2.2457574">
    <ele>168.031</ele>
    <time>2024-06-27T08:04:06.482560</time>
</trkpt>
<trkpt lat="48.7871047" lon="2.2475265">
    <ele>168.137</ele>
    <time>2024-06-27T08:04:06.482560</time>
</trkpt>
<trkpt lat="48.7874481" lon="2.2495855">
    <ele>169.233</ele>
    <time>2024-06-27T08:04:06.482560</time>
</trkpt>
<trkpt lat="48.7874447" lon="2.2497668">
    <ele>169.271</ele>
    <time>2024-06-27T08:04:06.482560</time>
</trkpt>
<trkpt lat="48.7884832" lon="2.2498358">
    <ele>170.013</ele>
    <time>2024-06-27T08:04:06.482560</time>
</trkpt>
<trkpt lat="48.7895028" lon="2.2522526">
    <ele>168.809</ele>
    <time>2024-06-27T08:04:06.482560</time>
</trkpt>
<trkpt lat="48.7895302" lon="2.2525577">
    <ele>168.314</ele>
    <time>2024-06-27T08:04:06.482560</time>
</trkpt>
<trkpt lat="48.7895772" lon="2.252686">
    <ele>168.342</ele>
    <time>2024-06-27T08:04:06.482560</time>
</trkpt>
<trkpt lat="48.7897361" lon="2.252662">
    <ele>168.675</ele>
    <time>2024-06-27T08:04:06.482560</time>
</trkpt>
<trkpt lat="48.7915682" lon="2.2525357">
    <ele>166.366</ele>
    <time>2024-06-27T08:04:06.482560</time>
</trkpt>
<trkpt lat="48.7919513" lon="2.2525687">
    <ele>166.424</ele>
    <time>2024-06-27T08:04:06.483557</time>
</trkpt>
<trkpt lat="48.7921355" lon="2.2525503">
    <ele>166.634</ele>
    <time>2024-06-27T08:04:06.483557</time>
</trkpt>
<trkpt lat="48.79257" lon="2.2525119">
    <ele>167.691</ele>
    <time>2024-06-27T08:04:06.483557</time>
</trkpt>
<trkpt lat="48.797349" lon="2.2530298">
    <ele>169.639</ele>
    <time>2024-06-27T08:04:06.483557</time>
</trkpt>
<trkpt lat="48.8031537" lon="2.2569709">
    <ele>129.874</ele>
    <time>2024-06-27T08:04:06.483557</time>
</trkpt>
<trkpt lat="48.8031625" lon="2.2570524">
    <ele>129.743</ele>
    <time>2024-06-27T08:04:06.483557</time>
</trkpt>
<trkpt lat="48.8033763" lon="2.2573207">
    <ele>128.24</ele>
    <time>2024-06-27T08:04:06.483557</time>
</trkpt>
<trkpt lat="48.80341" lon="2.2573169">
    <ele>128.252</ele>
    <time>2024-06-27T08:04:06.483557</time>
</trkpt>
<trkpt lat="48.8035745" lon="2.2573743">
    <ele>128.253</ele>
    <time>2024-06-27T08:04:06.483557</time>
</trkpt>
<trkpt lat="48.8042054" lon="2.2580229">
    <ele>126.281</ele>
    <time>2024-06-27T08:04:06.483557</time>
</trkpt>
<trkpt lat="48.8048336" lon="2.2586398">
    <ele>123.661</ele>
    <time>2024-06-27T08:04:06.483557</time>
</trkpt>
<trkpt lat="48.8051057" lon="2.2592361">
    <ele>121.599</ele>
    <time>2024-06-27T08:04:06.484555</time>
</trkpt>
<trkpt lat="48.805179" lon="2.259392">
    <ele>121.68</ele>
    <time>2024-06-27T08:04:06.484555</time>
</trkpt>
<trkpt lat="48.8052194" lon="2.25941">
    <ele>121.687</ele>
    <time>2024-06-27T08:04:06.484555</time>
</trkpt>
<trkpt lat="48.8053644" lon="2.2592128">
    <ele>121.44</ele>
    <time>2024-06-27T08:04:06.484555</time>
</trkpt>
<trkpt lat="48.806587" lon="2.259018">
    <ele>120.08</ele>
    <time>2024-06-27T08:04:06.484555</time>
</trkpt>
<trkpt lat="48.8066214" lon="2.2590092">
    <ele>120.019</ele>
    <time>2024-06-27T08:04:06.484555</time>
</trkpt>
<trkpt lat="48.8070269" lon="2.257774">
    <ele>115.957</ele>
    <time>2024-06-27T08:04:06.484555</time>
</trkpt>
<trkpt lat="48.8072772" lon="2.2568447">
    <ele>110.352</ele>
    <time>2024-06-27T08:04:06.484555</time>
</trkpt>
<trkpt lat="48.8097146" lon="2.2577591">
    <ele>102.07</ele>
    <time>2024-06-27T08:04:06.484555</time>
</trkpt>
<trkpt lat="48.8101511" lon="2.2576895">
    <ele>101.123</ele>
    <time>2024-06-27T08:04:06.484555</time>
</trkpt>
<trkpt lat="48.8108624" lon="2.2575843">
    <ele>98.962</ele>
    <time>2024-06-27T08:04:06.485552</time>
</trkpt>
<trkpt lat="48.8111261" lon="2.2582697">
    <ele>99.674</ele>
    <time>2024-06-27T08:04:06.485552</time>
</trkpt>
<trkpt lat="48.8117908" lon="2.2581642">
    <ele>97.005</ele>
    <time>2024-06-27T08:04:06.485552</time>
</trkpt>
<trkpt lat="48.8122737" lon="2.2580972">
    <ele>95.056</ele>
    <time>2024-06-27T08:04:06.485552</time>
</trkpt>
<trkpt lat="48.8126274" lon="2.2580244">
    <ele>91.856</ele>
    <time>2024-06-27T08:04:06.485552</time>
</trkpt>
<trkpt lat="48.8130195" lon="2.2579494">
    <ele>90.254</ele>
    <time>2024-06-27T08:04:06.485552</time>
</trkpt>
<trkpt lat="48.8135524" lon="2.2578777">
    <ele>93.648</ele>
    <time>2024-06-27T08:04:06.485552</time>
</trkpt>
<trkpt lat="48.8150106" lon="2.2576198">
    <ele>89.877</ele>
    <time>2024-06-27T08:04:06.485552</time>
</trkpt>
<trkpt lat="48.8156221" lon="2.2561084">
    <ele>86.127</ele>
    <time>2024-06-27T08:04:06.485552</time>
</trkpt>
<trkpt lat="48.815736" lon="2.2552621">
    <ele>84.158</ele>
    <time>2024-06-27T08:04:06.485552</time>
</trkpt>
<trkpt lat="48.8171163" lon="2.2548134">
    <ele>74.19</ele>
    <time>2024-06-27T08:04:06.486549</time>
</trkpt>
<trkpt lat="48.81724" lon="2.2554045">
    <ele>72.958</ele>
    <time>2024-06-27T08:04:06.486549</time>
</trkpt>
<trkpt lat="48.817377" lon="2.255838">
    <ele>71.06</ele>
    <time>2024-06-27T08:04:06.486549</time>
</trkpt>
<trkpt lat="48.8174731" lon="2.2560073">
    <ele>69.765</ele>
    <time>2024-06-27T08:04:06.486549</time>
</trkpt>
<trkpt lat="48.8192572" lon="2.2593716">
    <ele>60.333</ele>
    <time>2024-06-27T08:04:06.486549</time>
</trkpt>
<trkpt lat="48.8206501" lon="2.2633978">
    <ele>48.055</ele>
    <time>2024-06-27T08:04:06.486549</time>
</trkpt>
<trkpt lat="48.8206566" lon="2.2635418">
    <ele>48.494</ele>
    <time>2024-06-27T08:04:06.486549</time>
</trkpt>
<trkpt lat="48.820965" lon="2.263997">
    <ele>45.671</ele>
    <time>2024-06-27T08:04:06.486549</time>
</trkpt>
<trkpt lat="48.8212296" lon="2.2644392">
    <ele>43.463</ele>
    <time>2024-06-27T08:04:06.486549</time>
</trkpt>
<trkpt lat="48.8224411" lon="2.2680161">
    <ele>34.312</ele>
    <time>2024-06-27T08:04:06.486549</time>
</trkpt>
<trkpt lat="48.8224747" lon="2.2681373">
    <ele>34.654</ele>
    <time>2024-06-27T08:04:06.487546</time>
</trkpt>
<trkpt lat="48.8225999" lon="2.2679938">
    <ele>33.641</ele>
    <time>2024-06-27T08:04:06.487546</time>
</trkpt>
<trkpt lat="48.8219907" lon="2.2650292">
    <ele>33.196</ele>
    <time>2024-06-27T08:04:06.487546</time>
</trkpt>
<trkpt lat="48.8223093" lon="2.264858">
    <ele>31.469</ele>
    <time>2024-06-27T08:04:06.487546</time>
</trkpt>
<trkpt lat="48.8224661" lon="2.2647705">
    <ele>30.925</ele>
    <time>2024-06-27T08:04:06.487546</time>
</trkpt>
<trkpt lat="48.8225574" lon="2.2647196">
    <ele>30.713</ele>
    <time>2024-06-27T08:04:06.487546</time>
</trkpt>
<trkpt lat="48.822997" lon="2.2644831">
    <ele>30.143</ele>
    <time>2024-06-27T08:04:06.487546</time>
</trkpt>
<trkpt lat="48.823446" lon="2.2642401">
    <ele>29.913</ele>
    <time>2024-06-27T08:04:06.487546</time>
</trkpt>
<trkpt lat="48.8242751" lon="2.2637807">
    <ele>29.544</ele>
    <time>2024-06-27T08:04:06.487546</time>
</trkpt>
<trkpt lat="48.8241768" lon="2.2633668">
    <ele>29.767</ele>
    <time>2024-06-27T08:04:06.487546</time>
</trkpt>
        </trkseg>
    </trk>
</gpx>