<?xml version="1.0" encoding="UTF-8"?>
<gpx version="1.1" creator="YourAppName - https://yourappurl.com"
     xmlns:xsi="http://www.w3.org/2001/XMLSchema-instance"
     xmlns="http://www.topografix.com/GPX/1/1"
     xsi:schemaLocation="http://www.topografix.com/GPX/1/1
                         http://www.topografix.com/GPX/1/1/gpx.xsd">
    <metadata>
        <name>My Route</name>
        <author>
            <name>Your Name or App</name>
        </author>
        <time>2024-06-27T23:52:02.091605</time>
    </metadata>
    <trk>
        <name>My Route</name>
        <trkseg>
            <trkpt lat="48.8053644" lon="2.2592128">
    <ele>121.44</ele>
    <time>2024-06-27T23:52:01.999956</time>
</trkpt>
<trkpt lat="48.8052901" lon="2.2590334">
    <ele>121.453</ele>
    <time>2024-06-27T23:52:01.999956</time>
</trkpt>
<trkpt lat="48.8051987" lon="2.2590231">
    <ele>121.592</ele>
    <time>2024-06-27T23:52:01.999956</time>
</trkpt>
<trkpt lat="48.8048336" lon="2.2586398">
    <ele>123.661</ele>
    <time>2024-06-27T23:52:01.999956</time>
</trkpt>
<trkpt lat="48.8042054" lon="2.2580229">
    <ele>126.281</ele>
    <time>2024-06-27T23:52:01.999956</time>
</trkpt>
<trkpt lat="48.8035745" lon="2.2573743">
    <ele>128.253</ele>
    <time>2024-06-27T23:52:01.999956</time>
</trkpt>
<trkpt lat="48.8034703" lon="2.2571672">
    <ele>128.377</ele>
    <time>2024-06-27T23:52:01.999956</time>
</trkpt>
<trkpt lat="48.8034606" lon="2.2571049">
    <ele>128.416</ele>
    <time>2024-06-27T23:52:01.999956</time>
</trkpt>
<trkpt lat="48.8032562" lon="2.2568371">
    <ele>129.417</ele>
    <time>2024-06-27T23:52:01.999956</time>
</trkpt>
<trkpt lat="48.8032199" lon="2.2568261">
    <ele>129.607</ele>
    <time>2024-06-27T23:52:02.000848</time>
</trkpt>
<trkpt lat="48.8031944" lon="2.2568359">
    <ele>129.716</ele>
    <time>2024-06-27T23:52:02.000848</time>
</trkpt>
<trkpt lat="48.7974522" lon="2.2529541">
    <ele>168.415</ele>
    <time>2024-06-27T23:52:02.000848</time>
</trkpt>
<trkpt lat="48.7924931" lon="2.2523637">
    <ele>167.165</ele>
    <time>2024-06-27T23:52:02.000848</time>
</trkpt>
<trkpt lat="48.7924723" lon="2.252317">
    <ele>167.426</ele>
    <time>2024-06-27T23:52:02.000848</time>
</trkpt>
<trkpt lat="48.7917972" lon="2.2523613">
    <ele>166.307</ele>
    <time>2024-06-27T23:52:02.000848</time>
</trkpt>
<trkpt lat="48.7915573" lon="2.252348">
    <ele>166.312</ele>
    <time>2024-06-27T23:52:02.000848</time>
</trkpt>
<trkpt lat="48.791351" lon="2.2523011">
    <ele>167.404</ele>
    <time>2024-06-27T23:52:02.000848</time>
</trkpt>
<trkpt lat="48.7906126" lon="2.2523527">
    <ele>168.0</ele>
    <time>2024-06-27T23:52:02.000848</time>
</trkpt>
<trkpt lat="48.7904387" lon="2.2524524">
    <ele>168.187</ele>
    <time>2024-06-27T23:52:02.000848</time>
</trkpt>
<trkpt lat="48.7896971" lon="2.2525333">
    <ele>168.897</ele>
    <time>2024-06-27T23:52:02.000848</time>
</trkpt>
<trkpt lat="48.7895028" lon="2.2522526">
    <ele>168.809</ele>
    <time>2024-06-27T23:52:02.000848</time>
</trkpt>
<trkpt lat="48.7884832" lon="2.2498358">
    <ele>170.013</ele>
    <time>2024-06-27T23:52:02.001846</time>
</trkpt>
<trkpt lat="48.7874447" lon="2.2497668">
    <ele>169.271</ele>
    <time>2024-06-27T23:52:02.001846</time>
</trkpt>
<trkpt lat="48.7868803" lon="2.2495911">
    <ele>168.796</ele>
    <time>2024-06-27T23:52:02.001846</time>
</trkpt>
<trkpt lat="48.7857689" lon="2.2476734">
    <ele>166.373</ele>
    <time>2024-06-27T23:52:02.001846</time>
</trkpt>
<trkpt lat="48.7856711" lon="2.2473704">
    <ele>166.798</ele>
    <time>2024-06-27T23:52:02.001846</time>
</trkpt>
<trkpt lat="48.7853842" lon="2.2465525">
    <ele>167.012</ele>
    <time>2024-06-27T23:52:02.001846</time>
</trkpt>
<trkpt lat="48.7852524" lon="2.2462449">
    <ele>167.334</ele>
    <time>2024-06-27T23:52:02.001846</time>
</trkpt>
<trkpt lat="48.7864713" lon="2.2454106">
    <ele>167.936</ele>
    <time>2024-06-27T23:52:02.001846</time>
</trkpt>
<trkpt lat="48.7867769" lon="2.2452058">
    <ele>168.1</ele>
    <time>2024-06-27T23:52:02.001846</time>
</trkpt>
<trkpt lat="48.7864161" lon="2.2439609">
    <ele>169.403</ele>
    <time>2024-06-27T23:52:02.001846</time>
</trkpt>
<trkpt lat="48.7853931" lon="2.2403981">
    <ele>171.02</ele>
    <time>2024-06-27T23:52:02.001846</time>
</trkpt>
<trkpt lat="48.7858235" lon="2.2394302">
    <ele>171.459</ele>
    <time>2024-06-27T23:52:02.002843</time>
</trkpt>
<trkpt lat="48.7860695" lon="2.2387622">
    <ele>171.238</ele>
    <time>2024-06-27T23:52:02.003064</time>
</trkpt>
<trkpt lat="48.7863918" lon="2.2375608">
    <ele>170.302</ele>
    <time>2024-06-27T23:52:02.003064</time>
</trkpt>
<trkpt lat="48.7865993" lon="2.2375141">
    <ele>169.99</ele>
    <time>2024-06-27T23:52:02.003256</time>
</trkpt>
<trkpt lat="48.7876545" lon="2.2372499">
    <ele>168.967</ele>
    <time>2024-06-27T23:52:02.003256</time>
</trkpt>
<trkpt lat="48.7876547" lon="2.2371012">
    <ele>168.573</ele>
    <time>2024-06-27T23:52:02.003256</time>
</trkpt>
<trkpt lat="48.7876553" lon="2.2368422">
    <ele>168.623</ele>
    <time>2024-06-27T23:52:02.003256</time>
</trkpt>
<trkpt lat="48.7876615" lon="2.2358332">
    <ele>169.161</ele>
    <time>2024-06-27T23:52:02.003256</time>
</trkpt>
<trkpt lat="48.7876628" lon="2.2356309">
    <ele>169.336</ele>
    <time>2024-06-27T23:52:02.003256</time>
</trkpt>
<trkpt lat="48.7876471" lon="2.2348362">
    <ele>169.837</ele>
    <time>2024-06-27T23:52:02.003256</time>
</trkpt>
<trkpt lat="48.7876412" lon="2.2347267">
    <ele>169.721</ele>
    <time>2024-06-27T23:52:02.003256</time>
</trkpt>
<trkpt lat="48.7877602" lon="2.2346748">
    <ele>169.959</ele>
    <time>2024-06-27T23:52:02.003840</time>
</trkpt>
<trkpt lat="48.7878493" lon="2.2346645">
    <ele>170.152</ele>
    <time>2024-06-27T23:52:02.003840</time>
</trkpt>
<trkpt lat="48.7881866" lon="2.2348237">
    <ele>169.32</ele>
    <time>2024-06-27T23:52:02.003840</time>
</trkpt>
<trkpt lat="48.7888082" lon="2.2344685">
    <ele>167.714</ele>
    <time>2024-06-27T23:52:02.003840</time>
</trkpt>
<trkpt lat="48.7889002" lon="2.234329">
    <ele>166.723</ele>
    <time>2024-06-27T23:52:02.003840</time>
</trkpt>
<trkpt lat="48.7890235" lon="2.2338778">
    <ele>166.558</ele>
    <time>2024-06-27T23:52:02.003840</time>
</trkpt>
<trkpt lat="48.7890858" lon="2.2332622">
    <ele>167.294</ele>
    <time>2024-06-27T23:52:02.003840</time>
</trkpt>
<trkpt lat="48.7890916" lon="2.2330749">
    <ele>167.624</ele>
    <time>2024-06-27T23:52:02.003840</time>
</trkpt>
<trkpt lat="48.7892685" lon="2.2323647">
    <ele>168.023</ele>
    <time>2024-06-27T23:52:02.003840</time>
</trkpt>
<trkpt lat="48.7890292" lon="2.232509">
    <ele>168.986</ele>
    <time>2024-06-27T23:52:02.003840</time>
</trkpt>
<trkpt lat="48.7889276" lon="2.232068">
    <ele>170.494</ele>
    <time>2024-06-27T23:52:02.003840</time>
</trkpt>
<trkpt lat="48.7899073" lon="2.2308994">
    <ele>168.883</ele>
    <time>2024-06-27T23:52:02.003840</time>
</trkpt>
<trkpt lat="48.7904052" lon="2.2268847">
    <ele>170.426</ele>
    <time>2024-06-27T23:52:02.003840</time>
</trkpt>
<trkpt lat="48.7903998" lon="2.2265283">
    <ele>171.42</ele>
    <time>2024-06-27T23:52:02.003840</time>
</trkpt>
<trkpt lat="48.7902834" lon="2.2246455">
    <ele>170.483</ele>
    <time>2024-06-27T23:52:02.004839</time>
</trkpt>
<trkpt lat="48.7901444" lon="2.224183">
    <ele>171.489</ele>
    <time>2024-06-27T23:52:02.004839</time>
</trkpt>
<trkpt lat="48.7899537" lon="2.2236983">
    <ele>171.075</ele>
    <time>2024-06-27T23:52:02.004839</time>
</trkpt>
<trkpt lat="48.7892997" lon="2.2226378">
    <ele>172.77</ele>
    <time>2024-06-27T23:52:02.004839</time>
</trkpt>
<trkpt lat="48.7892838" lon="2.2226158">
    <ele>172.715</ele>
    <time>2024-06-27T23:52:02.004839</time>
</trkpt>
<trkpt lat="48.7890741" lon="2.2221461">
    <ele>172.987</ele>
    <time>2024-06-27T23:52:02.004839</time>
</trkpt>
<trkpt lat="48.7890953" lon="2.2220338">
    <ele>173.1</ele>
    <time>2024-06-27T23:52:02.004839</time>
</trkpt>
<trkpt lat="48.7890942" lon="2.2219682">
    <ele>173.143</ele>
    <time>2024-06-27T23:52:02.004839</time>
</trkpt>
<trkpt lat="48.7890429" lon="2.2218036">
    <ele>173.678</ele>
    <time>2024-06-27T23:52:02.005848</time>
</trkpt>
<trkpt lat="48.7891805" lon="2.2215679">
    <ele>174.403</ele>
    <time>2024-06-27T23:52:02.005848</time>
</trkpt>
<trkpt lat="48.7936861" lon="2.2191471">
    <ele>172.137</ele>
    <time>2024-06-27T23:52:02.006069</time>
</trkpt>
<trkpt lat="48.7937788" lon="2.219086">
    <ele>172.182</ele>
    <time>2024-06-27T23:52:02.006069</time>
</trkpt>
<trkpt lat="48.7964799" lon="2.2176536">
    <ele>168.658</ele>
    <time>2024-06-27T23:52:02.006069</time>
</trkpt>
<trkpt lat="48.7959374" lon="2.2179733">
    <ele>169.843</ele>
    <time>2024-06-27T23:52:02.006069</time>
</trkpt>
<trkpt lat="48.7968435" lon="2.2178987">
    <ele>168.125</ele>
    <time>2024-06-27T23:52:02.006069</time>
</trkpt>
<trkpt lat="48.7978676" lon="2.2185503">
    <ele>161.821</ele>
    <time>2024-06-27T23:52:02.006069</time>
</trkpt>
<trkpt lat="48.7980369" lon="2.2185651">
    <ele>160.546</ele>
    <time>2024-06-27T23:52:02.006069</time>
</trkpt>
<trkpt lat="48.7982135" lon="2.2163789">
    <ele>166.292</ele>
    <time>2024-06-27T23:52:02.006833</time>
</trkpt>
<trkpt lat="48.7987874" lon="2.2146822">
    <ele>171.308</ele>
    <time>2024-06-27T23:52:02.006833</time>
</trkpt>
<trkpt lat="48.7998842" lon="2.2155691">
    <ele>169.054</ele>
    <time>2024-06-27T23:52:02.006833</time>
</trkpt>
<trkpt lat="48.8000463" lon="2.2154712">
    <ele>169.447</ele>
    <time>2024-06-27T23:52:02.006833</time>
</trkpt>
<trkpt lat="48.800121" lon="2.2147752">
    <ele>170.671</ele>
    <time>2024-06-27T23:52:02.006833</time>
</trkpt>
<trkpt lat="48.8002798" lon="2.2132762">
    <ele>172.551</ele>
    <time>2024-06-27T23:52:02.006833</time>
</trkpt>
<trkpt lat="48.8003931" lon="2.212325">
    <ele>176.276</ele>
    <time>2024-06-27T23:52:02.006833</time>
</trkpt>
<trkpt lat="48.800725" lon="2.2091423">
    <ele>175.283</ele>
    <time>2024-06-27T23:52:02.006833</time>
</trkpt>
<trkpt lat="48.800923" lon="2.2091123">
    <ele>175.514</ele>
    <time>2024-06-27T23:52:02.006833</time>
</trkpt>
<trkpt lat="48.8010672" lon="2.2088189">
    <ele>179.39</ele>
    <time>2024-06-27T23:52:02.006833</time>
</trkpt>
<trkpt lat="48.80096" lon="2.2084085">
    <ele>183.7</ele>
    <time>2024-06-27T23:52:02.007830</time>
</trkpt>
<trkpt lat="48.8021764" lon="2.2050275">
    <ele>176.786</ele>
    <time>2024-06-27T23:52:02.007830</time>
</trkpt>
<trkpt lat="48.8022025" lon="2.2049551">
    <ele>175.464</ele>
    <time>2024-06-27T23:52:02.007830</time>
</trkpt>
<trkpt lat="48.8024359" lon="2.2050167">
    <ele>173.582</ele>
    <time>2024-06-27T23:52:02.007830</time>
</trkpt>
<trkpt lat="48.8025683" lon="2.2052464">
    <ele>174.786</ele>
    <time>2024-06-27T23:52:02.007830</time>
</trkpt>
<trkpt lat="48.8025776" lon="2.2049531">
    <ele>172.378</ele>
    <time>2024-06-27T23:52:02.007830</time>
</trkpt>
<trkpt lat="48.8026931" lon="2.2047942">
    <ele>172.194</ele>
    <time>2024-06-27T23:52:02.007830</time>
</trkpt>
<trkpt lat="48.8027665" lon="2.2045823">
    <ele>172.717</ele>
    <time>2024-06-27T23:52:02.007830</time>
</trkpt>
<trkpt lat="48.8027418" lon="2.2041423">
    <ele>172.972</ele>
    <time>2024-06-27T23:52:02.007830</time>
</trkpt>
<trkpt lat="48.8027639" lon="2.204029">
    <ele>173.84</ele>
    <time>2024-06-27T23:52:02.007830</time>
</trkpt>
<trkpt lat="48.8028494" lon="2.2037116">
    <ele>175.226</ele>
    <time>2024-06-27T23:52:02.008827</time>
</trkpt>
<trkpt lat="48.8037022" lon="2.2010514">
    <ele>159.793</ele>
    <time>2024-06-27T23:52:02.008827</time>
</trkpt>
<trkpt lat="48.8042649" lon="2.1984256">
    <ele>148.538</ele>
    <time>2024-06-27T23:52:02.008827</time>
</trkpt>
<trkpt lat="48.8049737" lon="2.1965827">
    <ele>141.779</ele>
    <time>2024-06-27T23:52:02.009158</time>
</trkpt>
<trkpt lat="48.8044207" lon="2.1950186">
    <ele>144.565</ele>
    <time>2024-06-27T23:52:02.009158</time>
</trkpt>
<trkpt lat="48.8043605" lon="2.1949445">
    <ele>144.458</ele>
    <time>2024-06-27T23:52:02.009158</time>
</trkpt>
<trkpt lat="48.8035302" lon="2.1945676">
    <ele>140.752</ele>
    <time>2024-06-27T23:52:02.009158</time>
</trkpt>
<trkpt lat="48.802528" lon="2.1941489">
    <ele>136.488</ele>
    <time>2024-06-27T23:52:02.009158</time>
</trkpt>
<trkpt lat="48.8005464" lon="2.18978">
    <ele>108.468</ele>
    <time>2024-06-27T23:52:02.009158</time>
</trkpt>
<trkpt lat="48.8005696" lon="2.1893453">
    <ele>106.593</ele>
    <time>2024-06-27T23:52:02.009158</time>
</trkpt>
<trkpt lat="48.8005311" lon="2.1892941">
    <ele>104.967</ele>
    <time>2024-06-27T23:52:02.009158</time>
</trkpt>
<trkpt lat="48.800541" lon="2.1893446">
    <ele>105.974</ele>
    <time>2024-06-27T23:52:02.009158</time>
</trkpt>
<trkpt lat="48.8005179" lon="2.1897705">
    <ele>107.819</ele>
    <time>2024-06-27T23:52:02.009158</time>
</trkpt>
<trkpt lat="48.8005715" lon="2.193253">
    <ele>123.406</ele>
    <time>2024-06-27T23:52:02.009824</time>
</trkpt>
<trkpt lat="48.8015231" lon="2.1937483">
    <ele>142.074</ele>
    <time>2024-06-27T23:52:02.009824</time>
</trkpt>
<trkpt lat="48.8025299" lon="2.1941689">
    <ele>136.303</ele>
    <time>2024-06-27T23:52:02.009824</time>
</trkpt>
<trkpt lat="48.8035141" lon="2.19458">
    <ele>140.657</ele>
    <time>2024-06-27T23:52:02.009824</time>
</trkpt>
<trkpt lat="48.8043822" lon="2.1950092">
    <ele>144.122</ele>
    <time>2024-06-27T23:52:02.009824</time>
</trkpt>
<trkpt lat="48.8049444" lon="2.1965937">
    <ele>142.305</ele>
    <time>2024-06-27T23:52:02.009824</time>
</trkpt>
<trkpt lat="48.804564" lon="2.1975789">
    <ele>146.19</ele>
    <time>2024-06-27T23:52:02.009824</time>
</trkpt>
<trkpt lat="48.8042264" lon="2.1984571">
    <ele>149.171</ele>
    <time>2024-06-27T23:52:02.009824</time>
</trkpt>
<trkpt lat="48.8036788" lon="2.2010204">
    <ele>159.958</ele>
    <time>2024-06-27T23:52:02.009824</time>
</trkpt>
<trkpt lat="48.8028029" lon="2.2037592">
    <ele>175.463</ele>
    <time>2024-06-27T23:52:02.009824</time>
</trkpt>
<trkpt lat="48.8026477" lon="2.2039056">
    <ele>175.063</ele>
    <time>2024-06-27T23:52:02.009824</time>
</trkpt>
<trkpt lat="48.8026132" lon="2.2039134">
    <ele>175.136</ele>
    <time>2024-06-27T23:52:02.009824</time>
</trkpt>
<trkpt lat="48.802531" lon="2.2038455">
    <ele>176.027</ele>
    <time>2024-06-27T23:52:02.009824</time>
</trkpt>
<trkpt lat="48.8020994" lon="2.2039784">
    <ele>178.717</ele>
    <time>2024-06-27T23:52:02.009824</time>
</trkpt>
<trkpt lat="48.801982" lon="2.2044575">
    <ele>175.163</ele>
    <time>2024-06-27T23:52:02.009824</time>
</trkpt>
<trkpt lat="48.8020196" lon="2.2046717">
    <ele>176.414</ele>
    <time>2024-06-27T23:52:02.009824</time>
</trkpt>
<trkpt lat="48.8022025" lon="2.2049551">
    <ele>175.464</ele>
    <time>2024-06-27T23:52:02.009824</time>
</trkpt>
<trkpt lat="48.8024359" lon="2.2050167">
    <ele>173.582</ele>
    <time>2024-06-27T23:52:02.009824</time>
</trkpt>
<trkpt lat="48.8025683" lon="2.2052464">
    <ele>174.786</ele>
    <time>2024-06-27T23:52:02.010821</time>
</trkpt>
<trkpt lat="48.8025776" lon="2.2049531">
    <ele>172.378</ele>
    <time>2024-06-27T23:52:02.010821</time>
</trkpt>
<trkpt lat="48.8026931" lon="2.2047942">
    <ele>172.194</ele>
    <time>2024-06-27T23:52:02.010821</time>
</trkpt>
<trkpt lat="48.8027665" lon="2.2045823">
    <ele>172.717</ele>
    <time>2024-06-27T23:52:02.010821</time>
</trkpt>
<trkpt lat="48.8027418" lon="2.2041423">
    <ele>172.972</ele>
    <time>2024-06-27T23:52:02.010821</time>
</trkpt>
<trkpt lat="48.8027639" lon="2.204029">
    <ele>173.84</ele>
    <time>2024-06-27T23:52:02.010821</time>
</trkpt>
<trkpt lat="48.8028494" lon="2.2037116">
    <ele>175.226</ele>
    <time>2024-06-27T23:52:02.010821</time>
</trkpt>
<trkpt lat="48.8037022" lon="2.2010514">
    <ele>159.793</ele>
    <time>2024-06-27T23:52:02.010821</time>
</trkpt>
<trkpt lat="48.8042649" lon="2.1984256">
    <ele>148.538</ele>
    <time>2024-06-27T23:52:02.010821</time>
</trkpt>
<trkpt lat="48.8049737" lon="2.1965827">
    <ele>141.779</ele>
    <time>2024-06-27T23:52:02.010821</time>
</trkpt>
<trkpt lat="48.8044207" lon="2.1950186">
    <ele>144.565</ele>
    <time>2024-06-27T23:52:02.010821</time>
</trkpt>
<trkpt lat="48.8043605" lon="2.1949445">
    <ele>144.458</ele>
    <time>2024-06-27T23:52:02.010821</time>
</trkpt>
<trkpt lat="48.8035302" lon="2.1945676">
    <ele>140.752</ele>
    <time>2024-06-27T23:52:02.010821</time>
</trkpt>
<trkpt lat="48.802528" lon="2.1941489">
    <ele>136.488</ele>
    <time>2024-06-27T23:52:02.010821</time>
</trkpt>
<trkpt lat="48.8005464" lon="2.18978">
    <ele>108.468</ele>
    <time>2024-06-27T23:52:02.010821</time>
</trkpt>
<trkpt lat="48.8005696" lon="2.1893453">
    <ele>106.593</ele>
    <time>2024-06-27T23:52:02.011818</time>
</trkpt>
<trkpt lat="48.8005311" lon="2.1892941">
    <ele>104.967</ele>
    <time>2024-06-27T23:52:02.011952</time>
</trkpt>
<trkpt lat="48.8005325" lon="2.1891722">
    <ele>104.11</ele>
    <time>2024-06-27T23:52:02.011952</time>
</trkpt>
<trkpt lat="48.8005463" lon="2.1890162">
    <ele>103.092</ele>
    <time>2024-06-27T23:52:02.011952</time>
</trkpt>
<trkpt lat="48.8006158" lon="2.1873152">
    <ele>96.871</ele>
    <time>2024-06-27T23:52:02.011952</time>
</trkpt>
<trkpt lat="48.8006224" lon="2.1872765">
    <ele>96.861</ele>
    <time>2024-06-27T23:52:02.011952</time>
</trkpt>
<trkpt lat="48.8007049" lon="2.1869728">
    <ele>97.17</ele>
    <time>2024-06-27T23:52:02.011952</time>
</trkpt>
<trkpt lat="48.8005385" lon="2.1867258">
    <ele>97.888</ele>
    <time>2024-06-27T23:52:02.011952</time>
</trkpt>
<trkpt lat="48.8002844" lon="2.1864238">
    <ele>98.439</ele>
    <time>2024-06-27T23:52:02.011952</time>
</trkpt>
<trkpt lat="48.7999761" lon="2.1860743">
    <ele>100.486</ele>
    <time>2024-06-27T23:52:02.011952</time>
</trkpt>
<trkpt lat="48.7995948" lon="2.1856627">
    <ele>100.429</ele>
    <time>2024-06-27T23:52:02.011952</time>
</trkpt>
<trkpt lat="48.7991415" lon="2.1851384">
    <ele>102.984</ele>
    <time>2024-06-27T23:52:02.011952</time>
</trkpt>
<trkpt lat="48.7989525" lon="2.1849314">
    <ele>104.053</ele>
    <time>2024-06-27T23:52:02.011952</time>
</trkpt>
<trkpt lat="48.7982524" lon="2.1841148">
    <ele>106.265</ele>
    <time>2024-06-27T23:52:02.011952</time>
</trkpt>
<trkpt lat="48.7976298" lon="2.1834011">
    <ele>109.915</ele>
    <time>2024-06-27T23:52:02.011952</time>
</trkpt>
<trkpt lat="48.797212" lon="2.1829089">
    <ele>112.02</ele>
    <time>2024-06-27T23:52:02.011952</time>
</trkpt>
<trkpt lat="48.7960078" lon="2.1814471">
    <ele>116.632</ele>
    <time>2024-06-27T23:52:02.012815</time>
</trkpt>
<trkpt lat="48.7958613" lon="2.1811219">
    <ele>116.394</ele>
    <time>2024-06-27T23:52:02.012815</time>
</trkpt>
<trkpt lat="48.7958138" lon="2.1810131">
    <ele>116.819</ele>
    <time>2024-06-27T23:52:02.012815</time>
</trkpt>
<trkpt lat="48.7957514" lon="2.1808723">
    <ele>116.933</ele>
    <time>2024-06-27T23:52:02.012815</time>
</trkpt>
<trkpt lat="48.795686" lon="2.1807281">
    <ele>117.196</ele>
    <time>2024-06-27T23:52:02.012815</time>
</trkpt>
<trkpt lat="48.7955779" lon="2.1804877">
    <ele>118.446</ele>
    <time>2024-06-27T23:52:02.012815</time>
</trkpt>
<trkpt lat="48.7932734" lon="2.1776531">
    <ele>134.382</ele>
    <time>2024-06-27T23:52:02.012815</time>
</trkpt>
<trkpt lat="48.7883588" lon="2.1790689">
    <ele>171.699</ele>
    <time>2024-06-27T23:52:02.012815</time>
</trkpt>
<trkpt lat="48.7877423" lon="2.1791445">
    <ele>173.777</ele>
    <time>2024-06-27T23:52:02.012815</time>
</trkpt>
<trkpt lat="48.787195" lon="2.1792197">
    <ele>175.316</ele>
    <time>2024-06-27T23:52:02.012815</time>
</trkpt>
<trkpt lat="48.7864723" lon="2.1793246">
    <ele>176.08</ele>
    <time>2024-06-27T23:52:02.012815</time>
</trkpt>
<trkpt lat="48.7858562" lon="2.1794005">
    <ele>175.896</ele>
    <time>2024-06-27T23:52:02.012815</time>
</trkpt>
<trkpt lat="48.7856247" lon="2.1793481">
    <ele>176.158</ele>
    <time>2024-06-27T23:52:02.012815</time>
</trkpt>
<trkpt lat="48.7854769" lon="2.1791951">
    <ele>176.482</ele>
    <time>2024-06-27T23:52:02.013814</time>
</trkpt>
<trkpt lat="48.7853944" lon="2.1790775">
    <ele>176.704</ele>
    <time>2024-06-27T23:52:02.013814</time>
</trkpt>
<trkpt lat="48.7848779" lon="2.1781804">
    <ele>177.115</ele>
    <time>2024-06-27T23:52:02.013814</time>
</trkpt>
<trkpt lat="48.7843498" lon="2.1772581">
    <ele>177.202</ele>
    <time>2024-06-27T23:52:02.014075</time>
</trkpt>
<trkpt lat="48.7841078" lon="2.1768526">
    <ele>177.503</ele>
    <time>2024-06-27T23:52:02.014075</time>
</trkpt>
<trkpt lat="48.784075" lon="2.1767953">
    <ele>177.588</ele>
    <time>2024-06-27T23:52:02.014075</time>
</trkpt>
<trkpt lat="48.7839972" lon="2.1766741">
    <ele>177.686</ele>
    <time>2024-06-27T23:52:02.014075</time>
</trkpt>
<trkpt lat="48.7834931" lon="2.1758363">
    <ele>176.686</ele>
    <time>2024-06-27T23:52:02.014075</time>
</trkpt>
<trkpt lat="48.7833804" lon="2.1756443">
    <ele>176.716</ele>
    <time>2024-06-27T23:52:02.014075</time>
</trkpt>
<trkpt lat="48.7831174" lon="2.1752085">
    <ele>176.664</ele>
    <time>2024-06-27T23:52:02.014075</time>
</trkpt>
<trkpt lat="48.7827946" lon="2.1746303">
    <ele>176.258</ele>
    <time>2024-06-27T23:52:02.014075</time>
</trkpt>
<trkpt lat="48.7826905" lon="2.1743892">
    <ele>176.558</ele>
    <time>2024-06-27T23:52:02.014812</time>
</trkpt>
<trkpt lat="48.7825374" lon="2.1739618">
    <ele>177.215</ele>
    <time>2024-06-27T23:52:02.014812</time>
</trkpt>
<trkpt lat="48.7792819" lon="2.1747101">
    <ele>176.278</ele>
    <time>2024-06-27T23:52:02.014812</time>
</trkpt>
<trkpt lat="48.7794849" lon="2.1719214">
    <ele>174.925</ele>
    <time>2024-06-27T23:52:02.014812</time>
</trkpt>
<trkpt lat="48.7796141" lon="2.1717067">
    <ele>174.392</ele>
    <time>2024-06-27T23:52:02.014812</time>
</trkpt>
<trkpt lat="48.7801127" lon="2.1710235">
    <ele>174.272</ele>
    <time>2024-06-27T23:52:02.014812</time>
</trkpt>
<trkpt lat="48.7805467" lon="2.1698174">
    <ele>175.186</ele>
    <time>2024-06-27T23:52:02.014812</time>
</trkpt>
<trkpt lat="48.7804701" lon="2.1691981">
    <ele>174.367</ele>
    <time>2024-06-27T23:52:02.014812</time>
</trkpt>
<trkpt lat="48.7805101" lon="2.169047">
    <ele>174.552</ele>
    <time>2024-06-27T23:52:02.014812</time>
</trkpt>
<trkpt lat="48.7804697" lon="2.1689351">
    <ele>175.153</ele>
    <time>2024-06-27T23:52:02.014812</time>
</trkpt>
<trkpt lat="48.7803198" lon="2.1689462">
    <ele>174.526</ele>
    <time>2024-06-27T23:52:02.014812</time>
</trkpt>
<trkpt lat="48.7802868" lon="2.1690715">
    <ele>174.159</ele>
    <time>2024-06-27T23:52:02.015813</time>
</trkpt>
<trkpt lat="48.7748924" lon="2.1716538">
    <ele>161.471</ele>
    <time>2024-06-27T23:52:02.015988</time>
</trkpt>
<trkpt lat="48.772704" lon="2.1727363">
    <ele>136.031</ele>
    <time>2024-06-27T23:52:02.015988</time>
</trkpt>
<trkpt lat="48.7716675" lon="2.1735425">
    <ele>128.089</ele>
    <time>2024-06-27T23:52:02.015988</time>
</trkpt>
<trkpt lat="48.7710861" lon="2.1725182">
    <ele>133.955</ele>
    <time>2024-06-27T23:52:02.015988</time>
</trkpt>
<trkpt lat="48.7693722" lon="2.1726686">
    <ele>115.354</ele>
    <time>2024-06-27T23:52:02.015988</time>
</trkpt>
<trkpt lat="48.7663009" lon="2.1699445">
    <ele>95.895</ele>
    <time>2024-06-27T23:52:02.015988</time>
</trkpt>
<trkpt lat="48.7649678" lon="2.1701335">
    <ele>88.409</ele>
    <time>2024-06-27T23:52:02.016831</time>
</trkpt>
<trkpt lat="48.764985" lon="2.1709829">
    <ele>89.095</ele>
    <time>2024-06-27T23:52:02.016831</time>
</trkpt>
<trkpt lat="48.7646085" lon="2.1708283">
    <ele>87.202</ele>
    <time>2024-06-27T23:52:02.016831</time>
</trkpt>
<trkpt lat="48.7644964" lon="2.170957">
    <ele>87.239</ele>
    <time>2024-06-27T23:52:02.016831</time>
</trkpt>
<trkpt lat="48.7639777" lon="2.1714094">
    <ele>88.086</ele>
    <time>2024-06-27T23:52:02.016831</time>
</trkpt>
<trkpt lat="48.7634125" lon="2.1695203">
    <ele>92.255</ele>
    <time>2024-06-27T23:52:02.016831</time>
</trkpt>
<trkpt lat="48.7633136" lon="2.1694511">
    <ele>92.902</ele>
    <time>2024-06-27T23:52:02.016831</time>
</trkpt>
<trkpt lat="48.7628834" lon="2.1691211">
    <ele>95.307</ele>
    <time>2024-06-27T23:52:02.016831</time>
</trkpt>
<trkpt lat="48.7626624" lon="2.1700434">
    <ele>97.104</ele>
    <time>2024-06-27T23:52:02.016831</time>
</trkpt>
<trkpt lat="48.762155" lon="2.1697463">
    <ele>104.389</ele>
    <time>2024-06-27T23:52:02.016831</time>
</trkpt>
<trkpt lat="48.7614116" lon="2.1716501">
    <ele>111.147</ele>
    <time>2024-06-27T23:52:02.017803</time>
</trkpt>
<trkpt lat="48.7609969" lon="2.1733576">
    <ele>117.8</ele>
    <time>2024-06-27T23:52:02.017803</time>
</trkpt>
<trkpt lat="48.7608316" lon="2.1750487">
    <ele>121.541</ele>
    <time>2024-06-27T23:52:02.017803</time>
</trkpt>
<trkpt lat="48.7585489" lon="2.1743755">
    <ele>140.614</ele>
    <time>2024-06-27T23:52:02.017803</time>
</trkpt>
<trkpt lat="48.7574957" lon="2.1729029">
    <ele>147.049</ele>
    <time>2024-06-27T23:52:02.017803</time>
</trkpt>
<trkpt lat="48.7570797" lon="2.172541">
    <ele>148.35</ele>
    <time>2024-06-27T23:52:02.017803</time>
</trkpt>
<trkpt lat="48.7554963" lon="2.1709785">
    <ele>150.685</ele>
    <time>2024-06-27T23:52:02.017803</time>
</trkpt>
<trkpt lat="48.7554689" lon="2.1708491">
    <ele>150.681</ele>
    <time>2024-06-27T23:52:02.017803</time>
</trkpt>
<trkpt lat="48.755366" lon="2.1707587">
    <ele>150.492</ele>
    <time>2024-06-27T23:52:02.017803</time>
</trkpt>
<trkpt lat="48.755282" lon="2.1707839">
    <ele>150.526</ele>
    <time>2024-06-27T23:52:02.017803</time>
</trkpt>
<trkpt lat="48.7538888" lon="2.169661">
    <ele>153.403</ele>
    <time>2024-06-27T23:52:02.017803</time>
</trkpt>
<trkpt lat="48.7509129" lon="2.1668795">
    <ele>157.15</ele>
    <time>2024-06-27T23:52:02.017803</time>
</trkpt>
<trkpt lat="48.7505017" lon="2.166179">
    <ele>157.384</ele>
    <time>2024-06-27T23:52:02.017803</time>
</trkpt>
<trkpt lat="48.7504823" lon="2.1659545">
    <ele>157.433</ele>
    <time>2024-06-27T23:52:02.017803</time>
</trkpt>
<trkpt lat="48.7505144" lon="2.1657775">
    <ele>157.017</ele>
    <time>2024-06-27T23:52:02.017803</time>
</trkpt>
<trkpt lat="48.7508427" lon="2.165518">
    <ele>156.107</ele>
    <time>2024-06-27T23:52:02.018802</time>
</trkpt>
<trkpt lat="48.7523082" lon="2.1630259">
    <ele>156.481</ele>
    <time>2024-06-27T23:52:02.018802</time>
</trkpt>
<trkpt lat="48.7526019" lon="2.1621983">
    <ele>156.241</ele>
    <time>2024-06-27T23:52:02.018802</time>
</trkpt>
<trkpt lat="48.7527118" lon="2.1618591">
    <ele>156.057</ele>
    <time>2024-06-27T23:52:02.018802</time>
</trkpt>
<trkpt lat="48.7528385" lon="2.1614892">
    <ele>156.449</ele>
    <time>2024-06-27T23:52:02.018802</time>
</trkpt>
<trkpt lat="48.7530242" lon="2.160959">
    <ele>156.184</ele>
    <time>2024-06-27T23:52:02.018802</time>
</trkpt>
<trkpt lat="48.7532245" lon="2.1603637">
    <ele>156.114</ele>
    <time>2024-06-27T23:52:02.018802</time>
</trkpt>
<trkpt lat="48.7536472" lon="2.1591429">
    <ele>155.079</ele>
    <time>2024-06-27T23:52:02.018802</time>
</trkpt>
<trkpt lat="48.7544091" lon="2.1568782">
    <ele>152.666</ele>
    <time>2024-06-27T23:52:02.018802</time>
</trkpt>
<trkpt lat="48.7542785" lon="2.155173">
    <ele>151.746</ele>
    <time>2024-06-27T23:52:02.018802</time>
</trkpt>
<trkpt lat="48.7542354" lon="2.1550292">
    <ele>152.097</ele>
    <time>2024-06-27T23:52:02.018802</time>
</trkpt>
<trkpt lat="48.7541554" lon="2.1547566">
    <ele>152.093</ele>
    <time>2024-06-27T23:52:02.018802</time>
</trkpt>
<trkpt lat="48.751025" lon="2.1510977">
    <ele>151.071</ele>
    <time>2024-06-27T23:52:02.018802</time>
</trkpt>
<trkpt lat="48.7541013" lon="2.1545968">
    <ele>151.619</ele>
    <time>2024-06-27T23:52:02.018802</time>
</trkpt>
<trkpt lat="48.7541554" lon="2.1547566">
    <ele>152.093</ele>
    <time>2024-06-27T23:52:02.018802</time>
</trkpt>
<trkpt lat="48.7542354" lon="2.1550292">
    <ele>152.097</ele>
    <time>2024-06-27T23:52:02.018802</time>
</trkpt>
<trkpt lat="48.7542785" lon="2.155173">
    <ele>151.746</ele>
    <time>2024-06-27T23:52:02.018802</time>
</trkpt>
<trkpt lat="48.7544091" lon="2.1568782">
    <ele>152.666</ele>
    <time>2024-06-27T23:52:02.018802</time>
</trkpt>
<trkpt lat="48.7536472" lon="2.1591429">
    <ele>155.079</ele>
    <time>2024-06-27T23:52:02.018802</time>
</trkpt>
<trkpt lat="48.7532245" lon="2.1603637">
    <ele>156.114</ele>
    <time>2024-06-27T23:52:02.019800</time>
</trkpt>
<trkpt lat="48.7530242" lon="2.160959">
    <ele>156.184</ele>
    <time>2024-06-27T23:52:02.019800</time>
</trkpt>
<trkpt lat="48.7528385" lon="2.1614892">
    <ele>156.449</ele>
    <time>2024-06-27T23:52:02.019800</time>
</trkpt>
<trkpt lat="48.7527118" lon="2.1618591">
    <ele>156.057</ele>
    <time>2024-06-27T23:52:02.019800</time>
</trkpt>
<trkpt lat="48.7526019" lon="2.1621983">
    <ele>156.241</ele>
    <time>2024-06-27T23:52:02.019800</time>
</trkpt>
<trkpt lat="48.7523082" lon="2.1630259">
    <ele>156.481</ele>
    <time>2024-06-27T23:52:02.019800</time>
</trkpt>
<trkpt lat="48.7508427" lon="2.165518">
    <ele>156.107</ele>
    <time>2024-06-27T23:52:02.019800</time>
</trkpt>
<trkpt lat="48.7505144" lon="2.1657775">
    <ele>157.017</ele>
    <time>2024-06-27T23:52:02.019800</time>
</trkpt>
<trkpt lat="48.7504074" lon="2.1658233">
    <ele>157.287</ele>
    <time>2024-06-27T23:52:02.019800</time>
</trkpt>
<trkpt lat="48.7501245" lon="2.1658793">
    <ele>157.481</ele>
    <time>2024-06-27T23:52:02.019800</time>
</trkpt>
<trkpt lat="48.749458" lon="2.1656841">
    <ele>158.28</ele>
    <time>2024-06-27T23:52:02.019800</time>
</trkpt>
<trkpt lat="48.7449286" lon="2.1650604">
    <ele>150.003</ele>
    <time>2024-06-27T23:52:02.019800</time>
</trkpt>
<trkpt lat="48.7438676" lon="2.164944">
    <ele>149.402</ele>
    <time>2024-06-27T23:52:02.019800</time>
</trkpt>
<trkpt lat="48.739178" lon="2.1644307">
    <ele>150.046</ele>
    <time>2024-06-27T23:52:02.019800</time>
</trkpt>
<trkpt lat="48.7356131" lon="2.1640764">
    <ele>153.924</ele>
    <time>2024-06-27T23:52:02.019800</time>
</trkpt>
<trkpt lat="48.7350246" lon="2.1638645">
    <ele>153.887</ele>
    <time>2024-06-27T23:52:02.019800</time>
</trkpt>
<trkpt lat="48.7346443" lon="2.1638457">
    <ele>153.446</ele>
    <time>2024-06-27T23:52:02.019800</time>
</trkpt>
<trkpt lat="48.7339658" lon="2.1638816">
    <ele>153.667</ele>
    <time>2024-06-27T23:52:02.019800</time>
</trkpt>
<trkpt lat="48.7337561" lon="2.1638536">
    <ele>154.455</ele>
    <time>2024-06-27T23:52:02.019800</time>
</trkpt>
<trkpt lat="48.7320228" lon="2.1636611">
    <ele>155.436</ele>
    <time>2024-06-27T23:52:02.020796</time>
</trkpt>
<trkpt lat="48.7314259" lon="2.1634747">
    <ele>156.385</ele>
    <time>2024-06-27T23:52:02.020796</time>
</trkpt>
<trkpt lat="48.7312087" lon="2.163369">
    <ele>156.474</ele>
    <time>2024-06-27T23:52:02.020796</time>
</trkpt>
<trkpt lat="48.730837" lon="2.1631619">
    <ele>156.817</ele>
    <time>2024-06-27T23:52:02.020796</time>
</trkpt>
<trkpt lat="48.7301258" lon="2.1627057">
    <ele>156.499</ele>
    <time>2024-06-27T23:52:02.020796</time>
</trkpt>
<trkpt lat="48.7298974" lon="2.1625875">
    <ele>156.361</ele>
    <time>2024-06-27T23:52:02.020796</time>
</trkpt>
<trkpt lat="48.729857" lon="2.1627813">
    <ele>156.327</ele>
    <time>2024-06-27T23:52:02.020796</time>
</trkpt>
<trkpt lat="48.7298034" lon="2.1629465">
    <ele>156.714</ele>
    <time>2024-06-27T23:52:02.020796</time>
</trkpt>
<trkpt lat="48.7294527" lon="2.1647479">
    <ele>156.271</ele>
    <time>2024-06-27T23:52:02.020796</time>
</trkpt>
<trkpt lat="48.7286644" lon="2.1668684">
    <ele>154.209</ele>
    <time>2024-06-27T23:52:02.020796</time>
</trkpt>
<trkpt lat="48.7284197" lon="2.1667667">
    <ele>153.523</ele>
    <time>2024-06-27T23:52:02.020796</time>
</trkpt>
<trkpt lat="48.7282603" lon="2.1669094">
    <ele>153.464</ele>
    <time>2024-06-27T23:52:02.020796</time>
</trkpt>
<trkpt lat="48.7283122" lon="2.1675347">
    <ele>154.05</ele>
    <time>2024-06-27T23:52:02.020796</time>
</trkpt>
<trkpt lat="48.7283024" lon="2.1685278">
    <ele>154.828</ele>
    <time>2024-06-27T23:52:02.020796</time>
</trkpt>
<trkpt lat="48.7282963" lon="2.1691014">
    <ele>154.283</ele>
    <time>2024-06-27T23:52:02.020796</time>
</trkpt>
<trkpt lat="48.7282893" lon="2.1696083">
    <ele>153.732</ele>
    <time>2024-06-27T23:52:02.020796</time>
</trkpt>
<trkpt lat="48.7284341" lon="2.1708385">
    <ele>153.231</ele>
    <time>2024-06-27T23:52:02.020796</time>
</trkpt>
<trkpt lat="48.728586" lon="2.1718738">
    <ele>153.09</ele>
    <time>2024-06-27T23:52:02.020796</time>
</trkpt>
<trkpt lat="48.7287224" lon="2.1740834">
    <ele>153.649</ele>
    <time>2024-06-27T23:52:02.020796</time>
</trkpt>
<trkpt lat="48.7287888" lon="2.1754496">
    <ele>153.818</ele>
    <time>2024-06-27T23:52:02.021793</time>
</trkpt>
<trkpt lat="48.7289178" lon="2.1774041">
    <ele>153.916</ele>
    <time>2024-06-27T23:52:02.021793</time>
</trkpt>
<trkpt lat="48.7288815" lon="2.1785894">
    <ele>153.137</ele>
    <time>2024-06-27T23:52:02.021793</time>
</trkpt>
<trkpt lat="48.7287446" lon="2.1792152">
    <ele>152.528</ele>
    <time>2024-06-27T23:52:02.021793</time>
</trkpt>
<trkpt lat="48.7244468" lon="2.1902626">
    <ele>150.804</ele>
    <time>2024-06-27T23:52:02.021793</time>
</trkpt>
<trkpt lat="48.7233451" lon="2.192318">
    <ele>152.344</ele>
    <time>2024-06-27T23:52:02.021793</time>
</trkpt>
<trkpt lat="48.7223657" lon="2.194197">
    <ele>154.165</ele>
    <time>2024-06-27T23:52:02.021793</time>
</trkpt>
<trkpt lat="48.7222577" lon="2.1941861">
    <ele>154.352</ele>
    <time>2024-06-27T23:52:02.021793</time>
</trkpt>
<trkpt lat="48.7213278" lon="2.1939363">
    <ele>154.46</ele>
    <time>2024-06-27T23:52:02.021793</time>
</trkpt>
<trkpt lat="48.7192851" lon="2.1934328">
    <ele>154.772</ele>
    <time>2024-06-27T23:52:02.021793</time>
</trkpt>
<trkpt lat="48.7177248" lon="2.1930477">
    <ele>155.348</ele>
    <time>2024-06-27T23:52:02.021793</time>
</trkpt>
<trkpt lat="48.7178161" lon="2.192241">
    <ele>155.479</ele>
    <time>2024-06-27T23:52:02.021793</time>
</trkpt>
<trkpt lat="48.7159946" lon="2.1897293">
    <ele>156.084</ele>
    <time>2024-06-27T23:52:02.021793</time>
</trkpt>
<trkpt lat="48.7158594" lon="2.1896976">
    <ele>156.348</ele>
    <time>2024-06-27T23:52:02.021793</time>
</trkpt>
<trkpt lat="48.7160628" lon="2.1879181">
    <ele>157.347</ele>
    <time>2024-06-27T23:52:02.021793</time>
</trkpt>
<trkpt lat="48.7163761" lon="2.1849704">
    <ele>158.376</ele>
    <time>2024-06-27T23:52:02.021793</time>
</trkpt>
<trkpt lat="48.7163605" lon="2.1837549">
    <ele>158.679</ele>
    <time>2024-06-27T23:52:02.021793</time>
</trkpt>
<trkpt lat="48.715319" lon="2.1803804">
    <ele>156.137</ele>
    <time>2024-06-27T23:52:02.021793</time>
</trkpt>
<trkpt lat="48.7152585" lon="2.180256">
    <ele>156.202</ele>
    <time>2024-06-27T23:52:02.021793</time>
</trkpt>
<trkpt lat="48.7151541" lon="2.1800618">
    <ele>156.432</ele>
    <time>2024-06-27T23:52:02.022790</time>
</trkpt>
<trkpt lat="48.7154455" lon="2.1778538">
    <ele>154.798</ele>
    <time>2024-06-27T23:52:02.022790</time>
</trkpt>
<trkpt lat="48.7154517" lon="2.17777">
    <ele>154.719</ele>
    <time>2024-06-27T23:52:02.022790</time>
</trkpt>
<trkpt lat="48.7155573" lon="2.176022">
    <ele>155.298</ele>
    <time>2024-06-27T23:52:02.022790</time>
</trkpt>
<trkpt lat="48.7158832" lon="2.175682">
    <ele>155.054</ele>
    <time>2024-06-27T23:52:02.022790</time>
</trkpt>
<trkpt lat="48.7159448" lon="2.1756839">
    <ele>155.104</ele>
    <time>2024-06-27T23:52:02.022790</time>
</trkpt>
<trkpt lat="48.7163247" lon="2.1749445">
    <ele>156.195</ele>
    <time>2024-06-27T23:52:02.022790</time>
</trkpt>
<trkpt lat="48.7159179" lon="2.174449">
    <ele>154.636</ele>
    <time>2024-06-27T23:52:02.022790</time>
</trkpt>
<trkpt lat="48.7158035" lon="2.1744694">
    <ele>154.44</ele>
    <time>2024-06-27T23:52:02.022790</time>
</trkpt>
<trkpt lat="48.7153857" lon="2.174234">
    <ele>152.963</ele>
    <time>2024-06-27T23:52:02.022790</time>
</trkpt>
<trkpt lat="48.7149945" lon="2.1736265">
    <ele>150.686</ele>
    <time>2024-06-27T23:52:02.022790</time>
</trkpt>
<trkpt lat="48.7148187" lon="2.1730738">
    <ele>151.985</ele>
    <time>2024-06-27T23:52:02.022790</time>
</trkpt>
<trkpt lat="48.7148596" lon="2.1727858">
    <ele>151.688</ele>
    <time>2024-06-27T23:52:02.022790</time>
</trkpt>
<trkpt lat="48.7153623" lon="2.1732814">
    <ele>149.188</ele>
    <time>2024-06-27T23:52:02.022790</time>
</trkpt>
<trkpt lat="48.7072189" lon="2.1907881">
    <ele>82.879</ele>
    <time>2024-06-27T23:52:02.022790</time>
</trkpt>
<trkpt lat="48.7032287" lon="2.192999">
    <ele>62.848</ele>
    <time>2024-06-27T23:52:02.022790</time>
</trkpt>
<trkpt lat="48.7005396" lon="2.1916581">
    <ele>57.488</ele>
    <time>2024-06-27T23:52:02.022790</time>
</trkpt>
<trkpt lat="48.7004678" lon="2.1916469">
    <ele>57.801</ele>
    <time>2024-06-27T23:52:02.022790</time>
</trkpt>
<trkpt lat="48.7004441" lon="2.191625">
    <ele>57.959</ele>
    <time>2024-06-27T23:52:02.022790</time>
</trkpt>
<trkpt lat="48.7003954" lon="2.191462">
    <ele>58.363</ele>
    <time>2024-06-27T23:52:02.022790</time>
</trkpt>
<trkpt lat="48.7003883" lon="2.1910453">
    <ele>58.753</ele>
    <time>2024-06-27T23:52:02.023788</time>
</trkpt>
<trkpt lat="48.7004186" lon="2.1908945">
    <ele>58.359</ele>
    <time>2024-06-27T23:52:02.023906</time>
</trkpt>
<trkpt lat="48.7004199" lon="2.1907516">
    <ele>58.058</ele>
    <time>2024-06-27T23:52:02.023906</time>
</trkpt>
<trkpt lat="48.7004229" lon="2.189852">
    <ele>58.101</ele>
    <time>2024-06-27T23:52:02.023906</time>
</trkpt>
<trkpt lat="48.7004122" lon="2.1894738">
    <ele>58.303</ele>
    <time>2024-06-27T23:52:02.023906</time>
</trkpt>
<trkpt lat="48.7003435" lon="2.18898">
    <ele>58.328</ele>
    <time>2024-06-27T23:52:02.023906</time>
</trkpt>
<trkpt lat="48.7003244" lon="2.1881664">
    <ele>58.713</ele>
    <time>2024-06-27T23:52:02.023906</time>
</trkpt>
<trkpt lat="48.7002799" lon="2.188166">
    <ele>58.857</ele>
    <time>2024-06-27T23:52:02.023906</time>
</trkpt>
<trkpt lat="48.7000289" lon="2.1881787">
    <ele>59.77</ele>
    <time>2024-06-27T23:52:02.023906</time>
</trkpt>
<trkpt lat="48.6996998" lon="2.1881623">
    <ele>61.996</ele>
    <time>2024-06-27T23:52:02.023906</time>
</trkpt>
<trkpt lat="48.6994579" lon="2.1880731">
    <ele>63.255</ele>
    <time>2024-06-27T23:52:02.023906</time>
</trkpt>
<trkpt lat="48.6992392" lon="2.1879596">
    <ele>64.741</ele>
    <time>2024-06-27T23:52:02.023906</time>
</trkpt>
<trkpt lat="48.6991753" lon="2.1879309">
    <ele>65.346</ele>
    <time>2024-06-27T23:52:02.024783</time>
</trkpt>
<trkpt lat="48.6989977" lon="2.1878481">
    <ele>66.825</ele>
    <time>2024-06-27T23:52:02.024783</time>
</trkpt>
<trkpt lat="48.6989608" lon="2.1878308">
    <ele>67.084</ele>
    <time>2024-06-27T23:52:02.024783</time>
</trkpt>
<trkpt lat="48.6986534" lon="2.187635">
    <ele>69.22</ele>
    <time>2024-06-27T23:52:02.024783</time>
</trkpt>
<trkpt lat="48.6986177" lon="2.187604">
    <ele>69.423</ele>
    <time>2024-06-27T23:52:02.024783</time>
</trkpt>
<trkpt lat="48.6984152" lon="2.1873822">
    <ele>72.164</ele>
    <time>2024-06-27T23:52:02.024783</time>
</trkpt>
<trkpt lat="48.6980042" lon="2.1867585">
    <ele>76.679</ele>
    <time>2024-06-27T23:52:02.024783</time>
</trkpt>
<trkpt lat="48.6977944" lon="2.187731">
    <ele>78.973</ele>
    <time>2024-06-27T23:52:02.024783</time>
</trkpt>
<trkpt lat="48.6977353" lon="2.1877386">
    <ele>79.204</ele>
    <time>2024-06-27T23:52:02.024783</time>
</trkpt>
<trkpt lat="48.6969639" lon="2.1870427">
    <ele>84.335</ele>
    <time>2024-06-27T23:52:02.024783</time>
</trkpt>
<trkpt lat="48.6968531" lon="2.1871581">
    <ele>85.23</ele>
    <time>2024-06-27T23:52:02.024783</time>
</trkpt>
<trkpt lat="48.6968255" lon="2.1880571">
    <ele>84.972</ele>
    <time>2024-06-27T23:52:02.024783</time>
</trkpt>
<trkpt lat="48.6968124" lon="2.1884147">
    <ele>85.403</ele>
    <time>2024-06-27T23:52:02.025781</time>
</trkpt>
<trkpt lat="48.696807" lon="2.1891648">
    <ele>85.406</ele>
    <time>2024-06-27T23:52:02.025781</time>
</trkpt>
<trkpt lat="48.6966813" lon="2.1894975">
    <ele>86.653</ele>
    <time>2024-06-27T23:52:02.025781</time>
</trkpt>
<trkpt lat="48.6962419" lon="2.1895494">
    <ele>90.259</ele>
    <time>2024-06-27T23:52:02.025781</time>
</trkpt>
<trkpt lat="48.6947751" lon="2.1906537">
    <ele>97.28</ele>
    <time>2024-06-27T23:52:02.025781</time>
</trkpt>
<trkpt lat="48.6946206" lon="2.1908154">
    <ele>98.721</ele>
    <time>2024-06-27T23:52:02.025781</time>
</trkpt>
<trkpt lat="48.6944827" lon="2.1909575">
    <ele>99.819</ele>
    <time>2024-06-27T23:52:02.025781</time>
</trkpt>
<trkpt lat="48.6943849" lon="2.1909982">
    <ele>101.195</ele>
    <time>2024-06-27T23:52:02.025781</time>
</trkpt>
<trkpt lat="48.694284" lon="2.191065">
    <ele>102.631</ele>
    <time>2024-06-27T23:52:02.025781</time>
</trkpt>
<trkpt lat="48.6942848" lon="2.1911066">
    <ele>102.767</ele>
    <time>2024-06-27T23:52:02.025781</time>
</trkpt>
<trkpt lat="48.6939381" lon="2.1913287">
    <ele>107.512</ele>
    <time>2024-06-27T23:52:02.025781</time>
</trkpt>
<trkpt lat="48.6936226" lon="2.1901759">
    <ele>108.349</ele>
    <time>2024-06-27T23:52:02.025781</time>
</trkpt>
<trkpt lat="48.6874961" lon="2.1897383">
    <ele>153.006</ele>
    <time>2024-06-27T23:52:02.042736</time>
</trkpt>
<trkpt lat="48.6929598" lon="2.1898575">
    <ele>125.425</ele>
    <time>2024-06-27T23:52:02.042736</time>
</trkpt>
<trkpt lat="48.6936226" lon="2.1901759">
    <ele>108.349</ele>
    <time>2024-06-27T23:52:02.042736</time>
</trkpt>
<trkpt lat="48.6939381" lon="2.1913287">
    <ele>107.512</ele>
    <time>2024-06-27T23:52:02.042736</time>
</trkpt>
<trkpt lat="48.6942848" lon="2.1911066">
    <ele>102.767</ele>
    <time>2024-06-27T23:52:02.042736</time>
</trkpt>
<trkpt lat="48.694284" lon="2.191065">
    <ele>102.631</ele>
    <time>2024-06-27T23:52:02.042736</time>
</trkpt>
<trkpt lat="48.6943849" lon="2.1909982">
    <ele>101.195</ele>
    <time>2024-06-27T23:52:02.042736</time>
</trkpt>
<trkpt lat="48.6944851" lon="2.1911044">
    <ele>99.693</ele>
    <time>2024-06-27T23:52:02.043733</time>
</trkpt>
<trkpt lat="48.6962605" lon="2.1920263">
    <ele>89.767</ele>
    <time>2024-06-27T23:52:02.043733</time>
</trkpt>
<trkpt lat="48.6962708" lon="2.1926823">
    <ele>89.581</ele>
    <time>2024-06-27T23:52:02.043733</time>
</trkpt>
<trkpt lat="48.6963162" lon="2.193468">
    <ele>88.673</ele>
    <time>2024-06-27T23:52:02.043733</time>
</trkpt>
<trkpt lat="48.6963118" lon="2.1937351">
    <ele>88.137</ele>
    <time>2024-06-27T23:52:02.043733</time>
</trkpt>
<trkpt lat="48.6963283" lon="2.1945878">
    <ele>89.442</ele>
    <time>2024-06-27T23:52:02.043733</time>
</trkpt>
<trkpt lat="48.6963452" lon="2.1951993">
    <ele>91.196</ele>
    <time>2024-06-27T23:52:02.043733</time>
</trkpt>
<trkpt lat="48.696386" lon="2.1966682">
    <ele>90.338</ele>
    <time>2024-06-27T23:52:02.043733</time>
</trkpt>
<trkpt lat="48.6964378" lon="2.1984815">
    <ele>88.14</ele>
    <time>2024-06-27T23:52:02.043733</time>
</trkpt>
<trkpt lat="48.6965975" lon="2.1993208">
    <ele>85.327</ele>
    <time>2024-06-27T23:52:02.043733</time>
</trkpt>
<trkpt lat="48.6977297" lon="2.1992899">
    <ele>77.219</ele>
    <time>2024-06-27T23:52:02.043733</time>
</trkpt>
<trkpt lat="48.697809" lon="2.2029217">
    <ele>78.775</ele>
    <time>2024-06-27T23:52:02.044730</time>
</trkpt>
<trkpt lat="48.697713" lon="2.2030382">
    <ele>79.471</ele>
    <time>2024-06-27T23:52:02.044730</time>
</trkpt>
<trkpt lat="48.6977783" lon="2.2032461">
    <ele>79.664</ele>
    <time>2024-06-27T23:52:02.044730</time>
</trkpt>
<trkpt lat="48.6977799" lon="2.2033834">
    <ele>79.997</ele>
    <time>2024-06-27T23:52:02.044730</time>
</trkpt>
<trkpt lat="48.6978107" lon="2.2034026">
    <ele>79.918</ele>
    <time>2024-06-27T23:52:02.044730</time>
</trkpt>
<trkpt lat="48.6985924" lon="2.2060738">
    <ele>83.739</ele>
    <time>2024-06-27T23:52:02.044730</time>
</trkpt>
<trkpt lat="48.6986221" lon="2.2061919">
    <ele>83.536</ele>
    <time>2024-06-27T23:52:02.044730</time>
</trkpt>
<trkpt lat="48.6987919" lon="2.2068695">
    <ele>83.934</ele>
    <time>2024-06-27T23:52:02.044730</time>
</trkpt>
<trkpt lat="48.6989115" lon="2.2075933">
    <ele>82.053</ele>
    <time>2024-06-27T23:52:02.044730</time>
</trkpt>
<trkpt lat="48.6989912" lon="2.2080465">
    <ele>80.335</ele>
    <time>2024-06-27T23:52:02.044730</time>
</trkpt>
<trkpt lat="48.6990236" lon="2.2082831">
    <ele>79.584</ele>
    <time>2024-06-27T23:52:02.044730</time>
</trkpt>
<trkpt lat="48.6993492" lon="2.2100722">
    <ele>74.63</ele>
    <time>2024-06-27T23:52:02.044730</time>
</trkpt>
<trkpt lat="48.7000807" lon="2.2126133">
    <ele>67.485</ele>
    <time>2024-06-27T23:52:02.045728</time>
</trkpt>
<trkpt lat="48.7000308" lon="2.2135891">
    <ele>65.312</ele>
    <time>2024-06-27T23:52:02.045728</time>
</trkpt>
<trkpt lat="48.7000001" lon="2.2140287">
    <ele>64.676</ele>
    <time>2024-06-27T23:52:02.045728</time>
</trkpt>
<trkpt lat="48.6999469" lon="2.214977">
    <ele>65.489</ele>
    <time>2024-06-27T23:52:02.045728</time>
</trkpt>
<trkpt lat="48.6999391" lon="2.2153312">
    <ele>66.074</ele>
    <time>2024-06-27T23:52:02.045728</time>
</trkpt>
<trkpt lat="48.6999463" lon="2.2155464">
    <ele>66.297</ele>
    <time>2024-06-27T23:52:02.045728</time>
</trkpt>
<trkpt lat="48.700045" lon="2.2170093">
    <ele>65.295</ele>
    <time>2024-06-27T23:52:02.045728</time>
</trkpt>
<trkpt lat="48.7003154" lon="2.2180481">
    <ele>63.16</ele>
    <time>2024-06-27T23:52:02.045728</time>
</trkpt>
<trkpt lat="48.7003786" lon="2.2182189">
    <ele>62.759</ele>
    <time>2024-06-27T23:52:02.045728</time>
</trkpt>
<trkpt lat="48.7007343" lon="2.2191325">
    <ele>61.971</ele>
    <time>2024-06-27T23:52:02.045728</time>
</trkpt>
<trkpt lat="48.7014589" lon="2.2206761">
    <ele>55.945</ele>
    <time>2024-06-27T23:52:02.045728</time>
</trkpt>
<trkpt lat="48.7025517" lon="2.2214172">
    <ele>56.979</ele>
    <time>2024-06-27T23:52:02.046725</time>
</trkpt>
<trkpt lat="48.702664" lon="2.2215486">
    <ele>57.416</ele>
    <time>2024-06-27T23:52:02.046725</time>
</trkpt>
<trkpt lat="48.7034795" lon="2.2240219">
    <ele>64.828</ele>
    <time>2024-06-27T23:52:02.046725</time>
</trkpt>
<trkpt lat="48.7035555" lon="2.2242576">
    <ele>66.505</ele>
    <time>2024-06-27T23:52:02.046725</time>
</trkpt>
<trkpt lat="48.7036566" lon="2.225355">
    <ele>67.547</ele>
    <time>2024-06-27T23:52:02.046725</time>
</trkpt>
<trkpt lat="48.7037061" lon="2.2261212">
    <ele>67.914</ele>
    <time>2024-06-27T23:52:02.046725</time>
</trkpt>
<trkpt lat="48.7037285" lon="2.2265131">
    <ele>68.44</ele>
    <time>2024-06-27T23:52:02.046725</time>
</trkpt>
<trkpt lat="48.703777" lon="2.2277446">
    <ele>69.536</ele>
    <time>2024-06-27T23:52:02.046725</time>
</trkpt>
<trkpt lat="48.7037875" lon="2.2279288">
    <ele>69.801</ele>
    <time>2024-06-27T23:52:02.046725</time>
</trkpt>
<trkpt lat="48.7039218" lon="2.2300941">
    <ele>70.217</ele>
    <time>2024-06-27T23:52:02.047730</time>
</trkpt>
<trkpt lat="48.7038966" lon="2.2309426">
    <ele>72.828</ele>
    <time>2024-06-27T23:52:02.047730</time>
</trkpt>
<trkpt lat="48.704045" lon="2.2329923">
    <ele>75.766</ele>
    <time>2024-06-27T23:52:02.047730</time>
</trkpt>
<trkpt lat="48.7041477" lon="2.2335435">
    <ele>76.035</ele>
    <time>2024-06-27T23:52:02.047730</time>
</trkpt>
<trkpt lat="48.7042151" lon="2.2337748">
    <ele>76.321</ele>
    <time>2024-06-27T23:52:02.047730</time>
</trkpt>
<trkpt lat="48.7042828" lon="2.233978">
    <ele>76.541</ele>
    <time>2024-06-27T23:52:02.047730</time>
</trkpt>
<trkpt lat="48.7053969" lon="2.2361878">
    <ele>79.776</ele>
    <time>2024-06-27T23:52:02.047730</time>
</trkpt>
<trkpt lat="48.7055544" lon="2.2364901">
    <ele>79.355</ele>
    <time>2024-06-27T23:52:02.047730</time>
</trkpt>
<trkpt lat="48.7063852" lon="2.2381069">
    <ele>76.296</ele>
    <time>2024-06-27T23:52:02.047730</time>
</trkpt>
<trkpt lat="48.7067826" lon="2.2389484">
    <ele>72.633</ele>
    <time>2024-06-27T23:52:02.047730</time>
</trkpt>
<trkpt lat="48.7060912" lon="2.240307">
    <ele>64.632</ele>
    <time>2024-06-27T23:52:02.048721</time>
</trkpt>
<trkpt lat="48.7050321" lon="2.2422693">
    <ele>51.854</ele>
    <time>2024-06-27T23:52:02.048721</time>
</trkpt>
<trkpt lat="48.7048606" lon="2.2421299">
    <ele>52.657</ele>
    <time>2024-06-27T23:52:02.048721</time>
</trkpt>
<trkpt lat="48.7041664" lon="2.2425898">
    <ele>51.952</ele>
    <time>2024-06-27T23:52:02.048721</time>
</trkpt>
<trkpt lat="48.7039722" lon="2.2427626">
    <ele>51.735</ele>
    <time>2024-06-27T23:52:02.048721</time>
</trkpt>
<trkpt lat="48.7032698" lon="2.2430815">
    <ele>54.66</ele>
    <time>2024-06-27T23:52:02.048721</time>
</trkpt>
<trkpt lat="48.7029587" lon="2.2432553">
    <ele>56.367</ele>
    <time>2024-06-27T23:52:02.048721</time>
</trkpt>
<trkpt lat="48.7031726" lon="2.2441712">
    <ele>57.852</ele>
    <time>2024-06-27T23:52:02.048721</time>
</trkpt>
<trkpt lat="48.7033176" lon="2.2447394">
    <ele>59.021</ele>
    <time>2024-06-27T23:52:02.048721</time>
</trkpt>
<trkpt lat="48.7032135" lon="2.2448396">
    <ele>60.501</ele>
    <time>2024-06-27T23:52:02.048721</time>
</trkpt>
<trkpt lat="48.7030786" lon="2.2449741">
    <ele>61.658</ele>
    <time>2024-06-27T23:52:02.048721</time>
</trkpt>
<trkpt lat="48.7026842" lon="2.2453666">
    <ele>68.867</ele>
    <time>2024-06-27T23:52:02.049718</time>
</trkpt>
<trkpt lat="48.7022932" lon="2.2457043">
    <ele>73.962</ele>
    <time>2024-06-27T23:52:02.049718</time>
</trkpt>
<trkpt lat="48.7020972" lon="2.2458766">
    <ele>77.256</ele>
    <time>2024-06-27T23:52:02.049718</time>
</trkpt>
<trkpt lat="48.7017091" lon="2.2462324">
    <ele>81.852</ele>
    <time>2024-06-27T23:52:02.049718</time>
</trkpt>
<trkpt lat="48.7008498" lon="2.2454688">
    <ele>81.268</ele>
    <time>2024-06-27T23:52:02.049718</time>
</trkpt>
<trkpt lat="48.7007565" lon="2.2455894">
    <ele>82.162</ele>
    <time>2024-06-27T23:52:02.049718</time>
</trkpt>
<trkpt lat="48.7005609" lon="2.2457057">
    <ele>81.985</ele>
    <time>2024-06-27T23:52:02.049718</time>
</trkpt>
<trkpt lat="48.6992582" lon="2.2461042">
    <ele>91.107</ele>
    <time>2024-06-27T23:52:02.049718</time>
</trkpt>
<trkpt lat="48.6992235" lon="2.2461003">
    <ele>91.317</ele>
    <time>2024-06-27T23:52:02.049718</time>
</trkpt>
<trkpt lat="48.6990168" lon="2.246077">
    <ele>92.34</ele>
    <time>2024-06-27T23:52:02.049718</time>
</trkpt>
<trkpt lat="48.6987134" lon="2.2459783">
    <ele>93.479</ele>
    <time>2024-06-27T23:52:02.049718</time>
</trkpt>
<trkpt lat="48.6977046" lon="2.2463974">
    <ele>93.133</ele>
    <time>2024-06-27T23:52:02.049718</time>
</trkpt>
<trkpt lat="48.6974557" lon="2.2465398">
    <ele>92.241</ele>
    <time>2024-06-27T23:52:02.050714</time>
</trkpt>
<trkpt lat="48.6972338" lon="2.246695">
    <ele>91.731</ele>
    <time>2024-06-27T23:52:02.050714</time>
</trkpt>
<trkpt lat="48.6957775" lon="2.2474399">
    <ele>88.695</ele>
    <time>2024-06-27T23:52:02.050714</time>
</trkpt>
<trkpt lat="48.6927215" lon="2.2462306">
    <ele>89.456</ele>
    <time>2024-06-27T23:52:02.050714</time>
</trkpt>
<trkpt lat="48.6922991" lon="2.2462734">
    <ele>89.514</ele>
    <time>2024-06-27T23:52:02.050714</time>
</trkpt>
<trkpt lat="48.6909283" lon="2.2467551">
    <ele>89.967</ele>
    <time>2024-06-27T23:52:02.050714</time>
</trkpt>
<trkpt lat="48.6918202" lon="2.249574">
    <ele>82.094</ele>
    <time>2024-06-27T23:52:02.050714</time>
</trkpt>
<trkpt lat="48.6918526" lon="2.2496583">
    <ele>81.943</ele>
    <time>2024-06-27T23:52:02.050714</time>
</trkpt>
<trkpt lat="48.6923855" lon="2.2492852">
    <ele>82.417</ele>
    <time>2024-06-27T23:52:02.050714</time>
</trkpt>
<trkpt lat="48.6926121" lon="2.2490868">
    <ele>84.025</ele>
    <time>2024-06-27T23:52:02.050714</time>
</trkpt>
<trkpt lat="48.6926199" lon="2.2482334">
    <ele>85.839</ele>
    <time>2024-06-27T23:52:02.050714</time>
</trkpt>
<trkpt lat="48.6927215" lon="2.2462306">
    <ele>89.456</ele>
    <time>2024-06-27T23:52:02.050714</time>
</trkpt>
<trkpt lat="48.6957775" lon="2.2474399">
    <ele>88.695</ele>
    <time>2024-06-27T23:52:02.050714</time>
</trkpt>
<trkpt lat="48.6972338" lon="2.246695">
    <ele>91.731</ele>
    <time>2024-06-27T23:52:02.051712</time>
</trkpt>
<trkpt lat="48.6974557" lon="2.2465398">
    <ele>92.241</ele>
    <time>2024-06-27T23:52:02.051712</time>
</trkpt>
<trkpt lat="48.6977046" lon="2.2463974">
    <ele>93.133</ele>
    <time>2024-06-27T23:52:02.051712</time>
</trkpt>
<trkpt lat="48.6987134" lon="2.2459783">
    <ele>93.479</ele>
    <time>2024-06-27T23:52:02.051712</time>
</trkpt>
<trkpt lat="48.6990168" lon="2.246077">
    <ele>92.34</ele>
    <time>2024-06-27T23:52:02.051712</time>
</trkpt>
<trkpt lat="48.6992235" lon="2.2461003">
    <ele>91.317</ele>
    <time>2024-06-27T23:52:02.051712</time>
</trkpt>
<trkpt lat="48.6992582" lon="2.2461042">
    <ele>91.107</ele>
    <time>2024-06-27T23:52:02.051712</time>
</trkpt>
<trkpt lat="48.7005609" lon="2.2457057">
    <ele>81.985</ele>
    <time>2024-06-27T23:52:02.051712</time>
</trkpt>
<trkpt lat="48.7007565" lon="2.2455894">
    <ele>82.162</ele>
    <time>2024-06-27T23:52:02.051712</time>
</trkpt>
<trkpt lat="48.7008498" lon="2.2454688">
    <ele>81.268</ele>
    <time>2024-06-27T23:52:02.051712</time>
</trkpt>
<trkpt lat="48.7008663" lon="2.2454324">
    <ele>81.99</ele>
    <time>2024-06-27T23:52:02.051712</time>
</trkpt>
<trkpt lat="48.7009473" lon="2.2450928">
    <ele>80.15</ele>
    <time>2024-06-27T23:52:02.051712</time>
</trkpt>
<trkpt lat="48.7015225" lon="2.2442465">
    <ele>71.627</ele>
    <time>2024-06-27T23:52:02.052709</time>
</trkpt>
<trkpt lat="48.7018802" lon="2.2437099">
    <ele>66.82</ele>
    <time>2024-06-27T23:52:02.052709</time>
</trkpt>
<trkpt lat="48.7023694" lon="2.2442812">
    <ele>65.064</ele>
    <time>2024-06-27T23:52:02.052709</time>
</trkpt>
<trkpt lat="48.7029587" lon="2.2432553">
    <ele>56.367</ele>
    <time>2024-06-27T23:52:02.052709</time>
</trkpt>
<trkpt lat="48.7032698" lon="2.2430815">
    <ele>54.66</ele>
    <time>2024-06-27T23:52:02.052709</time>
</trkpt>
<trkpt lat="48.7039722" lon="2.2427626">
    <ele>51.735</ele>
    <time>2024-06-27T23:52:02.052709</time>
</trkpt>
<trkpt lat="48.704123" lon="2.2428387">
    <ele>51.529</ele>
    <time>2024-06-27T23:52:02.052709</time>
</trkpt>
<trkpt lat="48.7041841" lon="2.2426558">
    <ele>51.745</ele>
    <time>2024-06-27T23:52:02.052709</time>
</trkpt>
<trkpt lat="48.7041664" lon="2.2425898">
    <ele>51.952</ele>
    <time>2024-06-27T23:52:02.052709</time>
</trkpt>
<trkpt lat="48.7048606" lon="2.2421299">
    <ele>52.657</ele>
    <time>2024-06-27T23:52:02.052709</time>
</trkpt>
<trkpt lat="48.7034414" lon="2.2402154">
    <ele>51.997</ele>
    <time>2024-06-27T23:52:02.052709</time>
</trkpt>
<trkpt lat="48.7028889" lon="2.2395649">
    <ele>52.532</ele>
    <time>2024-06-27T23:52:02.052709</time>
</trkpt>
<trkpt lat="48.7024187" lon="2.2387688">
    <ele>52.196</ele>
    <time>2024-06-27T23:52:02.052709</time>
</trkpt>
<trkpt lat="48.7020636" lon="2.2377572">
    <ele>51.505</ele>
    <time>2024-06-27T23:52:02.053706</time>
</trkpt>
<trkpt lat="48.702742" lon="2.2374523">
    <ele>57.26</ele>
    <time>2024-06-27T23:52:02.053706</time>
</trkpt>
<trkpt lat="48.7030062" lon="2.2372247">
    <ele>60.422</ele>
    <time>2024-06-27T23:52:02.053706</time>
</trkpt>
<trkpt lat="48.7035159" lon="2.2374079">
    <ele>64.582</ele>
    <time>2024-06-27T23:52:02.053706</time>
</trkpt>
<trkpt lat="48.703561" lon="2.2374259">
    <ele>64.758</ele>
    <time>2024-06-27T23:52:02.053706</time>
</trkpt>
<trkpt lat="48.7047138" lon="2.2378711">
    <ele>71.834</ele>
    <time>2024-06-27T23:52:02.053706</time>
</trkpt>
<trkpt lat="48.7052637" lon="2.2381948">
    <ele>72.094</ele>
    <time>2024-06-27T23:52:02.053706</time>
</trkpt>
<trkpt lat="48.705583" lon="2.2384025">
    <ele>72.642</ele>
    <time>2024-06-27T23:52:02.053706</time>
</trkpt>
<trkpt lat="48.7067826" lon="2.2389484">
    <ele>72.633</ele>
    <time>2024-06-27T23:52:02.053706</time>
</trkpt>
<trkpt lat="48.707505" lon="2.2375945">
    <ele>85.521</ele>
    <time>2024-06-27T23:52:02.053706</time>
</trkpt>
<trkpt lat="48.7077102" lon="2.2374864">
    <ele>86.214</ele>
    <time>2024-06-27T23:52:02.053706</time>
</trkpt>
<trkpt lat="48.7094683" lon="2.2384">
    <ele>81.648</ele>
    <time>2024-06-27T23:52:02.053706</time>
</trkpt>
<trkpt lat="48.709455" lon="2.2392432">
    <ele>75.807</ele>
    <time>2024-06-27T23:52:02.054704</time>
</trkpt>
<trkpt lat="48.7094593" lon="2.2394153">
    <ele>74.276</ele>
    <time>2024-06-27T23:52:02.054704</time>
</trkpt>
<trkpt lat="48.7094999" lon="2.2404298">
    <ele>67.871</ele>
    <time>2024-06-27T23:52:02.054704</time>
</trkpt>
<trkpt lat="48.7094083" lon="2.2408218">
    <ele>64.845</ele>
    <time>2024-06-27T23:52:02.054704</time>
</trkpt>
<trkpt lat="48.7087648" lon="2.2405867">
    <ele>67.367</ele>
    <time>2024-06-27T23:52:02.054704</time>
</trkpt>
<trkpt lat="48.7084643" lon="2.2413054">
    <ele>63.392</ele>
    <time>2024-06-27T23:52:02.054704</time>
</trkpt>
<trkpt lat="48.7086055" lon="2.2415032">
    <ele>61.634</ele>
    <time>2024-06-27T23:52:02.054704</time>
</trkpt>
<trkpt lat="48.7096436" lon="2.242957">
    <ele>57.052</ele>
    <time>2024-06-27T23:52:02.054704</time>
</trkpt>
<trkpt lat="48.7097683" lon="2.2431145">
    <ele>57.412</ele>
    <time>2024-06-27T23:52:02.054704</time>
</trkpt>
<trkpt lat="48.7102361" lon="2.2436549">
    <ele>58.962</ele>
    <time>2024-06-27T23:52:02.054704</time>
</trkpt>
<trkpt lat="48.7104512" lon="2.2438967">
    <ele>60.789</ele>
    <time>2024-06-27T23:52:02.054704</time>
</trkpt>
<trkpt lat="48.7115741" lon="2.2449138">
    <ele>66.4</ele>
    <time>2024-06-27T23:52:02.055701</time>
</trkpt>
<trkpt lat="48.7116709" lon="2.2450001">
    <ele>66.7</ele>
    <time>2024-06-27T23:52:02.055701</time>
</trkpt>
<trkpt lat="48.7126753" lon="2.2458959">
    <ele>72.499</ele>
    <time>2024-06-27T23:52:02.055701</time>
</trkpt>
<trkpt lat="48.7126397" lon="2.246069">
    <ele>72.084</ele>
    <time>2024-06-27T23:52:02.055701</time>
</trkpt>
<trkpt lat="48.7125914" lon="2.2462417">
    <ele>71.378</ele>
    <time>2024-06-27T23:52:02.055701</time>
</trkpt>
<trkpt lat="48.712139" lon="2.2479043">
    <ele>63.839</ele>
    <time>2024-06-27T23:52:02.055701</time>
</trkpt>
<trkpt lat="48.7111194" lon="2.2477459">
    <ele>56.775</ele>
    <time>2024-06-27T23:52:02.055701</time>
</trkpt>
<trkpt lat="48.7110222" lon="2.2497144">
    <ele>55.455</ele>
    <time>2024-06-27T23:52:02.055701</time>
</trkpt>
<trkpt lat="48.711005" lon="2.2499577">
    <ele>55.691</ele>
    <time>2024-06-27T23:52:02.055701</time>
</trkpt>
<trkpt lat="48.710855" lon="2.2511497">
    <ele>55.445</ele>
    <time>2024-06-27T23:52:02.055701</time>
</trkpt>
<trkpt lat="48.7105876" lon="2.2526792">
    <ele>59.147</ele>
    <time>2024-06-27T23:52:02.055701</time>
</trkpt>
<trkpt lat="48.7102757" lon="2.2536312">
    <ele>58.609</ele>
    <time>2024-06-27T23:52:02.055701</time>
</trkpt>
<trkpt lat="48.7097685" lon="2.2542528">
    <ele>58.022</ele>
    <time>2024-06-27T23:52:02.056699</time>
</trkpt>
<trkpt lat="48.7087718" lon="2.2556305">
    <ele>56.43</ele>
    <time>2024-06-27T23:52:02.056699</time>
</trkpt>
<trkpt lat="48.7086689" lon="2.2558411">
    <ele>55.426</ele>
    <time>2024-06-27T23:52:02.056699</time>
</trkpt>
<trkpt lat="48.7087815" lon="2.256063">
    <ele>55.64</ele>
    <time>2024-06-27T23:52:02.056699</time>
</trkpt>
<trkpt lat="48.7090504" lon="2.2561165">
    <ele>57.616</ele>
    <time>2024-06-27T23:52:02.057106</time>
</trkpt>
<trkpt lat="48.7090807" lon="2.2561436">
    <ele>57.916</ele>
    <time>2024-06-27T23:52:02.057106</time>
</trkpt>
<trkpt lat="48.710688" lon="2.2566272">
    <ele>67.178</ele>
    <time>2024-06-27T23:52:02.057106</time>
</trkpt>
<trkpt lat="48.710739" lon="2.2566569">
    <ele>67.472</ele>
    <time>2024-06-27T23:52:02.057106</time>
</trkpt>
<trkpt lat="48.7128965" lon="2.2569073">
    <ele>74.987</ele>
    <time>2024-06-27T23:52:02.057106</time>
</trkpt>
<trkpt lat="48.7128673" lon="2.2570667">
    <ele>75.283</ele>
    <time>2024-06-27T23:52:02.057106</time>
</trkpt>
<trkpt lat="48.7134571" lon="2.2576165">
    <ele>77.946</ele>
    <time>2024-06-27T23:52:02.057106</time>
</trkpt>
<trkpt lat="48.7136219" lon="2.2577503">
    <ele>78.431</ele>
    <time>2024-06-27T23:52:02.057695</time>
</trkpt>
<trkpt lat="48.7141374" lon="2.2583099">
    <ele>80.879</ele>
    <time>2024-06-27T23:52:02.057695</time>
</trkpt>
<trkpt lat="48.7141593" lon="2.2583884">
    <ele>80.978</ele>
    <time>2024-06-27T23:52:02.057695</time>
</trkpt>
<trkpt lat="48.7140181" lon="2.2587023">
    <ele>80.788</ele>
    <time>2024-06-27T23:52:02.057695</time>
</trkpt>
<trkpt lat="48.7139491" lon="2.2588667">
    <ele>81.29</ele>
    <time>2024-06-27T23:52:02.057695</time>
</trkpt>
<trkpt lat="48.713091" lon="2.2607284">
    <ele>88.04</ele>
    <time>2024-06-27T23:52:02.057695</time>
</trkpt>
<trkpt lat="48.712207" lon="2.2626012">
    <ele>91.99</ele>
    <time>2024-06-27T23:52:02.057695</time>
</trkpt>
<trkpt lat="48.7119887" lon="2.2630509">
    <ele>90.79</ele>
    <time>2024-06-27T23:52:02.057695</time>
</trkpt>
<trkpt lat="48.7108714" lon="2.2643612">
    <ele>81.495</ele>
    <time>2024-06-27T23:52:02.057695</time>
</trkpt>
<trkpt lat="48.7103891" lon="2.2637826">
    <ele>76.446</ele>
    <time>2024-06-27T23:52:02.057695</time>
</trkpt>
<trkpt lat="48.7101546" lon="2.2642357">
    <ele>77.102</ele>
    <time>2024-06-27T23:52:02.057695</time>
</trkpt>
<trkpt lat="48.7098921" lon="2.2651983">
    <ele>78.527</ele>
    <time>2024-06-27T23:52:02.057695</time>
</trkpt>
<trkpt lat="48.70939" lon="2.2670757">
    <ele>82.727</ele>
    <time>2024-06-27T23:52:02.058694</time>
</trkpt>
<trkpt lat="48.7089774" lon="2.2652454">
    <ele>73.885</ele>
    <time>2024-06-27T23:52:02.058694</time>
</trkpt>
<trkpt lat="48.7066326" lon="2.2621216">
    <ele>50.594</ele>
    <time>2024-06-27T23:52:02.058694</time>
</trkpt>
<trkpt lat="48.7055023" lon="2.2676085">
    <ele>49.237</ele>
    <time>2024-06-27T23:52:02.058694</time>
</trkpt>
<trkpt lat="48.7048642" lon="2.2690755">
    <ele>49.726</ele>
    <time>2024-06-27T23:52:02.058694</time>
</trkpt>
<trkpt lat="48.7042445" lon="2.2684869">
    <ele>47.275</ele>
    <time>2024-06-27T23:52:02.058694</time>
</trkpt>
<trkpt lat="48.7030163" lon="2.2708598">
    <ele>46.902</ele>
    <time>2024-06-27T23:52:02.058694</time>
</trkpt>
<trkpt lat="48.7029387" lon="2.270883">
    <ele>47.062</ele>
    <time>2024-06-27T23:52:02.058694</time>
</trkpt>
<trkpt lat="48.7029243" lon="2.2708856">
    <ele>47.117</ele>
    <time>2024-06-27T23:52:02.058694</time>
</trkpt>
<trkpt lat="48.7027633" lon="2.2709192">
    <ele>47.362</ele>
    <time>2024-06-27T23:52:02.058694</time>
</trkpt>
<trkpt lat="48.7000548" lon="2.2697198">
    <ele>48.483</ele>
    <time>2024-06-27T23:52:02.058694</time>
</trkpt>
<trkpt lat="48.6990529" lon="2.2688257">
    <ele>51.878</ele>
    <time>2024-06-27T23:52:02.058694</time>
</trkpt>
<trkpt lat="48.699021" lon="2.2688974">
    <ele>52.001</ele>
    <time>2024-06-27T23:52:02.059691</time>
</trkpt>
<trkpt lat="48.698958" lon="2.269037">
    <ele>52.135</ele>
    <time>2024-06-27T23:52:02.059691</time>
</trkpt>
<trkpt lat="48.6989326" lon="2.2691023">
    <ele>51.888</ele>
    <time>2024-06-27T23:52:02.059691</time>
</trkpt>
<trkpt lat="48.6961175" lon="2.2701923">
    <ele>47.171</ele>
    <time>2024-06-27T23:52:02.059691</time>
</trkpt>
<trkpt lat="48.6943489" lon="2.2746559">
    <ele>46.989</ele>
    <time>2024-06-27T23:52:02.059691</time>
</trkpt>
<trkpt lat="48.6953505" lon="2.2717276">
    <ele>48.342</ele>
    <time>2024-06-27T23:52:02.059691</time>
</trkpt>
<trkpt lat="48.6961175" lon="2.2701923">
    <ele>47.171</ele>
    <time>2024-06-27T23:52:02.059691</time>
</trkpt>
<trkpt lat="48.6989326" lon="2.2691023">
    <ele>51.888</ele>
    <time>2024-06-27T23:52:02.059691</time>
</trkpt>
<trkpt lat="48.7000324" lon="2.2697862">
    <ele>48.203</ele>
    <time>2024-06-27T23:52:02.059691</time>
</trkpt>
<trkpt lat="48.7000898" lon="2.2698239">
    <ele>48.325</ele>
    <time>2024-06-27T23:52:02.059691</time>
</trkpt>
<trkpt lat="48.7029243" lon="2.2708856">
    <ele>47.117</ele>
    <time>2024-06-27T23:52:02.059691</time>
</trkpt>
<trkpt lat="48.7029387" lon="2.270883">
    <ele>47.062</ele>
    <time>2024-06-27T23:52:02.060688</time>
</trkpt>
<trkpt lat="48.7030163" lon="2.2708598">
    <ele>46.902</ele>
    <time>2024-06-27T23:52:02.060688</time>
</trkpt>
<trkpt lat="48.7042445" lon="2.2684869">
    <ele>47.275</ele>
    <time>2024-06-27T23:52:02.060688</time>
</trkpt>
<trkpt lat="48.7048642" lon="2.2690755">
    <ele>49.726</ele>
    <time>2024-06-27T23:52:02.060688</time>
</trkpt>
<trkpt lat="48.7055023" lon="2.2676085">
    <ele>49.237</ele>
    <time>2024-06-27T23:52:02.060688</time>
</trkpt>
<trkpt lat="48.7066326" lon="2.2621216">
    <ele>50.594</ele>
    <time>2024-06-27T23:52:02.060688</time>
</trkpt>
<trkpt lat="48.7067641" lon="2.2616384">
    <ele>50.419</ele>
    <time>2024-06-27T23:52:02.060688</time>
</trkpt>
<trkpt lat="48.7071722" lon="2.2599313">
    <ele>51.846</ele>
    <time>2024-06-27T23:52:02.060688</time>
</trkpt>
<trkpt lat="48.7071151" lon="2.2598558">
    <ele>51.756</ele>
    <time>2024-06-27T23:52:02.060688</time>
</trkpt>
<trkpt lat="48.7069867" lon="2.2596983">
    <ele>51.661</ele>
    <time>2024-06-27T23:52:02.060688</time>
</trkpt>
<trkpt lat="48.7070004" lon="2.259449">
    <ele>51.825</ele>
    <time>2024-06-27T23:52:02.060688</time>
</trkpt>
<trkpt lat="48.707164" lon="2.2593289">
    <ele>51.932</ele>
    <time>2024-06-27T23:52:02.060688</time>
</trkpt>
<trkpt lat="48.7075066" lon="2.2591416">
    <ele>52.909</ele>
    <time>2024-06-27T23:52:02.061686</time>
</trkpt>
<trkpt lat="48.7077906" lon="2.2592542">
    <ele>54.874</ele>
    <time>2024-06-27T23:52:02.061686</time>
</trkpt>
<trkpt lat="48.7080882" lon="2.2589897">
    <ele>55.166</ele>
    <time>2024-06-27T23:52:02.061686</time>
</trkpt>
<trkpt lat="48.7080477" lon="2.2581878">
    <ele>52.659</ele>
    <time>2024-06-27T23:52:02.061686</time>
</trkpt>
<trkpt lat="48.7079647" lon="2.2575796">
    <ele>52.851</ele>
    <time>2024-06-27T23:52:02.061686</time>
</trkpt>
<trkpt lat="48.7080875" lon="2.2571646">
    <ele>54.16</ele>
    <time>2024-06-27T23:52:02.061686</time>
</trkpt>
<trkpt lat="48.7083482" lon="2.2565378">
    <ele>54.923</ele>
    <time>2024-06-27T23:52:02.061686</time>
</trkpt>
<trkpt lat="48.7086689" lon="2.2558411">
    <ele>55.426</ele>
    <time>2024-06-27T23:52:02.061686</time>
</trkpt>
<trkpt lat="48.7087718" lon="2.2556305">
    <ele>56.43</ele>
    <time>2024-06-27T23:52:02.061686</time>
</trkpt>
<trkpt lat="48.7097685" lon="2.2542528">
    <ele>58.022</ele>
    <time>2024-06-27T23:52:02.061686</time>
</trkpt>
<trkpt lat="48.7102757" lon="2.2536312">
    <ele>58.609</ele>
    <time>2024-06-27T23:52:02.061686</time>
</trkpt>
<trkpt lat="48.7105876" lon="2.2526792">
    <ele>59.147</ele>
    <time>2024-06-27T23:52:02.061686</time>
</trkpt>
<trkpt lat="48.710855" lon="2.2511497">
    <ele>55.445</ele>
    <time>2024-06-27T23:52:02.062683</time>
</trkpt>
<trkpt lat="48.711005" lon="2.2499577">
    <ele>55.691</ele>
    <time>2024-06-27T23:52:02.062683</time>
</trkpt>
<trkpt lat="48.7110222" lon="2.2497144">
    <ele>55.455</ele>
    <time>2024-06-27T23:52:02.062683</time>
</trkpt>
<trkpt lat="48.7111194" lon="2.2477459">
    <ele>56.775</ele>
    <time>2024-06-27T23:52:02.062683</time>
</trkpt>
<trkpt lat="48.7109752" lon="2.2466235">
    <ele>58.318</ele>
    <time>2024-06-27T23:52:02.062683</time>
</trkpt>
<trkpt lat="48.7113293" lon="2.2458639">
    <ele>63.711</ele>
    <time>2024-06-27T23:52:02.062683</time>
</trkpt>
<trkpt lat="48.7115741" lon="2.2449138">
    <ele>66.4</ele>
    <time>2024-06-27T23:52:02.062683</time>
</trkpt>
<trkpt lat="48.7104512" lon="2.2438967">
    <ele>60.789</ele>
    <time>2024-06-27T23:52:02.062683</time>
</trkpt>
<trkpt lat="48.7102361" lon="2.2436549">
    <ele>58.962</ele>
    <time>2024-06-27T23:52:02.062683</time>
</trkpt>
<trkpt lat="48.7097683" lon="2.2431145">
    <ele>57.412</ele>
    <time>2024-06-27T23:52:02.062683</time>
</trkpt>
<trkpt lat="48.7096436" lon="2.242957">
    <ele>57.052</ele>
    <time>2024-06-27T23:52:02.062683</time>
</trkpt>
<trkpt lat="48.7086055" lon="2.2415032">
    <ele>61.634</ele>
    <time>2024-06-27T23:52:02.063680</time>
</trkpt>
<trkpt lat="48.7084643" lon="2.2413054">
    <ele>63.392</ele>
    <time>2024-06-27T23:52:02.063680</time>
</trkpt>
<trkpt lat="48.7087648" lon="2.2405867">
    <ele>67.367</ele>
    <time>2024-06-27T23:52:02.063680</time>
</trkpt>
<trkpt lat="48.7075213" lon="2.2397308">
    <ele>71.281</ele>
    <time>2024-06-27T23:52:02.063680</time>
</trkpt>
<trkpt lat="48.7073948" lon="2.2396235">
    <ele>71.629</ele>
    <time>2024-06-27T23:52:02.063680</time>
</trkpt>
<trkpt lat="48.7070303" lon="2.2392499">
    <ele>72.935</ele>
    <time>2024-06-27T23:52:02.063680</time>
</trkpt>
<trkpt lat="48.7067826" lon="2.2389484">
    <ele>72.633</ele>
    <time>2024-06-27T23:52:02.063680</time>
</trkpt>
<trkpt lat="48.7063852" lon="2.2381069">
    <ele>76.296</ele>
    <time>2024-06-27T23:52:02.063680</time>
</trkpt>
<trkpt lat="48.7061756" lon="2.2366629">
    <ele>82.49</ele>
    <time>2024-06-27T23:52:02.063680</time>
</trkpt>
<trkpt lat="48.7050232" lon="2.2319234">
    <ele>84.878</ele>
    <time>2024-06-27T23:52:02.063680</time>
</trkpt>
<trkpt lat="48.7049231" lon="2.2288217">
    <ele>80.128</ele>
    <time>2024-06-27T23:52:02.064678</time>
</trkpt>
<trkpt lat="48.7047923" lon="2.2275312">
    <ele>77.017</ele>
    <time>2024-06-27T23:52:02.064678</time>
</trkpt>
<trkpt lat="48.7049296" lon="2.2253402">
    <ele>75.072</ele>
    <time>2024-06-27T23:52:02.064678</time>
</trkpt>
<trkpt lat="48.7054299" lon="2.218261">
    <ele>81.71</ele>
    <time>2024-06-27T23:52:02.064678</time>
</trkpt>
<trkpt lat="48.7055479" lon="2.2136154">
    <ele>82.173</ele>
    <time>2024-06-27T23:52:02.064678</time>
</trkpt>
<trkpt lat="48.7058355" lon="2.2120325">
    <ele>84.644</ele>
    <time>2024-06-27T23:52:02.064678</time>
</trkpt>
<trkpt lat="48.7058512" lon="2.2119052">
    <ele>84.708</ele>
    <time>2024-06-27T23:52:02.064678</time>
</trkpt>
<trkpt lat="48.7059005" lon="2.2108534">
    <ele>83.069</ele>
    <time>2024-06-27T23:52:02.064678</time>
</trkpt>
<trkpt lat="48.7045118" lon="2.2099085">
    <ele>69.245</ele>
    <time>2024-06-27T23:52:02.064678</time>
</trkpt>
<trkpt lat="48.70519" lon="2.2097708">
    <ele>73.379</ele>
    <time>2024-06-27T23:52:02.064678</time>
</trkpt>
<trkpt lat="48.7048044" lon="2.2088997">
    <ele>68.336</ele>
    <time>2024-06-27T23:52:02.065675</time>
</trkpt>
<trkpt lat="48.7042555" lon="2.2073003">
    <ele>62.376</ele>
    <time>2024-06-27T23:52:02.065675</time>
</trkpt>
<trkpt lat="48.7046281" lon="2.205963">
    <ele>67.434</ele>
    <time>2024-06-27T23:52:02.065675</time>
</trkpt>
<trkpt lat="48.7033511" lon="2.2045903">
    <ele>56.451</ele>
    <time>2024-06-27T23:52:02.065675</time>
</trkpt>
<trkpt lat="48.7029518" lon="2.2033996">
    <ele>56.504</ele>
    <time>2024-06-27T23:52:02.065675</time>
</trkpt>
<trkpt lat="48.7026964" lon="2.202638">
    <ele>56.835</ele>
    <time>2024-06-27T23:52:02.066121</time>
</trkpt>
<trkpt lat="48.7024888" lon="2.2017162">
    <ele>56.328</ele>
    <time>2024-06-27T23:52:02.066218</time>
</trkpt>
<trkpt lat="48.7022982" lon="2.2006178">
    <ele>56.253</ele>
    <time>2024-06-27T23:52:02.066320</time>
</trkpt>
<trkpt lat="48.7014929" lon="2.1979361">
    <ele>56.577</ele>
    <time>2024-06-27T23:52:02.066362</time>
</trkpt>
<trkpt lat="48.7027285" lon="2.1975145">
    <ele>56.559</ele>
    <time>2024-06-27T23:52:02.066362</time>
</trkpt>
<trkpt lat="48.7026698" lon="2.1970543">
    <ele>57.288</ele>
    <time>2024-06-27T23:52:02.066362</time>
</trkpt>
<trkpt lat="48.702696" lon="2.1962968">
    <ele>58.486</ele>
    <time>2024-06-27T23:52:02.066671</time>
</trkpt>
<trkpt lat="48.702659" lon="2.1957045">
    <ele>59.169</ele>
    <time>2024-06-27T23:52:02.066671</time>
</trkpt>
<trkpt lat="48.7025817" lon="2.1947072">
    <ele>59.413</ele>
    <time>2024-06-27T23:52:02.066671</time>
</trkpt>
<trkpt lat="48.7038768" lon="2.1940154">
    <ele>64.118</ele>
    <time>2024-06-27T23:52:02.066671</time>
</trkpt>
<trkpt lat="48.7038304" lon="2.1934259">
    <ele>64.95</ele>
    <time>2024-06-27T23:52:02.066671</time>
</trkpt>
<trkpt lat="48.703687" lon="2.1924311">
    <ele>69.246</ele>
    <time>2024-06-27T23:52:02.066671</time>
</trkpt>
<trkpt lat="48.7036116" lon="2.1923724">
    <ele>69.658</ele>
    <time>2024-06-27T23:52:02.066671</time>
</trkpt>
<trkpt lat="48.7033011" lon="2.1917811">
    <ele>71.614</ele>
    <time>2024-06-27T23:52:02.066671</time>
</trkpt>
<trkpt lat="48.7031971" lon="2.1916671">
    <ele>71.844</ele>
    <time>2024-06-27T23:52:02.066671</time>
</trkpt>
<trkpt lat="48.7030465" lon="2.1915639">
    <ele>71.874</ele>
    <time>2024-06-27T23:52:02.066671</time>
</trkpt>
<trkpt lat="48.7023833" lon="2.1908824">
    <ele>69.588</ele>
    <time>2024-06-27T23:52:02.066671</time>
</trkpt>
<trkpt lat="48.7022132" lon="2.1906884">
    <ele>68.901</ele>
    <time>2024-06-27T23:52:02.066671</time>
</trkpt>
<trkpt lat="48.7016823" lon="2.1900409">
    <ele>65.279</ele>
    <time>2024-06-27T23:52:02.067669</time>
</trkpt>
<trkpt lat="48.7012001" lon="2.1887601">
    <ele>62.75</ele>
    <time>2024-06-27T23:52:02.067669</time>
</trkpt>
<trkpt lat="48.7011818" lon="2.1887139">
    <ele>62.846</ele>
    <time>2024-06-27T23:52:02.067669</time>
</trkpt>
<trkpt lat="48.7007029" lon="2.1881482">
    <ele>59.33</ele>
    <time>2024-06-27T23:52:02.067669</time>
</trkpt>
<trkpt lat="48.7006828" lon="2.1881442">
    <ele>59.172</ele>
    <time>2024-06-27T23:52:02.067669</time>
</trkpt>
<trkpt lat="48.7003244" lon="2.1881664">
    <ele>58.713</ele>
    <time>2024-06-27T23:52:02.067669</time>
</trkpt>
<trkpt lat="48.7002799" lon="2.188166">
    <ele>58.857</ele>
    <time>2024-06-27T23:52:02.067669</time>
</trkpt>
<trkpt lat="48.7000289" lon="2.1881787">
    <ele>59.77</ele>
    <time>2024-06-27T23:52:02.067669</time>
</trkpt>
<trkpt lat="48.6996998" lon="2.1881623">
    <ele>61.996</ele>
    <time>2024-06-27T23:52:02.067669</time>
</trkpt>
<trkpt lat="48.6994579" lon="2.1880731">
    <ele>63.255</ele>
    <time>2024-06-27T23:52:02.067669</time>
</trkpt>
<trkpt lat="48.6992392" lon="2.1879596">
    <ele>64.741</ele>
    <time>2024-06-27T23:52:02.067669</time>
</trkpt>
<trkpt lat="48.6991753" lon="2.1879309">
    <ele>65.346</ele>
    <time>2024-06-27T23:52:02.068667</time>
</trkpt>
<trkpt lat="48.6989977" lon="2.1878481">
    <ele>66.825</ele>
    <time>2024-06-27T23:52:02.068667</time>
</trkpt>
<trkpt lat="48.6989608" lon="2.1878308">
    <ele>67.084</ele>
    <time>2024-06-27T23:52:02.068667</time>
</trkpt>
<trkpt lat="48.6986534" lon="2.187635">
    <ele>69.22</ele>
    <time>2024-06-27T23:52:02.068667</time>
</trkpt>
<trkpt lat="48.6986177" lon="2.187604">
    <ele>69.423</ele>
    <time>2024-06-27T23:52:02.068667</time>
</trkpt>
<trkpt lat="48.6984152" lon="2.1873822">
    <ele>72.164</ele>
    <time>2024-06-27T23:52:02.068667</time>
</trkpt>
<trkpt lat="48.6980042" lon="2.1867585">
    <ele>76.679</ele>
    <time>2024-06-27T23:52:02.068667</time>
</trkpt>
<trkpt lat="48.6979909" lon="2.1867395">
    <ele>76.78</ele>
    <time>2024-06-27T23:52:02.068667</time>
</trkpt>
<trkpt lat="48.6975683" lon="2.1860774">
    <ele>80.636</ele>
    <time>2024-06-27T23:52:02.068667</time>
</trkpt>
<trkpt lat="48.6968324" lon="2.1849448">
    <ele>88.188</ele>
    <time>2024-06-27T23:52:02.068667</time>
</trkpt>
<trkpt lat="48.696707" lon="2.1847371">
    <ele>88.304</ele>
    <time>2024-06-27T23:52:02.068667</time>
</trkpt>
<trkpt lat="48.6966555" lon="2.1845885">
    <ele>88.58</ele>
    <time>2024-06-27T23:52:02.068667</time>
</trkpt>
<trkpt lat="48.6966284" lon="2.1844325">
    <ele>89.079</ele>
    <time>2024-06-27T23:52:02.069664</time>
</trkpt>
<trkpt lat="48.6965644" lon="2.1841479">
    <ele>90.238</ele>
    <time>2024-06-27T23:52:02.069664</time>
</trkpt>
<trkpt lat="48.6964958" lon="2.1835046">
    <ele>91.54</ele>
    <time>2024-06-27T23:52:02.069664</time>
</trkpt>
<trkpt lat="48.6964451" lon="2.1830294">
    <ele>92.262</ele>
    <time>2024-06-27T23:52:02.069664</time>
</trkpt>
<trkpt lat="48.6963394" lon="2.1820078">
    <ele>93.391</ele>
    <time>2024-06-27T23:52:02.069664</time>
</trkpt>
<trkpt lat="48.6956651" lon="2.1822588">
    <ele>94.258</ele>
    <time>2024-06-27T23:52:02.069664</time>
</trkpt>
<trkpt lat="48.6956538" lon="2.1795409">
    <ele>85.314</ele>
    <time>2024-06-27T23:52:02.069664</time>
</trkpt>
<trkpt lat="48.6954158" lon="2.1764425">
    <ele>89.17</ele>
    <time>2024-06-27T23:52:02.069664</time>
</trkpt>
<trkpt lat="48.6952525" lon="2.1731295">
    <ele>88.689</ele>
    <time>2024-06-27T23:52:02.069664</time>
</trkpt>
<trkpt lat="48.6952074" lon="2.1721883">
    <ele>88.514</ele>
    <time>2024-06-27T23:52:02.069664</time>
</trkpt>
<trkpt lat="48.6952505" lon="2.1704768">
    <ele>92.019</ele>
    <time>2024-06-27T23:52:02.069664</time>
</trkpt>
<trkpt lat="48.6953901" lon="2.1702753">
    <ele>92.352</ele>
    <time>2024-06-27T23:52:02.070661</time>
</trkpt>
<trkpt lat="48.6957203" lon="2.1694627">
    <ele>89.779</ele>
    <time>2024-06-27T23:52:02.070661</time>
</trkpt>
<trkpt lat="48.6956085" lon="2.1693276">
    <ele>89.994</ele>
    <time>2024-06-27T23:52:02.070661</time>
</trkpt>
<trkpt lat="48.6953196" lon="2.1693261">
    <ele>92.249</ele>
    <time>2024-06-27T23:52:02.070661</time>
</trkpt>
<trkpt lat="48.6951822" lon="2.1691959">
    <ele>93.565</ele>
    <time>2024-06-27T23:52:02.070661</time>
</trkpt>
<trkpt lat="48.6951148" lon="2.1689389">
    <ele>95.406</ele>
    <time>2024-06-27T23:52:02.070661</time>
</trkpt>
<trkpt lat="48.6950748" lon="2.1671317">
    <ele>98.692</ele>
    <time>2024-06-27T23:52:02.070661</time>
</trkpt>
<trkpt lat="48.6947227" lon="2.1657326">
    <ele>97.7</ele>
    <time>2024-06-27T23:52:02.070661</time>
</trkpt>
<trkpt lat="48.6946268" lon="2.1653837">
    <ele>98.158</ele>
    <time>2024-06-27T23:52:02.070661</time>
</trkpt>
<trkpt lat="48.6945364" lon="2.1650291">
    <ele>95.245</ele>
    <time>2024-06-27T23:52:02.070661</time>
</trkpt>
<trkpt lat="48.6943709" lon="2.165037">
    <ele>96.017</ele>
    <time>2024-06-27T23:52:02.070661</time>
</trkpt>
<trkpt lat="48.6942896" lon="2.1651768">
    <ele>97.497</ele>
    <time>2024-06-27T23:52:02.070661</time>
</trkpt>
<trkpt lat="48.694278" lon="2.1653097">
    <ele>98.42</ele>
    <time>2024-06-27T23:52:02.071658</time>
</trkpt>
<trkpt lat="48.6940212" lon="2.1659677">
    <ele>103.383</ele>
    <time>2024-06-27T23:52:02.071658</time>
</trkpt>
<trkpt lat="48.693265" lon="2.1667551">
    <ele>111.065</ele>
    <time>2024-06-27T23:52:02.071839</time>
</trkpt>
<trkpt lat="48.6930354" lon="2.1668747">
    <ele>114.03</ele>
    <time>2024-06-27T23:52:02.071839</time>
</trkpt>
<trkpt lat="48.6920294" lon="2.1653144">
    <ele>125.364</ele>
    <time>2024-06-27T23:52:02.071839</time>
</trkpt>
<trkpt lat="48.6926044" lon="2.1671749">
    <ele>122.227</ele>
    <time>2024-06-27T23:52:02.071839</time>
</trkpt>
<trkpt lat="48.6919414" lon="2.1679672">
    <ele>130.731</ele>
    <time>2024-06-27T23:52:02.071839</time>
</trkpt>
<trkpt lat="48.6930354" lon="2.1668747">
    <ele>114.03</ele>
    <time>2024-06-27T23:52:02.071839</time>
</trkpt>
<trkpt lat="48.693265" lon="2.1667551">
    <ele>111.065</ele>
    <time>2024-06-27T23:52:02.071839</time>
</trkpt>
<trkpt lat="48.6940212" lon="2.1659677">
    <ele>103.383</ele>
    <time>2024-06-27T23:52:02.071839</time>
</trkpt>
<trkpt lat="48.6943485" lon="2.1654977">
    <ele>98.292</ele>
    <time>2024-06-27T23:52:02.071839</time>
</trkpt>
<trkpt lat="48.6945093" lon="2.1655431">
    <ele>99.889</ele>
    <time>2024-06-27T23:52:02.071839</time>
</trkpt>
<trkpt lat="48.6947227" lon="2.1657326">
    <ele>97.7</ele>
    <time>2024-06-27T23:52:02.071839</time>
</trkpt>
<trkpt lat="48.6950748" lon="2.1671317">
    <ele>98.692</ele>
    <time>2024-06-27T23:52:02.072655</time>
</trkpt>
<trkpt lat="48.6951148" lon="2.1689389">
    <ele>95.406</ele>
    <time>2024-06-27T23:52:02.072655</time>
</trkpt>
<trkpt lat="48.6950681" lon="2.169041">
    <ele>95.842</ele>
    <time>2024-06-27T23:52:02.072655</time>
</trkpt>
<trkpt lat="48.6951522" lon="2.1695938">
    <ele>94.016</ele>
    <time>2024-06-27T23:52:02.072655</time>
</trkpt>
<trkpt lat="48.6952783" lon="2.1702036">
    <ele>93.704</ele>
    <time>2024-06-27T23:52:02.072655</time>
</trkpt>
<trkpt lat="48.6952505" lon="2.1704768">
    <ele>92.019</ele>
    <time>2024-06-27T23:52:02.072655</time>
</trkpt>
<trkpt lat="48.6952074" lon="2.1721883">
    <ele>88.514</ele>
    <time>2024-06-27T23:52:02.072655</time>
</trkpt>
<trkpt lat="48.6952525" lon="2.1731295">
    <ele>88.689</ele>
    <time>2024-06-27T23:52:02.072655</time>
</trkpt>
<trkpt lat="48.6954158" lon="2.1764425">
    <ele>89.17</ele>
    <time>2024-06-27T23:52:02.072655</time>
</trkpt>
<trkpt lat="48.6948382" lon="2.1764099">
    <ele>91.802</ele>
    <time>2024-06-27T23:52:02.072655</time>
</trkpt>
<trkpt lat="48.6930278" lon="2.1777537">
    <ele>100.51</ele>
    <time>2024-06-27T23:52:02.072655</time>
</trkpt>
<trkpt lat="48.6925342" lon="2.1811122">
    <ele>98.485</ele>
    <time>2024-06-27T23:52:02.072655</time>
</trkpt>
<trkpt lat="48.6941366" lon="2.1824256">
    <ele>95.087</ele>
    <time>2024-06-27T23:52:02.072655</time>
</trkpt>
<trkpt lat="48.6942342" lon="2.1825195">
    <ele>95.533</ele>
    <time>2024-06-27T23:52:02.072655</time>
</trkpt>
<trkpt lat="48.6954997" lon="2.183676">
    <ele>94.385</ele>
    <time>2024-06-27T23:52:02.072655</time>
</trkpt>
<trkpt lat="48.6964113" lon="2.1845486">
    <ele>90.063</ele>
    <time>2024-06-27T23:52:02.072655</time>
</trkpt>
<trkpt lat="48.696512" lon="2.1846959">
    <ele>88.92</ele>
    <time>2024-06-27T23:52:02.073652</time>
</trkpt>
<trkpt lat="48.6965544" lon="2.1848427">
    <ele>88.292</ele>
    <time>2024-06-27T23:52:02.073652</time>
</trkpt>
<trkpt lat="48.6966206" lon="2.1848929">
    <ele>88.126</ele>
    <time>2024-06-27T23:52:02.073652</time>
</trkpt>
<trkpt lat="48.6967933" lon="2.1863085">
    <ele>87.598</ele>
    <time>2024-06-27T23:52:02.073652</time>
</trkpt>
<trkpt lat="48.6968365" lon="2.1868834">
    <ele>85.21</ele>
    <time>2024-06-27T23:52:02.073652</time>
</trkpt>
<trkpt lat="48.6968531" lon="2.1871581">
    <ele>85.23</ele>
    <time>2024-06-27T23:52:02.073652</time>
</trkpt>
<trkpt lat="48.6968255" lon="2.1880571">
    <ele>84.972</ele>
    <time>2024-06-27T23:52:02.073652</time>
</trkpt>
<trkpt lat="48.6968124" lon="2.1884147">
    <ele>85.403</ele>
    <time>2024-06-27T23:52:02.073652</time>
</trkpt>
<trkpt lat="48.696807" lon="2.1891648">
    <ele>85.406</ele>
    <time>2024-06-27T23:52:02.073652</time>
</trkpt>
<trkpt lat="48.6965034" lon="2.190325">
    <ele>88.857</ele>
    <time>2024-06-27T23:52:02.073652</time>
</trkpt>
<trkpt lat="48.69631" lon="2.1911362">
    <ele>90.158</ele>
    <time>2024-06-27T23:52:02.073652</time>
</trkpt>
<trkpt lat="48.6963162" lon="2.193468">
    <ele>88.673</ele>
    <time>2024-06-27T23:52:02.073652</time>
</trkpt>
<trkpt lat="48.6963118" lon="2.1937351">
    <ele>88.137</ele>
    <time>2024-06-27T23:52:02.073652</time>
</trkpt>
<trkpt lat="48.6963283" lon="2.1945878">
    <ele>89.442</ele>
    <time>2024-06-27T23:52:02.073652</time>
</trkpt>
<trkpt lat="48.6963452" lon="2.1951993">
    <ele>91.196</ele>
    <time>2024-06-27T23:52:02.073652</time>
</trkpt>
<trkpt lat="48.696386" lon="2.1966682">
    <ele>90.338</ele>
    <time>2024-06-27T23:52:02.073652</time>
</trkpt>
<trkpt lat="48.6964378" lon="2.1984815">
    <ele>88.14</ele>
    <time>2024-06-27T23:52:02.073652</time>
</trkpt>
<trkpt lat="48.6965975" lon="2.1993208">
    <ele>85.327</ele>
    <time>2024-06-27T23:52:02.073652</time>
</trkpt>
<trkpt lat="48.6977297" lon="2.1992899">
    <ele>77.219</ele>
    <time>2024-06-27T23:52:02.073652</time>
</trkpt>
<trkpt lat="48.697809" lon="2.2029217">
    <ele>78.775</ele>
    <time>2024-06-27T23:52:02.074650</time>
</trkpt>
<trkpt lat="48.697713" lon="2.2030382">
    <ele>79.471</ele>
    <time>2024-06-27T23:52:02.074650</time>
</trkpt>
<trkpt lat="48.6977783" lon="2.2032461">
    <ele>79.664</ele>
    <time>2024-06-27T23:52:02.074650</time>
</trkpt>
<trkpt lat="48.6977799" lon="2.2033834">
    <ele>79.997</ele>
    <time>2024-06-27T23:52:02.074650</time>
</trkpt>
<trkpt lat="48.6978107" lon="2.2034026">
    <ele>79.918</ele>
    <time>2024-06-27T23:52:02.074650</time>
</trkpt>
<trkpt lat="48.6985924" lon="2.2060738">
    <ele>83.739</ele>
    <time>2024-06-27T23:52:02.074650</time>
</trkpt>
<trkpt lat="48.6986221" lon="2.2061919">
    <ele>83.536</ele>
    <time>2024-06-27T23:52:02.074650</time>
</trkpt>
<trkpt lat="48.6987919" lon="2.2068695">
    <ele>83.934</ele>
    <time>2024-06-27T23:52:02.074650</time>
</trkpt>
<trkpt lat="48.6989115" lon="2.2075933">
    <ele>82.053</ele>
    <time>2024-06-27T23:52:02.074650</time>
</trkpt>
<trkpt lat="48.6989912" lon="2.2080465">
    <ele>80.335</ele>
    <time>2024-06-27T23:52:02.074650</time>
</trkpt>
<trkpt lat="48.6990236" lon="2.2082831">
    <ele>79.584</ele>
    <time>2024-06-27T23:52:02.074650</time>
</trkpt>
<trkpt lat="48.6993492" lon="2.2100722">
    <ele>74.63</ele>
    <time>2024-06-27T23:52:02.074650</time>
</trkpt>
<trkpt lat="48.7002323" lon="2.2099759">
    <ele>68.196</ele>
    <time>2024-06-27T23:52:02.074650</time>
</trkpt>
<trkpt lat="48.7018173" lon="2.2098145">
    <ele>55.005</ele>
    <time>2024-06-27T23:52:02.074650</time>
</trkpt>
<trkpt lat="48.7021468" lon="2.2099388">
    <ele>54.878</ele>
    <time>2024-06-27T23:52:02.074650</time>
</trkpt>
<trkpt lat="48.7027302" lon="2.2099629">
    <ele>55.551</ele>
    <time>2024-06-27T23:52:02.074650</time>
</trkpt>
<trkpt lat="48.7032755" lon="2.2097915">
    <ele>59.281</ele>
    <time>2024-06-27T23:52:02.075647</time>
</trkpt>
<trkpt lat="48.7045118" lon="2.2099085">
    <ele>69.245</ele>
    <time>2024-06-27T23:52:02.075647</time>
</trkpt>
<trkpt lat="48.70519" lon="2.2097708">
    <ele>73.379</ele>
    <time>2024-06-27T23:52:02.075647</time>
</trkpt>
<trkpt lat="48.7054927" lon="2.2102639">
    <ele>77.245</ele>
    <time>2024-06-27T23:52:02.075647</time>
</trkpt>
<trkpt lat="48.7059005" lon="2.2108534">
    <ele>83.069</ele>
    <time>2024-06-27T23:52:02.075647</time>
</trkpt>
<trkpt lat="48.7058512" lon="2.2119052">
    <ele>84.708</ele>
    <time>2024-06-27T23:52:02.075647</time>
</trkpt>
<trkpt lat="48.7058355" lon="2.2120325">
    <ele>84.644</ele>
    <time>2024-06-27T23:52:02.075647</time>
</trkpt>
<trkpt lat="48.7055479" lon="2.2136154">
    <ele>82.173</ele>
    <time>2024-06-27T23:52:02.075647</time>
</trkpt>
<trkpt lat="48.7054299" lon="2.218261">
    <ele>81.71</ele>
    <time>2024-06-27T23:52:02.075647</time>
</trkpt>
<trkpt lat="48.7049296" lon="2.2253402">
    <ele>75.072</ele>
    <time>2024-06-27T23:52:02.075647</time>
</trkpt>
<trkpt lat="48.706176" lon="2.2255194">
    <ele>86.412</ele>
    <time>2024-06-27T23:52:02.076201</time>
</trkpt>
<trkpt lat="48.7061949" lon="2.2258496">
    <ele>86.78</ele>
    <time>2024-06-27T23:52:02.076201</time>
</trkpt>
<trkpt lat="48.7061461" lon="2.2295652">
    <ele>93.366</ele>
    <time>2024-06-27T23:52:02.076201</time>
</trkpt>
<trkpt lat="48.7053945" lon="2.2323447">
    <ele>88.858</ele>
    <time>2024-06-27T23:52:02.076201</time>
</trkpt>
<trkpt lat="48.7055664" lon="2.2343573">
    <ele>91.678</ele>
    <time>2024-06-27T23:52:02.076201</time>
</trkpt>
<trkpt lat="48.7079891" lon="2.2368218">
    <ele>91.018</ele>
    <time>2024-06-27T23:52:02.076201</time>
</trkpt>
<trkpt lat="48.7097769" lon="2.2369952">
    <ele>86.528</ele>
    <time>2024-06-27T23:52:02.076201</time>
</trkpt>
<trkpt lat="48.7103427" lon="2.2372107">
    <ele>86.482</ele>
    <time>2024-06-27T23:52:02.076201</time>
</trkpt>
<trkpt lat="48.7107563" lon="2.2374052">
    <ele>90.177</ele>
    <time>2024-06-27T23:52:02.076644</time>
</trkpt>
<trkpt lat="48.7107938" lon="2.2374462">
    <ele>90.602</ele>
    <time>2024-06-27T23:52:02.076644</time>
</trkpt>
<trkpt lat="48.7111901" lon="2.2386617">
    <ele>90.756</ele>
    <time>2024-06-27T23:52:02.076644</time>
</trkpt>
<trkpt lat="48.7113528" lon="2.2382365">
    <ele>94.35</ele>
    <time>2024-06-27T23:52:02.076644</time>
</trkpt>
<trkpt lat="48.7129835" lon="2.2396952">
    <ele>96.567</ele>
    <time>2024-06-27T23:52:02.076644</time>
</trkpt>
<trkpt lat="48.7130933" lon="2.240525">
    <ele>93.516</ele>
    <time>2024-06-27T23:52:02.076644</time>
</trkpt>
<trkpt lat="48.7129456" lon="2.2409559">
    <ele>90.224</ele>
    <time>2024-06-27T23:52:02.076644</time>
</trkpt>
<trkpt lat="48.7128796" lon="2.2411584">
    <ele>87.99</ele>
    <time>2024-06-27T23:52:02.076644</time>
</trkpt>
<trkpt lat="48.713973" lon="2.2425815">
    <ele>93.103</ele>
    <time>2024-06-27T23:52:02.076644</time>
</trkpt>
<trkpt lat="48.714078" lon="2.2427209">
    <ele>93.21</ele>
    <time>2024-06-27T23:52:02.077174</time>
</trkpt>
<trkpt lat="48.7142686" lon="2.2429429">
    <ele>95.091</ele>
    <time>2024-06-27T23:52:02.077174</time>
</trkpt>
<trkpt lat="48.7141056" lon="2.2432479">
    <ele>91.774</ele>
    <time>2024-06-27T23:52:02.077174</time>
</trkpt>
<trkpt lat="48.7175076" lon="2.2468067">
    <ele>92.746</ele>
    <time>2024-06-27T23:52:02.077174</time>
</trkpt>
<trkpt lat="48.7175708" lon="2.2473185">
    <ele>91.076</ele>
    <time>2024-06-27T23:52:02.077174</time>
</trkpt>
<trkpt lat="48.7175182" lon="2.2478678">
    <ele>87.863</ele>
    <time>2024-06-27T23:52:02.077174</time>
</trkpt>
<trkpt lat="48.7171842" lon="2.2476824">
    <ele>87.441</ele>
    <time>2024-06-27T23:52:02.077174</time>
</trkpt>
<trkpt lat="48.7168912" lon="2.2486534">
    <ele>83.325</ele>
    <time>2024-06-27T23:52:02.077174</time>
</trkpt>
<trkpt lat="48.7173599" lon="2.248884">
    <ele>86.524</ele>
    <time>2024-06-27T23:52:02.077642</time>
</trkpt>
<trkpt lat="48.7174226" lon="2.2489162">
    <ele>87.104</ele>
    <time>2024-06-27T23:52:02.077642</time>
</trkpt>
<trkpt lat="48.7178323" lon="2.2491419">
    <ele>88.823</ele>
    <time>2024-06-27T23:52:02.077642</time>
</trkpt>
<trkpt lat="48.717884" lon="2.2491664">
    <ele>89.242</ele>
    <time>2024-06-27T23:52:02.077642</time>
</trkpt>
<trkpt lat="48.7180067" lon="2.2496474">
    <ele>90.322</ele>
    <time>2024-06-27T23:52:02.077642</time>
</trkpt>
<trkpt lat="48.7180432" lon="2.2498136">
    <ele>91.567</ele>
    <time>2024-06-27T23:52:02.077642</time>
</trkpt>
<trkpt lat="48.7181637" lon="2.2498223">
    <ele>91.293</ele>
    <time>2024-06-27T23:52:02.077642</time>
</trkpt>
<trkpt lat="48.7182001" lon="2.2497618">
    <ele>91.408</ele>
    <time>2024-06-27T23:52:02.077642</time>
</trkpt>
<trkpt lat="48.7182179" lon="2.2497322">
    <ele>91.645</ele>
    <time>2024-06-27T23:52:02.077642</time>
</trkpt>
<trkpt lat="48.7187443" lon="2.2494505">
    <ele>93.646</ele>
    <time>2024-06-27T23:52:02.077642</time>
</trkpt>
<trkpt lat="48.7189544" lon="2.2497332">
    <ele>95.192</ele>
    <time>2024-06-27T23:52:02.077642</time>
</trkpt>
<trkpt lat="48.7195095" lon="2.2505283">
    <ele>95.952</ele>
    <time>2024-06-27T23:52:02.078639</time>
</trkpt>
<trkpt lat="48.7197696" lon="2.2508772">
    <ele>96.249</ele>
    <time>2024-06-27T23:52:02.078639</time>
</trkpt>
<trkpt lat="48.7198683" lon="2.2509292">
    <ele>95.775</ele>
    <time>2024-06-27T23:52:02.078639</time>
</trkpt>
<trkpt lat="48.7199095" lon="2.2509509">
    <ele>95.606</ele>
    <time>2024-06-27T23:52:02.078639</time>
</trkpt>
<trkpt lat="48.7210947" lon="2.2513639">
    <ele>93.621</ele>
    <time>2024-06-27T23:52:02.078639</time>
</trkpt>
<trkpt lat="48.7211647" lon="2.2513938">
    <ele>94.211</ele>
    <time>2024-06-27T23:52:02.078639</time>
</trkpt>
<trkpt lat="48.7238046" lon="2.2546215">
    <ele>88.282</ele>
    <time>2024-06-27T23:52:02.078639</time>
</trkpt>
<trkpt lat="48.7242759" lon="2.2550011">
    <ele>88.972</ele>
    <time>2024-06-27T23:52:02.078639</time>
</trkpt>
<trkpt lat="48.7246381" lon="2.2554013">
    <ele>87.008</ele>
    <time>2024-06-27T23:52:02.078639</time>
</trkpt>
<trkpt lat="48.7247878" lon="2.2555862">
    <ele>86.645</ele>
    <time>2024-06-27T23:52:02.078639</time>
</trkpt>
<trkpt lat="48.7251228" lon="2.2559864">
    <ele>85.19</ele>
    <time>2024-06-27T23:52:02.078639</time>
</trkpt>
<trkpt lat="48.7251916" lon="2.2560471">
    <ele>85.405</ele>
    <time>2024-06-27T23:52:02.078639</time>
</trkpt>
<trkpt lat="48.7258602" lon="2.2566398">
    <ele>85.652</ele>
    <time>2024-06-27T23:52:02.079636</time>
</trkpt>
<trkpt lat="48.7263751" lon="2.2571149">
    <ele>85.112</ele>
    <time>2024-06-27T23:52:02.079636</time>
</trkpt>
<trkpt lat="48.7264076" lon="2.2570619">
    <ele>85.074</ele>
    <time>2024-06-27T23:52:02.079636</time>
</trkpt>
<trkpt lat="48.7268669" lon="2.2575591">
    <ele>84.698</ele>
    <time>2024-06-27T23:52:02.079636</time>
</trkpt>
<trkpt lat="48.7271291" lon="2.2578703">
    <ele>84.846</ele>
    <time>2024-06-27T23:52:02.079636</time>
</trkpt>
<trkpt lat="48.7271572" lon="2.2580041">
    <ele>85.061</ele>
    <time>2024-06-27T23:52:02.079636</time>
</trkpt>
<trkpt lat="48.7275445" lon="2.2584649">
    <ele>83.856</ele>
    <time>2024-06-27T23:52:02.079636</time>
</trkpt>
<trkpt lat="48.7282185" lon="2.2592786">
    <ele>83.432</ele>
    <time>2024-06-27T23:52:02.079636</time>
</trkpt>
<trkpt lat="48.7292841" lon="2.2605897">
    <ele>83.433</ele>
    <time>2024-06-27T23:52:02.079636</time>
</trkpt>
<trkpt lat="48.729745" lon="2.2611402">
    <ele>82.049</ele>
    <time>2024-06-27T23:52:02.079636</time>
</trkpt>
<trkpt lat="48.7301507" lon="2.2614733">
    <ele>81.219</ele>
    <time>2024-06-27T23:52:02.079636</time>
</trkpt>
<trkpt lat="48.7321379" lon="2.2658161">
    <ele>74.922</ele>
    <time>2024-06-27T23:52:02.080636</time>
</trkpt>
<trkpt lat="48.7322725" lon="2.2661387">
    <ele>72.121</ele>
    <time>2024-06-27T23:52:02.080636</time>
</trkpt>
<trkpt lat="48.7324632" lon="2.2661364">
    <ele>71.764</ele>
    <time>2024-06-27T23:52:02.080636</time>
</trkpt>
<trkpt lat="48.7327159" lon="2.2665144">
    <ele>71.003</ele>
    <time>2024-06-27T23:52:02.080636</time>
</trkpt>
<trkpt lat="48.7337076" lon="2.2688772">
    <ele>65.494</ele>
    <time>2024-06-27T23:52:02.080636</time>
</trkpt>
<trkpt lat="48.7345904" lon="2.2703901">
    <ele>63.143</ele>
    <time>2024-06-27T23:52:02.080636</time>
</trkpt>
<trkpt lat="48.7350289" lon="2.270823">
    <ele>67.033</ele>
    <time>2024-06-27T23:52:02.080636</time>
</trkpt>
<trkpt lat="48.7352347" lon="2.2709877">
    <ele>67.232</ele>
    <time>2024-06-27T23:52:02.080636</time>
</trkpt>
<trkpt lat="48.7353734" lon="2.2710806">
    <ele>66.615</ele>
    <time>2024-06-27T23:52:02.080636</time>
</trkpt>
<trkpt lat="48.7370849" lon="2.2722547">
    <ele>60.612</ele>
    <time>2024-06-27T23:52:02.080636</time>
</trkpt>
<trkpt lat="48.7374911" lon="2.2725319">
    <ele>57.328</ele>
    <time>2024-06-27T23:52:02.081631</time>
</trkpt>
<trkpt lat="48.7374995" lon="2.2725507">
    <ele>57.423</ele>
    <time>2024-06-27T23:52:02.081631</time>
</trkpt>
<trkpt lat="48.7374946" lon="2.272889">
    <ele>59.232</ele>
    <time>2024-06-27T23:52:02.081631</time>
</trkpt>
<trkpt lat="48.737486" lon="2.2729069">
    <ele>59.297</ele>
    <time>2024-06-27T23:52:02.081631</time>
</trkpt>
<trkpt lat="48.7379833" lon="2.2727745">
    <ele>57.202</ele>
    <time>2024-06-27T23:52:02.081631</time>
</trkpt>
<trkpt lat="48.7380491" lon="2.2726525">
    <ele>57.174</ele>
    <time>2024-06-27T23:52:02.081631</time>
</trkpt>
<trkpt lat="48.7385039" lon="2.2733906">
    <ele>59.445</ele>
    <time>2024-06-27T23:52:02.081631</time>
</trkpt>
<trkpt lat="48.7403309" lon="2.274643">
    <ele>61.056</ele>
    <time>2024-06-27T23:52:02.081631</time>
</trkpt>
<trkpt lat="48.7403812" lon="2.2746664">
    <ele>60.952</ele>
    <time>2024-06-27T23:52:02.081631</time>
</trkpt>
<trkpt lat="48.7404256" lon="2.2747179">
    <ele>61.164</ele>
    <time>2024-06-27T23:52:02.081631</time>
</trkpt>
<trkpt lat="48.7404801" lon="2.274781">
    <ele>61.68</ele>
    <time>2024-06-27T23:52:02.081631</time>
</trkpt>
<trkpt lat="48.7408752" lon="2.2747592">
    <ele>62.162</ele>
    <time>2024-06-27T23:52:02.081631</time>
</trkpt>
<trkpt lat="48.7445482" lon="2.2773778">
    <ele>66.131</ele>
    <time>2024-06-27T23:52:02.081631</time>
</trkpt>
<trkpt lat="48.7446174" lon="2.2774065">
    <ele>66.442</ele>
    <time>2024-06-27T23:52:02.082628</time>
</trkpt>
<trkpt lat="48.7449164" lon="2.2778405">
    <ele>68.034</ele>
    <time>2024-06-27T23:52:02.082628</time>
</trkpt>
<trkpt lat="48.7453152" lon="2.2780145">
    <ele>69.744</ele>
    <time>2024-06-27T23:52:02.082628</time>
</trkpt>
<trkpt lat="48.7453745" lon="2.2779793">
    <ele>70.45</ele>
    <time>2024-06-27T23:52:02.082628</time>
</trkpt>
<trkpt lat="48.7470654" lon="2.2782767">
    <ele>80.626</ele>
    <time>2024-06-27T23:52:02.082628</time>
</trkpt>
<trkpt lat="48.7475491" lon="2.2784239">
    <ele>82.185</ele>
    <time>2024-06-27T23:52:02.085621</time>
</trkpt>
<trkpt lat="48.7477449" lon="2.2786901">
    <ele>82.183</ele>
    <time>2024-06-27T23:52:02.086619</time>
</trkpt>
<trkpt lat="48.7484571" lon="2.2790425">
    <ele>80.249</ele>
    <time>2024-06-27T23:52:02.086619</time>
</trkpt>
<trkpt lat="48.749134" lon="2.2798979">
    <ele>81.176</ele>
    <time>2024-06-27T23:52:02.086619</time>
</trkpt>
<trkpt lat="48.7512488" lon="2.2815297">
    <ele>79.779</ele>
    <time>2024-06-27T23:52:02.086619</time>
</trkpt>
<trkpt lat="48.7513068" lon="2.2819879">
    <ele>81.394</ele>
    <time>2024-06-27T23:52:02.086909</time>
</trkpt>
<trkpt lat="48.7513874" lon="2.2820844">
    <ele>82.476</ele>
    <time>2024-06-27T23:52:02.086909</time>
</trkpt>
<trkpt lat="48.7508304" lon="2.2796626">
    <ele>79.024</ele>
    <time>2024-06-27T23:52:02.086909</time>
</trkpt>
<trkpt lat="48.7508684" lon="2.279409">
    <ele>79.903</ele>
    <time>2024-06-27T23:52:02.086909</time>
</trkpt>
<trkpt lat="48.7511125" lon="2.2787981">
    <ele>82.822</ele>
    <time>2024-06-27T23:52:02.086909</time>
</trkpt>
<trkpt lat="48.7511842" lon="2.277807">
    <ele>84.286</ele>
    <time>2024-06-27T23:52:02.086909</time>
</trkpt>
<trkpt lat="48.7526697" lon="2.2770336">
    <ele>86.191</ele>
    <time>2024-06-27T23:52:02.086909</time>
</trkpt>
<trkpt lat="48.7535788" lon="2.2758235">
    <ele>87.097</ele>
    <time>2024-06-27T23:52:02.086909</time>
</trkpt>
<trkpt lat="48.7538582" lon="2.2754652">
    <ele>87.614</ele>
    <time>2024-06-27T23:52:02.086909</time>
</trkpt>
<trkpt lat="48.7542844" lon="2.2749188">
    <ele>88.128</ele>
    <time>2024-06-27T23:52:02.087616</time>
</trkpt>
<trkpt lat="48.7545257" lon="2.2746052">
    <ele>88.219</ele>
    <time>2024-06-27T23:52:02.087616</time>
</trkpt>
<trkpt lat="48.7545779" lon="2.2745322">
    <ele>88.034</ele>
    <time>2024-06-27T23:52:02.087616</time>
</trkpt>
<trkpt lat="48.7546496" lon="2.2744465">
    <ele>88.281</ele>
    <time>2024-06-27T23:52:02.087616</time>
</trkpt>
<trkpt lat="48.7547376" lon="2.2743612">
    <ele>88.528</ele>
    <time>2024-06-27T23:52:02.087616</time>
</trkpt>
<trkpt lat="48.754947" lon="2.2740608">
    <ele>88.705</ele>
    <time>2024-06-27T23:52:02.087616</time>
</trkpt>
<trkpt lat="48.755263" lon="2.2735345">
    <ele>89.714</ele>
    <time>2024-06-27T23:52:02.087616</time>
</trkpt>
<trkpt lat="48.7559867" lon="2.2723501">
    <ele>92.315</ele>
    <time>2024-06-27T23:52:02.087616</time>
</trkpt>
<trkpt lat="48.7566741" lon="2.2712338">
    <ele>95.768</ele>
    <time>2024-06-27T23:52:02.087616</time>
</trkpt>
<trkpt lat="48.7568682" lon="2.2709927">
    <ele>97.462</ele>
    <time>2024-06-27T23:52:02.087616</time>
</trkpt>
<trkpt lat="48.7570039" lon="2.2707598">
    <ele>97.202</ele>
    <time>2024-06-27T23:52:02.087616</time>
</trkpt>
<trkpt lat="48.7576559" lon="2.2695862">
    <ele>100.275</ele>
    <time>2024-06-27T23:52:02.088613</time>
</trkpt>
<trkpt lat="48.7595558" lon="2.2705173">
    <ele>107.092</ele>
    <time>2024-06-27T23:52:02.088613</time>
</trkpt>
<trkpt lat="48.7601395" lon="2.2707798">
    <ele>109.28</ele>
    <time>2024-06-27T23:52:02.088613</time>
</trkpt>
<trkpt lat="48.7608157" lon="2.270955">
    <ele>113.773</ele>
    <time>2024-06-27T23:52:02.088613</time>
</trkpt>
<trkpt lat="48.7624871" lon="2.2711945">
    <ele>113.466</ele>
    <time>2024-06-27T23:52:02.088613</time>
</trkpt>
<trkpt lat="48.7638463" lon="2.2719775">
    <ele>101.744</ele>
    <time>2024-06-27T23:52:02.088613</time>
</trkpt>
<trkpt lat="48.7640432" lon="2.2720329">
    <ele>102.081</ele>
    <time>2024-06-27T23:52:02.088613</time>
</trkpt>
<trkpt lat="48.7640533" lon="2.2719133">
    <ele>102.12</ele>
    <time>2024-06-27T23:52:02.089135</time>
</trkpt>
<trkpt lat="48.7641695" lon="2.2707015">
    <ele>105.683</ele>
    <time>2024-06-27T23:52:02.089135</time>
</trkpt>
<trkpt lat="48.7643129" lon="2.26935">
    <ele>110.606</ele>
    <time>2024-06-27T23:52:02.089135</time>
</trkpt>
<trkpt lat="48.7644363" lon="2.2684059">
    <ele>114.133</ele>
    <time>2024-06-27T23:52:02.089135</time>
</trkpt>
<trkpt lat="48.7648767" lon="2.265351">
    <ele>124.711</ele>
    <time>2024-06-27T23:52:02.089135</time>
</trkpt>
<trkpt lat="48.7652811" lon="2.2622814">
    <ele>136.152</ele>
    <time>2024-06-27T23:52:02.089610</time>
</trkpt>
<trkpt lat="48.7654117" lon="2.2611974">
    <ele>140.733</ele>
    <time>2024-06-27T23:52:02.089610</time>
</trkpt>
<trkpt lat="48.7655337" lon="2.2603485">
    <ele>142.132</ele>
    <time>2024-06-27T23:52:02.089610</time>
</trkpt>
<trkpt lat="48.765766" lon="2.258673">
    <ele>151.583</ele>
    <time>2024-06-27T23:52:02.089610</time>
</trkpt>
<trkpt lat="48.7661616" lon="2.2556541">
    <ele>159.78</ele>
    <time>2024-06-27T23:52:02.089610</time>
</trkpt>
<trkpt lat="48.7673149" lon="2.2533835">
    <ele>160.698</ele>
    <time>2024-06-27T23:52:02.089610</time>
</trkpt>
<trkpt lat="48.7676556" lon="2.2527766">
    <ele>160.92</ele>
    <time>2024-06-27T23:52:02.089610</time>
</trkpt>
<trkpt lat="48.7686971" lon="2.2510325">
    <ele>160.035</ele>
    <time>2024-06-27T23:52:02.089610</time>
</trkpt>
<trkpt lat="48.7687431" lon="2.2509525">
    <ele>160.217</ele>
    <time>2024-06-27T23:52:02.089610</time>
</trkpt>
<trkpt lat="48.7691535" lon="2.2501762">
    <ele>161.637</ele>
    <time>2024-06-27T23:52:02.089610</time>
</trkpt>
<trkpt lat="48.7694892" lon="2.2496353">
    <ele>162.932</ele>
    <time>2024-06-27T23:52:02.089610</time>
</trkpt>
<trkpt lat="48.7705578" lon="2.2484508">
    <ele>164.994</ele>
    <time>2024-06-27T23:52:02.089610</time>
</trkpt>
<trkpt lat="48.7706642" lon="2.2484665">
    <ele>165.315</ele>
    <time>2024-06-27T23:52:02.089610</time>
</trkpt>
<trkpt lat="48.7763311" lon="2.2500756">
    <ele>172.29</ele>
    <time>2024-06-27T23:52:02.089610</time>
</trkpt>
<trkpt lat="48.7764043" lon="2.2500976">
    <ele>172.113</ele>
    <time>2024-06-27T23:52:02.089610</time>
</trkpt>
<trkpt lat="48.7780754" lon="2.2507559">
    <ele>170.994</ele>
    <time>2024-06-27T23:52:02.089610</time>
</trkpt>
<trkpt lat="48.7791327" lon="2.2514899">
    <ele>170.077</ele>
    <time>2024-06-27T23:52:02.089610</time>
</trkpt>
<trkpt lat="48.779503" lon="2.2517908">
    <ele>169.147</ele>
    <time>2024-06-27T23:52:02.090614</time>
</trkpt>
<trkpt lat="48.7814667" lon="2.2529249">
    <ele>164.9</ele>
    <time>2024-06-27T23:52:02.090614</time>
</trkpt>
<trkpt lat="48.7821535" lon="2.2531739">
    <ele>163.625</ele>
    <time>2024-06-27T23:52:02.090614</time>
</trkpt>
<trkpt lat="48.7822701" lon="2.2532029">
    <ele>163.529</ele>
    <time>2024-06-27T23:52:02.090614</time>
</trkpt>
<trkpt lat="48.7848483" lon="2.2535169">
    <ele>166.07</ele>
    <time>2024-06-27T23:52:02.090614</time>
</trkpt>
<trkpt lat="48.7851025" lon="2.2534022">
    <ele>166.198</ele>
    <time>2024-06-27T23:52:02.090614</time>
</trkpt>
<trkpt lat="48.7874709" lon="2.2529797">
    <ele>165.138</ele>
    <time>2024-06-27T23:52:02.090614</time>
</trkpt>
<trkpt lat="48.7876262" lon="2.2529457">
    <ele>165.281</ele>
    <time>2024-06-27T23:52:02.090614</time>
</trkpt>
<trkpt lat="48.7879203" lon="2.2528856">
    <ele>165.654</ele>
    <time>2024-06-27T23:52:02.090614</time>
</trkpt>
<trkpt lat="48.7882153" lon="2.2528253">
    <ele>166.14</ele>
    <time>2024-06-27T23:52:02.090614</time>
</trkpt>
<trkpt lat="48.788394" lon="2.2527827">
    <ele>166.691</ele>
    <time>2024-06-27T23:52:02.090614</time>
</trkpt>
<trkpt lat="48.788879" lon="2.2527202">
    <ele>167.824</ele>
    <time>2024-06-27T23:52:02.090614</time>
</trkpt>
<trkpt lat="48.7895772" lon="2.252686">
    <ele>168.342</ele>
    <time>2024-06-27T23:52:02.090614</time>
</trkpt>
<trkpt lat="48.7897361" lon="2.252662">
    <ele>168.675</ele>
    <time>2024-06-27T23:52:02.090614</time>
</trkpt>
<trkpt lat="48.7915682" lon="2.2525357">
    <ele>166.366</ele>
    <time>2024-06-27T23:52:02.090614</time>
</trkpt>
<trkpt lat="48.7919513" lon="2.2525687">
    <ele>166.424</ele>
    <time>2024-06-27T23:52:02.090614</time>
</trkpt>
<trkpt lat="48.7921355" lon="2.2525503">
    <ele>166.634</ele>
    <time>2024-06-27T23:52:02.091605</time>
</trkpt>
<trkpt lat="48.79257" lon="2.2525119">
    <ele>167.691</ele>
    <time>2024-06-27T23:52:02.091605</time>
</trkpt>
<trkpt lat="48.797349" lon="2.2530298">
    <ele>169.639</ele>
    <time>2024-06-27T23:52:02.091605</time>
</trkpt>
<trkpt lat="48.8031537" lon="2.2569709">
    <ele>129.874</ele>
    <time>2024-06-27T23:52:02.091605</time>
</trkpt>
<trkpt lat="48.8031625" lon="2.2570524">
    <ele>129.743</ele>
    <time>2024-06-27T23:52:02.091605</time>
</trkpt>
<trkpt lat="48.8033763" lon="2.2573207">
    <ele>128.24</ele>
    <time>2024-06-27T23:52:02.091605</time>
</trkpt>
<trkpt lat="48.80341" lon="2.2573169">
    <ele>128.252</ele>
    <time>2024-06-27T23:52:02.091605</time>
</trkpt>
<trkpt lat="48.8035745" lon="2.2573743">
    <ele>128.253</ele>
    <time>2024-06-27T23:52:02.091605</time>
</trkpt>
<trkpt lat="48.8042054" lon="2.2580229">
    <ele>126.281</ele>
    <time>2024-06-27T23:52:02.091605</time>
</trkpt>
<trkpt lat="48.8034063" lon="2.2595391">
    <ele>120.279</ele>
    <time>2024-06-27T23:52:02.091605</time>
</trkpt>
<trkpt lat="48.8043048" lon="2.2606801">
    <ele>116.867</ele>
    <time>2024-06-27T23:52:02.091605</time>
</trkpt>
<trkpt lat="48.8044652" lon="2.2604561">
    <ele>118.181</ele>
    <time>2024-06-27T23:52:02.091605</time>
</trkpt>
<trkpt lat="48.8048141" lon="2.2599699">
    <ele>120.109</ele>
    <time>2024-06-27T23:52:02.091605</time>
</trkpt>
<trkpt lat="48.805179" lon="2.259392">
    <ele>121.68</ele>
    <time>2024-06-27T23:52:02.091605</time>
</trkpt>
<trkpt lat="48.8052194" lon="2.25941">
    <ele>121.687</ele>
    <time>2024-06-27T23:52:02.091605</time>
</trkpt>
        </trkseg>
    </trk>
</gpx>