3 4 2 1 1 0 0 0 1 1 1 1 1 1 7 25 20 29 1 159 255 35 1 1 1 1 1 1 3 1 1 1 1 0 1 1 1 0 1 1 1 2 1 1 1 1 1 1 1 1 2 14 13 1 1 1 1 107 213 2 1 0 0 1 1 0 0 2 63 1 0 0 2 8 1 1 2 1 0 1 1 1 1 1 1 1 0 1 1 1 1 1 0 0 1 26 6 153 211 1 1 1 163 65 1 1 1 1 3 1 1 0 0 155 1 0 0 75 1 0 1 0 0 0 0 0 1 13 0 0 0 1 0 0 0 1 1 1 11 1 0 2 92 1 1 3 2 1 1 1 0 0 0 1 134 2 1 0 1 1 0 0 1 86 0 0 0 0 3 1 41 12 0 1 141 151 4 101 4 4 1 1 1 1 1 1 4 196 173 200 203 203 203 195 196 197 197 197 197 199 69 1 0 1 1 0 0 0 1 1 1 3 8 1 0 0 0 0 1 34 2 0 0 0 0 1 30 177 114 1 1 1 1 0 0 0 0 0 0 0 0 0 0 0 0 0 0 0 0 0 0 0 0 0 0 0 1 1 0 0 1 4 198 5 1 2 2 20 1 1 3 1 0 1 5 9 1 0 1 1 246 1 0 0 0 0 0 0 0 0 0 0 0 0 0 0 0 0 0 0 0 0 0 0 0 0 0 0 0 0 0 0 0 0 0 0 0 0 0 0 0 0 0 0 0 0 0 0 0 0 0 0 0 5 0 0 0 0 0 0 0 0 0 0 0 0 0 0 0 0 0 0 0 0 0 0 0 0 0 0 0 0 0 0 0 0 0 0 0 0 0 0 1 1 0 0 10 69 0 0 0 0 0 0 0 0 0 0 0 0 0 1 1 0 0 0 9 0 0 1 0 1 1 0 1 1 1 199 1 1 1 1 0 0 0 0 1 2 4 4 4 27 205 209 35 4 36 2 22 0 1 3 3 3 3 1 0 1 2 0 0 0 1 2 235 190 0 0 1 2 23 11 1 0 0 3 1 0 0 94 1 1 1 1 0 1 0 0 1 1 1 3 1 0 1 2 1 1 1 1 1 1 12 158 165 29 3 237 243 5 1 1 1 1 0 0 0 0 0 0 0 0 0 0 0 0 0 0 0 0 0 0
1 3 22 7 2 1 1 1 1 1 1 1 1 0 1 1 3 94 7 37 255 52 6 2 3 3 4 4 2 1 1 1 1 1 1 1 1 1 1 1 1 3 1 1 0 0 1 1 1 5 8 1 1 1 1 1 1 1 180 185 1 1 1 1 0 0 1 1 5 40 1 3 5 1 1 0 1 2 1 0 1 1 2 1 0 0 1 1 1 1 1 0 0 1 35 3 0 1 179 202 1 18 204 1 1 1 1 3 1 1 0 1 1 156 1 0 0 72 1 1 1 0 0 0 0 0 5 4 0 0 0 1 1 0 0 1 1 1 11 1 1 1 109 3 1 1 1 0 1 0 0 0 0 3 118 1 1 1 0 1 1 1 42 10 0 0 0 1 2 1 90 1 1 12 143 127 41 9 1 1 3 4 4 3 4 3 1 184 161 2 1 1 3 1 1 1 1 1 1 12 76 1 0 0 0 0 0 0 0 0 3 8 1 0 0 0 1 4 12 1 4 1 1 1 23 175 154 1 1 1 1 1 0 0 0 0 0 0 0 0 0 0 0 0 0 0 0 0 0 0 0 0 0 0 0 0 1 1 0 0 1 85 142 156 1 1 1 23 1 3 1 0 0 1 7 4 17 1 1 1 246 0 0 0 0 0 0 0 0 0 0 0 0 0 0 0 0 0 0 0 0 0 0 0 0 0 0 0 0 0 0 0 0 0 0 0 0 0 0 0 0 0 0 0 0 0 0 0 0 0 0 0 0 5 0 0 0 0 0 0 0 0 0 0 0 0 0 0 0 0 0 0 0 0 0 0 0 0 0 0 0 0 0 0 0 0 0 0 0 0 0 1 1 0 0 0 107 1 0 0 0 0 0 0 0 0 0 0 0 0 0 1 1 0 0 1 9 1 1 1 1 2 1 1 2 1 1 199 1 1 0 0 0 0 1 1 1 1 0 1 1 174 163 2 5 5 4 7 28 1 1 10 12 2 1 1 0 2 1 0 0 1 5 61 5 241 140 1 13 15 1 0 0 0 0 1 2 0 0 19 41 1 1 1 1 0 0 0 1 1 0 3 2 1 3 1 1 1 0 1 55 164 141 17 2 1 1 1 177 251 164 1 1 1 1 0 0 0 0 0 0 0 0 0 0 0 0 0 0 0 0 0
1 1 1 5 15 22 25 26 25 23 15 5 6 12 9 24 22 14 121 210 254 1 14 23 2 1 1 1 1 1 1 1 1 1 1 1 1 1 2 4 11 6 2 1 1 1 1 5 8 1 1 1 1 1 1 1 1 1 1 215 159 1 1 0 0 1 1 1 1 15 51 4 1 1 1 0 0 1 1 0 1 3 1 0 0 1 1 1 1 0 0 0 1 42 2 0 0 1 1 192 206 220 186 204 149 1 1 3 1 1 1 1 1 156 0 0 0 72 1 1 0 0 0 1 1 1 15 1 1 0 0 0 1 0 0 1 1 3 8 24 8 15 53 1 1 1 1 1 1 1 1 1 0 119 3 1 1 1 0 0 0 1 87 0 0 0 0 1 1 31 19 0 1 156 95 23 76 1 1 1 1 1 1 1 1 0 0 171 171 1 1 1 3 1 1 1 0 1 1 3 105 1 0 0 0 0 0 0 1 4 18 4 1 0 1 3 16 5 1 1 5 20 161 178 158 2 1 0 0 1 1 0 0 0 0 0 0 0 0 0 0 0 0 0 0 0 0 0 0 0 0 0 0 0 0 0 1 1 0 0 1 95 74 166 1 0 1 17 1 3 0 0 0 7 1 0 1 21 1 127 242 0 0 0 0 0 0 0 0 0 0 0 0 0 0 0 0 0 0 0 0 0 0 0 0 0 0 0 0 0 0 0 0 0 0 0 0 0 0 0 0 0 0 0 0 0 0 0 0 0 0 0 0 5 0 0 0 0 0 0 0 0 0 0 0 0 0 0 0 0 0 0 0 0 0 0 0 0 0 0 0 0 0 0 0 0 0 0 0 0 0 1 0 0 0 1 116 59 56 8 1 0 0 0 0 0 0 0 0 0 0 1 1 0 0 1 14 3 2 1 1 2 1 1 1 1 5 149 100 1 0 0 1 1 1 1 0 0 0 0 1 25 213 6 2 1 1 10 31 14 10 2 4 1 1 1 1 2 1 1 1 20 38 1 1 6 238 210 3 0 0 0 0 0 0 1 3 1 2 2 107 1 0 1 1 1 0 0 1 1 0 1 5 13 1 1 1 2 117 156 89 1 0 7 1 1 1 1 1 8 245 235 2 1 1 1 1 0 0 0 0 0 0 0 0 0 0 0 0 0 0 0
2 1 1 1 1 1 1 1 1 1 2 9 7 3 4 1 1 1 2 254 234 1 1 1 11 14 2 1 1 3 1 1 1 1 1 14 15 21 9 4 1 1 1 4 3 4 10 2 1 1 0 0 0 1 1 1 1 1 1 6 214 101 1 0 1 1 1 0 1 5 46 8 0 1 1 1 0 0 1 1 3 1 0 0 1 1 1 1 0 0 1 1 43 1 0 0 0 1 1 1 192 204 1 1 170 187 1 3 0 1 0 0 1 156 0 0 0 78 1 1 0 0 0 1 0 1 13 1 1 1 1 1 1 0 1 1 3 2 1 1 14 135 1 1 1 0 0 1 1 1 1 1 1 137 1 0 1 2 1 0 0 1 87 0 0 0 0 2 1 90 1 1 142 17 131 37 14 1 0 0 0 0 0 0 0 0 0 141 189 1 0 1 3 1 0 0 0 0 1 1 115 1 1 0 0 0 0 1 14 5 0 11 1 0 9 6 1 1 9 165 184 163 15 1 1 0 0 1 1 1 0 0 0 0 0 0 0 0 0 0 0 0 0 0 0 0 0 0 0 0 0 0 0 0 0 1 1 0 0 0 1 114 161 73 1 1 1 15 1 3 0 0 1 6 0 0 0 9 31 241 152 0 0 0 0 0 0 0 0 0 0 0 0 0 0 0 0 0 0 0 0 0 0 0 0 0 0 0 0 0 0 0 0 0 0 0 0 0 0 0 0 0 0 0 0 0 0 0 0 0 0 0 1 5 0 0 0 0 0 0 0 0 0 0 0 0 0 0 0 0 0 0 0 0 0 0 0 0 0 0 0 0 0 0 0 0 0 0 0 0 1 1 1 6 26 20 1 1 1 23 60 60 13 1 1 1 0 0 0 1 7 1 1 0 0 0 1 7 1 1 1 1 0 0 0 1 31 1 150 32 1 1 1 1 0 0 0 0 1 3 35 33 190 85 1 1 1 19 61 12 12 22 36 14 12 22 28 26 7 3 59 15 1 1 1 0 1 233 221 1 0 0 0 0 0 0 2 2 1 1 64 12 1 1 1 1 0 0 0 1 1 1 1 12 11 116 154 149 22 1 1 1 1 9 1 1 1 1 1 1 6 223 248 26 1 1 1 1 1 1 0 0 0 0 0 0 0 0 0 0 0 0
174 5 1 1 1 1 1 1 1 1 1 1 1 1 1 1 1 1 6 255 89 1 1 1 1 1 9 14 12 5 14 14 16 17 11 1 1 1 1 1 1 1 1 1 3 2 1 1 0 0 0 0 0 0 0 1 1 1 1 1 31 215 34 1 1 0 0 1 7 1 1 46 2 0 1 1 1 0 0 4 2 1 0 1 1 1 1 1 0 0 3 36 1 0 0 0 1 1 1 1 206 9 1 1 1 112 205 6 1 1 0 0 5 142 0 1 2 61 1 1 1 1 0 1 0 1 8 0 0 0 1 1 1 1 3 2 1 0 1 1 77 13 12 1 0 0 0 1 0 0 0 0 1 130 1 0 0 1 2 1 0 0 105 1 0 0 0 3 1 91 1 88 73 3 121 62 3 1 0 0 0 0 0 0 0 0 0 24 208 1 0 0 1 3 1 1 1 1 0 1 119 0 1 0 1 3 17 14 1 0 0 5 3 14 3 1 21 183 176 32 2 1 1 0 0 0 1 1 0 0 0 0 0 0 0 0 0 0 0 0 0 0 0 0 0 0 0 0 0 0 0 0 0 0 0 1 1 0 0 1 76 66 191 1 1 1 1 16 1 4 1 1 5 1 0 0 1 4 21 247 1 0 0 0 0 0 0 0 0 0 0 0 0 0 0 0 0 0 0 0 0 0 0 0 0 0 0 0 0 0 0 0 0 0 0 0 0 0 0 0 0 0 0 0 0 0 0 0 0 0 0 0 1 4 0 0 0 0 0 0 0 0 0 0 0 0 0 0 0 0 0 0 0 0 0 0 0 0 0 0 0 0 0 0 0 0 0 0 0 1 1 5 27 7 1 0 0 0 0 0 0 1 17 60 61 46 7 5 38 58 25 57 1 0 0 0 0 8 1 1 1 1 0 0 1 26 2 0 1 168 5 1 1 0 0 0 1 3 35 29 2 1 3 209 1 1 15 22 2 4 4 1 1 7 4 1 1 1 53 85 2 1 1 1 1 0 0 1 223 227 1 0 0 0 0 0 1 1 0 0 1 104 1 1 0 1 1 0 1 1 2 34 143 158 146 19 1 1 1 1 1 1 6 2 1 1 1 1 0 2 3 1 83 250 212 2 1 1 1 1 1 1 0 0 0 0 0 0 0 0 0 0
41 182 184 182 180 11 1 1 1 1 1 1 1 1 1 1 1 1 36 255 8 1 1 1 1 1 1 1 1 1 1 1 1 1 1 1 1 1 1 1 2 2 2 1 1 1 1 1 1 1 1 1 0 0 0 0 0 1 0 0 9 71 211 4 1 0 1 10 2 0 0 1 60 1 0 1 1 1 0 1 5 1 1 1 1 1 0 1 1 5 30 1 0 0 0 1 1 0 1 113 190 0 1 0 1 3 13 205 194 22 1 1 75 80 1 1 36 9 1 0 0 1 0 1 0 12 1 0 0 0 1 1 3 3 1 0 0 0 1 10 55 7 21 1 1 1 1 1 0 0 0 0 41 53 0 0 0 1 1 1 0 10 67 2 0 0 0 3 1 91 1 157 2 8 106 6 50 1 1 0 0 0 0 0 0 0 0 18 211 1 0 0 1 1 2 3 1 1 0 1 119 1 1 11 15 7 1 0 0 0 0 1 37 1 1 129 170 3 1 1 1 2 1 0 0 0 0 0 0 0 0 0 0 0 0 0 0 0 0 0 0 0 0 0 0 0 0 0 0 0 0 0 0 0 1 1 0 1 7 127 61 173 70 12 2 1 1 18 1 1 6 1 11 1 0 0 2 2 1 247 1 0 0 0 0 0 0 0 0 0 0 0 0 0 0 0 0 0 0 0 0 0 0 0 0 0 0 0 0 0 0 0 0 0 0 0 0 0 0 0 0 0 0 0 0 0 0 0 0 0 0 0 3 2 0 0 0 0 0 0 0 0 0 0 0 0 0 0 0 0 0 0 0 0 0 0 0 0 0 0 0 0 0 0 0 0 0 0 1 1 17 9 1 0 0 0 0 0 0 0 0 0 0 0 0 2 26 31 3 0 0 60 1 0 0 0 0 8 1 1 0 1 0 1 14 5 0 0 0 2 170 1 1 1 1 3 37 30 2 1 1 1 1 173 129 28 4 1 3 1 0 0 1 2 1 3 30 36 4 2 8 1 0 0 0 0 0 1 1 216 232 1 0 0 0 0 1 2 0 0 0 93 3 0 1 1 33 153 164 164 156 108 5 1 2 1 1 1 1 1 0 1 6 1 1 1 1 1 1 5 1 1 1 2 239 244 8 1 1 1 1 1 1 0 0 0 0 0 0 0 0 0
1 1 2 4 17 183 170 154 140 116 156 141 64 10 52 109 39 5 200 255 1 1 1 0 1 1 1 1 1 1 1 1 1 1 1 1 1 1 2 2 2 1 1 1 1 1 1 1 1 1 1 1 1 1 0 0 0 1 0 0 3 2 150 200 1 1 8 1 2 1 0 0 1 60 1 0 1 1 1 0 1 7 1 0 0 1 1 1 10 20 1 0 0 0 1 1 0 0 1 211 3 1 1 0 2 1 1 1 67 203 208 206 218 208 206 206 209 165 1 0 1 0 0 1 1 14 1 0 0 1 2 3 1 0 0 0 0 1 1 97 17 3 1 6 1 0 1 1 1 1 0 0 127 1 0 0 0 0 1 1 36 64 1 3 0 0 0 3 0 91 1 161 1 1 135 1 15 38 1 1 0 0 0 0 0 0 0 17 211 1 1 1 1 1 0 1 2 4 1 1 119 1 11 1 0 1 1 0 0 0 0 1 3 17 135 156 1 1 1 2 2 1 2 0 0 0 0 0 0 0 0 0 0 0 0 0 0 0 0 0 0 0 0 0 0 0 0 0 0 0 0 0 1 2 2 0 1 91 105 62 177 16 1 4 15 11 1 17 0 0 3 0 10 1 1 0 2 1 1 247 1 0 0 0 0 0 0 0 0 0 0 0 0 0 0 0 0 0 0 0 0 0 0 0 0 0 0 0 0 0 0 0 0 0 0 0 0 0 0 0 0 0 0 0 0 0 0 0 0 0 0 0 5 1 0 0 0 0 0 0 0 0 0 0 0 0 0 0 0 0 0 0 0 0 0 0 0 0 0 0 0 0 0 0 0 0 0 1 2 27 2 0 0 0 0 0 0 0 0 0 0 0 0 0 0 0 0 0 0 0 0 60 1 1 0 0 0 3 4 1 0 1 1 5 14 0 0 0 0 0 17 155 1 3 39 30 2 1 1 1 0 1 2 162 197 2 1 1 3 2 5 14 24 43 40 25 2 1 1 1 2 9 1 1 1 0 0 0 0 1 212 234 1 0 0 0 0 2 0 0 1 7 103 104 167 167 119 4 1 1 0 0 0 1 1 2 2 1 0 0 1 7 1 1 0 0 1 1 1 5 0 0 0 1 1 189 250 139 1 1 1 1 1 1 0 0 0 0 0 0 0 0
1 1 1 1 1 4 55 47 85 122 46 84 150 167 153 128 157 171 254 247 31 1 1 1 1 1 1 1 6 11 2 1 1 1 1 2 73 203 236 237 228 64 1 1 1 1 1 1 1 1 1 1 1 1 1 1 1 1 1 0 1 9 1 186 179 8 1 0 1 2 1 0 0 3 46 1 0 1 1 1 0 1 7 1 0 0 1 17 13 1 0 0 0 1 1 0 1 1 147 183 1 1 0 1 3 0 0 0 1 4 1 1 176 4 1 1 1 190 121 1 1 0 0 1 1 12 1 1 1 4 1 1 0 0 0 0 1 1 5 130 1 1 1 1 7 1 1 0 1 1 1 1 133 1 0 0 0 0 0 1 109 1 1 3 1 0 1 3 0 81 2 162 1 1 75 40 1 14 74 5 1 0 0 0 0 0 0 14 211 1 0 1 1 1 1 1 1 1 3 5 135 17 7 0 0 0 1 1 0 1 1 1 1 15 188 1 1 1 2 1 1 1 1 1 0 0 0 0 0 0 0 0 0 0 0 0 0 0 0 0 0 0 0 0 0 0 0 0 0 0 1 1 2 1 2 28 127 22 163 152 1 1 0 0 1 2 21 19 0 0 3 0 10 1 1 1 3 1 1 247 1 0 0 0 0 0 0 0 0 0 0 0 0 0 0 0 0 0 0 0 0 0 0 0 0 0 0 0 0 0 0 0 0 0 0 0 0 0 0 0 0 0 0 0 0 0 0 0 0 0 0 0 5 1 0 0 0 0 0 0 0 0 0 0 0 0 0 0 0 0 0 0 0 0 0 0 0 0 0 0 0 0 0 0 0 0 0 7 19 1 0 0 0 0 0 0 0 0 0 0 0 0 0 0 0 0 0 0 0 0 0 48 2 1 0 0 0 1 8 1 0 0 1 30 1 0 0 0 0 0 1 94 155 30 1 1 0 0 1 1 1 16 183 63 64 111 1 8 41 37 21 9 4 6 2 1 1 1 0 0 1 1 7 7 1 0 0 0 0 0 1 209 235 1 0 0 0 2 1 23 152 171 160 58 5 0 0 0 0 0 1 1 1 1 0 0 0 1 1 0 3 3 0 1 1 0 0 0 2 3 1 1 1 0 0 1 14 247 230 3 1 1 1 1 1 0 0 0 0 0 0 0
0 0 1 1 1 1 8 21 1 1 1 1 1 1 1 1 1 3 255 135 183 41 5 12 94 166 176 183 182 180 184 156 15 8 120 209 236 210 90 55 169 237 141 1 1 1 1 0 0 0 1 1 1 1 1 1 1 1 1 1 0 9 1 1 208 92 1 1 1 1 2 1 0 0 9 28 0 0 1 1 1 0 1 7 1 1 26 7 1 0 0 0 1 1 0 1 1 1 203 1 37 1 1 3 1 0 0 0 3 1 0 1 162 15 1 0 1 16 174 200 181 3 1 1 13 1 1 4 2 1 0 0 0 0 0 1 1 6 130 4 1 1 1 1 1 5 0 0 0 0 0 1 124 0 0 0 0 0 0 0 3 97 1 1 1 0 1 2 0 30 21 161 1 1 1 75 62 1 1 58 12 1 0 0 0 0 0 10 212 1 1 1 1 1 1 0 1 2 2 2 61 111 120 6 1 1 1 1 1 1 1 1 78 188 1 0 1 2 1 0 1 1 1 2 1 0 0 0 0 0 0 0 0 0 0 0 0 0 0 0 0 0 0 0 0 0 0 0 1 1 5 2 1 2 110 69 1 173 27 1 1 0 0 0 0 1 43 3 0 0 3 0 5 2 1 2 3 1 1 240 164 1 0 0 0 0 0 0 0 0 0 0 0 0 0 0 0 0 0 0 0 0 0 0 0 0 0 0 0 0 0 0 0 0 0 0 0 0 0 0 0 0 0 0 0 0 0 0 0 0 0 0 5 0 0 0 0 0 0 0 0 0 0 0 0 0 0 0 0 0 0 0 0 0 0 0 0 0 0 0 0 0 0 0 0 1 21 7 1 0 0 0 0 0 0 0 0 0 0 0 0 0 0 0 0 0 0 0 0 0 0 2 48 1 0 0 0 1 8 1 1 1 24 2 0 0 1 1 1 2 17 12 139 51 1 0 0 0 1 1 119 176 4 1 1 162 63 15 1 1 1 1 1 1 5 2 0 0 0 0 1 0 0 2 9 1 0 0 0 0 1 1 205 236 1 1 61 169 171 137 9 1 0 1 4 0 0 0 0 0 1 1 1 0 0 0 0 1 1 0 7 1 0 1 1 1 2 1 5 1 0 0 1 1 0 0 1 2 233 247 34 1 1 1 1 1 0 0 0 0 0 0
0 0 0 0 1 1 1 20 10 1 1 1 1 1 1 1 1 31 255 6 45 176 182 179 158 64 30 3 1 1 2 112 182 212 234 203 17 2 1 1 2 78 236 59 1 1 1 1 0 0 0 0 0 0 0 1 1 1 1 1 1 5 1 1 4 213 17 1 1 1 1 2 1 0 0 23 12 0 0 1 1 0 0 1 7 36 4 1 0 0 0 1 1 1 0 0 1 174 130 1 1 37 1 2 0 0 0 1 3 1 0 1 160 17 1 0 1 16 0 1 82 199 200 160 53 4 3 1 0 0 0 0 0 1 1 1 14 43 55 1 1 0 0 1 1 4 2 0 0 0 0 80 21 1 1 0 0 0 0 0 1 116 1 0 2 3 3 1 0 1 83 154 3 1 1 1 49 76 1 1 66 2 0 0 0 0 0 3 214 1 1 1 1 1 1 1 2 1 1 3 8 7 21 128 149 165 168 168 166 109 120 198 169 1 1 2 1 1 0 0 1 1 1 1 1 0 0 0 0 0 0 0 0 0 0 0 0 0 0 0 0 0 0 0 0 0 1 74 124 121 108 95 63 108 2 1 149 61 1 0 0 0 0 0 0 1 62 1 0 0 3 1 1 7 1 1 1 1 1 26 246 1 0 0 0 0 0 0 0 0 0 0 0 0 0 0 0 0 0 0 0 0 0 0 0 0 0 0 0 0 0 0 0 0 0 0 0 0 0 0 0 0 0 0 0 0 0 0 0 0 0 0 5 0 0 0 0 0 0 0 0 0 0 0 0 0 0 0 0 0 0 0 0 0 0 0 0 0 0 0 0 0 0 0 3 27 1 0 0 0 0 0 0 0 0 0 0 0 0 0 0 0 0 0 0 0 0 0 0 0 0 1 61 1 0 0 0 1 4 4 1 7 13 0 1 1 1 1 6 13 1 0 1 166 9 0 0 1 5 181 111 1 1 0 1 12 134 1 1 1 1 1 0 1 1 6 1 0 0 0 0 0 0 0 1 9 1 0 1 1 1 1 1 198 239 180 111 2 1 1 0 0 0 0 3 1 0 0 0 0 0 0 1 1 0 0 0 2 1 0 7 1 0 1 1 3 3 5 3 0 0 0 0 1 1 0 0 1 1 122 249 211 2 1 1 1 1 1 0 0 0 0
0 0 0 0 0 1 1 1 33 4 1 1 0 0 0 1 1 173 255 1 1 1 1 1 1 1 1 1 1 1 1 106 215 199 13 1 1 1 1 1 1 1 154 233 6 1 1 1 1 1 1 1 1 1 0 0 0 0 1 1 1 1 9 1 1 61 216 202 124 1 1 2 1 1 1 1 41 4 0 1 1 1 0 1 69 7 1 1 0 0 1 1 1 1 1 0 3 203 1 1 0 1 55 1 0 0 0 4 1 0 0 10 142 3 6 0 0 17 0 0 1 1 3 221 245 195 1 1 1 1 0 0 1 1 1 30 25 6 24 1 1 1 0 0 0 1 8 1 0 0 1 134 1 0 0 0 0 0 0 0 1 117 1 1 1 0 0 1 0 1 92 11 150 2 1 1 1 34 108 1 1 74 1 0 0 0 0 1 214 4 1 1 1 1 2 2 1 2 4 6 3 5 28 6 4 5 1 1 1 76 205 2 1 2 2 1 1 0 0 0 1 1 1 1 2 1 0 0 0 0 0 0 0 0 0 0 0 0 0 0 0 0 0 1 1 72 124 23 1 1 1 4 20 1 1 1 183 1 0 0 0 0 0 0 1 1 63 1 0 0 3 1 0 2 1 1 1 1 0 1 247 3 0 0 0 0 0 0 0 0 0 0 0 0 0 0 0 0 0 0 0 0 0 0 0 0 0 0 0 0 0 0 0 0 0 0 0 0 0 0 0 0 0 0 0 0 0 0 0 0 0 0 5 0 0 0 0 0 0 0 0 0 0 0 0 0 0 0 0 0 0 0 0 0 0 0 0 0 0 0 0 0 1 8 16 1 0 0 0 0 0 0 0 0 0 0 0 0 0 0 0 0 0 0 0 0 0 0 0 0 0 0 61 1 1 0 0 1 1 2 7 43 1 1 1 1 1 1 5 6 1 0 1 2 174 2 1 86 186 10 1 1 0 0 0 1 135 11 0 0 1 1 0 0 1 1 6 1 0 0 0 0 0 0 0 2 6 0 0 0 0 0 1 4 213 243 3 0 0 1 1 0 0 1 1 2 0 0 0 0 0 1 1 1 1 1 1 2 0 0 7 0 0 1 0 5 1 0 0 0 0 0 0 0 1 0 0 0 0 1 5 241 241 12 1 1 1 1 1 0 0 0
0 0 0 0 0 0 1 1 1 45 1 1 1 0 0 1 1 251 250 1 1 1 0 0 1 1 1 1 1 85 214 206 24 1 1 1 1 1 1 1 1 1 1 197 218 1 1 1 1 1 0 0 0 1 1 1 1 1 1 1 1 1 15 1 1 1 26 137 188 211 196 7 3 1 1 0 1 59 1 0 1 1 1 58 2 1 1 1 0 0 1 1 0 0 1 1 188 69 1 1 0 1 8 19 1 0 1 3 0 0 0 151 3 1 17 1 0 17 1 1 1 180 214 119 124 232 243 184 2 1 1 1 1 1 56 10 1 50 1 1 1 0 0 0 0 0 1 7 1 0 11 101 1 1 0 0 0 0 0 0 1 119 0 1 1 1 0 0 0 0 19 33 7 158 17 1 0 1 9 136 21 9 47 1 0 0 0 1 201 92 1 1 1 1 2 7 5 3 1 2 3 1 7 4 1 2 1 0 0 1 185 22 2 1 1 1 1 1 0 0 1 1 1 1 1 1 0 0 0 0 0 0 0 0 0 0 0 0 0 0 0 1 1 56 125 27 1 1 1 0 0 0 0 0 1 5 178 1 0 0 0 0 0 1 1 4 43 0 0 0 3 1 1 2 1 0 0 0 0 1 213 229 1 0 0 0 0 0 0 0 0 0 0 0 0 0 0 0 0 0 0 0 0 0 0 0 0 0 0 0 0 0 0 0 0 0 0 0 0 0 0 0 0 0 0 0 0 0 0 0 0 1 5 0 0 0 0 0 0 0 0 0 0 0 0 0 0 0 0 0 0 0 0 0 0 0 0 0 0 0 0 1 18 6 1 0 0 0 0 0 0 0 0 0 0 0 0 0 0 0 0 0 0 0 0 0 0 0 0 0 0 0 61 1 1 0 0 0 1 0 5 18 7 1 1 1 1 1 1 7 4 1 0 0 9 170 169 143 1 1 0 1 0 0 0 0 13 189 1 0 1 1 1 0 0 1 1 6 1 0 0 0 0 0 0 1 11 1 1 1 1 1 36 32 1 207 243 5 1 0 1 0 0 1 0 2 1 0 0 0 0 0 0 1 1 1 1 1 0 1 7 0 0 1 1 2 3 0 0 0 0 0 0 0 1 1 1 1 1 1 1 2 209 248 124 2 1 1 1 0 0 0
0 0 0 0 0 0 1 1 1 1 50 1 1 0 1 1 2 255 146 1 1 1 0 0 1 1 1 50 212 207 27 1 1 1 1 1 1 1 0 0 1 1 1 2 222 190 1 1 1 1 1 0 0 0 0 0 0 0 0 1 1 1 7 1 1 1 1 2 39 1 90 209 211 160 1 1 1 1 63 1 0 1 66 3 1 1 1 1 1 0 1 1 0 0 0 16 197 1 1 0 1 3 1 5 13 1 4 1 0 0 1 161 1 0 12 1 1 17 1 148 215 170 1 1 102 9 22 235 243 197 2 1 3 67 2 1 10 15 1 1 0 0 0 0 0 0 0 2 3 1 131 1 1 1 1 0 0 0 0 0 1 118 0 0 1 1 0 0 0 0 1 76 3 1 146 57 1 0 1 1 117 13 64 3 1 1 0 0 165 183 1 1 1 2 7 1 1 1 1 4 1 1 1 4 19 162 118 1 0 1 2 192 3 1 1 1 1 1 1 0 1 1 1 1 1 2 0 0 0 0 0 0 0 0 0 0 0 0 0 1 1 49 124 42 1 1 1 1 0 0 0 0 0 0 1 181 3 0 0 0 0 0 0 1 2 51 1 0 0 0 3 0 0 2 1 0 0 0 0 0 1 247 1 0 0 0 0 0 0 0 0 0 0 0 0 0 0 0 0 0 0 0 0 0 0 0 0 0 0 0 0 0 0 0 0 0 0 0 0 0 0 0 0 0 1 1 1 1 1 1 0 1 3 0 0 0 0 0 0 0 0 0 0 0 0 0 0 0 0 0 0 0 0 0 0 0 0 0 0 0 2 27 2 0 0 0 0 0 0 0 0 0 0 0 0 0 0 0 0 0 0 0 0 0 0 0 0 0 0 0 0 0 28 6 1 0 0 0 1 1 6 1 18 4 1 1 1 1 1 1 15 2 0 1 16 219 135 1 0 0 0 1 1 0 0 3 117 171 114 1 1 1 1 1 0 0 1 2 3 0 0 0 1 1 1 0 10 74 51 54 57 52 3 1 0 1 200 243 6 1 1 1 0 1 0 1 2 0 0 0 0 0 0 0 0 0 2 0 0 4 2 0 0 1 0 1 3 0 0 0 0 0 0 0 0 0 0 0 0 1 1 1 1 62 247 225 4 1 1 1 0 0
0 0 0 0 0 0 0 1 1 1 1 47 1 1 1 1 23 255 10 1 1 1 1 1 1 34 209 211 45 1 1 1 1 1 1 0 0 0 1 1 1 1 1 1 6 235 135 1 1 1 1 1 0 0 1 1 1 1 1 21 125 82 1 9 1 1 1 1 7 19 1 1 1 181 210 172 7 1 2 55 1 1 82 1 1 0 0 2 1 1 0 1 1 1 1 196 16 1 1 0 1 1 0 0 8 16 2 0 0 0 5 148 0 0 1 16 1 129 212 185 9 1 0 0 102 9 1 1 12 229 246 216 91 1 1 1 46 1 0 1 0 0 0 0 0 0 0 1 5 77 49 0 0 1 1 0 0 0 0 0 1 119 1 1 5 12 3 0 0 0 0 1 78 10 1 107 111 1 0 1 79 23 5 54 1 1 0 1 2 203 66 1 1 4 4 1 1 0 1 157 1 1 1 2 158 144 188 3 1 1 1 134 145 1 1 1 1 1 1 1 1 1 1 1 1 2 1 0 0 0 0 0 0 0 0 0 0 1 1 4 121 48 1 1 1 1 0 0 0 0 0 0 0 0 1 184 1 0 0 0 0 0 0 1 54 1 1 0 0 0 3 0 0 1 1 0 0 1 0 0 1 243 152 0 0 0 0 0 0 0 0 0 0 0 0 0 0 0 0 0 0 0 0 0 0 0 0 0 0 0 0 0 0 0 0 0 0 0 0 0 0 0 0 0 1 0 0 0 1 1 0 2 1 0 0 0 0 0 0 0 0 0 0 0 0 0 0 0 0 0 0 0 0 0 0 0 0 0 1 12 19 1 0 0 0 0 0 0 0 0 0 0 0 0 0 0 0 0 0 0 0 0 0 0 0 0 0 0 0 0 0 0 1 59 1 1 0 0 1 9 1 1 1 29 1 1 0 0 1 1 2 5 1 48 208 6 85 16 1 1 1 1 1 0 9 90 1 140 124 4 0 0 0 1 0 0 0 1 6 1 0 1 1 0 1 0 10 45 0 0 0 0 0 0 0 0 1 193 243 7 0 1 0 1 1 0 2 1 0 0 0 1 1 1 1 1 1 1 0 3 1 0 0 1 1 4 1 0 0 0 0 0 0 0 0 0 0 0 0 0 1 1 1 1 3 237 245 30 1 1 1 1
0 0 0 0 0 0 0 1 1 0 1 3 36 1 1 1 143 255 3 1 1 1 1 25 207 213 59 1 1 1 1 1 1 0 0 0 0 0 1 0 0 0 0 1 1 73 236 35 1 1 1 1 1 1 1 1 1 42 152 139 45 146 9 6 1 1 1 1 1 18 7 1 0 0 44 132 175 182 124 8 37 3 62 1 1 0 0 0 2 1 1 0 1 1 70 189 1 1 0 1 3 0 0 0 1 44 3 0 0 0 148 4 1 1 1 69 207 197 3 1 7 1 0 1 105 9 1 0 1 1 57 228 246 228 31 1 49 1 0 1 0 0 0 0 0 0 0 0 1 153 1 0 0 1 1 0 0 0 0 1 1 140 3 9 3 1 6 2 0 0 0 0 1 49 78 2 53 147 1 1 135 1 1 72 1 1 1 1 1 108 195 10 2 6 3 1 1 1 28 215 54 10 178 192 93 1 169 40 1 1 4 62 213 191 189 189 190 159 13 1 1 1 1 1 1 1 2 0 0 0 0 0 0 0 0 1 1 1 25 109 2 1 1 1 1 0 0 0 0 0 0 0 0 0 49 154 0 0 0 0 1 1 1 1 62 1 0 0 0 1 3 0 0 1 2 0 0 1 0 0 0 41 247 1 0 0 0 0 0 0 0 0 0 0 0 0 0 0 0 0 0 0 0 0 0 0 0 0 0 0 0 0 0 0 0 0 0 0 0 0 0 0 0 0 1 0 0 0 0 1 0 3 1 0 0 0 0 0 0 0 0 0 0 0 0 0 0 0 0 0 0 0 0 0 0 0 1 9 27 4 0 0 0 0 0 0 0 0 0 0 0 0 0 0 0 0 0 0 0 0 0 0 0 0 0 0 0 0 0 0 0 0 0 61 1 1 0 0 1 9 1 0 0 1 31 1 1 1 1 1 1 1 100 203 2 1 1 115 3 1 1 0 0 36 68 1 0 125 7 133 1 0 0 1 0 0 0 1 1 5 1 1 1 0 1 0 3 72 0 0 0 0 0 0 0 0 0 1 188 244 3 0 0 1 1 0 1 2 0 0 0 1 1 1 0 0 1 1 0 3 0 0 0 1 1 5 0 0 0 0 0 0 0 0 0 0 0 0 0 0 0 0 0 0 1 1 185 249 181 2 1 1
1 1 1 1 1 1 1 1 1 1 0 1 10 30 6 39 206 255 82 1 1 13 206 214 74 1 1 1 1 1 1 0 0 0 0 0 0 1 1 0 0 0 0 0 1 1 170 230 4 1 1 1 1 1 2 94 158 131 7 1 2 34 144 1 8 1 0 1 1 1 40 1 0 0 0 95 35 1 118 181 186 161 2 0 1 1 1 0 1 3 1 1 0 1 200 2 1 0 0 2 1 0 0 0 4 2 12 2 0 1 161 1 1 2 192 201 36 1 0 0 7 1 0 1 109 10 1 1 1 35 10 8 2 205 243 239 147 6 1 1 1 0 0 0 0 0 0 1 80 63 0 0 0 1 0 0 0 0 0 1 33 66 17 1 1 1 1 9 1 0 0 1 1 0 2 79 95 91 168 137 146 18 180 177 21 10 108 196 199 195 204 208 193 197 194 169 32 15 169 167 197 186 32 1 3 23 151 210 205 204 200 188 146 81 2 2 2 71 182 113 1 1 0 1 0 1 3 1 0 0 0 0 0 1 1 1 1 72 75 1 1 1 1 0 0 0 0 0 0 0 0 0 0 0 176 7 0 0 0 1 1 1 1 2 62 1 0 0 0 1 2 0 0 1 2 0 0 0 1 0 0 1 247 11 0 0 0 0 0 0 0 0 0 0 0 0 0 0 0 0 0 0 0 0 0 0 0 0 0 0 0 0 0 0 0 0 0 0 0 0 0 0 0 1 1 0 0 0 1 1 0 2 0 0 0 0 0 0 0 0 0 0 0 0 0 0 0 0 0 0 0 0 1 5 25 28 27 5 1 0 0 0 0 0 0 0 0 0 0 0 0 0 0 0 0 0 0 0 0 0 0 0 0 0 0 0 0 0 0 0 0 0 0 19 11 1 0 0 1 6 1 0 0 1 3 21 1 0 0 0 1 65 207 1 1 0 0 1 121 1 0 1 79 50 1 0 0 89 24 131 3 1 1 0 0 0 0 0 1 5 1 1 1 1 1 0 1 85 0 0 1 1 0 0 0 0 0 0 2 246 210 61 1 0 1 1 1 3 0 1 1 1 0 0 0 0 0 1 2 2 0 1 1 1 0 5 0 0 0 0 0 0 0 0 0 0 0 0 0 0 0 0 0 0 0 1 1 19 245 238 6 1
1 1 1 1 1 1 1 1 1 1 1 1 1 12 62 1 223 231 254 88 200 216 98 1 1 1 1 1 1 1 0 0 0 0 0 1 1 1 1 1 1 1 0 0 1 1 1 208 212 2 1 1 7 136 158 92 2 1 1 1 1 1 75 154 58 12 3 1 1 1 2 45 1 0 0 1 129 4 0 1 8 193 178 92 1 1 1 0 0 1 3 1 1 147 194 1 1 0 1 3 0 0 0 1 10 0 1 15 1 3 153 1 175 206 65 1 7 0 0 0 6 1 1 0 109 9 1 1 46 4 1 6 1 1 1 181 244 243 165 1 1 1 1 0 0 0 0 1 153 1 1 0 0 0 0 0 0 0 0 1 129 1 3 8 1 1 1 1 13 1 1 1 0 0 0 1 1 11 83 209 203 187 14 123 192 195 175 12 4 28 161 218 211 43 35 109 188 191 116 3 10 64 101 103 95 49 10 11 4 5 1 1 1 83 135 138 141 139 64 193 1 1 0 1 1 1 1 2 0 0 0 1 1 1 0 1 112 28 1 1 1 0 0 0 0 0 0 0 0 0 0 1 1 1 185 2 1 1 1 1 1 1 1 3 47 0 0 0 0 3 1 0 0 0 2 0 0 0 1 1 0 0 195 238 0 0 0 0 0 0 0 0 0 0 0 0 0 0 0 0 0 0 0 0 0 0 0 0 0 0 0 0 0 0 0 0 0 0 0 0 0 0 0 1 1 0 0 0 1 1 0 2 0 0 0 0 0 0 0 0 0 0 0 0 0 0 0 0 0 0 4 27 26 9 1 1 0 0 0 0 0 0 0 0 0 0 0 0 0 0 0 0 0 0 0 0 0 0 0 0 0 0 0 0 0 0 0 0 0 0 0 0 0 1 60 1 1 1 1 1 8 0 0 0 1 6 11 1 0 0 19 212 2 1 0 0 0 0 7 105 2 111 19 0 0 0 0 41 68 4 123 1 0 0 0 0 0 0 0 1 7 1 1 1 1 0 1 88 0 0 1 1 1 0 0 0 0 1 2 244 5 194 203 81 2 1 1 2 1 1 1 1 1 0 1 1 0 0 3 1 1 1 1 1 3 2 0 0 0 0 0 0 0 0 0 0 0 0 0 0 0 0 0 0 0 0 1 1 2 222 249 114
1 0 0 0 1 1 1 1 1 1 1 1 1 1 42 12 229 4 230 255 125 1 1 1 1 0 1 1 1 0 0 0 0 1 1 1 0 0 0 0 0 1 1 1 1 1 1 3 228 180 39 152 152 35 1 1 1 1 1 0 0 1 1 8 123 157 51 14 5 1 1 4 34 1 0 0 1 138 1 1 2 1 157 82 141 142 16 1 1 0 1 3 1 221 106 105 1 0 3 1 0 0 0 7 1 0 0 1 17 144 157 206 144 1 0 0 5 1 0 1 8 1 1 0 109 10 4 45 1 1 1 1 7 1 1 1 43 152 242 243 199 3 1 1 1 0 0 2 146 1 1 0 0 0 0 0 0 0 1 95 9 1 1 17 1 1 1 1 1 13 1 0 0 0 0 0 0 0 4 184 2 68 108 113 111 99 95 107 107 95 82 71 193 202 70 83 99 99 101 99 76 11 1 1 1 1 1 1 1 5 0 0 0 1 1 1 1 1 59 218 1 1 0 1 1 1 1 3 0 1 1 1 0 1 26 126 5 1 1 0 0 0 0 0 0 0 0 0 0 0 1 1 0 1 30 183 39 1 1 1 1 1 1 17 13 0 0 0 0 3 0 0 0 1 2 1 0 0 0 1 1 0 1 248 2 0 0 0 0 0 0 0 0 0 0 0 0 0 0 0 0 0 0 0 0 0 0 0 0 0 0 0 0 0 0 0 0 0 0 0 0 0 0 1 0 0 0 0 1 0 0 2 0 0 0 0 0 0 0 0 0 0 0 0 0 0 0 0 0 3 35 1 0 0 0 0 0 0 0 0 0 0 0 0 0 0 0 0 0 0 0 0 0 0 0 0 0 0 0 0 0 0 0 0 0 0 0 0 0 0 0 0 0 0 42 2 1 0 0 1 2 4 0 0 0 1 11 5 0 2 212 12 1 0 0 0 0 0 0 17 119 6 0 0 0 0 0 8 113 1 140 1 0 0 0 0 0 0 0 1 3 2 0 0 1 1 1 91 1 1 1 1 1 0 0 0 0 1 1 244 1 1 22 189 212 191 69 2 3 0 0 0 1 0 1 1 0 0 3 0 1 1 0 1 3 0 0 0 0 0 0 0 0 0 0 0 0 0 0 0 0 0 0 0 0 0 1 0 1 1 69 248
0 0 0 1 1 0 0 1 1 1 1 1 1 1 1 160 234 150 89 255 1 1 1 1 1 1 1 0 0 0 1 1 1 1 0 0 0 0 0 0 0 0 0 0 0 1 1 1 44 236 170 7 1 1 1 1 0 0 0 0 0 0 1 1 1 8 146 7 13 13 9 2 8 22 1 0 0 5 135 2 1 0 1 165 2 1 113 146 112 2 1 1 193 172 1 110 72 1 3 0 0 0 1 10 0 0 1 1 50 212 175 1 1 0 0 0 1 6 1 6 1 1 0 0 110 45 47 2 1 0 1 1 3 3 0 1 14 29 1 50 231 247 224 9 1 1 1 97 30 3 1 1 0 0 0 0 0 0 34 63 1 0 1 20 1 1 1 0 1 6 3 1 0 0 0 0 0 1 183 16 0 1 1 1 1 2 6 1 1 1 1 1 1 171 186 3 1 1 1 1 1 1 1 1 1 1 0 0 1 5 0 0 0 1 0 1 1 1 1 217 1 1 1 1 1 1 1 3 1 1 0 1 6 122 72 1 1 1 0 0 0 0 0 0 0 0 0 0 0 1 1 0 0 0 1 1 158 134 1 1 1 0 1 44 2 0 0 0 0 3 0 0 0 0 1 2 0 0 0 0 1 1 1 212 232 0 0 0 0 0 0 0 0 0 0 0 1 1 1 1 1 1 1 1 2 2 2 1 1 1 1 1 1 1 1 1 0 0 0 0 0 0 0 1 0 0 0 0 1 0 0 2 0 0 0 0 0 0 0 0 0 0 0 0 0 0 0 1 5 3 19 2 0 0 0 0 0 0 0 0 0 0 0 0 0 0 0 0 0 0 0 0 0 0 0 0 0 0 0 0 0 0 0 0 0 0 0 0 0 0 0 0 0 0 1 53 1 1 0 0 1 8 1 0 1 1 1 20 2 168 162 1 0 0 0 0 0 0 0 0 2 1 0 0 0 0 0 2 137 1 141 1 0 0 0 0 0 1 1 1 1 7 1 0 1 1 6 135 1 1 1 1 0 0 0 0 0 0 1 244 2 0 1 1 1 69 191 212 193 75 3 1 0 0 0 1 0 3 1 0 1 1 1 2 2 0 0 0 0 0 0 0 0 0 0 0 0 0 0 0 0 0 0 1 1 1 1 0 0 0 1 3
1 1 1 1 1 1 1 1 1 1 1 1 1 1 157 217 218 3 9 255 1 1 1 1 0 0 0 1 1 1 1 0 0 0 0 0 0 0 0 0 0 0 0 0 0 1 2 13 9 133 220 5 1 1 1 0 0 0 0 0 0 0 0 1 1 1 89 59 1 7 1 4 10 16 16 1 1 2 44 86 1 0 1 3 164 1 0 1 17 141 144 70 222 1 1 1 137 63 1 0 0 0 9 1 1 1 8 179 164 75 1 0 1 0 0 0 0 10 6 1 1 0 0 1 130 104 1 3 1 0 0 1 1 8 1 0 2 72 1 1 1 9 217 247 236 65 1 146 1 1 1 1 0 0 0 0 0 2 116 1 0 0 1 11 2 1 1 1 1 1 16 1 1 0 0 0 0 1 199 1 0 0 0 0 0 0 1 1 1 1 1 1 1 1 172 186 2 1 1 1 1 1 1 1 1 1 1 0 1 5 1 1 1 1 1 1 0 1 1 217 1 1 1 1 1 1 1 2 1 1 5 119 104 2 1 1 0 0 0 0 0 0 0 0 0 0 0 0 0 1 0 0 0 0 0 1 1 186 1 1 0 0 1 59 1 0 0 0 0 3 0 0 0 0 0 2 0 0 0 0 0 1 1 1 247 43 0 0 0 0 1 1 3 18 62 85 87 88 88 96 36 36 37 34 27 25 26 30 35 36 38 38 39 38 38 38 37 32 26 21 19 19 17 13 9 8 7 6 6 5 5 10 5 4 4 4 3 3 4 3 3 3 3 2 2 1 1 7 2 1 1 29 0 0 0 0 0 0 0 0 0 0 0 0 0 0 0 0 0 0 0 0 0 0 0 0 0 0 0 0 0 0 0 0 0 0 0 0 0 0 0 0 0 0 0 62 1 1 0 0 1 1 7 1 1 0 1 1 75 216 1 0 0 0 0 0 0 0 0 1 2 0 0 0 0 0 0 1 138 1 120 5 0 1 1 1 1 1 0 1 1 3 3 12 178 199 194 211 39 0 1 1 1 1 1 1 1 1 1 229 205 1 1 1 0 0 0 1 69 191 212 191 64 3 1 2 3 2 0 1 1 0 1 4 1 0 0 0 0 0 0 0 0 0 0 0 0 0 0 0 0 0 0 0 0 0 1 0 0 0 1 1
1 1 1 1 1 1 1 1 1 1 1 1 136 203 149 198 86 121 182 255 1 1 0 0 1 1 1 1 0 0 0 0 0 0 0 0 0 0 0 0 0 0 0 1 9 14 6 1 1 1 184 207 1 1 1 1 0 0 0 0 0 0 0 0 1 1 2 146 1 1 6 1 1 6 31 11 2 1 0 80 37 1 0 1 142 37 1 0 0 0 1 205 101 1 1 0 1 160 12 1 0 1 7 1 2 169 178 5 32 7 0 0 1 0 0 1 2 7 5 1 0 0 1 7 117 81 1 2 1 0 1 1 2 5 1 1 1 54 5 0 0 1 1 3 193 243 243 199 1 1 2 1 1 1 1 0 1 125 1 0 0 0 0 1 18 1 1 1 1 1 6 4 1 1 0 0 1 40 190 1 1 0 0 0 0 0 1 1 1 1 0 1 1 1 1 171 186 2 1 1 1 1 1 1 1 1 1 1 1 5 1 0 0 0 0 0 0 1 1 214 116 34 1 1 1 1 1 1 33 126 107 2 1 1 0 0 0 0 0 0 0 0 0 0 0 0 0 0 0 1 0 0 0 0 0 1 1 186 1 0 0 1 1 60 1 0 0 0 0 3 0 0 0 0 0 2 1 0 0 0 0 0 1 1 198 238 1 9 63 88 88 86 67 28 4 1 1 0 1 32 0 0 0 0 0 0 0 0 0 0 0 0 0 1 1 1 1 1 1 1 1 1 1 1 1 1 1 1 1 1 1 2 3 3 4 4 4 4 4 5 5 5 6 7 8 9 10 1 0 0 0 8 8 0 0 0 0 0 0 0 0 0 0 0 0 0 0 0 0 0 0 0 0 0 0 0 0 0 0 0 0 0 0 0 0 0 0 0 0 0 0 0 0 0 4 15 7 1 1 0 0 0 5 2 0 1 1 1 213 155 1 0 0 0 0 0 0 0 1 2 1 1 0 0 0 0 0 1 128 3 11 106 0 0 0 0 0 0 1 1 4 171 203 190 41 1 1 2 206 0 0 0 0 0 0 0 0 0 0 5 244 1 0 0 0 0 0 1 1 1 1 71 193 212 189 65 2 0 0 1 1 1 5 1 0 0 0 0 0 0 0 0 0 0 0 0 0 0 0 0 0 0 0 0 0 0 0 0 0 0 1 1
1 1 1 1 0 0 1 1 1 1 152 216 195 124 44 210 37 207 255 141 1 1 1 1 1 0 0 0 0 0 0 0 0 0 0 0 0 0 0 0 1 1 24 37 11 12 1 0 1 1 1 211 177 1 1 1 1 0 0 0 0 0 0 0 0 1 1 81 102 1 4 2 1 1 5 55 5 0 0 1 120 6 0 1 131 10 18 1 0 0 9 201 1 0 0 1 3 1 163 3 0 11 1 146 182 32 1 0 69 1 0 0 1 0 1 4 3 1 1 3 1 1 7 1 150 16 1 2 1 1 1 2 6 1 1 1 1 29 18 1 1 1 0 1 1 1 144 243 247 205 3 1 3 1 1 1 82 17 0 0 0 0 0 1 21 1 0 1 1 1 1 16 1 1 1 0 1 193 5 5 4 1 1 0 0 0 1 0 1 1 1 1 0 1 1 1 173 186 2 1 1 1 1 1 1 1 1 1 1 6 1 1 1 1 2 4 5 5 4 206 1 39 93 6 11 74 110 115 77 1 0 0 0 0 0 0 0 0 0 0 0 0 0 0 0 0 0 1 1 1 0 0 0 0 0 1 5 178 1 0 0 1 2 51 0 0 0 1 2 3 0 0 0 0 0 1 1 0 0 0 0 0 1 1 44 248 151 44 4 1 1 1 0 0 0 0 0 0 0 32 0 0 0 0 0 0 0 0 0 0 0 0 0 0 0 0 0 0 0 0 0 0 0 0 0 0 0 0 0 0 0 0 0 0 0 0 0 0 0 0 0 0 0 0 0 0 0 0 0 0 0 0 11 6 0 0 0 0 0 0 0 0 0 0 0 0 0 0 0 0 0 0 0 0 0 0 0 0 0 0 0 0 0 0 0 0 0 0 0 0 0 0 0 1 26 1 8 1 1 0 0 0 1 8 1 1 2 193 191 2 18 2 1 0 0 0 0 1 2 1 1 0 0 0 0 0 0 0 96 16 1 138 0 0 0 0 1 1 110 199 196 60 1 0 1 1 0 1 202 5 0 0 0 0 0 0 0 0 0 1 245 3 0 0 0 0 0 0 0 1 1 1 1 1 77 194 212 188 77 5 1 2 2 1 0 0 0 0 0 0 0 0 0 0 0 0 0 0 0 0 0 0 0 0 0 0 0 0 0 0 1 3
1 1 1 1 1 1 1 1 135 214 187 4 1 6 113 255 255 252 179 161 1 1 1 0 0 0 0 0 0 0 0 0 0 0 0 0 0 0 1 2 34 31 2 1 1 17 1 0 0 1 1 3 224 111 1 1 1 1 0 0 0 0 0 0 0 0 1 1 147 140 54 35 3 1 1 8 65 1 1 1 1 135 1 0 135 1 19 8 0 1 198 19 0 0 0 1 1 0 2 167 18 127 185 92 1 0 1 8 44 0 0 0 1 1 7 1 0 1 1 3 4 5 1 4 159 2 1 1 2 2 2 2 9 1 0 1 1 24 21 1 1 0 0 1 1 1 1 1 45 237 247 227 12 2 2 19 90 1 0 0 0 0 0 1 14 1 1 0 0 1 1 3 7 1 1 1 1 196 1 1 1 5 4 1 1 0 1 1 1 1 1 1 1 1 1 1 1 178 182 2 1 1 1 1 1 1 0 0 1 8 4 4 4 3 1 1 1 1 1 204 2 1 3 83 73 10 1 0 1 1 0 0 0 0 0 0 0 0 0 0 0 0 0 0 0 0 1 1 0 1 0 0 0 0 0 1 145 69 0 0 0 1 30 6 0 0 0 2 1 1 0 0 0 0 0 1 2 0 0 0 1 40 74 67 6 219 224 1 0 0 0 0 0 0 0 0 0 0 0 32 0 0 0 0 0 0 0 0 0 0 0 0 0 0 0 0 0 0 0 0 0 0 0 0 0 0 0 0 0 0 0 0 0 0 0 0 0 0 0 0 0 0 0 0 0 0 0 0 0 0 0 0 0 13 5 0 0 0 0 0 0 0 0 0 0 0 0 0 0 0 0 0 0 0 0 0 0 0 0 0 0 0 0 0 0 0 0 0 0 0 0 0 0 16 2 0 1 11 1 1 0 0 0 2 9 9 200 198 3 0 1 13 5 1 0 0 0 1 1 1 0 0 0 0 0 0 0 0 48 55 1 139 1 1 1 26 187 199 141 2 0 0 1 0 0 1 1 1 28 193 0 0 0 0 0 0 0 0 0 0 167 238 1 0 0 0 0 0 0 0 0 0 1 1 0 1 1 81 190 212 182 81 1 0 0 0 0 0 0 0 0 0 0 0 0 0 0 0 0 0 0 0 0 0 0 0 0 0 0 0 0 87
1 0 1 1 1 1 119 213 193 7 1 1 10 6 43 255 77 2 1 139 129 1 1 1 1 0 0 0 0 0 0 0 0 0 0 0 1 2 36 26 1 0 0 0 0 15 1 0 0 0 1 1 43 227 21 1 1 1 0 0 0 0 0 0 0 0 0 1 2 10 100 143 165 158 14 1 13 58 1 0 1 3 122 1 138 1 1 36 3 55 193 1 0 0 1 3 1 1 1 153 203 158 1 0 0 1 12 14 2 0 0 0 2 9 1 0 1 1 1 3 14 1 1 64 117 1 1 1 1 1 1 1 14 1 0 1 1 21 23 1 1 1 1 1 0 0 0 1 1 1 5 223 247 241 88 122 2 1 1 0 0 0 0 0 1 16 1 0 0 0 1 1 7 3 1 1 164 97 1 0 0 1 1 5 4 1 1 1 1 0 0 1 1 1 1 1 1 1 190 163 2 1 1 0 0 0 0 0 1 2 1 0 0 0 0 0 0 1 1 200 14 1 0 1 1 1 0 0 1 1 0 0 0 0 0 0 0 0 0 0 0 0 0 0 0 0 0 0 0 1 0 0 0 0 1 1 185 3 1 0 0 1 58 1 0 0 0 2 1 1 0 0 0 0 0 0 3 0 1 26 69 5 1 1 0 1 247 0 0 0 0 0 0 0 0 0 0 0 1 32 0 0 0 0 0 0 0 0 0 0 0 0 0 0 0 0 0 0 0 0 0 0 0 0 0 0 0 0 0 0 0 0 0 0 0 0 0 0 0 0 0 0 0 0 0 0 0 0 0 0 0 0 0 1 32 1 0 0 0 0 0 0 0 0 0 0 0 0 0 0 0 0 0 0 0 0 0 0 0 0 0 0 0 0 0 0 0 0 0 0 0 0 1 21 0 0 0 4 4 1 0 0 0 1 2 213 180 7 1 0 0 1 7 11 1 0 1 1 0 1 1 0 0 0 0 0 0 0 9 104 2 173 194 200 200 184 16 1 1 1 0 0 1 0 0 0 0 1 1 211 0 0 0 0 0 0 0 0 0 0 1 242 93 1 0 0 0 0 0 0 0 0 0 1 1 1 1 1 1 2 100 195 213 174 10 1 0 0 0 0 0 0 0 0 0 0 0 0 0 0 0 0 0 0 0 0 0 0 0 0 0 152
1 1 1 1 107 213 198 11 1 1 1 8 1 5 166 255 1 1 1 1 166 67 1 1 1 1 0 0 0 0 0 0 0 0 1 8 40 24 1 1 0 0 0 0 1 3 6 0 0 0 1 1 1 151 221 2 1 1 1 0 0 0 0 0 0 0 0 1 1 1 2 1 1 13 162 7 1 30 36 1 1 0 21 86 138 1 0 1 53 207 3 0 0 0 2 1 1 7 158 124 105 114 1 0 1 15 1 15 1 0 0 2 10 1 1 1 1 1 5 2 1 4 1 86 97 1 1 1 1 1 1 1 14 1 1 1 1 16 31 1 1 1 1 0 0 0 0 1 1 1 1 1 9 195 247 245 154 1 1 1 0 0 0 1 1 18 1 1 0 0 0 0 1 7 5 1 197 1 1 0 0 0 0 1 1 5 6 1 0 0 0 0 0 0 1 1 1 1 7 190 165 2 1 0 0 0 0 1 1 1 0 0 1 0 0 0 1 1 1 186 82 1 0 0 0 0 0 0 1 0 0 0 0 0 0 0 0 0 0 0 0 0 0 0 0 0 0 0 0 1 1 1 1 1 1 0 138 194 1 1 1 1 61 1 0 0 0 2 1 1 0 0 0 0 0 0 2 1 61 10 1 1 1 0 0 0 248 1 0 0 0 0 0 0 0 0 0 0 1 32 0 0 0 0 0 0 0 0 0 0 0 0 0 0 0 0 0 0 0 0 0 0 0 0 0 0 0 0 0 0 0 0 0 0 0 0 0 0 0 0 0 0 0 0 0 0 0 0 0 0 0 0 2 5 1 15 1 0 0 0 0 0 0 0 0 0 0 0 0 0 0 0 0 0 0 0 0 0 0 0 0 0 0 0 0 0 0 0 0 0 0 0 26 1 0 0 0 0 10 1 1 0 1 4 220 126 4 3 0 1 1 0 1 3 19 2 1 0 0 0 1 0 0 0 0 0 1 1 4 158 109 90 6 1 1 1 1 1 1 1 0 0 1 0 0 0 0 1 1 211 1 0 0 0 0 0 0 0 0 0 2 205 253 6 1 0 0 0 0 0 0 0 0 0 0 0 0 0 0 1 1 1 2 119 209 215 177 9 1 1 0 0 0 0 0 0 0 0 0 0 0 0 0 0 0 0 0 0 0 0 2 147
1 1 84 210 201 14 1 1 1 1 2 3 1 4 250 251 1 1 1 1 1 180 18 1 0 1 0 0 0 0 0 0 1 11 41 9 1 1 1 0 0 0 0 0 1 1 17 1 0 0 0 1 1 1 195 202 1 1 1 1 0 0 0 0 1 1 1 2 2 1 1 1 1 1 8 163 1 1 44 12 1 0 0 67 170 1 0 1 134 194 57 1 1 1 3 1 138 149 1 0 0 37 80 2 12 1 1 14 0 1 4 5 1 0 1 1 1 6 1 0 1 1 4 130 111 1 1 1 1 0 1 1 10 2 1 1 2 5 42 2 1 1 0 0 0 0 1 1 1 1 1 1 2 15 15 166 248 186 1 1 0 0 0 1 1 2 11 1 0 0 0 0 0 1 4 65 186 1 1 1 0 0 0 0 0 1 1 5 4 1 1 0 0 0 0 1 1 1 1 6 191 175 2 1 0 0 1 1 1 1 0 0 1 0 1 0 1 1 1 148 176 1 0 0 0 0 0 0 1 0 0 0 0 0 0 0 0 0 0 0 0 0 0 0 0 0 0 0 0 1 1 180 74 1 1 1 1 185 1 1 1 3 49 0 0 0 1 2 1 1 0 0 0 0 0 0 2 74 2 0 1 1 0 0 0 0 248 3 0 0 0 0 0 0 0 0 0 0 1 32 0 0 0 0 0 0 0 0 0 0 0 0 0 0 0 0 0 0 0 0 0 0 0 0 0 0 0 0 0 0 0 0 0 0 0 0 0 0 0 0 0 0 0 0 0 0 0 0 0 0 0 2 3 1 0 2 11 0 0 0 0 0 0 0 0 0 0 0 0 0 0 0 0 0 0 0 0 0 0 0 0 0 0 0 0 0 0 0 0 0 0 7 7 0 0 0 0 0 1 10 1 1 24 224 54 1 9 1 0 0 1 1 1 1 1 21 4 1 0 0 0 0 0 0 0 0 1 1 1 128 1 1 9 0 0 0 2 1 1 1 1 1 1 0 0 0 0 1 1 139 143 0 0 0 0 0 0 0 0 1 184 30 117 250 6 1 0 0 0 0 0 0 0 0 0 0 0 0 0 0 0 0 1 1 1 2 118 212 216 175 8 1 0 0 0 0 0 0 0 0 0 0 0 0 0 0 0 0 0 0 86 43
69 210 205 25 1 1 1 1 1 1 3 1 2 3 255 177 1 1 1 0 1 1 185 2 1 1 1 0 0 0 1 16 40 7 1 0 0 0 0 0 0 0 0 0 1 1 19 1 0 0 0 0 1 1 1 220 161 1 1 1 1 0 1 1 1 2 1 1 1 1 0 1 1 1 1 45 158 1 2 46 3 1 1 1 191 1 0 1 210 1 1 55 4 3 131 160 17 1 0 0 0 1 97 89 1 0 5 2 1 6 2 0 1 0 1 1 6 1 0 0 1 1 6 96 116 19 1 1 1 1 1 0 1 14 1 2 1 1 27 7 1 0 0 0 0 0 0 0 0 1 1 1 30 28 32 1 10 248 100 1 1 0 0 1 1 1 19 1 1 0 0 0 0 0 1 165 81 1 1 1 1 1 0 0 0 0 0 1 1 5 4 1 1 0 0 0 0 1 2 1 2 187 180 2 1 1 1 1 1 1 1 1 1 1 1 1 1 1 9 155 197 1 0 0 1 0 1 1 1 1 0 0 0 0 0 0 0 0 0 0 0 0 0 0 0 0 0 0 0 1 120 109 145 187 155 4 154 54 0 0 1 42 3 0 0 0 2 1 1 1 0 0 0 0 0 1 66 1 0 1 1 0 0 0 0 0 242 125 0 0 0 0 0 0 0 0 0 0 0 31 0 0 0 0 0 0 0 0 0 0 0 0 0 0 0 0 0 0 0 0 0 0 0 0 0 0 0 0 0 0 0 0 1 1 5 6 4 1 0 0 0 0 0 0 0 0 0 0 0 1 3 3 0 0 0 0 8 2 0 0 0 0 0 0 0 0 0 0 0 0 0 0 0 0 0 0 0 0 0 0 0 0 0 0 0 0 0 0 0 0 1 26 0 0 0 0 0 0 0 5 5 92 223 10 1 2 8 1 0 0 0 1 1 1 2 1 5 11 1 0 0 0 0 1 1 0 1 2 1 120 3 0 12 0 0 0 1 1 1 1 0 0 1 1 0 0 0 1 1 1 211 0 0 0 0 0 0 0 1 141 122 1 1 122 252 27 0 0 0 0 0 0 0 0 0 0 0 0 0 0 0 0 0 0 0 0 1 1 2 124 213 217 175 6 1 0 0 0 0 0 0 0 0 0 0 0 0 0 0 0 152 1
206 32 1 1 1 1 1 1 1 2 2 1 5 2 255 31 1 1 1 0 0 1 5 184 1 1 1 1 1 29 40 4 1 0 0 0 0 0 0 0 0 0 0 0 0 1 11 2 0 0 0 0 0 1 1 5 228 72 1 1 1 1 1 2 1 1 1 0 0 1 1 0 1 1 1 1 82 128 1 6 47 3 1 0 191 1 1 169 162 1 0 1 135 177 33 1 0 0 0 0 1 12 4 82 24 1 14 1 8 1 0 1 1 1 2 4 1 0 0 1 1 3 33 28 3 154 3 1 1 1 1 1 1 3 14 1 1 1 14 18 1 1 1 1 1 1 1 1 1 1 2 29 1 6 28 3 1 114 248 3 1 1 0 1 1 1 14 1 1 1 0 0 0 0 1 168 34 12 1 1 1 1 1 0 0 0 0 0 1 1 1 5 4 1 1 1 0 1 1 1 1 2 189 173 2 1 1 1 0 1 1 1 1 1 1 1 1 3 130 155 197 4 0 1 1 1 1 1 1 1 1 0 0 0 1 1 3 1 1 1 0 0 0 0 0 0 0 0 0 1 187 1 1 1 51 181 183 1 0 0 1 62 1 0 0 0 2 1 1 0 0 0 0 0 1 66 1 0 1 1 0 0 0 0 0 0 230 210 0 0 0 0 0 0 0 0 0 0 0 31 0 0 0 0 0 0 0 0 0 0 0 0 0 0 0 0 0 0 0 0 0 0 0 0 0 0 0 0 0 0 1 5 6 5 1 0 1 6 6 6 6 4 2 3 4 6 6 6 6 6 2 0 0 0 0 0 1 16 1 0 0 0 0 0 0 0 0 0 0 0 0 0 0 0 0 0 0 0 0 0 0 0 0 0 0 0 0 0 0 0 20 2 0 0 0 0 0 0 1 2 166 220 2 0 0 0 3 7 1 0 0 0 0 1 2 1 1 1 13 5 1 0 0 1 1 0 1 6 10 101 11 0 5 3 0 0 1 1 1 1 0 0 0 1 0 0 0 0 1 1 212 1 0 1 1 1 1 1 23 190 1 0 0 1 57 252 143 1 0 0 0 0 0 0 0 0 0 0 0 0 0 0 0 0 0 0 0 0 0 0 1 4 142 214 218 173 5 1 0 0 0 0 0 0 0 0 0 0 0 2 148 1
1 1 1 1 1 1 1 1 1 6 1 1 6 8 255 4 1 1 1 0 0 0 1 51 172 1 1 35 36 1 0 0 0 0 0 0 0 0 0 0 0 0 0 0 0 1 1 15 1 0 0 0 0 0 1 1 85 226 5 1 2 2 1 1 1 0 0 0 0 0 1 1 0 1 1 1 1 173 1 1 12 53 1 0 191 1 1 210 1 1 18 146 64 6 10 1 0 0 0 1 17 2 0 1 103 20 18 8 1 0 0 0 1 3 2 1 0 0 1 1 4 1 79 7 129 42 106 3 1 1 1 0 1 1 5 5 0 1 6 17 11 1 1 1 1 1 1 1 1 7 22 1 1 32 4 1 2 1 210 242 1 1 1 0 1 1 2 11 1 1 1 0 0 1 83 90 1 65 1 1 1 1 1 1 1 0 0 0 0 0 1 1 1 5 4 1 1 1 1 1 1 1 3 191 173 2 1 0 0 1 1 2 3 1 1 3 99 166 133 5 115 164 1 1 1 1 1 1 1 1 0 0 0 0 1 176 181 184 171 1 0 0 0 0 0 1 1 1 1 3 184 0 0 0 0 1 1 0 0 0 1 63 1 0 0 0 3 1 0 0 0 0 0 1 60 2 0 1 1 0 0 0 0 0 0 0 228 217 0 0 0 0 0 0 0 0 0 0 0 31 0 0 0 0 0 0 0 0 0 0 0 0 0 0 0 0 0 0 0 0 0 0 0 0 0 0 0 0 1 4 5 1 0 0 0 0 0 0 0 0 1 1 2 2 1 1 0 0 0 0 0 0 0 0 0 0 0 1 13 0 0 0 0 0 0 0 0 0 0 0 0 0 0 0 0 0 0 0 0 0 0 0 0 0 0 0 0 0 0 3 14 0 0 0 0 0 0 0 2 186 207 4 3 1 0 0 0 1 9 2 0 0 0 2 1 1 0 0 1 4 12 2 1 1 1 3 19 7 2 32 27 0 1 11 0 1 1 2 1 0 0 0 0 1 1 1 1 0 1 1 146 138 1 1 0 0 1 1 202 2 1 1 0 0 1 5 248 218 1 0 0 0 0 0 0 0 0 0 0 0 0 0 0 0 0 0 0 0 0 0 0 2 6 0 2 144 216 218 174 5 1 0 0 0 0 0 0 0 0 82 49 0
1 1 1 1 1 1 1 2 5 1 1 2 4 92 255 1 1 1 0 0 1 0 0 1 110 171 30 1 0 1 1 0 0 0 1 1 0 0 0 0 0 0 0 0 0 0 1 19 1 0 0 0 0 0 0 1 1 205 205 3 1 1 1 0 0 0 0 0 0 0 0 1 1 1 1 1 1 136 70 1 1 25 28 1 191 1 191 108 3 144 111 1 0 1 2 17 1 0 2 18 1 1 1 8 108 175 158 1 0 0 0 1 6 1 0 0 0 0 1 5 1 1 88 135 6 1 2 106 2 1 1 1 1 1 1 18 1 0 1 12 19 4 1 1 1 0 0 1 7 9 1 1 0 53 1 1 1 2 1 239 214 1 1 1 0 1 1 19 1 0 1 1 1 1 169 1 1 7 46 2 1 1 1 1 1 1 0 0 0 0 0 0 1 1 1 4 4 1 0 1 1 1 1 2 189 178 3 1 1 1 1 1 4 2 60 143 150 59 1 1 2 188 18 1 0 0 0 0 1 1 0 0 0 1 177 16 1 1 75 152 1 0 0 0 0 1 0 1 1 176 11 0 0 0 0 0 0 0 0 0 1 60 0 0 0 0 3 0 0 0 0 0 1 45 5 0 1 1 0 0 0 0 0 0 0 1 236 200 0 0 0 0 0 0 0 0 0 0 0 33 2 1 0 0 0 0 0 0 0 0 0 0 0 0 0 0 0 0 0 0 0 0 0 0 0 0 0 1 6 1 0 0 0 0 0 0 0 0 0 0 0 0 0 0 0 0 0 0 0 0 0 0 0 0 0 0 0 1 15 0 0 0 0 0 0 0 0 0 0 0 0 0 0 0 0 0 0 0 0 0 0 0 0 0 0 0 0 0 1 26 0 0 0 0 0 0 0 1 187 194 1 0 7 1 1 0 0 0 1 7 4 1 1 2 0 1 1 1 1 1 1 8 12 11 10 5 4 1 0 16 48 1 0 9 2 1 1 0 1 1 0 0 0 0 1 1 1 1 1 1 1 213 0 0 0 1 1 179 59 0 0 1 1 1 0 1 1 242 241 1 0 0 0 0 0 0 0 0 0 0 0 0 0 0 0 0 0 0 0 0 0 1 8 0 0 0 0 2 147 217 218 172 5 1 0 0 0 0 1 153 1 0
1 1 0 1 1 1 1 9 1 4 5 2 1 219 255 1 1 1 0 0 1 0 0 0 1 141 131 1 1 0 0 1 1 1 1 1 1 0 0 0 0 0 0 0 0 0 1 20 1 0 0 0 0 1 1 12 37 21 219 193 1 1 0 1 1 1 0 0 0 0 0 0 0 1 1 1 1 2 173 1 0 2 36 40 224 199 208 118 137 1 0 0 0 1 1 1 25 53 155 162 162 162 159 141 54 157 184 2 1 0 1 5 1 1 0 0 1 1 4 1 0 1 91 153 2 1 2 6 102 1 1 1 1 1 1 20 1 0 1 1 15 22 1 0 1 0 1 11 5 1 1 1 1 57 1 0 1 2 2 2 248 135 1 1 1 1 1 19 1 1 1 0 1 4 160 1 0 1 6 56 1 1 0 1 1 1 1 1 1 0 0 0 0 1 1 1 1 5 1 0 1 1 1 1 2 190 179 1 1 0 1 1 22 150 129 123 2 0 1 1 1 53 183 1 0 0 0 0 1 1 0 0 1 152 70 1 1 1 1 160 171 3 1 0 0 0 0 1 1 187 1 0 0 0 0 0 0 0 0 0 2 54 0 0 0 0 3 0 0 0 0 1 46 8 0 1 1 0 0 0 0 0 0 2 22 27 246 83 0 1 1 1 1 1 1 1 17 122 143 163 159 159 159 159 156 63 1 1 0 0 0 0 0 0 0 0 0 0 0 0 0 0 0 0 0 0 3 5 1 0 0 0 0 0 0 0 0 0 0 0 0 0 0 0 0 0 0 0 0 0 0 0 0 0 0 0 0 9 2 0 0 0 0 0 0 0 0 0 0 0 0 0 0 0 0 0 0 0 0 0 0 0 0 0 0 0 0 0 11 4 0 0 0 0 0 0 1 119 215 1 0 0 1 7 1 1 0 0 0 0 3 7 2 2 1 0 1 1 0 1 1 1 0 0 0 1 3 0 0 5 76 1 1 1 7 0 0 0 1 1 0 0 0 0 0 0 0 0 0 1 1 202 10 0 1 1 172 82 0 0 0 0 0 1 1 1 0 1 223 249 5 0 0 0 0 0 0 0 0 0 0 0 0 0 0 0 0 0 0 0 0 1 9 0 0 0 0 0 0 1 2 150 218 218 171 6 1 1 17 132 1 0
1 1 1 1 1 1 4 16 3 2 1 1 1 255 238 1 1 0 0 1 1 0 0 0 0 1 164 83 1 0 0 0 0 0 0 0 1 1 1 1 0 0 0 0 0 0 0 6 4 0 0 1 1 25 35 5 1 1 2 226 145 1 1 1 1 1 0 0 0 0 0 0 0 0 1 1 1 1 174 2 0 1 11 203 157 169 224 13 1 1 1 52 161 177 179 179 179 169 50 1 1 1 1 1 1 59 4 171 1 1 4 1 1 1 1 1 2 2 0 0 0 1 135 117 1 1 1 1 14 100 2 1 0 1 1 18 0 1 1 1 15 28 1 0 1 1 15 3 1 1 0 1 1 60 1 0 0 1 2 1 87 248 6 1 1 1 1 4 8 1 1 1 1 152 9 1 0 0 1 5 55 1 1 1 0 1 1 1 1 1 1 0 0 0 0 1 1 5 1 0 1 1 1 1 1 4 202 162 1 1 5 135 120 131 62 1 0 1 1 1 0 1 172 92 1 0 0 0 1 0 0 1 30 170 1 1 1 1 1 1 41 188 191 73 1 0 0 1 12 173 0 0 0 0 0 0 0 0 0 0 2 50 0 0 0 1 3 0 0 0 2 69 5 1 1 1 0 0 0 0 1 5 27 19 1 1 248 146 146 145 145 145 146 147 143 141 98 6 1 2 0 0 0 1 1 78 158 157 11 1 1 0 0 0 0 0 0 0 0 0 0 0 0 0 1 6 2 0 0 0 0 0 0 0 0 0 0 0 0 0 0 0 0 0 0 0 0 0 0 0 0 0 0 0 0 0 0 3 9 1 0 0 0 0 0 0 0 0 0 0 0 0 0 0 0 0 0 0 0 0 0 0 0 0 0 0 0 1 22 0 0 0 0 0 0 0 2 229 3 0 0 0 1 20 1 1 1 0 0 0 0 2 8 1 3 2 1 0 0 0 1 1 0 0 1 3 1 0 0 1 97 1 1 1 7 0 0 0 1 1 0 0 0 0 0 0 0 0 0 1 1 9 202 1 1 161 105 0 0 0 0 0 0 0 0 1 1 1 1 152 253 53 1 0 0 0 0 0 0 0 0 0 0 0 0 0 0 0 0 0 0 0 9 0 0 0 0 0 0 1 1 1 1 2 151 217 215 169 159 191 1 0
1 1 1 1 4 32 38 1 1 1 0 1 1 255 119 1 1 0 0 1 1 0 0 0 0 0 1 178 34 1 0 0 0 0 0 0 0 0 0 1 1 1 0 0 0 0 0 1 17 1 2 34 31 1 1 0 1 1 1 23 232 49 1 1 1 1 0 0 0 0 0 0 0 0 0 0 1 1 159 24 1 1 1 209 6 1 215 165 176 176 175 143 15 1 1 1 1 1 1 0 0 1 1 1 0 57 1 17 167 3 1 0 0 1 1 3 2 0 0 0 1 41 106 83 1 1 0 1 1 25 74 1 1 1 3 10 1 1 1 1 19 21 1 1 1 18 2 1 0 0 0 0 1 59 1 0 0 0 1 3 1 204 244 1 1 1 0 1 5 9 3 1 1 169 1 1 1 1 1 1 20 20 1 1 1 1 1 1 1 1 1 1 1 0 0 0 1 1 2 0 0 1 1 1 1 1 47 197 183 150 134 83 130 3 1 1 1 1 1 1 0 1 17 193 1 1 1 1 1 0 1 1 187 2 1 1 0 1 1 1 1 1 2 159 194 174 30 2 186 2 0 0 0 0 0 0 0 0 0 0 10 25 0 0 0 3 1 0 1 20 60 1 1 1 1 0 0 0 0 1 26 10 1 0 0 1 246 1 0 0 0 0 0 1 1 0 0 1 1 2 0 0 0 0 1 1 1 1 131 160 67 1 0 0 0 0 0 0 0 0 0 0 1 5 5 1 0 0 0 0 0 0 0 0 0 0 0 0 0 0 0 0 0 0 0 0 0 0 0 0 0 0 0 0 0 0 0 0 2 15 1 0 0 0 0 0 0 0 0 0 0 0 0 0 0 0 0 0 0 0 0 0 0 0 0 0 0 24 1 0 0 0 0 0 0 1 171 200 1 0 0 0 4 1 18 1 1 1 0 0 0 0 1 8 2 2 3 1 1 1 1 1 1 1 1 6 2 0 0 1 95 1 0 1 6 1 0 0 1 1 0 0 0 0 0 0 0 0 0 0 1 1 206 145 202 106 0 0 0 0 0 0 0 0 0 0 0 1 1 1 29 252 72 1 0 0 0 0 0 0 0 0 0 0 0 0 0 0 0 0 0 0 9 1 0 0 0 0 0 0 0 0 0 1 1 1 20 184 3 83 184 58
31 39 37 35 20 2 7 1 1 0 0 1 4 255 9 1 1 0 1 1 1 0 0 0 0 0 0 1 187 2 1 0 0 0 0 0 0 0 0 0 0 1 1 0 0 0 1 1 38 35 24 1 1 0 0 0 0 1 1 1 140 226 3 1 1 1 1 0 0 0 0 0 0 0 0 0 1 1 116 101 1 1 1 211 39 158 195 1 1 1 1 1 1 1 1 1 1 1 0 0 1 1 1 0 0 56 1 1 53 139 1 1 0 1 5 1 1 0 0 1 1 89 23 125 1 0 0 1 1 1 45 58 1 1 13 1 1 1 1 3 34 6 1 1 20 1 1 1 0 0 0 0 2 46 1 1 1 0 1 1 3 1 237 222 1 1 1 1 2 1 3 9 59 190 29 1 1 1 1 1 1 72 1 1 1 1 1 1 1 1 1 1 1 1 0 0 1 1 3 0 0 1 1 1 1 1 56 210 36 152 145 89 8 9 7 2 1 1 1 1 1 1 1 156 124 1 1 1 1 1 1 133 99 1 1 0 0 5 9 9 9 4 3 10 44 36 176 192 214 99 2 1 0 0 0 0 0 0 0 1 39 5 0 0 0 4 0 1 62 16 1 0 0 0 0 0 0 0 2 26 1 0 0 0 0 1 246 0 0 0 0 0 0 1 1 0 0 0 1 2 0 0 0 0 0 0 1 1 0 1 77 161 28 0 0 0 0 0 0 0 0 2 6 1 0 0 0 0 0 0 0 0 0 0 0 0 0 0 0 0 0 0 0 0 0 0 0 0 0 0 0 0 0 0 0 0 0 0 0 1 12 12 1 0 0 0 0 0 0 0 0 0 0 0 0 0 0 0 0 0 0 0 0 0 0 0 6 7 0 0 0 0 0 0 0 2 229 4 1 0 0 1 4 0 1 18 1 1 1 0 0 0 0 1 7 3 1 3 2 1 1 1 1 1 2 2 6 0 0 1 64 8 0 1 1 6 0 0 0 1 1 1 0 0 0 0 0 0 0 0 1 1 2 151 4 0 1 1 1 1 0 0 0 0 0 0 0 0 0 1 1 13 253 13 1 0 0 0 0 0 0 0 0 0 0 0 0 0 0 0 0 0 3 4 0 0 0 0 0 0 0 0 0 0 0 0 0 29 186 182 172 216
2 1 1 1 1 1 9 1 0 0 1 1 28 255 2 1 1 1 1 1 0 0 0 0 0 0 0 0 3 187 1 1 0 0 0 0 0 0 0 0 0 0 1 1 1 1 8 47 83 1 0 0 0 0 0 0 0 1 1 1 1 193 213 1 1 1 1 1 0 0 0 0 0 0 0 0 1 1 128 84 1 1 1 248 223 189 5 1 1 1 1 1 1 1 1 1 2 0 0 1 1 1 0 0 0 58 2 1 1 86 112 1 1 4 1 1 1 1 1 1 44 34 136 9 1 1 1 1 1 3 12 107 68 12 4 6 10 13 18 27 37 1 3 15 1 1 0 0 0 0 0 0 15 12 1 1 1 1 0 1 1 3 2 246 158 1 1 1 3 1 1 1 185 18 74 130 136 97 13 1 1 45 6 1 1 1 1 1 1 1 1 1 1 1 1 1 0 1 3 1 0 1 1 1 1 2 203 151 178 189 6 1 1 1 1 4 6 6 4 1 1 1 1 70 179 3 0 1 1 1 16 176 1 1 0 0 0 9 1 0 1 2 3 1 7 1 1 2 69 143 192 171 160 23 1 1 0 0 0 1 63 1 0 0 1 3 19 62 1 1 1 0 0 0 0 0 0 3 20 1 0 0 0 0 0 8 244 1 1 0 0 0 0 0 1 0 0 1 2 1 0 0 0 0 0 0 0 1 1 1 0 1 111 92 1 0 0 0 0 1 3 2 0 0 0 0 0 0 0 0 0 0 0 0 0 0 0 0 0 0 0 0 0 0 0 0 0 0 0 0 0 0 0 0 0 0 0 0 0 0 0 1 15 8 1 0 0 0 0 0 0 0 0 0 0 0 0 0 0 0 0 0 0 0 0 1 22 0 0 0 0 0 0 0 0 2 232 1 0 0 1 5 1 0 0 1 18 2 1 1 0 0 0 0 1 4 6 1 2 2 0 1 0 1 3 4 1 0 0 0 34 23 1 1 1 8 0 0 0 0 0 0 0 0 0 0 0 0 0 0 0 0 1 7 4 1 1 0 0 1 0 0 0 0 0 0 0 0 0 0 1 1 75 252 1 0 0 0 0 0 0 0 0 0 0 0 0 0 0 0 0 0 0 5 3 0 0 0 0 0 0 0 0 0 0 0 0 0 1 1 0 1
9 1 1 1 1 1 9 1 0 0 1 1 155 255 1 1 1 1 0 1 0 0 0 0 0 0 0 0 1 33 179 1 1 0 0 0 0 0 0 0 0 0 1 1 24 47 12 1 3 6 0 0 0 0 0 0 0 0 1 1 1 1 219 181 1 1 1 1 1 0 0 0 0 0 0 0 1 1 38 154 1 1 230 231 1 1 2 2 1 0 0 1 1 0 0 0 1 1 1 1 1 0 0 0 1 71 1 0 0 1 144 98 4 1 0 0 1 1 2 12 56 136 6 17 56 57 55 55 53 38 17 17 136 149 52 59 59 57 51 30 4 11 11 1 1 1 1 1 1 1 1 1 44 2 1 1 1 1 1 0 1 1 3 67 249 25 1 1 2 1 0 1 191 1 1 1 1 17 61 94 46 52 95 5 1 1 1 1 1 1 1 1 2 2 1 1 1 1 1 3 2 3 2 1 1 141 195 188 70 2 1 1 1 1 1 0 0 1 2 5 6 8 7 23 147 162 1 1 1 1 185 2 1 0 0 0 0 9 0 0 0 0 0 1 7 0 0 0 0 0 1 53 148 139 171 134 2 1 1 1 66 0 0 1 7 149 136 2 1 1 1 0 0 0 0 0 4 16 1 0 0 0 0 0 0 151 237 1 0 0 0 0 1 1 1 1 1 3 1 0 0 0 0 0 0 0 0 0 0 1 1 0 1 53 108 1 0 0 1 5 2 0 0 0 0 0 0 0 0 0 0 0 0 0 0 0 0 0 0 0 0 0 0 0 0 0 0 0 0 0 0 0 0 0 0 0 0 0 0 0 0 0 0 2 15 1 0 0 0 0 0 0 0 0 0 0 0 0 0 0 0 0 0 0 0 21 1 0 0 0 0 0 0 0 0 3 232 1 1 0 2 2 0 0 0 0 1 17 2 1 1 0 0 0 0 0 2 9 1 3 1 1 0 1 2 4 1 1 0 0 16 45 1 1 0 8 0 0 0 0 0 0 0 0 0 0 0 0 0 0 0 1 1 1 17 0 0 0 0 1 1 0 0 0 0 0 0 0 0 0 0 1 1 217 244 1 0 0 0 0 0 0 0 0 0 0 0 0 0 0 0 0 0 0 7 1 0 0 0 0 0 0 0 0 0 0 0 0 0 0 0 0
190 2 1 1 1 0 8 1 0 0 1 1 246 253 1 1 1 1 1 1 0 0 0 0 0 0 0 0 0 1 101 160 1 1 0 0 0 0 0 0 1 1 39 48 3 1 0 0 1 19 0 0 0 0 0 0 0 0 1 0 1 1 8 228 116 1 1 1 1 1 0 0 0 0 1 2 76 113 115 200 115 2 252 26 1 1 1 3 1 1 1 1 0 0 0 1 1 1 1 0 0 0 1 1 1 56 0 0 0 1 4 161 39 1 0 0 1 3 3 54 160 96 74 33 2 1 1 1 1 1 1 2 55 176 149 75 125 131 132 126 143 111 23 8 3 2 9 127 132 134 134 116 151 19 1 1 1 1 1 1 1 1 1 2 179 249 145 1 1 2 1 162 84 1 1 0 1 1 10 2 18 13 3 12 12 1 1 1 1 1 1 1 1 1 2 1 1 1 1 2 1 1 2 3 8 212 186 9 4 1 1 1 1 1 0 0 1 1 1 1 1 1 1 1 3 193 30 1 1 155 61 1 1 0 0 0 0 9 0 0 0 0 0 1 7 0 0 0 0 0 0 1 156 1 1 29 169 161 23 2 66 1 4 90 145 3 3 95 110 122 108 52 2 1 1 7 12 1 1 0 0 0 0 0 0 105 240 1 0 0 0 0 0 1 0 0 1 3 0 0 0 0 0 0 0 0 0 0 0 0 1 1 1 0 83 61 0 1 6 1 0 0 0 0 0 0 0 0 0 0 0 0 0 0 0 0 0 0 0 0 0 0 0 0 0 0 0 0 0 0 0 0 0 0 0 0 0 0 0 0 0 0 0 0 1 14 2 0 0 0 0 0 0 0 0 0 0 0 0 0 0 0 0 0 8 25 1 0 0 0 0 0 0 0 0 4 230 1 0 1 4 0 0 0 0 0 0 1 14 3 1 1 0 0 0 0 0 1 8 2 3 1 1 2 1 3 2 1 0 0 6 71 1 0 0 8 1 0 0 0 0 0 0 0 0 0 0 1 1 1 1 1 1 0 3 7 0 0 0 0 1 1 0 0 0 0 0 0 0 0 0 0 1 1 239 238 1 0 0 0 0 0 0 0 0 0 0 0 0 0 0 0 0 0 1 8 0 0 0 0 0 0 0 0 0 0 0 0 0 0 0 0
175 147 1 1 1 1 8 1 0 0 1 1 255 202 1 1 1 0 1 1 0 0 0 0 0 0 0 0 0 0 1 147 132 1 1 0 0 0 1 3 46 39 1 0 1 0 0 0 0 21 1 0 0 0 0 0 0 0 1 1 0 1 1 90 229 22 1 1 1 1 1 1 1 1 44 107 12 1 1 8 177 235 252 9 1 1 1 1 4 1 1 0 0 0 0 1 1 1 0 0 0 1 1 1 1 44 0 0 1 1 1 1 157 8 1 1 3 1 57 171 130 2 1 1 1 1 1 1 1 1 2 43 4 1 148 66 3 1 1 13 19 40 91 114 132 137 115 6 3 2 2 6 124 56 49 1 1 1 1 1 1 1 1 2 1 127 249 239 10 1 3 195 1 1 0 1 1 1 1 8 13 1 1 1 25 1 1 1 1 1 1 1 0 0 1 2 1 1 1 1 1 1 1 3 206 197 67 1 4 1 0 0 0 0 0 0 1 1 1 1 1 1 1 0 1 54 197 90 130 154 1 1 0 0 0 0 0 9 0 0 0 0 0 1 5 0 0 0 0 0 0 1 156 0 0 0 1 3 139 169 162 146 131 32 1 0 0 0 0 4 1 20 101 55 11 7 0 0 1 1 0 0 0 0 0 3 245 1 1 0 0 0 0 0 0 0 3 1 1 1 0 0 0 0 0 0 0 0 0 0 0 0 1 1 1 162 6 4 1 0 0 0 0 0 0 0 0 0 0 0 0 0 0 0 0 0 0 0 0 0 0 0 0 0 0 0 0 0 0 0 0 0 0 0 0 0 0 0 0 0 0 0 0 0 0 0 10 2 0 0 0 0 0 0 0 0 0 0 0 0 0 0 0 1 46 1 6 2 0 0 0 0 0 0 0 3 232 1 1 4 1 0 0 0 0 0 0 0 1 11 5 1 1 1 0 0 0 0 1 6 4 3 2 3 1 1 1 1 1 0 1 96 1 0 0 7 1 0 0 0 0 0 0 0 1 1 1 1 1 1 0 0 0 0 0 17 1 0 0 0 0 1 1 1 0 0 0 0 0 0 0 0 0 1 1 239 241 1 1 0 0 0 0 0 0 0 0 0 0 0 0 0 0 0 0 6 2 0 0 0 0 0 0 0 0 0 0 0 0 0 0 0
2 202 25 1 1 1 6 1 1 1 1 2 255 52 1 1 1 0 1 0 0 0 0 0 0 0 0 0 0 0 1 1 168 79 1 1 1 8 48 28 1 0 0 0 1 1 0 0 0 17 1 0 0 0 0 0 0 0 0 1 0 0 1 1 168 224 3 1 1 0 1 1 1 101 38 1 1 1 1 1 1 252 198 99 1 1 1 1 1 4 1 0 0 0 1 2 1 0 0 0 1 2 1 0 15 10 0 1 1 1 0 0 1 166 3 3 1 32 175 58 1 1 1 1 0 0 0 0 1 3 42 3 1 1 1 97 2 1 9 2 1 1 1 1 1 1 1 0 0 0 1 1 97 13 64 74 2 1 2 2 1 1 1 1 2 1 1 220 250 213 52 186 1 1 1 1 1 0 1 1 1 12 4 1 22 2 1 1 1 1 1 1 0 0 0 1 2 1 1 1 1 22 172 178 209 152 1 1 4 1 0 0 0 1 0 1 1 1 1 0 1 1 1 1 1 2 191 136 95 1 1 0 0 0 0 0 0 9 0 0 0 0 0 3 2 0 0 0 0 0 0 1 156 0 0 0 0 0 0 1 1 0 0 1 1 0 0 0 0 4 0 0 1 18 99 4 4 3 1 1 0 0 0 0 0 1 246 1 1 0 0 0 0 0 0 1 4 1 1 1 1 1 1 0 0 0 0 0 0 0 0 0 0 1 9 177 1 0 0 0 0 0 0 0 0 0 0 0 0 0 0 0 0 0 0 0 0 0 0 0 0 0 0 0 0 0 0 0 0 0 0 0 0 0 0 0 0 0 0 0 0 0 0 0 0 0 1 11 2 0 0 0 0 0 0 0 0 0 0 0 0 0 0 21 5 0 0 4 3 0 0 0 0 0 0 1 233 1 3 1 0 0 0 0 0 0 0 0 0 0 7 10 1 1 1 0 0 0 0 1 3 7 3 4 1 1 1 1 1 0 1 98 1 0 0 6 1 1 1 1 1 1 1 1 1 1 0 0 0 0 0 0 0 0 0 2 12 0 0 0 0 0 1 1 1 1 0 0 0 0 0 0 0 1 1 1 233 246 1 1 0 0 0 0 0 0 0 0 0 0 0 0 0 0 0 1 8 0 0 0 0 0 0 0 0 0 0 0 0 0 0 0
1 38 200 3 1 1 1 7 1 1 1 6 255 4 1 1 1 0 1 0 0 0 0 0 0 0 0 0 0 0 0 1 1 183 13 17 47 14 1 1 0 0 0 0 0 1 1 0 0 1 13 0 0 0 0 0 0 0 0 1 0 0 1 1 1 207 206 1 1 1 1 10 108 4 1 1 1 1 0 1 59 252 188 10 1 1 1 1 1 1 3 1 0 1 1 1 0 0 0 1 2 1 0 0 46 1 1 1 1 0 0 0 0 7 174 1 11 146 135 1 1 0 0 0 0 0 0 1 4 39 3 1 1 1 1 2 102 14 1 1 0 1 1 1 1 0 1 1 0 0 1 1 48 3 3 83 136 133 132 95 36 1 1 1 1 3 1 1 11 243 252 163 1 1 1 1 1 0 0 1 1 1 10 6 15 70 73 71 77 2 1 1 1 1 1 0 1 5 20 23 4 170 3 184 177 20 1 1 5 1 0 0 1 1 1 1 0 1 1 1 1 0 0 0 0 1 186 1 1 1 1 1 0 0 0 0 1 9 0 0 0 0 0 6 1 0 0 0 0 0 0 1 158 0 0 0 0 0 1 1 0 0 0 1 1 0 0 0 1 5 0 0 0 0 35 13 1 1 4 4 4 5 5 3 1 1 246 1 1 0 0 0 1 1 2 3 2 0 1 1 1 1 1 1 1 0 0 0 0 0 0 0 1 25 6 15 150 6 0 0 0 0 0 0 0 0 0 0 0 0 0 0 0 0 0 0 0 0 0 0 0 0 0 0 0 0 0 0 0 0 0 0 0 0 0 0 0 0 0 0 0 0 0 0 0 0 0 1 13 1 0 0 0 0 0 0 0 0 0 0 0 0 2 31 0 0 0 0 2 5 1 0 0 0 0 1 233 1 3 0 0 0 0 0 0 0 0 0 0 0 0 3 16 1 1 1 0 0 0 0 0 1 12 1 3 1 1 1 1 1 1 76 5 0 0 2 5 1 0 0 0 0 0 0 0 0 0 0 0 0 0 0 0 0 0 0 15 1 0 0 0 0 0 0 1 1 1 0 0 0 0 0 0 0 1 1 1 219 249 3 1 1 0 0 0 0 0 0 0 0 0 0 0 0 0 0 8 1 0 0 0 0 0 0 0 0 0 0 0 0 0 0
1 1 161 167 1 1 1 2 6 1 1 54 255 1 1 1 0 1 1 0 0 0 0 0 0 0 0 0 0 0 0 1 3 171 221 11 1 1 1 0 0 0 0 0 0 0 1 0 0 1 21 0 0 0 0 0 0 0 0 0 1 0 0 1 1 2 225 167 1 1 3 100 1 1 0 0 1 0 1 1 250 205 151 170 1 1 1 1 0 1 2 2 1 1 1 1 1 0 1 2 1 0 0 0 55 1 1 1 0 0 0 1 3 2 9 168 108 173 1 1 0 0 0 0 0 0 1 5 36 2 1 1 1 0 1 1 18 95 1 1 1 1 0 0 0 1 1 1 1 1 1 2 29 1 1 1 2 2 2 22 87 138 66 1 1 1 4 1 1 2 221 249 240 21 1 1 1 1 1 1 0 1 1 3 1 1 1 1 2 50 1 1 1 1 1 12 22 13 1 1 39 140 109 203 4 15 1 1 5 1 0 0 0 1 1 1 0 0 0 1 1 1 0 0 0 1 184 1 1 0 1 1 0 0 0 0 0 9 0 0 0 0 0 7 1 0 0 0 0 0 0 1 158 1 0 0 0 0 1 0 0 0 0 0 1 0 0 0 1 3 0 0 0 1 25 1 9 3 0 0 1 0 1 1 5 5 248 4 4 4 3 3 3 2 1 3 1 1 1 0 0 0 0 1 1 1 0 0 0 0 0 7 25 1 0 0 1 132 59 1 0 0 0 0 0 0 0 0 0 0 0 0 0 0 0 0 0 0 0 0 0 0 0 0 0 0 0 0 0 0 0 0 0 0 0 0 0 0 0 0 0 0 0 0 0 0 0 0 1 15 1 0 0 0 0 0 0 0 0 0 0 1 46 1 0 0 0 0 0 1 6 1 0 0 0 1 233 5 0 0 0 0 0 0 0 0 0 0 0 0 0 0 2 20 2 1 1 1 0 0 0 0 1 9 1 3 1 0 1 1 0 35 22 0 0 1 9 0 0 0 0 0 0 0 0 0 0 0 0 0 0 0 0 0 0 0 1 16 0 0 0 0 0 0 0 0 1 1 0 0 0 0 0 0 0 1 1 1 175 253 17 1 1 1 0 0 0 0 0 0 0 0 0 0 0 0 2 6 0 0 0 0 0 0 0 0 0 0 0 0 0 0
1 1 1 200 55 1 1 1 7 1 1 194 255 1 1 1 0 1 1 0 0 0 0 0 0 0 0 1 1 1 22 177 177 31 59 201 1 1 0 0 0 0 0 0 0 0 1 1 0 0 22 1 0 0 0 0 0 0 0 0 1 0 0 1 1 8 97 235 123 4 99 2 1 1 0 0 1 0 1 4 253 3 1 129 165 1 1 1 1 0 1 3 1 1 1 1 1 1 1 0 0 0 0 1 63 1 0 0 0 0 1 5 1 1 1 149 217 3 1 1 0 0 0 0 0 0 2 45 3 1 1 1 1 0 1 4 1 8 77 1 1 1 1 0 0 0 0 0 0 1 0 12 8 1 0 0 1 1 1 1 1 4 144 2 1 1 1 3 1 167 81 1 218 250 218 2 1 1 1 1 0 0 1 1 0 0 0 1 1 56 1 1 3 21 18 2 1 1 1 1 138 17 203 100 1 14 1 1 6 1 1 0 0 1 1 1 0 0 0 0 1 1 1 0 0 3 173 1 1 0 0 1 0 0 0 0 0 9 0 0 0 0 0 8 0 0 0 0 0 0 0 1 158 1 0 0 0 0 1 0 0 0 0 0 1 1 0 0 4 1 0 0 0 8 4 0 0 5 4 1 1 0 0 0 0 6 245 1 1 1 1 0 0 1 1 1 2 0 0 0 0 0 0 0 0 1 1 0 0 1 22 7 1 0 0 0 0 1 82 66 0 0 0 0 0 0 0 0 0 0 0 0 0 0 0 0 0 0 0 0 0 0 0 0 0 0 0 0 0 0 0 0 0 0 0 0 0 0 0 0 0 0 0 0 0 0 0 0 0 1 15 1 0 0 0 0 0 0 0 0 0 7 16 0 0 0 0 0 0 1 1 6 2 0 1 11 230 1 0 0 0 0 0 0 0 0 0 0 0 0 0 0 0 1 16 3 1 1 1 0 0 0 1 1 9 1 4 1 1 1 0 19 40 0 0 0 9 0 0 0 0 0 0 0 0 0 0 0 0 0 0 0 0 0 0 0 0 12 2 0 0 0 0 0 0 0 0 1 1 0 0 0 0 0 0 1 0 1 1 99 254 62 0 1 1 1 0 0 0 0 0 0 0 0 0 0 0 9 0 0 0 0 0 0 0 0 0 0 0 0 0 0
0 1 1 11 205 3 1 1 3 3 1 252 249 1 1 1 1 1 0 0 0 0 0 0 0 1 1 1 95 181 169 4 1 2 19 95 188 1 1 0 0 0 0 0 0 0 0 1 1 0 12 2 0 0 0 0 0 0 0 0 1 1 1 35 45 12 1 120 234 137 2 1 0 1 1 0 1 0 1 240 242 2 1 43 50 149 1 1 1 1 1 1 3 1 1 1 2 1 0 0 0 1 1 1 64 1 0 0 0 1 5 1 1 1 68 176 179 166 1 1 1 0 0 0 0 1 48 4 1 1 1 1 1 2 3 1 1 1 16 63 1 1 1 1 0 0 0 0 0 1 1 38 1 1 1 0 1 1 1 1 1 1 59 117 1 1 1 1 2 198 1 1 1 10 241 247 148 1 1 1 1 1 0 0 0 0 0 0 1 2 67 21 10 1 1 1 1 1 1 1 154 175 185 1 1 14 1 1 1 4 4 1 1 1 1 1 1 1 1 1 1 1 1 0 0 31 147 1 1 1 0 1 0 0 0 0 0 9 0 0 0 0 0 8 0 0 0 0 0 0 0 0 159 1 0 0 0 0 1 0 0 0 0 0 1 1 0 0 5 1 0 0 0 26 1 0 0 1 8 2 0 0 0 0 1 238 161 0 0 1 1 1 1 1 1 1 4 0 0 0 0 0 0 0 0 0 1 1 2 28 2 0 0 0 0 0 0 0 1 157 0 0 0 0 0 0 0 0 0 0 0 0 0 0 0 0 0 0 0 0 0 0 0 0 0 0 0 0 0 0 0 0 0 0 0 0 0 0 0 0 0 0 0 0 0 0 0 0 0 0 1 15 2 0 0 0 0 0 0 0 0 46 1 0 0 0 0 0 0 1 1 1 4 3 1 217 113 0 0 0 0 0 0 0 0 0 0 0 0 0 0 0 0 0 1 11 5 1 1 1 0 0 1 0 1 9 2 3 4 2 1 8 65 0 0 0 9 0 0 0 0 0 0 0 0 0 0 0 0 0 0 0 0 0 0 0 0 1 17 0 0 0 0 0 0 0 0 0 1 0 0 0 0 0 1 1 0 1 1 1 36 254 120 0 0 1 1 1 0 0 0 0 0 0 0 0 0 5 3 0 0 0 0 0 0 0 0 0 0 0 0 0
0 1 1 1 141 181 1 1 3 3 1 255 161 1 1 1 1 1 0 0 0 0 0 1 1 2 148 182 155 2 1 1 1 6 2 4 150 173 1 1 0 0 0 0 0 0 0 0 1 1 1 18 0 0 0 0 0 0 0 1 6 50 43 2 1 1 1 1 183 217 2 1 0 0 1 1 0 1 1 253 13 1 1 25 3 176 2 1 1 1 1 0 1 2 3 2 1 0 0 1 1 1 1 1 61 0 0 0 1 4 1 0 1 35 107 175 1 153 145 1 1 1 0 0 0 17 15 1 1 1 1 1 3 2 1 0 1 1 1 33 44 1 1 1 0 0 0 0 0 1 1 45 1 0 1 1 1 1 1 1 0 1 1 20 134 33 1 1 19 196 1 1 1 1 1 155 250 228 1 1 1 1 1 0 0 0 0 0 0 1 1 9 1 0 0 0 1 1 1 75 151 205 9 2 2 4 10 1 1 1 2 4 2 1 1 1 1 0 0 1 1 1 0 0 1 138 40 1 1 1 1 1 1 0 0 0 0 9 0 0 0 0 0 8 0 0 0 0 0 0 0 0 159 1 0 0 0 1 1 1 0 0 0 0 1 1 0 1 4 1 0 0 0 27 0 0 0 0 1 12 1 0 0 0 18 244 1 0 1 1 0 1 1 1 1 0 4 0 0 0 0 0 0 0 0 0 1 10 17 1 1 1 0 0 0 0 1 1 1 157 0 0 0 0 0 0 0 0 0 0 0 0 0 0 0 0 0 0 0 0 0 0 0 0 0 0 0 0 0 0 0 0 0 0 0 0 0 0 0 0 0 0 0 0 0 0 0 0 0 0 0 1 12 3 0 0 0 0 0 0 0 47 0 0 0 0 0 0 1 1 0 0 0 2 36 229 1 0 0 0 0 0 0 0 0 0 0 0 0 0 0 0 0 0 1 1 7 8 1 1 1 0 1 1 0 1 8 2 1 3 4 7 91 1 1 1 9 0 0 0 0 0 0 0 0 0 0 0 0 0 0 0 0 0 0 0 0 0 8 3 0 0 0 0 0 0 0 0 1 0 0 0 0 0 0 1 0 0 0 1 1 10 253 163 1 0 0 1 1 1 0 0 0 0 0 0 0 1 9 1 0 0 0 0 0 0 0 0 0 0 0 0
0 1 1 1 1 192 97 1 11 1 3 255 18 1 1 1 1 1 1 0 0 1 1 12 170 182 93 1 1 7 1 1 1 12 1 1 3 177 142 1 1 0 0 0 0 0 0 0 0 1 0 22 0 0 0 0 1 1 28 49 16 1 0 0 0 0 1 1 1 210 195 1 1 0 0 1 1 1 191 252 2 1 1 1 38 31 163 1 1 0 1 1 1 2 10 1 0 1 1 1 1 1 1 0 61 0 0 3 4 1 0 1 10 64 190 3 1 1 172 115 1 1 1 0 1 58 2 1 1 1 1 5 1 1 1 0 0 1 1 1 49 28 1 0 0 0 0 0 0 0 1 46 1 0 0 0 0 0 1 1 1 1 1 2 2 136 1 1 193 22 1 0 1 1 1 1 2 236 232 1 1 1 1 1 1 1 1 1 1 1 1 1 5 1 0 0 0 1 2 153 200 129 3 1 1 1 2 5 1 1 1 1 2 3 1 1 1 1 1 1 1 1 1 1 13 157 1 1 0 0 1 1 1 0 0 0 0 9 0 0 0 0 0 8 0 0 0 0 0 0 0 0 159 1 0 1 1 1 0 1 0 0 0 0 1 1 0 1 3 0 0 0 1 24 0 0 0 0 0 1 11 1 0 1 243 51 1 0 1 1 0 0 0 1 0 0 4 1 0 0 0 0 0 0 0 1 18 5 0 0 0 1 1 0 0 0 0 1 1 151 0 0 0 0 0 0 0 0 0 0 0 0 0 0 0 0 0 0 0 0 0 0 0 0 0 0 0 0 0 0 0 0 0 0 0 0 0 0 0 0 0 0 0 0 0 0 0 0 0 0 0 0 0 7 7 0 0 0 0 0 4 22 0 0 0 0 0 1 1 0 0 0 0 1 227 15 0 0 0 0 0 0 0 0 0 0 0 0 0 0 0 0 0 0 1 0 0 5 15 1 1 1 1 1 1 1 1 7 5 1 0 1 89 1 0 0 8 1 0 0 0 0 0 0 0 0 0 0 0 0 0 0 0 0 0 0 0 0 1 18 1 0 0 0 0 0 0 0 1 0 0 0 0 0 0 1 0 0 0 0 1 1 4 250 192 1 0 0 0 1 1 0 0 0 0 0 0 0 2 6 0 0 0 0 0 0 0 0 0 0 0 0
0 0 1 0 1 3 208 8 13 1 11 255 3 1 1 1 1 0 1 1 1 51 176 176 37 1 1 1 1 7 3 15 9 1 1 1 1 3 192 77 1 0 0 0 0 0 0 0 0 1 1 19 1 0 1 4 49 46 3 1 0 1 0 0 0 0 0 1 1 3 226 148 1 1 0 0 1 1 252 138 1 1 1 1 9 11 106 179 4 1 1 6 5 2 4 3 1 1 0 1 1 1 0 1 56 1 4 1 1 1 1 2 75 187 31 1 1 1 1 187 66 1 1 1 1 52 2 1 1 1 5 1 1 1 0 0 0 0 1 1 1 68 15 1 0 0 0 0 0 0 1 46 0 0 0 0 0 0 0 1 1 1 1 1 2 99 153 197 117 1 1 1 1 1 1 0 1 1 237 225 1 1 1 1 1 1 1 1 1 1 1 1 2 3 1 0 0 1 128 178 193 3 1 1 1 1 1 8 1 2 1 1 1 1 3 2 1 1 1 1 2 2 2 1 45 125 1 1 0 0 1 1 0 0 0 0 0 9 1 0 0 0 1 8 0 0 0 0 0 0 0 0 159 1 1 1 0 0 0 0 0 0 0 0 1 1 0 3 1 0 0 0 3 11 0 0 0 0 0 0 1 12 4 226 218 1 1 0 0 1 0 0 0 1 0 0 1 2 0 0 0 0 0 0 1 20 2 0 0 0 0 0 1 1 0 0 0 0 3 149 0 0 0 0 0 0 0 0 0 0 0 0 0 0 0 0 0 0 0 0 0 0 0 0 0 0 0 0 0 0 0 0 0 0 0 0 0 0 0 0 0 0 0 0 0 0 0 0 0 0 0 0 0 1 3 15 1 0 0 0 43 1 0 0 0 0 0 1 0 0 0 0 0 153 203 1 0 0 0 0 0 0 0 0 0 0 0 0 0 0 0 0 0 1 1 0 0 0 2 21 2 1 1 1 1 1 1 1 2 9 8 2 80 7 10 11 32 3 0 0 0 0 0 0 0 0 0 0 0 0 0 0 0 0 0 0 0 0 0 5 5 0 0 0 0 0 0 0 1 0 0 0 0 0 0 1 0 0 0 0 0 1 1 2 250 207 1 0 0 0 1 1 1 0 0 0 0 0 0 4 3 0 0 0 0 0 0 0 0 0 0 0
0 1 1 0 1 1 97 193 15 1 118 255 1 1 1 1 1 1 2 110 182 166 10 1 1 1 0 0 0 1 2 1 1 1 0 0 1 1 3 204 14 1 1 0 0 0 0 0 0 0 1 2 12 26 49 23 1 0 0 0 0 1 0 0 0 0 0 0 1 1 27 230 56 1 1 1 1 41 253 2 1 1 1 1 1 47 13 5 187 10 4 1 1 1 1 3 1 1 1 1 0 0 0 1 39 5 1 0 0 1 2 83 164 104 1 1 0 1 1 1 192 24 1 1 2 50 1 1 1 5 1 1 1 0 0 0 0 0 0 1 1 1 84 7 1 1 0 0 0 0 1 42 0 0 0 0 0 0 0 1 1 1 1 1 54 180 193 1 1 1 0 1 0 0 0 0 0 1 1 246 204 1 1 1 1 1 1 1 1 1 1 1 1 5 3 1 1 17 165 209 19 1 1 1 1 1 1 11 3 1 0 1 1 1 1 2 3 2 3 1 1 1 1 2 53 115 0 0 0 1 1 1 0 0 0 0 0 8 1 0 0 0 1 8 0 0 0 0 0 0 0 1 158 1 0 0 0 0 0 0 0 0 0 0 0 1 1 5 1 0 0 0 2 17 0 0 0 0 0 0 0 1 4 239 186 1 0 0 0 1 0 0 1 1 1 0 1 4 0 0 0 0 0 0 16 2 0 1 1 0 0 0 0 1 1 0 0 0 0 72 133 1 0 0 0 0 0 0 0 0 0 0 0 0 0 0 0 0 0 0 0 0 0 0 0 0 0 0 0 0 0 0 0 0 0 0 0 0 0 0 0 0 0 0 0 0 0 0 0 0 0 0 0 0 0 1 15 2 0 0 41 0 0 0 0 0 0 0 0 0 0 0 1 231 1 0 0 0 0 0 0 0 0 0 0 0 0 0 0 0 0 0 1 1 0 0 0 0 0 1 15 4 1 1 1 1 1 1 1 1 1 8 101 21 1 1 1 27 0 0 0 0 0 0 0 0 0 0 0 0 0 0 0 0 0 0 0 0 0 1 18 1 0 0 0 0 0 0 1 0 0 0 0 0 0 1 0 0 0 0 0 0 1 1 1 249 203 0 0 0 0 0 1 1 1 0 0 0 0 1 5 2 0 0 0 0 0 0 0 0 0 0
0 0 1 0 1 1 1 187 149 1 237 255 1 1 1 1 4 150 182 142 2 1 1 1 0 0 0 0 1 1 1 0 0 0 0 0 0 1 2 4 207 2 1 1 0 0 0 0 0 1 3 38 82 3 1 0 0 0 0 0 0 1 0 0 0 0 0 0 0 1 1 142 226 4 1 0 1 249 224 1 1 1 1 1 1 35 82 34 145 74 1 1 1 1 1 1 4 1 1 0 0 0 0 3 43 1 0 0 0 1 59 68 199 1 1 1 0 0 0 1 3 198 21 12 41 13 1 2 3 1 1 1 0 0 0 0 0 0 0 0 0 1 1 98 3 1 1 0 0 0 3 23 0 0 0 0 0 0 0 1 1 1 46 128 45 39 146 1 1 1 0 1 0 0 0 0 0 0 1 5 247 192 1 1 1 1 1 1 1 1 1 1 1 1 4 3 1 157 205 134 2 1 1 0 1 1 6 3 2 3 2 1 0 1 1 1 1 3 4 3 4 4 4 3 46 107 1 1 1 1 1 1 0 0 0 0 0 1 6 0 0 0 1 7 0 0 0 0 0 0 0 2 151 1 0 0 0 0 0 0 0 0 0 0 0 1 1 5 1 0 0 0 1 22 0 0 0 0 0 0 0 1 1 16 245 6 0 0 0 1 1 0 1 1 0 1 0 4 1 0 0 0 0 5 8 0 0 1 0 0 0 0 0 0 1 1 0 0 0 1 7 154 30 1 0 0 0 0 0 0 0 0 0 0 0 0 0 0 0 0 0 0 0 0 0 0 0 0 0 0 0 0 0 0 0 0 0 0 0 0 0 0 0 0 0 0 0 0 0 0 0 0 0 0 0 0 0 8 6 2 28 0 0 0 0 0 0 0 0 0 0 0 186 186 1 0 0 0 0 0 0 0 0 0 0 0 0 0 0 0 0 0 1 0 0 0 0 0 0 0 1 14 3 1 1 0 1 1 1 1 0 1 80 46 12 13 13 79 0 0 0 0 0 0 0 0 0 0 0 0 0 0 0 0 0 0 0 0 0 0 3 9 0 0 0 0 0 0 1 0 0 0 0 0 0 0 0 0 0 0 0 0 0 0 1 2 255 1 0 0 0 0 0 0 1 1 1 0 0 0 0 6 2 0 0 0 0 0 0 0 0 0
0 0 1 1 1 1 1 1 212 29 255 235 1 1 15 169 181 95 1 1 1 0 0 0 0 0 1 1 1 0 0 0 0 0 0 0 0 0 1 3 27 201 1 1 1 0 1 1 12 37 16 1 4 1 0 0 0 0 0 0 0 1 1 0 0 0 0 0 0 0 1 1 194 213 1 1 3 253 4 1 1 1 1 1 27 60 1 30 1 172 7 1 0 1 1 1 1 3 1 0 0 0 1 9 12 1 0 1 1 22 21 204 16 63 2 1 1 0 0 0 1 40 208 25 7 1 4 2 1 1 0 0 0 0 0 0 0 0 0 0 0 0 1 1 105 1 1 0 0 0 9 12 0 0 0 0 0 1 1 1 54 125 45 1 1 1 178 1 1 0 0 1 0 0 0 0 0 0 1 1 9 247 229 2 1 1 1 1 1 1 1 1 1 0 1 4 84 167 212 35 1 1 1 1 1 4 3 1 1 1 1 3 1 1 1 1 1 0 1 1 1 1 1 1 118 28 0 0 0 0 0 0 0 0 0 0 0 0 10 2 2 2 3 15 6 6 6 6 6 6 6 42 172 2 1 1 0 0 0 0 1 1 1 1 1 0 1 4 1 0 0 0 1 20 0 0 0 0 0 0 1 1 4 2 129 241 1 0 0 1 1 1 1 1 1 1 1 1 4 0 0 0 2 17 1 0 0 1 1 0 0 0 0 0 0 1 1 0 0 0 1 1 97 131 1 1 0 0 0 0 0 1 1 1 1 1 1 0 0 0 0 1 47 123 119 75 11 2 1 1 0 0 0 0 0 0 0 0 0 0 0 0 0 0 0 0 0 0 0 0 0 0 0 0 0 0 0 16 144 132 1 0 0 0 0 0 0 0 0 0 0 1 232 1 0 0 0 0 0 0 0 0 0 0 0 0 0 0 0 0 0 1 1 0 0 0 0 0 0 0 0 1 17 2 1 1 1 1 1 1 1 1 85 41 1 1 1 60 3 0 0 0 0 0 0 0 0 0 0 0 0 0 0 0 0 0 0 0 0 0 0 17 1 0 0 0 0 0 1 0 0 0 0 0 0 0 0 0 0 0 0 0 0 0 0 1 255 46 3 0 0 0 0 0 0 0 1 1 1 0 0 0 5 4 0 0 0 0 0 0 0 0
1 1 1 1 1 1 1 1 54 207 255 113 44 176 175 40 1 1 1 0 0 0 0 0 1 1 1 0 0 0 0 0 0 0 0 0 0 0 0 1 3 95 191 1 1 1 25 36 5 1 1 0 4 1 0 0 0 0 0 0 0 0 1 0 0 0 0 0 0 0 0 1 1 218 185 1 230 248 1 1 4 52 54 51 10 8 1 23 2 2 174 4 1 0 1 1 1 1 3 1 0 1 1 12 2 0 1 1 5 55 185 134 1 2 49 54 1 0 0 1 1 45 48 194 1 6 1 1 1 1 1 1 0 0 0 0 0 0 0 0 0 0 0 1 2 102 1 1 0 1 9 12 0 0 0 0 1 1 46 123 33 1 1 1 0 1 174 3 1 0 1 1 0 0 0 0 0 0 0 1 1 2 237 251 234 17 1 1 1 1 1 1 1 1 1 1 135 213 54 4 9 2 1 1 3 7 0 1 1 1 1 1 2 1 1 1 1 1 1 120 141 143 145 144 56 1 0 0 0 0 0 0 0 0 0 0 0 0 5 4 1 1 1 1 1 1 1 1 1 1 1 12 45 115 15 1 1 0 0 0 1 1 1 1 1 1 2 2 0 0 0 0 6 6 0 0 0 0 0 0 1 1 6 0 1 224 222 1 0 1 1 1 1 0 0 1 0 0 2 1 1 2 19 1 0 0 1 1 1 0 0 0 0 0 0 0 0 0 0 0 0 4 136 159 9 12 13 14 14 13 10 15 14 15 10 1 1 1 1 1 10 110 39 1 2 20 90 123 128 130 127 112 110 119 127 126 98 2 1 0 0 0 0 0 0 0 0 0 0 0 0 0 0 0 0 0 1 130 1 6 40 0 0 0 0 0 0 0 0 0 0 22 225 1 0 0 0 0 0 0 0 0 0 0 0 0 0 0 0 0 1 1 0 0 0 0 0 0 0 0 0 0 1 21 1 1 1 1 1 1 1 1 121 9 0 0 1 1 73 0 0 0 0 0 0 0 0 0 0 0 0 0 0 0 0 0 0 0 0 0 0 2 11 0 0 0 0 0 1 0 0 0 0 0 0 1 1 0 0 0 0 0 0 0 0 0 250 187 4 3 0 0 0 0 0 0 0 0 1 1 0 0 0 3 8 1 0 0 0 0 0 0
1 0 0 1 1 1 1 1 1 188 255 185 165 9 1 1 1 1 0 0 0 1 1 1 1 0 0 0 0 0 0 0 0 0 0 0 0 0 0 1 1 3 149 190 38 24 1 1 0 0 0 0 1 3 1 0 0 0 0 0 0 0 1 0 0 0 0 0 0 0 0 0 1 5 229 115 253 51 24 53 26 1 1 1 1 1 8 6 7 1 5 174 1 1 1 1 1 1 2 2 1 1 0 21 1 0 1 1 91 197 142 1 1 1 1 3 56 1 0 1 40 2 1 104 191 1 1 1 0 0 1 1 1 0 0 0 0 0 0 0 0 0 0 0 1 4 95 1 1 1 44 1 0 0 1 1 52 124 43 1 1 1 0 0 0 1 45 143 1 0 1 0 0 0 0 0 0 0 0 0 0 1 1 10 233 251 250 202 3 1 1 1 1 1 1 51 206 164 5 0 1 5 6 2 12 1 1 1 1 0 0 0 1 2 1 1 1 1 117 8 1 1 1 1 9 0 0 0 0 0 0 0 0 0 0 0 0 0 1 13 1 0 0 0 0 0 0 0 0 0 0 13 10 1 85 99 19 2 1 1 1 1 0 0 1 1 4 1 0 0 0 0 21 1 0 0 0 0 0 1 1 3 2 0 0 1 242 106 1 1 1 1 1 1 1 1 1 1 1 4 2 18 1 0 0 0 0 1 1 0 0 0 0 0 0 0 0 1 2 120 155 139 4 1 0 0 0 0 1 1 1 1 0 0 2 14 14 14 43 166 81 2 1 0 0 0 0 0 1 1 1 4 5 2 1 1 8 119 132 67 1 1 0 0 0 0 0 0 0 0 0 0 0 0 0 1 101 8 0 0 19 19 0 0 0 0 0 0 0 0 1 228 15 0 0 0 0 0 0 0 0 0 0 0 0 0 0 0 0 0 1 0 0 0 0 0 0 0 0 0 0 0 0 1 21 1 1 1 1 1 1 25 111 1 1 0 0 1 76 1 0 0 0 0 0 0 0 0 0 0 0 0 0 0 0 0 0 0 0 0 1 1 16 1 0 0 0 0 1 0 0 0 0 0 0 1 1 0 0 0 0 0 0 0 0 0 252 125 0 3 4 0 0 0 0 0 0 0 0 0 1 1 0 0 1 7 6 1 0 0 0 0
1 1 1 1 1 1 1 3 162 219 255 69 1 1 1 1 0 0 0 1 1 1 0 0 0 0 0 0 0 0 0 0 0 0 0 0 0 0 1 1 2 19 26 176 158 1 1 1 0 0 0 0 1 4 1 0 0 0 0 0 0 0 1 1 0 0 0 0 0 0 0 0 1 1 69 237 253 62 4 1 1 1 0 1 1 1 37 1 1 9 1 82 130 1 1 1 1 1 1 2 1 1 0 25 1 1 1 74 200 49 1 1 1 1 1 1 70 1 1 16 8 1 1 2 137 173 1 1 0 0 0 0 1 0 0 0 0 0 0 0 0 0 0 0 0 1 69 17 1 1 47 1 1 1 59 123 34 1 1 1 1 0 0 0 0 0 1 181 1 1 1 0 0 0 0 0 0 0 0 0 0 0 1 1 1 1 148 247 251 222 1 1 1 1 1 186 206 16 1 0 0 0 2 46 1 0 1 1 1 1 1 0 1 1 2 2 1 12 104 1 1 1 1 1 10 0 0 0 0 0 0 0 0 0 0 0 0 0 0 3 4 0 0 0 0 0 0 0 0 0 0 13 9 1 1 6 77 117 120 110 34 2 1 1 1 1 4 1 0 0 0 0 22 1 0 0 0 0 0 1 1 8 2 1 0 1 47 244 1 0 0 2 1 1 42 153 142 56 102 164 28 1 1 1 1 1 1 1 1 0 0 0 0 1 76 155 157 155 150 13 1 1 1 1 0 0 0 0 0 0 0 0 0 1 1 1 4 78 149 3 0 0 0 0 0 0 0 0 0 0 1 1 1 0 0 0 0 1 1 27 130 121 2 0 0 0 0 0 0 0 0 0 0 0 0 11 95 0 0 0 0 61 2 0 0 0 0 0 0 1 202 170 0 0 0 0 0 0 0 0 0 0 0 0 0 0 0 0 0 1 1 0 0 0 0 0 0 0 0 0 0 0 0 0 2 16 1 1 1 0 0 85 32 2 1 0 0 1 2 64 0 0 0 0 0 0 0 0 0 0 0 0 0 0 0 0 0 0 0 0 1 0 1 15 0 0 0 0 1 0 0 0 0 0 0 1 0 0 0 0 0 0 0 0 0 1 255 3 0 0 3 5 1 0 0 0 0 0 0 0 0 1 1 1 0 0 2 9 3 1 0 0
1 1 1 1 1 10 182 196 136 233 255 122 1 1 1 1 1 1 1 1 0 0 0 0 0 0 0 0 0 0 0 1 1 1 1 1 1 1 6 22 12 1 1 1 188 114 1 1 1 0 0 0 0 4 1 1 0 0 0 0 0 0 0 1 1 0 0 0 0 0 0 1 1 5 26 243 252 10 1 1 1 1 1 1 1 1 41 0 1 1 9 1 172 10 1 1 1 1 1 1 2 1 1 31 1 1 41 163 177 1 1 1 1 1 1 1 43 6 11 18 1 1 1 1 1 164 152 1 1 0 0 0 1 1 0 0 0 0 0 0 0 0 0 0 0 0 1 78 49 1 46 1 59 123 27 1 1 1 1 1 0 0 0 0 0 0 1 138 60 1 1 1 0 0 0 0 0 0 0 0 0 1 1 0 0 1 1 1 13 243 245 1 1 1 112 215 83 1 1 1 0 1 15 22 1 0 1 1 0 1 1 1 1 0 1 2 2 114 4 1 1 1 0 1 10 1 0 0 0 0 0 0 0 0 0 0 0 0 0 0 11 1 0 0 0 0 0 0 0 0 0 14 9 0 0 1 1 1 1 8 74 128 128 97 14 1 4 1 0 0 0 1 22 0 0 0 0 0 1 1 0 8 1 3 1 1 2 247 1 1 1 1 166 184 147 31 46 136 100 36 154 154 45 2 1 1 1 1 1 1 1 1 1 155 73 1 1 1 1 1 0 0 0 0 0 0 0 0 0 0 1 2 81 137 139 137 117 18 1 0 0 0 0 0 0 0 0 0 0 0 1 1 1 0 0 0 0 0 0 0 1 2 122 28 0 0 0 0 0 0 0 0 0 0 1 135 1 0 0 0 0 1 73 1 0 0 0 0 0 176 197 1 0 0 0 0 0 0 0 0 0 0 0 0 0 0 0 0 1 1 0 0 0 0 0 0 0 0 0 0 0 0 0 0 0 8 5 1 1 0 1 127 1 3 1 0 0 0 1 60 3 0 0 0 0 0 0 0 0 0 0 0 0 0 0 0 0 0 0 1 1 0 0 13 2 0 0 0 1 0 0 0 0 0 0 1 0 0 0 0 0 0 0 0 0 1 255 1 0 0 0 2 6 1 0 0 0 0 0 0 0 0 0 1 1 1 0 0 4 7 1 0
1 1 1 43 191 194 72 1 1 255 239 50 59 1 1 1 0 0 0 0 0 0 0 0 0 0 0 0 0 0 0 0 0 0 1 1 16 22 5 1 0 0 0 1 1 200 43 1 1 0 0 0 0 2 1 1 1 0 0 0 0 0 0 0 1 0 0 0 0 1 1 16 20 5 1 252 218 228 1 1 1 1 1 1 0 14 6 1 0 1 1 10 3 172 40 1 1 1 1 1 1 2 1 22 1 11 154 196 1 1 1 1 1 0 1 1 1 86 5 4 1 1 0 1 1 1 183 113 1 1 1 0 0 1 1 0 0 0 0 0 0 0 0 0 0 0 0 1 36 64 124 120 23 1 1 1 1 1 0 0 0 0 0 0 0 0 1 1 158 137 1 1 1 0 0 0 0 0 0 0 1 1 0 0 0 0 0 1 1 2 225 242 1 7 209 177 2 1 1 1 1 13 1 2 12 1 1 1 0 0 1 1 1 1 0 1 2 142 1 1 1 1 1 0 9 1 0 0 0 0 0 0 0 0 0 0 0 0 0 0 1 12 1 0 0 0 0 0 0 0 0 15 9 0 0 0 0 0 1 3 1 1 2 14 94 110 6 1 1 0 0 4 7 0 0 0 0 0 1 1 1 7 0 1 3 1 1 246 5 4 121 189 32 1 0 0 0 0 0 0 0 2 94 154 160 160 161 161 163 161 161 160 164 5 1 2 0 0 0 0 0 0 0 0 0 0 0 2 65 122 137 133 24 1 1 0 0 0 0 0 0 0 0 0 0 0 0 0 0 1 1 1 0 0 0 0 0 0 0 0 0 1 1 66 82 1 0 0 0 0 0 0 0 0 89 14 0 0 0 0 0 0 37 7 0 0 0 0 1 233 1 0 0 0 0 0 0 0 0 0 0 0 0 0 0 0 0 0 1 0 0 0 0 0 0 0 0 0 0 0 0 0 0 0 0 1 21 1 1 1 1 125 1 2 1 0 0 0 1 1 78 1 0 0 0 0 0 0 0 0 0 0 0 0 0 0 0 0 0 1 0 0 0 1 17 0 0 0 1 0 0 0 0 0 0 1 1 0 0 0 0 0 0 0 0 1 255 1 0 0 0 0 2 7 1 0 0 0 0 0 0 0 0 0 0 1 1 1 0 2 8 1
1 114 196 188 18 1 1 1 1 255 69 1 115 5 1 1 0 0 0 0 0 0 0 0 0 0 0 0 0 0 1 1 1 3 21 17 1 0 0 0 0 0 0 1 1 2 204 7 1 1 0 0 0 1 4 0 1 0 0 0 0 0 0 0 1 1 0 1 4 21 16 1 1 1 1 253 132 198 213 1 1 1 1 1 1 36 1 1 0 1 1 2 5 1 159 164 18 1 1 1 1 1 2 15 3 113 201 2 1 1 0 1 0 1 1 1 1 65 9 2 1 0 0 0 1 1 1 195 57 1 1 0 0 1 1 0 0 0 0 0 0 0 0 0 0 0 0 1 9 142 154 1 1 1 1 1 0 0 0 0 0 0 0 0 0 0 0 1 1 58 165 2 1 1 0 0 0 0 0 1 1 1 0 0 0 0 0 0 0 1 3 241 228 187 206 9 1 1 1 1 12 1 1 1 2 10 1 0 0 0 1 1 1 1 0 0 1 138 1 1 1 1 1 1 2 5 1 1 1 0 0 0 0 0 0 0 0 0 0 0 0 6 2 0 0 0 0 0 0 0 0 14 10 0 0 0 0 0 1 2 1 1 1 1 1 39 161 166 162 117 6 24 1 0 0 0 0 1 1 1 7 1 0 1 1 4 1 240 218 196 125 1 1 0 0 0 0 0 0 0 0 0 1 1 1 0 0 0 0 0 0 1 1 1 1 2 2 0 0 0 0 0 0 0 0 1 7 135 34 3 1 0 0 0 0 0 0 0 0 0 0 0 0 0 0 0 1 1 0 1 1 1 0 0 0 0 0 0 0 0 0 0 0 1 18 117 1 1 0 0 0 0 0 6 106 0 0 0 0 0 0 0 1 76 0 0 0 0 1 233 0 0 0 0 0 0 0 0 0 0 0 0 0 0 0 0 0 1 1 0 0 0 0 0 0 0 0 0 0 0 0 0 0 0 0 0 1 22 1 1 67 26 0 1 2 0 0 0 0 1 22 19 0 0 0 0 0 0 0 0 0 0 0 0 0 0 0 0 1 1 0 0 0 0 11 2 0 0 1 0 0 0 0 0 0 0 0 0 0 0 1 1 1 1 1 1 255 1 0 0 0 0 0 1 8 1 0 0 0 0 0 0 0 0 0 0 0 1 1 0 1 8
196 172 4 1 1 1 1 1 3 255 5 1 2 125 1 1 0 0 0 0 0 0 0 0 0 0 0 1 1 1 1 11 21 8 1 0 0 0 0 0 0 0 0 0 1 1 20 202 2 1 1 0 0 1 4 1 1 1 0 0 0 0 0 0 1 1 13 22 7 1 1 1 1 1 1 253 59 1 226 173 1 1 1 1 1 3 15 1 1 1 1 1 4 3 1 20 167 184 3 1 1 1 116 175 143 203 5 1 0 0 1 0 1 1 1 0 0 15 94 1 1 1 0 0 0 1 1 1 201 16 1 1 0 0 1 0 0 0 0 0 0 0 0 0 0 1 11 18 3 93 68 11 1 0 0 0 0 0 0 0 0 0 0 0 0 0 0 1 1 1 19 176 1 1 0 0 0 0 1 1 1 0 0 0 0 0 0 0 0 0 1 66 249 238 142 1 1 1 1 10 2 1 1 1 0 1 5 1 1 1 1 1 1 2 1 0 1 137 1 1 0 1 1 1 1 10 11 10 6 1 0 0 0 0 0 0 0 0 0 0 0 1 13 1 0 0 0 0 0 0 0 13 10 0 0 0 0 0 1 2 0 0 1 0 1 19 1 1 1 20 147 185 111 1 0 0 0 1 1 5 1 1 1 1 1 1 16 250 101 13 2 0 0 0 0 0 0 0 0 0 0 0 0 0 1 0 0 0 0 0 0 0 0 1 0 0 2 3 1 0 0 0 0 0 1 15 110 1 0 0 0 0 0 0 0 1 1 1 1 1 0 0 0 0 0 0 0 0 0 1 1 1 0 0 0 0 0 0 0 0 0 0 0 0 0 3 130 3 1 0 0 0 1 134 1 0 0 0 0 0 0 0 1 77 0 0 0 0 2 232 0 0 0 0 0 0 0 0 0 0 0 0 0 0 0 0 1 1 0 0 0 0 0 0 0 0 0 0 0 0 0 0 0 0 0 0 0 5 9 1 126 1 1 0 2 0 0 0 0 1 1 72 1 0 0 0 0 0 0 0 0 0 0 0 0 0 0 0 1 0 0 0 0 0 1 18 0 0 1 0 0 0 0 0 0 0 0 0 0 0 1 0 0 0 0 4 255 1 0 0 0 0 0 0 1 8 1 0 0 0 0 0 0 0 0 0 0 0 0 1 1 1
2 1 1 1 1 0 1 1 35 255 1 1 1 62 39 1 0 0 0 0 0 0 0 1 1 1 1 1 2 18 15 2 1 0 0 0 0 0 0 0 0 0 0 0 0 0 1 88 193 1 1 1 0 0 3 1 0 1 0 0 0 1 1 3 18 17 2 1 1 0 0 1 1 1 1 253 18 1 2 236 41 1 1 1 1 1 21 2 1 1 1 1 1 5 10 6 1 105 184 156 21 1 170 163 186 8 1 1 0 1 1 1 1 1 0 0 1 1 15 55 1 1 0 0 0 0 1 1 3 204 4 1 1 0 1 1 1 0 0 0 0 0 1 1 11 20 2 1 1 117 1 40 7 1 0 0 0 0 0 0 0 0 0 0 0 0 0 1 1 1 2 176 1 0 0 0 0 0 1 1 0 0 0 0 0 0 0 0 0 0 0 3 242 247 208 1 1 2 9 3 1 1 0 1 1 1 1 3 1 1 0 0 1 1 1 1 1 139 1 1 0 1 1 1 1 1 1 0 5 2 0 0 0 0 0 0 0 0 0 0 0 0 2 6 0 0 0 0 0 0 0 13 10 0 0 0 0 1 2 1 0 0 1 0 1 19 1 1 0 1 1 1 103 182 4 1 0 1 1 8 1 1 0 0 1 2 243 196 1 1 10 2 0 0 0 0 0 0 0 0 0 0 0 0 1 1 0 0 0 0 0 0 0 1 0 0 0 1 3 3 1 0 0 1 13 102 1 0 0 0 0 0 0 0 1 1 0 0 0 0 0 0 0 0 0 0 0 0 0 0 0 0 0 0 0 0 0 0 0 0 0 0 0 0 0 0 1 121 9 1 0 0 68 26 0 0 0 0 0 0 0 0 0 77 0 0 0 0 59 224 0 0 0 0 0 0 0 0 0 0 0 0 0 0 0 0 1 0 0 0 0 0 0 0 0 0 0 0 0 0 0 0 0 0 0 0 0 0 23 77 16 1 1 0 2 0 0 0 0 0 1 1 74 1 0 0 0 0 0 0 0 0 0 0 0 0 0 0 1 0 0 0 0 0 0 9 3 1 1 0 0 0 0 0 0 0 1 1 1 1 1 0 0 0 0 247 221 1 0 0 0 0 0 0 0 1 6 0 0 0 0 0 0 0 0 0 0 0 0 0 1 1
1 1 1 1 1 0 1 1 203 255 1 1 1 9 67 5 1 0 0 0 0 0 1 1 1 2 16 19 9 1 1 1 0 0 0 0 0 0 0 0 0 0 0 0 0 0 0 1 144 181 1 1 1 0 1 5 1 1 1 1 1 10 17 6 1 1 1 0 0 0 0 0 0 1 2 253 8 1 1 44 236 3 1 1 2 1 2 18 10 1 1 1 1 1 1 2 5 2 1 36 159 192 218 128 1 1 1 1 1 1 0 0 1 0 1 1 1 0 1 34 35 1 1 0 0 0 0 1 1 14 201 1 1 1 0 0 1 0 0 0 1 1 12 20 2 1 0 0 1 123 1 1 52 3 1 0 0 0 0 0 0 0 0 0 0 0 0 0 1 1 99 98 1 1 0 0 0 0 0 0 0 0 0 0 0 0 0 0 0 1 1 48 202 224 251 236 2 10 4 1 1 1 0 0 0 1 1 2 1 0 0 1 1 1 1 1 1 141 1 1 1 1 1 1 2 1 1 0 1 11 1 0 0 0 0 0 0 0 0 0 0 0 0 12 1 0 0 0 0 0 0 13 10 1 0 0 0 1 3 1 0 0 1 0 2 13 1 0 0 1 1 0 1 4 186 117 90 194 196 196 7 1 0 1 1 243 208 1 0 0 1 15 1 0 0 0 0 0 0 0 0 0 0 0 0 1 1 0 0 0 0 0 0 1 0 0 0 0 0 1 3 3 1 1 131 1 0 0 0 0 0 0 0 0 0 0 0 0 0 0 0 0 0 0 0 0 0 0 0 0 0 0 0 0 0 0 0 0 0 0 0 0 0 0 0 0 0 1 101 38 1 4 116 0 0 0 0 0 0 0 0 0 0 78 0 0 0 0 208 151 0 0 0 0 0 0 0 0 0 0 0 0 0 0 0 1 1 0 0 0 0 0 0 0 0 0 0 0 0 0 0 0 0 0 0 0 0 1 24 118 1 1 1 0 2 0 0 0 0 0 0 1 5 52 1 0 0 0 0 0 0 0 0 0 0 0 0 1 1 0 0 0 0 0 0 0 18 1 0 0 0 0 0 0 0 0 1 0 1 1 1 0 0 0 1 255 1 1 0 0 0 0 0 0 0 0 5 2 0 0 0 0 0 0 0 0 0 0 0 0 0 0
0 0 1 1 1 1 1 1 255 249 2 2 2 13 8 75 1 0 0 0 0 1 1 5 18 12 1 1 1 1 0 0 0 0 0 0 0 0 0 0 0 0 0 0 0 0 0 0 1 178 153 1 1 1 1 4 1 1 3 16 16 2 1 1 0 0 1 1 0 0 0 0 0 1 3 253 4 1 1 1 165 229 2 1 2 1 1 1 2 17 1 1 0 0 0 1 1 8 9 167 197 168 186 1 1 1 1 1 1 1 0 1 1 1 1 1 0 0 0 1 27 57 1 1 0 0 0 0 1 1 52 197 1 1 1 1 1 0 1 1 14 20 2 1 0 0 0 0 1 124 1 0 1 63 2 1 0 0 0 0 0 0 0 0 0 0 0 0 1 1 179 1 1 1 0 0 0 0 0 0 0 0 0 0 0 0 0 0 0 0 1 182 159 1 2 239 249 14 1 1 1 1 1 0 0 0 0 1 2 1 1 1 1 1 1 1 1 122 5 1 1 1 0 1 1 1 1 1 0 2 6 0 0 0 0 0 0 0 0 0 0 0 0 1 11 1 0 0 0 0 0 13 9 1 0 0 1 1 2 0 0 0 1 1 11 3 1 0 0 1 0 0 0 0 2 164 134 1 1 4 189 147 1 1 241 211 1 0 0 0 0 1 14 1 0 0 0 0 0 0 0 0 0 0 0 0 1 1 0 0 0 1 1 0 0 0 0 0 0 0 0 1 3 25 88 0 0 0 0 0 0 0 0 0 0 0 0 0 0 0 0 0 0 0 0 0 0 0 0 0 0 0 0 0 0 0 0 0 0 0 0 0 0 0 0 0 0 0 1 54 134 134 1 0 0 0 0 0 0 0 0 0 0 78 0 0 0 0 226 23 0 0 0 0 0 0 0 0 0 0 0 0 0 0 1 1 0 0 0 0 0 0 0 0 0 0 0 0 0 0 0 0 0 0 0 0 0 1 115 31 1 1 1 1 2 1 0 0 0 0 0 0 1 20 20 1 0 0 0 0 0 0 0 0 0 0 0 1 0 0 0 0 0 0 0 0 17 1 0 0 0 0 0 0 0 1 1 0 0 0 0 0 0 0 240 241 1 0 0 0 0 0 0 0 0 0 1 8 1 0 0 0 0 0 0 0 0 0 0 0 0 0
1 1 1 1 1 1 1 1 255 142 1 2 6 1 6 9 55 1 1 1 1 11 18 5 1 1 1 0 0 0 0 0 0 0 0 0 0 0 0 0 0 0 0 0 0 0 0 0 1 1 194 89 1 1 1 5 9 20 8 1 1 0 0 0 0 0 0 1 1 0 0 0 0 1 6 253 2 1 1 1 1 195 218 1 2 1 1 1 1 1 16 1 1 0 1 1 80 188 192 78 1 5 189 1 1 1 1 1 1 1 1 1 1 1 1 0 0 0 0 0 1 16 65 1 0 0 0 0 0 1 1 106 186 1 1 0 1 1 14 20 2 1 0 0 0 0 0 0 1 125 1 0 1 1 67 1 0 0 0 0 0 0 0 0 0 0 0 0 1 40 148 1 1 1 0 0 0 0 0 0 0 0 0 0 0 0 0 0 0 1 129 199 1 1 1 1 224 249 26 1 1 1 1 1 0 0 0 0 1 2 1 1 1 1 1 1 1 3 126 1 1 0 1 1 0 1 1 1 0 0 10 1 0 0 0 0 0 0 0 0 0 0 0 0 7 2 0 0 0 0 0 12 9 1 1 1 1 1 1 0 0 1 1 1 21 1 1 1 1 1 0 0 0 8 41 1 0 1 1 2 1 81 189 243 215 1 0 0 0 0 0 0 2 10 1 0 0 0 0 0 0 0 0 0 0 0 0 1 1 1 1 1 1 0 0 0 0 0 0 0 0 0 1 143 1 0 0 0 0 0 0 0 0 0 0 0 0 0 0 0 0 0 0 0 0 0 0 0 0 0 0 0 0 0 0 0 0 0 0 0 0 0 0 0 0 0 0 0 0 0 0 1 0 0 0 0 0 0 0 0 0 0 0 78 1 1 1 1 233 2 0 0 0 0 0 0 0 0 0 0 0 0 0 0 1 0 0 0 0 0 0 0 0 0 0 0 0 0 0 0 0 0 0 0 0 0 1 1 152 1 0 1 1 1 1 1 0 0 0 0 0 0 0 1 78 1 0 0 0 0 0 0 0 0 0 0 1 1 0 0 0 0 0 0 0 0 15 1 0 0 0 0 0 0 0 1 1 0 0 0 0 0 0 0 255 1 1 0 0 0 0 0 0 0 0 0 0 5 2 0 0 0 0 0 0 0 0 0 0 0 0 0
1 0 0 0 1 1 1 2 255 36 3 7 1 1 1 3 34 19 3 16 15 2 1 1 1 1 0 0 0 0 0 0 0 0 0 0 0 0 0 0 0 0 0 0 0 0 0 0 0 1 1 203 29 2 30 37 3 1 1 0 1 1 0 0 0 0 0 0 1 0 0 0 0 1 13 253 1 1 1 1 1 1 229 178 21 1 1 1 1 1 1 16 2 3 159 191 160 3 1 1 1 2 193 1 0 1 1 1 1 1 1 1 1 1 0 0 0 0 0 0 1 1 10 88 2 1 0 0 0 0 1 1 149 169 1 1 14 19 2 1 0 0 0 0 0 0 0 0 1 123 0 0 0 1 2 58 1 0 0 0 0 0 0 0 0 0 0 1 1 179 2 1 1 0 0 0 0 0 0 0 0 0 0 0 0 0 0 0 0 30 199 73 1 1 1 5 162 102 249 69 1 1 1 1 1 0 0 0 1 1 2 1 1 0 1 1 1 0 21 99 1 0 2 1 0 1 2 1 1 0 1 10 0 0 0 0 0 0 0 0 0 0 0 0 1 13 1 0 0 0 0 9 14 1 1 2 3 4 1 1 1 1 1 1 22 1 1 1 1 1 0 0 14 17 1 0 0 1 3 2 1 1 249 214 1 0 0 0 0 0 0 0 1 3 9 1 0 0 0 0 0 0 0 0 0 0 0 0 0 0 0 0 0 0 0 0 0 0 0 0 0 1 48 67 1 0 0 0 0 0 0 0 0 0 0 0 0 0 0 0 0 0 0 0 0 0 0 0 0 0 0 0 0 0 0 0 0 0 0 0 0 0 0 0 0 0 0 0 0 0 0 0 0 0 0 0 0 0 0 0 0 0 0 74 0 0 0 1 233 1 0 0 0 0 0 0 0 0 0 0 0 0 0 1 1 0 0 0 0 0 0 0 0 0 0 0 0 0 0 0 0 0 0 0 0 0 1 2 133 1 0 1 1 1 1 1 0 0 0 0 0 0 0 1 9 36 1 0 0 0 0 0 0 0 0 0 1 0 0 0 0 0 0 0 0 0 17 1 0 0 0 0 0 0 1 1 0 0 0 0 0 0 0 1 255 1 1 0 0 0 0 0 0 0 0 0 0 1 8 1 0 0 0 0 0 0 0 0 0 0 0 0
1 0 0 0 1 1 1 21 255 3 1 2 4 1 1 1 1 100 18 1 1 1 1 0 0 0 0 0 0 0 0 0 0 0 0 0 0 0 0 0 0 0 0 0 0 0 0 0 0 1 1 41 218 65 2 1 1 1 0 0 0 1 0 0 0 0 0 0 1 1 0 0 0 1 36 253 1 1 1 1 0 1 6 234 73 7 1 1 1 1 1 27 192 189 80 1 1 1 0 0 1 1 196 1 0 0 1 1 1 1 1 1 1 0 0 0 0 0 0 0 0 0 1 3 82 1 1 0 0 0 1 1 1 177 164 20 2 1 0 0 0 0 0 0 0 0 0 0 7 91 0 0 0 0 1 4 47 1 1 0 0 0 0 0 0 0 0 1 107 95 1 1 1 0 0 0 0 0 0 0 0 0 1 0 0 0 0 0 1 171 184 1 0 0 2 2 19 187 43 248 144 1 1 0 1 1 0 0 0 0 1 2 0 0 0 1 2 1 1 40 84 1 1 0 0 0 1 2 1 1 0 12 1 0 0 0 0 0 0 0 0 0 0 0 0 1 11 1 0 0 0 2 15 11 9 7 5 6 1 1 1 0 1 1 19 1 1 1 1 0 0 16 11 1 0 1 1 1 4 1 1 236 239 6 0 0 0 0 0 0 0 0 0 1 4 8 1 0 0 0 0 0 0 0 0 0 0 0 0 0 0 0 0 0 0 0 0 0 0 0 1 15 107 1 0 0 0 0 0 0 0 0 0 0 0 0 0 0 0 0 0 0 0 0 0 0 0 0 0 0 0 0 0 0 0 0 0 0 0 0 0 0 0 0 0 0 0 0 0 0 0 0 0 0 0 0 0 0 0 0 0 0 0 75 0 0 0 1 234 1 0 0 0 0 0 0 0 0 0 0 0 0 1 1 0 0 0 0 0 0 0 0 0 0 0 0 0 0 0 0 0 0 0 0 0 0 1 1 141 1 1 0 1 1 0 1 0 0 0 0 0 0 0 1 1 78 1 0 0 0 0 0 0 0 0 1 1 0 0 0 0 0 0 0 0 1 13 0 0 0 0 0 0 0 1 1 0 0 0 0 0 0 0 2 255 1 0 0 0 0 0 0 0 0 0 0 0 0 5 2 0 0 0 0 0 0 0 0 0 0 0 0
1 0 0 0 1 1 1 175 255 1 1 1 6 1 1 0 2 9 87 1 1 0 0 0 0 0 0 0 0 0 0 0 0 0 0 0 0 0 0 0 0 0 0 0 0 0 0 1 2 42 56 11 37 204 2 1 1 0 0 0 0 1 1 0 0 0 0 0 0 1 0 0 0 1 71 253 1 1 1 1 0 1 1 83 230 43 2 1 2 115 185 170 20 9 1 1 0 0 0 0 1 1 194 2 0 0 0 1 1 1 1 1 0 0 0 0 0 0 0 0 0 0 1 1 95 1 1 1 0 0 1 1 3 3 189 80 1 1 0 0 0 0 0 0 0 0 0 0 105 3 0 0 0 0 0 1 8 37 1 1 1 0 0 0 0 0 0 1 182 1 1 1 0 0 0 0 0 0 1 1 1 1 1 1 0 0 0 1 68 208 2 0 0 1 5 0 1 206 1 3 246 212 1 1 0 1 1 1 0 0 1 4 0 0 1 1 1 1 0 1 75 87 1 0 0 0 0 1 1 1 1 10 1 0 0 0 0 0 0 0 0 0 0 0 0 0 1 12 1 0 0 1 13 1 1 1 1 4 2 1 1 1 1 7 5 0 1 1 0 0 15 10 0 0 1 1 1 1 1 5 234 234 2 171 21 0 0 0 0 0 0 0 0 0 0 3 8 0 0 0 0 0 0 0 0 0 0 0 0 0 0 0 0 0 0 0 0 0 0 0 3 136 1 0 0 0 0 0 0 0 0 0 0 0 0 0 0 0 0 0 0 0 0 0 0 0 0 0 0 0 0 0 0 0 0 0 0 0 0 0 0 0 0 0 0 0 0 0 0 0 0 0 0 0 0 0 0 0 0 0 0 0 0 74 0 0 0 1 234 1 0 0 0 0 0 0 0 0 0 0 0 0 1 0 0 0 0 0 0 0 0 0 0 0 0 0 0 0 0 0 0 0 0 0 0 0 1 0 110 15 1 1 1 1 1 1 0 0 0 0 0 0 0 0 1 8 39 0 0 0 0 0 0 0 0 1 0 0 0 0 0 0 0 0 1 16 1 0 0 0 0 0 0 1 1 0 0 0 0 0 0 0 0 172 251 1 0 0 0 0 0 0 0 0 0 0 0 0 1 8 1 0 0 0 0 0 0 0 0 0 0 0
2 0 0 0 1 1 1 252 253 1 1 1 1 6 1 1 0 2 29 43 1 0 0 0 0 0 0 0 0 0 0 0 0 0 0 0 0 0 0 0 0 0 0 1 1 1 10 56 44 2 1 1 1 103 197 2 1 1 0 0 0 0 1 0 0 0 0 0 0 1 1 0 0 1 128 253 1 1 1 1 1 1 1 1 185 221 108 177 180 110 1 1 1 17 1 0 0 0 0 0 1 1 194 3 1 0 0 0 1 1 1 0 0 0 0 0 0 0 0 0 0 0 0 1 12 53 1 1 1 1 2 2 1 1 1 198 31 1 1 0 0 0 0 0 0 0 0 0 126 1 0 0 0 0 0 0 1 16 23 1 1 0 0 0 0 0 1 9 174 1 1 1 0 0 0 1 1 1 1 1 1 1 0 1 0 0 0 1 208 90 1 0 1 6 1 1 3 204 1 1 1 237 237 1 1 0 0 1 1 0 4 1 1 1 1 0 0 0 0 1 101 45 1 0 0 0 0 0 1 1 1 1 12 0 0 0 0 0 0 0 0 0 0 0 0 0 0 1 12 3 7 18 12 10 1 1 1 1 4 4 3 4 4 15 1 0 0 0 0 1 41 1 0 1 1 1 1 1 1 231 236 1 0 1 159 55 0 0 0 0 0 0 0 0 0 0 4 7 1 0 0 0 0 0 0 0 0 0 0 0 0 0 0 0 0 0 0 0 0 1 141 1 0 0 0 0 0 0 0 0 0 0 0 0 0 0 0 0 0 0 0 0 0 0 0 0 0 0 0 0 0 0 0 0 0 0 0 0 0 0 0 0 0 0 0 0 0 0 0 0 0 0 0 0 0 0 0 0 0 0 0 0 1 69 0 0 0 1 234 0 0 0 0 0 0 0 0 0 0 0 0 1 1 0 0 0 0 0 0 0 0 0 0 0 0 0 0 0 0 0 0 0 0 0 0 0 1 0 1 106 59 1 1 1 1 1 0 0 0 0 0 0 0 0 0 1 78 1 0 0 0 0 0 0 1 1 0 0 0 0 0 0 0 1 9 3 0 0 0 0 0 0 0 1 1 0 0 0 0 0 0 0 0 246 228 1 0 0 0 0 0 0 0 0 0 0 0 0 0 5 2 0 0 0 0 0 0 0 0 0 0 0
2 0 0 0 1 1 1 255 191 1 1 1 1 7 1 1 1 2 2 93 4 1 0 0 0 0 0 0 0 0 0 0 0 0 0 0 0 0 0 0 0 0 1 1 37 56 16 1 1 0 0 0 0 1 157 186 1 1 1 0 0 0 1 1 0 0 0 0 0 0 1 0 0 1 182 253 1 1 1 1 1 1 1 2 162 245 226 8 1 1 1 1 1 2 10 1 0 1 1 0 1 1 194 3 1 0 0 0 0 1 1 1 0 0 0 0 0 0 0 0 0 0 0 0 1 71 6 1 2 2 1 1 1 1 1 2 201 8 1 1 0 0 0 0 0 0 0 1 126 1 0 0 0 0 0 0 0 1 21 18 1 1 0 0 0 0 2 6 115 57 1 0 0 1 1 1 1 1 1 0 0 0 0 1 1 0 1 106 205 1 0 0 3 2 0 3 1 196 16 1 2 1 210 248 36 1 0 0 1 2 1 0 1 1 0 0 0 0 0 5 107 1 8 0 0 0 0 0 0 1 1 1 11 1 0 0 0 0 0 0 0 0 0 0 0 0 0 0 1 5 11 1 1 1 8 3 1 1 1 1 1 1 1 5 1 0 0 0 0 31 2 0 0 1 1 1 1 1 222 239 1 0 0 0 1 134 69 0 0 0 0 0 0 0 0 0 0 4 7 0 0 0 0 0 0 0 0 0 0 0 0 0 0 0 0 0 0 0 1 134 3 0 0 0 0 0 0 0 0 0 0 0 0 0 0 0 0 0 0 0 0 0 0 0 0 0 0 0 0 0 0 0 0 0 0 0 0 0 0 0 0 0 0 0 0 0 0 0 0 0 0 0 0 0 0 0 0 0 0 0 0 0 25 12 0 0 0 3 234 0 0 0 0 0 0 0 0 0 0 0 1 1 1 1 0 0 0 0 0 0 0 0 0 0 0 0 0 0 0 0 0 0 0 0 0 0 0 1 1 1 52 123 1 1 1 1 1 0 0 0 0 0 0 0 0 1 43 6 0 0 0 0 0 0 1 0 0 0 0 0 0 0 0 6 5 1 0 0 0 0 0 0 1 1 0 0 0 0 0 0 0 0 0 255 8 1 0 0 0 0 0 0 0 0 0 0 0 0 0 1 8 1 0 0 0 0 0 0 0 0 0 0
6 0 0 0 1 1 2 255 35 1 1 1 1 5 5 2 1 2 2 2 101 1 1 0 0 0 0 0 0 0 0 0 0 0 0 0 0 0 0 1 1 2 47 47 2 1 0 0 0 0 0 0 0 0 1 183 164 1 1 1 0 0 0 1 1 0 0 0 0 0 1 1 1 1 219 251 1 1 1 1 1 32 201 211 182 218 234 122 1 1 1 1 0 1 7 3 1 1 1 1 2 4 197 3 1 0 0 0 0 1 1 1 0 0 0 0 0 0 0 0 0 0 0 0 1 7 91 2 1 1 1 1 0 0 1 1 7 205 3 1 1 0 0 0 0 0 0 1 126 0 0 0 0 0 0 0 0 0 1 35 10 1 1 0 0 1 11 1 1 137 25 1 1 1 1 1 1 0 0 0 0 0 0 0 1 0 1 218 11 0 0 1 4 1 1 1 0 9 199 1 1 1 1 61 249 180 1 1 1 4 1 1 0 0 0 0 0 0 1 124 1 0 2 4 0 0 0 0 0 0 1 1 1 15 1 0 0 0 0 0 0 0 0 0 0 1 0 0 0 0 5 5 2 0 1 3 6 6 6 3 1 1 1 5 1 1 0 0 1 50 1 0 1 1 1 1 1 219 241 1 0 0 0 0 0 1 128 73 0 0 0 0 0 0 0 0 0 0 5 5 0 0 0 0 0 0 0 0 0 0 0 0 0 0 0 0 0 0 60 58 1 0 0 0 0 0 0 0 0 0 0 0 0 0 0 0 0 0 0 0 0 0 0 0 0 0 0 0 0 0 0 0 0 0 0 0 0 0 0 0 0 0 0 0 0 0 0 0 0 0 0 0 0 0 0 0 0 0 0 0 0 1 73 1 0 0 0 106 219 0 0 0 0 0 0 0 0 0 0 0 1 0 0 1 1 0 0 0 0 0 0 0 0 0 0 0 0 0 0 0 0 0 0 0 0 0 0 0 1 1 1 6 145 1 1 1 1 0 0 0 0 0 0 0 0 1 1 80 0 0 0 0 0 0 1 0 0 0 0 0 0 0 1 16 1 0 0 0 0 0 0 0 1 1 0 0 0 0 0 0 0 0 0 255 1 1 0 0 0 0 0 0 0 0 0 0 0 0 0 0 5 2 0 0 0 0 0 0 0 0 0 0
6 1 0 0 1 1 16 255 4 1 1 1 2 1 1 3 3 1 1 1 16 60 1 0 0 0 0 0 0 0 0 0 0 0 0 0 1 1 1 30 55 38 1 1 0 0 0 0 0 0 0 0 0 0 1 1 197 119 1 1 1 0 0 0 1 1 0 0 0 0 0 1 1 1 244 244 1 1 4 162 214 207 74 2 2 215 19 239 11 1 1 1 1 1 1 13 4 3 4 2 1 1 194 3 1 0 0 0 0 0 1 1 1 0 0 0 0 0 0 0 0 0 0 1 1 40 25 1 1 1 1 0 0 0 0 1 21 111 205 1 1 0 0 1 0 0 0 1 126 0 0 0 0 0 0 0 0 0 0 1 53 4 1 0 1 10 1 1 1 1 169 1 1 1 0 0 0 0 0 0 0 0 0 0 1 1 78 209 1 0 1 6 1 1 3 1 0 1 205 1 0 1 1 1 2 243 216 1 4 1 1 1 1 0 0 0 0 0 16 79 1 0 0 4 2 0 0 0 0 0 1 2 1 3 7 0 0 0 0 0 0 0 0 0 1 1 0 0 0 0 1 1 2 2 0 0 0 1 1 2 4 1 2 5 1 1 0 0 17 7 0 0 1 1 1 1 210 242 1 0 0 0 0 0 0 0 1 169 10 1 0 0 0 0 0 0 0 0 0 10 2 0 0 0 0 0 0 0 0 0 0 0 0 0 0 0 0 0 149 1 0 0 0 0 0 0 0 0 0 0 0 0 0 0 0 0 0 0 0 0 0 0 0 0 0 0 0 0 0 0 0 0 0 0 0 0 0 0 0 0 0 0 0 0 0 0 0 0 0 0 0 0 0 0 0 0 0 0 0 0 0 1 72 0 0 0 1 222 99 0 0 0 0 0 0 0 0 0 0 1 1 0 0 0 1 1 0 0 0 0 0 0 0 0 0 0 0 0 0 0 0 0 0 0 0 0 0 0 0 1 1 1 10 117 1 1 1 0 0 0 0 0 0 0 0 1 1 80 1 0 0 0 0 1 0 0 0 0 0 0 1 3 19 1 0 0 0 0 0 0 0 1 1 0 0 0 0 0 0 0 0 0 1 255 1 1 0 0 0 0 0 0 0 0 0 0 0 0 0 0 1 9 0 0 0 0 0 0 0 0 0 0
6 1 0 0 1 1 150 255 3 1 2 1 1 0 1 1 0 0 0 0 1 73 9 1 0 0 0 0 0 0 0 0 0 0 1 1 5 51 48 4 1 0 0 0 0 0 0 0 0 0 0 0 0 0 0 1 1 205 51 1 1 1 0 0 0 1 1 1 0 0 0 1 1 1 251 225 52 203 214 182 6 1 1 1 4 212 1 133 234 2 1 0 1 1 1 1 11 1 1 1 1 1 195 2 1 0 0 0 0 0 0 1 1 1 0 0 0 0 1 0 0 1 1 1 1 1 82 1 0 0 1 0 0 0 1 22 15 1 91 200 1 1 0 1 1 0 0 3 111 0 0 0 0 0 0 0 0 0 0 1 1 65 2 1 10 1 1 1 1 1 156 4 1 0 0 0 0 0 0 0 0 0 0 0 0 1 209 82 1 1 4 1 1 3 1 0 0 1 207 1 0 0 1 1 1 1 236 231 1 1 0 1 1 1 0 0 0 1 129 1 0 0 0 0 7 1 0 0 0 0 0 1 1 1 10 2 1 0 0 0 0 0 1 1 1 0 0 0 0 0 1 2 0 3 2 0 0 0 0 1 1 4 3 1 1 1 0 5 23 0 0 0 1 1 1 1 251 2 1 0 0 0 0 0 0 0 1 32 139 1 0 0 0 0 0 0 0 0 0 1 19 1 0 0 0 0 0 0 0 0 0 0 0 0 0 0 0 6 124 1 0 0 0 0 0 0 0 0 0 0 0 0 0 0 0 0 0 0 0 0 0 0 0 0 0 0 0 0 0 0 0 0 0 0 0 0 0 0 0 0 0 0 0 0 0 0 0 0 0 0 0 0 0 0 0 0 0 0 0 0 0 0 68 0 0 0 2 235 1 0 0 0 0 0 0 0 0 0 1 1 0 0 0 0 0 1 1 0 0 0 0 0 0 0 0 0 0 0 0 0 0 0 0 0 0 0 0 0 0 0 1 1 1 146 1 1 1 0 0 0 0 0 0 0 0 0 1 17 25 0 0 0 0 1 0 0 0 0 0 4 19 10 1 0 0 0 0 0 0 0 0 1 1 0 0 0 0 0 0 0 0 0 51 255 1 0 0 0 0 0 0 0 0 0 0 0 0 0 0 0 1 5 2 0 0 0 0 0 0 0 0 0
3 1 1 1 1 1 248 255 1 1 1 1 0 0 1 1 1 0 0 0 1 1 103 1 1 0 0 0 0 0 0 1 1 1 22 54 26 1 1 0 0 0 0 0 0 0 0 0 0 0 0 0 0 0 0 0 1 5 209 14 1 1 0 0 0 0 0 1 1 1 1 1 1 2 253 234 205 66 1 1 1 1 1 1 181 166 1 1 203 220 1 1 1 1 0 1 7 0 0 0 0 1 195 1 0 0 0 0 0 0 0 0 1 1 1 0 0 1 0 1 1 1 1 0 0 1 55 6 0 1 1 0 0 0 1 65 1 1 1 138 189 1 1 0 1 1 0 59 27 0 0 0 0 0 0 0 0 0 0 0 1 1 68 18 2 2 1 1 1 1 7 151 1 0 0 0 0 0 0 0 0 0 0 0 0 1 222 1 1 1 6 1 2 1 0 0 0 1 182 78 1 1 1 1 1 1 1 227 244 4 1 0 0 1 1 0 0 50 46 0 0 0 0 0 1 9 1 0 0 0 0 0 1 1 1 17 1 1 0 0 0 1 1 1 1 0 0 0 0 0 0 1 1 0 3 3 2 2 1 1 0 0 0 0 0 0 1 51 1 0 0 0 1 1 1 35 251 1 0 0 0 0 0 0 0 0 0 1 173 2 0 0 0 0 0 0 0 0 0 0 4 6 0 0 0 0 0 0 0 0 0 0 0 0 0 0 0 135 4 0 0 0 0 0 0 0 0 0 0 0 0 0 0 0 0 0 0 0 0 0 0 0 0 0 0 0 0 0 0 0 0 0 0 0 0 0 0 0 0 0 0 0 0 0 0 0 0 0 0 0 0 0 0 0 0 0 0 0 0 0 0 0 60 0 1 2 229 75 1 1 0 0 0 0 0 0 1 1 1 0 0 0 0 0 0 0 1 1 0 0 0 0 0 0 0 0 0 0 0 0 0 0 0 0 0 0 0 0 0 0 0 1 0 22 96 1 1 0 0 0 0 0 0 0 0 0 1 1 81 0 0 0 1 1 0 0 0 0 6 8 1 0 0 0 0 0 0 0 0 0 1 1 0 0 0 0 0 0 0 0 0 0 248 225 1 0 0 0 0 0 0 0 0 0 0 0 0 0 0 0 0 1 9 0 0 0 0 0 0 0 0 0
1 4 4 1 1 1 255 220 1 1 1 1 0 0 1 0 1 1 1 0 0 1 7 77 1 1 0 0 0 1 1 3 44 48 6 1 0 0 0 0 0 0 0 0 0 0 0 0 0 0 0 0 0 0 0 0 0 1 30 206 5 1 1 1 0 0 0 1 1 1 1 9 180 193 254 127 1 1 1 0 0 0 1 1 175 201 6 1 1 227 190 1 1 1 1 5 2 0 0 0 0 1 195 1 0 0 0 0 0 0 0 0 0 1 1 1 1 1 1 1 1 0 0 0 0 1 41 13 0 0 1 0 0 0 1 43 58 1 1 1 172 173 1 1 0 1 0 120 1 0 0 0 0 0 0 0 0 0 0 1 1 1 16 116 2 1 1 1 0 1 1 163 2 1 0 0 0 0 0 0 0 0 0 0 0 59 213 1 1 0 1 8 5 0 0 0 1 1 2 206 1 1 1 0 0 1 2 1 169 248 23 1 0 0 1 1 1 133 1 0 0 0 0 0 0 1 8 0 0 0 0 0 0 1 1 3 7 1 0 0 1 1 0 0 1 0 0 0 0 0 0 1 2 0 0 2 1 1 1 2 2 2 2 1 1 1 34 2 0 0 0 0 0 1 1 112 250 1 0 0 0 0 0 0 0 0 0 0 3 173 1 0 0 0 0 0 0 0 0 0 0 19 0 0 0 0 0 0 0 0 0 0 0 0 0 0 0 149 1 0 0 0 0 0 0 0 0 0 0 0 0 0 0 0 0 0 0 0 1 1 1 1 1 1 1 1 1 1 1 1 1 1 1 1 1 1 1 0 0 0 0 0 0 0 0 0 0 0 0 0 0 0 0 0 0 0 0 0 0 0 0 0 61 17 229 235 50 1 0 1 1 1 1 1 1 1 1 1 0 0 0 0 0 0 0 0 0 1 1 0 0 0 0 0 0 0 0 0 0 0 0 0 0 0 0 0 0 0 0 0 0 1 1 1 145 1 1 0 0 0 0 0 0 0 0 0 0 1 82 1 0 0 1 0 0 0 1 7 5 0 0 0 0 0 0 0 0 0 0 1 1 0 0 0 0 0 0 0 0 0 0 0 255 1 1 0 0 0 0 0 0 0 0 0 0 0 0 0 0 0 0 1 5 2 0 0 0 0 0 0 0 0
1 1 1 4 1 2 255 83 1 1 1 1 0 0 1 0 0 1 1 0 0 0 1 64 13 1 1 1 1 15 52 33 1 1 0 0 0 0 0 0 0 0 0 0 0 0 0 0 0 0 0 0 0 0 0 0 0 0 1 104 199 2 1 1 1 0 1 1 2 115 194 188 31 2 254 46 1 1 0 0 0 0 0 1 1 125 212 50 1 3 240 66 1 1 5 12 1 0 0 0 0 2 196 1 1 0 0 0 0 0 0 0 0 1 1 1 1 1 1 0 0 0 0 0 0 1 76 2 1 0 1 0 0 0 0 1 6 42 1 1 1 187 149 1 1 1 1 128 1 0 0 0 0 0 0 0 0 1 1 4 9 6 1 2 84 1 1 0 0 0 1 22 137 1 0 0 0 0 0 0 0 0 0 0 0 156 197 1 0 0 1 37 13 3 0 1 1 0 1 208 1 1 0 0 0 2 1 1 1 86 249 24 1 1 1 1 96 15 0 0 0 0 0 0 1 1 2 5 0 0 0 0 0 1 1 1 15 1 1 0 0 1 1 0 1 1 0 0 0 0 0 0 2 1 0 1 2 1 0 0 0 0 1 2 2 18 9 0 0 0 0 0 1 1 1 90 251 1 0 0 0 0 0 0 0 0 0 0 1 115 67 0 0 0 0 0 0 0 0 0 0 19 1 0 0 0 0 0 0 0 0 0 0 0 0 0 1 150 1 0 0 0 0 0 0 0 0 0 0 0 0 0 0 0 0 0 0 0 1 0 0 0 0 0 0 0 0 0 0 0 0 0 0 0 0 1 1 0 0 0 0 0 0 0 0 0 0 0 0 0 0 0 0 0 0 0 0 0 0 0 0 2 235 232 37 1 0 0 0 0 1 1 1 1 1 1 0 0 0 0 0 0 0 0 0 0 0 0 1 1 0 0 0 0 0 0 0 0 0 0 0 0 0 0 0 0 0 0 0 0 0 0 1 1 59 56 2 1 0 0 0 0 0 0 0 0 0 1 61 3 0 1 1 0 0 0 6 6 0 0 0 0 0 0 0 0 0 0 1 1 0 0 0 0 0 0 0 0 0 0 0 1 255 1 0 0 0 0 0 0 0 0 0 0 0 0 0 0 0 0 0 0 1 9 1 0 0 0 0 0 0 0
1 0 1 6 1 11 255 10 1 1 1 1 0 0 1 0 0 0 1 0 0 0 0 1 104 1 2 39 50 9 1 1 0 0 0 0 0 0 0 0 0 0 0 0 0 0 0 0 0 0 0 0 0 0 0 0 0 0 1 1 159 186 2 1 1 1 12 176 193 151 2 1 1 1 254 16 1 1 0 0 0 0 0 1 1 1 11 213 2 1 42 240 4 9 2 1 0 0 0 0 1 3 196 1 1 0 0 0 0 0 0 0 1 1 1 1 1 0 0 0 0 0 0 0 0 1 76 3 1 1 1 0 0 0 0 0 1 21 18 1 1 1 201 101 1 1 1 129 1 0 0 0 0 0 1 1 1 6 13 5 1 1 1 1 7 67 1 0 0 0 1 1 170 1 0 0 0 0 0 0 0 0 0 0 0 205 121 1 0 0 11 7 1 7 7 1 1 0 0 207 2 1 1 0 1 1 0 1 1 1 99 249 83 1 0 2 127 1 0 1 0 0 0 1 1 0 1 4 3 0 0 0 0 0 1 2 1 15 1 1 0 0 1 1 0 1 1 0 0 0 0 0 1 2 0 0 1 2 1 1 0 0 0 0 3 17 0 0 0 0 0 1 1 0 1 63 251 1 0 0 0 0 0 0 0 1 1 1 3 102 119 1 0 0 0 0 0 0 0 0 0 15 1 0 0 0 0 0 0 0 0 0 0 0 0 0 1 150 1 0 0 0 0 0 0 0 0 0 0 0 0 0 0 0 0 0 0 0 1 0 0 0 0 0 0 0 0 0 0 0 0 0 0 0 0 1 1 0 0 0 0 0 0 0 0 0 0 0 0 0 0 0 0 0 0 0 0 0 0 0 6 232 140 5 0 0 0 0 0 0 0 0 0 0 0 1 0 0 0 0 0 0 0 0 0 0 0 0 0 1 1 0 0 0 0 0 0 0 0 1 1 1 3 8 15 17 18 18 18 18 21 47 56 57 60 145 1 1 0 0 0 0 0 0 0 0 0 0 2 68 0 1 0 0 0 3 9 1 0 0 0 0 0 0 0 0 0 0 1 1 0 0 0 0 0 0 0 0 0 0 0 241 244 1 0 0 0 0 0 0 0 0 0 0 0 0 0 0 0 0 0 0 1 5 3 0 0 0 0 0 0 0
1 1 1 4 1 109 255 2 1 1 1 1 0 0 1 0 0 0 1 1 0 0 1 1 36 155 39 1 1 0 0 0 0 0 0 0 0 0 0 0 0 0 0 0 0 0 0 0 0 0 0 0 0 0 0 0 0 0 0 1 1 185 168 7 97 191 187 48 1 1 1 1 1 2 254 7 1 1 0 0 0 0 0 0 1 1 1 144 199 2 1 181 232 7 1 1 0 0 0 0 1 6 193 1 0 0 0 0 1 1 1 1 1 1 1 1 1 1 0 0 0 0 0 0 0 0 5 73 1 1 1 1 0 0 0 1 1 1 57 2 1 1 1 207 44 1 1 128 1 0 0 0 1 1 3 8 5 1 1 5 6 5 1 1 1 16 51 1 0 0 0 1 91 73 1 0 0 0 0 0 0 0 0 0 1 220 10 1 0 2 30 1 0 1 4 11 1 0 1 141 157 1 1 1 2 0 1 1 1 1 1 21 249 181 1 117 4 1 1 1 0 1 1 0 0 1 1 1 6 2 0 0 0 0 0 1 3 18 2 1 0 0 1 1 0 1 1 0 1 1 1 0 0 2 0 1 1 1 2 1 1 1 1 1 31 1 0 0 0 0 1 1 0 0 1 65 251 1 0 0 0 0 0 0 1 1 15 85 79 1 4 80 1 0 0 0 0 0 0 0 0 11 2 0 0 0 0 0 0 0 0 0 0 0 0 0 0 150 1 1 1 0 0 0 0 0 0 0 0 0 0 0 0 0 0 0 0 0 1 0 0 0 0 0 0 0 0 0 0 0 0 0 0 0 0 0 1 0 0 0 0 0 0 0 0 0 0 0 0 0 0 0 0 0 0 0 0 0 0 26 232 14 1 50 0 0 0 0 0 0 0 0 0 0 0 1 0 0 0 0 0 0 0 0 0 0 0 0 0 0 1 1 0 0 0 0 1 8 14 13 17 11 7 3 1 1 0 1 1 1 11 3 1 1 1 126 1 1 0 0 0 0 1 1 1 0 0 0 1 81 1 1 0 0 1 19 1 1 0 0 0 0 0 0 0 0 0 1 1 0 0 0 0 0 0 0 0 0 0 0 1 255 1 1 0 0 0 0 0 0 0 0 0 0 0 0 0 0 0 0 0 0 0 1 9 1 0 0 0 0 0 0
30 1 1 1 5 240 255 1 1 1 1 1 0 0 1 0 0 0 0 1 1 1 47 66 19 37 36 1 0 0 0 0 0 0 0 0 0 0 0 0 0 0 0 0 0 0 0 0 0 0 0 0 0 0 0 0 0 0 1 1 1 1 204 207 158 2 1 1 1 0 0 1 1 2 254 3 1 1 0 0 0 0 0 0 0 1 1 1 143 210 7 1 219 212 1 1 1 0 0 0 1 13 190 1 0 0 1 1 1 1 1 1 0 0 0 1 1 1 1 0 0 0 0 0 0 0 1 81 4 1 1 1 1 1 1 1 1 1 48 3 1 1 1 2 213 10 1 125 1 0 1 1 7 8 2 1 1 1 1 1 1 1 5 4 1 1 28 32 1 0 0 1 2 164 1 0 0 0 0 0 0 0 0 0 1 221 3 1 1 41 1 1 1 0 1 2 16 1 1 1 209 1 0 2 1 0 1 0 1 2 1 1 4 246 245 220 1 1 1 1 1 0 0 0 1 1 0 0 1 11 1 0 0 0 0 0 4 1 17 1 1 0 0 1 1 1 1 1 1 1 1 0 0 2 1 1 0 0 1 2 1 1 1 12 5 0 0 0 0 0 1 0 1 2 3 82 251 1 0 0 0 0 0 1 10 91 43 2 1 1 0 31 31 1 0 0 0 0 0 0 0 15 1 0 0 0 0 0 0 0 0 0 0 0 0 0 0 151 1 1 1 0 0 0 0 0 0 0 0 0 0 0 0 0 0 0 0 1 1 0 0 0 0 0 0 0 0 0 0 0 0 0 0 0 0 1 1 0 0 0 0 0 0 1 0 0 0 0 0 0 0 0 0 0 0 0 0 0 82 230 4 0 0 56 0 0 0 0 0 0 0 0 0 0 0 1 0 0 0 0 0 0 0 0 0 0 0 0 0 0 0 1 1 1 6 13 13 2 1 1 1 1 1 1 1 1 1 7 12 11 7 1 0 1 1 116 3 1 0 0 0 1 1 0 0 0 0 0 0 62 3 0 0 0 11 3 1 0 0 0 0 0 0 0 0 0 1 1 0 0 0 0 0 0 0 0 0 0 0 0 132 252 1 0 0 0 0 0 0 0 0 0 0 0 0 0 0 0 0 0 0 0 0 1 4 3 0 0 0 0 0 0
11 6 1 1 4 255 241 1 1 1 1 1 0 0 1 0 1 1 1 8 66 59 3 1 1 1 95 2 1 0 0 0 0 0 0 0 0 0 0 0 0 0 0 0 0 0 0 0 0 0 0 0 0 0 0 0 1 1 1 6 78 75 5 169 9 1 1 0 0 0 0 1 1 4 254 2 1 0 0 0 0 0 0 0 0 1 1 1 1 72 207 1 4 236 163 1 1 0 0 0 1 162 98 1 1 1 1 1 1 0 0 0 0 0 0 1 1 1 1 1 0 0 0 0 0 0 0 10 77 89 65 6 21 23 1 1 2 56 14 1 1 1 1 1 7 213 13 95 1 3 8 5 1 1 1 1 1 1 1 0 1 1 1 3 3 1 1 49 16 1 1 0 1 163 3 0 0 0 0 0 0 0 0 0 1 221 3 1 24 3 1 0 1 1 0 0 1 17 1 1 209 1 1 1 1 1 1 0 2 1 1 0 1 1 210 250 1 1 0 0 1 1 0 1 1 0 0 0 1 2 11 1 0 0 0 0 1 4 10 2 1 0 0 1 1 0 1 0 0 1 0 0 1 1 2 0 0 0 1 1 2 1 1 28 1 0 0 0 0 0 0 0 1 1 3 90 251 1 1 1 1 1 0 4 95 1 1 1 0 1 1 0 40 51 1 0 0 0 0 0 0 17 1 0 0 0 0 0 0 0 0 0 0 0 0 0 0 151 1 1 0 0 0 0 0 0 0 0 0 0 0 0 0 0 0 0 0 1 1 0 0 0 0 0 0 0 0 0 0 0 0 0 0 0 0 1 1 0 0 0 0 0 0 1 0 0 0 0 0 0 0 0 0 0 0 0 1 147 226 1 0 0 0 59 0 0 0 0 0 0 0 0 0 0 0 1 0 0 0 0 0 0 0 0 0 0 0 0 0 0 1 1 7 12 3 0 1 3 11 19 19 14 15 15 13 13 12 3 1 0 0 0 0 1 0 17 79 1 1 1 1 1 0 0 0 0 0 0 0 1 76 0 0 4 9 0 0 0 0 0 0 0 0 0 0 1 1 0 0 0 0 0 0 0 0 0 0 0 0 0 255 38 1 0 0 0 0 0 0 0 0 0 0 0 0 0 0 0 0 0 0 0 0 0 1 9 0 0 0 0 0 0
1 35 1 1 1 255 136 1 1 1 1 1 0 1 1 1 1 37 68 31 1 1 1 0 0 0 2 97 1 1 0 0 0 0 0 0 0 0 0 0 0 0 0 0 0 0 0 0 0 0 0 0 0 0 0 1 1 40 88 56 1 1 1 1 177 1 1 0 0 0 1 1 1 9 254 1 1 0 1 0 0 0 0 0 1 1 1 1 1 3 204 154 1 7 241 30 1 1 0 0 13 191 1 1 1 1 0 0 0 0 0 0 0 0 0 0 1 1 1 1 1 0 0 0 0 0 0 0 1 1 5 59 16 13 58 7 73 3 1 0 0 0 1 1 1 47 221 62 7 2 1 1 1 0 0 0 0 0 0 0 0 1 1 1 7 1 1 1 60 12 1 1 1 68 92 1 0 0 0 0 0 0 0 0 1 220 10 5 20 1 0 0 0 1 1 0 0 1 7 1 207 2 2 0 1 1 0 1 2 1 0 1 1 1 2 229 242 1 1 0 0 1 1 1 0 0 1 2 1 1 2 6 0 0 0 1 1 4 1 19 1 1 0 1 0 0 1 0 0 1 0 0 1 0 2 0 1 1 1 1 1 2 16 2 0 0 0 0 0 0 1 1 2 1 2 97 251 1 1 1 1 1 1 1 93 1 1 0 0 0 1 0 0 18 102 2 1 0 0 0 0 17 1 0 0 0 0 0 0 0 0 0 0 0 0 0 0 151 1 0 0 0 0 0 0 0 0 0 0 0 0 0 0 0 0 0 0 1 0 0 0 0 0 0 0 0 0 0 0 0 0 0 0 0 0 1 1 0 0 0 0 0 0 1 0 0 0 0 0 0 0 0 0 0 0 1 202 216 1 0 0 0 0 60 0 0 0 0 0 0 0 0 0 0 0 0 0 0 0 0 0 0 0 0 0 0 0 0 1 1 9 10 2 1 1 1 10 9 3 1 1 1 1 1 0 1 1 0 1 1 0 0 0 1 0 1 128 1 1 1 0 0 0 0 0 0 0 0 0 1 70 2 6 9 0 0 0 0 0 0 0 0 0 0 0 1 0 0 0 0 0 0 0 0 0 0 0 0 0 3 255 1 0 0 0 0 0 0 0 0 0 0 0 0 0 0 0 0 0 0 0 0 0 0 1 3 3 0 0 0 0 1
1 2 24 1 4 255 20 1 1 1 1 1 1 1 4 62 62 5 1 1 1 0 0 0 0 0 1 24 47 1 0 0 0 0 0 0 0 0 0 0 0 0 0 0 0 0 0 0 0 0 0 0 1 1 5 79 83 12 1 1 1 0 0 1 14 167 1 1 0 0 1 1 1 22 254 1 1 0 1 0 0 0 0 0 1 1 1 1 8 195 211 27 1 1 100 240 3 1 1 5 175 76 1 1 0 0 0 0 0 0 0 0 0 0 0 0 0 1 1 1 1 0 0 0 0 0 0 0 0 0 0 1 2 1 1 44 47 1 0 0 0 0 1 1 2 4 167 208 1 1 0 0 0 0 0 0 0 0 0 0 0 0 0 1 1 6 1 1 1 77 5 1 1 14 144 1 1 1 0 0 0 0 0 0 1 188 175 50 1 1 1 1 0 0 1 1 0 0 1 4 80 187 1 0 1 0 1 3 1 0 0 0 1 3 1 1 228 250 6 1 1 1 1 1 1 1 2 1 0 1 1 7 2 0 0 0 1 3 1 8 3 1 1 1 1 1 1 1 1 1 0 0 1 0 2 1 1 1 0 0 1 1 36 0 0 0 0 0 0 1 2 2 1 1 3 109 251 0 0 0 0 0 1 1 80 3 1 0 0 0 1 1 0 1 1 98 54 1 0 0 0 18 1 0 0 0 0 0 0 0 0 0 0 0 0 0 0 151 1 0 0 0 0 0 0 0 0 0 0 0 0 0 0 0 0 0 0 1 0 0 0 0 0 0 0 0 0 0 0 0 0 0 0 0 0 1 1 0 0 0 0 0 0 1 1 0 0 0 0 0 0 0 0 0 7 230 180 1 0 0 0 0 0 60 0 1 1 0 0 0 0 0 0 0 0 0 0 0 0 0 0 0 0 0 0 0 1 2 10 9 1 0 1 3 13 14 2 1 0 0 0 0 0 0 0 0 1 1 0 1 0 0 0 1 0 1 128 1 1 1 0 0 0 0 0 0 0 0 0 1 4 100 6 0 0 0 0 0 0 0 0 0 0 1 1 1 0 0 0 0 0 0 0 0 0 0 0 0 0 250 217 1 0 0 0 0 0 0 0 0 0 0 0 0 0 0 0 0 0 0 0 0 0 0 0 1 7 0 0 1 6 7
1 1 16 3 50 255 4 1 1 1 1 1 24 68 40 1 1 1 0 0 1 0 0 0 0 0 0 1 81 6 1 0 0 0 0 0 0 0 0 0 0 0 0 0 0 0 0 0 0 0 1 1 37 87 59 1 1 1 0 1 1 0 0 1 1 57 146 1 1 1 1 1 1 75 254 1 1 1 0 0 0 1 1 1 1 1 2 189 214 135 1 1 1 1 1 202 230 11 5 1 174 36 1 1 0 0 0 0 0 0 0 0 0 0 0 0 0 0 1 1 1 1 0 0 0 0 0 0 0 0 0 1 1 1 0 1 1 0 0 1 1 1 3 3 1 1 26 137 200 1 1 0 0 0 0 0 0 0 0 0 0 0 0 0 1 4 2 0 1 1 88 2 1 3 162 1 1 1 1 1 1 1 0 0 1 128 215 5 0 0 1 1 1 1 1 1 0 0 0 1 6 213 1 1 1 1 3 1 0 0 0 0 3 1 1 1 1 196 251 109 1 1 1 1 1 2 1 0 0 0 0 1 11 1 0 0 1 4 1 1 19 1 4 8 4 3 3 3 1 1 0 0 1 0 1 2 0 0 0 1 2 2 41 0 0 0 0 0 1 2 1 0 0 0 3 115 251 1 0 0 0 1 1 1 3 83 1 0 0 0 1 1 0 0 0 0 15 108 3 0 0 16 1 0 0 0 0 0 0 0 0 0 0 0 0 0 1 152 1 0 0 0 0 0 0 0 0 0 0 0 0 0 0 0 0 0 1 1 0 0 0 0 0 0 0 0 0 0 0 0 0 0 0 0 0 1 0 0 0 0 0 0 0 0 1 0 0 0 0 0 0 0 1 174 233 28 1 0 0 0 0 0 1 55 1 1 1 1 0 0 0 0 0 0 0 0 0 0 0 0 0 0 0 0 0 1 10 6 1 1 1 5 17 9 1 1 0 0 0 0 0 0 0 0 0 0 0 1 1 0 0 0 0 0 1 1 122 2 1 1 1 1 1 1 1 1 1 1 1 6 99 3 0 0 0 0 0 0 0 0 0 0 0 1 1 0 0 0 0 0 0 0 0 0 0 0 0 0 1 255 1 0 0 0 0 0 0 0 0 0 0 0 0 0 0 0 0 0 0 0 0 0 0 0 0 1 3 4 5 6 1 0
0 1 1 35 221 255 2 1 1 2 55 66 11 1 1 1 0 0 0 0 0 1 0 0 0 0 0 0 1 105 1 0 0 0 0 0 0 0 0 0 0 0 0 0 0 0 0 1 1 4 76 83 13 1 1 1 0 0 0 0 1 0 0 0 1 1 108 110 1 1 1 1 1 158 254 1 1 1 1 0 1 1 1 1 1 95 214 163 2 1 1 1 1 3 12 14 227 203 1 1 189 4 1 0 0 0 0 0 0 0 0 0 0 0 0 0 0 0 0 1 1 1 1 0 0 0 0 0 0 0 0 0 1 1 1 0 0 1 1 3 3 2 1 1 1 25 1 1 172 185 1 1 0 0 0 0 0 0 0 0 0 0 0 0 1 1 7 1 1 1 1 93 1 1 168 1 1 4 4 21 7 1 1 1 1 149 233 2 0 0 0 0 0 1 1 0 0 0 1 1 2 202 44 1 0 2 1 1 0 0 0 3 1 0 0 0 1 1 78 251 207 1 1 1 1 1 1 0 0 0 1 1 1 9 1 0 1 4 1 1 7 7 16 1 2 1 0 1 2 1 0 0 1 1 0 2 1 1 2 2 1 1 38 1 1 0 0 0 2 1 0 0 0 1 3 108 251 1 0 0 0 1 1 0 1 95 1 1 0 0 0 1 1 0 0 0 0 1 90 28 0 13 2 0 0 0 0 0 0 0 0 0 0 0 0 0 1 152 1 0 0 0 0 0 0 0 0 0 0 0 0 0 0 0 0 0 1 1 0 0 0 0 0 0 0 0 0 0 0 0 0 0 0 0 1 1 0 0 0 0 0 0 0 0 1 0 0 0 0 0 1 20 233 207 1 0 0 0 0 0 0 0 41 2 1 0 0 1 1 0 0 0 0 0 0 0 0 0 0 0 0 0 0 0 4 8 1 0 1 7 18 6 1 1 0 0 0 0 0 0 0 0 0 0 0 0 0 0 1 1 0 0 0 0 1 1 72 21 1 1 1 1 1 1 1 1 1 1 1 90 1 1 0 0 0 0 0 0 0 0 0 0 1 1 0 0 0 0 0 0 0 0 0 0 0 0 0 0 235 247 1 0 0 0 0 0 0 0 0 0 0 0 0 0 0 0 0 0 0 0 0 0 0 0 0 2 75 138 1 0 0 0
1 1 1 3 255 250 2 12 67 53 2 1 1 1 1 0 0 0 0 0 0 1 0 0 0 0 0 0 1 97 2 1 0 0 0 0 0 0 0 0 0 0 0 0 0 1 1 31 85 61 1 1 1 0 0 0 0 0 0 0 1 0 0 0 0 0 1 145 66 1 1 1 1 206 253 1 1 1 1 1 1 1 4 154 212 205 10 1 1 1 2 14 11 3 1 1 3 238 123 6 186 1 1 0 0 0 0 0 0 0 0 0 0 0 0 0 0 0 0 0 1 1 1 1 0 0 0 0 0 0 0 0 0 1 2 1 1 2 2 1 1 0 0 0 1 33 1 1 1 193 162 1 1 0 0 0 0 0 0 0 0 0 0 0 0 1 3 3 1 1 1 2 88 1 166 103 101 84 81 41 74 96 8 1 2 171 227 109 1 0 0 0 0 0 0 0 0 0 1 2 1 186 6 40 12 2 0 1 0 0 2 2 0 0 0 1 1 0 1 4 248 235 2 1 0 0 1 1 1 1 1 1 0 1 9 1 1 4 1 1 1 47 1 2 1 2 1 0 1 3 1 0 0 1 0 1 2 2 1 0 0 1 32 1 1 1 0 1 2 1 1 1 0 1 3 143 251 0 0 0 0 1 1 0 1 12 55 1 0 0 0 1 1 0 0 0 0 0 0 35 53 9 2 0 0 0 0 0 0 0 0 0 0 0 0 0 1 152 1 0 0 0 0 0 0 0 0 0 0 0 0 0 0 0 0 0 1 0 0 0 0 0 0 0 0 0 0 0 0 0 0 0 0 0 1 0 0 0 0 0 0 0 0 0 1 0 0 0 1 2 221 233 13 1 0 0 0 0 0 0 0 1 62 1 1 0 0 0 1 1 0 0 0 0 0 0 0 0 0 0 0 0 0 1 9 0 1 1 15 4 1 0 0 0 0 0 0 0 0 0 0 0 0 0 0 0 0 0 1 0 1 1 1 0 1 1 4 111 1 1 0 0 0 0 0 0 1 4 59 26 1 0 0 0 0 0 0 0 0 0 0 0 1 1 0 0 0 0 0 0 0 0 0 0 0 0 0 0 255 1 0 0 0 0 0 0 0 0 0 0 0 0 0 0 0 0 0 0 0 0 0 0 0 9 101 87 3 31 56 0 0 0
1 1 1 1 255 250 79 22 1 1 1 1 1 1 0 0 0 0 0 0 0 1 1 0 0 0 0 0 1 2 103 3 1 0 0 0 0 0 0 0 0 0 1 1 3 72 83 17 1 1 1 0 0 0 0 0 0 0 0 0 1 0 0 0 0 0 1 1 171 12 1 1 1 240 251 1 1 1 1 1 3 184 217 192 14 1 1 1 10 13 6 1 1 0 1 1 1 22 242 149 137 1 1 1 0 0 0 0 0 0 0 0 0 0 0 0 0 0 0 0 1 1 1 1 1 0 0 0 0 0 0 0 1 1 1 1 1 1 0 0 0 0 0 0 1 32 1 0 1 1 205 122 1 0 0 0 0 0 0 0 0 0 0 0 0 0 1 8 1 1 1 1 4 81 68 1 1 1 1 1 1 2 70 103 152 67 118 225 1 0 0 0 0 0 0 1 0 1 1 1 0 11 182 1 21 23 1 0 0 1 3 0 0 0 1 2 1 0 1 1 1 237 246 3 1 0 0 0 1 1 1 0 0 0 1 9 3 1 0 1 18 3 1 2 1 1 2 1 0 1 2 0 0 1 1 1 1 0 0 0 0 1 28 1 1 1 1 2 2 1 1 1 1 1 3 239 232 1 1 1 1 1 1 1 1 1 95 1 1 0 0 1 1 0 0 0 0 0 0 0 20 84 5 0 0 0 0 0 0 0 0 0 0 0 0 0 1 152 1 0 0 0 0 0 0 0 0 0 0 0 0 0 0 0 0 0 1 0 0 0 0 0 0 0 0 0 0 0 0 0 0 0 0 1 1 0 0 0 0 0 0 0 0 0 1 1 0 1 176 236 115 1 0 0 0 0 0 0 0 0 0 4 33 1 0 0 0 0 0 1 1 0 0 0 0 0 0 0 0 0 0 0 0 8 1 1 1 16 2 0 0 0 0 0 0 0 0 0 0 0 0 0 0 0 0 0 0 0 1 1 1 1 1 1 1 1 1 124 1 0 0 0 0 0 0 0 2 80 5 1 0 0 0 0 0 0 0 0 0 0 0 1 1 0 0 0 0 0 0 0 0 0 0 0 0 0 0 152 253 1 0 0 0 0 0 0 0 0 0 0 0 0 0 0 0 0 0 0 0 0 1 30 111 71 1 1 1 1 132 1 0 0
1 1 36 90 177 255 76 1 1 1 1 1 1 0 0 0 0 0 0 0 0 0 1 1 0 0 0 0 0 1 1 105 1 0 0 0 0 0 0 0 1 1 24 86 65 2 1 1 0 0 0 0 0 0 0 0 0 0 0 1 1 0 0 0 0 0 0 1 1 180 2 1 1 250 240 1 1 4 194 210 217 172 2 1 1 8 13 9 1 1 0 0 0 0 0 1 1 1 164 246 91 1 1 1 1 0 0 0 0 0 0 0 0 0 0 0 0 0 0 0 1 1 1 1 1 0 0 0 0 0 1 1 1 1 1 0 0 0 0 0 0 0 0 0 2 17 1 0 0 1 1 213 62 1 0 0 0 0 0 0 0 0 0 0 0 0 1 1 7 1 1 1 1 10 155 1 1 0 0 0 0 1 3 49 124 1 17 231 2 1 0 0 0 0 0 1 1 1 1 0 0 1 196 2 1 3 42 1 1 4 1 0 0 0 2 1 0 0 0 0 1 1 216 251 38 1 0 1 1 1 1 1 0 0 0 1 11 4 12 17 1 1 0 1 1 0 1 2 1 1 3 1 0 1 1 0 0 0 0 0 0 10 6 1 1 1 1 1 1 2 1 1 1 1 1 244 223 1 1 1 1 1 1 0 1 1 8 61 1 0 0 0 1 1 0 0 0 0 0 0 0 73 47 0 0 0 0 0 0 0 0 0 0 0 0 0 1 152 1 0 0 0 0 0 0 0 0 0 0 0 0 0 0 0 0 1 1 0 0 0 0 0 0 0 0 0 0 0 0 0 0 0 0 1 1 0 0 0 0 0 0 0 0 0 0 1 7 230 203 1 0 0 0 0 0 0 0 0 0 0 0 57 1 0 0 0 0 0 0 0 1 1 0 0 0 0 0 0 0 0 0 0 0 10 0 1 17 1 0 0 0 0 0 0 0 0 0 0 0 0 0 0 0 0 0 0 0 0 0 1 1 1 1 1 1 1 1 123 1 0 0 0 0 0 0 0 3 93 1 1 0 0 0 0 0 0 0 0 0 0 1 1 1 0 0 0 0 0 0 0 0 0 0 0 0 0 1 255 27 0 0 0 0 0 0 0 0 0 0 0 0 0 0 0 0 0 0 0 1 33 109 34 1 1 1 1 1 1 12 98 0 0
64 94 22 1 1 252 255 3 1 1 1 1 1 1 0 0 0 0 0 0 0 0 0 1 1 0 0 0 0 0 1 4 85 1 0 0 0 0 1 2 69 85 22 1 1 0 0 0 0 0 0 0 0 0 0 0 0 0 0 1 0 0 0 0 0 0 0 0 1 4 179 1 1 253 207 1 2 212 148 41 2 1 4 13 11 2 1 0 0 0 0 0 0 0 0 0 1 1 1 234 228 1 1 0 1 0 0 0 0 0 0 0 0 0 0 0 0 0 0 0 0 1 1 1 1 1 0 1 1 1 1 1 1 0 0 0 0 0 0 0 0 0 0 0 32 1 1 0 0 0 1 2 216 17 1 0 0 0 0 0 0 0 0 0 0 0 0 1 3 3 1 0 0 1 47 128 1 1 1 1 1 5 17 128 1 1 1 213 188 1 0 0 0 0 0 0 1 2 1 0 0 1 196 1 1 0 1 31 27 1 0 0 0 1 1 0 0 0 0 0 0 1 1 135 251 211 1 1 1 1 0 1 1 0 0 0 1 34 6 1 0 1 0 0 3 1 1 1 2 0 1 1 0 1 0 0 0 0 0 0 0 29 1 1 1 1 1 1 1 1 0 0 0 1 1 239 229 1 1 1 1 0 1 0 1 1 1 80 3 1 0 0 1 1 0 0 0 0 0 0 0 1 149 0 0 0 0 0 0 0 0 0 0 0 0 0 1 153 1 0 0 0 0 0 0 0 0 0 0 0 0 0 0 0 0 1 0 0 0 0 0 0 0 0 0 0 0 0 0 0 0 0 0 1 0 0 0 0 0 0 0 0 0 1 1 161 234 31 1 0 0 0 0 0 0 0 0 0 0 0 0 59 0 0 0 0 0 0 0 0 0 1 1 0 0 0 0 0 0 0 0 0 1 10 1 17 1 0 0 0 0 0 0 0 0 0 0 0 0 0 0 0 0 0 0 0 0 0 0 1 1 1 1 1 0 1 1 123 1 0 0 0 0 0 0 0 1 114 1 1 0 0 0 0 0 0 0 0 0 0 1 1 0 0 0 0 0 0 0 0 0 0 0 0 0 0 4 255 1 0 0 0 0 0 0 0 0 0 0 0 0 0 0 0 0 0 0 5 108 31 1 1 0 0 0 0 0 0 1 135 1 0
8 1 1 1 1 7 255 221 1 1 1 1 1 1 0 0 0 0 0 0 0 0 0 0 1 0 0 0 0 0 0 1 45 20 1 1 1 18 85 70 3 1 1 0 0 0 0 0 0 0 0 0 0 0 0 0 0 0 0 1 1 0 0 0 0 0 0 0 0 1 16 170 1 254 148 1 204 101 1 2 12 13 4 1 1 1 1 0 0 0 0 0 0 0 0 0 0 1 1 180 235 196 1 1 1 1 0 0 0 0 0 0 0 0 0 0 0 0 0 0 0 0 0 1 1 1 1 1 1 1 0 0 0 0 0 0 0 0 0 0 0 0 0 1 34 1 1 0 0 0 0 1 6 217 5 1 0 0 0 0 0 0 0 0 0 0 0 0 1 7 1 1 0 0 1 40 144 1 1 1 1 43 128 4 1 1 1 61 231 1 1 0 0 0 0 0 0 1 2 1 0 1 171 42 1 0 0 3 18 32 1 0 1 2 1 0 0 0 0 0 0 0 1 1 59 251 247 3 1 1 1 1 1 1 1 1 3 3 10 1 0 1 1 1 2 1 0 0 2 1 1 2 1 0 0 0 0 0 0 0 1 33 1 1 1 1 1 0 2 1 0 0 1 1 1 237 235 1 0 0 1 0 1 0 0 0 1 2 88 1 0 0 1 1 0 0 0 0 0 0 0 0 61 53 0 0 0 0 0 0 0 0 0 0 0 0 0 153 1 1 0 0 0 0 0 0 0 0 0 0 0 0 0 0 1 1 0 0 0 0 0 0 0 0 0 0 0 0 0 0 0 0 1 1 0 0 0 0 0 0 0 1 1 7 228 211 1 0 0 0 0 0 0 0 0 0 0 0 0 0 1 55 0 0 0 0 0 0 0 0 0 0 1 1 1 0 0 0 0 0 0 0 2 27 16 1 0 0 0 0 0 0 0 0 0 0 0 0 0 0 0 0 0 0 0 0 0 0 0 0 0 1 1 0 0 1 1 125 1 0 0 0 0 0 0 0 1 85 10 1 1 0 0 0 0 0 0 0 0 1 1 0 0 0 0 0 0 0 0 0 0 0 0 0 0 0 251 224 0 0 0 0 0 0 0 0 0 0 0 0 0 0 0 0 0 1 36 82 1 0 0 0 0 0 0 0 0 0 1 8 108 0
1 0 1 1 1 1 192 255 34 1 1 1 1 1 1 0 0 0 0 0 0 0 0 0 1 0 0 0 0 0 0 0 1 95 10 70 83 30 1 1 1 0 0 0 0 0 0 0 0 0 0 0 0 0 0 0 0 0 0 0 1 0 0 0 0 0 0 0 0 0 1 66 149 254 46 33 212 13 14 7 1 1 1 1 1 0 0 0 0 0 0 0 0 0 0 0 0 0 1 179 4 245 78 1 1 1 0 0 0 0 0 0 0 0 0 0 0 0 0 0 0 0 1 1 1 1 1 1 0 0 0 0 0 0 0 0 0 0 0 0 0 0 0 1 32 1 0 0 0 0 0 1 1 25 216 2 1 0 0 0 0 0 0 0 0 0 0 0 1 1 5 1 1 0 0 1 96 66 1 1 80 127 2 1 1 0 0 5 234 9 1 0 0 0 0 0 0 0 1 2 1 1 2 194 1 0 1 4 0 2 52 3 3 1 0 0 0 0 0 0 0 0 1 8 126 6 224 254 187 1 1 1 1 0 1 3 5 0 1 12 0 0 1 1 1 3 0 0 1 2 1 3 1 0 0 0 0 0 0 0 2 20 0 1 1 1 1 0 2 1 0 0 1 1 1 230 239 1 0 0 1 0 1 1 0 0 1 1 13 56 1 0 0 1 0 0 0 0 0 0 0 0 0 150 1 0 0 0 0 0 0 0 0 0 0 0 0 149 1 1 0 0 0 0 0 0 0 0 0 0 0 0 0 0 1 1 0 0 0 0 0 0 0 0 0 0 0 0 0 0 0 0 1 1 0 0 0 0 0 1 1 6 225 234 48 1 0 0 0 0 0 0 0 0 0 0 0 0 0 0 43 2 0 0 0 0 0 0 0 0 0 0 0 0 1 1 1 0 0 0 0 0 38 4 1 0 0 0 0 0 0 0 0 0 0 0 0 0 0 0 0 0 0 0 0 0 0 0 0 0 0 0 1 1 1 1 0 117 2 1 0 0 0 0 0 0 0 2 92 16 1 0 0 0 0 0 0 0 0 1 1 0 0 0 0 0 0 0 0 0 0 0 0 0 0 0 255 1 0 0 0 0 0 0 0 0 0 0 0 0 0 0 0 0 1 90 27 1 0 0 0 0 0 0 0 0 0 0 0 1 137 1
0 1 1 0 1 1 2 253 253 2 1 1 1 0 1 0 0 0 0 0 0 0 0 0 1 0 0 0 0 0 1 1 8 57 137 2 1 1 1 0 0 0 0 0 0 0 0 0 0 0 0 0 0 0 0 0 0 0 0 0 1 0 0 0 0 0 0 0 0 1 1 1 125 254 82 219 70 1 1 1 1 1 0 1 1 0 0 0 0 0 0 0 0 0 0 0 0 0 1 179 1 40 246 4 1 1 0 0 0 0 0 0 0 0 0 0 0 0 0 0 1 1 1 1 1 1 1 1 1 0 0 0 0 0 0 0 0 0 0 0 0 0 0 2 19 1 0 0 0 0 0 0 1 1 75 212 1 1 0 0 0 0 0 0 0 0 0 0 0 1 5 1 1 0 0 1 1 129 50 117 104 1 1 1 0 0 0 1 178 218 1 1 0 0 0 0 0 0 0 1 2 1 1 199 1 1 5 1 0 0 1 55 17 1 0 0 0 0 0 0 0 1 29 113 1 1 1 17 251 244 2 1 1 1 5 4 1 0 0 2 6 1 1 1 0 2 1 1 1 2 1 2 1 0 0 0 0 0 0 0 27 1 0 1 1 1 1 1 2 0 0 1 1 0 1 223 244 1 0 0 1 0 1 0 1 1 1 1 1 29 31 1 0 1 1 0 0 0 0 0 0 0 0 24 93 0 0 0 0 0 0 0 0 0 0 0 0 91 31 1 0 0 0 0 0 0 0 0 0 0 0 0 0 1 1 0 0 0 0 0 0 0 0 0 0 0 0 0 0 0 0 0 1 0 0 0 1 1 3 211 237 234 93 1 0 0 0 0 0 0 0 0 0 0 0 0 0 0 0 1 60 0 0 0 0 0 0 0 0 0 0 0 0 0 0 1 1 1 0 0 1 1 59 1 0 0 0 0 0 0 0 0 0 0 0 0 0 0 0 0 0 0 0 0 0 0 0 0 0 0 0 0 0 0 1 1 0 72 15 1 0 0 0 0 0 0 0 1 1 74 35 1 0 0 0 0 0 0 1 1 0 0 0 0 0 0 0 0 0 0 0 0 0 0 0 63 255 1 0 0 0 0 0 0 0 0 0 0 0 0 0 0 1 13 102 3 0 0 0 0 0 0 0 0 0 1 1 1 1 1 78 37
1 1 0 0 1 1 1 23 255 193 1 1 1 0 1 0 0 0 0 0 0 0 0 0 1 1 1 0 1 1 25 38 9 1 15 18 1 1 1 0 0 0 0 0 0 0 0 0 0 0 0 0 0 0 0 0 0 0 0 0 0 0 0 0 0 0 0 1 1 1 1 3 14 255 119 215 1 1 1 1 0 0 0 1 1 0 0 0 0 0 0 0 0 0 0 0 0 1 1 179 1 1 187 239 1 1 1 0 0 0 0 0 0 0 0 0 0 1 1 1 1 1 0 0 0 1 1 1 1 1 0 0 0 0 0 0 0 0 0 0 0 0 1 21 2 1 0 0 0 0 0 0 0 0 1 134 204 1 0 0 0 0 0 0 0 0 0 0 0 1 1 7 1 0 0 0 1 1 203 119 1 1 1 1 0 0 0 1 30 232 1 1 0 0 0 0 0 0 0 0 1 1 2 198 1 5 1 0 0 0 2 1 8 45 1 0 0 0 0 0 1 69 80 1 0 0 1 1 1 232 252 147 1 8 2 0 1 1 0 0 8 2 0 1 1 3 5 2 1 1 1 1 2 0 0 0 0 0 0 0 33 1 1 1 1 1 1 1 2 0 0 1 1 0 1 219 245 1 0 0 1 0 3 191 30 0 0 1 1 1 99 1 0 1 1 0 0 0 0 0 0 0 0 0 63 70 0 0 0 0 0 0 0 0 0 0 0 1 147 1 0 0 0 0 0 0 0 0 0 0 0 0 0 1 1 0 0 0 0 0 0 0 0 0 0 0 0 0 0 0 0 0 1 1 1 5 221 237 236 164 1 1 0 0 0 0 0 0 0 0 0 0 0 0 0 0 0 0 0 10 19 0 0 0 0 0 0 0 0 0 0 0 0 0 0 0 0 1 1 1 1 5 31 0 0 0 0 0 0 0 0 0 0 0 0 0 0 0 0 0 0 0 0 0 0 0 0 0 0 0 0 0 0 0 0 1 0 3 105 1 0 0 0 0 0 0 0 0 1 1 48 58 1 1 0 0 0 0 1 0 0 0 0 0 0 0 0 0 0 0 0 0 0 0 0 253 172 0 0 0 0 0 0 0 0 0 0 0 0 0 0 0 31 62 1 0 0 0 0 0 0 0 0 1 2 2 2 2 2 2 2 139
1 0 0 0 0 1 1 1 222 255 11 1 1 1 1 1 0 0 0 0 0 0 0 0 0 1 1 7 39 32 2 1 1 1 1 51 2 1 1 0 0 0 0 0 0 0 0 0 0 0 0 0 0 0 0 0 0 0 0 0 0 0 0 1 1 1 1 1 2 8 7 2 2 254 201 213 1 1 1 0 0 0 1 1 1 1 0 0 0 0 0 0 0 0 0 0 0 0 1 179 1 1 1 225 219 1 1 1 0 0 0 0 0 0 0 1 1 1 1 0 0 0 0 0 0 0 1 1 1 1 0 0 0 0 0 0 0 0 0 0 0 0 1 32 1 1 0 0 0 0 0 0 0 0 0 1 171 194 1 0 0 0 0 0 0 0 0 0 0 0 1 3 3 1 0 1 1 79 23 188 3 1 1 0 0 0 0 0 1 226 123 1 0 0 0 0 0 0 0 0 0 0 1 144 131 2 0 0 0 1 2 1 1 1 47 7 1 0 0 1 107 38 1 0 0 0 1 1 1 1 106 252 241 2 1 0 0 1 1 1 1 10 1 1 1 7 1 0 0 0 1 1 2 0 0 0 0 0 0 0 19 3 1 1 1 1 1 2 1 1 1 1 1 1 1 209 246 1 1 1 2 191 207 33 212 1 0 0 1 1 11 60 1 0 1 0 0 0 0 0 0 0 0 0 0 52 88 0 0 0 0 0 0 0 0 0 0 1 154 1 0 0 0 0 0 0 0 0 0 0 0 0 1 1 0 0 0 0 0 0 0 0 0 0 0 0 0 0 0 0 0 1 1 101 236 234 139 1 1 1 0 0 0 0 0 0 0 0 0 0 0 0 0 0 0 0 0 0 0 60 1 0 0 0 0 0 0 0 0 0 0 0 0 0 0 0 0 0 0 0 1 59 1 0 0 0 0 0 0 0 0 0 0 0 0 0 0 0 0 0 0 0 0 0 0 0 0 0 0 0 0 0 0 0 0 1 1 1 122 1 0 0 0 0 0 0 0 0 0 0 1 29 83 2 1 0 0 1 1 0 0 0 0 0 0 0 0 0 0 0 0 0 0 0 1 255 1 0 0 0 0 0 0 0 0 0 0 0 0 0 0 8 73 1 0 0 0 0 0 0 0 0 1 2 1 1 0 0 0 0 1 144
0 0 0 0 0 1 1 1 3 255 251 1 1 1 0 1 0 0 0 0 0 0 0 1 1 21 40 12 1 1 0 0 0 0 1 1 68 1 1 0 0 0 0 0 0 0 0 0 0 0 0 0 0 0 0 0 0 0 0 0 1 1 1 1 1 1 6 7 3 1 1 1 5 254 14 234 14 1 1 1 1 1 1 0 0 1 0 0 0 0 0 0 0 0 0 0 0 0 1 180 1 1 1 1 239 171 1 1 1 0 0 0 1 1 1 1 1 0 0 0 0 0 0 0 0 0 0 1 1 1 1 0 0 0 0 0 0 0 0 0 0 0 1 33 1 1 1 0 0 0 0 0 0 0 0 1 1 194 171 1 0 0 0 0 0 0 0 0 0 0 0 1 7 1 1 5 87 3 5 61 142 2 1 1 0 0 0 0 1 90 230 1 1 0 0 0 0 0 0 0 0 0 0 17 202 1 0 0 1 3 1 1 0 0 1 22 27 1 2 132 11 1 0 0 0 1 1 1 0 1 1 16 251 224 1 0 0 0 1 1 1 1 6 0 1 6 1 0 0 0 0 1 1 0 0 0 0 0 0 0 1 30 1 1 1 1 2 1 1 1 1 1 1 0 0 160 249 1 1 90 210 36 0 0 192 31 0 0 0 1 1 101 1 0 1 1 0 0 0 0 0 0 0 0 0 0 34 103 1 0 0 0 0 0 0 0 0 0 151 1 0 0 0 0 0 0 0 0 0 0 0 0 1 1 0 0 0 0 0 0 0 0 0 0 0 0 0 0 0 0 0 1 170 225 2 1 1 0 0 0 0 0 0 0 0 0 0 0 0 0 0 0 0 0 0 0 0 0 0 61 0 0 0 0 0 0 0 0 0 0 0 0 0 0 0 0 0 0 0 1 3 40 0 0 0 0 0 0 0 0 0 0 0 0 0 0 0 0 0 0 0 0 0 0 0 0 0 0 0 0 0 0 0 0 0 0 1 0 124 1 0 0 0 0 0 0 0 0 0 0 0 1 11 108 4 1 0 1 0 0 0 0 0 0 0 0 0 0 0 0 0 0 0 0 190 252 0 0 0 0 0 0 0 0 0 0 0 0 0 0 1 107 1 0 0 0 0 0 0 0 1 2 2 1 0 0 0 0 0 0 0 143
0 0 0 0 0 0 1 1 1 55 255 133 1 1 1 1 1 0 0 0 1 1 5 38 36 3 1 1 0 0 0 0 0 0 0 1 6 38 1 0 0 0 0 0 0 0 0 0 0 0 0 0 0 0 0 0 0 1 1 1 1 1 1 4 7 5 1 1 1 1 1 1 56 254 2 143 230 1 1 1 0 0 0 0 0 1 1 0 0 0 0 0 0 0 0 0 0 0 1 180 1 0 1 1 5 247 22 1 1 1 1 1 1 1 1 0 0 0 0 0 0 0 0 0 0 0 0 0 1 1 1 1 0 0 0 0 0 0 0 0 0 0 1 24 1 1 0 0 0 0 0 0 0 0 0 0 1 1 205 133 1 0 0 0 0 0 0 0 0 0 0 1 1 6 17 67 1 1 85 1 5 137 1 1 0 0 0 0 0 11 235 3 1 0 0 0 0 0 0 0 0 1 1 6 206 1 0 1 3 1 0 0 0 0 1 1 5 105 146 2 1 1 0 0 1 1 1 1 0 1 1 1 1 248 237 1 1 1 1 1 0 0 4 2 0 1 5 1 0 0 0 1 2 0 0 0 0 0 0 0 0 8 9 1 1 1 2 1 1 1 1 1 1 1 1 187 249 1 174 172 1 0 0 0 2 208 0 0 0 0 1 37 22 1 1 1 0 0 0 0 0 0 0 0 0 0 0 22 122 1 0 0 0 0 0 0 0 0 68 54 1 0 0 0 0 0 0 0 0 0 0 1 1 0 0 0 0 0 0 0 0 0 0 0 0 0 0 0 0 0 0 42 231 1 0 0 0 0 0 0 0 0 0 0 0 0 0 0 0 0 0 0 0 0 0 0 0 0 0 62 0 0 0 0 0 0 0 0 0 0 0 0 0 0 0 0 0 0 1 2 52 1 0 0 0 0 0 0 0 0 0 0 0 0 0 0 1 0 0 0 0 0 0 0 0 0 0 0 0 0 0 0 0 0 0 0 1 0 123 1 0 0 0 0 0 0 0 0 0 0 0 0 1 2 103 14 1 1 0 0 0 0 0 0 0 0 0 0 0 0 0 0 0 1 255 8 0 0 0 0 0 0 0 0 0 0 0 0 0 3 105 5 0 0 0 0 0 0 0 1 2 1 0 0 0 0 0 0 0 0 0 143
0 0 0 0 0 0 1 1 1 1 243 255 4 1 1 1 1 1 1 1 21 40 15 1 1 1 0 1 1 0 0 0 0 0 0 0 1 30 10 1 0 0 0 0 0 0 0 0 0 0 0 0 0 0 1 1 1 1 1 1 2 6 6 1 1 1 1 0 0 1 1 1 206 254 1 210 184 42 1 0 0 0 0 0 0 0 1 1 0 0 0 0 0 0 0 0 0 0 1 180 1 0 0 1 1 108 244 3 1 1 1 1 1 0 0 0 0 0 0 0 0 0 0 0 1 1 0 0 0 1 1 1 1 0 0 0 0 0 0 0 0 0 16 3 1 1 0 0 0 0 0 0 0 0 0 0 0 1 1 213 74 1 0 0 0 0 0 0 0 0 0 0 1 28 39 1 1 2 58 1 1 15 123 1 1 0 0 0 0 1 208 208 1 1 0 0 0 0 0 0 0 1 4 1 206 2 0 2 1 0 0 0 1 1 1 1 45 118 54 11 0 0 1 1 1 0 0 1 1 1 1 1 1 1 243 246 2 1 0 1 1 1 1 8 1 1 3 2 1 0 0 1 2 0 0 0 0 0 0 0 0 1 37 1 1 1 1 0 1 1 1 1 1 3 3 240 236 205 80 0 0 0 0 0 1 211 1 0 0 0 1 1 100 1 1 1 0 0 0 0 0 0 0 0 0 0 0 0 9 147 2 0 0 0 0 0 0 0 1 153 1 0 0 0 0 0 0 0 0 0 0 1 0 0 0 0 0 0 0 0 0 0 0 0 0 0 0 0 0 0 1 231 22 0 0 0 0 0 0 0 0 0 0 0 0 0 0 0 0 0 0 0 0 0 0 0 0 0 0 62 0 0 0 0 0 0 0 0 0 0 0 0 0 0 0 0 0 1 18 42 1 0 0 0 0 0 0 0 0 0 0 0 1 0 0 1 1 0 0 0 0 0 0 0 0 0 0 0 0 0 0 0 0 0 0 0 1 0 123 1 1 0 0 0 0 0 0 0 0 0 0 0 1 1 1 76 44 1 0 0 0 0 0 0 0 0 0 0 0 0 0 0 0 86 255 0 0 0 0 0 0 0 0 0 0 0 0 0 1 112 1 0 0 0 0 0 0 1 2 2 1 0 0 0 0 0 0 0 0 0 1 143
0 0 0 0 0 0 0 1 1 1 4 255 244 1 1 1 1 4 36 33 3 1 1 0 0 0 0 0 1 1 0 0 0 0 0 0 0 1 65 1 1 0 0 0 0 0 0 0 0 0 0 1 1 1 1 0 1 1 6 7 3 1 1 1 1 1 1 0 0 1 1 1 251 246 1 230 15 8 24 1 0 0 0 0 0 0 0 1 1 0 0 0 0 0 0 0 0 0 1 181 1 0 0 1 1 1 210 233 1 1 1 0 0 0 0 0 0 0 0 0 0 0 1 1 1 0 0 0 0 0 1 1 1 0 0 0 0 0 0 0 0 1 32 1 0 1 0 0 0 0 0 0 0 0 0 0 0 0 1 2 219 26 1 0 0 0 0 0 0 0 0 1 35 13 1 0 1 45 4 1 1 1 30 105 1 1 0 0 0 0 49 233 1 1 0 0 0 0 0 0 1 3 1 0 185 59 1 2 0 0 0 1 1 1 1 92 71 1 1 17 37 1 1 1 0 0 0 1 1 1 1 0 0 1 1 233 246 1 0 1 1 1 0 1 8 1 1 5 1 0 0 0 3 1 0 0 0 0 0 0 0 1 35 1 1 1 1 0 0 1 1 0 2 1 1 249 228 6 0 0 0 0 0 1 4 85 188 0 0 0 0 1 82 4 1 1 1 0 0 0 0 0 0 0 0 0 0 0 0 2 148 4 0 0 0 0 0 0 0 153 1 0 0 0 0 0 0 0 0 0 1 1 0 0 0 0 0 0 0 0 0 0 0 0 0 0 0 0 0 0 1 237 1 0 0 0 0 0 0 0 0 0 0 0 0 0 0 0 0 0 0 0 0 0 0 0 0 0 0 61 1 0 0 0 0 0 0 0 0 0 0 0 0 0 0 0 0 15 16 1 0 0 0 0 0 0 0 0 0 0 1 1 1 0 0 1 0 0 0 0 0 0 0 0 0 0 0 0 0 0 0 0 0 0 0 0 1 0 121 1 1 0 0 0 0 0 0 0 0 0 0 0 0 0 0 1 74 20 1 0 0 0 0 0 0 0 0 0 0 0 0 0 1 255 61 0 0 0 0 0 0 0 0 0 0 0 0 0 62 24 2 2 2 2 2 2 2 2 1 0 0 0 0 0 0 0 0 0 0 0 0 145
0 0 0 0 0 0 0 0 1 1 1 96 255 59 1 21 38 17 1 1 1 0 0 0 0 0 0 0 0 1 1 0 0 0 0 0 0 1 2 54 1 1 0 0 0 0 0 0 0 1 1 1 1 1 1 5 7 4 1 1 1 1 0 0 0 0 0 0 1 1 1 1 254 186 1 233 4 1 19 11 1 0 0 0 0 0 0 0 1 1 0 0 0 0 0 0 0 1 1 181 1 1 1 1 1 1 1 236 208 1 1 0 0 0 0 0 0 0 0 0 0 1 1 0 0 0 0 0 0 0 0 1 1 1 0 0 0 0 0 0 0 1 33 1 0 1 0 0 0 0 0 0 0 0 0 0 0 0 0 1 6 220 5 1 0 0 0 0 0 1 1 52 5 1 0 0 1 68 1 1 0 1 1 51 84 1 1 0 0 0 3 233 19 1 1 0 0 0 0 1 2 2 0 0 181 67 4 1 0 0 1 1 0 1 130 25 1 0 0 1 3 66 2 0 0 1 1 1 0 1 1 0 0 1 1 1 254 30 1 1 1 0 0 0 2 3 1 1 5 1 0 0 1 2 0 0 0 0 0 0 0 8 10 1 1 1 1 2 3 1 1 0 2 1 2 253 1 0 0 0 0 0 1 1 1 1 217 1 0 0 0 1 2 94 1 1 1 0 0 0 0 0 0 0 0 0 0 0 0 0 1 135 28 1 0 0 0 0 0 107 20 0 0 0 0 0 0 0 0 0 1 0 0 0 0 0 0 0 0 0 0 0 0 0 0 0 0 0 0 0 2 237 1 0 0 0 0 0 0 0 0 0 0 0 0 0 0 0 0 0 0 0 0 0 0 0 0 0 0 5 32 0 0 0 0 0 0 0 0 0 0 0 0 0 0 0 2 46 0 0 0 0 0 0 0 0 0 0 0 0 1 1 0 1 1 1 0 0 0 0 0 0 0 0 0 0 0 0 0 0 0 0 0 0 0 0 1 0 122 1 1 0 0 0 0 0 0 0 0 0 0 0 0 0 0 0 1 121 1 0 0 0 0 0 0 0 0 0 0 0 0 0 44 255 1 0 0 0 0 0 0 0 0 0 0 0 0 1 123 1 1 1 0 0 0 0 0 0 0 0 0 0 0 0 0 0 0 0 0 0 6 135
0 0 0 0 0 0 0 1 1 1 1 2 251 255 52 3 1 1 1 0 0 0 0 0 0 0 0 0 0 0 1 1 0 0 0 0 0 0 1 21 14 1 1 0 0 0 1 1 1 1 1 1 4 7 5 1 1 1 1 0 0 0 0 0 0 0 0 0 1 0 1 1 254 70 1 231 11 1 1 33 5 1 0 0 0 0 0 0 0 1 1 0 0 0 0 0 0 1 1 181 1 1 1 1 1 1 1 3 244 118 1 1 0 0 0 0 0 0 0 0 1 1 0 0 0 0 1 1 0 0 0 1 1 1 1 0 0 0 0 0 0 1 25 1 0 1 0 0 0 0 0 0 0 0 0 0 0 0 0 0 1 27 219 2 0 0 0 0 1 3 58 2 1 0 0 0 1 69 1 0 0 0 1 1 78 60 1 1 0 0 1 150 225 1 1 0 0 0 0 1 3 1 0 0 210 9 1 0 0 1 1 0 5 143 5 0 0 0 0 1 1 1 41 13 1 1 1 0 1 1 0 0 1 1 1 1 195 252 1 0 1 1 0 1 1 6 1 1 2 3 1 0 0 2 1 0 0 0 0 0 1 38 1 1 2 1 2 1 1 2 1 1 2 1 247 173 0 0 0 0 1 1 1 0 0 1 217 1 0 0 0 0 1 63 10 1 1 1 0 0 0 0 0 0 0 0 0 0 0 0 0 0 93 78 1 0 0 0 0 1 149 0 0 0 0 0 0 0 0 1 1 0 0 0 0 0 0 0 0 0 0 0 0 0 0 0 0 0 0 0 73 229 1 0 0 0 0 0 0 0 0 0 0 0 0 0 0 0 0 0 0 0 0 0 0 0 0 0 0 0 26 10 0 0 0 0 0 0 0 0 0 0 0 0 0 1 59 1 0 0 0 0 0 0 0 0 0 0 0 0 0 1 1 1 1 0 0 0 0 0 0 0 0 0 0 0 0 0 0 0 0 0 0 0 0 0 1 0 122 1 1 0 0 0 0 0 0 0 0 0 0 0 0 0 0 0 1 86 11 1 0 0 0 0 0 0 0 0 0 0 0 1 255 106 0 0 0 0 0 0 0 0 0 0 0 0 0 1 123 0 0 0 0 0 0 0 0 0 0 0 0 0 0 0 0 0 0 1 1 25 128 2
0 0 0 1 1 1 1 1 1 3 60 74 64 255 231 1 1 1 1 0 0 0 0 0 0 0 0 0 0 0 0 0 0 0 0 0 0 0 0 1 63 1 1 1 0 1 1 1 1 2 6 6 1 1 1 1 0 0 0 0 0 0 0 0 0 0 0 0 1 0 1 2 254 14 1 231 9 1 1 1 47 2 1 0 0 0 0 0 0 0 1 1 0 0 0 0 1 1 6 177 1 1 1 0 0 0 1 1 34 248 8 1 1 0 0 0 0 0 0 0 1 0 0 0 0 0 0 1 1 1 0 0 1 1 1 1 0 0 0 0 0 14 3 0 1 1 0 0 0 0 0 0 0 0 0 0 0 0 0 0 0 1 85 214 1 0 0 1 10 45 1 0 0 0 0 0 1 67 1 0 0 0 0 1 1 103 33 1 1 0 0 22 236 1 1 0 0 0 1 4 1 0 0 1 213 1 0 0 1 1 0 25 131 1 0 0 0 0 1 1 0 0 1 27 20 1 0 0 1 1 0 0 1 1 0 1 1 254 9 0 0 1 1 1 0 1 7 1 1 4 1 0 0 1 3 1 0 0 0 1 6 14 1 0 1 2 3 1 1 1 2 2 2 231 237 0 0 0 0 1 1 1 0 0 0 50 194 0 0 0 0 0 1 1 100 1 1 1 0 0 0 0 0 0 0 0 0 0 0 0 0 0 0 41 127 1 1 0 0 1 154 1 0 0 0 0 0 0 0 1 1 0 0 0 0 0 0 0 0 0 0 0 0 0 0 0 0 0 0 1 194 195 0 0 0 0 0 0 0 0 0 0 0 0 0 0 0 0 0 0 0 0 0 0 0 0 0 0 0 0 0 21 22 1 0 0 0 0 0 0 0 0 0 0 1 52 2 0 0 0 0 0 0 0 0 0 0 0 0 0 0 0 0 1 1 0 0 0 0 0 0 0 0 0 0 0 0 0 0 0 0 0 0 0 0 0 1 0 102 5 1 0 0 0 0 0 0 0 0 0 0 0 0 0 0 0 0 8 75 9 1 0 0 0 0 0 0 0 0 0 0 16 255 1 0 0 0 0 0 0 0 0 0 0 0 0 0 18 68 0 0 0 0 0 0 0 0 0 0 0 0 0 0 0 1 1 1 1 22 112 1 1
1 1 1 1 1 1 1 6 67 52 2 1 1 161 255 28 1 1 1 1 0 0 0 0 0 0 0 0 0 0 1 0 0 0 0 0 0 0 0 1 1 62 1 1 1 1 1 6 6 3 1 1 1 1 0 0 0 0 0 0 0 0 0 0 0 0 0 0 1 0 1 7 254 5 5 232 3 1 1 1 1 55 1 1 0 0 0 0 0 0 0 1 1 0 1 1 1 1 71 119 1 0 0 0 0 0 0 1 1 181 241 2 1 1 0 0 0 0 0 0 0 0 0 0 0 0 0 0 0 1 1 0 0 1 1 1 1 0 0 0 1 34 1 0 1 0 0 0 0 0 0 0 0 0 0 0 0 0 0 0 0 0 1 141 207 1 1 22 23 1 0 0 0 0 0 0 1 65 1 0 0 0 0 0 1 1 126 15 1 1 0 1 225 161 1 1 0 1 3 1 0 0 0 1 213 1 1 1 1 1 73 94 1 0 0 0 1 1 1 0 0 1 4 6 1 17 2 1 1 0 0 0 1 1 0 0 1 221 250 1 1 1 1 0 0 1 6 2 1 1 6 1 0 0 1 2 1 1 1 4 21 1 0 0 0 3 1 2 0 1 1 1 178 247 1 0 0 0 1 1 0 0 0 0 0 73 187 0 0 0 0 0 0 1 24 35 1 1 1 0 0 0 0 0 0 0 0 0 0 0 0 0 0 0 6 153 25 1 1 1 151 1 0 0 0 0 0 0 1 1 0 0 0 0 0 0 0 0 0 0 0 0 0 0 0 0 0 0 0 1 229 55 0 0 0 0 0 0 0 0 0 0 0 0 0 0 0 0 0 0 0 0 0 0 0 0 0 0 0 0 0 0 9 44 1 0 0 0 0 0 0 0 0 1 42 3 0 0 0 0 0 0 0 0 0 0 0 0 0 0 0 0 0 1 0 0 0 0 0 0 0 0 0 0 0 0 0 0 0 0 0 0 0 0 0 0 1 0 10 82 1 0 0 0 0 0 0 0 0 0 0 0 0 0 0 0 0 7 1 63 18 1 0 0 0 0 0 0 0 0 1 253 165 0 0 0 0 0 0 0 0 0 0 0 0 0 1 123 1 0 0 0 0 0 0 0 0 0 0 0 0 0 1 1 1 0 0 27 116 1 0 0
1 0 1 1 1 34 71 38 1 1 1 1 1 2 253 255 2 1 1 1 0 0 0 0 0 0 0 0 0 0 1 1 1 0 0 0 0 0 0 0 1 21 15 1 5 7 4 1 1 1 1 0 0 0 0 0 0 0 0 0 0 0 0 0 0 0 0 1 1 0 1 41 254 2 1 234 3 1 1 1 1 2 48 1 0 0 0 0 0 0 0 1 1 2 1 1 1 1 175 3 0 0 0 0 0 0 0 1 1 1 224 225 1 1 0 0 1 1 1 0 0 0 0 0 0 0 0 0 0 0 1 0 0 0 1 1 1 1 0 0 1 33 1 0 1 0 0 0 0 0 0 0 0 1 1 1 1 1 1 1 1 1 1 1 177 195 43 10 1 0 0 0 0 0 0 0 1 61 1 0 0 0 0 0 0 1 1 136 7 1 1 1 64 234 1 1 0 2 2 0 0 0 1 1 214 1 0 0 1 116 47 1 0 0 1 1 8 8 6 9 7 26 13 4 4 4 30 19 5 6 6 7 7 7 7 7 7 8 255 25 1 0 0 1 3 3 1 2 1 1 2 3 0 0 0 2 1 1 1 46 5 1 0 0 1 3 1 2 0 1 1 15 253 1 0 0 1 1 1 0 0 0 0 0 0 1 218 1 0 0 0 0 0 1 1 96 2 1 1 1 0 0 0 0 0 0 0 0 0 0 0 0 0 0 0 1 97 151 109 2 150 1 1 0 0 0 1 0 1 1 0 0 0 0 0 0 0 0 0 0 0 0 0 0 0 0 0 0 0 1 238 1 0 0 0 0 0 0 0 0 0 0 0 0 0 0 0 0 0 0 0 0 0 0 0 0 0 0 0 0 0 0 0 2 59 1 0 0 0 0 0 0 0 27 7 0 0 0 0 0 0 0 0 0 0 0 0 0 0 0 0 0 1 1 0 0 0 0 0 0 0 0 0 0 0 0 0 0 0 0 0 0 0 0 0 0 1 1 1 123 1 1 0 0 0 0 0 0 0 0 0 0 0 0 0 0 0 6 1 1 49 22 1 0 0 0 0 0 0 0 4 255 1 0 0 0 0 0 0 0 0 0 0 0 0 1 64 24 0 0 0 0 0 0 0 0 0 0 0 1 1 1 1 0 0 1 75 93 1 0 0 0
1 1 5 63 66 8 1 1 1 1 1 1 1 1 9 255 200 1 1 1 1 0 0 0 0 0 0 0 0 0 0 0 1 0 0 1 1 1 1 1 1 1 88 9 1 1 1 1 1 0 0 0 0 0 0 0 0 0 0 0 0 0 0 0 0 0 0 1 0 0 1 144 254 1 1 229 43 1 1 1 1 1 4 35 1 0 0 0 1 1 1 1 1 1 1 0 1 1 180 1 0 0 0 0 0 0 0 0 1 1 1 238 197 1 1 1 1 0 0 0 0 0 0 0 0 0 0 0 0 0 1 0 0 0 0 1 1 1 0 0 2 21 1 1 1 0 1 1 1 1 1 1 1 1 0 0 1 1 1 2 7 21 31 34 41 215 177 1 0 0 0 0 0 0 0 0 1 71 1 0 0 0 0 0 0 0 1 2 145 4 1 0 9 237 2 1 1 4 1 0 0 1 1 47 198 0 0 2 141 11 0 0 0 1 6 49 17 10 4 4 40 11 6 5 6 6 8 37 9 8 8 9 7 7 7 7 8 6 217 252 1 1 2 3 1 1 0 2 0 1 1 5 1 0 0 1 3 1 0 1 24 85 27 27 26 26 12 1 2 8 9 253 54 0 0 0 0 0 0 0 0 0 0 0 1 8 217 1 1 0 0 0 1 1 1 4 78 1 1 1 0 0 0 0 0 0 0 0 0 0 0 0 0 0 0 0 0 1 12 144 213 174 80 1 1 1 1 0 1 0 0 0 0 0 0 0 0 0 0 0 0 0 0 0 0 0 0 0 1 2 238 1 0 0 0 0 0 0 0 0 0 0 0 0 0 0 0 0 0 0 0 0 0 0 0 0 0 0 0 0 0 0 0 0 1 56 4 0 0 0 0 0 7 27 0 0 0 0 0 0 0 0 0 0 0 0 0 0 0 0 0 0 1 0 0 0 0 0 0 0 0 0 0 0 0 0 0 0 0 0 0 0 0 0 0 0 0 1 1 124 1 1 0 0 0 0 0 0 0 0 0 0 0 0 0 0 0 4 2 0 1 50 26 1 0 0 0 0 0 0 253 209 1 0 0 0 0 0 0 0 0 0 0 0 2 111 27 0 0 0 0 0 0 0 0 0 0 1 1 1 0 0 0 0 0 98 42 1 0 0 0 0
32 71 40 1 1 1 1 1 1 1 1 1 1 1 1 211 255 11 1 1 1 1 0 0 0 0 0 0 0 0 0 0 1 1 1 1 1 1 3 11 10 10 3 51 1 1 0 0 0 0 0 0 0 0 0 0 0 0 0 0 0 0 0 0 0 0 0 1 0 1 1 222 254 1 1 196 215 5 1 1 1 1 1 10 19 1 1 1 1 1 1 0 0 0 1 1 1 37 144 1 0 0 0 0 0 0 0 0 1 1 1 4 248 62 1 1 0 0 0 0 0 0 0 0 0 0 0 0 0 0 1 1 0 0 0 0 1 1 1 1 25 1 1 1 1 1 1 1 1 1 1 1 3 12 25 35 37 35 30 24 9 2 1 1 1 1 213 111 1 0 0 0 0 0 0 0 1 70 1 0 0 0 0 0 0 0 0 1 3 146 2 1 1 205 213 1 1 1 4 1 1 1 0 204 20 0 13 139 2 0 0 1 4 48 19 1 1 1 10 81 1 0 0 0 0 0 10 1 0 0 1 1 0 0 0 1 1 1 1 252 221 3 1 0 1 1 1 2 0 1 1 1 5 1 0 0 2 2 4 69 65 5 1 0 0 1 1 8 5 1 241 226 7 3 1 0 0 0 0 0 0 0 1 24 29 5 200 1 1 0 0 0 0 1 1 1 55 13 1 1 1 1 0 0 0 0 0 0 0 0 0 0 0 0 0 0 0 1 1 7 86 4 71 165 174 179 184 189 179 175 173 54 1 0 0 0 0 0 0 0 0 0 0 0 0 0 0 0 1 186 203 0 0 0 0 0 0 0 0 0 0 0 0 0 0 0 0 0 0 0 0 0 0 0 0 0 0 0 0 0 0 0 0 0 0 1 36 17 1 0 0 1 60 1 0 0 0 0 0 0 0 0 0 0 0 0 0 0 0 0 0 1 1 0 0 0 0 0 0 0 0 0 0 0 0 0 0 0 0 0 0 0 0 0 0 0 0 1 0 124 1 1 0 0 0 0 0 0 0 0 0 0 0 0 0 0 0 2 6 0 0 1 41 78 1 0 0 0 0 2 255 1 0 0 0 0 0 0 0 0 0 0 0 9 117 2 0 0 0 0 0 0 0 0 1 1 1 1 0 0 0 0 0 0 0 143 1 0 0 0 0 0
78 34 29 24 15 7 3 2 1 1 1 1 1 1 1 2 255 253 1 1 1 1 0 0 0 0 0 0 0 0 0 1 1 1 1 3 11 11 4 1 1 1 1 9 18 1 0 0 0 0 0 0 0 0 0 0 0 0 0 0 0 0 0 0 0 0 1 1 0 1 1 252 246 1 1 1 197 226 2 1 1 1 1 1 31 17 1 1 1 0 0 0 0 0 0 1 1 176 3 0 0 0 0 0 0 0 0 0 0 1 1 1 73 248 3 1 1 0 0 0 0 0 0 0 0 0 0 0 0 0 0 1 0 0 0 0 0 1 1 1 33 1 1 1 2 6 21 32 34 33 30 25 16 5 1 1 1 1 1 1 1 1 1 1 1 1 2 219 49 1 0 0 0 0 0 0 1 70 1 0 0 0 0 0 0 0 0 0 1 7 136 1 1 57 235 1 1 0 1 3 2 1 0 214 1 50 113 1 1 3 32 50 25 1 1 0 0 12 83 84 137 3 1 0 0 1 7 0 0 0 1 1 0 0 1 1 0 1 1 26 255 36 1 0 0 1 1 1 1 0 1 1 2 4 1 0 1 3 77 1 0 0 0 0 0 1 1 0 0 197 246 1 1 4 10 1 0 0 0 0 1 28 31 5 55 0 69 156 1 1 0 0 0 0 1 1 1 98 1 1 1 1 1 0 0 0 0 0 0 0 0 0 0 0 0 0 1 1 2 69 5 1 1 1 1 1 1 4 2 1 1 109 180 37 0 0 0 0 0 0 0 0 0 0 0 0 0 1 104 227 2 0 0 0 0 0 0 0 0 0 0 0 0 0 0 0 0 0 0 0 0 0 0 0 0 0 0 0 0 0 0 0 0 0 0 0 0 12 59 11 1 36 4 0 0 0 0 0 0 0 0 0 0 0 0 0 0 0 0 0 0 1 0 0 0 0 0 0 0 0 0 0 0 0 0 0 0 0 0 0 0 0 0 0 0 0 0 1 0 123 1 1 0 0 0 0 0 0 0 0 0 0 0 0 0 0 0 1 8 0 0 0 1 5 102 13 0 0 1 251 229 1 0 0 0 0 0 0 0 0 0 0 21 91 1 0 0 0 0 0 0 1 1 1 1 0 0 0 0 0 0 0 0 0 0 128 3 0 0 0 0 0
1 1 1 2 4 9 16 24 30 32 35 37 37 37 32 29 85 255 171 2 1 1 1 1 1 1 1 1 1 1 1 1 1 9 11 4 1 1 1 1 0 0 0 1 40 2 1 0 0 0 0 0 0 0 0 0 0 0 0 0 0 0 0 0 0 0 1 0 1 1 1 254 191 1 1 1 1 219 201 205 209 2 2 3 1 33 4 1 0 0 0 0 0 0 0 1 4 173 1 0 0 0 0 0 0 0 0 0 0 0 1 1 1 203 239 1 1 1 0 0 0 0 0 0 0 0 0 0 0 0 0 1 0 0 0 0 0 1 1 1 27 31 29 27 21 9 2 1 1 1 1 0 1 1 0 0 0 0 0 0 1 1 1 1 0 0 1 4 223 11 1 0 0 0 0 0 1 64 1 0 0 0 0 0 0 0 0 0 0 1 15 122 1 17 237 1 1 0 0 1 2 2 1 215 98 83 30 59 56 38 2 1 1 0 0 1 31 50 1 1 2 136 91 1 0 10 1 0 1 1 1 0 0 0 1 1 0 0 1 5 207 253 7 1 0 0 1 1 2 0 1 1 1 3 2 0 0 1 29 4 0 0 0 0 0 1 0 1 1 253 1 0 0 0 2 6 0 0 1 29 26 1 0 1 121 211 66 188 1 1 0 0 0 0 1 1 1 21 42 1 1 1 1 1 1 1 0 0 0 0 0 0 0 0 0 0 1 2 1 97 1 0 0 1 0 0 0 1 5 0 0 0 1 127 95 0 0 0 0 0 0 0 0 0 0 0 1 78 228 1 1 0 0 0 0 0 0 0 0 0 0 0 0 0 0 0 0 0 0 0 0 0 0 0 0 0 0 0 0 0 0 0 0 0 0 0 0 0 1 17 60 27 0 0 0 0 0 0 0 0 0 0 0 0 0 0 0 0 0 0 1 1 0 0 0 0 0 0 0 0 0 0 0 0 0 0 0 0 0 0 0 0 0 0 0 0 0 1 0 115 2 1 0 0 0 0 0 0 0 0 0 0 0 0 0 0 0 1 10 0 0 0 0 0 1 57 62 1 1 255 1 0 0 0 0 0 0 0 0 0 1 54 64 1 0 0 0 0 0 1 1 1 0 0 0 0 0 0 0 0 0 0 0 0 0 32 65 0 0 0 0 0
0 1 1 1 1 0 1 1 1 1 1 1 1 1 1 1 4 236 255 32 11 14 15 15 16 16 15 14 12 7 11 25 13 1 1 1 1 1 1 0 0 0 0 1 1 55 1 1 0 0 0 0 0 0 0 0 0 0 0 0 0 0 0 0 0 0 1 1 1 1 2 254 64 1 1 0 1 2 209 201 207 217 1 1 1 1 46 2 1 0 0 0 0 0 1 1 161 15 1 1 0 0 0 0 0 0 0 0 0 0 1 1 1 1 232 221 1 1 0 0 0 0 0 0 0 0 0 0 0 0 0 0 0 0 0 0 1 1 1 1 1 1 1 1 0 0 0 0 0 0 0 0 1 0 0 0 0 0 0 1 1 1 1 0 0 0 0 1 18 222 3 1 0 0 0 0 29 8 1 0 0 0 0 0 0 0 0 0 0 1 1 34 114 2 237 6 1 1 0 0 0 2 34 238 192 90 7 1 1 1 0 0 0 0 1 63 21 1 0 0 0 1 23 149 38 5 0 0 1 1 1 0 0 1 1 0 0 0 7 1 1 221 253 14 1 1 1 1 2 1 1 1 1 1 4 0 0 0 1 56 1 0 0 0 0 1 1 1 245 216 0 0 0 0 1 18 1 16 27 1 0 0 0 1 228 163 229 178 1 1 0 0 0 0 0 1 1 1 44 55 2 1 1 1 1 1 1 1 1 1 0 0 0 0 0 1 2 1 49 19 1 0 0 0 0 0 0 1 7 0 0 0 0 0 96 77 0 0 0 0 0 0 0 0 0 1 38 231 1 0 2 0 0 0 0 0 0 0 0 0 0 0 0 0 0 0 0 0 0 0 0 0 0 0 0 0 0 0 0 0 0 0 0 0 0 0 0 0 0 0 1 0 0 0 0 0 0 0 0 0 0 0 0 0 0 0 0 0 0 0 1 1 0 0 0 0 0 0 0 0 0 0 0 0 0 0 0 0 0 0 0 0 0 0 0 0 0 1 0 26 57 1 0 0 0 0 0 0 0 0 0 0 0 0 0 0 0 0 11 1 1 1 1 1 1 0 10 111 251 233 1 0 0 0 0 0 0 0 0 1 79 27 0 0 0 0 1 1 1 1 0 0 0 0 0 0 0 0 0 0 0 0 0 0 0 2 130 0 0 0 0 0
1 1 0 0 0 0 0 0 0 0 0 0 1 1 1 1 1 2 255 250 1 1 1 1 1 1 1 4 14 15 4 5 8 11 13 13 12 15 4 4 3 3 3 2 1 9 24 1 1 1 1 0 0 0 0 0 0 0 0 0 0 0 0 0 0 0 1 1 0 1 3 254 9 1 1 1 1 3 4 2 27 230 1 1 0 1 1 54 1 1 0 0 0 0 1 1 181 1 0 1 1 0 0 0 0 0 0 0 0 0 0 1 1 1 2 242 173 1 1 0 0 0 0 0 0 0 0 0 0 0 0 0 0 0 1 1 1 1 1 1 1 1 0 0 0 0 0 0 0 0 0 0 1 0 0 0 0 0 1 1 1 0 0 0 0 0 0 0 1 86 217 2 1 0 0 0 6 34 1 0 0 0 0 0 0 0 0 0 0 0 0 1 30 124 219 201 1 1 0 0 0 11 233 54 6 58 93 97 97 94 65 5 1 1 89 6 1 0 0 0 0 0 0 1 109 168 3 1 1 1 1 1 0 1 1 0 0 2 4 0 1 1 216 253 27 1 1 1 1 2 1 1 1 1 7 0 0 0 0 18 11 1 1 1 1 1 1 2 254 1 0 1 23 36 37 43 83 3 0 0 0 1 2 13 222 1 1 6 172 1 0 0 0 0 0 0 1 1 1 14 93 30 1 1 1 1 1 1 1 1 1 1 1 1 1 1 1 4 92 1 0 0 0 0 0 0 0 1 6 0 0 0 0 0 1 135 31 0 0 0 0 0 0 0 1 13 233 3 0 0 2 0 0 0 0 0 0 0 0 0 0 0 0 0 0 0 0 0 0 0 0 0 0 0 0 0 0 0 0 0 0 0 0 0 0 0 0 0 0 0 0 0 0 0 0 0 0 0 0 0 0 0 0 0 0 0 0 0 0 1 1 0 0 0 0 0 0 0 0 0 0 0 0 0 0 0 0 0 0 0 0 0 0 0 0 0 0 1 0 1 124 1 1 0 0 0 0 0 0 0 0 0 0 0 0 0 0 0 3 6 0 0 0 0 0 0 1 4 255 115 6 0 0 0 0 0 0 0 0 80 15 0 0 1 1 1 1 0 0 0 0 0 0 0 0 0 0 0 0 0 0 0 0 0 0 1 136 0 0 0 0 0
1 0 0 0 0 0 0 0 0 0 0 0 0 1 1 1 1 1 55 255 104 1 1 1 3 11 10 3 1 1 0 0 1 1 1 1 1 7 1 1 1 1 1 1 2 3 49 13 3 3 3 3 3 3 3 1 1 1 1 1 1 1 1 1 1 1 1 1 1 1 10 254 2 1 2 3 2 1 1 1 2 236 1 1 1 0 1 1 50 1 1 0 0 0 1 2 178 1 0 0 1 1 1 0 0 0 0 0 0 0 0 0 1 1 1 9 249 18 1 1 0 0 0 0 0 0 0 0 0 0 0 1 1 1 1 1 0 0 0 0 1 1 1 0 0 0 0 0 0 0 0 0 1 0 0 0 1 1 1 1 0 0 0 0 0 0 0 0 1 1 151 210 1 1 0 0 1 50 2 0 0 0 0 0 0 0 0 0 0 0 0 0 1 142 212 238 1 1 0 0 1 231 48 1 0 1 1 1 1 1 5 67 96 91 2 0 0 0 0 0 0 0 0 0 1 3 168 117 2 1 0 1 1 1 0 0 0 7 1 1 1 1 1 203 253 16 1 0 0 1 2 1 1 1 7 1 0 0 1 47 1 1 2 0 0 1 1 245 221 4 9 34 2 1 0 1 31 0 1 2 2 2 1 198 97 1 1 1 11 164 1 0 0 0 1 0 1 1 1 1 1 32 92 14 5 13 6 2 1 1 1 1 1 1 1 1 2 80 5 0 0 0 0 0 0 0 0 2 4 0 0 0 0 0 0 1 155 13 0 0 0 0 0 0 4 234 8 0 0 0 2 0 0 0 0 0 0 0 0 0 0 0 0 0 0 0 0 0 0 0 0 0 0 0 0 0 0 0 0 0 0 0 0 0 0 0 0 0 0 0 0 0 0 0 0 0 0 0 0 0 0 0 0 0 0 0 0 0 0 1 1 0 0 0 0 0 0 0 0 0 0 0 0 0 0 0 0 0 0 0 0 0 0 0 0 0 0 1 1 0 125 1 1 0 0 0 0 0 0 0 0 0 0 0 0 0 0 0 1 13 1 0 0 0 0 0 1 254 201 1 88 105 2 0 0 0 0 0 43 35 0 1 1 1 0 0 0 0 0 0 0 0 0 0 0 0 0 0 0 0 0 0 0 0 0 1 137 1 0 0 0 0
0 0 0 0 0 0 0 0 0 0 0 0 0 0 1 1 1 1 1 249 255 6 9 11 3 1 1 1 1 0 0 0 1 0 0 1 2 3 0 0 0 0 0 0 0 1 1 50 1 1 1 1 1 1 1 2 3 2 2 3 3 3 3 3 3 3 3 3 3 3 97 254 14 6 1 1 1 1 0 1 1 236 4 1 1 0 0 1 3 36 1 0 0 1 1 114 76 1 0 0 0 0 1 1 0 0 0 0 0 0 0 0 0 1 1 1 136 246 2 1 1 0 0 1 0 0 0 0 1 1 1 1 1 1 0 0 0 0 0 0 0 1 1 1 0 0 0 0 0 0 0 0 0 1 1 1 1 1 1 0 0 0 0 0 0 0 0 0 0 1 1 186 193 1 1 1 1 26 13 0 0 0 0 0 0 0 0 0 0 0 0 1 5 17 141 246 71 2 1 1 116 228 1 1 1 1 1 1 1 0 0 0 0 0 0 0 0 0 1 1 1 1 1 1 1 0 1 55 195 46 1 0 1 1 0 0 2 3 0 1 1 1 1 1 219 253 1 1 0 0 1 3 1 1 2 5 0 1 27 3 0 0 2 0 0 1 1 254 1 20 8 0 0 0 0 0 21 4 2 1 1 0 1 223 2 0 0 1 1 24 148 1 0 0 1 1 0 1 1 1 1 1 2 57 80 62 79 100 101 49 3 1 1 1 1 2 72 19 1 0 0 0 0 0 0 0 1 5 1 0 0 0 0 0 0 0 1 162 14 0 0 0 0 2 233 28 0 0 0 0 2 0 0 0 0 0 0 0 0 0 0 0 0 0 0 0 0 0 0 0 0 0 0 0 0 0 0 0 0 0 0 0 0 0 0 0 0 0 0 0 0 0 0 0 0 0 0 0 0 0 0 0 0 0 0 0 0 0 0 1 0 0 0 0 0 0 0 0 0 0 0 0 0 0 0 0 0 0 0 0 0 0 0 0 0 0 0 0 1 0 126 1 1 0 0 0 0 0 0 0 0 0 0 0 0 0 0 0 0 2 10 1 0 0 0 0 129 255 1 1 0 3 110 81 1 0 0 7 93 1 1 1 0 0 0 0 0 0 0 0 0 0 0 0 0 0 0 0 0 0 0 0 0 0 0 0 139 2 0 0 0 0
0 0 0 0 0 0 0 0 0 0 0 0 0 1 1 1 1 1 1 23 255 246 2 1 1 1 1 1 1 0 0 0 1 1 1 4 3 1 1 1 0 0 0 0 0 0 1 4 27 1 0 0 0 0 0 1 1 0 1 1 1 1 1 1 1 1 1 1 23 187 240 254 79 84 88 92 94 94 94 92 88 230 175 4 2 1 1 1 1 9 21 1 1 1 1 182 1 0 0 0 0 0 0 1 1 0 0 0 0 0 0 0 0 0 1 1 1 216 236 1 1 1 1 1 1 1 1 1 1 1 1 0 0 0 0 0 0 0 0 0 0 0 1 1 1 0 0 0 0 0 0 0 0 1 1 1 1 1 0 0 0 0 0 0 0 0 0 0 0 0 1 1 205 167 1 2 56 20 1 0 0 0 0 0 0 0 0 0 0 0 0 1 20 1 64 238 143 74 85 99 234 45 19 30 2 1 1 1 1 1 1 1 1 1 1 1 1 1 4 79 184 186 89 1 1 1 1 0 1 155 187 6 1 1 1 1 8 1 0 1 0 1 1 1 1 250 229 1 1 0 0 2 1 1 1 9 1 1 40 0 0 1 2 0 0 1 189 247 1 0 0 0 0 0 0 0 1 18 1 0 0 1 9 223 1 1 1 1 1 1 36 158 1 0 0 1 1 0 1 1 1 0 0 1 1 1 1 1 2 18 90 41 2 2 6 84 8 1 1 1 0 0 0 0 0 0 1 7 1 0 0 0 0 0 0 0 0 1 156 30 0 0 1 228 75 1 0 0 0 0 2 0 0 0 0 0 0 0 0 0 0 0 0 0 0 0 0 0 0 0 0 0 0 0 0 0 0 0 0 0 0 0 0 0 0 0 0 0 0 0 0 0 0 0 0 0 0 0 0 0 0 0 0 0 0 0 0 0 1 1 0 0 0 0 0 0 0 0 0 0 0 0 0 0 0 0 0 0 0 0 0 0 0 0 0 0 0 0 1 0 125 1 1 0 0 0 0 0 0 0 0 0 0 0 0 0 0 0 0 1 2 13 11 1 0 1 255 18 1 1 0 0 1 15 124 23 3 116 1 0 0 0 0 0 0 0 0 0 0 0 0 0 0 0 0 0 0 0 0 0 0 0 0 0 0 0 58 58 0 0 0 0
0 0 0 0 0 0 0 0 0 0 0 1 1 1 1 1 4 14 11 3 140 255 58 1 1 1 0 0 1 1 0 0 0 1 5 1 1 0 0 1 0 0 0 0 0 0 0 1 21 6 0 0 0 0 0 0 0 0 0 0 0 0 0 1 1 3 144 195 184 24 254 231 2 1 1 1 1 1 1 1 1 20 237 10 4 5 6 7 7 8 52 63 25 24 24 201 20 6 16 10 1 1 1 1 1 1 1 0 0 0 0 0 0 0 1 1 1 1 239 214 1 1 1 1 1 1 1 1 1 0 0 0 0 0 0 0 0 0 0 0 0 0 1 1 1 1 0 0 0 0 0 0 0 1 1 1 1 0 0 0 0 0 0 0 0 0 0 0 0 0 0 1 2 216 110 68 2 1 0 0 0 0 0 0 0 0 0 0 0 0 0 1 10 3 58 5 243 66 12 227 149 124 82 64 121 95 66 73 21 2 2 2 4 5 10 99 179 196 195 151 19 16 143 191 47 1 1 1 0 1 4 187 197 197 196 199 57 1 0 1 1 0 1 1 1 28 254 106 1 1 0 1 3 2 1 3 4 37 1 1 1 1 3 1 1 1 254 7 0 0 0 0 0 0 0 0 0 20 1 5 8 7 226 7 1 0 0 0 0 0 1 13 181 7 1 1 1 1 1 1 1 1 0 0 0 0 0 1 1 1 1 30 98 95 78 3 1 1 1 0 0 0 0 0 0 0 1 7 1 0 0 0 0 0 0 0 0 0 1 133 74 1 225 129 1 0 0 0 0 0 2 0 0 0 0 0 0 0 0 0 0 0 0 0 0 0 0 0 0 0 0 0 0 0 0 0 0 0 0 0 0 0 0 0 0 0 0 0 0 0 0 0 0 0 0 0 0 0 0 0 0 0 0 0 0 0 0 0 1 0 0 0 0 0 0 0 0 0 0 0 0 0 0 0 0 0 0 0 0 0 0 0 0 0 0 0 0 0 1 0 121 1 1 0 0 0 0 0 0 0 0 13 250 237 1 0 0 0 0 0 0 1 1 12 15 235 251 1 0 1 0 1 2 1 1 63 117 1 0 0 0 0 0 0 0 0 0 0 0 0 0 0 0 0 0 0 0 0 0 0 0 0 0 0 0 0 2 149 1 0 0 0
1 1 0 0 0 0 0 0 1 1 1 1 1 2 11 14 4 1 1 1 1 253 255 2 1 1 1 0 1 1 0 0 1 3 2 1 1 1 1 0 1 0 0 0 0 0 0 0 1 48 1 0 0 0 0 0 0 0 0 0 1 1 1 44 188 194 107 2 1 2 254 57 1 1 1 1 1 1 1 1 1 1 175 231 4 1 0 0 0 1 1 12 3 1 5 177 8 20 8 13 48 54 54 54 54 51 48 40 30 19 8 3 1 1 1 1 1 1 3 247 97 1 1 1 1 1 0 0 0 0 0 0 0 0 0 0 0 0 0 0 0 0 0 1 1 1 0 0 0 0 0 0 1 1 1 0 0 0 0 0 0 0 0 0 0 0 0 0 0 0 0 1 1 3 222 154 1 0 0 0 0 0 0 0 0 0 0 0 0 0 0 1 2 25 38 1 27 244 234 33 110 3 1 1 1 12 29 24 111 194 197 197 195 195 191 139 26 4 2 1 1 1 2 14 167 174 3 1 1 1 1 0 1 1 1 10 166 180 1 0 1 1 0 1 43 63 105 254 220 1 1 1 1 3 2 1 16 36 1 0 0 1 2 0 1 3 254 1 0 0 0 0 0 0 0 0 0 7 7 2 1 72 213 1 1 1 1 1 1 0 0 0 1 165 80 1 1 1 1 1 1 1 1 0 0 0 0 0 1 1 1 1 1 1 1 1 0 0 0 0 0 0 0 0 0 0 1 6 0 0 0 0 0 0 0 0 0 0 0 0 97 232 174 1 0 0 0 0 0 0 2 0 0 0 0 0 0 0 0 0 0 0 0 0 0 0 0 0 0 0 0 0 0 0 0 0 0 0 0 0 0 0 0 0 0 0 0 0 0 0 0 0 0 0 0 0 0 0 0 0 0 1 1 1 1 1 0 0 1 0 0 0 0 0 0 0 0 0 0 0 0 0 0 0 0 0 0 0 0 0 0 0 0 0 0 0 0 0 1 0 73 18 1 0 0 0 0 0 0 0 8 251 62 240 221 0 0 0 0 0 0 0 0 0 1 251 250 1 0 1 2 2 1 0 0 0 1 2 0 0 0 0 0 0 0 0 0 0 0 0 0 0 0 0 0 0 0 0 0 0 0 0 0 0 0 0 1 156 1 0 0 0
1 1 1 1 0 1 1 1 1 1 1 9 14 8 1 1 1 1 1 1 1 9 255 226 1 1 1 0 1 0 1 1 1 7 1 1 0 0 1 1 1 0 0 0 0 0 0 0 0 1 42 1 0 0 0 0 0 1 1 1 3 160 197 174 9 1 1 1 1 13 254 4 1 2 1 1 1 0 0 1 1 1 1 152 231 1 1 0 0 0 1 1 19 2 121 45 1 0 0 0 0 1 1 1 1 1 1 2 3 7 18 35 44 48 52 54 56 57 72 139 250 8 1 1 1 1 1 1 0 0 0 0 0 0 0 0 0 0 0 0 0 0 0 0 1 1 1 0 0 0 1 1 1 1 0 0 0 0 0 0 0 0 0 0 0 0 0 0 0 0 0 1 1 1 15 233 7 1 0 0 0 0 0 0 0 0 0 0 0 0 1 1 1 91 4 1 135 252 229 5 110 1 1 1 1 1 1 40 66 5 2 1 1 1 1 1 1 1 1 1 1 1 1 1 2 38 188 9 2 6 1 1 0 0 4 1 0 21 177 1 0 1 1 70 95 1 1 4 253 253 18 1 1 1 6 1 6 49 1 0 0 3 1 0 1 244 218 1 1 0 0 0 0 0 0 0 1 1 2 1 1 227 11 221 243 244 244 243 106 1 0 0 0 1 98 163 1 1 0 1 1 1 1 0 0 0 0 0 0 0 1 1 1 0 0 0 0 0 0 0 0 0 0 0 0 1 4 2 0 0 0 0 0 0 0 0 0 0 0 1 186 226 124 1 0 0 0 0 0 0 2 0 0 0 0 0 0 0 0 0 0 0 0 0 0 0 0 0 0 0 0 0 0 0 0 0 0 0 0 0 0 0 0 0 0 0 0 0 0 0 0 0 0 0 0 0 0 0 0 0 1 14 15 14 14 15 15 11 4 1 1 1 1 1 3 3 2 1 0 0 0 0 0 0 0 0 0 0 0 0 0 0 0 0 0 0 0 0 1 1 2 116 1 1 0 0 0 0 1 161 251 55 0 1 253 2 0 0 0 0 0 0 0 0 1 179 255 253 9 3 1 0 0 0 0 0 1 2 0 0 0 0 0 0 0 0 0 0 0 0 0 0 0 0 0 0 0 0 0 0 0 0 0 0 0 0 0 156 1 0 0 0
3 0 0 1 1 1 1 1 5 14 12 1 1 1 0 0 0 0 1 1 1 1 194 255 26 1 1 1 1 1 1 0 2 3 0 0 0 0 0 1 0 0 0 0 0 0 0 0 0 1 12 11 0 0 0 1 1 17 150 196 194 77 1 1 1 1 0 1 1 202 254 1 1 1 2 1 1 1 0 0 1 0 1 3 238 1 1 0 0 0 0 1 1 25 178 1 0 0 0 0 0 0 0 0 0 0 1 1 0 0 0 1 1 1 1 1 3 4 2 1 190 247 2 1 1 1 1 1 1 1 1 1 1 1 1 1 1 1 1 1 0 0 0 0 0 1 1 1 0 1 1 1 1 0 0 0 0 0 0 0 0 0 0 0 0 0 0 0 0 0 0 1 1 1 2 197 212 2 0 0 0 0 0 0 0 0 0 0 0 1 1 0 10 82 1 214 249 89 54 199 36 1 1 1 1 1 2 85 1 1 1 1 1 1 1 1 1 1 1 1 1 1 1 1 1 1 11 197 48 3 13 1 1 1 6 0 0 0 60 155 1 5 82 2 70 0 1 1 1 221 255 250 11 1 2 3 1 75 1 0 0 4 1 1 1 254 1 1 1 5 61 103 61 17 5 3 3 12 176 237 245 245 240 203 5 1 1 11 239 219 1 0 0 0 1 12 182 22 1 0 1 1 1 0 0 0 0 0 1 1 1 1 1 0 0 0 0 0 0 0 0 0 0 0 0 1 7 1 0 0 0 0 0 0 0 0 0 0 1 159 215 1 34 170 2 0 0 0 0 0 2 0 0 0 0 0 0 0 0 0 0 0 0 0 0 0 0 0 0 0 0 0 0 0 0 0 0 0 0 0 0 0 0 0 0 0 0 0 0 0 0 0 0 0 0 0 0 0 0 1 13 1 1 0 0 0 1 2 7 14 16 16 15 13 9 8 12 17 18 16 5 1 0 0 0 0 0 0 0 0 0 0 0 0 0 0 0 0 0 1 1 128 1 1 0 0 0 1 247 248 2 0 0 0 209 244 1 0 0 0 0 0 0 0 1 251 12 140 254 49 1 1 0 0 0 0 1 2 0 0 0 0 0 0 0 0 0 0 0 0 0 0 0 0 0 0 0 0 0 0 0 0 0 0 0 0 0 152 1 0 0 0
130 1 1 1 1 2 13 14 3 1 1 0 0 0 0 0 0 0 1 1 1 1 2 254 254 2 1 1 1 0 0 1 5 1 0 0 0 0 0 1 1 0 0 0 0 0 0 0 0 0 1 42 1 1 1 108 196 186 99 2 1 1 1 1 1 0 1 1 1 253 234 1 1 1 1 1 1 1 1 0 1 1 1 1 238 6 1 0 0 0 0 0 1 4 193 1 0 0 0 0 0 0 0 0 0 0 0 1 1 0 0 1 1 3 4 2 1 1 1 1 1 229 235 1 1 1 1 0 0 0 0 0 0 0 1 1 1 1 1 1 1 1 1 1 1 1 1 1 1 1 1 0 0 0 0 0 0 0 0 0 0 0 0 0 0 0 0 0 0 0 0 0 1 1 1 182 52 202 1 0 0 0 0 0 0 0 0 0 0 1 0 1 90 10 234 244 5 1 1 38 101 1 1 1 1 1 73 3 1 0 1 1 1 0 0 0 0 0 1 1 0 0 1 1 1 1 5 7 169 12 1 11 2 5 1 0 1 0 0 110 171 51 1 0 70 0 1 1 1 1 1 229 255 251 13 6 2 237 247 244 214 203 207 228 243 254 243 246 246 245 243 242 244 244 245 246 245 244 239 165 14 1 1 1 1 1 1 1 1 216 234 1 1 1 1 0 1 148 136 1 1 1 2 0 0 0 0 1 1 1 1 1 1 1 1 1 1 1 1 1 0 0 0 0 0 3 2 0 0 0 0 0 0 0 0 0 0 1 170 218 1 0 0 2 177 42 0 0 0 0 2 0 0 0 0 0 0 0 0 0 0 0 0 0 0 0 0 0 0 0 0 0 0 0 0 0 0 0 0 0 0 0 0 0 0 0 0 0 0 0 0 0 0 0 0 0 0 0 1 13 1 0 0 0 0 0 0 0 0 0 0 0 0 0 0 0 0 0 0 1 5 18 18 4 1 0 0 0 0 0 0 0 0 0 0 0 0 0 0 1 0 127 1 1 0 0 137 251 196 1 1 0 0 0 1 252 11 0 0 0 0 0 0 1 4 252 1 1 19 254 199 1 0 0 0 0 1 2 0 0 0 0 0 0 0 0 0 0 0 0 0 0 0 0 0 0 0 0 0 0 0 0 0 0 0 0 0 67 54 0 0 0
92 18 1 8 14 6 1 1 1 0 0 0 0 0 0 0 0 0 0 1 1 1 1 18 255 195 1 1 1 0 1 2 4 1 0 0 0 0 0 0 1 0 0 0 0 0 0 0 0 0 1 1 61 127 196 144 1 1 1 1 0 0 0 1 0 1 1 1 2 255 53 1 1 0 1 2 1 0 1 0 0 1 1 1 233 96 1 1 0 0 0 0 1 141 33 22 1 0 0 0 0 0 0 0 0 0 0 0 1 1 2 4 3 1 0 0 0 0 1 1 1 2 244 208 1 1 1 1 0 0 0 0 0 0 0 0 0 0 0 0 0 0 0 0 0 1 1 1 1 1 0 0 0 0 0 0 0 0 0 0 0 0 0 0 0 0 0 0 0 0 0 1 1 1 1 182 1 106 191 1 0 0 0 0 0 0 0 0 1 1 0 16 89 244 237 2 1 1 1 1 54 78 1 1 1 9 51 1 1 1 1 0 0 0 0 0 0 0 0 0 0 0 1 1 2 4 1 1 4 178 3 1 18 2 0 0 0 1 1 179 77 1 0 0 68 1 0 1 1 1 1 1 1 227 255 254 254 254 251 249 254 248 248 242 235 220 19 1 1 1 1 1 1 1 0 0 1 1 1 0 6 1 0 0 0 0 1 0 0 1 172 245 32 1 0 0 0 1 34 182 5 2 1 0 0 0 0 0 0 1 1 2 1 1 1 1 1 0 0 0 0 0 0 0 1 7 1 0 0 0 0 0 0 0 0 1 8 232 208 1 0 0 0 1 1 115 131 1 0 0 2 0 0 0 0 0 0 0 0 0 0 0 0 0 0 0 0 0 0 0 0 0 0 0 0 0 0 0 0 0 0 0 0 0 0 0 0 0 0 0 0 0 0 0 0 0 0 1 13 1 0 0 0 0 0 0 0 0 0 0 0 0 0 0 0 0 0 0 0 0 0 0 1 7 19 17 3 1 0 0 0 0 0 0 0 0 0 0 0 1 1 126 1 1 1 241 250 3 1 1 0 0 0 0 0 69 251 1 1 0 0 0 0 1 242 217 1 1 1 1 252 247 1 0 0 0 1 1 0 0 0 0 0 0 0 0 0 0 0 0 0 0 0 0 0 0 0 0 0 0 0 0 0 0 0 0 0 1 154 3 2 1
34 147 12 2 1 1 1 0 0 0 0 0 0 0 0 0 0 0 0 1 1 1 1 1 230 255 11 1 1 1 1 6 1 0 0 0 0 0 0 0 1 1 0 0 0 0 0 0 1 1 42 196 206 169 1 1 0 0 0 0 0 0 0 1 1 1 0 1 18 255 3 1 1 0 1 1 2 1 1 0 0 0 1 1 113 232 1 1 1 0 0 0 1 172 1 3 14 1 0 0 0 0 0 0 0 1 1 1 4 4 1 1 0 0 0 0 0 0 1 1 1 1 6 251 85 1 1 1 1 1 0 0 0 0 0 0 0 0 0 0 0 0 0 0 0 0 1 1 1 1 0 0 0 0 0 0 0 0 0 0 0 0 0 0 0 0 0 0 0 0 1 1 1 1 1 180 2 1 156 168 1 0 0 0 0 0 0 0 1 0 4 121 247 221 1 1 1 1 1 1 1 76 55 1 1 83 1 1 1 0 0 0 0 0 0 0 0 0 0 0 0 0 1 3 2 1 1 1 1 44 145 1 19 1 0 0 1 25 190 7 1 1 0 0 49 3 0 0 0 1 1 1 1 1 1 243 233 2 181 254 63 1 1 1 1 6 1 0 1 1 0 0 1 1 0 0 0 0 0 1 6 1 0 0 0 1 1 0 0 0 1 13 244 215 1 1 0 0 1 10 163 0 0 0 0 0 0 0 0 1 1 1 1 2 1 1 0 0 0 0 0 0 0 0 3 3 1 0 0 0 0 0 0 0 1 213 235 39 1 0 0 1 2 1 1 1 24 178 17 0 2 0 0 0 0 0 0 0 0 0 0 0 0 0 0 0 0 0 0 0 0 0 0 0 0 0 0 0 0 0 0 0 0 0 0 0 0 0 0 0 0 0 0 0 0 1 7 11 1 0 0 0 0 0 0 0 0 0 0 0 0 0 0 0 0 0 0 0 0 0 0 0 0 0 1 1 10 18 10 1 0 0 0 0 0 0 1 1 8 15 17 137 2 1 238 230 1 0 1 0 0 0 0 0 0 0 207 252 202 1 1 0 0 1 254 1 0 1 0 0 1 238 254 22 0 0 2 1 0 0 0 0 0 0 0 0 0 0 0 0 0 0 0 0 0 0 0 0 0 0 0 0 0 0 0 0 0 1 144 1 1 3
131 36 3 1 0 0 0 0 0 0 0 0 0 0 0 0 0 1 1 1 1 1 1 1 2 255 253 1 1 1 5 1 1 0 0 0 0 0 0 0 0 1 1 0 0 1 1 3 175 202 186 7 1 46 3 0 0 0 0 0 0 0 1 1 1 1 0 1 211 254 1 1 0 0 0 1 1 2 1 0 0 0 0 1 1 235 66 1 1 1 0 0 1 172 1 1 8 9 1 0 0 0 0 1 1 3 4 2 1 0 0 1 1 0 0 0 0 0 0 1 1 1 1 86 251 6 1 1 1 1 0 0 0 0 0 0 0 0 0 0 0 0 0 0 0 0 0 1 1 1 1 0 0 0 0 0 0 0 0 0 0 0 0 0 0 0 0 0 0 0 1 0 1 1 1 166 11 1 1 183 131 1 0 0 0 0 0 0 1 2 149 249 214 1 1 1 1 1 0 0 1 1 94 36 5 59 1 1 0 0 0 0 0 0 0 0 0 0 0 0 0 2 4 1 1 1 1 1 1 2 188 5 7 0 1 1 121 162 1 0 0 1 1 0 12 21 0 0 0 1 1 0 1 1 18 220 1 1 2 254 166 1 1 1 1 7 0 0 1 1 0 0 1 1 1 0 0 0 0 1 6 1 1 1 1 1 0 0 0 0 2 1 1 223 245 125 1 1 1 80 98 1 1 0 0 0 0 0 1 1 1 1 2 2 0 0 0 0 0 0 0 0 0 0 6 1 1 0 0 0 0 0 0 1 213 168 1 1 0 0 0 2 1 1 1 1 0 1 144 45 2 0 0 0 0 0 0 0 0 0 0 0 0 0 0 0 0 0 0 0 0 0 0 0 0 0 0 0 0 0 0 0 0 0 0 0 0 0 0 0 0 0 0 0 0 6 3 0 0 0 0 0 0 0 0 0 0 0 0 0 0 0 0 0 0 0 0 0 0 0 0 0 0 0 0 0 0 1 2 16 19 19 19 19 19 19 19 16 4 3 1 55 14 1 254 1 0 1 1 0 0 0 0 0 0 0 0 4 246 254 252 151 2 232 238 0 1 1 0 0 0 1 71 254 239 1 1 0 0 0 0 0 0 0 0 0 0 0 0 0 0 0 0 0 0 0 0 0 0 0 0 0 0 0 0 0 0 1 145 0 0 0
131 1 43 1 1 1 1 1 1 1 1 0 0 1 1 1 1 1 0 0 0 1 1 1 1 43 255 148 1 1 5 2 1 0 0 0 0 0 0 0 0 0 1 1 1 98 199 200 82 1 1 1 1 1 67 1 0 0 0 0 0 0 1 0 1 0 1 1 254 228 1 1 0 0 0 0 1 1 1 1 0 0 0 1 1 205 214 1 0 1 0 0 2 168 1 0 1 14 5 1 1 1 2 4 3 1 0 0 0 0 0 0 1 1 0 0 0 0 0 0 1 0 1 1 211 245 2 1 1 0 1 0 0 0 0 0 0 0 0 0 0 0 0 0 0 0 0 0 1 1 1 1 0 0 0 0 0 0 0 0 0 0 0 0 0 0 0 0 0 0 1 0 1 1 1 148 29 0 1 1 192 149 1 0 0 0 0 1 3 161 252 170 1 1 1 1 1 0 0 0 0 1 1 114 113 7 1 1 0 0 0 0 0 0 0 0 0 0 0 0 2 3 1 0 1 1 1 1 1 1 182 44 1 0 1 158 82 1 0 0 0 0 1 0 1 61 0 0 0 1 0 0 0 0 210 74 1 1 1 223 251 1 1 0 1 8 0 0 1 1 0 0 1 0 0 0 0 0 0 1 1 3 4 4 3 2 1 0 0 1 2 0 0 1 2 240 242 5 1 183 1 1 1 1 1 1 1 0 0 1 2 3 2 1 0 0 0 0 0 0 0 0 0 1 4 2 1 0 0 0 0 0 1 5 237 1 1 1 0 0 0 1 1 1 1 1 0 0 1 128 46 1 0 0 0 0 0 0 0 0 0 0 0 0 0 0 0 0 0 0 0 0 0 0 0 0 0 0 0 0 0 0 0 0 0 0 0 0 0 0 0 0 0 1 2 9 0 0 0 0 0 0 0 0 0 0 0 0 0 0 0 0 0 0 0 0 0 0 0 0 0 0 0 0 0 0 0 0 0 0 0 0 1 1 0 0 0 0 0 2 1 59 26 1 252 12 1 1 0 0 0 0 0 0 0 0 0 0 0 1 25 251 254 241 2 1 1 0 0 0 0 0 0 1 245 255 230 1 0 0 0 0 0 0 0 0 0 0 0 0 0 0 0 0 0 0 0 0 0 0 0 0 0 0 0 0 0 0 145 1 0 0
136 1 48 1 0 0 0 0 0 0 0 1 1 1 0 0 0 0 0 0 0 1 1 1 1 1 247 255 4 1 1 4 7 1 1 0 0 0 0 1 1 1 16 187 200 167 3 1 1 1 1 0 0 1 5 40 1 0 0 0 0 0 1 0 0 0 1 2 255 45 1 1 0 0 0 0 0 1 2 1 0 0 0 1 1 85 234 1 1 1 1 0 14 146 1 0 0 1 20 5 4 3 1 1 0 0 0 0 0 0 0 0 0 1 1 0 0 0 0 0 1 1 1 1 1 236 231 1 1 1 1 1 0 0 0 0 0 0 0 0 0 0 0 0 0 0 0 0 0 1 1 1 1 0 0 0 0 0 0 0 0 0 0 0 0 0 0 0 0 0 1 0 1 1 2 181 1 0 0 1 1 204 60 1 1 0 1 7 222 253 152 1 1 1 1 0 0 0 0 0 1 1 1 7 150 4 1 1 0 0 0 0 0 0 0 0 0 0 1 2 2 1 0 0 0 1 1 1 1 1 114 144 1 1 0 195 1 0 0 0 0 0 1 1 1 85 1 0 0 1 0 0 0 1 227 1 0 0 1 1 255 185 1 0 1 8 0 0 1 1 0 0 1 0 0 0 0 1 1 1 1 0 0 1 1 2 3 3 1 3 1 0 0 0 1 1 92 246 238 230 14 3 1 1 1 1 1 1 1 2 3 1 0 0 0 0 1 1 1 1 1 1 1 1 1 5 1 1 1 1 1 1 1 204 198 88 196 68 2 1 1 2 1 1 1 1 1 1 1 1 168 6 0 0 0 0 0 0 0 0 0 0 0 0 0 0 0 0 0 0 0 0 0 0 0 0 0 0 0 0 0 0 0 0 0 0 0 0 0 0 0 0 1 8 9 1 0 0 0 0 0 0 0 0 0 0 0 0 0 0 0 0 0 0 0 0 0 0 0 0 0 0 0 0 0 0 0 0 0 0 0 0 0 0 0 0 0 0 0 2 44 4 21 1 233 233 1 0 0 0 0 0 0 0 0 0 0 0 0 0 0 0 0 1 1 1 1 0 0 0 0 0 0 0 1 3 251 255 203 1 0 0 0 0 0 0 0 0 0 0 0 0 0 0 0 0 0 0 0 0 0 0 0 0 0 0 0 0 115 9 0 0
137 1 14 7 0 0 0 0 0 0 0 0 0 0 0 0 0 0 0 0 0 0 1 1 1 1 3 255 248 1 1 1 1 4 5 1 1 1 1 3 149 199 193 37 1 1 1 1 1 0 0 0 0 0 1 35 7 0 0 0 0 0 1 0 0 0 1 22 255 4 1 1 0 0 0 0 0 1 1 2 1 0 0 1 1 1 233 165 1 1 1 0 137 21 1 1 1 1 2 48 1 0 0 0 0 0 0 0 0 0 0 0 0 0 1 1 0 0 0 0 1 1 1 1 1 3 248 182 1 1 0 1 1 0 0 0 0 0 0 0 0 0 0 0 0 0 0 0 0 1 1 1 1 1 0 0 0 0 0 0 0 0 0 0 0 0 0 0 0 0 1 1 1 1 161 21 1 0 0 0 1 1 214 4 1 1 19 242 247 20 1 1 1 1 0 0 0 0 0 1 1 1 10 13 2 81 2 1 0 0 0 0 0 0 0 0 0 1 3 1 1 0 0 0 1 1 0 0 1 1 44 184 1 1 0 195 1 0 0 1 1 1 1 1 1 53 4 5 5 4 1 1 1 1 227 1 0 0 1 1 211 254 1 1 0 8 0 0 1 1 0 0 1 1 1 1 1 1 1 1 1 0 0 1 1 0 1 1 1 5 1 0 0 1 1 1 1 1 255 242 250 250 250 250 243 168 5 1 1 5 1 1 1 1 183 247 251 251 251 251 237 6 1 3 172 226 224 221 219 219 221 229 238 235 226 152 10 163 207 209 163 2 1 0 0 1 1 1 1 1 2 179 0 0 0 0 0 0 0 0 0 0 0 0 0 0 0 0 0 0 0 0 0 0 0 0 0 0 0 0 0 0 0 0 0 0 0 0 0 0 1 2 15 2 0 0 0 0 0 0 0 0 0 0 0 0 0 0 0 0 0 0 0 0 0 0 0 0 0 0 0 0 0 0 0 0 0 0 0 0 0 0 0 0 0 0 0 0 1 34 9 1 21 1 52 251 1 0 0 0 0 0 0 0 0 0 0 0 0 0 0 0 0 0 1 1 1 1 0 0 0 0 0 0 0 0 1 2 255 8 0 0 0 0 0 0 0 0 0 0 0 0 0 0 0 0 0 0 0 0 0 0 0 0 0 0 0 0 3 135 0 0
135 1 1 41 1 0 0 0 0 0 0 0 0 0 0 0 0 0 0 0 0 0 1 1 1 1 1 101 255 70 1 1 1 1 1 8 27 124 196 199 131 2 1 1 1 1 1 1 0 0 0 0 0 0 0 1 69 1 0 0 0 1 0 0 0 1 1 225 254 1 1 1 0 0 0 0 0 0 1 1 2 0 0 1 1 1 6 240 2 1 1 1 167 2 1 2 1 1 0 1 45 1 0 0 0 0 0 0 0 0 0 0 0 0 0 1 1 0 0 0 1 0 1 0 1 1 18 252 31 1 1 0 1 1 0 0 0 0 0 0 0 0 0 0 0 0 0 0 0 0 1 1 1 1 0 0 0 0 0 0 0 0 0 0 0 0 0 0 0 0 1 1 1 96 89 1 0 0 0 0 0 1 10 205 2 49 245 235 2 1 1 1 1 0 0 0 0 0 0 1 1 19 6 1 1 2 79 1 1 0 0 0 0 0 0 0 1 4 1 1 0 0 0 0 1 1 0 0 1 1 4 209 1 1 0 118 88 1 1 1 1 1 0 0 0 50 0 0 0 1 6 6 6 46 221 1 0 0 0 1 1 255 209 1 0 9 1 1 1 1 0 0 2 1 1 1 1 1 1 1 1 0 1 1 0 0 1 1 1 5 0 0 0 1 1 0 1 1 253 2 1 1 1 9 185 246 251 251 251 251 251 247 240 249 244 78 13 2 2 5 221 251 248 238 209 112 111 117 123 127 113 62 3 1 1 1 1 1 1 1 81 210 35 1 1 1 0 0 1 1 1 184 0 0 0 0 0 0 0 0 0 0 0 0 0 0 0 0 0 0 0 0 0 0 0 0 0 0 0 0 0 0 0 0 0 0 0 0 1 1 12 8 1 0 0 0 0 0 0 0 0 0 0 0 0 0 0 0 0 0 0 0 0 0 0 0 0 0 0 0 0 0 0 0 0 0 0 0 0 0 0 0 0 0 0 0 0 1 4 53 1 0 20 1 1 254 0 0 0 0 0 0 0 0 0 0 0 0 0 0 0 0 0 0 0 0 0 0 0 0 0 0 0 0 0 0 0 1 234 250 0 0 0 0 0 0 0 0 0 0 0 0 0 0 0 0 0 0 0 0 0 0 0 0 0 0 0 0 1 147 0 0
129 2 1 48 1 0 0 0 0 0 0 0 0 0 0 0 0 0 0 0 0 0 0 1 1 1 1 1 252 255 3 1 1 1 7 195 199 158 8 1 1 1 1 1 1 1 1 0 0 0 0 0 0 0 0 0 3 49 1 0 0 1 0 0 1 1 1 255 218 1 1 0 0 0 0 0 0 0 0 1 2 1 0 0 1 1 1 224 189 1 1 2 180 3 1 1 0 0 0 0 2 37 1 0 0 0 0 0 0 0 0 0 0 0 0 0 0 1 1 0 1 0 1 1 1 1 1 157 251 3 1 1 1 1 1 0 0 0 0 0 0 0 0 0 0 0 0 1 1 1 1 15 3 1 1 0 0 0 0 0 0 0 0 0 0 0 0 0 0 1 1 1 1 184 1 0 0 0 0 0 0 1 1 39 225 240 245 1 1 1 1 0 0 0 0 0 0 0 1 2 26 2 1 0 0 1 4 72 1 1 0 0 0 0 1 2 3 1 1 0 0 0 0 0 1 0 0 0 1 1 2 195 26 1 1 4 191 1 1 0 0 0 0 0 0 50 0 0 0 1 1 1 1 211 89 2 1 0 0 1 1 188 255 1 1 4 7 8 6 1 1 0 2 0 0 0 0 1 1 1 1 0 1 1 0 0 1 1 4 2 0 0 1 1 0 0 0 1 250 242 242 239 228 171 22 1 1 1 1 2 2 55 208 17 2 1 3 0 0 0 1 1 237 1 1 0 0 0 0 0 1 1 1 1 1 1 1 0 1 1 1 5 179 116 1 1 1 0 1 1 1 184 0 0 0 0 0 0 0 0 0 0 0 0 0 0 0 0 0 0 0 0 0 0 0 0 0 0 0 0 0 0 0 0 0 0 1 1 11 12 1 0 0 0 0 0 0 0 0 0 0 0 0 0 0 0 0 0 0 0 0 0 0 0 0 0 0 0 0 0 0 0 0 0 0 0 0 0 0 0 0 0 0 0 0 0 0 1 76 1 0 0 20 1 1 254 1 0 0 0 0 0 0 0 0 0 0 0 0 0 0 0 0 0 0 0 0 0 0 0 0 0 0 0 0 0 0 1 161 255 0 0 0 0 0 0 0 0 0 0 0 0 0 0 0 0 0 0 0 0 0 0 0 0 0 0 0 0 0 148 0 0
47 58 1 33 2 0 0 0 0 0 0 0 0 0 0 0 0 0 1 1 1 0 1 1 1 1 1 1 5 255 236 2 75 196 195 13 6 2 1 1 1 1 1 0 0 1 1 0 0 0 0 0 0 0 0 0 1 25 11 1 0 1 0 0 1 1 3 255 38 1 1 1 0 0 0 0 0 0 0 0 1 2 1 0 1 1 1 3 237 191 6 5 172 1 1 0 0 0 0 0 0 4 23 1 0 0 0 0 0 0 0 0 0 0 0 0 0 0 1 1 0 0 0 1 1 1 1 1 224 243 1 1 1 1 1 0 0 0 0 0 0 0 0 0 0 1 1 1 35 38 17 1 1 1 1 1 0 0 0 0 0 0 0 0 0 0 0 0 1 1 1 1 122 60 1 0 0 0 0 0 0 0 1 113 183 255 11 1 1 1 0 0 0 0 0 0 0 1 6 23 1 1 0 0 0 0 1 7 73 2 1 0 0 1 2 2 1 0 0 0 0 0 0 0 1 0 0 1 1 1 1 67 180 1 1 1 196 0 1 1 0 0 0 0 0 50 0 0 0 1 1 0 1 226 2 1 2 2 1 0 1 1 252 222 1 3 0 1 1 6 7 4 2 1 0 0 0 0 1 1 1 0 1 1 0 1 1 0 7 1 0 0 1 1 0 0 0 1 246 1 1 6 120 223 239 242 183 1 1 1 1 0 1 1 1 1 3 0 0 0 0 0 219 107 1 1 0 0 0 0 0 0 1 0 0 0 0 0 0 1 1 5 1 121 205 158 19 2 1 0 1 184 0 0 0 0 0 1 2 4 1 0 0 0 0 0 0 0 0 0 0 0 0 0 0 0 0 0 0 1 0 0 1 1 1 2 11 13 1 0 0 0 0 0 0 0 0 0 0 0 0 0 0 0 0 0 0 0 0 0 0 0 0 0 0 0 0 0 0 0 0 0 0 0 0 0 0 0 0 0 0 0 0 0 0 0 1 21 17 0 0 0 20 1 1 254 1 0 0 0 0 0 0 0 0 0 0 0 0 0 0 0 0 0 0 0 0 0 0 0 0 0 0 0 0 0 0 1 186 253 0 0 0 0 0 0 0 0 0 0 0 0 0 0 0 0 0 0 0 0 0 0 0 0 0 0 0 0 0 146 1 0
1 135 1 3 22 1 0 0 0 0 0 0 0 0 0 1 1 1 1 0 1 1 1 1 1 1 1 1 5 225 255 210 172 5 1 1 11 1 1 1 1 1 1 1 1 1 1 0 0 0 0 0 0 0 0 0 0 1 64 1 1 1 0 0 1 1 50 255 3 1 1 1 1 0 0 0 0 0 0 0 1 1 2 0 0 1 4 7 19 240 2 23 132 1 1 0 0 0 0 0 0 1 10 13 1 0 0 0 0 0 0 0 0 0 0 1 1 1 1 1 1 0 0 0 1 0 1 1 2 243 222 1 1 1 1 1 0 0 0 0 0 0 1 1 1 20 67 59 5 1 1 0 0 1 1 1 1 0 0 0 0 0 0 0 0 0 1 1 1 1 1 1 185 1 0 0 0 0 0 0 0 3 142 241 253 234 226 1 1 0 0 0 0 0 0 0 1 13 13 1 1 0 0 0 0 0 1 1 4 88 2 1 1 3 1 1 0 0 0 0 0 0 0 0 1 0 1 1 1 1 1 122 144 1 0 1 197 1 0 1 0 0 0 0 0 48 1 0 0 1 0 0 1 228 1 0 0 1 2 3 1 1 100 255 1 3 1 0 0 0 1 1 4 4 3 1 1 1 1 0 0 0 1 1 1 1 1 0 7 1 0 1 1 0 0 0 0 1 246 1 1 1 1 1 1 2 215 240 36 1 1 1 1 1 0 1 2 0 0 0 0 0 1 236 2 1 1 0 0 0 0 0 1 0 0 0 0 0 0 0 1 5 1 1 1 65 187 208 140 5 5 199 15 15 15 15 15 15 9 5 13 15 8 1 1 0 0 0 0 1 1 1 0 0 0 1 1 2 4 7 11 13 14 16 15 11 2 0 0 0 0 0 0 0 0 0 0 0 0 0 0 0 0 0 0 0 0 0 0 0 0 0 0 0 0 0 0 0 0 0 0 0 0 0 0 0 0 0 0 0 0 0 0 0 0 1 1 77 1 0 0 0 19 1 1 252 27 0 0 0 0 0 0 0 0 0 0 0 0 0 0 0 0 0 0 0 0 0 0 0 0 0 0 0 0 0 0 0 114 255 1 0 0 0 0 0 0 0 0 0 0 0 0 0 0 0 0 0 0 0 0 0 0 0 0 0 0 0 0 97 20 0
1 138 1 1 44 1 0 0 0 0 0 0 0 1 1 1 0 0 1 1 1 1 1 1 1 1 50 251 255 254 255 255 4 1 2 13 3 1 1 0 0 0 0 0 1 1 1 1 0 0 0 0 0 0 0 0 0 1 2 61 1 0 0 0 1 1 238 254 1 1 0 1 1 1 0 0 0 0 0 0 0 1 1 4 6 5 1 1 1 188 223 31 126 1 1 0 0 0 0 0 0 0 1 19 6 1 0 0 0 0 0 0 1 1 1 1 0 0 0 0 1 1 0 0 1 1 1 1 1 4 252 132 1 1 0 1 1 0 0 1 1 1 13 69 67 13 1 1 1 0 0 0 0 0 1 1 1 1 0 0 0 0 0 0 0 0 1 1 1 0 1 25 152 1 0 0 0 0 0 1 10 186 253 246 9 2 234 216 1 1 0 0 0 0 1 1 19 7 1 1 0 0 0 0 0 0 0 1 1 3 74 1 3 3 1 0 0 0 0 0 0 0 0 1 1 1 2 1 1 1 1 202 12 1 0 1 197 1 0 1 1 1 1 1 1 27 4 0 1 1 0 0 33 220 1 0 0 0 0 1 3 1 1 251 232 2 2 2 1 0 0 0 0 1 1 4 4 4 1 1 0 0 1 1 1 1 1 1 7 0 1 1 0 0 0 0 0 1 247 1 0 1 1 1 1 1 1 21 240 240 51 1 1 1 1 2 1 0 0 0 0 0 0 28 230 1 1 1 1 1 1 1 1 0 0 0 0 0 0 1 1 4 1 1 1 1 1 129 87 0 1 185 1 0 1 1 1 0 0 0 0 1 2 14 15 3 1 0 2 6 1 1 0 0 1 6 13 7 5 3 1 1 1 0 0 0 0 0 0 0 0 0 0 0 0 0 0 0 0 0 0 0 0 0 0 0 0 0 0 0 0 0 0 0 0 0 0 0 0 0 0 0 0 0 0 0 0 0 0 0 0 0 0 0 0 1 22 16 0 0 0 0 19 1 1 229 238 0 0 0 0 0 0 0 0 0 0 0 0 0 0 0 0 0 0 0 0 0 0 0 0 0 0 0 0 0 0 0 2 255 1 1 0 0 0 0 0 0 0 0 0 0 0 0 0 0 0 0 0 0 0 0 0 0 0 0 0 0 0 3 137 0
1 135 1 1 21 3 0 0 0 0 0 1 1 1 1 1 1 1 1 1 1 1 1 9 222 254 255 251 75 6 52 255 230 10 5 1 1 1 0 0 0 0 0 0 0 0 0 1 0 0 0 0 0 0 0 0 0 0 1 14 21 1 0 0 1 1 255 207 1 1 0 0 1 1 0 0 0 0 0 1 1 6 7 4 1 1 1 1 1 2 241 4 168 1 1 1 0 0 0 0 0 0 0 1 33 3 0 0 0 1 1 1 1 0 0 0 0 0 0 0 0 1 1 0 0 1 1 1 1 1 44 252 9 1 1 1 1 1 1 6 66 74 25 1 1 1 0 0 0 0 0 0 0 0 1 1 1 1 0 0 0 0 0 0 0 1 1 1 1 1 1 178 3 0 0 0 0 0 1 36 173 253 161 2 1 1 2 241 186 1 1 0 0 1 2 27 3 1 1 0 0 0 0 0 0 0 0 0 1 1 56 27 1 2 1 0 0 0 0 0 0 0 1 1 1 1 1 1 1 1 1 210 1 1 0 0 178 13 1 0 0 0 0 0 0 4 28 0 1 1 0 1 217 48 0 0 0 0 0 1 2 1 1 55 255 2 1 1 2 2 2 1 1 0 0 1 1 1 5 3 2 1 1 0 0 0 0 1 9 1 1 1 1 1 1 1 1 1 247 1 1 1 1 1 1 1 1 14 1 21 240 244 241 118 1 3 1 1 1 1 1 0 0 0 160 207 1 1 0 0 0 0 0 0 0 0 0 0 0 1 4 1 0 1 1 1 1 201 1 0 1 185 0 0 0 0 0 0 0 0 0 0 0 0 1 6 15 16 8 3 14 15 13 15 15 4 0 0 0 0 0 0 0 0 0 0 0 0 0 0 0 0 0 0 0 0 0 0 0 0 0 0 0 0 0 0 0 0 0 0 0 0 0 0 0 0 0 0 0 0 0 0 0 0 0 0 0 0 0 0 0 0 0 0 1 1 77 1 0 0 0 0 19 1 1 28 253 0 0 0 0 0 0 0 0 0 0 0 0 0 0 0 0 0 0 0 0 0 0 0 0 0 0 0 0 0 0 0 1 255 1 1 1 0 0 0 0 0 0 0 0 0 0 0 0 0 0 0 0 0 0 0 0 0 0 0 0 0 0 1 148 0
1 108 10 1 1 42 1 0 0 1 1 1 1 1 1 1 1 1 1 1 4 183 254 255 254 195 7 1 1 1 3 238 255 65 1 1 1 1 0 0 0 0 0 0 0 0 0 1 1 0 0 0 0 0 0 0 0 0 0 1 60 2 0 0 1 4 255 21 1 0 0 0 1 1 0 0 1 1 4 6 4 1 1 1 1 1 1 1 1 1 211 214 173 2 1 1 0 0 0 0 0 0 0 0 1 45 1 1 1 1 0 0 0 0 0 0 0 0 0 0 0 0 1 1 1 1 1 1 1 1 1 195 249 2 1 1 3 59 76 41 1 1 1 1 0 0 0 0 0 0 0 0 0 0 0 1 1 1 1 0 0 0 0 1 1 1 1 1 0 1 136 52 1 0 0 0 0 1 79 219 253 165 1 1 1 1 1 3 246 114 1 1 1 6 24 1 1 1 0 0 0 0 0 0 0 0 0 0 1 3 2 50 7 2 1 0 0 0 0 0 0 1 1 1 1 1 1 1 1 1 1 210 1 1 1 0 1 178 175 2 1 0 0 0 0 1 48 0 1 1 1 1 229 1 1 0 0 0 1 3 1 0 1 1 251 238 1 1 1 1 1 2 2 2 1 1 0 1 1 1 1 2 3 2 1 1 0 1 9 0 0 1 1 1 1 1 1 29 246 2 1 1 1 1 1 1 13 1 0 1 1 1 20 233 245 245 214 7 1 1 1 1 1 1 1 225 104 1 0 0 0 0 0 0 0 0 1 1 0 1 5 0 0 1 1 1 1 202 1 1 1 185 0 0 0 0 0 0 0 0 0 0 0 0 0 0 1 1 0 0 0 1 1 1 0 0 0 0 0 0 0 0 0 0 0 0 0 0 0 0 0 0 0 0 0 0 0 0 0 0 0 0 0 0 0 0 0 0 0 0 0 0 0 0 0 0 0 0 0 0 0 0 0 0 0 0 0 0 0 0 0 0 0 0 1 16 23 0 0 0 0 0 19 1 1 1 253 0 0 0 0 0 0 0 0 0 0 0 0 0 0 0 0 0 0 0 0 0 0 0 0 0 0 0 0 0 0 0 0 255 46 0 1 1 0 0 0 0 0 0 0 0 0 0 0 0 0 0 0 0 0 0 0 0 0 0 0 0 0 0 148 0
1 92 17 1 1 23 3 1 1 1 0 1 1 1 1 1 1 2 38 244 254 254 230 22 2 1 1 1 1 26 28 33 255 255 4 1 1 1 0 0 0 0 0 0 0 0 0 0 1 1 0 0 0 0 0 0 0 0 0 1 1 68 1 0 1 87 255 2 1 0 0 0 1 1 1 3 7 5 1 1 0 0 0 0 1 1 1 1 1 1 229 171 175 2 1 1 0 0 0 0 0 0 0 0 0 1 46 1 0 0 0 0 0 0 0 0 0 0 0 0 0 0 0 0 1 1 1 1 1 1 1 2 233 239 59 79 57 3 1 1 1 0 1 1 0 0 0 0 0 0 0 0 0 0 0 0 1 1 1 1 0 0 1 1 1 0 0 1 1 1 188 1 0 0 0 1 1 119 239 253 28 1 1 1 1 1 1 1 10 247 37 1 11 13 1 1 1 0 0 0 0 0 0 0 0 0 0 1 3 1 1 1 69 5 1 0 0 0 0 0 0 1 1 2 1 1 0 0 0 0 1 213 1 1 1 0 0 1 15 193 143 1 0 0 0 1 49 0 1 0 1 1 229 1 0 0 0 0 1 2 1 0 1 1 23 255 4 1 1 0 0 1 1 1 2 3 3 3 1 0 0 1 1 1 2 3 3 2 7 0 0 0 1 1 1 1 183 237 223 75 82 72 8 1 1 11 2 1 0 0 0 0 0 1 1 2 210 248 248 248 248 248 248 248 248 248 255 253 22 1 1 1 1 0 0 0 0 1 0 1 5 1 0 1 1 1 14 183 1 1 1 186 0 0 0 0 0 0 0 0 0 0 0 0 0 0 0 0 0 0 0 0 0 0 0 0 0 0 0 0 0 0 0 0 0 0 0 0 0 0 0 0 0 0 0 0 0 0 0 0 0 0 0 0 0 0 0 0 0 0 0 0 0 0 0 0 0 0 0 0 0 0 0 0 0 0 0 0 0 0 0 0 0 0 1 75 1 0 0 0 0 0 20 1 1 1 253 0 0 0 0 0 0 0 0 0 0 0 0 0 0 0 0 0 0 0 0 0 0 0 0 0 0 0 0 0 0 0 0 180 255 1 0 1 1 0 0 0 0 0 0 0 0 0 0 0 0 0 0 0 0 0 0 0 0 0 0 0 0 0 147 1
1 97 15 1 1 1 42 1 1 1 1 1 1 1 1 8 197 254 255 253 136 3 1 1 1 1 1 1 24 2 1 1 106 255 200 1 1 1 1 0 0 0 0 0 0 0 0 0 0 1 0 0 0 0 0 0 0 0 0 1 1 11 26 1 1 249 253 1 1 0 0 1 2 8 7 2 1 1 0 0 0 0 0 0 1 2 1 1 1 1 242 2 176 1 1 1 1 0 0 0 0 0 0 0 0 1 2 36 1 0 0 0 0 0 0 0 0 0 0 0 0 0 0 0 1 1 1 1 1 2 50 236 247 255 223 1 1 1 1 0 1 0 0 0 0 0 0 0 0 0 0 0 0 0 0 0 0 1 1 1 1 0 1 1 0 0 0 1 1 44 137 1 0 0 1 4 158 251 246 4 1 1 1 1 1 0 1 1 1 62 247 60 7 1 1 0 0 0 0 0 0 0 0 0 0 1 1 3 1 0 1 1 1 70 2 1 0 0 0 1 1 1 2 1 1 1 0 0 0 0 1 211 4 1 1 1 1 0 0 1 60 198 15 1 0 0 50 1 1 0 1 50 215 1 0 0 0 0 2 1 1 0 0 1 1 248 242 1 1 1 1 1 0 0 0 1 1 5 3 3 1 1 0 0 0 0 1 15 2 0 0 1 1 1 146 240 213 1 168 1 1 2 39 82 54 2 1 1 0 0 0 0 0 0 0 1 2 24 1 1 2 1 1 1 1 1 1 210 254 255 224 1 1 1 1 0 0 1 1 1 5 1 0 1 1 0 185 11 1 1 1 186 0 0 0 0 0 0 0 0 0 0 0 0 0 0 0 0 0 0 0 0 0 0 0 0 0 0 0 0 0 0 0 0 0 0 0 0 0 0 0 0 0 0 0 0 0 0 0 0 0 0 0 0 0 0 0 0 0 0 0 0 0 0 0 0 0 0 0 0 0 0 0 0 0 0 0 0 0 0 0 0 0 1 66 2 0 0 0 0 0 0 20 1 1 2 253 0 0 0 0 0 0 0 0 0 0 0 0 0 0 0 0 0 0 0 0 0 0 0 0 0 0 0 0 0 0 0 0 1 255 1 0 0 0 1 1 0 0 0 0 0 0 0 0 0 0 0 0 0 0 0 0 0 0 0 0 0 0 0 140 2
1 8 115 1 1 1 36 1 1 1 1 1 4 99 252 254 254 224 14 1 1 1 1 1 1 1 1 1 31 1 1 1 2 252 255 26 1 1 1 0 0 0 0 0 0 0 0 0 0 1 1 0 0 0 0 0 0 0 0 1 0 1 51 3 2 255 178 1 1 1 6 7 3 1 1 0 0 0 0 0 0 0 0 0 0 1 2 1 1 2 241 1 174 2 1 1 1 1 0 0 0 0 0 0 0 0 0 5 23 1 0 0 0 0 0 0 0 0 0 0 0 0 0 1 1 1 1 19 226 247 247 208 8 21 253 107 1 1 1 0 1 0 0 0 0 0 0 0 0 0 0 0 0 0 0 0 0 0 1 1 1 1 0 0 0 0 0 1 1 186 1 1 1 1 17 204 254 224 1 1 1 1 1 1 0 0 0 1 1 1 143 242 3 1 0 0 0 0 0 0 0 0 0 0 1 2 2 1 0 0 0 1 1 1 72 1 1 0 1 1 1 2 1 1 0 1 0 0 0 0 1 62 186 1 1 1 1 1 1 0 0 1 178 153 1 0 58 1 0 0 1 220 31 0 0 0 0 1 3 0 1 1 0 1 1 9 255 147 4 1 1 2 2 1 0 0 1 2 1 1 3 2 2 1 1 1 0 22 1 1 1 20 232 242 226 2 1 0 170 1 0 0 0 1 38 1 1 1 0 0 0 0 0 0 0 0 8 6 0 0 1 0 0 1 1 0 0 1 1 3 250 255 254 47 1 1 1 1 1 1 5 1 0 1 1 1 198 2 1 1 1 182 0 0 0 0 0 0 0 0 0 0 0 0 0 0 0 0 0 0 0 0 0 0 0 0 0 0 0 0 0 0 0 0 0 0 0 0 0 0 0 0 0 0 0 0 0 0 0 0 0 0 0 0 0 0 0 0 0 0 0 0 0 0 0 0 0 0 0 0 0 0 0 0 0 0 0 0 0 0 0 0 15 76 3 0 0 0 0 0 0 0 20 1 1 169 250 0 0 0 0 0 0 0 0 0 0 0 0 0 0 0 0 0 0 0 0 0 0 0 0 0 0 0 0 0 0 0 0 0 255 2 0 0 0 0 1 1 0 0 0 0 0 0 0 0 0 0 0 0 0 0 0 0 0 0 0 0 0 0 23 92
1 1 21 120 3 1 2 36 1 3 30 232 254 254 249 76 2 1 1 1 1 1 1 1 1 1 1 17 3 1 1 1 1 14 255 253 2 1 1 1 0 0 0 0 0 0 0 0 0 0 1 1 0 0 0 0 0 0 1 1 0 0 1 75 45 255 9 4 7 5 1 1 0 1 1 0 0 0 0 0 0 0 0 0 0 0 1 1 1 2 242 1 174 2 1 0 1 1 1 0 0 0 0 0 0 0 0 1 10 12 1 0 0 0 0 0 0 0 0 0 0 1 1 1 9 208 244 247 228 16 2 1 1 1 113 253 6 1 1 1 1 0 0 0 0 0 0 0 0 0 0 0 0 0 0 0 0 0 1 1 1 1 1 0 0 0 0 1 39 139 1 1 1 64 244 254 92 2 1 1 1 1 0 1 0 0 0 0 0 1 1 199 238 2 1 0 0 0 0 0 0 0 0 1 3 1 0 0 0 0 0 1 1 1 3 67 1 1 1 1 2 1 1 1 0 1 1 0 0 0 1 1 203 13 1 1 1 1 1 1 0 0 1 49 199 26 59 1 0 0 1 227 2 0 0 0 0 1 2 0 0 1 0 0 1 1 237 248 245 197 194 75 2 2 2 2 3 1 0 0 1 1 1 2 2 2 1 29 1 165 240 238 85 1 1 0 0 0 170 1 0 0 0 0 18 35 22 16 12 5 4 5 8 11 8 7 23 9 0 0 1 0 0 1 0 0 0 0 0 0 2 2 192 254 255 255 255 255 255 255 255 254 236 84 5 3 206 3 1 1 1 180 1 1 0 0 0 0 0 0 0 0 0 0 0 0 0 0 0 0 0 0 0 0 0 0 0 0 0 0 0 0 0 0 0 0 0 0 0 0 0 0 0 0 0 0 0 0 0 0 0 0 0 0 0 0 0 0 0 0 0 0 0 0 0 0 0 0 0 0 0 0 0 0 0 0 0 0 0 0 2 75 24 1 0 0 0 0 0 0 0 0 20 1 1 233 239 0 0 0 0 0 0 0 0 0 0 0 0 0 0 0 0 0 0 0 0 0 0 0 0 0 0 0 0 0 0 0 0 0 251 233 0 0 0 0 0 1 1 0 0 0 0 0 0 0 0 1 1 2 4 3 1 0 0 0 0 0 0 0 1 145
6 5 3 14 143 94 6 106 176 253 255 254 183 4 1 1 1 1 1 1 1 1 1 1 1 1 1 34 1 1 1 1 1 1 177 255 162 1 1 1 1 0 0 0 0 0 0 1 1 0 0 1 1 0 0 0 0 0 1 0 0 0 1 135 221 255 14 2 1 1 0 0 0 1 1 0 0 0 0 0 0 0 0 0 0 0 1 1 1 1 242 4 177 2 1 0 0 1 1 1 1 1 0 0 0 0 0 0 1 19 6 1 0 0 0 0 0 1 1 1 1 5 182 244 247 234 42 6 38 1 1 1 1 1 1 224 253 2 1 1 0 0 0 0 0 0 0 0 0 0 0 0 0 0 0 0 0 0 1 1 1 1 1 1 0 0 1 1 165 16 1 1 118 254 246 3 1 2 1 1 1 0 0 1 0 0 0 0 0 0 1 1 221 231 1 1 0 0 0 0 0 1 1 3 1 1 1 1 1 0 0 1 1 1 1 6 60 1 1 1 1 1 1 1 0 0 1 1 1 1 1 1 85 175 1 1 1 0 0 1 1 1 0 1 1 170 203 6 1 1 2 230 2 1 1 1 1 3 1 0 0 1 1 0 1 1 3 250 241 106 106 205 225 208 132 2 2 5 5 2 1 0 0 0 1 1 2 120 239 222 2 1 1 1 0 0 0 0 169 1 0 0 0 0 1 1 6 3 4 8 10 8 5 4 5 5 6 7 0 0 1 0 0 1 0 0 0 0 0 0 4 1 1 1 1 1 1 8 1 2 8 183 251 255 255 255 255 255 255 255 255 251 71 4 4 1 1 0 0 0 0 0 0 0 0 0 0 0 0 0 0 0 0 0 0 0 0 0 0 0 0 0 0 0 0 0 0 0 0 0 0 0 0 0 0 0 0 0 0 0 0 0 0 0 0 0 0 0 0 0 0 0 0 0 0 0 0 0 0 0 0 0 0 0 0 0 0 0 0 2 73 1 0 0 0 0 0 0 0 0 0 0 19 1 1 218 244 0 0 0 0 0 0 0 0 0 0 0 0 0 0 0 0 0 0 0 0 0 0 0 0 0 0 0 0 0 0 0 0 0 3 255 1 0 0 0 0 0 1 1 0 0 0 0 0 1 4 5 4 3 1 2 5 5 5 2 1 0 0 0 1 146
254 254 254 254 254 254 255 255 254 240 15 1 1 1 1 0 0 1 1 1 1 0 0 0 0 1 5 20 1 1 1 1 1 1 3 255 255 11 1 1 1 1 0 0 0 0 0 0 1 1 1 1 1 1 1 1 0 0 1 0 1 1 7 167 247 255 3 1 1 1 0 0 0 1 1 0 0 0 0 0 0 0 0 0 0 0 0 1 1 1 227 186 177 1 1 0 0 0 1 0 0 1 0 0 0 0 0 0 0 1 33 2 1 1 1 1 1 1 2 115 239 247 239 92 3 1 1 2 39 1 1 0 0 1 1 1 245 240 1 1 1 0 0 0 0 0 0 0 0 0 0 0 0 0 0 0 1 1 0 0 1 1 1 1 1 0 1 1 184 1 6 154 251 232 1 1 0 1 3 1 1 0 1 1 0 0 0 0 0 0 1 1 1 232 221 1 1 0 0 0 1 2 2 1 1 1 1 1 1 1 1 1 1 1 1 1 11 55 2 1 1 0 1 1 0 0 0 1 1 0 1 1 58 187 1 1 1 0 0 0 1 1 1 0 1 1 36 223 71 1 151 250 242 242 239 230 169 20 1 1 1 1 1 0 0 1 1 148 255 1 1 1 2 61 184 223 188 6 1 2 9 1 1 1 1 1 31 243 21 1 1 1 0 0 0 0 0 1 168 1 0 1 0 1 1 1 3 1 0 0 1 1 1 0 0 0 1 10 0 1 1 0 1 1 1 1 1 0 0 0 4 0 0 0 0 0 0 7 0 0 0 0 0 1 1 1 251 2 1 5 239 255 255 255 255 255 255 192 1 1 0 0 0 0 0 0 0 0 0 0 0 0 0 0 0 0 0 0 0 0 0 0 0 0 0 0 0 0 0 0 0 0 0 0 0 0 0 0 0 0 0 0 0 0 0 0 0 0 0 0 0 0 0 0 0 0 0 0 0 0 0 0 0 0 0 0 0 0 1 75 1 0 0 0 0 0 0 0 0 0 0 0 19 1 1 134 253 0 0 0 0 0 0 0 0 0 0 0 0 0 0 0 0 0 0 0 0 0 0 0 0 0 0 0 0 0 0 0 0 0 1 255 3 0 0 0 0 0 0 1 1 0 0 1 3 4 1 1 0 0 0 0 0 0 1 3 5 5 5 3 1 145
101 132 161 193 224 235 211 133 209 1 1 1 1 0 1 1 1 1 1 0 0 0 0 0 1 9 13 1 1 1 1 1 1 1 1 33 255 249 1 1 1 1 0 0 0 0 0 0 0 0 0 0 1 1 0 1 1 1 1 4 9 5 1 231 170 254 78 1 1 1 0 0 0 0 1 0 0 0 0 0 0 0 0 0 0 0 0 0 1 2 12 242 183 1 1 1 0 0 1 1 0 1 1 0 0 0 0 0 0 0 1 42 1 1 1 2 54 233 247 244 165 3 1 1 1 1 1 1 43 1 1 1 1 1 1 1 3 253 212 1 1 0 0 0 0 0 0 0 0 0 0 0 0 0 0 0 0 1 1 0 1 1 1 1 1 1 1 3 178 49 254 255 227 1 1 0 0 1 1 3 1 1 0 1 0 0 0 0 0 0 0 1 1 1 238 197 1 1 0 1 3 2 1 1 1 1 1 1 1 1 1 1 0 0 0 1 1 25 27 1 0 0 0 1 1 0 0 1 1 0 1 1 115 157 1 1 1 1 1 0 0 1 1 1 0 1 1 1 198 211 244 191 4 11 76 183 233 245 245 242 237 223 72 3 1 1 1 1 251 204 0 0 0 0 1 5 125 223 205 27 7 1 1 1 1 1 243 9 1 1 0 1 1 0 0 0 0 1 171 1 1 1 1 1 1 1 4 1 0 0 1 0 0 0 0 0 1 10 1 1 1 0 1 1 1 0 1 1 1 0 4 0 0 0 0 0 0 7 0 0 0 0 1 1 1 1 245 165 0 0 1 178 1 1 18 82 251 255 255 255 243 1 1 0 0 0 0 0 0 0 0 0 0 0 0 0 0 0 0 0 0 0 0 0 0 0 0 0 0 0 0 0 0 0 0 0 0 0 0 0 0 0 0 0 0 0 0 0 0 0 0 0 0 0 0 0 0 0 0 0 0 0 0 0 0 0 0 1 28 11 0 0 0 0 0 0 0 0 0 0 0 0 19 1 1 2 255 0 0 0 0 0 0 0 0 0 0 0 0 0 0 0 0 0 0 0 0 0 0 0 0 0 0 0 0 0 0 0 0 0 0 226 253 1 0 0 0 0 0 0 1 1 2 5 2 0 0 0 0 0 0 0 0 0 0 0 0 0 1 2 5 148
2 19 152 145 18 1 1 1 162 188 1 1 1 1 1 1 0 0 1 1 0 0 0 1 7 9 1 1 1 1 1 1 1 1 1 1 211 255 116 1 1 1 1 0 0 0 0 0 0 0 0 0 0 1 1 1 3 8 7 1 1 1 8 239 1 213 254 5 1 1 1 0 0 0 1 1 0 0 0 0 0 0 0 0 0 0 0 0 1 1 2 242 186 1 1 0 0 0 0 1 0 0 1 1 0 0 0 0 0 0 1 1 53 17 222 247 244 207 5 1 1 1 1 1 1 1 1 8 30 1 1 1 0 0 0 0 1 14 255 60 1 1 0 0 0 0 0 0 0 0 0 0 0 0 0 0 0 0 1 1 1 1 1 1 1 1 17 187 180 255 181 1 1 0 0 0 1 1 1 1 2 1 0 0 0 0 0 0 0 0 0 1 1 1 2 243 139 1 1 4 1 1 0 0 1 1 1 0 0 0 0 0 0 0 1 1 1 1 32 17 1 0 0 0 1 1 1 1 0 0 0 1 205 14 1 1 1 1 1 1 1 1 0 1 0 1 1 1 1 32 247 6 5 2 2 3 4 5 9 31 144 214 241 245 245 234 3 1 99 253 2 0 0 0 0 1 1 2 79 216 223 181 14 1 1 61 238 1 1 0 0 1 1 0 0 0 0 1 178 1 1 1 0 0 1 0 4 1 1 1 0 0 0 0 0 0 1 11 1 1 1 1 1 1 1 1 1 0 1 0 4 0 0 0 0 0 0 7 0 0 0 0 2 1 0 1 134 247 0 0 1 180 0 0 0 1 0 0 1 108 255 255 255 238 1 1 0 0 0 0 0 0 0 0 0 0 0 0 0 0 0 0 0 0 0 0 0 0 0 0 0 0 0 0 0 0 0 0 0 0 0 0 0 0 0 0 0 0 0 0 0 0 0 0 0 0 0 0 0 0 0 0 0 0 0 0 1 1 71 0 0 0 0 0 0 0 0 0 0 0 0 1 19 1 1 1 255 0 0 0 0 0 0 0 0 0 0 0 0 0 0 0 0 0 0 0 0 0 0 0 0 0 0 0 0 0 0 0 0 0 0 1 255 241 181 235 251 254 183 1 1 5 3 0 0 0 0 0 0 0 0 0 0 0 0 0 0 0 0 0 0 44
154 123 3 1 1 1 1 1 1 184 137 1 1 1 0 0 0 0 0 1 0 1 1 5 15 1 1 1 1 1 1 1 1 1 1 1 5 255 255 7 1 1 1 1 0 0 0 0 0 0 0 0 1 1 7 9 3 1 1 0 1 1 232 123 1 32 250 241 2 1 0 0 0 0 0 1 1 0 0 0 0 0 0 0 0 0 0 0 0 1 1 242 191 3 1 1 0 0 0 1 0 1 1 1 1 1 1 1 1 1 5 201 246 247 224 9 1 1 1 1 1 1 1 0 1 4 45 26 1 0 0 1 1 0 0 0 1 1 159 253 4 1 0 0 0 0 0 0 0 0 0 0 0 0 0 0 0 0 0 1 1 0 1 1 1 1 207 78 254 179 1 1 0 1 1 1 1 1 1 0 2 1 1 0 0 0 0 0 0 0 0 0 1 1 1 6 247 73 4 1 1 0 0 1 1 0 0 0 0 0 0 0 0 1 1 1 1 1 1 44 12 1 0 0 0 1 0 0 0 0 1 89 243 5 1 1 1 1 1 0 1 1 3 5 5 9 10 12 11 211 221 2 2 21 15 15 15 6 11 24 20 3 2 4 11 185 238 1 1 247 228 1 0 0 0 1 1 0 0 1 35 159 226 226 209 248 112 2 1 1 1 1 1 0 0 0 0 1 176 1 0 0 0 1 1 0 4 1 1 0 0 0 0 0 0 0 1 10 1 1 1 0 0 1 0 1 0 0 1 0 3 1 0 0 0 0 1 7 0 0 1 1 2 3 1 1 40 251 1 1 1 185 0 0 1 1 0 0 0 0 1 1 166 255 255 255 255 134 1 1 0 0 0 0 0 0 0 0 0 0 0 0 0 0 0 0 0 0 0 0 0 0 0 0 0 0 0 0 0 0 0 0 0 0 0 0 0 0 0 0 0 0 0 0 0 0 0 0 0 0 0 0 0 0 0 0 1 67 2 0 0 0 0 0 0 0 0 0 0 0 0 2 13 1 1 1 255 1 0 0 0 0 0 0 0 0 0 0 0 0 0 0 0 0 0 0 0 0 0 0 0 0 0 0 0 0 0 0 0 0 0 0 2 250 255 251 233 212 255 247 4 1 0 0 0 0 0 0 0 0 0 0 0 0 0 0 0 0 0 0 0 1
1 1 1 1 1 1 0 1 1 2 211 4 1 1 0 0 0 0 0 1 1 1 8 11 1 1 0 1 1 1 1 1 1 1 1 1 1 70 255 238 1 1 1 1 0 0 0 0 0 1 1 6 9 5 1 1 1 1 0 0 1 8 240 1 1 24 3 254 105 1 1 0 0 0 0 0 1 1 1 1 0 0 0 0 0 0 0 0 0 1 1 198 237 56 1 1 0 0 0 0 1 1 0 1 1 1 1 3 155 243 246 235 38 10 26 1 1 1 0 0 0 0 0 1 39 29 1 1 1 0 0 0 1 1 0 0 0 1 1 232 250 1 1 0 0 0 0 0 0 0 0 0 0 0 0 0 0 0 0 1 1 1 1 1 1 17 214 241 255 1 0 0 0 1 0 1 1 1 0 0 1 2 1 1 0 0 0 0 0 0 0 0 0 1 1 1 45 248 16 1 0 1 1 1 0 0 0 0 0 0 0 0 1 1 1 0 0 1 1 1 54 6 1 0 0 1 1 1 1 1 205 234 222 241 2 1 1 1 2 1 1 2 1 1 1 1 1 1 4 244 8 1 13 1 1 4 9 12 9 5 13 42 50 12 2 2 235 166 1 19 255 5 2 1 1 1 0 0 0 0 0 0 1 5 112 244 170 198 198 184 168 168 151 46 1 1 1 1 174 1 1 1 1 1 1 0 4 1 0 0 0 0 0 0 0 0 1 12 1 1 1 0 0 1 0 1 0 0 1 0 2 2 0 0 0 0 1 10 2 1 1 1 2 244 251 251 251 44 1 1 2 183 0 0 1 0 0 0 0 0 0 0 0 0 1 4 252 255 255 255 249 2 1 0 0 0 0 0 0 0 0 0 0 0 0 0 0 0 0 0 0 0 0 0 0 0 0 0 0 0 0 0 0 0 0 0 0 0 0 0 0 0 0 0 0 0 0 0 0 0 0 0 0 0 0 1 8 36 0 0 0 0 0 0 0 0 0 0 0 0 0 14 2 1 1 0 253 12 0 0 0 0 0 0 0 0 0 0 0 0 0 0 0 0 0 0 0 0 0 0 0 0 0 0 0 0 0 0 0 0 0 0 0 0 1 0 1 1 1 255 137 0 0 0 1 0 0 0 0 0 0 0 0 0 0 0 0 0 0 0 0 1
1 1 1 0 0 1 1 1 1 1 185 136 1 1 1 1 1 1 1 1 1 31 18 1 1 0 0 0 0 1 1 1 1 1 1 1 1 2 239 255 58 1 1 1 1 0 0 1 3 9 7 1 1 1 0 1 1 1 0 0 1 232 122 1 2 14 1 169 254 4 1 1 1 0 0 0 0 1 1 1 1 1 0 0 0 0 0 0 0 1 1 3 245 165 1 0 0 0 0 0 0 0 1 1 2 106 238 246 241 113 2 1 1 1 9 15 1 0 0 0 0 1 1 49 3 1 1 1 0 0 0 0 1 1 1 0 0 0 1 1 248 235 1 1 0 0 0 0 0 0 0 0 0 0 0 0 0 0 0 0 1 1 1 4 215 215 255 246 28 1 0 0 1 0 1 1 0 0 0 0 0 1 3 1 0 0 0 0 0 0 0 0 1 1 1 3 2 84 245 5 1 1 0 0 0 0 0 0 0 0 0 0 1 1 0 0 0 0 1 1 1 65 3 1 1 1 0 1 4 232 213 2 1 229 233 1 1 1 2 2 2 1 1 1 3 235 246 246 246 234 2 8 2 1 2 29 27 1 0 0 1 1 1 18 32 35 79 247 1 1 243 238 1 1 1 1 1 0 0 0 0 0 0 1 235 35 1 1 1 9 26 50 67 162 200 185 145 21 183 1 0 1 1 1 0 0 4 1 0 0 0 0 0 0 0 0 0 9 2 1 1 1 1 1 0 1 0 0 1 0 4 1 0 0 0 0 1 7 1 1 1 0 1 251 4 1 1 0 0 1 3 178 0 1 1 0 0 0 0 0 0 0 0 0 0 0 0 0 1 81 255 255 255 236 1 1 0 0 0 0 0 0 0 0 0 0 0 0 0 0 0 0 0 0 0 0 0 0 0 0 0 0 0 0 0 0 0 0 0 0 0 0 0 0 0 0 0 0 0 0 0 0 0 0 0 1 78 1 0 0 0 0 0 0 0 0 0 0 0 0 0 19 1 1 0 0 239 228 0 0 0 0 0 0 0 0 0 0 0 0 0 0 0 0 0 0 0 0 0 0 0 0 0 0 0 0 0 0 0 0 0 0 0 0 0 0 0 0 0 10 255 1 0 0 1 0 0 0 0 0 0 0 0 0 0 0 0 0 0 0 0 0
0 0 1 1 1 1 0 1 1 1 13 211 3 1 1 1 1 1 1 1 15 37 89 2 1 0 0 0 0 0 1 1 1 1 1 1 1 1 11 255 255 3 1 1 1 1 8 9 3 1 1 0 0 0 0 0 1 1 0 1 13 239 1 1 1 20 1 1 247 247 1 1 1 0 0 0 0 0 0 0 1 1 1 0 0 0 0 0 1 0 1 3 243 178 1 1 0 0 0 1 1 1 38 232 246 243 168 3 1 1 1 1 1 1 1 19 7 1 0 1 1 22 50 5 1 1 1 0 0 0 0 0 0 1 1 1 0 0 0 1 4 253 164 1 1 0 0 0 0 0 0 0 0 0 0 0 0 0 0 0 1 1 4 205 91 229 251 1 1 0 0 0 0 1 1 0 0 0 0 0 0 0 1 2 1 0 0 0 0 0 0 1 1 1 4 1 1 1 149 243 3 1 0 0 0 0 0 0 0 0 1 1 1 1 0 0 0 0 0 1 1 1 74 2 1 1 1 67 239 124 1 1 1 1 237 225 1 1 1 1 1 1 1 198 246 200 12 22 181 244 246 212 1 5 22 1 1 23 0 0 0 1 1 3 1 1 5 231 208 1 2 255 15 1 1 1 1 1 1 0 0 0 0 60 234 0 0 0 1 2 2 1 0 1 1 15 68 188 229 193 57 1 1 1 0 0 3 1 1 1 1 1 1 1 1 0 1 1 9 2 1 1 1 0 0 1 1 1 1 0 4 1 0 0 1 0 1 7 1 1 1 0 1 251 4 1 1 1 0 1 2 183 0 1 0 0 0 0 0 0 0 0 0 0 0 0 0 0 0 0 0 1 103 255 255 255 58 1 0 0 0 0 0 0 0 0 0 1 1 2 18 157 214 200 78 2 1 1 0 0 0 0 0 0 0 0 0 0 0 0 0 0 0 0 0 0 0 0 0 0 0 0 0 0 1 28 11 0 0 0 0 0 0 0 0 0 0 0 0 0 0 19 1 1 0 0 179 250 0 0 0 0 0 0 0 0 0 0 0 0 0 0 0 0 0 0 0 0 0 0 0 0 0 0 0 0 0 0 0 0 0 0 0 0 0 0 0 0 0 0 254 204 1 1 1 1 0 0 0 0 0 0 0 0 0 0 0 0 0 0 0 0
1 1 1 0 0 0 0 0 1 0 1 122 210 69 1 1 1 1 1 1 69 1 1 88 2 1 0 0 0 0 0 1 0 1 1 1 1 1 1 114 255 210 1 5 9 5 1 1 1 0 0 0 0 0 0 0 1 1 1 1 234 101 1 1 1 18 1 1 2 254 181 1 1 1 1 1 0 0 0 0 0 1 1 0 0 0 0 0 1 0 1 2 243 129 48 1 1 1 1 8 221 246 246 205 4 1 1 1 1 1 1 1 0 0 0 1 32 3 1 4 48 6 1 1 1 0 0 0 0 0 1 0 0 0 1 1 1 0 0 0 1 55 255 13 1 0 0 0 0 0 0 0 0 0 0 0 0 0 1 1 84 196 193 208 254 255 86 1 1 1 0 0 1 1 0 0 0 0 0 0 0 0 0 1 1 1 0 0 0 0 1 1 2 3 1 1 1 1 1 192 239 2 1 0 0 0 0 0 0 1 1 1 1 0 0 0 0 0 0 0 1 1 2 72 1 1 193 235 12 1 1 1 1 1 1 241 213 2 1 1 2 180 246 236 4 10 78 164 43 18 24 234 247 247 214 8 1 8 5 1 1 1 1 2 0 1 2 5 247 1 1 232 247 1 0 0 1 1 1 1 1 0 1 239 5 0 0 0 1 2 0 0 0 0 1 1 1 1 186 35 169 208 205 166 11 1 4 1 1 0 1 1 1 1 1 1 1 0 10 195 195 195 195 190 170 124 57 10 2 1 7 3 7 21 44 63 70 95 45 84 127 154 172 254 3 1 1 1 0 0 1 188 1 1 0 0 0 0 0 0 0 0 0 0 0 0 0 0 0 0 0 0 0 0 1 247 255 255 255 255 250 253 255 255 255 255 255 255 255 255 255 255 255 255 255 255 255 255 255 255 242 26 1 1 1 0 0 0 0 0 0 0 0 0 0 0 0 0 0 0 0 0 0 1 1 76 0 0 0 0 0 0 0 0 0 0 0 0 0 0 1 16 1 1 0 0 14 254 0 0 0 0 0 0 0 0 0 0 0 0 0 0 0 0 0 0 0 0 0 0 0 0 0 0 0 0 0 0 0 0 0 0 0 0 0 0 0 0 0 0 2 255 1 0 0 1 0 0 0 0 0 0 0 0 0 0 0 0 0 1 1 2
0 0 0 0 0 0 0 1 1 1 1 1 5 200 115 1 1 1 1 72 2 1 1 2 92 24 1 0 0 0 0 1 1 0 1 0 1 1 1 3 249 255 70 1 1 1 1 0 0 0 0 0 0 0 0 1 1 1 1 16 240 1 1 1 19 1 1 0 1 87 254 9 1 1 0 1 1 0 0 0 0 0 1 0 0 0 0 0 1 1 1 6 242 1 177 2 3 200 246 246 224 13 1 1 1 1 1 1 1 1 0 0 0 0 0 1 1 46 3 42 1 1 1 1 0 0 0 0 0 0 1 1 0 0 1 1 0 1 0 0 1 1 213 253 2 1 0 0 0 0 0 0 0 0 0 0 1 1 1 136 135 7 251 254 97 1 1 1 1 1 1 0 1 0 0 0 0 0 0 0 0 0 0 1 2 1 0 0 0 1 1 2 2 1 1 1 1 0 1 1 217 235 1 1 0 0 0 0 1 1 1 1 0 0 0 0 0 0 0 0 1 0 1 3 91 229 221 2 1 1 1 1 1 1 1 2 244 247 241 244 247 239 12 8 92 54 3 186 6 31 1 1 1 7 236 240 187 186 201 2 1 1 1 2 0 0 1 4 220 226 1 1 253 74 1 0 1 1 1 1 1 1 204 209 2 1 0 0 1 1 0 0 0 0 0 0 1 1 170 2 1 1 4 72 198 209 196 110 2 1 1 1 1 0 1 1 1 129 185 8 1 1 2 4 19 79 145 186 198 200 195 191 184 169 155 142 144 189 167 131 89 48 22 247 10 3 1 1 1 1 1 188 1 0 0 0 0 0 0 0 0 0 0 0 0 0 0 0 0 0 0 0 0 0 0 0 0 1 211 255 255 255 255 237 64 2 1 1 1 1 0 0 0 0 0 0 1 1 35 253 255 255 255 255 255 255 253 148 2 1 1 1 0 0 0 0 0 0 0 0 0 0 0 1 44 5 0 0 0 0 0 0 0 0 0 0 0 0 0 0 10 3 1 1 0 0 1 255 0 0 0 0 0 0 0 0 0 0 0 0 0 0 0 0 0 0 0 0 0 0 0 0 0 0 0 0 0 0 0 0 0 0 0 0 0 0 0 0 0 0 0 254 197 1 1 1 0 0 0 1 1 5 9 9 10 10 10 10 13 7 6 4
1 1 1 1 1 1 1 1 1 1 1 1 1 5 212 1 1 1 41 10 1 1 1 1 1 81 2 0 0 0 0 0 1 1 1 1 1 3 10 10 27 255 255 3 1 1 1 1 0 0 0 0 0 0 0 1 0 1 1 234 93 1 1 1 20 1 1 0 1 1 240 251 2 1 1 1 1 1 0 0 0 0 1 0 0 1 1 1 1 1 1 217 212 2 192 249 246 234 29 1 1 1 1 1 1 1 0 0 0 0 0 0 0 0 0 0 1 1 132 3 1 1 1 0 0 0 0 0 0 0 0 1 0 0 0 1 0 0 1 1 0 1 1 241 246 1 1 1 0 0 0 0 0 0 0 1 89 189 198 73 28 254 237 1 1 0 0 0 1 1 1 1 0 0 0 0 0 0 0 0 0 0 0 0 1 2 1 0 0 1 4 4 1 1 1 1 1 1 0 1 1 227 230 1 1 1 0 1 1 1 0 0 0 0 0 0 0 0 0 0 1 0 1 34 236 186 1 1 0 0 0 1 1 0 0 1 88 9 144 84 2 1 57 74 2 1 1 180 12 44 1 1 1 1 6 246 1 1 6 205 206 22 2 1 0 0 1 4 1 247 3 1 209 251 1 0 2 4 0 0 1 71 237 3 1 2 1 1 2 0 0 0 0 0 0 1 1 0 127 24 1 1 1 1 1 3 25 141 209 208 185 30 1 1 1 14 190 89 1 1 0 0 1 0 0 0 1 1 0 0 0 0 1 0 1 1 1 21 1 1 1 1 0 209 221 1 1 1 0 0 1 188 1 0 0 0 0 0 0 0 0 0 0 0 0 0 0 0 0 0 0 0 0 0 0 0 0 0 0 0 0 0 0 0 0 0 0 0 0 0 0 0 0 0 0 0 0 0 0 0 0 1 1 1 4 234 255 255 255 255 255 255 160 1 0 0 0 0 0 0 0 0 1 1 68 0 0 0 0 0 0 0 0 0 0 0 0 0 0 0 19 1 1 1 0 0 1 255 1 0 0 0 0 0 0 0 0 0 0 0 0 0 0 0 0 0 0 0 0 0 0 0 0 0 0 0 0 0 0 0 0 0 0 0 0 0 0 0 0 0 0 3 255 1 1 5 9 10 11 11 9 3 1 1 1 1 1 1 10 0 0 0
1 1 1 1 1 1 1 0 0 0 0 1 1 1 214 1 1 23 22 1 1 0 1 1 1 45 15 1 0 0 0 0 1 1 1 8 10 3 1 1 1 155 255 186 1 1 1 1 1 0 0 0 0 0 0 1 0 1 20 240 1 1 1 11 3 1 0 0 0 1 2 254 217 1 1 0 0 1 1 0 0 0 1 1 1 1 0 0 1 1 3 245 231 249 245 154 28 1 1 1 1 1 1 0 0 0 0 0 0 0 0 0 0 0 0 0 0 1 117 38 1 0 0 0 0 0 0 0 0 0 0 1 1 0 0 0 0 0 0 1 1 0 1 2 253 228 1 1 1 1 0 0 0 1 1 194 121 4 1 64 255 208 1 1 1 0 0 0 0 1 1 1 1 0 0 0 0 0 0 0 0 0 0 0 0 1 2 1 1 3 1 9 1 1 0 1 0 1 0 0 1 1 235 219 1 1 1 1 1 0 0 0 0 0 0 0 0 0 0 1 1 1 168 234 16 4 13 1 0 0 0 0 0 1 2 3 100 2 1 1 3 97 16 1 1 1 2 170 13 47 1 1 1 2 5 246 1 0 0 1 3 189 211 198 9 1 1 4 1 194 236 1 1 252 152 1 1 16 2 3 9 240 2 1 4 3 1 1 1 1 0 0 0 0 0 1 1 0 2 172 1 1 1 0 1 1 1 1 1 2 35 187 209 193 142 183 6 1 0 1 0 1 1 0 0 0 1 1 0 0 0 0 1 1 1 0 1 25 1 1 1 1 0 14 245 0 0 1 1 0 1 91 86 0 0 0 0 0 0 0 0 0 0 0 0 0 0 0 0 0 0 0 0 0 0 0 0 0 0 0 0 0 0 0 0 0 0 0 0 0 0 0 0 0 0 0 0 0 0 0 0 0 0 0 0 0 0 0 1 1 3 250 255 255 255 5 1 0 0 0 0 0 1 66 2 0 0 0 0 0 0 0 0 0 0 0 0 0 0 0 19 1 1 1 0 0 1 254 3 0 0 0 0 0 0 0 0 0 0 0 0 0 0 0 0 0 0 0 0 0 0 0 0 0 0 0 0 0 0 0 0 0 0 0 0 0 0 0 0 0 0 1 255 193 7 2 1 1 1 0 0 0 0 0 0 0 0 0 10 0 0 0
0 0 0 0 0 0 0 0 0 0 0 0 1 1 209 26 15 33 1 1 0 0 1 1 1 9 60 1 0 0 1 1 5 10 7 1 1 1 1 1 1 3 254 255 18 1 1 1 1 1 0 0 0 0 0 1 1 1 234 91 1 0 1 20 1 1 1 0 0 0 1 33 254 34 1 1 0 0 1 1 1 1 1 1 0 1 1 1 17 228 245 254 243 9 1 1 61 2 1 1 1 0 0 0 0 0 0 0 0 0 0 0 0 0 0 0 0 2 98 5 21 1 0 0 0 0 0 0 0 0 0 0 1 1 0 0 0 0 0 0 1 1 1 1 6 253 122 1 0 1 0 0 1 1 126 85 1 1 91 254 217 1 1 1 0 0 0 0 0 1 1 1 1 0 0 0 0 0 0 0 0 0 0 0 0 0 1 3 2 1 0 1 8 1 1 1 1 1 1 0 1 1 1 239 198 1 1 1 1 0 0 0 0 0 0 0 0 0 1 1 2 222 221 2 1 1 5 9 1 0 0 0 1 3 2 1 22 79 38 83 94 15 1 1 1 1 13 146 14 48 1 1 1 2 13 246 3 0 1 1 1 1 1 8 198 210 114 1 1 1 247 20 1 142 252 2 1 3 2 1 240 16 0 0 1 1 3 3 1 1 1 1 0 0 0 1 0 0 9 153 1 1 1 1 1 2 1 0 0 1 1 1 1 21 105 2 1 1 0 1 1 1 1 0 0 0 1 2 0 0 0 0 0 1 1 1 1 27 1 1 1 1 0 1 248 1 0 1 1 1 1 1 188 0 0 0 0 0 0 0 0 0 0 0 0 0 0 0 0 0 0 0 0 0 0 0 0 0 0 0 0 0 0 0 0 0 0 0 0 0 0 0 0 0 0 0 0 0 0 0 0 0 0 0 0 0 0 0 0 0 0 0 0 1 255 255 255 117 1 0 0 1 3 57 0 0 0 0 0 0 0 0 0 0 0 0 0 0 0 1 18 1 1 1 0 0 0 248 202 0 0 0 0 0 0 0 0 0 0 0 0 0 0 0 0 0 0 0 0 0 0 0 0 0 0 0 0 0 0 0 0 0 0 0 0 0 0 0 0 0 1 2 3 255 2 0 1 0 0 0 0 0 0 0 0 0 0 0 14 3 3 3
0 0 0 0 0 0 0 0 0 0 0 0 1 1 11 211 95 1 1 0 0 0 1 1 1 3 77 1 1 3 10 9 1 1 1 0 1 1 1 1 1 1 23 255 253 2 1 1 1 1 1 0 0 0 1 1 1 18 240 1 1 1 1 25 1 0 1 0 0 0 1 1 226 254 2 1 0 0 0 1 1 0 1 1 1 8 222 243 242 190 15 251 209 1 1 1 1 83 1 1 0 0 0 0 0 0 0 0 0 0 0 0 0 0 0 0 1 61 13 1 10 12 1 0 0 0 0 0 0 0 0 0 0 1 1 0 0 0 0 0 0 0 1 1 1 107 253 6 0 1 0 1 1 24 188 1 1 142 254 232 1 1 0 0 0 0 1 1 0 0 1 1 1 1 0 0 0 0 0 0 0 0 0 0 0 0 1 1 1 1 0 1 1 7 1 0 1 1 1 1 0 0 1 2 244 159 1 1 1 1 0 0 0 0 0 0 0 1 1 17 234 166 1 1 1 0 1 8 6 1 0 1 3 1 0 0 1 5 21 4 1 1 1 0 1 1 38 150 2 49 1 0 1 3 55 245 10 7 7 1 1 0 0 0 1 1 133 193 3 1 106 243 1 1 235 250 16 1 1 227 163 1 0 0 0 0 1 4 8 5 1 1 1 0 1 1 0 0 133 24 1 1 1 1 1 1 0 0 0 1 0 0 0 1 8 0 1 0 0 1 1 1 1 1 0 0 0 2 0 0 0 0 0 1 0 1 1 23 0 1 1 1 1 2 248 1 0 1 1 1 1 1 177 3 0 0 0 0 0 0 0 0 0 0 0 0 0 0 0 0 0 0 0 0 0 0 0 0 0 0 0 0 0 0 0 0 0 0 0 0 0 0 0 0 0 0 0 0 0 0 0 0 0 0 0 0 0 0 0 0 0 0 0 0 0 1 230 255 255 237 1 1 74 1 0 0 0 0 0 0 0 0 0 0 0 0 0 0 0 9 3 1 1 1 0 0 0 212 248 0 0 0 0 0 0 0 0 0 0 0 0 0 0 0 0 0 0 0 0 0 0 0 0 0 0 0 0 0 0 0 0 0 0 0 0 0 0 0 0 2 2 0 1 177 254 1 1 1 0 0 0 0 0 0 0 0 0 1 20 1 1 1
0 0 0 0 0 0 0 0 0 0 0 0 0 1 1 85 179 1 1 0 0 0 0 1 1 1 109 9 8 3 1 1 0 1 1 1 1 1 0 1 1 1 1 199 255 146 1 1 1 1 1 1 0 0 1 1 1 235 99 1 0 1 1 27 1 0 1 1 0 0 0 1 2 251 235 1 1 1 1 1 1 1 5 211 242 242 209 4 1 1 2 255 3 1 1 1 1 11 46 1 0 0 0 0 0 0 0 0 0 0 0 0 0 0 0 0 1 27 41 1 1 27 3 1 0 0 0 0 0 0 0 0 0 0 1 0 0 0 0 0 0 0 0 1 1 1 226 253 1 1 86 196 198 171 1 3 212 254 224 1 1 0 0 0 0 0 0 1 1 1 1 1 1 1 1 0 0 0 0 0 0 0 0 0 1 1 1 0 0 1 1 1 1 2 6 1 0 1 0 1 1 1 1 1 5 246 87 1 1 1 1 1 0 0 0 0 1 1 143 235 30 1 1 0 0 0 0 1 12 3 1 3 1 0 0 0 0 1 1 1 1 1 1 1 1 2 76 125 1 48 1 1 1 4 136 241 1 1 1 5 2 0 0 0 0 0 1 11 209 34 1 240 160 1 1 224 253 204 108 243 1 0 0 0 0 1 2 1 0 2 8 3 1 0 1 1 1 1 173 2 0 1 1 2 1 0 0 0 0 1 0 0 0 1 7 0 1 0 1 1 0 0 1 1 1 0 1 2 1 1 1 0 0 1 1 1 15 3 0 1 0 1 1 1 248 2 0 0 1 1 1 1 2 180 0 0 0 0 0 0 0 0 0 0 0 0 0 0 0 0 0 0 0 0 0 0 0 0 0 0 0 0 0 0 0 0 0 0 0 0 0 0 0 0 0 0 0 0 0 0 0 0 0 0 0 0 0 0 0 0 0 0 0 0 0 0 0 0 74 255 255 255 55 1 0 0 0 0 0 0 0 0 0 0 0 0 0 0 0 19 1 1 1 1 0 0 0 88 253 1 0 0 0 0 0 0 0 0 0 0 0 0 0 0 0 0 0 0 0 0 0 0 0 0 0 0 0 0 0 0 0 0 0 0 0 0 0 1 2 1 0 0 0 1 247 244 1 0 0 0 0 0 0 0 0 0 0 1 18 0 0 0
0 0 0 0 0 0 0 0 0 0 0 0 0 1 1 143 145 1 1 1 0 1 1 1 15 30 148 1 1 0 0 1 1 1 0 0 0 1 1 1 1 1 1 3 255 255 11 1 1 1 0 1 1 1 1 1 17 240 1 1 0 1 1 27 1 0 0 1 0 1 1 1 1 17 255 92 1 1 1 4 184 242 242 221 7 1 1 1 1 1 1 255 2 1 0 0 0 1 53 8 1 0 0 0 0 0 0 0 0 0 0 0 0 0 0 1 2 108 2 0 1 1 38 2 1 0 0 0 0 0 0 0 0 0 1 1 0 0 0 0 0 0 0 1 1 1 2 255 7 32 170 1 1 1 15 239 254 72 1 1 0 0 0 0 0 0 0 0 0 0 0 1 1 1 1 0 0 0 0 0 0 0 0 1 1 1 0 0 0 0 0 1 1 1 2 5 1 1 1 0 0 1 1 1 1 17 248 22 1 1 1 1 1 0 0 1 1 215 225 3 1 1 1 1 1 1 0 0 1 15 5 1 0 0 0 0 0 0 0 0 0 0 0 1 1 29 141 12 2 57 2 1 1 3 221 225 1 0 0 1 4 2 1 1 0 0 0 0 1 187 160 6 247 1 1 2 66 252 255 235 14 1 0 0 0 1 3 0 0 0 1 3 8 2 1 1 1 1 182 1 1 1 1 2 1 0 0 0 0 1 0 0 0 1 7 0 1 1 1 1 0 0 0 1 2 1 1 1 0 0 1 1 1 1 1 1 26 1 0 1 0 1 1 1 242 68 1 1 1 1 1 1 1 189 0 0 0 0 0 0 0 0 0 0 0 0 0 0 0 0 0 0 0 0 0 0 0 0 0 0 0 0 0 0 0 0 0 0 0 0 0 0 0 0 0 0 0 0 0 0 0 0 0 0 0 0 0 0 0 0 0 0 0 0 0 0 0 0 0 0 2 255 255 255 251 3 1 0 0 0 0 0 0 0 0 0 0 0 0 19 1 1 1 1 1 0 0 2 254 1 0 0 0 0 0 0 0 0 0 0 0 0 0 0 0 0 0 0 0 0 0 0 0 0 0 0 0 0 0 0 0 0 0 0 0 1 1 2 1 1 1 1 0 0 1 255 61 0 0 0 0 0 1 0 0 0 0 1 17 0 0 0
0 0 0 0 0 0 0 0 0 0 0 0 0 1 0 12 198 1 0 1 1 7 26 21 2 1 119 2 1 1 1 1 0 1 1 0 0 0 1 1 1 1 1 1 43 255 250 2 1 1 1 1 1 1 1 1 235 104 1 1 0 0 1 23 1 1 1 1 1 1 1 1 1 1 205 254 21 156 241 242 230 18 1 1 1 1 0 0 0 0 1 255 4 1 0 0 0 0 1 88 1 1 0 0 0 0 0 0 0 0 0 0 0 0 1 71 98 49 1 0 0 1 1 45 1 1 0 0 0 0 0 0 0 0 0 1 1 0 0 0 0 0 0 0 1 1 1 248 251 208 2 1 1 56 249 249 3 1 0 0 0 0 0 0 1 1 0 0 1 0 0 1 1 1 1 1 0 0 0 0 0 0 1 1 0 0 0 0 0 0 0 0 1 1 1 3 4 1 1 1 0 0 1 1 1 1 68 246 6 1 1 1 1 1 1 7 232 184 1 1 0 1 1 1 0 0 0 0 1 1 12 1 1 0 0 0 0 0 0 0 0 0 0 1 18 56 76 3 2 7 14 14 3 1 243 71 1 0 0 0 0 3 5 4 1 0 0 0 0 1 80 209 224 230 1 1 2 24 255 255 229 31 16 1 1 2 1 0 0 0 0 1 1 6 8 7 4 38 117 1 1 2 1 2 1 0 0 0 0 1 1 1 1 1 7 2 2 2 1 1 0 0 0 0 1 3 1 1 0 0 1 0 0 1 1 4 12 1 1 1 1 1 1 1 158 235 1 1 1 1 0 0 1 185 2 0 0 0 0 0 0 0 0 0 0 0 0 0 0 0 0 0 0 0 0 0 0 0 0 0 0 0 0 0 0 0 0 0 0 0 0 0 0 0 0 0 0 0 0 0 0 0 0 0 0 0 0 0 0 0 0 0 0 0 0 0 0 0 0 1 8 65 1 64 255 255 255 251 3 1 0 0 0 0 0 0 0 0 0 17 1 1 1 1 1 0 0 1 254 2 0 0 0 0 0 0 0 0 0 0 0 0 0 0 0 0 0 0 0 0 0 0 0 0 0 0 0 0 0 0 0 0 0 0 1 1 2 1 0 1 1 1 1 0 0 23 255 1 2 9 11 11 11 13 13 13 13 22 7 0 0 0
1 0 0 0 0 0 0 0 0 0 0 0 0 1 1 1 139 160 5 22 24 6 1 1 1 1 69 20 1 1 1 0 0 0 0 0 0 0 0 1 0 1 1 1 1 220 255 117 1 1 1 1 1 1 1 18 240 1 1 1 1 0 0 6 17 5 1 1 1 1 1 1 2 19 230 255 255 254 116 2 1 1 1 1 1 1 1 0 0 0 1 254 23 0 0 0 0 0 1 3 74 1 1 0 0 0 0 0 0 0 0 0 0 1 25 60 1 1 0 0 0 0 1 1 47 1 1 0 0 0 0 0 0 0 0 0 1 0 0 0 0 0 0 0 1 1 1 1 236 255 90 1 120 254 241 1 1 0 0 0 0 0 0 0 0 1 0 0 1 1 0 0 1 1 1 1 1 0 0 0 1 1 1 0 0 0 0 0 0 0 0 0 0 1 1 1 4 3 1 1 0 0 0 0 1 1 1 146 244 3 1 1 1 1 105 234 53 1 1 0 0 1 0 0 0 0 0 0 0 1 1 11 1 1 0 0 0 0 0 0 0 0 1 16 2 68 65 2 6 2 1 3 20 2 246 5 0 0 0 0 0 1 2 4 1 0 0 0 0 0 0 1 190 252 12 1 1 2 255 126 255 253 20 27 3 3 0 0 0 0 1 1 0 1 1 1 2 180 30 3 1 2 1 2 1 1 0 0 1 1 1 0 0 1 4 0 0 1 2 1 0 0 1 1 1 2 1 1 0 1 1 0 1 1 1 26 1 1 1 1 1 1 1 1 2 248 1 1 0 0 0 0 1 70 109 0 0 0 0 0 0 0 0 0 0 0 0 0 0 0 0 0 0 0 0 0 0 0 0 0 0 0 0 0 0 0 0 0 0 0 0 0 0 0 0 0 0 0 0 0 0 0 0 0 0 0 0 0 0 0 0 0 0 0 0 0 0 0 0 1 109 1 0 0 0 1 58 255 255 255 255 218 5 1 1 0 0 0 0 16 1 1 1 0 1 1 0 1 248 209 0 0 0 0 0 0 0 0 0 0 0 0 0 0 0 0 0 0 0 0 0 0 0 0 0 0 0 0 0 0 0 0 0 1 1 2 1 1 1 0 1 1 1 0 1 13 253 234 7 1 0 0 0 0 0 0 0 8 4 1 0 0
1 1 0 0 0 0 0 0 0 0 0 0 0 1 1 1 19 208 9 1 1 1 0 0 0 0 1 112 2 1 1 1 1 0 0 0 0 0 0 1 1 0 1 1 1 6 255 255 8 1 1 1 1 1 1 235 103 1 0 0 1 1 1 1 2 8 21 28 11 1 9 197 255 255 255 251 245 255 255 255 242 17 1 1 1 1 1 1 1 1 1 251 201 1 0 0 0 0 0 1 24 23 1 1 0 0 0 0 0 0 0 0 0 2 112 1 1 1 0 0 0 0 0 1 1 45 1 1 1 1 0 0 0 0 0 0 1 1 0 0 0 0 0 0 1 1 1 1 1 148 255 165 255 204 1 1 0 0 0 0 0 0 0 0 0 1 1 0 0 1 0 0 0 1 1 1 1 0 0 1 1 1 0 0 0 0 0 0 0 0 0 0 0 0 1 1 1 5 2 1 1 0 0 0 0 1 1 1 201 240 2 1 1 206 229 3 1 1 1 1 1 0 0 0 0 0 0 0 0 0 1 1 10 1 1 0 0 0 0 0 1 1 15 1 1 76 65 1 6 1 1 1 7 54 247 2 0 0 0 0 0 0 1 5 1 0 0 0 0 0 0 0 1 185 251 1 1 1 255 1 1 249 255 208 45 1 0 0 0 0 0 1 1 1 1 1 1 162 5 15 25 13 3 4 1 1 0 0 1 1 0 0 0 1 4 0 0 1 1 2 1 1 1 1 1 2 1 1 1 1 0 1 1 1 9 6 2 1 0 0 0 1 0 1 1 248 1 0 0 0 0 1 1 1 187 0 0 0 0 0 0 0 0 0 0 0 0 0 0 0 0 0 0 0 0 0 0 0 0 0 0 0 0 0 0 0 0 0 0 0 0 0 0 0 0 0 0 0 0 0 0 0 0 0 0 0 0 0 0 0 0 0 0 0 0 0 0 0 1 9 70 0 0 0 0 0 0 0 1 7 254 255 255 255 255 255 255 245 158 51 3 2 2 1 1 1 1 0 115 253 1 0 0 0 0 0 0 0 0 0 0 0 0 0 0 0 0 0 0 0 0 0 0 0 0 0 0 0 0 0 0 0 1 1 2 0 0 0 1 1 1 1 0 2 9 2 2 255 1 0 0 0 0 0 0 0 0 15 2 1 0 3
0 1 1 0 0 0 0 0 0 0 0 1 1 1 16 17 5 201 1 1 0 0 0 0 0 0 1 10 112 23 5 3 1 1 0 0 0 0 0 0 1 1 1 1 1 1 79 255 239 2 1 1 1 1 21 240 1 1 1 1 1 1 1 1 1 1 2 9 183 255 255 255 255 76 3 2 2 36 15 245 255 255 255 234 9 1 1 1 1 1 1 218 246 1 0 0 0 0 0 0 1 73 3 1 1 0 0 0 0 0 0 1 1 68 19 1 1 1 0 0 0 0 0 0 1 4 23 1 0 1 1 0 0 0 0 0 0 1 1 0 0 0 0 0 1 1 1 3 244 254 230 255 132 1 1 0 0 0 0 0 0 0 0 0 0 0 1 0 0 1 1 0 0 0 1 1 1 1 1 1 0 0 0 0 0 0 0 0 0 0 0 0 0 0 0 1 1 1 7 1 1 1 0 0 0 0 1 1 1 222 234 10 229 197 1 1 1 1 1 1 0 0 0 0 0 0 0 0 0 0 0 1 2 7 1 1 0 0 0 0 1 14 2 1 1 137 9 3 3 1 1 1 13 231 213 0 0 0 0 0 0 1 1 2 4 0 0 0 0 0 0 0 0 1 248 188 1 17 255 1 1 1 194 255 252 12 1 0 0 0 1 1 1 1 1 1 12 130 0 1 1 15 7 9 9 9 9 9 9 9 9 6 2 1 6 1 1 1 0 1 1 1 1 1 1 2 1 0 0 1 1 1 1 7 9 1 1 1 1 0 0 1 1 1 1 248 1 0 1 1 1 1 0 1 189 1 0 0 0 0 0 0 0 0 0 0 0 0 0 0 0 0 0 0 0 0 0 0 0 0 0 0 0 0 0 0 0 0 0 0 0 0 0 0 0 0 0 0 0 0 0 0 0 0 0 0 0 0 0 0 0 0 0 0 0 0 0 0 1 114 1 0 0 0 0 0 0 0 0 0 0 0 0 1 1 94 254 255 255 255 255 255 255 255 255 227 44 2 2 253 93 0 0 0 0 0 0 0 0 0 0 0 0 0 0 0 0 0 0 0 0 0 0 0 0 0 0 0 0 0 0 1 2 1 0 0 0 0 0 1 1 1 4 3 1 0 1 255 91 0 0 0 0 0 0 0 0 18 1 1 12 55
0 0 1 1 0 0 0 0 0 0 1 1 2 20 5 1 1 202 1 1 0 0 0 0 0 0 0 1 2 64 100 104 78 1 1 0 0 0 0 0 0 1 1 1 1 1 2 241 255 84 1 1 1 1 235 104 1 1 1 1 1 1 1 2 6 129 254 255 255 255 179 5 1 1 1 1 1 5 10 1 2 19 248 255 255 255 231 4 1 1 1 37 252 1 0 0 0 0 0 0 1 1 88 1 1 0 0 0 0 0 0 1 92 66 1 1 0 0 0 0 0 0 0 0 0 1 9 12 1 0 1 1 1 1 1 0 0 1 1 1 0 0 1 1 1 2 241 254 225 107 115 255 239 1 0 0 0 0 0 0 0 0 0 0 0 1 1 0 0 0 1 1 0 1 1 0 1 1 1 0 0 0 0 0 0 0 0 0 0 0 0 0 0 0 0 0 1 1 1 9 1 1 1 0 0 0 0 1 1 1 232 245 91 1 1 0 1 1 1 0 0 0 0 0 0 0 0 0 0 0 0 0 1 3 6 1 1 0 0 1 13 1 1 1 3 170 2 6 1 1 1 1 31 247 10 0 0 0 0 0 0 0 0 1 8 1 0 0 0 0 0 0 0 1 58 252 227 255 213 1 0 0 1 4 252 255 125 1 0 0 0 0 0 1 1 2 143 6 0 0 1 8 1 1 1 1 1 1 1 1 4 3 8 16 18 15 16 15 15 13 8 3 1 1 1 1 1 1 1 1 1 1 11 8 1 0 0 1 2 1 1 1 1 1 3 248 3 0 1 1 0 1 0 1 190 1 1 0 0 0 0 0 0 0 0 0 0 0 0 0 0 0 0 0 0 0 0 0 0 0 0 0 0 0 0 0 0 0 0 0 0 0 0 0 0 0 0 0 0 0 0 0 0 0 0 0 0 0 0 0 0 0 0 0 0 0 0 1 12 63 0 0 0 0 0 0 0 0 0 0 0 0 0 0 0 0 0 0 0 1 1 2 78 245 255 255 255 255 255 255 255 255 1 0 0 0 0 0 0 0 0 0 0 0 0 0 0 0 0 0 0 0 0 0 0 0 0 0 0 1 2 2 1 0 0 0 0 0 0 1 3 3 1 1 1 0 1 44 255 1 0 0 0 1 1 1 0 21 1 34 31 1
0 1 0 1 0 0 0 0 0 1 1 5 13 1 2 1 1 202 1 1 0 0 0 0 0 0 0 0 1 1 1 1 23 69 1 0 0 0 0 0 0 1 1 1 1 1 1 10 255 255 6 1 1 21 240 1 1 1 1 1 1 5 97 251 255 255 255 218 13 3 50 1 1 1 1 1 1 1 19 1 1 1 1 2 17 249 255 255 255 215 3 10 255 1 0 0 0 0 0 0 0 1 8 53 1 1 0 0 0 0 0 7 83 1 1 0 0 0 0 0 0 0 0 0 0 0 1 17 7 1 0 0 0 0 1 1 1 1 1 1 1 1 1 2 236 255 254 1 99 30 244 255 254 160 1 0 0 0 0 0 0 0 0 1 1 1 0 0 0 0 0 1 1 1 1 1 0 1 1 1 0 0 0 0 0 0 0 0 0 0 0 0 0 0 0 0 0 1 1 1 9 1 1 0 0 0 0 0 1 1 1 229 186 1 1 0 1 1 0 0 0 0 0 0 0 0 0 0 0 0 0 0 0 1 4 5 1 1 1 13 1 0 1 1 94 55 1 5 1 1 1 1 68 247 4 0 0 0 0 0 0 1 1 1 2 7 2 1 1 0 0 0 1 1 240 255 255 56 1 0 0 0 0 1 1 228 255 245 2 1 0 0 1 1 1 32 114 1 1 1 1 2 3 1 1 0 1 1 1 2 1 0 0 2 1 1 1 1 1 1 2 6 11 11 11 14 13 5 1 1 3 24 5 1 1 1 1 1 5 6 7 7 7 6 3 235 180 0 0 0 0 1 0 1 109 181 5 1 0 0 0 0 0 0 0 0 0 0 0 0 0 0 0 0 0 0 0 0 0 0 0 0 0 0 0 0 0 0 0 0 0 0 0 0 0 0 0 0 0 0 0 0 0 0 0 0 0 0 0 0 0 0 0 0 0 0 0 1 116 1 0 0 0 0 0 0 0 0 0 0 0 0 0 0 0 0 0 0 0 0 0 1 1 1 0 1 1 1 4 61 255 253 255 8 0 0 0 0 0 0 0 0 0 0 0 0 0 0 0 0 0 0 0 0 0 0 0 0 1 2 1 0 0 0 0 0 0 1 1 2 2 1 0 0 1 0 0 1 255 8 1 0 0 0 0 1 1 27 66 9 3 2
0 1 1 1 1 0 0 0 1 1 10 8 1 1 2 1 1 203 1 1 1 0 0 0 0 0 0 0 0 1 1 1 1 118 1 0 0 0 0 0 0 0 1 1 1 1 1 1 117 255 225 2 1 235 118 1 1 1 4 61 241 255 255 255 241 37 2 1 1 1 50 1 1 1 1 1 1 0 1 22 1 1 1 1 1 1 1 13 251 255 255 255 255 1 0 0 0 0 0 0 0 0 1 49 10 1 1 0 0 0 0 1 112 1 0 0 0 0 0 0 0 0 0 0 0 0 0 1 29 5 1 0 0 0 0 0 0 1 1 1 1 2 236 254 236 5 254 93 24 241 255 222 22 255 6 1 0 0 0 0 0 0 1 1 0 0 0 0 0 0 1 1 1 1 1 1 1 1 1 1 0 0 0 0 0 0 0 0 0 0 0 0 0 0 0 0 0 0 1 1 1 9 1 1 0 0 0 0 1 1 1 1 234 143 1 1 1 1 0 0 0 0 0 0 0 0 0 0 0 0 0 0 0 0 1 5 3 1 11 2 0 0 1 1 153 4 5 2 1 1 1 1 233 221 1 0 0 0 0 0 1 1 0 1 1 1 4 7 3 1 0 0 1 1 254 6 1 1 1 0 0 0 0 0 0 1 27 255 255 85 1 1 0 1 16 154 1 1 1 1 0 1 5 1 1 1 1 3 2 1 1 0 0 2 1 1 1 1 1 1 0 0 0 1 2 2 1 4 10 14 15 1 1 2 2 2 3 6 2 2 1 1 1 1 1 61 245 0 1 1 1 1 1 1 71 1 168 60 1 1 0 0 0 0 0 0 0 0 0 0 0 0 0 0 0 0 0 0 0 0 0 0 0 0 0 0 0 0 0 0 0 0 0 0 0 0 0 0 0 0 0 0 0 0 0 0 0 0 0 0 0 0 0 0 0 0 1 17 54 0 0 0 0 0 0 0 0 0 0 0 0 0 0 0 0 0 0 0 0 0 0 1 1 1 0 0 0 1 1 1 225 248 237 255 255 240 1 0 0 0 0 0 0 0 0 0 0 0 0 0 0 0 0 0 0 0 0 0 1 2 0 0 0 0 1 1 1 1 1 1 1 2 1 0 1 1 0 1 143 255 1 0 0 0 1 1 201 255 150 1 1 2
0 0 0 1 1 1 0 1 1 17 4 1 0 0 2 1 1 203 1 1 1 0 0 0 0 0 0 0 0 1 1 1 1 50 36 1 0 0 0 0 0 1 1 1 1 1 1 1 3 250 255 62 49 240 3 5 50 229 255 255 255 250 65 3 1 1 1 1 1 1 62 1 1 1 1 1 1 0 0 3 11 1 1 1 1 1 1 5 17 31 97 255 255 1 1 0 0 0 0 0 0 0 0 1 87 1 1 1 0 0 1 7 87 1 0 0 0 0 0 0 0 0 0 0 0 0 0 0 1 21 43 1 0 0 0 0 1 1 1 2 229 253 239 1 1 65 255 14 244 241 9 249 1 230 254 1 1 0 0 0 0 1 1 0 0 0 0 0 0 1 1 0 0 0 0 0 1 1 1 1 1 0 0 0 0 0 0 0 0 0 0 0 0 0 0 0 0 0 0 1 1 1 8 1 1 0 1 1 1 1 1 1 2 237 76 1 1 0 0 0 0 0 0 0 0 0 0 0 0 0 0 0 0 0 0 1 7 18 2 1 0 0 1 1 164 2 7 1 1 1 1 8 247 11 0 0 0 0 0 0 1 0 0 0 0 0 1 1 2 7 1 0 1 194 250 1 1 1 1 0 0 0 0 1 1 1 1 1 241 255 241 1 1 50 197 153 1 0 0 1 0 1 4 9 5 2 3 1 0 1 1 0 0 1 1 1 1 1 1 1 1 1 1 2 1 1 1 0 11 6 1 0 2 1 1 1 1 3 1 1 0 0 1 1 1 1 248 11 11 5 1 1 1 1 61 1 1 110 121 1 1 0 0 0 0 0 0 0 0 0 0 0 0 0 0 0 0 0 0 0 0 0 0 0 0 0 0 0 0 0 0 0 0 0 0 0 0 0 0 0 0 0 0 0 0 0 0 0 0 0 0 0 0 0 0 0 1 116 1 0 0 0 0 0 0 0 0 0 0 0 0 0 0 0 0 0 0 0 0 0 0 1 1 1 0 0 0 1 1 1 1 255 2 0 10 255 255 255 4 1 0 0 0 0 0 0 0 0 0 0 0 0 0 0 0 0 0 0 0 2 1 0 0 1 1 1 1 0 0 1 1 1 1 0 0 1 0 0 1 254 197 1 0 1 2 250 252 176 254 252 1 0
0 0 0 0 0 1 1 1 21 1 0 0 0 0 1 2 1 196 12 1 0 0 0 0 0 0 0 0 0 0 1 1 0 1 110 6 1 0 0 0 0 0 1 1 1 1 1 1 1 23 255 255 241 169 217 255 255 255 254 84 3 1 1 1 1 1 1 1 1 1 108 23 1 1 1 1 1 0 0 1 11 6 25 30 31 30 24 11 3 1 1 235 255 6 1 0 0 0 0 0 0 0 0 1 3 76 1 1 1 0 1 97 4 1 0 0 0 0 0 0 0 0 0 0 0 0 0 0 0 1 22 5 0 1 1 1 1 2 227 253 244 2 1 1 1 11 255 255 246 10 1 249 1 163 242 247 1 0 0 1 1 1 0 0 0 0 0 1 1 1 0 0 0 0 0 0 0 1 1 1 1 1 0 0 0 0 0 0 0 0 0 0 0 0 0 0 0 0 0 0 1 1 1 7 1 1 1 1 1 0 0 1 1 5 241 27 1 1 0 0 0 0 0 0 0 0 0 0 0 0 0 0 0 0 0 1 6 8 2 1 1 1 1 2 163 3 4 1 0 1 2 18 247 5 0 0 0 0 0 0 1 1 1 0 0 1 1 0 0 1 7 0 1 254 6 1 1 1 1 1 0 0 0 0 1 1 0 0 1 165 255 252 245 235 210 188 1 0 0 1 4 3 2 2 5 10 2 1 0 1 1 1 2 2 1 1 1 1 1 1 1 1 1 1 1 1 1 1 26 1 0 0 1 1 0 1 1 3 1 1 0 0 1 1 1 1 248 1 0 1 1 0 1 0 10 27 0 1 44 171 1 1 0 0 0 0 0 0 0 0 0 0 0 0 0 0 0 0 0 0 0 0 0 0 0 0 0 0 0 0 0 0 0 0 0 0 0 0 0 0 0 0 0 0 0 0 0 0 0 0 0 0 0 0 0 1 20 47 0 0 0 0 0 0 0 0 0 0 0 0 0 0 0 0 0 0 0 0 0 0 0 1 1 1 1 0 1 1 1 1 1 237 240 0 0 0 1 243 255 255 11 1 0 0 0 0 0 0 0 0 0 0 0 0 0 0 0 0 0 1 2 1 2 3 1 0 0 0 0 1 0 0 1 1 0 0 0 0 1 2 255 174 1 16 254 215 1 10 1 250 226 1
0 0 0 0 0 1 5 22 1 0 0 0 0 0 1 2 1 142 134 1 1 0 0 0 0 0 0 0 0 0 1 1 0 1 2 115 1 1 0 0 0 1 1 1 1 1 1 1 1 4 199 255 255 255 255 255 124 4 1 1 1 1 1 1 0 0 0 1 1 9 45 1 25 20 2 1 1 1 1 1 1 113 1 1 1 1 1 1 1 1 2 246 255 246 1 0 0 0 0 0 0 0 0 0 1 22 26 1 1 1 1 32 59 1 0 0 0 0 0 0 0 0 0 0 0 0 0 0 0 1 1 50 1 1 1 2 224 253 246 3 1 1 1 1 1 1 16 4 4 140 144 249 1 167 1 254 223 1 1 1 0 0 0 0 0 0 1 1 0 0 0 0 0 0 0 0 0 0 1 1 1 1 1 0 0 0 0 0 0 0 0 0 0 0 0 0 0 0 0 0 0 1 1 3 5 1 1 0 0 0 0 1 1 1 22 241 7 1 0 0 0 0 0 0 0 0 0 0 0 0 0 0 0 0 1 6 2 1 5 1 1 1 1 5 151 6 1 1 1 1 13 8 247 1 1 0 0 0 0 0 0 0 1 1 1 1 0 0 0 1 7 1 36 252 1 1 1 0 1 1 0 0 0 0 1 1 0 0 0 1 56 254 228 248 201 245 196 1 2 5 1 1 1 1 1 1 3 3 1 1 3 2 1 2 3 3 1 1 1 1 1 1 1 1 1 1 0 5 10 1 0 0 1 2 1 1 2 2 1 1 1 1 1 1 1 1 248 1 0 1 1 1 1 1 1 73 0 0 1 4 182 15 1 0 0 0 0 0 0 0 0 0 0 0 0 0 0 0 0 0 0 0 0 0 0 0 0 0 0 0 0 0 0 0 0 0 0 0 0 0 0 0 0 0 0 0 0 0 0 0 0 0 0 0 0 1 116 1 0 0 0 0 0 0 0 0 0 0 0 0 0 0 0 0 0 0 0 0 0 0 0 1 1 1 1 0 1 1 1 1 1 1 255 1 0 0 0 0 1 226 255 255 35 0 0 0 0 0 0 0 0 0 0 0 0 0 0 0 0 0 1 2 1 3 1 0 0 0 0 1 1 1 1 1 0 0 0 0 0 1 3 254 255 255 78 1 0 10 1 2 255 2
0 0 0 0 1 16 7 1 1 1 0 0 0 0 0 2 1 200 5 1 1 0 0 0 0 0 0 0 0 0 1 1 0 0 1 7 99 1 0 1 1 1 1 1 1 1 1 5 111 250 255 255 255 193 5 1 1 1 1 1 1 1 0 0 0 0 1 1 1 10 42 1 1 2 16 30 30 30 31 30 25 4 28 1 1 0 1 1 1 1 233 197 233 255 1 0 0 0 0 0 0 0 0 0 0 1 73 3 1 1 2 80 46 1 1 1 0 0 0 0 0 0 0 0 0 0 1 1 1 1 1 4 24 2 220 253 246 7 1 1 1 1 1 1 1 18 1 1 1 1 249 177 1 171 1 2 254 73 1 0 0 0 0 0 0 1 1 0 0 0 0 0 0 0 0 0 0 0 0 0 0 1 1 1 0 0 0 0 0 0 0 0 0 0 0 0 0 0 0 0 0 0 1 4 4 1 1 1 0 0 0 0 1 1 1 78 238 3 1 0 0 0 0 0 0 0 0 1 0 0 0 0 0 1 6 2 0 1 1 6 1 1 1 78 92 6 1 0 1 5 4 15 247 1 0 0 0 0 0 0 0 0 0 0 1 1 0 0 0 2 8 4 252 152 1 1 0 0 0 1 0 0 0 0 0 1 1 1 0 1 47 245 253 239 1 1 232 237 16 1 1 1 0 0 1 1 1 1 5 2 1 1 1 1 1 1 4 1 1 1 1 1 1 1 1 1 1 23 1 0 0 0 0 1 1 0 1 1 0 1 1 1 1 1 1 1 248 2 0 1 1 0 1 1 1 75 0 0 0 0 1 155 89 1 1 0 0 0 0 0 0 0 0 0 0 0 0 0 0 0 0 0 0 0 0 0 0 0 0 0 0 0 0 0 0 0 0 0 0 0 0 0 0 0 0 0 0 0 0 0 0 0 0 0 1 21 46 0 0 0 0 0 0 0 0 0 0 0 0 0 0 0 0 0 0 0 0 0 0 0 0 0 1 1 1 1 1 0 0 1 1 1 242 235 0 0 0 0 0 1 1 194 255 255 123 1 0 0 0 0 0 0 0 0 0 0 0 0 0 0 0 0 0 1 4 1 0 0 0 0 1 1 1 0 0 0 0 0 0 1 1 186 228 7 4 1 0 10 0 1 212 255
6 1 1 4 21 1 1 0 0 0 0 0 0 0 0 2 1 204 1 1 1 0 0 0 0 0 0 0 0 0 0 1 1 0 0 1 84 11 1 1 1 1 1 1 4 71 240 255 255 255 216 17 250 193 1 1 1 0 1 1 1 1 1 1 1 1 1 0 1 1 83 1 1 1 1 1 1 1 1 1 1 0 15 6 1 1 1 1 1 11 246 1 63 255 1 0 0 0 0 0 0 0 0 0 0 0 1 90 2 66 96 9 1 0 0 0 0 0 0 0 0 0 0 0 1 1 1 0 1 1 1 2 222 253 246 9 1 1 1 1 1 0 0 1 11 3 0 1 1 1 254 1 86 58 0 1 91 254 4 1 0 0 0 0 1 1 0 0 0 0 0 0 0 0 0 0 0 0 0 0 1 1 1 1 0 0 0 0 0 0 0 0 0 0 0 0 0 0 0 0 0 1 1 1 8 1 1 1 0 0 0 0 0 1 1 1 143 235 2 1 0 0 0 0 0 0 1 1 0 0 0 0 1 6 2 0 0 0 1 1 5 1 4 156 8 2 1 1 1 14 1 59 243 1 0 0 0 0 0 0 0 0 0 0 0 0 0 1 1 225 233 246 235 1 1 0 0 0 0 1 1 0 0 0 1 2 2 3 6 88 110 3 235 250 1 1 3 184 239 129 1 1 1 1 1 0 1 1 1 1 1 1 1 1 1 1 2 3 3 1 1 1 0 0 1 1 1 18 1 0 0 0 0 0 0 0 0 0 0 0 1 0 1 0 1 1 248 1 0 0 1 0 1 1 1 76 0 0 0 0 0 1 86 155 1 1 0 0 0 0 0 0 0 0 0 0 0 0 0 0 0 0 0 0 0 0 0 0 0 0 0 0 0 0 0 0 0 0 0 0 0 0 0 0 0 0 0 0 0 0 0 0 0 0 1 118 1 0 0 0 0 0 0 0 0 0 0 0 0 0 0 0 0 0 0 0 0 0 0 0 0 0 1 1 1 1 1 0 0 1 1 1 3 255 1 0 0 0 0 0 0 0 1 114 255 255 251 3 1 0 0 0 0 0 0 0 0 0 0 0 0 0 0 0 1 2 0 0 0 0 1 1 0 0 0 0 0 0 1 1 222 168 1 0 1 5 3 10 0 0 0 68
1 8 19 6 1 1 0 0 0 0 0 0 0 0 0 2 1 203 2 1 1 1 0 0 0 0 0 0 0 0 0 1 1 1 1 1 2 114 1 1 1 3 40 222 255 255 255 235 39 63 3 1 12 251 2 1 1 1 1 1 1 0 0 0 0 0 1 1 1 1 89 1 0 0 0 0 1 1 1 0 0 0 1 42 1 1 1 1 1 243 113 1 4 255 1 0 0 0 0 0 0 0 0 0 0 0 1 7 181 12 1 1 0 0 0 0 0 0 0 0 0 0 0 0 0 0 1 1 1 2 206 251 243 52 2 1 1 1 1 1 0 0 0 3 10 0 0 1 0 235 237 1 169 1 0 0 1 226 251 1 1 0 1 1 1 0 0 0 0 0 0 0 0 0 0 0 0 0 0 1 1 1 1 1 1 0 0 0 0 0 0 0 0 0 0 0 0 0 0 0 1 1 1 1 1 7 1 1 1 0 0 0 0 0 1 1 1 183 230 1 0 0 0 0 0 0 1 0 0 0 0 1 6 2 0 0 0 0 0 1 2 8 123 31 8 1 1 1 5 5 1 243 67 1 0 0 0 0 0 0 0 0 0 0 0 0 0 1 205 139 1 244 6 1 0 0 0 0 0 0 1 0 0 0 2 0 0 1 1 95 11 1 2 255 2 1 1 1 58 235 220 4 1 1 0 0 1 1 0 1 1 0 0 0 1 1 2 1 1 4 3 2 2 2 2 2 1 18 1 0 1 1 1 0 0 0 0 0 1 1 1 1 1 1 1 235 197 1 0 0 1 0 1 1 3 55 0 0 0 0 0 0 1 15 187 7 1 0 0 0 0 0 0 0 0 0 0 0 0 0 0 0 0 0 0 0 0 0 0 0 0 0 0 0 0 0 0 0 0 0 0 0 0 0 0 0 0 0 0 0 0 0 0 1 19 50 0 0 0 0 0 0 0 0 0 0 0 0 0 0 0 0 0 0 0 0 0 0 0 0 0 1 1 0 1 1 1 0 0 0 1 1 0 247 225 1 0 0 0 0 0 0 0 0 1 3 255 255 255 255 255 216 26 1 0 0 0 0 0 0 0 0 0 0 0 3 1 0 0 0 0 1 0 0 0 0 0 1 24 235 50 1 0 0 0 0 2 18 0 0 0 0
1 5 1 1 0 0 0 0 0 0 0 0 0 0 1 2 1 183 53 1 0 1 0 0 0 0 0 0 1 1 1 1 1 1 1 1 1 78 23 16 204 255 255 255 249 68 3 1 47 2 1 1 1 223 244 1 1 1 1 0 0 0 0 0 0 1 1 0 0 1 88 1 1 0 0 0 0 1 1 0 0 0 0 1 39 1 1 1 109 243 1 1 1 255 3 0 0 0 0 0 0 0 0 0 0 0 0 1 121 50 1 1 0 0 0 0 0 0 0 0 0 0 0 0 1 1 1 2 197 251 246 17 1 15 1 0 0 0 0 0 0 0 1 18 1 0 0 1 1 254 1 124 18 1 0 0 0 1 247 240 1 1 1 0 0 0 0 0 0 0 0 0 0 0 0 0 0 1 1 1 0 0 0 1 1 1 0 0 0 0 0 0 0 0 0 0 0 0 0 1 1 1 0 0 1 2 6 1 1 1 0 0 0 0 1 1 1 1 207 224 1 0 0 0 0 0 1 0 0 0 1 6 2 0 0 0 0 0 0 0 1 122 69 4 3 1 1 1 15 1 5 247 1 0 0 0 0 0 0 0 0 0 0 0 0 0 1 1 231 4 172 238 1 1 0 0 0 0 0 0 1 0 0 0 2 0 0 0 0 2 111 0 1 253 212 1 1 0 1 7 202 235 26 1 0 1 1 1 1 1 1 1 1 1 1 1 3 1 0 1 1 1 1 1 1 1 2 15 3 1 1 1 1 0 0 0 0 1 1 1 1 1 2 232 248 200 1 1 1 0 1 1 1 1 65 2 0 0 0 0 0 0 0 1 1 168 121 1 0 0 0 0 0 0 0 0 0 0 0 0 0 0 0 0 0 0 0 0 0 0 0 0 0 0 0 0 0 0 0 0 0 0 0 0 0 0 0 0 0 0 0 0 0 1 117 1 0 0 0 0 0 0 0 0 0 0 0 0 0 0 0 0 0 0 0 0 0 0 0 0 1 1 0 0 1 1 1 1 0 0 1 1 0 8 255 1 0 0 0 0 0 0 0 0 0 0 0 1 1 27 248 255 255 255 255 245 1 0 0 0 0 0 0 0 0 1 3 0 0 0 0 0 0 0 0 0 1 143 226 2 1 0 0 0 0 0 1 19 0 0 0 1
6 1 1 0 0 0 0 0 0 0 0 0 0 0 1 2 0 13 195 1 1 0 0 0 0 0 1 1 1 1 1 1 1 1 1 1 8 180 254 255 255 253 108 4 1 1 1 45 1 1 1 0 1 1 251 125 1 1 1 1 1 0 0 1 1 1 0 0 0 29 17 1 1 0 0 0 1 2 11 2 1 0 0 0 10 11 1 1 246 19 1 1 1 255 86 1 0 1 1 1 1 1 1 0 0 0 0 1 17 136 2 1 1 0 0 0 0 0 0 0 0 0 0 1 1 1 179 251 246 26 1 1 14 1 1 0 0 0 0 0 0 1 17 1 0 0 0 1 240 230 4 156 1 0 0 0 0 0 1 254 193 1 1 0 0 0 0 0 0 0 0 0 0 0 0 0 1 1 1 1 0 0 0 0 1 1 1 0 0 0 0 0 0 0 0 0 0 1 1 1 0 0 0 0 0 1 4 4 1 1 1 0 0 1 1 0 0 1 1 224 209 1 0 0 0 1 1 0 0 1 6 2 0 0 0 0 0 0 0 1 1 173 3 6 1 0 1 2 11 1 214 229 1 0 0 0 0 0 0 0 0 0 0 0 0 0 1 205 111 10 244 4 1 1 1 0 0 0 0 0 1 1 0 0 1 1 0 0 0 1 123 1 0 220 252 1 0 0 0 0 1 114 236 32 1 1 0 1 1 1 1 1 1 1 1 1 3 1 0 1 0 1 1 1 1 1 1 2 15 1 1 1 1 1 1 1 1 1 1 1 9 241 248 206 2 16 0 1 1 0 0 1 1 1 76 1 0 0 0 0 0 0 0 0 0 1 54 190 47 1 0 0 0 0 0 0 0 0 0 0 0 0 0 0 0 0 0 0 0 0 0 0 0 0 0 0 0 0 0 0 0 0 0 0 0 0 0 0 0 0 0 0 1 24 42 0 0 0 0 0 0 0 0 0 0 0 0 0 0 0 0 0 0 0 0 0 0 0 0 0 1 1 0 0 0 1 1 1 1 0 1 1 0 0 251 210 0 0 0 0 0 0 0 0 0 0 0 0 0 0 0 0 0 1 5 255 255 22 0 0 0 0 0 0 0 0 2 2 0 0 0 0 0 0 0 1 207 202 1 0 1 1 1 0 0 0 3 11 0 0 0 98
60 1 0 0 0 0 0 0 0 0 0 0 0 0 1 1 0 1 202 2 1 1 0 0 0 1 1 1 1 1 1 1 1 4 97 250 255 255 255 149 5 1 1 1 1 1 44 1 1 1 0 1 1 1 36 251 1 1 0 1 1 1 1 1 0 0 0 0 1 79 2 1 1 1 0 1 6 8 1 10 5 1 0 1 1 32 2 195 236 1 1 1 1 255 252 1 1 7 13 10 2 1 1 1 1 1 1 2 14 3 122 1 1 0 0 0 0 0 0 0 0 0 1 1 151 251 248 37 1 1 1 1 2 12 1 0 0 0 0 0 0 7 4 0 0 0 0 1 254 1 163 2 1 0 0 0 0 0 0 11 254 18 1 1 0 0 0 0 0 0 0 0 0 0 0 1 1 1 0 0 0 0 0 0 0 1 1 0 0 0 0 0 0 0 0 0 1 1 1 1 0 0 0 0 0 1 1 5 3 1 1 1 0 1 0 0 0 0 1 1 231 181 1 0 0 1 0 0 1 6 2 0 0 0 0 0 0 0 0 1 20 142 1 5 1 1 1 15 1 1 247 1 0 0 0 0 0 0 0 0 0 0 0 0 0 1 1 231 1 244 23 1 0 0 1 0 0 0 0 0 0 1 0 0 1 2 1 1 1 1 75 10 0 3 255 1 0 0 0 0 0 1 111 236 5 1 0 1 1 0 0 1 0 1 1 1 3 1 1 1 1 1 1 1 1 1 1 1 18 1 1 1 1 1 0 1 1 1 64 242 248 156 1 1 1 16 0 1 1 0 0 1 1 1 76 0 0 0 0 0 0 0 0 0 0 0 0 4 171 206 46 1 0 0 0 0 0 0 0 0 0 0 0 0 0 0 0 0 0 0 0 0 0 0 0 0 0 0 0 0 0 0 0 0 0 0 0 0 0 0 0 0 1 117 1 0 0 0 0 0 0 0 0 0 0 0 0 0 0 0 0 0 0 0 0 0 0 0 0 1 1 0 0 0 0 1 1 1 1 1 1 1 0 0 21 254 1 0 0 0 0 0 0 0 0 0 0 0 0 0 0 0 0 0 0 1 124 255 22 0 0 0 0 0 0 0 0 4 1 0 0 0 0 0 4 229 115 2 2 0 0 0 1 1 0 1 19 1 0 0 1 255
4 49 1 0 0 0 0 0 0 0 0 0 0 0 2 1 0 1 107 163 1 1 1 1 1 1 1 1 1 1 3 54 240 255 255 255 199 8 108 4 1 1 1 1 1 46 1 1 1 1 1 1 1 1 1 236 237 1 1 0 1 1 1 1 1 1 0 0 1 84 1 0 1 1 1 5 5 1 1 1 11 11 2 1 1 1 45 246 19 4 17 53 92 252 255 175 186 175 169 175 184 155 121 65 34 24 23 17 2 1 38 69 1 0 0 0 0 0 0 1 1 1 127 251 248 54 1 1 1 0 1 1 1 4 5 1 0 0 0 0 2 13 1 0 0 0 0 2 254 2 163 1 0 0 0 0 0 0 0 1 182 254 2 1 0 0 0 0 0 0 0 0 0 0 1 1 0 0 0 0 0 0 0 0 0 1 1 1 0 0 0 0 0 0 1 1 1 1 0 0 0 0 0 0 0 0 1 1 8 2 1 1 1 1 0 0 0 0 0 1 2 236 126 1 0 1 0 1 6 2 0 0 0 0 0 0 0 0 0 1 131 30 4 2 1 1 2 9 1 7 247 1 0 0 0 0 0 0 0 0 0 0 0 0 0 1 166 179 241 119 1 0 0 0 1 0 0 0 0 0 0 1 0 0 1 2 1 1 0 0 2 108 0 1 255 76 0 0 0 0 0 0 1 180 228 1 1 1 1 0 1 1 1 0 0 1 3 1 1 1 1 1 1 1 1 1 1 1 5 5 0 0 1 1 1 2 174 248 245 140 1 1 1 3 14 30 1 1 1 0 0 1 1 1 74 0 0 0 0 0 0 0 0 0 0 0 0 16 1 1 163 204 17 0 0 0 0 0 0 0 0 0 0 0 0 0 0 0 0 0 0 0 0 0 0 0 0 0 0 0 0 0 0 0 0 0 0 0 0 0 0 1 46 22 0 0 0 0 0 0 0 0 0 0 0 0 0 0 0 0 0 0 0 0 0 0 0 1 1 1 0 0 0 0 0 1 1 1 1 1 1 1 0 0 0 251 184 0 0 0 0 0 0 0 0 0 0 0 0 0 0 0 0 0 0 0 0 99 255 1 0 0 0 0 0 0 0 1 4 0 0 0 0 27 233 10 0 0 1 3 1 0 0 0 0 6 6 0 0 0 251 229
0 4 49 1 0 0 0 0 0 0 0 0 0 0 1 1 0 0 1 204 1 1 1 1 1 1 1 2 24 218 255 255 255 228 17 1 1 1 2 108 1 1 1 2 44 1 1 0 1 1 1 1 0 0 1 1 251 28 2 8 54 58 21 4 1 1 1 1 1 87 1 1 1 1 3 9 1 0 0 1 1 2 9 14 16 38 170 249 64 68 74 13 65 201 255 2 5 1 1 4 4 41 88 139 160 164 164 163 164 161 161 203 10 1 0 0 0 1 1 1 142 251 248 66 1 1 1 0 0 1 1 1 0 1 11 2 1 0 0 1 20 1 0 0 0 0 0 11 254 120 21 1 0 0 0 0 0 0 0 0 1 238 249 1 1 0 0 0 0 0 0 0 1 1 1 1 0 0 0 0 0 0 0 0 0 0 1 1 1 0 0 0 0 1 1 1 1 0 0 0 0 0 0 0 0 0 0 1 1 8 2 1 1 0 0 0 0 0 0 0 1 3 240 56 1 1 1 6 2 0 0 0 0 0 0 0 0 0 1 1 156 13 8 1 1 2 9 1 1 243 93 1 0 0 0 0 0 0 0 0 0 0 0 0 1 1 231 227 211 1 1 0 0 0 1 1 0 0 0 0 0 1 1 0 0 1 1 0 0 0 1 117 1 0 246 242 0 0 0 0 0 0 1 50 193 207 2 1 0 1 1 1 1 1 0 0 3 1 1 1 0 1 1 1 1 1 1 1 1 19 1 1 1 17 238 248 238 22 1 1 0 0 1 1 1 26 1 1 1 0 0 1 1 5 41 0 0 0 0 0 0 0 0 0 0 0 0 17 1 0 0 1 184 202 5 0 0 0 0 0 0 0 0 0 0 0 0 0 0 0 0 0 0 0 0 0 0 0 0 0 0 0 0 0 0 0 0 0 0 0 0 1 115 0 0 0 0 0 0 0 0 0 0 0 0 0 0 0 0 0 0 0 0 0 0 0 1 1 0 0 0 0 0 0 0 0 1 0 1 1 1 1 0 0 0 35 254 1 0 0 0 0 0 0 0 0 0 0 0 0 0 0 0 0 0 0 0 0 253 254 0 0 0 0 0 0 2 2 4 5 5 6 3 235 3 0 0 0 0 0 1 1 0 0 1 19 1 0 0 86 255 1
1 0 6 44 1 0 1 1 1 1 1 1 1 1 1 1 1 1 1 177 69 1 1 1 1 8 188 255 255 255 246 46 2 1 1 1 1 1 1 10 111 1 2 40 1 1 1 1 1 0 1 1 0 0 1 3 195 253 85 52 7 6 27 63 86 11 1 1 1 88 1 1 0 1 16 1 0 0 0 0 1 1 2 21 24 10 212 233 1 3 13 1 19 23 255 1 3 1 1 2 1 1 1 1 1 1 1 1 1 1 2 5 180 1 0 1 1 1 136 251 248 51 1 1 1 1 0 0 1 1 1 0 0 0 1 17 1 1 1 14 2 0 0 0 0 1 15 228 249 172 1 1 0 0 0 0 0 0 0 0 0 1 251 232 1 1 0 0 0 0 0 1 1 1 1 1 0 0 0 0 0 0 0 0 0 0 0 1 1 1 0 0 1 1 1 0 0 0 0 0 0 0 0 0 0 0 0 0 1 1 10 1 1 1 0 0 0 0 0 0 0 1 8 242 14 1 6 2 1 0 0 0 0 0 0 0 0 0 1 1 131 63 4 2 3 12 1 1 1 247 1 1 0 0 0 0 0 0 0 0 0 0 0 0 1 57 223 244 2 1 0 0 0 0 0 1 0 0 0 0 0 0 1 0 0 1 2 0 0 0 0 89 2 0 119 254 1 0 0 0 1 1 1 1 115 233 135 1 1 1 0 0 1 1 0 0 4 1 1 1 0 0 0 0 0 0 1 1 1 21 1 170 248 248 185 3 2 1 1 1 1 0 1 0 0 20 3 1 1 0 0 1 1 57 2 0 0 0 0 0 0 0 0 0 0 0 0 18 0 0 0 0 0 2 198 195 2 0 0 0 0 0 0 0 0 0 0 0 0 0 0 0 0 0 0 0 0 0 0 0 0 0 0 0 0 0 0 0 0 0 1 95 4 0 0 0 0 0 0 0 0 0 0 0 0 0 0 0 0 0 0 0 0 0 0 1 1 0 0 0 0 0 0 0 0 0 1 0 0 1 1 1 0 0 0 0 253 148 0 0 0 0 0 0 0 0 0 0 0 0 0 0 0 0 0 0 0 0 1 255 7 0 0 0 0 0 2 1 0 1 1 1 5 226 39 1 0 0 0 0 0 0 0 0 4 8 0 0 1 255 10 0
1 1 0 8 37 1 1 0 0 0 0 0 0 0 1 2 1 1 1 2 202 1 3 115 253 255 255 252 80 2 1 1 1 1 1 1 1 1 1 1 29 77 40 1 1 1 1 0 0 0 0 1 1 0 1 94 3 245 223 1 1 1 1 1 1 69 26 44 65 131 1 1 1 1 14 1 1 0 1 1 13 25 15 1 1 1 241 161 1 7 8 3 7 3 255 1 2 2 2 1 1 1 1 1 1 1 1 1 1 1 1 1 22 154 1 1 92 251 248 48 1 1 1 1 1 1 1 1 1 1 1 0 0 0 0 1 13 1 5 6 1 1 1 1 12 113 53 251 215 186 1 0 0 0 0 0 0 0 0 0 0 1 2 254 140 1 1 0 0 0 1 1 1 0 0 1 1 0 0 0 0 0 0 0 0 0 0 0 1 1 1 1 1 1 0 0 0 0 0 0 0 0 0 0 0 0 0 0 0 1 1 10 1 1 0 0 0 0 0 0 0 1 1 33 242 21 2 1 0 0 0 0 0 0 0 0 0 0 1 1 176 15 1 1 2 11 1 1 202 233 1 0 0 0 0 0 0 0 0 0 0 0 0 0 1 230 243 74 1 0 0 0 0 0 0 0 0 0 0 0 0 0 1 0 0 0 2 0 1 1 1 16 36 0 1 255 2 0 1 1 1 0 1 1 6 7 241 14 1 1 1 1 1 1 1 1 3 1 1 1 1 1 1 1 1 1 1 2 30 242 250 238 19 2 3 2 2 3 1 1 1 0 1 0 0 23 1 3 3 2 2 2 1 68 1 0 0 0 0 0 0 0 0 0 0 0 0 18 0 0 0 0 0 0 0 7 203 178 1 0 0 0 0 0 0 0 0 0 0 0 0 0 0 0 0 0 0 0 0 0 0 0 0 0 0 0 0 0 0 0 8 78 0 0 0 0 0 0 0 0 0 0 0 0 0 0 0 0 0 0 0 0 0 0 1 1 0 0 0 0 0 0 0 0 0 0 1 0 0 1 1 1 1 0 0 0 68 254 1 0 0 0 0 0 0 0 0 0 0 0 0 0 0 0 0 0 0 0 0 195 255 1 0 0 0 0 1 2 0 0 0 0 3 196 244 79 1 0 0 0 0 0 0 1 18 1 0 0 242 242 1 0
1 0 1 1 12 30 1 0 0 0 0 0 1 1 1 2 1 1 1 2 212 250 255 255 255 123 2 1 1 1 1 1 1 0 0 1 1 1 1 1 4 148 47 1 1 0 0 0 0 0 0 0 1 1 8 67 1 2 252 3 1 0 1 1 1 1 29 12 6 155 1 1 10 16 1 1 1 7 23 20 2 1 1 1 1 1 246 13 1 9 7 14 1 1 255 2 1 1 1 0 1 1 0 0 0 1 1 1 1 1 1 1 1 117 152 248 251 75 1 1 0 0 1 1 1 1 1 1 1 1 1 1 1 1 1 0 8 17 18 1 0 1 11 141 90 1 1 254 217 13 1 0 0 0 0 0 0 0 0 0 0 0 1 50 254 8 1 1 1 1 1 1 0 0 0 0 1 1 0 0 0 0 0 0 0 0 0 0 0 1 1 1 1 0 0 0 0 0 0 0 0 0 0 0 0 0 0 0 0 0 1 1 9 1 1 0 0 0 0 0 0 0 1 1 107 241 2 1 0 0 0 0 0 0 0 0 0 1 1 2 192 1 1 1 3 7 1 1 247 1 1 0 0 0 0 0 0 0 0 0 0 0 0 1 7 240 241 1 1 0 0 0 0 0 0 0 0 0 0 0 0 0 1 1 0 0 1 1 1 1 1 8 81 0 1 253 204 1 1 1 1 1 1 1 5 1 29 241 29 1 1 1 1 1 1 1 3 1 1 1 1 1 1 1 1 3 176 245 248 194 5 2 3 2 1 1 1 1 3 1 1 0 0 0 1 19 0 0 0 1 2 1 1 69 0 0 0 0 0 0 0 0 0 0 0 0 1 18 0 0 0 0 0 0 0 0 1 26 208 164 1 0 0 0 0 0 0 0 0 0 0 0 0 0 0 0 0 0 0 0 0 0 0 0 0 0 0 0 0 1 117 1 0 0 0 0 0 0 0 0 0 0 0 0 0 0 0 0 0 0 0 0 0 1 1 0 0 0 0 0 0 0 0 0 0 0 1 0 1 1 1 1 1 1 0 0 1 254 104 0 0 0 0 0 0 0 0 0 0 0 0 0 0 0 0 0 0 0 0 0 255 228 0 0 0 0 0 2 1 0 0 1 193 55 2 233 149 1 0 0 0 0 0 3 9 0 0 39 255 1 0 0
1 1 1 0 1 16 34 1 0 0 1 1 1 1 1 2 1 7 235 255 255 255 146 2 58 1 1 1 1 1 1 1 1 1 1 1 0 1 1 5 32 1 51 29 1 1 1 1 1 1 1 1 1 8 94 1 1 1 199 250 1 1 1 0 0 1 1 1 1 117 16 11 2 1 3 22 21 4 1 1 1 1 1 1 0 1 247 2 1 14 6 8 2 1 255 19 1 1 1 1 1 0 0 0 1 1 0 0 1 1 1 1 9 245 251 149 1 1 1 0 1 1 1 0 0 1 1 1 0 0 0 0 0 0 1 1 26 173 141 98 102 141 97 1 1 0 1 254 217 8 1 0 0 0 0 0 0 0 0 0 0 0 0 1 214 254 2 1 1 1 0 0 0 0 0 0 1 1 1 0 0 0 0 0 0 0 0 0 0 1 1 1 1 1 0 0 0 0 0 0 0 0 0 0 0 0 0 0 0 0 1 1 1 8 1 1 0 0 0 0 0 0 1 2 2 158 236 1 1 1 0 0 0 0 0 0 1 1 1 82 125 1 1 1 14 1 1 4 247 1 1 0 0 0 0 0 0 0 0 0 0 0 0 1 228 247 11 1 0 0 0 0 0 0 0 0 0 0 0 0 0 0 0 1 0 0 1 2 0 0 1 2 89 1 1 230 251 1 1 0 1 0 0 1 5 1 1 24 241 246 245 245 245 246 246 244 247 250 250 250 250 250 250 250 251 251 242 153 4 16 5 2 1 1 1 1 1 1 1 3 2 1 0 0 17 2 0 0 0 1 2 1 2 58 0 0 0 0 0 0 0 0 0 0 0 0 5 5 0 0 0 0 0 0 0 0 0 0 1 49 208 126 1 0 0 0 0 0 0 0 0 0 0 0 0 0 0 0 0 0 0 0 0 0 0 0 0 0 0 51 20 0 0 0 0 0 0 0 0 0 0 0 0 0 0 0 0 0 0 0 0 0 1 1 0 0 0 0 0 0 0 0 0 0 0 1 1 1 1 1 0 1 1 1 1 0 0 109 254 1 0 0 0 0 0 0 0 0 0 0 0 0 0 0 0 0 0 0 0 0 1 255 1 1 0 0 0 1 2 0 1 164 117 0 0 1 218 201 1 0 0 0 0 18 1 0 1 255 22 0 0 1
1 1 1 0 0 1 11 51 1 1 1 1 1 1 4 221 255 255 255 197 179 1 1 1 48 1 1 1 1 1 1 1 1 1 0 1 1 1 7 43 1 1 1 83 9 1 1 1 18 118 138 139 136 62 1 1 0 1 1 250 199 1 0 0 0 0 0 0 1 19 142 11 18 23 8 1 1 1 1 1 1 1 1 0 0 1 247 1 1 20 3 1 11 1 255 216 1 1 0 1 1 1 1 1 1 1 1 1 1 1 3 233 250 168 1 1 1 1 1 1 1 0 0 0 1 1 0 0 0 0 0 0 0 0 0 1 115 6 1 7 8 1 0 1 1 0 1 254 115 181 1 0 0 0 0 0 0 0 0 0 0 0 0 0 1 243 247 2 1 0 0 0 0 0 0 0 0 1 1 1 0 0 0 0 0 0 0 0 0 0 1 1 1 1 1 0 0 0 0 0 0 0 0 0 0 0 0 0 0 0 0 1 1 2 6 1 0 0 0 0 0 1 2 2 1 1 209 225 1 1 1 0 0 0 0 1 1 1 1 192 3 1 1 1 13 1 1 242 122 1 1 0 0 0 0 0 0 0 0 0 0 0 0 2 241 241 1 1 0 0 0 0 0 0 0 0 0 0 0 0 0 0 0 1 0 0 0 2 0 1 1 1 27 11 0 7 255 1 0 0 1 1 1 1 3 3 3 1 1 2 4 4 4 4 4 205 167 6 4 4 5 5 7 6 3 1 1 1 3 9 3 2 1 1 1 1 1 1 1 1 4 2 0 0 22 1 0 1 0 0 2 1 26 8 0 0 0 0 0 0 0 0 0 0 0 0 18 1 0 0 0 0 0 0 0 0 0 0 0 0 1 104 208 84 1 0 0 0 0 0 0 0 0 0 0 0 0 0 0 0 0 0 0 0 0 0 0 0 2 113 0 0 0 0 0 0 0 0 0 0 0 0 0 0 0 0 0 0 0 0 0 1 1 0 0 0 0 0 0 0 0 0 0 0 0 1 1 1 1 1 1 1 1 1 1 1 0 1 254 50 0 0 0 0 0 0 0 0 0 0 0 0 0 0 0 0 0 0 0 0 1 246 255 1 0 0 0 0 2 1 156 144 0 0 0 0 1 192 224 2 1 1 2 12 1 0 238 247 0 0 1 235
0 1 1 1 1 1 1 7 52 1 1 2 178 255 255 255 217 1 1 1 173 1 1 1 2 47 7 1 1 1 1 0 0 0 0 1 1 10 32 1 1 2 2 2 108 130 133 129 83 3 1 1 60 1 0 0 0 0 1 4 253 1 1 0 0 0 1 1 1 19 181 16 1 1 1 0 0 1 1 1 1 1 0 0 0 1 247 1 1 27 2 1 11 1 255 255 1 1 0 1 1 1 1 1 1 1 1 1 4 230 248 211 85 1 0 1 1 1 0 0 0 0 0 1 1 0 0 0 0 0 0 0 0 0 0 58 40 1 0 0 0 0 0 0 0 0 1 254 5 218 1 0 0 0 0 0 0 0 0 0 0 0 0 0 1 27 254 227 1 1 0 0 0 0 0 0 0 0 1 1 0 0 0 0 0 0 0 1 0 0 0 1 1 1 1 0 0 0 0 0 0 0 0 0 0 0 0 0 0 0 0 0 1 1 3 5 1 0 0 0 1 2 2 1 1 1 15 242 7 1 1 0 0 1 1 1 1 1 10 186 1 1 1 3 7 1 1 247 1 1 0 0 0 0 0 0 0 0 0 0 0 0 1 219 248 20 1 0 0 0 0 0 0 0 0 0 0 0 0 0 0 0 0 1 1 0 0 1 1 1 1 1 1 81 1 3 255 45 0 0 1 1 0 0 1 1 1 2 4 1 0 1 1 0 1 176 59 1 1 1 1 1 1 1 1 1 1 1 3 7 1 2 2 1 1 1 1 1 1 1 1 5 1 0 3 13 1 1 2 2 2 1 64 1 0 0 0 0 0 0 0 0 0 0 0 0 18 0 0 0 0 0 0 0 0 0 0 0 0 0 0 0 1 142 208 42 0 0 0 0 0 0 0 0 0 0 0 0 0 0 0 0 0 0 0 0 0 0 108 2 0 0 0 0 0 0 0 0 0 0 0 0 0 0 0 0 0 0 0 0 0 1 0 0 0 0 0 0 0 0 0 0 0 0 0 1 1 1 1 1 1 1 1 1 1 1 1 0 146 254 1 0 0 0 0 0 0 0 0 0 0 0 0 0 0 0 0 0 0 0 0 1 255 9 0 0 0 1 1 179 154 18 0 0 0 0 0 1 134 235 4 2 255 255 13 40 255 1 0 1 243 255
1 1 1 1 1 1 1 1 17 154 255 255 255 243 4 1 1 1 1 1 97 79 1 1 1 1 28 6 1 1 0 0 0 0 1 1 12 26 1 1 0 1 1 1 1 1 1 1 1 1 0 1 58 1 1 0 0 0 1 1 222 245 1 1 1 1 7 30 26 3 66 109 34 1 1 1 1 1 0 1 1 1 0 0 0 4 246 1 1 30 1 1 11 1 193 255 1 1 0 1 1 1 1 1 1 1 3 227 247 216 1 1 3 53 1 1 1 0 0 0 0 0 1 1 0 0 0 0 0 0 0 0 0 0 1 123 3 0 0 0 0 0 0 0 0 0 1 254 5 220 1 1 0 0 0 0 0 0 0 0 0 1 1 1 56 48 4 254 79 1 1 0 0 0 0 0 0 0 0 1 1 0 0 0 0 1 1 0 0 0 0 0 1 1 1 0 0 0 0 0 0 0 0 0 0 0 0 0 0 0 0 0 0 0 1 4 3 1 0 1 2 2 1 1 1 1 225 198 19 4 1 1 1 1 1 1 4 125 178 22 1 1 1 5 4 1 154 240 1 0 0 0 0 0 0 0 0 0 0 0 0 0 1 234 244 11 1 1 0 0 0 0 0 0 0 0 0 0 0 0 0 0 0 1 1 0 0 1 1 0 0 0 0 79 2 1 249 241 0 0 0 1 0 0 1 0 0 0 1 2 2 1 1 0 1 117 135 1 1 1 1 1 0 1 1 1 1 0 2 10 1 1 2 1 1 1 1 1 0 1 1 1 4 1 1 21 1 1 1 1 1 1 69 1 0 0 0 0 0 0 0 0 0 0 0 0 18 0 0 0 0 0 0 0 0 0 0 0 0 0 0 0 0 0 1 167 206 12 0 0 0 0 0 0 0 0 0 0 0 0 0 0 0 0 0 0 0 15 63 0 0 0 0 0 0 0 0 0 0 0 0 0 0 0 0 0 0 0 0 0 1 1 0 0 0 0 0 0 0 0 0 0 0 0 1 1 1 1 1 1 1 1 1 1 1 1 1 1 1 254 18 0 0 0 0 0 0 0 0 0 0 0 0 0 0 0 0 0 0 0 0 0 203 255 1 0 1 130 216 68 0 13 12 0 0 0 0 0 1 49 240 255 255 255 255 255 255 255 1 208 255 1
1 1 1 1 1 1 8 248 255 255 253 4 1 1 0 0 0 0 0 1 1 180 1 1 1 1 1 50 1 1 0 0 0 1 1 14 22 1 1 0 0 0 0 0 1 0 0 0 0 0 0 0 3 54 15 1 0 0 0 1 1 251 138 3 25 28 7 1 1 1 1 7 59 72 1 1 1 1 1 1 1 1 0 0 1 104 244 1 1 31 1 1 11 1 20 255 1 0 0 1 1 1 1 1 3 225 247 218 1 1 1 0 1 16 20 0 0 0 0 0 1 1 1 0 0 0 0 0 0 0 0 0 1 40 75 28 1 0 0 0 0 0 0 0 0 0 1 247 200 204 36 1 0 0 0 0 0 0 0 0 1 1 2 95 16 1 1 87 254 4 1 1 0 0 0 0 0 0 0 0 1 1 0 0 1 1 0 0 0 0 0 0 0 1 1 0 0 0 0 0 0 0 0 0 0 0 0 0 0 0 0 0 0 0 0 1 7 2 1 2 2 1 1 1 1 2 242 2 1 30 1 1 1 1 1 1 137 10 49 7 1 1 1 13 1 1 247 2 1 0 0 0 0 0 0 0 0 0 0 0 0 0 197 239 219 38 8 1 0 0 0 0 0 0 0 0 0 0 0 0 0 0 0 0 1 0 0 0 1 0 0 0 0 80 2 1 144 254 1 0 0 1 0 0 1 1 1 1 1 1 2 0 1 1 1 27 191 1 1 1 1 1 1 1 1 1 1 0 1 13 1 1 1 2 1 1 1 1 1 1 1 1 2 4 1 14 2 1 1 2 4 18 48 1 0 0 0 0 0 0 0 0 0 0 0 0 18 0 0 0 0 0 0 0 0 0 0 0 0 0 0 0 0 0 0 0 1 191 199 3 1 0 0 0 0 0 0 0 0 0 0 0 0 0 0 0 1 119 1 0 0 0 0 0 0 0 0 0 0 0 0 0 0 0 0 0 0 0 0 0 1 0 0 0 0 0 0 0 0 0 0 0 0 0 1 1 1 1 1 0 0 0 0 0 1 1 1 1 1 175 253 0 0 0 0 0 0 0 0 0 0 0 0 0 0 0 0 0 0 0 0 0 1 255 193 212 215 134 1 0 0 1 8 16 1 0 0 0 1 1 168 255 3 1 1 1 1 252 255 255 5 1
1 1 1 126 249 255 255 249 5 1 234 206 1 1 0 0 0 0 0 0 1 169 6 1 1 0 1 51 1 1 0 0 1 1 16 20 1 0 0 0 0 0 0 0 0 0 0 0 0 0 0 0 1 1 19 8 1 0 1 1 3 103 254 18 1 1 0 0 0 0 1 1 1 121 2 0 1 1 1 1 1 1 1 1 1 228 220 1 1 27 1 8 2 1 3 255 1 1 1 1 1 1 3 222 247 222 1 1 1 0 0 1 1 1 82 1 0 0 1 1 1 0 0 0 0 0 0 0 0 0 1 36 82 6 4 7 0 0 0 0 0 0 0 0 0 0 0 73 252 10 211 1 0 0 0 0 0 0 0 1 1 7 103 3 1 1 1 1 224 252 1 1 1 0 0 0 0 0 0 0 1 1 1 1 1 0 0 0 0 0 0 0 0 1 1 1 0 0 0 0 0 0 0 0 0 0 0 0 0 0 0 0 0 0 0 0 1 8 4 2 1 0 1 1 1 221 208 1 1 3 29 2 1 1 1 97 30 1 59 3 4 1 1 14 1 2 247 1 1 0 0 0 0 0 0 0 0 0 0 0 0 1 232 228 1 169 158 1 0 0 0 0 0 0 0 0 0 0 0 0 0 0 0 0 1 1 0 0 1 1 1 1 1 20 27 1 1 255 2 0 0 1 1 0 0 1 1 1 1 0 1 1 1 1 1 2 211 1 1 1 1 1 1 1 1 1 1 1 1 16 1 1 0 2 1 1 1 1 1 1 1 1 4 10 25 56 51 27 25 23 15 4 16 1 0 0 0 0 0 0 0 0 0 0 0 1 17 0 0 0 0 0 0 0 0 0 0 0 0 0 0 0 0 0 0 0 0 1 4 202 188 1 1 0 0 0 0 0 0 0 0 0 0 0 0 0 67 13 0 0 0 0 0 0 0 0 0 0 0 0 0 0 0 0 0 0 0 0 0 0 1 0 0 0 0 0 0 0 0 0 0 0 0 1 1 1 1 0 0 0 0 0 0 0 0 1 1 1 1 1 255 7 0 0 0 0 0 0 0 0 0 0 0 0 0 0 0 0 0 0 0 0 1 17 255 40 1 0 0 0 0 0 1 2 11 1 0 0 0 1 255 225 1 1 1 1 1 1 37 17 1 10
255 255 255 255 247 13 1 1 1 0 1 218 212 1 1 0 0 0 0 0 1 2 175 2 1 0 1 12 13 1 0 0 1 20 18 1 0 0 0 0 0 0 0 0 0 0 0 0 0 0 0 0 0 0 1 32 5 1 24 42 24 1 237 240 1 0 0 0 0 0 0 1 1 60 32 0 0 0 0 1 1 0 1 1 1 244 83 1 1 6 27 3 1 1 1 255 2 0 1 1 2 222 247 225 2 1 1 1 0 0 1 1 0 0 3 56 0 0 1 0 0 0 0 0 0 0 0 0 1 12 81 8 1 0 21 1 0 0 0 0 0 0 0 0 0 0 0 1 254 17 212 15 0 0 0 0 0 0 1 1 29 78 1 1 0 0 1 1 1 248 243 1 1 1 0 0 0 0 0 0 0 1 1 1 0 0 0 0 0 0 0 0 0 0 1 1 1 0 0 0 0 0 0 0 0 0 0 0 0 0 0 0 0 0 0 0 1 3 2 1 0 1 1 1 2 242 2 1 0 1 1 28 1 1 2 143 1 17 15 1 2 4 10 2 1 235 199 1 0 0 0 0 0 0 0 0 0 0 0 0 0 117 243 39 1 1 215 1 0 0 0 0 0 0 0 0 0 0 0 0 0 0 0 0 1 1 0 0 1 2 1 1 1 1 87 1 1 253 193 0 0 1 1 1 1 0 0 1 1 1 0 1 1 1 2 4 218 2 1 1 1 1 0 1 1 1 1 1 1 14 2 1 1 1 2 1 1 2 5 6 7 8 4 2 2 4 8 2 2 3 3 3 20 1 0 0 0 0 0 0 0 0 0 0 0 6 4 0 0 0 0 0 0 0 0 0 0 0 0 0 0 0 0 0 0 0 0 0 0 1 13 206 166 1 0 0 0 0 0 0 0 0 0 0 0 1 112 0 0 0 0 0 0 0 0 0 0 0 0 0 0 0 0 0 0 0 0 0 0 1 1 0 0 0 0 0 0 0 0 0 0 0 1 1 1 1 0 0 0 0 0 0 0 0 0 0 1 1 1 1 192 252 3 2 1 0 0 0 0 0 0 0 0 0 0 0 0 0 0 0 0 1 3 1 33 255 24 1 0 0 0 0 0 0 1 1 1 0 1 255 255 1 0 0 0 0 0 0 1 4 14 4
126 1 1 1 7 31 1 1 1 1 1 1 220 202 1 0 0 0 0 0 0 1 11 166 1 1 0 1 47 1 1 1 21 13 1 0 0 0 0 0 0 0 0 0 0 0 0 0 0 0 0 0 1 1 1 10 130 32 2 1 1 1 1 252 32 0 0 0 0 0 0 0 1 55 44 0 0 0 1 1 0 0 0 0 1 246 7 1 0 1 79 1 1 1 1 255 94 1 1 218 247 225 2 1 1 1 1 0 1 1 0 0 0 0 0 43 6 1 1 0 0 0 0 0 0 0 1 5 79 25 1 0 0 1 23 0 0 0 0 0 0 0 0 0 0 0 0 1 234 238 41 205 1 0 0 0 0 1 1 70 34 1 1 0 0 0 0 1 1 1 254 206 1 1 0 0 0 0 0 0 1 1 1 1 0 0 0 0 0 0 0 0 0 0 0 1 1 1 0 0 0 0 0 0 0 0 0 0 0 0 0 0 0 0 0 0 2 2 1 1 0 1 1 1 211 219 1 1 0 0 1 2 21 2 101 16 1 50 1 1 1 3 16 1 1 247 1 1 0 0 0 0 0 0 0 0 0 0 0 0 1 231 228 1 1 0 190 35 0 0 0 0 0 0 0 0 0 0 0 0 0 0 0 0 0 1 0 0 0 1 0 0 0 0 91 1 1 236 250 1 1 1 0 1 1 1 1 1 0 1 1 1 1 1 1 1 214 3 3 1 1 1 1 1 1 1 1 0 1 11 2 1 1 1 2 3 6 4 1 1 1 1 1 3 16 9 4 2 1 1 1 1 14 1 0 0 0 0 0 0 0 0 0 0 0 18 1 0 0 0 0 0 0 0 0 0 0 0 0 0 0 0 0 0 0 0 0 0 0 1 0 1 49 209 134 1 0 0 0 0 0 0 0 0 0 103 3 0 0 0 0 0 0 0 0 0 0 0 0 0 0 0 0 0 0 0 0 0 0 1 0 0 0 0 0 0 0 0 0 0 0 1 1 1 1 1 0 0 0 0 0 0 0 0 0 0 1 1 1 1 1 254 92 2 3 3 3 2 1 0 0 0 0 0 0 0 0 1 1 2 3 3 1 1 1 36 255 13 1 1 0 0 0 0 0 0 0 1 255 255 2 1 0 0 0 0 0 0 0 0 0 0
1 1 1 1 1 4 3 1 1 1 1 1 1 234 139 1 0 0 0 0 0 0 1 31 150 1 1 0 5 22 1 24 11 1 0 0 0 0 0 0 0 0 0 0 0 0 0 0 0 0 1 1 3 19 20 8 51 1 1 0 0 0 1 120 251 1 0 0 0 0 0 0 1 132 1 0 0 0 1 1 0 0 0 0 1 246 2 1 1 1 75 1 1 1 1 255 245 215 247 227 2 1 0 1 1 0 1 1 1 0 0 0 0 0 0 1 82 1 0 0 0 0 0 0 0 1 58 45 1 0 0 0 0 3 10 0 0 0 0 0 0 0 0 0 0 0 0 1 57 252 2 218 1 1 0 0 1 2 111 19 1 1 0 0 0 0 0 1 1 1 5 254 23 1 1 0 0 0 0 1 1 0 0 1 1 0 0 0 0 0 0 0 0 0 0 0 1 1 0 0 0 0 0 0 0 0 0 0 0 0 0 0 0 0 0 1 1 2 1 0 0 1 1 1 242 3 1 1 0 0 1 1 7 100 120 1 4 48 1 1 2 1 2 5 152 240 1 1 0 0 0 0 0 0 0 0 0 0 0 0 33 243 116 1 0 0 3 211 1 0 0 0 0 0 0 0 0 0 0 0 0 0 0 0 0 1 0 0 0 1 0 0 1 1 56 6 1 17 255 1 1 0 0 1 0 0 1 1 0 0 0 0 1 1 1 1 214 0 1 3 0 1 1 1 1 1 1 1 1 8 2 1 1 4 6 6 4 5 9 12 11 10 9 5 3 0 2 1 1 0 0 1 14 1 0 0 0 0 0 0 0 0 0 0 0 18 0 0 0 0 0 0 0 0 0 0 0 0 0 0 0 0 0 0 0 0 0 0 0 1 0 0 0 1 98 209 95 1 0 0 0 0 0 0 1 120 0 0 0 0 0 0 0 0 0 0 0 0 0 0 0 0 0 0 0 0 0 0 0 1 0 0 0 0 0 0 0 0 0 0 0 1 1 1 1 0 0 0 0 0 0 0 0 0 0 0 1 1 0 1 1 49 254 1 0 0 1 2 3 3 1 1 0 0 1 2 3 3 3 2 1 0 1 1 0 1 98 255 252 3 1 0 0 0 0 0 1 255 255 2 1 0 0 0 0 0 0 0 0 0 0 0
1 1 1 1 1 1 1 1 1 1 1 1 1 1 237 139 1 0 0 0 0 0 0 1 75 118 1 1 1 54 30 9 1 0 0 0 0 0 0 0 0 0 0 0 0 0 0 1 1 2 16 20 9 1 1 12 14 0 0 0 0 0 1 1 245 229 1 0 0 0 0 1 7 104 1 1 0 1 1 1 1 1 1 1 1 247 24 11 9 15 28 1 1 1 14 255 255 230 2 1 1 1 1 1 0 0 0 0 0 0 0 0 0 0 0 0 12 27 0 0 0 0 0 1 14 80 3 1 0 0 0 0 0 12 2 0 0 0 0 0 0 0 0 0 0 0 0 0 3 254 1 180 111 1 1 1 13 108 2 2 1 0 0 0 0 0 0 0 1 1 1 155 255 3 1 1 1 1 1 1 0 0 0 1 1 1 0 0 0 0 0 0 0 0 0 0 1 1 1 0 0 0 0 0 0 0 0 0 0 0 0 0 0 0 1 1 1 2 2 0 0 1 1 199 226 1 1 1 1 1 1 35 186 159 45 27 44 7 12 13 5 8 6 14 247 4 1 0 0 0 0 0 0 0 0 0 0 0 0 1 231 231 1 1 0 0 1 215 1 0 0 0 0 0 0 0 0 0 0 0 0 0 0 0 0 1 1 0 0 1 1 1 1 1 2 77 1 1 255 28 1 1 0 1 0 0 0 1 0 0 1 0 0 0 1 6 206 1 1 4 1 1 1 1 2 2 2 1 1 2 15 15 35 24 19 17 14 8 3 2 1 1 0 1 3 2 2 1 1 1 1 1 15 1 0 0 0 0 0 0 0 0 0 0 0 18 0 0 0 0 0 0 0 0 0 0 0 0 0 0 0 0 0 0 0 0 0 0 0 1 0 0 0 0 0 1 138 209 52 0 0 0 0 0 59 16 0 0 0 0 0 0 0 0 0 0 0 0 0 0 0 0 0 0 0 0 0 0 0 1 0 0 0 0 0 0 0 0 0 0 1 1 1 1 0 0 0 0 0 0 0 0 0 0 0 0 0 1 1 1 1 1 239 241 0 0 0 0 0 1 3 3 3 3 3 2 1 0 0 0 0 0 0 0 0 0 1 1 251 255 254 2 1 0 0 1 255 255 1 0 0 0 0 0 0 0 0 0 0 0 0 0
236 1 1 1 1 1 1 1 1 1 1 1 1 1 1 243 2 0 0 0 0 0 0 0 1 102 114 1 1 122 12 1 1 1 0 0 0 0 0 0 0 0 0 0 1 1 1 12 20 13 1 1 1 0 1 48 1 0 0 0 0 0 0 1 2 254 6 0 0 0 1 1 121 4 21 179 10 1 1 1 17 18 16 23 26 249 21 1 1 13 11 1 18 255 255 255 2 1 1 1 0 0 0 0 0 0 0 0 0 0 0 0 0 0 0 0 1 80 1 0 0 1 2 76 24 1 1 0 0 0 0 0 0 23 1 0 0 0 0 0 0 0 0 0 0 0 0 0 1 254 1 1 191 120 1 43 74 1 1 1 3 1 0 0 0 0 0 0 0 1 0 1 235 250 1 1 1 1 0 0 0 0 0 0 1 1 1 0 0 0 0 0 0 0 0 0 0 1 1 1 0 0 0 0 0 0 0 0 0 0 0 0 0 1 1 0 0 1 4 1 0 1 1 242 4 1 1 1 1 20 173 158 5 1 2 6 1 1 1 1 12 1 204 247 170 3 1 0 0 0 0 0 0 0 0 0 0 0 1 176 239 63 1 0 0 0 0 208 7 0 0 0 0 0 0 0 0 0 0 0 0 0 0 0 0 0 1 0 0 0 1 0 0 0 1 93 1 0 250 238 1 1 1 1 1 1 1 1 1 1 1 0 0 0 0 88 164 2 2 5 5 4 1 5 2 1 1 2 5 8 17 9 2 1 1 1 1 1 1 1 1 1 1 1 5 1 2 1 1 1 0 1 15 0 0 0 0 0 0 0 0 0 0 0 0 18 0 0 0 0 0 0 0 0 0 0 0 0 0 0 0 0 0 0 0 0 0 0 0 1 0 0 0 0 0 0 0 1 164 207 15 0 0 0 118 1 0 0 0 0 0 0 0 0 0 0 0 0 0 0 0 0 0 0 0 0 0 0 0 1 0 0 0 0 0 0 0 0 0 1 1 1 1 0 0 0 0 0 0 0 0 0 0 0 0 0 0 1 1 0 1 1 1 254 23 0 0 0 0 0 0 0 0 0 0 0 0 0 0 0 0 0 0 0 0 0 1 1 1 1 248 255 2 0 0 241 255 1 0 0 0 0 0 0 0 0 0 0 0 0 0 0
239 238 1 1 1 1 1 1 1 1 1 1 2 1 1 241 10 1 0 0 0 0 0 0 0 1 144 45 45 30 45 1 1 1 0 0 0 0 0 0 0 0 1 1 10 20 16 2 1 1 0 0 0 0 1 61 1 0 0 0 0 0 0 1 1 193 252 1 1 1 2 152 200 202 212 71 197 177 10 27 2 1 2 1 1 236 209 18 26 5 17 255 255 255 5 1 1 1 0 0 0 0 0 0 0 0 0 0 0 0 0 0 0 0 0 0 1 56 3 0 1 38 65 1 0 0 0 0 0 0 0 0 0 23 0 0 0 0 0 0 0 0 0 0 0 0 0 0 1 254 1 1 1 193 224 88 1 1 1 1 1 3 1 0 0 0 0 0 1 1 1 0 1 250 236 1 1 1 0 0 0 0 0 0 0 1 1 1 0 0 0 0 0 0 0 0 1 1 1 1 1 0 0 0 0 0 0 0 0 0 0 1 1 1 0 0 0 0 4 1 1 1 173 232 1 1 1 0 3 198 20 1 1 1 1 1 1 1 1 3 2 214 239 1 1 2 2 1 0 0 0 0 0 0 0 0 0 1 158 238 147 1 1 0 0 0 0 18 201 1 0 0 0 0 0 0 0 0 0 0 0 0 0 0 0 0 1 0 0 0 1 0 0 0 0 89 1 1 167 254 1 1 1 1 1 1 1 1 1 1 1 1 0 0 0 181 54 1 1 2 1 1 4 1 2 3 3 3 3 1 1 2 1 1 1 1 1 1 1 1 1 1 0 0 5 0 1 1 0 1 1 1 13 0 0 0 0 0 0 0 0 0 0 0 1 17 0 0 0 0 0 0 0 0 0 0 0 0 0 0 0 0 0 0 0 0 0 0 0 1 0 0 0 0 0 0 0 0 0 1 187 201 3 0 117 0 0 0 0 0 0 0 0 0 0 0 0 0 0 0 0 0 0 0 0 0 0 0 0 1 1 0 0 0 0 0 0 0 1 1 1 1 0 0 0 0 0 0 0 0 0 0 0 0 0 0 0 0 1 0 1 1 1 129 254 1 0 0 0 0 0 0 0 0 0 0 0 0 0 0 0 0 0 0 0 1 1 1 1 1 0 236 255 0 2 255 23 0 0 0 0 0 0 0 0 0 0 0 0 0 0 0
1 233 251 158 1 1 1 1 1 1 1 1 1 0 1 241 1 4 1 0 0 0 0 0 0 1 1 189 182 19 2 49 1 1 0 0 1 1 1 1 1 4 19 18 3 1 1 1 1 1 1 1 1 0 1 60 1 0 0 0 0 0 0 0 1 1 249 214 1 67 181 39 1 7 2 1 2 69 208 197 165 178 176 72 4 88 247 2 9 255 255 255 2 1 1 1 1 0 0 0 0 0 0 0 0 0 0 0 0 0 0 0 0 0 0 0 1 5 47 6 75 7 1 1 0 0 0 0 0 0 0 0 1 23 0 0 0 0 0 0 0 0 0 0 0 0 0 0 1 254 1 1 3 88 213 78 1 1 0 1 1 1 3 1 0 0 0 0 1 0 1 1 1 2 255 159 1 1 1 0 0 0 0 0 0 0 1 1 1 0 0 0 0 0 0 1 1 0 0 1 1 1 0 0 0 0 0 0 0 0 1 1 1 0 0 0 0 0 1 4 1 1 242 5 1 1 0 1 138 67 1 1 1 1 1 0 0 1 1 6 24 247 1 1 1 0 1 2 3 2 1 0 0 0 0 0 1 192 239 133 1 1 0 0 0 0 0 1 218 1 0 0 0 0 0 0 0 0 0 0 0 0 0 0 0 0 1 1 0 0 0 0 0 0 0 12 46 1 2 255 10 6 6 6 6 6 6 6 6 6 7 9 20 21 20 219 177 146 146 141 135 128 115 99 90 87 85 84 80 77 75 77 58 57 48 43 41 35 29 28 26 19 15 14 34 24 27 26 26 25 24 24 43 13 6 1 1 1 1 1 0 0 0 0 8 3 0 0 0 0 0 0 0 0 0 0 0 0 0 0 0 0 0 0 0 0 0 0 1 1 0 0 0 0 0 0 0 0 0 0 0 4 203 167 117 1 0 0 0 0 0 0 0 0 0 0 0 0 0 0 0 0 0 0 0 0 0 0 0 1 1 0 0 0 0 0 0 1 1 1 1 0 0 0 0 0 0 0 0 0 0 0 0 0 0 0 0 0 1 1 0 1 1 1 254 130 0 0 0 0 0 0 0 0 0 0 0 0 0 0 0 0 0 0 0 0 0 1 1 1 1 1 255 1 255 255 1 0 0 0 0 0 0 0 0 0 0 0 0 0 0 0
1 1 30 250 250 134 1 1 1 1 1 0 1 0 1 242 1 0 3 1 0 0 0 0 1 1 54 12 4 135 170 80 43 1 1 1 1 1 3 18 19 7 1 1 0 0 0 0 0 0 0 0 0 1 4 32 1 0 0 0 0 0 0 0 1 1 2 254 189 136 1 1 1 1 1 1 1 1 51 11 15 4 7 114 175 154 250 255 255 255 1 1 1 1 1 0 1 0 0 0 0 0 0 0 0 0 0 0 0 0 0 0 0 0 0 0 1 1 152 38 1 0 1 1 1 0 0 0 0 0 0 0 2 12 0 0 0 0 0 0 0 0 0 0 0 0 0 0 1 254 1 8 53 1 219 3 1 0 1 1 1 1 1 2 1 0 0 1 1 0 0 1 1 2 39 255 12 1 1 0 0 0 0 0 0 0 1 1 1 1 0 0 0 0 1 1 0 0 0 0 1 1 0 0 0 0 0 0 0 0 1 1 0 0 0 0 0 0 0 1 4 162 235 1 1 1 0 1 189 6 1 1 1 1 0 1 0 1 6 1 247 7 1 0 0 0 0 0 1 1 3 3 1 0 0 1 213 239 80 1 1 0 0 0 0 0 0 0 214 2 0 0 0 0 0 0 0 0 0 0 0 0 0 0 0 0 1 1 0 0 0 0 0 0 0 1 101 1 1 254 179 0 0 0 0 0 0 0 0 0 0 1 1 1 1 217 10 1 1 1 1 1 1 1 1 1 2 2 2 2 2 2 2 2 3 3 3 4 5 5 5 5 5 6 1 1 1 1 0 1 1 1 1 1 3 13 16 17 17 17 17 15 8 1 17 1 0 0 0 0 0 0 0 0 0 0 0 0 0 0 0 0 0 0 0 0 0 0 1 0 0 0 0 0 0 0 0 0 0 0 1 1 1 52 228 192 1 0 0 0 0 0 0 0 0 0 0 0 0 0 0 0 0 0 0 0 0 0 0 1 0 0 0 0 0 0 1 1 1 1 0 0 0 0 0 0 0 0 0 0 0 0 0 0 0 0 0 0 0 1 0 1 1 1 46 255 1 0 0 0 0 0 0 0 0 0 0 0 0 0 0 0 0 0 0 0 0 0 0 1 1 1 255 1 255 31 1 0 0 0 0 0 0 0 0 0 0 0 0 0 0 0
1 1 1 1 53 250 250 180 1 1 1 0 1 1 1 243 1 1 1 4 1 0 0 1 1 72 9 1 1 1 1 111 188 49 1 3 18 20 10 1 1 1 0 0 0 0 0 0 0 0 0 0 0 1 54 1 1 0 0 0 0 0 0 0 0 1 1 233 252 1 1 1 1 1 1 1 1 1 53 4 1 1 1 1 3 244 255 255 3 1 1 1 1 0 0 0 1 0 0 0 0 0 0 0 0 0 0 0 0 0 0 0 0 0 0 0 1 33 58 0 0 0 0 1 1 1 0 0 0 0 0 0 7 4 0 0 0 0 0 0 0 0 0 0 0 0 0 0 3 254 23 27 1 1 221 1 1 1 1 0 1 1 0 2 1 1 0 1 0 0 1 1 2 1 1 215 255 2 1 1 0 0 0 0 0 0 0 1 1 1 0 0 1 1 0 0 0 0 0 0 1 1 1 0 0 0 0 0 0 1 1 0 0 0 0 0 0 0 0 1 1 243 8 1 0 0 1 1 152 51 1 0 1 1 1 1 1 2 4 234 207 1 1 0 0 0 0 0 0 0 0 1 3 1 1 220 238 22 1 0 0 0 0 0 0 0 0 0 92 165 1 0 0 0 0 0 0 0 0 0 0 0 0 0 0 0 0 1 0 0 0 0 0 0 0 1 103 1 1 239 250 1 0 0 0 0 0 0 0 0 0 0 0 0 4 197 65 1 0 0 0 0 0 0 0 0 0 0 0 0 0 0 0 0 0 0 0 0 0 0 0 0 0 0 0 0 0 0 0 0 0 0 0 0 0 0 0 0 0 0 1 1 3 14 8 1 0 0 0 0 0 0 0 0 0 0 0 0 0 0 0 0 0 0 0 0 0 0 1 0 0 0 0 0 0 0 0 0 0 1 1 1 0 0 1 108 230 185 1 0 0 0 0 0 0 0 0 0 0 0 0 0 0 0 0 0 0 0 1 1 0 0 0 0 0 0 1 1 1 0 0 0 0 0 0 0 0 0 0 0 0 0 0 0 0 0 0 0 0 1 1 0 1 1 1 255 110 0 0 0 0 0 0 0 0 0 0 0 0 0 0 0 0 0 0 0 0 0 0 1 0 1 255 5 255 1 0 0 0 0 0 0 0 0 0 0 0 0 0 0 0 0
1 1 1 1 1 1 43 250 252 241 7 1 1 1 1 242 1 1 0 1 4 1 1 1 86 3 1 1 1 1 1 1 3 200 76 12 1 1 1 1 1 1 1 1 1 1 0 0 0 0 0 0 1 6 25 1 0 0 0 0 0 0 0 0 1 9 108 181 252 181 1 1 0 1 1 1 1 3 25 22 1 1 2 229 253 239 171 255 242 1 1 1 0 0 0 0 1 0 0 0 0 0 0 0 0 0 0 0 0 0 0 0 0 0 0 1 1 133 1 0 0 0 0 0 1 1 1 0 0 0 0 0 17 1 0 0 0 0 0 0 0 0 0 0 0 0 0 0 215 250 10 1 1 1 222 1 1 0 0 0 0 1 1 1 3 1 1 1 0 1 2 1 1 1 1 1 244 248 1 1 0 0 0 0 0 0 0 0 1 1 1 1 1 0 0 0 0 0 0 0 0 1 1 1 0 0 0 0 1 1 0 0 0 0 0 0 0 0 0 1 85 239 1 0 0 0 1 1 170 25 0 0 1 1 7 7 7 5 102 244 1 1 1 0 0 0 0 0 0 0 0 0 2 1 184 242 5 1 0 0 0 0 0 0 0 0 0 0 1 218 1 0 0 0 0 0 0 0 0 0 0 0 0 0 1 1 1 1 1 0 0 0 0 0 0 1 58 8 1 141 254 110 1 1 25 90 115 118 112 104 91 84 77 59 165 17 121 0 0 0 0 0 0 0 0 0 0 0 0 0 0 0 0 0 0 0 0 0 0 0 0 0 0 0 0 0 0 0 0 0 0 0 0 0 0 0 0 0 0 0 0 0 0 0 0 0 0 0 0 0 0 0 0 0 0 0 0 0 0 0 0 0 0 0 0 0 0 0 1 0 0 0 0 0 0 0 0 0 0 1 1 1 0 0 1 0 0 131 232 152 1 0 0 0 0 0 0 0 0 0 0 0 0 0 0 0 0 0 1 0 0 0 0 0 0 1 1 1 0 0 0 0 0 0 0 0 0 0 0 0 0 0 0 0 0 0 0 0 0 0 1 0 1 1 1 81 255 1 0 0 0 0 0 0 0 0 0 0 0 0 0 0 0 0 0 0 0 0 0 1 0 0 254 255 255 1 0 0 0 0 0 0 0 0 0 0 0 0 0 0 0 0
1 1 1 1 1 1 1 1 1 227 251 252 250 213 120 237 1 1 1 1 2 2 2 82 1 1 0 0 0 1 1 0 1 2 191 15 2 1 1 1 2 2 4 11 7 2 1 1 0 0 0 0 1 51 1 0 0 0 0 0 0 0 0 1 93 167 79 1 8 254 1 1 1 1 43 75 78 60 51 1 2 219 252 247 7 1 18 30 255 253 1 1 1 0 0 0 1 0 0 0 0 0 0 0 0 0 0 0 0 0 0 0 0 0 1 1 130 2 0 0 0 0 0 0 0 1 1 1 0 0 0 0 24 1 0 0 0 0 0 0 0 0 0 0 0 0 0 0 252 153 1 1 1 2 222 1 0 0 0 0 0 0 0 1 1 2 1 1 1 2 1 0 0 0 1 1 1 255 224 1 1 0 0 0 0 0 0 0 1 1 1 1 0 0 0 0 0 0 0 0 0 0 1 1 1 0 0 1 1 0 0 0 0 0 0 0 0 0 1 1 243 14 1 0 0 0 1 1 199 2 0 1 1 6 1 1 1 18 247 3 1 1 0 0 0 0 0 0 0 0 0 0 1 3 244 164 1 1 0 0 0 0 0 0 0 0 0 0 1 216 1 0 0 0 0 0 0 0 0 0 0 1 1 1 1 0 1 1 1 0 0 0 0 0 0 0 2 86 1 239 237 237 192 221 206 179 164 164 168 173 179 182 186 194 187 121 110 0 0 0 0 0 0 0 0 0 0 0 0 0 0 0 0 0 0 0 0 0 0 0 0 0 0 0 0 0 0 0 0 0 0 0 0 0 0 0 0 0 0 0 0 0 0 0 0 0 0 0 0 0 0 0 0 0 0 0 0 0 0 0 0 0 0 0 0 0 0 0 1 0 0 0 0 0 0 0 0 0 1 1 0 1 1 1 1 0 0 0 1 171 232 92 1 0 0 0 0 0 0 0 0 0 0 0 0 0 0 1 1 0 0 0 0 0 1 1 1 1 0 0 0 0 0 0 0 0 0 0 0 0 0 0 0 0 0 0 0 0 0 0 1 1 0 1 1 1 255 35 0 0 0 0 0 0 0 0 0 0 0 0 0 0 0 0 0 0 0 0 0 1 0 4 255 229 1 0 0 0 0 0 0 0 0 0 0 0 0 0 0 0 0 0
1 1 1 1 1 1 1 1 1 1 1 1 165 247 253 253 1 1 2 1 1 4 78 1 1 1 1 0 0 0 0 0 0 1 7 179 189 187 190 190 190 190 186 178 180 190 153 2 1 1 0 0 1 60 1 0 0 0 0 0 0 0 1 3 179 1 1 1 1 235 244 1 1 80 7 1 1 1 1 211 252 250 22 1 1 1 18 1 2 255 255 2 1 1 0 0 1 0 0 0 0 0 0 0 0 0 0 0 0 0 0 0 0 0 1 104 9 0 0 0 0 0 0 0 0 0 0 1 1 0 0 1 24 1 0 0 0 0 0 0 0 0 0 0 0 0 0 1 254 1 1 0 1 4 220 1 0 0 0 0 0 0 0 0 1 1 2 1 2 1 0 0 0 0 0 1 1 8 255 72 1 1 0 0 0 0 0 1 1 1 1 1 1 0 0 0 0 0 0 0 0 0 0 1 1 0 1 1 0 0 0 0 0 0 0 0 0 0 1 47 241 2 0 0 0 0 1 91 125 1 0 1 1 7 214 247 247 247 48 1 1 1 0 0 0 0 0 0 0 0 0 0 0 4 250 1 1 0 0 0 0 0 0 0 0 0 0 0 0 174 79 1 0 0 0 0 0 0 1 1 1 1 1 1 1 1 1 1 1 0 0 0 0 0 0 0 1 64 47 245 235 241 151 1 1 0 0 1 1 1 1 1 1 1 1 3 1 0 0 0 0 0 0 0 0 0 0 0 0 0 0 0 0 0 0 0 0 0 0 0 0 0 0 0 0 0 0 0 0 0 0 0 0 0 0 0 0 0 0 0 0 0 0 0 0 0 0 0 0 0 0 0 0 0 0 0 0 0 0 0 0 0 0 0 0 0 0 0 1 0 0 0 0 0 0 0 0 1 1 0 1 1 0 0 0 0 0 0 0 0 1 202 230 29 0 0 0 0 0 0 0 0 0 0 0 0 0 1 0 0 0 0 0 1 1 1 1 0 0 0 0 0 0 0 0 0 0 0 0 0 0 0 0 0 0 0 0 0 0 0 0 1 0 1 1 1 147 254 0 0 0 0 0 0 0 0 0 0 0 0 0 0 0 0 0 0 0 0 0 1 1 255 184 1 0 0 0 0 0 0 0 0 0 0 0 0 0 0 0 0 0 0
1 1 1 1 1 1 1 1 0 1 1 1 1 1 4 250 250 1 1 1 4 64 1 0 1 1 1 1 0 0 0 0 0 0 1 1 1 2 2 1 1 1 1 1 1 1 55 191 60 1 1 1 1 60 1 0 0 0 1 1 0 1 2 183 6 0 0 0 1 1 252 95 1 85 1 1 1 178 252 251 36 1 1 0 1 1 18 1 0 1 255 255 13 1 1 0 1 0 0 0 0 0 0 0 0 0 0 0 0 0 0 0 0 1 60 39 0 0 0 0 0 0 0 0 0 0 0 0 1 1 1 1 17 0 0 0 0 0 0 0 0 0 0 0 0 0 0 1 254 1 0 1 2 62 205 1 0 0 0 0 0 0 0 0 1 1 4 3 1 0 0 0 0 0 0 0 1 1 150 255 7 1 0 0 0 0 0 1 1 0 0 1 1 0 0 0 0 0 0 0 0 0 0 1 1 1 1 0 0 0 0 0 0 0 0 0 0 0 1 243 27 1 0 0 0 0 1 184 12 1 1 1 4 2 247 4 2 1 1 1 0 0 0 0 0 0 0 0 0 0 0 0 0 14 248 1 1 0 0 0 0 0 0 0 0 0 0 0 0 2 216 1 1 0 1 1 1 1 1 1 1 1 1 1 0 0 0 1 1 0 0 0 0 0 0 1 1 18 15 25 249 251 205 1 0 1 1 1 1 0 0 0 1 1 0 3 1 0 0 0 0 0 0 0 0 0 0 0 0 0 0 0 0 0 0 0 0 0 0 0 0 0 0 0 0 0 0 0 0 0 0 0 0 0 0 0 0 0 0 0 0 0 0 0 0 0 0 0 0 0 0 0 0 0 0 0 0 0 0 0 0 0 0 0 0 0 0 0 1 1 1 1 1 0 0 0 0 1 0 0 1 1 0 0 0 0 0 0 0 0 0 0 2 220 228 11 0 0 0 0 0 0 0 0 0 0 1 1 0 0 0 0 1 1 1 1 0 0 0 0 0 0 0 0 0 0 0 0 0 0 0 0 0 0 0 0 0 0 0 0 0 1 1 0 1 1 0 255 11 1 0 0 0 0 0 0 0 0 0 0 0 0 0 0 0 0 0 0 0 1 251 251 1 0 0 0 0 0 0 0 0 0 0 0 0 0 0 0 0 0 0 0
0 1 1 1 1 1 1 1 0 1 0 1 1 1 3 2 255 1 1 4 62 1 0 0 1 1 1 1 1 0 0 0 0 0 0 1 1 1 0 0 0 1 1 1 1 1 1 1 156 169 3 1 5 87 23 1 1 1 1 3 27 131 196 13 0 0 0 0 1 1 62 252 1 81 1 123 252 252 77 1 1 1 1 1 1 0 16 1 0 0 1 249 255 190 1 1 1 0 0 0 0 0 0 0 0 0 0 0 0 0 0 0 1 25 79 1 1 0 0 0 0 0 0 0 0 0 0 0 0 1 1 8 4 0 0 0 0 0 0 0 0 0 0 0 0 0 0 160 252 1 0 7 207 217 3 0 0 0 0 0 0 0 0 0 1 3 2 3 1 1 0 0 0 0 0 0 0 1 1 233 253 2 1 0 0 1 1 1 0 0 0 1 1 1 0 0 0 0 0 0 0 0 0 0 1 1 1 0 0 0 0 0 0 0 0 0 0 1 20 243 1 2 0 0 0 0 1 138 70 1 1 1 7 123 243 1 1 1 1 0 0 0 0 0 0 0 0 0 0 0 0 0 0 3 249 1 1 1 0 0 0 0 0 0 0 0 0 0 0 2 169 198 2 1 2 1 1 1 0 1 0 0 0 0 0 0 0 1 1 1 0 0 0 0 1 1 1 2 1 1 1 253 246 1 0 1 1 1 1 0 0 0 1 0 0 3 1 0 0 0 0 0 0 0 0 0 0 0 0 0 0 0 0 0 0 0 0 0 0 0 0 0 0 0 0 0 0 0 0 0 0 0 0 0 0 0 0 0 0 0 0 0 0 0 0 0 0 0 0 0 0 0 0 0 0 0 0 0 0 0 0 0 0 0 0 0 0 0 0 0 0 1 1 1 1 1 1 1 0 0 0 0 0 0 0 0 0 0 0 0 0 0 0 0 4 226 226 4 0 0 0 0 0 0 0 1 1 0 0 0 1 1 1 1 1 0 0 0 0 0 0 0 0 0 0 0 0 0 0 0 0 0 0 0 0 0 0 0 0 0 0 0 1 0 1 1 1 169 254 1 1 1 0 0 0 0 0 0 0 0 0 0 0 0 0 0 1 1 0 1 255 3 1 0 0 0 0 0 0 0 0 0 0 0 0 0 0 0 0 0 0 0
1 0 1 1 1 1 1 0 1 1 0 1 1 1 2 1 255 1 3 60 1 1 0 0 0 0 1 1 1 1 0 0 0 0 0 0 0 0 0 0 0 0 1 1 1 1 1 1 1 28 188 50 182 161 148 180 182 183 183 174 140 45 3 1 0 0 0 0 1 1 1 244 239 154 252 252 144 1 1 0 1 1 1 0 0 0 11 2 1 0 0 1 216 255 252 2 1 0 0 0 0 0 0 0 0 0 0 0 0 0 0 1 6 118 1 0 1 0 0 0 0 0 0 0 0 0 0 0 0 0 0 22 1 0 0 0 0 0 0 0 0 0 0 0 0 0 0 250 214 1 1 207 103 3 1 0 0 0 0 0 0 0 1 1 5 1 1 1 4 1 0 0 0 0 0 0 0 0 0 1 249 241 1 1 1 1 1 0 0 0 0 0 1 1 1 0 0 0 0 0 0 0 0 0 0 1 1 1 0 0 0 0 0 0 0 0 0 1 241 41 1 2 0 0 0 0 1 2 178 16 1 2 9 247 21 1 1 0 0 0 0 0 0 0 0 0 0 0 0 0 0 0 0 1 240 206 1 1 1 0 0 0 0 0 0 0 0 0 1 28 1 208 26 1 1 1 1 0 0 0 0 0 0 0 0 0 0 0 1 1 0 0 0 0 1 1 1 2 1 1 1 200 253 221 2 2 2 2 2 2 2 2 2 2 2 2 1 0 0 0 0 0 0 0 0 0 0 0 0 0 0 0 0 0 0 0 0 0 0 0 0 0 0 0 0 0 0 0 0 0 0 0 0 0 0 0 0 0 0 0 0 0 0 0 0 0 0 0 0 0 0 0 0 0 0 0 0 0 0 0 0 0 0 0 0 0 0 0 0 0 0 0 0 0 0 1 1 0 0 0 0 0 0 0 0 0 0 0 0 0 0 0 0 0 0 0 8 230 83 0 0 0 0 0 1 1 0 0 0 1 1 1 1 1 0 0 0 0 0 0 0 0 0 0 0 0 0 0 0 0 0 0 0 0 0 0 0 0 0 0 0 0 1 1 0 1 1 0 251 213 1 1 1 0 0 0 0 0 0 0 0 0 0 0 0 0 1 0 0 1 255 15 1 0 0 0 0 0 0 0 0 0 0 0 0 0 0 0 0 0 0 0
0 0 0 1 1 1 1 1 1 0 0 1 1 1 1 2 255 4 56 1 1 0 0 0 0 1 1 1 1 1 1 0 0 0 0 0 0 0 0 0 0 0 0 0 0 1 1 1 1 1 3 192 29 1 1 1 1 1 1 1 1 0 0 0 0 0 1 1 1 1 1 3 255 252 185 1 1 0 1 1 1 1 0 0 0 0 5 4 1 0 0 0 1 15 255 255 41 1 1 0 0 0 0 0 0 0 0 0 0 0 0 1 142 1 0 0 1 1 0 0 0 0 0 0 0 0 0 0 0 0 1 23 1 0 0 0 0 0 0 0 0 0 0 0 0 0 1 254 2 0 1 222 2 1 0 0 0 0 0 0 0 1 1 4 1 0 1 1 1 4 1 0 0 0 0 0 0 0 0 1 2 255 207 1 1 1 0 0 0 0 0 0 0 1 1 1 0 0 0 0 0 0 0 0 0 0 1 1 0 0 0 0 0 0 0 0 1 9 243 1 1 1 0 0 0 0 0 1 6 184 18 9 2 247 1 1 0 0 0 0 0 0 0 0 0 0 0 0 0 0 0 0 0 0 208 240 1 0 1 1 0 0 0 0 0 1 26 81 85 63 45 219 4 0 0 0 0 0 0 0 0 0 0 0 0 0 0 0 1 1 0 0 0 0 1 1 1 1 1 1 1 1 239 253 133 1 1 1 1 1 0 1 1 1 0 1 0 0 0 0 0 0 0 0 0 0 0 0 0 0 0 0 0 0 0 0 0 0 0 0 0 0 0 0 0 0 0 0 0 0 0 0 0 0 0 0 0 0 0 0 0 0 0 0 0 0 0 0 0 0 0 0 0 0 0 0 0 0 0 0 0 0 0 0 0 0 0 0 0 0 0 0 0 0 0 0 0 0 0 0 0 0 0 0 0 0 0 0 0 0 0 0 0 0 0 0 0 1 233 1 0 0 0 0 1 1 0 0 1 1 1 1 1 0 0 0 0 0 0 0 0 0 0 0 0 0 0 0 0 0 0 0 0 0 0 0 0 0 0 0 0 0 0 1 0 1 1 1 1 254 164 1 1 1 1 0 0 0 0 0 0 0 0 1 1 1 2 41 239 255 255 7 1 0 0 0 0 0 0 0 0 0 0 0 0 0 0 0 0 0 0 0
0 1 1 1 0 1 1 1 1 1 0 1 1 1 2 10 255 104 1 1 0 0 0 0 1 1 0 1 1 1 1 1 0 0 0 0 0 0 0 0 0 0 0 0 0 0 0 1 1 1 43 30 1 1 1 1 1 0 0 0 0 0 0 0 1 1 1 0 1 2 197 215 72 154 1 0 1 1 1 1 0 0 0 0 0 0 3 9 1 0 0 0 0 1 2 253 255 243 1 1 0 0 0 0 0 0 0 0 0 0 1 123 7 0 0 0 0 1 0 0 0 0 0 0 0 0 0 0 0 0 4 7 0 0 0 0 0 0 0 0 0 0 0 0 0 0 1 254 1 1 1 222 1 1 0 0 0 0 0 0 1 2 3 1 0 0 0 1 1 2 2 1 0 0 0 0 0 0 0 1 1 18 255 48 1 0 0 0 0 0 0 0 0 0 1 1 0 0 0 0 0 0 0 0 0 0 1 1 1 0 0 0 0 0 0 0 1 239 90 1 2 1 0 0 0 0 0 1 1 44 189 1 221 228 1 1 0 0 0 0 0 0 0 0 0 0 0 0 0 0 0 0 0 0 1 239 229 212 4 1 1 1 6 59 84 74 15 1 0 1 5 232 1 0 0 0 0 0 0 0 0 0 0 0 0 0 0 0 1 1 1 0 0 0 1 1 1 1 1 1 1 0 1 250 250 35 1 1 1 1 0 1 1 0 0 1 0 0 0 0 0 0 0 0 0 0 0 0 0 0 0 0 0 0 0 0 0 0 0 0 0 0 0 0 0 0 0 0 0 0 0 0 0 0 0 0 0 0 0 0 0 0 0 0 0 0 0 0 0 0 0 0 0 0 0 0 0 0 0 0 0 0 0 0 0 0 0 0 0 0 0 0 0 0 0 0 0 0 0 0 0 0 0 0 0 0 0 0 0 0 0 0 0 0 0 0 0 0 162 165 0 0 1 1 1 0 1 1 1 1 1 0 0 0 0 0 0 0 0 0 0 0 0 0 0 0 0 0 0 0 0 0 0 0 0 0 0 0 0 0 0 0 0 1 1 0 1 1 0 3 254 122 1 0 1 1 0 0 0 0 0 1 147 254 255 255 255 255 255 194 4 0 0 0 0 0 0 0 0 0 0 0 0 0 0 0 0 0 0 0 0 0
1 1 0 0 0 1 1 1 1 1 1 1 1 1 6 5 255 66 1 1 0 0 0 0 1 1 0 1 1 1 1 1 1 0 0 0 0 0 0 0 0 0 0 0 0 0 0 0 1 1 111 1 0 0 1 1 0 0 0 0 0 0 1 1 1 1 1 2 160 213 72 1 1 108 26 1 1 1 1 0 0 0 0 0 0 0 1 15 1 0 0 0 0 0 1 1 106 255 255 2 1 0 0 0 0 0 0 0 0 1 118 6 1 1 0 0 0 1 1 0 0 0 0 0 0 0 0 0 0 0 21 1 0 0 0 0 0 0 0 0 0 0 0 0 1 1 62 254 11 1 97 197 1 1 1 1 0 0 1 1 4 2 1 0 0 0 0 0 1 1 3 1 1 0 0 0 0 0 0 0 1 4 191 255 4 1 1 0 0 0 0 0 0 0 1 1 1 0 0 0 0 0 0 0 0 0 0 1 1 1 0 0 0 0 0 0 5 243 1 1 1 1 1 0 0 0 0 1 1 54 184 1 247 4 1 1 0 0 0 0 0 0 0 0 0 0 0 0 0 0 0 0 0 0 0 229 12 73 229 18 79 84 45 3 1 0 0 1 1 1 0 232 3 0 0 0 0 0 0 0 0 0 0 0 0 0 0 0 1 1 1 0 0 1 1 1 1 1 1 1 1 1 1 1 254 242 161 1 0 1 1 1 1 1 0 1 0 0 0 0 0 0 0 0 0 0 0 0 0 0 0 0 0 0 0 0 0 0 0 0 0 0 0 0 0 0 0 0 0 0 0 0 0 0 0 0 0 0 0 0 0 0 0 0 0 0 0 0 0 0 0 0 0 0 0 0 0 0 0 0 0 0 0 0 0 0 0 0 0 0 0 0 0 0 0 0 0 0 0 0 0 0 0 0 0 0 0 0 0 0 0 0 0 0 0 0 0 0 1 233 1 1 1 1 0 1 1 1 1 1 0 0 0 0 0 0 0 0 0 0 0 0 0 0 0 0 0 0 0 0 0 0 0 0 0 0 0 0 0 0 0 0 0 0 1 0 1 1 1 0 7 255 152 1 1 1 16 15 1 1 216 255 255 243 16 1 1 1 0 0 1 0 0 0 0 0 0 0 0 0 0 0 0 0 0 0 0 0 0 0 0 0
1 0 1 1 1 0 0 1 1 1 0 1 1 6 5 1 255 37 1 1 0 0 0 0 0 1 1 0 0 0 0 1 1 1 0 0 0 0 0 0 0 0 0 0 0 0 0 1 1 79 7 0 0 0 0 0 0 0 0 0 1 1 1 1 1 1 154 189 28 89 2 1 1 1 165 1 1 0 0 0 0 0 0 0 0 0 1 18 1 0 0 0 0 0 0 1 1 5 255 255 1 1 0 0 0 0 0 0 1 33 67 0 0 1 0 0 0 0 1 0 0 0 0 0 0 0 0 0 0 1 23 0 0 0 0 0 0 0 0 0 0 0 0 1 1 18 250 237 127 109 222 10 5 4 1 1 1 1 1 5 1 1 1 0 0 0 0 0 0 1 1 4 1 0 0 0 0 0 0 1 4 1 1 240 251 1 1 1 0 0 0 0 0 0 0 1 1 1 0 0 0 0 0 0 0 0 0 1 1 1 0 0 0 0 0 1 236 135 1 1 1 1 1 0 0 0 1 1 1 203 12 42 246 1 0 1 0 0 0 0 0 0 0 0 0 0 0 0 0 1 1 1 1 1 1 189 158 1 223 57 2 1 1 1 1 1 1 1 0 0 0 140 196 1 0 0 1 1 0 0 0 0 0 0 0 0 0 0 1 1 1 0 0 1 0 1 1 0 1 1 1 1 0 1 71 254 197 222 0 0 0 1 1 1 1 1 0 0 0 0 0 0 0 0 0 0 0 0 0 0 0 0 0 0 0 0 0 0 0 0 0 0 0 0 0 0 0 0 0 0 0 0 0 0 0 0 0 0 0 0 0 0 0 0 0 0 0 0 0 0 0 0 0 0 0 0 0 0 0 0 0 0 0 0 0 0 0 0 0 0 0 0 0 0 0 0 0 0 0 0 0 0 0 0 0 0 0 0 0 0 0 0 0 0 0 0 0 0 0 225 16 0 0 1 1 1 1 1 1 0 0 0 0 0 0 0 0 0 0 0 0 0 0 0 0 0 0 0 0 0 0 0 0 0 0 0 0 0 0 0 0 0 0 0 1 1 0 1 1 0 0 6 254 255 255 255 255 255 255 255 255 195 0 0 0 0 1 1 1 1 1 0 0 0 0 0 0 0 0 0 0 0 0 0 0 0 0 0 0 0 0 0
1 1 1 0 1 1 1 1 1 1 1 1 4 7 1 1 255 90 1 1 0 0 0 0 0 0 1 0 0 0 0 0 1 1 1 0 0 0 0 0 0 0 0 0 0 0 0 1 2 106 1 0 0 0 0 0 1 1 1 1 1 1 1 1 141 189 37 4 91 57 1 0 1 1 18 124 1 0 0 0 0 0 0 0 0 0 1 19 1 0 0 0 0 0 0 0 1 1 16 255 103 1 1 1 0 0 0 1 1 142 1 0 0 1 1 0 0 0 1 0 0 0 0 0 0 0 0 0 0 9 4 0 1 4 73 82 20 1 1 1 1 1 1 3 193 197 252 4 16 118 224 229 229 227 223 12 1 2 4 1 1 1 0 0 0 0 0 0 0 0 1 1 4 1 0 0 0 0 1 5 1 1 1 1 251 236 1 1 1 1 1 0 0 0 0 0 1 1 1 0 0 0 0 0 0 0 0 0 1 1 1 0 0 0 0 3 243 1 1 1 1 1 1 1 0 0 1 1 23 198 1 244 93 1 0 1 0 0 0 0 0 0 0 0 1 1 1 1 1 1 1 1 1 1 1 4 232 44 233 1 1 1 0 0 0 0 0 0 0 0 0 1 233 1 1 1 1 1 0 0 0 0 0 0 0 0 0 0 0 1 1 0 0 1 1 1 1 1 1 1 1 7 16 16 15 254 43 236 1 1 1 1 1 0 0 0 0 0 0 0 0 0 0 0 0 0 0 0 0 0 0 0 0 0 0 0 0 0 0 0 0 0 0 0 0 0 0 0 0 0 0 0 0 0 0 0 0 0 0 0 0 0 0 0 0 0 0 0 0 0 0 0 0 0 0 0 0 0 0 0 0 0 0 0 0 0 0 0 0 0 0 0 0 0 0 0 0 0 0 0 0 0 0 0 0 0 0 0 0 0 0 0 0 0 0 0 0 0 0 3 229 1 1 1 3 6 1 0 0 0 0 0 0 0 0 0 0 0 0 0 0 0 0 0 0 0 0 0 0 0 0 0 0 0 0 0 0 0 0 0 0 0 0 0 1 1 0 1 1 0 0 0 1 6 4 1 130 2 254 13 255 1 0 0 0 1 1 0 0 0 0 0 0 0 0 0 0 0 0 0 0 0 0 0 0 0 0 0 0 0 0 0
1 1 0 1 1 1 1 1 1 1 1 3 6 1 1 1 255 180 1 0 0 0 0 0 0 0 1 0 0 0 0 0 0 0 1 1 0 0 0 0 0 0 0 0 0 0 0 1 90 3 0 0 0 0 1 1 1 1 1 1 1 1 126 190 50 3 86 76 2 1 0 1 1 1 1 136 11 1 0 0 0 0 0 0 0 0 1 19 1 1 0 0 0 0 0 0 0 1 1 248 255 3 1 1 0 0 1 1 128 3 0 0 0 0 1 0 0 0 1 1 0 0 0 0 0 0 0 0 1 25 1 67 91 69 55 63 126 168 172 88 1 1 103 212 28 1 252 1 1 1 7 7 4 10 79 225 80 2 1 1 1 1 0 0 0 0 0 0 0 0 0 1 1 3 1 0 1 2 4 1 1 1 1 1 4 255 166 1 1 0 1 0 0 0 0 0 0 1 1 1 0 0 0 0 0 0 0 0 1 1 1 0 0 0 1 233 174 1 0 1 0 1 1 2 1 1 1 1 202 22 3 247 1 1 1 1 0 0 1 1 1 1 1 1 1 1 1 1 0 1 1 0 0 0 0 1 13 223 230 1 0 1 0 0 0 0 0 0 0 0 0 1 233 1 1 0 0 1 1 0 0 0 0 0 0 0 0 0 0 1 1 1 0 1 2 11 11 17 17 17 14 3 1 1 1 244 254 254 199 0 1 1 1 1 1 1 1 1 0 0 0 0 0 0 0 0 0 0 0 0 0 0 0 0 0 0 0 0 0 0 0 0 0 0 0 0 0 0 0 0 0 0 0 0 0 0 0 0 0 0 0 0 0 0 0 0 0 0 0 0 0 0 0 0 0 0 0 0 0 0 0 0 0 0 0 0 0 0 0 0 0 0 0 0 0 0 0 0 0 0 0 0 0 0 0 0 0 0 0 0 0 0 0 0 0 0 0 0 0 1 227 3 1 81 126 156 1 0 0 0 0 0 0 0 0 0 0 0 0 0 0 0 0 0 0 0 0 0 0 0 0 0 0 0 0 0 0 0 1 1 3 68 132 135 136 139 12 0 1 1 0 0 0 0 0 0 88 12 104 254 255 1 0 0 0 1 0 0 0 0 0 0 0 0 0 0 0 0 0 0 0 0 0 0 0 0 0 0 0 0 0 0
1 1 0 1 1 0 1 1 1 1 1 5 1 1 1 1 254 222 1 0 0 0 0 0 0 1 1 0 0 0 0 0 0 0 0 1 1 0 0 0 0 0 0 0 1 1 1 2 94 1 0 0 1 1 0 1 1 1 1 1 130 191 70 15 88 88 3 1 1 1 1 1 1 0 0 1 164 1 0 0 0 0 0 0 0 0 1 19 1 1 1 0 0 0 0 0 0 0 1 2 255 253 1 1 1 1 1 29 74 0 0 0 0 0 1 1 0 0 0 1 1 1 1 0 0 0 0 0 2 17 80 83 55 44 2 1 1 1 19 209 214 214 165 1 1 20 250 3 1 1 0 1 1 1 1 49 225 2 1 1 0 1 1 1 0 0 0 0 0 0 0 1 1 2 2 1 3 2 1 1 1 1 1 1 1 66 255 15 1 1 1 1 0 0 0 1 1 1 1 1 0 0 0 0 0 0 0 0 0 1 1 1 0 0 2 243 2 1 1 1 1 0 1 1 2 1 1 2 215 2 228 226 1 1 1 1 1 1 1 1 1 1 0 0 0 0 0 0 0 0 0 0 0 0 0 0 1 6 244 16 0 1 0 0 0 0 0 0 0 0 0 0 193 149 1 0 0 0 1 0 0 0 0 0 0 0 0 0 0 1 1 1 6 20 14 3 2 1 1 0 0 1 1 1 1 1 1 235 254 134 1 1 1 1 1 1 1 1 1 1 0 0 0 0 0 0 0 0 0 0 0 0 0 0 0 0 0 0 0 0 0 0 0 0 0 0 0 0 0 0 0 0 0 0 0 0 0 0 0 0 0 0 0 0 0 0 0 0 0 0 0 0 0 0 0 0 0 0 0 0 0 0 0 0 0 0 0 0 0 0 0 0 0 0 0 0 0 0 0 0 0 0 0 0 0 0 0 0 0 0 0 0 0 0 0 0 0 1 1 1 63 218 131 15 1 134 1 0 0 0 0 0 0 0 0 0 0 0 0 0 0 0 0 0 0 0 0 0 0 0 0 0 0 1 1 18 116 135 136 135 124 26 1 1 0 1 133 0 1 1 0 0 0 0 0 1 131 1 1 2 255 206 0 0 1 1 0 0 0 0 0 0 0 0 0 0 0 0 0 0 0 0 0 0 0 0 0 0 0 0 0 0
1 2 2 2 1 0 1 1 0 1 2 1 1 1 1 1 254 242 1 0 0 0 0 0 0 1 0 0 0 0 0 0 0 0 0 0 1 1 1 0 0 0 0 0 0 1 1 98 2 0 1 1 1 1 1 1 1 1 107 190 65 5 90 50 2 1 1 1 0 1 1 1 0 0 0 1 36 101 1 0 0 0 0 0 0 1 1 19 1 1 1 1 0 0 0 0 0 0 1 1 12 255 237 1 1 1 1 144 1 0 0 0 0 0 0 1 1 0 0 0 0 0 1 0 0 0 0 0 17 4 162 1 1 1 1 1 1 7 96 2 1 1 1 1 0 243 200 2 1 2 2 2 2 1 1 3 223 45 1 0 0 0 1 1 1 0 0 0 0 0 0 1 1 1 5 6 1 1 1 1 0 0 0 1 1 1 221 255 2 1 0 1 0 0 0 1 1 1 1 1 1 0 0 0 0 0 0 0 0 1 1 1 0 1 230 191 1 1 1 1 1 0 0 1 1 1 1 88 172 2 247 3 1 1 1 1 1 1 1 1 1 0 0 0 0 0 0 0 0 0 0 0 0 0 0 0 0 1 223 219 1 1 0 0 0 0 0 0 0 0 0 0 4 231 1 0 0 0 1 0 0 0 0 0 0 0 0 0 0 0 1 1 19 1 1 1 1 1 1 1 1 1 1 1 1 1 1 1 247 252 33 1 1 1 1 1 1 1 1 1 1 1 1 1 1 1 1 1 1 1 1 1 1 1 1 1 1 1 1 1 1 0 0 0 0 0 0 0 0 0 0 0 0 0 0 0 0 0 0 0 0 0 0 0 0 0 0 0 0 0 0 0 0 0 0 0 0 0 0 0 0 0 0 0 0 0 0 0 0 0 0 0 0 0 0 0 0 0 0 0 0 0 0 0 0 0 0 0 0 0 0 0 0 0 1 1 1 1 1 1 238 249 1 0 0 33 54 0 0 0 0 0 0 0 0 0 0 0 0 0 0 0 0 0 0 0 0 1 1 5 86 133 136 137 133 80 4 1 0 0 0 0 0 0 0 0 78 19 1 1 1 0 0 0 0 26 69 1 0 0 244 251 0 1 1 0 0 0 0 0 0 0 0 0 0 0 0 0 0 0 0 0 0 0 0 0 0 0 0 0 0 0
24 1 1 1 1 1 1 0 1 1 1 1 2 1 1 1 251 251 1 1 0 0 0 0 0 1 0 0 0 0 0 0 0 0 0 0 0 1 1 1 0 0 0 0 0 0 2 106 1 1 1 1 1 1 1 1 102 190 90 1 42 71 2 1 1 1 0 1 1 1 1 0 0 0 0 0 1 146 5 1 0 0 0 0 1 1 1 19 1 0 1 1 1 0 0 0 0 0 0 1 1 129 255 113 1 1 104 14 0 0 0 0 0 0 0 0 1 1 0 0 0 0 1 0 0 0 0 1 25 47 101 1 1 0 0 0 0 97 3 1 0 0 0 0 1 250 1 1 1 1 1 1 1 2 1 1 76 222 1 1 0 0 1 1 1 1 0 0 0 1 1 1 1 2 10 3 1 1 0 0 0 0 0 0 1 1 1 245 249 1 1 1 1 1 1 1 1 1 1 1 1 0 0 0 0 0 0 0 0 0 1 1 1 1 243 5 1 1 1 1 1 1 0 1 1 1 1 213 4 171 239 1 1 1 0 1 1 0 0 0 1 1 0 0 0 0 0 0 0 0 0 0 0 0 0 0 0 1 197 233 1 1 1 0 0 0 0 0 0 0 0 0 1 233 1 1 0 0 1 1 0 0 0 0 0 0 0 0 1 1 1 1 20 1 1 1 1 1 1 1 0 0 0 0 0 0 0 0 1 251 250 2 0 0 0 0 0 0 0 0 0 1 1 1 1 1 1 1 1 1 1 1 1 1 1 1 1 1 1 1 1 1 1 1 1 1 1 1 1 1 1 1 1 1 1 1 1 1 1 1 1 1 1 1 0 0 0 0 0 0 0 0 0 0 0 0 0 0 0 0 0 0 0 0 0 0 0 0 0 0 0 0 0 0 0 0 0 0 0 0 0 0 0 0 0 0 0 0 0 0 0 1 1 1 1 1 1 1 1 231 178 217 1 0 0 1 136 0 0 0 0 0 0 0 0 0 0 0 0 0 0 0 1 2 31 124 136 137 135 113 14 1 0 0 0 0 0 0 0 0 0 0 0 0 0 0 1 135 1 1 1 0 0 1 12 107 1 0 0 0 243 252 0 1 0 0 0 0 0 0 0 0 0 0 0 0 0 0 0 0 0 0 0 0 0 0 0 0 0 0 0 0
162 13 1 1 0 1 1 1 1 1 1 2 1 1 1 1 244 254 1 0 0 0 0 0 1 1 0 0 0 0 0 0 0 0 0 0 0 0 1 1 1 0 0 0 0 0 56 81 1 1 1 1 1 1 101 190 96 1 1 11 57 1 1 1 1 1 1 1 1 1 0 0 0 0 0 0 1 1 161 1 0 0 0 0 1 0 1 18 1 0 0 1 1 1 0 0 0 0 1 1 1 1 235 255 7 120 43 0 0 0 0 0 0 0 0 0 0 1 1 0 0 0 1 1 0 0 0 5 9 144 10 0 0 0 1 1 3 99 1 0 0 0 0 0 100 248 1 1 0 1 1 1 1 1 1 1 2 203 153 1 0 0 0 0 1 1 1 0 1 1 0 1 4 7 1 1 2 1 0 0 0 0 0 0 0 0 1 2 255 228 1 1 1 1 1 0 1 1 1 0 1 1 0 0 0 0 0 0 0 0 1 1 1 1 243 8 1 0 1 1 1 1 1 1 1 2 98 168 2 247 10 1 0 0 0 1 0 0 0 0 0 1 0 0 0 0 0 0 0 0 0 0 0 0 0 0 0 0 30 245 1 0 1 0 0 0 0 0 0 0 0 0 0 218 69 1 0 1 1 1 0 0 0 1 1 1 1 1 1 1 1 1 8 4 0 0 0 0 0 0 0 0 0 0 1 1 1 1 1 1 254 241 1 0 0 0 0 0 0 1 1 1 0 0 0 0 0 0 0 0 0 0 0 0 0 0 0 0 0 0 0 0 0 0 0 0 1 1 1 1 1 1 1 1 1 1 1 1 1 1 1 1 1 1 1 1 1 1 1 1 1 1 1 1 1 1 1 1 1 1 1 1 1 1 1 1 1 1 1 1 0 0 0 0 0 0 0 0 0 0 0 0 0 0 0 1 1 1 1 1 1 1 1 1 1 0 1 1 195 229 47 177 1 1 0 0 138 0 0 0 0 0 0 0 0 0 1 1 5 84 135 137 136 129 54 3 1 0 0 0 0 0 0 0 0 0 0 0 0 0 0 0 0 0 0 0 0 92 12 1 1 1 2 114 95 1 0 0 0 0 255 202 1 1 0 0 0 0 0 0 0 0 0 0 0 0 0 0 0 0 0 0 0 0 0 0 0 0 0 0 0 0
1 170 2 1 1 0 1 2 1 1 2 1 1 1 1 1 230 254 1 0 0 0 0 0 1 0 0 0 0 0 0 0 0 0 0 0 0 0 0 1 1 1 0 0 0 1 1 28 122 1 1 1 92 190 98 1 1 1 1 87 2 1 1 1 1 1 0 1 1 0 0 0 0 0 0 0 0 1 66 71 1 0 0 1 0 1 3 7 0 0 0 0 1 1 1 0 0 0 1 1 0 1 2 253 255 5 1 0 0 0 0 0 0 0 0 0 0 0 1 1 1 0 0 0 0 0 0 24 94 71 1 1 10 116 117 113 98 1 1 0 0 0 0 1 250 18 1 1 0 1 0 0 0 0 1 1 1 22 226 2 1 0 0 0 0 1 1 1 1 1 1 8 4 1 0 0 1 2 1 0 0 0 0 0 0 0 0 1 11 255 90 1 1 1 0 0 1 1 0 0 0 1 1 0 0 0 0 0 0 0 0 1 1 1 120 238 2 1 1 1 1 1 1 1 1 1 213 4 32 246 1 1 0 0 0 1 0 0 0 0 0 1 0 0 0 0 0 0 0 0 0 0 0 0 0 0 0 0 5 245 1 0 1 0 0 0 0 0 0 0 0 0 0 13 229 1 1 1 1 1 1 1 1 1 1 1 1 1 0 0 1 1 1 20 1 5 6 7 6 6 7 7 7 6 7 6 7 7 7 7 188 254 227 1 0 0 0 0 1 1 0 0 0 0 0 0 0 0 0 0 0 0 0 0 0 0 0 0 0 0 0 0 0 0 0 0 0 0 0 0 0 0 0 0 0 0 0 0 0 0 0 0 0 0 0 0 0 0 0 1 1 1 1 1 1 1 1 1 1 1 1 1 1 1 1 1 1 1 1 1 1 1 1 1 1 1 1 1 1 1 1 1 1 1 1 1 1 1 1 1 1 0 0 0 1 1 1 188 240 1 212 3 1 1 0 0 138 1 0 0 1 1 2 49 131 137 138 137 115 16 1 1 0 0 0 0 0 0 0 0 0 0 0 0 0 0 0 0 0 0 0 0 0 0 0 0 0 1 134 1 3 125 130 6 1 0 0 0 0 3 255 1 1 0 0 0 0 0 0 0 0 0 0 0 0 0 0 0 0 0 0 0 0 0 0 0 0 0 0 0 0 0
0 7 158 1 1 1 0 1 1 2 1 1 0 1 1 1 206 255 1 0 0 0 0 0 1 0 0 0 0 0 0 0 0 0 0 0 0 0 0 0 1 1 1 0 1 1 0 1 130 1 73 187 106 1 1 1 0 0 5 97 1 1 1 1 0 0 1 1 0 0 0 0 0 0 0 0 0 0 1 158 2 1 0 1 1 1 23 1 0 0 0 0 1 1 1 1 0 0 0 1 1 4 149 52 255 255 1 1 0 0 0 0 0 0 0 0 0 0 0 0 1 1 1 0 0 1 1 22 63 97 2 13 112 1 1 1 1 1 0 0 0 0 0 187 248 25 14 2 2 2 2 1 1 1 1 2 1 10 226 15 1 0 0 0 0 1 1 1 1 1 11 2 1 0 0 0 0 2 1 1 0 0 0 0 0 0 0 1 1 150 255 6 1 1 0 0 1 1 1 0 0 0 1 1 0 0 0 0 0 0 0 1 1 1 1 213 223 1 1 1 1 1 1 1 1 24 204 2 244 85 1 0 1 1 1 1 0 0 0 0 0 1 0 0 0 0 0 0 0 0 0 0 0 0 0 0 0 0 23 245 1 0 1 0 0 0 0 0 0 0 0 0 0 1 234 1 1 1 1 1 1 1 1 0 0 0 0 0 0 0 0 0 1 22 6 1 0 0 0 0 0 0 0 0 0 0 0 0 0 0 1 234 252 201 1 1 0 1 1 0 0 0 0 0 1 1 1 12 23 1 1 0 0 0 0 0 0 0 0 0 0 0 0 0 0 0 0 0 0 0 0 0 0 0 0 0 0 0 0 0 0 0 0 0 0 0 0 0 0 0 0 0 0 0 0 0 0 0 0 0 0 0 0 0 0 0 0 0 0 0 0 0 1 1 1 1 1 1 1 1 1 1 1 0 0 0 0 0 0 0 0 0 1 1 2 224 250 232 1 1 218 1 1 1 0 0 71 113 119 137 137 137 128 36 2 1 0 0 0 0 0 0 0 0 0 0 0 0 0 0 0 0 0 0 0 0 0 0 0 0 0 0 0 0 0 0 0 1 24 136 123 3 1 0 0 0 0 0 1 255 231 1 0 0 0 0 0 0 0 0 0 0 0 0 0 0 0 0 0 0 0 0 0 0 0 0 0 0 0 0 0 0
0 0 28 151 2 1 1 1 3 1 1 0 0 1 1 1 152 255 1 0 0 0 0 1 1 0 0 0 0 0 0 0 0 0 0 0 0 0 0 0 0 1 1 1 1 1 1 1 172 182 118 1 1 1 0 0 0 1 111 2 1 0 0 0 0 1 1 0 0 0 0 0 0 0 0 0 0 0 1 4 147 1 1 1 14 13 2 3 0 0 0 0 0 0 1 1 1 1 1 12 139 141 2 1 4 255 247 1 0 0 0 0 0 0 0 0 0 0 0 0 0 0 1 1 1 1 12 3 1 115 148 9 91 1 0 1 1 0 0 0 0 0 1 252 3 1 5 3 1 1 1 0 0 1 1 1 1 6 224 23 1 1 1 0 0 1 1 1 2 10 1 1 1 1 1 1 1 1 3 1 1 1 1 1 0 0 0 1 1 3 242 251 1 1 1 1 0 1 1 1 0 0 0 1 0 0 0 0 0 1 0 0 1 1 1 1 240 58 1 1 1 1 0 1 1 209 14 6 247 1 1 1 1 0 0 0 0 0 0 0 0 1 0 0 0 0 0 0 0 0 0 0 0 0 0 0 0 0 159 238 1 1 1 1 1 1 1 1 1 1 1 1 1 1 232 4 1 1 1 0 0 0 0 0 0 0 0 0 0 0 0 0 1 21 3 0 0 0 0 0 0 0 0 0 0 0 0 0 0 0 0 1 247 251 191 1 1 1 0 0 1 1 1 1 152 215 237 194 121 166 161 31 16 115 138 64 11 12 23 11 1 1 1 1 8 99 144 138 118 90 19 6 2 1 0 0 0 0 0 1 1 1 2 2 1 1 1 0 0 0 0 0 0 0 0 0 0 0 0 0 0 0 0 0 0 0 0 0 0 0 0 0 0 0 0 0 0 0 0 0 0 0 0 0 0 0 0 0 0 1 1 1 85 248 249 206 1 1 1 1 219 1 1 0 0 0 1 6 3 1 0 0 0 0 0 0 0 0 0 0 0 0 0 0 0 0 0 0 0 0 0 0 0 0 0 0 0 0 0 0 0 0 0 0 0 0 0 0 1 1 1 1 1 0 0 0 0 1 54 255 1 1 0 0 0 0 0 0 0 0 0 0 0 0 0 0 0 0 0 0 0 0 0 0 0 0 0 0 0 0 0 0
0 0 1 30 170 23 1 3 1 1 0 0 0 1 1 1 80 255 1 1 1 0 1 1 0 0 0 0 0 0 0 0 0 0 0 0 0 0 0 0 0 0 0 1 1 1 1 1 198 9 1 1 1 1 1 1 1 1 98 1 0 0 0 0 1 1 0 0 0 0 0 0 0 0 0 0 0 0 0 1 103 50 15 12 1 1 1 6 1 0 0 0 0 0 0 1 1 64 157 124 5 1 0 1 1 13 255 120 1 0 0 0 0 0 0 0 0 0 0 0 0 0 0 0 0 1 26 1 0 0 9 131 101 1 1 0 0 0 0 0 0 1 240 223 1 1 2 2 2 1 0 0 0 1 0 1 1 1 132 211 2 1 1 1 1 1 1 4 7 1 1 1 1 1 1 1 1 1 1 3 1 1 1 1 1 0 1 1 3 1 36 251 235 1 1 0 0 0 1 0 0 0 0 1 1 0 0 0 1 1 0 0 1 1 1 1 17 242 8 1 1 1 1 1 2 218 1 238 192 1 1 0 0 0 0 0 0 0 0 0 0 1 0 0 0 0 0 0 0 0 0 0 0 0 0 0 1 1 213 230 1 1 1 1 1 1 1 1 1 1 1 1 1 1 99 212 1 0 0 0 0 0 0 0 0 0 0 0 0 0 0 0 1 1 29 0 0 0 0 0 0 0 0 0 0 0 0 0 0 0 0 0 1 254 182 215 1 0 0 1 1 1 1 121 199 212 123 215 230 203 11 115 136 167 236 242 245 245 202 133 165 168 168 170 168 68 143 234 239 185 126 145 164 169 110 6 8 37 83 139 161 161 172 204 185 158 141 13 1 1 1 1 1 1 0 0 0 0 0 0 0 0 0 0 0 0 0 0 0 0 0 0 0 0 0 0 0 0 0 0 0 0 0 0 0 0 1 1 5 241 250 250 244 19 1 1 1 1 1 29 195 0 1 0 0 0 1 0 0 0 0 0 0 0 0 0 0 0 0 0 0 0 0 0 0 0 0 0 0 0 0 0 0 0 0 0 0 0 0 0 0 0 0 0 0 0 0 1 1 0 0 1 1 1 1 1 1 1 255 130 1 0 0 0 0 0 0 0 0 0 0 0 0 0 0 0 0 0 0 0 0 0 0 0 0 0 0 0 0 0 0 0
0 0 0 1 2 161 67 2 1 1 1 0 0 0 1 1 38 255 1 0 1 0 1 1 0 0 0 0 0 0 0 0 0 0 0 0 0 0 0 0 0 0 0 1 1 0 1 1 185 177 148 105 6 1 1 1 1 5 72 0 0 0 0 1 1 0 0 0 0 0 0 0 0 0 0 0 0 0 1 3 4 191 1 0 0 0 0 1 5 1 0 0 0 0 1 2 142 62 1 1 1 0 1 1 1 1 221 255 23 1 0 0 0 0 0 0 0 0 0 0 0 0 0 0 0 2 14 0 0 0 0 151 104 0 0 0 0 0 0 0 0 31 250 1 1 3 1 0 1 2 2 2 1 0 1 1 1 1 10 207 160 10 3 2 1 1 8 5 1 1 1 1 1 1 1 1 33 167 111 17 14 8 10 2 1 1 2 3 1 1 8 222 251 187 1 1 1 1 1 0 0 0 0 0 1 1 1 1 1 0 0 0 1 1 1 0 1 112 240 2 1 1 1 1 155 123 1 247 2 1 0 0 0 0 0 0 0 0 0 0 1 1 0 0 0 0 0 0 0 0 0 0 0 1 1 1 1 1 220 224 1 1 1 1 1 1 1 1 0 0 0 0 0 0 1 234 1 0 0 0 0 0 0 0 0 0 1 1 1 1 1 0 1 1 34 0 0 0 0 0 0 0 0 0 0 0 0 0 0 0 0 0 1 254 37 248 198 1 1 1 1 1 194 235 220 1 1 1 1 86 227 231 231 197 2 1 2 3 229 14 1 1 165 232 228 228 199 10 2 196 234 230 228 232 242 248 239 205 188 222 237 237 232 220 231 237 143 117 156 134 152 160 161 160 50 1 1 1 1 1 1 1 2 12 47 79 108 120 129 143 147 124 65 18 3 1 1 1 1 1 1 2 29 125 153 157 164 170 250 120 1 1 1 1 1 1 1 0 1 208 6 0 1 0 0 0 1 1 0 0 0 0 0 0 0 0 0 0 0 0 0 0 0 0 0 0 0 0 0 0 0 0 0 0 0 0 0 0 0 0 0 0 0 0 0 0 0 1 1 0 0 1 1 1 1 1 0 174 255 1 0 0 0 0 0 0 0 0 0 0 0 0 0 0 0 0 0 0 0 0 0 0 0 0 0 0 0 0 0 0 0 0
0 0 0 1 1 1 123 138 3 1 1 1 0 0 1 1 16 255 1 0 1 1 1 0 0 0 0 0 0 0 0 0 0 0 0 0 0 0 0 0 0 0 1 1 0 0 0 1 1 57 94 137 195 127 1 1 1 100 1 0 0 0 1 1 0 0 0 0 0 0 0 0 0 0 0 1 1 3 2 1 1 170 7 0 0 0 0 0 4 1 0 0 0 1 6 149 4 1 0 1 1 0 1 1 0 1 1 242 255 249 1 0 0 0 0 0 0 0 0 0 0 0 0 0 0 20 1 0 0 0 0 186 60 1 0 1 0 0 0 1 5 250 53 1 0 3 1 1 0 1 1 1 2 1 1 1 1 1 1 15 206 225 227 227 227 229 225 225 221 225 225 217 174 192 225 225 228 181 207 226 228 228 228 228 208 6 2 1 0 0 3 222 15 253 31 1 1 0 0 0 0 0 0 0 0 1 1 0 0 0 0 0 0 1 1 0 0 1 153 237 1 1 1 2 218 2 2 247 1 1 0 0 0 0 0 0 0 0 0 0 1 0 0 0 0 0 0 0 1 1 1 1 1 1 1 1 1 1 224 218 1 1 0 0 0 0 0 0 0 0 0 0 0 1 0 232 4 0 0 0 0 1 1 1 1 1 1 1 0 0 1 1 1 1 28 1 0 0 0 0 0 0 0 0 0 0 0 0 0 0 0 0 0 196 254 253 246 161 1 1 1 10 242 25 1 1 1 1 1 1 1 1 1 1 1 1 1 1 10 231 166 231 165 1 1 1 1 1 1 1 1 2 6 3 1 2 77 199 199 82 3 1 1 1 1 2 227 56 1 6 2 112 13 1 69 159 159 155 155 152 148 148 150 215 241 243 170 17 195 241 241 241 246 248 250 249 241 208 176 172 208 246 248 241 241 239 238 238 55 1 1 1 1 1 0 1 0 1 1 219 1 1 1 0 0 0 0 1 0 0 0 0 0 0 0 0 0 0 0 0 0 0 0 0 0 0 0 0 0 0 0 0 0 0 0 0 0 0 0 0 0 0 0 0 0 0 0 1 1 0 0 1 1 1 0 0 1 255 43 1 0 0 0 0 0 0 0 0 0 0 0 0 0 0 0 0 0 0 0 0 0 0 0 0 0 0 0 0 0 0 0 0
0 0 0 0 1 1 1 28 168 37 1 1 1 0 1 1 9 255 1 1 1 1 1 0 1 1 0 0 0 0 0 0 0 0 0 0 0 0 0 0 0 0 1 0 0 0 0 0 1 1 1 1 2 209 67 8 6 93 0 0 0 1 1 0 0 0 0 0 0 0 0 0 1 1 3 3 2 1 0 0 1 7 171 1 0 0 0 0 1 6 1 0 1 32 138 1 1 1 1 1 0 1 1 0 0 0 1 1 19 255 255 1 0 0 0 0 0 0 0 0 0 0 0 0 1 25 1 0 0 0 1 215 1 0 0 1 1 0 1 1 19 252 1 1 1 1 2 1 1 1 1 1 1 1 1 0 1 1 1 1 3 16 1 1 4 6 16 16 35 15 16 47 156 127 5 2 1 1 1 1 1 1 2 8 172 206 1 0 0 0 2 225 1 148 251 4 1 0 0 0 0 0 0 0 1 1 0 0 0 0 0 0 0 1 1 1 0 0 1 222 218 1 1 70 185 1 3 247 1 1 0 0 0 0 0 1 1 1 1 1 1 0 0 1 1 1 1 1 1 1 1 1 1 1 1 0 0 0 237 171 0 1 0 0 0 0 0 0 0 0 0 0 0 1 1 164 187 1 1 1 1 1 0 0 0 0 0 0 0 0 0 1 0 1 2 23 0 0 0 0 0 0 0 0 0 0 0 0 0 0 0 0 0 0 0 195 245 248 47 1 1 18 204 182 1 1 1 1 0 0 1 1 1 1 1 1 1 1 1 40 162 2 1 1 1 1 1 1 1 0 1 1 1 1 1 1 1 1 1 1 1 1 1 1 1 1 7 233 1 82 238 207 230 238 227 4 1 1 0 1 177 238 238 203 18 3 203 238 180 1 1 1 1 1 1 13 151 226 238 238 224 45 1 1 1 1 1 1 1 1 1 0 0 0 1 1 0 1 1 219 1 1 0 0 0 0 0 1 0 0 0 0 0 0 0 0 0 0 0 0 0 0 0 0 0 0 0 0 0 0 0 0 0 0 0 0 0 0 0 0 0 0 0 0 0 0 0 0 1 1 1 1 0 1 1 0 1 255 1 1 0 0 0 0 0 0 0 0 0 0 0 0 0 0 0 0 0 0 0 0 0 0 0 0 0 0 0 0 0 0 0 0
0 0 0 0 1 1 1 1 2 134 126 2 1 1 1 1 6 255 2 1 1 1 0 1 1 1 0 0 0 0 0 0 0 0 0 0 0 0 0 0 0 1 0 0 0 0 0 0 0 1 1 1 1 221 7 57 72 3 0 0 0 1 0 0 0 0 0 0 0 1 1 3 3 3 1 0 0 0 0 0 0 1 190 1 0 0 0 0 0 2 3 1 78 99 1 1 1 0 0 0 0 1 1 0 0 0 0 0 1 1 255 255 1 1 0 0 0 0 0 0 0 0 0 0 6 6 1 0 0 0 2 211 1 0 0 0 1 1 1 1 248 189 6 6 6 6 14 1 1 1 1 1 1 1 2 2 2 2 2 2 2 28 4 4 3 1 0 1 1 1 1 1 1 1 0 1 1 0 0 0 1 1 1 1 4 230 2 1 0 0 2 227 1 1 229 247 1 1 0 0 0 0 0 1 1 0 0 0 0 0 0 0 0 1 1 1 0 0 1 2 243 36 1 215 4 2 93 244 1 1 1 1 1 1 1 1 1 1 1 1 1 1 1 1 1 1 1 1 1 1 1 1 1 1 1 1 1 1 245 40 0 1 0 0 0 0 0 0 0 0 0 0 0 0 1 3 233 1 0 0 0 0 0 0 0 0 0 0 0 0 0 1 0 1 1 33 0 0 0 0 0 0 0 0 0 0 0 0 0 0 0 0 0 0 0 0 224 243 248 4 1 19 2 240 1 0 0 0 0 0 0 0 0 0 0 0 0 0 1 0 1 1 1 1 1 1 1 1 0 0 0 0 0 0 0 0 0 0 0 0 0 0 0 0 0 0 1 240 221 218 1 1 1 1 31 236 238 238 238 238 169 1 1 1 1 1 1 1 1 1 1 1 1 1 1 1 1 1 1 1 1 1 1 1 1 1 1 0 0 0 0 0 0 0 1 0 0 1 4 213 1 1 0 0 0 0 0 1 0 0 0 0 0 0 0 0 0 0 0 0 0 0 0 0 0 0 0 0 0 0 0 0 0 0 0 0 0 0 0 0 0 0 0 0 0 0 0 0 0 0 0 0 0 1 1 0 4 255 1 1 0 0 0 0 0 0 0 0 0 0 0 0 0 0 0 0 0 0 0 0 0 0 0 0 0 0 0 0 0 0 0 0
0 0 0 0 0 1 1 0 1 1 48 159 8 1 1 1 4 255 5 1 1 1 1 1 0 1 0 0 0 0 0 0 0 0 0 0 0 0 0 0 0 1 0 0 0 0 0 0 1 1 0 1 2 221 1 1 1 0 0 0 1 1 0 0 0 0 1 1 2 3 3 1 1 0 0 0 0 0 0 0 0 1 185 1 0 0 0 0 0 1 13 139 66 1 0 1 1 0 0 0 1 1 0 0 0 0 0 0 0 0 1 255 252 1 1 0 0 0 0 0 0 0 0 0 25 1 0 0 0 0 105 151 1 0 0 0 1 1 1 16 253 1 1 1 1 1 10 4 1 1 1 1 1 1 1 1 3 8 9 9 7 2 1 1 0 0 0 0 0 0 0 0 0 0 0 0 0 0 0 0 0 0 1 1 1 226 53 1 0 1 2 225 1 1 1 246 233 1 0 0 0 1 1 1 0 0 0 0 0 0 0 0 0 0 1 1 0 0 0 1 10 244 72 231 232 247 246 14 0 0 1 1 1 1 1 1 1 1 1 1 1 1 1 0 0 0 0 0 0 0 0 0 0 0 0 0 0 0 246 8 0 1 0 0 0 0 0 0 0 0 0 0 0 0 1 1 234 2 0 0 0 0 0 0 0 0 0 0 0 0 0 1 1 1 1 33 1 0 0 0 0 0 0 0 0 0 0 0 0 0 0 0 0 0 0 0 0 237 244 246 2 12 2 227 117 1 0 0 0 0 0 0 0 0 0 0 0 0 1 1 1 1 1 0 0 0 0 0 0 0 0 0 0 0 0 0 0 0 0 0 0 0 0 0 0 0 1 5 62 1 1 1 1 0 1 1 1 2 1 1 1 1 1 1 0 0 0 0 1 1 0 0 0 0 0 0 0 0 0 0 0 0 0 0 0 0 0 0 0 0 0 0 0 0 1 0 0 1 183 50 1 1 0 0 0 0 0 1 0 0 0 0 0 0 0 0 0 0 0 0 0 0 0 0 0 0 0 0 0 0 0 0 0 0 0 0 0 0 0 0 0 0 0 0 0 0 0 0 0 0 0 0 0 0 1 0 5 255 1 1 0 0 0 0 0 0 0 0 0 0 0 0 0 0 0 0 0 0 0 0 0 0 0 0 0 0 0 0 0 0 0 0
0 0 0 0 0 0 1 1 1 1 1 8 158 12 1 1 3 255 17 1 1 1 1 1 1 1 0 0 0 0 0 0 0 0 0 0 0 0 0 0 0 1 0 0 0 0 0 0 0 1 0 1 20 214 1 1 0 0 0 1 1 0 0 1 1 1 3 3 1 1 0 0 0 0 0 0 0 0 0 0 0 1 60 123 1 0 0 1 1 35 109 1 4 1 0 1 0 0 0 0 1 1 0 0 0 0 0 0 0 0 1 6 255 48 1 0 0 0 0 0 0 0 0 1 20 1 0 0 0 0 202 11 1 1 70 223 229 229 232 250 205 1 1 3 9 13 1 5 1 1 1 5 8 9 8 7 3 1 1 1 0 0 0 0 0 0 0 0 0 0 0 0 0 0 0 0 0 0 0 0 0 0 0 1 1 78 233 157 1 1 1 227 1 0 1 4 251 154 1 0 1 1 1 0 0 0 0 0 0 0 0 0 0 0 1 1 0 0 0 0 1 140 255 247 216 5 1 1 1 1 1 1 1 1 1 1 1 0 0 0 0 0 0 0 0 0 0 0 0 0 0 0 0 0 0 0 0 0 246 4 0 1 0 0 0 0 0 0 0 0 0 0 0 0 0 1 207 122 1 0 0 0 0 0 0 0 0 0 0 0 0 0 1 1 1 10 6 0 0 0 0 0 0 0 0 0 0 0 0 0 0 0 0 0 0 0 0 1 244 246 237 2 17 221 144 1 0 0 0 0 0 0 0 0 0 0 0 0 0 0 0 0 0 0 0 0 0 0 0 0 0 0 0 0 0 0 0 0 0 0 0 0 0 0 0 0 0 0 0 1 1 0 0 0 0 0 0 1 1 1 1 1 0 0 0 0 0 0 0 0 0 0 0 0 0 0 0 0 0 0 0 0 0 0 0 0 0 0 0 0 0 0 0 0 1 0 1 1 220 1 1 1 0 0 0 0 0 1 1 0 0 0 0 0 0 0 0 0 0 0 0 0 0 0 0 0 0 0 0 0 0 0 0 0 0 0 0 0 0 0 0 0 0 0 0 0 0 0 0 0 0 0 0 0 1 1 1 255 1 1 0 0 0 0 0 0 0 0 0 0 0 0 0 0 0 0 0 0 0 0 0 0 0 0 0 0 0 0 0 0 0 0
0 0 0 0 0 0 0 1 1 1 1 1 5 158 11 1 2 255 83 1 1 1 1 1 1 0 0 0 0 0 0 0 0 0 0 0 0 0 0 0 0 1 1 1 0 0 0 0 0 1 1 1 203 68 1 1 0 0 0 1 0 0 1 3 3 2 1 0 0 0 0 0 0 0 0 0 0 0 0 0 0 0 1 186 1 0 1 1 105 46 1 1 2 1 0 0 1 1 1 1 1 0 0 0 0 0 0 0 0 0 0 1 242 255 1 1 0 0 0 0 0 0 0 12 3 0 0 0 0 0 185 48 1 209 221 30 2 1 18 245 1 1 11 4 1 1 0 2 5 7 4 2 1 1 0 0 0 0 0 0 0 0 0 0 0 0 0 0 0 0 0 0 0 0 0 0 0 0 0 0 0 0 0 1 1 1 81 227 80 1 1 227 1 1 0 1 35 254 6 1 1 1 0 0 0 0 0 0 0 0 0 0 0 0 1 1 0 0 1 1 1 1 247 250 4 1 1 1 1 1 1 0 0 0 0 0 0 0 0 0 0 1 1 0 0 0 0 0 0 0 0 0 0 0 0 0 0 1 246 4 0 1 0 0 0 0 0 0 0 0 0 0 0 0 0 1 7 232 1 0 0 0 0 0 0 0 0 0 0 0 0 1 1 1 1 1 32 0 0 0 0 0 0 0 0 0 0 0 0 0 0 0 0 0 0 0 0 0 2 246 248 230 25 240 3 1 0 0 0 0 0 0 0 0 0 0 0 0 0 0 0 0 0 0 0 0 0 0 0 0 0 0 0 0 0 0 0 0 0 0 0 0 0 0 0 0 0 0 0 0 0 0 0 0 0 0 0 0 0 0 0 0 0 0 0 0 0 0 0 0 0 0 0 0 0 0 0 0 0 0 0 0 0 0 0 0 0 0 0 0 0 0 0 0 1 0 1 1 220 1 1 0 0 0 0 0 0 0 1 0 0 0 0 0 0 0 0 0 0 0 0 0 0 0 0 0 0 0 0 0 0 0 0 0 0 0 0 0 0 0 0 0 0 0 0 0 0 0 0 0 0 0 0 0 0 1 1 255 86 1 0 0 0 0 0 0 0 0 0 0 0 0 0 0 0 0 0 0 0 0 0 0 0 0 0 0 0 0 0 0 0 0
0 0 0 0 0 0 0 0 0 1 1 1 1 5 164 4 1 255 202 1 1 1 1 1 0 0 0 0 0 0 0 0 0 0 0 0 0 0 0 0 0 0 0 1 1 0 0 0 0 1 1 1 219 1 1 0 0 0 1 1 0 1 3 1 1 0 0 0 0 0 0 0 0 0 0 0 0 0 0 0 0 0 1 185 1 1 19 124 4 1 1 1 1 3 1 0 0 1 1 1 0 0 0 0 0 0 0 0 0 0 0 0 1 255 247 1 0 0 0 0 0 0 1 26 1 0 0 0 0 0 152 102 191 174 1 1 0 1 245 13 0 1 8 1 0 0 0 1 1 1 0 0 0 0 0 0 0 0 0 0 0 0 0 0 0 0 0 0 0 0 0 0 0 0 0 0 0 0 0 0 0 0 0 1 1 1 1 32 227 1 1 227 1 1 1 1 1 230 250 2 1 0 0 0 0 0 0 0 0 0 0 0 0 0 1 1 1 1 1 1 1 1 9 255 235 1 1 1 0 0 0 0 0 0 0 0 0 0 0 0 0 1 1 0 0 0 0 0 0 0 0 0 0 0 0 0 0 1 246 3 0 1 0 0 0 0 0 0 0 0 0 0 0 0 0 1 1 235 2 1 0 0 0 0 0 0 0 0 1 1 1 1 0 0 1 1 33 0 0 0 0 0 0 0 0 0 0 0 0 0 0 0 0 0 0 0 0 0 0 7 246 248 251 209 1 1 0 0 0 0 0 0 0 0 0 0 0 0 0 0 0 0 0 0 0 0 0 0 0 0 0 0 0 0 0 0 0 0 0 0 0 0 0 0 0 0 0 0 0 0 0 0 0 0 0 0 0 0 0 0 0 0 0 0 0 0 0 0 0 0 0 0 0 0 0 0 0 0 0 0 0 0 0 0 0 0 0 0 0 0 0 0 0 0 0 0 1 1 218 1 1 0 0 0 0 0 0 0 1 0 0 0 0 0 0 0 0 0 0 0 0 0 0 0 0 0 0 0 0 0 0 0 0 0 0 0 0 0 0 0 0 0 0 0 0 0 0 0 0 0 0 0 0 0 0 1 1 208 255 1 0 0 0 0 0 0 0 0 0 0 0 0 0 0 0 0 0 0 0 0 0 0 0 0 0 0 0 0 0 0 0 0
0 0 0 0 0 0 0 0 0 0 1 1 1 1 13 162 2 255 233 1 1 1 1 1 1 0 0 0 0 0 0 0 0 0 0 0 0 0 0 0 0 0 0 0 1 1 0 0 0 1 1 1 219 1 1 0 0 1 1 0 0 3 1 0 0 0 0 0 0 0 0 0 0 0 0 0 0 0 0 0 0 1 1 142 42 100 60 1 1 0 1 0 0 1 2 1 1 1 1 1 0 0 0 0 0 0 0 0 0 0 0 0 1 29 255 1 1 0 0 0 0 0 3 12 1 0 0 0 1 1 171 223 212 1 1 0 0 113 242 0 0 1 1 13 0 1 1 1 1 1 0 0 0 0 0 0 0 0 0 0 0 0 0 0 0 0 0 0 0 0 0 0 0 0 0 0 0 0 0 0 0 0 0 0 1 1 1 2 231 1 1 227 2 1 1 1 124 254 245 236 1 1 0 0 0 0 0 0 0 0 0 0 1 1 1 1 1 0 0 1 1 1 221 244 252 216 1 1 1 0 0 0 0 0 0 0 0 0 0 0 0 0 1 1 1 1 1 1 0 0 0 0 0 0 0 0 0 1 248 2 0 1 0 0 0 0 0 0 0 0 0 0 0 0 0 0 1 194 192 2 1 0 0 1 1 1 1 1 1 0 1 0 0 0 1 1 25 2 0 0 0 0 0 0 0 0 0 0 0 0 0 0 0 0 0 0 0 0 0 0 6 246 251 254 16 1 0 0 0 0 0 0 0 0 0 0 0 0 0 0 0 0 0 0 0 0 0 0 0 0 0 0 0 0 0 0 0 0 0 0 0 0 0 0 0 0 0 0 0 0 0 0 0 0 0 0 0 0 0 0 0 0 0 0 0 0 0 0 0 0 0 0 0 0 0 0 0 0 0 0 0 0 0 0 0 0 0 0 0 0 0 0 0 0 0 0 1 133 131 1 1 0 0 0 0 0 0 0 1 0 0 0 0 0 0 0 0 0 0 0 0 0 0 0 0 0 0 0 0 0 0 0 0 0 0 0 0 0 0 0 0 0 0 0 0 0 0 0 0 0 0 0 0 0 0 0 1 1 255 11 1 0 0 0 0 0 0 0 0 0 0 0 0 0 0 0 0 0 0 0 0 0 0 0 0 0 0 0 0 0 0 0
0 0 0 0 0 0 0 0 0 0 1 0 1 1 1 92 122 254 245 0 0 1 1 0 0 0 0 0 0 0 0 0 0 0 0 0 0 0 0 0 0 0 0 0 0 1 0 0 0 1 1 1 218 1 1 0 0 1 0 0 1 3 1 0 0 0 0 0 0 0 0 0 0 0 0 0 0 0 0 1 1 1 2 139 215 3 1 0 0 0 0 0 0 1 2 1 1 1 0 0 0 0 0 0 0 0 0 0 0 0 0 0 0 1 255 254 1 0 0 0 0 0 18 1 1 4 63 209 234 240 246 187 1 6 1 0 0 246 6 0 0 1 0 10 1 1 1 1 1 1 0 0 0 0 0 0 0 0 0 0 0 0 0 0 0 0 0 0 0 0 0 0 0 0 0 0 0 0 0 0 0 0 0 0 0 1 1 2 230 4 1 227 2 1 1 221 254 172 4 243 206 1 1 0 0 0 0 0 0 0 0 1 1 1 1 1 1 0 0 1 1 160 248 1 18 254 83 1 1 1 0 1 1 1 0 0 0 0 1 1 0 0 0 0 0 0 0 1 0 0 0 0 0 0 0 0 0 1 246 13 0 1 0 0 0 0 0 0 0 0 0 0 0 0 0 0 1 64 81 201 1 1 1 1 0 0 0 0 0 0 1 0 0 0 1 1 1 26 0 0 0 0 0 0 0 0 0 0 0 0 0 0 0 0 0 0 0 0 0 0 0 2 241 248 255 227 1 1 0 0 0 0 0 0 0 0 0 0 0 0 0 0 0 0 0 0 0 0 0 0 0 0 0 0 0 0 0 0 0 0 0 0 0 0 0 0 0 0 0 0 0 0 0 0 0 0 0 0 0 0 0 0 0 0 0 0 0 0 0 0 0 0 0 0 0 0 0 0 0 0 0 0 0 0 0 0 0 0 0 0 0 0 0 0 1 1 1 220 1 1 1 0 0 0 0 0 0 0 1 1 0 0 0 0 0 0 0 0 0 0 0 0 0 0 0 0 0 0 0 0 0 0 0 0 0 0 0 0 0 0 0 0 0 0 0 0 0 0 0 0 0 0 0 0 0 0 1 1 231 255 1 0 0 0 0 0 0 0 0 0 0 0 0 0 0 0 0 0 0 0 0 0 0 0 0 0 0 0 0 0 0 0
0 0 1 1 0 0 0 0 0 0 1 1 1 1 1 10 193 253 246 0 1 1 0 0 0 0 0 0 0 0 0 0 0 0 0 0 0 0 0 0 0 0 0 0 0 1 1 0 0 1 1 116 189 1 1 0 1 1 0 0 1 3 0 0 0 0 0 0 0 0 0 0 0 0 0 0 1 1 1 1 6 142 141 8 173 1 0 0 0 0 0 0 0 1 1 3 1 1 0 0 0 0 0 0 0 0 0 0 0 0 0 0 0 0 25 255 1 0 0 0 0 1 19 75 226 242 238 221 115 13 98 1 0 1 5 0 1 248 1 0 0 1 0 10 1 0 1 1 1 1 1 0 0 0 0 0 0 0 0 0 0 0 0 0 0 0 0 0 0 0 0 0 0 0 0 0 0 0 0 0 0 0 0 0 0 1 1 1 230 6 1 224 4 3 243 250 9 58 1 3 249 72 1 1 0 0 0 0 0 0 0 1 1 1 0 1 1 0 1 1 1 251 2 1 1 150 254 4 1 1 0 1 0 1 1 1 1 14 36 36 2 1 1 1 0 0 0 1 0 0 0 0 0 0 0 0 1 160 184 219 1 1 0 0 0 0 0 0 0 0 0 1 1 1 4 10 42 67 2 222 1 0 0 0 0 0 0 0 1 1 1 0 0 0 0 1 1 34 0 0 0 0 0 0 0 0 0 0 0 0 0 0 0 0 0 0 0 0 0 0 0 0 1 216 249 254 253 8 1 1 1 0 0 0 0 0 0 0 0 0 0 0 0 1 0 0 0 0 0 0 0 0 0 0 0 0 0 0 0 0 0 0 0 0 0 0 0 0 0 0 0 0 0 0 0 0 0 0 0 0 0 0 0 0 0 0 0 0 0 0 0 0 0 0 0 0 0 0 0 0 0 0 0 0 0 0 0 0 0 0 0 0 0 0 0 1 1 220 1 1 0 0 0 0 0 0 0 0 0 1 0 0 0 0 0 0 0 0 0 0 0 0 0 0 0 0 0 0 0 0 0 0 0 0 0 0 0 0 0 0 0 0 0 0 0 0 0 0 0 0 0 0 0 0 0 0 0 1 1 255 3 1 0 0 0 0 0 0 0 0 0 0 0 0 0 0 0 0 0 0 0 0 0 0 0 0 0 0 0 0 0 0
1 1 1 1 1 0 0 0 0 0 1 1 1 1 1 2 180 255 240 1 1 1 0 0 0 0 0 0 0 0 0 0 0 0 0 0 0 0 0 1 0 0 1 1 1 0 1 0 0 1 1 215 7 1 0 0 1 0 0 0 2 1 0 0 0 0 0 0 0 0 0 0 0 1 1 1 1 1 16 148 130 2 1 1 163 2 0 0 0 0 0 0 1 1 3 1 1 0 0 0 0 0 0 0 0 0 0 0 0 0 0 0 0 0 1 255 1 1 0 0 0 8 53 233 199 1 1 0 0 1 94 1 1 1 6 0 1 248 0 0 0 1 1 11 1 1 1 1 0 0 1 0 0 0 0 0 0 0 0 0 0 0 0 0 0 0 0 0 0 0 0 0 0 0 0 0 0 0 0 0 0 0 0 0 0 0 0 1 207 211 23 225 41 250 243 2 11 19 1 1 29 250 5 1 1 0 0 0 0 0 1 1 1 0 0 1 1 0 1 1 238 229 1 1 1 1 229 251 1 1 1 1 2 101 117 118 117 53 1 1 104 121 121 120 119 119 114 108 98 86 72 60 47 42 38 34 53 217 1 223 23 3 2 1 1 1 1 1 1 3 5 27 47 38 25 12 1 45 200 117 1 0 0 0 0 0 0 0 0 0 0 0 0 0 0 1 1 31 1 0 0 0 0 0 0 0 0 0 0 0 0 0 0 0 0 0 0 0 0 0 0 0 0 0 26 247 249 255 207 1 1 1 0 0 0 0 0 0 0 0 0 0 0 1 0 0 0 0 0 0 0 0 0 0 0 0 0 0 0 0 0 0 0 0 0 0 0 0 0 0 0 0 0 0 0 0 0 0 0 0 0 0 0 0 0 0 0 0 0 0 0 0 0 0 0 0 0 0 0 0 0 0 0 0 0 0 0 0 0 0 0 0 0 0 0 1 1 220 1 1 0 0 0 0 0 0 0 0 0 1 0 0 0 0 0 0 0 0 0 0 0 0 0 0 0 0 0 0 0 0 0 0 0 0 0 0 0 0 0 0 0 0 0 0 0 0 0 0 0 0 0 0 0 0 0 0 0 1 1 241 254 1 0 0 0 0 0 0 0 0 0 0 0 0 0 0 0 0 0 0 0 0 0 0 0 0 0 0 0 0 0 0
1 1 0 0 1 0 0 0 0 1 1 1 1 1 1 3 239 255 239 1 0 0 1 0 0 0 0 0 0 0 0 0 0 0 0 0 0 0 0 1 1 1 1 0 1 0 1 1 0 1 1 218 1 1 1 1 1 0 0 0 3 1 0 0 1 1 1 1 1 1 1 1 1 1 1 1 47 160 117 2 1 1 0 0 92 56 0 0 0 0 0 1 2 3 1 0 0 0 0 0 0 0 0 0 0 0 0 0 0 0 0 0 0 0 1 255 1 1 1 0 0 17 232 169 1 1 1 0 0 0 32 17 1 1 6 1 1 248 1 2 1 1 1 7 1 1 1 1 0 0 1 0 0 0 0 0 0 0 0 0 0 0 0 0 0 0 0 0 0 0 0 0 0 0 0 0 0 0 0 0 0 0 0 0 0 0 0 0 1 106 227 246 254 220 1 1 54 1 1 1 1 187 243 2 1 0 0 0 0 0 1 1 1 0 0 1 1 1 1 1 251 1 0 0 1 1 1 241 248 1 1 9 108 3 1 1 1 2 29 27 1 1 1 1 1 1 1 2 4 6 11 17 24 28 33 36 89 206 1 221 67 29 36 36 41 44 45 46 41 28 21 3 1 0 0 0 0 0 76 203 1 0 0 0 0 0 0 0 0 0 0 0 0 0 0 1 1 2 23 0 0 0 0 0 0 0 0 0 0 0 0 0 0 0 0 0 0 0 0 0 0 0 0 0 0 1 216 249 255 252 3 1 0 0 0 0 0 0 0 0 0 0 0 1 0 0 0 0 0 0 0 0 0 0 0 0 0 0 0 0 0 0 0 0 0 0 0 0 0 0 0 0 0 0 0 0 0 0 0 0 0 0 0 0 0 0 0 0 0 0 0 0 0 0 0 0 0 0 0 0 0 0 0 0 0 0 0 0 0 0 0 0 0 0 0 1 139 128 1 1 0 0 0 0 0 0 0 0 0 1 0 0 0 0 0 0 0 0 0 0 0 0 0 0 0 0 0 0 0 0 0 0 0 0 0 0 0 0 0 0 0 0 0 0 0 0 0 0 0 0 0 0 0 0 0 0 0 0 1 1 255 1 1 0 0 0 0 0 0 0 0 0 0 0 0 0 0 0 0 0 0 0 0 0 0 0 0 0 0 0 0 0
0 0 0 0 1 1 0 0 1 1 1 1 1 1 5 245 242 123 254 1 1 0 1 1 0 0 0 0 0 0 0 0 0 0 0 0 0 0 0 0 0 0 0 0 0 0 0 1 0 1 1 218 1 1 1 1 1 1 1 1 4 1 1 1 1 0 0 0 0 0 1 1 1 2 119 160 80 1 1 1 1 0 0 0 17 127 0 0 0 0 1 3 2 1 0 0 0 0 0 0 0 0 0 0 0 0 0 0 0 0 0 0 0 0 1 255 4 1 1 1 1 13 242 10 1 1 0 0 0 1 2 93 1 1 5 6 8 248 8 4 5 0 0 1 6 1 1 1 0 0 1 1 0 0 0 0 0 0 0 0 0 0 0 0 0 0 0 0 0 0 0 0 0 0 0 0 0 0 0 0 0 0 0 0 0 0 0 0 0 1 1 255 233 1 1 1 57 1 1 0 0 1 234 233 1 1 1 0 0 0 1 1 0 0 0 1 1 1 1 185 246 1 0 0 1 1 1 1 248 251 127 80 1 1 1 0 0 0 0 0 0 0 0 0 0 0 0 0 0 0 0 0 0 0 1 1 1 218 175 210 1 1 1 1 0 0 0 0 0 0 0 0 0 0 0 0 0 0 1 229 1 0 0 0 0 0 0 0 0 0 0 0 0 0 0 0 1 0 38 2 2 2 2 2 2 1 1 1 0 0 0 0 0 0 0 0 0 0 0 0 0 0 0 0 0 0 0 13 245 252 255 179 1 1 1 0 0 0 0 0 0 0 1 1 0 0 0 0 0 0 0 0 0 0 0 0 0 0 0 0 0 0 0 0 0 0 0 0 0 0 0 0 0 0 0 0 0 0 0 0 0 0 0 0 0 0 0 0 0 0 0 0 0 0 0 0 0 0 0 0 0 0 0 0 0 1 1 1 1 1 1 1 1 1 1 1 221 1 1 1 0 0 0 0 0 0 0 0 0 1 0 0 0 0 0 0 0 0 0 0 0 0 0 0 0 0 0 0 0 0 0 0 0 0 0 0 0 0 0 0 0 0 0 0 0 0 0 0 0 0 0 0 0 0 0 0 0 0 0 1 250 251 1 0 0 0 0 0 0 0 0 0 0 0 0 0 0 0 0 0 0 0 0 0 0 0 0 0 0 0 0 0
0 0 0 0 0 1 1 0 1 0 0 1 1 60 251 224 1 1 254 5 1 0 0 1 0 0 0 0 0 0 0 0 0 0 0 0 0 0 0 0 0 0 0 0 0 0 0 1 0 1 1 225 176 137 47 5 2 1 1 2 29 63 99 92 80 80 91 95 92 112 158 170 176 150 14 1 1 1 1 0 0 0 0 0 3 154 1 1 1 1 4 1 1 0 0 0 0 0 0 0 0 0 0 0 0 0 0 0 0 0 0 0 0 0 1 255 233 1 0 1 13 5 232 149 1 1 0 0 1 1 1 10 48 1 1 1 1 249 1 1 2 1 0 1 1 6 1 1 0 1 1 1 0 0 0 0 0 0 0 0 0 0 0 0 0 0 0 0 0 0 0 0 0 0 0 0 0 0 0 0 0 0 0 0 0 0 0 0 0 0 1 255 228 1 1 7 20 1 1 1 1 1 1 246 172 1 1 1 1 1 1 1 0 0 0 1 1 1 1 251 4 1 1 0 0 1 1 1 3 240 253 1 1 0 0 0 0 0 0 0 0 0 0 0 0 0 0 0 0 0 0 0 0 0 0 0 0 10 245 2 0 1 1 1 0 0 0 0 0 0 0 0 0 0 0 0 0 0 0 226 4 0 0 0 0 0 0 0 0 0 0 0 0 0 0 0 1 1 41 1 0 0 0 0 1 1 1 2 2 2 2 2 2 1 1 0 0 0 0 0 0 0 0 0 0 0 0 0 1 204 249 255 255 213 45 1 0 0 0 0 0 0 1 1 0 0 0 0 0 0 0 0 0 0 0 0 0 0 0 0 0 0 0 0 0 0 0 0 0 0 0 0 0 0 0 0 0 0 0 0 0 0 0 0 0 0 0 0 0 0 0 0 0 0 0 0 0 0 0 0 0 0 0 0 0 0 0 0 0 0 0 0 0 0 1 1 221 1 1 0 0 0 0 0 0 0 0 0 0 1 0 0 0 0 0 0 0 0 0 0 0 0 0 0 0 0 0 0 0 0 0 0 0 0 0 0 0 0 0 0 0 0 0 0 0 0 0 0 0 0 0 0 0 0 0 0 0 0 0 1 2 255 1 0 0 0 0 0 0 0 0 0 0 0 0 0 0 0 0 0 0 0 0 0 0 0 0 0 0 0 0 0
0 0 0 0 0 0 1 1 1 1 1 1 195 251 174 1 1 1 244 238 1 1 0 1 1 1 0 0 0 0 0 0 0 0 0 0 0 0 0 0 0 0 0 0 0 0 0 1 1 1 1 188 4 38 128 174 183 184 183 180 152 95 59 67 79 79 67 59 62 39 4 1 2 2 1 1 1 1 1 0 0 0 0 0 1 162 1 1 1 4 1 0 0 0 0 0 0 0 0 0 0 0 0 0 0 0 0 0 0 0 0 0 0 0 0 213 255 2 1 1 37 1 203 223 1 1 1 1 1 1 1 1 90 2 0 1 1 249 1 0 2 1 1 1 1 5 1 1 1 1 0 0 1 1 1 1 0 0 0 0 0 0 0 0 0 0 0 0 0 0 0 0 0 0 0 0 0 0 0 0 0 0 0 0 0 0 0 0 0 0 1 250 249 6 1 31 12 1 0 0 0 0 1 5 251 23 1 0 0 1 1 1 0 0 0 1 1 1 129 248 1 0 1 1 0 0 1 1 1 105 255 9 1 1 1 0 0 0 0 0 0 0 0 0 0 0 0 0 0 0 0 0 0 0 0 0 0 1 246 2 0 1 1 1 0 0 0 0 0 0 0 0 0 0 0 0 0 0 0 164 156 1 0 0 0 0 0 0 0 0 0 0 0 0 0 0 1 1 5 19 0 0 0 0 0 0 0 0 0 0 0 0 1 1 2 2 2 2 2 2 2 2 1 1 1 0 0 0 0 0 6 245 253 250 253 206 1 1 1 1 1 1 1 1 0 0 0 0 0 0 0 0 0 0 0 0 0 0 0 0 0 0 0 0 0 0 0 0 0 0 0 0 0 0 0 0 0 0 0 0 0 0 0 0 0 0 0 0 0 0 0 0 0 0 0 0 0 0 0 0 0 0 0 0 0 0 0 0 0 0 0 0 0 0 1 1 221 1 1 0 0 0 0 0 0 0 0 0 0 1 1 0 0 0 0 0 0 0 0 0 0 0 0 0 0 0 0 0 0 0 0 0 0 0 0 0 0 0 0 0 0 0 0 0 0 0 0 0 0 0 0 0 0 0 0 0 0 0 0 0 1 253 244 1 0 0 0 0 0 0 0 0 0 0 0 0 0 0 0 0 0 0 0 0 0 0 0 0 0 0 0 0
0 0 1 1 0 1 1 1 1 1 13 244 249 25 1 1 1 1 6 254 1 0 0 0 0 0 1 1 1 0 0 0 0 0 0 0 0 0 0 0 0 0 0 0 0 0 0 1 1 1 16 151 1 1 1 1 1 1 1 1 1 0 0 1 1 1 1 1 1 1 1 3 5 2 1 0 0 0 1 0 0 0 1 1 5 171 4 3 2 1 0 0 0 0 0 0 0 0 0 0 0 0 0 0 0 0 0 0 0 0 0 0 0 0 0 1 255 255 52 5 17 1 198 226 1 1 1 1 1 0 1 1 3 75 1 1 1 249 1 0 1 2 1 5 5 1 1 1 0 1 1 1 1 0 0 1 0 0 0 0 0 0 0 0 0 0 0 0 0 0 0 0 0 0 0 0 0 0 0 0 0 0 0 0 0 0 0 0 0 1 1 228 255 21 55 67 115 2 1 1 1 1 3 148 209 252 18 1 1 1 1 1 1 1 1 1 1 1 251 12 1 0 0 1 1 0 1 1 1 1 236 253 1 0 1 1 0 0 0 0 0 0 0 0 0 0 0 0 0 0 0 0 0 0 0 0 0 1 246 2 1 1 1 1 0 0 0 0 0 0 0 0 0 0 0 0 1 1 1 3 227 1 0 0 0 0 0 0 0 0 0 0 0 0 0 0 1 1 1 44 0 0 0 0 0 0 0 0 0 0 0 0 0 0 0 0 0 0 0 0 0 1 1 2 2 2 2 2 2 2 2 1 252 77 218 251 1 1 1 1 1 1 1 1 0 0 0 0 0 0 0 0 0 0 0 0 0 0 0 0 0 0 0 0 0 0 0 0 0 0 0 0 0 0 0 0 0 0 0 0 0 0 0 0 0 0 0 0 0 0 0 0 0 0 0 0 0 0 0 0 0 0 0 0 0 0 0 0 0 0 0 0 0 0 1 118 149 1 1 0 0 0 0 0 0 0 0 0 0 0 1 0 0 0 0 0 0 0 0 0 0 0 0 0 0 0 0 0 0 0 0 0 0 0 0 0 0 0 0 0 0 0 0 0 0 0 0 0 0 0 0 0 0 0 0 0 0 0 0 0 1 4 255 1 0 0 0 0 0 0 0 0 0 0 0 0 0 0 0 0 0 0 0 0 0 0 0 0 0 0 0 0
0 0 1 1 1 1 1 31 132 239 251 227 1 1 1 1 1 1 1 252 179 1 0 0 0 0 0 0 1 1 0 0 0 0 0 0 0 0 0 0 0 0 0 0 0 0 0 1 1 1 174 3 1 0 0 1 0 0 0 0 0 0 0 0 0 0 0 0 0 0 1 6 1 1 0 0 0 0 1 0 0 1 9 7 3 112 3 0 0 0 0 0 0 0 0 0 0 0 0 0 0 0 0 0 0 0 0 0 0 0 0 0 0 0 0 0 1 255 255 255 255 20 240 11 1 1 0 1 1 0 1 1 1 101 1 1 2 244 160 1 1 4 6 1 1 1 0 1 1 1 1 1 1 1 0 1 0 0 0 0 0 0 0 0 0 0 0 0 0 0 0 0 0 0 0 0 0 0 0 0 0 0 0 0 0 0 0 0 0 1 0 132 255 1 1 1 91 171 75 64 90 109 169 5 1 133 252 67 219 251 239 10 4 7 20 23 40 213 248 1 1 1 0 1 1 1 1 0 1 1 1 253 233 1 1 1 0 0 0 0 0 0 0 0 0 0 0 0 0 0 0 0 0 0 0 0 0 1 246 3 1 1 1 1 1 1 1 0 0 0 0 0 1 1 1 1 1 1 0 1 227 3 0 0 0 0 0 0 0 0 0 0 0 0 0 0 0 1 1 44 0 0 0 0 0 0 0 0 0 0 0 0 0 0 0 0 0 0 0 0 0 0 0 0 0 0 0 0 1 0 1 1 232 247 250 255 69 1 0 0 0 0 0 0 0 0 0 0 0 0 0 0 0 0 0 0 0 0 0 0 0 0 0 0 0 0 0 0 0 0 0 0 0 0 0 0 0 0 0 0 0 0 0 0 0 0 0 0 0 0 0 0 0 0 0 0 0 0 0 0 0 0 0 0 0 0 0 0 0 0 0 0 0 0 1 221 1 1 1 0 0 0 0 0 0 0 0 0 0 0 1 0 0 0 0 0 0 0 0 0 0 0 0 0 0 0 0 0 0 0 0 0 0 0 0 0 0 0 0 0 0 0 0 0 0 0 0 0 0 0 0 0 0 0 0 0 0 0 0 0 0 1 255 234 1 0 0 0 0 0 0 0 0 0 0 0 0 0 0 0 0 0 0 0 0 0 0 0 0 0 0 0
0 0 0 1 1 1 4 230 250 236 2 1 1 1 0 0 1 1 1 116 252 1 0 0 0 0 0 0 0 1 0 0 0 0 0 0 0 0 0 0 0 0 0 0 0 0 0 1 1 1 183 1 1 0 1 1 0 0 0 0 0 0 0 0 0 0 0 0 0 0 1 5 1 0 0 0 0 0 1 1 2 8 1 1 1 4 106 1 0 0 0 0 0 0 0 0 0 0 0 0 0 0 0 0 0 0 0 0 0 0 0 0 0 0 0 0 1 248 234 121 255 255 255 25 1 1 1 1 1 1 1 0 1 91 1 1 1 6 249 1 1 6 2 1 1 0 1 1 1 0 0 0 1 1 1 1 0 0 0 0 0 0 0 0 0 0 0 0 0 0 0 0 0 0 0 0 0 0 0 0 0 0 0 0 0 0 0 0 0 1 1 16 255 1 0 0 1 3 66 71 44 33 1 1 0 1 193 252 247 182 243 254 254 254 252 252 252 251 198 107 116 75 57 21 2 1 1 0 1 1 0 47 255 34 1 1 0 0 0 0 1 0 0 0 0 0 0 0 0 0 0 0 0 0 0 0 0 1 246 3 0 1 1 1 1 1 1 1 1 1 1 1 1 1 0 0 0 0 0 0 180 139 1 0 0 0 0 0 0 0 0 0 0 0 0 0 0 1 1 16 7 0 0 0 0 0 0 0 0 0 0 0 0 0 0 0 0 0 0 0 0 0 0 0 0 0 0 0 1 1 1 2 218 3 2 244 255 2 0 0 0 0 0 0 0 0 0 0 0 0 0 0 0 0 0 0 0 0 0 0 0 0 0 0 0 0 0 0 0 0 0 0 0 0 0 0 0 0 0 0 0 0 0 0 0 0 0 0 0 0 0 0 0 0 0 0 0 0 0 0 0 0 0 0 0 0 0 0 0 0 0 0 0 0 1 221 1 1 0 0 0 0 0 0 0 0 0 0 0 0 1 0 0 0 0 0 0 0 0 0 0 0 0 0 0 0 0 0 0 0 0 0 0 0 0 0 0 0 0 0 0 0 0 0 0 0 0 0 0 0 0 0 0 0 0 0 0 0 0 0 0 1 11 255 1 0 0 0 0 0 0 0 0 0 0 0 0 0 0 0 0 0 0 0 0 0 0 0 0 0 0 0
1 1 1 1 1 224 251 244 112 1 1 1 1 0 0 0 1 1 1 1 254 19 1 0 0 0 0 0 0 1 1 0 0 0 0 0 0 0 0 0 0 0 0 0 0 0 0 1 1 128 49 1 0 1 1 0 0 0 0 0 0 0 0 0 0 0 0 0 0 0 0 5 1 0 0 0 0 0 1 6 4 1 1 0 0 1 119 2 0 0 0 0 0 0 0 0 0 0 0 0 0 0 0 0 0 0 0 0 0 0 0 0 0 0 0 1 1 254 118 6 1 1 250 255 245 2 1 0 1 1 0 0 1 4 70 1 1 1 249 124 5 1 0 0 1 1 1 1 0 0 0 0 0 1 1 1 1 1 1 1 0 0 0 0 0 0 0 0 0 0 0 0 0 0 0 0 0 0 0 0 0 0 0 0 0 0 0 0 0 0 1 7 255 1 0 0 0 0 0 0 0 0 0 0 0 1 1 1 1 0 1 1 1 1 1 1 2 1 24 26 21 59 77 116 160 169 166 57 1 1 1 1 207 255 2 1 0 0 0 1 1 1 0 0 0 0 0 0 0 0 0 0 0 0 0 0 0 2 246 2 0 1 0 1 0 1 1 1 1 1 0 0 0 1 1 1 1 4 60 113 110 228 1 0 0 0 0 0 0 0 0 0 0 0 0 0 0 1 1 1 43 0 0 0 0 0 0 0 0 0 0 0 0 0 0 0 0 0 0 0 0 0 0 0 0 0 0 0 0 0 6 205 45 1 1 1 255 248 1 0 0 0 0 0 0 0 0 0 0 0 0 0 0 0 0 0 0 0 0 0 0 0 0 0 0 0 0 0 0 0 0 0 0 0 0 0 0 0 0 0 0 0 0 0 0 0 0 0 0 0 0 0 0 0 0 0 0 0 0 0 0 0 0 0 0 0 0 0 0 0 0 0 0 0 1 221 1 1 0 0 0 0 0 0 0 0 0 0 0 0 1 0 0 0 0 0 0 0 0 0 0 0 0 0 0 0 0 0 0 0 0 0 0 0 0 0 0 0 0 0 0 0 0 0 0 0 0 0 0 0 0 0 0 0 0 0 0 0 0 0 0 0 1 255 217 1 0 0 0 0 0 0 0 0 0 0 0 0 0 0 0 0 0 0 0 0 0 0 0 0 0 0
1 1 1 214 251 244 8 1 1 0 0 0 0 0 0 0 0 1 1 1 224 249 1 0 0 0 0 0 0 1 1 0 0 0 0 0 0 0 0 0 0 0 0 0 0 0 1 1 65 115 1 0 1 1 0 0 0 0 0 0 0 0 0 0 0 0 0 0 0 0 0 5 1 0 0 0 0 1 8 2 1 0 0 0 0 1 11 82 1 0 0 0 0 0 0 0 0 0 0 0 0 0 0 0 0 0 0 0 0 0 0 0 0 0 0 0 1 254 52 1 0 0 1 19 255 253 1 1 1 0 0 0 1 1 102 1 0 1 23 249 1 0 0 0 1 1 0 0 0 0 0 0 0 1 1 4 18 20 25 1 0 0 0 0 0 0 0 0 0 0 0 0 0 0 0 0 0 0 0 0 0 0 0 0 0 0 0 0 0 0 1 228 255 1 1 1 1 1 1 1 1 1 1 1 1 1 1 1 1 1 1 1 1 1 0 1 1 1 1 0 0 0 1 1 1 1 1 77 168 140 2 1 1 245 249 5 1 1 2 180 179 115 113 138 85 7 2 2 2 1 1 1 1 1 1 1 1 2 246 1 1 1 0 1 0 0 0 0 1 1 1 1 2 8 84 147 154 184 160 144 129 236 2 0 0 0 0 0 0 0 0 0 0 0 0 0 0 1 0 1 45 0 0 0 0 0 0 0 0 0 0 0 0 0 0 0 0 0 0 0 0 0 0 0 0 0 0 0 0 1 197 13 2 3 2 1 97 255 85 1 0 0 0 0 0 0 0 0 0 0 0 0 0 0 0 0 0 0 0 0 0 0 0 0 0 0 0 0 0 0 0 0 0 0 0 0 0 0 0 0 0 0 0 0 0 0 0 0 0 0 0 0 0 0 0 0 0 0 0 0 0 0 0 0 0 0 0 0 0 0 0 0 0 1 37 193 1 1 0 0 0 0 0 0 0 0 0 0 0 0 1 0 0 0 0 0 0 0 0 0 0 0 0 0 0 0 0 0 0 0 0 0 0 0 0 0 0 0 0 0 0 0 0 0 0 0 0 0 0 0 0 0 0 0 0 0 0 0 0 0 0 0 1 40 255 1 0 0 0 0 0 0 0 0 0 0 0 0 0 0 0 0 0 0 0 0 0 0 0 0 0 0
1 194 251 246 22 1 1 0 0 0 0 0 0 0 0 0 0 0 1 1 1 254 1 0 0 0 0 0 0 0 1 0 0 0 0 0 0 0 0 0 0 0 0 0 0 1 1 21 157 1 1 1 1 0 0 0 0 0 0 0 0 0 0 0 0 0 0 0 0 0 0 3 2 1 1 1 3 8 1 1 0 0 0 0 0 0 1 116 2 0 0 0 0 0 0 0 0 0 0 0 0 0 0 0 0 0 0 0 0 0 0 0 0 0 0 0 65 254 46 0 0 1 1 1 2 255 250 1 0 0 0 0 1 0 38 15 0 0 1 251 1 0 1 1 1 0 0 0 0 0 0 0 0 1 1 32 1 1 1 18 0 0 0 0 0 0 0 0 0 0 0 0 0 0 0 0 0 0 0 0 0 0 0 0 0 0 0 0 0 0 0 239 253 4 0 0 0 0 0 0 0 1 1 0 0 0 0 0 0 0 0 1 1 1 1 0 1 1 1 1 1 1 1 0 0 0 0 0 1 7 158 163 38 1 253 245 200 199 212 14 14 95 98 69 125 188 197 199 199 200 200 200 200 200 198 197 192 178 250 12 5 6 3 1 1 1 1 1 3 71 156 179 197 185 97 2 18 8 1 1 163 234 43 1 0 0 0 0 0 0 0 0 0 0 0 0 0 1 1 1 34 2 1 1 1 1 1 1 1 1 1 1 1 0 0 0 0 0 0 0 0 0 0 0 0 0 0 0 1 123 86 12 1 0 2 2 1 250 255 1 0 0 0 0 0 0 0 0 0 0 0 0 0 0 0 0 0 0 0 0 0 0 0 0 0 0 0 0 0 0 0 0 0 0 0 0 0 0 0 0 0 0 0 0 0 0 0 0 0 0 0 0 0 0 0 0 0 0 0 0 0 0 0 0 0 0 0 0 0 0 0 0 0 1 217 3 1 1 0 0 0 0 0 0 0 0 0 0 0 0 1 0 0 0 0 0 0 0 0 0 0 0 0 0 0 0 0 0 0 0 0 0 0 0 0 0 0 0 0 0 0 0 0 0 0 0 0 0 0 0 0 0 0 0 0 0 0 0 0 0 0 0 1 1 255 182 1 0 0 0 0 0 0 0 0 0 0 0 0 0 0 0 0 0 0 0 0 0 0 0 0 0
251 249 61 1 1 0 0 0 0 0 0 0 0 0 0 0 0 0 1 1 1 244 236 1 0 0 0 0 0 0 1 0 0 1 1 1 0 0 0 0 0 0 0 1 1 1 70 155 1 1 1 1 1 1 1 1 1 1 0 0 0 0 0 0 0 0 0 0 0 0 0 1 6 6 7 8 3 1 0 0 0 0 0 0 0 1 1 4 104 1 0 0 0 0 0 0 0 0 0 0 0 0 0 0 0 0 0 0 0 0 0 0 0 0 0 0 248 234 12 0 0 1 0 0 0 2 255 241 1 0 0 1 1 0 1 95 1 0 1 245 180 1 1 1 0 0 0 0 0 0 0 0 0 1 1 22 0 0 2 12 0 0 0 0 0 0 0 0 0 0 0 0 0 0 0 0 0 0 0 0 0 0 0 0 0 0 0 0 0 0 0 168 255 43 0 0 0 0 0 0 0 0 0 0 0 0 0 0 0 0 0 0 1 1 1 0 1 1 1 0 0 0 0 0 0 0 0 0 0 0 0 1 81 157 143 255 179 213 231 134 15 2 1 1 0 1 1 1 1 1 1 1 1 1 2 3 5 38 250 145 156 155 187 202 190 182 187 199 198 143 50 18 2 1 6 43 26 1 1 1 164 134 221 1 0 0 0 0 0 0 0 0 0 0 0 0 0 0 1 0 1 37 0 0 0 0 0 0 0 0 1 1 1 1 1 1 1 1 2 113 31 2 1 1 1 1 1 1 108 153 12 1 0 0 0 3 1 110 255 4 0 0 0 0 0 0 0 0 0 0 0 0 0 0 0 0 0 0 0 0 0 0 0 0 0 0 0 0 0 0 0 0 0 0 0 0 0 0 0 0 0 0 0 0 0 0 0 0 0 0 0 0 0 0 0 0 0 0 0 0 0 0 0 0 0 0 0 0 0 0 0 0 0 1 221 1 1 0 0 0 0 0 0 0 0 0 0 0 0 0 1 0 0 0 0 0 0 0 0 0 0 0 0 0 0 0 0 0 0 0 0 0 0 0 0 0 0 0 0 0 0 0 0 0 0 0 0 0 0 0 0 0 0 0 0 0 0 0 0 0 0 0 1 1 107 255 1 0 0 0 0 0 0 0 0 0 0 0 0 0 0 0 0 0 0 0 0 0 0 0 0 0
120 1 1 1 0 0 0 0 0 0 0 0 0 0 0 0 0 0 0 1 1 1 254 1 0 0 0 0 0 0 1 0 1 1 0 1 1 1 1 0 0 0 1 1 1 118 111 1 1 1 1 0 0 0 0 0 0 1 1 0 0 0 0 0 0 0 0 0 0 0 0 1 2 0 0 1 1 0 0 0 0 0 0 1 1 1 0 1 123 1 0 0 0 0 0 0 0 0 0 0 0 0 0 0 0 0 0 0 0 0 0 0 0 0 0 1 254 108 1 0 1 1 0 0 0 1 7 255 169 1 0 1 1 0 1 70 4 0 1 236 231 1 1 1 0 0 0 0 0 0 0 0 0 1 1 28 3 5 35 2 0 0 0 0 0 0 0 0 0 0 0 0 0 0 0 0 0 0 0 0 0 0 0 0 0 0 0 0 0 1 1 25 255 167 0 0 0 0 0 0 0 0 0 0 0 0 0 0 0 0 0 0 0 1 1 1 1 1 1 0 0 0 0 0 0 0 0 0 0 0 0 0 0 3 81 189 255 200 111 226 237 240 232 35 2 1 2 1 0 0 0 1 1 0 0 0 0 6 249 1 1 1 22 1 8 14 10 2 1 1 1 0 0 0 0 1 0 0 1 5 142 7 239 1 0 0 0 0 0 0 0 0 0 0 0 0 0 0 1 0 1 45 0 0 0 0 0 0 0 0 0 0 0 0 0 0 0 0 197 92 157 195 202 201 202 202 201 200 112 28 2 0 0 0 0 1 3 1 255 246 1 0 0 0 0 0 0 0 0 0 0 0 0 0 0 0 0 0 0 0 0 0 0 0 0 0 0 0 0 0 0 0 0 0 0 0 0 0 0 0 0 0 0 0 0 0 0 0 0 0 0 0 0 0 0 0 0 0 0 0 0 0 0 0 0 0 0 0 0 0 0 0 0 1 222 1 1 0 0 0 0 0 0 0 0 0 0 0 0 0 1 1 0 0 0 0 0 0 0 0 0 0 0 0 0 0 0 0 0 0 0 0 0 0 0 0 0 0 0 0 0 0 0 0 0 0 0 0 0 0 0 0 0 0 0 0 0 0 0 0 0 0 0 1 1 255 129 1 0 0 0 0 0 0 0 0 0 0 0 0 0 0 0 0 0 0 0 0 0 0 0 0
1 1 1 0 0 0 0 0 0 0 0 0 0 0 0 0 0 0 0 1 1 1 239 244 1 0 0 0 1 1 1 1 1 67 36 1 1 1 1 1 1 1 1 2 170 63 1 1 1 1 1 0 0 0 0 0 0 0 0 1 0 0 0 0 0 0 0 0 0 0 1 2 1 0 0 0 1 0 0 0 0 0 0 1 0 0 0 1 119 1 0 0 0 0 0 0 0 0 0 0 0 0 0 0 0 0 0 0 0 0 0 0 0 1 0 1 255 113 0 0 1 0 0 0 0 0 1 184 255 6 1 1 1 1 1 2 88 4 231 251 10 1 1 0 0 0 0 0 0 1 1 1 7 42 54 66 3 1 2 25 0 0 0 0 0 0 0 0 0 0 0 0 0 0 0 0 0 0 0 0 0 0 0 0 0 0 0 0 0 1 1 5 255 216 0 0 0 0 0 0 0 0 0 0 0 0 0 0 0 0 0 0 0 0 1 1 1 1 1 0 0 0 0 0 0 0 0 0 0 0 0 0 1 43 101 6 212 240 1 1 1 2 102 237 240 165 7 1 1 1 1 1 1 0 0 0 0 6 250 22 21 12 20 0 0 0 0 0 0 0 0 0 0 0 0 0 0 0 1 159 1 1 241 11 0 0 0 0 0 0 0 0 0 0 0 0 0 0 1 1 0 43 1 0 0 0 0 0 0 0 0 0 0 0 0 0 0 1 202 1 1 0 0 0 1 1 1 1 1 16 1 0 0 0 0 1 4 1 249 255 1 0 0 0 0 0 0 0 0 0 0 0 0 0 0 0 0 0 0 0 0 0 0 0 0 0 0 0 0 0 0 0 0 0 0 0 0 0 0 0 0 0 0 0 0 0 0 0 0 0 0 0 0 0 0 0 0 0 0 0 0 0 0 0 0 0 0 0 0 0 0 0 0 6 213 1 1 0 0 0 0 0 0 0 0 0 0 0 0 0 0 1 0 0 0 0 0 0 0 0 0 0 0 0 0 0 0 0 0 0 0 0 0 0 0 0 0 0 0 0 0 0 0 0 0 0 0 0 0 0 0 0 0 0 0 0 0 0 0 0 0 0 0 1 1 162 255 1 0 0 0 0 0 0 0 0 0 0 0 0 0 0 0 0 0 0 0 0 0 0 0 0
1 0 0 0 0 0 0 0 0 0 0 0 0 0 0 0 0 0 0 0 1 1 59 252 68 1 0 0 1 1 1 1 8 179 130 177 13 1 1 1 1 1 100 179 6 1 1 0 0 0 0 0 0 0 0 0 0 0 0 1 1 1 0 0 0 0 0 0 0 0 0 2 0 0 0 0 1 0 0 0 0 0 1 1 0 0 0 0 30 40 0 0 0 0 0 0 0 0 0 0 0 0 0 0 0 0 0 0 0 0 0 0 0 1 0 1 255 109 0 1 1 0 0 0 0 0 1 1 249 255 1 1 1 1 1 1 227 237 97 230 78 0 1 1 0 0 1 0 1 10 81 94 50 10 4 6 8 1 2 20 1 0 0 0 0 0 0 0 0 0 0 0 0 0 0 0 0 0 0 0 0 0 0 0 0 0 0 0 0 0 0 2 255 229 0 0 0 0 0 0 0 0 0 0 0 0 0 0 0 0 0 0 0 0 1 1 1 1 1 0 0 0 0 0 0 0 0 0 0 0 0 0 6 96 2 1 2 238 218 1 1 1 1 1 5 224 240 241 240 228 198 140 36 22 3 1 0 4 250 1 1 2 1 0 0 0 0 0 0 0 0 0 0 0 0 0 0 1 5 140 0 1 203 206 1 0 0 0 0 0 0 0 0 0 0 0 0 0 0 0 0 7 15 0 0 0 0 0 0 0 0 0 0 0 0 0 0 1 202 0 0 1 1 1 1 0 0 1 1 5 4 0 0 0 0 0 4 1 226 255 2 0 0 0 0 0 0 0 0 0 0 0 0 0 0 0 0 0 0 0 0 0 0 0 0 0 0 1 1 0 0 0 0 0 0 0 0 0 0 0 0 0 0 0 0 0 0 0 0 0 0 0 0 0 0 0 0 0 0 0 0 0 0 0 0 0 0 0 0 0 0 0 0 209 11 1 1 0 0 0 0 0 0 0 0 0 0 0 0 0 0 1 0 0 0 0 0 0 0 0 0 0 0 0 0 0 0 0 0 0 0 0 0 0 0 0 0 0 0 0 0 0 0 0 0 0 0 0 0 0 0 0 0 0 0 0 0 0 0 0 0 0 0 0 1 1 255 66 0 0 0 0 0 0 0 0 0 0 0 0 0 0 0 0 0 0 0 0 0 0 0 0
0 0 0 0 0 0 0 0 0 0 0 0 0 0 0 0 0 0 0 0 1 8 15 96 252 1 0 0 1 1 1 148 158 1 1 2 156 149 4 2 92 183 78 1 1 1 0 0 0 0 0 0 0 0 0 0 0 0 0 0 0 1 1 1 1 1 1 0 0 0 0 2 1 0 0 0 1 1 0 0 0 0 1 0 0 0 0 0 1 128 1 0 0 0 0 0 0 0 0 0 0 0 0 0 0 0 0 0 0 0 0 0 0 1 0 19 255 64 0 1 0 0 0 0 0 0 0 1 1 255 255 1 1 1 109 241 215 7 4 66 232 1 1 1 1 1 20 92 100 48 3 1 1 2 1 4 10 0 3 11 2 0 0 0 0 0 0 0 0 0 0 0 0 0 0 0 0 0 0 0 0 0 0 0 0 0 0 0 0 0 0 1 255 232 0 0 0 0 0 0 0 0 0 0 0 0 0 0 0 0 0 0 0 0 0 1 1 1 1 0 0 0 0 0 0 0 0 0 0 0 0 0 40 15 1 1 2 2 246 119 2 4 4 3 1 1 1 1 9 130 208 227 237 238 241 225 135 52 255 242 233 98 16 1 1 1 1 1 0 0 0 0 0 1 0 1 0 1 154 2 1 1 40 239 1 0 0 0 0 0 0 0 0 0 0 0 0 0 0 0 0 1 43 0 0 0 0 0 0 0 0 0 0 0 0 0 0 1 202 1 1 1 0 0 0 0 0 0 0 1 15 0 0 0 0 0 3 1 42 255 3 0 0 0 0 0 0 0 0 0 0 0 0 0 0 0 0 0 0 0 0 0 0 0 0 0 0 1 0 0 0 0 0 0 0 0 0 0 0 0 0 0 0 0 0 0 0 0 0 0 0 0 0 0 0 0 0 0 0 0 0 0 0 0 0 0 0 0 0 0 0 0 1 222 1 1 0 0 0 0 0 0 0 0 0 0 0 0 0 0 0 1 0 0 0 0 0 0 0 0 0 0 0 0 0 0 0 0 0 0 0 0 0 0 0 0 0 0 0 0 0 0 0 0 0 0 0 0 0 0 0 0 0 0 0 0 0 0 0 0 0 0 0 0 1 1 199 255 1 0 0 0 0 0 0 0 0 0 0 0 0 0 0 0 0 0 0 0 0 0 0 0
1 0 0 0 0 0 1 1 0 0 0 0 0 0 0 0 0 0 0 0 1 54 1 1 239 241 1 1 1 98 169 10 1 1 1 1 1 18 175 180 87 1 1 1 1 1 0 0 0 0 0 0 0 0 0 1 0 0 0 0 0 0 0 0 0 0 1 1 0 0 0 2 1 0 0 0 0 1 1 0 0 1 1 0 0 0 0 0 1 132 1 0 0 0 0 0 0 0 0 0 0 0 0 0 0 0 0 0 0 0 0 0 0 1 0 214 253 17 0 1 1 0 0 0 0 0 0 1 1 1 255 251 246 255 255 255 255 251 251 247 245 29 12 1 9 107 41 1 1 1 1 1 1 2 1 1 17 1 1 19 2 0 0 0 0 0 0 0 0 0 0 0 0 0 0 0 0 0 0 0 0 0 0 0 0 0 0 0 0 0 0 1 255 232 0 0 0 0 0 0 0 0 0 0 0 0 0 0 0 0 0 0 0 0 0 1 1 1 1 0 0 0 0 0 0 0 0 0 0 0 0 0 5 68 1 2 1 1 27 248 15 1 1 1 3 1 1 1 1 1 1 1 1 1 1 163 227 238 250 1 113 234 241 242 242 241 239 242 233 98 2 1 1 1 8 7 7 59 147 1 1 1 1 242 4 0 0 0 0 0 0 0 0 0 0 0 0 0 0 0 0 1 44 1 0 0 0 0 0 0 0 0 0 0 0 0 0 1 200 0 0 0 0 0 0 0 0 0 0 0 15 0 0 0 0 0 2 2 1 255 3 0 0 0 0 0 0 0 0 0 0 0 0 0 0 0 0 0 0 0 0 0 0 0 0 0 0 1 0 0 0 0 0 1 1 0 0 0 0 0 0 0 0 0 0 0 0 0 0 0 0 0 0 0 0 0 0 0 0 0 0 0 0 0 0 0 0 0 0 0 0 0 1 222 1 1 1 1 1 1 1 1 1 1 1 1 1 1 1 1 1 1 0 0 0 0 0 0 0 0 0 0 0 0 0 0 0 0 0 0 0 0 0 0 0 0 0 0 0 0 0 0 0 0 0 0 0 0 0 0 0 0 0 0 0 0 0 0 0 0 0 0 0 0 1 1 1 255 21 0 0 0 0 0 0 0 0 0 0 0 0 0 0 0 0 0 0 0 0 0 0 0
1 1 1 1 0 0 1 1 0 1 0 0 0 0 0 0 0 0 0 0 1 37 1 1 1 252 158 61 167 50 1 1 0 0 0 1 1 0 1 1 1 1 1 1 1 1 1 1 1 1 1 0 0 0 0 1 0 0 0 0 0 0 0 0 0 0 0 1 0 0 0 1 2 0 0 0 0 0 1 1 0 1 0 0 0 0 0 0 0 118 2 0 0 0 0 0 0 0 0 0 0 0 0 0 0 0 0 0 0 0 0 0 0 1 0 241 245 10 0 1 1 0 0 0 0 0 1 1 0 1 67 255 255 19 1 2 232 2 24 209 255 242 6 35 82 1 1 0 1 1 0 1 1 1 2 1 4 8 0 6 8 0 0 0 0 0 0 0 0 0 0 0 0 0 0 0 1 2 2 2 2 1 0 0 0 0 0 0 0 0 0 1 255 232 0 0 0 0 0 0 0 0 0 0 0 0 0 0 0 0 0 0 0 0 0 1 1 1 1 0 0 0 0 0 0 0 0 0 0 0 0 0 1 56 41 16 1 1 1 154 243 2 1 0 1 3 2 1 0 1 1 1 1 1 1 1 1 4 247 1 1 1 1 1 2 11 24 4 105 234 243 243 183 9 1 1 1 9 123 152 151 29 5 221 182 0 0 0 0 0 0 0 0 0 0 0 0 0 0 0 0 1 11 10 0 0 0 0 0 0 0 0 0 0 0 0 0 9 208 14 9 3 1 1 0 0 0 0 0 0 15 0 0 0 0 0 2 2 1 255 3 0 0 0 0 0 0 0 0 0 0 0 0 0 0 0 0 0 0 0 0 0 0 0 0 0 0 1 0 0 0 0 0 1 0 0 0 0 0 0 0 0 0 0 0 0 0 0 0 0 0 0 0 0 0 0 0 0 0 0 0 0 0 0 0 0 0 0 0 0 0 0 12 209 1 1 0 0 0 0 0 0 0 0 0 0 0 0 0 0 0 0 0 0 0 0 0 0 0 0 0 0 0 0 0 0 0 0 0 0 0 0 0 0 0 0 0 0 0 0 0 0 0 0 0 0 0 0 0 0 0 0 0 0 0 0 0 0 0 0 0 0 0 0 0 1 1 223 255 1 0 0 0 0 0 0 0 0 0 0 0 0 0 0 0 0 0 0 0 0 0 0
0 0 0 1 1 1 1 1 1 1 1 0 1 0 0 0 0 0 0 1 41 1 1 1 1 12 255 94 1 1 1 1 1 0 1 0 1 1 1 1 1 1 1 1 0 0 0 0 0 0 1 0 0 0 0 1 0 0 0 0 0 0 0 0 0 0 1 1 0 0 0 1 2 0 0 0 0 0 0 0 0 1 0 0 0 0 0 0 0 15 74 0 0 0 0 0 0 0 0 0 0 0 0 0 0 0 0 0 0 0 0 0 0 1 1 250 233 9 0 0 1 1 1 1 0 1 1 0 0 55 255 226 1 1 0 1 232 1 1 1 1 255 232 47 2 1 0 0 0 0 0 1 1 0 2 1 3 11 0 2 19 0 0 0 0 0 0 0 0 0 0 0 0 0 0 1 2 1 0 1 1 2 2 2 1 1 0 0 0 0 0 1 255 232 0 0 0 0 0 0 0 0 0 0 0 0 0 0 0 0 0 0 0 0 0 1 1 1 1 0 0 0 0 0 0 0 0 0 0 0 0 0 0 17 37 3 11 1 1 1 229 232 1 1 0 1 1 2 2 1 0 0 0 1 1 1 1 66 244 1 1 1 1 1 1 1 1 1 1 1 1 4 220 243 239 23 1 1 0 1 1 84 174 167 235 0 0 0 0 0 0 0 0 0 0 0 0 0 0 0 0 0 1 42 1 0 0 0 0 0 0 0 0 0 0 0 0 140 116 1 2 6 11 14 14 14 15 15 13 9 17 0 0 0 1 1 2 1 2 255 3 0 0 0 0 0 0 0 0 0 0 0 0 0 0 0 0 0 0 0 0 0 0 0 0 0 0 1 0 0 0 0 0 1 0 0 0 0 0 0 0 0 0 0 0 0 0 0 0 0 0 0 0 0 0 0 0 0 0 0 0 0 0 0 0 0 0 0 0 0 0 1 214 6 1 1 0 0 0 0 0 0 0 0 0 0 0 0 0 0 0 0 0 0 0 0 0 0 0 0 0 0 0 0 0 0 0 0 0 0 0 0 0 0 0 0 0 0 0 0 0 0 0 0 0 0 0 0 0 0 0 0 0 0 0 0 0 0 0 0 0 0 0 0 0 1 1 1 255 7 0 0 0 0 0 0 0 0 0 0 0 0 0 0 0 0 0 0 0 0 0 0
1 1 1 1 0 0 0 0 0 0 1 1 0 1 0 0 0 0 0 1 46 1 0 1 4 4 239 244 1 1 1 1 1 1 1 1 1 1 1 1 1 1 1 0 0 0 0 0 0 0 0 1 1 1 1 1 1 1 1 1 1 1 1 0 0 1 1 0 0 0 0 1 2 0 0 0 0 0 0 0 0 1 0 0 0 0 0 0 0 1 129 1 1 0 0 0 0 0 0 0 0 0 0 0 0 0 0 0 0 0 0 0 0 0 1 253 219 6 0 0 1 1 1 1 1 1 0 0 1 255 206 1 1 1 1 1 207 138 0 0 0 2 252 255 105 1 0 0 0 0 0 1 1 1 2 1 2 16 2 41 3 0 0 0 0 0 0 0 0 0 0 0 0 0 1 2 1 0 0 0 0 0 0 1 1 2 2 2 1 0 0 1 255 232 0 0 0 0 0 0 0 0 0 0 0 0 0 0 0 0 0 0 0 0 0 1 1 1 1 0 0 0 0 0 0 0 0 0 0 0 0 0 0 1 90 2 5 6 1 1 1 243 178 1 1 1 1 1 1 1 2 1 1 0 1 1 1 229 218 1 1 1 1 1 1 1 0 1 1 1 1 1 1 2 22 240 243 219 1 1 1 0 1 219 238 14 1 1 1 0 0 0 0 0 0 0 0 0 0 0 0 0 1 43 1 0 0 0 0 0 0 0 0 0 0 0 0 214 6 1 0 0 1 1 1 0 1 1 1 2 1 0 0 2 4 4 4 1 96 255 2 0 0 0 0 0 0 0 0 0 0 0 0 0 0 0 0 0 0 0 0 0 0 0 0 0 0 1 0 0 0 0 0 1 0 0 0 0 0 0 0 0 0 0 0 0 0 0 0 0 0 0 0 0 0 0 0 0 0 0 0 0 0 0 0 0 0 0 0 0 0 1 221 1 1 0 0 0 0 0 0 0 0 0 0 0 0 0 0 0 0 0 0 0 0 0 0 0 0 0 0 0 0 0 0 0 0 0 0 0 0 0 0 0 0 0 0 0 0 0 0 0 0 0 0 0 0 0 0 0 0 0 0 0 0 0 0 0 0 0 0 0 0 0 0 0 1 1 240 255 1 0 0 0 0 0 0 0 0 0 0 0 0 0 0 0 0 0 0 0 0 0
4 9 10 12 10 1 0 0 0 0 0 1 1 1 1 0 0 0 0 22 3 0 1 5 1 1 1 254 10 1 1 0 1 1 1 1 1 1 1 1 1 0 0 0 0 0 0 0 0 0 0 0 0 0 0 1 0 0 0 0 0 0 1 0 1 1 0 0 0 0 0 1 2 0 0 0 0 0 0 0 0 0 0 0 0 0 0 0 0 1 133 1 1 1 0 0 0 0 0 0 0 0 0 0 0 0 0 0 0 0 0 0 0 0 1 254 215 3 0 0 1 1 0 0 1 0 0 0 136 255 1 0 0 0 0 0 4 229 0 1 1 1 1 246 241 245 215 1 1 1 1 1 0 0 1 3 2 9 9 1 35 0 0 0 0 0 0 0 0 0 0 0 0 1 2 0 0 0 0 0 0 0 0 0 0 0 1 1 2 2 2 1 255 232 0 0 0 0 0 0 0 0 0 0 0 0 0 0 0 0 0 0 0 0 0 1 1 1 1 0 0 0 0 0 0 0 0 0 0 0 0 0 0 0 3 78 1 10 3 0 1 8 248 43 1 1 1 1 1 0 1 1 2 2 1 1 35 243 84 1 0 0 0 0 1 1 0 1 0 0 1 1 1 2 1 1 1 187 243 243 242 237 240 250 245 203 217 220 142 1 1 0 0 0 0 0 0 0 0 0 0 0 1 11 10 0 0 0 0 0 0 0 0 0 0 0 1 222 2 4 3 2 1 1 1 0 0 0 0 0 0 0 1 3 1 0 0 1 228 255 1 0 0 0 0 0 0 0 0 0 0 0 0 0 0 0 0 0 0 0 0 0 0 0 0 0 0 1 0 0 0 0 0 1 0 0 0 0 0 0 0 0 0 0 0 0 0 0 0 0 0 0 0 0 1 1 1 0 0 0 0 0 0 0 0 0 0 0 0 0 0 1 221 1 1 0 0 0 0 0 0 0 0 0 0 0 0 0 0 0 0 0 0 0 0 0 0 0 0 0 0 0 0 0 0 0 0 0 0 0 0 0 0 0 0 0 0 0 0 0 0 0 0 0 0 0 0 0 0 0 0 0 0 0 0 0 0 0 0 0 0 0 0 0 0 0 1 1 1 255 1 0 0 0 0 0 0 0 0 0 0 0 0 0 0 0 0 0 0 0 0 0
215 1 1 0 2 6 0 0 0 0 0 0 1 1 1 1 0 0 1 47 0 0 3 1 1 1 1 220 250 1 1 1 1 1 0 0 0 0 0 0 0 0 0 0 0 0 0 0 0 0 0 0 0 0 1 1 0 0 0 0 0 0 1 1 0 0 0 0 1 1 1 1 2 1 0 0 0 0 0 0 0 0 0 0 0 0 0 0 0 0 120 1 0 1 1 1 0 0 0 0 0 0 0 0 0 0 0 0 0 0 0 0 0 0 1 254 215 2 0 0 1 1 0 0 1 0 1 1 255 247 1 0 0 0 0 0 1 232 1 1 1 1 1 242 74 3 230 246 237 3 1 1 0 0 1 1 1 4 11 0 34 1 0 0 0 0 0 0 0 0 0 1 2 1 0 0 0 0 0 0 0 0 0 0 0 0 0 0 0 0 1 2 255 232 0 0 0 0 0 0 0 0 0 0 0 0 0 0 0 0 0 0 0 0 0 1 1 1 1 0 0 0 0 0 0 0 0 0 0 0 0 0 0 0 1 16 36 1 15 2 1 1 88 246 3 1 1 0 1 1 0 0 0 1 2 55 243 211 235 1 1 1 1 1 1 1 1 1 0 1 1 1 2 1 1 1 1 1 1 3 6 64 23 251 245 1 1 1 124 204 2 1 1 0 0 0 0 0 0 0 0 0 1 1 41 1 0 0 0 0 0 0 0 0 0 0 145 127 1 1 1 2 4 3 2 1 1 1 0 0 0 1 3 1 0 0 0 1 248 255 1 0 0 0 0 0 0 0 0 0 0 0 0 0 0 0 0 0 0 0 0 0 0 0 0 0 1 1 0 0 0 0 0 1 0 0 0 0 0 0 0 0 0 0 0 0 0 0 0 0 0 0 1 1 34 192 93 1 0 0 0 0 0 0 0 0 0 0 0 0 0 7 210 1 1 0 0 0 0 0 0 0 0 0 0 0 0 0 0 0 0 0 0 0 0 0 0 0 0 0 0 0 0 0 0 0 0 0 0 0 0 0 0 0 0 0 0 0 0 0 0 0 0 0 0 0 0 0 0 0 0 0 0 0 0 0 0 0 0 0 0 0 0 0 0 0 1 1 0 253 244 0 0 0 0 0 0 0 0 0 0 0 0 0 0 0 0 0 0 0 0 0
255 9 1 0 1 12 1 0 0 0 0 1 1 1 1 1 0 0 1 50 1 1 3 0 0 1 1 1 253 41 1 1 1 0 0 0 0 0 0 0 0 0 0 0 0 0 0 0 0 0 0 0 0 0 1 0 0 0 0 0 0 0 1 1 0 0 1 1 2 2 2 1 1 0 0 0 0 0 0 0 0 0 0 0 0 1 1 0 0 0 4 95 0 0 0 1 1 1 0 0 0 0 0 0 0 0 0 0 0 0 0 0 0 0 1 255 202 2 0 0 0 1 1 1 1 1 1 1 255 6 1 0 0 0 0 0 1 231 2 0 1 0 0 186 235 2 25 5 197 247 246 71 1 1 2 1 1 2 17 1 8 8 0 0 0 0 0 0 1 1 2 2 1 0 0 0 0 0 0 0 0 0 0 0 0 0 0 0 0 0 0 1 255 232 0 0 0 0 0 0 0 0 0 0 0 0 0 0 0 0 0 0 0 0 0 1 1 1 1 0 0 0 0 0 0 0 0 0 0 0 0 0 0 1 1 1 55 8 1 12 8 3 1 208 242 1 1 0 0 1 1 1 1 0 1 226 159 2 247 40 1 1 0 0 1 0 1 1 1 1 0 0 2 0 1 1 0 1 1 1 1 2 207 168 244 170 1 0 1 19 218 196 2 1 0 0 0 0 0 0 0 0 0 1 41 1 0 0 0 0 0 0 0 0 0 1 221 1 0 0 0 1 1 1 2 4 3 1 1 1 0 1 3 1 0 0 0 1 250 254 1 0 0 0 0 0 0 0 0 0 0 0 0 0 0 0 0 0 0 0 0 0 0 0 0 0 1 1 0 0 0 0 1 1 0 0 0 0 0 0 0 0 0 0 0 1 1 1 1 1 1 1 1 0 185 1 186 1 0 0 0 0 0 0 0 0 0 0 0 0 1 197 31 1 1 0 0 0 0 0 0 0 0 0 0 0 0 0 0 0 0 0 0 0 0 0 0 0 0 0 0 0 0 0 0 0 0 0 0 0 0 0 0 0 0 0 0 0 0 0 0 0 0 0 0 0 0 0 0 0 0 0 0 0 0 0 0 0 0 0 0 0 0 0 0 0 0 1 0 46 255 1 0 0 0 0 0 0 0 0 0 0 0 0 0 0 0 0 0 0 0 0
254 249 1 1 0 1 12 11 2 1 1 1 1 0 0 1 1 0 3 1 35 12 1 0 0 0 1 1 166 253 1 1 1 0 1 1 1 1 0 0 0 0 0 0 0 0 0 0 0 0 0 0 0 1 1 0 0 0 0 0 0 0 1 0 0 1 2 1 1 1 0 0 0 0 0 0 0 0 0 0 0 0 0 0 0 1 1 1 0 0 1 120 1 0 0 0 0 1 1 0 1 1 1 0 0 0 0 0 1 1 1 1 1 1 4 255 117 2 1 0 0 1 1 1 1 1 1 1 255 1 1 0 0 0 0 0 0 165 191 0 1 0 0 3 246 12 1 2 4 2 50 244 248 218 3 1 1 1 9 6 1 32 0 0 0 0 1 2 2 2 1 0 0 0 0 0 0 0 0 0 0 0 0 0 0 0 0 0 0 0 0 1 255 233 1 0 0 0 0 0 0 0 0 0 0 0 0 0 0 0 0 0 0 0 0 1 1 1 1 0 0 0 0 0 0 0 0 0 0 0 0 0 0 0 0 1 1 91 2 2 2 7 1 1 238 217 1 1 0 0 0 0 1 1 1 233 243 244 224 244 246 189 1 1 0 1 1 0 0 0 0 1 1 1 1 1 0 1 1 1 1 154 209 1 2 217 238 1 0 0 1 30 217 115 1 1 73 87 86 9 0 0 0 1 16 7 0 0 0 0 0 0 0 0 0 1 222 1 0 0 0 1 0 0 0 0 1 2 4 2 1 3 1 0 0 0 0 1 254 250 1 0 0 0 0 0 0 0 0 0 0 0 0 0 0 0 0 0 0 0 0 0 0 0 0 0 1 1 0 0 0 0 1 1 0 0 0 1 1 1 1 1 1 1 20 97 88 93 96 96 95 92 88 96 156 0 183 1 1 1 1 1 0 0 0 0 0 0 0 0 1 220 1 1 0 0 0 0 0 0 0 0 0 0 0 0 0 0 0 0 0 0 0 0 0 0 0 0 0 0 0 0 0 0 0 0 0 0 0 0 0 0 0 0 0 0 0 0 0 0 0 0 0 0 0 0 0 0 0 0 0 0 0 0 0 0 0 0 0 0 0 0 0 0 0 0 0 1 1 1 255 2 1 0 0 0 0 0 0 0 0 0 0 0 0 0 0 0 0 0 0 0
189 255 85 1 0 0 0 1 6 12 11 6 1 1 0 0 1 1 2 1 1 43 1 0 0 0 1 1 1 253 146 1 1 1 1 0 0 1 1 1 1 1 0 0 0 0 0 0 0 0 0 0 1 1 0 0 0 0 1 1 1 1 1 0 0 1 2 1 1 0 0 0 0 0 0 0 0 0 0 0 0 0 0 0 0 1 0 1 1 0 0 71 8 0 1 18 219 242 248 250 250 244 224 100 4 1 1 1 1 1 1 1 1 3 250 241 88 5 1 1 1 1 1 1 1 1 1 255 251 1 0 0 0 0 0 0 0 1 231 1 1 1 3 31 242 165 1 2 4 1 1 1 2 237 248 241 6 1 4 11 1 32 0 1 2 2 2 1 0 0 0 0 0 0 0 0 0 0 0 0 0 0 0 0 0 0 0 0 0 0 0 0 255 234 1 0 0 0 0 0 0 0 0 0 0 0 0 0 0 0 0 0 0 0 0 1 1 1 1 0 0 0 0 0 0 0 0 0 0 0 0 0 0 0 0 1 1 27 25 1 2 5 2 1 2 247 114 1 5 3 2 1 1 20 250 253 115 1 1 1 8 234 247 237 5 1 1 0 0 0 1 2 0 0 1 1 1 1 0 1 70 225 4 1 1 1 126 235 1 0 0 0 1 151 217 179 71 5 1 39 42 1 1 1 1 40 1 0 0 0 0 0 0 0 0 180 80 1 0 0 0 1 0 0 0 0 0 0 0 2 3 3 1 0 0 0 0 1 255 150 1 1 0 0 0 0 0 1 1 1 1 1 1 1 1 1 1 1 0 0 0 0 0 0 0 0 1 1 0 0 0 0 1 0 0 1 1 1 0 0 0 0 2 91 29 1 1 1 1 1 2 3 10 46 28 0 156 99 69 63 61 70 72 44 1 0 0 0 0 0 1 220 1 1 0 0 0 0 0 0 0 0 0 0 0 0 0 0 0 0 0 0 0 0 0 0 0 0 0 0 0 0 0 0 0 0 0 0 0 0 0 0 0 0 0 0 0 0 0 0 0 0 0 0 0 0 0 0 0 0 0 0 0 0 0 0 0 0 0 0 0 0 0 0 0 0 0 1 1 0 255 7 8 8 8 8 5 1 1 0 0 0 0 0 0 0 0 0 0 0 0 0
1 252 254 1 0 0 0 0 0 0 1 3 9 12 8 1 2 5 2 1 1 1 41 1 0 0 0 1 1 36 253 1 1 1 0 0 0 0 0 0 0 1 1 1 1 1 1 1 1 1 1 1 1 1 1 1 1 1 1 0 0 1 0 0 1 2 1 1 0 0 0 0 0 0 0 0 0 0 0 0 0 0 0 0 1 1 1 0 1 1 0 1 120 245 254 254 252 246 237 232 234 244 253 254 255 255 255 255 255 255 255 255 255 255 237 234 231 226 10 1 1 1 1 1 1 157 255 251 1 1 0 0 0 1 1 0 0 1 230 5 1 20 15 1 1 241 236 28 2 1 1 1 1 23 1 172 247 246 134 16 1 30 2 2 1 0 0 0 0 0 0 0 0 0 0 0 0 0 0 0 0 0 0 0 0 0 0 0 0 0 0 0 255 235 1 0 0 0 0 0 0 0 0 0 0 0 0 0 0 0 0 0 0 0 0 1 1 1 1 0 0 0 0 0 0 0 0 0 0 0 0 0 0 0 0 1 0 21 2 17 1 6 5 1 1 26 247 10 1 3 1 3 242 254 213 1 1 1 1 1 0 1 2 174 247 245 121 2 1 1 1 1 1 1 1 1 1 0 0 7 235 11 1 1 1 1 1 159 239 1 0 0 1 1 1 54 224 215 180 172 96 90 1 1 1 39 1 0 0 0 0 0 0 0 1 223 1 0 0 0 0 1 0 0 0 0 0 0 0 0 0 0 0 0 0 0 0 2 255 4 1 1 1 1 1 11 152 223 233 235 237 237 237 237 236 235 235 219 98 4 1 1 1 0 0 0 1 0 0 0 0 0 1 0 1 1 1 0 0 0 1 44 82 7 59 77 78 77 77 78 71 54 34 12 1 0 1 89 99 87 12 1 1 4 70 70 19 1 0 0 1 214 1 1 0 0 0 0 0 0 0 0 0 0 0 0 0 0 0 0 0 0 0 0 0 0 0 0 0 0 0 0 0 0 0 0 0 0 0 0 0 0 0 0 0 0 0 0 0 0 0 0 0 0 0 0 0 0 0 0 0 0 0 0 0 0 0 0 0 0 0 0 0 0 0 0 0 1 1 0 255 1 0 0 0 1 2 7 8 8 8 8 6 2 1 1 0 0 0 0 0 0
0 59 255 192 1 0 0 0 0 0 0 1 1 1 1 7 5 1 2 1 1 1 72 1 1 1 1 1 1 1 254 10 2 1 1 1 1 1 1 1 0 1 1 1 1 1 1 1 1 1 1 0 0 0 0 0 0 0 0 0 1 1 0 0 1 2 1 0 0 0 0 0 0 0 0 0 0 0 0 0 0 0 0 0 1 1 1 0 1 1 1 213 254 240 1 1 1 1 1 1 1 1 1 1 1 1 1 1 1 1 1 41 157 1 5 139 134 154 237 240 240 240 232 236 255 255 211 1 1 1 1 1 1 1 0 0 0 0 125 227 50 2 1 0 1 1 209 246 237 1 3 19 30 2 0 1 1 20 243 250 215 22 2 0 0 0 0 0 0 0 0 0 0 0 0 0 0 0 0 0 0 0 0 0 0 0 0 0 0 0 0 0 255 238 1 0 0 0 0 0 0 0 0 1 1 1 1 0 0 0 0 0 0 0 0 1 1 1 1 0 0 0 0 0 0 0 0 0 0 0 0 0 0 0 0 1 1 2 21 60 7 1 14 2 1 1 137 246 5 12 1 246 243 1 1 1 1 1 1 0 0 0 1 1 1 37 242 244 210 2 2 1 0 0 0 1 0 0 2 228 54 1 1 1 1 1 1 1 71 238 1 1 1 0 0 1 15 21 243 243 223 203 221 2 3 6 35 0 0 0 0 0 0 0 1 222 1 1 0 0 1 1 0 0 0 0 0 0 0 0 0 0 0 0 0 0 0 83 255 2 1 127 229 234 239 234 203 83 21 38 5 5 5 5 5 6 6 81 214 235 239 239 232 106 3 1 1 0 0 0 0 0 1 1 1 1 1 1 10 156 189 127 77 38 2 1 1 1 0 0 0 0 0 0 0 0 0 0 1 2 44 98 99 99 90 18 14 64 71 2 117 128 1 0 0 0 0 0 0 0 0 0 0 0 0 0 0 0 0 0 0 0 0 0 0 0 0 0 0 0 0 0 0 0 0 0 0 0 0 0 0 0 0 0 0 0 0 0 0 0 0 0 0 0 0 0 0 0 0 0 0 0 0 0 0 0 0 0 0 0 0 0 0 0 0 0 0 1 1 0 255 1 0 0 0 0 0 0 0 0 0 1 2 6 8 8 8 6 3 1 0 0
0 1 243 255 2 0 0 0 0 0 0 0 0 0 1 1 1 1 1 1 1 1 18 26 1 49 171 210 223 228 253 245 210 210 153 1 1 1 1 1 1 1 1 1 1 0 0 0 0 0 0 1 1 1 1 1 1 1 1 1 1 1 1 1 2 2 0 0 0 0 0 0 0 0 0 0 0 0 0 0 0 0 0 0 1 2 1 1 1 54 254 251 8 2 1 1 1 1 1 1 0 0 0 0 0 0 1 1 0 1 1 1 36 39 17 2 130 53 1 1 1 1 97 255 255 255 7 1 1 1 1 1 1 0 0 0 1 1 76 227 125 1 1 1 1 1 1 1 246 137 13 2 1 1 1 1 1 0 2 69 243 250 237 2 1 0 0 0 0 0 0 0 0 0 0 0 0 0 0 0 0 0 0 0 0 0 0 0 0 0 0 0 252 246 1 0 0 0 0 0 0 1 14 255 255 255 251 1 1 0 0 0 0 0 0 1 1 1 1 0 0 0 0 0 0 0 0 0 0 0 0 0 0 0 0 0 1 1 1 1 95 1 1 17 1 1 1 198 247 214 250 246 1 1 1 0 0 1 1 0 0 1 1 0 1 1 1 50 230 248 243 30 1 1 1 0 0 1 212 147 1 0 1 0 0 0 1 1 1 160 238 3 1 0 0 0 8 246 14 19 227 243 249 247 252 253 251 224 20 2 1 1 1 1 68 185 1 1 1 1 1 0 0 0 0 0 0 0 0 0 0 0 0 0 0 0 0 227 255 233 238 210 39 15 4 1 1 1 1 8 1 0 0 0 0 0 0 1 1 1 1 1 13 209 236 240 55 2 1 1 1 1 2 153 151 146 159 178 151 8 1 1 1 0 0 0 0 0 0 0 0 0 0 0 0 0 0 0 0 0 0 0 1 1 2 34 98 90 132 152 227 1 1 0 0 0 0 0 0 0 0 0 0 0 0 0 0 0 0 0 0 0 0 0 0 0 0 0 0 0 0 0 0 0 0 0 0 0 0 0 0 0 0 0 0 0 0 0 0 0 0 0 0 0 0 0 0 0 0 0 0 0 0 0 0 0 0 0 0 0 0 0 0 0 0 0 0 0 1 0 255 1 0 0 0 0 0 0 0 0 0 0 0 0 0 0 0 2 3 5 5 5
0 0 1 255 234 1 0 0 0 0 0 0 0 0 0 1 1 1 0 0 1 2 2 112 241 236 226 213 191 147 53 221 203 8 136 216 212 211 44 1 1 1 1 0 0 0 0 0 1 1 1 1 1 1 0 0 1 1 2 2 2 2 2 1 1 1 0 0 0 0 0 0 0 0 0 0 0 0 0 0 0 0 0 0 0 1 2 213 254 254 174 1 1 2 1 0 0 0 0 0 0 0 0 0 0 0 0 1 1 1 1 1 1 1 0 0 27 2 1 1 1 1 206 249 196 249 255 243 1 1 1 0 1 1 0 1 4 36 1 1 222 19 1 1 1 1 1 0 209 239 0 1 1 1 1 0 1 1 5 5 7 5 229 250 245 63 1 0 0 0 0 0 0 0 0 0 0 0 0 0 0 0 0 0 0 0 0 0 0 0 0 0 244 252 1 0 0 0 0 0 0 4 255 224 1 1 247 255 242 1 1 1 0 0 0 1 1 1 1 1 0 0 0 0 0 0 0 0 0 0 0 0 0 0 0 0 0 1 1 1 4 77 1 1 16 1 1 68 247 250 252 1 1 0 1 1 1 1 0 1 1 1 0 1 1 0 0 1 1 2 119 245 247 154 1 1 1 174 201 1 1 1 1 0 0 0 1 1 1 1 98 239 240 104 1 1 244 23 1 1 1 1 5 224 30 6 237 147 239 242 243 243 243 242 247 157 107 14 1 0 0 0 0 0 0 0 0 0 0 0 0 0 0 0 0 0 0 245 255 20 4 1 1 1 0 0 0 0 1 8 0 0 0 0 0 0 0 0 1 1 0 0 1 1 1 151 207 155 161 161 153 133 140 29 58 17 1 1 1 0 0 0 0 0 0 0 0 0 0 0 0 0 0 0 0 0 0 0 0 0 0 0 0 0 0 0 0 1 1 3 208 34 26 9 8 3 1 0 0 0 0 0 0 0 0 0 0 0 0 0 0 0 0 0 0 0 0 0 0 0 0 0 0 0 0 0 0 0 0 0 0 0 0 0 0 0 0 0 0 0 0 0 0 0 0 0 0 0 0 0 0 0 0 0 0 0 0 0 0 0 0 0 0 0 0 0 0 0 1 0 255 1 0 0 0 0 0 0 0 0 0 0 0 0 0 0 0 2 0 0 0 1
0 0 0 193 255 6 1 0 0 0 0 0 0 0 0 0 1 1 2 2 2 1 7 241 10 1 1 1 1 1 0 3 232 1 1 3 1 2 192 192 1 1 1 1 1 0 0 1 1 1 0 1 1 1 1 2 2 2 1 1 1 1 0 0 0 0 0 0 0 0 0 0 0 0 0 0 0 0 0 0 0 1 1 14 242 254 254 252 60 1 1 1 1 1 1 0 0 0 0 0 0 0 0 0 0 0 0 0 0 0 0 1 1 1 1 1 37 1 1 1 1 141 249 4 1 1 7 255 255 4 1 1 1 1 1 5 24 1 0 1 2 224 75 1 1 1 1 1 12 250 1 1 1 1 0 0 1 4 1 1 22 0 9 1 138 247 249 207 1 0 0 0 0 0 0 0 0 0 0 0 0 0 0 0 0 0 0 0 0 0 0 0 208 255 8 0 0 0 0 0 1 255 239 0 0 0 0 1 253 255 225 1 1 1 1 1 1 1 0 1 0 0 0 0 0 0 0 0 0 0 0 0 0 0 0 0 0 0 1 1 1 20 29 1 4 8 33 219 253 250 243 13 1 1 1 0 1 1 1 1 0 0 0 1 1 1 1 1 1 1 1 1 13 240 247 226 207 232 2 1 1 1 0 0 0 1 1 0 0 1 54 77 80 239 246 242 236 1 1 1 1 1 0 1 1 1 25 230 1 0 1 1 1 3 118 213 31 46 112 96 96 109 61 2 1 0 0 0 0 0 0 0 0 0 0 0 1 253 251 1 1 1 0 0 0 0 0 0 1 8 0 0 0 0 0 0 0 0 0 1 1 1 1 0 1 217 3 1 1 1 2 3 1 1 1 68 1 0 0 0 0 0 0 0 0 0 0 0 0 0 0 0 0 0 0 0 0 0 0 0 0 0 0 0 0 0 0 0 0 1 153 1 3 13 17 16 10 10 10 4 1 0 0 0 0 0 0 0 0 0 0 0 0 0 0 0 0 0 0 0 0 0 0 0 0 0 0 0 0 0 0 0 0 0 0 0 0 0 0 0 0 0 0 0 0 0 0 0 0 0 0 0 0 0 0 0 0 0 0 0 0 0 0 0 0 0 0 0 1 0 255 1 0 0 0 0 0 0 0 0 0 0 0 0 0 0 1 2 0 0 0 0
0 0 0 1 255 252 1 1 0 0 0 0 0 0 0 0 0 0 1 1 1 16 241 16 1 1 0 0 0 0 0 2 234 1 1 1 1 1 1 48 211 4 1 1 1 0 1 1 1 0 1 2 1 1 1 1 1 0 0 0 0 0 0 0 0 0 0 0 0 0 0 0 0 0 0 0 1 1 3 209 249 254 254 254 240 23 2 1 0 1 1 1 1 0 1 1 0 0 0 0 0 0 0 0 0 0 0 0 0 1 1 1 1 0 0 0 44 1 0 1 87 249 10 1 1 1 1 1 245 255 6 1 1 1 5 25 1 1 1 1 1 1 214 218 2 1 1 1 1 250 1 1 1 1 4 5 4 1 0 1 24 0 1 10 10 12 85 240 251 237 2 1 0 0 0 0 0 0 0 0 0 0 0 0 0 0 0 0 0 0 0 0 62 255 96 0 0 0 0 0 174 255 1 0 0 0 0 0 1 5 255 255 255 232 5 1 1 1 0 1 1 0 0 0 0 0 0 0 0 0 0 0 0 0 0 0 0 0 1 1 0 1 64 6 2 5 243 254 62 12 207 241 180 1 1 1 1 1 1 1 1 1 1 1 1 1 1 1 1 1 1 1 1 1 13 238 231 235 1 1 1 0 0 0 1 1 0 0 1 42 2 1 2 1 2 104 1 1 0 1 1 1 0 1 1 1 1 110 213 1 0 0 0 1 1 1 209 2 1 2 2 1 9 95 108 35 1 1 0 0 0 0 0 0 0 0 1 255 103 1 0 0 0 0 0 0 0 0 0 8 0 0 0 0 0 0 0 0 0 0 1 1 1 1 1 220 2 0 0 0 0 0 0 0 1 75 1 0 0 0 0 0 0 0 0 0 0 0 0 0 0 0 0 0 0 0 0 0 0 0 0 0 0 0 0 0 0 0 0 88 27 1 0 0 1 4 15 15 4 3 10 10 2 0 0 0 0 0 0 1 1 0 0 0 0 0 0 0 0 0 0 0 0 0 0 0 0 0 0 0 0 0 0 0 0 0 0 0 0 0 0 0 0 0 0 0 0 0 0 0 0 0 0 0 0 0 0 0 0 0 0 0 0 0 0 0 0 0 1 0 255 1 0 0 0 0 0 0 0 0 0 0 0 0 0 0 1 2 0 0 0 0
0 1 1 0 13 255 126 1 1 0 0 0 0 0 0 0 0 0 1 1 38 241 6 1 0 0 0 0 0 0 0 4 232 1 0 1 0 1 1 1 3 212 63 1 1 1 1 1 0 0 1 1 1 0 1 1 0 0 0 0 0 0 0 0 0 0 0 0 0 0 1 1 1 45 234 254 254 254 254 252 217 7 1 1 1 2 1 1 1 1 3 1 0 0 0 1 0 0 0 0 0 0 0 0 0 0 0 0 1 1 0 0 0 0 0 1 44 0 1 36 251 27 1 1 1 0 0 1 1 237 255 25 1 2 28 2 1 1 1 1 0 0 1 54 228 228 157 6 1 250 1 4 5 4 1 0 0 0 0 0 20 1 0 1 14 15 13 49 73 235 251 246 55 1 1 0 0 0 0 0 0 0 0 0 0 0 0 0 0 0 0 0 5 255 208 0 0 0 0 1 255 75 0 0 0 0 0 0 0 0 0 1 171 255 255 255 255 255 240 20 1 1 1 1 0 0 0 0 0 0 0 0 0 0 0 0 0 0 1 1 0 0 2 104 4 252 249 2 2 1 2 109 234 241 151 4 1 0 0 0 0 1 1 1 1 1 0 1 1 1 1 1 1 1 2 201 239 248 244 2 1 0 0 1 1 0 0 0 5 28 0 1 2 0 0 0 0 0 0 0 1 1 0 0 1 1 1 2 204 124 0 0 0 0 0 0 5 204 96 1 0 0 1 1 114 228 175 1 0 0 0 0 0 0 0 0 212 255 1 0 0 0 0 0 0 0 0 0 1 8 0 0 0 0 0 0 0 0 0 0 0 0 0 0 1 217 2 0 0 0 0 0 0 0 1 77 1 0 0 0 0 0 0 0 0 0 0 0 0 0 0 0 0 0 0 0 0 0 0 0 0 0 0 0 0 0 0 0 0 157 1 1 0 0 0 0 0 1 6 15 7 1 6 10 10 10 9 9 7 3 1 0 0 0 0 0 0 0 0 0 0 0 0 0 0 0 0 0 0 0 0 0 0 0 0 0 0 0 0 0 0 0 0 0 0 0 0 0 0 0 0 0 0 0 0 0 0 0 0 0 0 0 0 0 0 0 0 0 1 0 255 1 0 0 0 0 0 0 0 0 0 0 0 0 0 0 2 1 0 0 0 0
0 0 1 1 1 252 255 3 1 1 0 0 0 0 0 0 0 1 1 74 241 3 1 0 0 0 0 0 0 0 0 189 211 0 0 0 0 0 1 1 1 1 191 172 1 1 1 0 0 1 1 1 0 0 0 1 0 0 0 0 0 0 0 0 0 0 1 1 1 36 249 254 254 254 246 146 4 1 1 1 1 0 0 0 1 3 1 1 1 3 1 0 0 0 0 1 0 0 0 0 0 0 0 0 0 1 1 1 1 0 0 0 0 0 0 3 21 1 15 249 82 1 1 1 0 0 0 0 1 1 228 255 236 53 1 2 1 0 1 1 1 1 1 1 1 4 186 228 231 255 7 1 1 0 0 0 0 0 0 0 1 20 6 13 1 1 0 1 1 1 42 206 251 251 206 1 1 0 0 0 0 0 0 0 0 0 0 0 0 0 0 0 2 255 231 0 0 0 1 245 252 0 0 0 0 0 0 0 0 0 0 0 0 0 1 1 2 184 253 255 255 255 255 245 18 1 1 1 0 0 0 0 0 0 0 0 0 0 1 1 1 2 4 152 254 234 2 1 0 1 8 38 36 34 234 242 187 3 1 0 0 1 0 1 1 0 0 1 1 1 1 1 1 1 156 44 1 1 218 251 106 1 1 1 0 1 2 37 34 1 1 1 1 0 0 0 0 0 0 0 1 1 0 0 1 1 1 1 1 237 1 0 0 0 0 0 0 1 111 172 1 151 205 205 111 7 231 0 0 0 0 0 0 0 0 1 254 249 1 0 0 0 0 0 0 0 0 0 1 5 2 1 0 0 0 1 1 0 0 0 0 0 0 0 1 216 3 0 0 0 0 0 0 0 1 77 1 0 0 0 0 0 0 0 0 0 0 0 0 0 0 0 0 0 0 0 0 0 0 0 0 0 0 0 0 0 0 0 0 158 1 1 0 0 0 0 0 0 0 0 3 15 13 1 0 0 1 1 1 9 23 1 0 0 0 0 0 0 0 0 0 0 0 0 0 0 0 0 0 0 0 0 0 0 0 0 0 0 0 0 0 0 0 0 0 0 0 0 0 0 0 0 0 0 0 0 0 0 0 0 0 0 0 0 0 0 0 0 1 1 255 1 0 0 0 0 0 0 0 0 0 0 0 0 0 0 2 1 0 0 0 0
0 0 0 1 0 93 255 250 2 1 1 0 0 0 0 0 1 1 102 240 2 1 0 0 0 0 0 0 0 0 1 232 7 0 0 0 0 0 0 1 1 1 1 108 212 5 1 1 1 1 1 0 0 1 0 1 0 0 0 0 0 0 0 0 0 1 1 226 254 254 225 3 1 1 1 0 0 0 0 0 1 1 1 1 2 1 0 1 1 8 1 0 0 0 0 1 0 0 0 0 0 0 0 0 0 1 0 0 0 0 0 0 0 0 0 17 5 4 249 143 1 1 0 0 1 1 0 0 1 1 1 83 255 253 4 1 1 1 1 0 1 1 1 1 1 1 1 1 0 254 194 0 0 0 0 0 0 0 0 0 1 14 2 1 0 0 0 0 0 0 0 1 1 49 246 252 239 2 1 0 0 0 0 0 0 0 0 0 0 0 0 0 1 255 234 0 0 0 4 255 1 0 0 0 0 0 0 0 0 0 0 0 0 0 0 0 1 1 1 1 1 1 117 252 255 255 255 255 246 39 1 1 1 0 0 0 0 0 1 1 4 2 1 255 138 1 3 2 5 7 1 1 56 6 3 63 233 244 220 9 1 1 0 1 0 0 1 1 1 1 1 1 1 94 102 1 1 1 1 20 250 228 1 0 27 57 38 3 1 1 1 0 1 1 0 0 0 0 1 1 1 1 0 0 1 1 1 1 2 21 226 1 0 0 0 0 0 0 0 20 200 43 1 1 0 4 231 1 0 0 0 0 0 0 1 210 255 2 1 0 0 0 0 0 0 0 0 1 1 1 5 7 2 1 0 2 1 0 0 0 0 0 0 0 1 214 3 1 1 1 1 0 0 1 1 77 1 0 0 0 0 0 0 0 0 0 0 0 0 0 0 0 0 0 0 0 0 0 0 0 0 0 0 0 0 0 0 0 1 157 0 1 0 0 0 0 0 0 0 0 0 1 1 11 15 13 15 14 9 3 1 1 0 0 0 0 0 0 0 0 0 0 0 0 0 0 0 0 0 0 0 0 0 0 0 0 0 0 0 0 0 0 0 0 0 0 0 0 0 0 0 0 0 0 0 0 0 0 0 0 0 0 0 0 0 0 0 0 0 1 255 1 0 0 0 0 0 0 0 0 0 0 0 0 0 0 2 1 0 0 0 0
0 0 0 0 1 0 94 255 248 1 1 1 1 0 0 0 1 120 239 1 1 0 0 0 0 0 0 0 0 0 1 235 1 0 0 0 0 0 0 0 0 1 1 1 7 213 112 1 1 0 0 0 0 1 1 1 1 0 0 0 0 0 0 1 4 247 254 247 9 1 1 0 0 0 0 0 0 0 0 1 1 0 0 1 2 1 0 1 1 2 3 1 0 0 0 1 1 0 0 0 0 0 0 0 1 1 0 0 0 0 0 0 0 0 0 19 4 245 214 1 1 0 1 1 1 0 0 1 1 1 0 1 100 254 255 253 8 1 1 1 1 1 1 1 0 0 1 1 1 242 246 0 0 0 0 0 0 0 0 1 0 2 3 0 0 1 53 106 1 1 0 0 0 0 0 2 234 252 247 101 139 1 0 0 0 0 0 0 0 0 0 0 1 255 234 0 0 1 255 234 0 0 0 0 0 0 0 0 0 0 0 0 0 0 0 0 1 1 1 0 0 0 0 1 1 1 1 76 252 255 255 255 255 242 12 1 1 0 1 6 1 0 5 255 1 1 1 10 1 1 0 0 2 128 12 1 1 4 211 244 237 49 1 1 0 1 1 1 0 1 1 1 40 143 1 1 1 1 1 1 2 241 244 33 19 1 0 1 1 1 0 0 0 1 1 0 0 0 1 1 1 0 0 0 0 1 1 1 1 2 219 52 0 0 0 0 0 0 0 0 0 0 0 0 0 1 235 1 0 0 0 0 0 0 29 255 239 1 1 0 0 0 0 0 0 0 1 1 0 0 0 1 3 7 2 2 1 0 0 0 0 1 1 1 1 210 6 1 1 1 1 0 0 1 1 76 1 0 0 0 0 0 0 0 0 0 0 0 0 0 0 0 0 0 0 0 0 0 0 0 0 0 0 0 0 0 0 0 66 47 0 1 0 0 0 0 0 0 0 0 0 0 0 0 1 1 1 0 0 0 0 1 0 0 0 0 0 0 0 0 0 0 0 0 0 0 0 0 0 0 0 0 0 0 0 0 0 0 0 0 0 0 0 0 0 0 0 0 0 0 0 0 0 0 0 0 0 0 0 0 0 0 0 0 0 0 0 0 0 1 255 1 0 0 0 0 0 0 0 0 0 0 0 0 0 0 1 2 1 0 0 0
0 0 0 0 1 1 1 111 255 247 1 1 1 1 1 1 141 238 1 0 0 0 0 0 0 0 0 0 0 0 1 235 1 0 0 0 0 0 0 0 0 0 1 1 1 1 176 202 5 1 1 1 1 1 1 1 1 0 0 0 1 1 145 253 254 233 1 1 0 0 0 0 0 0 0 0 0 0 1 1 1 0 0 1 1 2 0 0 1 1 7 1 1 0 0 0 1 0 0 0 0 0 0 1 1 0 0 0 0 0 0 0 0 0 1 22 184 249 1 1 1 1 1 2 2 1 0 1 1 1 1 9 1 1 2 251 255 255 243 26 1 1 1 2 2 2 2 1 1 196 254 0 0 0 0 0 0 0 0 1 1 1 5 1 58 252 252 252 255 248 4 1 1 1 0 0 0 1 182 255 245 244 1 1 0 0 0 0 0 0 0 0 1 255 235 0 0 165 255 1 0 0 0 0 0 0 0 0 0 0 0 0 0 0 0 0 1 1 1 0 0 0 0 0 0 0 0 0 1 1 1 1 117 253 255 255 255 255 246 102 2 1 9 255 1 0 4 1 3 1 1 11 130 78 47 1 1 1 1 1 145 242 242 126 1 1 1 0 0 1 1 9 166 3 1 1 1 1 0 0 0 1 232 249 2 0 0 1 1 1 0 0 0 1 1 0 0 0 0 0 1 1 0 0 0 1 1 1 1 2 1 236 1 0 0 0 0 0 0 0 0 0 0 1 1 1 235 1 0 0 0 0 0 12 255 246 1 1 1 1 1 0 0 0 0 0 1 0 0 0 0 0 0 1 4 18 10 2 1 1 1 1 1 1 1 174 80 1 0 0 1 1 0 1 1 76 1 0 0 0 0 0 0 0 0 0 0 0 0 0 0 0 0 0 0 0 0 0 0 0 0 0 0 0 0 0 0 0 155 1 1 1 0 0 0 0 0 0 0 0 0 0 0 0 0 0 0 0 0 0 0 1 0 0 0 0 0 0 0 0 0 0 0 0 0 0 0 0 0 0 0 0 0 0 0 0 0 0 0 0 0 0 0 0 0 0 0 0 0 0 0 0 0 0 0 0 0 0 0 0 0 0 0 0 0 0 0 0 0 1 255 1 0 0 0 0 0 0 0 0 0 0 0 0 0 0 0 1 2 1 0 0
0 0 0 0 0 1 1 1 160 255 246 1 1 1 1 173 236 1 0 0 0 0 0 0 0 0 0 0 0 0 1 235 1 0 0 0 0 0 0 0 0 0 0 1 1 213 248 250 253 253 251 251 251 251 251 248 241 230 232 247 254 254 253 157 1 1 0 0 0 0 0 0 0 0 0 0 0 0 1 1 0 0 0 1 0 3 0 0 1 1 1 6 0 0 0 1 1 0 0 0 0 0 0 0 1 1 1 0 0 0 0 0 0 0 6 16 251 17 1 1 1 1 1 4 7 4 1 3 1 1 3 3 1 0 0 1 1 184 255 255 255 255 255 233 4 1 1 1 1 65 255 0 0 0 0 0 0 0 0 1 1 1 223 247 252 138 1 1 1 221 254 252 98 1 1 1 1 1 221 255 255 255 255 255 3 1 0 0 0 0 0 0 1 255 235 0 1 255 71 0 0 0 0 0 0 0 0 0 0 0 0 0 0 0 0 1 1 1 1 0 0 0 0 0 0 0 0 0 0 0 0 0 0 0 1 1 1 166 254 255 255 255 255 255 41 2 5 1 4 3 123 88 1 1 21 20 1 1 1 1 1 1 60 238 242 97 1 1 1 1 3 170 7 1 1 1 1 1 0 1 4 14 20 200 249 2 0 0 1 2 1 1 1 1 1 0 0 0 0 0 1 1 0 0 0 1 1 1 0 1 2 106 200 1 0 0 0 0 0 0 0 0 1 1 1 1 233 1 0 0 0 1 72 255 246 4 47 48 3 0 1 1 1 0 0 1 1 0 0 0 0 0 0 0 0 1 3 15 21 22 50 58 56 58 59 156 134 1 0 0 0 1 0 1 1 77 1 0 0 0 0 0 0 1 1 0 0 0 0 0 0 0 0 0 0 0 0 0 0 0 0 0 0 0 0 0 0 1 156 1 1 0 0 0 0 0 0 0 0 0 0 0 0 0 0 0 0 0 0 0 0 1 0 0 0 0 0 0 0 0 0 0 0 0 0 0 0 0 0 0 0 0 0 0 0 0 0 0 0 0 0 0 0 0 0 0 0 0 0 0 0 0 0 0 0 0 0 0 0 0 0 0 0 0 0 0 0 0 0 1 255 1 0 0 0 0 0 0 0 0 0 0 0 0 0 0 0 0 0 1 2 1
0 0 0 0 0 0 1 1 1 191 255 242 1 1 187 232 1 0 0 0 0 0 0 0 0 0 0 0 0 0 1 235 1 0 0 0 0 0 0 0 1 1 195 248 248 238 5 1 1 1 179 184 154 151 184 218 239 247 246 226 24 1 1 0 0 0 0 0 0 0 0 0 0 0 0 0 0 0 1 1 0 0 0 1 1 4 1 0 0 1 1 9 1 0 0 1 0 0 0 0 0 0 0 0 0 0 1 1 0 0 0 0 0 0 19 203 249 1 1 1 1 1 1 1 1 3 23 7 1 1 8 1 0 0 0 0 0 0 0 1 1 15 239 255 255 255 218 1 1 6 255 1 0 0 0 0 0 0 0 1 1 238 251 239 2 0 0 0 0 1 1 77 252 254 240 238 252 255 250 21 1 0 3 248 255 250 1 0 0 0 0 0 1 255 234 1 245 252 0 0 0 0 0 0 0 0 0 0 0 0 0 0 0 1 1 1 1 1 1 1 1 1 0 0 0 0 0 0 0 0 0 0 0 0 0 0 0 1 13 1 1 1 8 241 99 155 159 148 165 122 2 1 0 0 1 51 5 1 1 1 1 1 1 1 43 241 229 3 1 1 148 25 1 1 1 1 1 1 1 8 2 8 1 1 151 249 2 1 1 1 1 1 1 1 1 1 0 0 0 0 1 1 0 0 0 0 1 1 1 1 2 1 232 1 0 0 0 0 0 0 0 0 1 1 5 2 233 0 0 0 1 209 255 239 4 31 1 1 30 45 5 1 1 1 1 0 1 1 1 0 0 0 0 0 0 1 1 1 1 1 65 1 1 1 1 9 183 1 0 0 0 1 0 1 0 77 1 0 0 0 0 1 1 3 31 17 1 0 0 0 0 0 0 0 0 0 0 0 0 0 0 0 0 0 0 0 0 1 154 0 1 0 0 0 0 0 0 0 0 0 0 0 0 0 0 0 0 0 0 0 0 1 0 0 0 0 0 0 0 0 0 0 0 0 0 0 0 0 0 0 0 0 0 0 0 0 0 0 0 0 0 0 0 0 0 0 0 0 0 0 0 0 0 0 0 0 0 0 0 0 0 0 0 0 0 0 0 0 0 1 255 1 0 0 0 0 0 0 0 0 0 0 0 0 0 0 0 0 0 0 0 2
0 0 0 0 0 0 0 1 1 1 203 255 239 207 230 1 1 0 0 0 0 0 0 0 0 0 0 0 0 0 1 235 1 0 0 0 1 1 1 209 248 248 241 9 1 1 1 1 1 1 16 14 1 1 1 1 1 9 1 0 0 0 0 0 0 0 0 0 0 0 0 0 0 0 0 0 0 1 1 0 0 0 0 0 1 4 1 0 0 0 1 3 3 0 1 1 0 0 0 0 0 0 0 0 0 0 0 1 0 0 0 0 0 1 25 254 10 1 1 0 1 1 0 0 0 1 1 19 37 11 1 1 1 0 0 0 0 0 0 0 0 0 0 1 1 216 255 255 223 2 255 1 0 0 1 1 1 1 1 238 254 244 9 1 0 0 0 0 0 0 0 0 1 2 241 245 48 1 0 1 1 1 1 1 6 255 255 121 1 0 0 0 1 255 234 4 255 1 0 0 0 0 0 0 0 0 0 0 0 0 0 0 1 1 1 0 1 1 1 1 1 1 1 1 0 0 0 0 0 0 0 0 0 0 0 0 0 1 13 1 0 1 1 234 1 1 1 1 5 1 1 1 1 1 1 1 77 1 0 0 0 0 1 1 1 1 197 241 75 129 74 1 1 1 1 1 1 1 8 1 3 5 0 0 1 196 249 7 0 0 1 1 0 0 0 1 1 0 0 0 1 1 1 0 0 0 1 1 1 0 1 2 111 199 1 0 0 0 0 0 0 0 0 1 2 8 234 1 0 1 245 255 204 9 26 1 0 1 1 1 23 46 6 1 1 1 1 1 1 1 0 0 0 0 1 1 1 1 0 1 63 0 0 1 1 3 197 1 1 1 1 1 1 1 0 76 1 0 0 1 1 8 43 32 1 28 1 0 0 0 0 0 0 0 0 0 0 0 0 0 0 0 0 0 0 0 0 12 112 0 1 0 0 0 0 0 0 0 0 0 0 0 0 0 0 0 0 0 0 0 0 1 0 0 0 0 0 0 0 0 0 0 0 0 0 0 0 0 0 0 0 0 0 0 0 0 0 0 0 0 0 0 0 0 0 0 0 0 0 0 0 0 0 0 0 0 0 0 0 0 0 0 0 0 0 0 0 0 0 1 255 1 0 0 0 0 0 0 0 0 0 0 0 0 0 0 0 0 0 0 0 0
0 0 0 0 0 0 0 0 1 1 1 216 255 252 1 0 1 0 0 0 0 0 0 0 0 0 0 0 0 0 1 237 1 1 1 2 226 248 248 239 4 1 1 1 1 0 0 0 0 0 1 68 1 0 0 0 0 2 6 0 0 0 0 0 0 0 0 0 0 0 0 0 0 0 0 0 1 1 1 0 0 0 0 0 0 4 1 0 0 0 1 1 8 1 1 0 0 0 0 0 0 0 0 0 0 0 0 1 1 0 0 0 0 15 209 248 1 1 0 0 1 1 0 0 1 1 0 0 4 70 19 1 1 1 1 1 0 0 0 0 1 1 0 1 1 0 1 123 255 255 255 241 1 1 1 1 5 243 254 244 2 1 1 1 0 0 0 0 0 0 0 0 0 0 0 0 0 0 0 0 0 0 1 1 0 1 194 255 253 1 0 0 1 255 234 255 234 0 0 0 0 0 0 0 0 0 0 0 0 0 0 1 1 0 0 1 1 1 1 1 0 0 1 1 1 0 0 0 0 0 0 0 0 0 0 0 0 1 12 1 1 0 2 234 1 0 1 0 5 1 1 1 1 1 1 1 4 58 1 0 0 0 0 0 0 1 1 120 239 220 1 1 1 1 1 1 1 7 1 6 5 1 0 0 0 3 224 247 1 0 1 1 0 0 0 0 1 0 0 0 1 1 1 0 0 0 1 1 1 0 1 2 1 237 1 0 0 0 0 0 0 0 0 0 0 0 232 5 5 253 255 45 25 16 1 0 0 0 0 0 1 1 20 45 3 0 1 1 1 1 1 0 0 0 1 1 1 1 1 1 68 0 0 0 1 1 200 1 1 1 1 0 1 1 0 76 1 1 1 23 46 23 153 212 3 2 24 1 0 0 0 0 0 0 0 0 0 0 0 0 0 0 0 0 0 0 1 107 9 1 1 0 0 0 0 0 0 0 0 0 0 0 0 0 0 0 0 0 0 0 0 1 0 0 0 0 0 0 0 0 0 0 0 0 0 0 0 0 0 0 0 0 0 0 0 0 0 0 0 0 0 0 0 0 0 0 0 0 0 0 0 0 0 0 0 0 0 0 0 0 0 0 0 0 0 0 0 0 0 1 255 1 0 0 0 0 0 0 0 0 0 0 0 0 0 0 0 0 0 0 0 0
0 0 0 0 0 0 0 0 0 1 1 1 218 255 183 1 1 0 0 0 0 0 0 0 0 0 0 0 0 1 2 252 248 248 248 248 229 2 1 1 0 0 0 0 0 0 0 0 0 0 0 11 18 0 0 0 0 0 8 1 0 0 0 0 0 0 0 0 0 0 0 0 0 0 0 1 1 0 1 1 0 0 0 0 0 4 1 0 0 1 1 1 1 8 0 0 0 0 0 0 0 0 0 0 0 0 0 0 1 1 0 0 2 32 252 7 1 0 0 0 0 0 0 0 1 0 0 0 1 1 24 91 25 1 1 1 1 0 0 0 0 1 0 1 0 0 0 1 1 255 59 255 255 255 255 255 254 239 2 1 1 0 0 1 1 0 0 0 0 0 0 0 0 0 0 0 0 0 0 0 0 0 1 1 1 0 1 2 253 255 201 1 0 248 255 255 1 0 0 0 0 0 0 0 0 0 0 0 0 0 1 1 0 0 0 1 1 1 1 1 1 0 0 1 1 1 0 0 0 0 0 0 0 0 0 0 0 1 12 0 1 1 2 234 1 0 1 0 5 1 1 1 0 0 0 0 0 16 23 1 0 0 0 0 0 1 1 5 221 244 46 1 1 0 1 2 8 1 8 2 1 1 0 1 1 1 1 246 216 1 1 0 0 0 0 0 1 0 0 0 0 1 1 1 0 0 0 1 1 1 1 1 2 227 29 0 0 0 0 0 0 0 0 0 0 1 237 3 253 253 2 42 5 1 1 1 1 1 0 0 0 0 1 1 27 43 2 0 1 1 1 1 0 0 1 1 1 1 1 1 70 1 1 1 1 1 202 1 0 1 1 0 1 1 1 74 2 40 45 28 185 191 28 7 176 1 28 1 0 0 0 0 0 0 0 0 0 0 0 0 0 0 0 0 0 0 1 145 1 1 1 0 0 0 0 0 0 0 0 0 0 0 0 0 0 0 0 0 0 0 0 1 0 0 0 0 0 0 0 0 0 0 0 0 0 0 0 0 0 0 0 0 0 0 0 0 0 0 0 0 0 0 0 0 0 0 0 0 0 0 0 0 0 0 0 0 0 0 0 0 0 0 0 0 0 0 0 0 0 1 255 1 0 0 0 0 0 0 0 0 0 0 0 0 0 0 0 0 0 0 0 0
1 0 0 0 0 0 0 0 0 1 1 89 30 204 255 8 1 0 0 0 0 1 0 0 0 0 0 0 0 1 241 220 6 2 1 1 1 1 0 0 0 0 0 0 0 0 0 0 0 0 0 0 64 1 0 0 0 0 5 1 1 0 0 0 0 0 0 0 0 0 0 0 0 0 0 1 0 0 1 1 0 0 0 0 0 3 1 0 1 1 0 1 2 4 0 0 0 0 0 0 0 0 0 0 0 0 0 1 1 1 1 4 79 235 242 1 0 0 0 0 0 0 0 1 1 0 0 0 0 0 1 1 18 87 97 25 2 1 1 1 1 1 0 1 0 1 1 17 137 249 255 245 1 1 1 1 1 0 0 0 0 0 0 0 1 0 0 0 0 0 0 0 0 0 0 0 0 0 0 0 0 0 0 1 1 0 0 0 1 128 255 255 252 255 255 7 0 0 0 0 0 0 0 0 0 0 0 0 0 1 1 0 0 0 0 1 1 1 0 1 1 0 0 0 1 1 0 0 0 0 0 0 0 0 0 0 0 6 2 1 1 1 2 234 1 0 1 0 5 1 0 0 0 0 0 0 0 1 41 6 0 0 0 0 1 1 2 64 2 69 244 12 1 1 1 8 17 8 1 0 1 2 1 1 1 0 0 3 252 60 1 0 0 0 0 1 1 0 0 0 0 1 1 1 0 0 0 1 1 1 0 1 2 2 236 1 0 0 0 0 0 0 0 0 0 1 237 248 254 3 44 1 1 1 1 1 1 1 1 1 0 0 0 1 1 1 32 36 1 1 1 1 0 1 1 1 1 1 1 1 72 1 1 1 1 1 204 1 1 1 1 0 1 1 6 135 36 89 194 170 3 1 1 8 210 1 5 9 1 0 0 0 0 0 0 0 0 0 0 0 0 0 0 0 0 0 1 144 0 1 1 0 0 0 0 0 0 0 0 0 0 0 0 0 0 0 0 0 0 0 1 1 0 0 0 0 0 0 0 0 0 0 0 0 0 0 0 0 0 0 0 0 0 0 0 0 0 0 0 0 0 0 0 0 0 0 0 0 0 0 0 0 0 0 0 0 0 0 0 0 0 0 0 0 0 0 0 0 0 1 255 1 0 0 0 0 0 0 0 0 0 0 0 0 0 0 0 0 0 0 0 0
6 1 0 0 0 0 0 0 1 1 126 19 1 1 249 255 1 0 0 0 0 1 1 0 0 0 0 0 0 62 247 1 1 0 0 0 0 0 0 0 0 0 0 0 0 0 0 0 0 0 0 0 7 29 2 0 0 0 5 1 1 1 0 0 0 0 0 0 0 0 0 0 0 0 1 1 0 0 0 1 1 0 0 0 0 1 3 1 1 0 0 1 9 1 0 0 0 0 0 0 0 0 0 0 0 0 1 80 220 230 246 254 251 249 1 0 0 0 0 0 0 0 0 1 0 0 0 0 0 0 0 0 1 1 1 28 97 109 107 92 64 42 38 56 88 115 132 83 2 1 255 122 1 1 0 0 0 0 0 0 0 0 0 0 1 1 0 0 0 0 0 0 0 0 0 0 0 0 0 0 0 0 1 1 0 0 0 0 0 1 1 232 253 241 255 1 0 0 0 0 0 0 0 0 0 0 0 0 0 1 1 0 0 0 1 1 1 1 0 1 1 1 0 0 1 1 0 0 0 0 0 0 0 0 0 0 1 6 1 1 1 0 2 235 1 0 1 0 5 1 1 0 0 0 0 0 0 0 1 68 1 0 0 1 1 4 14 26 1 1 131 243 2 1 9 10 2 2 1 1 1 2 1 0 0 0 0 1 29 252 1 0 0 0 0 1 0 0 0 0 0 0 1 1 1 0 0 1 1 1 0 1 1 1 238 1 0 0 0 0 0 0 0 0 1 41 246 255 205 36 2 0 1 1 1 0 0 1 1 1 1 1 1 0 0 1 1 2 44 21 1 1 1 1 1 1 0 0 0 1 70 0 0 0 1 1 204 1 0 0 1 1 17 28 20 182 196 104 1 1 2 13 18 4 118 111 1 22 1 0 0 0 0 0 0 0 0 0 0 0 0 0 0 0 0 0 8 113 0 1 1 0 0 0 0 0 0 0 0 0 0 0 0 0 0 0 0 0 0 0 1 0 0 0 0 0 0 0 0 0 0 0 0 0 0 0 0 0 0 0 0 0 0 0 0 0 0 0 0 0 0 0 0 0 0 0 0 0 0 0 0 0 0 0 0 0 0 0 0 0 0 0 0 0 0 0 0 0 0 1 255 93 1 0 0 0 0 0 0 0 0 0 0 0 0 0 0 0 0 0 0 0
186 1 1 0 0 0 0 1 2 144 4 1 1 1 1 255 249 1 0 0 0 0 1 0 0 0 0 0 1 247 42 1 0 0 0 0 0 0 0 0 0 0 0 0 0 0 0 0 0 0 1 1 75 52 4 2 0 0 2 2 1 1 0 0 0 0 0 0 0 0 1 1 0 0 1 0 0 0 0 1 1 1 0 0 0 1 4 1 1 1 1 2 5 0 0 0 0 0 0 0 0 0 0 0 0 4 246 253 249 245 227 10 46 3 0 0 0 0 0 0 0 0 1 1 0 0 0 0 0 0 0 1 1 0 0 1 1 1 1 3 10 20 22 14 3 1 1 1 1 1 255 254 0 1 0 0 0 0 0 0 0 0 0 0 0 1 1 0 0 0 0 0 0 0 0 0 0 0 0 0 0 1 1 0 0 0 0 0 0 1 1 0 1 1 255 1 0 0 0 0 0 0 0 0 0 0 0 0 1 1 0 0 0 1 1 1 1 1 0 0 1 1 1 0 0 1 0 0 0 0 0 0 0 0 0 0 2 4 1 1 1 1 2 235 1 0 1 0 4 1 1 1 0 0 0 0 0 0 0 2 65 1 0 1 9 8 10 2 2 1 1 224 229 15 8 1 0 2 1 1 1 1 2 1 0 0 0 0 1 228 244 1 0 0 0 1 0 0 0 0 0 0 0 0 1 0 0 1 1 1 1 0 1 2 165 229 4 1 1 1 2 4 10 37 157 245 249 254 9 16 1 0 1 1 1 1 1 1 1 0 1 0 1 1 1 1 1 1 1 6 48 3 1 1 1 1 0 0 0 1 70 1 1 0 0 1 204 2 1 3 27 26 29 196 195 29 6 1 3 18 14 2 1 1 1 206 1 12 2 0 0 0 0 0 0 0 0 0 0 0 0 0 0 0 0 0 102 14 1 1 1 0 0 1 0 0 0 0 0 0 0 0 0 0 0 0 0 0 0 0 1 0 0 0 0 0 0 0 0 0 0 0 0 0 0 0 0 0 0 0 0 0 0 0 0 0 0 0 0 0 0 0 0 0 0 0 0 0 0 0 0 0 0 0 0 0 0 0 0 0 0 0 0 0 0 0 0 0 0 1 229 255 1 1 0 0 0 0 0 0 0 0 0 0 0 0 0 0 0 0 0 0
5 181 1 0 0 0 1 3 143 1 1 1 0 1 0 2 255 208 1 0 0 1 1 0 0 0 0 1 227 241 14 0 0 0 0 0 0 0 0 0 0 0 0 0 0 0 0 1 1 1 61 98 5 1 0 6 1 0 1 4 0 1 1 0 0 0 0 0 0 0 0 0 1 1 1 1 0 0 0 0 1 1 0 0 0 1 4 1 2 5 8 7 1 0 0 0 0 0 0 0 0 0 0 0 1 242 236 1 1 1 0 0 0 0 0 0 0 0 0 0 0 0 1 0 0 0 0 0 0 0 0 1 0 0 0 0 0 0 1 1 1 1 1 1 0 0 0 0 0 0 235 255 1 0 1 0 0 0 0 0 0 0 0 0 0 0 1 1 0 0 0 0 0 0 0 0 0 0 0 0 0 0 0 0 0 0 0 0 0 0 0 0 0 1 255 1 0 0 0 0 0 0 0 0 0 0 0 1 1 0 0 0 1 1 1 0 1 1 1 0 0 1 1 1 0 1 0 0 0 0 0 0 0 0 0 0 2 4 1 1 1 1 2 234 1 0 1 1 4 0 1 1 1 1 0 0 0 0 0 1 9 34 1 13 4 8 2 1 1 1 1 3 249 81 1 0 1 1 2 1 1 1 2 1 1 1 1 1 1 2 252 47 1 0 0 1 1 0 0 0 0 0 0 0 1 0 0 0 1 1 1 0 1 2 1 17 233 235 222 235 238 237 233 230 248 248 237 255 238 17 1 1 1 0 1 1 1 1 0 1 1 0 0 1 1 0 1 1 1 1 1 30 12 0 1 1 1 0 1 1 115 25 23 23 23 25 213 34 27 17 97 204 176 3 1 1 18 26 9 2 1 1 1 1 1 186 10 1 19 0 0 0 0 0 0 0 0 0 0 0 0 0 0 0 0 0 141 2 1 1 0 0 0 1 1 0 0 0 0 0 0 0 0 0 0 0 0 0 0 0 1 0 0 0 0 0 0 0 0 0 0 0 0 0 0 0 0 0 0 0 0 0 0 0 0 0 0 0 0 0 0 0 0 0 0 0 0 0 0 0 0 0 0 0 0 0 0 0 0 0 0 0 0 0 0 0 0 0 1 1 1 255 243 1 0 0 0 0 0 0 0 0 0 0 0 0 0 0 0 0 0 0
1 11 171 1 1 1 9 141 1 1 1 1 0 1 1 1 194 255 11 1 0 0 1 0 0 1 32 244 213 1 200 1 0 0 0 0 0 0 0 0 0 0 0 0 0 1 1 1 27 101 6 0 1 1 0 2 4 4 3 2 1 1 1 1 0 0 0 0 0 0 0 0 1 1 0 1 0 0 0 0 0 1 1 0 0 1 3 23 6 2 1 1 0 0 0 0 0 0 0 0 0 0 0 0 9 253 1 1 1 0 0 0 0 0 0 0 0 0 0 0 0 1 1 0 0 0 0 0 0 0 1 1 0 0 0 0 0 0 0 0 0 0 0 0 0 0 0 0 0 0 244 255 57 1 1 1 1 0 0 0 0 0 0 0 0 0 0 1 1 0 0 0 0 0 0 0 0 0 0 0 0 0 0 0 0 0 0 0 0 0 0 0 0 1 255 1 0 0 0 0 0 0 0 0 0 0 1 1 0 0 1 1 1 1 1 0 1 1 1 0 0 1 1 1 0 1 0 0 0 0 0 0 0 0 0 0 2 4 0 1 1 1 3 235 1 1 1 1 4 1 1 1 1 1 1 0 0 1 1 1 1 30 58 3 9 4 1 1 1 2 3 36 132 244 1 1 1 1 0 2 1 1 2 3 3 3 2 1 1 1 122 252 44 1 1 1 1 1 1 1 1 1 0 0 1 0 0 0 1 1 1 0 0 1 1 1 2 8 159 6 1 1 1 1 2 251 251 254 233 245 246 239 225 79 6 1 1 1 0 1 0 0 0 1 0 0 1 1 0 1 1 1 16 9 0 1 1 1 1 1 148 1 1 1 1 1 21 203 167 203 116 1 0 1 19 28 10 1 2 1 1 1 0 1 1 3 221 191 168 19 2 1 1 1 0 0 0 0 0 0 0 0 0 0 0 0 149 1 0 1 0 0 0 0 1 0 0 0 0 0 0 0 0 0 0 0 0 0 0 1 1 0 0 0 0 0 0 0 0 0 0 0 0 0 0 0 0 0 0 0 0 0 0 0 0 0 0 0 0 0 0 0 0 0 0 0 0 0 0 0 0 0 0 0 0 0 0 0 0 0 0 0 0 0 0 0 0 0 1 1 1 2 253 255 4 0 0 0 0 0 0 0 0 0 0 0 0 0 0 0 0 0
0 1 43 143 1 30 116 1 1 1 0 1 0 0 1 1 1 248 255 1 0 0 0 1 1 217 242 16 1 1 113 102 0 0 1 1 1 1 1 0 0 0 0 0 1 1 8 101 21 1 0 0 1 1 0 1 2 1 0 1 2 0 1 1 0 0 0 0 0 0 0 1 1 1 1 1 1 1 1 1 1 1 2 1 1 13 25 1 1 0 0 0 0 0 0 0 0 0 0 0 0 0 0 1 18 253 18 1 0 0 0 0 0 0 0 0 0 1 1 1 1 1 0 0 0 0 0 0 0 1 1 0 0 0 0 0 0 0 0 0 0 0 0 0 0 0 0 0 0 0 238 255 247 1 1 1 1 1 1 0 0 0 0 0 0 0 0 0 1 1 0 0 0 0 0 0 0 0 0 0 0 0 0 0 0 0 0 0 0 0 0 0 0 0 255 1 0 0 0 0 0 0 0 1 1 1 1 1 1 1 1 1 1 0 0 0 1 1 1 0 0 0 1 1 1 1 1 0 0 0 0 0 0 0 0 0 2 4 1 0 1 1 3 235 1 1 1 1 4 0 0 1 1 1 1 1 1 1 1 0 3 5 70 29 1 1 1 1 1 8 37 1 1 245 91 1 1 0 0 1 3 6 4 1 0 1 1 1 2 2 38 232 242 1 0 0 0 1 1 1 1 1 1 1 1 1 1 0 1 1 1 1 0 1 2 1 1 0 11 1 0 0 0 1 1 250 250 146 1 1 3 75 171 239 246 244 237 213 32 2 2 1 1 1 0 0 1 1 1 1 1 1 1 48 1 0 0 1 1 1 149 1 1 1 1 63 212 240 29 1 1 4 23 22 5 1 2 3 1 1 2 1 0 0 1 1 111 31 125 210 223 228 225 224 217 173 30 2 1 1 1 1 0 0 0 1 151 1 1 1 0 0 0 0 1 0 0 0 0 0 0 0 0 0 0 0 0 0 0 1 0 0 0 0 0 0 0 0 0 0 0 0 0 0 0 0 0 0 0 0 0 0 0 0 0 0 0 0 0 0 0 0 0 0 0 0 0 0 0 0 0 0 0 0 0 0 0 0 0 0 0 0 0 0 0 0 0 0 1 1 1 1 1 237 255 1 0 0 0 0 0 0 0 0 0 0 0 0 0 0 0 0
1 1 1 85 207 123 1 1 1 0 0 1 0 0 0 1 1 1 255 249 1 1 1 26 242 226 1 1 0 0 1 201 1 1 1 1 0 0 1 1 0 0 1 1 3 97 53 1 0 0 0 0 1 1 0 1 1 0 0 0 2 1 1 1 1 0 0 0 0 0 0 1 1 1 1 1 1 1 1 1 0 0 1 2 3 53 1 1 0 0 0 0 0 0 0 0 0 0 0 0 0 0 1 7 6 68 254 19 0 0 0 0 0 0 0 1 1 1 0 0 0 0 0 0 0 0 0 0 0 1 1 0 0 0 0 0 0 0 0 0 0 0 0 0 0 0 0 0 0 0 1 254 255 1 1 1 0 1 1 0 0 0 0 0 0 0 0 0 0 1 1 0 0 0 0 0 0 0 0 0 0 0 0 0 0 0 0 0 0 0 0 0 0 0 255 1 1 1 1 1 1 1 1 1 1 1 1 1 1 1 1 1 0 0 0 0 1 1 1 0 0 0 0 1 1 1 1 0 0 0 0 0 0 0 0 0 2 4 1 1 0 1 8 235 2 1 1 1 4 1 1 2 4 5 7 7 5 4 5 8 3 1 1 128 2 1 1 1 25 12 2 1 1 129 244 1 1 1 1 1 3 5 2 1 0 1 1 0 0 1 1 129 252 1 0 0 0 0 0 1 0 0 0 0 1 1 1 1 1 1 1 1 0 0 0 0 0 0 6 2 0 0 1 1 1 251 246 85 1 1 0 0 0 1 7 9 87 189 242 242 233 227 141 4 1 1 0 1 2 1 1 1 1 35 25 1 1 0 1 1 149 1 1 148 212 157 3 76 29 10 25 11 1 1 2 2 0 1 2 2 1 1 0 0 1 1 6 32 1 1 1 6 3 1 15 135 217 232 233 235 235 233 215 101 7 2 151 0 1 1 0 0 0 0 1 0 0 0 0 0 0 0 0 0 0 0 0 0 0 1 1 0 0 0 0 0 0 0 0 0 0 0 0 0 0 0 0 0 0 0 0 0 0 0 0 0 0 0 0 0 0 0 0 0 0 0 0 0 0 0 0 0 0 0 0 0 0 0 0 0 0 0 0 0 0 0 0 0 1 1 0 1 1 5 255 1 0 0 0 0 0 0 0 0 0 0 0 0 0 0 0 0
0 0 1 1 10 212 3 1 0 0 0 1 0 0 1 1 1 1 3 255 192 1 218 243 26 1 1 0 0 0 0 50 149 0 0 0 0 0 0 0 0 1 1 89 76 1 0 0 0 0 0 1 1 0 0 1 1 0 0 0 1 2 0 1 1 0 0 0 0 1 1 1 1 1 1 1 0 0 0 0 0 0 0 0 1 69 1 1 0 0 0 0 0 0 0 0 0 1 1 1 1 1 1 18 1 0 112 251 1 1 1 1 1 0 1 1 0 0 0 0 0 0 0 0 0 0 0 0 0 0 0 0 0 0 0 0 0 0 0 0 0 0 0 0 0 0 0 0 0 0 1 1 255 2 0 1 0 0 1 1 0 0 0 0 0 0 0 0 0 0 1 1 0 0 0 0 0 0 0 0 0 0 0 0 0 0 1 1 1 1 1 1 1 1 255 2 1 1 1 1 1 1 1 1 1 1 1 1 0 1 1 1 1 1 0 0 0 1 1 0 0 0 0 1 1 1 0 0 0 0 0 0 0 0 0 1 2 3 0 1 0 1 171 43 148 9 9 11 22 14 16 14 8 6 4 14 2 1 1 1 1 0 1 6 123 4 8 37 3 1 1 3 1 2 248 3 1 1 1 3 1 1 3 4 1 1 1 0 0 0 0 1 252 99 1 0 0 0 0 1 0 0 0 0 0 0 0 0 0 0 0 1 0 0 0 0 0 0 2 6 0 1 1 0 0 251 247 73 1 1 0 0 0 1 6 1 1 1 1 13 95 135 227 243 243 235 220 69 3 1 1 0 1 1 4 40 44 44 15 3 155 0 155 112 1 0 1 1 163 5 1 1 1 1 1 2 0 0 1 2 2 1 0 0 0 0 1 74 1 3 5 4 5 5 2 1 1 1 1 1 1 2 49 202 232 237 219 1 1 1 0 0 0 0 1 0 0 0 0 0 0 0 0 0 0 0 0 0 0 0 1 1 0 0 0 0 0 0 0 0 0 0 0 0 0 0 0 0 0 0 0 0 0 0 0 0 0 0 0 0 0 0 0 1 1 1 1 1 1 1 1 1 1 1 1 1 1 1 1 0 163 253 235 1 1 1 1 1 1 1 1 1 222 250 255 10 0 0 0 0 0 0 0 0 0 0 0 0 0 0 0 0
0 0 0 1 1 5 211 1 0 0 0 1 0 1 2 1 1 1 7 229 255 242 225 1 1 1 0 0 0 0 0 1 201 0 0 0 0 0 0 1 1 67 88 1 1 0 0 0 0 0 0 1 1 0 0 0 1 0 1 1 1 1 1 1 1 1 0 0 1 1 0 0 0 0 0 0 0 0 0 0 0 0 0 0 0 55 2 1 0 0 0 1 1 1 1 1 1 1 1 1 1 1 15 2 1 1 1 254 1 1 1 1 1 1 1 1 1 1 1 1 1 1 1 1 1 1 1 1 0 0 0 0 0 0 0 0 0 0 0 0 0 0 0 0 0 0 0 0 0 0 0 1 255 255 1 1 0 0 1 1 1 1 0 0 0 0 0 0 0 0 0 1 0 0 1 1 1 1 1 1 1 1 1 1 1 1 1 1 1 1 1 1 1 1 255 2 1 1 1 0 0 0 0 1 1 1 1 1 0 0 0 0 1 1 1 1 0 1 1 0 0 0 0 1 1 1 0 0 0 0 0 0 0 0 0 1 3 2 0 1 0 1 150 186 31 1 1 1 2 0 0 0 1 1 1 5 2 0 0 1 2 1 1 1 97 43 36 1 1 1 1 3 1 1 239 185 1 1 3 1 1 1 1 1 5 1 1 1 0 0 1 1 101 252 1 0 0 0 0 1 0 0 0 0 0 0 0 0 0 0 0 1 1 0 0 0 0 0 1 12 0 1 0 0 0 251 248 61 1 1 0 0 0 1 5 0 0 1 1 0 1 1 1 1 5 55 153 235 243 240 228 129 5 1 1 1 1 1 8 27 140 1 213 1 0 0 0 0 129 1 1 1 1 1 2 1 0 0 0 1 2 3 1 1 1 2 3 32 28 2 1 1 2 1 0 0 0 0 0 1 1 1 1 1 1 6 238 1 1 1 1 1 1 1 1 0 0 0 0 0 0 0 0 0 0 0 0 0 0 0 0 1 0 0 0 0 0 0 0 0 0 0 0 0 0 0 0 0 0 0 0 0 0 0 0 0 0 0 0 0 0 0 0 1 0 0 0 0 0 0 0 0 0 0 0 0 1 1 147 228 249 4 241 255 255 255 255 255 255 255 255 255 242 1 249 177 30 26 20 9 4 2 1 1 1 1 1 0 0 0 0 0
0 0 0 0 1 1 127 167 1 1 1 1 1 2 1 0 1 7 1 1 255 247 1 0 0 0 0 0 0 0 0 0 196 1 0 1 1 0 1 33 97 4 1 0 0 0 0 0 0 0 0 1 1 0 0 0 1 1 1 1 0 1 1 1 2 1 1 1 1 0 0 0 0 0 0 0 0 0 0 0 0 0 0 0 0 13 20 1 1 1 1 1 1 1 1 1 1 1 1 1 1 1 17 2 1 1 1 254 1 1 1 1 1 1 1 1 1 1 1 1 1 1 1 1 1 1 1 1 1 1 1 1 1 1 1 1 1 1 1 1 1 1 0 0 0 0 0 0 0 0 1 1 6 255 1 1 1 1 1 1 1 1 1 1 1 1 1 1 1 1 1 1 1 1 1 1 1 1 1 1 1 1 1 1 1 1 1 1 1 1 0 0 0 1 255 11 0 0 0 0 0 0 0 0 0 0 1 1 1 1 0 0 0 0 1 1 1 1 1 1 0 0 0 1 1 1 0 0 0 0 1 1 1 1 1 4 4 1 0 1 2 63 9 112 145 1 0 1 2 0 1 1 1 0 1 1 6 1 0 1 2 1 1 1 20 146 9 1 1 1 0 1 3 1 118 244 2 3 1 0 1 1 1 0 1 4 0 1 1 1 1 0 2 253 4 0 0 0 0 0 0 0 0 0 0 0 0 0 0 0 0 1 1 0 0 0 0 0 0 11 1 1 1 0 0 251 248 40 1 1 0 0 0 1 5 0 0 0 1 0 1 0 1 0 1 0 1 4 2 13 101 220 242 242 236 220 102 4 1 2 155 49 217 43 18 1 1 0 60 36 1 2 1 2 1 0 0 0 0 0 1 1 5 4 3 1 1 1 80 0 0 0 1 1 0 0 0 0 0 0 0 0 1 1 0 52 228 1 0 0 0 0 0 1 1 0 0 0 0 0 0 0 0 0 0 0 0 0 0 0 0 1 0 0 0 0 0 0 0 0 0 0 0 0 0 0 0 0 0 0 0 0 0 0 0 0 0 0 0 0 0 0 0 1 0 0 0 0 0 0 0 0 0 0 1 110 247 254 251 242 255 249 255 154 3 2 2 4 5 7 14 134 250 255 253 40 33 33 37 56 80 91 96 98 97 97 98 99 99 99 98 94
0 0 0 0 0 1 1 206 29 1 23 1 3 0 0 0 0 5 1 1 66 255 1 1 0 0 0 0 0 0 0 0 15 176 0 1 1 52 99 16 1 0 0 0 0 0 0 0 0 0 0 1 1 0 0 0 1 1 0 0 0 1 1 1 1 1 1 0 0 0 0 0 0 0 0 0 0 0 0 0 0 1 1 1 1 2 77 1 1 1 1 1 1 1 1 1 1 1 1 1 1 1 1 18 1 0 164 250 1 3 3 3 3 3 3 3 3 3 3 4 4 3 2 1 1 1 1 1 1 1 1 1 1 1 1 1 1 1 1 1 1 1 1 1 1 1 1 1 1 1 1 1 1 255 244 1 1 1 1 1 1 1 1 1 1 1 0 0 0 1 1 1 1 1 1 1 1 1 1 1 1 1 0 0 0 0 0 0 0 0 0 0 0 1 255 153 0 0 0 0 0 0 0 0 0 0 0 1 1 1 1 0 0 0 0 1 1 1 1 1 0 0 0 1 1 1 0 0 0 1 1 0 0 1 1 5 1 0 1 11 57 1 1 2 171 55 1 0 2 1 1 0 0 0 1 1 7 1 1 2 1 1 1 9 11 1 122 2 1 0 0 0 3 1 27 248 7 1 0 0 1 1 1 0 0 2 2 1 0 0 0 0 1 212 247 1 0 0 0 0 0 0 0 0 0 0 0 0 0 0 0 0 1 0 0 0 0 0 0 9 1 0 1 0 0 251 248 36 1 1 0 0 0 0 5 1 1 1 1 1 1 1 1 1 1 1 1 4 2 1 1 1 1 2 23 120 224 241 241 232 244 221 8 9 7 43 45 22 11 129 1 2 1 2 1 0 0 0 0 0 0 1 6 3 4 4 3 1 55 3 0 0 1 2 1 0 0 0 0 0 0 0 0 1 1 151 204 1 0 0 0 0 0 0 0 0 0 0 0 0 0 0 0 0 0 0 0 0 0 0 0 1 0 0 0 0 0 0 0 0 0 0 0 0 0 0 0 0 0 0 0 0 0 0 0 0 0 1 1 1 1 1 0 1 0 0 0 0 0 0 0 1 147 250 253 252 201 2 1 1 11 255 1 1 1 1 0 0 1 1 0 0 0 1 1 1 0 0 0 0 0 0 0 0 0 0 0 0 1 1 1 1
0 0 0 0 0 0 1 1 220 218 227 46 1 0 0 0 0 1 3 1 1 255 230 1 0 0 0 1 1 1 0 1 1 202 1 50 97 8 1 1 0 0 0 0 0 0 0 0 0 0 0 1 1 1 1 0 0 0 0 0 0 1 1 1 0 1 1 0 0 0 0 0 0 0 0 0 0 1 1 1 1 1 1 1 1 1 77 1 1 1 0 1 1 0 0 0 0 0 0 0 0 0 0 7 4 179 254 11 1 1 0 0 0 0 0 1 1 0 0 0 1 1 1 2 2 3 3 3 3 3 3 3 3 2 2 1 1 1 1 1 1 1 1 1 1 1 1 1 1 0 0 0 1 173 255 1 1 1 1 1 1 1 1 1 1 1 1 1 1 1 1 1 1 1 0 0 0 0 0 0 0 0 0 0 0 0 0 0 0 0 0 0 0 1 255 238 0 0 0 0 0 0 0 0 0 0 0 0 0 1 1 1 0 0 0 0 1 1 1 1 0 0 1 1 1 0 0 0 0 1 0 0 0 1 0 1 6 1 35 15 1 1 1 1 4 202 6 1 2 1 0 0 0 0 1 0 7 1 3 1 1 1 4 22 1 1 3 113 1 0 0 1 2 5 3 249 2 1 0 0 1 1 0 0 0 0 5 1 0 0 0 0 0 9 253 1 0 0 0 0 1 0 0 0 0 0 0 0 0 0 0 0 1 0 0 0 0 0 0 6 1 0 1 1 0 251 249 24 1 1 0 0 0 1 4 0 0 0 1 0 1 0 0 0 1 1 1 5 1 1 0 1 1 1 0 1 1 1 3 44 212 84 107 41 24 3 1 2 4 120 2 1 10 1 3 1 0 0 0 1 3 7 1 1 1 1 1 3 15 30 0 0 0 2 1 0 0 0 0 0 0 0 0 1 1 192 169 1 0 0 0 0 0 0 0 0 0 0 0 0 0 0 0 0 0 0 0 0 0 0 0 1 0 0 0 0 0 0 0 0 0 0 0 0 0 0 0 0 0 0 0 0 0 0 0 0 0 0 1 1 1 1 1 1 0 0 0 1 2 199 253 253 250 135 1 0 0 0 0 0 0 253 237 1 1 0 0 0 1 1 0 0 0 0 0 0 0 0 0 0 0 0 0 0 0 0 0 0 0 0 0 0
0 0 0 0 0 0 0 0 1 1 214 6 0 0 0 0 0 0 5 1 1 130 255 1 1 1 1 1 1 1 1 1 1 137 180 9 1 0 1 1 0 0 0 0 0 0 0 0 0 0 0 0 1 1 1 1 0 0 0 0 0 1 1 0 0 0 1 1 0 0 0 0 0 0 0 1 1 1 1 1 1 1 1 0 0 1 77 1 1 1 1 1 1 1 1 1 1 1 0 0 0 0 0 1 19 254 9 1 0 0 0 0 0 1 1 0 1 0 0 0 0 0 0 0 0 0 0 0 0 0 1 1 1 1 2 2 3 3 3 3 3 3 3 3 3 2 1 1 1 1 1 1 1 1 255 193 1 1 1 1 1 0 0 0 0 0 0 0 0 0 0 0 0 1 1 0 0 0 0 0 0 0 0 0 0 0 0 0 0 0 0 0 0 1 255 252 0 0 0 0 0 0 0 0 0 0 0 0 0 0 1 1 1 0 0 0 0 1 1 1 0 0 1 1 1 1 1 1 1 1 1 1 1 2 2 2 17 55 3 1 1 2 0 0 1 10 207 2 1 1 0 0 0 0 0 0 5 3 1 2 1 11 6 10 1 1 1 19 64 1 2 2 1 1 1 249 25 1 0 0 1 1 0 0 0 0 1 3 0 0 0 0 0 1 245 229 1 0 0 0 1 1 0 0 0 0 0 0 0 0 0 0 1 1 0 0 0 0 0 3 3 0 0 1 0 251 249 21 1 1 0 0 0 1 4 0 0 0 1 1 1 0 0 0 1 1 0 5 1 1 0 1 1 1 0 0 0 1 0 0 146 1 3 14 2 17 28 23 6 21 44 1 1 10 2 1 1 1 1 3 2 1 0 0 1 1 1 1 48 1 0 0 0 1 2 0 0 0 0 0 0 0 0 0 1 205 148 1 0 0 0 0 0 0 0 0 0 0 0 0 0 0 0 0 0 0 0 0 0 0 0 1 0 0 0 0 0 0 0 0 0 0 0 0 0 0 0 0 0 0 0 0 0 0 0 0 0 0 1 0 0 0 0 1 1 5 226 253 253 245 50 1 0 0 0 0 0 0 0 0 0 1 253 244 1 1 0 0 1 1 0 0 0 0 0 0 0 0 0 0 0 0 0 0 0 0 0 0 0 0 0 0
0 0 0 0 0 0 0 0 1 1 214 1 0 0 0 0 0 0 1 6 0 1 255 134 1 1 1 1 0 1 1 0 0 1 207 1 1 0 0 0 0 0 0 0 0 0 0 0 0 0 0 0 0 0 1 1 0 0 0 0 0 1 1 0 0 0 1 1 0 0 0 0 0 1 1 1 1 1 1 1 0 0 0 1 1 1 68 3 1 1 2 1 1 1 1 1 1 1 0 0 0 0 0 1 23 254 1 0 0 0 0 0 1 1 1 0 1 1 0 0 0 0 0 0 0 0 0 0 0 0 0 0 0 0 0 0 0 0 0 0 0 1 1 1 1 2 3 1 1 0 1 0 0 0 245 255 1 1 1 0 0 0 0 0 0 0 0 0 0 0 0 0 0 0 1 0 0 0 0 0 0 0 0 0 0 0 0 0 0 0 0 0 0 1 251 255 0 0 0 0 0 0 0 0 0 0 0 0 0 0 0 1 1 1 1 0 0 1 1 1 1 1 1 1 1 0 1 1 1 1 1 1 1 1 1 7 50 2 1 0 0 1 1 0 1 1 59 183 1 1 0 0 0 0 1 2 3 13 1 3 42 3 1 6 1 1 1 1 69 36 1 1 0 1 1 244 155 1 0 0 1 1 0 0 0 0 0 5 0 0 0 0 0 0 26 253 1 1 1 1 1 1 1 0 0 0 0 0 0 0 0 0 0 1 0 0 0 0 0 1 8 0 0 1 1 251 249 18 1 1 0 0 0 0 4 0 0 0 0 1 1 0 0 0 1 0 0 5 1 0 0 1 1 0 0 0 0 1 0 0 143 1 1 21 1 0 0 1 3 12 111 14 1 13 1 7 5 5 4 2 1 1 0 0 0 0 1 26 4 1 1 0 0 0 2 0 0 0 0 1 1 1 0 0 1 222 95 1 1 1 1 1 1 1 1 1 1 1 0 0 0 0 0 0 0 0 0 0 0 0 0 1 0 0 0 0 0 0 0 0 0 0 0 0 0 0 0 0 0 0 0 0 0 0 0 0 0 1 1 0 0 1 17 241 253 253 238 11 1 0 0 0 0 0 0 0 0 0 0 0 0 0 1 250 253 2 1 1 1 1 0 0 0 0 0 0 0 0 0 0 0 0 0 0 0 0 0 0 0 0 0 0
0 0 0 0 0 0 0 0 0 1 200 40 1 0 0 0 0 0 0 4 1 1 237 255 1 1 0 0 0 0 0 0 0 1 209 1 1 0 0 0 0 0 0 0 0 0 0 0 0 0 0 0 0 0 1 1 0 0 0 1 1 1 1 0 0 0 0 1 0 0 0 1 1 1 1 1 1 0 0 0 1 1 1 1 1 1 7 36 1 1 2 1 1 0 1 1 1 1 0 1 1 1 1 9 210 250 1 0 0 0 0 1 1 1 1 1 1 1 0 1 1 1 0 0 0 0 0 0 0 0 0 0 0 0 0 0 0 0 0 1 1 1 0 0 0 0 1 2 1 1 1 0 0 1 1 255 191 1 1 0 0 0 0 0 0 0 0 0 0 0 0 0 0 0 1 1 0 0 0 0 0 0 0 0 0 0 0 0 0 0 0 0 0 1 248 255 0 0 0 0 0 0 0 0 0 0 0 0 0 0 0 0 1 1 1 1 1 0 1 1 1 1 1 1 0 0 0 0 0 1 0 0 0 0 0 59 1 1 1 0 0 1 1 1 1 1 1 141 113 1 1 1 1 2 3 1 0 2 74 20 2 5 3 3 0 1 1 1 1 126 3 1 1 1 1 231 225 1 1 1 1 1 1 1 1 0 0 2 2 0 0 0 0 0 1 252 117 1 0 0 0 0 1 1 0 0 0 0 0 0 0 0 0 1 0 0 0 0 0 1 10 0 0 1 1 251 251 14 1 1 1 0 0 0 4 0 0 0 0 0 1 1 1 0 1 1 0 6 1 1 1 1 1 1 1 1 1 1 1 1 142 1 1 23 1 0 0 0 1 1 1 124 147 145 108 106 54 32 9 13 14 13 1 0 0 0 9 12 1 0 1 1 0 1 2 0 0 1 1 1 1 1 1 1 1 219 113 1 0 0 0 0 0 0 0 0 0 1 1 1 1 1 0 0 0 0 0 0 0 0 1 1 0 0 0 0 0 0 0 0 0 0 0 0 0 0 0 0 0 0 0 0 0 0 1 1 1 3 3 68 244 253 253 226 3 0 0 0 0 0 0 0 0 0 0 0 0 0 0 0 0 0 0 1 236 255 82 1 0 1 0 0 0 0 0 0 0 0 0 0 0 0 0 0 0 0 0 0 0 0 0 0
1 0 0 0 0 0 0 0 0 0 1 216 1 1 0 0 0 0 0 1 6 1 1 255 61 1 1 1 0 0 0 0 0 1 209 1 0 0 0 0 0 0 0 0 0 0 0 0 0 0 0 0 0 0 1 1 0 1 1 1 1 0 0 0 0 0 0 0 0 1 1 1 1 1 1 0 0 1 1 1 1 1 1 0 0 0 1 82 1 1 2 1 0 0 1 1 1 1 1 1 73 144 205 223 182 247 8 0 0 0 0 1 1 1 12 23 25 26 27 14 5 6 5 3 1 1 0 0 0 0 0 0 0 0 0 0 0 0 0 0 0 0 0 0 0 0 0 1 2 2 1 0 23 162 89 255 255 2 1 1 0 0 0 0 0 0 0 0 0 0 0 0 0 0 0 1 0 0 0 0 0 0 0 0 0 0 0 0 0 0 0 0 1 1 242 255 0 0 0 0 0 0 0 0 0 0 0 0 0 0 0 0 0 0 1 1 1 1 1 1 1 0 1 1 0 0 0 0 0 1 0 0 0 0 0 60 1 1 2 1 0 1 1 2 1 0 0 2 185 26 1 2 3 1 0 1 16 21 2 14 1 7 2 1 0 1 1 0 1 2 134 1 1 1 3 237 239 225 227 225 215 137 2 1 1 1 1 0 4 0 0 0 1 1 1 88 253 1 0 0 0 0 0 1 0 0 0 0 0 0 0 0 0 1 1 0 0 0 0 1 9 2 2 2 2 249 251 14 1 1 1 1 0 0 4 1 1 1 1 1 1 1 1 1 1 1 1 6 1 1 1 1 1 1 0 0 1 1 0 0 138 1 0 22 1 0 0 1 1 1 0 67 2 1 6 1 1 3 18 1 1 1 12 1 0 3 28 1 1 0 0 1 1 2 1 0 1 1 1 0 1 1 1 0 1 190 174 1 0 0 0 0 0 0 0 0 0 0 0 0 0 1 1 0 0 0 0 0 0 0 1 0 0 0 0 0 0 0 0 0 0 0 0 0 0 0 0 0 0 0 1 4 112 229 240 240 242 250 253 252 199 1 0 0 0 0 0 0 0 0 0 0 0 0 0 0 0 0 0 0 0 0 0 1 0 103 255 98 0 1 0 0 0 0 0 0 0 0 0 0 0 0 0 0 0 0 0 0 0 0 0 0
1 0 0 0 0 0 0 0 0 0 0 4 214 1 0 0 0 0 0 0 2 2 1 241 255 1 1 0 0 0 0 0 0 1 209 1 1 0 0 0 0 0 0 0 0 0 0 0 0 0 0 0 0 0 1 1 1 1 1 0 0 0 0 0 0 0 0 1 1 1 1 1 1 0 0 0 0 1 1 1 0 0 0 0 0 0 0 75 1 1 1 1 1 2 2 1 0 1 48 191 210 194 121 5 1 72 243 1 0 0 1 2 30 33 9 4 3 3 2 11 1 1 1 2 4 5 4 1 0 0 0 0 0 0 0 0 0 0 0 0 0 0 0 1 0 0 0 0 0 1 3 3 22 169 223 246 255 229 1 1 1 0 0 0 0 0 0 0 0 0 0 0 0 0 0 1 1 0 0 0 0 0 0 0 0 0 0 0 0 0 0 0 0 1 236 255 0 0 0 0 0 0 0 0 0 0 0 0 0 0 0 0 0 0 0 0 0 0 0 1 1 0 1 1 0 0 0 0 0 1 0 0 0 1 0 7 26 1 1 1 0 0 1 2 1 0 0 1 5 203 12 2 1 1 12 21 2 1 1 1 18 16 1 0 0 1 1 1 1 1 10 101 6 197 220 217 240 13 2 2 10 152 224 221 19 1 1 1 2 2 1 1 1 1 0 1 254 6 0 0 0 0 0 1 0 0 0 0 0 0 0 0 1 1 1 0 0 1 1 1 1 3 4 3 2 249 251 14 1 1 0 0 1 1 4 0 1 1 0 0 0 0 0 0 1 1 0 6 1 1 1 1 1 0 0 0 0 1 0 0 138 1 0 22 1 0 0 1 1 0 1 74 1 0 5 0 1 4 4 0 0 0 5 5 3 39 1 1 1 1 1 1 2 1 1 1 1 1 0 0 0 1 1 0 0 211 141 1 0 0 0 0 0 0 0 0 0 0 0 0 0 0 1 1 1 1 1 1 0 0 1 0 0 0 0 0 0 0 0 0 0 0 0 0 1 1 20 194 237 241 241 237 213 44 25 215 229 151 2 0 0 0 0 0 0 0 0 0 0 0 0 0 0 0 0 0 0 0 0 0 0 0 0 1 1 0 61 255 1 1 0 0 0 0 0 0 0 0 0 0 0 0 0 0 0 0 0 0 0 0 0 0
1 1 0 0 0 0 0 0 0 0 0 1 48 198 1 0 0 0 0 0 0 7 1 1 254 254 1 1 0 0 0 0 0 25 183 1 1 0 0 0 0 0 0 0 0 0 0 0 0 0 0 1 1 1 1 1 1 1 0 0 0 0 0 0 0 1 1 1 1 1 1 0 0 0 0 0 0 0 0 0 0 0 0 0 0 0 0 4 53 1 1 3 2 1 2 1 4 140 205 142 2 1 1 1 1 1 246 14 1 1 8 26 2 1 1 1 1 1 1 2 8 1 0 1 1 1 1 6 1 1 0 0 0 0 0 0 0 0 0 0 0 0 0 1 1 1 0 0 0 0 1 1 3 4 186 3 242 255 1 1 1 1 0 0 0 0 0 0 0 0 0 0 0 0 0 0 1 0 0 0 0 0 0 0 0 0 0 0 0 0 0 0 1 1 255 212 0 0 0 0 0 0 0 0 0 0 0 0 0 0 0 0 0 0 0 0 0 0 0 1 1 1 1 1 0 0 0 0 0 1 0 0 1 1 0 1 61 0 1 2 1 0 0 1 2 0 0 1 2 38 185 1 10 23 3 1 1 1 1 1 1 14 10 0 0 1 1 1 1 1 1 182 231 45 1 1 211 1 2 4 2 1 0 5 212 204 2 1 1 4 1 1 0 0 0 0 216 248 1 1 1 0 0 1 0 0 0 0 0 0 0 0 1 1 1 0 1 1 1 1 1 1 1 1 1 249 252 6 1 0 0 0 0 1 4 1 1 0 0 0 0 0 0 1 1 1 1 6 1 1 1 1 1 0 0 0 0 1 0 0 138 1 0 21 1 0 0 1 1 1 2 71 1 0 5 0 1 8 2 0 1 1 7 31 29 1 1 0 1 1 1 2 1 1 1 1 0 0 0 0 0 1 1 0 1 233 44 1 0 0 0 0 0 0 0 0 0 0 0 0 0 0 0 0 0 0 0 1 1 0 1 0 0 0 0 0 0 0 1 1 3 116 230 240 241 241 232 155 5 1 0 1 63 227 216 24 0 1 1 0 0 0 0 0 0 0 0 0 0 0 0 0 0 0 0 0 0 0 0 0 0 0 0 0 1 0 1 255 1 1 0 0 0 0 0 0 0 0 0 0 0 0 0 0 0 0 0 0 0 0 0 0
1 1 1 0 0 0 0 0 0 0 0 0 1 140 152 0 0 0 0 0 0 1 4 1 1 255 255 1 1 0 0 0 1 194 9 1 1 1 0 0 0 0 0 0 0 0 0 0 0 1 1 1 1 1 1 1 1 0 0 0 0 0 0 1 1 1 1 1 1 0 0 0 0 0 0 0 0 0 1 1 0 0 0 1 0 0 1 1 110 5 3 1 1 1 2 98 203 191 17 1 1 1 1 0 1 2 145 241 1 22 11 1 1 1 1 1 0 0 0 1 6 3 1 0 0 1 1 1 3 4 1 1 0 0 0 0 0 0 0 0 0 0 0 0 0 0 0 0 0 0 0 0 1 1 56 172 184 255 255 1 1 1 0 0 0 0 0 0 0 0 0 0 0 0 0 0 1 1 0 0 0 0 0 0 0 0 0 0 0 0 0 0 1 1 255 39 0 0 0 0 0 0 0 0 0 0 0 0 0 0 0 0 0 0 0 0 0 0 0 1 1 1 1 0 0 0 0 0 0 1 0 0 1 1 1 24 9 0 0 1 1 0 0 0 2 1 1 1 1 1 129 190 4 1 1 1 1 1 1 1 1 1 41 1 0 1 1 1 1 2 163 181 82 28 1 2 212 146 114 96 107 124 108 9 1 39 226 198 2 4 0 1 1 1 1 1 5 253 66 1 1 1 1 1 1 1 1 1 0 0 0 0 1 1 1 1 1 1 1 1 1 1 1 1 1 248 254 2 1 0 0 0 0 0 4 1 1 1 0 0 0 0 0 1 1 0 0 6 1 0 0 1 1 0 0 0 0 1 0 1 138 1 0 20 1 1 5 5 10 15 15 21 1 0 5 0 1 1 11 7 4 11 2 1 1 1 1 0 1 1 1 1 1 1 1 1 0 0 0 0 0 0 1 1 1 240 5 1 0 0 0 0 0 1 1 1 1 0 0 0 0 0 0 0 0 0 0 0 1 1 1 1 0 1 1 25 202 236 240 241 238 212 34 1 1 0 0 0 0 1 77 228 199 4 0 0 0 1 1 0 0 0 0 0 0 0 0 0 0 0 0 0 0 0 0 0 0 0 0 0 0 0 0 0 1 0 0 255 4 1 0 0 0 0 0 0 0 0 0 0 0 0 0 0 0 0 0 0 0 0 0 0
1 1 1 0 0 0 0 0 0 0 0 0 0 1 201 44 0 0 0 0 1 1 7 1 1 1 254 255 2 1 0 0 1 206 1 1 0 1 1 0 0 0 0 0 0 0 0 0 1 1 1 0 1 1 1 1 1 0 0 0 0 0 1 1 1 1 1 0 0 0 0 0 0 0 0 1 1 0 0 1 0 0 0 1 1 1 2 5 28 122 1 1 1 87 196 205 83 1 1 1 1 0 0 0 0 1 1 246 33 4 1 1 1 0 0 1 1 1 0 0 1 12 1 0 0 1 1 1 1 1 5 2 1 0 0 0 0 0 0 0 0 0 0 0 0 0 1 0 0 0 0 0 0 1 1 1 1 152 255 237 1 1 1 0 0 0 0 0 0 0 0 0 0 0 0 0 0 1 0 0 0 0 0 0 0 0 0 0 0 0 0 0 0 1 255 44 0 0 0 0 0 0 0 0 0 0 0 0 0 0 0 0 0 0 0 0 0 0 0 0 1 1 1 0 0 0 0 0 0 0 0 0 0 0 0 37 4 0 0 1 1 1 0 1 1 3 1 1 5 21 6 162 56 1 1 1 0 1 1 1 0 0 12 9 1 1 1 1 2 187 127 1 1 114 22 12 192 2 1 1 1 1 3 78 93 2 1 78 229 232 211 88 9 4 4 7 67 248 250 247 248 250 248 240 77 1 1 1 1 1 1 1 0 1 1 1 0 1 1 1 1 1 1 2 1 243 255 1 1 1 1 1 1 1 4 1 1 1 1 1 0 1 1 1 1 0 0 5 1 0 0 1 1 1 1 1 1 1 1 1 137 1 0 20 1 2 2 0 4 1 1 25 1 1 5 0 1 0 1 3 48 1 1 1 1 1 1 1 1 1 2 1 1 0 1 1 0 0 0 0 1 1 1 0 1 243 2 1 0 0 0 0 0 0 1 1 1 0 1 0 0 0 0 0 0 0 0 1 1 4 133 227 237 239 239 232 140 5 1 1 0 0 0 0 0 0 0 0 41 227 195 3 0 0 0 0 0 1 1 0 0 0 0 0 0 0 0 0 0 0 0 0 0 0 0 0 0 0 0 0 0 0 0 0 1 0 0 255 9 1 0 0 0 0 0 0 0 0 0 0 0 0 0 0 0 0 0 0 0 0 0 0
1 1 1 1 1 0 0 0 0 0 0 0 0 1 1 218 1 1 0 1 1 6 1 1 1 1 1 252 255 2 1 1 1 208 1 1 0 1 1 0 0 0 0 0 0 0 0 0 1 1 0 1 1 1 1 1 0 0 0 0 1 1 1 1 1 0 0 0 0 0 0 0 0 1 1 1 1 1 0 1 1 1 1 1 1 1 2 1 94 163 177 138 198 199 117 3 1 1 1 0 0 0 0 1 1 1 2 244 45 1 0 0 1 1 1 1 1 1 1 1 1 1 10 1 1 1 1 0 1 1 1 2 4 1 1 1 0 0 0 0 0 0 0 0 0 0 1 1 1 0 1 1 1 1 1 0 1 1 217 255 83 1 1 0 0 0 0 0 0 0 0 0 0 0 0 0 0 1 0 0 0 0 0 0 0 0 0 0 1 1 44 85 87 87 255 156 1 1 0 0 0 0 0 0 0 0 0 0 0 0 0 0 0 0 0 0 0 0 0 0 1 1 1 1 0 0 0 0 0 0 0 0 0 0 0 1 62 1 0 0 1 1 1 1 1 2 4 20 8 1 1 2 189 6 0 1 1 1 1 1 0 0 1 31 4 1 1 3 203 90 1 1 1 10 119 3 44 127 1 1 1 1 1 1 6 110 85 4 2 3 36 193 223 226 226 224 215 245 230 232 96 48 120 222 250 253 253 239 4 1 1 1 1 1 1 1 1 1 1 1 1 1 1 2 18 254 255 127 4 8 20 6 5 5 12 4 8 9 9 7 5 4 4 5 6 6 7 13 8 5 8 10 8 6 7 9 10 8 7 7 151 1 1 20 1 1 4 1 2 3 2 27 1 1 6 1 1 1 1 3 9 11 2 0 0 0 0 1 1 2 1 1 0 0 1 1 1 1 1 1 1 0 0 0 1 243 2 1 0 0 0 0 0 0 0 1 0 0 1 1 1 1 1 2 25 197 237 238 239 237 205 51 5 2 1 1 0 0 0 0 0 0 0 0 0 0 8 215 208 4 0 0 0 0 0 0 0 1 0 0 0 0 0 0 0 0 0 0 0 0 0 0 0 0 0 0 0 0 0 0 0 0 0 0 1 1 0 255 15 1 0 0 0 0 0 0 0 0 0 0 0 0 0 0 0 0 0 0 0 0 0 0
247 1 1 1 1 1 0 0 0 0 0 0 0 0 1 6 215 1 1 1 6 1 0 0 0 1 1 1 254 255 1 1 1 209 1 1 0 0 1 0 0 0 0 0 0 0 0 0 0 1 1 1 1 1 0 0 0 0 1 1 1 1 1 0 0 0 0 0 0 0 0 1 0 1 1 0 0 1 1 1 1 1 0 1 1 1 2 1 184 1 56 189 116 3 1 1 0 1 0 0 1 1 1 1 1 1 8 237 155 1 1 1 1 1 0 0 1 1 1 1 1 1 4 5 1 1 0 0 0 1 1 1 2 2 1 1 0 0 0 0 0 0 0 0 0 0 0 0 0 0 0 0 1 0 0 0 0 0 2 247 255 1 1 1 0 0 0 0 0 0 0 0 0 0 0 0 0 1 0 0 0 0 0 0 0 0 0 1 33 76 6 1 1 1 255 155 0 0 0 0 0 0 0 0 0 0 0 0 0 0 0 0 0 0 0 0 0 0 0 0 1 1 1 1 0 0 0 0 0 0 0 0 0 0 0 1 58 1 0 1 1 1 1 0 2 16 20 1 1 1 0 1 7 192 1 0 1 1 1 0 0 0 0 1 38 2 6 209 50 1 1 1 5 2 19 83 1 193 1 1 1 1 1 0 0 1 8 103 126 88 17 3 2 2 1 1 1 19 227 205 1 1 1 1 1 1 3 226 252 253 246 98 10 93 2 2 15 172 241 251 254 255 255 255 255 251 255 249 219 212 201 210 210 210 207 204 193 191 191 194 197 197 197 197 198 192 190 192 192 191 187 185 192 195 192 184 182 177 177 180 226 94 98 130 21 31 32 16 15 4 2 28 1 1 7 1 1 1 2 7 1 1 10 0 0 1 1 1 1 1 1 0 0 0 1 0 1 1 0 0 0 0 0 0 1 243 1 1 0 0 0 0 0 0 0 1 1 1 3 88 229 239 241 239 232 147 9 2 1 1 1 1 1 0 0 0 0 0 0 0 0 0 0 0 1 172 224 23 0 0 0 0 0 0 0 0 0 1 0 0 0 0 0 0 0 0 0 0 0 0 0 0 0 0 0 0 0 0 0 0 0 0 0 0 0 1 0 255 26 1 0 0 0 0 0 0 0 0 0 0 0 0 0 0 0 0 0 0 0 0 0 0
238 243 1 1 1 1 1 0 0 0 0 0 0 0 1 1 89 220 217 13 1 0 0 0 0 0 0 1 1 255 254 1 1 208 1 0 0 0 1 1 0 0 0 0 0 0 0 0 0 1 1 1 0 0 0 0 1 1 1 1 1 1 0 0 0 0 0 0 0 0 0 1 1 0 1 1 0 1 1 1 1 1 1 1 0 1 1 0 200 197 151 1 1 1 0 1 1 1 0 1 1 1 0 1 1 9 1 242 39 0 0 0 1 2 15 20 17 14 13 1 0 1 1 15 2 1 0 0 0 0 1 1 1 3 1 2 1 0 0 0 0 0 0 0 0 0 0 0 0 0 0 0 0 0 0 0 1 2 1 13 255 255 1 1 1 0 0 0 0 0 0 0 0 0 0 0 1 1 0 0 0 0 0 0 0 1 1 73 10 1 0 0 0 0 255 228 1 0 0 0 0 0 0 0 0 0 0 0 0 0 0 0 0 0 0 0 0 0 0 0 0 1 1 1 0 0 0 0 0 0 0 0 0 0 0 0 21 11 1 1 1 1 1 13 10 4 1 1 0 0 0 0 1 40 164 1 1 1 1 0 0 0 0 1 1 62 222 22 1 1 1 5 1 1 1 53 51 187 1 0 0 0 0 0 0 0 0 1 1 23 67 111 122 131 128 130 130 132 228 247 119 107 108 108 110 94 12 1 1 2 189 249 251 251 255 255 255 254 249 235 173 55 9 4 13 237 255 2 3 1 1 1 1 1 1 2 2 2 2 2 1 1 1 1 2 1 1 2 1 1 1 1 1 1 1 1 2 1 1 1 180 0 1 28 27 2 1 1 1 1 1 28 2 2 4 2 1 1 1 9 1 0 3 5 1 1 0 0 1 1 1 0 0 0 1 0 0 0 0 0 0 0 0 0 1 243 1 1 0 0 1 1 1 18 192 237 243 243 238 224 40 2 1 1 0 0 0 0 0 0 0 0 0 0 0 0 0 0 0 0 0 0 0 32 227 126 1 0 0 0 0 0 0 0 0 0 0 1 0 0 0 0 0 0 0 0 0 0 0 0 0 0 0 0 0 0 0 0 0 0 0 0 0 0 0 1 0 255 40 1 0 0 0 0 0 0 0 0 0 0 0 0 0 0 0 0 0 0 0 0 0 0
1 243 242 1 1 1 1 0 0 0 0 0 0 0 1 1 0 1 7 214 0 0 0 0 0 0 0 0 1 2 255 233 1 205 2 0 1 1 0 1 1 0 0 0 0 0 0 0 0 1 1 1 0 0 1 1 1 1 1 1 0 0 0 0 0 0 0 0 0 0 0 0 1 1 1 1 1 1 1 1 0 1 1 1 0 1 1 1 224 1 1 0 0 1 0 1 1 1 1 1 1 0 1 1 11 1 0 245 1 1 7 20 20 12 1 1 0 0 4 6 0 1 1 3 9 1 0 0 0 0 1 1 1 2 1 1 1 1 0 0 0 0 0 0 0 0 0 0 0 0 1 1 0 0 0 1 7 4 4 1 79 255 250 1 1 1 0 0 0 0 0 0 0 0 0 0 1 0 0 0 0 0 0 0 1 5 76 2 0 0 0 0 0 0 253 252 1 0 0 0 0 0 0 0 0 0 0 0 0 0 0 0 0 0 0 0 0 0 0 0 0 1 1 1 0 0 0 0 0 0 0 0 0 0 0 0 2 61 1 0 1 11 13 1 1 3 1 1 0 0 0 0 0 1 120 98 1 1 1 1 1 1 1 1 1 3 234 1 1 3 4 1 0 1 2 2 83 67 151 1 0 0 0 0 0 0 0 0 1 2 0 1 0 1 0 0 0 0 2 242 126 1 1 1 1 3 58 107 42 1 1 1 56 203 34 1 1 1 2 3 2 1 1 1 4 10 255 11 2 1 1 0 0 0 0 1 0 1 1 1 2 2 2 4 2 1 1 3 2 1 1 1 1 1 0 0 1 1 0 1 180 0 0 3 35 1 0 0 0 1 1 23 1 1 1 4 1 1 0 6 2 1 1 11 1 0 0 1 1 1 1 0 0 0 0 0 0 0 0 0 0 0 0 0 1 243 2 3 102 227 243 243 242 233 156 5 1 1 9 1 0 0 0 1 1 0 0 0 0 0 0 0 0 0 0 0 0 0 0 0 0 1 184 213 3 0 0 0 0 0 0 0 0 0 0 0 0 1 0 0 0 0 0 0 0 0 0 0 0 0 0 0 0 0 0 0 0 0 0 0 0 0 0 0 0 1 0 255 66 1 0 0 0 0 0 0 0 0 0 0 0 0 0 0 0 0 0 0 0 0 0 0
1 1 241 245 1 1 1 0 0 0 0 0 1 1 1 0 0 0 1 219 1 0 0 0 0 0 0 0 1 1 100 255 48 162 63 1 1 1 0 1 1 1 1 1 0 0 0 0 1 1 1 0 0 1 1 1 1 1 0 0 0 0 0 0 0 0 0 0 0 0 0 0 0 1 1 1 1 0 0 1 1 1 1 0 0 1 1 25 216 1 1 0 0 1 1 1 1 1 1 1 1 1 2 10 1 0 1 245 28 22 4 1 0 0 0 0 0 1 1 15 1 1 1 2 2 6 1 0 0 0 1 1 1 1 3 1 2 0 0 0 0 0 0 0 0 0 0 0 0 0 1 1 1 1 2 6 1 0 4 3 2 163 255 250 1 0 0 0 0 0 0 0 0 0 1 1 0 0 0 0 0 0 0 1 21 47 1 0 0 0 0 0 0 0 240 255 1 0 0 0 0 0 0 0 0 0 0 0 0 0 0 0 0 0 0 0 0 0 0 0 0 1 1 1 1 0 0 0 0 0 0 0 0 0 0 0 1 65 1 11 14 1 1 1 3 1 1 1 0 0 0 0 0 0 2 177 28 1 0 0 0 0 1 1 1 1 234 3 4 2 1 1 1 2 1 0 3 106 199 1 1 1 1 1 0 0 1 0 1 2 1 1 1 1 0 0 0 0 0 197 233 1 1 1 1 1 1 1 58 198 190 167 192 126 24 1 1 1 1 2 4 2 1 1 3 1 255 230 1 0 1 0 0 0 0 1 0 0 0 0 0 0 1 3 1 1 1 3 1 0 0 1 1 1 1 1 2 1 1 1 179 0 0 1 51 1 0 0 1 1 1 21 1 0 1 3 3 1 1 2 7 1 0 2 6 0 1 1 1 2 1 1 1 1 1 1 0 0 0 0 1 1 8 143 224 253 243 243 222 76 3 1 0 0 0 0 0 1 3 0 0 0 0 1 1 1 0 0 0 0 0 0 0 0 0 0 0 0 0 0 13 224 105 0 0 0 0 0 0 0 0 0 0 0 0 0 0 1 0 0 0 0 0 0 0 0 0 0 0 0 0 0 0 0 0 0 0 0 0 0 0 0 0 0 0 1 1 255 100 1 0 0 0 0 0 0 0 0 0 0 0 0 0 0 0 0 0 0 0 0 0 0
1 1 1 237 246 1 1 1 0 0 0 1 1 0 0 0 0 0 1 27 206 1 0 0 0 0 0 0 0 1 1 241 255 15 200 1 1 1 0 0 1 1 1 1 1 1 1 1 1 1 0 1 1 1 1 1 0 0 0 0 0 0 0 0 0 0 0 0 0 0 0 0 0 0 1 1 1 1 0 0 1 1 0 0 0 1 1 16 219 1 1 0 0 1 0 1 1 1 0 1 1 4 7 1 1 0 111 240 2 0 0 0 1 1 1 1 1 1 0 1 20 1 0 1 2 5 2 1 1 1 1 1 1 1 4 1 2 1 0 0 1 1 0 0 0 0 0 0 0 0 0 1 1 1 8 0 0 0 1 8 3 233 255 255 1 0 0 0 0 0 0 0 1 1 1 1 0 0 0 0 0 0 1 54 18 1 0 0 0 0 0 0 0 0 140 255 5 0 0 0 0 0 0 0 0 0 0 0 0 0 0 0 0 0 0 0 0 0 0 0 0 0 1 1 1 0 0 0 0 0 0 0 0 0 0 0 1 4 122 16 1 1 0 0 2 3 0 0 0 0 0 0 0 0 1 2 199 3 1 1 1 1 1 1 1 9 232 130 1 1 1 1 2 1 0 0 1 8 160 149 1 1 1 1 1 1 1 1 1 2 1 1 1 1 1 1 0 0 0 7 245 29 0 0 1 1 29 105 59 4 8 42 6 3 43 1 1 1 0 0 1 3 5 2 3 1 241 255 1 1 1 0 0 0 0 1 0 0 0 0 0 1 1 3 1 1 1 3 1 0 0 1 1 1 1 1 1 1 1 1 178 0 0 1 53 1 0 0 0 0 0 20 1 1 0 2 3 1 1 1 6 0 0 0 10 0 0 0 1 2 1 1 1 1 1 1 3 50 202 227 230 230 224 156 106 158 1 1 0 0 1 1 0 0 0 0 0 1 4 0 0 0 0 1 0 1 1 0 0 0 0 0 0 0 0 0 0 0 0 103 221 7 0 0 0 0 0 0 0 0 0 0 0 0 0 0 0 1 0 0 0 0 0 0 0 0 0 0 0 0 0 0 0 0 0 0 0 0 0 0 0 0 0 0 0 0 1 255 140 1 0 0 0 0 0 0 0 0 0 0 0 0 0 0 0 0 0 0 0 0 0 0
4 1 1 1 243 240 1 1 1 1 1 1 1 0 0 0 0 0 0 1 93 196 1 0 0 0 0 0 0 0 0 1 250 255 212 1 0 0 1 1 1 1 1 1 0 1 1 1 0 1 1 1 1 1 1 0 0 0 0 0 0 0 0 0 0 0 0 0 0 0 0 0 0 0 1 1 1 1 0 0 0 1 0 1 1 1 0 2 225 1 1 0 0 0 0 1 1 1 1 1 5 5 1 1 0 1 238 4 96 0 0 1 1 1 0 0 0 1 1 1 3 8 0 1 2 1 9 1 1 1 0 1 1 1 2 1 2 1 0 0 0 1 0 0 0 0 1 1 1 0 0 0 0 1 7 1 0 0 0 1 246 254 161 245 252 1 0 0 0 0 1 1 1 0 0 0 0 0 0 0 0 2 77 4 1 0 0 0 0 0 0 0 0 0 9 255 29 0 0 0 0 0 0 0 0 0 0 0 0 0 0 0 0 0 0 0 0 0 0 0 0 0 1 1 1 1 0 0 0 0 0 0 0 0 0 1 1 1 8 79 102 12 1 1 1 5 1 0 0 0 0 1 0 0 0 1 11 190 1 1 1 6 93 206 225 221 232 241 1 1 1 3 1 0 0 0 0 1 141 247 250 250 250 109 1 1 1 1 1 2 1 1 1 1 1 1 1 1 1 1 218 224 1 1 42 108 26 1 0 1 2 1 1 1 60 1 1 1 0 0 0 0 1 3 7 6 128 255 8 1 1 1 0 0 0 1 0 0 0 0 0 1 1 3 1 1 1 4 1 1 1 1 3 2 1 1 2 2 2 2 180 0 0 1 52 1 1 1 1 1 1 16 1 1 1 2 3 1 1 3 5 1 1 1 6 2 1 1 2 1 1 7 121 200 215 220 221 197 44 2 1 1 0 0 205 3 1 1 0 0 1 2 1 1 0 0 1 1 4 1 0 0 1 1 0 1 1 0 0 0 0 0 0 0 0 0 0 1 185 185 1 0 0 0 0 0 0 0 0 0 0 0 0 0 0 0 0 1 0 0 0 0 0 0 0 0 0 0 0 0 0 0 0 0 0 0 0 0 0 0 0 0 0 0 0 0 1 255 186 1 0 0 0 0 0 0 0 0 0 0 0 0 0 0 0 0 0 0 0 0 0 0
23 6 1 1 2 247 252 248 252 254 254 254 217 1 0 0 0 0 0 0 1 78 211 1 0 0 0 0 0 0 0 1 1 254 255 11 1 1 1 1 0 0 0 1 0 0 0 1 1 1 1 1 1 0 0 0 0 0 0 0 0 0 0 0 0 0 0 0 0 0 0 0 0 0 0 1 1 1 1 1 1 1 1 1 1 0 0 1 229 0 0 0 0 0 0 1 1 1 2 5 4 1 1 0 1 227 105 1 125 1 0 1 0 1 1 1 1 1 1 0 1 12 1 0 1 2 1 8 1 0 0 0 1 1 1 3 1 1 0 0 0 1 1 0 0 0 0 0 1 0 0 0 0 0 2 4 0 0 1 99 255 22 1 1 253 238 1 0 0 1 1 0 0 0 0 0 0 0 0 1 11 69 1 0 0 0 0 0 0 0 0 0 0 0 3 255 66 0 0 0 0 0 0 0 0 0 0 0 0 0 0 0 0 0 0 0 0 0 0 0 0 0 0 1 1 1 0 0 0 0 1 1 0 1 1 1 0 0 1 1 4 103 7 0 1 5 1 1 0 1 1 1 1 1 0 1 1 110 216 214 224 216 171 25 1 1 4 249 2 1 1 1 2 0 0 1 1 31 246 241 217 234 129 250 252 250 250 251 250 250 250 250 250 250 250 250 252 252 250 251 253 255 235 211 140 78 79 50 8 2 1 1 1 1 38 4 1 1 1 1 1 1 1 1 1 5 43 255 255 56 32 31 27 30 30 34 38 37 36 33 29 26 40 89 33 28 27 42 30 28 28 31 38 21 18 15 14 13 12 17 213 8 6 6 77 4 3 2 2 3 2 23 4 4 4 9 7 3 3 11 6 3 3 3 7 55 175 243 250 237 213 200 116 7 1 1 0 0 0 1 0 0 0 1 207 1 0 1 0 0 0 1 2 1 1 0 1 1 1 3 1 0 1 1 1 1 0 0 0 0 0 0 0 0 0 0 3 213 102 0 0 0 0 0 0 0 0 0 0 0 0 0 0 0 0 0 0 1 0 0 0 0 0 0 0 0 0 0 0 0 0 0 0 0 0 0 0 0 0 0 0 0 0 0 0 0 1 253 225 1 0 0 0 0 0 0 0 0 0 0 0 0 0 0 0 0 0 0 0 0 0 0
1 20 6 1 1 1 153 226 191 24 1 9 249 244 1 1 0 0 0 0 0 0 20 219 5 0 0 0 0 0 0 0 1 1 254 255 247 1 0 0 0 0 0 1 0 0 1 1 1 1 1 0 0 0 0 0 0 0 0 0 0 0 0 0 0 0 0 0 0 0 0 0 0 0 0 1 1 1 1 1 2 2 1 1 0 0 0 1 229 1 0 0 0 0 0 1 1 4 2 1 1 2 1 1 80 230 1 0 29 38 0 1 1 1 0 0 0 0 0 1 1 1 17 0 1 1 2 5 2 1 0 0 1 1 1 4 1 2 0 0 0 0 0 0 0 0 0 0 0 0 0 0 0 0 0 7 1 0 1 252 246 1 1 1 4 255 130 0 1 1 0 0 0 0 0 0 0 0 1 36 33 1 0 0 0 0 0 0 0 0 0 0 0 0 2 255 79 0 0 0 0 0 0 0 0 0 0 0 0 0 0 0 0 0 0 0 0 0 0 0 0 0 0 1 1 1 1 0 0 0 0 1 1 1 1 1 1 1 1 0 0 1 130 1 0 3 2 0 1 1 1 1 3 8 27 72 79 46 31 11 1 1 1 1 0 1 1 249 9 1 1 2 4 1 1 18 189 247 246 229 230 177 46 100 145 168 168 157 164 183 181 174 173 173 174 172 162 157 172 178 203 245 255 255 255 255 255 255 255 255 254 208 6 1 14 15 1 1 1 31 243 255 255 255 255 255 255 255 255 250 244 245 244 244 244 244 244 244 244 244 244 244 244 242 244 244 244 244 244 244 244 244 243 242 244 244 245 245 245 245 251 245 245 245 250 246 248 248 248 247 247 248 248 248 248 248 248 249 249 249 250 250 250 245 246 246 231 92 4 207 79 1 0 0 0 0 0 0 0 1 0 0 0 59 148 1 1 1 0 0 0 0 1 1 1 2 1 0 6 7 6 6 3 1 1 1 0 0 0 0 0 0 0 0 0 9 221 30 1 1 1 1 0 0 0 0 0 0 0 0 0 0 0 0 0 0 0 1 0 0 0 0 0 0 0 0 0 0 0 0 0 0 0 0 0 0 0 0 0 0 0 0 0 0 0 0 0 252 243 1 0 0 0 0 0 0 0 0 0 0 0 0 0 0 0 0 0 0 0 0 0 0
1 1 20 6 1 1 0 1 1 1 1 1 1 239 252 3 1 0 0 0 0 0 0 2 218 83 1 0 0 0 0 0 0 1 1 254 255 1 0 0 0 0 0 1 1 1 1 1 1 1 0 0 0 0 0 0 0 0 0 0 0 0 0 0 0 0 0 0 0 0 0 0 0 0 0 0 1 1 1 1 4 1 1 1 0 0 0 1 229 1 0 0 0 0 1 1 7 1 1 1 1 1 2 1 238 1 1 1 1 125 1 1 1 1 0 0 0 0 0 1 1 1 19 1 0 1 1 1 8 1 1 0 1 1 1 4 1 3 1 0 0 0 0 0 0 0 0 0 0 0 0 0 0 0 0 2 4 0 1 255 182 1 1 1 0 110 255 5 1 1 0 0 0 0 0 0 0 1 71 9 1 0 0 0 0 0 0 0 0 0 0 0 0 0 1 255 85 0 0 0 0 0 0 0 0 0 0 0 0 0 0 0 0 0 0 0 0 0 0 0 0 0 0 0 1 1 1 0 0 0 1 1 1 1 0 0 0 0 0 0 0 1 18 74 1 1 6 1 1 6 19 52 55 32 11 1 1 1 0 1 1 1 1 1 1 1 1 241 176 1 1 5 1 69 180 244 250 233 12 1 5 218 3 1 1 1 1 1 1 2 1 1 1 1 1 1 1 1 1 1 1 141 179 1 1 1 1 1 1 35 225 255 255 255 254 251 251 255 255 255 251 173 8 1 1 1 1 108 255 122 1 1 1 1 1 1 1 1 1 1 1 1 1 2 1 1 1 2 1 1 1 1 2 1 1 1 1 1 1 1 183 1 1 1 57 1 1 1 1 1 1 1 1 1 1 3 1 1 1 1 1 1 74 13 10 1 1 1 1 1 228 2 0 0 0 0 0 0 0 1 0 0 1 204 2 1 1 0 0 0 0 0 0 0 0 0 1 2 11 0 1 1 5 0 1 1 0 0 0 0 0 0 0 0 22 220 7 0 0 0 0 1 1 1 1 0 0 0 0 0 0 0 0 0 0 0 0 1 0 0 0 0 0 0 0 0 0 0 0 0 0 0 0 0 0 0 0 0 0 0 0 0 0 0 0 0 0 248 248 1 0 0 0 0 0 0 0 0 0 0 0 0 0 0 0 0 0 0 0 0 0 0
1 1 1 20 6 1 1 1 0 0 1 1 1 1 201 254 101 1 0 0 0 0 0 0 1 191 156 1 0 0 0 0 0 0 1 1 255 237 1 0 0 1 1 1 1 1 1 1 1 0 0 0 0 0 0 0 0 0 0 0 0 0 0 0 0 0 0 0 0 0 0 0 0 0 0 0 0 0 0 1 1 5 5 5 2 1 1 1 227 2 0 0 0 1 4 11 2 1 1 0 0 0 1 227 139 1 1 1 0 22 52 0 1 0 0 0 0 0 0 0 1 0 10 2 0 0 1 1 1 7 1 1 1 1 1 2 1 3 1 0 0 0 1 0 0 0 1 1 0 0 0 0 0 0 0 1 8 1 1 255 67 1 0 1 1 1 234 253 1 1 1 0 0 0 0 0 5 77 2 1 0 0 0 0 0 0 0 0 0 0 0 0 0 0 1 255 86 0 0 0 0 0 0 0 0 0 0 0 0 0 0 0 0 0 0 0 0 0 0 0 0 0 0 0 1 1 1 1 0 0 1 0 0 0 0 0 0 0 0 0 1 1 1 60 98 14 53 54 59 28 10 2 1 1 1 0 0 1 1 1 1 1 0 1 1 1 1 187 245 6 9 112 222 247 252 241 50 1 1 0 0 35 205 1 1 1 1 1 1 2 1 1 1 1 1 1 1 1 1 1 0 7 184 82 1 1 1 1 1 1 1 1 14 98 236 247 241 40 1 1 1 0 0 0 1 1 1 1 254 255 1 1 1 1 1 1 1 1 1 1 1 1 1 2 1 1 1 2 1 1 1 1 1 1 0 1 1 1 0 1 183 1 0 0 18 11 0 0 0 0 0 1 1 1 0 2 1 1 1 1 2 2 21 9 24 1 1 1 0 0 144 166 5 2 1 1 1 1 0 1 0 0 1 206 1 1 1 0 0 0 0 0 0 0 0 0 1 1 12 0 1 2 2 0 0 0 0 0 0 0 1 0 0 36 216 3 0 0 0 0 0 0 0 0 1 1 0 0 0 0 0 0 0 0 0 0 0 1 0 0 0 0 0 0 0 0 0 0 0 0 0 0 0 0 0 0 0 0 0 0 0 0 0 0 0 0 0 243 252 1 0 0 0 0 0 0 0 0 0 0 0 0 0 0 0 0 0 0 0 0 0 0
1 1 1 1 24 4 1 1 0 0 0 1 1 1 1 61 254 214 1 0 0 0 0 0 0 1 151 159 1 0 0 0 0 0 1 1 188 255 4 1 1 1 1 1 1 1 0 1 0 0 0 0 0 0 0 0 0 0 0 0 0 0 0 0 0 0 0 0 0 0 0 0 0 0 0 0 0 0 0 1 1 0 0 1 2 5 5 5 223 99 14 14 14 14 4 1 0 0 0 0 0 1 220 198 4 1 0 1 0 1 128 1 1 0 0 0 0 0 0 0 1 0 1 21 2 2 1 1 1 4 3 1 1 1 1 1 4 1 4 1 0 0 1 1 1 0 1 1 1 1 0 0 1 0 0 1 3 2 1 255 3 0 0 1 1 0 4 252 247 1 1 1 0 0 1 20 51 1 1 0 0 0 0 0 0 0 0 0 0 0 0 0 0 0 1 255 86 0 0 0 0 0 0 0 0 0 0 0 0 0 0 0 0 0 0 0 0 0 0 0 0 0 0 0 0 1 1 1 0 0 0 0 0 0 0 0 0 0 0 0 1 0 1 1 6 84 181 2 1 1 1 0 1 0 0 0 1 1 1 1 1 1 1 1 1 1 21 252 250 222 239 249 250 230 7 1 1 0 0 0 0 1 149 140 1 1 0 0 0 2 0 0 0 0 0 0 1 0 0 0 0 1 163 152 1 1 1 1 1 1 1 1 1 1 2 1 1 1 1 1 0 0 0 1 1 1 1 1 222 255 3 1 1 1 1 1 1 0 0 1 0 0 1 2 1 1 0 2 1 0 0 1 1 1 1 0 0 1 1 1 183 1 0 0 2 45 0 0 0 0 0 1 1 0 1 4 2 2 2 1 1 1 13 14 9 1 1 1 0 0 1 228 19 26 28 26 20 12 4 2 1 0 63 143 1 1 0 0 0 0 0 0 0 0 0 0 0 0 13 0 0 0 0 0 0 0 0 0 0 0 1 0 46 214 1 0 0 0 0 0 0 0 0 0 0 1 1 1 0 0 0 0 0 0 0 0 0 1 0 0 0 0 0 0 0 0 0 0 0 0 0 0 0 0 0 0 0 0 0 0 0 0 0 0 0 0 0 218 254 1 0 0 0 0 0 0 0 0 0 0 0 0 0 0 0 0 0 0 0 0 0 0
0 0 1 1 1 35 2 1 1 0 0 0 1 1 1 1 7 250 236 1 0 0 0 0 0 0 1 164 145 1 0 0 0 0 1 1 1 255 255 1 1 1 1 1 0 0 0 1 0 0 0 0 0 0 0 0 0 0 0 0 0 0 0 0 0 0 0 0 0 0 0 0 0 0 0 0 0 0 0 0 1 1 0 0 0 1 1 0 160 181 1 1 1 0 0 0 0 0 1 13 229 238 155 1 2 2 1 1 1 0 28 49 1 1 1 0 0 0 0 0 1 0 1 40 1 1 1 1 1 1 7 1 1 0 1 1 3 1 3 1 0 0 0 0 1 0 0 0 1 1 0 0 1 1 0 0 1 10 112 255 1 1 1 0 1 14 7 2 255 219 1 1 0 1 51 20 1 0 0 0 0 0 0 0 0 0 0 0 0 0 0 0 0 0 1 255 87 0 0 0 0 0 0 0 0 0 0 0 0 0 0 0 0 0 0 0 0 0 0 0 0 0 0 0 0 1 1 1 1 0 0 0 0 0 0 0 0 0 0 0 1 1 0 0 1 1 152 1 1 1 1 1 1 1 1 1 1 1 1 1 1 1 1 1 1 2 235 254 246 252 247 186 1 1 1 0 0 0 0 0 0 0 1 208 27 1 0 0 0 2 0 0 0 0 0 0 1 1 0 0 0 0 31 188 30 0 0 0 0 0 0 0 1 1 1 0 0 2 1 0 0 1 1 1 0 1 1 2 203 255 248 3 1 1 1 1 1 1 1 1 1 1 1 2 1 1 1 2 1 1 1 1 2 1 1 0 0 0 1 1 183 1 0 0 1 60 0 0 0 0 0 0 1 1 2 2 1 0 0 0 0 0 12 1 1 0 1 1 1 1 1 223 1 0 0 1 1 1 5 9 7 2 203 2 1 1 0 0 0 0 0 0 0 0 1 2 0 2 10 2 2 1 1 1 1 1 2 1 1 1 1 43 211 1 0 0 0 0 0 0 0 0 0 0 0 0 0 1 1 0 0 0 0 0 0 0 0 1 0 0 0 0 0 0 0 0 0 0 0 0 0 0 0 0 0 0 0 0 0 0 0 0 0 0 0 0 0 81 255 1 1 0 0 0 0 0 0 0 0 0 0 0 0 0 0 0 0 0 0 0 0 0
0 0 0 1 1 2 38 1 1 0 0 0 0 1 1 1 1 1 246 247 1 0 0 0 0 0 0 1 171 132 1 0 0 0 1 0 1 2 255 212 1 1 0 0 0 0 0 1 0 0 0 0 0 0 0 0 0 0 0 0 0 0 0 0 0 0 0 0 0 0 0 0 0 0 0 0 0 0 0 0 1 1 1 1 1 1 0 0 93 211 1 1 1 1 1 4 212 238 238 235 93 1 1 0 1 4 1 0 1 0 1 126 1 0 1 0 0 0 0 0 0 1 0 40 1 1 2 1 1 1 1 7 1 1 1 1 1 3 1 5 0 0 0 0 0 0 0 0 0 1 1 0 0 1 0 0 0 5 250 251 21 21 21 19 19 3 1 1 33 255 51 1 2 75 4 1 0 0 0 0 0 0 0 0 0 0 0 0 0 0 0 0 0 0 1 255 86 0 0 0 0 0 0 0 0 0 0 0 0 0 0 0 0 0 0 0 0 0 0 0 0 0 0 0 0 0 1 1 1 0 0 0 0 0 0 0 0 0 0 0 0 1 0 0 1 1 155 1 1 1 1 1 1 0 0 0 1 1 1 1 1 1 1 9 210 247 253 250 239 3 1 0 1 1 0 0 0 0 0 0 0 0 0 3 220 3 1 0 1 2 0 0 0 0 0 0 0 1 0 0 0 0 1 175 140 1 0 0 0 0 0 0 0 0 1 1 1 2 1 1 1 3 89 186 213 213 211 210 213 255 255 255 255 250 3 1 0 1 1 0 0 0 1 2 0 0 0 2 1 0 0 1 1 1 0 0 0 0 0 1 184 1 0 0 1 61 0 0 0 0 0 0 1 2 1 1 2 0 0 0 0 0 21 1 1 1 1 1 2 1 1 225 1 1 0 0 0 0 1 1 2 9 219 4 1 0 0 0 0 0 0 0 0 0 2 3 3 11 1 0 0 0 0 1 0 0 1 0 0 1 30 214 1 0 0 0 0 0 0 0 0 0 0 0 0 0 0 0 1 1 1 0 0 0 0 0 0 1 0 0 0 0 0 0 0 0 0 0 0 0 0 0 0 0 0 0 0 0 0 0 0 0 0 0 0 0 0 4 255 1 1 0 0 0 0 0 0 0 0 0 0 0 0 0 0 0 0 0 0 0 0 0
0 0 0 0 1 1 6 20 1 1 0 0 0 0 0 1 1 1 1 236 250 1 0 0 0 0 0 1 1 174 103 1 0 0 1 1 1 1 245 255 1 0 0 0 0 0 0 1 0 0 0 0 0 0 0 0 0 0 0 0 0 0 0 0 0 0 0 0 0 0 0 0 0 0 0 0 0 0 0 0 0 1 1 0 1 1 1 0 13 226 1 1 0 2 234 235 176 2 1 1 0 0 1 0 0 4 1 0 1 1 1 118 1 0 1 0 0 0 0 0 1 1 0 7 17 0 2 1 1 1 0 3 4 1 1 1 1 3 1 3 2 0 0 0 0 0 0 1 0 1 1 0 0 0 0 0 0 1 255 182 1 0 1 1 1 0 1 1 1 208 255 20 66 1 1 0 0 0 0 0 0 0 0 0 0 0 0 0 0 0 0 0 0 0 1 255 84 0 0 0 0 0 0 0 0 0 0 0 0 0 0 0 0 0 0 0 0 0 0 0 0 0 0 0 0 0 0 1 1 1 0 0 0 0 0 0 0 0 0 0 0 1 1 1 1 1 161 1 1 1 1 1 1 1 1 1 1 0 0 1 1 84 227 252 253 249 184 1 213 17 1 1 1 0 0 0 0 0 0 0 0 0 0 0 30 208 1 1 1 1 0 0 0 0 0 0 0 1 0 0 0 1 1 97 171 11 0 0 0 0 0 0 0 0 0 0 0 1 15 176 213 208 138 19 1 0 0 0 0 1 3 208 248 255 255 255 5 1 1 1 1 0 1 2 0 0 0 2 1 0 1 1 1 1 1 0 0 0 0 1 184 1 0 0 1 60 1 0 1 1 1 1 2 1 0 1 2 1 0 0 0 0 54 1 0 0 0 0 0 0 1 222 1 1 1 1 1 1 0 0 1 6 16 175 160 3 1 1 1 0 0 0 0 0 3 1 1 3 4 1 0 0 0 1 0 1 1 0 1 15 219 2 0 0 0 0 0 0 0 0 0 0 0 0 0 0 0 0 0 0 1 1 1 1 1 1 1 1 0 0 0 0 0 0 0 0 0 0 0 0 0 0 0 0 0 0 0 0 0 0 0 0 0 0 0 0 0 1 255 1 1 0 0 0 0 0 0 0 0 0 0 0 0 0 0 0 0 0 0 0 0 0
1 0 0 0 0 1 1 30 3 1 1 0 0 0 0 0 1 1 1 1 225 250 1 0 0 0 0 0 1 1 193 60 1 1 1 1 1 1 1 255 250 1 0 0 0 0 0 1 0 0 0 0 0 0 0 0 0 0 0 0 0 0 0 0 0 0 0 0 0 0 0 0 0 0 0 0 0 0 0 0 0 1 1 0 0 1 1 0 2 230 1 0 1 233 27 1 1 1 0 1 1 0 1 0 0 1 2 0 1 1 1 123 1 0 1 0 0 0 0 1 1 0 0 1 49 0 1 1 1 1 1 1 6 1 1 1 1 1 4 1 6 1 0 0 0 0 0 1 1 0 1 0 0 0 0 1 1 12 255 4 1 0 0 0 0 0 0 0 0 1 244 252 1 1 0 0 0 0 0 0 0 0 0 0 0 0 0 0 0 0 0 0 0 0 1 255 86 0 0 0 0 0 0 0 0 0 0 0 0 0 0 0 0 0 0 0 0 0 0 0 0 0 0 0 0 0 0 1 1 1 1 0 0 0 0 0 0 0 0 0 0 0 1 1 0 1 82 45 1 1 1 1 0 1 1 1 1 1 2 176 241 253 253 240 112 1 1 1 103 175 0 0 0 0 0 0 0 0 0 0 0 0 0 0 1 133 168 3 1 1 0 0 0 0 0 0 0 0 1 1 1 1 1 1 173 134 1 0 0 0 0 0 0 0 1 24 178 213 201 35 1 0 0 0 0 0 0 0 0 0 0 1 1 11 244 255 255 245 1 1 0 0 1 2 0 0 0 2 1 1 1 0 1 1 0 0 0 0 0 1 184 1 0 1 1 52 2 2 2 2 2 2 1 0 0 2 1 1 0 0 0 0 64 0 0 0 0 0 0 0 0 223 1 1 1 1 1 1 1 1 1 10 1 1 12 186 181 2 1 0 0 0 0 2 2 1 1 0 1 4 1 1 1 1 1 1 0 1 5 223 4 0 0 0 0 0 0 0 0 0 0 0 0 0 0 0 0 0 0 0 0 0 0 0 0 0 0 0 0 0 0 0 0 0 0 0 0 0 0 0 0 0 0 0 0 0 0 0 0 0 0 0 0 0 0 0 0 1 255 1 1 0 0 0 0 0 0 0 0 0 0 0 0 0 0 0 0 0 0 0 0 0
1 1 0 0 0 0 1 1 46 1 1 0 0 0 0 0 0 1 1 1 1 240 245 1 1 0 0 0 0 1 1 209 53 1 1 1 1 1 1 79 255 219 1 0 0 0 1 1 0 0 0 0 0 0 0 0 0 0 0 0 0 0 0 0 0 0 0 0 0 0 0 0 0 0 0 0 0 0 0 0 0 1 1 1 0 1 1 1 10 230 1 0 4 235 1 0 1 1 0 1 1 0 1 1 0 0 4 1 1 0 0 125 1 0 1 0 0 0 0 1 1 0 2 64 1 0 1 2 0 1 1 1 1 8 1 1 1 1 2 1 2 3 0 0 0 0 0 0 1 0 1 0 0 0 0 1 1 242 253 1 0 0 0 0 0 0 0 0 0 0 1 252 242 1 0 0 0 0 0 0 0 0 0 0 0 0 0 0 0 0 0 0 0 0 1 255 89 0 0 0 0 0 0 0 0 0 0 0 0 0 0 0 0 0 0 0 0 0 0 0 0 0 0 0 0 0 0 0 1 1 1 1 0 0 0 0 0 0 0 0 0 0 0 0 0 0 1 172 1 1 1 1 1 0 1 1 14 214 249 252 252 222 17 1 0 1 1 0 2 226 0 0 0 0 0 0 0 0 0 0 0 0 0 0 0 1 184 99 1 1 0 0 0 0 0 0 1 1 1 1 1 0 0 0 99 173 7 0 0 0 0 1 5 86 197 183 31 1 2 1 0 0 0 0 0 0 0 0 0 0 0 0 0 1 1 88 247 255 255 3 1 0 1 2 0 0 0 2 1 1 1 1 1 0 0 0 0 0 1 2 187 11 36 78 100 127 139 1 1 0 0 0 0 0 1 2 1 1 0 0 0 0 66 0 0 0 0 0 0 0 1 223 1 1 1 1 1 1 1 1 1 8 1 1 1 1 132 67 29 1 0 0 0 4 1 1 1 0 2 2 1 1 0 1 0 0 0 2 219 16 0 0 0 0 0 0 0 0 0 0 0 0 0 0 0 0 0 0 0 0 0 0 0 0 0 0 0 0 0 0 0 0 0 0 0 0 0 0 0 0 0 0 0 0 0 0 0 0 0 0 0 0 0 0 0 0 0 1 255 1 1 0 0 0 0 0 0 0 0 0 0 0 0 0 0 0 0 0 0 0 0 0
0 1 1 0 0 0 1 1 16 8 1 1 0 0 0 0 0 0 1 1 1 192 245 247 2 1 1 0 0 0 1 2 207 40 1 1 1 1 1 1 227 255 233 1 1 1 1 0 0 0 0 0 0 0 0 0 0 0 0 0 0 0 0 0 0 0 0 0 0 0 0 0 0 0 0 0 0 0 0 0 0 0 1 1 1 1 1 1 9 228 1 0 229 78 1 1 1 1 0 0 1 1 1 1 0 0 2 2 1 0 1 124 1 1 1 0 0 0 0 1 1 25 44 1 1 1 2 1 0 1 1 1 1 2 5 1 1 1 1 4 1 3 2 1 1 0 0 0 1 1 1 0 0 0 0 0 1 255 223 1 0 0 0 1 1 0 0 0 0 0 1 4 255 171 0 0 0 0 0 0 0 0 0 0 0 0 0 0 0 0 0 0 0 0 1 255 94 0 0 0 0 0 0 0 0 0 0 0 0 0 0 0 0 0 0 0 0 0 0 0 0 0 0 0 0 0 0 0 0 1 1 1 0 0 0 0 0 0 0 0 0 0 0 0 0 0 1 158 4 0 0 0 0 1 103 230 252 252 247 185 2 1 0 1 1 1 0 0 1 227 1 0 0 0 0 0 0 0 0 0 0 0 0 0 0 0 2 219 7 1 1 0 0 0 1 1 1 1 1 0 0 0 0 0 1 176 122 1 0 1 21 92 181 142 8 1 0 0 2 1 1 0 0 0 0 0 0 0 0 0 0 0 0 0 1 1 1 228 253 255 13 1 0 2 1 1 1 2 1 0 1 1 1 0 0 0 0 3 8 8 109 73 30 19 2 1 169 1 0 0 0 0 0 0 1 2 1 1 0 0 1 1 70 0 0 0 0 0 0 0 1 223 1 0 1 1 1 0 0 0 1 6 0 1 1 1 149 1 3 36 2 1 1 3 1 1 1 1 3 1 1 1 1 1 0 0 1 205 57 0 0 0 0 0 0 0 0 0 0 0 0 0 0 0 0 0 0 0 0 0 0 0 0 0 0 0 0 0 0 0 0 0 0 0 0 0 0 0 0 0 0 0 0 0 0 0 0 0 0 0 0 0 0 0 0 0 0 1 255 1 1 0 0 0 0 0 0 0 0 0 0 0 0 0 0 0 0 0 0 0 0 0
0 0 1 1 0 0 0 1 1 50 1 1 1 0 0 0 0 0 0 1 1 1 6 238 253 16 1 1 1 1 1 1 2 203 211 192 3 0 0 1 1 255 255 21 1 1 0 0 0 0 0 0 0 0 0 0 0 0 0 0 0 0 0 0 0 0 0 0 0 0 0 0 0 0 0 0 0 0 0 0 0 0 0 0 1 0 1 10 1 228 1 1 238 1 0 1 0 1 1 0 1 1 0 1 1 0 0 6 1 1 0 122 1 1 1 1 0 0 0 3 69 6 1 1 1 2 1 0 1 1 1 1 1 1 5 2 1 1 1 1 3 1 4 7 7 7 7 3 1 1 1 0 0 0 0 1 101 255 7 1 0 0 0 0 1 1 0 0 0 0 1 1 83 255 13 0 0 0 0 0 0 0 0 0 0 0 0 0 0 0 0 0 0 0 0 255 112 0 0 0 0 0 0 0 0 0 0 1 0 0 0 0 0 0 0 0 0 0 0 0 0 0 0 0 0 0 0 0 0 0 1 1 1 0 0 0 0 0 0 0 0 0 0 0 0 1 1 2 162 1 0 2 187 243 253 252 238 133 1 0 1 1 1 1 0 0 0 0 1 225 3 0 0 0 0 0 0 0 0 0 0 0 0 0 0 0 0 16 216 1 1 1 1 1 1 1 1 0 0 0 0 0 0 0 1 129 122 20 44 106 174 137 9 1 0 0 0 1 1 2 1 0 0 0 0 0 0 0 0 0 0 0 0 0 0 0 1 1 160 251 255 7 0 1 2 1 1 1 1 0 0 1 1 0 0 0 3 4 1 1 30 1 1 5 0 1 164 2 0 1 1 1 0 0 1 2 1 1 0 0 1 1 75 0 0 0 0 0 0 0 2 222 1 1 0 1 1 0 0 0 4 3 1 1 1 7 116 0 1 1 32 2 4 1 1 1 1 2 2 0 1 1 1 0 0 1 169 134 0 0 0 0 0 0 0 0 0 0 0 0 0 0 0 0 0 0 0 0 0 0 0 0 0 0 0 0 0 0 0 0 0 0 0 0 0 0 0 0 0 0 0 0 0 0 0 0 0 0 0 0 0 0 0 0 0 0 0 0 255 1 1 0 0 0 0 0 0 0 0 0 0 0 0 0 0 0 0 0 0 0 0 0
1 1 0 1 1 1 1 1 1 11 12 1 1 0 0 0 0 0 0 0 1 1 1 1 185 253 41 1 1 1 1 1 0 1 26 103 221 0 0 1 1 11 255 53 1 0 0 0 0 0 0 0 0 0 0 0 0 0 0 0 0 0 0 0 0 0 0 0 0 0 0 0 0 0 0 0 0 0 0 0 0 0 0 0 0 0 1 12 1 228 1 181 209 1 1 1 0 0 1 0 0 1 1 0 1 0 0 2 2 1 1 7 75 1 1 1 0 1 35 40 1 1 1 2 1 0 0 2 5 4 2 1 1 0 1 8 1 1 1 1 1 4 1 0 1 1 1 2 5 6 9 10 8 3 1 1 253 239 1 0 0 0 0 0 0 0 0 1 1 1 1 1 1 226 255 1 0 0 0 0 0 0 0 0 0 0 0 0 0 0 0 0 0 0 1 255 146 0 0 0 0 0 0 0 0 0 1 1 0 0 0 0 0 0 0 0 0 0 0 0 0 0 0 0 0 0 0 0 0 0 1 1 1 1 0 0 0 0 0 0 0 0 0 0 1 1 0 1 172 26 218 249 252 250 218 83 1 0 1 1 1 0 0 0 0 0 0 0 1 201 48 0 0 0 0 0 0 0 0 0 0 0 0 0 0 0 0 1 95 193 3 1 1 1 0 0 1 0 0 0 0 0 0 1 1 176 200 189 160 123 3 0 0 0 0 0 1 1 2 1 1 1 0 0 0 0 0 0 0 0 0 0 0 0 0 0 0 1 1 139 252 255 1 0 1 1 1 1 2 1 0 0 1 1 1 3 4 1 1 2 26 1 3 2 0 1 144 7 1 1 1 1 0 0 1 1 2 1 1 0 1 1 76 0 0 0 1 1 1 3 149 247 51 1 1 1 1 1 0 0 8 1 1 1 1 144 2 0 0 0 1 30 8 1 1 1 1 3 1 0 1 1 0 0 1 115 182 0 0 0 0 0 0 0 0 0 0 0 0 0 0 0 0 0 0 0 0 0 0 0 0 0 0 0 0 0 0 0 0 0 0 0 0 0 0 0 0 0 0 0 0 0 0 0 0 0 0 0 0 0 0 0 0 0 0 0 0 0 255 1 1 0 0 0 0 0 0 0 0 0 0 0 0 0 0 0 0 0 0 0 0 0
0 1 0 0 0 0 0 0 1 1 50 1 1 1 0 0 0 0 0 0 1 1 1 1 1 183 254 20 1 1 0 0 0 0 1 162 135 1 0 1 0 1 255 244 1 0 0 0 0 0 0 0 0 0 0 0 0 0 0 0 0 0 0 0 0 0 0 0 0 0 0 0 0 0 0 0 0 0 0 0 0 0 0 0 0 0 7 2 1 228 1 238 1 0 1 0 0 0 1 1 0 1 1 0 0 0 1 1 2 1 1 0 73 8 1 1 5 73 5 1 1 1 2 1 0 1 4 2 0 1 3 1 1 1 1 1 6 1 1 1 1 4 1 0 0 0 0 0 0 1 1 1 1 3 8 195 255 128 54 7 1 1 1 0 0 0 0 0 1 1 0 0 1 1 249 249 5 0 0 0 0 0 0 0 0 0 0 0 0 0 0 0 0 0 1 255 220 1 0 0 0 0 0 0 0 1 1 0 0 0 0 0 0 0 0 0 0 0 0 0 0 0 0 0 0 0 0 0 0 0 0 1 1 1 1 0 0 0 0 0 0 0 0 0 1 0 1 134 241 254 252 247 199 18 1 0 1 1 1 0 0 0 0 0 0 0 0 0 1 134 154 0 0 0 0 0 0 0 0 0 0 0 0 0 0 0 0 0 1 168 134 1 1 0 0 0 1 1 1 0 0 1 5 183 225 213 139 130 1 0 0 0 0 0 1 2 2 2 1 1 1 1 0 0 0 0 0 0 0 0 0 0 0 0 0 0 0 0 1 1 199 255 252 1 1 1 1 1 1 2 1 0 0 1 3 4 1 0 1 3 21 0 4 1 1 1 77 46 1 0 0 1 1 1 1 1 1 1 1 1 1 1 75 1 1 18 182 212 215 212 155 214 247 251 250 202 5 1 1 1 8 0 0 1 3 142 1 0 0 0 0 3 31 5 1 1 3 2 1 1 1 0 0 1 57 207 1 0 0 0 0 0 0 0 0 0 0 0 0 0 0 0 0 0 0 0 0 0 0 0 0 0 0 0 0 0 0 0 0 0 0 0 0 0 0 0 0 0 0 0 0 0 0 0 0 0 0 0 0 0 0 0 0 0 0 0 0 0 255 1 1 0 0 0 0 0 0 0 0 0 0 0 0 0 0 0 0 0 0 0 0 0
0 1 1 0 0 0 0 0 1 1 14 11 1 1 0 0 0 0 0 0 1 1 1 1 1 1 208 253 1 1 0 0 0 0 0 68 204 1 0 1 0 1 249 255 1 0 0 0 0 0 0 0 0 0 0 0 0 0 0 0 0 0 0 0 0 0 0 0 0 0 0 0 0 0 0 0 0 0 0 0 0 0 0 0 0 1 14 1 2 227 41 236 3 1 1 0 0 0 0 1 0 0 1 1 1 2 1 0 0 3 1 1 1 120 1 132 45 1 0 1 2 1 0 0 2 5 1 0 0 1 1 4 1 1 1 1 5 2 1 1 1 4 0 0 0 0 0 0 1 1 0 0 0 0 1 253 227 1 7 48 86 96 90 10 1 0 0 0 1 0 0 0 1 0 7 253 237 1 0 0 0 0 0 0 0 0 0 0 0 0 0 0 0 0 1 255 248 1 0 0 0 0 0 0 1 1 0 0 0 0 0 0 0 0 0 0 0 0 0 0 0 0 0 0 0 0 0 0 0 0 0 0 1 1 1 1 0 0 0 0 0 0 0 0 3 207 246 254 254 239 126 1 0 0 2 1 1 0 0 0 0 0 0 0 0 0 0 0 1 15 216 0 0 0 0 0 0 0 0 0 0 0 0 0 0 0 0 0 0 1 217 15 1 1 0 0 1 1 1 1 35 207 224 197 131 8 1 8 6 1 1 1 1 2 2 1 0 0 0 0 0 1 0 0 0 0 0 0 0 0 0 0 0 0 0 0 0 0 0 1 1 242 255 78 1 1 1 1 1 1 2 1 0 2 4 1 0 1 1 4 15 0 4 1 1 1 9 135 1 1 0 1 1 1 1 1 1 40 164 184 186 192 226 214 215 191 32 3 1 1 6 5 1 1 13 227 251 250 92 1 8 0 0 0 142 2 1 1 1 0 0 4 1 21 45 24 4 0 1 1 1 0 1 30 215 1 0 0 0 0 0 0 0 0 0 0 0 0 0 0 0 0 0 0 0 0 0 0 0 0 0 0 0 0 0 0 0 0 0 0 0 0 0 0 0 0 0 0 0 0 0 0 0 0 0 0 0 0 0 0 0 0 0 0 0 0 0 0 255 1 1 0 0 0 0 0 0 0 0 0 0 0 0 0 0 0 0 0 0 0 0 0
0 1 1 0 0 1 1 1 5 6 6 38 1 1 1 0 0 0 0 1 1 1 1 1 1 1 1 248 238 1 1 0 0 0 0 0 188 102 1 1 1 0 4 255 1 0 0 0 0 0 0 0 0 0 0 0 0 0 0 0 0 0 0 0 0 0 0 0 0 0 0 0 0 0 0 0 0 0 0 0 0 0 0 0 0 9 1 0 87 213 236 11 1 1 1 1 0 0 0 1 0 0 1 2 1 0 0 0 0 1 2 1 1 75 200 72 124 1 1 2 1 0 1 4 2 0 0 0 1 1 0 1 2 1 1 1 1 8 1 1 3 7 1 1 0 0 0 1 1 0 0 0 0 1 186 255 2 1 0 0 0 1 2 50 43 1 0 1 1 0 0 0 1 1 2 232 255 105 0 0 0 0 0 0 0 0 0 0 0 0 0 0 0 0 0 248 255 1 0 0 0 0 0 1 1 0 0 0 0 0 0 0 0 0 0 0 0 0 0 0 0 0 0 0 0 0 0 0 0 0 0 0 0 1 1 1 1 0 0 0 1 1 43 226 252 254 253 219 30 1 0 0 1 1 1 1 0 0 0 0 0 0 0 0 0 0 0 0 1 1 229 1 0 0 0 0 0 0 0 0 0 0 0 0 0 0 0 0 0 0 8 220 2 1 1 1 1 2 123 214 218 178 114 3 3 4 6 5 16 12 9 3 1 1 1 1 0 0 0 0 0 1 1 0 0 0 0 0 0 0 0 0 0 0 0 0 0 0 0 0 1 1 251 255 1 1 1 1 1 1 1 2 2 4 1 1 1 1 0 7 11 0 4 1 1 1 1 140 41 2 1 1 1 1 1 38 199 154 27 7 5 7 4 1 1 1 1 1 1 1 10 2 1 1 1 1 1 29 247 247 9 1 0 28 84 0 0 0 1 1 3 2 1 1 1 58 1 1 1 1 1 1 20 218 2 0 0 0 0 0 0 0 0 0 0 0 0 0 0 0 0 0 0 0 0 0 0 0 0 0 0 0 0 0 0 0 0 0 0 0 0 0 0 0 0 0 0 0 0 0 0 0 0 0 0 0 0 0 0 0 0 0 0 0 0 0 0 0 255 1 1 0 0 0 0 0 0 0 0 0 0 0 0 0 0 0 0 0 0 0 0 0
1 1 1 1 1 5 6 4 1 1 1 16 4 1 1 0 0 0 1 1 1 1 1 1 1 1 1 199 249 247 1 1 0 0 0 0 1 222 4 0 1 0 1 255 2 1 0 0 0 0 0 0 0 0 0 0 0 0 0 0 0 0 0 0 0 0 0 0 0 0 0 0 0 0 0 0 0 0 0 0 0 0 0 1 2 6 0 1 220 244 231 1 0 0 0 1 1 1 1 1 0 1 2 1 0 0 0 0 0 1 1 2 105 98 1 0 103 35 1 0 0 2 5 1 0 0 0 1 1 0 0 1 2 1 1 1 0 2 7 1 4 1 5 4 1 1 0 1 1 0 0 0 1 1 253 212 1 1 1 0 0 0 0 1 14 53 1 1 0 0 0 0 1 2 1 1 152 255 2 0 0 0 0 0 0 0 0 0 0 0 0 1 2 3 3 250 255 38 15 17 17 17 16 6 1 0 0 0 0 0 0 0 0 0 0 0 0 0 0 0 0 0 0 0 0 0 0 0 0 0 0 0 0 0 1 1 1 1 0 1 151 235 254 254 247 189 3 0 0 0 1 1 1 0 0 2 0 0 0 0 0 0 0 0 0 0 0 0 1 1 228 1 0 0 0 0 0 0 0 0 0 0 0 0 0 0 0 0 0 0 0 78 197 31 8 100 200 216 211 164 75 2 2 4 3 1 1 1 1 0 1 3 1 0 1 1 0 0 0 0 0 1 1 0 0 0 0 0 0 0 0 0 0 0 0 0 0 0 0 0 0 0 186 255 250 1 0 1 1 1 1 1 8 1 1 1 1 1 1 12 6 1 2 1 1 1 1 1 85 159 163 110 5 2 52 157 1 1 2 1 1 2 1 1 1 1 0 0 1 1 14 1 1 1 1 0 0 1 1 90 250 6 1 158 1 0 0 0 1 2 3 2 1 1 5 31 1 0 0 1 1 16 220 2 0 0 0 0 0 0 0 0 0 0 0 0 0 0 0 0 0 0 0 0 0 0 0 0 0 0 0 0 0 0 0 0 0 0 0 0 0 0 0 0 0 0 0 0 0 0 0 0 0 0 0 0 0 0 0 0 0 0 0 0 0 0 0 1 255 1 1 1 0 0 0 0 0 0 0 0 0 0 0 0 0 0 0 0 0 0 0 0
0 1 3 6 5 1 0 0 0 0 0 1 35 1 1 1 0 1 1 1 1 1 1 1 1 1 4 1 1 244 245 1 0 0 0 0 1 3 223 1 1 0 1 255 6 1 0 0 0 0 0 0 0 0 0 0 0 0 0 0 0 0 0 0 0 0 0 0 0 0 0 0 0 0 0 0 0 0 0 0 0 0 0 2 9 1 0 181 246 198 2 1 0 0 0 0 0 1 1 1 1 2 1 1 0 0 0 0 0 0 1 126 13 1 1 0 1 170 1 1 5 2 1 1 1 0 0 0 0 0 1 1 1 4 1 1 1 1 6 6 1 1 1 1 5 2 1 1 0 0 0 0 1 214 253 1 1 0 0 1 1 0 0 0 0 12 60 1 0 0 1 1 1 2 1 1 1 239 254 1 0 0 0 0 0 0 0 0 1 3 3 3 1 1 1 41 255 10 0 0 0 0 1 3 14 16 14 2 1 0 0 0 0 0 0 0 0 0 0 0 0 0 0 0 0 0 0 0 0 0 0 0 0 0 0 1 1 5 208 231 252 254 237 118 1 0 0 0 1 1 1 0 0 0 0 1 1 0 0 0 0 0 0 0 0 0 0 0 1 1 221 8 0 0 0 0 0 0 0 0 0 0 0 0 0 0 0 0 0 0 0 1 243 226 228 174 183 154 28 2 2 1 1 1 3 1 0 0 0 0 0 2 1 0 0 1 1 0 0 0 0 1 1 0 0 0 0 0 0 0 0 0 0 0 0 0 0 0 0 0 0 0 0 246 255 10 0 0 1 1 2 3 3 1 1 1 1 1 1 20 3 1 1 1 1 1 1 0 0 0 1 22 149 169 163 1 1 1 1 1 1 1 1 1 0 0 0 1 1 1 14 1 1 1 1 0 0 0 0 1 60 247 110 22 1 1 3 4 3 3 1 1 0 1 49 1 1 0 0 0 20 220 3 0 0 0 0 0 0 0 0 0 0 0 0 0 0 0 0 0 0 0 0 0 0 0 0 0 0 0 0 0 0 0 0 0 0 0 0 0 0 0 0 0 0 0 0 0 0 0 0 0 0 0 0 0 0 0 0 0 0 0 0 0 0 0 0 30 255 0 1 1 0 0 0 0 0 0 0 0 0 0 0 0 0 0 0 0 0 0 0 0
6 5 2 1 0 0 0 0 0 0 0 0 5 14 1 1 1 1 1 1 1 1 1 1 2 3 1 1 1 1 249 236 1 0 0 0 0 1 18 216 1 0 1 255 65 1 0 0 0 0 0 0 0 0 0 0 0 0 0 0 0 0 0 0 0 0 0 0 0 0 0 0 0 0 0 0 0 0 0 0 0 0 2 9 1 0 1 250 34 11 1 1 0 0 0 0 0 0 1 2 1 1 1 1 1 0 0 0 0 0 5 138 6 1 1 0 0 6 168 116 2 0 0 1 1 1 0 0 0 1 1 0 1 1 3 1 1 1 6 5 1 0 0 1 1 2 5 1 1 1 0 1 1 255 184 1 1 1 0 0 0 0 1 1 0 0 9 66 1 0 0 1 2 1 1 1 1 1 250 248 1 0 0 0 0 1 2 3 2 1 0 0 0 0 0 3 255 69 0 0 0 1 1 0 0 0 1 9 14 5 0 0 0 0 0 0 0 0 0 0 0 0 0 0 0 0 0 0 0 0 0 0 0 1 1 54 225 234 253 255 241 30 1 0 0 1 1 1 0 0 0 0 0 0 0 1 1 0 0 0 0 0 0 0 0 0 0 0 0 1 173 114 0 0 0 0 0 0 0 0 0 0 0 0 0 0 0 0 0 1 4 220 226 4 194 141 3 2 1 1 1 1 1 1 2 2 1 0 0 0 0 1 1 0 0 1 1 0 0 0 0 0 1 0 0 0 0 0 0 0 0 0 0 0 0 0 0 0 0 0 0 0 0 8 253 255 1 0 0 2 3 1 3 1 1 0 1 1 1 26 2 1 1 1 1 1 0 0 0 0 1 0 1 1 31 1 1 1 1 2 1 1 1 0 0 1 1 1 0 2 11 1 1 0 1 1 0 0 0 1 1 235 246 4 4 4 1 1 0 1 0 1 20 49 6 1 1 0 0 34 218 2 0 0 0 0 0 0 0 0 0 0 0 0 0 0 0 0 0 0 0 0 0 0 0 0 0 0 0 0 0 0 0 0 0 0 0 0 0 0 0 0 0 0 0 0 0 0 0 0 0 0 0 0 0 0 0 0 0 0 0 0 0 0 0 0 0 252 244 0 1 1 0 0 0 0 0 0 0 0 0 0 0 0 0 0 0 0 0 0 0 0
0 0 0 0 0 0 0 0 0 0 0 0 1 14 6 1 1 1 1 1 1 1 2 3 1 1 1 1 1 1 1 253 201 1 0 0 0 0 1 150 156 1 1 255 229 1 1 0 0 0 0 0 0 0 0 0 0 0 0 0 0 0 0 0 0 0 0 0 0 0 0 0 0 0 0 0 0 0 0 0 0 4 8 1 0 0 72 249 3 3 1 1 0 0 0 0 1 2 2 1 0 0 0 1 1 1 0 0 1 1 138 2 8 3 1 1 0 0 35 3 73 71 1 0 0 1 1 0 1 1 0 0 0 0 5 1 1 1 19 1 0 1 1 1 1 1 1 4 3 1 1 1 228 253 1 1 0 1 0 0 0 0 0 1 1 0 0 8 73 1 0 1 2 1 1 1 1 1 1 251 249 1 0 1 2 3 1 1 0 0 0 0 0 0 0 2 255 93 0 0 0 1 0 0 0 0 0 0 1 5 19 6 1 0 0 0 0 0 0 0 0 0 0 0 0 0 0 0 0 0 1 1 4 189 241 254 254 255 221 4 1 0 1 1 1 1 0 0 0 0 0 0 0 0 0 0 2 1 0 0 0 0 0 0 0 0 0 0 0 0 82 191 2 1 0 0 0 0 0 0 0 0 0 0 0 0 1 1 15 220 233 174 165 214 154 6 2 1 1 1 0 0 1 1 1 3 1 1 0 0 0 0 0 0 0 1 1 0 0 0 0 0 1 1 0 0 0 0 0 0 0 0 0 0 0 0 0 0 0 0 0 0 0 0 224 255 233 1 1 2 0 0 4 0 1 0 0 1 1 29 1 1 1 1 1 1 0 0 0 0 1 0 1 1 7 13 0 0 1 2 1 1 1 0 0 1 1 0 3 9 1 0 0 0 1 1 0 1 3 5 6 29 248 236 1 1 1 1 1 10 46 45 7 1 1 1 0 0 76 216 1 0 0 0 0 0 0 0 0 0 0 0 0 0 0 0 0 0 0 0 0 0 0 0 0 0 0 0 0 0 0 0 0 0 0 0 0 0 0 0 0 0 0 0 0 0 0 0 0 0 0 0 0 0 0 0 0 0 0 0 0 0 0 0 0 0 0 255 3 0 1 1 0 0 0 0 0 0 0 0 0 0 0 0 0 0 0 0 0 0 0 0
0 0 0 0 0 0 0 0 0 0 0 0 1 1 33 3 1 1 1 1 3 3 1 1 1 1 0 1 1 1 1 11 255 43 0 0 0 0 1 1 217 18 1 255 253 1 1 0 0 0 0 0 0 0 0 0 0 0 0 0 0 0 0 0 0 0 0 0 0 0 0 0 0 0 0 0 0 0 0 0 2 8 1 0 0 1 245 191 10 1 0 1 1 0 0 0 2 1 0 0 0 0 0 0 0 1 1 0 0 1 145 0 2 3 2 1 1 4 24 1 0 2 81 23 1 1 1 1 1 0 0 0 0 0 5 1 1 5 11 2 3 4 4 4 4 3 2 1 2 5 2 2 255 145 1 1 0 1 1 1 0 0 0 0 1 1 1 1 6 78 1 1 2 1 1 0 0 1 1 1 249 251 1 3 1 1 0 0 0 0 0 0 0 0 0 1 255 98 1 0 0 1 0 0 0 0 0 0 1 1 1 4 17 2 1 0 0 0 0 0 0 0 0 0 0 0 0 0 1 1 205 252 255 254 254 239 116 1 1 1 1 1 1 0 0 0 0 0 0 0 0 0 0 0 0 0 1 1 0 0 0 0 0 0 0 0 0 0 0 0 2 210 29 1 0 0 0 0 0 0 0 0 0 0 1 1 101 229 231 194 143 14 1 2 14 82 2 1 1 0 0 0 1 1 1 1 3 1 1 0 0 0 0 0 0 0 1 0 0 0 0 0 1 1 0 0 0 0 0 0 0 0 0 0 0 0 0 0 0 0 0 0 0 0 1 248 255 2 1 2 0 0 4 1 1 1 0 1 1 29 1 1 1 1 1 1 1 0 0 1 0 1 1 1 1 31 2 2 2 1 0 1 1 2 1 1 1 0 13 1 0 0 0 1 1 1 1 5 2 0 0 2 2 245 245 2 1 4 44 13 1 1 1 1 1 0 0 140 200 1 0 0 0 0 0 0 0 0 0 0 0 0 0 0 0 0 0 0 0 0 0 0 0 0 0 0 0 0 0 0 0 0 0 0 0 0 0 0 0 0 0 0 0 0 0 0 0 0 0 0 0 0 0 0 0 0 0 0 0 0 0 0 0 0 0 0 5 255 1 0 1 1 0 0 0 0 0 0 0 0 0 0 0 0 0 0 0 0 0 0 0 0
1 1 1 0 0 0 0 0 0 0 1 1 1 1 1 30 1 1 3 2 1 1 0 0 1 1 1 0 1 1 1 0 135 255 1 0 0 0 0 1 1 225 1 251 255 1 1 1 0 0 0 0 0 0 0 0 0 0 0 0 0 0 0 0 0 0 0 0 0 0 0 0 0 0 0 0 0 0 0 0 15 1 0 0 0 6 251 1 8 1 1 0 1 1 0 1 2 1 1 0 0 0 0 0 0 1 1 0 1 143 2 0 1 3 3 1 10 58 7 1 1 0 1 35 9 1 1 1 0 0 0 0 0 2 4 1 1 20 8 3 2 1 1 1 1 1 1 3 4 4 6 239 252 1 1 0 0 0 1 1 1 1 1 0 0 0 0 1 1 5 91 2 1 1 0 0 0 0 0 0 1 248 253 1 0 0 0 0 0 0 0 0 0 0 0 1 255 99 0 0 0 1 0 0 0 0 0 0 1 1 1 0 1 13 6 1 0 0 0 0 0 0 0 0 0 0 1 1 7 253 255 241 175 166 19 1 1 1 0 1 1 1 1 0 0 0 0 0 0 0 0 0 0 0 0 0 0 2 0 0 0 0 0 0 0 0 0 0 1 1 7 196 98 58 1 1 1 1 1 1 0 0 0 1 133 233 225 181 126 2 1 1 1 3 1 40 36 2 1 0 0 0 0 0 0 0 1 3 1 1 0 0 0 0 0 0 1 1 0 0 0 0 0 1 0 0 0 0 0 0 0 0 0 0 0 0 0 0 0 0 0 0 0 0 0 76 255 255 1 2 1 1 3 1 0 1 1 1 1 29 1 1 1 1 1 1 0 1 1 0 1 1 1 1 1 8 8 1 1 1 1 1 1 1 1 1 1 0 14 1 0 1 3 1 1 1 5 1 0 0 0 2 1 1 227 252 5 33 1 1 1 1 0 0 0 1 192 165 1 0 0 0 0 0 0 0 0 0 0 0 0 0 0 0 0 0 0 0 0 0 0 0 0 0 0 0 0 0 0 0 0 0 0 0 0 0 0 0 0 0 0 0 0 0 0 0 0 0 0 0 0 0 0 0 0 0 0 0 0 0 0 0 0 0 0 0 252 244 1 0 0 1 0 0 0 0 0 0 0 0 0 0 0 0 0 0 0 0 0 0 0 0
0 1 1 1 1 1 0 0 1 1 1 1 1 1 1 2 31 3 1 1 1 0 0 0 1 1 1 0 0 1 1 1 1 236 250 1 1 0 0 0 1 196 86 109 255 1 1 1 0 0 0 0 0 0 0 0 0 0 0 0 0 0 0 0 0 0 0 0 0 0 0 0 0 0 0 0 0 0 0 1 16 1 0 0 0 191 245 1 1 6 9 1 0 1 1 0 2 0 1 1 0 0 0 0 0 0 1 1 119 16 0 0 0 1 2 6 1 1 64 1 1 1 0 1 86 1 1 0 0 0 0 0 1 5 1 1 9 7 1 1 1 2 1 0 0 1 1 1 1 6 53 255 104 1 1 0 0 1 1 1 1 1 1 1 0 0 0 0 1 1 4 98 1 0 0 0 0 0 0 0 0 1 244 253 1 0 0 0 0 0 0 0 0 0 0 1 255 98 0 0 0 1 0 0 0 0 0 0 1 0 0 0 0 1 5 11 1 0 0 0 0 0 0 0 1 1 143 251 253 249 228 152 1 1 1 1 1 1 1 1 1 1 1 1 0 0 0 0 0 0 0 0 0 0 0 0 0 1 1 0 0 0 0 0 0 0 1 1 2 2 1 22 146 205 221 192 170 150 57 1 1 1 30 230 217 162 73 1 0 1 1 1 3 1 1 1 87 11 1 0 0 0 0 0 0 0 0 1 2 1 1 0 0 0 0 0 1 1 0 0 0 0 0 1 1 0 0 0 0 0 0 0 0 0 0 0 0 0 0 0 0 0 0 0 0 0 239 255 156 1 2 4 1 3 1 1 1 1 1 29 1 1 0 0 0 0 1 1 1 1 1 1 1 1 0 1 20 0 0 0 1 1 1 1 1 0 1 1 42 5 5 4 2 4 5 5 1 1 0 0 0 2 1 0 1 165 255 20 1 0 0 1 1 0 3 221 95 1 0 0 0 0 0 0 0 0 0 0 0 0 0 0 0 0 0 0 0 0 0 0 0 0 0 0 0 0 0 0 0 0 0 0 0 0 0 0 0 0 0 0 0 0 0 0 0 0 0 0 0 0 0 0 0 0 0 0 0 0 0 0 0 0 0 0 0 0 255 2 0 0 0 1 0 0 0 0 0 0 0 0 0 0 0 0 0 0 0 0 0 0 0 0
0 0 0 0 0 1 1 1 1 1 1 1 0 0 0 1 33 3 1 1 1 1 0 1 1 1 1 1 0 0 1 1 1 1 251 216 1 0 0 0 1 1 226 2 255 1 1 1 0 0 0 0 0 0 0 0 0 0 0 0 0 0 0 0 0 0 0 0 0 0 0 0 0 0 0 0 0 0 1 2 9 0 0 0 1 241 221 1 1 0 1 7 1 0 1 1 2 1 0 1 1 0 0 0 0 1 14 150 7 0 0 0 0 0 1 1 1 0 2 43 1 1 1 0 3 57 1 1 0 0 0 1 6 1 1 4 8 2 1 0 1 1 1 1 1 2 1 2 11 22 236 249 1 1 1 0 1 1 1 0 1 1 1 1 1 0 0 0 0 1 1 9 72 1 0 0 0 0 0 0 0 1 1 241 254 2 0 0 0 0 0 0 0 0 0 1 255 99 0 0 0 1 1 1 0 0 0 0 0 0 0 0 0 1 0 2 16 1 0 0 0 0 1 1 238 253 249 214 243 241 208 124 1 1 0 0 0 0 0 0 0 1 1 1 1 1 0 0 0 0 0 0 0 0 0 0 0 1 2 0 0 0 0 0 1 1 2 2 1 0 0 1 0 1 7 79 119 145 199 200 225 242 236 175 70 1 0 0 1 1 2 2 1 1 1 1 2 105 5 1 0 0 0 0 0 0 0 1 2 1 1 0 0 0 0 0 1 1 0 0 0 0 0 1 1 0 0 0 0 0 0 0 0 0 0 0 0 0 0 0 0 0 0 0 0 0 1 251 255 2 1 1 6 2 2 1 1 1 1 30 1 1 1 0 0 0 1 1 1 1 1 1 1 1 0 1 20 0 0 0 1 1 1 1 1 1 1 2 26 0 1 0 0 1 1 0 1 1 1 1 1 2 1 1 0 1 51 255 152 1 1 0 0 42 230 17 0 0 0 0 0 0 0 0 0 0 0 0 0 0 0 0 0 0 0 0 0 0 0 0 0 0 0 0 0 0 0 0 0 0 0 0 0 0 0 0 0 0 0 0 0 0 0 0 0 0 0 0 0 0 0 0 0 0 0 0 0 0 0 0 0 0 0 0 0 14 255 1 0 0 0 1 1 0 0 0 0 0 0 0 0 0 0 0 0 0 0 0 0 0 0 0
0 0 0 0 0 1 1 1 1 1 1 1 1 0 1 3 1 34 1 1 0 1 1 1 1 1 1 1 0 0 0 1 1 1 11 255 2 0 0 0 0 1 87 196 255 3 1 0 0 0 0 0 0 0 0 0 0 0 0 0 0 0 0 0 0 0 0 0 0 0 0 0 0 0 0 0 0 0 1 16 1 0 0 0 1 246 180 2 1 0 0 1 9 1 0 1 1 1 0 0 1 0 0 0 1 107 93 1 0 0 0 0 0 0 0 1 1 1 0 17 10 0 1 1 0 47 6 1 1 1 1 6 1 1 2 14 1 1 1 0 1 1 1 2 1 1 1 26 15 3 255 61 1 1 1 1 1 0 0 0 0 1 1 0 1 1 0 0 0 1 1 1 26 36 0 0 0 0 0 0 0 0 1 1 238 254 4 0 0 0 0 0 0 0 0 1 255 99 0 0 0 0 0 1 1 1 0 0 1 0 0 0 1 1 0 0 2 15 0 1 1 13 249 253 242 231 243 213 3 1 224 157 1 1 0 0 0 0 0 0 0 0 1 1 1 1 1 0 0 0 0 0 0 0 0 0 0 0 1 1 1 1 1 2 2 1 1 0 0 0 0 1 1 0 1 1 1 1 1 176 243 38 195 2 1 1 1 1 1 2 2 1 1 1 0 0 1 6 92 3 1 1 0 0 0 0 0 0 1 3 1 1 0 0 0 0 0 1 1 0 0 0 0 1 1 0 0 0 0 0 0 0 0 0 0 0 0 0 0 0 0 0 0 0 0 0 0 165 255 253 11 11 8 2 5 1 0 0 1 30 1 0 1 0 0 0 1 1 2 2 1 0 1 1 1 2 20 1 0 0 1 1 1 13 37 35 36 39 12 1 1 1 1 1 1 0 1 0 0 0 1 1 2 1 1 1 1 3 254 250 255 254 158 216 2 1 1 0 0 0 0 0 0 0 0 0 0 0 0 0 0 0 0 0 0 0 0 0 0 0 0 0 0 0 0 0 0 0 0 0 0 0 0 0 0 0 0 0 0 0 0 0 0 0 0 0 0 0 0 0 0 0 0 0 0 0 0 0 0 0 0 0 0 0 0 253 239 0 0 0 0 1 1 0 0 0 0 0 0 0 0 0 0 0 0 0 0 0 0 0 0 0
0 0 0 0 1 1 1 1 1 0 0 1 1 1 2 2 1 34 1 1 1 0 1 1 1 0 1 1 1 0 0 1 1 1 0 237 250 1 0 0 0 0 1 221 255 31 1 1 0 0 0 0 0 0 0 0 0 0 0 0 0 0 0 0 0 0 0 0 0 0 0 0 0 0 0 0 0 2 8 2 0 0 0 0 1 251 1 1 1 0 0 0 3 2 0 1 1 2 1 1 1 0 0 15 140 6 0 0 0 0 0 0 0 0 0 1 1 1 1 1 55 1 1 1 1 1 91 1 1 1 4 1 1 1 20 3 3 2 2 1 1 1 1 1 1 7 32 3 1 240 247 1 1 1 0 1 1 0 0 0 0 0 1 1 0 1 0 0 0 1 1 1 1 111 1 0 0 0 0 0 0 0 1 1 1 232 255 10 1 0 0 0 0 0 0 1 255 101 0 0 0 0 0 0 0 0 0 1 1 1 1 1 1 0 0 1 1 16 2 172 251 251 214 241 242 122 1 1 1 1 157 186 112 1 1 1 1 0 0 0 0 1 1 1 1 1 1 1 0 0 0 0 0 0 0 0 1 1 2 1 2 2 2 1 1 0 0 0 0 0 0 1 1 0 0 1 1 0 1 206 231 186 33 8 1 1 1 2 3 2 1 1 1 0 0 0 1 1 24 54 2 1 0 0 0 0 0 0 0 1 3 1 1 0 0 0 0 1 1 0 0 0 0 0 1 0 0 0 0 0 0 0 0 0 0 0 0 0 0 0 0 0 0 0 1 1 1 1 246 255 31 1 0 0 2 3 1 1 1 26 2 1 1 1 0 0 0 1 1 4 1 0 0 1 21 48 25 28 3 1 1 16 30 6 1 1 1 8 3 1 1 1 1 0 1 0 1 0 0 0 0 1 1 0 1 1 1 1 2 255 198 248 255 1 0 0 0 0 0 0 0 0 0 0 0 0 0 0 0 0 0 0 0 0 0 0 0 0 0 0 0 0 0 0 0 0 0 0 0 0 0 0 0 0 0 0 0 0 0 0 0 0 0 0 0 0 0 0 0 0 0 0 0 0 0 0 0 0 0 0 0 0 0 0 0 255 1 0 0 0 0 1 1 0 0 0 0 0 0 0 0 0 0 0 0 0 0 0 0 0 0 0
0 0 0 1 1 1 1 1 1 1 1 1 1 1 2 1 1 5 15 1 1 1 1 1 1 1 1 1 1 0 0 0 1 1 1 1 255 106 1 0 0 0 1 2 255 240 1 1 0 0 0 0 0 0 0 0 0 0 0 0 0 0 0 0 0 0 0 0 0 0 0 0 0 0 0 0 3 4 1 2 0 0 0 0 1 251 1 1 2 1 0 0 1 9 0 1 1 2 1 1 0 1 110 78 2 0 1 0 0 0 0 0 0 0 0 0 1 1 1 0 2 41 1 1 1 0 4 90 3 3 2 1 1 56 41 4 1 1 2 1 1 1 1 1 24 14 1 1 4 254 30 1 0 0 0 1 0 0 0 0 0 0 0 1 1 1 1 1 1 1 1 0 1 80 4 0 0 0 0 0 0 0 0 0 0 1 221 255 22 1 0 0 0 0 0 1 255 103 0 0 0 0 0 0 0 0 0 0 1 1 1 1 0 0 1 12 19 241 253 249 208 243 237 16 1 1 1 2 2 1 1 224 157 1 1 1 1 1 1 1 1 1 1 1 0 1 1 1 1 1 0 0 0 0 1 1 1 1 1 1 0 0 0 0 0 0 0 0 0 0 0 1 1 0 0 0 1 1 1 247 189 1 2 31 62 60 61 45 52 18 1 1 0 0 0 0 0 1 1 71 19 2 0 0 0 0 0 0 0 0 1 2 1 0 0 0 0 1 1 0 0 0 0 0 1 1 0 0 0 0 0 0 0 0 0 0 0 0 0 0 0 1 1 1 1 0 0 1 3 253 255 1 0 0 1 5 2 3 29 89 39 33 27 23 18 14 8 4 2 5 1 2 19 45 10 6 22 18 24 36 32 6 1 1 1 1 2 4 1 3 2 1 0 1 1 0 1 0 0 0 1 2 1 0 0 1 1 1 179 255 1 1 255 1 0 0 0 0 0 0 0 0 0 0 0 0 0 0 0 0 0 0 0 0 0 0 0 0 0 0 0 0 0 0 0 0 0 0 0 0 0 0 0 0 0 0 0 0 0 0 0 0 0 0 0 0 0 0 0 0 0 0 0 0 0 0 0 0 0 0 0 0 0 0 34 255 1 0 0 0 0 1 1 0 0 0 0 0 0 0 0 0 0 0 0 0 0 0 0 0 0 0
0 1 1 1 1 1 0 1 1 1 1 1 1 1 1 2 2 1 41 1 1 1 1 1 1 1 1 1 0 0 0 0 0 1 1 1 131 255 1 0 0 0 1 1 254 255 2 1 0 0 0 0 0 0 0 0 0 0 0 0 0 0 0 0 0 0 0 0 0 0 0 0 0 0 0 1 8 1 0 2 0 0 0 0 1 251 2 1 2 1 1 0 1 9 1 0 1 2 0 1 22 136 4 1 3 0 1 0 0 0 0 0 0 0 0 0 0 1 1 1 0 19 33 8 2 0 0 1 70 115 2 1 47 10 1 12 11 1 2 2 1 3 24 28 3 1 1 1 244 244 1 1 0 0 0 1 0 0 0 0 0 0 0 1 1 0 1 1 1 0 0 0 0 89 2 0 0 0 0 0 0 0 0 0 0 0 1 202 255 12 0 0 0 0 0 1 255 106 0 0 0 0 0 0 0 0 0 0 1 0 0 0 0 1 36 250 253 239 234 243 212 2 1 1 1 1 1 1 1 0 1 202 140 46 1 1 1 1 1 0 0 0 0 1 1 1 1 1 1 1 1 1 0 1 1 0 0 0 0 1 1 0 0 0 0 0 0 0 0 0 0 1 1 0 0 0 1 1 211 239 41 1 1 1 1 1 1 1 1 50 6 1 0 0 0 0 0 0 0 1 103 7 1 1 1 0 0 0 0 0 1 2 1 1 0 0 0 0 1 0 0 0 0 0 1 1 0 0 0 0 0 0 0 0 0 0 0 0 1 1 1 1 0 0 0 0 0 1 0 209 255 243 1 1 1 26 97 85 20 3 1 2 2 3 4 6 10 18 27 61 34 34 8 1 1 16 2 2 17 18 24 3 2 1 1 0 4 2 1 1 2 0 1 2 2 1 1 0 1 2 2 1 0 0 1 1 1 236 255 248 255 255 255 78 1 0 0 0 0 0 0 0 0 0 0 0 0 0 0 0 0 0 0 0 0 0 0 0 0 0 0 0 0 0 0 0 0 0 0 0 0 0 0 0 0 0 0 0 0 0 0 0 0 0 0 0 0 0 0 0 0 0 0 0 0 0 0 0 0 0 0 0 0 1 254 230 0 0 0 0 0 1 1 0 0 0 0 0 0 0 0 0 0 0 0 0 0 0 0 0 0 0
1 1 1 1 1 0 1 1 1 0 0 0 0 0 0 1 1 2 43 1 1 1 1 1 1 1 1 1 1 0 1 1 1 1 1 1 1 251 233 1 0 0 0 1 2 255 150 1 0 0 0 0 0 0 0 0 0 0 0 0 0 0 0 0 0 0 0 0 0 0 0 0 0 0 0 3 3 1 0 2 0 0 0 0 1 248 118 1 1 1 1 1 1 1 8 1 1 1 2 121 65 1 0 1 3 0 1 0 0 0 0 0 0 0 0 1 1 1 1 1 1 2 33 3 13 10 2 0 1 3 121 109 15 1 1 1 3 17 2 9 33 23 2 1 1 1 1 8 254 17 1 0 0 0 0 1 0 0 0 0 0 0 0 0 0 1 1 1 1 0 0 0 0 110 1 0 0 0 0 0 0 0 0 0 0 0 0 1 221 255 1 0 0 0 0 1 255 108 0 0 0 0 0 0 0 0 0 0 1 1 0 5 225 234 238 249 243 241 106 1 1 1 1 1 1 1 1 1 1 0 1 6 222 150 2 1 1 0 0 0 0 0 0 0 1 1 1 1 1 1 1 1 1 0 0 0 0 0 0 0 1 0 0 0 0 0 0 0 0 0 0 0 1 1 0 0 1 1 248 177 1 0 1 1 1 1 1 1 1 2 68 2 1 0 0 0 0 0 0 1 3 104 3 1 0 0 0 0 0 0 0 1 2 2 1 0 0 0 1 1 0 0 0 0 0 1 0 0 0 0 0 0 0 0 0 0 1 1 1 1 0 0 0 0 0 0 0 1 1 1 247 255 8 11 92 37 2 1 1 2 1 1 1 1 1 0 0 0 1 1 7 3 1 1 1 4 16 19 2 0 4 10 2 0 1 1 6 1 0 0 2 2 2 1 1 2 2 2 2 1 0 0 1 1 1 34 255 255 247 217 37 79 190 255 227 1 0 0 0 0 0 0 0 0 0 0 0 0 0 0 0 0 0 0 0 0 0 0 0 0 0 0 0 0 0 0 0 0 0 0 0 0 0 0 0 0 0 0 0 0 0 0 0 0 0 0 0 0 0 0 0 0 0 0 0 0 0 0 0 0 0 0 0 1 255 1 0 0 0 0 0 0 1 0 0 0 0 0 0 0 0 0 0 0 0 0 0 0 0 0 0 0
1 1 1 1 0 0 1 1 0 0 0 0 0 0 0 0 1 8 35 1 0 0 1 1 1 1 1 1 1 1 1 0 0 1 1 1 1 5 255 2 0 0 0 1 1 254 255 2 1 0 0 0 0 0 0 0 0 0 0 0 0 0 0 0 0 0 0 0 0 0 0 0 0 0 1 9 1 1 1 2 1 1 1 0 0 245 204 1 1 1 1 1 1 0 1 7 36 148 130 2 0 0 0 0 3 1 1 0 0 0 0 0 0 0 1 1 1 1 0 1 6 40 1 0 1 1 5 10 1 1 124 72 1 1 1 1 1 2 15 9 1 1 1 1 0 0 1 248 243 1 0 1 0 0 1 1 0 0 0 0 0 0 0 0 0 1 0 0 1 1 0 0 1 108 1 0 0 0 0 0 0 0 0 0 0 0 0 0 1 251 248 1 0 0 0 1 255 119 0 0 0 0 0 0 0 0 0 0 7 228 235 234 235 253 254 242 3 0 1 1 2 1 1 1 1 0 0 1 1 0 0 1 217 164 9 2 1 0 0 0 0 0 0 1 1 0 1 1 1 1 1 1 1 1 1 0 0 0 0 1 1 0 0 0 0 0 0 0 0 0 0 0 0 1 1 1 1 212 240 36 1 0 0 1 1 1 1 1 1 1 4 46 1 1 0 0 0 0 0 0 1 13 76 2 1 0 0 0 0 0 0 0 1 1 1 0 0 0 1 1 0 0 0 0 0 1 1 0 0 0 0 0 0 0 0 0 0 0 0 0 0 0 0 0 0 0 0 0 1 1 16 255 255 128 2 1 2 2 1 2 4 5 5 3 1 1 1 1 1 1 3 1 1 1 1 1 1 1 18 0 22 1 0 0 1 1 7 2 1 1 2 2 1 1 1 0 0 0 0 0 1 1 1 3 254 255 251 216 1 1 0 0 0 11 255 252 1 0 0 0 0 0 0 0 0 0 0 0 0 0 0 0 0 0 0 0 0 0 0 0 0 0 0 0 0 0 0 0 0 0 0 0 0 0 0 0 0 0 0 0 0 0 0 0 0 0 0 0 0 0 0 0 0 0 0 0 0 0 0 0 0 0 0 76 255 1 0 0 0 0 0 0 1 0 0 0 0 0 0 0 0 0 0 0 0 0 0 0 0 0 0 0
23 1 0 0 0 0 1 1 0 0 0 0 0 0 0 0 0 63 1 1 0 0 0 1 1 1 1 1 1 1 0 0 0 0 0 1 1 1 240 249 1 0 0 0 1 1 255 234 1 0 0 0 0 1 0 0 0 0 0 0 0 0 0 0 0 0 0 0 0 0 0 0 0 0 1 230 253 255 255 255 242 1 1 0 1 250 22 1 0 1 1 1 1 0 1 0 128 3 0 0 0 1 1 0 1 3 1 0 0 0 0 0 0 0 1 1 0 1 2 24 18 1 0 1 1 0 0 1 15 124 109 1 1 1 1 1 0 1 1 1 1 1 1 0 1 1 17 253 9 1 1 1 0 0 1 1 0 0 0 0 0 0 0 0 0 0 0 0 0 1 0 0 51 11 1 0 0 0 0 0 0 0 0 0 0 0 0 0 0 2 255 2 0 0 0 1 255 144 0 0 0 0 0 0 0 12 229 235 234 239 254 254 246 13 1 4 1 1 1 1 0 0 1 1 1 0 0 0 1 0 0 1 69 193 150 2 1 0 0 0 1 1 1 1 1 1 0 1 0 0 1 1 1 1 1 1 1 0 1 1 0 0 0 0 0 0 0 0 0 0 0 0 0 1 1 1 14 245 188 1 1 1 0 1 1 1 1 1 1 1 1 14 17 1 1 0 0 0 0 0 1 1 48 30 2 0 0 0 0 0 0 0 0 1 1 0 0 0 0 1 0 0 0 0 0 1 1 1 0 0 0 0 0 0 0 0 0 0 0 0 0 0 0 0 0 0 0 0 1 1 104 252 253 247 1 0 0 1 2 3 2 1 1 2 3 3 3 4 1 2 2 1 1 1 1 1 0 1 19 1 22 1 1 1 1 0 11 2 2 2 2 1 1 0 0 0 0 0 1 1 1 2 252 255 254 238 2 1 1 1 1 1 1 1 2 255 255 1 0 0 0 0 0 0 0 0 0 0 0 0 0 0 0 0 0 0 0 0 0 0 0 0 0 0 0 0 0 0 0 0 0 0 0 0 0 0 0 0 0 0 0 0 0 0 0 0 0 0 0 0 0 0 0 0 0 0 0 0 0 0 0 0 0 254 217 1 0 0 0 0 0 0 1 1 0 0 0 0 0 0 0 0 0 0 0 0 0 0 0 0 0 0
47 75 1 0 0 0 1 1 0 0 0 0 0 0 0 0 0 41 2 0 0 0 0 0 1 1 1 0 1 1 1 0 0 0 0 1 1 1 1 255 32 0 0 0 1 1 234 255 7 1 0 0 0 1 1 0 0 0 0 0 0 0 0 0 0 0 0 0 0 0 0 0 0 1 111 255 228 15 8 32 250 255 246 2 2 251 1 1 1 1 1 1 1 1 1 1 144 1 0 0 1 1 1 1 1 3 1 1 0 0 0 0 0 0 1 1 0 3 60 2 0 1 1 1 1 1 1 2 47 153 1 0 1 1 0 1 1 1 1 1 1 1 0 0 1 2 249 239 1 1 1 0 0 0 2 1 0 0 0 0 0 0 0 0 0 1 0 0 0 1 0 3 80 1 0 0 0 0 0 0 0 0 0 0 0 0 0 0 0 1 251 249 1 0 0 0 255 209 0 0 0 0 3 223 234 232 240 254 254 246 9 1 1 1 1 2 2 1 0 0 0 0 0 1 1 0 0 0 1 0 0 1 1 219 172 1 2 1 1 1 1 1 1 1 1 1 0 1 1 0 0 1 1 1 1 1 1 1 1 0 0 0 0 0 0 0 0 0 0 0 0 1 1 1 1 12 236 198 112 1 1 1 1 1 1 1 1 1 1 1 1 1 34 6 1 1 1 0 0 0 0 1 1 93 9 1 0 0 0 0 0 0 0 1 1 1 0 0 0 1 1 0 0 0 0 1 1 1 1 0 0 0 0 0 0 0 0 0 0 0 0 0 0 0 0 0 0 0 1 155 239 2 221 255 229 1 0 1 1 1 0 0 1 1 1 1 1 3 2 4 2 1 0 0 0 1 0 1 32 37 30 2 0 1 0 1 13 1 1 1 1 1 0 0 0 1 1 1 1 3 252 255 255 245 11 1 0 1 1 1 1 1 1 1 0 1 255 255 2 0 0 0 0 0 0 0 0 0 0 0 0 0 0 0 0 0 0 0 0 0 0 0 0 0 0 0 0 0 0 0 0 0 0 0 0 0 0 0 0 0 0 0 0 0 0 0 0 0 0 0 0 0 0 0 0 0 0 0 0 0 0 0 1 255 1 0 0 0 0 0 0 0 1 1 0 0 0 0 0 0 0 0 0 0 0 0 0 0 0 0 0 0
1 6 104 2 0 0 1 1 1 0 0 0 0 0 0 0 0 2 40 0 0 0 0 0 0 1 1 1 0 1 1 1 0 0 0 1 0 1 1 189 254 1 0 0 0 1 1 255 255 1 1 1 0 1 1 0 0 0 0 0 0 0 0 0 0 0 0 0 0 0 0 0 0 1 255 226 1 1 1 1 5 1 247 255 252 250 1 1 4 1 1 1 1 2 1 34 46 0 0 0 1 1 1 1 0 2 1 0 0 0 0 0 0 0 0 1 4 46 1 0 0 1 1 1 0 1 2 22 167 1 1 1 1 0 0 0 0 1 1 0 0 0 0 1 1 30 253 4 1 0 0 0 0 0 2 0 0 0 0 0 0 0 0 0 1 1 0 0 0 1 1 101 1 1 0 0 0 0 0 0 0 0 0 0 0 0 0 0 0 0 12 255 1 0 0 0 255 249 1 1 65 234 234 234 254 254 245 6 1 1 1 1 1 0 0 2 1 0 0 0 0 0 0 1 1 1 0 0 0 0 0 0 1 187 147 118 2 1 1 1 1 1 1 1 1 1 0 0 1 0 0 0 1 1 1 1 1 1 1 1 0 0 0 0 0 0 0 0 1 1 1 1 1 1 209 230 38 222 1 1 0 1 1 1 1 1 1 1 1 0 0 0 1 43 2 1 1 1 0 0 0 0 1 2 107 4 1 0 0 0 0 0 0 0 1 1 1 0 1 1 1 0 0 0 0 0 1 1 1 0 0 0 0 0 0 0 0 0 0 0 0 0 0 0 0 0 0 0 2 249 1 1 1 230 255 243 1 1 0 0 0 0 0 1 1 1 1 2 1 2 2 1 0 0 0 0 0 1 2 17 1 14 1 1 1 1 7 5 1 0 1 1 1 1 1 1 1 6 254 255 255 245 45 1 1 1 1 1 1 0 0 0 1 1 1 1 1 253 255 23 1 0 0 0 0 0 0 0 0 0 0 0 0 0 0 0 0 0 0 0 0 0 0 0 0 0 0 0 0 0 0 0 0 0 0 0 0 0 0 0 0 0 0 0 0 0 0 0 0 0 0 0 0 0 0 0 0 0 0 0 0 0 100 255 1 0 0 0 0 0 0 0 1 1 0 0 0 0 0 0 0 0 0 0 0 0 0 0 0 0 0 0
0 1 1 104 4 0 0 1 1 0 0 0 0 0 0 0 0 1 64 0 0 0 0 0 0 0 1 1 1 1 1 1 1 0 1 1 0 0 1 1 254 209 1 0 0 0 1 4 255 210 1 0 1 1 0 1 0 0 0 0 0 0 0 0 0 0 0 0 0 0 0 0 1 206 255 4 1 0 1 1 5 1 1 2 252 251 246 168 2 4 4 1 2 1 1 136 1 0 0 0 1 1 1 0 0 2 1 0 0 0 0 0 0 0 1 1 71 1 1 1 0 1 0 1 1 2 12 181 1 1 1 1 1 0 0 0 0 0 0 0 0 0 0 0 1 249 232 1 0 0 0 0 0 1 2 0 0 0 0 0 0 0 0 0 0 0 0 0 0 0 64 7 1 1 0 0 0 0 0 0 0 0 0 0 0 0 0 0 0 0 1 255 1 0 0 0 254 254 218 236 226 247 254 247 7 1 1 1 1 0 0 1 1 0 0 1 3 0 0 0 0 0 0 1 1 1 0 0 1 1 2 24 145 141 236 168 1 2 1 1 1 1 1 1 1 1 1 0 1 1 0 0 0 0 1 1 1 1 1 1 1 1 0 0 0 0 1 1 1 1 3 87 236 236 93 1 162 161 0 0 0 0 1 1 1 1 0 0 0 0 0 0 1 3 21 1 1 1 1 0 0 0 0 1 8 90 2 1 0 0 0 0 0 0 0 1 1 1 1 1 0 0 0 0 0 0 1 1 1 0 0 0 0 0 0 0 0 0 0 0 0 0 0 0 0 0 0 0 29 247 1 0 0 1 227 255 253 3 1 0 0 0 0 1 1 1 1 1 2 5 4 3 3 2 1 0 0 2 1 16 1 14 1 1 1 2 1 13 1 1 1 1 1 1 1 23 255 255 254 245 32 1 1 1 1 0 0 0 0 0 0 0 0 0 1 1 1 1 217 255 177 1 1 0 0 0 0 0 0 0 0 0 0 0 0 0 0 0 0 0 0 0 0 0 0 0 0 0 0 0 0 0 0 0 0 0 0 0 0 0 0 0 0 0 0 0 0 0 0 0 0 0 0 0 0 0 0 0 0 0 0 0 255 203 1 0 0 0 0 0 0 0 0 1 0 0 0 0 0 0 0 0 0 0 0 0 0 0 0 0 0 0
0 0 1 1 99 4 0 1 1 0 0 0 0 0 0 0 0 0 63 1 0 0 0 0 0 0 0 1 1 1 1 1 1 1 1 1 0 0 1 1 26 255 1 0 1 1 1 1 247 255 5 1 0 0 0 1 1 0 0 0 0 0 0 0 0 0 0 0 0 0 0 1 2 255 109 4 1 0 1 1 4 1 1 165 213 1 201 247 246 213 2 5 5 1 27 53 0 0 0 0 0 1 1 0 0 1 3 0 0 0 0 0 0 1 1 1 75 1 1 1 1 1 1 1 2 7 186 1 1 0 1 1 1 0 0 0 0 0 0 0 0 0 0 1 68 254 2 1 1 0 0 0 0 2 1 0 0 0 0 0 0 0 0 0 0 0 0 0 0 29 32 1 1 0 0 0 0 0 0 0 0 0 0 0 0 0 0 0 0 0 1 255 3 0 0 9 254 255 255 255 254 220 1 1 1 1 0 0 0 0 0 0 1 0 0 0 2 1 1 1 0 0 0 0 1 1 1 1 3 75 145 83 1 1 233 142 38 2 1 1 1 1 1 1 1 1 1 1 0 1 1 1 0 0 1 1 0 1 1 1 1 1 1 0 1 3 224 236 236 236 234 211 3 1 0 1 232 4 0 0 0 0 0 0 0 0 0 0 0 0 0 0 0 1 7 6 1 1 1 0 1 1 0 0 1 32 44 2 1 0 0 0 0 0 0 0 1 2 1 0 0 0 0 0 0 0 1 1 1 1 1 1 1 0 0 0 0 0 0 0 0 0 0 0 0 0 0 0 17 247 1 0 0 0 1 198 252 255 225 1 1 0 0 0 0 0 0 0 0 2 1 1 1 1 3 2 3 2 1 1 20 18 1 1 2 1 0 2 8 0 0 1 1 113 255 255 253 242 9 1 1 1 1 0 0 0 0 0 0 0 0 0 0 0 0 0 1 1 1 79 255 221 1 1 0 0 0 0 0 0 0 0 0 0 0 0 0 0 0 0 0 0 0 0 0 0 0 0 0 0 0 0 0 0 0 0 0 0 0 0 0 0 0 0 0 0 0 0 0 0 0 0 0 0 0 0 0 0 0 0 0 1 255 1 1 0 0 0 0 0 0 0 0 1 0 0 0 0 0 0 0 0 0 0 0 0 0 0 0 0 0 0
0 0 0 1 1 102 3 1 1 0 0 0 0 0 0 0 1 1 33 3 0 0 0 0 0 0 0 0 1 1 1 1 1 1 1 1 1 1 0 1 1 248 242 1 1 0 0 1 1 255 254 1 1 0 0 0 1 1 0 0 0 0 0 0 0 0 0 0 0 0 1 1 248 250 1 4 1 1 1 1 1 4 1 238 1 0 4 1 194 243 246 213 20 26 128 1 0 1 1 0 1 1 0 0 0 1 3 1 0 0 0 0 0 1 0 1 69 0 0 0 0 0 1 1 9 186 2 1 0 1 1 1 0 0 0 0 0 0 0 0 0 0 1 1 252 221 1 0 0 0 0 0 0 4 1 0 0 1 1 1 0 0 0 0 0 0 0 1 84 27 1 1 0 0 0 0 0 0 0 0 0 0 0 0 0 0 0 0 0 0 1 255 181 216 245 249 255 255 255 255 249 1 1 1 0 0 0 0 0 0 0 0 1 1 0 0 1 2 2 0 0 0 0 0 1 2 8 124 135 30 1 1 1 28 161 204 155 2 1 1 2 2 1 2 1 1 2 1 1 0 0 1 1 0 0 1 1 0 0 1 1 1 1 48 236 236 30 1 1 1 1 1 1 1 1 127 188 1 0 0 0 0 0 0 0 0 0 0 0 0 0 0 0 1 1 12 2 1 1 1 1 0 0 0 1 1 83 14 1 0 0 0 0 0 0 0 1 1 2 0 0 0 0 0 0 0 0 1 0 0 0 1 1 1 0 0 0 0 0 0 0 0 0 0 0 0 0 0 3 250 1 0 0 0 0 0 42 245 255 255 234 2 1 1 1 1 0 0 0 3 1 0 0 1 1 1 1 0 0 0 0 1 2 2 1 0 0 0 14 1 1 178 255 255 252 241 3 1 1 1 0 0 0 0 0 0 0 0 0 0 0 0 0 0 0 0 0 1 1 1 20 255 107 1 1 0 0 0 0 0 0 0 0 0 0 0 0 0 0 0 0 0 0 0 0 0 0 0 0 0 0 0 0 0 0 0 0 0 0 0 0 0 0 0 0 0 0 0 0 0 0 0 0 0 0 0 0 0 0 0 0 145 255 1 1 0 0 0 0 0 0 0 0 1 0 0 0 0 0 0 0 0 0 0 0 0 0 0 0 0 0 0
0 0 0 0 1 1 105 4 1 0 0 0 0 0 1 1 1 0 2 39 0 0 0 0 0 0 0 0 0 1 1 1 1 0 1 1 1 1 1 1 1 1 255 4 1 0 0 0 1 16 255 139 1 1 0 0 0 1 0 0 0 0 0 0 0 0 0 0 0 1 9 251 255 2 1 4 1 1 1 1 1 4 58 231 1 1 4 1 1 1 197 242 243 214 56 1 1 2 2 0 0 1 1 0 0 4 1 0 0 0 0 0 0 1 0 2 62 1 1 1 1 1 1 29 185 2 1 0 1 1 0 1 0 0 0 0 1 1 1 3 1 1 1 126 254 2 1 0 0 0 0 1 1 5 1 0 0 0 0 0 0 0 0 0 0 1 16 97 3 1 1 0 0 0 0 0 0 0 0 0 0 0 0 0 0 0 0 0 0 1 238 254 248 254 255 255 254 255 69 39 255 3 0 0 0 0 0 0 0 0 0 0 0 1 1 0 0 1 2 1 0 0 1 2 23 145 119 5 1 1 3 51 80 15 2 211 166 5 5 3 2 4 1 1 1 1 1 1 2 2 1 0 1 0 0 1 1 0 0 0 1 167 236 220 2 1 1 0 0 1 1 1 1 1 1 222 30 0 0 0 0 0 0 0 0 0 0 0 0 0 0 0 0 0 1 1 12 1 1 1 0 0 0 0 0 1 1 108 5 1 0 0 0 0 0 0 0 1 2 1 0 0 0 0 0 0 0 1 1 0 0 0 1 1 0 0 0 0 0 0 0 0 0 0 0 0 0 0 1 250 1 0 0 0 0 0 0 1 177 247 255 255 255 245 25 2 1 1 2 8 2 1 1 1 1 1 1 1 1 1 1 1 1 1 1 1 1 3 218 254 255 255 248 232 1 1 1 1 0 0 0 0 0 0 0 0 0 0 0 0 0 0 0 0 0 0 0 0 1 1 1 167 255 1 1 0 0 0 0 0 0 0 0 0 0 0 0 0 0 0 0 0 0 0 0 0 0 0 0 0 0 0 0 0 0 0 0 0 0 0 0 0 0 0 0 0 0 0 0 0 0 0 0 0 0 0 0 0 0 0 0 255 184 1 0 0 0 0 0 0 0 0 0 1 1 0 0 0 0 0 0 0 0 0 0 0 0 0 0 0 0 1
1 1 1 1 6 14 43 90 1 0 0 0 0 0 1 0 0 0 1 60 1 0 0 0 0 0 0 0 0 0 1 1 1 1 0 1 1 1 1 1 1 1 232 252 1 1 1 0 0 1 252 255 2 1 1 0 0 1 0 0 0 0 0 0 0 0 0 1 64 253 255 247 2 0 2 2 1 1 1 1 1 5 231 72 1 1 4 1 1 1 1 14 189 241 242 206 1 14 1 0 1 1 1 1 1 3 0 1 1 1 0 0 0 1 0 1 94 1 0 1 1 1 110 163 1 1 0 1 1 0 0 1 0 0 0 0 0 1 3 1 3 1 1 253 202 1 0 0 0 1 5 10 16 77 1 1 0 0 0 0 0 1 1 1 4 88 40 1 1 1 0 0 0 0 0 1 1 0 0 0 0 1 1 1 1 0 1 120 241 245 254 255 255 255 199 1 1 255 91 1 255 168 0 1 1 0 0 0 0 0 0 0 0 0 1 0 0 1 1 1 1 3 74 143 83 1 1 1 10 66 62 5 1 1 1 113 181 164 5 3 3 3 2 1 2 1 1 1 1 1 1 0 1 1 0 1 1 1 2 224 236 159 1 1 1 1 1 1 0 1 1 0 0 0 27 224 1 1 0 0 0 0 0 0 0 0 0 0 0 0 0 0 0 0 0 0 2 10 2 1 1 0 0 0 0 0 1 5 100 2 1 0 0 0 0 0 0 0 1 2 1 0 0 0 0 0 0 0 1 0 0 0 0 1 1 0 0 0 0 0 0 0 0 0 0 0 0 0 0 250 1 0 0 0 0 0 0 0 0 1 102 245 248 255 255 255 255 255 255 255 255 255 255 255 255 255 255 255 255 255 255 255 255 255 255 255 255 255 255 254 248 187 2 1 1 1 0 0 0 0 0 0 0 0 0 0 0 0 0 0 0 0 0 0 0 0 0 0 0 1 1 1 255 254 1 0 0 0 0 0 0 0 0 0 0 0 0 0 0 0 0 0 0 0 0 0 0 0 0 0 0 0 0 0 0 0 0 0 0 0 0 0 0 0 0 0 0 0 0 0 0 0 0 0 0 0 0 0 0 0 1 255 1 1 0 0 0 0 0 0 0 0 0 1 1 0 0 0 0 0 0 0 0 0 0 0 0 0 0 0 0 1
6 14 15 12 3 1 1 27 31 1 0 0 0 0 1 0 0 0 0 54 1 0 0 0 0 0 0 0 0 0 0 1 1 1 1 0 1 1 0 1 1 1 1 255 98 1 1 0 0 1 1 255 251 1 1 0 0 1 1 1 0 0 0 0 0 0 1 246 255 237 4 1 0 0 3 1 1 1 1 1 0 1 239 1 1 3 1 1 1 0 1 1 1 23 198 238 242 204 1 1 1 1 0 0 3 1 1 1 0 1 1 0 1 1 1 1 29 15 1 1 5 189 94 1 1 1 1 1 0 0 0 1 0 0 0 0 2 2 1 0 1 2 183 253 1 0 0 0 0 1 1 1 1 8 30 1 1 1 1 1 1 18 118 128 94 3 1 1 1 0 1 0 0 0 1 1 0 0 0 0 1 1 1 1 163 243 246 249 246 245 235 255 249 1 1 1 1 255 97 1 246 255 1 0 1 0 0 0 0 0 0 0 0 0 1 1 0 1 1 4 129 135 28 1 1 1 27 73 32 2 1 1 1 1 3 7 211 191 4 3 1 2 2 1 1 2 2 2 1 1 2 0 0 1 0 1 112 130 240 28 1 1 1 0 1 1 1 1 1 1 1 0 0 0 182 138 1 1 1 0 0 0 0 0 0 0 0 0 0 0 0 0 0 0 0 0 1 4 5 1 1 0 0 0 0 0 0 1 20 65 2 1 0 0 0 0 0 1 1 1 1 1 0 0 0 0 0 0 1 0 0 0 0 1 1 0 0 0 0 0 0 0 0 0 0 0 0 0 0 250 2 0 0 0 0 0 0 0 0 0 0 0 1 8 206 242 245 245 245 245 245 245 245 245 245 247 247 248 248 248 248 248 248 249 248 248 246 242 158 3 2 2 2 2 1 0 0 0 0 0 0 0 0 0 0 0 0 0 0 0 0 0 0 0 0 0 0 0 0 0 1 1 2 255 1 1 0 0 0 0 0 0 0 0 0 0 0 0 0 0 0 0 0 0 0 0 0 0 0 0 0 0 0 0 0 0 0 0 0 0 0 0 0 0 0 0 0 0 0 0 0 0 0 0 0 0 0 0 0 0 171 255 1 1 0 0 0 0 0 0 0 0 0 1 1 0 0 0 0 0 0 0 0 0 0 0 0 0 0 0 1 1
2 1 1 1 1 0 0 1 109 1 0 0 0 0 1 1 0 0 0 6 21 0 0 0 0 0 0 0 0 0 0 0 0 1 1 1 1 1 0 1 1 1 1 142 255 1 1 1 0 0 1 51 255 76 1 1 1 1 1 1 1 0 0 0 0 1 238 253 1 1 1 0 0 0 3 1 1 1 0 0 0 1 239 1 1 2 1 1 0 0 0 0 0 0 1 37 199 239 243 199 1 1 1 1 4 0 1 1 1 0 1 0 1 1 1 0 1 118 1 134 191 7 1 0 1 1 1 0 0 0 1 1 0 0 0 2 2 0 0 0 0 1 253 143 1 0 0 0 0 1 0 0 0 1 142 131 133 132 133 132 128 64 2 1 1 1 1 0 0 0 1 0 0 1 1 0 0 0 0 1 1 180 246 254 253 246 243 204 9 1 11 255 1 1 1 1 1 255 99 1 1 255 10 0 1 0 0 0 0 0 0 0 0 0 0 1 1 25 150 134 5 1 1 3 45 71 12 2 1 0 1 1 4 4 11 13 152 120 77 3 1 2 2 1 1 1 1 1 1 1 2 1 1 1 1 132 26 37 225 6 1 1 0 0 0 1 1 1 1 1 1 1 0 2 235 1 0 1 1 1 0 0 0 0 0 0 0 0 0 0 0 0 0 0 0 0 0 1 7 2 1 1 0 0 0 0 0 0 1 65 23 2 0 0 0 0 1 1 1 1 2 1 1 0 0 0 0 0 1 1 0 0 0 1 1 1 0 0 0 0 0 0 0 0 0 0 0 0 0 247 12 0 0 0 0 0 0 0 0 0 0 0 0 0 0 0 0 0 0 0 0 1 1 1 1 0 1 1 1 1 1 1 1 1 1 0 1 1 1 1 0 0 1 3 1 0 0 0 0 0 0 0 0 0 0 0 0 0 0 0 0 0 0 0 0 0 0 0 0 0 0 1 1 255 253 1 0 0 0 0 0 0 0 0 0 0 0 0 0 0 0 0 0 0 0 0 0 0 0 0 0 0 0 0 0 0 0 0 0 0 0 0 0 0 0 0 0 0 0 0 0 0 0 0 0 0 0 0 0 0 255 155 1 0 0 0 0 0 0 0 0 0 0 1 1 0 0 0 0 0 0 0 0 0 0 0 0 0 0 0 1 0
0 0 0 1 1 0 0 1 3 95 1 0 0 0 1 1 0 0 0 1 59 1 0 0 0 0 1 1 1 0 0 0 0 0 1 1 1 1 1 0 1 1 1 1 252 232 1 1 1 1 1 1 248 255 1 1 1 1 1 1 1 1 0 0 1 6 255 5 1 1 0 0 0 1 2 1 1 0 0 0 1 1 234 46 2 1 1 1 1 1 0 0 0 0 1 1 1 21 187 240 244 205 1 2 2 1 1 1 1 0 0 0 1 0 1 1 1 188 217 60 2 1 1 1 1 1 0 0 0 0 1 0 0 1 2 1 0 0 0 0 0 192 253 1 0 0 0 0 0 0 0 0 1 64 10 1 1 1 1 1 1 1 1 1 1 1 0 0 1 1 1 1 1 1 1 0 1 1 189 246 254 253 243 26 1 1 1 1 1 1 82 255 1 1 0 1 1 255 100 0 1 255 253 1 1 1 0 0 0 0 0 0 1 1 3 82 147 80 1 1 1 11 59 48 4 1 1 1 1 2 4 4 14 13 2 1 3 182 148 1 2 1 1 3 2 2 2 1 2 2 1 1 1 48 143 87 2 1 88 210 1 1 0 0 0 0 1 0 1 1 1 1 1 141 180 1 0 0 1 1 0 0 0 0 0 0 0 0 0 0 0 0 0 0 0 0 0 0 1 9 1 1 1 0 0 0 0 1 1 1 90 10 2 2 2 1 1 0 0 0 1 1 1 0 0 0 0 0 0 1 0 0 0 0 1 1 0 0 0 0 0 0 0 0 0 0 0 0 0 241 111 0 0 0 0 0 0 0 0 0 0 0 0 0 0 0 0 0 0 0 0 0 0 0 0 0 0 0 0 0 0 0 0 0 1 1 1 0 1 0 0 0 1 2 1 0 0 0 0 0 0 0 0 0 0 0 0 0 0 0 0 0 0 0 0 0 0 0 0 0 0 1 1 8 255 1 0 0 0 0 0 0 0 0 0 0 0 0 0 0 0 0 0 0 0 0 0 0 0 0 0 0 0 0 0 0 0 0 0 0 0 0 0 0 0 0 0 0 0 0 0 0 0 0 0 0 0 0 0 1 255 1 1 0 0 0 0 0 0 0 0 0 0 0 1 0 0 0 0 0 0 0 0 0 0 0 0 0 0 1 1 1
0 0 0 0 1 1 1 1 1 76 6 0 0 0 0 1 0 0 0 1 50 1 0 0 1 1 1 1 1 0 0 0 0 0 0 1 1 1 1 1 0 0 1 1 12 255 1 0 0 0 0 0 1 255 255 1 1 1 1 0 0 1 1 0 1 12 255 1 1 1 1 0 1 1 1 3 1 0 0 1 1 1 209 220 1 2 2 1 1 1 0 0 0 0 1 1 0 0 1 7 153 240 244 222 1 1 1 0 0 0 0 1 1 1 1 13 233 214 2 1 1 2 1 1 1 0 0 0 0 0 1 0 1 3 1 0 0 0 0 0 1 253 126 0 0 0 0 0 0 0 0 0 12 65 1 1 1 1 1 1 1 1 1 0 1 1 1 1 1 1 1 1 1 1 1 195 246 254 253 242 23 1 1 1 1 1 1 1 0 0 247 246 1 0 0 1 1 255 100 0 0 7 255 4 0 1 0 0 0 0 1 1 8 133 136 25 1 1 1 30 68 25 2 1 1 0 1 4 6 7 13 8 1 1 0 0 1 169 125 24 3 1 1 1 1 1 2 3 6 14 5 87 151 93 15 3 5 8 24 231 1 1 0 0 0 0 1 0 0 1 1 1 1 226 28 0 0 0 0 1 0 0 0 0 0 0 0 0 0 0 0 0 0 0 0 0 0 0 0 1 8 1 1 0 1 1 1 1 0 1 5 75 3 1 1 3 1 0 0 0 1 2 1 0 0 0 0 0 0 1 0 0 0 0 1 1 1 0 0 0 0 0 1 1 1 3 9 45 161 226 209 0 0 0 0 0 0 0 0 0 0 0 0 0 0 0 0 0 0 0 0 0 0 0 0 0 0 0 0 0 0 0 0 0 0 0 0 0 1 0 0 0 1 2 1 0 0 0 0 0 0 0 0 0 0 0 0 0 0 0 0 0 0 0 0 0 0 0 0 0 0 0 1 1 255 238 1 0 0 0 0 0 0 0 0 0 0 0 0 0 0 0 0 0 0 0 0 0 0 0 0 0 0 0 0 0 0 0 0 0 0 0 0 0 0 0 0 0 0 0 0 0 0 0 0 0 0 0 0 191 255 1 0 0 0 0 0 0 0 0 0 0 0 0 1 1 0 0 0 0 0 0 0 0 0 0 0 0 0 1 1 0
0 0 0 0 0 1 0 0 1 1 116 1 0 0 0 1 1 0 0 0 4 29 1 1 1 1 0 0 1 1 0 0 0 0 0 0 1 1 1 1 0 0 0 1 1 241 251 1 0 0 0 1 1 1 255 247 1 1 1 1 0 1 1 0 10 4 255 3 2 2 2 1 1 0 1 4 1 0 0 1 2 143 6 236 1 1 1 2 2 1 0 0 0 1 1 0 0 0 0 1 1 6 180 240 244 169 1 1 1 1 0 1 1 1 220 233 17 1 1 1 1 1 1 1 1 1 0 0 0 1 1 1 3 1 0 0 0 0 0 0 218 252 1 0 0 0 0 0 0 0 1 33 74 1 0 0 0 0 0 0 1 1 1 1 1 1 0 0 0 1 1 2 196 246 254 253 242 20 1 1 1 1 1 1 1 1 1 0 0 1 255 5 0 0 0 0 1 255 99 0 0 1 255 210 0 1 0 0 1 2 33 149 117 3 1 1 4 47 67 8 1 1 1 1 1 3 3 13 20 5 1 1 1 1 1 0 1 18 169 136 3 2 0 0 0 0 1 1 105 125 143 65 8 2 1 1 1 1 1 177 169 1 0 1 1 0 1 1 0 0 0 1 50 219 1 1 1 0 1 1 1 0 0 0 0 0 0 0 0 0 0 0 0 0 0 0 0 0 0 1 3 4 1 1 1 1 1 0 0 0 1 18 55 1 1 3 1 0 0 1 1 1 1 0 0 0 0 0 0 1 0 0 0 0 1 1 3 13 90 161 201 211 214 214 214 208 196 163 61 116 179 0 0 0 0 0 0 0 0 0 0 0 0 0 0 0 0 0 0 0 0 0 0 0 0 0 0 0 0 0 0 0 0 0 0 0 0 0 1 1 1 0 2 2 1 0 0 0 0 0 0 0 0 0 0 0 0 0 0 0 0 0 0 0 0 0 0 0 0 0 0 0 1 1 66 255 1 0 0 0 0 0 0 0 0 0 0 0 0 0 0 0 0 0 0 0 0 0 0 0 0 0 0 0 0 0 0 0 0 0 0 0 0 0 0 0 0 0 0 0 0 0 0 0 0 0 0 0 0 255 116 1 0 0 0 0 0 0 0 0 0 0 0 0 1 1 0 0 0 0 0 0 0 0 0 0 0 0 0 1 0 0
0 0 0 0 0 1 1 0 0 1 72 7 0 0 0 0 1 0 0 0 1 61 1 1 0 0 0 0 0 1 0 0 0 0 0 0 1 1 1 1 1 1 1 1 1 1 255 104 0 0 1 1 0 1 18 255 186 1 0 1 0 0 1 1 11 2 255 1 0 1 1 2 0 0 0 5 1 0 0 17 131 1 1 232 11 0 1 1 1 2 1 0 0 1 1 1 0 0 0 1 1 2 5 16 200 244 244 210 2 1 1 1 144 237 120 1 1 0 1 1 1 1 1 1 1 0 0 0 0 2 2 2 1 0 0 0 0 0 0 1 254 72 0 1 1 0 0 0 1 12 122 30 1 0 0 0 0 0 0 0 1 0 0 0 0 0 0 0 2 165 242 254 251 241 11 1 1 1 1 1 1 1 1 1 1 1 1 1 1 1 255 1 0 0 0 0 1 255 100 0 0 0 215 255 2 1 1 3 96 145 67 1 1 0 1 69 44 4 1 1 0 1 2 3 5 13 12 1 1 1 1 1 1 1 1 1 1 2 185 147 4 5 0 1 1 1 25 101 37 1 10 1 1 1 1 1 1 1 1 16 233 1 1 1 1 1 1 1 0 0 0 0 185 137 1 1 1 1 1 1 1 0 0 0 0 0 0 0 0 0 0 0 0 0 0 0 0 0 0 0 1 6 3 1 1 1 0 0 0 0 0 1 36 33 1 3 2 1 1 1 1 1 1 0 0 0 0 0 0 1 1 0 0 0 0 1 7 221 135 49 6 1 1 1 1 1 0 0 0 1 217 0 0 0 0 0 0 0 0 0 0 0 0 0 0 0 0 0 0 0 0 0 0 0 0 0 0 0 0 0 0 0 0 0 0 0 0 0 0 0 0 0 3 1 1 0 0 0 0 0 0 0 0 0 0 0 0 0 0 0 0 0 0 0 0 0 0 0 0 0 0 0 1 1 1 255 207 1 0 0 0 0 0 0 0 0 0 0 0 0 0 0 0 0 0 0 0 0 0 0 0 0 0 0 0 0 0 0 0 0 0 0 0 0 0 0 0 0 0 0 0 0 0 0 0 0 0 0 1 255 1 1 0 0 0 0 0 0 0 0 0 0 0 0 1 1 0 0 0 0 0 0 0 0 0 0 0 0 0 1 0 0
0 0 0 0 0 0 1 0 0 0 1 114 1 0 1 1 1 1 1 1 1 34 4 0 0 0 0 0 0 1 1 0 0 1 1 0 0 1 1 1 1 1 1 1 0 1 118 255 1 1 1 0 0 1 1 218 255 90 1 1 1 0 0 1 11 1 255 3 1 1 1 3 1 0 1 5 1 0 45 85 1 1 1 37 230 1 1 1 1 2 1 0 1 1 1 1 1 1 1 1 3 1 1 1 1 27 220 243 244 220 5 21 239 2 1 0 1 1 0 1 1 1 1 1 1 0 0 0 2 1 0 0 1 0 0 0 0 0 0 234 250 1 1 1 0 0 1 4 118 66 1 1 0 0 0 0 0 0 1 1 1 0 0 0 1 2 169 235 251 253 246 34 1 1 1 1 1 1 1 0 0 0 0 0 0 1 1 1 0 11 255 1 0 0 0 0 1 255 101 1 0 0 1 255 25 10 136 133 17 1 1 2 24 1 1 73 1 1 1 1 3 3 7 13 7 1 0 0 1 2 1 1 1 1 2 1 1 1 69 150 114 5 1 4 45 112 73 13 6 8 3 1 1 1 1 1 1 1 1 2 218 71 1 1 0 1 1 1 0 0 0 2 235 1 1 1 1 1 1 1 1 0 0 0 0 0 0 0 0 0 0 0 0 0 0 0 0 0 0 0 1 1 6 1 1 0 0 0 0 0 0 1 1 68 30 1 2 1 0 0 0 0 2 1 0 0 0 0 0 0 1 0 0 0 0 1 1 209 1 0 0 0 0 0 0 0 0 0 0 0 217 1 0 0 0 0 0 0 0 0 0 0 0 0 0 0 0 0 0 0 0 0 0 0 0 0 0 0 0 0 0 0 0 0 0 0 0 0 0 0 0 0 3 1 1 0 0 0 0 0 0 0 0 0 0 0 0 0 0 0 0 0 0 0 0 0 0 0 0 0 0 0 0 1 1 134 255 1 1 0 0 0 0 0 0 0 0 0 0 0 0 0 0 0 0 0 0 0 0 0 0 0 0 0 0 0 0 0 0 0 0 0 0 0 0 0 0 0 0 0 0 0 0 0 0 0 0 0 211 255 1 0 0 0 0 0 0 0 0 0 0 0 0 0 1 1 0 0 0 0 0 0 0 0 0 0 0 0 0 1 0 0
1 0 0 0 0 0 1 1 0 0 1 91 4 1 6 71 114 114 114 113 115 121 101 1 0 0 0 0 0 0 1 0 0 0 1 1 1 0 1 1 0 0 0 1 1 0 1 250 243 1 0 0 0 0 1 1 241 255 144 1 1 2 1 1 11 1 252 246 1 0 0 2 3 3 1 4 1 52 47 1 0 1 1 1 238 1 1 1 1 1 1 1 1 1 1 0 1 1 1 1 0 1 3 11 12 7 1 51 226 244 244 243 220 2 1 0 1 1 1 1 1 1 2 1 1 0 0 1 2 1 0 1 1 0 0 0 0 0 1 254 31 0 1 0 0 1 70 98 1 1 0 0 0 0 0 0 0 1 1 0 1 1 3 219 246 254 251 246 209 1 1 1 1 1 1 1 0 0 0 0 0 0 0 0 1 1 0 0 0 169 255 1 0 0 0 0 1 255 103 1 1 1 1 254 255 110 2 1 1 6 56 66 33 21 1 61 2 1 1 5 9 12 3 1 0 0 0 0 1 1 2 1 1 1 1 1 0 0 1 205 136 129 112 104 46 6 1 2 3 3 2 3 3 2 1 1 1 1 1 1 97 232 2 1 1 1 1 1 1 0 0 146 179 1 0 0 1 1 1 1 1 1 0 0 0 0 0 0 0 0 0 0 0 0 0 0 0 0 0 1 1 1 1 6 1 1 0 0 0 0 0 1 1 7 74 9 2 0 0 0 0 0 1 1 0 0 0 0 0 0 1 0 0 0 0 0 1 31 174 1 0 0 0 0 0 0 0 0 0 0 209 4 0 0 0 0 0 0 0 0 0 0 0 0 0 0 0 0 0 0 0 0 0 0 0 0 0 0 0 0 0 0 0 0 0 0 0 0 0 0 0 0 3 1 1 0 0 0 0 0 0 0 0 0 0 0 0 0 0 0 0 0 0 0 0 0 0 0 0 0 0 0 0 1 0 1 255 254 1 1 0 0 0 0 0 0 0 0 0 0 0 0 0 0 0 0 0 0 0 0 0 0 0 0 0 0 0 0 0 0 0 0 0 0 0 0 0 0 0 0 0 0 0 0 0 0 0 1 255 76 1 0 0 0 0 0 0 0 0 0 0 0 0 0 1 1 0 0 0 0 0 0 0 0 0 0 0 0 0 1 0 0
1 0 0 0 0 0 1 1 1 0 0 2 108 100 77 7 1 1 1 1 1 1 140 1 0 0 0 0 0 0 1 1 0 0 0 0 1 1 1 1 0 0 0 1 1 1 1 2 255 25 1 1 0 0 0 1 1 237 255 230 2 1 1 1 11 1 17 255 1 0 0 0 0 1 7 2 31 61 1 0 0 0 1 0 215 122 1 1 1 1 1 1 1 1 1 0 0 0 1 4 11 11 4 1 2 3 3 1 1 10 226 248 244 240 4 1 1 1 1 1 1 2 1 1 0 0 1 2 1 1 0 1 1 0 0 0 0 0 242 249 1 0 0 1 4 129 12 1 0 0 0 0 0 0 0 0 0 1 1 4 223 248 254 249 234 8 1 1 7 3 0 0 0 0 0 1 1 0 0 0 0 0 1 1 1 0 0 0 1 250 243 1 0 0 0 0 1 255 108 1 2 100 150 73 255 1 1 19 67 39 3 1 1 70 1 5 40 1 1 4 15 1 0 0 0 0 0 1 1 2 2 1 1 0 1 1 0 0 1 190 8 30 127 4 1 2 3 2 1 1 1 1 1 2 3 2 1 1 1 6 102 37 202 1 1 1 1 1 1 1 1 228 19 0 0 0 0 1 1 1 1 1 1 1 0 0 0 0 0 0 0 0 0 0 0 0 0 0 1 1 0 0 0 2 4 1 0 0 0 0 1 2 2 1 13 75 4 1 0 0 0 0 1 1 0 0 0 0 0 0 1 1 0 0 0 0 0 1 177 28 0 0 0 0 0 0 0 0 0 0 126 109 0 0 0 0 0 0 0 0 0 0 0 0 0 0 0 0 0 0 0 0 0 0 0 0 0 0 0 0 0 0 0 0 0 0 0 0 0 0 0 0 3 1 1 0 0 0 0 0 0 0 0 0 0 0 0 0 0 0 0 0 0 0 0 0 0 0 0 0 0 0 0 1 1 1 1 255 246 1 1 0 0 0 0 0 0 0 0 0 0 0 0 0 0 0 0 0 0 0 0 0 0 0 0 0 0 0 0 0 0 0 0 0 0 0 0 0 0 0 0 0 0 0 0 0 0 1 255 1 0 0 0 0 0 0 0 0 0 0 0 0 0 0 0 1 0 0 0 0 0 0 0 0 0 0 0 0 0 1 0 0
1 1 0 0 0 1 1 1 1 1 1 1 14 2 1 1 1 0 0 0 0 1 5 122 0 0 0 0 0 0 0 1 0 0 0 0 1 1 1 1 0 0 0 0 1 1 1 6 222 255 1 1 1 0 0 0 0 1 173 255 243 1 2 1 3 3 1 255 186 1 0 0 1 0 10 23 79 1 0 0 0 0 0 0 2 236 1 0 1 1 1 1 1 1 1 1 1 1 1 1 1 3 4 4 2 1 1 0 0 0 1 184 237 248 245 16 1 1 1 1 2 1 1 1 0 1 3 0 1 0 1 1 0 0 0 0 0 1 254 14 0 0 1 40 117 1 0 0 0 0 0 0 0 0 0 1 5 226 249 254 249 232 4 1 1 1 1 1 1 11 0 0 0 0 0 1 1 1 1 1 6 191 235 61 2 1 1 1 1 255 22 1 0 0 0 0 0 255 199 153 149 16 1 1 255 250 79 17 1 1 0 0 1 41 5 1 72 1 0 3 11 2 0 0 0 1 1 1 1 1 1 1 0 0 0 1 1 2 6 177 5 26 77 7 3 2 1 1 1 1 1 1 1 1 1 1 3 3 2 8 102 1 211 1 1 1 1 1 0 1 43 221 1 0 0 0 0 1 0 0 1 1 1 1 1 0 0 0 0 0 0 0 0 0 0 0 0 1 1 0 0 0 0 1 3 2 1 0 0 1 2 1 0 0 1 31 63 2 0 0 0 0 0 2 0 0 0 0 0 0 0 1 0 0 0 0 0 1 2 209 1 0 0 0 0 0 0 0 0 0 28 182 0 0 0 0 0 0 0 0 0 0 0 0 0 0 0 0 0 0 0 0 0 0 0 0 0 0 0 0 0 0 0 0 0 0 0 0 0 0 0 0 3 1 0 0 0 0 0 0 0 0 0 0 0 0 0 0 0 0 0 0 0 0 0 0 0 0 0 0 0 0 0 0 1 1 0 4 255 255 1 1 0 0 0 0 0 0 0 0 0 0 0 0 0 0 0 0 0 0 0 0 0 0 0 0 0 0 0 0 0 0 0 0 0 0 0 0 0 0 0 0 0 0 0 0 0 223 254 1 0 0 0 0 0 0 0 0 0 0 0 0 0 0 0 1 1 0 0 0 0 0 0 0 0 0 0 0 0 1 0 0
0 1 0 1 1 1 1 0 1 2 1 1 1 2 0 1 1 0 0 0 0 0 1 151 1 0 0 0 0 0 0 1 0 0 0 1 1 1 0 1 1 0 0 0 1 1 12 11 1 249 247 1 1 1 0 0 0 0 1 45 255 232 1 2 4 6 1 177 255 1 0 0 1 1 76 74 1 0 0 0 0 0 0 0 0 233 1 0 1 1 1 1 1 1 1 1 1 1 3 4 3 1 1 0 2 0 1 1 1 1 1 39 175 27 240 253 244 9 1 2 1 0 0 1 1 1 3 1 1 1 1 1 0 0 0 0 0 175 253 1 1 1 118 47 1 0 0 0 0 0 0 0 1 1 220 249 254 249 226 2 1 1 1 3 2 1 0 1 1 14 0 0 0 0 0 1 3 232 254 255 255 254 251 255 255 255 250 88 18 255 1 1 0 0 0 0 0 255 192 1 1 1 7 56 147 255 6 1 0 0 0 0 0 3 55 0 23 14 0 1 4 14 1 1 1 1 1 1 1 1 1 1 1 1 1 3 4 3 3 49 171 126 31 12 5 2 1 1 1 1 1 1 1 1 1 1 1 1 1 1 42 220 144 1 1 1 0 1 1 0 198 114 1 1 1 1 1 1 1 1 1 1 1 1 1 1 1 0 0 0 0 0 0 0 0 1 1 1 0 0 0 0 0 0 1 4 1 1 1 2 1 0 0 0 1 1 69 32 1 0 0 0 0 1 1 0 0 0 0 0 0 1 0 0 0 0 0 0 1 47 164 0 0 0 0 0 0 0 0 0 5 205 0 0 0 0 0 0 0 0 0 0 0 0 0 0 0 0 0 0 0 0 0 0 0 0 0 0 0 0 0 0 0 0 0 0 0 0 0 0 0 0 51 107 0 0 0 0 0 0 0 0 0 0 0 0 0 0 0 0 0 0 0 0 0 0 0 0 0 0 0 0 0 0 1 1 1 0 1 255 255 238 1 1 0 0 0 0 0 0 0 0 0 0 0 0 0 0 0 0 0 0 0 0 0 0 0 0 0 0 0 0 0 0 0 0 0 0 0 0 0 0 0 0 0 0 1 255 48 1 0 0 0 0 0 0 0 0 0 0 0 0 0 0 0 1 1 0 0 0 0 0 0 0 0 0 0 0 0 1 0 0
1 1 1 1 1 0 0 0 0 1 1 0 1 3 1 0 1 1 0 0 0 0 1 28 72 0 0 0 0 0 0 1 1 0 0 1 1 1 1 1 1 0 0 1 1 22 6 1 1 1 255 223 1 1 1 1 0 0 1 1 160 255 179 3 1 1 1 1 255 41 0 0 0 1 136 1 1 1 0 0 0 0 1 0 0 114 205 0 0 1 1 1 1 1 3 3 2 1 1 1 1 1 1 1 2 1 1 1 1 1 0 0 183 3 1 17 241 253 244 11 1 1 0 1 1 1 1 4 1 1 1 0 0 0 0 0 1 40 254 3 53 146 6 1 1 0 0 0 1 1 1 1 64 245 249 220 3 1 1 1 3 3 2 1 1 3 1 1 2 10 0 0 0 0 2 23 255 253 201 2 1 1 1 10 1 5 242 255 255 233 1 0 0 0 0 0 0 255 217 1 23 67 33 2 1 255 153 1 0 0 0 0 0 1 75 1 1 80 1 1 4 14 2 1 1 1 1 0 0 0 1 2 2 3 3 3 3 1 1 1 9 118 74 4 3 4 4 2 1 1 1 1 1 1 1 1 1 1 0 1 1 201 157 1 1 1 1 1 1 3 235 1 1 1 1 1 0 0 0 0 0 0 1 1 1 1 1 1 0 0 0 0 0 0 0 1 1 0 0 0 0 0 0 0 0 1 5 2 2 1 0 0 0 0 1 1 2 102 9 1 0 0 0 1 1 0 0 0 0 0 0 1 1 0 0 0 0 0 0 1 189 15 0 0 0 0 0 0 0 0 4 210 0 0 0 0 0 0 0 0 0 0 0 0 0 0 0 0 0 0 0 0 0 0 0 0 0 0 0 0 0 0 0 0 0 0 0 0 0 0 0 0 164 162 0 0 0 0 0 0 0 0 0 0 0 0 0 0 0 0 0 0 0 0 0 0 0 0 0 0 0 0 0 0 1 1 1 0 0 1 224 255 255 254 3 1 0 0 0 0 0 0 0 0 0 0 0 0 0 0 0 0 0 0 0 0 0 0 0 0 0 0 0 0 0 0 0 0 0 0 0 0 0 0 0 0 1 255 1 1 0 0 0 0 0 0 0 0 0 0 0 0 0 0 0 1 1 0 0 0 0 0 0 0 0 0 0 0 0 1 0 0
1 1 0 0 0 0 0 0 0 1 1 1 1 1 2 1 1 2 1 1 0 0 0 1 153 1 0 0 0 0 0 0 1 0 0 1 1 1 11 133 24 1 1 1 26 3 1 0 0 1 7 255 98 1 1 1 1 1 1 1 1 243 255 53 1 1 2 1 240 253 1 0 0 1 142 2 2 2 1 1 1 1 1 1 1 1 235 1 1 1 1 2 2 1 1 1 2 2 1 1 1 1 1 1 2 0 0 1 0 1 1 0 33 142 1 1 1 50 241 254 253 249 240 161 11 1 2 5 1 1 1 1 1 1 1 0 1 2 254 229 42 1 1 0 1 1 1 1 19 140 236 246 243 251 2 1 1 1 1 3 1 1 1 1 1 1 2 5 10 2 0 0 0 2 10 6 255 1 1 1 0 0 1 9 0 0 0 0 0 0 0 0 0 0 0 0 0 255 250 78 14 1 1 1 0 240 255 2 0 0 0 0 0 0 7 38 1 50 4 1 1 5 18 0 0 1 1 1 1 1 2 5 5 3 2 1 1 1 1 1 1 120 87 5 7 1 1 2 4 3 2 1 1 1 1 1 1 1 1 1 1 1 235 17 1 1 1 1 0 156 174 1 0 0 0 0 0 0 0 0 0 0 0 0 1 1 1 1 1 1 0 0 0 0 0 0 0 0 0 0 0 0 0 0 0 0 2 2 1 0 0 0 0 0 0 1 0 8 107 2 1 0 0 0 1 0 0 0 0 0 0 1 1 0 0 0 0 0 0 0 3 209 1 0 0 0 0 0 0 0 4 210 0 0 0 0 0 0 0 0 0 0 0 0 0 0 0 0 0 0 0 0 0 0 0 0 0 0 0 0 0 0 0 0 0 0 0 0 0 0 0 0 151 152 0 0 0 0 0 0 0 0 0 0 0 0 0 0 0 0 0 0 0 0 0 0 0 0 0 0 0 0 0 0 1 1 1 1 0 0 1 1 254 255 255 255 93 1 0 0 0 0 0 0 0 0 0 0 0 0 0 0 0 0 0 0 0 0 0 0 0 0 0 0 0 0 0 0 0 0 0 0 0 0 0 0 233 254 1 0 0 0 0 0 0 0 0 0 0 0 0 0 0 0 0 1 1 0 0 0 0 0 0 0 0 0 0 0 1 1 0 0
0 0 0 0 0 0 1 1 3 4 3 2 2 2 6 4 4 2 4 1 0 0 0 1 80 23 0 0 0 0 0 0 1 0 1 1 1 154 187 90 197 19 2 29 1 0 0 0 0 0 1 98 255 6 1 1 1 0 0 1 1 1 255 255 10 1 1 2 1 255 69 1 1 2 124 1 0 0 1 1 2 5 16 14 14 13 191 156 1 1 1 1 2 1 1 1 1 1 1 1 1 1 1 1 1 0 0 1 0 0 1 1 2 200 19 20 17 41 3 10 102 228 245 253 253 253 253 250 249 248 245 241 204 63 4 2 19 99 253 250 49 19 10 5 4 21 176 250 255 255 254 249 245 254 209 1 1 1 1 2 1 1 1 0 1 1 0 2 6 1 0 0 1 14 1 1 255 1 0 1 1 1 2 6 0 0 0 0 0 0 0 0 0 0 0 0 0 252 255 1 1 1 1 0 0 1 255 20 1 0 0 0 0 0 1 80 1 1 71 1 1 5 24 1 1 1 1 1 3 3 3 4 3 1 1 1 1 1 1 1 1 41 97 50 4 1 1 1 1 1 2 3 3 2 1 1 1 1 0 1 1 1 228 73 1 1 1 0 1 232 10 0 0 0 0 0 0 0 0 0 0 0 0 0 0 0 1 1 1 1 1 1 0 0 0 0 0 0 0 0 0 0 0 0 0 0 1 2 2 1 0 0 0 0 0 1 1 1 27 74 2 1 0 0 1 1 0 0 0 0 0 1 1 0 0 0 0 0 0 0 0 100 130 1 0 0 0 0 0 0 4 208 0 0 0 0 0 0 0 0 0 0 0 0 0 0 0 0 0 0 0 0 0 0 0 0 0 0 0 0 0 0 0 0 0 0 0 0 0 0 0 1 151 152 0 0 0 0 0 0 0 0 0 0 0 0 0 0 0 0 0 0 0 0 0 0 0 0 0 0 0 0 0 0 0 1 1 1 0 0 1 1 249 2 53 255 255 255 131 1 0 0 0 0 0 0 0 0 0 0 0 0 0 0 0 0 0 0 0 0 0 0 0 0 0 0 0 0 0 0 0 0 0 0 0 1 255 20 1 0 0 0 0 0 0 0 0 0 0 0 0 0 0 0 0 1 1 0 0 0 0 0 0 0 0 0 0 0 1 1 0 0
0 0 0 0 0 1 2 2 1 1 1 1 0 0 1 1 0 1 1 4 1 0 0 1 1 152 1 0 0 0 0 0 1 1 1 63 203 45 1 1 2 208 27 1 0 0 0 0 0 0 1 1 224 255 1 0 1 1 0 0 1 1 1 255 255 4 1 1 2 182 255 85 1 136 4 1 1 2 2 3 2 1 5 1 0 0 1 220 77 1 1 1 1 1 1 1 1 2 1 1 1 1 1 1 1 0 0 1 0 1 1 1 1 167 1 0 1 2 22 8 1 1 1 1 6 40 137 225 214 234 241 245 250 253 254 254 253 253 253 255 255 255 254 254 254 255 255 246 65 1 3 239 246 245 232 235 151 1 4 1 0 1 1 1 1 0 1 3 1 1 1 0 4 5 0 1 255 3 0 0 0 0 7 1 0 0 0 0 0 0 0 0 0 0 0 0 0 222 255 3 1 1 0 0 0 0 255 255 1 0 0 0 0 0 0 23 15 1 67 2 0 2 15 23 1 2 3 3 3 3 1 1 1 1 1 1 1 1 1 2 2 2 117 87 2 3 1 1 1 1 1 1 1 2 2 2 1 1 1 1 1 1 21 234 4 0 1 0 113 201 1 0 0 0 0 0 0 0 0 0 0 0 0 0 0 0 0 0 1 1 1 1 1 0 0 0 0 0 0 0 0 0 0 0 0 0 0 1 1 1 0 0 0 0 0 0 1 0 1 80 24 1 0 0 1 1 0 0 0 0 0 0 1 0 0 0 0 0 0 0 0 1 199 8 0 0 0 0 0 0 4 207 0 0 0 0 0 0 0 0 0 0 0 0 0 0 0 0 0 0 0 0 0 0 0 0 0 0 0 0 0 0 0 0 0 0 0 0 0 0 0 4 134 153 0 0 0 0 0 0 0 0 0 0 0 0 0 0 0 0 0 0 0 0 0 0 0 0 0 0 0 0 0 0 0 1 1 1 1 0 1 206 215 24 1 1 1 252 255 255 242 1 0 0 0 0 0 0 0 0 0 0 0 0 0 0 0 0 0 0 0 0 0 0 0 0 0 0 0 0 0 0 0 0 0 2 255 1 1 0 0 0 0 0 0 0 0 0 0 0 0 0 0 0 0 1 1 0 0 0 0 0 0 0 0 0 0 0 1 1 0 0
0 0 0 0 0 1 4 1 0 1 0 1 1 0 1 1 0 0 0 1 4 1 1 0 1 124 4 0 0 1 1 1 1 77 203 140 1 1 1 1 2 102 41 0 0 0 0 0 0 0 1 0 1 245 252 1 0 1 0 0 0 1 1 1 255 255 5 1 2 1 178 255 133 153 1 1 1 1 1 1 0 0 1 2 0 0 0 1 229 23 0 1 1 1 1 1 0 1 2 1 1 1 1 1 2 0 0 1 1 1 1 1 0 94 25 0 1 1 18 12 1 1 1 1 1 1 2 45 1 1 3 5 5 5 1 1 13 174 253 255 195 186 209 209 183 24 1 1 1 1 10 147 2 1 138 236 230 233 77 1 1 1 1 1 1 1 3 1 1 1 0 1 15 1 0 1 243 250 0 0 0 0 9 0 0 0 0 0 0 0 0 0 0 0 0 0 0 43 255 17 1 0 0 0 0 0 2 255 10 0 0 0 0 0 0 2 69 1 9 31 0 3 47 38 33 3 3 2 1 0 0 1 1 1 1 1 2 2 2 1 0 1 69 70 32 4 1 1 1 1 1 1 1 1 1 2 2 2 2 1 1 1 1 232 47 1 1 0 203 106 0 0 0 0 0 0 0 0 0 0 0 0 0 0 0 0 0 0 0 0 1 1 1 1 1 0 0 0 0 0 0 0 0 0 0 0 0 1 1 0 0 0 0 0 0 0 0 1 1 1 117 7 1 0 1 1 0 0 0 0 0 0 1 1 0 0 0 0 0 0 0 0 7 200 1 0 0 0 0 0 5 207 0 0 0 0 0 0 0 0 0 0 0 0 0 0 0 0 0 0 0 0 0 0 0 0 0 0 0 0 0 0 0 0 0 0 0 0 0 0 0 49 46 151 0 0 0 0 0 0 0 0 0 0 0 0 0 0 0 0 0 0 0 0 0 0 0 0 0 0 0 0 0 0 0 0 1 1 1 0 181 115 2 202 1 0 0 0 1 158 255 255 255 1 1 0 0 0 0 0 0 0 0 0 0 0 0 0 0 0 0 0 0 0 0 0 0 0 0 0 0 0 0 0 0 242 254 1 0 0 0 0 0 0 0 0 0 1 0 0 0 0 0 0 0 0 1 0 0 0 0 0 0 0 0 0 0 0 1 0 0 0
1 1 1 1 1 2 2 1 0 0 0 0 1 0 0 1 1 0 0 0 1 3 3 1 1 3 144 1 1 2 102 203 203 129 1 1 0 0 1 1 14 1 143 1 0 0 0 0 0 0 1 1 0 1 252 248 1 1 0 0 0 0 1 1 2 255 255 4 1 2 1 152 255 158 1 0 1 1 1 0 0 0 0 3 1 0 0 0 1 230 10 1 1 1 1 1 0 1 2 0 1 1 1 1 3 0 0 1 0 0 1 1 0 1 159 1 1 1 7 29 1 1 0 0 1 1 8 74 6 1 1 1 1 4 1 1 146 241 176 252 5 16 55 3 1 1 0 1 1 1 149 24 1 1 1 1 210 240 233 227 6 1 1 0 0 1 3 1 1 1 1 9 2 0 0 0 2 255 0 0 0 0 9 0 0 0 0 0 0 0 0 0 0 0 0 0 0 3 255 55 0 0 0 0 0 0 1 255 241 1 0 0 0 0 0 1 53 3 1 80 9 86 25 3 85 2 1 0 1 0 0 1 1 2 3 2 1 1 1 1 1 1 4 119 81 2 2 1 1 1 0 1 1 1 1 1 1 1 2 2 1 1 1 142 210 1 1 21 229 1 0 0 0 0 0 0 0 0 0 0 0 0 0 0 0 0 0 0 0 0 0 1 1 1 1 1 0 0 0 0 0 0 0 0 0 0 0 1 1 0 0 0 0 0 0 0 0 1 1 1 4 123 3 1 1 1 0 0 0 0 0 0 1 1 0 0 0 0 0 0 0 0 0 121 109 0 0 0 0 0 5 206 0 0 0 0 0 0 0 0 0 0 0 0 0 0 0 0 0 0 0 0 0 0 0 0 0 0 0 0 0 0 0 0 0 0 0 0 0 0 0 111 119 79 0 0 0 0 0 0 0 0 0 0 0 0 0 0 0 0 0 0 0 0 0 0 0 0 0 0 0 0 0 0 0 0 1 1 1 42 202 19 5 197 0 0 0 0 0 1 1 16 255 255 255 3 1 0 0 0 0 0 0 0 0 0 0 0 0 0 0 0 0 0 0 0 0 0 0 0 0 0 0 0 1 255 25 1 0 0 0 0 0 0 0 0 0 1 0 1 0 0 0 0 0 0 1 1 0 0 0 0 0 0 0 0 0 0 1 0 0 0
2 3 3 3 3 2 1 1 0 0 0 0 1 0 0 1 1 0 0 1 1 1 1 5 5 3 163 136 202 202 106 1 1 1 1 0 0 0 1 1 13 1 6 112 1 0 0 0 0 0 0 1 1 1 2 251 253 42 1 0 0 0 0 1 1 2 255 255 5 3 1 1 255 229 1 0 1 1 1 1 0 0 0 1 2 1 0 0 0 3 233 8 0 1 1 1 1 0 2 1 1 1 1 1 3 0 0 1 0 0 0 1 1 1 164 1 1 1 1 32 9 1 4 12 15 10 3 4 30 1 1 1 1 4 1 195 223 2 1 239 229 0 1 32 41 1 0 0 1 10 168 6 4 1 0 1 4 8 230 233 235 206 1 0 1 7 1 1 5 1 4 4 0 0 0 0 1 255 1 0 0 0 10 0 0 0 0 0 0 0 0 0 0 0 0 0 0 1 255 80 0 0 0 0 0 0 0 124 255 4 0 0 0 0 0 1 3 78 95 186 152 139 104 119 70 1 1 1 1 1 1 2 2 2 2 1 1 1 1 2 1 1 9 154 124 13 3 1 0 1 0 0 1 1 0 1 1 1 1 1 1 2 1 1 236 23 1 162 171 1 0 0 0 0 0 0 0 0 0 0 0 0 0 0 0 0 0 0 0 0 0 0 0 1 1 1 1 1 0 0 0 0 0 0 0 0 1 0 0 0 0 0 0 0 0 0 0 0 1 1 1 15 93 2 1 0 0 0 0 0 0 0 0 1 0 0 0 0 0 0 0 0 0 1 205 4 0 0 0 0 5 205 0 0 0 0 0 0 0 0 0 0 0 0 0 0 0 0 0 0 0 0 0 0 0 0 0 0 0 0 0 0 0 0 0 0 0 0 0 0 0 3 73 1 0 0 0 0 0 0 0 0 0 0 0 0 0 0 0 0 0 0 0 0 0 0 0 0 0 0 0 0 0 0 0 0 1 7 148 108 64 202 228 11 0 0 0 0 0 0 0 1 1 2 255 255 255 51 1 0 0 0 0 0 0 0 0 0 0 0 0 0 0 0 0 0 0 0 0 0 0 0 0 0 16 255 1 0 0 0 0 0 0 0 0 0 1 1 0 1 0 0 0 0 0 0 1 0 0 0 0 0 0 0 0 0 0 0 1 0 0 0
1 1 0 0 1 1 0 1 1 1 0 1 1 1 0 0 1 1 1 1 1 1 1 1 1 0 5 158 1 1 0 0 0 0 0 0 0 1 1 1 13 1 1 106 9 0 0 0 0 0 0 0 1 1 1 157 250 255 244 1 0 0 0 0 0 1 2 255 255 38 1 1 229 255 1 0 1 1 1 1 1 0 0 0 1 2 0 0 0 0 4 234 38 1 1 1 1 0 1 2 0 1 1 1 3 0 0 1 1 1 1 1 1 0 159 1 1 1 2 33 41 16 5 1 1 0 0 1 49 1 1 1 3 2 224 198 1 1 1 6 250 1 1 1 2 49 21 1 1 171 8 1 1 4 2 1 4 1 1 65 236 230 236 141 2 5 1 3 1 4 9 0 0 0 0 0 1 251 238 0 0 1 9 1 0 0 0 0 0 0 0 0 0 0 0 0 0 1 255 84 0 0 0 0 0 0 0 1 255 121 1 0 0 0 1 2 53 206 148 148 139 2 1 26 78 1 0 1 1 2 2 1 0 1 1 1 1 1 1 1 9 38 66 126 154 110 2 1 0 1 0 0 0 0 1 1 1 1 0 1 1 1 2 1 215 130 3 218 54 0 0 0 0 0 0 0 0 0 0 0 0 0 0 0 0 0 0 0 0 0 0 0 0 0 0 1 1 1 1 1 0 0 0 0 0 0 1 0 0 0 0 0 0 0 0 0 0 0 0 1 1 1 58 39 1 0 0 0 0 0 0 0 0 1 1 0 0 0 0 0 0 0 0 0 7 200 1 0 0 0 6 205 0 0 0 0 0 0 0 0 0 0 0 0 0 0 0 0 0 0 0 0 0 0 0 0 0 0 0 0 0 0 0 0 0 0 0 0 0 0 0 0 0 0 0 0 0 0 0 0 0 0 0 0 0 0 0 0 0 0 0 0 0 0 0 0 0 0 0 0 0 0 0 0 1 2 125 139 57 23 1 1 228 9 0 0 0 0 0 0 0 0 0 0 1 1 252 255 255 221 1 0 0 0 0 0 0 0 0 0 0 0 0 0 0 0 0 0 0 0 0 0 0 0 247 253 1 0 0 0 0 0 0 0 0 0 1 1 0 1 0 0 0 0 0 1 1 0 0 0 0 0 0 0 0 0 0 0 1 0 0 0
1 0 0 0 0 1 1 0 1 1 1 1 0 1 0 0 1 1 0 0 0 0 0 0 0 0 1 106 1 0 0 0 0 0 0 0 0 1 1 1 13 1 1 1 146 1 0 0 0 0 1 1 1 1 2 240 175 1 247 253 8 1 0 0 0 0 1 1 253 255 2 1 3 255 2 1 1 1 0 1 1 0 0 0 0 1 2 0 0 0 0 1 230 91 2 1 1 0 0 2 1 1 1 1 4 0 0 1 1 1 0 1 1 0 66 78 8 8 7 30 27 1 0 0 0 0 0 1 53 2 1 3 3 235 153 1 1 1 0 1 251 1 0 1 1 1 7 56 21 177 1 1 1 0 2 16 1 1 0 1 1 165 237 230 237 51 2 1 1 5 1 0 0 0 0 0 1 228 254 1 1 1 3 3 0 0 0 0 0 0 0 0 0 0 0 0 0 1 255 85 0 0 0 0 0 0 0 0 248 255 1 0 1 10 79 133 137 131 95 1 18 3 0 3 70 10 1 2 2 1 0 0 1 1 1 2 1 2 16 56 60 35 9 7 119 157 18 2 1 1 0 0 1 1 1 1 0 0 0 1 1 1 1 1 5 248 240 218 127 0 0 0 0 0 0 0 0 0 0 0 0 0 0 0 0 0 0 0 0 0 0 0 0 0 0 0 1 1 1 1 1 1 0 0 0 0 0 0 0 0 0 0 0 0 0 0 0 0 0 0 0 1 1 108 12 1 0 0 0 0 0 0 0 1 1 0 0 0 0 0 0 0 0 0 0 137 90 1 0 0 9 201 0 0 0 0 0 0 0 0 0 0 0 0 0 0 0 0 0 0 0 0 0 0 0 0 0 0 0 0 0 0 0 0 0 0 0 0 0 0 0 0 0 0 0 0 0 0 0 0 0 0 0 0 0 0 0 0 0 0 0 0 0 0 0 0 0 0 0 0 0 0 0 1 67 148 63 48 2 0 0 1 207 60 0 0 0 0 0 0 0 0 0 0 0 0 1 1 193 255 255 254 1 1 0 0 0 0 0 0 0 0 0 0 0 0 0 0 0 0 0 0 0 1 255 143 1 0 0 0 0 0 0 0 0 0 0 1 1 1 0 0 0 0 0 1 0 0 0 0 0 0 1 1 1 0 0 0 1 0 0 0
1 1 0 0 0 0 1 1 1 0 0 1 1 1 0 0 1 1 0 0 0 0 1 1 1 1 1 28 24 0 0 0 0 0 0 0 1 1 1 0 4 4 1 1 27 66 1 1 1 1 1 1 1 1 34 245 2 1 1 160 255 156 1 0 0 0 0 1 1 255 255 2 223 255 2 1 1 0 0 1 1 1 0 0 0 0 2 1 0 0 0 0 1 231 51 1 1 1 0 1 2 1 1 1 3 0 0 1 1 1 0 1 1 1 11 123 1 0 1 2 43 1 0 0 0 0 0 1 17 14 2 11 239 75 1 1 1 0 0 0 250 52 0 0 0 0 0 1 203 124 2 1 0 1 2 3 3 3 1 1 0 1 1 225 243 236 231 3 5 1 0 0 1 1 53 255 255 255 29 0 0 0 1 8 0 0 0 0 0 0 0 0 0 0 0 0 0 1 255 85 0 0 0 0 0 0 0 0 1 255 20 29 102 135 136 62 3 1 41 1 1 23 1 1 32 46 2 1 0 0 1 1 1 1 1 5 25 66 55 23 4 1 1 1 42 166 91 3 1 1 1 1 1 0 0 0 0 0 0 1 1 1 1 2 215 242 1 30 237 0 0 0 0 0 0 0 0 0 0 0 0 0 0 0 0 0 0 0 0 0 0 0 0 0 0 0 0 0 1 1 1 1 1 0 0 0 0 0 0 0 0 0 0 0 0 0 0 0 0 0 0 0 1 2 126 3 1 0 0 0 0 0 0 1 1 0 0 0 0 0 0 0 0 0 0 1 208 2 0 0 14 195 0 0 0 0 0 0 0 0 0 0 0 0 0 0 0 0 0 0 0 0 0 0 0 0 0 0 0 0 0 0 0 0 0 0 0 0 0 0 0 0 0 0 0 0 0 0 0 0 0 0 0 0 0 0 0 0 0 0 0 0 0 0 0 0 0 0 0 0 0 1 32 150 97 57 7 1 0 0 0 0 196 95 0 0 0 0 0 0 0 0 0 0 0 0 0 0 1 1 27 255 255 255 2 1 0 0 0 0 0 0 0 0 0 0 0 0 0 0 0 0 0 59 255 1 0 0 0 0 0 0 0 0 0 0 0 0 1 1 0 0 0 1 1 0 0 0 0 0 0 0 0 0 1 1 1 0 1 0 0 0
1 1 0 0 0 0 1 1 1 1 1 1 0 0 0 0 1 1 0 0 0 1 1 1 1 1 1 1 109 1 0 0 0 0 1 0 1 1 1 1 1 12 1 1 1 125 3 1 1 3 61 173 216 213 245 160 1 1 1 1 23 253 176 1 0 0 0 1 1 2 255 255 255 153 60 1 1 0 0 0 1 1 0 0 0 0 1 3 0 0 1 1 1 1 238 2 0 1 1 0 2 1 1 4 1 0 0 1 1 1 0 0 1 1 1 147 1 0 1 1 20 10 0 0 0 0 0 1 3 45 22 240 13 1 1 0 1 1 1 1 157 246 0 0 0 0 1 2 177 2 62 35 1 1 4 1 1 1 4 2 1 0 1 55 19 237 236 237 204 1 0 0 1 170 255 146 1 0 11 1 0 0 1 10 0 0 0 0 0 0 0 0 0 0 0 0 0 1 255 85 0 0 0 0 0 0 0 1 34 255 248 132 114 29 1 0 0 1 18 6 1 19 2 0 8 69 2 0 1 1 1 1 1 8 34 69 57 14 2 1 1 1 1 7 41 190 142 11 1 0 1 1 0 0 0 0 0 0 1 1 1 1 1 0 229 237 1 113 222 0 0 0 0 0 0 0 0 0 0 0 0 0 0 0 0 0 0 0 0 0 0 0 0 0 0 0 0 0 0 0 1 1 1 1 1 0 0 0 0 0 0 0 0 0 0 0 0 0 0 0 0 0 0 1 9 110 1 0 0 0 0 0 0 0 1 1 0 0 0 0 0 0 0 0 0 0 9 198 1 0 18 191 1 0 0 0 0 0 0 0 0 0 0 0 0 0 0 0 0 0 0 0 0 0 0 0 0 0 0 0 0 0 0 0 0 0 0 0 0 0 0 0 0 0 0 0 0 0 0 0 0 0 1 28 64 2 1 1 1 1 1 1 1 1 1 1 1 11 8 22 141 150 119 57 15 1 1 0 0 0 0 0 189 113 0 0 0 0 0 0 0 0 0 0 0 0 0 0 0 0 1 1 2 255 255 255 149 1 1 0 0 0 0 0 0 0 0 0 0 0 0 0 0 250 252 1 0 0 0 0 0 0 0 0 0 0 0 0 1 1 1 1 1 1 0 0 0 0 0 0 0 0 0 0 0 1 1 1 1 0 0 0
0 1 0 0 0 0 0 1 1 1 1 1 0 0 0 0 0 1 0 0 0 1 1 0 0 1 1 1 95 2 1 1 1 1 1 1 1 1 1 2 3 5 17 5 7 13 187 223 233 233 222 173 100 116 243 232 4 1 1 2 2 9 253 114 1 0 0 1 1 157 255 255 26 1 141 1 1 1 0 0 0 1 1 0 0 1 1 3 1 1 1 1 0 0 49 234 1 1 0 0 2 1 1 4 0 0 1 1 0 1 1 1 1 1 1 107 7 1 1 1 12 17 1 0 0 0 1 1 174 170 242 13 1 1 1 1 1 1 1 0 1 251 1 0 0 0 1 144 20 1 1 6 72 17 2 1 1 1 1 2 5 1 24 7 1 1 128 240 237 237 116 1 1 255 9 0 0 0 4 2 0 0 1 8 0 0 0 0 0 0 0 0 0 0 0 0 0 1 255 85 0 0 0 0 0 1 231 255 255 255 255 66 1 0 0 0 0 0 2 33 1 3 14 1 1 47 21 1 1 1 2 14 48 54 34 9 2 1 0 1 1 19 31 9 1 155 168 90 1 1 0 0 0 0 0 0 1 0 0 0 1 1 0 0 66 252 230 225 110 0 0 0 0 0 0 0 0 0 0 0 0 0 0 0 0 0 0 0 0 0 0 0 0 0 0 0 0 0 0 0 0 1 1 1 1 1 1 0 0 0 0 0 0 0 0 0 0 0 0 0 0 0 0 0 1 37 62 1 0 0 0 0 0 0 1 1 0 0 0 0 0 0 0 0 0 0 0 62 175 1 6 204 1 1 0 0 0 0 0 0 0 0 0 0 0 0 0 0 0 0 0 0 0 0 0 0 0 0 0 0 0 0 0 0 0 0 0 0 0 0 0 0 0 1 10 57 53 39 31 22 13 8 87 90 33 144 148 148 148 148 149 150 150 152 150 150 149 112 120 114 57 61 24 1 1 1 0 0 0 0 0 0 140 171 0 0 0 0 0 0 0 0 0 0 0 0 0 0 0 0 0 0 0 1 1 249 255 255 255 255 224 9 1 1 1 1 1 1 1 1 2 6 26 255 213 91 111 103 55 7 2 1 1 1 1 1 1 2 5 255 255 255 153 3 1 1 1 1 1 1 1 1 1 1 1 8 255 255 255 239 7 1
0 1 1 0 0 0 0 1 1 0 0 1 0 0 0 0 0 1 0 0 0 1 1 1 1 1 1 1 3 75 1 1 1 1 1 1 1 1 2 1 0 0 4 2 1 3 143 69 2 1 1 1 1 1 2 226 245 224 8 5 159 125 148 253 24 1 1 1 253 255 249 255 221 1 49 73 1 1 1 0 0 1 1 1 0 1 0 1 2 1 1 0 0 0 1 241 7 0 0 0 2 1 1 4 0 0 1 1 0 0 1 1 0 0 1 2 131 1 1 1 8 16 2 1 2 94 239 243 235 125 236 7 1 1 1 0 0 1 1 1 1 251 1 0 0 0 2 181 1 0 1 0 1 19 33 1 1 1 0 0 1 9 37 1 1 1 0 5 212 243 237 237 241 255 0 0 0 0 1 10 0 0 3 4 1 0 0 0 0 0 0 0 0 0 0 0 0 1 255 86 0 1 1 2 252 255 255 248 238 13 255 216 1 0 0 0 0 0 0 33 2 1 22 2 0 13 64 1 4 21 52 52 21 4 1 1 1 1 3 30 27 3 1 0 1 60 188 180 1 1 0 0 0 0 0 1 1 0 0 1 1 1 1 5 161 250 255 250 134 0 0 0 0 0 0 0 0 0 0 0 0 0 0 0 0 0 0 0 0 0 0 0 0 0 0 0 0 0 0 0 0 0 0 1 1 1 1 1 0 0 0 0 0 0 0 0 0 0 0 0 0 0 0 0 0 1 98 15 1 0 0 0 0 0 1 1 0 0 0 0 0 0 0 0 0 0 0 0 42 209 12 212 2 1 1 0 0 0 0 0 0 0 0 0 0 0 0 0 0 0 0 0 0 0 0 0 0 0 0 0 0 0 0 0 0 0 0 0 0 0 0 0 6 207 202 164 167 177 184 190 198 203 150 76 59 58 57 57 56 57 58 58 58 58 59 59 61 53 57 36 3 1 1 1 1 0 0 0 0 0 0 0 101 193 0 0 0 0 0 0 0 0 0 0 0 0 0 0 0 0 0 0 0 0 0 0 1 1 198 255 255 255 255 255 255 255 255 255 255 255 255 255 255 255 255 255 255 255 255 255 255 255 255 255 255 255 255 255 255 255 13 213 255 255 255 255 255 255 255 255 255 255 255 255 255 255 255 3 236 255 255 255
1 1 1 0 0 0 0 0 1 1 1 1 1 1 1 0 0 1 1 0 0 1 1 1 1 1 0 1 1 109 6 22 24 1 1 1 0 1 1 1 0 0 1 7 17 146 4 1 1 0 1 1 1 1 1 127 8 209 244 244 233 241 37 221 253 3 2 255 255 24 1 249 255 1 1 33 145 17 1 1 0 0 1 1 1 0 1 1 3 1 0 0 0 0 1 45 238 1 0 0 2 2 1 3 0 0 0 1 1 1 1 2 1 1 1 1 148 1 1 1 11 88 242 246 246 236 63 2 34 221 160 5 14 3 1 1 1 1 1 1 1 243 212 1 1 1 139 33 1 1 1 0 0 0 1 29 20 1 0 0 1 20 6 2 1 0 1 7 0 2 231 237 142 255 1 0 0 0 0 9 2 1 8 1 1 0 0 0 0 0 0 0 0 0 0 0 0 1 255 88 0 100 255 255 255 244 216 1 0 0 157 255 7 0 0 1 1 0 0 3 24 0 8 7 1 2 38 68 54 46 14 2 1 1 1 1 10 31 17 1 0 0 3 20 27 13 94 185 28 1 0 0 0 0 1 1 1 1 1 1 1 1 47 225 252 109 240 253 237 1 0 0 0 0 0 0 0 0 0 0 0 0 0 0 0 0 0 0 0 0 0 0 0 0 0 0 0 0 0 0 0 0 0 0 0 1 1 1 1 1 0 0 0 0 0 0 0 0 0 0 0 0 0 0 0 0 1 129 4 0 0 0 0 0 0 1 0 0 0 0 0 0 0 0 0 0 0 0 0 3 196 127 202 1 1 1 0 0 0 0 0 0 0 0 0 0 0 0 0 0 0 0 0 0 0 0 0 0 0 0 0 0 0 0 0 0 0 0 0 0 0 1 205 8 1 1 1 1 0 0 0 0 0 1 2 1 1 1 1 1 0 0 0 0 0 0 1 2 1 0 0 0 0 1 1 1 1 0 0 0 0 0 23 223 1 0 0 0 0 0 0 0 0 0 0 0 0 0 0 0 0 0 0 0 0 0 0 0 0 0 1 1 1 1 1 1 1 1 1 1 0 0 255 255 1 0 1 1 1 1 1 1 1 1 1 1 1 1 6 252 255 255 197 1 1 1 1 1 1 1 1 1 1 1 2 5 254 255 255 142 2 3
14 0 1 1 0 0 0 1 1 1 31 113 113 70 10 2 2 1 2 1 1 1 1 1 1 3 87 131 125 113 17 1 1 1 1 1 0 0 0 1 1 0 1 51 110 1 1 1 1 1 1 0 0 0 1 150 1 2 1 4 1 6 241 15 241 253 255 255 1 1 1 1 255 245 1 1 1 134 2 1 0 0 1 1 1 1 1 0 1 3 1 1 0 0 0 1 242 1 0 1 24 43 37 49 28 20 36 35 29 47 28 50 37 23 30 18 153 40 233 245 246 245 161 3 48 32 1 1 1 1 100 1 1 9 13 1 1 1 1 1 1 15 250 4 2 2 174 16 1 1 1 1 0 0 0 0 3 37 7 1 6 16 0 1 1 1 5 1 0 0 1 228 243 248 255 232 0 0 0 1 6 10 6 1 0 0 0 0 0 0 0 0 0 0 0 0 0 0 255 248 255 255 251 242 129 1 0 0 0 0 1 255 88 1 1 1 1 1 0 1 42 1 1 27 1 0 6 14 7 1 0 0 1 1 20 28 6 1 1 1 7 27 20 3 1 2 9 171 162 1 1 0 0 1 1 1 1 1 1 5 66 235 254 250 10 1 1 250 253 166 0 0 0 0 0 0 0 0 0 0 0 0 0 0 0 0 0 0 0 0 0 0 0 0 0 0 0 0 0 0 0 0 0 0 0 0 1 1 1 1 1 1 0 0 0 0 0 0 0 0 0 0 0 0 0 0 1 6 120 1 0 0 0 0 0 1 1 0 0 0 0 0 0 0 0 0 0 0 0 0 1 180 113 185 1 1 1 0 0 0 0 0 0 0 0 0 0 0 0 0 0 0 0 0 0 0 0 0 0 0 0 0 0 0 0 0 0 0 0 0 0 2 216 1 1 0 0 0 0 0 0 0 1 1 1 0 0 0 0 0 0 0 0 0 0 0 0 1 1 0 0 0 0 0 0 0 0 0 0 0 0 0 2 235 1 0 0 0 0 0 0 0 0 0 0 0 0 0 0 0 0 0 0 0 0 0 0 0 0 0 0 0 0 0 0 0 1 1 1 1 1 1 255 119 0 0 0 0 0 0 0 0 0 0 0 0 0 0 0 0 0 0 0 0 0 0 0 0 0 0 0 0 0 0 0 0 0 0 2 1 0 0
26 5 1 1 0 1 1 1 19 105 25 1 1 9 72 111 117 123 136 122 58 17 62 128 130 106 7 1 1 1 15 0 1 1 1 0 0 0 0 1 1 1 18 112 1 1 0 0 0 0 0 0 0 1 1 151 1 2 2 1 1 1 34 244 242 255 255 1 1 1 1 1 21 255 238 1 1 2 134 1 1 0 0 1 0 1 0 0 0 1 4 1 0 0 0 1 226 154 1 76 38 13 16 10 15 23 10 13 11 7 16 10 12 23 18 172 246 243 175 4 1 3 54 1 1 91 11 1 1 1 103 1 1 1 1 16 8 1 1 0 2 68 251 37 39 79 104 6 19 1 2 1 1 0 0 0 1 1 22 173 67 2 0 0 0 1 5 0 0 0 1 55 2 155 242 255 255 1 0 0 0 1 0 0 0 0 0 0 0 0 0 0 0 0 0 0 1 246 255 255 246 236 9 0 0 0 0 0 0 0 0 248 255 2 0 1 1 1 0 0 8 13 0 13 4 1 1 1 1 1 1 5 27 23 2 1 1 1 15 31 8 1 1 1 0 1 3 129 197 5 1 0 0 1 1 1 1 19 124 250 254 250 16 1 1 0 0 107 247 254 32 0 0 0 0 0 0 0 0 0 0 0 0 0 0 0 0 0 0 0 0 0 0 0 0 0 0 0 0 0 0 0 0 0 0 0 0 0 1 1 1 1 1 0 0 0 0 0 0 0 0 0 0 0 0 0 0 1 27 80 1 0 0 0 0 1 1 0 0 0 0 0 0 0 0 0 0 0 0 0 0 1 217 52 214 129 1 1 0 0 0 0 0 0 0 0 0 0 0 0 0 0 0 0 0 0 0 0 0 0 0 0 0 0 0 0 0 0 0 0 0 7 206 0 0 0 0 0 0 0 0 1 1 1 0 0 0 0 0 0 0 0 0 0 0 0 0 0 0 0 0 0 0 0 0 0 0 0 0 0 0 0 1 237 1 0 0 0 0 0 0 0 0 0 0 0 0 0 0 0 0 0 0 0 0 0 0 0 0 0 0 0 0 0 0 0 1 1 0 0 1 73 255 1 1 1 1 1 0 0 0 0 0 0 0 0 0 0 0 0 0 0 0 0 0 0 0 0 0 0 0 0 0 0 0 0 0 1 2 0 0 0
1 59 1 1 1 1 12 102 35 1 1 0 0 0 0 0 0 1 1 3 19 63 18 1 1 0 0 0 1 1 16 1 1 1 0 0 0 0 0 1 1 2 165 2 1 1 0 0 0 0 0 0 1 1 17 113 1 2 1 1 1 4 16 180 253 254 255 250 1 1 1 1 1 98 255 234 1 1 21 82 1 1 0 1 0 0 0 0 0 0 1 4 2 0 0 1 3 242 65 14 1 0 1 1 1 1 0 1 1 0 0 0 0 1 1 243 2 1 1 1 1 1 74 1 1 1 127 1 0 0 47 9 0 1 1 1 5 25 5 3 65 2 250 9 0 1 24 58 23 3 1 2 1 1 1 34 177 186 175 52 130 98 1 1 1 4 1 0 0 1 25 6 1 0 1 232 251 255 65 0 0 0 0 0 0 0 0 0 0 0 0 0 0 0 0 2 255 255 255 238 1 0 0 0 0 0 0 0 0 0 0 1 255 39 0 1 1 1 0 0 1 36 1 2 20 1 1 1 1 13 27 10 1 0 0 3 22 30 7 1 1 0 0 1 1 1 1 40 169 139 1 1 1 1 2 44 194 252 254 233 2 1 1 0 0 0 0 1 247 231 252 0 0 0 0 0 0 0 0 0 0 0 0 0 0 0 0 0 0 0 0 0 0 0 0 0 0 0 0 0 0 0 0 0 0 0 0 0 0 0 1 1 1 1 1 0 0 0 0 0 0 0 0 0 0 0 0 0 1 88 23 0 0 0 0 1 1 0 0 0 0 0 0 0 0 0 0 0 0 0 0 0 35 178 1 105 207 163 14 0 0 0 0 0 0 0 0 0 0 0 0 0 0 0 0 0 0 0 0 0 0 0 0 0 0 0 0 0 0 0 0 8 204 0 0 0 0 0 0 0 0 0 1 0 0 0 0 0 0 0 0 0 0 0 0 0 0 0 0 0 0 0 0 0 0 0 0 0 0 0 0 0 1 237 1 0 0 0 0 0 0 0 0 0 0 0 0 0 0 0 0 0 0 0 0 0 0 0 0 0 0 0 0 0 0 0 1 0 0 0 1 255 253 0 0 0 0 1 1 0 0 0 0 0 0 0 0 0 0 0 0 0 0 0 0 0 0 0 0 0 0 0 0 0 0 1 1 2 1 0 0 0
1 1 72 1 3 94 53 1 1 1 1 1 1 0 0 0 0 0 0 1 1 0 0 0 1 1 1 1 1 9 2 1 1 1 0 0 0 0 0 0 1 86 8 23 1 1 0 0 0 0 0 1 25 134 74 2 1 2 2 7 4 40 89 1 77 255 2 255 249 1 1 1 0 1 152 255 234 1 1 82 28 1 1 1 1 0 0 0 0 0 0 0 5 1 1 1 1 243 10 3 0 0 0 1 1 1 0 0 0 0 0 0 0 1 177 216 1 1 1 1 2 90 8 0 1 1 114 2 1 1 1 91 1 2 2 1 1 1 8 97 1 0 202 243 0 0 1 43 111 1 2 6 151 184 181 118 2 1 1 1 1 8 128 43 2 3 0 0 0 3 20 1 2 0 0 0 153 244 255 230 0 0 0 0 0 0 0 0 0 0 0 0 0 0 33 255 246 228 255 89 0 0 0 0 0 0 0 0 0 0 0 0 255 245 1 0 1 1 1 1 1 21 4 1 20 2 2 21 22 4 1 1 1 8 29 17 2 1 2 2 0 1 1 1 1 1 1 1 167 189 1 1 5 76 240 254 252 126 1 1 0 0 0 0 0 1 1 1 224 157 255 1 0 0 0 0 0 0 0 0 0 0 0 0 0 0 0 0 0 0 0 0 0 0 0 0 0 0 0 0 0 0 0 0 0 0 0 0 0 0 0 1 1 1 1 1 1 0 0 0 0 0 0 0 0 0 0 0 0 1 121 6 0 0 0 0 1 1 0 0 0 0 0 0 0 0 0 0 0 0 0 0 0 110 128 1 18 94 199 10 1 0 0 0 0 0 0 0 0 0 0 0 0 0 0 0 0 0 0 0 0 0 0 0 0 0 0 0 0 0 0 11 203 0 0 0 0 0 0 0 0 0 0 0 0 0 0 0 0 0 0 0 0 0 0 0 0 0 0 0 0 0 0 0 0 0 0 0 0 0 0 0 1 237 1 0 0 0 0 0 0 0 0 0 0 0 0 0 0 0 0 0 0 0 0 0 0 0 0 0 0 0 0 0 0 0 1 0 0 0 1 255 4 0 0 0 0 0 0 0 0 0 0 0 0 0 0 0 0 0 0 0 0 0 0 0 0 0 0 0 0 0 0 1 1 1 1 0 0 0 0 0
3 1 4 97 95 1 1 1 1 1 1 0 1 1 1 1 1 1 1 1 1 0 1 1 1 1 1 1 5 4 1 1 1 0 0 0 0 0 0 1 34 35 1 2 25 1 0 0 0 0 1 18 117 1 1 4 5 2 7 5 81 20 1 0 30 255 2 2 255 249 1 1 1 1 1 140 255 234 1 48 241 226 1 0 1 0 0 0 0 0 0 0 1 6 1 1 1 101 235 2 0 0 1 1 1 1 0 0 0 0 0 0 1 1 243 1 1 1 1 0 6 42 0 0 0 1 5 99 1 2 2 116 1 1 1 1 0 1 3 20 2 3 1 250 1 1 2 5 207 147 168 153 12 1 1 1 0 0 0 0 0 1 1 32 134 8 1 1 1 29 1 1 1 0 0 0 0 23 241 255 251 1 0 0 0 0 0 0 0 0 0 0 0 218 255 239 170 1 255 177 0 0 0 0 0 0 0 0 0 0 0 0 14 255 20 1 1 1 1 0 1 2 30 1 5 31 17 1 1 1 1 8 34 9 1 0 0 0 2 2 1 1 1 1 1 1 1 1 84 174 143 133 250 254 247 7 1 1 0 0 0 0 1 1 1 1 0 1 198 253 255 118 0 0 0 0 0 0 0 0 0 0 0 0 0 0 0 0 0 0 0 0 0 0 0 0 0 0 0 0 0 0 0 0 0 0 0 0 0 0 0 0 0 1 1 1 1 1 0 0 0 0 0 0 0 0 0 0 0 1 6 118 1 0 0 0 1 1 0 0 0 0 0 0 0 0 0 0 0 0 0 0 0 1 131 110 0 1 84 147 118 1 0 0 0 0 0 0 0 0 0 0 0 0 0 0 0 0 0 0 0 0 0 0 0 0 0 0 0 0 0 37 180 0 0 0 0 0 0 0 0 0 0 0 0 0 0 0 0 0 0 0 0 0 0 0 0 0 0 0 0 0 0 0 0 0 0 0 0 0 0 0 5 232 1 0 0 0 0 0 0 0 0 0 0 0 0 0 0 0 0 0 0 0 0 0 0 0 0 0 0 0 0 0 0 0 1 0 0 0 83 255 1 1 0 0 0 0 0 0 0 0 0 0 0 0 0 0 0 0 0 0 0 0 0 0 0 0 0 0 0 0 1 1 0 1 0 0 0 0 0 0
217 74 5 38 1 1 1 1 1 0 1 0 0 0 0 0 0 0 0 1 1 1 1 0 0 1 1 2 7 1 1 1 0 0 0 0 0 1 1 28 49 1 1 1 16 5 0 0 0 4 14 1 87 3 5 1 0 1 3 160 16 1 1 2 29 255 1 1 2 255 246 1 1 0 0 1 138 255 250 225 30 214 232 1 1 1 0 0 0 0 0 0 0 3 2 0 0 1 242 10 0 0 1 0 0 1 0 0 0 0 0 0 1 177 211 1 1 1 1 1 1 76 1 1 8 33 40 154 2 1 1 88 1 1 1 1 1 1 28 2 0 1 27 241 237 56 72 62 231 19 1 1 0 0 0 0 0 0 0 1 1 1 2 1 1 60 84 2 8 6 1 2 1 0 0 0 0 0 2 238 255 255 204 1 1 0 0 0 0 0 0 18 255 255 242 131 1 1 255 246 1 0 0 0 0 0 0 0 0 0 0 0 1 255 183 1 1 0 0 1 1 4 47 1 1 1 1 1 1 16 46 19 2 0 0 0 0 0 1 2 1 0 1 1 1 1 1 1 61 247 255 253 226 2 1 0 0 0 0 0 1 1 1 0 1 5 244 254 251 255 241 255 0 0 0 0 0 0 0 0 0 0 0 0 0 0 0 0 0 0 0 0 0 0 0 0 0 0 0 0 0 0 0 0 0 0 0 0 0 0 0 0 0 0 0 1 1 1 1 1 0 0 0 0 0 0 0 0 0 0 1 32 72 1 0 0 1 1 0 0 0 0 0 0 0 0 0 0 0 0 0 0 0 0 1 135 107 0 1 79 190 101 1 0 0 0 0 0 0 0 0 0 0 0 0 0 0 0 0 0 0 0 0 0 0 0 0 0 0 0 1 165 65 0 0 0 0 0 0 0 0 0 0 0 0 0 0 0 0 0 0 0 0 0 0 0 0 0 0 0 0 0 0 0 0 0 0 0 0 0 0 0 82 204 0 0 0 0 0 0 0 0 0 0 0 0 0 0 0 0 0 0 0 0 0 0 0 0 0 0 0 0 0 0 0 0 1 1 0 0 255 248 1 1 0 0 0 0 0 0 0 0 0 0 0 0 0 0 0 0 0 0 0 0 0 0 0 0 0 0 0 0 1 0 0 1 0 0 0 0 0 0
139 208 189 1 1 1 1 0 0 0 1 0 0 0 0 0 0 1 1 1 2 1 1 1 0 1 1 13 1 1 1 0 1 1 1 1 1 1 55 49 1 0 1 6 1 3 3 1 5 6 1 7 110 21 1 1 1 4 141 2 8 5 3 1 18 255 1 2 1 5 255 245 1 0 0 0 1 159 255 43 1 1 214 232 1 1 0 0 0 0 0 0 0 1 7 1 1 6 72 239 1 1 0 0 0 1 0 0 0 0 1 1 2 242 1 0 1 1 1 1 19 96 58 50 20 3 8 183 1 1 1 10 40 1 0 0 1 1 35 7 8 15 100 231 244 4 1 1 215 6 1 1 1 0 0 0 0 0 0 1 1 2 1 0 0 0 2 98 64 1 0 1 3 1 0 0 0 0 0 1 209 246 255 255 255 255 106 38 233 255 255 255 248 239 13 0 1 1 255 255 1 0 0 0 0 0 0 0 0 0 0 0 0 229 255 8 0 0 1 8 33 19 2 1 1 2 2 33 42 7 1 0 3 1 0 0 0 0 0 2 2 0 0 1 1 7 92 252 255 255 254 146 1 0 0 0 0 0 1 1 1 0 1 88 251 254 241 15 1 226 255 255 1 1 0 0 0 0 0 0 0 0 0 0 0 0 0 0 0 0 0 0 0 0 0 0 0 0 0 0 0 0 0 0 0 0 0 0 0 0 0 0 0 0 1 1 1 1 1 1 1 1 0 0 0 0 0 0 0 0 0 1 79 25 1 0 0 1 0 0 0 0 0 0 0 1 1 1 1 1 0 0 0 0 0 1 136 110 0 1 1 138 195 2 0 0 0 0 0 0 0 0 0 0 0 0 0 0 0 0 0 0 0 0 0 0 1 1 1 1 2 214 2 0 0 0 0 0 0 0 0 0 0 0 0 0 0 0 0 0 0 0 0 0 0 0 0 0 0 0 0 0 0 0 0 0 0 0 0 0 0 0 162 154 0 0 0 0 0 0 0 0 0 0 0 0 0 0 0 0 0 0 0 0 0 0 0 0 0 0 0 0 0 0 0 0 0 1 0 1 255 2 0 1 0 0 0 0 0 0 0 0 0 0 0 0 0 0 0 0 0 0 0 0 0 0 0 0 0 0 0 0 1 0 1 1 0 0 0 0 0 0
170 6 226 1 1 1 0 0 0 0 1 1 0 1 1 1 1 1 2 1 1 1 1 1 1 1 16 1 1 1 1 1 84 105 104 108 111 105 14 2 1 1 6 1 0 0 5 14 9 24 28 10 2 55 1 1 11 130 1 1 1 12 3 2 2 255 4 2 3 1 4 255 216 0 1 1 0 1 243 255 2 1 1 204 239 1 0 0 0 0 0 0 0 0 2 8 7 1 1 239 38 1 1 1 1 1 1 1 0 1 1 6 240 64 0 0 1 0 1 7 33 1 0 1 1 1 1 161 21 1 0 1 94 0 1 1 14 48 103 20 4 3 2 126 248 1 1 1 218 1 2 2 1 1 1 0 0 0 1 1 2 1 0 0 0 0 0 1 5 28 3 1 1 2 2 1 0 0 0 0 0 1 229 242 119 239 255 255 255 251 245 239 95 1 0 0 1 0 231 255 1 0 0 0 0 0 0 0 0 0 0 0 0 1 255 67 0 2 30 28 1 1 1 1 5 42 39 2 1 0 0 0 1 2 0 0 0 0 0 1 2 1 1 19 181 255 255 254 18 2 240 244 1 1 0 0 0 1 1 0 1 215 253 253 202 1 0 0 0 1 255 255 26 1 1 1 0 0 0 0 0 0 0 0 0 0 0 0 0 0 0 0 0 0 0 0 0 0 0 0 0 0 0 0 0 0 0 0 0 0 0 0 0 0 0 0 0 1 1 1 1 1 1 1 0 0 0 0 0 0 0 0 6 92 6 0 0 1 1 0 0 0 0 1 1 4 3 1 1 1 1 1 1 1 1 1 1 134 112 0 0 1 17 216 195 166 162 154 148 140 131 116 107 96 87 72 47 33 25 21 15 9 6 4 2 2 1 1 2 109 214 12 0 0 0 0 0 0 0 0 0 0 0 0 0 0 0 0 0 0 0 0 0 0 0 0 0 0 0 0 0 0 0 0 0 0 0 0 0 0 0 0 202 86 0 0 0 0 0 0 0 0 0 0 0 0 0 0 0 0 0 0 0 0 0 0 0 0 0 0 0 0 0 0 0 0 0 1 1 1 255 1 0 1 0 0 0 0 0 0 0 0 0 0 0 0 0 0 0 0 0 0 0 0 0 0 0 0 0 0 0 0 1 0 1 1 0 0 0 0 0 0
38 165 232 2 1 1 0 0 0 0 0 1 1 1 1 0 0 1 1 0 0 0 1 1 1 10 3 1 1 1 4 113 7 1 1 1 1 1 1 1 3 5 1 0 0 1 4 27 32 2 1 1 1 68 1 28 109 1 1 1 0 1 6 2 1 255 175 1 1 1 1 81 255 1 1 1 1 1 1 255 255 1 1 1 150 243 2 0 0 0 0 0 0 0 0 1 0 0 0 11 242 1 1 1 0 1 1 1 1 1 140 240 15 1 0 1 1 1 7 61 1 1 1 1 1 0 1 63 130 1 1 1 134 54 60 69 24 5 1 5 1 1 2 1 251 1 1 68 167 1 0 1 2 1 1 1 1 1 1 2 1 0 0 0 0 0 1 1 0 1 13 24 1 0 1 3 2 0 0 0 0 0 0 4 237 238 233 233 202 18 1 0 0 0 0 0 1 0 61 255 3 0 0 0 0 0 0 0 0 0 0 0 0 0 252 253 11 4 1 46 1 1 14 47 24 1 0 0 0 0 0 0 0 3 0 0 0 0 0 1 3 51 241 255 255 240 2 1 1 0 121 251 12 1 1 1 1 1 6 244 254 250 108 1 0 0 0 0 0 1 255 252 251 0 1 1 0 0 0 0 0 0 0 0 0 0 0 0 0 0 0 0 0 0 0 0 0 0 0 0 0 0 0 0 0 0 0 0 0 0 0 0 0 0 0 0 0 0 1 1 1 1 1 1 1 1 0 0 0 0 0 0 0 14 94 1 0 1 1 0 1 0 0 1 30 37 23 21 21 19 19 19 22 23 21 17 15 9 132 127 1 0 0 1 19 56 72 83 93 101 113 128 135 145 151 163 175 185 189 194 199 204 209 214 217 217 219 222 219 134 2 0 0 0 0 0 0 0 0 0 0 0 0 0 0 0 0 0 0 0 0 0 0 0 0 0 0 0 0 0 0 0 0 0 0 0 0 0 0 0 0 1 235 2 0 0 0 0 0 0 0 0 0 0 0 0 0 0 0 0 0 0 0 0 0 0 0 0 0 0 0 0 0 0 0 0 0 0 1 1 255 1 0 1 0 0 0 0 0 0 0 0 0 0 0 0 0 0 0 0 0 0 0 0 0 0 0 0 0 0 0 1 1 0 1 1 1 0 0 0 0 0
16 2 216 206 1 1 0 0 0 1 1 1 1 1 1 1 0 1 1 0 0 0 0 1 1 15 1 1 1 28 92 1 2 1 0 0 0 0 1 3 5 2 1 0 1 5 4 31 6 1 0 1 1 41 81 71 1 1 1 0 0 1 1 7 19 245 255 1 1 1 2 2 254 255 1 0 1 1 1 2 255 250 1 1 1 65 246 10 1 0 0 0 0 0 0 1 0 0 0 1 240 36 0 0 1 1 1 1 1 180 225 1 1 1 1 1 1 16 18 7 1 1 1 1 1 0 1 19 174 12 17 29 90 56 2 1 0 0 1 2 3 2 1 0 251 4 30 196 2 1 1 1 1 2 2 2 2 2 2 1 1 0 0 0 0 0 1 0 0 0 0 1 25 13 1 0 1 2 1 0 0 0 0 0 0 0 0 0 0 0 0 0 0 0 0 1 1 0 4 255 23 0 0 0 0 0 0 0 0 0 0 0 1 1 4 255 38 0 0 34 39 42 8 1 0 0 0 0 0 0 0 0 0 3 1 0 0 1 5 90 253 255 255 90 1 1 0 0 1 0 1 241 243 1 1 1 85 251 254 241 14 1 0 0 0 0 0 0 0 0 242 255 255 0 1 1 0 0 0 0 0 0 0 0 0 0 0 0 0 0 0 0 0 0 0 0 0 0 0 0 0 0 0 0 0 0 0 0 0 0 0 0 0 0 0 0 0 0 0 0 1 1 1 1 1 1 1 1 0 0 0 0 0 2 22 78 1 1 1 1 1 1 1 1 1 5 11 19 6 2 11 22 19 19 21 16 5 3 14 117 144 1 0 0 1 1 1 1 1 0 0 0 0 0 0 0 0 0 0 0 0 0 0 1 1 1 1 1 1 1 0 0 0 0 0 0 0 0 0 0 0 0 0 0 0 0 0 0 0 0 0 0 0 0 0 0 0 0 0 0 0 0 0 0 0 0 0 0 0 0 0 110 190 1 0 0 0 0 0 0 0 0 0 0 0 0 0 0 0 0 0 0 0 0 0 0 0 0 0 0 0 0 0 0 0 0 0 0 0 1 255 3 0 1 0 0 1 1 1 1 1 0 0 0 0 0 0 0 0 0 0 0 0 0 0 0 0 0 0 0 0 1 1 0 1 0 1 1 0 0 0 0
2 1 26 237 15 1 1 1 1 1 1 0 0 0 0 1 0 1 1 0 0 0 0 1 17 1 1 1 53 35 1 1 2 1 0 0 1 4 5 1 1 2 1 1 5 4 31 1 1 5 1 1 1 85 155 1 1 1 1 1 1 1 1 1 6 4 255 1 1 3 1 0 1 255 16 0 1 1 0 1 15 255 174 1 1 1 12 246 159 1 0 0 0 0 0 1 1 0 0 0 17 240 1 1 1 1 1 1 180 219 1 1 1 1 1 1 27 8 1 4 2 1 1 1 1 1 1 2 186 10 4 1 8 83 0 0 0 0 0 1 2 23 4 2 232 248 185 2 1 1 1 1 1 0 1 1 1 1 1 1 1 1 0 0 0 1 1 0 0 0 0 0 0 3 29 4 1 1 2 0 0 0 0 0 0 0 0 0 0 0 0 0 0 0 0 1 0 0 1 255 59 0 0 0 0 0 0 0 0 0 1 2 2 1 1 255 234 1 0 1 2 0 0 0 0 0 0 0 0 0 0 0 0 1 2 1 16 192 255 255 252 3 1 0 0 0 0 0 1 1 0 201 250 9 210 253 253 204 2 1 0 0 0 0 0 0 0 0 0 0 1 255 255 3 1 0 0 0 0 0 0 0 0 0 0 0 0 0 0 0 0 0 0 0 0 0 0 0 0 0 0 0 0 0 0 0 0 0 0 0 0 0 0 0 0 0 0 0 0 0 0 1 1 1 1 1 1 1 1 1 0 0 0 0 7 20 54 1 1 1 1 1 1 1 1 1 1 1 8 18 5 1 2 4 2 2 11 5 2 12 92 162 1 0 0 0 0 0 0 0 0 0 0 0 0 0 0 0 0 0 0 0 0 0 0 0 0 0 0 0 0 0 0 0 0 0 0 0 0 0 0 0 0 0 0 0 0 0 0 0 0 0 0 0 0 0 0 0 0 0 0 0 0 0 0 0 0 0 0 0 1 214 51 0 0 0 0 0 0 0 0 0 0 0 0 0 0 0 0 0 0 0 0 0 0 0 0 0 0 0 0 0 0 0 0 0 0 0 0 0 255 230 0 1 1 3 2 2 2 1 1 1 1 0 0 0 0 0 0 0 0 0 0 0 0 0 0 0 0 0 0 1 0 0 1 0 0 1 0 0 0 0
0 0 1 175 226 2 1 1 1 1 1 0 0 0 0 1 1 1 1 0 0 0 1 4 6 1 1 10 67 1 0 0 2 4 2 3 3 1 1 0 0 1 2 8 4 31 1 0 0 1 5 1 39 27 118 1 1 1 1 1 1 1 4 6 3 1 255 12 0 3 1 0 0 243 255 1 1 1 0 0 1 219 255 5 1 1 1 1 240 246 29 1 0 0 0 0 1 0 0 0 1 243 12 1 1 1 2 225 214 1 1 1 0 0 1 33 3 1 1 1 6 1 1 1 1 1 1 1 102 58 0 0 1 121 1 1 1 1 0 1 5 1 3 6 19 254 1 1 1 1 1 1 1 1 1 1 1 1 1 1 1 1 0 0 1 1 0 0 0 0 0 0 0 0 1 10 24 3 1 0 0 0 0 0 0 0 0 0 0 0 0 0 0 0 0 1 0 0 1 255 70 0 0 0 0 0 0 1 1 2 1 1 0 0 0 77 255 16 0 0 0 0 0 0 0 0 0 0 0 0 0 0 1 2 71 245 255 255 232 1 0 0 0 0 0 0 0 0 0 1 1 1 232 254 251 114 1 1 0 0 0 0 0 0 0 0 0 0 0 0 0 255 255 246 1 0 0 0 0 0 0 0 0 0 0 0 0 0 0 0 0 0 0 0 0 0 0 0 0 0 0 0 0 0 0 0 0 0 0 0 0 0 0 0 0 0 0 0 0 0 0 0 0 1 1 1 1 1 1 1 1 1 0 1 7 4 12 101 5 1 1 11 9 12 19 12 6 1 1 1 1 1 33 15 13 16 26 74 21 8 1 65 175 1 0 0 0 0 0 0 0 0 0 0 0 0 0 0 0 0 0 0 0 0 0 0 0 0 0 0 0 0 0 0 0 0 0 0 0 0 0 0 0 0 0 0 0 0 0 0 0 0 0 0 0 0 0 0 0 0 0 0 0 0 0 0 0 0 0 1 44 215 1 0 0 0 0 0 0 0 0 0 0 0 0 0 0 0 0 0 0 0 0 0 0 0 0 0 0 0 0 0 0 0 0 0 0 0 0 0 197 255 1 3 2 1 0 0 1 1 0 0 0 0 0 0 0 0 0 0 0 0 0 0 0 0 0 0 0 0 0 1 0 0 1 0 0 0 1 0 0 0
1 0 0 1 240 38 1 1 0 0 1 0 0 0 1 1 1 0 1 1 0 0 1 17 1 1 1 110 1 1 0 1 3 1 1 1 0 0 1 1 1 1 6 28 80 2 0 0 0 0 1 73 11 1 122 1 0 1 2 1 3 3 1 1 1 1 254 247 1 3 0 0 0 1 255 186 1 1 1 0 0 1 253 255 1 1 0 1 1 7 246 194 1 0 0 0 1 0 0 0 0 59 237 1 2 204 243 140 1 1 1 0 1 1 34 2 0 1 0 1 9 1 1 1 1 1 0 1 43 105 1 1 1 110 1 0 1 1 1 2 3 0 1 1 1 255 1 1 1 1 0 1 1 1 1 0 0 0 0 1 1 1 0 1 1 0 0 0 0 0 0 0 0 0 0 0 1 16 5 1 0 0 0 0 0 0 0 0 0 0 0 0 0 0 1 1 0 0 1 255 71 0 0 0 0 1 2 2 1 0 0 0 0 0 0 1 255 128 1 0 0 0 0 0 0 0 0 0 0 0 1 7 107 254 255 255 49 1 0 0 0 0 0 0 0 0 1 1 1 1 1 1 1 1 0 0 0 0 0 0 0 0 0 0 0 0 0 0 0 0 0 244 255 255 1 0 0 0 0 0 0 0 0 0 0 0 0 0 0 0 0 0 0 0 0 0 0 0 0 0 0 0 0 0 0 0 0 0 0 0 0 0 0 0 0 0 0 0 0 0 0 0 0 0 1 1 1 1 1 1 1 1 1 1 7 1 2 1 81 89 2 5 7 9 10 11 9 6 10 12 11 2 1 9 16 4 1 18 7 3 9 3 41 189 1 0 0 0 0 0 0 0 0 0 0 0 0 0 0 0 0 0 0 0 0 0 0 0 0 0 0 0 0 0 0 0 0 0 0 0 0 0 0 0 0 0 0 0 0 0 0 0 0 0 0 0 0 0 0 0 0 0 0 0 0 0 0 0 0 1 215 46 0 0 0 0 0 0 0 0 0 0 0 0 0 0 0 0 0 0 0 0 0 0 0 0 0 0 0 0 0 0 0 0 0 0 0 0 18 225 230 255 23 1 1 1 1 1 1 1 0 0 0 0 0 0 0 0 0 0 0 0 0 0 0 0 0 0 0 0 0 1 0 1 1 0 1 1 1 0 0 0
1 1 1 18 221 238 1 1 1 0 0 0 0 1 1 1 0 0 1 1 0 0 15 1 1 1 10 38 1 1 1 2 1 0 1 1 0 0 0 1 1 5 10 23 4 19 1 1 1 1 52 5 1 1 97 5 1 1 2 0 1 2 1 0 0 1 128 255 2 2 1 1 0 1 140 255 1 1 1 0 0 0 4 255 254 1 1 0 1 1 1 236 237 1 1 1 1 1 0 1 1 1 246 243 243 190 2 1 1 1 1 1 2 41 3 0 0 1 1 1 6 1 1 0 0 0 0 0 5 164 1 1 0 29 28 1 1 1 1 7 0 0 0 1 1 254 114 1 1 0 0 1 1 1 0 0 0 0 0 1 1 1 1 1 0 0 0 0 0 0 0 0 0 0 0 0 0 1 3 13 3 0 0 0 0 0 0 0 0 0 0 0 0 0 1 0 0 0 1 255 72 0 1 1 2 2 1 0 0 0 0 0 0 0 0 0 243 255 3 0 0 0 0 0 0 0 0 0 1 22 212 255 255 250 2 17 0 0 0 0 0 0 0 0 1 1 1 1 1 0 0 1 0 0 0 0 0 0 0 0 0 0 0 0 0 0 0 0 0 0 0 1 255 255 1 1 0 0 0 0 0 0 0 0 0 0 0 0 0 0 0 0 0 0 0 0 0 0 0 0 0 0 0 0 0 0 0 0 0 0 0 0 0 0 0 0 0 0 0 0 0 0 0 0 0 1 1 1 0 1 1 1 1 1 3 7 7 1 0 4 101 54 2 10 8 8 9 11 14 9 7 22 29 23 3 7 18 6 7 14 6 25 1 23 199 2 0 0 0 0 0 0 0 0 0 0 0 0 0 0 0 0 0 0 0 0 0 0 0 0 0 0 0 0 0 0 0 0 0 0 0 0 0 0 0 0 0 0 0 0 0 0 0 0 0 0 0 0 0 0 0 0 0 0 0 0 0 0 0 129 182 1 0 0 0 0 0 0 0 0 0 0 0 0 0 0 0 0 0 0 0 0 0 0 0 0 0 0 0 0 0 0 0 0 0 0 0 5 231 4 1 251 253 1 1 0 0 1 1 1 0 0 0 0 0 0 0 0 0 0 0 0 0 0 0 0 0 0 0 0 0 1 0 1 0 1 1 1 0 0 0 0
1 12 126 57 2 242 118 1 1 0 0 0 0 1 1 1 1 0 1 1 0 0 8 4 1 1 85 1 0 0 1 3 1 0 0 1 1 1 1 1 6 10 21 1 1 1 21 3 1 61 3 1 0 0 5 96 1 1 2 1 1 3 1 0 0 1 3 255 2 1 1 1 5 207 227 255 247 1 1 1 0 0 1 8 255 237 1 1 0 1 1 1 217 237 2 1 1 1 1 2 219 254 251 156 87 51 30 4 2 6 43 64 60 2 0 0 1 1 1 1 2 2 1 0 0 0 0 0 1 165 5 1 1 1 113 1 1 0 3 2 1 1 1 1 1 176 252 1 1 0 0 1 1 1 1 0 0 0 0 0 1 1 1 0 0 0 0 0 0 0 0 0 0 0 0 0 0 0 0 1 6 12 1 0 0 0 0 0 0 0 0 0 0 0 1 0 0 0 1 255 73 1 1 1 0 0 0 0 0 0 0 0 0 0 0 0 1 255 50 1 0 0 0 0 0 0 2 47 248 255 255 220 1 1 0 18 1 0 0 0 0 0 1 1 1 1 0 0 0 0 0 0 1 0 0 0 0 0 0 0 0 0 0 0 0 0 0 0 0 0 0 1 255 255 216 1 0 0 0 0 0 0 0 0 0 0 0 0 0 0 0 0 0 0 0 0 0 0 0 0 0 0 0 0 0 0 0 0 0 0 0 0 0 0 0 0 0 0 0 0 0 0 0 0 0 1 1 1 1 0 1 1 1 1 1 1 2 10 2 1 1 11 107 23 5 10 9 11 39 31 24 1 11 14 27 1 1 5 17 16 13 19 2 0 13 204 3 0 0 0 0 0 0 0 0 0 0 0 0 0 0 0 0 0 0 0 0 0 0 0 0 0 0 0 0 0 0 0 0 0 0 0 0 0 0 0 0 0 0 0 0 0 0 0 0 0 0 0 0 0 0 0 0 0 0 0 0 0 23 215 6 0 0 0 0 0 0 0 0 0 0 0 0 0 0 0 0 0 0 0 0 0 0 0 0 0 0 0 0 0 0 0 0 0 1 1 120 253 32 0 1 51 255 46 1 0 0 1 1 1 0 0 0 0 0 0 0 0 0 0 0 0 0 0 0 0 0 0 0 0 0 1 0 0 1 1 1 0 0 0 0 0
133 75 1 1 0 97 244 1 1 1 1 1 1 1 0 0 1 1 1 1 0 1 1 7 9 13 28 1 0 0 1 2 0 0 0 1 1 1 1 6 11 28 1 1 1 0 1 22 128 2 1 1 0 0 1 129 1 0 1 1 0 3 0 0 0 1 1 255 1 3 195 230 222 24 1 5 255 1 1 1 0 0 0 2 91 255 34 1 0 0 1 1 1 209 247 247 243 16 3 254 247 17 1 52 1 1 5 32 50 27 2 1 1 5 1 1 1 1 1 1 1 5 1 0 0 0 0 0 1 66 91 1 1 1 117 1 0 1 6 1 1 1 0 0 0 2 255 1 1 1 1 1 1 1 1 0 0 0 1 1 1 0 0 0 0 0 0 0 0 0 0 0 0 0 0 0 0 0 0 0 0 1 11 6 1 0 0 0 0 0 0 0 0 1 1 0 0 0 1 255 82 1 0 0 0 0 0 0 0 0 0 0 0 0 0 0 0 255 250 1 1 1 0 1 9 129 255 255 255 29 1 1 1 0 0 6 5 0 0 0 0 1 1 0 0 0 0 0 0 0 0 0 1 1 0 0 0 0 0 0 0 0 0 0 0 0 0 0 0 0 0 0 248 255 253 1 0 0 0 0 0 0 0 0 0 0 0 0 1 1 1 1 1 1 1 1 1 1 1 1 1 0 0 0 0 0 0 0 0 0 0 0 0 0 0 0 0 0 0 0 0 0 0 0 0 0 1 1 1 0 0 0 1 1 1 1 1 1 11 1 1 0 1 35 93 3 7 15 33 25 15 13 45 38 4 1 1 1 1 1 3 2 1 0 2 5 204 6 0 0 0 0 0 0 0 0 0 0 0 0 0 0 0 0 0 0 0 0 0 0 0 0 0 0 0 0 0 0 0 0 0 0 0 0 0 0 0 0 0 0 0 0 0 0 0 0 0 0 0 0 0 0 0 0 0 0 0 8 210 30 0 0 0 0 0 0 0 0 0 0 0 0 0 0 0 0 0 0 0 0 0 0 0 0 0 0 0 0 0 0 0 1 12 223 253 254 250 42 205 223 223 181 92 255 1 0 0 1 1 1 0 0 0 0 0 0 0 0 0 0 0 0 0 0 0 0 0 0 0 0 0 1 1 0 1 1 1 0 0 0 0 0
1 0 0 0 0 1 238 184 1 1 1 0 0 0 0 0 0 1 1 0 0 1 1 1 3 119 1 0 0 0 2 1 1 0 0 0 0 1 6 10 22 1 1 1 1 1 4 57 5 33 1 1 1 0 1 126 1 0 1 1 1 2 1 0 0 1 1 255 230 224 61 1 1 1 0 1 254 254 1 1 1 0 0 1 6 243 255 1 1 0 0 1 0 1 1 1 121 247 228 254 1 1 1 25 3 1 1 1 1 0 0 0 1 5 1 1 1 1 1 0 1 6 1 0 0 0 0 0 1 24 134 1 0 0 91 2 1 4 1 0 0 0 0 0 0 1 255 2 1 0 1 1 0 0 1 1 0 1 1 1 0 0 0 0 0 0 0 0 0 0 0 0 0 0 0 0 0 0 0 0 0 0 0 2 14 3 0 0 0 0 0 0 0 1 0 0 0 1 1 255 63 0 0 0 0 0 0 0 0 0 0 0 0 0 0 0 0 4 255 32 1 1 28 220 255 255 250 2 1 0 0 0 0 0 0 1 19 1 0 0 0 1 1 0 0 0 0 0 0 0 0 0 0 1 0 0 0 0 0 0 0 0 0 0 0 0 0 0 0 1 1 1 16 255 255 1 0 0 0 0 0 0 0 0 0 1 1 1 1 1 1 1 0 0 0 0 0 0 0 0 1 1 1 1 1 1 1 1 1 0 0 0 0 0 0 0 0 0 0 0 0 0 0 0 0 0 0 1 1 1 0 0 0 0 1 1 1 1 1 9 1 0 0 1 3 92 8 9 31 11 12 18 2 7 10 1 1 0 1 1 1 1 1 1 2 0 3 202 12 0 0 0 0 0 0 0 0 0 0 0 0 0 0 0 0 0 0 0 0 0 0 0 0 0 0 0 0 0 0 0 0 0 0 0 0 0 0 0 0 0 0 0 0 0 0 0 0 0 0 0 0 0 0 0 0 0 11 198 63 0 0 0 0 0 0 0 0 0 0 0 0 0 0 0 0 0 0 0 0 0 0 0 0 0 0 1 1 1 5 147 250 254 253 231 7 1 0 0 0 1 1 1 0 255 86 0 0 0 1 0 0 0 0 0 0 0 0 0 0 0 0 0 0 0 0 0 0 0 0 0 0 1 1 0 1 1 0 0 0 0 0 0
0 0 0 0 0 0 18 246 3 1 0 0 0 0 0 1 1 1 1 0 1 1 1 1 25 32 1 0 0 1 2 1 1 1 0 0 1 6 15 25 1 0 1 1 1 7 46 1 1 1 30 6 1 1 1 57 19 1 1 2 1 1 3 0 0 1 1 255 144 1 1 1 1 1 0 0 1 255 4 1 0 0 0 0 1 6 255 255 1 1 0 1 1 0 0 1 1 1 247 254 3 1 0 1 35 1 1 0 0 0 0 1 1 1 3 1 1 1 0 0 1 5 1 1 0 0 0 0 0 2 181 1 0 0 4 81 1 5 1 1 1 1 1 0 0 1 248 240 1 0 0 1 1 0 1 1 1 1 0 0 0 0 0 0 0 0 0 0 0 0 0 0 0 0 0 0 0 0 0 0 0 0 0 0 1 5 13 2 0 0 0 0 0 1 0 0 1 1 0 255 66 0 0 0 0 0 0 0 0 0 0 0 0 0 0 0 0 1 255 245 156 250 255 255 201 1 1 0 0 0 0 0 0 0 0 0 13 1 0 0 0 1 1 0 0 0 0 0 0 0 0 0 0 1 1 0 0 0 0 0 0 0 0 0 0 0 1 1 1 2 2 1 1 255 255 122 0 0 0 0 0 0 0 1 1 1 1 0 0 0 0 0 0 0 0 0 0 0 0 0 0 1 1 1 1 0 0 0 1 1 1 0 0 0 0 0 0 0 0 0 0 0 0 0 0 0 0 1 1 1 0 0 0 0 0 0 1 1 1 10 1 1 0 0 0 1 81 5 25 15 5 10 20 21 3 1 1 0 0 1 1 1 1 1 2 0 0 2 197 25 1 0 0 0 0 0 0 0 0 0 0 0 0 0 0 0 0 0 0 0 0 0 0 0 0 0 0 0 0 0 0 0 0 0 0 0 0 0 0 0 0 0 0 0 0 0 0 0 0 0 0 0 0 0 0 15 191 78 1 0 0 0 0 0 0 0 0 0 0 0 0 0 0 0 0 0 0 0 0 0 0 0 1 90 245 254 254 254 254 248 115 1 0 0 1 0 0 0 0 0 0 0 0 183 255 0 0 0 0 0 0 0 0 0 0 0 0 0 0 0 0 0 0 0 0 0 0 0 0 0 0 0 1 1 1 0 0 0 0 0 0 0
0 0 0 0 0 0 1 228 224 1 1 0 0 1 1 1 1 1 0 1 1 1 0 1 110 1 0 0 0 1 1 1 1 1 1 1 6 8 21 1 1 0 0 1 16 34 1 0 0 1 1 17 22 1 0 1 123 1 1 1 0 1 3 0 0 1 1 255 243 1 0 0 0 1 0 1 1 244 255 1 0 0 0 0 0 2 2 255 251 1 1 0 0 0 0 0 1 1 28 255 223 1 0 1 44 1 1 0 0 0 0 1 1 1 5 1 1 1 0 0 1 2 3 1 0 0 0 0 0 1 131 27 0 0 1 114 4 1 0 0 1 1 1 0 0 0 20 255 1 1 1 1 1 1 1 1 0 0 0 0 0 0 0 0 0 0 0 0 0 0 0 0 0 0 0 0 0 0 0 0 0 0 0 0 0 0 1 9 10 1 0 0 1 1 0 1 1 0 0 255 68 0 0 0 0 0 0 0 0 0 0 0 0 0 0 0 0 1 255 8 255 255 12 1 1 0 0 0 0 0 0 0 0 0 0 0 1 17 0 0 1 2 5 1 0 0 0 0 0 0 0 0 0 0 1 1 0 0 0 0 0 0 0 0 1 1 1 1 1 1 1 1 0 246 255 242 0 0 0 0 0 1 1 1 0 0 0 0 0 0 0 0 0 0 0 0 0 0 0 0 0 0 0 1 0 0 1 0 0 0 0 1 1 1 0 0 0 0 0 0 0 0 0 0 0 0 0 0 1 1 1 0 0 0 0 0 0 1 1 2 11 1 1 1 1 0 2 100 2 4 1 0 1 1 1 0 0 0 0 0 0 0 0 0 1 0 0 0 1 188 46 1 0 0 0 0 0 0 0 0 0 0 0 0 0 0 0 0 0 0 0 0 0 0 0 0 0 0 0 0 0 0 0 0 0 0 0 0 0 0 0 0 0 0 0 0 0 0 0 0 0 0 0 0 34 196 61 1 0 0 0 0 0 0 0 0 0 0 0 0 0 0 0 0 0 0 0 0 1 5 193 254 254 250 168 1 0 0 0 0 0 0 0 0 0 1 0 0 0 0 0 0 0 1 255 0 0 0 0 0 0 0 0 0 0 0 0 0 0 0 0 0 0 0 0 0 0 0 0 0 0 0 1 1 1 0 0 0 0 0 0 0
0 0 0 0 0 0 0 4 247 23 1 0 0 1 1 1 0 0 1 1 1 0 1 28 29 1 0 0 0 2 1 0 1 1 1 7 8 20 1 1 1 1 1 18 22 1 1 0 0 1 1 1 4 40 1 1 129 1 1 1 2 3 7 3 3 3 1 255 252 1 0 0 0 1 2 2 1 1 255 134 1 0 0 0 0 1 2 44 255 156 1 0 0 0 0 0 0 0 1 5 252 2 1 1 27 4 0 0 1 1 1 1 1 1 6 1 1 0 0 0 1 1 6 1 0 0 0 1 1 1 46 108 1 0 1 99 60 1 0 0 0 0 1 0 0 0 1 255 1 0 0 0 0 0 0 0 0 0 0 0 0 0 0 0 0 0 0 0 0 0 0 0 0 0 0 0 0 0 0 0 0 0 0 0 0 0 0 0 1 13 4 1 1 0 1 1 0 0 0 255 72 0 0 0 0 0 0 0 0 0 0 0 0 0 0 0 0 1 255 251 255 1 1 0 0 0 0 0 0 0 0 0 0 0 0 1 1 18 2 9 4 1 1 4 0 0 0 0 0 0 0 0 0 0 0 1 0 0 0 0 1 1 1 0 0 1 1 1 1 0 0 0 0 1 255 250 0 0 1 1 1 1 0 0 0 0 0 0 0 0 0 0 0 0 0 0 0 0 0 0 0 0 1 0 0 1 1 1 1 1 1 1 0 1 1 1 0 0 0 0 0 0 0 0 0 0 0 0 0 1 1 1 0 0 0 0 0 0 0 1 13 1 1 1 1 1 1 16 46 1 1 1 1 1 1 1 0 0 0 0 0 0 0 0 1 1 0 0 0 1 172 75 1 0 0 0 0 0 0 0 0 0 0 0 0 0 0 0 0 0 0 0 0 0 0 0 0 0 0 0 0 0 0 0 0 0 0 0 0 0 0 0 0 0 0 0 0 0 0 0 0 0 0 83 239 236 2 0 0 0 0 0 0 0 0 0 0 0 0 0 0 0 0 0 0 0 5 216 254 254 244 29 1 0 0 0 0 0 0 0 0 0 0 0 0 1 0 0 0 0 0 0 0 0 255 1 0 0 0 0 0 0 0 0 0 0 0 0 0 0 0 0 0 0 0 0 0 0 0 0 0 0 0 0 0 0 0 0 0 0 0 0
0 0 0 0 0 0 1 4 213 238 1 1 1 1 1 0 0 0 1 1 0 0 1 108 1 0 0 0 1 2 0 0 0 1 47 63 21 1 0 0 1 1 22 17 1 1 1 0 1 1 0 1 1 1 38 5 122 2 1 8 3 2 1 1 1 1 3 255 252 0 1 1 1 1 1 0 1 1 154 255 1 0 0 0 0 0 1 27 195 255 3 1 0 0 0 0 0 0 0 1 182 248 1 4 13 29 1 1 1 1 1 1 1 1 2 3 1 0 1 1 1 1 6 1 1 1 1 1 8 46 85 195 2 9 10 41 70 1 2 2 2 1 2 2 1 1 1 252 189 0 0 0 0 0 0 0 0 0 0 0 0 0 0 0 0 0 0 0 0 0 0 0 0 0 0 0 0 0 0 0 0 0 0 0 0 0 0 0 0 0 4 13 1 1 1 0 0 0 0 255 83 0 0 0 0 0 0 0 0 0 0 0 0 0 0 0 0 0 4 235 3 0 0 0 0 0 0 0 0 0 0 0 0 1 1 3 7 8 26 7 14 1 1 4 1 0 0 0 0 0 0 0 0 0 0 1 1 1 1 1 1 0 0 0 0 0 0 0 0 0 0 0 0 1 255 255 23 0 1 0 0 0 0 0 0 1 1 0 0 0 0 0 0 0 0 0 0 0 0 0 0 0 1 0 0 1 1 1 4 2 1 1 1 1 0 0 1 1 1 1 1 1 1 1 1 0 0 0 0 0 1 1 1 1 0 0 0 0 0 0 12 1 1 1 1 1 0 1 112 1 1 0 0 0 1 1 1 0 0 0 0 0 0 0 1 1 0 0 0 0 1 162 77 1 0 0 0 0 0 0 0 0 0 0 0 0 0 0 0 0 0 0 0 0 0 0 0 0 0 0 0 0 0 0 0 0 0 0 0 0 0 0 0 0 0 0 0 0 0 0 0 0 102 240 83 64 201 1 0 0 0 0 0 0 0 0 0 0 0 0 0 0 0 1 80 251 255 237 5 0 0 0 0 0 0 0 0 0 0 0 0 0 0 0 0 1 0 0 0 0 0 0 0 0 255 2 0 0 0 0 0 0 0 0 0 0 0 0 0 0 0 0 0 0 0 0 0 0 0 0 0 0 0 0 0 0 0 0 0 0 0 0
0 0 0 0 1 4 3 1 1 247 40 1 1 1 0 0 0 1 1 0 0 1 74 5 1 1 0 0 2 1 0 0 1 48 34 6 3 1 0 0 1 32 17 1 0 0 1 1 1 1 0 0 1 1 1 151 194 65 5 1 0 0 1 1 1 1 1 255 238 1 1 1 1 0 0 1 1 0 1 255 245 1 0 0 0 0 1 26 1 252 255 1 1 0 0 0 0 0 0 0 1 224 248 3 1 49 1 1 1 0 0 0 0 0 1 6 1 1 1 0 1 1 4 2 1 10 54 72 66 22 14 152 34 1 1 2 126 0 0 0 0 1 1 1 1 2 2 239 249 0 0 0 0 0 0 0 0 0 0 0 0 0 0 0 0 0 0 0 0 0 0 0 0 0 0 0 0 0 0 0 0 0 0 0 0 0 0 0 0 0 0 1 11 12 1 0 0 0 0 255 114 0 0 0 0 0 0 0 0 0 0 0 0 0 0 0 0 0 0 0 1 0 0 0 0 0 0 0 1 0 1 1 7 7 7 2 0 1 1 4 12 1 1 3 1 0 0 0 0 0 0 0 0 0 1 1 1 1 0 0 1 0 0 0 0 0 0 0 0 0 0 0 0 0 245 255 240 2 2 2 2 2 2 2 2 2 2 2 2 2 2 2 2 2 2 2 2 2 2 2 2 2 2 2 2 2 14 8 6 3 3 3 3 3 1 1 1 1 1 1 1 1 1 1 1 1 1 1 1 1 1 1 1 1 1 1 0 0 0 0 4 5 1 1 1 1 1 0 54 12 0 0 0 0 0 0 1 0 0 0 0 0 0 0 0 1 0 0 0 0 0 1 198 12 0 0 0 0 0 0 0 0 0 0 0 0 0 0 0 0 0 0 0 0 0 0 0 0 0 0 0 0 0 0 0 0 0 0 0 0 0 0 0 0 0 0 0 0 0 0 0 127 240 32 0 0 231 3 0 0 0 0 0 0 0 0 0 0 0 0 0 8 231 255 251 84 1 0 0 0 0 0 0 0 0 0 0 0 0 0 0 0 0 0 0 1 0 0 0 0 0 0 0 0 255 157 0 0 0 0 0 0 0 0 0 0 0 0 0 0 0 0 0 0 0 0 0 0 0 0 0 0 0 0 0 0 0 0 0 0 0 0
1 1 1 3 3 1 1 0 1 161 244 1 1 1 0 0 1 1 0 0 1 23 33 1 1 1 1 0 2 1 0 1 52 29 1 1 2 3 1 1 50 8 1 1 1 0 1 1 1 0 0 1 1 1 57 4 27 211 3 1 1 1 0 1 1 1 1 255 15 1 0 0 0 0 0 0 0 0 0 8 255 1 0 0 0 0 1 15 1 1 255 255 1 1 0 0 1 1 1 1 1 1 242 238 1 18 9 0 0 0 0 0 0 0 1 7 1 1 1 1 1 1 10 64 56 58 19 19 3 1 1 2 171 0 0 1 143 1 0 0 0 0 1 0 0 1 1 5 255 1 0 0 0 0 0 0 0 0 0 0 0 0 0 0 0 0 0 0 0 0 0 0 0 0 0 0 0 0 0 0 0 0 0 0 0 0 0 0 0 0 0 1 1 1 12 9 1 0 0 255 205 0 0 0 0 0 0 0 0 0 0 0 0 0 0 0 0 0 0 0 1 0 0 0 0 1 1 2 6 7 7 5 1 0 0 0 0 1 1 6 2 1 1 1 4 0 0 0 0 0 0 0 0 0 1 0 0 1 0 0 0 0 0 0 0 0 0 0 0 0 0 0 0 0 1 255 249 1 1 1 1 1 1 1 0 0 0 0 0 1 1 1 0 0 0 0 0 0 0 0 0 0 0 0 0 2 5 0 0 0 0 0 1 2 0 0 0 0 0 0 1 1 1 1 1 1 0 1 1 1 1 0 1 1 1 1 1 1 1 0 1 12 1 0 1 1 1 1 4 92 0 0 0 0 0 0 1 1 0 0 0 0 0 0 0 1 0 0 0 0 0 0 3 213 1 0 0 0 0 0 0 0 0 0 0 0 0 0 0 0 0 0 0 0 0 0 0 0 0 0 0 0 0 0 0 0 0 0 0 0 0 0 0 0 0 0 0 0 0 1 152 239 18 1 0 0 176 114 0 0 0 0 0 0 0 0 0 2 129 246 255 254 226 2 0 0 0 0 0 0 0 0 0 0 0 0 0 0 0 0 0 0 0 0 0 1 0 0 0 0 0 0 0 0 122 255 1 1 1 1 0 0 0 0 0 0 0 0 0 0 0 0 0 0 0 0 0 0 0 0 0 0 0 0 0 0 0 0 0 0 0 0
7 2 5 1 1 1 0 0 1 1 244 134 1 1 0 1 1 1 0 1 3 90 1 0 0 1 1 1 2 0 1 58 28 1 1 0 1 2 5 66 4 0 0 1 1 1 2 1 1 1 1 1 1 22 26 1 1 4 203 52 0 1 1 0 1 1 1 255 1 1 1 0 0 0 0 0 0 0 0 1 255 238 1 0 0 0 1 13 1 1 1 255 238 1 1 1 1 1 1 0 0 0 1 252 1 1 51 1 0 0 0 0 1 1 1 4 1 1 1 8 42 44 41 12 15 2 1 1 1 1 1 1 182 1 0 1 136 1 0 0 1 1 1 1 1 1 1 1 255 1 0 0 0 0 0 0 0 0 0 0 0 0 0 0 0 0 0 0 0 0 0 0 0 0 0 0 0 0 0 0 0 0 0 0 0 0 0 0 0 0 1 1 1 0 0 2 14 4 1 255 250 1 0 0 0 0 0 0 0 0 0 0 0 0 0 0 0 0 0 0 1 1 4 7 7 7 6 4 1 1 0 0 0 0 0 0 0 1 1 7 1 2 1 1 4 1 0 0 0 0 0 0 0 0 0 0 0 1 1 0 0 0 0 0 0 0 0 0 0 0 0 0 0 0 1 255 255 9 1 1 1 0 1 1 1 1 0 1 0 1 1 1 0 0 0 0 0 0 0 0 0 0 0 0 0 2 5 0 0 0 0 0 1 2 0 0 0 0 0 0 0 0 0 0 0 0 0 0 0 0 0 0 0 0 0 1 1 1 1 1 1 13 1 0 0 1 1 1 1 117 1 0 0 0 0 0 1 1 0 0 0 0 0 0 0 1 0 0 0 0 0 0 0 210 4 0 0 0 0 0 0 0 0 0 0 0 0 0 0 0 0 0 0 0 0 0 0 0 0 0 0 0 0 0 0 0 0 0 0 0 0 0 0 0 0 0 0 0 1 176 237 10 1 0 0 0 2 232 0 0 0 0 0 1 137 249 255 255 251 173 1 0 0 0 0 0 0 0 0 0 0 0 0 0 0 0 0 0 0 0 0 0 0 0 0 1 1 0 0 0 0 0 0 0 1 255 1 0 0 0 0 0 0 0 0 0 0 0 0 0 0 0 0 0 0 0 0 0 0 0 0 0 0 0 0 0 0 0 0 0 0 0
1 5 1 1 1 0 0 0 1 0 92 246 10 1 1 1 1 0 0 1 102 1 1 0 0 1 1 2 1 3 86 25 1 1 1 0 0 1 64 16 1 0 0 0 2 4 1 0 0 1 1 1 2 90 1 0 0 1 1 203 123 1 0 0 0 1 2 255 1 0 1 1 0 0 0 0 1 210 252 254 248 255 1 0 0 0 1 7 1 1 1 235 255 39 1 0 1 0 1 0 0 0 0 251 113 1 55 1 1 1 1 1 5 8 2 2 22 41 42 28 11 16 4 2 1 1 1 1 1 1 1 1 66 80 0 0 16 78 1 1 1 0 1 1 1 1 1 1 252 213 0 0 0 0 0 0 0 0 0 0 0 0 0 0 0 0 0 0 0 0 0 0 0 0 0 0 0 0 0 0 0 0 0 0 0 0 0 0 0 0 1 1 0 0 0 0 0 5 14 255 255 1 0 0 0 0 0 0 0 0 0 0 0 0 0 0 0 1 1 6 7 7 2 1 0 0 0 0 0 0 0 0 0 0 0 0 0 1 1 8 1 3 0 1 4 1 0 0 0 0 0 0 0 0 0 0 0 0 1 0 0 0 0 0 0 0 0 0 0 0 0 1 2 4 4 243 255 233 1 1 0 0 0 0 1 1 1 1 1 1 0 1 0 0 0 0 0 0 0 0 0 0 0 0 0 4 2 1 1 0 0 1 1 2 0 0 0 0 0 0 0 0 0 0 0 0 0 0 0 0 0 0 0 0 0 0 0 0 1 1 1 14 1 1 0 0 1 1 1 107 2 1 0 0 0 0 1 0 0 0 0 0 0 0 0 1 0 0 0 0 0 0 0 68 159 0 0 0 0 0 0 0 0 0 0 0 0 0 0 0 0 0 0 0 0 0 0 0 0 0 0 0 0 0 0 0 0 0 0 0 0 0 0 0 0 0 0 1 197 234 5 1 1 0 0 0 0 232 3 0 0 24 249 255 249 136 1 0 0 0 0 0 0 0 0 0 0 0 0 0 0 0 0 0 0 0 0 0 0 0 0 0 0 0 0 0 1 0 0 0 0 0 0 0 0 255 3 0 0 0 0 0 0 0 0 0 0 0 0 0 0 0 0 0 0 0 0 0 0 0 0 0 0 0 0 0 0 0 0 0 0 0
1 0 1 1 1 0 0 0 0 0 1 240 200 1 1 1 0 0 1 61 9 1 0 1 1 1 24 136 124 107 9 1 0 1 1 1 1 9 25 1 5 1 1 2 4 1 1 0 0 1 2 1 108 1 0 0 0 0 6 35 44 174 2 0 0 0 74 255 1 0 0 1 1 2 239 252 252 247 5 2 102 255 107 0 0 0 1 1 3 1 1 133 255 255 1 1 1 1 1 0 0 0 0 28 252 1 17 11 1 1 27 38 17 10 27 47 85 10 22 8 2 1 1 1 1 1 1 1 1 1 1 1 1 180 1 0 1 138 1 0 1 0 1 1 1 1 1 1 102 255 1 0 0 0 0 0 0 0 0 0 0 0 0 0 0 0 0 0 0 0 0 0 0 0 0 0 0 0 0 0 0 0 0 0 0 0 0 0 0 0 1 0 0 0 0 0 0 0 1 236 255 37 35 31 7 1 1 0 0 0 0 0 0 0 0 2 8 8 5 1 1 1 1 0 0 0 1 1 0 0 0 0 0 0 0 0 0 0 1 2 5 2 1 1 1 4 0 0 0 0 0 0 0 0 0 0 0 0 1 1 0 0 0 0 0 0 0 1 1 4 4 4 2 1 1 1 255 246 1 1 0 0 0 0 0 0 1 1 1 1 1 1 0 0 0 0 0 0 0 0 0 0 0 0 0 5 2 1 1 1 1 1 0 2 1 1 1 1 1 1 1 0 0 0 0 0 0 0 1 0 0 0 0 0 0 0 0 0 0 0 1 8 3 1 0 0 0 1 1 27 32 1 1 1 0 1 1 0 0 0 0 0 0 0 0 1 0 0 0 0 0 0 0 2 216 0 0 0 0 0 0 0 0 0 0 0 0 0 0 0 0 0 0 0 0 0 0 0 0 0 0 0 0 0 0 0 0 0 0 0 0 0 0 0 0 0 1 206 227 3 0 1 0 0 0 0 0 199 66 59 251 254 166 1 0 0 0 0 0 0 0 0 0 0 0 0 0 0 0 0 0 0 0 0 0 0 0 0 0 0 0 0 0 0 0 0 1 0 0 0 0 0 0 0 0 254 242 0 0 0 0 0 0 0 0 0 0 0 0 0 0 0 0 1 1 1 1 1 1 1 0 0 0 0 0 0 0 0 0 0 0 0
0 0 0 1 1 1 1 1 1 1 1 21 248 1 1 1 0 0 9 60 1 1 1 1 1 87 60 1 1 1 1 0 0 1 1 1 1 65 1 1 1 5 5 2 1 1 1 1 0 1 4 123 5 0 0 0 0 1 75 1 1 4 181 22 1 1 245 255 1 1 9 247 252 252 238 29 14 164 175 170 34 115 255 1 0 0 1 1 4 1 1 242 254 245 254 1 0 1 1 1 0 0 0 2 252 2 1 54 24 32 2 1 1 2 30 35 5 2 1 1 1 1 1 0 1 1 1 1 1 1 1 1 1 159 5 0 1 138 1 1 1 1 1 1 1 0 1 1 2 255 1 1 0 0 0 0 0 0 0 0 0 0 0 0 0 0 0 0 0 0 0 0 0 0 0 0 0 0 0 0 0 0 0 0 0 0 0 0 0 0 0 0 0 0 0 0 0 0 0 70 255 1 1 1 11 35 38 36 27 17 4 1 2 8 9 5 1 0 0 0 0 0 1 0 1 0 0 1 0 0 0 0 0 0 0 0 0 0 1 1 9 2 2 1 1 4 1 0 0 0 0 0 0 0 0 0 0 0 0 1 0 0 0 1 1 1 4 4 3 1 0 0 1 1 1 1 255 255 4 1 1 0 0 0 0 1 1 0 0 0 0 1 0 0 0 0 0 0 0 0 0 0 1 0 0 2 5 0 1 1 1 1 1 2 0 1 1 0 0 1 1 1 1 1 1 1 1 1 1 1 1 1 0 0 0 0 0 0 0 0 0 3 8 1 0 0 0 0 1 2 102 0 1 1 1 1 0 0 0 0 0 0 0 0 0 1 0 0 0 0 0 0 0 2 216 0 0 0 0 0 0 0 0 0 0 0 0 0 0 0 0 0 0 0 0 0 0 0 0 0 0 0 0 0 0 0 0 0 0 0 0 0 0 0 0 0 190 230 2 1 3 1 1 1 0 1 2 32 254 252 88 1 0 0 0 0 0 0 0 0 0 0 0 0 0 0 0 0 0 0 0 0 0 0 0 0 0 0 0 0 0 0 0 0 0 0 1 0 0 0 0 0 0 0 0 55 255 1 0 0 0 0 0 0 0 0 0 1 1 1 1 1 1 1 1 0 0 0 0 0 0 0 0 0 0 0 0 0 0 0 0 0
0 0 0 1 0 1 1 2 2 2 2 22 234 222 1 1 1 0 116 2 1 1 1 1 78 16 1 1 1 1 1 0 1 1 1 1 61 2 0 0 0 1 17 1 0 0 0 1 14 81 65 19 0 0 0 0 0 16 22 1 1 1 1 142 106 7 248 255 252 252 252 198 2 118 195 198 132 2 1 1 1 1 255 1 0 0 1 1 4 1 1 254 242 1 255 239 1 1 1 1 0 0 0 3 245 233 1 10 3 1 1 30 35 25 2 1 1 1 1 1 1 0 1 0 0 1 0 1 1 1 1 1 1 2 169 1 1 105 6 1 1 1 3 4 2 1 1 1 1 255 25 1 1 0 0 0 0 0 0 0 0 0 0 0 0 0 0 0 0 0 0 0 0 0 0 0 0 0 0 0 0 0 0 0 0 0 0 0 0 0 0 0 0 0 0 0 0 0 0 6 255 1 1 0 0 0 0 1 1 2 12 30 4 1 0 0 0 0 0 0 0 1 1 1 1 0 0 1 0 0 0 0 0 0 0 0 0 0 1 1 19 2 1 0 0 4 1 0 0 0 0 0 0 0 0 0 0 0 0 0 1 1 1 1 1 1 3 0 0 0 0 0 1 1 0 0 252 255 226 1 1 0 0 0 0 1 1 0 0 0 0 1 0 0 0 0 0 0 0 0 0 0 1 0 0 1 7 1 1 0 0 1 1 2 0 1 1 0 0 0 0 0 0 0 0 0 0 0 1 0 0 1 0 0 0 0 0 0 0 0 0 1 14 1 1 1 0 0 0 1 115 1 0 0 1 1 1 0 0 0 0 0 0 0 0 1 0 0 0 0 0 0 0 28 185 0 0 0 0 0 0 0 0 0 0 0 0 0 0 0 0 0 0 0 0 0 0 0 0 0 0 0 0 0 0 0 0 0 0 0 0 0 0 0 0 82 246 5 0 4 3 4 5 5 6 6 4 11 204 1 0 0 0 0 0 0 0 0 0 0 0 0 0 0 0 0 0 0 0 0 0 0 0 0 0 0 0 0 0 0 0 0 0 0 0 0 1 0 0 0 0 0 0 0 0 1 255 1 0 0 1 1 1 1 1 1 1 1 1 1 0 0 0 0 0 0 0 0 0 0 0 0 0 0 0 0 0 0 0 0 0 0
0 0 0 0 0 0 0 1 1 0 1 16 1 249 3 0 1 0 119 1 1 1 1 9 93 1 1 1 1 1 1 1 1 0 0 11 22 0 0 0 0 0 1 12 1 1 38 63 21 1 5 3 0 0 0 0 1 81 1 1 1 1 1 1 48 255 255 255 255 32 175 196 191 51 1 1 0 0 1 1 2 2 252 252 1 0 1 1 2 2 0 255 141 1 5 255 1 1 0 0 0 0 0 3 1 252 1 1 5 1 13 6 1 1 2 1 1 1 0 1 1 1 1 1 1 1 1 1 1 1 1 1 1 1 183 1 1 5 154 83 157 154 138 137 150 156 158 158 154 249 247 0 1 1 0 0 0 0 0 0 0 0 0 0 0 0 0 0 0 0 0 0 0 0 0 0 0 0 0 0 0 0 0 0 0 0 0 0 0 0 0 0 0 0 0 0 0 0 0 2 255 1 0 0 0 0 0 0 0 0 0 7 1 1 0 0 0 0 0 1 1 1 0 1 1 0 0 0 0 0 0 0 0 0 0 0 0 0 1 1 13 2 0 0 1 1 3 0 0 0 0 0 0 0 0 0 0 0 1 1 1 1 1 0 0 0 3 1 1 1 1 1 1 1 0 0 4 255 245 1 1 1 0 0 0 0 1 1 1 1 1 1 0 1 1 1 1 1 1 1 1 1 1 0 0 1 8 0 0 0 0 0 0 2 0 1 2 0 0 0 0 0 0 0 0 0 0 0 1 0 0 1 0 0 0 0 0 0 0 0 0 1 15 1 1 1 0 0 0 1 50 15 0 0 0 0 1 1 1 0 0 0 0 0 0 1 0 0 0 0 0 0 0 197 14 0 0 0 0 0 0 0 0 0 0 0 0 0 0 0 0 0 0 0 0 0 0 0 0 0 0 0 0 0 0 0 0 0 0 0 0 0 0 0 1 246 99 0 0 5 1 0 0 0 0 0 0 28 186 0 0 0 0 0 0 0 0 0 0 0 0 0 0 0 0 0 0 0 0 0 0 0 0 0 0 0 0 0 0 0 0 0 0 0 0 0 1 0 0 0 0 0 0 0 0 0 255 193 1 1 1 1 1 0 0 0 0 0 0 0 0 0 0 0 0 0 0 0 0 0 0 0 0 0 0 0 0 0 0 0 0 0
0 0 0 0 0 1 1 1 0 1 24 1 1 191 241 1 1 1 118 1 1 1 2 125 1 1 0 0 1 1 1 1 1 1 1 64 1 0 0 0 0 0 1 4 84 56 2 0 0 1 15 1 0 0 0 1 35 7 1 1 1 1 0 1 142 255 4 1 255 135 4 1 1 1 0 1 1 2 2 1 1 1 2 255 1 0 1 1 1 4 1 255 16 1 1 255 1 1 0 0 0 0 0 3 1 243 252 160 1 4 3 23 1 1 1 1 1 1 1 1 1 0 0 1 1 1 1 1 1 1 1 1 1 1 183 71 183 197 219 31 1 1 1 1 1 1 1 1 2 81 253 1 0 1 1 0 0 0 0 0 0 0 0 0 0 0 0 0 0 0 0 0 0 0 0 0 0 0 0 0 0 0 0 0 0 0 0 0 0 0 0 0 0 0 0 0 0 0 0 1 255 1 0 0 0 0 0 0 0 0 0 1 9 1 0 0 1 1 1 1 0 0 0 0 1 0 0 0 0 0 0 0 0 0 0 0 0 0 0 1 1 18 0 0 1 0 4 1 0 0 0 0 0 0 0 0 1 1 1 0 0 1 0 0 1 3 2 1 0 0 0 0 1 1 0 0 1 255 253 14 1 1 1 1 1 1 1 1 1 3 3 7 11 18 19 20 20 23 20 14 3 1 1 1 1 0 8 0 0 0 0 1 0 2 0 1 5 0 0 0 0 0 0 0 0 0 0 0 1 0 0 1 0 0 0 0 0 0 0 0 0 1 15 1 1 1 0 0 0 0 2 105 1 0 0 0 0 1 1 1 0 0 0 0 0 1 0 0 0 0 0 0 1 219 1 0 0 0 0 0 0 0 0 0 0 0 0 0 0 0 0 0 0 0 0 0 0 0 0 0 0 0 0 0 0 0 0 0 0 0 0 0 0 0 114 246 1 0 0 6 0 0 0 0 0 0 0 70 155 0 0 0 0 0 0 0 0 0 0 0 0 0 0 0 0 0 0 0 0 0 0 0 0 0 0 0 0 0 0 0 0 0 0 0 0 0 1 1 1 1 0 0 0 0 0 1 196 255 1 0 0 0 0 0 0 0 0 0 0 0 0 0 0 0 0 0 0 0 0 0 0 0 0 0 0 0 0 0 0 0 0 0
1 0 1 1 1 1 0 1 4 21 1 1 0 1 248 27 1 1 115 1 1 1 57 24 1 1 1 1 1 1 1 1 1 1 58 1 1 0 0 0 1 5 39 21 1 7 1 0 0 1 17 0 0 0 0 1 76 1 1 0 1 0 0 1 255 110 1 1 255 232 0 0 1 2 3 2 1 1 0 0 0 1 1 255 1 1 1 0 1 4 1 255 2 0 1 255 243 1 0 1 0 0 0 3 1 1 33 249 255 255 255 255 255 255 252 167 2 1 1 1 1 1 1 1 1 1 1 1 1 2 2 6 146 209 216 232 4 1 68 1 1 1 1 1 1 1 1 0 1 1 255 1 0 0 1 1 0 0 0 0 0 0 0 0 0 0 0 0 0 0 0 0 0 0 0 0 0 0 0 0 0 0 0 0 0 0 0 0 0 0 0 0 0 0 0 0 0 0 0 1 255 1 1 0 0 0 0 0 0 0 0 0 3 4 1 1 1 0 0 0 0 0 0 0 1 1 0 0 1 0 0 0 0 0 0 0 0 0 0 1 1 21 1 1 1 0 4 1 0 0 0 0 0 1 1 1 2 1 0 0 0 1 1 1 3 1 1 0 0 0 0 0 0 1 1 0 0 255 255 235 1 0 0 1 1 2 23 69 95 80 55 37 24 14 10 6 5 5 5 7 23 16 2 1 6 9 13 2 2 2 2 3 2 3 2 2 4 1 1 1 1 0 0 0 0 0 0 0 1 0 1 1 0 0 0 0 0 0 0 0 0 1 13 2 1 1 1 1 0 0 0 66 9 0 0 0 0 0 0 1 1 1 0 0 0 0 0 0 0 0 0 0 153 76 0 0 0 0 0 0 0 0 0 0 0 0 0 0 0 0 0 0 0 0 0 0 0 0 0 0 0 0 0 0 0 0 0 0 0 0 0 0 0 0 238 175 0 0 0 6 0 0 0 0 0 0 0 144 92 0 0 0 0 0 0 0 0 0 0 0 0 0 0 0 0 0 0 0 0 0 0 0 0 0 0 0 0 0 0 0 0 0 0 0 0 0 0 0 0 1 1 1 1 1 1 1 1 255 1 0 0 0 0 0 0 0 0 0 0 0 0 0 0 0 0 0 0 0 0 0 0 0 0 0 0 0 0 0 0 0 0 0
1 1 1 0 0 1 5 73 87 3 1 1 1 1 128 251 225 170 136 2 1 4 109 1 0 1 1 0 1 0 0 1 1 9 20 0 1 1 1 15 39 16 1 0 0 1 8 2 0 1 16 0 0 0 1 62 2 1 1 0 0 0 1 116 255 1 1 1 111 255 2 2 2 1 0 0 0 0 0 0 0 0 1 255 248 1 1 0 1 3 1 255 1 0 0 157 255 1 1 1 0 0 0 3 0 1 1 1 255 6 1 1 1 13 252 249 219 221 211 119 8 2 1 1 1 1 1 2 39 199 214 199 62 1 1 170 1 0 13 16 1 1 1 0 0 1 1 1 1 1 252 169 1 1 0 1 0 0 0 0 0 0 0 0 0 0 0 0 0 0 0 0 0 0 0 0 0 0 0 0 0 0 0 0 0 0 0 0 0 0 0 0 0 0 0 0 0 0 0 1 255 1 1 0 0 0 0 0 0 0 0 0 1 8 2 0 0 0 0 0 0 0 1 1 1 1 0 0 1 0 0 0 0 0 0 0 0 0 0 1 0 1 23 1 1 0 2 2 0 0 1 1 1 1 1 1 1 1 0 0 1 1 1 0 3 1 1 0 0 0 0 0 0 0 1 1 0 20 255 250 6 1 1 11 123 134 32 5 1 1 0 1 0 0 0 0 0 1 1 1 1 5 16 25 6 4 2 2 2 2 2 1 0 2 0 1 4 0 0 0 1 1 1 0 0 0 0 0 1 1 1 0 0 0 0 0 0 0 0 0 0 0 5 6 1 1 1 1 0 0 0 2 104 1 0 0 0 0 0 0 0 1 1 1 0 0 0 0 0 0 0 4 212 1 0 0 0 0 0 0 0 0 0 0 0 0 0 0 0 0 0 0 0 0 0 0 0 0 0 0 0 0 0 0 0 0 0 0 0 0 0 0 0 1 252 27 0 0 1 5 0 0 0 0 0 0 0 109 127 0 0 0 0 0 0 0 0 0 0 0 0 0 0 0 0 0 0 0 0 0 0 0 0 0 0 0 0 0 0 0 0 0 0 0 0 0 0 0 0 0 0 0 0 1 1 0 1 255 79 0 0 0 0 0 0 0 0 0 0 0 0 0 0 0 0 0 0 0 0 0 0 0 0 0 0 0 0 0 0 0 0 0
0 0 0 0 3 69 34 1 1 28 22 1 1 2 217 253 173 133 217 16 25 123 2 0 0 0 1 0 0 1 0 1 1 62 1 0 1 28 36 5 1 1 0 1 2 1 1 5 2 3 6 0 0 0 3 55 1 1 0 0 0 0 1 255 224 1 1 1 1 255 1 1 1 1 1 0 0 0 0 0 0 0 1 32 255 1 1 1 1 1 2 255 1 0 0 1 255 1 1 0 0 0 0 3 1 0 0 1 255 252 1 1 1 1 3 255 4 1 3 111 199 211 211 206 197 206 214 209 166 7 2 1 1 0 0 168 1 0 1 67 1 1 1 0 0 1 1 1 1 1 82 253 1 1 1 1 1 1 0 0 0 0 0 0 0 0 0 0 0 0 0 0 0 0 0 0 0 0 0 0 0 0 0 0 0 0 0 0 0 0 0 0 0 0 0 0 0 0 0 1 255 1 0 0 0 0 0 0 0 0 0 0 0 1 9 1 1 0 0 0 1 1 1 0 0 1 1 0 1 0 0 0 0 0 0 0 1 1 1 1 1 1 11 4 1 1 1 4 1 1 1 1 1 0 0 1 1 1 0 1 1 0 1 1 3 0 1 1 0 0 0 0 0 0 1 1 0 1 255 251 235 3 101 127 18 1 1 1 1 1 1 1 0 0 0 0 0 0 1 1 1 1 5 37 1 1 1 1 1 1 1 1 1 2 1 1 6 1 1 1 1 1 1 1 1 1 1 1 1 0 0 0 0 0 0 0 0 0 0 0 0 0 2 14 1 1 1 1 0 0 0 0 17 47 0 0 0 0 0 0 0 0 0 1 1 1 0 0 0 0 1 207 7 0 0 0 0 0 0 0 0 0 0 0 0 0 0 0 0 0 0 0 0 0 0 0 0 0 0 0 0 0 0 0 0 0 0 0 0 0 0 0 0 1 255 1 0 0 3 3 0 0 0 0 0 0 0 2 215 1 0 0 0 0 0 0 0 0 0 0 0 0 0 0 0 0 0 0 0 0 0 0 0 0 0 0 0 0 0 0 0 0 0 0 0 0 0 0 0 0 0 0 0 0 0 0 0 238 254 1 0 0 0 0 0 0 0 0 0 0 0 0 0 0 0 0 0 0 0 0 0 0 0 0 0 0 0 0 0 0 0 0
0 0 2 64 47 1 1 1 1 1 18 231 65 187 121 34 247 2 48 115 24 2 0 0 0 0 0 1 0 1 1 1 40 3 5 51 34 1 0 0 0 1 1 2 1 0 0 1 4 30 1 0 0 1 76 1 1 0 0 0 1 1 3 255 1 1 1 0 1 255 1 1 1 1 1 0 0 0 0 0 0 1 1 3 255 1 1 1 1 1 4 255 1 0 0 1 255 1 1 0 0 0 0 3 1 0 0 0 9 255 1 0 0 0 1 73 255 3 1 1 1 1 1 3 7 3 1 1 1 1 1 1 1 0 0 71 42 0 0 70 1 1 1 1 1 1 2 3 3 4 6 255 1 1 1 1 1 1 1 1 1 1 1 0 0 0 0 0 0 0 0 0 0 0 0 0 0 0 0 0 0 0 0 0 0 0 0 0 0 0 0 0 0 0 0 0 0 0 0 1 255 1 0 0 0 0 0 0 0 0 0 0 0 0 2 5 1 1 0 1 1 1 0 0 0 0 1 1 1 0 0 0 0 0 0 1 1 1 1 1 1 0 1 23 0 1 1 3 1 1 1 1 0 0 0 0 1 1 1 1 1 1 0 1 3 0 0 1 1 0 0 0 0 0 1 1 0 1 254 255 240 225 36 2 1 1 1 0 0 1 1 1 0 0 0 0 0 0 0 1 1 0 1 19 7 1 0 0 1 1 0 0 0 1 1 1 5 0 0 0 0 0 0 0 0 1 2 3 4 2 1 1 0 0 0 1 1 1 1 1 1 2 16 75 1 1 0 1 0 0 0 0 1 62 10 0 0 0 0 0 0 0 0 0 1 1 1 1 0 0 50 170 0 0 0 0 0 0 0 0 0 0 0 0 0 0 0 0 0 0 0 0 0 0 0 0 0 0 0 0 0 0 0 0 0 0 0 0 0 0 0 0 0 2 252 1 0 1 1 4 0 0 0 0 0 0 0 1 123 108 0 0 0 0 0 0 0 0 0 0 0 0 0 0 0 0 0 0 0 0 0 0 0 0 0 0 0 0 0 0 0 0 0 0 0 0 0 0 0 0 0 0 0 0 0 0 0 6 255 1 0 0 0 0 0 0 0 0 0 0 0 0 0 0 0 0 0 0 0 0 0 0 0 0 0 0 0 0 0 0 0 0
1 40 57 1 1 1 1 1 1 1 187 37 192 172 27 1 241 217 190 12 2 1 0 0 0 0 0 1 1 1 1 87 110 68 28 1 1 0 0 0 1 3 1 1 0 0 0 0 1 41 0 0 1 164 240 233 233 233 233 214 14 13 37 255 1 1 0 1 1 255 141 1 1 1 0 0 0 1 1 2 2 2 1 1 255 1 1 1 1 1 5 255 1 1 1 1 255 196 1 0 0 0 0 3 1 0 1 19 23 255 1 0 0 0 0 1 88 255 9 1 1 0 0 1 0 1 1 0 0 1 1 0 1 0 0 1 163 1 1 50 11 184 253 255 255 255 255 255 255 255 255 255 250 250 250 250 250 250 250 242 8 1 1 1 1 1 1 1 1 1 0 0 0 0 0 0 0 0 0 0 0 0 0 0 0 0 0 0 0 0 0 0 0 0 0 0 0 0 0 1 255 1 1 0 0 0 0 0 0 0 0 0 0 0 1 5 2 1 1 1 0 0 0 0 0 0 1 1 0 0 0 0 0 0 1 1 1 0 0 1 1 1 1 27 0 0 1 3 1 1 1 1 0 0 0 0 1 1 1 1 1 1 0 1 2 0 1 1 1 1 0 0 1 1 1 1 1 1 9 255 252 240 19 1 1 0 0 0 0 0 1 1 1 1 0 0 0 0 1 1 0 0 0 6 24 1 0 0 1 0 0 0 0 1 0 1 5 0 0 0 0 0 0 1 28 113 115 109 109 125 134 125 17 5 5 19 47 91 113 116 116 106 81 104 2 1 1 1 0 0 0 0 0 2 91 3 0 0 0 0 0 1 1 1 1 0 1 1 1 1 220 1 0 0 0 0 0 0 0 0 0 0 0 0 0 0 0 0 0 0 0 0 0 0 0 0 0 0 0 0 0 0 0 0 0 0 0 0 0 0 0 0 0 2 255 1 0 1 0 3 4 1 0 0 0 0 0 1 58 161 0 0 0 0 0 0 0 0 0 0 0 0 0 0 0 0 0 0 0 0 0 0 0 0 0 0 0 0 0 0 0 0 0 0 0 0 0 0 0 0 0 0 0 0 0 0 0 1 255 7 0 0 0 0 0 0 0 0 0 0 0 0 0 0 0 0 0 0 0 0 0 0 0 0 0 0 0 0 0 0 0 0
70 4 1 1 1 1 1 1 1 1 217 1 1 1 110 138 178 238 19 173 1 1 1 1 1 1 1 5 110 210 223 202 53 1 1 0 1 1 1 3 2 1 0 0 0 0 0 0 1 39 0 4 239 211 2 1 1 1 6 216 1 1 253 249 1 1 1 1 1 246 255 1 1 1 2 2 2 2 1 0 0 1 1 1 255 120 1 0 1 1 7 255 1 1 0 1 226 255 1 1 0 0 0 1 2 0 10 3 1 255 1 0 0 0 1 0 1 34 255 124 1 1 1 1 1 1 1 1 1 1 1 1 1 1 1 3 215 247 255 255 255 255 241 21 2 1 1 1 1 1 1 1 1 1 1 1 1 1 1 158 250 250 250 102 1 1 0 0 0 1 1 1 1 1 0 0 0 0 0 0 0 0 0 0 0 0 0 0 0 0 0 0 0 0 0 0 0 0 0 1 255 1 1 0 0 0 0 0 0 0 0 0 0 0 0 1 7 9 7 1 0 0 0 0 0 0 0 1 1 0 0 0 0 1 1 1 0 0 0 0 1 1 1 38 1 0 0 1 4 1 1 1 1 0 0 0 1 1 1 1 1 1 1 3 1 1 1 0 0 1 0 0 1 1 1 1 13 48 150 214 255 89 244 4 1 1 0 0 0 0 0 1 1 1 1 1 0 0 0 1 0 1 1 4 34 1 0 0 1 0 1 1 0 1 0 1 5 0 0 0 0 1 5 80 28 1 1 1 0 0 0 2 77 87 83 43 17 4 1 2 1 1 1 66 29 1 1 1 1 0 0 0 0 0 6 82 1 0 0 0 0 0 1 0 1 1 0 0 1 164 68 1 0 0 0 0 0 0 0 0 0 0 0 0 0 0 0 0 0 0 0 0 0 0 0 0 0 0 0 0 0 0 0 0 0 0 0 0 0 0 0 0 0 1 252 7 1 1 0 0 1 5 3 1 1 1 1 1 172 48 0 0 0 0 0 0 0 0 0 0 0 0 0 0 0 0 0 0 0 0 0 0 0 0 0 0 0 0 0 0 0 0 0 0 0 0 0 0 0 0 0 0 0 0 0 0 0 1 251 246 0 0 0 0 0 0 0 0 0 0 0 0 0 0 0 0 0 0 0 0 0 0 0 0 0 0 0 0 0 0 0 0
1 1 1 1 1 1 1 1 1 10 202 1 1 0 0 2 2 176 124 124 34 2 15 144 198 220 217 207 121 5 1 66 54 1 1 0 1 2 2 1 0 0 0 0 0 0 0 1 21 16 164 243 17 1 1 1 1 132 217 3 0 1 255 2 1 1 1 1 1 4 255 2 2 1 1 0 0 1 1 1 1 1 1 1 255 249 1 1 1 1 13 255 1 1 0 1 1 255 1 1 0 0 0 1 3 0 23 1 1 255 2 0 0 1 1 0 0 1 2 252 252 3 1 1 1 1 2 83 247 255 255 255 255 255 255 255 255 250 68 1 1 1 1 1 1 1 1 1 0 0 0 0 0 0 0 0 0 0 0 1 1 1 12 247 250 250 248 165 2 1 1 0 0 0 0 0 0 0 0 0 0 0 0 0 0 0 0 0 0 0 0 0 0 0 0 0 0 0 0 1 255 1 0 0 0 0 0 0 0 0 0 0 0 0 0 0 0 1 9 1 0 0 0 0 0 0 0 0 1 1 0 0 1 1 0 0 0 0 0 0 1 1 1 48 2 1 1 1 1 3 2 1 1 1 0 0 1 1 1 1 1 13 83 36 2 1 1 0 0 1 1 1 5 25 29 24 24 80 12 1 255 255 15 243 3 1 1 1 0 0 0 1 0 1 1 1 1 1 1 1 1 1 0 3 61 4 2 1 1 1 1 1 1 2 1 2 8 1 1 2 7 43 28 1 0 0 1 1 0 0 0 0 2 1 1 1 0 0 0 2 1 0 0 3 137 1 1 0 1 0 0 0 0 0 0 20 43 1 0 0 0 1 1 0 0 0 1 1 4 210 1 1 1 1 0 0 0 0 0 0 0 0 0 0 0 0 0 0 0 0 0 0 0 0 0 0 0 0 0 0 0 0 0 0 0 0 0 0 0 0 0 0 0 0 241 158 1 0 0 0 0 1 5 1 1 1 1 189 201 1 0 0 0 0 0 0 0 0 0 0 0 0 0 0 0 0 0 0 0 0 0 0 0 0 0 0 0 0 0 0 0 0 0 0 0 0 0 0 0 0 0 0 0 0 0 0 0 0 56 255 1 0 0 0 0 0 0 0 0 0 0 0 0 0 0 0 0 0 0 0 0 0 0 0 0 0 0 0 0 0 0 0
1 1 1 0 1 1 1 1 1 183 27 1 1 1 0 1 1 1 233 15 181 195 169 39 2 22 1 1 1 1 1 4 63 5 1 2 3 1 0 0 0 0 0 0 1 10 16 10 31 239 209 1 1 0 1 52 225 122 1 0 0 1 255 1 1 0 0 0 1 1 255 1 1 1 1 1 1 1 1 1 0 0 0 1 253 253 1 1 1 1 39 255 0 1 0 0 1 255 1 1 0 0 0 0 4 1 19 0 0 255 7 0 1 1 0 0 0 0 1 1 230 255 255 255 255 255 255 255 247 94 1 1 1 1 1 1 4 24 0 0 0 0 0 0 0 0 0 0 0 0 0 0 0 0 0 0 0 0 0 0 0 1 1 1 1 1 28 242 250 250 250 248 79 1 1 0 0 0 0 0 0 0 0 0 0 0 0 0 0 0 0 0 0 0 0 0 0 0 0 1 255 1 0 0 0 0 0 0 0 0 0 0 0 0 0 0 0 0 4 3 1 0 0 0 0 0 0 0 1 1 0 0 1 0 0 0 0 0 0 0 1 1 2 4 109 86 55 1 0 0 1 3 1 1 1 1 1 27 174 231 237 227 206 224 233 156 1 1 1 2 28 30 16 1 1 7 15 1 1 1 2 255 239 11 242 3 1 1 1 0 0 1 0 1 2 1 1 1 1 2 9 60 133 165 148 102 59 56 52 48 49 48 46 50 51 55 50 43 45 42 19 1 1 0 0 0 1 0 0 0 0 0 2 1 0 0 0 0 1 2 0 0 0 1 151 0 1 1 1 0 0 0 0 0 0 1 54 14 0 0 0 1 0 0 0 0 1 1 207 6 0 0 1 1 1 1 0 0 0 0 0 0 0 0 0 0 0 0 0 0 0 0 0 0 0 0 0 0 0 0 0 0 0 0 0 0 0 0 0 0 0 0 0 0 187 233 1 0 0 0 0 0 5 0 0 0 0 218 0 0 0 0 0 0 0 0 0 0 0 0 0 0 0 0 0 0 0 0 0 0 0 0 0 0 0 0 0 0 0 0 0 0 0 0 0 0 0 0 0 0 0 0 0 0 0 0 0 0 2 255 1 0 0 0 0 0 0 0 0 0 0 0 0 0 0 0 0 0 0 0 0 0 0 0 0 0 0 0 0 0 0 0
1 1 1 0 1 1 1 1 1 218 1 1 1 1 1 1 1 0 111 176 1 1 1 1 1 19 0 0 1 1 1 3 1 98 5 2 1 1 0 0 1 1 5 16 14 1 1 107 243 28 1 0 0 1 148 180 1 0 0 0 1 50 255 1 0 0 0 0 0 1 255 2 1 1 0 0 0 0 0 0 0 1 1 1 255 243 1 0 1 1 180 255 1 1 0 0 0 255 7 1 0 0 0 0 6 18 1 0 0 255 4 1 1 0 0 0 0 0 0 0 1 1 1 1 1 1 1 1 1 0 0 0 0 0 0 0 1 48 0 0 0 0 0 0 0 0 0 0 0 0 0 0 0 0 0 0 0 0 0 0 0 0 0 0 0 0 1 1 1 1 1 89 248 251 251 251 248 118 1 1 0 0 0 0 0 0 0 0 0 0 0 0 0 0 0 0 0 0 0 0 255 3 0 0 0 0 0 0 0 0 0 0 0 0 0 0 0 0 1 9 1 0 0 0 0 0 0 1 1 1 0 0 0 0 0 0 0 0 0 0 1 1 1 1 4 1 120 1 1 0 0 1 3 10 178 232 240 229 149 15 1 30 92 92 29 163 197 2 16 19 1 1 1 1 2 32 1 1 1 1 1 121 255 209 12 242 4 1 1 0 1 1 1 1 2 23 142 178 182 178 151 80 19 13 17 22 1 1 1 1 1 1 1 1 1 1 2 0 1 0 0 0 0 0 0 0 1 1 1 1 0 0 2 1 0 0 0 0 1 2 0 0 0 0 151 1 1 1 1 0 0 0 0 0 0 0 1 84 4 0 1 1 0 0 0 0 1 50 171 0 0 0 0 1 1 1 1 1 1 0 0 0 0 0 0 0 0 0 0 0 0 0 0 0 0 0 0 0 0 0 0 0 0 0 0 0 0 0 0 0 0 0 0 0 3 250 38 0 0 0 0 0 4 1 0 0 0 218 0 0 0 0 0 0 0 0 0 0 0 0 0 0 0 0 0 0 0 0 0 0 0 0 0 0 0 0 0 0 0 0 0 0 0 0 0 0 0 0 0 0 0 0 0 0 0 0 0 0 2 255 192 0 0 0 0 0 0 0 0 0 0 0 0 0 0 0 0 0 0 0 0 0 0 0 0 0 0 0 0 0 0 0
1 1 0 0 1 1 1 1 1 217 1 1 0 0 0 1 1 0 1 230 2 0 0 0 1 18 1 3 4 3 4 2 1 7 44 1 1 1 1 1 11 20 4 1 1 2 228 217 17 1 0 0 1 176 101 0 1 1 1 1 1 253 250 1 0 0 0 0 0 1 255 196 1 1 1 1 4 5 5 5 5 5 4 3 255 26 1 1 1 1 249 253 1 1 0 0 0 252 252 1 1 0 0 1 31 1 0 0 0 255 2 0 0 0 0 0 0 1 1 1 1 1 1 1 0 0 0 0 0 0 0 0 0 0 0 0 0 50 0 0 0 0 0 0 0 0 0 0 0 0 0 0 0 0 0 0 0 0 0 0 0 0 0 0 0 0 0 0 0 0 0 1 1 1 1 1 109 248 251 251 76 0 0 0 0 0 0 0 0 0 0 0 0 0 0 0 0 0 0 0 255 16 0 0 0 0 0 0 0 0 0 0 0 0 0 0 0 0 0 2 5 1 0 0 0 0 1 1 1 0 0 0 0 0 0 0 0 0 0 0 0 1 0 0 4 1 26 42 1 1 1 1 169 237 156 19 2 1 1 1 1 1 1 0 0 2 179 185 4 1 1 1 1 1 35 1 1 0 0 1 1 1 237 255 204 12 242 4 1 1 1 1 3 127 187 148 19 2 1 1 1 1 1 1 9 61 0 0 0 0 0 0 0 0 1 1 2 0 1 0 0 0 0 0 1 1 1 1 0 0 0 0 2 1 0 0 0 0 1 2 0 0 0 0 147 1 1 1 1 1 0 0 0 0 0 0 0 4 85 1 1 0 0 0 0 1 1 220 1 0 0 0 0 0 0 1 1 1 1 1 1 0 0 0 0 0 0 0 0 0 0 0 0 0 0 0 0 0 0 0 0 0 0 0 0 0 0 0 0 0 0 0 0 0 0 181 236 1 0 0 0 0 1 5 0 0 0 218 0 0 0 0 0 0 0 0 0 0 0 0 0 0 0 0 0 0 0 0 0 0 0 0 0 0 0 0 0 0 0 0 0 0 0 0 0 0 0 0 0 0 0 0 0 0 0 0 0 0 0 173 255 1 0 0 0 0 0 0 0 0 0 0 0 0 0 0 0 0 0 0 0 0 0 0 0 0 0 0 0 0 0 0
1 1 1 1 1 1 1 1 2 212 1 1 0 0 0 1 1 1 1 34 210 1 0 0 1 28 4 3 1 1 1 1 0 1 44 5 1 1 6 13 1 2 1 1 92 240 50 1 12 0 0 1 195 53 0 1 1 1 0 0 1 255 4 1 1 1 0 0 1 1 240 255 5 5 4 3 1 1 0 0 1 1 1 1 255 1 0 1 1 1 255 238 1 0 0 0 0 19 255 1 1 0 1 33 1 0 0 0 0 255 1 1 1 1 1 1 1 1 0 0 0 1 0 0 0 0 0 0 0 0 0 0 0 0 0 0 0 48 1 0 0 0 0 0 0 0 0 0 0 0 0 0 0 0 0 0 0 0 0 0 0 0 0 0 0 0 0 0 0 0 0 0 0 1 1 1 1 1 1 2 251 5 1 0 0 0 0 0 0 0 0 0 0 0 0 0 0 0 0 1 255 124 0 0 0 0 0 0 0 0 0 0 0 0 0 0 0 0 0 1 8 1 0 0 0 0 1 0 0 0 0 0 0 0 0 0 0 0 0 0 0 1 0 1 4 1 1 147 2 1 1 180 180 2 1 0 0 1 1 1 1 1 1 1 10 31 2 177 16 0 1 0 1 13 6 1 1 1 0 1 1 1 1 250 255 205 16 242 5 1 6 120 185 38 2 1 1 0 0 1 1 0 0 1 7 81 1 0 0 0 0 0 0 0 1 1 1 0 1 0 0 0 0 0 1 1 0 1 1 0 0 0 2 1 1 0 0 0 1 1 0 0 0 0 78 24 0 1 0 1 0 0 0 0 0 0 0 1 13 56 1 0 0 0 0 1 162 65 0 0 0 0 0 0 0 0 0 1 1 1 1 1 1 1 0 0 0 0 0 0 0 0 0 0 0 0 0 0 0 0 0 0 0 0 0 0 0 0 0 0 0 0 0 0 0 1 231 199 1 0 0 0 0 5 1 1 141 168 0 0 0 0 0 0 0 0 0 0 0 0 0 0 0 0 0 0 0 0 0 0 0 0 0 0 0 0 0 0 0 0 0 0 0 0 0 0 0 0 0 0 0 0 0 0 0 0 0 0 0 3 255 1 0 0 0 0 0 0 0 0 0 0 0 0 0 0 0 0 0 0 0 0 0 0 0 0 0 0 0 0 0 0
1 0 0 0 1 1 1 1 67 157 1 1 1 1 1 3 3 1 1 1 224 7 1 1 4 29 1 0 1 1 0 0 0 0 1 75 2 13 2 1 1 1 3 225 220 1 0 7 2 0 1 212 23 0 1 1 1 0 0 1 1 255 1 0 1 1 1 1 1 0 2 255 1 1 1 1 1 1 1 1 1 2 5 78 255 1 1 1 1 1 255 98 1 0 0 0 0 1 255 1 1 1 24 2 0 0 0 0 0 255 1 0 0 0 0 0 0 0 0 0 0 0 0 0 0 0 0 0 0 0 0 0 0 0 0 0 0 19 6 0 0 0 0 0 0 0 0 0 0 0 0 0 0 0 0 0 0 0 0 0 0 0 0 0 0 0 0 0 0 0 0 0 0 0 0 1 0 1 1 1 47 249 1 1 1 1 0 0 0 0 0 0 0 0 0 0 0 0 0 0 255 243 0 0 0 0 0 0 0 0 0 0 0 0 0 0 0 0 0 1 2 6 1 0 0 1 1 0 0 0 0 0 0 0 0 0 0 0 0 0 0 1 1 1 1 5 0 2 166 7 162 178 1 1 1 0 0 1 1 1 1 3 43 33 8 1 0 7 188 1 1 1 6 11 1 1 1 1 1 1 1 0 1 1 251 255 212 205 254 180 148 48 1 0 0 1 1 1 1 1 0 0 0 1 1 85 5 0 0 0 0 0 0 0 1 2 0 0 1 1 1 0 0 0 1 0 0 1 1 0 0 0 2 2 0 0 0 0 2 1 0 0 0 0 7 117 0 1 1 1 0 0 0 0 0 0 0 0 1 41 22 1 0 0 1 4 213 1 0 0 0 0 0 0 0 0 0 0 0 1 1 1 1 1 1 1 0 0 0 0 0 0 0 0 0 0 0 0 0 0 0 0 0 0 0 0 0 0 0 0 0 0 0 0 0 0 5 234 204 1 0 0 0 1 21 213 89 1 0 0 0 0 0 0 0 0 0 0 0 0 0 0 0 0 0 0 0 0 0 0 0 0 0 0 0 0 0 0 0 0 0 0 0 0 0 0 0 0 0 0 0 0 0 0 0 0 0 0 0 1 255 56 1 0 0 0 0 0 0 0 0 0 0 0 0 0 0 0 0 0 0 0 0 0 0 0 0 0 0 0 0 0
1 1 1 1 1 1 0 1 159 62 1 1 3 3 2 1 1 1 1 1 6 224 1 12 22 1 0 0 0 1 0 0 0 0 1 4 40 1 0 0 1 47 241 74 1 0 1 14 1 5 218 7 0 1 1 0 0 0 0 1 186 255 1 1 1 0 0 1 1 1 1 255 2 23 171 235 241 241 241 241 241 241 241 232 255 1 1 1 1 1 255 6 1 0 0 0 0 1 255 1 1 4 14 0 0 0 0 1 1 255 1 0 0 0 0 0 0 0 0 0 0 0 0 0 0 0 0 0 0 0 0 0 0 0 0 0 0 1 47 0 0 0 0 0 0 0 0 0 0 0 0 0 0 0 0 0 0 0 0 0 0 0 0 0 0 0 0 0 0 0 0 0 0 0 0 0 0 0 0 0 1 251 2 1 1 1 1 1 0 0 0 0 0 0 0 0 0 0 0 0 255 255 0 0 0 0 0 0 0 0 0 0 0 0 0 0 0 0 0 0 1 9 1 0 1 1 1 0 0 0 0 0 0 0 0 0 0 0 0 0 0 0 1 1 1 3 2 0 1 212 198 1 1 1 1 1 0 0 1 1 1 19 5 1 0 0 0 1 105 106 1 9 13 1 0 1 1 1 1 1 1 0 0 1 1 244 255 247 134 254 16 1 0 0 0 1 1 1 1 1 0 0 0 1 1 6 78 2 0 0 0 0 0 0 1 2 1 1 1 1 1 1 0 0 1 1 1 0 1 0 0 0 1 3 0 0 0 0 2 1 1 1 0 0 1 149 0 1 1 1 1 0 0 0 0 0 0 0 1 1 77 6 1 0 1 210 5 0 0 0 0 0 0 0 0 0 0 0 0 0 0 0 1 1 1 1 1 1 0 0 0 0 0 0 0 0 0 0 0 0 0 0 0 0 0 0 0 0 0 0 0 0 0 0 0 0 0 5 229 231 10 0 0 0 226 1 0 2 1 0 0 0 0 0 0 0 0 0 0 0 0 0 0 0 0 0 0 0 0 0 0 0 0 0 0 0 0 0 0 0 0 0 0 0 0 0 0 0 0 0 0 0 0 0 0 0 0 0 0 1 235 254 1 0 0 0 0 0 0 0 0 0 0 0 0 0 0 0 0 0 0 0 0 0 0 0 0 0 0 0 0 0
0 1 1 1 1 1 1 1 193 16 2 2 1 0 0 0 0 1 1 1 1 221 127 8 1 0 0 0 0 0 0 0 0 0 0 1 5 1 0 1 215 231 4 0 0 1 1 16 101 215 1 1 1 1 0 0 0 1 1 1 255 179 0 0 1 2 135 169 169 169 175 255 241 238 190 35 2 1 1 1 1 1 1 190 255 1 0 1 1 1 255 1 1 0 0 0 0 1 255 241 3 27 1 0 0 0 0 1 1 255 1 0 0 0 0 0 0 0 0 0 0 0 0 0 0 0 0 0 0 0 0 0 0 0 0 0 0 0 52 0 0 0 0 0 0 0 0 0 0 0 0 0 0 0 0 0 0 0 0 0 0 0 0 0 0 0 0 0 0 0 0 0 0 0 0 0 0 0 0 0 0 84 251 249 20 1 1 1 1 0 0 0 0 0 0 0 0 0 1 1 252 255 1 0 0 0 0 0 0 0 0 0 0 0 0 0 0 0 0 0 1 5 3 0 1 1 0 0 0 0 0 0 0 0 0 0 0 0 0 0 0 0 1 1 1 1 7 1 18 140 1 1 1 1 1 1 1 0 1 1 1 20 1 6 1 1 0 0 2 186 45 9 1 1 1 1 1 0 1 0 1 0 1 1 0 7 252 255 252 254 253 1 0 0 1 1 1 1 1 1 1 1 0 0 1 1 9 85 29 2 1 0 1 1 1 3 1 0 0 0 1 1 1 1 1 1 1 1 1 1 1 1 1 3 3 2 1 1 2 0 0 1 1 0 0 151 0 0 1 1 1 0 0 0 0 0 0 0 0 1 3 87 2 1 2 218 0 0 0 0 0 0 0 0 0 0 0 0 0 0 0 0 0 0 1 1 1 1 1 1 1 0 0 0 0 0 0 0 0 0 0 0 0 0 0 0 0 0 0 0 0 0 0 0 0 0 0 0 1 197 244 66 0 0 226 1 1 1 1 1 0 0 0 0 0 0 0 0 0 0 0 0 0 0 0 0 0 0 0 0 0 0 0 0 0 0 0 0 0 0 0 0 0 0 0 0 0 0 0 0 0 0 0 0 0 0 0 0 0 0 7 255 1 0 0 0 0 0 0 0 0 0 0 0 0 0 0 0 0 0 0 0 0 0 0 0 0 0 0 0 0 0
0 1 1 1 1 5 146 175 208 7 3 1 1 1 0 1 1 2 4 6 5 3 237 1 0 0 0 0 0 1 1 1 1 0 0 1 1 4 39 240 112 1 2 1 1 1 5 231 142 1 1 1 1 1 1 1 1 1 1 1 255 1 1 60 165 152 6 1 1 52 251 255 2 1 1 1 1 1 1 0 1 1 1 255 151 1 0 1 1 2 255 1 1 1 1 1 2 3 166 255 18 1 0 0 0 0 0 1 1 255 2 0 0 0 0 0 0 0 0 0 0 0 0 0 0 0 0 0 0 0 0 0 0 0 0 0 0 0 52 0 0 0 0 0 0 0 0 0 0 0 0 0 0 0 0 0 0 0 0 0 0 0 0 0 0 0 0 0 0 0 0 0 0 0 0 0 0 0 0 0 0 1 1 72 251 251 240 2 1 1 1 1 1 1 1 1 1 1 1 0 180 255 1 0 0 0 0 0 0 0 0 0 0 0 0 0 0 0 0 0 0 1 9 1 1 0 0 0 0 0 0 0 0 0 0 0 0 0 0 0 0 0 0 1 1 1 1 34 148 2 0 1 1 1 1 1 1 1 1 0 1 12 2 1 5 6 1 0 1 25 180 3 1 0 0 1 1 0 1 0 1 1 1 1 139 211 144 253 255 180 255 178 1 0 1 0 0 1 1 0 1 0 0 0 1 1 1 40 142 175 153 129 97 59 29 3 0 0 1 1 1 1 0 0 1 0 0 1 1 0 0 0 1 1 1 2 2 3 3 0 0 0 0 0 0 151 0 0 1 1 1 1 0 0 0 0 0 0 0 0 1 9 69 1 57 167 0 0 0 0 0 0 0 0 0 0 0 0 0 0 0 0 0 0 0 0 0 1 1 1 1 1 1 0 0 0 0 0 0 0 1 1 0 0 0 0 0 0 0 0 0 0 0 0 0 0 0 0 0 0 114 244 166 1 226 1 1 1 1 1 1 1 1 0 0 0 0 0 0 0 0 0 0 0 0 0 0 0 0 0 0 0 0 0 0 0 0 0 0 0 0 0 0 0 0 0 0 0 0 0 0 0 0 0 0 0 0 0 0 0 1 255 4 1 0 0 0 0 0 0 0 0 0 0 0 0 0 0 0 0 0 0 0 0 0 0 0 0 0 0 0 0
1 1 5 138 170 145 6 1 84 4 1 1 2 3 2 2 2 2 1 1 1 1 192 117 0 0 1 1 1 1 1 0 1 1 1 1 1 214 234 2 1 0 1 2 2 193 232 4 1 1 1 1 1 1 2 8 6 1 1 1 255 147 160 50 1 1 1 1 171 250 11 255 2 0 0 0 0 0 0 0 1 1 1 255 1 1 0 1 1 3 255 1 3 5 5 3 2 1 1 255 0 1 0 0 0 0 0 1 0 255 2 1 0 0 0 0 0 0 0 0 0 0 0 0 0 0 0 0 0 0 0 0 0 0 0 0 0 0 45 1 0 0 0 0 0 0 0 0 0 0 0 0 0 0 0 0 0 0 0 0 0 0 0 0 0 0 0 0 0 0 0 0 0 0 0 0 0 0 0 0 0 0 0 1 1 1 206 251 251 142 1 1 1 0 0 0 0 0 1 1 29 255 1 0 0 0 0 0 0 0 0 0 0 0 0 0 0 0 0 0 0 1 9 1 1 0 0 0 0 0 0 0 0 0 0 0 0 0 0 0 0 0 0 0 0 0 5 186 9 1 0 0 1 0 1 1 1 0 0 1 1 1 16 1 0 1 5 1 7 2 9 180 84 2 1 2 1 1 1 1 1 1 84 228 142 5 2 2 250 253 223 255 1 1 1 0 0 0 0 0 0 0 0 0 0 1 9 9 1 4 11 28 52 93 144 94 5 1 1 1 1 0 0 0 1 0 0 1 1 0 0 0 1 1 1 1 0 1 4 0 0 0 0 0 0 152 0 0 1 1 0 1 1 0 0 0 0 0 0 0 1 1 31 31 53 171 0 0 0 0 0 0 0 0 0 0 0 0 0 0 0 0 0 0 0 0 0 0 0 1 1 1 1 1 1 1 0 0 0 1 1 1 0 0 0 0 0 0 0 0 0 0 0 0 0 0 0 0 0 0 0 24 239 221 234 1 0 0 0 0 0 0 1 0 0 0 0 0 0 0 0 0 0 0 0 0 0 0 0 0 0 0 0 0 0 0 0 0 0 0 0 0 0 0 0 0 0 0 0 0 0 0 0 0 0 0 0 0 0 0 1 252 245 1 0 0 0 0 0 0 0 0 0 0 0 0 0 0 0 0 0 0 0 0 0 0 0 0 0 0 0 0
124 175 155 9 1 1 1 1 95 2 1 0 0 0 0 0 1 1 0 0 0 1 1 237 1 1 4 6 3 1 1 1 1 0 1 27 240 132 1 2 18 156 226 235 232 85 19 25 1 0 1 1 1 7 3 1 1 3 5 235 255 2 1 1 1 0 0 47 250 1 1 255 5 0 0 0 0 0 0 1 1 1 6 255 1 1 0 1 1 4 255 1 4 0 0 0 0 1 1 255 1 1 0 0 0 0 0 1 0 255 11 0 0 0 0 0 0 0 0 0 0 0 0 0 0 0 0 0 0 0 0 0 0 0 0 0 0 0 4 26 0 0 0 0 0 0 0 0 0 0 0 0 0 0 0 0 0 0 0 0 0 0 0 0 0 0 0 0 0 0 0 0 0 0 0 0 0 0 0 0 0 0 0 0 0 1 1 1 5 249 251 249 10 1 1 0 1 1 1 0 5 255 1 0 0 0 0 0 0 0 0 0 0 0 0 0 0 0 0 0 0 0 2 6 0 0 0 0 0 0 0 0 0 0 0 0 0 0 0 0 0 0 0 0 0 1 170 7 4 6 1 1 1 0 1 1 1 0 0 1 0 1 18 1 1 0 6 28 1 1 1 1 92 199 202 167 24 2 1 2 33 218 178 3 1 2 2 2 4 255 236 255 243 1 1 0 0 0 0 0 1 1 1 2 15 16 6 1 1 1 1 1 1 2 1 67 111 3 1 1 1 0 0 0 0 0 0 1 0 0 0 0 1 1 1 1 1 6 6 1 0 0 0 0 0 152 0 0 0 1 0 0 1 1 0 0 0 0 0 0 0 1 1 64 16 218 0 0 0 0 0 0 0 0 0 0 0 0 0 0 0 0 0 0 0 0 0 0 0 0 0 0 1 1 1 1 1 1 1 1 0 1 0 0 0 0 0 0 0 0 0 0 0 0 0 0 0 0 0 0 0 0 3 216 253 237 2 0 0 0 0 0 1 0 0 0 0 0 0 0 0 0 0 0 0 0 0 0 0 0 0 0 0 0 0 0 0 0 0 0 0 0 0 0 0 0 0 0 0 0 0 0 0 0 0 0 0 0 0 0 0 35 255 1 0 0 0 0 0 0 0 0 0 0 0 0 0 0 0 0 0 0 0 0 0 0 0 0 0 0 0 0
22 1 1 1 1 1 1 0 106 3 1 0 0 0 0 0 1 1 1 1 2 81 133 225 225 63 56 60 94 106 101 25 7 17 63 244 237 232 232 229 216 124 4 1 1 1 1 25 1 1 1 4 5 1 1 1 1 1 1 255 190 0 0 0 0 0 0 253 5 1 1 255 21 0 0 1 1 1 1 1 1 4 253 244 1 1 0 1 1 4 255 2 1 0 0 0 0 1 0 255 161 1 1 0 0 0 0 1 0 255 134 0 0 0 0 0 0 0 0 0 0 0 0 0 0 0 0 0 0 0 0 0 0 0 0 0 0 0 1 51 0 0 0 0 0 0 0 0 0 0 0 0 0 0 0 0 0 0 0 0 0 0 0 0 0 0 0 0 0 0 0 0 0 0 0 0 0 0 0 0 0 0 0 0 0 0 0 1 1 1 1 127 251 251 214 2 1 0 0 0 2 255 1 0 0 0 0 0 0 0 0 0 0 0 0 0 0 0 0 0 0 0 5 3 0 0 0 0 0 0 0 0 0 0 0 0 0 0 0 0 0 0 0 0 1 80 54 1 0 2 10 8 7 4 2 1 1 0 1 1 1 1 3 10 1 5 7 1 8 1 1 1 0 1 4 51 187 217 221 218 189 172 1 1 1 1 1 1 1 22 255 205 255 1 1 0 1 0 0 1 1 1 4 6 1 0 1 0 0 1 0 1 1 1 0 1 109 53 1 1 0 1 1 0 0 0 0 1 0 0 0 0 0 0 2 22 19 12 17 19 1 0 0 0 0 152 0 0 0 1 0 0 1 1 0 0 0 0 0 0 0 1 1 2 86 208 15 0 0 0 0 0 0 0 0 0 0 0 0 0 0 0 0 0 0 0 0 0 0 0 0 0 0 0 1 1 1 1 1 1 0 1 1 0 0 0 0 0 0 0 0 0 0 0 0 0 0 0 0 0 0 0 0 1 167 247 250 14 0 0 0 0 1 0 0 0 0 0 0 0 0 0 0 0 0 0 0 0 0 0 0 0 0 0 0 0 0 0 0 0 0 0 0 0 0 0 0 0 0 0 0 0 0 0 0 0 0 0 0 0 0 2 255 1 0 0 0 0 0 0 0 0 0 0 0 0 0 0 0 0 0 0 0 0 0 0 0 0 0 0 0 0
2 1 1 2 2 1 1 1 112 9 1 0 0 0 1 1 1 3 49 141 131 19 1 1 234 2 1 1 1 1 1 28 66 39 8 1 1 1 0 1 1 1 1 0 0 0 1 2 17 1 7 2 0 0 0 0 0 0 1 255 1 0 0 0 0 0 1 253 1 1 1 255 80 1 1 3 107 247 250 250 250 250 255 1 0 1 1 1 3 3 255 2 0 0 0 0 0 1 1 241 255 0 1 0 0 0 0 1 0 255 242 1 1 1 0 0 0 0 0 0 0 0 0 0 0 0 0 0 0 0 0 0 0 0 0 0 0 0 0 53 1 0 0 0 0 0 0 0 0 0 0 0 0 0 0 0 0 0 0 0 0 0 0 0 0 0 0 0 0 0 0 0 0 0 0 0 0 0 0 0 0 0 0 0 0 0 0 0 0 1 1 1 1 1 241 252 252 51 1 1 1 255 1 0 0 0 0 0 0 0 0 0 0 0 0 0 0 0 0 0 0 0 3 5 1 0 0 0 0 0 0 0 0 0 0 0 0 0 0 0 0 0 0 0 1 165 3 0 0 1 1 1 1 6 9 14 4 1 1 1 1 2 1 12 13 6 1 1 2 4 1 1 0 1 1 1 1 0 1 1 1 162 4 1 1 1 1 1 1 1 244 255 255 35 1 1 1 1 1 1 1 4 3 0 0 0 1 1 0 1 0 1 1 0 0 0 5 165 3 1 1 0 1 0 1 1 1 1 0 0 0 0 0 1 19 2 1 2 1 2 23 1 0 0 0 152 1 0 0 1 1 0 0 1 1 0 0 0 0 0 0 0 1 1 7 97 216 2 0 0 0 0 0 0 0 0 0 0 0 0 0 0 0 0 0 0 0 0 0 0 0 0 0 0 0 0 0 1 1 1 1 1 1 1 0 0 0 0 0 0 0 0 0 0 0 0 0 0 0 0 0 0 0 0 1 63 227 252 2 0 0 0 1 0 0 0 0 0 0 0 0 0 0 0 0 0 0 0 0 0 0 0 0 0 0 0 0 0 0 0 0 0 0 0 0 0 0 0 0 0 0 0 0 0 0 0 0 0 0 0 0 1 255 181 0 0 0 0 0 0 0 0 0 0 0 0 0 0 0 0 0 0 0 0 0 0 0 0 0 0 0 0
1 3 2 1 1 1 4 1 71 38 1 0 0 1 5 99 139 126 25 3 1 1 1 1 54 206 1 0 1 1 1 1 1 1 0 0 0 0 0 0 0 0 0 1 1 1 1 1 64 20 1 1 0 0 0 0 0 0 1 255 0 0 0 0 0 0 1 254 1 1 0 255 253 250 250 250 244 69 1 1 1 7 253 1 0 1 1 1 3 39 255 1 1 0 0 0 0 0 1 13 255 1 1 0 0 0 0 1 0 253 253 1 1 1 0 0 0 0 0 0 0 0 0 0 0 0 0 0 0 0 0 0 0 0 0 0 0 0 0 38 2 0 0 0 0 0 0 0 0 0 0 0 0 0 0 0 0 0 0 0 0 0 0 0 0 0 0 0 0 0 0 0 0 0 0 0 0 0 0 0 0 0 0 0 0 0 0 0 0 0 0 0 1 1 1 1 38 250 252 230 2 255 1 0 0 0 0 0 0 0 0 0 0 0 0 0 0 0 0 0 0 0 1 9 1 1 0 0 0 0 0 0 0 0 0 0 0 0 0 0 0 1 1 1 2 148 4 1 0 1 1 1 0 2 2 1 3 7 1 1 0 2 18 49 2 1 1 2 1 1 5 1 1 1 1 1 1 0 0 0 1 136 15 1 1 0 1 1 1 1 3 255 254 255 1 1 1 1 1 2 4 2 0 0 0 0 0 1 1 1 1 2 1 0 0 0 1 119 44 1 1 1 1 1 1 0 1 1 0 0 0 0 0 15 2 0 1 2 0 0 4 11 0 0 0 100 12 0 0 1 1 0 0 0 1 1 0 0 0 0 0 0 1 1 1 21 117 196 1 0 0 0 0 0 0 0 0 0 0 0 0 0 0 0 0 0 0 0 0 0 0 0 0 0 0 0 0 0 0 1 0 1 1 1 1 1 1 1 1 0 0 0 0 0 0 0 0 0 0 0 0 0 0 0 0 1 52 244 241 0 0 0 1 0 0 0 0 0 0 0 0 0 0 0 0 0 0 0 0 0 0 0 0 0 0 0 0 0 0 0 0 0 0 0 0 0 0 0 0 0 0 0 0 0 0 0 0 0 0 0 0 1 168 255 1 0 0 0 0 0 0 0 0 0 0 0 0 0 0 0 0 0 0 0 0 0 0 0 0 0 0 0
1 1 0 0 2 3 3 1 14 109 1 1 63 136 107 7 1 1 1 2 0 1 1 0 1 229 6 0 1 1 0 0 0 0 0 0 0 0 0 1 1 1 1 1 1 9 28 30 3 1 4 1 0 0 0 1 1 1 235 255 0 0 0 0 0 0 1 254 1 1 1 255 244 1 1 1 1 1 0 1 1 250 140 1 0 1 1 3 1 228 255 1 1 0 0 0 0 1 1 1 255 1 1 0 0 0 0 1 0 181 255 1 0 1 0 0 0 0 0 0 0 0 0 0 0 0 0 0 0 0 0 0 0 0 0 0 0 0 0 2 41 0 0 0 0 0 0 0 0 0 0 0 0 0 0 0 0 0 0 0 0 0 0 0 0 0 0 0 0 0 0 0 0 0 0 0 0 0 0 0 0 0 0 0 0 0 0 0 0 0 0 0 0 0 0 1 1 1 2 234 250 255 1 0 0 0 0 0 0 0 0 0 0 0 0 0 0 0 0 0 0 0 0 1 9 1 0 0 0 0 0 0 0 0 0 0 0 0 0 0 1 1 1 1 2 31 86 1 1 1 0 0 0 2 2 1 0 1 7 9 9 79 13 1 1 1 1 1 2 1 1 5 1 1 1 0 1 0 1 1 1 165 148 1 1 1 1 1 1 1 1 237 255 255 2 1 1 1 3 3 1 1 1 0 0 0 0 0 1 1 1 1 1 1 0 0 0 28 120 2 1 1 1 0 0 0 0 1 0 0 0 0 4 10 1 1 3 1 1 0 0 27 1 0 0 28 68 0 0 0 1 0 0 0 0 1 1 0 0 0 0 0 0 1 1 1 54 161 140 1 0 0 0 0 0 0 0 0 0 0 0 0 0 0 0 0 0 0 0 0 0 0 0 0 0 0 0 0 0 0 0 0 0 1 1 1 0 0 0 0 0 0 0 0 0 0 0 0 0 0 0 0 0 0 0 0 1 239 252 0 0 0 1 0 0 0 0 0 0 0 0 0 0 0 0 0 0 0 0 0 0 0 0 0 0 0 0 0 0 0 0 0 0 0 0 0 0 0 0 0 0 0 0 0 0 0 0 0 0 0 0 0 3 255 1 0 0 0 0 0 0 0 0 0 0 0 0 0 0 0 0 0 0 0 0 1 3 23 74 64 9 1
1 1 0 1 3 1 1 1 2 147 59 134 22 1 1 0 0 0 0 2 1 1 1 0 0 10 225 1 1 1 0 0 0 0 0 1 1 1 1 1 1 4 28 34 29 7 1 1 1 1 3 1 1 1 1 1 1 1 255 197 0 0 0 0 0 1 1 254 1 1 1 255 254 1 1 1 1 0 1 1 3 253 1 0 0 1 1 4 1 228 255 0 1 1 0 0 0 1 0 1 255 3 1 0 0 0 0 1 1 1 255 1 0 1 1 0 0 0 0 0 0 0 0 0 0 0 0 0 0 0 0 0 0 0 0 0 0 0 0 1 55 0 0 0 0 0 0 0 0 0 0 0 0 0 0 0 0 0 0 0 0 0 0 0 0 0 0 0 0 0 0 0 0 0 0 0 0 0 0 0 0 0 0 0 0 0 0 0 0 0 0 0 0 0 0 1 1 1 1 4 51 255 1 0 0 0 0 0 0 0 0 0 0 0 0 0 0 0 0 0 0 0 0 1 11 1 0 0 0 0 0 0 0 0 0 0 0 0 0 0 1 0 0 1 1 1 151 4 1 0 0 0 0 2 2 1 0 0 0 0 1 43 1 1 1 1 1 1 1 2 0 1 6 2 0 0 0 0 1 1 10 237 205 224 181 7 1 1 1 1 3 125 255 255 97 1 1 1 15 5 0 0 1 1 1 0 0 1 2 1 0 0 0 1 0 0 0 1 129 35 1 1 1 1 0 0 0 1 2 7 24 57 27 3 2 3 2 1 1 0 0 25 1 0 1 10 168 4 6 2 1 1 0 0 0 1 1 1 0 0 0 0 0 0 1 0 2 83 201 32 0 0 0 0 0 0 0 0 0 0 0 0 0 0 0 0 0 0 0 0 0 0 0 0 0 0 0 0 0 0 0 0 0 0 0 1 1 1 0 0 1 1 0 0 0 0 0 0 0 0 0 0 0 0 0 0 1 202 255 0 0 0 1 0 0 0 0 0 0 0 0 0 0 0 0 0 0 0 0 0 0 0 0 0 0 0 0 0 0 0 0 0 0 0 0 0 0 0 0 0 0 0 0 0 0 0 0 0 0 0 0 0 1 255 26 0 0 0 0 0 0 0 0 0 0 0 1 1 2 8 68 117 123 125 125 122 109 52 11 15 85 123
1 1 0 4 1 1 1 1 58 214 19 1 1 0 0 0 0 0 0 1 1 0 1 0 0 1 212 44 1 1 1 0 0 0 1 1 0 2 18 28 37 18 1 1 0 0 0 0 0 1 1 4 1 1 1 0 0 1 255 1 0 0 0 0 0 1 1 254 1 0 1 250 255 1 1 0 0 1 1 1 248 178 1 0 0 0 1 3 1 91 255 1 0 0 0 0 0 1 0 0 255 239 1 1 0 0 0 0 1 1 255 1 0 0 1 0 0 0 0 0 0 0 0 0 0 0 0 0 0 0 0 0 0 0 0 0 0 0 0 0 55 1 0 0 0 0 0 0 0 0 0 0 0 0 0 0 0 0 0 0 0 0 0 0 0 0 0 0 0 0 0 0 0 0 0 0 0 0 0 0 0 0 0 0 0 0 0 0 0 0 0 0 0 0 0 0 1 1 1 1 1 255 1 0 0 0 0 0 0 0 0 0 0 0 0 0 0 0 0 0 0 0 0 4 3 1 0 0 0 0 0 0 0 0 0 0 0 0 0 0 1 0 1 2 0 1 9 135 1 1 1 0 0 2 2 1 0 0 0 0 1 42 1 1 1 1 0 1 1 2 1 1 2 4 0 0 0 0 1 191 239 63 2 9 97 226 213 183 200 226 230 173 255 255 208 2 0 3 7 1 1 0 0 0 1 0 1 2 1 0 0 0 0 1 1 0 0 7 228 228 158 65 20 11 20 45 118 172 172 151 117 69 106 1 0 2 1 2 0 0 0 4 26 23 24 17 175 3 1 6 2 1 0 0 0 0 1 1 0 0 0 0 0 0 1 1 1 5 88 218 3 0 0 0 0 0 0 0 0 0 0 0 0 0 0 1 1 0 0 0 0 0 0 0 0 0 0 0 0 0 0 0 0 0 0 0 0 1 1 0 0 1 1 0 0 0 0 0 0 0 0 0 0 0 0 0 0 202 255 0 0 0 1 0 0 0 0 0 0 0 0 0 0 0 0 0 0 0 0 0 0 0 0 0 0 0 0 0 0 0 0 0 0 0 0 0 0 0 0 0 0 0 0 0 0 0 0 0 0 0 0 0 1 241 254 1 0 0 1 1 1 6 61 117 124 125 125 123 118 86 13 2 1 1 0 0 0 0 0 0 0 1
1 1 1 4 1 1 20 221 181 1 1 0 0 0 0 0 0 0 0 1 1 0 1 0 0 0 2 234 1 1 1 0 0 1 8 29 30 21 2 1 1 4 0 0 0 0 0 0 0 1 1 4 1 0 0 0 0 2 255 1 0 0 0 0 0 1 1 254 1 0 1 191 255 1 0 0 1 1 1 233 241 1 0 0 0 0 3 1 1 7 255 1 0 0 0 0 0 0 0 0 242 255 1 1 0 0 0 1 1 0 255 221 1 0 0 0 0 0 0 0 0 0 0 0 0 0 0 0 0 0 0 0 0 0 0 0 0 0 0 0 31 3 0 0 0 0 0 0 0 0 0 0 0 0 0 0 0 0 0 0 0 0 0 0 0 0 0 0 0 0 0 0 0 0 0 0 0 0 0 0 0 0 0 0 0 0 0 0 0 0 0 0 0 0 0 0 1 1 0 1 1 255 1 0 0 0 0 0 0 0 0 0 0 0 0 0 0 0 0 0 1 1 1 8 1 0 0 0 0 0 0 0 0 0 0 0 0 0 0 1 1 0 1 2 1 1 1 95 26 0 1 1 1 4 3 1 0 0 0 0 1 39 1 1 1 1 1 1 1 2 3 3 3 9 1 0 0 1 213 165 1 1 1 1 1 1 33 98 62 9 2 1 230 255 254 4 1 10 2 0 1 1 0 1 1 0 2 1 0 0 0 0 0 0 1 2 143 235 217 181 238 243 246 246 170 107 29 3 1 1 1 1 97 2 0 1 1 2 0 0 0 1 3 1 1 0 180 1 0 1 7 1 0 0 0 0 0 1 1 0 0 0 0 0 0 1 0 1 14 103 209 1 0 0 0 0 0 0 0 0 0 0 0 0 0 1 1 0 0 0 0 0 0 0 0 0 0 0 0 0 0 0 0 0 0 0 0 0 1 1 1 0 1 1 1 1 1 0 0 0 0 0 0 0 0 0 0 242 250 0 0 0 0 1 0 0 0 0 0 0 0 0 0 0 0 0 0 0 0 0 0 0 0 0 0 0 0 0 0 0 0 0 0 0 0 0 0 0 0 0 0 0 0 0 0 0 0 0 0 0 0 0 0 7 255 104 123 124 124 124 120 94 16 2 1 0 0 0 0 0 0 0 0 0 0 0 0 0 0 0 0 0
1 0 1 2 1 198 211 4 1 0 0 0 0 0 0 0 0 0 0 0 2 0 1 1 0 0 1 153 143 1 3 14 19 30 6 1 0 1 1 0 0 4 0 0 0 0 0 0 0 1 1 4 1 1 1 1 1 236 255 0 0 0 0 0 0 1 3 253 1 0 1 255 254 0 0 1 1 1 158 250 1 1 0 0 0 1 3 1 1 1 255 1 1 1 0 0 0 0 0 0 45 255 1 1 1 1 0 1 1 0 226 255 1 0 0 0 0 0 0 0 1 1 0 0 0 0 0 0 0 0 0 0 0 0 0 0 0 0 0 0 1 43 0 0 0 0 0 0 0 0 0 0 0 0 0 0 0 0 0 0 0 0 0 0 0 0 0 0 0 0 0 0 0 0 0 0 0 0 0 0 0 0 0 0 0 0 0 0 0 0 0 0 0 0 0 0 0 0 0 1 0 255 1 0 0 0 0 1 0 0 0 0 0 0 0 0 0 0 0 0 1 1 2 16 4 1 1 0 0 0 0 0 0 0 0 0 0 0 1 1 1 1 2 2 0 0 0 1 161 1 0 1 1 5 2 1 0 0 0 0 1 18 9 2 2 2 3 2 3 2 1 1 5 39 5 4 34 236 172 4 1 0 1 1 1 1 0 0 0 0 0 1 2 255 255 9 36 103 2 0 0 1 1 1 1 0 2 0 0 0 1 35 19 86 201 241 196 7 1 1 6 1 1 39 179 1 0 0 0 0 1 1 78 5 1 1 1 1 0 0 0 1 4 1 1 0 148 9 0 1 8 1 1 0 0 0 0 1 1 1 0 0 0 0 0 1 1 0 1 45 144 162 1 0 0 0 0 0 0 0 0 0 0 0 0 1 0 0 0 0 0 0 0 0 0 0 0 0 0 0 0 0 0 0 0 0 0 0 0 0 1 1 0 0 0 0 1 0 0 0 0 0 0 0 0 0 16 255 13 0 0 0 0 1 1 1 1 1 1 1 1 1 1 0 0 0 0 0 0 0 0 0 0 0 0 0 0 0 0 0 0 0 0 0 0 0 0 0 0 0 0 0 0 0 0 0 0 0 0 0 0 0 0 1 255 7 1 1 0 0 0 0 0 0 0 0 0 0 0 0 0 0 0 0 0 0 0 0 0 0 0 0
1 1 2 2 188 75 1 1 0 0 0 0 0 0 0 0 0 0 0 0 2 0 0 1 0 0 0 1 238 25 10 1 1 2 0 0 0 0 1 0 0 3 1 0 0 0 0 1 1 1 1 2 1 0 0 0 0 255 200 0 0 0 0 0 1 1 14 253 0 0 1 255 4 0 1 1 1 38 251 2 1 0 0 0 0 3 1 1 1 1 255 1 1 0 0 0 0 0 0 0 2 255 0 1 1 1 1 1 1 0 2 255 1 0 0 1 1 14 3 3 3 3 1 0 0 0 0 0 0 0 0 0 0 0 0 0 0 0 0 1 1 62 0 0 0 0 0 0 0 0 0 0 0 0 0 0 0 0 0 0 0 0 0 0 0 0 0 0 0 0 0 0 0 0 0 0 0 0 0 0 0 0 0 0 0 0 0 0 0 0 0 0 0 0 0 0 0 0 0 1 0 255 1 1 1 1 0 1 1 0 0 0 0 0 0 0 0 1 1 0 0 0 1 1 5 10 10 3 1 1 1 0 0 0 0 0 0 0 0 1 1 1 2 1 1 1 1 0 19 117 1 1 1 4 2 1 0 0 0 1 5 22 1 1 1 1 1 2 3 5 8 31 172 232 245 245 239 52 1 3 2 0 1 0 0 1 0 0 0 0 0 0 1 255 255 18 3 2 107 3 2 2 3 8 12 15 28 10 31 184 222 227 237 220 139 4 1 0 0 0 5 3 4 6 168 50 1 1 0 0 0 1 56 10 1 1 2 1 0 0 0 0 4 0 0 0 51 86 0 0 6 2 1 0 0 0 1 1 1 1 1 0 0 0 0 0 1 0 1 2 69 192 58 0 0 0 0 0 0 0 0 0 0 0 0 2 2 0 0 0 0 0 0 0 0 0 0 0 0 0 0 0 0 0 0 0 0 0 0 0 0 1 1 1 0 0 1 0 0 0 0 0 0 0 0 1 255 87 1 1 1 1 1 1 1 1 1 1 1 1 1 1 1 1 1 1 1 1 1 1 1 1 1 1 1 1 1 1 1 1 1 1 1 1 1 1 1 1 0 0 0 0 0 0 0 0 0 0 0 0 0 0 0 1 254 241 0 0 0 0 0 0 0 0 0 0 0 0 0 0 0 0 0 0 0 0 0 0 0 0 0 0
1 1 3 2 231 1 1 0 0 0 0 0 1 0 0 0 1 1 0 1 1 1 0 1 1 8 11 9 108 187 1 0 1 2 1 0 0 1 1 1 1 1 3 0 0 1 1 1 1 1 1 1 3 1 1 1 1 255 1 1 1 1 1 1 1 1 168 248 0 1 1 255 1 0 1 1 4 253 9 1 0 0 0 0 1 3 1 1 1 1 255 11 1 0 0 0 0 0 0 0 1 255 1 1 1 1 1 1 3 31 128 255 188 186 186 186 182 153 182 1 1 1 2 1 0 0 0 0 0 0 0 0 0 0 0 0 1 1 2 2 1 69 0 0 0 0 0 0 0 0 0 0 0 0 0 0 0 0 0 0 0 0 0 0 0 0 0 0 0 0 0 0 0 0 0 0 0 0 0 0 0 0 0 0 0 0 0 0 0 0 0 0 0 0 0 0 0 0 0 0 0 255 2 1 0 0 0 0 1 0 0 0 0 0 0 0 0 1 1 1 0 0 0 1 1 1 1 5 10 10 5 1 1 1 0 0 0 0 0 1 1 2 1 1 1 1 1 1 1 139 12 1 0 1 5 2 1 1 1 2 54 2 2 3 3 5 44 189 230 239 239 229 148 20 2 1 1 1 0 1 2 3 1 0 0 1 1 1 0 0 0 0 1 255 255 3 1 1 3 132 119 81 103 125 189 209 206 220 169 169 99 6 1 1 0 1 0 0 0 0 1 0 0 0 7 164 1 1 0 0 0 1 82 4 1 1 2 0 0 0 0 0 4 0 0 0 1 176 0 0 1 6 1 0 0 1 1 0 0 1 1 0 0 0 0 0 0 1 0 1 7 68 216 6 0 0 0 0 0 0 0 0 0 0 0 4 1 0 0 0 0 0 0 0 0 0 0 0 0 0 0 0 0 0 0 0 0 0 0 0 0 0 0 1 1 0 1 0 0 0 0 0 0 0 0 252 239 0 0 0 0 0 0 0 0 0 0 0 0 0 0 0 0 0 0 0 0 0 0 0 0 0 0 0 0 0 0 0 0 0 0 0 0 0 0 0 0 1 1 0 0 0 0 0 0 0 0 0 0 0 0 0 0 0 65 255 1 0 0 0 0 0 0 0 0 0 0 0 0 0 0 0 0 0 0 0 0 0 0 0 0 0
1 1 1 3 229 1 1 1 0 0 0 1 2 13 12 11 11 11 12 11 8 5 8 11 8 1 1 0 1 232 3 1 1 1 1 1 1 1 0 0 1 1 4 1 1 1 1 1 1 1 1 1 1 1 1 1 2 255 1 1 1 1 1 1 1 1 250 121 0 1 13 255 1 1 1 1 250 94 1 0 0 0 0 1 3 1 1 1 1 1 247 253 1 0 0 0 1 1 10 98 128 255 181 168 166 168 171 179 167 109 21 253 242 1 1 1 1 1 189 1 0 0 1 2 1 0 0 0 0 0 0 0 1 1 1 1 3 2 1 0 0 65 1 0 0 0 0 0 0 0 0 0 0 0 0 0 0 0 0 0 0 0 0 0 0 0 0 0 0 0 0 0 0 0 0 0 0 0 0 0 0 0 0 0 0 0 0 0 0 0 0 0 0 0 0 0 0 0 0 0 0 255 9 1 0 0 0 0 1 0 0 0 0 0 0 0 0 1 0 0 0 0 0 0 1 1 1 0 1 1 2 9 10 7 1 1 1 1 1 1 1 2 1 1 0 1 1 1 1 3 166 2 0 1 5 2 2 2 1 1 99 77 197 232 237 237 221 111 11 1 1 1 1 1 1 1 1 1 0 0 1 3 1 0 0 0 1 1 3 3 2 1 1 255 255 227 51 140 171 176 189 171 146 97 11 1 1 2 150 6 1 1 1 1 0 1 1 0 0 0 1 0 0 0 1 95 117 117 39 1 0 0 108 1 1 1 2 0 1 1 0 0 4 1 0 0 0 182 1 0 0 8 1 1 1 1 0 0 0 0 1 1 0 0 0 0 0 0 0 0 1 21 66 214 1 0 0 0 0 0 0 0 0 1 2 3 0 0 0 0 0 0 0 0 0 0 0 0 0 0 0 0 0 0 0 0 0 0 0 0 0 0 0 0 1 1 1 1 0 0 0 0 0 0 182 255 1 0 0 0 0 0 0 0 0 0 0 0 0 0 0 0 0 0 0 0 0 0 0 0 0 0 0 0 0 0 0 0 0 0 0 0 0 0 0 0 0 1 1 0 0 0 0 0 0 0 0 0 0 0 0 0 0 0 1 255 1 0 0 0 0 0 0 0 0 0 0 0 0 0 0 0 0 0 0 0 0 0 0 0 0 0
1 1 2 3 221 11 1 1 1 1 9 15 7 1 1 1 0 1 1 1 1 7 1 0 0 0 0 0 0 34 219 1 0 1 1 0 0 1 0 0 1 1 3 1 0 0 1 1 1 1 1 1 1 1 1 1 239 255 1 1 1 1 0 1 1 1 253 2 1 1 255 254 1 1 1 247 203 1 1 0 0 0 0 2 1 1 1 1 1 1 1 255 3 49 152 162 174 129 78 4 1 242 255 1 1 1 1 2 1 1 0 1 255 1 0 0 0 0 189 1 0 0 0 1 2 3 2 2 2 2 3 3 3 2 2 1 0 0 0 0 0 10 20 0 0 0 0 0 0 0 0 0 0 0 0 0 0 0 0 0 0 0 0 0 0 0 0 0 0 0 0 0 0 0 0 0 0 0 0 0 0 0 0 0 0 0 0 0 0 0 0 0 0 0 0 0 0 0 0 0 0 255 119 1 0 0 0 0 1 0 0 0 0 0 0 0 0 1 0 0 0 0 0 0 0 1 1 1 0 0 1 1 1 2 9 14 18 7 2 2 3 1 1 0 1 1 1 0 0 0 7 169 113 8 6 1 1 1 2 166 241 216 92 7 1 1 1 1 0 0 0 1 1 0 1 1 1 1 1 1 1 1 5 0 0 1 2 3 1 1 2 4 5 255 255 255 79 8 1 1 3 4 2 1 0 0 0 3 77 1 1 1 0 1 0 0 1 0 1 2 2 1 1 2 3 8 2 1 94 40 2 3 94 1 1 1 2 1 1 1 1 1 3 2 0 0 0 97 43 0 0 7 1 1 1 1 1 1 0 0 0 1 1 0 0 0 0 0 0 0 1 1 37 123 179 1 0 0 0 0 0 0 0 2 3 0 0 0 0 0 0 0 0 0 0 0 0 0 0 0 0 0 0 0 0 0 0 0 0 0 0 0 0 0 0 1 1 1 1 0 0 0 0 42 255 2 0 0 0 0 0 0 0 0 0 0 0 0 0 0 0 0 0 0 0 0 0 0 0 0 0 0 0 0 0 0 0 0 0 0 0 0 0 0 0 0 0 0 1 0 0 0 0 0 0 0 0 0 0 0 0 0 0 0 1 255 157 0 0 0 0 0 0 0 0 0 0 0 0 0 0 0 0 0 0 0 0 0 0 0 0 0
1 1 1 2 4 222 6 1 2 15 2 0 1 0 1 1 0 0 0 0 0 2 0 0 0 0 0 0 0 1 223 22 0 0 2 0 0 1 1 0 0 1 1 2 0 0 0 1 1 1 1 1 1 1 1 1 255 200 1 1 0 1 0 1 1 1 254 1 0 1 255 4 1 1 233 242 1 0 0 0 0 0 1 2 1 1 1 1 1 1 3 255 250 49 2 1 25 1 0 0 0 1 255 193 1 1 1 2 1 1 1 0 255 180 1 0 0 0 189 1 0 0 0 0 0 0 1 1 1 1 0 0 0 0 0 0 0 0 0 0 0 1 67 0 0 0 0 0 0 0 0 0 0 0 0 0 0 0 0 0 0 0 0 0 0 0 0 0 0 0 0 0 0 0 0 0 0 0 0 0 0 0 0 0 0 0 0 0 0 0 0 0 0 0 0 0 0 0 0 0 0 255 245 1 0 0 0 0 1 0 0 0 0 0 0 0 0 1 0 0 0 0 0 0 0 1 1 1 1 1 0 0 0 0 1 6 1 6 15 14 7 14 4 2 1 1 0 0 0 0 0 1 32 156 205 242 226 233 245 197 4 3 0 0 0 0 0 0 0 0 0 1 1 1 1 1 1 1 1 1 1 1 2 5 3 4 2 1 1 0 1 1 1 106 255 255 1 1 1 0 1 13 1 0 0 0 0 43 13 1 0 1 0 1 1 1 1 1 2 1 1 2 2 2 1 3 4 0 1 23 103 190 74 1 1 1 2 1 0 0 0 0 1 4 0 0 0 1 178 1 0 2 4 1 1 1 0 0 0 0 0 1 1 1 0 0 0 0 0 0 0 1 5 40 184 91 1 0 0 0 0 0 2 3 0 0 0 0 0 0 0 0 0 0 0 0 0 0 0 0 0 0 0 0 0 0 0 0 0 0 0 0 0 0 0 0 1 1 1 0 0 0 1 255 142 0 0 0 0 0 0 0 0 0 0 0 0 0 0 0 0 0 0 0 0 0 0 0 0 0 0 0 0 0 0 0 0 0 0 0 0 0 0 0 0 0 0 0 1 0 0 0 0 0 0 0 0 0 0 0 0 0 0 0 0 196 255 1 0 0 0 0 0 0 0 0 0 0 0 0 0 0 0 0 0 0 0 0 0 0 0 0
1 1 1 2 1 6 220 4 14 1 1 0 1 0 0 1 1 0 0 0 0 2 1 0 0 0 0 1 1 1 12 227 1 1 2 1 0 0 1 0 0 1 0 3 0 0 1 1 1 1 1 0 0 1 1 1 255 1 1 1 1 1 0 1 1 2 253 1 1 1 255 1 1 180 248 1 1 0 0 0 0 1 2 1 2 4 12 15 16 13 7 19 255 1 0 0 24 1 0 0 0 0 30 255 2 2 2 1 1 0 1 0 11 255 1 0 0 0 189 1 0 0 0 0 0 0 0 0 0 0 0 0 0 0 0 0 0 0 0 0 0 1 70 1 0 0 0 0 0 0 0 0 0 0 0 0 0 0 0 0 0 0 0 0 0 0 0 0 0 0 0 0 0 0 0 0 0 0 0 0 0 0 0 0 0 0 0 0 0 0 0 0 0 0 0 0 0 0 0 0 0 255 255 0 0 0 0 0 1 0 0 1 1 1 0 0 0 1 0 0 0 0 0 0 0 0 0 1 1 1 0 0 0 0 1 4 0 0 1 1 6 49 5 5 4 4 2 1 0 0 0 0 1 4 2 239 107 60 3 1 1 3 1 0 0 0 0 0 0 0 0 0 1 1 1 0 0 0 0 0 0 0 1 1 2 1 1 1 1 1 1 1 1 1 255 255 1 1 0 0 1 13 1 0 0 0 0 49 4 0 0 0 0 0 0 1 2 2 1 1 1 0 1 0 1 3 4 0 0 0 1 121 48 108 109 118 105 4 1 1 0 0 1 4 0 0 0 0 15 141 1 1 8 1 1 0 0 0 0 0 0 0 1 1 1 0 0 0 0 0 0 0 1 13 39 214 9 1 0 0 0 1 6 0 0 0 0 0 0 0 0 0 0 0 0 0 0 0 0 0 0 0 0 0 0 0 0 0 0 0 0 0 0 0 0 0 0 0 1 1 1 0 247 247 1 0 0 0 0 0 0 0 0 0 0 0 0 0 0 0 0 0 0 0 0 0 0 0 0 0 0 0 0 0 0 0 0 0 0 0 0 0 0 0 0 0 0 0 1 1 0 0 0 0 0 0 0 0 0 0 0 0 0 0 0 2 255 1 0 0 0 0 0 0 0 0 0 0 0 0 0 0 0 0 0 0 0 0 0 0 0 0
1 1 1 2 1 1 8 219 7 7 0 0 1 0 0 0 1 1 0 0 0 1 1 0 1 1 1 1 1 1 1 195 103 1 1 0 0 0 1 0 0 2 1 3 1 0 1 1 0 1 1 1 1 1 1 7 255 1 1 1 1 1 1 1 1 114 250 1 1 4 255 1 59 251 1 1 0 0 0 0 1 4 2 1 2 13 1 1 1 1 1 3 255 1 0 0 24 1 0 0 0 0 0 251 253 1 1 0 0 0 1 1 1 255 4 0 0 0 189 1 0 0 0 0 0 0 0 0 0 0 0 0 0 0 0 0 0 0 0 0 0 0 44 2 0 0 0 0 0 0 0 0 0 0 0 0 0 0 0 0 0 0 0 0 0 0 0 0 0 0 0 0 0 0 0 0 0 0 0 0 0 0 0 0 0 0 0 0 0 0 0 0 0 0 0 0 0 0 0 0 0 255 255 1 0 0 0 0 1 1 1 1 0 1 1 1 1 1 0 0 0 0 0 0 0 0 0 0 1 1 1 0 0 0 2 2 0 0 0 1 2 9 4 2 5 5 6 5 5 3 2 3 5 6 233 164 1 0 0 0 1 3 1 0 0 0 0 0 0 0 0 0 1 1 0 0 0 0 0 0 0 0 1 1 1 1 1 1 1 1 0 1 1 1 255 255 1 1 0 1 1 2 6 0 0 0 0 35 8 0 0 0 0 0 1 2 1 0 1 0 1 0 1 0 0 7 1 0 0 0 0 126 1 1 1 3 2 85 99 3 1 0 0 5 0 0 0 0 0 31 149 2 8 1 1 0 0 0 0 0 0 0 0 1 1 0 0 0 0 1 1 0 0 1 24 50 219 1 1 1 1 2 5 0 0 0 0 0 0 0 0 0 0 0 0 0 0 0 0 0 0 0 0 0 0 0 0 0 0 0 0 0 0 0 0 0 0 0 0 1 1 110 255 1 0 0 0 0 0 0 0 0 0 0 0 0 0 0 0 0 0 0 0 0 0 0 0 0 0 0 0 0 0 0 0 0 0 0 0 0 0 0 0 0 0 0 0 0 0 1 0 0 0 0 0 0 0 0 0 0 0 0 0 0 0 1 255 10 0 0 0 0 0 0 0 0 0 0 0 0 0 0 0 0 0 0 0 0 0 0 0 0
1 1 2 1 0 1 1 117 222 18 0 0 1 0 0 0 1 1 0 0 0 0 2 1 1 1 0 0 1 1 1 2 233 1 0 0 0 0 1 1 0 1 5 2 1 1 1 0 0 0 1 1 1 0 0 247 255 1 1 0 1 1 1 1 1 248 152 1 1 254 255 4 253 3 1 0 0 0 0 1 4 1 1 4 10 1 1 1 1 1 1 13 255 1 0 0 23 1 0 0 0 0 0 1 255 71 1 1 0 0 0 1 0 255 159 0 0 1 153 13 1 0 0 0 0 0 0 0 0 0 0 0 0 0 0 0 0 0 0 0 0 0 2 54 0 0 0 0 0 0 0 0 0 0 0 0 0 0 0 0 0 0 0 0 0 0 0 0 0 0 0 0 0 0 0 0 0 0 0 0 0 0 0 0 0 0 0 0 0 0 0 0 0 0 0 0 0 0 0 0 0 236 255 1 0 0 0 0 0 0 0 0 0 0 0 0 0 0 0 0 0 0 0 0 0 0 0 0 1 1 1 1 0 0 4 1 0 0 0 2 1 1 19 0 0 1 2 5 5 5 3 2 158 240 27 1 0 0 0 0 1 3 1 0 0 0 0 0 0 0 0 0 0 1 0 1 1 1 1 1 1 1 1 1 1 0 0 0 1 1 1 1 1 1 255 255 3 2 2 2 1 1 13 1 0 0 1 18 21 0 0 0 0 0 2 1 0 0 1 1 1 0 1 0 0 8 0 0 0 0 0 102 4 0 0 2 0 1 2 88 95 3 1 4 1 0 0 0 0 0 10 176 87 3 1 1 1 0 0 0 0 0 0 0 1 1 0 0 0 0 1 1 0 1 1 27 97 222 219 217 212 207 200 159 103 34 10 3 2 1 1 1 1 1 1 1 1 4 126 178 7 1 1 1 1 1 1 1 0 0 1 3 148 234 242 125 1 1 1 0 2 255 80 0 0 0 0 0 0 0 0 0 0 0 0 0 0 0 0 0 0 0 0 0 0 0 0 0 0 0 0 0 0 0 0 0 0 0 0 0 0 0 0 0 0 0 0 0 0 1 1 0 0 0 0 0 0 0 0 0 0 0 0 0 0 0 246 254 0 0 0 0 0 0 0 0 0 0 0 0 0 0 0 0 0 0 0 0 0 0 0 0
1 1 5 1 1 1 1 110 166 215 1 1 1 0 0 0 0 1 1 0 0 0 1 2 1 0 0 0 0 0 1 1 146 164 1 0 0 0 0 1 0 0 6 1 3 1 1 0 1 1 1 1 0 0 1 255 98 1 1 0 1 0 1 1 1 253 2 1 1 255 33 251 46 1 1 0 0 0 1 4 1 1 4 1 3 1 1 0 1 1 1 7 255 1 0 0 11 3 0 0 0 0 0 0 145 255 1 0 0 0 0 1 1 255 2 0 0 1 1 183 1 0 0 0 0 0 0 0 0 0 0 0 0 0 0 0 0 0 0 0 0 0 1 70 0 0 0 0 0 0 0 0 0 0 0 0 0 0 0 0 0 0 0 0 0 0 0 0 0 0 0 0 0 0 0 0 0 0 0 0 0 0 0 0 0 0 0 0 0 0 0 0 0 0 0 0 0 0 0 0 0 52 255 1 0 0 0 0 0 0 0 0 0 0 0 0 0 0 0 0 0 0 0 0 0 0 0 0 0 1 1 1 0 0 5 1 0 0 1 1 1 2 14 0 0 0 0 0 1 1 138 242 176 1 0 0 0 0 0 0 0 3 1 1 0 0 0 0 0 0 0 0 0 1 1 1 1 1 1 1 0 1 1 1 1 0 0 1 1 1 1 0 0 1 255 255 1 1 0 0 0 0 6 3 1 1 1 4 57 0 0 0 0 0 2 0 0 0 0 1 1 0 1 0 0 7 1 0 0 0 0 14 63 1 1 2 0 0 0 1 2 88 48 3 2 0 0 0 0 0 0 1 88 201 25 2 0 0 0 0 0 0 0 0 1 1 1 1 0 0 0 1 0 0 1 4 30 17 2 3 5 207 234 176 207 227 237 240 242 242 242 242 242 245 242 245 245 240 200 161 240 245 245 245 245 245 245 245 245 244 244 242 191 27 4 203 210 1 1 1 252 242 1 1 0 0 0 0 0 0 0 0 0 0 0 0 0 0 0 0 0 0 0 0 0 0 0 0 0 0 0 0 0 0 0 0 0 0 0 0 0 0 0 0 0 0 0 0 0 0 1 0 0 0 0 0 0 0 0 0 0 0 0 0 0 0 4 255 1 0 0 0 0 0 0 0 0 0 0 0 0 0 0 0 0 0 0 0 0 0 0 0
1 0 5 1 1 1 1 114 1 160 160 1 0 0 0 0 0 1 1 1 0 0 0 1 1 0 0 0 1 1 1 1 1 235 2 0 0 0 0 1 1 0 7 1 4 1 0 1 1 1 1 0 0 0 1 255 1 1 1 1 1 0 1 1 1 254 1 1 1 255 250 172 1 1 0 0 0 1 4 1 2 2 1 1 3 1 1 1 1 1 1 2 255 1 0 0 2 16 0 0 0 0 0 0 1 255 250 1 0 0 0 1 1 255 1 0 0 0 1 189 1 0 0 0 0 0 0 0 0 0 0 0 0 0 0 0 0 0 0 0 0 0 0 70 1 0 0 0 0 0 0 0 0 0 0 0 0 0 0 0 0 0 0 0 0 0 0 0 0 0 0 0 0 0 0 0 0 0 0 0 0 0 0 0 0 0 0 0 0 0 0 0 0 0 0 0 0 0 0 0 0 5 255 1 0 0 0 0 0 0 0 0 0 0 0 0 0 0 0 0 0 0 0 0 0 0 0 0 0 0 1 2 0 1 5 0 0 1 2 1 10 11 1 0 0 0 0 1 47 240 205 2 6 1 0 0 0 1 1 1 1 2 2 1 0 0 0 0 0 0 0 0 0 0 0 0 0 0 0 0 0 1 1 1 0 0 0 0 0 1 1 0 0 1 255 255 3 0 1 1 1 1 2 7 1 1 0 1 84 0 0 0 0 0 2 0 0 0 0 1 1 1 1 0 1 2 5 0 0 0 0 1 111 3 1 2 0 0 0 0 1 1 12 51 4 0 0 0 0 1 2 5 5 13 126 179 9 0 0 0 0 0 0 0 0 1 1 1 1 0 0 1 1 0 0 1 11 33 6 0 1 229 42 0 0 0 0 0 0 0 1 1 1 1 1 1 0 0 0 0 0 0 0 0 0 1 1 1 1 1 1 1 1 1 0 1 117 230 232 242 255 1 1 1 1 1 0 0 0 0 0 0 0 0 0 0 0 0 0 0 0 0 0 0 0 0 0 0 0 0 0 0 0 0 0 0 0 0 0 0 0 0 0 0 0 0 0 0 0 0 1 0 0 0 0 0 0 0 0 0 0 0 0 0 0 0 1 255 1 0 0 0 0 0 0 0 0 0 0 0 0 0 0 0 0 0 0 0 0 0 0 0
1 1 6 4 1 0 1 108 1 1 215 47 0 0 0 0 0 0 1 1 0 0 0 1 2 0 0 0 0 0 0 0 1 72 205 1 0 0 0 1 1 1 1 8 27 1 1 1 1 1 1 1 1 0 14 255 1 0 0 0 1 0 0 1 3 253 1 1 2 255 225 1 0 1 0 0 1 4 1 3 1 1 1 1 3 0 0 1 1 1 1 1 255 1 0 0 1 25 0 0 0 0 0 0 0 1 255 9 0 0 0 1 1 255 15 1 0 0 1 183 1 1 0 0 0 0 0 0 0 0 0 0 0 0 0 0 0 0 0 0 0 0 0 12 19 0 0 0 0 0 0 0 0 0 0 0 0 0 0 0 0 0 0 0 0 0 0 0 0 0 0 0 0 0 0 0 0 0 0 0 0 0 0 0 0 0 0 0 0 0 0 0 0 0 0 0 0 0 0 0 0 1 255 1 0 0 0 0 0 0 0 0 0 0 0 0 0 0 0 0 0 0 0 0 0 0 0 0 0 0 1 2 1 1 5 0 1 2 1 11 3 1 0 0 1 1 16 237 224 3 1 1 6 1 1 1 1 1 1 1 1 1 4 1 0 0 0 0 0 0 0 0 0 0 0 0 0 0 0 0 0 0 0 0 0 0 0 0 0 0 1 1 0 1 182 255 150 1 1 0 0 0 4 2 0 1 0 1 91 0 0 0 0 0 2 2 1 1 1 1 0 1 1 0 1 1 7 0 0 0 0 0 7 115 24 1 0 0 0 0 1 1 1 14 66 1 0 1 2 5 3 1 1 14 1 4 153 153 2 0 0 0 0 0 0 0 0 1 1 1 1 0 1 0 0 0 1 21 35 2 189 212 1 0 0 0 0 0 0 0 1 0 0 0 0 0 0 0 0 0 0 0 0 0 0 0 0 0 0 0 0 0 0 0 0 0 1 244 25 250 31 0 0 1 1 1 1 0 0 0 0 0 0 0 0 0 0 0 0 0 0 0 0 0 0 0 0 0 0 0 0 0 0 0 0 0 0 0 0 0 0 0 0 0 0 0 0 0 0 0 1 1 0 0 0 0 0 0 0 0 0 0 0 0 0 0 0 255 230 0 0 0 0 0 0 0 0 0 0 0 0 0 0 0 0 0 0 0 0 0 0 0
1 1 1 1 6 0 3 94 1 1 3 233 1 1 0 0 0 0 0 1 1 0 1 1 1 1 0 0 0 0 0 0 1 1 228 11 0 0 0 0 1 1 1 0 6 4 1 1 1 1 0 1 1 1 253 254 1 1 0 0 0 0 0 1 48 251 1 1 237 255 3 0 0 1 0 0 2 1 4 1 0 0 1 1 3 0 0 1 1 0 1 1 255 1 1 0 1 25 0 0 0 0 0 0 0 1 225 255 1 0 0 1 1 174 255 1 0 0 1 49 103 1 0 0 0 0 0 0 0 0 0 0 0 0 0 0 0 0 0 0 0 0 0 1 68 0 0 0 0 0 0 0 0 0 0 0 0 0 0 0 0 0 0 0 0 0 0 0 0 0 0 0 0 0 0 0 0 0 0 0 0 0 0 0 0 0 0 0 0 0 0 0 0 0 0 0 0 0 0 0 0 1 255 1 0 0 0 0 0 0 0 0 0 0 0 0 0 0 0 0 0 0 0 0 0 0 0 0 0 0 0 1 1 1 5 1 2 1 1 17 1 0 1 1 4 228 236 7 1 1 0 0 2 5 1 1 1 1 1 1 1 1 4 1 0 0 0 0 0 0 0 0 0 0 0 0 0 0 0 0 0 0 0 0 0 0 0 0 0 0 1 1 1 0 2 255 255 1 0 0 0 0 6 1 1 1 0 1 95 0 0 0 0 0 3 1 1 1 1 1 1 1 1 0 0 1 4 3 1 0 0 0 1 33 43 1 0 0 0 0 0 0 0 0 14 49 1 3 3 1 0 0 0 9 3 2 1 8 175 84 1 0 0 0 0 0 0 0 0 1 1 1 1 1 0 1 1 1 55 222 182 11 1 0 0 0 0 0 0 0 1 0 0 0 0 0 0 0 0 0 0 0 0 0 0 0 0 0 0 0 0 0 0 0 0 0 1 230 210 252 1 0 0 0 0 1 1 1 0 0 0 0 0 0 0 0 0 0 0 0 0 0 0 0 0 0 0 0 0 0 0 0 0 0 0 0 0 0 0 0 0 0 0 0 0 0 0 0 0 0 1 1 0 0 0 0 0 0 0 0 0 0 0 0 0 0 0 65 255 1 0 0 0 0 0 0 0 0 0 0 0 0 0 0 0 0 0 0 0 0 0 0
1 1 0 0 8 0 4 84 1 1 1 87 199 1 1 0 0 0 0 0 1 1 1 0 1 1 1 0 0 0 0 0 0 1 23 222 1 0 0 0 1 1 1 1 1 16 0 1 1 1 1 1 1 1 255 11 1 1 0 0 0 0 1 1 248 166 1 1 255 250 1 0 0 1 0 1 4 4 2 1 1 1 1 1 3 0 0 1 1 0 1 1 255 149 1 0 0 25 0 0 0 0 0 0 0 0 1 255 242 1 0 1 1 1 255 1 0 0 1 3 175 1 0 0 0 0 0 0 0 0 0 0 0 0 0 0 0 0 0 0 0 0 0 0 71 1 0 0 0 0 0 0 0 0 0 0 0 0 0 0 0 0 0 0 0 0 0 0 0 0 0 0 0 0 0 0 0 0 0 0 0 0 0 0 0 0 0 0 0 0 0 0 0 0 0 0 0 0 0 0 0 1 255 1 0 0 0 0 0 0 0 0 0 0 0 0 0 0 0 0 0 0 0 0 0 0 0 0 0 0 0 1 2 2 3 2 1 0 1 15 1 1 3 219 240 40 1 1 0 0 0 0 1 3 2 1 1 1 1 1 0 1 4 1 1 0 0 0 0 0 0 0 0 0 0 0 0 0 0 0 0 0 0 0 0 0 0 0 0 0 1 0 1 1 1 255 255 1 1 0 0 0 8 1 1 1 1 0 95 1 0 0 0 1 3 0 0 1 1 1 1 1 0 0 0 1 2 1 4 1 0 0 0 2 99 7 0 0 1 1 1 1 0 0 0 20 81 3 1 0 0 0 0 3 8 1 2 0 0 56 179 14 0 0 0 0 0 0 0 0 0 1 1 1 1 1 1 22 210 169 66 10 2 1 1 1 1 0 0 0 1 0 0 0 0 0 0 0 0 0 0 0 0 0 0 0 0 0 0 0 0 0 0 0 0 0 0 237 237 4 0 0 0 0 0 0 0 1 1 0 0 0 0 0 0 0 0 0 0 0 0 0 0 0 0 0 0 0 0 0 0 0 0 0 0 0 0 0 0 0 0 0 0 0 0 0 0 0 0 0 1 1 0 0 0 0 0 0 0 0 0 0 1 2 2 2 2 2 255 1 0 0 0 0 0 0 0 0 0 0 0 0 0 0 0 0 0 0 0 0 0 0
1 1 0 0 8 1 2 104 1 0 1 1 223 21 1 0 0 0 0 0 0 1 1 0 0 1 1 1 1 0 0 0 0 1 1 217 45 1 0 0 0 1 1 1 1 20 0 1 0 0 1 1 0 1 255 1 1 1 1 0 1 0 1 1 254 1 1 1 255 83 0 0 0 1 0 16 13 6 3 3 3 3 3 2 4 1 1 1 1 1 1 0 219 255 1 0 0 24 1 0 0 0 0 0 0 0 0 4 255 2 0 1 1 0 255 1 0 0 1 3 175 1 0 0 0 0 0 0 0 0 0 0 0 0 0 0 0 0 0 0 0 0 0 0 49 2 0 0 0 0 0 0 0 0 0 0 0 0 0 0 0 0 0 0 0 0 0 0 0 0 0 0 0 0 0 0 0 0 0 0 0 0 0 0 0 0 0 0 0 0 0 0 0 0 0 0 0 0 0 0 0 1 255 1 0 0 0 0 0 0 0 0 0 0 0 0 0 0 0 0 0 0 0 0 0 0 0 0 1 5 41 73 84 92 6 1 0 0 1 10 3 194 241 89 1 1 0 0 0 0 0 0 1 1 4 1 0 0 0 0 0 1 3 1 1 0 0 0 0 0 0 0 0 0 0 0 0 0 0 0 0 0 0 0 0 0 0 0 0 0 1 0 0 1 1 255 255 1 1 0 0 0 8 1 1 1 1 1 93 2 2 3 3 3 1 0 0 1 1 1 0 0 0 0 0 2 1 0 1 3 0 0 0 1 36 47 1 1 1 0 0 1 0 1 2 12 43 46 1 0 0 0 0 1 15 1 2 0 0 0 1 143 156 2 0 0 0 0 0 0 0 1 1 1 1 1 149 232 52 40 52 10 7 3 3 3 3 3 3 2 1 1 1 1 1 1 1 1 0 0 0 0 0 0 0 0 0 0 0 0 0 0 0 0 0 0 1 247 49 0 0 0 0 0 0 0 0 0 1 1 1 0 0 0 0 0 0 0 0 0 0 0 0 0 0 0 0 0 0 0 0 0 0 0 0 0 0 0 0 0 0 0 0 0 0 0 0 0 0 0 1 2 2 2 2 2 2 2 1 1 1 2 2 1 0 0 0 2 255 89 0 0 0 0 0 0 0 0 0 0 0 0 0 0 0 0 0 0 0 0 0 0
1 1 1 1 4 1 1 114 1 0 1 1 6 232 1 1 0 0 0 0 0 1 1 1 1 1 2 1 1 0 0 0 0 0 1 7 232 1 0 0 0 1 1 0 0 20 1 1 1 0 1 0 0 100 255 1 1 1 1 1 1 0 1 2 254 1 1 1 255 1 0 0 0 1 1 25 1 1 0 0 1 1 1 1 2 2 2 2 2 1 1 1 3 255 1 0 0 22 1 0 0 0 0 0 0 0 0 1 243 255 1 1 1 1 255 1 0 0 1 4 171 1 0 0 0 0 0 0 0 0 0 0 0 0 0 0 0 0 0 0 0 0 0 0 1 56 0 0 0 0 0 0 0 0 0 0 0 0 0 0 0 0 0 0 0 0 0 0 0 0 0 0 0 0 0 0 0 0 0 0 0 0 0 0 0 0 0 0 0 0 0 0 0 0 0 0 0 0 0 0 0 1 255 1 0 0 0 0 0 0 0 0 0 0 0 0 0 0 0 0 0 1 1 1 3 13 44 76 76 40 5 1 1 14 13 0 0 1 3 208 246 148 1 1 0 0 0 0 0 0 0 0 0 1 1 3 1 0 0 0 0 1 2 2 1 0 0 0 0 0 0 0 0 0 0 0 0 0 0 0 0 0 0 0 0 0 0 0 0 0 1 1 5 21 22 255 255 115 1 1 0 0 3 7 3 1 1 1 79 9 1 1 1 0 0 0 0 1 1 1 1 0 0 1 1 1 1 0 0 1 2 0 1 1 1 121 2 0 0 0 0 1 1 9 10 1 1 30 40 1 0 1 1 1 15 1 2 1 1 1 0 0 7 175 107 1 0 1 0 0 1 1 1 1 56 212 207 2 0 1 32 50 3 0 0 0 0 1 1 1 1 1 0 0 0 0 1 1 0 0 0 0 0 0 0 0 0 0 0 0 0 0 0 0 0 0 2 252 1 0 0 0 0 0 0 0 0 0 0 1 1 1 0 0 0 0 0 0 0 0 0 0 0 0 0 0 0 0 0 0 0 0 0 0 0 0 0 0 0 0 0 0 0 0 0 0 0 0 0 0 0 0 1 0 0 0 0 1 2 2 2 1 0 0 0 0 0 0 215 255 0 0 0 0 0 0 0 0 0 0 0 0 0 0 0 0 0 0 0 0 0 0
0 0 1 2 1 2 1 117 1 0 1 1 1 150 166 1 1 0 0 0 0 0 0 1 1 1 1 2 1 1 0 0 1 1 1 1 184 115 1 0 0 0 0 0 0 13 1 1 1 1 1 0 1 255 247 1 1 0 0 0 0 0 1 2 253 1 1 2 255 1 0 0 1 1 1 27 2 2 2 1 1 1 1 1 1 0 1 1 1 1 1 1 2 255 1 0 0 18 1 0 0 0 0 0 0 0 0 0 1 255 223 1 1 1 255 1 0 0 1 6 165 1 0 0 0 0 0 0 0 0 0 0 0 0 0 0 0 0 0 0 0 0 0 0 1 72 0 0 0 0 0 0 0 0 0 0 0 0 0 0 0 0 0 0 0 0 0 0 0 0 0 0 0 0 0 0 0 0 0 0 0 0 0 0 0 0 0 0 0 0 0 0 0 0 0 0 0 0 0 0 0 1 255 1 0 0 0 0 0 0 0 0 0 0 1 1 1 2 10 31 64 75 73 67 49 22 4 1 1 1 1 0 1 37 3 1 17 249 253 248 239 10 2 1 1 0 0 0 0 0 0 0 0 1 1 3 1 0 0 0 0 1 1 3 1 0 0 0 0 0 0 0 0 0 0 0 0 0 0 0 0 0 0 0 0 0 0 1 1 3 37 47 37 1 0 255 254 255 1 1 1 1 1 1 3 6 3 0 43 16 0 0 0 0 0 0 1 1 1 0 1 2 1 1 1 1 1 0 0 0 1 2 1 0 0 16 82 1 1 1 3 12 12 2 1 1 1 1 36 32 1 1 1 1 14 1 1 1 1 1 0 0 1 1 35 182 31 1 1 1 1 1 1 17 214 205 1 0 0 0 1 49 46 1 0 0 1 1 1 1 0 1 1 0 0 0 0 1 1 1 1 1 0 0 0 0 0 0 0 0 0 0 0 0 0 0 29 248 0 0 0 0 0 0 0 0 0 0 0 0 0 1 1 0 0 0 0 0 0 0 0 0 0 0 0 0 0 0 0 0 0 0 0 0 0 0 0 0 0 0 0 0 0 0 0 0 0 0 0 0 0 0 0 0 0 0 0 0 0 0 0 0 0 0 0 0 0 0 1 255 1 0 0 0 0 0 0 0 0 0 0 0 0 0 0 0 0 0 0 0 0 0
0 0 0 3 1 14 38 135 1 0 1 2 1 3 231 21 1 0 1 0 0 0 0 0 0 1 0 1 1 1 1 1 1 1 1 1 2 236 1 0 0 0 0 0 0 2 13 0 1 1 1 1 1 255 3 1 1 0 0 0 0 1 1 2 253 1 1 152 255 1 0 0 1 0 5 12 0 1 1 1 1 2 2 2 1 1 1 1 1 1 1 1 3 255 1 0 0 7 5 1 1 1 1 0 0 0 0 0 0 14 255 1 1 1 255 5 28 116 173 200 60 1 0 0 0 0 0 0 0 0 0 0 0 0 0 0 0 0 0 0 0 0 0 0 0 71 1 0 0 0 0 0 0 0 0 0 0 0 0 0 0 0 0 0 0 0 0 0 0 0 0 0 0 0 0 0 0 0 0 0 0 0 0 0 0 0 0 0 0 0 0 0 0 0 0 0 0 0 0 0 0 1 255 1 0 0 0 0 0 0 1 1 36 70 74 76 75 55 27 8 2 1 1 1 1 1 1 1 0 0 0 1 2 60 58 251 253 169 2 6 245 1 4 8 1 1 1 1 1 0 0 0 0 0 1 1 4 1 0 0 0 0 1 4 1 0 0 0 0 0 0 0 0 0 0 0 0 0 0 0 0 0 0 0 1 1 2 35 50 34 2 1 7 0 0 6 255 255 4 1 1 1 2 1 1 2 3 0 19 39 0 0 0 0 0 0 1 0 1 0 1 1 0 0 1 1 0 0 0 0 0 2 1 0 0 1 103 27 37 47 35 2 1 1 1 1 0 1 1 45 25 1 1 1 7 4 1 1 1 1 1 0 1 1 0 1 114 116 1 1 1 1 79 230 30 52 6 0 0 0 0 2 55 32 1 0 1 0 0 1 0 1 1 1 1 1 0 1 1 1 0 1 0 0 0 0 0 0 0 0 0 0 0 0 0 0 81 245 0 0 0 0 0 0 0 0 0 0 0 0 0 0 1 1 1 0 0 0 0 0 0 0 0 0 0 0 0 0 0 0 0 0 0 0 0 0 0 0 0 0 0 0 0 0 0 0 0 0 0 0 0 0 0 0 0 0 0 0 0 0 0 0 0 0 0 0 0 0 1 255 4 0 0 0 0 0 0 0 0 0 0 0 0 0 0 0 0 0 0 0 0 0
0 0 1 34 146 106 67 32 1 1 6 3 6 3 8 239 1 1 1 1 0 0 0 0 0 1 1 1 2 1 1 0 1 0 1 1 0 134 175 1 0 0 0 1 1 1 19 0 1 1 1 1 1 255 1 1 1 0 0 0 0 1 0 2 253 1 1 255 255 1 0 0 1 0 18 2 1 0 0 0 0 1 0 1 1 1 1 1 1 1 1 1 16 255 1 0 0 2 12 1 1 1 1 0 0 0 0 0 0 1 248 255 1 1 255 250 127 38 4 1 1 0 0 0 0 0 0 0 0 0 0 0 0 0 0 0 0 0 0 0 0 0 0 0 0 36 4 0 0 0 0 0 0 0 0 0 0 0 0 0 0 0 0 0 0 0 0 0 0 0 0 0 0 0 0 0 0 0 0 0 0 0 0 0 0 0 0 0 0 0 0 0 0 0 0 0 0 0 0 0 0 1 255 2 0 0 0 1 1 16 70 65 6 1 1 1 1 1 1 1 1 0 0 0 0 0 0 0 1 1 1 2 129 253 253 90 1 1 1 2 245 29 1 1 7 6 1 1 1 0 0 0 0 0 0 1 1 3 1 0 0 0 1 4 1 0 0 0 0 0 0 0 0 0 0 0 0 0 0 0 0 1 1 1 20 49 39 3 1 1 1 3 3 0 0 1 255 244 255 1 1 0 1 2 1 3 2 0 6 76 0 0 0 0 0 0 0 0 1 0 1 1 0 0 1 1 0 0 0 0 0 1 3 1 7 40 82 167 2 1 2 7 1 0 1 1 0 0 0 1 52 16 2 3 2 12 1 1 1 1 1 1 1 1 1 0 0 31 136 1 1 173 212 2 0 1 56 2 0 0 0 0 5 67 14 0 0 0 0 0 0 1 1 0 0 0 0 0 1 1 1 1 0 0 0 0 0 0 0 0 0 0 0 0 0 0 17 250 1 0 0 0 0 0 0 0 0 0 0 0 0 0 0 1 1 1 0 0 0 0 0 0 0 0 0 0 0 0 0 0 0 0 0 0 0 0 0 0 0 0 0 0 0 0 0 0 0 0 0 0 0 0 0 0 0 0 0 0 0 0 0 0 0 0 0 0 0 0 0 252 250 0 0 0 0 0 0 0 0 0 0 0 0 0 0 0 0 0 0 0 0 0
0 0 6 114 1 1 1 2 17 6 1 1 1 1 1 161 182 1 0 1 0 0 0 0 0 1 1 1 1 0 0 0 1 1 0 1 1 1 234 3 1 1 1 0 1 1 19 1 1 1 1 0 196 255 1 1 0 0 0 0 0 1 0 2 253 1 0 255 205 1 0 0 1 1 30 1 1 1 0 0 1 1 0 0 0 0 1 1 1 0 1 1 205 255 1 1 1 1 18 0 0 0 0 0 0 0 0 0 0 0 1 255 188 1 250 251 114 0 1 1 1 0 0 0 0 0 0 0 0 0 0 0 0 0 0 0 0 0 0 0 0 0 0 0 0 2 51 0 0 0 0 0 0 0 0 0 0 0 0 0 0 0 0 0 0 0 0 0 0 0 0 0 0 0 0 0 0 0 0 0 0 0 0 0 0 0 0 0 0 0 0 0 0 0 0 0 0 0 0 0 0 1 255 129 2 17 50 72 71 18 1 1 1 1 1 1 0 0 0 0 0 0 1 0 0 0 1 1 1 3 195 253 248 25 1 1 1 1 1 1 208 150 9 1 1 2 8 4 1 1 1 0 0 0 0 1 1 3 1 0 0 0 1 4 1 0 0 0 0 0 0 0 0 0 0 0 0 0 0 1 1 8 47 49 9 1 1 0 0 0 1 7 1 0 0 0 254 253 255 37 1 0 0 1 1 4 2 0 5 81 0 0 0 0 0 0 0 0 1 1 1 1 1 0 1 0 0 0 0 0 1 3 33 49 29 4 2 81 13 0 1 5 3 0 1 0 0 0 1 1 1 71 45 2 1 14 1 1 1 1 1 1 1 1 1 1 1 1 43 193 220 153 1 1 0 0 2 54 1 0 0 0 0 11 86 4 0 0 0 0 0 1 1 0 0 0 0 0 1 1 0 0 0 0 0 0 0 0 0 0 0 0 0 0 0 0 1 252 1 0 0 0 0 0 0 0 0 0 0 0 0 0 0 0 1 1 1 0 0 0 0 0 0 0 0 0 0 0 0 0 0 0 0 0 0 0 0 0 0 0 0 0 0 0 0 0 0 0 0 0 0 0 0 0 0 0 0 0 0 0 0 0 0 0 0 0 0 0 0 8 255 1 0 0 0 0 0 0 0 0 0 0 0 0 0 0 0 0 0 0 0 0
1 1 137 1 0 0 0 1 4 1 0 0 1 1 1 1 236 22 1 1 1 0 0 0 0 0 1 1 0 0 0 0 1 1 0 0 1 0 62 210 1 0 1 1 1 1 16 1 0 1 1 1 255 234 1 1 0 0 0 0 0 0 1 8 253 1 1 255 4 1 0 0 1 1 29 1 0 1 1 1 1 1 0 0 0 1 1 1 1 0 1 0 255 246 1 1 1 1 24 1 1 1 1 6 22 28 27 31 32 15 1 37 255 1 251 27 254 2 1 1 1 0 0 0 0 0 0 0 0 0 0 0 0 0 0 0 0 0 0 0 0 0 0 0 0 1 66 0 0 0 0 0 0 0 0 0 0 0 0 0 0 0 0 0 0 0 0 0 0 0 0 0 0 0 0 0 0 0 0 0 0 0 0 0 0 0 0 0 0 0 0 0 0 0 0 0 0 0 0 1 1 8 255 255 48 14 2 1 1 1 0 0 0 0 0 0 0 0 0 0 0 0 1 1 0 1 1 8 237 253 243 11 1 1 0 0 0 0 0 1 206 4 159 1 1 1 1 3 8 2 1 1 1 0 0 0 1 1 4 1 0 0 1 3 2 0 0 0 0 0 0 0 0 0 0 0 1 1 4 40 49 21 2 1 1 1 0 0 0 1 2 3 1 0 0 0 2 255 115 255 1 1 0 1 2 5 1 0 14 49 0 0 0 0 0 0 0 0 1 1 0 1 2 1 1 0 0 0 0 1 16 25 5 2 1 1 0 2 125 1 0 1 8 2 1 0 0 1 1 2 11 6 148 1 0 10 2 1 2 2 2 1 1 0 1 1 1 1 9 184 161 1 1 0 0 0 0 7 32 1 0 0 0 1 18 92 1 0 0 1 1 1 1 0 0 0 0 0 0 1 0 0 0 0 0 0 0 0 0 0 0 0 0 0 0 0 0 248 30 0 0 0 0 0 0 0 0 0 0 0 0 0 0 0 0 0 1 1 0 0 0 0 0 0 0 0 0 0 0 0 0 0 0 0 0 0 0 0 0 0 0 0 0 0 0 0 0 0 0 0 0 0 0 0 0 0 0 0 0 0 0 0 0 0 0 0 0 0 0 1 255 1 0 0 0 0 0 0 0 0 0 0 0 0 0 0 0 0 0 0 0 0
1 136 2 0 0 0 0 1 1 3 1 0 0 1 2 6 31 239 1 0 1 1 0 0 0 1 1 1 1 0 0 0 0 1 0 0 1 0 1 228 14 1 1 1 0 0 4 6 1 1 1 1 255 1 1 1 0 0 0 0 0 0 1 219 245 1 1 255 1 1 0 0 1 2 19 0 0 0 1 1 0 0 0 0 0 1 1 1 1 0 1 0 255 17 1 1 1 11 53 26 38 30 24 8 1 1 1 1 1 3 28 37 254 255 236 251 253 254 0 2 0 0 0 0 0 0 0 0 0 0 0 0 0 0 0 0 0 0 0 0 0 0 0 0 0 1 70 0 0 0 0 0 0 0 0 0 0 0 0 0 0 0 0 0 0 0 0 0 0 1 1 0 0 0 0 0 0 0 0 0 0 0 0 0 0 0 0 0 0 0 0 0 0 0 0 0 1 1 5 11 14 63 250 255 1 1 1 1 1 0 0 0 0 0 0 0 0 0 0 0 0 0 1 1 1 20 246 253 213 3 3 1 1 0 0 0 0 0 0 1 206 1 175 1 0 0 1 1 1 6 7 1 1 1 0 0 0 1 1 3 1 0 1 1 3 0 0 0 0 0 0 0 1 1 1 2 34 53 32 2 1 1 0 0 0 0 0 0 0 1 6 1 0 0 0 0 1 255 235 255 248 1 0 1 2 6 1 0 60 10 0 0 0 0 0 0 0 1 1 1 1 0 1 2 1 0 0 0 1 28 9 2 1 1 0 0 0 0 68 16 1 0 1 13 1 1 0 1 7 8 1 1 102 7 0 2 10 1 1 1 1 1 1 0 1 2 1 19 124 82 182 3 0 0 0 0 0 1 27 10 1 1 0 0 1 37 60 1 0 0 0 1 1 0 0 0 0 0 0 0 0 0 0 0 0 0 0 0 0 0 0 0 0 0 0 0 0 240 130 0 0 0 0 0 0 0 0 0 0 0 0 0 0 0 0 0 0 1 1 1 0 0 0 0 0 0 0 0 0 0 0 0 0 0 0 0 0 0 0 0 0 0 0 0 0 0 0 0 0 0 0 0 0 0 0 0 0 0 0 0 0 0 0 0 0 0 0 0 0 0 255 213 0 0 0 0 0 0 0 0 0 0 0 0 0 0 0 0 0 0 0 0
106 8 1 0 0 0 0 0 1 1 4 4 1 3 3 1 1 200 173 1 1 1 0 0 1 1 0 1 1 1 0 0 0 1 1 0 0 1 0 19 226 1 1 0 0 1 1 18 1 1 1 2 255 1 1 1 0 0 0 0 0 0 1 253 4 1 2 255 1 1 0 0 1 18 2 0 0 1 1 0 0 0 0 0 0 1 1 0 1 1 1 1 255 1 1 1 1 58 1 0 2 0 0 0 0 0 0 0 0 0 0 1 6 255 71 1 1 255 1 2 1 0 0 0 0 0 0 0 0 0 0 0 0 0 0 0 0 0 0 0 0 0 0 0 0 1 48 3 0 0 0 0 0 0 0 0 0 0 0 0 0 0 0 0 0 0 1 1 1 1 1 0 0 0 0 0 0 0 0 0 0 0 0 0 0 0 0 0 0 0 1 1 1 2 3 8 44 124 118 111 98 12 51 255 1 0 0 0 0 0 0 0 0 0 0 0 0 0 0 0 1 1 1 61 250 251 153 2 1 1 2 0 0 0 0 0 0 0 0 1 206 1 144 9 1 0 0 1 1 1 1 7 4 1 1 1 1 1 1 2 2 0 1 1 4 1 0 0 0 0 1 1 1 27 54 43 5 1 1 1 1 0 0 0 0 0 0 0 1 3 3 1 0 0 0 0 0 8 255 2 255 2 1 0 2 6 1 0 113 1 0 0 0 0 0 0 0 0 1 1 1 1 2 1 1 0 1 2 33 4 1 1 0 0 0 0 0 1 2 119 1 1 1 1 10 12 13 12 2 0 1 0 10 94 1 1 19 1 1 1 0 1 1 0 1 6 63 97 16 1 24 138 1 0 0 0 0 0 1 55 3 0 0 0 0 1 86 23 0 0 1 1 1 1 1 1 1 0 0 0 0 0 0 0 0 0 0 0 0 0 0 0 0 0 0 0 0 220 190 0 0 0 0 0 0 0 0 0 0 0 0 0 0 0 0 0 0 0 1 1 1 0 0 0 0 0 0 0 0 0 0 0 0 0 0 0 0 0 0 0 0 0 0 0 0 0 0 0 0 0 0 0 0 0 0 0 0 0 0 0 0 0 0 0 0 0 0 0 0 0 118 255 0 0 0 0 0 0 0 0 0 0 0 0 0 0 0 0 0 0 0 0
31 1 0 0 0 0 0 0 0 0 0 1 4 2 0 0 1 1 242 7 1 1 1 1 1 0 0 1 1 1 0 0 0 0 1 1 0 1 0 1 213 58 1 1 1 1 1 16 1 1 1 239 255 0 1 1 0 0 0 0 0 0 4 253 1 1 4 255 1 1 1 1 1 28 1 0 1 1 0 0 0 0 0 0 0 1 1 0 0 1 1 1 255 20 14 3 1 58 0 0 2 1 0 0 0 0 0 0 0 0 0 1 7 127 255 1 1 255 2 1 1 0 0 0 0 0 0 0 0 0 0 0 0 0 0 0 0 0 0 0 0 0 0 0 0 0 1 49 7 0 0 0 0 0 0 0 0 0 0 0 0 0 0 0 0 0 1 0 0 0 0 0 0 0 0 0 0 0 0 0 0 0 0 0 1 1 1 1 6 10 12 12 12 13 47 122 72 10 3 1 1 1 19 255 3 0 0 0 0 0 1 0 0 0 0 0 0 0 1 1 2 136 251 250 89 2 1 1 1 2 1 0 0 0 0 0 0 0 0 1 200 3 1 156 13 1 1 1 1 1 1 1 3 8 3 1 1 1 1 1 4 1 1 1 5 1 0 0 1 1 1 7 53 6 1 1 1 1 1 0 0 0 0 0 0 0 0 1 1 6 1 0 0 0 0 0 0 1 255 182 251 255 1 0 2 6 1 1 117 0 0 0 0 0 0 0 0 1 1 0 1 2 1 0 1 1 7 98 8 1 0 0 0 0 0 1 1 1 1 62 15 1 1 0 1 1 1 0 0 1 1 0 1 133 3 1 22 1 1 1 1 4 20 23 114 155 78 9 1 1 1 84 78 1 1 0 0 0 0 1 67 1 0 0 0 1 2 119 7 0 1 1 1 1 1 1 1 0 0 0 0 0 0 0 0 0 0 0 0 0 0 0 0 0 0 0 0 100 243 0 0 0 0 0 0 0 0 0 0 0 0 0 0 0 0 0 0 0 0 0 1 1 1 0 0 0 0 0 0 0 0 0 0 0 0 0 0 0 0 0 0 0 0 0 0 0 0 0 0 0 0 0 0 0 0 0 0 0 0 0 0 0 0 0 0 0 0 0 0 0 1 255 1 0 0 0 0 0 0 0 0 0 0 0 0 0 0 0 0 0 0 0
1 0 0 0 0 0 0 0 0 0 0 0 0 0 0 0 1 1 26 239 1 1 1 1 0 0 0 1 1 1 1 0 0 0 1 1 0 0 1 0 7 231 1 1 1 0 1 16 1 0 1 255 127 1 2 1 0 0 0 0 0 1 240 234 1 1 7 255 1 0 0 1 1 31 1 0 1 0 0 0 0 0 0 0 0 1 1 0 0 1 0 4 255 1 1 7 17 69 0 0 1 2 0 0 0 0 0 0 0 0 0 0 7 1 255 251 1 254 239 2 1 1 0 0 0 0 0 0 0 0 0 0 0 0 0 0 0 0 0 0 0 0 0 0 0 0 0 1 27 27 0 0 0 0 0 0 0 0 0 0 0 0 0 0 0 0 1 0 0 0 0 0 0 0 0 0 0 0 0 0 1 1 1 3 8 10 13 75 117 112 111 112 114 105 39 2 1 1 1 0 0 0 7 255 8 0 0 0 0 0 1 0 0 0 0 1 1 1 3 189 252 248 33 5 2 4 2 1 2 1 1 0 0 0 0 0 0 0 0 1 188 10 1 4 173 14 61 135 162 164 42 1 1 1 4 8 2 1 1 1 1 3 1 1 4 1 1 1 1 2 6 31 1 1 1 0 1 1 1 0 0 0 0 0 0 0 0 1 4 1 1 0 0 0 0 0 0 1 25 255 1 255 2 1 1 9 4 2 111 0 0 0 0 0 0 0 0 0 0 0 2 1 0 0 1 17 67 2 16 2 0 0 0 0 1 1 1 1 1 2 108 7 1 1 1 1 1 0 0 0 0 1 1 90 16 18 15 8 3 36 141 165 161 131 30 6 8 1 1 1 0 1 138 32 1 0 0 0 0 1 5 49 0 0 1 1 1 6 122 2 0 0 0 0 0 0 0 0 0 0 0 0 0 0 0 0 0 0 0 0 0 0 0 0 0 0 0 2 252 0 0 0 0 0 0 0 0 0 0 0 0 0 0 0 0 0 0 0 0 0 0 1 1 1 0 0 0 0 0 0 0 0 0 0 0 0 0 0 0 0 0 0 0 0 0 0 0 0 0 0 0 0 0 0 0 0 0 0 0 0 0 0 0 0 0 0 0 0 0 0 0 255 76 0 0 0 0 0 0 0 0 0 0 0 0 0 0 0 0 0 0 0
1 1 0 0 0 0 0 0 0 0 0 0 0 0 0 0 0 1 1 203 171 1 1 1 0 0 0 0 1 0 1 1 0 0 0 1 1 0 1 1 1 181 130 1 1 0 1 8 2 1 1 255 1 0 1 2 0 0 0 0 0 1 254 1 1 1 31 255 1 0 0 1 1 30 1 1 1 0 0 0 0 0 0 0 0 1 1 1 1 1 1 240 255 0 0 0 1 50 0 0 0 2 1 0 0 0 0 0 0 0 0 1 5 1 1 255 17 92 255 0 0 0 0 0 0 0 0 0 0 0 0 0 0 0 0 0 0 0 0 0 0 0 0 0 0 0 0 0 0 42 4 0 0 0 0 0 0 0 0 0 0 0 0 0 0 0 1 0 0 0 0 0 0 0 0 1 1 16 70 10 10 10 8 4 2 44 114 43 3 2 1 1 1 1 1 1 0 0 0 0 0 0 4 255 32 1 0 0 0 0 1 1 0 1 1 1 6 236 252 245 9 24 2 1 1 1 4 1 2 1 0 0 0 0 0 0 0 1 1 0 127 75 1 2 14 125 58 10 3 3 169 1 1 0 0 1 6 6 1 1 1 2 2 1 2 3 2 1 1 6 29 1 1 0 0 0 1 1 1 0 0 0 0 0 0 0 1 3 2 1 0 0 0 0 0 0 0 0 1 251 254 255 246 1 1 1 2 29 76 0 0 0 0 0 0 0 0 0 0 1 2 0 0 1 31 46 1 1 1 18 1 0 1 1 1 1 0 1 1 1 3 92 118 104 88 58 34 17 13 12 13 12 13 93 5 4 73 198 173 134 31 4 3 3 1 0 2 1 1 1 1 1 1 170 8 1 0 0 0 0 1 20 20 1 1 0 0 1 20 92 1 0 0 0 0 0 0 0 0 0 0 0 0 0 0 0 0 0 0 0 0 0 0 0 0 0 0 1 252 1 0 0 0 0 0 0 0 0 0 0 0 0 0 0 0 0 0 0 0 0 0 0 0 1 1 1 0 0 0 0 0 0 0 0 0 0 0 0 0 0 0 0 0 0 0 0 0 0 0 0 0 0 0 0 0 0 0 0 0 0 0 0 0 0 0 0 0 0 0 0 0 228 255 0 0 0 0 0 0 0 0 0 0 0 0 0 0 0 0 0 0 0
0 0 0 0 0 0 0 0 0 0 0 0 0 0 0 0 0 0 1 2 243 2 1 1 1 0 0 0 1 0 1 1 1 0 0 1 1 1 1 1 1 2 236 1 1 1 1 1 10 1 3 255 1 0 1 2 0 0 0 0 1 5 254 1 1 1 172 255 1 0 0 0 1 29 0 1 1 0 0 0 0 0 0 0 1 1 0 0 0 1 1 255 208 0 0 0 1 47 0 0 0 1 2 0 0 0 0 0 0 0 0 6 1 0 1 203 255 1 255 0 0 0 0 0 0 0 0 0 0 0 0 0 0 0 0 0 0 0 0 0 0 0 0 0 0 0 0 0 0 1 65 0 0 0 0 0 0 0 0 0 0 0 0 0 0 0 1 1 0 0 0 1 12 89 104 104 98 33 11 79 6 3 14 94 116 24 1 1 2 1 0 0 0 0 0 0 0 0 0 0 0 0 3 255 32 1 0 0 0 0 0 1 1 1 12 245 252 228 3 1 8 2 4 1 0 2 2 2 1 0 0 0 0 0 0 0 0 0 1 0 36 158 1 1 1 1 1 1 1 1 173 1 1 0 0 1 1 2 8 4 1 1 3 1 1 8 5 4 10 33 1 1 1 1 0 0 0 1 1 1 0 0 0 0 0 0 1 6 1 1 0 0 0 0 0 0 0 0 1 1 255 87 255 231 2 1 1 113 12 0 0 0 0 0 0 0 0 0 0 1 2 1 2 65 25 1 1 1 1 1 16 1 1 1 0 0 0 1 0 0 1 1 1 1 1 1 1 3 1 1 1 1 2 90 21 15 103 69 1 1 2 0 0 1 2 0 1 2 2 1 1 0 0 4 172 2 1 0 0 0 1 1 45 18 1 0 0 0 1 66 34 0 0 0 0 0 0 0 0 0 0 0 0 0 0 0 0 0 0 0 0 0 0 0 0 0 0 0 247 57 0 0 0 0 0 0 0 0 0 0 0 0 0 0 0 0 0 0 0 0 0 0 0 0 1 1 1 1 0 0 0 0 0 0 0 0 0 0 0 0 0 0 0 0 0 0 0 0 0 0 0 0 0 0 0 0 0 0 0 0 0 0 0 0 0 0 0 0 0 0 0 1 255 1 0 0 0 0 0 0 0 0 0 0 0 0 0 0 0 0 0 0
0 0 0 0 0 0 0 0 0 0 0 0 1 0 0 0 0 0 0 1 139 219 1 0 1 0 0 0 1 1 1 1 1 1 0 1 1 1 0 0 1 1 125 182 1 1 0 1 14 1 251 255 1 1 2 1 1 0 0 0 1 246 214 1 0 0 248 255 1 0 0 0 2 22 0 1 0 0 0 0 0 0 0 0 1 1 0 0 1 1 1 255 2 0 0 0 1 48 0 0 0 0 2 0 0 0 0 0 0 0 0 3 2 0 1 1 255 248 255 1 0 0 0 0 0 0 0 0 0 0 0 0 0 0 0 0 0 0 0 0 0 0 0 0 0 0 0 0 0 1 77 0 0 0 0 0 0 0 0 0 0 0 0 0 0 0 1 9 90 101 101 100 41 2 1 1 0 0 1 88 82 100 58 5 1 1 0 0 1 2 1 0 0 0 0 0 0 0 0 0 0 0 2 255 84 1 0 0 0 1 1 1 38 250 252 189 2 1 3 7 1 1 1 4 1 3 2 1 1 0 0 0 0 0 0 0 0 0 1 0 6 193 1 1 0 0 0 1 1 1 172 1 1 0 1 1 0 0 1 3 8 2 1 5 6 1 1 34 152 91 82 34 4 1 1 1 1 1 1 1 0 0 0 0 0 1 4 2 1 0 0 0 0 0 0 0 0 0 0 1 255 134 193 255 235 234 226 208 4 1 1 1 1 1 1 1 1 1 1 1 3 26 94 8 1 0 1 1 0 1 3 16 1 1 1 1 1 1 0 0 1 1 1 0 0 0 1 5 0 0 1 1 1 4 76 124 13 14 3 1 2 0 0 0 2 1 0 1 1 2 2 1 0 1 26 142 1 1 0 0 0 1 1 27 36 1 0 0 0 1 114 9 0 0 0 0 0 0 0 0 0 0 0 0 0 0 0 0 0 0 0 0 0 0 0 0 0 0 235 147 0 0 0 0 0 0 0 0 0 0 0 0 0 0 0 0 0 0 0 0 0 0 0 0 0 0 1 1 1 1 0 0 0 0 0 0 0 0 0 0 0 0 0 0 0 0 0 0 0 0 0 0 0 0 0 0 0 0 0 0 0 0 0 0 0 0 0 0 0 0 0 0 255 4 0 0 0 0 0 0 0 0 0 0 0 0 0 0 0 0 0 0
0 0 0 0 0 0 0 0 0 0 0 0 1 1 0 0 0 0 0 1 9 243 1 1 1 1 0 0 1 1 1 0 1 1 1 1 0 0 0 0 0 0 1 233 5 1 1 0 14 1 255 20 1 1 2 1 0 0 0 0 1 254 1 1 0 0 255 255 1 0 0 0 6 8 1 1 0 0 0 0 0 0 0 0 1 1 0 0 1 1 223 255 12 1 0 0 0 47 1 0 0 0 2 1 0 0 0 0 0 0 0 1 6 0 1 1 2 255 255 1 0 0 0 0 0 0 0 0 0 0 0 0 0 0 0 0 0 0 0 0 0 0 0 0 0 0 0 0 0 1 80 1 0 0 0 0 0 0 0 0 0 0 1 1 34 97 104 46 1 1 0 0 0 0 0 0 0 0 1 92 1 1 1 0 0 0 0 0 0 1 1 1 0 0 0 0 0 0 0 0 0 0 2 255 119 1 1 1 1 2 114 252 251 100 3 1 1 1 9 1 0 0 1 2 10 1 2 1 0 0 0 0 0 0 0 0 0 0 1 0 2 204 1 1 0 0 0 1 1 1 171 1 1 0 1 1 0 0 1 1 1 5 7 6 1 1 29 86 2 1 2 13 62 86 75 23 3 2 1 1 1 0 0 0 0 1 7 1 1 0 0 0 0 0 0 0 0 0 0 1 255 201 201 255 103 73 136 193 208 50 2 1 1 1 0 1 0 1 4 100 185 100 2 1 1 1 1 1 1 3 8 22 49 31 29 23 7 1 1 1 1 0 0 0 0 0 1 6 1 1 1 0 3 1 1 6 20 25 8 0 2 1 0 0 0 2 2 1 1 1 1 2 1 1 1 98 67 1 1 0 0 1 1 1 29 16 0 0 0 1 4 125 2 0 0 0 0 0 0 0 0 0 0 0 0 0 0 0 0 0 0 0 0 0 0 0 0 0 186 223 0 0 0 0 0 0 0 0 0 0 0 0 0 0 0 0 0 0 0 0 0 0 0 0 0 0 0 1 1 1 1 1 1 0 0 0 0 0 0 0 0 0 0 0 0 0 0 0 0 0 0 0 0 0 0 0 0 0 0 0 0 0 0 0 0 0 0 0 0 0 0 0 253 247 0 0 0 0 0 0 0 0 0 0 0 0 0 0 0 0 0 0
0 0 0 0 0 0 0 0 0 0 0 0 0 1 0 0 0 1 3 2 1 212 133 1 1 1 1 0 1 1 0 0 0 2 0 0 0 0 0 0 0 0 0 49 219 1 1 1 5 4 255 1 0 0 1 1 0 0 0 0 42 251 1 1 0 0 255 255 1 0 0 0 13 4 1 1 0 0 0 0 1 1 1 1 1 0 0 1 1 1 255 4 29 1 0 0 0 9 12 1 1 0 1 2 0 0 0 1 0 0 0 0 7 0 0 1 1 236 255 15 0 0 0 0 0 0 0 0 0 0 0 0 0 0 0 0 0 0 0 0 0 0 0 0 0 0 0 0 0 0 6 39 0 0 1 1 1 1 27 86 100 103 104 92 16 1 1 0 1 0 0 0 0 0 0 0 0 0 1 92 1 1 1 0 0 0 0 0 0 0 1 1 1 0 0 0 0 0 0 0 0 0 1 255 122 1 1 3 197 252 250 32 2 1 2 1 1 1 9 0 0 0 0 2 8 6 1 0 0 0 0 0 0 0 0 0 0 0 1 1 1 207 1 1 0 0 0 0 1 1 171 1 1 1 1 1 0 1 1 1 1 1 5 8 3 40 79 1 0 1 1 1 1 1 2 21 73 83 69 17 3 1 1 1 1 2 4 1 1 0 0 0 0 0 0 0 0 0 0 1 255 243 254 255 2 1 1 1 18 183 187 53 5 3 11 83 146 185 200 118 22 32 28 1 1 1 1 1 22 20 6 2 4 2 1 2 9 14 1 1 1 0 0 0 0 0 0 6 1 2 1 1 2 1 3 1 1 11 7 0 1 1 0 0 0 0 1 2 2 1 1 2 1 0 0 1 166 11 1 0 1 1 1 1 1 61 4 0 0 0 1 14 105 1 0 0 0 0 0 0 0 0 0 0 0 0 0 0 0 0 0 0 0 0 0 0 0 0 26 248 1 0 0 0 0 0 0 0 0 0 0 0 0 0 0 0 0 0 0 0 0 0 0 0 0 0 0 0 1 1 1 1 1 1 1 1 0 0 0 0 0 0 0 1 1 1 1 1 1 1 1 1 0 0 0 0 0 0 0 0 0 0 0 0 0 0 0 0 0 0 0 0 12 255 1 0 0 0 0 0 0 0 0 0 0 0 0 0 0 0 0 0
0 0 0 0 0 0 0 0 0 0 0 0 0 1 1 1 3 2 1 0 1 3 242 1 1 1 1 0 0 1 0 0 0 2 0 0 0 0 0 0 0 0 1 1 224 28 1 1 2 69 255 1 0 0 1 2 0 0 0 1 251 56 1 0 0 0 255 251 1 0 0 0 20 3 1 0 0 0 0 0 1 0 0 1 1 0 0 1 1 40 255 1 1 29 1 0 0 0 25 4 0 0 0 1 3 4 5 6 6 6 1 1 7 0 0 1 1 1 255 255 1 0 0 0 0 0 0 0 0 0 0 0 0 0 0 0 0 0 0 0 0 0 0 0 0 0 0 0 0 0 1 72 2 1 2 69 108 96 21 2 1 1 0 0 0 0 0 0 1 1 0 0 0 0 0 0 0 0 1 89 1 1 0 0 0 0 0 0 0 0 1 1 1 0 0 0 0 0 0 0 0 1 1 255 119 7 236 252 245 9 1 1 1 1 1 2 1 2 6 0 0 0 0 5 1 5 2 0 0 0 0 0 1 1 1 1 1 1 1 1 1 207 1 1 1 1 1 1 1 1 172 1 1 1 1 2 2 3 4 6 7 7 16 10 129 192 18 1 1 1 0 0 0 0 0 0 1 1 3 29 76 88 63 14 2 7 1 1 1 1 0 0 0 0 0 0 0 0 0 1 255 251 251 255 2 1 1 1 1 1 30 176 206 197 191 143 83 30 2 1 1 1 11 46 1 1 7 35 3 1 1 1 1 6 2 1 1 5 12 1 0 0 0 0 0 0 0 6 1 1 1 3 1 1 3 1 1 13 4 0 1 2 1 0 0 0 0 0 1 2 2 1 1 1 0 0 3 183 1 1 1 1 0 1 0 1 85 1 0 0 0 1 50 49 1 0 0 0 0 0 0 0 0 0 0 0 0 0 0 0 0 0 0 0 0 0 0 0 1 252 1 0 0 0 0 0 0 0 0 0 0 0 0 0 0 0 0 0 0 0 0 0 0 0 0 0 0 0 0 0 0 1 1 1 1 1 1 1 1 1 1 1 1 1 1 1 0 0 0 1 1 1 1 1 1 0 0 0 0 0 0 0 0 0 0 0 0 0 0 0 1 1 1 255 1 0 0 0 0 0 0 0 0 0 0 0 0 0 0 0 0 0
0 0 0 0 0 0 0 0 0 0 0 0 0 1 1 1 3 0 0 0 0 1 231 64 0 1 1 1 1 1 0 0 0 2 1 0 0 0 0 0 1 1 1 1 15 229 1 0 1 254 254 0 0 0 0 2 0 0 1 1 254 1 1 0 0 1 255 240 1 0 0 0 25 2 1 0 0 0 0 0 1 0 0 0 1 0 0 1 1 255 202 1 0 34 1 0 0 0 1 49 0 0 0 0 5 1 1 1 1 2 5 1 7 0 0 1 1 1 8 255 2 0 0 0 0 0 0 0 0 0 0 0 0 0 0 0 0 0 0 0 0 0 0 0 0 0 0 0 0 0 2 53 95 108 92 6 1 0 0 0 0 0 0 0 0 0 0 0 0 1 0 0 0 0 0 0 0 0 0 12 37 1 0 0 0 0 0 0 0 0 0 1 1 1 1 0 0 0 0 1 1 1 1 255 252 252 224 4 1 1 1 0 0 0 1 2 1 4 2 0 0 0 1 5 1 1 6 1 0 0 0 0 1 1 0 0 0 0 1 1 1 207 1 1 1 1 1 1 1 77 93 7 8 7 6 6 5 4 3 1 1 1 2 100 112 3 40 87 5 1 1 0 0 0 0 0 0 0 0 1 1 1 4 35 88 120 76 11 2 1 1 1 0 0 0 0 0 0 0 1 251 255 206 255 2 1 1 0 1 0 1 1 8 8 3 1 1 1 2 1 1 1 1 3 56 55 17 1 1 1 1 1 0 1 7 1 1 1 6 10 1 0 0 0 0 0 0 5 1 1 0 1 2 6 1 1 1 16 3 0 0 1 1 0 0 0 0 0 0 1 4 1 0 1 0 0 1 118 52 1 1 0 0 1 1 0 4 63 1 0 0 0 1 104 14 0 0 0 0 0 0 0 0 0 0 0 0 0 0 0 0 0 0 0 0 0 0 0 0 250 10 0 0 0 0 0 0 0 0 0 0 0 0 0 0 0 0 0 0 0 0 0 0 0 0 0 0 0 0 0 0 0 0 1 1 1 1 1 1 1 1 1 0 0 0 0 0 0 0 0 0 0 0 1 1 1 1 0 0 0 0 0 0 0 0 0 0 0 1 1 1 0 0 255 193 0 0 0 0 0 0 0 0 0 0 0 0 0 0 0 0 0
0 0 0 0 0 0 0 0 0 0 0 0 1 1 1 0 3 1 0 0 0 1 5 242 1 0 1 1 1 0 0 0 0 1 2 1 0 0 0 1 1 0 0 0 1 199 101 0 1 255 11 1 1 1 0 2 1 1 1 1 254 1 0 0 0 1 255 193 1 0 0 0 28 1 0 0 0 0 0 1 1 1 1 1 1 0 1 1 1 255 1 1 0 1 36 1 0 0 0 50 0 0 0 0 5 0 0 0 0 1 2 5 5 0 0 0 1 1 1 255 255 1 0 0 0 0 0 0 0 0 0 0 0 0 0 0 0 0 0 0 0 0 0 0 0 0 0 0 0 1 45 1 0 0 0 0 0 0 0 0 0 0 0 0 0 0 0 0 0 1 0 0 0 0 0 0 0 0 0 1 94 1 0 0 0 0 0 0 0 0 0 1 1 1 1 1 0 1 1 1 1 10 241 255 253 2 1 1 1 0 0 0 0 0 1 1 2 2 5 0 0 0 1 3 1 1 1 7 1 0 0 0 1 1 1 1 1 1 1 1 1 210 2 1 1 1 1 1 100 27 1 1 1 1 1 1 0 0 0 1 1 1 93 143 2 1 1 2 71 60 2 1 1 0 0 0 0 0 0 0 0 0 1 1 4 1 5 53 96 100 63 9 2 1 1 1 0 0 0 1 241 255 140 255 2 1 1 1 2 1 1 1 2 2 0 0 1 1 1 1 2 1 0 1 1 3 1 0 0 0 1 2 1 1 2 9 1 1 1 4 9 1 0 1 1 0 1 3 2 1 1 0 1 3 3 2 1 19 2 0 0 0 2 1 0 0 0 0 0 3 1 0 0 0 1 0 0 1 194 1 1 0 0 0 1 0 1 15 31 0 0 0 0 3 121 4 0 0 0 0 0 0 0 0 0 0 0 0 0 0 0 0 0 0 0 0 0 0 0 240 121 0 0 0 0 0 0 0 0 0 0 0 0 0 0 0 0 0 0 0 0 0 0 0 0 0 0 0 0 0 0 0 0 0 0 0 0 1 1 1 0 1 1 1 1 1 1 1 1 0 0 0 0 0 0 1 1 1 1 0 0 0 0 0 0 0 0 1 1 0 0 0 0 147 255 0 0 0 0 0 0 0 0 0 0 0 0 0 0 0 0 0
0 0 0 0 0 0 0 0 0 0 0 0 0 0 0 0 2 1 0 0 0 1 1 201 155 1 1 1 1 0 0 0 0 0 0 2 1 1 1 1 1 0 0 0 0 6 232 1 1 255 1 0 0 1 0 1 1 1 1 4 254 1 0 0 0 1 255 4 1 1 0 0 29 1 0 0 0 0 0 1 0 1 1 1 1 0 1 1 5 255 1 0 0 1 38 1 0 0 0 51 0 0 0 0 6 0 0 0 0 0 0 1 3 4 3 2 1 1 11 251 255 234 1 0 0 0 0 0 0 0 0 0 0 0 0 0 0 0 0 0 0 0 0 0 0 0 0 0 0 3 24 0 0 0 0 0 0 0 0 0 0 0 0 0 0 0 0 0 0 1 1 0 0 0 0 0 0 0 0 1 94 1 0 0 0 0 0 0 0 1 1 1 0 1 1 1 1 1 1 28 245 248 127 94 255 3 1 0 0 0 0 0 0 0 0 1 1 1 8 1 0 0 0 1 5 1 1 1 7 1 1 1 1 1 1 1 1 1 1 1 1 205 2 0 0 0 1 82 17 1 1 1 1 1 0 0 0 0 1 1 1 103 103 4 4 1 1 1 1 7 90 30 1 1 0 0 0 0 0 0 0 1 1 3 1 1 0 1 1 1 8 63 100 102 53 4 1 1 1 1 216 255 208 255 4 6 5 4 4 4 6 6 5 6 1 0 1 1 1 1 1 2 1 0 0 1 2 0 0 1 1 1 0 0 0 2 6 1 1 1 5 19 2 1 1 1 1 3 3 1 1 1 3 1 1 1 3 27 2 0 0 0 1 2 1 0 0 0 1 4 0 0 0 0 1 1 0 1 190 2 1 0 0 0 1 1 0 1 42 9 0 0 0 0 11 110 1 0 0 0 0 0 0 0 0 0 0 0 0 0 0 0 0 0 0 0 0 0 0 228 175 0 0 0 0 0 0 0 0 0 0 0 0 0 0 0 0 0 0 0 0 0 0 0 0 0 0 0 0 0 0 0 0 0 0 0 0 0 0 0 0 0 0 1 1 1 0 0 0 0 0 0 0 0 0 0 0 0 1 1 1 0 0 0 0 0 0 0 0 0 0 0 0 1 255 1 0 0 0 0 0 0 0 0 0 0 0 0 0 0 0 0
1 0 0 0 0 0 0 0 0 0 0 0 0 0 0 0 1 2 0 0 0 0 1 3 242 3 1 1 1 1 0 0 0 0 0 1 2 1 1 1 1 0 0 0 0 1 208 74 70 255 1 1 1 1 0 1 2 1 1 223 244 1 0 0 0 6 255 8 1 1 0 1 30 1 0 0 0 0 0 1 0 0 0 1 1 0 1 1 254 249 1 0 0 0 1 34 1 0 1 48 0 0 0 0 6 0 0 0 0 0 0 0 0 0 1 2 3 3 249 138 79 255 18 1 0 0 0 0 0 0 0 0 0 0 0 0 0 0 0 0 0 0 0 0 0 0 0 0 1 48 1 0 0 0 0 0 0 0 0 0 0 0 0 0 0 0 0 0 0 0 1 0 0 0 0 0 0 0 0 0 51 7 0 0 0 0 0 0 1 0 0 0 0 1 1 2 2 64 248 248 79 1 1 15 255 253 1 0 0 0 0 0 0 0 0 1 1 2 5 2 0 0 1 1 1 4 1 1 2 4 1 0 0 0 0 1 1 0 0 0 1 198 4 0 0 0 2 132 1 1 1 1 1 1 0 0 0 1 1 1 113 94 1 1 6 2 1 1 1 1 1 23 92 11 1 1 0 0 0 0 1 1 5 1 1 1 0 0 0 0 1 1 1 1 12 82 100 86 25 2 174 255 253 255 4 1 1 1 1 1 1 1 1 12 2 1 1 1 0 0 1 1 2 1 1 1 3 0 1 1 1 1 0 0 0 0 2 7 1 1 1 1 21 26 23 26 34 49 40 31 33 35 16 1 1 1 1 29 2 0 0 0 0 1 2 1 0 0 1 4 1 0 0 0 0 1 1 0 160 16 1 0 0 0 0 1 0 0 1 72 3 0 0 0 1 34 67 1 0 0 0 0 0 0 0 0 0 0 0 0 0 0 0 0 0 0 0 0 0 146 235 0 0 0 0 0 0 0 0 0 0 0 0 0 0 0 0 0 0 0 0 0 0 0 0 0 0 0 0 0 0 0 0 0 0 0 0 0 0 0 0 0 0 0 0 1 1 1 1 0 0 0 0 0 0 0 0 0 0 0 1 1 1 0 0 0 0 0 0 0 0 0 0 0 255 36 0 0 0 0 0 0 0 0 0 0 0 0 0 0 0 0
2 1 0 0 0 0 0 0 0 0 0 0 0 0 0 0 1 1 0 0 0 0 1 1 38 228 1 1 1 1 0 0 0 0 0 0 2 1 1 0 0 0 0 0 1 1 40 222 255 254 1 1 1 0 0 1 2 0 1 254 3 1 0 0 1 243 255 154 1 1 1 1 31 1 0 0 0 0 0 1 1 1 1 1 1 0 1 1 255 3 1 0 0 0 1 32 2 0 1 47 0 0 0 1 6 0 0 0 0 0 0 0 0 0 0 0 0 1 252 1 1 255 255 1 1 0 0 0 0 0 0 0 0 0 0 0 0 0 0 0 0 0 0 0 0 0 1 9 45 2 0 0 0 0 0 0 0 0 0 0 0 0 0 0 0 0 0 0 0 0 1 1 0 0 0 0 0 0 0 0 3 78 1 0 0 0 0 0 1 1 0 1 1 1 3 195 250 245 34 1 1 1 1 10 7 255 9 1 0 0 0 0 0 0 0 0 1 1 2 7 1 1 1 0 0 1 3 3 1 4 2 1 0 0 0 0 1 0 0 0 1 180 16 0 0 1 39 46 1 1 1 1 1 0 0 0 0 1 1 122 82 1 0 1 1 8 1 0 0 1 1 1 2 49 81 4 1 1 0 1 1 5 1 1 1 0 0 0 0 0 0 0 1 1 1 1 1 3 28 100 192 255 255 254 1 1 0 0 0 0 0 1 1 1 13 1 1 1 0 0 0 1 1 1 1 1 3 1 1 1 1 0 0 0 0 0 0 3 5 1 1 1 1 1 1 1 1 1 1 1 1 5 11 37 41 19 2 31 1 1 0 0 0 0 1 2 1 0 0 1 3 4 1 0 0 0 1 1 60 109 1 0 0 0 0 1 1 0 1 15 65 1 0 0 0 1 89 22 0 0 0 0 0 0 0 0 0 0 0 0 0 0 0 0 0 0 0 0 0 29 248 0 0 0 0 0 0 0 0 0 0 0 0 0 0 0 0 0 0 0 0 0 0 0 0 0 0 0 0 0 0 0 0 0 0 0 0 0 0 0 0 0 0 0 0 0 0 0 1 1 1 1 1 1 1 1 1 1 1 1 1 1 1 1 1 0 0 0 0 0 0 0 0 0 237 255 0 0 0 0 0 0 0 0 0 0 0 0 0 0 0 0
98 3 1 0 0 0 0 0 0 0 0 0 0 0 0 0 2 1 0 0 0 0 1 2 8 232 62 1 1 1 1 0 0 0 0 0 1 1 0 0 0 0 0 0 1 1 1 237 255 18 1 1 1 1 1 3 1 0 17 254 1 0 0 0 1 255 250 248 1 1 1 1 30 1 0 0 0 0 0 0 0 0 0 1 1 0 1 1 255 1 0 0 0 0 0 1 41 1 1 45 0 0 0 1 5 0 0 0 0 0 0 0 0 0 0 0 0 1 252 1 1 1 255 252 1 1 0 0 0 0 0 0 0 0 0 0 0 0 0 0 0 0 0 0 0 7 48 13 1 1 0 0 0 0 0 0 0 0 0 0 0 0 0 0 0 0 0 0 0 0 0 1 1 0 0 0 0 0 0 0 1 94 1 0 0 0 0 0 0 1 1 1 5 229 250 225 8 1 1 1 1 1 1 7 3 253 255 1 1 0 0 0 0 0 0 0 1 1 2 9 1 1 0 0 0 0 1 2 4 2 5 2 1 0 0 0 1 0 0 0 1 118 85 1 0 1 129 3 1 0 1 1 1 0 0 1 1 1 134 73 1 0 0 1 1 4 3 1 0 0 0 1 1 1 4 77 58 2 1 1 3 2 2 1 1 0 0 0 0 0 0 0 0 0 1 1 1 1 4 21 85 255 255 209 1 1 0 0 0 0 0 0 1 1 6 5 1 0 0 0 0 1 1 1 2 1 1 4 1 0 0 0 0 0 0 0 0 1 3 7 1 1 0 0 1 1 1 0 1 1 2 3 1 1 2 8 42 119 2 1 0 0 0 0 0 1 2 1 1 0 0 1 4 3 1 1 1 1 2 195 1 1 0 0 0 0 1 1 33 26 3 15 1 0 0 0 2 116 6 0 0 0 0 0 0 0 0 0 0 0 0 0 0 0 0 0 0 0 0 25 248 0 0 0 0 0 0 0 0 0 0 0 0 0 0 0 0 0 0 0 0 0 0 0 0 0 0 0 0 0 0 0 0 0 0 0 0 0 0 0 0 0 0 0 0 0 0 0 0 0 0 0 0 0 0 0 0 0 0 0 0 0 0 1 1 1 1 0 0 0 0 0 0 0 2 255 1 0 0 0 0 0 0 0 0 0 0 0 0 0 0 0
1 96 5 1 0 0 0 0 0 0 0 0 0 0 0 0 3 1 0 0 0 0 2 13 1 5 240 1 1 1 1 0 0 0 0 0 1 2 1 0 0 0 0 0 1 1 1 250 255 1 1 0 0 0 0 3 1 1 250 102 1 0 0 1 1 255 42 254 1 1 0 1 27 1 0 0 0 0 0 0 0 0 1 1 1 0 1 1 255 1 0 0 0 0 0 1 160 83 87 21 7 8 8 8 2 1 1 0 0 0 0 0 0 0 0 0 0 172 247 1 0 1 4 255 249 1 1 0 0 0 0 0 0 0 0 0 0 0 0 0 0 0 0 3 48 17 1 1 0 0 0 0 0 0 0 0 0 0 0 0 0 0 0 0 0 0 0 0 0 0 0 0 1 1 1 0 0 0 0 0 1 4 75 1 0 0 0 1 1 1 13 243 250 184 2 1 1 1 1 1 1 0 1 4 6 2 255 63 1 0 0 0 0 0 0 0 0 1 1 6 3 1 0 0 0 0 0 1 1 5 1 6 1 1 0 0 1 0 0 0 0 24 170 1 1 9 98 1 1 0 1 1 1 0 0 1 1 139 56 1 0 0 0 1 1 2 2 3 1 0 0 0 0 0 1 1 6 80 18 3 1 1 1 2 1 1 0 0 0 0 0 0 0 0 0 0 1 1 31 2 58 255 255 15 1 1 0 0 0 0 0 0 1 1 1 9 5 1 1 0 1 2 2 1 1 1 2 6 3 1 0 0 0 0 0 0 0 0 1 2 10 3 1 0 0 0 1 0 1 1 3 1 0 1 1 0 1 127 2 1 0 0 0 0 0 0 1 1 2 1 0 0 1 2 3 3 1 1 1 195 1 1 1 0 1 1 23 51 4 1 1 8 7 0 0 1 1 6 117 1 0 0 0 0 0 0 0 0 0 0 0 0 0 0 0 0 0 0 0 127 240 0 0 0 0 0 0 0 0 0 0 0 0 0 0 0 0 0 0 0 0 0 0 0 0 0 0 0 0 0 0 0 0 0 0 0 0 0 0 0 0 0 0 0 0 0 0 0 0 0 0 0 0 0 0 0 0 0 0 0 0 0 0 0 1 1 1 1 1 0 0 0 0 0 0 255 2 0 0 0 0 0 0 0 0 0 0 0 0 0 0 0
1 1 104 7 1 0 0 0 0 0 0 0 0 0 0 1 3 0 0 0 0 1 1 3 1 1 238 10 1 1 1 1 0 0 0 0 0 1 2 0 0 0 0 1 1 1 1 251 255 1 1 0 0 0 0 3 1 3 254 1 1 0 1 1 3 255 5 254 1 1 1 1 14 4 0 0 0 0 0 1 1 1 1 1 0 1 1 1 255 1 0 0 0 0 0 1 154 1 1 0 0 1 0 0 1 0 1 1 0 0 0 0 0 0 0 0 1 252 3 1 0 1 1 8 255 254 1 0 0 0 0 0 0 0 0 0 0 0 0 0 0 0 10 30 1 1 0 0 0 0 0 0 0 0 0 0 0 0 0 0 0 0 0 0 0 0 0 0 0 0 0 0 0 0 1 1 1 1 0 0 1 1 77 3 1 1 1 1 53 248 248 109 2 1 1 1 1 1 0 0 0 0 1 2 11 1 214 255 1 0 0 0 0 0 0 0 0 1 1 2 7 2 1 0 0 0 0 0 1 3 1 1 6 1 1 0 1 0 0 0 0 4 196 1 2 123 2 1 1 0 1 1 0 0 1 1 136 54 1 0 0 0 1 1 1 1 2 2 2 1 0 0 0 0 0 0 1 1 39 82 7 1 1 1 1 2 1 1 0 0 0 0 0 0 0 1 1 1 38 1 87 255 255 3 1 0 0 0 0 0 0 0 0 1 1 5 2 4 3 1 1 1 0 1 1 1 1 1 4 5 1 0 0 0 0 0 0 0 0 0 1 4 8 6 2 1 1 1 1 4 2 1 1 2 1 1 1 129 2 1 0 0 0 0 0 0 0 0 1 1 2 1 1 2 0 1 2 1 1 186 3 1 1 1 5 54 8 1 1 0 1 1 15 3 1 1 1 1 21 88 1 0 0 0 0 0 0 0 0 0 0 0 0 0 0 0 0 0 0 226 182 0 0 0 0 0 0 0 0 0 0 0 0 0 0 0 0 0 0 0 0 0 0 0 0 0 0 0 0 0 0 0 0 0 0 0 0 0 0 0 0 0 0 0 0 0 0 0 0 0 0 0 0 0 0 0 0 0 0 0 0 0 0 0 0 0 0 1 1 1 1 1 0 0 0 255 247 0 0 0 0 0 0 0 0 0 0 0 0 0 0 0
1 5 1 64 7 1 0 0 0 0 0 0 0 0 0 0 3 0 0 1 0 0 1 2 0 1 32 232 0 1 1 1 0 0 0 0 0 0 1 1 0 0 1 1 0 1 1 227 255 1 0 0 0 0 0 3 1 246 219 1 0 0 0 1 9 255 2 254 1 0 1 1 1 30 1 1 1 1 0 0 1 1 2 1 0 1 0 1 255 1 1 1 0 0 0 0 145 2 0 0 0 1 1 0 0 0 0 0 0 0 0 0 0 0 0 0 1 252 1 1 1 0 1 6 1 255 255 1 1 0 0 0 0 0 0 0 0 0 0 0 0 5 22 1 0 0 0 0 0 0 0 0 0 0 0 0 0 0 0 0 0 0 0 0 0 0 0 0 0 0 0 0 0 0 0 0 0 0 1 1 1 1 2 91 2 2 144 250 245 26 1 1 1 1 1 1 1 1 0 0 0 0 0 1 13 1 1 255 233 1 0 0 0 0 0 0 1 1 1 1 3 7 1 1 0 0 0 0 0 1 4 2 2 5 1 0 1 1 0 0 0 2 208 1 98 12 1 1 1 0 1 1 0 1 2 137 56 1 0 0 0 1 1 1 0 1 3 1 2 1 0 0 0 0 0 0 0 2 1 2 48 54 2 1 1 1 2 1 1 0 0 0 0 0 0 2 22 32 8 1 182 255 255 1 1 0 0 0 0 0 0 0 0 0 1 5 1 1 2 4 1 0 0 0 1 1 1 1 1 2 7 1 0 0 0 0 0 0 0 0 0 0 1 1 4 5 6 7 6 1 1 0 1 1 1 1 1 138 1 1 0 0 0 0 0 0 0 0 0 0 1 2 2 1 0 1 3 0 0 156 18 1 0 1 50 1 0 0 1 0 0 0 1 17 11 1 1 1 1 67 34 0 0 0 0 0 0 0 0 0 0 0 0 0 0 0 0 0 1 248 20 0 0 0 0 0 0 0 0 0 0 0 0 0 0 0 0 0 0 0 0 0 0 0 0 0 0 0 0 0 0 0 0 0 0 0 0 0 0 0 0 0 0 0 0 0 0 0 0 0 0 0 0 0 0 0 0 0 0 0 0 0 0 0 0 0 0 0 0 1 1 1 1 1 0 18 255 0 0 0 0 0 0 0 0 0 0 0 0 0 0 0
4 1 1 1 66 6 1 0 0 0 0 0 0 0 0 0 1 1 1 1 0 0 1 2 0 0 1 242 1 1 0 1 1 0 0 0 0 0 0 2 1 0 1 0 0 1 1 83 255 1 0 0 0 0 0 3 1 254 1 1 0 0 0 1 226 255 1 254 1 1 1 0 1 17 6 7 11 13 13 14 14 15 25 18 4 1 1 226 255 1 0 1 0 0 0 0 137 3 0 0 0 1 1 0 0 0 0 0 0 0 0 0 0 0 0 1 239 232 0 0 1 1 1 6 0 1 255 255 1 1 0 0 0 0 0 0 0 0 0 0 1 45 1 0 0 0 0 0 0 0 0 0 0 0 0 0 0 0 0 0 0 0 0 0 0 0 0 0 0 0 0 0 0 0 0 0 0 0 0 0 1 1 1 16 245 250 240 6 1 1 1 1 1 1 0 1 1 1 0 0 0 0 0 1 15 1 1 27 255 2 1 0 0 0 0 1 1 1 1 1 2 2 5 4 2 3 3 2 2 1 1 2 4 4 4 1 0 1 0 0 0 1 213 1 47 125 120 72 2 1 1 1 1 2 143 52 1 0 0 0 1 1 1 1 0 1 3 1 1 3 1 0 0 0 0 1 1 2 1 1 1 5 71 30 1 1 1 2 1 0 0 0 0 0 1 31 3 2 1 1 254 255 254 1 1 0 0 0 0 0 0 0 0 0 1 4 1 0 1 3 1 0 0 0 0 1 1 1 1 1 1 8 4 1 0 0 0 0 0 0 0 0 0 1 1 1 1 1 1 1 1 1 1 1 1 1 1 142 1 0 0 0 0 0 0 0 0 0 0 0 0 1 3 0 0 0 3 0 0 48 121 1 0 0 26 6 0 0 1 1 0 0 0 1 11 7 0 1 1 1 110 10 0 0 0 0 0 0 0 0 0 0 0 0 0 0 0 0 94 243 0 0 0 0 0 0 0 0 0 0 0 0 0 0 0 0 0 0 0 0 0 0 0 0 0 0 0 0 0 0 0 0 0 0 0 0 0 0 0 0 0 0 0 0 0 0 0 0 0 0 0 0 0 0 0 0 0 0 0 0 0 0 0 0 0 0 0 0 0 0 0 1 1 1 1 1 255 1 0 0 0 0 0 0 0 0 0 0 0 0 0 0
1 0 0 1 1 80 4 1 0 0 0 0 0 0 0 0 0 1 3 3 3 2 3 1 0 0 1 165 184 1 0 1 1 0 0 0 0 0 0 1 2 1 1 1 1 1 1 63 255 1 0 0 0 0 0 2 40 252 1 1 0 0 0 1 255 238 1 254 1 0 1 0 1 12 1 0 0 0 1 1 1 1 1 2 11 23 31 255 251 41 1 1 1 0 0 0 119 6 0 0 0 1 0 0 0 0 0 0 0 0 0 0 0 0 0 37 251 1 1 7 2 1 1 6 1 1 1 254 255 10 1 0 0 0 0 0 0 0 1 29 44 1 0 0 0 0 0 0 0 0 0 0 0 0 0 0 0 0 0 0 0 0 0 0 0 0 0 0 0 0 0 0 0 0 0 0 0 1 1 1 1 26 248 252 207 2 1 1 1 1 1 1 0 0 0 1 1 1 0 0 0 0 0 1 14 1 1 1 255 253 1 1 1 0 1 1 1 1 0 0 1 2 1 2 3 3 3 4 5 7 4 1 1 4 4 2 1 1 0 0 0 1 213 1 1 2 3 21 132 4 1 1 2 149 44 1 0 0 0 1 1 1 1 0 0 0 3 1 1 1 3 1 0 0 1 1 2 2 1 0 0 0 1 14 78 11 1 1 2 1 0 0 0 0 3 25 1 1 1 2 255 255 168 1 0 0 0 0 0 0 0 0 0 1 4 2 1 0 0 1 3 0 0 0 0 0 1 1 1 1 1 1 4 13 2 1 3 7 4 4 5 5 5 4 4 4 4 5 1 1 1 1 1 1 1 1 1 145 1 0 0 0 0 0 0 0 0 0 0 0 0 0 3 0 0 0 2 1 0 1 195 1 1 0 3 35 0 0 0 1 0 0 0 0 1 26 2 2 2 1 4 122 3 0 0 0 0 0 0 0 0 0 0 0 0 0 0 2 248 33 0 0 0 0 0 0 0 0 0 0 0 0 0 0 0 0 0 0 0 0 0 0 0 0 0 0 0 0 0 0 0 0 0 0 0 0 0 0 0 0 0 0 0 0 0 0 0 0 0 0 0 0 0 0 0 0 0 0 0 0 0 0 0 0 0 0 0 0 0 0 0 0 0 0 0 1 255 171 1 0 0 0 0 0 0 0 0 0 0 0 0 0
0 0 0 1 1 1 90 3 0 0 0 0 0 0 0 0 0 0 1 1 3 1 1 1 0 0 1 2 242 1 0 0 1 0 0 0 0 0 0 0 1 2 1 1 1 1 1 105 255 1 0 0 0 0 0 1 248 215 1 0 0 0 1 1 255 5 1 252 24 1 1 0 0 10 1 0 0 0 0 0 0 0 0 1 1 1 1 255 234 254 255 255 254 170 2 1 97 13 0 0 0 1 1 1 1 1 1 0 0 0 0 0 0 1 184 254 177 195 196 174 189 198 145 4 2 1 1 1 244 255 158 1 1 5 18 36 47 48 43 3 1 0 0 0 0 0 0 0 0 0 0 0 0 0 0 0 0 0 0 0 0 0 0 0 0 0 0 0 0 0 0 0 0 0 0 1 1 1 2 88 250 250 129 2 1 1 1 1 1 1 0 0 0 0 0 1 1 1 0 0 0 0 0 1 13 1 1 1 4 255 11 1 1 1 1 1 0 0 0 0 0 1 2 1 1 1 1 1 1 1 2 4 1 3 1 5 1 1 0 0 0 1 213 1 1 1 1 1 11 91 1 2 154 38 1 0 0 0 1 1 1 1 0 0 0 0 3 1 0 1 1 2 1 1 1 1 1 1 0 0 0 0 0 1 1 35 63 3 1 2 1 0 0 0 4 19 1 1 1 6 255 255 8 1 0 0 0 0 0 0 0 0 0 1 5 1 1 1 1 1 4 1 0 0 0 0 1 0 1 1 1 1 2 21 12 22 5 2 6 6 4 1 1 1 1 1 1 4 2 1 1 1 0 1 1 1 3 142 1 0 0 0 0 0 0 0 0 0 0 0 0 0 3 0 0 1 2 1 0 1 197 1 1 0 1 53 0 0 0 0 1 0 0 0 0 5 11 1 1 2 1 14 103 1 0 0 0 0 0 0 0 0 0 0 0 0 1 231 165 0 0 0 0 0 0 0 0 0 0 0 0 0 0 0 0 0 0 0 0 0 0 0 0 0 0 0 0 0 0 0 0 0 0 0 0 0 0 0 0 0 0 0 0 0 0 0 0 0 0 0 0 0 0 0 0 0 0 0 0 0 0 0 0 0 0 0 0 0 0 0 0 0 0 0 0 0 168 255 1 1 1 1 0 0 0 0 0 0 0 0 0 0
0 0 0 0 1 1 1 98 2 0 0 0 0 0 0 0 0 0 0 0 3 1 1 1 0 0 0 1 243 2 0 0 1 1 0 0 0 0 0 1 1 1 1 1 1 1 0 188 255 1 0 0 0 0 1 1 254 5 1 0 0 0 1 11 255 1 1 231 243 1 0 0 0 2 7 0 0 0 0 0 0 0 1 1 1 1 101 255 1 0 1 1 156 254 255 255 255 217 1 0 0 0 0 0 0 1 1 1 1 1 1 1 10 254 252 91 12 1 1 0 0 1 27 199 214 201 201 201 201 242 255 249 37 19 6 2 1 1 1 0 0 0 0 0 0 0 0 0 0 0 0 0 0 0 0 0 0 0 0 0 0 0 0 0 0 0 0 0 0 0 0 0 1 1 1 1 2 144 250 248 48 2 1 1 0 1 1 1 1 1 1 1 0 0 0 1 1 1 0 0 0 0 0 1 14 1 1 0 1 253 255 1 0 1 1 0 0 0 0 0 0 0 1 2 1 1 1 1 1 0 1 7 1 1 4 1 6 1 1 0 0 1 212 1 1 1 1 1 2 121 4 158 30 1 0 0 0 1 1 1 1 0 0 0 0 0 3 1 0 0 1 2 2 1 2 1 1 1 0 0 0 0 0 1 1 1 3 61 16 1 2 0 0 1 14 6 1 0 1 53 255 255 2 1 0 0 0 0 0 0 0 0 0 1 5 1 0 1 1 1 4 1 0 0 0 1 1 0 0 1 1 1 2 4 1 4 0 0 1 1 3 1 0 1 0 0 1 1 5 1 0 1 1 1 1 1 43 50 1 1 0 0 0 0 0 0 0 0 0 0 0 1 3 2 2 2 2 2 0 0 188 3 1 0 1 54 1 1 0 0 1 1 0 0 0 0 2 8 2 2 2 1 45 52 1 0 0 0 0 0 0 0 0 0 0 2 233 187 1 0 0 0 0 0 0 0 0 0 0 0 0 0 0 0 0 0 0 0 0 0 0 0 0 0 0 0 0 0 0 0 0 0 0 0 0 0 0 0 0 0 0 0 0 0 0 0 0 0 0 0 0 0 0 0 0 0 0 0 0 0 0 0 0 0 0 0 0 0 0 0 0 0 0 0 0 0 1 255 1 1 1 1 1 1 1 0 0 0 0 0 0 0
0 0 0 0 0 1 1 1 102 2 0 0 0 0 0 0 0 0 0 0 2 1 1 1 0 0 0 1 172 183 1 0 1 1 0 0 0 0 0 0 0 1 2 1 1 0 0 244 255 1 1 1 0 0 1 1 255 1 0 0 0 0 1 251 255 1 1 212 247 1 0 0 0 1 12 0 0 0 0 0 0 0 1 0 1 1 255 254 1 0 0 0 0 0 0 1 132 252 254 251 2 1 0 0 0 1 0 0 0 1 1 1 254 49 1 0 0 0 0 0 0 0 0 1 8 0 1 1 1 1 22 255 254 1 1 1 0 0 0 0 0 0 0 0 0 0 0 0 0 0 0 0 0 0 0 0 0 0 0 0 0 0 0 0 1 1 1 0 1 1 1 1 1 1 4 189 250 245 23 1 1 1 1 1 1 1 0 0 1 1 1 1 1 0 0 1 1 1 0 0 0 0 0 1 14 1 1 1 1 2 255 81 1 1 1 1 1 0 0 0 0 0 1 1 2 1 1 1 1 0 1 7 1 1 2 3 1 6 1 1 0 1 208 2 1 1 0 1 1 143 167 27 1 0 0 0 1 1 1 1 0 0 0 0 0 0 3 1 0 0 1 1 3 2 1 0 0 0 0 0 0 0 0 0 0 0 1 1 52 17 7 1 1 1 35 1 1 0 1 229 255 255 1 0 0 0 0 0 0 0 0 0 0 1 5 1 0 1 1 0 4 1 0 0 0 1 0 0 0 1 0 1 6 1 0 2 5 5 5 4 4 1 1 1 0 0 0 1 6 1 1 1 1 1 1 1 148 2 0 1 1 0 0 0 0 0 0 0 0 1 1 1 1 3 0 0 1 3 0 0 159 16 1 1 0 49 1 1 1 0 0 1 0 0 0 0 1 2 5 7 6 2 1 101 16 0 0 0 0 0 0 0 0 0 6 242 158 1 0 0 0 0 0 0 0 0 0 0 0 0 0 0 0 0 0 0 0 0 0 0 0 0 0 0 0 0 0 0 0 0 0 0 0 0 0 0 0 0 0 0 0 0 0 0 0 0 0 0 0 0 0 0 0 0 0 0 0 0 0 0 0 0 0 0 0 0 0 0 0 0 1 1 1 1 1 1 1 255 27 0 0 1 1 1 1 1 1 1 0 0 0 0
0 0 0 0 0 0 1 1 1 104 1 1 0 0 0 0 0 0 0 0 2 1 1 1 0 0 0 1 6 241 1 0 0 2 0 0 0 0 0 0 0 0 2 1 0 0 1 252 255 0 0 0 0 0 0 2 255 1 0 0 0 0 1 255 189 1 1 168 249 1 0 0 0 1 12 1 0 0 0 0 0 0 1 1 1 1 255 2 1 0 0 0 0 0 0 0 118 2 1 223 254 254 78 1 0 1 0 0 0 0 0 245 247 0 1 0 0 0 0 0 0 0 0 0 7 1 0 1 1 1 1 3 255 255 1 1 0 0 0 0 0 0 0 0 0 0 1 1 0 0 0 0 0 0 0 0 0 0 0 1 1 1 1 1 1 0 1 1 1 0 1 1 7 225 250 241 12 2 1 1 1 1 1 1 1 0 0 0 0 1 1 1 1 1 0 1 1 0 0 0 0 0 0 1 13 1 1 1 1 1 208 255 2 1 0 1 1 1 1 1 0 0 1 0 1 2 1 1 1 0 1 7 1 1 1 4 1 2 5 1 1 1 199 6 1 0 0 1 2 177 16 1 0 0 0 1 1 1 1 0 0 0 0 0 0 0 3 1 0 0 0 1 2 3 1 0 0 0 0 0 0 0 0 0 0 0 0 0 1 30 61 89 9 1 38 1 0 0 1 255 255 251 1 0 0 0 0 0 0 0 0 0 0 1 4 2 0 0 1 1 2 2 0 0 0 1 0 0 1 1 0 2 3 0 0 0 0 0 1 1 3 1 1 1 0 0 1 1 6 0 1 1 1 0 1 4 136 1 0 0 1 1 0 0 0 0 0 0 0 1 1 0 0 3 0 0 1 3 0 0 115 54 1 1 0 18 10 1 1 0 0 1 1 0 0 0 0 1 2 2 4 9 1 2 121 5 0 0 0 0 0 0 1 21 245 103 0 0 0 0 0 0 0 0 0 0 0 0 0 0 0 0 0 0 0 0 0 0 0 0 0 0 0 0 0 0 0 0 0 0 0 0 0 0 0 0 0 0 0 0 0 0 0 0 0 0 0 0 0 0 0 0 0 0 0 0 0 0 0 0 0 0 0 0 1 1 1 1 1 1 1 0 0 0 0 0 1 242 255 0 0 0 1 1 0 1 1 1 1 1 0 0
0 0 0 0 0 0 0 1 1 5 117 1 0 0 0 0 0 0 0 0 2 1 1 1 0 0 0 0 1 243 1 0 0 1 1 0 0 0 0 0 0 0 1 2 0 0 1 255 255 1 0 0 0 0 1 11 254 1 0 0 0 1 1 255 3 0 1 90 251 1 0 0 0 1 13 1 0 0 0 0 0 1 1 1 0 2 255 1 1 1 1 0 0 0 0 0 127 1 1 1 1 27 254 254 249 3 1 0 0 1 1 255 1 1 1 0 0 0 0 0 0 0 0 0 7 1 1 1 1 1 1 1 2 255 255 1 0 0 0 0 0 0 0 0 1 1 1 0 0 0 0 0 0 0 0 0 0 0 0 0 1 1 0 0 0 1 1 0 1 1 14 241 250 227 7 1 1 1 1 1 1 1 0 1 1 0 0 0 0 0 1 1 1 1 1 1 1 0 0 0 0 0 0 1 14 1 0 1 1 1 1 255 237 1 1 1 1 1 1 1 1 1 1 0 1 1 2 1 0 0 1 7 1 1 1 4 1 1 3 3 1 0 177 25 1 0 1 2 151 16 1 0 0 0 1 1 1 1 0 0 0 0 0 0 0 0 3 1 1 0 1 2 1 1 3 1 0 0 0 0 0 0 0 0 0 0 0 0 0 1 1 2 52 66 54 1 0 1 2 255 255 86 1 0 0 0 0 0 0 0 0 0 0 0 1 5 1 0 0 1 1 3 1 0 0 1 1 0 1 1 1 5 2 0 0 0 0 0 0 0 1 1 1 1 1 1 1 1 6 0 1 1 1 1 1 123 7 1 1 1 1 1 1 0 0 0 0 0 0 1 0 0 0 3 0 0 0 3 1 0 9 173 1 1 0 11 18 1 0 0 0 0 1 0 0 0 0 0 1 1 1 7 3 1 10 110 1 0 0 0 0 1 61 246 43 0 0 0 0 0 0 0 0 0 0 0 0 0 0 0 0 0 0 0 0 0 0 0 0 0 0 0 0 0 0 0 0 0 0 0 0 0 0 0 0 0 0 0 0 0 0 0 0 0 0 0 0 0 0 0 0 0 0 0 0 0 0 0 0 0 0 0 1 1 1 0 0 0 0 0 0 0 0 0 0 0 1 2 255 1 0 0 0 0 1 1 0 1 1 1 1 0
0 0 0 0 0 0 0 0 5 14 2 67 1 0 0 0 0 0 0 0 1 4 0 1 0 0 0 0 1 243 2 0 0 1 1 0 0 0 0 0 0 0 0 2 0 0 1 255 255 0 0 0 1 1 1 249 185 1 1 1 1 1 2 255 1 0 1 73 251 1 0 0 0 1 12 1 0 0 0 0 0 1 1 1 1 255 255 1 0 0 0 0 0 0 0 0 136 1 0 0 0 0 1 1 237 254 235 1 214 254 255 239 0 0 0 0 0 0 0 0 0 0 0 0 7 0 0 1 1 1 0 1 1 1 254 255 17 0 0 0 0 0 0 0 1 0 0 0 0 0 0 0 0 0 0 0 0 1 1 0 0 1 1 0 0 1 1 1 36 248 250 189 4 1 1 1 1 1 1 1 0 1 0 0 1 1 0 0 0 0 0 0 1 0 1 1 1 0 0 0 0 0 0 1 14 1 0 0 1 1 1 20 255 37 9 1 1 1 1 1 0 0 1 0 0 1 1 2 1 0 1 7 1 0 1 4 1 1 1 3 2 1 117 95 1 1 2 151 15 1 0 0 0 1 1 1 1 0 0 0 0 0 0 0 0 0 2 1 1 1 2 1 0 1 2 2 1 0 0 0 0 0 0 0 0 0 0 0 0 0 0 0 1 6 168 16 1 1 13 255 255 4 1 0 0 0 0 0 0 0 0 0 0 0 1 6 1 0 0 1 1 3 1 0 0 0 1 1 1 0 1 3 2 0 0 0 0 0 0 1 1 1 1 1 0 0 1 1 6 0 0 1 0 1 21 100 1 0 0 1 1 1 1 1 0 0 0 0 0 1 1 0 0 3 0 0 0 3 1 0 1 195 2 6 42 40 1 0 0 0 0 0 1 1 0 0 0 0 1 1 1 4 5 2 1 41 56 1 0 0 1 136 245 15 0 0 0 0 0 0 0 0 0 0 0 0 0 0 0 0 0 0 0 0 0 0 0 0 0 0 0 0 0 0 0 0 0 0 0 0 0 0 0 0 0 0 0 0 0 0 0 0 0 0 0 0 0 0 0 0 0 0 0 0 0 0 0 0 0 0 0 0 1 0 0 0 0 0 0 0 0 0 0 0 0 0 1 1 255 2 0 0 0 0 0 1 0 0 0 1 1 1
0 0 0 0 0 0 1 8 7 1 1 3 57 1 0 0 0 0 0 0 1 4 0 1 1 1 1 1 1 179 177 1 0 1 2 0 0 0 0 0 0 0 0 2 2 2 213 255 249 0 0 1 1 2 249 236 6 0 0 1 1 1 4 255 1 1 1 111 251 1 0 0 0 1 12 1 0 0 0 0 0 1 1 1 1 255 1 1 0 0 0 0 0 0 1 0 137 1 0 0 0 0 0 0 0 1 249 255 251 30 1 0 0 0 0 0 0 0 0 0 0 0 0 0 6 1 0 0 1 1 1 0 1 1 1 245 255 188 1 0 0 0 0 1 1 0 0 0 0 0 0 0 0 0 0 0 0 1 0 1 0 1 1 1 1 2 89 250 250 122 3 1 1 1 1 0 0 0 1 1 1 1 0 0 1 1 1 0 0 0 0 0 1 0 1 1 1 1 0 0 0 0 0 1 14 1 0 0 1 1 0 1 255 253 8 4 1 1 1 1 1 1 1 0 1 1 1 1 2 1 1 7 1 1 1 2 3 1 1 1 4 2 34 164 1 3 153 14 1 0 0 0 1 1 1 0 0 0 0 0 0 0 0 0 0 0 2 1 1 2 1 0 0 0 1 2 2 1 1 0 0 0 0 0 0 0 0 0 0 0 1 0 1 1 95 7 26 6 173 255 255 1 1 0 0 0 0 0 0 0 0 0 0 0 1 5 1 1 1 1 1 3 1 1 1 1 1 1 1 1 5 1 2 1 0 0 0 0 1 1 1 1 1 1 1 0 0 0 7 1 1 1 1 5 105 1 4 3 1 0 1 0 0 1 0 0 0 0 0 1 1 0 0 3 1 0 0 1 3 1 40 122 66 23 2 1 0 0 0 0 0 0 0 1 0 0 0 0 1 1 1 4 6 2 1 1 88 22 1 2 217 238 4 0 0 0 0 0 0 0 0 0 0 0 0 0 0 0 0 0 0 0 0 0 0 0 0 0 0 0 0 0 0 0 0 0 0 0 0 0 0 0 0 0 0 0 0 0 0 0 0 0 0 0 0 0 0 0 0 0 0 0 0 0 0 0 0 0 0 0 0 0 1 0 0 0 0 0 0 0 0 0 0 0 0 0 0 1 255 245 0 0 0 0 0 1 1 0 0 0 0 1
0 0 0 0 0 0 4 7 1 0 1 1 19 18 0 0 0 0 0 0 0 4 1 1 1 1 1 1 1 14 241 1 0 0 1 1 0 0 0 0 0 0 0 1 1 13 221 255 231 6 6 3 174 252 97 3 13 1 1 1 1 1 28 255 1 1 1 175 249 1 0 0 0 0 9 2 0 0 0 0 0 1 1 1 255 255 1 0 0 0 0 0 0 0 1 1 135 1 0 0 0 0 0 0 0 1 1 3 12 5 1 0 0 0 0 0 0 0 0 0 0 0 0 0 6 1 0 0 0 1 1 1 0 1 1 1 142 255 249 1 0 0 1 1 0 0 0 0 0 0 0 0 0 0 0 0 0 1 1 1 1 1 1 2 161 250 248 53 2 1 1 1 0 0 0 0 0 0 1 1 1 0 0 0 0 1 1 1 0 0 0 0 0 0 0 0 1 1 1 0 0 0 0 1 14 1 0 0 0 1 1 3 7 255 13 21 1 1 1 1 1 1 1 1 1 1 1 1 1 2 1 7 1 1 1 1 2 2 1 1 1 5 12 192 6 160 12 1 0 0 0 1 1 1 0 0 1 0 0 0 0 0 1 1 1 1 1 2 2 1 1 1 1 1 1 1 3 1 1 1 1 1 1 1 1 1 1 1 1 1 1 2 2 3 121 6 10 49 255 255 252 14 15 16 17 18 19 19 18 10 1 0 1 2 4 8 4 4 4 3 3 5 2 2 2 2 2 2 2 2 5 0 1 2 0 0 0 1 1 0 0 1 1 1 1 1 1 0 7 1 1 1 4 109 2 0 0 1 5 2 1 1 0 1 0 0 0 0 0 0 1 0 0 1 2 0 0 0 3 8 24 135 173 3 1 1 0 0 0 0 0 0 0 0 1 0 0 0 1 1 1 3 10 1 0 1 129 231 245 238 200 1 0 0 0 0 0 0 0 0 0 0 0 0 0 0 0 0 0 0 0 0 0 0 0 0 0 0 0 0 0 0 0 0 0 0 0 0 0 0 0 0 0 0 0 0 0 0 0 0 0 0 0 0 0 0 0 0 0 0 0 0 0 0 0 0 0 0 0 0 0 0 1 1 0 0 0 0 0 0 0 0 0 0 0 0 0 1 28 255 1 0 0 0 0 0 1 1 0 0 1 0
0 0 0 0 0 0 22 1 0 0 1 1 1 82 1 0 0 0 0 0 0 3 1 0 1 1 0 0 1 1 244 1 0 0 1 2 0 0 0 0 0 0 0 0 1 230 2 255 131 1 1 247 247 4 4 70 1 1 1 0 0 1 117 255 1 1 1 249 184 1 0 0 0 0 5 4 0 0 0 0 1 1 0 1 255 1 1 0 0 0 0 0 0 0 0 1 133 0 0 0 0 0 0 0 0 0 1 1 1 2 12 7 1 0 0 0 0 0 0 0 0 0 0 0 5 1 0 0 0 0 1 1 1 0 1 1 1 6 255 254 1 1 1 0 0 0 0 0 0 0 0 0 0 0 0 0 0 1 1 1 1 2 209 250 245 17 1 1 1 1 0 0 0 0 0 1 1 1 0 1 1 0 0 0 0 1 1 1 1 0 0 0 0 0 0 0 0 1 1 1 0 0 0 1 14 1 0 0 0 1 1 1 9 248 255 12 1 1 1 1 1 1 1 1 1 1 1 1 1 2 2 7 5 4 4 5 6 3 2 2 1 2 30 231 164 7 1 1 1 1 1 1 1 1 1 1 2 2 2 2 2 2 3 3 3 3 4 14 7 8 9 9 10 10 10 10 12 21 14 12 12 12 12 12 12 12 12 11 11 10 10 8 8 10 144 7 4 10 255 255 6 2 2 1 1 1 1 1 1 4 13 5 3 3 1 4 1 1 1 1 1 1 1 1 1 1 1 1 1 6 1 0 0 2 0 0 0 1 1 1 0 0 1 1 1 0 1 0 6 1 1 10 109 2 1 0 0 0 1 3 4 1 0 1 1 0 0 0 0 0 1 0 0 0 3 1 1 1 4 1 0 1 216 8 1 1 0 0 0 0 0 0 0 0 1 1 0 0 1 1 1 10 6 1 1 2 243 158 7 192 3 0 0 0 0 0 0 0 0 0 0 0 0 0 0 0 0 0 0 0 0 0 0 0 0 0 0 0 0 0 0 0 0 0 0 0 0 0 0 0 0 0 0 0 0 0 0 0 0 0 0 0 0 0 0 0 0 0 0 0 0 0 0 0 0 0 0 0 0 0 0 0 0 1 0 0 0 0 0 0 0 0 0 0 0 0 0 1 1 255 1 0 0 0 0 0 0 1 0 0 1 1
0 0 0 0 0 1 23 1 1 1 0 1 1 5 43 1 0 0 0 0 0 2 2 1 1 1 1 0 1 1 241 10 0 0 1 1 1 0 0 0 0 0 0 1 174 110 1 255 17 53 251 140 1 0 3 22 0 0 0 0 0 1 214 255 1 1 1 254 7 1 0 0 0 0 3 6 0 0 0 0 1 1 1 223 255 1 1 1 1 0 0 0 0 0 1 2 122 0 0 0 0 0 0 0 0 0 1 1 1 1 0 2 11 1 0 0 0 0 0 0 0 0 0 0 3 1 0 0 0 0 0 1 1 1 0 1 1 1 1 255 255 1 0 0 0 0 0 0 0 0 0 0 0 0 0 0 1 1 1 2 227 250 236 7 1 1 1 1 0 0 0 0 1 1 1 1 0 0 0 1 1 1 0 0 0 0 1 1 1 1 0 0 0 0 0 0 0 0 1 1 1 1 1 1 13 1 1 1 1 1 1 1 1 7 255 251 59 3 3 4 6 8 10 13 23 33 47 77 111 146 181 203 213 220 229 234 235 240 241 244 244 244 246 235 4 6 7 7 6 6 6 6 6 6 6 6 5 4 4 4 4 4 3 3 3 2 3 15 2 2 1 1 1 1 1 1 1 1 3 1 1 1 1 1 1 1 1 1 1 1 1 1 1 65 22 1 1 210 255 255 1 1 1 0 1 1 1 1 1 1 2 4 2 2 1 2 3 1 1 0 1 1 2 1 1 3 4 4 4 7 0 0 0 1 1 0 0 1 1 1 0 0 1 1 1 0 0 0 2 7 33 91 1 0 1 1 1 0 0 0 1 5 0 1 1 0 0 0 0 0 1 1 0 0 1 2 0 0 3 1 0 0 91 165 1 1 0 0 0 0 0 0 0 0 0 1 0 0 1 1 1 18 192 233 248 253 251 58 1 198 1 0 0 0 0 0 0 0 0 0 0 0 0 0 0 0 0 0 1 1 2 2 2 2 1 0 0 0 0 0 0 0 0 0 0 0 0 0 0 0 0 0 0 0 0 0 0 0 0 0 0 0 0 0 0 0 0 0 0 0 0 0 0 0 0 0 0 0 0 0 0 0 0 1 0 0 0 0 0 0 0 0 0 0 0 0 0 0 1 255 176 0 0 0 0 0 0 1 1 0 0 1
0 1 1 1 1 1 17 1 1 1 1 1 1 1 85 1 0 0 0 0 0 1 3 1 1 0 1 1 0 0 89 226 1 0 0 1 1 0 0 1 0 0 1 89 186 1 1 255 245 249 2 0 0 0 13 6 0 0 0 0 0 1 249 255 1 1 1 254 2 1 0 0 0 0 1 11 0 0 0 0 1 1 1 255 227 1 0 1 1 1 1 1 0 1 1 2 122 1 1 0 0 0 0 0 0 0 1 1 0 1 0 0 3 4 1 0 0 0 0 0 0 0 0 0 2 2 0 0 0 0 0 0 1 1 1 0 1 1 1 1 255 255 2 1 1 0 0 0 0 0 0 0 0 0 0 0 1 2 199 248 223 4 1 1 1 1 1 1 1 0 0 1 1 1 1 1 1 1 1 1 1 1 1 1 1 2 2 3 5 8 12 24 44 83 130 176 213 234 245 250 253 255 255 255 255 255 255 255 255 255 255 255 255 255 255 255 251 248 246 246 246 246 246 246 246 242 241 238 232 224 215 192 173 153 126 100 82 57 43 46 22 20 109 233 162 3 1 1 1 1 1 1 1 1 0 0 0 1 1 0 0 0 0 0 0 1 2 10 1 1 1 1 1 1 0 0 1 1 3 0 0 0 0 0 0 0 0 0 1 1 1 1 3 124 1 1 2 255 255 45 1 1 1 0 1 1 0 0 0 1 0 1 5 4 4 1 3 3 1 1 1 2 4 4 3 1 0 0 6 1 0 0 0 1 2 0 0 1 1 1 0 0 1 1 1 0 1 1 5 103 75 2 1 0 0 0 1 1 1 0 0 5 0 1 1 0 0 0 0 0 1 1 0 0 0 3 0 0 3 1 0 0 1 212 13 1 0 0 0 0 0 0 0 0 0 1 1 0 0 4 185 248 234 183 73 29 181 156 187 96 25 0 0 0 0 0 0 0 0 0 0 0 0 0 0 0 1 2 2 1 0 1 0 1 2 2 1 0 0 0 0 0 0 0 0 0 0 0 0 0 0 0 0 0 0 0 0 0 0 0 0 0 0 0 0 0 0 0 0 0 0 0 0 0 0 0 0 0 0 0 0 0 0 1 0 0 0 0 0 0 0 0 0 0 0 0 0 0 1 188 255 1 0 0 0 0 0 0 1 0 0 1
1 2 1 1 1 10 4 0 1 1 1 1 1 1 36 8 0 0 0 0 0 1 3 3 1 1 1 1 0 0 2 244 1 0 0 1 2 0 0 1 1 1 86 200 1 1 1 255 185 1 0 0 0 0 37 1 0 0 0 0 0 1 255 255 1 1 1 255 1 1 0 0 0 0 1 12 0 0 0 0 1 1 1 255 1 1 0 0 0 0 1 1 1 1 1 4 73 10 12 11 11 9 2 1 1 1 1 2 0 0 0 0 0 9 1 0 0 0 0 0 0 0 0 0 1 3 1 0 0 0 0 0 0 1 1 1 1 1 1 1 1 254 255 243 1 1 1 1 1 1 1 1 1 2 3 8 13 234 106 206 146 111 159 202 228 240 246 250 253 254 255 255 255 255 255 255 255 255 255 255 255 255 255 255 255 255 255 255 255 255 255 255 255 255 255 255 255 255 255 255 253 251 247 236 220 150 77 33 16 8 4 2 2 9 37 255 255 255 112 5 1 20 77 80 2 1 1 1 1 1 2 1 1 1 1 1 1 1 1 1 5 31 3 13 188 116 1 1 1 1 1 1 1 1 1 1 1 1 1 1 1 1 1 1 1 1 1 9 1 0 0 0 0 0 0 0 1 1 4 1 0 0 0 0 1 1 1 10 42 28 12 9 81 26 0 1 141 255 255 1 1 1 1 0 1 1 0 0 0 1 0 0 5 1 1 4 4 6 6 3 3 2 1 1 1 1 0 1 6 0 0 0 0 0 2 0 1 1 1 1 1 1 1 1 1 1 6 39 27 123 2 1 3 1 0 0 0 0 1 1 1 5 0 1 1 0 0 0 0 0 1 1 0 0 0 3 0 0 1 3 0 0 0 24 203 1 0 0 0 0 0 0 0 0 0 0 1 2 166 233 217 16 1 0 0 1 7 187 167 38 59 5 0 0 0 0 0 0 0 0 0 0 0 1 1 2 2 1 0 0 0 1 0 0 0 1 2 2 1 0 0 0 0 0 0 0 0 0 0 0 0 0 0 0 0 0 0 0 0 0 0 0 0 0 0 0 0 0 0 0 0 0 0 0 0 0 0 0 0 0 0 0 0 1 0 0 0 0 0 0 0 0 0 0 0 0 0 0 0 1 255 1 0 0 0 0 0 0 1 0 0 1
2 1 0 0 0 19 1 0 1 0 0 1 1 1 1 82 1 1 0 0 0 0 0 1 3 1 0 1 2 3 4 246 3 0 0 1 2 0 0 0 1 6 227 1 1 1 8 255 1 0 0 0 0 0 41 1 0 0 0 0 0 1 255 255 1 1 2 255 1 0 0 0 0 0 2 9 0 0 0 0 1 1 1 255 1 0 0 0 0 0 0 0 0 1 0 8 38 0 0 0 0 1 5 9 17 1 0 1 0 0 0 0 0 1 6 1 0 0 0 0 0 0 0 0 1 5 1 0 0 0 0 0 0 0 1 1 1 1 1 1 1 1 174 255 255 255 255 255 255 255 255 255 255 255 255 255 255 255 255 255 255 255 255 255 255 255 255 254 252 250 245 229 188 137 79 35 15 7 5 3 14 6 1 1 1 1 1 1 1 1 1 1 1 1 1 1 1 1 1 1 1 1 0 1 7 2 0 0 0 1 1 1 1 0 1 20 255 253 255 239 89 19 1 6 51 1 1 1 1 1 1 1 1 1 1 1 1 1 1 2 39 3 1 6 3 209 54 1 1 1 1 1 1 1 1 1 1 1 1 1 0 0 0 0 1 1 1 10 1 0 0 0 0 0 0 0 1 1 3 1 0 0 0 1 1 1 71 87 34 49 83 96 24 1 1 2 255 242 255 1 0 1 1 1 1 1 1 1 1 1 1 1 4 0 0 1 3 1 2 1 0 0 0 0 1 1 0 6 2 19 31 16 3 1 1 1 1 0 1 2 1 1 2 6 34 44 23 1 0 54 12 1 1 2 3 1 0 0 0 1 2 7 0 1 0 0 0 0 0 0 0 1 0 0 0 3 1 0 1 4 0 0 0 1 203 29 1 0 0 0 0 0 0 0 0 1 132 231 189 138 2 0 0 0 0 0 0 7 2 116 108 75 2 0 0 0 0 0 0 0 1 1 2 2 1 0 0 0 0 0 0 0 1 0 0 0 0 1 2 2 1 0 0 0 0 0 0 0 0 0 0 0 0 0 0 0 0 0 0 0 0 0 0 0 0 0 0 0 0 0 0 0 0 0 0 0 0 0 0 0 0 0 0 1 1 0 0 0 0 0 0 0 0 0 0 0 0 0 0 0 255 16 0 0 0 0 0 0 1 1 0 1
1 0 0 1 1 20 1 1 1 0 0 1 1 1 1 86 1 1 0 0 0 0 0 0 5 1 2 2 1 0 1 141 224 1 0 1 2 0 0 0 0 231 3 1 1 1 44 255 1 0 0 0 0 0 12 7 0 0 0 0 0 1 255 251 1 1 159 249 1 0 0 0 0 0 5 3 0 0 0 0 1 1 1 255 1 0 0 0 0 0 0 0 0 1 0 21 23 0 0 0 0 0 0 0 4 1 0 1 0 0 0 0 0 0 6 2 0 0 0 0 0 0 0 0 1 6 1 0 0 0 0 0 0 0 0 1 1 1 1 0 1 1 1 255 16 12 12 6 4 2 2 1 1 1 1 1 31 103 1 2 207 5 3 3 3 1 1 1 1 1 1 1 1 1 1 1 1 1 1 1 5 3 3 1 0 0 0 0 0 0 0 0 0 0 0 0 0 0 0 0 0 1 1 1 5 3 1 1 1 1 1 1 1 1 1 1 253 253 30 255 255 47 1 1 18 52 2 1 1 2 1 1 1 1 1 1 1 1 12 41 2 1 1 6 1 5 222 19 1 1 1 1 1 1 2 3 2 1 1 1 1 1 1 1 2 1 0 9 1 0 0 0 0 0 0 0 1 1 1 3 1 0 1 2 7 90 32 1 1 1 1 1 1 1 1 254 255 255 254 1 1 1 1 1 1 0 0 0 1 0 1 5 1 0 1 3 1 0 1 3 0 0 0 0 1 1 1 33 30 3 1 3 16 27 27 34 26 24 23 24 40 36 34 19 3 1 0 0 0 18 45 0 1 0 1 3 2 1 0 0 1 9 0 1 0 0 0 0 0 0 0 1 0 0 0 1 2 0 0 4 0 0 1 0 4 222 1 0 0 0 0 0 0 1 107 229 205 162 67 1 0 0 0 0 0 0 0 1 6 7 78 105 68 1 0 0 0 1 1 2 2 2 1 0 0 0 0 0 0 0 0 0 1 0 0 0 0 0 0 1 2 2 1 0 0 0 0 0 0 0 0 0 0 0 0 0 0 0 0 0 0 0 0 0 0 0 0 0 0 0 0 0 0 0 0 0 0 0 0 0 0 0 0 0 1 0 0 0 0 0 0 0 0 0 0 0 0 0 0 0 247 255 0 0 0 0 0 0 0 1 0 1
1 0 0 0 1 20 1 1 1 0 0 1 1 0 1 77 1 1 0 0 0 0 0 0 3 1 0 0 0 0 0 2 247 1 0 1 1 1 0 0 3 231 1 1 1 1 217 255 1 0 0 0 0 0 1 38 0 0 0 0 0 1 255 242 1 1 252 23 1 0 0 0 0 1 9 1 0 0 0 0 1 1 113 255 1 1 0 0 0 0 0 0 0 1 0 40 10 0 0 0 0 0 0 0 3 0 0 1 0 0 0 0 0 0 1 11 1 1 0 0 0 0 0 0 1 6 1 0 0 0 0 0 0 0 0 0 1 1 1 1 0 1 1 255 121 1 1 1 1 1 0 0 0 0 0 0 1 157 4 2 212 2 1 1 1 1 1 0 0 0 0 0 0 0 0 0 1 1 1 2 2 1 5 1 1 1 1 1 1 1 1 1 1 1 1 1 1 1 1 1 1 1 0 0 3 4 1 1 0 0 0 0 0 0 1 1 5 255 9 1 238 255 251 6 1 5 74 85 32 2 1 1 1 1 1 1 1 14 13 1 1 1 1 6 1 1 17 222 9 3 3 4 4 4 2 1 2 4 4 2 1 1 1 1 2 1 1 8 1 1 0 0 0 0 0 0 0 1 1 3 1 2 76 122 100 11 1 1 1 1 1 0 1 1 250 255 2 255 253 1 0 0 1 1 1 1 0 1 1 0 0 1 6 1 2 2 0 1 3 1 1 0 0 0 1 1 17 19 1 1 1 1 1 1 1 1 1 1 1 1 1 1 0 0 0 0 0 0 0 3 93 0 0 0 0 0 1 3 1 0 2 5 0 1 1 0 0 0 0 0 0 1 1 0 0 0 3 0 1 3 0 1 1 0 0 192 47 1 1 1 0 1 68 222 213 174 68 1 1 0 0 1 1 1 1 1 0 0 1 1 6 126 81 41 1 1 1 2 2 1 0 0 0 0 0 0 0 0 0 0 0 0 1 0 0 0 0 0 0 0 0 1 2 2 1 0 0 0 0 0 0 0 0 0 0 0 0 0 0 0 0 0 0 0 0 0 0 0 0 0 0 0 0 0 0 0 0 0 0 0 0 0 0 0 1 0 0 0 0 0 0 0 0 0 0 0 0 0 0 0 3 255 1 0 0 0 0 0 0 1 0 1
1 0 0 0 1 19 1 1 1 1 1 1 1 0 1 30 34 4 0 0 0 0 0 1 2 0 0 0 0 0 0 1 246 13 0 1 1 1 0 0 225 11 1 2 1 1 252 255 1 0 0 0 0 1 1 36 0 0 0 0 0 1 255 176 1 2 254 1 1 0 0 0 0 1 13 1 0 0 0 0 1 1 255 255 1 0 0 0 0 0 0 0 0 1 0 51 6 0 0 0 0 0 0 0 2 0 0 1 1 1 1 1 1 1 1 1 12 2 1 0 0 0 0 0 1 6 1 0 0 0 0 0 0 0 0 0 0 0 1 1 1 0 1 255 250 1 1 1 1 1 1 1 1 1 1 1 1 4 157 6 212 1 1 1 1 1 1 1 1 1 1 1 1 1 1 1 1 0 0 5 1 0 1 7 1 0 0 0 0 0 0 0 0 0 0 0 0 0 0 0 0 0 1 1 2 6 0 0 0 0 0 0 0 0 0 1 1 245 255 1 1 4 255 255 174 2 1 1 12 76 8 1 1 1 1 1 3 34 1 1 1 0 1 5 1 1 2 86 214 6 1 1 1 1 1 1 1 1 1 2 3 5 5 5 2 2 1 6 3 1 1 1 0 0 0 0 0 1 1 4 7 119 17 2 1 1 1 1 1 1 0 1 2 255 255 255 255 254 255 2 0 0 1 1 0 1 1 1 1 0 0 1 3 8 7 1 1 3 1 1 2 3 4 5 10 12 55 1 1 1 1 1 0 0 0 1 1 1 0 1 0 0 0 0 0 0 0 0 0 2 108 0 0 1 0 0 1 1 2 2 10 1 1 8 2 1 0 0 0 0 0 1 1 0 0 0 3 1 3 1 1 1 0 0 1 2 229 34 28 15 55 217 224 191 86 2 1 1 1 1 0 0 0 1 1 1 1 0 0 1 1 6 166 62 20 2 1 1 0 0 0 0 0 0 0 0 0 0 0 0 0 0 1 1 0 0 0 0 0 0 0 0 0 1 2 2 1 0 0 0 0 0 0 0 0 0 0 0 0 0 0 0 0 0 0 0 0 0 0 0 0 0 0 0 0 0 0 0 0 0 0 0 0 0 1 0 0 0 0 0 0 0 0 0 0 0 0 0 0 0 1 255 1 0 0 0 0 0 0 1 0 1
2 1 0 0 0 5 5 1 1 1 0 1 1 0 0 1 17 101 1 0 0 0 0 0 2 1 0 0 1 1 1 7 234 144 0 0 1 1 0 1 236 1 1 19 15 16 255 255 1 0 0 0 1 1 2 24 0 0 0 0 0 1 255 44 1 232 244 1 1 0 0 0 0 1 11 1 0 0 0 1 1 1 255 2 1 0 0 0 1 1 1 0 0 1 1 78 3 0 0 0 0 0 0 0 1 1 0 1 0 1 1 0 0 0 0 0 1 9 6 1 0 0 0 0 1 6 1 0 0 0 0 0 0 0 0 0 0 0 1 1 1 1 1 255 255 0 1 0 0 0 0 0 0 0 0 0 0 1 174 166 74 1 0 1 1 0 1 0 0 0 0 0 0 0 0 0 0 0 0 6 1 0 0 1 6 1 0 0 0 0 0 0 0 0 0 0 0 0 0 0 1 1 1 0 1 9 0 0 0 0 0 0 0 0 0 0 1 2 255 79 1 1 1 142 255 255 28 1 1 1 39 83 32 1 1 2 34 1 1 1 1 1 1 5 3 2 2 1 135 176 2 1 1 1 1 1 0 1 1 1 1 1 1 2 2 2 3 6 10 5 1 1 1 1 0 0 0 1 0 2 129 4 1 1 1 1 0 0 0 0 1 6 255 255 54 3 250 254 254 230 38 1 0 1 0 0 1 1 1 1 2 1 0 1 8 7 6 15 8 8 6 4 3 2 3 20 14 2 2 2 1 1 0 0 1 1 2 1 0 1 1 0 0 0 0 0 0 0 0 1 114 0 1 0 0 1 1 0 0 2 15 2 11 9 0 0 0 0 0 0 0 1 1 0 1 2 6 3 1 1 1 1 1 1 1 1 219 187 190 201 229 198 94 2 1 1 1 2 2 1 1 1 1 0 0 0 1 1 1 1 1 1 10 171 70 5 0 0 0 0 0 0 0 0 0 0 0 0 0 0 0 0 0 1 0 0 0 0 0 0 0 0 0 0 0 1 2 2 1 0 0 0 0 0 0 0 0 0 0 0 0 0 0 0 0 0 0 0 0 0 0 0 0 0 0 0 0 0 0 0 0 0 0 0 1 1 0 0 0 0 0 0 0 0 0 0 0 0 0 0 0 255 238 0 0 0 0 0 0 1 1 1
1 2 1 0 0 1 17 1 1 1 0 1 1 0 0 1 1 39 8 0 0 0 0 0 1 2 1 0 1 1 1 35 39 239 1 0 1 1 0 126 166 1 1 1 1 1 255 255 1 0 0 0 25 39 61 2 0 0 0 0 1 1 255 5 1 254 4 1 1 0 0 0 0 9 1 0 0 0 0 1 1 1 255 1 1 0 0 0 0 0 1 0 0 1 0 86 19 2 1 0 0 0 0 0 0 0 0 0 0 0 0 0 0 0 0 0 1 1 13 1 0 0 0 0 0 4 1 0 0 0 0 0 0 0 0 0 0 0 1 0 1 1 1 255 255 1 1 0 0 0 0 0 0 0 0 0 0 1 129 234 6 1 0 0 1 1 1 1 0 0 0 0 0 0 0 0 0 0 1 5 0 0 0 1 2 4 0 0 0 0 0 0 0 0 0 0 0 0 0 1 1 0 0 0 1 11 1 0 0 0 0 0 0 0 0 0 1 1 169 255 2 1 1 1 2 249 255 247 5 1 1 1 36 9 2 39 3 2 2 2 2 3 3 7 7 1 1 1 1 187 116 2 1 1 1 0 0 0 0 0 1 1 1 1 1 1 1 2 1 3 10 1 1 1 1 0 0 1 1 2 151 1 0 0 0 0 0 0 1 1 62 255 255 9 1 1 239 69 12 249 252 189 4 1 1 1 0 1 1 2 1 0 0 0 2 5 5 2 1 1 1 1 1 1 1 55 1 1 1 1 1 2 1 1 1 0 1 1 0 0 1 0 0 0 0 0 0 0 0 1 116 1 1 0 1 1 0 0 1 4 1 4 43 2 1 0 0 0 0 0 0 1 3 3 3 1 1 3 1 1 1 0 1 1 0 1 248 2 1 1 229 6 1 1 1 1 1 1 0 1 1 1 1 2 1 1 0 0 1 1 0 1 2 45 143 71 1 0 0 0 0 0 0 0 0 0 0 0 0 0 0 0 0 1 1 0 0 0 0 0 0 0 0 0 0 0 0 1 2 2 1 1 0 0 0 0 0 0 0 0 0 0 0 0 0 0 0 0 0 0 0 0 0 0 0 0 0 0 0 0 0 0 0 0 0 1 0 0 0 0 0 0 0 0 0 0 0 0 0 0 0 97 255 1 0 0 0 0 0 0 1 0
0 1 2 1 1 1 1 16 1 1 1 0 1 1 0 1 1 2 76 0 0 0 0 0 0 1 2 1 1 1 21 3 2 247 1 0 1 1 1 236 1 1 1 1 0 0 255 255 1 0 0 1 40 1 1 1 0 0 0 0 0 1 255 2 8 254 1 0 0 0 0 0 0 13 1 0 0 0 0 1 1 255 255 1 1 0 0 0 0 0 1 1 1 1 0 107 3 6 10 2 1 1 1 0 0 0 0 0 0 0 0 0 0 0 0 0 0 1 4 6 0 0 0 0 0 1 4 0 0 0 0 0 0 0 0 0 0 1 1 0 0 1 1 255 252 1 0 0 0 0 0 0 0 0 0 0 0 1 4 232 149 1 0 0 0 1 1 1 0 0 0 1 0 0 0 0 0 0 1 5 0 0 0 0 1 5 2 0 0 0 0 0 0 0 0 0 0 0 1 1 0 0 0 0 1 11 1 0 0 0 0 0 0 0 0 0 0 1 2 255 239 1 0 0 1 1 14 255 255 147 2 1 3 85 43 5 3 2 1 1 1 1 1 3 7 1 1 1 1 2 217 40 1 1 1 1 0 0 0 0 0 0 1 1 0 0 0 1 2 1 1 11 3 1 1 1 1 1 1 18 105 1 0 0 0 0 0 1 2 249 255 252 2 1 1 1 247 2 1 1 137 252 247 106 1 1 1 1 2 1 0 0 0 0 2 8 1 1 1 0 1 1 1 1 13 15 1 1 1 0 1 1 1 1 0 0 0 2 0 0 1 0 0 0 0 0 0 0 0 1 113 1 1 1 1 0 0 1 3 1 0 1 2 27 14 1 1 0 0 1 3 4 1 1 0 0 0 3 1 1 1 1 1 0 1 213 213 2 1 2 229 4 2 1 1 1 1 1 1 1 1 2 1 1 1 1 1 0 0 1 1 1 1 2 115 99 52 1 0 0 0 0 0 0 0 0 0 0 0 0 0 0 0 0 1 0 0 0 0 0 0 0 0 0 0 0 0 0 0 1 1 2 1 0 0 0 0 0 0 0 0 0 0 0 0 0 0 0 0 0 0 0 0 0 0 0 0 0 0 0 0 0 0 0 0 1 0 0 0 0 0 0 0 0 0 0 0 0 0 0 0 1 255 1 0 0 0 0 0 0 1 0
1 1 3 1 1 0 1 7 3 0 1 1 0 1 0 0 1 1 88 1 1 0 0 0 0 0 2 2 2 4 41 0 1 247 1 0 1 2 184 96 1 0 1 1 0 0 255 247 0 0 0 1 35 0 0 0 0 0 0 0 0 1 255 1 250 165 1 0 0 0 0 0 1 13 0 0 0 0 1 1 1 255 5 0 1 0 0 0 0 0 0 0 1 1 1 120 1 1 1 5 8 9 6 1 1 0 0 0 0 0 0 0 0 0 0 0 0 0 3 8 1 1 0 0 0 1 6 0 0 0 0 0 0 0 0 0 0 1 0 0 0 1 1 255 240 1 0 0 0 0 0 0 0 0 0 0 0 1 1 213 202 2 0 0 0 0 1 1 0 0 1 1 0 0 0 0 0 0 3 2 0 0 0 0 0 1 7 1 0 0 0 0 0 0 0 0 1 1 1 0 0 0 0 0 1 11 1 0 0 0 0 0 0 0 0 0 0 1 1 22 255 4 1 0 0 1 1 1 191 255 254 19 3 89 52 46 47 47 33 2 1 1 1 2 8 1 0 0 0 1 6 225 14 1 1 1 1 0 0 0 0 1 1 0 0 0 0 1 2 1 1 1 7 6 1 1 1 1 4 135 2 0 0 0 0 0 1 30 255 255 116 1 0 0 0 1 247 1 1 1 1 2 229 254 228 25 1 1 1 2 1 0 0 2 9 1 1 1 1 1 1 0 0 1 51 1 1 1 1 1 0 1 1 1 0 1 1 2 1 0 1 1 1 1 1 1 1 1 1 1 110 2 1 0 0 0 1 3 2 0 1 1 1 1 30 5 1 1 0 3 1 1 0 0 0 0 0 2 2 1 1 0 1 108 243 251 251 213 152 198 158 4 1 1 1 1 1 1 1 1 2 1 0 0 1 1 1 1 0 0 1 1 1 1 3 165 66 21 0 0 0 0 0 0 0 0 0 0 0 0 0 0 0 0 1 1 0 0 0 0 0 0 0 0 0 0 0 0 0 0 0 0 1 2 1 0 0 0 0 0 0 0 0 0 0 0 0 0 0 0 0 0 0 0 0 0 0 0 0 0 0 0 0 0 0 1 0 0 0 0 0 0 0 0 0 0 0 0 0 0 0 0 255 142 0 0 0 0 0 0 1 0
1 3 1 0 0 0 1 1 15 1 0 1 1 1 1 0 1 1 65 2 1 0 0 0 0 0 1 1 1 44 1 0 1 248 1 1 1 2 236 1 1 0 1 1 0 0 255 239 0 0 0 1 33 0 0 0 0 0 0 0 0 1 255 1 255 1 1 0 0 0 0 0 1 11 0 0 0 0 1 1 1 255 1 0 1 0 0 0 0 0 1 1 1 1 1 125 1 0 0 1 1 1 2 8 6 1 1 1 1 1 1 1 1 1 1 0 0 0 4 8 1 1 1 0 0 1 7 1 0 0 0 0 0 0 0 0 0 1 0 0 0 1 1 255 150 1 0 0 0 0 0 0 0 0 0 0 0 0 1 170 187 66 0 0 0 0 0 1 1 1 1 0 0 0 0 0 0 1 5 1 0 0 0 0 0 0 1 7 1 0 0 0 0 0 0 1 1 0 0 0 0 0 0 0 1 12 1 0 0 0 0 0 0 0 0 0 1 0 1 1 254 253 1 1 0 0 0 1 1 3 251 255 247 5 1 1 1 1 2 34 4 1 1 1 10 1 0 0 0 0 1 24 219 6 1 1 1 1 0 0 1 1 1 0 0 0 0 1 2 0 1 1 1 3 11 2 1 1 121 9 9 2 0 0 1 2 254 255 254 2 1 0 0 0 0 10 245 1 0 0 1 1 1 19 250 252 174 3 3 1 1 0 1 11 1 0 1 1 0 0 0 0 0 8 19 0 0 1 1 1 1 0 1 1 1 1 1 1 2 1 1 1 1 1 0 1 1 0 0 0 103 2 0 0 1 1 4 1 0 1 1 1 1 8 6 1 3 3 0 4 0 0 0 0 0 0 0 0 3 0 1 68 245 248 168 3 4 248 166 86 2 6 6 1 1 1 1 1 1 2 1 1 1 0 1 1 1 1 1 1 1 1 1 1 1 3 182 63 8 0 0 0 0 0 0 0 0 0 0 0 0 0 0 0 0 1 0 0 0 0 0 0 0 0 0 0 0 0 0 0 0 0 0 0 1 2 2 0 0 0 0 0 0 0 0 0 0 0 0 0 0 0 0 0 0 0 0 0 0 0 0 0 0 0 0 1 0 0 0 0 1 1 1 0 0 0 0 0 0 0 0 3 249 255 0 0 0 0 0 0 1 1
2 1 0 0 0 0 1 1 6 2 0 0 1 1 1 1 1 0 3 64 1 0 0 0 0 1 1 1 5 25 0 0 1 245 11 1 1 130 177 1 0 0 1 1 0 1 255 170 1 1 1 1 33 0 0 0 0 0 0 0 0 2 255 146 251 1 0 0 0 0 0 0 9 1 0 0 0 1 1 1 2 255 1 0 1 0 0 0 0 0 0 0 0 1 2 114 1 0 0 0 0 0 0 1 11 1 1 1 1 1 1 1 1 1 1 1 1 1 2 24 1 0 1 0 0 0 7 1 0 0 0 0 0 0 0 0 0 1 0 0 0 1 2 255 28 1 0 0 0 0 0 0 0 0 0 0 0 0 1 8 213 187 1 0 0 0 0 1 1 1 0 0 0 0 0 0 0 1 5 1 0 0 0 0 0 0 0 2 5 1 0 0 0 1 1 1 0 0 0 0 0 0 0 0 1 12 1 0 0 0 0 0 0 0 0 0 1 1 1 1 6 255 20 1 0 0 0 0 0 1 5 114 255 255 120 1 1 1 1 1 38 1 1 1 10 1 0 0 0 0 0 1 81 202 3 1 1 1 0 0 1 1 0 0 0 0 0 0 2 0 0 0 1 1 1 9 4 43 48 1 1 10 1 1 193 255 255 46 1 1 0 0 0 0 1 138 221 6 6 1 1 0 0 0 1 159 254 245 97 1 1 1 6 4 0 0 1 1 1 1 1 1 1 51 3 3 3 3 3 3 1 0 0 1 1 1 0 1 2 0 0 0 0 0 0 1 0 0 0 0 76 8 1 3 4 3 1 0 1 1 0 1 1 22 1 0 1 4 1 4 0 0 0 0 0 0 0 0 2 69 248 251 154 1 1 1 1 243 1 1 1 1 3 7 2 1 1 1 1 1 0 0 1 0 0 1 1 1 1 1 1 1 1 1 1 0 25 159 71 2 0 0 0 0 0 0 0 0 0 0 0 0 0 0 0 0 1 0 0 0 0 0 0 0 0 0 0 0 0 0 0 0 0 0 0 0 1 2 2 1 0 0 0 0 0 0 0 0 0 0 0 0 0 0 0 0 0 0 0 0 0 0 0 0 0 1 1 1 1 1 1 0 0 1 1 0 0 0 0 1 151 200 14 255 1 0 0 0 0 0 0 1
2 0 0 0 0 0 0 1 1 10 1 1 1 1 0 0 1 1 1 92 1 0 0 0 1 1 1 1 59 1 0 0 0 73 240 1 1 236 2 0 0 1 1 0 0 1 255 9 0 0 0 1 28 0 0 0 0 0 0 0 1 3 255 254 9 1 0 0 0 0 0 1 12 1 0 0 0 0 1 1 5 255 1 0 1 0 0 0 0 0 0 0 0 0 24 42 1 0 0 0 0 0 0 0 1 11 1 1 1 0 0 0 0 0 0 0 0 0 1 20 2 1 1 1 0 0 5 1 0 0 0 0 0 0 0 0 1 1 0 0 0 1 3 255 4 1 0 0 0 0 0 0 0 0 0 0 0 0 1 2 219 195 1 0 0 0 0 1 1 0 0 0 0 0 0 0 0 2 2 0 0 0 0 0 0 0 0 1 3 5 1 1 1 1 0 0 0 0 0 0 0 0 0 0 1 12 1 1 1 0 0 0 0 0 0 0 1 0 0 1 1 240 255 1 1 0 0 0 1 3 18 1 2 219 255 254 11 1 1 1 40 1 1 1 10 1 0 0 0 0 0 0 1 142 172 2 1 1 1 1 1 1 0 0 0 0 0 0 2 0 0 0 0 0 0 1 5 142 3 1 1 10 1 255 255 242 1 1 0 0 0 0 0 1 1 242 8 0 1 6 3 1 0 0 0 1 3 240 254 245 131 18 4 1 1 0 0 0 0 0 0 0 5 24 1 0 0 1 0 1 3 1 1 1 1 1 1 0 2 1 0 0 0 0 1 1 1 1 1 1 31 62 3 2 1 0 1 1 0 1 1 1 18 2 1 1 1 1 4 3 1 0 0 1 0 1 1 137 251 251 144 1 0 1 1 1 1 243 1 1 1 1 1 1 7 7 9 5 2 1 0 0 1 1 0 1 1 1 1 1 1 1 1 1 1 0 3 91 112 60 1 0 0 0 0 0 0 0 0 0 0 0 0 0 0 0 1 1 0 0 0 0 0 0 0 0 0 0 0 0 0 0 0 0 0 0 0 0 1 2 2 1 0 0 0 0 0 0 0 0 0 0 0 0 0 0 0 0 0 0 0 0 0 1 1 1 0 0 0 0 0 0 0 0 1 0 0 0 1 179 47 0 1 255 5 0 0 0 0 0 0 1
2 1 0 0 0 0 0 0 0 6 2 1 1 0 0 0 1 1 1 90 1 0 0 0 1 0 1 27 6 0 1 1 1 1 247 1 1 239 1 0 0 1 1 0 0 1 255 1 0 0 1 1 24 0 0 0 0 0 0 0 1 10 255 254 1 0 0 0 0 0 0 6 2 1 0 0 0 1 1 1 16 255 1 0 1 0 0 0 0 0 0 0 0 1 110 2 1 0 0 0 0 0 0 0 1 5 9 1 1 0 0 0 0 0 0 0 0 0 0 1 21 1 1 1 1 0 2 2 0 0 0 0 0 0 0 0 1 0 0 0 0 1 34 255 1 0 0 0 0 0 0 0 0 0 0 0 0 0 1 2 222 193 1 0 0 0 0 1 1 0 0 0 0 0 0 0 0 1 3 0 0 0 0 0 0 0 0 0 1 2 6 1 0 0 0 0 0 0 0 0 0 0 0 0 1 12 1 0 1 1 1 1 0 0 0 0 1 1 0 0 1 3 255 127 1 0 0 1 4 17 1 1 1 1 5 253 255 227 2 1 24 5 1 1 10 1 1 0 0 0 0 0 0 1 186 117 2 1 1 1 1 0 0 1 1 1 1 1 2 1 1 1 1 1 1 1 1 126 4 1 6 7 255 255 16 1 1 0 0 0 0 0 0 1 1 245 1 1 0 0 3 7 1 0 0 0 2 1 8 240 254 247 209 67 1 1 1 1 0 0 1 1 45 1 0 0 0 1 1 1 1 2 4 1 0 1 1 1 1 2 1 0 0 0 1 1 1 1 0 0 10 103 0 1 1 0 1 1 1 1 10 23 3 0 1 1 1 1 5 3 1 1 1 1 11 222 253 248 63 1 1 1 1 1 1 1 1 243 1 1 1 1 1 1 2 3 1 2 7 7 2 1 0 1 0 0 0 1 1 1 1 0 1 1 1 1 3 4 142 74 30 0 0 0 0 0 0 0 0 0 0 0 0 0 0 0 0 1 0 0 0 0 0 0 0 0 0 0 0 0 0 0 0 0 0 0 0 0 0 0 1 2 2 1 0 0 0 0 0 0 0 0 0 0 0 1 0 0 0 0 0 0 1 1 0 0 0 0 0 0 0 0 0 0 1 1 0 0 143 55 0 0 0 237 246 0 0 0 0 0 0 1
1 2 0 0 0 0 0 0 0 1 11 1 0 0 0 0 1 0 0 92 177 41 8 3 13 87 131 46 1 1 12 14 14 14 249 10 1 239 1 0 0 0 0 0 0 1 255 1 0 0 0 3 15 0 0 0 0 0 0 0 1 94 255 237 1 0 0 0 0 0 1 10 1 1 1 1 1 1 1 1 55 255 1 0 1 0 0 0 0 0 0 0 1 2 112 1 0 0 0 0 0 0 0 0 1 1 3 8 1 1 0 0 0 0 0 0 0 0 0 1 2 17 2 1 1 0 1 5 0 0 0 0 0 0 0 0 1 1 0 0 0 1 227 255 1 0 0 0 0 0 0 0 0 0 0 0 0 0 1 2 236 147 1 0 0 0 1 1 0 0 1 0 0 0 0 0 0 3 1 0 0 0 0 0 0 0 0 0 0 1 8 1 0 0 0 0 0 0 0 0 0 0 0 0 1 11 1 0 0 0 0 1 1 1 1 1 1 1 0 0 0 1 148 255 2 1 1 4 17 1 1 1 1 0 1 1 80 255 255 69 51 1 1 1 10 1 1 1 1 0 0 0 0 1 2 215 50 2 2 2 1 1 1 1 1 1 1 1 3 1 1 1 1 1 1 1 1 75 86 44 110 255 254 1 1 1 0 0 0 0 0 0 0 1 1 245 1 1 0 0 0 2 15 5 1 0 2 0 0 1 40 236 252 254 245 226 162 55 2 1 1 21 26 1 0 0 0 0 0 1 0 0 3 1 0 1 1 1 0 2 1 1 1 1 1 0 0 1 1 0 3 133 0 1 0 1 1 2 15 21 4 1 1 1 1 0 0 1 5 1 3 1 125 248 253 226 6 1 0 1 1 1 1 1 2 1 1 243 1 1 0 0 0 0 2 1 1 0 1 1 5 7 3 1 1 1 1 2 2 2 1 0 1 3 2 2 1 1 4 171 60 11 0 0 0 0 0 0 0 0 0 0 0 0 0 0 0 1 1 0 0 0 0 0 0 0 0 0 0 0 0 0 0 0 0 0 0 0 0 0 0 0 1 2 2 1 0 0 0 0 0 0 0 0 0 1 1 0 0 0 0 1 1 0 0 0 0 0 0 0 0 0 0 0 1 1 3 22 195 0 0 0 0 3 255 1 0 0 0 0 0 1
1 2 1 0 0 0 0 0 0 0 11 1 0 1 0 1 1 0 0 65 9 101 157 169 143 59 25 130 1 13 1 1 0 0 111 242 1 238 1 0 0 0 0 0 0 6 255 1 0 0 0 10 4 0 0 0 0 0 0 0 1 244 255 3 1 0 0 0 0 1 2 5 1 0 1 1 1 1 1 1 230 255 1 0 1 1 0 0 0 0 0 0 1 4 98 1 1 1 1 0 0 0 0 1 1 24 89 128 9 1 1 0 0 0 0 0 0 0 0 0 1 7 44 5 1 1 1 7 0 0 0 0 0 0 0 0 1 1 1 0 1 1 255 250 1 0 0 0 0 0 0 0 0 0 1 0 1 1 1 2 246 45 1 1 0 0 1 0 0 0 1 1 0 0 0 0 0 5 1 0 0 0 0 0 0 0 0 0 0 0 1 6 1 0 0 0 0 0 0 0 0 0 0 0 1 11 1 0 0 0 0 0 0 0 1 1 1 1 0 0 0 1 2 255 243 1 4 17 1 1 0 1 1 0 0 1 1 3 236 255 254 35 2 1 9 1 1 1 1 1 1 1 1 1 2 7 227 58 31 31 35 42 52 71 101 122 147 175 205 219 228 235 239 244 245 247 247 247 195 1 255 255 1 1 1 1 1 0 0 0 0 0 1 1 19 239 1 1 0 0 2 2 1 5 13 1 2 0 0 1 14 2 1 38 240 250 254 255 250 240 204 156 186 3 1 0 0 0 0 1 1 1 3 1 1 1 1 1 0 2 1 0 0 0 0 0 0 0 1 0 2 148 0 1 1 3 20 18 2 1 1 1 0 0 0 0 1 1 4 14 248 255 248 115 1 0 1 1 1 1 1 1 1 1 2 1 4 241 1 1 0 0 0 0 2 1 1 0 0 0 1 1 3 7 8 7 8 5 5 10 5 2 3 3 3 1 1 1 2 11 164 70 3 0 0 0 0 0 0 0 0 0 0 0 0 0 0 0 1 0 0 0 0 0 0 0 0 0 0 0 0 0 0 0 0 0 0 0 0 0 0 0 0 0 1 2 2 1 0 0 0 0 0 0 0 0 1 1 0 1 1 1 0 0 0 0 0 0 0 0 0 0 0 0 5 11 6 17 168 0 0 0 0 0 255 1 0 0 0 0 0 1
0 1 2 0 0 0 0 0 0 0 6 2 1 1 1 1 1 0 1 95 3 1 1 1 0 0 1 4 137 2 0 0 0 0 1 250 126 232 0 0 0 0 0 0 0 110 255 1 0 0 0 20 2 0 0 0 0 0 0 0 1 255 255 1 1 0 0 0 0 1 11 1 1 0 0 1 1 1 1 1 255 255 1 0 0 1 0 0 0 0 0 1 5 11 195 93 89 51 3 1 1 1 1 2 80 25 1 2 100 45 1 1 0 0 0 0 0 0 0 1 15 5 2 31 10 1 1 6 1 0 0 0 0 0 0 1 1 0 1 0 1 25 255 12 1 0 0 0 0 0 0 0 1 1 1 7 62 25 5 5 222 198 2 1 1 1 1 0 0 0 0 1 0 0 0 0 1 6 1 0 0 0 0 0 0 0 0 0 0 0 1 3 3 1 0 0 0 0 0 0 0 0 0 0 0 11 1 0 0 0 0 0 0 1 1 1 1 1 1 1 1 1 1 32 255 52 18 1 1 1 1 1 1 1 2 2 1 2 4 12 254 255 242 97 96 81 75 78 78 78 79 81 79 76 69 68 125 239 242 242 242 242 240 239 235 230 222 208 185 160 138 104 68 32 17 7 9 10 202 255 255 178 7 0 1 1 1 1 1 1 1 0 1 1 206 140 0 0 1 3 2 0 0 0 1 16 7 1 0 3 5 1 1 1 1 1 2 36 221 247 252 7 126 244 231 164 8 1 0 0 0 3 1 0 1 1 0 0 0 1 2 0 1 0 0 0 0 1 1 1 1 153 1 7 22 12 1 1 1 1 0 0 0 0 0 0 1 150 255 253 179 1 0 1 1 1 1 1 1 1 1 1 1 1 2 0 28 229 1 1 0 0 0 1 3 1 0 1 1 1 1 1 1 1 1 1 1 0 1 1 4 5 1 1 2 1 1 1 1 3 51 128 66 1 0 0 0 0 0 0 0 0 0 0 0 0 0 0 1 1 0 0 0 0 0 0 0 0 0 0 0 0 0 0 0 0 0 0 0 0 0 0 0 0 0 0 1 2 2 1 0 0 0 0 0 0 0 1 3 4 4 3 1 0 0 0 0 0 0 0 0 0 0 3 8 0 0 155 25 0 0 0 0 0 252 198 0 0 0 0 0 1
0 0 2 0 0 0 0 0 0 0 1 11 1 1 4 89 101 104 99 9 1 1 1 0 0 0 0 1 7 53 1 1 0 1 1 255 239 56 1 0 0 0 0 0 0 247 255 1 0 0 0 25 1 0 0 0 0 0 0 0 1 255 250 1 0 0 0 0 0 1 9 1 1 1 1 1 0 0 1 1 255 236 0 0 0 1 0 0 0 0 0 3 1 20 155 1 1 6 80 98 103 100 98 85 3 1 1 1 1 56 40 1 1 0 0 0 0 0 0 1 19 1 0 1 19 31 1 6 1 0 0 0 0 0 0 1 0 0 1 1 1 252 255 1 1 0 0 0 0 0 0 0 1 1 169 203 157 185 209 214 230 159 179 1 1 1 0 0 0 0 0 1 0 0 0 0 1 5 1 0 0 1 1 0 1 0 0 0 0 1 1 1 6 1 1 1 1 1 1 1 1 1 1 1 1 13 2 2 2 2 2 3 3 4 6 5 7 8 9 9 9 9 9 21 255 253 25 19 21 21 21 20 20 19 18 18 17 16 13 11 21 153 255 255 55 2 1 1 1 1 1 1 1 1 1 1 1 1 2 1 1 1 1 1 1 1 1 1 1 1 1 1 1 1 1 1 1 1 138 255 99 6 173 1 1 1 0 0 1 1 0 0 0 1 52 231 1 1 5 3 1 0 0 0 0 1 5 18 11 14 1 1 1 0 1 1 1 1 1 2 255 250 247 222 240 250 252 226 52 1 1 2 2 0 1 1 1 0 0 0 3 1 1 1 1 1 1 2 2 2 2 195 28 6 1 1 1 0 0 0 0 0 0 1 11 213 253 246 8 4 4 1 0 0 1 1 3 2 1 1 0 0 0 1 2 1 113 204 1 1 0 0 0 1 2 0 0 1 0 0 0 0 0 0 0 1 1 0 0 0 1 3 2 1 1 3 1 1 1 1 4 120 89 40 1 0 0 0 0 0 0 0 0 0 0 0 0 0 0 1 0 0 0 0 0 0 0 0 0 0 0 0 0 0 0 0 0 0 0 0 0 0 0 0 0 0 0 0 1 2 2 2 2 2 2 2 2 2 3 1 0 1 4 4 2 1 0 0 0 0 0 0 1 11 1 0 0 199 1 0 0 0 0 0 52 255 1 0 0 0 0 0
0 0 1 1 0 0 0 0 0 0 1 22 55 85 111 5 1 1 1 1 1 1 1 0 0 0 0 1 1 4 43 28 28 31 35 253 83 7 0 0 0 0 0 0 0 255 255 1 0 0 0 28 1 0 0 0 0 0 0 1 1 255 3 0 0 0 0 0 1 11 1 0 0 0 1 1 1 0 1 1 255 186 0 0 0 0 0 0 0 0 1 3 1 14 160 1 1 1 1 1 1 1 1 1 1 0 0 0 1 1 140 1 1 1 1 1 1 1 1 1 15 0 0 0 1 4 71 40 1 1 0 0 0 0 0 1 0 0 0 1 2 255 150 1 0 0 0 0 0 0 0 0 1 40 178 1 1 1 1 1 2 171 118 126 1 1 1 1 1 1 1 1 1 1 1 1 2 6 2 2 3 3 4 7 6 6 7 8 9 9 9 9 10 34 9 9 9 9 9 9 9 9 9 8 8 31 9 7 6 6 5 4 4 3 2 2 2 1 1 1 1 1 1 116 249 255 29 1 1 1 1 1 1 1 1 1 1 1 0 1 3 5 2 246 255 251 8 1 1 1 1 1 1 1 1 1 1 1 2 2 1 1 1 1 1 1 1 1 1 1 1 1 1 1 1 1 0 1 255 251 9 0 32 136 1 1 1 0 1 0 0 1 1 1 231 179 8 7 1 0 1 1 0 0 0 0 0 1 8 29 23 4 1 0 0 1 0 1 1 72 229 15 1 1 1 2 122 245 252 234 35 1 3 1 1 0 1 1 1 1 3 2 2 2 2 2 1 1 1 1 1 195 3 1 1 0 0 0 0 0 0 1 113 243 252 231 16 5 4 1 1 4 4 4 4 3 2 5 1 1 1 1 0 1 2 1 175 164 0 1 0 0 0 2 1 0 0 1 0 0 0 0 0 0 0 0 1 0 0 0 1 1 4 2 1 1 2 1 1 1 1 4 167 58 15 0 0 0 0 0 0 0 0 0 0 0 0 0 0 1 1 0 0 0 0 0 0 0 0 0 0 0 0 0 0 0 0 0 0 0 0 0 0 0 0 0 0 0 0 0 0 0 1 1 1 1 0 1 2 0 0 0 0 0 2 4 4 2 1 0 0 1 12 1 0 0 1 198 0 0 0 0 0 0 1 255 1 0 0 0 0 0
0 1 2 3 0 0 0 1 1 14 107 64 3 1 2 24 1 0 0 1 1 0 1 0 0 0 0 1 1 6 1 1 1 1 2 252 126 1 0 0 0 0 0 0 0 255 255 1 0 0 1 29 0 0 0 0 0 0 0 1 2 255 1 0 0 0 0 0 2 8 1 0 0 0 1 1 1 0 1 1 255 248 0 0 0 0 0 0 0 1 4 1 1 108 62 1 0 0 1 1 1 1 1 1 0 0 0 1 1 1 36 140 56 7 8 14 18 34 55 94 36 1 0 0 2 74 80 137 134 1 0 0 0 0 0 1 0 0 0 1 171 255 2 1 0 0 0 0 0 0 0 1 1 80 161 1 1 76 157 167 175 198 246 171 14 8 8 9 8 8 8 7 7 7 6 5 17 8 5 4 3 3 2 1 1 1 1 1 1 1 1 1 1 1 7 1 1 1 1 0 0 0 0 0 0 7 1 0 0 1 1 0 0 0 0 0 0 0 0 1 1 1 110 198 9 243 255 1 1 1 1 2 2 2 2 3 6 11 20 23 32 21 16 20 45 255 255 192 3 1 1 0 0 0 0 0 0 0 1 2 1 0 0 0 0 0 1 1 1 1 1 0 1 1 1 1 1 202 255 25 1 0 2 158 41 1 1 0 1 1 1 1 2 231 103 2 1 1 1 0 0 1 1 1 0 0 0 0 7 1 1 11 23 24 7 1 1 1 1 235 8 1 0 0 0 1 2 1 32 240 252 233 20 3 3 2 1 1 1 1 3 1 0 0 0 0 0 0 1 1 0 192 5 1 0 0 0 0 1 11 210 252 248 176 7 5 4 2 1 0 1 0 0 0 0 0 0 4 1 0 1 1 1 1 2 1 195 133 0 1 0 0 0 2 1 0 1 0 0 0 0 0 1 1 0 0 1 1 0 0 0 1 1 5 1 1 1 2 1 1 1 2 8 169 66 5 0 0 0 0 0 0 0 0 0 0 0 0 0 0 1 0 0 0 0 0 0 0 0 0 0 0 0 0 0 0 0 0 0 0 0 0 0 0 0 0 0 0 0 0 0 0 1 1 1 0 0 1 2 0 0 0 0 0 0 0 1 3 4 4 1 9 2 0 0 0 79 104 0 0 0 0 0 0 0 255 60 0 0 0 0 0
2 3 1 1 1 1 1 71 116 47 1 1 1 0 1 33 1 0 0 1 1 0 1 0 0 0 0 0 0 6 0 0 0 0 208 242 132 1 0 0 0 0 0 0 0 255 255 1 0 0 1 28 0 0 0 0 0 0 0 1 215 255 1 0 0 0 0 0 9 1 0 0 0 0 1 1 1 0 1 0 255 255 1 0 0 0 0 0 0 3 2 3 3 158 23 1 0 0 0 0 0 0 0 1 1 1 1 1 1 1 1 1 43 122 114 97 92 65 39 18 72 10 1 1 65 2 1 1 166 4 0 0 0 0 0 1 0 0 0 1 255 252 1 1 0 0 0 0 0 0 0 0 1 65 183 2 192 99 23 13 8 4 3 163 196 2 1 0 0 0 0 0 0 1 1 1 7 1 1 1 1 0 0 0 0 1 1 0 0 0 0 0 0 0 2 4 1 1 1 0 0 0 1 1 1 5 2 0 0 0 0 0 0 0 0 0 0 0 1 1 1 122 198 1 2 91 255 199 20 23 27 24 23 23 20 17 9 5 2 2 1 1 1 1 6 12 145 255 255 39 1 1 1 0 0 0 0 0 0 1 2 1 0 0 0 0 1 1 0 0 0 0 0 1 1 1 1 255 228 7 8 1 82 2 52 17 1 1 1 1 1 4 23 6 231 1 2 1 1 1 0 0 1 1 1 1 1 1 7 0 0 0 0 1 10 27 3 1 82 212 3 1 0 0 0 1 1 1 1 1 33 240 254 236 51 1 3 2 1 3 1 1 0 0 0 1 1 1 1 1 1 187 17 2 0 0 1 115 243 252 233 52 6 7 4 3 2 2 4 1 1 0 0 0 0 0 0 1 3 3 5 5 5 4 4 3 232 50 2 2 1 1 1 3 1 0 1 0 0 0 0 0 0 1 1 1 0 1 0 0 0 1 1 4 1 1 1 2 1 1 1 1 5 34 137 71 1 0 0 0 0 0 0 0 0 0 0 0 0 0 1 1 0 0 0 0 0 0 0 0 0 0 0 0 0 0 0 0 0 0 0 0 0 0 0 0 0 0 0 1 1 2 4 6 3 1 0 1 1 0 0 0 0 0 0 0 2 1 0 1 9 7 1 0 0 1 198 1 0 0 0 0 0 0 0 188 252 0 0 0 0 0
1 0 0 1 12 108 110 6 1 1 1 0 0 0 1 33 1 0 0 0 1 0 1 0 0 0 0 0 0 6 0 0 0 1 252 2 123 1 1 1 1 1 1 0 0 255 252 1 0 0 13 3 0 0 0 0 0 0 0 1 255 251 1 0 0 0 0 1 13 1 0 0 0 0 0 1 0 0 1 0 250 255 1 0 0 0 0 0 1 5 4 1 1 5 167 1 0 0 0 0 0 0 0 0 0 0 0 0 0 0 0 1 3 1 1 1 1 1 0 0 4 75 13 27 47 1 3 5 69 136 1 0 0 0 0 1 1 1 1 33 255 6 1 0 0 0 0 0 0 0 0 0 1 218 4 154 23 1 1 1 1 1 1 2 32 199 1 0 0 0 0 0 0 0 0 0 7 1 0 0 0 0 0 0 0 1 1 0 0 0 0 0 0 0 1 4 2 1 1 1 0 0 0 0 0 4 3 0 0 0 0 0 0 0 0 0 0 0 1 1 44 221 1 1 3 79 83 255 5 1 1 1 1 1 1 1 1 1 0 0 1 1 1 1 2 19 1 2 248 255 249 7 1 1 1 0 0 0 0 0 1 2 1 0 0 1 1 0 0 0 0 0 0 1 1 1 245 255 1 1 5 28 49 1 1 80 9 0 1 0 5 13 1 1 144 155 1 2 0 1 1 1 1 1 1 1 1 2 5 1 1 0 1 2 1 1 22 43 243 7 1 3 3 1 1 1 1 0 1 1 1 1 36 240 254 245 202 42 5 2 1 1 1 1 1 1 1 1 1 1 6 196 192 7 43 217 252 248 183 9 10 5 3 2 1 1 0 0 2 2 1 1 0 0 0 0 0 0 2 2 1 1 1 2 3 2 236 38 1 1 1 2 2 1 0 1 1 0 0 0 0 0 0 0 0 0 0 1 1 0 1 1 1 5 1 1 1 1 2 1 1 1 2 5 98 95 53 1 0 0 0 0 0 0 0 0 0 0 0 0 0 1 0 0 0 0 0 0 0 0 0 0 0 0 0 0 0 0 0 0 0 0 0 0 0 0 0 1 3 5 5 3 1 1 3 5 6 5 1 0 0 0 0 0 0 1 2 1 0 0 4 4 1 1 1 113 106 0 0 0 0 0 0 0 0 1 255 1 0 0 0 0
1 2 84 121 66 1 1 1 0 0 0 0 0 0 0 33 1 0 0 0 1 0 1 1 0 0 0 0 0 7 0 0 0 1 252 1 3 108 1 1 1 1 1 1 1 255 245 0 0 0 30 0 0 0 0 0 0 0 0 1 255 2 0 0 0 0 0 2 6 1 0 0 0 0 1 1 0 0 1 0 13 255 1 0 0 0 0 1 4 1 2 0 0 1 171 4 1 0 0 0 0 0 0 0 0 0 0 0 0 0 0 0 3 1 0 0 0 0 0 1 20 9 33 38 8 4 2 1 2 196 1 1 0 0 0 1 1 1 2 255 255 1 1 0 0 0 0 0 0 0 0 1 1 222 2 192 2 1 1 0 0 1 1 1 2 206 12 1 0 0 0 0 0 0 0 1 7 0 0 0 0 0 0 0 0 1 1 0 0 0 0 0 0 0 0 1 7 1 1 1 1 0 0 0 0 2 5 0 0 0 0 0 0 0 0 0 1 1 1 44 241 4 1 1 3 75 2 255 243 1 1 1 0 0 1 1 1 1 1 0 1 1 1 1 1 24 1 1 1 13 255 255 173 3 1 1 0 0 0 0 0 1 2 1 0 1 1 0 0 0 0 0 0 0 1 1 255 154 1 0 1 72 41 1 1 1 78 10 1 1 28 1 0 0 2 235 1 1 1 0 1 1 0 0 1 1 1 8 1 1 1 1 1 1 0 0 1 144 229 3 1 0 1 2 4 1 0 1 1 1 1 1 1 1 12 227 248 255 240 222 171 65 4 1 1 1 1 1 2 12 174 146 88 240 252 229 27 7 7 3 1 1 1 1 1 1 1 1 0 4 0 1 0 0 0 0 0 0 0 0 0 0 1 2 2 1 230 58 0 0 0 0 0 0 0 1 0 0 0 0 0 0 0 0 0 0 0 1 1 0 1 0 1 5 2 1 1 1 1 3 2 1 1 1 7 145 60 27 1 0 0 0 0 0 0 0 0 0 0 0 0 1 1 0 0 0 0 0 0 0 0 0 0 0 0 0 0 0 0 0 0 0 0 0 0 1 4 6 3 1 0 0 0 0 0 0 0 2 5 6 4 1 1 1 3 5 4 5 5 5 6 8 2 2 144 82 1 0 0 0 0 0 0 0 0 0 255 4 0 0 0 0
118 104 5 1 1 1 0 0 0 0 0 0 0 0 0 28 1 0 0 0 1 0 0 1 0 0 0 0 0 7 1 0 0 245 206 1 1 23 120 6 1 0 0 0 1 255 234 0 0 1 36 0 0 0 0 0 0 0 1 2 255 1 1 0 0 0 1 12 1 1 1 1 1 0 1 0 0 1 1 0 1 255 1 0 0 0 1 4 1 2 1 0 0 1 3 171 1 1 0 0 0 0 0 0 0 0 0 0 0 0 0 0 3 1 1 0 0 0 0 1 27 3 16 7 1 1 0 0 1 191 3 1 0 0 0 1 1 2 253 255 5 1 1 0 0 0 0 0 0 0 0 1 1 220 3 193 1 1 1 1 1 1 0 1 2 10 210 1 0 0 0 0 0 0 0 2 4 0 0 0 0 0 0 0 0 0 1 0 0 0 0 0 0 0 0 0 1 8 1 0 1 1 0 0 0 1 7 0 0 0 0 0 0 0 0 1 1 1 164 218 9 1 1 0 7 52 1 13 255 6 1 1 1 1 1 1 0 0 1 1 0 0 1 1 1 26 1 1 1 1 1 174 255 255 31 1 1 0 0 0 0 0 1 2 1 1 0 0 0 0 0 0 0 1 1 254 255 1 0 0 1 15 16 42 1 1 1 68 21 6 10 0 0 0 1 237 1 1 1 2 1 1 0 0 0 1 1 9 1 0 0 1 1 0 0 4 160 16 5 187 1 1 0 0 1 3 1 1 1 1 1 1 1 1 1 1 1 60 229 240 248 252 255 252 250 248 248 252 252 252 198 210 215 188 118 3 5 1 0 0 1 1 1 1 1 1 0 1 0 4 0 1 0 0 0 0 0 0 0 0 0 0 1 3 1 1 231 44 0 0 0 0 0 0 1 1 0 0 0 0 0 0 0 0 0 0 0 0 1 1 1 0 1 4 2 1 1 1 1 1 2 1 0 0 9 1 164 55 12 0 0 0 0 0 0 0 0 0 0 0 0 0 1 0 0 0 0 0 0 0 0 0 0 0 0 0 0 0 0 0 0 0 1 3 6 6 2 0 0 0 0 0 0 0 0 0 0 0 0 0 2 5 6 6 3 1 0 1 1 1 2 11 12 1 195 1 0 0 0 0 0 0 0 0 0 0 242 243 0 0 0 0
7 1 1 0 0 0 0 0 0 0 0 0 0 0 0 22 1 1 0 0 0 0 1 1 0 0 0 0 0 7 1 0 1 252 1 1 1 1 1 79 127 21 1 1 1 255 153 0 0 1 34 0 0 0 0 0 0 0 1 164 255 1 1 0 0 0 1 10 0 1 0 0 1 1 1 0 0 1 1 1 1 255 1 0 0 2 3 1 0 3 1 0 0 1 1 63 83 1 1 0 0 0 0 0 0 0 0 0 0 0 0 0 3 1 1 1 1 1 1 1 11 11 6 1 1 1 1 1 1 48 136 1 1 0 0 1 2 255 255 23 1 1 0 0 0 0 0 0 0 0 0 1 1 210 20 186 1 1 1 0 1 1 0 1 1 2 112 178 1 0 0 0 0 0 0 6 1 0 0 0 0 0 0 0 0 0 1 0 0 0 0 0 0 0 0 0 0 2 5 1 1 1 0 0 0 1 8 1 0 0 0 0 0 0 0 1 1 172 166 1 1 1 0 0 5 57 1 1 250 253 1 1 0 0 0 1 1 0 0 1 1 0 1 1 1 27 1 0 1 1 1 1 3 251 255 247 5 1 1 0 0 0 1 1 1 1 0 0 0 0 0 0 1 1 1 255 41 1 0 0 11 1 1 15 47 1 1 1 48 120 2 0 0 0 0 236 1 1 0 0 1 2 1 1 1 1 1 7 1 1 1 1 1 1 26 158 4 1 1 145 36 1 0 0 1 1 3 2 3 2 1 1 0 1 0 1 1 16 0 1 4 2 8 86 161 172 162 115 57 33 213 236 248 174 1 0 3 1 0 0 1 1 1 1 0 1 1 1 0 3 1 1 0 0 0 0 0 0 0 0 0 0 1 3 1 0 237 28 0 0 1 1 1 1 1 0 0 0 0 0 0 0 0 0 0 0 0 0 0 1 1 0 0 1 4 2 1 1 1 1 1 1 0 0 10 1 8 151 56 6 0 0 0 0 0 0 0 0 0 0 0 0 1 1 0 0 0 0 0 0 0 0 0 0 0 0 0 0 1 2 5 6 6 3 1 0 0 0 0 0 0 0 0 0 0 0 0 0 0 0 0 0 0 0 0 0 0 0 0 0 0 0 4 25 199 1 0 0 0 0 0 0 0 0 0 0 6 255 1 0 0 0
42 1 1 1 1 0 0 0 0 0 0 0 0 0 1 22 1 1 0 0 0 0 0 0 0 0 0 0 0 6 1 1 235 233 1 0 1 1 0 1 1 44 119 2 1 255 15 0 0 6 12 0 0 1 1 1 0 0 1 255 255 1 0 0 0 0 9 1 0 1 0 0 0 1 1 1 1 1 1 1 1 255 1 0 1 3 0 0 0 3 0 0 0 1 0 1 175 12 4 1 1 1 1 1 1 1 1 1 1 1 1 1 2 1 0 0 0 0 0 1 3 1 5 1 1 1 1 0 1 1 196 1 1 0 1 2 255 255 21 1 1 1 0 0 0 0 0 0 0 1 1 1 1 180 169 113 1 1 1 1 0 1 1 0 1 2 1 205 12 1 0 0 0 0 0 7 1 0 0 0 0 0 0 0 0 0 1 0 0 0 0 0 0 0 0 0 0 0 4 3 1 1 1 1 0 1 8 1 0 0 0 0 0 0 1 1 179 157 1 1 0 1 0 0 5 61 0 1 5 255 30 1 0 0 0 0 1 0 0 0 1 0 1 1 1 27 1 1 1 1 1 1 1 1 27 255 255 150 2 1 1 0 0 1 1 1 0 0 0 0 0 0 1 1 255 255 1 0 0 0 13 1 0 1 14 46 1 2 1 13 117 3 0 0 0 236 1 1 1 0 0 0 1 2 2 1 4 2 1 1 1 0 1 84 122 1 1 0 1 1 202 1 1 1 1 0 1 2 1 1 3 3 1 1 0 1 16 1 0 0 3 1 1 1 1 0 1 0 0 0 1 12 246 1 1 0 3 1 1 1 1 1 1 1 0 1 1 1 0 1 3 1 0 0 0 0 0 0 0 0 0 0 1 4 0 0 241 14 0 1 1 0 0 0 0 0 0 0 0 0 0 0 0 0 0 0 0 0 0 0 1 0 0 1 2 4 2 1 1 1 1 2 1 0 10 0 1 35 132 48 2 0 0 0 0 0 0 0 0 0 0 0 0 1 0 0 0 0 0 0 1 1 3 6 6 6 6 6 6 5 1 1 0 0 0 0 0 0 0 0 0 0 0 0 0 0 0 0 0 0 0 0 0 0 0 0 0 0 0 0 0 0 0 2 219 7 0 0 0 0 0 0 0 0 0 0 1 255 3 1 0 0
78 0 1 1 1 1 0 0 0 0 0 0 0 1 1 13 6 1 1 0 0 0 0 0 0 0 0 0 0 7 1 1 253 1 1 0 1 1 0 0 0 1 2 109 2 255 2 1 1 17 4 0 0 1 1 1 0 0 1 255 3 1 0 0 0 1 12 1 0 0 0 0 0 1 1 1 1 1 1 1 1 255 16 1 4 1 0 0 0 2 1 1 1 1 0 1 5 156 1 3 5 5 4 4 5 26 97 68 19 17 7 1 2 2 0 0 0 0 0 1 2 1 5 1 1 0 1 1 0 1 191 2 1 1 1 255 255 17 1 1 1 0 0 0 0 0 0 1 1 1 1 3 116 229 201 6 1 1 0 1 1 0 1 1 0 1 2 20 197 1 0 0 0 0 1 7 1 0 0 0 0 0 0 0 0 0 1 0 0 0 0 0 0 0 0 0 0 0 1 6 1 1 1 1 1 1 9 1 0 0 0 0 0 1 1 184 147 1 1 0 0 1 0 0 6 54 0 1 1 216 255 1 1 0 0 0 0 0 0 0 1 0 0 1 1 25 1 1 1 1 1 1 1 1 2 3 202 255 255 20 1 1 1 0 1 2 1 0 0 0 0 1 1 3 255 7 1 0 0 2 7 5 3 3 3 9 56 1 0 1 2 113 74 1 1 235 1 0 1 1 0 0 0 1 1 2 10 0 0 0 0 2 135 60 1 0 0 0 0 1 37 149 1 1 0 1 1 1 1 1 1 1 3 3 2 7 6 0 0 1 3 1 1 1 0 0 1 1 1 1 1 2 245 1 1 1 3 1 1 0 0 1 1 1 0 0 0 1 1 1 4 1 1 0 0 0 0 0 0 0 0 1 1 3 1 1 244 5 0 1 0 0 0 0 0 0 0 0 0 0 0 0 0 0 0 0 0 0 0 0 1 1 0 1 1 3 4 2 1 1 1 1 2 1 9 1 1 1 88 107 37 1 0 0 0 0 0 0 0 0 0 0 0 1 1 0 0 1 2 6 6 6 2 1 1 0 0 0 0 0 0 0 0 0 0 0 0 0 0 0 0 0 0 0 0 0 0 0 0 0 0 0 0 0 0 0 0 0 0 0 0 0 0 0 5 223 10 1 0 0 0 0 0 0 0 0 0 252 219 16 1 0
55 0 0 0 1 1 1 0 0 0 1 1 1 1 1 6 1 6 1 1 0 0 0 0 0 0 0 0 0 7 1 4 253 1 1 0 1 0 0 0 0 0 1 123 163 255 18 14 4 18 4 0 1 1 1 1 0 0 2 255 1 0 0 0 0 5 3 0 0 0 0 0 0 1 0 0 0 1 1 1 1 255 96 5 1 1 1 1 1 2 0 0 0 0 1 1 1 122 19 1 1 1 7 74 97 49 7 129 3 1 5 16 21 8 1 1 1 0 0 1 2 1 6 1 1 0 0 0 0 1 73 104 1 1 255 255 13 1 1 1 1 0 0 0 1 1 1 1 1 2 44 220 144 8 192 1 1 1 1 1 1 0 0 1 1 1 1 1 210 7 1 0 0 0 1 6 0 0 0 0 0 0 0 0 0 0 1 1 0 0 0 0 0 0 0 0 0 0 0 1 8 1 0 0 0 1 9 1 0 0 0 0 1 1 188 141 1 1 0 0 0 1 0 0 6 53 0 0 1 3 255 155 1 0 0 0 0 0 0 0 0 1 0 1 1 23 1 1 1 1 1 1 2 1 1 1 1 4 253 255 241 3 1 1 0 1 2 1 0 0 1 1 1 255 254 1 0 0 1 6 1 1 7 1 1 4 80 2 1 0 1 6 11 111 84 229 15 0 0 1 1 0 0 0 0 0 12 0 0 1 6 158 18 1 0 0 0 0 0 0 1 185 9 1 1 1 0 0 1 1 1 0 0 1 4 8 9 1 1 3 1 1 1 2 1 1 1 1 1 0 1 1 243 1 1 1 2 1 1 1 4 10 12 13 13 15 3 1 1 0 4 0 1 0 0 0 0 0 0 0 0 0 1 3 1 1 245 2 0 1 0 0 0 0 0 0 0 0 0 0 0 0 0 0 0 0 0 0 0 0 0 1 0 1 1 1 2 7 2 2 2 2 2 3 7 1 0 1 41 104 80 18 0 0 0 0 0 0 0 0 0 0 1 1 3 6 6 6 3 1 0 0 0 0 0 0 0 0 0 0 0 0 0 0 0 0 0 0 0 0 0 0 0 0 0 0 0 0 0 0 0 0 0 0 0 0 0 0 0 0 0 0 0 0 1 247 242 237 225 63 2 1 0 0 0 0 0 94 255 9 3 0
16 0 0 0 0 1 1 0 0 1 1 1 0 1 1 5 1 2 4 1 0 0 0 0 0 0 0 0 0 7 1 250 106 1 0 0 1 0 0 0 0 0 1 27 22 255 1 1 5 14 5 0 1 0 0 0 0 1 209 255 1 0 0 0 0 7 3 1 1 0 0 0 0 0 0 0 0 1 1 1 1 255 130 1 1 1 1 1 1 2 0 0 1 1 1 0 0 2 170 7 74 97 61 5 1 1 1 14 91 1 1 1 1 1 6 8 5 1 1 1 2 0 1 1 0 0 0 1 1 1 3 201 1 255 255 8 1 1 1 1 0 0 1 1 1 1 2 6 192 223 190 3 1 2 193 1 1 0 0 0 0 0 1 1 1 1 1 1 96 147 1 0 0 0 3 3 0 0 0 0 0 0 0 0 0 0 1 1 0 0 0 0 0 0 0 0 0 0 0 0 1 6 1 0 0 1 9 1 0 0 0 1 1 194 130 1 1 1 0 0 0 1 0 0 6 54 0 0 0 1 71 255 2 1 0 0 0 0 0 0 0 1 1 1 1 13 3 1 1 1 1 1 2 1 0 1 1 1 1 41 255 255 99 1 1 1 1 1 1 0 1 1 42 255 2 1 0 0 2 4 0 1 6 0 0 1 8 72 1 0 0 7 1 1 5 205 215 1 0 0 1 0 0 0 0 2 8 0 1 28 154 4 0 0 0 0 0 0 0 0 1 3 197 1 1 1 0 1 1 1 1 0 1 2 4 8 12 26 6 2 1 1 1 1 1 1 1 1 1 1 2 3 243 31 19 18 22 16 15 12 6 4 1 1 0 1 11 1 1 0 4 0 1 0 0 0 0 0 0 0 0 0 1 3 1 1 245 1 1 1 1 1 1 0 0 0 0 0 0 0 0 0 0 0 0 1 1 1 1 0 0 1 1 0 0 1 1 2 9 2 1 2 3 13 10 1 3 58 8 10 35 90 7 0 0 0 0 2 6 6 6 6 6 5 2 1 0 0 0 0 0 0 0 0 0 0 0 0 0 0 0 0 0 0 0 0 0 0 0 0 0 0 0 0 0 0 0 0 0 0 0 0 0 0 0 0 0 0 0 0 0 0 0 0 1 253 1 1 13 203 235 238 237 188 10 1 1 1 255 1 18 2
17 1 0 0 1 1 1 1 0 0 1 1 1 0 2 6 1 1 7 1 0 0 0 0 0 0 0 0 0 7 1 253 1 1 0 1 1 0 0 0 0 0 2 18 204 255 1 0 0 0 6 1 1 1 0 0 0 1 255 252 1 0 0 0 1 3 1 4 1 0 0 0 0 0 0 0 1 1 1 1 1 255 245 1 1 1 1 1 1 1 0 1 1 0 0 1 3 141 194 66 4 1 1 1 1 1 1 1 139 1 1 0 0 0 0 1 1 6 8 7 7 3 2 1 1 3 4 5 5 5 3 214 255 255 6 1 1 1 1 1 1 1 2 77 201 223 225 219 38 2 1 1 1 6 182 1 1 0 0 0 0 1 1 1 0 0 1 1 3 187 24 1 0 0 6 1 1 1 0 0 0 0 0 0 0 0 1 1 0 0 0 0 0 0 0 0 0 0 0 0 0 3 4 1 0 1 9 1 0 0 0 1 202 116 1 1 0 1 0 0 0 1 0 0 5 57 0 0 0 1 1 255 245 1 1 1 1 1 0 0 0 0 0 1 1 5 8 0 1 1 1 1 2 1 0 0 1 1 1 1 2 226 255 254 7 1 1 1 1 1 1 1 255 249 1 0 0 0 3 2 0 1 6 1 0 0 1 41 22 0 0 8 1 1 0 2 248 1 0 0 0 1 1 0 1 4 5 1 82 111 1 0 0 0 0 0 0 0 0 0 0 1 120 74 1 0 1 1 0 0 1 1 2 1 6 1 1 22 2 4 3 3 3 4 7 7 7 6 7 6 4 3 230 4 1 0 1 1 0 0 0 2 1 0 0 1 12 1 1 0 3 0 1 0 0 0 0 0 0 0 0 0 1 3 0 1 246 1 0 1 0 0 1 1 1 1 1 0 0 0 0 0 0 1 1 0 0 0 1 1 0 0 1 0 0 0 0 1 7 1 1 1 1 3 22 10 88 4 9 1 1 42 69 3 0 0 2 3 1 0 0 0 0 0 0 0 0 0 0 0 0 0 0 0 0 0 0 0 0 0 0 0 0 0 0 0 0 0 0 0 0 0 0 0 0 0 0 0 0 0 0 0 0 0 0 0 0 0 0 0 0 0 0 0 3 252 0 0 0 0 1 1 2 101 231 238 238 225 255 59 2 13
16 1 1 1 1 0 0 1 1 1 1 1 1 1 1 1 4 4 5 3 1 0 0 0 0 0 0 0 0 7 237 233 1 1 0 1 0 0 0 0 0 0 17 2 251 255 1 0 0 0 6 1 1 0 0 0 0 1 255 2 0 0 0 0 1 2 0 4 1 0 0 0 0 0 0 0 1 0 0 1 0 255 255 1 1 1 1 1 1 2 1 0 1 2 90 189 185 31 1 1 1 1 0 0 1 1 1 1 116 5 1 0 0 0 0 0 0 0 1 1 1 1 2 3 3 1 1 1 1 1 1 208 255 7 1 1 1 1 1 1 4 210 227 173 27 3 2 1 1 1 0 0 1 107 65 1 1 1 0 0 1 1 0 1 0 0 0 1 1 97 151 1 1 1 7 1 1 0 0 0 0 0 1 0 0 0 0 1 0 0 0 0 0 0 0 0 0 0 0 0 0 1 6 2 0 1 10 1 1 1 1 205 100 1 1 1 1 1 0 0 0 1 0 0 4 67 0 0 0 0 1 9 255 5 1 0 0 1 1 0 1 1 0 0 1 2 17 1 1 0 0 1 2 1 1 1 1 1 1 1 1 1 5 254 255 227 1 1 1 1 1 196 255 4 0 0 0 0 4 1 0 0 2 4 0 0 1 3 55 8 0 8 1 1 0 1 240 57 1 0 0 0 1 1 1 1 17 120 44 1 0 0 0 0 0 0 0 0 0 0 0 1 1 202 2 1 1 1 0 1 1 1 1 4 2 0 1 20 1 1 1 1 1 3 2 1 0 1 1 1 0 0 219 14 1 1 1 1 1 1 1 2 1 0 0 0 12 1 0 0 3 1 1 0 0 0 0 0 0 0 1 2 3 2 1 1 246 1 0 1 0 0 0 1 1 1 1 1 0 0 1 1 1 1 0 0 0 0 0 0 0 1 1 1 0 0 0 1 6 1 1 1 1 1 34 3 69 16 1 1 1 1 88 53 1 1 5 0 0 0 0 0 0 0 0 0 0 0 0 0 0 0 0 0 0 0 0 0 0 0 0 0 0 0 0 0 0 0 0 0 0 0 0 0 0 0 0 0 0 0 0 0 0 0 0 0 0 0 0 0 0 0 0 1 149 246 0 0 0 0 0 0 0 0 0 0 1 17 246 252 0 0
17 1 1 1 0 0 0 1 1 1 1 1 1 1 1 1 1 1 8 6 1 1 0 0 0 0 0 0 1 7 253 1 1 0 0 1 0 0 0 0 0 0 26 1 255 255 1 0 0 0 6 1 1 0 0 0 1 7 255 1 0 0 0 0 2 1 1 4 1 0 0 0 0 0 0 0 0 0 0 1 0 253 255 1 1 1 1 0 1 1 1 7 160 188 76 2 1 1 1 1 1 0 0 0 0 0 1 1 6 116 1 1 0 0 0 0 0 0 0 0 0 1 1 1 1 1 1 0 0 0 1 139 255 1 1 1 1 1 1 6 221 15 1 1 1 1 1 0 0 0 0 1 1 189 3 1 1 1 0 1 1 1 1 1 0 0 0 1 1 17 198 2 0 1 7 1 0 0 0 1 1 1 1 0 0 0 0 1 0 0 0 0 0 0 0 0 0 1 1 1 1 1 1 8 1 1 10 1 1 1 211 91 1 1 1 0 1 1 0 0 1 1 0 0 5 56 0 0 0 0 1 1 250 254 1 0 0 0 1 1 1 1 1 1 1 1 21 1 1 0 0 1 2 1 1 0 1 1 1 1 1 1 1 1 77 255 255 34 1 2 2 255 236 1 0 0 1 1 7 1 0 0 1 6 1 0 0 1 5 92 2 9 1 1 1 1 1 247 8 1 0 0 1 1 1 10 175 10 0 0 0 0 0 0 0 0 0 0 0 0 0 0 1 16 176 1 0 1 1 1 1 1 1 6 1 0 2 15 1 0 0 1 1 2 3 1 0 1 1 1 1 1 179 91 1 1 1 1 1 1 1 1 2 1 1 2 13 0 0 0 3 1 0 1 0 0 0 0 0 0 1 2 1 1 0 1 247 1 0 1 0 0 0 0 0 1 1 1 1 0 0 0 0 0 0 0 0 0 0 0 0 0 1 1 1 0 0 1 3 3 1 1 1 3 26 28 131 10 1 0 0 1 1 120 25 3 2 0 0 0 0 0 0 0 0 0 0 0 0 0 0 0 0 0 0 0 0 0 0 0 0 0 0 0 0 0 0 0 0 0 0 0 0 0 0 0 0 0 0 0 0 0 0 0 0 0 0 0 0 0 0 0 0 1 252 10 0 0 0 0 0 0 0 0 0 0 0 0 1 255 1 0
16 1 1 0 0 0 0 0 1 0 0 0 0 1 1 1 1 1 13 3 1 1 1 0 0 0 0 0 1 47 253 1 1 0 0 1 0 0 0 0 0 1 28 1 255 255 1 0 0 0 6 1 0 0 1 1 1 253 255 1 0 0 0 0 3 1 1 4 1 1 1 1 0 0 0 0 0 0 0 1 1 176 255 1 1 1 0 0 1 19 182 164 21 1 1 1 0 0 0 1 1 0 0 0 0 0 0 1 1 41 76 1 1 0 0 0 0 0 0 0 0 0 0 0 0 0 0 0 0 0 1 6 255 1 1 1 1 1 6 219 6 1 1 1 1 0 0 1 1 1 1 1 1 197 1 1 1 1 1 1 1 0 0 0 0 0 0 1 1 4 198 10 1 1 6 0 0 0 1 0 0 0 0 0 0 0 0 1 0 0 0 0 0 0 0 0 1 1 0 1 1 0 0 1 8 1 10 1 1 217 75 1 1 1 0 0 0 1 1 1 1 1 1 0 5 60 0 1 0 0 1 1 3 255 25 1 1 1 1 1 1 1 1 1 1 1 24 1 1 1 1 2 4 3 4 5 8 9 11 11 11 12 12 4 4 8 245 255 250 2 252 255 3 1 1 1 1 0 6 1 1 1 1 3 2 0 0 1 1 20 46 9 1 1 1 1 0 5 247 1 1 1 1 1 55 156 2 0 0 0 0 0 0 0 0 0 0 0 0 0 0 0 0 1 172 19 1 1 1 0 1 1 1 7 0 0 1 16 1 1 1 1 1 1 5 1 0 0 1 0 0 0 75 188 1 2 3 7 16 32 34 36 39 28 28 24 90 0 0 1 2 1 0 1 0 0 0 0 0 0 1 3 1 1 0 1 247 1 1 1 0 0 0 0 0 0 1 0 1 1 1 1 1 1 0 1 0 0 0 0 0 0 0 0 1 0 0 0 1 4 1 1 3 8 23 14 16 120 1 0 0 0 1 3 147 16 1 0 0 0 0 0 0 0 0 0 0 0 0 0 0 0 0 0 0 0 0 0 0 0 0 0 0 0 0 0 0 0 0 0 0 0 0 0 0 0 0 0 0 0 0 0 0 0 0 0 0 0 0 0 0 0 0 1 253 1 0 0 0 0 0 0 0 0 0 0 0 0 0 255 3 0
10 2 0 0 0 0 0 0 1 1 0 0 0 1 1 1 1 1 21 1 1 1 0 0 0 0 0 0 1 253 38 1 1 0 1 1 0 0 0 0 0 2 16 1 255 255 1 0 0 1 6 1 0 1 1 0 1 255 218 1 0 0 0 1 2 0 2 1 1 0 1 52 215 20 1 0 1 1 1 0 1 57 255 2 3 1 1 2 100 146 2 1 2 1 0 0 0 0 0 0 1 1 0 0 0 0 0 0 1 1 32 76 1 1 0 0 0 0 0 0 0 0 0 0 0 0 0 0 0 0 1 2 255 2 1 1 1 7 219 5 1 1 1 1 1 1 1 1 1 1 0 0 2 194 1 1 1 1 1 1 0 0 0 0 0 0 0 1 1 2 199 15 1 3 2 0 0 0 0 0 0 0 0 0 0 0 0 1 0 0 0 0 0 0 0 1 1 0 1 1 0 0 0 1 2 4 9 2 216 62 1 0 1 0 1 1 1 1 1 1 1 1 1 1 4 68 1 1 1 1 1 1 1 204 255 2 2 3 5 5 6 6 7 7 7 8 52 27 27 26 25 24 31 7 5 3 2 2 1 1 1 1 3 2 1 1 1 15 255 255 255 241 1 1 1 1 1 0 6 1 1 0 0 1 6 1 0 0 1 7 215 6 1 1 1 1 0 0 207 180 1 1 1 124 98 1 0 0 0 0 0 0 0 0 0 0 0 0 0 0 0 0 0 0 2 203 2 1 0 1 1 1 2 4 0 0 1 18 0 0 0 1 0 1 4 0 0 1 1 0 0 0 7 223 158 154 144 102 5 1 1 1 4 1 0 0 86 1 0 1 1 3 0 1 0 0 0 0 0 0 0 3 1 1 1 1 247 1 1 0 0 0 0 0 0 0 0 0 0 0 0 0 0 1 1 1 1 1 1 1 1 1 0 0 1 1 0 0 0 2 6 4 12 19 1 0 1 37 69 1 0 0 1 1 12 128 1 0 0 0 0 0 0 0 0 0 0 0 0 0 0 0 0 0 0 0 0 0 0 0 0 0 0 0 0 0 0 0 0 0 0 0 0 0 0 0 0 0 0 0 0 0 0 0 0 0 0 0 0 0 0 0 0 2 253 0 0 0 0 0 0 0 0 0 0 0 0 0 0 248 241 0
1 11 0 0 0 0 0 0 0 1 1 0 1 1 0 0 0 1 26 1 0 1 1 1 1 0 0 0 1 255 1 1 1 0 1 1 0 0 0 0 1 26 1 1 255 252 1 0 0 1 5 0 1 1 0 0 2 255 2 0 0 0 0 1 2 1 4 1 1 0 0 221 2 186 221 221 221 221 219 213 199 245 255 191 188 194 195 188 68 1 1 0 2 1 0 0 0 0 0 0 1 1 0 0 0 0 0 0 0 0 1 35 79 1 1 0 0 0 0 0 0 0 0 0 0 0 0 0 0 0 1 1 255 10 1 1 9 219 4 1 1 0 0 1 1 0 0 0 0 0 0 0 8 175 1 1 1 1 1 1 0 0 0 0 0 0 1 1 1 2 203 13 1 7 1 1 1 1 1 1 1 1 0 0 0 0 0 1 1 0 1 1 1 1 1 1 1 1 1 0 1 1 1 1 1 5 32 222 50 1 1 1 2 3 4 5 12 22 37 54 73 82 83 84 102 187 19 18 18 18 18 17 16 23 255 200 3 2 1 1 1 1 1 1 1 1 8 1 1 1 1 1 5 2 1 1 1 1 1 1 1 1 1 4 0 1 1 1 1 215 255 255 151 1 1 1 0 0 6 1 0 0 0 1 1 4 3 1 1 81 5 160 181 175 47 1 1 1 1 250 1 2 174 33 0 0 0 0 0 0 0 0 0 0 0 0 0 0 0 0 0 0 0 0 1 67 123 1 1 1 1 1 5 1 0 0 1 20 0 0 1 1 1 0 4 1 1 0 1 0 0 0 2 123 1 1 1 85 0 0 1 1 4 1 1 1 91 1 1 1 1 4 0 1 0 0 0 0 0 0 0 3 1 0 1 0 246 1 1 0 0 0 0 0 0 0 0 0 0 0 0 0 0 0 0 0 0 0 1 1 0 0 0 1 0 1 0 1 1 5 13 18 12 1 1 1 1 1 85 26 1 0 0 1 1 42 76 1 0 0 0 0 0 0 0 0 0 0 0 0 0 0 0 0 0 0 0 0 0 0 0 0 0 0 0 0 0 0 0 0 0 0 0 0 0 0 0 0 0 0 0 0 0 0 0 0 0 0 0 0 0 0 0 40 251 0 0 0 0 0 0 0 0 0 0 0 0 0 0 10 255 0
1 16 0 0 0 0 0 0 0 0 1 0 1 0 0 0 1 1 25 1 0 0 0 1 1 1 1 0 3 254 1 1 0 0 1 1 0 0 0 0 2 15 0 1 255 245 1 0 0 3 2 0 0 0 0 1 35 255 1 0 0 0 0 2 1 1 2 0 0 0 1 221 0 1 1 1 1 1 1 2 7 253 255 1 1 1 1 1 0 0 0 0 1 1 0 0 0 0 0 0 0 1 0 0 0 0 0 0 0 0 1 1 29 79 1 0 0 0 0 0 0 0 0 0 0 0 0 0 0 0 1 1 255 223 1 13 218 3 1 0 1 1 1 0 0 0 0 0 0 0 0 1 134 37 1 0 1 1 1 1 0 0 0 0 0 1 1 1 1 1 198 17 1 8 1 1 1 1 1 1 1 1 1 1 1 1 1 1 1 1 2 2 3 5 16 50 107 163 194 214 224 231 236 236 236 236 251 191 80 82 89 89 81 73 64 55 34 23 11 5 3 1 1 1 4 117 44 1 1 1 1 1 0 1 29 255 2 1 1 1 1 0 0 1 1 1 7 1 1 1 1 1 2 4 0 1 1 1 1 1 1 1 1 4 1 1 1 1 1 1 13 255 255 255 4 1 0 0 5 1 1 0 0 1 0 0 2 6 7 61 1 1 1 3 102 184 188 169 24 250 9 183 5 0 0 0 0 0 0 0 0 0 0 0 0 0 0 0 0 0 0 0 0 0 0 1 197 3 1 1 3 4 1 0 0 0 1 21 1 1 1 1 1 1 2 2 0 0 1 1 1 1 2 145 31 53 64 156 5 5 5 4 13 1 1 1 69 3 0 1 1 4 0 1 1 0 0 0 0 0 0 3 1 0 1 0 244 6 1 0 0 0 0 0 0 0 0 0 0 0 0 0 0 0 0 0 0 0 0 0 0 0 1 1 1 1 1 2 5 8 35 12 2 2 2 2 2 2 3 115 7 0 0 0 1 1 111 20 0 0 0 0 0 0 0 0 0 0 0 0 0 0 0 0 0 0 0 0 0 0 0 0 0 0 0 0 0 0 0 0 0 0 0 0 0 0 0 0 0 0 0 0 0 0 0 0 0 0 0 0 0 0 0 231 210 0 0 0 0 0 0 0 0 0 0 0 0 0 0 1 255 1
0 17 1 0 0 0 0 0 0 0 1 1 1 1 0 1 1 3 13 1 0 0 0 0 0 0 1 1 16 253 1 1 0 0 1 0 0 0 0 1 28 1 0 1 255 210 1 0 1 6 0 0 0 0 0 1 255 255 1 0 0 0 1 2 1 3 1 0 0 0 10 195 0 0 0 0 0 0 0 0 1 255 255 1 0 0 0 0 0 0 0 0 1 1 0 0 0 0 0 0 0 1 1 0 0 0 0 0 0 0 0 1 1 36 70 1 0 0 0 0 0 0 0 0 0 0 0 0 0 0 1 1 255 255 18 214 2 1 0 0 1 1 0 0 0 0 0 0 0 1 1 1 187 2 1 1 1 1 1 1 1 1 1 1 2 2 2 2 3 6 201 39 5 28 11 23 65 109 154 192 215 228 232 234 236 236 237 238 238 237 237 237 236 234 228 212 189 149 97 50 24 10 5 3 3 55 247 13 1 1 1 1 1 1 1 0 0 1 0 0 1 0 0 0 3 59 6 53 1 0 0 1 1 0 1 254 249 1 1 1 1 1 0 1 1 3 4 1 0 0 0 1 1 7 0 0 0 0 0 1 1 1 0 4 1 0 0 1 1 1 1 1 140 255 255 248 1 0 1 6 7 7 5 2 1 0 0 12 71 2 2 2 2 1 1 1 1 6 141 246 255 189 1 0 0 0 0 0 0 0 0 0 0 0 0 0 0 0 0 0 0 0 0 0 0 0 7 189 2 6 2 0 0 0 0 0 1 20 1 1 1 1 1 2 4 12 6 7 7 7 7 7 6 12 9 4 1 163 1 0 1 1 11 1 2 5 35 35 0 0 0 4 1 0 1 0 0 0 0 0 0 3 1 0 1 0 233 46 1 0 0 0 0 0 0 0 0 0 0 0 0 0 0 0 0 0 0 0 0 0 0 1 1 1 1 1 4 7 17 38 3 1 1 1 1 1 1 2 1 8 127 1 0 0 0 1 1 145 5 0 0 0 0 0 0 0 0 0 0 0 0 0 0 0 0 0 0 0 0 0 0 0 0 0 0 0 0 0 0 0 0 0 0 0 0 0 0 0 0 0 0 0 0 0 0 0 0 0 0 0 0 0 1 253 2 0 0 0 0 0 0 0 0 0 0 0 0 0 0 0 255 179
0 17 1 0 0 0 0 0 0 0 1 1 1 0 1 1 1 20 2 0 0 0 0 0 0 0 0 0 46 253 1 1 0 0 1 0 0 0 0 4 11 0 0 1 255 97 4 1 1 5 0 0 0 0 1 2 255 2 0 0 0 0 1 2 1 6 3 1 1 1 208 4 0 0 0 0 0 0 0 0 1 255 253 0 0 0 0 0 0 0 0 0 1 1 0 0 0 0 0 0 0 1 1 0 0 0 0 0 0 0 0 0 1 1 44 53 1 0 0 0 0 0 0 0 0 0 0 0 0 0 1 1 245 255 215 2 1 1 1 1 1 1 1 1 1 1 1 1 1 1 2 4 200 7 12 23 53 101 152 194 220 232 239 243 245 245 245 245 245 246 251 237 235 236 228 221 202 184 147 93 40 16 7 3 2 2 1 1 1 1 1 1 1 1 1 1 1 1 1 1 0 0 1 1 39 159 230 5 4 1 1 0 0 0 1 1 1 1 1 1 1 0 1 1 2 64 1 2 63 3 1 1 1 0 1 5 255 6 1 0 0 1 1 1 1 6 2 1 0 0 0 1 1 8 0 0 0 0 0 1 0 0 0 5 1 0 0 0 0 0 1 1 1 1 232 255 255 203 1 0 0 1 1 5 5 2 1 86 1 1 0 0 1 1 0 0 0 1 156 23 4 250 255 251 10 1 1 0 0 0 0 0 0 0 0 0 0 0 0 0 0 0 0 0 0 0 1 148 74 1 0 0 0 0 0 1 5 15 8 9 8 7 6 3 1 15 1 1 1 1 1 1 0 6 1 4 3 182 6 7 8 9 32 10 7 4 6 126 0 0 0 2 2 1 1 0 0 0 0 0 0 2 2 0 1 0 113 214 1 0 0 0 0 0 0 0 0 0 0 0 0 0 0 0 0 0 0 0 0 0 0 1 1 1 3 6 9 48 25 2 1 1 1 1 1 1 1 1 1 1 18 104 1 0 0 1 1 7 139 1 0 0 0 0 0 0 0 0 0 0 0 0 0 0 0 0 0 0 0 0 0 0 0 0 0 0 0 0 0 0 0 0 0 0 0 0 0 0 0 0 0 0 0 0 0 0 0 0 0 0 0 0 3 253 1 0 0 0 0 0 0 0 0 0 0 0 0 0 0 0 123 255
0 9 2 0 0 0 0 0 0 1 1 0 0 0 0 1 1 26 1 0 0 0 0 0 0 0 0 0 190 250 1 1 1 1 1 0 0 0 0 25 1 0 0 1 255 3 1 3 5 1 0 1 1 0 1 225 255 1 0 0 0 0 2 1 1 1 1 4 5 4 226 1 0 0 0 0 0 0 0 0 1 255 235 0 0 0 0 0 0 0 0 0 1 1 1 0 0 0 0 0 0 0 1 0 0 0 0 0 0 0 0 0 0 1 1 116 7 1 1 1 1 1 1 1 1 1 1 1 1 1 1 1 255 255 16 7 13 33 55 97 140 181 207 221 230 234 236 236 238 236 236 236 249 245 243 242 238 231 216 188 144 90 46 19 9 6 5 3 3 44 194 2 9 4 1 1 1 1 1 1 1 1 1 1 1 1 1 1 1 1 0 0 0 0 0 0 1 0 0 0 0 1 1 41 6 200 181 4 4 3 1 0 0 0 0 0 1 1 0 1 1 1 1 0 3 58 1 1 1 53 9 1 1 1 0 1 247 255 1 0 0 0 0 1 1 8 1 0 0 0 0 0 1 8 1 1 1 1 1 1 0 0 0 5 1 0 0 0 0 0 0 1 1 1 1 1 254 255 255 67 1 0 1 1 1 4 55 11 1 0 0 0 0 0 0 0 4 171 6 0 0 1 1 157 254 254 11 1 0 0 0 0 0 0 0 0 0 0 0 0 0 0 0 0 0 0 0 1 214 1 0 0 0 0 1 8 4 1 1 1 0 1 1 1 1 9 0 1 0 0 1 1 0 6 1 1 2 162 1 1 1 1 8 1 1 1 1 148 0 0 0 0 4 0 1 0 0 0 0 0 0 1 3 0 0 0 1 246 1 0 0 0 0 0 0 0 0 0 0 0 0 0 0 0 0 0 0 0 0 0 0 2 13 11 9 44 35 2 1 1 1 1 1 1 1 1 1 1 1 1 1 59 48 1 0 0 1 1 30 99 1 0 0 0 0 0 0 0 0 0 0 0 0 0 0 0 0 0 0 0 0 0 0 0 0 0 0 0 0 0 0 0 0 0 0 0 0 0 0 0 0 0 0 0 0 0 0 0 0 0 0 0 54 252 0 0 0 0 0 0 0 0 0 0 0 0 0 0 0 0 1 255
1 1 14 1 0 0 0 0 1 1 0 0 0 0 0 1 5 9 1 0 0 0 0 0 0 0 0 0 246 226 1 1 1 1 1 1 0 0 0 29 1 0 1 1 255 1 1 0 0 0 1 1 1 1 1 255 224 1 0 0 0 1 2 1 0 0 0 0 1 1 230 1 0 0 0 0 0 0 0 0 1 255 71 0 0 0 0 0 0 0 0 1 1 1 1 0 0 0 0 0 0 0 1 1 0 0 0 0 0 0 0 0 0 0 1 2 134 6 5 5 8 17 26 35 56 65 72 79 83 87 86 169 255 233 229 229 226 217 210 193 169 119 67 32 13 5 3 2 2 1 1 34 216 9 1 1 1 1 1 1 1 1 1 1 1 1 1 1 1 50 174 1 16 1 0 0 0 0 1 1 1 1 1 1 1 1 0 0 0 0 0 0 0 0 0 0 0 0 0 0 1 1 44 4 189 11 163 13 1 5 2 1 1 1 1 1 1 0 0 1 1 1 1 0 4 55 0 0 1 1 32 23 1 1 1 0 2 255 40 1 0 0 0 1 1 8 1 0 0 0 0 0 1 8 0 0 0 0 0 0 1 1 2 12 1 0 0 0 0 0 0 0 0 0 1 1 1 2 255 255 255 7 1 1 1 1 108 1 0 0 0 0 0 0 0 12 165 191 18 1 0 0 0 1 1 165 252 1 0 0 0 0 0 0 0 0 0 0 0 0 0 0 0 0 0 0 0 0 33 172 0 0 0 1 13 3 1 1 1 1 0 1 1 1 1 9 0 1 0 0 1 1 1 5 1 1 1 143 4 1 1 1 6 3 2 2 2 157 3 4 1 0 4 0 1 0 0 0 0 0 0 1 3 0 0 0 1 247 1 0 0 0 0 0 0 0 0 0 0 0 0 0 0 0 0 0 1 1 1 5 20 34 3 65 37 3 1 0 1 0 0 0 0 0 0 1 1 1 1 1 1 2 108 14 1 1 0 1 1 91 35 1 0 0 0 0 0 0 0 0 0 0 0 0 0 0 0 0 0 0 0 0 0 0 0 0 0 0 0 0 0 0 0 0 0 0 0 0 0 0 0 0 0 0 0 0 0 0 0 0 0 0 242 177 0 0 0 0 0 0 0 0 0 0 0 0 0 0 0 0 0 255
1 1 9 2 1 0 1 1 1 0 0 0 0 0 1 1 24 1 1 0 0 0 0 0 0 0 0 1 252 67 1 1 1 1 1 1 1 1 1 30 1 0 1 3 255 1 1 1 1 1 1 1 1 1 3 255 1 0 0 0 0 1 1 0 0 0 0 0 0 0 229 1 0 0 0 0 0 0 0 0 1 255 4 0 0 0 0 0 1 1 1 1 1 1 1 0 0 0 0 0 0 0 1 1 0 0 0 0 0 0 0 0 0 0 0 1 17 113 53 49 43 24 15 10 4 3 2 1 1 1 9 255 255 1 1 1 1 1 1 1 1 1 1 1 1 1 1 0 1 0 1 190 152 53 6 1 1 1 1 1 1 1 1 1 1 1 0 0 1 35 186 1 18 1 0 0 0 0 0 0 0 0 0 0 0 0 0 0 0 0 0 0 0 0 0 0 0 0 0 1 1 45 102 206 87 1 112 53 1 1 6 1 1 0 0 0 0 0 1 1 1 0 1 0 4 54 0 1 1 0 1 15 42 1 1 0 1 163 255 1 0 0 1 1 1 9 1 0 0 0 0 0 1 8 1 0 0 0 0 1 1 4 2 5 4 0 0 0 0 0 0 0 0 0 0 0 1 1 1 101 255 255 254 2 1 60 9 0 0 0 0 0 0 1 39 69 1 1 142 187 96 1 1 1 1 254 85 1 0 0 0 0 0 0 0 0 0 0 0 0 0 0 0 0 0 0 0 0 1 203 6 1 9 16 2 1 1 0 0 1 1 1 1 1 1 9 1 1 0 0 1 1 1 4 2 1 1 64 53 2 2 2 4 6 0 0 1 164 1 1 3 4 7 0 1 1 0 0 0 0 0 1 3 0 0 0 0 244 4 0 0 0 0 0 0 0 0 0 0 0 1 1 1 1 5 24 69 111 109 82 40 35 98 144 1 0 0 0 1 1 0 0 0 0 1 1 1 1 1 1 1 1 5 130 3 0 0 0 1 1 135 9 0 0 0 0 0 0 0 0 0 0 0 0 0 0 0 0 0 0 0 0 0 0 0 0 0 0 0 0 0 0 0 0 0 0 0 0 0 0 0 0 0 0 0 0 0 0 0 0 0 0 253 1 0 0 0 0 0 0 0 0 0 0 0 0 0 0 0 0 0 219
1 1 1 15 1 1 1 0 0 0 0 0 0 0 1 8 6 1 0 0 0 0 0 0 0 0 0 1 255 2 1 0 0 0 1 1 1 1 1 30 1 0 1 29 255 1 1 1 1 1 1 1 1 1 255 255 1 0 0 0 0 1 0 0 0 0 0 1 1 1 228 1 0 0 0 0 0 0 0 0 1 255 1 0 0 0 0 0 1 0 0 1 1 1 1 0 0 0 0 0 0 0 0 1 0 0 0 0 0 0 0 0 0 0 0 0 1 22 2 1 1 1 1 1 0 0 0 1 1 7 255 255 139 1 1 0 1 1 1 1 1 0 0 0 0 0 0 0 1 1 1 227 7 3 55 12 1 1 1 1 1 1 1 1 0 1 0 0 1 6 211 2 15 1 0 0 0 0 0 0 0 0 0 0 0 0 0 0 0 0 0 0 0 0 0 0 0 0 1 1 45 7 210 2 1 0 46 120 1 0 1 7 1 1 0 0 0 0 1 0 1 0 1 1 3 57 0 0 1 1 1 1 6 56 2 1 1 1 255 205 1 0 1 1 1 8 1 0 0 0 0 0 1 7 1 0 0 1 1 4 3 1 1 1 10 1 0 0 0 0 0 0 0 0 0 0 1 1 1 1 1 246 255 255 245 198 41 1 1 0 0 1 1 70 27 1 0 0 0 1 52 185 183 42 174 250 1 0 0 0 0 0 0 0 0 0 0 0 0 0 0 0 0 0 0 0 0 0 0 29 175 28 5 1 1 1 1 0 0 0 0 1 0 0 2 3 0 1 1 1 1 1 1 2 5 2 2 13 120 0 1 1 1 7 0 1 1 92 27 1 1 0 1 0 0 1 0 0 0 0 0 1 3 1 0 0 0 230 55 1 0 0 0 0 0 0 1 1 2 7 22 29 39 87 81 35 7 1 1 0 0 0 1 98 11 0 0 0 0 1 0 0 0 0 1 1 1 1 1 1 0 0 1 12 124 1 0 0 0 0 4 141 3 0 0 0 0 0 0 0 0 0 0 0 0 0 0 0 0 0 0 0 0 0 0 0 0 0 0 0 0 0 0 0 0 0 0 0 0 0 0 0 0 0 0 0 0 0 0 0 0 3 253 1 0 0 0 0 0 0 0 0 0 0 0 0 0 0 0 0 0 2
1 1 1 6 4 1 0 0 0 0 0 0 0 1 1 21 1 0 0 0 0 0 0 0 0 0 0 1 255 1 1 0 0 0 1 1 1 1 1 22 1 1 1 236 255 1 1 1 1 1 1 1 1 1 255 5 0 0 0 0 1 1 0 0 0 0 0 0 0 17 205 1 0 0 0 0 0 0 0 0 1 255 1 0 0 0 0 0 1 0 0 1 1 0 1 0 0 0 0 0 0 0 0 1 1 0 0 0 0 0 0 0 0 0 0 0 1 1 25 1 0 0 0 0 0 0 1 1 10 255 255 6 112 1 1 0 0 0 0 0 0 0 0 0 0 0 0 0 0 1 2 231 1 1 1 41 94 97 97 98 97 67 7 1 1 1 1 0 0 1 206 30 7 0 0 0 0 0 0 0 0 0 0 0 0 0 0 0 0 0 0 0 0 0 0 0 0 1 1 43 4 189 13 1 1 1 15 160 1 0 0 2 4 1 1 0 0 0 1 1 1 0 1 1 3 58 0 0 0 0 1 1 1 3 64 3 1 1 22 255 2 1 0 1 1 8 1 0 0 0 0 0 1 4 2 1 1 3 4 1 1 0 0 1 12 1 0 0 0 0 0 0 0 0 0 0 1 1 0 1 1 1 1 255 255 255 151 156 165 169 169 167 146 64 1 0 0 0 1 0 0 1 1 120 255 248 1 1 1 0 0 0 0 0 0 0 0 0 0 0 0 0 0 0 0 0 0 0 1 2 211 1 1 1 1 1 1 1 1 1 1 0 0 0 7 1 0 1 1 0 0 1 1 1 5 0 0 2 150 1 1 1 1 9 1 1 1 4 149 1 1 1 1 0 0 1 0 0 0 0 0 1 2 2 0 0 0 65 244 1 0 1 1 2 8 24 29 39 94 76 38 30 21 3 1 0 0 0 1 0 0 0 1 37 51 0 0 0 0 1 1 0 0 0 0 1 1 0 0 1 1 1 1 1 38 80 1 0 0 0 0 18 113 1 0 0 0 0 0 0 0 0 0 0 0 0 0 0 0 0 0 0 0 0 0 0 0 0 0 0 0 0 0 0 0 0 0 0 0 0 0 0 0 0 0 0 0 0 0 0 0 93 249 0 0 0 0 0 0 0 0 0 0 0 0 0 0 0 0 0 0 0
0 1 1 1 11 2 1 0 0 0 0 0 0 1 13 3 1 0 0 0 0 0 0 0 0 0 0 3 255 1 0 0 1 1 0 0 1 1 26 1 1 1 1 255 255 1 1 1 1 1 1 1 1 5 255 1 0 0 0 0 2 1 0 0 0 0 0 0 0 222 3 0 0 0 0 0 0 0 0 1 1 255 1 0 0 0 0 0 1 0 0 1 1 0 1 0 0 0 0 0 0 0 0 1 1 0 0 0 0 0 0 0 0 0 0 0 0 1 8 7 1 0 0 0 0 1 1 13 255 255 4 1 99 2 1 1 0 0 0 0 0 0 0 0 0 0 0 0 0 1 6 227 1 1 1 1 1 1 1 1 1 5 59 95 97 47 4 1 1 1 158 149 2 0 0 0 0 0 0 0 0 0 0 0 0 0 0 0 0 0 0 0 0 0 0 0 1 1 46 22 198 14 1 1 0 1 5 179 1 0 0 1 5 2 1 1 0 1 1 1 1 0 1 0 4 55 1 0 0 0 1 0 0 1 1 54 9 1 1 254 251 1 0 1 1 7 0 0 0 0 0 0 1 2 4 2 5 2 1 0 0 0 0 1 14 1 0 0 0 0 0 0 0 0 0 1 1 1 1 1 1 1 1 113 255 255 255 255 6 1 1 1 31 3 0 0 0 1 1 0 0 0 1 246 142 206 255 14 1 1 0 0 0 0 0 0 0 0 0 0 0 0 0 0 0 0 0 2 2 0 40 150 1 1 0 0 1 1 0 1 1 1 1 1 7 1 0 1 1 1 1 1 2 2 7 1 1 2 166 1 1 1 1 8 0 0 0 1 161 0 0 1 1 1 0 1 0 0 0 0 0 1 1 3 0 0 1 11 157 230 51 29 45 94 70 38 33 22 2 1 1 1 0 0 0 0 0 0 0 0 0 0 0 33 57 1 0 0 0 0 1 0 0 0 0 0 1 0 0 0 0 0 0 0 1 89 29 0 0 0 0 1 61 56 1 0 0 0 0 0 0 0 0 0 0 0 0 0 0 0 0 0 0 0 0 0 0 0 0 0 0 0 0 0 0 0 0 0 0 0 0 0 0 0 0 0 0 0 0 0 0 248 99 0 0 0 0 0 0 0 0 0 0 0 0 0 0 0 0 0 0 0
0 0 1 1 1 8 2 1 0 0 0 0 0 1 26 1 0 0 0 0 0 0 0 0 0 0 1 228 246 1 0 0 1 1 1 1 1 0 31 1 1 1 1 255 255 1 1 1 1 1 1 1 1 255 255 1 0 0 0 1 2 0 0 0 0 0 0 0 0 229 1 0 0 0 0 0 0 0 0 1 163 255 1 1 0 0 0 0 1 0 0 1 1 0 1 1 0 0 0 0 0 0 0 0 1 0 0 0 0 0 0 0 0 0 0 0 0 0 1 24 1 1 1 0 1 1 19 255 252 3 1 1 61 10 0 1 0 0 0 0 0 0 0 0 0 0 0 0 0 1 104 172 1 1 0 0 0 0 1 0 1 1 1 1 1 11 80 99 80 24 117 197 2 1 1 0 0 0 0 0 0 0 0 0 0 0 0 0 0 0 0 0 0 0 0 1 2 69 185 181 3 1 1 0 0 0 3 187 1 0 0 0 1 6 1 1 1 1 1 1 1 0 1 1 3 57 1 1 1 1 1 1 1 0 1 1 33 27 25 56 255 7 0 1 3 4 0 0 0 0 0 0 1 2 14 3 1 1 0 0 0 0 0 1 14 1 0 0 0 0 0 0 0 0 0 0 0 1 1 0 1 60 233 255 187 1 6 255 255 254 1 0 1 10 1 0 1 1 1 1 1 1 68 250 1 1 18 255 185 1 1 0 0 0 0 0 0 0 0 0 0 0 0 0 0 0 1 2 0 0 1 129 77 1 1 1 1 1 0 0 0 0 0 1 8 1 1 1 1 1 1 1 1 1 5 1 1 1 169 1 0 0 0 8 0 0 0 1 163 0 0 0 1 1 0 1 0 0 0 0 0 1 1 3 2 9 14 26 110 230 57 33 18 2 1 1 0 0 0 0 0 0 0 0 0 0 0 0 0 0 0 0 0 18 85 1 0 0 0 0 1 1 0 0 0 0 0 0 0 0 0 0 0 0 0 4 145 2 0 0 0 0 1 123 14 0 0 0 0 0 0 0 0 0 0 0 0 0 0 0 0 0 0 0 0 0 0 0 0 0 0 0 0 0 0 0 0 0 0 0 0 0 0 0 0 0 0 0 0 0 1 253 1 0 0 0 0 0 0 0 0 0 0 0 0 0 0 0 0 0 0 0
0 0 0 1 1 1 10 1 0 0 0 0 1 1 27 1 0 0 0 0 0 0 0 0 0 0 1 255 6 1 0 0 1 0 0 0 1 1 27 1 0 0 1 255 255 1 0 0 1 1 1 1 1 255 5 1 0 0 0 1 1 0 0 0 0 0 0 0 1 229 1 0 0 0 0 0 0 0 0 1 255 255 1 0 0 0 0 0 1 0 0 1 1 1 1 1 0 0 0 0 0 0 0 0 1 1 0 0 0 0 0 0 0 0 0 0 0 0 1 1 26 5 1 1 1 28 255 252 2 1 1 1 14 52 1 1 1 0 0 0 0 0 0 0 0 0 0 0 0 1 222 12 1 1 0 0 0 1 1 1 1 1 1 1 1 1 1 1 2 22 136 244 181 43 2 1 1 1 1 0 0 0 0 0 0 0 0 0 0 0 0 0 0 0 1 2 95 207 19 1 1 0 0 0 0 0 2 188 1 0 0 0 0 1 6 2 1 1 1 0 1 0 1 1 3 58 1 0 0 0 1 0 0 0 0 1 1 26 46 1 243 255 1 1 7 1 0 0 0 0 0 1 4 8 10 0 0 1 0 0 0 0 0 0 13 1 0 0 0 0 0 0 0 0 0 0 0 0 1 171 251 251 227 255 202 2 1 1 36 255 255 246 1 1 8 3 2 0 0 1 1 1 252 3 0 0 0 1 248 247 2 1 0 0 0 0 0 0 0 0 0 0 0 0 0 1 2 0 0 0 0 1 134 100 1 1 0 1 1 1 1 1 0 1 6 0 0 0 0 0 1 0 0 1 5 1 1 1 167 1 0 0 0 8 0 0 0 1 159 1 0 1 1 0 0 1 0 0 0 0 0 1 1 1 2 1 1 1 39 240 0 0 0 0 0 0 0 0 0 0 0 0 0 0 0 0 0 0 0 0 0 0 0 21 80 0 0 0 0 0 0 1 1 0 0 0 0 0 0 0 0 0 0 0 0 0 31 94 0 0 0 0 0 2 146 3 0 0 0 0 0 0 0 0 0 0 0 0 0 0 0 0 0 0 0 0 0 0 0 0 0 0 0 0 0 0 0 0 0 0 0 0 0 0 0 0 0 0 0 0 201 236 0 0 0 0 0 0 0 0 0 0 0 0 0 0 0 0 0 0 0 0
0 0 0 0 1 1 2 8 1 0 0 0 1 4 11 1 0 0 0 0 0 0 0 0 0 0 2 255 1 1 0 1 1 0 0 0 0 0 21 2 0 0 1 255 255 1 1 1 0 0 1 1 2 255 1 0 0 0 0 2 0 0 0 0 0 0 0 0 1 229 0 0 0 0 0 0 0 0 0 1 255 223 1 0 1 1 0 0 1 1 0 0 1 1 0 1 1 1 1 1 0 0 0 0 1 1 0 0 0 0 0 0 0 0 0 0 0 0 0 0 1 12 19 1 42 255 251 2 1 1 1 1 3 96 1 0 1 0 0 0 0 0 0 0 0 0 0 0 1 1 231 2 1 1 0 0 0 1 1 1 1 1 1 1 0 0 1 1 1 1 13 244 26 99 176 99 5 1 1 1 1 1 1 0 0 0 0 0 0 0 0 0 0 1 2 79 201 3 1 1 1 0 0 0 0 0 2 188 1 0 0 0 0 0 1 7 1 1 1 1 1 1 1 1 5 48 1 0 0 0 1 0 0 0 0 0 1 1 17 63 3 255 58 1 9 1 0 0 0 1 3 7 2 1 13 0 0 1 0 0 0 0 0 0 11 1 0 0 0 1 0 0 0 0 0 0 2 225 252 248 78 1 1 7 255 109 120 19 1 1 187 255 255 223 3 3 2 2 0 2 4 241 194 1 0 0 0 0 1 203 254 18 1 0 0 0 0 0 0 0 0 0 0 0 1 2 0 0 0 0 0 0 1 105 117 1 0 1 1 0 1 1 1 4 2 0 0 0 0 0 1 0 0 1 5 0 1 0 163 1 0 0 0 8 0 0 0 0 95 23 0 1 0 0 0 1 1 0 0 0 0 1 1 1 1 0 0 1 1 248 0 0 0 0 0 0 0 0 0 0 0 0 0 0 0 0 0 0 0 0 0 0 1 35 56 0 0 0 0 0 0 0 1 0 0 0 0 0 0 0 0 0 0 0 0 0 3 152 1 0 0 0 0 0 10 129 1 0 0 0 0 0 0 0 0 0 0 0 0 0 0 0 0 0 0 0 0 0 0 0 0 0 0 0 0 0 0 0 0 0 0 0 0 0 0 0 0 0 0 69 252 1 0 0 0 0 0 0 0 0 0 0 0 0 0 0 0 0 0 0 0 0
0 0 0 0 1 1 1 8 2 1 0 1 1 23 1 0 0 0 0 0 0 0 0 0 0 1 225 247 1 1 1 1 0 0 0 0 0 0 30 1 0 0 1 255 250 1 0 1 0 0 0 0 18 255 1 0 0 0 1 1 0 0 0 0 0 0 0 1 9 212 0 0 0 0 0 0 0 0 0 1 255 9 1 1 1 0 0 0 1 1 0 0 0 0 0 0 1 1 1 1 0 0 0 0 0 1 0 0 0 0 0 0 0 0 0 0 0 0 0 0 0 1 3 158 255 248 2 1 1 1 1 0 2 108 1 0 1 0 0 0 0 0 0 0 0 0 0 0 1 2 231 1 1 1 0 0 1 1 1 1 1 1 0 0 0 0 0 1 1 1 67 62 212 3 1 47 171 185 172 81 6 2 1 1 1 1 1 1 1 0 0 0 1 2 51 200 4 1 1 0 0 0 0 1 0 0 2 190 1 0 0 0 0 0 0 3 4 1 1 1 0 1 0 1 53 4 1 0 1 1 1 0 0 0 0 0 0 1 1 8 88 167 255 2 8 1 0 1 2 8 4 1 1 1 14 1 0 1 0 0 0 0 0 0 9 2 0 0 0 1 1 1 0 1 8 241 252 237 41 2 1 0 0 1 255 1 1 42 117 6 1 1 245 255 255 186 1 2 3 2 56 250 1 0 0 0 0 0 0 1 31 255 177 1 0 0 0 0 0 0 0 0 0 0 2 1 0 0 0 0 0 0 0 1 107 93 1 1 1 1 1 1 1 7 1 1 1 1 1 1 1 0 0 1 5 0 1 0 162 1 0 0 0 8 1 1 1 8 53 171 1 1 0 0 0 0 1 0 0 0 0 0 1 0 0 0 0 0 1 248 1 0 0 0 0 0 0 0 0 0 0 0 0 0 0 0 0 0 0 0 0 0 1 44 52 0 0 0 0 0 0 0 1 1 0 0 0 0 0 0 0 0 0 1 1 1 1 131 10 0 0 0 0 0 1 42 78 1 0 0 0 0 0 0 0 0 0 0 0 0 0 0 0 0 0 0 0 0 0 0 0 0 0 0 0 0 0 0 0 0 0 0 0 0 0 0 0 0 50 252 3 0 0 0 0 0 0 0 0 0 0 0 0 0 0 0 0 0 0 0 0 0
0 0 0 0 0 1 1 2 8 1 1 1 3 14 1 0 0 0 0 0 0 0 0 0 0 1 255 8 1 0 1 1 1 0 0 0 0 0 31 1 0 0 1 255 238 1 0 1 1 0 0 0 255 255 1 0 0 0 1 1 0 0 0 1 1 1 1 1 192 34 0 0 0 0 0 0 0 0 0 1 255 3 1 0 0 0 0 0 0 1 0 0 0 0 0 0 0 1 1 1 0 0 0 0 0 1 0 0 0 0 0 0 0 0 0 0 0 0 0 0 1 1 102 255 247 48 2 1 1 0 1 0 1 113 1 0 1 0 0 0 0 0 0 0 0 0 0 1 1 8 227 1 1 1 0 0 1 1 0 0 0 0 0 0 0 0 0 0 1 1 137 2 70 183 2 1 1 1 6 79 169 185 187 179 136 28 5 2 1 1 1 1 3 98 199 39 1 1 0 0 0 0 0 1 1 1 1 194 1 0 0 0 0 0 0 1 6 2 1 1 1 1 0 0 35 9 1 0 1 0 1 0 0 0 0 0 0 0 1 1 4 104 255 229 8 1 1 6 6 1 1 1 0 1 13 1 0 1 1 0 0 0 0 0 1 11 1 0 0 1 1 1 34 246 248 211 71 1 0 2 1 0 0 1 255 1 0 1 1 81 105 2 0 1 254 255 255 168 1 25 250 6 0 0 0 0 0 0 0 0 0 2 250 245 1 0 0 0 0 0 0 0 3 28 23 9 4 1 1 2 11 31 31 31 32 197 194 11 1 1 1 0 1 5 0 0 1 1 1 0 1 0 0 1 4 1 1 1 153 2 1 1 1 28 36 39 37 13 2 207 0 0 0 0 0 0 1 0 0 0 0 0 1 1 0 0 0 0 1 236 52 0 0 0 0 0 0 0 0 0 0 0 0 0 0 0 0 0 0 0 0 0 1 58 37 0 0 0 0 0 0 0 0 1 0 0 0 1 1 1 1 1 1 1 1 1 1 33 93 0 0 0 0 0 0 1 112 20 0 0 0 0 0 0 0 0 0 0 0 0 0 0 0 0 0 0 0 0 0 0 0 0 0 0 0 0 0 0 0 0 0 0 0 0 0 0 0 42 252 4 0 0 0 0 0 0 0 0 0 0 0 0 0 0 0 0 0 0 0 0 0 0
0 0 0 0 0 0 1 1 3 5 1 1 22 1 0 0 0 0 0 0 0 0 0 0 0 6 255 1 1 0 0 0 1 1 1 1 0 2 20 1 1 0 1 255 151 1 0 0 1 1 0 1 255 171 1 0 0 0 1 1 1 1 1 1 1 1 1 1 231 9 8 3 1 1 1 1 1 1 1 1 255 97 0 0 0 0 0 0 0 1 0 0 0 0 0 0 1 1 1 0 0 0 0 0 0 1 0 0 0 0 0 0 0 0 0 0 0 0 0 1 1 139 255 237 2 2 38 12 1 1 1 0 1 113 1 0 1 0 0 0 0 0 0 0 0 0 0 1 1 110 189 13 13 5 1 1 1 1 0 0 0 0 0 1 1 1 1 1 0 1 151 1 1 115 167 1 1 1 1 1 1 1 1 4 31 139 177 186 186 173 112 46 223 187 4 1 1 1 1 1 1 0 0 0 0 0 1 196 1 0 0 0 0 0 0 0 1 6 1 1 1 1 0 0 3 57 1 1 0 0 1 0 0 0 0 0 0 0 0 1 1 2 169 255 21 4 7 1 1 1 0 0 0 1 11 1 0 0 1 0 0 0 0 0 1 15 1 1 0 0 6 243 241 161 136 1 1 0 0 1 2 1 2 2 255 3 0 0 0 1 2 105 116 112 23 99 255 255 255 239 208 1 0 0 0 0 0 0 0 0 0 0 1 214 252 2 0 1 1 1 1 36 31 3 4 7 15 26 28 23 6 1 1 0 0 1 4 180 207 118 4 1 1 5 1 1 1 1 2 4 17 52 69 70 97 53 39 38 161 185 159 159 159 183 10 1 0 0 1 210 1 0 0 0 0 0 1 0 0 0 0 0 0 1 1 0 0 0 1 143 215 0 0 0 0 0 0 0 0 0 0 0 0 0 0 0 0 0 0 0 0 0 4 127 2 0 0 0 0 0 0 0 0 1 1 0 1 1 0 0 0 0 0 1 1 1 1 16 117 0 0 0 0 0 0 0 4 119 7 0 0 0 0 0 0 0 0 0 0 0 0 0 0 0 0 0 0 0 0 0 0 0 0 0 0 0 0 0 0 0 0 0 0 0 0 0 38 252 4 0 0 0 0 0 0 0 0 0 0 0 0 0 0 0 0 0 0 0 0 0 0 0
0 0 0 0 0 0 1 1 1 6 3 3 14 1 0 0 0 0 0 0 0 0 0 0 1 251 158 1 1 0 0 0 0 1 1 1 1 31 1 0 1 1 1 255 10 1 0 0 0 1 0 1 255 2 1 0 0 0 1 1 1 1 1 1 1 1 1 1 244 40 31 51 75 80 82 83 85 85 82 82 255 255 0 0 0 0 0 1 1 1 0 0 0 0 0 0 1 1 0 0 0 0 0 0 0 1 1 0 0 0 0 0 0 0 0 0 0 0 1 1 188 255 227 1 1 1 1 11 43 2 1 0 1 108 1 0 1 0 0 0 0 0 0 0 0 0 0 1 1 212 13 1 1 13 1 1 1 1 0 0 1 1 2 1 1 1 0 1 1 2 142 1 1 1 143 143 2 1 1 1 0 0 0 0 1 1 1 1 2 6 121 233 19 1 1 1 1 0 0 0 1 0 0 0 0 0 1 196 1 0 0 0 0 0 0 0 0 1 5 1 1 1 0 0 2 65 1 1 0 0 1 0 0 0 0 0 0 0 0 0 1 1 5 255 254 4 1 1 0 0 0 0 0 1 7 3 0 0 1 0 0 0 0 0 1 14 1 0 1 226 246 141 157 8 1 0 0 0 0 0 1 1 1 1 255 84 0 0 0 0 0 1 1 1 1 1 6 105 255 255 255 163 1 1 0 0 0 0 0 0 0 0 0 1 158 251 1 1 3 246 255 3 1 1 0 0 0 0 0 0 0 0 0 0 0 0 0 0 1 76 220 155 150 136 88 87 80 67 59 45 18 3 1 1 12 1 1 0 13 34 1 1 1 8 69 0 0 0 0 210 1 0 0 0 0 0 1 0 0 0 0 0 0 0 1 0 0 0 1 39 237 0 0 0 0 0 0 0 0 0 0 0 0 0 0 1 0 0 0 0 0 0 32 67 1 0 0 0 0 0 0 0 0 0 1 0 0 0 0 0 0 0 0 0 0 1 1 15 119 0 0 0 0 0 0 0 0 21 98 2 1 1 0 0 0 0 0 0 0 0 0 0 0 0 0 0 0 0 0 0 0 0 0 0 0 0 0 0 0 0 0 0 0 0 0 35 252 5 0 0 0 0 0 0 0 0 0 0 0 0 0 0 0 0 0 0 0 0 0 0 0 0
1 0 0 0 0 0 0 1 1 1 7 21 1 1 1 0 0 0 0 0 0 0 0 1 91 252 1 1 0 0 0 0 1 1 0 0 1 131 39 39 38 36 46 255 1 1 0 0 0 1 1 1 255 1 1 0 0 0 1 1 0 0 1 1 1 1 1 1 246 1 1 1 0 0 0 0 0 1 1 1 105 255 1 0 1 1 1 1 1 0 0 0 0 0 1 1 1 1 0 0 0 0 0 0 0 1 1 1 0 0 0 0 0 0 0 0 0 1 1 230 255 199 1 1 1 0 1 1 1 41 2 1 1 90 4 0 1 0 0 0 0 0 0 0 0 0 1 1 1 228 2 1 0 3 5 1 1 0 0 0 2 43 29 31 32 4 1 1 1 5 119 1 2 12 29 200 183 2 1 1 1 1 1 0 1 1 1 1 1 25 194 3 1 1 0 0 0 0 0 0 1 1 0 0 0 0 1 196 1 1 0 0 0 0 0 0 0 0 3 4 1 1 0 0 3 60 1 0 0 0 1 0 0 0 0 0 0 0 0 0 1 2 54 100 255 12 1 0 0 0 0 0 0 0 3 6 0 0 1 0 0 0 0 0 1 14 1 162 248 176 161 36 1 0 0 0 0 0 0 0 0 0 0 0 228 252 0 0 0 0 0 0 1 1 1 1 1 1 255 84 252 255 255 233 1 1 0 0 0 0 0 0 0 0 1 226 243 193 255 204 237 233 0 0 0 0 0 0 0 0 0 0 0 0 0 0 0 0 0 1 63 1 1 45 1 1 1 1 0 0 0 0 0 1 6 3 1 1 1 83 0 0 0 1 112 0 0 0 0 183 14 0 0 0 0 0 1 1 0 0 0 0 0 0 1 1 0 0 1 1 248 0 0 0 0 0 0 0 0 0 0 0 0 0 0 1 0 0 0 0 0 0 46 51 0 0 0 0 0 0 0 0 0 0 1 1 0 0 0 0 0 0 0 0 0 1 1 22 109 0 0 0 0 0 0 0 0 1 57 59 2 1 1 0 0 0 0 0 0 0 0 0 0 0 0 0 0 0 0 0 0 0 0 0 0 0 0 0 0 0 0 0 0 0 33 252 5 0 0 0 0 0 0 0 0 0 0 0 0 0 0 0 0 0 0 0 0 0 0 0 0 0
1 1 1 1 1 1 1 1 1 1 13 9 1 1 1 1 1 1 1 1 1 1 1 82 253 7 0 1 0 0 0 0 1 1 0 0 56 9 1 1 1 1 2 255 1 0 1 0 0 0 1 1 255 1 1 0 0 0 1 1 0 0 0 0 0 1 1 2 245 1 1 0 0 0 0 0 0 0 0 0 1 255 1 1 1 1 1 0 1 1 0 0 0 0 1 1 1 1 1 0 0 0 0 0 0 0 1 1 1 0 0 0 0 0 0 0 1 1 245 255 152 1 1 0 0 1 1 0 1 1 43 1 1 38 23 0 1 0 0 0 0 0 0 0 0 0 1 1 2 225 1 1 0 2 7 2 1 0 0 0 6 19 1 1 2 23 39 38 16 90 35 38 19 4 39 23 130 205 2 1 1 1 1 1 1 1 1 1 27 192 3 1 1 1 0 0 0 0 0 0 0 1 1 1 1 1 1 196 1 1 1 1 1 1 1 1 1 1 1 5 2 1 1 1 3 58 1 0 0 0 1 0 0 0 0 0 0 0 1 1 27 78 4 1 248 255 1 0 0 0 0 0 0 0 2 10 0 0 1 1 0 0 0 1 1 153 250 233 153 97 1 1 0 0 0 0 0 0 0 0 0 0 0 0 4 255 1 0 0 0 0 1 1 0 1 1 1 2 255 1 0 1 241 255 255 252 2 1 0 0 0 0 0 0 0 1 241 248 2 1 1 255 1 0 0 0 0 0 0 0 0 0 0 0 0 0 0 0 0 1 61 1 0 43 1 1 0 0 0 0 0 0 0 1 2 9 1 1 4 62 0 0 0 1 119 0 0 0 0 149 48 0 0 0 0 0 0 1 0 0 0 0 0 0 0 1 1 0 1 0 248 1 0 0 0 0 0 0 0 0 0 0 0 0 1 1 0 0 0 0 0 1 57 37 0 0 0 0 0 0 0 0 0 0 0 1 1 0 0 0 0 0 0 0 0 1 1 61 60 0 0 0 0 0 0 0 1 3 7 112 32 1 1 1 1 0 0 0 0 0 0 0 0 0 0 0 0 0 0 0 0 0 0 0 0 0 0 0 0 0 0 0 0 31 252 6 0 0 0 0 0 0 0 0 0 0 0 0 0 0 0 0 0 0 0 0 0 0 0 0 0 0
1 1 1 1 1 1 1 1 1 3 42 1 4 231 253 254 253 249 182 27 15 166 252 252 8 0 0 1 0 0 0 0 1 0 0 1 116 1 0 0 0 1 4 255 1 0 1 0 0 0 1 1 255 1 1 0 0 0 2 0 0 0 0 0 0 1 1 74 230 1 0 0 0 0 0 0 0 0 0 0 1 255 231 1 0 0 0 0 0 1 0 0 0 0 0 0 0 0 0 0 0 0 0 0 0 0 0 1 1 0 0 0 0 0 1 1 1 251 255 110 1 1 0 1 1 1 0 0 0 1 14 10 1 6 78 1 1 0 0 0 0 0 0 0 0 0 1 1 10 213 1 1 1 1 25 4 3 6 14 18 49 12 8 30 5 5 6 64 117 202 19 1 1 22 50 1 2 167 140 1 0 0 0 0 0 1 1 24 192 2 1 1 1 1 1 1 1 0 0 0 0 0 0 0 0 0 1 193 2 1 1 1 0 0 0 0 0 0 0 1 6 1 1 1 3 60 1 1 1 1 1 0 0 0 0 0 0 1 11 87 17 1 1 1 3 255 90 1 0 0 0 0 0 0 1 14 0 0 0 1 1 1 1 16 250 248 111 86 2 1 1 0 0 0 0 0 0 0 0 0 0 0 0 0 1 255 83 1 1 0 0 1 1 0 0 1 1 246 252 1 0 0 0 0 46 255 255 255 19 1 0 0 0 0 0 0 0 0 0 0 1 252 103 0 0 0 0 0 0 0 0 0 0 0 0 0 0 0 0 6 32 1 0 43 1 1 0 0 1 1 0 0 0 1 5 10 1 0 53 5 0 0 1 1 119 0 0 0 0 127 70 0 0 0 0 0 0 1 0 0 0 0 0 0 0 0 1 0 0 0 240 31 0 0 0 0 0 0 0 0 0 0 0 0 1 1 0 0 0 0 0 11 103 2 0 0 0 0 0 0 0 0 0 0 0 0 1 0 0 0 0 0 0 0 0 0 10 45 48 1 0 0 0 1 2 4 8 4 1 9 116 13 1 1 1 1 0 0 0 0 0 0 0 0 0 0 0 0 0 0 0 0 0 0 0 0 0 0 0 0 0 0 31 252 6 0 0 0 0 0 0 0 0 0 0 0 0 0 0 0 0 0 0 0 0 0 0 0 0 0 0 0
2 1 1 1 1 1 3 20 39 40 60 249 255 246 58 11 39 215 250 253 254 251 88 1 0 0 1 1 0 0 0 1 1 0 0 28 27 1 0 0 1 1 11 255 1 1 1 0 0 0 1 1 255 1 1 1 1 1 2 1 1 1 1 1 1 1 1 242 10 1 0 0 0 0 0 0 0 0 0 0 1 250 255 1 0 0 1 1 0 1 0 0 0 0 0 0 1 0 0 0 0 0 0 0 0 0 0 1 1 1 0 0 0 1 1 1 255 255 63 1 1 1 1 1 0 1 0 0 0 0 1 31 3 2 109 1 1 0 0 0 0 0 0 0 0 1 1 1 139 126 3 3 3 3 12 137 136 127 131 131 93 73 45 16 58 63 56 5 8 196 36 4 73 17 1 1 1 6 232 1 1 1 1 1 1 1 20 189 2 1 1 1 1 1 1 1 1 1 1 1 1 1 1 1 1 1 1 188 5 1 1 1 1 1 0 0 0 0 0 1 1 6 1 1 4 50 1 0 0 0 1 1 1 1 1 1 3 72 38 1 0 1 1 1 1 185 255 2 1 0 0 0 0 0 1 16 1 0 0 0 1 3 237 252 53 1 1 1 0 0 0 0 0 0 0 0 0 0 0 0 1 1 0 0 0 21 255 255 198 1 0 1 1 1 1 1 1 255 1 0 0 0 0 0 0 0 1 254 255 255 86 1 0 0 0 0 0 0 0 0 0 16 255 1 0 0 0 0 0 0 0 0 0 0 0 0 0 0 0 56 2 0 0 45 0 0 0 0 1 0 0 0 0 6 4 2 1 0 89 1 0 0 0 1 119 0 0 0 0 2 205 0 0 0 0 0 0 1 0 0 0 0 0 0 0 0 1 1 0 0 154 208 0 0 0 0 0 0 0 0 0 0 0 1 1 1 1 0 0 0 0 16 103 1 0 0 0 0 0 0 0 0 0 0 0 0 1 1 0 0 0 0 0 0 0 0 28 84 20 11 12 12 12 12 8 5 2 1 1 1 27 113 4 1 1 0 0 0 0 0 0 0 0 0 0 0 0 0 0 0 0 0 0 0 0 0 0 0 0 0 0 31 252 7 0 0 0 0 0 0 0 0 0 0 0 0 0 0 0 0 0 0 0 0 0 0 0 0 0 0 0 0
30 39 31 34 39 38 25 5 11 250 253 209 2 1 1 1 1 1 1 1 1 1 0 0 0 0 1 0 0 0 0 1 1 0 1 117 1 0 0 0 1 1 116 255 1 1 1 1 0 0 1 1 255 1 0 0 0 0 2 0 0 0 0 0 0 1 1 246 1 0 0 0 0 0 0 0 0 0 0 0 0 1 255 1 1 0 1 1 0 1 1 0 0 0 0 0 1 0 0 0 0 0 0 0 0 0 0 1 1 1 1 1 1 1 2 255 255 28 1 1 1 1 0 0 1 1 0 0 0 0 0 1 42 2 115 1 1 0 0 0 0 0 0 0 0 1 0 1 213 7 1 1 1 1 6 57 2 1 1 1 1 1 1 1 1 1 1 1 2 120 20 54 2 1 1 1 1 2 232 9 1 1 1 1 2 38 201 16 9 15 27 50 103 155 188 199 213 223 225 228 233 237 238 238 238 238 238 249 246 237 173 21 3 1 1 1 1 1 1 1 1 3 3 1 3 52 1 1 0 0 1 1 0 1 1 46 68 2 1 0 0 0 1 1 1 2 255 231 1 1 0 0 0 0 0 15 1 0 1 2 179 252 203 1 1 1 1 0 0 0 0 0 0 0 0 0 0 0 0 0 1 1 0 0 0 1 1 7 254 255 248 2 1 1 1 1 192 255 1 0 0 0 0 0 0 0 0 0 1 231 255 255 9 1 0 0 0 0 0 0 0 1 237 245 1 0 0 0 0 0 0 0 0 0 0 0 0 0 0 67 1 0 0 46 0 0 1 1 1 0 0 0 0 9 1 2 1 0 92 1 0 0 0 0 119 0 0 0 0 1 208 1 0 0 0 0 0 1 0 0 0 0 0 0 0 0 0 1 1 0 56 235 0 0 0 0 0 0 0 0 0 0 1 1 1 1 1 0 1 1 1 17 97 0 0 0 1 1 1 1 2 7 8 1 1 0 0 1 0 0 0 0 0 0 0 0 52 59 1 1 1 1 1 1 0 1 2 1 1 1 3 32 113 1 0 0 0 0 0 0 0 0 0 0 0 0 0 0 0 0 0 0 0 0 0 0 0 0 0 0 31 252 6 0 0 0 0 0 0 0 0 0 0 0 0 0 0 0 0 0 0 0 0 0 0 0 0 0 0 0 0 0
1 1 2 1 1 1 1 134 253 181 2 1 1 1 0 0 0 0 0 0 0 0 0 0 0 1 1 0 0 0 1 1 0 0 42 16 0 0 0 0 1 1 246 255 1 1 0 1 0 1 1 1 255 2 0 0 0 0 2 0 0 0 0 0 0 1 126 218 1 0 0 0 0 0 0 0 0 0 0 0 0 0 255 251 1 1 1 1 0 0 1 0 0 0 1 1 0 0 0 0 0 0 0 0 0 0 0 1 1 1 1 1 1 6 255 255 9 1 1 0 0 1 1 1 1 0 0 0 0 0 0 1 2 46 127 1 1 0 0 0 0 0 0 0 0 1 0 1 223 1 1 1 0 0 2 87 2 2 2 1 1 1 1 1 1 1 1 5 137 232 213 222 230 232 233 233 232 231 250 246 243 244 246 246 248 235 211 240 236 234 231 225 205 177 144 120 85 54 47 40 19 8 7 6 5 5 56 188 12 38 196 241 246 246 233 113 9 2 1 1 1 1 4 2 4 50 1 1 0 0 0 1 1 13 83 8 1 0 0 0 0 0 0 1 1 1 47 255 6 1 1 0 0 0 0 14 1 1 37 251 244 5 1 1 1 0 0 0 0 0 0 0 0 0 0 0 0 0 0 0 1 1 1 1 1 1 0 0 1 1 247 255 254 10 1 1 255 5 0 0 0 0 0 0 0 0 0 0 0 0 1 248 255 251 1 0 0 0 0 0 0 0 1 215 251 1 0 0 0 0 0 0 0 0 0 0 0 0 1 69 0 1 2 59 1 1 1 1 1 0 0 0 0 11 2 2 1 0 96 1 1 1 0 0 120 1 1 0 1 1 123 70 0 0 0 0 0 1 1 0 0 0 0 0 0 0 0 0 1 0 1 248 0 0 0 0 0 0 0 0 0 0 1 0 1 1 1 1 1 0 7 22 113 25 25 26 27 28 27 27 21 10 10 29 33 32 16 2 1 1 0 0 0 0 0 1 140 6 0 0 0 0 0 0 0 0 1 1 0 2 2 1 82 55 0 0 0 0 0 0 0 0 0 0 0 0 0 0 0 0 0 0 0 0 0 0 0 0 0 30 252 7 0 0 0 0 0 0 0 0 0 0 0 0 0 0 0 0 0 0 0 0 0 0 0 0 0 0 0 0 0 0
1 1 1 0 1 1 121 252 4 1 1 1 1 0 0 0 0 0 0 0 0 0 0 0 0 1 0 0 0 0 1 0 0 0 116 1 0 0 0 1 1 22 255 255 1 1 0 1 1 1 0 1 255 89 0 0 0 0 1 1 0 0 0 0 0 1 111 223 1 0 0 0 0 0 0 0 0 0 0 0 0 0 41 255 1 1 1 1 0 0 1 1 0 0 1 1 0 0 0 0 0 0 0 0 0 0 0 0 1 1 1 10 151 255 255 3 1 1 1 1 0 1 1 1 0 0 0 0 0 0 0 0 1 2 195 1 1 1 0 0 0 0 0 0 0 1 0 2 218 1 1 1 0 0 1 104 1 1 1 1 2 9 86 213 237 237 240 239 203 90 52 34 20 11 8 7 7 11 91 164 3 2 1 28 149 5 11 110 4 3 3 3 3 3 2 2 2 1 1 1 1 1 1 1 1 2 28 144 8 1 1 1 2 6 80 228 245 246 243 197 40 6 2 8 7 49 1 1 1 1 1 4 82 32 1 1 1 1 1 1 1 1 1 1 1 1 2 255 252 1 1 0 0 0 1 13 6 245 251 32 1 1 1 1 0 0 0 0 0 0 0 0 0 0 0 0 0 0 0 1 1 0 1 1 1 1 0 0 0 0 0 1 196 255 255 184 255 1 0 0 0 0 0 0 0 0 0 0 0 0 0 0 1 255 255 2 0 0 0 0 0 0 0 1 173 252 1 0 0 0 0 0 0 0 0 1 1 1 1 83 4 4 3 11 64 1 0 1 1 0 0 0 0 14 2 1 0 1 96 1 0 0 0 0 119 0 1 1 1 0 3 201 0 0 0 0 0 0 1 0 0 0 0 0 0 0 0 0 1 1 1 248 1 0 0 0 0 0 0 0 0 0 1 1 1 1 1 1 1 1 20 94 4 1 1 1 1 1 1 1 1 1 2 1 1 1 6 24 30 30 18 2 1 0 0 3 152 1 0 0 0 0 0 0 0 0 0 1 2 5 1 1 1 141 13 0 0 0 0 0 0 0 0 0 0 0 0 0 0 0 0 0 0 0 0 0 0 0 27 252 7 0 0 0 0 0 0 0 0 0 0 0 0 0 0 0 0 0 0 0 0 0 0 0 0 0 0 0 0 0 0 1
1 1 1 1 1 74 252 3 1 1 0 1 1 1 0 0 0 0 0 0 0 0 0 0 1 1 0 1 1 1 1 0 0 0 115 1 0 0 0 1 16 255 242 255 112 1 0 0 1 1 0 1 255 255 1 0 0 0 0 2 0 0 0 0 0 1 2 246 1 0 0 0 0 0 0 0 0 0 0 0 0 0 1 255 255 1 1 1 1 0 0 1 1 0 0 0 0 0 0 0 0 0 0 0 0 0 0 1 1 20 255 255 255 251 1 1 0 0 0 1 1 0 0 0 0 0 0 0 0 0 0 0 1 1 191 3 1 1 0 0 0 0 0 0 0 1 1 17 193 1 0 1 1 1 5 114 17 120 226 238 240 238 216 97 17 11 5 2 1 1 1 1 1 1 1 1 1 1 3 194 1 1 30 155 22 21 151 196 166 170 176 177 177 177 181 181 181 183 181 181 181 181 181 181 179 186 150 197 231 191 141 87 81 50 31 16 9 9 33 193 243 248 248 242 195 149 5 2 1 2 66 59 2 1 0 0 0 0 0 0 0 0 0 1 1 1 1 8 255 17 1 1 1 1 2 221 253 172 1 1 1 1 1 1 1 0 0 0 0 0 0 0 0 0 0 0 0 0 1 1 1 1 1 1 1 0 0 0 0 0 0 0 0 1 32 255 99 1 0 0 0 0 0 0 0 0 0 0 0 0 0 0 0 1 248 255 48 1 0 0 0 0 0 0 1 115 255 2 0 0 0 0 0 0 0 1 1 1 2 48 1 1 1 1 6 30 0 1 1 1 1 0 1 2 16 1 1 1 90 0 0 0 0 0 119 0 1 1 1 0 1 207 0 0 0 0 0 0 1 0 0 0 0 0 0 0 0 0 0 1 1 243 16 0 0 0 0 0 0 0 0 1 1 0 1 1 1 1 0 1 21 104 1 1 1 1 1 1 1 1 1 1 1 2 1 1 1 2 1 1 3 21 28 28 23 34 110 0 0 0 0 0 0 0 0 0 0 1 2 3 0 1 1 3 154 3 0 0 0 0 0 0 0 0 0 0 0 0 0 0 0 0 0 0 0 0 0 26 252 8 0 0 0 0 0 0 0 0 0 0 0 0 0 0 0 0 0 0 0 0 0 0 0 0 0 0 0 0 0 0 0 232
0 0 0 1 48 253 6 1 1 0 0 1 1 1 0 0 0 0 0 0 0 0 0 0 1 0 0 1 1 1 1 0 0 0 112 1 0 0 1 7 255 235 1 255 255 1 0 0 1 1 0 1 251 255 1 0 0 0 0 2 0 0 0 0 0 1 1 246 1 0 0 0 0 0 0 0 0 0 0 0 0 0 0 4 255 1 1 1 1 0 0 0 1 0 0 0 0 0 0 0 0 0 0 0 0 0 1 1 21 255 251 14 2 1 0 0 0 0 0 0 1 1 0 0 0 0 0 0 0 0 0 0 0 1 167 15 1 1 0 0 0 0 0 1 1 1 1 160 83 5 7 49 209 242 246 242 235 201 52 7 2 1 1 1 1 1 1 1 1 1 1 0 0 0 0 0 0 0 1 190 10 33 101 3 1 1 177 6 1 1 1 1 1 1 1 1 1 1 2 2 2 2 2 2 2 4 8 11 54 125 183 214 202 209 220 237 219 221 223 224 226 228 232 243 253 255 255 255 253 236 41 3 1 1 1 1 1 1 0 0 0 0 1 1 1 1 1 1 245 255 1 1 1 95 252 233 2 1 0 1 0 0 1 1 2 1 0 0 0 0 0 0 0 0 0 0 0 0 1 1 0 0 1 1 0 0 0 0 0 0 0 0 0 0 3 255 1 0 0 0 0 0 0 0 0 0 0 0 0 0 0 0 0 0 1 135 255 218 1 0 0 0 0 0 0 0 45 255 10 0 0 0 0 0 0 0 0 0 30 4 0 0 0 0 1 60 2 37 44 43 44 4 1 1 20 1 1 77 3 0 0 0 0 0 119 1 1 1 0 0 1 208 0 0 0 0 0 0 1 0 0 0 0 0 0 0 0 0 1 1 1 164 204 0 0 0 0 0 0 0 0 1 1 0 1 1 1 1 0 1 22 98 1 1 1 0 1 1 0 0 1 1 1 1 1 1 1 1 0 1 1 1 1 1 2 130 74 11 11 6 1 0 0 0 0 0 2 2 1 2 0 0 0 1 17 133 1 0 0 0 0 0 0 0 0 0 0 0 0 0 0 0 0 0 0 0 24 252 9 0 0 0 0 0 0 0 0 0 0 0 0 0 0 0 0 0 0 0 0 0 0 0 0 0 0 0 0 0 0 0 1 255
0 0 1 19 253 11 1 1 0 0 0 0 1 1 1 0 0 0 0 0 0 0 0 1 1 0 1 1 1 1 1 0 0 0 115 1 0 1 3 255 243 1 0 56 255 2 0 0 1 1 1 1 10 255 1 0 0 0 0 1 1 0 0 0 0 0 1 246 1 0 0 0 0 0 0 0 0 0 0 0 0 0 0 1 255 255 1 1 1 1 0 0 1 1 0 0 0 0 0 0 0 0 0 0 0 1 1 19 255 248 1 1 1 0 0 0 0 0 0 0 0 1 0 0 0 0 0 0 0 0 0 0 0 1 80 92 1 1 1 0 1 1 1 1 3 16 154 248 243 243 243 234 131 9 2 1 1 1 1 1 1 1 1 1 0 0 0 0 0 0 0 0 0 0 0 0 0 0 1 150 197 176 2 2 1 11 184 1 1 1 1 1 1 1 1 1 1 1 1 1 1 1 1 1 1 1 1 1 1 1 1 2 1 1 1 30 1 1 1 1 1 1 1 2 1 1 2 8 154 250 254 255 254 246 105 9 2 1 1 1 0 1 1 0 1 1 1 1 3 255 113 12 248 248 5 1 0 1 1 1 0 0 0 1 1 1 1 0 0 0 0 0 0 0 0 0 0 0 0 1 1 1 1 0 0 0 0 0 0 0 0 0 0 0 255 252 1 0 0 0 0 0 0 0 0 0 0 0 0 0 0 0 0 0 0 0 4 255 252 1 0 0 0 0 0 0 0 10 255 83 1 1 1 1 1 0 0 0 54 1 0 0 0 0 0 83 34 2 0 1 1 29 19 8 13 1 54 5 0 0 0 0 0 5 89 1 0 0 0 0 0 206 1 0 0 0 1 0 1 0 0 0 0 0 0 0 0 0 1 0 1 85 231 0 0 0 0 0 0 0 0 1 0 0 1 1 1 1 0 7 27 51 0 1 0 0 1 1 0 1 1 1 1 1 0 1 0 1 0 1 1 0 1 1 8 127 3 1 1 3 9 10 10 7 1 3 2 2 2 0 0 0 0 0 1 61 71 1 0 0 0 0 0 0 0 0 0 0 0 0 0 0 0 0 0 21 252 10 0 0 0 0 0 0 0 0 0 0 0 0 0 0 0 0 0 0 0 0 0 0 0 0 0 0 0 0 0 0 0 0 233 252
0 0 10 253 24 1 1 0 0 0 0 0 0 1 1 0 0 0 0 0 0 0 0 1 0 0 1 0 1 0 1 1 0 1 117 1 1 2 255 248 1 0 0 0 255 252 1 0 0 1 1 1 1 255 1 1 0 0 0 0 2 0 0 0 0 0 1 211 145 0 0 0 0 0 0 0 0 0 0 0 0 0 0 1 1 255 2 1 0 0 0 0 0 1 1 0 1 0 0 0 0 0 0 0 1 1 19 255 247 1 1 0 0 0 0 0 0 0 0 0 0 1 1 0 0 0 0 0 0 0 0 0 0 1 7 177 1 1 1 4 39 204 247 250 249 246 229 61 4 1 1 1 1 1 1 1 1 1 1 1 0 0 0 0 0 0 0 0 0 0 0 0 0 0 0 0 0 0 1 149 50 144 122 122 177 175 3 1 1 1 3 13 44 84 81 43 20 10 4 2 2 1 1 1 1 1 1 1 1 1 1 2 2 2 3 48 36 36 5 4 5 3 1 2 1 1 1 1 1 1 1 2 27 226 253 255 255 253 233 45 4 1 1 1 1 1 1 1 2 211 255 251 57 1 0 1 1 1 0 0 0 0 0 0 0 1 1 1 0 0 0 0 0 0 0 0 0 0 0 0 0 1 0 0 0 0 0 0 0 0 0 0 0 1 255 1 0 0 0 0 0 0 0 0 0 0 0 0 0 0 0 0 0 0 0 0 0 1 255 255 1 0 0 0 0 0 0 0 2 252 255 255 248 8 7 6 1 0 56 1 0 0 0 0 4 119 1 0 0 1 0 1 5 46 135 52 19 1 1 1 1 1 1 109 2 1 0 0 0 0 0 103 92 0 1 1 1 0 1 0 0 0 0 0 0 0 0 0 1 0 1 3 247 1 0 0 0 0 0 0 1 1 0 0 1 1 1 1 0 19 68 6 0 1 0 0 1 1 0 1 1 1 1 1 0 1 1 1 0 1 1 1 1 1 14 113 1 1 1 1 0 0 0 4 11 3 3 1 0 0 0 0 0 0 0 1 128 20 0 0 0 0 0 0 0 0 0 0 0 0 0 0 0 0 20 252 12 0 0 0 0 0 0 0 0 0 0 0 0 0 0 0 0 0 0 0 0 0 0 0 0 0 0 0 0 0 0 0 0 1 255 1
0 5 253 46 1 0 0 0 0 0 0 0 0 1 1 1 0 0 0 0 0 0 1 1 0 0 1 1 1 0 0 1 1 1 112 1 1 255 251 1 0 0 0 0 220 255 1 0 0 1 1 1 1 255 1 1 0 0 0 0 1 1 1 1 1 1 1 4 247 0 0 0 0 0 0 0 0 0 0 0 0 0 0 0 1 255 255 1 1 0 0 0 0 1 1 1 1 0 0 0 0 0 0 1 1 19 255 245 1 1 1 0 0 0 0 0 0 0 0 0 0 0 1 1 0 0 0 0 0 0 0 0 1 1 4 242 240 247 249 249 246 203 32 5 2 1 1 1 1 1 1 1 1 1 1 0 0 0 0 0 0 0 0 0 0 0 0 0 0 0 0 0 0 0 0 0 0 0 5 116 12 9 21 24 3 3 35 246 255 255 255 255 255 255 255 255 255 255 255 255 255 255 255 248 94 11 3 2 2 1 1 1 2 3 3 3 2 2 22 21 15 21 34 40 34 3 1 1 1 1 1 1 1 1 1 2 5 89 245 254 255 254 170 1 1 1 1 3 241 255 249 24 1 1 1 1 0 0 0 0 0 0 0 0 1 1 1 1 0 0 0 0 0 0 0 0 0 0 0 0 0 0 0 0 0 0 0 0 0 0 0 0 0 255 255 1 0 0 0 0 0 0 0 0 0 0 0 0 0 0 0 0 0 0 0 0 0 0 1 252 255 55 1 0 0 0 0 0 0 1 1 3 190 255 255 255 255 205 53 0 0 0 1 239 252 255 0 0 0 1 0 0 0 1 5 186 194 60 2 1 1 1 2 124 1 1 1 1 0 0 0 3 201 0 1 1 0 0 1 1 0 0 0 0 0 0 0 1 1 0 1 1 249 1 0 0 1 1 1 1 1 1 1 1 1 1 1 0 0 20 104 1 0 1 0 0 1 0 1 1 1 1 0 1 1 1 1 1 1 1 0 1 1 2 33 63 0 0 0 1 1 1 1 4 4 3 0 0 0 0 0 0 0 0 0 0 2 150 6 0 0 0 0 0 0 0 0 0 0 0 0 0 0 19 252 14 0 0 0 0 0 0 0 0 0 0 0 0 0 0 0 0 0 0 0 0 0 0 0 0 0 0 0 0 0 0 0 0 3 243 249 0
3 252 78 1 0 0 0 0 0 0 0 0 0 0 1 1 0 0 0 0 0 1 1 0 0 0 0 0 0 0 0 0 0 70 7 1 255 251 1 0 0 0 0 0 1 255 139 0 0 1 0 1 1 255 255 1 1 0 0 0 1 1 1 0 0 0 0 1 248 1 0 0 0 0 0 0 0 0 0 0 0 0 0 0 1 2 255 1 1 0 0 0 0 0 1 1 0 0 0 0 0 1 1 1 26 255 243 1 1 0 0 0 0 0 0 0 0 0 0 0 0 0 0 1 0 0 1 1 1 1 1 8 164 222 222 121 76 7 3 1 1 1 1 1 0 0 0 1 1 1 1 0 1 1 0 0 0 0 0 0 0 0 0 0 0 0 0 0 0 0 0 0 0 0 0 0 0 1 123 68 27 8 203 255 255 255 255 255 255 248 43 9 5 4 5 7 11 21 48 152 252 255 255 255 255 255 255 255 255 255 255 255 255 255 255 255 255 255 255 255 255 255 194 11 3 30 49 47 18 2 1 1 1 1 1 1 1 1 1 1 3 28 252 161 1 2 130 255 255 8 1 182 2 1 1 0 0 0 0 0 0 0 1 1 1 1 1 1 0 0 0 0 0 0 0 0 0 0 0 0 0 0 0 0 0 0 0 0 0 0 0 0 1 255 1 0 0 0 0 0 0 0 0 0 0 0 0 0 0 0 0 0 0 0 0 0 0 0 0 1 159 255 252 2 1 0 0 0 0 0 0 0 0 0 0 0 2 252 255 252 231 193 252 176 1 253 0 0 0 1 0 0 0 1 2 9 2 231 136 134 132 127 114 181 179 25 1 1 1 0 0 1 206 1 1 1 0 0 0 1 0 0 0 0 0 0 0 1 0 0 1 1 249 1 1 1 1 1 1 1 3 8 15 16 7 2 1 1 2 31 100 1 0 1 0 1 1 4 16 25 30 21 5 2 1 1 1 3 1 1 0 1 1 12 66 10 1 1 1 1 1 1 3 2 9 0 0 0 0 0 0 0 0 0 0 0 0 12 140 1 0 0 0 0 0 0 0 0 0 0 0 0 17 252 15 0 0 0 0 0 0 0 0 0 0 0 0 0 0 0 0 0 0 0 0 0 0 0 0 0 0 0 0 0 0 0 0 206 255 255 237 1
