9 1 1 0 1 0 1 2 1 1 3 0 0 0 1 3 3 1 0 0 0 0 1 1 1 229 247 1 1 1 0 0 0 0 0 0 0 0 0 0 0 0 0 0 0 0 1 0 1 1 1 1 0 0 0 0 0 0 0 0 0 0 0 0 1 0 0 0 1 1 1 2 1 0 0 0 0 0 1 5 1 0 0 0 1 44 111 120 1 0 1 1 34 93 100 101 101 100 92 67 44 24 10 5 3 2 1 1 3 24 1 1 39 245 1 1 0 0 0 0 45 144 0 0 0 1 29 1 1 0 0 0 0 1 25 1 1 1 0 0 0 1 8 4 1 0 0 0 1 10 0 0 0 0 1 20 1 0 0 0 0 0 1 0 0 0 0 0 1 1 8 14 3 1 0 0 0 165 35 1 0 0 0 0 0 0 0 0 0 0 0 1 1 1 1 92 171 114 2 1 1 1 1 0 0 0 0 0 0 0 0 1 4 15 1 0 0 0 0 0 0 0 0 0 0 0 0 0 0 0 0 0 0 0 0 0 0 0 1 1 1 0 1 120 1 0 0 0 1 0 0 0 0 0 0 0 0 0 0 0 0 0 1 15 79 16 1 1 1 1 1 1 0 1 78 1 1 1 1 0 0 1 0 1 1 1 1 0 0 0 0 0 1 1 1 2 6 21 83 196 206 203 198 203 213 224 198 203 209 211 211 210 210 208 205 180 131 2 1 1 13 2 7 1 1 1 1 1 39 1 1 1 1 1 1 0 0 0 1 1 1 1 1 155 177 16 4 1 1 1 1 1 1 1 2 223 246 253 42 1 1 1 1 1 3 6 8 9 9 9 8 7 4 2 1 1 8 33 1 1 1 1 1 1 2 1 1 1 1 1 0 0 1 1 0 1 1 6 2 1 58 27 1 1 1 1 1 1 0 0 1 1 1 1 1 1 1 171 3 1 1 1 1 1 1 1 1 2 6 35 133 193 212 214 214 214 214 210 202 212 214 225 7 1 1 1 1 1 1 1 0 1 0 0 0 0 0 1 1 7 2 1 106 105 1 1 1 1 46 9 1 1 1 74 2 1 1 0 1 1 0 1 1 2 3 68 112 2 1 1 1 1 98 73 1 1 1 1 94 3 2 8 203 53 46 18 1 1 1 1 1 4
16 9 1 1 1 0 0 2 1 1 3 0 0 1 3 1 1 0 0 0 0 0 1 1 7 254 117 1 1 0 0 0 0 0 0 0 0 0 0 0 0 0 0 0 0 1 0 0 1 1 0 1 1 0 0 0 0 0 0 0 0 0 0 0 1 1 1 1 1 2 3 1 1 1 1 0 0 0 4 1 0 0 1 0 27 3 1 172 1 0 0 0 0 1 1 0 0 1 1 7 19 42 64 80 86 94 97 100 99 135 134 15 246 16 1 0 0 0 1 0 4 177 0 0 0 1 36 1 0 0 0 0 0 0 19 1 1 1 1 0 0 9 3 0 0 0 0 0 5 3 0 0 1 1 19 1 0 0 0 0 0 1 1 0 0 0 0 0 1 1 1 1 5 15 16 16 62 159 1 0 0 0 0 0 0 0 0 0 0 0 0 0 1 1 1 1 1 105 177 81 1 1 1 1 0 0 0 0 0 0 0 1 1 6 12 1 0 0 0 0 0 0 0 0 0 0 0 0 0 0 0 0 0 0 0 0 1 1 1 1 0 0 1 121 1 1 0 0 1 1 0 0 0 0 0 0 0 0 0 0 1 11 110 81 17 35 26 3 1 1 0 0 0 7 48 1 1 1 1 1 1 1 0 0 0 0 1 1 1 0 0 1 1 1 1 1 8 207 209 131 94 90 100 68 23 157 2 1 1 1 0 0 0 0 0 1 31 1 0 2 5 1 1 6 1 0 1 1 39 1 1 1 1 1 0 0 0 1 1 1 1 9 176 125 1 1 10 1 1 0 1 1 1 1 122 101 204 232 253 72 11 8 7 6 3 1 1 1 1 1 1 1 1 1 1 1 1 2 32 1 1 1 2 1 1 1 1 0 0 1 1 1 1 1 1 1 6 2 1 1 101 3 1 1 1 0 0 1 0 0 1 1 0 0 1 1 2 174 1 1 1 1 1 1 1 1 1 1 1 1 1 1 1 1 1 1 1 4 102 215 169 244 1 1 1 0 1 1 1 1 0 1 0 0 0 0 0 1 1 5 1 47 157 1 1 1 1 1 73 1 1 0 1 72 2 1 1 1 1 1 1 1 8 38 93 144 3 1 1 1 1 1 156 4 1 0 1 1 16 59 1 171 55 1 1 1 0 0 0 0 1 1
1 3 14 16 3 1 1 2 1 1 2 0 1 3 1 1 0 0 0 1 1 1 1 2 232 247 1 1 0 0 0 0 0 0 0 0 0 0 0 0 0 0 0 0 0 0 0 0 1 1 0 1 1 0 0 0 0 0 0 0 0 0 0 0 0 1 1 1 1 1 1 1 1 1 2 2 2 1 4 0 0 1 2 14 24 1 0 135 33 0 0 0 1 1 1 0 0 1 0 1 1 1 1 1 1 1 0 1 1 1 6 246 199 2 1 0 0 1 1 0 1 182 0 0 0 0 7 11 0 0 0 0 0 0 1 22 1 1 1 0 5 5 1 0 0 0 0 0 10 1 0 1 1 11 2 0 0 0 0 0 0 1 1 0 0 0 0 1 1 1 0 0 1 1 0 1 187 3 1 0 0 0 0 0 0 0 0 0 0 0 0 0 0 0 1 1 1 0 3 135 162 32 1 1 1 0 0 0 0 0 1 1 0 1 7 8 1 0 0 0 0 0 0 0 0 0 0 0 0 0 0 0 0 0 1 1 1 0 0 0 0 0 0 52 43 1 0 0 0 1 1 0 0 0 0 0 0 1 1 8 110 86 2 1 1 1 2 21 34 14 1 1 1 64 3 1 1 1 1 1 1 1 1 0 0 0 0 1 1 0 0 1 1 1 1 130 216 47 1 7 1 0 0 0 1 143 1 1 1 1 0 0 1 0 0 1 31 1 0 12 1 1 1 1 6 1 0 1 33 1 1 1 1 1 0 0 1 1 1 1 44 163 109 2 1 1 10 1 1 1 1 1 31 145 17 1 1 203 232 253 43 1 1 1 1 1 1 1 1 0 0 0 0 0 1 1 1 1 2 32 2 2 1 1 0 0 1 1 1 1 0 0 0 1 1 6 2 1 1 1 109 1 1 0 1 1 1 1 1 0 0 1 0 1 1 1 93 112 1 1 1 0 0 0 0 0 0 0 1 1 0 0 0 1 0 1 1 41 54 182 198 238 177 11 1 1 1 1 1 1 1 1 0 0 0 0 0 0 1 6 3 170 10 2 1 1 1 1 71 1 0 1 1 70 3 1 1 1 1 1 1 29 19 49 71 30 1 1 1 1 1 1 163 1 1 1 1 1 2 79 19 190 1 1 0 0 0 0 1 1 1 0
1 1 1 2 16 29 16 2 1 1 2 1 3 1 1 0 0 1 1 1 1 1 4 235 250 3 1 1 0 0 0 0 0 0 0 0 0 0 0 0 0 0 0 0 0 0 0 1 1 0 0 0 1 0 0 0 0 0 0 0 0 0 1 1 1 1 2 1 1 1 0 0 0 0 0 0 1 3 8 3 3 43 36 8 1 1 1 90 91 2 0 1 1 0 1 1 1 1 1 1 1 0 0 1 1 0 0 1 1 1 216 199 4 104 11 1 1 1 0 0 1 184 0 0 0 0 1 37 0 0 0 0 0 1 1 25 1 1 0 2 9 1 0 0 0 0 0 0 11 1 1 1 1 16 0 0 0 0 0 0 0 1 1 0 0 0 0 1 1 1 0 1 1 0 0 148 22 1 3 2 1 0 0 0 0 0 0 0 0 0 0 0 0 0 0 0 1 1 1 1 25 161 123 3 1 1 0 0 0 1 1 0 0 0 1 17 3 0 0 0 0 0 0 0 0 0 0 0 0 0 0 0 1 1 1 1 0 0 0 0 0 0 1 1 88 33 1 1 1 0 1 0 0 0 0 1 1 6 110 94 3 1 1 1 1 1 1 1 1 5 32 31 12 73 1 1 0 1 1 1 0 1 1 0 0 0 1 1 1 0 1 1 1 1 170 177 1 1 1 9 0 0 0 1 1 144 2 0 0 1 1 1 1 1 1 1 30 1 1 12 1 1 1 1 1 6 1 1 4 20 1 1 1 1 0 1 1 1 2 92 64 149 2 1 1 1 9 1 1 1 1 109 112 1 1 1 1 1 204 232 253 42 1 1 1 1 1 1 1 1 0 0 0 0 0 1 1 1 1 5 33 1 1 1 1 1 1 0 0 0 0 0 1 1 5 2 1 1 1 1 111 1 1 0 0 0 0 0 1 1 1 1 1 1 1 2 169 4 1 1 1 1 0 0 0 0 0 1 1 1 1 0 0 1 1 3 74 20 1 29 232 203 7 176 136 1 1 1 1 1 1 0 0 0 0 0 0 1 1 9 153 30 1 2 3 1 1 24 27 1 0 1 1 65 4 1 2 3 12 34 39 5 53 53 1 27 1 1 1 1 1 3 156 1 1 1 1 1 2 8 210 16 1 1 0 0 0 1 1 0 0 1
35 43 47 47 47 45 51 67 65 9 1 2 2 1 1 1 1 1 0 1 1 25 251 246 2 1 0 1 0 0 0 0 0 0 0 0 0 0 0 0 0 0 0 0 0 0 1 1 0 0 0 0 1 0 0 0 0 0 0 0 0 1 1 1 1 1 1 1 0 0 0 0 0 0 0 0 0 0 1 11 37 1 1 1 0 1 1 88 1 92 1 0 0 0 1 1 0 0 1 1 1 0 0 0 1 0 1 1 1 167 230 1 1 1 79 48 1 1 0 0 1 184 0 0 0 0 1 36 1 0 0 0 0 0 0 7 6 0 1 18 1 0 0 0 0 0 0 1 8 1 2 2 22 1 0 0 0 0 0 0 0 1 0 0 0 0 0 1 1 1 0 1 0 0 35 138 1 0 1 1 3 3 1 0 0 0 0 0 0 0 0 0 0 0 0 0 0 1 1 1 1 1 92 164 36 1 1 1 1 1 0 0 0 0 0 1 25 1 0 0 0 0 0 0 0 0 0 1 1 1 1 1 1 1 0 1 1 1 0 0 1 1 1 1 2 37 87 67 3 1 1 1 1 1 1 5 108 98 3 1 1 1 1 1 1 1 1 1 1 1 1 1 70 64 5 1 1 1 1 0 0 1 1 0 0 0 1 1 1 1 1 1 1 188 140 1 1 0 1 8 0 0 0 0 0 110 45 1 1 1 1 1 1 1 1 2 36 0 1 3 6 1 1 1 1 1 7 1 1 42 1 1 1 1 1 1 1 17 100 5 129 26 1 1 1 1 5 1 1 17 141 36 1 1 1 0 1 1 1 204 232 253 43 1 1 1 1 1 1 1 1 1 1 1 1 1 1 1 1 1 4 17 1 1 1 0 0 0 0 0 0 1 1 5 2 1 1 0 1 1 111 1 0 0 1 0 0 0 0 0 1 1 1 1 1 2 172 1 1 1 1 1 0 0 0 0 1 1 0 1 1 0 0 1 22 72 3 1 1 2 219 229 2 1 80 182 43 2 1 1 1 0 0 0 0 0 0 1 1 133 93 1 1 1 1 6 1 68 2 1 1 0 1 59 17 37 33 29 13 2 1 71 36 1 1 27 1 1 1 1 1 81 97 1 1 1 2 2 1 41 207 2 1 1 0 0 0 0 0 1 1 1
24 27 27 27 25 22 21 19 24 138 2 2 1 0 1 0 1 1 1 8 176 254 213 1 1 1 1 1 0 0 0 0 0 0 0 0 0 0 0 0 0 0 0 0 0 0 1 1 0 0 0 0 0 0 0 0 1 1 1 1 1 1 1 1 1 1 1 0 0 0 0 0 0 0 0 0 1 1 7 60 2 1 1 1 0 1 1 83 1 2 89 1 0 0 0 1 1 1 1 0 1 1 1 1 1 1 1 1 45 242 1 0 1 1 1 34 95 1 1 0 1 184 1 0 0 0 0 6 13 0 0 0 0 0 0 1 24 1 10 2 1 0 0 0 0 0 0 4 2 0 0 1 10 0 0 0 0 0 0 0 0 1 0 0 0 0 1 1 1 0 0 1 1 1 175 1 1 0 0 0 0 1 2 3 1 0 0 0 0 0 0 0 0 0 0 0 0 0 1 1 1 1 1 12 155 79 1 1 1 0 0 0 0 0 0 0 1 28 1 0 0 0 0 0 0 0 1 1 1 0 0 0 0 0 1 1 0 1 1 0 1 1 1 0 1 5 1 10 153 158 140 94 95 133 150 103 3 1 1 1 1 0 0 0 1 0 1 1 0 0 0 1 29 7 2 6 6 2 1 1 1 1 0 0 0 0 1 1 1 1 1 20 210 105 1 1 1 1 5 2 0 0 0 0 0 36 111 1 1 1 1 1 1 1 1 1 38 0 1 1 14 1 0 1 1 1 2 10 2 32 3 1 1 1 1 1 74 68 1 3 149 1 1 1 1 1 4 2 87 123 2 1 1 1 0 0 1 1 1 1 204 231 253 40 1 1 1 1 1 1 0 0 0 1 1 1 1 1 1 2 2 1 17 1 1 1 0 0 0 0 1 1 6 2 1 1 0 1 1 1 109 1 0 0 1 0 0 0 0 0 1 1 1 1 1 62 126 1 1 0 0 1 1 1 1 1 1 0 0 1 1 1 1 58 41 1 1 1 1 1 102 247 47 1 1 2 158 155 3 1 1 1 0 0 0 0 1 1 50 157 1 1 1 1 6 17 33 92 1 1 1 0 1 55 60 3 1 1 1 2 87 18 1 1 1 27 1 1 1 1 1 150 6 1 1 2 1 1 1 194 13 51 1 1 0 0 0 1 1 1 1 8
5 2 1 1 1 1 1 1 1 127 3 1 0 1 1 1 1 10 207 254 253 77 1 1 0 1 1 0 0 0 0 0 0 0 0 0 0 0 0 0 0 0 0 0 0 0 1 0 0 0 0 0 0 0 0 0 1 1 1 1 1 1 1 1 1 1 1 1 0 0 0 0 0 0 1 2 14 17 15 3 1 1 1 0 0 1 1 71 1 0 2 89 1 0 0 0 1 1 0 0 0 0 1 1 0 1 1 4 244 10 1 1 1 1 1 1 5 109 2 1 1 184 1 0 0 0 0 1 36 0 0 0 0 0 0 0 4 16 15 1 1 1 1 0 0 0 1 8 0 0 1 14 1 0 0 0 0 0 0 0 1 1 0 0 0 0 1 1 1 0 0 1 1 149 20 1 0 0 0 0 0 0 0 1 2 3 1 0 0 0 0 0 0 0 0 0 0 0 0 1 1 1 0 0 1 135 80 1 1 1 1 0 0 0 0 0 1 2 18 1 0 0 0 0 0 0 1 1 0 0 0 0 0 0 1 1 0 1 0 0 0 1 0 1 1 5 25 91 7 1 11 64 62 19 40 2 1 1 1 0 0 0 0 0 1 1 1 1 1 1 1 1 42 1 0 0 1 4 7 5 2 1 1 1 0 1 1 1 1 2 186 225 54 1 0 0 1 1 7 0 0 0 0 0 0 1 152 0 0 0 0 0 0 1 1 1 37 0 1 1 13 1 1 1 1 1 3 3 9 3 34 1 1 1 7 103 15 1 1 131 25 1 1 1 1 1 24 134 59 1 1 1 1 0 0 0 0 1 1 1 1 205 231 253 41 1 1 1 1 1 1 1 1 1 1 1 1 1 1 3 1 1 1 17 1 1 1 0 0 1 1 6 2 1 1 0 1 1 1 4 96 1 0 0 1 1 0 0 0 1 1 1 1 1 1 165 6 1 1 1 0 1 1 0 1 1 1 1 1 1 1 8 75 9 1 1 1 1 1 1 21 248 107 1 1 1 1 49 181 85 1 1 1 1 1 1 1 4 170 14 1 1 1 3 10 1 6 114 16 1 1 1 1 50 55 5 1 1 2 94 6 1 1 1 1 27 1 1 1 1 1 160 1 1 2 1 1 1 74 156 1 60 2 1 0 0 1 1 1 1 10 101
1 1 1 1 1 1 0 1 6 107 1 1 1 1 1 11 243 255 251 79 1 1 1 0 1 1 0 0 0 0 0 0 0 0 0 0 0 0 0 0 0 0 0 0 0 0 1 1 1 0 0 0 0 0 0 1 1 1 1 2 2 2 2 1 1 0 0 0 1 0 0 0 0 1 12 12 1 3 6 1 0 2 1 0 0 0 1 69 0 0 0 2 89 1 0 0 1 1 1 1 0 1 1 0 1 1 1 238 112 1 0 1 1 1 1 0 1 1 105 5 1 184 1 0 0 0 0 1 37 0 0 0 0 0 0 0 1 88 6 6 7 6 3 1 1 1 4 2 0 0 6 3 0 0 0 0 0 0 0 0 1 0 0 0 0 0 1 0 1 0 0 1 36 137 1 0 0 0 0 0 0 0 0 0 1 1 2 2 1 0 0 0 0 0 0 0 0 0 0 0 1 1 1 0 1 1 152 40 0 1 1 1 0 0 0 0 0 1 5 23 1 0 0 0 0 0 1 1 1 1 1 1 0 0 0 1 1 1 0 0 0 1 1 1 1 3 108 1 1 1 0 1 1 1 4 20 1 1 0 0 0 0 0 0 0 0 0 0 0 1 1 1 34 1 0 0 0 0 1 1 4 5 3 1 1 1 1 1 165 227 143 2 10 28 28 9 1 9 1 1 1 1 1 1 1 1 156 0 0 0 0 0 0 1 0 1 37 0 0 1 11 1 1 1 1 4 1 1 1 9 37 3 1 18 93 2 1 1 47 111 1 1 1 1 1 84 145 6 1 1 1 1 1 0 0 0 0 1 1 1 1 1 206 231 253 39 1 1 1 1 1 1 1 1 1 1 1 1 1 4 1 1 1 1 17 1 1 1 1 1 6 2 1 1 0 0 1 1 1 28 56 1 0 0 0 1 0 0 0 1 1 1 1 1 1 172 1 1 0 0 0 0 1 1 1 0 0 0 0 1 40 59 1 1 1 1 1 1 0 1 2 230 217 1 1 1 1 1 1 131 174 10 1 1 1 1 1 159 17 9 1 1 1 18 1 1 61 8 13 31 1 1 1 44 25 32 1 3 95 4 1 1 1 0 1 28 1 1 1 1 2 161 1 1 1 1 1 1 196 2 2 40 46 1 1 1 1 1 1 154 251 251
13 9 2 1 1 1 1 1 124 2 1 1 1 1 245 255 240 4 1 1 1 0 0 1 1 0 0 0 0 0 0 0 0 0 0 0 0 0 0 0 0 0 0 0 0 1 1 0 0 0 0 0 0 0 1 2 1 1 1 1 1 1 1 1 0 0 0 0 1 0 0 0 1 15 2 1 1 12 1 1 0 1 2 1 0 0 1 69 1 0 0 0 3 81 1 1 1 1 0 1 1 1 0 1 1 1 216 196 1 1 0 0 1 0 1 1 0 1 1 98 8 182 1 1 1 1 0 1 39 1 1 1 2 2 1 1 1 73 1 1 1 1 2 6 6 1 8 0 0 1 11 0 0 0 0 0 0 0 0 1 1 0 0 0 0 1 1 0 1 0 0 1 175 1 1 0 0 0 0 0 0 0 0 0 0 0 1 1 3 1 0 0 0 0 0 0 0 0 0 0 0 1 1 0 0 1 17 165 1 0 1 1 1 1 0 0 0 0 0 1 23 21 1 1 0 0 0 1 1 1 1 1 1 1 1 1 1 1 0 0 0 1 1 1 1 16 80 0 0 1 0 0 0 1 1 50 2 1 0 0 0 0 1 1 1 1 0 0 0 1 1 17 6 1 0 0 0 0 1 1 1 1 2 4 5 10 185 227 171 2 1 1 1 1 1 5 47 70 62 62 58 56 53 45 21 5 159 1 2 2 3 5 5 6 6 7 37 0 0 1 10 2 1 1 3 1 1 0 1 1 12 46 1 78 14 1 1 1 150 4 1 1 1 5 145 87 1 1 1 0 1 0 0 0 0 0 0 0 1 1 1 1 1 206 231 253 32 1 1 1 1 1 1 1 0 0 0 1 1 4 1 1 1 1 1 17 1 1 1 5 2 1 1 0 0 0 0 1 1 82 9 1 0 0 0 1 1 0 0 1 1 1 1 1 41 141 1 1 0 0 0 0 1 1 0 0 0 1 3 70 22 1 1 1 1 1 1 1 0 1 1 96 248 29 1 1 1 1 1 1 11 175 114 1 1 1 125 72 1 16 19 19 16 1 1 1 87 1 1 4 43 2 1 32 32 36 7 95 2 1 1 1 1 1 1 27 1 1 1 1 10 147 1 1 1 1 1 101 144 25 30 1 13 10 1 1 1 17 250 250 54 1
1 2 9 12 1 1 1 10 64 72 1 1 1 251 237 1 1 1 0 0 0 0 1 1 0 0 0 0 0 0 0 0 0 0 0 0 0 0 0 0 0 0 0 0 1 1 0 0 0 0 0 0 0 1 2 1 1 1 1 1 1 1 0 0 0 0 0 0 1 0 0 0 3 11 1 1 7 2 1 0 0 0 2 1 0 0 1 69 1 0 0 0 0 32 30 1 0 0 0 0 1 0 1 1 1 163 229 1 0 1 1 0 1 1 1 1 0 1 1 6 101 197 2 0 0 1 1 0 37 3 2 1 1 1 0 0 0 12 26 1 1 0 0 0 1 7 27 1 1 14 1 0 0 0 0 0 0 0 0 1 0 0 0 0 0 1 1 1 1 0 1 148 22 1 0 0 0 0 0 0 0 0 0 0 0 0 0 0 1 2 1 0 0 0 0 0 0 0 0 0 0 1 1 1 0 1 1 133 75 0 0 0 1 1 1 0 0 0 0 0 1 1 28 10 1 0 0 1 1 1 1 1 1 1 1 1 1 1 0 0 0 1 1 1 1 71 23 0 0 0 0 0 0 0 1 55 1 1 0 0 0 0 1 1 0 1 1 1 1 0 1 44 1 1 0 0 0 1 1 0 1 1 1 59 220 227 157 7 2 1 1 1 1 0 1 1 5 1 1 1 1 1 1 2 8 28 188 4 3 3 2 1 1 1 1 19 7 0 1 4 3 1 4 4 1 1 1 1 1 1 4 96 6 2 104 1 1 2 154 1 1 1 56 152 12 1 1 0 0 0 1 0 0 0 0 0 0 0 1 1 1 1 1 1 207 233 253 30 1 1 1 1 1 1 1 0 0 0 1 4 1 1 0 1 1 1 16 1 5 2 1 1 0 0 0 0 0 1 1 105 2 1 0 0 0 0 1 0 0 1 1 1 1 1 160 10 1 1 0 0 0 1 1 1 1 0 1 20 69 4 1 1 1 1 1 1 1 1 1 1 1 23 247 114 1 1 1 1 0 1 1 1 105 176 18 62 132 1 1 42 1 1 1 1 1 1 81 1 1 1 1 41 5 21 78 51 87 1 1 1 1 1 1 0 1 26 1 1 1 1 105 61 1 1 1 1 2 207 54 5 1 1 1 41 4 2 218 251 169 1 1 13
0 1 1 1 11 14 11 1 1 14 115 4 251 218 1 1 0 0 0 0 0 1 1 0 0 0 0 0 0 0 0 0 0 0 0 0 0 0 0 0 0 0 0 0 0 0 0 0 0 0 0 0 1 1 1 1 0 0 0 0 0 0 0 0 0 0 0 0 1 0 0 0 17 1 1 4 4 1 1 0 0 0 1 1 1 0 0 68 1 0 0 0 0 1 102 1 0 0 0 0 0 1 1 1 45 242 1 0 0 1 1 0 0 1 1 0 1 9 14 5 10 202 129 1 0 0 1 1 35 1 1 1 1 0 1 0 0 1 73 1 1 0 0 0 0 17 7 16 14 3 0 0 0 0 0 0 0 0 1 1 0 0 0 0 0 1 0 1 0 0 81 102 1 0 0 0 0 0 0 0 0 0 0 0 0 0 0 0 0 0 1 3 1 0 0 0 0 0 0 0 0 0 1 1 0 0 1 20 164 0 0 0 0 0 1 1 1 0 0 0 0 0 1 6 27 4 1 1 1 0 1 1 1 1 1 1 1 1 1 0 0 0 1 1 1 115 2 0 0 0 0 0 0 0 1 43 3 1 0 0 0 0 0 0 0 0 0 0 1 1 1 42 1 1 1 1 1 1 1 1 1 135 229 218 48 1 1 2 4 6 3 2 1 1 1 7 1 1 1 1 1 0 0 0 0 1 183 1 0 0 0 0 0 0 1 48 1 1 7 4 1 5 1 1 1 1 1 1 1 15 18 3 99 2 40 55 1 69 91 1 2 132 114 1 1 1 0 0 0 1 1 0 0 0 0 0 0 0 0 1 1 1 1 1 1 210 231 253 42 1 1 1 1 1 1 1 0 0 1 4 1 1 0 0 1 1 1 37 4 1 1 1 0 0 0 0 1 1 1 110 1 0 0 0 0 0 1 0 0 0 0 1 1 1 173 1 1 0 0 0 1 1 0 1 1 1 55 42 1 1 1 1 1 1 0 0 1 0 0 0 1 3 234 210 1 1 1 1 1 1 0 1 1 6 180 183 1 1 1 41 1 1 1 1 1 32 28 1 1 1 1 1 27 49 156 72 1 1 1 1 0 1 0 0 1 20 1 1 1 1 153 2 1 1 1 8 171 146 1 1 1 1 1 1 108 251 247 5 1 16 30 6
1 1 1 0 1 1 1 1 1 1 1 247 246 1 1 0 0 0 0 1 1 1 0 0 0 0 0 0 0 0 0 0 0 0 1 0 0 0 0 0 1 0 0 0 0 0 1 1 0 0 0 1 1 2 1 0 0 0 0 0 0 0 0 0 0 0 0 0 1 0 0 1 20 1 4 4 1 1 0 0 0 0 1 2 1 0 0 67 1 0 0 0 0 0 51 15 0 0 0 0 1 1 1 4 244 9 1 0 1 1 1 1 0 0 0 1 10 2 0 0 0 1 197 155 1 1 0 0 9 10 1 1 0 0 1 0 0 0 58 2 1 0 0 0 1 24 1 1 2 0 0 0 0 0 0 0 0 1 1 0 0 0 0 0 1 1 0 0 0 5 165 1 0 0 0 0 0 0 0 0 0 0 0 0 0 0 0 0 0 0 0 1 3 1 0 0 0 0 0 0 0 0 0 1 1 0 1 1 162 21 0 0 0 0 1 1 1 1 1 0 0 0 0 0 1 14 17 1 1 0 0 1 1 1 1 0 0 1 1 1 0 0 0 0 1 119 1 0 0 0 0 0 0 0 0 2 51 1 0 0 0 0 0 0 0 0 0 0 0 1 12 8 1 1 1 1 1 1 1 55 228 198 2 1 1 1 1 1 1 1 3 5 5 2 5 2 1 0 1 0 0 0 0 0 0 2 160 13 0 0 0 0 0 0 2 49 5 9 2 1 4 1 1 1 1 1 1 2 29 4 1 1 3 98 1 58 50 154 3 33 155 30 1 1 0 0 0 0 0 1 0 0 0 0 0 0 0 0 0 0 0 1 1 1 1 3 210 233 253 38 1 1 1 1 1 1 1 0 1 4 1 1 1 1 1 1 5 4 16 1 1 1 1 0 0 0 1 1 1 112 1 0 0 0 0 0 1 1 0 0 0 0 1 30 149 1 1 0 0 1 1 0 0 1 9 74 10 1 0 1 1 1 1 0 0 0 1 0 1 1 1 1 119 247 18 1 1 1 1 1 1 1 1 1 161 69 51 5 1 40 1 1 1 0 1 83 1 1 0 0 0 1 1 115 174 1 1 1 0 0 0 1 0 0 1 3 14 1 1 1 157 1 2 2 63 98 203 1 1 1 1 1 3 230 251 153 16 13 31 4 1 1
0 1 1 1 1 0 1 1 1 1 177 253 63 1 0 0 0 1 1 1 0 0 0 0 0 0 0 0 0 0 0 0 0 0 1 0 0 0 0 0 1 1 0 0 0 0 1 1 1 1 1 1 1 1 0 0 0 0 0 0 0 0 0 0 0 0 0 0 1 1 0 1 21 1 9 2 1 0 0 0 0 0 0 1 2 1 0 67 1 0 0 0 0 0 1 100 1 0 0 1 1 1 1 238 115 1 1 1 1 1 0 1 0 0 1 8 4 2 1 1 0 0 1 247 237 174 2 2 9 30 1 0 0 1 1 0 0 0 2 58 1 0 0 0 1 20 0 0 1 1 0 0 0 0 0 0 0 1 0 0 0 0 0 0 1 1 0 0 1 169 2 1 0 0 0 0 0 0 0 0 0 0 0 0 0 0 0 0 0 0 0 0 1 2 1 0 0 0 0 0 0 0 0 1 1 0 1 1 94 116 0 0 0 0 0 1 1 1 1 1 1 0 0 0 0 1 3 34 2 1 1 1 1 1 1 1 0 1 1 0 0 0 0 1 3 107 1 0 0 0 0 0 0 0 0 1 48 2 1 0 0 0 0 0 0 0 0 0 0 1 41 1 0 0 0 1 1 6 213 220 6 1 1 1 1 1 1 1 0 0 1 1 2 8 6 1 1 1 1 0 0 0 0 0 1 2 67 118 1 1 1 1 1 1 21 17 15 1 3 3 1 1 1 1 1 1 9 31 1 1 1 1 1 10 89 1 96 191 142 132 2 1 1 0 0 0 0 0 1 1 0 0 0 0 0 0 0 0 0 0 0 1 1 1 1 1 3 207 233 253 40 1 1 1 1 1 1 1 1 4 1 1 1 0 1 6 2 1 1 16 1 1 1 1 0 1 1 1 1 109 1 0 0 0 0 0 0 1 0 0 0 1 1 158 16 1 1 0 0 1 0 1 1 38 58 2 1 0 1 1 1 1 0 0 0 1 1 1 1 0 1 1 27 247 109 1 1 1 1 1 1 1 1 38 118 104 42 36 63 33 1 1 1 0 1 87 1 1 0 0 1 1 59 74 109 53 2 1 1 1 0 1 1 1 1 2 2 10 1 1 155 1 21 106 26 96 141 1 1 1 1 129 251 233 10 68 32 9 1 1 1 1
0 0 0 1 1 1 1 0 1 5 255 4 64 2 1 1 1 1 0 0 0 0 0 0 0 0 0 0 0 0 0 1 1 1 1 0 0 0 0 0 0 1 1 0 0 0 1 0 1 1 1 1 1 0 0 0 0 0 0 0 0 0 0 0 0 0 0 0 0 0 0 1 21 1 11 1 0 0 0 0 0 0 0 0 1 1 1 63 1 1 0 0 0 0 0 26 35 0 1 1 0 1 216 196 1 1 1 0 0 0 0 0 1 1 12 4 1 1 1 2 1 1 215 153 1 193 237 237 236 241 238 227 4 1 0 0 0 0 1 71 1 1 0 0 13 3 0 0 0 2 1 0 0 0 0 0 1 1 0 0 0 0 0 0 1 1 0 0 18 151 1 0 0 0 0 0 0 0 0 0 0 0 0 0 0 0 0 0 0 1 1 1 1 1 2 2 1 0 0 0 0 0 0 0 1 1 0 1 2 172 4 0 0 0 0 0 0 1 1 1 1 1 1 0 0 0 0 1 24 13 1 1 1 1 0 1 1 1 0 0 0 0 1 1 65 26 1 0 0 0 0 0 0 0 0 0 1 55 1 1 0 0 0 0 0 0 1 0 0 8 11 0 0 0 1 1 171 228 82 1 1 1 0 1 1 1 1 1 1 1 0 0 1 14 1 1 1 1 1 0 0 0 0 0 2 1 1 177 30 14 6 6 10 10 1 1 26 34 2 1 1 1 1 1 1 20 7 2 1 1 1 1 1 1 12 95 200 213 17 1 1 1 0 0 0 0 0 1 1 0 0 0 0 0 0 0 0 0 0 0 0 0 1 1 1 1 1 1 204 233 253 38 1 1 1 1 1 1 1 4 1 0 1 1 6 2 1 1 1 1 15 1 1 1 1 1 1 1 4 93 1 0 0 0 0 0 0 1 0 0 0 1 1 176 1 1 0 0 1 1 1 3 67 22 1 1 1 1 1 1 1 1 1 0 0 0 1 0 0 0 0 1 4 240 199 3 1 1 1 1 1 1 8 120 8 1 85 26 28 49 11 1 1 1 7 60 1 0 1 1 1 81 31 4 75 3 59 8 1 1 1 1 1 1 1 2 1 4 10 50 151 84 77 1 1 195 1 1 1 10 244 250 72 5 33 67 1 1 1 1 14 82
0 0 0 0 0 0 1 1 1 254 160 1 1 69 1 1 0 0 0 0 0 0 0 0 0 0 0 0 0 1 1 1 1 1 1 1 0 0 0 0 0 1 1 0 0 1 1 1 1 1 1 1 1 0 0 0 0 0 0 0 0 0 0 0 0 0 0 0 0 0 1 1 18 6 3 1 0 0 0 0 0 0 0 0 0 1 1 38 9 1 0 0 0 0 0 1 64 10 1 0 1 160 231 1 1 1 1 1 0 0 1 1 6 29 2 1 1 1 1 1 1 33 238 11 14 1 1 1 11 2 1 66 237 186 1 1 0 0 1 70 1 1 1 1 26 1 0 0 0 1 1 0 0 0 0 1 1 0 0 0 0 0 0 0 1 0 0 1 169 2 1 0 0 0 0 1 1 1 0 0 0 0 0 1 1 1 1 1 1 1 1 1 1 0 1 1 3 3 3 3 2 1 1 1 1 1 1 1 1 110 100 0 0 0 0 0 0 0 1 1 1 1 1 1 1 0 0 0 1 6 33 2 1 1 1 1 1 1 1 0 0 1 1 2 113 1 1 0 0 0 0 0 0 0 0 0 1 17 14 1 1 0 0 0 1 1 1 1 1 35 1 0 0 1 19 226 169 1 1 0 1 1 1 0 0 1 1 0 1 1 1 1 6 1 2 2 1 1 0 0 0 0 0 1 2 0 1 160 1 1 0 0 0 0 1 1 5 29 13 1 1 1 1 5 23 2 1 2 1 1 1 1 1 1 3 203 205 1 1 1 1 0 0 0 0 0 1 1 0 0 0 0 0 0 0 0 0 0 0 0 0 0 1 1 1 1 1 1 1 204 234 253 39 1 1 1 1 1 1 4 1 0 1 5 2 1 1 0 1 1 1 15 1 1 1 1 1 1 46 38 1 0 0 0 0 0 0 1 1 0 0 1 18 156 1 1 0 0 1 1 17 69 4 0 0 1 1 1 1 1 1 1 1 0 0 0 1 0 0 0 0 1 1 139 246 69 51 7 1 1 1 2 62 66 3 1 89 11 1 1 18 41 1 1 72 3 1 1 1 1 94 13 1 3 77 1 1 40 16 1 1 1 1 1 1 2 1 1 8 148 81 66 1 1 54 164 1 2 188 251 216 2 11 11 1 49 1 1 1 3 76 73
0 0 0 0 0 0 0 1 144 254 1 0 1 25 15 1 1 1 0 0 0 0 0 0 0 0 1 1 1 1 0 1 19 60 64 48 3 1 0 0 0 0 1 1 0 0 1 1 1 1 1 1 0 0 0 0 0 0 0 0 0 0 0 0 0 0 0 0 0 1 1 7 16 2 2 1 0 0 0 0 0 0 0 0 0 0 0 1 72 0 0 0 0 0 1 1 1 70 45 1 40 242 1 1 1 0 0 1 1 1 16 32 9 1 2 1 1 1 0 1 1 237 59 1 1 11 10 3 11 1 1 1 1 184 237 169 1 1 122 242 221 196 195 77 36 1 1 0 0 1 1 0 0 0 0 1 1 0 0 1 1 0 0 0 1 0 0 1 174 1 0 0 0 0 0 1 1 1 1 1 1 1 1 1 1 1 1 0 1 0 0 0 0 0 0 1 1 1 1 1 1 2 3 3 3 1 1 0 1 3 149 30 0 0 0 1 1 1 1 1 1 1 1 1 1 1 1 1 1 1 1 44 3 2 1 1 1 1 1 1 2 45 112 110 4 0 0 1 1 0 0 1 1 1 1 1 1 1 55 1 1 1 1 1 1 1 1 1 31 1 1 1 1 36 223 13 1 1 1 1 1 1 1 1 0 1 1 1 0 0 1 6 1 1 1 1 1 2 1 0 0 1 1 1 2 0 1 161 1 0 0 0 0 0 1 1 9 1 18 14 1 1 16 10 1 1 1 1 1 0 1 1 1 44 225 152 1 1 1 1 0 0 0 0 1 1 1 0 0 0 0 0 0 0 0 0 0 0 0 0 0 0 1 1 0 1 0 1 1 1 204 233 253 42 1 1 1 1 1 4 1 1 5 2 1 1 0 0 0 1 1 1 15 1 1 1 1 1 87 6 1 0 0 0 0 0 0 0 1 1 1 1 152 24 1 0 0 1 1 51 43 1 0 0 1 1 1 1 1 0 1 1 2 0 0 0 0 1 0 0 0 1 1 28 247 68 1 25 52 24 2 68 6 8 93 96 96 122 1 1 1 2 43 21 88 1 1 1 2 101 5 1 1 2 79 1 1 1 24 34 1 1 1 1 1 2 1 1 63 181 81 104 124 124 221 124 49 249 249 27 1 12 5 1 1 4 32 1 1 72 94 22
0 0 0 0 0 0 0 1 254 29 1 0 0 1 66 2 1 1 1 1 0 0 0 0 0 1 1 1 1 1 3 62 19 2 1 7 30 3 0 0 0 0 0 1 1 0 1 1 0 1 1 1 0 0 0 0 0 0 0 0 0 0 0 0 0 0 0 0 0 0 1 20 10 2 1 1 1 1 1 1 1 0 0 0 0 0 0 1 78 0 0 1 1 0 0 0 0 1 19 124 245 23 1 1 0 0 1 1 22 32 3 1 0 1 1 0 1 1 0 1 206 182 15 1 1 1 1 8 2 1 1 1 1 1 1 211 249 250 244 174 223 227 223 243 248 246 220 2 1 1 1 1 193 233 106 5 81 158 6 1 1 1 1 1 1 0 0 1 173 1 0 0 0 0 1 1 0 1 1 1 1 0 0 0 0 0 0 0 0 0 0 0 0 1 1 1 0 0 0 0 0 0 0 0 1 3 1 0 0 0 44 123 14 1 1 1 1 0 1 1 0 1 1 1 1 1 1 1 1 26 138 49 2 1 1 0 1 1 26 111 112 48 2 1 1 0 0 1 1 1 1 1 0 0 0 0 0 0 4 39 1 1 1 1 1 1 0 11 7 0 0 1 17 221 6 1 0 0 0 0 0 0 0 1 1 1 1 1 0 1 4 1 1 1 1 0 1 1 2 2 1 1 1 2 1 0 1 159 1 1 1 1 1 3 11 10 1 1 1 16 31 25 3 1 1 1 2 1 1 1 1 2 172 223 21 1 1 0 1 0 0 0 1 1 1 0 0 0 0 0 0 0 0 0 0 0 0 0 0 0 0 0 0 1 1 1 1 0 1 1 1 204 232 253 41 1 1 1 1 4 1 5 2 1 1 1 0 0 0 0 0 1 1 15 1 1 1 1 106 1 1 0 0 0 0 0 0 0 1 1 1 1 176 1 0 0 0 2 65 11 1 0 0 1 1 1 1 0 1 1 2 6 4 1 1 0 0 1 0 0 0 0 1 4 241 157 1 1 1 8 100 98 4 1 1 3 1 118 27 1 1 1 1 20 101 1 1 4 102 2 1 1 1 2 84 1 1 1 19 68 93 2 1 1 1 2 1 87 48 118 1 1 1 12 115 225 254 244 214 209 170 62 5 1 1 1 45 2 65 21 114 1
0 0 0 0 0 0 1 175 253 1 0 0 1 1 2 65 1 1 0 1 1 1 1 1 1 1 3 59 69 68 57 2 1 1 1 1 53 2 1 0 0 0 0 0 0 0 0 0 0 1 1 1 0 0 0 0 0 0 0 0 0 0 0 0 0 0 0 0 0 0 1 51 3 1 0 0 0 0 0 0 1 1 1 0 0 0 0 0 79 1 1 1 1 1 0 0 0 1 1 239 189 81 1 0 1 1 6 33 2 1 1 1 0 1 0 0 1 0 1 198 169 44 13 1 1 1 0 2 1 0 0 0 1 6 177 163 6 2 1 1 2 52 1 6 1 1 191 246 228 7 5 235 221 168 239 245 241 232 245 247 245 246 244 91 1 0 1 29 195 7 1 1 0 0 1 1 0 0 0 0 0 0 0 0 0 0 0 0 0 0 0 0 1 1 1 0 0 0 0 0 0 0 0 0 1 2 1 1 0 0 1 58 125 53 1 0 0 0 0 1 1 1 0 1 1 1 1 1 1 151 56 156 122 78 42 61 110 120 74 2 1 1 1 0 0 0 0 1 1 1 1 1 0 1 0 0 0 0 1 57 1 1 1 1 1 1 2 25 1 1 0 7 220 24 1 0 0 0 1 1 0 1 1 1 1 1 1 1 1 4 1 1 0 0 0 0 0 0 1 1 1 1 2 3 0 0 1 138 22 1 0 0 1 7 1 1 1 1 1 14 51 18 1 1 1 2 1 1 1 1 21 222 179 2 1 1 1 1 1 1 1 1 1 0 0 0 0 0 0 0 0 0 0 0 0 0 0 0 0 0 0 0 0 1 0 0 1 1 0 1 1 1 203 232 253 37 1 1 1 4 6 2 1 0 0 1 1 0 0 0 0 0 1 1 14 1 1 1 110 1 1 0 0 0 0 0 0 0 0 1 1 7 164 1 0 1 3 62 4 0 0 0 1 1 1 1 0 0 1 8 2 1 1 1 1 0 0 1 0 0 0 0 1 1 155 244 3 1 1 4 11 3 48 57 7 3 1 2 140 140 96 4 1 63 33 1 25 114 2 1 1 1 1 1 91 1 17 43 10 1 9 104 9 1 1 15 105 8 5 99 1 1 1 113 239 248 12 1 2 30 139 193 206 207 205 180 85 126 123 224 191 6
0 0 0 0 0 0 1 255 15 1 0 1 1 0 1 36 9 1 0 0 0 0 0 0 1 35 53 2 1 1 1 1 1 1 1 1 19 18 1 0 0 0 0 0 0 0 0 0 0 0 1 1 1 0 0 0 0 0 0 0 0 0 0 0 0 0 0 1 1 1 30 17 1 0 0 0 0 0 0 0 0 0 1 1 1 1 0 0 80 1 1 1 1 2 1 0 1 1 228 187 1 9 85 1 4 34 11 1 1 1 0 1 1 0 0 0 1 1 200 169 1 49 9 1 1 1 1 2 1 0 0 1 45 173 6 4 1 1 1 0 1 12 79 5 1 1 1 1 171 244 246 152 1 2 1 1 1 1 1 1 1 1 8 238 228 10 236 242 220 229 231 202 1 1 1 0 0 0 0 0 0 0 0 0 0 0 0 0 0 0 1 1 1 0 0 0 0 0 0 0 0 0 0 0 0 1 3 1 0 0 0 0 37 141 113 49 1 0 1 1 0 0 0 0 0 1 1 0 84 56 1 1 39 91 120 95 45 27 23 18 1 0 0 0 0 0 0 0 0 0 0 1 1 1 0 0 0 0 0 6 33 1 1 1 1 2 26 1 1 1 5 216 61 1 1 1 1 1 1 1 1 1 1 1 1 1 1 1 3 1 1 0 0 0 0 0 0 0 0 0 0 0 1 3 0 0 1 70 98 1 1 1 2 1 6 1 1 1 29 7 1 8 16 1 1 2 1 1 2 152 226 60 1 1 1 0 0 1 1 1 0 0 0 0 0 0 0 0 0 0 0 0 0 0 0 0 0 0 0 0 0 0 0 1 1 0 0 1 0 0 1 1 1 203 232 253 29 1 3 12 1 1 0 0 0 0 1 0 0 0 0 0 0 1 2 13 1 1 111 1 1 0 0 0 0 0 0 0 1 1 1 143 35 1 1 2 62 3 0 0 1 1 1 1 1 0 1 1 1 5 0 0 0 1 1 0 0 1 1 0 0 0 1 1 25 247 63 1 1 22 1 1 1 1 33 71 41 1 1 6 58 144 125 127 3 66 144 51 40 1 1 1 1 33 149 42 9 1 1 1 1 2 93 45 52 98 2 1 81 17 1 1 3 250 218 1 1 1 3 2 1 1 1 1 8 117 225 234 203 13 72 192
0 0 0 0 0 1 43 254 1 0 1 1 0 0 0 1 63 2 1 1 0 0 1 1 36 19 1 1 1 1 1 1 0 0 1 1 12 27 1 0 0 0 0 0 0 0 0 0 0 0 1 1 1 0 0 0 0 0 0 0 0 0 0 0 0 0 1 1 5 65 12 1 1 1 1 0 0 0 0 0 0 0 0 0 0 1 1 1 39 8 1 1 1 1 3 1 2 233 198 1 1 0 32 86 16 1 0 0 0 0 0 0 1 1 0 0 1 211 156 1 0 71 3 1 1 1 1 2 1 1 1 58 146 1 2 1 0 0 0 1 2 22 47 8 11 11 2 1 1 1 1 1 1 2 1 0 0 0 0 0 0 0 0 1 165 244 101 1 1 1 1 119 231 22 1 0 0 0 0 0 0 0 0 0 0 0 0 0 0 1 1 1 0 0 0 0 0 0 0 0 0 0 0 0 0 0 3 1 0 0 0 0 1 1 93 146 159 95 43 1 0 0 0 0 0 0 1 1 153 1 0 1 1 1 1 1 1 1 0 5 9 1 0 0 0 0 0 0 0 0 0 0 1 1 0 0 0 0 0 1 49 2 1 1 10 24 1 1 1 1 209 114 2 1 0 1 1 1 0 0 0 1 1 1 0 0 1 3 2 1 0 0 0 0 0 0 0 0 0 0 0 0 1 2 0 0 0 14 141 1 1 1 2 1 5 1 5 34 2 1 1 1 7 20 1 2 1 8 213 194 3 1 1 0 0 1 1 1 0 0 0 0 0 0 0 0 0 0 0 0 0 0 0 0 0 0 0 0 0 0 0 0 0 1 1 0 0 1 1 0 0 1 1 1 203 232 253 58 6 1 1 1 1 0 0 0 1 1 0 0 0 0 0 1 1 2 12 1 108 1 1 1 1 1 1 1 1 1 1 1 1 178 1 1 1 64 4 0 0 1 1 1 1 1 1 1 1 0 1 7 1 0 0 1 1 0 0 0 1 1 1 1 1 1 6 244 134 1 23 1 1 0 0 0 1 1 13 75 66 3 1 1 36 211 153 110 1 1 8 61 31 4 16 47 107 1 1 1 1 1 1 1 1 97 79 2 1 1 116 1 1 1 248 202 1 1 1 3 2 1 1 1 7 106 124 87 189 3 1 1 26 207
0 0 0 0 0 1 253 177 1 0 1 0 0 0 0 1 2 67 21 6 5 4 3 30 16 1 1 1 1 1 0 0 0 0 0 0 1 67 1 0 0 0 0 0 0 0 0 0 0 0 0 1 1 1 0 0 0 0 0 0 0 0 0 0 1 1 65 242 255 255 255 253 252 231 108 7 2 1 1 1 0 0 0 0 0 0 0 1 1 78 1 1 1 1 1 91 239 175 1 0 1 1 1 38 11 1 0 1 0 0 0 1 1 1 0 1 222 125 1 0 0 86 1 1 1 1 1 1 1 33 172 133 1 1 2 1 0 0 1 2 20 2 2 22 0 1 8 4 1 0 0 0 1 2 1 1 1 0 0 0 0 0 0 0 0 1 2 0 0 0 1 5 5 228 68 1 0 0 0 0 0 0 0 0 0 0 0 0 1 1 1 0 0 0 0 0 0 0 0 0 0 0 0 0 0 0 1 2 1 0 0 0 1 1 1 1 20 111 149 171 112 82 5 1 0 0 1 1 154 1 1 1 1 1 1 1 1 1 1 1 19 11 1 1 0 0 0 0 0 0 0 0 0 0 0 0 0 0 0 1 1 62 51 33 6 0 0 0 2 210 127 1 1 2 1 1 1 1 0 0 0 0 0 1 1 1 7 6 1 1 0 0 0 0 0 0 0 0 0 0 0 0 3 1 0 0 0 1 162 1 1 1 3 4 1 21 18 1 1 1 1 1 1 5 24 3 89 226 104 1 1 1 1 1 1 1 1 1 0 0 0 0 0 0 0 0 0 0 0 0 0 0 0 0 0 0 0 0 0 0 0 0 0 0 0 0 0 0 1 0 0 0 1 1 1 203 233 253 23 1 1 1 1 1 1 1 1 1 1 1 1 1 1 1 1 1 2 42 93 1 1 1 1 1 1 1 1 1 1 1 10 163 1 1 50 12 1 0 1 1 1 1 1 1 1 1 0 0 0 5 1 1 1 1 1 1 1 1 1 1 1 0 0 1 1 178 238 29 3 1 1 0 0 0 1 1 1 1 2 61 77 18 71 150 6 1 1 1 1 1 11 47 25 1 107 1 1 1 1 1 1 1 26 2 5 36 1 1 116 1 1 22 252 1 1 1 3 2 1 2 61 125 112 12 1 116 98 2 1 1 78 210
0 0 0 0 1 1 255 1 1 1 1 0 0 0 0 0 1 1 18 44 46 48 52 19 1 1 0 1 0 1 1 0 0 0 0 0 1 41 6 0 0 0 0 0 0 0 0 0 0 0 0 1 1 1 0 0 0 0 0 0 0 0 1 1 68 251 253 231 77 56 8 21 146 241 252 255 253 243 172 22 3 1 1 1 1 1 1 1 1 70 1 1 1 24 242 250 212 17 1 1 0 1 0 1 31 26 1 1 1 1 1 1 0 0 1 226 69 1 0 0 1 86 1 1 1 1 1 83 180 152 7 1 1 1 2 0 0 1 2 14 3 0 1 31 1 0 1 5 7 1 1 1 1 3 1 1 1 1 1 1 0 0 0 0 0 0 2 1 0 1 4 1 1 1 217 182 1 0 0 0 0 0 0 0 0 0 0 0 1 1 0 0 0 0 0 0 0 0 0 0 0 0 0 0 0 0 1 3 1 1 0 1 1 1 1 1 1 0 1 4 92 120 170 156 95 75 68 178 139 152 2 0 0 0 0 1 1 1 1 1 1 4 23 26 19 5 1 0 0 0 0 0 0 0 0 0 0 1 1 1 1 18 63 1 1 0 0 5 221 95 1 0 1 1 1 1 1 0 0 0 0 0 0 1 1 13 20 29 42 42 27 2 1 1 0 0 0 0 0 0 0 0 4 1 0 1 1 2 168 1 1 1 8 2 35 4 1 1 1 1 1 1 1 1 7 177 223 11 1 1 1 1 1 1 1 1 1 1 0 0 0 0 0 0 0 0 0 0 0 0 0 0 0 0 0 0 0 0 0 0 0 0 0 0 0 0 0 0 1 1 0 0 1 1 1 1 202 233 253 20 1 1 1 1 1 1 1 1 1 1 1 1 1 1 1 1 9 174 128 99 101 102 104 104 106 105 105 105 105 109 163 22 1 12 49 1 1 0 1 1 1 0 1 1 0 1 1 1 1 2 3 0 1 1 1 1 1 0 1 1 0 0 0 1 1 28 247 98 1 1 0 0 0 0 0 0 1 1 1 1 1 37 211 99 1 1 1 1 1 1 0 1 1 1 108 1 1 1 1 1 5 22 1 1 1 6 32 8 104 1 1 249 185 1 1 3 5 25 117 123 54 2 1 3 8 179 1 1 2 1 213 50
0 0 0 0 1 162 253 1 0 1 0 0 0 0 0 0 0 0 1 1 1 1 1 1 1 0 0 0 0 0 1 1 0 0 0 0 1 9 31 1 0 0 0 0 0 0 0 0 0 0 0 1 1 1 0 0 0 0 0 1 1 1 4 235 253 194 2 1 1 13 2 1 1 1 1 3 61 221 250 253 253 249 203 71 6 2 1 1 1 12 99 207 251 253 219 107 112 187 201 201 140 2 1 1 1 14 48 1 0 1 1 1 0 2 227 59 1 0 0 0 8 66 129 173 174 175 182 108 1 1 1 1 1 1 2 0 1 2 8 6 1 0 1 10 6 1 0 1 1 9 10 9 7 7 8 9 10 10 8 8 7 4 1 1 0 0 1 2 1 5 3 1 0 1 1 166 205 1 0 0 0 0 0 0 0 0 0 1 1 0 0 0 0 0 0 0 0 0 0 0 0 0 0 0 0 0 0 3 1 1 0 1 1 1 0 0 1 1 0 0 0 0 1 24 107 123 118 97 1 6 146 1 1 1 0 0 0 0 1 1 1 1 1 1 2 8 26 5 1 0 0 0 0 0 0 0 0 0 0 0 0 1 107 1 1 1 17 226 40 1 0 0 0 0 1 1 1 1 1 0 0 0 0 1 11 10 0 0 1 1 3 30 43 44 37 5 1 1 0 0 0 0 4 1 1 30 44 36 197 1 1 1 33 29 1 1 1 1 1 1 1 1 1 14 146 147 166 7 1 1 1 1 1 1 1 1 0 0 0 0 0 0 0 0 0 0 0 0 0 0 0 0 0 0 0 0 0 0 0 0 0 0 0 0 0 0 0 0 0 1 1 0 0 1 1 1 1 202 233 253 19 1 1 1 1 0 0 0 1 1 1 1 0 1 1 100 157 12 20 1 1 1 1 1 1 1 1 1 2 72 38 1 1 78 1 1 0 1 1 1 1 1 1 1 1 1 1 1 1 6 1 1 1 1 0 0 0 0 0 1 0 0 0 0 1 7 246 134 1 1 1 0 0 0 0 0 0 0 1 1 1 27 161 19 97 89 4 1 1 1 1 1 1 1 109 1 1 1 1 16 9 1 1 1 0 2 1 113 48 1 4 252 1 1 71 137 125 93 5 1 1 1 2 4 116 81 1 1 1 27 220 7
0 0 0 0 1 254 82 1 1 1 0 0 0 0 0 0 0 0 0 0 0 0 0 0 0 0 0 0 0 0 1 1 0 0 0 0 0 11 29 1 0 0 0 0 0 0 0 0 0 0 1 1 1 0 0 1 1 1 1 1 27 235 255 241 4 1 1 1 1 2 14 1 0 1 1 1 1 1 1 2 26 194 248 253 253 253 253 253 255 255 255 247 142 3 1 1 1 1 1 1 111 198 201 193 39 1 5 66 1 0 0 1 12 231 35 1 0 0 0 0 98 186 63 4 4 3 1 1 1 1 1 1 1 1 2 1 1 4 16 1 0 0 0 1 30 1 0 0 0 0 0 0 0 0 1 1 1 1 1 1 1 2 6 7 2 1 1 11 3 1 0 1 0 0 1 1 200 129 0 0 0 0 0 0 0 0 1 1 1 0 0 0 0 0 0 0 0 0 0 0 0 0 0 0 0 0 0 3 1 1 1 1 1 0 0 0 0 1 0 0 0 0 0 0 0 1 63 185 1 12 28 110 111 100 7 1 1 0 0 0 0 0 1 1 1 1 1 9 24 2 1 1 1 1 0 0 0 0 0 0 0 0 61 20 1 34 226 10 1 0 0 0 0 0 1 0 1 1 1 1 1 0 1 16 9 1 1 1 1 1 1 1 1 1 1 19 45 47 48 18 1 1 4 0 1 51 1 1 194 1 1 2 77 1 1 1 1 1 1 1 1 1 86 125 61 7 9 163 5 1 1 0 1 1 1 0 0 0 0 0 0 0 0 0 0 0 0 0 0 0 0 0 0 0 0 0 0 0 0 0 0 0 0 0 0 0 0 0 0 0 1 1 0 1 1 1 1 1 203 234 253 18 1 1 1 1 0 0 1 1 0 1 1 21 161 91 1 1 15 1 1 1 1 1 1 1 1 13 76 3 1 1 38 20 1 1 1 1 1 1 1 1 1 0 0 0 0 0 1 7 1 1 0 1 0 0 0 0 0 1 1 1 1 1 1 1 197 238 2 1 1 0 0 0 0 0 0 0 1 1 29 22 131 1 1 2 82 98 22 1 1 1 1 1 107 1 1 1 27 2 1 0 0 1 0 2 1 108 22 11 246 218 1 94 69 2 1 1 1 1 5 7 4 1 174 1 1 1 2 89 223 135
0 0 0 1 1 255 1 1 1 0 0 0 0 0 0 0 0 0 0 0 0 0 0 0 0 0 0 0 1 1 1 0 0 0 0 0 0 1 67 1 0 0 0 0 0 0 0 0 0 0 0 1 1 1 3 138 236 253 255 255 255 242 7 1 1 1 1 1 1 1 19 1 1 1 0 0 0 0 1 1 1 1 1 2 4 19 43 36 10 2 69 1 1 1 0 0 0 0 0 0 1 1 1 8 178 201 201 159 92 2 1 43 231 10 1 1 1 1 1 1 208 6 1 1 1 0 0 0 0 1 1 1 1 1 2 1 2 22 1 0 0 0 0 1 32 1 0 0 0 0 0 0 0 0 0 0 1 1 0 0 0 0 0 1 3 10 8 3 1 0 0 0 0 0 0 1 4 229 0 0 0 0 0 0 0 1 1 1 0 0 0 0 0 0 0 0 0 0 0 0 0 0 0 0 0 0 1 3 1 1 1 1 1 0 0 0 0 1 0 0 0 0 0 0 0 0 1 171 216 214 204 188 116 4 82 111 110 34 1 1 0 0 0 0 0 1 1 1 1 17 26 13 1 1 1 1 0 0 0 0 0 0 1 106 60 226 4 1 1 1 0 0 0 0 1 1 1 1 1 0 1 1 12 8 0 0 0 0 0 0 0 0 1 1 1 1 1 1 1 8 46 50 56 48 52 47 1 1 171 146 160 151 173 102 2 1 1 1 1 1 6 133 57 2 59 5 1 11 165 6 1 1 1 1 1 0 0 0 0 0 0 0 0 0 0 0 0 0 0 0 0 0 0 0 0 0 0 0 0 0 0 0 0 0 0 0 0 0 0 0 0 1 1 1 1 1 1 1 1 203 234 253 14 1 1 1 1 1 1 1 1 1 124 148 5 1 1 1 8 2 1 1 1 1 1 1 61 46 1 1 0 1 81 1 0 1 1 1 1 1 1 1 0 0 0 0 0 0 1 7 1 0 0 0 1 0 0 0 0 1 1 1 1 0 1 1 40 248 71 1 1 0 0 0 0 0 0 1 1 32 2 131 9 1 1 1 1 1 50 98 60 1 1 1 106 1 4 23 1 1 0 0 1 1 0 2 1 112 1 11 254 3 91 60 1 1 1 2 7 5 1 1 1 130 52 1 1 1 2 200 203 26
0 0 0 1 210 250 1 1 1 0 0 0 0 0 0 0 0 0 0 0 0 0 0 0 0 0 0 0 1 1 1 0 0 0 0 0 0 1 65 1 1 0 0 0 0 0 0 0 0 1 1 1 169 253 255 253 241 146 5 1 1 1 1 1 0 0 0 0 1 1 5 8 1 1 0 1 1 0 0 0 1 1 1 1 0 0 0 0 0 1 32 6 1 0 0 0 0 0 0 0 0 0 0 0 0 1 1 91 203 217 226 245 164 152 151 149 148 146 145 154 182 1 0 0 0 0 0 0 0 1 1 1 1 1 2 2 12 4 0 0 0 0 0 1 32 1 0 0 0 0 0 0 0 0 0 0 1 1 2 2 2 1 1 1 2 1 1 1 3 1 0 0 0 0 0 0 1 231 1 0 0 0 0 0 0 1 1 0 0 0 0 0 0 0 0 0 0 0 0 0 0 0 0 0 0 1 3 1 1 1 1 1 0 0 0 0 0 1 0 0 0 0 0 0 0 1 83 207 24 2 75 133 195 225 226 203 40 47 110 74 1 1 0 0 0 0 0 1 1 1 1 3 22 26 26 25 22 1 0 1 1 1 2 81 229 132 10 1 0 1 1 1 1 0 1 1 1 1 1 1 1 3 24 0 0 0 0 0 0 0 0 0 0 0 0 0 0 0 0 0 0 1 1 1 1 1 0 1 132 108 2 52 6 47 148 113 2 1 1 58 133 5 1 45 55 20 6 2 8 166 7 1 1 0 1 0 0 0 0 0 0 0 0 0 0 0 0 0 0 0 0 0 0 0 0 0 0 0 0 0 0 0 0 0 0 0 0 0 0 0 0 0 0 0 0 1 1 1 1 1 203 236 253 14 1 1 1 1 1 1 42 165 58 1 1 1 1 0 1 13 1 0 1 1 4 85 6 1 0 0 0 34 23 1 1 1 1 0 0 1 1 0 0 0 0 0 0 0 1 7 1 0 0 0 1 0 0 0 0 0 1 0 0 0 0 1 14 247 116 1 1 1 1 0 0 0 1 2 30 1 1 150 1 1 1 0 0 0 1 1 14 92 80 4 107 17 9 1 0 0 0 1 1 0 0 2 1 112 1 230 239 106 97 1 1 1 3 4 1 1 1 1 1 174 1 1 1 1 31 200 167 1
0 0 1 1 255 19 0 1 1 0 0 0 0 0 0 0 0 0 0 0 0 0 0 0 0 0 0 0 1 1 1 1 1 6 41 14 1 1 28 10 1 1 1 1 0 0 1 1 1 24 244 255 252 138 1 1 1 1 1 1 1 1 1 1 1 1 1 1 1 1 1 15 1 1 4 6 6 6 5 4 1 1 1 1 1 1 1 1 1 1 2 53 1 0 0 0 0 0 0 0 0 0 0 0 0 0 0 0 1 1 245 17 1 1 1 1 1 1 1 37 103 1 0 0 0 0 0 0 0 1 1 1 1 1 3 6 10 1 0 0 0 0 0 1 31 1 0 0 0 0 0 0 0 0 0 0 3 1 1 1 1 1 2 1 1 1 0 0 1 3 1 0 0 0 0 0 0 186 157 1 0 0 0 0 1 1 0 0 0 0 0 0 0 0 0 0 0 0 0 0 0 0 0 0 0 3 1 0 1 1 1 1 0 0 0 0 0 0 0 0 0 0 0 0 1 108 139 166 33 55 2 0 0 1 1 91 214 226 227 223 167 98 1 1 0 0 1 1 0 1 1 1 1 1 1 1 1 19 24 24 24 23 15 128 226 1 3 23 27 26 5 1 1 0 0 0 1 1 1 1 1 39 1 1 1 1 1 1 1 0 0 0 0 0 0 0 0 0 0 0 0 0 0 0 0 0 0 1 53 159 1 1 80 1 1 35 148 140 126 89 1 1 41 65 2 1 1 2 2 7 167 9 1 1 1 1 0 0 0 0 0 0 0 0 0 1 0 0 0 0 0 0 0 0 0 0 0 0 0 0 0 0 0 0 0 0 0 0 0 0 0 0 0 0 0 0 1 1 1 1 1 202 235 253 13 1 1 1 2 145 135 2 1 1 1 0 0 0 1 17 1 1 1 39 68 1 0 1 1 1 1 86 1 0 1 1 1 0 1 1 1 0 0 0 0 0 0 0 0 5 1 0 0 0 1 0 0 0 1 1 1 0 0 0 0 0 1 211 233 1 1 1 1 1 1 1 4 25 1 1 1 149 1 1 0 0 0 1 1 1 1 1 4 110 195 44 1 1 0 0 0 1 0 0 0 2 4 100 1 252 69 40 67 2 1 1 6 1 1 1 1 1 139 41 1 1 1 2 62 227 25 1
1 1 1 1 255 1 0 1 0 0 0 0 0 0 0 0 0 0 0 0 0 0 0 0 1 1 1 2 101 231 254 255 255 255 255 255 255 255 253 189 1 1 1 1 1 1 2 200 254 255 232 1 1 1 1 1 1 1 1 1 1 0 0 0 0 0 0 1 1 1 3 2 9 5 2 1 1 1 1 2 6 6 6 6 4 1 1 1 4 6 6 68 4 1 1 0 0 0 0 0 0 0 0 0 0 0 0 0 1 231 120 28 1 0 0 1 1 0 0 73 72 1 0 0 0 0 0 0 0 0 0 0 1 1 10 20 1 0 0 0 0 0 0 1 32 1 0 0 0 0 0 0 0 0 0 1 3 0 0 0 0 1 0 0 0 0 0 0 0 1 3 1 0 0 0 0 1 1 214 75 1 0 0 1 1 0 0 0 0 0 0 0 0 0 0 0 0 0 0 0 0 0 0 0 0 3 0 1 1 1 0 1 0 0 0 0 0 0 0 0 0 0 0 1 64 208 159 120 5 1 0 0 0 0 0 0 0 1 1 27 208 193 154 70 1 1 1 1 1 1 1 1 1 1 1 1 1 1 1 1 1 0 1 160 217 1 1 1 0 1 8 26 27 27 22 3 1 1 1 1 19 3 1 1 1 0 1 1 0 0 0 0 0 0 0 0 0 0 0 0 0 0 0 0 0 0 0 0 3 190 1 1 7 59 1 1 1 31 126 137 18 14 64 1 1 1 1 1 1 1 3 166 13 1 1 1 1 0 0 0 0 0 0 0 0 1 0 0 0 0 0 0 0 0 0 0 0 0 0 0 0 0 0 0 0 0 0 0 0 0 0 0 0 0 0 0 0 1 1 1 1 1 203 235 253 12 1 67 167 27 1 1 1 1 0 0 0 0 1 15 1 1 81 21 1 1 1 1 0 0 7 55 1 1 1 1 0 0 1 1 1 0 0 0 0 0 0 1 1 6 2 1 1 0 1 1 1 1 1 1 1 1 0 0 0 0 1 49 248 60 1 1 0 0 1 7 19 1 1 1 59 87 1 1 1 0 0 1 0 0 1 1 5 5 122 30 83 60 2 1 1 1 0 0 0 2 84 13 207 249 40 1 47 3 3 5 1 1 0 1 1 2 171 1 1 1 1 2 190 203 1 1
1 1 1 241 242 0 0 1 0 0 0 0 0 0 0 0 0 0 0 1 1 1 5 178 245 255 255 255 254 247 137 1 1 1 1 0 1 1 172 254 255 255 249 236 244 255 255 251 80 1 1 1 1 1 0 0 0 0 0 0 0 0 0 0 0 0 1 1 0 1 3 1 6 7 1 0 0 1 0 0 1 1 1 1 1 6 6 4 1 1 1 40 1 3 4 4 4 2 1 0 0 0 0 0 0 0 0 2 236 94 1 7 10 0 0 0 0 0 1 17 121 1 0 0 0 0 0 0 0 0 0 0 1 6 21 7 1 0 0 0 0 0 0 1 31 1 0 0 0 0 0 0 0 0 0 3 1 0 0 0 0 0 0 0 0 0 0 0 0 0 1 3 1 1 1 1 1 1 1 225 19 1 1 1 1 0 0 0 0 0 0 0 0 0 0 0 0 0 0 0 0 0 0 0 1 2 1 2 2 1 1 1 0 0 0 0 0 0 0 0 0 0 1 160 203 13 5 1 4 14 4 1 0 0 0 0 0 0 0 0 1 118 206 151 132 6 1 0 0 0 0 0 0 1 1 1 1 1 1 1 1 1 131 11 220 1 1 1 1 1 1 0 1 1 1 11 25 26 25 21 13 1 1 0 0 0 0 0 0 0 0 0 0 0 0 0 0 0 0 0 0 0 0 0 0 0 0 0 1 195 1 1 1 11 55 5 5 1 1 2 116 164 67 1 1 1 1 1 1 1 1 2 165 18 1 1 1 0 0 0 0 0 0 0 0 1 1 0 0 0 0 0 0 0 0 0 0 0 0 0 0 0 0 0 0 0 0 0 0 0 0 0 0 0 0 0 0 0 1 1 1 1 1 203 235 253 181 117 1 1 1 0 0 1 0 0 0 0 1 6 39 83 1 1 1 0 0 0 0 0 38 18 1 1 1 1 0 1 1 1 1 0 0 0 1 1 5 5 6 1 1 0 1 1 0 1 1 0 0 0 0 1 0 0 0 0 1 19 246 120 1 1 1 1 11 14 1 1 1 1 147 1 1 1 1 1 1 1 0 1 1 1 15 1 120 1 1 5 75 78 11 1 1 0 1 2 114 1 252 93 1 1 47 1 2 19 1 1 0 1 1 149 24 1 1 1 1 33 200 173 1 1
1 1 1 255 3 0 1 1 0 0 0 0 0 0 1 1 1 31 211 252 255 255 255 253 234 28 1 1 1 1 1 0 0 0 0 0 0 1 0 1 1 16 231 249 240 57 1 0 0 0 0 0 0 0 0 0 0 0 0 0 0 0 0 0 0 0 0 1 1 1 3 1 8 5 1 0 1 1 0 0 0 0 0 0 0 0 1 0 0 0 1 22 3 0 0 1 1 2 4 4 4 3 1 1 1 1 9 238 35 1 1 1 36 1 0 0 0 0 1 10 132 1 0 0 0 0 0 0 0 0 0 1 6 13 1 7 2 1 1 0 0 0 0 1 30 1 0 0 0 0 0 0 0 0 1 3 0 0 0 0 0 0 0 0 0 0 0 0 0 0 1 4 1 1 1 1 1 0 0 3 230 1 0 0 0 0 0 0 0 0 0 0 0 0 0 0 0 0 0 0 0 0 1 0 2 1 2 1 2 1 1 1 0 0 0 0 0 0 0 0 0 1 196 156 1 0 0 0 0 1 5 14 3 0 0 0 0 0 0 0 0 1 7 187 195 146 63 1 1 0 0 0 0 0 0 0 1 1 1 1 1 1 149 191 192 1 1 1 1 1 1 1 1 1 1 1 1 1 1 5 1 0 0 0 0 0 0 0 0 0 0 0 0 0 0 0 0 0 0 0 0 0 0 0 0 0 0 0 1 195 1 1 1 1 17 90 1 1 1 1 1 1 118 164 65 1 1 1 1 1 0 1 1 163 22 1 1 1 0 0 0 0 0 0 0 0 1 0 0 0 0 0 0 0 0 0 0 0 0 0 0 0 0 0 0 0 0 0 0 0 0 0 0 0 0 0 0 0 0 1 1 1 1 2 239 251 253 12 1 1 1 1 0 0 1 0 0 1 1 80 47 1 1 0 0 0 0 0 0 1 82 1 1 1 0 1 1 1 1 0 1 1 2 2 5 3 1 1 1 1 1 1 1 1 1 1 1 0 0 0 0 1 0 0 0 0 0 1 206 233 1 1 1 15 9 1 1 1 1 1 150 1 1 1 0 0 1 1 3 3 1 6 6 1 119 1 1 1 1 1 48 80 35 1 1 2 116 190 250 1 1 1 47 1 1 7 3 1 1 1 4 165 1 1 1 1 2 66 227 30 1 1
1 1 2 255 1 0 1 0 0 1 1 2 117 235 254 255 255 255 251 205 3 1 1 0 0 1 1 1 1 0 0 0 0 0 0 0 0 1 1 0 1 1 1 1 71 1 1 0 0 0 0 0 0 0 0 0 0 0 0 0 0 0 0 0 0 0 1 1 1 3 1 1 2 17 1 0 1 0 0 0 0 0 0 0 0 0 0 0 0 0 0 1 40 0 0 0 1 0 0 0 1 1 3 4 5 58 241 7 1 0 0 1 35 1 0 0 0 0 1 107 30 1 0 0 0 0 0 0 0 0 0 2 22 1 1 4 1 1 2 2 1 0 0 1 30 1 0 0 0 0 0 0 0 0 1 2 0 0 0 0 0 0 0 0 0 0 0 0 0 0 0 4 1 0 0 0 1 1 0 1 230 3 0 0 0 0 0 0 0 0 0 0 0 0 0 0 0 0 0 0 0 1 1 1 3 2 1 0 2 1 1 1 0 0 0 0 0 0 0 0 1 196 96 1 0 0 0 0 0 0 0 1 6 14 2 0 0 0 0 0 0 1 1 1 73 207 158 115 8 1 0 0 0 0 0 0 0 0 0 0 0 1 231 99 1 1 1 1 1 0 1 1 0 1 1 1 1 1 1 1 1 1 1 1 1 1 1 0 0 0 0 0 0 0 0 0 0 0 0 0 0 0 0 0 0 0 0 0 1 193 1 1 0 1 1 47 20 1 1 0 0 1 1 1 111 166 91 1 1 1 1 1 1 1 161 31 1 1 1 0 0 0 0 0 0 0 1 0 0 0 0 0 0 0 0 0 0 0 0 0 0 0 0 0 0 0 0 0 0 0 0 0 0 0 0 0 0 0 1 1 1 1 48 221 152 200 232 253 10 1 1 1 1 0 1 1 1 3 106 9 1 1 0 0 0 0 0 0 0 1 84 1 1 1 0 1 1 0 1 2 2 2 1 1 2 1 1 1 1 1 0 1 1 1 1 1 1 1 0 0 0 1 0 0 0 0 0 1 58 248 46 1 19 7 1 1 1 0 1 7 133 1 1 1 1 1 5 13 5 4 9 3 1 1 120 1 1 1 1 1 1 1 19 74 46 24 149 252 64 1 1 1 45 1 1 5 1 3 1 1 158 11 1 1 1 1 2 196 199 1 1 0
1 1 95 254 1 1 8 188 249 255 255 255 254 246 127 1 1 0 0 0 0 0 0 0 1 1 0 0 0 0 0 0 0 0 0 0 0 0 1 1 1 1 0 0 2 61 1 0 0 0 0 0 0 0 0 0 0 0 0 0 0 0 0 0 0 0 1 1 3 1 1 1 1 20 1 1 1 0 0 0 0 0 0 0 0 0 0 0 0 0 0 0 18 5 0 1 1 1 1 1 1 1 1 1 64 239 13 15 15 14 4 1 23 2 1 0 0 1 1 158 1 1 0 0 0 0 0 0 0 0 1 29 1 0 0 4 1 1 1 1 2 0 0 1 29 1 0 0 0 0 0 0 0 0 3 1 0 0 0 0 0 0 0 0 0 0 0 0 0 0 1 4 1 0 0 0 0 1 1 0 177 171 1 1 0 0 0 0 0 0 0 0 0 0 0 0 0 0 0 1 1 1 0 1 2 1 0 0 2 1 1 0 0 0 0 0 0 0 0 0 151 167 1 0 0 0 0 0 0 0 0 0 0 1 7 13 2 0 0 0 1 1 1 0 0 2 183 192 113 85 1 0 0 0 0 0 0 0 0 0 1 169 210 1 0 1 0 0 0 0 0 0 0 0 0 0 0 0 2 0 0 0 0 1 1 1 1 1 1 1 1 1 1 1 0 0 0 0 0 0 0 0 0 0 0 0 0 0 1 148 77 1 1 1 1 1 84 3 1 0 0 0 0 0 1 1 88 168 117 1 1 1 1 1 1 160 52 1 1 0 0 0 0 0 0 0 1 1 0 0 0 0 0 0 0 0 0 0 0 0 0 0 0 0 0 0 0 0 0 0 0 0 0 0 0 0 1 1 1 1 2 191 217 14 1 1 200 232 253 9 1 1 1 1 1 1 32 96 1 0 1 0 0 0 0 0 0 0 0 2 69 1 1 1 1 1 1 3 2 1 1 1 0 0 2 1 1 0 0 0 0 1 1 1 1 1 1 1 0 0 0 1 1 0 0 0 1 1 20 248 139 29 4 1 1 1 0 0 1 131 9 1 1 3 12 11 2 1 1 1 1 1 1 1 120 1 1 1 1 0 1 1 1 1 19 136 150 252 1 1 1 1 43 1 1 5 1 1 2 22 155 1 1 1 1 1 27 200 174 1 1 0
2 143 255 255 255 255 255 253 230 17 1 1 0 0 0 0 0 0 0 0 0 0 0 0 0 0 0 0 0 0 0 0 0 0 0 0 0 0 0 1 0 1 1 0 1 28 13 1 0 0 0 0 0 0 0 0 0 0 0 0 0 0 0 0 0 1 1 3 1 1 0 1 1 6 7 1 0 0 0 0 0 0 0 0 0 0 0 0 0 0 0 0 1 43 1 1 1 1 1 4 2 1 7 210 236 2 1 1 1 1 6 15 28 97 4 1 1 1 1 155 1 0 0 0 0 0 0 0 0 1 26 1 0 0 0 4 1 1 1 1 2 1 0 0 30 1 0 0 0 0 0 0 0 1 3 0 0 0 0 0 0 0 0 0 0 0 0 0 0 0 1 3 1 0 0 0 0 0 1 1 1 191 220 57 1 1 1 0 0 0 0 0 0 0 0 0 0 0 1 1 1 0 1 1 1 0 0 0 2 1 1 0 0 0 0 0 0 0 0 1 223 1 0 0 0 0 0 0 0 0 0 0 0 0 0 1 9 12 1 1 1 1 0 0 0 0 1 95 217 104 100 15 1 0 0 0 0 0 1 1 6 238 1 0 0 1 0 0 0 0 0 0 0 0 0 0 0 1 2 0 0 0 0 0 0 0 0 0 0 0 1 1 1 1 1 1 1 1 1 1 1 1 0 0 0 0 0 0 1 61 156 1 1 0 0 1 1 92 1 1 0 0 0 0 0 1 1 1 59 166 133 1 1 1 8 5 150 54 1 1 1 0 0 0 0 0 0 1 0 0 0 0 0 0 0 0 0 0 0 0 0 0 0 0 0 0 0 0 0 0 0 0 0 0 0 1 1 1 1 110 231 138 2 1 1 1 1 199 232 253 7 1 1 1 1 78 49 1 0 0 1 1 0 0 0 0 0 0 0 17 37 1 1 0 1 1 1 4 1 0 0 1 1 1 1 2 0 0 0 1 1 1 1 1 1 1 1 1 0 0 0 0 1 0 1 1 1 60 165 239 239 104 20 1 1 1 1 1 1 149 1 1 1 14 1 1 1 1 0 0 1 1 1 1 119 1 1 1 1 1 2 3 11 10 13 110 251 132 1 1 1 1 44 1 1 3 1 1 1 167 10 1 1 1 1 2 116 212 45 1 1 0
255 255 255 183 2 1 0 0 0 0 0 0 0 0 0 0 0 0 0 0 0 0 0 0 0 0 0 0 0 0 0 0 0 0 0 0 0 0 0 1 1 0 1 1 0 1 74 1 0 0 0 0 0 0 0 0 0 0 0 0 0 0 0 0 1 1 2 1 1 0 0 1 1 1 19 1 1 1 0 0 0 0 0 0 0 0 0 0 0 0 0 0 0 3 28 0 1 227 242 241 242 242 241 178 1 1 0 0 0 1 1 1 1 1 70 89 16 1 85 60 1 0 0 0 0 0 0 1 4 26 1 1 0 0 0 4 1 1 1 1 2 0 0 0 29 1 0 0 0 0 0 0 0 2 1 0 0 0 0 0 0 0 0 0 0 0 0 0 0 0 2 1 0 0 0 0 0 1 1 1 0 1 40 216 229 229 154 1 0 0 0 0 0 0 0 0 0 1 1 1 0 0 1 1 0 0 0 0 2 1 1 0 0 0 0 0 0 0 0 169 147 1 0 0 0 0 0 0 0 0 0 0 0 0 0 0 0 1 10 11 1 1 0 0 0 0 0 1 2 209 164 68 64 1 0 0 0 0 0 1 233 53 0 0 0 1 0 0 0 0 0 0 0 0 0 0 0 2 1 0 0 0 0 0 0 0 0 0 0 0 0 0 0 0 0 0 0 1 1 1 1 1 1 1 1 1 1 0 1 21 174 1 1 0 0 0 1 3 91 2 1 1 1 0 0 0 0 1 1 1 32 163 149 21 1 1 1 150 49 1 1 1 0 0 0 0 0 1 0 1 1 0 1 1 1 8 7 1 1 0 0 0 0 0 0 0 0 0 0 0 0 0 0 0 1 1 1 1 207 219 22 53 2 1 1 1 1 1 199 232 253 8 1 3 106 9 1 0 0 0 0 1 0 0 0 0 0 0 0 24 29 1 1 1 1 1 0 1 2 0 1 1 1 1 1 4 0 0 0 1 1 0 0 0 0 1 1 1 0 1 1 1 1 2 115 171 188 150 36 94 247 112 2 25 28 2 1 1 1 146 1 6 12 2 1 0 1 1 1 1 1 1 1 1 118 1 1 8 12 8 6 5 1 2 1 151 252 1 1 1 1 1 46 1 5 1 1 1 27 146 1 1 1 1 1 2 199 193 1 1 1 1
1 1 0 0 1 1 0 0 0 0 0 0 0 0 0 0 0 0 0 0 0 0 0 0 0 0 0 0 0 0 0 0 0 0 0 0 0 0 0 0 1 1 1 1 0 0 4 52 1 1 0 0 0 0 0 0 0 0 0 0 0 0 0 0 1 2 1 1 1 1 1 1 1 1 19 1 1 1 0 0 0 0 0 0 0 0 0 0 0 0 0 0 0 1 21 8 238 129 1 1 1 1 1 1 1 1 1 1 1 1 1 0 0 0 1 1 37 89 176 2 1 2 2 1 1 0 0 11 17 1 1 1 0 0 1 4 1 1 1 1 2 1 0 0 27 1 1 1 1 1 1 1 1 3 0 0 0 0 0 0 0 0 0 0 0 0 0 0 0 0 1 4 0 0 0 0 1 1 1 0 0 0 0 1 1 1 229 3 0 0 0 0 0 0 0 0 1 1 1 0 0 1 1 0 0 0 0 0 2 1 1 0 0 0 0 0 0 0 1 222 1 0 0 0 0 0 0 0 0 0 0 0 0 0 0 0 0 0 1 1 10 8 1 0 0 0 0 0 0 1 162 190 52 100 3 1 1 1 1 165 213 1 0 0 0 1 0 0 0 0 0 0 0 0 0 0 1 2 0 0 0 0 0 0 0 0 0 0 0 0 0 0 0 0 0 0 0 0 0 0 0 0 0 0 1 1 1 1 1 28 172 1 0 0 0 0 0 1 5 89 10 1 1 1 0 0 0 0 0 1 1 13 27 154 147 8 1 1 150 53 1 1 1 0 0 0 0 1 1 1 1 1 1 4 35 12 15 34 1 1 0 0 0 0 0 0 0 0 0 0 0 1 1 1 1 1 2 181 200 2 1 1 43 30 2 1 1 1 1 199 232 253 67 92 1 1 1 1 0 0 0 0 1 0 0 0 0 0 0 26 25 1 1 1 1 1 1 1 4 1 1 1 1 1 0 4 1 0 0 1 1 0 0 0 0 1 1 1 1 1 15 150 177 189 109 26 2 1 1 1 250 124 1 1 1 19 30 5 83 74 12 2 1 1 1 0 1 1 1 1 1 1 1 1 115 2 10 2 1 1 1 1 2 2 1 252 193 1 1 1 1 2 69 7 4 1 1 1 165 4 1 1 1 1 1 21 200 177 1 1 1 3
0 0 0 0 1 0 0 0 0 0 0 0 0 0 0 0 0 0 0 0 0 0 0 0 0 0 0 0 0 0 0 0 0 0 0 0 0 0 0 0 0 1 0 1 1 0 1 34 45 1 1 1 0 0 0 0 0 0 0 0 0 0 0 1 2 2 1 0 0 1 1 1 1 4 19 2 1 1 0 0 0 0 0 0 0 0 0 0 0 0 0 0 0 0 1 242 70 1 1 0 0 0 0 0 1 1 0 0 0 0 0 0 0 0 0 0 1 1 151 11 11 9 10 13 2 1 2 23 1 1 1 1 1 1 1 2 2 1 1 1 2 1 1 1 14 11 3 3 3 2 2 3 5 2 1 0 1 0 0 0 0 1 1 0 0 0 0 0 0 0 1 4 1 0 1 1 1 0 0 0 0 0 0 0 1 1 91 208 1 0 0 0 0 0 0 0 1 1 0 0 1 1 0 0 0 0 0 0 2 1 1 0 0 0 0 0 0 1 177 132 0 0 0 0 0 0 0 0 0 0 0 0 0 0 0 0 0 0 0 1 1 1 11 7 1 0 0 0 0 0 1 105 211 94 88 36 1 1 26 235 1 0 0 0 1 1 0 0 0 0 0 0 0 0 0 0 2 1 0 0 0 0 0 0 0 0 0 0 0 0 0 0 0 0 0 0 0 0 0 0 0 0 0 0 0 0 0 0 1 65 155 1 1 0 0 0 0 0 1 1 90 1 1 1 1 0 0 0 1 6 9 1 1 1 10 150 153 24 2 146 62 1 1 1 1 0 0 1 1 0 1 1 26 20 1 1 1 1 32 2 1 0 0 0 0 0 0 0 0 1 1 1 1 1 15 210 223 217 60 40 2 1 1 6 46 54 66 39 16 3 206 243 253 12 1 1 1 1 1 0 0 0 1 0 0 0 0 0 0 28 24 1 1 1 1 1 1 1 4 1 0 0 1 1 1 4 1 0 0 1 1 1 1 1 1 1 3 105 165 183 175 61 14 1 1 1 0 0 1 1 227 216 41 1 0 1 1 11 167 71 2 1 1 1 1 1 1 1 1 1 1 1 1 1 109 12 2 1 1 1 1 2 2 1 12 252 39 2 1 1 2 1 50 1 1 2 1 49 131 1 1 1 1 1 2 47 216 34 56 1 2 1
0 0 0 0 1 0 0 0 0 0 0 0 0 0 0 0 0 0 0 0 0 0 0 0 0 0 0 0 0 0 0 0 0 0 0 0 0 0 0 0 0 1 1 1 1 1 1 1 7 71 69 19 1 0 0 0 0 0 0 0 0 0 1 1 2 1 0 1 1 1 1 1 9 7 1 2 1 1 0 0 0 0 0 0 0 0 0 0 0 0 0 0 1 1 229 172 1 0 0 0 0 0 0 0 0 0 0 0 0 0 0 0 0 0 0 0 1 20 93 1 1 1 1 1 7 8 20 3 1 0 0 1 1 1 0 0 2 1 1 1 1 2 1 1 2 34 1 1 1 0 0 1 3 1 2 1 1 0 1 1 1 1 1 1 1 0 0 0 1 0 1 4 1 1 1 1 0 0 0 0 0 0 0 0 0 1 1 229 1 0 0 0 0 0 0 1 1 0 0 1 1 0 0 0 0 0 0 0 2 1 1 0 0 0 0 0 0 4 220 1 0 0 0 0 0 0 0 0 0 0 0 0 0 0 0 0 0 0 0 1 1 1 1 2 12 6 1 0 0 0 1 1 5 197 178 52 107 188 175 220 1 0 0 0 1 0 0 0 0 0 0 0 0 0 0 1 2 0 0 0 0 0 0 0 0 0 0 0 1 0 0 0 0 0 0 0 0 0 0 0 0 0 0 0 0 0 0 0 1 109 127 1 1 1 1 1 0 0 1 1 28 50 1 1 1 1 1 1 12 2 1 1 1 1 1 1 6 139 156 52 143 77 1 1 1 1 0 1 1 1 7 36 3 1 1 1 1 1 1 32 3 1 0 0 0 0 0 0 0 1 1 1 1 173 219 81 15 13 36 33 82 55 2 1 1 1 1 15 74 115 118 191 232 253 9 1 1 1 1 1 0 0 1 0 0 0 0 0 0 30 22 1 1 1 1 1 0 0 2 1 0 1 1 4 4 2 1 1 1 1 1 1 23 167 187 203 193 122 33 4 1 1 1 1 0 0 0 0 0 1 87 246 116 1 0 0 1 1 112 8 59 49 2 1 1 1 1 1 1 1 1 1 1 1 105 1 1 1 1 1 2 2 1 1 242 226 46 1 3 2 1 1 50 1 1 1 1 171 3 1 1 0 1 1 2 174 177 1 64 1 3 1
0 0 0 0 1 0 0 0 0 0 0 0 0 0 0 0 0 0 0 0 0 0 0 0 0 0 0 0 0 0 0 0 0 0 0 0 0 0 0 0 0 0 1 1 0 0 0 0 1 1 1 38 9 1 0 0 0 0 0 0 0 1 1 2 1 1 1 1 1 1 3 12 2 1 1 1 1 1 0 0 0 0 0 0 0 0 0 0 1 1 1 1 110 245 195 1 1 0 0 0 0 0 0 0 0 0 0 0 0 0 0 0 0 0 0 0 1 91 21 1 1 0 1 1 1 2 47 1 1 0 0 0 1 1 1 1 1 2 1 1 1 2 1 0 1 42 1 1 1 1 1 1 3 1 1 1 1 1 1 1 1 0 1 1 1 1 0 1 1 0 1 3 0 1 1 0 0 0 0 0 0 0 0 0 0 1 1 217 43 1 0 1 1 0 0 1 1 0 1 1 0 0 0 0 0 0 0 0 2 1 1 0 0 0 0 0 1 179 146 2 0 0 0 0 0 0 0 0 0 0 0 0 0 0 0 0 0 0 1 1 0 0 1 1 1 2 13 5 1 0 1 0 0 1 136 209 177 25 56 231 1 0 0 0 1 0 0 0 0 0 0 0 0 0 0 1 1 0 0 0 0 0 0 0 0 0 0 0 1 0 0 0 0 0 0 0 0 0 0 0 0 0 0 0 0 0 0 0 1 161 50 1 1 0 1 1 1 1 0 1 1 26 58 1 1 1 3 8 1 1 0 0 0 0 0 1 1 1 4 125 161 181 91 1 1 1 1 1 1 30 17 1 1 1 1 1 1 1 1 1 29 4 1 0 0 0 0 0 1 1 1 15 218 150 4 1 1 1 1 1 2 18 80 39 1 1 1 18 1 1 1 1 192 233 253 7 1 1 1 1 1 0 1 0 0 0 0 0 0 30 21 1 1 1 1 1 1 1 1 5 3 3 2 1 0 0 1 1 1 100 184 195 191 92 39 7 30 28 1 1 0 0 0 1 1 0 0 0 0 1 7 249 121 1 1 1 1 7 90 1 1 3 54 57 5 1 1 1 1 1 1 1 0 1 105 1 1 1 1 2 2 1 1 3 252 23 52 1 3 1 1 1 50 1 1 1 71 116 1 1 1 1 1 1 19 200 119 1 64 2 1 1
1 1 1 1 1 0 0 0 0 0 0 0 0 0 0 0 0 0 0 0 0 0 0 0 0 0 0 0 0 0 0 0 0 0 0 0 0 0 0 0 0 0 0 0 0 0 0 0 0 1 1 1 69 1 0 0 0 0 0 0 1 1 3 1 1 1 1 1 1 10 7 1 1 1 1 1 1 1 1 1 1 1 0 0 0 0 0 1 1 170 245 246 238 10 1 0 0 0 0 0 0 0 0 0 0 0 0 0 0 0 0 0 0 0 0 0 0 100 15 0 1 1 0 0 1 1 31 7 1 0 0 1 1 1 1 1 1 1 1 1 1 2 1 0 1 42 1 0 0 0 0 1 2 0 0 1 1 1 1 1 1 0 0 0 1 1 1 1 1 1 3 1 0 0 1 0 0 0 0 0 0 0 0 0 0 1 0 3 228 1 1 1 1 1 1 1 1 1 1 0 0 0 0 0 0 0 0 0 2 1 1 0 0 0 0 0 1 178 130 2 1 0 0 0 0 0 0 0 0 0 0 0 0 0 0 0 0 0 1 0 0 0 0 0 1 1 1 3 13 4 1 0 0 0 1 58 233 3 104 227 100 8 1 0 1 0 0 0 0 0 0 1 1 0 1 2 0 0 0 0 0 0 0 0 0 0 0 0 1 0 0 0 0 0 0 0 0 0 0 0 0 0 0 0 0 0 0 0 1 191 2 1 1 1 1 1 1 1 1 0 1 1 13 65 1 1 8 1 1 0 0 0 0 0 0 0 1 1 1 1 2 108 217 154 3 1 1 13 35 2 1 1 1 1 1 0 0 0 0 1 1 25 5 1 1 1 1 1 1 1 47 201 111 2 1 1 1 1 1 1 1 1 2 42 70 1 4 6 1 1 1 1 1 199 232 253 6 1 1 1 1 1 1 0 0 0 0 0 0 29 22 1 1 1 1 1 1 2 1 9 4 0 1 1 1 1 132 186 199 154 40 19 1 1 1 1 1 3 43 9 1 1 0 0 1 0 0 0 0 1 2 244 181 21 1 0 1 97 4 1 1 1 1 1 41 63 23 1 1 1 1 1 1 1 103 2 1 1 2 2 1 1 1 223 242 7 57 1 3 1 1 1 49 1 1 1 170 1 1 1 1 1 1 2 45 212 25 1 76 8 1 0
1 0 0 0 0 0 0 0 0 0 0 0 0 0 0 0 0 0 0 0 0 0 0 0 0 0 0 0 0 0 0 0 0 0 0 0 0 0 0 0 0 0 0 0 0 0 0 0 0 0 1 1 40 7 1 0 0 1 1 1 1 3 1 1 1 1 1 3 13 2 1 1 1 1 1 1 34 33 9 2 1 0 0 0 1 1 149 246 246 231 7 1 1 1 0 0 0 0 0 0 0 0 0 0 0 0 0 0 0 0 0 0 0 0 0 0 0 99 16 0 0 1 1 1 1 6 3 21 1 1 1 1 0 1 1 0 1 1 0 0 1 2 0 0 1 20 5 0 0 0 0 1 2 0 0 1 1 1 1 1 1 1 1 1 1 1 1 1 1 1 4 0 0 1 1 0 0 0 0 0 0 0 0 0 0 1 0 0 184 160 1 1 0 1 1 1 1 1 1 0 0 0 0 0 0 0 0 1 2 1 1 0 0 0 0 0 0 132 177 1 1 1 1 0 0 0 0 0 0 0 0 0 0 0 0 0 0 1 1 0 0 0 0 0 0 0 1 1 1 4 13 3 1 0 0 1 240 249 246 229 120 91 107 82 2 1 0 0 0 0 1 1 1 1 2 1 0 0 0 0 0 0 0 0 0 0 0 1 1 0 0 0 0 0 0 0 0 0 0 0 0 0 0 0 0 0 0 0 1 194 1 1 1 1 1 1 1 1 1 1 1 1 1 42 18 9 1 1 0 0 0 0 0 0 0 0 0 1 1 1 1 1 3 177 197 110 50 9 1 1 1 1 1 1 0 0 0 1 1 0 1 1 22 6 1 1 1 1 16 64 5 47 194 1 1 1 1 1 1 1 0 1 1 1 14 100 12 1 1 1 1 1 1 2 202 234 252 5 1 1 1 1 1 0 0 0 0 0 0 29 23 1 2 1 1 1 1 1 0 4 8 1 1 99 184 206 134 38 5 1 0 1 1 1 1 0 0 0 1 25 39 2 1 1 1 1 1 1 1 1 1 128 244 115 1 1 1 112 1 1 1 1 1 1 1 1 17 61 45 2 1 1 1 1 99 2 1 2 2 1 1 1 1 252 41 6 60 1 3 1 1 1 49 1 1 95 96 1 1 1 1 1 1 2 155 191 1 1 75 28 0 0
0 0 0 0 0 0 0 0 0 0 0 0 0 0 0 0 0 0 0 0 0 0 0 0 0 0 0 0 0 0 0 0 0 0 0 0 0 0 0 0 0 0 0 0 0 0 0 0 1 1 1 1 1 67 1 1 1 1 0 1 38 86 84 85 85 84 85 82 48 42 31 17 5 3 3 35 4 3 18 87 108 1 1 1 193 246 235 7 1 1 1 1 0 0 0 0 0 0 0 0 0 0 0 0 0 0 0 0 0 0 0 0 0 0 0 0 0 105 10 0 0 0 0 1 3 7 1 7 6 1 1 0 0 1 1 1 1 2 0 0 1 2 1 1 1 2 42 1 0 0 0 1 1 0 0 1 1 0 0 0 1 1 1 1 1 1 1 1 1 4 1 0 1 1 1 0 0 0 0 0 0 0 0 0 0 1 1 1 1 181 220 6 0 0 0 0 1 5 2 1 1 1 1 2 3 2 3 3 4 4 3 3 1 0 0 0 0 1 192 102 1 1 1 1 1 0 0 0 0 0 0 0 0 0 0 0 0 0 0 0 0 0 0 0 0 0 0 0 1 1 1 5 12 2 0 55 241 41 7 33 209 230 208 85 102 104 53 1 1 0 1 0 0 1 2 0 0 0 0 0 0 0 0 0 0 0 1 1 0 0 0 0 0 0 0 0 0 0 0 0 0 0 0 0 0 0 0 0 1 193 1 1 0 0 1 1 1 1 1 1 1 1 1 1 63 59 1 1 1 1 0 0 0 0 0 0 0 0 1 1 1 1 1 1 121 149 115 74 2 1 1 1 1 1 1 1 1 1 1 1 1 1 1 18 9 1 2 57 29 1 1 1 211 4 1 1 1 0 1 1 1 1 1 1 5 24 94 47 1 1 1 1 1 1 2 203 234 252 5 1 1 1 1 1 0 0 0 0 0 29 22 0 1 1 1 1 1 0 1 2 161 188 208 160 49 3 1 2 1 1 1 1 1 1 1 1 0 0 1 3 1 30 27 1 1 1 0 0 0 1 1 9 249 120 1 1 1 109 1 1 1 1 1 0 0 0 1 1 5 56 55 5 1 1 95 4 2 2 1 1 1 1 201 247 9 6 56 1 4 1 1 1 49 1 1 170 1 1 1 1 1 1 1 15 200 123 1 1 78 1 1 1
0 0 0 0 0 0 0 0 0 0 0 0 0 0 0 0 0 0 0 0 0 0 0 0 0 0 0 0 0 0 0 0 0 0 0 0 0 0 0 0 0 0 0 0 0 0 0 0 0 0 0 1 1 51 4 1 1 1 2 86 34 3 2 1 1 1 1 1 1 2 5 9 26 32 31 3 1 1 31 12 5 62 143 247 218 1 1 0 1 1 0 0 0 0 0 0 0 0 0 0 0 0 0 0 0 0 0 0 0 0 0 0 0 0 0 0 0 121 4 0 0 0 1 1 11 1 1 1 19 1 1 0 0 1 1 1 1 2 1 0 1 2 2 2 2 1 48 1 0 0 0 2 1 0 0 1 1 1 0 0 1 1 1 0 0 0 1 1 2 2 0 0 1 1 1 0 0 0 0 0 0 0 0 0 0 0 0 1 1 1 20 225 82 0 0 0 3 1 1 3 3 3 2 1 1 1 1 1 1 1 1 1 2 3 3 2 1 1 1 204 60 1 1 0 1 1 1 0 0 0 0 0 0 0 0 0 0 0 0 0 0 0 0 0 0 0 0 0 0 0 1 1 1 7 15 238 88 1 1 1 1 1 111 220 232 180 72 106 100 15 1 1 0 2 1 0 0 0 0 1 1 1 0 0 0 0 1 0 0 0 0 0 0 0 0 0 0 0 0 0 0 0 0 0 0 0 0 0 16 177 1 1 0 0 0 0 1 1 1 1 1 1 1 1 1 64 43 1 1 1 1 0 0 0 0 0 0 0 0 1 1 1 1 1 1 112 96 23 107 85 3 1 1 1 0 0 0 0 0 0 1 1 1 1 13 50 57 2 1 1 1 1 157 125 1 1 1 1 1 1 1 1 1 8 2 1 1 29 100 92 70 7 1 1 1 2 203 234 252 4 1 1 1 1 1 0 0 0 1 31 19 0 0 1 1 1 1 40 166 212 139 41 1 1 0 0 1 1 1 1 0 1 1 1 1 1 0 1 3 1 1 1 3 40 10 1 1 0 0 1 1 2 246 160 8 1 46 43 1 1 0 0 1 1 1 1 1 1 1 1 2 44 61 15 97 10 2 1 1 1 1 1 252 67 1 5 55 1 4 1 1 1 51 1 111 78 1 1 0 1 1 1 1 43 211 32 1 1 79 1 1 1
0 0 0 0 0 0 0 0 0 0 0 0 0 0 0 0 0 0 0 0 0 0 0 0 0 0 0 0 0 0 0 0 0 0 0 0 0 0 0 0 0 0 0 0 0 0 0 0 0 0 0 1 1 2 57 1 1 4 91 6 1 1 1 1 1 1 1 1 1 1 1 1 1 1 1 1 2 44 4 1 1 49 250 2 1 0 1 1 1 0 0 0 0 0 0 0 0 0 0 0 0 0 0 0 0 0 0 0 0 0 0 0 0 0 0 0 0 135 1 0 0 0 1 11 1 1 1 1 2 15 1 1 0 1 1 1 1 1 1 1 3 2 1 1 0 1 45 1 0 0 0 3 1 0 0 0 1 1 0 0 0 1 1 0 0 0 0 1 4 1 0 0 1 1 1 0 0 0 0 0 0 0 0 0 0 0 0 0 1 1 1 1 227 1 0 1 4 1 0 1 1 0 0 0 0 0 0 0 1 1 1 0 0 0 1 1 2 3 3 5 207 31 1 1 0 1 1 1 1 0 0 0 0 0 0 0 0 0 0 0 0 0 0 0 0 0 0 0 0 1 1 0 1 1 137 232 1 0 0 0 0 0 1 1 1 168 227 231 171 99 106 74 2 1 0 0 0 0 0 0 0 1 1 1 0 0 1 0 0 3 11 1 1 0 0 0 0 0 0 0 0 0 0 0 0 0 0 0 131 101 1 0 0 0 0 0 0 1 1 1 1 0 1 1 1 1 43 94 9 1 1 1 1 0 0 0 0 0 1 1 1 1 1 1 1 1 107 104 1 10 102 96 5 1 1 1 0 0 0 0 0 1 1 1 7 4 1 1 1 1 1 1 8 209 1 1 1 1 0 1 1 3 6 1 1 1 1 1 1 3 12 93 10 1 1 1 2 202 234 252 4 1 1 1 1 1 0 1 1 34 15 1 1 1 58 133 204 211 169 8 1 1 0 0 0 0 0 1 1 0 0 0 1 1 1 1 1 1 3 1 1 1 1 1 13 39 2 1 1 1 1 1 169 237 110 1 108 1 1 1 0 0 1 1 1 1 1 0 1 1 1 1 1 30 153 65 2 1 1 1 1 146 249 18 1 5 57 1 3 1 1 1 51 2 170 1 1 0 0 1 1 1 2 137 202 1 1 11 45 1 0 0
0 0 0 0 0 0 0 0 0 0 0 0 0 0 0 0 0 0 0 0 0 0 0 0 0 0 0 0 0 0 0 0 0 0 0 0 0 0 0 0 0 0 0 0 0 0 0 0 0 0 1 1 1 1 55 45 96 86 3 1 1 1 1 1 1 1 1 1 1 1 1 0 0 1 1 7 41 1 1 1 0 1 248 1 0 1 1 0 0 0 0 0 0 0 0 0 0 0 0 0 0 0 0 0 0 0 0 0 0 0 0 0 0 0 0 0 0 139 1 0 0 1 8 2 1 1 1 1 1 14 2 1 1 1 0 1 1 1 1 1 2 1 0 0 0 1 7 16 0 0 0 3 1 1 1 1 1 1 0 0 0 1 1 1 1 0 1 1 3 0 0 0 1 1 0 0 0 0 0 0 0 0 0 0 0 0 0 0 1 1 0 1 213 40 1 2 2 0 0 0 0 0 0 0 0 0 0 0 1 1 0 0 0 0 0 0 0 0 0 0 5 207 13 1 0 0 0 1 1 0 0 0 0 0 0 0 0 0 0 0 0 0 0 0 0 0 0 0 0 1 0 0 1 1 239 50 0 0 0 0 0 0 0 0 1 1 1 2 178 228 231 187 122 100 7 1 0 0 0 0 0 0 0 1 1 0 1 1 1 14 4 29 20 7 1 0 0 0 0 0 0 0 0 0 0 0 0 0 187 3 1 0 0 0 0 0 0 0 1 1 1 1 0 1 1 1 1 4 111 10 1 1 1 1 1 1 0 1 1 1 1 1 1 1 1 1 1 92 114 1 1 5 94 104 12 1 1 1 0 0 1 1 4 6 1 1 1 1 1 0 1 1 1 205 16 1 1 1 1 1 7 3 1 1 1 1 1 1 1 1 1 4 98 1 1 1 1 2 204 235 252 3 1 1 1 1 1 1 1 49 21 44 161 216 202 164 48 1 3 36 1 0 0 0 1 1 0 1 1 1 1 1 1 1 1 1 1 0 3 1 1 1 1 1 1 1 30 27 1 1 1 1 13 249 119 1 111 1 1 1 0 0 1 1 0 0 1 1 0 1 1 1 1 7 71 27 61 50 3 1 1 252 82 15 1 3 61 1 4 2 1 1 51 129 51 1 1 1 1 1 1 1 11 201 124 1 1 63 4 0 0 0
0 0 0 0 0 0 0 0 0 0 0 0 0 0 0 0 0 0 0 0 0 0 0 0 0 0 0 0 0 0 0 0 0 0 0 0 0 0 0 0 0 0 0 0 0 0 0 0 1 1 1 2 31 106 100 29 2 1 1 1 1 1 1 1 0 0 0 1 1 1 1 1 9 43 50 23 1 0 0 1 1 1 198 222 1 1 0 0 0 0 0 0 0 0 0 0 0 0 0 0 0 0 0 0 0 0 0 0 0 0 0 0 0 0 0 0 0 139 1 0 1 3 6 1 1 0 0 1 1 1 17 1 1 1 1 1 1 1 1 1 2 1 1 0 0 1 1 47 1 0 0 4 2 2 1 1 1 1 1 0 0 1 1 0 1 1 1 1 3 0 0 1 1 1 0 0 0 0 0 0 0 0 0 0 0 0 0 0 0 1 1 1 25 227 186 106 1 0 0 0 0 0 0 0 0 0 0 0 1 1 0 0 0 0 0 0 0 0 0 1 1 18 208 8 1 0 0 0 1 1 0 0 0 0 0 0 0 0 0 0 0 0 0 0 0 0 0 0 0 1 0 1 1 110 234 1 0 0 0 0 0 0 0 0 0 0 0 1 1 1 1 185 230 232 217 115 56 1 1 0 0 0 1 1 1 1 1 1 1 32 12 6 13 20 26 20 5 1 0 0 0 0 0 0 0 0 0 0 191 1 1 0 0 0 0 0 0 0 0 0 1 1 1 1 1 1 1 1 2 106 1 1 1 0 0 1 1 1 1 1 1 0 1 1 1 1 1 1 80 119 1 1 1 2 81 107 22 1 1 1 1 7 2 1 1 0 0 1 1 0 0 1 1 78 183 1 1 1 1 9 1 1 1 1 0 0 0 1 1 1 1 1 111 1 0 1 1 1 2 204 235 252 3 1 1 1 1 1 10 105 105 209 161 4 1 1 1 1 1 54 1 0 0 1 1 1 1 1 1 1 0 0 1 1 1 1 1 0 1 1 1 1 1 1 0 1 1 4 40 10 1 1 4 248 141 26 83 1 1 0 0 0 0 1 0 0 0 1 1 1 1 1 7 6 38 4 1 4 54 62 113 252 1 13 1 3 65 1 8 17 6 1 67 168 1 1 1 1 1 1 1 1 44 211 35 1 1 2 80 1 1 1
0 0 0 0 0 0 0 0 0 0 0 0 0 0 0 0 0 0 0 0 0 0 0 0 0 0 0 0 0 0 0 0 0 0 0 0 0 0 0 0 0 0 0 0 0 0 0 1 1 3 99 110 54 3 1 1 1 1 1 1 1 0 0 0 1 1 1 1 2 8 42 46 20 2 1 1 0 0 0 1 1 1 1 248 7 0 0 0 0 0 0 0 0 0 0 0 0 0 0 0 0 0 0 0 0 0 0 0 0 0 0 0 0 0 0 0 0 139 1 1 1 13 1 1 0 0 0 0 1 1 2 16 4 1 1 2 1 2 2 2 4 3 1 1 1 1 2 77 1 0 0 4 1 1 1 1 2 2 1 1 1 1 1 1 1 1 1 1 3 0 0 1 1 0 0 0 0 0 0 0 0 0 0 0 0 0 0 0 0 1 1 0 1 150 126 226 6 0 0 0 0 0 0 0 0 0 0 0 1 1 0 0 0 0 0 0 0 0 1 1 1 1 163 143 1 1 0 0 0 1 1 0 0 0 0 0 0 0 0 0 0 0 0 0 0 0 0 0 0 1 1 1 1 240 30 0 0 0 0 0 0 0 0 0 0 0 0 0 0 0 1 30 1 1 155 230 235 213 106 16 1 0 0 0 0 1 1 1 2 46 1 1 1 2 13 16 22 26 21 3 1 0 0 0 0 0 0 1 190 1 1 0 0 0 0 0 0 0 0 0 0 1 1 1 0 1 1 1 1 37 60 1 1 1 1 1 1 1 1 1 1 1 1 1 1 1 1 1 1 73 123 1 1 1 1 1 65 106 33 7 5 1 1 0 0 0 0 1 1 1 1 1 1 2 213 2 1 4 6 1 1 1 1 1 1 1 1 1 1 1 1 1 111 1 1 1 1 1 1 2 204 235 252 2 3 12 13 7 1 93 209 1 1 0 1 1 0 0 1 38 3 1 1 1 1 1 1 1 1 1 0 1 1 1 1 1 1 0 1 3 1 0 1 1 1 1 1 1 1 13 37 2 1 196 230 174 12 1 1 1 1 0 0 1 1 0 0 0 0 1 1 6 6 1 34 5 1 1 1 2 252 191 47 6 1 2 64 1 2 10 19 1 186 34 1 1 1 1 1 1 0 2 141 199 1 1 1 3 63 1 1 1
0 0 0 0 0 0 0 0 0 0 0 0 0 0 0 0 0 0 0 0 0 0 0 0 0 0 0 0 0 0 0 0 0 0 0 0 0 0 0 0 0 0 0 0 0 0 1 1 1 111 7 1 1 1 1 1 1 1 1 1 1 0 1 1 1 2 6 36 43 19 2 1 1 0 0 0 0 0 1 1 1 1 98 246 88 2 1 1 0 0 0 0 0 0 0 0 0 0 0 0 0 0 0 0 0 0 0 0 0 0 0 0 0 0 0 0 0 137 1 2 15 2 0 0 0 0 0 0 0 1 1 1 7 17 18 16 22 9 7 7 11 12 18 17 15 10 7 78 1 0 0 4 1 1 1 1 1 1 1 1 2 2 2 2 2 2 1 3 1 0 0 1 1 0 0 0 0 0 0 0 0 0 0 0 0 0 0 0 0 1 1 1 1 1 1 74 204 1 0 0 0 0 0 0 0 0 0 0 1 1 0 0 0 0 0 0 0 1 110 219 219 219 207 3 1 1 1 0 0 0 1 1 0 0 0 0 0 0 0 0 0 0 0 0 0 0 0 0 0 1 1 1 124 232 1 0 0 0 0 0 0 0 1 1 0 0 0 0 0 0 27 1 0 1 1 1 1 176 230 237 186 92 3 1 0 1 1 1 10 23 1 1 1 1 1 1 4 18 20 29 32 17 1 1 0 0 0 1 190 1 1 0 0 0 0 0 0 0 0 0 0 0 1 1 0 0 1 1 1 1 60 46 1 1 1 1 1 1 0 0 0 0 0 0 0 1 1 1 1 1 65 128 1 1 1 1 1 2 71 108 42 1 1 1 1 1 0 1 1 1 1 1 1 1 182 85 7 2 1 1 1 1 1 1 1 1 1 1 0 0 1 1 99 4 0 1 1 1 1 1 4 210 243 252 10 1 1 1 1 97 209 1 0 1 1 1 0 0 1 2 43 1 1 1 0 1 0 0 1 1 0 1 1 1 1 1 1 0 0 3 1 0 0 0 1 1 1 1 1 1 1 32 21 22 248 194 1 1 1 0 1 1 1 1 1 0 0 0 0 1 6 7 1 1 27 9 1 1 1 38 252 2 81 104 83 9 66 1 1 11 19 3 202 1 1 0 1 1 1 1 1 8 202 124 1 1 1 63 3 0 0 0
0 0 0 0 0 0 0 0 0 0 0 0 0 0 0 0 0 0 0 0 0 0 0 0 0 0 0 0 0 0 0 0 0 0 0 0 0 0 0 0 0 0 0 0 0 1 1 1 19 75 1 1 1 1 1 0 0 1 1 1 1 1 1 3 32 41 25 3 1 1 1 0 0 0 0 0 0 1 1 1 2 225 236 9 3 65 1 1 1 0 0 0 0 0 0 0 0 0 0 0 0 0 0 0 0 0 0 0 0 0 0 0 0 0 0 0 0 137 1 13 1 0 0 0 0 0 0 0 0 1 1 1 1 9 2 1 3 4 2 1 3 2 1 1 1 1 1 75 1 0 0 5 1 1 0 0 0 1 1 1 1 1 1 1 1 1 2 3 3 1 1 1 1 0 0 0 0 0 0 0 0 0 0 0 0 0 0 0 1 1 1 1 1 0 0 1 226 2 1 0 0 0 0 0 0 0 0 0 1 1 0 0 0 0 0 0 1 115 186 1 1 1 1 0 0 1 1 0 0 0 0 1 1 1 0 0 0 0 0 0 0 0 0 0 0 0 0 0 0 0 1 1 241 16 0 0 0 0 0 0 0 0 1 0 0 0 0 0 0 2 22 0 0 0 0 0 1 1 1 2 204 231 236 147 66 1 1 1 35 5 1 1 1 1 1 1 1 1 1 8 19 25 33 32 36 5 0 1 189 1 0 0 0 0 0 0 0 0 0 0 0 0 1 1 0 0 0 1 1 1 1 42 103 7 1 1 0 0 0 0 0 0 0 0 0 0 1 1 0 1 1 57 135 1 1 1 2 2 1 1 38 98 55 2 1 1 1 0 0 1 1 1 1 1 17 215 2 1 0 1 1 1 1 1 1 1 1 1 0 0 1 1 69 19 1 1 1 2 15 22 17 29 215 241 251 2 1 1 1 101 209 1 1 1 0 1 0 1 1 1 55 1 1 0 0 1 1 0 0 1 1 1 1 1 1 1 1 0 1 3 1 1 0 0 0 0 1 1 1 1 1 1 5 65 249 196 4 1 0 0 0 0 1 1 1 1 0 1 1 6 7 1 1 1 19 15 1 1 1 247 189 1 53 1 9 105 154 12 12 2 19 71 167 1 1 0 1 1 1 0 1 44 210 42 1 1 1 83 1 0 0 0
0 0 0 0 0 0 0 0 0 0 0 0 0 0 0 0 0 0 0 0 0 0 0 0 0 0 0 0 0 0 0 0 0 0 0 0 0 0 0 0 0 0 0 0 0 1 1 1 117 2 1 1 0 1 0 0 0 0 1 2 1 3 16 37 4 1 1 1 0 0 0 0 0 0 0 0 0 1 1 128 243 167 1 1 1 74 1 1 1 1 0 0 0 0 0 0 0 0 0 0 0 0 0 0 0 0 0 0 0 0 0 0 0 0 0 0 0 138 15 1 0 0 0 0 1 1 0 0 0 0 1 1 4 4 1 1 1 3 5 5 6 1 1 1 1 1 1 68 2 1 1 4 1 1 0 0 0 0 0 0 0 0 0 0 0 1 1 1 3 0 1 0 1 0 0 0 0 0 0 0 0 0 0 0 0 0 0 0 0 0 0 1 1 1 0 1 34 222 10 1 0 0 0 0 0 0 0 1 1 1 0 0 0 0 0 1 44 202 1 0 0 0 0 1 1 1 0 0 0 0 0 0 1 1 1 0 0 0 0 0 0 0 0 0 0 0 0 0 0 0 1 138 231 0 0 0 0 0 0 0 0 1 1 0 0 0 0 0 0 33 1 1 1 0 0 1 1 1 0 1 1 1 27 222 232 227 131 128 121 2 1 1 1 1 1 1 1 1 1 1 1 2 16 25 41 63 48 5 179 1 0 0 0 0 0 0 0 0 0 0 0 0 1 1 1 0 0 0 1 1 1 1 1 91 16 1 1 0 0 0 0 0 0 0 0 0 0 1 1 1 1 1 44 140 3 2 1 1 1 1 1 1 25 94 68 3 1 1 1 0 1 1 1 1 2 216 6 1 0 1 1 1 0 0 1 1 1 0 0 1 1 1 21 68 4 20 28 17 2 1 1 1 3 211 242 250 1 1 1 102 209 1 1 1 0 1 0 1 1 1 48 1 0 0 0 1 1 0 0 1 1 0 1 1 1 1 1 1 2 3 1 1 1 0 0 0 1 1 1 1 1 1 1 23 220 238 158 1 1 1 1 1 1 0 1 1 1 1 6 7 1 1 1 1 16 18 1 1 13 252 2 1 52 1 1 3 91 79 98 25 39 70 155 1 1 0 1 1 0 1 2 130 203 1 1 1 1 81 1 0 0 0
0 0 0 0 0 0 0 0 0 0 0 0 0 0 0 0 0 0 0 0 0 0 0 0 0 0 0 0 0 0 0 0 0 0 0 0 0 0 0 0 0 0 0 0 1 1 1 8 95 1 1 1 1 0 0 0 0 0 1 6 49 37 11 1 1 1 0 0 1 1 0 0 0 0 0 1 1 5 231 233 9 1 1 1 1 102 68 3 1 1 0 0 0 0 0 0 0 0 0 0 0 0 0 0 0 0 0 0 0 0 0 0 0 0 0 0 1 169 20 4 1 1 1 0 1 1 0 0 0 0 0 1 10 1 1 1 1 1 1 1 2 3 1 1 1 1 2 37 32 1 1 5 1 1 0 0 0 0 0 0 0 0 0 0 0 0 1 1 3 0 1 1 1 0 0 0 0 0 0 0 0 0 0 0 0 0 0 0 0 0 0 0 1 1 0 0 1 4 219 28 1 1 0 0 0 0 0 1 1 1 0 0 0 0 1 15 211 1 1 0 1 1 1 1 1 1 0 0 0 0 0 0 0 0 1 1 1 0 0 0 0 1 1 0 0 0 0 0 0 1 1 241 8 0 0 0 0 0 0 0 0 1 0 0 0 0 0 0 5 11 1 1 1 1 0 1 1 1 0 0 1 1 1 1 1 109 230 92 54 99 2 1 1 1 1 1 1 1 1 1 1 1 1 13 48 33 49 94 122 1 0 0 0 0 0 0 0 0 0 0 0 0 1 1 0 0 0 0 0 1 1 1 1 1 79 20 1 1 0 0 0 0 0 0 0 0 0 0 1 1 1 1 1 42 147 2 1 1 0 0 0 1 1 1 13 90 77 3 1 1 1 1 2 1 1 125 167 1 0 1 1 0 0 1 0 1 1 0 1 1 1 2 7 133 12 1 1 1 1 1 1 0 1 3 212 245 250 1 1 98 206 1 0 1 1 1 1 1 1 1 1 47 1 1 1 1 1 0 0 1 0 1 1 1 3 6 8 4 2 1 1 1 1 1 1 0 1 1 1 1 1 1 1 52 124 250 171 30 1 1 1 1 1 1 1 1 1 6 7 1 1 1 1 0 12 22 1 1 240 216 1 3 40 1 1 5 95 1 1 43 138 30 155 1 1 1 1 0 0 1 6 202 126 1 1 1 1 77 0 0 0 1
0 0 0 0 0 0 0 0 0 0 0 0 0 0 0 0 0 0 0 0 0 0 0 0 0 0 0 0 0 0 0 0 0 0 0 0 0 0 0 0 0 0 0 0 1 1 1 110 3 2 1 1 1 1 0 0 0 0 1 37 3 1 1 0 0 0 0 1 1 1 0 0 0 1 1 2 153 243 149 1 1 1 1 1 1 9 1 58 22 1 1 1 1 1 0 0 0 0 0 0 0 0 0 0 0 0 0 0 0 0 0 0 0 0 0 0 1 174 1 3 10 2 1 0 1 0 0 0 0 0 1 7 2 1 0 0 1 1 1 1 1 3 1 3 5 4 3 6 79 1 1 5 1 1 0 0 0 0 0 0 0 0 0 0 0 0 1 3 1 0 0 1 0 0 0 0 0 0 0 0 0 0 0 0 0 0 0 0 0 0 0 0 0 1 1 0 0 0 2 216 52 1 1 1 0 0 0 1 1 1 0 0 1 1 78 213 2 0 1 0 1 1 0 0 0 0 0 0 0 0 0 0 0 0 0 0 1 1 1 0 1 1 0 0 0 0 0 0 0 1 150 229 1 0 0 0 0 0 0 0 1 1 1 0 0 0 0 1 34 1 0 0 0 1 0 0 1 0 0 1 1 0 1 0 1 1 7 231 230 230 221 100 9 1 1 1 1 1 1 1 1 1 2 28 1 1 1 28 46 1 0 0 0 0 0 0 0 0 0 0 0 1 1 1 0 0 0 0 0 0 1 1 1 1 1 97 5 1 1 0 0 0 0 0 0 0 0 0 0 1 1 1 1 1 29 146 2 1 1 1 1 0 0 0 1 1 8 86 83 5 1 1 1 1 1 3 216 1 1 1 1 0 0 0 0 1 1 1 2 4 3 2 1 128 5 5 1 1 1 1 1 1 1 1 3 209 247 249 2 77 211 1 1 1 1 1 1 0 0 1 1 52 1 1 0 0 0 0 1 1 1 1 1 3 6 1 1 1 1 2 2 1 1 1 1 1 1 0 1 1 1 1 26 36 42 249 136 6 52 8 1 1 1 0 1 1 6 7 1 1 1 1 1 1 9 27 1 5 252 5 1 30 6 1 1 11 75 1 1 2 58 10 171 43 3 1 1 1 0 1 43 209 51 1 1 1 4 61 0 0 0 1
0 0 0 0 0 0 0 0 0 0 0 0 0 0 0 0 0 0 0 0 0 0 0 0 0 0 0 0 0 0 0 0 0 0 0 0 0 0 0 0 0 0 0 1 1 1 3 107 1 1 1 2 2 2 2 1 0 1 1 42 1 1 0 0 0 0 0 1 1 1 0 1 1 3 124 241 229 5 1 1 1 1 1 1 0 8 1 1 17 72 27 1 1 1 1 1 0 0 0 0 0 0 0 0 0 0 0 0 0 0 0 0 0 0 0 1 1 172 1 1 1 6 7 1 1 1 9 9 8 8 3 10 1 0 0 1 1 1 1 0 1 1 4 2 1 1 1 1 87 4 1 5 1 0 0 0 0 0 0 0 0 0 0 0 0 0 1 3 1 0 0 1 0 0 0 0 0 0 0 0 0 0 0 0 0 0 0 0 0 0 0 0 0 0 1 1 1 0 0 1 211 225 225 218 177 19 1 1 1 1 0 1 65 224 204 3 1 0 0 0 1 1 1 0 0 0 0 0 0 0 0 0 0 0 0 0 0 0 1 1 1 1 0 0 0 0 0 0 1 1 241 4 0 0 0 0 0 0 0 0 1 0 1 1 0 0 0 13 5 1 0 0 0 0 0 0 0 0 0 1 1 1 1 1 0 0 1 91 1 1 132 226 235 172 77 2 1 1 1 1 1 1 26 2 1 1 1 63 3 1 0 0 0 0 0 0 0 0 0 0 0 1 1 0 0 0 0 0 0 0 0 1 1 1 1 1 100 12 1 1 0 0 0 0 0 0 0 0 1 1 1 1 1 1 1 24 148 2 1 1 1 1 1 1 0 0 1 1 5 88 99 10 1 1 1 1 205 34 1 1 1 0 1 1 1 3 4 3 1 1 1 1 1 103 20 21 27 2 1 1 1 1 1 1 1 3 201 245 253 200 217 1 0 0 1 1 1 1 0 1 1 3 37 1 1 1 1 1 1 1 2 1 1 3 2 0 0 1 1 1 4 1 1 1 1 1 1 1 1 1 1 15 39 3 30 219 225 36 1 25 44 1 1 1 1 6 7 1 1 0 1 1 0 1 6 31 1 225 233 1 1 46 1 1 3 7 73 1 1 23 19 6 125 2 35 49 10 1 1 2 112 206 1 1 0 1 16 38 0 0 0 1
0 0 0 0 0 0 0 0 0 0 0 0 0 0 0 0 0 0 0 0 0 0 0 0 0 0 0 0 0 0 0 0 0 0 0 0 0 0 0 0 0 1 1 1 1 12 113 6 0 1 1 1 1 1 1 1 1 1 35 3 1 0 0 0 1 1 0 1 1 1 1 87 238 245 235 43 1 1 1 0 1 1 1 1 1 7 1 1 1 1 13 65 53 5 1 1 1 1 1 1 1 1 1 1 1 0 0 0 0 0 0 0 0 1 1 1 1 172 1 1 1 0 2 11 11 9 1 1 1 1 13 1 0 0 0 1 0 1 1 1 1 1 1 1 1 1 1 1 58 4 9 4 1 1 0 0 0 0 0 0 0 0 0 0 0 1 2 1 0 0 0 1 0 0 0 0 0 0 0 0 0 0 0 0 0 0 0 0 0 0 0 0 0 0 1 1 1 1 1 1 1 1 1 11 139 215 224 207 178 167 152 207 204 1 1 11 2 1 1 1 1 1 1 1 0 0 0 0 0 0 0 0 0 0 0 0 0 0 0 1 1 1 1 1 0 0 0 0 1 163 225 1 0 0 0 0 0 0 0 1 1 0 0 1 1 0 1 32 0 1 0 0 0 0 1 0 0 0 0 0 1 1 1 1 1 1 18 42 1 1 1 1 3 202 228 232 133 49 1 1 1 16 6 1 0 0 1 75 1 1 0 0 0 0 0 0 0 0 0 0 0 1 1 0 0 0 0 0 0 0 0 0 1 1 1 1 4 90 1 1 1 0 0 0 0 0 1 1 1 1 1 1 1 1 1 1 21 147 3 1 1 0 0 1 1 1 1 1 1 1 2 74 98 16 1 1 35 205 1 1 1 1 3 4 2 1 1 1 0 0 0 1 1 71 1 1 3 32 37 39 39 38 15 1 1 1 4 202 173 250 255 42 1 1 1 1 1 1 0 1 1 1 55 1 1 1 1 1 1 1 1 1 1 4 1 0 0 0 1 1 2 2 2 1 1 1 1 1 1 1 7 51 3 1 2 74 248 126 1 1 1 46 25 1 6 8 1 1 0 0 0 1 1 1 3 39 2 252 10 1 1 48 1 1 1 12 76 1 2 19 10 33 96 1 1 1 16 45 23 5 199 131 1 1 0 1 3 62 0 0 1 1
0 0 0 0 0 0 0 0 0 0 0 0 0 0 0 0 0 0 0 0 0 0 0 0 0 0 0 0 0 0 0 0 0 0 0 0 0 0 0 1 1 1 2 64 112 83 2 1 1 0 0 0 0 0 1 2 1 14 26 1 0 0 0 0 1 1 1 2 54 238 245 238 79 1 1 1 0 0 0 1 1 0 0 1 1 1 8 1 0 1 1 1 3 45 65 65 50 37 43 54 60 66 67 40 1 1 1 0 0 0 1 1 1 1 7 39 61 183 43 2 1 1 1 1 1 1 0 0 0 0 4 0 0 0 0 0 1 1 1 1 1 1 1 1 1 1 1 1 60 1 2 20 1 1 1 0 0 0 0 0 0 0 0 0 0 1 4 1 0 0 1 1 0 0 0 0 0 0 0 0 0 0 0 0 0 0 0 0 0 0 0 0 0 0 0 0 0 0 0 0 0 0 1 1 1 1 1 54 149 154 165 51 1 1 0 1 11 3 1 1 1 1 0 1 1 0 0 0 0 0 0 0 0 0 0 0 0 0 1 1 0 1 1 1 1 0 1 1 1 243 2 1 0 0 0 0 0 0 0 1 1 1 0 0 1 1 23 2 1 1 0 0 0 0 1 0 0 0 0 0 0 1 1 1 1 1 33 27 1 1 1 1 1 1 1 36 220 231 224 122 128 94 1 1 1 1 1 71 1 1 0 0 0 0 0 0 0 0 0 0 1 1 1 1 0 0 0 0 0 0 0 0 1 1 1 0 1 105 2 1 1 1 0 0 0 1 1 1 1 1 0 0 1 1 1 1 1 18 149 4 1 1 0 0 1 1 1 1 1 1 1 1 2 63 99 26 2 217 1 1 2 2 1 1 1 1 0 0 0 0 0 1 1 71 1 1 1 1 1 1 1 1 9 23 1 1 1 23 208 94 247 230 1 1 1 1 1 1 1 0 1 1 31 8 1 1 1 1 1 1 1 1 1 4 1 0 0 0 0 1 1 2 1 2 2 1 1 2 2 7 59 3 1 1 1 40 249 130 1 0 1 1 7 67 31 1 1 1 0 0 0 1 1 1 2 46 204 245 1 1 1 43 1 1 1 12 82 1 20 1 13 92 39 1 0 1 1 1 19 79 207 62 1 0 0 1 36 25 4 2 1 1
0 0 0 0 0 0 0 0 0 0 0 0 0 0 0 0 0 0 0 0 0 0 0 0 0 0 0 0 0 0 0 0 0 0 0 0 0 0 1 1 1 52 109 24 1 1 1 1 1 0 0 0 0 0 1 2 4 41 3 7 1 1 1 1 1 47 235 245 241 100 1 2 1 1 0 0 0 1 1 1 0 0 0 0 0 0 2 4 0 0 0 1 1 1 1 1 3 7 5 3 2 1 1 7 38 1 1 1 1 1 1 1 28 65 33 6 2 2 73 135 70 1 1 1 1 0 0 0 0 1 2 0 0 0 0 0 1 1 0 1 1 1 1 1 1 0 0 1 60 1 2 2 13 2 1 1 0 0 0 0 0 0 0 0 0 2 2 1 0 0 1 0 0 0 0 0 0 0 0 0 0 0 0 0 0 0 0 0 0 0 0 0 0 0 0 0 0 0 0 0 0 0 0 0 0 0 1 1 6 1 1 1 0 0 0 0 1 7 15 15 5 1 1 0 1 1 0 0 0 0 0 0 0 0 0 0 0 1 1 0 0 0 0 1 1 1 1 1 170 222 0 1 0 0 0 0 0 0 1 1 0 1 1 1 0 1 27 1 1 1 0 0 0 1 1 0 0 0 0 0 1 1 1 1 1 2 59 3 1 1 1 1 1 0 0 1 1 1 109 227 146 146 211 97 60 32 11 74 1 0 0 0 0 0 0 0 0 0 0 0 1 1 0 1 1 1 1 0 0 0 0 0 0 1 1 1 1 2 105 1 1 1 1 1 1 1 1 1 1 0 0 0 0 1 1 1 1 1 10 153 6 1 1 1 1 1 1 1 1 1 1 0 1 1 1 49 104 222 2 3 2 1 0 0 1 0 0 0 0 0 0 1 1 63 1 1 1 0 0 1 1 1 1 27 3 1 1 1 180 125 196 252 2 1 1 1 1 1 1 1 0 1 1 37 1 0 1 1 1 1 1 1 1 5 1 1 1 1 1 1 1 2 1 1 1 2 1 1 2 55 4 1 1 1 1 33 227 208 66 1 1 1 3 4 16 34 2 1 1 0 0 0 1 1 1 58 252 31 1 1 12 15 1 1 1 2 101 6 8 1 14 123 6 1 0 1 1 1 16 106 207 1 1 0 1 1 68 1 1 1 3 4
0 0 0 0 0 0 0 0 0 0 0 0 0 0 0 0 0 0 0 0 0 0 0 0 0 0 0 0 0 0 0 0 0 0 0 0 0 1 1 1 75 36 1 1 1 1 1 0 0 0 0 0 0 1 1 2 43 1 1 1 7 4 21 224 245 241 130 2 1 1 1 1 1 0 0 1 1 1 0 0 0 0 0 0 0 0 5 1 0 0 0 0 1 1 1 1 1 1 1 1 1 1 1 1 13 44 8 9 25 45 58 62 10 1 1 1 1 0 1 1 137 1 0 0 0 0 0 0 0 4 1 1 0 0 0 0 0 1 1 1 1 1 0 1 0 0 0 1 52 4 1 1 1 9 7 1 1 0 0 0 0 0 0 0 1 4 1 1 0 0 1 0 0 0 0 0 0 0 0 0 0 0 0 0 0 0 0 0 0 0 0 0 0 0 0 0 0 0 0 0 0 0 0 0 0 0 0 3 2 1 1 0 0 0 0 0 0 0 0 1 4 16 6 1 1 1 1 0 0 0 0 0 0 0 0 0 0 0 1 1 0 0 0 0 1 1 1 54 238 2 1 0 0 0 0 0 0 0 1 0 0 0 0 1 1 31 1 0 1 1 1 0 0 1 0 0 0 0 0 0 1 0 0 1 1 6 57 1 1 1 1 1 1 1 1 1 1 1 1 2 209 211 188 232 233 153 59 137 110 28 1 0 0 0 0 0 0 0 0 1 1 1 0 0 0 0 1 1 0 0 0 0 0 0 1 1 1 1 2 101 3 1 1 1 1 1 1 0 0 0 0 0 1 1 1 1 1 1 1 6 153 6 1 1 1 1 0 0 0 0 1 1 1 1 1 1 5 230 55 10 1 1 0 0 1 0 0 0 0 0 0 1 1 41 7 1 0 0 0 1 1 1 1 11 9 1 1 1 10 217 182 239 234 1 1 1 1 1 1 1 1 1 1 43 1 0 1 1 1 1 1 1 1 5 1 1 1 1 0 0 1 2 1 1 1 1 1 1 55 4 1 1 1 1 1 3 98 246 125 1 1 3 3 1 1 1 32 19 1 1 0 1 1 0 1 197 249 1 1 1 41 1 1 1 1 1 86 40 1 1 11 135 2 1 0 1 1 1 21 200 127 1 0 1 1 1 67 1 0 0 0 0
0 0 0 0 0 0 0 0 0 0 0 0 0 0 0 0 0 0 0 0 0 0 0 0 0 0 0 0 0 0 0 0 0 0 0 0 1 1 1 87 25 1 1 1 0 0 0 0 0 0 0 0 1 1 2 38 2 1 0 1 1 3 241 169 4 1 1 1 0 0 0 2 1 1 1 1 0 0 0 0 0 0 0 0 0 1 8 0 0 0 0 0 0 0 0 1 1 0 1 0 0 0 0 0 1 4 34 29 12 4 2 1 1 1 0 0 0 0 1 102 15 1 1 1 0 0 0 0 0 4 1 1 1 0 0 0 0 0 1 1 1 1 1 1 1 1 1 1 15 26 1 1 1 1 3 13 1 1 0 0 0 0 0 0 1 4 1 0 0 0 1 0 0 0 0 0 0 0 0 0 0 0 0 0 0 0 0 0 0 0 0 0 0 0 0 0 0 0 0 0 0 0 0 0 0 0 1 6 1 1 0 0 0 0 0 0 0 0 0 0 0 0 3 15 8 1 1 1 0 0 0 0 0 0 0 0 0 0 0 1 0 0 0 0 0 1 1 185 216 0 1 0 0 0 0 0 0 1 1 0 0 0 0 0 3 16 0 0 0 1 1 1 1 1 0 0 0 0 0 0 1 1 1 1 1 16 21 5 1 1 1 1 1 1 1 1 1 1 1 1 3 1 1 1 7 210 235 223 4 52 108 12 1 0 0 0 0 0 0 1 1 1 0 0 0 0 0 1 1 1 0 0 0 0 0 1 1 1 1 6 93 103 27 1 1 0 0 0 0 0 0 1 1 0 0 1 1 1 1 1 5 154 5 1 1 0 0 0 0 0 0 0 1 1 1 1 5 226 1 10 31 4 1 1 1 0 0 0 0 0 0 1 1 10 34 1 0 0 1 1 0 1 1 34 1 1 0 1 1 133 230 212 245 229 1 1 1 1 1 1 1 1 1 14 9 1 1 1 1 1 1 0 1 5 1 1 0 0 0 0 1 1 2 1 1 1 1 47 5 2 1 0 1 1 1 1 39 249 112 4 3 3 1 0 1 1 1 6 38 5 1 1 1 1 1 252 69 1 1 1 47 1 1 1 1 1 103 22 1 9 2 140 1 1 1 1 1 3 54 204 70 1 0 1 1 39 7 1 0 0 0 1
0 0 0 0 0 0 0 0 0 0 0 0 0 0 0 0 0 0 0 0 0 0 0 0 0 0 0 0 0 0 0 0 0 0 0 1 1 1 91 13 1 1 1 1 0 0 0 0 0 0 1 1 1 16 37 2 1 1 1 1 0 1 241 3 1 1 1 0 0 1 1 2 1 1 0 0 0 0 0 0 0 0 0 0 0 4 2 0 0 0 0 0 0 0 0 0 0 0 0 0 0 0 0 0 0 1 1 1 1 1 1 1 0 0 0 0 0 0 57 64 0 0 0 0 0 0 0 0 1 2 1 1 1 1 0 0 0 0 1 1 0 1 1 1 1 1 1 1 2 64 1 1 1 1 1 1 12 2 1 0 0 0 0 0 3 1 1 0 0 1 1 0 0 0 0 0 0 0 0 0 0 0 0 0 0 0 0 0 0 0 0 0 0 0 0 0 0 0 0 0 0 0 0 0 0 1 6 1 1 1 0 0 0 0 0 0 0 0 0 0 0 0 0 0 2 14 4 1 0 0 0 0 0 0 0 0 0 0 0 1 1 0 0 0 1 1 3 242 1 1 1 0 0 0 0 0 1 1 0 0 0 0 0 1 34 1 0 0 0 1 1 0 0 0 0 0 0 0 0 0 1 0 1 1 1 26 28 2 1 1 1 1 1 1 1 1 1 1 1 1 2 1 1 1 1 1 19 104 233 199 1 70 106 6 1 0 0 0 1 1 1 0 0 0 0 0 0 0 0 1 1 1 0 0 1 1 1 1 1 1 1 1 104 1 1 0 0 0 0 0 1 1 0 0 0 1 1 0 1 1 1 16 157 6 1 1 1 0 0 0 0 1 1 1 1 2 1 226 1 1 2 17 7 4 1 1 0 0 0 0 0 1 1 2 56 1 0 0 1 0 1 1 1 41 1 1 1 1 1 123 187 17 223 247 229 1 1 1 1 1 1 1 1 1 41 1 1 1 1 1 1 1 1 3 1 1 1 0 0 1 1 1 2 1 1 1 17 25 3 1 1 0 1 0 1 1 34 235 160 130 3 1 0 0 1 0 1 1 1 20 31 1 1 1 102 252 1 1 1 1 46 1 1 1 1 1 117 6 1 16 1 140 1 0 1 1 1 16 102 209 1 1 0 0 1 68 1 0 0 0 0 1
0 0 0 0 0 0 0 0 0 0 0 0 0 0 0 0 0 0 0 0 0 0 0 0 0 0 0 0 0 0 0 0 0 0 1 1 1 87 18 1 1 1 0 1 1 1 1 1 1 1 1 7 40 10 1 0 0 0 0 0 1 1 212 182 1 1 1 1 1 1 1 2 1 0 0 0 0 0 0 0 0 0 0 0 0 8 1 0 0 0 0 0 0 0 0 0 0 0 0 0 0 0 0 0 0 0 0 1 1 1 1 0 0 0 0 0 1 41 78 1 0 0 0 0 0 0 0 0 4 1 0 1 1 1 1 0 0 0 0 1 1 1 0 0 0 0 0 0 1 72 1 1 0 1 1 1 1 11 2 1 0 0 0 1 4 1 0 0 0 0 0 0 0 0 0 0 0 0 0 0 0 0 0 0 0 0 0 0 0 0 0 0 0 0 0 0 0 0 0 0 0 0 0 0 1 6 1 0 1 1 0 0 0 0 0 0 0 0 0 0 0 0 0 0 0 0 4 14 3 1 0 0 0 0 0 0 0 0 0 0 1 0 0 0 1 1 187 213 0 1 0 0 0 0 0 0 1 0 0 0 0 0 0 8 7 0 0 0 0 0 1 0 0 0 0 0 0 0 0 0 1 0 0 0 1 57 3 1 1 0 0 1 1 1 1 1 1 1 1 1 2 1 0 1 1 1 24 1 1 151 235 167 1 80 105 9 1 1 1 1 1 0 0 0 0 0 0 0 0 0 0 1 1 1 1 1 1 1 1 1 0 1 106 1 1 1 0 0 0 0 1 1 0 0 1 1 0 1 1 1 2 1 4 154 11 1 1 1 0 0 0 1 1 1 1 3 1 226 2 1 1 1 11 2 6 5 1 1 0 0 0 1 1 1 65 1 0 1 1 1 1 1 1 35 1 1 1 1 1 125 183 1 1 208 247 227 1 1 1 1 1 1 1 1 37 1 1 1 1 1 1 1 1 3 1 1 1 1 1 1 1 1 2 1 1 15 30 3 1 1 1 1 1 0 1 1 4 126 245 140 1 0 0 0 1 0 0 1 1 1 2 35 14 1 251 172 1 1 1 3 31 1 1 1 1 9 109 2 1 16 1 140 1 0 1 1 1 21 202 131 1 1 0 0 3 51 1 0 0 0 1 218
0 0 0 0 0 0 0 0 0 0 0 0 0 0 0 0 0 0 0 0 0 0 0 0 0 0 0 0 0 0 0 0 1 1 1 2 96 14 1 1 1 0 0 0 0 1 1 9 28 43 44 24 2 1 0 0 0 0 0 0 1 1 3 243 9 1 1 1 1 2 1 1 0 0 0 0 0 0 0 0 0 0 0 0 1 7 1 0 0 0 0 0 0 0 0 0 0 0 0 0 0 0 0 0 0 0 0 1 0 0 0 0 0 0 0 0 27 94 1 0 0 0 0 0 0 0 0 1 3 0 0 0 0 1 1 1 0 0 0 1 1 0 0 0 0 0 0 0 1 73 1 1 1 1 0 1 1 1 10 3 1 1 0 1 4 0 0 0 0 0 0 0 0 0 0 0 0 0 0 0 0 0 0 0 0 0 0 0 0 0 0 0 0 0 0 0 0 0 0 0 0 0 1 2 7 1 0 0 1 1 0 0 0 0 0 0 0 0 0 0 0 0 0 0 0 0 0 1 6 10 1 1 0 0 0 0 0 0 0 0 1 1 0 1 1 30 240 1 1 1 0 0 0 0 0 1 1 0 0 0 0 0 1 32 1 0 0 0 0 0 1 0 0 0 0 0 0 1 1 1 1 1 1 1 1 69 1 1 1 1 1 1 0 1 0 0 1 1 1 1 1 1 0 0 1 3 10 0 0 1 1 190 233 118 1 73 107 100 5 1 1 0 0 0 0 0 0 0 0 0 0 0 0 1 0 1 1 1 1 1 1 1 103 1 1 1 0 0 0 0 1 1 0 0 1 0 1 1 1 1 1 1 1 3 152 13 1 1 1 1 0 1 0 1 2 1 1 223 4 1 1 1 1 11 1 1 5 6 1 1 0 1 0 1 69 1 1 1 1 1 1 22 35 1 1 1 1 1 1 131 172 1 1 1 207 247 224 2 1 1 0 1 1 1 3 25 1 0 0 0 0 1 2 1 0 1 1 2 1 1 1 1 1 2 14 33 4 1 1 0 1 1 0 0 0 1 1 50 249 58 59 1 0 0 1 0 0 1 0 1 1 1 8 109 252 57 1 1 1 29 3 1 1 1 1 31 93 1 5 4 7 122 1 0 1 1 2 55 203 79 1 0 0 1 63 1 0 0 0 0 1 252
0 0 0 0 0 0 0 0 0 0 0 0 0 0 0 0 0 0 0 0 0 0 0 0 0 1 1 0 0 0 1 1 2 16 94 115 10 1 1 1 0 0 0 1 1 2 40 17 4 1 1 1 0 0 0 0 0 0 0 0 0 1 1 140 231 1 2 1 1 1 1 0 0 0 0 0 0 0 0 0 0 0 0 0 1 7 0 0 0 0 0 0 0 0 0 0 0 0 0 0 0 0 0 0 0 0 0 0 0 0 0 0 0 0 0 14 109 1 0 0 0 0 0 0 0 0 0 3 1 0 0 0 0 0 0 1 1 1 1 1 1 0 0 0 0 0 0 0 1 73 1 1 1 1 0 0 1 1 1 8 3 1 0 4 1 0 0 0 0 0 0 0 0 0 0 0 0 0 0 0 0 0 0 0 0 0 0 0 0 0 0 0 0 0 0 0 0 0 0 0 1 4 7 3 1 0 0 0 1 1 0 0 0 0 0 0 0 0 0 0 0 0 0 0 0 0 0 0 0 1 9 11 2 1 0 0 0 0 0 0 0 1 0 1 1 202 205 1 0 1 0 0 0 0 0 1 0 0 0 0 0 0 17 3 0 0 0 0 0 0 1 1 0 0 0 0 0 0 0 1 1 1 1 1 4 50 1 1 1 1 1 1 1 1 0 0 1 0 0 1 1 1 0 0 1 21 1 1 0 0 1 1 2 216 231 51 1 1 92 86 2 1 1 0 0 0 0 0 0 0 0 0 0 1 0 0 0 1 1 1 1 1 32 99 5 1 1 0 0 0 0 0 1 1 1 1 1 2 1 1 1 0 1 1 2 149 18 1 1 1 1 1 1 1 2 1 1 219 18 1 1 1 1 1 10 1 1 1 4 6 1 1 1 1 69 1 1 1 1 22 37 4 1 0 1 1 1 1 1 150 157 1 1 1 1 211 247 224 2 1 1 0 1 1 1 40 1 1 0 0 0 1 3 1 1 0 1 1 2 1 1 1 1 16 39 2 1 1 1 1 1 1 1 0 0 0 1 52 243 143 99 1 0 0 1 0 0 0 0 1 1 1 1 249 197 116 2 1 1 45 1 1 1 1 8 21 75 1 14 1 111 16 1 0 1 1 15 83 212 2 1 0 0 1 67 1 0 0 0 1 125 251
0 0 0 0 0 0 0 0 0 0 0 0 0 0 0 0 0 0 0 0 0 0 1 1 1 1 1 1 1 1 3 60 114 78 6 3 1 1 1 0 0 0 1 1 10 40 2 1 1 1 0 0 0 0 0 0 0 0 0 0 0 1 1 3 244 6 1 0 0 0 0 0 0 0 0 0 0 0 0 0 0 0 0 0 4 2 0 0 0 0 0 0 0 0 0 0 0 0 0 0 0 0 0 0 0 0 0 0 0 0 0 0 0 0 1 139 1 0 0 0 0 0 0 0 0 0 0 4 1 0 0 0 0 0 0 0 0 0 0 1 1 1 0 0 0 0 0 0 1 69 1 1 1 1 0 0 0 1 1 1 14 1 1 5 0 0 0 0 0 0 0 0 0 0 0 0 0 0 0 0 0 0 0 0 0 0 0 0 0 0 0 0 0 0 0 0 0 0 4 7 7 2 1 0 0 0 0 0 1 1 0 0 0 0 0 0 0 0 0 0 0 0 0 0 0 0 0 0 0 0 0 1 6 11 4 1 0 0 0 0 0 1 1 1 130 234 20 0 0 1 0 0 0 0 1 1 0 0 0 0 0 1 28 0 0 0 0 0 0 0 0 0 0 0 0 0 0 0 0 1 1 0 0 0 6 23 1 1 1 1 1 1 1 1 1 1 1 1 1 1 1 1 0 0 1 20 1 1 1 0 0 0 1 1 9 225 225 11 2 2 87 95 15 1 0 0 0 0 0 0 0 0 0 1 0 0 0 0 1 1 1 1 1 1 85 64 1 1 0 0 0 0 1 1 1 1 1 1 1 0 1 0 0 1 1 2 144 26 1 1 1 1 1 3 1 1 1 207 82 1 1 1 1 1 1 10 1 1 1 1 3 6 2 1 68 1 1 18 37 4 1 1 1 1 1 1 4 3 85 216 69 1 1 1 1 1 211 247 222 2 1 1 1 1 1 24 4 1 0 0 0 1 3 1 1 1 1 1 1 2 1 1 4 53 2 1 1 1 1 1 1 1 1 1 0 1 1 27 150 240 123 2 1 0 1 0 0 0 0 1 1 1 18 252 3 92 65 37 1 45 1 1 1 1 18 9 73 1 17 1 139 1 1 0 1 1 20 199 136 1 1 0 1 33 10 1 0 0 0 1 251 66
0 0 0 0 0 0 0 0 0 0 0 0 0 0 0 0 0 0 0 0 0 1 1 5 56 5 9 81 143 145 112 27 1 1 1 1 2 1 0 0 1 1 7 45 19 1 1 0 0 0 0 0 0 0 0 0 0 0 0 0 0 0 1 1 243 14 1 0 0 0 0 0 0 0 0 0 0 0 0 0 0 0 0 2 5 1 0 0 0 0 0 0 0 0 0 0 0 0 0 0 0 0 0 0 0 0 0 0 0 0 0 0 0 0 2 133 1 0 0 0 0 0 0 0 0 0 0 4 0 0 0 0 0 0 0 0 0 0 0 1 1 1 0 0 0 0 0 0 1 63 2 1 1 1 0 0 0 0 0 1 16 1 2 2 0 0 0 0 0 0 0 0 0 0 0 0 0 0 0 0 0 0 0 0 0 0 0 0 0 0 0 0 0 0 0 0 0 1 6 1 0 0 0 0 0 0 0 0 1 1 0 0 0 0 0 0 0 0 0 0 0 0 0 0 0 0 0 0 0 0 0 0 1 1 3 10 2 1 0 0 0 0 1 1 216 208 85 1 1 1 0 0 0 0 1 0 0 0 0 0 0 25 1 0 0 0 0 0 0 0 0 0 0 0 0 0 0 0 0 1 1 1 1 1 39 2 1 0 0 0 1 1 1 1 0 1 1 0 0 1 1 0 0 0 4 6 0 0 0 0 0 0 0 1 1 1 51 232 211 3 1 1 54 95 11 0 0 0 0 0 0 0 1 1 0 0 0 0 0 1 1 1 1 1 1 16 100 13 1 1 0 1 1 1 2 1 1 0 0 0 0 0 0 1 1 1 2 140 35 1 1 1 1 1 1 1 1 155 166 1 1 1 1 1 1 1 10 1 1 1 1 1 3 8 86 33 38 5 1 1 1 1 0 0 0 1 31 123 127 121 1 1 1 1 1 1 1 213 247 217 2 1 1 1 1 1 35 1 0 0 0 1 3 1 1 1 1 1 1 1 1 2 53 3 1 1 0 1 1 1 1 0 1 1 1 1 3 1 40 249 46 70 1 0 1 0 0 0 1 1 1 1 243 209 1 80 1 17 78 57 1 1 1 11 3 7 73 1 18 3 128 1 0 1 1 2 51 203 88 1 1 0 1 67 1 0 0 0 1 55 251 1
0 0 0 0 0 0 0 0 0 0 0 0 0 0 0 0 0 0 0 0 1 2 139 139 82 140 127 42 1 19 23 6 2 1 1 1 1 2 1 1 3 36 23 1 1 1 0 0 0 0 0 0 0 0 0 0 0 0 0 0 0 0 1 1 245 8 1 0 0 0 0 0 0 0 0 0 0 0 0 0 0 0 1 7 1 0 0 0 0 0 0 0 0 0 0 0 0 0 0 0 0 0 0 0 0 0 0 0 0 0 0 0 0 0 108 12 0 0 0 0 0 0 0 0 0 0 1 4 0 0 0 0 0 0 0 0 1 0 0 0 1 1 0 0 0 0 0 0 1 41 7 0 1 1 0 0 0 0 1 1 9 3 5 1 0 0 0 0 0 0 0 0 0 0 0 0 0 0 0 0 0 0 0 0 0 0 0 0 0 0 0 0 0 0 0 0 0 1 4 0 0 0 0 0 0 0 0 0 1 1 0 0 0 0 0 0 0 0 0 0 0 0 0 0 0 0 0 0 0 0 0 0 0 0 0 1 5 6 1 0 0 1 1 82 240 1 92 1 1 1 1 1 1 1 1 0 0 0 0 0 2 18 0 0 0 0 0 0 0 0 0 0 0 0 0 0 0 0 0 0 0 1 1 1 53 1 1 1 0 0 0 1 1 1 0 0 0 0 0 0 1 0 0 0 19 1 0 0 0 0 0 0 0 0 0 1 1 8 127 232 186 1 1 1 58 40 1 0 0 0 0 0 1 0 0 0 0 0 0 0 1 1 1 1 1 1 1 104 1 1 1 1 1 1 1 1 1 1 0 0 0 0 0 0 1 1 1 2 135 45 1 1 3 1 1 0 1 79 208 1 1 1 1 1 1 1 1 10 2 1 1 1 1 41 70 53 24 1 1 1 1 1 0 0 1 98 146 32 1 125 1 1 1 1 1 1 1 1 216 247 215 2 1 1 1 1 36 1 1 0 0 1 3 1 1 1 1 1 1 1 1 63 5 1 1 1 1 1 1 1 1 1 1 0 1 1 4 1 32 245 103 100 1 1 1 0 0 0 1 1 1 7 252 4 1 80 1 1 4 40 32 1 1 16 6 1 74 1 14 101 25 1 1 1 1 14 68 215 2 1 0 0 1 65 1 0 1 1 1 251 126 1
0 0 0 0 0 0 0 0 0 0 0 0 0 0 0 0 0 0 1 1 103 151 6 1 1 1 1 1 1 1 4 15 28 32 3 1 1 2 3 14 37 3 1 0 0 0 0 0 0 0 0 0 0 0 0 0 0 0 0 0 0 0 0 4 245 3 1 0 0 0 0 0 0 0 0 0 0 0 0 0 0 0 4 2 0 0 0 0 0 0 0 0 0 0 0 0 0 0 0 0 0 0 0 0 0 0 0 0 0 0 0 0 0 1 142 1 0 0 0 0 0 0 0 0 0 0 1 4 1 0 0 0 0 0 0 0 1 1 0 0 1 1 1 0 0 0 0 0 1 7 39 1 1 1 0 0 1 1 1 1 1 11 9 1 0 0 0 0 0 0 0 0 0 0 0 0 0 0 0 0 0 0 0 0 0 0 0 0 0 0 0 0 0 0 0 1 1 7 1 0 0 0 0 0 0 0 0 0 1 1 0 0 0 0 0 0 0 0 0 0 0 0 0 0 0 0 0 0 0 0 0 0 0 0 0 0 1 2 9 1 1 1 2 237 124 2 36 92 80 11 1 1 1 1 1 1 1 1 0 1 30 1 0 0 0 0 0 0 0 0 0 0 0 0 0 0 0 0 0 0 1 1 1 1 56 1 1 1 1 0 1 1 0 0 0 0 0 0 0 0 1 0 0 1 17 1 0 0 0 1 1 0 0 0 0 1 5 1 1 1 172 234 127 1 1 25 64 1 0 0 0 1 1 0 0 0 0 0 0 0 0 1 1 1 1 1 1 32 49 1 1 1 1 1 1 1 1 1 1 1 0 0 0 0 0 1 1 1 1 129 53 2 1 1 1 1 1 23 219 1 0 1 1 0 1 1 1 1 12 3 17 21 72 15 1 1 4 40 21 1 1 1 1 1 44 155 2 1 1 124 1 1 1 1 1 1 1 1 1 217 247 212 2 1 1 1 9 13 1 0 0 1 3 1 1 1 1 1 1 1 45 6 3 1 1 1 1 0 1 1 1 1 1 1 1 3 1 1 14 179 231 125 1 1 1 0 1 0 1 1 1 230 228 1 1 80 1 1 7 1 3 39 51 2 7 1 73 12 1 139 1 1 1 1 1 18 197 143 1 1 0 0 1 60 1 0 1 1 16 252 1 1
0 0 0 0 0 0 0 0 0 0 0 0 0 0 0 1 1 18 144 156 34 1 1 1 1 0 0 0 0 0 0 1 1 1 22 17 2 1 4 30 1 1 0 0 0 0 0 0 0 0 0 0 0 0 0 0 0 0 0 0 0 0 1 174 221 3 1 0 0 0 0 0 0 0 0 0 0 0 0 0 0 0 7 1 0 0 0 0 0 0 0 0 0 0 0 0 0 0 0 0 0 0 0 0 0 0 0 0 0 0 0 0 0 1 138 1 0 0 0 0 0 0 0 0 0 0 1 3 1 0 0 0 0 0 0 0 0 1 0 0 0 1 1 0 0 0 0 1 1 2 64 1 1 0 0 1 1 1 1 0 1 1 14 4 1 0 0 0 0 0 0 0 0 0 0 0 0 0 0 0 0 0 0 0 0 0 0 0 0 0 0 0 0 1 1 4 5 1 0 0 0 0 0 0 0 0 0 0 1 1 0 0 0 0 0 0 0 0 0 0 0 0 0 0 0 0 0 0 0 0 0 0 0 0 0 1 1 1 1 6 3 1 156 232 1 1 1 1 2 55 91 93 89 37 1 1 1 1 1 5 10 0 0 0 0 0 0 0 0 0 0 0 0 0 0 0 0 0 0 0 0 1 1 1 54 1 0 1 1 0 1 1 0 0 0 0 0 0 0 1 1 0 1 5 4 1 0 0 0 0 1 0 0 0 0 1 8 1 1 1 1 1 211 231 81 1 7 93 12 1 0 1 0 0 0 0 0 0 0 0 0 0 1 1 1 1 1 1 48 61 2 1 1 1 0 0 1 0 0 1 1 1 1 0 0 0 0 1 1 1 125 75 1 1 1 1 1 6 221 1 0 1 1 1 1 1 1 2 23 97 50 34 2 1 1 1 6 21 31 48 23 1 1 1 113 99 1 1 2 122 1 1 1 0 1 1 1 1 1 1 217 247 210 2 1 1 1 37 1 0 0 1 3 1 1 1 1 1 1 37 11 1 1 2 1 1 1 0 0 1 1 1 1 1 1 4 1 1 1 44 248 56 60 1 1 1 1 1 1 1 4 252 10 1 1 80 1 1 8 1 1 1 42 36 19 1 74 17 2 132 1 1 1 1 2 48 203 93 1 1 0 0 38 7 1 1 1 1 250 170 1 0
0 0 0 0 0 0 0 0 0 0 0 0 0 1 1 131 156 121 4 1 1 1 1 1 0 0 0 0 0 0 0 0 1 1 1 5 26 25 28 2 1 1 0 0 0 0 0 0 0 0 0 0 0 0 0 0 0 0 0 0 0 1 1 243 12 1 0 0 0 0 0 0 0 0 0 0 0 0 0 0 0 0 7 0 0 0 0 0 0 0 0 0 0 0 0 0 0 0 0 0 0 0 0 0 0 0 0 0 0 0 0 0 0 97 36 4 0 0 0 0 0 0 0 0 0 1 3 1 0 0 0 0 0 0 0 0 0 0 0 0 0 1 1 0 0 0 0 1 1 1 70 1 0 1 1 1 1 1 0 0 0 0 1 21 2 1 0 0 0 0 0 0 0 0 0 0 0 0 0 0 0 0 0 0 0 0 0 0 0 0 0 1 1 2 6 1 1 1 0 0 0 0 0 0 0 0 0 0 1 1 0 0 0 0 0 0 0 0 0 0 0 0 0 0 0 0 0 0 0 0 0 0 0 0 1 1 1 1 1 1 4 75 241 10 1 0 1 1 0 1 1 1 1 25 85 89 6 1 1 50 1 1 0 0 0 0 0 0 0 0 0 0 0 0 0 0 0 0 0 0 0 0 0 2 42 1 0 1 1 0 0 0 0 0 0 0 0 1 0 1 0 0 1 20 1 1 0 0 0 1 1 0 0 0 0 1 9 1 0 1 1 1 1 6 222 223 20 1 55 90 4 1 0 0 0 0 0 0 0 0 0 0 0 1 1 1 1 1 1 88 4 1 1 1 1 0 1 1 0 0 1 1 1 1 0 0 0 1 1 1 5 118 69 1 1 1 1 3 223 1 1 1 1 1 1 1 9 14 1 3 62 1 1 1 1 16 4 1 1 1 5 43 38 27 111 76 1 1 2 122 1 0 1 1 0 1 1 1 1 1 1 217 247 208 2 1 1 31 2 1 0 1 3 1 1 1 1 1 27 18 1 1 1 1 2 2 1 1 1 0 0 1 1 1 3 2 1 1 1 33 246 84 97 1 1 0 1 1 1 1 213 242 1 1 1 81 1 1 8 1 1 15 1 1 44 24 91 9 88 39 1 1 1 1 12 63 216 4 1 1 1 1 60 1 1 1 6 5 254 5 1 0
0 0 0 0 0 0 0 0 0 0 0 0 1 10 153 11 1 1 1 1 1 1 1 1 0 0 0 0 0 0 0 0 0 0 1 1 1 1 1 0 0 0 0 0 0 0 0 0 0 0 0 0 0 0 0 0 0 0 0 0 0 1 76 238 3 1 0 0 0 0 0 0 0 0 0 0 0 0 0 0 0 1 7 0 0 0 0 0 0 0 0 0 0 0 0 0 0 0 0 0 0 0 0 0 0 0 0 0 0 0 0 0 1 137 1 5 2 0 0 0 0 0 0 0 0 1 3 0 0 0 0 0 0 0 0 0 0 0 0 0 0 1 1 0 0 0 0 0 1 1 70 1 1 1 1 1 0 0 0 0 0 0 1 3 19 1 0 0 0 0 0 0 0 0 0 0 0 0 0 0 0 0 0 0 0 0 0 0 1 1 1 1 6 3 1 0 0 1 0 0 0 0 0 0 0 0 0 0 1 1 0 0 0 0 0 0 0 0 0 0 0 0 0 0 0 0 0 0 0 0 0 0 0 1 1 3 15 38 75 171 237 241 46 1 0 0 1 1 1 1 0 0 1 1 1 1 64 81 52 13 13 5 1 1 1 1 0 0 0 0 0 0 1 1 0 1 0 1 1 1 1 1 1 18 12 1 1 1 0 0 1 0 0 0 0 0 0 1 1 1 1 0 2 9 6 2 1 0 1 1 0 0 0 0 1 1 5 1 0 1 1 1 1 1 1 70 230 201 2 1 73 92 77 1 0 0 0 0 0 0 0 0 0 0 1 1 1 1 1 1 87 56 1 1 1 1 1 0 0 1 1 1 1 1 0 0 0 1 1 1 2 1 111 75 1 1 1 2 225 1 1 1 1 1 7 17 3 2 2 2 3 51 4 16 19 1 1 1 1 1 1 1 2 80 32 75 1 1 4 115 1 0 1 1 1 0 1 1 0 1 1 1 222 247 201 1 1 2 28 1 1 1 2 1 1 1 1 17 28 1 1 1 1 1 1 2 2 1 1 1 1 1 1 1 4 1 1 1 1 17 196 225 125 1 1 0 1 1 1 3 252 24 1 1 1 82 1 1 5 1 1 14 1 3 1 5 148 10 137 1 1 1 1 1 17 192 148 1 1 1 1 6 32 1 0 2 1 7 252 13 4 6
0 0 0 0 0 0 0 0 0 0 0 1 26 135 1 1 1 1 1 1 1 0 0 0 0 0 0 0 0 0 0 0 0 0 0 1 1 1 0 0 0 0 0 0 0 0 0 0 0 0 0 0 0 0 0 0 0 0 0 0 1 1 207 199 2 1 0 0 0 0 0 0 0 0 0 0 0 0 0 0 0 4 2 0 0 0 0 0 0 0 0 0 0 0 0 0 0 0 0 0 0 0 0 0 0 0 0 0 0 0 0 0 16 95 1 1 11 0 0 0 0 0 0 0 1 3 1 0 0 0 0 0 0 0 0 0 0 0 0 0 0 1 1 0 0 0 0 0 1 1 70 1 1 1 1 0 0 0 0 0 0 1 1 2 10 5 1 0 0 0 0 0 0 0 0 0 0 0 0 0 0 0 0 0 0 0 1 1 1 1 5 4 1 0 0 0 0 1 1 0 0 0 0 0 0 0 0 0 1 1 0 0 0 0 0 0 0 0 0 0 0 0 0 0 0 0 0 0 0 0 0 0 1 23 238 244 242 241 238 225 85 2 1 1 1 1 0 1 1 1 0 0 0 1 1 0 1 2 71 6 7 38 16 17 18 18 18 18 18 18 18 17 17 17 17 16 16 17 25 24 23 24 25 42 75 11 1 1 0 1 1 0 0 0 0 0 1 1 1 1 1 1 15 1 1 4 4 1 1 1 0 0 0 0 1 7 1 1 0 1 1 0 1 1 1 1 1 154 233 130 1 1 4 87 74 1 0 0 0 0 0 0 0 0 0 1 1 1 1 1 1 18 100 12 1 1 1 1 0 1 1 1 0 1 0 0 1 1 1 4 1 1 1 108 79 1 1 1 225 1 2 7 17 17 6 2 2 1 1 1 47 43 44 4 1 1 1 1 1 1 0 1 1 116 1 72 1 1 2 115 1 0 1 0 1 1 0 1 1 0 1 1 2 223 249 196 1 1 38 1 1 2 1 1 1 1 9 37 1 1 1 0 0 1 1 1 2 2 1 1 0 0 1 1 2 1 1 1 1 1 52 248 67 46 1 0 1 1 1 187 247 1 1 1 1 80 1 5 1 1 14 1 1 5 1 12 88 12 172 5 1 1 1 2 45 201 99 1 1 1 1 56 1 0 0 2 1 193 249 13 2 3
0 0 0 0 0 0 0 0 0 0 1 79 116 1 1 1 1 1 1 0 0 0 0 0 0 0 0 0 0 0 0 0 0 0 0 0 0 0 0 0 0 0 0 0 0 0 0 0 0 0 0 0 0 0 0 0 0 0 0 0 1 1 235 122 1 1 0 0 0 0 0 0 0 0 0 0 0 0 0 0 0 6 1 0 0 0 0 0 0 0 0 0 0 0 0 0 0 0 0 0 0 0 0 0 0 0 0 0 0 0 0 1 135 1 1 0 4 3 0 0 0 0 0 0 2 1 0 0 0 0 0 0 0 0 0 0 0 0 0 0 0 1 1 1 1 0 0 0 1 1 69 1 1 1 0 0 0 0 0 1 1 2 1 1 1 26 1 0 0 0 0 0 0 0 0 0 0 0 0 0 0 0 0 0 0 1 1 1 14 38 6 0 0 0 0 0 0 0 1 1 0 0 0 0 0 0 0 0 1 1 0 0 0 0 0 0 0 0 0 0 0 0 0 0 0 0 0 0 0 0 0 0 30 242 92 1 1 1 1 1 1 1 1 1 1 1 1 1 1 1 1 0 1 1 0 1 1 26 2 1 1 7 0 0 0 0 0 0 0 0 0 0 0 0 0 0 1 2 1 1 0 0 0 1 10 14 47 49 12 1 1 0 1 1 0 0 0 0 1 1 0 3 5 0 1 1 2 7 1 1 1 0 0 1 1 8 1 1 1 1 1 1 1 1 1 1 1 1 2 209 223 55 1 1 3 88 85 2 0 0 0 0 0 0 0 0 0 1 1 1 1 1 1 64 100 10 1 1 1 1 1 0 0 1 0 0 1 1 2 2 1 1 1 1 105 84 1 1 227 22 11 3 2 2 1 1 0 1 1 17 48 1 1 12 2 1 1 0 0 1 1 1 11 92 1 72 1 1 1 118 1 0 1 1 0 1 0 0 1 1 1 1 1 2 223 249 188 1 18 6 1 3 1 1 1 4 43 2 1 0 0 0 0 0 0 1 1 1 3 1 1 1 1 4 1 1 1 1 1 1 34 248 67 92 1 0 1 1 2 252 48 1 1 1 1 78 1 8 1 2 9 1 1 6 1 12 84 85 89 49 47 1 1 12 59 216 5 1 1 1 0 57 1 0 1 2 0 246 219 6 2 1
0 0 0 0 0 0 0 0 0 1 108 68 1 1 1 1 0 0 0 0 0 0 0 0 0 0 0 0 0 0 0 0 0 0 0 0 0 0 0 0 0 0 0 0 0 0 0 0 0 0 0 0 0 0 0 0 0 0 0 0 1 2 244 17 5 4 1 1 0 0 0 0 0 0 0 0 0 0 0 0 0 2 4 0 0 0 0 0 0 0 0 0 0 0 0 0 0 0 0 0 0 0 0 0 0 0 0 0 0 0 1 3 127 1 0 0 1 11 0 0 0 0 0 1 3 0 0 0 0 0 0 0 0 0 0 0 0 0 0 0 0 0 1 1 1 1 1 1 1 1 21 17 0 0 0 0 0 0 1 1 2 1 1 0 1 5 9 1 0 0 0 0 0 0 0 0 0 0 0 0 0 0 0 1 1 1 7 27 3 1 25 1 0 0 0 0 0 0 1 1 0 0 0 0 0 0 0 0 1 1 0 0 0 0 0 0 0 0 0 0 0 0 0 0 0 0 0 0 0 0 0 1 240 57 1 1 1 1 1 1 1 0 1 1 1 1 1 1 1 0 0 0 0 0 0 0 2 22 1 1 1 4 0 0 0 0 0 0 0 0 0 0 0 0 0 0 1 1 0 0 0 0 0 4 2 0 1 1 13 46 48 17 1 1 1 1 1 1 1 1 1 15 1 1 1 0 1 2 6 9 2 1 1 1 1 5 1 1 1 1 1 1 0 1 1 0 0 1 1 1 61 229 196 26 1 1 2 79 85 2 0 0 0 0 0 0 0 0 1 1 1 1 1 1 1 67 85 1 1 1 1 1 1 1 0 0 1 1 4 1 0 0 1 1 1 103 91 1 229 4 2 2 1 1 0 0 0 1 3 75 1 1 1 1 12 2 1 1 1 1 0 1 50 46 1 71 1 1 2 116 1 0 0 1 0 1 1 0 0 0 1 1 1 1 3 226 249 180 1 38 1 3 1 1 3 50 2 1 1 1 1 1 0 0 0 0 1 1 1 3 1 1 1 3 1 1 1 1 1 1 20 209 218 124 1 1 1 1 120 251 1 1 1 1 1 78 1 8 1 14 1 1 1 7 1 8 85 154 1 1 5 61 18 15 189 153 1 1 1 1 1 57 1 0 1 2 0 250 170 1 2 1
1 0 0 0 0 0 0 0 1 124 40 1 1 1 0 0 0 0 0 0 0 0 0 0 0 0 0 0 0 0 0 0 0 0 0 0 0 0 0 0 0 0 0 0 0 0 0 0 0 0 0 0 0 0 0 0 0 0 1 1 1 170 222 1 1 1 5 6 1 1 1 0 0 0 0 0 0 0 0 0 0 1 7 1 0 0 0 0 0 0 0 0 0 0 0 0 0 0 0 0 0 0 0 0 0 0 0 0 0 1 1 127 3 1 0 0 0 7 1 0 0 0 1 4 1 0 0 0 0 0 0 0 0 0 0 0 0 0 0 0 0 0 0 0 1 1 1 1 1 1 1 67 0 0 0 1 1 1 2 1 1 0 0 0 0 1 27 1 1 0 0 0 0 0 0 0 0 0 0 0 0 1 1 1 5 32 8 1 0 0 5 7 0 0 0 0 0 0 1 1 0 0 0 0 0 0 0 0 1 1 0 0 0 0 0 0 0 0 0 0 0 0 0 0 0 0 0 0 0 0 0 37 242 1 1 1 1 0 1 2 1 0 1 1 1 1 1 1 1 0 0 0 0 0 0 1 34 1 1 1 7 1 0 0 0 0 0 0 0 0 0 0 0 0 0 0 2 1 1 1 1 1 1 9 1 1 1 0 1 1 1 8 40 46 47 47 37 5 3 37 64 50 5 1 1 1 2 1 1 1 6 12 8 1 4 16 9 2 1 1 4 8 7 2 1 1 0 1 1 1 2 13 171 232 162 11 1 1 1 80 63 1 1 1 0 0 0 0 0 1 1 0 1 1 1 1 13 100 3 1 0 0 0 1 0 1 1 2 1 0 0 0 0 1 1 1 91 114 231 6 1 1 1 0 0 0 0 1 79 2 1 1 1 1 1 11 2 1 1 0 0 1 96 7 1 70 1 1 3 111 1 0 0 1 0 0 1 1 0 0 0 0 1 1 1 6 228 249 174 39 1 3 1 1 52 4 1 1 1 1 1 1 1 1 1 1 1 1 1 1 5 21 12 1 1 1 1 0 0 1 2 65 248 82 31 1 1 1 251 104 1 1 1 1 1 75 1 8 2 7 1 1 5 1 4 5 92 158 1 1 1 1 33 76 203 102 1 1 1 1 1 57 1 1 2 1 1 250 191 3 5 1
1 1 0 0 0 0 0 1 126 21 1 1 1 0 0 0 0 0 0 0 0 0 0 0 0 0 0 0 0 0 0 0 0 0 0 0 0 0 0 0 0 0 0 0 0 0 0 0 0 0 0 0 0 0 0 1 1 1 1 1 72 239 2 1 0 0 1 1 7 1 1 1 0 0 0 0 0 0 0 0 0 0 7 1 0 0 0 0 0 0 0 0 0 0 0 0 0 0 0 0 0 0 0 0 0 0 0 0 1 1 101 17 1 0 0 0 0 1 10 0 0 1 3 1 0 0 0 0 0 0 0 0 0 0 0 0 0 0 0 0 0 0 0 0 0 0 0 0 0 0 1 70 1 1 1 1 2 2 1 0 0 0 0 0 0 1 7 7 1 1 0 0 0 0 0 0 0 0 0 1 1 1 2 30 11 1 1 1 1 1 1 28 1 0 0 0 0 0 0 1 0 0 0 0 0 0 0 0 1 1 0 0 0 0 0 0 0 0 0 0 0 0 0 0 0 0 0 0 0 0 1 219 185 1 1 1 0 0 1 2 1 0 0 1 1 1 1 1 1 1 0 0 0 1 1 6 10 0 0 0 6 1 0 0 0 0 0 0 0 0 0 0 0 0 0 0 2 1 1 1 1 1 1 10 1 1 1 1 1 0 1 1 1 1 1 1 2 29 60 7 1 1 8 26 23 3 1 1 1 1 0 1 2 13 27 1 1 8 12 10 5 2 3 13 20 21 4 1 1 1 17 1 1 2 205 233 140 2 1 1 7 82 1 1 1 0 0 0 0 1 1 0 0 1 1 1 1 10 70 1 1 1 1 1 0 1 1 3 1 0 0 0 0 1 1 1 1 59 246 3 1 1 0 0 0 0 1 59 9 1 1 1 0 0 1 1 10 3 1 1 1 1 109 1 1 70 1 1 6 105 1 0 0 1 0 0 0 1 1 0 0 0 1 1 1 1 8 228 249 156 24 4 1 47 5 1 1 1 1 1 1 1 1 1 1 1 1 1 1 3 38 12 35 10 1 1 1 1 1 1 1 42 248 63 87 1 1 64 252 1 1 1 1 0 1 74 3 3 14 1 1 5 2 1 2 8 167 77 1 1 1 1 1 53 216 7 1 1 1 1 18 15 1 1 2 1 1 235 234 1 1 1
1 1 0 0 0 0 1 68 76 1 1 1 1 1 1 0 0 0 0 0 0 0 0 0 0 0 0 0 0 0 0 0 0 0 0 0 0 0 0 0 0 0 0 0 0 0 0 0 0 0 0 1 1 1 1 1 1 1 3 35 240 15 1 1 0 0 0 1 1 7 2 1 1 0 0 0 0 0 0 0 0 0 6 1 0 0 0 0 0 0 0 0 0 0 0 0 0 0 0 0 0 0 0 0 0 0 0 1 1 108 15 1 0 0 0 0 0 0 11 1 0 1 3 0 0 0 0 0 0 0 0 0 0 0 0 0 0 0 0 0 0 0 0 0 0 0 0 0 0 0 1 69 1 1 2 2 1 1 0 0 0 0 0 0 0 0 1 11 16 1 1 1 0 0 0 0 0 0 1 1 1 27 19 1 0 0 0 1 1 0 1 8 7 0 0 0 0 0 0 1 0 0 0 0 0 0 0 0 1 1 0 0 0 0 0 0 0 0 0 0 0 0 0 0 0 0 1 1 0 0 1 244 3 1 0 0 0 1 1 1 0 0 0 1 1 1 0 0 0 1 0 0 0 0 1 35 1 0 0 0 6 1 0 0 0 0 0 0 0 0 0 0 0 0 0 1 2 0 0 0 0 0 1 6 1 0 1 1 1 1 1 0 0 0 1 1 1 4 1 1 0 1 0 1 1 22 20 1 1 1 0 0 0 1 3 2 1 1 1 1 1 1 1 1 1 1 8 23 4 2 10 1 0 1 1 5 214 236 161 1 1 2 88 48 1 1 0 0 0 1 1 0 1 1 0 0 1 3 113 79 8 2 1 1 1 1 4 1 1 1 1 1 1 1 1 1 1 1 246 21 1 1 0 0 0 1 29 35 1 1 1 0 0 0 0 1 1 8 4 1 1 4 103 1 1 69 1 1 13 95 1 1 1 1 0 0 0 0 1 1 0 0 1 1 1 1 1 13 231 249 150 15 50 26 161 149 30 38 88 135 172 195 206 210 213 212 212 212 212 210 127 25 2 43 1 1 1 1 1 1 1 28 214 211 120 1 1 249 153 1 1 1 0 1 1 73 8 4 4 1 5 1 1 1 1 8 204 1 1 1 1 1 1 183 162 1 1 1 1 0 58 1 0 0 2 0 1 118 251 1 1 1
0 1 1 0 0 0 1 157 1 1 1 1 1 0 0 0 0 0 0 0 0 0 0 0 0 0 0 0 0 0 0 0 0 0 0 0 0 0 0 0 0 0 0 0 0 0 0 0 1 1 1 1 1 2 6 39 150 225 240 240 85 1 1 1 0 0 0 0 1 1 5 5 1 1 1 1 1 5 7 7 4 1 6 1 0 0 0 0 0 0 0 0 0 0 0 0 0 0 0 0 0 0 0 0 0 0 1 1 113 9 1 0 0 0 0 0 0 0 9 1 1 4 1 0 0 0 0 0 0 0 0 0 0 0 0 0 0 0 0 0 0 0 0 0 0 0 0 0 0 1 1 70 2 1 1 1 0 0 0 0 0 0 0 0 0 0 0 1 2 24 27 6 1 1 0 0 1 1 2 28 26 1 1 0 0 0 0 0 0 0 0 1 30 1 0 0 0 0 0 1 0 0 0 0 0 0 0 0 1 1 0 0 0 0 0 0 0 0 0 0 0 0 1 1 1 1 1 1 1 1 112 235 1 0 0 0 0 1 2 1 0 0 0 0 1 1 0 0 1 1 0 0 0 0 1 35 0 0 0 1 6 0 0 0 0 0 0 0 0 0 0 0 0 0 0 1 1 0 0 0 0 0 8 1 0 0 1 0 1 1 1 0 0 1 1 0 1 6 1 0 1 1 0 0 0 1 3 35 1 1 0 0 0 0 1 4 1 1 0 0 0 1 0 1 1 0 0 1 8 26 1 0 0 0 0 1 1 2 206 234 119 1 1 15 91 44 1 1 1 1 1 0 1 1 1 1 1 2 1 4 68 89 96 97 89 41 2 1 1 0 0 0 0 0 1 1 1 1 236 121 1 1 0 1 1 6 66 1 1 1 0 0 0 0 0 0 0 1 7 4 1 4 104 1 1 69 1 1 25 78 1 0 1 1 0 0 0 0 0 1 1 1 1 1 1 1 1 1 29 233 250 207 213 207 116 120 204 199 180 145 100 49 20 5 2 1 1 1 1 2 142 172 193 205 69 1 1 1 1 1 1 2 94 246 85 28 22 252 1 1 1 1 0 0 1 70 11 13 2 5 1 1 1 1 3 7 204 1 1 1 1 1 8 201 108 1 1 1 0 1 58 1 0 1 2 0 1 3 252 2 1 1
1 0 1 1 0 1 66 77 1 1 0 0 0 0 0 0 0 0 0 0 0 0 0 0 0 0 0 0 0 0 0 0 0 0 0 0 0 0 0 0 0 0 0 0 0 0 0 1 1 6 120 223 242 244 244 241 228 161 19 1 1 1 1 0 0 0 0 0 0 0 1 1 7 7 9 7 5 1 1 1 2 7 16 1 0 0 0 0 0 0 0 0 0 0 0 0 0 0 0 0 0 0 0 0 0 1 1 119 6 1 0 0 0 0 0 0 0 0 5 2 2 1 0 0 0 0 0 0 0 0 0 0 0 0 0 0 0 0 0 0 0 0 0 0 0 0 0 0 1 1 5 21 26 0 0 0 0 0 0 0 0 0 0 0 0 0 0 0 1 1 1 8 26 22 2 1 2 26 18 1 1 0 0 0 0 0 0 0 0 0 0 0 6 8 0 0 0 0 0 1 0 0 0 0 0 0 0 0 1 1 0 0 0 0 0 0 0 0 0 0 1 1 1 0 0 0 1 1 1 75 242 11 1 0 0 0 1 2 1 1 0 0 0 1 1 1 0 0 1 1 0 0 0 0 1 31 0 0 0 1 5 1 1 0 0 0 0 0 0 0 0 0 0 0 0 2 1 0 0 0 0 0 10 1 0 1 1 0 1 1 1 0 0 0 0 0 2 3 0 0 1 1 1 0 0 1 1 1 37 1 0 0 0 0 1 6 1 1 1 1 0 1 0 1 0 0 0 0 1 1 1 0 0 0 0 0 1 1 1 3 218 234 58 1 1 17 89 87 8 1 1 1 1 1 1 1 1 1 0 0 0 1 1 1 3 98 1 1 1 1 0 0 0 0 1 0 1 1 207 212 1 1 0 1 2 81 1 1 1 0 0 0 0 0 0 0 0 0 1 6 4 4 101 1 1 69 1 1 36 66 1 0 0 0 0 1 1 1 1 1 1 1 1 1 1 1 1 1 1 49 244 249 44 1 1 3 1 1 1 3 5 5 5 4 4 4 4 4 6 1 1 1 1 4 188 116 1 1 1 1 1 1 43 248 54 85 245 200 1 1 1 1 1 1 1 69 30 17 9 4 7 9 11 8 5 43 183 1 1 1 1 1 43 215 10 1 1 1 0 1 58 1 0 1 2 1 1 2 251 69 1 1
242 1 0 1 1 1 157 1 1 1 0 0 0 0 0 0 0 0 0 0 0 0 0 0 0 0 0 0 0 0 0 0 0 0 0 0 0 0 0 0 0 0 0 1 1 1 1 36 240 245 234 171 22 3 1 1 1 1 1 1 1 1 0 0 0 0 0 0 0 0 0 0 1 1 2 1 0 0 0 0 0 0 3 4 1 0 0 0 0 0 0 0 0 0 0 0 0 0 0 0 0 0 0 0 1 1 127 4 1 0 0 0 0 0 0 0 0 0 1 9 3 0 0 0 0 0 0 0 0 0 0 0 0 0 0 0 0 0 0 0 0 0 0 0 0 0 0 1 4 5 1 1 60 0 0 0 0 0 0 0 0 0 0 0 0 0 0 0 0 0 0 1 1 1 17 33 21 1 1 1 0 0 0 0 0 0 0 0 0 0 0 0 1 30 1 0 0 0 0 1 0 0 0 0 0 0 0 0 1 1 0 0 0 0 0 0 0 0 0 1 1 0 1 1 1 1 2 136 239 238 22 1 0 0 0 1 1 1 1 0 0 0 0 1 1 1 1 0 1 1 0 0 1 1 18 2 0 0 0 1 2 2 0 0 0 0 0 0 0 0 0 0 0 0 0 2 0 0 0 0 0 0 10 1 0 1 1 1 1 1 1 0 0 0 0 1 6 1 0 0 0 1 0 0 0 1 1 1 36 2 1 0 1 1 0 7 1 1 1 1 0 1 1 1 0 0 0 1 1 2 2 1 0 0 0 1 1 1 1 1 1 9 228 228 13 1 1 1 93 1 1 1 1 1 1 1 2 1 0 0 0 0 1 1 1 85 1 1 1 1 1 1 1 0 1 0 1 1 130 234 1 1 1 1 84 2 1 1 0 0 0 0 0 0 0 0 0 0 1 1 6 19 99 1 1 71 1 1 44 56 1 1 1 1 1 1 1 1 1 1 1 1 1 1 1 1 1 1 5 35 139 243 225 3 2 1 1 1 4 1 1 1 1 1 0 0 0 2 2 1 1 1 1 1 1 167 172 44 39 16 1 1 31 215 206 91 252 1 1 1 1 1 1 1 1 77 99 8 2 3 3 5 18 35 44 147 170 2 1 1 1 1 174 169 1 1 1 1 0 1 58 0 0 1 2 1 1 2 232 235 1 1
255 2 1 1 1 96 45 1 1 0 0 0 0 0 0 0 0 0 0 0 0 0 0 0 0 0 0 0 0 0 0 0 0 0 0 0 0 0 0 0 0 1 1 1 1 4 224 241 63 1 1 1 1 1 1 1 1 1 1 1 0 0 0 0 0 0 0 0 0 0 0 0 0 1 1 0 0 0 0 0 0 0 1 4 5 1 1 2 7 10 9 8 3 1 1 1 1 1 0 0 0 0 0 1 2 129 2 0 0 0 0 0 0 0 0 0 0 0 1 21 1 0 0 0 0 0 0 0 0 0 0 0 0 0 0 0 0 0 0 0 0 0 0 0 0 0 2 6 1 0 0 0 61 1 0 0 0 0 0 0 0 0 0 0 0 0 0 0 0 0 0 0 1 1 3 1 1 1 1 1 0 0 0 0 0 0 0 0 0 0 0 0 1 5 10 0 0 0 0 1 0 0 0 0 0 0 0 0 1 1 0 0 0 0 0 0 0 0 0 1 1 1 1 2 109 236 244 233 68 1 1 0 0 0 0 1 2 1 0 0 0 1 1 1 1 1 1 1 0 0 0 1 0 1 31 1 0 0 0 1 1 5 0 0 0 0 0 0 0 0 0 0 0 0 0 2 0 0 0 0 0 1 9 1 0 1 1 1 1 1 1 0 0 0 0 3 2 0 0 0 1 1 1 0 1 1 0 0 1 40 1 1 1 1 1 7 0 1 0 0 1 1 1 0 0 1 1 1 1 1 1 2 1 1 0 1 2 3 1 1 1 1 1 57 233 219 2 1 83 1 1 1 1 1 1 2 1 1 0 0 0 0 0 0 1 30 88 22 1 1 0 0 1 1 1 0 0 1 43 243 1 1 1 66 8 1 1 1 1 0 0 0 0 0 0 0 0 0 1 1 1 32 92 1 1 78 1 1 49 51 1 1 1 1 1 1 1 1 1 1 1 1 1 5 40 59 57 46 32 11 1 133 244 215 1 1 2 5 1 1 1 1 1 1 0 1 3 2 1 1 1 1 1 1 1 4 100 161 2 7 36 35 27 119 248 248 216 1 1 1 2 9 35 57 104 100 113 69 71 50 39 28 14 5 57 42 170 1 1 1 1 5 202 112 1 1 1 0 0 1 51 1 1 1 2 0 1 1 38 251 1 1
255 255 3 45 152 78 1 0 1 0 0 0 0 0 0 0 0 0 0 0 0 0 0 0 0 0 0 0 0 0 0 0 0 0 0 1 1 1 1 1 1 1 2 55 238 245 169 1 1 1 1 0 1 0 0 0 0 1 1 0 0 0 0 0 0 0 0 0 0 0 0 0 0 1 1 0 0 0 0 0 0 0 0 1 2 8 8 6 1 1 1 1 3 8 9 9 9 10 8 1 1 1 1 4 129 1 0 0 0 0 0 0 0 0 0 0 0 0 0 14 0 0 0 0 0 0 0 0 0 0 0 0 0 0 0 0 0 0 0 0 0 0 0 0 1 6 3 0 0 0 0 0 60 1 0 0 0 0 0 0 0 0 0 0 0 0 0 0 0 0 0 1 3 2 1 1 1 1 1 1 0 0 0 0 0 0 0 0 0 0 0 0 0 1 29 1 0 0 0 1 0 1 1 0 0 0 0 0 1 1 0 1 0 0 0 0 0 1 1 1 2 98 235 244 236 109 1 1 1 0 0 0 0 0 1 2 1 0 0 0 1 1 1 1 1 0 0 1 0 0 0 1 1 20 2 0 0 0 1 1 1 4 0 0 0 0 0 0 0 0 0 0 0 0 0 2 0 0 0 0 0 0 4 3 0 0 0 0 0 1 1 0 0 0 1 6 1 0 0 0 1 0 1 0 1 1 0 0 1 37 25 5 4 1 1 7 1 1 1 1 1 1 1 0 0 0 0 1 1 1 1 0 1 2 1 2 1 1 2 2 1 1 1 1 1 121 236 176 88 1 1 1 1 1 1 2 1 0 0 0 0 0 0 0 0 1 1 39 91 67 2 1 1 0 1 1 1 1 11 246 1 1 38 29 1 1 0 0 1 0 0 0 0 0 0 0 0 0 1 1 1 23 98 1 1 90 1 1 54 47 1 1 1 1 1 4 26 21 5 10 43 57 51 34 4 1 1 3 2 1 1 1 174 252 52 3 5 1 1 1 1 1 1 1 1 4 1 1 0 1 1 1 1 1 4 2 1 47 178 6 1 1 11 113 249 252 166 162 158 156 139 127 121 60 5 49 41 1 1 6 1 1 1 63 33 1 170 1 0 1 1 41 211 15 1 1 1 1 1 30 6 1 0 1 1 0 1 1 1 252 11 2
2 255 255 94 2 1 1 1 1 0 0 0 0 0 0 0 0 0 0 0 0 0 0 0 0 0 0 0 0 0 0 0 0 0 1 1 1 1 1 4 182 245 245 241 100 2 1 1 0 0 0 0 0 0 0 0 1 1 0 0 0 0 0 0 0 0 0 0 0 0 0 0 0 1 1 0 0 0 0 0 0 0 0 0 0 0 0 0 0 0 0 0 0 0 0 0 0 1 1 8 9 3 6 124 1 0 0 0 0 0 0 0 0 0 0 0 0 0 0 14 0 0 0 0 0 0 0 0 0 0 0 0 0 0 0 0 0 0 0 0 0 0 0 2 5 1 0 0 0 0 0 0 14 15 0 0 0 0 0 0 0 0 0 0 0 0 0 0 0 1 2 3 1 1 1 1 0 1 1 1 1 0 0 0 0 0 0 0 0 0 0 0 0 1 4 11 0 1 1 1 1 1 0 0 0 0 0 0 1 1 0 1 1 0 0 0 1 1 81 234 245 238 118 1 1 1 0 0 0 0 0 0 0 1 2 1 1 0 1 1 1 1 1 1 1 1 0 1 0 0 0 0 3 14 0 0 0 1 1 0 4 1 0 0 0 0 0 0 0 0 0 0 0 0 0 2 0 0 0 0 0 0 1 10 0 0 0 0 0 1 1 1 1 1 2 2 1 1 0 1 1 0 1 1 1 0 0 0 0 1 6 32 36 51 54 12 1 1 1 1 0 1 0 0 0 0 1 1 0 1 0 0 0 1 1 1 1 1 0 1 3 2 1 1 1 1 1 195 237 151 2 1 1 1 2 1 1 1 1 1 1 0 0 0 0 0 0 0 1 5 81 85 14 1 1 1 1 1 4 246 1 10 57 1 1 1 1 0 1 1 0 0 0 0 1 1 1 1 1 1 1 30 90 1 1 101 2 1 56 44 1 35 52 51 48 39 10 13 33 25 2 1 1 1 1 0 0 1 0 0 0 1 1 211 250 32 1 1 1 1 2 2 7 9 5 1 1 0 1 1 1 1 1 3 1 1 1 1 10 182 30 1 1 49 248 231 12 1 1 1 1 1 10 10 8 10 8 10 1 2 3 2 87 16 1 1 170 1 1 1 1 171 171 1 1 1 1 1 0 57 1 1 0 1 1 0 2 1 1 250 159 2
145 3 255 255 67 1 1 1 1 1 1 0 0 0 0 0 0 0 0 0 0 0 0 0 0 0 1 0 0 0 1 1 1 22 196 242 246 247 245 245 220 5 1 1 1 0 1 1 1 1 1 1 0 0 0 1 1 0 0 0 0 0 0 0 0 0 0 0 0 0 0 0 0 1 1 0 0 0 0 0 0 0 0 0 0 0 0 0 0 0 0 0 0 0 0 0 0 0 0 1 1 10 137 1 0 0 0 0 0 0 0 0 0 0 0 0 0 0 0 15 0 0 0 0 0 0 0 0 0 0 0 0 0 0 0 0 0 0 0 0 1 1 6 3 1 0 0 0 0 0 0 0 1 60 0 0 0 0 0 0 0 0 0 0 0 0 0 1 1 3 1 1 1 1 1 1 1 1 0 1 1 0 0 0 0 0 0 0 0 0 0 0 0 1 1 29 1 1 1 1 1 0 0 0 0 0 0 0 1 1 0 1 1 0 0 1 160 245 239 127 1 1 1 1 1 0 0 0 0 0 0 1 1 2 1 1 1 1 1 1 1 1 1 1 1 1 1 1 1 1 0 2 17 1 0 0 0 1 1 1 5 1 0 0 0 0 0 0 0 0 0 0 0 0 0 2 0 0 0 0 0 0 0 10 1 0 0 0 0 1 0 0 1 1 7 1 1 1 1 1 0 1 0 1 1 0 0 0 0 0 0 0 1 1 1 101 84 4 1 1 1 1 0 0 0 0 1 1 0 0 0 0 1 1 1 1 1 1 1 1 0 1 3 2 1 1 1 1 4 229 240 109 36 2 1 0 0 0 0 0 1 1 1 1 1 0 0 0 0 0 1 1 48 87 58 2 1 1 2 246 3 77 1 1 1 1 1 1 1 1 1 1 1 1 1 1 1 1 1 1 1 52 69 1 1 104 1 1 59 68 49 4 1 1 1 1 1 1 0 0 0 0 0 0 0 0 0 0 0 1 1 1 1 1 225 248 4 1 1 1 1 1 9 1 3 1 1 1 1 1 1 1 1 2 1 1 1 1 1 2 169 75 1 16 201 251 43 1 1 1 1 1 3 23 14 6 1 33 1 1 37 101 5 1 1 1 170 1 1 1 4 203 105 1 1 0 1 0 1 69 47 52 28 3 1 1 2 1 1 226 240 2
15 1 1 255 255 255 203 1 1 1 1 1 1 1 0 0 0 0 0 0 0 0 0 0 1 1 3 197 244 247 247 247 247 244 213 40 1 1 1 1 0 0 0 0 0 0 0 0 1 1 1 1 1 1 1 1 0 0 0 0 0 0 0 0 0 0 0 0 0 0 0 0 0 1 1 0 0 0 0 0 0 0 0 0 0 0 0 0 0 0 0 0 0 0 0 0 0 0 0 0 1 132 1 0 0 0 0 0 0 0 0 0 0 0 0 0 0 0 0 15 0 0 0 0 0 0 0 0 0 0 0 0 0 0 1 1 1 3 6 6 6 4 1 0 0 0 0 0 0 0 0 0 0 62 0 0 0 0 0 0 0 0 0 0 0 0 1 3 2 1 0 0 1 1 1 1 1 1 0 0 1 1 0 0 0 0 0 0 0 0 0 0 0 0 1 4 12 1 0 0 1 0 0 0 0 0 0 0 1 1 1 1 1 0 1 207 229 4 1 1 1 0 1 1 0 0 0 0 1 1 1 4 6 1 1 1 1 1 1 2 1 0 0 0 0 1 1 1 1 1 2 21 1 0 0 1 1 1 0 1 4 1 0 0 0 0 0 0 0 0 0 0 0 0 1 2 0 0 0 0 0 0 0 8 1 0 0 0 0 1 0 0 0 1 6 0 0 0 1 1 1 1 1 1 1 1 0 1 1 0 0 1 1 0 1 9 3 83 89 4 1 1 1 0 1 1 1 1 0 0 0 1 1 0 1 1 0 1 1 1 0 0 1 1 5 2 1 1 1 1 55 237 96 94 1 1 0 0 0 0 0 0 0 0 1 1 1 1 1 0 0 0 1 1 7 77 74 7 11 248 113 2 1 1 1 1 1 1 1 1 1 1 0 0 0 0 0 1 1 1 1 68 96 1 1 104 1 1 63 113 1 1 1 0 1 1 1 0 0 0 0 0 0 0 0 0 0 1 1 1 1 1 1 1 3 240 244 2 1 1 1 2 4 18 13 17 20 5 1 1 1 1 3 1 1 1 1 1 1 1 1 143 117 13 41 255 59 1 1 1 1 1 1 75 4 2 1 2 29 66 125 58 68 78 17 1 167 1 1 1 40 201 55 1 1 1 1 1 1 1 2 1 9 74 1 1 3 1 1 217 244 4
1 1 1 1 1 255 255 255 253 1 1 1 1 1 1 1 1 1 1 1 1 1 1 1 1 226 246 216 26 1 1 1 1 1 1 1 1 1 1 0 0 0 0 0 0 0 0 0 0 0 0 0 1 1 1 1 0 0 0 0 0 0 0 0 0 0 0 0 0 0 0 0 1 1 0 0 0 0 0 0 0 0 0 0 0 0 0 0 0 0 0 0 0 0 0 0 0 0 0 1 126 3 0 0 0 0 0 0 0 0 0 0 0 0 0 0 0 0 0 15 0 0 0 0 0 0 0 0 0 0 0 1 3 6 6 6 5 2 1 0 0 0 0 0 0 0 0 0 0 0 0 0 0 58 1 0 0 0 0 0 0 0 0 0 1 2 3 1 1 0 0 0 1 1 1 1 1 1 0 0 0 1 0 0 0 0 0 0 0 0 0 0 0 0 0 1 27 1 0 1 1 0 0 0 0 0 0 0 1 0 1 1 1 1 165 229 1 1 1 0 0 1 1 0 0 0 0 1 1 6 11 3 7 2 1 1 2 1 1 1 0 0 0 0 1 0 1 1 1 3 33 1 0 1 1 1 1 1 0 2 1 1 0 0 0 0 0 0 0 0 0 0 0 0 1 2 0 0 0 0 0 0 0 1 8 0 0 0 1 1 0 0 1 4 1 0 0 0 0 1 1 1 1 1 1 1 1 1 0 0 0 1 0 0 1 7 1 1 2 85 102 45 1 1 1 1 1 1 0 0 0 1 0 0 1 1 0 1 1 1 0 0 0 0 1 2 10 1 1 1 25 201 242 247 176 55 1 0 0 0 0 0 0 0 0 0 0 0 1 1 1 1 1 1 1 1 2 52 123 250 126 107 67 2 1 1 1 1 1 1 0 0 0 0 0 0 0 1 1 1 2 48 89 4 1 106 1 1 69 100 1 0 1 1 1 1 1 1 1 1 1 1 1 1 1 2 5 7 9 11 22 21 20 18 15 7 244 230 2 1 2 1 1 2 1 1 1 5 21 21 3 2 1 1 1 1 0 0 1 1 1 1 107 138 14 252 193 4 1 1 1 1 5 60 7 1 1 1 95 82 2 1 1 1 46 16 166 1 1 1 164 117 49 1 1 1 6 2 1 1 1 1 1 62 1 1 3 1 1 217 245 25
1 1 0 0 0 1 1 236 255 255 255 2 1 1 1 1 1 1 1 1 1 1 1 1 227 185 1 1 1 1 1 1 0 0 0 0 0 1 1 0 0 0 0 0 0 0 0 0 0 0 0 0 0 0 0 1 1 1 0 0 0 0 0 0 0 0 0 0 0 0 0 1 1 0 0 0 0 0 0 0 0 0 0 0 0 0 0 0 0 0 0 0 0 0 0 0 0 0 1 98 15 1 0 0 0 0 0 0 0 0 0 0 0 0 0 0 0 0 0 15 0 0 0 0 0 0 0 0 0 1 5 6 2 1 0 0 0 0 0 0 0 0 0 0 0 0 0 0 0 0 0 0 0 15 14 0 0 0 0 0 0 0 0 1 3 1 1 0 0 0 0 0 0 1 1 1 1 1 0 0 0 1 1 0 0 0 0 0 0 0 0 0 0 0 0 1 3 13 1 1 1 0 0 0 0 0 0 0 1 0 1 1 1 1 246 1 1 0 0 0 1 1 0 0 1 1 2 10 12 2 1 1 1 6 1 1 1 1 1 0 0 0 0 0 1 1 0 1 3 4 2 7 1 1 1 1 1 0 0 4 1 0 0 0 0 0 0 0 0 0 0 0 0 0 1 2 1 0 0 0 0 0 0 1 11 0 0 0 1 1 0 0 1 6 1 0 0 0 0 1 1 1 1 1 1 1 1 1 1 1 0 1 0 1 1 7 1 1 0 1 1 33 103 100 20 1 1 1 1 0 0 0 0 0 1 1 1 1 1 1 0 0 0 0 0 1 1 14 30 77 35 1 1 5 235 247 166 48 1 1 0 0 0 0 0 0 0 0 0 0 0 0 1 1 1 1 1 5 248 135 1 1 23 109 69 1 1 1 1 1 1 1 1 0 0 0 1 1 1 1 45 3 22 32 1 105 2 1 78 97 1 1 1 1 1 2 3 4 4 4 5 11 9 8 6 4 1 1 1 1 2 1 1 1 1 1 3 249 232 147 1 1 1 2 1 0 0 1 1 1 8 24 16 2 1 1 1 1 1 0 1 1 1 58 157 222 249 38 1 1 1 1 80 1 7 1 1 92 19 1 1 1 1 1 1 39 185 1 1 2 203 28 63 1 1 2 3 7 12 13 14 13 13 72 1 3 1 1 1 222 244 39
1 0 0 0 0 0 0 1 1 36 255 255 255 101 1 1 1 1 1 1 1 1 1 5 246 1 1 1 1 1 1 0 0 0 0 0 0 0 0 0 0 0 0 0 0 0 0 0 0 0 0 0 0 0 0 0 0 1 1 1 0 0 0 0 0 0 0 0 0 0 0 1 1 0 0 0 0 0 0 0 0 0 0 0 0 0 0 0 0 0 0 0 0 0 0 0 0 1 63 49 1 0 0 0 0 0 0 0 0 0 0 0 0 0 0 0 0 0 0 15 0 0 0 0 0 0 0 1 5 5 1 1 0 0 0 0 0 0 0 0 0 0 0 0 0 0 0 0 0 0 0 0 0 1 58 0 0 0 0 0 0 1 3 2 1 0 0 0 0 0 0 0 0 1 1 1 1 1 1 0 0 0 1 0 0 0 0 0 0 0 0 0 0 0 0 1 1 28 1 0 1 1 0 0 0 0 0 0 1 0 1 1 1 92 239 1 1 1 1 1 0 0 1 1 3 13 9 1 1 1 1 1 1 9 1 1 1 0 0 0 0 0 0 0 1 1 1 1 7 1 1 1 8 1 0 0 1 1 0 5 1 0 0 0 0 0 0 0 0 0 0 0 0 1 1 2 1 0 0 0 0 0 0 0 11 1 0 0 1 0 0 1 1 5 0 0 0 0 1 1 1 1 1 1 1 0 0 0 1 1 1 1 1 1 1 6 1 1 1 1 1 1 1 7 86 123 22 1 1 1 1 0 0 0 0 0 1 1 1 1 0 0 0 0 0 1 12 51 29 1 1 0 1 1 1 12 237 249 192 41 1 1 0 1 1 1 1 1 0 0 0 0 1 1 1 1 90 250 78 1 1 1 1 1 27 112 93 2 1 1 1 1 1 1 1 1 1 1 35 58 19 1 2 50 1 132 13 10 96 91 4 4 4 3 2 1 1 1 1 1 1 2 1 1 1 1 1 1 1 1 2 1 1 1 3 7 13 104 246 187 203 131 1 2 1 0 0 0 0 1 1 1 1 20 13 8 1 1 1 1 1 1 1 1 20 155 255 54 1 1 1 8 58 1 7 5 99 3 1 1 0 0 1 1 1 1 182 19 22 67 200 2 33 7 1 5 1 1 1 1 1 1 1 50 1 3 1 1 1 247 222 2
1 0 0 0 0 0 0 0 0 0 1 1 255 255 255 248 1 1 1 1 1 1 1 218 196 1 1 1 1 0 0 0 0 0 0 0 0 0 0 0 0 0 0 0 0 0 0 0 0 0 0 0 0 0 0 0 0 0 0 1 1 1 0 0 0 0 0 0 0 0 1 1 0 0 0 0 0 0 0 0 0 0 0 0 0 0 0 0 0 0 0 0 0 0 0 0 1 23 88 1 0 0 0 0 0 0 0 0 0 0 0 0 0 0 0 0 0 0 0 14 0 0 0 0 0 0 2 6 1 0 0 0 0 0 0 0 0 0 0 0 0 0 0 0 0 0 0 0 0 0 0 0 0 1 56 1 0 0 0 1 1 3 1 1 0 0 0 0 0 0 0 0 0 0 1 1 1 1 1 0 1 1 1 1 0 0 0 0 0 0 0 0 0 0 0 0 1 2 16 1 0 1 1 1 0 0 0 0 1 0 1 1 1 203 207 1 0 1 1 1 1 1 9 13 5 1 1 1 1 1 1 1 1 3 4 1 1 0 0 0 0 0 0 0 0 0 0 9 1 0 0 1 1 6 0 0 0 1 1 4 1 0 0 0 0 0 0 0 0 0 0 0 1 1 1 1 0 0 0 0 0 0 0 0 6 2 0 0 1 0 0 1 5 1 0 1 1 7 9 10 6 6 6 6 3 1 1 0 0 0 1 1 1 1 3 2 1 1 1 1 1 0 1 5 1 1 85 91 62 3 1 1 0 0 0 0 0 0 1 1 1 0 0 1 14 42 10 1 1 0 0 0 0 0 1 1 1 2 230 248 176 26 1 1 0 0 0 1 1 1 0 0 1 1 1 202 248 2 1 1 1 1 0 0 1 1 8 108 93 3 1 1 1 1 1 4 21 48 11 1 1 1 1 55 2 132 6 4 80 70 1 1 1 1 1 1 1 1 1 1 1 2 1 1 3 8 14 19 20 21 32 21 20 16 8 3 3 97 81 243 32 109 202 158 1 1 1 0 0 0 0 1 2 1 1 1 9 14 14 1 1 1 1 1 1 96 252 182 3 1 1 89 1 1 51 88 1 1 1 0 1 1 1 1 1 18 147 3 1 151 132 1 40 5 1 6 1 1 1 1 1 1 15 13 1 3 1 1 1 252 92 1
0 0 0 0 0 0 0 0 0 0 0 0 1 1 238 255 255 255 1 1 0 1 1 246 6 1 1 0 0 0 0 0 0 0 0 0 0 0 0 0 0 0 0 0 0 0 0 0 0 0 0 0 0 0 0 0 0 0 0 0 0 1 1 1 0 0 0 0 0 0 1 0 0 0 0 0 0 0 0 0 0 0 0 0 0 0 0 0 0 0 0 0 0 0 0 1 4 119 1 0 0 0 0 0 0 0 0 0 0 0 0 0 0 0 0 0 0 0 0 12 1 0 0 0 1 6 3 1 0 0 0 0 0 0 0 0 0 0 0 0 0 0 0 0 0 0 0 0 0 0 0 0 0 0 19 9 0 0 1 3 2 1 0 0 0 0 0 0 0 0 0 0 0 0 1 1 1 1 1 1 1 0 0 1 1 0 0 0 0 0 0 0 0 0 0 0 1 1 27 1 0 0 0 1 1 0 0 0 1 0 1 1 1 242 50 1 1 1 1 2 11 10 2 1 1 1 0 0 0 0 0 0 0 1 12 1 1 1 0 0 0 0 0 0 0 0 1 10 1 0 0 0 1 8 0 0 0 1 1 3 1 0 0 0 0 0 0 0 0 0 1 1 1 2 1 0 0 0 0 0 0 0 0 0 1 12 0 1 1 1 1 1 6 1 5 8 5 1 1 1 0 0 0 1 2 7 7 7 7 7 7 6 5 5 4 1 1 1 1 1 1 1 1 3 1 1 1 29 1 56 62 2 1 1 1 0 0 1 1 1 1 2 23 42 8 1 1 1 0 0 0 0 0 0 0 0 0 1 1 3 235 246 138 9 1 1 0 0 0 1 1 1 1 1 236 231 1 1 1 1 1 1 0 1 1 1 1 1 8 103 113 89 55 54 54 43 16 2 1 1 1 1 1 46 63 51 12 8 97 74 1 1 1 1 3 7 12 15 16 17 17 31 18 14 7 3 1 1 1 1 2 1 1 1 1 1 87 2 1 70 240 15 1 88 205 172 2 1 1 0 0 1 2 1 0 1 1 6 3 22 25 6 1 1 1 73 225 248 33 1 10 56 1 74 68 1 1 1 1 1 1 1 1 1 46 79 72 1 1 195 30 1 55 2 1 6 1 1 1 0 1 1 49 1 1 3 1 1 150 251 1 1
0 0 0 0 0 0 0 0 0 0 0 0 0 0 0 1 40 255 255 255 28 1 1 247 1 1 1 0 0 0 0 0 0 0 0 0 0 0 0 0 0 0 0 0 0 0 0 0 0 0 0 0 0 0 0 0 0 0 0 0 0 1 0 1 1 1 0 0 0 1 1 0 0 0 0 0 0 0 0 0 0 0 0 0 0 0 0 0 0 0 0 0 0 0 1 1 134 1 0 0 0 0 0 0 0 0 0 0 0 0 0 0 0 0 0 0 0 0 0 3 6 0 1 5 5 1 0 0 0 0 0 0 0 0 0 0 0 0 0 0 0 0 0 0 0 0 0 0 0 0 0 0 0 0 1 54 1 2 2 1 0 0 0 0 0 0 0 0 0 0 0 0 0 0 0 1 1 1 0 0 0 0 0 0 1 0 0 0 0 0 1 1 1 1 1 1 1 1 3 12 1 0 0 0 1 1 1 0 1 1 1 1 1 246 1 1 1 5 12 7 1 1 1 0 0 0 0 0 0 0 0 0 0 1 6 3 1 1 0 0 0 0 0 0 0 0 4 2 1 1 0 0 2 3 0 0 0 1 2 2 1 1 0 0 0 0 0 0 0 1 1 1 2 1 1 0 0 0 0 0 0 0 0 0 0 19 8 7 7 6 5 8 15 8 2 1 1 0 1 1 0 0 0 0 0 1 1 1 1 1 1 1 1 0 1 1 1 1 1 1 2 4 4 1 4 1 1 23 1 0 1 59 68 3 1 1 0 1 1 1 31 40 5 1 1 1 1 0 0 0 0 0 0 0 0 0 0 0 1 1 1 25 241 243 108 3 1 0 0 0 1 1 7 248 180 1 1 1 0 1 1 1 1 1 0 0 0 1 1 1 1 49 5 1 1 1 1 1 1 1 1 1 2 74 85 1 1 2 107 92 26 19 14 10 5 2 1 1 1 1 1 2 1 1 1 0 0 0 0 0 2 1 1 1 1 74 7 1 1 1 114 235 7 1 1 52 202 188 8 1 1 2 1 0 0 1 1 5 1 0 1 5 10 1 1 4 117 255 49 1 85 3 98 29 1 1 0 1 1 1 1 1 12 44 1 18 71 1 28 194 2 1 63 1 2 3 1 1 0 0 1 1 28 2 19 1 1 1 251 180 1 1
0 0 0 0 0 0 0 0 0 0 0 0 0 0 0 0 1 1 1 255 255 255 189 247 1 1 1 1 0 0 0 0 0 0 0 0 0 0 0 0 0 0 0 0 0 0 0 0 0 0 0 0 0 0 0 0 0 0 0 0 1 1 0 0 0 1 0 0 0 1 1 0 0 0 0 0 0 0 0 0 0 0 0 0 0 0 0 0 0 0 0 0 0 1 1 126 3 0 0 0 0 0 0 0 0 0 0 0 0 0 0 0 0 0 0 0 0 0 0 1 20 6 5 1 0 0 0 0 0 0 0 0 0 0 0 0 0 0 0 0 0 0 0 0 0 0 0 0 0 0 0 0 0 0 0 12 61 1 0 0 0 0 0 0 0 0 0 0 0 0 0 0 0 0 0 1 1 0 1 0 0 0 0 0 1 1 1 0 0 1 1 0 0 0 0 0 1 1 1 26 1 0 0 0 0 0 1 1 1 1 1 1 173 225 2 10 11 3 1 1 0 0 0 0 0 0 0 0 0 0 0 0 0 0 1 12 1 1 1 0 0 0 0 0 1 1 8 1 1 1 0 1 1 8 1 0 0 1 1 4 1 0 0 0 0 0 0 0 1 1 1 1 0 0 1 0 0 0 0 0 0 0 0 0 2 71 9 1 0 1 1 13 1 1 1 1 0 0 1 0 0 0 0 0 1 1 1 1 0 0 1 1 1 1 1 1 1 1 1 1 0 0 1 4 7 1 0 1 29 1 0 0 1 55 71 8 1 1 28 49 4 1 1 0 0 1 0 0 0 1 1 1 1 0 0 0 0 1 1 1 0 1 1 98 246 236 84 1 1 1 1 128 250 52 1 1 0 0 0 1 1 0 0 0 0 0 0 0 1 1 1 2 39 1 1 1 1 1 1 1 1 27 147 107 11 1 1 1 108 41 1 5 3 1 1 0 1 1 1 0 1 2 1 0 1 0 1 1 1 1 2 1 1 1 54 20 1 1 1 1 1 154 227 5 1 1 1 24 197 195 29 2 1 1 1 1 5 1 1 0 1 1 2 3 1 1 97 252 169 1 100 123 6 1 1 1 1 1 1 1 1 30 19 1 3 7 72 1 130 139 1 1 61 1 6 1 1 1 0 0 0 1 26 1 13 1 1 57 253 2 1 1
0 0 0 0 0 0 0 0 0 0 0 0 0 0 0 0 0 0 0 1 1 255 255 255 70 1 1 1 1 0 0 0 0 0 0 0 0 0 0 0 0 0 0 0 0 0 0 0 0 0 0 0 0 0 0 0 0 0 0 0 1 0 0 0 0 1 0 0 0 1 1 0 0 0 0 0 0 0 0 0 0 0 0 0 0 0 0 0 0 0 0 0 1 1 97 16 1 0 0 0 0 0 0 0 0 0 0 0 0 0 0 0 0 0 0 0 0 0 1 1 8 2 0 0 0 0 0 0 0 0 0 0 0 0 0 0 0 0 0 0 0 0 0 0 0 0 0 0 0 0 0 0 0 0 5 7 5 34 1 0 0 0 0 0 0 0 0 0 0 0 0 0 0 0 0 0 1 1 1 0 0 0 0 0 0 1 0 0 0 0 1 0 0 0 0 0 1 1 1 3 12 1 0 0 0 0 0 1 1 1 1 101 242 15 8 1 1 1 0 0 0 0 0 0 0 0 0 0 0 0 0 0 0 0 1 7 2 1 1 0 0 0 0 0 1 4 2 1 1 1 0 1 0 8 1 1 0 0 0 3 3 1 1 1 0 0 0 1 1 1 2 1 0 0 1 0 0 0 0 0 0 0 0 0 43 33 2 0 0 0 2 3 0 0 1 1 1 1 1 1 1 1 1 1 1 1 0 0 0 0 0 1 1 1 1 0 1 1 1 1 1 0 1 1 1 0 0 0 8 6 0 0 0 0 1 40 143 181 83 1 1 0 0 0 1 1 0 0 1 1 0 1 1 1 1 0 1 1 0 1 1 0 0 1 1 160 246 225 60 1 216 241 1 1 1 1 1 0 0 1 1 0 0 0 0 0 0 0 1 1 1 1 45 1 1 1 1 1 1 92 146 135 1 1 19 1 1 1 119 28 0 1 2 6 1 1 0 0 1 1 1 2 1 1 1 1 1 0 0 1 1 1 1 34 41 1 2 8 44 91 122 137 232 232 4 1 1 1 1 9 208 209 26 1 1 1 6 1 1 1 0 1 1 15 1 1 61 234 247 134 164 1 1 1 1 1 1 1 1 6 51 4 1 1 19 1 72 1 194 33 1 1 59 1 6 1 1 1 0 0 0 6 7 1 13 1 1 251 191 1 1 1
0 0 0 0 0 0 0 0 0 0 0 0 0 0 0 0 0 0 0 0 0 2 36 255 255 255 1 1 1 1 1 0 0 0 0 0 0 0 0 0 0 0 0 0 0 0 0 0 0 0 0 0 0 0 0 0 0 0 0 1 1 0 0 0 0 1 0 0 0 0 1 1 1 0 0 0 0 0 0 0 0 0 0 0 0 0 0 0 0 0 0 1 1 62 48 1 0 0 0 0 0 0 0 0 0 0 0 0 0 0 0 0 0 0 0 0 0 1 1 1 1 11 1 0 0 0 0 0 0 0 0 0 0 0 0 0 0 0 0 0 0 0 0 0 0 0 0 0 0 0 0 0 1 11 3 0 1 3 37 1 0 0 0 0 0 0 0 0 0 0 0 0 0 0 0 0 1 1 0 1 0 0 0 0 0 1 0 0 0 0 1 1 0 0 0 1 1 1 1 1 25 1 1 1 0 0 1 1 1 14 233 242 44 30 1 1 1 0 0 0 0 0 0 0 0 0 0 0 0 0 0 0 0 0 1 1 9 1 1 1 0 0 0 0 1 1 7 1 1 0 0 0 0 8 1 1 0 0 0 1 1 4 2 1 0 0 1 1 1 2 1 0 0 0 1 0 0 0 0 0 1 1 1 3 28 2 26 0 0 1 8 1 0 0 0 1 1 1 1 0 1 1 1 1 1 1 1 1 1 1 1 1 0 1 1 0 0 1 1 0 1 0 0 0 0 0 1 1 1 28 1 1 0 1 1 56 34 1 84 120 1 0 0 0 1 0 0 1 1 0 0 0 0 1 1 1 1 0 0 0 1 1 0 1 1 1 1 202 251 253 220 1 1 1 0 1 1 1 1 1 0 0 0 0 0 0 0 1 1 0 0 1 12 9 1 1 5 130 144 43 1 36 1 1 20 1 1 1 139 9 0 0 0 1 4 5 1 1 1 1 1 2 1 1 1 1 2 13 61 118 151 188 196 194 145 143 138 124 95 44 10 2 1 224 226 2 1 1 1 10 20 17 208 211 42 5 1 1 1 1 1 1 1 16 1 1 2 139 255 177 1 1 1 1 1 1 1 3 9 43 1 1 1 1 15 1 68 29 191 2 1 1 54 2 7 1 1 1 0 0 0 26 1 1 12 1 29 254 3 1 1 1
0 0 0 0 0 0 0 0 0 0 0 0 0 0 0 0 0 0 0 0 0 34 1 1 48 255 255 1 1 1 1 1 0 0 0 0 0 0 0 0 0 0 0 0 0 0 0 0 0 0 0 0 0 0 0 0 0 0 0 1 0 0 0 0 1 1 0 0 0 0 1 1 1 1 0 0 0 0 0 0 0 0 0 0 0 0 0 0 0 0 0 1 24 85 1 0 0 0 0 0 0 0 0 0 0 0 0 0 0 0 0 0 0 0 0 0 1 1 0 0 0 1 10 0 0 0 0 0 0 0 0 0 0 0 0 0 0 0 0 0 0 0 0 0 0 0 0 0 0 0 0 2 13 1 1 0 0 1 2 39 2 0 0 0 0 0 0 0 0 0 0 0 0 0 0 0 0 1 1 1 0 0 0 0 0 1 1 0 0 0 0 1 1 1 0 1 1 1 0 1 3 12 1 1 1 1 1 77 243 247 170 1 1 60 1 1 1 1 0 0 0 0 0 0 0 0 0 0 0 0 0 0 0 0 1 1 5 3 1 1 1 0 1 1 1 1 1 5 1 1 0 0 1 8 0 0 0 0 0 0 0 1 3 1 0 1 1 1 1 1 0 0 0 0 1 1 0 1 1 1 1 1 1 45 1 1 39 0 0 1 6 1 0 0 0 0 0 1 0 0 0 0 0 0 1 1 1 1 1 1 1 0 0 1 0 0 1 1 1 1 1 1 0 0 0 1 1 0 1 1 24 12 1 1 4 90 1 0 1 23 123 1 0 1 0 0 1 1 0 0 0 0 0 0 1 1 1 1 0 0 0 1 1 1 0 1 1 73 253 251 253 200 28 1 0 1 1 0 1 1 1 0 0 0 0 0 0 1 1 0 0 0 1 45 49 146 130 5 1 1 1 35 1 1 20 1 1 1 144 4 1 1 1 1 1 2 20 37 69 116 139 163 165 167 167 165 159 142 105 47 14 56 34 4 1 1 1 1 1 1 1 1 1 1 232 223 1 1 1 50 1 1 1 8 203 220 83 1 1 1 1 1 8 2 1 1 1 88 255 104 1 0 1 1 1 1 7 3 1 25 1 1 1 14 1 1 65 128 140 1 1 1 54 8 10 1 1 1 1 1 1 29 1 1 12 1 249 212 1 1 1 0
0 0 0 0 0 0 0 0 0 0 0 0 0 0 0 0 0 0 0 0 0 7 23 1 1 1 255 255 1 1 1 1 1 0 0 0 0 0 0 0 0 0 0 0 0 0 0 0 0 0 0 0 0 0 0 0 0 0 1 1 0 0 0 0 1 0 0 0 0 0 0 0 0 1 1 0 0 0 0 0 0 0 0 0 0 0 0 0 0 0 1 5 116 1 0 0 0 0 0 0 0 0 0 0 0 0 0 0 0 0 0 0 0 0 0 1 1 0 0 0 0 1 8 2 0 0 0 0 0 0 0 0 0 0 0 0 0 0 0 0 0 0 0 0 0 0 0 0 0 1 4 8 1 0 1 0 0 1 1 1 43 1 0 0 0 0 0 0 0 0 0 0 0 0 0 0 0 1 1 1 0 0 0 0 0 0 1 0 0 0 0 0 0 0 1 1 1 1 1 1 1 24 1 1 1 134 246 245 94 1 1 1 1 6 53 2 1 1 0 0 0 0 0 0 0 0 0 0 0 0 0 0 0 0 0 1 1 11 1 1 1 0 0 1 1 1 1 1 5 1 1 0 5 1 1 1 1 0 0 0 0 0 1 4 0 1 1 1 1 0 0 0 0 1 1 1 1 1 0 0 1 1 30 3 0 1 39 1 1 7 1 0 0 0 0 0 1 1 0 0 0 0 0 0 0 0 0 0 1 1 1 1 1 1 1 1 1 1 1 1 0 1 1 0 0 1 1 0 1 0 1 4 30 4 104 1 1 1 1 1 29 119 1 1 0 1 1 0 0 0 0 0 0 1 1 0 0 1 1 1 0 0 1 1 1 1 213 253 17 1 10 248 253 154 8 1 1 1 1 1 1 1 0 0 0 0 1 1 1 1 1 1 83 146 91 1 1 1 1 1 1 35 1 1 26 4 41 106 200 128 142 155 160 162 160 156 147 131 110 42 9 6 1 1 1 1 1 1 1 1 5 83 14 8 8 1 1 0 1 1 1 1 1 12 3 237 208 1 27 22 1 1 1 1 1 5 193 218 124 1 1 1 22 1 1 1 1 101 255 148 1 1 1 1 1 5 2 1 1 25 1 1 7 2 1 1 68 196 33 1 1 1 51 1 15 1 0 0 0 0 1 22 1 1 17 1 254 18 1 1 1 0
0 0 0 0 0 0 0 0 0 0 0 0 0 0 0 0 0 0 0 0 0 0 3 36 2 1 1 255 255 4 1 1 1 1 0 0 0 0 0 0 0 0 0 0 0 0 0 0 0 0 0 0 0 0 0 0 0 0 1 0 0 0 0 0 0 0 0 0 0 0 0 0 0 0 1 1 1 0 0 0 0 0 0 0 0 0 0 0 0 1 1 132 1 1 0 0 0 0 0 0 0 0 0 0 0 0 0 0 0 0 0 0 0 0 1 1 0 0 0 0 0 0 1 13 0 0 0 0 0 0 0 0 0 0 0 0 0 0 0 0 0 0 0 0 0 0 0 0 1 10 4 0 1 1 1 1 0 0 1 1 8 19 1 0 0 0 0 0 0 0 0 0 0 0 0 0 0 0 1 1 0 0 0 0 0 0 1 0 0 0 0 0 0 0 1 1 1 1 1 1 0 7 11 48 243 239 29 1 1 1 1 0 1 1 2 60 34 1 1 1 0 0 0 0 0 0 0 0 0 0 0 0 0 0 0 1 1 2 7 1 1 1 1 1 1 1 1 0 1 5 2 1 9 4 18 14 2 1 1 1 1 1 0 4 0 1 2 1 1 0 1 1 1 1 0 1 0 0 0 1 1 13 11 0 0 1 29 1 1 8 1 0 0 0 0 0 1 1 0 0 0 0 0 0 1 1 0 1 1 0 1 1 1 1 1 1 0 1 1 1 1 0 1 1 1 0 1 1 1 0 1 1 1 73 19 1 0 0 1 1 1 60 93 1 0 1 1 0 0 0 0 0 0 1 0 0 0 0 0 1 1 1 1 1 1 246 246 1 1 1 1 1 84 251 250 120 2 1 1 1 1 1 1 0 0 1 1 1 1 2 102 128 30 1 1 4 33 96 152 182 194 210 205 198 196 187 153 94 153 23 2 3 1 1 1 1 1 1 2 5 5 2 1 1 1 1 1 1 1 2 91 1 1 1 1 6 9 1 1 1 1 1 1 15 1 1 245 184 76 2 4 1 1 1 4 1 1 1 169 218 153 12 4 1 1 1 1 249 230 190 1 1 1 1 3 1 1 1 1 26 1 11 2 1 1 3 99 171 29 1 1 1 50 1 14 1 0 0 0 0 1 14 0 1 18 94 252 1 1 1 0 0
0 0 0 0 0 0 0 0 0 0 0 0 0 0 0 0 0 0 0 0 0 0 0 1 30 2 1 1 255 255 178 1 1 1 1 0 0 0 0 0 0 0 0 0 0 0 0 0 0 0 0 0 0 0 0 0 0 1 1 0 0 0 0 0 0 0 0 0 0 0 0 0 0 0 0 1 1 1 0 0 0 0 0 0 0 0 0 1 1 1 127 3 1 0 0 0 0 0 0 0 0 0 0 0 0 0 0 0 0 0 0 1 1 1 1 0 0 0 0 0 0 0 0 12 1 0 0 0 0 0 0 0 0 0 0 0 0 0 0 0 0 0 0 0 0 0 0 1 14 1 0 0 0 0 1 1 1 1 0 1 1 7 22 1 0 0 0 0 0 0 0 0 0 0 0 0 0 0 1 1 0 0 0 0 0 0 1 1 0 0 0 0 0 0 1 1 1 0 1 0 0 1 144 245 71 1 1 1 1 1 1 1 1 0 1 1 9 64 28 1 1 1 0 0 0 0 0 0 0 0 0 0 0 0 0 0 1 1 5 5 1 1 0 1 1 1 0 0 0 1 3 7 25 14 2 5 17 27 28 28 28 27 24 27 1 1 2 1 1 1 1 0 0 0 0 1 0 0 1 1 19 15 1 0 0 1 1 34 5 1 0 0 0 0 0 0 1 1 0 0 0 0 0 1 0 1 1 1 1 0 0 0 1 1 1 0 0 0 0 1 1 1 1 1 1 1 1 0 1 1 1 1 6 35 1 1 1 1 1 1 1 1 155 1 1 0 1 1 0 0 0 0 1 1 0 0 0 0 0 0 0 1 1 12 253 215 1 8 1 1 1 1 1 1 175 253 233 93 1 1 0 1 1 1 2 15 89 159 198 211 191 174 174 174 172 166 140 97 101 8 1 17 2 1 1 1 1 1 112 1 1 2 1 1 1 0 0 1 2 1 1 11 4 1 1 1 1 1 1 94 3 1 1 1 1 1 1 6 11 1 1 1 9 1 1 1 3 249 122 1 1 5 1 1 3 1 1 1 1 1 140 225 188 2 1 1 8 255 1 186 1 1 1 1 7 1 3 2 2 57 31 6 5 5 12 61 88 135 13 7 1 1 47 1 13 1 1 0 0 0 7 3 1 1 9 247 225 1 1 1 0 0
1 0 0 0 0 0 0 0 0 0 0 0 0 0 0 0 0 0 0 0 0 0 0 0 1 32 2 224 255 255 255 255 1 1 0 1 1 0 0 0 0 0 0 0 0 0 0 0 0 0 0 0 0 0 0 0 0 1 0 0 0 0 0 0 0 0 0 0 0 0 0 0 0 0 0 0 0 1 1 1 0 0 0 0 0 0 0 1 1 102 11 1 0 0 0 0 0 0 0 0 0 0 0 0 0 0 0 1 1 1 1 1 1 0 0 0 0 0 0 0 0 0 0 1 9 0 0 0 0 0 0 0 0 0 0 0 0 0 0 0 0 0 0 0 0 0 3 11 1 0 0 0 0 0 0 1 1 1 1 1 1 1 6 25 1 0 0 0 0 0 0 0 0 0 0 0 0 0 0 1 1 0 0 0 0 0 0 1 0 0 0 0 0 1 1 1 1 1 1 0 0 122 237 2 1 1 0 1 1 1 0 0 0 0 0 1 1 1 13 49 1 1 1 1 0 0 0 0 0 0 0 0 0 0 0 0 0 1 1 4 11 5 1 1 1 1 0 0 0 0 1 1 1 0 0 1 1 1 1 1 1 1 1 9 50 55 52 5 1 1 1 1 1 1 2 4 8 18 37 48 7 1 1 1 1 1 0 32 13 1 0 0 0 0 0 0 1 1 0 0 0 0 1 1 1 4 8 9 2 1 1 1 1 1 1 1 1 1 2 12 20 10 2 1 1 1 1 1 1 1 2 47 35 1 1 1 1 1 1 1 1 1 147 3 1 1 1 1 1 0 0 0 1 1 0 0 0 0 0 0 1 1 152 253 100 1 25 4 17 7 1 0 1 24 22 51 245 250 219 100 3 177 214 214 213 207 174 109 33 7 1 1 1 1 1 1 0 1 35 0 0 8 3 1 0 1 1 1 113 1 1 2 1 1 1 1 0 1 1 1 1 1 5 8 1 1 1 1 80 9 1 1 1 1 1 0 0 1 1 6 11 3 21 1 1 1 1 16 249 13 1 1 4 4 1 0 1 1 1 1 1 1 124 224 210 13 242 248 1 97 109 1 1 16 4 4 11 4 5 92 10 9 9 9 83 11 41 131 9 7 1 8 22 1 14 1 1 1 0 0 16 1 1 1 1 252 144 1 1 1 0 0
2 1 0 0 0 0 0 0 0 0 0 0 0 0 0 0 0 0 0 0 0 0 0 0 1 1 255 255 48 1 137 255 255 1 1 1 1 1 0 0 0 0 0 0 0 0 0 0 0 0 0 0 0 0 0 0 1 1 0 0 0 0 0 0 0 0 0 0 0 0 0 0 0 0 0 0 0 0 1 1 1 1 0 0 0 0 0 1 32 77 1 1 0 0 0 0 0 0 0 0 0 0 0 0 0 1 1 1 1 0 0 0 0 0 0 0 0 0 0 0 0 0 0 0 13 0 0 0 0 0 0 0 0 0 0 0 0 0 0 0 0 0 0 0 1 7 6 0 0 0 0 0 0 0 0 1 1 0 0 1 1 1 1 5 48 37 4 0 0 0 0 0 0 0 0 0 0 0 0 1 1 0 0 0 0 0 0 1 1 0 0 0 1 1 1 0 1 1 0 1 41 242 2 0 0 1 1 1 1 1 0 0 0 0 0 1 1 1 1 4 60 2 1 1 1 0 0 0 0 0 0 0 0 0 0 0 0 1 1 1 1 6 15 6 1 1 0 0 0 0 1 1 1 0 0 1 1 1 0 1 1 1 1 1 1 1 2 35 58 67 58 48 47 46 39 28 17 8 2 1 0 0 0 0 0 0 0 12 32 1 0 0 0 0 0 0 1 1 0 1 1 10 18 18 14 5 2 3 11 19 21 21 21 20 24 24 23 21 15 2 3 1 6 12 12 4 1 1 1 11 42 1 1 0 1 0 0 0 1 1 1 1 3 152 3 1 1 1 0 0 0 0 0 1 1 1 0 0 0 1 1 231 251 2 1 23 1 1 1 5 23 23 19 1 2 8 107 61 235 250 218 175 1 1 1 1 1 1 1 1 1 0 0 0 0 0 0 1 38 1 1 3 7 0 0 1 1 1 116 1 1 2 1 1 1 1 1 1 1 1 1 1 1 1 6 5 1 57 26 1 1 1 1 0 1 1 0 0 1 1 1 52 90 40 5 1 1 1 148 243 1 1 1 9 2 1 0 1 1 1 2 3 2 1 51 224 255 36 1 25 148 89 22 3 1 1 3 1 1 80 1 1 1 1 50 1 72 113 18 1 1 47 1 1 15 1 1 1 0 1 1 17 18 18 19 254 135 1 1 1 1 0
15 2 0 0 0 0 0 0 0 0 0 0 0 0 0 0 0 0 0 0 0 0 0 0 1 218 255 1 1 1 1 3 255 255 1 1 1 1 1 0 0 0 0 0 0 0 0 0 0 0 0 0 0 0 0 0 1 0 0 0 0 0 0 0 0 0 0 0 0 0 0 0 0 0 0 0 0 0 0 0 1 1 1 1 0 0 1 1 132 1 1 1 1 0 0 0 0 0 0 0 0 0 0 0 1 1 1 0 0 0 0 0 0 0 0 0 0 0 0 0 0 0 0 0 9 1 0 0 0 0 0 0 0 0 0 0 0 0 0 0 0 1 2 12 14 3 0 0 0 0 0 0 0 0 0 0 1 1 0 1 1 1 0 0 1 2 24 25 0 0 0 0 0 0 0 0 0 0 0 0 1 1 0 0 0 0 0 0 1 1 1 1 1 0 0 1 1 0 0 2 243 37 1 0 0 1 0 0 1 1 0 0 0 0 0 1 0 1 1 1 1 56 7 1 1 1 1 0 0 0 0 0 0 0 0 0 1 1 1 1 2 1 1 12 2 1 0 0 0 1 1 1 1 0 0 1 1 1 0 1 1 1 1 1 1 1 1 2 3 2 1 0 0 0 1 0 0 0 0 0 0 0 0 0 0 0 0 25 16 1 0 0 0 0 0 0 1 1 1 9 16 2 1 1 1 1 1 1 0 0 0 1 1 1 1 1 1 0 1 1 3 1 0 1 1 3 11 32 48 16 1 1 0 0 0 0 0 0 0 1 1 0 0 3 145 143 35 1 1 0 0 0 0 0 0 1 0 1 1 1 250 236 1 3 25 2 1 1 1 1 1 1 1 1 6 1 133 1 1 38 243 235 107 10 1 1 1 1 1 1 1 1 0 0 0 0 0 1 38 1 0 1 14 0 0 1 1 1 116 1 1 2 1 1 1 1 1 1 1 1 1 1 1 1 1 1 53 75 1 1 1 1 1 1 0 1 1 1 0 1 1 81 1 12 56 44 3 1 1 248 78 1 1 1 7 5 1 1 1 1 1 1 1 2 3 225 252 5 4 76 1 73 96 47 51 58 68 62 66 139 50 50 51 53 76 22 122 108 1 1 1 42 1 1 15 1 0 1 1 1 1 1 1 1 1 254 140 1 1 1 1 1
1 17 1 0 0 0 0 0 0 0 0 0 0 0 0 0 0 0 0 0 0 0 0 0 1 255 96 1 0 0 1 1 1 255 255 5 1 1 1 1 0 0 0 0 0 0 0 0 0 0 0 0 0 0 0 1 1 0 0 0 0 0 0 0 0 0 0 0 0 0 0 0 0 0 0 0 0 0 0 0 0 0 1 1 1 1 1 124 3 1 0 0 1 1 0 0 0 0 0 0 0 0 1 1 1 0 0 0 0 0 0 0 0 0 0 0 0 0 0 0 0 0 0 0 1 12 0 0 0 0 0 0 0 0 0 0 0 1 1 13 15 14 7 1 0 0 0 0 0 0 0 0 0 0 0 0 0 1 1 1 0 1 1 0 0 0 1 6 17 0 0 0 0 0 0 0 0 0 0 0 1 1 0 0 0 0 0 0 0 1 1 1 0 1 1 1 1 0 1 232 158 1 0 0 0 0 1 0 1 1 0 0 0 0 1 1 0 1 0 0 1 1 38 51 1 1 1 1 1 1 0 0 0 0 1 1 1 1 1 3 1 1 1 3 6 1 1 0 0 1 1 1 0 0 0 0 1 1 1 1 1 1 1 1 1 2 3 1 1 1 0 0 0 0 1 0 0 0 0 0 0 0 0 0 0 0 1 26 14 1 0 0 0 0 0 0 1 1 17 2 1 1 1 0 0 1 1 1 0 0 0 0 0 0 1 0 0 0 1 1 2 1 0 1 1 16 22 6 1 1 0 0 0 0 0 0 0 0 1 1 1 1 1 2 12 5 103 143 114 1 1 0 0 0 0 1 1 1 51 253 182 1 2 16 1 1 0 0 0 1 1 1 1 2 1 1 133 1 1 1 2 81 225 235 157 25 1 1 1 1 1 1 0 0 0 0 0 1 39 1 0 1 17 0 0 1 1 1 110 1 1 2 1 1 1 1 1 1 1 1 1 1 1 1 1 7 44 12 29 1 1 1 1 1 1 1 1 1 1 1 4 62 1 1 1 10 66 49 2 90 246 4 1 1 1 1 7 2 1 1 1 0 1 1 1 252 208 1 2 70 3 47 28 58 11 8 23 5 4 119 3 2 1 1 1 2 129 98 1 1 26 5 1 1 15 1 0 0 1 1 1 0 1 1 1 252 160 1 1 1 1 1
1 2 15 1 0 0 0 0 0 0 0 0 0 0 0 0 0 0 0 0 0 0 0 1 1 255 1 0 0 0 0 0 1 1 255 255 178 1 1 1 1 0 0 0 0 0 0 0 0 0 0 0 0 0 0 1 0 0 0 0 0 0 0 0 0 0 0 0 0 0 0 0 0 0 0 0 0 0 0 0 0 0 0 0 1 1 54 62 1 1 0 0 0 1 1 1 0 0 0 0 0 1 1 1 0 0 0 0 0 0 0 0 0 0 0 0 0 0 0 0 0 0 0 0 0 8 1 0 0 0 0 0 0 0 0 0 1 10 10 1 1 0 0 0 0 0 0 0 0 0 0 0 0 0 0 0 0 0 0 0 0 0 1 1 1 0 0 1 47 1 0 0 0 0 0 0 0 0 0 0 0 1 1 0 0 0 0 0 1 1 0 1 1 1 1 0 0 1 196 217 1 0 0 0 0 0 1 1 1 1 0 0 0 0 1 0 1 1 0 0 0 1 1 3 60 5 1 1 1 1 1 1 1 1 1 1 1 3 2 1 0 1 1 2 10 1 1 1 0 1 1 1 0 0 0 0 1 1 1 1 1 1 1 1 3 1 1 1 0 0 0 0 0 0 1 0 0 0 0 0 0 0 0 0 0 0 11 4 13 1 0 0 0 0 0 1 4 14 1 1 0 0 0 0 1 1 0 0 0 0 0 1 1 1 1 1 1 1 1 1 1 3 1 9 16 1 1 1 0 0 0 0 0 0 1 1 1 1 1 8 12 12 11 5 1 1 1 1 24 142 142 114 3 1 1 1 1 199 253 33 1 1 24 1 1 1 1 1 1 1 1 1 1 1 0 1 128 1 1 1 1 1 1 5 211 232 211 62 3 1 1 1 1 0 0 0 0 0 37 1 0 1 19 1 0 1 1 1 106 1 1 2 1 1 1 1 1 1 1 1 1 1 1 1 3 57 1 1 1 31 17 1 1 1 1 1 1 1 1 1 57 7 1 1 1 1 1 9 66 53 210 234 10 1 1 1 1 3 5 1 1 1 1 1 1 255 147 1 3 19 28 65 1 23 1 1 6 1 1 106 1 1 1 1 1 2 122 104 1 1 43 1 1 1 15 1 1 1 1 1 1 0 1 1 8 251 188 1 1 1 0 1
0 1 2 12 1 1 1 1 1 0 0 0 0 0 0 0 0 0 0 0 0 0 0 1 1 255 1 1 1 0 0 0 0 1 1 251 255 255 1 1 1 1 0 0 0 0 0 0 0 0 0 0 0 0 1 1 0 0 0 0 0 0 0 0 0 0 0 0 0 0 0 0 0 0 0 0 0 0 0 0 0 0 0 0 0 2 131 1 1 0 0 0 0 0 1 1 1 0 0 0 1 1 0 0 0 0 0 0 0 0 0 0 0 0 0 0 0 0 0 0 0 0 0 0 0 1 12 1 0 0 0 0 0 0 0 1 13 1 0 0 0 0 0 0 0 0 0 0 0 0 0 0 0 0 0 0 0 0 0 0 0 0 0 0 1 1 0 1 6 17 0 0 0 0 0 0 0 0 0 0 0 1 1 0 0 0 1 1 1 0 1 1 1 1 0 0 1 184 228 1 0 0 0 0 0 0 0 1 1 1 1 0 0 0 1 0 1 0 0 0 0 1 1 1 1 42 41 1 1 1 1 1 1 1 1 2 2 1 1 1 1 1 1 1 11 1 1 1 1 1 1 1 1 1 1 1 1 1 1 1 1 1 3 2 1 1 0 0 0 0 0 0 0 0 1 0 0 0 0 0 0 0 0 0 0 0 27 1 5 3 0 0 0 0 1 6 8 1 0 0 0 0 0 1 1 0 1 1 1 1 1 1 1 1 0 0 1 0 0 1 1 2 16 4 1 0 1 1 1 0 0 0 1 1 1 0 1 1 9 1 1 0 1 1 1 1 1 1 1 1 1 22 136 139 128 9 241 248 1 17 25 25 26 1 0 0 1 1 1 1 1 1 1 1 1 14 97 1 1 1 1 1 1 1 1 1 154 229 234 168 46 27 1 1 1 1 1 1 36 1 1 1 21 1 1 1 1 1 103 1 1 2 1 1 1 1 1 1 1 1 1 1 2 2 73 2 2 3 5 10 49 107 56 28 51 80 98 117 141 166 190 27 1 1 1 1 1 1 1 7 147 213 228 4 1 1 1 1 1 6 1 1 1 1 1 255 146 1 1 27 1 89 1 5 7 1 5 1 1 99 2 1 1 1 1 1 116 110 1 1 44 1 1 5 3 1 1 1 1 1 1 1 1 1 179 251 161 1 1 1 1 1
0 1 1 4 15 16 8 1 1 1 0 0 0 0 0 0 0 0 0 0 0 0 0 1 1 255 1 0 1 1 1 1 1 1 1 1 118 255 255 1 1 1 1 0 0 0 0 0 0 0 0 0 0 0 1 0 0 0 0 0 0 0 0 0 0 0 0 0 0 0 0 0 0 0 0 0 0 0 0 0 0 0 0 1 1 136 1 1 0 0 0 0 0 0 0 0 1 1 1 1 1 0 0 0 0 0 0 0 0 0 0 0 0 0 0 0 0 0 0 0 0 0 0 0 0 0 4 3 0 0 0 0 0 0 1 13 1 0 0 0 0 0 0 0 0 0 0 0 0 0 0 0 0 0 0 0 0 0 0 0 0 0 0 0 0 1 1 1 1 46 1 0 0 0 0 0 0 0 0 0 0 0 1 1 1 1 1 0 0 0 1 1 1 0 1 1 209 223 1 1 0 0 0 0 0 0 0 0 1 1 1 0 0 1 1 1 1 0 0 0 0 0 0 0 0 1 5 62 18 1 1 1 1 1 3 1 1 0 0 0 1 1 0 1 14 1 1 1 1 1 1 1 1 1 1 1 1 1 1 2 3 2 1 1 1 0 0 0 0 0 0 0 0 0 1 0 0 0 0 0 0 0 0 0 0 1 29 1 1 13 0 0 0 1 9 3 1 0 0 0 0 0 1 1 1 1 1 1 1 0 0 0 0 1 0 0 0 0 0 0 0 1 38 1 1 0 0 0 1 1 1 1 1 1 1 1 1 0 10 1 1 2 1 1 1 1 1 0 1 1 11 1 1 1 9 253 229 17 18 9 1 1 1 0 1 1 1 1 1 0 1 1 1 1 1 84 27 1 1 1 1 0 1 1 2 1 1 1 7 203 232 232 201 117 88 58 38 32 142 153 156 168 195 195 193 189 158 143 233 223 225 236 244 247 247 249 249 249 249 249 249 249 247 243 232 232 232 230 229 227 226 227 224 229 226 223 216 211 204 190 179 211 192 2 1 1 1 1 1 1 45 138 186 239 36 1 1 1 0 1 4 1 1 1 1 255 185 1 1 33 1 48 18 1 25 1 5 1 1 89 5 1 1 1 1 1 111 108 1 1 50 1 1 14 1 0 0 0 1 1 1 1 1 1 214 251 5 1 1 1 0 1
0 1 1 2 3 1 4 5 4 1 1 1 0 0 0 0 0 0 0 0 0 0 0 1 1 255 1 1 1 1 1 1 1 1 1 1 1 2 255 255 1 1 1 1 0 0 0 0 0 0 0 0 0 1 1 0 0 0 0 0 0 0 0 0 0 0 0 0 0 0 0 0 0 0 0 0 0 0 0 0 0 0 0 1 79 35 1 0 0 0 0 0 0 0 0 0 0 1 1 1 0 0 0 0 0 0 0 0 0 0 0 0 0 0 0 0 0 0 0 0 0 0 0 0 0 0 0 12 1 0 0 0 0 1 13 1 0 0 0 0 0 0 0 0 0 0 0 0 0 0 0 0 0 0 0 0 0 0 0 0 0 0 0 0 0 0 0 0 0 2 31 0 0 0 0 0 0 0 0 0 0 0 1 1 1 1 0 0 0 0 1 1 0 1 1 226 204 1 1 0 0 0 0 0 0 0 0 0 1 1 1 0 0 1 0 1 0 0 0 0 0 0 0 0 0 1 1 1 17 46 1 1 3 2 1 0 0 0 0 0 0 1 1 1 14 1 1 1 1 1 1 1 1 1 1 1 1 1 3 3 1 1 1 1 0 0 0 0 0 0 0 0 0 1 1 0 0 0 0 0 0 0 0 0 0 2 18 0 1 13 1 1 1 9 2 1 0 0 0 0 0 0 1 1 1 0 0 0 0 0 0 0 0 0 0 0 0 0 0 0 0 1 37 1 0 0 0 1 1 1 1 1 1 1 1 1 0 0 1 21 220 217 72 53 53 49 4 1 1 6 49 44 47 134 253 162 1 2 1 0 1 1 1 1 1 1 1 1 1 1 1 1 1 1 1 110 1 1 1 1 1 1 0 0 1 2 1 0 1 1 1 8 169 219 226 229 229 229 234 223 224 221 216 216 228 249 233 195 226 177 157 137 113 79 47 24 17 4 2 2 2 5 64 132 38 1 1 1 1 1 20 4 1 1 1 2 1 1 1 1 1 1 99 213 34 1 1 1 1 17 6 138 1 107 246 204 2 1 1 0 1 5 1 1 1 248 255 252 252 227 1 5 74 1 22 1 5 1 1 75 12 1 1 1 1 1 106 96 1 1 88 15 14 3 1 1 0 1 1 1 1 1 1 1 207 254 11 1 1 1 1 1
1 1 3 1 1 1 3 1 2 8 2 1 1 0 0 0 0 0 0 0 0 0 0 1 2 255 1 1 0 1 1 1 1 0 0 1 1 1 1 255 255 5 1 1 1 0 0 0 0 0 0 0 0 1 0 0 0 0 0 0 0 0 0 0 0 0 0 0 0 0 0 0 0 0 0 0 0 0 0 0 0 0 0 9 113 1 1 0 0 0 0 0 0 0 0 0 0 0 0 0 0 0 0 0 0 0 0 0 0 0 0 0 0 0 0 0 0 0 0 0 0 0 0 0 0 0 0 3 5 0 0 0 1 13 1 0 0 0 0 0 0 0 0 0 0 0 0 0 0 0 0 0 0 0 0 0 0 0 0 0 0 0 0 0 0 0 0 0 0 0 28 3 0 0 0 0 0 0 0 0 0 0 0 1 1 1 0 0 0 0 1 1 1 2 235 178 1 0 0 0 0 0 0 0 0 0 0 0 1 1 1 0 1 1 0 1 0 0 0 0 0 0 0 0 0 0 1 1 1 14 77 40 1 1 1 1 1 1 1 0 0 0 1 1 13 1 1 1 1 1 1 1 1 1 1 1 3 2 5 1 1 0 0 1 1 1 0 0 0 0 0 0 0 1 0 0 0 0 0 0 0 0 0 0 1 27 1 0 0 6 2 1 5 4 1 1 0 0 0 0 1 1 1 1 0 0 0 0 0 0 0 0 0 0 0 0 0 0 0 0 1 3 45 2 1 1 1 1 1 1 1 1 1 1 1 1 1 1 1 249 247 240 253 253 249 102 35 49 51 60 1 1 205 251 41 2 1 2 1 0 1 1 1 2 1 1 1 1 1 1 1 1 1 1 1 110 1 1 1 1 1 1 1 1 1 1 0 1 1 1 1 1 1 1 18 87 105 103 69 6 1 5 1 1 223 71 112 223 149 14 2 1 1 1 1 1 4 1 1 1 1 1 1 1 71 118 10 1 1 15 6 1 1 1 1 1 1 0 1 1 1 1 1 13 210 111 1 1 20 4 1 84 43 1 5 212 245 92 1 1 1 1 6 5 117 249 130 3 8 252 22 1 91 1 5 25 6 1 1 74 27 2 2 3 3 5 108 97 1 1 94 1 1 1 1 1 1 1 1 1 1 1 1 1 206 254 71 1 0 1 1 1
3 2 1 1 1 1 3 1 1 1 5 5 1 1 0 0 0 0 0 0 0 0 1 1 255 255 1 1 1 1 0 0 0 0 0 0 0 0 1 1 255 255 178 1 1 1 1 0 0 0 0 0 1 1 0 0 0 0 0 0 0 0 0 0 0 0 0 0 0 0 0 0 0 0 0 0 0 0 0 0 0 0 1 135 3 3 1 0 0 0 0 0 0 0 0 0 0 0 0 0 0 0 0 0 0 0 0 0 0 0 0 0 0 0 0 0 0 0 0 0 0 0 0 0 0 0 0 0 12 1 0 1 10 1 0 0 0 0 0 0 0 0 0 0 0 0 0 0 0 0 0 0 0 0 0 0 0 0 0 0 0 0 0 0 0 0 0 0 0 0 1 46 0 0 0 0 0 0 0 0 0 0 0 1 1 0 0 1 1 1 1 1 8 240 138 1 0 0 0 0 0 0 0 0 0 0 0 1 1 1 1 0 1 0 1 1 0 0 0 0 0 0 0 0 1 1 1 5 30 15 1 6 22 1 1 1 0 0 0 0 0 0 1 1 7 3 3 3 3 3 3 3 3 3 3 2 1 14 1 1 1 1 0 0 1 1 1 1 0 0 0 0 1 1 0 0 0 0 0 0 0 0 0 0 5 8 0 0 0 1 12 2 8 1 0 0 0 0 0 1 1 1 0 0 0 0 0 0 0 0 0 0 0 0 0 0 0 1 1 11 15 15 1 5 8 1 1 1 1 1 1 1 1 1 134 207 209 207 211 253 1 1 1 1 129 251 253 253 235 21 4 246 246 1 12 1 1 1 0 1 1 1 1 1 1 1 1 1 1 1 2 2 1 1 1 108 1 1 1 1 1 1 1 1 2 1 1 1 1 31 92 106 107 104 67 6 1 1 1 1 1 1 5 1 228 1 10 10 10 17 25 5 1 1 1 1 3 1 1 0 0 0 1 0 1 1 96 108 27 9 1 0 1 1 2 1 0 0 0 0 1 1 1 1 1 186 156 23 3 1 1 2 134 1 1 1 45 242 225 11 1 1 97 153 42 230 112 1 2 252 36 2 40 69 50 41 69 24 22 110 63 28 44 56 66 76 182 65 1 1 252 255 255 52 1 1 1 1 1 1 1 1 1 1 203 254 87 1 1 1 1 1
1 1 0 0 1 1 4 1 1 0 1 2 7 2 1 1 0 0 0 0 0 1 1 32 255 3 1 0 0 0 0 0 0 0 0 0 0 0 0 1 1 249 255 255 1 1 1 1 0 0 0 0 1 0 0 0 0 0 0 0 0 0 0 0 0 0 0 0 0 0 0 0 0 0 0 0 0 0 0 0 0 0 52 53 1 1 2 3 3 3 1 1 0 0 0 0 0 0 0 0 0 0 0 0 0 0 0 0 0 0 0 0 0 0 0 0 0 0 0 0 0 0 0 0 0 0 0 0 4 4 1 7 2 0 0 0 0 0 0 0 0 0 0 0 0 0 0 0 0 0 0 0 0 0 0 0 0 0 0 0 0 0 0 0 0 0 0 0 0 0 0 7 16 0 0 0 0 0 0 0 0 0 0 0 1 1 1 1 1 1 1 36 243 77 1 0 0 0 0 0 0 0 0 0 0 0 0 1 0 1 1 1 1 0 1 0 0 0 0 0 0 0 1 1 1 5 29 13 1 1 1 1 9 14 1 1 1 0 0 0 0 0 1 1 5 1 0 1 1 1 1 1 1 1 1 1 11 2 1 1 0 1 1 0 0 0 0 1 1 1 0 1 1 0 0 0 0 0 0 0 0 0 0 1 27 1 0 0 0 1 7 20 1 0 0 0 0 0 1 1 1 0 0 0 0 0 0 0 0 0 0 0 0 0 1 2 14 15 10 1 1 1 0 1 3 4 1 1 1 1 1 1 136 207 125 1 1 1 230 192 1 1 1 1 1 1 1 3 210 251 251 227 1 1 2 6 1 1 1 1 1 1 1 1 1 0 0 1 1 1 1 2 2 1 5 94 1 1 1 1 1 1 1 2 13 9 11 12 93 47 3 1 1 1 1 1 1 1 1 1 1 1 5 171 155 1 1 1 1 1 7 40 11 1 1 1 2 1 1 1 0 0 1 0 0 1 1 6 164 105 2 1 1 2 1 1 0 0 0 0 0 1 1 1 1 1 162 171 1 1 1 1 128 18 2 1 1 2 190 248 183 136 58 1 1 221 149 3 7 252 25 9 26 40 81 101 122 150 151 210 205 172 161 155 139 126 62 15 1 245 255 254 255 255 24 1 1 1 1 1 1 1 1 1 202 254 94 1 1 1 1 1
0 0 0 0 1 1 3 1 1 0 0 1 1 5 5 1 1 1 1 1 1 1 1 255 230 1 0 0 0 0 0 0 0 0 0 0 0 0 0 0 1 1 97 255 255 1 1 1 1 0 0 1 1 0 0 0 0 0 0 0 0 0 0 0 0 0 0 0 0 0 0 0 0 0 0 0 0 0 0 0 0 0 132 1 0 0 0 0 0 1 2 3 3 3 2 1 0 0 0 0 0 0 0 0 0 0 0 0 0 0 0 0 0 0 0 0 0 0 0 0 0 0 0 0 0 0 0 0 1 12 4 4 0 0 0 0 0 0 0 0 0 0 0 0 0 0 0 0 0 0 0 0 0 0 0 0 0 0 0 0 0 0 0 0 0 0 0 0 0 0 0 1 42 1 0 0 0 0 0 0 0 0 0 0 1 1 1 0 1 1 90 243 20 1 0 0 0 0 0 0 0 0 0 0 0 0 0 1 1 1 1 1 1 1 1 0 0 0 0 0 1 1 1 7 28 12 1 1 1 1 1 1 1 17 8 1 1 1 0 0 0 0 0 1 6 1 0 0 0 0 0 1 1 1 1 6 6 1 1 1 1 0 1 1 0 0 0 0 0 1 1 1 0 0 0 0 0 0 0 0 0 0 0 16 2 0 0 0 0 1 4 17 1 0 0 1 1 1 1 1 0 0 0 0 0 0 0 0 0 0 0 1 2 14 15 7 1 0 0 1 2 1 0 0 1 7 1 1 0 1 1 187 123 1 1 0 0 1 251 1 1 1 1 0 0 0 0 0 0 1 1 130 1 1 1 2 13 3 1 1 1 1 1 1 1 0 0 1 1 1 1 1 2 5 11 109 65 24 22 22 21 20 16 9 1 1 1 1 88 1 1 0 0 1 1 1 1 1 1 1 1 1 5 228 1 1 0 1 1 1 1 1 24 20 2 1 2 3 3 1 1 0 1 0 0 0 0 10 44 4 113 90 2 1 1 0 0 1 1 1 1 1 1 0 1 4 3 127 175 1 1 1 27 106 18 17 17 11 1 8 228 227 19 1 1 216 162 1 5 252 34 75 47 19 3 1 1 1 1 197 139 2 1 1 1 1 1 3 1 255 252 1 1 255 255 2 1 1 1 1 1 1 1 1 202 254 85 1 1 1 1 1
0 0 0 0 0 1 1 2 1 0 0 0 0 1 2 7 2 1 1 1 1 1 253 255 1 1 0 0 0 0 0 0 0 0 0 0 0 0 0 0 0 0 1 2 255 255 1 1 1 1 1 1 0 0 0 0 0 0 0 0 0 0 0 0 0 0 0 0 0 0 0 0 0 0 0 0 0 0 0 0 0 0 132 1 0 0 0 0 0 0 0 0 0 1 1 2 3 3 2 1 1 0 0 0 0 0 0 0 0 0 0 0 0 0 0 0 0 0 0 0 0 0 0 0 0 0 0 0 1 11 13 0 0 0 0 0 0 0 0 0 0 0 0 0 0 0 0 0 0 0 0 0 0 0 0 0 0 0 0 0 0 0 0 0 0 0 0 0 0 0 0 0 1 42 1 0 0 0 0 0 0 0 0 0 1 1 1 1 1 148 240 3 0 0 0 0 0 0 0 0 0 0 0 0 0 0 0 0 1 1 1 1 0 1 1 0 0 1 1 1 1 8 28 9 1 1 1 0 0 1 1 1 1 1 24 5 1 1 0 1 1 1 1 1 5 1 1 1 1 1 1 1 1 1 3 11 1 1 0 0 1 0 0 1 1 0 0 0 0 0 0 1 1 0 0 0 0 0 0 0 0 0 1 28 1 0 0 1 1 4 1 6 3 1 1 1 1 1 0 0 0 0 0 0 1 6 6 1 1 1 6 13 8 1 1 0 0 0 1 2 1 0 0 0 1 1 11 1 1 1 177 58 1 0 0 1 1 89 247 1 1 1 1 0 0 0 0 0 0 0 1 27 79 1 1 2 1 1 2 1 1 1 2 1 1 0 0 1 1 1 0 0 0 0 1 2 76 1 1 1 1 1 1 1 0 0 1 46 10 1 0 0 1 1 0 0 0 0 0 1 0 1 19 228 1 1 0 1 0 1 1 1 1 20 8 5 1 1 1 1 3 3 2 1 0 0 1 51 6 1 1 14 121 4 1 1 1 1 0 1 1 0 1 1 3 3 1 1 109 205 8 1 1 133 1 1 1 2 7 1 1 141 234 178 3 211 189 6 12 252 144 10 1 1 1 1 1 1 1 175 159 1 1 1 1 1 4 1 1 255 211 1 1 3 255 254 3 1 1 1 1 1 1 1 201 254 76 1 1 1 1 1
0 0 0 0 0 0 1 3 1 0 0 0 0 0 1 1 5 5 1 1 1 73 255 16 1 1 0 0 0 0 0 0 0 0 0 0 0 0 0 0 0 0 0 1 1 255 255 4 1 1 1 1 0 0 0 0 0 0 0 0 0 0 0 0 0 0 0 0 0 0 0 0 0 0 0 0 0 0 0 0 0 1 132 0 0 0 0 0 0 0 0 0 0 0 0 0 0 0 1 2 3 3 3 1 1 0 0 0 0 0 0 0 0 0 0 0 0 0 0 0 0 0 0 0 0 0 0 1 6 13 2 1 0 0 0 0 0 0 0 0 0 0 0 0 0 0 0 0 0 0 0 0 0 0 0 0 0 0 0 0 0 0 0 0 0 0 0 0 0 0 0 0 0 3 45 45 45 44 44 42 19 2 1 1 2 1 1 4 187 234 1 0 0 0 0 0 0 0 0 0 0 0 0 0 0 0 0 1 1 0 1 1 1 1 0 1 1 1 1 9 29 8 1 1 1 0 0 0 0 1 1 1 1 1 1 31 2 1 1 1 1 1 1 1 5 1 1 1 1 1 1 1 1 1 17 1 1 0 0 0 0 1 0 0 1 1 1 0 0 1 1 0 0 0 0 0 0 0 0 0 0 0 12 3 0 1 1 3 3 1 0 1 17 1 1 0 0 0 0 0 0 0 1 9 12 2 2 10 12 12 2 1 1 0 1 0 0 1 1 1 0 0 0 1 1 1 1 6 1 119 164 1 1 1 1 1 1 249 15 1 1 1 0 0 0 0 0 0 0 0 0 1 113 5 2 1 0 0 1 1 2 3 1 1 1 1 0 1 1 0 0 0 0 0 0 1 82 0 1 1 1 1 0 0 0 1 1 72 1 1 1 1 1 0 0 0 1 1 1 1 1 1 221 51 1 0 1 1 1 0 0 1 1 12 2 3 9 1 1 1 1 1 1 3 2 1 1 76 1 1 1 1 1 111 30 1 1 1 1 1 1 1 0 1 6 1 1 1 1 42 210 68 3 103 9 1 1 6 2 9 24 5 2 194 230 228 255 255 255 255 148 1 1 1 1 1 1 1 1 163 172 1 1 2 1 1 3 1 1 255 201 1 1 1 26 255 255 255 254 254 254 255 255 255 255 255 255 255 255 255 255 255
1 1 0 0 0 0 1 4 1 1 0 0 0 0 0 0 1 2 7 3 3 255 231 1 1 0 0 0 0 0 0 0 0 0 0 0 0 0 0 0 0 0 0 0 1 1 255 255 160 1 1 1 1 1 0 0 0 0 0 0 0 0 0 0 0 0 0 0 0 0 0 0 0 0 0 0 0 0 0 0 1 2 124 0 0 0 0 0 0 0 0 0 0 0 0 0 0 0 0 0 0 0 1 1 3 3 3 2 1 0 0 0 0 0 0 0 0 0 0 0 0 0 0 0 0 0 1 22 6 0 0 2 2 1 0 0 0 0 0 0 0 0 0 0 0 0 0 0 0 0 0 0 0 0 0 0 0 0 0 0 0 0 0 0 0 0 0 0 0 0 0 0 0 0 0 0 0 0 1 1 5 30 40 42 35 32 28 229 223 1 0 0 0 0 0 0 0 0 0 0 0 0 0 0 0 0 0 0 1 1 1 1 1 1 1 1 1 10 29 8 1 1 1 0 0 0 0 0 1 1 1 1 1 1 1 1 37 2 1 1 0 0 1 1 6 1 1 1 1 1 1 1 1 18 1 1 0 0 0 0 0 1 1 0 0 0 1 1 1 1 0 0 0 0 0 0 0 0 0 0 0 1 28 1 1 4 4 1 1 0 0 0 10 1 0 0 0 0 0 0 1 9 11 1 1 0 0 0 0 0 1 1 0 0 0 1 1 2 1 0 0 1 1 1 1 1 2 151 207 139 1 1 1 0 0 0 1 251 1 1 1 0 0 0 0 0 0 0 0 0 0 1 122 2 1 1 1 1 1 1 1 1 1 1 1 1 1 1 1 1 0 1 0 0 0 2 74 0 1 1 1 1 0 1 1 1 44 6 0 1 1 0 0 0 1 1 5 4 2 3 8 9 231 1 6 1 1 1 0 0 0 0 1 20 1 1 1 10 2 1 1 1 1 1 1 3 3 83 1 1 1 1 1 1 71 103 3 1 1 1 1 1 1 8 1 1 1 1 1 1 3 199 156 21 115 1 5 1 1 1 9 1 2 1 137 200 41 20 44 255 188 1 1 1 1 4 245 252 252 254 229 25 24 35 23 20 18 12 14 255 206 1 1 1 1 1 232 255 255 255 255 255 255 255 255 255 255 255 255 255 255 255
1 0 0 0 0 0 1 4 0 1 0 0 0 0 0 0 1 1 1 10 253 255 2 1 0 0 0 0 0 0 0 0 0 0 0 0 0 0 0 0 0 0 0 0 0 1 1 252 255 252 1 1 1 1 1 0 0 0 0 0 0 0 0 0 0 0 0 0 0 0 0 0 0 0 0 0 0 0 0 0 1 91 16 0 0 0 0 0 0 0 0 0 0 0 0 0 0 0 0 0 0 0 0 0 0 0 1 1 2 3 3 2 1 1 0 0 0 0 0 0 0 0 0 0 1 13 17 1 0 0 0 0 1 3 1 0 0 0 0 0 0 0 0 0 0 0 0 0 0 0 0 0 0 0 0 0 0 0 0 0 0 0 0 0 0 0 0 0 0 0 0 0 0 0 0 0 0 0 0 0 0 0 0 1 1 1 229 215 1 1 0 0 0 0 0 0 0 0 0 0 0 0 0 0 0 0 0 0 0 0 1 1 1 1 1 11 29 7 1 1 1 0 0 0 1 1 1 2 9 13 11 5 1 1 1 1 1 37 1 1 0 0 0 1 5 1 1 1 1 1 1 1 7 10 3 1 1 1 0 0 0 0 1 1 1 1 1 1 0 0 0 0 0 0 0 0 0 1 1 1 1 6 16 4 3 1 0 0 0 0 0 0 1 14 0 0 0 1 1 10 9 1 1 0 0 0 0 0 0 0 1 1 0 0 0 0 1 1 0 1 1 1 1 7 178 203 201 112 1 1 1 0 0 0 0 1 224 208 1 1 0 0 0 0 0 0 0 0 0 0 0 1 132 4 3 1 1 1 0 0 1 1 1 1 1 1 1 1 1 1 1 1 0 0 1 35 21 0 1 1 1 1 1 0 1 1 71 1 0 1 1 1 1 1 4 2 1 0 0 1 1 126 201 9 16 24 17 1 1 1 0 0 1 20 1 0 0 1 7 4 1 1 1 1 1 1 17 82 19 9 2 1 1 1 1 4 110 80 1 1 0 1 6 1 1 1 1 1 1 1 1 1 134 189 64 123 2 1 1 1 7 1 1 17 91 2 1 1 1 245 255 1 1 1 235 252 195 5 3 195 254 1 1 3 1 1 1 1 3 255 206 1 1 1 1 1 1 1 1 1 1 1 1 1 172 254 85 1 1 1 1 1
1 1 1 0 0 0 1 4 1 1 0 0 0 1 1 1 11 137 215 255 255 13 1 0 0 0 0 0 0 0 0 0 0 0 0 0 0 0 0 0 0 0 0 0 0 0 0 1 138 255 255 1 1 1 1 1 1 0 0 0 0 0 0 0 0 0 0 0 0 0 0 0 0 0 0 0 0 0 0 0 1 131 1 0 0 0 0 0 0 0 0 0 0 0 0 0 0 0 0 0 0 0 0 0 0 0 0 0 0 0 1 1 2 3 3 2 1 1 0 0 0 0 1 4 23 2 1 0 0 0 0 0 1 1 2 1 0 0 0 0 0 0 0 0 0 0 0 0 0 0 0 0 0 0 0 0 0 0 0 0 0 0 0 0 0 0 0 0 0 0 0 0 0 0 0 0 0 0 0 0 0 0 1 1 2 237 165 5 31 1 1 0 0 0 0 0 0 0 0 0 0 0 0 0 0 0 0 0 0 0 1 1 1 6 30 6 1 1 1 0 0 1 1 1 3 10 11 6 31 100 4 4 12 7 1 1 1 2 35 1 1 0 0 1 5 1 1 0 0 0 1 3 2 1 3 6 6 4 2 1 1 1 1 1 1 1 1 0 0 1 1 1 1 1 1 1 1 1 1 1 10 49 1 1 0 0 0 0 0 0 0 0 1 14 1 0 1 10 7 1 1 1 0 0 0 0 0 0 0 0 1 1 0 0 0 0 2 1 1 1 1 63 204 196 43 1 1 1 1 1 1 0 0 0 0 1 251 1 1 1 0 0 0 0 0 0 0 0 0 0 1 103 7 1 1 3 4 1 1 1 1 1 1 1 0 0 1 1 1 1 1 1 1 0 1 81 1 0 1 0 1 1 1 1 1 48 5 1 1 1 1 1 1 5 1 1 0 0 1 1 1 228 1 1 1 1 1 33 36 25 2 1 1 16 1 1 1 0 1 3 7 1 1 1 1 4 72 1 8 8 5 11 13 7 1 1 1 20 113 67 1 3 2 1 1 0 0 0 1 1 1 1 1 67 212 87 88 1 1 4 15 2 1 92 11 3 3 11 21 29 255 255 249 252 220 1 1 1 1 130 254 1 1 3 0 1 1 1 3 255 201 1 1 1 1 1 1 1 0 1 1 1 1 1 156 254 73 1 1 1 1 1
105 2 1 1 0 0 0 4 1 1 0 1 1 1 15 255 255 255 255 250 20 3 1 0 0 0 0 0 0 0 0 0 0 0 0 0 0 0 0 0 0 0 0 0 0 0 0 0 1 2 255 255 1 1 1 1 1 1 1 0 0 0 0 0 0 0 0 0 0 0 0 0 0 0 0 0 0 0 0 0 1 131 1 0 0 0 0 0 0 0 0 0 0 0 0 0 0 0 0 0 0 0 0 0 0 0 0 0 0 0 0 0 0 0 0 1 1 2 2 2 1 1 21 8 1 0 0 0 0 0 0 0 1 1 1 2 1 0 0 0 0 0 0 0 0 0 0 0 0 0 0 0 0 0 0 0 0 0 0 0 0 0 0 0 0 0 0 0 0 0 0 0 0 0 0 0 0 0 0 0 0 1 1 7 243 117 1 1 3 41 2 1 0 0 0 0 0 0 0 0 0 0 0 0 0 0 0 0 0 0 1 1 1 35 1 1 1 1 1 1 1 1 8 11 5 1 1 90 154 92 137 5 1 2 8 1 1 1 5 28 1 1 0 1 4 1 0 0 0 1 2 4 1 1 1 1 1 1 4 6 6 5 1 1 1 1 0 1 1 1 0 0 1 1 1 1 1 4 18 16 18 18 1 0 0 0 0 0 0 0 0 0 0 1 11 6 8 1 0 1 1 0 0 0 0 0 0 0 0 1 1 0 0 0 0 0 2 1 1 154 204 167 2 1 1 1 1 1 1 0 0 0 0 0 1 52 249 1 1 0 0 0 0 0 0 0 0 0 1 2 106 9 1 1 1 1 1 2 4 2 1 1 1 1 1 1 1 1 1 1 1 1 1 0 1 84 1 0 1 0 1 0 1 1 1 71 1 1 1 1 1 1 5 1 1 1 1 1 1 1 2 228 1 1 1 1 3 1 1 2 26 37 39 63 6 1 1 1 1 1 1 10 1 1 1 34 27 1 1 3 14 1 1 2 10 13 12 3 1 31 115 17 3 3 3 2 1 1 1 1 4 9 13 13 7 206 147 78 1 17 2 5 16 138 22 15 9 3 1 1 2 255 183 2 1 1 1 1 1 77 254 1 1 3 0 1 1 1 2 255 194 1 1 1 1 1 1 1 1 1 1 1 1 1 134 254 75 1 1 1 1 1
4 110 5 1 1 1 0 2 1 1 1 1 1 188 255 255 128 37 11 2 1 6 1 1 0 0 0 0 0 0 0 0 0 0 0 0 0 0 0 0 0 0 0 0 0 0 0 0 0 1 1 255 255 2 1 1 1 0 1 1 0 0 0 1 0 0 0 0 0 0 0 0 0 0 0 0 0 0 0 0 1 131 1 0 0 0 0 0 0 0 0 0 0 0 0 0 0 0 0 0 0 0 0 0 0 0 0 0 0 0 0 0 0 0 0 0 0 0 1 1 4 28 1 1 0 0 0 0 0 0 0 0 1 0 0 1 3 1 0 0 0 0 0 0 0 0 0 0 0 0 0 0 0 0 0 0 0 0 0 0 0 0 0 0 0 0 0 0 0 0 0 0 0 0 0 0 0 0 0 0 1 1 35 244 54 1 1 0 1 1 38 6 1 0 0 0 0 0 0 0 0 0 0 0 0 0 0 0 0 0 1 1 1 27 2 1 1 1 1 1 4 9 2 1 5 10 53 154 2 1 63 160 160 101 5 10 1 1 1 7 21 1 1 1 4 1 0 0 1 1 6 1 1 1 1 1 1 1 1 1 1 1 5 2 1 0 0 1 0 0 1 1 1 1 1 16 21 7 1 1 51 1 0 0 0 0 0 0 0 0 0 1 13 36 30 1 1 1 1 1 0 0 0 0 0 0 0 0 1 1 1 0 0 1 1 1 1 4 204 93 1 1 0 1 1 1 0 1 1 0 0 0 0 0 1 249 39 1 1 0 0 0 0 0 0 0 1 1 2 120 2 1 1 0 0 1 1 1 1 2 3 4 3 2 2 1 1 1 1 1 1 1 1 0 1 80 1 1 1 1 1 1 0 1 53 3 1 1 0 0 1 4 1 0 1 0 1 1 1 1 208 84 1 1 0 1 7 1 1 1 0 1 1 1 25 45 50 51 35 1 1 1 11 4 1 2 83 1 1 1 1 17 9 1 1 1 6 15 25 29 146 5 4 4 4 5 8 10 11 10 5 1 1 1 1 2 187 203 95 6 1 1 70 40 1 1 1 1 1 1 1 168 252 1 1 1 1 1 1 39 254 1 1 2 0 1 1 1 2 255 163 1 1 1 1 1 1 1 1 2 5 5 5 5 132 254 85 1 1 1 1 1
1 2 101 13 1 1 0 1 3 1 1 1 235 255 195 7 2 1 1 1 1 5 2 1 1 0 0 0 0 0 0 0 0 0 0 0 0 0 0 0 0 0 0 0 0 0 0 0 0 0 1 1 255 255 96 1 1 1 0 1 1 1 0 1 1 0 0 0 0 0 0 0 0 0 0 0 0 0 0 0 11 98 0 0 0 0 0 0 0 0 0 0 0 0 0 0 0 0 0 0 0 0 0 0 0 0 0 0 0 0 0 0 0 0 0 0 0 0 0 1 28 1 0 0 0 0 0 0 0 0 0 1 1 0 0 0 1 2 1 0 0 0 0 0 0 0 0 0 0 0 0 0 0 0 0 0 0 0 0 0 0 0 0 0 0 0 0 0 0 0 0 0 0 0 0 0 0 0 0 1 1 95 244 9 1 0 0 0 0 1 1 20 16 1 1 0 0 0 0 0 0 0 0 0 0 0 0 0 0 0 0 0 1 4 30 8 2 2 7 11 3 1 1 119 159 152 135 4 1 1 1 1 5 86 161 108 13 3 1 1 12 14 1 1 4 1 0 0 1 7 1 1 1 0 0 1 1 1 1 1 1 1 1 4 2 1 1 1 0 1 1 1 4 19 15 1 1 1 1 1 48 1 1 1 1 10 44 38 9 11 26 24 2 13 1 1 1 1 0 0 0 0 0 0 0 0 0 1 1 1 1 1 1 1 0 1 9 204 22 1 1 1 1 1 0 0 1 1 1 0 0 0 0 1 1 251 1 1 0 0 0 0 0 0 0 1 19 13 123 3 1 0 1 0 0 0 1 1 1 1 1 1 1 1 1 3 2 1 0 1 1 1 1 1 5 54 1 1 1 1 1 1 1 4 50 1 1 0 0 1 5 1 0 1 1 0 0 1 1 1 228 1 1 0 1 1 4 1 1 1 1 1 1 1 0 1 1 1 3 40 1 1 1 6 5 1 13 50 1 1 1 7 1 13 2 3 1 1 1 1 18 104 1 0 0 0 1 1 1 1 1 1 1 1 1 3 1 100 224 95 1 4 109 1 1 1 1 1 1 1 1 56 251 120 1 1 1 1 1 20 254 1 0 2 0 1 1 1 1 255 108 1 0 1 11 17 1 1 1 2 4 1 1 1 97 254 94 1 1 1 1 1
1 1 1 89 22 1 1 1 3 1 5 255 255 119 2 1 1 1 1 1 0 6 1 0 0 0 0 0 0 0 0 0 0 0 0 0 0 0 0 0 0 0 0 0 0 0 0 0 0 0 0 0 1 255 255 246 1 1 1 0 0 1 1 1 1 1 1 0 0 0 0 0 0 0 0 0 0 0 0 0 126 1 0 0 0 0 0 0 0 0 0 0 0 0 0 0 0 0 0 0 0 0 0 0 0 0 0 0 0 0 0 0 0 0 0 0 0 0 0 23 1 0 0 0 0 0 0 0 0 0 0 1 0 0 0 0 0 0 2 1 0 0 0 0 0 0 0 0 0 0 0 0 0 0 0 0 0 0 0 0 0 0 0 0 0 0 0 0 0 0 0 0 0 0 0 0 0 0 1 1 151 241 1 1 0 0 0 0 0 0 1 1 9 35 1 1 0 0 0 0 0 0 0 0 0 0 0 0 0 0 0 0 1 1 5 24 8 7 2 1 1 1 78 115 2 1 1 1 1 1 1 1 1 1 1 82 143 8 8 1 1 18 9 1 2 2 1 1 5 1 1 1 0 0 0 0 0 1 1 1 1 1 1 1 5 1 1 1 1 1 10 20 7 1 1 1 1 0 1 41 73 53 61 62 61 28 3 5 48 4 1 1 1 3 6 0 0 0 0 0 0 0 0 1 1 1 1 1 1 0 0 0 0 1 1 142 194 7 1 1 1 1 1 0 0 0 1 1 1 0 0 0 0 1 217 215 1 1 0 0 0 0 0 1 1 19 1 35 63 1 1 1 0 0 0 0 1 1 1 0 0 0 1 1 1 1 1 2 1 0 1 1 1 1 3 60 1 1 0 0 1 1 1 73 1 1 1 0 1 6 1 0 0 1 1 2 2 2 2 64 211 1 1 0 1 5 1 0 1 1 0 1 1 1 1 1 0 0 1 25 5 1 1 1 3 5 1 49 13 1 3 1 1 1 9 3 1 0 1 0 1 11 104 1 1 0 0 0 0 0 1 2 1 1 2 1 1 1 8 216 151 114 18 3 1 1 1 1 1 1 40 3 249 163 1 2 2 2 2 23 254 1 0 2 0 1 1 1 5 255 65 1 1 7 4 1 19 17 18 29 4 1 1 1 74 254 107 1 1 1 1 1
1 1 7 7 85 37 1 1 4 8 255 255 62 1 1 1 1 1 1 0 1 8 1 0 0 0 0 0 0 0 0 0 0 0 0 0 0 0 0 0 0 0 0 0 0 0 0 0 0 0 0 0 0 1 173 255 255 1 1 1 0 0 0 1 1 0 1 1 1 0 0 0 0 0 0 0 0 0 0 0 132 1 0 0 0 0 0 0 0 0 0 0 0 0 0 0 0 0 0 0 0 0 0 0 0 0 0 0 0 0 0 0 0 0 0 0 0 0 6 8 0 0 0 0 0 0 0 0 0 0 1 1 0 0 0 0 0 0 0 2 1 1 0 0 0 0 0 0 0 0 0 0 0 0 0 0 0 0 0 0 0 0 0 0 0 0 0 0 0 0 0 0 0 0 0 0 0 0 1 187 232 1 1 0 0 0 0 0 0 0 0 1 1 2 43 4 1 0 0 0 0 0 0 0 0 0 0 0 0 0 0 0 1 1 1 3 19 1 1 10 56 125 124 1 1 1 1 4 79 106 104 67 1 1 1 1 32 147 3 10 1 1 25 5 1 3 1 3 2 1 1 0 0 1 1 1 1 1 1 1 1 1 1 1 1 4 3 2 15 17 2 1 1 1 0 0 0 1 2 65 1 2 1 1 1 1 0 0 15 1 0 0 0 1 16 0 0 0 0 1 1 1 1 1 1 0 1 1 0 0 0 1 1 1 156 118 1 1 1 1 1 1 0 1 1 1 1 1 0 0 0 0 1 1 251 1 1 1 0 0 0 0 0 1 15 2 1 49 7 5 1 0 0 0 0 0 1 1 1 1 1 0 0 1 1 1 1 3 1 0 1 1 1 1 1 68 5 1 0 0 1 1 33 10 0 0 0 0 3 1 0 0 0 1 1 1 1 1 2 228 9 1 1 0 1 5 1 0 1 1 1 0 0 1 1 1 1 1 1 1 43 1 1 1 1 2 6 1 79 2 5 1 1 1 1 4 1 1 0 0 1 1 10 120 35 1 1 0 0 1 1 1 1 1 5 2 1 1 1 2 221 202 2 2 5 7 7 4 5 46 10 1 248 202 187 166 68 7 1 9 254 1 1 2 0 1 1 1 229 255 45 2 1 20 1 1 1 1 1 2 14 1 1 1 85 254 113 1 1 1 1 1
7 5 1 1 1 58 57 1 5 255 251 11 1 1 1 1 1 1 0 0 1 6 0 0 0 0 0 0 0 0 0 0 0 0 0 0 0 0 0 0 0 0 0 0 0 0 0 0 0 0 0 0 0 0 1 3 255 255 1 1 1 1 0 0 1 1 1 0 1 1 1 0 0 0 0 0 0 0 0 0 132 1 0 0 0 0 0 0 0 0 0 0 0 0 0 0 0 0 0 0 0 0 0 0 0 0 0 0 0 0 0 0 0 0 0 0 0 1 31 0 0 0 0 0 0 0 0 0 0 0 1 0 0 0 0 0 0 0 0 0 1 2 1 0 0 0 0 0 0 0 0 0 0 0 0 0 0 0 0 0 0 0 0 0 0 0 0 0 0 0 0 0 0 0 0 0 0 1 213 221 1 1 0 0 0 0 0 0 0 0 0 0 1 1 1 28 14 1 1 0 0 0 0 0 0 0 0 0 0 0 0 0 1 1 1 1 2 26 53 26 56 56 1 2 56 91 106 100 14 2 2 25 84 2 1 1 1 44 137 3 7 1 1 30 3 4 1 4 1 1 0 0 1 1 1 1 1 1 1 1 1 1 1 2 6 29 23 13 1 1 1 1 0 0 0 0 1 1 62 2 1 1 1 1 0 0 0 0 16 1 0 0 0 1 17 1 1 1 1 1 0 0 0 0 0 1 1 1 0 1 1 1 1 164 104 1 1 1 1 1 1 1 1 1 0 0 0 1 0 0 0 1 1 49 249 1 1 1 0 0 0 0 1 12 3 1 12 14 1 7 3 1 0 0 0 1 1 1 1 1 1 1 0 1 1 1 1 4 1 0 0 1 1 1 1 1 51 73 7 1 1 5 46 1 0 0 0 1 5 1 0 0 1 1 1 1 1 1 1 228 2 3 2 1 2 2 1 0 0 0 0 0 0 1 1 1 1 1 1 1 46 1 0 0 1 1 2 5 3 73 3 1 0 0 0 1 5 1 0 0 0 0 0 1 71 116 8 1 1 1 1 1 1 3 1 1 2 1 1 44 23 123 213 32 1 1 2 38 38 1 1 1 248 1 1 20 134 180 187 192 254 1 1 2 1 1 1 1 255 254 30 5 14 1 0 1 1 1 1 4 10 1 3 3 194 251 139 1 1 1 1 1
30 1 1 1 2 3 64 84 227 255 8 1 1 1 1 0 0 0 0 0 4 2 0 0 0 0 0 0 0 0 0 0 0 0 0 0 0 0 0 0 0 0 0 0 0 0 0 0 0 0 0 0 0 0 0 1 1 255 255 2 1 1 1 1 0 0 0 0 0 0 1 1 1 0 0 0 0 0 0 0 131 1 0 0 0 0 0 0 0 0 0 0 0 0 0 0 0 0 0 0 0 0 0 0 0 0 0 0 0 0 0 0 0 0 0 0 0 5 10 0 0 0 0 0 0 0 0 0 0 1 1 0 0 0 0 0 0 0 0 0 0 1 2 1 0 0 0 0 0 0 0 0 0 0 0 0 0 0 0 0 0 0 0 0 0 0 0 0 0 0 0 0 0 0 0 0 1 227 200 1 1 0 0 0 0 0 0 0 0 0 0 0 0 1 1 1 9 32 1 1 1 0 1 1 1 0 0 0 0 0 1 0 0 1 1 1 1 27 4 7 91 1 22 104 36 7 2 1 1 1 1 1 10 95 8 1 1 1 57 136 10 1 1 1 36 13 6 1 1 1 1 3 7 11 17 22 23 24 24 24 24 22 19 15 23 2 1 1 1 0 0 0 0 0 0 1 1 31 18 1 1 1 0 0 0 0 0 1 15 1 1 1 1 1 17 1 1 0 0 0 0 0 0 0 1 1 1 0 1 1 1 1 168 144 1 1 1 1 1 1 1 1 0 0 0 0 0 1 0 0 0 1 1 249 47 1 1 0 0 0 0 1 10 4 1 4 34 1 1 1 12 2 0 0 1 1 1 1 1 0 1 1 0 0 1 0 1 3 1 1 0 1 1 1 1 1 1 1 45 21 10 48 1 0 1 1 1 6 1 1 0 1 2 1 1 1 1 1 108 199 1 1 1 3 11 1 1 0 0 0 0 0 0 0 1 1 1 1 1 1 13 13 1 0 0 1 1 4 3 26 52 1 1 0 0 0 1 6 1 0 0 0 0 0 1 1 99 93 1 1 1 1 2 1 0 0 1 1 18 57 1 1 33 215 128 1 27 1 1 2 1 20 245 1 1 1 1 1 1 63 255 4 2 2 1 1 1 2 255 25 22 35 6 1 1 0 1 0 1 10 3 1 1 1 205 251 79 1 1 1 1 1
49 98 31 4 6 54 89 167 255 155 1 1 1 0 0 0 0 0 0 1 5 1 0 0 0 0 0 0 0 0 0 0 0 0 0 0 0 0 0 0 0 0 0 0 0 0 0 0 0 0 0 0 0 0 0 0 1 1 255 255 254 1 1 1 1 0 0 0 0 0 0 0 1 1 1 0 0 0 0 0 130 1 0 0 0 0 0 0 0 0 0 0 0 0 0 0 0 0 0 0 0 0 0 0 0 0 0 0 0 0 0 0 0 0 0 0 0 31 1 0 0 0 0 0 0 0 0 0 0 1 0 0 0 0 0 0 0 0 0 0 0 0 1 2 1 0 0 0 0 0 0 0 0 0 0 0 0 0 0 0 0 0 0 0 0 0 0 0 0 0 0 0 0 0 0 1 232 177 1 1 0 0 0 0 0 0 0 0 0 0 0 0 0 1 1 1 1 2 42 31 3 1 1 1 1 1 1 1 1 1 1 1 0 1 1 1 21 1 1 64 86 97 66 1 1 1 1 1 1 1 1 1 1 3 84 17 1 1 1 117 87 16 7 6 11 99 35 22 21 21 19 12 11 4 2 1 1 1 1 1 1 1 1 1 7 1 1 0 0 0 0 0 0 0 1 1 29 36 1 1 0 0 0 0 1 1 1 1 15 1 1 0 0 0 16 1 0 0 0 0 0 0 0 1 1 1 0 1 1 1 1 171 88 49 25 1 1 1 1 1 0 0 0 0 0 0 0 1 0 0 1 1 1 251 1 1 1 0 0 0 1 4 9 1 1 46 1 1 0 0 1 19 1 1 1 1 1 1 0 0 0 1 0 0 1 1 1 1 3 1 1 1 1 1 1 1 1 1 1 114 40 1 0 1 1 1 4 1 0 0 1 2 1 1 1 1 35 1 223 14 1 1 1 1 8 3 3 1 1 0 0 0 1 1 1 1 1 1 1 1 1 46 1 1 1 1 1 1 12 32 126 8 1 1 1 0 0 1 5 1 0 0 0 0 0 0 1 12 126 9 1 1 1 1 1 0 1 2 81 1 1 1 1 41 208 218 14 1 1 1 2 221 182 1 1 1 1 1 1 25 255 1 1 1 1 1 1 245 255 1 77 22 1 0 0 0 1 0 0 14 62 37 2 1 241 247 1 1 1 1 1 1
1 1 35 85 69 11 2 104 255 7 1 1 1 0 0 0 0 0 1 1 1 5 1 0 0 0 0 0 0 0 0 0 0 0 0 0 0 0 0 0 0 0 0 0 0 0 0 0 0 0 0 0 0 0 0 0 0 1 1 190 255 255 246 1 1 1 1 0 0 0 0 0 0 0 1 1 1 0 0 0 127 1 0 0 0 0 0 0 0 0 0 0 0 0 0 0 0 0 0 0 0 0 0 0 0 0 0 0 0 0 0 0 0 0 0 0 1 29 0 0 0 0 0 0 0 0 0 0 1 1 0 0 0 0 0 0 0 0 0 0 0 0 0 1 2 1 0 0 0 0 0 0 0 0 0 0 0 0 0 0 0 0 0 0 0 0 0 0 0 0 0 0 0 0 1 230 167 1 1 1 0 0 0 0 0 0 0 0 0 0 0 0 0 0 1 1 1 1 1 2 25 40 88 61 62 62 63 64 65 64 73 9 1 0 1 1 26 1 2 150 107 3 1 1 1 1 1 1 1 1 1 1 1 1 2 72 25 1 1 1 135 25 3 2 1 9 71 1 1 1 1 1 2 1 1 1 1 0 0 1 1 1 1 1 7 1 1 0 0 0 0 0 0 1 1 51 21 1 0 0 1 1 1 1 1 1 0 1 11 0 0 0 0 0 1 14 1 0 0 0 0 0 0 1 1 0 1 1 1 1 159 101 1 1 92 1 1 1 0 0 0 0 0 0 0 0 1 1 0 0 1 1 215 219 1 1 1 0 0 1 5 12 1 0 28 6 1 1 0 1 1 6 5 1 1 1 1 1 1 1 1 2 2 2 2 1 1 1 3 1 1 0 0 0 0 1 1 1 1 152 1 1 1 1 2 6 1 0 0 1 2 1 1 1 1 29 42 58 225 2 1 1 1 1 6 1 1 3 2 1 1 0 1 1 1 1 1 1 1 1 1 9 33 1 1 1 1 5 51 42 8 123 24 1 1 1 1 0 1 3 1 0 0 0 0 0 1 3 2 114 47 1 1 1 0 1 1 74 2 1 1 4 29 3 2 131 233 223 156 14 1 248 4 1 1 1 1 1 1 12 255 2 1 1 1 1 1 255 254 3 76 1 3 1 0 0 1 0 1 119 245 246 249 249 250 182 1 1 0 1 1 1
0 0 0 1 1 1 1 15 255 3 1 1 0 0 0 0 0 1 1 1 1 3 2 1 0 0 0 0 0 0 0 0 0 0 0 0 0 0 0 0 0 0 0 0 0 0 0 0 0 0 0 0 0 0 0 0 1 1 0 1 1 246 255 255 243 1 1 1 1 0 0 0 0 0 0 0 1 1 1 1 120 2 0 0 0 0 0 0 0 0 0 0 0 0 0 0 0 0 0 0 0 0 0 0 0 0 0 0 0 0 0 0 0 0 0 0 23 1 0 0 0 0 0 0 0 0 0 0 1 1 0 0 0 0 0 0 0 0 0 0 0 0 0 0 1 2 1 0 0 0 0 0 0 0 0 0 0 0 0 0 0 0 0 0 0 0 0 0 0 0 0 0 0 1 212 200 0 0 1 0 0 0 0 0 0 0 0 0 0 0 0 0 0 0 0 0 0 1 1 1 1 18 18 1 1 1 1 1 1 1 2 66 1 1 1 1 17 13 154 21 1 1 1 1 1 1 1 1 1 0 1 1 1 1 1 1 70 21 1 1 2 138 10 1 1 3 8 59 1 1 1 1 3 1 1 1 0 0 0 1 1 1 1 1 7 1 0 0 0 0 0 1 1 2 61 7 1 1 1 1 1 0 0 0 0 0 1 11 1 0 0 0 0 0 0 2 11 1 0 0 0 0 1 1 0 1 1 1 1 133 142 1 1 6 81 1 1 1 0 0 0 0 0 0 0 0 1 0 0 0 1 1 251 1 1 1 0 0 1 2 14 1 0 1 51 1 1 1 0 1 3 1 5 1 1 1 0 1 0 1 2 1 1 1 1 1 1 1 1 2 1 1 1 1 1 1 1 5 146 10 1 2 5 6 3 1 1 1 1 1 1 1 1 1 9 25 16 55 201 15 1 1 1 4 1 1 0 1 1 3 3 1 1 0 0 1 1 1 1 1 1 1 4 47 54 57 55 34 1 4 3 1 103 75 1 1 1 1 1 2 2 1 0 0 0 1 3 1 1 1 76 100 2 1 1 1 59 6 1 6 31 16 1 1 1 18 5 36 190 227 232 255 229 111 8 1 1 1 1 6 255 12 1 1 1 1 3 255 48 76 3 1 2 1 1 1 1 1 1 218 199 1 1 5 104 206 1 1 0 1 1 4
0 0 1 1 1 1 1 12 255 2 1 1 1 1 0 0 1 1 1 0 0 1 4 1 0 0 0 0 0 0 0 0 0 0 0 0 0 0 0 0 0 0 0 0 0 0 0 0 0 0 0 0 0 0 0 0 1 1 0 0 0 1 1 245 255 255 239 1 1 1 1 0 0 0 0 0 0 0 0 1 87 17 0 0 0 0 0 0 0 0 0 0 0 0 0 0 0 0 0 0 0 0 0 0 0 0 0 0 0 0 0 0 0 0 0 1 30 0 0 0 0 0 0 0 0 0 0 1 1 0 0 0 0 0 0 0 0 0 0 0 0 0 0 0 0 1 2 1 0 0 0 0 0 0 0 0 0 0 0 0 0 0 0 0 0 0 0 0 0 0 0 0 0 126 237 0 0 0 0 0 0 0 0 0 0 0 0 0 0 0 0 0 0 0 0 0 0 0 0 1 1 57 1 1 1 1 1 1 1 1 1 28 10 1 1 2 38 173 7 1 1 1 1 0 0 0 0 1 1 0 0 1 1 1 1 1 1 69 28 1 1 7 134 52 1 3 1 16 47 1 1 1 4 1 1 0 1 1 1 4 5 1 1 6 4 1 0 0 0 0 1 1 14 63 3 1 1 0 0 0 0 0 0 0 0 0 1 16 1 0 0 0 0 0 0 0 2 8 0 0 0 1 1 0 1 1 1 1 141 142 1 1 8 75 1 1 1 1 1 1 1 0 0 0 0 0 1 0 0 1 1 35 249 1 1 1 0 0 1 21 1 0 1 1 53 1 1 0 1 3 1 1 2 1 1 1 1 1 1 2 1 0 1 0 1 2 1 0 1 3 1 0 0 1 1 1 23 143 8 6 5 3 1 1 1 1 1 1 2 1 1 1 1 3 38 1 25 1 32 155 38 2 1 8 1 1 0 1 1 1 1 2 3 1 1 1 1 0 1 1 1 0 0 1 1 1 1 1 1 1 11 1 1 55 133 21 1 1 1 1 3 1 0 0 1 3 1 1 1 1 1 10 120 16 1 129 186 20 29 10 1 1 1 1 1 21 1 1 1 1 4 210 229 251 252 252 252 229 95 98 254 251 1 1 1 1 241 255 2 94 1 1 1 4 1 1 1 1 1 240 119 1 1 1 1 228 1 1 1 1 1 106
0 1 1 1 1 1 1 22 255 76 1 1 1 1 1 1 1 0 0 0 0 0 1 5 1 0 0 0 0 0 0 0 0 0 0 0 0 0 0 0 0 0 0 0 0 0 0 0 0 0 0 0 0 0 0 1 1 0 0 0 0 0 0 1 1 247 255 255 233 1 1 1 1 0 0 0 0 0 0 0 9 98 1 1 0 0 0 0 0 0 0 0 0 0 0 0 0 0 0 0 0 0 0 0 0 0 0 0 0 0 0 0 0 0 0 21 2 0 0 0 0 0 0 0 0 0 0 1 1 0 0 0 0 0 0 0 0 0 0 0 0 0 0 0 0 0 0 2 1 0 0 0 0 0 0 0 0 0 0 0 0 0 0 0 0 0 0 0 0 0 0 0 2 247 1 0 0 0 0 0 0 0 0 0 0 0 0 0 0 1 1 0 0 0 0 0 0 0 0 1 1 66 1 1 1 1 1 1 1 1 1 1 64 2 12 140 157 3 1 1 1 1 0 0 0 0 0 0 0 0 0 0 1 1 1 1 1 1 62 53 1 1 1 98 124 9 2 1 24 41 1 1 4 1 1 1 4 9 9 4 4 5 5 2 1 2 1 1 1 1 3 60 36 1 1 1 0 0 0 0 0 0 0 0 0 0 1 16 1 0 0 0 0 0 0 0 1 17 1 0 1 1 1 1 1 1 1 153 131 1 1 1 77 2 1 1 1 1 0 0 0 0 0 0 0 1 1 0 0 1 1 249 65 1 1 0 0 0 4 7 1 1 1 1 56 1 1 1 1 4 2 2 1 1 1 1 1 1 1 1 0 0 1 0 0 1 1 0 0 1 2 1 1 1 1 1 160 6 1 1 1 1 1 1 1 2 2 2 1 1 1 1 1 48 1 1 26 1 56 68 3 38 37 22 1 1 0 1 1 1 0 0 1 3 4 2 1 1 1 1 1 0 0 0 0 1 1 0 1 1 5 2 1 1 3 99 132 31 1 1 1 6 1 1 3 1 0 0 0 1 1 1 1 96 173 191 116 143 1 1 0 1 1 1 23 1 1 0 1 1 1 171 1 1 1 5 99 233 252 254 229 255 255 222 25 16 255 252 14 64 1 0 1 1 5 2 3 1 1 247 11 1 1 1 1 228 1 1 1 1 1 191
1 1 1 1 1 1 2 136 255 127 163 4 1 1 1 1 1 0 0 0 0 0 1 1 4 1 0 0 0 0 0 0 0 0 0 0 0 0 0 0 0 0 0 0 0 0 0 0 0 0 0 0 0 0 1 1 0 0 0 0 0 0 0 0 0 1 1 249 255 255 226 1 1 1 1 0 0 0 0 0 1 128 0 1 1 1 0 0 0 0 0 0 0 0 0 0 0 0 0 0 0 0 0 0 0 0 0 0 0 0 0 0 0 0 1 30 0 0 0 0 0 0 0 0 0 0 1 1 0 0 0 0 0 0 0 0 0 0 0 0 0 0 0 0 0 0 0 0 1 2 1 0 0 0 0 0 0 0 0 0 0 0 0 0 0 0 0 0 0 0 0 0 235 137 0 0 0 0 0 0 0 0 0 0 0 0 0 0 1 1 0 1 0 0 0 0 0 0 0 1 1 63 1 1 1 0 1 1 1 1 1 4 130 178 164 49 1 1 1 0 0 0 0 0 0 0 0 0 0 0 0 0 0 0 1 1 1 1 1 37 90 3 1 1 15 148 39 1 1 37 35 1 3 1 1 8 2 2 1 3 2 1 1 1 1 2 1 1 4 60 60 3 1 1 0 0 0 0 0 0 0 0 0 0 0 0 1 14 0 0 0 0 0 0 1 1 1 10 2 1 1 1 1 1 1 1 155 120 1 1 1 57 6 1 1 1 1 1 0 0 0 0 0 0 0 1 0 0 0 1 1 251 1 1 1 0 0 1 20 1 0 1 1 12 19 1 0 1 0 1 10 1 0 0 1 1 1 1 2 0 0 1 1 1 0 1 2 1 0 0 2 1 1 1 1 137 16 1 1 1 1 1 2 2 1 1 1 1 1 1 1 1 43 3 1 1 37 2 112 15 1 1 3 54 3 2 1 1 1 0 1 0 1 1 1 1 3 2 1 1 1 0 0 0 0 0 1 1 0 1 1 9 1 1 1 1 1 92 109 1 1 1 7 4 1 0 0 0 0 0 1 1 1 31 155 1 1 123 66 1 1 1 1 4 10 1 0 0 0 0 1 144 24 1 1 1 1 1 1 192 254 255 255 255 255 255 255 3 12 60 1 0 0 1 1 2 2 3 5 249 1 1 0 1 1 228 1 1 1 1 1 4
1 1 3 175 251 230 188 255 250 1 11 172 150 153 162 98 1 1 0 0 0 0 0 1 3 2 1 0 0 0 0 0 0 0 0 0 0 0 0 0 0 0 0 0 0 0 0 0 0 0 0 0 0 1 1 0 0 0 0 0 0 0 0 0 0 0 0 1 1 251 255 255 219 1 1 1 1 0 0 0 1 127 1 1 0 1 1 1 0 0 0 0 0 0 0 0 0 0 0 0 0 0 0 0 0 0 0 0 0 0 0 0 0 0 19 2 0 0 0 0 0 0 0 0 0 0 1 1 0 0 0 0 0 0 0 0 0 0 0 0 0 0 0 0 0 0 0 0 0 1 2 1 0 0 0 0 0 0 0 0 0 0 0 0 0 0 0 0 0 0 0 78 241 0 0 0 0 0 0 0 0 0 0 0 0 0 0 1 1 0 0 1 1 1 0 0 0 0 0 1 23 17 1 1 1 1 1 11 89 132 137 128 46 4 1 1 1 0 0 0 0 0 0 0 0 0 0 0 0 0 0 0 0 0 0 1 1 1 1 1 5 94 10 1 1 3 137 133 87 18 57 41 15 6 5 25 127 177 177 183 134 14 74 140 160 190 76 71 57 3 1 1 1 0 0 0 0 0 0 0 0 0 0 0 0 1 18 1 0 0 0 0 1 1 1 0 0 4 9 1 1 1 1 1 51 202 118 1 1 1 3 74 1 1 1 1 1 1 0 0 0 0 0 0 0 1 0 0 1 1 210 221 1 1 1 0 0 1 20 1 0 1 1 49 1 1 1 1 1 9 1 0 0 0 1 1 1 1 3 0 0 0 0 1 1 1 1 1 0 1 1 2 3 3 29 137 1 1 1 1 1 2 1 1 1 0 1 1 1 1 1 26 9 1 1 1 31 1 122 1 1 1 3 28 1 1 2 1 1 1 1 1 1 1 0 0 1 1 3 2 1 1 1 1 0 1 1 1 0 1 1 8 1 1 1 1 1 1 28 98 1 1 3 3 0 0 0 0 0 0 1 1 7 162 1 1 1 1 159 16 1 1 1 26 1 1 0 0 0 0 1 13 159 1 1 1 0 1 1 1 251 252 1 1 8 34 8 15 1 59 1 1 1 1 1 1 0 1 8 247 1 0 1 1 9 224 1 1 1 1 1 1
2 131 255 255 255 255 255 251 1 1 1 1 43 5 2 63 128 2 1 1 0 0 0 1 1 4 1 0 0 0 0 0 0 0 0 0 0 0 0 0 0 0 0 0 0 0 0 0 0 0 0 0 1 1 1 0 0 0 0 0 0 0 0 0 0 0 0 0 0 1 1 254 255 255 212 1 1 1 0 1 1 126 1 0 0 0 0 1 1 1 0 0 0 0 0 0 0 0 0 0 0 0 0 0 0 0 0 0 0 0 0 0 0 0 31 1 0 0 0 0 0 0 0 0 0 0 1 0 0 0 0 0 0 0 0 0 0 0 0 0 0 0 0 0 0 0 0 0 0 0 1 2 1 0 0 0 0 0 0 0 0 0 0 0 0 0 0 0 0 0 1 247 7 1 1 0 0 0 0 0 0 0 0 0 0 0 1 1 0 0 0 0 0 1 1 0 0 0 0 1 62 1 1 1 1 25 135 118 40 3 1 1 1 1 1 1 1 0 0 0 0 0 0 0 0 0 0 0 0 0 0 0 0 0 0 1 1 1 1 1 1 2 89 6 1 1 2 6 64 103 116 154 183 182 179 178 110 4 4 2 104 167 133 160 176 175 138 1 1 1 1 1 0 0 0 0 0 0 0 0 0 0 0 0 0 1 16 0 0 0 0 1 1 0 0 1 1 13 2 1 1 1 97 204 181 7 1 1 1 1 28 31 2 1 1 1 2 1 0 0 0 0 0 0 0 1 0 0 1 1 251 2 1 1 0 0 0 1 20 1 1 1 1 51 1 1 1 1 10 1 0 0 0 0 1 1 1 1 3 0 0 0 0 1 1 1 0 2 1 1 1 1 1 1 146 15 1 1 1 1 1 1 1 0 1 1 1 1 1 3 43 15 1 1 1 1 31 1 77 90 2 1 9 13 1 1 1 1 2 1 1 1 1 1 0 0 0 0 1 1 3 1 1 1 1 1 1 1 1 1 1 3 3 1 1 1 1 0 1 119 3 1 1 9 1 0 0 0 0 0 1 2 165 3 1 0 0 1 2 163 9 1 12 3 1 1 1 1 0 0 1 1 180 1 1 1 1 1 1 1 45 255 1 1 1 1 2 1 1 58 1 1 1 0 1 1 0 1 141 233 1 0 1 1 145 182 1 1 1 1 1 1
255 255 243 15 4 3 2 1 1 1 1 1 10 1 1 1 25 142 3 1 1 1 0 0 1 1 5 1 0 0 0 0 0 0 0 0 0 0 0 0 0 0 0 0 0 0 0 0 0 0 0 0 1 1 0 0 0 0 0 0 0 0 0 0 0 0 0 0 0 0 0 1 1 255 255 255 203 1 1 1 1 125 1 0 0 0 0 0 0 1 1 1 0 0 0 0 0 0 0 0 0 0 0 0 0 0 0 0 0 0 0 0 0 4 12 0 0 0 0 0 0 0 0 0 0 1 1 0 0 0 0 0 0 0 0 0 0 0 0 0 0 0 0 0 0 0 0 0 0 0 0 1 2 1 0 0 0 0 0 0 0 0 0 0 0 0 0 0 0 0 89 241 1 1 0 0 0 0 0 0 0 0 0 0 0 1 1 0 0 0 0 0 0 0 1 1 1 0 0 1 63 1 1 1 54 107 2 1 1 1 1 1 1 1 1 0 1 1 0 0 0 0 0 0 0 0 0 0 0 0 0 0 0 0 0 0 0 1 1 1 1 1 4 89 2 1 2 1 1 1 1 1 8 1 1 1 1 1 1 1 1 77 167 54 1 6 176 1 1 1 1 1 0 0 0 0 0 0 0 0 0 0 0 0 0 1 16 0 1 1 1 1 1 1 1 1 1 19 1 1 5 185 159 2 1 0 0 1 1 14 3 1 37 1 1 1 1 1 0 0 0 0 0 0 1 1 0 0 1 22 249 1 1 1 0 0 0 1 21 1 1 1 1 49 1 1 1 8 1 1 0 0 0 0 1 1 1 1 3 0 0 0 1 1 1 1 0 1 3 1 1 1 1 14 135 1 1 1 1 2 1 1 0 1 1 1 1 38 63 41 2 1 1 1 1 1 30 1 1 17 114 92 34 5 1 1 1 0 1 1 1 1 1 0 0 0 0 0 0 0 1 2 3 1 1 0 1 1 1 1 1 2 4 1 1 1 1 1 1 103 86 9 1 1 8 1 0 0 0 1 1 165 6 1 0 0 0 0 1 3 163 61 24 1 1 1 4 4 2 2 2 2 137 84 24 47 76 82 77 108 124 255 92 1 1 1 1 1 1 52 1 0 0 1 1 1 0 1 218 193 1 0 0 1 220 20 1 1 1 1 1 234
255 13 1 1 1 1 1 1 1 1 1 1 4 4 1 1 1 10 147 7 1 1 0 0 0 1 1 5 1 0 0 0 0 0 0 0 0 0 0 0 0 0 0 0 0 0 0 0 0 0 0 1 1 0 0 0 0 0 0 0 0 0 0 0 0 0 0 0 0 0 0 0 0 1 1 255 255 255 188 1 1 64 31 0 0 0 0 0 0 0 0 1 1 1 0 0 0 0 0 0 0 0 0 0 0 0 0 0 0 0 0 0 0 30 1 0 0 0 0 0 0 0 0 0 0 1 0 0 0 0 0 0 0 0 0 0 0 0 0 0 0 0 0 0 0 0 0 0 0 0 0 0 1 2 1 1 0 0 0 0 0 0 0 0 0 0 0 0 0 0 245 17 1 0 0 0 0 0 0 0 0 0 0 0 1 1 0 0 0 0 0 0 0 0 0 0 1 1 1 2 58 1 2 88 84 1 1 1 1 1 1 1 1 1 1 0 1 1 0 0 0 0 0 0 0 0 0 0 0 0 0 0 0 0 0 0 0 0 1 1 1 1 1 16 72 1 2 1 1 1 1 1 1 7 1 1 0 1 1 8 164 119 1 1 1 1 184 1 1 1 1 1 1 0 0 0 0 0 0 1 1 1 1 1 1 1 17 1 1 1 4 14 21 17 10 5 3 9 37 179 205 43 1 1 0 0 0 1 3 15 1 1 17 6 1 2 1 1 0 0 0 0 0 0 1 0 0 1 1 247 101 1 1 1 0 0 0 1 25 1 1 1 1 48 7 1 2 4 1 0 0 0 0 1 1 1 1 0 3 1 0 1 1 0 0 1 1 0 1 3 1 1 1 128 20 1 1 1 2 1 1 1 1 1 1 2 55 5 1 1 1 1 1 3 1 3 20 1 1 1 1 12 158 6 1 1 1 0 0 0 1 2 1 1 1 0 0 0 0 0 0 0 1 3 2 1 1 1 4 2 1 2 3 1 1 1 1 1 128 219 189 198 206 204 91 2 1 0 1 1 162 13 1 1 0 0 0 0 0 1 1 158 181 181 181 180 168 171 176 178 179 181 189 223 141 120 100 95 98 60 42 252 241 1 1 0 1 1 1 32 4 0 0 1 1 0 0 1 247 21 0 0 0 1 228 1 1 0 1 1 1 247
1 1 1 1 1 1 1 1 1 1 1 1 1 10 1 1 1 1 4 143 21 1 1 1 0 1 1 4 1 1 0 0 0 0 0 0 0 0 0 0 0 0 0 0 0 0 0 0 0 0 1 1 0 0 0 0 0 0 0 0 0 0 0 0 0 0 0 0 0 0 0 0 0 0 1 1 1 255 255 255 166 1 118 1 0 0 0 0 0 0 0 0 0 1 1 1 0 0 0 0 0 0 0 0 0 0 0 0 0 0 0 0 3 16 0 0 0 0 0 0 0 0 0 0 0 1 0 0 0 0 0 0 0 0 0 0 0 0 0 0 0 0 0 0 0 0 0 0 0 0 0 0 0 0 1 2 1 0 0 0 0 0 0 0 0 0 0 0 0 7 247 1 0 0 0 0 0 0 0 0 0 0 0 1 1 0 0 0 0 0 0 0 0 0 0 0 0 1 1 48 144 113 134 45 1 1 1 1 1 0 0 0 1 1 1 1 1 1 0 0 0 0 0 0 0 0 0 0 0 0 0 0 0 0 0 0 0 0 0 1 1 1 1 1 37 69 7 2 3 2 3 2 1 10 1 1 1 1 38 161 4 1 1 1 1 1 187 1 1 1 1 1 1 1 1 1 1 1 1 1 1 1 6 178 191 191 200 206 204 203 199 190 188 189 191 195 201 202 202 57 1 1 0 0 0 0 1 1 26 1 0 1 1 39 3 1 1 0 0 0 0 0 0 0 1 0 0 1 1 251 1 1 1 0 0 0 0 1 25 1 1 1 12 7 5 8 23 2 1 0 0 1 1 1 0 1 1 0 2 1 1 1 1 0 0 0 1 1 0 1 2 3 1 153 1 1 1 2 1 1 1 1 1 1 1 44 1 1 1 1 1 1 2 1 1 1 16 1 1 1 0 1 129 20 8 1 1 0 0 0 1 1 1 1 1 1 1 0 0 0 0 0 0 1 2 3 6 4 1 2 5 5 1 3 1 1 13 197 152 4 96 2 1 2 168 196 46 108 147 186 31 1 0 0 0 0 0 0 0 1 7 2 1 1 1 1 1 1 1 1 1 1 1 167 1 1 1 1 1 1 1 94 254 1 1 1 1 0 1 34 3 0 0 1 1 0 0 1 249 1 0 0 1 1 228 1 1 0 1 1 3 246
1 1 1 0 0 0 0 0 0 0 1 1 1 3 5 1 1 1 1 2 130 48 1 1 1 1 4 2 1 1 0 0 0 0 0 0 0 0 0 0 0 0 0 0 0 0 0 0 0 1 1 1 0 0 0 0 0 0 0 0 0 0 0 0 0 0 0 0 0 0 0 0 0 0 0 0 1 1 1 255 255 255 228 1 1 1 0 0 0 0 0 0 0 0 0 1 1 1 0 0 0 0 0 0 0 0 0 0 0 0 0 0 30 1 0 0 0 0 0 0 0 0 0 0 1 1 0 0 0 0 0 0 0 0 0 0 0 0 0 0 0 0 0 0 0 0 0 0 0 0 0 0 0 0 0 1 2 1 0 0 0 0 0 0 0 0 0 0 0 215 197 1 0 0 0 0 0 0 0 0 0 0 1 1 0 0 0 0 0 0 0 0 0 0 0 0 0 0 1 163 16 11 1 1 1 1 0 1 1 1 1 3 4 4 1 1 1 1 1 0 0 0 0 0 0 0 0 0 0 0 0 0 0 0 0 0 0 0 0 0 1 1 1 1 1 26 100 110 110 106 102 108 107 87 6 1 1 34 144 1 1 1 0 0 1 1 184 4 1 1 2 29 167 187 170 1 1 1 1 1 38 186 182 12 1 1 1 1 1 1 0 0 0 1 1 1 1 0 1 1 0 0 0 0 0 0 1 12 3 1 1 1 1 7 26 1 1 0 0 0 0 0 0 0 1 0 1 1 194 230 1 1 1 0 0 0 0 3 12 1 1 1 27 1 1 1 10 1 3 2 1 1 1 1 1 1 1 0 1 2 1 1 0 0 0 0 0 0 0 0 0 1 3 153 1 1 1 1 1 1 1 1 1 1 29 1 1 0 1 1 1 2 1 0 0 1 16 1 1 1 0 1 135 3 1 4 7 2 1 1 1 1 1 0 1 1 1 1 1 0 0 1 1 2 1 1 1 0 0 0 1 4 3 5 1 2 192 66 1 1 41 57 1 1 1 26 173 130 103 113 17 0 0 0 0 0 0 0 1 1 14 1 0 1 1 1 1 1 1 1 0 0 1 163 1 1 1 1 0 0 0 1 254 42 1 0 0 0 0 42 1 0 0 1 1 1 1 11 247 1 0 0 0 1 228 1 1 0 1 1 18 246
0 1 0 0 0 0 0 0 0 1 1 0 1 1 8 1 1 1 1 1 1 109 74 1 3 5 1 1 0 1 1 0 0 0 0 0 0 0 0 0 0 0 0 0 0 0 0 0 0 1 1 0 0 0 0 0 0 0 0 0 0 0 0 0 0 0 0 0 0 0 0 0 0 0 0 0 0 0 1 1 1 255 255 255 91 1 1 1 0 0 0 0 0 0 0 0 0 1 1 1 0 0 0 0 0 0 0 0 0 0 0 2 22 0 0 0 0 0 0 0 0 0 0 0 1 0 0 0 0 0 0 0 0 0 0 0 0 0 0 0 0 0 0 0 0 0 0 0 0 0 0 0 0 0 0 0 1 2 1 0 0 0 0 0 0 0 0 0 1 247 1 0 0 0 0 0 0 0 0 0 0 0 1 0 0 0 0 0 0 0 0 0 0 0 0 0 0 1 100 159 1 1 1 0 0 1 1 4 4 4 3 2 1 7 1 0 1 1 1 0 0 0 0 0 0 0 0 0 0 0 0 0 0 0 0 0 0 0 0 0 0 1 1 1 1 1 1 1 1 1 1 1 2 44 122 131 148 148 1 1 0 0 0 0 1 1 153 64 8 118 183 167 30 2 160 47 2 61 177 190 163 3 1 1 1 0 0 0 0 0 0 0 0 0 0 0 1 0 0 0 0 0 0 0 0 1 2 16 1 0 1 1 1 1 46 1 1 1 0 0 0 0 0 0 1 0 1 1 251 3 1 1 1 0 0 0 0 3 11 1 1 1 23 1 1 1 6 1 1 1 6 1 0 1 1 1 1 1 2 4 6 6 6 5 3 3 1 1 0 0 0 0 0 142 1 1 1 1 1 1 1 1 1 7 2 1 1 0 0 1 1 1 1 1 0 0 10 1 1 1 0 1 133 3 1 1 1 3 6 3 3 1 1 0 0 0 0 1 1 1 1 1 1 1 1 1 0 0 0 0 0 1 11 4 83 187 109 1 0 1 1 118 1 1 1 0 0 1 17 1 60 2 0 0 0 0 0 1 1 15 1 0 0 1 1 1 1 1 0 1 1 1 1 124 37 1 0 0 0 0 0 1 252 238 1 1 0 0 0 48 1 0 0 1 1 1 1 96 241 1 0 1 1 1 228 1 1 0 1 1 103 250
0 1 0 0 0 0 0 0 0 0 1 1 1 1 1 10 1 1 0 1 1 1 86 116 4 1 0 0 0 0 1 1 0 0 0 0 0 0 0 0 0 0 0 0 0 1 1 1 1 1 0 0 0 0 0 0 0 0 0 0 0 0 0 0 0 0 0 0 0 0 0 0 0 0 0 0 0 0 0 0 1 1 1 255 255 255 95 1 1 0 0 0 0 0 0 0 0 0 0 1 1 1 0 0 0 0 0 0 0 0 0 28 1 0 0 0 0 0 0 0 0 0 0 1 1 0 0 0 0 0 0 0 0 0 0 0 0 0 0 0 0 0 0 0 0 0 0 0 0 0 0 0 0 0 0 0 0 0 1 2 1 0 0 0 0 0 0 0 78 241 0 0 0 0 0 0 0 0 0 0 0 1 1 0 0 0 0 0 0 0 0 0 0 0 0 0 1 1 170 7 1 1 1 1 1 1 5 1 1 1 0 1 1 6 0 0 1 1 1 0 0 0 0 0 0 0 0 0 0 0 0 0 0 0 0 0 0 0 0 0 0 1 1 0 0 0 1 1 1 1 1 1 1 1 1 1 129 2 1 0 0 0 0 0 0 1 33 202 178 107 2 1 1 1 18 205 187 151 12 1 1 1 1 0 0 0 0 0 0 0 0 0 0 0 0 0 1 0 0 0 0 0 0 0 1 1 24 1 0 1 1 1 1 1 4 41 1 1 0 0 0 0 0 0 0 1 1 12 251 1 1 1 0 0 0 0 1 1 19 1 1 1 19 1 1 6 2 1 1 1 5 0 0 0 1 1 1 1 1 2 1 1 1 1 1 1 1 3 3 1 0 0 0 124 9 2 1 1 1 1 1 1 1 3 1 0 0 0 1 1 0 1 1 0 0 0 1 13 1 1 1 1 127 6 1 1 1 1 1 1 4 3 3 2 1 1 0 0 0 1 1 1 0 0 1 1 0 0 0 0 1 1 4 174 192 65 1 0 0 1 1 3 108 1 0 0 0 1 17 1 1 69 1 0 0 0 0 1 3 6 0 0 0 1 1 1 1 1 1 0 0 0 0 17 140 1 0 0 0 0 1 1 128 254 1 1 1 0 0 51 1 1 0 1 1 0 1 175 225 1 0 1 1 1 226 1 1 0 1 1 195 254
0 1 0 0 0 0 0 0 0 0 0 0 1 1 1 4 3 1 1 0 1 1 1 67 135 1 1 0 0 0 0 1 1 0 0 0 0 0 0 0 0 0 0 1 1 1 1 1 1 0 0 0 0 0 0 0 0 0 0 0 0 0 0 0 0 0 0 0 0 0 0 0 0 0 0 0 0 0 0 0 0 0 1 1 1 255 255 255 81 1 1 0 0 0 0 0 0 0 0 0 0 1 1 1 0 0 0 0 0 0 0 30 0 0 0 0 0 0 0 0 0 0 0 1 0 0 0 0 0 0 0 0 0 0 0 0 0 0 0 0 0 0 0 0 0 0 0 0 0 0 0 0 0 0 0 0 0 0 0 1 2 1 0 0 0 0 0 0 238 114 0 0 0 0 0 0 0 0 0 0 0 1 0 0 0 0 0 0 0 0 0 0 0 0 0 1 1 1 151 5 4 15 12 2 2 8 1 1 1 1 1 1 7 1 0 0 0 1 1 1 0 0 0 0 0 0 0 0 0 0 0 0 0 0 0 0 0 0 0 0 0 0 1 1 0 0 0 0 0 0 0 0 0 0 0 1 130 1 1 0 0 0 0 0 0 0 1 2 1 1 1 1 1 1 1 1 1 1 1 1 1 1 0 0 0 0 0 0 0 0 0 0 0 0 0 0 1 0 0 0 0 0 0 0 1 12 4 1 0 1 0 1 1 1 1 35 7 3 1 0 0 0 0 0 0 1 1 244 126 1 1 1 0 0 0 0 1 1 23 1 1 1 25 1 1 1 9 5 1 1 2 0 1 1 1 1 0 1 1 2 1 0 0 0 1 1 1 1 1 3 1 0 1 60 83 1 1 1 1 1 1 1 4 1 1 0 0 0 1 0 0 0 1 1 0 0 1 16 1 0 1 1 129 6 1 0 0 0 0 0 1 1 1 1 3 2 1 0 1 1 0 0 0 1 1 0 0 0 0 1 1 1 194 114 6 1 1 1 0 0 0 1 44 57 1 0 0 0 18 1 1 41 7 0 0 0 0 1 16 1 0 0 1 1 1 1 0 1 1 0 0 0 0 1 162 1 0 0 0 0 0 1 1 254 12 1 0 0 1 53 1 1 1 1 0 0 1 199 214 1 0 1 1 19 220 1 1 1 1 1 221 254
0 1 0 0 0 0 0 0 0 0 0 0 0 1 1 1 9 1 1 1 1 1 1 1 33 147 2 1 0 0 0 0 1 0 0 0 0 0 0 0 1 1 1 1 1 0 0 0 0 0 0 0 0 0 0 0 0 0 0 0 0 0 0 0 0 0 0 0 0 0 0 0 0 0 0 0 0 0 0 0 0 0 0 0 1 1 1 255 255 255 54 1 1 0 0 0 0 0 0 0 0 0 0 1 1 1 0 0 0 0 1 24 0 0 0 0 0 0 0 0 0 0 1 1 0 0 0 0 0 0 0 0 0 0 0 0 0 0 0 0 0 0 0 0 0 0 0 0 0 0 0 0 0 0 0 0 0 0 0 0 1 2 1 0 0 0 0 2 247 1 0 0 0 0 0 0 0 0 0 0 0 1 0 0 0 0 0 0 0 0 0 0 0 0 0 1 1 1 113 88 8 1 2 14 2 1 1 0 1 2 6 5 1 0 0 0 0 0 1 1 0 0 0 0 0 0 0 0 0 0 0 0 0 0 0 0 0 0 0 0 0 0 0 1 1 1 0 0 0 0 0 0 0 0 1 1 129 1 0 0 0 0 0 0 0 0 0 0 1 1 1 0 0 0 0 1 1 1 1 1 1 0 0 0 0 0 0 0 0 0 0 0 0 0 0 0 1 0 0 0 0 0 0 1 1 25 1 1 0 1 1 1 1 1 1 1 29 1 3 3 1 0 0 0 0 1 1 251 1 1 1 0 0 0 0 0 1 1 24 1 1 1 31 1 1 1 1 3 13 7 1 1 1 1 1 1 1 1 1 2 1 0 0 0 0 1 1 1 0 1 3 1 2 38 104 12 1 1 1 1 1 3 1 0 1 1 0 0 0 0 0 0 1 1 0 0 1 14 1 7 68 85 149 3 1 1 0 0 0 1 1 1 0 0 1 1 1 1 1 1 0 0 0 1 1 0 0 0 1 1 1 195 62 1 3 1 1 1 0 1 0 1 1 80 21 1 0 0 18 1 0 1 68 1 0 0 1 9 2 0 0 1 1 1 0 1 0 0 0 0 0 0 0 1 165 1 0 0 0 0 0 1 1 254 220 1 1 0 1 54 1 0 1 1 0 0 1 221 191 1 1 1 1 147 178 1 1 1 1 1 240 254
1 1 0 0 0 0 0 0 0 0 0 0 0 0 0 1 2 6 1 1 1 0 1 1 1 13 143 3 1 0 0 0 1 0 0 0 0 1 1 1 1 1 0 0 0 0 0 0 0 0 0 0 0 0 0 0 0 0 0 0 0 0 0 0 0 0 0 0 0 0 0 0 0 0 0 0 0 0 0 0 0 0 0 0 0 0 1 1 1 255 255 255 41 1 1 0 0 0 0 0 0 0 0 0 0 1 1 1 0 0 22 1 0 0 0 0 0 0 0 0 0 0 1 0 0 0 0 0 0 0 0 0 0 0 0 0 0 0 0 0 0 0 0 0 0 0 0 0 0 0 0 0 0 0 0 0 0 0 0 0 0 0 2 2 1 0 0 170 229 1 1 1 1 0 0 0 0 1 1 1 1 1 1 0 0 0 0 0 0 0 0 0 0 0 1 1 1 1 170 4 1 1 1 5 1 0 1 1 5 3 1 1 0 0 0 0 0 0 1 1 1 0 0 0 0 0 0 0 0 0 0 0 0 0 0 0 0 0 0 0 0 0 0 0 0 1 1 1 0 0 0 0 0 0 1 1 130 1 0 0 0 0 0 0 0 0 0 0 0 0 0 0 0 0 0 0 0 0 0 0 0 0 0 0 0 0 0 0 0 0 0 0 0 0 0 0 1 0 0 0 0 0 0 1 8 5 1 0 1 1 1 1 1 0 1 1 16 5 1 1 3 3 1 0 0 1 149 240 1 1 1 0 0 0 0 0 1 1 23 1 1 1 9 8 1 1 1 12 4 2 1 1 0 1 1 1 1 1 1 1 1 0 1 1 1 0 0 1 1 0 1 6 31 1 1 86 56 1 1 1 3 1 0 0 0 1 0 0 1 0 0 1 1 0 0 0 1 28 93 57 3 1 82 2 1 1 0 0 0 1 1 0 0 0 1 1 1 1 1 1 1 0 1 1 1 1 1 1 1 1 169 98 1 1 1 4 1 1 0 1 0 1 1 1 106 3 0 0 15 1 0 1 9 35 1 1 1 12 0 0 0 1 1 1 0 1 0 0 0 0 0 0 1 4 163 1 0 0 0 0 0 1 1 188 254 1 1 0 1 55 1 0 1 0 0 0 1 245 101 16 17 18 19 216 58 1 1 1 1 1 246 254
1 0 0 0 0 0 0 0 0 0 0 0 0 0 0 0 1 4 4 1 1 1 0 1 1 1 5 147 1 1 0 1 1 1 1 1 1 1 1 0 0 0 0 0 0 0 0 0 0 0 0 0 0 0 0 0 0 0 0 0 0 0 0 0 0 0 0 0 0 0 0 0 0 0 0 0 0 0 0 0 0 0 0 0 0 0 0 0 1 1 1 255 255 255 19 1 1 0 0 0 0 0 0 0 0 0 0 0 1 1 31 1 0 0 0 0 0 0 0 0 0 1 1 0 0 0 0 0 0 0 0 0 0 0 0 0 0 0 0 0 0 0 0 0 0 0 0 0 0 0 0 0 0 0 0 0 0 0 0 0 0 0 0 1 2 1 1 247 2 0 0 1 1 1 1 1 1 1 0 0 0 0 1 1 0 0 0 0 0 0 0 0 0 1 1 1 1 140 83 1 1 1 1 4 1 2 12 19 3 1 0 0 0 0 0 0 0 0 0 1 1 0 0 0 0 0 0 0 0 0 0 0 0 0 0 0 0 0 0 0 0 0 0 0 0 0 0 1 1 1 1 1 1 1 1 1 130 1 0 0 0 0 0 0 0 0 0 0 0 0 0 0 0 0 0 0 0 0 0 0 0 0 0 0 0 0 0 0 0 0 0 0 0 0 0 0 1 0 0 0 0 0 0 1 26 1 1 1 1 1 1 1 0 0 0 1 1 35 1 1 1 1 2 3 1 1 251 10 1 1 1 0 0 0 0 1 0 1 14 2 1 1 2 28 1 1 8 2 2 1 1 1 0 0 0 1 1 1 1 1 1 1 1 1 1 1 0 0 1 1 1 4 6 2 1 1 45 94 1 2 2 1 0 0 0 0 0 0 1 1 0 1 1 0 0 1 20 86 3 1 1 5 43 1 2 1 1 1 1 1 1 0 0 0 1 1 0 1 1 1 1 1 1 1 1 1 0 1 1 13 207 1 1 1 1 5 1 1 0 1 0 1 1 1 1 113 1 0 3 6 0 0 1 61 1 1 15 1 0 0 1 1 1 1 0 1 0 0 0 0 1 1 4 1 159 1 0 0 0 0 0 1 1 2 254 3 1 0 1 54 1 0 1 1 0 1 1 249 2 0 1 1 1 218 7 1 1 1 1 1 244 254
1 0 0 0 0 0 0 0 0 0 0 0 0 0 0 0 0 1 4 9 2 1 1 0 1 1 1 159 2 1 1 1 1 1 1 0 0 0 0 0 0 0 0 0 0 0 0 0 0 0 0 0 0 0 0 0 0 0 0 0 0 0 0 0 0 0 0 0 0 0 0 0 0 0 0 0 0 0 0 0 0 0 0 0 0 0 0 0 0 1 1 1 1 255 255 255 16 1 1 0 0 0 0 0 0 0 0 0 0 1 31 1 1 0 0 0 0 0 0 0 0 1 1 0 0 0 0 0 0 0 0 0 0 0 0 0 0 0 0 0 0 0 0 0 0 0 0 0 0 0 0 0 0 0 0 0 0 0 0 0 0 0 0 0 1 2 110 240 0 0 0 0 0 1 1 1 1 0 0 0 0 0 0 1 1 1 1 0 0 0 0 1 1 1 1 2 150 104 1 0 0 0 1 4 4 6 1 1 9 1 0 0 0 0 0 0 0 0 0 1 1 0 0 0 0 0 0 1 1 1 1 1 0 0 0 0 0 0 0 0 0 0 0 0 0 0 0 0 0 0 1 1 0 1 1 1 129 1 1 0 0 0 0 0 0 0 0 0 0 0 0 0 0 0 0 0 0 0 0 0 0 0 0 0 0 0 0 0 0 0 0 0 0 0 0 0 1 0 0 0 0 0 1 1 26 1 1 1 1 1 1 0 0 0 0 1 1 8 11 1 0 0 0 1 2 13 251 1 1 1 0 0 0 0 0 1 1 1 6 10 1 1 11 9 4 12 2 2 1 1 1 1 0 0 0 1 1 1 1 1 1 1 1 0 1 1 1 1 0 1 2 1 1 5 1 1 1 21 97 4 1 1 0 0 0 0 0 0 0 1 1 1 1 0 1 20 32 38 1 1 1 68 1 0 1 1 1 1 1 1 1 0 0 0 1 1 0 0 0 0 0 1 2 0 1 1 1 1 1 207 11 1 1 1 1 3 1 1 1 0 0 1 0 0 0 6 96 1 1 16 1 0 1 3 50 4 5 1 0 0 1 1 0 1 0 1 0 0 0 1 1 4 1 1 156 1 0 0 0 0 0 0 1 1 254 206 1 0 2 39 0 0 0 0 0 1 2 249 1 0 1 1 1 220 2 1 1 0 1 1 216 254
0 0 0 0 0 0 0 0 0 0 0 0 0 0 0 0 0 0 1 1 7 3 1 1 1 1 19 160 2 1 1 0 0 0 0 0 0 0 0 0 0 0 0 0 0 0 0 0 0 0 0 0 0 0 0 0 0 0 0 0 0 0 0 0 0 0 0 0 0 0 0 0 0 0 0 0 0 0 0 0 0 0 0 0 0 0 0 0 0 0 0 1 1 1 1 255 255 255 16 1 1 0 0 0 0 0 0 0 1 14 4 0 1 1 1 1 0 0 0 0 1 1 0 0 0 0 0 0 0 0 0 0 0 0 0 0 0 0 0 0 0 0 0 0 0 0 0 0 0 0 0 0 0 0 0 0 0 0 0 0 0 0 0 0 0 1 247 10 0 0 0 0 0 1 1 0 0 0 0 0 0 0 0 0 0 0 0 0 0 0 1 1 1 1 26 176 64 1 1 0 0 0 1 11 5 1 1 1 9 1 1 0 0 0 0 0 0 0 0 1 1 1 0 0 0 0 0 1 1 4 6 2 1 0 0 0 0 0 0 0 0 0 0 0 0 0 0 0 0 0 0 1 1 1 0 1 127 1 1 0 0 0 0 0 0 0 0 0 0 0 0 0 0 0 0 0 0 0 0 0 0 0 0 0 0 0 0 0 0 0 0 0 0 0 0 0 1 0 0 0 0 0 1 7 6 1 1 0 1 1 1 0 0 0 0 1 1 1 34 1 1 0 0 1 1 232 186 4 2 1 0 1 1 1 1 1 1 17 17 1 1 1 40 2 27 4 2 2 1 1 1 1 1 1 1 1 1 1 1 1 1 1 0 0 0 1 1 1 1 1 4 1 1 1 9 1 1 1 58 72 1 1 0 0 0 0 0 0 0 0 1 1 0 1 30 16 1 22 2 1 1 69 1 0 0 0 0 1 1 1 1 1 1 1 1 1 0 0 0 0 0 1 1 0 0 1 1 1 34 199 1 1 1 1 1 1 4 1 1 0 0 0 0 0 0 1 34 61 1 16 1 0 0 1 18 61 3 1 1 1 1 1 0 1 0 1 0 0 1 2 2 1 0 1 111 33 0 0 0 0 0 0 1 1 209 254 1 1 36 3 0 0 0 0 1 1 98 243 1 1 1 0 1 220 2 1 1 0 1 1 37 255
0 0 0 0 0 0 0 0 0 0 0 0 0 0 0 0 0 0 0 0 1 5 8 4 54 61 145 20 1 1 1 0 0 0 0 0 0 0 0 0 0 0 0 0 0 0 0 0 0 0 0 0 0 0 0 0 0 0 0 0 0 0 0 0 0 0 0 0 0 0 0 0 0 0 0 0 0 0 0 0 0 0 0 0 0 0 0 0 0 0 0 0 0 1 1 1 1 255 255 255 12 1 1 0 0 0 0 0 13 5 0 0 0 0 0 1 1 1 1 0 1 1 0 0 0 0 0 0 0 0 0 0 0 0 0 0 0 0 0 0 0 0 0 0 0 0 0 0 0 0 0 0 0 0 0 0 0 0 0 0 0 0 0 0 0 189 220 0 0 0 0 0 1 1 1 0 0 0 0 0 0 0 0 0 0 0 0 0 0 0 1 1 1 1 176 4 1 1 0 0 0 1 5 9 1 0 0 0 4 2 1 0 0 0 0 0 0 0 0 0 1 1 0 0 0 0 1 1 7 3 1 4 4 1 1 0 0 0 0 0 0 0 0 0 0 0 0 0 0 0 0 0 0 1 1 1 127 1 0 0 0 0 0 0 0 0 0 0 0 0 0 0 0 0 0 0 0 0 0 0 0 0 0 0 0 0 0 0 0 0 0 0 0 0 0 0 1 0 0 0 0 0 1 26 1 1 1 0 1 1 0 0 0 0 0 1 1 1 4 19 1 0 0 1 1 251 2 1 1 4 3 1 1 1 1 16 19 1 1 1 1 12 8 1 18 2 1 1 1 1 1 1 1 1 1 1 1 1 1 1 1 0 0 0 0 0 1 1 2 4 1 1 1 1 9 1 1 1 1 70 83 1 0 0 0 0 0 0 0 0 1 1 1 40 10 1 1 21 1 1 1 6 42 1 0 0 0 1 1 1 0 1 1 1 1 1 1 1 1 1 0 1 2 1 1 1 1 1 210 2 1 1 1 1 1 1 5 1 1 1 0 0 0 0 0 1 1 70 25 15 1 0 1 1 1 2 8 21 6 1 1 0 1 1 0 1 0 1 3 2 1 0 0 1 9 129 1 0 0 0 0 0 1 1 5 254 1 1 54 1 0 0 0 1 1 1 218 202 1 0 0 1 1 202 67 1 1 1 1 1 1 255
0 0 0 0 0 0 0 0 0 0 0 0 0 0 0 0 0 0 0 1 1 1 1 49 4 1 23 144 25 1 1 1 0 0 0 0 0 0 0 0 0 0 0 0 0 0 0 0 0 0 0 0 0 0 0 0 0 0 0 0 0 0 0 0 0 0 0 0 0 0 0 0 0 0 0 0 0 0 0 0 0 0 0 0 0 0 0 0 0 0 0 0 0 0 0 1 1 1 1 255 255 255 8 1 1 0 1 17 5 0 0 0 0 0 0 0 0 0 1 1 1 1 1 1 0 0 0 0 0 0 0 0 0 0 0 0 0 0 0 0 0 0 0 0 0 0 0 0 0 0 0 0 0 0 0 0 0 0 0 0 0 0 0 0 8 247 1 0 0 0 0 0 1 1 1 1 0 0 0 0 0 0 0 0 0 0 0 0 1 1 1 1 3 125 105 1 1 1 0 0 1 5 6 1 0 0 0 0 1 7 1 0 0 0 0 0 0 0 0 0 1 1 0 0 0 0 1 7 1 1 1 1 2 7 1 1 0 0 0 0 0 0 0 0 0 0 0 0 0 0 0 0 1 0 0 1 126 1 0 0 0 0 0 0 0 0 0 0 0 0 0 0 0 0 0 0 0 0 0 0 0 0 0 0 0 0 0 0 0 0 0 0 0 0 0 1 1 0 0 0 0 0 1 26 1 1 1 0 1 1 0 0 0 0 0 0 1 1 1 27 2 1 0 1 139 240 1 1 1 1 1 4 6 15 13 1 1 1 1 1 1 35 1 1 2 19 1 0 1 1 1 1 1 1 1 1 1 1 1 1 1 1 1 1 1 1 1 1 4 4 1 1 1 1 11 1 1 1 1 1 96 58 1 1 0 0 0 0 0 0 1 2 47 5 1 0 3 7 1 1 1 1 53 2 0 0 0 1 1 0 0 0 1 1 0 0 1 1 1 1 1 1 1 1 1 1 1 10 205 1 0 1 1 0 1 0 3 1 1 1 0 0 0 1 1 1 0 1 96 35 1 1 1 1 1 1 1 1 4 20 12 1 1 1 1 1 1 4 1 0 0 0 0 1 1 148 1 1 0 1 1 1 1 1 1 254 3 1 54 1 0 0 0 1 1 1 249 8 1 1 1 1 1 57 204 1 1 1 1 1 1 254
0 0 0 0 0 0 0 0 0 0 0 0 0 0 0 0 0 0 1 1 0 1 8 16 1 1 1 1 109 128 3 1 1 0 0 0 0 0 0 0 0 0 0 0 0 0 0 0 0 0 0 0 0 0 0 0 0 0 0 0 0 0 0 0 0 0 0 0 0 0 0 0 0 0 0 0 0 0 0 0 0 0 0 0 0 0 0 0 0 0 0 0 0 0 0 0 0 1 1 1 1 255 255 255 3 4 29 3 0 0 0 0 0 0 0 0 0 0 0 1 1 0 0 1 1 1 1 1 1 0 0 0 0 0 0 0 0 0 0 0 0 0 0 0 0 0 0 0 0 0 0 0 0 0 0 0 0 0 0 0 0 0 0 1 235 148 0 0 0 0 0 0 1 1 0 1 1 1 0 0 0 0 0 0 0 0 1 1 1 1 1 134 166 142 2 1 1 1 0 0 2 10 1 0 0 0 0 0 1 8 1 0 0 0 0 0 0 0 0 0 1 1 1 0 0 1 4 3 1 0 0 1 1 1 6 2 1 0 0 0 0 0 0 0 0 0 0 0 0 0 1 1 1 1 1 1 123 1 0 0 0 0 0 0 0 0 0 0 0 0 0 0 0 0 0 0 0 0 0 0 0 0 0 0 0 0 0 0 0 0 0 0 0 0 0 1 1 0 0 0 0 0 2 23 1 1 1 1 1 1 0 0 0 0 0 0 1 1 1 1 32 1 1 1 249 30 1 1 1 2 5 8 9 6 4 1 1 1 0 1 1 37 1 1 1 28 0 0 1 1 1 1 1 1 1 1 1 1 1 1 1 1 1 1 1 1 1 0 1 5 3 1 1 1 3 6 1 1 1 33 3 5 80 6 1 1 0 0 0 1 11 54 2 1 0 0 21 1 1 1 2 1 1 65 1 0 1 1 0 0 0 0 1 1 0 0 0 0 0 1 1 0 1 1 1 1 1 204 18 0 0 1 1 1 0 0 1 3 1 1 1 0 1 1 1 0 0 1 1 133 5 1 1 0 1 1 1 1 1 1 2 19 18 1 1 1 4 1 1 0 0 0 0 1 1 152 1 1 0 0 0 0 1 1 1 254 4 21 11 1 0 0 0 1 1 72 245 1 1 0 1 1 1 1 221 1 1 1 1 1 1 247
0 0 0 0 0 0 0 0 0 0 0 0 0 0 0 0 0 0 1 0 1 1 39 1 1 0 0 1 1 10 144 78 1 1 0 0 0 0 0 0 0 0 0 0 0 0 0 0 0 0 0 0 0 0 0 0 0 0 0 0 0 0 0 0 0 0 0 0 0 0 0 0 0 0 0 0 0 0 0 0 0 0 0 0 0 0 0 0 0 0 0 0 0 0 0 0 0 0 0 1 1 1 1 255 255 255 2 1 1 0 0 0 0 0 0 0 0 0 1 1 0 0 1 1 1 1 1 1 1 1 1 1 1 1 0 0 0 0 0 0 0 0 0 0 0 0 0 0 0 0 0 0 0 0 0 0 0 0 0 0 0 0 0 93 241 1 0 0 0 0 0 0 0 0 0 1 1 1 0 0 0 0 0 0 0 1 1 1 1 1 29 157 3 24 1 1 1 1 1 1 15 1 1 0 0 0 0 0 1 7 1 0 0 0 0 0 0 0 0 1 1 1 1 0 0 1 9 1 0 0 0 0 0 1 1 6 1 1 0 0 0 0 0 1 0 0 0 0 1 1 1 0 0 1 1 1 122 1 0 0 0 0 0 0 0 0 0 0 0 0 0 0 0 0 0 0 0 0 0 0 0 0 0 0 0 0 0 0 0 0 0 0 0 0 0 1 1 0 0 0 0 0 1 28 1 2 2 2 2 1 1 1 1 0 0 0 1 0 1 1 14 6 1 9 249 1 1 1 4 4 1 1 1 1 1 3 8 1 1 1 1 33 1 1 1 30 0 0 1 2 1 1 1 1 1 1 1 1 1 0 0 0 1 1 0 0 0 1 1 1 2 3 1 1 1 1 9 1 17 12 1 1 1 54 60 1 1 1 24 57 30 1 0 0 0 1 22 1 0 0 1 1 1 20 20 1 1 1 1 0 0 1 1 0 0 0 0 0 0 1 1 0 1 1 1 1 1 212 1 0 0 1 1 1 1 1 1 4 1 0 1 1 1 1 0 0 1 1 1 6 125 1 1 0 1 1 1 1 0 0 1 1 1 15 21 11 1 1 1 1 1 0 0 1 1 142 2 1 1 1 1 1 1 1 4 254 1 57 1 0 0 0 0 1 1 200 219 1 1 1 1 1 1 1 221 1 1 1 1 1 1 38
0 0 0 0 0 0 0 1 1 0 0 0 0 0 0 0 1 1 1 1 1 40 2 1 0 0 0 0 1 1 1 77 140 2 1 1 0 0 0 0 0 0 0 0 0 0 0 0 0 0 0 0 0 0 0 0 0 0 0 0 0 0 0 0 0 0 0 0 0 0 0 0 0 0 0 0 0 0 0 0 0 0 0 0 0 0 0 0 0 0 0 0 0 0 0 0 0 0 0 0 0 1 1 1 38 255 255 255 2 1 1 0 0 0 0 0 0 0 1 1 1 1 1 1 1 0 0 0 1 1 1 1 1 1 1 1 1 0 0 0 0 0 0 0 0 0 0 0 0 0 0 0 0 0 0 0 0 0 0 0 0 0 1 247 10 0 0 0 0 0 0 0 0 1 1 1 1 1 1 0 0 0 0 0 1 1 1 1 51 88 178 39 1 18 1 1 1 1 1 1 16 1 1 0 0 0 0 0 0 1 5 1 1 1 1 1 1 1 1 1 1 0 1 1 0 1 9 1 0 0 0 0 0 0 1 1 7 1 0 0 0 0 0 1 1 0 0 1 1 0 0 0 1 1 1 2 118 1 0 0 0 0 0 0 0 0 0 0 0 0 0 0 0 0 0 0 0 0 0 0 0 0 0 0 0 0 0 0 0 0 0 0 0 0 1 1 1 0 0 0 0 0 1 28 1 1 1 1 2 1 2 2 2 1 1 1 1 1 0 1 1 32 1 231 186 1 1 7 3 1 1 1 0 0 1 1 2 3 5 1 1 31 1 1 2 19 1 1 1 1 1 1 1 1 0 1 1 0 1 1 0 0 1 1 1 0 0 1 1 0 0 2 4 1 1 1 1 30 33 1 1 1 0 1 4 113 115 57 15 1 1 1 0 0 0 2 11 1 1 1 1 2 1 1 64 1 1 1 1 1 1 1 1 0 0 0 0 0 0 1 1 0 1 1 1 1 79 176 1 1 1 1 1 1 1 1 1 2 3 1 1 1 0 0 0 1 1 1 0 1 138 1 1 1 1 1 1 2 1 1 1 0 1 1 1 2 4 4 5 6 6 6 5 4 2 82 67 1 1 1 1 1 1 1 214 254 58 20 1 0 0 1 1 1 2 220 193 1 1 1 1 1 1 1 221 1 1 1 1 1 1 1
0 0 0 0 0 0 0 0 1 0 0 0 0 0 1 1 1 1 1 2 39 2 1 0 0 0 0 0 1 1 1 1 15 143 2 1 1 0 0 0 0 0 0 0 0 0 0 0 0 0 0 0 0 0 0 0 0 0 0 0 0 0 0 0 0 0 0 0 0 0 0 0 0 0 0 0 0 0 0 0 0 0 0 0 0 0 0 0 0 0 0 0 0 0 0 0 0 0 0 0 0 0 1 34 1 1 1 255 255 255 1 1 1 0 0 0 0 1 1 0 0 0 0 0 0 0 0 0 0 0 1 1 1 0 0 1 1 1 1 0 0 0 0 0 0 0 0 0 0 0 0 0 0 0 0 0 0 0 0 0 0 0 202 212 1 0 0 0 0 0 0 0 1 1 1 0 1 1 1 1 0 0 0 0 1 1 1 137 145 120 15 1 1 3 9 1 1 1 2 5 18 1 1 1 1 1 1 1 1 1 7 1 0 0 0 0 0 0 0 0 0 0 1 1 0 1 6 1 0 0 0 0 0 0 1 1 3 3 1 0 0 0 0 0 1 1 1 1 0 0 0 0 0 1 1 39 66 1 0 0 0 0 0 0 0 0 0 0 0 0 0 0 0 0 0 0 0 0 0 0 0 0 0 0 0 0 0 0 0 0 0 0 0 0 0 1 1 0 0 0 0 0 1 16 3 1 1 1 1 1 1 1 1 1 1 2 2 2 1 1 1 7 16 251 5 7 8 1 1 1 0 0 0 0 0 1 1 1 1 4 6 28 1 1 23 1 1 1 1 1 1 1 1 1 0 1 1 1 1 1 0 1 1 1 1 1 1 1 0 0 0 0 2 4 1 1 1 72 3 0 1 1 0 0 5 6 36 95 3 1 0 1 1 0 0 22 1 0 0 1 1 1 1 2 2 63 1 1 0 1 1 1 1 0 0 0 1 0 1 1 1 1 2 1 1 1 207 7 1 1 1 0 0 1 0 1 1 1 4 1 0 1 0 0 1 1 1 1 1 1 63 82 1 1 1 0 1 1 1 1 0 0 0 0 0 1 1 1 1 1 1 1 1 1 2 40 119 1 1 1 1 1 1 5 254 151 1 1 0 0 0 1 1 1 37 218 164 1 1 1 0 1 1 1 217 4 1 1 1 1 0 1
0 0 1 1 1 1 0 0 1 1 0 0 0 1 1 0 1 2 29 33 1 1 0 0 0 0 0 0 0 0 1 1 1 5 140 2 1 1 0 0 0 0 0 0 0 0 0 0 0 0 0 0 0 0 0 0 0 0 0 0 0 0 0 0 0 0 0 0 0 0 0 0 0 0 0 0 0 0 0 0 0 0 0 0 0 0 0 0 0 0 0 0 0 0 0 0 0 0 0 0 1 1 29 2 0 1 1 1 2 255 255 255 1 1 1 0 0 1 0 0 0 0 0 0 0 0 0 0 0 0 0 0 1 1 1 0 0 1 1 1 1 0 0 0 0 0 0 0 0 0 0 0 0 0 0 0 0 0 0 0 0 22 247 1 0 0 0 0 0 0 0 1 1 1 1 1 1 1 1 1 1 0 0 1 1 1 56 145 2 1 1 1 1 1 15 15 92 204 219 222 219 48 1 1 1 1 1 0 0 1 8 1 1 1 1 1 0 0 0 0 0 0 1 1 0 1 1 6 1 0 0 0 0 0 0 0 1 8 1 1 0 0 0 0 0 0 0 0 0 0 0 0 0 1 1 120 1 0 0 0 0 0 0 0 0 0 0 0 0 0 0 0 0 0 0 0 0 0 0 0 0 0 0 0 0 0 0 0 0 0 0 0 0 0 1 1 1 0 0 0 0 0 1 1 24 1 0 1 1 1 0 1 1 1 1 1 1 1 1 2 2 2 161 247 11 1 1 1 1 1 1 1 1 1 1 1 1 1 1 1 10 31 2 1 30 1 2 3 2 1 1 1 1 1 1 1 1 1 1 0 1 1 1 0 0 1 1 1 0 0 0 0 1 3 2 1 1 4 70 0 1 0 0 1 18 1 0 1 84 12 1 1 1 0 1 20 2 1 1 1 2 2 1 1 2 60 2 1 1 0 0 1 1 0 0 1 1 1 1 1 0 1 2 1 1 1 212 1 1 0 0 1 1 1 1 1 0 0 1 3 1 1 1 0 1 1 1 1 2 12 5 123 2 1 1 0 0 0 1 1 1 1 0 0 0 0 0 0 0 0 0 0 1 1 2 151 158 151 151 151 153 143 24 254 244 1 1 0 0 0 0 1 1 1 174 76 218 24 1 1 1 1 1 1 195 83 1 1 1 1 0 1
0 0 0 0 1 1 0 0 1 1 0 0 0 1 3 30 46 38 3 1 0 0 0 0 0 0 0 0 0 0 0 1 1 1 9 135 1 1 1 0 0 0 0 0 0 0 0 0 0 0 0 0 0 0 0 0 0 0 0 0 0 0 0 0 0 0 0 0 0 0 0 0 0 0 0 0 0 0 0 0 0 0 0 0 0 0 0 0 0 0 0 0 0 0 0 0 0 0 0 1 1 19 5 0 0 0 0 1 1 1 3 255 255 255 1 1 1 1 0 0 0 0 0 0 0 0 0 0 0 0 0 0 0 0 1 1 1 0 0 1 1 1 0 0 0 0 0 0 0 0 0 0 0 0 0 0 0 0 0 0 1 241 103 1 0 0 0 0 0 0 1 1 1 1 1 1 1 0 1 1 1 1 1 1 1 1 174 5 1 1 1 2 14 145 211 219 194 49 3 2 20 212 176 2 1 1 1 0 0 1 7 1 1 0 0 0 0 0 0 0 0 0 0 1 1 1 2 4 1 0 0 0 0 0 0 0 1 2 5 1 1 0 0 0 0 0 0 0 0 0 0 0 0 1 23 82 1 0 0 0 0 0 0 0 0 0 0 0 0 0 0 0 0 0 0 0 0 0 0 0 0 0 0 0 0 0 0 0 0 0 0 0 0 0 1 1 0 0 0 0 0 0 0 1 29 1 0 1 1 0 0 0 0 0 0 1 1 1 1 1 1 5 249 121 3 2 2 1 1 1 1 1 1 1 0 0 1 1 0 1 17 1 8 4 35 1 4 1 1 1 1 1 1 1 1 0 1 1 1 1 1 1 1 0 0 1 1 0 0 0 0 0 0 1 5 1 1 1 93 1 1 0 1 21 1 0 0 0 1 69 10 1 1 1 11 1 1 1 1 1 1 1 1 2 5 1 69 1 1 1 0 1 1 1 1 1 1 1 1 0 1 1 2 1 1 6 207 1 0 0 0 0 0 1 1 1 1 0 1 1 3 1 1 1 1 1 3 11 6 1 1 3 120 1 1 0 0 0 0 1 1 1 1 1 0 0 0 0 0 0 0 1 1 2 180 187 11 1 1 1 14 251 254 234 1 1 1 0 0 0 0 1 1 30 182 62 228 5 45 55 39 3 6 44 107 193 1 1 1 1 1 1
0 0 0 0 0 1 1 1 1 0 0 1 26 45 31 3 1 1 0 0 0 0 0 0 0 0 0 0 0 0 0 0 1 1 1 15 127 1 1 1 0 0 0 0 0 0 0 0 0 0 0 0 0 0 0 0 0 0 0 0 0 0 0 0 0 0 0 0 0 0 0 0 0 0 0 0 0 0 0 0 0 0 0 0 0 0 0 0 0 0 0 0 0 0 0 0 0 0 1 1 23 6 0 0 0 0 0 0 1 1 1 1 5 255 255 255 1 1 1 1 1 0 0 0 0 0 0 0 0 0 0 0 0 0 0 0 1 1 1 1 1 1 1 0 0 0 0 0 0 0 0 0 0 0 0 0 0 0 0 0 191 220 1 0 0 0 0 0 0 0 1 1 1 1 1 1 1 1 1 1 1 2 2 2 6 107 139 2 4 69 192 214 210 154 12 1 1 1 1 1 1 1 140 219 60 1 1 1 0 1 4 2 1 0 0 0 0 0 0 0 0 0 0 1 1 1 6 1 1 0 0 0 0 0 0 0 0 1 5 2 1 1 0 0 0 0 0 0 0 0 0 0 1 1 120 1 0 0 0 0 0 0 0 0 0 0 0 0 0 0 0 0 0 0 0 0 0 0 0 0 0 0 0 0 0 0 0 0 0 0 0 0 0 1 1 0 0 0 0 0 0 0 0 1 30 1 0 1 1 0 0 0 0 0 0 0 0 1 1 1 5 19 249 45 4 1 1 1 2 2 3 2 1 1 1 1 1 1 1 5 4 1 2 2 28 36 2 1 0 1 1 2 1 0 0 1 1 1 0 1 1 1 0 0 1 1 0 0 0 0 0 0 0 0 1 6 1 1 93 1 1 0 9 2 0 0 0 1 0 1 79 5 0 3 3 0 0 0 0 0 1 1 0 0 1 5 29 20 1 1 0 0 1 1 1 1 0 1 1 1 1 1 1 1 1 174 83 1 0 0 0 0 1 1 1 1 1 1 1 1 2 2 1 4 8 10 4 1 1 0 0 1 20 98 1 1 1 0 0 0 1 1 1 1 1 1 0 0 0 0 1 1 1 1 1 1 1 1 13 251 255 251 51 1 1 0 0 1 1 0 0 1 1 193 25 195 193 3 1 1 3 36 35 11 7 182 206 34 1 1 1 1
0 0 0 0 0 0 1 1 0 1 4 45 4 1 1 0 0 0 0 0 0 0 0 0 0 0 0 0 0 0 0 0 0 0 1 1 29 112 1 1 1 0 0 0 0 0 0 0 0 0 0 0 0 0 0 0 0 0 0 0 0 0 0 0 0 0 0 0 0 0 0 0 0 0 0 0 0 0 0 0 0 0 0 0 0 0 0 0 0 0 0 0 0 0 0 0 0 1 1 27 3 1 0 0 0 0 0 0 0 0 1 1 1 1 9 255 255 255 1 1 1 1 1 1 0 0 0 0 0 0 0 0 0 0 0 0 0 0 1 1 1 1 1 1 1 0 0 0 0 0 0 0 0 0 0 0 0 0 0 54 244 1 0 0 0 0 0 0 0 0 1 1 1 1 1 1 1 3 2 3 6 12 140 167 174 136 144 211 215 195 75 3 1 1 1 1 1 1 1 1 1 1 1 10 209 181 3 1 1 1 1 6 1 0 0 0 0 0 0 0 0 0 0 0 1 1 5 2 1 0 0 0 0 0 0 0 0 1 1 6 1 1 1 0 0 0 0 0 0 0 0 0 1 30 75 1 0 0 0 0 0 0 0 0 0 0 0 0 0 0 0 0 0 0 0 0 0 0 0 0 0 0 0 0 0 0 0 0 0 0 0 0 1 1 0 0 0 0 0 0 0 1 1 4 12 1 0 1 1 0 0 0 0 0 0 0 0 1 1 6 2 223 189 2 50 1 1 1 1 1 1 1 1 2 2 2 3 1 1 16 1 1 1 1 3 75 1 1 0 0 0 1 2 1 1 1 1 0 0 1 1 1 0 1 1 1 0 0 0 0 0 0 0 0 0 1 9 1 91 1 1 3 7 1 0 0 1 1 1 1 1 93 1 10 1 0 0 1 1 0 1 0 0 0 1 3 1 68 1 1 1 1 1 1 1 0 1 1 1 1 1 2 1 1 1 212 1 0 0 0 0 0 1 1 0 1 1 1 0 1 1 10 33 5 1 1 1 1 1 1 1 1 1 54 68 1 1 1 0 0 1 1 0 1 1 1 1 1 1 1 1 1 1 0 1 1 1 241 255 251 53 1 1 1 1 0 0 1 1 1 1 1 3 215 201 37 88 73 1 1 2 5 3 1 1 1 3 201 16 1 1 1
0 0 0 0 0 0 0 1 1 22 26 1 1 0 0 0 0 0 0 0 0 0 0 0 0 0 0 0 0 0 0 0 0 0 1 1 1 40 104 1 1 1 0 0 0 0 0 0 0 0 0 0 0 0 0 0 0 0 0 0 0 0 0 0 0 0 0 0 0 0 0 0 0 0 0 0 0 0 0 0 0 0 0 0 0 0 0 0 0 0 0 0 0 0 0 1 1 1 30 3 0 0 0 0 0 0 0 0 0 0 0 0 1 1 1 1 13 255 255 255 1 1 1 1 1 0 0 0 0 0 0 0 0 0 0 0 0 0 1 1 0 1 1 1 1 0 0 0 0 0 0 0 0 0 0 0 0 0 2 244 51 1 0 0 0 0 0 0 0 1 1 1 1 2 100 118 178 175 175 175 166 161 52 39 218 215 160 14 2 1 1 1 1 1 1 1 1 1 1 1 1 1 1 1 1 133 221 69 1 1 1 7 1 0 0 0 0 0 0 0 0 0 0 0 1 1 1 7 1 0 0 0 0 0 0 0 1 1 1 1 6 1 1 1 0 0 0 0 0 0 0 1 1 120 1 0 0 0 0 0 0 0 0 0 0 0 0 0 0 0 0 0 0 0 0 0 0 0 0 0 0 0 0 0 0 0 0 0 0 0 0 0 1 0 0 0 0 0 0 0 0 1 1 27 1 0 0 1 1 1 0 0 0 0 0 0 1 1 7 1 2 249 4 1 32 8 1 1 1 0 0 1 1 1 1 1 1 2 11 8 2 2 1 1 1 73 1 0 0 0 0 0 1 1 1 1 0 0 1 1 0 1 1 1 1 0 0 0 0 0 0 0 0 0 0 0 1 50 40 1 1 20 1 0 0 0 1 0 0 1 1 2 110 2 0 0 0 0 1 1 1 1 0 0 1 2 1 3 59 1 0 1 1 1 1 1 1 1 1 1 2 1 0 1 3 209 1 1 0 0 0 1 1 1 0 1 1 1 1 7 9 3 5 3 1 1 0 1 1 1 1 1 1 1 68 99 1 1 1 0 1 1 0 0 1 1 1 1 1 1 0 0 0 0 1 1 248 254 71 1 1 1 1 1 0 0 1 1 1 1 1 1 124 237 2 1 8 143 4 4 2 1 1 1 1 1 1 2 206 1 1 1
0 0 0 0 0 0 0 1 42 6 1 0 0 0 0 0 0 0 0 0 0 0 0 0 0 0 0 0 0 0 0 0 0 0 0 1 1 1 57 85 1 1 1 1 1 1 1 0 0 0 0 0 0 0 0 0 0 0 0 0 0 0 0 0 0 0 0 0 0 0 0 0 0 0 0 0 0 0 0 0 0 0 0 0 0 0 0 0 0 0 0 0 0 0 0 1 1 32 2 0 0 0 0 0 0 0 0 0 0 0 0 0 0 0 1 1 1 1 19 255 255 255 1 1 1 1 1 1 1 1 0 0 0 0 0 0 0 0 1 0 0 0 0 1 1 1 0 0 0 0 0 0 0 0 0 0 0 1 218 192 1 0 0 0 0 0 0 0 0 0 1 1 1 166 124 100 3 2 2 1 1 1 43 215 53 31 4 1 1 1 1 1 1 1 1 1 1 1 1 0 0 1 1 1 1 1 7 205 189 3 1 6 1 0 0 0 0 0 0 0 0 0 0 0 1 1 1 9 1 0 0 0 0 0 0 1 1 1 0 1 1 7 1 1 0 0 0 0 0 0 1 1 55 50 1 0 0 0 0 0 0 0 0 0 0 0 0 0 0 0 0 0 0 0 0 0 0 0 0 0 0 0 0 0 0 0 0 1 1 0 0 1 1 0 0 0 0 0 0 1 1 1 7 7 1 0 1 1 1 1 0 0 0 0 0 1 1 7 1 1 128 237 1 1 1 56 1 1 1 0 0 0 0 0 1 1 1 1 12 1 1 1 2 2 41 23 1 0 0 0 0 0 0 1 1 1 1 1 1 0 1 1 1 1 0 0 0 0 0 0 0 0 0 0 0 0 1 113 1 1 1 3 10 1 0 0 1 0 0 0 1 1 33 72 1 0 0 1 1 1 1 1 0 0 1 2 1 1 27 19 1 0 0 1 0 1 1 1 1 2 1 0 1 1 180 69 1 0 1 0 1 1 1 1 1 1 1 3 9 1 1 0 1 2 4 1 1 1 1 1 0 0 0 0 1 20 133 49 1 1 1 1 0 0 0 0 0 0 0 0 0 0 0 0 1 133 255 13 1 1 1 0 1 1 1 1 1 1 1 1 1 1 230 151 1 1 5 116 9 1 1 1 1 0 1 1 1 1 191 36 1 1
0 0 0 0 0 1 2 42 1 1 0 0 0 0 0 0 0 0 0 0 0 0 0 0 0 0 0 0 0 0 0 0 0 0 0 1 1 1 1 79 62 1 1 1 9 54 1 1 1 0 0 0 0 0 0 0 0 0 0 0 0 0 0 0 0 0 0 0 0 0 0 0 0 0 0 0 0 0 0 0 0 0 0 0 0 0 0 0 0 0 0 0 0 0 1 1 30 2 0 0 0 0 0 0 0 0 0 0 0 0 0 0 0 0 1 1 1 1 1 1 29 255 255 255 1 1 1 0 0 1 1 1 0 0 0 0 0 1 1 0 0 0 0 0 0 1 1 1 1 0 0 0 0 0 0 0 1 111 241 1 0 0 0 0 0 0 0 0 0 0 1 1 106 121 1 1 1 1 1 1 1 60 212 10 1 1 17 7 1 1 1 1 1 1 1 1 1 1 1 1 1 1 1 1 1 1 1 1 117 221 99 4 3 1 1 0 0 0 0 0 0 0 0 0 0 1 1 8 1 0 0 0 0 1 1 1 0 0 0 1 1 1 7 1 1 0 0 0 1 1 1 37 105 1 0 0 0 0 0 0 0 0 0 0 0 0 0 0 0 0 0 0 0 0 0 0 0 0 0 0 0 0 0 0 0 1 1 1 1 1 1 1 0 0 0 0 0 0 0 1 1 1 27 1 1 0 1 1 1 1 0 0 1 1 1 1 7 1 1 1 247 48 1 1 1 26 12 1 1 1 0 0 0 0 1 0 1 6 2 1 1 1 1 1 88 1 1 0 0 0 0 0 0 0 0 1 1 1 1 1 1 1 1 0 0 0 0 0 0 0 0 0 0 0 0 0 1 116 1 1 1 1 8 2 0 0 1 0 0 0 1 1 1 97 5 1 1 1 0 1 0 0 1 0 1 1 0 1 1 59 2 0 0 2 1 1 1 1 1 1 0 0 1 1 209 1 1 1 1 1 1 1 1 1 1 1 5 6 1 1 1 0 0 1 1 3 3 1 1 0 0 0 0 0 0 1 1 78 131 6 1 1 0 0 0 0 0 0 0 0 0 0 0 0 1 254 247 1 1 1 1 1 1 1 1 1 1 1 1 1 1 36 243 5 1 1 2 58 70 1 1 1 0 0 1 1 1 1 2 206 1 1
0 0 0 0 1 3 38 1 1 0 0 0 0 0 0 0 0 0 0 0 0 0 0 0 0 0 0 0 0 0 0 0 0 0 0 0 1 0 1 1 108 31 4 100 129 76 121 1 1 1 0 0 0 0 0 0 0 0 0 0 0 0 0 0 0 0 0 0 0 0 0 0 0 0 0 0 0 0 0 0 0 0 0 0 0 0 0 0 0 0 0 0 0 0 1 27 3 0 0 0 0 0 0 0 0 0 0 0 0 0 0 0 0 1 1 0 0 0 1 1 1 1 52 255 255 255 1 1 1 0 0 1 1 0 0 0 0 1 0 0 0 0 0 0 0 1 0 0 1 1 1 1 0 0 0 0 13 244 6 1 0 0 0 0 0 0 0 0 1 1 1 1 176 3 1 1 1 1 1 1 85 212 6 1 1 1 1 11 13 1 1 1 1 1 1 1 1 1 1 1 1 1 1 1 1 1 1 1 1 3 196 204 25 1 1 1 1 0 0 0 0 0 0 0 0 1 1 4 3 1 0 0 1 1 1 0 0 0 0 1 1 1 1 6 1 1 0 1 1 8 110 68 1 0 0 0 0 0 0 0 0 0 0 0 0 0 0 0 0 0 0 0 0 0 0 0 0 0 0 0 0 0 0 0 0 1 1 1 1 1 1 1 0 0 0 0 0 0 1 1 1 12 4 1 0 0 1 1 1 0 0 1 1 1 2 6 1 1 1 13 249 1 1 1 1 1 54 1 0 1 1 0 0 0 1 1 1 13 1 0 0 0 1 10 60 1 0 0 0 0 0 0 0 0 0 0 1 1 1 1 1 1 1 0 0 0 0 0 0 0 0 0 0 0 0 1 1 117 1 1 1 0 1 15 1 1 1 0 0 0 1 2 1 1 112 1 1 1 0 1 1 1 1 1 2 1 0 0 1 1 67 1 0 2 0 1 1 1 1 0 0 1 1 171 83 1 1 3 74 178 203 203 175 97 10 10 2 1 1 1 0 0 0 0 1 1 1 4 1 1 1 0 0 0 1 1 1 1 3 124 103 1 1 1 1 1 1 0 0 0 0 1 1 0 1 254 206 1 1 1 1 1 1 3 5 2 1 5 11 15 21 178 221 1 1 0 1 4 128 2 1 0 0 0 1 1 1 1 1 209 1 1
0 0 0 1 4 35 1 1 0 0 0 1 0 0 0 0 0 0 0 0 0 0 0 0 0 0 0 0 0 0 0 0 0 0 0 0 1 1 1 1 1 128 137 35 1 1 15 131 1 1 1 0 0 0 0 0 0 0 0 0 0 0 0 0 0 0 0 0 0 0 0 0 0 0 0 0 0 0 0 0 0 0 0 0 0 0 0 0 0 0 0 0 0 2 34 2 0 0 0 0 0 0 0 0 0 0 0 0 0 0 0 0 1 1 1 0 0 0 0 0 1 1 1 1 73 255 255 255 1 1 1 0 1 1 1 0 1 1 0 0 0 0 0 0 0 1 0 0 0 0 0 1 1 1 0 9 238 126 1 0 0 0 0 0 0 0 0 0 1 1 1 1 179 1 1 1 1 1 3 168 203 4 1 1 1 1 1 1 4 21 1 1 1 1 1 1 1 1 1 1 1 1 1 1 1 1 1 1 1 1 1 73 224 139 1 1 1 1 1 1 1 0 0 0 0 0 1 1 9 1 1 1 1 0 0 0 0 1 1 1 1 0 1 2 4 1 1 1 9 105 4 1 0 0 0 0 0 0 1 1 1 0 0 0 0 0 0 0 0 0 0 0 0 0 0 0 0 0 0 0 0 0 0 0 0 0 0 0 1 1 1 1 0 0 0 0 0 0 1 1 1 26 1 1 0 0 1 1 1 1 0 1 1 4 4 1 1 1 1 223 194 1 1 0 0 1 60 1 0 0 1 0 0 0 1 1 13 1 0 0 0 0 1 86 1 1 0 0 0 0 0 0 0 0 0 0 0 0 1 1 1 1 0 0 0 0 0 0 0 0 0 0 0 0 0 1 1 119 1 1 1 1 3 11 1 0 1 0 0 0 1 1 1 1 38 51 1 1 1 1 1 1 1 1 2 1 0 1 1 1 2 64 1 2 1 1 1 3 1 0 1 1 158 237 222 228 228 225 209 142 86 90 137 201 222 222 219 161 10 1 1 1 0 1 1 1 1 1 3 3 1 1 0 0 1 1 1 1 1 1 26 137 124 12 1 1 1 1 1 1 1 1 1 1 1 254 231 1 1 1 1 4 6 2 1 14 22 3 1 1 1 228 107 1 1 0 1 5 105 19 1 0 0 0 0 1 1 1 1 188 42 1
0 0 1 4 33 1 1 0 0 1 1 0 0 0 0 0 0 0 0 0 0 0 0 0 0 0 0 0 0 0 0 0 0 0 0 0 0 0 0 1 1 1 1 1 1 1 1 26 131 3 1 0 0 0 0 0 0 0 0 0 0 0 0 0 0 0 0 0 0 0 0 0 0 0 0 0 0 0 0 0 0 0 0 0 0 0 0 0 0 0 0 1 71 116 9 1 1 0 0 0 0 0 0 0 0 0 0 0 0 0 0 0 1 1 0 0 0 0 0 0 0 0 1 1 1 1 117 255 255 255 1 1 1 0 1 0 1 0 0 0 0 0 0 0 0 1 0 0 0 0 0 0 0 1 57 244 129 1 0 0 0 0 0 0 0 0 0 1 1 1 1 25 160 1 1 1 1 94 218 154 2 1 1 1 1 1 1 1 1 2 27 2 1 1 0 0 0 0 1 0 0 1 1 0 0 0 0 1 1 1 1 1 2 185 217 12 1 1 1 0 1 1 1 1 0 0 1 1 9 1 1 1 1 0 0 0 1 1 1 1 0 0 0 1 4 2 1 1 107 2 1 0 0 0 0 0 0 1 1 0 1 1 0 0 0 0 0 0 0 0 0 0 0 0 0 0 0 0 0 0 0 0 0 0 0 0 0 0 1 1 0 0 0 0 0 0 0 1 1 1 16 2 1 0 0 0 1 1 1 1 1 1 5 3 1 1 1 1 2 249 4 1 1 0 0 1 56 1 1 0 1 0 0 0 1 1 15 1 0 0 0 1 4 76 1 1 0 0 0 0 0 0 0 0 0 0 0 0 0 1 1 0 0 0 0 0 0 0 0 0 0 0 0 0 0 1 1 106 3 1 1 13 5 1 0 0 1 1 1 1 2 1 1 0 1 102 2 1 1 0 0 0 1 1 3 1 1 1 0 1 1 4 59 2 1 1 3 28 64 8 6 185 240 117 10 1 1 1 1 1 1 1 1 1 1 1 4 143 218 224 222 187 20 1 1 1 1 1 1 1 5 2 1 1 0 1 1 0 1 1 1 1 8 118 143 146 146 148 153 154 155 155 149 21 1 251 251 1 1 1 4 1 1 1 1 6 1 2 5 3 4 240 16 1 1 0 1 5 16 104 1 0 0 0 0 1 0 1 1 1 206 1
0 1 8 30 1 1 1 1 1 1 0 0 0 0 0 0 0 0 0 0 0 0 0 0 0 0 0 0 0 0 0 0 0 0 0 0 0 0 0 0 1 1 1 1 1 1 1 1 9 137 22 1 1 0 0 0 0 0 0 0 0 0 0 0 0 0 0 0 0 0 0 0 0 0 0 0 0 0 0 0 0 0 0 0 0 0 0 0 0 1 34 104 10 1 55 6 1 0 0 0 0 0 0 0 0 0 0 0 0 0 0 0 1 1 0 0 0 0 0 0 0 0 0 0 1 1 1 1 152 255 255 255 1 1 1 1 1 0 0 0 0 0 0 0 0 1 1 0 0 0 0 0 1 155 244 37 1 0 1 1 0 0 0 0 0 0 1 1 1 1 3 169 5 1 1 2 175 198 9 1 1 1 1 1 1 1 1 1 1 1 1 22 5 1 1 1 1 1 0 1 1 0 0 0 0 0 0 0 1 1 1 1 1 1 43 224 160 1 1 1 1 0 0 1 1 1 1 1 8 1 0 0 1 1 1 1 1 1 1 0 0 0 0 1 1 6 1 82 8 1 1 0 0 0 0 0 1 1 1 1 1 2 1 0 0 0 0 0 0 0 0 0 0 0 0 0 0 0 0 0 0 0 0 0 0 0 0 0 0 1 0 0 0 0 0 0 0 1 1 1 23 1 1 1 0 0 1 0 1 1 1 7 2 1 1 1 1 1 105 242 1 1 1 0 0 1 38 5 1 0 1 0 0 1 1 12 1 0 0 0 0 1 79 3 1 1 1 0 0 0 0 0 0 0 0 0 0 0 0 0 0 0 0 0 0 0 0 0 0 0 0 0 0 0 0 1 0 35 77 14 12 1 0 1 1 0 1 1 1 1 1 0 0 0 1 1 108 1 0 0 0 1 1 1 3 1 0 1 1 0 1 1 8 100 106 100 88 47 9 158 212 234 14 1 1 1 1 1 0 0 1 1 1 1 1 0 1 1 1 1 2 110 216 224 222 199 43 1 1 1 1 2 5 2 1 1 1 1 0 1 1 1 1 1 1 1 1 1 1 1 1 1 2 137 28 8 254 202 1 1 2 1 1 1 1 5 1 1 1 1 58 239 9 1 1 1 1 5 1 123 5 1 0 0 0 1 1 1 1 1 147 109
1 11 21 1 1 1 0 1 1 0 0 0 0 0 0 0 0 0 0 0 0 0 0 0 0 0 0 0 0 0 0 0 0 0 0 0 0 0 0 0 0 0 1 1 0 1 1 1 1 1 106 94 1 1 0 0 0 0 0 0 0 0 0 0 0 0 0 0 0 0 0 0 0 0 0 0 0 0 0 0 0 0 0 0 0 0 0 1 5 111 45 1 1 1 1 62 5 1 0 0 0 0 0 0 0 0 0 0 0 0 0 1 1 0 0 0 0 0 0 0 0 0 0 0 0 1 1 1 1 1 181 255 255 249 1 1 1 1 1 0 0 0 0 0 0 0 1 1 0 0 0 1 216 232 1 2 0 0 0 1 1 1 1 1 0 1 1 1 1 1 149 43 1 1 2 175 156 2 1 1 1 1 1 1 1 1 1 1 1 1 1 1 12 11 1 1 1 1 1 1 0 0 0 0 0 0 0 0 0 0 0 1 1 1 1 1 167 223 28 1 1 1 1 0 0 1 1 1 4 2 0 0 1 1 0 0 0 1 0 0 0 0 0 0 1 1 21 89 1 0 1 0 0 0 0 1 1 0 1 1 17 13 6 1 1 1 0 0 0 0 0 0 0 0 0 1 1 1 0 0 0 0 0 0 0 0 0 0 1 1 0 0 0 0 0 0 0 1 1 19 2 1 1 1 0 0 1 1 1 1 10 2 1 1 0 1 1 1 247 53 1 1 1 0 0 1 6 34 1 1 1 0 0 1 1 12 1 0 0 0 1 2 85 1 1 1 0 0 0 0 0 0 0 0 0 0 0 0 0 0 0 0 0 0 0 0 0 0 0 0 0 0 0 0 1 1 1 3 143 1 1 1 1 0 1 0 0 1 1 2 1 0 0 0 0 1 41 46 1 0 1 1 1 1 3 1 1 4 6 6 6 6 11 5 1 1 1 1 135 231 225 6 1 3 2 1 1 0 0 0 1 1 0 0 1 1 0 0 0 0 0 1 1 1 1 79 208 222 223 210 92 2 1 2 5 4 1 1 1 1 0 0 0 0 0 0 0 0 0 1 1 1 1 35 225 141 216 254 221 3 2 1 1 5 5 12 2 1 1 1 45 221 50 1 1 1 1 4 1 99 25 1 0 0 0 0 1 1 1 1 1 208
16 16 1 1 1 0 0 0 0 0 0 0 0 0 0 0 0 0 0 0 0 0 0 0 0 0 0 0 0 0 0 0 0 0 0 0 0 0 0 0 0 0 0 0 0 0 1 1 1 1 1 78 66 1 1 0 0 0 0 0 0 0 0 0 0 0 0 0 0 0 0 0 0 0 0 0 0 0 0 0 0 0 0 0 0 0 1 53 92 1 1 1 1 1 1 1 71 3 1 0 0 0 0 0 0 0 0 0 0 0 0 1 1 0 0 0 0 0 0 0 0 0 0 0 0 0 0 1 1 1 1 1 205 255 255 240 1 1 1 0 0 0 0 0 0 0 0 1 1 1 5 238 200 1 1 2 0 0 0 0 0 0 0 1 1 1 0 1 1 2 176 1 1 2 144 180 1 1 1 1 1 1 1 1 0 1 1 1 0 0 1 1 1 6 21 1 1 1 1 0 0 0 0 0 0 0 0 0 0 0 0 0 0 0 1 1 2 77 229 192 2 1 1 1 1 1 0 1 1 8 0 1 1 0 0 0 0 0 0 0 0 0 0 0 1 1 74 31 1 1 0 0 0 0 0 1 1 1 1 16 1 1 6 6 1 1 0 0 0 0 0 0 0 0 0 0 1 1 1 1 1 0 0 0 0 0 0 0 1 0 0 0 0 0 0 0 1 1 1 22 1 1 1 1 0 1 1 1 1 10 1 1 1 1 1 1 1 6 249 1 1 1 1 0 0 1 1 55 1 1 0 0 1 1 15 1 0 0 0 0 1 68 6 1 1 0 0 0 0 0 0 0 0 0 0 0 0 0 0 0 0 0 0 0 0 0 0 0 0 0 0 0 0 1 1 1 1 2 143 1 1 1 1 1 1 1 1 1 1 1 0 0 0 0 0 1 1 100 2 1 1 3 8 10 15 6 3 1 1 1 0 1 1 6 1 1 1 167 240 148 35 1 0 1 1 3 1 1 0 1 1 1 0 0 0 1 1 0 0 0 0 0 0 0 1 1 1 1 1 43 199 223 224 218 131 8 4 6 4 1 1 1 1 1 1 1 1 1 1 1 1 1 196 255 255 255 255 254 247 238 240 237 237 237 234 231 221 204 191 167 131 204 220 73 37 5 1 2 1 9 109 1 1 0 0 0 1 1 1 1 1 206
10 1 0 0 0 0 0 0 0 0 0 0 0 0 0 0 0 0 0 0 0 0 0 0 0 0 0 0 0 0 0 0 0 0 0 0 0 0 0 0 0 0 0 0 0 0 0 1 1 1 1 114 8 1 1 1 1 1 1 1 1 0 0 0 0 0 0 0 0 0 0 0 0 0 0 0 0 0 0 0 0 0 0 0 0 1 92 29 1 1 1 0 0 0 0 0 1 74 3 1 0 0 0 0 0 0 0 0 0 0 1 1 1 0 0 0 0 0 0 0 0 0 0 0 0 0 0 0 0 1 1 1 1 1 228 255 255 231 1 1 1 1 0 0 0 0 0 0 1 5 238 149 1 1 1 2 0 1 1 0 0 0 0 0 1 1 1 1 1 126 81 1 3 173 186 2 1 1 1 1 1 1 1 0 1 1 1 0 0 0 0 1 1 1 2 26 2 1 1 1 1 0 0 0 0 0 0 0 0 0 0 0 1 1 1 22 37 2 1 162 232 88 1 1 1 1 1 1 1 9 1 1 1 1 0 0 0 0 0 0 0 0 0 1 1 7 49 2 18 1 1 1 0 0 1 1 1 1 9 4 1 1 1 7 6 1 1 1 0 0 1 1 1 1 0 0 0 0 1 0 1 1 1 0 0 0 0 0 0 0 0 0 0 0 0 0 1 1 19 2 1 0 0 1 1 1 1 2 9 1 1 1 1 1 1 1 1 222 201 1 1 1 1 1 1 1 1 59 1 1 0 0 1 2 11 1 0 0 0 1 1 89 1 1 1 0 0 0 0 0 0 0 0 0 0 0 0 0 0 0 0 0 0 0 0 0 0 0 0 0 0 0 1 1 1 1 1 1 143 1 1 1 0 1 1 1 2 3 3 2 2 2 2 2 2 2 3 68 117 10 8 3 1 1 1 1 1 0 0 0 0 0 1 1 1 3 226 240 29 22 2 1 0 1 1 1 1 2 1 1 1 0 0 0 0 1 1 1 0 0 0 0 0 0 0 1 1 1 1 1 1 1 1 9 175 220 223 223 198 58 6 6 5 3 1 1 1 1 1 1 1 225 255 82 1 1 1 1 2 4 9 42 29 29 28 42 99 153 181 198 202 201 248 211 163 102 46 8 1 1 116 10 1 0 0 0 0 1 0 1 1 165
1 0 0 0 0 0 0 0 0 0 0 0 0 0 0 0 0 0 0 0 0 0 0 0 0 0 0 0 0 0 0 0 0 0 0 0 0 0 0 0 0 0 0 0 0 0 1 1 0 1 3 128 1 1 1 0 1 0 1 1 1 1 1 1 0 0 0 0 0 0 0 0 0 0 0 0 0 0 0 0 0 0 0 0 2 110 5 1 1 0 1 1 1 1 0 0 0 1 80 1 0 0 0 0 0 0 0 0 0 0 1 1 0 0 0 0 0 0 0 0 0 0 0 0 0 0 0 0 0 0 0 1 1 1 1 1 240 255 255 225 1 1 1 1 1 1 0 0 1 235 159 1 1 1 1 2 0 1 0 0 0 0 0 0 1 1 1 1 58 145 1 23 215 148 1 1 1 1 1 1 1 1 1 1 1 1 1 0 0 0 1 1 1 1 1 1 20 5 1 1 1 1 0 0 0 0 0 0 0 0 1 1 1 16 41 5 1 1 1 1 5 223 226 45 2 1 1 1 1 4 51 31 12 1 1 1 0 1 1 0 0 1 1 1 1 74 1 1 3 20 2 1 1 1 1 1 1 3 9 1 0 0 0 1 8 5 1 1 1 1 1 1 1 1 1 0 1 1 2 18 6 1 1 1 1 0 0 0 0 0 0 0 0 0 0 0 1 1 22 1 1 1 1 1 1 1 3 8 1 1 1 1 1 1 1 1 1 249 4 1 1 0 0 0 1 1 1 59 1 0 0 1 1 15 1 0 0 0 0 1 50 16 1 1 0 0 0 0 0 0 0 0 0 0 0 0 0 0 0 0 0 0 0 0 0 0 0 0 0 0 0 0 1 0 1 1 1 6 141 3 3 3 3 3 3 3 3 1 1 1 1 1 1 1 6 53 43 1 20 55 1 0 0 1 1 0 1 1 1 1 0 1 1 1 117 249 210 1 19 7 1 1 0 0 1 1 1 1 4 1 1 0 0 0 0 0 1 1 1 0 0 0 0 0 0 0 1 1 1 1 0 1 1 1 1 1 1 1 94 210 223 222 185 26 3 3 3 4 5 29 254 255 59 4 4 4 3 3 16 36 36 11 1 1 1 1 1 1 1 1 1 12 127 205 108 127 90 91 10 1 101 24 1 0 0 0 0 1 1 1 1 10
0 0 0 0 0 0 0 0 0 0 0 0 0 0 0 0 0 0 0 0 0 0 0 0 0 0 0 0 0 0 0 0 0 0 0 0 0 0 0 0 0 0 0 0 0 0 1 1 1 1 88 31 1 1 1 1 0 0 0 0 0 0 1 1 1 1 0 0 0 0 0 0 0 0 0 0 0 0 0 0 0 0 1 8 105 1 1 1 0 0 0 0 1 1 1 1 1 1 1 78 1 0 0 0 0 0 0 0 0 0 1 1 0 0 0 0 0 0 0 0 0 0 0 0 0 0 0 0 0 0 0 0 1 1 1 1 1 1 243 255 255 220 1 1 1 1 0 1 182 229 1 1 1 1 0 2 1 1 0 0 0 0 1 1 1 1 5 92 149 2 68 216 30 1 1 1 1 1 1 1 1 0 1 1 0 1 1 0 0 1 1 0 0 1 1 1 1 11 11 1 1 1 1 1 1 1 1 1 1 1 2 34 41 8 1 1 0 0 1 1 1 6 76 231 236 236 235 234 231 227 218 66 6 28 30 4 1 1 1 1 1 1 1 2 67 15 1 0 1 1 17 25 8 1 1 1 1 18 1 0 0 0 1 1 1 8 5 1 1 1 1 1 1 1 1 1 4 23 16 2 7 26 16 1 1 1 1 1 0 0 0 0 0 0 0 1 1 18 2 1 1 1 1 1 1 4 6 1 1 1 1 1 1 0 1 1 79 244 1 1 1 0 0 0 0 1 1 53 2 1 1 1 2 7 1 0 0 0 0 1 91 1 1 1 0 0 0 0 0 0 0 0 0 0 0 0 0 0 0 0 0 0 0 0 0 0 0 0 0 0 0 1 1 0 1 0 1 109 40 1 1 1 1 1 1 1 1 2 1 0 1 1 45 61 29 1 1 1 1 6 70 1 0 1 1 0 0 1 1 1 1 1 74 243 246 73 1 11 2 6 1 0 0 1 1 0 0 1 1 2 3 1 1 0 0 0 0 1 1 1 0 0 0 0 0 1 1 0 1 1 1 0 1 1 1 1 1 0 1 1 1 8 144 220 225 222 185 126 254 255 249 2 1 1 1 1 3 37 10 1 1 13 1 1 0 0 0 0 1 1 1 1 1 124 201 30 67 64 82 11 33 81 2 1 0 0 0 0 1 1 1 1
0 0 0 0 0 0 0 0 0 0 0 0 0 0 0 0 0 0 0 0 0 0 0 0 0 0 0 0 0 0 0 0 0 0 0 0 0 0 0 0 0 0 0 0 0 0 1 0 1 1 138 2 1 1 1 1 0 0 0 0 0 0 0 0 1 1 0 0 0 0 0 0 0 0 0 0 0 0 0 0 0 1 24 87 1 1 1 0 0 0 0 0 0 1 1 1 0 0 1 13 41 1 0 0 0 0 0 0 0 1 1 1 0 0 0 0 0 0 0 0 0 0 0 0 0 0 0 0 0 0 0 0 0 1 1 1 1 1 1 1 248 255 255 211 1 1 0 19 248 1 1 0 1 1 1 1 1 1 0 0 1 2 8 3 1 66 135 128 3 107 210 5 1 1 1 1 0 1 1 1 1 1 1 0 0 1 1 0 0 1 0 0 0 0 1 1 1 1 6 20 1 1 1 1 1 1 1 1 2 30 33 2 1 1 1 0 0 0 0 1 1 3 1 1 1 4 7 12 29 66 122 218 185 1 1 15 11 1 1 1 1 1 38 73 4 1 0 0 0 0 1 1 5 22 21 5 11 3 0 0 0 0 1 1 0 1 7 6 2 2 3 4 8 11 15 23 9 1 1 1 1 1 2 22 20 2 1 1 1 1 0 0 0 0 0 1 1 23 1 1 1 1 1 2 9 6 1 1 1 1 0 0 0 0 1 1 244 75 1 1 1 1 0 0 0 0 1 46 4 1 1 1 15 1 1 0 0 0 1 3 77 1 1 0 0 0 0 0 0 0 0 0 0 0 0 0 0 0 0 0 0 0 0 0 0 0 0 0 0 0 1 1 0 1 1 1 20 41 37 6 1 1 1 1 0 0 0 1 3 25 61 54 2 1 1 1 1 1 0 0 2 79 2 1 0 1 1 1 1 1 135 246 249 159 1 1 8 2 1 1 4 2 0 1 1 0 0 2 1 0 1 2 3 1 0 0 0 0 1 1 1 0 0 0 1 1 0 0 0 0 1 1 1 1 1 1 1 0 1 3 64 55 35 52 64 77 178 255 251 2 9 24 1 1 1 16 24 1 1 0 1 14 1 1 0 0 0 1 1 1 1 68 89 195 198 1 104 8 34 86 5 108 16 1 0 0 0 0 1 0 1 1
0 0 0 0 0 0 0 0 0 0 0 0 0 0 0 0 0 0 0 0 0 0 0 0 0 0 0 0 0 0 0 0 0 0 0 0 0 0 0 0 0 0 0 0 0 1 1 0 0 3 135 1 1 1 1 0 0 0 0 0 0 0 0 0 0 1 0 0 0 0 0 0 0 0 0 0 0 0 0 0 1 48 63 1 1 1 0 0 0 0 0 0 0 0 0 1 1 0 0 1 80 1 1 0 0 0 0 0 0 1 1 0 0 0 0 0 0 0 0 0 0 0 0 0 0 0 0 0 0 0 0 0 0 0 0 1 1 1 1 1 1 1 251 255 255 1 1 233 173 1 0 0 1 1 1 1 2 1 1 1 1 8 1 3 38 121 56 46 207 196 3 1 1 1 1 1 1 1 1 1 1 1 1 0 0 1 1 0 1 1 0 0 0 0 1 1 1 2 2 6 35 2 1 1 1 1 1 25 36 3 1 1 1 1 1 1 0 0 0 1 4 1 1 1 1 1 1 1 1 1 1 1 175 162 1 1 10 5 1 1 3 76 23 1 1 0 0 0 0 1 1 1 1 1 1 8 5 1 0 0 0 1 1 0 0 1 1 6 17 14 12 10 5 3 2 1 1 1 1 1 0 0 1 1 2 16 23 9 1 1 1 1 1 0 1 1 17 2 1 0 1 3 4 7 2 1 1 1 0 0 0 0 0 0 1 6 249 2 1 1 1 1 0 0 0 0 1 51 2 1 1 3 7 1 1 0 0 0 1 69 6 1 1 0 0 0 0 0 0 0 0 0 0 0 0 0 0 0 0 0 0 0 0 0 0 0 0 0 0 1 1 0 0 1 1 16 50 2 1 31 9 1 0 0 0 0 1 4 82 24 1 1 1 1 1 0 1 1 0 0 0 1 73 12 1 1 1 8 204 249 246 113 1 1 1 2 5 1 1 1 1 3 2 1 0 0 1 1 0 0 0 0 1 2 2 1 0 0 0 1 1 1 0 0 1 1 0 0 0 1 1 1 1 1 0 1 1 2 58 47 1 1 1 0 1 1 232 254 1 1 1 57 3 5 37 5 1 1 1 1 1 14 1 0 0 0 0 1 1 134 230 215 211 154 1 1 7 95 2 76 64 85 35 1 0 0 0 0 1 1 1 1
0 0 0 0 0 0 0 0 0 0 0 0 0 0 0 0 0 0 0 0 0 0 0 0 0 0 0 0 0 0 0 0 0 0 0 0 0 0 0 0 0 0 0 0 0 1 0 0 0 1 120 77 2 1 1 1 1 1 1 0 0 0 0 0 0 1 1 0 0 0 0 0 0 0 0 0 0 0 0 1 56 41 1 1 0 1 0 0 0 0 0 0 0 0 0 0 0 1 0 0 2 70 1 0 0 0 0 0 0 1 1 0 0 0 0 0 0 0 0 0 0 0 0 0 0 0 0 0 0 0 0 0 0 0 0 0 1 1 1 1 0 1 1 1 255 255 91 244 1 1 0 0 0 0 0 1 2 1 0 0 1 7 1 1 54 44 202 218 66 1 1 1 1 1 1 1 1 1 1 0 1 1 1 1 0 1 1 1 1 0 0 1 1 2 2 2 1 1 1 1 1 30 5 1 1 18 38 4 1 1 0 0 0 1 1 0 1 0 1 1 4 1 1 1 1 1 1 1 1 1 1 1 1 224 19 1 1 10 5 14 72 2 1 1 0 0 0 0 1 1 0 1 1 1 1 1 1 1 1 0 1 1 0 0 1 1 1 1 1 1 1 1 1 1 0 0 0 1 1 0 0 0 0 1 1 1 1 4 21 17 2 1 1 1 1 1 22 1 0 1 2 3 3 1 1 1 1 1 1 0 0 0 0 1 1 209 216 1 1 1 0 1 1 0 1 1 1 56 1 1 1 14 1 1 1 1 1 1 1 91 1 1 1 0 0 0 0 0 0 0 0 0 0 0 0 0 0 0 0 0 0 0 0 0 0 0 0 0 0 1 0 0 1 2 67 25 1 3 1 1 26 11 1 0 0 0 2 74 1 1 1 1 1 1 0 1 1 0 0 0 0 1 1 58 39 174 229 249 232 26 1 1 1 1 2 1 1 4 4 1 1 1 3 2 0 1 1 1 0 0 0 0 0 0 1 3 1 0 0 0 1 1 1 0 0 1 1 1 1 1 1 1 1 1 1 4 70 48 1 1 1 1 1 1 1 214 254 4 1 1 1 2 22 17 1 1 1 1 1 0 0 8 1 1 0 1 1 1 178 198 1 1 1 1 1 1 1 91 15 2 114 87 41 12 1 0 0 0 0 1 1 2
0 0 0 0 0 0 0 0 0 0 0 0 0 0 0 0 0 0 0 0 0 0 0 0 0 0 0 0 0 0 0 0 0 0 0 0 0 0 0 0 0 0 0 0 0 0 0 0 0 0 1 46 133 32 1 1 1 1 1 1 1 0 0 0 0 0 1 1 0 0 0 0 0 0 0 0 0 0 1 37 48 1 0 0 1 1 0 0 0 0 0 0 0 0 0 0 0 0 1 1 1 65 3 1 0 0 0 0 1 1 0 0 0 0 0 0 0 0 0 0 0 0 0 0 0 0 0 0 0 0 0 0 0 0 0 0 0 1 1 1 1 1 1 1 254 255 247 105 12 1 1 1 0 0 0 2 1 1 1 1 1 9 1 1 47 207 186 5 1 1 1 1 1 1 1 1 1 1 1 1 1 1 1 1 1 1 1 1 1 2 2 2 1 1 1 1 1 0 0 0 1 1 21 37 37 5 1 1 0 0 0 0 0 1 1 1 1 1 1 1 4 1 0 0 0 0 1 0 0 1 1 1 1 28 223 1 1 1 68 51 1 1 0 0 0 0 0 1 1 1 1 1 1 1 0 0 1 2 1 0 1 1 0 0 1 1 1 0 0 0 0 0 0 0 0 0 0 1 1 0 0 0 0 0 1 1 0 0 1 1 14 22 4 1 1 12 2 1 0 1 6 2 1 1 1 0 0 1 1 1 0 0 1 1 2 249 8 1 1 1 0 1 1 1 1 0 1 59 1 1 3 5 1 1 1 1 1 1 2 85 1 1 0 0 0 0 0 0 0 0 0 0 0 0 0 0 0 0 0 0 0 0 0 0 0 0 0 0 1 1 0 1 1 64 1 1 0 1 4 1 1 23 14 1 1 1 80 1 0 0 1 1 1 1 1 1 0 0 1 1 0 1 1 166 246 246 207 3 1 1 0 1 1 2 1 1 0 1 1 5 3 1 1 2 3 1 1 0 0 0 0 0 0 1 1 1 3 1 0 0 0 1 1 0 0 0 0 1 1 1 1 1 0 1 37 47 1 1 1 1 1 1 1 1 226 254 6 1 1 1 2 1 1 0 0 1 1 0 0 0 0 13 1 1 1 1 1 162 186 1 1 1 1 1 1 1 1 3 100 2 80 101 50 25 5 1 1 0 1 2 2 1
0 0 0 0 0 0 0 0 0 0 0 0 0 0 0 0 0 0 0 0 0 0 0 0 0 0 0 0 0 0 0 0 0 0 0 0 0 0 0 0 0 0 0 0 1 0 0 0 0 0 1 1 2 94 130 17 1 1 1 1 1 1 1 1 1 1 1 1 1 1 0 0 0 0 0 0 0 0 3 98 1 0 0 1 1 0 0 0 0 0 0 0 0 0 0 0 0 0 0 1 0 1 79 1 0 0 0 0 1 1 0 0 0 0 0 0 0 0 0 0 0 0 0 0 0 0 0 0 0 0 0 0 0 0 0 0 0 0 1 1 1 1 1 11 255 254 219 1 1 11 12 1 1 0 1 1 0 0 0 0 1 11 1 1 39 241 2 1 1 2 1 1 1 1 1 1 1 1 0 1 1 1 1 1 2 3 2 2 1 1 1 1 0 0 0 0 0 0 0 1 1 1 2 3 2 1 1 0 0 0 0 0 0 0 1 1 1 1 1 1 4 1 1 1 1 1 1 0 0 0 0 1 1 1 184 148 1 1 101 1 1 1 0 0 0 0 1 1 1 1 1 1 0 0 0 0 0 1 2 1 1 0 0 0 1 1 0 0 0 0 0 0 0 0 0 0 0 1 1 0 0 0 0 0 1 1 0 0 0 0 1 1 5 15 10 27 1 1 1 5 3 1 1 1 1 0 0 0 1 1 1 1 1 1 81 244 1 1 1 0 1 1 1 1 0 0 1 62 1 1 15 1 1 0 0 0 1 1 62 9 1 1 0 0 0 0 0 0 0 0 0 0 0 0 0 0 0 0 0 0 0 0 0 0 0 0 0 1 1 0 1 1 41 6 1 1 1 1 1 4 1 1 19 19 1 8 54 1 1 1 1 1 0 1 1 1 0 0 0 1 1 5 232 246 188 21 49 1 0 1 1 0 1 1 1 0 0 0 1 1 3 3 1 1 4 2 1 0 0 0 0 0 0 1 0 0 1 3 1 0 0 0 1 1 0 1 1 1 1 1 0 0 1 50 13 1 1 1 1 1 0 1 1 237 254 2 1 1 1 1 2 0 0 0 1 1 1 1 0 0 1 13 1 1 1 1 73 216 1 1 1 1 1 1 1 0 1 1 68 30 15 124 58 28 13 1 2 2 2 1 1 1
0 0 0 0 0 0 0 0 0 0 0 0 0 0 0 0 0 0 0 0 0 0 0 0 0 0 0 0 0 0 0 0 0 0 0 0 0 0 0 0 0 0 0 0 1 0 0 0 0 0 0 1 1 1 3 110 105 11 1 1 1 1 1 0 0 1 0 0 1 1 1 1 0 0 0 0 0 1 112 1 0 0 1 1 0 0 0 0 0 0 0 0 0 0 0 0 0 0 0 0 0 1 47 8 1 0 0 0 1 1 0 0 0 0 0 0 0 0 0 0 0 0 0 0 0 0 0 0 0 0 0 0 0 0 0 0 0 0 0 0 1 1 255 255 255 244 2 1 1 1 1 11 10 1 1 1 0 0 0 0 1 11 1 1 225 163 1 1 1 1 2 1 1 1 1 1 1 1 1 1 2 2 2 2 1 1 1 1 1 0 0 0 0 0 0 0 0 1 1 1 2 1 1 1 1 2 1 1 0 0 0 0 0 0 1 1 1 1 0 1 4 1 1 0 0 0 0 0 0 0 0 1 1 1 1 227 3 24 44 2 1 1 0 0 0 1 1 1 1 1 0 0 0 0 0 0 0 0 1 3 1 0 0 0 1 1 0 0 0 0 0 0 0 0 0 0 1 1 1 0 0 0 0 0 1 1 0 0 0 0 0 0 1 1 4 9 4 4 8 15 1 1 1 1 1 0 1 0 0 1 1 1 1 1 242 102 1 1 1 1 1 0 0 1 1 0 1 63 1 4 4 1 0 0 0 0 1 3 77 1 1 1 0 0 0 0 0 0 0 0 0 0 0 0 0 0 0 0 0 0 0 0 0 0 0 0 0 1 0 0 1 16 27 1 1 0 1 1 0 1 4 1 1 14 24 89 1 1 1 1 1 0 0 0 0 1 1 0 1 1 99 249 213 1 1 1 7 60 1 0 1 1 2 1 1 0 1 1 1 1 1 5 1 1 2 1 1 1 1 0 0 0 0 0 0 0 0 1 3 1 0 0 0 1 1 1 1 0 0 0 1 2 54 1 1 1 1 1 1 0 1 1 241 254 1 1 1 1 1 2 1 1 1 1 1 0 1 1 1 1 6 2 0 0 1 7 226 3 1 1 1 1 1 1 1 1 1 0 1 106 3 112 102 35 7 1 1 1 0 0 0 1
0 0 0 0 0 0 0 0 0 0 0 0 0 0 0 0 0 0 0 0 0 0 0 0 0 0 0 0 0 0 0 0 0 0 0 0 0 0 0 0 0 0 0 1 1 0 0 0 0 0 0 0 0 1 1 1 24 105 93 5 1 1 1 1 0 1 0 0 0 0 1 1 1 1 1 1 1 82 14 0 1 1 1 0 0 0 0 0 0 0 0 0 0 0 0 0 0 0 0 0 0 0 1 76 1 0 1 1 33 45 27 3 1 1 0 0 0 0 0 0 0 0 0 0 0 0 0 0 0 0 0 0 0 0 0 0 0 0 0 0 1 255 255 60 244 31 1 1 1 1 0 1 1 20 32 1 1 1 1 0 1 11 1 3 243 3 1 1 1 0 1 1 2 1 1 1 1 2 2 2 1 1 1 1 1 1 1 1 1 1 0 0 0 0 0 1 1 1 2 1 1 0 1 1 1 1 2 1 1 0 0 0 0 1 1 1 1 1 0 0 2 2 1 1 1 0 0 0 0 0 0 0 1 1 1 57 217 37 1 49 1 1 1 0 1 1 1 1 1 0 0 0 0 0 0 0 0 0 1 1 2 1 0 1 1 1 0 0 0 0 0 0 0 0 0 0 1 1 0 0 0 0 1 1 1 1 0 0 0 0 0 0 0 1 4 1 1 3 5 2 1 2 3 3 3 2 1 1 1 1 1 1 1 9 249 2 1 1 1 0 0 0 0 0 1 1 1 63 1 15 1 0 0 0 1 1 1 79 3 1 1 1 0 0 0 0 0 0 0 0 0 0 0 0 0 0 0 0 0 0 0 0 0 0 0 0 1 1 0 1 3 51 1 0 1 1 0 1 1 1 1 4 1 1 104 52 1 1 1 0 0 0 0 0 0 1 1 1 1 181 249 77 1 0 1 1 1 4 57 1 1 2 1 0 1 1 1 1 0 0 0 1 5 5 1 0 0 1 1 1 0 0 0 0 0 0 0 1 1 3 1 1 1 1 1 0 0 0 0 1 24 42 1 1 1 1 1 0 0 1 1 238 254 1 1 1 1 1 1 1 1 1 1 1 0 1 1 1 1 1 13 1 0 1 1 219 53 4 11 6 1 1 1 1 1 1 1 0 1 30 66 121 162 14 4 1 0 0 0 0 1 1
0 0 0 0 0 0 0 0 0 0 0 0 0 0 0 0 0 0 0 0 0 0 0 0 0 0 0 0 0 0 0 0 0 0 0 0 0 0 0 0 0 0 0 1 0 0 0 0 0 0 0 0 0 0 0 1 1 3 30 126 108 3 1 1 1 1 1 0 0 0 0 0 0 0 1 1 90 19 0 1 1 0 0 0 0 0 0 0 0 0 0 0 0 0 0 0 0 0 0 0 0 0 1 81 1 20 47 40 3 1 3 26 46 46 19 1 0 0 0 0 0 0 0 0 0 0 0 0 0 0 0 0 0 0 0 0 0 0 0 0 1 255 255 242 115 1 1 1 1 1 1 1 1 7 5 34 32 2 1 1 1 10 1 214 184 1 1 1 1 1 1 1 3 7 4 2 1 1 1 0 0 0 1 1 1 0 0 1 1 1 1 0 0 1 1 1 2 1 1 0 0 0 0 1 0 1 1 2 1 1 0 0 1 1 1 1 1 1 0 0 1 2 3 1 1 1 0 0 0 0 0 0 1 1 1 1 155 221 4 2 46 1 1 1 1 1 1 0 0 0 0 0 0 0 0 0 0 1 1 0 1 1 1 1 1 0 0 0 0 0 0 0 0 0 0 0 1 1 0 0 1 1 1 1 1 1 1 0 0 0 0 0 1 1 4 1 5 2 1 2 1 1 1 1 1 1 2 3 3 3 3 3 3 194 225 1 1 1 0 0 0 0 0 0 1 1 1 64 6 3 1 0 1 1 1 1 9 62 1 1 0 1 0 0 0 0 0 0 0 0 0 0 0 0 0 0 0 0 0 0 0 0 0 0 0 1 1 0 1 1 64 1 0 0 0 1 1 1 1 1 1 1 4 1 153 21 14 1 1 1 0 0 0 0 0 0 1 1 208 243 4 1 1 1 1 1 0 1 12 39 1 1 0 1 1 1 1 1 1 0 0 1 6 5 1 0 0 0 1 1 1 0 1 0 0 0 1 1 1 1 3 1 1 1 0 0 1 1 34 56 10 1 0 1 1 1 0 0 0 1 206 254 1 1 1 1 1 1 1 1 1 1 1 0 0 0 1 1 1 10 1 1 1 1 204 137 11 2 1 1 9 7 1 1 1 1 1 0 0 1 61 74 139 40 1 2 1 1 1 1 1 1
0 0 0 0 0 0 0 0 0 0 0 0 0 0 0 0 0 0 0 0 0 0 0 0 0 0 0 0 0 0 0 0 0 0 0 0 0 0 0 0 0 0 1 1 0 0 0 0 0 0 0 0 0 0 0 0 1 1 1 1 15 132 65 2 1 1 1 1 0 0 0 0 1 1 10 112 9 1 1 1 0 0 0 0 0 0 0 0 0 0 0 0 0 0 0 0 0 0 0 0 0 0 1 74 47 6 1 1 0 0 0 0 0 1 6 44 40 2 1 0 0 0 0 0 0 0 0 0 0 0 0 0 0 0 0 0 0 0 1 1 35 255 255 255 23 1 1 1 1 1 1 1 1 12 1 1 2 37 41 3 1 10 57 240 2 1 1 1 2 4 4 3 1 1 1 2 1 1 1 0 0 1 1 1 0 0 0 0 0 1 1 1 1 1 2 1 1 0 0 0 0 0 0 1 0 0 1 1 1 2 1 1 1 1 0 0 1 1 0 0 0 1 1 4 1 1 1 0 0 0 0 0 1 1 1 1 1 65 226 190 6 33 1 1 1 1 0 0 0 0 0 0 0 0 0 0 1 1 1 0 0 1 1 1 1 0 0 0 0 0 0 0 0 0 0 0 1 1 0 1 1 1 1 1 1 1 1 0 0 0 0 1 1 3 1 7 2 1 0 1 2 1 1 1 1 1 0 1 1 1 1 1 3 249 44 5 4 3 2 1 1 1 1 1 1 1 1 66 14 1 1 1 1 1 1 1 86 1 1 1 0 1 0 0 0 0 0 0 0 0 0 0 0 0 0 0 0 0 0 0 0 0 0 0 1 1 0 1 1 1 63 1 0 0 0 0 1 1 1 6 5 1 2 136 34 1 3 27 2 1 1 0 0 0 0 1 1 208 238 1 1 1 1 1 1 0 0 1 5 69 14 1 1 1 1 1 1 1 1 0 0 3 2 1 3 0 0 0 0 1 1 1 1 0 1 1 1 0 0 1 1 3 1 0 1 4 54 54 4 1 0 0 0 1 1 0 1 1 1 81 255 8 1 0 0 1 1 1 1 0 1 1 1 0 1 1 1 0 6 2 1 1 1 212 105 1 1 0 0 0 1 1 8 1 1 1 1 0 0 1 6 45 116 120 2 2 1 1 1 1 1 1
0 0 0 0 0 0 0 0 0 0 0 0 0 0 0 0 0 0 0 0 0 0 0 0 0 0 0 0 0 0 0 0 0 0 0 0 0 0 0 0 0 0 1 0 0 0 0 0 0 0 0 0 0 0 0 0 0 1 1 1 1 1 57 130 97 3 1 1 1 1 0 1 1 9 93 1 1 1 1 0 0 0 0 0 0 0 0 0 0 0 0 0 0 0 0 0 0 0 0 0 0 0 0 23 1 1 0 0 0 0 0 0 0 0 0 1 1 33 45 16 1 1 0 0 0 0 0 0 0 0 0 0 0 0 0 0 1 1 30 160 171 205 255 255 1 1 1 1 1 1 1 1 5 4 1 1 1 1 2 31 46 66 243 53 3 5 5 3 2 1 1 1 1 0 0 1 2 2 1 1 1 1 1 0 0 0 0 0 0 1 1 1 2 1 1 1 1 1 0 0 0 0 0 1 1 0 1 1 1 1 2 1 1 0 0 0 1 1 1 0 0 0 1 1 2 3 1 1 1 0 0 0 0 1 1 0 0 1 1 132 229 112 17 1 1 0 0 0 0 0 0 0 0 0 0 0 1 1 0 0 0 0 1 1 1 0 0 0 0 0 0 0 0 0 0 1 1 1 0 1 1 1 1 1 1 1 1 0 0 0 1 1 1 6 8 1 1 1 0 1 2 1 1 1 0 0 0 0 1 1 1 1 51 247 1 1 1 1 2 2 4 4 4 4 2 1 1 93 2 1 1 0 0 1 1 27 40 1 1 1 1 1 0 0 0 0 0 0 0 0 0 0 0 0 0 0 0 0 0 0 0 0 0 0 1 0 0 1 1 41 6 1 1 1 1 1 48 152 160 142 142 154 150 53 1 0 1 1 19 6 1 1 1 0 1 1 193 240 6 2 1 1 0 0 0 0 1 8 4 1 38 3 1 1 0 1 1 1 1 1 1 5 1 1 5 1 0 0 0 0 1 1 1 1 1 1 0 0 1 1 0 1 2 17 58 37 1 1 0 0 0 0 1 1 1 1 1 1 2 254 117 1 0 0 1 1 1 1 1 0 1 1 1 1 1 1 0 0 13 1 1 1 210 74 1 0 0 1 1 1 1 1 2 5 1 1 1 0 0 1 1 47 107 138 2 2 1 1 1 1 1 1
0 0 0 0 0 0 0 0 0 0 0 0 0 0 0 0 0 0 0 0 0 0 0 0 0 0 0 0 0 0 0 0 0 0 0 0 0 0 0 0 0 1 1 0 0 0 0 0 0 0 0 0 0 0 0 0 0 0 0 1 1 1 1 1 26 127 52 1 1 1 0 1 1 112 1 1 1 0 0 0 0 0 0 0 0 0 0 0 0 0 0 0 0 0 0 0 0 0 0 0 0 0 0 1 24 1 0 0 0 0 0 0 0 0 0 0 0 1 1 6 43 41 3 1 1 1 1 0 0 0 0 0 0 0 1 7 131 188 174 56 1 1 255 254 1 1 1 1 1 1 1 1 2 11 1 3 5 12 75 247 255 255 255 253 22 2 1 1 1 1 1 1 1 1 1 0 1 1 2 1 1 1 0 0 0 0 0 1 1 1 2 1 1 1 0 0 0 1 1 1 0 0 0 1 1 0 0 1 1 1 1 2 1 1 1 0 0 1 1 0 0 0 0 1 1 1 4 1 1 1 0 0 0 1 1 1 0 0 1 1 1 227 100 3 1 1 0 0 0 0 0 0 0 0 0 1 1 1 0 1 1 0 1 2 1 0 0 0 0 0 0 0 0 0 0 1 1 1 1 1 1 1 1 1 1 1 1 0 0 1 1 0 1 17 1 1 0 0 0 0 1 3 1 0 0 0 0 1 1 1 1 1 235 145 1 1 0 0 0 0 0 1 1 1 1 2 4 109 1 1 0 0 0 1 1 86 1 1 1 0 1 0 0 0 0 0 0 0 0 0 0 0 0 0 0 0 0 0 0 0 0 0 0 1 1 0 1 1 1 68 1 1 1 8 139 158 102 1 1 1 1 1 1 2 1 1 1 0 1 8 21 1 1 1 1 168 246 3 3 2 4 1 1 1 1 0 2 9 1 1 1 39 1 0 0 0 1 1 0 1 5 1 1 1 5 1 0 0 0 0 0 1 1 1 1 0 1 1 0 0 1 4 44 19 1 1 1 1 0 0 1 1 1 1 1 1 1 1 254 223 1 1 0 1 1 1 1 1 1 1 0 1 1 1 0 0 0 0 3 4 1 186 133 1 1 1 1 1 1 1 1 1 1 9 1 1 1 0 0 0 1 1 106 118 82 3 1 1 1 1 4 1
0 0 0 0 0 0 0 0 0 0 0 0 0 0 0 0 0 0 0 0 0 0 0 0 0 0 0 0 0 0 0 0 0 0 0 0 0 0 0 0 0 1 0 0 0 0 0 0 0 0 0 0 0 0 0 0 0 0 0 0 0 1 1 1 1 1 72 123 6 1 1 1 11 79 1 0 0 0 0 0 0 0 0 0 0 0 0 0 0 0 0 0 0 0 0 0 0 0 0 0 0 0 0 1 30 1 1 0 0 0 0 0 0 0 0 0 0 0 0 0 0 1 25 43 20 1 1 1 0 1 1 1 3 104 186 184 109 3 1 1 1 1 255 255 255 4 1 1 1 1 1 1 1 3 90 241 255 255 255 255 250 95 195 255 255 255 33 2 1 1 1 1 1 1 1 1 1 0 1 2 2 1 1 1 0 0 1 1 2 1 1 0 0 0 0 0 0 0 0 0 0 0 0 1 1 0 0 1 1 1 0 1 2 1 1 1 0 1 1 1 0 0 0 0 0 1 1 3 3 1 1 0 0 0 1 1 0 1 1 0 1 23 223 41 40 1 1 1 0 1 1 0 0 0 0 1 1 1 1 1 1 1 1 1 2 1 0 0 0 0 0 0 0 0 0 1 1 1 1 1 1 1 1 0 0 1 1 1 1 1 0 1 16 1 1 0 0 0 0 0 1 1 1 1 0 1 1 1 1 1 1 6 249 3 1 1 0 1 0 0 0 0 0 1 1 1 3 24 53 2 1 1 1 1 54 14 1 1 1 1 1 0 0 0 0 0 0 0 0 0 0 0 0 0 0 0 0 0 0 0 0 0 1 1 0 1 1 1 7 43 3 133 167 145 7 1 1 1 1 1 1 1 1 2 1 1 1 0 0 1 1 25 3 1 174 246 7 5 1 1 1 4 1 1 1 1 17 1 1 1 0 12 10 1 0 0 0 1 0 1 5 1 0 1 2 1 0 0 0 0 1 1 1 0 1 1 1 0 0 1 38 24 1 1 1 1 1 1 1 1 1 1 1 1 0 1 1 251 251 1 1 0 1 1 1 1 1 0 0 1 1 1 1 1 0 0 0 0 1 13 4 225 1 1 1 1 1 0 1 1 1 1 0 1 8 1 1 1 0 0 1 1 20 137 137 3 1 1 1 8 8 2
0 0 0 0 0 0 0 0 0 0 0 0 0 0 0 0 0 0 0 0 0 0 0 0 0 0 0 0 0 0 0 0 0 0 0 0 0 0 0 0 1 1 0 0 0 0 0 0 0 0 0 0 0 0 0 0 0 0 0 0 0 0 0 0 1 1 1 5 113 83 1 1 103 1 0 0 0 0 0 0 0 0 0 0 0 0 0 0 0 0 0 0 0 0 0 0 0 0 0 0 0 0 0 0 11 5 1 1 0 0 0 0 0 0 0 0 0 0 0 0 0 0 0 1 4 41 39 2 1 2 73 182 186 135 5 1 1 1 1 1 1 222 233 76 255 255 255 35 2 2 42 241 255 255 255 255 254 50 3 1 1 1 2 2 117 255 255 255 69 3 1 1 1 1 1 1 1 1 1 1 1 2 1 1 1 1 1 2 1 0 0 0 0 0 0 0 0 0 0 0 0 0 0 1 1 0 1 1 1 1 0 0 1 2 1 1 1 0 1 1 0 0 0 0 0 0 1 1 1 4 1 1 1 0 1 1 1 1 1 0 1 1 228 1 2 50 30 1 1 1 1 1 0 0 1 1 1 1 1 1 1 20 44 41 40 35 3 2 2 1 1 1 1 1 1 1 1 1 1 1 0 0 0 1 1 1 1 1 1 1 2 3 4 1 0 0 0 0 0 1 2 1 1 1 1 1 1 1 1 1 1 186 226 1 1 0 0 1 0 0 0 1 1 1 1 1 5 3 1 48 11 1 1 2 82 1 1 1 0 0 1 1 0 0 0 0 0 0 0 0 0 0 0 0 0 0 0 0 0 0 0 1 1 0 1 1 1 37 154 167 157 27 1 1 2 1 1 0 1 0 0 0 1 2 1 0 1 1 0 0 1 1 83 214 232 71 1 2 0 0 1 1 2 3 1 1 12 1 1 1 0 1 25 4 1 0 0 1 1 6 1 1 1 0 1 4 0 0 1 1 1 1 1 1 1 0 0 1 4 41 1 1 1 1 1 1 1 1 1 1 1 1 0 1 1 1 231 254 1 1 1 1 1 1 0 1 1 1 1 1 1 1 1 1 1 0 1 1 0 5 217 58 1 1 1 1 1 0 1 1 1 1 0 1 10 1 1 1 0 0 1 1 1 129 137 36 3 4 7 1 1 5
0 0 0 0 0 0 0 0 0 0 0 0 0 0 0 0 0 0 0 0 0 0 0 0 0 0 0 0 0 0 0 0 0 0 0 0 0 1 1 0 1 0 0 0 0 0 0 0 0 0 0 0 0 0 0 0 0 0 0 0 0 0 0 0 0 1 1 1 1 39 95 86 17 1 0 0 0 0 0 0 0 0 0 0 0 0 0 0 0 0 0 0 0 0 0 0 0 0 0 0 0 0 0 0 1 29 1 1 1 0 0 0 0 0 0 0 0 0 0 0 0 0 0 0 0 0 1 51 175 190 153 10 1 1 1 1 1 1 0 0 1 254 1 1 1 8 255 255 255 255 255 255 254 151 40 1 1 1 1 1 1 1 2 1 1 2 75 255 255 255 112 4 1 1 1 1 1 1 1 1 1 1 1 1 1 2 1 1 0 0 0 0 0 0 0 0 0 0 0 0 0 0 0 1 1 1 1 1 0 1 1 0 0 1 1 2 1 1 1 1 0 0 0 0 0 0 0 0 1 1 2 3 1 1 0 1 1 1 1 1 1 1 228 1 1 1 6 53 12 1 1 1 1 1 1 1 0 0 1 1 16 10 1 1 1 5 25 1 1 1 2 2 2 2 2 2 1 1 1 0 0 0 0 0 1 1 1 1 1 3 2 1 3 1 0 0 0 0 0 1 2 1 1 2 1 1 1 1 1 1 2 249 18 1 1 0 1 1 0 0 1 1 1 0 1 3 2 2 1 1 32 30 1 66 7 1 1 1 0 0 1 1 1 0 0 0 0 0 0 0 0 0 0 0 0 0 0 0 0 0 0 1 0 1 1 2 193 189 72 1 1 1 1 1 1 2 1 1 1 0 0 1 2 1 0 0 0 1 1 0 1 1 216 205 164 1 5 1 1 0 0 1 1 1 4 20 1 1 1 1 1 0 1 25 5 1 1 1 1 4 1 0 1 1 1 5 1 1 1 1 1 1 1 1 0 1 1 27 25 1 0 1 1 1 1 0 0 0 1 1 0 0 0 1 1 144 254 3 1 1 1 1 1 1 1 1 1 1 1 1 0 1 1 0 1 1 1 1 1 1 234 1 1 1 1 1 1 0 1 1 1 1 0 0 1 6 1 1 1 0 1 0 1 3 159 140 9 2 1 1 1 2
0 0 0 0 0 0 0 0 0 0 0 0 0 0 0 0 0 0 0 0 0 0 0 0 0 0 0 0 0 0 0 0 0 0 0 0 0 0 1 1 1 0 0 0 0 0 0 0 0 0 0 0 0 0 0 0 0 0 0 0 0 0 0 0 0 1 0 1 1 1 118 4 1 1 0 0 0 0 0 0 0 0 0 0 0 0 0 0 0 0 0 0 0 0 0 0 0 0 0 0 0 0 0 0 0 4 13 1 1 0 0 0 0 0 0 0 0 0 0 0 0 0 0 0 1 121 162 158 30 2 2 2 1 1 1 1 1 1 0 1 70 254 1 1 1 1 1 3 255 255 5 1 6 73 148 148 85 2 1 1 1 1 1 1 1 1 1 1 49 255 255 255 159 7 1 1 1 1 1 1 1 1 1 1 2 1 0 1 1 0 0 0 0 0 0 0 0 0 0 0 0 0 0 1 1 1 1 1 1 0 1 0 0 0 0 1 2 1 1 1 1 0 0 0 0 0 0 0 0 1 1 1 4 2 1 1 1 1 0 1 1 1 228 1 1 1 1 1 19 52 20 1 1 1 1 1 0 0 1 6 22 1 1 1 1 1 7 16 1 1 1 1 1 1 1 1 1 0 0 0 0 0 0 0 0 1 1 1 4 1 1 1 3 1 0 0 0 0 1 2 1 1 1 1 1 1 1 1 1 1 59 247 1 1 0 1 1 1 1 1 1 1 0 1 1 4 2 2 1 1 1 12 55 92 1 1 1 1 0 0 1 0 1 0 0 0 0 0 0 0 0 0 0 0 0 0 0 0 0 0 1 1 1 1 26 205 23 1 1 1 1 1 0 0 0 1 1 1 1 1 1 1 2 1 0 0 0 0 1 1 1 99 243 198 18 15 3 1 0 0 0 1 0 0 1 38 1 1 1 1 1 0 0 1 23 5 1 1 4 1 1 1 0 1 1 5 1 1 1 0 0 1 1 1 1 13 44 3 1 0 1 1 1 1 0 0 0 1 1 1 0 0 1 1 61 254 65 1 1 1 1 1 1 0 1 1 1 1 0 1 1 1 1 1 1 1 1 1 1 142 195 1 1 1 1 1 1 0 0 1 1 1 0 0 1 11 1 1 1 0 0 1 1 1 103 173 27 1 1 0 1 1
189 1 0 0 0 0 0 0 0 0 0 0 0 0 0 0 0 0 0 0 0 0 0 0 0 0 0 0 0 0 0 0 0 0 0 0 0 0 0 1 1 1 0 0 0 0 0 0 0 0 0 0 0 0 0 0 0 0 0 0 0 0 0 0 0 1 0 1 1 1 64 1 1 0 0 0 0 0 0 0 0 0 0 0 0 0 0 0 0 0 0 0 0 0 0 0 0 0 0 0 0 0 0 0 0 1 25 1 1 1 0 0 0 0 0 0 0 0 0 0 1 1 94 161 163 57 3 1 1 0 0 1 1 2 1 1 0 0 1 1 254 71 0 0 1 0 1 1 57 255 1 1 1 1 1 1 62 145 149 128 10 1 2 1 1 1 1 1 1 1 35 255 255 255 192 11 2 1 1 1 1 1 1 2 1 1 1 1 1 1 1 1 0 0 0 0 0 0 0 0 0 0 1 1 1 1 0 0 1 1 1 1 1 0 0 0 1 2 1 1 1 0 0 0 0 0 0 0 0 0 0 1 1 2 2 1 1 1 1 1 0 1 181 146 1 1 1 1 1 1 10 51 22 2 1 1 1 1 5 28 1 1 1 0 1 1 1 9 12 1 1 1 1 1 1 1 0 0 0 0 0 0 1 0 0 1 1 6 1 1 1 2 2 1 0 0 0 1 1 3 1 1 1 1 1 1 1 1 1 1 240 118 1 1 0 1 1 1 1 1 1 1 1 1 4 1 2 2 1 1 1 1 6 111 74 7 1 1 1 0 1 1 1 1 0 0 0 0 0 0 0 0 0 0 0 0 0 0 0 1 1 1 1 83 194 1 1 1 1 1 0 1 0 0 0 0 0 1 1 1 1 1 2 0 0 0 0 1 1 1 29 247 148 1 1 4 3 4 1 1 0 0 0 0 1 36 1 1 1 1 1 0 0 1 1 27 3 3 1 1 1 1 1 0 1 5 1 0 0 0 0 1 1 12 46 12 1 0 0 0 1 1 1 0 0 0 1 1 1 1 0 1 1 30 254 122 1 1 1 1 1 1 0 0 1 1 1 0 0 1 1 1 0 1 1 1 1 1 1 231 3 1 1 1 1 1 1 1 1 1 1 1 0 0 1 8 1 1 1 0 0 1 0 1 1 161 153 1 0 0 0 0
233 241 3 1 0 0 0 0 0 0 0 0 0 0 0 0 0 0 0 0 0 0 0 0 0 0 0 0 0 0 0 0 0 0 0 0 0 0 0 0 0 1 1 1 0 0 0 0 0 0 0 0 0 0 0 1 1 0 0 0 0 0 0 0 0 1 0 0 1 1 66 1 0 0 0 0 0 0 0 0 0 0 0 0 0 0 0 0 0 0 0 0 0 0 0 0 0 0 0 0 0 0 0 0 0 0 1 24 1 1 0 0 0 0 0 0 0 0 1 58 155 165 84 4 2 1 1 0 0 0 0 0 1 1 1 1 2 1 1 1 254 1 0 0 1 1 1 23 255 254 1 1 1 1 1 1 1 1 1 15 133 139 12 1 1 1 1 1 1 1 1 1 18 254 255 255 217 18 2 1 1 1 2 1 1 1 1 1 1 1 1 1 1 1 1 0 0 0 0 0 0 1 1 1 1 0 0 0 0 1 1 0 1 1 1 0 0 1 1 1 1 1 0 0 0 0 0 0 0 0 0 0 1 1 4 1 0 1 1 1 0 0 1 228 1 1 1 1 1 1 1 1 8 44 30 2 1 2 34 1 1 1 1 0 0 0 1 1 13 7 1 1 1 1 1 1 0 0 0 0 0 0 1 1 1 1 4 1 1 1 1 4 1 1 0 0 1 1 2 3 1 0 0 0 1 1 1 1 1 4 249 2 1 1 1 1 1 0 0 0 0 1 1 1 3 1 2 1 1 0 1 0 1 25 13 60 61 1 1 1 1 0 1 1 1 1 0 0 0 1 0 0 1 0 0 0 0 0 1 1 1 1 85 174 1 1 1 0 1 1 0 0 0 0 0 0 0 1 2 1 1 0 2 0 0 1 1 1 1 2 247 166 1 1 1 1 1 1 4 3 1 1 1 0 1 33 1 1 1 1 1 1 1 1 1 1 62 38 1 1 1 1 1 1 1 1 4 1 1 1 2 39 49 16 1 0 1 1 0 1 1 1 1 1 0 1 1 1 1 0 1 1 11 254 158 1 1 1 1 1 1 1 0 1 1 1 0 0 1 1 0 1 1 1 1 1 1 1 3 230 1 1 1 1 1 1 1 1 1 1 1 1 1 0 0 1 7 0 1 1 1 1 1 1 1 35 182 74 1 0 0 0
1 145 249 144 1 0 0 0 0 0 0 0 0 0 0 0 0 0 0 0 0 0 0 0 0 0 0 0 0 0 0 0 0 0 0 0 0 0 0 0 0 0 0 1 1 1 0 0 0 0 0 0 0 0 1 1 0 0 0 0 0 0 0 0 0 1 0 0 1 1 70 1 0 0 0 0 0 0 0 0 0 0 0 0 0 0 0 0 0 0 0 0 0 0 0 0 0 0 0 0 0 0 0 0 1 0 1 8 6 1 1 0 0 0 0 1 8 145 166 114 7 2 1 1 0 0 0 0 0 0 0 0 1 1 0 0 1 1 2 204 241 1 0 0 0 1 33 4 255 148 1 1 1 1 1 1 1 1 1 1 1 7 148 1 1 1 1 1 1 1 1 1 1 2 36 250 255 255 238 29 2 3 1 1 1 1 1 1 1 1 1 1 1 1 1 1 1 1 0 0 1 1 1 1 1 0 0 0 0 1 1 0 0 0 1 1 0 0 1 1 2 1 1 0 0 0 0 0 0 0 0 0 0 1 1 4 1 1 1 1 1 0 1 178 168 1 1 1 1 1 1 1 1 1 7 97 170 119 2 1 1 1 0 0 0 0 0 1 1 21 4 1 1 1 1 1 1 1 0 0 0 1 1 1 1 3 1 1 1 1 1 4 1 1 1 1 2 1 1 2 1 0 0 0 1 1 1 1 1 184 228 1 1 1 1 1 0 0 0 0 1 1 1 7 1 1 3 1 0 0 1 1 1 1 43 1 10 74 15 1 1 1 0 1 1 1 1 1 1 1 1 10 3 1 1 0 0 0 1 1 1 3 206 1 1 1 0 1 1 1 0 0 0 0 1 0 1 1 1 1 1 1 2 1 1 1 1 1 1 243 193 1 1 1 1 1 1 0 1 1 4 4 1 1 1 33 1 0 1 1 1 1 1 0 1 13 17 19 73 66 3 1 1 1 1 1 1 5 32 45 29 1 1 1 1 1 1 1 1 1 1 1 1 1 1 1 1 1 0 1 1 5 254 188 1 1 1 1 0 0 1 1 1 1 1 0 0 0 1 1 1 1 1 0 0 1 1 1 204 113 1 1 0 1 1 1 0 1 1 0 1 1 1 0 0 1 11 1 1 1 1 0 1 0 1 1 136 174 1 1 0 0
0 1 4 241 231 1 0 0 0 0 0 0 0 0 0 0 0 0 0 0 0 0 0 0 0 0 0 0 0 0 0 0 0 0 0 0 0 0 0 0 0 0 0 0 0 1 1 0 0 0 0 0 0 0 1 0 0 0 0 0 0 0 0 0 0 1 0 0 0 1 31 13 1 0 0 0 0 0 0 0 0 0 0 0 0 0 0 0 0 0 0 0 0 0 0 0 0 0 0 0 0 0 0 0 1 0 0 1 24 1 1 0 0 1 42 157 151 17 2 2 1 1 0 0 0 0 0 0 0 0 0 1 1 1 1 1 1 1 1 254 14 15 3 1 1 33 2 1 226 255 1 1 1 1 1 1 1 1 1 1 1 1 142 4 1 0 1 0 0 1 1 1 1 5 1 2 7 232 255 255 250 73 8 2 1 1 1 1 1 1 1 1 1 1 1 1 1 1 1 1 1 1 0 0 1 1 0 0 0 1 1 0 0 0 0 0 1 1 1 1 1 3 1 1 0 0 0 0 0 0 0 0 0 1 1 4 1 0 1 1 1 1 0 1 165 228 228 225 218 219 208 219 227 228 228 221 192 221 229 137 2 1 1 1 1 1 1 0 1 1 27 4 1 1 1 1 1 1 1 1 1 1 1 2 2 1 0 0 1 1 2 1 1 1 2 1 1 1 1 2 1 0 0 0 1 1 1 1 1 249 21 1 1 0 0 0 0 0 0 0 1 1 1 3 1 1 3 1 0 0 0 1 1 1 39 3 1 1 42 57 2 1 1 1 1 1 1 1 1 7 30 7 20 3 1 0 0 1 1 1 1 199 15 1 1 0 1 1 1 1 1 0 1 1 1 1 1 1 1 1 1 0 2 0 0 1 1 1 238 211 1 1 1 1 1 1 1 1 1 1 1 1 3 3 1 33 1 1 1 1 1 0 1 1 27 11 1 1 1 2 58 78 79 1 1 20 103 49 2 1 1 0 0 0 1 1 0 1 1 1 0 1 0 1 1 1 1 0 1 1 3 254 210 1 1 1 1 0 0 0 0 1 1 1 1 1 0 0 1 1 1 1 1 0 0 0 1 1 233 1 1 1 1 1 1 1 1 1 0 0 1 1 1 1 1 1 7 1 1 1 1 0 1 0 0 1 2 176 128 1 1 0
0 0 0 1 189 247 73 1 0 0 0 0 0 0 0 0 0 0 0 0 0 0 0 0 0 0 0 0 0 0 0 0 0 0 0 0 0 0 0 0 0 0 0 0 0 0 1 1 1 1 1 1 1 1 1 1 1 1 1 1 0 0 0 1 1 1 1 0 0 1 2 66 1 0 0 0 0 0 0 0 0 0 0 0 0 0 0 0 0 0 0 0 0 0 0 0 0 0 0 0 0 0 0 0 1 0 0 0 1 38 3 1 12 156 125 4 2 2 1 1 0 0 0 0 0 0 0 0 0 1 1 1 1 1 1 1 1 1 5 254 1 1 6 16 19 16 1 1 1 255 101 1 1 1 1 1 1 1 1 7 1 1 115 34 1 0 1 0 0 0 0 1 4 1 1 1 1 1 5 199 255 255 255 253 143 34 6 3 1 1 1 1 1 1 1 1 1 1 1 1 1 1 1 1 1 1 0 0 0 0 1 1 0 1 1 1 1 1 1 1 1 1 2 1 1 0 0 0 0 0 0 0 0 0 1 1 3 1 1 1 1 1 0 1 1 1 1 9 40 31 222 73 7 2 1 1 1 1 6 195 230 185 8 1 1 1 1 1 1 2 5 43 54 55 56 53 38 2 1 1 1 1 2 2 1 1 1 1 1 1 4 1 2 1 1 1 0 0 1 1 1 1 1 0 1 1 1 1 48 247 2 1 1 1 1 0 0 0 0 1 1 1 4 1 1 1 5 1 0 0 0 1 1 1 16 16 1 1 1 6 69 16 1 1 1 1 1 1 25 13 1 1 1 24 2 1 1 1 1 1 119 139 1 1 0 1 1 1 1 1 1 1 1 1 1 1 1 1 0 1 1 1 1 0 0 1 1 229 224 1 1 1 1 1 1 1 1 1 1 1 1 1 1 1 2 45 1 1 1 1 1 1 3 43 3 1 0 0 1 0 1 1 3 70 1 86 17 37 1 1 1 0 0 1 1 1 0 1 1 0 0 1 0 1 1 1 0 1 1 1 254 225 1 1 1 0 0 0 0 0 0 0 1 1 1 1 0 0 1 2 1 1 1 1 1 1 1 9 228 1 1 1 1 1 1 1 1 1 1 1 1 1 1 1 1 0 1 7 0 2 3 1 0 0 0 1 1 78 182 26 1 1
1 1 1 21 86 139 249 216 1 0 0 0 0 0 0 0 0 0 0 0 0 0 0 0 0 0 0 0 0 0 0 0 0 0 0 0 0 0 0 0 0 0 0 0 0 0 1 1 1 1 1 1 1 1 1 1 1 1 1 1 1 1 0 1 1 0 0 0 0 1 2 67 1 0 0 0 0 0 0 0 0 0 0 0 0 0 0 0 0 0 0 0 0 0 0 0 0 0 0 0 0 0 0 0 1 0 0 0 2 7 16 132 146 5 1 2 1 1 0 0 0 0 0 0 0 0 0 0 0 1 1 0 0 0 0 1 1 1 244 184 1 1 0 1 63 16 7 1 1 237 255 1 1 1 1 0 1 1 1 12 1 1 41 109 1 0 1 0 0 1 1 4 1 1 1 1 1 1 1 1 3 67 248 255 255 255 255 252 147 34 6 2 1 1 1 1 1 1 1 1 1 1 1 1 1 1 1 1 1 1 1 1 1 1 1 1 0 0 0 0 0 0 1 2 1 1 0 0 0 0 0 0 0 0 1 1 4 1 0 1 1 1 1 1 1 1 1 1 1 48 205 1 1 1 1 1 1 1 1 1 3 153 228 216 50 6 5 4 3 2 1 1 1 1 1 1 8 54 60 53 11 5 2 1 1 1 2 6 20 37 30 2 1 1 1 1 0 0 0 1 1 1 1 0 1 1 1 2 237 139 1 1 1 1 1 0 0 0 1 1 1 1 3 1 0 1 6 1 1 1 0 1 1 6 1 23 1 1 1 1 1 42 76 61 15 3 7 30 3 1 1 1 1 1 27 1 1 0 1 5 206 1 1 1 1 1 1 1 1 1 1 1 0 1 1 1 1 1 1 1 1 2 1 0 1 1 219 232 1 1 1 1 1 1 1 1 1 1 1 1 1 1 1 0 0 6 23 1 1 1 1 6 29 1 1 1 0 0 1 1 1 1 1 78 2 80 1 49 7 1 1 1 1 1 1 0 1 1 1 1 1 1 1 1 1 0 1 1 1 254 238 1 1 1 0 0 0 0 0 0 0 0 0 0 1 1 0 0 1 1 1 1 1 1 1 1 1 215 80 1 1 1 1 1 1 1 1 1 1 1 1 1 0 0 1 1 1 11 1 1 1 2 1 1 1 0 1 1 158 132 9 1
89 89 87 29 1 0 1 226 247 17 1 0 0 0 0 0 0 0 0 0 0 0 0 0 0 0 0 0 0 0 0 0 0 0 0 0 0 0 0 0 0 0 0 0 0 1 1 1 0 0 0 0 0 0 0 0 0 0 0 1 1 1 1 1 0 0 0 0 0 0 1 69 1 0 0 0 0 0 0 0 0 0 0 0 0 0 0 0 0 0 0 0 0 0 0 0 0 0 0 0 0 0 0 0 1 1 0 1 13 3 152 96 10 1 1 1 1 0 0 1 1 1 1 1 1 1 1 0 1 1 1 0 0 0 0 1 1 1 254 1 1 0 1 30 1 1 3 15 11 10 255 1 1 1 1 1 12 23 14 1 1 1 4 145 1 0 1 0 1 1 3 1 1 0 1 1 1 1 1 1 1 3 4 2 12 117 252 255 255 255 255 252 150 40 7 2 1 1 1 1 1 1 1 1 1 1 1 1 1 1 1 1 1 1 0 0 0 0 0 0 0 0 0 1 1 2 1 1 0 0 0 0 0 0 0 1 3 1 0 1 1 1 1 1 1 1 1 1 1 217 6 1 1 1 1 1 1 1 1 1 1 1 2 82 220 222 95 2 1 1 1 1 1 1 1 1 1 1 1 2 37 52 53 51 53 52 43 28 11 6 19 37 8 1 1 1 0 0 0 0 1 1 1 1 1 1 1 6 249 3 1 1 1 1 1 1 0 1 1 1 1 4 1 1 0 1 5 1 1 1 1 1 4 2 1 23 1 1 1 1 1 1 1 4 41 65 47 2 2 13 22 4 1 1 2 25 1 1 1 203 9 1 1 1 1 1 1 0 0 1 1 1 1 1 1 1 1 1 1 1 1 1 1 1 1 205 241 1 1 1 1 1 1 1 0 1 1 1 1 1 1 1 1 0 1 1 42 3 9 31 41 22 1 1 1 1 0 0 0 1 1 1 7 68 1 82 1 1 80 1 1 1 1 1 0 1 1 1 1 1 1 1 1 1 0 0 1 1 254 244 1 1 1 1 0 0 0 0 0 0 0 0 0 1 1 1 1 1 1 1 1 1 1 1 1 1 1 233 1 1 1 1 1 1 1 0 0 1 1 1 1 1 0 0 1 0 1 7 1 1 3 1 1 2 1 1 1 1 37 161 67 11
1 1 0 0 0 0 0 1 109 250 186 1 0 0 0 0 0 0 0 0 0 0 0 0 0 0 0 0 0 0 0 0 0 0 0 0 0 0 0 0 0 0 0 0 1 1 1 0 0 0 0 0 0 0 0 0 0 0 0 0 0 0 1 1 1 0 0 0 0 0 1 72 1 1 0 0 0 0 0 0 0 0 0 0 0 0 0 0 0 0 0 0 0 0 0 0 0 0 0 0 0 0 0 0 1 1 1 12 20 152 8 1 10 18 1 0 0 0 0 0 0 0 0 0 1 1 1 1 1 0 0 0 0 0 1 1 1 16 254 1 0 0 17 5 1 1 1 1 1 9 255 122 1 1 2 27 3 1 1 1 1 1 3 146 1 1 1 1 1 3 1 1 1 1 1 1 1 1 1 1 1 1 5 1 1 1 1 3 14 119 252 255 255 255 255 252 148 37 6 2 1 1 1 1 1 1 1 1 1 1 1 1 1 1 1 1 1 1 0 0 0 0 0 0 0 1 2 1 1 0 0 0 0 0 0 0 1 4 0 0 1 1 1 1 1 1 1 1 156 147 1 1 1 1 1 1 1 1 1 1 1 1 1 1 1 25 205 223 135 2 1 1 1 1 1 1 1 1 1 2 1 1 1 1 1 1 1 1 1 1 1 1 13 35 3 1 1 0 0 0 1 1 2 1 1 1 1 194 225 1 1 1 1 1 1 1 1 1 0 1 2 2 1 0 0 1 5 1 1 1 1 4 3 1 1 7 5 1 1 1 1 1 1 1 1 1 5 19 13 2 3 7 4 1 1 8 8 1 138 127 1 1 1 1 1 1 1 1 0 0 0 1 1 1 0 1 1 0 1 1 1 0 1 1 182 246 2 1 1 1 1 0 0 0 0 1 1 0 1 1 1 0 1 1 1 41 49 97 27 2 1 1 1 1 1 1 1 0 0 0 1 2 59 10 3 69 1 1 11 44 1 1 1 1 1 1 1 0 1 1 1 1 1 1 1 1 1 252 248 1 1 1 1 0 0 0 0 0 0 0 0 1 1 1 1 1 1 1 1 1 1 0 1 1 1 1 2 230 1 1 1 1 1 1 1 1 1 1 1 1 1 1 1 0 1 1 1 1 6 1 1 1 1 1 2 1 0 1 8 126 115 26
0 0 0 0 0 0 0 0 0 1 238 243 3 1 0 0 0 0 0 0 0 0 0 0 0 0 0 0 0 0 0 0 0 0 0 0 0 0 0 0 0 0 0 0 1 1 0 0 0 0 0 0 0 0 0 0 0 0 0 0 0 0 0 0 1 1 0 0 0 0 1 43 6 1 0 0 0 0 0 0 0 0 0 0 0 0 0 0 0 0 0 0 0 0 0 0 0 0 0 0 0 0 0 0 1 3 8 25 141 4 1 0 1 8 6 0 0 0 0 0 0 0 0 1 1 0 0 1 1 0 0 0 0 0 1 1 1 248 159 0 1 1 35 1 1 1 0 0 1 1 142 255 254 2 24 1 1 1 1 1 1 1 8 139 1 1 1 1 3 2 1 1 1 1 0 1 1 0 0 0 1 1 1 5 1 1 1 1 1 1 2 3 12 114 252 255 255 255 255 248 139 33 6 2 1 1 1 1 1 1 1 1 1 1 1 1 1 1 1 1 1 0 0 0 0 0 1 2 1 1 0 0 0 0 0 0 1 4 1 0 1 1 1 0 0 1 1 5 217 2 1 1 1 1 1 1 1 1 1 1 1 1 1 1 1 1 1 7 185 225 183 6 1 1 1 1 1 1 2 1 0 0 1 1 1 1 0 0 0 1 1 1 1 1 25 38 8 1 1 1 1 1 1 1 1 1 1 248 16 1 1 1 0 0 1 1 1 1 1 1 3 1 1 0 0 1 6 1 1 1 1 6 1 1 1 1 21 1 1 1 1 1 1 2 2 2 1 1 1 1 1 2 3 6 1 10 6 4 208 1 1 1 1 1 1 1 1 1 1 0 1 1 1 0 1 1 0 1 1 1 0 1 1 150 247 5 1 1 1 1 0 0 1 1 1 1 0 1 1 1 1 0 1 1 46 1 1 1 56 1 1 1 1 1 1 1 1 0 0 1 2 1 87 1 43 13 1 1 1 58 5 1 0 1 1 1 0 1 1 1 0 1 1 1 1 1 250 251 1 1 1 0 1 0 0 0 0 0 0 0 1 1 1 0 0 0 1 1 1 0 1 1 1 1 1 1 115 201 1 1 1 1 1 1 1 1 1 1 1 1 1 1 1 1 1 1 1 1 9 1 1 2 0 1 1 3 1 1 2 38 190 88
0 0 0 0 0 0 0 0 0 0 1 170 250 136 1 0 0 0 0 0 0 0 0 0 0 0 0 0 0 0 0 0 0 0 0 0 0 0 0 0 0 0 0 1 1 0 0 0 0 0 0 0 0 0 0 0 0 0 0 0 0 0 0 0 0 0 0 0 0 0 0 3 53 1 0 0 0 0 0 0 0 0 0 0 0 0 0 0 0 0 0 0 0 0 0 0 0 0 0 0 0 0 1 1 6 5 17 139 3 1 0 0 0 1 29 1 0 1 1 0 0 0 0 1 1 0 0 1 1 0 0 0 0 0 1 1 1 254 1 1 1 29 2 0 1 1 0 0 0 1 1 2 255 254 1 1 1 0 1 1 1 1 1 152 1 1 1 3 2 1 1 1 0 0 0 1 1 0 0 0 0 1 1 3 2 1 1 1 1 1 1 1 1 4 3 4 23 149 253 255 255 255 255 247 135 36 5 2 1 1 1 1 1 1 1 1 1 1 1 1 1 1 1 1 1 1 1 1 2 1 1 1 0 0 0 0 1 3 1 0 0 1 1 1 0 0 1 24 213 1 1 1 1 1 0 0 0 0 0 0 0 0 0 1 1 1 1 1 1 3 140 225 215 36 1 1 1 2 1 1 1 1 1 1 0 0 0 0 0 0 1 1 1 1 1 1 17 35 25 2 1 1 1 1 2 1 53 247 1 1 1 1 0 1 1 1 1 2 1 1 2 1 0 0 0 1 6 1 1 1 7 1 1 1 1 1 23 1 1 1 1 3 1 1 1 1 1 1 1 1 1 2 1 2 8 29 1 192 40 1 1 1 1 1 1 1 1 1 1 1 1 1 0 0 0 1 1 1 0 0 1 1 119 249 19 1 1 1 1 0 1 1 1 1 1 1 0 1 1 1 1 1 1 39 2 1 0 1 64 1 1 1 1 1 1 1 1 0 1 2 1 1 85 1 83 1 1 0 1 1 83 5 1 1 1 1 1 1 1 0 0 0 1 1 1 220 254 1 1 1 0 0 1 1 0 0 0 0 1 1 1 1 1 1 0 1 1 1 1 1 1 1 1 1 1 2 193 139 1 1 1 1 1 1 1 1 1 1 1 1 0 0 0 1 1 1 1 1 10 1 1 2 1 1 0 3 1 3 1 75 88 177
0 0 0 0 0 0 0 0 0 0 0 0 7 246 232 1 0 0 0 0 0 0 0 0 0 0 0 0 0 0 0 0 0 0 0 0 0 0 0 0 0 0 1 1 0 0 0 0 0 0 0 0 0 0 0 0 0 0 0 0 0 0 0 1 0 0 0 1 0 0 0 1 65 1 1 0 0 0 0 0 0 0 0 0 0 0 0 0 0 0 0 0 0 0 0 0 0 0 0 0 0 1 1 2 9 3 151 4 1 0 0 0 0 1 28 1 1 1 1 1 0 0 0 1 0 0 0 1 1 0 0 1 0 0 1 1 3 254 1 1 1 39 1 0 1 0 0 0 0 1 1 6 255 52 1 1 1 1 1 1 1 1 1 151 1 1 2 2 1 1 1 0 0 0 0 1 1 1 0 0 0 0 1 1 5 1 1 1 1 1 1 1 3 1 1 1 1 1 2 5 35 159 253 255 255 255 255 246 130 30 5 2 1 1 1 1 1 1 1 1 1 1 1 1 1 1 1 0 1 1 2 1 1 0 0 0 0 1 4 0 0 0 1 1 0 0 0 1 210 41 2 1 1 1 0 0 0 0 0 0 0 0 0 0 0 0 1 1 1 1 1 1 64 219 222 86 1 2 1 1 1 1 1 1 1 0 0 0 0 0 1 1 1 0 0 1 1 1 3 29 26 1 1 1 1 1 237 133 1 1 1 1 1 1 1 1 1 1 1 6 1 1 0 0 0 1 6 1 1 7 1 1 1 1 1 1 18 12 3 2 1 1 0 0 0 1 1 0 0 0 1 3 1 1 3 63 3 209 1 1 1 1 1 1 1 1 1 1 1 0 1 1 0 0 1 1 1 0 0 1 1 95 249 45 1 1 1 1 1 1 1 1 0 0 2 1 1 1 1 0 1 1 1 38 1 1 1 1 62 4 2 1 1 1 1 1 0 1 2 1 1 1 90 41 84 1 1 1 1 1 1 74 31 1 1 1 1 1 0 0 0 1 1 1 127 254 5 1 1 0 1 1 1 1 1 1 0 1 1 1 0 0 1 1 0 1 1 1 1 1 1 1 1 1 1 1 212 80 1 1 1 1 1 1 1 1 1 1 1 1 1 0 1 1 0 0 1 1 10 0 1 2 1 0 0 2 2 1 2 75 1 154
0 0 0 0 0 0 0 0 0 0 0 0 0 1 205 248 62 0 0 0 0 0 0 0 0 0 0 0 0 0 0 0 0 0 0 0 0 0 0 0 0 0 1 1 0 0 0 0 0 0 0 0 0 0 0 0 0 0 0 0 0 0 1 1 0 0 0 1 1 1 0 1 65 1 1 0 0 0 0 0 0 0 0 0 0 0 0 0 0 0 0 0 0 0 0 0 0 0 0 0 1 1 2 12 1 153 8 1 0 0 0 0 0 1 17 2 1 1 1 1 0 0 1 1 0 0 0 1 0 0 1 1 0 1 1 1 207 239 1 1 1 38 1 0 0 0 0 0 0 1 1 255 250 28 27 10 1 1 1 1 1 1 1 133 11 2 3 1 1 1 1 0 0 0 0 0 1 1 0 0 0 0 0 1 1 4 1 1 0 1 1 3 1 1 1 1 1 1 1 1 1 1 2 5 29 143 253 255 255 255 255 243 127 24 4 1 1 1 1 1 1 1 1 1 1 1 1 1 1 1 1 2 1 1 1 0 0 1 5 1 0 0 1 1 1 0 0 1 19 208 4 3 1 1 1 1 0 0 0 0 0 0 0 0 0 0 1 0 0 0 1 1 1 1 18 207 224 146 2 1 1 1 1 1 1 1 1 1 1 1 0 1 1 1 1 1 1 1 1 1 2 30 24 1 1 8 249 2 1 1 1 1 1 1 1 1 1 1 1 2 1 1 1 0 1 1 5 1 6 1 1 1 1 1 2 5 5 23 8 1 1 1 1 1 1 1 1 0 0 0 1 2 1 1 1 6 203 105 1 1 1 1 1 1 1 1 1 1 1 1 1 0 0 1 1 1 0 1 1 1 94 249 77 1 1 1 1 0 0 1 1 0 0 0 1 1 1 1 0 0 1 1 45 1 1 1 2 1 61 1 2 1 1 1 1 1 1 1 2 1 1 1 1 28 10 0 1 2 1 0 1 1 67 12 1 1 1 1 1 0 1 1 1 30 254 69 1 1 1 1 1 1 0 0 1 1 1 1 1 0 0 1 1 0 1 1 1 1 1 1 1 1 1 1 1 1 225 15 1 1 1 1 1 1 1 1 1 1 1 1 1 0 1 1 0 0 1 1 10 1 2 1 0 0 0 1 3 2 1 77 1 52
0 0 0 0 0 0 0 0 0 0 0 0 0 0 0 48 248 210 1 0 0 0 0 0 0 0 0 0 0 0 0 0 0 0 0 0 0 0 0 0 0 1 1 0 0 0 0 0 0 0 0 0 0 0 0 0 0 0 0 0 0 0 1 0 0 0 0 0 0 0 1 1 41 25 2 1 1 0 0 0 0 0 0 0 0 0 0 0 0 0 0 0 0 0 0 0 0 0 0 1 1 10 9 1 118 59 1 0 0 0 0 0 0 0 15 3 1 1 1 1 1 1 1 1 0 0 1 1 0 0 1 1 0 1 1 1 254 9 1 1 1 37 1 0 0 0 0 0 0 1 1 255 1 1 1 5 23 27 26 24 18 3 1 6 142 4 1 1 1 1 1 1 1 1 1 1 1 1 0 0 0 0 0 0 1 3 2 1 1 1 3 1 1 1 1 1 1 1 1 1 1 1 1 1 1 1 2 5 30 147 254 255 255 255 255 241 113 18 3 1 1 1 1 1 1 1 1 1 1 1 1 1 2 1 1 1 0 1 3 1 0 0 0 1 1 0 0 1 1 161 134 1 2 3 3 1 1 1 1 1 0 0 0 0 0 0 0 0 0 0 0 1 1 1 1 1 5 182 224 179 4 1 1 1 1 1 1 1 1 1 1 1 1 1 1 1 1 1 1 1 1 1 2 31 24 186 228 1 1 1 1 1 1 1 1 0 0 1 3 1 1 1 1 1 1 1 4 4 2 1 1 2 5 4 2 1 1 4 2 10 4 1 1 0 0 0 0 0 0 1 1 2 1 1 1 3 221 24 2 1 1 1 0 0 1 1 1 1 1 1 0 0 1 1 1 1 1 1 1 137 249 82 1 1 1 1 0 0 0 0 0 0 0 0 1 3 1 0 0 1 1 27 4 1 1 2 1 1 60 1 1 3 1 1 1 1 1 1 2 1 1 1 1 1 1 0 0 1 1 1 1 1 4 66 2 1 0 1 1 1 1 1 3 254 166 1 1 1 1 1 1 1 1 1 1 1 1 1 1 1 1 1 1 1 1 1 0 1 1 1 1 1 1 1 1 1 232 2 1 1 1 1 1 1 1 1 1 1 1 1 1 1 1 1 1 1 1 1 9 2 1 1 1 0 0 1 1 1 1 34 15 49
0 0 0 0 0 0 0 0 0 0 0 0 0 0 0 0 1 228 246 9 0 0 0 0 0 0 0 0 0 0 0 0 0 0 0 0 0 0 0 0 1 1 0 0 0 0 0 0 0 0 0 0 0 0 0 0 0 0 0 0 0 0 1 0 0 0 0 0 0 1 1 1 27 6 37 45 24 1 1 0 0 0 0 0 0 0 0 0 0 0 0 0 0 0 0 0 0 1 1 3 11 1 1 17 145 1 0 0 0 0 0 0 0 1 25 1 0 1 0 1 1 1 1 1 0 0 1 1 0 0 1 1 0 1 1 1 254 1 1 1 2 26 1 0 0 0 0 0 1 1 121 255 1 1 1 1 1 1 1 1 1 10 19 16 153 18 2 1 1 1 1 1 1 1 1 1 1 1 1 1 1 1 1 1 1 1 5 1 2 2 1 1 0 0 0 0 1 1 1 1 1 1 1 1 1 1 1 1 1 1 2 5 34 153 254 255 255 255 255 242 106 15 3 1 1 1 1 1 1 1 1 1 1 2 1 1 1 0 1 4 1 0 0 1 1 1 0 0 1 2 213 7 1 1 1 2 3 3 3 1 1 1 1 0 1 0 0 0 0 0 1 1 0 1 1 1 1 2 3 132 221 199 9 1 1 1 1 1 0 1 1 1 1 1 1 0 0 1 1 1 1 1 1 1 4 250 80 2 1 1 1 1 1 1 0 0 1 1 1 1 1 1 1 1 1 1 10 4 2 4 4 2 1 1 1 1 1 3 1 1 3 11 3 1 1 0 1 1 1 1 1 2 2 2 2 102 172 1 11 1 1 1 1 1 1 1 1 1 1 1 1 1 1 1 1 1 1 3 215 249 37 1 1 1 1 0 0 0 0 1 0 0 0 1 1 2 1 1 1 1 8 19 1 1 2 1 1 2 48 0 0 2 1 1 1 1 1 1 2 1 1 1 1 1 0 0 0 0 1 1 1 1 9 55 1 1 1 0 1 1 1 1 254 223 1 1 1 1 1 1 0 0 1 1 1 1 1 1 1 1 1 1 1 1 0 1 1 1 1 1 1 1 1 1 1 1 233 1 1 1 1 1 1 1 1 1 1 1 1 1 11 15 15 15 6 1 1 6 4 1 1 1 1 1 0 0 0 0 1 6 99 154
0 0 0 0 0 0 0 0 0 0 0 0 0 0 0 0 0 0 122 249 173 0 0 0 0 0 0 0 0 0 0 0 0 0 0 0 0 0 0 1 1 0 0 0 0 0 0 0 0 0 0 0 0 0 0 0 0 0 0 0 0 0 1 1 0 0 0 0 0 1 1 20 2 1 1 1 6 46 5 1 0 0 0 0 0 0 0 0 0 0 0 0 0 0 0 0 1 1 9 7 1 1 1 157 6 1 0 0 0 0 0 0 0 1 28 1 0 1 1 2 2 2 2 1 1 0 1 1 0 1 1 1 1 1 1 5 254 1 1 1 16 5 1 1 0 0 0 0 1 1 255 225 1 1 1 1 1 0 0 1 1 1 1 2 6 157 21 13 11 13 13 14 14 15 15 15 18 18 17 17 16 17 16 16 14 12 18 9 2 1 0 0 0 0 0 0 0 0 1 0 1 1 1 1 1 1 1 1 1 1 1 1 1 1 2 5 26 138 253 255 255 255 255 231 88 12 3 1 1 1 1 1 1 1 1 2 1 1 1 4 1 0 0 0 1 1 1 0 1 1 56 197 1 1 1 1 1 1 1 2 3 3 1 1 1 1 0 0 0 0 0 1 1 0 1 1 1 3 1 1 1 99 221 215 37 1 1 1 1 1 1 1 1 1 0 0 0 1 1 1 0 1 1 1 31 247 11 25 1 1 1 0 1 1 1 1 1 3 1 1 1 1 1 1 2 18 30 4 1 1 1 1 1 0 0 0 1 1 4 1 1 1 4 9 1 1 1 1 1 1 2 5 2 1 1 214 3 1 1 14 1 1 1 1 1 1 1 1 1 1 1 1 1 1 1 1 98 249 233 2 1 1 1 1 0 0 0 0 0 1 1 1 1 1 1 2 1 1 1 1 45 1 1 1 1 0 1 45 2 0 0 2 1 1 1 1 1 2 1 1 1 1 1 0 0 0 0 1 1 1 1 1 31 28 1 1 1 1 1 1 1 254 247 1 1 1 0 1 1 0 0 1 1 1 1 1 1 1 1 1 1 1 1 1 1 1 1 1 1 1 0 1 1 1 1 1 234 1 1 1 1 1 1 1 1 1 1 1 3 15 1 0 0 1 2 11 5 16 1 1 0 1 1 1 0 0 0 0 1 31 201 8
0 0 0 0 0 0 0 0 0 0 0 0 0 0 0 0 0 0 0 2 241 240 1 0 0 0 0 0 0 0 0 0 0 0 0 0 0 0 1 1 1 0 0 0 0 0 0 0 0 0 0 0 0 0 0 0 0 0 0 0 0 0 0 1 1 0 0 0 1 1 4 16 1 0 0 1 1 1 27 8 1 0 0 0 0 0 0 0 0 0 0 0 0 0 0 1 6 11 1 1 1 0 60 115 1 0 0 0 0 0 0 0 0 1 33 1 1 1 1 2 1 1 1 1 1 1 1 1 0 1 1 1 1 1 1 218 235 1 1 1 34 1 1 1 0 0 1 1 1 1 255 2 1 1 1 1 1 1 0 0 1 1 0 1 1 21 138 42 1 1 1 1 1 1 1 1 1 1 1 1 1 1 1 1 1 2 2 38 4 1 0 0 0 0 0 0 0 0 1 0 0 0 0 1 1 1 1 1 1 1 1 1 1 1 1 1 1 1 1 3 23 163 254 255 255 255 255 234 92 11 2 1 1 1 1 1 2 1 1 2 2 1 0 0 0 1 1 0 0 1 1 184 95 1 1 1 0 0 0 0 1 1 2 3 1 1 1 0 0 0 0 0 0 0 1 1 1 3 1 1 1 1 1 40 215 221 94 2 1 1 1 1 1 1 1 0 0 1 1 1 1 1 1 1 237 125 1 11 30 1 1 1 1 1 1 1 2 1 1 1 1 1 4 21 22 16 2 1 1 0 0 0 0 0 0 0 1 1 5 1 0 0 1 1 7 6 1 2 3 2 1 1 1 1 138 146 1 1 1 1 18 3 1 1 1 1 1 1 1 1 1 1 1 2 84 243 249 130 1 1 1 1 1 0 0 0 0 0 0 0 1 1 2 1 0 1 2 1 1 32 3 1 2 1 1 1 1 59 1 0 0 1 2 1 1 1 1 1 1 1 1 1 1 0 0 0 0 1 1 1 1 1 61 7 1 1 1 1 1 1 251 251 1 1 1 0 1 1 1 1 1 1 1 1 1 1 1 1 1 1 1 1 1 1 1 1 1 1 1 1 0 0 1 1 1 1 234 1 1 1 1 1 1 1 1 1 1 13 6 1 1 0 0 0 0 1 23 4 1 0 0 1 1 0 0 0 0 0 1 109 172 1
0 0 0 0 0 0 0 0 0 0 0 0 0 0 0 0 0 0 0 0 1 174 249 116 0 0 0 0 0 0 0 0 0 0 0 0 0 1 1 1 0 0 0 0 0 0 0 0 0 0 0 0 0 0 0 0 0 0 0 0 0 0 0 0 1 1 0 0 1 1 33 1 0 0 0 1 1 1 1 26 6 1 0 0 0 0 0 0 0 0 0 0 0 0 1 11 3 1 1 0 0 1 159 4 1 0 0 0 0 0 0 0 0 1 34 1 1 0 1 1 0 0 0 1 1 1 1 1 0 1 1 1 1 1 1 254 10 1 1 1 38 1 0 0 0 0 0 1 1 1 255 1 1 1 1 1 0 1 1 0 0 1 0 0 1 1 1 95 131 5 1 1 1 0 0 1 1 1 1 1 1 1 1 1 1 1 1 1 45 1 1 0 0 0 0 0 0 0 0 0 0 0 0 0 1 1 1 1 1 1 1 1 1 1 1 1 1 1 1 1 1 1 2 4 36 176 254 255 255 255 255 237 88 9 2 1 1 3 1 1 4 1 1 1 0 1 1 1 0 0 1 3 214 3 1 1 1 0 0 0 0 0 1 1 2 3 1 1 1 1 1 0 0 0 0 0 1 3 1 1 1 1 1 1 1 9 198 220 138 4 1 1 1 1 1 1 1 1 1 1 0 1 1 3 248 2 1 1 7 28 1 0 0 1 1 1 3 1 1 5 25 29 15 1 1 5 1 1 1 1 1 0 0 0 0 0 0 1 3 1 1 1 1 1 2 5 17 5 1 1 1 1 2 3 214 1 1 1 2 4 1 7 1 1 1 1 1 1 1 1 1 18 194 249 249 192 1 1 1 1 1 1 0 0 0 0 0 0 1 1 1 1 1 1 1 1 1 1 9 17 1 1 1 0 0 1 2 47 0 0 0 1 2 0 0 1 1 1 1 1 1 1 0 0 0 0 1 1 1 1 1 1 82 1 1 1 0 3 1 250 251 1 1 1 0 1 1 0 1 1 1 1 1 1 1 1 0 0 1 1 1 1 1 1 1 1 1 1 1 0 0 0 1 1 1 1 233 1 1 1 1 1 2 1 1 3 22 2 1 1 1 1 1 0 0 1 15 1 0 0 0 1 1 0 0 0 0 1 1 212 9 1
0 0 0 0 0 0 0 0 0 0 0 0 0 0 0 0 0 0 1 1 1 1 9 245 225 1 0 0 0 0 0 0 0 0 0 0 0 1 1 0 0 0 0 0 0 0 0 0 0 0 0 0 0 0 0 0 0 0 0 0 0 0 0 0 0 1 0 1 1 18 4 1 0 0 0 1 1 1 1 1 33 6 1 0 0 0 0 0 0 0 0 0 0 1 10 1 1 1 0 0 0 64 112 1 0 0 0 0 0 0 0 0 0 1 34 1 1 0 2 1 0 0 0 0 0 0 1 1 1 1 1 0 1 0 1 254 1 0 1 1 37 1 1 1 0 1 1 1 1 1 255 1 1 1 1 1 1 1 1 1 1 1 0 0 0 0 1 1 5 133 107 2 1 1 1 1 0 0 1 1 1 1 1 1 1 1 1 1 9 20 1 1 0 0 0 0 0 0 0 0 0 0 0 0 0 0 1 0 1 1 1 1 1 0 0 0 0 0 1 1 1 1 1 1 1 1 1 4 22 147 253 255 255 255 255 226 63 6 4 2 5 1 1 1 1 0 1 1 1 1 1 1 106 178 1 1 1 1 0 0 0 0 0 0 1 1 2 3 2 2 1 1 1 0 0 0 1 3 1 0 1 1 1 1 1 1 1 4 173 220 167 6 1 1 1 1 1 1 1 1 1 1 1 172 228 1 1 1 1 19 10 1 1 1 1 3 6 26 29 12 1 1 1 1 1 5 1 0 1 1 1 1 0 0 0 0 0 1 1 4 1 2 2 2 1 1 1 2 9 2 1 1 2 190 78 1 3 4 2 1 1 1 7 3 2 7 36 130 207 238 251 252 244 112 1 1 1 1 1 1 0 0 1 1 0 0 1 1 1 1 1 1 1 1 1 1 1 10 41 1 1 1 1 0 1 1 52 1 1 0 0 1 2 1 1 1 1 1 1 1 1 1 0 0 0 1 1 1 1 1 1 1 85 1 1 1 5 85 249 254 1 1 1 1 1 1 1 0 1 1 0 1 1 1 1 1 1 1 1 1 1 1 1 1 1 1 0 1 0 0 0 0 1 1 1 1 233 1 1 1 1 1 1 1 18 17 1 1 1 1 0 0 1 1 1 9 2 0 0 0 1 1 1 0 0 0 0 1 30 205 1 0
0 0 0 0 0 0 0 0 0 0 0 0 0 0 0 0 0 1 1 0 1 1 0 1 209 248 34 0 0 0 0 0 0 0 0 0 1 1 0 0 0 0 0 0 0 0 0 0 0 0 0 0 0 0 0 0 0 0 0 0 0 0 0 0 0 1 1 1 2 26 1 0 0 0 0 1 0 0 0 1 1 37 2 0 0 0 0 0 0 0 0 0 1 6 3 1 1 0 0 0 1 159 4 1 0 0 0 0 0 0 0 0 0 0 33 1 1 1 2 1 1 1 1 0 0 0 1 1 1 1 1 1 1 1 8 254 1 0 1 5 15 1 1 1 1 1 1 1 1 46 255 255 246 3 1 1 1 1 1 1 1 1 1 0 0 0 0 1 1 1 26 136 48 1 1 1 0 0 0 0 0 0 1 1 1 1 1 1 1 38 3 1 1 0 0 0 0 0 0 0 0 0 0 0 0 0 0 1 1 1 0 0 1 1 1 0 0 0 0 0 1 1 1 1 1 1 1 1 1 1 2 4 20 145 254 255 255 255 255 225 52 2 1 1 1 0 0 1 1 1 1 1 1 202 44 1 1 1 0 0 0 0 0 0 0 0 0 1 1 1 1 2 1 1 0 0 1 3 1 0 0 0 0 1 1 1 1 1 1 3 141 220 195 17 2 1 1 1 1 1 1 1 1 247 13 1 1 1 1 1 50 1 1 4 21 47 14 1 1 1 1 1 1 0 1 6 1 0 0 0 1 1 1 1 0 1 1 1 2 10 2 1 1 1 0 0 1 1 1 6 8 1 21 209 6 10 17 70 164 211 228 244 250 252 252 252 252 250 241 212 43 1 1 1 1 1 1 1 1 1 1 0 1 1 1 1 1 1 1 1 1 1 1 1 13 30 29 31 3 1 2 1 1 1 1 1 57 1 1 1 0 1 2 1 1 1 0 1 1 1 1 0 0 0 1 1 1 1 1 1 1 1 56 26 10 64 63 226 254 15 1 1 0 0 1 1 0 1 1 0 1 1 1 1 0 1 1 0 0 0 1 1 1 1 1 1 1 1 0 0 0 0 1 1 1 13 228 1 1 1 1 1 3 24 8 1 0 1 1 1 0 0 0 0 1 10 1 1 0 1 1 1 1 1 0 0 0 1 177 108 1 0
0 0 0 0 0 0 0 0 0 0 0 0 0 0 0 1 1 1 0 0 0 1 1 1 1 63 249 199 1 0 0 0 0 0 0 1 1 0 0 0 0 0 0 0 0 0 0 0 0 0 0 0 0 0 0 0 0 0 0 0 0 0 0 0 0 0 0 1 29 1 0 0 0 0 0 1 1 0 0 0 1 1 42 1 0 0 0 0 0 0 0 0 3 7 1 1 0 0 0 0 53 121 1 0 0 0 0 0 0 0 0 0 0 0 8 63 65 65 53 4 1 1 1 1 1 1 1 0 0 0 0 1 1 1 232 220 1 0 1 34 1 1 1 1 1 1 1 1 3 240 109 95 255 255 255 255 255 227 14 1 1 1 1 1 1 1 0 1 1 1 1 1 88 132 11 1 1 1 0 0 0 0 0 1 0 1 1 1 1 2 46 1 1 0 0 0 0 0 0 0 0 0 0 0 0 0 0 0 0 1 1 1 1 1 1 1 1 1 0 0 0 0 1 1 1 1 1 1 1 1 1 1 1 1 2 5 49 171 254 255 255 252 1 1 1 1 0 1 1 1 1 1 1 8 213 1 1 1 1 0 0 0 0 0 0 0 0 0 0 1 1 1 2 2 1 1 2 1 1 1 0 0 1 1 0 1 1 1 1 1 1 2 98 217 214 58 1 1 1 1 1 1 32 247 1 1 1 1 1 1 26 55 23 9 1 5 1 1 1 1 0 0 0 0 1 6 1 1 0 0 1 1 1 1 1 1 2 2 1 3 1 1 0 1 1 1 1 1 1 1 1 58 247 237 250 252 252 252 249 241 228 198 112 44 26 6 1 1 1 1 1 1 0 0 1 1 2 1 1 1 1 1 1 1 1 1 1 0 1 1 1 1 15 28 5 1 5 3 1 1 1 0 0 1 1 32 6 1 0 1 1 1 2 1 1 0 1 1 1 1 1 0 0 1 1 1 1 1 1 1 0 1 1 38 54 5 201 254 17 108 1 0 0 1 1 1 1 1 0 1 1 1 0 1 1 1 0 0 0 0 0 0 1 1 1 1 1 0 0 0 0 1 1 1 1 157 187 1 1 1 1 1 29 1 2 1 1 0 1 1 0 0 1 1 16 1 0 1 1 1 1 1 0 0 1 1 1 149 153 1 1 0
0 0 0 0 0 0 0 0 0 0 0 1 1 1 1 1 0 0 0 0 0 0 0 1 1 0 1 232 243 19 0 0 0 0 1 1 0 0 0 0 0 0 0 0 0 0 0 0 0 0 0 0 0 0 0 0 0 0 0 0 0 0 0 0 0 0 0 4 18 1 0 0 0 0 1 1 1 0 0 0 0 1 23 6 0 0 0 0 0 0 0 1 15 1 1 0 0 0 0 1 159 5 1 0 0 0 0 0 0 0 0 0 0 0 1 28 1 1 5 53 71 63 4 1 1 1 1 1 1 1 1 1 1 1 254 1 1 1 1 36 1 1 1 1 1 2 116 237 241 142 19 1 1 1 1 44 249 255 255 255 255 232 2 1 1 1 1 1 0 1 1 1 1 4 124 100 2 1 1 0 1 1 0 1 1 0 0 0 1 1 12 17 1 1 1 0 0 0 0 0 0 0 0 0 0 0 0 0 0 0 0 0 0 1 1 1 1 1 1 1 1 1 0 1 1 1 1 1 1 1 1 1 1 1 1 2 5 1 2 15 162 255 131 1 1 1 1 0 1 1 1 0 1 1 137 155 1 1 1 1 0 0 0 0 0 0 0 0 0 0 0 1 1 1 3 7 1 1 1 1 1 1 1 1 1 1 0 0 1 1 1 1 1 1 37 209 217 106 2 1 1 1 233 138 1 1 1 2 7 8 4 70 1 1 3 1 1 1 0 0 0 0 0 0 1 6 1 0 0 0 0 1 1 2 3 2 1 1 0 1 3 1 1 1 1 1 1 1 1 113 247 252 252 239 136 8 2 1 1 1 1 1 1 2 1 3 3 1 0 0 0 0 0 1 1 1 3 1 1 1 1 1 1 2 1 0 0 1 1 1 1 23 6 1 1 5 3 1 1 1 0 0 0 1 1 58 1 1 0 0 0 1 1 1 1 1 1 1 1 1 1 1 1 1 1 1 1 1 1 0 0 1 0 1 1 114 254 41 1 40 49 1 1 1 0 1 1 1 0 1 1 0 0 1 1 0 0 0 0 0 1 1 1 0 1 1 1 1 0 0 1 1 1 0 1 225 28 1 0 1 3 24 1 0 1 2 1 0 0 1 1 0 1 6 2 1 0 1 1 1 1 1 0 0 1 1 160 147 1 1 1 0
0 0 0 0 0 0 0 0 0 1 1 1 1 1 1 1 1 1 1 1 1 1 1 1 0 0 0 1 144 247 168 1 0 1 1 1 0 0 0 0 0 0 0 0 0 0 0 0 0 0 0 0 0 0 0 0 0 0 0 0 0 0 0 0 0 0 1 34 1 0 0 0 0 0 1 1 1 0 0 0 0 0 1 49 1 0 0 0 0 0 0 1 13 1 0 0 0 0 0 29 137 1 0 0 0 0 0 0 0 0 0 0 0 0 0 26 1 0 0 1 1 2 53 72 36 1 1 1 1 1 1 1 1 2 254 1 1 1 3 61 217 243 243 243 243 243 228 40 1 3 18 1 1 1 1 1 1 1 1 1 142 255 255 255 154 1 1 1 1 1 1 1 1 1 1 33 135 53 1 1 1 0 0 0 1 1 0 0 0 1 1 41 2 1 1 1 1 1 1 1 1 1 1 0 0 0 0 0 0 0 0 0 0 0 0 0 0 1 1 1 1 1 1 1 1 1 0 0 1 1 1 1 1 1 1 5 1 1 1 2 9 253 255 2 1 1 1 0 0 1 1 0 1 1 1 210 14 1 1 1 0 0 0 0 0 0 0 0 0 0 0 1 1 1 1 2 7 8 6 1 1 1 1 1 0 0 1 1 1 1 1 1 1 1 1 1 10 189 219 147 4 5 247 4 2 7 9 5 1 1 1 18 26 1 4 1 1 1 1 0 0 0 0 0 1 6 1 0 1 1 1 2 2 1 1 1 1 1 0 1 4 1 1 1 1 1 1 132 252 253 244 140 114 6 1 1 1 1 1 1 0 1 3 1 1 1 2 4 1 0 0 0 1 1 1 1 2 1 1 1 1 1 1 2 1 1 1 1 1 2 30 2 1 1 12 3 1 2 1 0 0 0 1 1 26 9 0 1 0 0 1 2 1 1 0 1 2 1 0 0 1 1 1 1 1 1 1 1 1 0 0 1 1 1 51 254 80 1 1 1 105 2 1 0 0 1 1 1 1 1 1 1 1 1 1 0 0 1 1 1 1 1 0 0 1 1 1 1 0 0 1 1 1 1 1 234 1 1 1 9 17 1 0 0 0 1 1 1 0 1 1 1 1 8 1 1 1 1 1 1 1 1 1 1 2 172 127 1 1 0 0 0
0 0 0 0 0 0 0 1 1 1 1 0 0 1 1 1 1 1 1 1 1 1 1 1 1 1 1 1 1 18 241 232 3 1 1 1 0 0 0 0 0 0 0 0 0 0 0 0 0 0 0 0 0 0 0 0 0 0 0 0 0 0 0 0 0 0 2 26 1 0 0 0 0 0 0 0 1 1 0 0 0 0 0 6 23 0 0 0 0 0 0 12 1 0 0 0 0 0 1 155 7 1 0 0 0 0 0 0 0 0 0 0 0 0 0 25 1 0 0 0 1 1 1 1 10 70 73 21 1 1 1 1 1 232 221 7 208 244 247 241 159 1 1 1 1 1 1 1 3 1 15 1 1 0 0 0 0 0 0 1 1 1 1 217 255 255 255 43 1 1 1 1 1 1 1 1 1 82 139 132 29 1 1 1 0 1 1 0 0 0 1 2 44 1 1 1 0 0 1 0 0 0 0 0 0 0 0 0 0 0 0 0 0 0 0 0 0 0 0 0 0 1 1 1 1 1 1 1 1 1 1 1 1 1 5 1 1 1 1 3 1 75 255 35 1 1 1 0 0 1 1 1 1 1 1 23 206 1 1 1 1 0 1 0 0 0 0 0 0 1 1 1 1 1 1 0 1 1 1 6 2 1 1 1 0 1 1 0 0 0 0 0 1 1 1 1 1 1 4 156 216 219 244 22 6 1 1 1 1 1 1 1 58 2 4 1 1 1 1 0 0 0 0 0 1 6 1 1 2 2 1 1 1 0 0 0 1 1 1 1 3 1 1 1 2 161 252 253 222 13 8 4 50 24 8 11 8 1 1 1 1 3 1 0 0 0 1 4 2 1 1 1 1 1 1 3 1 0 0 0 0 0 1 2 1 1 1 1 7 25 1 1 4 8 1 1 2 1 1 1 0 0 1 1 55 1 0 1 0 1 2 1 0 1 1 1 1 0 0 1 1 1 1 1 1 1 1 1 0 0 0 1 1 15 254 127 1 1 0 1 27 83 1 0 0 1 1 1 1 1 0 1 1 1 1 0 0 0 0 1 1 0 1 1 1 1 1 1 1 1 1 1 1 1 75 220 1 1 20 11 1 0 0 1 2 1 1 0 0 0 1 1 11 1 0 1 1 1 1 1 0 1 1 6 179 109 1 1 0 1 1 1
0 0 0 0 0 1 1 1 1 0 0 1 1 1 0 0 0 0 0 0 0 0 0 1 1 1 1 1 1 1 1 192 247 128 1 0 0 0 0 0 0 0 0 0 0 0 0 0 0 0 0 0 0 0 0 0 0 0 0 0 0 0 0 0 0 0 10 8 1 1 0 0 0 0 0 0 0 1 0 0 0 0 0 1 49 1 0 0 0 0 1 15 0 0 0 0 0 0 5 156 1 1 0 0 0 0 0 0 0 0 0 0 0 0 0 21 1 0 0 1 1 0 1 1 1 1 1 21 71 73 75 56 120 255 244 244 188 10 1 1 1 1 1 1 1 1 1 1 3 1 8 3 1 1 0 0 0 0 1 1 0 0 1 1 1 2 253 255 255 130 1 1 1 1 1 1 1 1 1 4 103 131 3 1 1 1 1 1 0 0 0 1 9 22 1 1 1 0 1 1 1 1 1 1 0 0 0 0 0 0 0 0 0 0 0 1 0 0 0 0 0 0 0 0 0 0 0 0 1 1 1 1 1 4 1 1 1 1 2 1 1 4 255 254 1 1 1 1 0 0 1 1 1 1 1 1 165 123 1 1 1 1 1 0 0 0 0 1 1 1 0 0 0 0 0 1 1 1 1 1 3 4 1 1 1 0 0 0 0 0 0 0 1 0 1 1 1 1 1 1 4 114 235 232 56 2 1 1 1 1 1 1 3 68 3 1 1 1 1 1 0 1 1 1 1 11 2 1 1 1 1 1 0 0 0 0 0 1 1 1 1 3 3 192 252 253 215 6 2 5 1 1 10 36 1 1 1 9 2 1 1 2 1 0 0 0 1 2 1 3 1 1 1 1 3 1 1 0 0 0 0 0 0 1 1 1 1 21 14 1 1 7 3 1 1 2 1 1 1 1 0 1 1 50 1 0 0 1 1 2 7 1 0 1 1 1 0 0 0 0 1 1 1 1 1 1 1 1 0 1 1 1 3 254 181 1 1 0 1 16 5 79 1 1 0 1 1 1 1 1 1 1 1 0 1 1 1 1 1 1 1 1 1 1 1 1 1 2 1 1 1 1 1 1 226 91 26 22 6 1 0 0 1 2 1 1 1 0 0 1 1 12 1 0 1 1 1 1 0 0 1 1 14 184 90 1 1 1 1 1 1 1
0 0 0 0 1 1 1 0 1 1 1 0 0 0 0 0 0 0 0 0 0 0 0 0 0 0 0 0 1 1 1 1 77 244 214 1 0 0 0 0 0 0 0 0 0 0 0 0 0 0 0 0 0 0 0 0 0 0 0 0 0 0 0 0 0 1 32 1 0 1 1 0 0 0 0 0 0 1 0 0 0 0 0 0 7 20 0 0 0 1 14 1 0 0 0 0 0 0 145 16 1 0 0 0 0 0 0 0 0 0 0 0 0 0 0 9 4 0 0 1 1 1 1 0 1 1 0 1 1 1 1 50 255 48 1 1 2 3 1 1 1 1 1 0 0 0 0 1 3 1 2 8 1 1 0 1 1 1 1 0 0 0 1 1 0 0 1 1 201 255 255 238 126 38 2 1 1 1 1 1 1 5 135 80 1 1 1 1 0 0 0 0 1 12 36 2 1 1 1 1 1 1 1 1 1 1 1 1 1 1 1 1 1 1 1 1 1 1 1 1 1 0 0 0 0 0 0 0 0 0 0 1 3 2 1 1 0 1 3 1 1 1 153 255 9 1 1 1 1 0 0 1 1 1 1 1 2 213 4 1 1 1 1 0 0 1 1 1 0 0 0 0 0 0 0 1 1 0 0 1 1 2 5 1 1 1 1 0 0 0 0 0 1 1 0 1 1 1 2 1 1 29 1 108 240 240 107 3 1 1 1 1 1 55 10 2 1 1 1 1 1 1 2 2 1 5 1 1 0 1 1 0 0 0 0 0 0 1 1 1 3 158 252 252 208 5 1 1 5 1 1 1 1 54 1 1 1 1 6 6 4 1 0 0 0 1 1 2 1 1 3 1 1 3 1 1 0 0 0 0 0 1 1 1 2 2 30 4 1 1 11 1 1 2 2 1 1 1 1 1 0 1 2 44 0 0 1 1 1 3 1 6 1 1 1 1 0 0 1 1 1 1 1 1 1 1 1 1 1 1 1 1 254 214 1 0 1 3 20 1 1 16 37 1 0 1 1 1 1 1 1 1 0 1 1 1 1 1 1 1 1 1 1 1 1 1 1 3 7 1 1 1 1 31 231 1 1 1 1 0 0 1 2 1 0 0 0 0 1 1 12 1 0 1 1 1 1 1 1 1 1 26 191 77 1 1 1 1 1 1 1 1
0 0 0 1 1 1 0 1 1 0 0 0 0 0 0 0 0 0 0 0 0 0 0 0 0 0 0 0 0 1 0 0 1 1 219 246 23 0 0 0 0 0 0 0 0 0 0 0 0 0 0 0 0 0 0 0 0 0 0 0 0 0 0 0 0 1 35 1 0 0 0 0 0 0 0 0 0 1 0 0 0 0 0 0 1 49 1 0 1 12 1 0 0 0 0 0 0 1 165 1 1 0 0 0 0 0 0 0 0 0 0 0 0 0 0 2 16 0 0 0 1 1 0 0 1 0 1 1 1 1 17 255 83 1 1 0 4 1 1 1 1 0 0 0 0 0 1 3 1 1 1 15 1 1 1 0 0 0 0 0 0 0 0 0 0 0 0 1 1 1 194 255 255 255 255 255 255 202 10 2 1 1 1 55 130 3 1 1 1 1 0 0 0 1 3 42 45 10 1 1 1 1 1 0 1 1 1 1 1 1 1 1 1 1 1 1 3 7 13 15 15 3 1 0 0 0 0 0 0 0 0 1 4 1 0 0 1 1 2 1 1 1 7 255 224 1 1 1 1 1 0 0 1 1 0 1 1 58 195 1 1 1 1 1 1 1 0 0 0 0 0 0 0 0 1 1 1 0 0 0 0 1 1 6 1 1 1 1 0 0 0 1 1 1 1 2 2 1 1 1 7 7 1 1 1 58 235 243 158 4 1 1 1 49 1 6 8 1 1 2 2 1 1 1 1 4 1 0 1 1 0 0 0 0 0 1 1 1 1 1 209 253 215 5 1 1 1 5 1 1 1 1 1 63 1 0 1 1 1 5 10 1 1 1 1 0 1 2 0 0 1 5 2 1 1 0 0 0 1 1 1 1 1 8 39 29 1 1 1 11 1 1 2 1 1 1 1 1 1 0 1 1 57 1 0 1 1 1 2 1 1 5 1 2 1 1 0 1 1 1 1 1 1 1 1 1 1 1 1 1 1 254 230 1 1 1 8 8 1 0 0 1 73 1 1 1 1 0 0 1 1 1 1 1 0 1 1 1 1 1 1 1 1 1 1 1 1 18 26 6 1 1 1 221 90 1 1 2 1 1 1 2 1 0 0 0 0 1 4 8 1 0 1 1 1 0 0 1 1 1 39 195 42 1 1 1 1 1 1 1 1 1
0 0 1 1 1 0 1 1 0 0 0 0 0 0 0 0 0 0 0 0 0 0 0 0 0 0 0 0 0 0 0 0 0 0 1 100 248 183 1 0 0 0 0 0 0 0 0 0 0 0 0 0 0 0 0 0 0 0 0 0 0 0 0 0 1 26 2 0 0 0 0 0 0 0 0 0 0 1 0 0 0 0 0 0 0 8 17 1 7 2 0 0 0 0 0 0 0 85 85 1 1 0 0 0 0 0 0 0 0 0 0 0 0 0 0 1 22 0 0 0 1 1 0 1 1 0 1 1 1 13 255 104 1 1 1 1 2 3 1 0 0 0 0 0 0 0 1 3 1 0 1 3 7 2 1 1 0 0 0 0 0 0 0 0 0 0 0 0 1 1 1 1 1 1 1 3 240 255 255 255 255 255 3 1 8 133 49 1 1 1 1 1 0 0 1 1 1 19 48 40 4 1 1 1 1 1 3 8 13 16 16 16 16 15 14 11 6 2 1 1 1 7 5 1 1 1 1 1 1 1 1 6 1 1 1 0 1 1 2 1 0 1 1 234 255 4 1 1 1 1 1 0 1 1 1 1 1 1 186 81 1 1 1 1 0 0 0 0 0 0 0 0 0 0 1 1 0 0 0 0 0 0 1 1 6 1 1 1 1 1 1 1 1 2 2 1 1 0 1 1 31 1 1 1 1 1 1 17 225 246 199 8 10 24 1 1 3 14 12 2 1 1 1 0 1 3 1 1 1 0 0 0 0 0 0 1 1 1 3 223 252 113 1 1 1 1 6 1 1 1 1 1 1 65 1 0 0 1 1 1 1 7 2 1 1 0 1 2 0 1 1 1 2 1 1 1 1 1 1 6 25 34 33 24 6 1 1 1 11 1 1 2 1 1 0 1 1 1 0 1 1 3 43 0 1 1 2 1 2 1 1 1 6 4 3 1 1 1 1 1 1 0 0 1 1 1 1 1 1 1 254 245 1 1 1 1 26 1 1 0 1 1 1 73 1 1 1 0 0 1 1 1 1 1 0 1 1 1 1 1 1 1 1 1 1 1 19 6 1 15 14 1 38 231 1 1 3 1 1 1 1 1 0 0 0 1 1 8 3 1 1 1 1 1 0 0 0 1 1 57 195 27 1 1 1 1 1 1 1 1 0 1
0 1 1 1 0 1 1 0 0 0 0 0 0 0 0 0 0 0 0 0 0 0 0 0 0 0 0 0 0 0 0 0 0 0 0 1 1 235 240 3 0 0 0 0 0 0 0 0 0 0 0 0 0 0 0 0 0 0 0 0 0 0 0 1 5 16 0 0 0 0 0 1 0 0 0 0 0 1 1 1 0 0 0 0 0 1 48 5 4 0 0 0 0 0 0 0 0 157 3 1 1 1 0 0 0 0 0 0 0 0 0 0 0 0 1 2 15 0 0 0 0 1 1 1 0 1 1 1 2 255 120 1 1 0 1 1 1 5 0 0 0 0 0 0 0 1 3 1 0 0 1 2 1 4 7 5 1 1 1 1 1 2 2 1 0 0 0 0 1 0 1 1 0 0 0 1 1 1 1 1 1 249 255 1 1 1 83 121 3 1 1 1 1 1 1 1 3 5 9 24 73 82 71 25 14 11 6 2 1 1 1 1 1 1 1 1 1 1 1 1 1 1 3 13 11 2 1 1 1 1 6 1 0 1 1 1 1 1 2 1 1 1 1 22 255 118 1 1 1 1 1 1 0 1 1 1 1 1 3 215 2 1 1 1 1 0 0 0 0 0 0 0 0 1 1 0 0 0 0 0 0 0 0 0 1 4 2 1 1 1 1 2 1 1 1 0 0 0 1 2 21 1 1 1 1 1 1 1 1 7 209 246 231 35 3 1 1 1 1 4 9 3 1 1 3 2 1 1 0 0 0 0 0 1 1 1 2 4 232 252 52 2 1 1 1 9 1 1 0 1 1 1 1 65 1 0 0 1 2 1 1 1 4 5 1 1 1 2 1 1 1 1 1 2 1 3 23 35 31 15 2 1 6 1 1 2 1 11 1 1 2 1 1 0 0 1 3 3 1 1 1 58 1 0 1 2 1 1 1 1 1 1 1 1 1 2 2 1 1 1 1 1 1 1 1 1 1 1 1 251 251 1 1 1 1 1 2 17 1 0 1 1 1 8 45 1 1 1 1 1 1 1 1 1 1 8 30 32 31 29 27 24 17 20 26 24 2 1 1 1 6 26 217 100 27 7 1 1 1 1 0 0 0 0 1 1 7 2 0 1 1 1 1 0 0 1 1 1 69 192 14 1 0 0 1 1 0 1 1 0 1 1
1 1 1 0 1 1 0 0 0 0 0 0 0 0 0 0 0 0 0 0 0 0 0 0 0 0 0 0 0 0 0 0 0 0 0 0 0 1 156 248 136 1 0 0 0 0 0 0 0 0 0 0 0 0 0 0 0 0 0 0 0 0 1 2 26 1 0 0 0 0 0 1 1 0 0 0 0 0 0 1 1 1 0 0 0 0 9 22 1 0 0 0 0 0 0 0 2 159 1 0 1 1 0 0 0 0 0 0 0 0 0 0 0 0 1 20 1 0 0 0 1 1 1 1 1 1 1 1 221 251 1 1 0 1 1 1 1 5 0 0 0 0 0 0 0 1 3 1 0 0 1 2 1 1 1 1 4 6 6 6 4 2 2 4 2 1 1 1 1 1 1 1 0 0 0 0 0 0 1 1 1 1 255 230 1 1 1 14 134 137 138 137 135 132 132 132 92 6 3 1 1 1 2 25 36 11 1 1 1 1 1 1 1 0 0 0 1 1 1 0 0 1 1 1 1 8 14 7 1 5 1 0 0 1 1 1 1 1 2 1 1 1 1 2 255 255 2 1 1 1 0 1 1 0 1 1 1 1 1 118 166 1 1 1 1 1 0 0 0 0 0 0 0 1 1 0 0 0 0 0 0 0 0 0 0 1 3 3 2 2 1 1 1 0 0 1 1 1 1 26 1 1 1 1 1 1 1 1 1 1 1 4 211 243 231 38 1 1 1 1 1 6 3 3 7 1 1 1 0 1 1 1 1 1 1 2 2 240 250 24 1 1 3 1 6 1 1 1 1 1 1 1 1 64 1 0 1 2 1 1 0 1 1 2 8 1 1 2 2 1 1 3 16 31 43 24 3 1 1 1 1 3 2 1 1 4 5 2 1 2 1 1 0 0 1 2 1 1 3 1 25 10 1 1 2 1 1 1 1 1 1 1 1 0 1 1 1 1 1 0 0 0 1 1 1 1 1 1 200 254 1 1 1 2 1 1 1 1 20 1 1 1 0 1 22 74 31 1 1 1 1 1 1 1 8 13 1 1 1 1 1 3 4 3 1 1 1 1 1 1 1 66 215 1 1 29 9 1 2 1 1 1 0 0 1 1 9 1 1 1 1 1 1 0 1 1 1 80 188 7 1 0 0 0 1 0 1 1 1 1 1 0
1 1 1 1 1 0 0 0 0 0 0 0 0 0 0 0 0 0 0 0 0 0 0 0 0 0 0 0 0 0 0 0 0 0 0 0 0 0 0 6 242 230 1 0 0 0 0 0 0 0 0 0 0 0 0 0 0 0 0 0 0 1 1 34 1 0 0 0 0 0 0 0 1 0 0 0 0 0 0 0 1 1 1 0 0 1 19 1 0 0 0 0 0 0 0 0 131 34 1 0 1 1 0 0 0 0 0 0 0 0 0 0 0 0 6 7 0 0 0 1 1 0 0 1 1 1 1 12 209 251 1 1 1 1 2 2 2 2 1 0 0 0 0 0 0 3 1 0 0 0 1 2 0 1 0 0 1 1 1 0 0 0 0 1 4 1 0 0 0 0 0 0 0 0 0 0 0 0 0 0 1 1 16 255 3 1 1 1 1 1 1 1 1 1 1 1 64 101 67 2 1 1 1 1 1 7 31 34 8 1 1 1 1 1 1 1 1 0 1 1 1 0 1 1 1 1 1 3 12 2 1 1 1 0 1 1 0 1 2 1 1 1 1 1 79 255 38 1 1 1 1 1 1 1 0 1 1 1 1 1 212 9 1 1 1 1 0 0 0 0 0 0 1 1 0 0 0 0 0 0 0 0 0 0 0 1 1 5 3 1 1 1 0 0 0 0 0 1 1 32 1 1 0 0 1 1 1 1 1 1 1 12 37 6 122 241 236 82 2 1 1 1 3 1 10 4 1 1 1 1 1 1 1 1 2 3 247 249 8 1 1 1 4 6 1 1 1 1 1 1 1 1 1 58 1 1 1 1 1 1 0 0 1 1 1 10 3 11 20 35 35 25 5 1 1 2 1 1 1 4 6 2 1 0 1 4 12 1 2 1 0 1 1 1 2 1 0 1 1 7 54 1 3 3 1 1 2 1 1 1 1 1 1 1 1 1 1 1 1 1 0 0 1 1 0 1 1 51 255 28 1 1 2 1 0 0 1 2 2 5 1 1 1 1 0 1 17 82 13 1 1 1 0 1 36 2 1 1 1 1 1 1 1 1 1 1 1 1 1 1 1 212 65 1 1 1 12 43 1 1 0 1 1 1 1 13 1 1 1 1 0 1 0 1 1 1 93 185 5 1 1 1 0 0 0 1 1 1 1 1 0 0
1 1 1 1 0 0 0 0 0 0 0 0 0 0 0 0 0 0 0 0 0 0 0 0 0 0 0 0 0 0 0 0 0 0 0 0 0 0 0 0 1 195 248 72 1 0 0 0 0 0 0 0 0 0 0 0 0 0 0 0 1 1 34 1 1 0 0 0 0 0 0 0 0 0 0 0 0 0 0 0 0 0 1 1 1 16 1 0 0 0 0 0 0 0 0 1 161 2 0 0 1 1 0 0 0 0 0 0 0 0 0 0 0 0 23 1 0 0 0 1 0 0 0 0 0 0 5 6 73 255 1 1 1 2 1 1 0 1 1 1 0 0 0 0 1 4 1 0 0 0 1 2 0 1 1 1 1 0 0 0 0 0 0 1 4 1 0 0 0 0 0 0 0 0 0 0 0 0 0 0 0 1 1 255 253 1 1 1 1 0 1 1 1 1 1 1 1 3 20 114 81 1 1 1 1 1 1 1 11 36 33 5 1 1 1 1 1 1 1 1 1 0 0 1 1 0 1 1 3 1 1 1 1 1 1 1 1 1 2 1 1 1 1 1 3 255 252 2 1 1 1 1 1 1 1 1 1 1 1 1 45 200 1 1 1 1 1 0 0 0 0 0 1 1 0 0 0 0 0 0 0 0 0 1 1 1 1 1 2 3 1 1 1 1 0 0 0 1 9 7 1 0 0 0 0 1 1 1 1 1 2 11 4 21 1 1 69 236 241 135 2 1 3 1 8 1 1 2 1 1 1 1 1 1 5 249 248 4 1 1 1 1 17 1 1 1 0 1 1 1 1 1 1 34 7 1 1 1 1 1 1 1 1 2 19 37 61 51 17 1 1 1 1 1 1 1 1 1 5 2 1 1 0 0 1 5 10 1 3 1 0 1 1 3 1 0 1 1 1 60 2 2 1 0 1 2 1 1 1 1 1 1 0 1 1 0 1 0 1 1 1 1 1 1 1 1 51 254 132 1 1 3 1 1 0 1 3 1 1 1 6 6 3 3 3 1 2 2 30 12 1 1 1 36 1 1 2 1 0 0 0 1 1 1 1 1 1 0 0 0 3 227 1 1 1 1 1 3 48 2 1 1 1 1 1 16 1 1 1 0 0 1 1 1 2 106 179 3 1 1 1 1 0 0 1 1 1 1 0 0 0 0
1 1 1 0 0 0 0 0 0 0 0 0 0 0 0 0 0 0 0 0 0 0 0 0 0 0 0 0 0 0 0 0 0 0 0 0 0 0 0 0 0 0 40 246 207 1 0 0 0 0 0 0 0 0 0 0 0 0 0 0 1 25 2 1 0 0 0 0 0 0 0 0 0 0 0 0 0 0 0 0 0 0 0 1 7 15 1 0 0 0 0 0 0 0 0 2 161 1 0 0 1 1 1 0 0 0 0 0 0 0 0 0 0 0 3 11 1 0 1 1 0 0 1 1 1 1 19 1 4 255 1 1 2 1 0 0 0 1 2 1 0 0 0 1 1 3 1 0 0 1 2 1 0 0 1 0 0 0 0 0 0 0 0 1 5 1 0 0 0 0 0 0 0 0 0 0 0 0 0 0 0 0 1 1 255 117 1 1 1 1 0 0 0 0 0 1 1 1 1 1 61 105 39 1 1 0 0 0 1 1 1 15 36 27 2 1 1 1 1 1 1 1 1 1 1 0 1 3 1 0 0 1 1 1 1 1 1 1 1 1 1 1 1 1 1 165 255 12 1 1 1 1 1 0 1 1 1 1 1 1 1 191 65 1 1 0 1 0 0 0 0 1 1 0 0 0 0 0 0 0 0 1 1 1 1 1 1 1 1 2 3 1 1 1 1 0 0 1 31 1 1 0 0 0 0 1 1 1 1 1 17 1 1 34 1 1 1 1 23 228 243 193 5 4 10 1 1 1 1 2 2 2 1 15 250 240 2 1 1 1 1 4 7 1 1 1 0 0 0 1 1 1 1 5 40 2 1 1 1 2 16 35 39 29 5 1 1 3 1 3 4 2 1 1 1 1 1 2 7 1 1 0 0 1 3 13 2 3 1 1 1 3 1 1 0 1 1 1 47 3 0 0 0 1 1 1 1 1 1 1 1 0 1 1 1 1 1 1 1 1 1 1 1 1 1 95 255 123 1 1 2 1 1 1 1 3 1 0 0 1 1 1 1 1 1 2 11 1 1 30 9 1 33 1 1 1 1 1 1 0 0 0 1 1 0 0 1 0 1 1 201 108 1 1 1 1 1 1 1 50 1 0 0 0 1 20 1 0 1 0 0 1 1 10 120 166 2 1 1 1 1 1 1 0 1 1 1 0 0 0 0 0
0 0 0 0 0 0 0 0 0 0 0 0 0 0 0 0 0 0 0 0 0 0 0 0 0 0 0 0 0 0 0 0 0 0 0 0 0 0 0 0 0 0 0 1 220 244 13 1 0 0 0 0 0 0 0 0 0 0 0 1 12 7 1 0 0 0 0 0 0 0 0 0 1 0 0 0 0 0 0 0 0 0 0 2 1 4 16 7 1 0 0 0 0 0 1 123 43 1 0 0 1 1 1 0 0 0 0 0 0 0 0 0 0 0 0 9 4 1 1 0 0 0 1 1 1 3 8 1 1 255 1 1 2 1 0 0 0 0 1 2 1 0 0 1 4 1 0 0 0 1 2 1 0 0 0 0 0 0 0 0 0 0 0 1 5 0 0 0 0 0 0 0 0 0 0 0 0 0 0 0 0 0 0 1 154 255 82 1 1 1 1 0 0 0 0 0 0 0 1 1 1 2 64 67 1 1 1 1 1 0 0 1 1 2 24 34 16 1 1 1 0 0 0 1 1 1 1 3 1 0 0 0 1 1 1 1 1 2 1 1 1 1 1 1 1 5 255 199 2 1 1 1 1 1 1 1 1 1 1 1 1 5 212 2 1 0 0 1 0 0 0 1 1 0 0 0 0 0 0 1 1 1 1 1 1 1 1 1 1 1 1 4 1 1 1 1 0 4 15 1 1 0 0 0 1 1 1 1 1 1 14 1 1 37 1 1 1 1 1 1 5 205 243 226 56 1 1 1 1 1 1 1 37 252 232 2 1 1 1 1 3 2 3 1 1 0 0 0 1 0 1 1 1 3 59 3 9 33 39 32 7 1 1 1 1 0 1 3 1 0 1 2 2 2 1 1 1 7 1 1 1 0 0 1 11 6 2 1 1 1 2 1 0 0 0 1 1 37 6 0 0 0 1 1 1 1 1 1 1 1 0 1 1 1 1 1 1 1 1 0 1 1 1 1 73 255 78 1 1 2 1 0 1 1 3 1 1 0 0 0 1 1 0 0 0 2 3 1 0 1 41 47 2 1 1 1 1 2 2 1 0 1 1 1 0 0 0 0 1 1 228 1 1 1 1 1 1 1 1 16 33 1 0 0 1 22 2 1 1 1 1 2 39 126 153 1 1 1 1 1 1 1 1 1 1 0 0 0 0 0 0 1
0 0 0 0 0 0 0 0 0 0 0 0 0 0 0 0 0 0 0 0 0 0 0 0 0 0 0 0 0 0 0 0 0 0 0 0 0 0 0 0 0 0 0 0 1 107 247 167 1 0 0 0 0 0 0 0 0 0 0 2 28 1 0 0 0 0 0 0 0 0 0 0 1 1 0 0 0 0 0 0 0 0 2 2 1 0 1 3 16 8 1 0 0 0 1 158 3 0 0 0 1 1 1 0 0 0 0 0 0 0 0 0 0 0 0 1 24 1 1 1 1 0 1 0 1 16 1 1 1 250 209 1 2 1 0 0 0 0 0 1 2 1 1 3 1 0 0 0 0 1 2 1 0 0 0 0 0 0 0 0 0 1 1 1 4 0 0 0 0 0 0 0 0 0 0 0 0 0 0 0 0 0 0 0 1 195 255 208 2 1 1 1 1 1 0 0 0 0 0 1 1 1 1 60 105 27 2 1 1 1 1 0 0 0 1 1 5 30 30 5 1 1 1 0 1 1 1 3 1 0 0 1 1 1 1 1 1 2 1 1 0 0 1 1 1 1 240 255 18 1 1 1 1 1 1 1 0 1 1 1 1 1 127 159 1 1 0 1 0 0 1 1 0 0 0 0 0 1 1 1 1 0 0 1 1 0 1 1 0 1 1 1 4 1 1 1 1 28 1 1 1 0 1 1 1 0 1 1 1 15 1 1 1 38 1 0 1 0 1 1 1 1 2 148 246 236 52 1 1 1 1 77 252 225 1 1 1 1 1 3 2 1 3 1 0 0 1 1 1 1 1 2 27 84 113 49 21 2 1 1 1 1 1 1 1 0 1 3 1 0 1 1 1 1 1 2 2 12 1 1 1 1 1 5 19 5 1 1 1 1 1 0 0 0 1 1 21 18 1 0 0 0 1 1 1 1 1 1 1 1 1 1 1 0 1 1 1 1 0 1 1 1 1 2 254 117 1 1 2 1 0 0 1 3 1 1 0 0 0 1 1 1 1 0 1 11 1 0 1 1 4 99 2 1 1 0 0 1 1 3 1 2 3 1 0 0 0 1 1 156 176 1 1 1 0 1 0 1 2 2 47 2 1 1 6 1 11 19 12 7 12 28 109 136 1 1 1 1 0 1 1 1 1 1 1 0 0 0 0 0 1 1
0 0 0 0 0 0 0 0 0 0 0 0 0 0 0 0 0 0 0 0 0 0 0 0 0 0 0 0 0 0 0 0 0 0 0 0 0 0 0 0 0 0 0 0 0 0 2 237 237 2 1 0 0 0 0 0 0 0 1 37 1 0 0 0 0 0 0 0 0 0 0 0 0 1 1 0 0 0 0 0 0 1 2 0 0 0 0 0 1 3 15 15 2 1 1 165 1 0 0 0 1 1 1 1 0 0 0 0 0 0 0 0 0 0 1 1 24 1 1 0 1 1 1 1 1 14 1 1 1 5 255 1 1 2 0 0 0 0 0 1 1 2 1 2 1 0 0 1 0 1 2 1 1 1 0 0 0 0 0 1 1 1 1 4 1 0 0 0 0 0 0 0 0 0 0 0 0 0 0 0 0 0 0 0 1 1 63 255 255 177 3 1 1 1 1 1 0 0 0 0 0 1 1 1 1 50 104 86 8 1 1 1 1 1 1 1 0 1 1 15 33 25 2 1 1 1 1 3 1 1 1 1 1 1 1 0 1 2 1 1 0 0 1 1 1 1 3 255 252 5 1 1 1 1 1 1 0 0 1 1 1 1 1 207 16 1 1 0 0 0 1 1 0 0 0 0 1 1 1 0 0 0 1 1 1 0 1 1 0 0 1 1 1 4 1 1 1 30 1 1 1 1 1 0 0 0 0 1 1 15 1 1 1 38 1 1 0 1 1 1 1 1 1 1 13 83 238 238 74 1 119 252 212 1 1 1 1 1 2 3 1 1 3 1 1 1 1 1 15 69 86 80 34 2 10 7 5 1 1 1 1 1 1 1 1 1 1 1 2 1 1 1 1 1 1 1 1 17 1 1 1 1 2 35 5 1 1 2 1 1 0 0 0 0 1 8 33 1 0 0 0 1 2 1 1 1 1 1 1 1 1 1 1 0 1 1 1 0 1 1 1 1 1 254 227 1 1 1 1 1 0 1 3 1 1 0 0 0 1 1 0 1 1 1 2 4 0 0 1 1 36 26 8 1 1 0 0 0 0 1 3 1 1 2 1 0 0 0 1 228 2 1 1 1 1 1 1 1 4 1 1 45 8 4 1 0 1 1 2 9 4 100 142 1 1 1 1 0 0 1 1 1 1 1 0 0 0 1 1 1 1 1
0 0 0 0 0 0 0 0 0 0 0 0 0 0 0 0 0 0 0 0 0 0 0 0 0 0 0 0 0 0 0 0 0 0 0 0 0 0 0 0 0 0 0 0 0 0 0 1 167 247 107 1 1 0 0 0 0 1 10 9 0 0 0 0 0 0 0 0 0 0 0 0 0 0 1 1 0 0 0 0 0 3 1 0 0 0 0 0 0 0 1 1 10 17 69 134 1 0 0 1 1 1 1 1 1 0 1 1 0 0 0 1 1 0 1 1 24 1 137 248 63 18 18 18 13 1 2 242 255 255 250 1 1 2 1 0 1 2 3 2 2 2 5 1 1 0 0 1 1 1 7 4 3 1 1 1 2 3 2 1 1 1 4 1 1 0 0 0 0 0 0 0 0 0 0 0 0 0 0 0 0 0 0 1 1 1 1 1 206 255 255 255 225 13 1 1 1 1 0 0 0 0 0 1 1 1 1 9 89 105 38 2 1 1 1 1 0 0 0 1 1 2 23 35 18 2 1 3 1 1 1 1 1 1 0 0 1 2 1 1 1 0 0 1 1 1 1 40 255 222 2 1 1 1 1 1 0 0 0 1 1 1 1 25 204 1 1 1 1 1 1 0 0 0 1 1 1 1 0 0 0 0 1 0 0 1 1 1 0 0 0 0 1 1 3 2 13 5 1 1 1 1 0 0 0 0 0 1 14 1 1 1 1 38 1 1 1 1 1 1 1 1 1 1 9 1 1 49 235 249 253 195 1 1 1 1 1 2 4 1 1 1 3 2 9 64 86 85 50 5 1 1 1 1 7 1 7 42 34 30 27 27 24 18 13 6 4 6 15 5 4 2 3 2 1 2 1 9 1 1 1 4 24 9 1 0 1 1 0 0 0 0 0 1 2 52 1 0 0 0 0 1 1 1 1 1 1 1 1 1 1 1 1 1 1 1 0 0 0 1 1 1 251 251 1 1 1 1 1 0 1 1 2 1 0 0 0 1 1 1 0 1 1 1 14 2 1 1 1 43 1 1 48 1 1 1 0 0 0 0 1 1 1 3 1 1 0 0 64 214 1 1 1 1 1 1 1 3 1 1 0 1 53 6 1 0 1 1 2 3 50 177 1 1 0 0 1 0 0 0 1 1 1 1 0 0 0 0 0 0 1 1
0 0 0 0 0 0 0 0 0 0 0 0 0 0 0 0 0 0 0 0 0 0 0 0 0 0 0 0 0 0 0 0 0 0 0 0 0 0 0 0 0 0 0 0 0 0 0 0 0 12 243 220 1 1 0 0 0 1 35 1 0 0 0 0 0 0 0 0 0 0 0 0 0 0 0 1 1 0 0 0 2 1 0 0 0 0 0 0 0 0 0 0 0 0 149 59 16 3 1 1 1 1 0 0 1 0 1 1 1 0 0 1 1 1 1 1 21 135 255 226 255 247 2 1 1 132 255 232 6 3 1 1 0 2 1 1 2 1 1 1 0 1 4 1 0 0 1 1 1 3 5 1 1 4 4 3 2 1 2 3 4 3 1 0 0 0 0 0 0 0 0 0 0 0 0 0 0 0 0 0 0 0 1 1 1 1 0 1 1 1 3 225 255 255 253 6 1 1 1 1 1 0 1 1 0 1 1 1 1 2 53 104 85 8 1 1 1 0 0 0 0 1 1 2 3 22 34 26 2 1 1 1 0 0 1 1 1 2 1 0 1 1 0 0 1 1 1 1 156 255 139 2 1 1 1 1 0 0 0 0 1 1 1 1 176 101 1 1 1 1 1 0 1 1 1 1 0 0 0 0 0 0 1 0 0 1 1 1 0 0 0 0 0 1 1 3 43 1 1 0 1 1 0 0 0 0 1 1 13 1 0 0 1 36 1 1 1 1 1 1 1 1 1 1 8 1 1 1 223 255 205 57 16 1 1 1 2 5 1 1 4 46 86 96 62 7 1 1 1 1 1 1 2 23 50 26 17 7 12 9 7 6 7 11 16 26 31 25 31 29 29 28 28 29 35 28 6 8 1 1 4 2 30 1 0 1 1 0 0 0 0 0 0 1 62 1 1 0 0 0 1 2 1 1 1 1 1 1 1 1 1 1 1 1 1 1 1 0 1 1 1 224 254 1 1 1 1 1 1 1 1 1 4 1 0 0 0 1 1 0 0 1 1 1 6 2 2 3 44 1 1 1 5 39 1 1 0 0 0 0 0 0 1 1 5 1 0 1 224 13 0 1 0 0 1 1 4 1 1 1 1 0 15 21 0 0 1 2 1 4 166 62 1 1 0 0 1 0 0 0 1 1 1 0 1 1 1 1 1 0 1 1
0 0 0 0 0 0 0 0 0 0 0 0 0 0 0 0 0 0 0 0 0 0 0 0 0 0 0 0 0 0 0 0 0 0 0 0 0 0 0 0 0 0 0 0 0 0 0 0 0 0 1 205 246 36 1 1 1 29 1 0 0 0 0 0 0 0 0 0 0 0 0 0 0 0 0 0 0 1 0 0 4 0 0 0 0 0 0 0 0 0 0 0 0 1 160 2 1 9 5 1 1 0 0 0 1 1 1 1 1 0 1 1 1 1 1 1 35 255 17 1 1 221 255 255 255 254 15 1 1 1 1 1 0 1 1 1 1 1 1 1 0 0 4 1 0 1 1 1 2 10 1 0 0 1 1 0 0 0 0 1 1 1 1 0 0 0 0 0 0 0 0 0 0 0 0 0 0 0 0 0 0 1 1 1 1 0 0 0 0 0 0 1 1 2 255 255 9 1 1 1 1 1 1 1 1 0 1 1 1 1 1 1 8 87 103 54 3 1 1 1 1 1 1 1 1 1 2 8 17 21 7 1 1 1 1 1 1 2 1 0 1 1 1 0 1 1 1 1 1 238 255 66 1 1 1 1 1 0 0 0 0 1 1 1 2 214 2 1 1 1 1 1 1 1 0 0 0 0 0 0 0 0 1 1 1 1 1 1 0 0 0 0 0 0 1 3 28 3 1 1 0 1 1 0 0 1 1 15 1 1 1 1 1 20 4 1 1 1 1 1 1 1 1 1 7 1 1 230 255 157 1 1 21 58 31 3 21 45 79 82 66 14 2 6 1 1 1 1 3 15 33 36 27 3 5 1 1 1 1 9 11 1 1 1 1 1 1 1 1 1 2 4 1 1 1 1 7 31 2 1 1 36 1 1 1 1 1 0 0 0 0 0 0 1 62 1 0 0 0 1 1 1 1 1 1 0 1 1 1 1 1 1 1 1 1 1 1 1 1 0 13 255 18 2 1 1 1 1 1 1 1 0 1 3 1 1 1 1 0 0 1 1 1 1 1 7 0 1 50 1 1 1 1 5 50 1 1 0 0 0 0 0 1 1 1 7 1 4 227 1 1 1 0 0 1 5 1 0 1 1 1 0 9 29 0 1 2 1 1 57 179 1 1 1 1 1 0 0 0 1 1 1 0 0 1 1 1 1 1 1 1 1
0 0 0 0 0 0 0 0 0 0 0 0 0 0 0 0 0 0 0 0 0 0 0 0 0 0 0 0 0 0 0 0 0 0 0 0 0 0 0 0 0 0 0 0 0 0 0 0 0 0 0 1 66 247 189 1 5 14 1 0 0 0 0 0 0 0 0 0 0 0 0 0 0 0 0 0 0 0 1 2 2 0 0 0 0 0 0 0 0 0 0 0 0 1 164 1 0 1 22 1 0 0 0 0 1 1 1 1 1 1 1 1 1 0 1 1 250 211 1 1 1 1 1 2 2 1 1 0 0 0 1 0 1 1 4 2 1 0 0 1 1 1 3 1 0 1 1 1 13 1 0 0 0 0 0 0 0 0 0 0 0 0 0 0 0 0 0 0 0 0 0 0 0 0 0 0 0 0 0 0 0 1 1 1 0 0 0 0 0 0 0 0 0 1 1 255 246 3 1 1 1 1 1 1 1 1 1 1 1 1 1 1 1 1 2 35 99 99 22 1 1 1 1 0 0 1 1 5 1 1 5 21 16 2 1 1 1 2 1 0 1 0 1 0 0 1 1 1 1 2 253 255 23 1 1 1 1 1 0 0 0 0 1 1 1 110 169 1 1 1 1 1 0 1 0 0 0 0 0 0 0 0 1 1 0 0 1 1 1 0 0 0 0 0 1 28 1 1 3 1 1 1 1 1 1 1 1 12 1 1 1 0 1 5 20 1 1 1 0 1 1 1 1 1 6 1 238 255 126 1 1 1 3 46 114 127 95 21 1 1 1 1 1 7 12 34 36 33 23 7 1 1 1 1 3 1 1 1 1 8 1 6 4 1 1 1 2 3 3 4 1 1 3 5 3 1 1 3 57 2 19 4 1 1 0 1 1 0 0 0 0 0 1 28 11 0 0 0 1 1 1 1 1 1 1 0 1 0 1 1 1 1 1 1 1 1 1 1 1 1 251 250 2 1 1 1 1 1 1 1 1 1 1 1 4 5 2 1 0 1 1 1 0 0 1 10 0 2 38 1 1 1 1 1 2 56 1 1 0 0 0 0 1 1 1 1 6 201 115 1 1 1 0 0 2 1 0 0 1 0 1 1 1 57 1 2 1 0 1 83 165 1 1 1 1 1 0 0 1 1 0 1 0 1 1 1 0 1 1 1 1 1
0 0 0 0 0 0 0 0 0 0 0 0 0 0 0 0 0 0 0 0 0 0 0 0 0 0 0 0 0 0 0 0 0 0 0 0 0 0 0 0 0 0 0 0 0 0 0 0 0 0 0 0 0 1 228 240 54 1 0 0 0 0 0 0 0 0 0 0 0 0 0 0 0 0 0 0 0 0 1 4 0 0 0 0 0 0 0 0 0 0 0 0 0 5 154 1 0 0 2 20 1 0 1 1 1 1 0 0 1 1 1 1 1 0 0 49 255 1 1 1 1 1 1 1 0 0 0 0 0 1 1 1 6 10 7 4 3 1 0 0 0 1 4 1 1 1 1 3 8 1 0 0 0 0 0 0 0 0 0 0 0 0 0 0 0 0 0 0 0 0 0 0 0 0 0 0 0 0 0 0 1 1 1 0 0 0 0 0 0 0 0 0 0 0 1 8 255 251 88 6 1 1 1 1 1 1 1 1 0 1 1 1 1 1 1 1 1 3 66 105 89 11 1 1 1 1 1 6 1 1 1 1 1 12 21 10 1 2 1 1 1 0 1 1 0 1 1 1 1 1 3 255 255 7 1 1 1 1 1 0 0 0 1 1 1 1 205 26 1 1 1 1 1 1 1 0 0 0 0 0 0 1 1 1 1 1 1 1 1 1 0 0 0 1 1 31 1 1 1 3 1 1 1 1 1 1 16 1 1 1 0 1 1 2 32 1 0 1 1 1 1 1 1 1 14 248 255 87 2 23 75 89 78 25 2 1 2 8 6 1 1 1 8 54 8 1 1 1 1 1 1 0 1 1 1 2 1 0 1 12 1 1 2 10 4 3 1 1 1 1 1 1 1 1 3 15 12 9 35 43 17 1 1 1 0 1 0 0 0 0 0 1 1 64 1 0 0 1 1 2 1 1 1 1 0 1 0 0 1 0 1 1 1 1 1 1 1 1 0 1 254 210 1 1 0 1 0 1 1 1 1 1 1 1 1 2 4 7 1 1 1 0 0 0 0 10 1 10 15 1 0 1 1 1 1 2 58 22 1 0 0 0 0 1 1 1 1 234 1 1 1 0 0 1 2 0 0 1 1 0 1 1 1 55 5 1 0 0 1 127 129 1 1 0 1 1 1 1 1 1 1 1 1 1 1 1 0 1 1 0 0 0
0 0 0 0 0 0 0 0 0 0 0 0 0 0 0 0 0 0 0 0 0 0 0 0 0 0 0 0 0 0 0 0 0 0 0 0 0 0 0 0 0 0 0 0 0 0 0 0 0 0 0 0 0 0 1 189 246 128 1 1 0 0 0 0 0 0 0 0 0 0 0 0 0 0 0 0 0 0 2 1 0 0 0 0 0 0 0 0 0 0 0 0 0 112 59 1 0 0 0 1 21 2 1 1 1 0 0 0 0 0 0 1 0 0 1 254 96 1 1 1 1 0 1 1 0 0 0 0 0 1 3 11 2 1 0 1 1 4 4 2 1 1 4 1 1 2 18 14 1 0 0 0 0 0 0 0 0 0 0 0 0 0 0 0 0 0 0 0 0 0 0 0 0 0 0 0 0 0 0 1 1 1 0 0 0 0 0 0 0 0 0 0 0 0 0 1 47 255 255 255 254 72 2 1 1 1 1 1 0 0 1 0 1 1 1 1 1 1 1 1 6 86 104 86 3 1 1 6 1 0 1 1 1 1 1 3 17 23 5 1 1 1 1 1 1 0 1 1 1 1 1 7 255 254 4 1 1 1 1 0 0 0 1 1 1 1 9 211 4 1 1 1 1 1 1 0 0 0 0 0 1 1 1 0 0 0 1 1 1 1 0 0 0 1 12 6 1 1 1 1 3 2 1 1 1 1 13 1 1 1 1 1 1 1 37 1 1 1 1 1 1 1 1 18 252 254 122 90 90 48 5 1 1 1 1 1 1 1 1 8 9 27 14 6 1 1 1 1 1 0 1 1 1 1 1 4 1 1 6 3 1 0 1 1 3 2 1 1 1 1 1 1 1 4 5 1 1 4 26 10 7 1 1 0 1 1 0 0 0 0 0 1 2 52 1 0 1 1 1 1 1 1 1 0 0 1 0 0 1 1 1 1 1 1 1 1 1 1 1 1 254 192 1 0 1 1 1 1 1 1 1 1 1 1 2 1 1 1 4 8 1 1 0 0 1 6 1 36 2 1 1 1 1 1 1 1 1 18 59 1 1 0 1 1 1 1 89 215 1 1 0 0 0 2 1 0 1 1 0 0 0 1 1 5 56 0 0 0 1 149 106 1 1 0 0 1 1 1 1 0 1 0 1 0 1 1 1 1 1 0 0 0
0 0 0 0 0 0 0 0 0 0 0 0 0 0 0 0 0 0 0 0 0 0 0 0 0 0 0 0 0 0 0 0 0 0 0 0 0 0 0 0 0 0 0 0 0 0 0 0 0 0 0 0 0 0 1 119 3 235 223 1 1 0 0 0 0 0 0 0 0 0 0 0 0 0 0 0 0 1 2 0 0 0 0 0 0 0 0 0 0 0 0 0 0 149 9 0 0 0 0 0 1 13 26 8 1 0 0 0 0 0 0 1 1 1 219 250 1 1 1 0 0 0 1 1 0 0 0 0 1 8 5 1 0 0 0 0 0 0 1 1 4 4 35 24 23 13 1 1 1 0 0 0 0 0 0 0 0 0 0 0 0 0 0 0 0 0 0 0 0 0 0 0 0 0 0 0 0 0 1 1 1 0 0 0 0 0 0 0 0 0 0 0 0 0 0 0 1 1 2 59 253 255 252 29 1 1 1 1 1 0 1 1 1 1 1 1 1 1 1 1 1 1 1 6 105 46 2 4 1 1 1 1 1 0 0 1 1 2 7 19 12 2 1 1 1 1 0 1 1 1 1 1 19 255 245 3 1 1 1 1 1 1 1 1 0 1 1 36 211 22 1 1 0 1 1 1 0 0 0 1 1 0 0 0 0 0 1 1 1 1 0 0 1 1 33 1 1 0 1 1 1 2 2 1 1 15 1 1 1 1 0 1 1 1 41 1 1 1 1 1 1 1 146 255 253 109 8 1 1 1 1 1 1 1 1 1 1 1 1 17 42 7 3 7 1 1 1 1 1 1 1 0 0 1 1 4 1 2 11 1 0 0 0 0 1 1 4 1 1 1 1 1 7 1 1 1 23 16 1 1 3 11 1 1 1 1 0 0 0 0 1 1 60 1 0 1 1 1 1 1 1 1 1 0 0 0 0 0 0 0 1 1 0 1 0 1 1 1 1 1 254 211 1 0 1 1 1 1 1 0 1 1 1 1 1 1 1 1 1 1 6 2 1 1 1 1 8 47 1 1 1 0 0 1 2 1 0 1 1 55 24 1 1 1 1 1 200 136 1 1 0 0 1 2 0 1 1 1 0 0 0 1 1 1 64 1 1 0 1 107 147 1 0 0 0 0 1 2 1 1 1 0 1 1 1 1 1 1 1 0 0 0
0 0 0 0 0 0 0 0 0 0 0 0 0 0 0 0 0 0 0 0 0 0 0 0 0 0 0 0 0 0 0 0 0 0 0 0 0 0 0 0 0 0 0 0 0 0 0 0 0 0 0 0 0 0 102 5 0 1 175 242 57 1 0 0 0 0 0 0 0 0 0 0 0 0 0 0 1 3 0 0 0 0 0 0 0 0 0 0 0 0 0 0 0 162 2 0 0 0 0 0 0 1 1 18 2 0 0 0 0 0 1 1 1 2 255 2 1 1 0 0 0 0 0 1 0 0 0 1 10 2 1 0 0 0 0 0 0 0 0 0 1 18 8 1 1 1 1 1 0 0 0 0 0 0 0 0 0 0 0 0 0 0 0 0 0 0 0 0 0 0 0 0 0 0 0 0 0 1 1 1 0 0 0 0 0 0 0 0 0 0 0 0 0 0 0 0 0 1 1 1 1 20 254 255 253 49 2 1 1 1 1 0 0 1 1 1 1 1 0 0 1 1 1 2 11 81 27 5 1 1 1 1 1 0 0 1 1 1 1 1 2 11 19 13 1 1 1 1 1 1 1 2 14 120 255 225 3 1 1 1 1 1 1 0 0 1 1 1 5 205 101 1 1 1 1 1 1 0 1 1 1 0 0 0 0 0 0 1 1 1 0 0 1 3 20 1 0 0 0 1 1 1 1 2 2 13 1 1 1 1 1 1 1 1 43 1 1 1 1 1 2 246 255 245 58 3 1 1 1 1 1 1 1 1 1 1 2 29 37 7 1 1 1 17 1 1 1 1 0 0 0 0 0 1 1 5 1 15 1 1 1 1 1 1 1 1 1 3 2 1 1 7 3 16 28 24 2 1 1 0 1 3 10 1 1 1 0 0 0 0 1 18 20 0 1 1 1 1 1 0 1 1 1 0 0 0 0 0 0 1 1 1 1 1 1 1 1 1 1 1 254 124 0 1 1 0 1 1 0 1 1 1 2 1 1 1 1 1 1 0 1 3 6 1 1 1 73 97 1 1 0 0 1 1 1 1 1 1 1 1 14 59 1 1 1 1 189 151 1 1 1 1 2 1 1 1 1 0 0 0 0 1 2 1 57 1 1 0 1 69 160 1 0 0 0 0 1 2 0 1 0 0 0 1 1 1 5 8 7 2 1 1
0 0 0 0 0 0 0 0 0 0 0 0 0 0 0 0 0 0 0 0 0 0 0 0 0 0 0 0 0 0 0 0 0 0 0 0 0 0 0 0 0 0 0 0 0 0 0 0 0 0 0 0 0 1 123 0 0 0 1 23 242 194 1 0 0 0 0 0 0 0 0 0 0 0 0 1 3 1 0 0 0 0 0 0 0 0 0 0 0 0 0 0 1 166 1 0 0 0 0 0 0 0 1 1 28 1 1 1 1 1 1 1 1 250 225 36 35 35 32 4 1 1 1 1 1 1 5 11 1 0 1 0 0 0 0 0 0 0 0 0 0 45 1 1 1 0 1 1 0 0 0 0 0 0 0 0 0 0 0 0 0 0 0 0 0 0 0 0 0 0 0 0 0 0 0 0 1 1 1 1 1 1 0 0 0 0 0 0 0 0 0 0 0 0 0 0 0 1 1 1 1 1 1 27 254 255 255 172 5 1 1 1 1 0 0 1 1 1 1 1 1 1 1 9 1 1 62 108 12 1 1 1 1 1 0 1 1 1 1 0 1 1 1 2 16 23 28 30 51 59 59 52 25 7 161 255 243 3 1 1 1 1 1 1 0 0 1 1 1 1 177 161 1 1 1 1 1 1 1 1 0 0 0 0 0 0 0 1 1 1 0 0 1 28 1 1 0 0 0 1 1 1 1 1 23 1 1 1 1 1 1 1 1 1 40 1 1 1 1 128 255 254 121 32 31 1 1 1 1 1 1 1 1 1 1 10 40 3 1 1 1 1 1 10 2 1 1 1 1 0 1 1 1 1 5 20 14 1 1 1 1 1 1 1 2 11 23 23 27 41 55 39 18 4 1 1 1 1 1 0 0 0 3 18 1 1 1 0 0 1 1 63 1 0 1 2 1 1 1 1 1 1 1 1 0 0 0 0 0 1 1 1 1 1 1 1 1 1 1 37 255 1 1 1 0 0 1 1 1 1 1 1 1 1 1 0 1 1 0 0 0 1 21 47 48 49 59 113 113 32 1 1 1 1 0 1 1 1 1 0 1 1 54 42 1 1 126 210 1 1 1 1 1 1 1 1 0 0 0 0 1 3 1 1 57 0 1 0 0 28 176 1 1 0 0 0 1 1 0 1 0 0 1 1 7 11 5 3 3 9 11 3
0 0 0 0 0 0 0 0 0 0 0 0 0 0 0 0 0 0 0 0 0 0 0 0 0 0 0 0 0 0 0 0 0 0 0 0 0 0 0 0 0 0 0 0 0 0 0 0 0 0 0 0 0 0 123 0 0 0 0 0 1 209 237 9 1 0 0 0 0 0 0 0 0 0 1 3 1 0 0 0 0 0 0 0 0 0 0 0 0 0 0 0 1 166 1 0 0 0 0 0 0 0 0 0 2 23 27 27 25 26 27 35 20 255 1 1 1 1 1 15 27 13 13 13 12 12 3 1 1 1 1 0 0 0 0 0 0 0 0 0 0 47 1 1 1 1 1 0 0 0 0 0 0 0 0 0 0 0 0 0 0 0 0 0 0 0 0 0 0 0 0 0 0 0 0 1 1 1 0 0 0 1 1 1 0 0 0 0 0 0 0 0 0 0 0 0 0 0 1 0 1 1 1 1 1 5 242 255 255 238 4 1 1 1 1 1 0 0 1 1 1 4 9 1 1 1 1 4 94 111 16 1 1 1 1 1 1 1 1 1 1 2 9 14 14 13 11 9 2 1 1 1 1 1 54 61 255 253 5 1 1 1 1 1 1 1 0 1 1 1 1 122 198 4 1 1 1 1 1 0 0 0 0 0 0 0 0 1 1 1 1 1 1 32 1 1 1 1 1 1 1 1 1 4 8 1 0 1 1 1 1 1 1 1 36 1 1 3 246 255 239 3 52 25 1 2 1 1 1 1 1 1 1 1 4 33 1 1 1 1 1 1 1 4 5 1 1 1 1 1 1 1 1 5 1 15 1 1 1 1 1 1 3 22 15 6 1 1 2 19 1 1 1 1 1 1 1 1 0 0 0 0 0 1 14 21 6 1 1 1 46 3 1 1 2 1 1 1 1 1 1 1 1 1 0 0 0 1 1 1 1 1 1 1 1 1 1 1 34 254 223 1 1 0 0 1 1 1 2 2 1 1 1 1 1 1 1 1 0 0 1 12 2 1 1 1 1 1 76 35 37 5 1 1 1 1 1 1 1 1 1 1 2 12 71 65 38 236 101 71 2 3 1 1 1 0 0 0 0 1 2 1 1 1 57 0 1 1 1 8 179 9 1 0 0 1 1 1 1 1 1 1 1 8 3 1 1 1 1 1 2 6
0 0 0 0 0 0 0 0 0 0 0 0 0 0 0 0 0 0 0 0 0 0 0 0 0 0 0 0 0 0 0 0 0 0 0 0 0 0 0 0 0 0 0 0 0 0 0 0 0 0 0 0 0 1 124 0 0 0 0 0 0 1 89 244 155 1 0 0 0 0 0 0 0 1 3 1 0 0 0 0 0 0 0 0 0 0 0 0 0 0 0 0 2 162 0 0 0 0 0 0 0 0 0 0 0 0 0 0 0 0 1 1 6 255 1 1 0 0 0 1 2 3 1 1 0 0 1 1 0 0 0 0 0 0 0 0 0 0 0 0 1 47 1 1 1 1 0 0 0 0 0 0 0 0 0 0 0 0 0 0 0 0 0 0 0 0 0 0 0 0 0 0 0 0 1 1 1 0 0 0 0 0 0 0 0 0 0 0 0 0 0 0 0 0 0 0 0 0 1 1 1 1 1 0 1 1 1 1 113 255 255 78 1 1 1 1 0 0 0 0 1 11 1 1 1 1 1 1 1 3 91 106 7 1 1 1 1 5 7 7 6 7 2 1 1 1 1 1 1 1 1 1 1 1 52 1 19 255 255 9 1 1 1 1 1 1 1 1 1 1 1 1 42 210 37 1 1 1 1 1 0 0 0 0 0 0 1 1 1 1 1 1 15 5 1 0 0 0 0 0 1 1 1 15 1 1 1 0 0 1 1 1 1 1 23 4 145 255 254 112 1 22 58 1 1 2 1 1 1 1 1 1 1 1 42 1 1 1 1 0 1 1 1 1 10 1 1 0 1 1 1 1 5 2 1 12 1 1 1 1 1 9 12 1 1 1 1 1 2 6 1 3 1 1 1 1 1 0 0 0 0 0 0 0 1 3 1 9 6 2 55 1 1 1 2 1 1 1 1 1 1 1 1 0 0 1 1 1 1 2 1 1 1 1 1 1 2 247 255 221 1 1 1 0 0 1 1 2 1 1 1 1 0 0 1 1 1 1 1 1 19 4 1 5 31 40 42 46 91 13 95 101 53 30 24 21 9 1 1 1 1 1 2 1 1 1 1 211 38 13 94 107 12 1 1 0 0 0 0 1 2 1 0 1 57 1 1 1 1 4 192 11 2 1 0 1 1 0 1 1 1 1 7 2 1 1 1 1 0 0 1 1
0 0 0 0 0 0 0 0 0 0 0 0 0 0 0 0 0 0 0 0 0 0 0 0 0 0 0 0 0 0 0 0 0 0 0 0 0 0 0 0 0 0 0 0 0 0 0 0 0 0 0 0 0 1 119 0 0 0 0 0 0 0 0 1 227 231 2 1 0 0 0 0 1 3 1 0 0 0 0 0 0 0 0 0 0 0 0 0 0 0 0 0 17 144 0 0 0 0 0 0 0 0 0 0 0 0 0 0 0 1 1 1 4 255 1 1 1 0 0 1 0 1 4 4 2 1 1 0 0 0 0 0 0 0 0 0 0 0 0 0 1 48 1 1 0 0 0 0 0 0 0 0 0 0 0 0 0 0 0 0 0 0 0 0 0 0 0 0 0 0 0 0 0 1 1 1 1 0 0 0 0 0 0 0 0 0 0 0 0 0 0 0 0 0 0 0 0 0 0 0 1 1 1 1 1 0 0 1 1 1 226 255 254 49 1 1 1 0 0 1 2 27 10 10 7 1 1 1 1 1 1 6 108 21 1 1 5 1 1 1 1 2 1 0 0 0 0 0 0 1 1 1 1 1 53 1 1 7 255 255 22 1 1 1 1 1 0 1 1 1 1 1 1 4 199 108 1 1 1 1 1 0 0 0 0 0 1 1 1 1 1 1 36 1 1 0 0 0 0 1 1 1 12 1 0 1 1 1 1 1 1 1 1 1 15 249 255 236 6 60 109 102 46 49 44 48 44 36 16 5 2 1 3 13 21 1 1 1 0 1 1 0 1 1 15 1 0 0 1 1 1 3 2 2 2 11 1 1 1 1 19 5 1 1 1 1 1 1 11 1 1 2 1 1 1 0 0 0 0 0 0 0 0 1 3 1 1 1 1 63 119 114 114 62 1 1 1 1 1 1 1 1 0 0 1 1 1 1 1 1 1 1 1 1 1 42 254 254 9 1 1 0 1 1 0 1 2 1 0 0 0 0 0 1 1 1 1 2 17 17 34 42 40 20 2 1 1 5 180 124 25 53 109 129 131 129 113 64 23 16 18 12 1 1 1 1 1 61 203 1 1 1 80 111 24 1 1 1 1 3 1 1 1 1 54 1 0 1 1 1 198 1 11 5 1 1 1 0 0 1 1 7 2 1 0 1 1 1 1 1 0 1
0 0 0 0 0 0 0 0 0 0 0 0 0 0 0 0 0 0 0 0 0 0 0 0 0 0 0 0 0 0 0 0 0 0 0 0 0 0 0 0 0 0 0 0 0 0 0 0 0 0 0 0 0 78 20 0 0 0 0 0 0 0 0 0 1 148 244 94 1 0 0 1 2 1 0 0 0 0 0 0 0 0 0 0 0 0 0 0 0 0 0 0 94 81 0 0 0 0 0 0 0 0 0 0 0 0 0 0 0 1 0 1 198 251 1 0 0 0 1 1 0 0 1 1 2 4 1 0 0 0 0 0 0 0 0 0 0 0 0 0 1 48 1 0 0 0 0 0 0 0 0 0 0 0 0 0 0 0 0 0 0 0 0 0 0 0 0 0 0 0 0 0 1 1 1 1 0 0 0 0 0 0 0 0 0 0 0 0 0 0 0 0 0 0 0 0 0 0 0 0 0 0 1 0 1 1 1 1 1 1 1 3 253 255 255 2 1 1 0 1 18 1 1 1 1 7 8 1 1 1 1 1 2 86 80 3 6 1 1 0 1 2 1 0 0 0 0 0 0 1 1 1 1 1 53 1 1 1 4 255 255 49 1 1 1 1 1 1 1 1 1 1 1 1 1 172 155 1 1 1 1 1 0 0 0 0 0 1 1 0 1 3 19 1 1 1 1 0 1 1 1 3 6 1 1 1 1 1 1 1 1 1 1 151 255 255 122 92 109 37 2 4 1 1 1 1 3 2 10 27 34 38 40 21 1 1 0 0 0 1 0 1 1 1 16 1 1 1 1 1 3 1 1 2 2 3 3 1 7 21 2 1 2 1 1 1 1 4 2 1 1 1 1 1 0 0 0 0 0 0 0 0 1 2 1 0 0 1 3 2 1 1 1 53 42 1 1 1 1 1 1 0 0 0 1 0 1 3 2 1 1 1 1 1 183 255 195 1 1 1 0 0 0 1 1 1 1 0 0 0 0 0 1 1 1 1 12 9 1 43 2 1 1 1 0 1 20 120 2 1 1 1 1 1 1 1 10 86 122 126 132 156 108 22 8 7 4 1 220 1 1 0 1 1 68 112 35 1 2 1 1 1 1 3 38 1 0 0 0 1 199 1 1 9 18 9 3 1 4 9 8 2 1 0 0 1 1 0 1 1 1 1
0 0 0 0 0 0 0 0 0 0 0 0 0 0 0 0 0 0 0 0 0 0 0 0 0 0 0 0 0 0 0 0 0 0 0 0 0 0 0 0 0 0 0 0 0 0 0 0 0 0 0 0 1 92 10 1 0 0 0 0 0 0 0 0 0 0 6 237 211 1 0 1 2 0 0 0 0 0 0 0 0 0 0 0 0 0 0 0 0 0 0 0 133 31 0 0 0 0 0 0 0 0 0 0 0 0 0 0 0 1 1 1 255 40 1 0 0 0 1 0 0 0 1 0 0 1 5 2 1 0 0 0 0 0 0 0 0 0 0 1 1 48 1 0 0 0 0 0 0 0 0 0 0 0 0 0 0 0 0 0 0 0 0 0 0 0 0 0 0 0 0 1 1 1 1 0 0 0 0 0 0 0 0 0 0 0 0 0 0 0 0 0 0 0 0 0 0 0 0 0 0 0 0 0 0 0 0 0 1 1 1 1 1 1 251 255 2 1 1 18 1 1 1 1 1 1 1 7 8 1 1 1 1 1 24 106 42 1 1 1 1 1 0 0 0 0 0 0 1 1 1 1 1 1 53 1 1 1 1 3 252 255 90 1 1 1 1 1 1 1 1 1 1 1 1 1 127 190 3 1 1 1 1 0 0 0 0 1 1 1 1 26 1 1 1 1 1 1 1 1 1 6 2 1 0 0 1 1 1 1 1 4 248 255 240 148 108 12 1 1 5 1 1 1 1 1 1 1 1 1 1 1 1 1 1 0 0 0 0 1 1 1 1 1 16 1 1 1 1 3 2 2 2 5 1 2 19 40 13 2 9 15 8 10 10 1 1 11 1 1 1 0 0 0 0 0 0 0 0 0 0 1 3 1 0 0 0 1 3 1 1 1 5 6 115 1 1 1 1 1 0 0 0 1 1 3 4 1 1 1 1 1 1 238 254 40 1 1 0 0 0 0 0 0 1 1 0 0 0 0 0 1 1 2 125 124 131 138 112 1 1 1 1 0 0 1 134 1 1 1 1 1 1 0 0 1 1 1 1 1 17 2 58 139 152 149 80 11 220 1 0 0 0 1 1 1 50 106 46 1 1 1 1 31 5 1 0 0 0 1 194 5 1 1 2 3 8 13 7 3 1 1 0 0 0 1 1 0 0 0 1 1
0 0 0 0 0 0 0 0 0 0 0 0 0 0 0 0 0 0 0 0 0 0 0 0 0 0 0 0 0 0 0 0 0 0 0 0 0 0 0 0 0 0 0 0 0 0 0 0 0 0 0 0 48 15 5 2 0 0 0 0 0 0 0 0 0 0 0 1 187 241 31 3 0 0 0 0 0 0 0 0 0 0 0 0 0 0 0 0 0 0 0 0 143 17 0 0 0 0 0 0 0 0 0 0 0 0 0 0 0 0 1 1 255 1 1 1 1 1 1 0 0 0 1 0 0 0 3 1 3 3 1 0 0 0 0 0 0 0 0 1 1 47 1 0 0 0 0 0 0 0 0 0 0 0 0 0 0 0 0 0 0 0 0 0 0 0 0 0 0 0 0 1 1 1 0 0 0 0 0 0 0 0 0 0 0 0 0 0 0 0 0 0 0 0 0 0 0 0 0 0 0 0 0 0 0 0 0 0 0 0 1 1 1 1 1 251 255 26 1 21 1 1 1 0 1 1 1 1 1 9 1 1 1 1 1 1 29 84 24 2 2 1 0 0 0 0 0 1 1 1 0 0 1 1 52 1 1 1 1 1 2 245 255 128 1 1 1 1 1 1 1 1 1 1 1 1 1 60 209 26 1 1 1 1 1 0 0 1 1 1 2 23 1 0 0 1 1 1 1 1 7 1 2 0 0 1 1 1 1 1 103 255 253 155 82 29 1 1 1 1 4 1 1 1 1 0 1 2 1 1 1 1 1 1 1 1 0 0 0 1 1 0 1 1 16 1 1 14 67 64 54 53 63 58 61 67 61 9 12 10 2 1 1 1 7 5 5 5 1 1 1 0 0 0 0 0 0 0 0 1 2 3 1 0 0 1 1 3 1 1 1 8 2 1 105 7 1 1 1 0 1 0 1 1 4 1 1 1 1 1 1 7 254 254 6 1 1 0 0 0 0 0 0 1 2 1 0 0 0 0 1 1 1 116 3 32 34 19 76 127 126 23 1 0 1 1 131 1 1 1 1 1 1 0 1 0 1 1 0 3 5 0 1 1 1 1 57 135 230 26 1 1 1 1 1 1 1 1 54 113 44 1 1 52 1 1 0 0 0 0 111 118 1 1 1 1 1 1 1 1 1 1 1 1 1 1 1 1 1 1 0 1
0 0 0 0 0 0 0 0 0 0 0 0 0 0 0 0 0 0 0 0 0 0 0 0 0 0 0 0 0 0 0 0 0 0 0 0 0 0 0 0 0 0 0 0 0 0 0 0 0 0 0 1 93 0 1 10 0 0 0 0 0 0 0 0 0 0 0 0 0 36 241 181 1 0 0 0 0 0 0 0 0 0 0 0 0 0 0 0 0 0 0 0 143 16 0 0 0 0 0 0 0 0 0 0 0 0 0 0 1 1 1 2 255 1 0 1 0 1 0 0 0 0 1 0 0 0 3 1 0 1 3 3 3 2 2 1 1 0 0 1 1 47 1 0 0 0 0 0 0 0 0 0 0 0 0 0 0 0 0 0 0 0 0 0 0 0 0 0 0 0 1 1 1 1 0 0 0 0 0 0 0 0 0 0 0 0 0 0 0 0 0 0 0 0 0 0 0 0 0 0 0 0 0 0 0 0 0 0 0 0 0 0 0 0 1 1 218 255 250 140 46 2 1 1 1 0 0 1 1 6 1 1 1 1 1 1 1 1 81 5 1 1 1 0 0 0 1 1 1 0 0 0 0 1 51 1 1 0 1 1 1 2 227 255 145 1 1 1 1 1 0 1 1 1 1 1 1 1 7 203 99 1 1 1 1 1 0 1 1 1 20 2 1 0 1 1 1 1 1 6 2 1 2 0 1 1 0 1 1 143 255 245 99 78 1 18 1 1 1 5 1 1 1 1 1 1 1 1 1 1 1 1 1 1 1 1 0 0 1 1 1 1 1 1 23 28 67 36 1 1 1 1 2 4 8 5 1 1 1 1 1 1 1 1 1 4 12 3 1 1 1 1 1 1 1 1 1 1 1 1 1 3 1 0 1 1 3 1 1 3 8 1 1 1 1 95 21 1 1 1 1 1 1 4 1 1 1 1 1 1 128 254 236 1 1 1 0 0 0 0 0 0 1 2 1 1 0 0 0 1 1 20 124 25 30 1 1 1 1 1 1 85 84 1 1 8 111 1 1 1 1 1 1 1 1 1 1 2 1 13 1 1 0 0 1 1 1 1 218 7 49 58 31 4 16 5 1 1 1 1 51 114 115 86 1 1 1 1 1 1 28 178 1 1 1 1 1 1 1 1 1 1 1 1 1 1 0 0 0 1 1 0
0 0 0 0 0 0 0 0 0 0 0 0 0 0 0 0 0 0 0 0 0 0 0 0 0 0 0 0 0 0 0 0 0 0 0 0 0 0 0 0 0 0 0 0 0 0 0 0 0 0 0 8 62 0 0 11 0 0 0 0 0 0 0 0 0 0 0 0 0 0 1 215 236 3 0 0 0 0 0 0 0 0 0 0 0 0 0 0 0 0 0 0 133 32 0 0 0 0 0 0 0 0 0 0 0 1 1 1 1 1 64 235 247 1 0 1 0 1 0 0 0 1 1 0 0 0 2 1 0 0 0 0 1 1 1 2 3 1 0 0 1 47 1 0 0 0 0 0 0 0 0 0 0 0 0 0 0 0 0 0 0 0 0 0 0 0 0 0 0 0 1 1 1 0 0 0 0 0 0 0 0 0 0 0 0 0 0 0 0 0 0 0 0 0 0 0 0 0 0 0 0 0 0 0 0 0 0 0 0 0 0 0 0 0 1 1 1 3 255 255 255 255 255 234 1 1 1 1 1 1 9 1 0 1 1 1 1 1 3 83 1 1 1 1 1 1 1 1 0 0 0 0 0 1 51 1 1 1 0 1 1 1 1 217 255 121 2 1 1 1 0 0 1 1 1 1 1 1 1 1 175 152 1 1 1 1 1 1 1 1 31 1 1 1 1 1 1 1 2 5 1 1 3 1 1 0 1 1 2 255 246 30 100 1 1 17 1 1 1 4 1 1 1 1 1 1 1 1 2 1 0 1 1 0 1 1 1 1 1 1 1 1 12 75 86 25 1 1 1 1 1 1 10 2 1 1 1 1 1 1 1 1 1 1 1 1 1 1 2 3 3 3 3 5 1 1 1 1 1 1 0 1 3 1 3 3 1 1 9 3 1 1 1 1 1 1 63 53 1 1 1 1 248 115 1 1 1 1 1 236 254 120 1 1 1 0 0 0 0 0 0 1 2 1 1 1 1 1 5 111 129 89 9 23 1 1 0 0 0 0 0 1 35 107 1 34 85 1 1 1 1 1 1 1 1 1 1 1 7 1 1 1 1 1 1 0 1 57 200 1 1 1 7 41 25 38 55 57 62 64 62 24 31 147 1 1 1 1 1 1 1 198 1 1 1 1 1 1 1 1 1 1 1 1 1 1 1 1 1 1 1 1
0 0 0 0 0 0 0 0 0 0 0 0 0 0 0 0 0 0 0 0 0 0 0 0 0 0 0 0 0 0 0 0 0 0 0 0 0 0 0 0 0 0 0 0 0 0 0 0 0 0 0 92 1 0 0 7 1 0 0 0 0 0 0 0 0 0 0 0 0 0 0 0 106 244 131 1 0 0 0 0 0 0 0 0 0 0 0 0 0 0 0 0 84 90 0 0 0 0 0 0 0 1 1 1 1 44 160 185 187 184 144 254 8 0 0 0 1 1 0 0 0 1 1 0 0 0 1 2 0 0 0 0 0 0 0 0 1 3 3 1 1 47 1 1 0 0 0 0 0 0 0 0 0 0 0 0 0 0 0 0 0 0 0 0 0 0 0 0 0 1 1 1 0 0 0 0 0 0 0 0 0 0 0 0 0 0 0 0 0 0 0 0 0 0 0 0 0 0 0 0 0 0 0 0 0 0 0 0 0 0 0 0 0 0 0 1 1 1 214 2 1 1 7 254 255 56 1 1 1 1 2 5 1 0 0 0 0 1 1 8 80 5 1 1 1 1 1 0 0 0 0 0 0 1 50 1 1 1 1 0 1 1 1 1 234 255 95 2 1 1 1 0 0 0 1 1 1 1 1 1 1 130 189 2 1 1 1 1 1 2 19 1 1 0 1 1 1 1 8 1 1 1 2 1 1 1 1 1 239 255 7 121 4 1 1 15 1 1 5 1 1 1 1 1 1 1 1 1 1 2 0 1 1 1 1 1 1 1 1 1 44 75 51 2 6 1 1 1 1 1 6 4 1 1 1 1 1 0 1 1 1 1 1 1 1 1 1 1 1 1 1 1 1 1 2 1 1 1 1 1 1 1 3 6 1 2 8 5 1 1 0 1 1 1 1 1 1 30 92 1 4 254 242 254 1 1 1 14 252 254 12 1 1 0 0 0 0 0 0 0 1 2 1 1 1 6 113 128 111 5 1 16 11 1 1 1 0 0 0 1 1 2 1 7 115 71 58 1 1 1 1 1 0 1 2 1 1 0 6 1 1 0 1 1 1 0 1 211 25 1 1 0 0 1 1 1 1 1 1 1 1 16 127 145 1 1 1 1 1 1 1 198 1 1 1 1 1 1 1 1 1 1 1 1 1 1 1 1 1 1 1 1
0 0 0 0 0 0 0 0 0 0 0 0 0 0 0 0 0 0 0 0 0 0 0 0 0 0 0 0 0 0 0 0 0 0 0 0 0 0 0 0 0 0 0 0 0 0 0 0 0 0 1 92 0 0 0 1 10 0 0 0 0 0 0 0 0 0 0 0 0 0 0 0 0 2 232 223 1 0 0 0 0 0 0 0 0 0 0 0 0 0 0 0 9 149 1 0 0 0 0 1 1 79 185 189 187 159 40 1 1 1 1 254 1 1 1 1 1 1 1 1 1 1 1 0 0 1 1 2 0 0 0 0 0 0 0 0 0 0 1 3 4 58 1 0 0 0 0 0 0 0 0 0 0 0 0 0 0 0 0 0 0 0 0 0 0 0 0 0 0 1 1 1 0 0 0 0 0 0 0 0 0 0 0 0 0 0 0 0 0 0 0 0 0 0 0 0 0 0 0 0 0 0 0 0 0 0 0 0 0 0 0 0 0 0 0 0 1 93 172 1 1 1 1 1 151 255 253 4 1 1 1 2 7 1 0 0 0 0 0 1 1 66 66 2 1 1 1 0 0 0 0 0 0 1 48 1 0 1 1 1 1 1 1 1 2 249 255 186 4 1 1 1 1 0 0 1 1 1 1 1 1 1 61 208 21 1 1 1 1 25 1 1 1 1 1 1 1 7 1 1 1 1 1 1 1 1 1 8 255 185 1 123 3 1 1 10 2 1 11 1 1 2 4 9 8 5 3 2 1 3 1 1 1 1 1 1 2 1 1 47 26 1 1 1 5 1 1 1 3 6 1 1 1 1 0 0 1 1 1 1 0 1 1 1 1 1 1 1 1 1 1 1 1 1 1 1 2 2 2 2 3 6 9 9 9 4 1 1 0 0 0 0 0 1 1 1 0 1 4 129 254 160 1 254 2 4 239 255 251 30 1 1 1 0 0 0 0 0 0 1 2 1 1 1 94 105 3 1 1 1 21 4 1 1 1 1 1 1 1 1 2 1 1 1 11 192 18 1 1 1 1 0 0 1 1 1 0 1 6 1 1 0 0 1 1 0 1 221 1 1 0 0 0 1 1 1 1 0 0 1 1 2 56 151 15 1 0 1 1 1 1 195 2 1 1 1 1 1 0 1 1 0 0 0 0 0 0 0 0 0 0 1
0 0 0 0 0 0 0 0 0 0 0 0 0 0 0 0 0 0 0 0 0 0 0 0 0 0 0 0 0 0 0 0 0 0 0 0 0 0 0 0 0 0 0 0 0 0 0 0 0 0 45 17 0 0 0 0 11 0 0 0 0 0 0 0 0 0 0 0 0 0 0 0 0 0 0 162 243 67 1 0 0 0 0 0 0 0 0 0 0 0 0 0 1 163 1 1 1 1 123 190 189 144 2 1 0 0 0 0 0 0 1 254 6 6 6 5 6 6 6 6 6 6 6 3 1 1 1 3 0 0 0 0 0 0 0 0 0 0 0 1 1 51 1 0 0 0 0 0 0 0 0 0 0 0 0 0 0 0 0 0 0 0 0 0 0 0 0 0 1 1 1 0 0 0 0 0 0 0 0 0 0 0 0 0 0 0 0 0 0 0 0 0 0 0 0 0 0 0 0 0 0 0 0 0 0 0 0 0 0 0 0 0 0 0 0 0 1 215 1 1 1 1 0 1 1 1 249 255 255 208 3 1 1 8 1 1 1 0 0 1 1 1 7 94 2 1 1 0 0 0 0 0 0 1 48 1 1 0 1 1 1 1 1 1 1 1 218 255 253 17 1 1 1 1 1 0 1 1 1 1 1 1 1 6 203 91 1 1 1 30 1 0 1 1 1 1 2 3 1 1 1 2 1 0 1 1 1 250 253 2 1 74 43 1 1 4 5 11 6 7 8 5 3 2 1 3 4 9 46 62 47 2 1 1 1 1 1 2 1 81 1 1 1 1 5 1 1 6 2 1 1 0 0 1 0 0 0 0 1 1 0 0 1 1 1 1 1 1 1 1 1 1 1 5 7 7 4 4 9 9 6 2 1 1 1 1 1 0 0 0 0 0 0 0 1 1 1 1 47 254 124 1 1 251 255 255 254 82 13 119 1 1 1 1 0 0 0 0 1 1 1 1 3 122 14 1 1 0 1 18 3 1 0 0 0 1 1 1 1 2 1 1 2 26 19 28 88 1 1 1 1 0 1 1 1 0 0 5 1 1 0 0 0 1 1 0 1 221 1 1 1 0 1 1 1 1 0 0 0 1 2 24 1 3 164 1 1 0 0 0 1 117 108 1 1 0 1 1 0 1 0 0 0 0 0 0 0 0 0 0 0 0
0 0 0 0 0 0 0 0 0 0 0 0 0 0 0 0 0 0 0 0 0 0 0 0 0 0 0 0 0 0 0 0 0 0 0 0 0 0 0 0 0 0 0 0 0 0 0 0 0 0 93 0 0 0 0 0 11 0 0 0 0 0 0 0 0 0 0 0 0 0 0 0 0 0 0 0 12 238 202 1 0 0 0 0 0 0 0 0 0 0 0 0 1 164 1 3 170 189 108 1 1 0 0 0 0 0 0 0 0 0 1 254 1 1 1 1 1 1 1 1 0 0 1 6 0 0 1 3 0 0 0 0 0 0 0 0 0 0 0 0 1 50 1 0 0 0 0 0 0 0 0 0 0 0 0 0 0 0 0 0 0 0 0 0 0 0 0 0 1 1 0 0 0 0 0 0 0 0 0 0 0 0 0 0 0 0 0 0 0 0 0 0 0 0 0 0 0 0 0 0 0 0 0 0 0 0 0 0 0 0 0 0 0 0 0 1 12 206 1 1 1 1 1 1 1 1 1 1 141 255 255 255 255 192 22 2 1 1 1 1 1 1 1 3 87 27 1 1 0 0 0 0 1 1 49 1 1 0 0 1 1 1 1 1 1 1 1 34 255 255 73 2 1 1 1 1 0 1 1 1 1 1 1 1 1 177 149 2 11 7 1 1 1 1 1 1 7 1 1 0 1 2 1 1 1 1 58 255 131 1 1 1 126 1 1 2 22 32 26 33 32 38 39 24 6 2 1 9 8 1 7 54 13 3 26 59 61 68 72 18 1 1 1 1 5 3 5 1 1 1 0 0 0 1 0 0 1 0 1 1 0 0 1 1 4 15 14 15 14 14 13 12 8 2 1 1 2 2 1 1 1 1 1 0 0 0 1 1 0 1 1 1 1 1 1 1 1 5 254 45 1 1 1 72 251 6 1 1 3 9 101 1 1 1 1 1 1 0 1 1 31 130 115 2 0 1 1 1 9 8 1 0 0 0 0 1 1 0 1 1 3 10 21 1 1 1 86 84 1 1 1 0 1 1 0 0 0 7 1 1 0 0 0 0 1 0 1 221 1 1 1 0 1 1 1 1 1 0 1 2 24 1 1 1 139 30 1 0 0 0 0 10 187 1 1 0 1 1 1 1 0 0 0 0 0 0 0 0 0 0 0 0
0 0 0 0 0 0 0 0 0 0 0 0 0 0 0 0 0 0 0 0 0 0 0 0 0 0 0 0 0 0 0 0 0 0 0 0 0 0 0 0 0 0 0 0 0 0 0 0 0 3 78 0 0 0 0 0 11 0 0 0 0 0 0 0 0 0 0 0 0 0 0 0 0 0 0 0 0 1 196 240 15 1 0 0 0 0 0 0 0 0 0 0 1 166 149 185 23 1 0 0 0 0 0 0 0 0 0 0 0 0 7 252 1 1 0 1 0 0 0 0 0 0 1 6 0 1 3 1 0 0 0 0 0 0 0 0 0 0 0 0 1 50 1 0 0 0 0 0 0 0 0 0 0 0 0 0 0 0 0 0 0 0 0 0 0 0 0 1 1 1 0 0 0 0 0 0 0 0 0 0 0 0 0 0 0 0 0 0 0 0 0 0 0 0 0 0 0 0 0 0 0 0 0 0 0 0 0 0 0 0 0 0 0 0 0 1 210 4 1 1 1 1 1 0 1 1 1 1 1 1 1 1 203 255 255 255 255 22 1 1 1 1 1 1 1 66 11 1 1 0 0 0 1 1 30 24 1 1 1 0 1 1 1 0 1 1 1 1 4 253 255 215 6 1 1 1 1 1 1 1 1 1 1 1 1 1 131 186 52 1 1 1 1 1 1 7 1 1 1 0 1 2 1 1 1 1 253 250 1 1 1 1 125 1 1 38 89 56 20 15 14 6 4 3 7 18 23 18 1 1 1 1 33 51 17 1 1 1 18 2 1 1 1 2 20 3 1 1 0 0 1 1 1 1 1 1 1 0 1 1 1 1 1 10 4 1 1 1 1 1 1 1 1 1 1 1 1 1 0 0 0 1 1 1 1 1 1 1 1 1 0 0 0 1 1 1 1 254 152 1 1 1 3 1 236 221 1 3 1 1 7 107 11 1 0 1 1 1 2 55 96 2 1 0 0 1 1 7 14 1 0 0 0 0 1 1 1 0 1 2 43 6 1 1 1 1 9 78 110 113 14 1 2 1 0 0 0 5 1 0 0 0 1 1 1 0 1 218 4 1 0 1 1 1 1 1 1 1 2 25 1 1 1 1 93 86 1 1 1 0 0 1 198 1 0 0 0 1 1 1 0 0 0 0 0 0 0 0 1 1 1 0
0 0 0 0 0 0 0 0 0 0 0 0 0 0 0 0 0 0 0 0 0 0 0 0 0 0 0 0 0 0 0 0 0 0 0 0 0 0 0 0 0 0 0 0 0 0 0 0 1 88 1 0 0 0 0 0 11 1 0 0 0 0 0 0 0 0 0 0 0 0 0 0 0 0 0 0 0 0 0 59 243 165 1 0 0 0 0 0 0 0 1 1 113 234 104 1 0 0 0 0 0 0 0 0 0 0 0 0 0 0 150 244 1 1 1 1 0 0 0 0 0 0 1 5 0 2 1 0 0 0 0 0 0 0 0 0 0 0 0 0 1 51 1 0 0 0 0 0 0 0 0 0 0 0 0 0 0 0 0 0 0 0 0 0 0 0 0 1 1 1 0 0 0 0 0 0 0 0 0 0 0 0 0 0 0 0 0 0 0 0 0 0 0 0 0 0 0 0 0 0 0 0 0 0 0 0 0 0 0 0 0 0 0 0 0 29 199 1 1 1 1 1 1 0 0 0 0 1 1 0 0 1 1 1 1 2 221 255 253 8 1 1 1 1 1 1 86 5 1 1 1 1 1 0 4 11 52 31 1 1 0 1 1 1 0 1 1 1 1 2 202 255 255 50 1 1 1 1 1 1 1 1 1 1 1 1 1 65 218 42 1 1 1 1 2 3 1 1 1 1 1 2 1 1 1 147 255 56 1 1 17 116 194 115 108 75 37 1 1 1 1 1 7 2 1 1 1 1 1 1 1 1 1 1 1 1 1 1 6 40 22 22 21 17 1 1 1 0 0 1 1 1 1 1 1 1 1 1 3 102 241 252 252 252 247 37 1 1 1 1 1 0 0 0 1 0 0 0 0 0 0 0 0 0 0 0 0 1 1 0 1 1 1 1 1 95 254 228 1 1 1 3 1 1 1 251 3 1 1 1 1 1 85 106 3 1 1 1 69 75 1 4 1 0 1 1 20 12 1 1 1 1 0 1 1 1 0 1 8 33 1 1 1 2 3 32 18 1 1 1 83 102 1 1 1 0 1 7 1 0 1 1 1 0 0 0 0 35 214 6 1 1 1 1 0 0 1 1 28 1 1 1 1 1 157 9 1 1 1 0 1 1 194 3 0 0 0 0 1 1 0 0 0 0 0 0 0 0 0 1 1 1
0 0 0 0 0 0 0 0 0 0 0 0 0 0 0 0 0 0 0 0 0 0 0 0 0 0 0 0 0 0 0 0 0 0 0 0 0 0 0 0 0 0 0 0 0 0 0 0 2 83 0 0 0 0 0 0 10 1 0 0 0 0 0 0 0 0 0 0 0 0 0 0 0 0 0 0 0 0 0 0 1 222 233 4 0 0 0 0 1 1 100 191 121 49 120 1 0 0 0 0 0 0 0 0 0 0 0 0 0 0 242 165 1 1 1 0 0 1 1 0 1 1 5 1 0 3 1 0 0 0 0 0 0 0 0 0 0 0 0 0 1 51 0 0 0 0 0 0 0 0 0 0 0 0 0 0 0 0 0 0 0 0 0 0 0 0 1 1 1 0 0 0 0 0 0 0 0 0 0 0 0 0 0 0 0 0 0 0 0 0 0 0 0 0 1 1 1 1 1 1 1 1 1 0 0 0 0 0 0 0 0 0 0 0 1 182 101 1 1 1 0 1 0 0 0 0 0 0 1 1 1 1 0 0 1 2 1 1 250 255 255 20 1 1 1 1 2 73 88 34 1 1 1 1 4 1 1 6 50 30 1 1 1 1 1 0 1 1 1 1 2 22 255 255 181 3 1 1 1 1 1 1 1 1 1 1 1 1 9 214 104 1 1 1 6 1 1 0 1 1 2 1 1 1 1 254 248 1 1 151 176 116 27 3 3 2 1 1 1 1 1 1 5 1 1 1 1 1 1 1 1 1 1 1 1 1 1 1 43 8 1 1 1 1 1 1 0 0 1 1 1 1 4 102 231 252 252 252 252 252 224 77 8 9 200 252 252 230 2 1 1 1 0 0 1 0 0 0 0 0 0 0 0 0 0 0 1 1 1 1 1 1 1 12 251 254 75 1 1 1 2 1 1 1 230 227 1 0 1 1 1 0 1 2 102 8 1 68 82 1 1 1 2 1 4 33 3 1 0 0 1 0 1 1 1 0 1 9 21 1 24 52 45 35 32 3 1 1 1 1 1 5 94 1 1 1 4 1 1 1 1 0 0 0 0 0 0 1 22 214 23 1 1 0 0 1 1 31 1 1 1 1 1 1 176 1 0 1 0 0 1 1 120 104 0 0 0 0 13 20 1 0 0 0 0 0 0 0 0 0 0 1
0 0 0 0 0 0 0 0 0 0 0 0 0 0 0 0 0 0 0 0 0 0 0 0 0 0 0 0 0 0 0 0 0 0 0 0 0 0 0 0 0 0 0 0 0 0 0 1 85 1 0 0 0 0 0 0 4 3 0 0 0 0 0 0 0 0 0 0 0 0 0 0 0 0 0 0 0 0 0 0 0 1 121 243 125 1 1 4 163 192 134 1 0 1 164 1 0 0 0 0 0 0 0 0 0 0 0 0 0 0 253 3 1 1 1 1 0 1 1 0 0 0 5 1 0 4 1 0 0 0 0 0 0 0 0 0 0 0 0 1 1 50 0 0 0 0 0 0 0 0 0 0 0 0 0 0 0 0 0 0 0 0 0 0 0 0 1 1 0 0 0 0 0 0 0 0 0 0 0 0 0 0 0 0 0 0 0 0 0 0 0 0 0 0 0 0 0 0 0 0 0 1 1 1 1 1 1 1 1 1 1 1 1 0 4 1 175 178 1 1 1 1 1 0 0 0 0 0 0 0 0 1 1 1 2 1 0 1 1 1 223 255 233 1 1 0 1 1 1 37 64 2 1 1 4 1 1 1 1 5 49 43 2 1 1 0 1 1 1 1 1 1 2 221 255 250 7 1 1 1 1 1 1 1 0 1 1 1 1 2 197 161 1 8 1 1 0 0 1 1 2 1 1 1 212 255 14 1 149 90 2 1 1 1 2 1 1 1 1 0 1 1 3 1 1 1 1 1 1 1 1 1 1 1 1 1 1 1 68 1 1 1 1 1 1 1 1 1 38 241 252 252 252 252 237 93 2 1 2 1 1 1 1 1 1 1 1 232 252 235 2 1 1 1 1 0 0 0 0 0 0 0 0 0 1 1 1 0 1 1 1 1 168 254 196 1 1 1 1 1 4 1 3 247 221 1 1 1 1 1 1 0 1 1 1 130 146 69 1 1 1 1 3 7 19 1 1 0 0 0 0 0 1 1 0 0 3 30 1 47 8 1 1 1 1 1 1 1 0 0 1 1 7 90 1 2 2 1 0 0 0 0 0 0 0 0 0 1 1 5 216 49 1 1 1 1 25 2 1 1 1 1 1 11 157 1 0 1 0 1 1 1 168 39 0 0 1 1 24 1 21 1 0 0 0 0 0 0 0 0 1 1
0 0 0 0 0 0 0 0 0 0 0 0 0 0 0 0 0 0 0 0 0 0 0 0 0 0 0 0 0 0 0 0 0 0 0 0 0 0 0 0 0 0 0 0 0 0 0 1 86 0 0 0 0 0 0 0 1 10 0 0 0 0 0 0 0 0 0 0 0 0 0 0 0 0 0 0 0 0 0 0 0 0 0 4 231 229 203 188 48 1 0 0 0 1 156 3 0 0 0 0 0 0 0 0 0 1 0 0 0 1 253 1 1 1 1 1 1 1 1 1 1 1 1 6 1 4 1 0 0 0 0 0 0 0 0 0 0 0 0 1 6 24 0 0 0 0 0 0 0 0 0 0 0 0 0 0 0 0 0 0 0 0 0 0 0 0 1 1 0 0 0 0 0 0 0 0 0 0 0 0 0 0 0 0 0 0 0 0 0 0 0 0 0 0 0 0 0 0 0 0 0 0 0 0 1 1 0 0 1 1 1 1 1 2 2 0 1 62 205 15 1 0 1 1 0 0 0 0 0 0 0 0 0 0 2 1 1 1 1 0 1 1 255 250 1 1 1 1 1 1 9 84 37 1 4 1 1 0 1 1 1 2 46 45 4 1 1 1 1 1 1 1 1 1 78 255 255 21 1 1 1 1 1 1 0 0 1 1 1 1 1 155 208 4 1 1 1 1 1 1 2 1 1 3 255 234 1 115 117 1 1 1 1 1 1 2 1 1 1 0 0 0 2 1 1 0 1 1 1 1 1 1 1 1 1 1 1 11 41 1 1 0 1 1 1 1 1 248 252 228 32 2 1 1 1 1 0 0 1 0 0 1 1 0 0 1 1 1 1 226 252 251 145 4 1 1 1 1 1 0 0 1 1 1 1 1 1 1 1 113 249 251 254 254 1 1 1 1 1 2 2 47 250 141 1 1 1 0 1 1 1 1 4 34 30 3 1 1 0 1 1 1 1 40 1 1 0 0 0 0 0 0 1 1 1 1 46 1 46 2 1 1 1 1 0 0 1 1 1 0 0 1 1 6 98 7 1 1 0 0 0 0 0 0 0 0 0 1 1 1 143 180 1 1 1 14 6 1 1 0 0 1 1 118 61 0 0 0 1 0 1 1 198 1 0 0 1 16 3 0 1 21 1 0 0 0 0 0 0 0 0 1
0 0 0 0 0 0 0 0 0 0 0 0 0 0 0 0 0 0 0 0 0 0 0 0 0 0 0 0 0 0 0 0 0 0 0 0 0 0 0 0 0 0 0 0 0 0 0 81 2 1 0 0 0 0 0 0 0 11 0 0 0 0 0 0 0 0 0 0 0 0 0 0 0 0 0 0 0 0 0 0 0 0 0 1 18 232 229 97 1 1 0 0 0 0 71 99 1 0 0 0 0 0 0 0 1 1 0 0 0 1 253 1 0 0 0 0 1 1 0 0 0 0 0 1 6 4 0 0 0 0 0 0 0 0 0 0 0 0 0 1 44 1 0 0 0 0 0 0 0 0 0 0 0 0 0 0 0 0 0 0 0 0 0 0 0 1 1 0 0 0 0 0 0 0 0 0 0 0 0 0 0 0 0 0 0 0 0 0 0 0 0 0 0 0 0 0 0 0 0 0 0 0 0 0 1 0 0 0 1 1 0 0 1 4 1 0 0 0 2 204 3 1 1 1 0 0 0 0 0 0 0 0 0 1 1 0 0 0 0 1 1 1 1 253 253 1 1 1 1 1 1 1 36 54 5 1 1 1 1 1 1 1 7 86 133 114 9 1 1 1 1 1 1 1 1 13 255 255 62 1 1 1 1 1 1 0 1 1 1 1 1 1 90 219 15 1 1 1 1 1 2 1 1 246 255 3 19 174 3 1 1 1 1 1 1 1 2 1 1 1 1 1 2 1 1 0 0 1 0 0 1 1 0 0 0 0 1 59 2 1 1 1 1 1 1 1 173 250 1 1 1 1 1 1 1 1 0 0 1 0 0 2 1 0 0 0 0 0 0 1 1 109 249 252 252 252 186 1 1 1 1 1 1 1 1 14 201 250 251 249 105 1 1 254 217 1 1 2 1 1 133 250 30 1 1 1 1 0 0 1 1 27 17 1 1 1 0 1 1 1 1 2 31 3 1 0 0 0 0 0 0 0 0 1 1 21 14 115 4 1 1 1 0 1 0 0 0 1 1 1 0 0 1 1 16 121 2 1 1 0 0 0 0 0 0 0 0 0 1 66 62 78 99 1 1 33 1 1 1 0 0 1 1 176 1 1 1 1 1 1 1 11 187 1 0 1 22 2 1 0 1 1 20 1 0 0 0 0 0 1 0 0
0 0 0 0 0 0 0 0 0 0 0 0 0 0 0 0 0 0 0 0 0 0 0 0 0 0 0 0 0 0 0 0 0 0 0 0 0 0 0 0 0 0 0 0 0 0 1 89 1 1 0 0 0 0 0 0 0 11 0 0 0 0 0 0 0 0 0 0 0 0 0 0 0 0 0 0 0 0 0 0 1 1 34 154 132 26 153 234 185 1 1 0 0 0 1 161 1 0 0 0 0 0 0 0 1 1 0 0 0 9 251 1 0 0 0 0 1 1 0 0 0 0 0 0 1 14 1 1 1 0 0 0 0 0 0 0 0 0 0 1 51 1 0 0 0 0 0 0 0 0 0 0 0 0 0 0 0 0 0 0 0 0 0 0 0 1 1 0 0 0 0 0 0 0 0 0 0 0 0 0 0 0 0 0 0 0 0 0 0 0 0 0 0 0 0 0 0 0 0 0 0 0 0 1 1 0 0 0 1 1 0 0 3 1 0 0 0 1 1 56 191 1 1 1 0 0 0 0 0 0 0 0 0 2 1 0 0 0 0 0 1 1 1 1 250 255 122 1 1 1 1 1 1 25 79 1 1 1 1 1 15 86 62 2 1 11 115 126 32 1 1 1 1 1 1 1 4 252 255 111 1 1 1 1 1 1 1 1 1 0 1 1 1 19 221 69 1 1 1 1 2 1 223 255 149 3 104 139 2 1 1 1 1 1 1 0 1 1 2 1 1 0 2 1 1 0 0 0 1 1 1 1 1 1 1 1 3 53 1 1 1 1 1 1 1 1 241 228 1 1 1 0 1 1 1 1 0 0 1 0 0 2 1 0 0 0 0 0 0 0 0 1 1 1 1 12 248 252 252 252 252 252 252 252 252 251 242 33 1 1 1 1 1 16 254 7 2 1 1 58 250 3 1 1 1 1 0 0 0 5 36 2 1 0 0 0 0 0 1 1 9 21 1 2 1 0 0 0 0 0 0 0 0 0 1 58 125 57 1 1 0 0 1 1 0 0 1 1 1 1 2 2 2 2 1 2 115 10 1 1 1 1 0 0 0 0 0 0 1 138 1 1 173 1 12 7 1 1 0 0 0 1 2 171 1 1 1 1 0 1 1 164 48 1 7 14 1 1 0 0 0 1 3 11 1 0 0 0 1 1 0 0
0 0 0 0 0 0 0 0 0 0 0 0 0 0 0 0 0 0 0 0 0 0 0 0 0 0 0 0 0 0 0 0 0 0 0 0 0 0 0 0 1 0 0 0 0 1 76 3 0 0 0 0 0 0 0 0 0 11 0 0 0 0 0 0 0 0 0 0 0 0 0 0 0 0 0 0 0 0 1 1 35 155 116 1 0 1 1 1 201 234 11 1 0 0 1 121 44 0 0 0 0 0 0 0 1 1 1 1 1 232 204 1 1 1 0 0 1 1 1 1 0 0 0 0 1 4 4 0 1 0 0 0 0 0 0 0 0 0 0 1 51 0 0 0 0 0 0 0 0 0 0 0 0 0 0 0 0 0 0 0 0 0 0 0 1 1 0 0 0 0 0 0 0 0 0 0 0 0 0 0 0 0 0 0 0 0 0 0 0 0 0 0 0 0 0 0 0 0 0 0 0 0 0 1 0 0 0 0 1 1 0 1 3 0 0 0 0 1 1 1 67 210 67 1 1 1 0 0 0 0 0 0 0 2 0 0 0 0 0 0 0 0 0 1 1 71 255 250 1 1 1 0 1 1 8 69 3 3 45 86 51 1 1 1 1 1 1 4 105 135 47 2 1 1 1 1 1 2 242 255 131 2 1 1 1 1 1 0 1 1 1 1 1 1 2 214 149 1 1 3 1 233 255 180 1 96 3 132 8 1 1 1 1 1 1 1 1 1 1 2 1 1 2 1 0 0 1 0 1 1 1 1 1 3 2 4 18 21 13 1 1 1 1 1 1 1 218 246 1 1 0 0 1 0 1 1 0 0 1 0 0 2 1 0 0 0 0 0 0 0 0 0 0 0 1 1 1 1 1 1 1 47 1 1 1 1 1 1 1 0 0 0 1 1 235 254 1 1 1 251 23 1 1 1 1 0 0 1 26 17 1 1 1 1 1 1 1 1 1 23 7 1 0 2 1 0 0 0 0 0 0 0 0 1 7 35 80 1 1 0 0 0 1 1 0 1 1 0 0 1 1 1 0 0 1 1 1 102 26 1 0 1 1 0 0 0 1 1 111 16 1 1 39 126 34 1 0 1 0 0 0 1 69 110 1 1 1 1 1 1 1 205 9 12 5 1 0 0 0 0 0 0 1 10 5 1 0 0 1 1 0 0
0 0 0 0 0 0 0 0 0 0 0 0 0 0 0 0 0 0 0 0 0 0 0 0 0 0 0 0 0 0 0 0 0 0 0 0 0 0 0 0 1 1 0 0 0 10 58 0 0 0 0 0 0 0 0 0 0 11 0 0 0 0 0 0 0 0 0 0 0 0 0 0 0 0 0 0 1 1 30 156 118 1 0 0 0 0 0 0 1 71 239 161 1 0 1 37 141 1 0 0 0 0 0 0 1 1 1 1 1 253 1 0 0 1 0 0 0 0 0 1 0 0 0 1 1 1 10 1 1 0 0 0 0 0 0 0 0 0 0 1 51 0 0 0 0 0 0 0 0 0 0 0 0 0 0 0 0 0 0 0 0 0 0 1 1 1 1 1 0 0 0 0 0 0 0 0 0 0 0 0 0 0 0 0 0 0 0 0 0 0 0 0 0 0 0 0 0 0 0 0 0 0 0 0 0 0 0 0 0 1 1 3 1 0 0 0 0 0 0 0 1 1 181 141 1 1 0 0 0 0 0 0 1 2 0 0 0 0 0 0 0 0 0 0 1 1 1 252 254 1 1 1 0 1 1 11 75 75 19 1 1 1 1 1 0 1 1 1 1 2 89 135 70 2 1 1 1 1 2 233 255 214 4 1 1 1 1 1 1 1 1 1 1 1 1 1 177 217 242 245 252 255 150 1 75 14 1 15 123 1 1 1 1 1 1 1 0 0 1 1 2 1 2 1 1 1 1 1 2 5 6 7 4 2 2 1 6 1 45 1 1 1 1 1 1 1 231 241 1 0 0 0 1 0 1 1 0 0 1 0 0 2 1 0 0 0 0 0 0 0 0 0 0 0 1 1 1 0 0 0 1 39 1 1 1 1 1 1 1 1 1 0 1 1 1 249 251 1 228 223 1 1 1 0 1 1 4 36 2 1 0 0 1 1 1 1 1 1 30 2 1 0 0 1 1 1 0 0 0 0 0 0 2 6 1 123 1 1 1 1 1 1 1 0 0 1 1 1 1 1 1 1 1 0 1 1 1 1 85 47 1 1 1 1 1 0 1 9 124 1 1 1 1 150 87 1 1 1 0 0 0 1 163 5 1 1 1 0 1 1 27 200 4 3 0 0 0 0 0 0 0 0 0 1 24 1 0 1 1 1 0 0
1 0 0 0 0 0 0 0 0 0 0 0 0 0 0 0 0 0 0 0 0 0 0 0 0 0 0 0 0 0 0 0 0 0 0 0 0 0 0 0 0 1 0 1 7 74 1 0 0 0 0 0 0 0 0 0 0 11 0 0 0 0 0 0 0 0 0 0 0 0 0 0 0 0 1 1 30 156 122 1 0 0 0 0 0 0 0 0 0 1 2 215 226 9 47 72 143 76 1 0 0 0 0 0 0 1 1 1 1 253 1 1 1 1 1 0 0 0 1 1 1 1 1 1 1 1 1 12 1 0 0 0 0 0 0 0 0 0 0 4 29 0 0 0 0 0 0 0 0 0 0 0 0 0 0 0 0 0 0 0 0 0 0 1 1 1 1 1 1 1 0 0 0 0 0 0 0 0 0 0 0 0 0 0 0 0 0 0 0 0 0 0 0 0 0 0 0 0 0 0 0 0 0 0 0 0 0 0 0 0 1 3 0 0 0 0 0 0 0 0 0 1 1 150 124 1 0 0 0 0 0 0 1 1 0 0 0 0 0 0 0 0 0 0 0 0 1 1 249 253 1 1 1 0 1 1 1 1 1 1 1 0 0 0 0 0 0 0 1 1 1 1 67 137 85 2 1 1 1 1 185 255 255 53 1 1 1 1 1 1 1 1 0 1 1 1 1 251 248 251 248 243 1 37 38 1 1 1 113 31 1 1 1 1 1 1 1 0 0 1 1 1 3 1 1 4 7 6 3 1 1 1 1 1 1 1 4 1 4 31 1 1 1 5 32 160 252 17 1 0 0 0 1 0 1 1 0 0 1 0 0 2 1 0 0 0 0 0 0 0 0 0 1 1 1 0 1 0 0 0 2 69 32 41 52 55 55 55 55 52 34 2 1 1 1 1 255 22 251 1 1 1 1 0 1 21 20 1 1 0 0 0 0 0 1 1 1 27 1 1 1 0 1 2 1 1 0 0 0 0 0 2 3 1 1 118 1 1 1 1 0 0 0 0 0 1 1 1 1 1 1 1 1 1 1 1 0 1 1 66 122 32 1 1 1 1 1 136 2 1 1 1 0 1 163 147 1 0 0 0 0 1 177 1 1 1 1 1 1 1 184 70 0 0 0 0 0 1 1 0 0 0 0 1 6 8 1 1 1 1 0 0
1 1 0 0 0 0 0 0 0 0 0 0 0 0 0 0 0 0 0 0 0 0 0 0 0 0 0 0 0 0 0 0 0 0 0 0 0 0 0 0 1 1 1 47 66 1 0 0 0 0 0 0 0 0 0 0 1 11 0 0 0 0 0 0 0 0 0 0 0 0 0 0 1 1 47 156 121 1 0 0 0 0 0 0 0 0 0 0 0 0 1 1 130 236 174 1 1 178 2 0 0 0 0 1 1 1 0 0 2 253 1 0 0 1 1 1 0 1 1 0 0 1 1 1 1 1 0 2 6 0 0 0 0 0 0 0 0 0 1 43 1 0 0 0 0 0 0 0 0 0 0 0 0 0 0 0 0 0 0 0 0 0 1 2 1 0 0 1 1 1 1 0 0 0 0 0 0 0 0 0 0 0 0 0 0 0 0 0 0 0 0 0 0 0 0 0 0 0 0 0 0 0 0 0 0 0 0 0 0 0 4 1 0 0 0 0 0 0 0 0 0 0 0 1 186 52 1 0 0 0 0 0 2 1 0 0 0 0 0 0 0 0 0 0 0 0 0 1 1 255 230 1 1 0 0 1 1 1 0 0 0 0 0 0 1 1 1 0 0 0 1 1 1 1 52 136 107 3 1 1 1 10 253 255 174 1 1 1 1 1 1 1 1 1 1 1 2 249 255 255 247 248 30 56 1 1 1 1 3 137 2 1 1 0 0 1 1 1 1 1 1 2 8 8 6 1 1 1 1 1 1 1 1 1 1 1 3 1 1 40 2 239 255 253 252 251 79 1 1 0 0 0 1 0 0 1 0 0 1 0 0 2 1 0 0 0 1 1 1 1 1 1 1 1 1 0 1 1 0 1 5 5 5 2 1 1 1 1 1 1 4 43 53 3 1 8 255 254 92 1 1 1 0 1 27 4 1 1 0 0 0 0 0 0 1 1 29 1 1 0 1 1 1 1 1 0 0 0 0 0 1 4 1 0 46 55 1 1 1 1 1 1 1 1 1 1 0 1 1 1 1 1 1 1 1 0 0 0 1 1 1 77 133 56 10 1 1 163 8 5 1 1 1 1 1 139 99 1 1 0 1 43 207 2 1 1 1 1 1 1 214 1 0 0 0 0 1 1 1 1 0 0 0 0 1 9 8 1 1 1 1 0
75 1 1 1 0 0 0 0 0 0 0 0 0 0 0 0 0 0 0 0 0 0 0 0 0 0 0 0 0 0 0 0 0 0 0 0 0 0 0 0 1 8 90 15 1 1 1 0 0 0 0 0 0 0 0 0 1 11 0 0 0 0 0 0 0 0 0 0 0 0 1 1 59 157 110 1 0 0 0 0 0 0 0 0 0 0 0 0 0 0 0 0 1 11 214 204 1 74 131 1 0 0 0 1 1 0 0 0 190 235 1 0 0 0 1 1 0 0 1 0 0 0 0 1 1 1 0 1 6 3 1 0 0 0 0 0 0 0 1 51 1 0 0 0 0 0 0 0 0 0 0 0 0 0 0 0 0 0 0 0 0 0 1 1 1 0 0 0 1 1 1 1 0 0 0 0 0 0 0 0 0 0 0 0 0 0 0 0 0 0 0 0 0 0 0 0 0 0 0 0 0 0 0 0 0 0 0 0 0 1 2 0 0 0 0 0 0 0 0 0 0 0 0 0 1 207 4 0 0 0 0 0 2 0 0 0 0 0 0 0 0 0 0 0 0 0 0 0 1 2 255 136 1 1 1 1 0 1 1 1 1 1 1 1 1 0 1 1 1 1 0 0 1 1 1 1 27 133 120 6 1 1 2 214 255 2 1 1 1 1 1 1 1 1 1 1 38 255 255 255 255 255 111 2 1 1 1 1 1 74 73 1 1 1 1 1 1 5 3 3 3 2 6 1 1 1 1 1 1 0 0 0 1 1 1 1 2 1 1 4 29 253 8 3 2 1 1 1 0 0 0 0 1 0 1 1 0 0 1 0 1 2 1 4 6 6 2 1 1 1 1 0 0 0 0 0 0 1 1 2 1 0 0 1 1 1 1 1 1 1 1 1 1 45 51 34 38 255 1 1 1 1 0 23 3 1 1 0 0 0 1 1 1 1 1 14 4 1 0 0 1 1 1 1 0 0 0 0 0 1 8 1 0 1 117 1 1 1 1 1 1 1 1 1 1 1 0 0 1 1 1 1 0 0 0 0 0 0 0 0 0 1 44 1 29 56 16 164 1 1 5 4 6 6 4 151 95 26 2 22 103 64 63 210 58 1 1 1 1 35 198 1 0 1 1 1 1 1 1 1 1 1 0 0 0 1 6 13 1 1 1 1
5 92 14 1 1 0 0 0 0 0 0 0 0 0 0 0 0 0 0 0 0 0 0 0 0 0 0 0 0 0 0 0 0 0 0 0 0 0 0 1 45 62 1 0 0 0 1 1 0 0 0 0 0 0 0 0 1 10 0 0 0 0 0 0 0 0 0 0 0 1 26 155 99 1 0 0 0 0 0 0 0 0 0 0 0 0 0 0 0 0 0 0 0 0 1 151 233 79 168 8 1 0 0 1 1 0 0 0 251 17 1 1 0 0 1 0 0 0 1 0 0 0 0 0 1 1 1 0 1 11 1 1 1 0 0 0 0 0 1 52 1 0 0 0 0 0 0 0 0 0 0 0 0 0 0 0 0 0 0 0 0 1 1 1 0 0 0 0 0 0 0 0 0 0 0 0 0 0 0 0 0 0 0 0 0 0 0 0 0 0 0 0 0 0 0 0 0 0 0 0 0 0 0 0 0 0 0 0 0 4 1 0 0 0 0 0 0 0 0 0 0 0 0 0 0 7 204 1 0 0 0 1 2 0 0 0 0 0 0 0 0 0 0 0 0 0 0 0 1 1 56 255 235 1 1 1 1 0 0 0 0 0 0 0 0 0 0 0 0 1 1 1 0 0 1 1 1 1 11 127 127 10 1 38 255 93 1 1 1 1 1 1 1 1 1 83 255 255 253 252 229 255 255 56 8 5 2 1 1 1 134 7 1 1 1 4 4 2 1 1 1 1 4 1 1 1 1 1 0 0 0 0 1 1 1 2 2 1 1 1 37 252 159 1 5 1 1 0 0 0 0 0 1 1 1 1 0 0 2 3 4 4 3 1 1 1 3 0 0 0 0 0 0 0 0 0 0 0 1 3 1 0 0 0 1 1 0 0 0 0 0 0 1 3 2 1 1 255 18 1 1 0 1 34 1 1 0 0 0 0 1 1 1 1 1 27 1 0 1 1 1 2 1 0 0 0 0 0 1 5 1 0 0 1 124 1 1 1 1 1 1 1 1 1 1 1 0 0 0 0 0 0 0 0 0 0 0 0 0 0 0 1 40 1 1 1 166 90 1 1 1 0 1 1 6 125 1 54 93 66 1 1 1 2 189 136 1 1 152 245 228 1 1 1 1 1 13 30 1 1 1 1 1 1 0 0 1 3 23 17 1 1
1 1 53 68 1 1 0 0 0 0 0 0 0 0 0 0 0 0 0 0 0 0 0 0 0 0 0 0 0 0 0 0 0 0 0 0 0 0 1 46 21 1 0 0 0 0 1 1 0 0 0 0 0 0 0 0 1 10 0 0 0 0 0 0 0 0 0 1 1 138 123 1 0 0 0 0 0 0 0 0 0 0 0 0 0 0 0 0 0 0 0 0 0 0 0 0 14 224 239 245 153 5 1 1 1 1 1 1 251 1 1 1 1 0 1 0 0 0 1 0 0 0 0 0 1 1 1 0 0 1 14 1 0 1 1 0 0 0 1 51 0 0 0 0 0 0 0 0 0 0 0 0 0 0 0 0 0 0 0 0 1 2 1 1 0 0 0 0 0 0 0 0 0 0 0 0 0 0 0 0 0 0 0 0 0 0 0 0 0 0 0 0 0 0 0 0 0 0 0 0 0 0 0 0 0 0 0 0 1 2 0 0 0 0 0 0 0 0 0 0 0 0 0 0 0 0 152 118 0 0 0 1 1 0 0 0 0 0 0 0 0 0 0 0 0 0 0 0 1 0 1 3 254 255 103 1 1 1 0 0 0 0 0 0 0 0 0 0 0 1 1 1 1 1 1 1 1 1 1 1 5 122 132 40 255 255 1 1 1 1 1 1 1 1 170 255 255 3 1 1 1 6 255 255 144 3 4 6 7 7 28 146 24 4 2 1 1 1 1 0 1 1 3 1 1 1 1 1 1 1 0 0 0 1 1 2 2 1 1 3 32 186 251 1 1 4 1 1 0 0 0 0 1 1 1 1 3 4 4 1 0 0 0 0 0 1 3 0 0 0 0 0 0 0 0 0 0 1 5 1 1 1 0 0 0 1 1 1 1 0 0 1 1 4 1 1 1 255 246 1 1 0 30 1 1 1 0 0 0 0 1 1 1 1 26 1 1 1 1 1 2 1 1 0 0 0 0 1 1 4 1 0 0 1 123 1 1 1 1 1 1 0 0 1 1 1 1 0 0 0 0 0 0 0 0 0 0 0 0 0 0 1 36 10 1 30 182 1 4 1 1 1 0 1 130 4 1 1 1 1 1 1 0 0 1 136 181 246 250 239 246 1 1 1 18 101 73 51 99 66 4 1 1 1 1 0 0 1 1 2 21 7
1 1 1 7 91 12 1 0 0 0 0 0 0 1 0 0 0 0 0 0 0 0 0 0 0 0 0 0 0 0 0 0 0 0 1 0 0 0 7 66 1 0 0 0 0 0 1 1 0 0 0 0 0 0 0 0 1 10 0 0 0 0 0 0 0 1 1 90 154 10 1 0 0 0 0 0 0 0 0 0 0 0 0 0 0 0 0 0 0 0 0 0 0 0 0 0 0 0 1 190 221 235 237 233 198 46 2 1 253 171 54 1 1 1 1 0 0 1 1 0 0 0 0 0 1 0 1 0 0 0 2 10 1 1 1 1 0 0 1 46 0 0 0 0 0 0 0 0 0 0 0 0 0 0 0 0 0 0 0 0 1 1 1 1 0 0 0 0 0 0 0 0 0 0 0 0 0 0 0 0 0 0 0 0 0 0 0 0 0 0 0 0 0 0 0 0 0 0 0 0 0 0 0 0 0 0 0 0 4 1 0 0 0 0 0 0 0 0 0 0 0 0 0 0 0 0 1 212 1 0 0 2 1 0 0 0 0 0 0 0 0 0 0 0 0 0 0 1 1 0 0 1 1 135 255 176 1 1 0 0 0 0 0 0 0 0 0 0 0 0 0 1 1 1 1 1 1 0 1 1 1 1 3 107 189 255 39 1 1 1 1 1 1 229 255 254 1 1 1 1 1 1 1 251 255 239 2 1 1 1 1 11 145 3 1 1 1 1 1 1 1 1 2 1 1 1 1 1 1 1 1 1 1 1 1 10 211 253 255 251 152 157 255 1 1 8 1 1 1 1 1 1 1 2 4 4 1 0 0 0 0 0 0 0 0 0 3 1 0 0 0 0 0 0 0 0 0 3 1 1 0 0 0 1 1 1 0 1 1 1 1 1 1 2 1 1 1 250 255 1 1 0 38 1 1 0 0 0 0 0 1 1 1 1 29 1 0 0 1 2 1 1 0 0 0 0 0 1 6 1 0 0 1 1 121 1 1 1 1 0 1 0 0 1 1 1 1 0 0 0 0 0 0 0 1 1 1 1 0 0 0 1 7 253 254 244 2 1 2 2 1 1 1 11 120 1 1 1 1 1 0 0 1 0 1 1 228 249 1 1 246 70 3 86 67 1 1 1 1 18 89 102 95 22 1 1 1 0 0 1 1 5
1 1 0 1 1 57 68 1 1 0 0 0 1 1 0 0 0 0 0 0 0 0 0 0 0 0 0 0 0 0 0 0 0 1 1 1 0 0 44 18 0 0 0 0 0 0 1 1 0 0 0 0 0 0 0 0 0 10 0 0 0 0 0 1 1 62 157 67 1 0 0 0 0 0 0 0 0 0 0 0 0 0 0 0 0 0 0 0 0 0 0 0 0 0 0 0 0 0 0 1 174 1 1 9 160 226 232 237 251 104 148 182 198 4 1 0 1 1 1 1 1 1 0 0 1 0 1 0 0 0 1 15 1 1 1 1 0 0 21 7 0 0 0 0 0 0 0 0 0 0 0 0 0 0 0 0 0 0 0 1 1 1 1 1 0 0 0 0 0 0 0 0 0 0 0 0 0 0 0 0 0 0 0 0 0 0 0 0 0 0 0 0 0 0 0 0 0 0 0 0 0 0 0 0 0 0 0 1 3 0 0 0 0 0 0 0 0 0 0 0 0 0 0 0 0 0 1 89 168 1 1 2 0 0 0 0 0 0 0 0 0 0 0 0 0 0 1 1 0 0 0 0 1 1 8 255 11 1 1 0 0 0 0 0 0 0 0 1 0 0 0 0 0 0 0 1 1 1 0 1 1 1 1 1 96 254 255 252 15 1 1 1 249 255 251 1 1 1 1 1 1 1 1 1 198 255 255 5 1 1 1 1 19 133 2 1 1 1 1 1 1 1 1 1 0 1 1 1 1 1 1 1 1 72 251 255 250 37 2 211 252 252 218 8 1 2 7 3 3 3 3 3 5 1 1 1 1 1 1 1 1 0 0 0 0 0 2 1 0 0 0 0 0 0 0 0 1 4 1 0 0 1 1 1 0 0 0 0 1 1 1 1 0 1 2 1 1 8 255 1 1 0 37 1 0 0 0 0 0 0 1 1 1 23 1 0 1 2 3 1 1 1 1 1 1 1 1 6 1 0 1 1 1 36 66 1 1 1 0 0 1 0 0 1 1 1 1 0 0 0 0 0 0 1 1 0 0 1 1 1 1 182 254 232 71 253 229 1 1 5 1 1 1 137 2 1 1 1 1 1 1 1 1 1 1 17 253 33 1 1 241 180 92 4 1 1 1 1 1 1 1 1 2 61 102 65 1 1 1 1 1 14
0 0 0 0 0 1 7 90 65 2 1 0 1 0 0 0 0 0 0 0 0 0 0 0 0 0 0 0 0 0 0 0 1 1 1 0 0 0 1 90 0 0 0 0 0 0 1 1 0 0 0 0 0 0 0 0 0 10 0 0 0 1 1 68 158 98 1 0 0 0 0 0 0 0 0 0 0 0 0 0 0 0 0 0 0 0 0 0 0 0 0 0 0 0 0 0 0 0 0 1 97 104 1 0 0 0 1 196 225 198 222 226 240 229 137 3 1 0 0 0 1 1 1 1 1 0 0 0 0 0 2 9 1 1 0 0 0 0 50 1 0 0 0 0 0 0 0 0 0 0 0 0 0 0 0 0 0 0 1 2 1 1 1 1 0 0 0 0 0 0 0 0 0 0 0 0 0 0 0 0 0 0 0 0 0 0 0 0 0 0 0 0 0 0 0 0 0 0 0 0 0 0 0 0 0 0 0 2 1 0 0 0 0 0 0 0 0 0 0 0 0 0 0 0 0 0 0 1 181 63 1 1 0 0 0 0 0 0 0 0 0 0 0 0 0 0 1 1 0 0 0 0 0 1 1 227 255 2 1 1 1 0 0 0 0 0 0 1 1 1 1 1 1 0 0 0 1 1 1 1 1 1 1 1 1 105 129 255 255 254 26 253 255 239 1 1 1 1 1 1 1 1 1 1 1 40 255 255 27 1 1 1 1 48 121 2 1 1 1 1 1 2 1 1 0 1 1 1 1 1 8 226 254 253 192 9 1 1 1 1 1 1 3 7 7 1 3 4 4 4 4 3 2 1 1 1 1 1 1 1 1 1 1 0 0 0 1 2 1 1 0 0 0 0 1 1 4 1 0 0 1 1 1 0 0 0 0 0 1 1 0 0 0 0 2 1 1 1 255 4 1 1 5 17 0 0 0 0 0 1 1 1 2 20 1 1 3 3 5 13 13 14 8 8 5 7 5 1 1 0 1 0 1 109 3 1 1 1 1 1 1 1 1 1 1 1 1 0 0 0 0 0 1 1 0 0 1 1 1 1 247 254 49 1 1 2 254 1 1 1 5 1 73 62 1 1 1 1 1 1 1 1 1 15 245 253 163 3 1 1 242 7 1 1 1 1 1 1 1 1 0 1 1 1 1 17 105 53 26 192 230 224
0 0 0 0 0 0 1 1 7 82 91 57 3 1 1 0 0 0 0 0 0 0 0 1 1 3 15 26 50 55 59 62 63 64 27 1 1 0 1 91 1 0 0 0 0 0 1 1 1 1 1 1 1 1 0 0 0 10 1 1 1 95 158 90 1 0 0 0 0 0 0 0 0 0 0 0 0 0 0 0 0 0 0 0 0 0 0 0 0 0 0 0 0 0 0 0 0 0 0 0 1 173 2 0 0 0 1 243 1 0 0 1 24 181 238 249 249 240 206 64 1 1 0 1 1 0 0 0 0 1 11 1 0 1 0 0 0 1 51 1 0 0 0 0 0 0 0 0 0 0 0 0 0 0 0 0 0 0 2 1 0 0 1 1 0 0 0 0 0 0 0 0 0 0 0 0 0 0 0 0 0 0 0 0 0 0 0 0 0 0 0 0 0 0 0 0 0 0 0 0 0 0 0 0 0 0 0 4 0 0 0 0 0 0 0 0 0 0 0 0 0 0 0 0 0 0 0 0 1 200 53 1 0 0 0 0 0 0 0 0 0 0 0 0 0 1 1 1 0 0 0 0 0 0 0 1 250 252 3 1 1 1 1 0 0 0 0 0 0 1 1 1 1 1 0 0 1 1 1 1 1 1 1 1 1 1 47 63 57 255 255 255 254 1 1 1 1 1 1 1 1 1 1 1 1 1 4 255 255 105 1 1 1 1 44 134 3 1 1 1 1 2 1 1 1 1 1 3 118 252 255 248 31 1 1 1 4 1 1 1 1 1 2 3 3 7 1 1 1 1 1 1 1 2 3 3 5 2 2 2 2 1 1 1 1 1 1 4 3 3 1 1 1 1 3 4 1 1 0 1 1 0 1 0 0 0 0 1 1 0 0 0 1 0 1 2 1 106 255 50 1 1 1 38 0 0 0 1 1 1 1 1 29 1 1 5 2 1 1 1 1 2 1 1 1 1 1 1 0 0 1 1 41 41 4 1 1 1 1 1 1 1 1 1 1 1 1 0 0 0 1 1 1 0 0 1 1 1 24 254 251 2 1 1 1 1 254 2 1 1 2 23 123 1 1 1 1 1 1 1 1 42 247 253 231 29 6 2 5 4 243 6 1 1 1 1 0 0 0 0 0 0 0 1 26 203 213 223 224 143 3 1
0 0 0 0 0 0 0 0 0 1 1 10 76 92 94 90 43 3 1 1 1 16 77 92 94 83 59 55 51 4 1 1 1 3 27 79 81 69 18 93 7 20 89 120 127 129 133 134 131 128 126 127 126 124 122 124 128 152 148 158 195 190 121 15 1 1 1 1 0 0 0 0 0 0 0 0 0 0 0 0 0 0 0 0 0 0 0 0 0 0 0 0 0 0 0 0 0 0 0 0 0 77 125 1 0 0 1 243 1 0 0 0 0 0 0 1 2 132 216 245 249 245 231 182 7 1 1 1 0 1 14 1 1 1 0 0 0 1 14 12 0 0 0 0 0 0 0 0 0 0 0 0 0 0 0 0 0 1 2 0 0 0 1 0 0 0 0 0 0 0 0 0 0 0 0 0 0 0 0 0 0 0 0 0 0 0 0 0 0 0 0 0 0 0 0 0 0 0 0 0 0 0 0 0 0 0 1 3 0 0 0 0 0 0 0 0 0 0 0 0 0 0 0 0 0 0 0 0 1 8 206 1 0 0 0 0 0 0 0 0 0 0 0 0 0 1 1 0 0 0 0 0 0 0 0 0 1 249 255 105 1 1 1 1 1 0 0 0 0 1 0 0 0 1 1 0 0 1 1 1 1 1 1 1 1 1 1 81 5 218 255 255 118 66 1 1 1 1 1 1 1 0 1 1 1 1 1 2 255 255 221 3 1 1 1 21 141 7 1 1 1 2 1 1 1 29 240 255 252 182 4 1 1 1 1 1 5 1 1 0 1 1 2 4 1 3 13 1 1 1 1 1 0 1 1 1 2 1 1 1 1 1 1 1 2 2 2 1 1 1 2 4 4 4 1 1 0 1 1 1 0 0 1 1 0 0 1 1 0 0 0 0 1 1 1 3 155 255 230 74 25 1 1 36 1 0 1 1 1 0 1 2 21 1 6 1 1 0 0 0 0 2 1 1 1 1 1 0 0 0 1 1 102 1 3 1 1 1 1 1 1 0 0 0 1 1 1 0 0 1 1 0 0 1 1 1 1 204 254 214 1 1 1 0 1 72 253 1 1 1 21 133 1 1 1 1 1 1 1 65 250 253 219 26 3 1 1 1 1 3 220 143 1 1 1 1 0 0 0 0 0 0 0 27 203 13 1 1 1 1 1 1
0 0 0 0 0 0 0 0 0 0 0 0 0 1 1 1 19 77 90 91 83 41 2 1 1 1 1 1 1 28 9 1 3 1 1 1 1 2 34 75 118 121 28 6 3 3 3 2 2 3 4 4 4 5 6 5 3 5 35 22 1 1 22 126 152 153 150 23 0 0 0 0 0 0 0 0 0 0 0 0 0 0 0 0 0 0 0 0 0 0 0 0 0 0 0 0 0 0 0 0 0 1 170 4 0 1 2 243 1 0 0 0 0 0 0 0 0 0 1 1 1 56 175 229 249 249 237 205 35 4 6 1 1 1 1 1 1 1 1 51 1 0 0 0 0 0 0 0 0 0 0 0 0 0 0 0 0 2 1 0 0 0 0 0 0 0 0 0 0 0 0 0 0 0 0 0 0 0 0 0 0 0 0 0 0 0 0 0 0 0 0 0 0 0 0 0 0 0 0 0 0 0 0 0 0 0 3 1 0 0 0 0 0 0 0 0 0 0 0 0 0 0 0 0 0 0 0 0 0 1 177 82 0 0 0 0 0 0 0 0 0 0 0 0 1 1 0 0 0 0 0 0 0 0 0 1 1 1 129 255 251 2 1 1 1 1 0 0 0 1 0 0 0 0 0 1 1 0 1 1 1 0 1 1 1 1 1 13 253 255 255 251 1 32 113 44 1 1 1 1 1 1 1 0 1 1 1 1 1 233 255 255 37 6 2 1 11 144 3 1 1 4 6 163 252 255 244 28 1 1 1 1 1 1 1 1 4 1 1 1 1 1 1 6 1 1 1 13 6 1 1 1 1 1 1 1 1 3 1 1 0 1 1 1 1 1 1 1 0 0 0 0 1 0 0 0 0 1 1 1 1 0 0 0 0 1 1 1 0 0 0 0 1 1 1 222 255 185 1 1 85 17 7 1 8 1 1 0 0 1 1 26 2 5 1 0 0 0 0 0 0 2 1 1 1 0 0 0 0 1 1 53 32 1 3 1 1 1 1 1 1 0 0 0 1 1 1 1 1 1 1 1 1 1 1 44 253 254 27 1 1 1 1 1 1 253 187 1 1 2 125 1 2 1 1 1 1 104 250 253 201 13 2 1 1 1 1 1 1 1 25 241 5 1 1 1 1 0 0 0 0 1 2 209 3 1 1 1 1 1 1 1
0 0 0 0 0 0 0 0 0 0 0 0 0 0 0 0 0 1 1 1 1 0 0 0 0 0 0 0 1 1 23 6 3 1 0 0 0 0 0 1 1 9 0 0 0 0 1 1 0 0 0 0 0 1 1 11 33 20 1 0 0 0 0 0 1 1 1 119 152 18 0 0 0 0 0 0 0 0 0 0 0 0 0 0 0 0 0 0 0 0 0 0 0 0 0 0 0 0 0 0 0 0 63 135 1 1 169 214 1 0 0 0 0 0 0 0 0 0 0 0 0 0 0 1 1 5 144 214 246 250 244 221 132 3 1 1 1 1 1 31 4 0 0 0 0 0 0 0 0 0 0 0 0 0 0 0 1 2 1 0 0 0 0 0 0 0 0 0 0 0 0 0 0 0 0 0 0 0 0 0 0 0 0 0 0 0 0 0 0 0 0 0 0 0 0 0 0 0 0 0 0 0 0 0 0 0 4 0 0 0 0 0 0 0 0 0 0 0 0 0 0 0 0 0 0 0 0 0 0 1 1 213 1 0 0 0 0 0 0 0 0 0 0 0 1 1 0 0 0 0 0 0 0 0 0 1 0 0 1 1 251 255 130 1 1 1 1 1 1 1 1 1 0 0 0 0 1 1 1 1 1 1 1 1 1 1 1 255 255 76 219 84 1 1 1 67 66 1 1 1 1 1 1 1 1 1 1 1 1 1 98 255 255 255 253 249 188 104 164 14 58 242 255 252 135 3 1 1 1 1 1 1 1 1 1 1 2 3 1 1 1 1 1 7 1 0 1 1 3 9 1 1 1 0 1 1 3 4 2 1 1 0 0 0 1 1 1 1 1 1 0 0 0 0 0 0 0 0 0 0 1 1 0 1 1 1 1 1 1 0 0 1 1 1 3 255 67 1 1 1 1 114 1 1 11 1 1 0 1 1 1 24 16 1 0 0 0 0 0 0 0 1 2 1 1 1 0 0 0 1 1 105 1 1 1 1 1 1 1 1 1 0 0 0 1 1 1 1 1 1 1 1 6 220 254 255 233 1 1 1 1 1 1 1 1 250 216 1 1 119 5 1 3 1 1 167 253 252 160 7 1 1 1 1 1 1 0 1 1 1 2 186 203 1 1 1 1 1 0 0 1 1 199 32 1 1 1 0 1 0 0 0
0 0 0 0 0 0 0 0 0 0 0 0 0 0 0 0 0 0 0 0 0 0 0 0 0 0 0 0 0 0 1 48 2 0 0 0 0 0 0 1 6 2 0 0 0 0 0 1 0 0 0 0 1 13 36 7 1 0 0 0 0 0 0 0 0 0 0 0 1 121 127 1 0 0 0 0 0 0 0 0 0 0 0 0 0 0 0 0 0 0 0 0 0 0 0 0 0 0 0 0 0 0 1 171 19 167 243 1 0 0 0 0 0 0 0 0 0 0 0 0 0 0 0 0 1 1 1 0 1 1 104 206 242 250 248 235 202 37 1 1 44 0 0 0 0 0 0 0 0 0 0 0 0 0 0 0 2 1 0 0 0 0 0 0 0 0 0 0 0 0 0 0 0 0 0 0 0 0 0 0 0 0 0 0 0 0 0 0 0 0 0 0 0 0 0 0 0 0 0 0 0 0 0 0 0 1 2 0 0 0 0 0 0 0 0 0 0 0 0 0 0 0 0 0 0 0 0 0 0 1 1 213 1 0 0 0 0 0 0 0 0 0 0 1 1 0 0 0 0 0 0 0 0 0 0 0 0 1 1 1 1 85 255 254 125 7 1 1 1 1 1 1 1 1 1 0 1 1 1 0 0 1 1 1 1 1 255 253 1 1 144 63 1 1 1 1 36 95 1 1 1 1 1 1 1 1 1 1 1 1 1 4 255 255 150 222 251 253 255 255 254 245 21 1 1 1 1 1 1 1 1 1 1 1 1 1 1 4 1 1 0 1 1 7 1 0 0 0 1 4 5 1 2 3 3 2 1 1 4 1 1 0 0 0 0 0 1 1 1 1 1 0 0 0 0 0 0 0 0 0 0 1 1 1 1 1 1 0 1 1 1 1 1 1 254 255 1 1 1 1 1 13 82 1 1 7 1 1 1 1 1 8 29 1 0 0 0 0 0 0 1 1 1 2 1 1 1 0 0 1 69 20 1 3 1 0 1 1 0 1 1 1 0 1 1 1 1 1 4 32 217 254 255 253 133 1 1 1 0 1 1 1 0 0 1 16 253 145 129 34 1 1 2 214 253 250 78 10 1 1 1 1 1 1 0 1 1 0 0 1 1 12 238 35 1 1 0 1 1 1 1 21 202 1 1 1 0 1 1 0 0 1
0 0 0 0 0 0 0 0 0 0 0 0 0 0 0 0 0 0 0 0 0 0 0 0 0 0 0 0 0 0 1 2 35 1 0 0 0 0 0 1 11 1 0 0 0 0 0 1 0 0 0 2 35 6 0 0 0 0 0 0 0 0 0 0 0 0 0 0 0 0 12 151 44 0 0 0 0 0 0 0 0 0 0 0 0 0 0 0 0 0 0 0 0 0 0 0 0 0 0 0 0 0 1 124 161 238 4 0 0 0 0 0 0 0 0 0 0 0 0 0 0 0 0 0 0 0 1 1 1 0 0 1 1 1 37 170 223 248 250 241 231 55 1 1 1 1 0 0 0 0 0 0 0 0 0 1 2 1 0 0 0 0 0 0 0 0 0 0 0 0 0 0 0 0 0 0 0 0 0 0 0 0 0 0 0 0 0 0 0 0 0 0 0 0 0 0 0 0 0 0 0 0 0 0 0 3 1 0 0 0 0 0 0 0 0 0 0 0 0 0 0 0 0 0 0 0 0 0 0 0 1 187 53 0 0 0 0 0 0 0 0 0 0 1 1 0 0 0 0 0 0 0 0 0 0 0 0 1 1 0 0 1 1 232 255 255 255 255 163 1 1 1 1 1 1 1 1 1 0 0 1 1 1 1 1 255 253 1 1 1 123 93 1 1 1 1 1 10 106 1 1 1 1 1 1 1 1 1 1 1 1 1 2 251 255 211 3 1 3 131 37 9 2 2 2 1 1 1 1 1 1 1 1 1 1 0 1 4 1 1 1 1 1 6 1 0 0 1 1 1 10 2 1 1 1 1 1 1 1 5 1 1 0 0 0 0 0 1 1 1 1 1 0 0 0 0 0 0 0 0 0 0 1 1 1 1 1 1 1 1 1 1 1 1 255 251 1 1 1 1 1 1 2 85 1 4 2 1 1 1 0 7 32 0 0 0 0 0 0 0 1 1 1 1 2 1 1 1 0 1 108 1 1 3 1 0 1 1 0 1 1 1 1 1 1 1 5 253 255 255 253 183 5 1 1 1 1 1 1 1 1 1 1 1 1 1 162 253 181 19 34 238 253 249 27 1 1 4 1 1 1 2 1 1 1 0 1 0 0 1 1 1 113 227 2 1 1 1 1 1 1 205 14 1 1 0 1 1 0 0 0 1
0 0 0 0 0 0 0 0 0 0 0 0 0 0 0 0 0 0 0 0 0 0 0 0 0 0 0 0 0 0 0 1 6 19 1 1 0 0 0 1 11 0 0 0 0 0 1 1 0 1 9 27 1 0 0 0 0 0 0 0 0 0 0 0 0 0 0 0 0 0 0 1 99 139 1 0 0 0 0 0 0 0 0 0 0 0 0 0 0 0 0 0 0 0 0 0 0 0 0 0 0 0 0 1 237 185 2 0 0 0 0 0 0 0 0 0 0 0 0 0 0 0 0 0 0 0 1 1 1 1 0 0 0 0 0 0 1 1 4 132 212 248 241 221 37 1 1 1 0 0 0 0 0 0 0 1 1 0 0 0 0 0 0 0 0 0 0 0 0 0 0 0 0 0 0 0 0 0 0 0 0 0 0 0 0 0 0 0 0 0 0 0 0 0 0 0 0 0 0 0 0 0 0 0 1 3 0 0 0 0 0 0 0 0 0 0 0 0 0 0 0 0 0 0 0 0 0 0 0 0 1 54 185 0 0 0 0 0 0 0 0 0 1 1 0 0 0 0 0 0 0 0 0 0 1 1 1 1 0 0 0 0 1 1 1 1 1 104 255 252 1 1 1 1 1 1 1 0 1 1 1 1 1 1 253 255 1 1 1 1 21 169 1 1 1 1 1 1 4 107 2 1 1 0 1 1 1 1 1 1 1 1 1 1 197 255 252 5 1 2 148 15 1 1 1 1 1 1 1 1 1 1 0 0 0 1 1 1 3 1 1 1 1 1 5 1 1 1 1 1 4 1 1 1 1 1 1 0 1 1 5 1 0 1 1 0 0 0 0 1 1 1 1 0 0 0 0 0 0 0 1 1 1 1 0 0 1 1 1 0 1 1 1 1 254 255 1 1 1 1 0 1 1 1 83 1 11 1 1 0 1 54 1 0 0 0 0 0 0 1 1 1 1 0 1 2 1 1 1 3 96 1 1 3 1 1 1 1 1 1 1 1 1 1 5 75 253 239 10 2 1 1 1 1 1 1 1 1 1 0 1 1 1 0 1 1 1 38 250 253 253 245 12 1 1 1 1 1 4 1 1 1 1 1 1 1 1 1 1 1 1 1 5 223 116 1 1 1 1 1 66 187 1 1 0 0 1 0 0 1 1 1
0 0 0 0 0 0 0 0 0 0 0 0 0 0 0 0 0 0 0 0 0 0 0 0 0 0 0 0 0 0 0 0 1 19 6 1 1 0 1 1 10 0 0 0 0 0 1 1 1 30 9 0 0 0 0 0 0 0 0 0 0 0 0 0 0 0 0 0 0 0 0 0 1 5 147 79 1 0 0 0 0 0 0 0 0 0 0 0 0 0 0 0 0 0 0 0 0 0 0 0 0 0 0 1 196 234 1 0 0 0 0 0 0 0 0 0 0 0 0 0 0 0 0 0 0 0 0 0 0 1 1 1 0 0 0 0 1 1 0 1 1 139 53 163 241 241 207 6 1 0 0 0 0 0 0 2 1 0 0 0 0 0 0 0 0 0 0 0 0 0 0 0 0 0 0 0 0 0 0 0 0 0 0 0 0 0 0 0 0 0 0 0 0 0 0 0 0 0 0 0 0 0 0 0 3 1 0 0 0 0 0 0 0 0 0 0 0 0 0 0 0 0 0 0 0 0 0 0 0 0 1 1 212 0 0 0 0 0 0 0 0 1 1 1 0 0 0 0 0 0 0 0 0 0 1 1 1 1 1 1 0 0 0 0 1 1 1 1 1 248 255 44 1 1 1 1 1 1 1 1 1 1 1 252 255 1 1 1 1 1 1 190 1 1 1 1 1 1 1 2 106 6 1 1 0 1 1 1 1 1 1 1 1 1 1 55 255 255 18 1 59 123 1 1 1 1 1 1 1 0 1 1 1 1 1 1 1 1 4 1 0 1 1 1 6 1 1 1 0 0 1 4 1 1 1 1 0 0 1 1 2 3 1 0 1 1 1 1 1 1 1 1 1 0 0 1 1 0 0 1 1 1 1 0 0 0 0 1 1 1 1 1 1 1 23 255 1 1 0 1 1 0 1 1 2 83 25 1 1 1 18 25 1 1 0 1 1 0 0 1 0 1 1 1 1 1 2 1 1 1 106 1 1 2 1 1 1 1 1 1 2 34 90 97 81 225 254 8 1 1 1 1 1 1 1 1 1 1 1 0 1 1 1 1 1 1 1 1 3 4 2 3 9 1 1 1 1 1 4 1 1 1 1 1 1 0 1 1 1 1 1 1 1 56 234 9 1 1 1 46 223 1 1 1 1 1 0 0 0 1 0 0
0 0 0 0 0 0 0 0 0 0 0 0 0 0 0 0 0 0 0 0 0 0 0 0 0 0 0 0 0 0 0 0 1 1 39 1 1 1 1 5 2 0 0 0 0 0 1 10 33 1 0 0 0 0 0 0 0 0 0 0 0 0 0 0 0 0 0 0 0 0 0 0 0 0 1 64 149 18 1 1 0 0 0 0 0 0 0 0 0 0 0 0 0 0 0 0 0 0 0 0 0 0 0 0 186 238 1 0 0 0 0 0 0 0 0 0 0 0 0 0 0 0 0 0 0 0 0 0 0 0 0 1 1 1 0 1 1 0 0 0 1 1 156 1 1 36 185 243 239 181 1 1 0 0 1 2 0 0 0 0 0 0 0 0 0 0 0 0 0 0 0 0 0 0 0 0 0 0 0 0 0 0 0 0 0 0 0 0 0 0 0 0 0 0 0 0 0 0 0 0 0 0 0 1 3 0 0 0 0 0 0 0 0 0 0 0 0 0 0 0 0 0 0 0 0 0 0 0 0 0 0 2 212 1 0 0 0 0 0 0 0 1 1 1 0 0 0 0 0 0 0 0 0 1 1 0 0 0 1 1 0 0 0 1 1 0 0 0 1 1 140 255 216 1 1 2 1 1 3 4 1 1 255 255 2 1 1 1 1 0 1 191 1 1 1 0 1 1 1 1 1 102 10 1 1 1 1 1 1 1 1 1 1 1 1 1 8 255 255 73 3 145 20 1 1 1 1 1 1 1 1 1 0 0 1 0 0 1 4 1 1 1 1 1 1 7 2 1 0 0 1 5 1 1 1 0 0 0 0 0 1 3 1 1 0 0 0 0 0 1 1 1 1 1 0 1 1 1 1 1 1 0 0 0 0 0 0 1 1 2 2 1 1 1 2 255 1 0 0 0 1 1 0 1 1 1 59 3 1 5 41 1 1 1 0 1 1 0 0 0 0 0 1 1 1 1 1 2 1 1 107 1 3 1 1 1 1 5 69 92 89 40 2 1 5 255 65 13 1 1 1 1 1 1 1 0 0 1 0 0 1 1 1 1 1 1 4 4 1 1 1 1 22 1 1 1 1 1 4 1 1 1 1 1 0 0 1 1 1 1 2 1 1 3 191 193 4 40 218 222 113 45 1 1 1 0 0 0 0 0 0 0
0 0 0 0 0 0 0 0 0 0 0 0 0 0 0 0 0 0 0 0 0 0 0 0 0 0 0 0 0 0 0 0 0 1 1 39 1 1 1 11 1 0 0 0 0 2 35 9 0 0 0 0 0 0 0 0 0 0 0 0 0 0 0 0 0 0 0 0 0 0 0 0 0 0 0 0 1 118 140 2 1 0 0 0 0 0 0 0 0 0 0 0 0 0 0 0 0 0 0 0 0 0 0 0 154 243 1 0 0 0 0 0 0 0 0 0 0 0 0 0 0 0 0 0 0 0 0 0 0 0 0 0 0 1 1 1 0 0 0 0 0 1 53 104 1 1 0 1 50 211 244 234 149 1 2 1 0 0 0 0 0 0 0 0 0 0 0 0 0 0 0 0 0 0 0 0 0 0 0 0 0 0 0 0 0 0 0 0 0 0 0 0 0 0 0 0 0 0 0 0 0 0 1 4 1 0 0 0 0 0 0 0 0 0 0 0 0 0 0 0 0 0 0 0 0 0 0 0 0 0 1 1 212 1 0 0 0 0 0 0 1 1 0 1 1 1 0 0 0 0 0 0 0 1 1 0 0 0 1 1 1 0 1 1 0 0 0 1 1 1 1 2 255 255 255 255 255 255 213 175 194 255 254 1 1 0 1 1 0 1 2 189 1 0 1 1 1 1 1 1 1 1 94 28 1 1 1 1 1 1 1 1 1 1 1 1 1 3 252 255 186 73 114 1 1 1 1 1 0 1 1 1 1 1 1 0 0 1 1 2 1 1 1 1 1 1 5 3 1 1 1 6 1 1 0 0 0 0 0 0 0 1 5 1 1 0 0 0 0 0 1 1 1 1 1 1 1 1 1 0 0 0 0 0 0 0 0 1 1 1 1 2 1 1 6 255 1 1 0 1 0 1 1 0 1 1 1 61 52 46 1 1 1 1 0 0 1 0 0 0 0 0 0 1 1 1 1 1 2 1 105 1 4 1 24 88 91 75 8 1 1 1 1 1 251 250 1 11 1 1 1 1 1 0 0 0 0 1 0 0 1 1 1 2 4 3 1 1 0 0 0 1 21 1 1 1 0 1 5 1 1 1 1 0 0 0 0 1 1 1 1 1 1 1 21 230 229 220 51 1 1 76 107 1 1 1 0 0 0 0 0 0
0 0 0 0 0 0 0 0 0 0 0 0 0 0 0 0 0 0 0 0 0 0 0 0 0 0 0 0 0 0 0 0 0 0 1 6 19 1 1 11 1 0 0 1 17 28 1 0 0 0 0 0 0 0 0 0 0 0 0 0 0 0 0 0 0 0 0 0 0 0 0 0 0 0 0 0 0 0 4 145 100 1 1 1 0 0 0 0 0 0 0 0 0 0 0 0 0 0 0 0 0 0 0 0 15 250 1 0 0 0 0 0 0 0 0 0 0 0 0 0 0 0 0 0 0 0 0 0 0 0 0 0 0 0 0 0 0 0 0 0 0 1 1 154 2 1 0 0 0 0 1 87 225 244 230 132 1 0 0 0 0 0 0 0 0 0 0 0 0 0 0 0 0 0 0 0 0 0 0 0 0 0 0 0 0 0 0 0 0 0 0 0 0 0 0 0 0 0 0 0 0 0 1 2 0 0 0 0 0 0 0 0 0 0 0 0 0 0 0 0 0 0 0 0 0 0 0 0 0 1 1 1 212 1 0 0 0 0 0 1 1 1 0 0 1 1 0 0 0 0 0 0 0 1 0 1 1 1 1 1 1 1 1 0 0 1 1 1 0 0 1 1 91 111 1 1 1 157 255 254 255 229 21 27 18 3 1 1 0 1 20 171 1 0 0 0 1 1 1 1 0 1 1 69 55 1 1 1 1 0 1 1 1 1 1 1 1 1 2 224 255 250 72 58 1 1 1 1 1 0 1 1 1 0 0 0 0 0 1 4 1 1 1 1 1 0 1 3 6 1 1 6 1 0 0 0 0 0 0 0 0 1 1 5 1 0 0 1 1 0 1 1 1 1 1 1 1 1 1 0 0 0 0 0 0 0 1 1 1 0 1 1 2 2 85 255 1 1 1 1 0 0 1 1 0 1 1 1 3 1 1 1 1 1 1 1 1 0 0 1 1 1 1 1 1 1 1 1 1 2 103 94 96 86 43 1 1 1 1 1 1 1 1 106 255 3 1 11 1 0 0 0 0 0 0 0 1 1 1 0 1 3 4 2 1 1 1 1 1 1 1 1 13 2 1 1 1 1 5 1 1 1 1 0 0 0 1 1 1 1 1 0 1 1 6 59 65 1 1 1 1 1 9 126 32 1 1 0 0 0 0 0
0 0 0 0 0 0 0 0 0 0 0 0 0 0 0 0 0 0 0 0 0 0 0 0 0 0 0 0 0 0 0 0 0 0 0 1 18 6 1 9 0 0 2 37 5 0 0 0 0 0 0 0 0 0 0 0 0 0 0 0 0 0 0 0 0 0 0 0 0 0 0 0 0 0 0 0 0 0 0 0 37 148 46 1 1 1 0 0 0 0 0 0 0 0 0 1 0 0 0 0 0 0 0 0 1 253 1 0 0 0 0 0 0 0 0 0 0 0 0 0 0 0 0 0 0 0 0 0 0 0 0 0 0 0 0 0 0 0 0 0 0 1 1 4 149 1 0 0 0 0 0 0 0 1 121 227 244 227 121 1 0 0 0 0 0 0 0 0 0 0 0 0 0 0 0 0 0 0 0 0 0 0 0 0 0 0 0 0 0 0 0 0 0 0 0 0 0 0 0 0 0 1 4 0 0 0 0 0 0 0 0 0 0 0 0 0 0 0 0 0 0 0 0 0 0 0 0 0 0 1 1 1 212 1 0 0 0 1 1 1 1 1 1 1 1 1 1 1 0 0 0 0 0 1 1 1 1 1 1 0 1 1 0 1 1 1 0 0 0 1 1 113 39 1 1 1 1 4 212 253 31 1 1 1 1 5 15 13 5 1 139 76 0 0 0 0 0 0 1 1 1 0 1 1 42 78 1 1 0 0 0 1 1 1 1 1 1 1 1 1 187 255 255 128 17 1 1 1 1 0 0 1 1 1 0 0 0 0 1 4 1 1 1 1 1 1 1 1 1 6 10 11 3 1 1 1 0 0 0 0 0 0 1 1 3 1 1 1 0 0 1 1 1 1 1 1 0 1 1 1 1 1 0 0 1 1 1 1 1 1 1 1 1 7 251 255 1 1 1 0 0 0 0 1 1 0 0 0 1 1 1 1 1 1 1 1 1 1 1 1 1 1 1 1 1 1 1 1 1 1 72 25 1 1 1 1 1 1 1 1 1 1 1 254 207 1 1 10 1 0 0 0 0 0 0 0 0 1 1 4 4 1 1 0 0 0 0 0 0 0 0 1 3 7 1 1 1 3 2 1 1 1 1 0 0 0 1 1 1 1 1 1 1 1 2 10 67 2 1 1 1 0 1 1 83 116 3 1 0 0 0 0
0 0 0 0 0 0 0 0 0 0 0 0 0 0 0 0 0 0 0 0 0 0 0 0 0 0 0 0 0 0 0 0 0 0 0 0 1 35 1 9 1 11 25 1 0 0 0 0 0 0 0 0 0 0 0 0 0 0 0 0 0 0 0 0 0 0 0 0 0 0 0 0 0 0 0 0 0 0 0 0 0 1 92 146 20 1 1 1 0 0 0 0 0 0 1 1 0 0 0 0 0 0 0 0 2 253 1 0 0 0 0 0 0 0 0 0 0 0 0 0 0 0 0 0 0 0 0 0 0 0 0 0 0 0 0 0 0 0 0 0 0 0 1 1 145 5 0 0 0 0 0 0 0 0 0 0 3 142 230 242 222 100 1 1 0 0 0 0 0 0 0 0 0 0 0 0 0 0 0 0 0 0 0 0 0 0 0 0 0 0 0 0 0 0 0 0 0 0 0 0 0 3 1 0 0 0 0 0 0 0 0 0 0 0 0 0 0 0 0 0 0 0 0 0 0 0 0 0 1 1 0 1 201 14 0 1 1 1 1 1 1 1 0 1 1 1 1 1 0 0 0 0 0 1 1 1 1 1 1 0 0 1 1 1 1 0 0 0 1 16 131 9 1 1 1 1 1 243 239 1 1 1 0 0 0 0 1 1 3 12 202 16 1 1 1 1 0 0 1 1 1 1 1 1 1 21 98 1 1 1 1 0 1 1 1 1 1 1 1 19 109 30 255 255 166 5 1 1 1 1 1 0 1 1 1 1 0 0 1 4 1 1 1 1 0 1 0 0 1 2 1 1 12 24 21 3 1 1 1 1 0 0 0 1 3 1 1 0 0 1 1 1 1 1 0 1 1 0 1 1 1 1 1 1 1 1 1 1 1 1 1 14 113 243 255 198 1 1 0 0 0 0 0 0 1 1 0 1 1 1 1 0 1 1 0 1 1 1 1 0 0 1 1 1 1 1 1 1 1 6 82 1 1 1 1 1 1 1 0 1 1 1 228 254 1 1 1 9 1 0 0 0 0 0 0 1 1 4 3 1 1 0 0 0 0 0 0 0 0 0 0 1 1 12 1 1 1 6 1 1 1 1 1 0 0 0 0 0 1 1 1 1 1 2 1 10 2 65 1 0 1 1 0 0 1 4 121 124 13 1 1 0
0 0 0 0 0 0 0 0 0 0 0 0 0 0 0 0 0 0 0 0 0 0 0 0 0 0 0 0 0 0 0 0 0 0 0 0 0 1 52 5 27 7 1 0 0 0 0 0 0 0 0 0 0 0 0 0 0 0 0 0 0 0 0 0 0 0 0 0 0 0 0 0 0 0 0 0 0 0 0 0 0 0 0 1 114 146 96 1 1 1 0 0 0 0 1 0 0 0 0 0 0 0 0 0 88 249 1 0 0 0 0 0 0 0 0 0 0 0 0 0 0 0 0 0 0 0 0 0 0 0 0 0 0 0 0 0 0 0 0 0 0 0 0 1 2 153 1 0 0 0 0 0 0 0 0 0 0 0 1 6 154 233 239 215 48 1 1 0 0 0 0 0 0 0 0 0 0 0 0 0 0 0 0 0 0 0 0 0 0 0 0 0 0 0 0 0 0 0 0 0 1 3 0 0 0 0 0 0 0 0 0 0 0 0 0 0 0 0 0 0 0 0 0 0 0 0 0 1 1 0 0 1 98 164 1 1 1 1 1 0 0 1 1 0 0 1 1 1 1 0 0 0 0 0 1 1 1 1 1 1 0 1 1 1 0 0 1 25 125 106 1 1 1 0 1 23 249 186 13 1 1 0 0 0 0 0 0 0 1 14 173 6 17 24 20 3 1 1 1 1 1 1 1 1 1 1 8 102 4 1 1 1 0 0 1 1 1 1 1 131 2 1 8 255 255 211 2 1 1 1 1 1 1 1 0 0 0 0 1 4 1 1 1 1 1 0 1 1 2 1 0 1 1 1 1 10 24 22 6 1 1 1 0 0 1 5 1 0 0 1 1 1 1 1 1 0 0 0 0 0 1 1 1 1 1 1 1 1 1 1 31 255 255 255 238 1 1 1 0 0 0 0 0 0 0 1 1 0 0 0 1 1 1 1 1 1 1 0 1 1 0 0 1 1 1 1 1 1 2 2 89 1 1 1 0 0 1 0 1 1 1 9 255 45 1 1 0 8 1 0 0 0 0 1 2 5 2 1 0 0 1 0 0 0 0 0 0 0 0 0 0 1 1 12 1 1 1 4 1 1 1 1 0 0 0 0 0 0 1 1 0 1 1 3 1 10 1 48 9 1 0 1 1 0 0 1 1 2 99 127 126 60
0 0 0 0 0 0 0 0 0 0 0 0 0 0 0 0 0 0 0 0 0 0 0 0 0 0 0 0 0 0 0 0 0 0 0 0 0 1 48 39 1 0 1 0 0 0 0 0 0 0 0 0 0 0 0 0 0 0 0 0 0 0 0 0 0 0 0 0 0 0 0 0 0 0 0 0 0 0 0 0 0 0 0 0 0 1 37 144 143 22 1 0 0 0 1 0 0 0 0 0 0 0 0 0 207 232 1 0 0 0 0 0 0 0 0 0 0 0 0 0 0 0 0 0 0 0 0 0 0 0 0 0 0 0 0 0 0 0 0 0 0 0 0 0 1 144 5 0 0 0 0 0 0 0 0 0 0 0 0 0 0 1 15 169 239 239 189 2 1 0 0 0 0 0 0 0 0 0 0 0 0 0 0 0 0 0 0 0 0 0 0 0 0 0 0 0 0 0 0 0 3 1 0 0 0 0 0 0 0 0 0 0 0 0 0 0 0 0 0 0 0 0 0 0 0 0 1 1 1 0 0 1 1 211 1 1 1 1 0 0 0 0 1 1 1 1 1 1 1 1 0 0 0 0 1 1 0 1 1 1 1 1 1 0 1 35 131 94 4 1 1 1 1 1 171 251 45 1 4 4 1 0 0 0 0 0 0 1 1 173 13 2 1 1 1 12 23 20 5 1 1 1 1 0 1 1 1 2 94 15 1 1 0 0 0 1 1 1 103 28 1 1 1 4 244 255 228 1 1 1 1 1 1 1 1 0 0 1 1 4 1 1 1 1 0 0 1 2 1 0 0 0 1 1 1 1 1 1 7 22 22 8 1 1 1 1 5 1 0 1 0 1 1 1 1 1 1 0 0 0 1 1 1 1 1 1 1 1 1 1 251 255 26 4 1 1 1 0 0 0 0 0 0 0 0 0 1 1 1 1 1 1 1 1 1 0 1 1 1 1 1 0 0 1 1 1 1 2 1 4 94 1 1 0 0 1 1 1 1 1 1 253 248 1 1 1 1 7 1 1 1 1 4 5 1 1 0 0 0 0 1 0 0 0 0 0 0 0 0 0 0 1 8 2 1 1 3 2 1 1 1 1 0 0 0 0 0 0 1 1 1 1 1 1 1 9 1 1 74 1 0 0 1 0 0 0 1 1 1 1 1 52
0 0 0 0 0 0 0 0 0 0 0 0 0 0 0 0 0 0 0 0 0 0 0 0 0 0 0 0 0 0 0 0 0 0 0 0 0 2 35 1 0 1 1 0 0 0 0 0 0 0 0 0 0 0 0 0 0 0 0 0 0 0 0 0 0 0 0 0 0 0 0 0 0 0 0 0 0 0 0 0 0 0 0 0 0 0 0 0 1 108 145 59 1 0 1 0 0 0 0 0 0 0 0 0 250 40 0 0 0 0 0 0 0 0 0 0 0 0 0 0 0 0 0 0 0 0 0 0 0 0 0 0 0 0 0 0 0 0 0 0 0 0 0 0 0 2 153 1 0 0 0 0 0 0 0 0 0 0 0 0 0 0 0 0 1 38 199 243 236 146 1 0 0 0 0 0 0 0 0 0 0 0 0 0 0 0 0 0 0 0 0 0 0 0 0 0 0 0 0 1 3 0 0 0 0 0 0 0 0 0 0 0 0 0 0 0 0 0 0 0 0 0 0 0 0 0 1 1 0 0 0 0 1 212 1 0 0 1 0 0 0 0 0 0 1 1 1 1 1 1 1 1 0 0 1 1 1 0 1 0 1 1 1 1 70 86 1 1 1 1 1 1 1 232 244 1 1 1 1 14 1 1 0 0 0 0 0 1 48 151 1 2 1 1 1 1 1 1 8 22 28 8 1 1 1 1 1 1 1 77 33 1 1 1 1 1 1 29 106 1 1 1 1 1 2 214 255 144 1 1 1 1 1 1 1 1 1 1 1 4 1 1 1 1 1 1 2 1 0 0 0 0 1 0 0 0 0 0 0 1 1 4 19 23 10 1 1 3 1 1 0 1 1 1 1 1 1 0 0 0 0 0 0 0 0 1 1 1 1 1 254 255 1 1 1 0 0 0 0 0 0 1 0 0 0 0 0 1 1 1 1 1 1 1 1 0 1 1 0 1 1 1 1 1 1 1 1 2 1 6 95 1 1 0 0 1 1 1 1 1 147 254 2 1 1 1 1 9 1 7 68 68 57 42 9 1 1 0 0 0 1 0 0 0 0 0 0 0 0 0 0 1 16 1 1 1 5 1 1 1 1 1 0 1 1 0 0 1 1 1 1 0 3 1 1 5 2 1 22 29 1 0 1 0 0 0 0 0 0 1 1 1
0 0 0 0 0 0 0 0 0 0 0 0 0 0 0 0 0 0 0 0 0 0 0 0 0 0 0 0 0 0 0 0 0 0 0 0 1 41 1 0 0 1 0 0 0 0 0 0 0 0 0 0 0 0 0 0 0 0 0 0 0 0 0 0 0 0 0 0 0 0 0 0 0 0 0 0 0 0 0 0 0 0 0 0 0 0 0 0 0 0 1 75 144 35 1 0 0 0 0 0 0 0 0 0 253 1 0 0 0 0 0 0 0 0 0 0 0 0 0 0 0 0 0 0 0 0 0 0 0 0 0 0 0 0 0 0 0 0 0 0 0 0 0 0 0 1 148 3 0 0 0 0 0 0 0 0 0 0 0 0 0 0 0 0 0 0 1 1 68 223 243 231 118 1 0 0 0 0 0 0 0 0 0 0 0 0 0 0 0 0 0 0 0 0 0 0 0 0 0 3 1 0 0 0 0 0 0 0 0 0 0 0 0 0 0 0 0 0 0 0 0 0 0 0 0 1 1 0 0 0 0 1 1 212 1 1 0 1 0 0 0 1 1 0 0 0 0 0 1 1 1 1 1 1 1 1 1 1 1 1 1 0 1 54 71 1 1 1 1 1 1 5 249 210 1 0 0 1 0 4 4 1 0 0 0 0 1 1 183 2 0 1 2 0 0 0 1 1 1 1 1 5 22 26 19 3 1 1 1 1 54 49 1 1 1 1 1 132 2 1 1 1 1 1 1 4 252 255 78 1 1 1 1 1 1 1 1 1 1 3 1 1 1 1 1 2 1 0 0 0 0 1 1 0 0 0 0 0 0 0 0 1 1 1 3 17 22 27 3 1 1 1 1 1 1 1 1 1 1 0 0 0 0 0 0 0 1 1 1 1 255 185 1 1 1 0 0 0 0 1 1 1 0 0 0 0 0 0 1 0 0 0 1 1 1 0 0 1 1 0 1 1 1 1 1 1 1 3 2 7 82 4 1 0 0 1 1 1 1 1 254 184 1 1 1 1 28 236 245 243 106 1 1 1 15 43 42 8 1 0 1 1 0 0 0 0 0 0 0 0 0 1 17 1 1 1 5 1 1 1 1 0 0 0 1 0 0 1 1 1 1 1 3 1 0 1 6 1 1 72 1 1 1 0 0 0 0 0 0 0 1 1
0 0 0 0 0 0 0 0 0 0 0 0 0 0 0 0 0 0 0 0 0 0 0 0 0 0 0 0 0 0 0 0 0 0 0 1 10 15 0 0 0 1 0 0 0 0 0 0 0 0 0 0 0 0 0 0 0 0 0 0 0 0 0 0 0 0 0 0 0 0 0 0 0 0 0 0 0 0 0 0 0 0 0 0 0 0 0 0 0 0 0 0 1 96 143 15 1 0 0 0 0 0 0 1 253 1 0 0 0 0 0 0 0 0 0 0 0 0 0 0 0 0 0 0 0 0 0 0 0 0 0 0 0 0 0 0 0 0 0 0 0 0 0 0 0 0 2 149 0 0 0 0 0 0 0 0 0 0 0 0 0 0 0 1 1 1 1 1 0 1 1 108 228 243 225 127 1 1 0 0 0 0 0 0 0 0 0 0 0 0 0 0 0 0 0 0 0 0 0 4 0 0 0 0 0 0 0 0 0 0 0 0 0 0 0 0 0 0 0 0 0 0 0 0 1 4 1 1 1 1 1 1 1 173 82 1 1 1 0 0 1 1 1 0 0 0 0 1 1 1 2 2 2 1 1 0 1 1 1 1 1 1 1 121 1 0 1 1 1 1 95 251 91 1 1 0 0 1 1 1 14 1 1 1 0 1 1 129 84 1 0 1 2 0 0 0 0 0 1 1 1 1 1 1 2 60 55 45 5 1 1 36 67 1 1 1 87 32 3 1 1 1 1 1 1 1 26 255 244 72 2 1 1 1 1 1 1 1 2 2 1 1 1 1 1 1 1 1 1 1 1 1 0 0 0 0 0 0 0 0 0 0 0 1 1 1 1 3 40 22 13 1 1 1 1 1 1 0 1 1 0 0 0 0 0 1 1 1 1 8 255 2 1 1 0 0 1 1 1 1 0 0 0 0 0 0 0 0 0 0 0 0 1 1 1 0 0 1 1 1 1 1 1 1 1 1 1 2 7 3 29 56 1 1 0 1 0 1 1 244 253 1 1 1 129 242 239 65 1 2 212 217 1 1 1 1 1 16 42 38 5 1 0 0 0 0 0 0 0 0 0 1 14 1 1 3 2 1 1 1 1 0 0 0 1 0 0 1 1 1 0 1 1 1 1 1 9 1 1 6 52 1 1 0 0 0 0 0 0 1 1 0
0 0 0 0 0 0 0 0 0 0 0 0 0 0 0 0 0 0 0 0 0 0 0 0 0 0 0 0 0 0 0 0 0 0 1 6 4 9 0 0 1 1 0 0 0 0 0 0 0 0 0 0 0 0 0 0 0 0 0 0 0 0 0 0 0 0 0 0 0 0 0 0 0 0 0 0 0 0 0 0 0 0 0 0 0 0 0 0 0 0 0 0 0 0 1 114 140 4 1 0 0 0 0 8 253 1 0 0 0 0 0 0 0 0 0 0 0 0 0 0 0 0 0 0 0 0 0 0 0 0 0 0 0 0 0 0 0 0 0 0 0 0 0 0 0 0 1 151 2 0 0 0 0 0 0 0 0 0 0 0 0 1 1 1 0 0 0 1 1 0 0 0 1 5 128 225 241 220 96 1 1 0 0 0 0 0 0 0 0 0 0 0 0 0 0 0 0 0 2 2 0 0 0 0 0 0 0 0 0 0 0 0 0 0 0 0 0 0 0 0 0 0 0 0 13 15 18 21 20 7 6 15 24 42 223 136 136 133 70 1 1 0 1 1 1 0 0 1 1 2 1 0 1 1 2 1 0 0 1 1 1 1 100 22 1 0 1 1 1 110 249 7 0 0 0 0 0 0 1 1 4 4 1 1 1 1 2 184 1 0 0 1 2 1 0 0 0 0 1 1 0 1 1 1 1 28 1 2 35 55 53 14 31 67 1 49 47 1 4 3 1 1 1 1 1 1 2 227 255 31 80 3 1 1 1 1 0 1 3 1 1 1 1 1 1 1 1 1 1 0 0 0 0 0 0 0 0 0 0 0 0 0 1 1 1 1 1 1 1 3 2 15 20 7 1 1 0 0 0 0 1 1 1 1 1 1 1 1 1 211 255 1 1 1 1 1 1 1 0 0 0 0 0 0 0 0 0 0 0 0 0 0 1 1 1 1 1 1 1 1 1 1 1 1 1 1 2 1 12 1 3 98 1 1 1 1 1 1 26 255 180 16 215 243 219 3 1 1 1 1 1 77 235 118 1 0 1 1 1 1 22 32 1 1 1 1 0 0 0 0 0 1 15 1 1 6 1 1 0 1 1 1 0 0 0 0 1 1 1 1 1 3 1 0 1 1 10 1 1 1 57 4 1 1 0 0 0 0 1 1 1 0
0 0 0 0 0 0 0 0 0 0 0 0 0 0 0 0 0 0 0 0 0 0 0 0 0 0 0 0 0 0 0 0 1 1 4 6 1 9 0 0 1 0 0 0 0 0 0 0 0 0 0 0 0 0 0 0 0 0 0 0 0 0 0 0 0 0 0 0 0 0 0 0 0 0 0 0 0 0 0 0 0 0 0 0 0 0 0 0 0 0 0 0 0 0 0 0 1 132 78 1 0 0 0 181 239 1 0 0 0 0 0 0 0 0 0 0 0 0 0 0 0 0 0 0 0 0 0 0 0 0 0 0 0 0 0 0 0 0 0 0 0 0 0 0 0 0 1 4 146 0 0 0 0 0 0 0 0 0 0 0 1 0 0 0 0 0 0 0 1 1 0 1 2 1 0 1 4 145 230 238 210 23 1 1 0 0 0 0 0 0 0 0 0 0 0 0 0 0 4 1 0 0 0 0 0 0 0 0 0 0 0 0 0 0 0 0 0 0 0 0 0 0 0 1 24 1 1 1 1 4 5 2 1 1 176 1 1 1 52 132 127 7 1 0 1 0 0 0 1 2 0 0 0 0 1 2 1 0 0 0 2 115 8 0 0 1 1 1 33 249 2 1 0 1 1 0 0 0 0 1 1 14 0 0 0 1 148 55 1 0 0 1 3 1 0 0 0 1 1 0 0 1 1 1 24 2 1 1 1 1 1 23 53 122 138 101 1 1 1 5 2 1 1 1 1 1 1 26 255 141 4 80 10 1 1 1 1 1 4 1 1 1 2 1 1 1 0 0 0 0 0 0 0 0 0 0 0 0 0 1 1 1 1 1 1 0 1 2 1 1 2 1 1 4 18 21 5 1 1 1 0 0 0 0 0 0 1 1 1 254 255 1 1 1 1 0 1 0 0 0 0 0 0 0 0 0 0 0 0 0 0 1 1 0 1 1 1 1 1 2 1 1 1 1 1 1 2 4 3 1 1 95 7 1 1 1 1 1 254 248 207 239 145 1 1 1 1 1 1 1 1 1 1 207 220 1 0 1 1 1 1 34 1 1 1 1 1 1 1 0 0 1 1 15 1 6 1 1 0 1 0 1 1 1 0 1 1 1 1 1 1 3 1 1 1 1 10 1 1 1 2 67 1 1 0 0 0 0 1 1 0 1
0 0 0 0 0 0 0 0 0 0 0 0 0 0 0 0 0 0 0 0 0 0 0 0 0 0 0 0 0 0 0 1 1 6 6 0 1 9 0 1 1 0 0 0 0 0 0 0 0 0 0 0 0 0 0 0 0 0 0 0 0 0 0 0 0 0 0 0 0 0 0 0 0 0 0 0 0 0 0 0 0 0 0 0 0 0 0 0 0 0 0 0 0 0 0 0 0 1 51 112 1 0 0 246 108 0 0 0 0 0 0 0 0 0 0 0 0 0 0 0 0 0 0 0 0 0 0 0 0 0 0 0 0 0 0 0 0 0 0 0 0 0 0 0 0 0 0 1 156 1 0 0 0 0 0 0 0 0 0 0 1 0 0 0 0 0 0 0 0 1 1 1 1 0 0 1 0 0 1 13 165 238 237 204 24 1 1 0 0 0 0 0 0 0 0 0 0 1 3 0 0 0 0 0 0 0 0 0 0 0 0 0 0 0 0 0 0 0 0 0 0 0 0 26 1 1 0 0 0 0 0 0 1 1 60 126 1 1 0 1 2 114 130 17 1 0 1 1 2 1 0 0 0 0 0 1 2 1 0 13 112 1 1 1 1 1 1 1 251 20 1 0 0 1 1 0 0 0 0 1 1 13 1 1 0 1 188 1 1 0 0 0 3 1 0 0 0 1 1 0 0 1 1 1 33 1 1 1 1 1 1 1 1 1 75 90 81 63 10 1 9 1 1 1 1 1 1 1 255 255 5 1 64 25 1 1 1 1 4 1 1 1 1 1 1 1 1 1 0 0 0 0 0 0 0 0 0 0 0 1 1 1 1 1 1 0 1 2 1 1 2 1 1 1 1 1 7 20 18 3 1 1 1 0 0 0 0 0 1 254 255 1 1 1 1 1 1 0 0 0 0 0 0 0 0 0 0 0 0 0 0 1 1 1 1 1 1 1 2 1 1 1 1 1 1 1 2 12 1 1 1 45 22 6 1 1 1 215 255 106 9 1 1 1 1 1 1 1 1 1 1 1 1 1 78 228 1 1 1 1 1 25 1 0 1 1 1 1 1 1 1 1 1 2 11 4 1 1 1 1 0 1 0 1 1 0 1 1 2 1 1 1 1 1 1 1 9 1 1 1 1 69 2 1 0 0 0 1 1 1 1 1
0 0 0 0 0 0 0 0 0 0 0 0 0 0 0 0 0 0 0 0 0 0 0 0 0 0 0 0 0 0 0 1 12 4 0 0 1 9 0 1 0 0 0 0 0 0 0 0 0 0 0 0 0 0 0 0 0 0 0 0 0 0 0 0 0 0 0 0 0 0 0 0 0 0 0 0 0 0 0 0 0 0 0 0 0 0 0 0 0 0 0 0 0 0 0 0 0 0 0 17 116 1 0 253 1 0 0 0 0 0 0 0 0 0 0 0 0 0 0 0 0 0 0 0 0 0 0 0 0 0 0 0 0 0 0 0 0 0 0 0 0 0 0 0 0 0 0 1 46 107 0 0 0 0 0 0 0 0 0 1 1 0 0 0 0 0 0 0 1 1 2 1 0 0 0 1 1 1 0 0 1 1 33 174 237 234 205 13 1 0 0 0 0 0 0 0 0 4 1 0 0 0 0 0 0 0 0 0 0 0 0 0 0 0 0 0 0 0 0 0 0 0 4 12 0 0 0 0 0 0 0 0 0 1 1 176 1 1 0 0 0 1 1 103 131 17 3 2 1 0 0 0 1 1 0 0 1 2 21 95 1 1 1 1 1 1 1 242 173 1 0 0 0 1 1 1 1 0 0 0 1 6 0 1 1 120 97 1 1 0 0 0 2 1 0 0 1 1 0 0 0 0 1 2 25 1 1 0 0 0 1 1 1 1 14 18 2 4 54 83 95 24 1 1 1 1 1 1 34 255 161 2 1 45 42 1 1 1 3 1 1 2 1 1 1 1 1 1 1 0 0 0 0 0 0 1 1 1 1 1 1 1 0 1 1 1 1 1 1 1 1 3 1 1 1 1 1 1 1 11 22 15 2 1 1 0 0 1 1 48 255 2 1 1 1 1 1 0 0 0 0 0 0 0 0 0 0 0 0 0 1 1 1 1 1 1 2 1 1 1 1 1 1 1 1 1 3 9 1 1 1 1 78 11 9 4 44 255 228 1 1 1 1 1 1 1 0 1 1 1 1 1 1 1 1 122 206 3 1 1 1 3 19 0 0 0 1 1 1 1 1 1 1 1 12 5 5 1 1 1 1 1 1 1 1 1 1 3 1 1 2 1 1 1 1 1 8 1 1 0 1 30 20 1 1 0 0 1 1 1 1 1
0 0 0 0 0 0 0 0 0 0 0 0 0 0 0 0 0 0 0 0 0 0 0 0 0 0 0 0 0 0 1 16 1 0 0 0 1 9 0 1 0 0 0 0 0 0 0 0 0 0 0 0 0 0 0 0 0 0 0 0 0 0 0 0 0 0 0 0 0 0 0 0 0 0 0 0 0 0 0 0 0 0 0 0 0 0 0 0 0 0 0 0 0 0 0 0 0 0 0 0 17 112 1 253 1 0 0 0 0 0 0 0 0 0 0 0 0 0 0 0 0 0 0 0 0 0 0 0 0 0 0 0 0 0 0 0 0 0 0 0 0 0 0 0 0 0 0 0 1 154 1 0 0 0 0 0 0 0 0 1 0 0 0 0 0 0 1 1 1 2 1 0 0 0 0 0 0 1 1 0 0 0 0 0 1 68 173 237 229 187 3 1 0 0 0 0 1 3 0 0 0 0 0 0 0 0 0 0 0 0 0 0 0 0 0 0 0 0 0 0 0 1 29 1 1 0 0 0 0 0 0 0 0 0 1 85 108 1 0 0 0 1 1 0 1 106 128 4 1 0 1 1 1 0 0 1 1 2 122 1 1 1 1 1 1 2 200 235 1 0 0 0 0 0 1 1 1 1 1 1 9 1 0 1 1 188 1 1 0 0 0 0 1 1 0 0 1 1 0 0 0 1 1 28 1 1 0 0 0 0 0 1 1 1 2 23 6 2 1 1 17 52 93 93 46 2 1 1 1 244 255 60 1 1 26 63 2 1 2 1 1 1 1 1 1 1 1 1 1 1 1 1 1 1 1 1 1 1 1 1 1 1 1 1 0 1 2 1 1 1 1 1 3 1 1 1 1 1 1 1 1 2 15 22 12 1 1 1 1 1 255 224 1 1 1 1 1 0 0 0 0 0 0 0 0 0 0 0 1 1 1 1 1 1 1 2 1 1 0 1 1 1 1 1 1 1 13 2 1 1 1 1 6 55 24 2 127 255 14 1 1 1 1 1 1 1 1 1 0 1 0 1 1 1 1 1 227 18 3 1 1 1 34 1 0 0 1 1 1 0 0 1 1 1 12 15 5 1 1 3 3 1 1 1 1 1 4 1 1 0 1 1 1 1 1 0 2 3 1 0 1 5 54 1 1 0 1 1 1 1 1 36
0 0 0 0 0 0 0 0 0 0 0 0 0 0 0 0 0 0 0 0 0 0 0 0 0 0 0 0 0 4 12 1 0 0 0 0 1 8 1 1 0 0 0 0 0 0 0 0 0 0 0 0 0 0 0 0 0 0 0 0 0 0 0 0 0 0 0 0 0 0 0 0 0 0 0 0 0 0 0 0 0 0 0 0 0 0 0 0 0 0 0 0 0 0 0 0 0 0 0 0 0 23 112 253 1 0 0 0 0 0 0 0 0 0 0 0 0 0 0 0 0 0 0 0 0 0 0 0 0 0 0 0 0 0 0 0 0 0 0 0 0 0 0 0 0 0 0 0 1 92 60 1 1 0 0 0 0 0 1 1 0 0 0 0 1 1 1 0 1 1 0 0 0 0 0 0 0 0 1 1 1 0 0 0 0 0 1 1 91 189 238 226 165 1 1 0 2 1 0 0 0 0 0 0 0 0 0 0 0 0 0 0 0 0 0 0 0 0 0 0 0 7 8 1 1 1 0 0 0 0 0 0 0 0 0 1 166 3 0 0 0 1 0 0 0 1 2 118 118 3 1 1 0 0 0 1 1 116 4 2 1 1 1 1 1 50 249 1 1 0 0 0 0 0 0 0 0 1 1 4 2 0 1 1 69 137 1 1 0 0 0 0 1 2 0 1 1 0 0 0 0 1 1 35 1 1 0 0 0 0 0 0 1 1 1 33 1 7 1 1 4 1 1 2 28 91 89 19 1 1 255 255 30 1 1 7 81 10 2 1 2 1 1 1 1 1 1 1 1 1 1 1 1 1 1 1 1 1 1 1 1 1 1 1 1 1 2 1 1 1 1 1 1 2 1 1 1 1 1 1 1 1 1 1 3 18 22 7 1 1 192 255 35 1 1 1 1 1 1 1 1 1 1 1 1 1 1 1 1 1 1 1 1 1 1 1 2 1 0 0 1 1 1 1 1 7 2 2 1 1 1 1 1 7 76 6 124 255 3 1 1 1 1 0 1 0 1 0 0 1 0 1 1 1 1 1 6 230 1 2 3 1 35 1 0 0 1 1 1 0 0 1 1 1 11 4 16 9 3 1 1 4 1 1 1 3 3 1 1 1 1 1 1 1 1 0 1 9 1 0 1 1 74 1 1 1 1 1 1 1 17 45
0 0 0 0 0 0 0 0 0 0 0 0 0 0 0 0 0 0 0 0 0 0 0 0 0 0 0 1 7 7 0 0 0 0 0 0 4 3 1 0 0 0 0 0 0 0 0 0 0 0 0 0 0 0 0 0 0 0 0 0 0 0 0 0 0 0 0 0 0 0 0 0 0 0 0 0 0 0 0 0 0 0 0 0 0 0 0 0 0 0 0 0 0 0 0 0 0 0 0 0 0 0 197 246 1 0 0 0 0 0 0 0 0 0 0 0 0 0 0 0 0 0 0 0 0 0 0 0 0 0 0 0 0 0 0 0 0 0 0 0 0 0 0 0 0 0 0 0 1 1 155 1 1 1 0 0 0 0 1 0 0 0 0 1 1 0 0 0 2 0 0 0 0 0 0 0 0 0 0 0 1 1 0 0 0 0 0 0 0 1 2 108 208 239 223 138 4 1 1 0 0 0 0 0 0 0 0 0 0 0 0 0 0 0 0 0 0 0 0 0 1 29 1 1 1 1 0 0 0 0 0 0 0 0 0 1 4 161 4 0 0 1 0 0 1 1 0 1 4 117 106 1 1 0 0 1 52 55 1 1 1 1 1 1 1 249 15 1 1 1 0 0 0 0 0 0 0 1 4 2 1 1 1 1 182 3 0 0 0 0 0 0 1 2 0 1 1 0 0 0 0 1 3 18 1 1 0 0 0 0 0 0 1 1 1 34 1 1 7 1 4 1 1 1 1 1 2 57 88 4 2 254 255 24 1 1 3 87 56 6 5 6 8 8 8 7 7 7 7 6 6 6 7 6 7 7 7 6 6 6 6 6 6 6 6 10 8 7 7 7 12 13 13 22 17 17 17 18 18 18 18 18 17 17 17 16 17 35 62 23 17 254 255 85 3 2 2 2 2 2 2 2 2 2 2 2 2 2 2 2 2 2 2 1 1 1 2 0 1 1 1 1 1 1 1 6 1 2 1 1 1 1 1 1 58 33 121 255 3 1 1 1 0 0 1 0 1 0 1 1 0 0 0 1 1 1 1 189 150 1 1 3 43 1 0 1 1 1 0 1 1 1 0 1 11 4 1 1 2 1 1 4 1 1 6 1 1 1 1 1 1 1 1 1 0 1 1 10 1 0 1 1 76 1 1 1 1 1 1 5 62 1
0 0 0 0 0 0 0 0 0 0 0 0 0 0 0 0 0 0 0 0 0 0 0 0 0 0 1 11 4 0 0 0 0 0 0 0 9 1 1 0 0 0 0 0 0 0 0 0 0 0 0 0 0 0 0 0 0 0 0 0 0 0 0 0 0 0 0 0 0 0 0 0 0 0 0 0 0 0 0 0 0 0 0 0 0 0 0 0 0 0 0 0 0 0 0 0 0 0 0 0 0 0 249 180 1 0 0 0 0 0 0 0 0 0 0 0 0 0 0 0 0 0 0 0 0 0 0 0 0 0 0 0 0 0 0 0 0 0 0 0 0 0 0 0 0 0 0 0 0 1 155 1 0 1 1 0 0 1 1 1 1 1 0 1 0 0 0 1 1 0 0 0 0 0 0 0 0 0 0 0 0 1 1 1 0 0 0 0 0 0 0 0 1 4 120 220 237 223 104 1 1 0 0 0 0 0 0 0 0 0 0 0 0 0 0 0 0 0 0 1 19 2 1 1 1 1 1 1 0 0 0 0 0 0 0 0 1 3 163 1 0 1 1 1 1 0 0 0 0 1 8 124 74 1 1 6 110 1 1 1 1 1 1 1 242 161 1 0 1 1 1 0 0 0 0 1 1 4 1 1 1 1 1 23 167 1 1 1 0 0 0 0 1 3 1 1 0 0 0 0 1 1 31 1 1 1 0 0 0 0 0 0 0 1 1 34 1 1 1 8 5 1 1 0 0 1 1 1 3 83 21 3 255 255 50 2 1 1 33 33 1 1 1 1 1 1 1 1 1 1 1 1 1 1 1 1 1 1 1 1 1 1 1 1 1 1 1 1 1 1 1 1 1 2 1 1 1 1 1 1 1 1 1 1 1 1 1 1 1 15 7 1 251 255 221 1 1 1 1 1 1 1 1 1 1 1 1 1 1 1 1 1 1 0 0 1 1 1 1 0 1 1 1 1 26 4 1 3 1 1 1 1 1 1 9 86 120 255 4 1 1 1 0 0 1 0 1 1 1 0 0 0 0 0 1 1 1 1 233 1 1 1 48 1 0 1 1 1 1 1 0 0 0 1 11 5 1 1 4 1 1 5 13 24 3 1 0 0 1 1 1 1 1 1 1 1 1 9 1 0 1 1 75 1 1 1 1 1 2 66 1 1
0 0 0 0 0 0 0 0 0 0 0 0 0 0 0 0 0 0 0 0 0 0 0 0 1 1 16 2 0 0 0 0 0 0 0 0 9 1 1 0 0 0 0 0 0 0 0 0 0 0 0 0 0 0 0 0 0 0 0 0 0 0 0 0 0 0 0 0 0 0 0 0 0 0 0 0 0 0 0 0 0 0 0 0 0 0 0 0 0 0 0 0 0 0 0 0 0 0 0 0 0 1 253 2 10 1 0 0 0 0 0 0 0 0 0 0 0 0 0 0 0 0 0 0 0 0 0 0 0 0 0 0 0 0 0 0 0 0 0 0 0 0 0 0 0 0 0 0 0 1 153 1 0 0 1 1 1 1 1 1 0 1 1 0 0 0 0 2 1 0 0 0 0 0 0 0 0 0 0 0 0 0 0 1 1 0 0 0 0 0 0 0 0 0 0 1 10 130 228 236 218 44 1 1 0 0 0 0 0 0 0 0 0 0 0 0 0 0 0 1 36 3 1 0 0 0 1 1 1 1 0 0 0 0 0 0 1 1 169 1 1 1 0 0 0 0 0 0 1 1 1 1 42 135 110 118 1 1 1 1 1 1 1 202 232 1 0 0 0 1 1 1 0 1 1 3 2 1 1 1 0 1 1 171 15 1 1 1 1 0 0 0 0 3 1 1 0 0 0 0 1 1 33 1 1 0 0 0 0 0 0 0 0 0 1 30 1 1 1 1 18 1 1 1 0 0 1 1 1 1 54 58 3 254 255 212 16 2 1 31 41 1 1 1 1 1 1 1 1 1 1 1 1 1 1 1 1 1 1 1 1 1 1 1 1 1 1 1 1 1 0 0 1 2 1 0 0 0 0 0 0 0 0 0 1 1 1 1 1 1 4 18 2 195 255 251 2 1 1 1 1 0 0 0 0 0 0 0 0 0 0 0 0 1 1 2 1 1 1 1 1 1 1 24 1 1 3 8 1 1 1 1 1 1 1 153 68 255 4 1 1 1 1 1 1 1 1 1 0 0 0 0 0 0 1 1 0 1 76 216 1 1 14 15 0 1 1 1 1 0 0 1 1 1 11 4 1 1 1 3 3 1 1 10 8 15 11 1 1 1 1 1 1 1 1 1 1 9 1 1 1 1 56 4 1 1 1 1 58 9 1 1
0 0 0 0 0 0 0 0 0 0 0 0 0 0 0 0 0 0 1 1 1 1 1 6 16 13 1 0 0 0 0 0 0 0 0 0 9 1 0 0 0 0 0 0 0 0 0 0 0 0 0 0 0 0 0 0 0 0 0 0 0 0 0 0 0 0 0 0 0 0 0 0 0 0 0 0 0 0 0 0 0 0 0 0 0 0 0 0 0 0 0 0 0 0 0 0 0 0 0 0 0 54 253 1 11 1 0 0 0 0 0 0 0 0 0 0 0 0 0 0 0 0 0 0 0 0 0 0 0 0 0 0 0 0 0 0 0 0 0 0 0 0 0 0 0 0 0 0 0 1 153 1 0 0 0 0 1 0 0 0 1 1 1 0 0 0 1 2 0 0 0 0 0 0 0 0 0 0 0 0 0 0 0 0 1 1 0 0 0 0 0 0 0 0 1 1 0 0 1 25 148 236 234 201 5 1 0 0 0 0 0 0 0 0 0 0 0 0 0 32 1 1 2 2 1 0 0 1 1 1 1 0 0 0 0 0 1 0 167 1 1 0 0 0 0 0 0 0 1 0 1 1 0 1 69 129 54 1 1 1 1 1 65 249 1 1 1 0 0 0 0 1 1 2 2 1 1 1 1 1 1 1 3 182 1 0 1 1 1 1 1 0 0 3 1 0 0 0 0 1 1 5 13 1 1 1 0 0 0 0 0 0 0 1 1 17 4 1 1 1 7 4 1 1 0 0 1 0 1 1 1 19 91 18 236 255 255 252 48 2 26 53 1 1 1 1 1 1 1 1 1 1 1 1 1 1 1 1 1 1 0 0 1 1 1 1 1 1 1 0 0 1 2 1 1 0 0 0 0 0 0 0 0 1 1 0 1 1 1 1 1 1 14 10 41 255 251 2 1 1 1 0 0 0 0 0 0 0 0 0 0 0 0 0 1 2 1 1 1 1 1 16 22 1 1 1 1 6 1 1 1 1 1 1 1 188 30 255 4 1 1 0 1 1 0 1 1 0 0 0 0 0 0 0 0 1 1 1 1 219 50 1 1 48 1 1 1 1 1 1 1 1 2 2 13 2 3 1 0 1 1 1 1 7 1 1 1 9 15 10 1 1 1 1 1 1 1 9 1 1 1 1 17 37 1 1 1 40 17 1 2 1
0 0 0 0 0 0 0 0 0 0 0 0 0 0 1 8 15 15 15 15 15 15 14 4 1 0 0 0 0 0 0 0 0 0 0 0 9 1 0 0 0 0 0 0 0 0 0 0 0 0 0 0 0 0 0 0 0 0 0 0 0 0 0 0 0 0 0 0 0 0 0 0 0 0 0 0 0 0 0 0 0 0 0 0 0 0 0 0 0 0 0 0 0 0 0 0 0 0 0 0 1 246 187 1 1 15 1 0 0 0 0 0 0 0 0 0 0 0 0 0 0 0 0 0 0 0 0 0 0 0 0 0 0 0 0 0 0 0 0 0 0 0 0 0 0 0 0 0 0 1 153 1 0 0 0 0 0 0 0 0 1 1 1 1 0 0 1 1 0 0 0 0 0 0 0 0 0 0 0 0 0 0 0 0 0 1 1 1 0 0 0 0 0 1 1 0 0 0 0 0 0 1 54 181 237 222 137 1 0 0 0 0 0 0 0 0 0 0 3 20 0 1 1 1 2 1 1 1 1 0 1 1 1 1 0 0 1 1 167 1 1 1 1 0 0 0 0 0 0 1 1 0 0 4 1 1 53 123 7 1 1 2 249 9 1 0 1 1 0 0 0 0 1 2 0 1 1 1 1 0 1 1 150 49 0 0 0 0 1 1 1 1 1 3 1 0 0 0 0 1 1 32 1 1 0 1 0 0 0 0 0 0 1 1 1 3 20 1 1 1 5 1 4 1 1 0 1 1 0 1 1 1 1 56 49 3 169 255 255 254 93 27 74 3 1 1 1 1 1 1 1 1 1 1 1 1 1 1 1 1 0 0 0 1 3 1 1 0 0 0 0 1 2 1 1 1 0 0 0 0 0 0 1 1 1 1 1 1 1 1 1 1 1 3 21 42 255 248 1 1 1 1 1 1 1 0 1 1 0 0 0 1 1 1 1 1 1 3 22 29 25 3 1 1 0 1 1 20 10 1 1 1 1 7 16 167 15 255 4 1 1 0 1 1 1 1 0 0 0 0 0 0 1 1 1 0 1 1 1 1 232 1 1 50 1 1 2 2 2 2 1 1 1 1 13 1 4 1 1 1 1 3 9 1 1 1 1 1 1 1 10 15 10 1 1 1 1 8 1 1 0 1 10 45 1 1 22 35 1 1 1 2
0 0 0 0 0 0 0 0 0 0 0 0 1 5 14 3 1 0 0 0 1 0 1 0 0 0 0 0 0 0 0 0 0 0 0 0 9 1 0 0 0 0 0 0 0 0 0 0 0 0 0 0 0 0 0 0 0 0 0 0 0 0 0 0 0 0 0 0 0 0 0 0 0 0 0 0 0 0 0 0 0 0 0 0 0 0 0 0 0 0 0 0 0 0 0 0 0 0 0 0 112 253 1 0 0 5 4 1 0 0 0 0 0 0 0 0 0 0 0 0 0 0 0 0 0 0 0 0 0 0 0 0 0 0 0 0 0 0 0 0 0 0 0 0 0 0 0 0 0 1 154 1 0 0 0 0 0 0 0 1 1 0 0 1 1 1 2 1 0 0 0 0 0 0 0 0 0 0 0 0 0 0 0 0 0 0 0 1 1 0 0 0 0 2 1 0 0 0 0 0 0 0 0 1 4 134 220 227 203 46 1 0 0 0 0 0 0 1 37 1 1 1 1 1 1 1 1 1 1 0 0 0 1 1 0 0 1 1 167 1 1 1 1 1 0 0 0 0 0 1 1 0 0 7 1 1 1 1 105 92 3 244 145 1 0 1 1 1 1 0 0 1 2 1 1 1 1 1 0 1 1 1 188 1 0 0 0 0 0 1 1 1 1 2 1 0 0 0 1 1 1 33 1 1 0 1 0 0 0 0 1 1 1 1 0 1 31 0 0 1 4 1 1 4 1 1 1 0 1 1 1 1 1 1 37 41 1 1 32 255 255 255 220 111 59 43 21 19 18 18 17 12 4 1 1 1 1 1 1 1 1 0 1 2 1 1 0 0 0 0 0 1 1 0 1 1 0 0 0 0 0 0 1 1 1 1 1 1 1 1 1 1 1 1 1 14 147 255 65 31 35 35 30 17 3 1 1 1 1 1 1 1 1 2 24 29 28 17 1 1 1 1 1 0 0 1 7 6 4 15 19 20 20 5 1 156 26 255 4 1 1 1 1 1 0 0 0 0 0 0 0 0 0 0 1 1 1 1 1 1 153 184 1 50 1 2 1 0 0 0 1 1 1 2 4 1 3 2 1 1 9 3 1 1 1 1 1 1 1 1 1 1 1 11 15 9 1 1 10 1 0 1 9 46 1 11 52 1 1 1 1 1
0 0 0 0 0 0 0 0 0 0 0 1 12 5 1 0 0 0 0 0 0 0 1 0 0 0 0 0 0 0 0 0 0 0 0 1 9 0 0 0 0 0 0 0 0 0 0 0 0 0 0 0 0 0 0 0 0 0 0 0 0 0 0 0 0 0 0 0 0 0 0 0 0 0 0 0 0 0 0 0 0 0 0 0 0 0 0 0 0 0 0 0 0 0 0 0 0 0 0 4 253 70 1 0 0 1 15 1 0 0 0 0 0 0 0 0 0 0 0 0 0 0 0 0 0 0 0 0 0 0 0 0 0 0 0 0 0 0 0 0 0 0 0 0 0 0 0 0 0 1 144 4 0 0 0 0 0 0 0 0 0 0 0 0 1 1 2 0 0 0 0 0 0 0 0 0 0 0 0 0 0 0 0 0 0 0 0 0 1 1 1 0 1 1 0 0 0 0 0 0 0 0 0 0 0 0 1 97 176 227 211 190 20 1 0 0 0 9 9 0 1 1 1 1 1 1 1 1 1 1 0 0 1 1 0 0 0 1 167 1 1 1 1 1 1 1 0 0 0 0 0 1 1 5 1 1 1 1 1 17 232 228 1 0 0 1 1 0 1 1 1 1 1 1 1 0 0 0 0 1 1 111 104 1 0 0 0 0 0 0 0 1 3 1 1 1 0 0 1 1 8 9 0 1 0 0 0 0 0 1 1 1 0 0 0 1 33 1 0 1 3 1 1 2 3 1 1 1 0 0 0 1 1 1 1 42 70 3 1 1 7 249 255 255 254 112 22 12 2 1 1 2 6 13 16 14 5 1 1 1 1 1 1 2 1 1 0 0 0 0 1 2 1 0 1 1 0 0 0 0 0 1 1 1 1 1 1 1 1 1 3 2 1 1 1 1 6 255 161 1 1 1 1 5 24 36 16 1 1 1 9 27 28 21 6 1 1 1 1 1 1 1 0 0 0 1 12 3 1 1 1 1 1 1 1 155 24 255 4 1 1 1 1 0 0 0 0 0 0 0 0 0 0 0 0 0 0 0 1 1 1 229 5 42 4 1 1 0 0 0 1 1 2 4 1 1 4 4 10 5 1 1 1 1 1 1 1 1 1 1 1 1 1 1 1 1 11 15 44 3 1 1 2 52 13 60 1 1 1 1 1 1
0 0 0 0 0 0 0 0 0 1 3 13 1 0 0 0 0 0 0 0 0 0 1 0 0 0 0 0 0 0 0 0 0 0 0 1 8 1 0 0 0 0 0 0 0 0 0 0 0 0 0 0 0 0 0 0 0 0 0 0 0 0 0 0 0 0 0 0 0 0 0 0 0 0 0 0 0 0 0 0 0 0 0 0 0 0 0 0 0 0 0 0 0 0 0 0 0 0 1 246 190 1 1 0 0 0 1 11 1 0 0 0 0 0 0 0 0 0 0 0 0 0 0 0 0 0 0 0 0 0 0 0 0 0 0 0 0 0 0 0 0 0 0 0 0 0 0 0 0 1 63 89 1 0 0 0 0 0 0 0 0 0 0 0 0 2 1 0 0 0 0 0 0 0 0 0 0 0 0 0 0 0 0 0 0 0 0 0 0 0 1 1 3 1 0 0 0 0 0 0 0 0 0 0 0 0 0 0 1 42 161 168 244 246 235 159 1 13 12 1 1 1 1 1 1 1 1 0 0 1 0 1 1 0 0 0 0 1 167 1 0 0 0 0 1 1 1 1 0 0 0 0 8 1 1 1 1 1 1 74 248 1 0 0 1 1 0 0 0 0 1 2 1 1 1 1 1 1 1 1 1 187 1 0 0 0 0 0 0 0 0 1 2 1 1 1 1 1 1 1 33 1 1 1 0 0 0 1 1 1 0 0 0 0 0 1 34 1 0 3 2 1 1 1 2 3 1 1 1 0 1 1 1 8 11 4 2 66 48 1 1 1 2 92 255 255 254 22 13 17 1 1 1 1 1 1 5 14 15 6 1 1 1 2 1 1 0 0 0 1 1 2 1 0 1 1 0 0 0 1 1 1 1 1 1 1 1 5 228 255 255 255 255 23 1 1 13 255 53 1 1 1 0 0 1 1 5 36 38 33 9 1 1 1 1 1 1 0 0 0 0 1 1 1 1 1 21 1 0 1 1 1 1 1 7 156 11 255 4 1 1 1 0 0 0 0 0 0 0 0 0 0 0 0 0 0 0 0 0 1 1 17 226 42 2 1 1 1 0 1 1 3 3 1 1 1 8 1 13 1 1 0 0 1 1 0 0 0 0 1 1 1 1 1 1 1 1 33 6 63 74 52 3 79 51 6 1 8 1 1 1 1
0 0 0 0 0 0 0 0 1 9 7 1 0 0 1 1 1 1 0 0 0 0 1 0 0 0 0 0 0 0 0 0 0 0 0 4 3 0 0 0 0 0 0 0 0 0 0 0 0 0 0 0 0 0 0 0 0 0 0 0 0 0 0 0 0 0 0 0 0 0 0 0 0 0 0 0 0 0 0 0 0 0 0 0 0 0 0 0 0 0 0 0 0 0 0 0 0 0 115 253 1 1 1 0 0 0 0 4 6 1 0 0 0 0 0 0 0 0 0 0 0 0 0 0 0 0 0 0 0 0 0 0 0 0 0 0 0 0 0 0 0 0 0 0 0 0 0 0 0 1 27 119 1 0 0 0 0 0 0 0 0 0 0 0 1 2 0 0 0 0 0 0 0 0 0 0 0 0 0 0 0 0 0 0 0 0 0 0 0 0 1 6 2 4 2 1 0 0 0 0 0 0 0 0 0 0 0 0 0 0 1 215 139 168 235 243 250 228 78 23 1 1 1 1 1 1 1 1 1 0 0 1 1 0 0 0 0 1 167 1 1 1 0 0 1 1 1 1 1 0 0 1 8 1 1 1 1 1 1 249 6 1 0 1 1 0 0 1 1 0 1 2 0 1 1 0 0 0 0 0 62 143 0 0 0 0 0 0 0 0 1 2 1 1 1 1 1 1 1 1 31 1 1 0 0 1 1 1 0 0 0 0 0 0 0 1 35 1 0 5 1 1 0 1 1 2 2 1 1 1 1 1 3 8 1 12 1 1 13 72 2 1 1 1 1 24 255 255 50 3 14 1 1 1 1 1 1 1 1 3 10 9 9 2 1 1 1 1 1 1 1 1 0 0 0 1 0 0 0 1 0 1 1 1 1 220 255 255 255 238 46 67 254 255 123 17 254 255 1 1 0 1 1 1 1 1 1 1 1 1 1 1 1 3 1 1 0 0 0 0 0 0 0 0 1 1 16 1 1 1 1 1 1 1 25 151 7 255 5 1 1 1 0 0 0 0 0 0 0 0 0 0 0 0 0 0 0 0 0 0 1 1 195 150 29 1 1 0 1 1 2 4 1 0 1 1 6 8 3 1 1 0 1 1 1 1 1 1 1 1 1 1 1 1 1 1 49 4 5 1 1 4 96 103 95 4 24 5 23 5 1 1
0 0 0 0 0 0 0 1 13 2 0 0 1 1 1 0 0 1 0 0 0 0 1 0 0 0 0 0 0 0 0 0 0 0 0 8 1 0 0 0 0 0 0 0 0 0 0 0 0 0 0 0 0 0 0 0 0 0 0 0 0 0 0 0 0 0 0 0 0 0 0 0 0 0 0 0 0 0 0 0 0 0 0 0 0 0 0 0 0 0 0 0 0 0 0 0 0 1 248 179 1 0 1 1 0 0 0 1 4 6 1 0 0 0 0 0 0 0 0 0 0 0 0 0 0 0 0 0 0 0 0 0 0 0 0 0 0 0 0 0 0 0 0 0 0 0 0 0 1 1 79 72 0 0 0 0 0 0 0 0 0 0 0 0 2 1 1 1 0 0 0 0 0 0 0 0 0 0 0 0 0 0 0 0 0 0 0 0 0 1 7 1 1 1 1 4 3 1 0 0 0 0 0 0 0 0 0 0 0 1 50 238 233 232 164 1 24 212 250 250 191 7 1 1 1 1 1 1 1 1 1 1 0 0 1 1 1 1 167 1 1 1 1 1 0 0 1 1 1 0 0 3 3 1 1 1 1 1 238 185 2 1 1 1 1 1 1 1 0 0 2 1 1 1 1 1 1 0 0 1 179 5 0 0 0 0 0 0 0 0 1 2 1 0 0 1 1 1 1 14 5 1 1 0 1 1 1 0 0 0 0 0 0 0 0 1 35 1 1 6 1 1 0 1 1 1 3 2 1 1 1 1 15 1 1 14 1 1 1 2 71 16 1 1 1 1 3 253 255 148 27 1 1 1 1 1 1 1 1 1 1 2 3 2 5 6 6 2 1 1 2 1 0 0 0 1 1 0 1 1 1 1 1 4 255 255 251 70 3 1 1 1 1 246 255 255 255 80 1 1 0 0 0 0 1 1 1 1 1 1 0 1 1 2 1 1 1 1 0 0 0 1 1 0 1 11 3 1 1 1 1 1 1 12 3 151 7 255 5 1 1 1 0 0 0 0 0 0 0 0 0 0 0 0 0 0 0 0 0 0 0 1 1 235 43 1 1 1 1 1 8 1 1 1 1 1 7 7 1 1 1 1 1 1 1 0 0 0 0 0 1 1 1 1 2 42 1 1 1 0 0 1 6 112 114 11 1 1 1 7 18 19
0 0 0 0 0 0 4 11 1 0 0 0 0 0 0 0 0 1 1 0 0 0 1 0 0 0 0 0 0 0 0 0 0 0 0 9 1 0 0 0 0 0 0 0 0 0 0 0 0 0 0 0 0 0 0 0 0 0 0 0 0 0 0 0 0 0 0 0 0 0 0 0 0 0 0 0 0 0 0 0 0 0 0 0 0 0 0 0 0 0 0 0 0 0 0 0 1 1 253 1 1 0 0 1 0 0 0 0 0 3 6 1 0 0 0 0 0 0 0 0 0 0 0 0 0 0 0 0 0 0 0 0 0 0 0 0 0 0 0 0 0 0 0 0 0 0 0 0 1 1 147 2 0 0 0 0 0 0 0 0 0 0 0 1 2 0 0 1 0 0 0 0 0 0 0 0 0 0 0 0 0 0 0 0 0 1 1 0 1 6 1 1 1 1 1 1 1 4 3 1 0 0 0 0 0 0 0 0 1 131 245 101 2 24 138 128 1 1 1 54 231 250 234 61 1 1 0 0 1 1 1 0 0 0 1 97 118 119 157 1 0 0 1 1 0 1 1 1 1 0 1 7 1 1 1 1 1 215 222 1 1 2 2 1 1 2 2 1 0 1 2 0 1 1 0 0 1 1 0 18 169 1 0 0 0 0 0 0 0 1 2 1 1 0 0 0 0 1 1 34 1 1 1 1 1 0 0 0 0 0 0 0 0 0 0 1 28 1 1 6 0 1 0 0 1 1 1 3 2 1 1 12 1 1 3 3 4 1 1 1 1 42 68 1 1 1 1 2 235 255 235 26 1 1 1 1 1 1 1 1 1 4 1 1 1 1 1 3 6 7 7 1 1 1 1 1 1 0 1 1 1 1 1 255 254 13 1 1 1 1 1 1 1 1 3 16 2 1 1 0 0 0 0 0 0 1 1 1 0 1 0 0 1 1 1 1 1 1 1 1 1 1 1 1 1 18 2 1 1 1 1 1 1 12 3 147 7 255 5 1 1 1 0 0 0 0 0 0 0 0 0 0 0 0 0 0 0 0 0 0 0 1 1 86 224 21 1 1 1 2 3 1 1 1 1 1 17 1 1 1 1 1 1 1 1 1 1 1 1 1 1 1 1 2 40 1 1 1 1 1 1 1 1 70 98 1 1 1 1 1 1 1
0 0 0 0 1 11 6 1 0 0 0 0 0 0 0 0 0 0 0 0 0 0 1 0 0 0 0 0 0 0 0 0 0 0 0 9 0 0 0 0 0 0 0 0 0 0 0 0 0 0 0 0 0 0 0 0 0 0 0 0 0 0 0 0 0 0 0 0 0 0 0 0 0 0 0 0 0 0 0 0 0 0 0 0 0 0 0 0 0 0 0 0 0 0 0 0 1 1 253 1 1 0 0 1 0 0 0 0 0 1 2 7 1 0 0 0 0 0 0 0 0 0 0 0 0 0 0 0 0 0 0 0 0 0 0 0 0 0 0 0 0 0 0 0 0 0 0 0 1 1 152 1 0 0 0 0 0 0 0 0 0 0 0 2 1 0 0 1 0 0 0 1 0 0 0 0 0 0 0 0 0 0 0 0 0 0 1 1 4 2 1 0 0 0 0 0 0 1 1 4 3 1 0 0 0 0 0 1 213 240 3 0 0 1 10 132 126 1 0 0 0 1 176 248 250 223 17 1 1 0 0 0 0 1 103 10 1 1 35 3 0 0 1 1 0 1 1 0 1 1 7 1 1 1 1 1 89 248 1 1 1 1 1 1 1 1 1 2 1 3 1 1 1 1 1 0 1 1 1 166 24 0 0 0 0 0 0 0 0 1 2 1 0 0 0 0 1 1 1 33 1 1 1 1 0 0 0 0 0 0 0 0 0 0 0 1 3 20 1 5 1 1 0 0 0 1 1 1 3 3 2 11 1 1 3 1 2 6 1 1 1 1 3 77 4 1 1 1 1 146 255 252 42 22 6 1 1 1 1 1 1 6 1 1 0 0 1 1 1 1 3 6 7 5 1 1 1 1 1 1 1 1 194 255 5 1 1 1 1 1 1 1 1 1 1 1 1 1 0 0 0 0 0 0 1 1 1 0 0 1 1 1 1 1 1 1 1 1 1 1 1 0 0 1 1 13 2 1 1 1 1 1 1 5 20 137 6 255 5 1 1 1 0 0 0 0 0 0 0 0 0 0 0 0 0 0 0 0 0 0 0 1 1 1 219 82 33 2 1 6 1 1 1 1 1 4 11 1 1 1 0 0 1 1 1 1 1 1 1 1 1 1 3 39 1 1 1 1 0 0 0 0 1 71 99 1 0 1 0 0 1 1
1 4 9 14 10 1 1 0 0 0 0 0 0 0 0 0 0 0 0 0 0 0 1 0 0 0 0 0 0 0 0 0 0 0 0 9 0 0 0 0 0 0 0 0 0 0 0 0 0 0 0 0 0 0 0 0 0 0 0 0 0 0 0 0 0 0 0 0 0 0 0 0 0 0 0 0 0 0 0 0 0 0 0 0 0 0 0 0 0 0 0 0 0 0 0 1 1 122 253 1 1 0 0 1 0 0 0 0 0 0 0 1 10 1 0 0 0 0 0 0 0 0 0 0 0 0 0 0 0 0 0 0 0 0 0 0 0 0 0 0 0 0 0 0 0 0 0 0 1 84 66 0 0 0 0 0 0 0 0 0 1 1 1 2 0 0 0 1 1 1 1 1 0 0 0 0 0 0 0 0 0 0 0 0 0 1 1 2 4 1 1 1 1 1 1 1 1 1 1 1 1 4 3 1 1 1 2 240 213 1 0 0 0 0 1 14 131 133 2 1 1 1 1 1 3 204 250 250 211 3 1 0 1 5 105 1 1 1 2 37 1 1 1 1 1 1 1 1 1 8 1 0 1 1 1 2 249 6 0 0 1 1 1 1 1 1 1 1 1 1 1 1 1 0 1 1 1 1 2 183 1 0 0 0 0 0 0 0 1 2 1 1 0 0 0 0 1 1 27 2 1 2 1 1 1 0 0 0 0 0 0 0 0 0 0 1 1 32 5 1 1 0 0 0 1 1 0 1 1 1 17 1 1 3 1 1 1 1 6 5 1 1 1 1 78 1 1 1 1 1 42 255 254 24 24 1 1 1 1 1 1 5 1 1 1 1 1 1 1 2 1 1 1 1 5 8 7 2 1 1 1 2 255 246 1 1 1 1 1 1 1 1 1 1 1 1 1 1 0 1 1 0 0 0 1 1 1 0 0 0 1 1 1 1 1 1 1 1 1 1 1 1 0 1 1 2 11 1 1 1 1 1 1 6 23 131 6 255 5 1 1 1 0 0 0 0 0 0 0 0 0 0 0 0 0 0 0 0 0 0 0 0 0 1 2 232 2 28 4 3 4 1 1 1 1 7 7 1 1 1 0 0 1 1 0 1 1 1 1 1 1 5 33 1 1 1 0 0 0 0 0 0 1 67 104 1 0 1 0 0 0 1
14 5 2 1 0 0 1 0 0 0 0 0 0 0 0 0 0 0 0 0 0 1 0 0 0 0 0 0 0 0 0 0 0 0 0 9 0 0 0 0 0 0 0 0 0 0 0 0 0 0 0 0 0 0 0 0 0 0 0 0 0 0 0 0 0 0 0 0 0 0 0 0 0 0 0 0 0 0 0 0 0 0 0 0 0 0 0 0 0 0 0 0 0 0 1 1 0 216 241 1 1 0 0 1 0 0 0 0 0 0 0 0 1 9 1 0 0 0 0 0 0 0 0 0 0 0 0 0 0 0 0 0 0 0 0 0 0 0 0 0 0 0 0 0 0 0 0 1 1 154 1 0 0 0 0 0 0 0 0 0 0 0 2 1 0 0 1 1 1 1 1 1 1 1 0 0 0 0 0 0 0 0 0 0 0 1 1 7 1 0 0 0 0 0 0 0 0 0 0 0 0 0 1 3 4 55 249 129 1 1 1 1 1 1 1 1 11 126 134 28 1 1 1 1 1 1 1 8 219 249 249 187 1 118 1 1 1 0 1 50 1 1 1 0 1 0 0 1 3 2 0 1 1 1 1 244 135 1 0 0 0 1 1 0 1 1 1 1 1 1 1 1 1 1 0 0 0 1 140 66 1 1 1 0 0 0 0 0 1 2 1 0 0 0 0 0 1 1 34 1 1 1 2 1 1 1 1 0 0 0 0 0 0 0 0 1 1 32 6 1 1 0 1 1 1 0 1 1 1 1 4 1 1 3 1 0 0 1 1 1 5 7 7 8 39 61 2 1 1 1 1 10 255 255 62 25 13 1 1 1 5 1 1 1 1 1 1 1 1 2 1 1 1 1 1 1 1 3 7 9 123 255 255 4 1 1 1 1 1 0 1 1 1 1 1 1 1 1 0 1 1 1 0 0 1 1 1 0 0 1 1 1 1 1 1 0 0 1 1 1 1 1 1 1 1 1 17 1 1 1 1 1 1 23 8 125 6 255 4 1 1 1 0 0 0 0 0 0 0 0 0 0 0 0 0 0 0 0 0 0 0 0 0 0 1 163 179 3 8 7 13 1 1 1 1 17 1 0 1 1 1 0 0 1 1 1 1 0 1 1 6 30 1 1 1 1 0 0 0 0 0 0 1 31 124 2 1 1 0 1 1 0
0 0 1 0 0 0 1 0 0 0 0 0 0 0 0 0 0 0 0 0 0 1 0 0 0 0 0 0 0 0 0 0 0 0 1 9 0 0 0 0 0 0 0 0 0 0 0 0 0 0 0 0 0 0 0 0 0 0 0 0 0 0 0 0 0 0 0 0 0 0 0 0 0 0 0 0 0 0 0 0 0 0 0 0 0 0 0 0 0 0 0 0 0 1 1 0 0 241 214 1 1 0 0 1 0 0 0 0 0 0 0 0 0 1 8 1 1 0 0 0 0 0 0 0 0 0 0 0 0 0 0 0 0 0 0 0 0 0 0 0 0 0 0 0 0 0 0 1 2 146 1 1 1 1 0 0 0 0 0 0 0 1 2 0 0 0 1 1 0 0 0 0 1 2 1 0 0 0 0 1 0 0 0 0 0 1 6 1 1 0 0 0 0 0 0 0 0 0 0 0 0 0 0 1 162 246 12 0 0 0 0 0 0 0 0 1 1 5 126 119 90 1 0 0 0 0 0 0 0 1 4 229 249 249 131 1 1 0 0 50 1 1 1 1 1 0 0 1 9 1 1 1 1 1 208 224 1 0 0 1 1 1 1 0 1 2 2 2 2 1 0 1 1 1 1 1 0 1 188 1 1 0 1 1 1 1 1 1 2 1 1 0 0 0 0 1 1 5 14 1 0 0 1 1 2 1 1 1 1 0 0 0 0 0 0 1 1 31 6 1 1 1 1 0 1 1 1 1 1 5 1 1 1 2 1 0 1 2 2 2 2 2 2 2 2 32 86 90 6 1 1 1 4 254 255 130 6 18 12 1 7 1 1 1 1 1 1 1 1 1 1 1 1 1 1 1 1 1 1 249 255 254 61 8 6 4 1 1 1 1 1 1 1 1 1 1 1 1 1 1 1 1 1 1 1 1 0 0 0 1 1 1 1 0 0 0 0 0 1 1 1 1 1 1 1 1 6 5 1 1 1 1 1 26 18 106 6 255 3 1 1 1 0 0 0 0 0 0 0 0 0 0 0 0 0 0 0 0 0 0 0 0 0 0 1 1 229 8 10 1 4 26 1 1 4 11 1 0 1 1 1 1 1 1 1 0 1 1 1 7 28 1 1 0 0 0 0 0 0 0 0 0 1 14 112 20 1 1 1 1 0 1
0 0 1 0 0 0 1 0 0 0 0 0 0 0 0 0 0 0 0 0 0 1 0 0 0 0 0 0 0 0 0 0 0 0 1 8 0 0 0 0 0 0 0 0 0 0 0 0 0 0 0 0 0 0 0 0 0 0 0 0 0 0 0 0 0 0 0 0 0 0 0 0 0 0 0 0 0 0 0 0 0 0 0 0 0 0 0 0 0 0 0 0 1 1 0 0 0 253 50 0 1 0 0 1 0 0 0 0 0 0 0 0 0 0 1 7 3 1 0 0 0 0 0 0 0 0 0 0 0 0 0 0 0 0 0 0 0 0 0 0 0 0 0 0 0 0 0 1 137 6 0 0 1 1 1 1 0 0 0 0 0 2 1 0 0 1 1 0 0 1 1 0 0 1 2 1 0 1 1 1 0 0 0 0 0 2 3 1 0 0 0 0 0 0 0 0 0 0 0 0 0 0 1 224 232 1 1 0 0 0 0 0 0 0 1 1 0 1 1 114 113 126 1 0 0 0 0 0 0 0 0 1 1 24 238 249 245 84 1 4 31 1 1 1 0 0 0 7 1 1 1 1 1 44 249 1 1 0 1 2 1 1 0 0 3 1 0 0 1 1 1 1 0 0 1 1 0 101 114 1 1 0 0 0 0 0 1 1 2 1 0 0 0 0 0 1 1 32 1 1 0 0 0 1 1 2 1 1 1 1 1 0 0 0 0 1 4 27 3 1 1 1 1 1 1 1 0 0 1 4 1 1 3 1 1 1 2 1 1 1 1 1 1 1 1 1 1 1 75 54 1 1 1 2 249 255 221 4 3 17 4 1 1 1 1 1 1 1 2 1 1 0 1 1 1 1 1 1 80 255 140 7 1 1 1 3 4 5 6 6 5 5 5 5 5 5 5 6 8 8 8 4 1 1 1 1 1 1 1 1 1 2 1 1 1 1 1 1 1 1 1 1 1 1 1 2 17 1 1 1 1 1 8 7 103 20 5 255 2 1 1 1 0 0 0 0 0 0 0 0 0 0 0 0 0 0 0 0 0 0 0 0 0 0 0 1 33 223 2 9 1 5 12 1 7 6 1 1 1 1 1 1 1 1 1 0 1 1 5 32 1 1 0 0 0 0 0 0 0 0 0 0 1 6 71 76 1 1 1 1 1 1
0 0 1 0 0 0 1 0 0 0 0 0 0 0 0 0 0 0 0 0 0 1 0 0 0 0 0 0 0 0 0 0 0 0 3 3 0 0 0 0 0 0 0 0 0 0 0 0 0 0 0 0 0 0 0 0 0 0 0 0 0 0 0 0 0 0 0 0 0 0 0 0 0 0 0 0 0 0 0 0 0 0 0 0 0 0 0 0 0 0 0 1 1 0 0 0 0 250 140 1 1 0 0 1 1 0 0 0 0 0 0 0 0 0 0 1 3 10 10 5 1 1 0 0 0 0 0 0 0 0 0 0 0 0 0 0 0 0 0 0 0 0 0 0 0 0 1 1 153 1 0 0 0 0 1 1 1 0 0 0 1 2 0 0 0 1 1 0 0 1 1 1 1 1 1 2 1 1 0 0 1 1 0 0 1 6 1 0 0 0 0 0 0 0 0 0 0 0 0 0 1 20 246 185 1 1 1 0 0 0 0 0 0 1 1 0 0 0 0 1 71 115 135 17 0 0 0 0 0 0 0 0 0 0 1 1 69 245 249 239 110 1 1 1 0 0 1 6 1 1 1 1 2 249 46 4 2 1 3 1 3 3 3 3 1 0 0 0 0 0 1 1 1 1 1 1 1 186 1 1 1 0 0 0 0 0 1 2 1 0 0 0 0 0 0 1 1 32 1 1 0 0 0 0 0 1 1 2 1 1 1 1 0 0 0 1 9 30 1 1 1 1 1 1 0 0 0 1 5 1 1 1 1 2 2 1 1 0 0 0 0 0 1 1 0 0 1 1 1 22 77 1 1 1 2 196 255 251 34 56 58 18 5 2 1 1 1 1 2 1 1 1 1 1 1 1 1 1 255 253 2 1 1 1 1 1 1 1 1 1 1 1 1 1 1 1 1 1 1 1 1 2 6 9 6 1 1 1 1 1 1 1 1 1 1 1 1 1 0 0 0 1 1 1 6 11 1 1 1 1 1 1 24 1 120 6 5 255 2 1 1 0 0 0 0 0 0 0 0 0 0 0 0 0 0 0 0 0 0 0 0 0 0 0 0 0 1 202 121 1 10 2 24 1 15 1 1 1 1 1 1 1 1 1 1 1 1 1 47 1 1 0 0 0 0 0 0 0 0 0 0 0 0 1 73 97 1 1 1 1 1 1
0 0 1 0 0 1 1 0 0 0 0 0 0 0 0 0 0 0 0 0 0 1 0 0 0 0 0 0 0 0 0 0 0 0 8 1 0 0 0 0 0 0 0 0 0 0 0 0 0 0 0 0 0 0 0 0 0 0 0 0 0 0 0 1 1 1 1 1 0 0 0 0 0 0 0 0 0 0 0 0 0 0 0 0 0 0 0 0 0 0 1 1 0 0 0 0 0 219 240 1 0 0 0 0 1 0 0 0 0 0 0 0 0 0 0 0 0 0 1 2 8 12 12 4 1 0 0 0 0 0 0 0 0 0 0 0 0 0 0 0 0 0 0 0 0 0 1 49 100 1 0 0 0 0 0 1 1 1 1 1 2 1 0 0 0 1 1 0 0 0 1 1 1 1 0 2 1 1 0 0 1 1 0 1 6 1 1 0 0 0 0 0 0 0 0 0 0 1 1 1 219 246 37 0 0 1 0 0 0 0 0 0 1 1 0 0 0 0 0 0 1 21 126 121 66 1 0 0 0 0 0 0 0 0 0 0 4 2 1 115 247 249 70 1 1 1 10 1 1 1 1 1 246 128 1 0 1 4 1 0 0 0 1 1 0 0 0 0 0 0 0 0 1 1 1 1 49 149 1 1 1 0 0 0 0 1 1 2 1 0 0 0 0 1 1 1 8 9 1 1 0 0 0 0 0 0 1 1 2 1 1 1 1 1 0 1 1 53 1 1 1 1 0 0 0 0 1 2 2 0 1 1 1 5 1 0 0 0 0 0 0 1 1 1 0 0 0 1 1 1 10 90 3 1 1 1 72 255 254 70 14 44 66 77 78 67 36 13 3 1 1 1 1 1 1 1 1 24 255 38 1 1 1 1 1 1 1 1 1 1 1 1 1 1 1 0 1 1 1 1 1 1 1 1 1 3 5 4 1 1 2 1 1 1 1 1 1 1 1 1 1 1 1 9 7 1 1 1 1 1 1 4 12 1 69 55 4 255 2 1 1 0 0 0 0 0 0 0 0 0 0 0 0 0 0 0 0 0 0 0 0 0 0 0 0 0 1 1 232 2 1 4 36 4 8 1 1 1 0 1 1 0 0 1 1 1 1 1 50 1 0 0 0 0 0 0 0 0 0 0 0 0 0 1 73 99 1 1 0 1 1 4
0 0 1 0 0 1 1 0 0 0 0 0 0 0 0 0 0 0 0 0 0 1 0 0 0 0 0 0 0 0 0 0 0 0 9 1 0 0 0 0 0 0 0 0 0 0 0 0 0 0 0 0 0 0 0 0 0 0 0 0 0 0 0 1 1 0 1 1 1 1 1 1 1 1 0 0 0 0 0 0 0 0 0 0 0 0 0 0 1 1 1 0 0 0 0 0 0 49 252 1 0 0 0 0 1 0 0 0 0 0 0 0 0 0 0 0 0 0 0 0 0 0 1 4 13 10 1 0 0 0 0 0 0 0 0 0 0 0 0 0 0 0 0 0 0 0 1 151 1 0 0 0 0 0 0 0 1 1 0 1 2 0 0 0 0 1 1 0 0 0 1 1 0 0 0 1 3 1 0 1 1 0 0 4 2 1 0 0 0 0 0 0 0 0 0 0 0 1 176 249 202 1 0 0 0 1 0 0 0 0 1 1 0 0 0 0 0 0 0 0 0 1 3 120 114 110 1 0 0 0 0 1 1 1 1 2 4 0 1 1 1 11 248 108 3 8 9 2 1 1 1 217 220 1 0 1 0 0 1 1 1 1 1 0 0 0 0 0 1 1 0 0 0 1 0 1 175 8 1 1 1 0 0 0 0 1 2 1 0 1 1 1 1 1 6 3 33 1 1 1 1 1 0 0 0 0 0 1 1 1 2 1 1 1 0 1 3 44 1 1 0 0 0 0 1 1 1 4 1 0 1 1 5 1 1 0 0 0 0 0 0 1 1 0 0 0 0 1 1 1 1 2 86 19 1 1 1 18 255 255 74 2 1 1 1 4 23 61 66 45 42 33 10 2 1 1 1 254 255 2 1 1 1 1 1 1 1 1 1 0 0 0 0 1 1 1 1 1 1 0 0 0 1 1 1 1 1 1 4 6 9 1 1 1 1 1 1 1 1 1 1 7 10 1 1 1 1 0 1 1 1 1 21 1 35 86 5 255 2 1 1 0 0 0 0 0 0 0 0 0 0 0 0 0 0 0 0 0 0 0 0 0 0 0 0 0 0 1 99 209 1 1 35 44 9 1 1 1 1 1 1 0 0 1 1 1 1 1 49 1 0 0 0 0 0 0 0 0 0 0 0 0 0 1 71 101 1 1 1 1 1 152
0 0 1 0 0 1 0 0 0 0 0 0 0 0 0 0 0 0 0 0 0 1 0 0 0 0 0 0 0 0 0 0 0 0 9 0 0 0 0 0 0 0 0 0 0 0 0 0 0 0 0 0 0 0 0 0 0 0 0 0 0 0 0 1 0 0 0 0 0 0 0 0 0 1 0 0 0 0 0 0 0 0 0 0 0 0 0 1 1 1 0 0 0 0 0 0 0 1 248 170 0 0 0 0 1 0 0 0 0 0 0 0 0 0 0 0 0 0 0 1 1 0 0 0 1 1 13 7 1 0 0 0 0 0 0 0 0 0 0 0 0 0 0 0 0 0 1 155 1 1 1 0 0 0 0 0 1 1 0 1 1 0 0 0 1 1 1 1 1 1 1 0 0 0 0 0 1 2 1 1 0 0 3 2 1 0 0 0 0 0 0 0 0 0 0 1 122 249 229 1 0 0 0 0 0 1 0 0 0 1 1 0 0 0 0 0 0 0 0 0 0 0 1 1 90 111 130 2 0 0 0 1 1 1 1 6 1 0 1 0 1 1 2 248 54 1 3 1 2 2 100 247 1 1 1 1 0 0 0 0 0 1 1 0 0 0 0 0 1 1 0 0 0 1 1 21 167 1 0 1 1 0 0 0 0 1 2 1 5 5 3 2 6 5 1 2 16 34 19 1 1 1 1 0 0 0 0 0 0 1 1 2 1 1 1 1 38 5 1 0 1 1 1 1 2 5 4 1 0 0 1 1 4 1 1 1 1 1 1 1 1 1 1 1 1 1 1 1 1 1 1 1 1 59 33 1 1 1 5 254 255 155 2 1 1 1 1 1 3 6 2 4 22 40 44 44 44 255 233 4 1 1 1 1 1 1 1 1 1 1 1 1 1 0 0 0 1 1 1 1 1 1 1 1 1 1 1 1 1 3 8 12 10 2 1 1 1 1 1 9 13 2 1 1 0 1 1 1 0 0 1 1 25 1 117 8 5 255 1 1 1 0 0 0 0 0 0 0 0 0 0 0 0 0 0 0 0 0 0 0 0 0 0 0 0 0 0 1 1 219 52 1 1 81 14 9 3 1 1 1 1 1 1 1 1 1 1 13 15 0 0 0 0 0 0 0 0 0 0 0 0 0 0 1 53 112 1 1 1 1 158 172
0 1 1 0 0 1 0 0 0 0 0 0 0 0 0 0 0 0 0 0 1 1 0 0 0 0 0 0 0 0 0 0 0 0 9 0 0 0 0 0 0 0 0 0 0 0 0 0 0 0 0 0 0 0 0 0 0 0 0 0 0 0 0 1 0 0 0 0 0 0 0 0 0 1 0 0 0 0 0 0 0 0 0 0 0 0 0 1 0 0 0 0 0 0 0 0 0 1 202 242 1 0 0 0 1 0 0 0 0 0 0 0 0 0 0 0 0 0 1 1 1 1 1 1 0 0 1 2 15 2 1 1 1 1 1 0 0 0 0 0 0 0 0 0 0 0 6 140 1 0 1 1 0 0 0 0 1 1 0 2 1 0 0 0 1 1 1 2 1 0 0 0 0 0 0 0 0 2 1 0 0 2 3 1 0 0 0 0 0 0 0 0 0 1 10 244 239 4 0 0 0 0 0 0 0 1 0 0 1 1 0 0 0 0 0 0 0 0 0 0 0 0 0 0 1 47 114 132 6 0 0 1 0 0 8 1 0 0 1 1 0 1 1 21 248 79 6 1 1 2 249 9 2 1 1 1 1 1 1 0 0 0 0 0 0 0 0 1 1 1 1 1 1 1 1 171 14 0 0 1 1 0 0 0 1 2 5 5 1 1 2 3 1 1 1 1 1 1 3 28 34 23 2 1 1 1 0 0 0 0 1 1 1 2 1 1 58 1 1 1 1 3 6 5 2 1 1 0 0 0 1 1 1 5 4 4 4 4 4 4 5 6 5 6 6 6 6 6 6 5 1 1 1 1 42 44 1 1 1 2 247 255 224 4 1 1 1 1 1 3 5 1 1 1 1 1 2 255 248 65 61 61 49 21 4 1 1 1 1 1 1 1 1 1 1 1 1 1 1 1 1 1 1 1 1 1 1 1 1 7 1 1 1 9 14 11 3 10 13 2 1 1 1 1 1 1 1 1 1 1 1 1 25 4 128 1 3 255 1 1 1 0 0 0 0 0 0 0 0 0 0 0 0 0 0 0 0 0 0 0 0 0 0 0 0 0 0 0 1 3 231 2 2 54 1 1 3 10 1 1 1 1 1 1 1 1 1 40 1 0 0 0 0 0 0 0 0 0 0 0 0 0 0 1 19 120 6 1 1 93 152 2
1 1 0 0 0 1 0 0 0 0 0 0 0 0 0 0 0 0 0 0 1 0 0 0 0 0 0 0 0 0 0 0 0 0 9 0 0 0 0 0 0 0 0 0 0 0 0 0 0 0 0 0 0 0 0 0 0 0 0 0 0 0 0 1 0 0 0 0 0 0 0 0 0 1 0 0 0 0 0 0 0 0 0 0 0 0 1 1 0 0 0 0 0 1 1 1 1 0 8 252 9 0 0 0 1 0 0 0 0 0 0 0 0 0 0 0 0 0 1 1 1 1 1 1 1 1 28 255 255 255 255 138 1 1 1 0 0 0 0 0 0 0 0 0 0 1 143 5 1 1 1 1 0 0 0 0 1 0 1 2 1 1 1 1 0 0 0 1 1 0 0 1 1 0 0 0 0 1 3 1 2 4 1 0 1 1 0 0 0 0 0 0 1 150 249 74 1 0 0 0 0 0 0 0 0 1 1 1 1 0 0 0 0 0 0 0 0 0 0 0 0 0 0 0 0 1 16 120 130 17 1 1 0 2 3 1 1 1 0 1 1 1 1 1 27 246 249 217 36 237 162 3 2 2 1 1 0 1 1 0 0 0 0 0 0 0 0 0 1 1 1 1 0 1 53 147 1 0 0 1 1 0 1 1 2 5 1 1 1 1 1 1 1 0 0 0 0 0 1 1 1 2 23 33 27 3 1 1 0 0 0 1 1 1 2 1 57 1 1 1 6 2 1 1 1 1 0 0 0 0 0 1 1 1 1 1 1 1 1 1 1 1 1 1 1 1 1 1 1 1 3 2 1 1 1 33 57 1 1 1 1 199 255 249 8 1 1 1 1 1 2 6 1 1 1 1 1 241 255 4 1 2 5 23 49 60 68 60 38 9 2 1 1 1 1 1 1 1 1 1 1 1 1 1 1 1 1 1 1 7 1 1 1 1 1 1 6 1 1 1 1 1 1 1 0 1 1 1 1 1 1 1 11 44 107 1 3 255 1 1 1 0 0 0 0 0 0 0 0 0 0 0 0 0 0 0 0 0 0 0 0 0 0 0 0 0 0 0 0 1 73 229 129 4 1 1 1 1 7 4 1 1 1 1 1 1 45 1 0 0 0 0 0 0 0 0 0 0 0 0 0 0 0 1 10 92 37 1 30 193 1 1
1 0 0 0 0 1 0 0 0 0 0 0 0 0 0 0 0 0 0 0 1 0 0 0 0 0 0 0 0 0 0 0 0 0 8 0 0 0 0 0 0 0 0 0 0 0 0 0 0 0 0 0 0 0 0 0 0 0 0 0 0 0 0 1 1 0 0 0 0 0 0 0 0 1 0 0 0 0 0 0 0 0 0 0 0 1 1 0 0 0 0 0 1 1 0 0 1 1 1 241 213 0 0 0 1 1 0 0 0 0 0 0 0 0 0 1 1 0 1 1 1 1 21 254 255 255 255 255 237 22 254 255 255 59 1 1 0 0 0 0 0 0 0 0 0 1 155 1 1 0 0 1 0 0 0 1 1 0 2 1 1 1 1 1 1 1 0 1 2 1 1 1 1 0 0 0 0 0 1 5 5 1 0 0 1 1 0 0 0 0 0 1 214 235 1 0 0 0 0 0 0 0 0 0 0 1 1 0 0 0 0 0 0 0 0 0 0 0 0 0 0 0 0 0 0 0 1 4 121 129 43 1 1 8 1 0 1 1 1 1 1 1 0 0 1 1 1 208 249 244 112 2 3 1 1 2 2 1 1 0 0 0 0 0 0 1 1 1 1 1 1 0 1 2 176 3 1 1 0 1 1 1 1 4 2 1 0 0 0 0 0 0 0 0 0 0 0 0 0 1 1 1 1 1 1 19 32 30 7 1 1 1 1 1 2 2 48 1 1 6 1 1 1 0 0 0 0 0 0 0 0 1 1 1 1 1 1 1 1 1 0 0 0 1 1 1 1 1 1 1 1 3 2 1 1 1 20 67 1 1 1 1 93 255 254 21 1 1 1 1 1 2 7 1 1 1 1 3 255 131 1 1 1 1 1 1 3 3 12 43 63 68 68 49 17 4 2 1 1 1 1 1 1 1 1 1 1 1 4 2 1 1 1 1 1 1 1 1 1 1 1 1 1 1 1 1 1 1 1 1 1 1 9 128 16 1 2 255 1 1 1 0 0 0 0 0 0 0 0 0 0 0 0 0 0 0 0 0 0 0 0 0 0 0 0 0 0 0 0 0 1 5 222 199 2 1 1 1 1 2 9 9 9 11 8 27 5 1 1 1 1 0 0 0 0 0 0 0 0 0 0 0 0 1 2 72 100 170 187 2 1 1
5 3 2 1 1 1 1 1 0 0 0 0 0 0 0 0 0 0 0 0 1 0 0 0 0 0 0 0 0 0 0 0 0 1 8 0 0 0 0 0 0 0 0 0 0 0 0 0 0 0 0 0 0 0 0 0 0 0 0 0 0 0 0 1 1 0 0 0 0 0 0 0 0 1 0 0 0 0 0 0 0 0 0 0 0 1 0 0 0 0 0 0 1 0 0 0 0 1 1 233 228 0 0 0 0 1 0 1 1 1 1 4 5 4 5 8 14 82 252 255 255 255 255 255 245 4 1 1 1 1 1 2 255 255 255 7 1 1 1 1 0 0 0 0 0 1 156 1 0 0 1 1 0 1 2 2 1 0 2 0 1 1 0 0 0 1 0 0 2 1 0 0 1 1 0 0 0 0 1 5 3 1 0 1 1 1 0 1 1 1 1 236 208 1 0 0 0 0 0 0 0 0 0 0 1 1 0 0 0 0 0 0 0 0 0 0 0 0 0 0 0 0 0 0 0 0 0 0 1 113 126 67 1 7 0 0 0 1 1 1 0 1 1 1 1 0 1 1 147 2 153 210 207 79 1 1 1 2 0 0 0 0 0 1 1 1 1 1 1 0 0 0 1 148 52 1 0 1 1 1 1 4 3 1 1 0 0 0 0 0 0 0 0 0 0 0 0 0 0 0 0 0 1 1 1 1 1 1 11 31 31 13 1 1 2 35 25 5 5 2 1 0 0 0 0 0 0 0 0 0 0 1 1 1 1 0 1 1 1 1 0 0 0 0 0 0 0 0 1 1 1 1 3 2 1 1 1 15 71 1 1 1 1 26 255 255 57 1 1 1 1 1 2 7 1 1 1 1 251 255 1 1 1 1 1 1 2 1 1 1 1 1 1 6 31 60 71 73 66 42 13 3 1 1 1 1 1 13 120 154 146 14 1 1 1 1 1 1 1 1 1 1 1 1 1 1 1 1 1 1 1 7 80 80 1 1 2 255 1 1 1 0 0 0 0 0 0 0 0 0 0 0 0 0 0 0 0 0 0 0 0 0 0 0 0 0 0 0 0 0 0 1 1 124 229 89 1 1 1 1 1 1 2 7 39 50 1 1 1 1 0 0 0 0 0 0 0 0 0 0 0 0 0 1 1 114 209 29 1 1 1 1
1 2 3 4 5 5 5 5 5 5 5 5 5 5 4 3 2 1 1 1 1 1 1 1 0 0 0 0 0 0 0 0 0 1 5 0 0 0 0 0 0 0 0 0 0 0 0 0 0 0 0 0 0 0 0 0 0 0 0 0 0 0 0 1 1 0 0 0 0 0 0 0 0 1 1 0 0 0 0 0 0 0 0 0 0 0 0 0 0 0 0 1 1 0 0 0 0 1 109 255 254 1 1 1 1 1 1 2 255 255 255 255 255 255 255 255 255 255 255 255 61 1 1 1 1 1 0 0 0 0 1 1 1 3 255 255 252 1 1 1 0 0 0 0 1 1 157 1 0 1 1 1 0 2 1 1 1 1 2 0 0 1 1 1 1 1 0 0 1 1 0 0 0 1 1 0 0 1 5 1 1 3 1 1 0 1 3 4 4 35 246 141 1 0 0 0 0 0 0 0 0 0 0 0 1 1 0 0 0 0 0 0 0 0 0 0 0 0 0 0 0 0 0 0 0 0 0 0 0 1 97 159 47 1 0 0 0 0 1 1 1 1 0 0 1 1 1 1 147 1 1 1 13 182 216 198 51 2 1 0 0 0 0 1 1 1 1 0 0 0 0 1 105 111 1 0 0 1 1 2 4 1 1 0 0 0 0 0 0 0 0 0 0 0 0 0 0 0 0 0 0 0 0 0 0 1 1 1 1 1 1 5 27 29 22 80 1 1 1 1 0 0 0 0 0 0 0 0 0 0 0 1 1 1 1 1 1 1 0 0 0 0 0 0 0 0 0 1 1 1 1 1 1 3 1 1 1 1 10 83 1 1 1 1 7 254 255 111 2 1 1 1 1 2 7 1 1 1 12 255 68 1 1 1 1 1 2 1 1 1 1 1 1 1 1 1 1 1 2 12 44 64 73 74 59 32 50 58 96 2 7 137 55 1 1 1 1 1 1 1 1 1 1 1 1 1 1 1 1 1 1 69 115 1 1 1 1 255 1 1 1 0 0 0 0 0 0 0 0 0 0 0 0 0 0 0 0 0 0 0 0 0 0 0 0 0 0 0 0 0 0 0 1 1 2 210 223 149 186 219 229 231 231 227 223 201 6 1 1 1 0 0 0 0 0 0 0 0 0 0 1 1 1 1 1 181 113 1 1 1 0 0
0 0 0 0 0 0 0 0 0 0 0 1 1 1 1 2 3 4 5 5 5 5 5 5 5 5 5 5 5 5 4 3 1 8 1 0 0 0 0 0 0 0 0 0 0 0 0 0 0 0 0 0 0 0 0 0 0 0 0 0 0 0 0 1 0 0 0 0 0 0 0 0 0 1 1 0 0 0 0 0 0 0 0 0 0 0 0 0 0 0 0 1 0 0 0 0 0 1 255 255 255 255 124 31 239 255 255 255 255 175 1 1 1 1 1 1 1 1 1 1 1 1 0 0 0 0 0 0 0 0 0 0 1 1 1 101 255 255 13 1 1 0 0 0 1 0 158 1 1 1 1 1 1 2 0 1 1 1 2 0 0 0 0 1 1 1 1 1 1 2 0 0 0 0 1 1 1 5 1 0 0 1 2 2 1 4 1 1 131 246 33 0 0 0 0 0 0 0 0 0 0 0 0 0 1 0 0 0 0 0 0 0 0 0 0 0 0 0 0 0 0 0 0 0 0 0 0 0 0 1 1 74 196 110 1 0 0 0 0 1 1 1 1 0 0 0 0 80 72 0 0 0 0 1 1 41 197 216 171 54 1 1 1 1 0 0 0 0 0 0 1 88 129 1 0 0 1 1 4 2 1 1 0 0 0 0 0 0 0 0 0 0 0 0 0 0 0 0 0 0 0 0 0 0 0 0 0 0 0 1 1 1 1 1 3 97 1 1 0 0 0 0 0 0 0 0 0 0 0 0 0 1 1 1 1 2 2 2 2 2 1 1 0 0 0 1 1 1 1 1 1 1 1 1 4 1 1 1 1 3 86 1 1 1 1 3 251 255 212 33 11 5 3 2 17 9 6 4 3 254 255 2 1 1 2 5 72 80 35 5 3 1 1 1 1 1 1 1 1 1 1 1 1 1 5 28 23 94 2 1 1 8 120 165 138 86 12 3 1 1 1 1 1 1 1 1 1 1 1 1 21 152 1 1 1 1 1 255 1 1 1 0 0 0 0 0 0 0 0 0 0 0 0 0 0 0 0 0 0 0 0 0 0 0 0 0 0 0 0 0 0 0 0 1 1 1 28 184 146 42 4 1 1 1 1 88 200 5 1 1 1 1 1 1 0 0 0 0 0 1 1 1 0 0 1 171 117 1 1 1 1 1
0 0 0 0 0 0 0 0 0 0 0 0 0 0 0 0 0 0 0 0 0 0 0 0 0 0 0 1 1 1 1 2 3 5 14 5 1 0 0 0 0 0 0 0 0 0 0 0 0 0 0 0 0 0 0 0 0 0 0 0 0 0 0 1 0 0 0 0 0 0 0 0 0 0 1 0 0 0 0 0 0 0 0 0 0 0 0 0 0 0 0 1 0 0 0 0 1 255 255 121 173 255 255 255 255 255 164 2 1 1 0 0 0 0 1 1 0 0 0 0 0 0 0 0 0 0 0 0 0 0 0 0 0 0 1 1 1 255 255 251 1 1 0 0 1 0 158 1 0 0 0 1 1 2 0 1 1 1 3 0 0 0 0 0 0 0 0 1 1 1 0 0 0 0 1 1 5 1 0 0 1 0 1 2 3 1 1 215 236 1 0 0 0 0 0 0 0 0 0 0 0 0 0 1 1 0 0 0 0 0 0 0 0 0 0 0 0 0 0 0 0 0 0 0 0 0 0 0 0 1 0 5 54 128 130 1 0 0 0 0 0 1 1 1 1 0 1 152 1 0 0 0 0 0 0 0 1 2 109 196 204 153 55 1 1 0 0 0 0 1 100 126 2 0 0 1 3 4 1 1 1 0 0 0 0 0 0 0 0 0 0 0 0 0 0 0 0 0 0 0 0 0 0 0 0 0 0 0 0 0 0 1 1 1 1 95 1 0 0 0 0 0 0 0 0 0 0 0 0 0 0 1 1 1 1 1 1 0 0 1 1 2 1 1 1 1 1 0 0 1 1 1 1 1 1 8 1 1 1 1 5 84 2 1 1 1 2 224 255 255 255 255 255 255 255 255 254 254 249 245 255 224 201 177 153 127 47 18 52 87 92 101 99 94 68 27 41 22 8 6 41 86 84 82 83 78 70 29 1 1 4 1 1 2 29 91 154 169 163 120 31 5 2 1 1 1 1 1 1 16 154 3 1 1 1 1 1 255 1 1 1 0 0 0 0 0 0 0 0 0 0 0 0 0 0 0 0 0 0 0 0 0 0 0 0 0 0 0 0 0 0 0 0 0 0 0 1 1 1 1 1 1 1 1 1 1 100 201 1 1 1 1 1 1 1 1 1 1 1 1 1 1 1 1 1 131 153 1 1 1 0 0
0 0 0 0 0 0 0 0 0 0 0 0 0 0 0 0 0 0 0 0 0 0 0 0 0 0 0 0 0 0 0 0 0 1 1 3 14 12 1 1 0 0 0 0 0 0 0 0 0 0 0 0 0 0 0 0 0 0 0 0 0 0 0 1 0 0 0 0 0 0 0 0 0 0 1 1 0 0 0 0 0 0 0 0 0 0 0 0 0 0 0 1 1 0 0 1 255 255 47 1 1 1 1 1 1 1 1 1 1 1 0 0 0 0 0 1 0 0 0 0 0 0 0 0 0 0 0 0 0 0 0 0 0 0 0 0 1 1 86 255 255 133 1 1 1 1 158 1 1 1 1 1 1 2 0 1 0 1 3 0 0 0 0 0 0 0 0 0 1 1 1 0 0 0 1 5 1 0 0 1 1 1 2 1 1 23 244 202 1 0 0 0 0 0 0 0 0 0 0 0 0 0 0 1 1 0 0 0 0 0 0 0 0 0 0 0 0 0 0 0 0 0 0 0 0 0 0 0 1 1 1 8 1 22 121 135 6 0 1 0 0 0 0 1 1 1 1 153 1 0 0 0 0 0 0 0 0 1 1 1 30 131 197 185 130 5 1 0 1 126 114 1 1 0 1 5 1 1 1 0 0 0 0 0 0 0 0 0 0 0 0 0 0 0 0 0 0 0 0 0 0 0 0 0 0 0 0 0 0 0 0 0 0 1 1 96 1 0 0 0 0 0 0 0 0 0 0 0 0 0 0 0 1 1 1 1 1 0 0 0 0 1 3 1 1 0 0 1 0 1 1 1 1 1 1 1 5 1 1 1 1 3 85 3 1 1 1 1 8 208 202 189 221 241 251 254 254 255 255 255 255 255 255 255 255 255 255 255 255 255 255 255 255 255 255 255 255 255 255 255 254 251 246 225 188 127 83 97 63 40 18 11 7 5 3 3 2 3 6 61 141 165 171 171 168 164 161 150 137 154 4 1 1 1 1 1 1 255 1 1 1 0 0 0 0 0 0 0 0 0 0 0 0 0 0 0 0 0 0 0 0 0 0 0 0 0 0 0 0 0 0 0 0 0 0 0 0 0 0 0 1 1 1 1 1 1 1 118 199 1 1 1 1 1 1 1 1 1 1 1 1 1 1 1 1 66 195 4 1 1 0 0
0 0 0 0 0 0 0 0 0 0 0 0 0 0 0 0 0 0 0 0 0 0 0 0 0 0 0 0 0 0 0 0 0 0 0 0 1 1 12 14 4 1 1 0 0 0 0 0 0 0 0 0 0 0 0 0 0 0 0 0 0 0 1 1 0 0 0 0 0 0 0 0 0 0 1 1 0 0 0 0 0 0 0 0 0 0 0 0 0 0 0 1 1 1 1 254 255 12 1 1 1 1 1 1 1 1 1 0 1 0 0 0 0 0 1 1 0 0 0 0 0 0 0 0 0 0 0 0 0 0 0 0 0 0 1 1 1 1 1 1 251 255 255 30 1 1 158 1 0 1 1 1 2 1 0 1 1 1 3 0 0 0 0 0 0 0 0 1 1 1 1 0 0 0 4 1 1 0 0 1 2 2 1 1 219 247 45 1 0 0 0 0 0 0 0 0 0 0 0 0 0 0 1 1 0 0 0 0 0 0 0 0 0 0 0 0 0 0 0 0 0 0 0 0 0 0 0 0 0 1 4 2 1 1 8 121 130 23 1 1 1 0 0 0 0 0 2 149 0 0 0 0 0 0 0 0 0 0 0 0 1 1 1 71 151 206 92 1 122 100 1 1 1 1 5 1 1 0 0 0 0 0 0 0 0 0 0 0 0 0 0 0 0 0 0 0 0 0 0 0 0 0 0 0 0 0 0 0 0 0 0 0 0 1 1 94 0 0 0 0 0 0 0 0 0 0 0 0 0 0 0 0 1 1 1 1 1 0 0 0 1 1 1 3 1 1 0 1 1 1 1 2 1 1 1 1 1 5 1 1 1 1 2 82 6 1 1 1 1 1 127 112 1 2 1 1 1 1 1 3 255 161 1 1 1 1 2 2 4 7 14 32 76 137 204 240 251 253 254 255 255 255 255 255 255 255 255 255 255 255 255 255 255 255 255 255 255 255 255 255 255 255 255 255 253 248 230 201 168 76 35 18 9 5 3 3 6 255 1 1 1 0 0 0 0 0 0 0 0 0 0 0 0 0 0 0 0 0 0 0 0 0 0 0 0 0 0 0 0 0 0 0 0 0 0 0 0 0 0 0 0 0 0 1 1 1 1 1 99 221 33 1 1 1 1 1 1 1 1 1 1 1 1 1 1 2 212 32 1 1 0 0
0 0 0 0 0 0 0 0 0 0 0 0 0 0 0 0 0 0 0 0 0 0 0 0 0 0 0 0 0 0 0 0 0 0 0 0 0 0 0 1 5 14 14 14 14 14 14 14 14 14 14 13 13 13 12 12 13 13 13 13 13 13 13 13 5 4 5 5 5 5 5 5 5 4 4 4 4 1 1 0 0 0 0 0 0 0 0 0 0 0 0 1 0 1 252 255 77 1 1 1 1 0 1 1 1 0 0 0 0 0 0 0 0 0 1 0 0 0 0 0 0 0 0 0 0 0 0 0 0 0 0 0 0 0 0 1 1 1 0 0 1 2 255 255 255 3 158 1 0 1 0 1 1 1 1 1 1 1 2 1 0 0 0 0 0 0 1 1 0 1 1 1 1 2 2 1 1 1 2 2 1 1 121 249 195 1 1 0 0 0 0 0 0 0 0 0 0 0 0 0 0 0 1 1 0 0 0 0 0 0 0 0 0 0 0 0 0 0 0 0 0 0 0 0 0 0 0 0 0 1 8 1 0 1 1 4 120 121 47 1 1 1 1 1 0 1 112 32 0 0 0 0 0 0 0 0 0 0 0 0 0 0 0 1 1 4 196 215 176 99 1 1 1 3 1 1 0 0 0 0 0 0 0 0 0 0 0 0 0 0 0 0 0 0 0 0 0 0 0 0 0 0 0 0 0 0 0 0 0 0 0 0 0 1 1 90 1 0 0 0 0 0 0 0 0 0 0 0 0 0 0 0 1 1 1 1 1 1 0 1 1 1 1 1 3 1 1 1 1 1 1 1 1 1 1 1 1 1 4 1 1 1 1 1 77 7 1 1 1 1 1 87 145 3 1 1 1 1 1 1 255 226 1 1 1 1 1 1 1 1 1 1 1 1 1 1 1 1 1 1 1 1 1 1 1 1 1 1 1 1 2 2 4 8 17 34 71 122 185 228 247 253 253 255 255 255 255 255 255 255 255 255 255 255 255 255 255 255 2 1 0 0 0 0 0 0 0 0 0 0 0 0 0 0 0 0 0 0 0 0 0 0 0 0 0 0 0 0 0 0 0 0 0 0 0 0 0 0 0 0 0 0 0 0 1 1 1 1 1 8 215 190 2 1 1 1 1 1 1 1 4 42 165 214 221 221 210 21 0 1 0 0
0 0 0 0 0 0 0 0 0 0 0 0 0 0 0 0 0 0 0 0 0 0 0 0 0 0 0 0 0 0 0 0 0 0 0 0 0 0 0 0 0 0 1 1 1 0 1 1 1 1 1 1 1 1 1 1 1 0 0 0 0 0 1 1 3 1 1 1 1 1 1 1 1 1 1 1 1 5 1 0 0 0 0 0 0 0 0 0 0 0 1 1 1 228 255 177 1 1 1 0 1 1 1 1 0 0 0 0 0 0 0 0 0 0 1 0 0 0 0 0 0 0 0 0 0 0 0 0 0 0 0 0 0 0 0 1 1 1 0 1 1 1 1 7 255 255 253 1 1 1 0 0 3 4 5 2 1 0 0 3 0 0 0 0 0 0 1 0 0 1 1 0 1 7 2 2 2 1 1 1 14 241 236 3 1 0 0 0 0 0 0 0 0 0 0 0 0 0 0 0 0 1 1 0 0 0 0 0 0 0 0 0 0 0 0 0 0 0 0 0 0 0 0 0 0 0 0 0 0 3 5 1 1 1 1 0 1 113 114 76 1 0 1 1 1 1 152 1 0 0 0 0 0 0 0 0 0 0 0 0 0 0 0 1 4 58 217 58 118 198 123 126 114 76 8 1 1 1 0 0 0 0 0 0 0 0 0 0 0 0 0 0 0 0 0 0 0 0 0 0 0 0 0 0 0 0 0 0 0 0 0 0 1 1 18 49 1 0 0 0 0 0 0 0 0 0 0 0 0 0 0 0 0 0 1 1 1 1 1 1 0 1 1 1 9 1 1 1 1 1 0 1 2 1 1 1 1 1 1 3 1 1 1 1 1 74 9 1 1 1 1 1 41 170 5 1 1 1 1 1 255 248 1 1 1 1 1 1 1 1 1 1 1 1 1 1 1 1 1 1 1 1 1 1 1 1 1 1 1 1 1 1 1 1 1 1 1 1 1 1 1 1 1 1 1 1 1 1 1 1 1 1 1 1 2 3 8 255 1 1 0 0 0 0 0 0 0 0 0 0 0 0 0 0 0 0 0 0 0 0 0 0 0 0 0 0 0 0 0 0 0 0 0 0 0 0 0 0 0 0 0 0 0 0 0 0 1 1 1 1 1 113 224 145 71 173 217 224 226 224 222 211 142 20 1 1 101 21 0 1 0 0
0 0 0 0 0 0 0 0 0 0 0 0 0 0 0 0 0 0 0 0 0 0 0 0 0 0 0 0 0 0 0 0 0 0 0 0 0 0 0 0 0 0 0 0 0 0 0 0 0 0 0 0 0 0 0 0 0 0 0 0 0 0 0 1 4 0 0 0 0 0 0 0 0 0 0 0 0 2 2 0 0 0 0 0 0 0 1 1 1 1 1 1 119 255 227 1 1 0 1 1 1 1 1 0 0 0 1 0 0 0 0 0 0 0 1 0 0 0 0 0 0 1 1 0 0 0 0 0 0 0 0 0 0 0 0 0 1 1 0 1 0 1 1 1 1 170 255 228 185 41 1 1 5 1 6 1 1 0 0 3 1 0 1 1 1 1 1 0 0 1 2 1 11 1 1 1 1 1 103 244 247 87 1 1 0 0 0 0 0 0 0 0 0 0 0 0 0 0 0 0 0 1 1 1 1 0 0 1 1 1 1 0 0 0 0 0 0 0 0 0 0 0 0 0 0 0 0 0 0 10 1 1 1 1 0 0 0 1 103 106 107 1 0 0 1 1 145 6 0 0 0 0 0 0 0 0 0 0 1 13 89 97 105 133 133 104 201 1 3 176 47 67 136 123 142 143 121 111 110 98 51 11 2 1 1 1 1 1 1 1 1 1 1 1 1 1 1 1 1 1 1 1 1 1 1 1 1 0 0 1 0 0 1 1 56 12 1 0 0 0 0 0 0 0 0 0 0 0 0 0 0 0 0 0 1 1 1 1 1 1 1 1 1 0 8 1 1 1 1 1 1 1 2 1 0 1 1 1 1 2 2 1 1 1 1 1 68 14 1 1 1 1 1 10 176 25 1 1 1 1 255 251 1 0 1 0 0 0 0 1 0 0 0 0 0 1 0 0 0 0 0 0 1 1 1 1 1 1 1 1 1 1 1 1 1 1 1 1 1 1 1 1 1 1 1 1 1 1 1 1 1 1 1 1 1 1 1 255 1 1 0 0 0 0 0 0 0 0 0 0 0 0 0 0 0 0 0 0 0 0 0 0 0 0 0 0 0 0 0 0 0 0 0 0 0 0 0 0 0 0 0 0 0 0 0 0 0 1 1 1 1 1 1 170 205 139 19 1 1 1 1 1 1 1 1 1 90 29 1 1 0 0
0 0 0 0 0 0 0 0 0 0 0 0 0 0 0 0 0 0 0 0 0 0 0 0 0 0 0 0 0 0 0 0 0 0 0 0 0 0 0 0 0 0 0 0 0 0 0 0 0 0 0 0 0 0 0 0 0 0 0 0 0 0 1 1 4 1 1 0 0 0 0 0 0 0 0 0 0 1 2 2 0 0 0 0 1 1 1 1 0 1 1 5 255 250 6 1 1 1 1 1 0 0 0 0 0 1 1 0 0 0 0 0 0 1 1 1 1 1 1 1 2 2 1 1 1 1 1 0 0 0 0 0 0 0 0 0 1 1 1 1 1 1 1 1 1 1 255 255 28 178 200 198 178 1 7 1 0 0 0 1 3 1 0 0 1 1 0 0 0 0 2 7 2 1 100 241 250 250 241 64 1 1 0 0 0 0 0 0 0 0 0 0 0 0 0 0 0 0 0 0 1 1 0 0 1 0 1 1 5 5 6 6 6 4 1 1 0 0 0 0 0 0 0 0 0 0 0 0 2 5 1 0 0 0 0 0 0 0 1 85 91 128 3 1 8 106 36 11 2 0 0 1 1 1 1 1 55 99 126 157 192 201 198 181 173 179 193 202 203 180 191 226 217 230 230 234 237 236 229 220 214 213 213 213 219 225 228 229 229 229 229 229 229 229 228 227 227 227 224 197 167 195 208 162 117 52 1 1 1 1 1 1 0 0 5 81 8 1 1 0 0 0 0 0 0 0 0 0 0 0 0 0 0 0 0 1 1 1 1 1 1 1 0 0 9 1 1 1 1 1 1 1 2 1 1 1 2 1 1 1 5 1 1 1 1 1 1 60 21 1 1 1 1 1 2 161 64 1 1 1 255 254 1 0 1 0 0 0 0 1 0 0 0 0 0 1 0 0 0 0 0 0 1 1 1 1 1 1 1 1 1 1 1 1 1 1 1 1 1 1 1 1 1 1 1 1 1 1 1 1 1 1 1 1 1 1 1 255 1 1 0 0 0 0 0 0 0 0 0 0 0 0 0 0 0 0 0 0 0 0 0 0 0 0 0 0 0 0 0 0 0 0 0 0 0 0 0 0 0 0 0 0 0 0 0 0 0 0 0 0 1 1 1 1 1 1 0 0 0 0 0 0 0 1 1 1 47 72 1 1 0 0
0 0 0 0 0 0 0 0 0 0 0 0 0 0 0 0 0 0 0 0 0 0 0 0 0 0 0 0 0 0 0 0 0 0 0 0 0 0 0 0 0 0 0 0 0 0 0 0 0 0 0 0 0 0 0 0 0 0 0 1 2 4 4 3 1 0 1 1 1 1 0 0 0 0 0 0 0 0 1 4 0 0 1 1 1 1 0 0 0 1 1 255 255 1 1 4 3 3 4 5 5 5 5 5 2 1 1 1 2 4 5 5 5 5 6 5 5 5 4 4 2 2 3 4 4 5 5 1 1 0 0 0 0 0 0 0 1 1 0 0 0 1 1 1 1 1 3 255 1 1 1 2 100 168 7 2 0 0 0 0 1 2 1 1 1 1 1 1 1 1 8 34 236 250 241 95 1 1 1 1 0 0 0 0 0 0 0 0 0 0 0 0 0 0 0 0 0 0 0 0 1 1 0 0 0 1 2 4 1 1 1 1 1 1 5 6 4 1 1 0 0 0 0 0 0 0 0 0 10 1 0 0 0 0 0 0 0 0 0 1 71 69 152 166 151 61 49 72 105 1 1 15 81 101 126 196 212 201 188 145 14 1 1 1 1 1 1 102 107 141 135 5 1 1 1 1 1 5 60 126 167 190 199 198 191 179 169 165 160 155 155 160 158 157 164 167 167 167 172 218 224 195 177 211 224 233 241 238 186 95 4 1 1 1 3 46 104 66 15 1 1 0 0 0 0 0 0 0 0 0 0 0 0 0 0 1 1 1 1 1 1 1 1 1 10 1 1 1 1 1 1 0 2 1 1 0 1 2 1 1 1 4 1 1 1 1 1 1 53 29 1 1 1 1 1 1 137 104 1 1 254 254 1 0 1 0 0 0 1 1 0 0 0 0 0 1 0 0 0 0 0 1 1 0 0 1 1 0 0 0 0 1 1 1 0 0 0 0 0 0 1 1 1 1 1 1 0 0 0 0 1 1 1 1 1 1 1 255 1 1 0 0 1 1 0 0 0 0 0 0 0 0 0 0 0 0 0 0 0 0 0 0 0 0 0 0 0 0 0 0 0 0 0 0 0 0 0 0 0 0 0 0 0 0 0 0 0 0 0 0 0 0 0 0 0 0 0 0 0 0 0 0 0 0 0 1 7 114 1 1 1 0
0 0 0 0 0 0 0 0 0 0 0 0 0 0 0 0 0 0 0 0 0 0 0 0 0 0 0 0 0 0 0 0 0 0 0 0 0 0 0 0 0 0 0 0 0 0 0 0 0 0 0 0 0 0 0 0 1 3 4 4 2 1 1 0 0 0 0 0 0 1 1 1 0 0 0 0 0 0 0 4 0 1 1 1 0 0 0 0 1 1 255 255 1 1 1 1 3 2 1 1 1 1 1 1 3 4 4 4 2 1 1 1 1 1 1 1 1 0 0 0 0 0 0 1 1 1 1 4 4 1 0 0 0 0 0 0 1 1 1 1 0 1 1 0 1 1 1 255 213 1 0 1 1 197 3 10 1 0 0 0 0 3 1 1 4 4 5 5 5 5 152 247 144 1 1 1 1 1 0 0 0 0 0 0 0 0 0 0 0 0 0 0 0 0 0 0 0 0 0 1 1 0 0 0 1 3 3 1 1 0 0 0 0 0 0 1 1 6 6 5 1 1 1 0 0 0 0 1 7 1 0 0 0 0 0 0 0 0 0 0 1 104 144 114 169 136 123 111 156 197 148 171 205 202 190 108 2 1 1 1 1 0 0 0 0 0 0 0 0 0 0 1 1 1 0 0 0 0 0 0 1 0 0 0 0 0 0 0 0 0 0 1 0 0 0 0 0 0 0 22 35 0 0 0 0 1 1 19 196 228 241 241 213 116 27 69 77 1 27 67 30 1 0 0 0 0 0 0 0 0 0 0 0 0 0 0 1 1 1 1 1 1 1 1 15 1 1 1 1 1 1 3 4 0 1 1 1 1 1 1 1 2 4 1 1 1 1 1 1 43 33 1 1 1 0 1 1 99 142 1 251 255 1 0 1 0 0 0 1 1 0 0 0 0 1 1 0 0 0 0 0 0 0 0 1 1 0 0 0 0 0 0 0 1 1 1 0 0 0 0 0 0 0 0 0 1 1 1 1 1 1 1 0 1 1 1 1 255 1 1 1 1 1 0 0 0 0 0 0 0 0 0 0 0 0 0 0 0 0 0 0 0 0 0 0 0 0 0 0 0 0 0 0 0 0 0 0 0 0 0 0 0 0 0 0 0 0 0 0 0 0 0 0 0 0 0 0 0 0 0 0 0 0 0 0 1 1 119 4 0 1 0
0 0 0 0 0 0 0 0 0 0 0 0 0 0 0 0 0 0 0 0 0 0 0 0 0 0 0 0 0 0 0 0 0 0 0 0 0 0 0 0 0 0 0 0 0 0 0 0 0 0 0 0 0 1 3 4 3 1 1 1 0 0 0 0 0 0 0 0 0 0 0 1 1 1 0 0 0 0 0 4 1 1 0 0 0 0 0 1 1 255 255 8 1 1 1 0 2 0 0 0 0 1 1 0 0 0 0 0 0 0 0 0 0 1 0 0 0 0 0 0 0 0 0 0 0 0 1 1 1 4 2 1 0 0 0 0 0 0 0 0 0 0 0 1 1 1 1 224 255 1 1 1 2 19 188 6 6 2 1 1 2 3 9 2 1 1 0 0 1 170 237 7 1 1 1 1 1 0 0 0 0 0 0 0 0 0 0 0 0 0 0 0 0 0 0 0 0 0 0 1 0 0 0 1 3 2 1 1 0 0 0 0 0 0 0 0 0 0 1 1 5 6 6 3 1 1 0 10 1 0 0 0 0 0 0 0 0 0 0 0 1 137 51 1 60 52 46 42 48 179 173 127 2 1 1 0 0 0 0 0 0 0 0 0 0 1 1 1 0 1 1 0 0 0 0 0 0 0 0 0 1 0 0 0 0 0 0 0 0 0 0 0 0 0 0 0 0 0 0 51 9 1 0 0 0 0 0 1 1 1 1 3 152 230 250 248 229 119 13 1 13 66 43 1 1 1 0 0 0 0 0 0 0 0 0 0 1 1 1 1 1 0 1 0 5 3 5 5 3 2 4 1 8 1 1 1 1 1 1 1 1 1 1 3 1 1 1 1 1 1 44 51 1 1 1 0 1 1 52 175 251 255 1 1 1 0 0 0 1 1 1 1 0 0 1 0 0 0 0 0 0 0 0 0 1 0 0 0 0 0 0 0 0 0 0 1 1 1 0 0 0 0 0 0 0 0 0 0 0 0 0 1 1 1 1 1 1 255 1 1 0 0 0 0 0 0 0 0 0 0 0 0 0 0 0 0 0 0 0 0 0 0 0 0 0 0 0 0 0 0 0 0 0 0 0 0 0 0 0 0 0 0 0 0 0 0 0 0 0 0 0 0 0 0 0 0 0 0 0 0 0 0 0 0 0 1 1 105 16 1 1 0
0 0 0 0 0 0 0 0 0 0 0 0 0 0 0 0 0 0 0 0 0 0 0 0 0 0 0 0 0 0 0 0 0 0 0 0 0 0 0 0 0 0 0 0 0 0 0 0 0 0 0 1 1 4 1 1 0 0 0 0 0 0 0 0 0 0 0 0 0 0 0 0 0 0 1 1 1 0 1 4 1 0 0 0 0 0 0 1 255 255 105 1 1 0 1 0 2 0 0 0 0 0 0 0 0 0 0 0 0 0 0 0 0 1 0 0 0 0 0 0 0 0 0 0 0 0 0 0 1 1 2 3 1 0 0 0 0 0 0 0 0 0 0 0 0 0 0 1 255 1 1 2 1 1 199 1 6 1 4 3 1 0 1 1 0 0 0 1 193 236 1 1 1 1 0 0 0 0 0 0 0 0 0 0 0 0 0 0 0 0 0 0 0 0 0 0 0 0 1 1 0 1 2 6 2 1 0 0 0 0 0 0 0 0 0 0 0 0 0 0 0 1 1 2 5 5 2 6 1 0 0 0 0 0 0 0 0 0 0 0 1 30 155 78 81 1 1 31 68 1 1 1 0 0 0 0 0 0 0 0 0 0 1 1 1 1 1 1 1 1 0 0 0 0 0 0 0 0 0 0 1 0 0 0 0 0 0 0 0 0 0 0 0 0 0 0 0 0 0 73 2 1 0 0 0 0 0 0 1 1 1 1 61 102 5 71 179 225 241 241 221 128 37 66 62 18 1 1 1 1 0 0 0 0 0 0 0 1 1 1 1 0 1 1 5 1 1 1 1 7 1 1 1 4 1 0 0 1 1 1 1 1 3 3 4 1 1 1 1 1 1 21 74 1 1 1 1 1 1 8 255 254 1 1 1 1 1 1 1 1 0 0 0 0 0 0 0 0 0 0 0 0 0 0 1 0 0 0 0 0 0 0 0 0 0 0 0 1 1 1 0 0 0 0 0 0 0 0 0 0 0 0 1 1 1 0 1 255 1 1 0 0 0 0 0 0 0 0 0 0 0 0 0 0 0 0 0 0 0 0 0 0 0 0 0 0 0 0 0 0 0 0 0 0 0 0 0 0 0 0 0 0 0 0 0 0 0 0 0 0 0 0 0 0 0 0 0 0 0 0 0 0 0 0 0 1 1 98 22 1 1 0
0 0 0 0 0 0 0 0 0 0 0 0 0 0 0 0 0 0 0 0 0 0 0 0 0 0 0 0 0 0 0 0 0 0 0 0 0 0 0 0 0 0 0 0 0 0 0 0 0 1 1 1 3 1 0 0 0 0 0 0 0 0 0 0 0 0 0 0 0 0 0 0 0 0 0 0 1 1 1 1 2 0 0 0 0 0 1 252 255 214 1 1 0 1 1 0 2 0 0 0 0 0 0 0 0 0 0 0 0 0 0 0 0 1 0 0 0 0 0 0 0 0 0 0 0 0 0 0 0 1 1 2 5 1 1 0 0 0 0 0 0 0 0 0 0 0 0 1 255 251 1 4 1 1 197 1 7 0 1 2 1 0 0 1 1 1 4 240 226 1 1 1 1 0 0 0 0 0 0 0 0 0 0 0 0 0 0 0 0 0 0 0 0 0 0 0 0 1 1 1 1 5 3 1 1 0 0 0 0 0 0 0 0 0 0 0 0 0 0 0 0 0 0 0 0 1 23 1 1 1 0 0 0 0 0 0 0 0 0 0 0 1 160 136 42 25 86 43 1 0 0 0 0 0 0 0 0 0 1 1 1 1 1 1 0 0 1 1 0 0 0 0 0 0 0 0 0 0 0 0 1 0 0 0 0 0 0 0 0 0 0 0 0 0 0 0 0 0 0 35 38 1 1 0 0 0 0 0 0 1 1 119 60 1 1 1 1 1 1 13 139 224 239 236 165 153 136 76 57 15 1 1 1 0 0 0 0 1 1 1 1 1 0 1 6 1 1 1 0 1 5 1 1 8 7 2 1 1 1 0 1 1 1 1 3 3 1 1 1 1 1 1 6 85 3 1 1 1 1 1 255 225 1 1 1 1 1 0 1 0 0 0 0 0 0 0 0 0 0 0 0 0 0 1 1 0 0 0 0 0 0 0 0 0 0 0 0 0 0 1 1 1 0 0 0 0 0 0 0 0 0 0 1 0 1 1 1 255 1 1 0 0 0 0 0 0 0 0 0 0 0 0 0 0 0 0 0 0 0 0 0 0 0 0 0 0 0 0 0 0 0 0 0 0 0 0 0 0 0 0 0 0 0 0 0 0 0 0 0 0 0 0 0 0 0 0 0 0 0 0 0 0 0 0 0 1 1 94 27 1 1 0
0 0 0 0 0 0 0 0 0 0 0 0 0 0 0 0 0 0 0 0 0 0 0 0 0 0 0 0 0 0 0 0 0 0 0 0 0 0 0 0 0 0 0 0 0 0 0 0 0 0 1 4 1 0 0 0 0 0 0 0 0 0 0 0 0 0 0 0 0 0 0 0 0 0 0 0 0 0 1 1 3 1 0 0 0 1 229 255 252 1 1 0 0 1 0 0 2 0 0 0 0 0 0 0 0 0 0 0 0 0 0 0 0 1 0 0 0 0 0 0 0 0 0 0 0 0 0 0 0 0 0 1 1 3 4 1 1 1 0 0 0 0 0 0 0 0 0 0 109 255 4 1 1 1 145 95 7 1 1 2 1 0 0 1 2 211 250 124 1 1 1 0 0 0 0 0 0 0 0 0 0 0 0 0 0 0 0 0 0 0 1 1 1 2 5 7 7 8 7 6 5 1 0 0 0 0 0 0 0 0 0 0 0 0 0 0 0 0 0 0 0 0 0 0 1 8 2 0 1 1 1 1 0 0 0 0 0 0 0 0 0 1 174 31 8 71 2 0 0 0 0 1 1 1 1 1 1 1 1 1 0 0 0 0 0 1 1 0 0 0 0 0 0 0 0 0 0 0 0 0 1 0 0 0 0 0 0 0 0 0 0 0 0 0 0 0 0 0 1 1 23 81 50 1 1 0 0 1 1 44 136 10 1 1 1 1 0 0 0 0 1 1 2 68 216 225 224 181 141 146 133 71 66 35 1 1 1 1 1 1 1 1 1 1 7 1 1 1 1 1 3 7 7 2 1 3 8 9 6 1 1 1 1 1 1 3 3 1 1 1 1 1 1 2 82 4 1 1 1 2 255 36 1 1 1 0 1 1 1 0 0 0 0 0 0 0 0 0 0 0 0 1 1 1 0 0 0 0 0 0 0 0 0 0 0 0 0 0 0 0 0 1 1 1 0 0 0 0 0 0 0 1 1 0 1 1 1 255 1 1 1 0 0 0 0 0 0 0 0 0 0 0 0 0 0 0 0 0 0 0 0 0 0 0 0 0 0 0 0 0 0 0 0 0 0 0 0 0 0 0 0 0 0 0 0 0 0 0 0 0 0 0 0 0 0 0 0 0 0 0 0 0 0 0 0 1 1 69 53 1 1 0
0 0 0 0 0 0 0 0 0 0 0 0 0 0 0 0 0 0 0 0 0 0 0 0 0 0 0 0 0 0 0 0 0 0 0 0 0 0 0 0 0 0 0 0 0 0 0 0 0 0 1 4 0 0 0 0 0 0 0 0 0 0 0 0 0 0 0 0 0 0 0 1 1 1 1 1 1 1 0 1 3 1 1 1 1 168 255 254 19 1 1 0 0 1 0 0 2 1 0 0 0 0 0 0 0 0 0 0 0 0 0 0 0 1 0 0 0 0 0 0 0 0 0 0 0 0 0 0 0 0 0 0 0 1 1 4 5 2 1 1 0 0 0 0 1 1 3 11 15 255 1 1 1 1 2 197 3 5 1 1 2 1 1 125 250 214 1 1 1 1 3 1 1 1 1 0 0 0 0 0 0 0 0 1 1 1 1 5 8 8 8 7 6 3 1 1 1 1 1 1 0 0 0 0 0 0 0 0 0 0 0 0 0 0 0 0 0 0 0 0 0 0 0 1 8 2 1 0 0 0 1 1 1 1 1 0 0 0 0 0 0 1 197 1 1 3 0 0 0 0 1 1 1 1 1 1 1 0 0 0 0 0 0 1 1 0 0 0 0 0 0 0 0 0 0 0 0 0 0 0 1 0 0 0 0 0 0 0 0 0 0 0 0 0 0 0 0 0 1 0 1 1 8 97 61 62 68 68 62 5 2 76 1 1 1 0 0 0 0 0 1 0 0 0 1 1 55 200 222 222 139 126 105 124 103 67 64 65 22 1 1 1 0 0 2 5 1 1 1 0 1 1 1 2 1 0 1 1 1 7 14 17 2 1 1 1 3 3 1 1 1 1 1 1 28 27 9 1 1 37 255 164 50 1 1 0 0 1 1 0 0 0 0 0 0 0 0 1 1 0 0 0 0 1 0 0 0 0 0 0 0 0 0 0 0 0 0 0 0 0 0 0 0 1 1 0 0 0 0 0 0 1 0 0 1 1 1 255 1 1 0 0 0 0 0 0 0 0 0 0 0 0 0 0 0 0 0 0 0 0 0 0 0 0 0 0 0 0 0 0 0 0 0 0 0 0 0 0 0 0 0 0 0 0 0 0 0 0 0 0 0 0 0 0 0 0 0 0 0 0 0 0 0 0 0 0 1 18 103 1 1 0
0 0 0 0 0 0 0 0 0 0 0 0 0 0 0 0 0 0 0 0 0 0 0 0 0 0 0 0 0 0 0 0 0 0 0 0 0 0 0 0 0 0 0 0 0 0 0 0 0 0 1 4 0 0 0 0 0 0 0 0 0 0 0 0 1 1 1 1 1 1 1 1 1 0 0 0 0 0 0 0 2 1 0 1 203 255 89 254 1 1 0 0 0 1 0 0 2 1 0 0 0 0 0 0 0 0 0 0 0 0 0 0 1 1 0 0 0 0 0 0 0 0 0 0 0 0 0 0 0 0 0 0 0 0 0 0 1 2 4 9 12 12 12 12 12 12 6 1 1 255 230 1 1 1 2 255 255 104 1 1 1 2 209 242 21 7 7 7 7 5 3 5 7 8 8 8 4 1 1 1 1 3 7 8 8 8 5 1 1 0 0 0 0 0 0 0 0 0 0 0 0 0 0 0 0 0 0 0 0 0 0 0 0 0 0 0 0 0 0 0 0 0 1 10 2 1 0 0 0 0 0 0 1 1 1 1 1 1 1 1 0 12 185 1 4 1 0 0 0 1 1 1 0 0 1 1 0 0 0 0 0 1 1 1 0 0 0 0 0 0 0 0 0 0 0 0 0 0 0 0 1 0 0 0 0 0 0 0 0 0 0 0 0 0 0 0 0 0 1 0 0 0 10 20 1 1 1 1 0 0 1 17 42 1 0 0 0 0 0 0 1 0 0 0 0 1 1 1 1 10 198 222 181 49 82 100 100 116 212 210 160 1 1 0 1 8 1 1 1 1 1 1 1 4 1 0 1 1 1 1 1 1 13 21 21 11 1 2 2 2 1 1 1 1 1 31 7 23 13 249 255 1 111 143 2 1 1 0 1 1 1 0 0 1 1 1 1 1 0 0 0 0 1 1 0 0 0 0 0 0 0 0 0 0 0 0 0 0 0 0 0 0 0 0 1 1 1 0 0 0 1 1 0 0 1 0 1 255 1 1 0 0 0 0 0 0 0 0 0 0 0 0 0 0 0 0 0 0 0 0 0 0 0 0 0 0 0 0 0 0 0 0 0 0 0 0 0 0 0 0 0 0 0 0 0 0 0 0 0 0 0 0 0 0 0 0 0 0 0 0 0 0 0 0 0 0 1 2 125 1 1 1
0 0 0 0 0 0 0 0 0 0 0 0 0 0 0 0 0 0 0 0 0 0 0 0 0 0 0 0 0 0 0 0 0 0 0 0 0 0 0 0 0 0 0 0 0 0 0 0 0 0 1 4 1 0 0 0 0 1 1 1 1 1 1 1 1 1 0 0 0 0 0 0 0 0 0 0 0 0 0 0 1 3 1 250 255 62 5 254 1 1 0 0 1 1 0 0 1 1 0 0 0 0 0 0 0 0 0 0 0 0 0 0 0 1 1 0 0 0 0 0 0 0 0 0 0 0 0 0 0 0 0 0 0 0 0 0 0 0 0 5 1 1 1 1 1 1 1 0 1 238 255 1 1 193 255 255 255 255 253 1 1 198 229 1 1 1 1 1 0 0 0 0 0 0 0 1 2 6 8 8 7 3 1 1 0 0 0 0 0 0 0 0 0 0 0 0 0 0 0 0 0 0 0 0 0 0 0 0 0 0 0 0 0 0 0 0 0 0 0 0 0 1 13 1 0 0 0 0 0 0 0 0 0 0 0 0 1 1 1 1 1 111 125 2 1 1 1 1 1 1 1 0 0 0 1 1 0 0 0 0 1 1 0 0 0 0 0 0 0 0 0 0 0 0 0 0 0 0 1 1 1 0 0 0 0 0 0 0 0 0 0 0 0 0 0 0 0 0 1 1 0 1 48 1 0 0 1 1 0 0 1 78 1 0 0 0 0 0 0 1 1 0 0 0 0 1 1 0 0 1 1 1 126 212 215 69 25 31 147 133 44 160 1 1 0 1 9 1 1 1 1 1 0 1 3 1 1 1 1 1 1 0 1 1 1 3 22 33 36 7 4 1 1 1 1 36 1 1 4 255 246 1 1 14 158 36 1 1 0 1 1 1 1 1 0 0 0 0 0 0 0 0 1 0 0 0 0 0 0 0 0 0 0 0 0 0 0 0 0 0 0 0 0 0 0 0 1 1 1 0 1 0 0 0 1 0 1 255 1 1 0 0 0 0 0 0 0 0 0 0 0 0 0 0 0 0 0 0 0 0 0 0 0 0 0 0 0 0 0 0 0 0 0 0 0 0 0 0 0 0 0 0 0 0 0 0 0 0 0 0 0 0 0 0 0 0 0 0 0 0 0 0 0 0 0 0 1 1 113 8 1 1
0 0 0 0 0 0 0 0 0 0 0 0 0 0 0 0 0 0 0 0 0 0 0 0 0 0 0 0 0 0 0 0 0 0 0 0 0 0 0 0 0 0 0 0 0 0 0 0 0 0 0 1 3 1 1 1 1 1 1 0 0 0 0 0 0 0 0 0 0 0 0 0 0 0 0 0 0 0 0 0 1 4 255 255 6 34 237 244 1 1 0 0 1 0 0 0 1 1 0 0 0 0 0 0 0 0 0 0 0 0 0 0 0 0 1 0 0 0 0 0 0 0 0 0 0 0 0 0 0 0 0 0 0 0 0 0 0 0 1 4 1 0 0 0 0 0 0 0 1 1 255 255 255 255 234 1 1 22 255 83 237 232 1 0 0 0 0 0 0 0 0 0 0 0 0 0 0 0 0 0 0 0 0 0 0 0 0 0 0 0 0 0 0 0 0 0 0 0 0 0 0 0 0 0 0 0 0 0 0 0 0 0 0 0 0 0 0 0 0 1 4 11 1 0 0 0 0 0 0 0 0 0 0 0 0 0 0 0 0 0 0 139 91 4 1 1 1 1 1 1 1 1 1 1 1 1 0 0 1 1 1 0 0 0 0 0 0 0 0 0 0 0 0 0 0 0 0 0 1 1 0 0 0 0 0 0 0 0 0 0 0 0 0 0 0 0 0 0 0 1 1 1 45 0 0 1 1 1 1 1 56 8 0 0 0 0 0 1 1 1 0 0 0 0 0 1 1 0 0 0 0 1 1 1 12 205 184 129 69 18 110 171 21 1 1 0 1 8 5 1 1 1 1 1 7 1 1 1 1 1 1 1 0 1 1 1 1 1 1 32 35 3 1 1 1 25 2 1 1 255 133 1 1 1 1 122 106 1 1 1 1 0 1 1 0 0 0 0 0 0 0 0 1 0 0 0 0 0 0 0 0 0 0 0 0 0 0 0 0 0 0 0 0 0 0 0 0 0 1 1 1 0 0 0 1 0 1 255 1 1 0 0 0 0 0 0 0 0 0 0 0 0 0 0 0 0 0 0 0 0 0 0 0 0 0 0 0 0 0 0 0 0 0 0 0 0 0 0 0 0 0 0 0 0 0 0 0 0 0 0 0 0 0 0 0 0 0 0 0 0 0 0 0 0 0 0 1 1 101 19 1 1
0 0 0 0 0 0 0 0 0 0 0 0 0 0 0 0 0 0 0 0 0 0 0 0 0 0 0 0 0 0 0 0 0 0 0 0 0 0 0 0 0 0 0 0 0 0 0 0 0 0 0 1 4 0 0 0 0 0 0 0 0 0 0 0 0 0 0 0 0 0 0 0 0 0 0 0 0 0 1 1 217 255 255 254 255 254 252 1 1 0 0 0 1 0 0 0 2 1 0 0 0 0 0 0 0 0 0 0 0 0 0 0 0 0 1 0 0 0 0 0 0 0 0 0 0 0 0 0 0 0 0 0 0 0 0 0 0 0 0 1 4 0 0 0 0 0 0 0 1 1 253 251 55 1 1 1 1 1 250 255 211 1 1 1 0 0 0 0 0 0 0 0 0 0 0 0 0 0 0 0 0 0 0 0 0 0 0 0 0 0 0 0 0 0 0 0 0 0 0 0 0 0 0 0 0 0 0 0 0 0 0 0 0 0 0 0 0 0 1 11 4 1 0 0 0 0 0 0 0 0 0 0 0 0 0 0 0 0 0 0 1 149 81 3 1 1 1 1 0 0 0 0 0 0 0 0 0 1 1 0 0 0 0 0 0 0 0 0 0 0 0 0 0 0 0 0 0 0 1 0 0 0 0 0 0 0 0 0 0 0 0 0 0 0 0 0 0 0 0 0 1 1 40 0 1 1 0 1 1 25 32 1 0 0 0 0 1 1 1 0 0 0 0 0 1 1 0 0 0 0 0 0 0 0 1 1 87 204 162 146 16 124 191 1 1 1 0 1 2 17 3 3 3 3 1 13 1 1 1 1 1 0 0 0 1 1 1 1 1 1 2 38 3 1 1 12 9 1 1 255 147 1 1 1 1 1 67 150 6 1 1 1 1 1 1 1 0 0 0 0 0 1 1 0 0 0 0 0 0 0 0 0 0 0 0 0 0 0 0 0 0 0 0 0 0 0 0 0 0 0 0 0 0 0 1 0 1 255 1 1 0 0 0 0 0 0 0 0 0 0 0 0 0 0 0 0 0 0 0 0 0 0 0 0 0 0 0 0 0 0 0 0 0 0 0 0 0 0 0 0 0 0 0 0 0 0 0 0 0 0 0 0 0 0 0 0 0 0 0 0 0 0 0 0 0 0 1 1 97 22 1 1
0 0 0 0 0 0 0 0 0 0 0 0 0 0 0 0 0 0 0 0 0 0 0 0 0 0 0 0 0 0 0 0 0 0 0 0 0 0 0 0 0 0 0 0 0 0 0 0 0 0 0 1 3 1 0 0 0 0 0 0 0 0 0 0 0 0 0 0 0 0 0 0 0 0 0 0 0 1 1 255 255 255 252 118 44 1 1 0 0 0 0 1 1 0 0 0 2 1 0 0 0 0 0 0 0 0 0 0 0 0 0 0 0 0 0 0 0 0 0 0 0 0 0 0 0 0 0 0 0 0 0 0 0 0 0 0 0 0 1 1 5 0 0 0 0 0 0 0 1 1 227 1 1 1 1 1 1 1 1 250 255 255 4 1 1 0 0 0 0 0 0 0 0 0 0 0 0 0 0 0 0 0 0 0 0 0 0 0 0 0 0 0 0 0 0 0 0 0 0 0 0 0 0 0 0 0 0 0 0 0 0 0 0 0 0 0 0 4 13 1 0 0 0 0 0 0 0 0 0 0 0 0 0 0 0 0 0 0 0 0 1 153 82 1 1 0 1 1 0 0 0 0 0 0 0 1 1 0 0 0 0 0 0 0 0 0 0 0 0 0 0 0 0 0 0 0 0 0 1 0 0 0 0 0 0 0 0 0 0 0 0 0 0 0 0 0 0 0 0 0 0 1 45 1 1 1 0 1 2 80 1 0 0 0 0 1 1 0 0 0 0 0 0 0 1 1 0 0 0 0 0 0 0 0 0 0 1 1 1 2 137 135 160 174 1 1 1 3 1 5 1 1 1 1 1 8 1 1 1 1 1 1 1 1 1 1 0 1 1 1 1 1 41 3 1 4 19 1 1 255 251 1 1 0 1 3 1 3 142 58 1 1 1 1 0 1 1 0 0 0 0 1 0 0 0 0 0 0 0 0 0 0 0 0 0 0 0 0 0 0 0 0 0 0 0 0 0 0 0 0 0 0 0 0 1 0 1 255 1 1 0 0 0 0 0 0 0 0 0 0 0 0 0 0 0 0 0 0 0 0 0 0 0 0 0 0 0 0 0 0 0 0 0 0 0 0 0 0 0 0 0 0 0 0 0 0 0 0 0 0 0 0 0 0 0 0 0 0 0 0 0 0 0 0 0 0 1 1 89 30 1 1
0 0 0 0 0 0 0 0 0 0 0 0 0 0 0 0 0 0 0 0 0 0 0 0 0 0 0 0 0 0 0 0 0 0 0 0 0 0 0 0 0 0 0 0 0 0 0 0 0 0 0 0 1 4 0 0 0 0 0 0 0 0 0 0 0 0 0 0 0 0 0 0 0 0 0 1 1 254 255 255 216 1 1 45 1 0 0 0 0 0 0 1 0 0 0 1 2 0 0 0 0 0 0 0 0 0 0 0 0 0 0 0 0 0 0 0 0 0 0 0 1 1 1 1 1 2 1 1 1 0 0 0 3 5 5 5 5 5 5 5 1 0 0 0 0 0 0 0 1 1 230 1 1 1 1 0 0 0 0 1 1 255 255 255 1 1 0 0 0 0 0 0 0 0 0 0 0 0 0 0 0 0 0 0 0 0 0 0 0 0 0 0 0 0 0 0 0 0 0 0 0 0 0 0 0 0 0 0 0 0 0 0 0 0 0 1 7 4 1 0 0 0 0 0 0 0 0 0 0 0 0 0 0 0 0 0 0 0 0 0 1 147 96 1 1 0 1 1 0 0 0 0 0 0 1 1 0 0 0 0 0 0 0 0 0 0 0 0 0 0 0 0 0 0 0 0 0 0 1 0 0 0 0 0 0 0 0 0 0 0 0 0 0 0 0 0 0 0 0 0 0 1 1 42 24 1 1 1 41 44 1 0 0 0 1 1 0 0 0 0 0 0 0 0 2 1 0 0 0 0 0 0 0 0 0 0 1 1 1 1 1 12 152 159 185 27 5 2 5 1 1 1 0 1 1 1 14 2 3 3 1 1 1 0 0 1 1 1 1 1 1 1 1 44 3 3 33 1 1 216 255 1 1 0 1 3 1 1 1 99 109 1 1 1 0 0 1 1 0 0 0 1 0 0 0 0 0 0 0 0 0 0 0 0 0 0 0 0 0 0 0 0 0 0 0 0 0 0 0 0 0 0 0 0 1 0 1 255 1 1 1 0 0 0 0 0 0 0 0 0 0 0 0 0 0 0 0 0 0 0 0 0 0 0 0 0 0 0 0 0 0 0 0 0 0 0 0 0 0 0 0 0 0 0 0 0 0 0 0 0 0 0 0 0 0 0 0 0 0 0 0 0 0 0 0 0 1 1 45 75 1 1
0 0 0 0 0 0 0 0 0 0 0 0 0 0 0 0 0 0 0 0 0 0 0 0 0 0 0 0 0 0 0 0 0 0 0 0 0 0 0 0 0 0 0 0 0 0 0 0 0 0 0 0 1 5 0 0 0 0 0 0 0 0 0 0 0 0 0 0 0 0 0 1 1 1 4 255 255 255 176 1 1 0 3 35 0 0 0 0 0 0 0 1 0 0 0 2 1 0 0 0 0 0 0 0 0 0 0 0 0 0 1 2 2 2 2 2 2 2 2 2 2 1 1 1 0 0 1 1 1 1 1 3 1 0 0 0 0 0 0 0 0 0 0 0 0 1 1 1 1 1 227 1 0 0 0 0 0 0 0 0 0 1 6 255 255 250 1 1 0 0 0 0 0 0 0 0 0 0 0 0 0 0 0 0 0 0 0 0 0 0 0 0 0 0 0 0 0 0 0 0 0 0 0 0 0 0 0 0 0 0 0 0 0 0 0 6 3 1 0 0 0 0 0 0 0 0 0 0 0 0 0 0 0 0 0 0 0 0 0 0 1 139 92 1 0 1 1 1 0 0 0 1 1 1 1 0 0 0 0 0 0 0 0 0 0 0 0 0 0 0 0 0 0 0 0 0 0 0 0 0 0 0 0 0 0 0 0 0 0 0 0 0 0 0 0 0 0 0 0 0 0 0 0 1 6 31 1 19 5 42 1 1 0 0 1 0 0 0 0 0 0 0 0 1 2 1 0 0 0 0 0 0 0 0 0 1 1 0 1 1 1 1 7 161 105 163 161 1 0 1 1 1 1 1 1 1 21 2 1 6 12 12 5 1 1 1 1 0 0 0 1 1 1 1 46 3 48 1 1 7 255 1 1 0 2 1 1 1 1 11 27 104 33 1 1 1 0 1 1 0 1 1 0 0 0 0 0 0 0 0 0 0 0 0 0 0 0 0 0 0 0 0 0 0 0 0 0 0 0 0 0 0 0 0 1 1 1 255 1 1 1 0 0 0 0 0 0 0 0 0 0 0 0 0 0 0 0 0 0 0 0 0 0 0 0 0 0 0 0 0 0 0 0 0 0 0 0 0 0 0 0 0 0 0 0 0 0 0 0 0 0 0 0 0 0 0 0 0 0 0 0 0 0 0 0 0 1 1 4 119 1 1
0 0 0 0 0 0 0 0 0 0 0 0 0 0 0 0 0 0 0 0 0 0 0 0 0 0 0 0 0 0 0 0 0 0 0 0 0 0 0 0 0 0 0 0 0 0 0 0 0 0 0 0 0 4 1 0 0 0 0 0 0 0 0 0 0 0 0 0 1 1 1 130 255 255 255 255 62 1 1 0 0 0 26 5 0 0 0 0 0 0 1 1 0 0 1 1 0 0 0 0 0 0 0 0 0 0 0 1 1 2 1 1 0 0 0 0 0 0 0 0 0 0 0 0 0 0 0 0 0 1 1 7 0 0 0 0 0 0 0 0 0 0 1 1 1 1 0 0 0 1 190 122 1 0 0 0 0 0 0 0 0 1 1 1 120 255 255 158 1 0 0 0 0 0 0 0 0 0 0 0 0 0 0 0 0 0 0 0 0 0 0 0 0 0 0 0 0 0 0 0 0 0 0 0 0 0 0 0 0 0 0 0 0 0 2 8 1 0 0 0 0 0 0 0 0 0 0 0 0 0 0 0 0 0 0 0 0 0 0 0 0 117 115 1 0 0 1 0 0 1 1 1 0 0 0 0 0 0 0 0 0 0 0 0 0 0 0 0 0 0 0 0 0 0 0 0 0 0 0 0 0 0 0 0 0 0 0 0 0 0 0 0 0 0 0 0 0 0 0 0 0 0 0 0 1 35 6 27 1 42 1 1 0 0 1 1 1 1 1 1 1 0 0 1 1 0 0 0 0 0 0 0 0 0 0 1 0 0 0 0 1 1 1 50 174 23 40 184 14 1 0 1 1 1 1 30 30 4 1 1 1 1 2 8 12 15 14 9 1 1 1 0 0 0 1 46 39 4 1 2 255 2 1 1 3 1 1 1 1 24 2 1 54 94 2 1 1 0 1 1 1 0 0 0 0 0 0 0 0 0 0 0 0 0 0 0 0 0 0 0 0 0 0 0 0 0 0 0 0 0 0 0 0 0 0 1 1 255 1 1 1 0 0 0 0 0 0 0 0 0 0 0 0 0 0 0 0 0 0 0 0 0 0 0 0 0 0 0 0 0 0 0 0 0 0 0 0 0 0 0 0 0 0 0 0 0 0 0 0 0 0 0 0 0 0 0 0 0 0 0 0 0 0 0 0 0 1 1 1 123 3 1
0 0 0 0 0 0 0 0 0 0 0 0 0 0 0 0 0 0 0 0 0 0 0 0 0 0 0 0 0 0 0 0 0 0 0 0 0 0 0 0 0 0 0 0 0 0 0 0 0 0 0 0 0 1 4 0 0 0 0 0 0 0 0 0 0 1 1 2 252 255 255 255 255 7 1 1 1 0 0 0 0 1 48 0 0 0 0 0 0 0 1 0 0 1 2 1 0 0 0 0 0 0 0 0 0 0 1 2 1 0 0 0 0 0 0 0 0 0 0 0 0 0 0 0 0 0 0 0 0 0 4 1 0 0 0 0 0 0 0 0 1 1 1 0 0 0 0 0 0 0 2 227 1 0 0 0 0 0 0 0 0 1 1 1 2 1 236 255 255 1 1 0 0 0 0 0 0 0 0 0 0 0 0 0 0 0 0 0 0 0 0 0 0 0 0 0 0 0 0 0 0 0 0 0 0 0 0 0 0 0 0 0 0 2 11 1 0 0 0 0 0 0 0 0 0 0 0 0 0 0 0 0 0 0 0 0 0 0 0 0 0 31 174 1 0 0 0 0 1 1 0 0 0 0 0 0 0 0 0 0 0 0 0 0 0 0 0 0 0 0 0 0 0 0 0 0 0 0 0 0 0 0 0 0 0 0 0 0 0 0 0 0 0 0 0 0 0 0 0 0 0 0 0 0 1 9 80 1 0 40 1 1 0 0 1 1 1 0 1 1 1 1 1 1 1 0 0 0 0 0 0 0 0 0 1 1 0 0 0 0 0 1 1 1 145 134 1 1 170 83 1 1 0 2 43 2 1 1 1 1 1 1 0 0 1 1 1 1 8 14 16 17 13 2 1 2 45 49 1 1 255 4 1 1 3 1 1 1 1 30 1 1 1 3 101 35 1 1 1 1 1 0 0 0 0 0 0 0 0 0 0 0 0 0 0 0 0 0 0 0 0 0 0 0 0 0 0 0 0 0 0 0 0 0 0 1 1 255 1 1 1 1 0 0 0 0 0 0 0 0 0 0 0 0 0 0 0 0 0 0 0 0 0 0 0 0 0 0 0 0 0 0 0 0 0 0 0 0 0 0 0 0 0 0 0 0 0 0 0 0 0 0 0 0 0 0 0 0 0 0 0 0 0 0 0 0 1 1 1 109 9 1
0 0 0 0 0 0 0 0 0 0 0 0 0 0 0 0 0 0 0 0 0 0 0 0 0 0 0 0 0 0 0 0 0 0 0 0 0 0 0 0 0 0 0 0 0 0 0 0 0 0 0 0 0 1 5 0 0 0 0 0 0 1 1 1 95 255 255 255 255 221 1 1 1 1 0 0 0 0 0 0 0 7 21 0 0 0 0 0 0 0 1 0 0 1 1 0 0 0 0 0 0 0 0 0 0 0 1 1 0 0 0 0 0 0 0 0 1 1 0 0 0 0 0 0 0 0 0 0 0 1 5 0 0 0 0 0 0 0 1 1 1 0 0 0 0 0 0 0 0 0 1 94 203 1 0 0 0 0 0 0 0 0 1 1 1 0 1 1 255 255 2 0 0 0 0 0 0 0 0 0 0 0 0 0 0 0 0 0 0 0 0 0 0 0 0 0 0 0 0 0 0 0 0 0 0 0 0 0 0 0 1 1 13 9 1 0 0 0 0 0 0 0 0 0 0 0 0 0 0 0 0 0 0 0 0 0 0 0 0 0 0 2 196 1 0 0 0 1 1 0 0 0 0 0 0 0 0 0 0 0 0 0 0 0 0 0 0 0 0 0 0 0 0 0 0 0 0 0 0 0 0 0 0 0 0 0 0 0 0 0 0 0 0 0 0 0 0 0 0 0 0 0 0 0 1 74 4 0 1 13 9 1 1 1 1 1 1 0 0 0 0 1 1 2 1 0 0 0 0 0 0 0 0 0 1 0 0 0 0 0 0 0 1 1 2 193 42 1 1 121 168 3 1 46 1 1 1 1 1 1 1 0 0 1 1 0 0 0 0 1 1 1 1 7 16 19 73 17 45 3 255 2 1 3 1 1 1 1 1 22 5 2 1 1 1 47 66 1 1 1 1 1 0 0 0 0 0 0 0 0 0 0 0 0 0 0 0 0 0 0 0 0 0 0 0 0 0 0 0 0 0 0 0 0 0 1 1 255 1 1 1 0 0 0 0 0 0 0 0 0 0 0 0 0 0 0 0 0 0 0 0 0 0 0 0 0 0 0 0 0 0 0 0 0 0 0 0 0 0 0 0 0 0 0 0 0 0 0 0 0 0 0 0 0 0 0 0 0 0 0 0 0 0 0 0 0 1 1 1 98 18 1
0 0 0 0 0 0 0 0 0 0 0 0 0 0 0 0 0 0 0 0 0 0 0 0 0 0 0 0 0 0 0 0 0 0 0 0 0 0 0 0 0 0 0 0 0 0 0 0 0 0 0 0 0 1 5 0 0 0 0 1 1 132 255 255 255 255 24 1 1 1 1 0 0 0 0 0 0 0 0 0 0 38 2 0 0 0 0 0 0 1 1 0 1 2 1 0 0 0 0 0 0 0 0 0 0 1 1 0 0 0 0 0 0 0 0 0 0 1 0 1 1 1 1 1 0 0 0 0 1 7 1 0 0 0 0 0 1 1 1 0 0 0 0 0 0 0 0 0 0 0 1 11 190 88 1 0 0 0 0 0 0 0 0 1 2 2 2 1 1 255 255 1 0 0 0 0 0 0 0 0 0 0 0 0 0 0 0 0 0 0 0 0 0 0 0 0 0 0 0 0 0 0 0 0 0 0 0 0 1 2 13 10 1 1 0 0 0 0 0 0 0 0 0 0 0 0 0 0 0 0 0 0 0 0 0 0 0 0 0 0 0 1 197 1 0 0 1 1 0 0 0 0 0 0 0 0 0 0 0 0 0 0 0 0 0 0 0 0 0 0 0 0 0 0 0 0 0 0 0 0 0 0 0 0 0 0 0 0 0 0 0 0 0 0 0 0 0 0 0 0 0 0 0 0 1 93 1 0 1 2 32 1 1 1 1 0 0 0 0 0 0 0 1 1 0 0 0 0 0 0 0 0 0 1 1 0 0 0 0 0 0 0 0 1 1 143 137 1 1 1 14 184 171 22 1 1 0 0 1 1 0 0 1 1 1 0 0 1 1 1 1 0 0 0 1 1 1 92 4 97 255 1 1 4 1 1 1 1 1 14 3 1 1 1 4 1 19 86 1 1 1 1 1 0 0 0 0 0 0 0 0 0 0 0 0 0 0 0 0 0 0 0 0 0 0 0 0 0 0 0 0 0 0 0 0 1 1 255 1 1 1 0 0 0 0 0 0 0 0 0 0 0 0 0 0 0 0 0 0 0 0 0 0 0 0 0 0 0 0 0 0 0 0 0 0 0 0 0 0 0 0 0 0 0 0 0 0 0 0 0 0 0 0 0 0 0 0 0 0 0 0 0 0 0 0 0 0 1 1 94 21 1
0 0 0 0 0 0 0 0 0 0 0 0 0 0 0 0 0 0 0 0 0 0 0 0 0 0 0 0 0 0 0 0 0 0 0 0 0 0 0 0 0 0 0 0 0 0 0 0 0 0 0 0 0 1 3 0 0 0 1 1 255 255 252 1 1 0 0 1 1 0 0 0 0 0 0 0 0 0 0 0 1 47 0 0 0 0 0 0 0 1 0 0 1 2 0 0 0 0 0 0 0 0 0 0 0 1 1 0 0 0 0 0 0 0 0 0 0 1 1 1 0 0 0 1 1 1 0 0 5 1 0 0 0 0 0 1 1 0 0 0 0 0 0 0 0 0 0 0 0 0 0 5 3 224 1 1 0 0 0 0 0 0 0 0 0 1 1 1 2 1 255 255 1 0 0 0 0 0 0 0 0 0 0 0 0 0 0 0 0 0 0 0 0 0 0 0 0 0 0 0 0 0 0 0 0 0 1 1 11 8 1 0 0 0 0 0 0 0 0 0 0 0 0 0 0 0 0 0 0 0 0 0 0 0 0 0 0 0 0 0 0 1 198 1 0 1 1 0 0 0 0 0 0 0 0 0 0 0 0 0 0 0 0 0 0 0 0 0 0 0 0 0 0 0 0 0 0 0 0 0 0 0 0 0 0 0 0 0 0 0 0 0 0 0 0 0 0 0 0 0 0 0 0 0 42 22 0 0 1 1 39 1 0 0 0 0 0 0 0 0 0 0 1 1 0 0 0 0 0 0 0 0 1 1 0 0 0 0 0 0 0 0 0 0 1 2 199 29 1 1 1 1 43 184 128 1 1 0 1 1 1 1 1 1 1 1 1 1 1 0 0 0 0 0 1 1 1 74 12 253 253 15 1 1 1 0 1 1 1 8 10 1 1 1 3 1 1 6 97 3 1 1 1 1 1 0 0 0 0 0 0 0 0 0 0 0 0 0 0 0 0 0 0 0 0 0 0 0 0 0 0 0 0 0 0 1 1 255 2 1 1 0 0 0 0 0 0 0 0 0 0 0 0 0 0 0 0 0 0 0 0 0 0 0 0 0 0 0 0 0 0 0 0 0 0 0 0 0 0 0 0 0 0 0 0 0 0 0 0 0 0 0 0 0 0 0 0 0 0 0 0 0 0 0 0 0 0 1 1 77 37 2
0 0 0 0 0 0 0 0 0 0 0 0 0 0 0 0 0 0 0 0 0 0 0 0 0 0 0 0 0 0 0 0 0 0 0 0 0 0 0 0 0 0 0 0 0 0 0 0 0 0 0 0 0 5 1 0 0 1 101 255 255 1 1 0 0 1 1 1 0 0 0 0 0 0 0 0 0 0 0 0 7 20 0 0 0 0 0 0 0 1 0 0 1 1 0 0 0 0 0 0 0 0 0 0 0 1 1 0 0 0 0 0 0 0 0 0 0 0 0 0 0 0 0 0 0 1 1 3 2 0 0 0 0 1 1 0 0 0 0 0 0 0 0 0 0 0 0 0 0 0 0 1 10 68 198 1 1 0 0 0 0 0 0 0 0 0 1 0 0 1 2 255 255 1 0 0 0 0 0 0 0 0 0 0 0 0 0 0 0 0 0 0 0 0 0 0 0 0 0 0 0 0 0 0 0 1 3 13 1 0 0 0 0 0 0 0 0 0 0 0 0 0 0 0 0 0 0 0 0 0 0 0 0 0 0 0 0 0 0 0 0 1 197 1 1 1 0 0 0 0 0 0 0 0 0 0 0 0 0 0 0 0 0 0 0 0 0 0 0 0 0 0 0 0 0 0 0 0 0 0 0 0 0 0 0 0 0 0 0 0 0 0 0 0 0 0 0 0 0 0 0 0 0 1 93 1 0 0 0 1 40 1 1 0 0 0 0 0 0 0 0 0 1 1 1 0 0 0 0 0 0 0 1 1 0 0 0 0 0 0 0 0 0 0 1 1 149 129 1 1 0 0 1 1 77 185 39 1 1 0 1 1 1 1 1 1 1 0 0 1 1 1 1 1 1 1 1 2 253 255 69 41 3 1 1 0 1 1 1 1 23 1 0 1 3 1 1 1 1 90 15 1 1 1 1 1 0 0 0 0 0 0 0 0 0 0 0 0 0 0 0 0 0 0 0 0 0 0 0 0 0 0 0 0 0 1 1 255 5 1 1 1 0 0 0 0 0 1 0 0 0 0 0 0 0 0 0 0 0 0 0 0 0 0 0 0 0 0 0 0 0 0 0 0 0 0 0 0 0 0 0 0 0 0 0 0 0 0 0 0 0 0 0 0 0 0 0 0 0 0 0 0 0 0 0 0 0 1 1 22 90 4
0 0 0 0 0 0 0 0 0 0 0 0 0 0 0 0 0 0 0 0 0 0 0 0 0 0 0 0 0 0 0 0 0 0 0 0 0 0 0 0 0 0 0 0 0 0 0 0 0 0 0 0 1 5 0 0 1 58 255 225 1 0 0 0 1 1 0 0 0 0 0 0 0 0 0 0 0 0 0 0 30 4 0 0 0 0 0 0 1 1 0 0 2 1 0 0 0 0 0 0 0 0 0 0 0 1 1 0 0 0 0 0 0 0 0 0 0 0 0 0 0 0 0 0 0 0 2 3 1 0 0 1 1 1 0 0 0 0 0 0 0 0 0 0 0 0 0 0 0 0 0 0 1 9 176 122 1 1 0 0 0 0 0 0 0 0 1 1 0 0 1 113 255 92 1 0 0 0 0 0 0 0 0 0 0 0 0 0 0 0 0 0 0 0 0 0 0 0 0 0 0 0 0 0 1 7 5 1 0 0 0 0 0 0 0 0 0 0 0 0 0 0 0 0 0 0 0 0 0 0 0 0 0 0 0 0 0 0 0 0 0 1 197 1 1 0 0 0 0 0 0 0 0 0 0 0 0 0 0 0 0 0 0 0 0 0 0 0 0 0 0 0 0 0 0 0 0 0 0 0 0 0 0 0 0 0 0 0 0 0 0 0 0 0 0 0 0 0 0 0 0 0 0 41 23 1 1 0 0 1 41 1 1 1 0 0 0 0 1 1 1 1 1 1 1 0 0 0 0 0 0 1 1 0 0 0 0 0 0 0 0 0 0 0 0 1 5 203 14 1 1 0 1 1 1 1 154 112 1 0 1 1 0 0 1 1 0 0 0 1 1 1 1 1 1 1 1 185 255 253 16 42 3 1 1 1 1 1 1 1 26 1 1 2 2 2 2 1 1 1 73 30 1 1 1 1 1 1 0 0 0 0 0 0 0 0 0 0 0 0 0 0 0 0 0 0 0 0 0 0 0 0 0 0 0 1 1 255 14 1 1 1 0 0 0 0 0 1 0 0 0 0 0 0 0 0 0 0 0 0 0 0 0 0 0 0 0 0 0 0 0 0 0 0 0 0 0 0 0 0 0 0 0 0 0 0 0 0 0 0 0 0 0 0 0 0 0 0 0 0 0 0 0 0 0 0 1 1 1 2 123 5
0 0 0 0 0 0 0 0 0 0 0 0 0 0 0 0 0 0 0 0 0 0 0 0 0 0 0 0 0 0 0 0 0 0 0 0 0 0 0 0 0 0 0 0 0 0 0 0 0 0 0 0 1 5 0 1 1 255 237 1 0 0 0 1 1 0 0 0 0 0 0 0 0 0 0 0 0 0 0 1 49 1 0 0 0 0 0 0 1 0 0 1 2 0 0 0 0 0 0 0 0 0 0 0 0 1 1 0 0 0 0 0 0 0 0 0 0 0 0 0 0 0 0 0 1 3 3 1 0 0 1 1 0 0 0 0 0 0 0 0 0 0 0 0 0 0 0 0 0 0 0 0 0 8 1 182 189 2 1 0 0 0 0 0 0 0 0 1 1 1 1 1 241 255 1 0 0 0 0 0 0 0 0 0 0 0 0 0 0 0 0 0 0 0 0 0 0 0 0 0 0 0 0 0 5 3 0 0 0 0 0 0 0 0 0 0 0 0 0 0 0 0 0 0 0 0 0 0 0 0 0 0 0 0 0 0 0 0 0 0 0 1 199 1 1 0 0 0 0 0 0 0 0 0 0 0 0 0 0 0 0 0 0 0 0 0 0 0 0 0 0 0 0 0 0 0 0 0 0 0 0 0 0 0 0 0 0 0 0 0 0 0 0 0 0 0 0 0 0 0 0 0 1 93 1 1 1 1 0 1 41 1 1 1 1 1 1 1 1 0 1 1 1 1 1 0 0 0 0 0 1 1 0 0 0 0 0 0 0 0 0 0 0 0 0 0 1 156 122 1 1 0 1 0 0 1 1 94 127 1 1 1 0 0 1 1 0 0 0 0 1 1 1 1 1 1 59 255 248 186 167 67 4 5 2 1 1 1 1 1 23 1 1 2 1 1 1 1 2 3 2 50 59 1 1 1 1 1 1 1 1 0 0 0 0 0 0 0 0 0 0 0 0 0 0 0 0 0 0 0 0 0 0 0 0 0 1 255 64 1 1 1 0 0 0 0 0 1 1 1 0 0 0 0 0 0 0 0 0 0 0 0 0 0 0 0 0 0 0 0 0 0 0 0 0 0 0 0 0 0 0 0 0 0 0 0 0 0 0 0 0 0 0 0 0 0 0 0 0 0 0 0 0 0 0 0 1 1 1 1 121 12
0 0 0 0 0 0 0 0 0 0 0 0 0 0 0 0 0 0 0 0 0 0 0 0 0 0 0 0 0 0 0 0 0 0 0 0 0 0 0 0 0 0 0 0 0 0 0 0 0 0 0 0 1 5 0 1 255 255 1 0 0 1 1 0 0 0 0 0 0 0 0 0 0 0 0 0 0 0 0 2 35 0 0 0 0 0 0 0 1 0 0 1 2 0 0 0 0 0 0 0 0 0 0 0 0 2 0 0 0 0 0 0 0 0 0 0 0 0 0 0 0 0 0 1 5 2 0 0 0 0 1 0 0 0 0 0 0 0 0 0 0 0 0 0 0 0 0 0 0 0 0 0 0 1 10 1 92 223 192 2 1 0 0 0 0 0 0 0 0 0 0 0 1 255 255 1 0 0 0 0 0 0 0 0 0 0 0 0 0 0 0 0 0 0 0 0 0 0 0 0 0 0 0 1 11 1 0 0 0 0 0 0 0 0 0 0 0 0 0 0 0 0 0 0 0 0 0 0 0 0 0 0 0 0 0 0 0 0 0 0 0 1 197 1 0 0 0 0 0 0 0 0 0 0 0 0 0 0 0 0 0 0 0 0 0 0 0 0 0 0 0 0 0 0 0 0 0 0 0 0 0 0 0 0 0 0 0 0 0 0 0 0 0 0 0 0 0 0 0 0 0 0 39 26 1 1 1 1 0 1 41 1 1 1 1 1 1 1 1 0 1 1 1 1 1 0 0 0 0 0 1 1 0 0 0 0 0 0 0 0 0 0 0 0 0 0 1 20 201 3 1 1 1 1 1 1 1 1 90 115 1 0 0 0 1 1 0 0 0 1 1 1 1 1 1 235 255 209 1 1 32 169 1 1 2 1 1 1 1 16 3 1 1 2 1 0 0 1 1 3 1 1 25 100 73 7 1 1 1 1 1 1 1 0 0 0 0 0 0 0 0 0 0 0 0 0 0 0 0 0 0 0 0 0 0 0 1 255 243 1 1 1 1 0 0 0 0 0 0 1 1 0 0 0 0 0 0 0 0 0 0 0 0 0 0 0 0 0 0 0 0 0 0 0 0 0 0 0 0 0 0 0 0 0 0 0 0 0 0 0 0 0 0 0 0 0 0 0 0 0 0 0 0 0 0 0 1 1 1 1 99 28
0 0 0 0 0 0 0 0 0 0 0 0 0 0 0 0 0 0 0 0 0 0 0 0 0 0 0 0 0 0 0 0 0 0 0 0 0 0 0 0 0 0 0 0 0 0 0 0 0 0 0 0 3 2 1 212 255 1 0 0 1 1 0 0 0 0 0 0 0 0 0 0 0 0 0 0 0 0 0 8 19 0 0 0 0 0 0 0 1 0 0 1 1 0 0 0 0 0 0 0 0 0 0 0 1 1 0 0 0 0 0 0 0 0 0 0 0 0 0 0 0 0 1 6 1 0 0 0 0 0 0 0 0 0 0 0 0 0 0 0 0 0 0 0 0 0 0 0 0 0 0 0 0 0 6 2 1 1 85 221 161 1 0 0 0 0 0 0 0 0 0 0 0 1 255 78 1 0 0 0 0 0 0 0 0 0 0 0 0 0 0 0 0 0 0 0 0 0 0 0 0 0 1 13 1 0 0 0 0 0 0 0 0 0 0 0 0 0 0 0 0 0 0 0 0 0 0 0 0 0 0 0 0 0 0 0 0 0 0 0 0 1 197 1 0 0 0 0 0 0 0 0 0 0 0 0 0 0 0 0 0 0 0 0 0 0 0 0 0 0 0 0 0 0 0 0 0 0 0 0 0 0 0 0 0 0 0 0 0 0 0 0 0 0 0 0 0 0 0 0 0 1 92 1 0 0 1 1 1 1 40 1 0 1 1 1 1 1 0 1 1 1 1 1 0 0 0 0 0 1 1 0 0 0 0 0 0 0 0 0 0 0 0 0 0 0 0 1 159 115 1 1 1 1 1 1 1 1 1 119 85 1 0 1 1 1 1 0 1 1 1 1 1 2 253 255 9 1 1 1 162 35 1 1 1 4 1 1 1 25 1 1 1 2 1 1 1 1 16 16 15 4 1 1 14 82 102 90 22 1 1 1 1 1 1 0 0 0 0 0 0 0 0 0 0 0 0 0 0 0 0 0 0 0 0 0 1 215 255 2 1 1 1 0 0 0 0 0 0 0 1 1 0 0 0 0 0 0 0 0 0 0 0 0 0 0 0 0 0 0 0 0 0 0 0 0 0 0 0 0 0 0 0 0 0 0 0 0 0 0 0 0 0 0 0 0 0 0 0 0 0 0 0 0 0 0 0 0 1 1 90 37
0 0 0 0 0 0 0 0 0 0 0 0 0 0 0 0 0 0 0 0 0 0 0 0 0 0 0 0 0 0 0 0 0 0 0 0 0 0 0 0 0 0 0 0 0 0 0 0 0 0 0 0 5 1 1 255 196 1 1 1 1 0 0 0 0 0 0 0 0 0 0 0 0 0 0 0 0 0 0 27 5 0 0 0 0 0 0 1 1 0 1 2 1 0 0 0 0 0 0 0 0 0 0 0 1 1 0 0 0 0 0 0 0 0 0 0 0 0 0 0 0 1 6 1 0 0 0 0 0 0 0 0 0 0 0 0 0 0 0 0 0 0 0 0 0 0 0 0 0 0 0 0 0 0 1 11 1 0 1 1 141 174 1 0 0 0 0 0 0 0 0 0 0 1 240 255 1 1 0 0 0 0 0 0 0 0 0 0 0 0 0 0 0 0 0 0 0 0 0 0 0 0 3 5 0 0 0 0 0 0 0 0 0 0 0 0 0 0 0 0 0 0 0 0 0 0 0 0 0 0 0 0 0 0 0 0 0 0 0 0 0 1 196 1 0 0 0 0 0 0 0 0 0 0 0 0 0 0 0 0 0 0 0 0 0 0 0 0 0 0 0 0 0 0 0 0 0 0 0 0 0 0 0 0 0 0 0 0 0 0 0 0 0 0 0 0 0 0 0 0 0 40 25 1 0 0 0 1 1 0 39 1 1 1 1 0 1 1 0 1 1 1 1 1 0 0 0 0 0 1 1 0 0 0 0 0 0 0 0 0 0 0 0 0 0 0 0 1 54 192 1 1 1 1 1 0 1 1 1 1 145 47 1 1 1 1 0 1 1 0 1 1 101 255 251 1 1 1 1 1 193 5 1 1 1 1 5 6 25 9 1 1 1 3 1 1 2 12 1 1 1 5 14 2 1 1 1 4 61 100 100 44 2 1 1 1 1 1 0 0 0 0 0 0 0 0 0 0 0 0 0 0 0 0 0 0 0 1 255 216 1 1 1 1 0 0 0 0 0 0 1 0 0 0 0 0 0 0 0 0 0 0 0 0 0 0 0 0 0 0 0 0 0 0 0 0 0 0 0 0 0 0 0 0 0 0 0 0 0 0 0 0 0 0 0 0 0 0 0 0 0 0 0 0 0 0 0 0 1 1 83 40
0 0 0 0 0 0 0 0 0 0 0 0 0 0 0 0 0 0 0 0 0 0 0 0 0 0 0 0 0 0 0 0 0 0 0 0 0 0 0 0 0 0 0 0 0 0 0 0 0 0 0 1 5 1 255 255 1 1 1 0 0 0 0 0 0 0 0 0 0 0 0 0 0 0 0 0 0 0 0 49 1 0 0 0 0 0 0 1 0 0 1 2 0 0 0 0 0 0 0 0 0 0 0 0 2 0 0 0 0 0 0 0 0 0 0 0 0 0 0 0 1 6 1 0 0 0 0 0 0 0 0 0 0 0 0 0 0 0 0 0 0 0 0 0 0 0 0 0 0 0 0 0 0 0 0 2 6 1 1 0 1 215 12 0 0 0 0 0 0 0 0 0 0 0 1 255 255 1 0 0 0 0 0 0 0 0 0 0 0 0 0 0 0 0 0 0 0 0 0 0 0 1 14 1 0 0 0 0 0 0 0 0 0 0 0 0 0 0 0 0 0 0 0 0 0 0 0 0 0 0 0 0 0 0 0 0 0 0 0 0 1 1 196 1 0 0 0 0 0 0 0 0 0 0 0 0 0 0 0 0 0 0 0 0 0 0 0 0 0 0 0 0 0 0 0 0 0 0 0 0 0 0 0 0 0 0 0 0 0 0 0 0 0 0 0 0 0 0 0 0 1 92 1 0 0 0 0 1 1 1 38 1 1 1 1 1 1 1 0 0 0 1 1 1 0 0 0 0 1 1 0 0 0 0 0 0 0 0 0 0 0 0 0 0 0 0 0 1 1 164 99 1 1 1 1 1 1 1 1 0 1 166 19 1 1 1 1 1 1 1 1 245 255 139 2 1 1 0 1 88 94 2 6 10 11 11 11 4 13 41 16 1 1 6 1 5 21 1 1 1 1 1 1 10 16 11 5 4 10 17 9 38 100 105 83 5 1 1 1 1 0 0 0 0 0 0 0 0 0 0 0 0 0 0 0 1 0 1 151 255 17 1 1 1 0 0 0 0 0 1 1 0 0 0 0 0 0 0 0 0 0 0 0 0 0 0 0 0 0 0 0 0 0 0 0 0 0 0 0 0 0 0 0 0 0 0 0 0 0 0 0 0 0 0 0 0 0 0 0 0 0 0 0 0 0 0 0 0 1 1 59 47
0 0 0 0 0 0 0 0 0 0 0 0 0 0 0 0 0 0 0 0 0 0 0 0 0 0 0 0 0 0 0 0 0 0 0 0 0 0 0 0 0 0 0 0 0 0 0 0 0 0 0 1 5 115 255 2 1 1 0 0 0 0 0 0 0 0 0 0 0 0 0 0 0 0 0 0 0 0 1 49 0 0 0 0 0 0 0 1 0 0 1 2 0 0 0 0 0 0 0 0 0 0 0 0 2 0 0 0 0 0 0 0 0 0 0 0 0 0 0 1 6 1 0 0 0 0 0 0 0 0 0 0 0 0 0 0 0 0 0 0 0 0 0 0 0 0 0 0 0 0 0 0 0 0 0 1 11 1 1 0 0 38 206 0 0 0 0 0 0 0 0 0 0 0 0 1 255 54 1 0 0 0 0 0 0 0 0 0 0 0 0 0 0 0 0 0 0 0 0 0 0 1 11 0 0 0 0 0 0 0 0 0 0 0 0 0 0 0 0 0 0 0 0 0 0 0 0 0 0 0 0 0 0 0 0 0 0 1 1 1 1 1 196 1 0 0 0 0 0 0 0 0 0 0 0 0 0 0 0 0 0 0 0 0 0 0 0 0 0 0 0 0 0 0 0 0 0 0 0 0 0 0 0 0 0 0 0 0 0 0 0 0 0 0 0 0 0 0 0 0 39 26 1 0 0 0 0 0 1 1 32 1 1 1 1 1 1 1 0 0 0 1 1 0 0 0 0 0 1 1 0 0 0 0 0 0 0 0 0 0 0 0 0 0 0 0 1 1 1 89 175 1 1 1 1 1 1 1 0 0 1 1 178 3 1 0 1 1 1 1 249 253 1 1 1 1 0 0 1 178 1 1 1 1 1 1 1 3 13 20 36 26 7 4 15 11 1 2 1 1 1 1 0 1 1 2 4 5 2 1 5 13 1 1 7 93 97 83 14 1 1 1 1 0 0 0 0 0 0 0 0 0 0 1 1 0 0 1 1 250 253 1 1 1 1 0 0 0 0 1 1 0 0 0 0 0 0 0 0 0 0 0 0 0 0 0 0 0 0 0 0 0 0 0 0 0 0 0 0 0 0 0 0 0 0 0 0 0 0 0 0 0 0 0 0 0 0 0 0 0 0 0 0 0 0 0 0 0 0 1 16 81
0 0 0 0 0 0 0 0 0 0 0 0 0 0 0 0 0 0 0 0 0 0 0 0 0 0 0 0 0 0 0 0 0 0 0 0 0 0 0 0 0 0 0 0 0 0 0 0 0 0 0 1 3 255 247 1 0 0 0 0 0 0 0 0 0 0 0 0 0 0 0 0 0 0 0 0 0 0 2 36 0 0 0 0 0 0 1 1 0 0 1 2 0 0 0 0 0 0 0 0 0 0 0 1 1 0 0 0 0 0 0 0 0 0 0 0 0 0 1 5 1 0 0 0 0 0 0 0 0 0 0 0 0 0 0 0 0 0 0 0 0 0 0 0 0 0 0 0 0 0 0 0 0 0 0 0 3 4 1 0 0 1 222 0 0 0 0 0 0 0 0 0 0 0 0 1 241 255 1 1 0 0 0 0 0 0 0 0 0 0 0 0 0 0 0 0 0 0 0 0 0 1 12 0 0 0 0 0 0 0 0 0 0 0 0 0 0 0 0 0 0 0 0 0 0 0 0 0 0 0 0 0 0 0 0 1 1 1 1 1 1 1 196 1 0 0 0 0 0 0 0 0 0 0 0 0 0 0 0 0 0 0 0 0 0 0 0 0 0 0 0 0 0 0 0 0 0 0 0 0 0 0 0 0 0 0 0 0 0 0 0 0 0 0 0 0 0 0 0 1 93 1 0 1 1 0 0 0 0 1 17 6 1 1 1 1 1 1 0 0 0 1 1 1 0 0 0 1 1 0 0 0 0 0 0 0 0 0 0 0 0 0 0 0 0 0 1 0 0 1 177 82 1 1 1 1 1 1 0 0 0 1 5 175 1 1 1 1 1 245 253 1 1 1 1 1 1 0 2 171 1 1 1 1 1 0 0 1 1 1 45 9 19 20 5 1 1 1 2 1 1 1 1 1 1 1 0 1 1 1 1 1 9 1 1 2 1 2 51 87 87 21 1 1 1 1 0 0 1 1 1 1 1 1 0 0 0 1 1 3 255 224 1 1 1 0 0 0 1 1 0 0 0 0 0 0 0 0 0 0 0 0 0 0 0 0 0 0 0 0 0 0 0 0 0 0 0 0 0 0 0 0 0 0 0 0 0 0 0 0 0 0 0 0 0 0 0 0 0 0 0 0 0 0 0 0 0 0 0 1 2 104
0 0 0 0 0 0 0 0 0 0 0 0 0 0 0 0 0 1 0 0 0 0 0 0 0 0 0 0 0 0 0 0 0 0 0 0 0 0 0 0 0 0 0 0 0 0 0 0 0 1 1 5 255 255 1 0 0 0 0 0 0 0 0 0 0 0 0 0 0 0 0 0 0 0 0 0 0 0 8 20 0 0 0 0 0 0 1 0 0 0 1 2 0 0 0 0 0 0 0 0 0 0 0 1 1 1 1 1 0 0 0 0 0 0 0 0 0 0 3 2 0 0 0 0 0 0 0 0 0 0 0 0 0 0 0 0 0 0 0 0 0 0 0 0 0 0 0 0 0 0 0 0 0 0 0 0 1 11 1 0 0 1 223 0 0 0 0 0 0 0 0 0 0 0 0 0 1 255 255 1 1 1 0 0 0 0 0 0 0 0 0 0 0 0 0 0 0 0 0 0 0 1 14 1 0 0 0 0 0 0 0 0 0 0 0 0 0 0 0 0 0 0 0 0 0 0 0 0 0 0 0 0 1 1 1 1 1 1 1 1 0 1 196 1 0 0 0 0 0 0 0 0 0 0 0 0 0 0 0 0 0 0 0 0 0 0 0 0 0 0 0 0 0 0 0 0 0 0 0 0 0 0 0 0 0 0 0 0 0 0 0 0 0 0 0 0 0 0 0 39 27 1 0 1 1 0 0 0 0 0 6 17 1 1 1 1 1 1 0 0 0 1 1 1 0 0 0 0 0 0 0 0 0 0 0 0 0 0 0 0 0 0 0 0 0 1 1 0 0 1 120 153 1 1 1 1 1 1 1 0 0 0 1 29 157 1 1 1 223 255 1 1 1 0 0 1 2 1 152 19 1 0 0 1 1 1 1 1 1 4 18 1 1 1 1 1 1 1 1 1 0 1 1 0 0 1 1 1 1 1 1 1 13 4 4 1 1 2 1 1 1 42 88 76 2 1 1 1 1 1 0 0 0 0 0 0 0 1 1 1 137 255 6 1 1 0 0 1 1 1 0 0 0 0 0 0 0 0 0 0 0 0 0 0 0 0 0 0 0 0 0 0 0 0 0 0 0 0 0 0 0 0 0 0 0 0 0 0 0 0 0 0 0 0 0 0 0 0 0 0 0 0 0 0 0 0 0 0 0 1 2 150
0 0 0 0 0 0 0 0 0 0 0 0 0 0 0 0 0 1 3 1 0 0 0 0 0 0 0 0 0 0 0 0 0 0 0 0 0 0 0 0 0 0 0 0 0 0 0 0 1 1 1 219 255 66 0 0 0 0 0 0 0 0 0 0 0 0 0 0 0 0 0 0 0 0 0 0 0 0 8 18 0 0 0 0 0 0 1 0 0 0 0 2 1 0 0 0 0 0 0 0 0 0 0 1 1 0 0 0 0 0 0 0 0 0 0 0 0 1 7 1 0 0 0 0 0 0 0 0 0 0 0 0 0 0 0 0 0 0 0 0 0 0 0 0 0 0 0 0 0 0 0 0 0 0 0 0 0 11 1 0 0 1 223 1 0 0 0 0 0 0 0 0 0 0 0 0 0 1 255 22 1 1 1 0 0 0 0 0 0 0 0 0 0 0 0 0 0 0 0 0 0 0 14 1 0 0 0 0 0 0 0 0 0 0 0 0 0 0 0 0 0 0 0 0 0 0 0 0 0 0 1 1 1 1 1 1 1 1 0 0 0 1 196 1 0 0 0 0 0 0 0 0 0 0 0 0 0 0 0 0 0 0 0 0 0 0 0 0 0 0 0 0 0 0 0 0 0 0 0 0 0 0 0 0 0 0 0 0 0 0 0 0 0 0 0 0 0 0 1 93 1 1 0 0 1 1 1 0 0 0 1 33 1 1 1 1 1 0 0 0 0 0 1 1 0 0 0 0 0 0 0 0 0 0 0 0 0 0 0 0 0 0 0 0 0 1 0 0 0 0 1 175 82 1 1 1 1 1 1 0 0 0 0 1 50 157 1 165 255 4 1 1 1 0 0 0 1 2 180 1 1 0 0 1 1 1 0 1 1 28 1 1 1 1 1 1 1 1 1 3 1 1 1 1 1 1 1 1 1 0 0 1 1 11 12 1 1 1 2 1 1 1 1 3 78 89 38 1 1 1 1 0 0 0 0 0 0 0 1 1 1 253 253 1 1 1 1 1 1 0 0 0 0 0 0 0 0 0 0 0 0 0 0 0 0 0 0 0 0 0 0 0 0 0 0 0 0 0 0 0 0 0 0 0 0 0 0 0 0 0 0 0 0 0 0 0 0 0 0 0 0 0 0 0 0 0 0 0 0 1 2 125
0 0 0 0 0 0 0 0 0 0 0 0 0 0 0 0 0 1 1 3 3 1 0 0 0 0 0 0 0 0 0 0 0 0 0 0 0 0 0 0 0 0 0 0 0 0 1 1 1 1 193 255 221 0 0 0 0 0 0 0 0 0 0 0 0 0 0 0 0 0 0 0 0 0 0 0 0 0 15 11 0 0 0 0 0 1 1 0 0 0 0 1 2 0 0 0 0 0 0 0 0 0 0 1 1 0 0 0 0 0 0 0 0 0 0 0 0 4 2 0 0 0 0 0 0 0 0 0 0 0 0 0 0 0 0 0 0 0 0 0 0 0 0 0 0 0 0 0 0 0 0 0 0 0 0 0 0 11 1 0 0 1 222 1 0 0 0 0 0 0 0 0 0 0 0 0 0 1 249 255 1 1 1 1 0 0 0 0 0 0 0 0 0 0 0 0 0 0 0 0 0 0 14 0 0 0 0 0 0 0 0 0 0 0 0 0 0 0 0 0 0 0 0 0 0 0 0 0 1 1 1 1 1 1 1 0 0 0 0 0 0 1 196 1 0 0 0 0 0 0 0 0 0 0 0 0 0 0 0 0 0 0 0 0 0 0 0 0 0 0 0 0 0 0 0 0 0 0 0 0 0 0 0 0 0 0 0 0 0 0 0 0 0 0 0 0 0 0 36 29 1 0 1 1 2 1 1 1 1 1 2 41 1 1 0 1 1 0 0 0 0 0 1 1 0 0 0 0 0 0 0 0 0 0 0 0 0 0 0 0 0 0 0 0 1 1 0 0 0 0 1 144 127 1 1 1 1 1 0 1 1 1 0 1 1 21 181 255 34 1 1 0 1 1 1 0 0 1 163 6 1 1 1 1 0 1 1 1 1 35 1 1 1 1 1 1 1 1 1 1 2 1 1 1 1 1 1 0 0 0 0 0 1 1 2 5 1 1 1 2 1 1 1 1 1 1 25 86 85 7 1 1 1 1 0 0 0 0 1 1 1 17 255 58 1 1 1 1 1 0 0 0 0 0 0 0 0 0 0 0 0 0 0 0 0 0 0 0 0 0 0 0 0 0 0 0 0 0 0 0 0 0 0 0 0 0 0 0 0 0 0 0 0 0 0 0 0 0 0 0 0 0 0 0 0 0 0 0 0 0 1 119
0 0 0 0 0 0 0 0 0 0 0 0 0 0 0 0 0 1 1 1 1 5 4 1 0 0 0 0 0 0 0 0 0 0 0 0 0 0 0 0 0 0 0 0 0 1 1 1 1 255 255 225 1 0 0 0 0 0 0 0 0 0 0 0 0 0 0 0 0 0 0 0 0 0 0 0 0 0 37 2 0 0 0 0 0 1 0 0 0 0 0 0 1 1 0 0 0 0 0 0 0 0 0 1 1 0 0 0 0 0 0 0 0 0 0 0 0 7 1 0 0 0 0 0 0 0 0 0 0 0 0 0 0 0 0 0 0 0 0 0 0 0 0 0 0 0 0 0 0 0 0 0 0 0 0 0 0 6 2 0 0 1 222 0 0 0 0 0 0 0 0 0 0 0 0 0 0 0 1 255 255 1 1 1 1 0 0 0 0 1 1 0 0 0 0 0 0 0 0 0 0 1 14 0 0 0 0 0 0 0 0 0 0 0 0 0 0 0 0 0 0 0 0 0 0 0 0 1 1 1 1 1 1 0 0 0 0 0 0 0 0 1 196 1 0 0 0 0 0 0 0 0 0 0 0 0 0 0 0 0 0 0 0 0 0 0 0 0 0 0 0 0 0 0 0 0 0 0 0 0 0 0 0 0 0 0 0 0 0 0 0 0 0 0 0 0 1 1 92 1 0 1 2 1 1 1 1 1 1 1 1 34 0 0 1 1 1 0 0 0 0 1 2 1 0 0 0 0 0 0 0 0 0 0 0 0 0 0 0 0 0 0 0 0 1 0 0 0 0 0 1 6 162 85 1 1 1 1 1 0 0 1 1 1 1 1 253 251 200 93 1 1 0 1 1 1 0 0 6 163 1 1 1 0 0 0 1 0 1 32 1 1 1 1 1 1 1 1 1 1 1 1 1 1 1 1 1 0 0 0 0 1 1 1 1 8 1 1 1 1 1 1 1 1 1 1 6 4 2 66 91 63 1 1 1 1 0 0 0 1 1 1 247 253 1 1 1 1 0 0 0 0 0 0 0 0 0 0 0 0 0 0 0 0 0 0 0 0 0 0 0 0 0 0 0 0 0 0 0 0 0 0 0 0 0 0 0 0 0 0 0 0 0 0 0 0 0 0 0 0 0 0 0 0 0 0 0 0 0 1 1 125
0 0 0 0 0 0 0 0 0 0 0 0 0 0 0 0 0 1 1 0 0 1 3 4 2 1 0 0 0 0 0 0 0 0 0 0 0 0 0 0 0 0 0 1 1 1 3 255 255 255 45 1 0 0 0 0 0 0 0 0 0 0 0 0 0 0 0 0 0 0 0 0 0 0 0 0 0 0 48 1 0 0 0 0 0 1 0 0 0 0 0 0 1 2 1 0 0 0 0 0 0 0 0 1 1 0 0 0 0 0 0 0 0 0 0 0 1 7 0 0 0 0 0 0 0 0 0 0 0 0 0 0 0 0 0 0 0 0 0 0 0 0 0 0 0 0 0 0 0 0 0 0 0 0 0 0 0 1 8 0 1 178 111 0 0 0 0 0 0 0 0 0 0 0 0 0 0 0 0 1 255 255 2 1 1 1 0 0 1 1 1 1 0 0 0 0 0 0 0 0 0 2 8 0 0 0 0 0 0 0 0 0 0 0 0 0 0 0 0 0 0 0 0 0 0 1 1 1 1 1 1 0 0 0 0 0 0 0 0 0 0 1 196 1 0 0 0 0 0 0 0 0 0 0 0 0 0 0 0 0 0 0 0 0 0 0 0 0 0 0 0 0 0 0 0 0 0 0 0 0 0 0 0 0 0 0 0 0 0 0 0 0 0 0 0 1 1 61 10 1 0 1 1 1 0 0 0 0 0 1 1 35 0 1 1 1 1 0 0 0 0 1 2 0 0 0 0 0 0 0 0 0 0 0 0 0 0 0 0 0 0 0 0 1 1 0 0 0 0 0 0 1 151 118 1 1 1 1 1 1 0 1 1 1 1 201 255 1 1 143 170 1 1 1 1 1 1 1 1 155 18 1 1 1 1 1 1 1 1 26 1 1 1 1 1 1 2 1 1 1 1 2 1 1 1 1 1 1 0 0 1 2 1 1 1 1 11 1 1 1 1 2 2 7 8 5 1 2 6 7 1 8 85 91 23 1 1 1 1 1 1 1 6 255 124 1 1 1 0 0 0 0 0 0 0 0 0 0 0 0 0 0 0 0 0 0 0 0 0 0 0 0 0 0 0 0 0 0 0 0 0 0 0 0 0 0 0 0 0 0 0 0 0 0 0 0 0 0 0 0 0 0 0 0 0 0 0 0 0 1 1 122
0 0 0 0 0 0 0 0 0 0 0 0 0 0 0 0 0 0 0 0 1 3 1 1 2 5 2 1 0 0 0 0 0 0 0 0 0 0 0 0 0 1 1 1 159 255 255 255 116 1 1 0 0 0 0 0 0 0 0 0 0 0 0 0 0 0 0 0 0 0 0 0 0 0 0 0 0 0 48 1 0 0 0 0 1 1 0 0 0 0 0 0 0 1 1 0 0 0 0 0 0 0 0 1 1 0 0 0 0 0 0 0 0 0 0 0 2 4 0 0 0 0 0 0 0 0 0 0 0 0 0 0 0 0 0 0 0 0 0 0 0 0 0 0 0 0 0 0 0 0 0 0 0 0 0 0 0 1 10 1 61 206 1 0 0 0 0 0 0 0 0 0 0 0 0 0 0 0 0 0 1 255 255 205 1 1 1 0 1 0 1 1 1 0 0 0 0 0 0 0 0 12 1 0 0 0 0 0 0 0 0 0 0 0 0 0 0 0 0 0 0 0 0 0 1 1 0 1 1 1 0 0 0 0 0 0 0 0 0 0 0 3 192 1 0 0 0 0 0 0 0 0 0 0 0 0 0 0 0 0 0 0 0 0 0 0 0 0 0 0 0 0 0 0 0 0 0 0 0 0 0 0 0 0 0 0 0 0 0 0 0 0 0 1 1 1 10 61 1 0 1 2 1 0 0 0 0 0 0 1 1 36 1 1 1 1 1 1 0 0 0 1 1 0 0 0 0 0 0 0 0 0 0 0 0 0 0 0 0 0 0 0 1 1 0 0 0 0 0 0 0 1 41 132 83 1 1 1 1 1 1 1 1 1 4 255 21 1 0 4 37 183 5 4 4 4 4 4 4 48 138 94 79 14 1 1 1 1 2 17 1 1 1 1 1 1 1 1 1 1 2 2 3 1 1 3 1 1 1 1 1 1 1 1 1 1 1 8 1 3 10 13 5 1 1 1 1 1 1 1 6 1 1 1 41 90 78 3 1 1 1 1 1 234 255 1 1 1 0 0 0 0 0 0 0 0 0 0 0 0 0 0 0 0 0 0 0 0 0 0 0 0 0 0 0 0 0 0 0 0 0 0 0 0 0 0 0 0 0 0 0 0 0 0 0 0 0 0 0 0 0 0 0 0 0 0 0 0 0 1 1 73
0 0 0 0 0 0 0 0 0 0 0 0 0 0 0 0 0 0 0 1 2 1 1 1 1 1 3 5 1 1 0 0 0 0 0 0 0 0 0 1 1 1 254 255 255 254 2 1 1 0 0 0 0 0 0 0 0 0 0 0 0 0 0 0 0 0 0 0 0 0 0 0 0 0 0 0 0 0 48 1 0 0 0 0 1 0 0 0 0 0 0 0 0 1 2 1 0 0 0 0 0 0 0 1 1 0 0 0 0 0 0 0 0 0 0 0 6 1 0 0 0 0 0 0 0 0 0 0 0 0 0 0 0 0 0 0 0 0 0 0 0 0 0 0 0 0 0 0 0 0 0 0 0 0 0 0 0 2 7 178 198 1 0 0 0 0 0 0 0 0 0 0 0 0 0 0 0 0 0 0 0 1 158 255 255 1 1 1 1 0 1 1 1 0 0 0 0 0 0 0 0 14 1 0 0 0 0 0 0 0 0 0 0 0 0 0 0 0 0 0 0 0 1 1 1 0 1 1 1 0 0 0 0 0 0 0 0 0 0 0 0 123 105 0 0 0 0 0 0 0 0 0 0 0 0 0 0 0 0 0 0 0 0 0 0 0 0 0 0 0 0 0 0 0 0 0 0 0 0 0 0 0 0 0 0 0 0 0 0 0 0 0 1 1 1 2 80 1 0 0 1 1 1 0 0 0 0 0 0 1 1 36 1 0 0 0 0 1 1 0 1 1 0 0 0 0 0 0 0 0 0 0 0 0 0 0 0 0 0 0 0 0 1 9 38 39 38 37 16 1 1 1 1 151 118 1 1 1 1 1 1 1 1 1 255 223 1 0 0 4 1 20 180 3 1 1 1 1 1 93 1 1 3 63 82 83 80 50 16 42 2 1 1 0 1 1 0 1 1 1 1 1 2 1 1 1 3 1 1 1 1 1 1 1 1 1 1 3 9 5 1 1 2 1 1 1 1 1 1 1 1 5 3 1 1 1 3 77 90 35 1 1 1 3 255 189 1 1 1 0 0 0 0 0 0 0 0 0 0 0 0 0 0 0 0 0 0 0 0 0 0 0 0 0 0 0 0 0 0 0 0 0 0 0 0 0 0 0 0 0 0 0 0 0 0 0 0 0 0 0 0 0 0 0 0 0 0 0 0 1 1 6
0 0 0 0 0 0 0 0 0 0 0 0 0 0 0 0 0 0 0 1 2 0 0 0 0 0 1 1 4 6 1 1 0 0 0 0 1 1 1 7 255 255 255 142 1 1 1 0 0 0 0 0 0 0 0 0 0 0 0 0 0 0 0 0 0 0 0 0 0 0 0 0 0 0 0 0 0 0 48 1 1 1 1 1 1 1 0 0 0 0 0 0 0 0 1 2 1 2 2 2 2 1 1 2 1 0 0 0 0 0 0 0 0 0 0 0 7 1 0 0 0 0 0 0 0 0 0 0 0 0 0 0 0 0 0 0 0 0 0 0 0 0 0 0 0 0 0 0 0 0 0 0 0 0 0 0 0 3 203 112 1 1 0 0 0 0 0 0 0 0 0 0 0 0 0 0 0 0 0 0 0 0 0 1 255 255 1 1 1 1 1 1 1 1 0 0 0 0 0 0 1 13 1 0 0 0 0 0 0 0 0 0 0 0 0 0 0 0 0 0 0 1 1 0 1 1 1 1 1 1 1 0 0 0 0 0 0 0 0 0 1 195 1 0 0 0 0 0 0 0 0 0 0 0 0 0 0 0 0 0 0 0 0 0 0 0 0 0 0 0 0 0 0 0 0 0 0 0 0 0 0 0 0 0 0 0 0 0 0 0 1 1 1 1 2 82 1 1 0 1 2 1 0 0 0 0 0 1 0 1 1 35 1 0 0 0 0 0 1 1 2 1 0 0 0 0 0 0 0 0 0 0 0 0 0 0 0 0 0 0 1 11 38 12 1 1 1 1 5 30 36 36 36 97 113 76 1 1 1 1 1 1 1 253 251 1 0 0 0 3 1 0 5 182 108 1 1 1 1 92 1 0 1 2 1 1 1 8 97 1 29 5 1 1 0 1 1 1 1 1 1 1 2 1 0 1 1 3 1 2 1 1 1 1 1 1 1 1 1 1 1 1 1 2 1 1 1 0 1 1 1 1 3 5 1 1 2 1 1 27 87 72 2 1 215 255 2 1 1 0 0 0 0 0 0 0 0 0 0 0 0 0 0 0 0 0 0 0 0 0 0 0 0 0 0 0 0 0 0 0 0 0 0 0 0 0 0 0 0 0 0 0 0 0 0 0 0 0 0 0 0 0 0 0 0 0 0 0 1 1 1 1
0 0 0 0 0 0 0 0 0 0 0 0 0 0 0 0 0 0 1 2 1 0 0 0 0 0 0 0 1 1 7 7 1 0 1 1 1 190 255 255 255 2 1 1 0 0 0 0 0 0 0 0 0 0 0 0 0 0 0 0 0 0 0 0 0 0 0 0 0 0 0 0 0 0 0 0 0 0 48 1 1 1 1 1 1 1 1 1 1 1 1 1 1 1 1 1 0 0 0 0 0 0 0 1 1 0 0 0 0 0 0 0 0 0 0 0 7 0 0 0 0 0 0 0 0 0 0 0 0 0 0 0 0 0 0 0 0 0 0 0 0 0 0 0 0 0 0 0 0 0 0 0 0 0 0 0 0 159 150 1 0 1 1 1 1 0 0 0 0 0 0 0 0 0 0 0 0 0 0 0 0 0 0 0 1 255 255 202 1 1 1 0 0 1 1 1 0 0 0 0 9 1 0 0 0 0 0 0 0 0 0 0 0 0 0 0 0 0 0 0 1 1 1 1 1 1 0 0 0 0 1 1 1 1 0 0 0 0 0 0 1 196 1 0 0 0 0 0 0 0 0 0 0 0 0 0 0 0 0 0 0 0 0 0 0 0 0 0 0 0 0 0 0 0 0 0 0 0 0 0 0 0 0 0 0 0 0 0 0 1 1 1 1 4 82 1 1 1 1 1 1 1 0 0 0 0 0 1 0 0 1 34 1 0 0 0 1 1 2 2 1 0 0 0 0 0 0 0 0 0 0 0 0 0 0 0 0 0 1 1 34 10 1 1 1 1 1 1 1 1 1 1 1 35 149 117 1 1 1 1 1 6 253 253 1 1 0 0 0 3 1 0 0 1 94 182 6 1 79 5 1 0 1 2 1 1 1 1 91 1 1 32 3 1 1 1 0 0 1 1 0 1 1 1 0 0 1 1 4 1 1 1 1 1 1 1 1 1 1 1 1 1 1 1 2 1 1 0 1 0 0 1 1 1 3 4 2 6 1 1 1 4 82 80 21 255 207 1 1 1 0 0 0 0 0 0 0 0 0 0 0 0 0 0 0 0 0 0 0 0 0 0 0 0 0 0 0 0 0 0 0 0 0 0 0 0 0 0 0 0 0 0 0 0 0 0 0 0 0 0 0 0 0 0 0 0 0 0 1 0 0 1
0 0 0 0 0 0 0 0 0 0 0 0 0 0 0 0 0 1 1 1 0 0 0 0 0 0 1 1 1 0 1 1 6 6 1 253 255 255 251 1 1 1 0 0 0 0 0 0 0 0 0 0 0 0 0 0 0 0 0 0 0 0 0 0 0 0 0 0 0 0 0 0 0 0 0 0 0 0 48 1 0 0 0 1 0 0 1 1 1 1 1 1 1 1 1 1 0 0 0 0 0 0 0 1 0 0 0 0 0 0 0 0 0 0 0 1 7 0 0 0 0 0 0 0 0 0 0 0 0 0 0 0 0 0 0 0 0 0 0 0 0 0 0 0 0 0 0 0 0 0 0 0 0 0 0 0 1 225 1 0 0 0 0 0 1 1 1 0 0 0 0 0 0 0 0 0 0 0 0 0 0 0 0 0 0 1 142 255 255 1 1 0 0 0 0 1 1 1 0 1 14 1 1 1 1 0 0 0 0 0 0 0 0 0 0 0 0 0 0 0 0 0 0 0 0 0 0 0 0 0 0 0 0 1 1 1 1 0 0 0 72 149 1 0 0 0 0 0 0 0 0 0 0 0 0 0 0 0 0 0 0 0 0 0 0 0 0 0 0 0 0 0 0 0 0 0 0 0 0 0 0 0 0 0 0 0 0 0 1 1 1 1 29 69 1 1 1 0 1 3 1 0 0 0 0 0 0 1 1 1 2 45 2 2 2 2 2 2 1 0 0 0 0 0 0 0 0 0 0 0 0 0 0 0 0 0 0 1 4 36 1 1 1 1 0 0 0 0 0 1 1 1 1 8 100 105 82 1 1 1 1 255 253 1 1 1 1 1 0 3 1 0 0 0 1 3 180 67 99 1 0 0 1 1 1 1 1 1 89 1 1 1 32 23 2 1 1 1 1 1 1 1 1 1 0 0 1 1 3 2 1 1 1 1 0 0 0 1 1 1 1 1 1 1 1 4 1 1 0 0 0 0 1 1 1 1 1 1 5 1 1 1 1 1 57 220 255 2 1 1 1 0 0 0 0 0 0 0 0 0 0 0 0 0 0 0 0 0 0 0 0 0 0 0 0 0 0 0 0 0 0 0 0 0 0 0 0 0 0 0 0 0 0 0 0 0 0 0 0 0 0 0 0 0 0 0 0 0 1 1 0 1
0 0 0 0 0 0 0 0 0 0 0 0 0 0 0 0 0 1 2 1 1 1 1 1 1 1 1 1 1 1 1 1 1 2 255 255 239 1 1 1 1 0 0 0 0 0 0 0 0 0 0 0 0 0 0 0 0 0 0 0 0 0 0 0 0 0 0 0 0 0 0 0 0 0 0 0 0 0 48 1 0 0 0 1 0 0 0 0 0 0 0 0 0 0 0 0 0 0 0 0 0 0 0 1 0 0 0 0 0 0 0 0 0 0 0 2 4 0 0 0 0 0 0 0 0 0 0 0 0 0 0 0 0 0 0 0 0 0 0 0 0 0 0 0 0 0 0 0 0 0 0 0 0 0 0 0 1 223 1 0 0 0 0 0 0 0 1 1 1 1 0 0 0 0 0 0 0 0 0 0 0 0 0 1 1 0 0 1 255 255 255 24 1 0 0 0 0 1 1 5 4 1 1 1 1 1 0 0 0 0 0 0 0 0 0 0 0 0 0 0 0 0 0 0 0 0 0 0 0 1 1 1 1 0 0 0 1 1 1 1 190 3 1 1 0 0 0 0 0 0 0 0 0 0 0 0 0 0 0 0 0 0 0 0 0 0 0 0 0 0 0 0 0 0 0 0 0 0 0 0 0 0 0 0 0 0 1 1 1 1 2 81 33 1 1 1 1 1 1 2 3 1 1 1 1 1 3 3 3 2 1 20 9 1 1 1 1 0 0 0 0 0 0 0 0 0 0 0 0 0 0 0 0 0 0 1 1 15 21 1 1 1 0 0 0 0 0 0 1 1 0 1 1 1 36 147 117 1 1 1 248 255 183 83 1 0 1 1 1 4 1 0 0 0 1 1 1 151 190 1 0 0 2 1 1 0 1 2 78 1 0 1 1 5 33 43 45 44 38 13 2 2 1 1 1 1 1 2 1 1 2 2 2 2 1 1 1 1 1 1 1 1 1 1 2 1 3 1 0 0 0 1 1 1 1 1 1 1 1 6 1 1 1 1 1 2 255 243 1 1 1 1 1 0 0 0 0 0 0 0 0 0 0 0 0 0 0 0 0 0 0 0 0 0 0 0 0 0 0 0 0 0 0 0 0 0 0 0 0 0 0 0 0 0 0 0 0 0 0 0 0 0 0 0 0 0 0 0 0 1 1 1
0 0 0 0 0 0 0 0 0 0 0 0 0 0 0 0 1 2 1 0 0 0 1 1 1 1 1 1 1 1 1 1 1 255 255 7 1 1 1 1 0 0 0 0 0 0 0 0 0 0 0 0 0 0 0 0 0 0 0 0 0 0 0 0 0 0 0 0 0 0 0 0 0 0 0 0 0 1 48 1 0 0 0 1 0 0 0 0 0 0 0 0 0 0 0 0 0 0 0 0 0 0 0 1 0 0 0 0 0 0 0 0 0 0 0 6 1 0 0 0 0 0 0 0 0 0 0 0 0 0 0 0 0 0 0 0 0 0 0 0 0 0 0 0 0 0 0 0 0 0 0 0 0 0 0 0 180 126 0 0 0 0 0 0 0 0 0 0 0 1 1 1 0 0 0 0 0 0 0 0 0 0 0 0 1 1 1 0 1 1 255 255 255 248 1 1 0 0 1 13 1 0 1 1 1 1 1 0 0 0 0 0 0 0 0 0 0 0 0 0 0 0 0 0 0 0 0 0 0 0 0 0 1 1 1 1 1 0 0 3 190 1 0 1 0 0 0 0 0 0 0 0 0 0 0 0 0 0 0 0 0 0 0 0 0 0 0 0 0 0 0 0 0 0 0 0 0 0 0 0 0 0 0 0 0 1 1 0 1 47 81 2 1 0 0 1 1 1 1 0 1 3 4 4 4 2 1 0 1 1 1 1 40 1 0 0 0 0 0 0 0 0 0 0 0 0 0 0 0 0 0 0 1 1 1 19 39 7 0 1 1 0 0 0 0 0 0 0 1 0 0 0 0 1 37 75 104 77 1 238 255 2 203 1 1 1 1 1 1 5 1 1 0 1 1 1 0 1 128 203 1 1 2 1 0 0 1 52 13 1 1 0 1 1 2 1 1 1 1 12 34 48 53 52 52 52 56 56 18 2 1 1 1 1 2 2 2 3 2 2 3 4 2 1 1 1 1 3 1 1 0 1 1 1 1 1 1 1 1 5 1 1 1 1 1 1 128 255 2 1 1 1 1 1 1 0 0 0 0 0 0 0 0 0 0 0 0 0 0 0 0 0 0 0 0 0 0 0 0 0 0 0 0 0 0 0 0 0 0 0 0 0 0 0 0 0 0 0 0 0 0 0 0 0 0 0 0 0 0 0 1 1
0 0 0 0 0 0 0 0 0 0 0 0 0 0 0 0 1 2 0 0 0 0 0 1 0 0 0 0 1 1 1 1 253 255 5 1 3 1 1 0 0 0 0 0 0 0 0 0 0 0 0 0 0 0 0 0 0 0 0 0 0 0 0 0 0 0 0 0 0 0 0 0 0 0 0 0 0 1 48 1 0 0 1 1 0 0 0 0 0 0 0 0 0 0 0 0 0 0 0 0 0 0 1 1 0 0 0 0 0 0 0 0 0 0 0 7 1 0 0 0 0 0 0 0 0 0 0 0 0 0 0 0 0 0 0 0 0 0 0 0 0 0 0 0 0 0 0 0 0 0 0 0 0 0 0 1 225 1 0 0 0 0 0 0 0 0 0 0 0 0 0 1 1 1 1 0 0 0 0 0 0 0 0 0 0 0 1 1 1 0 1 1 191 255 255 255 5 1 10 1 0 0 0 1 1 0 1 1 0 0 0 0 0 0 0 0 0 0 0 0 0 0 0 0 0 0 0 0 0 0 0 0 0 0 0 0 1 1 1 166 40 0 0 1 1 0 0 0 0 0 0 0 0 0 0 0 0 0 0 0 0 0 0 0 0 0 0 0 0 0 0 0 0 0 0 0 0 0 0 0 0 0 0 0 1 1 1 8 89 16 1 1 0 1 1 1 1 1 0 0 0 0 1 1 1 1 1 1 1 1 1 1 48 2 1 1 0 0 0 0 0 0 0 0 0 0 0 0 1 2 33 40 40 39 36 5 1 1 1 0 0 0 0 0 0 0 0 1 1 0 0 0 0 0 27 2 188 255 255 255 14 1 203 1 0 1 1 1 2 1 1 1 1 1 1 0 1 0 1 52 217 30 1 1 1 0 1 82 1 1 1 1 1 3 1 2 3 3 2 1 1 1 1 1 1 1 1 3 23 54 63 65 63 47 11 2 1 1 1 1 1 3 1 1 1 1 1 1 2 1 1 1 1 1 1 1 1 1 1 6 1 1 1 1 1 1 1 253 249 1 1 1 1 1 1 1 1 0 0 0 0 0 0 0 0 0 0 0 0 0 0 0 0 0 0 0 0 0 0 0 0 0 0 0 0 0 0 0 0 0 0 0 0 0 0 0 0 0 0 0 0 0 0 0 0 0 0 0 0 0 1 1
0 0 0 0 0 0 0 0 0 0 0 0 0 0 0 1 2 1 0 0 0 0 0 1 0 0 1 1 1 0 1 2 255 215 1 1 1 3 0 0 0 0 0 0 0 0 0 0 0 0 0 0 0 0 0 0 0 0 0 0 0 0 0 0 0 0 0 0 0 0 0 0 0 0 0 0 0 1 48 1 0 0 1 0 0 0 0 0 0 0 0 0 0 0 0 0 0 0 0 0 0 0 1 1 0 0 0 0 0 0 0 0 0 0 1 6 0 1 1 1 1 1 1 0 0 0 0 0 0 0 0 0 0 0 0 0 0 0 0 0 0 0 0 0 0 0 0 0 0 0 0 0 0 0 0 1 223 1 0 0 0 0 0 0 0 0 0 0 0 0 0 0 0 0 1 1 0 0 0 0 0 0 0 0 0 0 0 0 1 1 1 1 0 1 2 255 255 255 252 1 1 0 0 1 1 1 0 1 0 0 0 0 0 0 0 0 0 0 0 0 0 0 0 0 0 0 0 0 0 0 0 0 0 0 0 0 0 0 23 173 1 0 1 7 33 15 1 0 0 0 0 0 0 0 0 0 0 0 0 0 0 0 0 0 0 0 0 0 0 0 0 0 0 0 0 0 0 0 0 0 0 0 0 1 1 1 66 59 1 1 0 1 1 1 1 1 0 0 0 0 0 0 0 0 1 0 0 1 13 58 57 49 46 94 44 19 2 1 1 1 1 1 1 1 1 1 5 38 40 27 1 1 1 1 1 1 1 1 0 0 0 0 0 0 0 0 0 1 0 0 0 0 0 0 1 31 255 231 146 253 1 1 205 1 1 1 0 1 1 1 0 1 1 2 1 0 1 1 1 1 39 232 156 1 1 1 1 86 1 1 1 1 1 3 1 1 1 1 1 2 3 3 2 1 1 1 5 7 6 1 1 1 1 3 31 56 63 64 64 62 61 72 60 50 31 14 6 3 4 5 1 1 1 1 3 4 4 2 1 6 1 1 1 1 1 1 1 88 255 1 1 1 1 1 1 1 1 1 1 1 0 0 0 0 0 0 0 0 0 0 0 0 0 0 0 0 0 0 0 0 0 0 0 0 0 0 0 0 0 0 0 0 0 0 0 0 0 0 0 0 0 0 0 0 0 0 0 0 0 0 0 1
0 0 0 0 0 0 0 0 0 0 0 0 0 0 0 1 2 1 1 1 1 1 1 1 1 1 1 1 1 1 1 254 255 1 1 1 1 2 2 0 0 0 0 0 0 0 0 0 0 0 0 0 0 0 0 0 0 0 0 0 0 0 0 0 0 0 0 0 0 0 0 0 0 0 0 0 0 1 43 0 0 0 1 0 0 0 0 0 0 0 0 0 0 0 0 0 0 0 0 0 0 0 1 1 0 0 0 0 0 0 0 0 0 0 5 1 1 1 1 0 0 0 1 1 1 1 0 0 0 0 0 0 0 0 0 0 0 0 0 0 0 0 0 0 0 0 0 0 0 0 0 0 0 0 0 5 222 0 0 0 0 0 0 0 0 0 0 0 0 0 0 0 0 0 1 1 1 0 0 0 0 0 0 0 0 0 0 0 0 0 0 1 1 1 1 1 1 206 255 255 255 233 1 1 0 1 1 1 0 0 0 0 0 0 0 0 0 0 0 0 0 0 0 0 0 0 0 0 0 0 0 0 0 0 0 0 0 1 187 3 1 8 58 30 5 32 23 0 0 0 0 0 0 0 0 0 0 0 0 0 0 0 0 0 0 0 0 0 0 0 0 0 0 0 0 0 0 0 0 0 0 1 1 1 26 89 5 1 0 1 1 1 1 1 0 0 0 0 0 0 0 0 0 0 0 1 46 59 24 1 1 0 1 1 46 6 30 40 41 41 41 41 41 40 40 39 20 1 1 1 1 1 0 0 0 0 0 0 0 0 0 0 0 0 0 0 1 1 0 0 0 0 0 0 1 37 255 1 5 253 118 1 56 167 1 1 1 1 1 1 0 0 0 1 1 2 1 2 1 2 84 1 185 225 3 1 1 87 1 0 1 1 1 2 1 1 1 0 0 1 1 1 1 2 3 6 1 1 1 3 5 3 1 1 1 1 1 1 1 1 1 4 3 4 15 32 46 55 61 74 85 89 82 11 1 1 1 2 1 5 1 1 1 1 1 1 1 1 255 233 1 1 1 1 1 1 1 1 1 1 1 1 1 0 0 0 0 0 0 0 0 0 0 0 0 0 0 0 0 0 0 0 0 0 0 0 0 0 0 0 0 0 0 0 0 0 0 0 0 0 0 0 0 0 0 0 0 0 0 0 0 1
0 0 0 0 0 0 0 0 0 0 0 0 0 0 1 3 1 1 1 1 1 1 1 1 0 0 0 1 1 1 1 255 255 1 1 1 0 0 2 2 0 0 0 0 0 0 0 0 0 0 0 0 0 0 0 0 0 0 0 0 0 0 0 0 0 0 0 0 0 0 0 0 0 0 0 0 0 3 32 0 0 1 1 0 0 0 0 0 0 0 0 0 0 0 0 0 0 0 0 0 0 0 1 1 1 1 1 1 0 0 0 0 0 0 7 1 0 0 0 0 0 0 0 0 0 0 0 0 0 0 0 0 0 0 0 0 0 0 0 0 0 0 0 0 0 0 0 0 0 0 0 0 0 0 0 198 74 0 0 0 0 0 0 0 0 0 0 0 0 0 0 0 0 0 0 1 1 0 0 0 0 0 0 0 0 0 0 0 0 0 0 0 1 1 1 1 1 1 1 1 242 255 255 255 177 1 1 1 1 1 0 0 0 0 0 0 0 0 0 0 0 0 0 0 0 0 0 0 0 0 0 0 0 0 0 0 1 168 38 1 52 33 1 0 1 1 60 1 0 0 0 0 0 0 0 0 0 0 0 0 0 0 0 0 0 0 0 0 0 0 0 0 0 0 0 0 0 0 0 0 1 1 3 87 36 1 1 1 1 1 1 1 0 0 0 0 0 0 0 0 0 0 0 1 11 54 2 1 0 0 0 0 0 1 32 4 0 0 0 0 0 0 0 0 0 0 0 0 0 0 0 0 0 0 0 0 0 0 0 0 0 0 0 0 0 1 1 0 0 0 0 0 0 0 2 24 255 253 248 241 4 101 1 104 130 1 1 1 0 0 0 0 0 0 0 1 1 1 2 89 1 1 1 43 237 12 1 81 1 1 1 0 3 1 1 1 1 1 0 1 0 0 0 1 1 1 1 1 1 1 1 1 3 3 3 3 1 1 1 1 1 2 1 1 1 1 1 1 1 1 1 1 1 48 67 16 2 2 1 5 1 1 1 1 1 1 1 1 214 255 1 1 1 1 1 1 1 1 1 1 1 0 1 1 1 1 1 0 0 0 0 0 0 0 0 0 0 0 0 0 0 0 0 0 0 0 0 0 0 0 0 0 0 0 0 0 0 0 0 0 0 0 0 0 0 0 0 0 0 0 0 1
0 0 0 0 0 0 0 0 0 0 0 0 0 0 2 1 0 0 0 1 1 1 0 0 0 0 1 1 1 1 1 255 251 1 1 0 0 0 0 3 2 0 0 0 0 0 0 0 0 0 0 0 0 0 0 0 0 0 0 0 0 0 0 0 0 0 0 0 0 0 0 0 0 0 0 0 0 6 23 0 0 1 0 0 0 0 0 0 0 0 0 0 0 0 0 0 0 0 0 0 0 0 1 0 0 0 0 0 1 1 1 1 1 1 6 0 0 0 0 0 0 0 0 0 0 0 0 0 0 0 0 0 0 0 0 0 0 0 0 0 0 0 0 0 0 0 0 0 0 0 0 0 0 0 1 223 1 0 0 0 0 0 0 0 0 0 0 0 0 0 0 0 0 0 0 0 1 1 0 0 0 0 0 0 0 0 0 0 1 1 1 1 1 1 1 1 1 0 0 1 1 1 1 252 255 255 255 1 1 1 1 0 1 1 0 0 0 0 0 0 0 0 0 0 0 0 0 0 0 0 0 0 0 0 0 1 162 64 23 58 1 0 0 0 0 0 33 7 0 0 0 0 0 0 0 0 0 0 0 0 0 0 0 0 0 0 0 0 0 0 0 0 0 0 0 0 0 0 0 1 3 85 73 1 1 1 1 1 1 1 0 0 0 0 0 0 0 0 0 0 0 1 1 51 26 1 1 0 0 0 0 0 0 1 1 51 1 0 0 0 0 0 0 0 0 0 0 0 0 0 0 0 0 0 0 0 0 0 0 0 0 0 0 0 1 1 0 0 0 0 0 0 0 1 27 2 255 22 221 221 1 110 1 1 121 189 14 1 1 1 0 0 0 0 0 0 1 1 28 42 1 5 1 1 15 234 22 43 1 1 1 1 4 1 1 1 1 1 1 1 1 1 0 1 2 1 1 1 1 1 1 1 1 1 1 1 1 3 3 2 1 1 0 0 1 1 1 1 1 1 1 1 1 1 1 27 68 56 6 2 4 1 1 1 1 1 1 1 6 255 2 1 1 0 1 1 1 1 1 0 1 1 1 0 0 1 1 1 1 0 0 0 0 0 0 0 0 0 0 0 0 0 0 0 0 0 0 0 0 0 0 0 0 0 0 0 0 0 0 0 0 0 0 0 0 0 0 0 0 0 0 0
0 0 0 1 1 0 0 0 0 0 0 0 0 1 3 0 1 1 1 1 0 0 0 0 0 1 1 1 1 1 1 255 243 1 0 0 0 0 0 0 3 1 0 0 0 0 0 0 0 0 0 0 0 0 0 0 0 0 0 0 0 0 0 0 0 0 0 0 0 0 0 0 0 0 0 0 0 7 20 0 0 1 0 0 0 0 0 0 0 0 0 0 0 0 0 0 0 0 0 0 0 0 1 0 0 0 0 0 0 0 0 0 0 6 1 0 0 0 0 0 0 0 0 0 0 0 0 0 0 0 0 0 0 0 0 0 0 0 0 0 0 0 0 0 0 0 0 0 0 0 0 0 0 0 1 223 1 0 0 0 0 0 0 0 0 0 0 0 0 0 0 0 0 0 0 0 0 1 1 0 0 0 0 0 0 1 1 1 1 1 1 0 0 0 0 0 0 0 0 0 1 1 1 1 1 58 255 255 2 1 1 1 1 1 1 1 1 0 0 0 0 0 0 0 0 0 0 0 0 0 0 0 0 0 8 185 50 2 50 0 0 0 0 1 1 0 1 61 1 0 0 0 0 0 0 0 0 0 0 0 0 0 0 0 0 0 0 0 0 0 0 0 0 0 0 0 0 1 5 86 76 1 1 0 1 1 1 1 0 0 0 0 0 0 0 0 0 0 0 0 1 10 55 1 1 1 0 0 0 0 0 0 0 1 1 51 1 0 0 0 0 0 0 0 0 0 0 0 0 0 0 0 0 0 0 0 0 0 0 0 0 0 0 1 1 0 0 0 0 0 0 0 0 1 6 25 255 1 155 194 189 3 98 1 1 10 184 154 1 1 1 0 0 0 0 0 1 6 58 1 7 1 1 1 1 234 109 6 5 4 3 1 4 1 0 1 1 1 1 1 1 1 1 2 1 1 1 0 1 1 1 1 1 1 0 0 1 1 1 4 8 3 1 0 0 0 2 2 1 1 1 2 2 1 1 1 1 8 65 73 4 1 1 1 1 1 1 1 1 255 83 1 1 1 0 1 1 1 1 1 0 1 1 1 0 0 0 1 1 1 1 0 0 0 0 0 0 0 0 0 0 0 0 0 0 0 0 0 0 0 0 0 0 0 0 0 0 0 0 0 0 0 0 0 0 0 0 0 0 0 0 0
3 2 1 1 1 1 1 1 1 1 1 1 1 3 1 1 1 1 1 0 0 0 0 1 1 1 1 1 1 1 22 255 244 1 0 0 0 0 0 0 0 3 1 0 0 0 0 0 0 0 0 0 0 0 0 0 0 0 0 0 0 0 0 0 0 0 0 0 0 0 0 0 0 0 0 0 0 8 19 0 1 1 0 0 0 0 0 0 0 0 0 0 0 0 0 0 0 0 0 0 0 0 1 0 0 0 0 0 0 0 0 0 0 7 0 0 0 0 0 0 0 0 0 0 0 0 0 0 0 0 0 0 0 0 0 0 0 0 0 0 0 0 0 0 0 0 0 0 0 0 0 0 0 0 82 193 0 0 0 0 0 0 0 0 0 0 0 0 0 0 0 0 0 0 0 0 0 0 1 1 0 0 1 1 1 1 1 0 0 0 0 0 0 0 0 0 0 0 0 0 0 0 0 0 1 1 1 254 255 2 1 1 1 1 1 1 1 0 0 0 0 0 0 0 0 0 0 0 0 0 0 0 1 110 183 5 0 59 1 0 0 0 0 1 0 0 1 51 2 0 0 0 0 0 0 0 0 0 0 0 0 0 0 0 0 0 0 0 0 0 0 0 0 0 1 1 34 91 69 1 1 1 1 1 1 1 0 0 0 0 0 0 0 0 0 0 0 0 0 1 28 27 1 1 1 0 0 0 0 0 0 0 0 1 1 45 1 0 0 0 0 0 0 0 0 0 0 0 0 0 0 0 0 0 0 0 0 0 0 0 0 0 0 1 0 0 0 0 0 0 0 0 0 1 1 248 255 1 1 221 221 1 53 35 1 1 1 59 195 55 1 1 1 0 0 0 1 85 1 1 0 1 1 1 1 43 242 1 1 1 1 2 1 1 1 1 1 0 0 0 1 0 1 1 1 1 0 0 0 1 1 1 1 1 0 0 1 0 1 1 1 1 4 3 1 1 1 1 3 3 1 1 1 1 3 2 1 1 1 44 105 6 1 1 1 1 1 1 1 255 230 1 1 1 0 0 1 1 1 1 1 0 0 1 1 1 0 0 0 1 1 1 1 1 0 0 0 0 0 0 0 0 0 0 0 0 0 0 0 0 0 0 0 0 0 0 0 0 0 0 0 0 0 0 0 0 0 0 0 0 0 1
255 255 255 255 255 255 255 255 255 255 255 255 255 255 255 255 255 255 255 255 255 255 255 253 253 248 242 245 253 255 255 253 255 1 0 0 1 1 1 0 0 1 4 1 0 0 0 0 0 0 0 0 0 0 0 0 0 0 0 0 0 0 0 0 0 0 0 0 0 0 0 0 0 0 0 0 0 9 18 0 1 0 0 0 0 0 0 0 0 0 0 0 0 0 0 0 0 0 0 0 0 0 1 0 0 0 0 0 0 0 0 0 1 4 0 0 0 0 0 0 0 0 0 0 0 0 0 0 0 0 0 0 0 0 0 0 0 0 0 0 0 0 0 0 0 0 0 0 0 0 0 0 0 1 222 2 0 0 0 0 0 0 0 0 0 0 0 0 0 0 0 0 0 0 0 0 0 0 0 1 1 1 1 1 0 0 0 0 0 0 0 0 0 0 0 0 0 0 0 0 0 0 1 1 0 1 1 1 252 255 3 1 1 1 0 1 1 0 0 0 0 0 0 0 0 0 0 0 0 0 1 11 185 119 1 0 1 62 0 0 0 0 1 1 0 0 1 1 54 0 0 0 0 0 0 0 0 0 0 0 0 0 0 0 0 0 0 0 0 0 1 1 7 77 92 90 30 1 0 0 1 1 1 1 0 0 0 0 0 0 0 0 0 0 0 0 0 0 1 41 10 1 1 1 0 0 0 0 0 0 0 0 0 1 1 51 1 1 0 0 0 0 0 0 0 0 0 0 0 0 0 0 0 0 0 0 0 0 0 0 0 0 1 1 0 0 0 0 0 0 0 1 1 1 1 255 161 8 1 137 196 200 1 112 1 1 1 1 1 154 146 1 1 1 0 1 66 5 1 0 0 1 1 0 0 1 240 75 1 1 1 1 1 1 1 1 1 1 0 1 1 1 1 1 1 0 0 0 1 1 1 1 1 1 0 1 1 1 1 1 1 0 1 1 4 8 1 1 1 1 1 1 1 1 2 4 10 10 13 2 2 93 38 1 1 1 1 1 1 255 237 1 1 1 0 1 1 1 0 0 1 1 1 0 1 1 1 1 0 0 1 1 0 1 1 1 1 1 0 0 0 0 0 0 0 0 0 0 0 0 0 0 0 0 0 0 0 0 0 0 0 0 0 0 0 0 0 0 0 0 0 1
1 2 7 106 246 191 200 201 174 158 186 234 238 248 253 254 255 255 255 255 255 255 255 255 255 255 255 255 255 255 255 156 255 39 22 20 19 17 18 17 16 15 13 10 1 0 0 0 0 0 0 1 0 0 0 0 0 0 0 0 0 0 0 0 0 0 0 0 0 0 0 0 0 0 0 0 0 13 13 0 1 0 0 0 0 0 0 0 0 0 0 0 0 0 0 0 0 0 0 0 0 0 1 0 0 0 0 0 0 0 0 0 7 1 0 0 0 0 0 0 0 0 0 0 0 0 0 0 0 0 0 0 0 0 0 0 0 0 0 0 0 0 0 0 0 0 0 0 0 0 0 0 0 1 223 1 0 0 0 0 0 0 0 0 0 0 0 0 0 0 0 0 0 0 0 0 0 0 0 1 0 0 0 0 0 0 0 0 0 0 0 0 0 0 0 0 0 0 0 0 0 0 0 1 1 0 0 1 1 251 255 93 1 1 1 0 1 1 0 0 0 0 0 0 0 0 0 0 0 1 133 181 7 0 0 0 48 3 0 0 0 0 1 0 0 0 0 1 60 1 0 0 0 0 0 0 0 0 0 0 0 0 0 0 0 0 1 1 6 74 92 91 64 3 1 1 1 1 1 1 1 1 0 0 0 0 0 0 0 0 0 0 0 0 0 0 1 1 49 4 1 1 0 0 0 0 0 0 0 0 0 0 0 1 1 53 1 1 0 0 0 0 0 0 0 0 0 0 0 0 0 0 0 0 0 0 0 0 0 0 0 1 1 0 0 0 0 0 0 0 1 1 1 1 241 255 1 5 19 1 223 218 3 23 64 1 1 0 1 1 66 182 2 1 1 21 40 1 1 0 1 1 1 0 0 1 163 245 247 216 12 1 1 1 1 1 1 1 1 1 1 1 2 1 1 0 0 0 0 1 0 1 1 1 0 1 1 1 1 1 0 0 0 1 1 8 1 1 2 1 1 1 1 1 2 1 1 1 1 1 1 1 55 78 1 1 1 1 1 255 215 1 1 1 0 1 1 0 0 0 0 1 1 1 0 1 1 1 1 1 1 1 1 0 0 1 1 1 1 1 1 1 1 1 0 0 0 0 0 0 0 0 0 0 0 0 0 0 0 0 0 0 0 0 0 0 0 0 0 0 0 1
1 1 1 13 1 1 1 1 1 1 0 1 1 0 1 1 1 1 1 1 1 1 1 1 1 1 1 1 1 8 207 255 251 1 1 1 1 1 1 1 1 1 1 8 22 1 1 0 0 1 1 1 0 0 0 0 0 0 0 0 0 0 0 0 0 0 0 0 0 0 0 0 0 0 0 0 0 29 4 1 1 0 0 0 0 0 0 0 0 0 0 0 0 0 0 0 0 0 0 0 0 0 1 0 0 0 0 0 0 0 0 1 6 0 0 0 0 0 0 0 0 0 0 0 0 0 0 0 0 0 0 0 0 0 0 0 0 0 0 0 0 0 0 0 0 0 0 0 0 0 0 0 1 57 202 0 0 0 0 0 0 0 0 0 0 0 0 0 0 0 0 0 0 0 0 0 0 0 1 1 0 0 0 0 0 0 0 0 0 0 0 0 0 0 0 0 0 0 0 0 0 0 0 0 0 0 0 0 0 1 232 255 255 1 1 1 1 1 1 0 0 0 0 0 0 0 0 1 30 191 97 1 0 0 0 1 63 0 0 0 0 1 1 0 0 0 0 0 5 37 0 0 0 0 0 0 0 0 0 0 0 0 1 1 7 75 91 91 66 3 1 1 1 1 0 1 1 1 1 0 0 0 0 0 0 0 0 0 0 0 0 0 0 0 0 0 1 45 3 1 1 0 0 0 0 0 0 0 0 0 0 0 0 0 1 53 1 1 0 0 0 0 0 0 0 0 0 0 0 0 0 0 0 0 0 0 0 0 0 0 1 1 0 0 0 0 0 0 0 0 1 0 1 1 255 50 1 1 11 4 63 209 213 1 107 1 1 1 1 1 1 9 188 83 2 81 1 1 1 1 1 1 1 1 1 1 167 1 3 202 247 247 239 73 1 1 1 1 1 1 1 1 2 1 1 0 0 0 0 0 0 1 1 0 0 1 1 1 1 1 1 1 0 0 1 7 1 1 1 1 1 1 1 1 1 1 0 1 1 1 1 1 1 21 80 1 1 1 1 255 93 1 1 1 1 1 0 0 0 0 0 1 1 1 1 1 0 1 1 1 1 1 1 1 1 1 1 1 1 1 1 1 1 1 1 1 1 1 0 0 0 0 0 0 0 0 0 0 0 0 0 0 0 0 0 0 0 0 0 0 0 1
1 1 6 2 1 1 1 0 0 0 1 2 1 1 1 1 1 1 0 1 1 1 1 1 1 1 1 0 0 1 6 244 3 0 0 0 1 1 1 0 0 0 0 1 2 21 1 1 1 1 0 1 0 0 0 0 0 0 0 0 0 0 0 0 0 0 0 0 0 0 0 0 0 0 0 0 0 45 1 1 0 0 0 0 0 0 0 0 0 0 0 0 0 0 0 0 0 0 0 0 0 0 1 0 0 0 0 0 0 0 1 7 1 0 0 0 0 0 0 0 0 0 0 0 0 0 0 0 0 0 0 0 0 0 0 0 0 0 0 0 0 0 0 0 0 0 0 0 0 0 0 0 1 220 3 0 0 0 0 0 0 0 0 0 0 0 0 0 0 0 0 0 0 0 0 0 0 1 1 0 0 0 0 0 0 0 0 0 0 0 0 0 0 0 0 0 0 0 0 0 0 0 0 0 0 0 0 0 0 0 1 3 255 255 1 1 1 1 1 1 0 0 0 0 0 0 1 147 173 3 1 0 0 0 0 27 12 0 0 0 1 1 0 0 0 0 0 0 1 60 1 0 0 0 0 0 0 0 0 1 5 78 93 92 65 3 1 1 1 1 1 0 1 1 1 1 1 0 0 0 0 0 0 0 0 0 0 0 0 0 0 0 0 0 1 1 30 9 1 1 0 0 0 0 0 0 0 0 0 0 0 0 0 0 1 53 1 1 0 0 0 0 0 0 0 0 0 0 0 0 0 0 0 0 0 0 0 0 0 1 1 0 0 0 0 0 0 0 0 0 1 1 1 251 255 1 0 1 1 26 1 216 213 36 4 92 1 1 1 1 0 1 1 128 192 151 119 59 69 112 97 113 20 1 1 1 167 1 1 1 1 1 119 244 247 247 218 13 1 1 1 1 1 1 1 1 1 1 1 1 1 1 1 0 0 1 1 0 0 1 1 1 0 0 7 1 1 1 1 0 1 2 1 1 1 1 0 0 1 1 1 1 1 1 73 22 1 1 1 255 6 1 1 1 1 1 1 0 0 0 0 0 1 1 1 1 1 1 0 0 1 1 1 1 1 1 1 1 1 1 1 0 0 1 1 1 1 1 1 1 1 1 1 1 0 0 0 0 0 0 0 0 0 0 0 0 0 0 0 0 1 1
1 1 10 0 1 1 0 0 0 0 2 1 0 0 0 0 0 0 0 0 0 0 0 0 0 0 1 1 1 0 1 244 1 0 0 0 0 1 1 0 0 0 0 0 1 3 19 1 1 0 0 1 0 0 0 0 0 0 0 0 0 0 0 0 0 0 0 0 0 0 0 0 0 0 0 0 0 47 1 1 0 0 0 0 0 0 0 0 0 0 0 0 0 0 0 0 0 0 0 0 0 0 1 0 0 0 0 0 0 1 7 1 1 0 0 0 0 0 0 0 0 0 0 0 0 0 0 0 0 0 0 0 0 0 0 0 0 0 0 0 0 0 0 0 0 0 0 0 0 0 0 1 1 222 1 0 0 0 0 0 0 0 0 0 0 0 0 0 0 0 0 0 0 0 0 0 0 1 1 0 0 0 0 0 0 0 0 0 0 0 0 0 0 0 0 0 0 0 0 0 0 0 0 0 0 0 0 0 0 0 0 0 1 255 255 5 1 1 1 1 1 0 0 0 1 44 184 76 1 1 0 0 0 0 0 63 0 1 1 1 1 0 0 0 0 0 0 0 0 17 19 0 0 0 0 0 0 1 36 94 72 3 1 1 1 0 0 0 1 1 0 0 1 1 1 0 0 0 0 0 0 0 0 0 0 0 0 0 0 0 0 0 0 1 1 21 18 1 1 0 0 0 0 0 0 0 0 0 0 0 0 0 0 0 1 52 1 1 0 0 0 0 0 0 0 0 0 0 0 0 0 0 0 0 0 0 0 0 1 1 0 0 0 0 0 0 0 0 0 1 1 1 1 255 5 1 0 0 1 27 1 2 221 220 1 85 6 1 1 1 1 0 1 1 1 1 9 66 56 14 33 12 104 142 140 90 184 1 1 1 1 1 1 1 1 3 192 245 247 245 196 68 1 1 1 1 1 1 1 1 1 1 1 1 1 1 0 0 0 1 1 1 1 1 9 1 1 0 1 1 1 3 2 2 1 0 0 0 1 1 1 0 1 1 1 101 6 1 2 255 1 1 1 1 1 1 1 1 0 0 0 0 0 1 0 0 1 1 1 1 1 1 1 1 1 1 1 1 1 1 1 1 1 1 1 1 1 1 1 1 1 1 1 1 1 1 1 1 0 0 0 0 0 0 0 0 0 0 0 1 1 0
0 9 1 1 1 1 1 1 1 1 2 0 0 0 0 0 0 0 0 0 0 0 0 0 0 0 1 0 1 0 3 244 1 0 0 0 0 0 1 1 1 1 1 1 1 1 2 17 1 1 1 1 0 0 0 0 0 0 0 0 0 0 0 0 0 0 0 0 0 0 0 0 0 0 0 0 0 47 1 1 0 0 0 0 0 0 0 0 0 0 0 0 0 0 0 0 0 0 0 0 0 0 1 0 0 0 0 0 2 6 1 1 0 0 0 0 0 0 0 0 0 0 0 0 0 0 0 0 0 0 0 0 0 0 0 0 0 0 0 0 0 0 0 0 0 0 0 0 0 0 0 1 84 186 1 0 0 0 0 0 0 0 0 0 0 0 0 0 0 0 0 0 0 0 0 0 1 1 0 0 0 0 0 0 0 0 0 0 0 0 0 0 0 0 0 0 0 0 0 0 0 0 0 0 0 0 0 0 0 0 0 0 0 1 251 255 2 1 1 1 1 0 0 1 126 164 7 1 1 0 0 0 0 0 9 31 1 1 0 0 0 0 0 0 0 0 0 0 0 1 61 1 0 0 0 1 27 91 29 1 0 0 0 0 0 0 0 0 0 1 1 0 1 1 0 0 0 0 0 0 0 0 0 0 0 0 0 0 0 0 0 1 1 1 32 19 1 1 0 0 0 0 0 0 0 0 0 0 0 0 0 0 0 0 1 44 1 1 0 0 0 0 0 0 0 0 0 0 0 0 0 0 0 0 0 0 0 1 1 0 0 0 0 0 0 0 0 0 0 1 1 1 253 253 1 0 0 0 0 26 1 1 191 216 103 1 105 1 1 1 1 1 1 1 1 1 1 1 1 1 1 1 1 1 1 31 65 65 1 1 1 1 1 1 1 1 1 1 1 13 215 244 247 247 247 247 247 247 244 173 2 1 1 1 1 1 1 1 1 1 1 0 0 2 4 1 0 0 0 1 1 3 1 1 0 0 0 1 1 1 1 0 1 1 1 2 103 5 5 255 1 1 1 1 1 1 0 1 1 1 1 1 0 1 1 0 0 1 1 1 1 1 1 1 0 0 0 0 1 1 1 1 1 1 1 1 1 1 1 1 1 1 1 1 1 1 1 1 1 1 1 1 1 1 0 0 0 1 1 1 1 0
1 12 1 1 1 0 0 0 0 2 1 0 0 0 0 0 0 0 0 0 0 0 0 0 0 0 1 0 0 0 24 244 1 0 0 0 0 0 0 1 1 1 1 1 1 1 1 3 19 1 1 0 0 0 0 0 0 0 0 0 0 0 0 0 0 0 0 0 0 0 0 0 0 0 0 0 0 47 1 0 0 0 0 0 0 0 0 0 0 0 0 0 0 0 0 0 0 0 0 0 0 1 1 0 0 0 0 0 7 1 0 0 0 0 0 0 0 0 0 0 0 0 0 0 0 0 0 0 0 0 0 0 0 0 0 0 0 0 0 0 0 0 0 0 0 0 0 0 0 0 0 1 220 1 1 0 0 0 0 0 0 0 0 0 0 0 0 0 0 0 0 0 0 0 0 0 1 1 0 0 0 0 0 0 0 0 0 0 0 0 0 0 0 0 0 0 0 0 0 0 0 0 0 0 0 0 0 0 0 0 0 0 0 0 1 254 255 1 1 1 1 1 5 162 106 1 1 0 0 0 0 0 0 0 64 1 1 0 0 0 0 0 0 0 0 0 0 1 0 1 37 5 1 1 2 59 54 1 1 0 0 0 0 1 0 0 0 0 0 0 1 0 1 0 0 0 0 0 0 0 0 0 0 0 0 0 0 0 0 0 1 1 17 60 7 1 1 0 0 0 0 0 0 0 0 0 0 0 0 0 0 0 0 0 1 2 38 1 1 0 0 0 0 0 0 0 0 0 0 0 0 0 0 0 0 0 0 1 0 0 0 0 0 0 0 0 0 0 0 1 1 5 255 1 0 0 0 0 0 3 13 1 1 223 220 1 30 51 1 1 1 1 1 1 1 1 0 0 1 1 0 0 0 0 0 1 1 122 1 1 1 1 0 0 0 1 1 1 1 1 1 1 1 1 1 3 1 1 10 225 247 247 241 86 1 1 1 1 1 1 1 1 0 9 1 1 0 0 0 1 1 1 4 1 0 0 1 1 1 1 1 1 1 0 1 1 2 110 28 255 1 1 1 1 1 1 1 1 0 1 1 1 1 1 1 0 1 1 0 1 1 1 1 1 1 1 1 1 1 1 1 1 1 1 1 1 1 1 1 1 1 1 1 1 1 1 1 1 1 1 1 1 1 1 1 1 1 1 1 1 1 1
1 9 0 0 0 0 0 0 1 2 0 0 0 0 0 0 0 0 0 0 0 0 0 0 0 0 1 0 0 0 100 236 1 0 0 0 0 0 0 0 1 1 1 0 0 0 1 1 1 20 1 1 0 0 0 0 0 0 0 0 0 0 0 0 0 0 0 0 0 0 0 0 0 0 0 0 1 47 1 0 0 0 0 0 0 0 0 0 0 0 0 0 0 0 0 0 0 0 0 0 0 1 1 0 0 0 0 0 7 0 0 0 0 0 0 0 0 0 0 0 0 0 0 0 0 0 0 0 0 0 0 0 0 0 0 0 0 0 0 0 0 0 0 0 0 0 0 0 0 0 0 1 222 1 1 0 0 0 0 0 0 0 0 0 0 0 0 0 0 0 0 0 0 0 0 1 1 0 0 0 0 0 0 0 0 0 0 0 0 0 0 0 0 0 0 0 0 0 0 0 0 0 0 0 0 0 0 0 0 0 0 0 0 0 0 1 255 255 1 1 1 17 164 50 1 1 0 0 0 0 0 0 0 2 53 1 0 0 0 0 0 0 0 0 0 0 0 1 1 1 1 57 1 6 48 1 1 19 1 0 0 0 0 1 0 0 0 0 0 0 1 1 1 0 0 0 0 0 0 0 0 0 0 0 0 0 0 0 0 1 30 60 18 1 1 0 0 0 0 0 0 0 0 0 0 0 0 0 0 0 0 0 0 0 1 1 54 1 1 1 0 0 0 0 0 0 0 0 0 0 0 0 0 0 0 0 1 1 0 0 0 0 0 0 0 0 0 0 1 1 1 255 248 1 0 0 0 0 0 1 27 1 1 101 223 167 1 47 39 1 1 1 1 1 1 1 1 1 1 1 0 0 0 0 0 0 1 37 59 1 1 0 0 0 0 1 1 1 1 1 1 1 1 1 1 1 1 1 1 1 1 1 97 241 247 247 219 15 1 1 1 1 1 13 1 1 0 1 1 1 1 1 4 1 1 1 1 0 0 1 1 1 1 0 0 1 1 63 185 255 1 1 1 1 1 0 0 1 1 0 1 0 1 1 1 1 1 0 1 1 1 1 1 0 0 0 1 1 1 1 1 1 1 1 1 1 1 1 1 1 1 1 1 1 1 1 1 1 1 1 1 1 1 1 1 1 1 1 1 1 1 1
0 8 1 1 1 0 0 0 3 1 0 0 0 0 0 0 0 0 0 0 0 0 0 0 0 0 0 0 0 0 155 228 0 0 0 0 0 0 0 0 0 0 0 0 1 1 1 0 0 1 21 1 1 1 0 0 0 0 0 0 0 0 0 0 0 0 0 0 0 0 0 0 0 0 0 0 1 47 1 0 0 0 0 0 0 0 0 0 0 0 0 0 0 0 0 0 0 0 0 0 0 1 0 0 0 0 0 0 7 0 0 0 0 0 0 0 0 0 0 0 0 0 0 0 0 0 0 0 0 0 0 0 0 0 0 0 1 1 1 1 1 0 0 0 0 0 0 0 0 0 0 186 89 0 1 0 0 0 0 0 0 0 0 0 0 0 0 0 0 0 0 0 0 0 0 1 1 0 0 0 0 0 0 0 0 0 0 0 0 0 0 0 0 0 0 0 0 0 0 0 0 0 0 0 0 0 0 0 0 0 0 0 0 0 0 0 1 255 255 1 19 165 30 1 1 0 0 0 0 0 0 0 1 60 1 1 0 0 0 0 0 0 0 0 0 0 0 0 0 1 1 36 61 36 1 0 1 4 6 1 0 0 1 1 1 0 0 0 0 1 1 0 0 0 0 0 0 0 0 0 0 0 0 0 0 0 0 1 17 60 8 1 1 0 0 0 0 0 0 0 0 0 0 0 0 0 0 0 0 0 0 0 0 0 0 1 6 41 1 1 1 0 0 0 0 0 0 0 0 0 0 0 0 0 0 0 1 0 0 0 0 0 0 0 0 0 0 0 1 1 248 255 1 1 1 1 1 1 0 0 12 6 1 1 208 228 2 1 28 74 1 1 1 1 1 1 1 1 1 1 1 0 0 0 0 1 1 1 122 1 1 0 0 0 0 0 1 1 1 1 1 1 1 1 1 1 1 1 1 1 1 1 1 1 1 175 230 250 250 243 27 1 2 7 1 1 1 1 0 1 1 2 2 2 1 1 1 1 0 0 1 1 0 0 0 0 1 1 249 255 1 1 1 0 1 1 1 1 1 1 1 0 1 0 1 1 1 1 1 0 1 1 1 0 1 1 1 1 1 1 1 0 1 1 1 1 1 1 1 1 1 1 1 1 1 1 1 1 1 1 1 1 1 1 1 1 1 1 1 1 1 1
0 7 1 0 1 1 0 1 1 0 0 0 0 0 0 0 0 0 0 0 0 0 0 0 0 0 0 0 0 0 196 207 0 0 0 0 0 0 0 0 0 1 0 1 1 1 0 0 0 0 1 21 1 1 1 0 0 0 0 0 0 0 0 0 0 0 0 0 0 0 0 0 0 0 0 0 1 47 1 0 0 0 0 0 0 0 0 0 0 0 0 0 0 0 0 0 0 0 0 0 0 1 0 0 0 0 0 1 7 0 0 0 0 0 0 0 0 0 0 0 0 0 0 0 0 0 0 0 0 0 0 0 0 0 0 0 1 1 1 1 1 1 1 1 1 0 0 0 0 0 1 222 1 1 1 0 0 0 0 0 0 0 0 0 0 0 0 0 0 0 0 0 0 0 1 1 0 0 0 0 0 0 0 0 0 0 0 0 0 0 0 0 0 0 0 0 0 0 0 0 0 0 0 0 0 0 0 0 0 0 0 0 0 0 0 0 0 1 255 255 168 20 1 1 0 0 0 0 0 0 0 0 1 75 2 1 1 1 0 0 0 0 0 0 0 0 0 1 1 1 1 1 1 0 0 0 0 1 18 1 0 0 1 0 1 1 0 0 0 1 1 0 0 0 0 0 0 0 0 0 0 0 0 0 1 1 1 56 19 1 1 0 0 0 0 0 0 0 0 0 0 0 0 0 0 0 0 0 0 0 0 0 0 0 0 0 1 2 49 1 1 0 0 0 0 0 0 0 0 0 0 0 0 0 0 1 1 0 0 0 0 0 0 0 0 0 0 1 1 182 255 3 1 0 0 0 0 1 1 1 1 8 27 8 1 228 213 1 1 3 87 10 1 1 1 1 1 1 1 1 1 1 1 1 1 1 1 1 123 1 1 0 0 0 0 0 0 1 1 1 1 1 1 1 1 1 1 0 0 0 0 1 1 1 1 200 1 1 2 181 249 250 180 6 1 1 1 1 1 1 1 2 0 1 2 1 0 1 0 1 1 1 1 0 0 0 1 1 253 252 1 1 1 1 1 1 1 0 0 1 1 1 1 1 1 1 1 1 0 1 1 1 1 1 1 1 1 1 1 1 1 1 1 1 0 0 0 0 0 0 0 0 0 0 0 0 0 0 0 0 0 1 1 1 1 1 1 1 0 1 1 1
0 7 1 1 1 1 1 3 0 0 0 0 0 0 0 0 0 0 0 0 0 0 0 0 0 0 0 0 0 0 215 185 1 0 0 0 0 0 0 0 0 1 1 1 0 0 0 0 0 0 0 1 21 3 1 1 0 0 0 0 0 0 0 0 0 0 0 0 0 0 0 0 0 0 0 0 2 37 0 0 0 0 0 0 0 0 0 0 0 0 0 0 0 0 0 0 0 0 0 0 0 1 0 0 0 0 0 1 7 0 0 0 0 0 0 0 0 0 0 0 0 0 0 0 0 0 0 0 0 0 0 0 0 0 0 0 0 0 1 1 1 1 1 1 1 1 0 0 0 0 56 198 1 1 0 0 0 0 0 0 0 0 0 0 0 0 0 0 0 0 0 0 0 1 1 1 0 0 0 0 0 0 0 0 0 0 0 0 0 0 0 0 0 0 0 0 0 0 0 0 0 0 0 0 0 0 0 0 0 0 0 0 0 0 0 0 0 1 244 255 255 1 1 1 0 0 0 0 0 0 0 1 62 2 1 1 2 2 1 0 0 1 1 1 1 1 1 1 0 0 0 0 0 0 0 0 0 1 1 18 1 0 0 0 0 1 1 0 0 0 1 0 0 0 0 0 0 0 0 0 0 0 1 1 1 3 56 1 1 1 0 0 0 0 0 0 0 0 0 0 0 0 0 0 0 0 0 0 0 0 0 0 0 0 0 0 0 1 1 43 4 1 0 0 0 0 0 0 0 0 0 0 0 0 0 0 0 0 0 0 0 0 0 0 0 0 1 1 86 255 80 1 0 0 0 0 0 0 0 1 0 0 1 6 26 108 240 105 1 1 1 41 44 1 1 0 0 1 1 1 1 1 1 1 1 1 1 1 80 20 0 0 0 0 0 0 1 1 1 1 1 1 1 0 0 1 0 0 0 0 0 0 1 1 6 190 1 1 1 1 1 23 244 249 142 1 1 1 1 1 1 2 1 1 2 1 1 1 1 1 1 1 1 0 0 0 1 1 255 234 46 1 1 1 0 1 0 0 0 1 0 1 1 1 1 1 0 0 1 1 1 1 1 1 1 0 1 5 11 5 1 1 1 1 1 1 0 0 0 0 0 0 0 0 0 0 0 0 0 0 0 0 0 1 1 1 1 0 0 0 0 1
0 7 1 1 1 1 2 1 0 0 0 0 0 0 0 0 0 0 0 0 0 0 0 0 0 0 0 0 0 0 220 174 1 0 0 0 0 0 0 0 0 0 0 0 0 0 0 0 0 0 0 0 1 13 18 1 1 0 0 0 0 0 0 0 0 0 0 0 0 0 0 0 0 0 0 0 7 20 0 0 0 0 0 0 0 0 0 0 0 0 0 0 0 0 0 0 0 0 0 0 0 1 0 0 0 0 0 1 7 0 0 0 0 0 0 0 0 0 0 0 0 0 0 0 0 0 0 0 0 0 0 0 0 0 0 0 0 0 0 0 0 1 1 1 1 1 1 1 1 1 220 2 0 1 0 0 0 0 0 0 0 0 0 0 0 0 0 0 0 0 0 0 0 1 1 0 0 0 0 0 0 0 0 0 0 0 0 0 0 0 0 0 0 0 0 0 0 0 0 0 0 0 0 0 0 0 0 0 0 0 0 0 0 0 0 0 0 24 173 248 255 2 1 1 0 0 0 0 0 0 1 1 69 1 1 1 1 1 2 1 1 1 0 0 1 0 0 0 0 0 0 0 0 0 0 0 0 0 1 6 5 1 0 0 0 0 1 1 1 1 1 0 0 0 0 0 0 0 0 0 1 1 0 1 7 44 1 1 1 1 0 0 0 0 0 0 0 0 0 0 0 0 0 0 0 0 0 0 0 0 0 0 0 0 0 0 0 0 0 1 33 9 1 0 0 0 0 0 0 0 0 0 0 0 0 0 0 0 0 0 0 0 0 0 0 1 1 34 255 165 1 0 0 0 0 0 0 0 1 1 0 0 0 0 1 6 201 237 2 1 1 1 7 70 3 1 0 1 1 1 0 1 1 1 1 1 1 1 1 122 1 0 0 0 0 1 1 1 1 1 1 1 1 1 1 1 0 0 0 0 0 0 1 1 172 32 1 1 1 1 1 1 1 43 247 250 250 247 244 235 196 89 27 134 181 1 1 1 1 1 1 0 1 0 0 1 1 1 255 29 141 82 1 1 1 1 1 1 1 1 0 0 1 1 1 0 0 1 1 1 1 1 1 0 0 0 4 3 1 2 7 1 1 1 1 1 1 1 1 1 1 1 1 1 1 1 1 1 1 1 0 0 0 0 0 1 1 1 0 0 0 3
1 7 1 1 1 1 2 0 0 0 0 0 0 0 0 0 0 0 0 0 0 0 0 0 0 0 0 0 0 1 222 168 1 1 0 0 0 0 0 0 0 0 0 0 0 0 0 0 0 0 0 0 0 0 1 19 22 21 21 21 20 18 15 13 13 13 9 5 4 5 6 6 6 6 7 9 48 55 20 20 22 23 23 20 8 2 1 1 0 0 0 0 0 0 0 0 0 0 0 0 0 1 0 0 0 0 0 1 6 0 0 0 0 0 0 0 0 0 0 0 1 1 2 6 9 5 2 1 1 0 0 0 0 0 0 0 0 0 0 0 0 0 0 0 0 1 1 1 2 3 220 1 0 1 0 0 0 0 0 0 0 0 0 0 0 0 0 0 0 0 0 0 0 1 1 0 0 0 0 0 0 0 0 0 0 0 0 0 0 0 0 0 0 0 0 0 0 0 0 0 0 0 0 0 0 0 0 0 0 0 0 0 0 0 0 0 8 172 28 1 255 255 1 1 1 0 0 0 0 0 1 61 3 0 0 0 0 1 1 0 0 0 0 0 0 0 0 0 0 0 0 0 0 0 0 0 0 0 1 1 17 1 0 0 0 0 0 1 1 0 0 0 0 0 0 0 0 0 0 1 1 0 1 14 33 1 1 0 0 0 0 0 0 0 0 0 0 0 0 0 0 0 0 0 0 0 0 0 0 0 0 0 0 0 0 0 0 0 0 0 1 22 18 1 0 0 0 0 0 0 0 0 0 0 0 0 0 0 0 0 0 0 0 0 1 1 31 255 207 1 0 0 0 0 0 0 0 0 1 0 0 0 0 0 0 1 19 227 217 1 1 1 0 1 54 37 1 1 1 1 1 1 1 0 0 1 1 1 1 125 1 1 1 0 1 1 1 1 1 1 1 1 1 1 1 1 0 0 0 0 0 0 1 1 199 1 0 1 0 1 1 1 1 1 1 26 11 55 150 208 243 247 250 246 244 250 214 1 1 1 1 1 1 1 0 1 1 1 255 16 1 87 145 1 1 1 1 1 1 1 1 1 1 1 1 1 1 1 1 1 1 1 0 0 1 1 10 1 1 1 1 6 4 2 2 2 4 16 25 28 29 29 16 4 1 1 1 1 1 1 1 1 1 0 0 0 1 1 1 0 0 1
6 1 1 1 1 2 1 0 0 0 0 0 0 0 0 0 0 0 0 0 0 0 0 0 0 0 0 0 0 1 230 144 0 1 0 0 0 0 0 0 0 0 0 0 0 0 0 0 0 0 0 0 0 0 0 0 0 1 1 1 1 1 1 2 2 2 4 7 8 6 6 6 6 6 4 2 53 1 1 1 1 1 1 1 5 15 22 22 22 22 22 22 22 22 21 21 21 21 21 21 21 21 21 21 21 20 19 16 33 16 25 32 35 36 36 36 35 35 34 34 34 33 24 11 7 12 24 31 32 33 19 1 0 0 0 0 0 0 0 0 0 0 0 0 0 0 0 0 1 179 92 1 0 1 0 0 0 0 0 0 0 0 0 0 0 0 0 0 0 0 0 0 1 1 0 0 0 0 0 0 0 0 0 0 0 0 0 0 0 0 0 0 0 0 0 0 0 0 0 0 0 0 0 0 0 0 0 0 0 0 0 0 0 0 0 1 159 79 1 1 1 255 231 1 1 0 0 0 0 0 1 79 1 0 0 0 0 2 1 0 0 0 0 0 0 0 0 0 0 0 0 0 0 0 0 0 0 0 0 1 1 15 0 0 0 0 0 0 1 0 0 0 0 0 0 0 0 1 1 0 0 1 20 23 1 1 0 0 0 0 0 0 0 0 0 0 0 0 0 0 0 0 0 0 0 0 0 0 0 0 0 0 1 0 0 0 0 0 0 0 0 1 11 29 1 0 0 0 0 0 0 0 0 0 0 0 0 0 0 0 0 0 0 1 1 88 255 212 1 1 0 0 0 0 0 0 0 0 0 0 0 0 0 0 0 0 1 59 237 173 1 1 1 0 1 10 78 1 1 1 1 1 1 1 1 1 0 0 1 127 1 1 1 1 1 1 1 1 1 1 1 1 1 1 1 1 0 0 0 0 0 0 1 5 190 1 1 1 1 1 1 0 1 1 3 7 1 1 1 1 21 1 1 1 1 6 234 250 240 3 1 1 1 1 1 1 1 8 255 1 1 1 16 170 39 1 1 1 1 1 1 1 1 1 1 1 1 1 1 1 0 0 0 1 1 12 1 1 1 1 1 1 13 21 19 20 13 3 1 1 1 1 3 15 24 28 30 29 27 26 26 25 25 17 1 1 0 1 1 1 0 1
4 0 1 1 2 1 0 0 0 0 0 0 0 0 0 0 0 0 0 0 0 0 0 0 0 0 0 0 0 1 238 78 1 1 0 0 0 0 0 0 0 0 0 0 0 0 0 0 0 0 0 0 0 0 0 0 0 0 0 0 0 0 0 0 0 0 0 0 0 0 0 0 0 0 0 1 51 0 0 0 0 0 0 0 0 0 0 0 0 1 1 1 1 1 1 1 1 1 1 1 1 1 1 1 1 1 1 1 4 4 2 1 1 1 1 0 0 1 1 1 1 1 1 1 1 1 1 1 1 1 3 31 31 2 1 0 0 0 0 0 0 0 0 0 0 0 0 1 1 219 1 1 1 0 0 0 0 0 0 0 0 0 0 0 0 0 0 0 0 0 0 1 1 1 0 0 0 0 0 0 0 0 0 0 0 0 0 0 0 0 0 0 0 0 0 0 0 0 0 0 0 0 0 0 0 0 0 0 0 0 0 0 0 0 1 118 132 1 0 0 1 127 255 3 1 1 0 0 0 0 33 19 1 1 0 0 0 2 1 0 0 0 0 0 0 0 0 0 0 0 0 0 0 0 0 0 0 0 0 1 1 7 4 0 0 0 0 0 1 1 0 0 0 0 0 0 1 1 0 0 1 25 19 1 1 0 0 0 0 0 0 0 0 0 0 0 0 0 0 0 0 0 0 0 0 0 0 0 0 0 0 1 1 0 0 0 0 0 0 0 0 0 1 5 40 1 0 0 0 0 0 0 0 0 0 0 0 0 0 0 0 0 1 1 208 255 173 1 0 0 0 0 0 0 0 0 0 0 0 0 0 0 0 0 0 0 0 1 145 237 101 1 1 0 0 1 68 1 1 1 1 1 1 1 1 1 1 1 1 112 24 4 1 1 1 1 1 1 1 1 1 1 1 1 1 1 0 0 0 0 0 0 1 174 25 1 1 1 0 1 1 1 1 1 9 1 1 1 1 1 23 1 1 1 1 1 1 1 204 250 246 13 1 1 1 1 1 247 253 1 1 0 1 1 128 174 174 172 159 140 158 160 148 109 3 1 1 1 1 0 0 0 1 11 9 1 0 0 0 1 1 3 1 1 1 1 1 1 1 1 1 1 1 1 1 1 1 1 1 1 1 1 1 3 28 1 0 0 1 1 1 1
15 18 18 18 19 10 1 0 0 0 0 0 0 0 0 0 0 0 0 0 0 0 0 0 0 0 0 0 0 1 241 53 1 1 0 0 0 0 0 0 0 0 0 0 0 0 0 0 0 0 0 0 0 0 0 0 0 0 0 0 0 0 0 0 0 0 0 0 0 0 0 0 0 0 0 2 41 0 0 0 0 0 0 0 0 0 0 0 0 0 0 0 0 0 0 0 0 0 0 0 0 0 0 0 0 0 0 0 0 0 0 0 0 0 0 0 0 0 0 0 0 0 0 0 0 0 0 0 0 0 0 0 1 23 35 28 2 1 0 1 0 0 0 0 0 0 0 1 35 202 1 1 1 0 0 0 0 0 0 0 0 0 0 0 0 0 0 0 0 0 0 1 1 0 0 0 0 0 0 0 0 0 0 0 0 0 0 0 0 0 0 0 0 0 0 0 0 0 0 0 0 0 0 0 0 0 0 0 0 0 0 0 0 0 46 175 1 0 0 0 1 1 255 255 1 1 1 1 1 1 80 1 1 1 0 0 0 2 1 0 0 0 0 0 0 0 0 0 0 0 0 0 0 0 0 0 0 0 0 1 1 1 14 0 0 0 0 0 0 1 0 0 0 0 0 1 1 0 1 1 19 18 2 1 0 0 0 0 0 0 0 0 0 0 0 0 0 0 0 0 0 0 0 0 0 0 0 0 0 0 0 1 0 0 0 0 0 0 0 0 0 0 0 1 2 47 1 0 0 0 0 0 0 0 0 0 0 0 0 0 0 1 1 248 255 62 1 0 0 0 0 0 0 0 0 0 0 0 0 0 0 0 0 0 0 0 0 0 6 185 235 34 1 1 0 2 52 1 0 0 0 0 1 1 0 0 1 1 1 70 4 12 25 26 18 1 1 1 1 0 0 1 1 1 1 1 0 0 0 1 1 1 1 195 1 1 1 1 1 1 1 1 1 1 4 1 1 1 1 1 24 1 1 1 0 1 1 1 1 1 167 249 246 41 1 1 27 255 108 1 1 1 0 0 1 1 1 1 5 23 5 3 11 50 158 5 1 1 1 1 1 1 11 1 1 0 0 0 1 1 3 1 1 1 1 1 1 1 1 1 1 0 0 0 0 0 0 1 1 1 1 1 1 1 2 20 1 1 0 1 1 1
1 1 0 0 0 2 13 13 1 0 0 0 0 0 0 0 0 0 0 0 0 0 0 0 0 0 0 0 0 1 229 146 0 1 0 0 0 0 0 0 0 0 0 0 0 0 0 0 0 0 0 0 0 0 0 0 0 0 0 0 0 0 0 0 0 0 0 0 0 0 0 0 0 0 0 18 12 0 0 0 0 0 0 0 0 0 0 0 0 0 0 0 0 0 0 0 0 0 0 0 0 0 0 0 0 0 0 0 0 0 0 0 0 0 0 0 0 0 0 0 0 0 0 0 0 0 0 0 0 0 0 0 0 0 0 1 25 35 31 4 1 1 1 0 1 1 1 1 214 4 1 1 1 0 0 0 0 0 0 0 0 0 0 0 0 0 0 0 0 0 0 1 1 0 0 0 0 0 0 0 0 0 0 0 0 0 0 0 0 0 0 0 0 0 0 0 0 0 0 0 0 0 0 0 0 0 0 0 0 0 0 0 0 2 189 11 0 0 0 0 0 1 1 255 251 1 1 1 1 25 31 0 0 0 0 0 0 2 1 0 0 0 0 0 0 0 0 0 0 0 0 0 0 0 0 0 0 0 0 1 1 17 1 0 0 0 0 0 0 1 1 0 0 0 1 1 0 1 1 13 26 1 2 1 0 0 0 0 0 0 0 0 0 0 0 0 0 0 0 0 0 0 1 1 1 1 0 0 0 0 1 1 0 0 0 0 0 0 0 0 0 0 0 0 1 1 53 1 1 0 0 0 0 0 0 0 0 0 0 0 1 1 253 255 2 1 1 0 0 0 0 0 0 0 0 0 0 0 0 0 0 0 0 0 0 0 0 0 1 26 201 229 5 1 1 63 1 1 1 0 0 0 1 1 0 0 0 0 1 76 1 1 1 1 4 14 13 5 1 1 1 1 1 0 0 1 0 0 0 0 0 1 160 43 1 0 0 1 1 1 1 1 1 3 1 1 1 1 1 1 23 1 1 1 0 0 0 1 1 1 1 1 135 249 244 86 252 252 1 1 1 1 0 0 0 0 0 1 1 1 1 1 1 1 23 134 1 1 1 1 8 8 1 1 1 1 0 1 1 3 1 1 1 1 0 1 1 0 0 1 0 0 0 1 1 1 1 0 1 0 0 1 1 1 1 13 5 1 0 0 1 1
0 0 0 0 0 0 1 4 20 7 1 0 0 0 0 0 0 0 0 0 0 0 0 0 0 0 0 0 0 1 216 181 1 1 0 0 0 0 0 0 0 0 0 0 0 0 0 0 0 0 0 0 0 0 0 0 0 0 0 0 0 0 0 0 0 0 0 0 0 0 0 0 0 0 0 53 1 0 0 0 0 0 0 0 0 0 0 0 0 0 0 0 0 0 0 0 0 0 0 0 0 0 0 0 0 0 0 0 0 0 0 0 0 0 0 0 0 0 0 0 0 0 0 0 0 0 0 0 0 0 0 0 0 0 0 0 0 1 1 18 36 36 29 3 1 1 1 1 219 1 1 1 1 1 0 0 0 0 0 0 0 0 0 0 0 0 0 0 0 0 1 1 0 0 0 0 0 0 0 0 0 0 0 0 0 0 0 0 0 0 0 0 0 0 0 0 0 0 0 0 0 0 0 0 0 0 0 0 0 0 0 0 1 158 81 0 0 0 0 0 0 1 1 27 255 248 1 1 1 84 1 0 0 0 0 0 0 2 1 0 0 0 0 0 0 0 0 0 0 0 0 0 0 0 0 0 0 0 0 1 16 1 0 0 0 0 0 0 0 0 1 1 0 1 1 0 1 1 29 24 1 0 1 1 0 0 0 0 0 0 0 0 0 0 0 0 0 0 0 0 0 1 1 0 0 1 1 1 0 0 1 0 0 0 0 0 0 0 0 0 0 0 0 0 0 9 10 3 1 0 0 0 0 0 0 0 0 0 0 1 1 253 255 1 1 1 0 0 0 0 0 0 0 0 0 0 0 0 0 0 0 0 0 0 0 0 0 0 0 4 10 215 225 1 52 2 1 0 1 1 1 1 1 1 0 0 0 0 1 68 1 1 1 1 1 1 1 3 19 8 1 1 1 1 1 1 1 1 1 0 0 1 197 1 1 0 0 1 2 1 1 1 2 2 1 1 1 1 1 2 15 1 0 1 1 0 0 0 1 1 1 1 1 1 148 252 255 252 7 1 1 1 0 0 0 0 0 0 0 1 1 1 1 1 1 159 1 1 1 1 6 1 1 1 1 1 1 1 5 1 1 1 1 1 1 1 0 0 1 1 0 0 1 1 1 1 1 1 1 0 0 0 1 1 0 1 28 1 1 1 1 1
0 0 0 0 0 0 2 1 1 7 23 8 1 0 0 0 0 0 0 0 0 0 0 0 0 0 0 0 0 1 142 230 1 0 1 0 0 0 0 0 0 0 0 0 0 0 0 0 0 0 0 0 0 0 0 0 0 0 0 0 0 0 0 0 0 0 0 0 0 0 0 0 0 0 2 43 0 0 0 0 0 0 0 0 0 0 0 0 0 0 0 0 0 0 0 0 0 0 0 0 0 0 0 0 0 0 0 0 0 0 0 0 0 0 0 0 0 0 0 0 0 0 0 0 0 0 0 0 0 0 0 0 0 0 0 0 0 0 0 0 0 1 1 23 37 35 25 107 174 1 1 1 0 1 1 0 0 0 0 0 0 0 0 0 0 0 0 0 0 0 1 1 0 0 0 0 0 0 0 0 0 0 0 0 0 0 0 0 0 0 0 0 0 0 0 0 0 0 0 0 0 0 0 0 0 0 0 0 0 0 0 0 49 174 1 0 0 0 0 0 0 0 1 1 73 255 255 3 52 9 0 0 0 0 0 0 0 1 2 1 0 0 0 0 0 0 0 0 0 0 0 0 0 1 1 0 0 0 0 11 2 1 0 0 0 0 0 0 0 0 0 1 1 1 1 1 1 51 9 1 0 0 1 2 0 0 0 0 0 0 0 0 0 0 0 0 0 0 0 0 0 1 0 0 0 0 0 1 1 1 1 0 0 0 0 0 0 0 0 0 0 0 0 0 1 29 1 1 2 1 1 0 0 0 0 0 0 0 1 1 253 253 1 1 1 0 0 0 0 0 0 0 0 0 0 0 0 0 0 0 0 0 0 0 0 0 0 0 0 1 25 1 222 222 65 20 1 0 0 1 1 1 1 1 1 1 1 0 33 13 0 1 2 1 1 1 1 1 1 1 12 4 1 1 1 1 1 1 1 1 1 155 54 1 1 1 1 1 1 1 2 1 1 1 1 1 1 1 1 13 2 0 0 0 1 1 0 1 1 0 1 1 1 1 1 253 153 242 253 243 1 1 1 1 1 1 1 1 1 1 1 1 1 1 1 148 9 1 1 11 2 78 146 149 148 146 146 142 130 129 128 127 118 58 4 1 1 1 1 1 1 1 1 1 1 1 1 1 1 1 1 1 1 1 1 1 2 18 1 1 1 2
0 0 0 0 0 0 3 0 0 0 1 7 23 23 15 9 5 3 2 1 1 1 0 0 0 0 0 0 0 1 121 195 192 18 1 1 0 0 0 0 0 0 0 0 0 0 0 0 0 0 0 0 0 0 0 0 0 0 0 0 0 0 0 0 0 0 0 0 0 0 0 0 0 0 23 8 0 0 0 0 0 0 0 0 0 0 0 0 0 0 0 0 0 0 0 0 0 0 0 0 0 0 0 0 0 0 0 0 0 0 0 0 0 0 0 0 0 0 0 0 0 0 0 0 0 0 0 0 0 0 0 0 0 0 0 0 0 0 0 0 0 0 0 0 1 1 2 222 53 38 21 1 1 0 1 0 0 0 0 0 0 0 0 0 0 0 0 0 0 1 1 0 0 0 0 0 0 0 0 0 0 0 0 0 0 0 0 0 0 0 0 0 0 0 0 0 0 0 0 0 0 0 0 0 0 0 0 0 0 0 0 1 199 2 0 0 0 0 0 0 0 0 0 1 1 1 255 255 72 1 0 0 0 0 0 0 0 0 2 1 0 0 0 0 0 0 0 0 0 0 0 0 1 1 1 1 0 0 6 4 1 0 0 0 0 0 0 0 0 0 0 1 1 1 1 7 58 2 1 0 0 0 0 2 1 0 0 0 0 0 0 0 0 0 0 0 0 0 0 0 0 1 0 0 0 0 0 0 1 1 0 0 0 0 0 0 0 0 0 0 0 0 0 1 35 1 0 0 1 2 2 0 0 0 0 0 0 1 1 253 253 1 1 1 0 0 0 0 0 0 0 0 0 0 0 0 0 0 0 0 0 0 0 0 0 0 0 0 0 0 12 3 1 222 222 44 61 1 1 1 1 0 0 0 1 1 1 1 74 1 1 2 1 1 1 1 1 1 1 0 1 4 12 1 1 1 0 1 1 0 1 199 1 1 1 1 1 2 1 1 1 1 1 1 1 1 1 1 1 22 1 1 1 0 0 1 1 1 0 0 1 2 2 1 247 246 1 2 119 252 253 217 1 1 1 1 0 0 1 1 1 1 0 1 1 2 158 173 172 168 143 53 1 1 1 1 1 1 1 1 1 1 2 47 112 126 127 127 125 83 15 1 1 1 1 1 1 1 1 1 1 1 1 1 1 1 1 16 3 1 2 1
0 0 0 0 0 0 3 0 0 0 0 0 0 1 3 6 10 15 18 21 24 24 15 3 1 1 0 0 0 1 119 191 2 190 1 1 0 0 0 0 0 0 0 0 0 0 0 0 0 0 0 0 0 0 0 0 0 0 0 0 0 0 0 0 0 0 0 0 0 0 0 0 0 1 53 1 0 0 0 0 0 0 0 0 0 0 0 0 0 0 0 0 0 0 0 0 0 0 0 0 0 0 0 0 0 0 0 0 0 0 0 0 0 0 0 0 0 0 0 0 0 0 0 0 0 0 0 0 0 0 0 0 0 0 0 0 0 0 0 0 0 0 0 0 0 1 1 214 1 1 4 34 41 41 39 11 1 1 1 0 0 0 0 0 0 0 0 0 0 1 1 0 0 0 0 0 0 0 0 0 0 0 0 0 0 0 0 0 0 0 0 0 0 0 0 0 0 0 0 0 0 0 0 0 0 0 0 0 0 0 1 152 90 0 0 0 0 0 0 0 0 0 0 1 1 1 1 255 255 1 0 0 0 0 0 0 0 0 1 2 1 0 0 0 0 0 0 0 0 0 0 1 0 0 0 1 1 2 9 1 0 0 0 0 0 0 0 0 0 0 1 1 1 2 57 32 1 0 0 0 0 0 0 1 1 0 0 0 0 0 0 0 0 0 0 0 0 0 0 0 0 1 0 0 0 0 0 0 0 0 0 0 0 0 0 0 0 0 0 0 0 0 0 17 4 1 0 0 0 1 1 2 1 0 0 0 1 1 253 253 1 1 0 0 0 0 0 0 0 0 0 0 0 0 0 0 0 0 0 0 0 0 0 0 0 0 0 0 0 0 1 25 1 1 217 224 41 58 10 1 0 0 0 0 0 0 0 1 71 1 2 1 1 1 1 1 1 1 1 0 0 1 1 15 4 1 1 1 1 1 151 66 1 1 1 1 3 2 1 1 1 1 0 0 1 1 1 1 2 14 1 1 1 0 0 1 1 1 0 1 2 1 1 7 255 6 30 166 201 189 243 253 253 189 1 1 1 1 1 1 1 0 1 1 1 1 1 1 1 1 1 1 1 1 1 1 1 1 0 0 0 0 0 0 0 1 1 1 1 19 88 116 123 124 124 124 124 124 125 124 124 122 122 122 123 123 123 124 149 72 22 3
0 0 0 0 0 1 2 0 0 0 0 0 0 0 0 0 0 0 0 0 0 1 3 12 20 24 16 3 2 1 153 192 197 184 162 13 0 0 0 0 0 0 0 0 0 0 0 0 0 0 0 0 0 0 0 0 0 0 0 0 0 0 0 0 0 0 0 0 0 0 0 0 0 4 35 0 0 0 0 0 0 0 0 0 0 0 0 0 0 0 0 0 0 0 0 0 0 0 0 0 0 0 0 0 0 0 0 0 0 0 0 0 0 0 0 0 0 0 0 0 0 0 0 0 0 0 0 0 0 0 0 0 0 0 0 0 0 0 0 0 0 0 0 0 0 1 1 214 1 0 0 1 1 1 1 10 39 41 41 36 5 1 1 1 1 0 0 0 1 1 0 0 0 0 0 0 0 0 0 0 0 0 0 0 0 0 0 0 0 0 0 0 0 0 0 0 0 0 0 0 0 0 0 0 0 0 0 0 0 0 25 184 1 0 0 0 0 0 0 0 0 0 0 1 1 1 1 221 255 1 0 0 0 0 0 0 0 0 0 2 1 0 0 0 0 0 0 0 0 0 1 1 0 0 0 0 1 17 1 0 0 0 0 0 0 0 0 0 0 1 1 9 60 46 1 1 0 0 0 1 1 0 0 1 2 0 0 0 0 0 0 0 0 0 0 0 0 0 0 0 0 1 0 0 0 0 0 0 0 0 0 0 0 0 0 0 0 0 0 0 0 0 3 23 1 0 0 0 0 0 0 1 3 1 1 1 1 253 253 1 1 0 0 0 0 0 0 0 0 0 0 0 0 0 0 0 0 0 0 0 0 0 0 0 0 0 0 0 0 0 0 18 1 1 1 209 227 101 31 43 1 0 0 0 0 0 0 15 31 1 2 1 1 1 1 1 1 1 0 0 0 0 1 1 6 16 1 1 0 1 199 1 1 1 1 1 1 1 2 2 1 1 0 1 1 1 1 1 19 1 0 1 0 0 1 2 1 1 1 2 1 1 1 249 252 222 234 243 252 252 252 249 249 255 255 186 1 1 1 1 1 1 1 1 1 1 2 1 1 1 1 1 1 1 1 0 0 1 1 0 0 0 0 0 0 0 0 0 1 1 1 1 1 1 1 1 1 1 1 1 1 1 1 1 1 1 1 5 74 142 167 150
0 0 0 0 0 1 2 0 0 0 0 0 0 0 0 0 0 0 0 0 0 0 0 0 0 1 2 14 11 14 222 33 3 4 112 200 179 39 1 0 0 0 0 0 0 0 0 0 0 0 0 0 0 0 0 0 0 0 0 0 0 0 0 0 0 0 0 0 0 0 0 0 0 32 4 0 0 0 0 0 0 0 0 0 0 0 0 0 0 0 0 0 0 0 0 0 0 0 0 0 0 0 0 0 0 0 0 0 0 0 0 0 0 0 0 0 0 0 0 0 0 0 0 0 0 0 0 0 0 0 0 0 0 0 0 0 0 0 0 0 0 0 0 0 0 1 1 214 1 0 0 0 0 1 1 1 1 1 1 1 20 40 40 40 23 2 1 0 1 1 0 0 0 0 0 0 0 0 0 0 0 0 0 0 0 0 0 0 0 0 0 0 0 0 0 0 0 0 0 0 0 0 0 0 0 0 0 0 0 1 195 8 0 0 0 0 0 0 0 0 0 0 0 1 1 1 1 254 255 1 0 0 0 0 0 0 0 0 0 1 2 1 0 0 0 0 0 0 0 0 1 0 0 0 0 1 15 1 0 0 0 0 0 0 0 1 1 4 45 61 61 29 1 1 0 0 0 0 0 1 0 0 0 1 2 1 0 0 0 0 0 0 0 1 1 1 0 0 0 0 0 1 0 0 0 0 0 0 0 0 0 0 0 0 0 0 0 0 0 0 0 1 35 1 1 0 0 0 0 0 0 0 1 3 1 1 253 253 1 1 0 0 0 0 0 0 0 0 0 0 0 0 0 0 0 0 0 0 0 0 0 0 0 0 0 0 0 0 0 0 0 1 25 3 9 12 198 227 169 4 64 4 1 0 0 0 1 70 1 0 2 1 1 0 1 1 1 0 0 0 0 0 0 0 1 1 16 2 1 153 66 1 1 1 1 1 1 0 1 1 1 1 1 1 1 1 1 3 11 1 0 1 0 1 2 1 1 2 1 1 1 38 212 255 253 249 250 245 128 37 84 238 252 252 252 255 255 224 19 83 1 1 0 1 1 3 1 1 1 1 1 1 1 1 1 1 1 1 1 1 0 0 0 0 1 1 1 1 1 1 1 1 1 1 1 0 0 0 0 0 0 1 1 1 2 42 51 33 7 1 3 24
0 0 0 0 0 2 1 0 0 0 0 0 0 0 0 0 0 0 0 0 0 0 0 0 0 0 0 1 2 92 192 1 1 1 2 3 82 194 209 161 16 1 0 0 0 0 0 0 0 0 0 0 0 0 0 0 0 0 0 0 0 0 0 0 0 0 0 0 0 0 0 0 1 53 1 0 0 0 0 0 0 0 0 0 0 0 0 0 0 0 0 0 0 0 0 0 0 0 0 0 0 0 0 0 0 0 0 0 0 0 0 0 0 0 0 0 0 0 0 0 0 0 0 0 0 0 0 0 0 0 0 0 0 0 0 0 0 0 0 0 0 0 0 0 0 0 1 214 1 0 0 0 0 0 0 0 0 0 0 0 1 1 1 1 3 31 39 40 35 4 1 1 0 0 0 0 0 0 0 0 0 0 0 0 0 0 0 0 0 0 0 0 0 0 0 0 0 0 0 0 0 0 0 0 0 0 0 0 1 123 124 1 0 0 0 0 0 0 0 0 0 0 0 1 1 1 1 255 248 1 0 0 0 0 0 0 0 0 0 1 2 1 0 0 0 0 0 0 0 1 1 0 0 0 0 6 3 1 1 1 1 16 53 62 63 63 61 43 3 1 1 1 1 0 0 0 0 0 0 1 1 0 0 0 1 1 0 0 0 0 0 0 0 1 1 1 0 0 0 0 0 1 0 0 0 0 0 0 0 0 0 0 0 0 0 0 0 0 0 0 1 23 2 1 0 0 0 0 0 0 0 0 1 1 2 253 253 1 1 0 0 0 0 0 0 0 0 0 0 0 0 0 0 0 0 0 0 0 0 0 0 0 0 0 0 0 0 0 0 0 0 1 13 4 1 1 4 165 229 211 3 42 39 1 1 1 1 75 1 11 129 131 127 114 63 3 1 1 1 1 1 1 0 0 0 0 1 12 3 207 4 2 1 1 1 1 1 0 1 1 2 1 1 1 1 1 1 17 1 1 1 1 1 2 1 1 1 1 1 2 196 223 249 255 206 132 22 1 1 1 1 1 1 1 225 252 252 255 255 123 1 1 1 1 1 4 1 1 1 1 1 1 1 1 0 0 0 0 1 1 1 1 1 1 1 1 1 1 1 0 0 1 1 1 1 1 1 1 1 1 1 1 38 52 37 1 1 1 1 1 1 1
0 0 0 0 0 2 1 0 0 0 0 0 0 0 0 0 0 0 0 0 0 0 0 0 0 0 0 0 1 199 56 1 1 1 1 1 1 1 2 114 201 207 144 6 1 0 0 0 0 0 0 0 0 0 0 0 0 0 0 0 0 0 0 0 0 0 0 0 0 0 0 0 6 29 0 0 0 0 0 0 0 0 0 0 0 0 0 0 0 0 0 0 0 0 0 0 0 0 0 0 0 0 0 0 0 0 0 0 0 0 0 0 0 0 0 0 0 0 0 0 0 0 0 0 0 0 0 0 0 0 0 0 0 0 0 0 0 0 0 0 0 0 0 0 0 0 12 204 1 0 0 0 0 0 0 0 0 0 0 0 0 0 0 0 1 1 1 1 1 22 39 40 23 1 0 0 0 0 0 0 0 0 0 0 0 0 0 0 0 0 0 0 0 0 0 0 0 0 0 0 0 0 0 0 0 0 0 1 10 194 1 0 0 0 0 0 0 0 0 0 0 0 0 1 1 1 1 255 23 1 0 0 0 0 0 0 0 0 0 0 1 1 1 0 0 0 0 0 0 1 0 0 0 0 4 77 58 59 62 63 56 21 2 1 1 1 1 1 0 0 1 1 0 0 0 0 0 0 0 0 1 1 0 0 1 2 0 0 0 0 0 0 0 0 1 1 1 1 1 1 1 1 1 1 1 0 0 0 0 0 0 0 0 0 0 0 0 0 0 0 5 14 1 1 0 0 0 0 0 0 0 0 1 1 253 255 1 1 0 0 0 0 0 0 0 0 0 0 0 0 0 0 0 0 0 0 0 0 0 0 0 0 0 0 0 0 0 0 0 0 0 1 9 1 0 0 0 1 87 226 226 99 5 64 66 65 72 116 111 94 1 1 1 4 44 122 27 5 57 128 97 10 1 0 0 0 0 1 122 143 1 1 2 2 1 1 1 1 1 1 1 3 2 1 2 8 9 3 0 1 1 0 1 1 0 1 1 1 146 225 231 247 19 253 198 166 1 1 1 1 1 1 1 1 1 1 188 252 255 255 255 159 1 1 1 5 1 1 1 1 1 1 1 1 0 0 0 0 0 0 0 1 1 0 0 0 0 0 0 0 1 1 1 1 1 1 1 1 2 39 53 42 2 1 1 1 1 2 1 0 0 0
0 0 0 0 0 3 1 0 0 0 0 0 0 0 0 0 0 0 0 0 0 0 0 0 0 0 0 0 1 219 1 1 1 1 0 0 1 1 1 1 1 4 135 203 202 125 2 0 0 0 0 0 0 0 0 0 0 0 0 0 0 0 0 0 0 0 0 0 0 0 0 0 41 2 0 0 0 0 0 0 0 0 0 0 0 0 0 0 0 0 0 0 0 0 0 0 0 0 0 0 0 0 0 0 0 0 0 0 0 0 0 0 0 0 0 0 0 0 0 0 0 0 0 0 0 0 0 0 0 0 0 0 0 0 0 0 0 0 0 0 0 0 0 0 0 0 124 149 1 0 0 0 0 0 0 0 0 0 0 0 0 0 0 0 0 0 0 1 1 1 1 1 3 38 36 2 1 0 0 0 0 0 0 0 0 0 0 0 0 0 0 0 0 0 0 0 0 0 0 0 0 0 0 0 0 0 0 1 182 28 0 0 0 0 0 0 0 0 0 0 0 0 0 1 1 1 1 255 2 1 0 0 0 0 0 0 0 0 0 0 1 2 1 0 0 0 0 0 1 1 0 0 0 10 62 2 1 1 1 1 1 1 1 0 0 0 1 1 1 1 1 0 0 0 0 0 0 0 0 0 0 1 1 1 1 2 1 1 1 1 1 8 119 240 254 255 255 255 255 255 255 255 255 255 64 1 1 0 0 0 0 0 0 0 0 0 0 1 1 1 38 6 3 1 1 0 0 0 0 0 0 0 1 202 255 1 1 0 0 0 0 0 0 0 0 0 0 0 0 0 0 0 0 0 0 0 0 0 0 0 0 0 0 0 0 0 0 0 0 0 0 5 1 0 0 0 0 0 1 11 209 239 206 4 1 1 4 92 5 1 0 0 1 0 1 2 82 113 54 1 16 104 98 1 0 0 0 1 199 7 1 1 1 1 2 1 1 1 1 1 1 1 2 3 1 6 8 2 1 1 1 1 1 1 1 1 93 219 231 166 239 2 1 252 230 60 1 1 1 1 1 1 1 1 1 1 29 120 99 252 255 255 255 253 105 2 4 3 1 1 1 1 1 1 0 0 0 0 0 0 0 0 1 1 1 0 0 0 0 1 1 1 1 1 1 3 56 77 68 14 4 1 1 1 0 1 1 1 1 1 1 1
0 0 0 0 0 3 0 0 0 0 0 0 0 0 0 0 0 0 0 0 0 0 0 0 0 0 0 0 1 220 1 1 1 0 0 0 0 0 0 0 0 1 1 1 9 152 206 198 99 1 0 0 0 0 0 0 0 0 0 0 0 0 0 0 0 0 0 0 0 0 0 1 52 1 0 0 0 0 0 0 0 0 0 0 0 0 0 0 0 0 0 0 0 0 0 0 0 0 0 0 0 0 0 0 0 0 0 0 0 0 0 0 0 0 0 0 0 0 0 0 0 0 0 0 0 0 0 0 0 0 0 0 0 0 0 0 0 0 0 0 0 0 0 0 0 0 190 47 1 0 0 0 0 0 0 0 0 0 0 0 0 0 0 0 0 0 0 0 0 0 1 1 1 1 1 30 39 4 1 0 0 0 0 0 0 0 0 0 0 0 0 0 0 0 0 0 0 0 0 0 0 0 0 0 0 0 1 87 152 1 0 0 0 0 0 0 0 0 0 0 0 0 0 1 0 1 3 255 1 1 0 0 0 0 0 0 0 0 0 0 0 1 1 0 0 0 0 0 1 0 0 0 4 52 1 0 0 0 0 0 0 1 1 1 1 1 1 0 0 0 0 0 0 0 0 0 0 0 1 1 1 1 3 254 255 255 255 255 255 255 255 255 255 255 255 254 245 201 95 10 2 1 3 246 255 255 5 1 0 0 0 0 0 0 0 0 0 0 0 1 35 1 2 5 5 1 1 0 0 0 0 1 1 255 149 1 0 0 0 0 0 0 0 0 0 0 0 0 0 0 0 0 0 0 0 0 0 0 0 0 0 0 0 0 0 0 0 0 0 0 1 9 1 0 0 0 0 0 0 1 3 109 226 237 168 2 1 31 1 0 0 0 0 0 1 1 1 1 1 1 1 1 102 11 1 0 0 1 207 1 1 1 1 1 1 1 1 0 1 1 1 1 1 1 1 18 1 1 1 1 1 1 1 1 34 215 234 189 4 1 239 1 1 253 237 1 1 0 1 0 1 1 1 1 1 1 77 2 1 1 8 242 253 255 255 255 255 252 62 8 2 1 1 1 1 1 1 0 0 0 0 0 0 0 1 1 1 1 1 1 1 2 213 252 254 254 252 231 95 19 4 5 5 3 1 1 2 1 0 1 1 1
0 0 0 0 0 3 0 0 0 0 0 0 0 0 0 0 0 0 0 0 0 0 0 0 0 0 0 1 2 219 1 1 0 0 0 0 0 0 0 0 0 0 0 1 1 1 1 23 165 207 188 71 1 0 0 0 0 0 0 0 0 0 0 0 0 0 0 0 0 0 0 9 22 1 0 0 0 0 0 0 0 0 0 0 0 0 0 0 0 0 0 0 0 0 0 0 0 0 0 0 0 0 0 0 0 0 0 0 0 0 0 0 0 0 0 0 0 0 0 0 0 0 0 0 0 0 0 0 0 0 0 0 0 0 0 0 0 0 0 0 0 0 0 0 0 0 212 2 1 0 0 0 0 0 0 0 0 0 0 0 0 0 0 0 0 0 0 0 0 0 0 0 0 0 0 1 1 21 39 8 1 0 0 0 0 0 0 0 0 0 0 0 0 0 0 0 0 0 0 0 0 0 0 0 0 1 3 199 1 0 0 0 0 0 0 0 0 0 0 0 0 0 0 1 1 1 55 255 1 1 0 0 0 0 0 0 0 0 0 0 0 1 2 1 0 0 0 0 1 0 0 1 71 1 0 0 0 0 0 0 0 0 1 0 0 0 0 0 0 0 0 0 0 0 1 1 1 1 1 1 120 255 255 255 161 6 9 1 1 1 1 1 1 1 1 0 0 0 1 1 1 1 0 0 1 249 255 254 1 1 0 0 0 0 0 0 0 0 0 1 35 1 0 1 1 5 3 1 0 0 1 1 253 255 1 0 0 0 0 0 0 0 0 0 0 0 0 0 0 0 0 0 0 0 0 0 0 0 0 0 0 0 0 0 0 0 0 0 0 0 4 2 0 0 0 0 0 0 0 0 1 10 3 174 239 226 172 8 1 1 0 0 0 0 1 1 1 0 0 0 1 0 1 131 1 1 1 1 209 1 1 1 1 1 1 1 1 0 1 0 1 1 1 2 16 2 0 0 1 1 1 1 5 204 237 201 26 1 1 1 206 228 233 252 125 1 0 1 1 0 0 0 1 1 1 65 5 1 1 1 1 1 2 12 210 253 253 255 255 255 255 252 56 1 1 1 1 1 1 1 1 1 1 1 1 1 1 4 245 254 254 254 254 249 174 167 245 253 254 254 254 254 253 92 4 5 4 1 1 1 1 1
0 0 0 0 1 2 0 0 0 0 0 0 0 0 0 0 0 0 0 0 0 0 0 0 0 0 0 1 173 120 1 1 0 0 0 0 0 0 0 0 0 0 0 0 1 1 0 0 1 1 45 178 207 173 26 1 0 0 0 0 0 0 0 0 0 0 0 0 0 0 0 49 1 1 0 0 0 0 0 0 0 0 0 0 0 0 0 0 0 0 0 0 0 0 0 0 0 0 0 0 0 0 0 0 0 0 0 0 0 0 0 0 0 0 0 0 0 0 0 0 0 0 0 0 0 0 0 0 0 0 0 0 0 0 0 0 0 0 0 0 0 0 0 0 0 0 214 1 1 0 0 0 0 0 0 0 0 0 0 0 0 0 0 0 0 0 0 0 0 0 0 0 0 0 0 0 0 1 1 12 38 18 1 1 0 0 0 0 0 0 0 0 0 0 0 0 0 0 0 0 0 0 0 0 0 1 170 59 1 0 0 0 0 0 0 0 0 0 0 0 0 0 0 1 1 1 248 255 1 1 0 0 0 0 0 0 0 0 0 0 0 0 2 1 0 0 1 1 0 0 0 43 9 0 0 0 0 0 0 0 0 0 1 1 1 1 1 1 1 1 1 1 1 1 1 1 18 250 255 255 255 249 1 1 1 1 5 1 0 0 0 0 1 1 1 1 1 1 1 0 1 1 0 0 0 0 1 254 255 254 1 1 0 0 0 0 0 0 1 1 36 0 0 0 0 1 1 6 1 0 1 63 255 1 0 0 0 0 0 0 0 0 0 0 0 0 0 0 0 0 0 0 0 0 0 0 0 0 0 0 0 0 0 0 0 0 0 0 0 0 10 1 0 0 0 0 0 0 0 0 0 10 3 2 3 208 244 221 167 1 1 1 1 0 0 0 0 1 1 1 1 1 1 16 96 1 1 1 207 1 0 1 1 1 1 1 1 0 1 1 1 1 1 20 1 1 1 1 1 1 1 188 234 212 77 1 1 0 0 1 1 41 22 252 1 1 0 1 0 0 0 1 1 1 48 15 1 0 0 0 0 1 1 4 1 1 1 1 210 253 253 255 255 255 255 245 13 1 1 1 1 1 1 4 231 254 254 254 254 254 253 253 253 253 253 253 253 253 253 253 253 253 254 254 254 253 150 2 2 2 2 2
0 0 0 0 1 2 0 0 0 0 0 0 0 0 0 0 0 0 0 0 0 0 0 0 0 0 0 1 220 1 1 1 0 0 0 0 0 0 0 0 0 0 0 0 0 0 0 0 0 0 0 1 1 77 194 204 131 2 0 0 0 0 0 0 0 0 0 0 0 0 1 50 1 1 0 0 0 0 0 0 0 0 0 0 0 0 0 0 0 0 0 0 0 0 0 0 0 0 0 0 0 0 0 0 0 0 0 0 0 0 0 0 0 0 0 0 0 0 0 0 0 0 0 0 0 0 0 0 0 0 0 0 0 0 0 0 0 0 0 0 0 0 0 0 0 1 214 1 0 0 0 0 0 0 0 0 0 0 0 0 0 0 0 0 0 0 0 0 0 0 0 0 0 0 0 0 0 0 0 1 1 5 37 25 1 1 0 0 0 0 0 0 0 0 0 0 0 0 0 0 0 0 0 0 1 49 173 1 0 0 0 0 0 0 0 0 1 1 0 0 0 0 0 1 1 1 255 253 1 1 0 0 0 0 0 0 0 0 0 0 0 0 1 2 1 1 1 0 0 0 1 70 1 0 0 0 1 1 1 1 1 1 1 1 1 1 1 1 1 1 1 1 58 254 255 255 255 255 241 3 1 0 0 0 0 0 5 0 0 0 0 0 0 1 1 1 1 0 0 1 1 1 1 0 0 0 0 1 2 255 255 246 1 1 0 0 0 1 1 1 36 0 0 1 1 1 1 1 5 2 1 255 224 1 0 0 0 0 0 0 0 0 0 0 0 0 0 0 0 0 0 0 0 0 0 0 0 0 0 0 0 0 0 0 0 0 0 0 0 0 9 1 0 0 0 0 0 0 0 0 1 11 3 2 1 9 21 213 239 233 213 33 1 1 1 1 0 1 1 1 1 1 1 1 32 85 1 130 122 1 1 1 1 1 1 1 1 1 1 1 1 1 1 16 1 1 1 1 1 151 226 220 129 1 1 0 0 0 0 0 1 1 201 243 1 1 1 1 1 1 1 1 1 30 29 1 0 0 0 0 0 0 2 1 1 1 1 1 1 2 18 6 158 252 253 255 254 254 254 254 254 254 254 254 254 254 253 250 89 1 1 1 1 1 1 1 1 1 1 1 1 1 85 251 253 254 254 254 254 231 4 1
0 0 0 0 2 1 0 0 0 0 0 0 0 0 0 0 0 0 0 0 0 0 0 0 0 0 1 2 219 1 1 0 0 0 0 0 0 0 0 0 0 0 0 0 0 0 0 0 0 0 0 0 0 0 1 4 140 204 188 57 1 0 0 0 0 0 0 0 0 0 15 15 0 1 0 0 0 0 0 0 0 0 0 0 0 0 0 0 0 0 0 0 0 0 0 0 0 0 0 0 0 0 0 0 0 0 0 0 0 0 0 0 0 0 0 0 0 0 0 0 0 0 0 0 0 0 0 0 0 0 0 0 0 0 0 0 0 0 0 0 0 0 0 0 0 1 214 1 0 0 0 0 0 0 0 0 0 0 0 0 0 0 0 0 0 0 0 0 0 0 0 0 0 0 0 0 0 0 0 0 0 1 1 3 36 29 1 1 1 0 0 0 0 0 0 0 0 0 0 0 0 0 0 1 1 199 2 0 0 0 0 0 1 1 2 46 51 15 1 1 0 0 1 1 1 1 255 87 1 1 0 0 0 0 0 0 0 0 0 0 0 0 1 2 1 0 0 0 0 0 41 10 1 1 1 1 229 255 255 255 255 255 255 255 255 255 255 255 255 255 255 255 255 254 68 1 1 1 0 0 0 0 0 0 0 0 5 0 0 0 0 0 0 0 0 0 0 0 1 1 1 1 1 1 1 1 1 0 0 1 26 255 255 136 1 0 1 1 1 1 36 1 0 1 1 1 0 1 1 2 255 253 1 0 0 0 0 0 0 0 0 0 0 0 0 0 0 0 0 0 0 0 0 0 0 0 0 0 0 0 0 0 0 0 0 0 0 0 0 0 9 1 0 0 0 0 0 0 0 0 1 11 6 11 12 14 1 0 1 194 223 244 220 208 25 1 1 1 1 1 1 1 1 1 1 23 202 197 1 0 0 1 1 1 1 1 1 1 1 1 1 1 1 20 1 1 1 114 220 235 197 35 31 6 1 0 0 0 0 0 0 1 252 8 1 0 1 1 0 1 1 1 16 48 1 0 0 0 0 0 0 0 2 1 1 1 1 1 1 1 2 12 24 1 1 1 29 238 252 253 253 253 252 192 1 1 1 1 1 1 1 1 1 1 1 1 1 1 1 1 1 1 1 1 1 1 208 253 254 254 254 254
1 1 0 0 2 1 0 0 0 0 0 0 0 0 0 0 0 0 0 0 0 0 0 0 0 0 1 180 109 1 1 0 0 0 0 0 0 0 0 0 0 0 0 0 0 0 0 0 0 0 0 0 0 0 0 0 1 1 40 180 205 147 3 0 0 0 0 0 0 0 51 1 0 1 0 0 0 0 0 0 0 0 0 0 0 0 0 0 0 0 0 0 0 0 0 0 0 0 0 0 0 0 0 0 0 0 0 0 0 0 0 0 0 0 0 0 0 0 0 0 0 0 0 0 0 0 0 0 0 0 0 0 0 0 0 0 0 0 0 0 0 0 0 0 0 1 214 1 0 0 0 0 0 0 0 0 0 0 0 0 0 0 0 0 0 0 0 0 0 0 0 0 0 0 0 0 0 0 0 0 0 0 0 0 1 2 35 32 1 1 1 0 0 0 0 0 0 0 0 0 0 0 1 1 154 85 1 0 0 0 0 1 11 50 63 21 2 20 56 62 60 45 9 10 56 62 255 224 1 1 1 0 0 0 0 0 0 0 0 1 1 1 1 1 2 1 0 0 0 1 75 1 1 242 255 255 255 250 17 1 1 1 1 1 4 31 103 153 129 43 3 1 1 1 1 1 1 1 1 1 1 1 1 1 1 1 5 1 10 1 0 0 0 0 0 0 1 35 85 86 86 16 3 12 1 1 1 1 0 0 1 1 188 255 253 1 1 1 0 1 36 1 0 1 1 1 1 1 1 253 253 1 0 0 0 0 0 0 0 0 0 0 0 0 0 0 0 0 0 0 0 0 0 0 0 0 0 0 0 0 0 0 0 0 0 0 0 0 0 0 9 1 0 0 0 0 0 0 0 0 0 1 2 6 12 1 0 0 0 1 1 37 215 225 247 228 217 171 7 1 1 1 1 1 1 204 174 1 0 0 0 0 0 0 1 1 1 1 1 1 1 1 1 18 1 115 218 240 212 27 3 3 3 20 14 1 0 0 0 0 1 139 249 1 0 0 1 0 0 1 1 4 70 1 0 0 0 0 0 0 0 0 1 1 1 1 1 1 1 1 1 1 1 23 30 30 28 7 1 1 1 1 1 1 1 1 1 1 1 1 1 1 1 1 1 1 1 1 1 1 1 1 1 1 1 1 1 1 1 70 249 253
2 2 1 0 2 1 0 0 0 0 0 0 0 0 0 0 0 0 0 0 0 0 0 0 0 0 1 220 1 1 0 0 0 0 0 0 0 0 0 0 0 0 0 0 0 0 0 0 0 0 0 0 0 0 0 0 0 0 0 1 2 120 203 177 8 1 0 0 0 2 44 1 0 1 0 0 0 0 0 0 0 0 0 0 0 0 0 0 0 0 0 0 0 0 0 0 0 0 0 0 0 0 0 0 0 0 0 0 0 0 0 0 0 0 0 0 0 0 0 0 0 0 0 0 0 0 0 0 0 0 0 0 0 0 0 0 0 0 0 0 0 0 0 0 0 1 214 1 0 0 0 0 0 0 0 0 0 0 0 0 0 0 0 0 0 0 0 1 1 1 1 0 1 1 1 1 1 4 15 43 73 102 117 128 139 155 171 177 184 157 74 30 1 1 0 0 0 0 0 0 0 1 1 48 175 1 0 0 0 0 1 14 38 4 1 1 4 1 1 1 1 3 31 28 1 1 221 255 2 1 1 0 0 0 0 0 0 0 0 1 0 0 0 0 2 1 0 0 1 3 59 238 255 255 171 7 4 1 1 1 1 1 1 1 1 1 1 1 1 1 1 0 0 0 0 0 0 0 0 0 0 1 69 74 74 72 93 82 51 87 88 65 30 87 87 87 85 22 1 1 1 65 67 47 82 86 29 1 1 1 1 1 1 1 253 255 103 1 1 1 36 1 1 1 1 1 1 1 253 255 1 0 0 0 0 0 0 0 0 0 0 0 0 0 0 0 1 0 0 0 0 0 0 0 0 0 0 0 0 0 0 0 0 0 0 0 0 0 0 0 9 1 0 0 0 0 0 0 0 0 0 0 0 0 4 2 0 0 0 0 0 0 1 1 7 200 220 239 247 238 217 212 136 3 190 124 1 1 1 0 0 0 0 0 0 1 1 1 1 1 1 1 3 200 226 243 215 50 3 1 1 1 1 1 17 19 0 0 0 0 1 249 68 1 1 1 1 0 1 1 1 81 1 0 0 0 0 0 0 0 0 0 0 0 1 1 1 1 1 1 1 1 1 0 1 1 1 1 1 1 1 1 1 1 1 1 1 1 1 1 1 1 1 1 0 0 0 0 0 0 1 1 1 1 1 1 1 1 1 1 1 4
1 1 3 3 2 1 0 0 0 0 1 0 0 0 0 0 0 0 0 0 0 0 0 0 0 1 3 218 1 1 0 0 0 0 0 0 0 0 0 0 0 0 0 0 0 0 0 0 0 0 0 0 0 0 0 0 0 0 0 0 0 1 1 66 198 168 3 1 1 15 16 0 0 1 0 0 0 0 0 0 0 0 0 0 0 0 0 0 0 0 0 0 0 0 0 0 0 0 0 0 0 0 0 0 0 0 0 0 0 0 0 0 0 0 0 0 0 0 0 0 0 0 0 0 0 0 0 0 0 0 0 0 0 0 0 0 0 0 0 0 0 0 0 0 0 1 212 0 0 0 0 0 0 0 0 0 0 1 1 2 36 99 126 144 165 180 194 192 152 168 206 206 207 206 206 206 205 200 193 179 165 150 134 123 109 87 60 53 93 138 196 207 177 55 10 1 0 0 0 0 0 1 6 185 5 0 0 0 0 1 12 39 1 1 1 0 4 1 1 1 1 1 1 1 1 0 1 255 254 1 1 3 1 0 0 0 0 0 1 1 0 0 0 0 1 2 1 1 1 39 255 255 115 1 1 1 8 28 1 1 1 1 1 1 1 1 0 0 0 0 0 0 0 0 0 0 1 1 1 1 26 66 1 1 1 1 1 1 1 1 1 4 28 1 1 1 1 1 1 1 1 1 1 1 1 1 28 64 1 1 1 1 1 1 1 204 255 251 1 1 9 13 1 1 1 1 1 253 255 1 1 1 1 1 1 1 1 1 1 1 1 1 1 1 1 1 1 1 1 1 1 1 1 1 1 1 1 1 1 1 1 1 1 1 1 1 1 1 0 0 9 1 0 0 0 0 0 0 0 0 0 0 0 0 8 1 0 0 0 0 0 0 0 0 0 0 1 1 4 177 217 222 244 247 253 219 214 165 17 1 1 1 1 1 1 1 1 1 1 68 206 218 246 235 221 22 3 1 1 0 0 0 0 0 1 13 16 0 0 0 6 252 1 1 1 1 0 1 1 1 78 1 0 0 0 0 0 0 0 0 0 0 0 0 1 0 0 0 0 0 0 0 1 1 1 1 0 0 0 1 1 1 1 1 1 1 0 0 0 0 0 0 0 0 0 0 0 0 0 0 0 0 1 1 1 1 1 1 1 1 1 1
0 0 0 0 1 1 1 1 1 1 1 1 1 1 0 0 0 0 0 0 0 0 0 0 0 1 184 93 1 1 0 0 0 0 0 0 0 0 0 0 0 0 0 0 0 0 0 0 0 0 0 0 0 0 0 0 0 0 0 0 0 0 0 0 1 81 198 130 152 155 28 1 1 1 1 1 1 1 1 1 1 1 1 3 6 13 28 49 61 55 36 18 7 3 2 1 1 1 1 1 1 1 1 1 1 65 59 1 1 1 0 0 0 0 0 0 0 0 0 0 0 0 0 0 0 0 0 0 0 0 0 0 0 0 0 0 0 0 0 0 0 0 0 0 0 25 199 1 0 0 1 2 43 115 148 188 208 210 210 205 188 157 133 114 83 46 16 18 112 79 1 1 1 1 2 7 13 14 11 5 1 1 1 1 1 1 1 1 1 1 1 1 105 201 201 111 32 1 1 0 1 1 151 91 0 0 0 0 1 1 56 2 1 1 1 0 3 1 1 1 0 0 1 1 1 0 1 3 255 240 14 4 4 0 0 0 0 0 0 1 1 1 1 1 1 2 1 1 234 255 253 1 1 1 1 27 30 24 72 74 78 34 8 1 1 0 0 0 0 0 0 0 0 0 1 50 96 74 73 73 22 1 1 1 0 1 1 0 0 0 0 1 1 1 0 0 0 0 0 1 1 1 0 0 1 1 1 5 77 1 1 1 1 1 1 1 2 255 255 11 1 9 29 1 1 1 253 255 2 1 1 1 1 0 0 0 0 0 0 0 0 0 0 0 0 1 1 0 0 0 0 0 0 0 0 0 0 0 0 0 0 0 0 0 0 0 0 1 1 1 9 1 1 1 1 1 1 1 1 1 1 1 1 1 8 1 1 1 1 1 1 1 1 1 1 1 1 1 1 1 1 1 1 144 244 225 228 244 247 247 241 222 219 216 216 216 219 238 247 246 226 221 132 28 3 1 1 0 0 0 0 0 0 0 0 1 15 14 1 1 217 239 1 1 1 1 1 1 1 60 8 0 0 0 0 0 0 0 0 0 0 0 0 1 1 0 0 0 0 0 0 0 0 0 0 0 1 1 1 1 1 1 0 0 0 0 0 0 0 0 0 0 0 0 0 0 0 0 0 0 0 0 1 1 1 1 0 1 1 1 1 1
0 0 0 0 0 0 0 0 0 0 0 1 2 2 2 2 2 2 1 1 1 1 1 1 1 1 220 1 1 0 0 0 0 0 0 0 0 0 0 0 0 0 0 0 0 0 0 0 0 0 0 0 0 0 0 0 0 0 0 0 0 0 0 0 0 1 5 150 25 2 162 198 211 211 211 211 211 211 211 211 212 212 210 210 206 201 195 188 182 183 192 196 202 206 208 208 208 208 208 208 208 207 207 207 203 133 122 162 158 122 58 5 1 1 1 1 1 0 0 0 0 0 0 0 0 0 0 0 0 0 0 0 0 0 0 0 0 0 0 0 0 1 1 1 30 192 222 185 209 211 211 208 185 148 115 43 4 2 2 2 2 1 1 1 2 3 7 13 36 15 20 22 21 17 11 4 2 1 2 5 13 21 12 13 16 16 17 18 11 8 2 1 1 1 22 177 206 167 50 25 3 105 159 1 0 0 0 0 1 26 19 1 1 0 1 1 1 4 1 1 0 0 0 1 1 1 1 1 101 255 248 3 3 3 1 1 0 0 0 1 1 1 1 1 1 1 11 255 255 102 1 1 1 1 44 5 1 0 1 1 2 14 44 70 74 74 65 12 2 4 3 2 3 44 71 5 1 1 1 1 1 0 0 0 0 0 0 0 0 0 0 0 0 0 0 0 0 1 1 1 0 1 1 1 1 0 1 1 2 80 1 1 1 1 1 1 0 1 251 255 242 1 2 43 251 255 255 63 52 52 53 53 50 24 1 1 0 0 0 0 0 0 0 0 0 1 0 0 0 0 0 0 0 0 0 0 0 0 0 0 0 0 0 0 0 0 0 0 0 0 9 1 0 0 0 0 0 0 0 0 0 0 0 2 3 0 0 0 0 0 0 0 0 0 0 0 0 0 0 1 0 1 13 225 4 1 1 4 14 66 187 219 224 224 219 219 214 175 24 1 43 37 1 1 0 1 1 1 1 1 1 1 1 1 1 0 1 18 12 1 249 104 1 0 1 1 1 1 35 24 0 0 0 0 0 0 0 0 0 0 0 0 0 1 0 0 0 0 0 0 0 0 1 1 1 1 1 0 1 0 0 0 0 0 0 0 0 0 0 0 0 0 0 0 0 0 0 1 1 1 1 1 1 1 0 1 1 1 1 1 1 1
0 0 0 0 0 0 0 0 0 0 0 2 0 0 0 0 0 0 1 1 1 1 1 0 1 4 218 1 1 0 0 0 0 0 0 0 0 0 0 0 0 0 0 0 0 0 0 0 0 0 0 0 0 0 0 0 0 0 0 0 0 0 0 0 0 0 1 11 174 137 148 23 3 2 2 2 2 2 2 1 1 1 1 1 1 1 1 1 1 1 1 1 1 1 1 1 1 1 1 2 2 2 2 2 4 144 176 135 139 170 199 218 223 218 215 213 196 162 128 72 7 1 1 1 0 0 0 0 0 0 0 0 0 1 1 1 25 105 142 182 207 212 212 212 195 225 195 42 4 2 2 2 6 33 46 44 39 30 30 30 32 37 35 33 28 23 14 8 4 2 1 1 1 1 1 1 1 1 1 1 1 6 1 1 1 1 1 1 1 1 7 11 10 4 1 1 2 118 200 176 181 178 43 0 0 0 0 1 3 51 1 0 1 1 1 1 1 3 1 1 1 1 1 1 1 1 1 5 180 139 255 251 5 6 3 1 1 1 1 26 255 255 255 255 255 255 255 255 1 1 1 1 9 41 1 0 0 0 0 0 0 0 0 0 0 1 1 36 60 52 53 60 56 7 1 1 0 0 0 0 0 0 0 0 0 0 0 0 0 0 0 0 0 0 0 1 1 1 0 1 1 0 0 0 0 0 0 0 1 1 80 9 1 1 1 0 0 0 1 56 255 255 255 255 255 110 1 1 1 1 1 1 1 9 50 53 18 1 0 0 0 0 0 0 1 1 0 0 0 0 0 0 0 0 0 0 0 0 0 0 0 0 0 0 0 0 0 0 0 0 9 0 0 0 0 0 0 0 0 0 0 0 0 8 1 0 0 0 0 0 0 0 0 0 0 0 0 0 1 1 0 1 225 5 1 1 0 0 0 0 0 0 0 2 11 1 0 1 1 40 11 19 4 0 0 0 0 0 0 0 0 0 0 0 1 1 1 1 24 8 252 1 1 1 1 1 1 13 50 1 0 0 0 0 1 0 0 0 0 0 0 0 0 1 0 0 0 0 0 0 0 0 1 0 0 0 0 0 1 1 0 0 0 0 0 0 0 0 0 0 0 0 0 0 0 0 0 0 0 0 1 1 0 1 1 1 1 1 0 1 1 1
0 0 0 0 0 0 0 0 0 0 0 2 0 0 0 0 0 0 0 0 0 1 1 0 1 190 82 1 1 0 0 0 0 0 0 0 0 0 0 0 0 0 0 0 0 0 0 0 0 0 0 0 0 0 0 0 0 0 0 0 0 0 0 0 0 0 1 1 51 45 1 1 1 1 0 0 0 0 0 0 0 0 0 0 0 0 0 0 0 0 0 0 0 0 0 0 0 0 0 0 0 0 0 0 0 56 59 1 1 0 0 0 1 3 9 15 62 132 164 191 215 217 214 214 212 202 181 162 154 158 170 189 208 213 215 215 205 173 146 89 18 8 7 4 5 186 76 2 3 36 43 42 26 3 1 1 1 1 1 1 1 1 1 1 1 1 1 1 1 1 1 1 1 1 1 1 1 1 1 1 0 4 1 1 1 1 1 1 2 1 1 1 1 4 11 12 8 1 1 139 68 198 6 1 0 0 0 1 23 27 1 0 1 1 1 1 1 1 3 1 1 0 0 0 0 1 5 185 7 5 208 255 27 3 3 8 3 1 1 255 254 7 119 253 254 151 122 254 1 1 1 37 18 1 0 0 0 0 0 0 0 0 0 0 0 0 0 0 0 0 0 0 0 0 0 0 0 0 0 0 0 0 0 0 0 0 0 0 0 0 0 0 0 0 1 1 0 0 0 0 0 0 0 0 0 0 0 0 0 1 1 49 51 1 1 1 0 0 0 1 1 170 73 1 1 1 1 0 0 0 0 0 1 1 1 1 15 55 56 28 1 1 0 0 1 0 0 0 0 0 0 0 0 0 0 0 0 0 0 0 0 0 0 0 0 0 0 0 0 1 9 0 0 0 0 0 0 0 0 0 0 0 1 8 1 0 0 0 0 0 0 0 0 0 0 0 0 1 1 0 1 220 31 1 0 1 1 1 1 0 0 0 0 0 1 14 1 1 1 67 1 1 28 1 0 0 0 0 0 0 0 0 0 0 0 0 0 0 1 39 252 1 1 1 1 1 3 74 1 1 1 1 1 1 1 0 0 0 0 0 0 0 1 1 0 0 0 0 0 0 0 1 0 0 0 0 0 0 0 1 0 0 0 0 0 0 0 0 0 0 0 0 0 0 0 0 1 1 1 1 1 0 0 0 0 0 0 1 1 1 1 0
0 0 0 0 0 0 0 0 0 0 1 2 0 0 0 0 0 0 0 0 0 1 0 0 1 220 1 1 0 0 0 0 0 0 0 0 0 0 0 0 0 0 0 0 0 0 0 0 0 0 0 0 0 0 0 0 0 0 0 0 0 0 0 0 0 0 0 0 45 31 0 1 0 1 0 0 0 0 0 0 0 0 0 0 0 0 0 0 0 0 0 0 0 0 0 0 0 0 0 0 0 0 0 0 0 102 15 0 0 0 0 0 0 0 0 0 0 0 0 1 1 3 6 9 12 43 97 126 137 133 116 71 20 9 5 1 1 1 0 0 0 0 0 0 1 204 42 1 54 1 1 1 1 1 1 1 1 1 1 1 1 1 0 1 1 1 0 0 1 1 1 1 1 1 1 1 1 1 2 2 2 7 1 1 1 1 1 1 1 1 1 1 1 1 1 1 2 10 13 82 186 157 169 153 4 1 0 1 33 14 0 1 1 1 0 1 1 1 3 1 1 1 1 1 1 69 192 5 6 179 5 255 254 243 255 218 7 11 44 255 7 1 1 1 1 1 1 254 1 17 43 2 1 0 0 0 0 0 0 0 0 0 0 0 0 0 0 0 0 0 0 0 0 0 0 0 0 0 0 0 0 0 0 1 1 1 1 1 0 0 0 0 0 0 0 0 0 0 0 0 0 0 0 0 0 0 0 0 0 0 1 1 7 81 22 1 1 0 0 1 71 89 1 1 0 0 0 0 0 0 0 0 0 0 1 1 1 1 1 7 53 53 40 1 1 0 0 0 0 0 0 0 0 0 0 0 1 0 0 0 0 0 0 0 0 0 0 0 0 2 3 0 0 0 0 0 0 0 0 0 0 0 4 2 0 0 0 0 0 0 0 0 0 0 0 0 0 1 0 1 205 92 1 0 0 0 0 0 1 1 1 1 1 1 1 1 10 4 1 58 1 1 1 33 1 0 0 0 0 0 0 0 0 0 0 0 0 0 1 2 252 1 1 1 1 1 84 1 0 0 0 0 1 1 1 1 1 1 1 1 1 0 1 0 0 0 0 0 0 0 0 1 0 0 0 0 0 0 0 1 0 0 0 0 0 0 0 0 0 0 0 0 0 0 0 1 1 1 0 0 0 0 0 0 0 0 0 0 0 0 1 1
0 0 0 0 0 0 0 0 0 0 1 1 0 0 0 0 0 0 0 0 0 0 0 1 9 212 1 1 0 0 0 0 0 0 0 0 0 0 0 0 0 0 0 0 0 0 0 0 0 0 0 0 0 0 0 0 0 0 0 0 0 0 0 0 0 0 0 0 44 31 0 1 1 1 0 0 0 0 0 0 0 0 0 0 0 0 0 0 0 0 0 0 0 0 0 0 0 0 0 0 0 0 0 0 0 127 1 0 0 0 0 0 0 0 0 0 0 0 0 0 0 0 0 0 0 0 0 0 0 0 0 0 0 0 0 0 0 0 0 0 0 0 0 0 1 207 21 2 41 1 1 1 1 1 1 0 1 1 1 1 1 1 1 1 1 1 1 1 1 1 1 1 2 2 2 2 1 1 1 1 1 5 1 1 1 0 1 1 1 2 1 1 1 1 1 1 1 1 8 149 31 1 1 11 162 164 12 14 34 1 0 1 1 0 0 0 0 1 3 1 1 1 1 3 230 237 195 195 192 23 3 75 255 255 254 255 255 169 255 254 1 0 0 0 0 0 1 250 246 9 1 1 0 0 0 0 1 1 0 0 0 0 0 0 0 0 0 0 0 0 0 0 0 0 0 0 0 0 0 0 0 0 0 0 1 1 0 0 0 0 0 0 0 0 0 0 0 0 0 0 0 0 0 0 0 0 0 0 0 0 0 0 1 1 32 75 2 1 1 1 160 1 1 0 0 0 0 0 0 0 0 0 0 0 0 1 1 1 1 1 1 1 2 56 1 0 0 0 0 0 0 0 0 0 0 1 1 0 0 0 0 0 0 0 0 0 0 0 0 10 1 0 0 0 0 0 0 0 0 0 0 0 9 1 0 0 0 0 0 0 0 0 0 0 0 0 1 1 1 177 150 1 0 0 0 0 0 0 0 0 0 0 0 0 0 1 1 4 83 2 1 0 1 1 31 1 0 0 0 0 0 0 0 0 0 0 0 0 0 1 252 1 1 1 1 73 3 0 0 0 0 0 0 1 0 0 0 0 0 0 1 1 1 1 1 1 1 1 1 1 0 0 0 0 0 0 0 0 0 1 1 0 0 0 0 0 0 0 0 0 0 0 0 0 1 1 0 0 0 0 0 0 0 0 0 0 0 0 0 0 1 1
0 0 0 0 0 0 0 0 0 0 2 1 0 0 0 0 0 0 0 0 0 0 0 1 194 67 1 1 1 0 0 0 0 0 0 0 0 0 0 0 0 0 0 0 0 0 0 0 0 0 0 0 0 0 0 0 0 0 0 0 0 0 0 0 0 0 0 0 43 31 0 1 1 0 0 0 0 0 0 0 0 0 0 0 0 0 0 0 0 0 0 0 0 0 0 0 0 0 0 0 0 0 0 0 0 132 1 0 0 0 0 0 0 0 0 0 0 0 0 0 0 0 0 0 0 0 0 0 0 0 0 0 0 0 0 0 0 0 0 0 0 0 0 0 1 197 53 6 30 1 1 1 1 1 1 1 1 1 1 1 1 1 1 1 1 1 1 1 1 1 1 2 1 1 1 1 1 1 0 0 0 3 1 1 1 0 0 0 1 1 2 1 1 1 1 1 1 1 93 90 1 1 1 1 1 3 152 177 152 23 1 1 1 0 0 0 0 1 2 1 1 1 148 242 109 1 1 1 1 1 2 1 3 1 1 2 253 255 255 1 1 1 0 0 0 0 0 1 254 1 0 1 0 0 1 1 1 1 0 0 0 0 0 0 0 0 0 0 0 0 0 0 0 0 0 0 0 0 0 0 0 0 0 0 0 0 0 0 0 0 0 0 0 0 0 0 0 0 0 0 0 0 0 0 0 0 0 0 0 0 0 0 0 0 1 1 77 36 1 69 93 1 1 1 1 0 0 0 0 0 0 0 0 0 0 0 0 0 1 1 0 0 1 1 38 1 0 0 0 0 0 0 0 0 0 1 0 0 0 0 0 0 0 0 0 0 0 0 1 9 0 0 0 0 0 0 0 0 0 0 0 1 9 1 0 0 0 0 0 0 0 0 0 0 0 1 1 0 91 205 1 1 0 0 0 0 0 0 0 0 0 0 0 0 0 0 0 1 40 3 1 1 0 1 2 28 1 0 0 0 0 0 0 0 0 0 0 0 1 1 252 1 1 1 48 14 1 0 0 0 0 0 1 1 0 0 0 0 0 0 0 0 1 0 0 0 0 0 0 0 1 1 1 1 1 1 1 1 1 1 1 0 0 0 0 0 0 0 0 0 0 0 0 1 1 0 0 0 0 0 0 0 0 0 0 0 0 0 0 0 0 1
0 0 0 0 0 0 0 0 0 0 2 0 0 0 0 0 0 0 0 0 0 0 0 1 218 1 1 0 0 1 0 0 0 0 0 0 0 0 0 0 0 0 0 0 0 0 0 0 0 0 0 0 0 0 0 0 0 0 0 0 0 0 0 0 0 0 0 0 26 48 1 1 1 0 0 0 0 0 0 0 0 0 0 0 0 0 0 0 0 0 0 0 0 0 0 0 0 0 0 0 0 0 0 0 1 132 1 0 0 0 0 0 0 0 0 0 0 0 0 0 0 0 0 0 0 0 0 0 0 0 0 0 0 0 0 0 0 0 0 0 0 0 0 0 1 161 170 79 4 1 1 1 1 1 1 1 1 1 1 1 1 0 1 1 1 1 1 1 1 1 1 2 1 0 1 1 0 0 0 0 0 1 6 1 1 0 0 1 1 1 1 1 1 1 1 1 1 26 137 2 1 1 1 1 0 0 3 14 1 85 35 41 79 1 1 1 1 3 1 1 1 201 219 1 1 1 1 1 1 1 1 2 1 1 1 1 1 1 71 1 1 1 1 1 1 1 1 1 253 207 0 1 1 1 1 0 0 0 0 0 0 0 0 0 0 0 0 0 0 0 0 0 0 0 0 0 0 0 0 0 0 0 0 0 0 0 0 0 0 0 0 0 0 0 0 0 0 0 0 0 0 0 0 0 0 0 0 0 0 0 0 0 0 0 0 1 1 25 63 164 1 1 0 0 1 0 0 0 0 0 0 0 0 0 0 0 0 0 1 1 1 1 1 0 20 5 1 0 0 0 0 0 0 0 0 1 1 0 0 0 0 0 0 0 0 0 0 0 6 1 0 0 0 0 0 0 0 0 0 0 0 1 4 0 0 0 0 0 0 0 0 0 0 0 0 1 0 1 231 1 1 0 0 0 0 0 0 0 0 0 0 0 0 0 0 0 0 14 9 1 3 0 1 1 1 3 22 1 0 0 0 0 0 0 0 0 0 0 1 1 252 1 1 22 38 1 1 0 0 0 0 0 1 1 1 0 0 1 0 0 0 1 1 0 0 0 0 0 0 0 0 0 0 0 1 1 1 1 1 1 1 1 1 1 1 1 1 1 0 0 0 0 1 1 0 0 0 0 0 0 0 0 0 0 0 0 0 0 0 0 0 0
1 0 0 0 0 0 0 0 0 0 2 0 0 0 0 0 0 0 0 0 0 0 0 11 211 1 1 1 1 1 0 0 0 0 0 0 0 0 0 0 0 0 0 0 0 0 0 0 0 0 0 0 0 0 0 0 0 0 0 0 0 0 0 0 0 0 0 0 2 88 1 0 1 0 0 0 0 0 0 0 0 0 0 0 0 0 0 0 0 0 0 0 0 0 0 0 0 0 0 0 0 0 0 0 1 132 1 0 0 0 0 0 0 0 0 0 0 0 0 0 0 0 0 0 0 0 0 0 0 0 0 0 0 0 0 0 0 0 0 0 0 0 0 0 1 200 39 2 1 1 1 1 1 1 1 0 1 1 1 1 1 1 1 0 0 0 1 1 1 1 1 1 0 1 1 1 0 0 0 0 1 1 1 7 6 2 1 1 0 0 1 2 1 0 1 1 1 129 40 0 1 1 1 0 0 1 18 2 1 1 74 69 8 100 105 103 78 1 1 1 196 196 1 1 0 0 0 0 1 0 1 1 0 1 1 1 1 1 68 1 1 0 0 0 0 1 1 1 25 254 1 1 1 0 0 0 0 0 0 0 0 0 0 0 0 0 0 0 0 0 0 0 0 0 0 0 0 0 0 0 0 0 0 0 0 0 0 0 0 0 0 0 0 0 0 0 0 0 0 0 0 0 0 0 0 0 0 0 0 0 0 0 0 0 0 0 0 1 150 39 1 1 0 0 0 0 0 0 0 0 0 0 0 0 0 0 0 0 0 1 1 1 1 0 1 37 1 0 0 0 0 1 1 0 0 1 0 0 0 0 0 0 0 0 0 0 0 0 9 1 0 0 0 0 0 0 0 0 0 0 0 8 1 0 0 0 0 0 0 0 0 0 0 0 1 1 1 213 75 1 0 0 0 0 0 0 0 0 0 0 0 0 0 0 0 0 1 42 1 0 2 1 0 0 1 1 5 17 0 0 0 0 0 0 0 0 0 0 1 1 250 1 6 64 1 0 1 1 1 0 0 0 1 0 0 0 1 1 1 0 0 1 0 0 0 0 0 0 0 0 0 0 0 1 1 1 1 1 1 1 1 1 1 0 0 0 0 1 1 1 1 1 1 1 1 0 0 0 0 0 0 0 0 0 0 0 0 0 0 0 0 0
2 2 1 0 0 0 0 0 0 0 2 0 0 0 0 0 0 0 0 0 0 0 1 201 91 3 1 3 4 1 1 0 0 0 0 0 0 0 0 0 0 0 0 0 0 0 0 0 0 0 0 0 0 0 0 0 0 0 0 0 0 0 0 0 0 0 0 0 1 87 3 0 1 0 0 0 0 0 0 0 0 0 0 0 0 0 0 0 0 0 0 0 0 0 0 0 0 0 0 0 0 0 0 0 1 132 1 0 0 0 0 0 0 0 0 0 0 0 0 0 0 0 0 0 0 0 0 0 0 0 0 0 0 0 0 0 0 0 0 0 0 0 0 0 1 205 1 1 1 1 1 1 1 1 0 1 1 1 1 1 1 1 1 1 1 1 1 1 1 1 1 1 0 1 1 1 0 0 1 1 1 0 0 1 1 4 8 4 1 1 1 1 2 1 1 1 53 122 1 0 1 1 1 0 0 1 17 1 1 1 4 5 0 1 1 1 25 109 18 18 238 1 1 1 1 0 0 0 0 0 0 0 0 0 0 1 1 1 27 19 1 1 0 0 0 0 0 0 1 254 122 1 1 0 0 0 0 0 0 0 0 0 0 0 0 0 0 0 0 0 0 0 0 0 0 0 0 0 0 0 0 0 0 0 0 0 0 0 0 0 0 0 0 0 0 0 0 0 0 0 0 0 0 0 0 0 0 0 0 0 0 0 0 0 0 0 0 1 164 1 1 1 0 0 0 0 0 0 0 0 0 0 0 0 0 0 0 0 0 0 1 1 1 0 1 33 1 1 0 0 0 1 1 1 1 1 1 0 0 0 0 0 0 0 0 0 0 1 8 0 0 0 0 0 0 0 0 0 0 0 0 9 1 0 0 0 0 0 0 0 0 0 0 0 1 0 3 228 1 1 0 0 0 0 0 0 0 0 0 0 0 0 0 0 0 0 2 32 0 0 1 3 0 0 0 1 1 14 7 1 0 0 0 0 0 0 0 1 1 3 252 1 81 1 1 0 1 1 1 0 0 0 1 0 0 0 1 0 0 0 0 1 0 0 0 0 0 0 0 0 0 0 1 1 1 0 0 0 0 0 0 1 1 1 1 0 0 0 1 1 1 0 0 0 0 0 0 0 0 0 0 1 1 1 1 1 0 0 0 0 1 1
1 1 1 2 2 2 2 2 2 1 1 0 0 0 0 0 0 0 0 0 0 0 1 224 3 10 16 16 1 1 1 0 0 0 0 0 0 0 0 0 0 0 0 0 0 0 0 0 0 0 0 0 0 0 0 0 0 0 0 0 0 0 0 0 0 0 0 0 0 49 25 0 1 0 0 0 0 0 0 0 0 0 0 0 0 0 0 0 0 0 0 0 0 0 0 0 0 0 0 0 0 0 0 0 1 128 1 0 0 0 0 0 0 0 0 0 0 0 0 0 0 0 0 0 0 0 0 0 0 0 0 0 0 0 0 0 0 0 0 0 0 0 0 0 0 200 10 1 1 2 1 1 1 1 1 1 1 1 1 0 0 1 0 1 1 1 1 1 1 1 1 0 0 1 0 1 0 0 0 0 0 0 0 0 0 0 1 2 8 4 1 0 1 1 1 3 154 4 0 0 1 1 1 0 1 4 10 1 1 1 15 1 0 0 1 1 1 1 75 243 23 1 1 0 0 0 0 0 0 0 0 0 0 0 0 0 1 1 1 60 2 1 0 0 0 0 0 0 1 120 254 1 1 1 0 0 0 0 0 0 0 0 0 0 0 0 0 0 0 0 0 0 0 0 0 0 0 0 0 0 0 0 0 0 0 0 0 0 0 0 0 0 0 0 0 0 0 0 0 0 0 0 0 0 0 0 0 0 0 0 0 0 0 0 0 0 0 63 103 1 1 0 0 0 0 0 0 0 0 0 0 0 0 0 0 0 0 0 0 0 0 1 1 0 0 1 36 1 1 0 0 1 0 0 0 0 0 0 0 0 0 0 0 0 0 0 0 7 1 0 0 0 0 0 0 0 0 0 0 0 1 8 0 0 0 0 0 0 0 0 0 0 0 0 1 1 221 35 1 0 0 0 0 0 0 0 0 0 0 0 0 0 0 0 0 0 38 1 0 0 1 3 1 0 0 0 0 1 29 1 0 0 0 0 0 0 1 1 1 7 250 81 1 1 1 0 0 1 1 1 1 1 1 0 0 1 1 0 0 0 1 0 0 0 1 1 1 0 0 0 1 1 1 1 0 0 0 0 0 0 0 0 1 1 1 1 1 1 1 0 0 0 0 0 0 0 0 0 0 0 0 0 0 0 0 1 1 1 1 1 1 1
0 0 0 0 0 1 1 1 1 1 1 1 1 1 1 1 1 1 1 0 0 0 3 222 1 1 1 1 1 0 0 0 0 0 0 0 0 0 0 0 0 0 0 0 0 0 0 0 0 0 0 0 0 0 0 0 0 0 0 0 0 0 0 0 0 0 0 0 0 46 28 0 1 0 0 0 0 0 0 0 0 0 0 0 0 0 0 0 0 0 0 0 0 0 0 0 0 0 0 0 0 0 0 0 6 117 1 0 0 0 0 0 0 0 0 0 0 0 0 0 0 0 0 0 0 0 0 0 0 0 0 0 0 0 0 0 0 0 0 0 0 0 0 0 0 195 1 5 5 1 1 1 1 1 1 1 1 1 1 1 1 1 1 1 1 1 1 1 1 1 1 1 1 1 0 1 0 0 0 0 0 0 0 0 0 0 0 1 1 3 7 3 1 2 1 109 73 1 0 1 1 1 1 1 5 27 1 1 1 1 14 1 0 1 1 1 1 1 162 162 1 1 0 0 0 0 0 0 0 0 0 0 0 0 0 0 0 0 0 2 60 1 1 0 0 0 0 0 1 1 254 21 0 1 0 0 0 0 0 0 0 0 0 0 0 0 0 0 0 0 0 0 0 0 0 0 0 0 0 0 0 0 0 0 0 0 0 0 0 0 0 0 0 0 0 0 0 0 0 0 0 0 0 0 0 0 0 0 0 0 0 0 0 0 0 0 0 121 44 1 1 0 0 0 0 0 0 0 0 0 0 0 0 0 0 0 0 0 0 0 0 0 2 1 0 1 8 37 11 18 24 20 7 1 1 1 1 1 0 0 0 0 0 0 0 0 1 9 0 0 0 0 0 0 0 0 0 0 0 0 1 5 0 0 0 0 0 0 0 0 0 0 0 1 0 1 231 1 0 0 0 0 0 0 0 0 0 0 0 0 0 0 0 0 0 1 44 1 0 0 0 2 1 0 0 0 0 0 1 36 1 0 0 0 0 1 1 1 1 11 252 39 1 1 1 0 0 1 1 0 0 1 1 1 1 1 0 0 0 0 1 0 0 1 1 0 0 0 0 1 1 1 0 0 0 0 0 0 0 0 0 0 1 1 1 1 1 1 0 0 0 0 0 0 0 0 0 0 0 0 0 0 0 0 0 0 1 1 1 0 0 0
0 0 0 0 0 0 0 0 0 1 1 1 1 1 1 1 1 1 1 1 1 1 57 206 1 1 1 1 1 1 0 0 0 0 0 0 0 0 0 0 0 0 0 0 0 0 0 0 0 0 0 0 0 0 0 0 0 0 0 0 0 0 0 0 0 0 0 0 0 31 42 0 1 0 0 0 0 0 0 0 0 0 0 0 0 0 0 0 0 0 0 0 0 0 0 0 0 0 0 0 0 0 0 0 27 88 1 0 0 0 0 0 0 0 0 0 0 0 0 0 0 0 0 0 0 0 0 0 0 0 0 0 0 0 0 0 0 0 0 0 0 0 0 0 1 197 1 1 2 7 1 1 1 1 1 1 1 1 1 1 1 1 1 1 1 1 1 1 1 0 1 1 1 1 1 1 0 0 0 1 0 0 0 0 0 1 1 1 1 1 1 2 7 4 27 146 1 1 1 1 1 1 1 1 24 1 1 1 0 1 9 0 0 1 1 1 1 92 207 1 1 1 0 0 0 0 0 0 0 0 0 0 0 0 0 0 0 0 0 1 12 33 1 1 0 0 0 0 1 1 209 253 0 1 1 0 0 0 0 0 0 0 0 0 0 0 0 0 0 0 0 0 0 0 0 0 0 0 0 0 0 0 0 0 0 0 0 0 0 0 0 0 0 0 0 0 0 0 0 0 0 0 0 0 0 0 0 0 0 0 0 0 0 0 0 0 1 6 156 1 0 0 0 0 0 0 0 0 0 1 1 0 0 0 0 0 0 0 0 0 0 0 1 1 0 0 1 1 13 6 3 5 16 35 42 43 43 43 21 1 1 1 1 1 1 1 2 4 0 0 1 1 1 1 1 1 1 1 1 1 9 1 1 1 1 1 1 0 0 0 0 0 0 1 1 223 124 42 43 18 1 1 1 0 0 0 0 0 0 0 0 0 0 0 0 1 38 0 0 0 0 1 3 0 0 0 0 0 1 3 21 1 0 0 0 1 1 1 1 12 252 2 1 1 0 0 0 0 1 0 0 1 0 0 0 1 1 1 1 1 1 0 0 1 0 0 0 0 0 1 0 0 0 0 0 0 0 0 0 0 0 0 1 1 1 0 1 1 1 1 0 0 0 0 0 0 0 0 0 0 0 0 0 0 0 1 1 1 0 0 0 0
0 0 0 0 0 0 0 0 1 1 1 1 0 1 1 1 1 1 1 1 1 1 146 166 1 1 1 1 1 1 1 1 1 1 1 0 0 0 0 0 0 0 0 0 0 0 0 0 0 0 0 0 0 0 0 0 0 0 0 0 0 0 0 0 0 0 0 0 0 2 93 1 1 0 0 0 0 0 0 0 0 0 0 0 0 0 0 0 0 0 0 0 0 0 0 0 0 0 0 0 0 0 0 0 44 70 0 0 0 0 0 0 0 0 0 0 0 0 0 0 0 0 0 0 0 0 0 0 0 0 0 0 0 0 0 0 0 0 0 0 0 0 0 0 1 197 1 0 1 1 4 4 1 1 1 1 1 1 1 1 1 0 1 1 1 1 1 1 1 1 1 0 1 1 1 1 1 1 1 1 1 0 0 0 1 1 1 1 1 0 0 0 1 4 163 10 1 1 1 1 1 1 1 1 24 1 1 1 1 12 1 1 1 1 1 1 31 219 1 1 0 0 0 0 0 0 0 0 0 0 0 0 0 0 0 0 0 0 0 1 1 43 11 1 0 0 0 0 0 0 1 254 1 0 1 0 0 0 0 0 0 0 0 0 0 0 0 0 0 0 0 0 0 0 0 0 0 0 0 0 0 0 0 0 0 0 0 0 0 0 0 0 0 0 0 0 0 0 0 0 0 0 0 0 0 0 0 0 0 0 0 0 0 0 0 0 0 1 169 1 0 0 0 0 0 0 0 0 0 1 1 0 0 0 0 0 0 0 0 0 0 0 1 2 0 0 0 0 0 0 0 0 0 0 1 1 1 1 5 37 42 42 42 41 40 41 63 31 31 32 32 32 32 32 32 32 32 31 31 31 52 43 44 44 45 46 46 46 46 46 45 38 39 44 54 239 1 1 1 6 42 43 43 43 43 41 25 1 1 0 0 0 0 0 0 19 6 0 0 0 0 0 2 3 1 1 0 1 1 1 29 1 0 0 1 1 1 1 1 21 252 1 1 1 0 0 0 1 1 0 1 1 0 0 0 0 0 0 1 1 1 0 0 1 0 0 0 0 0 1 1 0 0 0 0 0 0 0 0 0 0 0 1 1 1 0 1 1 1 1 1 1 0 0 0 0 0 0 0 0 0 0 0 0 1 1 1 0 0 0 0 0
0 0 0 0 0 0 0 0 1 0 0 1 1 1 0 0 1 1 1 1 0 1 169 157 1 1 1 1 1 1 1 1 1 1 1 1 1 1 1 1 1 1 1 0 0 0 0 0 0 0 0 0 0 0 0 0 0 0 0 0 0 0 0 0 0 0 0 0 0 1 98 1 1 0 0 0 0 0 0 0 0 0 0 0 0 0 0 0 0 0 0 0 0 0 0 0 0 0 0 0 0 0 0 0 60 53 0 0 0 0 0 0 0 0 0 0 0 0 0 0 0 0 0 0 0 0 0 0 0 0 0 0 0 0 0 0 0 0 0 0 0 0 0 0 1 197 1 0 1 1 1 2 7 1 1 2 1 1 1 1 1 0 0 0 0 0 1 1 1 1 1 1 1 1 1 1 1 1 1 1 1 1 1 1 1 1 1 0 0 0 0 0 1 115 85 1 0 0 1 1 1 1 1 8 5 1 1 0 5 3 1 1 1 1 1 10 222 4 1 0 0 0 0 0 0 0 0 0 0 0 0 0 0 0 0 0 0 0 0 1 1 10 155 65 2 1 1 0 0 0 1 242 250 0 1 1 0 0 0 0 0 0 0 0 0 0 0 0 0 0 0 0 0 0 0 0 0 0 0 0 0 0 0 0 0 0 0 0 0 0 0 0 0 0 0 0 0 0 0 0 0 0 0 0 0 0 0 0 0 0 0 0 0 0 0 0 0 1 169 1 0 0 0 0 0 0 0 0 0 0 1 0 0 0 0 0 0 0 0 0 0 0 0 2 1 0 0 0 0 0 0 0 0 0 0 0 0 0 0 1 1 1 1 1 1 1 5 1 1 1 1 1 1 1 1 1 1 1 1 1 4 1 1 1 1 1 1 1 1 1 1 1 1 1 218 65 1 0 0 0 1 1 1 1 1 1 3 36 41 38 3 1 0 0 0 42 1 0 0 0 0 0 0 1 2 3 3 1 1 0 1 36 1 1 1 1 1 1 0 51 252 1 1 1 0 0 0 1 1 1 1 0 0 0 0 0 0 0 0 1 1 1 1 1 1 0 0 0 0 1 0 0 0 0 0 0 0 0 0 0 0 0 1 1 1 0 1 0 0 0 1 1 1 1 1 0 0 0 0 0 0 0 0 0 1 1 1 1 0 0 0 0
0 0 0 0 0 0 0 1 1 1 1 1 1 0 0 0 1 6 9 3 1 1 170 171 120 119 81 4 4 2 1 1 1 0 1 1 1 1 1 1 1 1 1 1 1 1 1 1 1 1 0 0 0 0 0 0 0 0 0 0 0 0 0 0 0 0 0 0 0 0 95 1 1 0 0 0 0 0 0 0 0 0 0 0 0 0 0 0 0 0 0 0 0 0 0 0 0 0 0 0 0 0 0 0 101 15 0 0 0 0 0 0 0 0 0 0 0 0 0 0 0 0 0 0 0 0 0 0 0 0 0 0 0 0 0 0 0 0 0 0 0 0 0 0 1 197 1 0 1 1 0 1 1 5 4 1 1 1 1 1 0 0 1 1 1 1 1 1 1 1 1 1 1 1 1 1 1 1 1 1 1 1 1 1 1 0 0 0 0 0 0 1 64 131 1 0 0 0 1 1 1 1 1 23 1 1 1 2 6 1 1 1 1 1 33 223 10 1 1 1 0 0 0 0 0 0 0 0 0 0 0 0 0 0 0 0 0 0 0 1 1 37 44 10 92 115 30 1 1 0 0 1 254 1 0 1 0 0 0 1 1 1 0 0 0 0 0 0 0 0 0 0 0 0 0 0 0 0 0 0 0 0 0 0 0 0 0 0 0 0 0 0 0 0 0 0 0 0 0 0 0 0 0 0 0 0 0 0 0 0 0 0 0 0 0 0 0 0 169 1 0 0 0 0 0 0 0 0 0 1 1 0 0 0 0 0 0 0 0 0 0 0 0 1 1 0 0 0 0 0 0 0 0 0 0 0 0 0 0 0 0 0 0 0 0 5 1 0 0 0 0 0 0 0 0 0 0 0 0 0 4 1 0 0 0 0 0 0 0 0 0 0 0 1 234 1 1 1 1 1 1 1 1 1 1 1 1 0 1 1 24 46 43 38 9 43 1 0 0 0 0 0 0 0 0 0 1 2 2 2 1 21 4 1 1 1 1 0 1 100 252 1 1 1 0 0 0 0 1 0 1 0 0 0 1 0 0 0 1 1 0 0 0 0 0 0 0 1 1 1 0 0 0 0 0 0 0 0 0 0 0 1 1 1 0 0 1 0 0 0 0 0 1 1 1 1 1 0 0 0 0 0 0 1 1 0 0 1 1 1 1 0
0 0 0 0 0 0 1 1 1 0 0 0 0 1 5 12 10 2 1 8 12 12 188 53 1 1 19 102 107 118 119 97 29 1 1 1 1 1 1 1 1 0 1 1 1 1 1 1 1 1 1 1 1 1 1 1 0 0 0 0 0 0 0 0 0 0 0 0 0 0 92 2 1 0 0 0 0 0 0 0 0 0 0 0 0 0 0 0 0 0 0 0 0 0 0 0 0 0 0 0 0 0 0 0 125 2 0 0 0 0 0 0 0 0 0 0 0 0 0 0 0 0 0 0 0 0 0 0 0 0 0 0 0 0 0 0 0 0 0 0 0 0 0 0 1 198 1 0 1 1 0 1 1 1 2 7 1 1 1 1 0 1 1 1 1 1 1 1 1 1 1 1 1 1 1 1 1 1 2 2 1 1 1 0 1 1 0 0 0 1 1 67 180 1 1 0 1 1 0 1 1 1 11 5 1 1 1 14 1 1 1 1 1 128 219 4 1 1 1 1 0 0 0 0 0 0 0 0 0 0 0 0 0 0 0 0 0 0 0 0 1 98 2 0 1 1 73 120 91 2 1 1 250 240 0 1 0 0 0 0 0 1 1 0 0 0 0 0 0 0 0 0 0 0 0 0 0 0 0 0 0 0 0 0 0 0 0 0 0 0 0 0 0 0 0 0 0 0 0 0 0 0 0 0 0 0 0 0 0 0 0 0 0 0 0 0 0 1 162 0 0 0 0 0 0 0 0 0 0 1 0 0 0 0 0 0 0 0 0 0 0 0 0 1 1 1 0 0 0 0 0 0 0 0 0 0 0 0 0 0 0 0 0 0 0 7 1 0 0 0 0 0 0 0 0 0 0 0 0 1 4 0 1 1 1 1 1 1 1 1 1 0 0 26 226 1 1 1 1 1 1 1 1 1 1 1 1 1 1 1 1 1 1 1 14 13 1 0 0 0 0 0 0 0 0 0 0 1 1 1 2 1 38 2 1 1 1 0 1 154 250 1 1 1 0 0 1 1 1 1 1 1 1 1 1 0 1 0 1 0 0 0 0 0 0 0 1 1 0 1 1 0 0 0 0 0 0 0 0 0 0 1 1 1 1 1 1 0 0 0 0 0 0 0 0 1 1 1 1 0 0 1 1 1 0 0 0 0 1 0 1 1
0 0 0 0 0 0 1 1 0 0 1 4 12 12 3 1 1 1 0 0 1 1 85 159 1 0 1 1 1 1 2 16 125 106 74 44 19 10 3 1 1 1 1 0 0 0 0 0 0 0 1 1 1 1 1 1 1 1 1 1 1 1 1 1 1 1 1 1 1 1 93 2 1 1 0 0 0 0 0 0 0 0 0 0 0 0 0 0 0 0 0 0 0 0 0 0 0 0 0 0 0 0 0 0 130 1 0 0 0 0 0 0 0 0 0 0 0 0 0 0 0 0 0 0 0 0 0 0 0 0 0 0 0 0 0 0 0 0 0 0 0 0 1 1 1 198 1 0 1 1 0 1 1 0 1 1 5 4 1 1 1 1 1 0 0 1 1 1 1 1 0 0 0 0 0 1 1 1 1 1 1 0 0 1 1 1 0 1 1 1 104 129 70 66 1 0 1 1 0 1 0 1 25 1 1 1 14 2 1 1 1 1 184 187 1 1 0 1 1 0 0 0 0 0 0 0 0 0 0 0 0 0 0 0 0 0 0 0 0 1 48 43 1 0 0 0 1 1 14 111 114 18 3 254 1 1 1 0 0 0 0 0 1 1 1 0 0 0 0 0 0 0 0 0 0 0 0 0 0 0 0 0 0 0 0 0 0 0 0 0 0 0 0 0 0 0 0 0 0 0 0 0 0 0 0 0 0 0 0 0 0 0 0 0 0 0 0 1 162 0 0 0 0 0 0 0 0 0 1 1 0 0 0 0 0 0 0 0 0 0 0 0 0 0 1 1 0 0 0 0 0 0 0 0 0 0 0 0 0 0 0 0 0 0 0 8 0 0 0 0 0 0 0 0 0 0 0 0 0 3 1 1 0 0 0 0 0 0 0 0 1 1 1 9 229 1 1 0 0 0 0 0 0 0 0 1 1 0 0 0 0 0 0 0 1 1 0 0 0 0 0 0 0 0 0 0 0 1 0 0 1 1 1 30 8 1 0 0 0 193 250 1 1 1 1 1 1 0 1 1 1 0 0 0 1 1 1 1 1 0 0 0 0 0 0 0 1 1 0 0 1 1 0 0 0 0 0 0 0 0 0 1 1 1 1 0 1 0 0 0 0 0 0 0 0 0 0 1 1 1 1 1 0 0 0 0 0 0 1 0 0 0
0 0 0 0 0 1 1 1 3 12 13 5 1 0 0 0 0 0 0 1 1 1 2 201 1 0 1 1 1 1 0 1 65 4 15 41 66 79 95 99 63 18 2 1 1 2 2 2 1 1 0 0 0 0 0 0 0 0 0 1 1 1 1 1 1 1 1 1 1 1 93 2 1 1 1 1 1 1 1 1 1 1 1 1 1 1 1 1 1 1 1 1 1 1 1 1 1 1 0 0 0 0 0 0 132 1 0 0 0 0 0 0 0 0 0 0 0 0 0 0 0 0 0 0 0 0 0 0 0 0 0 0 0 0 0 0 1 1 1 1 1 1 1 0 1 196 1 1 1 1 1 1 1 0 1 1 1 1 8 6 1 1 0 1 1 1 1 1 1 1 0 0 0 0 0 1 1 1 1 2 1 1 1 1 1 1 1 1 24 143 101 1 1 82 44 1 1 1 0 1 1 23 2 1 1 7 3 1 1 1 109 228 135 1 1 0 0 0 0 0 0 0 0 0 0 0 0 0 0 0 0 0 0 0 0 0 0 0 1 24 70 1 1 1 0 0 0 0 1 1 1 79 117 254 204 1 1 1 1 1 1 1 1 0 1 1 1 0 0 0 0 0 0 0 0 0 0 0 0 0 0 0 0 0 0 0 0 0 0 0 0 0 0 0 0 0 0 0 0 0 0 0 0 0 0 0 0 0 0 0 0 0 0 0 0 0 1 1 161 0 0 0 0 0 0 0 0 0 1 0 0 0 0 0 0 0 0 0 0 0 0 0 0 0 0 1 1 1 0 0 0 0 0 0 0 0 0 0 0 0 0 0 0 0 1 7 0 0 0 0 0 0 0 0 0 0 0 0 0 5 1 0 0 0 0 0 0 0 0 1 1 1 1 1 234 1 0 0 0 0 0 0 0 0 0 0 1 1 0 0 0 0 0 0 1 1 1 1 0 0 0 0 0 0 0 0 0 1 0 1 1 1 1 1 17 36 1 0 0 213 246 16 1 1 1 0 0 0 1 1 0 0 0 0 0 0 1 1 0 0 0 0 0 0 0 0 1 1 0 0 0 1 1 0 0 0 0 1 1 1 1 1 1 1 0 0 1 1 0 0 0 0 0 0 0 0 0 0 0 1 1 0 0 0 0 0 0 0 1 1 0 0
0 0 0 0 0 5 12 13 6 1 1 0 0 1 1 1 1 1 1 1 1 1 1 202 1 0 0 1 1 1 1 2 58 1 1 1 1 1 1 2 21 68 95 64 10 3 1 1 1 2 2 3 1 1 0 0 0 1 1 0 0 0 0 0 0 0 0 0 0 0 88 3 1 0 0 1 1 1 1 1 1 1 1 1 1 1 1 1 1 1 1 1 1 1 1 1 1 1 1 1 1 1 1 1 132 1 1 1 1 1 1 1 1 1 1 1 1 1 1 1 1 1 1 1 1 1 1 1 1 0 0 0 0 0 1 1 1 0 0 0 0 0 0 0 1 195 1 1 1 1 0 1 1 0 1 1 0 0 1 1 4 5 2 2 1 1 0 1 1 0 0 0 0 0 0 1 1 1 1 1 1 1 1 1 1 1 18 117 156 39 1 1 1 1 103 29 1 1 1 1 20 2 1 1 2 9 1 69 223 232 198 4 1 0 0 0 0 0 0 0 0 0 0 0 0 0 0 0 0 0 0 0 0 0 0 0 0 1 9 89 1 0 0 1 1 0 0 0 0 0 1 0 1 35 254 202 1 1 1 1 1 0 0 0 0 0 1 1 1 0 0 0 0 0 0 0 0 0 0 0 0 0 0 0 0 0 0 0 0 0 0 0 0 0 0 0 0 0 0 0 0 0 0 0 0 0 0 0 0 0 0 0 0 0 0 0 1 86 75 0 0 0 0 0 0 0 0 0 1 0 0 0 0 0 0 0 0 0 0 0 0 0 0 0 0 0 1 1 2 1 1 1 2 1 1 1 0 0 0 0 0 0 0 0 3 2 0 0 0 0 0 0 0 0 0 0 0 0 0 5 1 0 0 0 0 0 0 1 1 1 0 1 1 1 214 84 1 0 0 0 0 0 0 0 0 0 1 1 1 1 1 1 1 1 1 1 1 1 1 1 0 0 0 0 0 0 0 1 0 1 1 1 1 1 1 2 41 126 2 231 234 84 1 1 1 0 0 0 0 1 0 0 0 0 1 1 1 0 0 0 0 0 0 0 0 0 0 1 0 0 0 0 1 1 1 1 1 1 0 0 1 1 1 1 0 0 0 1 1 0 0 0 0 0 0 0 0 0 0 0 1 0 0 0 0 0 0 0 0 1 0 0
0 0 0 0 3 9 1 1 0 0 0 1 1 1 1 0 0 0 0 0 0 0 0 150 98 1 0 1 1 1 2 17 27 1 1 0 1 1 1 1 1 1 1 21 77 57 4 1 1 1 1 1 12 12 6 1 1 1 1 1 1 1 0 1 1 0 0 0 0 1 89 2 1 1 3 6 5 5 5 9 10 10 11 11 11 10 7 1 0 0 0 0 0 0 0 0 0 1 0 0 0 0 1 1 132 1 0 0 0 1 1 1 1 1 1 1 1 1 1 1 1 1 1 1 1 1 1 1 1 1 1 1 1 1 1 1 1 1 1 0 0 0 0 0 1 193 1 1 1 1 0 1 1 0 1 1 0 0 1 0 0 1 2 5 4 1 1 1 1 0 0 0 0 0 0 1 1 0 1 1 1 1 1 1 90 172 162 85 1 0 1 0 1 1 1 133 19 2 2 2 13 12 46 157 230 233 235 223 72 55 1 1 0 0 0 0 0 0 0 0 0 0 0 0 0 0 0 0 0 0 0 0 0 0 0 0 1 1 106 1 1 0 0 0 0 1 1 0 0 0 0 0 1 1 240 248 250 246 5 1 1 1 1 0 0 0 0 0 1 1 1 0 0 0 0 0 0 0 0 0 0 0 0 0 0 0 0 0 0 0 0 0 0 0 0 0 0 0 0 0 0 0 0 0 0 0 0 0 0 0 0 0 0 0 0 1 1 162 1 0 0 0 0 0 0 0 0 1 1 0 0 0 0 0 0 0 0 0 0 0 0 0 0 0 0 0 0 0 0 1 1 1 1 1 1 1 2 2 1 1 0 0 0 0 8 1 0 0 0 0 0 0 0 0 0 0 0 0 0 3 1 0 0 0 0 0 1 1 0 0 0 1 1 1 36 223 1 0 0 0 0 0 0 0 0 0 0 1 1 1 1 0 0 0 0 0 0 0 1 1 1 1 0 0 0 1 1 1 1 1 1 1 1 1 1 1 1 149 240 246 243 54 1 1 1 1 1 1 1 0 0 1 1 1 1 1 0 0 0 0 1 1 1 1 1 1 1 1 1 1 1 1 1 1 0 0 0 0 0 0 1 1 1 0 0 0 0 0 1 0 0 0 0 0 0 0 0 0 0 0 1 1 0 0 0 0 0 0 0 1 0 1
5 1 0 1 14 1 0 0 0 1 1 1 1 0 0 0 0 0 0 0 0 0 0 1 199 2 1 1 1 1 1 10 30 1 1 1 0 0 1 1 1 0 0 1 1 15 75 30 2 1 1 9 1 1 3 12 11 7 4 2 2 1 1 1 1 1 1 1 1 1 86 2 1 1 5 1 1 1 2 2 1 1 1 1 1 1 6 2 1 1 0 0 0 0 0 0 0 1 0 0 1 1 1 2 127 1 0 0 0 1 1 0 1 0 1 0 0 0 1 1 0 0 0 0 0 0 0 1 0 1 1 1 1 1 1 1 1 1 1 1 1 1 1 1 1 193 1 1 1 1 1 1 1 1 1 1 1 1 1 1 1 1 1 1 1 5 8 3 1 1 2 2 2 2 3 4 4 7 11 98 165 148 167 211 176 103 84 67 74 81 94 83 96 101 105 131 205 219 222 222 230 230 221 188 131 3 1 1 1 54 1 1 0 0 0 0 0 0 0 0 0 0 0 0 0 0 0 0 0 0 0 0 0 0 0 0 1 96 5 1 0 0 0 0 0 0 1 1 1 1 1 1 1 1 5 248 1 159 250 250 175 1 1 1 1 1 0 0 0 0 1 1 1 0 0 0 0 0 0 0 0 0 0 0 0 0 0 0 0 0 0 0 0 0 0 0 0 0 0 0 0 0 0 0 0 0 0 0 0 0 0 0 0 0 0 1 1 164 1 0 0 0 0 0 0 0 0 1 0 0 0 0 0 0 0 0 0 0 0 0 0 0 0 0 0 0 0 0 0 0 0 1 0 0 0 0 0 1 1 2 1 1 1 0 5 1 1 0 0 0 0 0 0 0 0 0 0 0 1 1 5 1 0 0 1 1 1 0 0 0 1 1 1 1 121 204 1 0 0 0 0 0 0 0 0 0 0 0 0 0 0 0 0 0 0 0 0 0 0 0 0 1 1 1 0 1 1 1 1 1 1 1 0 1 1 1 1 1 27 247 226 1 1 1 1 1 1 1 1 1 1 1 1 0 0 1 1 1 1 1 0 0 0 1 1 1 1 1 1 0 0 0 0 1 1 1 1 1 0 0 1 1 1 0 0 0 0 0 1 0 0 0 0 0 0 0 0 0 0 0 1 1 1 1 0 0 0 1 1 1 1 1
3 11 2 4 5 1 0 0 0 1 1 0 0 0 0 0 0 0 0 0 0 0 1 1 34 184 1 1 0 1 1 1 60 1 1 1 1 0 1 1 1 1 1 0 0 1 1 39 69 43 17 2 1 1 1 1 1 1 4 5 6 7 8 8 8 8 9 9 8 66 71 16 23 19 4 3 3 2 4 1 0 1 1 1 0 1 2 6 1 1 1 1 1 1 1 0 0 1 0 0 0 0 0 12 108 1 0 0 0 0 1 0 1 0 1 0 0 0 1 1 0 0 0 0 0 0 1 1 1 1 0 1 1 1 1 1 5 9 9 10 10 5 1 3 9 195 122 124 125 123 125 125 123 123 121 104 100 100 101 101 101 100 99 100 109 114 119 131 137 136 134 134 132 132 132 128 124 119 117 184 168 181 174 101 79 67 66 88 79 84 53 61 50 38 31 18 40 24 1 1 92 1 1 1 95 1 0 1 1 39 3 1 0 0 0 0 0 0 0 0 0 0 0 0 0 0 0 0 0 0 0 0 0 0 0 1 66 27 1 0 0 0 0 0 0 0 0 0 0 0 0 0 1 1 1 233 150 1 1 5 245 250 248 6 1 1 1 1 0 0 0 0 0 0 0 0 0 0 0 0 0 0 0 0 0 0 0 0 0 0 0 0 0 0 0 0 0 0 0 0 0 0 0 0 0 0 0 0 0 0 0 0 0 0 0 1 1 162 0 0 0 0 0 0 0 0 1 1 0 0 0 0 0 0 0 0 0 0 0 0 0 0 0 0 0 0 0 0 0 0 1 1 0 0 0 0 0 0 0 0 1 1 1 1 1 9 1 1 0 0 0 0 1 1 1 1 0 0 0 1 3 1 0 1 1 1 0 0 1 1 3 143 229 234 218 1 0 0 0 0 0 0 0 0 0 0 0 0 0 0 0 0 0 0 0 0 0 0 0 0 0 0 1 1 1 1 1 1 1 1 1 1 0 1 1 1 1 1 1 247 218 1 1 1 1 1 1 1 1 1 1 1 1 1 1 1 0 0 0 0 0 0 0 1 1 1 1 1 1 1 0 0 0 0 1 1 1 1 1 1 1 1 1 1 1 1 0 1 1 0 0 0 0 0 0 0 0 0 0 0 0 1 1 1 1 1 1 1 1 1 0 0
0 1 6 39 1 1 1 0 1 1 0 0 0 0 1 1 1 1 1 1 1 1 1 1 1 123 137 1 0 1 0 1 62 1 1 1 1 0 1 1 1 1 1 1 1 0 0 1 15 13 51 2 1 1 1 1 1 1 1 1 0 1 1 1 1 1 1 0 1 63 14 1 1 1 1 1 1 2 1 1 1 1 1 1 1 1 1 8 4 5 4 4 3 4 2 1 1 1 0 0 0 0 1 45 70 0 0 0 0 0 1 1 1 1 1 1 1 0 1 1 0 0 0 0 0 1 1 1 1 0 1 1 1 2 17 20 8 4 4 4 3 7 14 114 144 142 29 5 1 1 1 1 1 1 2 10 6 1 1 1 1 1 1 1 2 1 1 1 1 1 1 1 1 1 1 1 1 11 175 180 18 7 1 1 1 1 2 1 1 4 1 1 1 1 1 2 41 1 1 2 89 1 1 1 38 74 1 1 1 3 41 1 1 1 0 0 0 0 0 0 0 0 0 0 0 0 0 0 0 0 0 0 0 0 1 32 60 1 1 0 0 0 0 0 0 0 0 0 0 0 0 0 0 0 1 2 248 1 0 1 1 1 149 250 250 176 1 1 1 1 1 0 0 0 0 0 0 0 0 0 0 0 0 0 0 0 0 0 0 0 0 0 0 0 0 0 0 0 0 0 0 0 0 0 0 0 0 0 0 0 0 0 0 0 0 1 107 46 0 0 0 0 0 0 0 0 1 1 0 0 0 0 0 0 0 0 0 0 0 0 0 0 0 0 0 0 0 0 0 0 1 0 0 0 0 0 0 0 0 0 0 0 1 1 1 2 12 1 1 1 1 10 11 11 12 10 9 9 9 9 9 17 1 1 1 0 0 1 189 234 232 191 12 1 1 1 0 0 0 0 0 0 0 0 0 0 0 0 0 0 0 0 0 0 0 0 0 0 0 0 0 0 0 0 1 1 1 1 1 1 1 0 0 0 1 1 1 1 1 249 215 1 1 1 1 1 1 1 1 1 0 0 0 0 0 0 0 0 0 0 0 0 1 1 1 0 0 0 1 1 1 1 1 1 1 1 1 1 1 1 1 1 1 1 1 1 1 1 1 0 0 0 0 0 0 0 0 0 0 0 1 1 1 1 1 1 0 0 0 0 0 0
0 0 3 4 19 1 1 1 1 0 0 0 0 1 1 0 0 0 0 0 1 1 0 1 1 1 176 51 1 1 0 1 58 1 0 0 1 1 0 1 1 0 0 0 1 1 1 1 4 17 20 46 1 1 1 0 0 0 1 1 1 0 0 0 0 1 0 1 10 68 2 0 1 1 1 1 1 1 1 1 1 1 1 1 1 1 1 5 4 5 4 5 4 5 5 2 1 1 0 0 0 0 1 89 26 0 0 1 1 1 1 1 1 1 1 1 1 1 1 1 0 0 0 1 1 1 1 1 1 1 1 4 20 15 2 1 1 1 1 1 0 0 1 1 90 1 1 3 10 3 1 1 1 0 1 1 2 10 4 1 1 0 1 2 1 0 1 1 0 1 1 0 1 1 1 1 70 182 35 2 1 1 1 1 1 1 1 1 1 3 1 1 1 1 1 46 1 1 1 2 72 1 1 1 1 133 8 1 1 1 52 1 1 1 0 0 0 0 0 0 0 0 0 0 0 0 0 0 0 0 0 0 0 0 2 104 1 1 0 0 0 0 0 0 0 0 0 0 0 0 0 0 0 0 0 1 230 170 1 1 1 1 1 1 2 245 252 248 4 1 1 1 1 1 1 0 0 0 0 0 0 0 0 0 0 0 0 0 0 0 0 0 0 0 0 0 0 0 0 0 0 0 0 0 0 0 0 0 0 0 0 0 0 0 1 1 162 1 0 0 0 0 0 0 0 0 1 0 0 0 0 0 0 0 0 0 0 0 0 0 0 0 0 0 0 0 0 0 0 0 0 0 0 0 0 0 0 0 0 0 0 0 0 0 1 1 1 14 4 11 6 1 1 0 1 1 1 1 1 1 1 3 9 1 1 0 1 224 149 1 1 1 1 1 1 0 0 0 0 0 0 0 0 0 0 0 0 0 0 0 0 0 0 0 0 0 0 0 0 0 0 0 0 0 0 1 1 1 1 1 0 0 0 0 1 1 0 0 1 249 210 1 1 1 1 0 0 0 0 0 0 0 0 0 0 0 0 0 0 0 0 0 1 1 1 0 0 0 0 0 0 1 0 0 0 0 0 0 0 1 1 0 1 1 1 0 0 0 1 0 0 0 0 0 0 0 1 1 1 1 1 1 0 0 0 0 0 0 0 0 0 0
0 2 3 1 1 19 2 1 1 1 1 0 0 1 0 0 0 0 1 1 1 1 0 0 1 1 1 199 2 0 0 1 19 19 1 0 1 1 1 1 1 1 1 1 1 1 0 1 8 1 1 12 58 2 1 0 0 0 1 1 0 1 1 1 1 1 1 1 55 24 1 1 1 1 1 1 1 0 0 0 1 1 1 0 0 0 0 1 2 1 1 1 1 3 13 3 1 1 0 0 0 0 1 125 2 1 1 1 1 1 1 1 1 1 1 1 1 1 1 1 0 1 1 1 1 0 1 1 1 3 22 9 1 2 5 7 5 3 2 1 1 1 1 3 82 1 1 1 1 3 10 1 1 1 1 1 1 1 3 11 3 1 1 2 1 0 1 1 1 1 0 0 0 0 1 123 151 1 3 1 2 1 1 1 1 1 1 1 1 2 1 1 1 1 23 7 0 2 1 41 12 1 1 2 2 83 76 18 5 1 51 1 1 1 0 0 0 0 0 0 0 0 0 0 0 0 0 0 0 0 0 0 0 1 94 6 1 0 0 0 0 0 0 0 0 0 0 0 0 0 0 0 0 0 0 0 1 248 1 0 1 1 1 1 1 1 1 153 250 250 168 1 1 1 1 1 1 1 1 1 0 0 0 0 0 0 0 0 0 0 0 0 0 0 0 0 0 0 0 0 0 0 0 0 0 0 0 0 0 0 0 0 0 0 1 97 59 0 0 0 0 0 0 0 0 1 1 0 0 0 0 0 0 0 0 0 0 0 0 0 0 0 0 0 0 0 0 0 0 0 0 0 0 0 0 0 0 0 0 0 0 0 0 0 0 0 0 1 2 1 1 0 0 0 0 0 0 0 0 0 0 1 14 1 0 1 217 76 1 1 1 1 1 0 0 0 0 0 0 0 0 0 0 0 0 0 0 0 0 0 0 0 0 0 0 0 0 0 0 0 0 0 0 0 0 1 1 1 1 0 0 0 0 0 1 1 1 0 0 250 200 0 1 1 0 0 0 0 0 0 0 0 0 0 0 0 0 0 0 0 0 1 1 1 0 0 0 0 0 0 0 0 0 0 0 0 0 0 0 1 1 0 0 1 1 0 0 0 0 1 1 0 0 0 1 1 1 1 0 0 0 1 1 0 0 0 0 0 0 0 0 0
2 4 0 0 0 1 20 1 0 1 1 0 0 1 1 1 1 1 1 0 0 1 0 0 0 1 1 39 183 1 1 0 1 58 1 1 1 1 1 2 3 4 3 4 4 4 3 7 2 1 1 1 4 64 9 1 0 0 1 1 1 0 0 1 1 1 1 18 55 2 1 1 1 1 1 1 1 0 0 0 0 1 1 0 0 0 0 1 2 1 1 1 1 1 10 3 1 1 0 0 0 0 1 131 1 1 1 1 1 1 1 1 1 1 1 1 1 0 1 1 0 0 1 1 1 1 1 2 37 139 133 172 193 195 188 188 188 192 195 194 185 152 126 119 67 1 1 1 1 1 1 6 4 1 1 1 1 0 0 1 5 11 3 1 0 1 1 0 1 0 0 0 0 1 158 109 1 3 1 1 2 1 1 1 1 1 1 1 2 1 1 0 0 3 35 1 1 1 1 77 1 1 1 1 0 1 123 3 11 26 77 35 1 1 0 0 0 0 0 0 0 0 0 0 0 0 0 0 0 0 0 0 0 1 110 1 1 0 0 0 0 0 0 0 0 0 0 0 0 0 0 0 0 0 0 0 1 225 189 0 0 0 0 0 1 1 1 1 1 2 246 251 250 215 12 1 1 1 1 1 1 1 1 0 0 0 0 0 0 0 0 0 0 0 0 0 0 0 0 0 0 0 0 0 0 0 0 0 0 0 0 0 0 0 1 164 1 0 0 0 0 0 0 0 0 1 0 0 0 0 0 0 0 0 0 0 0 0 0 0 0 0 0 0 0 0 0 0 0 0 0 0 0 0 0 0 0 0 0 0 0 0 0 0 0 0 0 0 0 0 0 0 0 0 0 0 0 0 0 0 0 0 1 14 1 171 173 1 1 1 1 1 0 0 0 0 0 0 0 0 0 0 0 0 0 0 0 0 0 0 0 0 0 0 0 0 0 0 0 0 0 0 0 0 1 1 1 1 0 0 0 0 0 0 0 1 1 0 1 250 179 0 0 1 1 0 0 0 0 0 0 0 0 0 0 0 0 0 0 0 0 1 1 0 0 0 0 0 0 0 0 0 0 0 0 0 0 0 0 1 0 0 0 0 1 0 0 0 0 1 1 1 1 1 1 1 0 0 0 0 0 1 1 0 0 0 0 0 0 0 0 0
6 1 0 0 0 0 2 15 1 1 1 1 1 1 0 1 1 1 1 1 1 1 0 0 0 0 1 1 139 148 1 1 1 63 1 1 1 3 5 3 1 1 1 1 1 1 1 6 10 1 1 1 1 1 52 30 1 0 1 1 1 1 1 1 1 1 1 54 25 1 1 1 1 1 1 1 1 0 0 0 0 0 1 0 0 0 0 2 2 1 1 1 1 1 11 2 1 1 0 0 0 1 1 129 1 1 1 1 1 1 2 1 1 1 1 1 1 0 1 1 1 1 1 128 161 149 161 208 194 139 105 36 2 1 1 1 1 1 1 1 11 68 110 187 201 168 127 86 3 1 1 1 2 7 1 1 1 0 1 1 0 1 13 11 1 1 1 0 0 0 0 1 2 180 58 2 11 2 1 3 4 4 1 1 1 1 1 1 3 1 1 1 1 49 1 1 2 1 1 81 1 1 1 1 1 1 124 1 1 1 1 104 1 1 1 0 0 0 0 0 0 0 0 0 0 0 0 0 0 0 0 0 1 40 49 1 0 0 0 0 0 0 0 0 0 0 0 0 0 0 0 0 0 0 0 0 0 1 248 1 0 0 0 0 0 0 0 0 1 1 1 1 25 234 250 251 251 251 250 147 1 1 1 1 1 0 0 0 0 0 0 0 0 0 0 0 0 0 0 0 0 0 0 0 0 0 0 0 0 0 0 0 0 1 1 162 1 1 1 0 0 0 0 0 0 1 0 0 0 0 0 0 0 0 0 0 0 0 0 0 0 0 0 0 0 0 0 0 0 0 0 0 0 0 0 0 0 0 0 0 0 0 0 0 0 0 0 0 0 0 0 0 0 0 0 0 0 0 0 0 0 0 1 11 60 222 1 1 1 1 0 0 0 0 0 0 0 0 0 0 0 0 0 0 0 0 0 0 0 0 0 0 0 0 0 0 0 0 0 0 0 0 0 0 1 1 1 0 0 0 0 0 0 0 0 1 1 0 1 252 141 0 0 1 1 1 0 0 0 0 0 0 0 0 0 0 0 0 0 0 1 1 1 0 0 0 0 0 0 0 0 0 0 0 0 0 0 0 1 1 0 0 0 0 1 0 0 0 0 0 0 0 0 0 0 0 0 0 0 0 0 1 1 0 0 0 0 0 0 0 0 0
1 0 0 0 0 0 0 6 5 1 1 1 1 0 1 1 0 0 0 1 1 0 0 0 0 0 1 3 5 203 1 1 1 62 1 2 5 2 1 1 1 1 1 0 1 0 0 1 3 10 1 1 1 1 1 29 63 1 1 1 0 1 1 0 0 1 26 44 2 1 1 1 1 1 1 1 1 0 0 0 1 0 1 0 0 0 0 2 2 1 1 1 1 1 12 1 1 1 1 0 0 1 16 103 0 0 1 1 1 2 1 1 1 1 1 2 1 0 1 1 1 1 139 59 4 117 111 7 1 1 1 0 0 0 0 0 1 1 1 0 0 0 1 114 1 9 71 117 173 147 118 25 1 1 7 2 1 1 1 1 1 1 1 1 9 10 1 1 1 1 1 15 188 29 13 5 1 3 5 2 1 1 2 3 2 1 1 1 1 1 1 1 5 27 1 0 1 0 1 79 1 1 1 1 1 1 79 28 1 0 1 90 8 1 1 1 1 1 1 1 1 1 0 0 0 0 0 0 0 0 0 1 1 110 1 1 0 0 0 0 0 0 0 0 0 0 0 0 0 0 0 0 0 0 0 0 0 1 216 203 0 0 0 0 0 0 0 0 0 0 0 0 0 0 1 1 1 1 55 247 251 250 142 1 1 1 1 0 0 0 0 0 0 0 0 0 0 0 0 0 0 0 0 0 0 0 0 0 0 0 0 0 0 1 1 163 1 0 1 1 1 0 0 0 1 1 0 0 0 0 0 0 0 0 0 0 0 0 0 0 0 0 0 0 0 0 0 0 0 0 0 0 0 0 0 0 0 0 0 0 0 0 0 0 0 0 0 0 0 0 0 0 0 0 0 0 0 0 0 0 0 0 1 1 237 4 1 1 0 0 0 0 0 0 0 0 0 0 0 0 0 0 0 0 0 0 0 0 0 0 0 0 0 0 0 0 0 0 0 0 0 0 0 1 1 1 1 0 0 0 0 0 0 0 0 1 1 0 1 252 85 0 0 1 1 1 0 0 0 0 0 0 0 0 0 0 0 0 0 1 1 1 0 0 0 0 0 0 0 0 0 0 0 0 0 0 0 0 1 1 0 0 0 1 1 1 0 0 0 0 0 0 0 0 0 0 0 0 0 0 0 0 1 0 0 0 0 0 0 0 0 0
0 0 0 0 0 0 0 1 16 1 0 1 1 1 1 0 0 0 0 0 0 0 0 0 1 1 3 1 1 203 1 0 1 17 42 3 1 1 0 1 1 1 1 0 1 0 0 0 1 4 6 1 1 1 1 1 8 75 6 1 0 0 0 0 1 3 44 22 1 1 1 1 1 1 1 1 1 0 0 0 1 0 1 0 0 0 0 1 2 1 1 1 1 1 11 2 2 3 3 3 3 3 65 55 0 0 1 1 1 2 1 1 1 1 1 1 1 1 1 2 139 170 139 124 129 16 1 1 1 1 0 0 0 0 0 0 1 1 0 0 0 0 8 89 1 0 1 1 1 40 83 153 141 86 1 4 4 1 0 0 1 1 1 1 0 1 12 7 1 1 77 188 21 5 1 0 1 1 1 1 1 0 0 1 1 4 3 3 1 1 1 0 46 1 1 1 1 0 2 70 1 1 1 1 1 1 1 127 1 1 0 3 101 82 96 104 106 108 108 101 7 1 1 0 0 0 1 1 1 1 1 1 7 94 1 0 0 0 0 0 0 0 0 0 0 0 0 0 0 0 0 0 0 0 0 0 0 0 1 248 1 0 0 0 0 0 0 0 0 0 0 0 0 0 0 0 0 0 0 0 1 5 247 251 238 1 1 1 0 0 0 0 0 0 0 0 0 0 0 0 0 0 0 0 0 0 0 0 0 0 0 0 1 1 10 143 0 0 0 0 1 1 1 1 1 0 0 0 0 0 0 0 0 0 0 0 0 0 0 0 0 0 0 0 0 0 0 0 0 0 0 0 0 0 0 0 0 0 0 0 0 0 0 0 0 0 0 0 0 0 0 0 0 0 0 0 0 0 0 0 0 0 1 113 215 1 1 1 0 0 1 0 0 0 0 0 0 0 0 0 0 0 0 0 0 0 0 0 0 0 0 0 0 0 0 0 0 0 0 0 0 0 1 1 1 1 0 0 0 0 0 0 0 0 1 1 1 0 1 252 36 0 0 1 1 1 1 0 0 0 0 0 0 0 0 0 0 0 1 1 1 1 0 0 0 0 0 0 0 0 0 0 0 0 0 0 0 0 1 1 0 0 0 0 1 1 1 1 1 0 0 0 0 0 0 0 0 0 0 0 0 0 1 0 0 0 0 0 0 0 0 0
0 0 0 0 0 0 0 0 1 18 1 1 1 1 1 1 1 1 0 0 0 0 0 1 4 3 1 1 1 203 1 0 1 1 73 1 1 1 0 1 1 1 1 0 1 0 0 0 1 1 7 4 1 1 1 1 1 2 73 60 6 1 1 1 1 46 23 2 1 0 1 1 1 1 1 1 1 0 0 0 1 1 1 0 0 0 1 2 2 1 1 1 1 1 10 1 1 1 1 1 1 1 112 6 1 1 1 1 1 2 1 1 1 1 1 1 1 7 147 175 130 82 1 1 4 20 1 1 1 1 0 0 0 0 0 0 1 1 0 0 0 1 73 16 0 0 0 1 1 1 1 1 47 113 143 48 2 5 1 1 1 1 1 1 0 0 0 2 25 168 163 5 1 0 0 0 0 1 1 1 1 0 0 0 1 1 9 1 1 1 1 2 33 0 1 1 1 1 53 5 1 1 1 1 1 1 1 128 1 0 0 1 2 10 5 2 1 1 1 4 96 2 1 1 1 1 1 1 2 3 8 24 114 3 1 0 0 0 0 0 0 0 0 0 0 0 0 0 0 0 0 0 0 0 0 0 0 0 1 207 214 0 0 0 0 0 0 0 0 0 0 0 0 0 0 0 0 0 0 0 0 0 1 1 204 251 231 1 1 1 0 0 0 0 0 0 0 0 0 0 0 0 0 0 0 0 0 0 0 0 0 0 1 0 161 1 0 0 0 0 0 0 0 1 1 1 0 0 0 0 0 0 0 0 0 0 0 0 0 0 0 0 0 0 0 0 0 0 0 0 0 0 0 0 0 0 0 0 0 0 0 0 0 0 0 0 0 0 0 0 0 0 0 0 0 0 0 0 0 0 0 0 1 235 6 1 1 0 1 1 1 0 0 0 0 0 0 0 0 0 0 0 0 0 0 0 0 0 0 0 0 0 0 0 0 0 0 0 0 0 0 1 1 1 1 0 0 0 0 0 0 1 1 0 1 1 1 0 1 252 12 0 0 1 1 0 1 1 0 0 0 0 0 0 0 0 0 1 1 1 1 0 0 0 0 0 0 0 0 0 0 0 0 1 1 1 1 1 1 0 0 0 0 0 0 0 0 1 1 0 0 0 0 0 0 0 0 0 0 0 0 0 1 0 0 0 0 0 0 0 0 0
0 0 0 0 0 0 0 0 0 5 8 1 0 0 1 0 1 1 1 1 1 2 4 4 3 2 2 2 3 203 1 0 1 1 56 4 0 1 0 0 1 1 1 1 1 1 1 1 1 1 1 10 2 1 0 1 1 1 1 13 74 72 35 42 164 98 29 1 1 1 1 1 1 1 1 1 1 1 1 1 1 1 1 0 0 0 1 1 3 1 0 1 1 1 11 1 1 1 1 1 1 1 126 1 1 1 1 1 1 2 2 2 11 1 1 69 147 177 124 66 1 1 1 1 1 31 1 1 1 1 0 0 0 0 0 0 1 0 0 0 0 1 103 2 0 0 0 0 0 1 1 1 1 1 42 130 111 4 5 1 1 1 1 1 1 0 1 55 211 92 15 1 0 1 1 1 0 0 1 1 1 1 1 0 1 1 3 7 1 1 1 43 1 1 1 1 0 1 75 1 1 1 1 1 1 1 5 115 1 0 0 0 0 0 1 1 1 1 1 1 41 93 79 99 109 110 110 108 107 102 91 68 18 1 0 0 0 0 0 0 0 0 0 0 0 0 0 0 0 0 0 0 0 0 0 0 0 0 0 1 248 1 0 0 0 0 0 0 0 0 0 0 0 0 0 0 0 0 0 0 0 0 0 0 1 1 218 250 1 1 1 0 0 0 0 0 0 0 0 0 0 0 0 0 0 0 0 0 0 0 0 0 1 1 165 0 0 0 0 0 0 0 0 0 1 1 1 0 0 0 0 0 0 0 0 0 0 0 0 0 0 0 0 0 0 0 0 0 0 0 0 0 0 0 0 0 0 0 0 0 0 0 0 0 0 0 0 0 0 0 0 0 0 0 0 0 0 0 0 0 0 0 1 240 1 1 1 1 0 0 0 0 0 0 0 0 0 0 0 0 0 0 0 0 0 0 0 0 0 0 0 0 0 0 0 0 0 0 0 0 1 1 1 1 1 0 0 0 0 0 0 0 1 1 1 1 1 0 1 252 4 0 0 1 1 0 0 1 1 0 0 0 0 0 0 0 0 1 1 1 1 0 0 0 0 0 0 0 0 0 1 1 1 1 1 0 1 1 1 0 0 0 0 0 0 0 0 1 1 1 0 0 0 0 0 0 0 0 0 0 0 1 1 0 0 0 0 0 0 0 0 0
0 0 0 0 0 0 0 0 0 0 18 1 0 0 1 1 1 0 1 2 8 6 2 2 1 0 0 1 1 203 1 0 1 1 3 60 0 1 1 1 1 1 1 1 1 0 0 1 1 1 1 1 12 1 1 1 1 1 1 1 1 8 108 156 4 50 120 1 1 1 1 1 1 1 1 1 1 1 1 1 1 1 1 1 1 1 1 1 23 3 1 1 1 1 11 1 1 1 1 1 1 6 115 1 1 1 1 1 1 1 1 91 134 150 189 170 116 35 1 1 1 1 0 1 1 30 1 1 1 0 0 0 0 0 0 1 1 0 0 0 0 5 91 1 0 0 0 0 0 0 0 1 1 1 1 4 113 124 13 4 1 1 1 1 1 1 166 198 2 1 1 15 1 1 0 1 1 0 0 1 1 1 1 1 1 1 1 2 10 10 5 34 1 1 1 1 1 16 32 1 1 1 1 1 1 4 1 111 1 0 0 0 0 0 1 1 0 0 0 1 1 7 13 3 1 1 1 1 1 1 1 1 1 1 0 0 0 0 0 0 0 0 0 0 0 0 0 0 0 0 0 0 0 0 0 0 0 0 0 0 194 220 0 0 0 0 0 0 0 0 0 0 0 0 0 0 0 0 0 0 0 0 0 0 0 0 1 97 250 155 1 1 1 0 0 0 0 0 0 0 0 0 0 0 0 0 0 0 0 0 0 0 1 102 55 0 0 0 0 0 0 0 0 0 0 0 0 0 0 0 0 0 0 0 0 0 0 0 0 0 0 0 0 0 0 0 0 0 0 0 0 0 0 0 0 0 0 0 0 0 0 0 0 0 0 0 0 0 0 0 0 0 0 0 0 0 0 0 0 0 0 1 3 238 1 1 0 0 0 0 0 0 0 0 0 0 0 0 0 0 0 0 0 0 0 0 0 0 0 0 0 0 0 0 0 0 0 0 0 0 1 1 1 0 1 0 0 0 0 0 0 0 0 1 1 1 1 1 1 252 2 0 0 1 1 0 0 0 1 0 0 0 0 0 0 0 1 1 1 1 1 0 0 0 0 0 0 0 1 1 1 1 0 0 0 0 1 1 1 1 0 0 0 0 0 0 0 1 0 1 1 0 0 0 0 0 0 0 0 0 0 1 1 0 0 0 0 0 0 0 0 1
0 0 0 0 0 0 0 0 0 0 1 16 0 0 0 0 0 1 7 5 1 1 1 0 0 0 0 0 1 203 1 0 0 1 1 74 1 0 0 0 0 1 1 1 1 1 1 1 1 1 1 1 1 12 1 2 1 1 1 1 1 1 167 10 1 2 100 126 32 1 1 1 1 1 2 39 14 1 1 1 1 1 1 1 2 2 20 126 92 122 66 7 7 10 41 50 52 56 63 66 90 170 176 84 92 119 137 147 147 149 170 164 116 108 28 1 1 1 1 1 1 1 1 1 8 12 1 1 1 0 0 0 0 0 0 1 1 1 0 0 0 58 24 0 0 0 0 0 0 0 0 0 1 1 1 18 19 68 128 27 3 1 1 1 11 211 122 1 0 0 1 1 15 2 1 1 1 1 1 0 1 1 1 1 1 1 1 1 1 1 71 38 5 2 1 1 1 66 1 1 1 1 1 3 4 1 18 74 0 0 0 0 0 0 0 1 0 0 0 0 1 1 1 1 1 1 1 1 0 0 0 0 1 1 0 0 0 0 0 0 0 0 0 0 0 0 0 0 0 0 0 0 0 0 0 0 0 0 0 0 1 248 1 0 0 0 0 0 0 0 0 0 0 0 0 0 0 0 0 0 0 0 0 0 0 0 0 1 1 247 247 2 1 1 1 1 0 0 0 0 0 0 0 0 0 0 0 0 0 0 0 0 1 165 1 0 0 0 0 0 0 0 0 0 0 0 0 0 0 0 0 0 0 0 0 0 0 0 0 0 0 0 0 0 0 0 0 0 0 0 0 0 0 0 0 0 0 0 0 0 0 0 0 0 0 0 0 0 0 0 0 0 0 0 0 0 0 0 0 0 1 1 52 227 1 0 0 0 0 0 0 0 0 0 0 0 0 0 0 0 0 0 0 0 0 0 0 0 0 0 0 0 0 0 0 0 0 0 0 1 1 1 0 0 1 0 0 0 0 0 0 1 1 1 0 1 1 1 1 253 1 0 0 1 0 0 0 0 1 1 0 0 0 0 0 0 1 1 1 1 0 0 0 0 1 1 1 1 1 1 0 0 0 0 0 1 1 0 1 1 1 0 0 0 0 0 1 1 1 1 1 1 1 1 0 0 0 0 0 0 1 1 0 0 0 0 0 0 0 0 0 1
0 0 0 0 0 0 0 0 0 0 0 17 1 0 0 1 7 6 1 1 0 0 0 0 0 0 0 1 1 203 1 0 1 0 1 44 11 0 0 0 0 1 1 0 1 1 1 1 1 1 1 1 1 19 1 1 1 1 1 1 1 73 187 56 2 2 99 103 160 186 184 178 175 171 163 70 97 163 174 172 169 170 173 173 175 175 151 11 1 1 101 180 180 177 173 171 171 168 164 160 152 133 134 170 165 148 127 117 113 111 72 2 1 1 1 1 1 1 1 1 1 1 0 1 32 1 1 1 1 0 0 0 0 0 1 1 1 1 0 0 1 96 4 1 1 0 0 0 0 0 0 0 1 1 3 30 1 1 18 131 18 2 1 115 214 15 1 0 0 0 1 1 1 7 3 1 1 1 1 1 1 1 0 0 0 0 1 1 1 2 23 1 21 22 10 1 1 11 51 3 1 3 3 1 1 1 104 2 0 0 0 0 0 0 0 1 0 0 0 0 0 0 0 0 0 1 0 0 0 0 0 0 1 0 0 0 0 0 0 0 0 0 0 0 0 0 0 0 0 0 0 0 0 0 0 0 0 0 0 0 0 173 228 0 0 0 0 0 0 0 0 0 0 0 0 0 0 0 0 0 0 0 0 0 0 0 0 0 0 1 124 250 250 44 1 1 1 1 0 0 0 0 0 0 0 0 0 0 0 0 0 0 10 144 0 0 0 0 0 0 0 0 0 0 0 0 0 0 0 0 0 0 0 0 0 0 0 0 0 0 0 0 0 0 0 0 0 0 0 0 0 0 0 0 0 0 0 0 0 0 0 0 0 0 0 0 0 0 0 0 0 0 0 0 0 0 0 0 0 1 1 1 78 222 1 0 0 0 0 0 0 0 0 0 0 0 0 0 0 0 0 0 0 0 0 0 0 0 0 0 0 0 0 0 0 0 0 0 1 1 1 1 0 0 1 0 0 0 0 0 1 1 0 0 0 1 1 1 1 253 1 1 1 1 0 0 0 0 0 1 1 0 0 0 0 0 0 1 0 1 1 0 1 1 1 1 0 0 0 0 0 0 0 0 0 1 1 0 0 1 1 1 1 1 1 1 1 1 1 1 1 1 1 1 1 1 1 0 0 0 1 1 0 0 0 0 0 0 0 0 1 1
0 0 0 0 0 0 0 0 0 0 0 1 18 1 6 8 1 1 1 0 0 0 0 0 0 0 0 0 1 203 1 1 1 0 1 2 72 1 0 0 0 1 1 1 1 1 1 1 1 1 2 3 9 100 133 155 178 186 188 186 186 137 61 151 132 128 28 4 3 3 4 11 15 17 28 95 96 25 11 12 17 14 10 7 6 5 10 90 71 96 59 2 1 1 1 1 1 1 1 1 1 103 49 1 1 1 1 1 1 1 1 1 1 1 1 1 0 1 0 1 1 1 1 8 41 1 1 1 1 0 0 0 0 0 1 0 0 1 0 0 1 113 1 0 1 1 1 0 1 0 0 0 0 1 6 20 1 1 1 20 140 12 194 171 1 1 0 0 0 0 1 2 1 1 4 5 1 0 0 1 1 1 0 0 0 0 1 1 1 33 1 1 2 1 4 22 22 73 4 1 1 1 1 1 1 1 115 1 0 0 0 0 0 0 0 1 0 0 0 0 0 0 0 0 0 1 0 0 0 0 0 0 1 0 0 0 0 0 0 0 0 0 0 0 0 0 0 0 0 0 0 0 0 0 0 0 0 0 0 0 0 1 248 1 0 0 0 0 0 0 0 0 0 0 0 0 0 0 0 0 0 0 0 0 0 0 0 0 0 0 0 1 47 250 251 226 1 1 1 1 1 0 0 0 0 0 0 0 0 0 0 0 162 1 1 0 0 0 0 0 0 0 0 0 0 0 0 0 0 0 0 0 0 0 0 0 0 0 0 0 0 0 0 0 0 0 0 0 0 0 0 0 0 0 0 0 0 0 0 0 0 0 0 0 0 0 0 0 0 0 0 0 0 0 0 0 0 0 1 1 1 1 12 235 1 0 0 0 0 0 0 0 0 0 0 0 0 0 0 0 0 0 0 0 0 0 0 0 0 0 0 0 0 0 0 0 0 1 1 1 1 0 0 0 1 0 0 0 0 1 1 0 0 0 0 1 1 1 1 253 1 1 1 1 1 1 0 0 1 1 1 0 0 0 0 0 0 1 1 1 1 1 1 0 0 0 0 0 0 0 0 0 0 0 1 1 0 0 0 0 1 1 1 1 0 0 0 0 1 0 1 0 0 0 1 1 1 1 1 1 1 0 0 0 0 0 0 0 0 0 1 1
0 0 0 0 0 0 0 0 0 1 1 1 18 15 2 1 1 0 0 0 0 0 0 0 0 0 0 0 1 203 1 1 0 1 0 1 75 1 0 1 1 1 1 1 1 2 16 90 142 174 179 179 173 143 128 42 6 1 1 1 1 1 48 73 2 3 1 1 1 1 1 1 1 1 1 1 1 1 1 1 1 1 1 1 1 1 1 1 17 12 1 1 1 1 1 1 1 1 1 1 1 133 54 50 50 47 38 3 1 1 1 1 1 1 25 41 43 44 45 45 44 44 45 65 75 19 2 7 2 1 1 0 0 1 1 1 0 0 0 0 23 85 0 0 0 1 1 1 1 1 1 0 1 0 1 39 1 1 1 1 129 239 96 1 0 1 1 0 0 1 1 1 1 1 1 3 8 1 1 1 1 1 1 1 1 1 1 1 14 7 1 1 1 1 1 1 2 105 1 1 0 0 0 1 1 1 115 1 0 0 0 0 0 0 0 1 0 0 0 0 0 0 0 0 0 1 0 0 0 0 0 0 1 0 0 0 0 0 0 0 0 0 0 0 0 0 0 0 0 0 0 0 0 0 0 0 0 0 0 0 0 0 156 232 0 0 0 0 0 0 0 0 0 0 0 0 0 0 0 0 0 0 0 0 0 0 0 0 0 0 0 0 1 1 1 224 251 250 52 1 1 1 1 1 0 0 0 0 0 0 0 1 165 0 1 0 0 0 0 0 0 0 0 0 0 0 0 0 0 0 0 0 0 0 0 0 0 0 0 0 0 0 0 0 0 0 0 0 0 0 0 0 0 0 0 0 0 0 0 0 0 0 0 0 0 0 0 0 0 0 0 0 0 0 0 0 0 1 1 1 0 1 1 240 1 0 0 0 0 0 0 0 0 0 0 0 0 0 0 0 0 0 0 0 0 0 0 0 0 0 0 0 0 0 0 0 1 1 1 1 0 0 0 0 1 0 0 0 1 1 0 0 0 0 0 1 1 1 1 253 1 0 0 1 0 1 1 1 0 1 1 1 0 0 0 0 0 1 1 1 1 1 0 0 0 0 0 0 0 0 0 0 0 0 1 1 0 0 0 1 1 0 0 0 0 0 0 0 1 0 1 0 0 0 0 0 0 1 1 1 1 0 0 0 0 0 0 0 0 1 1 0
0 0 0 0 0 0 0 0 1 1 1 2 9 27 1 0 0 0 0 0 0 0 0 0 0 0 0 0 1 203 1 1 1 1 0 1 19 35 1 1 21 108 154 181 186 183 169 131 68 10 6 1 1 1 24 1 1 1 1 1 1 0 57 64 2 3 1 1 1 0 1 1 1 1 1 1 1 1 1 1 1 0 0 0 0 1 1 1 3 5 1 1 1 1 1 1 1 1 1 1 79 42 1 1 1 1 2 56 1 0 0 1 1 35 5 1 1 1 1 1 1 1 1 32 28 63 103 110 115 118 122 80 2 1 1 1 1 0 0 0 118 6 0 0 0 0 1 1 1 0 1 1 1 1 1 2 33 1 1 158 202 142 43 4 1 0 1 1 1 2 1 0 0 1 1 1 2 11 1 1 1 1 1 1 4 16 19 19 8 1 1 2 1 0 1 1 32 44 1 0 0 0 1 1 1 19 74 0 0 0 0 0 0 0 1 1 0 0 0 0 0 0 0 0 0 1 0 0 0 0 0 0 1 0 0 0 0 0 0 0 0 0 0 0 0 0 0 0 0 0 0 0 0 0 0 0 0 0 0 0 0 0 1 248 2 0 0 0 0 0 0 0 0 0 0 0 0 0 0 0 0 0 0 0 0 0 0 0 0 0 0 0 0 0 1 1 1 41 250 251 223 1 1 1 1 1 0 0 0 0 0 104 55 0 1 0 0 0 0 0 0 0 0 0 0 0 0 0 0 0 0 0 0 0 0 0 0 0 0 0 0 0 0 0 0 0 0 0 0 0 0 0 0 0 0 0 0 0 0 0 0 0 0 0 0 0 0 0 0 0 0 0 0 0 0 0 0 1 1 0 1 1 28 233 1 0 0 0 0 0 0 0 0 0 0 0 0 0 0 0 0 0 0 0 0 0 0 0 0 0 0 0 0 0 0 1 1 1 1 0 0 0 0 0 1 0 0 1 1 0 0 0 0 0 0 1 1 1 1 253 1 0 0 1 0 0 0 1 0 0 1 1 1 0 0 0 0 1 1 0 0 1 1 0 0 0 0 0 0 0 0 0 0 1 1 0 0 0 1 1 0 0 0 0 0 0 0 0 1 1 1 0 0 0 0 0 0 0 0 1 1 1 1 0 0 0 0 0 0 1 1 0
0 0 0 0 0 0 0 1 1 1 4 5 1 20 2 0 0 0 0 0 0 0 0 0 0 0 0 0 0 186 27 1 1 1 1 1 1 172 172 189 168 118 48 3 1 1 1 1 1 1 5 1 1 1 7 7 1 1 0 0 1 0 2 131 2 3 1 1 1 1 1 1 1 1 1 1 1 1 1 1 1 1 1 1 1 1 1 1 2 8 1 1 1 1 1 1 1 1 1 2 133 1 1 1 1 1 1 9 42 4 1 1 0 46 1 0 0 0 0 0 0 0 1 49 1 1 1 1 1 1 1 21 116 118 14 1 1 1 0 1 141 1 0 0 0 0 0 1 1 1 0 1 0 0 1 1 13 38 204 131 1 3 156 10 1 0 1 1 1 1 0 0 0 0 0 0 1 1 14 1 2 10 14 15 7 1 1 1 1 1 1 2 1 1 1 1 98 2 1 1 1 1 1 1 1 113 1 0 0 0 0 0 0 0 1 1 0 0 0 0 0 0 0 0 0 1 0 0 0 0 0 1 1 0 0 0 0 0 0 0 0 0 0 0 0 0 0 0 0 0 0 0 0 0 0 0 0 0 0 0 0 0 0 139 235 0 0 0 0 0 0 0 0 0 0 0 0 0 0 0 0 0 0 0 0 0 0 0 0 0 0 0 0 0 0 0 1 2 1 1 228 251 249 20 1 1 1 1 0 0 1 165 1 0 1 1 0 0 0 0 0 0 0 0 0 0 0 0 0 0 0 0 0 0 0 0 0 0 0 0 0 0 0 0 0 0 0 0 0 0 0 0 0 0 0 0 0 0 0 0 0 0 0 0 0 0 0 0 0 0 0 0 0 0 0 1 1 0 0 1 1 1 235 7 1 0 0 0 0 0 0 0 0 0 0 0 0 0 0 0 0 0 0 0 0 0 0 0 0 0 0 0 0 0 0 1 1 1 0 0 0 0 0 0 1 0 1 1 0 0 0 0 0 0 0 1 1 1 2 253 1 0 0 1 0 0 0 0 0 0 1 0 1 1 0 0 0 1 1 0 0 0 1 1 1 0 0 0 0 0 0 0 0 1 1 0 0 1 1 0 0 0 0 0 0 0 0 1 1 1 1 0 0 0 0 0 0 0 0 0 1 1 1 1 1 1 0 0 1 1 1 1
0 0 0 0 0 1 1 1 1 8 2 1 0 1 25 1 1 0 0 0 0 0 0 0 0 0 0 0 0 15 191 1 1 0 1 1 141 236 202 1 1 1 1 1 1 1 1 1 1 2 5 1 0 0 1 22 1 1 0 0 0 0 1 136 3 3 1 1 1 1 1 1 1 1 1 1 1 1 1 1 1 1 1 1 1 1 1 1 1 12 1 1 1 1 0 0 0 0 1 7 114 1 0 0 0 0 0 1 2 28 49 49 40 27 1 0 0 0 0 0 0 1 5 33 0 0 0 0 1 0 1 1 1 3 92 123 58 2 1 1 143 1 0 0 0 0 0 0 1 1 1 1 1 1 1 1 31 205 67 1 1 1 39 129 8 1 1 1 1 0 0 0 0 0 0 1 1 4 9 26 9 1 1 1 1 1 1 2 1 0 2 1 0 1 1 21 52 1 1 1 1 1 1 1 17 76 0 0 0 0 0 0 0 1 0 1 1 0 0 0 0 0 0 0 0 1 0 0 0 0 0 1 0 0 0 0 0 0 0 0 0 0 0 0 0 0 0 0 0 0 0 0 0 0 0 0 0 0 0 0 0 0 0 1 248 3 0 0 0 0 0 0 0 0 0 0 0 0 0 0 0 0 0 0 0 0 0 0 0 0 0 0 0 0 0 1 2 1 0 1 1 1 79 250 251 206 1 1 1 1 15 137 0 0 0 1 0 0 0 0 0 0 0 0 0 0 0 0 0 0 0 0 0 0 0 0 0 0 0 0 0 0 0 0 0 0 0 0 0 0 0 0 0 0 0 0 0 0 0 0 0 0 0 0 0 0 0 0 0 0 0 0 0 0 1 1 0 0 1 1 2 227 76 0 1 1 0 0 0 0 0 0 0 0 0 0 0 0 0 0 0 0 0 0 0 0 0 0 0 0 0 0 0 0 1 1 1 1 0 0 0 0 0 0 1 1 1 0 0 0 0 0 0 0 0 1 1 1 48 253 1 0 1 1 0 0 0 0 1 1 1 0 1 2 0 0 1 1 1 1 1 0 0 1 1 1 1 0 0 0 0 0 0 1 1 1 1 1 0 0 0 0 0 0 0 0 1 1 0 1 1 0 0 0 0 0 0 0 0 0 0 1 1 1 1 1 1 1 1 1 1 0
1 0 0 0 1 1 1 2 8 1 0 0 0 0 20 2 0 0 0 0 0 0 0 0 0 0 0 0 1 1 168 71 1 1 2 231 236 7 182 1 1 1 1 1 1 1 1 0 2 1 2 1 0 0 0 20 2 1 0 0 0 0 1 136 3 3 0 1 1 1 1 1 1 1 1 1 1 1 1 1 1 1 1 1 1 1 1 1 1 14 1 1 1 1 1 1 1 1 1 113 8 1 1 1 0 0 1 1 1 1 1 1 2 2 2 2 1 1 1 1 1 1 41 4 0 0 0 0 1 0 0 0 0 1 1 1 43 116 100 44 127 1 1 0 0 0 0 0 0 1 1 1 1 0 1 70 181 2 22 8 1 1 1 118 56 7 2 1 1 1 1 0 0 0 0 2 7 2 1 1 4 2 1 1 1 1 1 1 1 1 2 1 1 1 1 94 1 1 1 1 0 1 1 1 114 1 0 0 0 0 0 0 1 1 0 0 1 1 1 0 0 0 0 0 0 1 0 0 0 0 0 1 0 0 0 0 0 0 0 0 0 0 0 0 0 0 0 0 0 0 0 0 0 0 0 0 0 0 0 0 0 0 0 0 141 235 0 0 0 0 0 0 0 0 0 0 0 0 0 0 0 0 0 0 0 0 0 0 0 0 0 0 0 0 1 3 1 0 0 0 0 1 1 1 1 237 251 247 10 1 162 1 1 0 0 1 0 0 0 0 0 0 0 0 0 0 0 0 0 0 0 0 0 0 0 0 0 0 0 0 0 0 0 0 0 0 0 0 0 0 0 0 0 0 0 0 0 0 0 0 0 0 0 0 0 0 0 0 0 0 0 0 0 0 1 0 0 1 1 139 238 81 1 0 0 1 0 0 0 0 0 0 0 0 0 0 0 0 0 0 0 0 0 0 0 0 0 0 0 0 0 0 0 1 1 1 1 0 0 0 0 0 0 0 1 1 0 0 0 0 0 0 0 0 0 1 1 1 208 250 1 0 1 0 0 0 0 0 1 0 0 0 0 3 1 0 1 0 0 1 1 0 0 0 0 1 1 1 1 0 0 0 1 1 0 1 1 0 0 0 0 0 0 0 0 1 1 0 1 1 1 1 1 0 0 0 0 0 0 0 1 1 1 0 0 0 0 1 1 1 1 1
1 0 0 1 1 1 5 5 1 0 0 0 0 0 1 24 1 0 0 0 0 0 0 0 0 1 0 1 1 0 1 200 4 44 249 213 107 169 215 1 0 1 1 0 0 0 0 0 1 1 1 1 0 0 0 7 8 3 3 2 1 0 1 128 7 3 1 1 1 0 1 1 0 0 0 1 1 1 1 1 1 1 0 2 2 2 2 3 3 5 9 1 1 0 0 0 0 0 1 128 1 1 1 1 0 0 1 1 1 1 1 0 0 0 0 1 1 1 0 0 0 1 59 1 0 0 0 0 1 0 0 0 0 0 0 0 1 1 9 172 39 7 2 1 0 0 0 0 0 0 0 1 1 1 74 170 1 1 1 11 14 1 1 2 154 11 2 1 0 1 1 1 0 0 1 5 1 1 1 0 0 3 4 1 0 0 1 1 0 1 2 1 1 1 2 89 1 0 1 2 1 1 0 19 76 1 0 0 0 0 0 0 1 1 0 0 0 0 1 1 0 0 0 0 0 1 0 0 0 0 0 1 0 0 0 0 0 0 0 0 0 0 0 0 0 0 0 0 0 0 0 0 0 0 0 0 0 0 0 0 0 0 0 1 1 248 1 1 0 0 0 0 0 0 0 0 0 0 0 0 0 0 0 0 0 0 0 0 0 0 0 0 0 0 2 1 0 0 0 0 0 0 0 1 1 1 1 109 250 251 235 1 1 1 1 1 0 0 0 0 0 0 0 0 0 0 0 0 0 0 0 0 0 0 0 0 0 0 0 0 0 0 0 0 0 0 0 0 0 0 0 0 0 0 0 0 0 0 0 0 0 0 0 0 0 0 0 0 0 0 0 0 0 1 1 0 1 3 231 209 1 0 0 0 0 0 0 0 0 0 0 0 0 0 0 0 0 0 0 0 0 0 0 0 0 0 0 0 0 0 0 0 1 1 1 1 0 0 0 0 0 0 1 1 1 0 0 0 0 0 0 0 0 0 1 1 1 1 247 221 0 0 1 0 0 0 0 1 0 0 0 0 0 1 8 1 1 1 1 1 0 0 1 1 1 1 1 1 1 1 1 1 1 1 1 1 1 1 0 0 0 0 0 1 1 1 0 0 1 0 0 1 1 1 1 0 0 0 0 1 1 1 1 1 0 0 0 0 1 1 0 1
1 1 1 1 1 8 2 0 0 0 0 0 0 0 1 21 2 0 0 0 0 0 0 0 0 1 1 1 0 1 1 56 234 249 90 1 1 1 166 235 141 1 1 1 1 0 0 0 0 1 1 1 0 0 0 6 6 0 1 1 3 2 1 47 87 5 1 1 1 1 1 1 1 0 0 1 1 1 1 1 1 1 1 1 0 1 1 1 1 4 7 2 2 2 1 1 1 0 7 109 1 1 0 1 1 1 1 0 0 1 1 0 0 0 0 1 1 0 0 0 0 2 51 1 1 1 1 1 1 0 0 1 0 0 0 0 0 0 1 149 1 1 4 6 1 1 0 0 0 0 0 0 1 53 179 1 1 0 1 1 6 22 1 1 50 151 4 1 1 0 1 1 0 1 5 1 0 1 1 1 0 0 2 5 1 1 1 0 1 1 1 1 1 1 78 4 1 0 1 2 1 1 1 116 1 0 0 0 0 0 0 0 0 1 1 1 1 1 1 1 1 1 0 0 0 1 0 0 0 0 0 1 0 0 0 0 0 0 0 0 0 0 0 0 0 0 0 0 0 0 0 0 0 0 0 0 0 0 0 0 0 0 0 0 1 236 128 1 1 1 0 0 0 0 0 0 0 0 0 0 0 0 0 0 0 0 0 0 0 0 0 0 0 1 1 0 0 0 0 0 0 0 0 0 1 1 1 1 1 1 247 252 250 5 1 1 1 0 0 0 0 0 0 0 0 0 0 0 0 0 0 0 0 0 0 0 0 0 0 0 0 0 0 0 0 0 0 0 0 0 0 0 0 0 0 0 0 0 0 0 0 0 0 0 0 0 0 0 0 0 0 0 1 1 0 1 36 238 30 1 0 0 0 0 0 0 0 0 0 0 0 0 0 0 0 0 0 0 0 0 0 0 0 0 0 0 0 0 0 0 0 1 1 1 1 0 0 0 0 0 0 1 1 0 0 0 0 0 0 0 0 0 0 0 1 1 1 3 253 8 0 0 1 0 0 0 0 1 0 0 0 0 1 1 1 9 1 1 1 0 1 1 1 1 1 1 1 0 0 1 1 1 1 1 1 1 1 1 1 1 0 0 1 1 1 1 0 1 1 0 0 1 0 0 1 1 1 1 1 1 1 0 0 1 1 0 0 0 1 1 0 0
1 1 1 2 8 1 0 0 0 0 0 0 1 1 1 1 23 1 0 0 0 0 0 0 0 0 0 0 0 1 91 250 253 211 1 0 0 0 1 1 202 235 123 1 1 1 1 1 0 1 1 0 0 0 0 11 3 0 0 0 1 4 1 1 136 7 1 1 1 1 1 1 1 1 1 1 2 1 1 2 3 1 1 1 0 1 0 0 1 4 4 0 0 1 1 2 2 2 101 17 1 1 1 1 1 1 1 1 1 1 1 0 0 0 1 1 1 0 0 0 1 27 11 0 1 1 1 1 2 2 1 1 1 0 0 0 0 0 1 153 1 1 0 1 7 3 1 0 0 0 0 0 20 191 1 1 1 1 1 1 1 3 34 16 4 114 95 4 1 1 1 0 1 7 1 1 1 0 1 1 1 0 0 1 5 1 1 1 1 1 1 1 1 1 97 1 0 0 1 2 1 1 47 66 1 0 0 0 0 0 0 0 0 0 1 1 0 0 0 0 1 1 1 1 1 1 0 0 0 0 0 1 0 0 0 0 0 0 0 0 0 0 0 0 0 0 0 0 0 0 0 0 0 0 0 0 0 0 0 0 0 0 0 0 0 20 247 0 1 1 1 1 0 0 0 0 0 0 0 0 0 0 0 0 0 0 0 0 0 0 0 0 1 2 0 0 0 0 0 0 0 0 0 0 0 0 1 0 0 1 1 1 169 252 252 183 1 1 1 1 0 0 0 0 0 0 0 0 0 0 0 0 0 0 0 0 0 0 0 0 0 0 0 0 0 0 0 0 0 0 0 0 0 0 0 0 0 0 0 0 0 0 0 0 0 0 0 0 0 0 0 1 1 0 0 32 233 1 1 0 0 0 0 1 1 0 0 0 0 0 0 0 0 0 0 0 0 0 0 0 0 0 0 0 0 0 0 0 0 0 1 1 1 1 0 0 0 0 0 0 1 1 0 0 0 0 0 0 0 0 0 0 0 0 1 1 1 201 250 1 0 1 1 0 0 1 1 1 0 0 0 0 1 1 1 5 3 1 1 1 1 1 0 0 0 0 0 0 0 0 0 1 15 34 13 2 1 1 1 1 1 0 1 0 1 0 0 1 1 0 0 1 0 0 0 0 0 1 1 1 0 0 1 1 1 1 0 0 1 1 0 0
0 1 5 5 1 0 0 0 0 0 0 1 1 0 0 0 21 2 0 0 0 0 0 0 0 0 0 1 7 239 248 74 13 202 1 1 0 0 0 0 1 2 210 235 93 1 1 1 1 1 1 0 0 0 0 16 1 0 0 0 0 3 1 1 135 7 2 1 1 1 1 1 3 17 28 26 17 17 13 6 2 5 2 1 1 1 1 0 0 4 4 0 0 0 0 0 0 1 120 2 1 1 1 1 0 1 1 1 1 1 1 1 1 1 1 1 1 0 0 0 1 62 1 0 0 0 0 2 1 1 1 1 2 2 2 2 1 1 1 147 4 1 1 0 1 2 7 1 0 0 0 2 203 3 1 1 1 1 1 2 1 1 5 1 0 1 160 25 2 1 0 1 7 1 1 1 1 1 1 1 1 1 1 1 1 14 1 1 2 1 1 1 1 27 43 1 0 1 1 1 1 1 132 1 1 0 0 0 0 0 0 0 0 0 0 0 0 0 0 0 0 0 0 0 0 1 0 0 0 0 0 1 0 0 0 0 0 0 0 0 0 0 0 0 0 0 0 0 0 0 0 0 0 0 0 0 0 0 0 0 0 0 0 0 0 1 248 1 0 0 1 1 1 1 0 0 0 0 0 0 0 0 0 0 0 0 0 0 0 0 0 1 3 1 0 0 0 0 0 0 0 0 0 0 0 0 1 1 0 0 0 0 1 1 4 249 254 247 2 1 1 1 0 0 0 0 0 0 0 0 0 0 0 0 0 0 0 0 0 0 0 0 0 0 0 0 0 0 0 0 0 0 0 0 0 0 0 0 0 0 0 0 0 0 0 0 0 0 0 0 1 1 0 0 7 238 1 1 0 0 0 0 1 1 0 0 0 0 0 0 0 0 0 0 0 0 0 0 0 0 0 0 0 0 0 0 0 0 0 1 1 1 1 0 0 0 0 0 1 1 1 0 0 0 1 0 0 0 0 0 0 0 0 0 1 1 1 249 216 0 0 1 0 0 0 1 0 0 0 0 0 0 0 0 1 1 14 1 1 0 0 0 0 0 0 0 0 0 0 1 1 20 35 15 37 45 17 5 1 1 1 1 1 1 1 0 0 1 1 1 0 1 0 0 0 0 0 1 1 1 1 0 1 0 1 1 1 0 1 1 1 0
1 7 2 0 0 0 0 0 0 0 1 1 0 0 0 0 1 23 1 0 0 0 0 0 0 0 1 171 251 185 1 1 1 210 1 1 0 0 0 0 0 0 1 4 220 233 64 1 1 1 1 0 0 0 0 18 1 0 0 0 0 1 4 1 120 19 13 2 4 21 32 32 19 4 1 1 1 1 1 5 3 4 7 6 5 3 2 1 1 6 2 0 0 0 0 0 0 1 124 1 1 1 0 0 0 1 1 0 1 1 0 0 0 0 0 1 1 0 0 0 1 63 1 1 0 0 0 2 0 1 0 0 0 0 0 1 1 2 3 136 1 2 2 1 0 0 1 5 5 1 1 189 27 0 0 1 0 0 0 1 0 1 4 0 1 1 10 162 5 2 1 6 1 1 1 1 1 1 1 1 1 1 1 1 1 1 12 2 1 0 1 1 1 98 2 1 1 1 1 1 1 64 49 1 0 0 0 0 0 0 0 0 0 0 0 0 0 0 0 0 0 0 0 0 0 1 0 0 0 0 0 1 0 0 0 0 0 0 0 0 0 0 0 0 0 0 0 0 0 0 0 0 0 0 0 0 0 0 0 0 0 0 0 0 0 1 247 38 0 0 0 0 1 1 1 1 0 0 0 0 0 0 0 0 0 0 0 0 0 0 0 1 1 0 0 0 0 0 0 0 0 0 0 0 0 0 0 1 1 0 0 0 0 0 0 1 9 189 252 252 141 1 1 1 0 0 0 0 0 0 0 0 0 0 0 0 0 0 0 0 0 0 0 0 0 0 0 0 0 0 0 0 0 0 0 0 0 0 0 0 0 0 0 0 0 0 0 0 0 1 1 0 0 1 238 6 1 0 0 0 1 1 1 0 0 0 0 0 0 0 0 0 0 0 0 0 0 0 0 0 0 0 0 0 0 0 0 0 0 1 1 1 0 0 0 0 0 0 1 0 0 0 0 1 1 0 0 0 0 0 0 0 0 0 1 1 4 253 3 0 0 1 0 0 1 1 0 0 0 0 0 0 0 0 1 0 1 14 1 0 0 0 0 0 0 0 0 0 1 1 26 28 1 1 1 4 35 44 18 6 1 1 1 1 1 1 0 0 0 1 1 1 1 0 0 0 0 1 1 0 1 0 0 0 0 1 1 0 1 1 1 0
8 1 0 0 0 0 0 0 0 0 1 0 0 0 0 0 0 15 3 1 0 0 0 0 1 26 245 243 7 1 1 1 1 210 1 1 1 0 0 0 0 0 0 0 1 9 226 233 37 1 1 1 1 0 0 18 1 0 0 0 0 0 3 7 67 174 178 139 24 3 1 1 1 1 0 0 0 1 1 1 1 1 1 1 2 3 3 5 7 24 3 2 1 1 0 1 1 1 122 1 1 1 0 0 0 1 1 1 0 1 1 0 0 0 0 1 1 0 0 1 3 52 1 1 1 1 1 2 1 1 1 0 0 0 0 0 0 1 44 74 1 1 1 3 1 1 0 1 1 7 118 160 1 1 0 1 0 0 1 1 0 4 1 0 0 1 1 43 141 3 9 9 1 1 1 0 0 1 1 1 1 1 1 1 1 1 3 11 3 1 1 1 2 93 1 1 1 0 1 1 1 131 1 1 0 0 0 0 0 0 0 0 0 0 0 0 0 0 0 0 0 0 0 0 0 1 0 0 0 0 0 1 0 0 0 0 0 0 0 0 0 0 0 0 0 0 0 0 0 0 0 0 0 0 0 0 0 0 0 0 0 0 0 0 0 0 128 236 0 0 0 0 0 0 1 1 1 1 0 0 0 0 0 0 0 0 0 0 0 0 1 3 1 0 0 0 0 0 0 0 0 0 0 0 0 0 0 0 1 1 0 0 0 0 0 2 3 1 1 8 249 252 245 1 1 1 1 0 0 0 0 0 0 0 0 0 0 0 0 0 0 0 0 0 0 0 0 0 0 0 0 0 0 0 0 0 0 0 0 0 0 0 0 0 0 0 0 0 1 1 0 0 1 231 40 1 0 0 0 0 1 0 0 0 0 0 0 0 0 0 0 0 0 0 0 0 0 0 0 0 0 0 0 0 0 0 0 0 1 1 1 1 0 0 0 1 0 0 0 0 0 0 0 1 1 0 0 0 0 0 0 0 0 0 1 1 212 249 1 0 0 1 0 1 1 0 0 0 0 0 0 0 0 1 1 0 0 5 5 0 0 0 0 0 0 0 0 1 1 34 22 1 1 1 0 1 1 2 36 60 38 9 1 1 1 1 1 0 0 0 1 0 1 1 1 0 0 1 1 0 1 1 1 1 0 1 0 0 1 1 1 1
1 0 0 0 0 0 0 0 0 0 1 1 0 0 0 0 0 1 27 1 0 0 0 1 194 251 140 1 1 1 1 1 3 208 1 0 1 0 0 0 0 0 0 0 0 0 1 18 230 230 24 1 1 1 1 18 1 0 0 0 1 1 3 26 1 1 9 186 1 1 1 1 0 0 0 0 0 1 0 1 1 1 1 0 0 1 1 1 1 12 2 2 3 4 4 3 3 17 97 1 1 0 0 1 1 1 1 1 1 1 1 1 0 0 1 1 1 0 0 1 5 43 1 0 0 1 1 3 1 1 1 1 1 1 1 1 0 1 119 10 2 1 0 1 1 2 1 1 1 11 201 11 6 7 7 7 5 1 1 1 1 3 0 0 0 0 1 1 90 111 1 6 5 1 1 0 0 0 0 1 0 0 1 1 1 1 3 1 2 5 5 1 85 4 1 1 1 0 1 2 69 45 1 0 0 0 0 0 0 0 0 0 0 0 0 0 0 0 0 0 0 0 0 0 0 1 0 0 0 0 0 1 0 0 0 0 0 0 0 0 0 0 0 0 0 0 0 0 0 0 0 0 0 0 0 0 0 0 0 0 0 0 0 0 0 0 1 248 1 0 0 0 0 0 0 0 1 1 1 1 0 0 0 0 0 0 0 0 0 0 1 2 0 0 0 0 0 0 0 0 0 0 0 0 0 0 0 0 0 1 1 0 0 0 0 9 1 0 0 0 1 1 211 252 252 106 1 1 1 0 0 0 0 0 0 0 0 0 0 0 0 0 0 0 0 0 0 0 0 0 0 0 0 0 0 0 0 0 0 0 0 0 0 0 0 0 0 1 1 1 0 1 222 99 1 0 0 0 0 0 1 1 0 0 0 0 0 0 0 0 0 0 0 0 0 0 0 0 0 0 0 0 0 0 0 0 0 1 1 1 1 0 0 0 0 1 0 0 0 0 0 1 1 1 1 0 0 0 0 0 0 0 0 0 1 1 250 206 0 0 1 1 0 1 0 0 0 0 0 0 0 0 0 1 0 0 0 1 14 1 1 0 0 0 0 1 1 1 44 17 1 1 1 1 1 1 1 1 1 1 19 52 48 12 1 1 1 1 1 1 1 0 0 0 1 1 1 1 1 0 0 0 0 1 1 1 1 1 1 1 0 1
0 0 0 0 0 0 0 0 0 0 0 0 0 0 0 0 0 0 8 8 1 0 2 240 238 2 1 1 1 0 0 1 13 202 1 0 1 1 0 0 0 0 0 0 0 0 0 0 1 37 233 230 36 1 1 19 2 1 1 3 3 3 16 1 0 1 2 192 1 1 1 0 0 0 0 0 0 1 1 1 1 1 1 0 0 1 0 1 1 7 1 1 1 1 1 1 1 81 47 8 5 4 3 1 1 1 1 1 1 1 1 1 0 0 1 1 0 0 0 1 1 61 1 0 0 0 1 2 0 0 1 1 1 1 1 1 1 2 131 1 2 4 1 1 1 1 2 2 1 199 4 1 0 0 0 1 1 4 6 7 14 13 3 1 1 1 1 1 3 128 70 1 16 1 1 0 0 0 0 0 0 1 1 0 0 1 4 1 1 1 1 5 111 1 0 1 1 0 1 4 127 1 0 0 0 0 0 0 0 0 0 0 0 0 0 0 0 0 0 0 0 0 0 0 0 1 1 1 1 1 1 1 0 0 0 0 0 0 0 0 0 0 0 0 0 0 0 0 0 0 0 0 0 0 0 0 0 0 0 0 0 0 0 0 0 0 1 248 1 0 0 0 0 0 0 0 0 0 1 1 1 1 0 0 0 0 0 0 0 0 2 1 0 0 0 0 0 0 0 0 0 0 0 0 0 0 0 0 0 0 1 1 0 0 2 3 0 0 0 0 0 0 1 1 19 252 252 240 1 1 1 1 0 0 0 0 0 0 0 0 0 0 0 0 0 0 0 0 0 0 0 0 0 0 0 0 0 0 0 0 0 0 0 0 0 0 1 1 1 1 1 205 154 1 0 0 0 0 0 0 0 1 1 0 0 0 0 0 0 0 0 0 0 0 0 0 0 0 0 0 0 0 0 0 0 0 1 1 1 1 0 0 0 0 0 1 0 0 0 0 0 1 1 1 0 0 0 0 0 0 0 0 0 1 1 11 253 1 0 1 1 1 1 1 0 0 0 0 0 0 0 0 0 1 1 0 0 0 1 16 1 0 0 0 1 1 2 49 8 1 1 1 1 1 1 1 1 1 1 1 1 1 12 48 59 18 2 1 1 1 1 1 0 0 1 1 1 1 0 0 0 0 0 1 1 0 0 0 1 1 0 0
0 0 0 0 0 0 0 0 0 0 0 0 0 0 0 0 0 0 1 24 1 21 248 189 1 1 1 1 1 1 1 1 81 172 1 0 0 1 0 0 0 0 0 0 0 0 0 0 0 0 1 36 230 233 207 201 194 196 201 202 208 214 198 177 150 116 63 148 116 1 1 1 0 0 0 0 0 1 1 2 1 1 1 0 0 0 0 1 7 1 1 1 1 1 1 1 1 108 3 1 1 1 1 3 4 4 4 3 1 1 1 1 0 0 1 1 0 0 0 1 1 37 9 1 0 0 2 1 0 1 1 1 1 1 1 1 1 1 122 1 1 1 4 2 1 1 1 1 176 50 1 1 0 0 0 0 1 1 0 1 1 1 7 14 14 13 12 13 6 1 155 47 3 2 1 1 0 0 0 0 1 1 0 0 0 1 4 1 1 1 1 1 119 1 0 1 1 1 1 108 14 0 0 0 0 0 0 0 0 0 0 0 0 0 0 0 0 0 0 0 0 0 0 0 0 1 0 0 0 0 0 0 0 0 0 0 0 0 0 0 0 0 0 0 0 0 0 0 0 0 0 0 0 0 0 0 0 0 0 0 0 0 0 0 0 0 1 240 102 0 0 0 0 0 0 0 0 0 0 0 1 1 1 1 0 0 1 1 0 1 3 0 0 0 0 0 0 0 0 0 0 0 0 0 0 0 0 0 0 0 0 1 1 1 9 1 0 1 1 0 0 0 0 0 1 58 28 218 252 252 95 1 1 1 0 0 0 0 0 0 0 0 0 0 0 0 0 0 0 0 0 0 0 0 0 0 0 0 0 0 0 0 0 0 0 1 1 0 1 1 177 192 1 0 0 0 0 0 0 0 0 0 1 1 1 0 0 0 0 0 0 0 0 0 0 0 0 0 0 0 0 0 0 0 0 1 1 1 1 0 0 0 0 0 0 1 0 0 0 0 0 0 0 1 0 0 0 0 0 0 0 0 0 1 1 221 248 1 0 1 1 1 0 0 0 0 0 0 0 0 0 0 0 0 1 1 0 0 0 3 6 1 0 1 1 3 50 5 1 1 1 1 0 0 1 1 1 1 0 0 1 1 1 1 6 43 71 38 3 1 1 1 1 1 1 1 1 1 0 0 0 1 1 1 0 0 0 0 0 0 0 0
0 0 0 0 0 0 0 0 0 0 0 0 0 0 0 0 0 0 0 2 145 250 110 1 1 1 1 0 1 1 1 1 164 103 1 0 0 1 1 0 0 0 0 0 0 0 0 0 0 1 1 1 1 10 132 155 152 148 131 129 126 130 143 169 191 207 222 233 252 234 231 108 2 1 1 0 0 0 1 1 1 1 1 1 1 1 1 2 7 1 1 0 1 0 1 1 1 118 1 1 1 1 1 1 1 1 1 1 2 4 4 3 2 1 2 1 0 0 0 0 1 1 58 1 0 0 2 1 0 1 1 1 1 1 1 1 1 1 122 1 1 1 1 1 4 1 1 113 126 1 0 1 1 0 0 0 1 1 0 1 1 1 1 1 1 1 1 8 16 1 2 182 23 1 1 1 1 0 0 0 1 0 0 1 1 1 5 1 1 1 1 1 15 100 1 1 1 1 3 129 1 0 0 0 0 0 0 0 0 0 0 0 0 0 0 0 0 0 0 0 0 0 0 0 0 1 0 0 0 0 0 0 0 0 0 0 0 0 0 0 0 0 0 0 0 0 0 0 0 0 0 0 0 0 0 0 0 0 0 0 0 0 0 0 0 0 1 141 235 0 0 0 0 0 0 0 0 0 0 0 0 0 1 1 1 1 0 1 0 1 2 0 0 0 0 0 0 0 0 0 0 0 0 0 0 0 0 0 0 0 0 0 1 3 3 1 1 1 1 1 1 1 1 1 1 1 109 1 1 24 249 252 240 1 1 1 1 0 0 0 0 0 0 0 0 0 0 0 0 0 0 0 0 0 0 0 0 0 0 0 0 0 0 0 0 1 1 0 1 127 216 1 0 0 0 0 0 0 0 0 0 0 0 1 1 0 0 0 0 0 0 0 0 0 0 0 0 0 0 0 0 0 0 0 1 1 1 1 0 0 0 0 0 0 1 1 0 0 0 0 0 0 0 1 0 0 0 0 0 0 0 0 0 1 1 250 192 0 0 1 1 0 0 0 0 0 0 0 0 0 0 0 0 0 0 1 1 1 0 1 12 1 1 1 4 50 4 1 1 1 1 0 0 1 1 1 1 1 1 1 1 1 1 1 1 1 1 21 67 55 5 1 1 1 1 1 1 1 1 0 1 1 0 0 0 0 0 0 0 0 1 1
0 0 0 0 0 0 0 0 0 0 0 0 0 0 0 0 0 0 1 205 249 51 2 1 1 1 1 1 1 1 1 1 200 15 1 0 0 0 1 0 0 0 0 0 0 1 1 1 2 2 2 1 1 1 52 12 1 1 1 1 1 0 0 0 0 0 0 2 193 2 20 211 233 231 135 3 1 1 2 1 1 1 0 0 0 0 1 9 1 1 1 1 1 1 1 1 2 109 1 1 0 0 0 1 1 0 0 0 0 1 1 1 2 3 6 4 4 3 1 1 1 1 6 42 1 0 2 1 1 1 1 1 1 0 0 0 1 2 116 1 1 1 0 0 1 3 53 180 1 1 0 1 1 0 0 1 1 1 1 1 1 1 0 0 1 1 4 1 7 5 9 17 155 36 1 1 1 1 0 0 1 0 0 1 1 2 2 1 1 1 1 1 1 117 1 1 1 1 117 8 0 0 0 0 0 0 0 0 0 0 0 0 0 0 0 0 0 0 0 0 0 0 0 0 0 1 0 0 0 0 0 0 0 0 0 0 0 0 0 0 0 0 0 0 0 0 0 0 0 0 0 0 0 0 0 0 0 0 0 0 0 0 0 0 0 0 0 1 248 0 0 0 0 0 0 0 0 0 0 0 0 0 0 1 1 1 1 1 1 2 1 0 0 0 0 0 0 0 0 0 0 0 0 0 0 0 0 0 0 1 1 1 1 8 1 0 0 0 0 0 0 0 0 0 0 1 111 1 0 1 1 1 215 252 252 96 1 1 1 0 0 0 0 0 0 0 0 0 0 0 0 0 0 0 0 0 0 0 0 0 0 0 0 0 1 1 0 0 63 229 1 0 0 0 0 0 0 0 0 0 0 0 0 0 1 0 0 0 0 0 0 0 0 0 0 0 0 0 0 0 0 0 0 1 1 1 1 0 0 0 0 0 0 0 1 0 0 0 0 0 0 0 0 1 1 0 0 0 0 0 0 0 0 1 31 253 1 0 1 1 0 0 0 0 0 0 0 0 0 0 0 0 0 0 0 0 0 1 1 1 1 16 1 5 48 3 1 1 0 0 0 0 1 1 1 1 1 1 1 1 1 1 0 0 1 1 1 1 1 9 63 66 7 1 1 1 1 1 1 1 1 1 1 0 0 0 0 0 0 0 0 1
0 0 0 0 0 0 0 0 0 0 0 0 0 0 0 0 0 1 244 240 1 6 17 1 1 1 1 1 1 1 1 1 210 2 1 0 0 0 1 1 0 0 1 1 1 2 2 1 1 1 1 1 1 1 55 10 1 1 1 1 1 1 1 1 1 1 1 1 81 149 1 1 1 9 196 233 231 140 7 1 1 1 0 0 0 1 6 2 1 1 1 1 1 0 0 1 71 21 1 1 0 0 1 1 1 0 0 0 0 1 1 1 1 1 2 1 1 1 2 4 4 3 3 71 1 1 2 0 0 1 0 0 1 0 0 1 1 50 48 1 1 1 1 89 207 214 204 96 12 1 0 1 1 0 0 0 1 1 1 1 1 1 1 1 1 2 2 1 1 16 12 1 4 146 58 1 1 1 1 1 1 0 1 1 1 4 1 1 0 1 1 0 1 55 42 1 1 2 131 1 0 0 0 0 0 0 0 0 0 0 0 0 0 0 0 0 0 0 0 0 0 0 0 0 0 1 0 0 0 0 0 0 0 0 0 0 0 0 0 0 0 0 0 0 0 0 0 0 0 0 0 0 0 0 0 0 0 0 0 0 0 0 0 0 0 0 0 1 248 0 0 0 0 0 0 0 0 0 0 0 0 0 0 0 0 1 1 1 1 2 0 0 0 0 0 0 0 0 0 0 0 0 0 0 0 0 1 1 1 1 1 0 0 8 0 0 0 0 0 0 0 0 0 0 0 0 92 4 1 1 0 1 1 1 22 249 252 240 1 1 1 1 0 0 0 0 0 0 0 0 0 0 0 0 0 0 0 0 0 0 0 0 0 1 1 0 0 13 236 1 0 0 0 0 0 0 0 0 0 0 0 0 0 0 1 0 0 0 0 0 0 0 0 0 0 0 0 0 0 0 0 0 1 1 1 1 0 0 0 0 0 0 0 0 1 0 0 0 0 0 0 0 0 1 1 0 0 0 0 0 0 0 0 1 228 247 1 1 1 0 0 0 0 0 0 0 0 0 0 0 0 0 0 0 0 0 0 0 0 1 1 2 35 48 2 1 1 1 1 1 0 0 1 1 1 1 0 0 0 0 0 1 1 1 0 0 0 0 1 1 1 12 94 103 13 1 1 1 1 1 1 1 1 1 1 0 0 0 0 0 0 0
0 0 0 0 0 0 0 0 0 0 0 0 0 0 0 0 14 250 199 1 1 1 3 25 2 1 1 1 1 1 0 1 210 1 1 0 0 0 0 1 0 0 1 1 1 1 1 0 1 1 0 0 0 1 66 5 1 1 1 1 1 0 0 1 1 1 1 1 3 194 1 0 0 0 1 1 10 193 233 230 103 2 1 1 1 4 3 1 1 1 1 1 0 1 1 1 114 1 1 1 0 1 1 0 1 1 0 0 0 0 0 0 1 1 2 1 1 1 1 1 1 1 1 83 4 4 6 1 1 1 0 0 1 0 0 0 1 114 2 1 1 1 153 170 5 1 1 1 22 55 38 2 1 0 0 0 1 1 1 1 1 0 0 1 1 4 1 0 1 2 21 1 1 2 136 105 1 1 1 1 0 0 1 1 1 5 1 1 1 1 1 1 1 1 117 1 1 112 11 1 0 0 0 0 0 0 0 0 0 0 0 0 0 0 0 0 0 0 0 0 0 0 0 0 0 1 0 0 0 0 0 0 0 0 0 0 0 0 0 0 0 0 0 0 0 0 0 0 0 0 0 0 0 0 0 0 0 0 0 0 0 0 0 0 0 0 0 1 248 0 0 0 0 0 0 0 0 0 0 0 0 0 0 0 0 0 1 1 2 2 2 1 0 0 0 0 0 0 0 0 0 1 1 1 1 1 1 1 0 0 0 0 0 8 0 0 0 0 0 0 0 0 0 0 0 0 2 101 0 1 1 1 1 1 1 1 1 215 252 252 107 1 1 1 0 0 0 0 0 0 0 0 0 0 0 0 0 0 0 0 0 0 1 1 1 0 2 238 4 1 0 0 0 0 0 0 0 0 0 0 0 0 0 0 1 1 0 0 0 0 0 0 0 0 0 0 0 0 0 0 0 0 1 1 1 0 0 0 0 0 0 0 0 1 1 0 0 0 0 0 0 0 0 1 0 0 0 0 0 0 0 0 1 1 250 176 1 1 1 0 0 0 0 0 0 0 0 0 0 0 0 0 0 0 0 0 0 0 1 1 1 21 82 5 1 1 1 0 0 0 0 1 1 1 1 0 0 0 0 0 0 0 1 1 1 0 0 0 0 1 5 30 17 24 116 134 28 2 1 1 1 0 0 1 1 1 0 0 0 0 0 0
0 0 0 0 0 0 0 0 0 0 0 0 0 0 1 99 253 119 1 0 1 1 0 1 19 11 1 1 1 1 1 1 210 1 0 0 0 0 0 1 0 1 1 1 1 1 0 0 0 1 1 0 1 1 74 1 1 1 1 1 1 0 0 0 1 1 1 1 1 178 18 0 1 1 1 1 1 9 2 23 215 235 228 95 86 9 1 1 1 1 1 1 1 1 1 1 114 1 1 1 0 1 0 0 0 1 1 0 0 0 0 0 0 1 2 1 1 1 0 0 1 0 1 69 1 1 2 2 3 3 3 3 1 1 1 1 1 121 1 0 1 157 125 1 0 0 0 0 0 1 3 43 57 22 1 0 1 1 1 1 1 0 1 1 5 1 1 1 2 1 1 26 1 1 1 104 148 5 1 1 1 0 1 1 1 2 4 3 1 1 1 1 1 1 123 1 2 131 1 0 0 0 0 0 0 0 0 0 0 0 0 0 0 0 0 0 0 0 0 0 0 0 0 0 0 1 0 0 0 0 0 0 0 0 0 0 0 0 0 0 0 0 0 0 0 0 0 0 0 0 0 0 0 0 0 0 0 0 0 0 0 0 0 0 0 0 0 1 248 0 0 0 0 0 0 0 0 0 0 0 0 0 0 0 0 0 1 2 1 0 1 1 2 1 1 0 0 0 0 1 1 1 1 1 0 0 0 0 0 0 0 0 0 8 0 0 0 0 0 0 0 0 0 0 0 0 1 112 0 0 0 0 0 1 1 1 1 1 1 18 249 251 240 1 1 1 0 0 0 0 0 0 0 0 0 0 0 0 0 0 0 1 1 1 0 1 234 32 1 0 0 0 0 0 0 0 0 0 0 0 0 0 0 0 0 1 1 0 0 0 0 0 0 0 0 0 0 0 0 0 0 1 1 1 1 0 0 0 0 0 0 0 0 1 0 0 0 0 0 0 0 0 0 1 0 0 0 0 0 0 0 0 1 44 253 1 1 1 1 0 0 0 0 0 0 0 0 0 0 0 0 0 0 0 0 0 1 1 1 1 22 43 1 19 1 1 0 0 0 0 1 1 1 1 1 0 0 0 0 0 0 0 0 0 0 0 0 1 1 1 36 2 1 1 1 2 99 135 38 2 1 1 1 1 0 1 1 1 0 0 0 0
0 0 0 0 0 0 0 0 0 0 0 0 0 1 184 252 23 0 0 0 0 1 1 0 1 5 25 2 1 1 1 1 210 1 0 0 0 0 0 1 1 1 1 1 1 0 1 0 0 0 1 0 0 1 77 1 0 0 0 1 1 1 0 0 1 1 1 1 1 14 184 1 1 1 1 1 1 11 1 1 1 1 47 230 230 230 41 1 1 1 1 1 0 1 1 19 71 1 1 0 0 1 0 0 0 1 1 0 0 0 0 0 0 1 2 1 1 1 0 0 1 0 1 69 1 2 1 0 0 1 1 1 2 3 3 3 3 124 1 1 160 122 1 0 0 0 0 0 0 0 0 1 1 8 46 36 5 2 1 1 1 1 1 4 1 1 1 2 1 0 0 4 15 1 1 1 34 165 68 1 1 1 1 1 1 1 1 1 9 12 4 1 1 1 122 1 104 23 0 0 0 0 0 0 0 0 0 0 0 0 0 0 0 0 0 0 0 0 0 0 0 0 0 0 0 1 0 0 0 0 0 0 0 0 0 0 0 0 0 0 0 0 0 0 0 0 0 0 0 0 0 0 0 0 0 0 0 0 0 0 0 0 0 0 0 0 0 1 248 0 0 0 0 0 0 0 0 0 0 0 0 0 0 0 0 0 1 1 1 0 0 0 0 1 2 2 1 1 1 1 0 0 0 0 0 0 0 0 0 0 0 0 0 8 0 0 0 0 0 0 0 0 0 0 0 0 0 112 0 0 0 0 0 0 0 0 1 1 1 1 1 1 212 251 251 107 1 1 1 0 0 0 0 0 0 0 0 0 0 0 0 1 1 1 1 224 90 1 0 0 0 0 0 0 0 0 0 0 0 0 0 0 0 0 0 0 1 1 0 0 0 0 0 0 0 0 0 0 0 0 1 1 1 1 0 1 1 0 0 0 0 0 0 0 0 0 0 0 0 0 0 0 0 1 0 0 0 0 0 0 0 0 1 235 247 1 0 1 0 0 0 0 0 0 0 0 0 0 0 0 0 0 0 0 0 1 1 1 1 29 38 1 1 2 13 1 0 0 0 1 1 1 1 0 1 1 0 0 0 0 0 0 0 0 0 0 0 1 1 13 17 1 1 1 1 1 1 2 90 135 74 3 1 1 1 1 1 1 1 0 0 0
0 0 0 0 0 0 0 0 0 0 0 0 1 229 246 2 0 1 1 0 0 0 1 1 1 0 1 19 21 1 1 1 210 1 0 0 0 0 0 1 2 1 1 1 1 1 1 0 0 0 1 0 0 1 77 1 0 0 0 1 1 1 0 1 1 0 0 1 1 2 194 1 1 3 1 1 3 6 1 1 1 1 1 52 107 125 235 240 206 9 1 1 1 1 21 91 1 1 1 1 0 1 1 0 0 0 1 1 0 0 0 0 0 1 2 1 1 1 0 0 1 1 1 68 1 3 1 0 0 0 0 1 0 0 1 1 3 113 3 179 127 2 1 1 1 1 0 0 0 0 0 1 1 0 1 2 31 46 19 3 1 1 2 3 1 1 1 2 1 0 1 1 7 7 1 1 1 3 126 146 8 1 1 1 1 1 0 1 1 1 5 14 12 17 132 112 93 1 0 0 0 0 0 0 0 0 0 0 0 0 0 0 0 0 0 0 0 0 0 0 0 0 0 0 0 1 0 0 0 0 0 0 0 0 0 0 0 0 0 0 0 0 0 0 0 0 0 0 0 0 0 0 0 0 0 0 0 0 0 0 0 0 0 0 0 0 0 1 248 0 0 0 0 0 0 0 0 0 0 0 0 0 0 0 0 1 2 0 1 0 0 0 0 0 0 1 2 1 0 0 0 0 0 0 0 0 0 0 0 0 0 0 0 8 0 0 0 0 0 0 0 0 0 0 0 0 0 112 1 0 0 0 0 0 0 0 0 0 0 0 0 1 1 1 17 249 251 242 1 1 1 1 0 0 0 0 0 0 0 0 1 1 1 1 210 146 1 0 0 0 0 0 0 0 0 0 0 0 0 0 0 0 0 0 0 0 0 1 1 0 0 0 0 0 0 0 0 0 0 1 1 1 1 0 0 0 1 1 1 1 1 1 1 0 0 0 0 0 0 0 0 0 0 1 0 0 0 0 0 0 0 1 1 253 156 1 1 1 0 0 0 0 0 0 0 0 0 0 0 0 0 0 0 0 1 1 1 1 36 32 1 1 1 1 11 3 1 0 1 1 1 1 0 0 0 1 1 0 0 0 0 0 0 0 0 0 0 1 1 36 2 1 1 1 1 0 1 1 1 1 57 135 93 5 1 1 1 1 1 1 0 0
0 0 0 0 0 0 0 0 0 0 1 2 246 229 1 0 0 1 1 1 0 0 0 1 1 1 0 1 2 27 18 3 209 1 0 0 0 0 0 1 1 1 1 1 1 1 1 0 0 0 1 1 1 3 64 1 0 0 0 1 1 1 1 1 0 0 0 1 1 1 152 71 1 4 4 5 14 1 1 0 0 1 1 91 1 1 1 2 153 239 239 174 6 1 115 1 1 1 0 1 1 1 0 0 0 0 1 1 0 0 0 0 1 1 2 1 1 1 0 0 1 1 1 65 1 2 0 0 0 0 0 1 1 1 1 2 80 113 205 97 1 1 1 2 3 3 3 2 1 1 1 1 1 0 0 1 1 1 9 35 37 17 11 1 1 1 2 1 0 1 1 1 1 14 5 1 1 0 1 35 164 85 1 1 1 1 1 1 1 1 1 1 2 1 14 202 8 1 0 0 0 0 0 0 0 0 0 0 0 0 0 0 0 0 0 0 0 0 0 0 0 0 0 0 0 1 0 0 0 0 0 0 0 0 0 0 0 0 0 0 0 0 0 0 0 0 0 0 0 0 0 0 0 0 0 0 0 0 0 0 0 0 0 0 0 0 1 1 248 0 0 0 0 0 0 0 0 0 0 0 0 0 0 0 0 2 1 0 1 0 0 0 0 0 0 0 0 1 1 1 0 0 0 0 0 0 0 0 0 0 0 0 0 8 0 0 0 0 0 0 0 0 0 0 0 0 0 110 1 0 0 0 0 0 0 0 0 0 0 0 0 0 0 1 2 1 1 210 251 251 115 1 1 1 0 0 0 0 0 1 1 0 1 187 187 1 0 0 0 0 0 0 0 0 0 0 0 0 0 0 0 0 0 0 0 0 0 0 0 0 0 0 0 0 0 0 0 0 1 1 1 1 0 0 0 0 0 0 0 0 0 0 1 0 0 0 0 1 1 0 0 0 0 1 0 0 0 0 0 0 0 1 50 253 1 0 1 0 0 0 0 0 0 0 0 0 0 0 0 0 0 0 0 1 1 1 1 44 25 1 1 1 1 1 1 23 1 1 1 1 1 0 0 0 0 1 1 0 0 0 0 0 0 0 0 0 0 1 10 20 1 1 1 0 0 0 0 1 1 1 1 1 36 130 115 10 1 1 1 1 1 0
0 0 0 0 0 0 0 0 0 1 28 252 178 1 0 0 0 0 0 1 1 1 1 1 1 1 1 1 0 0 4 73 201 1 0 0 0 0 1 1 0 1 1 1 1 1 1 1 1 1 1 1 1 58 6 0 0 0 0 1 1 1 1 1 0 0 0 0 1 1 5 190 4 1 1 1 5 2 1 1 1 1 2 84 1 0 1 1 1 1 4 191 239 229 171 3 1 1 1 1 1 1 1 0 0 0 1 0 0 1 1 0 1 1 2 1 1 1 0 0 1 1 6 44 1 2 0 1 1 1 1 2 135 226 226 223 238 213 7 1 0 1 1 1 1 1 1 1 2 3 3 3 1 1 1 1 1 0 0 1 3 38 19 6 6 6 1 1 1 1 1 0 1 1 22 1 1 1 0 1 1 111 154 19 1 1 1 1 1 1 0 1 1 1 7 212 1 1 0 0 0 0 0 0 0 0 0 0 0 0 0 0 0 0 0 0 0 0 0 0 0 0 0 0 0 1 0 0 0 0 0 0 0 0 0 0 0 0 0 0 0 0 0 0 0 0 0 0 0 0 0 0 0 0 0 0 0 0 0 0 0 0 0 0 0 0 1 25 247 0 0 0 0 0 0 0 0 0 0 0 0 0 0 0 1 2 0 1 1 0 0 0 0 0 0 0 0 0 1 1 1 0 0 0 0 0 0 0 0 0 0 0 0 8 0 0 0 0 0 0 0 0 0 0 0 0 0 109 1 0 0 0 0 0 0 0 0 0 0 0 0 0 0 1 3 1 1 1 1 14 249 251 242 1 1 1 0 0 1 1 0 1 115 220 1 1 0 0 0 0 0 0 0 0 0 0 0 0 0 0 0 0 0 0 0 0 0 0 0 0 1 1 1 0 0 0 0 1 1 1 1 0 0 0 0 0 0 0 0 0 0 0 1 1 0 0 0 1 1 1 1 1 0 1 0 0 0 0 0 0 0 1 239 245 1 1 1 0 0 0 0 0 0 0 0 0 0 0 0 0 0 0 1 1 1 1 50 19 1 1 0 1 1 0 1 1 18 1 1 1 0 0 0 0 0 0 1 0 0 0 0 0 0 0 0 0 0 1 33 3 1 1 1 0 0 0 1 1 0 0 0 1 1 1 15 122 134 21 1 1 1 1
0 0 0 0 0 0 0 0 1 132 253 84 1 0 0 0 0 0 0 0 0 0 0 0 0 1 1 0 0 0 1 130 175 1 0 0 0 0 1 1 0 1 1 0 1 1 1 0 1 1 1 1 1 78 1 0 0 0 0 1 0 0 0 1 1 1 0 0 1 1 2 194 7 1 1 1 2 1 1 1 1 1 45 23 1 0 0 1 1 1 1 1 1 144 200 232 227 70 2 1 1 1 1 1 1 1 1 1 1 1 1 1 1 1 2 1 1 1 1 1 1 4 94 5 1 2 1 1 5 165 226 226 174 5 1 1 116 19 82 1 1 1 1 1 0 0 0 0 1 1 1 1 1 2 2 4 3 2 1 1 1 42 1 1 1 3 3 4 5 4 2 1 1 1 1 25 1 0 0 0 1 1 22 157 107 1 1 1 1 1 1 1 1 1 175 99 1 1 0 0 0 0 0 0 0 0 0 0 0 0 0 0 0 0 0 0 0 0 0 0 0 0 0 0 0 1 1 0 0 0 0 0 0 0 0 0 0 0 0 0 0 0 0 0 0 0 0 0 0 0 0 0 0 0 0 0 0 0 0 0 0 0 0 0 0 0 1 198 217 0 0 0 0 0 0 0 0 0 0 0 0 0 0 0 1 1 0 1 0 0 0 0 0 0 0 0 0 0 0 1 2 1 0 0 0 0 0 0 0 0 0 0 0 8 0 0 0 0 0 0 0 0 0 0 0 0 0 94 3 0 0 0 0 0 0 0 0 0 0 0 0 0 1 5 1 0 0 0 0 1 1 1 209 251 251 114 1 1 1 1 1 1 241 1 1 0 0 0 0 0 0 0 0 0 0 0 0 0 0 0 0 0 0 0 0 0 0 0 0 0 0 0 1 0 0 0 1 1 1 1 0 0 0 0 0 0 0 0 0 0 0 0 0 1 1 0 1 1 0 0 1 1 1 1 1 0 0 0 0 0 1 1 253 132 0 1 0 0 0 0 0 0 0 0 0 0 0 0 0 0 0 1 1 1 1 55 14 1 1 0 1 1 0 0 0 1 9 9 1 0 0 0 0 0 0 0 1 1 0 0 0 0 0 0 0 0 1 7 25 1 1 1 1 0 0 0 1 1 1 0 1 1 0 0 1 1 4 108 141 49 1 1
0 0 0 0 0 0 1 1 208 251 8 1 0 0 0 0 0 0 0 0 0 0 0 0 0 0 0 0 0 0 1 196 85 1 0 0 0 1 1 0 0 1 1 0 1 1 1 0 1 1 1 1 2 74 1 0 0 0 1 1 0 0 0 0 1 1 0 0 1 1 1 126 136 2 1 1 1 2 1 1 1 2 84 3 1 0 0 1 1 1 1 0 1 81 1 1 31 217 232 215 41 2 1 1 1 1 12 7 1 2 2 5 7 22 142 129 94 113 126 141 167 225 227 214 219 227 227 227 227 146 2 1 0 0 0 34 57 1 9 97 1 1 1 0 0 0 0 0 1 1 1 1 1 1 1 1 1 1 3 3 22 24 1 1 1 1 1 0 1 1 1 3 4 3 3 4 23 1 0 0 0 0 1 1 92 158 30 1 1 1 1 1 0 1 215 3 0 1 0 0 0 0 0 0 0 0 0 0 0 0 0 0 0 0 0 0 0 0 0 0 0 0 0 0 0 1 0 0 1 1 1 1 1 1 1 1 0 0 0 0 0 0 0 0 0 0 0 0 0 0 0 0 0 0 0 0 0 0 0 0 0 0 0 0 0 0 1 245 62 0 0 0 0 0 0 0 0 0 0 0 0 0 0 0 2 0 0 1 0 0 0 0 0 0 0 0 0 0 0 0 1 1 1 0 0 0 0 0 0 0 0 0 0 8 0 0 0 0 0 0 0 0 0 0 0 0 0 29 53 0 0 0 0 0 0 0 0 0 0 0 0 1 3 1 0 0 0 0 0 0 0 1 1 1 14 249 251 242 1 1 1 227 69 1 0 0 0 0 0 0 0 0 0 0 0 0 0 0 0 0 0 0 0 0 0 0 0 0 0 0 0 0 1 0 0 1 1 1 1 0 0 0 0 0 0 0 0 0 0 0 0 0 0 0 1 1 1 0 0 0 0 0 0 1 1 1 1 1 1 1 1 71 253 1 1 1 0 0 0 0 0 0 0 0 0 0 0 0 0 0 1 1 1 2 60 10 1 1 1 1 1 0 0 0 0 1 1 23 1 1 0 0 0 0 0 0 0 1 0 0 0 0 0 0 0 0 1 30 4 1 1 0 1 0 0 0 1 0 1 1 1 1 1 1 0 0 1 1 1 80 140 85
0 0 0 0 0 0 1 241 242 1 0 0 0 0 0 0 0 0 0 0 0 0 0 0 0 0 0 0 0 0 1 221 27 9 4 1 2 9 3 1 1 1 1 0 0 1 0 0 1 1 1 0 29 25 0 0 0 0 1 0 0 0 0 0 1 1 1 0 1 1 0 4 199 1 1 1 1 2 1 1 1 1 88 1 0 0 0 1 1 1 1 0 1 35 20 3 1 1 1 81 224 231 234 231 231 234 231 231 233 233 233 231 230 228 193 194 211 201 192 187 163 61 26 19 44 6 1 1 0 1 1 1 0 0 1 116 1 0 0 4 109 23 1 1 1 1 1 1 1 1 1 0 0 1 1 1 1 0 1 1 49 1 1 1 2 2 2 1 1 1 1 1 1 1 1 1 9 20 1 1 0 0 0 1 1 11 149 105 1 1 1 1 1 130 154 1 0 1 1 0 0 0 0 0 0 0 0 0 0 0 0 0 0 0 0 0 0 0 0 0 0 0 0 0 1 1 1 1 34 173 200 220 232 233 233 233 228 205 182 69 1 0 0 0 0 0 0 0 0 0 0 0 0 0 0 0 0 0 0 0 0 0 0 0 0 0 1 248 1 1 1 1 1 1 1 1 1 1 1 1 1 1 1 1 2 1 1 1 1 0 0 0 0 0 0 0 0 0 0 0 0 0 1 2 1 0 0 0 0 0 0 0 1 8 0 0 0 0 0 0 0 0 0 0 0 0 0 1 109 0 0 0 0 0 0 0 0 0 0 0 0 1 3 1 0 0 0 0 0 0 0 0 0 0 1 1 1 207 251 251 196 225 1 1 1 0 0 0 0 0 0 0 0 0 0 0 0 0 0 0 0 0 0 0 0 0 0 0 0 0 0 0 1 0 1 1 1 1 0 0 0 0 0 0 0 0 0 0 0 0 0 0 0 0 1 1 0 0 0 0 0 0 0 1 0 0 0 0 1 1 1 242 244 1 1 0 0 0 0 0 0 0 0 0 0 0 0 0 0 1 1 1 3 63 7 1 1 1 1 1 0 0 0 0 1 1 1 1 21 1 1 0 0 0 0 0 0 1 1 0 0 0 0 0 0 1 4 31 1 1 0 0 1 1 0 1 1 0 0 1 1 0 0 0 1 1 1 1 1 1 1 43
1 1 1 0 0 6 249 214 1 0 0 0 0 0 0 0 0 0 0 0 0 0 0 0 0 0 0 0 0 0 1 226 1 1 3 8 5 1 5 7 7 7 5 1 0 1 0 0 1 1 0 1 75 1 0 0 0 1 1 0 0 0 0 0 1 1 1 1 1 1 0 2 201 1 1 1 1 1 2 0 1 1 85 2 0 0 0 0 1 1 1 1 1 24 1 13 11 1 1 1 1 1 1 2 2 1 1 1 1 1 1 1 1 0 1 1 0 0 1 1 1 2 12 0 14 1 0 0 1 1 1 1 0 0 1 119 1 0 0 0 1 59 104 82 28 33 7 1 1 1 1 0 0 0 1 1 1 1 1 1 55 1 1 1 1 1 1 1 3 2 2 5 7 13 28 48 60 110 97 55 21 2 1 1 1 1 1 94 149 3 1 1 1 172 112 1 1 0 1 0 0 0 0 0 0 0 0 0 0 0 0 0 0 0 0 0 0 0 1 1 1 1 1 2 61 177 215 232 227 175 139 85 25 7 4 7 43 133 169 223 232 193 34 1 0 0 0 0 0 0 0 0 0 0 0 0 0 0 0 0 0 0 0 0 0 1 1 248 1 0 0 0 0 0 0 0 0 0 0 0 0 0 0 2 1 1 1 1 1 1 1 0 0 0 0 0 0 0 0 0 0 0 0 1 2 1 0 0 0 0 0 0 1 5 0 0 0 0 0 0 0 0 0 0 0 0 0 1 106 1 0 1 1 1 1 0 0 0 0 0 1 5 1 0 0 0 0 0 0 0 0 0 0 0 1 1 1 1 1 14 254 242 206 1 1 1 1 0 0 0 0 0 0 0 0 0 0 0 0 0 0 0 0 0 0 0 0 0 0 0 0 0 1 0 1 1 1 0 0 0 0 0 0 0 0 0 0 0 0 0 0 0 0 0 1 1 0 0 0 0 0 0 0 1 0 0 0 0 1 1 1 253 103 0 1 0 0 0 0 0 0 0 0 0 0 0 0 0 1 1 1 4 63 4 1 1 1 1 1 0 0 0 0 1 1 1 0 1 6 8 1 0 0 0 0 0 0 0 1 1 0 0 0 0 0 1 26 7 1 0 0 0 0 1 0 1 1 0 0 1 1 1 0 0 0 0 0 0 0 1 1 1
197 197 194 169 94 252 148 1 0 0 0 0 0 0 0 0 0 0 0 0 0 0 0 0 0 0 0 1 1 1 1 226 1 1 0 0 0 1 1 1 1 1 2 7 6 1 1 1 1 1 1 2 75 1 0 0 0 1 1 0 0 0 0 1 1 0 0 0 1 1 1 1 199 3 1 1 1 1 2 1 1 1 69 6 0 0 0 0 1 1 1 0 0 20 1 1 3 13 1 1 0 0 1 1 1 1 1 1 1 1 1 1 1 0 1 1 0 0 0 1 0 6 4 0 14 0 0 0 1 1 1 1 0 1 13 86 1 0 0 0 1 0 1 5 46 44 81 105 71 1 1 0 0 0 1 1 0 0 1 1 118 101 101 101 99 96 96 96 104 95 95 88 79 78 53 32 21 30 71 51 83 113 121 114 18 1 1 1 29 157 12 1 4 27 173 130 2 1 1 1 0 0 0 0 0 0 0 0 0 0 0 0 1 1 1 1 1 1 1 9 109 196 224 233 224 174 105 17 3 1 1 1 1 1 1 1 1 1 1 1 9 155 229 204 24 0 0 0 0 0 0 0 0 0 0 0 0 0 0 0 0 0 0 0 1 1 1 248 1 0 0 0 0 0 0 0 0 0 0 0 0 0 1 2 0 0 0 1 1 1 1 1 0 0 0 0 0 0 0 0 0 0 0 0 0 1 1 1 0 0 0 0 7 1 0 0 0 0 0 0 0 0 0 0 0 0 0 1 13 93 2 2 2 2 2 1 1 0 0 0 4 1 0 0 0 0 0 0 0 0 0 0 0 1 1 0 0 0 1 216 158 1 156 242 239 51 1 1 1 1 0 0 0 0 0 0 0 0 0 0 0 0 0 0 0 0 0 0 0 0 1 1 1 1 1 1 0 0 0 0 0 0 0 0 0 0 0 0 0 0 0 0 0 1 1 0 0 0 0 0 0 0 0 1 1 0 0 0 1 1 93 253 1 1 1 0 0 0 0 0 0 0 0 0 0 0 0 1 1 1 7 62 3 1 1 1 0 1 1 0 0 0 1 1 1 0 0 0 1 20 1 1 0 0 0 0 0 0 1 1 0 0 0 0 1 3 35 1 1 0 0 0 0 1 1 1 1 1 1 1 0 1 1 0 0 0 0 0 0 0 0 1
197 195 149 187 252 45 1 1 0 0 0 0 0 0 0 0 0 0 0 0 0 0 0 0 0 0 0 1 0 0 1 225 1 0 0 0 0 1 1 1 1 1 1 1 1 6 8 8 9 9 10 135 92 74 21 1 1 1 0 0 0 0 0 1 0 0 0 0 0 1 1 1 130 128 1 1 1 1 2 1 1 1 28 36 1 0 0 0 1 1 1 1 1 19 1 1 1 5 7 1 0 0 0 0 1 1 0 0 1 1 0 1 1 0 1 1 0 0 0 0 0 14 1 0 14 0 0 0 1 1 1 1 1 1 115 19 3 1 1 0 0 0 0 0 0 1 1 1 11 99 1 1 1 1 1 1 0 0 1 71 72 1 1 1 1 1 1 1 1 1 1 1 1 1 1 1 1 2 1 24 1 1 1 2 79 117 90 2 1 8 151 21 32 1 1 101 187 76 1 1 1 0 0 0 0 0 0 1 1 1 1 1 1 1 3 39 163 213 233 233 215 152 57 5 2 1 1 1 1 1 1 1 1 0 0 0 0 0 0 1 1 1 1 132 228 163 1 0 0 0 0 0 0 0 0 0 0 0 0 0 0 0 0 0 1 0 1 248 0 0 0 0 0 0 0 0 0 0 0 0 0 0 1 1 0 0 0 0 1 1 1 1 1 0 0 0 0 0 0 0 0 0 0 0 0 0 1 1 1 0 0 0 8 1 0 0 0 0 0 0 0 0 0 1 7 99 119 119 113 9 1 0 0 0 0 1 2 1 0 1 3 1 0 0 0 0 0 0 0 0 0 0 1 1 0 0 0 1 131 225 1 1 0 1 7 232 244 206 1 1 1 0 0 0 0 0 0 0 0 0 0 0 0 0 0 0 1 1 1 1 1 0 1 1 1 1 0 0 0 0 0 0 0 0 0 0 0 0 0 0 0 0 0 1 0 0 0 0 0 0 0 0 0 1 1 0 0 0 1 1 244 241 1 1 0 0 0 0 0 0 0 0 0 0 0 0 1 1 1 11 57 2 1 1 1 0 0 0 1 1 0 1 1 1 1 0 0 0 0 1 23 1 1 1 0 0 0 0 0 1 1 0 0 0 1 24 8 1 0 0 0 0 0 1 1 0 1 1 1 0 0 0 1 1 0 0 0 0 0 0 0 1
1 2 209 250 185 186 189 190 148 2 0 0 0 0 0 0 0 0 0 0 0 0 0 0 0 0 0 0 0 0 1 225 1 0 0 0 0 1 1 0 0 1 1 0 1 1 0 1 1 0 1 139 47 8 29 69 74 108 34 1 1 1 1 1 1 0 0 0 0 1 1 1 13 194 1 1 1 1 2 1 1 1 3 76 1 1 1 1 1 1 1 1 1 15 1 1 1 1 17 1 1 1 0 1 0 0 1 1 1 0 0 0 1 1 1 1 0 0 1 1 1 18 1 1 14 0 0 0 1 1 2 9 16 34 135 1 2 5 6 1 0 0 0 0 0 0 0 1 5 24 116 30 1 1 1 1 1 1 17 85 1 18 1 1 1 1 1 1 1 1 0 1 2 1 1 1 3 1 0 5 5 1 1 1 1 1 10 109 117 37 5 163 74 1 1 1 3 147 182 31 1 1 0 0 0 1 1 1 1 2 8 86 181 225 234 228 186 114 20 3 1 1 1 1 1 1 1 1 1 1 1 0 0 0 0 1 1 1 1 1 1 0 1 1 4 185 219 62 1 0 0 0 0 0 0 0 0 0 0 0 0 0 0 1 1 1 2 248 0 0 0 0 0 0 0 0 0 0 0 0 0 0 2 0 0 0 0 0 0 1 1 1 1 1 1 0 0 0 0 0 0 0 0 0 0 0 0 1 1 1 0 0 8 0 0 0 0 0 0 0 0 1 57 120 96 5 1 1 1 1 1 1 1 0 0 0 1 2 2 5 1 0 0 0 0 0 0 0 0 0 0 1 1 0 0 0 0 92 233 1 1 1 0 0 0 0 1 160 244 239 44 1 1 0 0 0 0 0 0 0 0 0 0 0 0 1 1 0 1 1 1 1 1 1 1 0 0 0 0 0 0 0 0 0 0 0 0 0 0 0 0 0 1 1 0 0 0 0 0 0 0 0 0 0 1 0 0 0 1 1 253 80 0 1 0 0 0 0 0 0 0 0 0 0 0 0 1 1 16 52 1 1 0 0 0 0 0 0 0 1 1 1 1 1 0 0 0 0 0 1 5 9 1 1 1 1 0 0 0 1 1 0 0 1 2 38 1 1 0 0 0 0 1 1 1 0 1 1 1 1 1 0 0 1 1 0 0 0 0 0 0 1
1 204 219 1 0 1 1 1 67 186 188 167 16 1 1 1 1 1 1 2 2 2 2 2 4 6 2 1 1 1 1 224 1 0 0 0 0 1 1 1 1 1 1 0 0 1 0 1 1 0 3 99 2 34 35 32 32 3 61 112 104 92 55 76 21 1 1 0 1 1 0 1 3 200 1 1 1 1 2 1 1 1 1 88 1 1 1 1 1 1 1 1 1 14 2 1 1 0 1 15 1 1 1 1 0 1 1 1 1 1 1 0 1 1 1 1 0 0 1 1 1 17 1 1 14 0 1 2 73 104 97 76 66 102 4 1 0 0 1 4 4 1 1 1 4 5 5 3 1 1 8 40 99 74 4 7 51 95 118 1 1 1 17 1 1 2 1 1 1 1 0 2 1 0 0 2 1 0 1 1 6 1 1 1 1 1 0 1 1 53 113 150 181 49 1 1 1 1 14 174 167 7 1 1 1 1 10 114 200 232 234 222 172 64 5 2 1 1 1 1 1 1 1 1 1 1 0 0 0 0 0 0 1 1 1 1 1 1 0 0 1 1 1 1 1 1 80 222 175 1 0 0 0 0 0 0 0 0 0 0 0 0 1 1 0 1 125 237 0 0 0 0 0 0 0 0 0 0 0 0 0 1 1 0 0 0 0 0 0 0 1 1 0 1 1 1 0 0 0 0 0 0 0 0 0 0 0 0 1 1 1 1 8 0 0 0 0 0 0 0 1 90 39 1 0 0 0 0 0 0 0 1 1 1 1 0 0 0 3 1 1 1 0 0 0 0 0 0 0 1 1 0 0 0 0 0 87 235 1 1 1 0 0 0 0 0 1 1 1 8 234 244 202 1 1 0 0 0 0 0 0 0 0 0 0 1 0 0 0 0 1 1 1 1 0 0 0 0 0 0 0 0 0 0 0 0 0 0 0 0 0 0 1 1 0 0 0 0 0 0 0 0 0 0 1 0 0 1 1 135 253 1 1 1 0 0 0 0 0 0 0 0 0 0 1 1 1 22 47 1 1 1 0 0 0 0 0 0 0 1 1 1 1 0 0 0 0 0 0 0 1 18 1 1 1 1 1 1 0 0 1 1 0 1 29 6 1 0 0 0 0 0 1 1 0 0 0 1 1 1 0 1 0 0 1 1 0 0 0 0 0 1
224 197 1 0 0 0 0 0 1 1 1 22 171 186 186 185 185 185 183 179 180 184 182 179 176 174 179 181 179 178 183 241 91 1 1 0 0 1 1 0 0 1 1 0 1 1 1 1 1 1 101 2 1 7 1 1 1 1 1 1 1 2 22 4 33 77 70 14 1 1 1 1 2 205 1 1 1 1 2 1 1 1 1 90 1 1 1 1 1 1 1 1 1 14 2 1 1 0 1 10 3 0 0 1 1 1 0 0 0 0 1 1 1 1 1 1 0 0 0 1 1 17 1 2 14 55 113 106 13 1 1 1 1 40 1 1 0 0 1 1 1 5 5 4 1 1 0 1 1 0 1 10 1 20 84 75 26 12 12 1 1 1 1 16 5 1 1 1 1 1 1 1 0 0 1 2 1 1 1 0 1 9 1 1 1 1 1 0 0 0 1 45 71 205 163 5 1 1 1 1 46 184 113 112 179 201 234 216 150 19 2 1 1 1 1 1 1 1 1 0 0 0 0 0 0 0 0 0 0 1 1 1 1 1 0 0 0 0 0 0 0 0 1 1 1 1 1 2 173 223 77 1 0 0 0 0 0 0 0 0 0 1 1 0 0 1 231 157 0 0 0 0 0 0 0 0 0 0 0 0 0 2 0 0 0 0 0 0 0 0 0 1 1 0 1 1 1 0 0 0 0 0 0 0 0 0 0 0 0 1 1 1 8 0 0 0 0 0 0 1 112 12 1 1 0 0 0 0 0 0 0 0 0 1 1 1 0 1 1 0 1 1 1 0 0 0 0 0 1 1 0 0 0 0 1 119 233 1 1 1 0 0 0 0 0 1 1 1 0 1 1 1 171 244 242 90 1 1 0 0 0 0 0 0 0 1 0 0 1 1 1 1 1 0 0 0 0 0 0 0 0 0 0 0 0 0 0 0 0 0 1 1 1 0 0 0 0 0 0 0 0 0 0 0 1 1 1 0 1 245 239 1 1 0 0 0 0 0 0 0 0 0 0 0 1 1 28 40 1 1 1 0 0 0 0 0 0 0 1 1 1 1 0 0 0 0 0 0 0 0 0 1 24 1 0 0 1 1 1 1 1 1 1 1 42 1 1 0 0 0 0 0 1 1 0 0 0 1 1 0 0 0 0 0 0 1 1 1 0 1 1 1
165 1 0 0 0 0 0 0 1 1 0 0 0 0 0 0 0 1 1 1 1 1 1 1 1 1 1 1 1 1 79 212 30 118 18 14 10 1 1 0 1 1 7 8 1 1 1 0 0 23 63 1 1 6 1 0 0 0 1 1 1 1 1 1 1 1 2 42 71 1 1 1 2 205 1 1 1 1 3 1 1 1 1 92 1 0 0 0 1 1 1 1 1 14 2 1 1 0 0 1 16 1 1 1 1 0 0 0 0 0 0 0 1 1 1 1 0 1 1 1 24 117 138 147 122 37 1 1 1 1 1 0 0 42 1 1 1 0 0 0 0 1 1 1 0 0 1 1 0 0 0 5 11 1 1 0 1 1 27 1 0 0 1 2 14 4 1 1 0 1 2 1 1 1 3 1 0 1 1 0 1 1 7 1 1 0 1 1 0 0 1 31 1 1 140 221 212 132 56 76 162 202 196 198 175 142 4 1 1 1 1 0 0 0 0 1 1 1 0 0 0 0 0 0 0 1 1 1 1 1 1 0 0 0 0 0 0 0 0 0 0 0 0 0 1 1 1 1 1 64 220 185 2 0 0 0 0 0 0 0 1 1 0 0 0 1 249 4 0 0 0 0 0 0 0 0 0 0 0 0 1 2 0 0 0 0 0 0 0 0 0 0 1 0 0 0 1 1 1 0 0 0 0 0 0 0 0 0 0 0 1 3 3 0 0 0 0 0 5 117 2 1 1 1 0 0 0 0 0 0 0 0 0 0 0 1 1 2 1 0 0 1 1 1 1 0 0 1 1 0 0 0 0 1 175 227 1 1 1 1 0 0 0 0 1 1 1 0 0 0 0 1 1 1 3 224 244 238 49 1 1 0 0 0 1 1 0 0 1 1 1 1 0 0 0 0 0 0 0 0 0 0 0 0 0 0 0 0 0 1 1 1 0 0 0 0 0 0 0 0 0 0 0 1 0 0 0 1 1 253 40 1 1 0 0 0 0 0 0 0 0 0 0 1 1 37 34 1 1 1 1 0 0 0 0 0 0 1 1 1 1 0 0 0 0 0 0 0 0 0 0 1 3 12 1 0 0 0 0 1 1 1 1 29 2 2 0 0 0 0 0 0 1 0 0 0 0 1 1 0 0 0 0 0 0 0 0 1 1 1 0 1
1 0 0 0 0 0 0 0 1 0 0 0 0 0 0 0 0 0 0 0 1 1 0 1 1 1 1 0 0 1 218 65 4 4 65 1 2 12 16 26 18 18 5 5 19 13 1 1 2 106 1 0 1 5 0 0 0 0 1 1 1 1 1 1 1 1 1 1 66 11 1 1 2 205 1 1 0 1 3 1 1 0 1 92 1 0 0 0 1 1 1 0 1 15 2 1 0 0 0 1 6 4 1 0 0 0 0 0 0 0 0 1 1 0 1 1 4 135 159 155 127 58 2 1 1 1 0 0 0 0 1 0 0 39 1 1 0 0 0 0 0 1 1 0 0 1 1 1 1 0 0 1 27 1 0 0 1 9 6 2 1 1 1 1 1 10 5 1 0 1 1 0 0 2 1 1 1 1 0 1 1 0 5 2 1 1 1 1 1 1 1 27 0 0 1 1 44 172 206 202 202 179 169 80 1 1 1 1 1 0 0 0 0 0 1 1 1 1 0 0 1 1 1 1 1 1 1 0 0 0 0 0 0 0 0 0 0 0 0 0 0 0 0 0 0 0 0 1 1 1 1 162 225 95 1 0 0 0 0 1 1 0 0 0 0 1 249 1 0 0 0 0 0 0 0 0 0 0 0 0 2 1 0 0 0 0 0 0 0 0 0 0 1 0 0 0 0 1 1 0 0 0 0 0 0 0 0 0 0 0 1 14 1 0 0 0 0 24 101 1 1 1 0 0 0 0 0 0 0 0 0 0 0 0 0 1 2 1 0 0 0 0 0 1 1 1 1 1 0 0 0 0 1 212 210 1 0 1 1 0 0 0 0 1 1 1 0 0 0 0 0 0 0 0 0 0 1 12 232 243 215 1 1 1 1 0 1 1 1 1 1 0 0 0 0 0 0 0 0 0 0 0 0 0 0 0 0 1 1 1 0 0 0 0 0 0 0 0 0 0 0 0 0 1 0 0 0 1 36 253 1 1 0 0 0 0 0 0 0 0 0 1 1 1 46 25 1 1 1 1 1 1 0 0 0 0 1 1 1 1 0 0 0 0 0 0 0 0 0 0 0 0 1 15 3 1 0 0 1 1 1 1 1 36 1 3 0 0 0 0 0 1 1 1 1 0 0 1 0 0 0 0 0 1 0 0 0 0 0 0 0 1
0 0 0 0 0 0 0 0 1 0 0 0 0 0 0 0 0 0 0 0 1 1 1 0 0 0 1 1 1 1 235 1 4 1 58 7 1 0 16 10 1 1 1 3 1 2 15 19 110 4 1 1 3 2 0 0 0 0 1 1 0 0 1 1 1 1 1 1 1 47 76 86 69 213 1 1 1 1 3 1 0 0 1 92 1 0 0 0 1 1 1 0 1 14 2 1 1 1 1 1 1 15 1 0 0 0 0 0 1 1 4 4 1 0 25 162 150 14 1 1 1 1 1 0 1 0 0 0 0 0 1 0 1 5 22 0 0 0 0 0 1 1 0 0 0 1 1 1 1 1 0 0 13 4 0 1 7 3 1 1 2 1 1 0 0 1 7 8 1 1 0 0 1 3 1 0 1 1 1 1 1 1 1 7 1 1 1 1 1 1 31 2 1 1 1 1 1 1 1 1 141 1 1 1 1 1 1 1 1 1 1 0 0 0 1 1 1 1 1 1 1 1 1 0 0 0 0 0 0 0 0 0 0 0 0 0 0 0 0 0 0 0 0 0 0 0 0 0 1 1 1 1 51 216 196 3 0 0 1 1 0 0 0 0 0 1 249 1 0 0 0 0 0 0 0 0 0 0 0 1 2 0 0 0 0 0 0 0 0 0 0 0 1 0 0 0 0 0 1 1 0 0 0 0 0 0 0 0 0 0 1 5 4 0 0 1 52 76 1 1 1 0 0 0 0 0 0 0 0 0 0 0 0 0 0 1 1 1 0 0 0 0 0 0 1 1 1 1 0 0 0 1 230 170 1 1 1 1 0 0 0 0 1 1 1 0 0 0 0 0 0 0 0 0 0 0 0 0 0 1 135 242 239 44 1 1 1 1 1 1 0 0 0 0 0 0 0 0 0 0 0 0 0 0 0 1 1 1 0 0 0 0 0 0 0 0 0 0 0 0 0 0 0 1 0 0 0 1 247 236 1 1 1 1 1 1 1 0 0 0 1 1 1 53 20 1 1 1 3 7 13 14 5 1 1 1 1 1 1 0 0 0 0 0 0 0 0 0 0 0 0 0 0 1 25 1 1 1 1 1 0 1 23 3 1 2 0 0 0 0 0 1 0 0 1 0 0 1 0 0 0 0 0 1 1 0 0 0 0 0 0 1
0 0 0 0 0 0 0 1 1 0 0 0 0 0 0 0 0 0 0 0 1 1 1 0 0 0 0 0 1 1 235 1 4 1 1 60 18 1 40 1 1 1 1 1 2 1 1 47 13 1 1 1 2 4 0 0 0 0 1 1 0 0 0 1 1 1 0 0 1 1 0 1 13 227 92 86 55 6 4 1 1 1 1 92 1 0 0 0 1 1 1 1 1 14 3 1 1 1 1 1 1 22 8 3 1 1 1 4 5 3 1 1 2 39 152 1 1 1 1 1 0 1 1 0 1 1 0 0 0 0 1 1 1 1 40 0 0 0 0 0 1 1 0 0 1 1 1 1 0 0 0 0 1 27 1 3 11 1 1 1 1 3 0 0 0 0 1 5 16 1 0 1 3 1 0 1 1 0 1 1 0 1 1 1 6 1 1 1 1 1 39 1 1 1 1 1 1 1 1 0 133 3 1 1 1 1 1 1 1 1 1 1 1 1 1 1 1 1 1 1 0 0 0 0 0 0 0 0 0 0 0 0 0 0 0 0 0 0 0 0 0 0 0 0 0 0 0 0 0 1 1 1 0 1 150 226 117 1 1 0 0 0 0 0 0 1 249 0 0 0 0 0 0 0 0 0 0 0 0 1 1 0 0 0 0 0 0 0 0 0 0 1 0 0 0 0 0 0 1 1 0 0 0 0 0 0 0 0 0 1 1 1 17 1 1 83 44 1 1 0 1 0 0 0 0 0 0 0 0 0 0 0 0 0 1 2 1 0 0 0 0 0 0 0 0 1 1 1 1 1 4 240 100 1 1 0 1 1 0 0 0 1 1 1 0 0 0 0 0 0 0 0 0 0 0 0 0 0 0 0 0 1 7 232 241 185 3 1 1 1 0 0 0 0 0 0 0 0 0 0 0 0 0 1 1 1 0 0 0 0 0 1 1 1 0 0 0 0 0 0 0 0 1 1 0 0 1 1 253 4 1 1 1 1 1 1 0 0 0 1 1 2 83 50 21 20 18 16 11 5 2 2 8 22 23 15 2 1 0 0 0 0 0 0 0 0 0 0 0 0 0 0 0 1 2 17 1 1 0 0 0 1 38 1 2 1 1 1 1 0 1 1 0 0 1 0 0 1 1 0 0 0 0 0 1 1 0 0 0 0 0 1
0 0 0 0 0 0 0 1 1 0 0 0 0 0 0 0 0 0 0 0 1 1 1 0 0 1 0 0 1 1 235 2 2 0 1 1 38 77 77 24 10 1 2 1 1 0 25 29 1 0 0 0 1 4 0 0 0 0 1 1 0 0 0 1 1 1 0 0 1 1 0 1 2 203 1 1 10 65 88 91 59 6 1 93 1 1 1 1 1 1 1 1 1 14 2 0 0 1 1 1 1 4 11 2 5 5 3 1 0 0 0 1 74 125 1 1 1 1 0 1 1 1 1 0 1 1 0 0 0 0 1 1 0 1 42 0 0 0 0 0 1 1 0 1 1 0 1 0 0 0 1 0 1 44 9 4 1 1 1 1 1 2 1 0 1 1 1 1 3 19 1 2 2 0 1 1 0 1 1 0 1 1 0 0 2 8 3 1 1 4 26 1 0 1 1 1 1 1 1 1 21 131 20 1 1 0 1 1 1 1 1 1 1 1 1 1 1 0 0 0 0 0 0 0 0 0 0 0 0 0 0 0 0 0 0 0 0 0 0 0 0 0 0 0 0 0 0 0 0 0 0 1 1 0 1 35 211 203 21 1 0 0 0 0 1 1 249 0 0 0 0 0 0 0 0 0 0 0 1 2 0 0 0 0 0 0 0 0 0 0 0 1 0 0 0 0 0 0 0 1 1 0 0 0 0 0 0 0 0 1 1 0 4 6 103 17 1 1 0 0 1 0 0 0 0 0 0 0 0 0 0 0 0 1 2 1 0 0 0 0 0 0 0 0 0 1 0 0 1 30 243 23 1 1 0 1 1 0 0 0 1 1 1 0 0 0 0 0 0 0 0 0 0 0 0 0 0 0 0 0 0 0 0 1 1 181 239 231 34 1 0 0 0 0 0 0 0 0 0 0 0 1 1 1 1 1 0 0 0 0 0 0 0 1 1 1 1 1 1 1 3 1 1 0 1 1 1 188 250 1 1 1 1 1 0 0 0 0 1 1 2 92 13 1 1 1 1 1 1 1 1 1 1 1 1 5 24 13 1 0 0 0 0 0 0 0 0 0 0 0 0 0 0 0 1 12 4 1 1 0 0 16 15 2 1 0 1 1 1 1 1 0 0 0 1 0 0 1 1 0 0 0 0 0 0 1 1 0 0 0 0 1
0 0 0 0 0 0 0 1 1 0 0 0 0 0 0 0 0 0 0 1 1 1 9 3 1 1 1 1 1 2 235 4 1 1 1 1 1 1 27 22 7 28 35 31 21 6 71 1 1 0 0 1 1 5 0 0 0 0 1 1 0 0 1 1 1 1 0 0 0 1 1 1 2 203 1 1 0 1 1 1 10 68 92 137 42 39 38 38 38 34 26 26 26 46 2 0 0 1 1 1 1 4 11 0 0 0 0 0 1 0 1 78 96 1 1 1 1 0 0 1 1 1 1 0 1 1 0 0 0 0 0 1 0 1 40 1 0 0 0 0 1 1 1 1 1 1 1 0 0 1 1 1 1 51 1 1 0 1 1 1 1 1 3 1 1 0 0 1 1 2 25 4 1 0 1 1 0 1 1 0 1 1 0 1 1 1 3 8 4 33 1 1 1 1 1 1 1 0 1 1 1 5 108 34 3 1 1 1 0 1 1 1 1 0 0 1 1 0 0 0 0 0 0 0 0 0 0 0 0 0 0 0 0 0 0 0 0 0 0 0 0 0 0 0 0 0 0 0 0 0 0 0 1 1 1 1 1 134 220 150 1 0 0 0 1 19 247 0 0 0 0 0 0 0 0 0 0 0 1 1 0 0 0 0 0 0 0 0 0 0 0 1 0 0 0 0 0 0 0 1 1 0 0 0 0 0 0 0 1 1 0 1 1 152 7 1 1 0 0 0 1 0 0 0 0 0 0 0 0 0 0 0 0 1 1 0 0 0 0 0 0 0 0 0 0 1 0 0 31 240 3 1 1 1 1 1 0 0 0 1 1 0 0 0 0 0 0 0 0 0 0 0 0 0 0 0 0 0 0 0 0 0 0 0 1 1 1 47 231 241 194 1 1 1 1 0 0 0 0 0 1 1 0 0 1 0 0 0 0 0 0 0 0 0 0 1 5 3 4 4 1 5 5 1 4 8 229 253 7 1 1 2 1 0 0 0 0 1 1 4 98 5 1 1 1 1 0 0 1 1 1 1 1 1 1 1 1 3 14 1 0 0 0 0 0 0 0 0 0 0 0 0 0 0 0 1 25 1 1 1 1 42 2 1 0 1 1 0 0 1 1 0 0 0 1 0 0 0 1 0 0 0 0 0 0 0 1 1 0 0 0 1
0 0 0 0 0 0 0 1 0 0 0 0 0 0 0 0 1 3 4 4 29 48 23 34 44 33 33 32 37 43 235 2 3 2 2 3 2 1 2 53 1 1 1 1 2 124 75 30 1 1 0 1 1 5 4 1 0 0 1 1 1 0 1 1 1 1 0 0 0 1 1 1 2 199 4 1 0 0 0 0 0 1 1 96 1 1 2 2 2 3 2 2 2 15 3 0 0 1 1 1 1 22 1 1 0 0 0 1 1 1 105 114 4 1 1 1 1 0 0 0 1 1 1 0 1 1 1 1 0 0 0 1 0 1 31 1 0 0 0 0 1 1 1 1 1 1 0 0 0 0 1 1 1 49 1 1 0 0 1 1 3 3 22 2 1 0 1 1 0 1 13 27 3 1 1 0 1 1 1 1 1 0 0 1 1 0 0 1 1 46 20 5 1 1 0 1 1 1 0 1 1 71 2 1 19 23 1 1 1 0 1 1 1 1 0 1 1 0 0 0 0 0 0 0 0 0 0 0 0 0 0 0 0 0 0 0 0 0 0 0 0 0 0 0 0 0 0 0 0 0 0 0 0 0 0 0 0 1 33 195 205 57 1 0 1 208 211 0 0 0 0 0 0 0 0 0 0 0 2 0 0 0 0 0 0 0 0 0 0 0 1 1 0 0 0 0 0 0 0 0 1 1 0 0 0 0 0 1 1 1 1 1 104 77 18 1 1 1 1 1 1 0 1 1 1 0 0 0 0 0 0 0 1 2 1 0 0 0 0 0 0 0 0 0 0 1 0 2 243 2 1 1 1 1 1 0 0 0 1 1 0 0 0 0 0 0 0 0 0 0 0 0 0 0 0 0 0 0 0 0 0 0 0 1 1 1 1 1 1 1 169 241 216 1 1 1 1 1 1 1 1 0 0 0 1 0 0 0 0 0 0 0 0 0 0 1 5 1 0 0 0 0 1 2 1 244 250 194 31 11 2 1 1 0 0 0 1 1 8 102 2 1 1 1 1 1 0 0 0 0 0 1 1 1 1 1 1 1 9 5 1 0 0 0 0 0 0 0 0 0 0 0 0 0 0 1 1 20 1 1 8 26 1 0 1 1 1 0 0 1 1 0 0 0 1 0 0 0 1 0 0 0 0 0 0 0 0 1 1 0 1 1
0 0 0 0 0 0 0 1 0 1 1 0 0 0 1 25 53 39 37 38 7 1 1 1 1 4 5 6 3 1 232 5 2 2 3 2 2 2 2 56 1 2 1 1 1 108 1 12 47 1 1 1 1 1 2 3 1 0 1 1 1 1 1 1 1 1 0 0 0 1 1 0 2 95 165 1 0 0 0 0 0 0 1 98 1 1 1 1 1 1 1 1 1 15 4 1 1 1 1 1 16 2 1 1 1 1 1 1 3 152 69 1 2 1 0 0 0 0 0 0 1 1 1 0 0 1 0 1 1 1 1 1 1 1 30 1 0 0 0 1 1 1 1 1 0 0 0 0 0 0 0 1 1 50 1 1 0 0 1 3 10 37 74 6 1 1 1 1 0 3 7 1 9 16 1 0 1 1 0 1 1 0 0 1 0 0 1 1 2 6 1 6 24 7 1 1 1 1 1 2 22 43 1 0 0 2 28 12 1 1 1 1 1 1 1 1 1 1 0 0 0 0 0 0 0 0 0 0 0 0 0 0 0 0 0 0 0 0 0 0 0 0 0 0 0 0 0 0 0 0 0 0 0 0 0 0 0 0 0 1 130 216 168 1 1 246 43 0 0 0 0 0 0 0 0 0 0 1 2 0 0 0 0 0 0 0 0 0 0 0 1 0 0 0 0 0 0 0 0 0 1 1 0 0 0 0 0 0 1 1 1 114 30 1 1 12 14 1 1 1 0 0 1 0 1 1 0 0 0 0 0 0 2 1 0 0 0 0 0 0 0 0 0 0 1 1 1 238 50 1 1 1 1 1 1 1 0 1 1 0 0 0 0 0 0 0 0 0 0 0 0 0 0 0 0 0 0 0 0 0 0 0 1 1 1 1 1 1 1 0 1 1 125 241 230 5 1 1 1 1 0 0 0 1 1 0 0 0 0 0 0 0 0 0 0 2 1 0 0 0 0 1 1 0 218 248 5 76 1 17 1 1 1 1 0 1 1 13 98 6 1 1 1 1 1 0 0 0 0 0 0 1 1 1 0 0 1 1 1 24 1 1 0 0 0 0 0 0 0 0 0 1 1 1 1 1 1 9 6 1 42 2 1 1 1 1 0 0 1 1 0 0 0 0 1 0 0 0 1 1 0 0 0 0 0 0 0 0 1 1 1 1
0 0 0 0 0 1 1 4 13 13 14 9 1 1 42 9 0 0 1 1 0 1 1 0 0 0 0 1 1 1 186 137 1 2 1 1 1 1 3 63 5 1 1 1 2 102 0 0 29 15 1 0 1 1 2 1 2 1 1 1 1 1 1 1 0 1 0 1 1 1 1 1 2 202 4 1 0 0 0 0 0 0 1 100 1 1 1 1 1 0 0 1 1 12 4 1 1 1 1 11 4 1 1 1 1 1 1 103 159 7 1 1 1 1 0 0 0 0 0 0 0 1 1 1 1 1 1 1 1 1 1 1 2 10 26 1 0 0 0 1 1 1 1 0 0 0 1 1 0 0 0 1 1 51 1 0 0 0 3 30 1 51 68 2 1 1 1 1 1 21 1 0 0 2 15 2 1 0 0 1 0 0 1 1 0 0 1 1 12 1 0 1 2 8 7 7 7 24 68 68 44 1 1 1 0 0 1 5 29 4 1 1 1 1 1 1 1 1 1 1 0 0 0 0 0 0 0 0 0 0 0 0 0 0 0 0 0 0 0 0 0 0 0 0 0 0 0 0 0 0 0 0 0 0 0 0 0 0 0 0 1 21 184 220 94 249 1 0 0 0 0 0 0 0 0 0 0 2 1 0 0 0 0 0 0 0 0 0 0 0 1 0 0 0 0 0 0 0 0 0 0 1 1 0 0 0 0 0 1 1 89 49 1 0 0 1 1 16 14 1 1 0 0 0 0 0 1 1 0 0 0 1 2 0 1 1 0 0 0 0 0 0 0 0 1 0 38 238 1 1 0 1 1 0 1 1 1 1 0 0 0 0 0 0 0 0 0 0 0 0 0 0 0 0 0 0 0 0 0 0 0 1 1 1 1 0 1 1 0 0 0 0 1 1 43 238 241 137 1 1 1 1 0 1 1 1 0 0 0 0 0 0 0 0 0 6 0 0 0 0 0 1 0 1 253 6 38 29 3 8 1 1 1 1 1 1 20 79 2 12 1 1 1 1 1 0 0 0 0 0 1 1 1 0 0 0 0 0 1 1 27 5 1 0 0 0 0 0 1 1 1 1 0 1 1 1 1 1 23 6 37 1 1 1 1 1 1 0 1 1 0 0 0 0 1 0 0 0 1 1 1 0 0 0 0 0 0 0 1 1 1 1
1 5 15 14 14 14 13 6 1 2 1 2 12 57 3 0 1 1 1 1 0 1 0 0 0 0 0 1 1 2 4 230 138 139 133 108 59 16 4 49 2 3 1 1 76 13 1 1 1 70 1 0 1 2 1 1 1 2 2 2 1 1 0 0 0 1 1 1 1 0 1 1 2 206 1 1 1 0 1 1 0 0 1 102 1 1 1 0 0 0 0 1 1 11 4 1 1 1 1 24 1 0 1 1 1 11 166 74 1 1 1 1 1 1 1 0 0 0 0 0 0 1 1 0 1 1 1 1 1 1 1 1 18 5 5 1 0 0 0 1 0 0 1 0 0 0 0 1 1 1 0 1 15 13 1 1 0 1 23 11 10 46 22 1 1 1 1 1 23 2 3 1 0 0 1 12 12 1 1 1 0 0 1 0 0 1 1 1 12 1 0 1 2 2 1 1 1 26 37 1 2 1 0 1 1 1 1 0 1 25 12 1 1 0 1 1 1 1 1 1 0 0 0 0 0 0 0 0 0 0 0 0 0 0 0 0 0 0 0 0 0 0 0 0 0 0 0 0 0 0 0 0 0 0 0 0 0 0 0 0 0 0 1 76 219 249 197 1 0 0 0 0 0 0 0 0 1 2 0 0 0 0 0 0 0 0 0 0 0 0 1 0 0 1 1 1 1 0 0 0 1 1 1 1 1 1 1 1 1 37 99 1 1 0 0 0 1 1 1 14 15 1 1 0 1 1 1 1 1 0 0 2 1 0 0 1 1 1 0 0 0 0 0 0 1 1 238 43 1 0 1 1 0 0 1 1 1 0 0 0 0 0 0 0 0 0 0 0 0 0 0 0 0 0 0 0 0 0 0 0 1 1 1 1 0 0 1 1 0 0 0 0 0 0 0 1 1 211 241 220 2 1 1 1 1 1 1 1 1 0 0 0 0 0 1 5 0 0 0 0 0 1 0 1 253 1 90 1 1 3 1 1 1 1 1 30 66 1 1 7 1 1 1 1 1 1 1 0 0 1 1 1 0 0 0 0 0 0 0 0 1 19 1 1 0 0 0 1 1 0 0 0 0 0 0 0 0 1 1 91 4 1 1 0 0 0 1 0 1 0 0 0 0 0 1 0 0 0 0 1 1 1 1 0 0 0 0 1 1 1 1 1
16 6 1 2 1 1 1 2 1 1 2 1 10 4 1 1 1 1 1 0 1 1 0 0 0 0 0 1 0 1 2 176 153 1 3 17 66 108 133 159 8 5 1 1 108 1 1 1 1 3 147 54 1 2 0 1 1 1 1 3 1 0 0 1 0 0 0 0 0 0 0 0 2 207 1 1 0 1 1 1 1 1 1 103 1 1 1 1 1 1 1 1 1 12 4 1 0 1 1 24 1 1 1 1 5 170 2 1 1 1 1 0 1 0 1 1 0 0 0 0 1 1 1 1 1 1 1 1 1 1 1 5 18 3 3 4 1 0 1 1 1 1 1 0 0 0 1 1 0 1 1 6 25 1 1 1 1 1 35 1 31 7 3 1 1 1 1 13 5 1 1 2 2 1 1 2 2 19 3 0 0 1 1 0 0 1 1 3 4 0 0 1 2 1 1 2 1 9 57 1 2 1 1 0 1 1 1 1 1 5 1 13 1 1 0 1 1 1 1 1 1 1 0 0 0 0 0 0 0 0 0 0 0 0 0 0 0 0 0 0 0 0 0 0 0 0 0 0 0 0 0 0 0 0 0 0 0 0 0 0 0 0 0 1 61 246 249 154 1 0 0 0 0 0 0 0 1 1 0 0 0 0 0 0 0 0 0 0 0 1 1 0 0 0 1 1 1 1 1 1 1 1 1 1 0 0 1 1 1 149 1 1 0 0 0 1 0 0 1 1 1 14 14 2 1 1 1 1 0 1 1 2 0 0 0 0 0 1 1 1 1 0 0 0 0 1 245 1 1 1 1 1 0 1 1 1 0 0 0 0 0 0 0 0 0 0 0 0 0 0 0 0 0 0 0 0 0 0 0 1 1 1 1 0 0 0 0 0 0 0 0 0 0 0 0 0 0 1 1 101 241 241 98 1 1 1 1 1 1 1 1 0 0 0 6 1 1 0 0 0 1 1 0 189 250 1 85 1 1 1 1 1 1 1 35 54 1 1 1 7 1 1 1 1 1 1 1 1 1 1 1 1 1 1 0 0 0 0 0 0 1 1 24 1 1 0 1 1 0 0 0 0 0 0 0 0 1 1 1 46 24 1 1 1 1 0 1 1 1 0 0 0 0 0 1 0 0 0 0 1 0 1 1 0 0 0 1 1 1 1 1 1
0 0 0 1 0 1 1 0 1 0 1 2 24 1 1 0 0 0 0 0 1 0 0 0 0 0 0 1 1 0 1 1 230 2 1 1 1 1 1 3 152 91 1 4 95 0 0 0 1 23 41 101 155 154 56 1 1 1 1 3 0 0 0 1 1 0 0 0 0 0 0 0 2 216 13 10 9 5 2 3 18 26 19 104 4 1 1 1 1 1 1 1 1 11 4 1 1 1 1 25 1 1 1 1 181 34 1 1 1 1 1 1 1 0 1 1 0 0 1 1 1 1 1 2 1 1 1 1 1 1 2 39 12 5 1 4 1 0 0 1 0 0 0 0 0 0 1 1 1 1 1 43 1 1 1 1 1 2 51 19 36 16 3 1 1 1 13 8 1 0 0 0 1 3 3 1 0 1 9 7 1 1 1 0 0 1 1 12 1 0 1 1 2 0 0 1 1 3 86 1 1 2 1 0 0 1 1 1 3 1 1 1 12 1 0 0 2 1 1 1 1 1 1 0 0 0 0 0 0 0 0 0 0 0 0 0 0 0 0 0 0 0 0 0 0 0 0 0 0 0 0 0 0 0 0 0 0 0 0 0 0 0 0 0 1 1 203 251 237 2 1 0 0 0 0 1 2 1 0 0 0 0 0 0 0 0 0 0 0 1 1 0 0 0 0 0 0 0 0 0 0 0 0 1 1 1 1 1 129 29 7 1 1 0 1 1 0 0 0 1 1 1 1 7 14 3 1 1 1 1 1 2 0 0 0 0 0 0 1 1 1 1 1 1 1 1 245 1 1 1 1 1 1 1 1 0 0 0 0 0 0 0 0 0 0 0 0 0 0 0 0 0 0 0 0 0 0 0 1 1 1 1 0 0 0 0 0 0 0 0 0 0 0 0 0 0 0 0 0 1 1 2 223 241 241 118 1 1 1 1 1 1 1 1 7 0 1 0 0 0 1 0 1 250 160 47 16 1 1 1 1 1 1 41 44 1 1 1 2 6 1 1 0 0 1 1 1 1 2 2 1 0 0 1 1 0 0 0 0 0 0 0 3 13 1 1 1 0 0 0 0 0 0 0 0 1 1 1 21 1 31 4 1 1 0 0 1 1 1 1 1 1 1 0 1 0 0 0 0 1 1 1 1 0 0 1 1 1 1 1 1 1
0 0 1 1 0 1 1 0 1 0 0 11 8 0 0 0 0 0 0 1 1 0 0 0 0 0 0 1 1 1 1 1 126 194 1 1 1 1 1 1 6 109 171 119 6 1 0 1 1 82 1 1 1 1 96 152 149 40 1 3 1 1 1 1 1 1 0 0 0 0 0 0 1 217 1 1 1 2 11 15 1 1 2 56 11 1 1 1 1 1 5 53 153 204 207 203 203 202 202 200 145 10 64 184 46 10 35 5 1 1 1 1 1 1 0 1 1 1 1 1 2 2 1 1 1 1 1 1 1 2 4 71 4 7 8 1 1 0 0 1 1 0 0 0 0 1 1 0 1 1 4 37 1 1 1 1 1 11 13 2 1 8 2 1 1 10 8 2 1 0 0 0 0 1 1 0 0 1 1 2 13 3 0 0 1 1 1 12 1 0 1 1 2 0 0 1 0 1 96 1 1 2 0 0 1 1 1 3 1 1 1 1 3 7 1 2 1 1 1 1 0 1 1 1 1 0 0 1 1 1 0 0 0 0 0 0 0 0 0 0 0 0 0 0 0 0 0 0 0 0 0 0 0 0 0 0 0 0 0 0 0 0 0 0 1 0 1 15 241 251 145 1 0 0 0 1 1 0 0 0 0 0 0 0 0 0 0 0 0 0 1 0 0 0 0 0 0 0 0 0 0 1 1 1 1 1 1 6 140 1 1 5 7 2 1 0 0 0 0 1 1 1 1 1 1 6 14 3 1 1 3 1 1 0 0 0 0 0 0 0 1 1 0 0 0 136 224 0 1 1 1 1 1 0 0 0 0 0 0 0 0 0 0 0 0 0 0 0 0 0 0 0 0 0 0 0 0 0 1 1 1 0 0 0 0 0 0 0 0 0 0 0 0 0 0 0 0 0 0 0 0 1 1 1 1 218 241 223 2 1 1 1 1 3 2 1 1 0 0 0 1 1 1 253 3 89 1 0 1 0 1 1 52 36 1 1 1 1 2 5 1 1 0 0 0 0 0 1 1 1 1 1 1 1 1 0 0 0 0 0 0 1 1 21 2 1 0 0 0 0 0 0 1 1 1 1 1 2 49 92 139 171 3 1 1 1 1 1 1 1 1 1 1 1 1 0 0 1 1 1 1 1 1 1 0 1 1 1 1 1 1 1
0 0 1 1 1 1 1 1 1 1 1 52 9 0 0 0 0 0 0 0 0 0 0 0 0 0 0 1 1 1 0 1 1 225 18 1 1 1 2 6 1 1 22 170 87 85 85 86 85 70 1 0 1 0 0 1 2 107 152 155 42 1 1 1 1 1 1 1 1 0 0 0 1 217 2 1 1 1 1 12 2 5 33 137 171 211 223 226 226 228 201 178 101 7 2 1 2 2 2 4 59 173 140 1 1 1 1 18 35 39 37 6 1 1 1 1 1 1 2 1 1 1 1 1 1 1 0 1 2 1 59 2 1 1 5 10 1 0 0 0 1 0 0 0 0 1 1 1 1 3 1 35 1 8 3 1 1 21 1 10 1 1 2 1 5 11 1 3 1 0 0 0 0 1 1 0 1 1 0 0 1 8 6 1 1 1 5 3 0 0 1 1 2 1 0 1 0 1 99 1 1 3 1 1 1 3 2 1 1 1 1 1 1 7 7 1 1 0 1 1 0 0 0 1 1 1 1 1 0 1 0 0 0 0 0 0 0 0 0 0 0 0 0 0 0 0 0 0 0 0 0 0 0 0 0 0 0 0 0 0 0 0 0 1 1 0 0 1 1 168 251 240 2 1 1 1 0 0 0 0 0 0 0 0 0 0 0 0 0 0 0 0 0 0 0 0 0 0 0 0 0 1 0 0 1 1 1 151 2 1 1 0 1 3 7 4 1 0 1 1 1 0 1 1 1 1 1 6 13 10 98 89 19 1 1 1 0 0 0 0 0 1 0 0 1 241 15 1 1 1 1 1 0 0 0 0 0 0 0 0 0 0 0 0 0 0 0 0 0 0 0 0 0 0 0 0 0 1 1 1 1 0 0 0 0 0 0 0 0 0 0 0 0 0 0 0 0 0 0 0 0 0 1 1 1 1 1 88 241 241 108 1 0 7 1 1 1 1 1 1 1 1 1 253 2 76 0 0 0 1 1 31 40 1 1 1 1 1 3 4 1 1 0 0 0 0 1 1 1 1 1 1 1 1 1 1 0 0 0 0 1 1 1 1 17 7 1 1 1 1 1 1 1 1 10 114 173 180 139 48 9 35 169 1 1 1 0 0 1 1 1 1 1 1 1 1 1 1 1 1 1 1 1 1 1 1 1 1 1 1 0 1
0 0 1 1 1 4 4 3 7 9 36 5 19 1 0 0 0 0 0 0 0 0 0 0 0 1 1 1 1 1 1 1 0 84 211 1 2 6 5 1 0 1 58 64 24 1 1 1 1 1 0 0 1 1 0 0 0 0 1 3 196 222 217 136 13 1 1 1 1 1 1 1 1 215 4 1 92 215 227 231 231 229 220 199 136 36 3 1 1 75 1 1 1 0 0 1 1 1 1 1 1 1 1 1 1 0 1 1 1 1 1 16 36 5 1 1 2 1 1 1 0 0 1 1 1 1 1 1 1 34 12 1 1 1 1 13 2 0 0 0 0 0 0 0 0 0 0 1 1 4 1 29 35 4 5 11 22 1 1 27 5 1 2 3 15 1 1 2 2 1 0 0 0 1 0 0 1 1 0 1 1 1 2 11 2 1 13 1 1 1 2 1 2 1 1 1 1 1 104 1 1 1 1 1 1 1 1 0 1 1 1 1 1 1 12 1 1 1 1 1 0 0 0 0 0 1 1 1 1 1 0 0 0 0 0 0 0 0 0 0 0 0 0 0 0 0 0 0 0 0 0 0 0 0 0 0 0 0 0 0 0 0 1 1 0 0 0 0 0 1 2 240 252 156 1 0 0 0 0 0 0 0 0 0 0 0 0 0 0 0 0 0 0 0 0 0 0 0 0 0 0 1 1 1 1 1 11 134 1 0 0 0 0 1 1 1 5 5 2 1 1 0 0 0 0 0 1 1 1 94 1 1 43 90 79 6 1 1 1 0 0 1 0 0 1 245 1 1 0 1 1 0 0 0 0 0 0 0 0 0 0 0 0 0 0 0 0 0 0 0 0 0 0 0 0 0 1 1 1 1 0 0 0 0 0 0 0 0 0 0 0 0 0 0 0 0 0 0 0 0 0 0 0 0 1 1 1 1 1 1 220 241 220 9 1 1 1 1 1 1 1 1 209 248 59 4 1 1 1 1 30 6 3 9 1 1 1 1 5 3 1 1 1 1 0 1 1 1 1 1 1 1 1 1 1 1 1 1 1 1 1 1 1 1 1 8 6 1 1 1 5 107 174 181 167 71 4 2 1 1 1 1 104 102 1 1 1 1 1 0 1 1 1 1 1 1 1 1 1 1 0 1 1 1 1 1 0 1 1 1 1 1
0 0 1 0 1 1 0 0 0 1 18 1 5 9 0 0 0 0 0 0 0 0 0 0 1 1 1 1 1 1 0 1 9 32 228 5 3 1 1 1 1 45 6 12 69 14 0 0 0 0 0 0 0 1 0 0 0 0 1 1 153 1 9 161 214 221 222 221 219 200 119 6 1 212 15 229 224 42 3 1 1 1 1 1 1 1 1 1 1 75 1 1 1 1 1 1 1 1 1 1 0 0 0 1 1 1 1 1 1 1 1 1 1 21 45 8 1 1 1 1 1 1 1 1 1 2 1 1 10 44 1 1 1 1 1 4 10 0 0 0 0 0 0 0 0 0 0 1 2 1 1 59 14 52 4 10 18 13 1 10 1 1 5 19 1 1 1 1 2 1 0 0 1 1 0 1 1 1 1 1 1 0 0 1 7 8 36 7 7 6 3 4 7 5 2 1 1 2 108 1 1 1 0 0 1 1 1 1 1 1 1 1 1 1 1 17 1 1 1 0 0 0 0 0 1 1 1 1 1 1 1 0 0 0 0 0 0 0 0 0 0 0 0 0 0 0 0 0 0 0 0 0 0 0 0 0 0 0 0 0 0 1 1 0 0 0 0 0 0 0 0 1 135 251 244 4 1 0 0 0 0 0 0 0 0 0 0 0 0 0 0 0 0 0 0 0 0 0 0 0 0 0 1 1 1 1 150 2 1 0 0 0 1 1 1 1 0 1 4 4 2 1 1 0 0 1 1 1 1 83 1 1 1 1 2 65 91 90 51 1 1 1 1 1 5 236 146 1 1 0 1 1 0 0 0 0 0 0 0 0 0 0 0 0 0 0 0 0 0 0 0 0 0 0 0 1 1 1 1 0 0 0 0 0 0 0 0 0 0 0 0 0 0 0 0 0 0 0 0 0 0 0 0 0 0 0 1 1 1 1 1 1 104 238 237 86 1 1 1 1 1 1 253 134 78 1 1 1 1 32 4 1 1 13 2 1 1 1 6 2 1 0 0 1 1 1 1 1 0 1 0 1 1 1 1 1 1 1 1 1 1 1 1 1 1 1 37 99 179 185 175 82 4 1 1 1 1 1 1 1 1 1 1 174 12 1 1 1 1 1 1 0 0 1 1 1 1 1 1 1 0 0 1 1 1 1 1 1 1 1 1 1
0 1 1 1 1 1 0 0 0 9 5 3 1 24 1 0 0 0 0 0 1 1 27 66 74 77 77 79 43 43 43 44 24 1 221 7 1 0 0 1 1 62 7 32 42 101 5 1 1 0 0 0 0 1 1 0 0 0 0 31 114 1 1 1 1 1 1 1 2 64 180 195 168 234 221 222 1 1 1 1 0 1 1 1 1 1 1 1 1 75 1 0 1 1 1 1 1 1 0 1 1 0 0 0 0 0 0 1 1 1 1 1 1 1 1 26 51 50 31 2 1 8 51 52 52 48 2 2 78 1 1 1 1 1 1 2 14 1 0 0 0 0 0 0 0 0 0 1 1 1 1 75 1 2 48 35 1 7 2 10 1 1 29 1 0 1 1 1 1 3 1 0 0 0 0 1 1 1 1 0 0 0 0 0 1 1 13 1 1 1 1 1 1 1 5 2 2 1 113 1 1 1 1 1 1 1 1 1 0 0 1 1 1 1 2 5 29 1 0 0 0 0 1 1 1 1 1 1 1 1 1 1 1 0 0 0 0 0 0 0 0 0 0 0 0 0 0 0 0 0 0 0 0 0 0 0 0 0 0 0 1 1 0 0 0 0 0 0 0 0 0 0 1 1 235 252 175 1 1 0 0 0 0 0 0 0 0 0 0 0 0 0 0 0 0 0 0 0 0 0 0 0 1 2 1 21 123 1 1 0 0 0 1 1 1 1 1 1 1 1 1 3 2 1 1 1 1 1 41 33 2 1 1 1 1 0 1 1 13 83 91 59 1 3 198 5 56 192 34 1 1 1 0 0 0 0 0 0 0 0 0 0 0 0 0 0 0 0 0 0 0 0 0 0 1 1 1 1 0 0 0 0 0 0 0 0 0 0 0 0 0 0 0 0 0 0 0 0 0 0 0 0 0 0 0 0 0 0 1 1 1 1 1 1 3 219 238 207 2 1 1 1 253 14 169 42 1 1 37 3 1 1 1 1 16 1 1 1 7 1 1 1 0 1 1 1 1 0 0 1 0 0 0 0 1 1 1 1 1 1 2 1 2 78 182 191 189 150 8 1 1 1 1 1 1 1 1 1 1 1 1 1 1 6 180 1 1 1 1 1 1 1 1 1 1 1 1 1 1 1 0 0 1 1 1 0 1 0 1 1 1 1
1 1 1 1 1 0 0 0 1 41 9 6 12 62 55 47 17 1 1 11 64 59 14 1 1 1 1 15 1 1 1 1 1 1 197 76 1 0 0 0 4 43 31 1 1 4 64 81 33 1 1 0 0 0 1 0 1 1 1 150 2 1 1 1 1 1 1 1 1 2 102 4 70 220 244 4 1 0 0 1 0 0 0 0 1 1 0 0 1 78 1 1 1 0 0 1 1 1 1 1 0 0 0 0 0 0 0 0 0 0 0 1 1 1 1 2 3 1 6 46 48 27 1 1 23 60 115 162 150 35 1 1 1 1 1 1 10 3 0 0 0 0 0 0 0 0 1 2 1 1 57 8 1 1 1 12 3 12 17 2 1 8 8 1 1 1 3 1 1 4 1 0 0 0 0 1 0 0 0 0 0 0 0 0 1 8 4 0 0 1 0 0 1 1 2 1 1 1 112 1 1 1 0 1 1 0 1 1 0 1 1 1 2 1 1 1 35 1 0 0 1 1 46 77 81 79 79 20 1 1 1 1 1 1 0 0 0 0 0 0 0 0 0 0 0 0 0 0 0 0 0 0 0 0 0 0 0 0 0 0 1 0 0 0 0 0 0 0 0 0 0 0 0 0 1 122 251 247 10 1 1 0 0 0 0 0 0 0 0 0 0 0 0 0 0 0 0 0 0 0 0 0 0 3 27 114 14 1 0 0 0 1 1 1 0 1 0 1 1 0 0 1 1 3 3 1 1 1 83 1 4 1 1 1 1 1 1 1 1 0 1 8 117 202 6 1 1 1 162 148 1 1 0 0 0 0 0 0 0 0 0 0 0 0 0 0 0 0 0 0 0 0 0 1 1 1 1 0 0 0 0 0 0 0 0 0 0 0 0 0 0 0 0 0 0 0 0 0 0 0 0 0 0 0 0 0 0 0 0 0 0 1 1 1 1 1 1 127 235 227 74 2 253 94 2 67 136 175 27 1 1 1 1 1 7 6 1 1 7 1 1 1 1 1 1 1 0 0 0 1 0 0 0 1 1 1 1 1 3 70 178 194 188 125 5 1 1 3 21 25 28 10 1 1 1 1 1 0 1 1 1 1 1 1 80 124 1 1 1 1 1 1 1 1 0 1 1 1 1 1 1 0 1 1 0 1 1 1 1 1 1 1
4 4 4 4 3 1 1 1 23 13 1 0 0 1 1 3 19 58 64 32 1 0 0 0 1 1 1 9 2 0 0 1 1 1 200 73 1 0 0 0 54 1 34 16 9 1 1 1 23 76 73 8 1 1 1 1 1 1 1 157 1 1 1 1 1 1 1 1 0 1 97 1 1 13 250 1 0 0 0 0 0 0 0 0 1 1 0 0 1 14 53 1 1 1 1 1 1 1 1 1 1 1 1 1 1 1 1 1 1 1 1 1 1 1 1 1 4 1 1 2 2 13 47 44 7 1 67 50 9 114 152 83 2 1 1 1 4 9 1 0 0 0 0 0 0 0 1 1 1 58 11 1 0 0 1 1 8 48 6 1 1 27 1 3 2 2 1 2 1 1 5 1 1 1 0 0 0 0 0 0 0 0 0 2 5 1 1 0 0 1 1 1 1 1 2 2 1 1 113 1 1 1 0 0 1 0 1 1 1 1 1 1 1 1 1 1 28 1 1 1 11 78 13 2 1 1 1 36 67 3 1 1 1 1 1 1 0 0 0 0 0 0 0 0 0 0 0 0 0 0 0 0 0 0 0 0 0 0 0 1 1 0 0 0 0 0 0 0 0 0 0 0 0 0 0 1 2 227 252 194 1 1 1 0 0 0 0 0 0 0 0 0 0 0 0 1 0 0 0 0 0 0 1 53 89 1 14 1 0 0 0 1 1 1 1 0 1 1 1 1 0 0 0 1 1 3 2 77 2 0 1 5 1 1 0 1 1 1 1 1 1 25 135 1 1 1 1 1 1 54 186 66 1 1 0 0 0 0 0 0 0 0 0 0 0 0 0 0 0 0 0 0 1 1 1 1 0 0 0 0 0 0 0 0 0 0 0 0 0 0 0 0 0 0 0 0 0 0 0 0 0 0 0 0 0 0 0 0 0 0 0 0 0 0 1 1 1 1 1 49 215 251 249 100 1 1 57 18 98 140 83 1 1 1 1 16 3 6 15 7 1 1 1 1 1 1 1 1 1 1 1 1 1 1 4 51 156 185 182 128 7 2 1 1 1 1 1 1 1 1 1 7 26 21 1 1 1 1 1 1 1 1 1 1 1 164 28 1 1 1 1 1 1 1 1 1 1 1 1 1 1 1 1 1 0 0 1 1 1 1 1 1
1 0 0 1 1 2 3 20 16 4 0 0 0 0 1 1 0 0 0 0 0 0 0 0 0 0 0 1 14 1 1 0 1 1 216 12 1 0 0 1 60 1 30 1 2 14 14 3 1 1 2 57 81 47 2 1 1 1 88 73 1 2 1 1 1 1 1 1 1 1 93 2 1 3 251 1 0 0 0 0 0 0 0 0 0 1 0 0 0 1 9 69 2 1 1 1 1 1 1 1 1 1 0 0 0 0 0 0 0 0 0 0 0 1 1 1 1 7 53 61 56 15 1 1 1 17 71 5 1 1 1 78 153 73 1 1 2 14 1 1 1 0 0 0 0 1 2 2 68 5 1 0 0 0 0 1 1 3 13 14 23 8 2 1 1 0 0 0 0 1 2 4 3 1 1 1 0 0 0 0 0 1 3 4 1 1 1 1 1 1 1 1 1 0 0 1 2 1 108 2 1 1 0 0 1 0 1 0 0 1 1 1 1 0 0 1 2 25 1 34 50 1 1 1 1 1 1 1 3 69 30 1 1 0 1 1 1 1 0 0 0 0 0 0 0 0 0 0 0 0 0 0 0 0 0 0 0 0 1 1 0 0 0 0 0 0 0 0 0 0 0 0 0 0 1 1 1 2 86 250 249 26 1 0 0 0 0 0 0 0 0 0 0 0 0 1 0 0 0 1 1 1 81 44 1 1 11 1 0 0 1 1 0 1 1 0 1 1 1 1 1 0 1 1 0 1 11 49 0 0 0 1 5 1 0 1 1 1 1 1 42 114 1 1 1 1 1 1 1 1 1 126 169 3 1 0 0 0 0 0 0 0 0 0 0 0 0 0 0 0 0 1 1 1 1 0 0 0 0 0 0 0 0 0 0 0 0 0 0 0 0 0 0 0 0 0 0 0 0 0 0 0 0 0 0 0 0 0 0 0 0 0 0 0 0 1 1 1 1 1 7 253 223 96 1 1 87 1 1 1 41 143 136 14 1 65 197 198 203 215 180 5 1 1 1 1 1 1 1 1 3 31 143 179 179 142 29 2 1 1 1 1 1 1 1 1 1 1 1 1 1 1 1 2 25 10 1 1 1 1 1 1 1 1 1 2 185 1 1 1 1 1 1 1 1 1 1 1 1 1 1 1 1 1 0 1 1 1 1 1 1 1
2 1 0 0 0 1 9 3 9 2 0 0 1 1 1 0 0 0 0 0 0 0 0 0 0 0 0 0 3 8 1 0 1 1 219 5 1 0 1 28 13 12 6 1 0 1 1 7 15 10 1 1 1 25 134 128 26 1 157 1 1 1 1 1 1 1 0 0 0 0 3 89 1 3 250 3 0 1 1 1 1 1 0 0 0 1 0 0 0 1 1 2 66 3 1 1 1 1 1 1 0 0 0 1 1 1 1 1 1 1 1 1 1 1 1 1 1 66 7 1 1 3 1 1 2 105 1 5 1 1 1 1 1 89 152 72 6 25 1 1 1 1 1 0 0 1 3 86 10 2 1 1 0 0 0 0 0 1 1 1 13 3 2 1 1 1 0 0 0 1 1 1 1 4 3 1 1 0 0 0 1 5 2 1 1 1 1 0 0 0 0 0 0 0 1 1 2 0 85 9 1 1 0 0 0 0 1 1 1 1 1 0 0 0 1 1 1 44 80 24 1 1 1 1 1 1 1 1 1 14 49 76 10 1 1 1 1 1 1 1 0 0 0 0 0 0 0 0 0 0 0 0 0 0 0 0 0 0 1 0 0 0 0 0 0 0 0 0 0 0 0 0 1 1 1 0 0 1 2 1 217 253 210 1 1 0 0 0 0 0 0 0 0 0 0 1 1 0 0 1 1 102 18 1 1 0 8 1 1 0 1 0 0 1 1 1 1 0 0 0 1 1 1 0 0 1 76 1 0 0 0 1 1 4 1 0 1 1 1 24 116 1 1 1 1 1 1 1 1 1 1 1 9 179 81 1 0 0 0 0 0 0 0 0 0 0 0 0 0 0 1 1 1 1 0 0 0 0 0 0 0 0 0 0 0 0 0 0 0 0 0 0 0 0 0 0 0 0 0 0 0 0 0 0 0 0 0 0 0 0 0 0 0 0 0 1 1 1 1 1 1 253 182 5 1 2 82 33 1 1 1 1 2 114 174 124 1 1 1 1 87 199 3 1 1 1 2 22 134 177 179 152 53 3 1 1 1 1 1 1 1 1 1 1 1 1 1 1 1 1 1 1 1 1 1 10 29 3 1 1 1 1 1 1 1 1 52 147 1 1 1 1 1 1 1 1 1 1 1 1 1 1 1 1 1 1 1 1 1 1 1 1
83 79 10 1 1 7 4 0 16 1 0 1 1 0 0 0 0 0 0 0 0 0 0 0 0 0 0 0 1 6 24 4 4 4 222 5 1 0 13 29 1 31 1 1 0 0 1 1 1 2 12 14 5 43 2 2 92 134 129 1 1 1 0 0 1 1 1 0 0 0 1 62 16 1 169 239 2 1 1 1 1 34 3 1 0 1 0 0 0 0 0 1 2 60 40 1 1 1 1 1 1 1 1 1 1 1 1 1 1 1 1 6 61 71 56 28 56 56 1 1 1 1 3 1 83 12 1 4 3 1 2 3 5 16 57 170 215 219 18 1 1 1 1 1 1 2 60 14 1 2 3 1 1 1 0 0 0 0 1 16 98 78 3 1 1 1 1 0 1 1 1 1 0 1 2 4 2 1 1 1 5 2 1 1 1 1 0 0 0 0 0 0 0 0 1 0 2 1 52 39 1 1 1 1 1 1 1 0 0 0 1 1 1 1 14 59 63 41 2 1 1 0 0 0 1 1 1 1 2 7 14 2 48 65 1 1 1 1 1 1 1 1 0 0 0 0 0 0 0 0 0 0 0 0 0 0 0 1 0 0 0 0 0 0 0 0 0 0 0 0 0 0 1 0 0 0 0 0 1 2 1 52 249 249 55 1 1 0 0 0 0 0 0 0 0 0 1 0 1 5 109 4 1 1 0 1 6 2 1 1 1 1 1 1 1 1 1 1 0 0 0 1 1 1 1 5 56 1 1 0 1 1 0 1 3 1 0 1 4 90 38 1 1 1 1 1 1 1 1 1 1 0 1 1 127 79 0 0 0 0 0 0 0 0 0 0 0 0 0 1 1 1 1 0 0 0 0 0 0 0 0 0 0 0 0 0 0 0 0 0 0 0 0 0 0 0 0 0 0 0 0 0 0 0 0 0 0 0 0 0 0 0 0 0 0 0 1 1 1 1 1 254 6 1 1 6 7 12 67 67 7 1 1 1 103 1 1 1 1 1 1 147 150 7 109 175 182 159 58 4 1 1 1 1 1 1 1 1 1 1 1 1 1 1 1 1 1 1 1 1 1 1 1 1 1 1 1 19 8 1 1 1 1 1 1 1 1 147 49 1 1 1 1 1 1 1 1 1 1 1 1 1 1 1 1 1 1 1 1 1 18 30
1 3 57 22 7 4 0 1 17 1 0 1 0 0 0 0 0 0 0 1 1 1 1 0 0 0 0 0 0 1 13 1 0 1 221 8 1 1 64 1 1 31 1 1 0 0 0 0 1 1 1 1 5 95 21 2 1 15 6 1 1 1 1 1 0 0 1 1 1 0 0 1 99 1 3 253 118 117 117 121 118 64 127 6 0 1 0 0 0 0 0 0 1 1 49 36 15 2 1 1 1 1 1 1 1 1 1 1 1 1 6 66 5 2 6 25 6 2 4 1 2 4 15 68 145 103 120 127 139 118 114 110 102 83 49 14 4 33 219 177 2 1 1 1 1 2 81 4 1 1 1 2 3 1 1 1 1 1 4 84 104 105 6 1 1 1 1 1 1 1 1 1 0 0 1 1 3 5 2 3 3 1 1 1 1 0 0 0 0 0 0 0 0 0 1 1 1 2 35 79 1 1 1 1 1 0 1 1 1 1 1 16 61 63 27 1 1 1 2 0 0 0 0 0 0 1 1 2 1 2 27 1 1 9 69 19 1 1 1 1 1 1 1 1 0 0 0 0 0 0 0 0 0 0 0 0 1 1 0 0 0 0 0 0 0 0 0 0 0 0 0 1 1 0 0 0 0 0 0 1 1 2 1 204 252 221 1 1 0 0 0 0 0 0 0 0 0 1 20 98 1 1 1 0 0 4 1 2 1 1 0 0 1 1 1 0 1 1 1 1 1 1 1 1 1 71 1 1 1 1 1 0 0 0 1 3 1 1 97 1 2 33 1 1 0 0 1 1 1 0 1 0 1 1 1 187 1 0 0 0 0 0 0 0 0 0 0 0 1 1 1 1 1 0 0 0 0 0 0 0 0 0 0 0 0 0 0 0 0 0 0 0 0 0 0 0 0 0 0 0 0 0 0 0 0 0 0 0 0 0 0 0 0 0 0 0 1 1 1 1 1 254 1 1 1 3 15 1 1 1 48 77 41 65 15 1 1 1 1 1 1 1 226 217 87 5 1 1 1 1 1 1 1 1 1 1 1 1 1 1 1 1 1 1 1 1 1 0 0 0 0 1 1 1 1 1 1 1 10 18 1 1 1 1 1 1 1 1 187 1 1 1 1 1 1 1 1 1 1 1 1 1 1 1 1 1 1 11 33 70 84 83
1 1 2 96 4 1 1 1 17 1 0 1 0 0 0 0 1 1 1 1 1 1 1 1 1 1 1 1 1 1 15 1 1 1 221 5 1 29 12 1 10 8 1 1 0 0 0 0 0 1 1 1 39 10 1 16 23 41 1 1 1 1 1 1 1 1 1 1 1 1 0 1 19 64 2 244 72 26 29 8 1 1 95 7 1 1 0 0 1 1 1 1 0 1 64 1 3 29 88 55 9 12 44 71 84 87 85 84 80 82 83 12 4 10 38 94 143 162 168 164 162 156 152 185 74 18 4 2 4 11 1 1 1 1 1 1 1 1 1 130 227 85 1 1 2 1 42 27 1 1 1 1 1 2 2 2 1 2 24 110 71 40 1 1 1 1 0 1 1 1 0 1 1 0 0 0 1 1 11 8 1 1 1 1 0 0 0 0 0 0 0 0 0 0 0 0 1 0 2 129 3 1 1 1 1 1 1 1 16 62 64 25 1 1 1 0 0 0 2 1 0 0 0 1 1 2 1 1 1 11 10 1 1 1 4 27 67 5 1 1 0 1 1 1 1 1 0 0 0 0 0 0 0 0 0 1 1 0 0 0 0 0 0 0 0 0 0 0 0 0 0 1 0 0 0 0 0 0 0 0 0 2 1 1 31 249 250 96 1 0 0 0 0 0 0 0 1 20 84 1 1 0 0 0 0 1 5 1 2 1 0 0 0 1 1 1 1 1 1 1 1 1 0 1 16 29 0 0 1 1 1 1 1 1 0 1 3 80 9 1 1 5 20 1 0 1 1 1 1 1 1 1 1 1 1 181 2 0 0 0 0 0 0 0 0 0 0 1 1 1 1 1 0 0 0 0 0 0 0 0 0 0 0 0 0 0 0 0 0 0 0 0 0 0 0 0 0 0 0 0 0 0 0 0 0 0 0 0 0 0 0 0 0 0 0 0 1 1 0 1 1 254 1 1 1 1 22 1 1 1 1 1 13 184 1 1 1 1 1 0 1 1 2 191 221 189 4 1 1 2 75 130 56 131 140 6 1 1 1 1 1 1 1 1 1 1 1 1 0 0 0 0 1 1 1 1 1 1 1 3 26 15 14 23 21 8 2 1 23 190 52 2 1 1 1 1 1 1 1 1 1 2 1 1 9 25 48 86 83 46 4 1
1 1 5 131 13 1 1 9 3 1 1 1 0 0 1 1 1 1 1 1 0 0 0 0 1 1 1 1 1 1 28 23 22 24 232 9 6 70 1 1 30 1 1 1 0 0 0 0 0 0 0 1 69 1 1 0 1 3 1 1 1 1 0 1 1 2 1 1 1 1 1 1 12 90 1 36 248 44 5 37 6 1 115 1 1 1 1 1 1 0 0 1 1 2 82 20 20 28 3 12 61 57 23 8 7 17 61 134 174 183 186 179 163 155 134 90 23 4 2 1 1 1 32 18 2 2 1 1 1 2 10 1 1 1 1 1 1 1 1 1 3 199 198 8 2 1 11 63 1 1 1 1 1 1 1 1 6 47 75 113 74 3 1 1 1 1 1 1 1 1 1 1 1 1 1 1 1 4 33 3 2 3 1 1 0 0 0 0 0 0 0 0 0 0 0 0 1 0 1 30 118 110 21 1 1 20 61 62 25 1 1 1 1 0 0 0 0 0 2 1 0 0 1 1 1 1 0 0 1 32 1 0 1 1 2 2 1 47 55 2 1 1 0 1 1 1 1 0 0 0 0 0 0 0 1 1 0 0 0 0 0 0 0 0 0 0 0 0 0 0 0 1 0 0 0 0 0 0 0 0 0 1 3 1 1 1 189 252 231 1 1 0 0 0 0 0 1 113 1 1 0 0 0 0 0 1 3 2 2 1 1 1 1 1 0 1 1 1 1 1 2 1 1 3 57 1 0 0 0 0 1 1 1 1 1 1 5 76 1 1 1 1 16 7 1 1 1 0 1 1 1 1 1 1 1 181 2 0 0 0 0 0 1 1 0 0 1 1 1 1 1 0 0 0 0 0 0 0 0 0 0 0 0 0 0 0 0 0 0 0 0 0 0 0 0 0 0 0 0 0 0 0 0 0 0 0 0 0 0 0 0 0 0 0 0 0 1 0 1 1 1 254 1 1 0 1 25 1 1 1 1 1 1 159 12 1 1 1 1 1 1 1 1 1 1 88 220 220 208 248 247 244 247 244 244 248 233 36 2 1 1 1 1 1 1 1 1 1 1 1 1 1 1 1 1 1 1 1 1 1 1 4 5 2 2 10 18 25 103 248 252 253 248 3 1 1 1 1 1 1 5 10 20 61 68 76 61 7 1 1 1 1
1 3 40 46 109 5 1 18 1 1 1 1 1 1 1 1 1 1 1 0 0 0 0 0 0 0 0 0 0 1 9 1 1 1 228 1 1 56 1 1 31 1 1 1 0 0 0 0 0 0 0 5 51 1 0 0 3 1 1 1 1 1 1 1 0 0 1 1 1 1 1 1 37 88 159 7 249 49 2 1 36 12 93 1 1 1 1 1 1 1 1 1 1 38 66 4 8 45 95 152 175 182 184 184 180 170 143 83 18 15 4 39 5 1 1 1 1 1 1 1 1 2 62 1 1 1 2 1 1 1 1 10 1 1 1 1 1 1 1 1 1 1 85 224 101 1 25 44 1 1 1 1 1 1 1 9 29 3 9 34 62 1 1 1 1 1 1 1 1 1 1 1 1 1 1 1 3 3 7 10 1 3 1 1 0 0 0 0 0 0 0 0 0 0 0 0 1 1 1 1 1 8 119 165 155 43 2 1 1 1 1 1 1 1 0 0 0 0 2 1 1 1 1 1 1 0 0 0 11 10 1 0 0 0 1 3 1 1 3 63 24 1 1 1 1 1 1 1 1 0 0 0 0 0 1 0 0 0 0 0 0 0 0 0 0 0 0 0 0 0 0 1 0 0 0 0 0 0 0 0 0 0 3 1 1 1 1 16 244 251 128 1 1 0 0 1 99 5 1 1 0 0 0 0 0 0 1 5 1 2 1 1 1 1 1 1 1 1 1 0 1 1 2 68 1 0 0 0 0 0 0 0 1 1 1 1 63 3 1 1 1 1 1 28 3 1 0 0 0 1 1 0 1 1 1 185 1 0 0 1 1 1 1 1 1 1 1 1 1 1 0 0 0 0 0 0 0 0 0 0 0 0 0 0 0 0 0 0 0 0 0 0 0 0 0 0 0 0 0 0 0 0 0 0 0 0 0 0 0 0 0 0 0 0 0 0 1 1 1 1 5 254 1 1 1 1 28 1 1 1 1 1 1 6 174 1 1 1 1 1 1 1 1 1 1 1 1 213 244 5 1 1 1 1 1 3 188 248 248 161 5 1 1 1 0 1 1 1 1 1 0 1 1 1 1 0 0 0 0 0 1 1 1 1 1 1 1 1 246 89 3 1 224 246 1 1 1 1 1 1 9 93 114 174 67 2 1 1 1 1 1 1
3 41 2 37 8 95 3 9 1 1 1 1 1 1 0 0 0 0 1 0 0 0 0 0 0 0 0 0 0 2 6 0 0 1 228 1 38 11 0 5 15 1 1 0 0 0 0 0 0 0 1 63 2 1 0 1 3 0 1 0 0 0 1 1 1 1 1 0 1 1 1 2 111 145 160 179 235 251 13 1 22 21 95 1 1 2 3 8 39 107 157 173 176 192 190 183 178 164 125 43 7 2 2 2 1 1 1 1 1 6 1 1 36 3 1 1 1 1 1 1 1 56 4 1 1 1 1 2 2 1 1 2 9 2 1 1 1 1 1 1 1 1 1 5 188 206 115 6 1 1 1 1 1 1 11 17 1 1 1 1 13 22 23 22 22 22 19 12 19 22 13 1 1 1 1 2 33 2 1 29 1 3 1 1 1 1 1 1 0 0 0 0 0 0 0 1 1 1 1 6 38 45 33 7 29 122 129 68 4 1 1 1 1 1 1 0 0 0 2 1 1 1 1 1 1 0 0 1 32 2 0 0 0 0 0 1 3 1 1 1 20 64 3 1 1 1 1 1 1 1 1 0 0 1 1 0 0 0 0 0 0 0 0 0 0 0 0 0 0 0 0 1 0 0 0 0 0 0 0 0 0 0 1 1 0 1 1 1 1 166 251 239 2 1 0 5 97 1 1 1 1 0 0 0 0 0 0 2 3 2 1 1 0 0 1 1 1 1 1 0 0 1 63 2 0 0 0 0 0 0 0 0 2 23 19 64 2 2 1 1 0 1 1 2 36 1 1 0 1 1 1 1 1 1 40 144 1 1 1 1 1 1 0 0 1 1 1 1 1 0 0 0 0 0 0 0 0 0 0 0 0 0 0 0 0 0 0 0 0 0 0 0 0 0 0 0 0 0 0 0 0 0 0 0 0 0 0 0 0 0 0 0 0 0 0 1 1 0 1 1 24 254 1 1 1 1 28 1 1 1 1 1 1 1 130 75 1 1 1 1 1 1 1 1 1 1 38 248 2 1 1 1 1 1 1 1 1 1 37 239 248 228 18 1 1 1 1 1 1 1 1 1 1 1 1 1 0 0 0 1 1 1 1 1 1 1 1 8 248 1 1 1 2 248 223 9 1 1 10 86 200 133 116 85 137 129 8 1 1 1 1 1
42 2 4 30 1 101 45 1 1 1 1 2 1 1 1 0 0 0 1 0 0 0 0 0 0 0 0 0 1 9 1 0 0 1 228 4 36 12 1 28 1 0 1 1 1 1 1 1 1 1 1 69 1 1 1 1 2 1 1 1 0 0 0 0 1 1 1 1 1 1 1 15 81 144 156 7 4 253 122 4 2 46 156 168 175 178 175 169 148 98 22 4 2 27 2 1 1 1 3 1 1 1 1 1 1 1 1 1 1 6 1 1 2 36 2 1 1 0 1 1 5 51 1 0 1 1 1 1 1 2 1 1 6 18 22 23 17 2 1 1 1 1 1 5 19 126 224 152 2 1 1 1 1 5 23 1 1 1 1 1 1 1 1 1 1 1 1 3 6 1 3 20 5 1 4 36 3 11 16 55 47 62 52 27 6 2 1 1 1 1 1 0 0 1 1 1 5 41 49 29 2 2 4 1 1 1 3 61 128 123 41 2 1 1 1 0 0 1 2 2 1 0 0 1 1 0 0 1 34 1 0 0 0 0 0 1 2 1 1 1 1 1 60 36 1 1 1 1 1 1 1 1 1 1 0 0 0 0 0 0 0 0 0 0 0 0 0 0 0 0 0 1 0 0 0 0 0 0 0 0 0 0 1 3 0 0 1 1 1 1 7 237 251 152 1 110 1 1 0 0 1 1 0 0 0 0 0 1 5 1 2 1 0 0 0 1 1 0 0 0 0 9 42 0 0 0 0 0 0 0 0 1 21 1 0 1 14 8 1 1 0 1 1 18 25 1 1 1 1 1 1 1 1 1 186 1 1 1 1 1 1 0 0 1 1 1 1 1 0 0 0 0 0 0 0 0 0 0 0 0 0 0 0 0 0 0 0 0 0 0 0 0 0 0 0 0 0 0 0 0 0 0 0 0 0 0 0 0 0 0 0 0 0 0 0 1 1 1 1 1 178 253 1 1 0 1 28 1 1 0 0 0 1 1 1 128 198 161 135 198 229 206 163 2 1 1 247 53 1 1 1 1 1 1 1 1 1 1 1 1 4 196 248 233 1 1 1 1 1 1 1 1 1 0 0 1 1 1 1 1 0 0 0 1 1 1 1 225 201 1 1 1 1 247 123 209 196 204 206 170 17 8 8 4 4 40 151 116 3 1 1 1
1 1 44 1 1 22 124 86 10 69 137 140 138 61 1 1 1 0 0 0 0 0 0 0 0 0 0 0 1 10 1 0 0 1 211 125 1 7 2 31 1 1 1 1 1 0 0 0 0 1 25 20 1 0 1 1 3 3 3 1 0 0 0 0 0 0 0 1 1 1 2 102 5 161 177 1 2 184 248 10 1 4 145 7 1 1 1 1 1 1 1 9 75 67 45 72 94 97 104 103 102 83 5 1 1 0 0 0 1 6 1 1 1 2 36 3 1 1 1 1 65 2 1 0 1 0 0 1 1 2 3 3 1 1 1 1 2 15 13 3 16 40 42 34 11 44 112 176 227 40 1 1 1 40 2 1 1 1 1 0 1 1 1 1 1 1 1 1 2 1 1 1 10 31 28 1 1 1 1 2 7 1 2 13 41 54 61 67 29 1 1 1 1 5 38 48 30 2 1 1 1 6 1 0 1 1 1 1 1 7 90 132 111 14 1 1 1 2 1 1 1 0 0 1 1 0 0 1 34 1 1 1 0 0 0 0 1 3 1 1 0 1 1 12 68 13 1 1 1 1 1 1 1 1 0 0 0 0 0 0 0 0 0 0 0 0 0 0 0 0 1 1 0 0 0 0 0 0 0 0 0 0 1 3 1 0 0 0 1 1 1 1 141 251 246 105 1 0 0 0 0 1 1 0 0 0 0 1 2 3 2 1 1 0 0 1 1 1 0 0 1 75 1 0 0 1 1 0 0 1 1 20 1 0 0 0 1 27 1 0 1 1 4 34 1 1 1 1 1 0 0 1 1 137 47 1 1 1 1 1 1 0 1 1 1 1 1 0 0 0 0 0 0 0 0 0 0 0 0 0 0 0 0 0 0 0 0 0 0 0 0 0 0 0 0 0 0 0 0 0 0 0 0 0 0 0 0 0 0 0 0 0 0 1 1 1 1 1 1 1 246 246 1 1 1 1 28 1 0 0 0 0 1 1 1 1 1 57 95 5 25 164 59 201 199 40 248 3 1 1 1 1 1 1 1 1 1 1 1 1 1 1 8 248 34 1 1 1 1 1 1 1 1 1 1 1 1 0 0 1 0 0 1 1 0 1 1 248 3 1 1 1 2 248 1 1 33 16 1 1 1 1 1 4 2 1 5 68 157 89 2 1
1 19 10 1 1 49 2 24 141 69 3 4 1 59 124 4 1 1 1 1 0 0 0 0 0 0 0 1 2 5 0 0 0 1 206 128 1 1 9 29 7 4 1 1 1 1 1 0 0 1 69 1 0 0 0 0 0 1 1 3 3 3 1 1 0 0 1 1 1 6 63 40 1 1 2 1 1 7 253 19 3 1 131 2 1 1 1 1 1 40 115 99 29 29 39 12 3 2 3 2 2 11 89 61 1 1 1 1 1 3 3 1 1 1 2 36 11 1 1 4 53 1 0 1 1 0 0 0 1 0 1 1 1 1 1 1 6 14 26 46 10 1 1 1 3 31 52 2 15 221 184 3 4 28 1 1 1 1 1 1 0 1 1 1 1 1 1 1 2 1 1 1 3 3 1 1 0 0 1 1 3 1 1 1 1 2 1 1 21 51 5 33 67 66 3 1 1 1 1 1 5 1 1 0 0 0 1 1 1 1 1 2 17 110 119 7 2 1 1 1 1 1 1 1 0 0 0 1 34 1 1 1 0 0 0 0 1 1 2 1 0 0 1 1 1 35 60 2 1 1 1 1 1 1 1 1 0 0 0 0 0 0 0 0 0 0 0 0 0 1 2 1 1 1 1 0 0 0 0 0 0 1 1 3 1 0 0 0 0 0 1 1 1 2 243 252 178 1 0 0 0 0 1 1 0 0 0 0 1 5 1 2 1 1 1 1 1 1 1 1 35 13 0 0 0 0 1 1 1 1 12 3 1 1 0 1 25 1 1 0 1 1 51 1 1 1 1 0 1 1 1 1 27 159 1 0 1 1 1 1 1 1 1 1 1 1 1 0 0 0 0 0 0 0 0 0 0 0 0 0 0 0 0 0 0 0 0 0 0 0 0 0 0 0 0 0 0 0 0 0 0 0 0 0 0 0 0 0 0 1 1 1 1 1 1 1 1 1 1 1 253 199 1 1 1 1 29 1 0 0 0 1 1 1 1 1 1 1 1 1 1 152 35 1 4 176 250 4 1 1 1 1 1 1 1 1 1 1 1 1 1 1 1 242 149 1 1 1 1 1 1 1 1 1 0 0 1 1 0 1 1 1 1 0 0 1 96 244 1 1 1 1 185 230 1 1 1 1 1 1 1 1 1 4 2 1 1 1 9 96 155 54
34 19 1 1 4 40 1 20 56 1 3 1 1 1 4 122 101 3 1 1 1 1 0 0 0 0 0 1 9 1 1 1 1 1 222 66 1 1 1 15 36 2 4 6 3 1 1 1 1 2 62 1 0 0 0 0 0 0 0 0 1 1 2 3 3 1 2 15 49 67 21 1 0 0 0 0 0 3 251 153 17 3 79 57 3 2 3 62 116 84 23 2 1 1 2 1 1 1 1 1 1 1 1 23 100 19 1 1 1 3 3 2 0 1 1 1 17 34 2 62 3 1 1 1 0 0 0 0 1 1 1 1 5 13 14 11 4 1 1 2 2 1 1 1 39 1 6 37 1 1 140 220 23 24 1 1 1 1 1 1 1 1 1 1 1 1 1 1 2 1 1 5 1 1 1 1 0 0 1 1 1 3 2 1 1 1 1 1 1 5 50 13 1 13 1 1 0 1 1 4 2 1 0 0 1 1 1 0 1 1 1 1 1 8 87 52 4 4 2 1 1 1 1 1 0 0 0 1 27 2 1 1 1 1 1 0 1 1 3 1 1 0 1 1 1 1 2 59 41 1 1 1 1 1 1 1 1 1 0 0 0 0 0 0 0 0 0 1 4 84 81 89 90 90 87 66 21 2 1 1 1 1 1 1 2 0 0 0 0 0 0 1 1 6 71 99 250 247 13 1 0 0 0 1 1 0 0 1 4 1 1 1 2 1 1 1 1 1 1 1 70 1 0 0 0 0 0 1 1 5 7 0 0 1 1 4 15 1 0 1 1 38 3 1 1 1 1 1 1 1 1 1 186 1 0 1 1 1 1 1 0 1 1 1 1 1 0 0 0 0 0 0 0 0 0 0 0 0 0 0 0 0 0 0 0 0 0 0 0 0 0 0 0 0 0 0 0 0 0 0 0 0 0 0 0 0 0 1 1 1 1 1 0 0 1 0 1 1 1 1 254 13 1 1 1 1 30 1 0 0 1 1 1 1 1 1 1 1 1 1 1 2 183 1 1 1 243 125 1 1 1 1 1 1 1 1 1 1 1 1 1 1 1 9 247 36 1 1 1 1 1 1 1 1 1 0 1 1 1 1 0 1 1 0 1 1 247 56 1 1 1 1 244 36 38 1 1 1 1 1 1 1 1 5 2 1 1 1 1 1 14 125
4 1 1 1 42 3 1 58 16 1 4 1 1 1 1 1 19 128 127 25 1 1 1 1 1 1 1 1 9 1 0 0 0 1 235 2 1 0 1 3 49 4 1 1 2 5 5 2 1 47 7 1 0 0 0 0 0 0 0 0 1 1 0 1 1 2 14 56 38 6 1 1 0 0 0 0 0 2 190 248 16 1 1 79 124 125 116 39 3 6 17 1 1 1 2 1 1 1 1 1 1 1 1 1 2 64 88 7 3 1 1 4 1 0 0 1 1 3 43 107 1 1 1 1 1 1 1 1 4 11 14 11 5 1 1 1 1 1 1 1 4 1 1 17 9 1 1 22 13 1 1 80 220 20 1 1 1 1 1 1 1 1 1 1 1 1 1 1 2 1 3 1 1 0 0 0 1 1 1 1 0 1 2 2 1 0 0 0 1 1 1 1 1 2 11 1 1 1 3 11 2 3 2 1 1 4 3 1 1 1 1 2 10 3 95 15 1 1 2 4 4 2 1 1 1 0 0 1 10 10 1 1 0 0 1 1 0 1 1 3 1 0 1 1 1 0 1 1 9 66 8 1 1 1 1 1 1 1 1 0 0 0 0 0 0 0 1 2 79 2 1 1 1 1 1 6 40 81 89 91 90 77 21 1 4 1 0 0 0 0 0 1 1 99 1 1 1 220 252 198 1 0 0 0 1 1 0 1 4 1 1 1 2 6 7 1 1 1 1 54 4 1 1 0 0 0 0 1 1 16 1 0 0 0 1 31 1 1 1 1 12 21 1 1 1 1 1 1 1 1 1 125 70 1 1 1 1 1 1 0 0 1 1 1 44 41 1 0 0 0 0 0 0 0 0 0 0 0 0 0 0 0 0 0 0 0 0 0 0 0 0 0 0 0 0 0 0 0 0 0 0 0 0 0 0 0 0 1 1 1 1 1 1 0 1 0 1 0 1 1 254 1 1 1 0 1 29 1 0 1 1 1 1 1 0 0 1 1 1 1 1 1 84 116 1 1 16 248 5 1 1 1 1 1 1 1 1 1 1 1 1 1 1 1 109 247 56 2 1 1 1 1 1 1 1 1 1 1 1 1 1 1 1 1 1 9 248 1 1 1 1 28 243 2 36 9 1 1 1 1 0 0 1 3 3 1 1 1 1 1 1 1
1 1 2 29 53 4 10 42 12 1 4 1 0 0 0 1 1 1 3 95 130 56 1 1 1 1 1 4 3 0 0 0 1 1 236 1 1 0 1 1 14 40 1 1 1 1 1 3 5 61 1 1 1 0 0 0 0 0 0 0 0 1 0 0 1 1 70 11 17 2 1 0 0 0 0 0 1 1 18 253 20 2 5 2 1 1 1 1 11 5 7 1 1 1 2 1 1 1 1 1 1 1 1 1 1 1 5 88 2 1 1 1 4 1 0 1 1 1 51 61 59 7 1 1 3 11 14 12 6 1 1 1 1 1 1 1 1 1 1 1 1 4 2 33 1 1 1 1 53 1 1 1 187 229 208 82 7 2 1 1 1 1 1 1 1 1 3 92 211 133 5 1 1 1 1 1 1 1 1 1 1 1 1 6 1 0 0 0 0 1 1 1 1 1 2 12 4 2 53 24 26 29 38 43 42 31 28 36 34 12 38 58 38 39 157 55 27 3 1 1 1 4 18 37 9 1 1 1 3 24 1 1 0 0 0 1 0 1 1 2 1 1 1 1 1 0 0 0 1 1 44 13 1 1 1 1 1 1 1 1 1 0 0 0 0 1 1 72 4 1 1 1 0 0 0 0 0 0 1 1 1 2 39 83 93 42 1 0 0 0 1 1 10 71 1 0 1 1 67 248 248 33 1 0 0 1 1 14 10 1 1 1 2 1 28 30 1 0 13 50 6 1 1 1 1 1 1 1 21 1 1 0 0 0 1 36 1 1 1 1 48 1 1 1 1 1 1 1 1 1 12 168 1 1 1 0 1 1 0 0 0 1 1 80 19 21 88 2 1 0 0 0 0 0 0 0 0 0 0 0 0 0 0 0 0 0 0 0 0 0 0 0 0 0 0 0 0 0 0 0 0 0 0 0 0 0 0 0 0 0 1 1 1 1 1 0 1 1 1 1 254 1 1 1 1 1 28 1 1 1 1 1 1 0 0 0 1 1 1 1 1 1 1 174 8 1 1 159 247 20 1 1 1 1 1 1 1 1 1 1 1 1 1 1 1 145 247 247 138 8 1 1 1 1 1 1 1 1 1 1 1 1 1 1 1 218 212 1 1 1 1 237 91 1 1 57 1 1 1 1 1 0 0 1 5 1 1 1 1 1 1 1
2 29 58 14 3 51 78 28 12 27 8 1 1 1 1 1 1 1 1 1 2 88 112 105 6 1 1 9 1 0 0 0 1 1 236 1 1 0 0 1 4 22 17 1 1 1 1 1 4 32 2 1 1 1 1 0 0 0 0 0 0 1 1 0 1 18 48 1 1 9 3 1 0 0 0 0 1 1 4 253 25 5 1 1 1 1 2 11 2 19 1 1 1 1 2 3 4 9 21 34 30 2 1 1 1 1 1 8 79 1 0 1 3 1 0 1 1 1 101 5 3 47 60 16 6 1 1 1 0 1 1 1 1 1 1 1 0 0 0 1 1 2 46 2 1 1 0 1 54 1 1 1 5 4 90 210 229 229 218 150 81 42 20 14 37 209 231 208 77 185 197 3 1 1 1 1 1 1 1 1 1 1 1 6 1 1 1 0 0 1 1 1 0 0 1 1 7 58 6 2 3 1 1 1 1 2 1 1 6 54 14 1 1 1 109 2 6 36 48 51 58 63 62 28 60 88 71 7 1 34 1 1 1 0 0 1 0 0 1 1 3 1 1 1 1 1 0 0 0 1 1 41 9 1 1 1 1 1 1 1 1 1 1 0 1 1 30 29 1 1 1 0 0 0 0 0 0 0 0 0 0 0 1 1 1 24 42 1 1 0 1 1 103 1 0 0 0 0 1 1 210 252 210 1 0 1 13 34 10 20 1 1 1 18 1 1 27 2 58 1 1 8 2 1 1 1 1 21 1 1 1 1 1 1 4 6 15 1 1 55 1 1 1 1 1 1 1 1 1 1 184 2 1 1 1 0 0 1 1 0 1 1 64 8 0 0 1 78 18 1 0 0 0 1 0 0 0 0 0 0 0 0 0 0 0 0 0 0 0 0 0 0 0 0 0 0 0 0 0 0 0 0 0 0 0 0 0 0 0 0 1 1 5 5 3 1 1 1 1 1 254 1 1 1 1 1 27 1 1 1 1 1 0 0 0 0 1 1 1 1 0 1 1 14 167 1 1 1 98 248 13 1 1 1 1 1 1 1 1 1 0 0 1 1 1 1 1 57 243 248 224 38 2 1 1 1 1 1 1 1 1 1 1 1 2 248 3 1 0 1 1 246 2 1 1 5 43 1 1 0 1 1 0 1 5 2 1 1 1 1 1 1
60 14 1 1 6 31 19 20 1 2 25 8 8 8 6 4 2 1 1 1 1 26 1 2 114 20 10 6 1 0 0 0 1 2 235 1 0 0 0 1 1 12 43 1 1 1 1 1 32 2 1 1 1 1 1 1 1 0 0 0 0 1 1 1 1 71 5 2 1 1 7 5 1 0 0 0 0 1 3 253 34 56 13 1 1 3 6 1 2 13 1 2 5 44 128 153 154 138 45 11 12 50 9 7 6 2 2 2 101 2 1 1 1 4 1 1 1 10 117 8 9 11 31 72 18 4 3 3 2 1 1 0 0 0 0 0 0 0 1 1 1 11 22 1 1 0 0 1 29 7 1 1 4 1 1 1 1 2 46 173 210 220 226 226 223 98 2 1 1 2 153 173 2 1 1 1 1 1 1 1 1 1 1 4 1 1 1 1 1 1 1 1 1 1 1 1 16 8 1 2 2 2 2 1 1 2 1 16 15 1 2 3 4 10 117 4 2 6 6 5 4 4 10 1 1 1 5 67 90 107 4 1 1 1 0 1 1 1 1 1 2 2 1 0 1 1 0 0 0 1 1 1 55 3 1 8 71 74 71 26 1 1 1 1 1 46 25 1 1 0 0 0 0 0 0 0 0 0 0 0 0 0 0 0 1 1 17 62 1 1 1 84 5 1 0 0 0 0 0 0 1 60 248 247 19 1 58 1 1 30 1 1 1 23 1 1 1 68 1 1 0 1 4 9 1 2 21 1 1 1 1 1 12 9 3 1 2 13 22 28 1 0 1 1 0 1 1 1 1 123 75 1 0 0 1 1 0 0 1 1 1 29 34 0 0 1 1 1 42 46 1 1 0 1 0 0 0 0 0 0 0 0 0 0 0 0 0 0 0 0 0 0 0 0 0 0 0 0 0 0 0 0 0 0 0 0 0 0 0 0 1 1 1 1 3 12 15 16 19 27 254 1 1 1 1 1 23 1 1 1 1 0 0 0 0 0 1 1 1 1 0 0 1 1 125 71 1 1 2 185 248 225 21 1 1 1 1 1 1 1 1 1 1 1 1 1 1 1 1 5 204 248 246 137 8 1 1 1 1 1 1 1 1 1 97 245 1 1 1 1 176 218 1 1 1 1 31 13 1 1 1 1 1 1 5 2 1 1 1 1 1 1
1 1 1 1 37 4 5 38 1 1 3 9 1 1 1 2 5 8 8 6 4 29 1 1 34 25 7 2 1 0 0 0 1 18 235 1 0 0 0 0 1 4 14 27 1 1 1 1 40 1 1 2 1 1 1 1 1 1 1 1 1 1 1 1 26 32 2 1 1 1 1 5 5 1 0 0 0 0 2 253 156 137 124 20 3 16 2 2 22 19 67 137 154 123 34 5 3 10 88 114 113 100 15 1 2 3 1 1 45 39 2 1 1 5 3 5 6 117 7 1 1 1 1 1 33 40 2 2 3 4 3 1 1 0 0 0 0 0 1 1 1 27 2 3 1 1 0 1 2 44 1 1 2 3 1 1 1 1 1 1 1 1 1 1 1 2 1 1 1 1 4 210 88 3 2 1 1 1 1 1 1 1 5 3 1 1 1 1 1 1 1 1 1 1 1 8 21 1 2 1 1 1 1 1 4 10 31 6 1 2 2 4 7 73 106 21 30 27 28 28 28 40 21 15 11 2 1 1 1 65 76 88 48 2 1 1 1 1 1 1 1 3 1 1 1 1 1 0 0 1 1 1 1 66 71 48 2 1 1 25 72 29 2 1 59 6 1 1 0 0 0 0 0 0 0 0 0 0 0 0 0 0 0 0 0 0 1 5 82 35 8 80 1 1 1 0 0 0 0 0 0 1 1 220 250 213 6 1 1 9 7 1 17 4 1 1 13 2 1 1 0 0 0 1 24 47 1 1 1 0 0 6 2 1 1 1 1 5 83 52 14 1 1 1 0 0 0 1 19 166 1 1 0 0 0 1 0 1 1 1 4 74 1 0 1 1 0 0 1 13 72 1 1 1 0 0 0 0 0 0 0 0 0 0 0 0 0 0 0 0 0 0 0 0 0 0 0 0 0 0 0 0 0 0 0 0 0 0 0 0 1 1 1 0 0 1 0 0 1 21 254 1 1 1 1 1 17 3 1 1 1 0 0 0 0 0 1 1 1 1 0 0 0 1 2 178 8 1 1 1 4 202 248 246 121 3 1 1 1 1 1 1 1 1 1 1 1 1 1 1 1 1 75 243 248 226 42 2 1 1 1 1 1 2 247 57 1 1 1 1 244 14 1 1 1 1 1 56 2 1 1 0 1 1 4 3 1 0 1 1 1 1
1 1 4 19 72 9 7 46 1 1 1 16 1 1 1 1 1 1 1 1 3 43 1 1 1 84 1 7 1 0 0 1 10 70 221 1 0 0 0 0 1 1 11 42 1 1 1 11 13 1 1 1 2 1 0 1 1 1 2 2 1 1 1 1 73 4 1 1 1 1 1 1 5 5 0 0 0 0 2 249 26 2 82 128 77 57 73 114 159 145 105 19 2 1 1 1 1 1 24 19 4 51 125 1 1 5 2 2 4 91 2 2 3 9 2 1 2 113 1 1 1 1 1 1 1 4 49 13 1 1 1 4 3 1 1 1 0 1 1 1 27 2 1 5 1 1 1 0 1 53 1 1 1 5 1 0 1 1 1 1 1 1 1 1 4 1 1 1 1 1 13 33 224 236 233 233 228 225 216 208 221 232 235 235 235 235 232 226 213 185 148 132 102 67 44 85 13 10 3 2 1 1 1 3 52 61 36 35 34 31 29 24 14 104 10 5 4 2 1 1 1 7 5 8 7 14 17 16 4 12 8 1 17 80 90 47 3 1 1 1 1 1 3 1 1 1 1 0 0 1 0 1 1 25 6 1 1 1 1 3 3 22 37 59 5 1 1 1 0 0 0 0 0 0 0 0 0 0 0 0 0 0 0 0 0 0 0 1 1 20 102 4 1 1 0 0 0 0 0 0 0 0 0 1 230 251 237 35 1 1 18 30 3 1 1 7 4 1 1 1 1 1 1 1 36 12 4 1 1 1 0 11 1 1 0 0 0 2 41 1 10 43 5 1 0 1 1 1 189 2 1 1 0 0 0 1 1 1 1 1 88 1 0 1 1 0 0 0 0 0 2 75 4 1 1 0 0 0 0 0 0 0 0 0 0 0 0 0 0 0 0 0 0 0 0 0 0 0 0 0 0 0 0 0 0 0 0 0 0 0 1 1 0 0 0 0 1 1 1 206 253 1 1 1 1 1 9 6 1 1 1 1 1 1 0 0 1 1 1 0 0 0 0 1 1 53 148 1 1 1 1 1 1 68 245 248 221 26 3 5 122 239 247 248 245 119 2 1 1 1 1 1 1 1 5 200 248 246 153 12 2 4 18 75 247 1 1 1 1 14 244 1 1 1 1 1 1 4 46 1 1 1 0 1 1 5 1 1 1 1 1 1
13 19 10 27 13 3 7 43 1 0 0 2 13 1 1 1 1 1 1 1 1 35 2 1 1 69 4 4 3 1 1 11 1 161 176 1 1 0 0 0 0 1 3 13 32 1 1 39 1 1 1 1 1 2 1 1 1 1 1 1 1 1 1 37 18 3 1 1 1 1 1 1 1 11 1 0 0 0 2 249 35 1 1 39 119 120 107 62 5 1 1 1 1 1 1 1 1 33 7 1 1 2 156 2 2 4 5 2 1 74 5 1 1 4 1 1 42 51 1 1 1 1 1 1 1 1 1 19 45 2 1 1 1 4 4 1 1 1 1 6 12 1 1 3 1 1 1 1 1 40 3 1 1 6 1 1 1 1 1 1 1 4 28 36 40 30 32 32 30 31 21 2 1 3 8 16 31 57 91 116 72 13 21 9 5 7 16 45 103 156 209 220 226 232 234 231 231 231 234 234 234 233 236 236 222 179 59 8 4 2 1 1 1 102 3 1 1 1 1 1 1 6 1 1 2 6 7 4 6 8 33 1 1 1 10 126 163 166 138 29 3 1 2 1 1 1 1 0 0 1 0 1 1 40 1 1 1 1 28 28 30 38 68 34 13 35 7 1 1 1 0 0 0 0 0 0 0 0 0 0 0 0 0 0 0 0 0 0 0 1 1 11 11 1 1 0 0 0 0 0 0 0 1 6 216 30 180 248 201 1 1 1 0 1 1 13 1 1 1 1 1 1 1 30 2 1 7 16 6 1 1 12 1 0 0 0 0 28 6 1 1 1 24 38 1 1 1 126 85 1 1 1 0 0 0 1 1 1 1 63 8 0 1 1 0 0 0 0 0 0 0 1 73 1 1 0 0 0 0 0 0 0 0 0 0 0 0 0 0 0 0 0 0 0 0 0 0 0 0 0 0 0 0 0 0 0 0 0 0 0 1 0 0 0 0 0 0 0 1 248 246 1 1 1 1 0 4 9 1 1 1 1 1 1 1 1 1 1 1 0 0 0 0 0 1 1 162 29 1 1 1 1 1 1 1 9 205 247 245 233 245 149 40 18 94 243 248 225 14 1 1 1 1 1 1 1 1 62 240 248 232 247 247 246 69 1 1 0 1 231 131 1 1 1 1 0 0 1 21 19 1 1 1 1 1 6 2 1 7 44 59 60
3 1 1 46 2 1 1 28 4 1 0 1 14 2 1 1 1 2 1 1 1 28 11 1 1 1 81 1 6 1 8 2 1 208 106 1 1 1 0 0 0 0 1 5 40 5 1 34 1 1 1 1 1 1 3 2 1 1 1 0 0 1 1 72 1 1 2 2 1 1 1 2 2 6 2 1 0 0 3 249 22 1 1 1 1 1 1 1 1 1 1 1 1 1 1 2 41 3 1 1 1 1 128 31 1 1 7 1 1 5 74 1 3 1 1 1 109 3 1 1 1 1 1 1 1 1 1 1 2 43 19 1 1 1 1 3 4 2 1 31 1 1 1 1 5 1 1 1 0 1 47 2 2 22 20 24 30 33 34 35 34 19 2 3 1 1 1 1 1 1 8 1 1 1 1 1 1 1 1 1 1 1 12 1 1 1 1 1 1 1 87 2 1 1 1 1 1 1 2 2 6 59 40 18 44 139 213 225 227 225 222 221 219 227 186 84 29 9 3 2 2 3 1 1 1 1 1 2 5 13 88 9 9 13 78 1 1 22 29 124 151 148 75 14 1 1 1 1 0 1 1 1 22 6 1 1 4 34 3 1 1 1 2 38 37 13 46 64 7 1 1 1 0 0 0 0 0 0 0 0 0 0 0 0 0 0 0 0 0 0 0 1 3 21 1 1 1 1 0 0 0 0 1 209 25 1 1 4 230 245 73 1 1 1 15 1 1 1 1 1 1 1 25 4 1 1 1 1 4 14 24 51 24 6 1 1 0 52 1 1 1 1 1 1 39 24 13 181 1 1 0 1 1 0 0 1 1 1 18 48 1 1 0 0 0 0 0 0 0 0 0 1 1 74 1 1 0 0 0 0 0 0 0 0 0 0 0 0 0 0 0 0 0 0 0 0 0 0 0 0 0 0 0 0 0 0 0 0 0 0 1 0 0 0 0 0 0 0 1 254 187 1 1 1 1 0 2 15 1 1 1 1 1 2 1 1 1 1 1 1 0 0 0 0 1 1 7 181 1 1 1 1 1 1 1 1 1 2 57 188 3 1 1 1 1 2 12 198 248 246 127 2 1 1 1 1 1 1 1 4 180 109 4 1 1 1 0 0 1 245 9 1 1 1 1 0 1 1 1 47 4 1 1 6 37 75 73 59 33 3 1 1
1 1 5 31 1 1 1 7 22 1 0 0 1 18 1 2 2 1 1 1 1 29 6 5 1 1 81 2 7 4 5 0 1 228 22 1 0 1 1 0 0 0 0 1 12 40 21 4 1 1 1 1 1 1 1 1 2 2 2 1 1 1 28 20 1 0 1 1 2 2 1 2 1 8 1 2 2 0 12 249 3 1 1 1 1 1 1 1 1 1 1 1 1 1 8 39 1 1 1 1 1 1 6 149 1 1 4 2 1 2 86 1 4 1 1 1 116 1 1 1 0 0 0 1 1 1 1 1 1 1 12 46 5 1 1 1 1 2 40 13 4 1 1 1 4 1 1 1 0 1 4 49 46 32 10 3 1 1 1 1 1 1 1 3 1 1 1 1 4 14 26 20 20 20 26 30 28 22 11 3 1 1 13 1 1 1 1 1 1 1 88 1 1 1 1 1 1 1 1 14 40 2 1 1 1 1 1 1 2 5 16 31 41 86 179 227 235 236 236 235 209 35 2 1 1 1 1 1 6 6 45 12 4 36 3 1 2 18 1 1 1 6 89 152 160 122 25 5 1 1 1 1 33 41 40 64 29 1 1 1 1 0 1 1 1 1 2 5 45 23 1 1 1 1 0 0 0 0 0 0 0 0 0 0 0 0 0 0 0 0 0 0 1 1 16 9 1 1 1 0 0 1 112 169 1 1 1 0 1 124 248 213 2 1 17 1 0 0 1 1 1 12 9 1 1 1 1 1 0 1 2 10 1 7 24 12 1 56 1 0 0 0 1 1 1 6 204 129 1 1 0 0 1 1 0 1 1 1 86 1 1 0 0 0 0 0 0 0 0 0 0 1 1 81 1 1 1 0 0 1 1 0 0 0 0 0 0 0 0 0 0 0 0 0 0 0 0 0 0 0 0 0 0 0 0 0 0 0 0 0 1 0 0 0 0 0 0 0 1 254 11 1 1 1 1 0 1 19 1 1 1 1 1 1 1 1 2 1 1 1 1 1 1 0 1 1 1 106 103 1 1 1 1 1 1 1 1 1 1 1 1 1 1 1 1 1 1 1 2 68 243 248 227 23 1 1 1 1 1 1 1 1 1 0 0 1 1 1 1 245 10 1 1 1 1 1 1 1 1 5 71 51 46 28 3 7 4 1 1 1 1 1
1 1 39 3 1 0 0 2 37 1 0 1 1 10 9 1 1 1 1 1 1 30 1 14 1 1 5 72 3 17 1 1 2 235 3 1 0 0 1 0 0 1 1 1 1 60 69 1 1 1 1 1 1 0 0 1 1 1 1 2 2 2 69 1 1 1 0 0 1 1 1 1 0 7 1 1 3 1 222 207 4 1 1 1 1 1 1 1 1 1 1 1 1 30 22 1 1 2 13 12 13 2 1 140 17 1 1 7 1 1 88 3 2 1 1 3 102 1 1 1 1 1 1 5 10 1 0 1 1 1 1 1 34 30 1 1 1 5 18 1 2 5 2 1 1 4 1 1 0 0 1 1 1 1 6 1 1 1 1 1 1 1 1 2 1 1 1 5 7 1 3 1 1 1 2 1 1 2 6 19 26 31 53 11 3 1 1 1 1 1 89 1 1 1 1 1 1 2 38 15 1 1 1 1 1 1 1 1 1 1 1 1 2 1 1 1 2 2 5 19 154 234 230 90 3 1 1 2 1 1 2 86 19 3 1 1 23 1 1 1 1 1 1 1 4 35 130 151 117 54 3 1 1 1 2 92 1 1 1 1 1 1 1 1 0 1 4 1 1 32 21 1 1 1 1 1 0 0 0 0 0 0 0 0 0 0 0 0 0 0 0 0 0 0 1 4 19 1 1 1 0 3 218 1 1 1 1 0 1 1 2 226 248 136 2 1 1 1 1 1 2 29 1 0 0 1 1 1 1 8 14 1 1 1 1 3 33 80 3 1 1 0 1 1 1 7 8 185 217 14 1 1 1 1 1 1 1 78 3 1 0 0 0 0 0 0 0 0 0 0 0 0 1 80 1 1 1 1 1 1 1 0 0 0 0 0 0 0 0 0 0 1 1 0 0 0 0 0 0 0 0 0 0 0 0 0 0 0 0 1 1 0 0 0 0 0 0 0 1 254 1 1 0 1 1 0 1 21 1 0 0 0 0 0 1 0 1 1 3 1 1 1 1 1 1 1 1 1 181 6 1 1 1 1 0 1 1 1 1 1 1 1 1 1 1 1 1 1 1 1 1 8 193 248 246 130 2 1 1 1 1 1 1 0 0 0 0 1 1 195 238 8 1 1 2 3 3 2 2 1 6 10 1 1 1 3 5 1 1 1 1 1
1 1 45 1 1 0 0 1 43 1 1 1 3 2 6 5 1 1 0 0 1 27 1 4 8 1 1 90 18 3 0 1 6 233 1 1 1 0 1 1 1 1 1 1 1 151 144 86 33 2 1 1 1 1 1 1 1 1 0 1 1 43 13 1 0 1 0 0 0 0 0 0 0 8 1 0 3 1 248 2 41 53 51 17 2 1 1 1 1 1 2 14 43 4 1 1 5 8 1 1 1 13 1 20 135 1 1 6 1 1 89 6 1 1 1 27 48 1 1 2 57 137 135 122 112 65 1 1 1 1 1 1 1 6 45 8 1 33 1 1 1 1 3 4 1 5 1 1 1 0 0 1 1 1 9 2 2 2 2 1 2 2 4 1 1 1 6 5 1 2 1 1 0 1 2 1 1 1 1 1 1 4 8 4 8 13 16 15 10 5 93 1 1 1 1 1 29 80 18 3 1 1 1 1 1 1 1 1 1 1 1 1 2 1 1 1 1 1 1 1 2 3 58 224 235 178 13 1 1 1 2 98 3 1 1 9 6 1 1 1 1 1 1 1 1 1 1 2 35 99 131 73 55 17 78 7 1 1 1 1 1 0 0 0 1 3 1 1 1 1 48 16 1 1 1 1 1 0 0 0 0 0 0 0 0 0 0 0 0 0 0 0 0 0 0 1 1 19 1 1 1 181 93 0 1 1 1 1 1 0 0 1 81 246 230 6 1 1 1 1 31 1 1 1 1 1 1 9 13 2 1 1 1 1 1 1 2 63 7 17 18 18 18 19 21 7 1 1 16 219 135 1 1 1 1 1 27 36 1 0 0 0 1 0 0 0 0 0 0 0 0 0 1 13 38 1 1 1 1 1 1 0 0 0 0 0 0 0 0 0 1 1 1 0 0 0 0 0 0 0 0 0 0 0 0 0 0 0 0 1 0 0 0 0 0 0 0 1 1 254 1 0 1 1 1 0 1 23 1 0 0 0 0 0 1 0 1 1 2 1 1 2 1 1 1 1 1 1 23 169 1 1 1 1 0 0 0 0 0 0 0 1 1 1 1 1 1 1 1 1 1 1 1 2 66 242 248 219 6 1 1 1 1 1 1 0 0 1 1 1 237 128 9 2 1 1 1 1 1 1 1 17 2 1 1 1 5 2 1 0 1 1
1 22 10 1 1 1 1 1 43 1 3 3 1 1 1 5 12 3 1 0 0 27 1 1 10 2 1 109 4 2 1 1 93 214 1 1 1 1 1 1 1 1 2 4 124 60 27 18 55 74 68 13 1 1 1 1 1 1 1 1 1 69 1 0 0 1 1 0 0 0 0 0 1 8 0 1 3 3 248 1 1 1 1 15 45 52 51 51 52 51 44 13 1 1 1 11 4 1 1 1 0 9 1 1 151 5 1 1 6 1 59 51 2 1 1 77 9 3 86 137 80 8 2 1 2 94 33 1 0 0 1 1 1 1 1 27 67 9 1 1 1 1 1 1 5 3 3 0 1 1 0 0 1 1 5 1 1 2 3 12 15 15 21 13 13 12 4 1 1 3 1 0 0 2 1 1 0 1 0 1 1 10 2 1 1 1 1 1 2 9 111 14 12 8 11 40 45 3 4 11 18 20 18 9 3 1 1 1 1 1 1 1 2 1 1 1 1 1 1 1 1 1 1 1 9 198 240 235 220 231 239 241 13 1 1 24 1 1 0 0 0 0 0 1 1 2 1 1 3 1 9 73 25 59 135 84 45 5 1 1 1 1 1 1 2 2 1 1 1 1 1 31 55 4 1 1 1 1 1 0 0 0 0 0 0 0 0 0 0 0 0 0 0 0 0 0 1 1 16 3 4 217 1 1 1 0 1 0 0 0 0 1 1 2 189 248 173 1 1 8 13 1 1 1 1 1 12 3 1 1 1 1 0 0 0 1 42 3 1 1 1 1 1 1 1 1 1 1 1 1 166 209 2 1 1 1 85 1 0 0 0 0 1 1 0 0 0 0 0 0 0 1 1 1 78 1 1 1 1 1 1 1 0 0 0 0 0 0 0 1 1 0 0 0 0 0 0 0 0 0 0 0 0 0 0 0 0 0 0 1 0 0 0 0 0 0 0 1 3 254 1 0 1 1 1 0 1 23 1 0 0 0 0 0 1 0 1 1 2 0 1 1 1 2 1 1 1 1 1 144 64 1 1 1 0 0 1 1 1 1 1 1 1 1 1 1 1 1 1 1 1 1 1 1 1 1 13 209 248 147 1 1 1 0 1 1 1 1 1 1 50 241 240 114 6 1 1 1 1 1 1 1 20 1 1 1 5 3 1 1 1 97
1 43 2 1 0 0 1 1 38 5 1 1 0 1 1 1 1 8 8 1 1 27 1 1 1 13 9 125 65 2 1 1 221 66 1 1 1 1 1 2 12 9 98 144 35 1 23 1 3 26 36 57 73 56 4 1 1 1 1 1 47 8 0 0 0 0 1 0 0 0 0 0 6 1 0 2 1 175 225 1 0 0 0 0 0 1 1 1 1 1 1 1 1 2 12 1 1 0 1 1 0 1 10 1 51 112 1 1 7 1 6 18 74 23 7 138 119 114 28 1 1 3 1 1 1 1 111 19 1 1 0 1 1 1 1 1 40 47 12 1 1 1 1 1 1 4 12 1 0 1 1 1 1 1 5 1 1 4 7 1 1 1 3 1 1 1 1 1 1 2 1 0 1 3 1 0 0 0 0 1 1 13 1 1 1 1 1 1 1 2 88 5 18 27 24 3 34 3 1 1 1 1 1 4 12 18 20 18 8 2 1 1 2 1 1 1 1 1 1 1 1 1 1 1 1 16 3 51 139 85 15 60 234 2 44 4 1 1 1 1 1 0 0 0 0 1 1 1 1 1 1 1 35 100 1 2 19 74 90 87 43 3 1 1 4 1 0 0 1 1 1 1 3 52 29 1 1 1 1 1 1 0 0 0 0 0 0 0 0 0 0 0 0 0 0 0 0 1 1 9 146 169 1 1 0 0 1 0 0 0 0 0 2 1 1 1 234 248 166 45 1 1 0 1 1 3 7 1 1 1 1 1 0 0 0 0 61 1 1 1 0 1 1 1 1 1 0 0 0 1 1 50 225 147 1 78 3 1 0 0 0 0 0 1 1 0 0 0 0 0 0 0 1 1 4 61 1 1 1 1 1 1 0 0 0 0 0 0 0 1 1 0 0 0 1 1 0 0 0 0 0 0 0 0 0 0 0 0 0 1 0 0 0 0 0 0 0 1 234 251 1 0 1 0 1 0 1 23 1 0 0 0 0 0 1 0 1 1 2 0 0 0 1 1 1 1 2 1 1 2 190 1 1 1 1 1 1 1 1 1 1 1 0 1 1 1 1 1 1 1 1 1 1 1 1 1 1 1 85 248 1 1 1 0 0 0 1 1 1 1 1 1 49 233 244 210 28 2 1 1 1 1 4 11 1 1 5 3 1 1 1 207
8 23 1 1 0 1 0 1 27 10 1 0 0 1 1 1 1 1 2 12 1 27 1 0 1 4 110 1 109 5 1 12 231 2 1 1 1 7 126 141 125 122 46 5 1 1 24 1 1 1 1 23 36 40 70 73 27 1 1 6 56 1 0 0 0 0 1 1 0 0 0 1 8 0 0 3 1 248 2 1 1 0 1 1 1 1 1 1 1 1 1 1 6 8 1 1 1 0 1 1 0 1 13 1 1 146 9 1 7 1 6 1 1 29 92 176 23 1 1 1 2 18 1 1 1 1 2 107 29 1 1 0 1 0 1 7 5 4 18 43 2 1 1 1 1 1 5 10 2 1 1 1 1 1 5 2 8 2 1 0 0 1 2 1 1 1 1 0 1 1 3 0 1 2 0 0 0 0 0 1 1 14 1 1 0 1 1 1 1 5 115 6 1 1 1 1 28 1 1 2 2 2 1 1 1 1 1 1 5 14 18 20 14 3 1 1 1 1 1 2 1 1 1 1 1 10 1 1 1 1 1 1 195 223 187 191 72 2 1 1 1 1 1 0 0 1 2 1 1 3 1 1 2 56 5 1 1 1 1 2 23 79 91 89 32 2 1 1 1 1 1 1 1 1 18 55 13 1 1 1 1 1 0 0 0 0 0 0 0 0 0 0 0 0 0 0 0 1 1 1 158 158 2 1 1 0 1 0 0 0 1 0 2 1 1 1 1 14 242 248 64 1 1 1 1 17 1 1 1 1 1 1 1 1 1 1 57 0 0 0 1 1 1 0 0 1 1 1 0 0 0 1 5 164 212 84 1 1 1 1 1 1 0 0 1 1 0 0 0 0 1 1 1 1 1 9 78 15 1 1 1 1 1 0 0 0 0 0 1 1 0 0 0 1 1 1 1 0 0 0 0 0 0 0 0 0 0 0 0 1 0 0 0 0 0 0 0 1 254 86 1 1 1 0 1 0 1 23 1 0 0 0 0 0 1 1 1 1 1 0 0 0 0 0 0 1 1 1 2 2 62 149 1 1 1 1 1 1 0 0 0 0 1 1 1 0 0 0 0 1 1 1 1 1 1 1 1 1 1 216 239 1 1 0 1 1 1 1 1 1 1 1 1 1 4 191 243 239 102 4 1 1 1 13 3 1 4 4 1 1 10 213
41 2 1 0 1 1 1 1 11 23 1 0 0 1 1 0 1 1 1 1 11 36 1 0 1 58 27 1 8 163 3 170 173 1 1 2 88 134 14 1 2 5 4 1 1 1 21 1 1 1 2 1 1 3 24 37 78 91 72 57 1 1 0 0 0 0 0 1 0 0 1 4 2 0 1 2 3 248 1 1 1 1 1 1 1 1 1 1 1 2 8 20 4 1 0 0 1 0 0 1 0 0 13 1 1 39 121 1 2 5 6 1 1 1 51 148 1 1 1 11 14 19 10 5 5 1 1 4 95 30 1 1 1 1 3 3 1 9 1 2 40 23 1 1 1 1 1 4 6 4 1 1 1 1 20 6 1 1 1 0 0 1 2 1 0 0 0 0 1 1 3 1 2 1 0 0 0 0 0 1 1 14 1 0 0 0 1 0 1 27 61 1 1 1 1 1 28 1 1 1 1 1 1 1 2 2 1 1 1 1 1 1 2 7 14 16 16 10 3 2 1 1 1 1 10 1 1 1 1 1 1 1 180 150 2 3 148 179 17 1 1 1 1 1 1 1 1 1 1 2 1 1 24 2 25 1 1 1 1 1 1 1 3 4 32 77 86 69 13 1 1 1 1 1 1 3 38 60 57 33 8 1 1 1 0 0 0 0 0 0 0 0 0 0 0 0 0 0 1 1 134 169 1 2 3 1 1 0 0 0 1 1 2 1 1 0 1 1 19 52 246 247 30 1 1 17 1 1 1 0 1 1 0 1 1 21 14 0 0 0 1 1 1 0 0 0 1 1 0 0 1 2 2 1 156 174 4 1 1 1 1 1 1 1 0 1 1 0 0 1 1 1 1 1 1 1 1 38 78 35 1 1 1 0 0 0 0 0 1 1 1 1 0 0 1 1 1 1 1 0 0 0 0 0 0 0 0 0 0 1 0 0 0 0 0 0 1 1 254 1 1 1 0 0 1 0 1 23 1 0 0 0 0 0 0 1 1 1 1 0 0 0 0 0 0 0 0 0 1 1 2 181 17 1 1 1 0 0 0 0 0 0 1 1 1 0 0 1 1 1 1 1 1 1 1 1 1 1 1 5 248 1 1 1 1 0 1 1 1 1 1 1 1 1 1 1 1 69 235 244 202 20 1 1 20 1 1 6 1 1 174 159
34 1 1 0 1 1 1 0 4 39 1 0 0 0 1 1 1 0 1 1 1 46 1 1 13 54 5 1 75 23 163 236 23 3 94 143 61 3 1 1 1 6 1 1 1 1 6 13 2 1 0 0 0 0 1 1 1 15 39 1 1 1 0 0 0 0 0 1 1 0 1 6 0 0 3 1 173 225 1 1 1 1 1 1 1 1 1 1 1 3 19 1 1 1 0 0 1 0 0 1 1 0 4 5 1 1 147 7 1 4 11 1 1 5 165 12 1 6 22 3 1 1 9 12 14 23 1 1 3 126 6 1 1 1 6 1 1 10 1 1 1 9 44 2 1 1 1 2 2 2 7 2 7 14 2 3 1 1 1 0 0 1 2 1 0 0 0 1 1 1 3 1 2 1 0 0 0 0 1 1 2 9 1 0 0 0 1 1 1 93 7 1 1 1 1 1 26 1 1 1 1 1 1 0 0 1 1 1 2 2 1 2 1 1 1 1 1 2 9 12 13 12 7 3 11 1 0 1 1 1 1 159 39 2 75 1 1 16 180 143 4 1 1 1 1 1 1 2 1 1 3 1 31 1 2 23 1 1 1 1 1 1 2 1 1 1 3 3 44 75 37 1 1 1 1 1 3 1 2 10 39 61 26 1 1 1 0 0 0 0 0 0 0 0 0 0 0 0 1 1 7 215 10 1 1 2 3 1 1 0 0 1 2 0 1 1 1 21 1 1 1 60 248 245 64 1 1 1 0 0 0 1 1 0 1 55 1 1 0 0 1 1 1 1 1 0 1 1 1 1 2 3 1 19 47 3 146 24 1 1 1 1 1 1 1 1 1 1 1 1 1 0 1 1 1 1 1 1 1 16 78 47 2 1 0 0 0 1 1 0 1 1 1 1 0 1 1 1 1 1 0 0 0 0 0 0 0 0 1 1 0 0 0 0 0 0 1 244 249 1 1 1 0 0 1 1 1 24 1 0 0 0 0 0 0 1 1 1 1 0 0 0 0 0 0 0 0 0 1 1 1 3 193 1 1 1 1 1 1 0 0 1 1 1 1 1 1 1 1 1 1 1 0 1 1 1 1 1 1 18 248 1 0 1 1 1 3 16 177 232 65 2 1 1 1 1 1 1 1 6 200 244 239 92 6 17 1 6 3 1 210 225
6 1 0 1 1 0 0 0 3 43 1 0 0 0 1 1 1 1 1 1 1 44 1 2 81 1 4 1 69 4 4 251 150 145 50 1 1 1 1 1 1 4 1 1 1 1 1 31 1 1 0 1 1 1 1 1 1 1 28 1 1 0 0 0 0 0 0 0 1 1 8 1 0 0 3 1 248 2 1 1 1 1 1 1 1 1 1 1 2 26 1 1 1 1 1 0 1 1 0 1 1 0 1 13 1 1 49 116 1 1 15 1 1 19 172 2 26 8 1 1 1 1 1 1 1 2 24 1 1 3 121 15 1 7 1 6 8 10 1 1 1 1 2 42 9 1 1 1 3 1 3 34 17 1 1 1 1 2 1 0 0 1 2 1 0 0 0 1 0 1 3 2 1 0 0 0 0 0 1 1 8 2 1 0 0 0 0 1 1 107 2 1 1 1 0 2 19 1 0 0 0 0 1 1 1 1 0 0 0 1 1 1 1 1 1 1 1 1 1 1 1 1 2 6 1 0 0 1 1 1 120 93 1 1 17 37 1 1 1 77 189 79 2 1 1 1 1 1 1 1 3 3 22 1 1 6 12 1 1 1 1 3 1 1 1 1 2 1 1 1 15 71 66 29 2 1 1 2 1 1 1 1 15 59 31 1 1 1 1 0 0 0 0 0 0 0 0 0 1 1 1 50 217 116 1 1 1 1 2 1 1 1 2 1 1 1 5 7 1 1 1 1 1 133 248 237 15 1 1 0 0 1 0 1 1 56 1 0 0 1 1 1 1 1 1 1 1 3 3 2 1 1 1 91 1 1 1 119 66 1 1 1 1 1 1 1 1 1 1 1 0 1 1 1 1 0 0 1 1 1 1 38 59 60 6 1 0 1 1 0 0 1 1 1 1 0 1 1 1 1 1 0 0 0 0 0 0 0 1 0 0 0 0 0 0 0 1 254 1 1 1 0 0 0 1 1 1 23 1 0 0 0 0 0 0 1 1 1 1 0 0 0 0 0 0 0 0 0 0 1 1 1 108 110 1 1 1 1 1 1 1 1 1 1 1 0 0 0 0 0 1 0 0 1 1 1 1 1 1 206 219 1 1 1 1 144 246 246 238 170 244 246 195 11 1 1 1 1 1 1 1 1 71 237 244 217 79 68 85 130 214 234
1 1 1 1 0 0 0 0 7 32 1 0 0 0 0 1 1 1 1 1 1 43 1 68 7 1 1 61 49 1 1 224 151 3 1 1 1 1 2 2 1 2 3 1 1 1 1 30 1 1 1 1 1 1 1 1 1 4 15 1 1 0 0 0 0 0 0 0 1 3 4 0 0 1 3 3 248 1 1 1 1 1 1 1 1 1 1 1 31 1 1 1 1 1 1 0 1 1 0 1 1 0 1 3 6 1 2 148 7 1 2 11 13 15 159 23 1 1 1 1 9 7 9 9 4 1 18 7 1 1 2 114 46 5 6 56 38 80 2 1 1 1 1 1 23 49 41 14 4 11 17 1 2 8 2 1 1 1 2 1 1 1 2 1 1 1 1 1 1 1 3 2 1 0 0 0 1 1 1 1 13 1 1 0 0 0 0 1 1 110 1 1 0 0 1 10 6 0 0 0 0 0 0 0 0 1 1 1 0 0 0 0 0 0 1 1 1 1 2 1 1 1 1 1 1 0 0 1 1 2 189 1 1 1 1 43 13 1 1 1 2 141 180 54 23 20 18 17 21 13 9 47 4 1 1 1 30 1 1 1 3 1 1 1 1 2 1 1 1 1 1 2 1 17 59 64 45 2 1 1 8 1 1 1 10 56 32 2 1 1 1 0 0 0 0 0 0 0 1 1 1 1 3 178 213 20 1 1 1 1 2 3 4 1 1 1 24 1 0 0 0 1 1 23 1 152 248 229 7 1 1 1 0 0 1 55 1 1 1 1 1 1 1 1 1 1 2 1 1 1 1 1 1 94 1 1 1 1 83 115 41 1 1 1 1 1 1 1 1 1 1 1 1 1 1 1 0 1 1 1 1 17 1 2 45 68 16 1 0 0 0 0 0 1 1 1 1 1 1 1 1 1 1 0 0 0 0 0 1 0 0 0 0 0 0 1 246 248 1 1 1 0 0 0 1 1 1 22 1 0 0 0 0 0 0 1 1 1 1 0 0 0 0 0 0 0 0 0 0 0 1 1 1 192 3 1 1 1 1 1 1 1 1 1 0 0 0 0 0 0 0 0 0 1 1 1 1 1 1 248 3 1 1 1 1 246 38 6 2 3 2 34 221 247 240 72 2 1 1 1 1 1 1 1 4 187 242 244 243 248 244 192
1 1 1 0 0 0 0 0 2 46 1 0 0 0 0 0 1 0 0 0 1 44 27 41 1 2 45 54 1 0 0 47 233 2 2 1 1 1 1 2 3 1 6 1 0 1 0 7 10 0 0 0 1 1 0 0 1 28 1 0 1 1 1 0 0 0 0 0 1 8 1 0 1 1 3 171 227 1 1 1 1 1 1 1 1 1 1 10 11 1 0 1 1 1 1 0 1 1 0 0 1 1 1 2 14 2 1 83 93 1 1 6 5 42 148 11 1 1 0 4 3 0 1 0 3 4 1 14 19 1 1 1 79 98 105 21 3 18 25 1 0 1 1 1 1 1 11 24 48 53 4 1 1 1 5 6 1 1 1 2 1 1 1 1 1 1 1 1 2 4 4 1 1 0 0 1 1 0 1 1 14 1 0 0 0 0 0 1 1 110 1 0 0 1 1 21 2 0 0 0 0 0 0 0 0 0 0 1 1 1 0 0 0 0 0 0 1 1 1 1 1 1 1 1 1 1 1 1 1 96 119 1 1 1 1 1 69 2 1 1 1 1 9 155 121 3 1 1 2 4 5 44 9 11 11 11 56 17 16 18 19 11 9 5 3 3 1 1 1 1 1 7 10 14 11 12 34 76 51 51 33 56 14 1 1 1 9 39 23 1 1 1 1 0 0 0 0 1 1 1 1 1 1 1 37 214 5 1 0 1 1 1 1 23 46 42 2 1 1 0 0 0 6 6 1 1 1 182 248 225 4 1 1 1 8 25 1 1 1 1 1 1 1 1 1 1 2 0 0 1 1 1 1 94 1 1 1 1 1 83 4 51 1 1 1 1 1 1 1 1 1 1 1 1 1 1 0 1 1 1 1 5 6 1 1 1 29 76 36 1 1 0 0 0 0 1 1 0 0 0 0 1 1 1 1 0 0 0 1 0 0 0 0 0 0 1 254 1 1 1 1 0 0 0 1 1 1 19 1 0 0 0 0 0 0 1 1 1 1 0 0 0 0 0 0 0 0 0 0 0 0 1 1 19 178 1 1 1 0 1 1 1 1 0 0 0 0 0 0 0 0 0 0 1 1 1 1 1 46 247 1 1 1 1 115 242 2 1 1 1 1 1 1 6 131 244 246 199 10 1 1 1 1 1 1 1 1 1 1 5 227 253
1 1 0 0 0 0 0 0 1 52 1 0 0 0 0 1 1 0 1 1 1 58 91 19 22 17 51 10 1 0 0 1 200 158 2 2 2 1 1 1 1 2 3 1 1 1 0 1 29 1 0 1 1 0 0 0 7 12 1 1 1 1 1 1 1 0 1 0 1 8 1 1 1 2 2 248 2 0 1 1 1 1 1 1 1 2 2 32 1 0 1 1 0 0 1 1 1 0 0 1 1 1 2 1 1 11 1 9 145 1 2 2 11 156 23 11 1 0 0 8 1 0 1 0 0 4 3 1 3 25 4 1 1 3 2 2 12 23 82 1 0 0 1 1 1 1 6 1 1 1 33 1 1 1 1 1 8 4 1 2 5 6 10 26 24 23 16 10 3 2 1 1 1 1 1 1 0 1 1 1 13 1 0 0 0 0 0 1 4 99 1 0 1 1 1 26 1 0 0 0 0 0 0 0 0 0 0 0 0 0 1 1 0 0 0 0 1 1 1 0 0 1 1 1 1 1 1 1 1 186 4 1 1 1 0 1 1 75 1 1 1 1 1 1 57 165 53 1 1 1 1 18 1 1 1 1 12 4 1 2 1 1 2 3 12 9 11 12 12 13 8 3 3 2 1 1 3 15 3 1 1 1 20 56 26 9 17 5 7 40 23 3 1 1 1 1 0 1 1 1 1 1 1 0 1 121 176 1 1 1 1 1 1 47 1 2 7 7 7 3 1 1 23 1 1 1 0 1 1 201 248 214 2 1 50 1 0 0 1 1 1 1 1 0 0 1 1 1 1 1 1 1 1 86 1 1 1 1 1 25 38 1 53 2 1 1 1 1 1 1 1 1 1 1 1 0 0 1 1 1 1 1 15 1 1 0 1 1 13 73 56 3 1 1 1 0 1 1 0 0 0 0 1 1 1 1 0 0 1 0 0 0 0 0 1 246 248 1 1 1 0 0 0 0 1 1 1 14 2 1 0 0 0 0 0 1 1 1 1 0 0 0 0 0 0 0 0 0 0 0 0 0 1 1 156 52 1 1 1 1 1 1 0 0 0 0 0 0 0 0 0 0 0 1 1 1 1 1 245 100 1 1 1 1 246 58 1 1 1 1 1 1 1 1 1 2 26 218 247 240 69 2 1 1 1 1 1 1 1 1 1 191
1 1 0 0 0 0 0 0 1 45 3 1 0 0 0 1 1 1 1 7 51 148 28 3 2 1 50 7 0 0 0 0 1 228 64 1 1 1 0 1 1 1 2 1 0 0 0 1 30 1 1 1 0 0 0 1 7 27 24 1 1 1 0 0 1 1 1 1 4 2 1 1 1 3 3 248 1 0 1 1 1 2 2 2 2 1 20 3 1 0 1 1 0 0 1 1 1 1 1 1 1 1 1 0 0 11 1 1 149 10 6 14 166 17 11 6 0 0 0 9 1 0 1 1 0 0 5 2 1 1 16 15 1 1 0 1 1 3 95 1 1 0 0 0 1 1 6 1 1 1 7 14 1 1 1 1 1 3 7 6 6 4 3 7 2 2 4 7 11 12 12 12 13 6 2 2 1 1 1 2 8 1 1 1 1 0 0 1 45 42 1 0 1 0 1 29 1 0 0 0 0 0 0 0 0 0 0 0 0 0 0 1 1 1 1 0 1 0 0 0 0 0 0 0 1 1 1 1 1 195 1 1 1 1 1 1 1 6 51 1 1 1 1 1 1 2 123 155 10 1 18 3 1 1 1 1 1 23 2 1 1 1 1 2 1 1 1 1 2 1 1 1 1 1 1 1 8 2 3 1 0 0 1 1 8 27 10 31 5 3 8 32 43 43 39 15 1 1 1 1 1 1 1 1 1 19 216 1 1 1 1 1 1 47 1 1 1 1 1 3 7 6 25 1 1 1 1 0 1 1 1 213 248 204 70 1 1 1 0 1 1 1 1 0 1 2 1 1 1 1 1 0 23 39 0 1 1 1 1 1 16 66 25 16 1 1 1 1 1 1 1 1 1 2 1 1 0 1 0 1 1 1 17 0 1 0 1 1 1 1 4 62 71 11 1 1 1 1 0 0 0 0 0 1 1 1 1 0 1 0 0 0 0 0 2 254 1 0 1 1 0 0 0 0 1 1 1 7 5 1 0 0 0 0 0 1 1 1 1 0 0 0 0 0 0 0 0 0 0 0 0 0 0 1 1 197 1 1 1 1 1 1 0 0 0 0 0 0 0 0 0 0 0 1 1 1 1 3 248 1 1 1 1 7 248 2 1 1 1 1 1 1 1 1 1 1 1 1 4 124 244 247 200 4 1 1 1 1 1 1 1 1
1 0 0 0 0 0 0 0 1 12 22 1 1 1 1 1 9 50 57 36 40 82 1 1 1 2 75 1 0 0 0 0 0 17 236 7 1 1 1 0 1 1 1 1 0 0 1 1 21 2 0 0 0 0 0 4 1 1 2 24 20 1 1 0 0 14 16 7 10 1 1 1 1 2 169 228 1 1 2 1 1 1 1 1 0 3 19 1 1 1 1 0 0 1 1 1 0 1 1 1 1 1 1 1 0 8 2 1 108 72 39 182 85 22 5 1 0 0 1 10 1 0 0 1 1 0 1 5 4 1 1 7 33 1 1 1 1 10 52 6 1 1 0 0 0 1 6 1 1 1 1 33 2 1 1 1 0 1 1 0 0 1 1 4 1 1 1 1 1 1 1 8 4 9 16 21 23 24 22 38 17 3 1 1 1 1 1 1 99 4 1 1 1 0 1 29 1 0 0 0 0 0 0 0 0 0 0 0 0 0 0 0 0 0 1 1 1 0 0 0 0 0 0 0 0 0 0 1 1 195 1 1 1 1 1 1 1 1 72 1 1 1 1 1 1 3 1 9 155 111 37 1 1 1 1 1 1 30 1 1 1 1 1 2 1 0 0 1 2 1 1 1 1 1 1 4 2 7 1 0 0 0 0 0 1 1 1 13 55 61 63 61 47 24 2 16 25 1 1 1 1 1 1 1 1 34 223 3 1 1 1 1 1 48 3 15 14 14 8 1 1 36 23 15 2 1 1 1 1 1 1 1 1 221 250 193 2 1 1 1 1 1 1 1 1 1 0 1 1 1 0 1 83 2 0 0 1 1 1 1 1 3 107 3 12 2 1 1 1 1 1 1 1 1 2 2 1 1 1 1 0 1 19 1 1 1 1 1 1 1 1 1 2 43 81 30 1 1 1 0 0 0 0 0 1 1 1 1 1 1 1 0 0 1 246 248 1 0 1 1 0 0 0 0 1 1 1 3 12 1 0 0 0 0 0 1 1 1 1 0 0 0 0 0 0 0 0 0 0 0 0 0 0 1 1 72 145 1 1 1 1 0 0 0 0 0 0 0 0 0 0 0 1 1 1 1 1 184 233 1 1 1 1 223 198 1 1 1 1 1 1 1 1 1 1 1 1 1 1 1 1 18 218 247 216 1 1 1 1 1 1 1
0 0 0 0 0 0 0 1 1 2 47 1 2 21 53 54 30 2 1 4 44 50 1 0 1 1 77 1 0 0 0 0 0 1 108 222 1 1 1 0 1 1 1 2 1 0 0 1 2 23 0 0 0 0 1 4 0 0 0 1 2 25 2 0 1 17 1 4 23 7 1 1 3 1 249 2 0 0 0 1 2 1 2 2 2 30 1 1 1 0 1 1 1 1 1 1 1 1 1 1 1 1 1 1 0 10 1 1 9 156 168 4 1 1 0 0 0 0 1 6 0 0 0 0 1 1 1 0 2 7 1 1 2 30 1 1 1 12 2 59 1 1 1 0 0 1 6 1 1 1 1 2 31 1 1 1 1 0 0 0 0 0 1 4 1 1 1 0 0 1 5 1 1 1 1 1 1 1 1 16 6 14 21 19 2 1 1 1 110 1 1 1 0 0 1 28 1 0 0 0 0 0 0 0 0 0 0 0 1 1 1 0 0 0 1 1 1 0 0 0 0 0 0 0 0 0 0 1 1 194 1 1 1 1 1 1 1 1 18 35 1 1 1 1 2 1 2 3 1 69 179 50 1 1 1 1 1 13 6 1 1 1 2 1 1 1 1 1 1 2 1 2 1 1 2 2 5 4 1 0 0 0 0 0 0 0 1 1 1 1 1 1 5 22 67 1 10 35 18 3 1 1 1 1 1 124 220 71 86 85 88 84 89 72 20 4 1 1 2 9 10 18 1 1 7 15 14 14 14 14 3 1 1 1 3 229 250 189 1 1 1 1 1 1 2 1 1 1 1 0 0 1 91 1 0 0 0 0 1 1 0 1 1 102 14 6 6 1 1 1 2 1 1 0 1 1 2 5 4 2 1 1 17 1 1 1 1 1 0 1 1 1 1 1 1 25 81 55 2 1 1 0 0 1 1 1 1 1 1 0 1 1 1 2 254 1 0 1 1 1 1 1 1 1 1 1 1 1 18 1 0 0 0 0 0 1 1 1 1 0 0 0 0 0 0 0 0 0 0 0 0 0 0 0 1 1 186 10 1 1 1 0 0 0 0 0 0 0 0 0 0 0 1 1 1 1 1 248 6 1 1 1 1 248 6 1 1 1 1 1 0 1 1 1 1 1 1 1 1 1 1 1 1 6 211 225 3 1 1 1 1 140
0 0 0 0 1 1 1 1 1 3 83 56 53 16 1 1 1 1 1 53 2 50 1 0 1 5 60 1 0 0 0 0 0 0 1 181 190 1 1 1 1 1 1 2 1 1 1 1 1 30 0 0 0 0 5 1 0 0 0 0 0 1 27 1 1 17 1 1 3 1 8 2 3 3 249 1 0 0 1 2 1 0 0 0 1 23 1 0 1 1 1 1 1 1 1 1 1 1 1 1 1 1 1 1 1 11 1 1 2 124 5 1 0 0 0 0 0 1 10 1 0 1 1 1 1 1 1 0 0 2 6 1 1 5 18 1 9 2 1 28 20 1 1 1 0 1 5 1 1 0 1 1 17 6 1 1 1 1 0 0 0 0 1 4 1 0 0 0 1 1 6 1 0 0 0 1 1 1 1 11 1 1 1 2 20 1 1 1 110 1 0 0 0 0 1 24 1 0 0 0 0 0 0 0 0 0 0 1 1 1 1 1 1 1 1 1 1 1 1 1 1 1 0 0 0 0 1 1 25 171 1 1 1 0 1 1 1 1 1 84 1 1 1 2 1 1 1 1 2 24 12 115 142 7 1 1 1 1 11 8 1 1 2 1 1 1 1 0 1 1 2 1 2 1 4 2 10 1 0 0 0 0 0 0 0 0 0 0 0 0 1 1 1 1 37 9 1 1 6 29 41 38 20 1 1 229 68 1 1 1 1 1 7 1 1 1 3 2 1 1 5 2 1 1 1 1 1 1 1 1 5 8 1 1 1 1 5 233 246 80 1 1 5 3 1 1 1 1 1 0 0 1 91 1 1 0 0 0 0 1 1 1 0 1 85 34 2 12 1 1 1 1 1 1 1 1 1 1 1 2 4 4 18 7 1 1 1 1 1 0 1 1 0 1 1 1 1 15 89 85 9 1 1 1 1 1 1 1 1 1 0 0 1 246 248 1 0 1 1 1 1 1 1 0 1 1 1 1 21 1 0 0 0 0 0 1 1 1 1 0 0 0 0 0 0 0 0 0 0 0 0 0 0 0 1 1 4 190 1 1 1 0 0 0 0 0 0 0 0 0 0 1 1 1 1 1 20 248 1 1 1 1 99 244 1 1 1 1 1 1 1 1 1 2 1 1 1 1 1 1 1 1 1 7 44 239 235 39 7 1 140 253
0 1 1 1 1 1 3 35 67 70 64 2 1 1 1 1 1 1 29 10 1 52 1 0 1 62 4 1 1 0 0 0 0 0 0 1 183 236 144 14 4 15 21 32 51 53 66 68 69 94 24 1 1 3 51 34 1 0 0 0 0 0 16 4 1 17 1 2 2 0 1 7 4 162 231 1 0 0 2 0 0 0 0 0 10 4 1 1 1 0 1 1 1 0 1 1 1 1 0 0 1 1 1 1 3 39 1 1 49 37 1 1 0 0 0 0 0 3 4 1 0 0 1 1 1 1 1 1 1 1 1 6 1 1 13 10 11 1 1 1 28 56 4 1 1 1 5 1 1 1 1 1 1 36 1 1 1 1 0 0 0 0 1 4 1 1 1 1 1 4 2 1 1 1 1 1 1 2 2 10 1 1 1 1 2 19 1 1 108 1 1 0 0 0 4 13 0 0 0 0 0 0 0 0 0 0 0 1 0 1 1 1 1 1 1 1 1 1 1 1 0 1 0 0 0 0 1 1 143 78 1 1 1 1 1 1 1 1 1 89 1 1 1 2 1 1 1 1 1 26 10 2 17 149 98 4 1 1 1 7 25 27 2 1 1 1 1 1 1 1 3 1 1 2 4 9 1 1 0 0 0 0 0 0 0 0 0 0 0 0 0 0 0 1 2 58 1 1 1 1 1 1 6 40 4 240 1 1 1 1 1 1 9 3 1 1 1 1 5 7 1 1 1 0 1 1 1 1 1 1 1 1 10 9 9 9 9 9 145 248 248 149 2 1 1 1 1 1 0 0 1 1 91 0 0 0 0 0 1 1 1 1 1 1 1 55 63 1 17 2 1 1 0 1 1 1 1 1 1 1 1 1 2 33 3 3 2 1 1 1 1 1 1 1 1 1 1 3 1 3 68 91 16 1 1 0 0 0 1 1 1 0 2 254 1 0 1 1 1 1 1 1 1 1 1 1 0 1 23 1 0 0 0 0 0 1 1 1 1 0 0 0 0 0 0 0 0 0 0 0 0 0 0 0 1 1 1 125 94 1 1 0 0 0 0 0 0 0 0 0 0 1 1 1 1 1 241 151 1 1 1 1 245 62 1 1 1 1 1 1 1 1 1 1 1 1 1 0 1 1 1 1 24 48 93 19 217 253 253 253 250 6
1 1 1 5 41 71 66 19 3 3 13 1 1 0 0 0 1 4 43 1 1 52 1 1 1 77 1 0 1 1 0 0 0 0 0 0 1 18 208 242 235 168 50 28 13 6 2 2 2 1 9 51 48 37 1 16 9 0 0 0 0 0 5 16 16 11 1 3 1 0 1 2 6 249 2 1 0 0 2 0 0 1 1 0 23 1 1 0 1 1 0 0 1 1 19 29 29 27 3 1 0 1 1 19 24 14 64 23 111 1 1 1 0 0 0 0 0 9 1 1 1 1 1 0 0 1 0 1 1 1 0 1 6 1 1 33 3 9 1 1 1 3 54 42 2 1 6 1 1 0 1 1 1 5 21 1 1 1 1 1 1 1 1 5 3 4 4 5 8 63 18 2 1 2 2 1 1 1 5 8 1 1 1 1 1 3 16 7 92 1 1 0 0 0 19 2 0 0 0 0 0 0 0 0 0 0 1 1 0 1 1 1 0 1 1 1 1 1 1 1 1 0 0 0 0 1 1 3 181 3 1 1 1 1 1 1 1 1 1 37 31 1 2 1 1 0 0 1 9 2 1 8 7 3 74 152 46 1 1 1 2 2 19 4 1 1 1 1 1 1 3 1 1 9 11 1 1 0 0 0 0 0 0 0 0 0 0 0 0 0 0 0 0 0 1 27 67 57 12 1 1 1 1 1 75 239 1 1 1 1 1 1 1 2 6 7 1 1 2 1 1 1 0 0 0 0 0 1 0 0 0 1 1 1 1 1 1 1 1 1 89 246 248 112 1 1 1 1 1 1 1 1 88 1 0 0 0 0 1 1 1 1 1 1 1 1 26 95 29 43 1 1 1 1 1 0 1 2 1 1 1 0 1 29 1 1 1 1 2 2 3 1 1 1 1 1 1 3 0 0 1 1 61 68 1 1 0 0 1 0 1 1 246 248 1 1 1 1 1 1 1 0 1 0 1 1 1 1 23 1 0 0 0 0 0 1 1 1 1 0 0 0 0 0 0 0 0 0 0 0 0 0 0 0 0 1 1 1 199 2 1 1 1 0 0 0 0 0 0 0 0 1 1 1 1 2 248 1 1 0 1 4 248 3 1 1 1 1 1 1 1 1 1 1 1 1 0 1 1 1 9 34 81 60 1 1 51 250 2 1 1 2
