2 1 0 0 0 0 0 0 0 2 1 0 0 2 2 2 2 1 0 3 4 7 9 12 19 21 25 27 30 31 28 27 24 22 21 17 17 19 21 29 36 40 41 48 60 55 49 46 46 45 40 30 30 25 22 24 26 30 34 37 37 40 43 44 50 51 50 51 56 60 68 74 98 96 83 91 94 89 64 48 27 18 7 8 6 5 2 0 0 2 3 4 5 6 8 8 7 8 11 12 15 18 19 24 30 35 41 54 73 90 93 86 60 46 33 26 23 22 22 20 20 19 17 20 23 27 33 40 45 51 54 56 64 74 81 81 84 83 86 77 62 59 54 55 50 46 46 45 40 34 27 25 25 23 21 19 19 19 17 14 14 13 14 13 14 13 12 9 7 7 8 7 5 4 5 3 6 5 6 6 8 11 10 12 18 26 29 44 69 74 47 33 24 21 40 63 100 151 197 249 255 255 244 77 25 10 8 14 21 29 55 49 15 5 2 0 0 0 0 0 0 0 0 3 3 5 9 35 109 77 40 21 14 6 3 3 2 1 2 0 0 0 0 0 1 0 0 0 0 0 0 0 0 0 0 0 0 0 0 0 0 0 0 0 0 0 0 0 0 0 1 1 0 0 0 3 3 5 14 5 4 0 2 1 0 0 0 0 2 0 2 0 2 13 45 42 23 12 4 4 3 1 2 0 2 3 0 0 0 0 0 0 0 0 0 0 0 0 0 0 0 0 0 0 0 0 0 0 0 0 0 0 0 0 0 0 0 0 0 0 0 0 0 0 0 1 2 2 2 5 8 9 20 69 181 240 247 219 152 65 26 12 7 6 3 3 4 4 8 10 28 82 235 255 255 255 195 70 17 6 5 2 1 4 4 7 22 145 253 253 253 240 117 28 5 4 5 4 4 4 4 8 13 13 16 12 6 4 4 7 7 4 2 3 4 4 3 1 0 0 0 0 0 0 0 0 0 0 0 0 0 0 0 4 2 0 0 0 0 0 0 0 0 0 0 0 0 0 0 0 0 0 0 0 0 2 0 0 0 0 0 0 0 0 2 2 2 21 177 253 238 44 9 2 0 0 0 0 0 0 2 0 0 0 2 0 0 0 0 0 0 0 2 0 0 0 0 0 0 0 0 0 0 0 0 0 0 0 0 0 0 0
0 0 0 0 0 0 0 0 0 0 1 2 0 0 0 0 2 0 0 0 0 2 3 4 5 12 16 25 26 28 27 27 27 29 29 29 28 29 27 27 27 25 27 35 41 49 44 41 49 51 50 53 51 55 57 57 56 57 56 57 66 68 68 70 66 75 82 84 85 80 75 78 101 80 66 52 56 70 89 53 39 26 22 13 12 10 9 8 7 8 8 7 9 12 13 14 16 20 24 27 29 33 35 39 49 62 76 97 90 60 39 26 19 16 13 10 9 9 9 9 9 11 13 14 15 16 17 17 22 24 27 31 31 33 35 45 52 56 57 60 70 76 81 78 76 74 73 70 66 63 53 52 51 50 49 45 37 33 29 28 26 25 22 19 17 16 16 15 12 12 11 11 14 13 13 11 11 13 16 15 15 16 20 28 29 34 51 74 71 42 26 24 17 23 46 65 107 167 225 252 255 254 216 54 19 8 9 10 21 27 57 50 15 5 2 2 1 0 0 0 1 2 2 0 3 2 8 20 88 99 50 28 17 9 3 2 2 0 0 2 1 0 0 0 0 0 0 0 0 0 0 0 0 0 0 0 0 0 0 0 0 0 0 0 0 0 0 0 0 0 0 2 0 0 0 3 3 6 13 5 3 0 2 1 1 0 0 0 2 0 2 0 2 4 30 52 30 15 8 4 4 2 0 2 2 3 0 0 0 0 0 0 0 0 0 0 0 0 0 0 0 0 0 0 0 0 0 0 0 0 0 0 0 0 0 0 0 0 0 0 0 0 2 2 2 3 3 4 3 2 4 5 8 18 61 157 235 247 232 166 88 31 15 8 4 2 5 9 12 30 92 228 255 255 255 218 92 25 10 6 2 3 3 4 3 3 10 62 230 253 253 251 199 61 10 4 5 4 4 4 5 7 13 15 14 10 7 7 7 4 2 3 4 3 1 0 0 0 0 0 0 0 0 0 0 0 0 0 0 0 0 0 0 3 4 0 0 0 0 0 0 0 0 0 0 0 0 0 0 0 0 0 0 0 0 2 0 0 0 0 0 0 0 0 2 2 1 13 127 252 245 84 11 2 0 0 0 0 0 0 2 0 0 0 2 0 0 0 0 0 0 0 2 0 0 0 0 0 0 0 0 0 0 0 0 0 0 0 0 0 0 0
0 0 0 0 0 0 0 0 0 0 0 0 2 2 2 0 0 2 0 0 0 0 0 2 2 3 4 7 12 18 23 28 33 32 30 27 27 27 27 27 30 35 37 42 47 51 49 51 51 57 64 72 67 68 72 70 74 72 72 68 66 65 63 59 57 51 47 44 45 47 45 53 84 56 27 22 22 36 64 74 49 35 22 20 13 11 11 14 12 11 10 12 18 16 18 22 30 38 40 41 49 51 64 81 94 97 85 52 35 23 19 15 11 6 7 7 7 7 6 8 9 9 6 7 7 6 8 10 11 12 12 13 17 20 23 23 23 29 35 40 45 44 46 50 53 59 67 71 78 89 95 87 85 83 76 74 73 67 64 62 54 50 47 40 35 28 26 25 24 22 22 23 24 20 18 20 25 20 19 16 21 27 29 34 47 61 71 60 37 25 19 15 19 30 58 76 139 194 248 254 255 249 150 37 15 8 9 10 20 29 69 40 14 3 2 2 2 2 0 2 1 0 0 0 2 2 5 12 58 108 60 41 21 12 5 3 0 2 0 0 2 0 0 0 0 0 0 0 0 0 0 0 0 0 0 0 0 0 0 0 0 0 0 0 0 0 0 0 0 0 0 1 1 0 2 3 5 6 13 5 3 0 2 0 2 0 0 0 0 2 1 1 1 1 16 45 41 23 10 4 4 1 2 1 2 3 0 0 0 0 0 0 0 0 0 0 0 0 0 0 0 0 0 0 0 0 0 0 0 0 0 0 0 1 3 3 3 3 3 3 3 3 2 2 2 0 0 3 2 1 2 4 5 7 17 50 128 225 247 240 190 105 39 21 11 10 13 20 39 131 238 255 255 255 238 105 34 10 8 5 2 1 3 3 2 3 5 21 144 251 251 253 246 125 29 5 5 4 5 6 8 9 8 10 15 16 12 4 0 4 4 3 0 0 0 0 0 0 0 0 0 0 0 0 0 0 0 0 0 0 0 0 0 3 4 0 0 0 0 0 0 0 0 0 0 0 0 0 0 0 0 0 0 0 0 1 1 0 0 0 0 0 0 0 0 3 0 10 86 250 250 117 11 4 0 0 0 0 0 0 0 2 0 0 2 0 0 0 0 0 0 0 2 0 0 0 0 0 0 0 0 0 0 0 0 0 0 0 0 0 0 0
0 0 0 0 0 0 0 0 0 2 3 3 3 3 3 4 4 5 4 4 4 4 5 4 3 0 1 3 4 4 10 12 13 19 23 27 29 31 34 34 34 33 35 34 38 44 50 53 53 52 55 53 56 59 53 51 47 47 44 41 38 35 30 28 25 24 23 23 21 23 19 31 53 44 21 16 18 18 29 73 73 51 32 26 25 22 19 12 11 15 18 20 16 21 34 51 72 89 93 92 93 92 89 84 63 45 33 24 16 12 8 5 5 9 7 8 8 7 8 7 6 5 7 6 7 7 6 6 5 6 5 8 10 8 8 9 11 13 15 18 21 25 29 29 30 34 33 33 34 40 44 53 56 60 67 71 74 83 82 75 81 81 78 75 67 63 56 55 51 50 45 35 35 33 33 33 30 28 30 30 31 33 44 54 71 73 50 27 19 17 16 18 25 44 70 113 170 236 253 255 253 221 87 24 10 7 9 11 20 40 70 31 11 3 0 0 0 2 2 0 0 0 0 0 0 2 4 8 26 92 99 51 28 17 9 5 2 0 2 0 0 2 1 0 0 0 0 0 0 0 0 0 0 0 0 0 0 0 0 0 0 0 0 0 0 0 0 0 0 0 0 0 2 0 3 2 5 7 13 4 3 1 2 0 1 1 0 0 0 2 0 2 0 2 4 32 50 31 15 8 4 3 2 0 2 3 0 0 0 0 0 0 0 0 0 0 0 0 0 0 0 0 0 0 0 0 2 2 2 2 3 3 3 2 0 0 0 0 0 0 0 0 0 0 0 0 0 0 3 2 0 2 4 5 8 15 42 116 209 247 244 208 131 50 30 28 38 84 197 251 255 255 255 240 117 39 13 8 4 4 3 2 3 2 3 3 2 11 54 229 253 252 253 210 63 10 4 6 7 8 7 5 6 11 16 14 11 6 4 2 2 0 0 0 0 0 0 0 0 0 0 0 0 0 0 0 0 0 0 0 0 0 0 3 4 0 0 0 0 0 0 0 0 0 0 0 0 0 0 0 0 0 0 0 0 0 2 0 0 0 0 0 0 0 0 2 1 6 52 245 252 158 16 6 0 0 0 0 0 0 0 2 0 1 1 0 0 0 0 0 0 0 2 0 0 0 0 0 0 0 0 0 0 0 0 0 0 0 0 0 0 0
0 0 0 0 2 3 4 4 4 3 2 2 2 1 0 3 2 3 5 5 4 3 1 2 4 5 4 3 4 4 3 4 5 5 9 10 13 14 14 17 17 18 17 19 20 22 22 26 26 26 25 24 24 22 23 22 23 20 19 17 15 12 12 10 8 7 7 7 6 12 14 27 49 36 13 10 8 11 18 30 73 68 57 42 26 22 20 23 26 24 25 27 40 59 78 96 88 71 66 70 63 60 47 36 27 23 16 12 9 6 7 8 8 6 6 6 5 5 4 5 5 6 6 6 6 6 5 6 7 6 5 5 4 5 6 8 8 6 6 8 10 11 10 14 16 15 15 17 18 20 23 25 27 31 31 33 40 45 52 59 61 65 66 73 81 85 86 83 81 68 60 60 56 55 53 48 47 45 44 43 49 55 73 72 55 30 21 14 15 15 18 25 36 61 94 154 214 250 255 254 247 130 43 16 7 7 11 10 26 56 57 26 8 0 2 2 2 1 0 0 0 0 0 0 0 0 2 5 13 48 96 87 49 26 16 9 5 2 0 2 0 0 1 1 0 0 0 0 0 0 0 0 0 0 0 0 0 0 0 0 0 0 0 0 0 0 0 0 0 0 0 0 2 2 2 3 4 10 10 3 2 2 1 0 0 1 1 0 0 1 1 2 0 0 2 17 45 41 23 10 3 5 1 2 3 2 0 0 0 0 0 0 0 0 0 0 0 3 3 3 3 3 3 3 3 3 2 2 2 1 0 0 0 0 0 0 0 0 0 0 0 0 0 0 0 0 0 0 1 3 2 0 2 4 4 7 13 34 104 189 242 247 222 175 104 101 164 247 255 255 255 255 238 119 38 14 6 4 2 1 4 5 2 2 2 3 3 5 20 140 252 252 253 247 139 24 7 9 8 7 5 8 9 5 9 15 15 6 0 0 2 0 0 0 0 0 0 0 0 0 0 0 0 0 0 0 0 0 0 0 0 0 0 3 4 0 0 0 0 0 0 0 0 0 0 0 0 0 0 0 0 0 0 0 0 0 2 0 0 0 0 0 0 0 0 2 1 5 34 228 253 197 21 6 0 0 0 0 0 0 0 2 0 2 0 0 0 0 0 0 0 0 2 0 0 0 0 0 0 0 0 0 0 0 0 0 0 0 0 0 0 0
0 0 3 5 3 4 3 4 4 4 5 5 5 6 5 5 5 5 3 4 5 5 4 4 3 4 5 4 3 3 3 3 4 4 4 3 3 3 6 6 6 8 5 5 6 7 8 8 7 8 7 8 8 8 10 9 8 7 6 6 6 4 4 5 5 6 4 4 5 7 12 32 49 31 13 9 4 3 9 20 32 60 71 68 59 41 34 32 30 28 39 56 69 82 79 53 44 37 32 24 20 17 19 18 18 13 7 5 5 5 5 5 5 3 3 3 3 3 4 4 3 3 4 4 4 4 5 5 5 5 7 6 5 6 5 5 5 7 8 8 7 8 8 8 8 9 10 11 11 13 13 13 12 11 13 15 15 15 16 18 21 25 28 31 33 42 50 56 59 67 76 76 76 76 79 77 82 89 91 89 81 76 54 35 19 19 14 14 15 21 21 30 51 93 142 194 247 254 255 250 191 66 20 12 6 9 9 15 31 71 46 17 5 2 0 0 0 0 0 0 0 0 0 0 0 2 2 5 5 20 60 99 89 51 30 20 11 9 4 3 3 3 2 2 1 0 0 0 0 0 0 0 0 0 0 0 0 0 0 0 0 0 0 0 0 0 0 0 0 0 0 0 0 3 2 4 5 11 9 3 2 2 0 0 0 0 1 1 0 0 2 2 0 0 1 7 34 50 29 16 6 5 2 2 3 2 3 2 2 2 2 3 3 3 3 3 3 0 0 0 0 0 0 0 0 0 0 0 0 0 0 0 0 0 0 0 0 0 0 0 0 0 0 0 0 0 0 0 0 2 2 2 0 2 4 4 6 12 30 84 178 242 250 242 238 247 255 255 255 255 255 222 108 35 13 6 5 2 0 0 4 4 4 1 4 3 3 2 11 52 229 253 252 254 216 59 11 7 7 9 9 5 5 5 5 13 16 9 0 0 2 0 0 0 0 0 0 0 0 0 0 0 0 0 0 0 0 0 0 0 0 0 1 3 3 0 0 0 0 0 0 0 0 0 0 0 0 0 0 0 0 0 0 0 0 0 2 0 0 0 0 0 0 0 0 2 0 3 24 201 253 223 30 8 1 0 0 0 0 0 0 2 0 2 0 0 0 0 0 0 0 0 2 0 0 0 0 0 0 0 0 0 0 0 0 0 0 0 0 0 0 0
2 4 3 0 3 0 3 0 1 2 2 2 2 2 6 7 8 11 14 13 11 12 11 9 7 5 4 6 5 4 3 4 2 2 3 4 0 0 1 1 0 0 3 3 3 3 3 4 4 3 3 3 4 4 2 0 0 1 2 1 1 2 2 3 4 4 4 6 7 7 13 36 50 24 15 9 3 4 6 8 13 30 49 65 79 82 71 52 51 66 72 75 77 58 42 31 20 16 15 13 13 15 13 11 8 5 6 5 5 5 3 4 4 4 5 4 5 4 5 5 5 5 5 4 4 3 3 3 3 4 4 5 6 5 5 7 7 7 6 7 7 7 8 8 8 6 6 6 5 6 7 8 10 11 11 11 9 9 9 11 12 12 12 13 16 16 17 18 22 31 34 37 42 44 47 48 46 41 45 48 43 33 22 17 14 10 11 15 19 19 27 51 81 131 179 242 253 255 252 223 97 26 14 10 5 12 9 20 46 70 34 10 1 0 0 0 0 0 0 0 0 0 2 2 2 0 0 2 4 9 22 51 99 97 64 39 27 12 7 4 3 3 3 1 2 2 0 0 0 0 0 0 0 0 0 0 0 0 0 0 0 0 0 0 0 0 0 0 0 0 0 0 2 2 3 4 8 11 6 3 2 2 0 0 0 0 0 2 0 0 2 0 2 0 0 3 18 50 37 21 11 4 6 2 4 2 2 2 2 2 2 0 0 0 0 0 0 0 0 0 0 0 0 0 0 0 0 0 0 0 0 0 0 0 0 0 0 0 0 0 0 0 0 0 0 0 0 0 0 0 2 2 1 0 3 4 4 5 11 26 68 157 239 252 254 255 255 255 255 251 186 85 33 13 8 5 2 0 0 3 2 2 2 4 2 2 2 2 5 20 137 252 252 253 252 135 17 9 11 7 6 5 4 4 4 9 17 14 2 2 0 0 0 0 0 0 0 0 0 0 0 0 0 0 0 0 0 0 0 1 3 3 1 2 4 1 0 0 0 0 0 0 0 0 0 0 0 0 0 0 0 0 0 0 0 0 2 0 0 0 0 0 0 0 0 2 0 2 16 151 253 240 57 10 4 0 0 0 0 0 0 2 0 2 0 0 0 0 0 0 0 0 2 0 0 0 0 0 0 0 0 0 0 0 0 0 0 0 0 0 0 0
3 4 1 2 3 3 4 4 3 4 5 7 14 16 17 23 29 27 21 16 11 9 7 8 9 7 8 7 7 7 7 5 4 4 4 4 4 4 3 1 0 0 0 0 0 0 0 0 0 2 3 2 3 3 4 4 6 6 4 5 4 5 4 4 2 4 3 5 7 8 17 40 46 15 14 7 2 2 3 3 7 12 17 33 46 66 79 89 81 76 77 59 46 30 17 13 14 10 8 9 13 12 9 7 5 5 3 2 3 3 4 3 3 3 4 5 5 5 5 5 5 5 5 4 4 7 9 9 10 10 11 11 11 12 12 10 8 8 8 9 8 7 7 8 7 8 8 9 8 7 7 6 7 6 5 5 7 8 7 6 8 7 9 11 13 14 15 17 17 15 15 15 15 18 19 22 24 26 27 19 16 17 13 9 12 15 17 19 21 33 49 75 124 174 233 250 255 253 239 131 36 17 11 9 5 14 10 24 61 62 24 5 0 0 0 0 0 0 0 0 1 2 0 0 0 0 0 2 0 4 10 20 45 94 107 94 61 35 21 11 7 4 3 3 0 2 1 0 0 0 0 0 0 0 0 0 0 0 0 0 0 0 0 0 0 0 0 0 0 0 0 1 2 1 2 5 9 10 4 3 2 2 0 0 0 0 0 0 2 0 0 2 2 0 0 2 10 32 55 26 14 7 5 3 3 0 1 1 0 0 0 0 0 0 0 0 0 0 0 0 0 0 0 0 0 0 0 0 0 0 0 0 0 0 0 0 0 0 0 0 0 0 0 0 0 0 0 0 0 0 0 2 3 1 0 3 3 4 5 10 20 58 166 251 255 255 255 255 222 133 65 30 10 6 4 4 0 0 2 2 3 2 3 3 3 1 2 0 2 12 51 230 252 250 254 219 47 9 5 5 5 4 3 4 3 6 15 17 5 0 0 0 0 0 0 0 0 0 0 0 0 0 0 0 0 0 0 0 0 0 0 0 2 3 4 2 0 0 0 0 0 0 0 0 0 0 0 0 0 0 0 0 0 0 0 0 2 0 0 0 0 0 0 0 0 2 0 2 10 90 252 248 119 16 6 0 0 0 0 0 0 2 0 2 0 0 0 0 0 0 0 0 2 0 0 0 0 0 0 0 0 0 0 0 0 0 0 0 0 0 0 0
3 4 4 4 2 5 9 10 12 17 21 26 28 32 39 40 34 35 34 31 30 23 19 15 13 12 10 8 4 5 6 6 5 4 4 5 5 5 5 5 5 4 4 4 4 4 5 5 5 4 4 5 6 7 8 8 7 6 9 10 11 10 8 8 9 9 10 11 12 12 26 44 34 13 15 6 3 5 4 3 4 5 9 13 18 23 32 47 55 52 36 26 12 10 9 5 4 6 9 11 10 5 5 4 3 2 3 3 4 4 4 5 6 6 4 4 5 6 7 7 8 9 10 13 14 13 12 13 11 10 10 10 11 11 11 10 11 11 12 11 12 12 11 11 11 10 10 11 9 8 8 7 7 6 7 8 8 9 9 10 9 10 10 10 8 8 8 7 8 9 10 11 13 13 13 11 11 11 9 9 13 11 11 13 15 19 20 24 40 48 75 123 178 221 249 254 254 245 160 53 18 10 8 5 8 10 15 31 69 49 17 3 0 0 0 0 0 0 0 2 1 0 0 0 0 0 0 0 2 0 6 8 18 33 62 103 103 92 52 32 17 8 3 4 3 1 2 1 0 0 0 0 0 0 0 0 0 0 0 0 0 0 0 0 0 0 0 0 0 0 0 2 2 2 3 8 11 7 2 3 1 2 0 0 1 2 2 2 2 3 2 3 3 2 2 0 3 18 52 34 20 10 5 5 3 2 0 2 0 0 0 0 0 0 0 0 0 0 0 0 0 0 0 0 0 0 0 0 0 0 0 0 0 0 0 0 0 0 0 0 0 0 0 0 0 0 0 0 0 0 0 0 1 3 2 2 4 4 4 7 9 24 99 251 255 255 255 208 97 52 30 11 5 5 2 3 2 3 3 3 3 2 2 0 0 3 2 2 1 7 25 144 252 250 254 252 111 11 5 5 4 4 3 2 4 5 11 22 6 0 0 0 0 0 0 0 0 0 0 0 0 0 0 0 0 0 0 0 0 0 0 0 0 2 4 2 0 0 0 0 0 0 0 0 0 0 0 0 0 0 0 0 0 0 0 0 1 1 0 0 0 0 0 0 0 0 2 2 6 42 238 252 190 30 9 4 0 0 0 0 0 0 2 2 0 0 0 0 0 0 0 0 2 0 0 0 0 0 0 0 0 0 0 0 0 0 0 0 0 0 0 0
3 4 5 7 11 14 14 18 20 24 34 37 40 41 40 36 37 30 32 35 33 31 29 26 23 23 18 16 15 11 6 4 4 5 4 2 2 4 4 4 5 4 4 3 4 4 4 6 8 8 9 10 10 10 10 12 12 13 15 15 15 15 18 18 19 20 20 18 24 25 38 47 22 16 13 9 5 5 5 5 5 6 7 8 10 13 15 15 18 16 10 10 10 8 8 8 9 9 9 9 4 5 4 2 3 3 5 5 4 5 5 5 4 6 8 8 9 8 9 10 12 13 14 13 14 14 16 14 17 19 20 20 19 19 18 17 15 15 14 11 11 10 9 9 8 8 8 8 10 10 11 11 9 7 8 8 7 7 7 7 7 6 6 6 5 6 6 7 7 8 10 9 8 7 9 10 11 12 11 12 8 13 17 22 24 29 34 45 51 85 119 171 212 248 254 254 248 184 67 24 10 7 6 6 10 11 18 47 62 42 9 2 0 0 0 0 0 0 2 0 0 0 0 0 0 0 0 0 2 1 2 4 7 12 23 38 82 106 107 89 51 30 15 5 3 2 3 3 1 0 0 0 0 0 0 0 0 0 0 0 0 0 0 0 0 0 0 0 0 0 0 3 0 2 4 9 11 4 2 3 2 3 2 2 1 0 0 0 0 1 1 1 2 1 2 0 1 9 31 56 25 13 6 5 4 2 0 0 2 0 0 0 0 0 0 0 0 0 0 0 0 0 0 0 0 0 0 0 0 0 0 0 0 0 0 0 0 0 0 0 0 0 0 0 0 0 0 0 0 0 0 0 2 3 4 4 4 4 5 5 11 20 95 254 255 255 253 155 62 41 11 6 4 3 3 4 4 2 4 3 0 2 0 0 0 0 1 3 3 5 18 63 235 252 252 255 210 32 5 5 4 5 3 3 3 3 11 19 10 1 0 0 0 0 0 0 0 0 0 0 0 0 0 0 0 0 0 0 0 0 0 0 0 2 3 3 0 0 0 0 0 0 0 0 0 0 0 0 0 0 0 0 0 0 0 0 0 2 0 0 0 0 0 0 0 0 2 0 4 24 186 252 230 82 15 5 3 0 0 0 0 0 2 2 0 0 0 0 0 0 0 0 2 0 0 0 0 0 0 0 0 0 0 0 0 0 0 0 0 0 0 0
9 13 17 18 20 27 30 36 43 41 37 35 35 33 27 25 23 27 28 26 28 33 33 31 29 27 27 22 20 19 18 12 9 8 6 5 5 4 4 4 4 5 7 8 8 10 13 14 13 18 21 24 23 20 22 22 25 26 24 22 22 27 28 30 28 28 30 33 31 36 38 32 18 14 14 7 6 5 4 4 4 3 5 6 4 6 9 14 10 8 8 7 7 6 6 7 6 6 6 4 4 2 0 3 3 4 3 4 6 5 5 7 9 8 9 8 10 12 14 15 17 20 24 29 30 38 45 50 48 47 49 48 45 40 41 40 41 35 34 31 26 23 24 21 20 18 15 14 14 12 12 10 11 10 9 8 7 8 7 7 7 7 8 9 9 9 9 9 7 5 7 7 9 8 10 10 9 9 11 12 21 26 29 30 36 45 50 70 99 137 180 221 248 254 255 251 199 91 25 13 8 6 6 7 9 12 27 56 59 30 4 1 0 0 0 0 1 2 0 0 0 0 0 0 0 0 0 0 2 2 0 3 4 5 9 17 26 49 94 108 107 80 41 23 9 4 1 3 4 0 0 0 0 0 0 0 0 0 0 0 0 0 0 0 0 0 0 0 0 0 2 2 1 3 8 9 8 1 2 2 0 2 0 0 0 0 0 0 0 0 1 1 2 2 2 0 0 3 17 52 38 19 9 5 5 0 2 0 1 1 0 0 0 0 0 0 0 0 0 0 0 0 0 0 0 0 0 0 0 0 0 0 0 0 0 0 0 0 0 0 0 0 0 0 0 0 0 0 0 0 0 2 3 4 4 4 4 4 7 11 17 34 112 253 255 255 253 187 67 28 9 4 5 4 4 4 2 4 2 0 1 1 0 0 0 0 1 4 5 8 11 29 156 252 247 255 252 81 8 3 4 5 4 3 4 3 9 16 16 3 0 0 0 0 0 0 0 0 0 0 0 0 0 0 0 0 0 0 0 0 0 0 0 2 2 4 0 0 0 0 0 0 0 0 0 0 0 0 0 0 0 0 0 0 0 0 0 2 0 0 0 0 0 0 0 0 2 0 3 12 97 242 247 170 37 9 5 1 0 0 0 0 2 2 0 0 0 0 0 0 0 0 2 0 0 2 2 2 2 2 2 2 2 2 2 2 2 2 2 3 2 2
23 27 31 35 40 41 42 37 31 28 32 26 18 11 8 8 8 9 11 17 20 24 26 32 34 33 29 30 28 25 22 23 19 15 11 12 11 9 8 7 8 10 12 16 19 24 26 28 35 43 41 41 41 44 45 45 41 41 40 41 42 38 37 36 39 41 41 41 37 33 33 28 20 9 12 7 6 7 5 5 4 4 5 3 4 6 7 7 7 8 9 8 6 6 5 5 6 5 5 4 3 3 3 2 4 4 6 5 6 7 9 8 9 11 15 18 20 27 30 38 51 67 76 81 91 99 104 114 117 124 119 114 106 103 92 82 70 63 53 51 48 45 40 37 33 34 32 30 26 23 20 16 16 14 14 14 12 12 10 9 7 7 7 6 6 6 7 7 8 10 11 12 10 10 12 14 16 20 25 26 32 36 42 50 61 71 99 123 168 202 237 249 254 254 251 212 102 29 14 9 8 5 9 5 10 17 35 57 55 18 2 0 0 0 0 1 1 0 0 0 0 0 0 0 0 0 0 1 3 0 0 2 3 5 7 9 14 24 32 58 100 107 102 55 24 10 3 1 2 3 2 0 0 0 0 0 0 0 0 0 0 0 0 0 0 0 0 0 0 0 2 2 2 5 10 8 5 0 3 1 1 1 0 0 0 0 0 0 0 0 0 2 1 2 2 0 0 2 9 30 57 26 13 8 5 3 1 1 0 2 0 0 0 0 0 0 0 0 0 0 0 0 0 0 0 0 0 0 0 0 0 0 0 0 0 0 0 0 0 0 0 0 0 0 0 0 0 0 1 2 3 5 5 4 6 7 12 15 17 25 39 63 131 247 255 255 255 227 97 26 11 5 4 5 4 3 2 3 2 0 2 3 3 3 3 4 5 6 8 5 7 18 76 238 252 252 255 176 22 5 4 4 4 3 2 5 5 14 21 4 0 0 0 0 0 0 0 0 0 0 0 0 0 0 0 0 0 0 0 0 0 0 0 2 0 5 0 0 0 0 0 0 0 0 0 0 0 0 0 0 0 0 0 0 0 0 0 2 0 0 0 0 0 0 0 0 2 0 0 9 30 205 248 220 105 20 9 3 0 0 0 0 1 2 0 0 0 0 0 0 0 0 2 1 2 0 0 0 0 0 0 0 0 0 0 0 1 3 3 3 5 6
33 36 40 40 34 29 30 29 26 25 11 9 6 5 4 2 2 3 4 5 10 11 17 20 24 29 32 30 30 28 26 27 27 20 19 17 17 18 19 22 24 24 26 26 33 35 39 47 50 43 41 40 40 39 42 42 38 38 45 45 42 41 40 40 39 37 37 35 36 35 34 21 17 18 16 13 10 9 6 5 6 5 3 7 8 7 7 8 5 7 5 6 6 6 6 5 3 5 4 3 2 2 4 5 5 9 8 10 11 11 12 16 23 32 40 55 73 81 96 104 114 121 140 163 190 205 219 228 236 236 236 233 224 214 201 187 165 149 137 122 111 100 84 73 60 56 53 48 45 39 36 36 34 32 30 26 24 21 18 17 16 16 16 15 14 14 12 13 15 14 14 14 19 23 24 25 28 33 37 46 58 66 74 96 112 139 179 214 237 248 252 254 255 252 221 106 32 15 12 8 6 7 5 9 12 24 42 60 45 7 1 0 0 0 2 1 0 0 0 0 0 0 0 0 0 0 1 1 0 2 2 3 3 3 8 8 11 16 15 23 35 68 97 104 71 29 10 3 1 3 0 2 2 2 2 0 0 0 0 0 0 0 0 0 0 0 0 0 0 0 3 0 2 9 9 7 2 2 2 0 2 0 0 0 0 0 0 0 0 0 0 0 2 2 1 2 0 2 4 16 55 35 20 9 7 4 2 2 0 0 2 0 0 0 0 0 0 0 0 0 0 0 0 0 0 0 0 0 0 0 0 0 0 0 0 0 0 0 0 0 0 0 0 2 2 2 2 3 3 2 4 6 8 12 17 25 34 49 62 64 68 57 70 209 255 255 255 250 146 34 11 5 5 3 4 5 5 4 2 4 4 4 1 4 5 4 6 6 5 4 5 11 32 179 252 247 255 246 58 7 4 5 4 4 3 4 4 10 22 8 0 0 0 0 0 0 0 0 0 0 0 0 0 0 0 0 0 0 0 0 0 0 0 0 3 6 2 2 0 0 0 0 0 0 0 0 0 0 0 0 0 0 0 0 0 0 0 2 0 0 0 0 0 0 0 0 2 0 0 6 16 111 238 238 195 60 14 7 3 0 0 0 2 2 0 0 0 0 0 0 0 2 0 2 0 0 0 0 0 0 0 0 1 2 3 4 4 4 4 6 5 6
39 40 33 30 27 26 17 12 10 5 5 4 2 2 0 1 2 2 0 0 2 4 6 6 10 12 16 23 27 31 33 28 26 29 33 32 29 28 30 30 30 33 35 41 46 50 48 44 38 35 35 35 32 30 26 24 26 23 17 17 18 17 19 20 18 18 16 17 15 15 12 13 9 9 11 11 9 10 11 11 9 9 10 8 7 7 7 7 5 4 3 2 2 2 4 4 4 4 3 2 5 6 6 7 9 8 10 11 15 26 36 50 70 92 101 117 135 157 177 195 217 236 244 246 248 249 251 252 253 253 253 253 252 251 249 248 245 243 233 224 210 192 179 160 147 122 107 98 89 81 75 60 54 48 43 39 39 37 34 31 32 28 26 23 21 19 19 19 18 20 25 26 26 32 41 46 56 64 76 89 96 118 150 178 207 236 245 250 252 254 255 255 251 219 104 38 18 11 7 5 5 5 6 12 14 35 46 57 26 4 2 2 2 2 0 0 0 0 0 0 0 0 0 0 0 2 1 0 0 3 3 4 3 5 7 12 13 6 6 10 15 29 54 87 103 70 28 8 4 3 2 0 0 0 0 2 2 2 2 1 0 0 0 0 0 0 0 0 0 0 3 0 4 13 6 5 1 3 0 0 2 0 0 0 0 0 0 0 0 0 0 0 2 2 2 1 1 0 2 9 31 57 25 14 7 4 4 1 1 0 0 2 0 0 0 0 0 0 0 0 0 0 0 0 0 0 0 0 0 0 0 0 0 0 0 0 0 0 0 2 2 2 2 1 2 3 3 3 2 6 12 17 30 37 50 55 54 52 43 35 22 20 30 130 250 255 255 255 209 63 12 5 4 5 8 7 5 6 5 4 5 3 4 6 4 6 5 4 5 5 4 4 18 101 241 250 253 255 129 16 4 4 4 5 3 3 3 9 19 14 1 0 0 0 0 0 0 0 0 0 0 0 0 0 0 0 0 0 0 0 0 0 0 0 2 5 2 2 2 2 2 2 1 0 0 0 0 0 0 0 0 0 0 0 0 0 0 2 0 0 0 0 0 0 0 0 2 0 0 4 10 53 180 238 226 155 36 13 4 2 0 0 3 1 1 0 0 0 0 0 0 2 2 0 0 0 0 0 1 2 3 4 4 4 4 4 5 6 9 15 21 30
28 18 15 11 8 5 5 6 4 5 4 3 3 4 2 1 2 2 2 1 2 2 2 4 7 6 8 10 14 18 23 27 31 30 29 31 33 36 35 41 41 46 48 50 42 33 27 22 19 17 15 14 15 13 10 11 8 9 10 11 11 12 11 12 11 10 10 10 9 8 7 5 4 4 5 4 6 5 7 7 7 8 7 7 8 7 6 4 1 2 0 2 3 3 3 1 2 3 4 6 5 5 6 9 10 14 18 30 41 60 95 120 146 171 198 215 236 243 246 249 250 252 253 254 254 255 255 255 255 255 255 255 255 255 255 255 255 255 254 252 251 250 247 244 239 228 211 199 185 160 145 134 122 114 107 99 77 62 57 52 43 41 35 34 34 35 35 34 35 41 46 49 53 60 66 86 94 106 129 167 194 217 238 247 251 252 254 255 255 255 254 248 196 92 34 18 8 6 7 5 5 6 14 11 29 40 58 37 12 2 0 0 0 0 0 0 0 0 0 0 0 0 0 0 2 0 0 0 3 3 4 3 5 9 9 11 9 5 4 4 6 12 21 46 83 107 70 23 8 3 3 2 0 0 0 0 0 0 0 1 2 2 2 1 0 0 0 0 0 0 3 1 7 13 6 3 3 1 0 0 2 0 0 0 0 0 0 0 0 0 0 0 0 2 2 1 2 0 0 4 18 51 40 18 10 5 3 3 0 0 0 1 1 0 0 0 0 0 0 0 0 0 0 0 0 1 2 2 2 2 2 2 2 2 2 2 2 2 2 0 1 3 3 3 4 4 5 9 15 17 28 51 49 41 34 27 22 15 10 7 10 9 18 68 214 255 255 255 246 104 17 7 8 10 7 7 5 4 4 4 2 3 5 5 8 5 3 5 5 4 2 3 9 41 207 252 247 255 227 33 6 4 4 4 4 3 4 6 15 21 2 0 0 0 0 0 0 0 0 0 0 0 0 0 0 0 0 0 0 0 0 0 0 0 2 5 0 0 1 2 1 0 1 2 2 2 0 0 0 0 0 0 0 0 0 0 0 1 1 0 0 0 0 0 0 0 2 0 0 3 7 38 102 195 235 217 111 27 10 4 2 2 2 1 2 0 0 0 0 0 0 3 0 0 0 3 3 4 5 4 4 4 4 5 7 14 17 22 33 42 63 98
10 9 5 5 4 5 4 4 4 2 0 0 0 0 4 4 3 3 3 3 3 3 3 2 2 2 4 4 4 8 11 16 21 29 30 30 31 35 41 41 38 34 33 23 19 16 12 10 10 7 7 4 4 5 7 7 8 6 7 7 7 9 8 7 5 7 6 5 4 3 3 0 0 0 5 2 3 5 4 3 3 3 5 5 5 4 2 2 2 2 3 2 3 2 0 2 5 5 6 5 5 8 13 14 18 25 39 71 109 148 184 211 236 244 249 250 252 253 254 254 254 254 254 254 254 253 253 253 253 252 252 253 253 254 255 255 255 255 255 255 255 255 255 255 254 254 252 250 248 246 242 236 217 198 173 160 150 146 134 118 110 96 92 86 74 70 69 71 74 79 79 89 104 115 129 151 182 204 228 243 248 251 254 254 255 255 255 255 254 251 229 143 60 29 16 8 6 6 4 6 7 12 11 28 40 49 51 20 5 1 0 0 0 0 0 0 0 0 0 0 0 0 0 2 0 0 0 3 2 4 4 5 9 10 11 7 4 5 5 4 5 7 9 20 49 85 102 63 19 5 3 3 1 0 0 0 0 0 0 0 0 0 0 1 2 2 2 2 0 0 3 2 11 10 5 3 2 0 0 1 1 0 0 0 0 0 0 0 0 0 0 0 0 2 2 2 2 0 0 1 10 31 57 28 12 7 4 3 2 0 0 0 2 0 0 0 0 0 0 2 2 2 2 2 2 1 0 0 0 2 1 2 2 2 2 2 2 3 4 4 4 4 6 8 15 22 30 32 30 28 40 34 17 11 5 5 6 5 5 5 6 9 13 34 146 251 255 255 254 154 30 11 10 6 3 3 3 3 3 2 3 4 4 6 5 6 6 4 1 2 2 2 5 21 123 248 248 255 253 80 10 5 5 3 4 3 3 5 10 25 5 0 0 0 0 0 0 0 0 0 0 0 0 0 0 0 0 0 0 0 0 0 0 0 2 4 0 0 0 0 1 2 2 0 0 0 2 2 2 1 0 0 0 0 0 0 0 0 2 0 0 0 0 0 0 0 2 0 0 3 5 30 73 93 212 233 204 70 19 9 3 2 2 2 2 0 0 0 0 1 3 3 3 4 5 4 4 4 4 4 6 10 16 20 29 33 52 76 104 123 158 174
9 9 8 6 5 4 3 4 0 1 2 2 2 2 0 0 0 0 0 0 0 0 1 3 3 3 3 4 4 4 4 4 7 10 13 15 21 20 27 21 19 18 16 12 8 6 5 5 5 3 3 3 4 4 4 5 4 6 5 6 5 4 5 6 6 6 5 4 4 5 6 5 4 4 4 6 5 3 5 5 5 3 2 0 1 2 2 3 3 3 2 3 0 1 2 7 7 7 5 6 9 12 15 23 36 76 112 157 202 235 246 250 253 253 254 254 254 254 254 253 253 253 250 249 247 244 240 231 223 223 225 228 236 239 243 247 250 251 252 254 254 255 255 255 255 255 255 255 255 255 254 254 253 250 248 246 243 236 225 211 194 184 163 148 144 135 129 129 137 139 155 169 192 208 225 238 246 251 253 254 255 255 255 255 255 254 252 247 219 159 92 43 26 14 8 6 6 4 6 9 13 14 29 40 47 50 25 11 3 1 0 0 0 0 0 0 0 0 0 0 0 2 2 0 0 1 3 3 4 4 6 12 11 10 7 5 3 0 3 4 4 5 9 10 20 55 91 106 45 12 4 3 2 0 0 0 0 0 0 0 0 0 0 0 0 0 0 0 2 2 3 5 11 10 5 2 2 0 0 2 0 0 0 0 0 0 0 0 0 0 0 0 0 0 2 2 2 1 0 0 5 17 54 41 19 7 5 3 3 1 0 0 0 2 2 0 1 2 2 0 1 2 2 2 3 3 3 3 3 2 2 0 1 3 4 5 7 10 13 17 21 25 30 34 31 26 23 19 18 19 24 23 10 5 6 6 4 5 5 4 4 8 9 20 97 230 255 255 255 190 49 15 6 2 2 3 0 2 0 2 2 6 7 5 6 4 4 1 1 2 1 2 2 13 66 227 252 252 255 170 22 4 6 2 4 4 3 3 8 22 12 0 0 0 0 0 0 0 0 0 0 0 0 0 0 0 0 0 0 0 0 0 0 0 2 4 0 0 0 0 0 0 0 2 2 1 0 0 0 1 2 2 2 1 0 0 0 0 2 0 0 0 0 0 0 0 2 0 3 0 4 23 61 46 113 228 230 172 46 13 7 4 3 4 1 2 2 3 3 4 5 4 4 4 3 5 5 10 17 21 24 29 42 57 83 113 137 161 179 183 162 132
7 4 5 4 4 4 4 2 2 2 0 0 0 0 0 0 0 0 0 0 0 0 1 2 4 2 2 2 2 4 4 5 3 2 4 5 10 11 14 8 8 6 5 4 3 3 1 2 3 2 0 0 4 3 3 2 4 6 6 4 3 3 2 3 3 3 3 4 5 5 3 4 4 3 3 3 4 4 5 5 5 6 4 5 5 5 4 3 3 3 3 1 3 4 7 5 5 3 6 10 13 21 34 60 101 146 204 238 248 253 254 254 254 254 254 253 252 250 249 246 244 233 217 193 168 149 137 124 122 119 116 121 124 137 158 172 185 198 213 228 239 244 247 250 253 254 254 255 255 255 255 255 255 255 255 255 254 254 253 251 250 247 245 240 234 231 228 225 225 229 236 242 245 249 252 254 254 255 255 255 255 255 254 251 248 224 180 137 96 41 25 19 10 7 5 6 5 9 9 10 15 33 39 49 45 26 12 3 0 2 0 0 0 0 0 0 0 0 0 1 2 0 0 0 2 3 3 4 4 9 11 9 8 6 4 3 2 2 2 2 3 4 5 9 12 23 65 104 97 34 6 4 3 2 0 0 0 0 0 0 0 0 0 0 0 0 0 0 0 0 3 5 10 10 6 3 1 0 0 1 1 0 0 0 0 0 0 0 0 0 0 0 0 0 2 2 2 2 0 0 1 11 30 57 30 12 7 4 3 3 0 0 0 0 0 3 2 2 2 2 2 2 2 2 0 2 0 0 2 3 4 5 7 11 15 22 25 27 34 33 31 29 25 21 17 13 9 6 5 5 8 9 7 4 3 4 4 3 3 3 4 6 7 16 59 209 255 255 255 207 54 13 2 2 3 2 3 2 2 3 6 7 3 6 4 4 3 1 0 0 2 2 2 8 28 176 252 247 255 239 38 5 5 4 4 4 3 4 5 18 17 2 0 0 0 0 0 0 0 0 0 0 0 0 0 0 0 0 0 0 0 0 0 0 2 4 2 0 0 0 0 0 0 0 0 1 2 2 0 1 0 0 0 1 2 2 2 2 3 2 0 0 0 0 0 0 2 0 3 0 3 17 55 40 33 163 238 217 127 36 14 9 6 5 6 6 5 4 6 5 6 6 6 12 16 18 27 32 39 52 73 105 124 153 174 182 172 158 125 96 63 44
5 4 4 4 5 4 3 2 2 0 2 2 2 0 0 0 0 2 2 2 2 2 1 0 2 2 3 2 1 0 2 2 3 4 6 6 9 10 11 8 6 2 0 1 2 2 4 4 0 0 2 5 4 4 4 6 5 6 4 4 4 7 8 8 7 6 7 6 5 7 7 7 5 5 5 3 3 5 6 5 5 7 8 3 2 2 2 0 0 2 2 4 6 7 7 6 7 10 14 17 29 44 80 119 189 235 247 252 254 254 254 253 252 249 246 243 237 221 201 174 149 127 103 83 67 57 56 55 47 40 41 43 48 54 56 70 89 105 113 118 141 162 177 193 204 223 237 245 247 250 251 254 254 255 255 255 255 255 255 255 255 255 254 254 254 252 252 251 252 252 253 254 254 255 255 255 255 255 254 252 250 244 211 174 128 106 78 39 22 21 15 10 6 4 6 5 9 9 9 20 34 39 51 39 26 11 3 2 0 0 0 0 0 0 0 0 0 0 1 1 0 0 2 2 3 3 5 7 11 9 7 8 5 4 3 2 2 2 3 2 2 2 4 6 8 13 31 78 112 66 22 5 4 2 2 0 0 0 0 0 0 0 0 0 0 0 0 0 0 0 3 6 9 9 5 3 2 2 0 0 2 0 0 0 0 0 0 0 0 0 0 0 0 0 0 3 1 2 1 0 0 5 18 55 42 16 7 5 4 3 2 1 2 2 2 2 2 2 2 1 3 3 4 5 3 2 4 6 9 15 17 23 28 30 35 33 32 28 18 16 13 10 8 6 5 5 3 3 3 3 3 4 8 4 2 1 0 2 3 5 3 3 5 15 52 206 255 255 255 197 48 12 4 0 2 2 1 3 4 6 6 4 5 4 3 2 2 0 0 0 2 1 2 3 17 105 246 252 255 255 91 10 5 5 3 4 3 3 4 13 22 4 1 0 0 0 0 0 0 0 0 0 0 0 0 0 0 0 0 0 0 0 0 0 2 4 2 0 0 0 0 0 0 0 0 0 0 0 3 2 0 0 0 0 0 0 0 0 2 0 2 2 2 2 2 1 2 1 2 0 3 14 51 42 15 52 208 238 199 106 36 16 11 5 7 7 6 7 9 13 15 17 25 34 44 59 73 104 125 154 172 185 181 169 141 113 86 53 36 27 21 13
6 3 3 3 4 4 2 2 2 3 2 2 2 3 3 2 2 0 0 0 0 0 0 0 2 2 0 2 1 3 2 3 4 5 4 5 8 13 9 4 3 2 3 3 3 2 4 5 4 4 6 5 5 5 5 7 7 9 9 9 11 10 9 9 10 9 8 9 8 5 4 4 5 5 7 6 6 5 5 8 8 6 5 8 4 2 3 5 5 5 7 8 8 7 6 9 10 14 18 31 48 93 141 210 244 251 254 254 254 253 249 243 225 203 180 149 117 101 79 64 51 38 35 30 26 28 24 19 19 19 18 18 21 23 26 28 29 33 39 48 53 57 74 82 94 106 121 141 162 179 196 215 231 243 247 250 251 253 254 254 255 255 255 255 255 255 255 255 255 255 255 255 255 255 254 253 251 246 232 197 149 120 92 68 47 31 19 16 13 8 6 3 5 6 7 9 9 11 25 38 47 51 38 23 10 4 1 2 0 0 0 0 0 0 0 0 0 2 1 0 2 2 2 4 4 5 7 11 8 8 7 5 5 3 1 0 0 0 0 1 2 3 3 4 7 7 17 45 91 117 39 11 5 4 0 2 0 0 0 0 0 0 0 0 0 0 0 0 0 0 3 6 9 10 6 3 0 0 0 0 2 0 0 0 0 0 0 0 0 0 0 0 0 0 0 1 2 2 1 1 0 0 11 32 58 27 13 7 6 3 4 4 3 2 1 2 3 3 4 5 4 4 4 5 8 13 19 25 30 30 34 33 30 25 17 11 7 5 4 3 3 2 2 3 4 4 3 3 3 3 3 2 5 4 0 1 2 3 2 4 3 3 5 18 66 225 255 255 255 156 34 15 7 1 0 3 3 3 6 5 5 4 5 3 2 1 1 0 0 0 2 0 3 2 10 49 224 252 252 255 174 23 4 6 2 5 4 3 3 9 22 10 2 0 0 0 0 0 0 0 0 0 0 0 0 0 0 0 0 0 0 0 0 0 2 3 3 0 0 0 0 0 0 0 0 0 0 0 2 0 2 2 1 0 0 0 0 0 2 0 0 0 0 0 0 1 3 3 3 2 3 12 51 42 13 19 113 235 217 166 108 53 25 13 10 14 16 17 20 32 47 64 84 105 127 156 174 183 184 170 148 120 99 68 47 34 23 18 12 7 4 4
8 7 5 5 4 3 4 1 0 2 3 2 3 0 0 2 2 2 0 0 0 0 0 0 3 0 0 0 2 2 0 2 4 2 4 10 12 11 4 4 3 3 2 2 2 3 3 4 4 3 3 3 6 7 10 10 12 14 16 18 18 19 21 23 20 18 16 11 10 8 11 10 9 6 6 7 5 5 4 2 3 5 6 7 9 8 6 5 5 7 6 6 6 8 12 10 16 21 33 58 110 171 232 248 253 254 254 252 246 230 189 149 113 91 66 58 43 35 32 24 21 18 15 14 13 10 10 11 11 14 16 17 17 19 21 21 19 17 18 21 23 24 25 33 40 50 51 54 66 82 92 107 123 146 159 173 192 211 230 242 248 249 250 252 254 254 254 254 254 254 254 252 251 248 238 214 173 130 95 74 54 41 28 19 15 11 10 8 4 5 4 7 6 6 8 10 15 26 41 46 47 36 16 9 5 0 1 1 0 0 0 0 0 0 2 2 2 1 2 2 2 3 6 5 4 10 10 8 9 6 5 4 1 0 0 2 3 3 3 3 4 3 3 3 5 6 10 21 65 119 87 19 9 4 3 0 2 0 0 0 0 0 0 0 0 0 0 0 0 0 3 5 10 10 5 3 0 0 0 0 2 0 0 0 0 0 0 0 0 0 0 0 0 0 0 0 2 2 1 2 0 0 4 21 57 40 16 9 5 8 6 3 2 3 5 5 5 6 6 6 8 9 13 18 27 32 32 30 24 22 14 10 6 3 2 2 2 2 3 3 4 4 4 3 2 2 2 3 3 2 0 0 3 4 3 1 2 1 2 3 5 4 7 25 120 247 255 255 252 96 30 16 11 5 4 4 3 7 4 3 5 5 2 2 0 2 0 0 0 0 1 1 1 2 6 29 167 252 250 255 238 33 5 5 4 4 4 3 3 7 18 16 2 1 0 0 0 0 0 0 0 0 0 0 0 0 0 0 0 0 0 0 0 0 2 2 4 0 0 0 0 0 0 0 0 0 0 0 2 0 0 0 1 2 2 0 0 1 2 2 2 2 2 2 2 2 3 3 4 5 6 15 56 38 17 21 45 204 238 178 167 135 77 43 36 36 45 61 89 107 125 156 174 183 185 165 146 118 94 72 56 39 28 20 15 10 6 4 3 3 2 3
8 9 8 7 5 5 4 6 5 2 1 0 0 3 3 3 2 2 2 2 1 0 0 1 2 0 0 0 1 3 4 4 1 4 8 10 8 5 3 1 0 0 1 2 1 2 2 4 0 5 7 11 10 13 18 26 27 34 38 42 47 45 45 41 38 34 29 30 27 23 19 11 9 9 9 8 7 5 5 6 6 7 10 10 9 9 8 8 10 7 6 6 10 9 9 17 29 39 76 127 197 240 250 254 254 253 247 221 161 108 67 50 35 25 23 19 17 16 13 12 11 11 10 11 9 10 10 10 12 10 10 10 9 9 7 8 10 13 15 12 12 15 16 17 17 18 23 28 26 30 38 43 51 58 73 88 104 113 128 136 143 163 192 207 221 231 237 241 239 237 224 207 173 133 101 62 47 39 33 24 19 14 14 11 10 8 5 3 6 5 7 6 6 10 12 17 33 49 49 46 30 16 9 4 0 1 1 0 0 0 0 0 1 2 2 2 3 3 2 1 4 6 3 5 11 11 9 7 6 5 5 2 2 2 2 2 0 0 0 0 1 1 2 4 5 7 6 17 29 97 126 38 12 5 4 0 1 1 0 0 0 0 0 0 0 0 0 0 0 2 3 4 9 11 5 2 0 0 0 0 2 0 0 0 0 0 0 0 0 0 0 0 0 0 0 0 0 3 2 2 0 0 1 11 34 59 24 13 8 3 4 6 7 7 9 11 14 16 16 19 24 28 32 32 25 22 16 11 8 3 2 2 3 3 3 3 4 4 4 4 4 3 3 3 3 3 3 2 0 0 0 2 3 4 0 2 1 2 3 4 5 4 14 62 198 255 255 255 199 52 15 16 11 8 6 5 7 4 3 4 5 3 2 0 0 2 0 0 0 0 0 2 0 3 3 16 110 248 250 255 253 72 10 4 5 3 4 3 4 4 15 19 5 2 0 0 0 0 0 0 0 0 0 0 0 0 0 0 0 0 0 0 0 0 2 2 4 0 0 0 0 0 0 0 0 0 0 0 2 0 0 0 2 2 2 3 3 2 2 3 2 3 3 5 6 5 8 8 10 13 17 30 76 52 35 38 61 160 243 192 152 183 169 114 103 110 123 145 167 175 178 165 146 117 92 79 58 43 30 21 15 11 9 6 4 4 3 3 3 2 1 0
11 9 9 8 8 6 5 4 5 5 4 3 3 3 2 1 2 2 3 2 2 2 2 3 0 0 0 0 1 2 5 4 5 7 9 9 5 3 1 2 3 3 2 2 2 3 3 3 5 8 12 18 22 32 41 47 65 84 97 105 110 108 99 93 76 66 59 47 38 32 27 27 24 20 14 12 12 11 13 12 10 7 5 6 10 12 13 9 7 7 11 13 12 18 24 33 52 95 146 210 243 252 254 254 249 236 165 102 52 34 23 19 17 13 10 10 9 8 9 9 9 8 7 6 6 5 4 3 2 2 3 4 4 4 7 6 6 8 9 9 10 9 9 10 10 12 14 14 16 20 23 23 20 22 25 26 27 34 41 55 67 75 89 103 106 118 118 115 111 99 77 57 47 36 29 30 23 16 13 13 10 8 7 6 4 4 4 7 5 8 5 8 11 14 27 39 49 45 37 26 14 6 4 2 1 1 0 0 0 0 0 2 3 3 3 3 3 3 4 6 5 5 10 15 12 9 8 7 4 3 2 0 0 0 2 0 0 0 0 1 2 1 0 1 4 5 9 11 19 62 120 91 17 9 3 3 0 1 1 0 0 0 0 0 0 0 1 2 2 0 3 4 9 12 5 2 0 0 0 0 2 0 0 0 0 0 0 0 0 0 0 0 0 0 0 0 0 2 2 1 2 0 0 3 23 52 38 17 10 7 7 10 13 16 19 23 28 30 35 35 32 30 21 18 12 6 4 4 4 4 4 4 3 3 4 4 3 2 2 2 1 2 2 0 0 0 0 0 0 2 2 0 2 3 2 2 2 0 3 5 4 10 30 146 250 255 255 250 103 30 10 8 14 7 9 9 6 4 5 4 4 1 1 0 0 2 0 0 0 0 0 2 0 2 3 9 57 230 252 253 255 132 16 4 5 4 4 3 3 3 10 20 10 1 1 0 0 0 0 0 0 0 0 0 0 0 0 0 0 0 0 0 0 0 2 2 4 0 0 0 0 0 0 0 0 2 2 3 4 3 3 3 3 3 4 4 5 7 9 10 12 13 16 16 17 19 26 32 40 46 60 92 115 105 86 91 96 126 238 204 100 138 199 133 122 147 167 161 146 125 103 74 57 46 30 20 16 13 8 7 5 4 3 3 3 2 2 0 0 0 0 0
16 15 14 12 12 9 9 7 4 4 6 4 4 2 2 3 3 3 3 3 2 2 2 4 2 1 0 0 3 4 6 5 6 9 10 4 3 2 3 2 0 0 0 2 2 3 6 9 10 19 28 41 62 90 106 138 161 192 208 219 218 215 203 187 160 141 110 91 69 56 51 40 36 29 29 25 21 18 16 14 13 11 11 11 10 8 10 15 16 21 19 19 21 25 38 66 105 167 227 246 253 254 253 246 204 117 45 25 17 13 11 9 8 6 8 7 8 7 6 4 5 3 3 4 4 3 3 3 3 3 3 3 4 4 2 3 3 4 5 4 4 6 8 9 9 10 10 10 10 10 11 13 16 16 15 19 17 19 22 21 24 27 27 26 29 33 35 29 28 25 22 21 17 15 13 8 10 10 9 8 7 6 6 5 5 4 8 7 7 8 11 15 24 36 45 50 44 38 24 11 4 3 1 1 1 0 0 0 0 2 4 3 2 3 3 3 4 6 6 7 10 13 13 7 7 5 4 3 3 2 0 0 0 0 2 0 1 2 2 1 0 0 0 0 3 4 8 7 17 30 111 120 30 12 4 4 1 0 2 0 0 0 0 0 1 2 1 0 0 0 3 4 9 13 4 2 0 0 0 0 2 0 0 0 0 0 0 0 0 0 0 0 0 0 0 0 0 0 3 2 2 0 0 2 12 29 56 30 18 15 20 23 26 32 35 35 32 27 20 16 14 10 7 3 2 3 3 2 2 2 3 3 3 2 1 0 0 0 0 1 1 0 0 0 0 0 1 2 2 0 0 2 2 3 1 2 0 2 5 5 9 19 101 230 255 255 255 167 39 16 10 7 9 14 9 8 8 7 5 6 3 2 0 0 2 0 0 0 0 0 0 1 1 1 2 6 33 193 253 250 255 214 25 5 3 5 4 4 3 3 8 16 16 2 2 0 0 0 0 0 0 0 0 0 0 0 0 0 0 0 0 0 0 0 0 2 4 0 0 0 0 0 2 3 4 4 5 6 8 8 9 10 13 15 15 18 20 22 23 28 33 41 44 52 64 84 102 110 115 123 132 132 114 73 67 64 62 65 197 227 107 111 188 142 138 134 113 96 67 47 31 23 14 10 8 6 4 3 2 3 3 2 2 0 0 0 0 0 0 0 0 0
25 22 14 12 8 9 11 11 9 9 7 7 7 5 4 2 2 2 1 1 2 2 4 2 2 3 3 4 4 5 5 6 10 10 5 6 4 4 1 1 1 2 3 3 4 6 12 11 26 48 80 116 149 190 220 236 243 244 248 250 250 248 247 245 241 222 196 171 144 120 91 74 52 47 34 31 29 27 21 19 18 18 18 19 18 21 18 15 18 20 22 24 33 59 85 130 192 235 248 253 254 252 240 155 70 26 20 14 10 7 6 5 6 7 6 6 4 3 3 4 4 4 3 3 3 3 3 3 3 3 3 4 4 5 6 5 4 3 3 3 4 3 2 2 3 3 3 5 6 7 8 8 8 8 10 10 12 12 11 13 14 16 16 19 19 17 16 17 14 14 12 12 13 11 11 11 9 6 4 3 3 4 4 4 6 8 6 10 12 14 23 34 43 48 42 42 32 18 8 3 2 1 2 1 0 1 2 2 4 3 2 3 4 3 5 7 9 11 13 13 12 9 7 6 4 4 3 2 2 0 0 0 0 2 0 0 0 0 0 0 0 0 0 0 2 3 4 9 11 20 72 131 69 13 6 3 3 0 2 0 0 0 2 2 1 0 0 0 0 0 3 4 9 13 4 2 0 0 0 0 2 0 0 0 0 0 0 0 0 0 0 0 0 0 0 0 0 0 3 2 2 0 0 1 5 20 39 45 34 28 32 36 32 28 19 13 9 6 4 4 2 2 2 3 3 2 1 2 3 2 0 0 0 0 0 0 0 0 0 0 0 0 0 0 1 2 1 0 0 0 0 2 3 3 3 2 2 3 5 7 17 63 205 255 255 255 211 77 19 9 9 8 9 15 10 7 8 6 3 3 3 0 0 0 2 0 0 0 0 0 0 0 2 0 2 4 18 128 252 251 255 248 46 6 4 5 4 3 3 3 5 12 20 6 2 0 0 0 0 0 0 0 0 0 0 0 0 0 0 0 0 0 0 0 0 2 4 0 1 2 3 4 5 10 14 21 25 29 32 35 37 40 41 46 52 59 68 78 95 109 116 122 130 134 136 128 122 117 116 109 86 66 38 30 22 18 17 25 105 228 167 119 201 174 115 74 47 23 16 13 10 6 4 2 0 2 3 3 3 0 0 0 0 0 0 0 0 0 0 0 0 0
36 32 29 22 20 14 8 8 10 10 10 8 5 6 6 5 6 3 4 4 3 3 4 4 5 4 4 5 5 7 5 10 10 7 4 5 4 5 3 3 4 5 4 5 5 9 20 36 68 122 166 205 235 243 246 249 251 252 252 252 252 252 252 252 251 250 247 241 233 203 177 150 134 113 94 68 56 44 35 34 30 28 23 19 20 22 30 33 34 31 38 58 85 108 167 207 241 250 254 254 250 227 121 51 23 17 10 8 7 5 5 4 4 4 4 3 3 3 3 4 3 2 2 2 3 3 4 4 4 4 4 4 2 2 2 3 4 3 4 3 3 3 3 3 2 2 2 2 3 3 4 4 6 8 6 6 8 9 10 8 8 9 10 10 12 11 9 9 10 10 10 8 6 5 5 4 3 2 3 4 5 5 8 10 9 10 11 12 23 36 45 51 45 45 41 25 12 5 3 2 2 1 0 0 2 2 3 5 4 4 5 5 6 8 8 11 14 13 11 11 10 8 6 4 4 2 1 2 0 0 0 0 0 2 0 0 0 0 0 0 0 0 0 0 1 2 4 8 9 17 39 119 114 22 8 4 3 2 0 2 2 2 0 0 0 0 0 0 0 0 3 3 10 11 5 2 0 0 0 0 2 0 0 0 0 0 0 0 0 0 0 0 0 0 0 0 0 0 0 3 3 0 0 0 4 13 26 33 31 30 27 17 13 8 4 3 3 3 2 2 2 2 2 2 3 3 3 2 0 0 0 0 0 0 0 0 0 0 0 0 0 0 1 2 1 0 0 0 0 0 0 2 3 4 3 2 4 4 9 15 44 171 253 255 255 240 105 26 11 7 4 9 10 8 13 10 9 5 4 3 0 0 0 0 2 0 0 0 0 0 0 0 2 0 2 2 12 88 242 252 255 255 86 9 3 6 4 4 3 3 4 9 17 13 2 1 0 0 0 0 0 0 0 0 0 0 0 0 0 0 0 0 0 0 0 2 5 3 4 4 8 15 23 35 49 63 81 96 101 110 117 122 126 130 135 136 136 134 128 122 115 110 101 91 77 71 59 46 32 21 16 10 9 8 6 5 9 17 49 198 201 136 211 174 59 17 11 10 7 3 2 0 2 2 3 2 0 0 0 0 0 0 0 0 0 0 0 0 0 0 0 0
57 41 39 32 31 27 24 20 12 11 10 12 12 13 10 7 5 7 8 5 5 4 1 0 0 3 5 4 9 7 11 8 6 4 4 3 3 3 5 5 6 5 5 4 12 23 38 84 135 200 238 246 249 251 252 252 252 251 251 250 250 251 251 252 252 252 252 251 250 247 244 234 209 179 150 135 112 97 89 67 55 46 47 45 41 39 36 43 49 71 93 110 151 192 230 246 252 254 254 248 198 100 40 17 9 5 5 4 5 4 4 4 3 3 2 2 3 4 4 3 3 3 3 3 2 3 2 2 2 2 2 2 4 4 4 4 2 3 3 2 0 0 2 3 3 3 3 3 3 2 2 3 3 4 4 5 5 5 4 6 7 6 6 6 6 5 5 5 4 5 5 4 4 4 3 2 3 3 4 5 6 8 7 11 13 16 27 43 51 50 47 41 44 32 17 10 5 4 3 3 3 3 3 4 4 4 5 4 5 6 6 8 12 13 16 13 9 11 10 7 4 6 4 2 2 0 2 1 0 0 0 0 0 2 0 0 0 0 0 0 0 0 0 0 0 3 2 3 12 11 23 99 131 47 9 5 3 3 2 3 0 0 0 0 0 0 0 0 0 0 2 3 10 12 4 3 0 0 0 0 2 0 0 0 0 0 0 0 0 0 0 0 0 0 0 0 0 0 0 3 3 0 0 0 4 8 20 34 32 17 7 4 4 4 3 3 3 2 2 3 3 3 3 2 0 0 0 0 0 0 0 0 0 0 0 0 0 0 0 0 2 2 1 0 0 0 0 0 0 2 3 2 3 4 2 4 4 6 13 34 132 247 255 255 252 130 41 13 8 4 6 6 8 10 10 13 7 10 2 2 0 0 0 1 1 0 0 0 0 0 0 0 1 1 2 2 8 49 225 253 252 255 142 13 4 4 4 4 4 3 3 6 15 18 4 2 0 0 0 0 0 0 0 0 0 0 0 0 0 0 0 0 0 0 1 4 7 5 8 20 35 59 94 122 134 131 128 125 124 118 113 112 107 99 89 80 72 62 53 49 38 29 21 17 16 13 10 9 7 6 5 4 3 2 5 6 5 7 23 124 217 152 209 139 19 8 6 4 0 2 2 3 2 1 0 0 0 0 0 0 0 0 0 0 0 0 0 0 0 0 0 0
109 98 76 56 41 37 36 31 26 23 18 13 10 8 10 14 12 11 6 8 7 7 4 4 3 4 4 7 8 7 9 5 5 2 2 0 1 2 3 4 4 3 3 10 18 31 68 137 223 244 249 251 251 251 250 249 247 245 243 241 239 241 243 245 247 250 251 252 253 253 252 251 248 244 240 220 194 167 142 127 115 109 101 101 98 95 102 117 125 138 163 200 227 244 249 254 254 253 243 168 78 29 13 7 6 5 5 4 4 4 2 3 3 3 3 3 2 1 0 0 0 0 0 1 2 0 0 0 0 0 0 0 0 0 0 1 4 4 5 4 5 4 2 2 2 3 3 3 3 3 3 3 3 3 3 3 3 2 3 3 3 4 4 4 4 5 6 6 5 4 4 4 3 3 3 2 5 7 6 7 8 9 17 19 30 49 51 46 42 42 44 35 19 10 7 3 1 0 1 3 4 4 6 6 6 6 5 7 8 11 12 13 11 10 7 10 12 7 5 6 6 4 3 3 2 3 1 0 0 0 0 0 0 2 0 0 0 0 0 0 0 0 0 0 0 2 2 3 8 10 19 57 136 87 14 6 4 3 2 2 0 0 0 0 0 0 0 0 0 0 2 2 10 12 4 3 0 0 0 0 2 0 0 0 0 0 0 0 0 0 0 0 0 0 0 0 0 0 0 1 3 2 2 2 3 6 15 34 33 13 7 3 3 2 2 2 3 3 3 2 0 0 0 0 0 0 0 0 0 0 0 0 0 0 0 0 0 0 2 2 0 0 0 0 0 2 2 2 2 2 1 2 3 4 4 3 5 11 32 104 234 255 255 255 163 53 15 9 5 5 7 4 7 8 8 13 12 9 5 0 0 0 0 2 0 0 0 0 0 0 0 0 0 2 2 2 7 29 196 253 251 255 203 24 4 4 5 4 3 3 4 3 10 18 11 0 2 0 0 0 0 0 0 0 0 0 0 0 0 0 0 0 1 3 4 5 9 20 38 72 107 120 120 109 94 81 64 52 46 41 37 30 25 22 18 16 13 10 9 7 7 6 5 4 4 3 3 3 2 2 2 2 2 2 0 4 2 6 14 63 216 202 211 114 9 2 3 3 3 3 2 0 0 0 0 0 0 0 0 0 0 0 0 0 0 0 0 0 0 0 0 0
148 133 117 96 74 60 49 42 39 36 27 24 18 17 14 10 9 8 10 8 6 8 7 6 6 7 7 9 7 11 6 4 4 2 2 0 1 2 3 3 5 7 10 13 20 59 126 223 245 249 251 250 249 246 243 236 221 196 172 160 157 164 185 203 226 237 244 247 250 252 252 253 253 252 251 249 247 242 234 216 196 186 171 161 155 163 175 189 204 223 238 245 249 253 254 254 250 235 143 60 21 11 9 8 7 5 4 3 2 2 3 2 2 2 1 0 0 0 0 0 0 1 3 2 2 2 2 2 2 2 2 2 2 2 2 2 1 0 2 2 1 2 4 4 4 3 3 2 2 2 2 0 0 0 1 2 2 2 2 2 3 4 3 3 4 3 4 4 4 2 2 2 2 3 4 6 5 5 11 12 17 24 35 50 49 41 45 47 44 32 19 10 8 5 4 3 3 4 6 6 7 8 7 5 7 8 10 12 13 10 10 9 9 9 10 8 5 6 7 4 4 3 3 2 2 1 1 0 0 0 0 0 2 0 0 0 0 0 0 0 0 0 0 0 0 0 2 2 4 10 16 37 120 116 28 4 4 3 2 2 0 0 0 0 0 0 0 0 0 0 2 2 9 13 4 2 0 0 0 0 2 0 0 0 0 0 0 0 0 0 0 0 0 0 0 0 0 0 0 0 3 2 0 2 4 3 11 30 39 15 5 3 3 3 4 3 0 0 0 0 0 0 0 0 0 0 0 0 0 0 0 0 0 0 0 0 2 2 0 0 0 0 2 2 2 0 1 2 3 2 2 0 3 4 2 8 10 28 84 209 255 255 255 198 70 23 10 6 5 6 4 6 4 8 4 14 15 9 7 1 0 2 2 0 0 0 0 0 0 0 0 0 0 2 0 2 5 17 145 252 251 255 240 37 5 4 5 4 3 3 3 3 7 16 16 3 0 2 0 0 0 0 0 0 0 0 0 0 0 0 0 3 3 4 5 15 34 72 107 112 112 94 67 38 20 15 12 10 8 5 5 5 4 4 4 4 3 4 4 3 3 2 2 3 2 0 0 0 0 0 0 1 2 1 0 3 3 5 9 40 198 229 217 97 8 4 3 2 0 0 1 2 2 0 0 0 0 0 0 0 0 0 0 0 0 0 0 0 0 0 0 0
139 152 146 148 134 108 93 76 59 46 40 37 36 29 24 22 19 18 15 11 10 6 7 9 10 8 10 10 9 8 5 5 4 2 2 4 2 0 3 5 8 7 11 13 39 104 190 244 249 250 248 244 239 225 191 149 125 101 89 81 73 85 92 106 128 158 192 217 236 244 247 249 251 252 253 253 253 252 252 249 247 243 240 239 241 241 241 244 246 250 252 254 254 254 253 247 214 116 45 14 11 8 6 5 4 4 4 3 4 3 2 2 1 0 0 0 0 2 2 2 2 2 0 0 0 0 0 0 0 0 0 0 0 0 0 0 0 0 2 0 2 2 2 2 1 0 0 3 4 4 4 3 3 4 4 3 3 3 4 4 3 3 4 4 3 3 3 3 4 3 3 3 4 5 7 6 10 15 16 28 40 51 47 47 49 47 39 25 18 14 9 7 5 6 6 7 9 9 8 7 8 7 8 10 10 10 11 10 11 11 13 11 10 8 7 6 5 3 2 3 2 1 0 0 0 2 0 0 0 0 0 0 2 0 0 0 0 0 0 0 0 0 0 0 0 0 2 2 2 8 14 25 96 131 52 8 4 4 1 3 0 0 0 0 0 0 0 0 0 0 3 1 9 13 5 2 0 0 0 0 2 0 0 0 0 1 1 0 0 0 0 0 0 0 0 0 0 0 0 2 5 4 3 4 5 4 6 24 41 20 5 3 2 3 2 0 0 0 0 0 0 0 0 0 0 0 0 0 0 0 0 0 0 1 2 2 0 0 1 2 2 2 1 2 2 2 1 2 2 1 0 3 3 4 8 9 23 74 187 255 255 255 230 92 26 10 5 6 6 5 6 3 4 5 8 9 13 11 10 3 2 0 0 0 0 0 0 0 0 0 0 0 0 2 0 2 3 15 102 248 252 255 252 55 7 3 5 4 4 3 4 1 5 10 18 9 0 2 0 0 0 0 0 0 0 0 0 0 0 2 3 4 4 8 21 48 104 112 109 90 52 29 16 9 7 4 4 4 3 4 3 3 2 2 2 2 2 1 0 0 2 1 2 0 0 0 0 0 0 0 0 0 0 1 2 3 4 5 7 25 165 242 222 87 7 2 2 2 0 0 0 0 0 2 2 1 0 0 0 0 0 0 0 0 0 0 0 0 0 0 0 0
90 112 142 145 150 152 148 132 115 106 94 70 55 45 39 32 28 23 18 22 21 15 11 8 7 11 14 14 11 6 4 2 2 3 3 2 2 3 4 5 8 6 14 17 51 142 232 247 250 248 243 230 193 154 113 89 70 68 56 50 43 40 43 51 59 75 94 125 156 188 215 234 242 248 249 251 252 253 253 253 253 253 253 252 252 252 253 253 254 254 254 254 253 249 238 163 79 32 15 11 9 7 5 4 3 3 4 3 2 2 3 2 2 2 2 2 2 1 2 2 2 0 0 0 0 0 0 0 0 0 0 0 0 0 0 0 0 0 2 0 0 0 1 2 2 2 2 2 1 2 2 4 4 4 4 5 4 4 4 4 3 3 3 3 2 4 4 4 3 3 4 4 5 5 9 16 23 39 53 55 50 49 47 41 35 24 18 16 10 9 8 7 8 8 8 9 10 8 9 12 9 9 10 11 11 11 10 11 13 10 6 4 4 5 4 2 2 3 2 2 0 0 0 0 2 0 0 0 0 0 0 0 2 0 0 0 0 0 0 0 0 0 0 0 0 0 0 2 4 5 12 21 55 129 92 18 4 4 3 3 1 0 0 0 0 0 0 0 0 0 2 1 10 11 6 3 1 2 2 2 3 2 2 2 2 1 0 0 0 0 0 0 0 1 2 3 4 4 4 4 3 4 4 2 3 2 3 17 41 25 8 2 1 2 0 2 0 0 0 0 0 0 0 0 0 0 0 0 0 0 0 1 2 1 0 0 1 2 2 2 3 3 1 0 0 1 3 1 0 1 2 4 4 7 8 24 66 173 255 255 255 242 112 31 11 5 6 7 4 5 4 4 0 2 7 10 11 12 12 4 1 0 0 0 0 0 0 0 0 0 0 0 0 2 0 2 2 10 60 242 252 255 255 89 7 4 4 5 3 4 3 2 4 7 17 14 2 0 2 0 0 0 0 0 0 0 0 1 2 3 4 4 14 29 66 113 107 89 50 24 11 7 3 1 3 2 3 2 2 0 0 0 0 0 0 0 0 0 0 0 3 1 0 0 0 0 0 0 0 0 0 0 0 0 0 2 5 5 7 20 144 246 228 74 5 2 2 2 0 0 0 0 0 0 0 1 2 1 0 0 0 0 0 0 0 0 0 0 0 0 0 0
57 67 76 100 124 140 146 155 159 148 136 127 120 103 82 62 48 37 35 26 22 24 22 19 18 15 13 10 9 7 6 5 4 3 3 4 5 4 2 5 4 9 11 29 66 155 241 247 250 246 239 198 151 121 99 73 52 47 37 33 36 33 31 35 40 41 49 54 67 93 119 146 176 201 226 242 246 249 251 252 252 253 253 253 253 254 254 254 254 254 251 247 235 178 98 44 23 10 9 11 5 4 5 6 5 4 2 3 3 3 4 4 3 3 3 3 3 2 2 2 1 0 0 0 0 0 0 0 0 0 0 0 0 0 0 0 0 0 2 1 2 2 2 3 3 4 4 3 3 3 4 4 4 3 3 3 4 4 4 3 4 4 5 6 6 4 4 3 4 4 5 6 11 19 23 37 57 56 51 51 47 40 36 24 18 16 11 10 10 8 10 11 10 10 10 9 8 8 9 9 10 12 13 12 10 11 10 8 4 4 4 5 5 3 3 3 2 0 0 0 0 0 0 2 0 0 0 0 0 0 0 0 2 0 0 0 0 0 0 0 0 0 0 0 0 0 2 2 2 3 9 17 33 115 123 32 4 4 4 1 3 0 0 0 0 0 0 0 0 0 1 2 9 12 8 6 4 3 3 3 4 4 3 4 4 4 4 4 4 4 4 4 4 4 4 4 3 3 2 2 1 2 2 0 3 0 2 10 35 38 9 2 2 2 0 2 0 0 0 0 0 0 0 0 0 0 0 0 0 1 2 1 0 0 0 2 2 3 2 1 0 0 2 3 2 2 0 0 2 3 4 5 7 10 21 61 165 253 255 255 250 125 36 13 6 7 6 4 4 4 4 1 0 2 5 6 14 13 15 7 4 4 6 3 0 0 0 0 0 0 0 0 0 2 0 2 2 8 40 228 253 253 255 123 10 4 4 5 4 4 2 3 2 5 14 16 8 0 2 0 0 0 0 0 0 0 2 2 4 4 6 19 38 86 116 100 59 25 13 7 4 2 3 3 3 3 2 0 0 0 0 0 0 0 0 0 0 0 1 2 2 0 0 0 0 0 0 0 0 0 0 0 0 0 0 3 4 4 6 16 139 247 229 63 3 3 0 2 0 0 0 0 0 0 0 0 0 1 2 0 0 0 0 0 0 0 0 0 0 0 0 0
27 36 50 57 58 71 97 118 136 152 160 159 146 143 136 124 108 95 65 50 40 30 24 22 20 20 20 14 8 8 7 6 4 7 6 5 5 3 4 3 3 5 12 29 66 157 241 246 249 246 239 210 170 132 104 86 60 49 43 38 31 30 22 23 18 26 25 26 31 36 51 63 86 104 136 157 189 213 234 242 245 248 249 249 250 250 248 248 244 232 202 155 92 49 25 12 8 9 8 4 5 6 5 4 4 5 5 5 4 3 3 3 4 3 2 0 0 0 0 0 1 2 2 2 2 2 2 2 2 0 0 0 0 0 0 2 2 2 3 2 2 2 2 1 1 0 0 2 3 3 4 5 4 4 3 3 2 3 3 5 7 7 6 3 4 4 6 7 6 8 11 19 26 35 52 51 47 48 51 46 36 26 19 18 17 14 14 14 13 13 12 13 14 13 12 13 14 14 13 11 11 9 8 9 10 7 6 4 4 4 4 3 2 1 2 1 0 0 0 0 0 0 2 0 0 0 0 0 0 0 0 0 2 0 0 0 0 0 0 0 0 0 0 1 2 2 0 0 2 3 5 12 25 87 132 65 10 4 4 2 3 0 0 0 0 0 0 0 0 0 0 3 9 12 6 5 3 3 3 3 3 3 3 3 3 3 3 3 3 2 2 2 2 2 2 0 0 0 0 2 0 2 2 0 3 0 2 6 27 45 16 4 1 2 1 2 0 0 0 0 0 0 0 0 0 0 0 2 2 1 0 0 0 0 3 3 4 2 3 2 2 2 1 0 3 2 3 2 5 6 7 11 11 24 63 155 252 255 255 252 145 38 17 8 7 5 4 4 4 4 3 1 2 3 3 6 8 16 17 10 5 6 4 7 4 2 0 0 0 0 0 0 0 2 0 2 2 7 27 203 253 252 255 155 15 4 3 6 4 3 3 3 0 4 8 17 11 3 0 2 0 0 0 0 2 2 2 4 5 10 25 50 102 111 80 41 17 8 4 2 2 2 2 2 2 0 0 2 2 2 2 2 2 2 2 2 2 2 1 0 1 1 0 0 0 0 0 0 0 0 0 0 0 0 2 3 4 5 4 18 147 251 224 45 3 3 0 2 0 0 0 0 0 0 0 0 0 0 0 2 2 0 0 0 0 0 0 0 0 0 0 0
17 22 26 33 48 56 62 61 66 82 106 129 147 158 162 158 159 140 124 101 85 58 43 35 33 30 19 15 12 7 5 9 8 6 6 6 6 5 4 4 4 5 11 27 63 150 235 244 248 248 244 234 206 172 143 113 100 87 59 44 36 31 35 29 25 18 18 21 23 21 22 30 38 49 54 70 93 106 142 161 178 193 202 207 207 202 190 161 140 105 60 40 25 12 9 9 10 8 5 6 6 6 6 5 5 5 6 5 4 4 4 3 4 4 2 3 2 1 0 0 0 0 0 0 0 0 0 0 0 2 2 2 3 3 3 3 3 1 2 0 0 0 1 1 2 2 4 6 7 6 6 4 4 3 3 4 6 6 7 7 7 7 8 11 10 10 9 11 16 23 34 42 50 52 48 49 51 42 28 23 23 20 18 14 11 11 10 11 12 10 11 10 10 10 10 10 9 9 10 9 10 10 8 5 4 3 3 3 3 3 1 0 1 2 0 0 0 0 0 0 0 1 1 0 0 0 0 0 0 0 0 0 2 0 0 0 0 0 0 0 0 2 2 1 0 0 0 0 2 3 3 10 20 47 128 108 18 4 3 4 3 2 0 0 0 0 0 0 0 0 0 3 8 13 6 4 0 0 0 0 2 0 0 0 0 0 0 0 0 0 0 0 0 0 0 0 0 0 0 2 0 0 2 2 3 0 2 3 21 42 24 5 1 2 2 0 2 0 0 0 0 0 0 0 0 2 2 0 0 0 0 0 2 3 2 3 1 2 3 3 3 3 3 4 3 4 5 9 8 10 13 13 30 73 163 252 255 255 253 161 45 20 7 6 5 4 3 4 4 4 3 1 0 3 1 5 7 14 21 14 5 4 3 4 5 2 1 0 0 0 0 0 0 2 0 2 2 6 20 173 254 253 255 201 18 4 4 6 4 4 2 3 1 4 5 13 15 7 0 2 0 0 1 2 1 3 3 7 16 30 67 110 102 70 32 11 5 2 2 2 2 2 2 2 0 0 0 0 0 0 0 0 0 0 0 0 0 0 0 0 0 2 0 0 0 0 0 0 0 0 0 0 0 0 2 3 3 4 5 21 169 253 208 33 3 3 0 0 2 0 0 0 0 0 0 0 0 0 0 0 0 2 2 0 0 0 0 0 0 0 0 0
12 14 19 22 26 26 30 41 52 58 56 59 75 95 112 138 147 159 165 159 135 111 93 62 46 35 27 20 21 18 11 5 8 9 5 7 6 7 7 5 5 7 15 17 52 118 208 240 247 247 247 247 242 236 218 193 166 134 110 98 72 49 31 26 27 28 22 19 16 21 20 19 17 22 32 38 40 54 54 60 69 88 100 99 92 83 71 51 30 20 17 8 7 6 4 5 5 4 3 3 1 2 3 4 4 4 5 5 5 6 5 4 4 6 2 1 1 1 2 2 0 0 0 0 0 0 0 0 0 2 3 2 2 1 0 0 0 2 3 2 0 1 4 4 4 6 6 7 6 7 6 7 7 7 7 6 8 15 19 17 17 21 23 23 27 31 37 41 47 49 45 44 45 47 46 35 25 22 21 16 12 11 10 10 12 12 13 10 8 9 8 8 6 6 5 5 5 4 5 4 3 3 3 3 2 2 2 2 0 1 2 2 1 0 0 0 2 1 0 1 2 1 0 0 0 0 0 0 0 0 0 2 0 0 0 0 0 0 0 2 2 0 0 0 0 0 0 0 0 2 3 6 15 28 103 137 43 7 3 4 2 3 0 0 0 0 0 0 0 0 0 3 7 14 6 3 2 0 0 0 2 0 0 0 0 0 0 0 0 0 0 0 0 0 0 0 0 0 0 2 0 0 2 2 3 0 2 3 14 40 32 9 2 2 1 1 2 0 0 0 0 0 0 2 2 0 0 0 0 0 0 2 3 2 2 3 2 2 0 1 3 4 4 5 9 12 13 11 14 18 22 46 104 186 252 255 255 255 172 50 20 7 6 5 4 3 4 4 2 3 1 0 0 2 2 3 6 15 21 16 4 3 2 4 5 3 2 0 0 0 0 0 0 2 0 2 2 6 15 143 254 253 255 228 25 4 4 5 4 4 3 2 3 3 4 12 15 10 3 2 0 1 1 2 2 3 10 21 41 93 110 93 57 22 8 3 2 3 2 2 2 2 0 0 0 0 0 0 0 0 0 0 0 0 0 0 0 0 0 0 0 2 0 0 0 0 0 0 0 0 0 0 0 0 3 3 3 4 4 30 195 253 189 25 3 2 2 2 1 0 0 0 0 0 0 0 0 0 0 0 0 0 0 2 2 0 0 0 0 0 0 0
8 8 10 14 18 17 18 19 25 29 36 45 52 52 63 74 94 111 133 153 166 155 145 124 98 62 39 32 21 18 18 16 8 6 9 7 5 7 4 7 7 8 13 16 31 84 156 221 241 247 248 248 250 247 245 241 231 213 183 150 127 101 79 55 39 29 27 24 23 17 16 13 15 17 18 15 16 19 25 30 32 31 29 28 25 18 13 10 11 11 9 9 5 4 4 3 3 2 1 2 3 2 2 1 2 2 2 2 3 4 5 4 5 6 6 2 2 0 0 0 2 2 1 1 2 2 2 3 3 1 0 0 0 0 0 0 0 0 3 3 4 4 4 4 8 10 10 10 12 14 15 12 13 16 18 24 30 32 35 43 44 41 41 44 42 45 44 44 43 43 45 42 32 19 15 14 11 8 7 6 6 5 7 6 5 5 4 5 5 5 5 5 5 5 7 5 4 3 2 2 2 3 2 3 2 1 0 1 2 1 0 0 0 1 2 2 0 2 2 1 0 0 0 0 0 0 0 0 0 0 0 2 0 0 0 0 1 2 2 0 0 0 0 0 0 0 0 0 0 1 3 4 13 21 60 143 85 14 3 3 4 2 2 0 0 0 0 0 0 0 0 3 7 13 8 3 2 0 0 0 2 0 0 0 0 0 0 0 0 0 0 0 0 0 0 0 0 0 0 2 0 0 1 1 3 0 1 3 10 32 40 12 3 0 2 2 2 0 0 0 0 2 2 0 0 0 0 0 0 0 2 3 2 2 3 3 2 3 4 5 7 11 15 17 14 14 18 24 30 44 81 146 215 255 255 255 255 184 51 20 7 6 5 4 4 5 3 3 1 3 0 0 0 3 1 3 3 14 22 17 7 1 4 4 5 3 0 0 0 0 0 0 0 2 0 2 2 5 13 122 253 253 255 241 34 4 4 4 5 5 3 2 3 2 2 8 15 14 4 2 2 1 2 1 5 13 26 67 109 106 84 42 14 5 3 3 2 2 0 1 1 0 0 0 0 0 0 0 0 0 0 0 0 0 0 0 0 0 0 0 0 2 0 0 0 0 0 0 0 0 0 0 1 3 3 2 3 4 7 42 213 253 162 16 2 2 0 2 2 2 0 0 0 0 0 0 0 0 0 0 0 0 0 0 0 0 0 0 0 0 0 0
10 11 9 7 11 11 11 13 13 15 18 24 28 34 38 39 45 59 74 96 117 153 161 166 151 128 93 54 40 32 23 15 18 13 8 6 9 6 8 9 9 8 11 18 22 49 95 162 212 241 246 248 249 251 250 249 247 244 239 222 196 164 134 106 77 54 41 34 28 25 22 19 15 12 11 15 15 14 13 16 18 11 10 9 10 10 9 8 7 7 6 4 5 5 4 3 4 3 3 2 2 2 1 2 2 0 0 1 2 2 0 3 2 4 5 4 3 1 2 2 2 2 2 3 3 2 1 0 0 0 0 0 0 0 2 3 3 3 3 1 2 6 8 15 23 29 32 35 33 31 33 32 34 34 36 48 53 52 52 47 48 49 46 43 45 45 44 44 41 33 24 14 10 10 8 7 7 7 7 8 7 8 8 9 8 7 7 8 8 7 6 5 6 6 4 4 3 3 3 3 2 2 1 0 0 2 2 1 0 0 0 1 2 1 2 2 2 0 0 0 0 0 0 0 0 0 0 0 0 0 1 1 0 0 1 2 1 0 0 0 0 0 0 0 0 0 0 0 0 0 2 4 6 18 37 121 124 26 3 3 4 2 1 1 0 0 0 0 0 0 0 3 6 13 8 3 2 0 0 2 0 0 0 0 0 0 0 0 0 0 0 0 0 0 0 0 0 0 0 1 1 0 0 2 3 0 0 2 5 26 43 20 3 0 2 2 0 2 0 2 2 0 0 0 0 0 0 0 0 2 3 2 2 3 4 5 6 7 10 13 17 18 20 24 31 36 45 65 101 153 209 250 255 255 255 255 180 51 19 9 6 6 4 3 4 3 2 2 1 3 0 0 1 2 0 3 3 13 19 20 7 5 6 6 3 1 0 0 0 0 0 0 0 2 0 2 2 4 12 104 251 253 255 246 40 5 3 3 6 5 3 2 3 2 2 4 14 15 8 4 2 3 3 5 18 35 88 107 99 69 30 9 4 3 3 2 1 0 2 1 0 0 0 0 0 0 0 0 0 0 0 0 0 0 0 0 0 0 0 0 0 2 0 0 0 0 0 0 0 0 0 1 2 0 3 2 1 5 9 59 232 248 126 9 2 2 0 2 0 0 2 2 1 0 0 0 0 0 0 0 0 0 0 0 0 0 0 0 0 0 0 0
5 6 8 11 14 9 11 13 10 11 13 14 14 21 28 30 31 34 42 48 59 83 106 135 161 167 155 123 90 51 35 29 21 20 18 10 7 6 7 6 7 10 11 13 19 30 51 101 144 192 229 241 247 248 248 250 251 250 249 247 242 229 193 158 132 102 73 51 41 34 28 24 24 15 13 12 11 13 10 11 9 12 9 6 4 6 6 6 5 3 4 4 5 5 4 4 4 0 0 0 2 2 2 2 2 3 3 3 2 2 3 3 3 4 5 5 5 3 2 2 2 2 2 1 0 2 2 0 0 0 0 3 3 3 2 0 0 0 2 3 5 10 15 28 40 43 44 41 43 39 36 39 41 45 52 46 41 41 36 38 36 34 35 35 34 28 25 19 14 12 8 6 5 4 4 4 4 4 3 3 4 4 4 1 2 2 2 1 0 0 0 0 0 0 0 1 2 1 2 2 3 3 3 3 3 2 2 2 3 2 2 2 2 2 0 0 0 0 0 0 0 0 0 0 0 0 0 0 0 0 2 0 2 2 1 0 0 0 0 0 0 0 0 0 0 0 0 0 0 0 1 3 4 13 25 93 148 48 6 3 3 3 1 2 0 0 0 0 0 0 0 3 5 14 8 3 2 0 0 2 0 0 0 0 0 0 0 0 0 0 0 0 0 0 0 0 0 0 0 0 1 1 0 2 3 2 0 2 4 21 46 22 5 0 1 2 1 3 2 0 0 0 0 0 0 0 0 0 2 3 2 3 6 6 9 10 16 25 30 33 35 45 58 74 101 123 152 198 232 252 255 255 255 255 252 157 47 17 10 5 5 4 4 4 3 2 1 0 3 3 0 0 2 2 0 2 4 9 19 25 10 7 5 2 0 0 0 0 0 0 0 0 1 1 0 1 2 3 11 80 248 254 255 248 42 5 3 4 6 4 4 2 3 3 2 2 10 16 11 3 3 3 4 15 46 100 113 96 50 18 6 3 4 3 2 0 0 2 0 0 0 0 0 0 0 0 0 0 0 0 0 0 0 0 0 0 0 0 0 0 0 2 0 0 0 0 0 0 0 0 2 2 0 2 2 2 2 5 11 78 242 246 101 8 2 2 0 2 0 0 0 0 1 2 1 0 0 0 0 0 0 0 0 0 0 0 0 0 0 0 0 0
7 7 9 8 12 11 12 11 12 12 9 10 11 11 11 18 23 28 30 33 40 40 57 79 97 123 155 161 143 113 75 43 28 23 20 20 16 12 6 7 6 9 9 11 15 19 33 41 79 112 156 198 220 239 244 247 249 249 251 251 249 247 242 222 177 151 119 94 56 43 34 29 24 25 19 17 14 11 12 8 7 9 9 9 9 5 5 6 4 4 5 5 4 1 2 3 3 4 3 4 2 2 2 2 2 2 2 3 3 3 3 4 4 5 5 4 3 3 2 3 2 2 2 2 2 1 0 3 3 3 3 0 0 0 0 0 0 1 2 6 15 25 39 43 35 29 34 34 34 37 36 39 38 34 34 32 26 20 18 13 14 14 13 11 7 8 6 7 7 4 4 4 2 1 0 0 0 0 0 1 2 3 2 2 2 2 1 0 0 0 0 0 0 0 0 0 0 2 3 3 2 2 2 2 2 1 1 1 0 2 2 0 0 0 0 0 0 0 0 0 0 0 0 0 0 0 0 0 0 1 2 2 0 0 0 0 0 0 0 0 0 0 0 0 0 0 0 0 0 0 0 3 3 8 22 50 150 88 14 3 3 4 2 1 1 0 0 0 0 0 0 3 4 15 8 3 2 0 0 2 0 0 0 0 0 0 0 0 0 0 0 0 0 0 0 0 0 0 0 0 0 2 0 2 3 2 1 2 3 16 42 29 7 1 1 3 1 1 1 0 0 0 0 0 0 0 0 2 3 1 5 6 5 13 20 30 34 43 62 80 112 129 156 187 218 240 252 255 255 255 255 255 255 240 122 37 14 11 4 5 4 4 4 4 2 1 0 2 2 2 1 2 2 0 0 0 4 7 17 24 14 5 4 0 0 0 0 0 0 0 0 0 2 0 0 0 3 2 11 69 246 254 255 248 45 6 2 4 7 3 4 3 2 4 1 2 6 14 17 6 4 6 9 38 100 122 89 34 12 4 2 3 3 1 0 0 2 0 0 0 0 0 0 0 0 0 0 0 0 0 0 0 0 0 0 0 0 0 0 0 0 1 1 0 0 0 0 0 0 2 2 0 0 2 2 2 3 4 16 114 247 238 65 6 2 2 1 1 0 0 0 0 0 0 1 2 2 0 0 0 0 0 0 0 0 0 0 0 0 0 0 0
12 10 8 9 11 8 10 10 10 10 12 11 11 10 9 10 9 10 14 19 22 30 34 39 58 81 103 134 153 151 137 104 62 40 31 27 23 22 21 13 8 7 9 10 11 18 23 27 37 52 77 109 150 188 201 222 240 245 247 248 250 250 249 246 242 204 171 138 123 88 61 43 33 27 22 18 17 14 12 10 12 8 8 9 7 6 7 5 5 5 5 4 4 5 3 4 4 3 4 4 4 4 4 3 3 3 3 3 2 0 0 0 2 1 4 9 5 4 3 3 2 2 2 3 3 3 3 3 2 0 0 0 0 0 0 0 0 2 6 20 31 35 35 27 23 19 14 12 12 18 21 23 22 23 17 12 9 7 6 7 6 5 4 4 5 5 4 3 2 1 0 0 0 0 0 0 0 0 0 0 0 2 0 0 0 0 0 0 0 0 0 0 0 0 0 2 3 2 1 2 1 0 0 0 0 0 0 0 0 0 0 0 0 0 0 0 0 0 0 0 0 0 0 0 0 0 0 1 2 3 0 0 0 0 0 0 0 0 0 0 0 0 0 0 0 0 0 0 0 0 0 2 3 7 14 32 128 123 25 3 3 4 2 0 2 0 0 0 0 0 0 3 4 15 9 3 2 0 0 2 0 0 0 0 0 0 0 0 0 0 0 0 0 0 0 0 0 0 0 0 0 0 2 2 3 2 2 2 3 12 40 34 9 3 1 2 2 0 2 0 0 0 0 0 0 0 1 3 3 7 7 10 19 27 49 89 117 139 169 206 233 248 253 255 255 255 255 255 255 255 255 250 184 71 24 13 10 4 5 4 4 5 3 3 1 0 1 1 2 2 3 0 2 0 0 0 3 7 13 26 16 8 3 0 0 0 0 0 0 0 0 0 2 0 0 0 3 2 10 65 241 255 255 246 46 5 2 4 6 4 4 3 2 4 2 3 2 13 17 12 8 9 22 67 127 111 41 11 4 4 3 2 3 0 0 2 0 0 0 0 0 0 0 0 0 0 0 0 0 0 0 0 0 0 0 0 0 0 0 0 0 0 2 0 0 0 0 0 2 1 0 0 0 2 1 2 3 7 25 149 251 223 42 4 3 0 2 0 0 0 0 0 0 0 0 0 0 2 2 0 0 0 0 0 0 0 0 0 0 0 0 0
13 13 11 13 14 12 9 7 8 11 13 12 14 14 15 13 12 12 11 13 14 16 18 26 32 37 51 78 117 147 159 147 128 92 58 38 26 23 24 22 20 12 12 12 11 12 13 18 25 32 40 48 62 94 132 164 188 201 233 244 245 248 249 251 248 245 237 192 151 129 111 82 59 37 32 26 24 20 15 13 9 10 8 8 7 9 5 6 5 4 3 3 3 2 3 3 4 5 5 5 4 4 4 4 4 3 3 2 3 3 3 3 0 2 3 5 6 4 2 3 4 4 4 2 2 0 0 0 3 2 2 0 0 0 0 0 1 7 20 33 34 34 18 18 10 8 9 7 9 7 6 6 6 6 4 4 4 4 4 3 3 3 3 3 1 0 0 0 0 0 0 0 0 0 0 0 0 0 0 0 0 0 2 1 0 0 0 0 0 0 0 2 2 2 2 2 0 0 0 0 1 2 0 0 0 0 0 0 0 0 0 0 0 0 0 0 0 0 0 0 0 0 0 0 0 2 2 1 1 1 0 0 0 0 0 0 0 0 0 0 0 0 0 0 0 0 0 0 0 0 0 0 3 5 10 25 93 150 47 6 4 4 2 0 1 1 0 0 0 0 0 3 3 15 9 3 1 1 0 2 0 0 0 0 0 0 0 0 0 0 0 0 0 0 0 0 0 0 0 0 0 0 2 0 3 2 2 0 3 10 34 39 13 3 0 1 2 0 1 1 0 0 0 0 0 1 3 5 6 8 9 24 47 112 136 194 238 252 255 255 255 255 255 255 255 255 255 255 255 241 176 74 36 17 12 8 3 5 4 4 5 3 3 1 0 0 2 0 3 1 2 0 2 0 0 0 3 5 10 25 21 9 3 1 0 0 0 0 0 0 0 0 2 0 0 0 3 0 11 58 240 255 255 240 46 4 2 4 5 4 4 3 2 3 3 1 3 7 12 17 13 20 34 57 121 101 41 14 7 4 3 3 2 0 2 0 0 0 0 0 0 0 0 0 0 0 0 0 0 0 0 0 0 0 0 0 0 0 0 0 0 0 2 0 0 0 1 2 2 0 0 0 0 2 0 3 4 9 34 195 251 201 27 4 3 0 2 0 0 0 0 0 0 0 0 0 0 0 0 2 2 1 0 0 0 0 0 0 0 0 0 0
16 16 18 17 13 12 13 14 14 13 11 12 11 12 9 9 11 11 11 12 13 13 18 19 21 31 38 42 55 94 126 163 166 150 124 89 62 38 26 27 25 26 23 14 12 11 16 14 19 21 26 35 49 49 55 80 111 140 167 192 225 242 247 249 249 249 247 243 223 186 139 121 102 82 52 36 29 26 22 22 17 14 12 9 9 7 10 7 7 7 9 6 4 4 4 6 3 1 2 3 3 3 3 3 3 4 3 2 2 2 1 2 4 3 3 6 5 6 4 2 2 0 0 3 2 3 2 0 0 2 0 2 2 1 0 0 4 17 30 35 28 17 17 8 7 5 5 5 5 4 4 3 2 3 2 2 2 0 0 0 0 0 0 0 0 0 0 0 0 0 0 0 0 0 0 0 0 0 0 0 0 0 0 1 2 2 2 2 2 2 2 0 0 2 3 0 0 0 0 0 0 0 2 1 0 0 0 0 0 0 0 0 0 0 0 0 0 0 0 0 0 0 0 2 2 0 0 0 2 0 0 0 0 0 0 0 0 0 0 0 0 0 0 0 0 0 0 0 0 0 0 0 2 4 8 19 52 159 77 13 4 3 2 2 0 2 0 0 0 0 0 2 4 14 10 3 0 2 0 2 0 0 0 0 0 0 0 0 0 0 0 0 0 0 0 0 0 0 0 0 0 0 2 0 3 1 2 0 3 7 27 44 15 4 0 0 3 0 0 2 0 0 0 0 2 3 4 5 7 10 35 91 156 217 253 255 255 255 255 255 255 255 255 255 255 250 227 178 111 59 33 17 11 9 6 3 5 6 4 5 4 3 1 0 0 1 2 2 3 3 1 0 2 0 0 0 2 5 10 20 24 11 4 2 0 0 0 0 0 0 0 0 2 0 0 2 2 0 11 55 240 255 255 228 40 4 2 3 6 4 3 4 2 3 2 2 2 3 11 19 19 16 16 31 73 106 84 40 16 8 5 3 0 2 2 0 0 0 0 0 0 0 0 0 0 0 0 0 0 0 0 0 0 0 0 0 0 0 0 0 0 0 2 0 0 1 1 2 0 0 0 0 0 2 0 4 4 12 65 217 247 166 19 4 3 1 1 0 0 0 0 0 0 0 0 0 0 0 0 0 0 1 2 2 0 0 0 0 0 0 0 0
24 26 21 23 23 20 19 18 18 13 11 10 11 10 13 12 13 11 11 9 11 14 13 14 17 17 18 29 42 47 67 103 143 170 168 154 125 98 62 36 27 27 27 25 23 20 16 13 12 19 23 20 23 33 41 49 52 70 100 126 164 194 229 243 248 249 249 248 245 240 209 161 124 110 98 71 49 36 32 25 24 23 19 18 12 9 7 10 10 8 7 8 9 7 7 6 6 4 4 4 3 2 3 2 2 2 3 4 4 5 5 5 4 3 4 6 5 4 5 3 3 3 1 2 0 0 2 3 2 2 1 0 0 1 2 2 9 22 35 36 18 14 9 5 7 5 4 3 0 1 1 0 0 1 2 1 0 0 0 0 0 0 0 0 0 0 0 0 0 0 0 0 0 0 0 0 0 0 0 0 0 0 0 0 0 0 0 0 0 0 0 0 1 2 0 0 0 0 0 0 0 0 0 1 2 0 0 0 0 0 0 0 0 0 0 0 0 0 0 0 1 2 2 0 0 0 0 1 1 0 0 0 0 0 0 0 0 0 0 0 0 0 0 0 0 0 0 0 0 0 0 0 1 3 7 10 40 137 118 22 4 4 3 2 0 2 0 0 0 0 0 0 3 15 10 3 0 2 0 2 0 0 0 0 0 0 0 0 0 0 0 0 0 0 0 0 0 0 0 0 0 0 1 1 3 0 3 2 2 4 25 41 21 5 0 0 3 0 0 2 0 0 0 2 2 3 6 8 14 36 105 201 252 255 255 255 255 255 255 255 253 242 212 178 129 89 59 37 25 14 9 9 5 4 3 4 7 4 4 4 4 3 3 3 3 3 2 0 3 0 0 0 0 0 0 0 1 4 8 17 27 12 6 3 0 0 0 0 0 0 0 0 2 0 0 2 2 0 11 58 240 255 255 210 34 4 2 3 5 5 3 4 2 2 3 0 2 3 5 14 29 13 8 12 25 72 97 93 50 20 10 5 2 1 2 0 0 0 0 0 0 0 0 0 0 0 0 0 0 0 0 0 0 0 0 0 0 0 0 0 0 0 2 0 2 1 2 0 0 0 0 0 0 2 0 3 6 17 105 233 241 130 15 4 3 2 0 0 0 0 0 0 0 0 0 0 0 0 0 0 0 0 0 0 2 2 0 0 2 2 2 2
37 35 32 32 26 24 22 20 19 24 27 22 21 19 18 18 15 14 16 16 14 11 12 12 13 17 18 20 22 29 41 50 74 112 148 170 168 162 141 107 76 46 33 32 28 23 23 24 17 16 17 20 22 24 27 31 39 46 52 67 99 122 163 204 237 245 249 249 249 248 245 232 193 145 118 107 94 75 49 37 32 30 24 20 19 16 15 12 9 12 12 9 7 8 7 6 7 7 7 5 5 4 4 5 5 6 5 6 6 5 6 5 6 7 6 5 6 6 5 5 2 3 2 4 3 2 0 0 1 1 3 2 1 0 0 3 10 26 37 34 12 10 8 4 5 2 3 2 2 1 0 0 2 1 0 0 0 0 0 0 0 0 0 0 0 0 0 0 0 0 0 0 0 0 0 0 0 0 0 0 0 0 0 0 0 0 0 0 0 0 0 2 1 0 0 0 0 0 0 0 0 0 0 0 0 2 0 0 0 0 0 0 0 0 0 0 0 0 1 2 1 0 0 0 0 0 1 1 0 0 0 0 0 0 0 0 0 0 0 0 0 0 0 0 0 0 0 0 0 0 0 0 0 3 5 9 27 109 144 39 5 5 3 2 0 0 2 0 0 0 0 0 3 14 10 4 0 2 0 2 0 0 0 0 0 0 0 0 0 0 0 0 0 0 0 0 0 0 0 0 0 0 0 2 4 2 3 0 2 3 22 40 23 7 2 0 2 2 1 1 0 1 2 1 4 5 9 10 35 106 220 255 255 255 255 255 253 233 197 152 118 89 58 39 26 23 13 9 7 8 7 4 4 4 4 6 4 4 4 3 2 0 0 0 2 0 0 2 3 0 0 0 0 0 0 0 0 4 5 13 24 19 8 2 2 0 0 0 0 0 0 0 2 0 0 2 2 0 11 64 241 255 255 189 27 4 1 4 4 4 4 4 4 1 4 0 0 0 3 8 33 15 6 6 11 25 64 95 100 63 28 11 5 2 2 1 0 0 0 0 0 0 0 0 0 0 0 0 0 0 0 0 0 0 0 0 0 0 0 0 0 0 2 2 0 2 0 0 0 0 0 0 0 2 2 3 8 29 148 237 229 110 12 4 3 2 0 0 0 0 0 0 0 0 0 0 0 0 0 0 0 0 0 0 2 2 3 3 1 0 0 0
74 71 67 68 61 51 51 47 43 34 28 28 25 27 27 25 23 22 22 20 20 20 17 18 17 16 16 16 17 23 26 35 43 51 73 114 155 162 164 166 143 114 83 52 39 35 29 26 27 24 21 18 18 22 23 25 28 35 38 46 52 68 105 137 176 216 242 248 249 249 248 246 242 219 176 136 108 91 92 69 47 37 37 37 32 27 21 18 15 15 13 13 13 12 12 12 10 8 8 8 8 9 9 9 9 6 7 6 7 6 5 5 5 5 6 7 8 10 7 7 5 5 3 2 2 2 3 2 2 2 2 2 1 2 2 3 13 27 35 31 12 10 7 5 4 2 3 2 0 0 0 2 0 0 0 0 0 0 0 0 0 0 0 0 0 0 0 0 0 0 0 0 0 0 0 0 0 0 0 0 0 0 0 0 0 0 0 0 0 2 2 0 0 0 0 0 0 0 0 0 0 0 0 0 0 0 2 1 0 0 0 0 0 0 0 0 2 2 1 0 0 0 0 0 0 0 2 0 0 0 0 0 0 0 0 0 0 0 0 0 0 0 0 0 0 0 0 0 0 0 0 0 0 2 5 7 17 71 155 71 8 5 3 1 2 0 2 0 0 0 0 0 3 14 10 4 0 2 0 2 0 0 0 0 0 0 0 0 0 0 0 0 0 0 0 0 0 0 0 0 0 0 2 2 4 0 1 2 1 3 20 34 30 8 3 0 2 1 2 0 1 2 2 4 4 7 10 30 94 218 255 255 255 255 242 178 117 81 58 38 25 19 16 11 9 5 6 6 5 4 3 4 3 4 6 4 3 4 3 2 1 0 0 2 0 0 0 2 2 0 0 0 0 0 0 0 0 3 6 10 24 22 8 4 2 0 0 0 0 0 0 0 2 0 0 2 2 0 12 73 245 255 255 168 23 3 0 3 4 3 4 3 4 0 4 0 0 0 1 5 21 26 5 2 7 9 19 51 88 93 67 33 12 5 2 3 0 0 0 0 0 0 0 0 0 0 0 0 0 0 0 0 0 0 0 0 0 0 0 0 0 0 2 1 2 0 0 0 0 0 0 0 0 2 2 4 8 65 198 221 216 97 13 4 3 1 0 0 0 0 0 0 1 2 2 2 2 2 2 2 2 2 2 2 0 0 0 0 1 2 2 2
123 113 106 102 97 95 88 78 68 71 73 66 60 48 42 36 37 37 32 30 31 29 28 26 24 21 21 20 22 23 22 27 31 38 44 50 74 114 150 162 171 169 156 132 95 67 49 36 29 24 24 26 24 20 17 18 22 20 26 31 36 49 51 72 108 155 192 234 245 248 250 250 248 245 235 202 163 126 100 92 82 61 45 37 38 36 33 29 28 23 20 18 17 15 11 11 13 15 14 16 15 15 12 10 10 11 9 8 6 6 4 5 4 5 4 3 4 7 9 7 7 5 5 5 4 4 4 3 2 2 2 3 1 2 2 4 14 26 38 33 16 8 6 5 3 3 4 1 0 0 0 2 0 0 0 0 0 0 0 0 0 0 0 0 0 0 0 0 0 0 0 0 0 0 0 0 0 0 0 0 0 0 0 0 0 0 0 1 2 0 0 0 0 0 0 0 0 0 0 0 0 0 0 0 0 0 0 1 2 0 0 0 0 0 2 2 0 0 0 0 0 0 0 0 1 2 0 0 0 0 0 0 0 0 0 0 0 0 0 0 0 0 0 0 0 0 0 0 0 0 0 0 0 2 4 5 14 41 154 102 17 5 2 3 2 0 2 0 0 0 0 0 3 12 12 4 0 2 0 2 0 0 0 0 0 0 0 0 0 0 0 0 0 0 0 0 0 0 0 0 2 2 0 0 4 2 0 3 0 3 15 34 35 10 3 0 3 0 2 3 2 2 4 3 7 11 24 74 201 255 255 255 252 178 96 53 36 24 17 12 8 6 4 5 4 6 4 3 4 4 3 4 3 5 3 4 4 3 1 2 0 0 2 0 0 0 2 0 2 0 0 0 0 0 0 0 0 2 4 10 20 27 10 6 2 0 0 0 0 0 0 0 2 0 0 2 2 2 13 84 248 255 255 144 18 4 0 3 4 4 4 4 3 2 4 1 0 0 0 3 13 33 10 3 2 5 9 15 40 78 89 74 33 12 5 2 2 0 0 0 0 0 0 0 0 0 0 0 0 0 0 0 0 0 0 0 0 0 0 0 1 2 0 3 0 0 0 0 0 0 0 0 1 2 3 6 21 119 207 200 199 101 15 3 3 0 0 2 2 2 2 2 1 0 0 0 0 0 0 0 0 0 0 0 0 0 0 0 2 2 3 5
188 184 169 159 145 138 133 133 127 119 110 104 97 95 90 88 74 68 61 53 42 36 35 34 33 33 33 35 31 26 29 29 35 35 37 47 54 58 71 105 142 158 160 158 156 134 103 80 54 46 36 30 24 29 29 26 23 24 24 26 31 31 41 48 59 86 115 160 207 241 246 249 250 249 246 243 226 192 149 118 104 89 72 51 46 40 36 29 28 27 30 27 26 26 26 24 20 18 18 15 14 13 14 13 13 12 11 11 10 10 9 7 7 5 5 6 7 5 9 11 10 9 5 4 5 5 4 5 6 5 4 4 4 3 2 7 10 20 40 35 15 8 4 5 3 3 2 2 2 0 2 0 0 0 0 0 0 0 0 0 0 0 0 0 0 0 0 0 0 0 0 0 0 0 0 0 0 0 0 0 0 0 0 0 0 0 1 1 0 0 0 0 0 0 0 0 0 0 0 0 0 0 0 0 0 0 0 0 0 2 1 0 0 2 0 0 0 0 0 0 0 0 0 2 1 0 0 0 0 0 0 0 0 0 0 0 0 0 0 0 0 0 0 0 0 0 0 0 0 0 0 0 0 0 3 4 10 30 121 140 28 6 3 2 2 0 2 0 0 0 0 0 3 12 11 5 0 2 0 2 0 0 0 0 0 0 0 0 0 0 0 0 0 0 0 0 0 1 2 2 0 0 0 2 3 0 2 3 1 3 10 34 36 14 4 1 3 2 3 2 2 3 3 6 7 17 55 156 255 255 255 248 135 60 34 18 13 11 8 5 6 5 4 3 4 2 3 4 3 3 4 2 5 4 4 3 4 1 1 1 0 2 0 0 0 2 0 0 2 0 0 0 0 0 0 0 0 2 4 5 18 26 17 7 2 0 0 0 0 0 0 0 2 0 0 2 2 3 16 91 251 255 255 128 15 3 0 3 4 4 4 3 3 3 3 2 0 0 0 1 7 27 20 4 3 3 4 11 14 34 77 79 77 33 11 6 2 3 2 2 2 2 2 2 2 2 2 2 2 2 2 2 2 2 2 2 2 2 2 2 2 0 1 2 0 0 0 0 0 0 0 0 3 2 4 10 68 172 184 159 188 108 16 4 3 2 2 0 0 0 0 0 0 0 0 0 0 0 0 0 0 0 0 0 2 3 4 5 6 9 10 12
242 240 238 234 231 227 220 207 199 192 187 180 171 157 149 140 133 128 120 117 112 101 95 85 76 68 59 52 46 43 39 36 33 35 41 36 40 49 59 68 75 103 136 158 160 158 156 131 106 72 50 40 38 30 28 27 26 26 23 26 29 31 34 38 45 52 70 101 140 190 228 244 248 250 250 249 245 238 214 183 139 120 106 94 68 57 52 52 45 38 32 26 26 25 23 23 25 25 23 22 20 20 19 18 17 16 16 17 17 21 20 20 15 11 10 9 7 8 7 10 6 6 12 10 7 6 4 3 2 3 5 5 4 4 4 6 10 20 41 36 17 8 6 4 3 3 2 0 0 2 2 0 0 0 0 0 0 0 0 0 0 0 0 0 0 0 0 0 0 0 0 0 0 0 0 0 0 0 0 0 0 0 0 0 0 0 2 0 0 0 0 0 0 0 0 0 0 0 0 0 0 0 0 0 0 0 0 0 0 0 1 2 0 0 0 0 0 0 0 0 0 1 2 0 0 0 0 0 0 0 0 0 0 0 0 0 0 0 0 0 0 0 0 0 0 0 0 0 0 0 0 0 0 0 2 5 7 19 85 158 54 7 4 2 2 2 0 2 0 0 0 0 3 10 13 5 0 2 0 2 0 0 0 0 0 0 0 0 0 0 0 0 0 0 0 1 2 1 0 0 0 0 0 3 0 2 0 2 3 3 6 28 41 18 4 2 3 3 2 0 2 5 5 7 14 38 124 250 255 255 252 137 57 24 16 11 7 4 3 4 4 4 4 5 4 4 3 3 3 3 3 5 4 4 3 4 2 0 2 0 2 0 0 1 2 0 0 0 2 0 0 0 0 0 0 0 0 2 3 6 13 30 21 8 4 1 0 0 0 0 0 0 2 0 0 2 2 3 20 98 253 255 255 116 11 4 2 3 3 3 6 2 4 2 3 2 0 0 0 0 4 15 30 8 3 3 3 5 11 16 33 81 79 70 25 11 3 2 1 0 0 0 0 0 0 0 0 0 0 0 0 0 0 0 0 0 0 0 2 1 0 2 3 3 2 2 2 2 3 3 4 4 4 6 10 47 120 197 138 104 181 121 18 6 4 0 0 0 0 0 0 0 0 0 0 0 0 0 0 2 2 4 5 5 6 8 10 13 13 15 17 19
251 251 250 250 249 248 246 245 243 242 240 236 232 229 224 211 202 189 181 171 159 155 147 135 121 114 104 100 98 91 86 74 64 60 54 56 54 50 51 54 65 71 88 102 136 158 168 167 158 143 121 90 66 45 36 33 31 26 29 24 25 27 31 34 36 43 52 62 89 110 159 209 238 246 250 250 250 249 246 235 210 177 149 131 123 110 95 81 72 69 61 54 52 50 52 49 41 37 38 38 35 33 34 32 32 31 28 25 25 26 25 24 24 26 25 22 19 16 13 12 12 11 9 9 11 10 9 9 7 6 4 5 5 4 3 5 10 20 41 35 19 7 6 4 3 3 1 0 0 2 1 2 0 0 0 0 0 0 0 0 0 0 0 0 0 0 0 0 0 0 0 0 0 0 0 0 0 0 0 0 0 0 0 0 0 2 0 0 0 0 0 0 0 0 0 0 0 0 0 0 0 0 0 0 0 0 0 0 0 0 0 0 2 0 0 0 0 0 0 0 1 1 0 0 0 0 0 0 0 0 0 0 0 0 0 0 0 0 0 0 0 0 0 0 0 0 0 0 0 0 0 0 0 0 1 4 6 12 56 154 96 9 4 3 1 2 0 2 0 0 0 0 3 10 12 7 0 2 0 2 0 0 0 0 0 0 0 0 0 0 0 0 0 1 2 1 0 0 0 0 0 0 0 3 0 2 0 2 1 3 4 23 41 25 5 3 4 2 3 4 6 5 8 11 33 97 238 255 255 255 169 61 19 8 4 4 3 5 4 4 3 4 5 4 3 2 0 2 3 3 4 4 4 3 4 3 0 2 1 2 0 0 1 1 0 0 0 0 2 0 1 2 2 2 2 2 2 3 3 6 9 25 27 7 6 2 0 0 0 0 0 0 2 0 0 2 2 5 22 107 254 255 255 107 8 3 3 3 3 4 6 2 4 2 3 3 0 0 0 0 2 10 31 12 3 3 4 5 3 11 15 40 87 81 61 18 8 2 3 2 0 0 0 0 0 0 0 0 0 0 0 0 0 0 0 1 2 3 1 3 3 3 3 4 3 3 3 4 4 4 4 4 8 18 41 101 177 172 87 72 174 124 25 12 4 5 3 3 3 3 3 4 4 4 4 4 4 5 5 5 7 6 7 11 14 17 21 20 20 20 19 18
252 252 252 252 252 252 252 251 251 251 250 250 249 249 247 246 243 242 240 238 235 230 219 209 200 193 185 168 154 141 124 115 105 97 89 80 73 70 65 63 60 72 81 93 100 108 128 157 165 168 163 152 126 107 86 69 58 50 46 46 44 46 46 43 46 47 49 56 63 83 107 141 190 227 243 249 250 250 250 247 243 236 220 190 172 154 148 130 122 114 106 103 100 93 86 85 81 79 78 76 70 68 68 69 59 54 50 47 45 39 37 33 31 29 27 25 26 26 25 20 21 20 17 14 13 13 15 12 12 10 9 6 5 6 4 4 10 23 38 41 20 7 5 4 2 3 0 0 0 2 0 0 2 1 0 0 0 0 0 0 0 0 0 0 0 0 0 0 0 0 0 0 0 0 0 0 0 0 0 0 2 0 0 0 2 0 0 0 0 0 0 0 0 0 0 0 0 0 0 0 0 0 0 0 0 0 0 0 0 0 0 0 2 0 0 0 0 0 0 0 2 0 0 0 0 0 0 0 0 0 0 0 0 0 0 0 0 0 0 0 0 0 0 0 0 0 0 0 0 0 0 0 0 0 0 3 4 11 32 132 127 24 4 3 1 3 0 1 1 0 0 0 2 8 14 7 2 2 0 2 0 0 0 0 0 0 0 0 0 0 0 1 2 1 0 0 0 0 0 0 0 0 0 3 1 1 0 0 2 3 5 18 40 34 8 3 4 3 1 5 6 5 12 29 75 209 255 255 255 207 81 19 10 5 6 4 5 3 2 2 3 3 2 0 0 1 2 4 2 4 4 4 3 4 3 1 2 3 2 2 2 2 1 0 0 0 0 0 2 0 0 0 0 0 0 0 0 2 0 6 8 20 25 16 7 2 0 0 0 0 0 0 2 0 0 2 2 5 26 126 255 255 254 96 7 3 3 0 3 4 5 4 4 3 2 4 2 2 2 2 1 6 25 21 4 3 4 4 4 6 12 20 60 90 90 36 14 4 2 2 2 2 0 0 0 0 0 0 1 2 2 3 3 4 4 4 4 4 4 4 5 6 6 6 5 6 6 6 5 9 16 25 42 77 121 172 175 117 50 80 168 117 25 16 15 14 14 12 13 13 12 12 12 12 11 12 12 12 14 15 16 17 17 19 18 21 17 18 19 17 12 7
251 252 252 252 252 252 252 252 252 252 252 252 252 252 252 252 252 251 252 251 250 249 248 246 244 241 238 235 228 216 202 188 177 169 150 139 125 118 110 100 97 94 91 87 93 100 114 123 144 167 169 171 176 171 155 137 121 108 99 91 81 71 66 68 67 62 63 60 64 69 78 99 121 162 207 238 247 250 252 252 250 249 246 242 230 214 203 193 181 169 173 169 160 158 146 138 132 127 117 114 108 105 101 97 100 100 97 90 78 70 60 51 47 44 39 36 32 30 32 32 30 27 25 25 25 23 18 18 19 18 13 12 13 9 8 7 9 23 37 41 23 6 4 5 3 3 0 0 1 1 0 0 0 1 1 0 0 0 0 0 0 0 0 0 0 0 0 0 0 0 0 0 0 0 0 0 1 2 2 2 0 2 0 0 2 0 0 0 0 0 0 0 0 0 0 0 0 0 0 0 0 0 0 0 0 0 0 0 0 0 0 0 0 2 0 0 0 0 0 2 0 0 0 0 0 0 0 0 0 0 0 0 0 0 0 0 0 0 0 0 0 0 0 0 0 0 0 0 0 0 0 0 0 0 0 2 4 9 20 98 158 43 4 4 2 2 1 0 2 0 0 0 2 7 15 7 2 2 1 2 0 0 0 0 0 0 0 0 0 2 2 1 0 0 0 0 0 0 0 0 0 0 0 3 2 2 3 3 4 3 4 13 36 38 10 6 3 2 5 7 4 11 23 60 175 255 255 255 238 100 27 10 10 4 3 2 2 0 3 2 2 1 0 0 0 0 3 2 4 5 3 4 4 4 2 2 3 1 0 0 0 0 0 0 0 0 0 2 0 0 0 0 0 0 0 0 0 2 0 4 7 16 28 20 9 2 0 0 0 0 0 0 2 0 0 2 3 6 29 157 255 255 253 72 7 3 3 0 3 4 4 4 4 3 3 4 0 0 0 0 2 5 17 30 7 3 3 3 3 4 6 15 35 81 95 72 16 7 3 2 2 0 3 3 3 3 3 3 3 4 5 6 7 6 6 7 8 9 9 9 10 9 11 13 17 18 23 29 36 48 63 100 127 160 167 155 145 77 52 111 158 89 21 17 18 18 19 21 19 20 22 23 22 22 22 20 20 20 19 19 20 23 24 19 17 12 11 8 7 6 6 6
237 240 243 245 247 249 250 251 251 252 252 252 253 253 253 253 253 253 253 253 253 253 252 252 252 252 252 250 250 247 247 244 241 238 233 222 208 191 177 162 148 133 123 119 108 108 113 115 118 135 157 176 178 180 186 187 180 177 172 165 159 151 145 137 130 121 116 110 103 101 104 101 106 118 134 187 220 243 249 250 252 252 250 249 247 247 244 242 241 239 233 226 223 217 222 220 213 206 208 205 201 194 182 173 161 151 143 132 121 114 103 102 95 92 83 68 55 52 49 49 44 44 39 38 36 31 29 29 24 21 23 23 18 18 10 9 9 26 39 40 23 8 5 6 3 3 3 0 2 0 0 0 0 0 1 1 0 0 0 0 0 0 0 0 0 0 0 0 0 0 0 0 0 1 2 2 1 0 0 0 0 1 2 2 0 0 0 0 0 0 0 0 0 0 0 0 0 0 0 0 0 0 0 0 0 0 0 0 0 0 0 0 0 0 2 1 1 0 2 0 0 0 0 0 0 0 0 0 0 0 0 0 0 0 0 0 0 0 0 0 0 0 0 0 0 0 0 0 0 0 0 0 0 0 0 2 4 6 14 63 161 79 7 4 2 2 2 0 2 0 0 0 3 5 16 9 3 1 2 2 0 0 0 0 0 0 0 2 2 0 0 0 0 0 0 0 0 0 0 1 2 2 2 4 4 3 3 3 3 4 4 8 30 43 17 5 4 4 5 6 8 22 46 139 252 255 255 252 124 35 11 7 4 3 1 2 0 3 1 2 2 0 0 0 0 3 2 3 5 3 3 4 3 2 2 2 0 0 0 0 0 0 0 0 0 0 0 2 0 0 0 0 0 0 0 0 0 2 0 4 5 11 27 22 11 4 0 0 0 0 0 0 2 0 1 2 2 8 32 189 255 255 248 59 6 3 3 0 3 3 4 4 4 3 3 3 2 2 3 3 3 3 13 33 9 3 3 3 1 2 6 9 30 67 99 101 33 10 8 6 5 5 5 6 6 7 8 10 11 11 11 12 14 17 19 21 22 28 32 36 46 53 61 68 82 97 108 124 145 174 198 209 211 202 181 168 168 126 131 168 122 48 22 21 23 23 20 20 20 20 19 19 17 17 18 19 18 17 17 16 15 12 9 8 8 7 6 5 5 4 5 5
127 137 147 163 175 187 202 223 235 238 242 244 246 248 249 251 252 252 252 252 252 252 253 253 253 253 253 253 253 253 253 252 252 251 250 248 247 244 242 239 234 222 211 192 175 159 143 139 144 140 141 149 159 172 180 191 197 202 197 197 194 194 194 192 192 192 189 183 183 176 164 168 156 149 142 144 158 193 230 246 249 252 253 253 253 253 252 252 251 251 251 250 250 250 250 250 248 248 247 247 247 247 247 245 245 242 237 232 221 211 196 184 167 151 138 124 116 107 99 86 76 78 75 68 56 52 49 44 42 46 41 39 30 23 26 26 20 31 45 41 25 7 6 6 3 3 4 4 4 2 3 2 2 2 2 3 2 0 0 0 0 0 0 0 0 0 0 0 0 0 1 2 2 1 0 0 0 0 0 0 1 2 2 2 2 2 2 2 2 2 2 2 1 0 0 0 0 0 0 0 0 0 0 0 0 0 0 0 0 0 0 0 0 0 1 1 1 2 1 0 0 0 0 0 0 0 0 0 0 0 0 0 0 0 0 0 0 0 0 0 0 0 0 0 0 0 0 0 0 0 0 0 0 0 0 1 2 5 11 35 146 118 17 2 4 0 3 0 2 2 2 2 3 5 16 9 2 0 2 2 0 0 0 0 0 2 2 0 0 2 2 2 2 2 2 3 3 3 3 3 4 4 4 4 4 3 2 1 0 3 4 4 28 47 23 7 5 5 6 7 17 40 112 240 255 255 255 165 48 16 7 3 3 0 2 1 3 0 2 2 0 0 0 0 2 3 3 5 3 3 4 4 3 1 2 0 0 0 0 0 0 0 0 0 0 0 0 2 0 0 0 0 0 0 0 0 0 2 0 2 6 8 23 28 15 4 2 0 0 0 0 0 2 0 2 2 2 9 39 208 255 255 240 48 5 3 3 0 3 3 2 5 3 3 3 4 3 3 2 2 3 4 11 29 15 6 7 10 11 15 17 23 36 66 118 110 53 21 17 17 17 17 19 21 23 27 33 37 44 51 57 66 75 90 104 120 134 145 157 167 178 186 198 207 213 217 223 229 230 230 226 216 201 176 172 186 186 172 156 120 56 22 15 11 11 11 13 15 14 13 12 11 10 10 11 10 11 11 11 10 8 7 6 5 4 3 3 3 3 3 2 2
52 58 65 68 69 80 98 100 110 121 136 149 169 190 205 225 233 238 242 245 246 248 250 251 252 252 252 253 253 253 253 253 253 253 253 253 253 253 252 252 250 249 247 245 243 240 234 223 202 191 182 171 169 165 171 168 161 163 173 180 185 182 182 187 182 178 183 192 192 192 195 189 195 196 192 177 172 170 173 205 236 246 249 252 253 253 253 254 254 254 254 254 254 254 254 254 254 254 254 254 254 254 254 253 251 251 250 251 249 248 246 245 240 232 222 204 192 187 174 163 151 131 115 110 111 108 101 95 84 78 71 66 62 53 45 34 35 45 49 52 24 11 4 5 4 3 4 4 2 3 3 2 2 0 0 2 0 2 2 2 2 2 2 2 2 1 2 3 3 2 1 0 0 0 0 0 0 0 0 2 1 0 0 0 0 0 0 0 0 0 0 0 1 2 2 2 2 2 2 2 0 0 0 0 0 0 0 0 0 0 0 0 0 0 0 0 2 2 2 2 2 0 0 0 0 0 0 0 0 0 0 0 0 0 0 0 0 0 0 0 0 0 0 0 0 0 0 0 0 0 0 0 0 0 0 0 2 5 9 22 118 145 33 3 5 2 3 2 2 2 0 0 3 4 15 10 0 0 2 2 0 2 2 3 3 2 3 3 3 2 3 3 3 3 3 2 3 4 4 4 2 2 1 3 0 2 2 3 3 3 6 3 17 47 32 11 5 5 7 14 35 89 213 255 255 255 209 62 19 7 4 4 2 2 2 3 3 2 2 0 0 0 0 0 3 3 4 3 3 4 4 3 0 2 0 0 0 0 0 0 0 0 0 0 0 0 0 2 0 0 0 0 0 0 1 2 2 3 3 2 4 8 19 27 21 6 2 0 0 0 0 0 2 0 2 2 3 9 54 228 255 255 230 38 5 3 3 0 3 3 3 6 2 5 4 4 3 1 3 3 4 7 16 39 39 29 29 34 41 46 57 78 102 134 158 150 119 68 62 73 81 91 100 115 123 129 144 158 179 193 204 211 217 221 223 226 226 229 233 235 233 230 230 229 223 220 216 207 193 169 144 117 100 87 115 158 132 82 57 30 17 8 8 7 6 4 4 3 3 3 4 4 4 4 3 3 3 3 3 3 2 2 2 2 3 2 2 2 2 3 3 3
21 24 29 31 36 39 40 42 46 51 57 63 73 77 90 99 109 124 139 155 183 194 211 228 236 243 244 247 249 250 251 252 253 253 253 253 253 253 254 254 254 253 253 253 253 252 251 249 248 245 242 235 226 219 209 196 192 185 174 163 155 155 159 155 158 157 155 150 154 160 162 170 177 185 195 209 209 195 193 181 186 200 227 242 246 249 250 251 253 253 253 253 253 254 254 254 254 254 254 254 254 254 254 254 254 254 254 254 254 254 254 254 252 251 251 249 248 246 244 238 238 230 222 209 198 187 180 174 166 153 139 125 116 109 98 89 78 75 69 67 31 16 7 7 5 3 3 2 3 2 2 3 2 2 2 3 0 0 0 0 0 0 0 0 2 3 3 2 2 3 3 3 1 0 0 0 0 0 2 0 0 0 0 0 0 0 0 0 0 0 0 0 0 0 0 0 0 0 0 1 1 0 0 0 0 0 1 3 3 3 3 3 3 3 2 2 0 0 0 0 0 2 2 0 0 0 0 0 0 0 0 0 0 0 0 0 0 0 0 0 0 0 0 0 0 0 0 0 0 0 0 0 0 0 0 0 2 3 7 19 75 155 71 4 4 2 2 2 2 3 2 3 2 5 15 10 2 2 3 3 3 3 3 3 3 3 3 3 3 2 2 2 1 3 3 4 3 2 2 2 1 0 0 3 0 3 3 2 0 2 5 4 9 39 50 14 6 9 12 26 72 178 255 255 255 236 88 21 9 5 3 2 2 2 3 3 0 2 0 0 0 0 0 3 3 4 4 3 4 4 2 0 2 0 0 0 0 0 0 2 2 2 2 2 2 2 3 4 3 3 4 4 3 4 4 4 4 6 5 5 7 9 14 26 25 8 3 0 0 0 0 0 2 0 2 2 3 12 70 241 255 255 216 30 5 4 0 1 2 1 4 7 4 5 5 4 5 5 7 14 20 24 36 60 86 107 123 153 180 200 212 221 229 234 233 222 211 197 199 204 212 216 219 223 228 231 234 235 230 230 228 228 223 223 218 217 214 206 195 179 168 156 140 123 112 97 80 63 49 35 26 19 17 21 68 138 73 21 11 7 5 4 4 2 1 0 0 0 0 2 3 2 2 2 2 2 2 2 2 3 2 2 2 1 0 0 0 0 0 0 0 0
15 14 13 12 12 15 18 21 24 25 28 31 36 42 40 46 52 54 63 70 79 91 100 107 119 134 150 175 190 211 231 239 244 247 249 251 252 252 253 253 253 253 254 254 254 254 254 253 253 253 252 251 249 248 245 242 238 227 214 202 192 176 159 157 143 143 139 142 141 143 135 142 150 158 164 177 190 205 212 203 195 193 192 196 203 211 231 237 242 244 245 247 247 247 247 248 248 250 250 250 250 250 251 251 253 253 254 254 254 254 254 255 255 255 255 255 255 255 254 252 252 251 251 249 249 249 247 246 243 239 233 224 205 195 181 162 134 117 109 95 47 26 16 7 5 5 4 3 2 1 1 2 3 2 2 2 2 2 2 2 2 2 2 2 1 1 0 0 0 0 0 0 2 3 3 2 2 2 2 2 2 0 0 0 0 0 0 0 0 0 0 0 0 0 0 0 2 2 2 2 3 2 2 2 2 3 2 0 0 0 0 0 0 0 0 0 0 0 0 0 0 0 0 2 2 0 0 0 0 0 0 0 0 0 0 0 0 0 0 0 0 0 1 2 2 2 2 2 2 2 2 2 2 2 2 2 3 4 6 13 49 151 109 11 3 4 3 2 0 1 2 2 2 5 16 8 3 3 4 4 3 3 3 3 2 2 3 3 3 3 3 3 3 2 2 1 2 2 2 2 3 3 4 3 3 2 2 2 3 3 5 4 6 29 52 23 11 16 24 60 147 252 255 255 250 122 28 11 5 3 2 3 0 3 3 0 1 1 0 0 0 0 3 3 4 5 4 3 4 3 0 1 1 2 2 3 3 3 3 3 3 4 4 4 4 4 4 5 5 6 6 6 7 6 6 6 5 5 5 4 4 9 14 24 29 11 4 1 0 0 0 0 2 0 2 2 4 19 95 248 255 255 199 21 6 4 0 2 3 4 5 7 4 7 4 7 12 19 27 34 54 104 149 200 221 237 246 251 253 254 254 254 254 253 251 246 246 238 229 229 229 226 226 219 217 209 199 188 179 164 147 128 120 107 94 70 53 47 40 37 33 29 23 19 18 15 11 10 8 8 7 6 5 12 75 145 41 8 5 3 3 2 0 0 0 0 0 0 0 0 2 0 0 0 0 0 0 0 0 0 0 0 0 0 0 0 0 0 0 0 0 0
9 10 10 10 11 12 13 12 13 14 13 15 15 15 20 22 21 25 29 32 37 43 47 52 54 56 66 70 89 94 106 124 138 156 184 210 231 239 244 246 249 251 252 253 253 253 253 254 254 254 254 254 254 253 253 252 252 250 248 245 243 235 221 202 192 187 178 172 164 157 154 151 147 151 160 169 184 198 205 222 223 219 210 203 203 203 201 208 211 220 225 234 236 237 236 234 231 234 234 231 234 237 237 242 243 245 248 249 251 252 254 254 254 254 255 255 255 255 255 255 255 255 255 255 255 255 255 255 254 252 252 252 252 250 249 244 238 210 183 139 72 30 23 18 11 9 5 3 3 3 1 0 0 2 2 2 2 2 2 2 1 2 2 3 2 2 2 2 2 0 0 1 2 2 1 1 2 3 2 0 0 2 2 2 2 2 2 2 2 1 2 3 3 3 3 3 2 2 2 2 2 2 2 3 2 2 2 1 0 0 0 0 0 0 0 0 0 0 0 0 0 0 0 0 1 3 3 2 0 2 2 2 2 2 2 2 2 2 2 2 2 2 1 0 0 0 0 0 0 0 0 0 0 0 0 0 1 2 5 10 31 139 123 24 3 4 2 2 0 0 3 0 4 5 17 7 2 2 4 1 0 0 1 2 2 1 0 0 0 2 3 3 2 2 2 2 2 2 2 1 0 0 3 1 0 0 2 4 3 4 5 8 5 21 57 45 22 23 59 123 243 255 255 255 167 35 11 6 3 3 3 0 2 3 1 1 1 0 0 0 0 2 4 4 5 3 3 4 3 0 2 3 3 3 3 3 3 3 3 3 3 2 3 4 5 5 4 5 4 3 2 2 2 2 2 3 3 3 0 0 3 4 11 24 34 13 4 2 0 0 0 0 2 0 2 2 5 23 122 251 255 255 171 17 6 5 4 3 2 4 6 7 7 13 18 27 41 63 113 169 219 238 249 253 253 253 253 253 253 251 249 248 241 238 238 236 236 219 181 140 124 113 94 75 60 53 49 41 34 32 28 22 17 15 13 13 13 10 11 10 10 9 8 7 5 6 5 4 4 4 3 3 3 9 87 136 32 5 2 2 2 1 0 0 0 0 0 0 0 0 0 2 0 0 0 0 0 0 0 0 0 0 0 0 0 0 0 0 0 0 0 0
7 7 8 7 7 7 7 8 8 9 11 12 10 9 7 9 12 13 13 15 15 16 18 19 25 34 37 38 41 43 50 51 55 66 72 85 95 108 123 149 178 203 228 240 244 247 249 251 252 253 253 254 254 254 254 254 254 254 254 253 253 251 250 246 245 243 236 229 217 211 205 196 192 187 181 177 184 195 205 220 233 236 236 237 236 233 233 231 231 234 236 237 241 239 237 237 237 231 225 229 231 232 231 226 229 231 234 237 237 240 243 245 248 249 251 252 252 254 255 255 255 255 255 255 255 255 255 255 255 255 255 255 255 255 255 255 255 252 246 215 152 52 22 18 10 10 9 10 7 5 3 2 2 2 3 3 3 3 2 2 2 2 2 0 0 0 0 0 0 2 2 1 0 0 1 2 2 3 2 3 3 3 2 2 2 3 3 3 3 3 3 2 2 2 2 2 2 2 2 3 2 2 1 0 0 0 0 1 2 2 2 3 3 2 2 3 3 3 3 4 4 4 4 3 3 3 3 3 3 2 0 0 0 0 0 2 2 1 0 0 2 2 2 2 0 0 0 0 0 2 2 2 2 2 2 2 1 2 4 8 24 115 149 33 5 4 2 2 0 2 2 3 3 13 11 5 1 2 3 2 2 2 1 2 2 2 2 3 3 1 0 2 2 2 2 1 0 0 0 0 0 1 3 3 3 4 4 5 7 9 8 9 10 17 49 60 40 65 117 236 255 255 255 209 49 15 7 3 3 1 2 1 3 3 2 2 2 2 2 2 3 4 3 4 3 3 5 3 0 2 3 4 3 2 2 3 3 3 2 2 3 3 3 3 2 2 3 3 3 2 2 2 2 2 1 0 0 2 0 2 2 4 9 19 36 16 6 2 0 0 0 0 2 0 1 2 6 27 164 253 255 255 140 13 7 6 4 7 6 5 10 17 27 41 62 120 169 219 243 251 253 253 253 251 248 240 230 212 192 167 147 125 117 122 136 178 223 216 117 42 30 18 17 16 14 12 12 10 9 8 7 7 8 8 7 4 3 3 3 4 2 2 2 3 3 3 3 2 2 2 1 0 2 9 85 139 29 4 3 2 0 0 0 0 0 0 0 0 0 0 0 0 0 0 0 0 0 0 0 0 0 0 0 0 0 0 0 0 0 0 0 0
3 5 2 5 3 4 4 6 6 7 7 7 10 12 11 10 10 8 9 9 10 14 14 12 13 13 12 15 19 22 24 29 32 36 40 42 49 50 56 67 82 91 96 107 127 161 192 216 235 242 245 248 251 252 253 253 254 254 254 254 254 254 254 254 254 253 252 250 250 249 247 246 244 244 243 242 238 236 236 236 241 242 244 245 244 245 245 245 245 245 244 244 242 242 245 245 245 245 245 245 245 245 245 245 243 240 238 237 235 232 232 232 235 240 243 244 244 246 246 249 249 249 251 252 252 252 252 252 255 255 255 255 255 255 255 255 255 255 255 252 227 130 37 23 12 8 9 7 5 8 7 7 5 4 4 3 3 2 3 3 3 2 2 3 2 0 0 0 0 0 0 0 0 0 0 0 1 1 0 0 0 0 1 2 3 3 0 2 1 0 0 0 0 0 0 0 2 0 0 2 0 1 2 3 3 3 3 3 3 3 3 3 3 3 4 4 4 3 3 3 3 0 1 2 2 2 2 3 3 3 4 3 3 3 3 2 2 2 3 3 2 2 3 3 3 3 2 2 2 0 0 0 0 2 1 2 2 3 3 7 19 91 163 49 8 5 3 2 3 2 2 4 5 18 7 4 3 3 3 2 2 2 2 0 3 3 3 2 2 2 2 0 0 0 0 0 0 0 2 3 3 4 5 4 4 7 7 8 10 9 15 12 17 17 47 108 99 138 238 255 255 255 232 78 19 7 4 3 4 2 2 3 4 1 2 0 0 0 0 1 3 4 4 3 3 4 3 1 2 4 4 2 2 2 1 0 0 0 0 2 0 2 0 0 0 0 0 2 0 0 0 0 0 0 0 0 0 3 2 0 2 3 9 16 35 19 7 3 0 0 0 0 2 0 1 3 9 36 199 253 255 255 117 15 9 8 7 7 14 26 38 61 107 162 214 238 249 253 253 251 248 238 219 185 144 112 79 52 36 27 23 22 22 25 35 77 174 233 176 44 15 6 5 7 4 3 3 4 4 4 3 3 2 2 2 2 2 2 3 0 0 0 0 0 0 2 0 0 0 0 1 1 2 8 80 145 27 5 2 0 0 0 0 0 0 0 0 0 0 0 0 0 0 0 0 0 0 0 0 0 0 0 0 0 0 0 0 0 0 0 0 0
4 5 7 7 4 4 4 3 3 3 3 3 3 3 5 6 7 8 7 8 7 6 8 8 9 10 12 10 10 11 13 12 13 14 18 22 24 29 31 34 35 41 50 58 61 60 65 78 93 115 149 177 202 227 240 245 248 251 253 253 254 254 254 255 255 255 255 254 254 254 254 254 254 254 253 253 253 253 253 252 251 251 251 251 251 251 251 250 250 250 248 247 247 247 247 247 247 248 248 248 248 248 248 248 249 249 249 249 248 248 248 246 246 246 246 246 246 244 244 241 241 241 238 235 233 233 235 232 236 239 244 244 246 249 252 253 255 255 255 255 252 206 71 34 19 17 9 9 5 6 6 5 6 6 4 3 3 4 4 4 3 3 3 2 2 2 2 2 2 2 2 2 2 2 2 3 2 2 2 0 0 0 1 1 0 2 2 2 3 3 3 3 2 3 3 3 4 3 3 3 4 3 3 2 3 3 3 3 3 3 3 3 3 3 3 2 0 2 2 2 1 3 3 3 3 3 3 3 3 3 3 3 4 3 3 3 3 3 3 3 3 3 3 3 3 3 2 3 3 3 3 3 3 2 2 2 2 3 2 6 18 60 165 79 8 5 4 3 4 3 5 6 16 11 6 3 3 3 2 2 2 2 3 3 0 0 0 0 0 0 0 0 0 1 3 3 4 4 4 5 5 5 6 6 8 7 9 10 11 12 13 17 27 46 86 144 204 250 255 255 255 243 112 24 9 5 4 3 1 2 3 4 0 2 0 0 0 0 1 3 4 3 4 3 4 3 2 1 3 3 0 0 0 0 0 0 0 0 0 0 0 0 0 0 0 0 0 2 0 0 0 0 0 0 0 2 2 2 0 0 2 3 8 14 37 20 8 3 0 0 0 1 1 0 2 4 13 57 223 253 255 254 117 26 17 21 28 38 56 103 153 201 237 248 253 253 253 246 229 203 158 120 75 42 25 17 15 12 11 10 8 8 7 5 7 17 91 216 226 91 15 5 4 3 3 3 3 3 1 0 2 0 0 0 0 0 0 0 2 0 0 0 0 0 0 2 0 0 0 0 0 1 2 8 79 145 28 5 2 0 0 0 0 0 0 0 0 0 0 0 0 0 0 0 0 0 0 0 0 0 0 0 0 0 0 0 0 0 0 0 0 0
2 3 5 3 2 2 2 2 2 3 3 4 4 4 5 7 7 9 9 8 7 7 6 7 7 5 5 6 7 9 8 9 9 9 9 9 10 12 15 18 21 20 23 23 28 32 38 44 49 52 50 59 76 95 107 139 167 197 227 241 246 249 252 254 254 254 254 255 255 255 255 255 255 255 255 255 255 255 255 255 255 255 255 255 255 255 255 255 255 255 255 255 255 254 254 254 254 254 254 254 254 254 254 254 254 254 254 254 254 254 254 252 252 252 251 251 251 251 249 249 249 249 249 246 244 239 232 225 218 212 205 205 205 208 220 233 244 249 255 255 255 246 122 39 19 13 13 10 8 5 5 5 5 5 6 6 7 5 4 4 5 5 5 4 4 4 3 3 2 2 2 2 2 3 3 2 2 2 2 2 2 3 2 2 3 3 3 3 2 2 3 4 5 3 3 3 3 3 3 3 4 3 3 3 1 0 0 0 2 2 2 0 0 2 1 2 2 2 3 3 3 3 3 2 1 0 0 0 0 0 0 0 1 2 0 2 2 1 0 1 2 2 0 0 0 0 3 3 0 0 0 0 0 0 0 0 0 2 0 4 14 43 160 110 12 5 4 2 3 3 4 10 12 5 4 2 2 1 0 2 3 2 2 2 2 2 2 2 2 2 2 3 4 4 2 3 4 3 2 2 4 7 8 8 9 13 13 15 18 31 43 62 94 129 185 240 255 255 255 255 246 123 34 11 7 4 4 2 3 2 2 2 2 0 0 0 0 1 3 3 4 4 3 4 3 2 1 3 4 1 0 0 0 0 0 0 0 0 1 2 2 2 2 2 2 2 3 2 2 2 2 2 2 2 2 0 0 2 0 0 3 2 8 12 36 23 9 3 2 0 0 2 0 0 4 5 17 93 243 253 255 249 138 73 57 67 101 147 196 230 248 253 253 253 248 233 199 149 112 65 33 19 16 13 10 9 7 5 5 4 3 3 3 4 4 7 34 164 240 158 33 6 2 3 3 0 2 0 0 2 0 0 0 0 0 0 0 0 2 0 0 0 0 0 0 0 2 0 0 0 0 0 2 8 76 147 29 4 2 0 0 0 0 0 0 0 0 0 0 0 0 0 0 0 0 0 0 0 0 0 0 0 0 0 0 0 0 0 0 0 0 0
3 4 5 7 5 5 4 4 4 4 4 3 3 3 2 0 2 2 3 4 6 6 6 6 7 7 5 6 7 6 4 6 6 8 8 9 9 8 9 9 9 11 13 16 19 24 23 25 29 31 35 35 39 47 57 59 69 84 101 122 150 189 212 236 243 246 249 250 253 253 254 254 254 254 254 254 254 254 255 255 255 255 255 255 255 255 255 255 255 255 255 255 255 255 255 255 255 255 255 255 255 255 255 255 255 255 255 255 255 255 255 255 255 255 255 255 255 255 255 254 252 252 252 252 252 250 249 246 244 238 225 212 201 203 192 210 227 238 250 255 255 253 196 59 29 20 12 11 11 8 8 8 8 5 6 5 4 5 5 5 4 5 4 5 5 5 6 5 4 4 4 4 3 3 3 3 3 3 3 3 3 4 4 3 3 3 3 3 3 3 3 3 3 3 3 3 3 3 3 2 1 1 0 0 0 0 2 2 2 2 2 3 3 3 1 2 3 3 2 2 2 2 2 3 3 4 4 4 4 3 3 3 0 0 2 1 2 3 3 3 3 3 2 2 2 2 2 2 2 2 2 2 2 2 2 2 2 3 2 3 11 36 143 128 19 6 5 4 4 3 6 15 6 5 2 3 4 3 3 2 0 0 0 0 2 2 3 4 4 4 4 4 4 4 4 3 3 5 8 9 9 9 13 12 16 23 32 41 65 82 121 164 209 246 255 255 255 255 255 241 125 45 13 7 3 3 2 2 1 1 3 2 0 0 0 0 1 2 4 3 4 4 4 4 2 1 1 3 3 1 2 2 2 2 2 2 2 2 1 0 0 0 0 0 0 0 2 0 0 0 0 0 0 0 0 0 0 1 1 0 2 1 9 11 35 26 9 3 2 0 0 2 0 3 4 7 34 147 251 255 255 243 211 187 186 210 233 246 253 253 251 248 236 203 155 114 72 39 20 13 10 10 8 5 4 3 3 3 3 2 2 2 1 2 3 4 13 94 229 222 65 11 4 2 2 0 2 0 2 0 0 0 0 0 0 0 0 0 2 0 0 0 0 0 0 0 2 0 0 0 0 0 0 10 72 149 29 4 0 0 0 0 0 0 0 0 0 0 0 0 0 0 0 0 0 0 0 0 0 0 0 0 0 0 0 0 0 0 0 0 0 0
2 3 3 3 0 0 1 2 2 2 2 2 3 2 2 2 2 2 0 1 2 2 3 3 3 3 4 3 3 4 5 4 5 6 7 5 7 8 8 7 9 10 9 8 5 5 10 11 13 17 22 24 24 26 27 33 36 41 46 57 72 81 111 138 152 170 192 205 220 236 239 242 246 247 247 249 250 251 253 253 253 253 254 254 255 255 255 255 255 255 255 255 255 255 255 255 255 255 255 255 255 255 255 255 255 255 255 255 255 255 255 255 255 255 255 255 255 255 255 255 255 255 255 255 255 255 255 253 253 252 250 249 247 241 236 215 220 238 247 255 255 255 238 103 49 31 23 13 14 10 8 7 6 8 8 8 7 5 4 5 5 5 4 4 3 3 3 4 4 5 5 4 3 3 3 3 3 3 3 4 4 4 4 4 3 3 3 3 3 3 3 2 0 0 0 1 3 4 3 4 4 5 5 4 4 4 1 0 1 2 3 4 4 4 4 4 4 3 3 3 3 3 3 3 4 4 4 4 4 4 5 5 6 6 5 5 4 3 3 3 2 2 3 3 4 3 3 3 3 3 2 2 2 2 2 2 2 2 2 3 9 34 120 154 26 7 6 2 5 6 17 10 8 6 5 4 3 3 3 3 3 3 4 4 4 4 3 2 3 3 3 2 2 2 5 8 10 10 9 13 14 15 23 38 50 63 93 134 181 225 248 255 255 255 255 255 255 255 215 114 40 13 6 4 4 2 2 0 0 3 1 1 0 0 0 0 3 3 3 4 4 4 4 2 0 2 2 3 3 1 0 0 0 0 0 0 0 0 0 0 0 0 0 0 0 0 2 0 0 0 0 0 0 0 0 0 0 0 2 0 2 2 7 11 35 24 12 3 2 0 1 1 3 3 6 14 63 210 254 255 255 241 241 248 251 253 253 253 248 236 208 169 126 73 46 23 15 11 9 7 6 4 1 1 2 2 2 2 2 2 2 2 2 3 3 3 5 38 194 241 128 19 5 2 2 1 1 1 1 0 0 0 0 0 0 0 0 0 2 0 0 0 0 0 0 0 2 0 0 0 0 0 0 8 73 147 30 4 0 0 0 0 0 0 0 0 0 0 0 0 0 0 0 0 0 0 0 0 0 0 0 0 0 0 0 0 0 0 0 0 0 0
2 3 5 3 3 3 3 2 2 2 2 0 0 1 2 2 2 1 0 0 0 0 2 3 2 2 3 4 4 4 4 5 5 5 4 4 4 4 4 5 6 6 7 8 10 11 11 11 8 6 7 10 14 15 17 17 17 20 23 26 31 39 51 73 62 58 80 94 101 108 121 140 148 158 175 186 190 193 201 208 211 215 228 234 239 242 244 245 247 248 250 250 250 250 250 251 251 252 252 254 254 254 254 254 254 255 255 255 255 255 255 255 255 255 255 255 255 255 255 255 255 255 255 255 255 255 255 255 255 255 255 255 253 253 252 250 249 249 252 255 255 255 250 150 79 47 41 33 25 22 18 13 10 10 7 7 5 7 8 5 5 4 5 5 6 5 5 4 4 5 4 4 5 5 6 6 6 6 6 5 4 4 4 3 3 3 4 5 5 4 4 5 5 5 5 6 5 4 5 5 4 4 5 5 5 5 6 7 6 5 5 5 4 4 5 4 4 5 6 7 5 4 5 5 4 4 4 3 4 4 3 3 4 4 4 5 5 5 4 3 4 4 4 4 3 4 4 4 4 4 4 4 4 5 4 4 4 6 5 5 8 30 113 165 35 10 7 5 6 15 13 5 5 5 5 5 4 4 4 4 4 3 3 3 3 3 4 4 3 4 7 8 9 11 10 9 11 15 20 30 46 62 77 109 147 201 236 252 255 255 255 255 255 255 255 255 246 175 81 32 14 5 5 3 1 2 0 1 3 1 1 0 0 0 0 2 4 4 4 4 4 4 2 0 1 1 4 3 0 0 0 0 0 0 0 0 0 0 0 0 0 0 0 0 0 0 2 0 0 0 0 0 0 0 0 0 0 0 2 0 2 0 7 10 37 24 13 3 1 2 3 3 4 4 11 31 127 251 255 255 253 240 240 246 246 241 233 208 171 127 85 49 30 17 14 10 9 5 4 1 0 0 3 3 3 2 2 1 0 0 0 0 0 0 2 3 4 16 120 241 200 38 8 2 3 2 1 1 0 0 0 0 0 0 0 0 0 0 2 0 0 0 0 0 0 0 2 0 0 0 0 0 0 8 76 145 30 4 0 0 0 0 0 0 0 0 0 0 0 0 0 0 0 0 0 0 0 0 0 0 0 0 0 0 0 0 0 0 0 0 0 1
1 3 4 0 2 2 0 1 2 2 2 3 3 2 2 2 2 2 3 3 3 2 3 2 2 3 2 2 2 3 3 4 4 3 3 3 3 3 4 4 4 4 5 6 5 5 6 8 10 11 11 8 7 7 8 10 11 13 15 18 18 22 37 47 35 36 38 37 41 46 47 50 58 65 70 77 83 91 87 91 100 108 110 119 126 131 144 148 153 165 173 182 190 195 201 204 214 216 221 222 226 232 237 237 240 241 243 245 246 246 248 249 251 251 251 252 254 255 255 255 255 255 255 255 255 255 255 255 255 255 255 255 255 255 255 255 255 255 255 255 255 255 253 215 138 103 76 55 42 34 27 25 24 19 18 15 12 10 9 9 7 8 7 6 6 6 6 7 8 8 8 9 9 8 7 5 5 5 5 5 6 6 6 5 5 4 4 4 5 5 5 5 5 4 5 5 6 6 6 7 7 6 5 5 6 7 7 7 6 8 9 8 8 8 9 10 9 8 7 6 7 8 7 6 5 6 6 6 6 6 5 5 5 5 5 5 4 4 5 4 4 3 4 5 5 5 5 5 5 5 5 5 5 5 6 5 5 6 6 7 11 29 103 174 40 10 8 6 15 15 8 7 5 5 6 5 5 5 5 5 6 8 8 7 7 8 8 10 11 12 10 12 13 15 24 30 39 49 68 92 119 166 215 248 255 255 255 255 255 255 255 255 255 252 214 148 107 104 36 16 7 6 4 2 3 2 2 3 1 1 0 0 0 0 2 3 4 4 4 4 4 2 1 0 2 3 3 2 0 0 0 0 0 0 0 0 0 0 0 0 0 0 0 0 0 0 2 0 0 0 0 0 0 0 0 0 0 0 2 0 2 0 5 13 35 25 12 3 0 3 3 4 4 8 26 85 231 255 255 254 237 218 208 194 173 145 115 88 53 30 20 16 12 10 8 6 4 2 0 1 3 3 1 0 0 0 0 0 0 0 0 0 0 0 2 2 2 8 58 217 237 90 13 4 2 3 1 0 0 0 0 0 0 0 0 0 0 0 2 0 0 0 0 0 0 0 2 0 0 0 0 0 0 7 76 145 30 4 0 0 0 0 0 0 0 0 0 0 0 0 0 0 0 0 0 0 0 0 0 0 0 0 0 0 0 0 0 0 0 0 0 2
2 5 3 0 0 0 2 2 2 2 0 0 0 2 1 0 0 0 0 0 0 2 2 2 2 1 1 2 2 2 2 1 1 2 3 4 4 4 5 4 3 3 3 4 4 4 4 4 5 5 6 9 9 10 9 9 9 8 8 11 11 17 33 28 15 16 18 18 19 22 25 25 24 28 26 30 34 33 37 41 46 46 46 46 50 51 54 59 62 64 69 76 83 87 90 95 98 97 102 107 107 110 116 124 128 128 134 138 141 150 157 160 166 179 192 200 215 230 238 246 249 252 253 255 255 255 255 255 255 255 255 255 255 255 255 255 255 255 255 255 255 255 255 250 220 171 133 111 93 79 70 50 38 29 25 22 23 20 14 11 12 12 11 10 9 7 7 7 6 8 6 4 3 4 5 5 4 4 4 5 6 5 6 7 7 8 8 7 7 7 7 7 8 8 7 7 7 6 6 6 7 7 8 9 9 8 12 12 16 16 17 18 20 23 22 22 23 24 25 27 26 29 28 27 25 21 18 17 15 14 13 11 11 10 9 8 8 8 10 10 10 11 9 8 8 8 8 8 5 5 5 4 4 4 4 5 5 6 7 7 10 29 105 173 43 14 15 17 21 10 11 8 7 5 6 6 8 9 9 9 8 8 9 11 13 13 13 16 17 23 30 36 41 53 63 80 115 154 199 238 252 255 255 255 255 255 255 255 255 255 246 199 125 74 41 34 42 94 39 11 5 4 2 2 0 0 2 1 2 0 0 0 0 2 3 3 3 4 4 5 2 1 0 2 1 4 3 0 0 0 0 0 0 0 0 0 0 0 0 0 0 0 0 0 0 0 2 0 0 0 0 0 0 0 0 0 0 0 2 0 2 0 5 14 35 25 12 3 2 4 4 4 8 25 70 206 255 255 255 236 173 121 92 64 49 40 29 18 12 10 8 9 7 5 4 3 4 3 3 3 0 0 0 0 0 0 0 0 0 0 0 0 0 0 1 1 3 3 24 170 244 157 21 5 4 2 0 0 0 0 0 0 0 0 0 0 0 0 2 0 0 0 0 0 0 0 1 1 0 0 0 0 0 7 76 141 32 4 0 0 0 0 0 0 0 0 0 0 0 0 0 0 0 0 0 0 0 0 0 0 0 0 0 0 0 0 0 0 0 0 0 2
0 5 2 2 2 2 2 1 0 2 3 2 1 0 2 3 3 3 3 0 0 3 2 2 2 2 3 2 2 2 2 2 2 3 2 2 2 3 2 3 4 4 4 4 2 2 3 4 5 4 4 4 5 5 5 5 7 8 9 9 11 23 37 20 14 14 13 12 11 10 10 12 13 15 17 18 17 19 20 19 20 21 22 24 24 24 23 25 27 27 29 30 33 40 41 41 43 49 51 51 53 54 59 60 62 67 64 69 70 68 68 79 87 93 95 100 107 117 127 139 154 166 186 201 225 241 247 250 253 255 255 255 255 255 255 255 255 255 255 255 255 255 255 255 252 245 226 193 165 146 117 103 93 79 67 51 42 35 33 30 26 21 17 14 13 15 15 14 12 10 9 10 9 8 6 8 8 7 6 5 4 4 6 8 7 6 5 6 7 7 10 10 10 10 11 10 10 12 15 16 17 17 19 22 23 28 27 27 25 25 28 34 35 34 36 38 40 41 42 43 48 46 51 48 44 47 43 40 39 33 30 29 26 22 21 22 22 21 18 16 15 15 14 14 13 14 15 16 17 16 15 15 14 14 15 15 15 15 18 18 27 48 143 163 56 33 31 28 19 19 18 18 19 21 22 24 23 21 22 23 25 27 30 34 38 50 56 66 73 73 85 106 130 159 193 227 250 255 255 255 255 255 255 255 255 255 253 231 165 102 56 30 22 14 11 14 27 82 52 9 6 3 1 2 0 2 2 2 0 0 0 0 1 3 3 4 4 4 4 3 1 0 0 2 4 2 1 0 0 0 0 0 0 0 0 0 0 0 0 0 0 0 0 0 0 0 2 0 0 0 0 0 0 0 0 0 0 0 2 0 2 0 4 15 34 28 10 4 2 4 4 10 25 72 187 254 255 255 236 135 63 29 17 15 14 10 10 9 8 6 5 4 3 4 4 5 4 3 1 0 0 0 0 0 0 0 0 0 0 0 0 0 0 0 0 2 2 3 11 101 241 211 46 8 3 2 0 0 0 0 0 0 0 0 0 0 0 0 2 0 0 0 0 0 0 0 0 2 0 0 0 0 0 7 75 140 34 4 0 0 0 0 0 0 0 0 0 0 0 0 0 0 0 0 0 0 0 0 0 0 0 0 0 0 0 0 0 0 0 0 2 0
3 5 3 2 2 2 2 2 3 2 2 2 3 3 3 2 2 1 1 4 4 4 3 3 2 2 2 3 3 3 3 3 3 2 2 2 2 2 2 2 2 3 3 3 4 5 4 4 2 3 4 4 3 3 4 4 3 3 4 4 7 23 23 12 10 9 5 5 7 7 9 10 10 10 10 9 9 10 10 10 10 10 10 12 11 11 13 13 11 11 13 14 16 15 17 18 18 18 17 20 24 25 24 25 24 25 26 25 30 34 36 39 42 44 49 47 48 50 54 60 68 79 88 104 111 120 146 168 196 223 239 247 250 253 255 255 255 255 255 255 255 255 255 255 255 255 253 250 247 236 211 194 161 134 108 96 80 63 60 50 42 37 35 36 34 29 24 22 25 25 24 24 25 24 24 23 22 20 20 18 19 19 16 15 17 18 19 17 16 17 16 18 19 21 21 24 28 29 29 32 40 44 50 49 52 53 54 61 66 74 84 86 100 108 122 130 141 147 155 163 167 169 167 165 163 160 149 138 125 122 117 110 103 95 82 73 63 61 55 52 47 43 42 45 43 39 36 33 34 34 37 41 42 41 40 40 41 43 47 54 78 126 197 172 110 98 89 81 78 75 74 73 75 75 74 74 74 77 77 87 92 98 108 114 119 131 154 168 185 209 227 240 251 255 255 255 255 255 255 255 255 255 255 246 199 126 73 44 25 16 12 10 8 8 5 5 19 63 65 14 6 2 0 3 2 1 2 0 0 0 0 1 3 3 4 3 4 4 3 0 0 0 2 3 3 2 0 0 0 0 0 0 0 0 0 0 0 0 0 0 0 0 0 0 0 0 2 0 0 0 0 0 0 0 0 0 0 0 2 0 2 0 4 15 34 31 10 5 4 5 10 26 75 189 254 255 255 236 125 44 19 9 7 5 7 7 5 4 2 0 2 4 4 5 4 4 4 1 1 0 0 0 0 0 0 0 0 0 0 0 0 0 0 0 0 1 2 2 7 42 212 243 91 12 4 3 0 0 0 0 0 0 0 0 0 0 0 0 2 0 0 0 0 0 0 0 0 2 0 0 0 0 0 6 72 141 34 4 0 0 0 0 0 0 0 0 0 0 0 0 0 0 0 0 0 0 0 0 0 0 0 0 0 0 0 0 0 0 0 2 0 0
3 3 3 2 2 2 2 2 2 2 0 0 0 0 0 0 0 1 2 3 3 2 2 0 1 2 2 2 2 1 0 0 0 0 0 0 0 0 0 0 0 0 0 2 2 2 3 3 4 4 5 3 3 4 3 1 3 4 5 7 12 24 22 9 8 3 3 4 5 5 4 4 6 5 4 4 6 5 5 6 7 6 7 7 9 10 9 10 10 12 12 11 11 10 11 10 9 10 12 12 13 12 13 14 15 17 16 16 17 17 15 14 16 17 17 22 25 26 27 26 29 33 38 38 40 48 54 61 71 100 111 138 169 198 225 245 250 255 255 255 255 255 255 255 255 255 255 255 255 255 253 251 247 239 211 191 159 144 121 115 102 93 79 67 59 61 57 60 52 49 46 41 40 34 31 27 27 29 26 29 30 30 34 34 33 34 35 38 39 40 41 42 47 52 56 61 73 79 92 101 106 112 122 138 149 156 169 181 197 207 212 228 239 245 247 251 252 254 254 254 254 255 255 255 254 254 254 253 251 251 248 245 242 237 228 221 212 203 199 194 186 178 170 163 161 155 155 149 147 145 142 138 142 145 147 145 153 165 186 208 230 245 251 246 239 233 228 224 222 220 217 217 218 215 215 215 214 213 219 224 232 240 245 250 252 255 255 255 255 255 255 255 255 255 255 255 255 255 255 252 225 154 94 53 34 24 14 10 7 7 6 5 5 4 4 5 15 53 72 18 6 3 2 2 1 2 0 0 0 0 0 3 4 4 3 4 4 3 1 0 0 1 3 3 3 0 0 0 0 0 0 0 0 0 0 0 0 0 0 0 0 0 0 0 0 0 2 0 0 0 0 0 0 0 0 0 0 0 2 0 2 0 4 15 35 30 10 7 4 10 28 79 201 254 255 255 233 120 39 17 7 4 5 5 4 4 3 0 1 2 3 4 4 5 4 4 3 2 2 0 0 0 0 0 0 0 0 0 0 0 0 0 0 0 0 0 3 3 4 19 154 246 168 23 5 3 1 0 0 0 0 0 0 0 0 0 0 0 2 0 0 0 0 0 0 0 0 2 0 0 0 0 0 6 72 145 32 5 0 0 0 0 0 0 0 0 0 0 0 0 0 0 0 0 0 0 0 0 0 0 0 0 0 0 0 0 0 0 0 2 0 0
4 5 3 3 2 3 2 0 0 0 2 2 2 2 2 1 0 0 2 0 2 0 0 2 2 2 1 0 0 1 2 2 1 0 0 0 0 0 0 0 0 0 0 0 0 0 0 3 4 4 4 4 4 4 5 5 5 5 7 7 15 32 21 9 6 4 4 3 3 3 3 4 4 2 3 4 3 4 4 4 4 4 4 3 3 3 3 3 4 3 3 5 5 7 8 8 8 7 6 6 7 8 7 7 7 9 10 12 11 11 14 15 15 14 15 16 17 15 14 15 17 20 23 22 26 30 31 38 40 40 45 52 59 69 94 117 157 223 250 253 253 255 255 255 255 255 255 255 255 255 255 255 255 255 253 250 245 234 223 206 196 182 173 163 153 133 126 118 109 102 102 99 90 96 102 102 99 99 101 97 97 97 95 91 87 85 82 92 102 109 112 122 131 141 149 162 176 197 207 224 233 241 246 249 251 254 254 255 255 255 255 255 255 255 255 255 255 255 255 255 255 255 255 255 255 255 255 255 255 255 255 255 255 255 255 255 255 255 255 255 255 255 255 255 255 255 255 255 255 255 255 255 255 255 255 255 255 255 255 255 255 255 255 255 255 255 255 255 255 255 255 255 255 255 255 255 255 255 255 255 255 255 255 255 255 255 255 255 255 255 255 255 255 255 255 252 232 175 113 63 33 24 18 12 8 5 4 4 5 5 3 3 3 3 3 3 10 40 75 25 7 2 2 1 2 1 0 0 0 0 3 4 4 2 4 4 4 2 0 0 0 3 3 3 2 0 0 0 0 0 0 0 0 0 0 0 0 0 0 0 0 0 0 0 0 0 2 0 0 0 0 0 0 0 0 0 0 0 2 0 2 0 5 16 36 32 10 7 11 29 97 211 255 255 255 228 114 37 16 6 5 4 3 3 3 3 3 3 2 2 2 3 4 5 3 4 2 3 2 0 0 0 0 0 0 0 0 0 0 0 0 0 0 0 1 2 2 3 1 10 85 240 219 46 8 3 2 0 0 0 0 0 0 0 0 0 0 0 2 0 0 0 0 0 0 0 0 2 0 0 0 0 0 6 71 143 34 5 0 0 0 0 0 0 0 0 0 0 0 0 0 0 0 0 0 0 0 0 0 0 0 0 0 0 0 0 0 0 2 0 0 0
8 9 7 6 5 5 6 7 6 6 6 5 4 4 3 3 3 3 3 3 2 2 2 2 1 0 1 2 2 3 2 2 2 3 3 3 3 3 2 2 2 0 0 0 0 0 0 2 2 3 2 1 2 2 2 3 3 2 6 10 18 35 16 11 7 4 4 4 3 3 3 3 3 3 4 3 3 3 4 4 4 5 4 4 4 4 4 4 5 5 5 4 3 3 2 4 4 5 7 8 7 7 6 6 5 5 4 4 5 5 4 5 7 8 7 6 7 7 8 10 10 10 10 11 12 14 17 17 20 23 28 34 38 36 49 53 72 126 206 239 233 247 253 253 250 250 253 253 255 255 255 255 255 255 255 255 255 255 254 253 250 248 245 242 236 233 226 214 211 207 202 199 196 194 192 189 191 192 189 192 187 189 192 195 199 202 208 211 216 224 231 240 245 248 251 253 254 255 255 255 255 255 255 255 255 255 255 255 255 255 255 255 255 255 255 255 255 255 255 255 255 255 255 255 255 255 255 255 255 255 255 255 255 255 255 255 255 255 255 255 255 255 255 255 255 255 255 255 255 255 255 255 255 255 255 255 255 255 255 255 255 255 255 255 255 255 255 255 255 255 255 255 255 255 255 255 255 255 255 255 255 255 255 255 255 255 255 255 255 254 251 239 204 153 105 56 34 25 19 14 11 8 6 4 4 5 5 4 5 4 4 4 2 2 0 2 8 32 69 33 9 2 2 2 1 0 0 0 0 3 3 4 2 3 5 4 2 0 0 0 3 2 2 2 0 0 0 0 0 0 0 0 0 0 0 0 0 0 0 0 0 0 0 0 0 1 1 0 0 0 0 0 0 0 0 0 0 0 2 0 2 1 5 19 37 31 11 17 37 113 228 255 255 255 223 100 35 16 4 5 3 3 3 3 2 2 0 0 1 2 3 2 4 5 3 4 1 3 2 0 0 0 0 0 0 0 0 0 0 0 0 0 0 2 1 0 1 2 2 6 35 209 243 106 13 3 3 0 1 0 0 0 0 0 0 0 0 0 2 0 0 0 0 0 0 0 0 2 0 0 0 0 0 5 72 139 37 6 0 0 0 0 0 0 0 0 0 0 0 0 0 0 0 0 0 0 0 0 0 0 0 0 0 0 0 0 0 0 2 0 0 0
17 15 11 8 7 5 5 3 3 4 3 3 4 5 5 5 6 6 4 3 3 2 1 0 1 2 2 1 2 3 0 0 0 0 0 0 2 2 1 2 2 3 2 2 2 2 2 2 4 2 3 2 3 3 3 3 3 4 6 7 26 37 11 9 4 4 3 4 4 3 3 3 3 3 3 2 2 2 3 2 2 3 3 3 4 3 3 3 2 2 2 3 3 3 3 4 3 2 2 3 3 4 4 4 5 5 5 5 4 5 6 6 3 3 4 5 4 4 6 6 5 5 5 7 7 7 7 8 8 9 11 13 18 22 25 36 47 90 165 215 186 220 247 234 156 149 171 196 216 239 247 253 255 255 255 255 255 255 255 255 255 255 255 255 255 255 254 254 253 253 253 253 253 251 253 253 253 253 253 253 254 254 254 254 254 255 255 255 255 255 255 255 255 255 255 255 255 255 255 255 255 255 255 255 255 255 255 255 255 255 255 254 254 251 248 245 237 227 214 205 195 184 192 209 208 192 197 205 214 228 239 246 249 251 252 254 255 255 255 255 255 255 255 255 255 255 255 255 255 255 255 255 255 255 255 255 255 255 255 255 255 255 253 252 252 252 252 252 252 255 255 255 255 255 255 255 255 255 253 252 250 246 238 217 192 164 130 105 73 62 50 37 30 23 19 15 13 9 5 4 5 5 4 4 5 4 4 4 3 2 1 0 0 1 2 3 5 29 56 39 11 2 3 1 0 0 0 0 3 3 4 2 3 5 4 3 0 0 1 2 2 2 2 0 0 0 0 0 0 0 0 0 0 0 0 0 0 0 0 0 0 0 0 0 0 2 0 0 0 0 0 0 0 0 0 0 0 0 2 0 2 2 7 25 35 33 26 44 128 241 255 255 254 210 91 31 15 4 6 3 3 2 2 0 0 2 2 2 1 0 2 2 3 5 3 4 0 3 2 0 0 0 0 0 0 0 0 0 0 0 0 2 2 0 0 0 0 2 3 4 18 141 246 177 30 4 3 0 2 0 0 0 0 0 0 0 0 0 2 0 0 0 0 0 0 0 0 1 1 0 0 0 0 5 67 143 37 7 0 0 0 0 0 0 0 0 0 0 0 0 0 0 0 0 0 0 0 0 0 0 0 0 0 0 0 0 0 0 2 0 0 0
29 29 29 27 23 19 16 16 13 9 5 4 4 3 2 2 2 3 4 6 5 5 4 4 3 3 3 3 3 4 4 3 0 1 2 2 1 0 2 2 0 2 2 2 0 0 0 0 3 0 2 0 0 0 0 0 0 3 4 8 28 31 10 8 4 4 4 3 2 3 4 3 3 3 2 3 3 2 2 3 3 3 2 2 2 3 3 3 3 3 3 3 3 2 2 3 3 3 3 0 0 2 0 2 2 3 3 3 3 3 2 3 4 4 4 4 4 4 3 3 3 3 2 3 2 4 3 4 4 5 6 6 6 9 14 20 35 79 149 206 161 223 244 153 62 50 55 63 86 110 135 161 199 231 247 253 255 255 255 255 255 255 255 255 255 255 255 255 255 255 255 255 255 255 255 255 255 255 255 255 255 255 255 255 255 255 255 255 255 255 255 255 255 255 255 255 255 255 255 255 255 254 254 252 251 248 230 202 185 163 143 122 110 97 74 66 60 51 45 44 46 48 56 94 99 45 36 34 37 39 41 45 51 66 78 89 100 105 110 115 117 124 128 126 128 136 145 151 155 159 163 164 166 166 170 177 203 236 240 221 163 114 82 74 73 72 74 73 75 71 69 69 69 69 65 63 62 60 59 50 45 39 33 28 22 19 18 15 16 15 14 13 12 10 7 6 4 3 4 5 5 3 3 3 3 3 3 2 1 0 0 1 2 1 0 3 4 19 51 44 11 3 2 0 0 0 0 1 4 4 2 3 5 4 3 0 0 1 2 2 2 2 0 0 0 0 0 0 0 0 0 0 0 0 0 0 0 0 0 0 0 0 0 0 0 2 0 0 0 0 0 0 0 0 0 0 0 0 2 2 3 4 12 23 41 48 66 169 252 255 255 254 199 78 29 14 6 5 2 2 1 2 0 0 2 2 1 0 0 0 2 2 3 5 3 4 0 3 2 0 0 0 0 0 0 0 0 0 1 2 2 0 0 0 0 0 0 2 2 1 10 72 239 226 54 8 3 2 2 0 0 0 0 0 0 0 0 0 2 0 0 0 0 0 0 0 0 0 2 0 0 0 0 4 60 149 39 7 0 0 0 0 0 0 0 0 0 0 0 0 0 0 0 0 0 0 0 0 0 0 0 0 0 0 0 0 0 0 2 0 0 0
21 23 26 28 31 34 33 31 31 27 23 20 16 16 14 11 10 6 6 4 6 5 5 6 7 6 4 4 4 8 7 4 2 3 2 2 2 2 2 2 3 3 3 3 3 2 2 3 1 0 2 0 0 0 0 0 2 3 4 12 31 23 9 6 2 0 2 3 3 3 2 3 3 4 2 2 2 3 3 3 3 3 3 3 3 3 3 3 3 3 3 3 3 4 5 5 3 3 5 5 5 5 4 4 4 3 4 4 3 3 4 4 4 3 3 4 3 3 2 3 4 3 2 3 3 4 3 4 5 7 5 5 5 7 6 14 29 61 154 201 171 240 236 103 37 28 27 30 34 35 47 66 96 110 139 172 209 239 247 251 253 254 255 255 255 255 255 255 255 255 255 255 255 255 255 255 255 255 255 255 255 255 255 255 255 255 255 255 255 255 255 255 254 254 251 251 245 236 216 197 170 154 139 124 130 167 113 64 48 40 29 25 21 21 19 17 15 15 16 15 16 15 28 71 72 21 12 10 10 10 11 13 12 12 11 13 13 14 14 15 18 21 23 24 25 26 28 30 32 32 30 32 32 30 35 49 107 218 223 124 45 22 18 16 15 14 15 16 17 16 15 13 13 14 16 14 15 14 13 13 12 12 10 10 10 10 8 8 6 5 4 4 3 2 4 4 3 3 3 2 3 2 3 2 3 1 0 0 2 2 2 1 2 2 2 4 7 16 48 45 10 2 0 0 0 0 1 4 3 3 3 4 4 3 0 0 1 1 3 2 2 0 0 0 0 0 0 0 0 0 0 0 0 0 0 0 0 0 0 0 0 0 0 0 0 2 0 0 0 0 0 0 0 0 0 2 2 2 2 2 3 4 16 33 59 108 206 254 255 255 254 178 64 27 12 6 5 3 2 0 2 0 2 2 0 0 2 0 0 0 2 2 3 5 1 5 1 3 2 0 0 0 0 0 0 0 2 2 1 0 0 0 0 0 0 0 0 0 2 2 5 30 200 246 121 14 3 3 2 0 0 0 0 0 0 0 0 0 2 0 0 0 0 0 0 0 0 0 2 0 0 0 0 4 57 150 40 8 0 0 0 0 0 0 0 0 0 0 0 0 0 0 0 0 0 0 0 0 0 0 0 0 0 0 0 0 0 0 2 0 0 0
7 6 8 10 14 15 19 21 27 27 29 26 27 26 24 25 23 23 21 18 14 13 8 6 5 4 6 5 7 9 11 8 5 5 5 4 2 3 3 2 2 2 2 3 4 4 4 2 2 3 2 3 2 2 2 2 3 4 4 18 34 16 8 4 3 3 3 1 0 0 1 2 3 2 3 3 3 3 3 3 2 2 3 3 2 3 3 3 3 3 3 4 4 4 4 5 4 4 3 4 4 5 4 4 3 3 2 2 2 2 2 2 2 2 2 2 2 2 2 2 2 3 5 5 4 3 3 3 2 2 4 6 3 6 7 11 27 57 153 199 176 245 213 58 27 18 15 15 20 23 23 23 25 37 57 76 98 115 143 153 176 197 213 226 239 245 248 251 253 253 253 253 253 253 253 253 253 253 251 251 251 251 251 249 248 246 245 239 231 220 207 189 168 154 127 111 98 86 71 55 48 40 40 34 53 121 66 21 11 9 9 8 8 7 6 5 7 5 4 4 5 8 23 68 60 14 7 7 7 6 6 5 6 8 8 7 8 8 7 8 8 8 8 9 10 10 10 10 10 11 13 13 13 13 17 44 163 233 179 52 18 11 9 8 6 5 6 6 6 6 6 8 10 9 8 10 8 6 7 6 6 5 5 5 3 2 3 3 3 2 3 3 4 3 1 2 3 3 3 3 3 3 3 2 2 2 2 2 2 2 2 2 0 0 3 5 6 14 45 34 10 0 0 0 0 0 4 3 4 3 4 5 3 1 0 1 1 3 2 2 0 0 0 0 0 0 0 0 0 0 0 0 0 0 0 0 0 0 0 0 0 0 0 0 0 2 0 0 0 0 0 1 2 2 2 0 0 0 2 4 3 6 25 52 123 216 254 255 255 249 158 57 25 12 6 5 3 1 0 1 2 2 0 0 0 0 1 1 0 0 2 2 3 5 2 5 2 3 2 0 0 0 0 0 2 2 0 0 0 0 0 0 0 0 0 0 0 0 2 3 3 16 126 246 197 28 5 3 0 2 0 0 0 0 0 0 0 0 2 0 0 0 0 0 0 0 0 0 2 0 0 0 0 3 55 152 39 8 0 0 0 0 0 0 0 0 0 0 0 0 0 0 0 0 0 0 0 0 0 0 0 0 0 0 0 0 0 1 1 0 0 0
1 3 4 4 4 3 3 4 6 10 16 21 17 17 21 23 23 22 24 26 26 24 26 24 18 17 11 9 8 12 13 16 9 6 5 5 6 6 4 4 3 3 2 3 3 2 3 4 4 3 3 3 0 0 0 1 3 4 4 22 33 13 7 2 2 1 3 3 3 3 3 3 2 2 2 2 2 1 2 3 3 3 3 2 3 3 3 3 3 2 2 2 2 2 3 4 4 4 5 4 3 4 4 4 3 4 2 3 3 4 3 3 2 3 3 3 4 4 3 3 4 4 3 4 4 4 4 5 4 3 2 2 4 4 5 10 27 64 161 201 194 245 191 37 22 15 12 12 10 12 11 12 17 19 21 25 30 35 43 58 66 74 86 101 108 122 122 125 135 147 149 153 161 164 169 177 176 168 166 164 162 153 143 134 122 117 111 101 90 76 65 57 51 43 39 34 29 25 22 19 16 12 13 13 41 110 55 13 7 8 7 7 6 6 5 5 3 3 4 5 5 7 28 74 48 9 3 2 3 3 3 3 3 3 2 2 2 2 2 2 2 2 2 3 3 3 4 3 3 3 3 3 5 5 15 92 210 217 105 21 8 4 2 2 0 0 0 0 0 2 2 2 0 0 0 0 2 2 3 3 3 3 3 3 4 4 4 3 3 4 3 3 2 3 3 3 0 2 2 1 0 2 0 1 2 2 2 1 0 0 0 0 0 2 4 6 8 19 39 27 8 0 0 0 0 4 3 4 3 4 4 3 2 0 1 1 2 3 1 0 0 1 0 0 0 0 0 0 0 0 0 0 0 0 0 0 0 0 0 0 0 0 0 0 0 2 0 0 1 2 2 1 0 0 0 0 0 1 5 3 6 16 49 121 233 255 255 255 241 135 47 22 12 7 5 3 0 0 2 2 1 0 0 0 0 0 2 0 0 0 2 2 3 5 2 5 2 4 1 0 1 2 2 2 0 0 0 0 0 0 0 0 0 0 0 0 0 0 2 2 2 9 65 236 231 60 9 3 2 2 0 0 0 0 0 0 0 0 2 0 0 0 0 0 0 0 0 0 2 0 0 0 0 3 53 150 42 8 0 0 0 0 0 0 0 0 0 0 0 0 0 0 0 0 0 0 0 0 0 0 0 0 0 0 0 0 0 2 0 0 0 0
0 0 0 0 1 4 4 4 4 4 6 8 10 8 7 6 10 13 13 15 17 18 21 22 26 26 29 30 28 26 25 20 19 18 16 14 12 9 7 7 7 8 8 7 5 4 4 2 1 2 2 4 3 3 2 3 3 3 7 26 28 14 6 3 2 1 0 2 1 2 1 3 3 3 3 3 3 3 2 0 0 0 0 0 0 0 1 2 2 0 0 0 0 3 2 2 3 2 3 4 4 4 3 3 4 5 4 3 2 2 2 2 2 1 0 0 2 0 2 2 0 0 1 3 3 3 3 3 4 4 4 5 5 5 5 12 25 78 174 201 223 242 153 29 16 10 7 7 7 9 9 11 11 13 12 12 12 16 18 20 25 31 33 37 42 40 47 52 52 51 53 53 55 55 57 53 54 55 52 47 46 44 43 43 43 41 34 31 30 27 25 21 18 16 13 12 10 9 8 9 8 7 9 11 46 107 46 6 3 3 3 4 4 4 3 3 4 3 2 3 4 5 33 78 36 6 3 2 2 2 2 2 2 3 3 4 4 4 4 4 5 5 4 4 5 4 4 5 4 4 3 3 5 10 36 175 228 168 40 10 4 3 4 3 3 4 4 4 4 4 4 4 4 3 3 3 3 3 2 2 2 2 2 2 2 2 2 2 2 2 2 2 2 2 2 2 2 0 0 2 3 2 2 1 0 0 0 0 0 0 0 0 0 4 4 7 10 25 37 20 4 0 0 0 4 3 4 3 3 5 3 2 0 1 1 2 2 2 0 0 2 0 0 0 0 0 0 0 0 0 0 0 0 0 0 0 0 0 0 0 0 0 0 0 0 3 2 2 1 0 0 0 0 0 0 3 3 4 5 4 11 39 115 236 255 255 255 229 116 42 19 11 7 5 4 0 0 2 2 0 1 2 2 2 2 2 0 0 0 0 2 2 3 5 2 5 2 4 2 2 1 0 0 0 0 0 0 0 0 0 0 0 0 0 0 0 0 0 0 2 2 5 25 188 247 128 17 3 3 2 0 0 0 0 0 0 0 0 2 0 0 0 0 0 0 0 0 0 2 0 0 0 0 4 53 148 45 9 0 0 0 0 0 0 0 0 0 0 0 0 0 0 0 0 0 0 0 0 0 0 0 0 0 0 0 0 0 2 0 0 0 0
0 0 0 0 0 0 0 0 2 2 6 6 7 3 4 6 5 6 5 4 5 7 8 11 14 18 20 21 24 23 30 35 37 36 33 29 25 23 23 20 17 13 12 10 11 8 7 6 5 4 4 4 4 4 4 4 4 4 13 25 28 14 5 4 2 1 0 2 2 0 2 0 0 0 0 0 0 0 3 3 3 3 3 3 3 3 2 0 0 2 2 2 2 3 0 2 2 1 0 0 2 3 3 2 1 2 3 1 2 2 2 2 2 2 2 2 3 3 2 2 1 0 1 2 3 0 2 2 2 3 3 4 4 7 7 15 30 92 184 208 239 239 118 24 17 8 4 5 4 4 4 5 5 5 7 9 10 10 9 11 12 13 14 13 13 15 14 15 20 25 30 33 30 28 23 21 18 16 18 17 14 13 14 12 14 13 12 13 12 11 10 8 7 6 6 6 6 4 4 4 5 4 6 8 52 103 40 6 3 2 1 2 0 0 2 2 0 0 0 3 4 8 35 78 32 3 2 0 0 2 2 2 2 2 0 0 1 2 2 2 2 2 2 2 2 2 2 2 2 2 3 4 6 14 102 224 212 90 19 6 4 4 4 2 2 2 2 2 2 0 0 2 2 2 2 2 2 2 2 1 0 1 2 2 2 2 2 2 2 2 2 2 1 0 2 2 2 2 2 1 0 0 0 0 0 0 0 0 0 0 0 0 3 5 7 8 17 26 33 10 2 0 0 3 3 4 3 3 4 3 2 0 0 2 2 2 2 0 0 2 0 0 0 0 0 0 0 0 0 0 0 0 0 0 0 0 0 0 0 0 0 2 2 2 2 2 0 0 0 0 1 3 3 3 3 0 2 4 3 7 26 88 231 255 255 255 221 103 40 17 9 8 5 3 1 1 3 1 0 0 2 0 0 0 0 0 0 0 0 0 2 2 4 5 3 5 3 5 0 0 0 0 0 0 0 0 0 0 0 0 0 0 0 0 0 0 0 0 0 2 3 3 15 123 244 202 30 5 3 2 0 0 0 0 0 0 0 0 2 0 0 0 0 0 0 0 0 0 1 1 0 0 0 4 49 148 48 9 1 0 0 0 0 0 0 0 0 0 0 0 0 0 0 0 0 0 0 0 0 0 0 0 0 0 0 0 0 2 0 0 0 0
0 0 2 2 2 2 2 2 2 0 3 6 6 3 2 3 4 4 5 4 4 4 5 4 4 4 4 4 5 9 12 12 17 23 27 30 37 39 35 32 30 27 24 24 23 20 15 13 13 12 12 9 6 6 6 7 7 8 13 23 29 12 5 4 4 4 3 3 1 1 1 2 2 2 2 2 1 0 0 0 0 0 0 0 0 0 2 3 3 3 3 2 2 3 2 2 2 2 2 2 2 2 3 2 2 2 0 3 1 2 0 0 0 1 2 2 1 1 2 2 2 2 1 0 2 0 0 0 2 2 2 3 2 5 5 13 34 102 196 216 245 216 58 25 9 5 4 4 2 3 3 3 4 4 5 5 5 5 6 5 5 4 6 7 9 10 11 10 11 11 9 9 12 15 16 12 12 11 11 11 11 12 9 9 9 10 8 7 6 4 4 4 3 3 2 3 3 3 2 2 3 2 6 10 62 97 34 3 2 2 2 2 2 2 2 2 3 3 2 3 5 9 45 78 28 5 4 4 4 3 3 3 3 2 2 2 2 2 2 2 2 2 1 0 2 2 2 2 2 2 2 3 9 32 186 232 152 33 6 3 3 2 2 2 1 0 1 2 2 2 2 2 2 2 2 2 0 1 2 2 3 3 2 2 2 2 0 0 1 2 2 2 2 2 2 2 1 0 0 0 0 0 0 0 0 0 0 0 0 0 0 2 5 4 9 14 22 30 18 5 1 0 3 3 3 3 3 4 3 2 1 0 2 1 3 2 0 0 2 0 0 0 0 0 0 0 0 0 0 0 0 0 0 0 0 2 2 2 2 2 2 0 0 0 0 2 2 3 3 3 2 0 0 0 0 2 3 2 4 16 53 206 255 255 255 213 92 35 17 8 10 5 3 2 1 2 0 0 0 2 0 0 0 0 0 0 0 0 0 0 3 3 3 5 2 4 2 4 0 0 0 0 0 0 0 0 0 0 0 0 0 0 0 0 0 0 0 0 0 1 3 3 7 58 229 239 68 10 3 2 1 0 0 0 0 0 0 0 0 2 0 0 0 0 0 0 0 0 0 2 0 0 0 4 46 149 49 9 2 0 0 0 0 0 0 0 0 0 0 0 0 0 0 0 0 0 0 0 0 0 0 0 0 0 0 0 0 2 0 0 0 0
2 2 0 0 0 0 0 0 1 2 3 5 6 3 3 2 3 5 6 6 4 4 4 5 4 5 4 5 4 3 3 3 0 3 5 8 10 14 18 23 29 35 36 38 36 36 33 29 24 21 18 18 17 16 17 16 16 17 17 31 26 13 6 4 4 4 3 4 3 3 2 0 0 0 0 0 1 2 2 2 2 2 2 2 2 2 2 2 2 2 2 2 3 3 2 2 2 0 0 0 0 2 3 2 2 3 3 2 3 2 2 2 2 0 0 0 1 2 2 1 0 2 2 1 2 0 0 0 2 0 0 2 3 5 5 14 37 113 206 239 245 174 34 10 6 3 2 2 4 4 4 5 6 5 3 3 4 4 4 4 4 4 4 5 5 5 5 6 5 4 5 5 6 7 10 13 10 8 8 9 10 7 7 6 5 6 4 4 5 3 3 2 2 2 2 2 1 0 0 2 3 2 5 11 66 97 26 2 2 1 0 0 2 2 3 4 2 2 3 4 5 12 49 72 19 3 0 0 0 0 0 0 0 2 2 2 2 2 2 2 2 2 3 3 3 2 2 3 3 3 4 6 17 94 232 212 71 17 4 4 3 4 3 2 2 2 2 2 2 2 2 2 2 2 2 2 2 2 2 2 2 2 2 2 2 2 2 2 1 0 0 2 2 2 0 0 0 0 0 0 0 0 0 0 0 0 0 0 0 0 0 4 4 8 13 18 27 21 8 2 0 3 3 3 3 3 5 3 2 2 0 2 1 3 2 0 0 2 0 0 0 0 0 0 0 0 0 0 0 2 2 2 2 2 2 0 0 0 0 0 2 3 3 3 3 3 2 0 0 0 0 0 0 0 1 3 2 2 6 30 145 254 255 255 218 97 36 18 8 9 6 3 2 0 2 1 0 0 0 2 0 0 0 0 0 0 0 2 2 2 2 2 3 5 2 4 3 4 0 0 0 0 0 0 0 0 0 0 0 0 0 0 0 0 0 0 0 0 0 0 2 3 5 24 182 247 139 18 3 2 2 0 0 0 0 0 0 0 0 2 0 0 0 0 0 0 0 0 0 2 0 0 0 4 44 147 53 10 2 0 0 0 0 0 0 0 0 0 0 0 0 0 0 0 0 0 0 0 0 0 0 0 0 0 0 0 0 2 0 0 0 0
0 0 0 0 0 0 0 0 0 3 4 5 4 2 0 2 4 5 4 2 3 4 3 4 4 4 4 3 4 5 6 5 6 5 4 4 4 6 8 8 7 8 10 11 15 18 26 32 36 36 34 31 32 33 27 27 26 22 27 30 28 18 12 10 7 5 7 5 3 4 2 1 0 0 0 0 0 0 0 0 0 0 0 0 0 0 0 0 0 0 0 0 2 0 0 0 3 2 2 2 2 4 3 2 0 2 1 2 3 2 0 2 0 2 2 2 1 0 1 2 3 2 1 1 2 2 0 0 2 0 2 2 2 4 3 16 40 133 226 247 242 104 25 9 5 4 4 3 2 2 2 0 2 2 2 2 2 2 3 3 2 2 2 2 2 2 2 0 3 2 2 2 2 4 4 4 8 9 7 4 3 3 3 2 2 4 2 0 2 2 2 3 4 3 3 3 4 4 4 4 4 3 7 17 77 97 22 4 4 3 4 4 5 3 2 2 0 0 0 3 5 13 55 68 15 3 0 0 0 0 0 0 0 0 0 0 0 0 0 0 0 0 0 0 2 0 0 0 0 0 3 7 28 180 239 150 33 6 3 3 0 2 0 0 0 0 0 0 0 0 0 0 0 0 0 0 0 0 0 0 0 0 0 0 0 0 0 0 1 2 2 0 0 0 0 0 0 0 0 0 0 0 0 0 0 0 0 0 0 0 3 4 7 10 18 26 19 11 1 2 3 3 2 3 3 5 3 2 2 0 2 1 2 2 0 0 2 0 0 0 0 0 0 0 0 0 0 1 2 0 0 0 0 0 2 2 2 2 2 2 2 0 0 0 1 1 0 0 0 0 0 0 0 1 3 3 3 4 14 73 241 255 255 243 115 36 20 10 8 7 4 0 2 2 1 0 0 0 0 2 0 0 0 2 2 2 2 0 0 0 2 2 3 5 2 4 3 4 0 0 0 0 0 0 0 0 0 0 0 0 0 0 0 0 0 0 0 0 0 0 2 3 3 11 115 243 212 34 5 2 3 0 0 0 0 0 0 0 0 2 0 0 0 0 0 0 0 0 0 2 0 0 0 3 44 146 54 11 2 0 0 0 0 0 0 0 0 0 0 0 0 0 0 0 0 0 0 0 0 0 0 0 0 0 0 0 0 2 2 0 0 0
0 0 0 0 0 0 0 0 0 1 4 8 4 3 0 0 2 4 5 1 0 2 0 1 2 2 3 3 3 4 3 4 3 4 6 8 9 7 7 8 6 4 6 6 7 9 9 12 12 15 22 26 27 25 29 34 35 35 35 36 40 36 28 22 20 15 10 7 5 3 3 1 2 0 0 0 0 0 0 0 0 0 0 0 0 0 0 0 0 0 0 0 2 2 0 0 2 0 0 0 0 3 0 0 2 3 2 2 3 4 4 3 3 2 2 2 1 2 2 1 1 1 2 2 3 3 2 2 3 4 3 3 4 4 5 19 50 155 240 248 219 53 15 8 5 3 2 2 3 2 0 2 0 0 0 0 1 2 2 1 2 2 0 0 0 0 0 2 2 2 2 3 4 3 2 3 4 5 5 7 7 5 3 2 0 4 2 2 3 2 2 2 2 2 2 2 0 0 0 2 3 2 5 22 89 80 16 2 2 2 2 3 2 2 2 2 2 2 2 2 5 14 64 62 12 2 0 0 0 0 0 0 0 0 0 0 0 0 0 0 0 0 0 0 2 0 0 0 0 1 3 11 71 228 221 74 17 2 3 0 2 1 0 0 0 0 0 0 0 0 0 0 0 0 0 0 0 0 0 0 0 0 0 0 1 2 2 2 1 0 0 0 0 0 0 0 0 0 0 0 0 0 0 0 0 0 0 0 0 2 5 6 8 19 25 19 13 2 2 3 3 2 3 3 5 4 2 2 0 2 2 2 2 0 0 2 0 0 0 0 0 0 0 0 0 0 0 0 0 0 2 2 2 2 0 0 0 0 0 0 2 0 0 0 2 0 0 0 0 2 2 2 2 2 3 1 2 6 30 171 255 255 255 158 46 23 11 8 5 4 2 2 2 2 0 0 0 0 0 3 2 2 2 0 0 0 0 0 0 0 2 2 3 5 3 3 3 4 0 0 0 0 0 0 0 0 0 0 0 0 0 0 0 0 0 0 0 0 0 0 2 2 3 7 46 224 241 80 10 3 3 0 0 0 0 0 0 0 0 2 0 0 0 0 0 0 0 0 0 2 0 0 0 3 41 144 59 9 3 0 0 0 0 0 0 0 0 0 0 0 0 0 0 0 0 0 0 0 0 0 0 0 0 0 0 0 0 2 2 0 0 2
1 0 0 0 0 0 0 0 0 0 3 7 4 3 2 0 0 4 4 4 2 2 3 3 3 2 2 3 3 2 2 2 4 4 4 4 3 4 4 4 6 7 7 6 5 4 4 3 5 5 4 6 7 10 14 17 19 18 23 27 27 29 36 36 28 24 22 13 10 5 3 3 1 2 0 0 0 0 0 0 0 0 0 0 0 0 0 0 0 0 0 0 2 2 3 2 2 3 2 2 2 3 2 2 2 2 1 0 0 2 2 3 2 0 0 0 2 2 2 2 2 3 3 2 2 4 3 3 3 2 0 2 3 3 4 20 59 183 248 250 161 34 15 5 5 2 2 2 2 2 0 2 0 1 2 2 2 0 1 2 1 0 2 2 2 2 2 3 2 2 2 0 0 2 2 2 0 0 2 3 4 7 6 4 3 5 3 2 2 2 2 2 2 2 2 2 2 2 2 2 3 2 5 28 93 70 12 2 2 1 0 2 0 0 0 2 0 0 0 3 4 19 68 53 10 2 0 0 0 0 0 0 0 0 0 0 0 0 0 0 0 0 0 0 2 0 0 0 0 2 4 19 155 240 171 38 7 3 2 0 2 2 0 0 0 0 0 0 0 0 0 0 0 0 0 0 0 0 0 0 1 2 2 2 1 0 0 0 0 0 0 0 0 0 0 0 0 0 0 0 0 0 0 0 0 0 0 0 2 4 5 8 17 23 21 15 3 2 3 3 2 3 2 4 5 1 2 0 1 2 2 2 0 0 2 0 0 0 0 0 0 0 0 0 0 0 0 2 2 2 0 0 0 0 0 0 0 0 0 2 0 0 0 0 2 0 2 2 2 0 0 0 1 3 2 0 3 15 67 247 255 255 218 82 27 14 8 5 5 3 2 1 2 0 0 0 1 2 2 2 0 0 0 0 0 0 0 0 0 0 2 2 3 5 3 3 3 4 2 0 0 0 0 0 0 0 0 0 0 0 0 0 0 0 0 0 0 0 0 0 0 2 3 5 19 170 246 168 20 3 3 0 0 0 0 0 0 0 0 2 0 0 0 0 0 0 0 0 0 2 0 0 0 4 38 139 66 10 3 0 0 0 0 0 0 0 0 0 0 0 0 0 0 0 0 0 0 0 0 0 0 0 0 0 0 0 0 2 1 2 2 1
1 2 1 0 0 0 0 0 0 0 2 5 4 4 2 0 0 2 5 2 2 2 2 2 2 3 0 0 0 2 3 3 4 3 2 3 3 3 3 4 3 4 5 4 5 5 5 6 5 5 4 5 4 4 6 5 6 9 17 21 19 19 22 28 33 34 28 24 14 11 5 3 1 1 2 1 0 0 0 0 0 0 0 0 0 0 0 1 2 2 2 3 2 2 2 2 2 2 2 2 2 2 0 0 0 2 1 2 1 2 0 3 2 2 0 0 0 0 0 0 0 0 0 2 0 0 2 1 0 2 2 2 4 3 7 25 70 207 250 248 117 23 12 4 4 1 0 2 1 2 2 2 2 1 0 0 0 0 0 0 1 2 2 2 2 2 2 2 0 1 2 2 2 2 2 2 2 2 2 2 3 4 4 5 2 4 2 0 2 0 0 0 0 0 0 0 0 1 2 3 4 2 6 35 100 58 7 2 1 0 0 2 0 0 2 0 0 0 0 4 5 23 76 42 7 1 2 2 0 0 0 0 0 0 0 0 0 0 0 0 0 0 0 0 2 0 0 0 0 3 8 46 211 235 107 19 3 4 2 2 2 2 1 0 0 0 1 2 2 2 2 2 2 2 2 2 2 2 2 2 1 0 0 0 0 0 0 0 0 0 0 0 0 0 0 0 0 0 0 0 0 0 0 0 0 0 0 0 3 4 8 12 21 21 15 4 2 3 3 3 3 2 5 4 2 2 1 1 2 1 3 0 0 2 0 0 0 0 0 0 0 0 0 0 0 1 2 0 0 0 0 0 0 0 0 0 0 0 0 0 2 2 2 2 2 2 0 0 0 0 0 0 2 3 0 2 7 25 169 255 255 255 145 39 17 9 8 5 4 2 3 3 1 0 2 2 1 0 0 2 0 0 0 0 0 0 0 0 0 0 2 2 3 5 3 3 3 4 2 0 0 0 0 0 0 0 0 0 0 0 0 0 0 0 0 0 0 0 0 0 0 2 3 3 11 91 243 217 40 7 2 3 0 0 0 0 0 0 0 2 0 0 0 0 0 0 0 0 0 1 1 0 0 3 38 137 67 11 3 0 0 0 0 0 0 0 0 0 0 0 0 0 0 0 0 0 0 0 0 0 0 0 0 0 0 0 0 2 0 0 0 0
0 0 1 2 1 0 0 0 0 0 0 3 4 4 2 3 0 1 3 5 2 2 0 0 0 0 2 2 2 1 0 1 2 3 2 3 3 2 2 2 4 4 3 4 3 3 4 5 5 4 4 3 4 5 6 6 8 10 14 12 9 7 10 12 22 24 27 32 26 14 12 4 2 1 2 2 2 2 2 2 2 2 2 2 2 3 3 3 2 2 2 0 0 0 0 0 0 2 0 0 0 2 0 0 0 2 0 0 1 2 2 2 3 1 1 0 0 0 0 0 0 0 0 0 2 1 2 1 2 2 0 2 3 2 9 27 86 231 253 234 85 17 9 5 3 2 3 2 3 2 2 3 2 2 2 2 2 2 2 2 2 2 2 0 0 0 1 2 2 2 1 0 0 0 0 2 2 2 3 1 1 4 4 4 5 4 2 0 2 0 0 0 2 2 2 2 2 2 0 0 4 2 6 47 99 49 4 2 0 0 0 2 0 0 2 0 0 0 0 4 6 28 81 35 4 0 0 0 2 1 0 0 0 0 0 0 0 0 0 0 0 0 0 0 2 0 0 0 2 4 14 111 239 206 52 11 2 2 0 2 2 0 1 2 2 2 1 0 0 0 0 0 0 0 0 0 0 0 0 0 0 0 0 0 0 0 0 0 0 0 0 0 0 0 0 0 0 0 0 0 0 0 0 0 0 0 0 2 5 5 11 17 23 14 6 2 3 3 2 3 2 5 5 1 2 1 1 2 1 3 0 0 1 1 0 0 0 0 0 0 0 0 0 0 0 2 0 0 0 0 0 0 0 0 0 0 0 0 0 0 0 0 0 0 2 0 0 0 0 0 0 2 3 1 0 4 15 68 246 255 255 226 72 23 14 7 4 4 2 3 2 3 3 3 0 0 0 0 0 2 0 0 0 0 0 0 0 0 0 0 2 2 3 5 3 3 3 4 2 0 0 0 0 0 0 0 0 0 0 0 0 0 0 0 0 0 0 0 0 0 0 2 2 3 5 38 216 243 95 13 2 3 0 0 0 0 0 0 0 2 0 0 0 0 0 0 0 0 0 0 2 0 0 3 35 140 68 11 3 0 0 0 0 0 0 0 0 0 0 0 0 0 0 0 0 0 0 0 0 0 0 0 0 0 0 0 0 2 0 0 0 0
0 0 0 0 1 2 2 2 1 0 2 2 3 5 5 4 4 3 3 5 5 4 3 3 3 2 1 0 1 2 3 3 3 2 0 0 1 3 4 3 2 5 3 3 2 1 3 3 2 4 4 4 6 7 9 10 10 14 10 9 3 2 2 3 3 10 18 25 30 28 16 9 2 2 0 1 2 2 0 2 2 2 2 2 2 1 0 0 0 0 0 0 0 0 0 0 0 2 0 0 0 2 0 0 0 2 0 0 0 0 2 2 3 1 2 0 0 0 0 0 0 0 0 0 0 1 2 1 0 2 1 2 3 4 10 31 110 242 253 214 56 13 6 5 3 3 2 2 1 0 0 2 0 1 2 2 0 0 0 0 0 0 0 0 0 0 0 2 0 0 1 2 2 2 2 0 0 0 0 3 2 3 4 3 7 5 4 2 3 2 2 2 2 2 2 0 0 0 0 0 4 4 6 49 107 37 3 2 0 0 0 2 0 0 2 0 0 0 0 4 6 32 87 28 4 2 2 2 2 2 2 2 2 2 2 2 2 2 2 2 2 2 2 2 2 2 2 2 2 5 23 180 240 148 25 6 2 2 1 2 0 0 0 0 0 0 0 0 0 0 0 0 0 0 0 0 0 0 0 0 0 0 0 0 0 0 0 0 0 0 0 0 0 0 0 0 0 0 0 0 0 0 0 0 0 0 2 5 4 8 17 24 15 6 2 2 3 3 3 2 4 5 1 2 2 0 2 2 3 2 0 0 2 0 0 0 0 0 0 0 0 0 0 0 2 0 0 0 0 0 0 0 0 0 0 0 0 0 0 0 0 0 0 0 2 0 0 0 0 0 0 2 3 0 2 9 30 158 255 255 255 146 40 17 9 5 3 4 3 2 2 0 0 2 0 0 0 0 1 1 0 0 0 0 0 0 0 0 0 0 2 2 3 5 3 3 3 4 2 0 0 0 0 0 0 0 0 0 0 0 0 0 0 0 0 0 0 0 0 0 0 0 2 3 4 17 157 247 175 24 4 3 1 0 0 0 0 0 0 2 0 0 0 0 0 0 0 0 0 0 2 0 0 3 34 136 72 11 3 0 0 0 0 0 0 0 0 0 0 0 0 0 0 0 0 0 0 0 0 0 0 0 0 0 0 0 0 0 2 0 0 0
0 0 0 0 0 0 0 0 1 3 1 0 0 2 5 6 6 5 5 4 5 4 3 3 1 2 2 3 3 3 2 3 3 3 3 2 2 3 2 3 3 4 5 5 3 3 3 3 4 2 2 4 10 11 11 10 9 7 6 5 1 1 3 3 2 2 5 14 27 32 25 14 4 1 1 0 0 0 0 0 0 0 0 0 0 0 0 1 0 0 0 0 0 0 0 0 1 1 0 0 0 2 0 0 0 2 0 0 0 0 0 2 3 2 1 1 0 0 0 0 0 0 0 0 0 0 2 2 1 3 1 2 3 5 11 31 141 248 251 192 46 12 5 5 2 0 0 0 0 0 0 2 0 0 0 0 2 2 2 2 1 0 0 0 0 0 0 0 2 0 0 0 0 0 0 0 0 0 0 1 1 2 5 2 4 7 4 2 2 0 0 0 0 0 0 0 0 0 0 0 4 5 7 55 106 31 2 3 2 2 2 2 2 2 2 2 2 2 2 5 9 34 88 25 3 0 0 0 0 0 0 0 0 0 0 0 0 0 0 0 0 0 0 0 2 0 0 0 3 9 50 227 231 85 13 4 2 2 2 1 0 0 0 0 0 0 0 0 0 0 0 0 0 0 0 0 0 0 0 0 0 0 0 0 0 0 0 0 0 0 0 0 0 0 0 0 0 0 0 0 0 0 0 0 0 0 4 5 8 14 25 16 7 3 2 3 3 3 2 3 5 2 1 2 0 2 1 3 2 0 0 2 0 0 0 0 0 0 0 0 0 0 0 1 1 0 0 0 0 0 0 0 0 0 0 0 0 0 0 0 0 0 0 0 2 0 0 0 0 0 2 2 2 0 6 17 73 246 255 255 233 80 22 14 6 3 3 2 3 0 2 0 0 2 2 0 0 0 2 0 0 0 0 0 0 0 0 0 0 0 2 2 2 4 3 2 3 4 2 0 0 0 0 0 0 0 0 0 0 0 0 0 0 0 0 0 0 0 0 0 0 0 2 3 2 10 81 240 226 45 9 1 3 0 0 0 0 0 0 2 0 0 0 0 0 0 0 0 0 0 2 0 0 2 34 133 76 10 3 0 0 0 0 0 0 0 0 0 0 0 0 0 0 0 0 0 0 0 0 0 0 0 0 0 0 0 0 0 2 0 0 0
0 0 0 0 0 0 0 0 0 0 1 1 0 0 0 0 3 5 5 7 8 7 5 3 2 2 3 1 1 2 2 2 3 2 3 4 4 3 3 3 4 3 3 4 3 5 7 7 4 4 6 10 9 6 5 3 3 5 5 5 3 2 2 2 1 2 3 5 17 29 34 21 10 0 2 0 0 0 0 0 0 0 0 0 0 0 0 2 2 0 2 2 0 0 0 0 2 0 0 0 0 2 0 0 0 2 0 0 0 0 0 1 2 3 2 2 0 0 0 0 0 0 0 0 0 0 1 1 2 2 2 2 3 5 13 41 162 251 251 153 36 11 5 4 0 0 0 0 0 0 0 2 0 0 0 0 0 0 0 0 1 2 2 2 0 0 0 0 2 0 0 0 0 0 0 0 0 0 0 2 2 2 5 2 3 8 4 2 2 2 2 1 0 0 0 0 1 2 2 2 4 5 12 63 105 23 2 2 0 0 0 2 0 0 0 0 2 0 2 4 10 45 78 18 3 0 0 0 0 0 0 0 0 0 0 0 0 0 0 0 0 0 0 0 2 0 0 1 3 13 120 243 196 35 10 2 2 2 2 0 0 0 0 0 0 0 0 0 0 0 0 0 0 0 0 0 0 0 0 0 0 0 0 0 0 0 0 0 0 0 0 0 0 0 0 0 0 0 0 0 0 0 0 0 0 3 5 8 11 24 17 9 4 2 2 4 3 2 3 5 2 1 2 0 2 0 3 2 1 0 2 0 0 0 0 0 0 0 0 0 0 2 2 1 0 0 0 0 0 0 0 0 0 0 0 0 0 0 0 0 0 0 0 0 2 0 0 0 0 0 2 2 0 2 12 36 171 255 255 255 149 34 17 8 4 3 3 2 1 2 0 0 0 0 2 0 0 0 2 0 0 0 0 0 0 0 0 0 0 0 2 2 2 4 3 2 3 4 2 0 0 0 0 0 0 0 0 0 0 0 0 0 0 0 0 0 0 0 0 0 0 0 0 2 2 5 30 217 243 100 15 2 3 0 0 0 0 0 0 1 1 0 0 0 0 0 0 0 0 0 2 0 0 2 32 131 80 10 3 0 0 0 0 0 0 0 0 0 0 0 0 0 0 0 0 0 0 0 0 0 0 0 0 0 0 0 0 0 2 0 0 0
0 0 0 0 0 0 0 0 0 0 0 1 2 0 0 0 0 0 0 1 2 6 9 7 4 3 0 2 2 2 1 2 2 2 3 3 3 3 3 4 4 5 4 8 8 8 7 5 6 10 12 8 4 3 0 2 3 3 4 4 0 3 3 3 2 1 2 3 8 24 38 28 14 4 1 1 0 0 0 0 0 0 0 0 0 0 2 0 2 2 2 2 3 3 2 3 3 1 0 0 0 2 0 0 0 2 0 0 0 0 0 0 1 3 3 3 2 2 2 2 0 0 0 0 0 2 2 3 2 3 4 4 7 12 21 57 190 251 251 122 27 9 5 2 0 0 0 0 0 0 1 1 0 0 0 0 0 0 0 0 0 0 0 0 2 2 2 2 2 2 2 2 2 2 2 2 2 2 2 0 2 0 5 0 3 7 4 2 2 0 0 1 2 2 2 2 1 0 0 2 3 5 14 75 95 16 0 2 0 0 1 1 0 0 0 0 1 0 3 4 10 61 65 13 3 0 0 0 0 0 0 0 0 0 0 0 0 0 0 0 0 0 0 0 2 0 0 2 5 22 195 240 135 24 6 2 2 2 0 0 0 0 0 0 0 0 0 0 0 0 0 0 0 0 0 0 0 0 0 0 0 0 0 0 0 0 0 0 0 0 0 0 0 0 0 0 0 0 0 0 0 0 0 0 2 5 5 11 21 22 10 3 2 2 4 3 2 3 6 2 0 2 1 2 1 3 2 1 0 1 1 0 0 0 0 2 2 2 2 2 2 0 0 0 0 0 0 0 0 0 0 0 0 0 0 0 0 0 0 0 0 0 0 0 2 0 0 0 0 2 3 1 0 9 22 100 252 255 255 226 76 22 12 6 3 3 3 2 0 2 0 0 0 0 2 0 0 2 0 0 0 0 0 0 0 0 0 0 0 0 2 2 2 4 3 2 4 4 0 0 0 0 0 0 0 0 0 0 0 0 0 0 0 0 0 0 0 0 0 0 0 0 0 1 3 3 16 151 246 182 27 5 3 1 0 0 0 0 0 0 2 0 0 0 0 0 0 0 0 0 2 0 0 2 32 130 82 12 3 0 0 0 0 0 0 0 0 0 0 0 0 0 0 0 0 0 0 0 0 0 0 0 0 0 0 0 0 0 2 0 0 0
0 0 0 0 0 0 0 0 0 0 0 0 0 2 1 0 0 0 0 0 0 0 3 6 7 6 3 2 0 0 3 3 3 4 4 3 4 5 6 7 8 8 8 5 6 7 8 10 11 8 4 5 5 3 3 4 4 5 4 3 2 2 1 2 3 3 1 2 5 17 35 36 19 6 0 2 0 0 0 0 0 0 0 0 0 0 2 2 3 2 2 2 2 2 3 2 2 3 3 2 2 2 2 2 2 2 0 0 0 0 0 0 2 3 4 4 5 5 5 5 6 5 4 4 4 4 4 7 8 7 8 10 17 19 28 78 202 251 248 100 24 6 5 2 0 0 0 0 0 0 2 0 0 0 0 0 0 0 0 0 0 0 0 0 0 0 0 1 1 0 0 0 0 0 0 0 0 0 0 0 2 0 5 0 3 7 4 2 1 0 0 0 0 0 0 0 0 0 0 2 3 5 18 91 81 10 2 2 0 0 2 0 0 0 0 0 0 0 3 4 11 74 56 10 2 0 0 0 0 0 0 0 0 0 0 0 0 0 0 0 0 0 0 1 1 0 0 2 8 51 229 231 79 13 4 2 2 2 0 0 0 0 0 0 0 0 0 0 0 0 0 0 0 0 0 0 0 0 0 0 0 0 0 0 0 0 0 0 0 0 0 0 0 0 0 0 0 0 0 0 0 0 0 2 4 5 8 19 25 12 4 2 2 4 2 3 2 6 2 0 2 1 2 1 2 4 0 0 1 1 0 0 0 1 2 0 0 0 0 0 0 0 0 0 0 0 0 0 0 0 0 0 0 0 0 0 0 0 0 0 0 0 0 0 2 0 0 0 1 2 2 2 7 15 52 203 255 255 254 144 34 17 6 5 3 2 2 0 1 1 0 0 0 2 2 0 0 2 0 0 0 0 0 0 0 0 0 0 0 0 2 2 2 4 3 2 4 4 0 0 0 0 0 0 0 0 0 0 0 0 0 0 0 0 0 0 0 0 0 0 0 0 0 0 3 2 8 71 239 229 49 10 2 2 0 0 0 0 0 0 2 0 0 0 0 0 0 0 0 0 1 1 0 2 31 128 88 12 3 0 0 0 0 0 0 0 0 0 0 0 0 0 0 0 0 0 0 0 0 0 0 0 0 0 0 0 0 0 2 0 0 0
0 0 0 0 0 0 0 0 0 0 0 0 0 0 1 2 1 0 0 0 0 0 0 2 4 7 6 4 0 3 4 3 3 3 4 7 7 8 8 8 7 9 9 10 8 6 4 4 3 2 3 4 4 3 3 3 3 5 2 2 2 0 0 0 2 2 3 1 2 10 25 44 25 10 2 1 1 0 0 0 0 0 0 0 0 2 3 1 3 2 2 2 2 2 2 2 4 2 1 2 3 3 3 2 2 3 2 2 2 2 2 2 2 4 4 4 3 3 4 3 3 4 5 7 7 8 9 11 13 14 17 20 22 27 33 84 216 254 243 71 22 6 4 2 0 0 0 0 0 0 2 0 0 0 0 0 0 0 0 0 0 0 0 0 0 0 0 2 0 0 0 0 0 0 0 0 0 0 0 0 2 0 4 1 3 7 4 2 0 0 0 0 0 0 0 0 0 0 0 2 3 5 25 101 62 8 2 1 0 0 2 0 0 0 0 0 0 0 3 4 15 80 50 7 2 0 0 0 0 0 0 0 0 0 0 0 0 0 0 0 0 0 0 2 0 0 1 3 11 106 241 209 39 8 4 2 2 1 0 0 0 0 0 0 0 0 0 0 0 0 0 0 0 0 0 0 0 0 0 0 0 0 0 0 0 0 0 0 0 0 0 0 0 0 0 0 0 0 0 0 0 0 0 3 5 9 15 25 15 5 2 3 4 2 3 1 6 3 0 2 2 2 2 1 4 1 0 1 1 0 0 0 1 1 0 0 0 0 0 0 0 0 0 0 0 0 0 0 0 0 0 0 0 0 0 0 0 0 0 0 0 0 0 1 1 0 0 0 2 3 2 4 12 30 136 255 255 255 201 63 19 11 6 3 3 3 0 0 2 0 0 0 0 0 2 0 0 2 0 0 0 0 0 0 0 0 0 0 0 0 2 2 3 4 2 2 4 4 0 0 0 0 0 0 0 0 0 0 0 0 0 0 0 0 0 0 0 0 0 0 0 0 0 0 2 2 5 27 212 244 106 18 4 2 0 0 0 0 0 0 2 0 0 0 0 0 0 0 0 0 0 2 0 2 29 129 88 12 3 0 0 0 0 0 0 0 0 0 0 0 0 0 0 0 0 0 0 0 0 0 0 0 0 0 0 0 0 0 2 0 0 0
0 0 0 0 0 0 0 0 0 0 0 0 0 0 0 0 1 2 1 0 0 0 0 0 2 4 7 8 6 3 3 4 6 6 8 8 9 9 8 8 6 5 3 4 4 4 5 3 3 3 3 3 0 0 0 0 3 3 4 3 0 0 0 2 1 0 3 2 2 7 22 45 29 12 4 2 2 2 0 0 0 0 0 0 0 2 2 2 2 2 2 1 0 0 0 0 2 2 3 3 2 3 3 3 3 4 4 4 5 5 5 5 5 5 4 5 5 7 6 7 6 6 6 6 7 12 15 19 22 23 26 26 24 25 30 88 232 254 232 58 17 5 4 0 0 0 0 0 0 0 2 0 0 0 0 0 0 0 0 0 0 0 0 0 0 0 1 1 0 0 0 0 0 0 0 0 0 0 0 0 0 2 4 2 3 7 4 2 0 0 0 0 0 0 0 0 0 0 0 2 3 5 34 101 48 5 2 0 0 1 1 0 0 0 0 0 0 0 3 5 19 87 41 5 2 0 0 0 0 0 0 0 0 0 0 0 0 0 0 0 0 0 0 2 0 0 2 3 16 152 246 166 27 6 4 1 2 0 0 0 0 0 0 0 0 0 0 0 0 0 0 0 0 0 0 0 0 0 0 0 0 0 0 0 0 0 0 0 0 0 0 0 0 0 0 0 0 0 0 0 0 0 3 4 8 11 29 17 6 2 3 3 3 3 1 6 3 1 1 2 1 2 1 3 2 0 0 2 0 0 2 2 1 0 0 0 0 0 0 0 0 0 0 0 0 0 0 0 0 0 0 0 0 0 0 0 0 0 0 0 0 0 0 2 0 0 0 2 3 2 2 8 19 89 241 255 255 241 114 31 14 6 4 2 2 2 0 0 2 0 0 0 0 0 0 0 0 2 0 0 0 0 0 0 0 0 0 0 0 0 2 2 3 4 2 2 4 4 0 0 0 0 0 0 0 0 0 0 0 0 0 0 0 0 0 0 0 0 0 0 0 0 0 0 2 2 3 15 142 246 189 25 5 3 1 0 0 0 0 0 2 0 0 0 0 0 0 0 0 0 0 2 0 3 29 131 83 12 3 0 0 0 0 0 0 0 0 0 0 0 0 0 0 0 0 0 0 0 0 0 0 0 0 0 0 0 0 0 2 0 0 0
0 0 0 0 0 0 0 0 0 0 0 0 0 0 0 0 0 0 1 1 0 0 2 2 2 4 6 9 9 7 5 6 7 10 9 7 5 3 3 3 4 3 3 5 6 5 4 3 3 3 3 0 0 0 0 0 2 2 3 0 2 3 3 2 2 2 2 3 2 5 21 41 31 14 7 2 0 2 2 2 1 0 0 0 0 2 3 2 0 2 0 0 0 0 0 0 2 0 0 0 1 2 1 3 3 3 3 2 0 0 0 0 2 2 0 1 2 2 2 4 4 5 5 9 17 23 22 21 19 17 12 11 13 14 21 105 240 254 209 53 11 5 4 0 0 0 0 0 0 0 2 0 0 0 0 0 0 0 0 0 0 0 0 0 0 0 2 0 0 0 0 0 0 0 0 0 0 0 0 0 0 2 4 2 2 8 3 2 0 0 0 0 0 0 0 0 0 0 0 2 3 8 40 102 36 3 2 0 0 2 0 0 0 0 0 0 0 0 3 7 27 85 33 5 2 0 0 0 0 0 0 0 0 0 0 0 0 0 0 0 0 0 0 2 0 0 2 2 23 194 243 131 21 7 4 2 2 0 0 0 0 0 0 0 0 0 0 0 0 0 0 0 0 0 0 0 0 0 0 0 0 0 0 0 0 0 0 0 0 0 0 0 0 0 0 0 0 0 0 0 0 2 4 6 12 24 23 7 2 2 3 3 3 2 6 3 1 1 2 0 2 1 3 2 1 0 2 0 0 2 0 0 0 0 0 0 0 0 0 0 0 0 0 0 0 0 0 0 0 0 0 0 0 0 0 0 0 0 0 0 0 0 0 2 0 0 0 3 2 2 6 16 50 201 255 255 255 156 47 18 9 4 3 3 2 0 0 0 0 0 0 0 0 0 0 0 2 0 0 0 0 0 0 0 0 0 0 0 0 2 0 2 3 4 2 3 3 4 0 0 0 0 0 0 0 0 0 0 0 0 0 0 0 0 0 0 0 0 0 0 0 0 0 0 2 2 2 8 63 239 229 54 10 4 2 0 0 0 0 0 2 0 0 0 0 0 0 0 0 0 0 2 0 4 30 132 79 12 3 1 0 0 0 0 0 0 0 0 0 0 0 0 0 0 0 0 0 0 0 0 0 0 0 0 0 0 0 0 2 2 2 2
0 0 0 0 0 0 0 0 0 0 0 0 0 0 0 0 0 0 1 2 2 2 2 3 4 3 4 6 13 12 9 9 8 3 4 3 2 0 0 0 0 2 3 3 3 4 5 4 4 3 2 2 2 2 2 2 2 0 2 0 2 0 0 0 0 2 0 3 3 4 20 38 31 16 7 4 2 0 2 0 0 0 0 0 0 2 3 2 0 2 0 0 0 0 0 0 2 0 0 0 0 2 2 3 4 3 2 2 3 3 3 3 2 3 2 2 4 3 4 6 5 7 11 21 23 16 14 8 8 8 8 6 5 10 21 113 246 254 185 38 10 5 4 0 0 0 0 0 0 0 2 0 0 0 0 0 0 0 0 0 0 0 0 0 0 1 1 0 0 0 0 0 0 0 0 0 0 0 0 0 0 2 4 2 4 7 3 2 0 0 0 0 0 0 0 0 0 0 0 2 3 7 51 98 31 2 2 0 0 2 0 0 0 0 0 0 0 0 3 8 33 83 27 4 0 0 0 0 0 0 0 0 0 0 0 0 0 0 0 0 0 0 0 1 1 1 3 4 28 209 240 117 18 6 3 2 2 0 0 0 0 0 0 0 0 0 0 0 0 0 0 0 0 0 0 0 0 0 0 0 0 0 0 0 0 0 0 0 0 0 0 0 0 0 0 0 0 0 0 0 2 3 5 11 17 30 10 3 2 3 4 3 1 6 4 1 1 2 1 2 0 2 3 1 0 1 1 0 2 0 0 0 0 0 0 0 0 0 0 0 0 0 0 0 0 0 0 0 0 0 0 0 0 0 0 0 0 0 0 0 0 0 0 2 0 0 2 3 2 3 13 32 146 255 255 255 210 78 23 13 6 2 3 3 2 0 0 0 0 0 0 0 0 0 0 0 2 0 0 0 0 0 0 0 0 0 0 0 0 2 0 2 3 4 2 3 3 4 0 0 0 0 0 0 0 0 0 0 0 0 0 0 0 0 0 0 0 0 0 0 0 0 0 0 0 2 2 5 27 204 246 117 17 4 4 2 2 2 2 2 2 2 2 2 2 2 2 2 2 2 2 2 2 5 34 131 76 13 4 2 2 2 2 2 2 2 2 2 2 2 3 3 3 3 2 2 2 2 2 2 2 2 2 2 2 2 2 2 2 2 2 3
2 2 2 1 0 0 0 0 0 0 0 0 0 0 0 0 1 2 1 1 3 4 4 4 3 6 9 13 14 14 12 6 4 3 1 0 0 0 0 0 0 0 0 0 0 0 0 3 2 1 1 2 0 0 1 2 2 2 2 2 0 0 0 0 0 0 2 2 4 5 18 38 26 17 10 7 2 2 1 2 0 0 0 0 0 2 2 2 0 2 0 0 0 0 0 0 2 0 0 0 0 2 1 3 4 2 0 0 0 0 0 0 0 1 1 2 5 6 8 8 12 18 21 19 12 7 4 4 5 3 3 4 4 11 24 127 248 254 160 27 10 5 3 0 0 0 0 0 0 0 2 0 0 0 0 0 0 0 0 0 0 0 0 0 0 0 2 0 0 0 0 0 0 0 0 0 0 0 0 0 0 2 2 4 5 7 2 2 0 0 0 0 0 0 0 0 0 0 0 2 4 8 60 95 24 2 2 0 1 1 0 0 0 0 0 0 0 1 3 8 44 75 22 4 0 0 0 0 0 0 0 0 0 0 0 0 0 0 0 0 0 0 0 0 2 2 2 4 31 206 239 121 17 8 2 3 2 0 0 0 0 0 0 0 0 0 0 0 0 0 0 0 0 0 0 0 0 0 0 0 0 0 0 0 0 0 0 0 0 0 0 0 0 0 0 0 0 0 0 0 3 4 10 14 28 15 4 2 2 4 3 2 6 4 0 1 2 1 2 1 1 4 2 0 0 2 0 1 1 0 0 0 0 0 0 0 0 0 0 0 0 0 0 0 0 0 0 0 0 0 0 0 0 0 0 0 0 0 0 0 0 0 0 2 0 2 3 2 2 9 23 97 247 255 255 241 114 34 17 8 5 2 3 2 0 0 0 0 0 0 0 0 0 0 0 0 2 0 0 0 0 0 0 0 0 0 0 0 0 2 0 2 3 4 2 3 3 4 0 0 0 0 0 0 0 0 0 0 0 0 0 0 0 0 0 0 0 0 0 0 0 0 0 0 0 2 0 4 12 133 247 191 30 5 4 2 0 0 0 0 2 0 0 0 0 0 0 0 0 0 2 2 2 5 34 136 71 12 5 5 3 2 4 5 8 8 8 9 9 9 9 9 8 7 8 7 7 6 6 6 5 5 5 5 5 4 3 3 6 8 14 17
0 0 0 1 2 2 0 1 0 0 0 0 0 0 2 2 2 3 3 3 5 4 4 8 11 13 15 17 18 18 13 9 4 3 2 0 0 0 0 0 0 0 0 0 0 0 0 0 3 2 2 0 0 0 0 0 0 0 0 0 0 0 0 0 0 0 2 2 4 6 20 36 23 14 10 9 7 2 1 2 2 0 0 0 0 2 2 2 0 2 0 0 0 0 0 0 2 0 0 0 0 2 0 3 4 2 0 0 0 0 0 0 0 2 3 7 10 14 19 26 26 20 15 11 11 8 7 5 3 4 4 6 4 10 32 150 251 251 126 22 11 3 2 0 0 0 0 0 1 1 2 0 0 0 0 0 0 0 0 0 0 0 0 0 0 0 0 2 0 0 0 0 0 0 0 0 0 0 0 0 0 2 2 4 5 7 2 2 0 0 0 0 0 0 0 0 0 0 1 2 4 11 69 93 15 2 2 0 2 0 0 0 0 0 0 0 0 2 3 10 56 70 14 4 0 0 0 0 0 0 0 0 0 0 0 0 0 0 0 0 0 0 0 0 1 2 3 3 27 194 239 145 23 8 3 2 2 0 0 0 0 0 0 0 0 0 0 0 0 0 0 0 0 0 0 0 0 0 0 0 0 0 0 0 0 0 0 0 0 0 0 0 0 0 0 0 0 0 0 2 3 8 13 26 19 5 2 2 4 3 2 5 5 1 1 2 1 2 2 2 4 2 0 0 2 0 0 2 0 0 0 0 0 0 0 0 0 0 0 0 0 0 0 0 0 0 0 0 0 0 0 0 0 0 0 0 0 0 0 0 0 0 0 2 2 4 2 0 8 17 58 218 255 255 254 150 49 18 10 5 0 3 3 1 0 0 0 0 0 0 0 0 0 0 0 0 2 0 0 0 0 0 0 0 0 0 0 0 0 2 0 2 3 4 2 3 4 3 0 0 0 0 0 0 0 0 0 0 0 0 0 0 0 0 0 0 0 0 0 0 0 0 0 0 0 1 2 2 6 65 234 234 59 10 2 3 0 0 0 0 2 0 0 0 0 0 1 2 2 2 2 2 3 8 40 140 65 18 13 14 15 17 20 24 25 31 37 43 48 49 48 46 43 41 37 35 33 28 26 25 24 23 20 18 19 22 25 25 26 30 37 58
2 2 2 0 0 0 2 3 3 3 2 2 2 2 1 2 2 2 2 4 4 9 13 16 16 14 13 9 9 6 9 13 10 4 2 2 1 0 0 0 0 0 0 1 2 2 2 2 1 2 2 0 0 0 0 0 0 0 0 0 0 0 0 0 0 0 0 4 3 6 23 36 18 7 10 10 10 7 2 0 2 2 1 0 0 2 3 2 1 1 0 0 0 0 0 0 2 0 0 0 0 2 0 2 5 2 0 0 0 0 2 2 2 3 8 14 22 29 31 23 20 17 16 14 10 10 9 10 9 8 7 9 7 12 41 173 251 251 105 21 9 4 2 0 0 0 0 2 1 3 1 0 0 0 0 0 0 0 0 0 0 0 0 0 0 0 0 2 0 0 0 0 0 0 0 0 0 0 0 0 1 1 3 3 5 7 3 2 0 0 0 0 0 0 0 0 0 0 2 2 4 15 86 75 12 2 2 0 2 0 0 0 0 0 0 0 0 2 3 12 64 65 11 2 0 0 0 0 0 0 0 0 0 0 0 0 0 0 0 0 0 0 0 0 0 3 3 2 22 164 239 169 34 8 3 3 2 0 0 0 0 0 0 0 0 0 0 0 0 0 0 0 0 0 0 0 0 0 0 0 0 0 0 0 0 0 0 0 0 0 0 0 0 0 0 0 0 0 0 4 4 13 21 26 7 3 2 4 3 2 5 5 2 1 1 2 2 2 2 3 2 0 0 2 0 0 1 1 0 0 0 0 0 0 0 0 0 0 0 0 0 0 0 0 0 0 0 0 0 0 0 0 0 0 0 0 0 0 0 0 0 0 2 3 3 1 2 5 12 39 178 255 255 255 196 69 22 13 6 2 3 4 2 0 0 0 0 0 0 0 0 0 0 0 0 0 2 0 0 0 0 0 0 0 0 0 0 0 0 2 2 1 3 4 2 3 4 2 0 0 0 0 0 0 0 0 0 0 0 0 0 0 0 0 0 0 0 0 0 0 0 0 0 0 0 0 2 3 5 25 197 249 124 15 3 3 2 0 0 2 2 2 2 2 3 4 4 5 6 8 12 14 17 24 75 153 82 52 51 59 72 87 98 113 121 127 131 145 150 150 148 148 147 147 141 136 128 124 122 116 111 106 100 98 92 87 90 102 113 121 129 136
2 2 2 3 3 2 2 0 1 2 3 1 2 3 3 2 2 3 7 8 11 13 17 11 9 5 4 4 3 3 3 6 10 9 5 2 1 1 0 0 1 2 2 1 0 0 0 0 0 0 2 2 1 0 0 0 0 0 0 0 0 0 0 0 0 0 0 2 5 8 26 34 17 5 2 9 11 11 8 2 0 2 2 1 0 2 3 2 2 0 0 0 0 0 0 0 2 0 0 0 0 2 0 0 5 3 0 0 2 2 0 2 5 9 16 26 30 21 13 10 9 8 7 9 8 7 6 7 9 8 10 12 10 17 46 202 254 248 82 19 7 4 0 0 0 0 0 2 0 3 0 0 0 0 0 0 0 0 0 0 0 0 0 0 0 0 0 2 0 0 0 0 0 0 0 0 0 0 0 0 2 0 3 4 4 7 3 2 0 0 0 0 0 0 0 0 0 0 2 2 5 24 89 65 9 2 2 1 1 0 0 0 0 0 0 0 0 2 5 15 75 52 9 2 0 0 0 0 0 0 0 0 0 0 0 0 0 0 0 0 0 0 0 0 0 3 2 2 17 126 231 206 53 10 3 2 3 0 0 0 0 0 0 0 0 0 0 0 0 0 0 0 0 0 0 0 0 0 0 0 0 0 0 0 0 0 0 0 0 0 0 0 0 0 0 0 0 0 3 4 10 18 31 10 4 2 4 3 2 5 5 2 1 1 2 1 2 2 2 3 0 0 1 1 0 0 2 0 0 0 0 0 0 0 0 0 0 0 0 0 0 0 0 0 0 0 0 0 0 0 0 0 0 0 0 0 0 0 0 0 2 2 2 3 2 2 4 11 30 124 254 255 255 226 95 28 15 8 5 3 2 3 0 0 0 0 0 0 0 0 0 0 0 0 0 0 2 0 0 0 0 0 0 0 0 0 0 0 0 2 2 0 3 4 2 3 4 2 0 0 0 0 0 0 0 0 0 0 0 0 0 0 0 0 0 0 0 0 0 0 0 0 0 0 0 0 2 0 5 13 118 247 201 30 6 4 3 3 3 4 6 8 11 15 16 19 23 27 33 43 52 71 79 105 149 168 144 135 145 150 158 164 171 171 172 174 176 169 165 167 174 183 187 189 190 190 194 194 190 187 187 185 185 183 181 181 179 179 182 183 180 170
3 2 2 2 2 1 2 0 2 3 4 5 5 4 4 4 7 9 8 13 15 13 6 6 4 4 1 2 2 2 2 3 7 12 8 6 2 1 2 2 1 0 0 0 0 0 0 0 0 0 0 2 2 2 0 0 0 0 0 0 0 0 0 0 0 0 0 2 3 9 32 28 16 4 2 2 7 10 11 8 2 0 1 2 1 2 2 2 2 1 2 1 0 0 0 0 2 0 0 0 0 2 0 0 5 3 1 2 2 3 4 5 8 20 29 25 13 8 7 8 7 7 8 6 6 6 7 7 7 8 9 9 11 15 63 214 254 243 66 18 8 5 2 0 0 2 2 2 2 2 0 0 0 0 0 0 0 0 0 0 0 0 0 0 0 0 0 2 0 0 0 0 0 0 0 0 0 0 0 0 2 2 2 4 6 5 2 2 0 0 0 0 0 0 0 0 0 0 2 2 5 34 93 53 7 1 2 2 0 0 0 0 0 0 0 0 0 2 6 19 74 50 6 2 0 0 0 0 0 0 0 0 0 0 0 0 0 0 0 0 0 0 0 0 0 2 4 0 8 89 217 225 97 12 6 2 3 0 0 0 0 0 0 0 0 0 0 0 0 0 0 0 0 0 0 0 0 0 0 0 0 0 0 0 0 0 0 0 0 0 0 0 0 0 0 0 0 2 3 8 15 30 17 4 3 4 3 2 4 5 2 1 1 2 0 2 1 2 3 2 0 1 1 0 0 2 0 0 0 0 0 0 0 0 0 0 0 0 0 0 0 0 0 0 0 0 0 0 0 0 0 0 0 0 0 0 0 0 2 2 0 1 2 3 2 1 9 25 80 236 255 255 247 129 37 16 11 6 2 2 3 0 0 0 0 0 0 0 0 0 0 0 0 0 0 0 2 0 0 0 0 0 0 0 0 0 0 0 0 2 2 0 4 3 2 3 3 2 0 0 0 0 0 0 0 0 0 0 0 0 0 0 0 0 0 0 0 0 0 0 0 0 0 0 0 0 0 2 3 6 55 229 239 84 20 15 17 23 25 28 40 48 56 66 82 99 119 129 139 153 167 171 187 194 196 182 180 169 164 160 149 137 129 118 113 101 83 73 70 77 74 77 74 75 80 89 93 100 110 118 126 130 133 138 147 148 143 137 129 116 102 80
3 5 3 2 1 4 4 5 5 4 4 4 6 7 9 10 10 16 15 15 10 5 4 2 2 2 0 2 2 2 0 1 3 6 11 9 7 3 1 2 0 0 0 0 0 0 0 0 0 0 0 0 2 0 2 0 0 0 0 0 0 0 0 0 0 0 0 2 4 11 35 26 14 4 0 1 2 5 10 12 13 3 0 1 2 2 3 2 2 1 0 1 2 2 2 2 2 1 0 0 0 2 0 0 4 4 2 3 4 4 7 15 28 28 20 10 5 3 3 2 3 3 2 2 2 2 3 3 4 5 5 5 7 15 72 232 254 227 58 16 5 4 0 2 2 0 2 0 2 2 0 0 0 0 0 0 0 0 0 0 0 0 0 0 0 0 0 2 0 0 0 0 0 0 0 0 0 0 0 0 2 2 2 5 7 3 2 2 0 0 0 0 0 0 0 0 0 0 2 2 5 41 97 46 3 0 2 2 0 0 0 0 0 0 0 0 0 2 6 27 75 40 4 2 0 0 0 0 0 0 0 0 0 0 0 0 0 0 0 0 0 0 0 0 0 2 3 1 7 46 198 233 138 21 7 2 3 2 0 0 0 0 0 0 0 0 0 0 0 0 0 0 0 0 0 0 0 0 0 0 0 0 0 0 0 0 0 0 0 0 0 0 0 0 0 0 1 3 7 11 27 23 5 2 4 3 3 3 6 3 0 2 2 0 2 1 3 4 2 0 0 2 0 0 1 1 0 0 0 0 0 0 0 0 0 0 0 0 0 0 0 0 0 0 0 0 0 0 0 0 0 0 0 0 0 2 2 2 0 0 2 1 3 2 1 8 18 49 206 255 255 254 165 53 21 14 3 4 2 2 3 0 0 0 0 0 0 0 0 0 0 0 0 0 0 0 2 0 0 0 0 0 0 0 0 0 0 0 0 2 2 2 4 3 2 3 3 2 0 0 0 0 0 0 0 0 0 0 0 0 0 0 0 0 0 0 0 0 0 0 0 0 0 0 0 1 0 2 3 5 23 182 244 182 103 88 98 113 126 140 149 167 173 182 187 191 189 193 194 188 180 176 165 156 126 108 95 94 85 71 64 48 38 29 18 14 13 12 11 20 37 17 13 10 10 10 13 15 18 19 19 21 24 27 28 29 29 24 18 13 8 7
8 6 7 8 8 7 6 5 3 4 4 6 8 12 15 16 16 14 13 6 3 2 2 2 2 0 2 3 2 2 0 0 2 3 5 11 10 7 4 0 2 1 0 0 0 0 0 0 0 0 0 0 0 2 0 2 1 0 0 0 0 0 0 0 0 0 1 2 4 15 35 24 11 4 0 2 0 1 4 9 9 14 7 2 2 2 4 3 2 0 0 0 0 0 0 0 1 2 2 2 2 2 2 2 6 6 3 4 7 15 24 30 24 17 9 5 4 3 2 2 1 0 0 0 0 2 1 1 0 2 3 3 4 15 92 240 254 200 48 18 10 6 5 4 3 4 3 3 3 4 4 4 4 4 4 3 2 2 2 0 0 0 0 0 0 0 0 2 0 0 0 0 0 0 0 0 0 0 0 0 2 2 2 5 8 3 1 2 0 0 0 0 0 0 0 0 0 0 2 3 6 48 104 30 2 0 2 2 2 2 1 0 0 0 0 0 2 3 7 36 78 34 4 2 2 0 0 0 0 0 0 0 0 0 0 0 0 0 0 0 0 0 0 0 0 3 2 2 4 25 154 234 186 38 10 2 3 0 2 0 0 0 0 0 0 0 0 0 0 0 0 0 0 0 0 0 0 0 0 0 0 0 0 0 0 0 0 0 0 0 0 0 0 0 0 0 3 4 11 21 30 7 3 3 4 3 3 5 4 2 2 3 0 2 2 2 4 2 2 0 1 1 0 0 2 0 0 0 0 0 0 0 0 0 0 0 0 0 0 0 0 0 0 0 0 0 0 0 0 0 0 0 1 2 2 0 0 0 0 2 0 3 2 2 5 15 36 158 255 255 255 206 72 23 15 5 5 1 2 3 0 0 0 0 0 0 0 0 0 0 0 0 0 0 0 0 2 0 0 0 0 0 0 0 0 0 0 0 0 2 2 2 4 3 2 3 4 2 0 0 0 0 0 0 0 0 0 0 0 0 0 0 0 0 0 0 0 0 0 0 0 0 0 0 2 2 3 4 5 7 13 103 237 231 197 184 195 191 186 184 187 182 175 170 164 158 151 133 124 116 108 88 71 53 40 29 18 14 11 10 7 7 5 4 3 3 2 2 5 14 35 11 3 2 2 3 4 4 3 2 2 2 2 2 2 2 3 3 2 2 2 2
11 9 8 8 9 9 9 12 15 18 21 19 19 16 14 12 11 5 2 1 0 1 2 1 0 2 2 3 3 3 2 2 1 1 2 4 10 8 7 4 1 1 1 0 0 0 0 0 0 0 0 0 0 2 2 0 1 2 0 0 0 0 0 0 0 0 2 2 5 18 32 24 10 4 0 2 0 0 0 3 9 11 9 8 3 3 4 3 0 0 0 0 0 0 0 0 0 2 0 0 2 3 3 2 4 4 5 15 19 21 23 17 14 9 5 3 0 0 2 1 0 0 0 0 2 1 2 0 1 2 3 3 4 18 113 246 254 170 38 16 6 4 3 4 4 3 2 2 3 2 2 2 2 2 2 2 3 2 2 3 3 0 0 0 0 0 1 1 0 0 0 0 0 0 0 0 0 0 0 0 2 2 3 4 8 2 0 2 0 0 0 0 0 0 0 0 0 0 2 3 9 59 99 21 3 0 2 2 0 0 1 2 2 2 2 2 2 3 9 40 78 27 4 2 2 2 2 2 0 0 0 0 0 0 0 0 0 0 0 0 0 0 0 0 0 1 3 3 4 14 108 221 218 78 12 3 3 1 1 1 0 0 0 0 0 0 0 0 0 0 0 0 0 0 0 0 0 0 0 0 0 0 2 0 0 0 0 0 0 0 0 0 0 0 0 2 2 11 13 35 12 4 3 4 3 3 5 4 0 2 2 3 2 2 0 4 3 3 0 0 2 0 0 2 0 0 0 0 0 0 0 0 0 0 0 0 0 0 0 0 0 0 0 0 0 0 0 0 0 0 0 2 1 0 0 0 0 0 1 1 2 2 2 3 13 30 114 249 255 255 234 106 29 16 7 3 3 1 3 2 0 0 0 0 0 0 0 0 0 0 0 0 0 0 0 0 2 0 0 0 0 0 0 0 0 0 0 0 0 2 2 2 4 3 2 4 4 1 0 0 0 0 0 0 0 0 0 0 0 0 0 0 0 0 0 0 0 0 0 0 0 0 1 2 2 4 7 7 8 10 14 55 205 239 196 171 151 147 142 133 122 105 92 80 67 52 38 33 27 19 17 15 13 8 7 6 6 6 5 4 4 3 3 3 3 2 2 2 5 14 34 11 2 2 2 1 0 0 0 2 2 2 2 2 2 2 2 2 2 2 1 0
14 17 19 20 20 23 26 25 21 19 16 17 13 12 8 6 3 2 0 0 0 0 0 1 2 0 0 2 2 2 2 2 2 2 2 2 4 9 9 6 5 2 2 2 1 0 0 0 0 0 0 0 0 0 2 0 0 0 2 0 0 0 0 0 0 0 2 2 7 20 31 24 8 3 0 2 0 0 0 0 2 7 13 10 7 6 5 3 2 2 2 2 2 2 2 2 2 2 2 3 3 3 2 2 4 6 11 20 17 21 16 13 8 4 2 0 2 2 1 0 0 2 2 2 2 1 2 2 2 2 3 3 7 19 135 249 254 148 29 15 5 2 2 2 2 2 2 2 2 0 0 0 0 1 2 2 2 2 3 3 2 2 2 0 0 0 2 0 0 0 0 0 0 0 0 0 0 0 0 0 2 2 4 5 8 2 1 1 0 0 0 0 0 0 0 0 0 0 2 4 9 74 86 17 3 2 3 2 2 2 2 1 0 0 0 0 0 2 10 52 71 20 3 1 0 2 2 2 2 2 2 1 0 0 0 0 0 0 0 0 0 0 0 0 0 0 3 2 3 7 53 197 234 132 20 5 2 2 0 2 0 0 0 0 0 0 0 0 0 0 0 0 0 0 0 0 0 0 0 0 0 0 2 1 1 1 2 0 0 0 0 0 0 0 1 3 8 12 32 19 4 3 4 3 3 4 5 0 1 3 2 2 2 2 2 7 2 3 0 2 0 0 0 2 0 0 0 0 0 0 0 0 0 0 0 0 0 0 0 0 0 0 0 0 0 0 0 0 0 1 2 0 0 0 0 0 0 0 2 2 2 1 3 10 23 75 231 255 255 249 133 41 17 10 4 4 2 2 3 0 0 0 0 0 0 0 0 0 0 0 0 0 0 0 0 0 2 0 0 0 0 0 0 0 0 0 0 0 2 2 2 2 4 3 1 4 4 0 0 0 0 0 0 0 0 0 0 0 0 0 0 0 0 0 0 0 0 0 0 0 0 2 5 8 10 11 12 11 12 10 11 19 144 241 207 120 80 55 42 34 27 26 21 17 16 11 8 7 5 5 4 3 3 3 2 2 2 0 0 0 0 0 0 0 0 0 0 0 3 12 30 15 3 0 0 0 0 0 0 0 0 0 0 0 0 0 0 0 0 0 0 0
27 28 26 27 25 21 18 16 18 18 13 9 8 5 5 5 5 4 4 3 3 2 2 1 0 2 0 2 2 2 0 0 0 1 3 1 1 3 8 10 7 5 3 1 2 2 1 0 0 0 0 0 0 0 2 2 0 0 0 2 0 0 0 0 0 0 2 3 8 24 28 22 7 3 0 2 0 0 0 0 2 2 6 12 11 8 7 4 3 2 0 2 0 0 0 0 1 3 2 2 2 2 2 2 4 10 18 24 19 15 11 7 3 1 0 2 2 2 2 2 3 2 2 2 2 2 0 0 0 2 3 3 8 23 156 252 252 121 25 12 4 0 0 0 0 0 0 1 1 0 2 2 2 1 0 0 0 0 0 2 2 2 2 4 4 2 2 0 0 0 0 0 0 0 0 0 0 0 0 0 2 2 4 5 7 2 2 0 0 0 0 0 0 0 0 0 0 0 2 5 13 80 80 10 2 2 2 0 0 0 0 2 2 2 2 2 2 4 14 65 64 15 3 2 0 0 0 0 0 0 2 2 2 2 1 0 0 0 0 0 0 0 0 0 0 0 2 2 2 7 26 152 234 185 39 8 3 2 0 2 0 0 0 0 0 0 0 0 0 0 0 0 0 0 0 0 0 0 0 0 0 0 2 0 1 2 2 3 3 3 3 3 3 3 5 5 12 23 30 8 3 3 3 3 4 5 2 1 2 2 2 2 3 1 4 7 3 2 1 3 0 0 0 2 0 0 0 0 0 0 0 0 0 0 0 0 0 0 0 0 0 0 0 0 0 0 0 0 1 1 0 0 0 0 0 0 0 1 2 3 0 2 8 19 53 196 255 255 255 171 63 19 13 4 4 3 2 2 2 0 0 0 0 0 0 0 0 0 0 0 0 0 0 0 0 0 2 0 0 0 0 0 0 0 0 0 0 0 2 2 2 2 4 3 2 4 4 0 0 0 0 0 0 0 0 0 0 0 0 0 0 0 0 0 0 0 0 0 0 2 4 8 10 8 8 7 5 4 3 2 4 7 78 233 226 54 17 13 12 10 6 6 4 2 0 2 2 2 2 2 0 0 2 2 0 0 0 0 0 0 0 0 0 0 0 0 0 0 3 9 32 17 3 0 0 0 0 0 0 0 0 0 0 0 0 0 0 0 0 0 0 0
51 47 45 40 35 33 30 28 24 21 21 18 18 15 11 7 6 6 6 4 3 3 3 3 3 3 4 4 2 2 1 0 0 0 0 3 2 2 2 7 10 7 5 4 1 2 2 0 0 0 0 0 0 0 0 2 0 0 0 0 2 0 0 0 0 0 2 3 11 28 26 18 6 3 1 1 0 0 1 2 0 0 1 4 12 11 9 4 3 2 0 0 2 2 2 2 2 2 2 1 0 3 3 3 7 17 27 22 17 10 5 1 0 0 0 2 2 2 2 2 1 0 0 0 0 0 0 0 0 2 4 3 9 32 177 252 249 97 24 9 4 0 0 0 0 0 0 2 2 2 0 0 0 0 0 0 0 1 2 0 0 0 0 0 0 2 4 3 2 0 0 0 0 0 0 0 0 0 0 0 2 2 4 7 5 2 2 0 0 0 0 0 0 0 0 0 0 0 2 5 20 75 71 11 4 5 5 4 3 3 4 4 5 5 5 5 5 8 15 79 52 13 5 3 3 2 2 2 2 0 0 0 0 1 2 2 2 0 0 0 0 0 0 0 0 0 2 2 2 4 13 98 223 218 91 12 4 2 0 2 0 0 0 0 0 0 0 0 0 0 0 0 0 0 0 0 0 0 0 0 0 0 1 1 0 0 0 0 0 0 0 0 0 2 2 8 16 34 15 3 4 3 3 4 5 2 0 2 0 2 2 2 2 4 5 5 4 2 2 2 0 0 0 2 0 0 0 0 0 0 0 0 0 0 0 0 0 0 0 0 0 0 0 0 0 0 0 1 1 0 0 0 0 0 0 0 0 2 2 2 1 5 16 40 143 255 255 255 210 83 22 17 5 4 3 2 1 3 0 0 0 0 0 0 0 0 0 0 0 0 0 0 0 0 0 0 2 0 0 0 0 0 0 0 0 0 0 0 2 2 2 3 3 2 2 3 4 0 0 0 0 0 0 0 0 0 0 0 0 0 0 0 0 0 0 0 2 3 3 3 4 8 7 5 3 3 2 2 0 2 3 4 38 205 244 87 13 4 3 3 3 3 2 2 2 2 1 0 0 0 0 2 0 2 0 0 0 0 0 0 0 0 0 0 0 0 0 0 3 6 30 22 4 0 0 0 0 0 0 0 0 0 0 0 0 0 0 0 0 0 0 0
47 47 48 48 52 49 45 44 41 37 38 40 35 26 24 21 16 14 11 12 10 10 6 6 5 4 3 3 4 3 3 2 0 0 0 2 1 0 2 2 5 9 8 5 5 2 2 2 0 0 0 0 0 0 0 2 2 0 0 0 0 2 0 0 0 0 2 4 12 30 25 16 4 2 2 2 2 0 2 0 2 2 2 2 7 15 13 7 4 6 3 4 4 3 2 2 3 2 3 3 5 3 3 9 19 33 22 19 9 4 2 2 2 2 3 2 0 0 0 1 2 2 0 0 0 0 0 0 1 3 4 4 9 41 198 254 246 78 21 7 3 0 0 0 0 0 2 2 0 0 0 0 0 0 1 2 2 1 0 0 0 0 0 0 0 0 0 2 3 4 2 0 0 0 0 0 0 0 0 0 2 3 4 7 5 2 1 0 0 0 0 0 0 0 0 0 0 0 2 7 24 87 56 11 6 7 8 10 12 14 14 15 16 16 17 16 15 18 28 96 48 15 6 4 3 2 2 2 2 2 2 0 0 0 0 0 0 2 2 2 2 0 0 0 0 0 2 2 2 3 8 53 185 235 147 23 5 3 1 2 0 0 0 0 0 0 0 0 0 0 0 0 0 0 0 0 0 0 0 0 0 0 0 2 2 2 2 2 2 2 2 2 2 3 6 14 27 26 4 3 3 3 4 5 3 0 2 0 0 2 2 2 4 4 6 5 4 4 2 2 0 0 1 1 0 0 0 0 0 0 0 0 0 0 0 0 0 0 0 0 0 0 0 0 0 0 2 1 0 0 0 1 0 0 0 0 1 2 2 2 3 12 32 108 249 255 255 239 111 34 18 8 4 3 3 1 3 1 0 0 0 0 0 0 0 0 0 0 0 0 0 0 0 0 0 0 2 0 0 0 0 0 0 0 0 0 0 0 2 2 1 4 2 2 2 3 4 0 0 0 0 0 0 0 0 0 0 0 0 0 0 0 0 0 0 0 2 3 3 2 8 7 5 3 2 1 0 2 0 2 2 4 14 131 249 160 23 4 2 0 0 2 0 0 0 0 0 0 0 0 0 2 0 2 0 0 0 0 0 0 0 0 0 0 0 0 0 0 2 5 27 26 4 0 0 0 0 0 0 0 0 0 0 0 0 0 0 0 0 0 0 0
24 22 24 27 30 34 38 37 43 49 49 44 44 49 40 37 32 29 27 26 23 19 17 14 10 9 10 8 7 5 4 4 4 3 2 2 2 2 0 0 2 4 9 7 4 4 2 3 2 1 0 0 0 0 0 0 2 0 0 0 0 0 2 0 0 2 1 6 16 31 22 15 5 3 2 0 0 2 2 2 2 2 2 3 4 10 12 14 13 11 11 10 8 7 9 9 10 12 12 13 16 18 25 30 34 24 16 13 4 2 0 2 2 2 0 0 0 0 0 0 0 0 2 2 2 0 0 1 2 2 3 5 9 52 212 254 235 63 18 6 3 0 0 0 2 2 2 0 0 0 0 1 2 2 1 0 0 0 0 0 0 0 0 0 0 0 0 2 0 0 2 0 0 0 0 0 0 0 0 0 2 2 4 5 6 2 0 0 0 0 0 0 0 0 0 0 0 0 3 6 28 79 41 18 18 19 16 15 14 13 14 11 10 9 8 9 10 16 33 99 37 12 15 15 13 9 5 4 2 2 3 3 2 2 0 0 0 0 0 0 1 2 2 2 2 1 2 0 2 3 6 23 134 232 198 50 9 2 2 2 0 0 0 0 0 0 0 0 0 0 0 0 0 0 0 0 0 0 0 0 0 0 0 0 0 0 0 0 0 0 0 0 2 3 12 21 32 9 4 3 3 4 4 4 0 2 1 0 0 2 2 3 5 4 6 7 4 4 2 0 0 0 2 0 0 0 0 0 0 0 0 0 0 0 0 0 0 0 0 0 0 0 0 0 1 2 0 0 0 0 0 2 0 0 0 1 1 3 2 2 8 21 79 226 255 255 252 139 50 18 10 5 3 3 2 2 2 0 0 0 0 0 0 0 0 0 0 0 0 0 0 0 0 0 0 0 2 0 0 0 0 0 0 0 0 0 0 0 2 2 0 4 3 2 2 3 4 0 0 0 0 0 0 0 0 0 0 0 0 0 0 0 0 0 0 2 0 0 4 3 10 6 3 0 2 0 0 0 2 1 2 3 6 68 236 224 41 5 3 0 0 2 0 0 0 0 0 0 0 0 1 1 0 2 0 0 0 0 0 0 0 0 0 0 0 0 0 0 2 5 24 29 5 0 0 0 0 0 0 0 0 0 0 0 0 0 0 0 0 0 0 0
27 21 13 12 13 14 14 16 17 16 17 24 30 35 40 42 47 42 38 34 32 31 31 27 25 22 20 17 12 10 9 8 8 5 4 3 3 2 2 2 2 2 4 9 7 4 4 2 2 2 2 1 0 0 0 0 2 0 0 0 0 0 1 2 0 2 2 9 17 31 20 13 4 2 2 2 2 3 3 3 3 5 7 7 11 13 16 21 23 25 26 23 25 26 28 29 30 30 34 36 37 40 39 37 28 17 12 10 5 3 2 3 1 0 0 0 0 0 0 0 0 0 0 0 0 0 0 2 2 2 3 6 10 69 235 254 212 51 16 6 2 0 1 2 2 2 2 2 2 2 2 1 0 0 0 0 0 0 0 0 0 0 0 0 0 0 0 2 0 0 2 0 0 0 0 0 0 0 0 0 2 2 4 5 7 2 0 0 0 0 0 0 0 0 0 0 0 0 3 6 31 80 25 5 5 6 6 6 5 5 3 4 3 4 4 3 2 8 37 93 28 7 7 6 8 12 14 12 11 8 6 4 3 3 3 2 2 0 0 0 0 0 0 2 2 2 2 2 3 3 4 12 86 214 224 105 15 3 2 0 1 0 0 0 0 0 0 0 0 0 0 0 0 0 0 0 0 0 0 0 0 0 0 0 0 0 0 0 0 0 0 2 3 10 17 30 17 4 3 3 3 5 4 0 2 2 0 0 0 2 2 4 5 4 6 7 5 2 2 0 1 2 0 0 0 0 0 0 0 0 0 0 0 0 0 0 0 0 0 0 0 0 0 2 1 0 0 0 0 0 0 0 2 0 1 2 3 3 2 5 17 55 187 255 255 255 178 66 21 15 5 3 3 2 2 2 0 0 0 0 0 0 0 0 0 0 0 0 0 0 0 0 0 0 0 2 0 0 0 0 0 0 0 0 0 0 0 2 2 2 0 4 3 2 3 3 4 0 0 0 0 0 0 0 0 0 0 0 0 0 0 0 0 0 0 0 2 2 3 3 9 7 2 2 0 0 0 0 2 0 2 3 4 30 191 247 102 13 3 1 0 2 0 0 0 0 0 0 0 0 2 0 0 2 0 0 0 0 0 0 0 0 0 0 0 0 0 0 2 5 21 31 6 0 0 0 0 0 0 0 0 0 0 0 0 0 0 0 0 0 0 0
20 21 15 8 7 6 7 7 8 9 8 6 6 10 18 25 26 34 41 43 46 47 47 44 39 33 28 24 23 18 18 17 12 10 11 9 7 6 2 1 0 0 2 5 9 7 4 4 3 3 2 1 2 2 0 0 2 0 0 0 0 0 0 0 2 2 3 10 20 28 21 8 7 2 2 2 1 2 2 4 6 10 16 25 26 22 22 25 30 33 36 41 41 42 46 45 45 43 40 37 35 31 26 20 17 15 15 16 12 8 6 3 0 0 0 0 0 0 0 0 0 0 0 0 0 0 1 2 2 2 4 5 14 90 243 255 196 41 13 4 2 2 2 2 0 1 1 0 0 0 0 0 0 0 0 0 0 0 0 0 0 0 0 0 0 0 0 2 0 0 0 2 0 0 0 0 0 0 0 0 2 2 4 5 7 2 0 0 0 0 0 0 0 0 0 0 0 0 3 5 37 78 20 4 4 3 2 2 2 2 2 2 2 3 3 4 2 9 47 88 22 5 2 3 4 5 6 8 10 12 13 11 9 7 4 3 3 2 2 2 0 0 0 0 0 0 2 2 2 4 2 7 42 171 236 169 25 5 3 0 0 0 0 0 0 0 0 0 0 0 0 0 0 0 0 0 0 0 0 0 0 0 0 0 0 0 0 0 0 0 1 3 5 17 27 22 5 4 3 2 5 4 1 1 2 0 0 0 0 2 4 3 5 7 7 7 3 4 2 2 1 0 0 0 0 0 0 0 0 0 0 0 0 0 0 0 0 0 0 0 0 1 2 0 0 0 0 0 0 0 0 0 2 0 2 1 3 2 3 14 40 139 255 255 255 216 81 33 15 7 4 3 3 2 2 1 0 0 0 0 0 0 0 0 0 0 0 0 0 0 0 0 0 0 0 2 0 0 0 0 0 0 0 0 0 0 0 2 2 2 0 4 3 2 3 3 2 0 0 0 0 0 0 0 0 0 0 0 0 0 0 0 0 0 0 0 0 0 2 4 8 8 2 2 0 0 0 0 1 1 2 2 4 13 118 249 180 23 3 3 0 2 0 0 0 0 0 0 0 0 2 0 0 1 1 0 0 0 0 0 0 0 0 0 0 0 0 0 2 3 20 33 7 0 0 0 0 0 0 0 0 0 0 0 0 0 0 0 0 0 0 0
16 18 17 15 5 4 4 4 2 2 4 5 6 5 7 7 11 14 15 17 21 22 27 33 40 47 42 41 34 27 23 22 18 19 16 15 14 13 11 9 6 4 2 3 6 8 6 4 4 3 3 2 0 0 2 2 2 0 0 0 0 0 1 2 2 2 3 12 23 28 16 9 7 1 2 0 2 4 6 10 20 31 33 29 28 29 30 26 23 21 21 21 21 22 21 18 17 16 14 14 15 14 13 11 11 10 15 11 9 12 13 7 4 2 2 2 2 2 2 0 0 0 0 0 0 0 2 2 2 3 4 7 17 112 249 255 163 34 11 5 2 1 0 0 0 2 0 0 0 0 0 0 0 0 0 0 0 0 0 0 0 0 0 0 0 0 0 0 2 0 2 2 0 0 0 0 0 0 0 0 2 2 4 5 7 2 0 0 0 0 0 0 0 0 0 0 0 0 3 5 42 78 11 2 2 1 2 2 2 2 2 2 2 0 0 0 3 8 57 78 18 3 0 2 2 2 3 5 5 6 6 8 10 12 12 12 7 5 4 2 2 2 0 0 0 0 0 2 0 4 2 5 21 119 229 209 54 9 2 2 0 0 0 0 0 0 0 0 0 0 0 0 0 0 0 0 0 0 0 0 0 0 0 0 0 0 0 0 0 0 3 4 15 23 28 8 4 3 2 5 4 1 1 2 0 0 0 0 0 2 4 3 5 8 6 8 2 4 0 0 0 0 0 0 0 0 0 0 0 0 0 0 2 2 2 2 0 0 1 2 2 1 0 0 0 0 0 0 0 0 0 0 0 3 2 3 1 3 9 33 102 249 255 255 242 110 46 16 10 5 3 2 2 1 2 0 0 0 0 0 0 0 0 0 0 0 0 0 0 0 0 0 0 0 0 2 0 0 0 0 0 0 0 0 0 0 0 2 2 2 2 4 3 2 4 4 2 0 0 0 0 0 0 0 0 0 0 0 0 0 0 0 0 0 0 0 0 0 2 2 9 9 0 2 0 0 0 0 0 2 1 2 3 6 53 229 236 46 5 3 0 2 0 0 0 0 0 0 0 2 0 0 0 0 2 0 0 0 0 0 0 0 0 0 0 0 0 0 2 2 17 35 9 0 0 0 0 0 0 0 0 0 0 0 0 0 0 0 0 0 0 0
9 14 20 16 14 5 3 3 4 2 2 2 3 5 3 5 4 5 7 7 8 12 13 13 16 18 30 35 45 45 42 39 32 24 22 21 18 17 16 14 12 10 9 6 7 8 10 8 4 3 4 4 3 3 0 0 2 2 1 2 2 2 1 0 0 2 3 18 23 25 16 8 5 3 2 3 4 7 15 34 35 25 22 18 15 15 13 14 17 15 11 10 8 7 5 5 5 4 7 6 4 4 3 3 3 7 13 8 10 8 9 14 12 6 4 4 4 3 3 3 3 2 2 2 2 0 2 0 2 4 3 7 22 137 252 252 141 29 8 4 1 0 0 0 2 0 0 0 0 0 0 0 0 0 0 0 0 0 0 0 0 0 0 0 0 0 0 0 2 0 2 0 0 0 0 0 0 0 0 0 2 2 3 6 7 0 0 0 0 0 0 0 0 0 0 0 0 0 3 6 47 71 8 2 2 0 0 0 0 0 0 0 0 0 0 0 2 10 67 69 16 2 0 0 0 0 0 0 2 2 4 5 6 5 6 6 11 13 12 8 5 4 4 2 0 0 0 2 0 3 2 4 10 64 207 229 122 19 2 2 0 0 0 0 0 0 0 0 0 0 0 0 0 0 0 0 0 0 0 1 0 0 0 0 0 0 0 0 0 2 3 12 19 30 13 3 4 2 5 4 2 0 2 0 0 0 0 0 0 3 4 2 5 9 5 8 3 3 0 0 0 0 0 0 0 0 0 0 0 0 0 0 1 1 0 0 2 2 1 0 0 0 0 0 0 0 0 0 0 0 0 0 1 2 2 3 2 7 23 75 224 255 255 255 149 52 18 14 5 3 3 2 2 2 0 0 0 0 0 0 0 0 0 0 0 0 0 0 0 0 0 0 0 0 0 2 0 0 0 0 0 0 0 0 0 0 0 2 2 0 2 3 3 2 4 4 2 0 0 0 0 0 0 0 0 0 0 0 0 0 0 0 0 0 0 0 0 0 1 2 9 9 0 2 0 0 0 0 0 2 0 2 2 4 23 178 249 118 13 3 1 0 2 0 0 0 0 0 0 2 0 0 0 0 2 0 0 0 0 0 0 0 0 0 0 0 0 0 0 2 15 36 10 2 0 0 0 0 0 0 0 0 0 0 0 0 0 0 0 0 0 0
5 9 12 20 20 14 9 3 3 4 2 2 2 3 4 3 4 3 3 3 4 4 5 7 9 10 13 18 19 25 31 34 41 47 46 37 33 28 25 22 19 17 13 11 10 8 9 11 11 7 6 5 4 3 4 3 3 4 3 2 0 0 0 0 1 2 7 19 25 26 15 9 7 4 6 6 10 22 36 28 19 14 10 7 8 7 5 5 4 4 4 2 3 3 2 2 3 4 3 2 2 3 5 8 11 19 23 18 17 17 16 17 17 18 9 6 4 5 4 3 3 3 3 3 3 3 4 2 3 4 4 7 34 163 252 252 120 23 7 2 0 0 0 0 2 0 0 0 0 0 0 0 0 0 0 0 0 0 0 0 0 0 0 0 0 0 0 0 2 0 2 0 0 0 0 0 0 0 0 0 3 2 5 7 3 0 0 0 0 0 0 0 0 0 0 0 0 0 3 9 52 63 6 2 2 0 0 0 0 0 0 0 0 0 0 0 2 15 72 63 12 2 0 0 0 0 0 0 0 0 0 0 0 3 5 6 5 5 7 11 14 13 11 7 5 3 2 2 1 1 3 2 5 31 159 235 186 30 5 2 1 0 0 0 0 0 0 0 0 0 0 0 0 0 0 0 0 0 0 0 2 0 0 0 0 0 0 0 2 3 7 17 30 19 3 4 3 4 5 3 0 2 1 0 0 0 0 0 2 2 4 2 6 9 6 7 3 3 0 0 0 0 0 0 0 0 0 0 0 0 0 0 0 2 0 0 0 0 0 0 0 0 0 0 0 0 0 0 0 0 0 0 2 0 3 2 5 16 50 185 255 255 255 187 75 24 15 5 5 2 3 2 1 1 0 0 0 0 0 0 0 0 0 0 0 0 0 0 0 0 0 0 0 0 2 0 0 0 0 0 0 0 0 0 0 0 1 2 2 0 2 3 3 2 3 4 2 0 0 0 0 0 0 0 0 0 0 0 0 0 0 0 0 0 0 0 0 0 0 2 8 10 0 2 0 0 0 0 0 0 2 2 2 3 9 110 247 194 25 4 2 0 2 0 0 0 0 0 1 1 0 0 0 0 2 0 0 0 0 0 0 0 0 0 0 0 0 0 0 3 11 35 13 2 0 0 0 0 0 0 0 0 0 0 0 0 0 0 0 0 0 0
4 3 7 13 16 21 16 12 5 5 5 3 2 2 2 2 2 1 2 4 4 5 5 5 5 6 8 11 10 10 12 16 22 26 29 38 41 47 42 39 35 31 29 24 21 17 13 12 14 11 8 7 6 6 5 4 3 2 3 3 4 4 3 2 1 1 8 21 26 26 16 12 8 5 8 13 28 36 24 13 8 6 4 5 4 3 3 3 4 4 4 5 5 4 4 4 4 3 3 3 7 7 12 24 46 69 76 88 90 74 62 46 38 32 32 25 19 14 14 10 7 5 4 3 3 3 3 3 4 7 6 11 44 186 255 249 98 15 7 1 0 0 0 2 0 0 0 0 0 0 0 0 0 0 0 0 0 0 0 0 0 0 0 0 0 0 0 0 2 0 2 2 0 0 0 0 0 0 0 2 3 1 6 7 3 0 0 0 0 0 0 0 0 0 0 0 0 2 2 13 58 53 6 2 2 0 0 0 0 0 0 0 0 0 0 0 3 19 88 49 8 2 0 0 0 0 0 0 0 0 0 0 0 0 0 1 3 5 5 5 5 5 7 12 13 12 8 5 4 1 3 0 5 17 104 226 224 62 8 2 2 0 0 0 0 0 0 0 0 0 0 0 0 0 0 0 0 0 0 0 2 0 0 0 0 0 0 1 3 6 14 28 24 6 4 3 3 5 3 0 2 1 0 0 0 0 0 2 0 2 4 3 7 8 8 5 2 3 0 0 0 0 0 0 0 0 0 0 2 2 2 2 2 1 0 0 0 0 0 0 0 0 0 0 0 0 0 0 0 0 0 2 2 3 2 2 11 37 134 255 255 255 224 100 30 16 8 5 3 3 3 1 1 0 0 0 0 0 0 0 0 0 0 0 0 0 0 0 0 0 0 0 0 2 0 0 0 0 0 0 0 0 0 0 0 0 2 2 2 0 2 4 2 2 3 4 2 0 0 0 0 0 0 0 0 0 0 0 0 0 0 0 0 0 0 0 0 0 0 2 6 12 1 2 0 0 0 0 0 0 2 0 2 3 4 50 224 239 52 7 3 0 2 0 0 0 0 0 2 0 0 0 0 0 2 0 0 0 0 0 0 0 0 0 0 0 0 0 0 2 11 34 15 2 0 0 0 0 0 0 0 0 0 0 0 0 0 0 0 0 0 0
2 3 5 6 12 18 20 18 13 6 4 6 2 2 2 4 4 4 3 2 2 2 3 3 3 5 7 6 5 7 7 8 9 11 11 14 18 22 29 38 41 39 37 38 38 30 25 19 18 23 19 14 12 10 9 9 9 8 6 8 6 5 3 4 4 4 10 25 34 28 19 11 10 11 18 33 35 20 11 5 5 2 2 0 0 0 1 2 2 2 4 5 4 3 3 3 0 0 2 7 14 33 75 142 183 207 217 224 224 224 210 200 188 166 148 128 109 89 64 46 34 26 22 15 11 9 7 6 6 7 6 17 59 215 255 238 67 10 6 0 0 0 0 2 0 0 0 0 0 0 0 0 0 0 0 0 0 0 0 0 0 0 0 0 0 0 0 0 0 2 0 2 0 0 0 0 0 0 0 2 3 3 5 7 2 0 0 0 0 0 0 0 0 0 0 0 0 2 3 16 63 44 5 2 2 0 0 0 0 0 0 0 0 0 0 0 4 23 95 40 5 2 0 0 0 0 0 0 0 0 0 0 0 0 0 0 0 0 1 3 4 5 5 6 5 6 10 13 16 10 6 5 3 6 57 201 240 125 8 3 2 0 0 0 0 0 0 0 0 0 0 0 0 0 0 0 0 0 0 0 2 2 0 0 0 0 0 2 4 10 25 27 10 4 3 2 5 4 0 2 1 0 0 0 0 0 2 2 0 2 3 3 7 9 7 5 2 3 0 0 0 0 0 0 0 0 0 0 1 2 0 0 0 0 0 0 0 0 0 0 0 0 0 0 0 0 0 0 0 0 0 2 1 3 2 7 28 104 247 255 255 247 127 41 18 13 5 3 2 3 1 2 0 0 0 0 0 0 0 0 0 0 0 0 0 0 0 0 0 0 0 1 2 0 0 0 0 0 0 0 0 0 0 0 0 0 2 0 2 2 2 3 3 2 3 4 2 0 0 0 0 0 0 0 0 0 0 0 0 0 0 0 0 0 0 0 0 0 0 2 3 14 3 2 0 0 0 0 0 0 2 0 2 2 4 19 160 249 129 13 3 2 2 0 0 0 0 0 2 0 0 0 0 0 2 0 0 0 0 0 0 0 0 0 0 0 0 0 0 2 10 31 18 2 0 0 0 0 0 0 0 0 0 0 0 0 0 0 0 0 0 0
2 2 3 4 5 9 15 18 18 16 10 6 6 6 3 2 3 3 5 5 6 5 4 4 3 3 2 5 5 4 5 6 5 6 8 9 8 9 10 12 19 25 32 39 41 42 45 41 39 35 36 33 31 26 21 22 22 21 20 17 17 13 13 12 11 10 16 31 38 31 25 20 30 32 37 31 15 7 4 3 2 2 2 2 2 2 2 1 1 2 3 3 4 3 3 3 3 4 12 25 58 139 197 219 229 232 234 235 235 238 240 243 241 241 241 238 233 225 212 198 182 165 143 112 79 52 30 19 16 16 21 36 97 244 255 205 44 6 5 2 2 2 2 1 0 0 0 0 0 0 0 0 0 0 0 0 0 0 0 0 0 0 0 0 0 0 0 0 0 2 0 2 2 0 0 0 0 0 1 4 0 4 7 4 0 0 0 0 0 0 0 0 0 0 0 0 0 2 3 19 68 36 4 2 2 0 0 0 0 0 0 0 0 0 0 0 6 30 97 30 4 2 0 0 0 0 0 0 0 0 0 0 0 0 0 0 0 0 0 0 0 1 3 3 5 5 6 5 6 8 12 13 9 12 32 161 241 174 15 2 4 2 1 0 0 0 0 0 0 0 0 0 0 0 0 0 0 0 0 1 4 3 0 0 0 0 2 3 6 20 32 16 4 3 2 6 4 0 2 2 0 0 0 0 0 0 2 0 0 3 3 4 6 8 8 5 3 2 0 0 0 0 0 0 0 0 0 0 0 3 0 0 0 0 0 0 0 0 0 0 0 0 0 0 0 0 0 0 0 0 2 1 3 2 3 22 71 216 255 255 255 169 54 22 13 4 4 2 3 2 2 0 0 0 0 0 0 0 0 0 0 0 0 0 0 0 0 0 0 0 1 1 0 0 0 0 0 0 0 0 0 0 0 0 0 0 2 2 0 2 3 2 3 2 3 2 2 0 0 0 0 0 0 0 0 0 0 0 0 0 0 0 0 0 0 0 0 0 0 2 3 12 5 2 0 0 0 0 0 0 1 1 2 2 3 8 94 244 207 28 4 3 2 2 0 0 0 2 0 0 0 0 0 0 2 0 0 0 0 0 0 0 0 0 0 0 0 0 0 2 7 32 20 2 0 0 0 0 0 0 0 0 0 0 0 0 0 0 0 0 0 0
2 2 2 2 3 4 8 15 18 19 19 12 10 7 8 9 8 8 8 8 5 6 6 6 5 5 5 5 5 3 3 3 4 4 4 4 5 6 7 8 11 16 15 15 20 27 33 39 39 37 41 45 45 50 55 56 52 50 43 38 36 33 34 33 34 33 36 43 72 55 44 38 34 31 24 14 7 3 1 2 2 3 3 2 2 2 0 2 2 3 1 4 4 0 0 2 5 13 31 75 166 207 224 221 209 200 192 188 184 186 195 202 214 225 230 235 241 241 243 246 244 241 238 228 213 196 163 122 86 68 65 93 180 250 252 153 28 7 3 2 2 2 2 2 0 0 0 0 0 0 0 0 0 0 0 0 0 0 0 0 0 0 0 0 0 0 0 0 1 1 0 2 2 0 0 0 0 1 2 3 2 4 8 3 0 0 0 0 0 0 0 0 0 0 0 0 0 2 3 23 73 26 3 2 2 0 0 0 0 0 0 0 0 0 0 0 8 45 84 22 5 1 0 0 0 0 0 0 0 0 0 0 0 0 0 0 0 0 0 0 0 0 0 0 2 3 3 5 6 6 5 7 12 17 35 135 241 200 33 5 5 2 2 2 0 0 0 0 0 0 0 0 0 0 0 0 0 0 0 2 4 5 2 0 0 2 1 5 13 31 23 6 4 2 4 5 2 2 2 0 0 0 0 0 0 2 0 0 0 4 0 6 5 10 7 5 3 0 0 0 0 0 0 0 0 0 0 0 0 2 1 0 0 0 0 0 0 0 0 0 0 0 0 0 0 0 0 0 0 1 2 2 3 2 16 52 176 255 255 255 206 80 26 18 5 4 2 3 2 1 1 0 0 0 0 0 0 0 0 0 0 0 0 0 0 0 0 0 0 1 1 0 0 0 0 0 0 0 0 0 0 0 0 0 0 2 2 2 0 2 3 2 2 2 4 2 2 0 0 0 0 0 0 0 0 0 0 0 0 0 0 0 0 0 0 0 0 0 0 2 3 11 6 1 1 0 0 0 0 0 0 2 0 2 3 4 40 214 244 67 9 2 2 2 0 0 0 2 0 0 0 0 0 0 1 1 0 0 0 0 0 0 0 0 0 0 0 0 0 2 6 29 25 3 0 0 0 0 0 0 0 0 0 0 0 0 0 0 0 0 0 0
0 0 0 0 0 3 3 3 10 15 18 19 14 10 9 7 7 5 5 7 9 10 14 16 13 12 12 9 7 8 9 10 9 7 5 5 6 6 7 7 9 9 10 10 10 12 15 18 26 35 38 39 45 50 49 50 51 51 58 64 61 63 58 54 51 46 46 52 74 69 46 37 28 14 9 8 7 4 4 4 0 0 0 2 1 0 2 2 2 2 2 4 3 0 2 6 10 26 77 169 214 219 197 166 141 113 97 87 87 94 101 110 115 127 137 154 171 184 198 210 217 225 236 241 244 244 236 225 206 180 176 196 238 252 236 106 21 7 3 2 1 0 0 0 2 2 0 0 0 0 0 0 0 2 2 2 2 2 0 0 0 0 0 0 0 0 0 1 2 0 0 2 2 0 0 0 0 2 3 1 2 5 8 1 0 0 0 0 0 0 0 0 0 0 0 0 0 2 4 29 70 22 3 2 1 0 0 0 0 0 0 0 0 0 0 0 9 53 80 18 4 0 0 0 0 0 0 0 0 0 0 0 0 0 0 0 0 0 0 0 0 0 0 0 0 0 0 1 3 4 4 8 11 15 39 139 240 209 51 7 6 4 3 2 2 2 0 0 0 0 0 0 0 0 0 0 0 0 0 4 5 5 2 0 0 2 3 7 21 34 13 5 2 4 6 2 1 2 0 0 0 0 0 0 2 0 0 0 0 3 1 6 5 11 6 5 2 0 0 0 0 0 0 0 0 0 0 0 0 0 2 0 0 0 0 0 0 0 0 0 0 0 0 0 0 0 0 0 0 2 2 3 2 8 38 134 255 255 255 234 115 36 20 8 4 2 3 2 2 1 0 0 0 0 0 0 0 0 0 0 0 0 0 0 0 0 0 0 2 1 0 0 0 0 0 0 0 0 0 0 0 0 0 0 0 2 2 0 2 0 3 2 2 2 5 0 2 0 0 0 0 0 0 0 0 0 0 0 0 0 0 0 0 0 0 0 0 0 0 0 3 10 7 0 2 0 0 0 0 0 0 2 0 2 2 4 15 141 249 152 16 3 3 2 0 0 1 1 0 0 0 0 0 0 0 2 0 0 0 0 0 0 0 0 0 0 0 0 0 2 6 26 27 4 0 0 0 0 0 0 0 0 0 0 0 0 0 0 0 0 0 0
0 0 0 0 0 1 1 2 2 5 10 15 18 15 10 9 8 8 8 12 18 21 22 18 19 21 17 12 10 11 11 10 7 7 8 7 6 7 6 6 9 11 10 8 10 10 10 11 12 13 16 23 28 29 35 40 38 42 46 46 48 48 49 50 48 52 49 47 59 72 50 36 20 24 16 9 4 5 2 2 4 4 2 1 2 2 1 0 2 2 3 3 4 2 5 8 23 68 177 219 207 177 127 91 57 46 37 33 30 28 34 38 42 46 55 67 73 87 101 109 124 147 163 184 198 210 236 244 247 247 247 247 247 236 189 67 21 6 4 2 2 2 3 2 0 0 2 2 1 0 0 0 0 0 0 0 0 0 2 2 2 2 0 0 0 0 2 1 0 0 0 2 2 0 0 0 2 2 3 1 3 8 4 0 0 0 0 0 0 0 0 0 0 0 0 0 0 2 6 38 66 17 3 2 0 0 0 0 0 0 0 0 0 0 0 2 10 65 70 14 3 0 0 0 0 0 0 0 0 0 0 0 0 0 0 0 0 0 0 0 0 0 0 0 0 0 0 2 2 4 6 6 11 24 76 154 235 213 87 16 9 4 4 3 3 3 2 2 0 0 0 0 0 0 0 0 0 0 2 5 7 2 1 0 2 1 5 14 30 24 7 3 3 5 3 1 2 0 0 0 0 0 0 2 2 0 0 0 0 3 2 6 6 11 6 5 1 2 0 0 0 0 0 0 0 0 0 0 0 0 2 0 0 0 0 0 0 0 0 0 0 0 0 0 0 0 0 0 2 2 2 3 6 28 97 242 255 255 250 141 43 25 10 5 3 3 2 2 1 0 0 0 0 0 0 0 0 0 0 0 0 0 0 0 0 0 1 2 0 0 0 0 0 0 0 0 0 0 0 0 0 0 0 0 1 2 2 0 2 0 3 3 2 3 4 0 2 0 0 0 0 0 0 0 0 0 0 0 0 0 0 0 0 0 0 0 0 0 0 0 2 10 8 0 2 0 0 0 0 0 0 0 2 2 2 3 7 82 242 215 33 5 4 2 2 0 2 0 0 0 0 0 0 0 0 2 0 0 0 0 0 0 0 0 0 0 0 0 0 2 5 25 28 5 0 0 0 0 0 0 0 0 0 0 0 0 0 0 0 0 0 0
0 0 0 0 0 0 1 2 3 2 2 8 14 16 17 17 17 19 22 19 17 15 15 13 17 18 18 14 6 7 7 5 6 8 8 7 9 10 9 10 13 13 13 13 12 9 10 12 13 15 16 15 13 9 8 7 11 14 13 15 20 24 26 30 33 31 33 34 41 57 59 52 45 33 28 21 16 13 9 6 4 4 4 3 3 2 2 3 3 2 2 2 3 4 8 14 49 158 224 209 160 104 55 38 27 19 13 12 13 15 15 14 16 18 17 18 22 25 25 28 35 46 56 73 93 117 149 178 206 220 231 218 174 174 155 65 21 9 6 4 4 3 2 3 3 2 2 1 2 2 2 0 0 0 0 0 0 0 0 0 0 0 2 2 2 2 2 1 0 0 0 2 2 2 1 2 1 3 1 2 4 9 2 0 0 0 0 0 0 0 0 0 0 0 0 0 0 2 7 45 64 11 3 2 0 0 0 0 0 0 0 0 0 0 0 3 10 72 66 12 3 0 0 0 0 0 0 0 0 0 0 0 0 0 0 0 0 0 0 0 0 0 0 0 0 1 2 4 5 5 7 17 44 89 122 146 228 218 95 42 34 23 13 6 4 3 3 3 2 2 0 0 0 0 0 0 0 0 4 5 4 2 0 0 2 3 8 18 37 13 5 3 6 4 1 2 1 0 0 0 0 0 0 2 0 0 0 0 0 3 2 6 5 10 8 4 2 2 0 0 0 0 0 0 0 0 0 0 0 0 0 2 1 0 0 0 0 0 0 0 0 0 0 0 0 0 0 0 2 2 4 5 18 66 210 255 255 255 180 58 24 13 6 4 3 2 2 1 0 0 0 0 0 0 0 0 0 0 0 0 0 0 0 0 0 2 1 0 0 0 0 0 0 0 0 0 0 0 0 0 0 0 0 0 2 2 0 2 2 0 3 3 2 3 4 0 2 1 0 0 0 0 0 0 0 0 0 0 0 0 0 0 0 0 0 0 0 0 0 0 2 9 8 2 2 0 0 0 0 0 0 0 2 0 2 2 5 33 207 246 83 10 3 3 2 0 2 0 0 0 0 0 0 0 0 2 0 0 0 0 0 0 0 0 0 0 0 0 0 2 5 20 32 6 0 0 0 0 0 0 0 0 0 0 0 0 0 0 0 0 0 0
2 0 0 0 1 2 2 2 2 4 4 2 5 10 13 14 17 15 12 12 8 6 5 9 11 13 16 16 10 9 5 5 3 4 4 6 6 7 6 6 9 10 9 10 8 8 7 7 8 4 4 7 7 7 5 5 5 5 6 6 7 9 11 12 16 18 21 20 28 40 53 52 56 51 42 41 38 30 24 20 14 10 7 6 4 3 3 3 3 4 4 4 3 6 3 30 113 219 227 164 105 50 25 17 13 11 11 8 6 6 5 5 6 5 6 6 7 8 12 13 14 15 14 21 24 34 46 55 74 99 105 95 75 109 127 67 34 18 12 12 8 6 6 5 4 2 2 2 2 2 2 2 2 0 0 0 0 0 0 0 0 0 0 0 0 2 0 1 2 2 2 3 2 3 1 1 2 2 2 2 6 7 0 0 0 0 0 0 0 0 0 0 0 0 0 0 0 2 9 53 60 7 3 2 0 0 0 0 0 0 0 0 0 0 0 4 13 87 54 8 2 0 0 0 0 0 0 0 0 0 0 0 0 0 0 0 0 0 0 0 0 0 0 1 2 3 4 5 7 16 40 79 113 113 94 106 217 219 82 40 40 37 30 26 17 12 5 4 4 2 3 2 2 2 2 2 1 1 5 6 2 2 0 2 2 5 11 29 27 9 3 5 5 2 2 1 0 0 0 0 0 0 2 0 0 0 0 0 0 3 2 4 6 13 7 4 2 2 2 0 0 0 0 0 0 0 0 0 0 0 0 2 1 2 0 0 0 0 0 0 0 0 0 0 0 0 0 2 2 3 5 14 45 167 255 255 255 211 79 32 15 7 4 4 2 2 1 0 0 0 0 0 0 0 0 0 0 0 0 0 0 0 0 2 2 0 0 0 0 0 0 0 0 0 0 0 0 0 0 0 0 0 0 2 2 1 0 2 0 0 3 3 2 3 4 0 2 2 0 0 0 0 0 0 0 0 0 0 0 0 0 0 0 0 0 0 0 0 0 0 2 6 10 3 2 0 0 0 0 0 0 0 1 1 2 2 4 13 130 249 169 17 4 4 2 2 0 0 0 0 0 0 0 0 0 2 0 0 0 0 0 0 0 0 0 0 0 0 0 2 4 18 37 6 2 0 0 0 0 0 0 0 0 0 0 0 0 0 0 0 0 0
0 2 0 2 1 0 0 0 0 0 0 2 2 3 6 9 8 4 4 4 4 4 4 3 4 9 12 12 11 9 7 9 6 5 6 6 5 6 7 6 6 7 7 7 5 5 4 3 3 5 4 5 5 5 4 3 4 4 4 4 4 4 4 5 7 8 13 16 18 18 30 43 42 48 53 47 47 43 41 34 30 25 22 15 14 12 8 5 5 4 5 6 6 4 14 64 184 235 207 116 62 22 16 11 8 7 4 4 3 3 3 5 4 3 3 4 4 3 3 4 7 9 11 9 10 10 12 19 21 24 24 21 33 70 121 45 29 29 28 24 16 12 9 7 5 8 7 5 3 3 2 2 2 2 2 0 0 0 0 0 0 0 0 0 1 1 0 0 0 0 0 3 1 3 0 2 0 2 2 4 8 3 0 0 0 0 0 0 0 0 0 0 0 0 0 0 0 3 11 58 54 4 3 1 0 0 0 0 0 0 0 0 0 0 0 4 18 93 46 6 2 0 0 0 0 0 0 0 0 0 0 0 0 0 0 0 0 0 0 0 0 1 2 3 3 5 7 15 34 71 109 116 88 48 30 76 224 209 54 13 19 26 36 36 33 26 22 15 11 7 5 4 3 2 2 0 1 3 6 6 2 2 1 2 1 7 16 36 18 4 5 5 2 2 1 0 0 0 0 0 0 2 0 0 0 0 0 0 0 3 3 4 6 13 7 4 3 1 1 0 0 0 0 0 0 0 0 0 0 0 0 2 0 0 2 1 0 0 0 0 0 0 0 0 0 0 0 3 2 4 11 34 125 250 255 255 239 114 35 16 8 6 3 3 2 2 0 0 0 0 0 0 0 0 0 0 0 0 0 0 0 2 2 0 0 0 0 0 0 0 0 0 0 0 0 0 0 0 0 0 0 0 1 2 2 0 2 2 0 0 3 3 2 4 4 0 1 2 1 0 0 0 0 0 0 0 0 0 0 0 0 0 0 0 0 0 0 0 0 0 2 4 12 4 2 0 0 0 0 0 0 0 0 2 2 2 2 7 62 239 227 40 7 4 0 3 0 0 0 0 0 0 0 0 0 2 0 0 0 0 0 0 0 0 0 0 0 0 0 2 4 15 39 7 2 0 0 0 0 0 0 0 0 0 0 0 0 0 0 0 0 0
2 2 2 1 0 0 0 0 0 0 0 0 0 0 0 2 0 3 3 2 2 1 0 0 1 4 7 10 12 10 10 12 15 15 14 14 15 14 15 12 7 8 6 9 5 4 3 4 3 4 3 2 3 4 0 0 0 0 0 0 0 0 0 0 0 2 3 4 8 14 20 20 29 38 40 39 39 45 49 51 54 48 42 35 25 20 16 14 10 8 7 8 9 12 31 113 227 232 175 82 26 19 10 6 4 4 3 2 3 3 2 2 3 4 4 3 4 6 7 6 4 3 3 3 5 6 7 6 8 7 11 16 21 65 113 31 16 18 22 26 32 32 24 15 11 7 7 7 8 5 4 4 3 3 2 3 2 2 2 2 2 1 0 0 2 0 0 0 0 2 2 2 0 0 3 2 2 2 1 5 7 2 0 0 0 0 0 0 0 0 0 0 0 0 0 0 0 4 15 63 46 3 3 0 0 0 0 0 0 0 0 0 0 0 0 5 27 98 32 5 2 0 0 0 0 0 0 0 0 0 0 0 0 0 0 0 0 0 0 1 2 2 3 5 6 14 32 69 108 116 97 47 23 13 18 60 234 199 35 8 8 11 17 26 35 33 36 36 34 25 19 15 10 7 5 5 3 4 7 4 1 0 3 2 5 9 29 32 9 4 6 3 2 2 0 0 0 0 0 0 2 2 0 0 0 0 0 0 0 2 3 5 7 11 7 4 3 2 1 0 0 0 0 0 0 0 0 0 0 0 0 2 0 0 0 1 2 0 0 0 0 0 0 0 0 0 2 3 3 9 27 90 234 255 255 255 138 42 21 9 5 5 3 1 2 0 0 0 0 0 0 0 0 0 0 0 0 0 0 2 2 0 0 0 0 0 0 0 0 0 0 0 0 0 0 0 0 0 0 0 0 0 2 1 1 0 2 0 0 1 4 2 2 4 3 0 0 2 2 0 0 0 0 0 0 0 0 0 0 0 0 0 0 0 0 0 0 0 0 0 1 3 11 5 3 0 0 0 0 0 0 0 0 2 0 2 2 6 28 198 247 99 11 6 1 3 0 0 0 0 0 0 0 0 0 2 0 0 0 0 0 0 0 0 0 0 0 0 0 2 3 12 41 8 2 0 0 0 0 0 0 0 0 0 0 0 0 0 0 0 0 0
2 1 2 2 2 0 0 2 2 2 2 0 0 0 0 1 2 2 1 2 2 2 2 2 2 3 9 10 10 12 14 9 9 9 10 7 8 10 9 9 12 13 13 12 6 5 3 3 3 3 3 4 3 4 2 0 0 0 0 0 0 0 0 0 0 0 1 1 2 2 7 14 19 21 23 27 30 30 34 36 36 43 50 53 55 53 40 36 24 21 16 16 18 26 51 158 237 229 123 52 18 16 5 7 4 6 4 5 4 4 4 3 4 3 3 4 4 3 3 3 3 3 3 3 3 4 4 4 4 5 6 6 22 66 108 25 7 9 12 14 17 22 31 34 32 22 13 9 8 8 9 7 4 4 4 4 4 4 3 3 3 3 3 3 1 0 1 2 2 0 0 2 0 2 3 2 3 2 3 6 4 2 0 0 0 0 0 0 0 0 0 0 0 0 0 0 0 5 19 70 35 3 3 0 0 0 0 0 0 0 0 0 0 0 0 7 34 97 24 4 2 0 0 0 0 0 0 0 0 0 0 0 0 0 0 0 0 1 2 2 3 4 6 15 31 57 102 118 100 54 27 12 5 5 16 75 242 171 24 6 2 2 5 8 12 24 30 34 33 39 40 33 31 25 20 13 9 12 11 5 4 4 4 5 6 13 34 24 4 5 4 2 2 0 0 0 2 2 2 2 4 3 2 2 0 0 0 0 0 2 2 7 6 10 8 4 3 2 2 0 0 0 0 0 0 0 0 0 0 0 0 2 0 0 0 0 0 2 0 0 0 0 0 0 0 2 2 4 8 21 67 206 255 255 255 178 56 27 10 6 5 4 0 2 0 0 0 0 0 0 0 0 0 0 0 0 0 2 2 0 0 0 0 0 0 0 0 0 0 0 0 0 0 0 0 0 0 0 0 0 0 2 1 2 0 2 0 0 0 3 2 2 2 4 3 0 0 2 1 1 0 0 0 0 0 0 0 0 0 0 0 0 0 0 0 0 0 0 0 0 0 3 12 5 2 2 0 0 0 0 0 0 0 0 2 2 2 4 12 119 249 183 21 6 3 2 2 0 0 0 0 0 0 0 0 2 0 0 0 0 0 0 0 0 0 0 0 0 0 2 3 10 41 11 2 0 0 0 0 0 0 0 0 0 0 0 0 0 0 0 0 0
4 2 2 2 2 3 2 0 0 0 0 2 2 0 0 1 2 2 2 2 0 0 2 2 2 3 4 9 10 7 6 4 5 4 3 5 6 8 9 6 5 8 11 12 13 7 5 2 4 6 5 4 4 4 4 2 2 2 0 0 2 1 0 0 0 0 0 2 2 2 1 4 7 11 21 20 16 16 17 23 30 32 32 38 42 45 52 49 57 47 42 40 40 39 82 186 240 209 98 33 14 14 3 3 3 4 3 3 2 3 3 3 4 3 3 2 2 2 3 3 3 3 3 4 3 3 3 3 2 0 4 5 24 70 96 22 5 5 5 7 8 8 11 18 24 34 31 27 21 13 12 8 9 9 8 6 4 4 4 3 3 3 3 4 3 3 3 3 2 2 2 3 2 2 3 0 4 2 4 7 2 2 0 0 0 0 0 0 0 0 0 0 0 0 0 0 0 5 20 78 26 3 2 0 0 0 0 0 0 0 0 0 0 0 1 7 47 84 21 4 0 0 0 0 0 0 0 0 0 0 0 0 0 0 0 0 2 1 3 4 7 14 26 50 94 118 103 55 28 12 4 3 2 3 18 100 244 139 16 4 0 2 2 2 4 6 9 12 17 24 28 32 34 36 34 32 29 24 19 14 9 8 6 6 8 26 35 10 5 5 3 3 2 2 2 2 2 2 2 3 2 2 3 3 4 3 0 0 0 2 2 7 6 10 9 4 3 2 2 0 0 0 0 0 0 0 0 0 0 0 0 2 0 0 0 0 0 2 0 0 0 0 0 0 2 2 3 7 17 53 165 255 255 255 216 77 33 12 7 4 5 0 2 0 0 0 0 0 0 0 0 0 0 0 0 0 2 0 0 0 0 0 0 0 0 0 0 0 0 0 0 0 0 0 0 0 0 0 0 0 0 2 2 0 2 2 0 0 0 3 2 2 2 4 3 0 0 2 0 2 0 0 0 0 0 0 0 0 0 0 0 0 0 0 0 0 0 0 0 0 0 2 12 5 2 3 0 0 0 0 0 0 0 0 2 1 2 2 8 55 234 231 48 8 4 1 2 0 0 0 0 0 0 0 0 2 0 0 0 0 0 0 0 0 0 0 0 0 0 2 3 10 39 13 3 0 0 0 0 0 0 0 0 0 0 0 0 0 0 0 0 0
4 7 5 4 3 3 3 3 2 2 2 0 0 2 1 1 2 2 4 2 2 2 2 2 3 3 3 2 3 4 4 4 4 1 2 2 2 4 4 5 6 5 8 11 12 12 8 6 4 6 4 8 5 3 4 3 2 0 2 2 0 1 2 2 2 2 2 1 2 1 2 3 3 4 7 19 20 17 10 7 8 11 18 24 27 30 36 42 45 56 62 67 59 56 98 197 240 197 74 33 11 11 4 3 4 3 2 1 2 2 2 1 2 3 3 3 3 2 2 2 3 3 2 2 2 2 2 0 2 2 4 10 29 80 77 17 2 2 4 5 5 6 7 7 9 11 20 27 34 34 30 24 17 11 11 11 12 8 7 8 7 6 3 3 3 2 2 2 2 2 2 3 4 2 3 4 3 3 4 6 1 0 2 0 0 0 0 0 0 0 0 0 0 0 0 0 0 5 29 76 19 3 2 0 0 0 0 0 0 0 0 0 0 0 2 8 59 76 15 4 0 0 0 0 0 0 0 0 0 0 0 0 0 0 2 2 3 5 6 12 23 47 91 115 108 65 35 13 5 2 3 1 2 4 22 127 247 108 12 4 0 0 0 2 2 2 3 5 7 7 12 17 19 25 30 37 36 31 28 26 25 22 18 20 24 36 21 5 6 3 2 1 2 0 0 0 0 0 2 0 0 0 0 0 0 2 4 3 2 2 3 7 5 11 8 4 3 2 2 0 0 0 0 0 0 0 0 0 0 0 1 1 0 0 0 0 1 1 0 0 0 0 0 2 1 5 8 16 42 125 249 255 255 242 109 35 18 6 5 4 2 1 1 0 0 0 0 0 0 0 0 0 0 0 0 2 0 0 0 0 0 0 0 0 0 0 0 0 0 0 0 0 0 0 0 0 0 0 0 0 2 1 2 0 2 0 0 0 0 3 3 2 3 3 3 0 0 1 1 1 1 0 0 0 0 0 0 0 0 0 0 0 0 0 0 0 0 0 0 0 0 2 10 7 2 3 0 0 0 0 0 0 0 0 1 1 2 2 6 26 185 249 114 13 6 0 2 0 0 0 0 0 0 0 0 2 0 0 0 0 0 0 0 0 0 0 0 0 0 2 2 10 37 16 3 0 0 0 0 0 0 0 0 0 0 0 0 0 0 0 0 0
4 3 3 4 4 5 5 5 3 2 0 2 2 2 2 0 0 0 3 2 3 4 3 3 1 0 0 0 0 2 4 4 2 3 2 0 2 2 2 2 2 4 4 3 9 13 12 8 7 5 4 3 7 8 6 5 3 3 2 0 0 0 0 0 0 0 0 1 2 2 2 2 3 4 3 5 13 17 17 10 9 8 7 7 11 13 16 23 31 30 35 33 43 40 90 200 240 193 75 33 9 9 7 3 4 2 2 2 2 3 2 2 2 1 2 2 2 2 2 2 2 0 0 0 0 0 1 2 0 2 3 15 46 77 54 11 2 1 2 2 4 4 4 4 5 6 6 9 11 20 24 29 30 31 29 28 25 25 23 15 11 9 9 8 7 6 5 3 2 1 2 2 4 2 3 4 3 4 5 4 0 0 2 0 0 0 0 0 0 0 0 0 0 0 0 0 0 6 35 76 15 3 2 0 0 0 0 0 0 0 0 0 0 0 2 10 71 68 11 4 0 0 0 0 0 0 0 0 0 0 0 0 2 2 3 4 6 11 19 41 76 113 107 74 37 15 6 2 2 2 2 0 2 5 25 166 242 77 8 3 0 0 0 0 0 0 0 0 2 4 4 5 8 9 13 22 22 24 23 25 28 28 30 29 34 24 8 6 4 2 2 0 0 0 0 0 0 2 2 0 0 0 0 0 0 2 3 3 3 4 4 7 4 12 8 5 3 2 1 0 0 0 0 0 0 0 0 0 0 0 2 0 0 0 0 0 2 0 0 0 0 0 2 3 6 7 13 34 104 234 255 255 252 144 41 22 6 6 4 2 2 1 0 0 0 0 0 0 0 0 0 0 0 0 1 1 0 0 0 0 0 0 0 0 0 0 0 0 0 0 0 0 0 0 0 0 0 0 0 2 2 2 0 2 0 0 0 0 0 3 3 2 3 3 2 0 0 0 2 0 2 0 0 0 0 0 0 0 0 0 0 0 0 0 0 0 0 0 0 0 0 2 7 10 2 3 1 0 0 0 0 0 0 0 0 2 2 2 3 14 110 247 192 21 7 2 2 2 0 0 0 0 0 0 0 2 0 0 0 0 0 0 0 0 0 0 0 0 0 2 2 8 30 24 4 0 0 0 0 0 0 0 0 0 0 0 0 0 0 0 0 0
21 12 7 4 3 3 2 3 5 5 5 2 2 0 3 2 2 2 2 3 1 0 0 0 0 0 0 0 0 0 2 4 5 4 0 1 2 2 0 2 0 2 2 4 3 8 13 9 6 5 3 4 3 5 4 6 6 3 3 2 2 1 0 0 0 0 0 0 0 0 0 1 2 3 4 3 7 12 17 14 5 6 5 5 4 7 8 9 11 14 17 19 24 26 68 197 240 200 99 30 15 6 9 4 3 2 0 2 2 3 2 0 0 1 2 1 0 1 2 0 0 0 0 0 0 0 0 0 2 2 8 22 58 72 36 9 3 2 2 2 0 2 2 4 4 4 4 4 6 6 11 16 13 16 19 22 24 25 29 31 31 29 27 25 19 15 11 9 10 9 8 7 6 6 5 7 4 4 7 2 0 0 2 0 0 0 0 0 0 0 0 0 0 0 0 0 2 7 46 67 10 2 2 0 0 0 0 0 0 0 0 0 0 0 2 12 85 58 8 2 0 0 0 0 0 0 0 0 0 0 1 2 2 3 5 10 16 34 70 108 114 80 44 16 6 3 3 2 0 0 2 0 2 5 33 202 232 53 6 2 0 0 0 0 0 0 0 0 0 0 1 3 3 6 4 14 12 7 6 10 13 15 19 20 14 8 4 5 3 2 0 0 1 2 0 0 0 2 0 0 0 0 0 0 0 0 0 2 3 4 5 7 6 11 8 4 2 2 0 0 0 0 0 0 0 0 0 0 0 1 1 0 0 0 0 0 2 0 0 0 2 2 4 4 6 10 31 76 211 255 255 255 180 56 23 10 7 5 2 1 2 0 0 0 0 0 0 0 0 0 0 0 0 0 0 2 0 0 0 0 0 0 0 0 0 0 0 0 0 0 0 0 0 0 0 0 0 0 2 1 2 0 2 0 0 0 0 0 0 3 3 2 3 4 2 0 0 0 1 1 0 2 0 0 0 0 0 0 0 0 0 0 0 0 0 0 0 0 0 0 0 2 4 11 4 2 2 0 0 0 0 0 0 0 0 2 2 1 3 7 50 229 236 55 10 3 0 2 0 0 0 0 0 0 0 2 0 0 0 0 0 0 0 0 0 0 0 0 0 2 2 7 29 28 4 0 0 0 0 0 0 0 0 0 0 0 0 0 0 0 0 0
28 25 22 18 12 8 6 4 3 3 4 5 4 4 3 1 0 0 2 3 2 0 0 0 0 0 0 0 0 0 1 2 4 3 4 3 5 2 2 3 3 3 2 2 4 6 10 12 8 5 4 0 2 4 5 5 4 4 4 2 2 1 2 1 0 0 0 0 0 0 0 0 0 0 1 3 4 8 11 16 17 6 3 3 3 4 5 6 6 7 6 9 14 15 45 167 235 224 125 34 21 7 7 7 5 2 2 1 2 2 3 0 0 0 0 1 2 2 2 0 0 0 0 0 0 0 0 0 0 4 13 33 72 51 25 9 2 0 0 0 0 0 0 0 2 5 5 5 4 4 5 7 6 6 6 8 11 12 12 16 19 21 25 24 27 28 28 26 22 21 22 20 16 15 11 10 9 7 5 2 0 0 2 0 0 0 0 0 0 0 0 0 0 0 0 0 2 10 54 58 7 2 2 0 0 0 0 0 0 0 0 0 0 0 3 15 96 47 6 2 0 0 0 0 0 0 0 0 1 2 3 3 4 9 15 31 65 108 115 90 51 19 7 3 2 3 0 0 0 0 2 0 2 7 48 218 215 37 5 2 0 0 0 0 0 0 0 0 0 0 0 0 1 4 5 14 8 5 2 3 3 2 1 3 5 4 5 4 3 1 0 2 1 0 2 2 3 2 1 2 2 2 2 2 2 0 0 0 0 3 5 7 8 10 7 5 2 3 2 2 0 0 0 0 0 0 0 0 0 0 2 0 0 1 0 2 0 0 2 2 2 4 4 6 10 24 75 187 255 255 255 208 91 25 14 8 5 2 2 2 2 0 0 0 0 0 0 0 0 0 0 0 0 0 0 2 0 0 0 0 0 0 0 0 0 0 0 0 0 0 0 0 0 0 0 0 0 2 1 2 0 2 2 0 0 0 0 0 0 4 2 2 3 4 2 0 0 0 0 2 0 1 1 0 0 0 0 0 0 0 0 0 0 0 0 0 0 0 0 0 0 0 3 11 5 0 3 0 0 0 0 0 0 0 0 0 2 0 2 6 20 174 249 129 12 7 1 2 1 0 0 0 0 0 0 2 0 0 0 0 0 0 0 0 0 0 0 0 0 2 1 6 26 31 4 0 0 0 0 0 0 0 0 0 0 0 0 0 0 0 0 0
69 53 47 35 26 20 17 16 11 7 4 5 6 7 7 6 5 3 2 3 3 2 2 2 2 2 2 2 2 2 2 2 4 5 4 3 4 3 2 2 3 3 3 4 4 6 13 10 6 5 5 0 1 2 4 5 10 9 5 4 3 2 0 1 2 0 0 0 0 0 0 0 0 0 0 1 2 4 8 11 13 16 8 4 2 2 4 4 4 5 5 7 6 10 26 127 219 233 167 62 25 11 4 8 4 5 2 2 2 2 2 2 1 0 0 0 2 0 0 2 0 0 0 0 0 0 0 0 0 3 15 53 74 32 20 7 0 0 0 0 0 0 0 0 2 2 2 2 3 3 6 7 8 4 4 4 4 4 6 7 10 10 9 10 11 12 14 15 18 20 20 19 24 25 26 25 16 12 4 2 0 0 2 0 0 0 0 0 0 0 0 0 0 0 0 0 3 11 63 51 5 3 0 0 0 0 0 0 0 0 0 0 0 0 4 21 97 41 4 2 0 0 0 0 0 0 0 2 2 3 4 8 16 25 60 100 113 97 54 25 7 3 3 2 0 2 0 0 0 0 2 0 2 9 68 238 186 25 4 0 0 0 0 0 0 0 0 0 0 0 0 0 2 3 5 17 7 6 3 2 2 2 2 3 4 4 5 3 2 1 0 2 2 2 0 2 1 2 2 2 0 0 0 0 0 2 2 2 2 1 5 6 11 9 8 6 3 4 3 3 3 3 2 2 2 2 2 2 2 2 1 2 2 2 0 2 2 2 1 2 4 4 6 10 24 76 167 255 255 255 224 119 40 19 8 6 3 2 2 0 2 0 0 0 0 0 0 0 0 0 0 0 0 0 0 0 2 0 0 0 0 0 0 0 0 0 0 0 0 0 0 0 0 0 0 0 2 0 2 0 2 2 0 0 0 0 0 0 0 4 2 2 4 3 2 0 0 0 0 1 1 0 2 0 0 0 0 0 0 0 0 0 0 0 0 0 0 0 0 0 0 0 3 10 7 0 2 2 0 0 0 0 0 0 0 0 2 2 2 3 11 102 244 205 25 8 4 2 2 0 0 0 0 0 0 2 0 0 0 0 0 0 0 0 0 0 0 0 0 2 0 6 18 38 6 0 0 0 0 0 0 0 0 0 0 0 0 0 0 0 0 0
60 76 72 65 58 49 35 23 19 18 17 11 6 5 5 4 5 6 5 5 3 2 1 0 2 2 2 2 0 0 0 0 2 4 4 4 3 0 1 2 2 2 0 2 3 5 13 11 9 7 8 8 7 7 8 6 5 8 10 5 3 3 2 0 0 2 2 0 0 0 0 0 0 0 0 0 0 2 4 8 10 14 15 10 8 4 4 3 2 3 4 3 5 5 17 66 184 233 198 124 40 18 8 4 7 4 5 3 2 2 2 2 1 2 0 0 2 0 0 2 0 0 0 0 0 0 0 0 0 4 18 71 70 24 15 6 0 0 0 0 0 0 0 1 1 2 2 0 1 2 3 4 6 6 5 4 4 5 5 4 5 6 7 6 6 6 6 7 7 6 7 8 8 9 13 21 28 24 4 2 2 0 0 2 0 0 0 0 0 0 0 0 0 0 0 0 4 13 70 42 4 2 0 0 0 0 0 0 0 0 0 0 0 1 4 29 99 33 3 2 0 0 0 0 0 2 2 3 4 8 14 22 51 99 113 105 65 28 11 4 3 2 0 0 0 2 0 0 0 0 2 0 3 14 98 242 155 16 3 0 0 0 0 0 0 0 0 0 0 0 0 0 2 3 7 15 6 6 3 2 3 2 4 4 3 5 3 2 0 2 3 2 2 2 3 4 3 2 2 2 2 1 0 2 2 1 0 0 1 2 6 7 11 14 12 7 5 5 5 4 3 3 4 5 5 5 5 5 4 4 5 6 7 7 4 4 3 3 3 4 4 8 12 28 75 157 252 255 255 242 144 65 30 17 11 4 4 2 0 1 2 0 0 0 0 0 0 0 0 0 0 0 0 0 0 0 0 2 1 0 0 0 0 0 0 0 0 0 0 0 0 0 0 0 0 2 0 2 0 2 2 0 0 0 0 0 0 0 2 3 2 2 4 3 0 0 0 0 0 0 1 1 1 1 0 0 0 0 0 0 0 0 0 0 0 0 0 0 0 0 0 0 2 8 9 2 2 2 0 0 0 0 0 0 0 0 1 2 2 2 8 43 224 239 67 9 6 2 1 1 0 0 0 0 0 2 0 0 0 0 0 0 0 0 0 0 0 0 0 2 0 5 16 42 7 2 0 0 0 0 0 0 0 0 0 0 0 0 0 0 0 0
35 40 48 55 66 72 69 61 49 37 26 22 18 15 14 12 5 4 5 6 6 5 4 3 3 2 1 0 2 2 2 1 0 3 4 5 5 2 1 2 2 0 2 0 0 3 8 14 15 11 14 14 11 8 8 5 5 6 8 11 4 4 2 3 2 2 2 2 2 2 2 2 2 2 0 0 2 2 2 4 7 10 12 15 10 8 3 2 3 4 3 2 4 3 8 42 120 210 222 180 84 32 17 7 4 7 4 4 4 3 0 2 2 0 2 0 2 0 0 2 0 0 0 0 0 0 0 0 2 4 21 81 65 20 11 5 2 1 0 0 0 0 0 2 2 1 2 0 0 0 0 2 5 6 6 6 6 4 5 5 4 4 8 6 7 8 7 7 6 7 6 5 5 8 9 12 24 30 8 3 2 0 0 1 2 0 0 0 0 0 0 0 0 0 0 0 4 21 71 34 3 2 0 0 0 0 0 0 0 0 0 0 0 2 5 39 96 24 3 2 0 0 0 1 2 2 3 7 13 19 42 98 112 108 73 33 11 4 3 3 0 0 0 0 0 2 0 0 0 0 2 0 3 18 129 247 112 10 2 0 0 0 0 0 0 0 0 0 0 0 0 0 2 3 9 12 7 5 3 2 3 2 4 4 5 5 4 3 3 4 5 5 5 5 5 4 4 4 4 4 4 5 5 4 4 3 2 2 2 2 6 7 11 15 11 5 4 5 5 5 5 5 4 4 4 3 4 4 4 4 3 5 5 8 8 7 5 5 6 7 10 15 36 75 159 250 255 255 250 161 75 46 33 25 14 6 5 2 1 0 2 0 0 0 0 0 0 0 0 0 0 0 0 0 0 0 0 0 1 1 0 0 0 0 0 0 0 0 0 0 0 0 0 0 2 0 2 1 2 2 0 0 0 0 0 0 0 0 3 2 2 0 4 3 0 0 0 0 0 0 0 2 0 1 1 0 0 0 0 0 0 0 0 0 0 0 0 0 0 0 0 0 2 5 10 4 2 1 2 0 0 0 0 0 0 0 0 2 2 1 5 19 155 249 144 14 7 2 2 2 0 0 0 0 0 2 0 0 0 0 0 0 0 0 0 0 0 0 0 2 0 4 14 42 9 2 0 0 0 0 0 0 0 0 0 0 0 0 0 0 0 0
11 20 28 37 40 43 54 61 69 71 65 54 42 27 24 20 19 14 14 10 9 7 5 4 3 3 3 3 2 2 1 1 2 3 2 5 5 6 5 3 3 0 1 1 1 3 4 10 12 17 12 14 13 12 13 9 7 6 7 13 11 4 4 3 2 2 2 2 3 3 2 2 2 2 3 3 0 0 0 3 4 6 10 10 14 14 8 4 3 4 3 2 4 4 7 25 67 151 220 200 167 73 29 11 7 4 7 3 4 4 3 3 2 1 0 2 2 2 2 0 0 0 0 0 0 0 0 0 0 5 21 83 67 22 7 3 0 1 2 2 0 0 1 2 2 0 2 0 0 0 0 0 0 3 4 4 3 4 4 5 6 4 4 7 5 6 8 7 7 5 4 3 5 3 4 9 20 31 14 4 2 0 0 0 0 2 2 2 2 2 2 1 0 0 0 0 6 28 71 27 3 1 0 0 0 0 0 0 0 0 0 0 0 2 6 51 91 16 3 2 0 1 2 3 3 6 12 18 38 80 112 107 78 38 13 4 4 3 1 0 0 0 0 0 2 0 0 0 0 0 2 0 3 24 175 242 70 7 1 0 0 0 0 0 0 0 0 0 0 0 0 0 0 3 11 12 7 4 3 2 3 3 4 4 5 4 4 5 8 8 7 5 6 7 6 5 5 4 4 4 4 4 3 4 4 4 4 4 3 3 5 6 8 16 12 4 2 2 2 2 2 2 3 3 4 4 4 3 4 4 5 3 2 5 7 7 7 9 11 17 27 45 83 169 252 255 255 252 161 65 32 27 31 27 25 14 7 4 1 2 2 0 0 0 0 0 0 0 0 0 0 0 0 0 0 0 0 0 0 2 0 0 0 0 0 0 0 0 0 0 0 0 0 2 1 2 1 2 2 0 0 0 0 0 0 0 0 0 3 3 2 2 4 3 0 0 0 0 0 0 0 0 2 0 1 1 0 0 0 0 0 0 0 0 0 0 0 0 0 0 0 0 2 2 11 6 0 2 2 0 0 0 0 0 0 0 0 2 2 2 3 10 84 244 212 35 8 4 2 2 0 0 0 0 0 2 0 0 0 0 0 0 0 0 0 0 0 0 0 2 0 2 15 40 11 2 0 0 0 0 0 0 0 0 0 0 0 0 0 0 0 0
9 7 7 13 20 30 34 40 46 49 59 68 70 69 55 46 35 26 21 17 17 16 14 11 8 5 5 5 4 4 3 3 3 3 2 3 5 5 4 5 2 4 3 3 2 3 5 7 9 8 11 11 12 12 11 11 11 7 6 9 14 8 5 4 4 3 3 2 2 3 3 2 2 2 2 2 3 2 3 3 4 7 7 12 14 14 20 12 7 6 7 6 7 6 9 19 47 89 178 208 198 151 78 27 13 7 4 7 4 4 4 3 3 1 1 0 2 2 2 0 0 0 0 0 0 1 1 0 0 6 23 82 69 18 7 2 0 0 0 0 2 2 2 2 0 2 0 0 0 0 0 0 0 3 2 2 4 4 3 2 3 3 3 5 4 4 4 6 3 5 5 4 1 2 2 4 19 30 19 3 3 0 0 0 0 0 0 0 0 0 0 1 2 2 2 2 7 33 73 19 3 0 0 0 0 0 0 0 0 0 0 0 0 2 9 64 77 12 3 1 2 3 2 5 11 16 33 69 110 114 88 44 17 5 3 4 2 0 0 0 0 0 0 0 2 0 0 0 0 1 1 2 3 35 210 230 47 6 0 0 0 0 0 0 0 0 0 0 0 0 0 0 2 2 8 13 7 6 4 3 3 3 5 5 5 4 4 6 6 6 7 8 10 8 7 6 7 7 7 8 5 5 6 5 5 6 5 5 7 7 9 8 9 17 10 4 3 1 2 0 0 0 0 0 0 0 0 2 2 2 2 1 2 3 4 5 8 11 19 29 51 102 196 255 255 255 252 165 60 29 15 15 15 25 23 25 11 6 4 2 2 0 0 0 0 0 0 0 0 0 0 0 0 0 0 0 0 0 0 0 2 0 0 0 0 0 0 0 0 0 0 1 2 1 2 1 2 2 0 0 0 0 0 0 0 0 0 0 3 3 2 2 3 3 0 0 0 0 0 0 0 0 0 2 0 2 0 0 0 0 0 0 0 0 0 0 0 0 0 0 0 0 0 2 11 6 0 2 1 1 0 0 0 0 0 0 0 1 2 2 2 6 37 212 242 93 10 5 2 1 1 0 0 0 0 2 0 0 0 0 0 0 0 0 0 0 0 0 0 2 0 2 13 42 13 2 0 0 0 0 0 0 0 0 0 0 0 0 0 0 0 0
3 4 7 7 9 8 13 20 26 34 38 41 49 59 65 68 67 59 47 41 34 27 18 16 18 14 10 9 8 5 6 6 6 5 4 4 3 2 3 4 6 5 4 5 6 4 4 3 6 6 7 8 6 8 10 14 12 13 11 10 17 13 7 9 9 9 8 8 9 8 10 12 8 6 5 6 8 7 7 7 9 9 15 16 13 19 18 21 15 10 7 9 11 11 13 18 36 51 124 176 198 198 151 92 33 13 8 5 5 5 4 4 3 2 2 0 0 3 2 0 0 0 0 0 1 1 1 2 2 7 24 78 72 18 6 2 0 0 0 0 0 0 2 3 0 2 0 0 0 0 1 2 2 2 2 1 0 3 4 4 3 4 4 5 4 3 3 3 6 3 3 6 4 2 2 3 17 30 21 4 3 0 0 0 0 0 0 0 0 0 0 0 0 0 0 0 10 38 71 16 3 2 2 2 2 2 2 2 2 2 0 0 0 2 12 77 65 11 3 2 3 3 9 15 28 57 110 118 92 49 21 7 3 3 2 0 0 0 0 0 0 0 0 0 2 0 0 0 0 2 0 2 6 51 229 210 35 5 0 0 0 0 0 0 0 0 0 0 0 0 0 0 2 3 8 7 11 8 6 5 5 6 5 5 4 5 4 8 7 5 5 4 5 5 5 6 6 6 7 8 9 10 9 9 8 8 9 9 8 8 8 8 10 18 11 3 3 0 2 0 0 0 0 0 0 1 2 1 0 2 2 2 2 2 4 7 11 20 33 60 129 219 255 255 255 252 161 60 28 13 6 7 9 14 21 27 24 11 5 2 2 0 0 0 0 0 0 0 0 0 0 0 0 0 0 0 0 0 0 0 2 0 0 0 0 0 0 0 0 0 0 2 1 2 0 2 2 0 0 0 0 0 0 0 0 0 0 0 4 2 2 2 3 3 0 0 0 0 0 0 0 0 0 0 2 0 2 0 0 0 0 0 0 0 0 0 0 0 0 0 0 0 0 2 8 9 2 2 1 2 0 0 0 0 0 0 0 0 2 2 2 4 16 132 249 167 19 6 2 2 2 0 0 0 0 2 0 0 0 0 0 0 0 0 0 0 0 0 0 2 0 2 13 41 14 2 0 0 0 0 0 0 0 0 0 0 0 0 0 0 0 0
2 2 1 2 3 6 6 7 9 12 19 26 31 37 40 49 58 65 69 65 56 51 42 35 28 26 21 14 13 13 10 8 7 8 5 5 4 5 4 4 4 5 6 6 6 7 5 4 6 7 6 6 7 6 5 6 10 13 13 11 18 20 18 17 16 15 18 21 21 21 20 20 22 19 15 14 15 14 13 15 15 17 20 22 23 19 27 27 26 26 29 29 29 36 44 51 60 75 106 151 165 187 191 161 106 43 18 8 5 6 4 4 6 2 2 2 0 2 2 1 0 0 2 2 1 0 0 0 2 7 22 75 76 20 5 2 0 0 0 0 0 0 2 2 2 2 2 2 2 2 1 0 0 0 0 2 2 2 2 4 4 2 4 4 5 5 5 3 3 7 4 3 4 3 4 4 15 31 21 6 3 0 0 0 0 0 0 0 0 0 0 0 0 0 0 1 11 42 68 11 3 0 0 0 0 0 0 0 0 0 2 2 2 3 15 90 55 9 4 3 6 15 25 54 101 127 97 54 26 9 4 3 2 2 0 0 0 0 0 0 0 0 0 2 0 0 0 0 0 2 0 2 8 76 242 174 22 4 0 0 0 0 0 0 0 0 0 0 0 0 0 0 0 2 5 9 6 8 10 8 7 7 6 6 6 6 9 6 5 4 5 7 5 5 5 5 5 4 3 3 4 4 4 4 5 5 4 4 4 4 5 7 11 16 9 1 3 0 2 0 0 0 0 0 2 1 0 1 2 2 2 2 3 5 9 14 24 42 97 167 245 255 255 255 247 150 60 26 13 4 4 3 2 9 15 18 28 18 9 4 2 0 0 0 0 0 0 0 0 0 0 0 0 0 0 0 0 0 0 1 1 0 0 0 0 0 0 0 0 0 2 1 2 0 2 2 0 0 0 0 0 0 0 0 0 0 0 0 4 2 2 3 3 3 0 0 0 0 0 0 0 0 0 0 1 1 0 2 0 0 0 0 0 0 0 0 0 0 0 0 0 0 0 1 4 12 4 1 2 1 1 0 0 0 0 0 0 0 2 3 1 4 7 70 237 224 50 7 3 2 2 0 0 0 0 2 0 0 0 0 0 0 0 0 0 0 0 0 0 2 0 0 11 39 18 2 0 0 0 0 0 0 0 0 0 0 0 0 0 0 0 0
3 2 3 2 1 0 2 4 4 3 4 5 10 14 23 27 36 40 46 55 66 69 69 65 60 52 48 41 32 24 17 16 16 13 10 11 9 8 7 5 5 7 6 6 4 3 5 5 4 5 5 3 5 5 6 6 5 5 9 13 16 21 25 21 25 28 24 21 20 20 20 18 19 23 26 23 24 26 27 31 31 34 32 32 37 40 45 53 70 76 80 93 96 99 103 117 122 128 128 111 124 157 178 191 174 129 59 25 9 6 6 4 4 6 3 1 2 2 2 1 1 2 2 2 2 2 2 2 2 5 19 69 85 25 5 2 0 0 0 0 0 0 0 3 0 2 0 0 0 0 0 0 0 0 0 0 0 0 1 2 3 4 3 3 4 4 7 7 5 3 9 4 3 4 3 5 17 33 20 5 3 2 0 0 0 0 0 0 0 0 0 0 0 0 0 2 12 52 58 9 3 0 0 0 0 0 0 0 0 0 0 0 2 3 19 97 47 7 7 12 23 45 89 123 108 55 29 11 4 3 2 2 1 0 0 0 0 0 0 0 0 0 0 0 0 0 0 0 0 2 0 2 13 110 245 147 17 2 0 0 0 0 0 0 0 0 0 0 0 0 0 0 0 0 4 4 8 6 8 11 13 14 11 9 8 6 6 4 2 3 4 0 0 1 2 2 0 3 3 3 2 2 2 3 3 3 3 3 3 2 4 5 8 15 8 2 3 0 2 0 0 0 1 2 0 0 1 1 2 3 2 4 8 14 21 35 78 135 211 255 255 255 255 232 131 51 23 11 5 5 3 2 2 4 8 17 21 28 14 6 2 1 0 0 0 0 0 0 0 0 0 0 0 0 0 0 0 0 0 2 0 0 0 0 0 0 0 0 0 2 1 2 0 2 2 0 0 0 0 0 0 0 0 0 0 0 0 0 4 2 2 3 3 2 0 0 0 0 0 0 0 0 0 0 0 1 1 1 1 0 0 0 0 0 0 0 0 0 0 0 0 0 0 0 2 12 6 1 2 0 2 0 0 0 0 0 1 2 0 3 2 1 6 29 194 247 115 12 5 2 2 1 0 0 0 2 0 0 0 0 0 0 0 0 0 0 0 0 0 2 0 0 10 35 23 2 1 0 0 0 0 0 0 0 0 0 0 0 0 0 0 0
2 2 2 2 3 2 1 0 1 2 3 3 3 3 4 8 13 18 25 30 31 39 49 56 61 65 67 67 66 56 53 46 36 28 21 17 15 13 12 12 10 8 10 10 9 6 5 5 5 5 7 10 7 8 8 9 16 18 18 19 19 22 23 25 23 19 21 22 23 24 21 20 22 26 29 37 39 44 49 54 62 72 84 96 111 116 119 117 124 138 133 129 134 129 129 117 108 101 82 58 61 76 128 174 198 178 148 78 33 11 7 6 5 4 7 3 2 3 2 2 2 2 0 0 0 0 2 0 2 4 17 56 91 31 7 2 0 0 0 0 0 0 0 3 0 2 0 0 0 0 0 0 0 0 0 2 2 2 1 0 1 2 2 2 2 3 3 5 7 9 9 7 5 3 4 6 20 33 20 6 2 2 2 2 1 0 0 0 0 0 0 0 0 0 0 3 12 63 49 7 2 0 0 0 0 0 0 0 0 0 0 0 2 5 23 101 39 14 18 40 77 120 115 64 36 15 5 3 2 1 2 0 0 0 0 0 0 0 0 0 0 0 0 0 0 0 0 0 0 2 0 2 18 142 245 107 13 2 0 0 0 0 0 0 0 0 0 0 0 0 0 0 0 0 4 3 3 7 6 8 10 9 11 7 5 7 5 4 4 4 2 2 2 2 2 2 2 2 2 1 0 0 0 0 0 1 2 2 2 3 5 4 8 12 8 2 3 0 2 0 0 1 1 0 0 1 2 3 3 4 6 11 17 28 65 124 182 250 255 255 255 255 204 110 40 23 9 5 5 3 2 2 4 3 6 10 20 24 20 9 3 2 0 0 0 0 0 0 0 0 0 0 0 0 0 0 0 0 1 1 0 0 0 0 0 0 0 1 2 2 2 0 2 2 0 0 0 0 0 0 0 0 0 0 0 0 0 2 3 2 2 4 4 0 0 0 0 0 0 0 0 0 0 0 0 0 1 1 2 0 0 0 0 0 0 0 0 0 0 0 0 0 0 0 2 7 10 2 2 0 2 0 0 0 0 2 1 0 1 2 2 0 4 15 116 247 188 25 7 2 2 2 0 0 0 2 0 0 0 0 0 0 0 0 0 0 0 0 0 2 0 0 8 31 27 3 2 0 0 0 0 0 0 0 0 0 0 0 0 0 0 0
2 2 2 2 2 2 3 3 2 0 0 2 3 3 3 3 3 5 8 9 16 19 25 31 34 42 47 54 58 68 68 65 55 54 52 46 34 29 26 24 23 22 19 17 15 18 18 18 18 18 18 17 20 18 17 16 14 15 15 16 19 22 21 24 22 18 15 16 18 21 30 37 43 49 69 92 101 111 119 124 127 129 127 124 120 116 114 114 111 105 98 88 82 76 60 51 41 33 25 22 15 23 49 105 151 194 194 157 97 42 14 7 6 5 3 6 3 4 2 0 2 2 0 0 1 2 0 2 2 3 11 47 96 40 8 2 0 0 0 0 0 0 0 3 0 2 0 0 0 0 0 0 0 0 2 0 0 0 0 0 0 2 2 2 0 2 3 1 3 4 6 10 11 8 6 5 20 34 19 8 4 3 2 2 2 2 2 2 1 0 0 0 0 0 0 3 18 71 37 5 2 0 0 0 0 0 0 0 0 0 1 2 2 5 32 104 49 33 66 109 119 80 42 20 7 3 2 0 1 1 0 0 0 0 0 0 0 0 0 0 0 0 0 0 0 0 0 0 0 2 0 2 25 177 242 68 9 2 0 0 0 0 0 0 0 0 0 0 0 0 0 0 0 0 2 3 3 5 8 9 12 10 8 8 6 6 4 2 3 0 0 0 0 0 0 0 0 1 2 2 2 2 2 2 2 2 2 2 2 2 3 4 9 13 7 2 3 0 2 0 2 1 0 0 2 3 2 3 5 12 18 25 58 112 170 240 255 255 255 255 247 162 76 31 19 7 5 4 2 2 2 2 2 1 4 6 17 19 23 15 4 2 0 0 0 0 0 0 0 0 0 0 0 0 0 0 0 0 2 0 0 0 0 0 0 0 2 1 2 1 0 2 2 0 0 0 0 0 0 0 0 0 0 0 0 0 0 2 3 2 2 3 4 0 0 0 0 0 0 0 0 0 0 0 0 0 0 2 1 1 0 0 0 0 0 0 0 0 0 0 0 0 0 0 1 3 12 4 2 1 0 2 0 0 2 0 0 0 2 1 2 1 3 8 57 230 230 64 8 4 2 2 0 0 0 2 0 0 0 0 0 0 0 0 0 0 0 0 0 2 0 0 8 27 32 3 2 0 0 0 0 0 0 0 0 0 0 0 0 0 0 2
0 0 0 1 2 2 2 3 3 4 2 2 2 2 3 3 3 3 4 4 4 5 6 10 15 16 22 26 32 36 43 46 60 68 68 70 71 65 56 51 43 35 31 31 31 30 32 34 35 36 38 40 40 41 43 46 45 41 46 48 47 49 52 54 62 69 71 74 76 83 84 88 88 98 106 108 112 112 106 100 95 88 79 70 63 58 47 38 36 34 33 29 29 25 23 15 9 9 8 6 8 9 12 33 81 137 178 196 166 105 51 19 6 7 5 4 7 5 2 1 1 0 2 1 1 0 0 0 2 3 8 40 90 52 10 3 0 0 0 0 0 0 2 2 0 2 0 0 0 0 0 0 0 2 0 0 0 0 0 0 0 2 2 2 2 2 2 3 1 2 3 3 7 11 11 10 19 38 22 8 6 3 3 3 3 3 3 3 3 3 3 3 2 2 2 4 23 73 30 5 3 2 2 2 2 2 2 2 2 2 2 2 3 9 45 114 97 104 115 101 51 22 8 4 3 1 0 2 1 0 0 0 0 0 0 0 0 0 0 0 0 0 0 0 0 0 0 0 2 0 0 3 40 210 229 45 7 0 0 0 0 0 0 0 0 0 0 0 0 0 0 0 0 0 2 2 3 2 4 8 9 9 8 6 5 3 2 2 2 0 0 0 0 0 0 0 0 0 0 0 0 0 0 0 0 0 1 2 2 2 3 3 9 14 6 2 3 0 2 2 0 0 1 3 3 2 5 10 16 23 52 109 159 237 255 255 255 255 255 211 123 43 24 14 6 5 3 2 0 0 0 0 0 2 2 4 12 18 22 19 7 3 1 0 0 0 0 0 0 0 0 0 0 0 0 0 0 2 0 0 0 0 0 0 0 2 0 2 1 1 3 2 3 3 2 2 2 2 2 0 0 0 0 0 0 0 0 2 3 2 2 4 3 0 0 0 0 0 0 0 0 0 0 0 0 0 0 0 2 2 0 0 0 0 0 0 0 0 0 0 0 0 0 0 0 3 10 8 1 2 0 2 1 2 0 0 0 0 2 0 2 2 2 6 29 175 247 125 15 5 1 2 2 0 0 2 0 0 0 0 0 0 0 0 0 0 0 0 0 2 0 0 6 23 37 4 2 0 0 0 0 0 0 0 0 0 0 0 0 2 2 0
0 0 0 0 0 0 0 0 0 2 3 3 3 3 3 3 4 3 3 3 4 4 4 4 5 7 9 12 14 18 20 29 31 33 42 47 49 55 64 71 75 82 86 74 73 73 71 69 66 64 60 58 58 59 59 59 61 63 62 65 65 62 66 69 69 69 69 69 73 73 75 76 88 83 78 70 60 53 42 39 33 29 23 21 17 11 11 11 11 14 19 25 25 18 8 7 6 4 3 3 3 6 7 10 23 59 119 170 196 176 118 56 23 7 7 5 5 8 7 3 2 2 2 2 0 0 1 1 2 3 4 33 73 64 18 5 2 0 0 0 0 0 2 2 1 2 0 0 0 0 0 0 2 0 0 0 0 0 0 0 0 2 2 2 2 2 3 2 1 2 3 2 2 4 6 11 17 34 27 20 16 12 10 9 9 8 7 8 10 9 8 7 6 5 4 9 29 81 23 6 4 3 4 4 4 3 3 3 3 3 3 5 10 22 76 151 147 112 74 30 10 4 3 1 0 1 2 0 0 0 0 0 0 0 0 0 0 0 0 0 0 0 0 0 0 0 0 0 2 0 0 7 49 233 205 29 7 0 0 0 0 0 0 0 0 0 0 0 0 0 0 0 0 0 2 2 2 5 4 6 6 3 5 4 2 0 2 2 0 0 0 0 0 0 0 0 0 0 0 0 0 0 0 0 0 0 0 0 0 0 2 4 8 13 7 2 3 1 2 0 0 2 3 3 5 9 14 25 49 106 160 229 255 255 255 255 255 235 152 69 25 19 10 6 3 3 1 0 0 0 0 1 0 0 0 3 5 16 18 22 11 4 2 0 0 0 0 0 0 0 0 0 0 0 0 0 1 1 0 0 0 0 0 0 2 0 2 1 2 4 2 3 2 3 3 3 4 3 2 2 0 0 0 0 0 0 0 3 3 2 2 3 3 0 0 0 0 0 0 0 0 0 0 0 1 1 0 0 0 2 2 0 0 0 0 0 0 0 0 0 0 0 0 0 0 2 6 11 2 2 0 2 2 0 0 0 0 2 0 0 2 2 1 4 17 114 245 199 28 6 2 2 2 0 0 2 0 0 0 0 0 0 0 0 0 0 0 0 0 2 0 0 5 19 38 7 2 0 0 0 0 0 0 0 0 1 2 2 2 0 0 1
0 0 0 0 0 0 0 0 0 0 2 0 0 0 0 2 3 2 3 2 3 3 4 3 4 4 4 5 4 6 11 10 12 12 15 21 30 33 37 40 40 45 49 54 50 44 45 44 42 45 50 50 53 52 53 52 51 51 51 47 47 47 45 41 43 47 46 47 43 37 37 36 31 33 30 23 18 16 12 10 10 9 9 7 7 8 6 5 5 7 9 21 23 16 9 5 4 3 3 3 2 2 5 6 7 16 47 105 166 196 178 121 59 20 9 7 4 6 7 5 1 0 0 1 1 2 2 2 3 5 5 23 57 68 32 11 3 2 0 0 0 0 2 2 2 2 0 0 0 0 0 2 0 0 0 0 0 0 0 0 0 2 2 2 3 3 2 2 0 0 0 3 3 3 4 6 14 25 30 25 20 21 23 24 23 22 22 21 21 20 22 24 23 21 17 22 41 91 26 13 11 12 10 9 9 10 9 9 9 10 14 23 42 80 120 170 147 49 16 5 3 2 0 2 1 2 0 0 0 0 0 0 0 0 0 0 0 0 0 0 0 0 0 0 0 0 0 0 2 0 0 10 66 242 174 24 3 0 0 0 0 0 0 0 0 0 0 0 0 0 0 0 0 0 2 2 2 3 5 6 6 4 4 4 2 0 2 0 0 0 0 0 0 0 0 0 0 0 0 0 0 0 0 0 0 0 0 0 0 0 3 3 8 13 6 3 3 1 2 2 3 3 6 8 12 25 47 97 160 227 255 255 255 255 255 242 170 99 38 20 16 10 6 3 2 0 0 0 0 0 2 2 0 0 0 2 4 9 15 22 16 6 2 1 0 0 0 0 0 0 0 0 0 0 0 0 2 0 0 0 0 0 0 2 0 2 2 4 3 3 3 3 3 3 3 2 1 1 3 2 2 1 0 0 0 0 0 3 3 2 2 4 2 0 0 0 0 0 0 0 1 2 2 3 3 3 2 0 0 0 2 1 0 0 0 0 0 0 0 0 0 0 0 0 0 2 2 12 5 2 2 0 2 0 0 0 0 2 0 0 2 2 1 4 9 59 227 231 72 9 4 2 2 0 2 0 0 0 0 0 0 0 0 0 0 0 0 0 0 0 2 0 4 17 40 9 2 0 0 0 0 0 0 1 2 2 1 0 1 2 2 1
0 0 0 0 0 0 0 0 0 0 2 0 0 0 0 0 2 0 3 2 2 3 2 3 3 3 4 4 5 4 4 5 6 7 8 9 9 9 13 15 19 21 21 22 29 32 31 31 34 31 27 27 25 25 24 23 25 25 23 23 21 21 20 20 17 13 16 18 18 19 13 15 13 12 13 11 8 8 7 7 5 4 4 4 4 5 4 3 3 6 6 16 24 16 3 3 4 3 2 1 2 3 2 2 5 8 14 36 82 152 194 178 125 58 22 12 6 5 5 7 5 3 2 3 3 3 3 4 4 6 5 14 40 71 48 19 4 3 1 0 0 0 2 2 2 2 0 0 0 0 2 0 0 0 0 0 0 0 0 0 0 2 2 2 3 2 3 0 0 0 0 0 0 2 6 6 7 12 24 28 34 34 32 32 34 35 35 36 35 34 32 30 32 34 35 42 73 98 35 22 21 17 15 12 10 11 10 9 11 16 33 64 101 126 135 150 106 21 4 2 2 0 1 2 2 2 0 0 0 0 0 0 0 0 0 0 0 0 0 0 0 0 0 0 0 0 0 0 2 0 2 10 108 247 138 16 2 0 0 0 0 0 0 0 0 0 0 0 0 0 0 0 0 2 0 3 4 3 5 5 5 4 4 5 2 2 0 0 0 0 0 0 0 0 0 0 0 0 0 0 0 0 0 0 0 0 0 0 0 0 3 3 8 14 5 3 3 2 3 3 5 9 13 24 45 93 164 230 255 255 255 255 255 247 181 115 50 25 16 12 6 4 3 1 0 0 0 0 2 2 0 2 0 1 2 0 3 4 11 14 15 8 3 2 0 0 0 0 0 0 0 0 0 0 0 2 0 0 0 0 0 0 1 1 1 3 3 3 3 3 3 2 2 2 2 2 3 3 3 3 2 2 0 0 0 0 0 4 2 2 3 3 2 0 0 0 0 0 1 3 3 3 2 2 2 2 2 3 1 0 1 2 0 0 0 0 0 0 0 0 0 0 0 0 0 0 3 8 10 2 2 0 1 1 0 0 1 1 0 0 1 2 2 2 7 31 182 245 132 15 5 0 3 1 2 0 0 0 0 0 0 0 0 0 0 0 0 0 0 0 2 0 4 14 42 10 2 0 0 0 0 0 2 1 2 1 2 2 1 0 0 0
2 0 0 0 0 0 0 0 0 0 2 0 0 0 0 0 2 2 0 0 0 0 2 2 3 2 2 2 3 4 5 6 5 6 8 7 8 9 7 5 7 9 11 11 11 11 11 13 13 13 14 13 14 14 13 12 8 8 7 7 6 4 3 3 3 3 3 3 4 7 6 7 5 4 7 7 7 6 4 3 4 4 3 4 3 3 2 3 3 4 4 13 24 14 2 1 3 3 4 3 2 1 3 2 3 4 8 11 34 75 150 196 174 123 51 20 11 6 7 8 9 7 6 7 6 7 7 7 3 2 5 10 30 54 55 33 10 3 2 2 2 2 2 2 2 2 0 0 0 1 1 0 0 0 0 0 0 0 0 0 0 2 2 2 3 2 2 0 0 0 0 0 0 2 3 7 7 5 9 14 17 18 21 19 17 18 19 19 19 20 23 23 22 20 24 34 75 90 25 17 16 17 21 26 27 26 25 27 35 58 93 120 126 97 60 116 106 32 4 0 2 2 1 0 2 0 0 0 0 0 0 0 0 0 0 0 0 0 0 0 0 0 0 0 0 0 0 0 2 0 2 15 138 245 110 12 1 0 0 0 0 0 0 0 0 0 0 0 0 0 0 0 0 2 1 1 4 4 5 5 4 3 3 4 4 2 0 0 0 0 0 0 0 0 0 0 0 0 0 0 0 0 0 0 0 0 0 0 0 0 4 3 8 15 4 4 3 4 4 10 12 22 44 93 168 230 255 255 255 255 255 250 194 122 55 32 18 12 8 5 3 2 2 1 2 2 2 2 0 0 2 1 1 1 0 0 0 2 4 8 12 13 6 4 0 0 0 0 0 0 0 0 0 0 1 1 0 0 0 0 0 0 2 0 3 4 3 3 3 2 0 0 0 0 0 0 0 1 2 3 3 2 0 0 0 0 0 4 2 2 3 3 2 0 0 0 0 1 3 0 1 1 0 0 0 0 0 2 3 2 0 2 2 0 0 0 0 0 0 0 0 0 0 0 0 0 3 5 11 4 1 2 0 2 0 0 2 0 0 0 0 2 2 2 5 20 123 241 200 32 5 2 2 2 2 0 0 0 0 0 0 0 0 0 0 0 0 0 0 0 2 0 4 11 43 13 2 0 0 1 2 2 2 2 2 1 0 0 0 1 3 4
2 0 0 0 0 0 0 0 0 0 0 2 0 0 0 0 2 2 0 0 0 0 1 1 0 2 2 2 0 0 0 2 3 3 3 4 4 4 5 6 7 7 6 6 10 10 8 7 6 7 7 6 5 4 5 4 5 4 4 4 5 6 6 5 5 5 5 6 8 7 11 9 6 5 5 7 7 5 3 2 3 3 3 3 3 3 2 2 2 3 4 12 26 11 3 2 2 3 3 3 3 2 2 3 3 2 2 7 12 34 73 154 199 168 117 45 24 23 13 11 9 11 9 6 5 4 4 4 6 7 3 5 16 40 51 47 25 6 2 2 0 0 2 3 2 1 1 0 1 1 0 0 0 0 0 0 0 0 0 0 2 2 0 2 3 2 2 0 0 0 0 0 0 3 1 7 6 3 3 5 5 5 5 7 7 6 6 6 7 8 8 8 10 11 15 34 80 71 17 12 13 12 11 10 10 12 20 32 59 100 120 103 52 24 20 66 122 50 14 2 2 1 0 2 0 2 0 0 0 0 0 0 0 0 0 0 0 0 0 0 0 0 0 0 0 0 0 0 2 1 2 25 171 242 74 8 0 0 0 0 0 0 0 0 0 0 0 0 0 0 0 0 2 0 2 3 3 5 5 4 4 3 3 4 3 0 0 0 0 0 0 0 0 0 0 0 0 0 0 0 0 0 0 0 0 0 0 0 0 0 4 3 8 16 5 5 4 9 14 18 44 91 168 229 255 255 255 255 255 250 190 120 60 32 18 10 8 4 3 2 0 0 2 1 0 0 1 2 2 2 0 1 1 0 0 0 0 0 2 3 5 6 7 4 0 0 0 0 0 0 0 0 0 1 1 0 0 0 0 0 0 1 1 2 4 2 4 3 1 0 0 0 0 0 0 0 0 0 0 1 2 3 2 0 0 0 2 4 2 2 3 4 0 0 0 0 1 3 2 3 3 3 4 4 3 3 1 0 0 2 3 0 2 0 0 0 0 0 0 0 0 0 0 0 0 2 2 3 10 7 2 2 0 1 1 0 2 0 0 0 0 2 2 2 4 10 69 225 230 69 8 5 2 2 2 0 0 0 0 0 0 0 0 0 0 0 0 0 0 0 2 0 3 9 44 15 2 2 2 2 1 0 2 0 0 0 2 3 4 3 2 0
2 2 2 2 2 2 2 2 2 2 2 2 2 2 2 2 2 2 2 2 2 2 2 2 0 0 0 2 2 2 2 2 2 2 2 3 3 4 4 4 4 4 5 5 6 4 2 1 2 3 3 3 3 3 3 3 4 3 3 3 2 2 2 2 2 2 2 2 4 4 8 5 4 3 4 4 4 4 3 2 1 0 0 0 0 2 0 0 0 4 5 17 22 9 3 3 2 1 3 4 4 3 3 2 2 4 3 3 6 10 30 82 156 199 164 110 47 17 14 8 12 7 7 5 4 2 2 3 1 0 0 1 8 30 36 59 35 13 4 3 2 2 2 2 2 2 2 1 2 0 0 0 0 0 0 0 0 0 0 0 2 2 1 2 3 2 1 0 0 0 0 0 0 3 4 7 3 0 1 2 4 4 5 4 4 5 4 5 5 5 5 5 4 4 6 26 84 51 11 5 4 4 5 6 7 11 25 58 104 111 69 28 11 7 6 25 122 81 28 4 0 2 2 0 0 2 0 0 0 0 0 0 0 0 0 0 0 0 0 0 0 0 0 0 0 0 0 2 0 2 3 34 206 233 49 6 0 0 0 0 0 0 0 0 0 0 0 0 0 0 0 0 2 0 2 4 4 5 4 4 3 3 3 6 2 0 0 0 0 0 0 0 0 0 0 0 0 0 0 0 0 0 0 0 0 0 0 0 0 0 3 4 10 17 6 8 11 17 40 88 160 229 255 255 255 255 255 250 188 117 56 33 20 9 6 5 2 3 1 0 0 1 2 2 2 2 1 0 0 0 1 1 0 0 0 0 0 0 0 2 2 4 2 0 0 0 0 0 0 0 0 0 0 2 0 0 0 0 0 0 0 2 0 3 4 3 3 0 0 0 0 0 0 0 0 0 0 0 0 0 2 3 3 0 0 0 2 4 2 2 3 4 0 0 0 1 3 2 3 3 2 2 0 0 1 2 3 3 1 0 2 3 3 2 0 0 0 0 0 0 0 0 0 1 2 0 2 2 5 11 3 2 0 0 2 2 0 0 0 0 0 0 2 3 3 7 38 193 242 123 13 5 0 3 2 0 0 0 0 0 0 0 0 0 0 0 0 0 0 0 2 0 2 9 42 19 4 2 1 0 1 2 2 3 4 4 3 2 1 2 2 2
2 0 0 2 2 1 0 0 0 0 0 2 0 0 0 0 2 0 0 2 0 0 0 0 2 2 2 2 2 2 2 2 1 1 2 2 2 2 2 4 3 4 3 4 4 3 4 4 3 2 2 3 2 2 2 2 2 2 2 2 3 1 0 0 0 0 0 2 3 6 8 3 3 2 2 3 4 4 3 0 0 0 0 0 0 2 0 0 2 3 7 20 22 7 2 2 1 2 1 1 3 4 4 3 3 2 2 3 2 6 11 32 95 172 197 156 100 39 17 12 5 8 3 4 3 2 0 0 1 1 0 0 4 17 34 47 50 27 6 1 2 3 3 3 2 1 0 2 0 2 0 0 0 0 0 0 0 0 0 0 2 2 2 2 3 2 0 0 0 0 0 0 3 3 7 5 2 0 0 0 2 2 2 4 3 3 3 3 3 3 2 3 3 3 7 29 93 40 8 3 3 3 3 4 11 28 64 106 94 46 18 8 4 3 4 11 63 127 48 12 1 2 2 0 0 0 2 0 0 0 0 0 0 0 0 0 0 0 0 0 0 0 0 0 0 0 0 2 0 2 4 48 228 214 30 4 0 0 0 0 0 0 0 0 0 0 0 0 0 0 0 0 2 2 1 4 4 5 4 4 2 3 4 5 0 0 0 0 0 0 0 0 0 0 0 0 0 0 0 0 0 0 0 0 0 0 0 0 0 0 4 4 13 18 13 18 34 78 154 224 255 255 255 255 255 252 192 115 51 30 19 9 5 4 3 3 3 2 2 2 2 2 1 0 0 0 0 0 0 2 1 0 0 0 0 0 0 0 2 2 0 2 0 1 0 0 0 0 0 0 0 0 2 0 0 0 0 0 0 0 1 1 2 5 2 3 2 0 0 0 0 0 0 0 0 0 0 0 0 0 0 2 5 0 0 0 3 3 2 2 3 4 0 0 1 3 2 3 2 0 0 0 0 0 0 0 0 2 3 2 0 2 3 2 0 0 0 0 0 0 0 0 2 1 0 0 1 2 3 11 6 0 2 0 2 2 0 0 0 0 0 0 2 2 3 5 22 146 242 177 22 6 2 2 3 0 0 0 0 0 0 0 0 0 0 0 0 0 0 0 2 2 3 9 38 21 3 3 2 3 3 3 3 1 0 1 2 2 2 2 2 5
0 2 2 2 0 1 2 2 0 0 0 2 0 0 0 2 0 0 0 0 2 0 0 0 1 2 0 0 0 0 0 0 1 2 2 2 2 2 2 4 6 4 5 5 2 0 2 0 0 0 0 0 0 1 2 2 2 2 2 2 3 2 2 2 2 2 2 2 3 7 7 3 0 2 2 3 3 4 4 0 0 0 0 0 0 2 0 0 2 3 10 24 15 5 3 2 2 2 2 2 2 3 5 5 4 3 3 2 3 2 7 12 40 107 185 190 147 92 38 15 13 8 6 3 5 3 2 2 0 1 1 0 2 7 28 36 62 34 13 3 1 2 2 3 3 1 2 2 2 2 2 1 0 0 0 0 0 0 0 0 2 2 2 2 3 2 2 2 2 2 2 3 4 4 6 3 2 2 0 0 0 0 0 0 2 2 2 2 0 0 0 0 2 0 6 30 96 30 5 4 3 3 6 13 33 75 109 78 34 10 3 2 2 2 2 5 26 114 93 29 4 2 2 0 0 0 2 0 0 0 0 0 0 0 0 0 0 0 0 0 0 0 0 0 0 0 0 2 2 0 7 65 242 185 22 2 0 0 0 0 0 0 0 0 0 0 0 0 0 0 0 0 2 2 3 4 4 5 4 2 2 4 4 3 0 0 0 0 0 0 0 0 0 0 0 0 0 0 0 0 0 0 0 0 0 0 0 0 1 2 5 7 17 24 29 66 138 213 255 255 255 255 255 252 195 109 50 29 19 10 7 4 3 3 3 2 2 0 0 1 1 0 0 0 0 0 0 0 2 2 0 0 0 0 0 0 0 0 2 1 0 2 0 0 0 0 0 0 0 0 0 1 1 0 0 0 0 0 0 0 2 0 4 3 4 2 2 0 0 0 0 0 0 0 0 0 0 0 0 0 0 1 3 3 0 0 3 2 2 2 3 4 0 0 4 2 2 1 0 0 0 0 0 0 0 0 0 0 0 2 2 1 3 2 0 2 0 0 0 0 1 2 0 0 0 0 0 2 2 9 8 2 2 0 1 2 0 0 0 0 0 0 2 2 2 4 17 97 234 216 45 7 3 2 3 0 0 0 0 0 0 0 0 0 0 0 2 3 3 3 3 3 3 8 38 26 5 2 2 2 2 1 2 2 2 2 2 2 3 7 11 18
0 0 0 0 2 2 2 2 2 2 2 0 2 0 0 2 0 0 0 0 0 2 1 0 0 0 2 0 0 0 0 0 0 0 0 1 2 2 2 3 5 4 3 4 2 2 2 2 1 0 0 0 0 0 0 0 0 0 0 0 2 0 0 0 0 0 0 2 5 7 4 3 2 0 1 2 3 5 4 3 0 0 0 0 0 0 2 2 2 4 14 25 10 4 3 0 0 2 2 2 2 2 2 3 4 5 3 3 2 3 3 7 15 47 120 194 186 145 92 48 19 14 11 4 3 6 3 2 2 2 2 2 2 3 14 36 53 48 25 5 2 2 2 1 1 2 2 3 3 2 2 1 2 2 2 2 0 0 0 1 1 2 2 3 3 2 3 2 2 3 3 4 5 6 3 3 0 0 3 2 0 0 0 0 0 0 0 0 0 0 0 0 1 2 7 43 89 21 3 2 3 5 14 36 86 103 65 25 8 3 2 2 2 2 1 3 11 59 127 53 12 2 1 1 0 0 0 2 0 0 0 0 0 0 0 0 0 0 0 0 0 0 0 0 0 0 0 2 2 1 10 104 248 141 13 2 0 0 0 0 0 0 0 0 0 0 0 0 0 0 0 2 0 2 4 3 5 4 3 2 3 4 5 3 0 0 0 0 0 0 0 0 0 0 0 0 0 0 0 0 0 0 0 0 0 0 0 2 1 4 8 12 28 60 114 197 252 255 255 255 255 255 197 108 53 30 17 11 7 6 3 3 3 0 0 2 0 0 0 2 0 0 0 0 0 1 2 2 0 0 0 0 1 2 0 0 0 0 2 0 0 2 0 0 0 0 0 0 0 0 0 2 0 0 0 0 0 0 0 0 2 2 4 3 4 2 1 0 0 0 0 0 0 0 0 0 0 0 0 0 0 0 3 4 0 0 3 2 2 2 3 3 0 4 2 2 2 0 0 0 0 0 0 0 0 0 0 0 0 0 3 2 2 2 2 2 0 0 0 1 1 0 0 0 0 0 0 0 2 5 10 4 1 1 2 2 0 0 0 0 0 0 0 3 2 2 11 60 218 234 77 9 5 1 3 2 0 2 2 0 0 2 2 2 2 3 2 1 1 2 2 0 0 7 36 28 5 3 2 2 2 2 2 3 2 5 8 11 14 16 31 58
0 0 0 0 0 0 0 0 2 2 2 2 2 0 0 2 0 0 0 0 0 0 1 2 1 0 0 2 2 0 1 2 2 2 2 1 0 0 0 3 3 4 3 3 0 2 2 1 1 2 2 2 2 2 2 2 2 2 2 1 2 0 0 0 0 0 2 3 6 7 3 2 2 0 0 2 2 5 4 4 2 0 0 0 0 3 3 2 3 5 16 24 8 3 3 0 0 0 0 0 2 2 2 2 3 4 4 6 3 2 4 4 9 17 50 129 195 190 148 93 52 27 20 15 6 3 5 4 0 0 2 2 2 2 7 23 49 57 32 13 4 1 3 2 0 0 2 0 2 2 2 2 2 2 0 0 2 2 3 3 2 3 3 3 5 4 3 4 6 6 6 6 5 3 2 0 0 0 0 2 2 1 0 0 0 0 0 0 0 0 0 0 0 3 8 57 76 18 4 4 7 18 42 100 100 55 19 6 1 0 0 0 2 2 2 2 5 23 108 108 28 4 0 2 0 0 0 2 0 0 0 0 0 0 0 0 0 0 0 0 0 0 0 0 0 0 1 2 1 2 14 158 245 108 7 2 0 0 0 0 0 0 0 0 0 0 0 0 0 0 0 2 2 1 5 4 5 3 2 3 3 3 6 1 0 0 0 0 0 0 0 0 0 0 0 0 0 0 0 0 0 0 0 0 0 1 2 1 4 7 15 33 84 174 242 255 255 255 255 255 200 112 50 27 17 11 6 5 3 2 2 0 0 0 2 0 0 0 2 0 0 0 1 2 2 1 2 0 0 1 2 2 1 0 2 0 0 0 2 0 1 1 0 0 0 0 0 0 0 0 1 1 0 0 0 0 0 0 0 2 0 3 4 3 2 2 0 0 0 0 0 0 0 0 0 0 0 0 0 0 0 0 2 4 2 0 3 3 2 3 3 3 2 4 3 1 0 0 0 0 0 0 0 0 0 0 0 0 0 0 1 3 2 4 3 2 0 0 2 1 0 0 0 0 0 0 0 0 1 3 9 8 0 2 2 0 2 0 0 0 0 0 0 2 3 2 9 36 190 244 126 11 7 3 4 3 2 0 0 2 2 2 2 2 2 1 1 2 1 0 2 2 2 8 34 27 8 3 2 2 2 3 6 14 17 20 26 36 51 69 104 112
0 0 0 0 0 0 0 0 0 0 0 1 2 2 2 2 1 0 0 0 0 0 0 0 1 2 2 2 2 2 2 0 0 0 0 0 0 0 0 4 2 4 3 4 2 2 2 2 0 0 0 0 0 0 0 0 0 2 2 2 3 3 2 2 2 2 3 4 5 8 3 2 2 2 2 1 2 3 4 4 3 3 3 3 4 4 4 3 6 7 18 20 6 1 4 2 0 0 0 0 0 0 2 3 2 2 4 4 6 8 8 8 8 10 19 54 125 197 206 167 116 60 36 25 18 13 6 5 5 2 0 0 2 2 4 15 39 54 49 20 8 3 2 2 0 0 2 2 0 0 2 2 2 2 2 2 2 0 2 2 4 5 5 5 5 5 5 7 4 3 3 2 3 2 0 0 2 0 2 1 0 2 2 2 2 2 0 0 0 0 0 0 2 2 10 65 68 16 8 6 24 48 104 91 49 17 5 1 0 0 0 0 0 2 3 1 2 9 55 124 62 11 3 1 1 0 0 0 2 0 0 0 0 0 0 0 0 0 0 0 0 0 0 0 0 0 2 2 0 2 22 197 242 67 5 1 0 0 0 0 0 0 0 0 0 0 0 0 0 0 0 2 2 3 4 5 4 4 2 4 2 3 6 0 0 0 0 0 0 0 0 0 0 0 0 0 0 0 0 0 0 0 0 0 2 1 1 5 7 16 38 115 212 255 255 255 255 255 216 117 55 28 17 10 7 6 4 3 2 0 0 0 0 2 2 0 0 1 1 2 2 2 1 0 0 2 0 1 2 1 0 0 0 0 0 2 0 0 2 0 2 0 0 0 0 0 0 0 0 0 2 0 0 0 0 0 0 0 0 2 2 3 3 4 2 2 0 0 0 0 0 0 0 0 0 0 0 0 0 0 0 0 0 5 2 1 3 2 2 3 3 2 4 3 2 0 0 0 0 0 0 0 0 0 0 0 0 0 0 0 0 3 3 3 2 3 1 2 0 0 0 0 0 0 0 0 0 0 0 2 10 7 2 2 0 0 2 0 0 0 0 0 0 3 5 3 6 25 144 245 171 17 5 3 2 1 2 0 2 2 2 2 0 0 2 2 1 0 0 2 3 2 2 9 32 29 8 3 3 5 10 26 49 72 94 106 109 114 118 120 100 68
0 0 0 0 0 0 0 0 0 0 0 0 2 1 2 2 1 2 2 2 2 2 2 1 0 0 0 0 0 2 2 2 0 0 0 0 0 0 0 4 2 2 3 4 4 4 2 2 2 2 2 2 0 0 1 2 2 0 0 2 0 2 0 0 0 0 2 5 7 4 2 2 2 0 0 0 2 2 5 4 5 4 3 3 3 3 2 2 3 7 22 16 4 0 3 2 0 0 0 0 0 0 0 2 2 2 3 3 5 5 3 4 4 7 10 19 48 116 179 211 199 154 96 49 32 21 16 11 8 8 4 0 0 2 3 6 24 55 55 30 12 4 2 2 0 0 2 2 0 0 0 0 0 2 2 2 0 3 5 4 3 3 5 6 5 4 3 2 2 2 2 3 1 0 0 0 0 2 0 0 0 0 2 1 0 0 2 2 2 2 2 2 2 4 11 77 58 14 13 30 58 109 84 44 12 3 0 0 0 0 0 0 0 1 1 3 0 4 23 103 113 33 6 0 2 0 0 0 1 1 0 0 0 0 0 0 0 0 0 0 0 0 0 0 0 0 2 2 0 4 37 220 229 41 3 0 0 0 0 0 0 0 0 0 0 0 0 0 0 0 0 2 2 5 3 6 3 3 3 3 3 4 4 0 0 0 0 0 0 0 0 0 0 0 0 0 0 0 0 0 0 0 1 2 0 1 5 6 17 42 132 240 255 255 255 255 238 138 63 25 15 13 6 7 4 3 0 0 0 0 0 0 0 2 0 0 2 2 2 0 0 0 0 0 2 2 2 1 0 0 0 0 0 0 0 1 2 0 2 0 0 0 0 0 0 0 0 0 0 2 0 0 0 0 0 0 0 0 0 2 2 3 3 4 0 2 0 0 0 0 0 0 0 0 0 0 0 0 0 0 0 0 0 4 2 2 4 2 2 2 4 2 3 3 0 0 0 0 0 0 0 0 0 0 0 0 0 0 0 0 0 2 3 4 2 4 1 0 0 0 0 0 0 0 0 0 0 0 0 0 5 11 5 2 0 0 1 1 0 0 0 0 2 2 3 1 4 15 115 242 206 27 6 5 2 3 2 2 0 0 0 0 2 2 0 0 2 2 2 2 3 2 2 8 31 27 11 5 11 24 67 97 115 114 111 111 109 101 81 57 32 18
0 0 0 0 0 0 0 0 0 0 0 0 0 2 1 1 2 0 0 0 0 0 0 1 2 2 2 2 2 2 2 2 2 0 0 0 0 0 0 4 2 2 3 5 3 2 3 4 3 3 2 0 2 2 1 0 0 0 0 2 2 1 2 0 0 0 3 4 9 3 2 0 2 0 0 0 2 3 6 5 6 3 2 0 0 2 0 1 3 9 24 12 3 2 3 3 0 0 0 0 0 0 0 2 0 2 1 3 3 4 7 4 3 3 3 7 15 37 101 154 204 216 193 145 95 52 29 21 17 8 8 7 2 0 3 3 14 43 55 47 19 7 2 2 0 0 2 0 0 0 0 0 0 0 3 4 7 4 4 3 3 5 6 4 2 2 2 2 3 3 3 0 0 0 0 0 0 0 0 0 0 0 0 1 2 1 0 0 0 0 0 2 1 4 14 78 56 26 40 72 109 74 37 11 4 1 0 0 0 0 0 0 2 2 3 3 3 2 9 53 118 72 13 4 3 3 2 2 0 1 2 2 2 0 0 0 0 0 0 0 0 0 0 0 0 0 2 2 0 5 52 241 203 27 2 0 0 0 0 0 0 0 0 0 0 0 0 0 0 0 2 2 2 4 4 5 3 2 3 2 3 5 3 0 0 0 0 0 0 0 0 0 0 0 0 0 0 0 0 0 0 1 1 0 1 4 7 21 43 153 250 255 255 255 252 172 82 31 12 12 9 6 4 1 2 2 0 0 0 0 0 0 2 2 2 2 2 0 0 0 0 0 1 2 1 0 0 0 0 0 0 0 0 0 0 0 0 2 2 0 0 0 0 0 0 0 0 0 1 1 0 0 0 0 0 0 0 0 0 2 2 3 4 4 1 2 0 0 0 0 0 0 0 0 0 0 0 0 0 0 0 0 0 4 2 2 4 2 2 2 4 2 4 2 0 0 0 0 0 0 0 0 0 0 0 0 0 0 0 0 0 0 3 5 2 4 0 0 0 0 0 0 0 0 0 0 0 0 0 0 3 9 8 3 0 0 0 2 0 0 0 0 0 0 3 2 3 11 76 234 228 47 6 5 0 2 1 1 0 0 2 2 0 0 2 2 2 2 2 2 2 3 4 10 34 29 19 22 57 103 123 117 98 77 60 45 34 23 18 15 14 15
0 0 0 0 0 0 0 0 0 0 0 0 0 2 2 0 0 2 1 0 0 0 0 0 0 0 0 0 0 0 1 2 3 2 2 2 0 0 2 2 2 3 3 6 4 4 3 3 4 4 3 4 4 4 4 3 3 3 3 4 4 2 2 3 2 2 5 7 5 3 2 2 0 0 1 2 3 3 5 6 3 3 1 0 0 2 0 2 4 9 24 9 1 3 2 3 2 0 0 0 0 0 0 2 0 0 1 2 1 3 4 3 3 3 4 3 7 13 26 75 127 182 216 214 184 143 102 62 30 22 14 9 8 4 2 2 7 27 55 50 35 11 2 2 0 0 2 1 0 0 0 0 3 4 4 3 3 4 3 5 6 4 4 2 1 2 3 3 0 0 0 0 0 0 0 0 0 0 0 0 0 0 0 0 0 1 2 1 0 2 2 0 0 5 22 77 55 53 90 102 65 31 8 3 1 0 0 0 0 0 2 2 2 0 1 2 3 3 2 20 95 113 35 8 1 2 0 0 2 2 2 2 2 2 2 1 0 0 0 0 0 0 0 0 0 0 2 2 0 7 89 248 167 17 2 0 0 0 0 0 0 0 0 0 0 0 0 0 0 0 2 2 5 2 5 4 4 2 2 3 3 7 1 0 0 0 0 0 0 0 0 0 0 0 0 0 0 0 0 0 1 1 0 2 3 8 20 43 169 255 255 255 255 230 117 44 14 11 10 6 4 2 1 2 0 0 0 0 0 1 2 3 2 0 0 1 1 0 0 0 2 2 1 0 0 0 0 0 0 0 0 0 0 0 0 0 0 1 2 0 0 0 0 0 0 0 0 1 1 0 0 0 0 0 0 0 0 0 0 3 2 3 4 4 2 0 0 0 0 0 0 0 0 0 0 0 0 0 0 0 0 0 0 4 2 2 4 2 2 3 4 3 5 0 0 0 0 0 0 0 0 0 0 0 0 0 0 0 0 0 0 0 4 5 0 3 2 0 0 0 0 0 0 0 0 0 0 0 0 0 1 8 9 3 2 0 0 1 1 0 0 0 0 0 2 3 2 8 49 215 240 78 9 4 2 2 0 2 2 2 0 2 2 2 2 2 3 3 3 3 3 5 8 19 53 46 73 105 126 119 73 42 21 14 11 10 9 12 15 19 23 39
3 2 2 2 0 0 0 0 0 0 0 0 0 2 2 0 0 0 1 2 2 0 1 0 0 0 0 0 0 0 0 0 2 2 2 0 2 2 3 2 4 2 5 4 3 4 5 4 4 4 4 3 3 4 4 4 3 2 2 2 1 3 3 2 3 5 7 9 4 3 1 2 0 1 3 3 3 3 3 4 5 1 3 0 1 1 0 3 4 13 22 7 2 2 3 3 2 0 0 0 0 0 0 2 0 0 0 2 3 3 3 4 0 1 3 3 2 5 8 17 42 94 145 197 216 212 188 147 105 65 35 19 9 8 4 2 3 16 49 54 44 22 4 2 0 0 2 2 0 0 3 4 4 3 3 3 2 4 5 4 4 3 4 3 2 2 1 0 0 0 0 0 0 0 0 0 0 0 0 0 0 0 0 0 0 0 0 1 2 1 0 0 3 8 34 84 74 102 96 55 25 5 3 2 0 0 0 2 2 2 0 0 0 2 1 1 2 3 2 5 49 110 91 16 4 1 1 0 0 0 0 0 2 2 3 3 3 3 3 3 3 3 3 3 2 3 3 2 3 12 132 248 128 10 3 2 2 2 2 2 2 2 0 0 0 0 0 0 0 0 2 2 5 3 7 3 4 1 2 3 4 5 0 0 0 0 0 0 0 0 0 0 0 0 0 0 0 0 0 1 1 1 2 3 8 19 42 174 255 255 255 255 193 77 24 11 10 8 3 3 2 2 1 0 0 0 0 2 2 1 2 2 0 0 0 2 2 2 2 2 0 0 0 0 0 0 0 0 0 0 0 0 0 0 0 0 0 0 2 1 0 0 0 0 0 0 1 1 0 0 0 0 0 0 0 0 0 0 0 2 2 2 4 3 2 0 0 0 0 0 0 0 0 0 0 0 0 0 0 0 0 0 0 4 2 2 3 2 2 3 3 4 3 0 0 0 0 0 0 0 0 0 0 0 0 0 0 0 0 0 1 2 3 5 0 3 2 0 0 0 0 0 0 0 0 0 0 0 0 0 0 5 10 5 2 1 0 0 2 0 0 0 0 0 2 3 2 7 34 191 245 119 11 5 3 2 3 3 2 2 2 2 3 3 3 3 3 4 5 8 16 24 50 81 122 127 130 119 78 40 17 11 8 7 11 15 19 25 37 61 102 151
10 9 8 5 6 4 4 4 4 3 3 3 3 3 3 2 2 2 2 2 2 3 2 2 2 2 2 0 0 0 0 0 2 0 2 2 1 2 3 3 3 3 5 1 2 1 3 3 4 4 5 6 6 6 5 4 5 4 4 4 3 3 3 4 3 3 4 10 7 5 4 3 3 4 4 3 3 0 2 3 6 2 3 0 2 0 1 4 4 17 17 4 2 2 3 3 1 2 0 0 0 0 0 0 2 0 0 0 0 2 4 4 3 0 0 3 3 4 3 5 10 24 55 100 151 197 217 209 191 151 107 54 31 16 8 5 3 9 32 58 54 30 9 2 2 0 0 2 2 4 4 4 3 3 3 5 5 4 3 2 2 2 2 2 2 0 0 0 0 0 0 0 0 0 0 0 0 0 0 0 0 0 0 0 0 0 0 0 2 1 2 3 4 20 71 99 105 79 47 19 4 2 2 0 0 0 2 2 0 0 0 0 2 0 0 0 2 2 2 3 18 81 117 43 10 2 3 2 3 3 3 3 3 2 2 2 2 2 2 2 2 2 2 2 3 3 3 3 5 17 178 245 94 8 3 0 0 0 0 0 0 0 2 2 2 2 2 2 2 2 3 4 4 4 5 4 1 2 2 4 4 5 0 0 0 0 0 0 0 0 0 0 0 0 0 0 0 0 1 2 2 2 3 10 16 37 164 255 255 255 254 157 49 16 8 8 5 2 3 3 0 0 0 0 1 2 2 0 0 0 2 1 2 2 2 1 0 0 0 0 0 0 0 0 0 0 0 0 0 0 0 0 0 0 0 0 0 2 0 2 0 0 0 0 0 0 2 0 0 0 0 0 0 0 0 0 0 0 0 2 2 2 4 3 2 0 0 0 0 0 0 0 0 0 0 0 0 0 0 0 0 0 0 4 2 3 3 2 3 2 4 4 2 0 0 0 0 0 0 0 0 0 0 0 0 0 0 0 0 2 1 0 3 5 0 3 2 0 0 0 0 0 0 0 0 0 0 0 0 0 0 3 10 7 2 2 0 0 2 0 0 0 0 0 2 3 2 4 24 153 248 153 17 6 5 3 3 2 2 2 3 4 2 3 4 5 10 17 29 55 82 116 133 149 134 119 78 45 19 8 9 10 15 19 30 46 65 107 156 208 245 255
13 10 9 10 7 5 5 4 4 4 3 3 2 3 4 3 2 2 0 0 0 0 0 0 0 0 0 2 2 2 2 0 2 0 2 2 3 4 4 4 5 8 3 3 2 2 0 0 0 0 0 1 3 2 3 3 2 4 4 3 3 3 2 3 3 4 6 7 7 8 8 8 6 6 3 2 0 3 2 3 4 3 2 2 2 1 4 4 8 20 11 3 2 2 1 4 2 1 1 0 0 0 0 0 2 0 0 0 0 0 3 4 3 3 1 2 2 4 3 3 5 7 13 29 57 104 145 197 214 209 189 144 77 38 20 11 5 5 19 49 62 38 16 3 2 0 2 4 4 4 4 4 3 4 4 3 3 2 2 0 2 2 2 2 0 0 0 0 0 0 0 0 0 0 0 0 0 0 0 0 0 0 0 0 0 0 0 0 2 2 2 6 16 55 113 113 73 37 13 3 2 2 0 0 0 2 2 0 0 0 0 0 2 0 0 2 2 2 3 2 6 43 108 98 25 7 5 5 5 4 4 4 3 3 3 3 3 2 0 0 0 0 0 0 0 2 2 2 5 31 215 233 62 5 4 3 1 0 0 0 1 2 2 0 0 0 0 0 0 0 2 5 3 6 5 4 2 2 3 5 4 4 0 0 0 2 2 2 2 2 2 2 2 2 2 2 2 2 2 1 2 2 7 12 35 147 252 255 255 254 139 39 12 6 6 5 2 1 3 0 0 0 2 2 1 0 0 0 1 3 2 1 0 2 0 0 0 0 0 0 0 0 0 0 0 0 0 0 0 0 0 0 0 0 0 0 0 2 0 0 2 0 0 0 0 2 0 0 0 0 0 0 0 0 0 0 0 0 0 2 2 2 4 3 2 0 0 0 0 0 0 0 0 0 0 0 0 0 0 0 0 0 0 4 2 3 2 3 3 3 4 4 2 0 0 0 0 0 0 0 0 0 0 0 0 0 0 0 2 0 0 0 3 5 0 3 3 0 0 0 0 0 0 0 0 0 0 0 0 0 0 2 7 9 4 1 2 0 0 2 0 0 0 0 0 3 2 3 18 119 245 198 25 7 5 2 3 2 3 3 3 4 8 12 21 39 64 94 124 139 151 146 129 104 65 33 17 10 11 15 21 34 53 73 107 153 209 248 255 255 255 255
25 22 16 14 12 11 11 9 9 10 9 8 6 6 6 4 4 4 4 4 4 3 2 2 0 0 2 1 0 0 2 2 3 3 2 2 3 3 4 4 4 3 2 2 2 0 0 0 0 0 0 1 2 2 2 3 2 2 2 2 2 2 3 4 4 4 4 7 8 7 7 7 8 7 6 5 4 3 2 3 4 3 1 3 2 2 4 4 11 19 8 2 2 1 2 3 3 2 2 0 0 0 0 0 0 2 0 0 0 0 0 3 3 4 3 0 2 2 3 3 3 3 4 8 18 30 57 95 140 189 212 207 173 109 48 20 12 7 11 39 66 47 25 5 2 1 4 4 3 4 3 4 3 3 3 2 2 2 2 2 2 0 0 2 0 0 0 0 0 0 0 0 0 0 0 0 0 0 0 0 0 0 0 0 0 0 0 1 3 2 7 15 55 116 123 69 34 9 3 2 2 2 0 0 2 2 0 0 0 0 0 0 2 1 2 1 2 2 0 4 3 20 70 128 67 24 17 15 14 13 10 8 7 7 6 5 4 4 5 4 4 3 3 2 2 2 3 3 5 55 237 206 35 3 3 2 3 3 3 2 1 0 0 2 2 1 0 0 0 0 3 5 3 7 3 2 2 1 2 4 5 5 4 2 2 0 0 0 0 0 2 2 2 2 2 2 2 2 2 2 2 6 11 33 125 248 255 255 255 147 34 12 6 7 3 2 0 2 2 1 2 2 0 0 0 0 2 2 2 2 0 0 1 1 0 0 0 0 0 0 0 0 0 0 0 0 0 0 0 0 0 0 0 0 0 0 2 0 0 0 2 0 0 0 2 0 0 0 0 0 0 0 0 0 0 0 0 0 0 2 2 2 4 3 2 0 0 0 0 0 0 0 0 0 0 0 0 0 0 0 0 0 0 4 2 3 3 3 2 3 5 4 0 0 0 0 0 0 0 0 0 0 0 0 0 0 1 2 0 0 0 0 2 5 2 2 4 0 0 0 0 0 0 0 0 0 0 0 0 0 1 1 4 11 6 2 2 0 0 2 0 0 0 0 0 3 2 2 12 84 240 221 39 6 4 2 4 3 7 10 15 26 40 66 95 129 146 147 137 119 95 67 39 19 14 13 17 21 36 58 78 118 164 223 252 255 255 255 255 255 249 223
52 40 40 37 32 31 25 20 15 13 14 13 12 9 9 8 8 7 8 7 6 6 6 6 7 7 6 6 5 3 2 2 3 1 0 0 5 4 5 6 4 2 2 2 2 2 2 2 2 2 2 3 2 2 2 4 2 2 0 2 1 3 2 1 0 2 3 4 7 7 8 8 6 7 7 6 3 5 4 3 4 4 2 3 0 3 3 6 14 17 5 0 2 2 2 3 3 1 2 1 0 0 0 0 0 2 0 0 0 0 0 0 4 3 5 2 1 2 2 2 4 4 3 3 5 10 16 33 49 93 144 200 212 197 128 62 24 10 10 27 64 57 33 6 3 6 5 3 5 4 3 3 3 2 2 2 2 0 2 1 0 0 0 2 0 0 0 0 2 0 0 0 0 0 0 0 0 0 0 0 0 0 0 0 0 0 0 3 2 9 21 59 116 114 75 26 7 3 2 2 2 0 0 0 2 0 0 0 0 0 0 0 0 1 2 2 2 3 4 7 12 24 72 135 135 98 72 66 59 55 51 39 33 25 17 13 10 8 5 4 4 5 5 4 5 5 3 3 7 103 248 163 23 3 3 1 0 0 3 4 3 2 2 0 0 1 2 1 0 2 4 4 4 6 3 3 3 3 4 5 5 2 2 2 2 0 0 0 1 2 0 2 2 0 0 0 0 2 2 1 5 11 24 101 238 255 255 255 173 35 11 6 7 4 2 0 2 3 2 1 0 0 0 1 2 2 0 0 2 0 0 0 1 0 0 0 0 0 0 0 0 0 0 0 0 0 0 0 0 0 0 0 0 0 0 0 2 0 0 0 2 0 0 2 0 0 0 0 0 0 0 0 0 0 0 0 0 0 0 2 2 2 4 3 2 0 0 0 0 0 0 0 0 0 0 0 0 0 0 0 0 0 0 4 2 3 3 2 2 4 4 3 0 0 0 0 0 0 0 0 0 0 0 0 0 2 1 0 0 0 0 0 0 5 2 2 4 0 0 0 0 0 0 0 0 0 0 0 0 0 2 0 0 10 9 3 0 2 0 0 2 0 0 0 0 3 3 2 8 58 225 237 60 6 5 8 11 18 29 50 78 110 133 152 154 132 113 90 65 40 24 16 15 19 23 40 62 89 127 180 235 255 255 255 255 255 255 248 223 180 127 88
100 92 79 62 54 44 47 44 40 38 31 27 24 25 26 24 22 20 19 17 14 12 11 10 7 7 7 7 7 8 8 5 5 3 3 5 4 3 6 3 4 3 2 2 2 2 3 3 3 4 4 3 2 2 2 2 4 4 4 3 4 4 3 5 5 5 8 9 10 12 10 7 7 7 9 8 9 6 3 5 6 4 3 2 3 4 3 10 18 12 3 1 2 1 1 2 4 3 1 2 0 0 0 0 0 0 2 0 0 0 0 0 1 4 4 4 2 2 2 0 2 4 2 2 3 4 8 11 19 32 47 107 165 207 200 140 58 25 12 21 53 66 38 6 5 4 5 5 3 3 4 3 2 2 0 0 0 2 0 0 0 0 0 0 2 0 0 1 2 0 0 0 0 0 0 0 0 0 0 0 0 0 0 0 1 2 3 5 11 29 72 123 107 68 24 6 4 0 0 0 2 2 2 2 0 0 0 0 0 0 0 1 2 2 1 2 4 9 18 30 51 87 141 199 228 241 241 239 235 227 213 197 169 144 115 94 59 40 29 20 15 9 5 5 4 3 5 4 15 151 245 133 18 4 3 2 2 2 1 0 2 3 2 2 2 2 3 3 3 4 5 4 8 5 4 2 0 2 3 5 4 2 2 0 0 0 1 2 1 0 0 2 2 0 0 0 1 2 1 3 7 24 69 211 255 255 255 204 46 14 7 5 4 3 0 2 3 0 0 0 0 1 2 1 0 0 0 2 0 0 0 0 0 0 0 0 0 2 0 0 0 0 0 0 0 0 0 0 0 0 0 0 0 0 0 2 0 0 0 0 2 0 1 1 0 1 2 2 2 2 2 2 2 2 2 2 2 1 0 3 2 2 4 3 2 0 0 0 0 0 0 0 0 0 0 0 0 0 0 0 0 0 0 4 2 4 2 3 2 5 3 3 0 0 0 0 0 0 0 0 0 0 0 1 2 0 0 0 0 0 0 0 0 5 2 2 4 0 0 0 0 0 0 0 0 0 0 0 0 0 2 0 0 7 9 4 2 1 2 1 2 0 0 0 0 2 3 3 7 40 204 245 104 14 21 38 67 94 118 134 145 141 127 109 81 58 35 21 14 16 19 25 40 63 96 136 202 242 255 255 255 255 255 255 245 219 174 124 89 61 38 28
121 119 109 107 105 98 82 76 71 62 61 57 57 48 43 39 32 27 22 21 22 21 21 20 18 15 13 11 9 8 8 9 9 8 8 10 9 10 6 7 6 7 8 8 7 6 6 6 7 7 8 7 7 6 6 5 7 7 6 7 7 7 7 7 8 8 5 5 8 9 13 14 13 15 15 15 15 15 12 7 6 7 4 4 6 3 5 14 17 6 3 2 0 0 1 1 3 3 2 2 1 0 0 0 0 0 2 0 0 0 0 0 0 2 3 4 4 2 2 0 2 2 3 2 2 1 2 4 9 16 24 32 81 146 200 203 138 67 20 18 51 71 40 11 4 4 6 4 3 2 1 0 0 0 0 0 2 0 0 0 0 0 0 0 2 0 0 2 1 0 0 0 0 0 0 0 0 0 0 0 0 0 0 0 2 3 7 17 39 86 127 93 56 21 11 5 2 0 0 2 0 0 2 2 2 2 1 0 0 0 1 2 2 3 4 11 24 44 86 141 205 245 254 255 255 255 255 255 255 255 255 255 255 255 254 250 236 201 163 125 87 59 41 27 20 12 6 9 30 198 236 115 13 7 5 3 3 3 3 2 2 2 2 3 3 2 0 2 2 4 5 5 6 3 2 2 0 2 4 5 3 2 2 0 1 2 2 1 0 0 0 2 2 1 2 2 2 2 2 6 18 48 168 255 255 255 233 63 18 7 4 5 3 1 3 1 2 0 1 2 2 1 0 0 0 0 2 0 0 0 0 0 0 0 1 2 2 1 1 0 0 0 0 0 0 0 0 0 0 0 0 0 0 0 0 2 0 0 0 0 2 2 2 2 2 1 0 0 0 0 0 0 0 0 0 0 0 1 3 2 2 2 4 3 2 0 0 0 0 0 0 0 0 0 0 0 0 0 0 0 0 0 2 4 2 4 2 3 1 5 4 2 0 0 0 0 0 0 0 0 0 0 2 1 0 0 0 0 0 0 0 0 0 5 2 2 4 0 0 0 0 0 0 0 0 0 0 0 0 2 0 0 0 4 9 5 4 2 2 2 3 2 2 2 2 2 3 2 6 30 161 248 165 81 105 123 134 140 138 128 103 77 55 30 18 15 17 22 26 40 62 101 147 209 245 255 255 255 255 255 255 240 207 164 121 84 58 36 26 12 8 5
97 109 114 119 122 123 123 124 119 114 111 109 103 104 102 92 85 74 60 54 49 49 40 38 37 38 38 38 31 29 23 19 16 14 13 16 14 12 11 10 9 10 10 10 12 12 10 10 10 12 11 12 11 11 12 13 10 11 11 13 15 15 15 14 13 14 20 22 20 22 22 25 27 27 28 31 26 20 20 17 13 11 7 5 5 6 8 23 12 6 2 3 2 2 2 2 2 3 3 1 2 1 0 0 0 0 0 2 0 0 0 0 0 2 3 3 3 4 3 2 2 2 1 3 3 1 2 2 1 4 11 18 34 75 148 202 200 131 56 19 55 70 39 11 6 6 3 3 2 0 0 0 0 0 1 2 0 0 0 0 0 0 0 2 0 0 1 2 0 0 0 0 0 0 0 0 0 0 0 0 0 0 0 2 4 10 21 51 104 124 83 45 14 7 7 5 3 0 0 2 0 2 2 0 0 0 1 2 2 2 1 2 4 9 26 52 121 200 245 255 255 255 255 255 255 255 255 255 255 255 255 255 255 255 255 255 255 255 255 254 250 231 199 155 116 82 59 49 78 220 217 109 21 7 6 6 4 4 4 4 3 2 0 1 2 2 2 2 3 4 5 5 6 4 3 0 0 2 5 5 3 1 3 2 2 0 0 1 2 2 3 3 3 2 0 0 4 2 3 12 35 120 248 255 255 250 112 25 8 5 4 4 2 2 1 3 2 2 1 0 0 0 0 0 0 2 2 0 0 0 0 0 1 2 1 0 0 0 2 0 0 0 0 0 0 0 0 0 0 0 0 0 0 0 1 1 0 1 2 2 1 2 0 0 0 0 0 0 0 0 0 0 0 0 0 0 0 0 2 2 2 3 4 3 2 1 0 0 0 0 0 0 0 0 0 0 0 0 0 0 0 0 2 3 4 3 2 3 0 5 4 2 0 0 0 0 0 0 0 0 1 2 0 0 0 0 0 0 0 0 0 0 0 5 3 2 3 0 0 0 0 0 0 0 0 0 0 0 0 2 0 0 0 2 8 8 2 3 2 1 0 2 2 2 2 2 3 6 10 32 128 248 230 153 143 138 119 99 65 46 33 22 17 18 21 27 40 66 114 162 218 249 255 255 255 255 255 253 234 202 151 119 88 55 33 21 13 8 6 6 5 4
30 41 55 67 80 98 104 108 115 114 111 116 119 119 116 119 111 111 111 104 90 74 71 67 65 63 60 60 66 66 63 55 46 35 31 28 24 20 20 20 19 18 18 17 15 16 18 19 16 15 10 13 14 16 17 17 21 21 26 29 31 33 33 36 38 41 41 42 43 46 48 52 54 57 56 55 52 48 36 33 28 24 14 9 9 10 15 18 7 3 3 3 3 3 2 1 2 3 3 3 2 1 1 0 0 0 0 2 0 0 0 0 0 2 2 3 3 3 4 2 1 3 2 3 2 2 2 2 2 2 3 10 16 31 80 157 214 197 103 49 56 57 41 12 5 6 2 0 2 0 0 0 0 1 1 0 0 0 0 0 0 0 0 2 1 2 2 2 0 0 0 0 0 0 0 0 0 0 0 0 0 2 3 6 12 28 66 116 119 69 31 12 4 3 4 5 5 2 0 2 2 2 0 0 0 0 0 0 2 0 2 8 18 47 126 217 254 255 255 255 255 255 255 252 244 227 210 204 203 208 218 231 245 254 255 255 255 255 255 255 255 255 255 255 254 250 231 198 188 242 227 151 61 34 22 10 8 7 5 4 4 4 4 3 2 1 0 1 3 5 4 7 5 3 3 3 3 3 7 6 5 4 2 2 4 4 4 4 5 5 5 4 4 3 4 4 4 4 7 24 71 211 255 255 255 161 35 11 4 3 5 3 2 2 2 3 2 1 0 0 0 0 0 0 0 2 0 0 0 0 0 0 0 0 0 0 0 0 2 0 0 0 0 0 0 0 0 0 0 0 0 0 0 0 2 2 2 1 0 0 2 0 0 0 0 0 0 0 0 0 0 0 0 0 0 0 0 0 2 2 2 2 6 3 2 2 0 0 0 0 0 0 1 2 2 2 2 2 2 2 2 2 3 4 4 4 3 4 2 5 5 2 0 0 0 0 0 0 0 1 1 0 0 0 0 0 0 0 0 0 0 0 0 5 3 2 3 0 0 0 0 0 0 0 0 0 0 0 1 1 0 0 0 2 5 9 6 3 3 3 3 5 6 8 10 14 17 20 23 40 84 244 253 174 101 69 41 31 24 15 18 18 25 45 74 123 175 222 250 255 255 255 255 255 249 230 195 150 113 79 54 32 20 15 9 7 6 5 4 3 2 3
19 18 24 26 31 35 43 49 50 63 77 79 90 97 103 105 114 113 110 104 104 99 92 92 92 93 99 96 88 84 83 92 85 76 60 51 44 40 36 39 45 44 43 44 43 44 42 38 39 39 42 42 42 42 43 48 48 49 50 53 57 63 72 79 83 88 91 94 94 92 99 99 106 105 105 99 106 105 91 73 51 36 27 17 14 9 22 15 7 5 5 4 4 3 3 3 3 5 4 4 3 2 2 0 0 0 0 2 0 0 0 0 0 2 1 2 2 3 4 2 1 2 0 1 3 3 2 2 2 2 2 5 10 17 39 109 198 227 161 72 64 57 38 11 7 3 2 0 2 0 2 0 2 1 0 0 0 0 0 0 0 0 0 2 2 0 3 0 0 0 0 0 0 0 0 0 0 0 0 0 3 4 9 15 41 94 130 107 54 25 8 3 2 0 2 4 6 4 0 2 2 0 0 0 0 0 0 2 0 4 13 28 94 202 252 255 255 255 255 254 239 198 127 83 53 42 39 35 42 46 50 59 72 93 119 151 198 234 252 255 255 255 255 255 255 255 255 255 255 255 255 250 207 151 102 73 50 33 24 16 11 9 7 5 5 4 3 4 3 6 5 6 4 2 1 0 2 5 6 4 2 3 4 4 6 5 6 7 8 6 7 6 6 5 5 6 5 4 12 40 152 255 255 255 224 56 17 4 3 5 4 2 2 0 2 0 0 1 2 0 0 0 0 0 2 0 0 0 0 0 0 0 0 0 0 0 0 0 1 1 0 0 0 0 0 0 0 0 0 0 0 2 2 2 0 0 0 0 0 2 0 0 0 0 0 0 0 0 0 0 0 0 0 0 0 0 0 0 2 2 2 2 5 2 2 2 2 2 2 2 2 2 1 0 0 1 2 2 2 2 2 2 4 3 3 3 3 2 2 5 4 2 2 2 2 2 2 2 2 2 2 2 2 2 2 2 2 2 2 2 2 2 2 5 5 3 4 2 2 2 2 2 2 2 2 2 2 2 2 2 2 2 2 2 4 8 7 8 10 10 10 10 13 13 18 18 21 20 14 18 49 235 255 164 47 30 22 22 20 25 44 77 126 175 230 253 255 255 255 255 255 245 223 189 141 102 77 47 31 19 13 9 7 4 4 3 3 2 2 3 2 0
9 10 14 14 15 18 20 23 28 28 32 36 37 39 42 50 57 61 68 79 77 70 72 63 65 68 61 68 76 81 87 84 92 99 102 99 92 83 89 94 94 99 107 107 102 96 94 98 96 98 95 95 99 96 88 94 98 99 96 96 92 91 86 84 86 89 88 94 96 98 96 93 84 86 90 93 91 97 106 98 105 92 54 42 25 26 28 15 7 7 7 9 9 9 8 8 7 3 4 6 4 2 2 2 1 0 0 2 0 0 0 0 0 2 0 2 2 4 4 4 2 2 2 0 2 2 2 2 1 2 3 4 6 10 33 67 158 232 207 109 77 50 32 10 7 3 3 3 3 3 2 2 0 0 0 0 0 0 0 0 0 0 0 3 2 2 2 0 0 0 0 0 0 0 0 0 0 0 2 3 6 10 23 58 107 127 81 48 18 4 3 1 0 0 0 2 5 6 3 3 0 0 0 0 0 1 2 0 6 15 42 147 242 255 255 255 255 245 196 114 52 31 23 17 12 8 7 7 7 6 7 7 10 14 18 24 33 53 82 119 155 199 240 254 255 255 255 255 255 255 255 255 255 255 254 238 203 168 113 71 55 38 24 14 10 9 7 5 5 8 8 7 5 4 4 4 3 4 8 7 6 8 10 13 15 18 22 25 23 21 19 16 16 13 11 8 9 12 21 83 227 255 255 255 118 24 6 4 4 5 2 2 0 2 2 0 0 0 0 2 2 0 0 2 2 0 0 0 0 0 0 0 0 0 0 0 0 0 0 2 2 0 0 0 0 0 0 0 2 2 2 0 0 2 0 0 0 1 2 0 0 0 0 0 0 0 0 0 0 0 0 0 0 0 0 0 0 0 0 3 3 2 5 3 2 2 2 2 2 2 2 2 2 2 2 1 0 1 2 2 2 1 4 2 4 3 2 2 2 6 3 0 0 0 0 0 1 2 1 2 2 2 0 0 0 0 0 0 0 0 0 0 0 4 6 2 3 0 0 0 0 0 0 0 0 0 0 0 2 0 1 2 2 2 2 7 9 9 12 14 13 13 15 17 13 11 9 9 7 12 41 212 255 192 50 30 30 41 79 125 180 230 255 255 255 255 255 255 242 219 184 138 97 63 43 29 15 9 7 6 3 3 3 3 3 3 2 2 2 0 1 3
7 10 10 12 11 11 11 12 13 15 15 16 18 23 21 25 29 38 43 49 49 44 38 30 29 27 31 30 30 31 36 43 54 64 71 88 95 100 101 96 93 89 86 84 95 99 100 99 105 99 98 96 95 102 106 99 95 88 81 86 92 90 88 82 76 67 61 54 51 48 43 43 42 41 37 43 42 49 65 70 81 91 110 84 69 64 49 36 26 25 19 12 7 6 8 6 5 7 7 5 5 4 2 2 1 2 1 1 1 0 0 0 0 2 0 1 2 2 4 4 3 0 2 0 1 2 2 2 2 3 3 4 5 11 31 55 132 229 227 130 72 43 24 8 8 6 5 5 3 2 2 2 2 0 0 0 0 0 0 0 0 0 1 2 0 2 0 0 0 0 0 0 0 0 0 0 1 3 4 8 13 37 75 124 117 67 37 10 3 3 1 0 0 0 0 2 2 5 8 3 0 0 0 0 1 1 2 6 20 66 190 254 255 255 255 242 168 82 32 18 12 8 3 3 2 3 4 3 2 3 3 3 3 3 3 3 6 9 12 14 17 30 50 83 129 167 211 243 254 255 255 255 255 255 255 255 255 255 254 242 209 155 105 64 41 24 17 14 13 10 11 9 7 6 4 4 4 7 14 14 15 20 31 53 84 118 135 147 141 130 117 100 67 54 44 36 29 24 51 157 255 255 255 204 46 12 4 6 4 4 3 0 0 2 0 0 0 0 0 0 0 2 1 2 0 0 0 0 0 0 0 0 0 0 0 0 0 0 2 2 2 0 0 0 0 0 2 2 0 0 0 0 2 0 0 0 1 1 0 0 0 0 0 0 0 0 0 0 0 0 0 0 0 0 0 0 0 0 0 2 2 2 5 2 2 2 0 0 0 0 0 0 2 2 2 2 2 2 2 2 2 2 5 4 4 4 4 3 5 5 3 2 1 0 0 2 2 2 2 2 2 2 2 2 2 2 2 2 2 2 2 2 2 5 6 2 4 0 0 0 0 0 0 0 0 0 0 2 2 2 2 3 4 5 6 8 8 10 12 11 13 13 11 7 6 7 8 10 14 24 50 198 255 228 78 84 123 175 230 255 255 255 255 255 255 240 214 177 128 85 54 37 26 16 9 5 5 5 3 2 3 3 2 0 0 0 0 0 2 3 2 0
2 2 3 3 5 7 6 5 5 7 8 8 9 10 13 12 12 18 19 31 45 48 33 18 15 14 14 15 16 16 17 21 23 24 33 47 48 51 48 48 46 43 39 38 38 40 42 42 39 46 46 48 44 41 38 40 40 42 46 38 30 24 21 19 20 21 22 21 17 17 13 14 14 12 12 13 20 25 32 37 43 58 67 94 76 78 71 69 72 64 62 62 54 39 27 18 14 9 7 5 7 5 2 2 0 0 2 0 2 0 0 0 0 2 0 0 2 0 3 4 4 2 2 0 0 2 2 1 2 3 5 3 6 21 29 58 140 229 224 128 62 39 12 6 7 5 5 5 3 0 0 0 2 2 0 0 0 0 0 0 0 0 2 0 0 2 0 0 0 0 0 0 0 0 1 2 4 4 10 21 53 98 129 98 55 25 5 2 2 2 0 0 0 0 0 0 2 4 6 5 2 0 0 1 2 2 6 25 80 212 254 255 255 250 192 83 32 14 8 6 3 2 2 2 2 3 2 4 5 4 4 4 4 4 4 4 2 2 2 3 4 5 10 10 14 21 35 62 113 183 229 249 254 255 255 255 255 255 255 255 255 255 252 230 175 118 69 37 31 26 20 16 12 10 9 10 13 16 22 27 48 87 152 211 248 254 255 255 255 254 252 248 238 214 188 152 117 107 123 230 255 255 255 113 27 5 5 3 4 3 0 2 2 2 2 1 0 0 0 0 0 0 3 2 2 0 0 0 0 0 0 0 0 0 0 0 0 0 2 2 2 0 0 2 2 2 0 0 0 0 0 1 1 0 0 1 1 0 0 0 0 0 0 0 0 0 0 0 0 0 0 0 0 0 0 0 0 0 0 2 2 3 6 3 2 3 2 2 2 2 2 2 0 2 2 0 2 2 2 2 3 3 7 5 6 5 5 3 7 5 3 2 3 3 4 3 2 2 0 0 0 0 0 0 2 2 2 0 0 0 0 0 0 5 5 2 4 2 2 2 2 2 2 2 2 2 3 3 3 3 4 5 5 5 7 8 10 9 8 8 8 8 9 11 13 18 24 32 44 56 92 196 255 255 205 230 253 255 255 255 255 255 240 209 166 122 72 43 33 19 12 9 6 5 5 3 2 2 3 3 1 0 0 0 0 1 3 3 1 0 0 0
3 2 2 2 2 2 3 4 5 5 6 8 7 6 6 6 9 10 17 18 29 42 49 17 9 6 7 6 8 8 9 8 10 12 15 18 20 20 16 14 15 13 15 16 16 16 16 17 17 17 18 17 17 16 17 15 16 15 13 13 15 17 18 17 15 11 10 9 9 8 8 8 8 9 8 8 9 9 19 26 30 38 42 73 70 66 60 62 64 69 72 72 72 75 70 62 48 37 27 22 9 5 4 2 0 0 2 0 2 0 0 0 0 1 1 0 2 0 2 3 5 2 0 2 0 2 2 2 1 3 5 9 16 19 37 84 156 232 212 111 44 35 9 4 3 5 4 4 5 3 2 2 2 2 2 0 0 0 0 0 0 0 2 0 0 2 0 0 0 0 0 0 1 2 3 4 8 13 31 67 116 121 78 40 16 3 2 1 2 0 0 0 0 0 0 0 3 0 3 7 4 1 2 3 2 8 27 93 229 255 255 254 234 131 42 18 6 4 2 1 2 2 2 0 1 2 2 2 2 0 0 1 2 2 2 2 3 4 3 3 3 3 2 3 4 5 6 9 13 53 120 112 120 160 209 248 254 255 255 255 255 255 255 255 255 253 227 181 124 86 53 34 25 21 20 26 34 51 77 122 195 248 255 255 255 255 255 255 255 255 255 255 255 255 255 255 252 241 238 255 255 255 227 53 11 5 3 2 4 2 0 0 2 0 0 2 0 0 0 0 0 2 0 0 0 2 2 0 0 0 0 0 0 0 0 0 0 0 0 3 2 2 2 0 0 0 0 0 0 0 0 2 0 0 1 1 0 0 0 0 0 0 0 0 0 0 0 0 0 0 0 0 0 0 0 0 0 0 0 3 2 4 5 3 2 3 2 2 2 2 2 2 2 1 2 2 3 4 5 5 4 5 8 4 5 5 5 4 8 7 5 4 4 2 0 0 0 0 2 2 2 2 2 2 2 2 2 2 2 2 2 2 2 6 4 3 4 1 2 2 2 2 3 4 4 4 5 5 5 5 5 8 8 8 8 6 6 9 12 11 17 20 30 43 58 74 90 117 142 174 207 251 255 255 255 255 255 255 255 244 207 158 120 71 42 29 18 12 6 4 5 4 4 3 3 3 3 3 0 0 0 0 0 2 3 2 0 0 0 0 0 0
2 2 2 2 0 0 0 0 0 0 0 1 3 2 2 3 3 4 8 12 20 32 55 22 12 6 7 9 9 9 10 10 9 8 7 9 10 11 10 10 10 12 12 10 11 10 10 11 11 10 12 12 11 11 13 12 11 11 11 11 8 6 6 6 6 6 6 6 5 5 5 6 4 4 4 5 7 10 12 17 21 22 27 53 63 38 25 28 31 32 33 41 51 56 66 74 85 75 67 55 40 22 7 3 0 0 2 0 2 0 0 0 0 0 2 0 1 1 0 3 5 3 2 2 2 2 3 2 4 4 8 16 17 37 67 116 189 227 180 84 42 17 7 3 3 4 4 3 3 6 5 5 4 4 4 3 2 0 0 0 0 0 2 0 0 2 0 0 0 0 0 1 2 4 7 9 16 49 91 131 107 63 29 9 2 2 1 2 0 0 0 0 0 0 0 2 0 2 1 4 8 4 2 1 8 31 103 239 255 255 254 211 93 29 9 5 3 1 0 2 2 2 2 3 3 2 2 2 0 0 0 0 0 0 0 2 2 2 2 2 3 4 5 5 4 4 5 5 7 28 101 56 24 30 44 61 105 157 204 242 254 255 255 255 255 255 255 255 254 230 191 140 109 96 94 107 130 172 230 254 255 255 255 255 255 255 255 255 255 255 255 255 255 255 255 255 255 255 255 255 255 255 161 34 8 7 2 4 2 2 0 2 0 0 0 0 2 0 0 0 2 2 0 0 0 0 0 2 2 2 2 2 2 1 0 1 2 2 2 4 1 0 0 0 0 0 0 0 0 0 1 1 1 2 1 0 0 0 0 0 1 2 2 2 0 0 0 0 0 0 0 0 0 0 1 2 2 2 2 2 2 4 5 3 2 3 2 3 3 3 4 5 5 5 6 7 6 5 5 7 7 7 11 10 11 8 9 8 12 10 5 4 4 4 5 4 3 3 2 2 0 0 0 2 2 2 2 2 1 2 2 3 4 7 6 5 6 3 2 3 4 4 3 3 4 6 8 8 9 8 10 10 11 14 14 17 27 32 41 53 77 105 125 158 198 228 247 255 255 255 255 255 255 255 255 255 242 203 160 116 70 44 21 13 10 6 5 5 5 5 4 3 3 2 2 0 0 0 0 0 2 3 3 2 0 0 0 0 0 0 0 0
2 3 3 3 3 2 2 2 2 2 2 2 3 2 2 2 3 4 5 10 17 26 54 27 9 3 2 2 3 3 3 4 5 8 8 7 7 8 8 9 10 8 8 9 9 9 8 7 8 7 6 6 6 6 5 4 3 4 5 4 4 4 3 4 3 3 3 3 3 3 2 3 2 3 5 3 4 9 9 13 12 21 24 46 56 25 15 11 13 11 12 11 14 23 27 36 43 55 63 74 76 52 20 7 3 0 1 1 1 1 0 0 0 0 2 0 0 2 0 3 2 5 3 1 2 1 4 4 5 11 17 25 41 72 109 165 201 210 125 54 35 11 2 2 3 3 3 3 3 3 4 3 4 4 3 4 4 3 3 2 2 2 2 0 0 2 0 0 0 0 2 3 6 7 11 29 72 115 128 80 47 19 4 2 2 2 1 0 0 0 0 0 0 0 2 2 0 2 2 3 7 7 3 8 31 112 242 255 255 250 196 68 22 7 4 3 2 3 3 2 2 3 2 2 0 0 2 1 2 2 2 2 2 2 2 2 0 0 0 0 0 1 3 2 3 2 2 4 6 23 91 60 19 7 9 11 16 26 38 56 103 164 222 252 255 255 255 255 255 255 255 254 250 242 241 245 254 255 255 255 255 255 255 255 254 249 242 238 236 241 248 252 255 255 255 255 255 255 255 255 255 255 117 20 8 5 2 5 4 3 1 2 0 0 0 0 0 2 0 0 2 0 0 0 0 0 0 0 0 0 0 0 0 1 2 2 2 2 2 4 2 2 2 2 2 2 2 2 2 0 2 2 2 2 2 2 2 2 2 2 1 0 0 0 2 2 0 0 1 2 2 2 2 2 1 0 0 2 3 4 4 5 6 5 4 5 5 4 4 5 5 5 5 5 5 6 6 8 11 11 13 15 19 16 20 21 20 15 16 13 9 9 9 8 6 6 7 5 5 5 5 5 5 4 4 4 3 3 3 3 3 3 3 8 6 5 7 6 6 6 6 7 9 9 9 9 12 13 15 19 26 30 38 55 74 97 112 136 172 204 231 250 255 255 255 255 255 255 255 255 255 255 255 248 194 144 113 66 32 15 10 8 7 7 6 5 5 4 2 1 2 1 0 0 0 0 0 1 3 3 1 0 0 0 0 0 0 0 0 0 0 0
2 2 2 3 4 4 4 4 4 3 3 3 4 4 3 4 3 4 4 10 16 22 48 44 12 3 2 2 2 3 3 3 3 4 6 4 3 4 4 4 3 2 2 2 2 2 2 3 3 2 2 3 3 3 3 3 3 3 2 2 2 2 3 2 2 2 2 2 2 2 2 2 1 1 3 4 4 5 8 14 12 17 25 44 55 17 5 3 2 3 4 5 5 5 8 11 17 25 27 45 60 64 41 12 6 2 2 2 2 2 2 2 0 0 2 0 0 1 1 3 2 5 4 1 3 3 4 11 13 21 40 56 84 127 172 194 205 150 76 41 23 6 3 2 1 2 3 3 3 3 2 2 2 2 3 3 4 3 3 2 2 3 2 2 2 3 2 0 0 2 3 7 7 17 48 101 128 114 62 32 12 2 2 2 0 0 0 0 0 0 0 0 0 2 2 0 1 2 2 2 2 8 14 32 119 245 255 255 248 175 51 15 5 3 2 0 2 1 2 3 2 2 2 3 3 2 2 0 0 0 0 0 0 0 0 0 2 2 2 2 2 1 2 0 0 2 2 2 4 16 82 63 20 7 5 5 5 8 11 14 18 26 42 86 153 220 252 255 255 255 255 255 255 255 255 255 255 255 255 255 255 254 245 220 187 150 118 95 86 87 101 120 141 165 193 215 241 255 255 255 255 255 95 14 8 3 4 4 3 2 3 0 0 0 0 0 0 2 0 2 0 0 0 0 0 0 0 2 2 2 2 2 2 2 1 2 0 0 2 3 0 2 2 3 3 4 4 4 5 5 6 4 4 4 3 2 2 2 2 2 2 2 2 3 3 3 4 4 3 2 2 2 2 3 3 4 4 4 4 5 5 8 11 9 6 6 7 7 7 7 7 9 10 12 13 12 15 17 21 31 38 41 43 41 41 34 35 40 41 31 30 27 25 23 20 15 14 13 13 13 10 10 8 8 6 7 8 6 5 5 5 5 6 10 10 8 9 8 8 9 14 19 24 26 35 40 50 61 78 105 122 146 179 214 235 250 255 255 255 255 255 255 255 255 255 255 255 255 255 255 242 211 147 81 47 28 16 12 12 9 7 6 5 5 2 0 2 2 2 1 0 0 0 0 2 2 3 2 0 0 0 0 0 0 0 0 0 0 0 0 0 0
0 0 0 0 0 0 0 2 2 2 2 2 1 1 2 2 1 2 4 8 13 18 42 51 13 3 0 0 0 0 0 0 1 3 4 3 2 2 2 1 0 0 0 2 2 2 2 2 2 2 2 2 2 1 1 2 0 0 0 0 0 2 1 0 2 2 2 2 2 2 2 2 3 2 2 3 2 4 6 13 13 14 26 47 53 13 7 3 2 2 2 2 3 3 3 5 6 13 14 25 53 63 56 28 9 4 2 3 3 3 3 3 3 3 3 2 1 0 2 2 2 4 4 3 4 4 12 14 34 62 77 115 158 183 201 203 154 90 50 30 13 3 2 2 2 1 0 1 2 2 3 2 3 3 2 3 3 3 3 3 2 3 3 3 3 3 2 3 3 2 6 9 28 74 121 131 86 46 23 7 2 2 2 0 0 0 0 0 0 0 0 0 2 2 1 2 2 2 2 0 2 13 39 125 245 255 255 245 161 42 14 5 2 1 2 2 2 2 2 0 0 0 0 2 2 2 2 2 2 2 2 2 2 2 2 0 0 0 0 0 0 0 1 1 0 0 0 2 2 11 74 68 20 5 2 4 4 4 5 7 10 12 17 21 26 49 96 155 222 251 255 255 255 255 255 255 255 255 255 250 225 176 133 79 49 36 27 24 21 23 22 24 29 33 44 61 99 180 255 255 255 255 77 12 5 2 4 4 2 0 3 2 2 2 2 2 2 2 2 2 1 0 0 0 0 1 3 4 3 3 3 3 3 3 3 2 4 4 4 5 4 3 4 5 4 4 4 3 4 3 2 4 3 3 5 5 5 5 3 4 5 6 4 3 3 4 5 5 5 6 7 6 7 7 6 6 8 11 10 17 24 26 28 31 34 35 33 32 31 31 31 31 33 38 42 51 66 88 103 109 101 106 114 123 123 123 125 124 125 117 104 84 70 56 45 44 38 32 28 24 22 20 18 16 17 15 15 15 18 18 18 21 22 26 35 35 37 41 45 58 68 74 95 127 142 174 202 228 245 255 255 255 255 255 255 255 255 255 255 255 255 255 255 253 235 207 175 138 110 77 51 31 23 15 9 7 4 3 4 4 4 1 0 1 2 2 0 0 0 0 0 1 2 3 2 1 0 0 0 0 0 0 0 0 0 0 0 0 0 0 0 0
2 0 0 0 0 0 0 0 0 0 0 2 2 2 2 3 2 2 4 6 9 20 33 57 17 6 2 0 0 0 0 0 0 0 4 4 2 2 2 2 2 2 2 2 2 3 3 3 2 2 2 2 2 2 2 2 2 2 2 2 2 2 2 2 0 0 0 0 0 0 0 0 2 2 2 2 2 3 5 13 14 13 29 55 47 10 8 2 0 0 0 0 0 0 2 3 3 4 10 13 35 59 67 35 17 12 7 4 3 4 3 3 3 2 2 3 3 3 3 3 3 3 4 4 5 10 18 39 74 115 158 191 210 215 198 143 78 43 35 20 6 2 2 2 1 2 2 2 2 2 2 2 2 3 2 2 3 3 3 3 4 4 3 3 3 3 3 5 4 7 15 36 95 126 109 52 34 13 3 2 2 2 0 0 0 0 0 0 0 0 0 2 2 2 2 1 1 1 2 3 12 37 129 245 255 255 242 146 37 14 4 1 0 2 2 2 2 1 0 0 0 2 2 0 0 0 2 0 0 0 0 0 2 2 2 2 2 2 0 0 0 0 0 2 2 1 0 0 3 6 67 76 24 7 2 3 3 4 7 10 18 27 33 33 36 33 33 44 51 85 137 191 228 242 249 245 239 215 173 128 87 41 22 17 12 11 10 9 8 7 10 7 8 10 11 16 24 94 255 255 255 255 77 14 5 3 3 3 3 3 1 0 0 0 0 0 0 0 4 2 3 3 3 4 4 5 5 6 6 6 7 8 9 8 8 9 8 9 11 12 8 8 7 7 9 11 12 13 11 11 10 10 10 10 10 11 9 9 11 9 9 7 8 7 8 9 8 8 9 10 11 13 15 16 19 23 26 36 50 60 65 96 113 123 120 117 114 107 108 101 102 104 112 122 135 165 186 199 208 218 230 240 240 243 243 245 243 243 240 238 230 218 206 195 178 159 142 133 122 111 92 79 70 63 55 53 49 53 58 69 79 88 106 124 135 139 142 162 187 209 235 250 255 255 255 255 255 255 255 255 255 255 255 255 255 255 255 255 255 251 228 175 118 86 66 46 32 24 20 16 10 8 5 4 3 4 4 3 2 0 0 0 2 1 0 0 0 2 2 2 2 2 2 0 0 0 0 0 0 0 0 0 0 0 0 0 0 0 1 2 2 2
0 2 2 2 1 0 1 2 2 2 2 2 2 3 1 2 1 0 2 5 10 18 34 56 22 5 2 2 2 2 2 2 2 2 3 4 3 2 2 2 2 2 2 3 3 3 3 3 2 2 2 2 1 0 1 2 2 2 0 0 0 0 0 0 0 0 0 0 0 0 0 0 2 0 3 0 2 3 7 11 13 14 29 55 44 9 8 0 0 0 0 0 0 0 0 2 3 3 5 8 30 56 67 50 29 18 13 12 11 9 8 7 5 5 5 4 4 4 4 4 4 4 5 6 9 18 47 111 165 207 225 219 201 164 105 54 38 37 24 8 2 0 2 0 1 0 0 0 0 0 0 0 0 0 2 3 2 2 3 3 3 3 3 3 5 3 4 5 3 13 39 100 118 91 45 25 7 2 2 2 1 0 0 0 0 0 0 0 0 2 3 2 2 1 0 1 1 0 4 12 34 131 245 255 255 242 139 33 10 4 1 2 3 2 1 2 0 0 0 2 2 0 0 0 0 0 0 2 1 0 0 0 0 0 0 0 1 2 2 2 2 1 0 0 0 1 2 2 3 4 49 80 37 8 4 4 8 11 21 37 61 93 114 121 113 101 80 62 52 41 37 38 56 83 96 109 91 62 39 26 17 10 6 5 5 4 5 4 4 4 4 4 5 5 3 5 12 55 251 255 255 255 77 17 5 3 5 4 4 4 3 3 4 4 4 4 5 7 5 5 4 4 7 7 8 10 13 14 15 19 22 24 27 27 26 21 18 17 17 19 19 17 21 25 26 35 35 39 44 44 44 40 37 36 33 28 26 24 24 25 24 26 26 24 23 24 30 31 32 34 40 49 53 63 77 94 115 133 161 201 230 248 253 255 255 253 250 245 240 235 233 233 238 243 250 255 255 255 255 255 255 255 255 255 255 255 255 255 255 255 255 255 255 255 255 255 255 255 255 253 248 240 228 213 200 195 191 199 208 218 235 248 253 255 255 255 255 255 255 255 255 255 255 255 255 255 255 255 255 255 255 255 253 248 235 230 223 207 165 116 73 59 32 20 13 12 9 8 7 4 5 4 4 4 3 1 0 0 0 0 2 3 2 2 2 2 2 0 0 2 2 0 0 0 0 0 0 0 0 0 0 0 0 2 2 2 2 2 2 2 2 2
0 0 2 2 2 2 2 2 0 0 0 0 0 2 2 3 3 2 2 4 10 17 33 55 27 6 3 2 2 2 2 2 2 3 4 4 6 2 2 2 2 2 2 1 0 0 2 2 0 2 2 2 2 2 1 0 0 0 0 0 0 0 0 0 0 0 0 0 0 0 0 0 1 2 3 2 2 4 8 8 15 15 36 55 40 7 6 2 0 0 0 0 0 0 0 0 2 1 3 6 13 51 75 61 55 37 37 27 27 24 16 15 10 9 9 7 5 6 5 4 3 5 7 8 16 48 129 203 227 222 200 166 114 63 33 36 36 27 11 5 0 0 2 0 2 1 0 0 0 0 0 0 0 0 0 1 3 3 3 3 3 4 3 3 4 4 5 5 6 32 79 122 102 42 17 3 1 1 2 1 0 0 0 0 0 0 0 2 3 2 2 2 0 0 1 1 1 6 12 38 132 244 255 255 242 134 30 9 4 2 2 1 2 1 1 0 0 2 2 0 0 0 0 0 0 0 0 0 1 1 0 0 0 0 0 0 0 0 0 0 1 2 2 2 2 1 0 0 3 6 24 87 50 16 9 11 16 39 75 142 206 239 248 250 248 236 204 168 131 87 56 50 36 20 20 20 19 16 10 5 3 3 4 3 3 3 3 3 3 3 4 5 6 10 8 8 12 44 245 255 255 255 89 18 7 5 5 4 5 4 4 4 4 5 5 5 6 5 7 8 11 12 12 16 19 27 31 38 45 49 57 65 65 69 70 68 68 64 51 50 49 64 84 105 120 134 142 142 140 138 134 133 133 131 126 123 115 105 99 96 94 102 105 112 116 119 120 125 135 155 161 169 190 208 225 238 250 255 255 255 255 255 255 255 255 255 255 255 255 255 255 255 255 255 255 255 255 255 255 255 255 255 255 255 255 255 255 255 255 255 255 255 255 255 255 255 255 255 255 255 255 255 255 255 255 255 255 255 255 255 255 255 255 255 255 255 255 255 255 255 255 251 251 253 255 253 250 245 238 219 203 179 152 130 140 149 124 76 37 23 21 19 8 5 6 3 3 2 2 3 3 4 3 2 1 0 2 3 3 3 1 0 0 0 0 1 3 3 3 2 2 2 2 2 2 2 2 2 2 2 3 3 3 3 3 3 3 2 2 2 3 3
2 2 0 0 0 0 0 0 2 2 2 0 0 2 0 0 2 2 2 4 11 17 26 58 28 6 2 0 0 0 2 2 2 0 0 4 3 3 2 2 1 0 1 2 2 2 2 2 2 2 2 2 2 2 2 0 0 0 0 0 0 0 0 0 0 0 0 0 0 0 0 0 0 0 3 3 0 3 8 7 15 17 43 51 37 8 5 3 0 0 0 0 0 0 0 0 2 2 1 4 5 22 47 71 75 83 67 68 61 59 57 54 44 32 23 21 18 13 10 9 7 8 7 13 33 122 212 229 200 152 101 55 35 24 29 29 30 15 6 0 1 2 0 0 0 2 0 0 0 0 0 0 0 0 0 0 0 0 0 0 2 3 2 2 2 2 3 3 6 55 109 128 55 16 3 0 2 2 1 0 0 0 0 0 2 2 3 2 2 2 0 0 0 2 2 3 7 14 43 133 245 255 255 242 129 27 8 3 2 2 2 2 2 1 1 2 2 0 2 2 2 1 0 0 0 0 0 0 0 1 1 0 0 0 0 0 0 0 0 0 0 1 2 2 2 2 3 3 3 3 10 67 70 34 21 35 79 154 221 252 255 255 255 255 255 255 255 254 243 212 171 127 83 58 35 19 10 9 8 6 4 5 4 5 4 6 6 7 8 6 7 6 4 6 6 6 13 38 241 255 255 255 102 29 16 14 13 10 10 9 9 10 10 12 12 15 16 18 20 25 27 39 57 65 71 73 80 81 84 92 91 93 100 107 119 129 140 146 155 162 180 198 218 243 255 255 255 255 255 255 255 255 255 253 250 248 245 243 241 241 245 248 250 250 253 253 255 255 255 255 255 255 255 255 255 255 255 255 255 255 255 255 250 250 248 248 250 250 253 255 255 255 255 255 255 250 248 248 243 243 243 245 245 245 243 243 243 243 245 245 248 250 253 255 255 255 255 255 255 255 255 255 255 255 255 255 255 255 255 255 255 255 255 255 253 255 253 251 253 253 248 238 237 238 223 200 160 132 127 139 123 80 83 115 121 92 51 17 11 10 12 12 3 2 0 2 2 2 2 2 1 1 0 3 4 4 3 3 3 3 2 2 2 2 3 2 0 0 0 0 0 0 1 2 2 2 3 3 3 3 3 3 3 3 3 3 3 3 4 4 3 3
0 0 0 0 0 0 0 0 0 0 0 2 2 2 0 0 0 2 1 3 8 16 23 61 32 7 3 2 2 2 0 0 0 0 2 4 4 2 1 0 0 0 0 0 0 0 2 2 1 2 2 2 2 2 1 2 2 2 1 0 0 0 0 0 0 0 0 0 0 0 0 0 0 1 2 3 2 3 7 6 17 20 47 50 29 9 5 3 2 0 0 0 0 0 0 0 2 0 2 1 3 8 15 34 48 56 68 73 76 76 80 75 75 71 68 61 60 54 43 36 28 22 15 19 79 194 242 196 116 53 25 19 13 14 28 32 22 8 3 1 1 0 0 0 0 2 0 0 0 0 0 0 0 0 0 0 0 0 0 0 1 1 2 1 0 0 2 3 16 78 123 110 34 7 0 2 2 0 0 0 2 2 2 2 1 2 2 2 0 0 1 2 2 2 3 7 17 52 141 248 255 255 245 127 28 9 3 3 2 2 2 3 3 2 2 0 1 2 0 0 0 1 2 2 0 0 0 0 0 0 1 2 0 0 0 0 0 1 2 2 2 2 2 2 2 2 0 1 2 5 9 40 86 65 72 130 209 250 255 255 255 255 254 254 254 255 255 255 255 255 251 231 198 152 109 72 49 31 17 12 12 13 13 13 14 12 12 12 12 14 12 11 9 10 8 8 9 43 231 255 255 255 133 38 28 24 22 24 25 31 35 41 46 53 61 64 72 78 84 100 109 113 112 121 129 136 140 136 138 138 146 159 172 197 212 228 238 248 253 255 255 255 255 255 255 255 255 255 255 255 255 255 255 255 255 255 255 255 255 255 255 255 255 255 255 255 255 255 255 255 255 255 255 255 255 255 251 241 221 215 213 218 228 228 227 223 218 213 215 218 230 231 237 233 230 228 218 209 206 202 200 197 190 190 193 193 190 200 202 200 204 206 206 202 200 202 208 213 218 221 228 233 240 243 245 245 243 240 235 223 213 200 196 192 185 202 225 244 253 255 255 250 230 176 120 81 49 42 89 121 120 112 123 114 73 40 21 15 11 9 9 7 2 2 3 2 3 3 3 3 4 4 4 3 2 2 2 3 3 3 4 4 4 3 3 2 2 3 4 4 4 4 4 4 5 5 4 4 4 4 4 5 4 4 4 4 5 6 6 7 8 8
0 0 0 0 0 0 0 0 0 0 0 0 0 2 2 2 2 2 2 3 8 11 26 59 35 9 3 2 2 2 2 2 2 2 2 3 2 3 2 0 0 0 0 0 0 0 2 2 1 0 0 0 0 0 1 2 2 2 2 2 2 2 1 0 0 0 0 0 0 0 0 0 0 2 1 2 1 1 8 8 16 21 51 55 22 10 5 2 4 2 2 1 0 0 0 0 1 2 2 2 3 3 6 7 15 18 22 26 32 39 47 59 77 96 104 108 102 101 102 101 85 67 48 43 129 237 237 127 45 19 14 10 10 22 34 26 11 4 2 1 0 0 0 0 0 2 0 0 0 0 0 0 0 0 0 0 0 0 0 0 2 2 2 0 0 0 3 4 26 86 128 106 20 4 3 3 2 2 2 2 2 0 1 2 2 2 2 2 2 2 1 2 2 4 7 22 62 158 251 255 255 248 139 31 7 5 3 2 2 2 2 2 0 0 0 2 2 0 0 0 0 0 0 0 2 2 2 0 0 0 0 0 2 2 2 2 2 1 0 0 0 0 2 2 2 0 2 2 4 6 8 17 93 137 186 243 254 255 255 254 235 195 152 143 170 198 229 250 254 255 255 255 254 245 223 189 141 110 78 54 53 42 37 32 29 29 29 32 36 36 39 42 48 47 44 44 40 68 231 255 255 255 187 79 61 60 68 75 80 81 100 100 101 104 114 122 124 135 153 162 176 200 217 231 241 243 248 250 254 255 255 255 255 255 255 255 255 255 255 255 255 255 255 255 255 253 250 253 253 255 255 255 255 255 255 255 255 255 255 255 255 255 255 255 255 255 253 253 248 243 238 228 218 208 203 197 199 201 208 220 230 233 228 235 227 213 213 220 228 230 231 231 228 221 213 209 209 206 202 202 202 206 209 209 211 211 211 213 211 211 208 206 206 206 200 186 169 150 139 141 154 168 176 187 200 199 191 185 172 160 143 134 123 128 145 189 219 233 226 222 231 240 218 126 59 28 34 86 141 145 141 133 107 63 34 20 15 15 12 11 9 5 4 4 4 5 5 4 4 5 4 4 5 6 5 5 6 7 8 8 7 7 7 7 7 8 8 8 8 8 10 12 13 13 14 14 14 13 14 14 14 15 16 17 18 18 18 17 18 20 21 20
0 0 0 1 2 2 2 2 2 0 0 0 0 2 0 0 0 1 2 2 6 13 27 55 42 9 2 2 0 0 0 0 0 2 0 0 4 2 0 2 0 0 0 0 1 2 2 2 0 0 0 0 0 0 0 0 0 0 0 2 2 2 1 2 2 1 0 0 0 0 0 0 0 2 0 2 2 0 5 9 14 23 55 54 24 13 6 2 3 2 2 2 2 2 2 2 2 2 2 2 2 4 5 8 9 12 17 21 25 27 39 51 62 73 91 108 115 124 129 123 129 132 110 110 168 250 220 85 21 14 9 9 7 22 37 23 5 3 1 2 1 0 0 0 0 1 3 2 2 2 2 2 2 2 2 2 2 2 2 3 3 3 3 3 2 2 4 6 34 93 130 98 17 4 1 1 0 2 2 2 2 2 2 2 1 0 0 0 2 2 3 2 5 12 36 84 188 253 255 255 248 165 93 26 8 3 3 2 2 2 3 1 0 0 2 1 2 2 2 0 0 0 0 0 0 0 1 2 2 3 2 2 2 2 0 2 2 2 0 0 0 2 0 1 3 3 3 2 5 7 14 38 125 221 253 255 255 254 230 152 82 51 40 36 44 57 88 126 171 218 250 255 255 255 255 254 248 229 202 173 135 127 117 111 104 99 88 84 79 76 73 71 64 69 66 65 69 104 238 255 255 255 248 173 149 136 134 136 138 140 146 160 172 189 203 219 238 248 253 255 255 255 255 255 255 255 255 255 255 255 255 255 255 255 255 255 255 255 255 255 255 255 255 253 243 238 233 236 238 238 237 238 241 241 245 245 248 248 248 250 250 250 248 245 243 241 238 231 230 230 228 228 225 227 230 235 238 238 238 231 220 213 213 223 218 213 218 230 233 235 235 235 238 235 235 238 235 237 238 238 235 235 231 230 230 228 226 219 219 216 216 213 216 218 219 221 221 218 207 198 181 172 164 164 170 172 170 164 162 160 155 162 176 191 213 222 213 175 118 85 133 214 230 174 85 78 128 156 145 115 84 61 41 28 19 18 16 15 15 13 13 12 12 12 12 13 14 14 15 15 15 15 15 15 17 18 19 18 18 19 22 22 23 21 22 23 25 27 27 32 38 43 45 47 52 54 55 55 50 46 42 41 46 54 62 72 86 97 103 100 102 101
2 2 2 1 0 0 0 0 0 2 2 2 2 2 2 2 2 2 2 2 5 11 22 46 50 11 4 3 2 2 2 2 2 0 0 0 2 3 2 2 2 2 2 2 1 0 2 2 0 0 0 0 0 0 0 0 0 0 0 0 0 0 2 2 2 2 2 1 0 0 0 0 0 2 0 2 2 1 3 12 12 27 56 48 19 16 9 6 6 3 0 0 1 2 2 2 0 1 2 3 4 6 8 9 12 15 18 26 34 44 50 55 57 56 60 51 53 56 63 73 83 98 119 138 207 250 224 76 23 12 8 6 10 33 33 13 4 0 0 0 1 2 0 0 2 2 2 1 0 0 0 0 0 0 0 0 0 0 0 2 1 1 0 2 0 0 3 6 38 94 130 95 13 3 2 2 2 0 1 2 1 0 0 2 0 0 2 2 2 2 4 10 22 52 113 220 255 255 255 245 169 134 116 64 11 2 3 2 3 2 2 2 4 7 7 10 9 7 7 5 5 4 3 3 2 2 2 2 2 2 2 3 4 5 4 3 2 2 3 2 3 3 3 2 3 3 3 7 8 15 40 119 223 254 255 255 243 165 75 35 23 15 14 19 23 28 31 31 44 74 127 189 238 254 255 255 255 255 254 252 241 215 188 147 129 105 89 77 71 69 58 52 50 49 47 50 53 89 233 255 255 255 255 255 244 236 236 243 248 252 255 255 255 255 255 255 255 255 255 255 255 255 255 255 255 255 255 255 255 255 255 255 253 253 253 251 251 251 253 255 255 253 245 230 218 218 218 215 212 212 212 210 208 208 210 210 208 210 213 218 218 227 233 238 241 243 248 250 251 253 253 255 255 255 255 255 255 253 250 245 243 243 243 246 245 238 241 238 238 241 238 235 226 218 213 206 200 184 173 164 164 158 154 152 149 143 143 141 137 139 137 141 143 146 158 172 189 203 216 219 223 221 224 226 226 228 230 230 230 230 235 233 231 230 223 202 145 80 48 51 79 165 235 228 189 173 161 135 78 48 30 24 20 19 20 20 25 22 23 23 24 29 34 38 40 46 57 64 63 62 59 59 61 72 79 91 109 117 125 130 131 130 128 126 123 125 126 128 136 142 143 156 168 182 188 193 193 193 189 185 187 188 188 192 199 205 208 210 213 215 215 215
0 0 0 0 0 0 0 0 0 0 0 0 0 2 0 0 0 0 0 2 4 14 16 41 57 14 4 2 0 0 0 1 1 2 2 2 2 3 1 0 2 0 0 0 0 0 0 2 2 0 0 0 0 0 0 0 0 0 0 0 0 0 0 0 0 0 1 2 2 2 2 0 0 2 0 2 1 2 3 6 16 29 49 52 23 18 13 9 7 7 5 4 4 3 3 3 5 7 7 9 11 15 16 22 27 32 41 43 50 53 50 42 34 30 23 19 17 15 18 23 29 40 69 116 205 250 242 104 25 11 10 7 16 37 25 8 3 0 0 0 0 0 3 3 0 0 2 2 0 0 0 0 0 0 0 0 0 0 1 1 2 0 2 0 0 0 3 7 40 99 132 88 12 3 2 2 3 3 1 0 0 0 2 2 2 3 3 2 3 9 21 42 86 167 251 255 255 255 242 160 95 77 123 91 26 4 2 3 3 5 7 11 17 24 36 34 32 27 18 14 10 7 6 4 4 5 5 5 5 5 5 5 3 3 5 5 4 4 4 5 4 5 4 5 4 2 8 10 17 36 126 224 254 255 253 203 99 35 22 12 7 10 8 9 9 13 12 16 19 26 37 48 83 149 210 243 252 254 255 255 255 254 252 248 230 205 171 140 118 102 92 73 64 59 54 57 61 100 236 255 255 255 255 255 255 255 255 255 255 255 255 255 255 255 255 255 255 255 255 255 255 255 250 250 250 250 250 253 253 255 255 255 255 255 255 255 255 255 255 255 253 243 221 212 201 192 190 185 183 183 188 190 193 199 202 205 211 218 230 231 238 243 250 253 255 255 255 255 255 255 255 255 255 255 255 255 253 250 250 250 248 248 248 245 233 202 169 147 134 121 107 95 88 81 66 58 57 51 54 58 65 71 78 81 77 80 81 88 81 74 71 65 69 78 79 89 111 124 138 162 180 200 204 209 211 211 212 213 213 213 209 206 202 189 155 117 79 66 66 79 113 143 226 250 245 219 179 126 106 98 99 103 109 117 120 123 125 130 136 140 143 143 153 159 173 184 190 201 207 211 210 210 210 210 214 214 219 221 228 229 229 229 226 224 222 220 219 219 219 220 222 222 220 219 219 219 220 222 222 224 223 220 220 219 215 210 208 208 205 204 204 204
0 0 0 0 0 0 0 0 0 0 0 0 0 2 0 0 0 0 0 0 4 13 19 36 62 15 3 2 1 0 0 2 0 0 0 0 0 2 2 2 2 2 0 0 0 0 0 2 2 1 0 0 0 0 0 0 0 0 0 0 0 0 0 0 0 0 0 0 0 1 2 2 2 2 2 2 2 1 3 5 11 26 49 36 33 31 21 17 11 16 12 12 11 10 12 15 18 19 19 21 26 30 37 43 44 53 52 49 41 30 23 18 13 9 8 6 7 7 6 8 12 15 25 75 168 248 250 158 38 15 9 8 22 42 17 5 1 1 0 0 1 2 0 1 1 0 2 2 0 0 0 0 0 0 0 0 0 0 1 1 2 0 2 0 0 0 4 8 43 96 132 83 11 3 2 2 1 1 2 2 3 3 3 3 3 5 8 15 31 48 85 149 238 255 255 255 255 232 132 57 32 37 97 116 40 8 4 4 5 6 13 22 33 39 35 39 39 38 34 29 23 18 17 18 16 12 12 10 8 9 8 7 8 8 6 6 7 7 7 8 9 8 8 6 6 11 14 16 35 117 215 255 255 248 161 52 25 14 7 8 7 5 4 7 8 7 6 5 5 9 8 13 23 38 71 114 161 198 230 240 249 254 254 255 254 254 252 250 243 235 218 212 200 190 176 169 174 199 255 255 255 255 255 255 255 255 255 255 255 255 255 255 255 255 255 255 255 255 255 255 255 255 255 255 255 255 255 255 255 255 255 255 255 255 255 255 255 255 255 255 255 255 255 255 255 255 255 255 255 255 255 255 255 255 255 255 255 255 255 255 255 255 255 255 255 255 255 251 248 243 238 236 231 230 228 225 226 223 221 220 218 215 218 202 139 76 50 42 42 43 40 39 40 35 34 35 32 34 48 64 88 100 112 112 123 124 126 123 121 123 121 120 120 118 118 114 117 122 126 134 139 145 151 155 162 166 165 166 164 164 170 170 164 159 157 153 154 153 155 157 161 163 175 214 240 240 233 228 224 219 219 219 219 222 224 226 229 231 231 231 231 231 231 231 229 226 224 220 219 217 220 220 219 214 214 211 205 202 193 190 190 192 193 199 202 201 201 199 192 185 178 173 165 153 142 136 133 130 135 136 139 140 138 134 130 127 117 106 99 89 85 86
0 0 0 0 0 2 2 3 4 3 3 4 4 3 2 2 2 2 2 2 4 13 28 50 49 14 4 3 3 2 3 3 2 2 2 2 2 2 3 3 3 4 4 4 4 4 3 2 2 1 1 0 0 0 0 0 0 0 0 0 0 0 0 0 0 0 0 0 0 0 0 1 1 2 2 1 2 2 3 6 8 21 37 39 28 32 38 31 27 27 27 25 23 25 24 24 25 28 35 39 44 48 50 44 40 35 29 25 18 15 10 7 4 4 4 3 3 4 4 5 7 10 15 37 119 237 250 217 69 24 10 11 32 36 12 3 1 1 0 2 1 0 0 0 2 0 2 2 0 0 0 0 0 0 0 0 0 2 2 3 2 2 2 2 2 2 4 9 41 100 133 76 12 3 0 1 2 2 2 3 7 7 8 11 19 29 45 69 108 164 235 255 255 255 255 253 199 92 38 17 13 19 68 120 64 17 10 10 13 19 30 44 50 45 43 44 41 42 46 44 42 37 31 27 28 32 31 32 31 31 31 31 29 26 24 25 25 23 21 17 19 18 17 21 21 22 27 43 103 207 254 255 243 130 38 17 10 7 5 5 5 5 5 8 9 7 4 3 2 3 6 6 7 10 19 43 76 114 122 118 136 170 209 234 248 252 254 254 254 254 254 254 252 252 251 251 251 252 255 255 255 255 255 255 255 255 255 255 255 255 255 255 255 255 255 255 255 255 255 255 255 255 255 255 255 255 255 255 255 253 250 245 241 231 219 212 208 210 217 227 238 243 248 250 251 253 253 253 253 253 253 253 253 251 250 250 248 246 241 238 231 226 218 206 199 197 199 202 201 202 199 195 195 190 184 177 173 164 163 171 173 195 218 200 121 37 22 19 15 12 11 11 8 11 12 17 20 36 60 99 120 133 145 152 152 145 153 152 152 155 155 158 160 160 166 170 168 170 172 174 176 179 183 182 179 176 176 176 181 177 172 167 169 170 166 163 154 149 148 137 123 103 79 89 126 175 196 203 207 209 209 207 205 203 198 192 188 184 181 179 177 173 165 159 154 144 136 129 123 117 114 115 115 115 107 91 82 74 63 56 53 51 59 59 62 68 69 66 65 56 46 35 32 30 26 24 22 21 22 25 22 23 23 22 20 17 16 13 11 11 11 12
6 6 6 6 5 5 7 5 5 5 5 4 5 4 3 3 2 0 0 0 3 17 33 59 29 7 4 2 2 0 2 0 0 0 0 0 0 0 0 2 1 0 0 0 0 2 3 4 4 3 3 3 2 0 0 0 0 0 0 0 0 0 0 0 0 0 0 0 0 0 0 2 2 1 2 0 0 2 1 5 9 16 25 32 31 28 36 38 38 35 38 42 45 46 47 49 49 49 49 49 44 40 34 31 26 18 11 7 5 3 2 3 3 3 4 4 3 3 3 4 4 6 10 20 73 198 250 248 129 37 15 15 38 28 11 2 1 1 2 0 0 0 0 0 1 1 2 0 2 0 0 2 2 2 2 2 2 2 2 3 2 3 2 2 2 2 4 12 44 99 142 74 13 6 7 8 10 13 15 17 19 29 39 62 93 119 159 213 251 255 255 255 255 255 235 129 51 22 9 5 4 12 47 125 77 37 26 33 41 59 68 70 63 58 57 56 62 77 85 98 103 107 102 96 95 95 98 105 114 117 117 117 116 117 117 116 112 111 105 105 98 101 97 78 72 62 67 108 198 254 255 248 135 38 13 9 5 3 3 3 3 4 7 7 8 6 4 3 2 2 2 4 5 4 8 17 43 81 95 45 29 40 61 96 130 160 196 219 236 244 250 252 255 255 255 252 251 250 255 255 255 255 255 252 251 251 250 245 241 233 226 212 202 197 184 177 170 167 160 153 151 148 139 135 132 125 120 107 98 91 87 83 76 76 73 67 69 72 71 82 89 101 116 128 133 133 137 137 136 130 125 120 119 116 110 106 98 90 82 77 74 70 65 63 64 69 90 109 114 121 124 121 115 115 116 120 109 106 107 106 114 150 213 221 128 30 12 9 9 10 10 10 9 11 12 15 27 55 105 125 135 129 120 120 115 120 122 125 126 126 126 126 126 129 130 130 132 134 131 130 131 131 130 128 128 123 122 121 117 115 111 109 108 102 99 94 87 85 72 64 52 35 27 22 27 41 68 85 90 87 83 82 78 72 71 68 66 61 57 52 46 42 38 32 27 25 18 17 16 15 14 14 16 16 15 14 10 10 8 8 8 8 7 7 9 9 9 9 7 6 6 6 4 2 2 2 2 3 3 3 4 4 5 5 5 5 4 4 4 4 4 3
4 4 4 4 5 5 4 4 4 4 4 4 4 5 5 5 6 5 3 2 4 17 50 58 17 4 4 3 2 2 1 0 0 0 0 0 0 0 0 0 1 2 2 2 2 0 0 0 0 2 0 1 2 3 3 3 2 2 2 2 2 2 2 3 3 3 2 2 3 2 2 0 0 1 2 2 0 2 0 3 7 14 18 17 19 27 29 28 40 40 39 37 33 34 35 36 37 37 35 29 25 19 13 8 7 4 5 6 6 5 5 4 3 4 2 2 2 3 3 3 4 4 9 11 44 128 242 253 200 63 27 24 39 25 7 3 3 1 0 0 0 0 0 0 0 2 2 0 2 3 3 2 2 2 2 2 2 2 3 4 4 3 4 3 6 9 8 22 67 104 151 74 18 15 20 25 29 38 60 94 117 145 186 219 248 253 255 255 255 255 255 255 242 160 74 25 11 6 4 3 3 13 31 116 113 84 80 94 117 133 140 141 138 142 150 154 160 164 170 180 195 200 204 209 214 217 218 218 219 220 223 227 229 231 232 234 235 234 234 235 234 230 219 204 191 180 176 211 252 255 254 155 32 14 8 5 2 3 4 3 4 4 10 7 8 6 5 3 4 3 2 2 2 4 4 10 32 75 96 31 13 11 12 16 21 40 54 78 106 125 144 159 174 187 203 212 212 225 255 255 255 255 225 168 131 115 101 90 84 71 64 62 59 55 46 42 39 35 33 27 27 26 27 26 23 23 24 26 21 18 18 17 17 16 19 20 17 19 19 19 23 23 26 26 27 30 31 30 30 29 27 26 25 24 22 22 20 18 18 16 16 15 17 18 18 26 30 34 41 38 39 42 42 43 38 36 43 50 51 65 63 114 188 236 158 32 11 5 4 3 3 2 4 3 7 15 36 90 126 109 97 71 61 50 45 43 41 40 39 37 37 36 39 39 37 37 37 35 37 37 36 33 31 29 27 29 28 24 21 20 19 16 16 15 14 13 14 13 13 14 12 11 7 5 6 7 7 10 12 12 12 13 14 12 11 9 6 5 5 6 5 5 4 4 5 4 4 4 3 3 3 3 3 3 3 3 3 3 2 2 3 3 3 3 3 3 3 3 3 3 3 3 3 3 3 3 3 3 3 3 4 4 3 3 3 2 2 2 2 2 2 3
1 3 3 3 3 2 2 2 2 2 2 1 0 2 3 3 3 5 6 8 8 20 72 44 17 6 5 2 2 2 2 2 0 0 0 0 0 0 0 0 0 0 0 0 0 0 0 0 1 1 0 0 0 0 0 0 2 2 2 2 2 2 2 0 0 0 2 2 1 2 2 2 0 0 0 2 3 2 2 3 4 12 19 9 6 10 17 25 24 26 26 26 31 30 31 26 22 18 15 12 7 5 5 6 5 6 4 3 2 2 2 2 2 2 2 3 0 0 0 0 1 4 5 11 30 76 205 251 242 118 37 32 44 18 6 4 0 0 0 0 0 0 0 0 0 1 2 2 3 3 3 2 2 3 3 4 4 5 7 8 8 10 11 17 17 21 23 44 84 130 165 109 78 99 118 149 177 211 238 250 253 255 255 255 255 255 255 255 255 255 251 213 113 33 10 5 3 2 4 3 6 16 38 77 114 126 162 200 223 234 242 242 242 242 243 243 245 248 248 249 251 252 252 252 252 252 252 252 252 252 252 252 252 252 252 252 252 254 254 254 254 254 254 254 252 250 248 254 255 254 198 44 19 8 4 3 3 3 2 2 3 4 5 6 5 3 2 1 2 3 2 2 3 4 3 8 25 70 100 34 9 3 4 5 9 8 10 11 14 20 24 34 41 44 52 61 84 139 255 255 255 254 158 53 31 28 25 22 20 18 13 12 12 12 13 14 13 13 12 14 12 11 9 8 8 8 8 7 6 7 7 6 6 6 6 6 8 8 8 7 8 6 6 6 6 6 7 7 7 6 6 6 4 4 5 5 5 5 5 6 7 5 4 5 6 7 6 10 13 14 17 18 22 20 21 20 22 23 20 29 43 78 172 236 186 37 11 3 2 2 2 3 5 6 9 24 71 128 123 83 59 37 23 21 18 20 19 17 14 14 15 15 13 13 13 11 11 10 8 7 6 7 9 8 7 5 5 5 5 5 5 6 4 4 5 5 5 4 5 4 5 4 3 2 2 3 3 3 3 4 4 3 3 4 3 3 4 4 3 3 3 3 3 3 3 3 3 2 2 1 0 0 0 0 0 0 0 0 2 2 0 0 0 0 0 0 0 0 0 0 0 0 0 2 1 1 2 2 2 2 1 0 0 0 0 0 0 0 0 0 0 0
3 3 3 3 3 3 3 2 2 2 2 2 2 2 2 2 2 2 1 2 5 20 64 52 25 15 9 5 5 2 0 0 2 2 0 0 0 0 0 0 0 0 0 0 0 0 0 2 2 0 0 0 0 0 0 0 0 0 0 0 2 2 2 2 2 2 0 0 2 2 0 2 2 3 3 3 3 3 2 3 5 14 15 8 4 5 5 7 9 13 15 15 15 13 11 10 8 6 4 4 5 5 4 3 3 2 2 0 0 0 0 0 0 0 2 2 2 0 0 1 0 2 4 5 17 55 141 245 253 187 57 49 40 12 7 2 1 0 0 0 0 0 0 0 0 1 4 2 3 2 3 4 6 6 8 10 10 12 15 17 22 27 35 44 58 79 111 149 196 228 242 242 243 251 253 255 255 255 255 255 255 255 255 255 255 255 255 248 211 162 146 148 64 13 4 1 0 3 3 5 10 23 42 93 170 224 245 250 250 248 245 245 245 243 243 243 242 238 234 230 222 216 216 217 215 214 215 213 213 211 211 209 207 208 207 207 202 200 200 200 205 215 224 236 243 249 253 254 254 222 88 21 7 4 3 3 2 2 3 3 3 5 4 6 5 2 0 0 0 2 2 0 0 0 2 6 19 66 105 36 7 3 3 4 6 6 5 5 5 5 5 7 8 13 15 17 30 99 255 255 255 250 117 22 9 8 6 8 8 7 7 7 6 5 5 4 4 4 3 3 4 4 5 5 4 4 4 4 4 4 4 5 5 5 4 3 3 5 3 0 2 1 2 2 2 2 2 2 2 2 2 2 3 3 3 2 2 3 3 2 2 2 3 4 4 4 4 3 4 4 4 5 6 5 6 8 8 8 10 16 32 58 152 236 202 45 12 3 1 0 1 2 3 5 11 34 117 136 91 49 22 15 11 9 8 9 9 9 6 5 5 5 5 4 4 5 5 5 5 6 6 4 2 2 2 2 2 3 3 4 5 5 6 5 4 4 3 3 2 2 0 2 2 2 3 2 3 2 2 2 2 3 3 3 2 3 2 3 3 2 2 2 1 3 1 0 0 0 0 0 0 0 0 0 0 0 0 0 0 0 0 0 0 0 0 0 0 1 2 2 2 2 3 3 3 3 3 3 3 2 2 2 2 2 2 2 2 2 2 2 2 2
5 5 6 5 5 4 4 5 6 4 4 4 4 3 3 3 4 3 3 4 4 17 45 56 43 23 17 11 7 6 4 2 2 2 2 2 2 1 0 0 0 0 0 0 0 0 1 2 1 0 0 0 0 0 0 0 2 2 2 2 0 0 0 0 0 0 0 0 0 0 2 2 2 0 0 0 0 2 4 3 6 15 15 7 2 2 3 3 4 3 4 4 3 4 4 3 3 3 3 3 2 0 0 0 1 1 0 0 0 0 0 0 0 0 0 2 2 2 1 0 1 1 2 4 12 34 97 217 253 235 112 63 37 10 5 2 1 0 0 0 0 1 2 2 3 3 4 4 7 10 10 11 13 14 18 22 32 42 58 88 119 148 177 206 230 245 253 255 255 255 255 255 255 255 255 255 255 255 255 255 255 255 253 242 208 159 111 65 49 38 96 153 68 17 7 3 4 4 4 8 16 39 102 197 240 248 243 232 211 191 169 154 141 140 132 120 116 113 108 103 100 92 87 81 88 91 85 85 75 75 72 69 71 69 68 65 67 66 63 58 64 65 74 96 121 176 216 239 232 136 29 10 4 3 3 2 2 1 2 3 0 6 6 6 3 2 0 0 0 0 1 1 0 0 2 4 14 59 110 39 7 4 4 3 5 2 2 3 3 4 4 4 5 6 5 9 23 95 255 255 255 245 98 13 8 6 7 5 4 3 3 3 2 2 1 0 0 0 0 0 0 1 2 2 2 2 2 2 2 2 2 2 2 0 0 0 0 2 0 2 4 3 2 0 0 0 0 0 0 0 0 1 2 3 2 2 2 3 3 3 2 3 2 2 3 4 4 4 4 4 4 4 3 5 5 6 5 4 7 14 25 50 136 238 208 58 13 3 2 0 2 2 3 8 15 65 136 127 58 26 19 15 10 8 8 9 9 6 5 4 5 4 3 2 2 1 0 3 3 2 2 2 4 4 4 4 4 4 4 3 2 2 2 3 2 2 3 2 2 2 2 2 2 2 0 2 3 2 2 2 1 0 0 1 2 2 2 2 0 0 0 2 2 0 0 2 2 2 2 2 2 2 2 2 2 2 2 2 2 2 2 2 2 2 2 2 2 1 2 2 2 2 0 0 0 0 0 0 0 0 0 0 0 0 0 0 0 0 0 0 0 0
7 7 5 5 6 6 7 6 4 7 5 5 5 6 5 5 5 4 4 3 3 7 23 39 54 49 26 15 16 13 8 5 4 4 3 3 2 1 2 2 1 0 0 0 0 0 0 0 1 2 2 0 1 2 2 2 0 0 0 0 0 0 0 0 0 0 0 0 0 0 0 0 0 0 0 0 0 0 2 1 5 14 14 6 3 2 2 2 1 2 2 2 2 1 2 2 2 2 0 2 2 2 0 2 1 0 0 0 0 0 0 0 0 0 0 2 1 1 2 0 1 1 1 4 4 22 68 181 248 248 177 77 36 11 5 2 1 1 0 0 0 3 3 4 5 5 7 11 13 21 29 42 59 95 117 149 187 211 237 250 253 255 255 255 255 255 255 255 255 255 255 255 255 255 255 255 253 248 227 186 146 113 73 46 31 25 17 11 11 21 55 152 96 20 7 5 4 7 8 15 50 134 222 243 234 199 150 107 73 60 54 52 47 44 42 40 36 33 33 35 29 26 26 23 20 20 21 19 17 17 17 17 16 17 16 15 15 14 13 16 15 17 17 21 45 103 175 223 179 65 14 5 3 2 2 2 0 2 3 1 3 5 6 5 4 2 0 0 0 0 0 2 0 0 0 4 10 58 104 50 9 6 3 3 3 3 3 2 3 2 2 2 3 4 4 6 17 99 255 255 255 243 74 8 4 5 4 2 0 0 2 1 3 3 3 3 3 3 3 2 2 2 2 2 2 2 2 2 2 2 1 0 0 2 0 0 0 1 0 2 2 1 0 2 2 2 2 2 2 2 2 2 2 0 0 2 2 3 2 3 2 2 2 2 2 2 2 2 2 2 2 2 2 2 2 3 4 5 7 11 25 44 136 236 211 60 17 3 2 0 2 2 3 10 26 108 144 98 44 22 15 8 5 7 5 6 6 3 2 3 2 2 2 2 2 4 5 3 3 3 3 3 2 1 2 2 2 2 2 2 0 0 0 1 2 2 1 2 0 0 0 2 2 2 2 2 2 3 3 3 2 2 2 2 2 2 2 3 3 3 3 2 3 3 3 2 2 2 2 2 2 2 1 0 0 0 0 0 0 2 2 2 2 2 2 2 2 2 0 0 0 0 0 0 0 0 0 0 0 0 0 0 0 0 0 0 0 0 0 0 0 0
21 25 26 25 28 30 27 28 28 22 20 18 13 10 9 6 6 6 6 8 7 9 14 20 39 58 60 41 23 14 16 14 10 7 6 6 4 4 3 2 3 3 2 2 2 0 0 0 0 0 0 2 1 0 0 0 0 0 0 0 0 0 0 0 0 0 0 0 0 0 0 0 0 0 0 0 0 0 2 2 4 14 13 6 2 0 2 2 2 2 2 2 2 2 0 0 0 0 0 0 0 2 2 2 2 0 0 0 0 0 0 0 0 0 0 2 1 1 3 3 1 1 2 4 5 12 47 149 242 248 225 120 34 13 7 1 0 1 0 1 2 4 6 5 7 12 21 41 73 119 159 203 235 248 253 255 255 255 255 255 255 255 255 255 255 255 255 255 255 255 251 242 220 191 153 111 87 61 38 28 22 19 15 10 8 8 8 7 4 6 35 141 117 21 13 3 5 7 13 37 141 237 237 204 130 81 47 31 23 18 17 15 15 12 13 10 11 11 10 8 8 8 8 7 8 8 7 6 5 5 6 7 5 5 5 5 6 5 6 4 6 5 5 14 52 126 200 212 120 25 5 3 2 3 2 0 2 2 2 0 5 4 6 4 3 0 2 2 0 0 0 1 1 0 0 3 8 52 98 62 12 6 3 2 4 2 2 2 3 2 1 0 3 4 3 6 17 104 255 255 255 241 66 10 3 5 3 2 2 3 3 3 2 2 2 2 1 2 2 2 4 2 2 2 2 2 2 2 2 2 2 2 2 2 2 2 2 2 2 3 2 0 0 0 0 2 2 2 2 2 2 2 2 2 2 2 2 2 0 2 0 0 0 0 0 2 0 1 2 2 1 0 0 0 0 2 2 1 5 9 18 41 129 236 216 63 23 4 2 2 1 3 4 13 44 135 137 75 32 13 8 8 4 5 4 6 4 1 2 1 2 2 2 4 4 2 2 2 2 2 0 0 0 0 1 2 0 0 0 0 2 2 2 2 2 2 1 3 2 2 2 0 0 0 0 0 0 0 0 0 1 2 2 0 0 0 0 2 2 1 1 2 0 0 0 0 0 0 0 0 0 0 1 2 2 0 0 0 0 2 0 2 2 2 1 2 2 0 0 0 0 0 0 2 2 2 2 2 2 2 2 2 2 2 2 2 2 2 2 2 2 2
76 75 79 89 88 94 100 96 89 86 77 64 58 52 47 39 32 27 25 23 20 21 23 26 26 49 69 81 63 50 28 22 21 19 14 13 12 10 10 10 7 4 4 3 3 3 2 2 2 2 2 0 0 0 0 0 0 0 0 0 0 0 0 0 0 0 0 0 0 0 0 0 0 0 0 0 0 0 2 2 4 13 13 7 0 0 0 0 0 0 0 1 2 0 0 0 0 0 0 1 2 0 0 0 0 2 2 0 0 0 0 0 0 0 0 1 2 2 1 2 2 0 3 4 4 7 35 123 235 245 232 179 40 12 7 3 2 1 2 2 4 7 7 9 26 61 119 179 238 253 255 255 255 255 255 255 255 255 255 255 255 255 255 255 251 242 213 173 132 96 66 48 35 26 22 21 13 13 11 11 8 6 5 5 5 3 1 3 3 2 24 119 126 34 11 8 6 11 25 120 238 230 174 96 51 24 15 11 10 7 5 3 4 4 5 4 4 4 3 2 3 3 4 6 5 4 4 4 4 5 5 4 4 4 4 5 4 5 3 4 5 4 9 32 88 158 215 175 57 9 6 2 3 2 0 0 2 2 2 0 6 5 5 3 2 1 0 0 2 2 0 0 1 2 2 4 6 44 86 73 17 12 8 8 6 5 4 4 5 3 3 2 4 4 3 8 16 109 255 255 255 241 66 10 4 4 2 0 2 2 2 2 2 2 2 0 0 0 0 0 2 2 2 2 2 1 1 2 2 2 2 2 2 2 2 2 2 2 2 5 3 3 3 2 2 2 2 2 2 1 0 0 0 0 0 0 0 1 2 2 0 0 0 0 0 2 2 1 0 0 0 0 0 0 0 2 2 2 2 8 16 38 125 231 221 71 27 5 3 3 1 3 7 16 82 148 125 52 18 11 7 4 5 5 2 6 4 2 2 2 2 3 3 2 2 2 1 0 0 0 0 0 0 0 0 0 0 0 2 2 0 0 0 0 2 3 3 3 1 0 0 0 0 0 0 0 0 0 0 0 1 1 1 2 2 0 2 2 0 0 0 0 0 0 0 0 0 0 0 0 0 0 0 0 0 2 2 3 3 2 2 0 2 2 2 2 2 3 3 2 2 2 2 0 0 0 0 0 0 0 0 0 0 0 0 0 0 0 0 0 0 0
198 197 201 198 198 194 190 184 176 166 162 160 156 152 135 122 116 107 101 87 76 67 63 61 60 54 53 76 98 93 85 66 49 43 36 27 22 20 16 10 9 10 7 5 5 5 5 3 1 0 1 2 2 2 2 2 1 0 0 0 0 0 0 0 0 0 0 0 0 0 0 0 0 0 0 0 0 0 2 1 3 10 14 8 2 0 0 0 0 0 0 0 0 2 0 0 0 0 2 1 0 0 0 0 0 0 0 2 2 2 2 2 2 2 2 1 1 0 3 1 1 2 3 3 4 6 23 112 230 242 220 210 63 14 8 3 3 3 4 5 7 9 23 57 119 199 251 255 255 255 255 255 255 255 255 255 255 253 250 237 208 177 139 113 85 58 46 35 19 17 15 15 12 11 9 6 4 3 3 3 3 3 3 2 2 2 2 3 4 3 20 105 128 41 17 14 15 23 93 223 243 178 92 38 18 10 7 4 3 3 2 2 1 2 2 3 2 2 0 2 3 3 2 0 0 0 0 0 1 2 3 4 4 4 3 3 3 3 3 4 2 4 14 52 115 198 209 115 23 5 3 2 3 1 0 2 2 2 1 3 5 6 5 3 2 2 0 0 0 0 2 2 1 0 0 3 4 32 73 78 30 15 11 8 6 6 7 5 6 7 5 6 6 5 3 7 14 109 255 255 255 243 58 8 5 4 3 2 1 0 2 2 2 2 2 3 3 2 2 2 3 2 2 3 3 3 3 2 2 1 0 0 0 0 0 0 0 0 2 2 0 0 0 2 2 2 2 2 2 2 2 2 0 0 0 0 0 0 0 1 0 0 0 0 0 0 0 0 0 0 0 0 0 0 0 2 2 1 2 5 11 38 122 230 223 77 31 7 3 3 2 5 11 32 116 153 96 35 14 10 4 4 4 4 5 6 5 2 2 3 3 2 2 0 0 0 0 0 0 0 0 0 0 0 0 0 1 2 0 0 2 2 2 2 0 0 1 2 3 3 3 3 3 3 3 2 2 2 1 1 1 1 2 2 2 3 2 2 2 2 0 0 0 0 2 2 2 2 2 2 2 2 3 3 3 3 3 2 2 2 2 2 0 0 0 0 0 0 0 2 2 2 1 0 0 0 0 0 0 0 0 0 0 0 0 0 0 0 0 0 0 0
194 192 186 186 186 192 194 197 200 200 201 199 196 197 201 204 201 199 197 195 192 185 178 175 170 164 158 153 156 160 158 149 129 112 97 82 68 49 37 31 25 21 15 15 10 5 4 6 7 6 3 2 2 2 2 2 2 2 2 2 2 2 1 0 0 1 2 2 2 0 0 0 0 0 0 0 0 0 2 0 4 11 11 10 2 2 0 0 0 0 0 0 0 0 2 0 2 2 0 0 0 0 1 2 2 2 2 0 0 0 1 2 2 0 0 0 1 0 3 0 1 2 3 3 3 6 19 92 227 242 210 218 109 12 10 3 4 5 7 9 12 37 99 181 250 255 255 255 255 255 255 255 251 242 211 182 150 113 85 63 48 32 22 17 12 12 10 9 8 7 4 4 3 2 2 2 2 2 2 2 2 1 0 0 0 0 1 2 2 4 15 88 133 61 28 21 26 67 182 248 200 101 39 15 7 4 3 2 2 3 4 3 3 3 3 2 2 2 3 2 2 2 2 2 2 2 2 2 2 2 2 2 2 2 4 4 4 2 2 3 3 8 33 81 153 212 176 52 8 5 2 3 2 0 1 2 2 2 0 6 3 7 4 3 0 1 1 0 0 0 0 0 1 2 2 3 5 19 57 72 43 15 8 6 7 8 7 8 7 7 4 4 5 4 3 7 13 107 255 255 255 242 59 8 5 3 4 2 0 2 0 0 0 0 0 0 1 2 2 1 2 0 0 2 0 0 0 0 0 1 2 2 2 2 0 0 0 2 0 2 0 0 0 0 0 0 0 0 0 0 0 0 2 2 1 0 0 0 0 0 0 0 0 0 0 0 0 0 0 2 1 0 0 0 0 2 1 1 2 3 10 33 116 221 230 94 33 12 6 3 4 7 14 51 144 140 71 24 10 9 4 5 4 5 4 7 2 2 3 2 1 0 0 0 0 0 0 0 0 0 0 0 0 0 0 2 1 0 1 2 0 0 0 0 0 0 0 0 2 3 2 0 2 2 2 3 3 2 2 2 2 1 0 1 2 0 0 0 0 0 2 2 2 2 0 1 2 2 2 2 2 1 0 0 0 0 0 0 0 0 0 0 0 0 0 0 0 0 0 0 0 0 0 0 0 0 0 0 0 0 0 0 0 0 0 0 0 0 0 0 0 0
121 124 123 122 118 116 118 116 124 136 145 151 156 158 164 172 180 186 193 198 203 207 209 207 210 210 210 212 210 212 216 222 221 212 197 179 157 135 117 97 62 47 39 31 25 22 18 13 6 5 7 6 3 2 2 1 2 2 1 0 1 2 3 3 3 2 2 1 0 2 2 2 2 1 0 0 0 0 2 0 4 10 11 11 2 1 2 2 1 0 0 0 0 2 2 2 0 0 0 1 2 2 1 0 0 0 0 0 0 0 0 0 0 2 2 1 1 0 2 3 0 2 2 4 4 4 17 76 220 242 206 223 117 17 11 5 5 6 10 21 57 134 232 255 255 255 255 255 253 238 191 142 111 75 59 41 28 21 17 13 12 9 8 7 6 4 4 3 3 3 2 3 2 2 2 0 2 2 2 0 0 0 0 0 0 0 0 2 2 3 16 80 140 77 66 69 102 158 245 237 136 49 15 7 4 4 3 2 3 2 0 0 0 2 0 2 2 2 2 2 2 2 2 2 2 2 2 2 0 1 1 2 2 2 2 1 0 3 4 4 5 18 53 113 198 209 115 21 5 2 3 2 0 0 2 2 1 2 0 6 5 6 3 2 0 0 2 0 0 0 0 0 1 2 2 2 5 12 40 67 45 34 17 13 13 10 9 8 7 6 5 4 5 3 5 7 15 102 255 255 255 243 63 9 4 3 3 0 2 2 2 2 2 2 2 2 2 2 2 2 3 2 2 2 2 2 2 2 2 0 0 0 0 0 2 2 2 2 0 0 0 0 0 0 0 0 0 0 0 0 0 0 0 0 1 2 2 2 2 2 2 2 2 2 2 2 2 2 2 0 1 2 2 2 2 2 2 2 2 4 8 29 103 211 238 119 44 18 8 1 4 7 20 76 159 126 50 15 8 7 4 4 3 5 4 8 4 2 2 2 2 2 2 1 0 0 0 0 0 0 0 0 0 0 2 0 0 2 1 0 0 0 0 0 0 0 0 0 0 0 0 2 2 2 0 0 0 1 2 2 1 0 2 1 0 0 0 0 0 0 2 2 2 2 2 1 0 0 0 0 0 0 0 0 0 0 0 0 0 0 0 0 0 0 0 0 0 0 0 0 0 0 0 0 0 0 0 0 0 0 0 0 0 0 0 0 0 0 0 0 0 0
36 29 25 28 30 27 28 36 37 39 40 45 56 65 73 78 91 103 104 108 113 116 125 138 140 147 153 157 163 175 185 196 207 217 229 231 229 216 198 175 157 132 108 67 49 40 33 26 25 20 16 8 7 7 5 4 4 4 3 3 3 3 1 0 1 2 2 3 3 3 2 1 0 1 2 1 0 2 2 2 3 9 17 11 3 2 2 2 2 2 2 2 2 2 0 2 2 2 2 1 0 0 0 0 0 0 0 0 0 0 0 0 0 0 0 1 2 1 3 2 2 2 0 3 4 4 16 69 222 242 208 225 132 36 26 14 15 19 37 96 190 251 255 255 255 255 251 213 141 84 52 34 23 12 9 10 8 7 5 4 4 3 3 3 3 3 3 3 3 2 2 0 0 1 2 2 0 0 0 0 0 0 0 0 0 1 2 3 4 9 19 99 166 150 158 190 218 243 245 182 58 17 7 4 3 2 0 3 2 0 0 2 2 0 2 0 0 2 1 2 0 0 0 0 0 0 0 0 1 2 2 2 0 2 2 0 0 1 2 2 9 37 87 141 216 173 55 8 5 3 2 2 0 2 2 2 2 0 2 5 6 5 3 2 0 0 1 1 0 0 0 2 1 2 0 0 4 7 37 41 43 41 39 27 22 21 22 23 24 19 18 10 9 7 5 8 18 90 254 255 255 243 62 9 3 2 3 2 0 0 0 0 0 0 0 0 0 0 0 1 1 0 1 2 2 0 0 0 0 2 2 2 2 2 0 1 1 0 2 2 2 2 0 0 0 0 0 0 0 0 0 0 0 0 0 0 0 0 0 0 0 0 0 0 0 0 0 0 0 0 0 0 0 0 2 0 0 2 2 3 4 13 79 191 238 155 65 32 14 5 5 11 30 122 161 94 31 9 6 6 4 4 3 5 6 5 2 0 0 0 0 0 0 1 2 2 2 2 2 2 2 2 2 2 0 0 2 0 0 0 0 0 0 0 0 0 0 0 0 0 0 0 0 0 2 2 2 2 2 2 2 3 2 2 1 0 1 2 2 2 0 0 0 0 0 0 0 0 0 0 0 0 0 0 0 0 0 0 0 0 0 0 0 0 0 0 0 0 0 0 0 0 0 0 0 0 0 0 0 0 0 0 0 0 0 0 0 0 0 0 0 0
12 13 14 11 11 12 11 8 8 13 18 20 21 22 24 23 22 24 28 28 28 34 35 36 43 48 51 60 70 74 81 91 106 117 131 157 180 207 219 229 219 203 188 171 151 116 79 54 38 27 22 21 21 18 14 9 7 3 3 3 2 5 5 3 3 4 4 3 4 3 3 2 3 3 3 4 4 3 4 4 6 9 19 8 4 3 2 2 2 2 2 2 0 0 2 1 2 0 0 0 0 1 2 2 1 0 0 0 0 0 0 0 0 0 0 0 1 1 1 3 4 2 0 3 4 3 11 67 218 242 210 227 157 78 67 57 57 95 148 230 255 255 255 255 253 218 134 61 30 19 15 11 7 8 7 4 5 4 4 4 4 3 2 2 2 1 1 2 0 1 2 2 2 2 2 2 1 0 0 0 0 0 0 1 2 3 3 4 9 24 61 164 226 248 251 251 248 243 193 67 22 7 5 4 3 2 3 3 3 2 2 2 2 2 0 1 2 0 2 0 0 0 0 0 0 0 2 2 2 2 1 0 0 2 0 0 0 2 2 4 21 53 110 192 209 117 22 4 3 3 2 0 1 1 2 1 2 0 5 3 7 4 2 1 0 0 0 2 0 1 2 0 0 1 1 2 3 4 26 41 28 27 38 38 35 37 35 31 31 31 29 28 23 13 12 14 19 86 253 255 255 243 61 9 4 2 2 2 0 0 0 0 0 0 0 0 0 0 0 2 0 0 1 1 0 2 2 0 0 0 0 0 0 0 2 2 2 2 2 2 2 2 2 2 2 2 1 0 0 0 0 0 0 0 0 0 0 0 0 0 0 0 0 0 0 0 0 0 0 0 0 0 0 2 2 2 2 2 2 2 4 8 37 146 226 211 137 63 24 11 9 13 45 153 148 65 17 8 5 6 6 5 7 1 6 3 2 0 0 0 0 0 0 0 0 0 0 0 0 0 0 0 0 0 0 2 0 0 0 0 0 0 0 0 0 0 0 0 0 0 0 0 0 0 0 0 0 0 0 0 0 0 0 0 1 2 1 0 0 0 0 0 0 0 0 0 0 0 0 0 0 0 0 0 0 0 0 0 0 0 0 0 0 0 0 0 0 0 0 0 0 0 0 0 0 0 0 0 0 0 0 0 0 0 0 0 0 0 0 0 0 0
6 6 8 7 6 7 6 9 9 6 6 7 9 11 13 17 19 17 15 18 18 18 19 21 18 18 18 18 16 20 23 27 32 38 54 62 83 101 125 153 186 210 222 222 210 196 181 155 119 86 57 43 29 22 24 21 21 17 16 15 15 11 9 10 8 6 5 7 6 6 7 8 8 8 8 8 8 10 12 11 12 15 26 16 12 8 6 5 3 3 3 4 4 4 3 2 3 2 2 2 2 2 2 2 2 2 2 2 2 1 0 0 0 0 0 1 2 0 0 1 4 4 2 3 3 4 10 60 215 240 213 209 167 126 115 115 150 202 251 255 255 255 255 243 163 83 36 20 15 9 5 5 4 4 5 3 2 2 2 1 2 0 0 0 0 2 1 0 0 0 0 0 0 0 0 0 1 2 2 2 2 2 2 2 3 4 5 10 27 87 160 225 243 245 237 223 205 167 117 36 16 6 3 1 2 2 2 0 2 0 0 0 0 0 2 2 2 2 0 0 0 0 0 1 2 2 0 0 2 2 0 1 2 0 0 0 2 0 2 12 33 82 140 213 169 58 7 5 4 2 2 0 2 2 2 1 1 0 6 6 5 4 2 0 0 0 0 1 2 1 0 0 0 0 2 2 2 4 13 45 22 14 15 22 27 24 24 28 26 26 33 36 30 21 17 12 16 88 251 255 255 243 59 9 3 2 2 2 0 0 0 0 0 0 0 0 0 0 0 2 0 0 2 0 0 0 0 2 2 1 0 0 0 0 2 0 0 0 0 0 0 0 0 2 2 2 2 2 2 2 2 2 0 0 0 0 0 0 0 0 0 0 0 0 0 0 0 0 0 0 2 2 2 0 2 1 1 0 0 0 0 6 19 79 178 219 204 152 81 29 15 20 85 169 125 38 13 7 5 6 4 3 5 2 6 3 2 0 0 0 0 0 0 0 0 0 0 0 0 0 0 0 0 1 2 0 0 0 0 0 0 0 0 0 0 0 0 0 0 0 0 2 2 0 0 0 0 0 0 0 0 0 0 0 0 0 0 0 0 0 0 0 0 0 0 0 0 0 0 0 0 0 0 0 0 0 0 0 0 0 0 0 0 0 0 0 0 0 0 0 0 0 0 0 0 0 0 0 0 0 0 0 0 0 0 0 0 0 0 0 0 0
3 3 3 2 2 3 4 4 5 6 7 8 7 6 5 4 5 7 9 8 7 7 7 6 6 5 6 6 8 7 7 8 10 13 16 20 24 34 51 66 96 120 142 167 198 217 220 212 199 186 155 120 93 77 57 45 37 36 33 27 21 22 20 20 19 18 15 10 12 13 13 15 17 17 17 18 21 23 26 25 30 32 37 25 20 17 17 15 16 16 14 11 10 8 7 7 7 6 5 5 5 4 3 3 2 2 0 0 1 2 2 2 0 0 1 1 1 0 0 2 6 5 3 4 2 4 11 58 220 238 201 188 144 126 153 182 240 255 255 255 255 253 204 116 50 19 11 6 1 2 0 3 3 5 2 0 1 2 2 2 2 0 0 1 2 1 0 0 0 0 0 0 0 0 0 0 0 0 0 0 0 0 2 3 4 6 12 31 104 178 222 225 199 130 104 85 65 90 114 30 11 6 4 2 1 2 1 1 2 2 2 2 2 2 1 0 0 0 0 0 2 2 2 1 1 2 2 2 3 1 1 1 2 0 1 2 2 1 6 23 51 109 190 207 119 22 4 5 3 2 0 1 1 2 2 2 0 4 4 7 4 3 2 0 0 0 0 2 2 0 0 0 0 0 0 3 1 3 7 42 26 9 10 8 9 13 15 15 18 17 15 17 32 32 22 18 19 89 251 255 255 243 59 8 3 2 2 2 0 0 0 0 0 0 0 0 0 0 2 0 0 0 2 0 0 0 0 0 0 1 2 1 0 2 0 0 0 0 0 0 0 1 2 0 1 2 2 2 2 2 0 0 2 2 2 2 2 2 2 2 2 2 2 2 2 2 2 2 2 2 2 2 2 2 2 2 2 2 2 2 2 4 8 38 92 165 206 214 175 82 32 38 131 161 88 26 11 4 5 4 3 3 4 2 6 2 0 0 0 0 0 0 0 0 0 0 0 0 0 0 0 0 1 1 0 0 0 0 0 0 1 2 2 2 2 2 2 2 2 2 2 0 0 0 0 0 0 0 0 0 0 0 0 0 0 0 0 0 0 0 0 0 0 0 0 0 0 0 0 0 0 0 0 0 0 0 0 0 0 0 0 0 0 0 0 0 0 0 0 0 0 0 0 0 0 0 0 0 0 0 0 0 0 0 0 0 0 0 0 0 0 0
4 3 3 3 3 2 2 2 2 0 1 2 4 6 6 7 6 4 5 5 5 6 5 5 6 7 6 6 7 8 8 8 7 7 7 9 11 12 16 23 30 38 59 90 114 133 157 194 211 213 210 206 202 186 167 151 131 114 102 87 78 64 60 54 43 37 37 36 38 38 37 35 37 41 44 53 58 63 74 80 86 87 76 56 50 49 41 37 31 28 26 25 24 20 19 15 13 10 11 10 10 10 11 11 7 6 5 4 3 3 2 2 3 3 3 2 1 2 1 3 5 7 5 6 3 5 10 62 213 240 179 169 116 119 171 243 255 255 255 255 243 159 82 30 12 8 4 3 2 2 3 3 0 3 1 0 0 1 2 2 2 2 2 1 0 0 0 0 0 0 0 0 0 0 0 0 0 0 0 0 1 3 3 3 5 16 50 116 197 207 168 130 100 32 19 15 15 49 105 39 13 7 3 3 3 2 2 1 0 2 0 0 2 0 0 0 0 2 2 2 0 1 2 2 1 0 1 2 0 1 2 2 0 2 1 2 1 4 16 32 76 142 212 171 58 8 5 2 3 2 0 2 2 2 0 2 0 5 5 6 4 2 1 0 0 1 2 0 2 0 0 0 0 0 0 3 1 0 6 33 32 12 5 6 7 6 6 7 7 10 11 13 17 27 30 22 20 88 251 255 255 242 57 8 3 2 2 2 0 0 0 0 0 0 0 0 0 1 1 0 0 0 2 0 0 0 0 0 0 0 0 1 2 1 0 0 0 0 0 0 0 2 0 0 0 0 0 1 2 2 2 2 1 0 0 0 0 0 0 0 0 0 0 0 2 2 2 0 0 0 0 0 0 2 0 2 0 0 0 0 2 2 4 21 43 83 146 192 214 182 77 82 154 138 56 19 9 3 6 4 4 3 4 2 6 2 0 0 0 0 0 0 0 0 0 0 0 0 2 2 2 3 2 2 2 2 2 2 2 2 1 0 0 0 2 2 2 2 2 2 2 2 2 2 0 0 0 0 0 0 0 0 0 0 0 0 0 0 0 0 0 0 0 0 0 0 0 0 0 0 0 0 0 0 0 0 0 0 0 0 0 0 0 0 0 0 0 0 0 0 0 0 0 0 0 0 0 0 0 0 0 0 0 0 0 0 0 0 0 0 0 0
0 0 2 2 2 2 0 0 0 2 3 3 3 3 3 2 2 2 3 2 2 2 0 0 2 2 3 3 3 2 3 3 3 3 6 5 5 6 7 9 12 14 17 25 35 52 81 111 138 168 198 208 213 215 218 213 208 199 194 186 174 167 151 138 131 116 106 103 92 90 96 109 110 114 126 147 164 181 193 200 199 195 178 168 153 132 123 116 112 102 84 73 57 53 44 40 34 33 27 28 29 28 26 23 21 22 17 11 9 6 4 3 3 2 2 3 2 3 1 1 1 4 8 7 4 5 10 60 208 237 191 184 153 199 251 255 255 255 253 206 121 48 19 9 6 3 2 1 1 3 0 2 0 3 0 0 0 2 2 2 2 2 0 0 0 0 0 0 0 0 0 0 0 0 0 0 0 0 0 2 3 4 4 8 24 62 135 205 200 130 68 84 72 20 10 7 8 30 90 60 14 8 5 3 3 0 0 0 2 1 0 2 0 0 0 2 2 1 2 2 2 1 0 0 0 2 1 2 0 0 2 0 1 1 1 1 3 8 22 54 106 194 205 115 21 5 4 3 2 0 2 1 2 2 1 1 2 5 6 5 3 2 0 0 2 1 0 0 0 2 0 0 0 0 0 3 1 1 4 27 36 13 4 2 3 4 4 4 4 5 7 9 13 26 32 31 22 84 253 255 255 238 53 7 3 2 2 2 0 0 0 0 0 0 0 0 0 2 0 0 0 1 1 0 0 0 0 0 0 0 0 2 0 1 2 1 0 0 0 0 1 1 0 0 0 0 0 0 0 0 1 2 2 2 2 2 2 2 2 2 2 2 2 2 0 0 0 0 0 0 0 0 0 1 1 2 0 0 0 0 2 1 2 11 27 37 73 139 194 231 155 128 171 112 33 14 4 2 5 5 4 3 4 3 6 2 0 0 0 0 0 0 0 0 1 2 2 2 0 1 2 0 0 0 0 0 0 2 2 2 2 2 2 2 0 0 0 0 0 0 0 0 0 0 0 0 0 0 0 0 0 0 0 0 0 0 0 0 0 0 0 0 0 0 0 0 0 0 0 0 0 0 0 0 0 0 0 0 0 0 0 0 0 0 0 0 0 0 0 0 0 0 0 0 0 0 0 0 0 0 0 0 0 0 0 0 0 0 0 0 0 0
0 2 2 0 0 2 2 2 2 2 0 0 0 0 3 2 1 2 2 2 2 1 2 3 4 3 2 2 2 1 0 0 2 2 2 3 4 3 3 5 3 6 9 10 9 15 23 29 51 76 105 133 154 174 192 205 216 225 225 220 217 215 213 208 203 201 197 194 195 196 199 204 214 221 231 231 234 236 236 236 238 234 228 228 231 228 218 211 202 195 185 169 162 140 121 110 103 99 95 91 93 95 97 89 81 64 48 41 31 21 15 10 6 4 2 1 1 2 2 1 0 1 6 8 8 5 9 64 199 230 218 238 248 255 255 255 255 245 167 97 30 15 7 3 3 2 1 3 1 1 1 2 2 3 2 0 2 0 2 0 2 2 0 0 0 0 0 0 0 0 0 0 0 0 0 0 0 1 2 3 4 4 12 31 90 161 207 178 102 36 40 57 78 19 6 5 6 17 76 75 26 9 5 4 2 2 2 2 0 0 2 0 0 2 2 2 2 1 0 0 0 0 0 0 2 0 0 2 0 2 0 1 1 0 2 2 4 18 31 76 141 213 169 55 8 5 3 2 1 0 2 2 2 0 2 0 4 4 8 4 2 2 0 2 0 0 0 0 0 2 0 0 0 0 1 3 0 2 4 17 39 18 4 2 2 0 2 3 4 5 6 5 10 16 36 29 27 95 254 255 255 229 51 8 3 3 3 2 2 2 2 2 2 2 2 2 2 2 2 2 2 2 2 2 2 2 2 2 0 0 1 1 0 0 0 1 2 1 0 0 2 0 0 0 0 0 0 0 0 0 0 0 0 2 2 2 0 0 0 0 0 0 0 0 0 0 0 0 0 0 0 0 0 0 2 2 0 0 0 0 2 2 2 7 17 27 44 92 161 229 219 174 161 79 23 9 3 2 7 4 3 2 4 3 6 2 2 2 2 2 0 0 0 2 1 0 0 0 1 1 0 0 0 0 0 0 2 0 0 0 0 0 0 0 0 0 0 0 0 0 0 0 0 0 0 0 0 0 0 0 0 0 0 0 0 0 0 0 0 0 0 0 0 0 0 0 0 0 0 0 0 0 0 0 0 0 0 0 0 0 0 0 0 0 0 0 0 0 0 0 0 0 0 0 0 0 0 0 0 0 0 0 0 0 0 0 0 0 0 0 0 0
2 3 2 2 3 3 4 1 0 0 0 0 2 2 1 2 3 2 2 2 2 3 2 3 3 2 2 2 2 3 4 3 3 3 4 4 4 6 5 5 6 6 5 6 9 8 11 13 18 29 34 39 46 58 71 92 110 122 145 165 182 195 203 206 211 219 225 228 231 233 233 233 225 218 209 199 182 162 149 146 151 156 143 154 164 183 200 207 214 219 224 229 226 226 219 215 207 198 190 185 179 177 174 175 173 172 163 140 112 76 52 34 25 18 11 4 3 2 3 1 1 2 2 5 8 9 12 64 201 233 248 255 255 255 255 253 226 133 59 23 13 6 3 4 3 3 2 1 0 1 0 0 3 2 2 1 1 2 2 2 2 0 0 0 0 0 0 0 0 0 0 0 0 0 0 0 2 2 3 4 5 14 40 116 183 206 158 70 18 15 30 45 84 23 4 6 4 9 55 75 45 12 8 5 2 2 2 0 2 2 2 2 2 1 0 0 0 0 0 0 0 0 0 2 0 0 0 2 1 1 1 1 0 2 0 4 10 21 51 105 192 207 114 18 7 3 2 2 0 0 2 2 2 0 2 0 6 4 6 4 2 0 0 0 0 0 0 0 0 0 2 0 0 1 1 3 0 0 5 13 37 24 4 2 0 2 2 0 0 0 3 5 9 14 37 31 32 106 255 255 255 218 42 8 3 3 3 0 2 0 0 0 0 0 0 0 2 0 0 0 0 2 0 0 0 0 0 0 2 2 2 2 2 2 2 2 2 2 2 2 2 2 2 2 2 2 2 2 1 0 0 0 0 0 0 0 2 2 2 0 0 0 0 0 0 0 0 0 0 0 0 0 0 0 2 1 1 0 0 0 2 0 3 7 14 22 34 56 138 219 243 205 145 50 18 5 3 2 6 4 3 3 2 3 5 2 0 0 0 0 2 2 2 2 2 2 2 2 1 0 0 0 0 0 0 2 0 0 0 0 0 0 0 0 0 0 0 0 0 0 0 0 0 0 0 0 0 0 0 0 0 0 0 0 0 0 0 0 0 0 0 0 0 0 0 0 0 0 0 0 0 0 0 0 0 0 0 0 0 0 0 0 0 0 0 0 0 0 0 0 0 0 0 0 0 0 0 0 0 0 0 0 0 0 0 0 0 0 0 0 0 0
4 3 3 3 0 0 1 2 2 2 2 2 0 0 1 3 2 2 2 2 2 2 2 2 3 3 3 4 4 4 4 3 4 4 4 3 4 3 4 5 4 3 4 4 4 6 6 9 12 20 22 15 14 19 25 30 36 44 54 59 59 68 87 113 123 132 136 143 139 130 119 110 100 84 66 59 54 48 48 60 77 67 38 41 54 59 68 86 103 114 128 142 158 179 196 201 201 198 168 135 118 115 117 122 132 141 157 166 170 171 151 130 99 58 37 24 12 3 3 3 3 1 3 1 5 10 22 73 201 250 255 255 255 255 251 199 106 50 26 16 5 4 6 4 4 4 3 3 1 1 0 0 3 3 1 2 0 2 2 2 2 0 0 0 0 0 0 0 0 0 0 0 0 0 2 2 3 4 5 7 19 68 141 202 201 126 43 10 9 13 20 44 76 25 4 4 2 5 28 68 60 30 9 7 5 3 3 3 2 2 2 1 0 0 0 0 0 0 0 0 0 0 1 1 0 0 0 2 1 1 1 0 0 2 4 7 16 30 75 136 216 167 56 8 5 2 3 1 0 0 2 2 1 2 0 2 5 6 5 3 2 0 0 0 0 0 0 0 0 0 2 0 0 2 0 3 0 0 5 11 35 27 5 2 0 0 0 0 0 0 2 3 6 18 34 30 38 119 255 255 255 211 31 6 2 3 2 0 2 0 0 0 0 0 0 2 0 0 0 0 2 0 0 0 0 0 0 0 0 2 0 0 0 0 0 0 0 0 0 1 2 1 0 0 0 0 0 2 2 2 2 2 2 2 2 2 2 2 2 2 2 2 2 1 0 0 1 2 2 2 2 2 0 2 0 0 2 0 2 2 2 2 3 8 16 22 31 48 108 209 253 228 123 37 15 4 1 2 5 3 3 3 2 4 5 2 0 0 0 0 0 2 0 0 0 0 0 0 0 0 0 0 0 0 0 2 0 0 0 0 0 0 0 0 0 0 0 0 0 0 0 0 0 0 0 0 0 0 0 0 0 0 0 0 0 0 0 0 0 0 0 0 0 0 0 0 0 0 0 0 0 0 0 0 0 0 0 0 0 0 0 0 0 0 0 0 0 0 0 0 0 0 0 0 0 0 0 0 0 0 0 0 0 0 0 0 0 0 0 0 0 0
2 2 2 2 3 2 3 3 4 3 2 2 2 2 3 4 4 3 3 3 3 3 3 4 2 2 2 0 0 0 2 4 3 3 4 3 2 2 2 2 2 2 2 2 2 3 4 5 7 13 12 13 11 13 10 11 13 13 12 15 18 19 21 22 27 30 33 34 38 43 41 38 36 34 27 21 20 20 23 43 64 34 17 16 15 16 19 22 26 30 31 37 42 47 66 84 104 120 122 86 50 32 25 28 28 32 44 69 108 132 159 171 173 161 132 92 44 26 8 4 2 3 3 3 6 7 21 96 233 255 255 255 255 253 221 159 106 59 39 24 19 15 11 8 7 7 4 4 4 4 1 0 3 3 2 0 2 0 2 2 2 0 0 0 0 0 0 0 0 0 0 1 2 2 2 4 4 5 11 33 95 162 209 179 100 33 11 7 6 9 24 55 69 18 5 4 2 3 14 40 68 51 20 9 7 5 4 3 0 2 2 2 2 2 2 2 2 2 2 2 2 2 1 0 0 0 2 1 0 2 0 0 1 3 5 11 22 50 101 192 205 117 18 6 3 2 2 0 0 2 2 2 0 2 0 5 3 7 5 2 2 0 0 0 0 0 0 0 0 0 0 2 0 2 0 3 0 0 4 9 35 27 6 2 0 0 0 0 0 1 1 3 7 16 35 31 41 135 255 255 255 193 24 5 2 3 2 0 2 0 0 0 0 0 1 1 0 0 0 0 2 0 0 0 0 0 0 1 2 0 0 0 0 0 0 0 0 0 0 0 2 1 2 1 0 1 2 0 1 2 2 1 0 0 0 0 1 2 2 2 2 2 2 2 2 2 1 0 0 0 0 0 2 2 1 2 2 2 2 3 4 5 6 10 15 19 22 44 83 198 255 241 107 30 11 2 0 4 4 3 3 3 2 5 4 2 0 0 0 0 0 2 0 0 0 0 0 0 0 0 0 0 0 0 0 2 0 0 0 0 0 0 0 0 0 0 0 0 0 0 0 0 0 0 0 0 0 0 0 0 0 0 0 0 0 0 0 0 0 0 0 0 0 0 0 0 0 0 0 0 0 0 0 0 0 0 0 0 0 0 0 0 0 0 0 0 0 0 0 0 0 0 0 0 0 0 0 0 0 0 0 0 0 0 0 0 0 0 0 0 0 0
2 1 0 1 2 2 1 4 2 3 3 3 3 3 2 1 2 2 2 1 2 3 2 1 2 0 0 3 4 4 4 3 3 3 4 4 4 3 3 5 4 3 3 3 4 3 4 7 10 11 9 4 3 3 5 6 6 8 8 8 9 11 11 11 12 13 15 15 13 12 11 13 12 14 17 16 14 14 22 43 59 24 10 7 6 6 6 7 7 9 11 12 15 19 21 30 47 75 109 96 54 33 18 12 10 11 14 13 18 26 51 77 115 148 163 164 150 93 36 14 5 4 4 3 4 7 19 121 253 255 255 255 253 251 243 216 192 161 121 79 58 35 20 17 12 8 9 7 4 4 4 5 3 3 0 2 0 0 2 0 1 2 2 2 1 2 2 2 2 2 2 2 2 4 4 4 9 18 50 120 192 207 160 75 17 8 5 7 10 22 39 68 48 9 4 3 2 2 5 23 38 68 41 23 11 7 5 5 4 3 2 2 2 2 2 2 2 2 2 3 2 2 2 2 2 2 2 2 2 1 2 2 3 6 9 17 33 71 136 214 166 55 8 5 2 3 1 0 0 2 2 0 1 2 1 6 5 4 4 2 0 0 0 0 0 0 0 0 0 0 0 2 1 1 0 3 0 0 4 7 32 32 7 2 0 0 0 0 0 2 0 3 7 15 39 29 47 152 255 255 255 164 20 7 3 4 2 2 2 2 2 2 2 2 2 2 2 2 2 2 2 0 0 0 0 0 1 1 0 0 0 0 0 0 0 0 0 0 2 2 2 2 2 2 3 3 3 3 4 4 3 4 4 3 3 2 2 3 3 3 2 2 1 1 2 2 3 3 2 2 2 2 2 2 1 2 4 4 5 5 8 10 12 13 17 17 22 42 78 177 255 248 105 25 8 2 0 4 4 3 3 4 3 5 2 2 0 0 0 0 0 2 0 0 0 0 0 0 0 0 0 0 0 0 0 2 0 0 0 0 0 0 0 0 0 0 0 0 0 0 0 0 0 0 0 0 0 0 0 0 0 0 0 0 0 0 0 0 0 0 0 0 0 0 0 0 0 0 0 0 0 0 0 0 0 0 0 0 0 0 0 0 0 0 0 0 0 0 0 0 0 0 0 0 0 0 0 0 0 0 0 0 0 0 0 0 0 0 0 0 0 0
0 2 3 3 3 4 3 2 2 2 2 3 3 3 3 2 2 4 5 5 5 5 6 6 6 5 6 5 5 4 3 4 4 4 4 4 3 5 5 5 3 5 6 4 3 3 4 6 8 13 10 4 4 3 3 2 2 2 2 3 3 4 3 3 3 3 4 5 6 6 8 7 8 9 8 7 7 6 19 38 48 12 7 6 7 6 6 4 5 6 5 5 8 9 10 10 14 33 80 103 74 38 24 13 8 7 8 11 13 12 13 15 24 42 85 125 153 159 120 43 16 4 3 4 5 7 25 173 255 255 255 251 218 211 218 235 235 227 213 184 131 96 61 38 26 15 7 8 8 8 5 3 6 5 4 2 0 1 2 1 1 2 2 2 3 2 2 2 2 2 2 3 5 7 9 17 37 80 156 209 200 136 52 16 10 8 15 19 31 41 64 52 22 6 2 2 3 3 5 15 17 41 65 48 26 17 9 5 8 5 5 4 3 3 3 3 4 3 3 3 3 3 4 3 4 3 3 3 4 3 2 3 8 8 13 28 52 91 196 205 116 16 6 4 2 2 0 0 1 2 2 0 2 0 4 4 8 4 2 2 0 0 0 0 0 0 0 0 0 0 0 0 2 0 0 3 0 0 4 6 29 31 10 0 2 0 0 0 0 1 2 4 6 15 42 33 58 182 255 255 255 138 17 5 3 4 4 2 2 2 0 0 0 2 0 0 0 0 0 2 0 2 2 2 2 2 2 2 2 2 0 0 0 0 0 1 2 2 0 2 2 2 2 3 3 3 3 3 3 3 3 3 3 3 3 3 4 2 2 3 3 3 3 4 4 4 3 3 3 3 3 2 4 5 5 7 8 9 11 13 13 15 13 14 10 15 18 32 73 158 255 251 111 19 7 1 2 3 3 4 2 4 3 5 2 0 0 0 0 0 0 2 0 0 0 0 0 0 0 0 0 0 0 0 0 2 0 0 0 0 0 0 0 0 0 0 0 0 0 0 0 0 0 0 0 0 0 0 0 0 0 0 0 0 0 0 0 0 0 0 0 0 0 0 0 0 0 0 0 0 0 0 0 0 0 0 0 0 0 0 0 0 0 0 0 0 0 0 0 0 0 0 0 0 0 0 0 0 0 0 0 0 0 0 0 0 0 0 0 0 0 0
4 4 3 4 3 2 3 4 4 4 4 5 6 5 5 6 6 5 4 4 4 7 5 6 7 8 8 8 9 11 12 11 12 12 11 12 14 12 13 13 12 10 9 10 10 8 7 8 11 13 6 3 5 2 2 3 3 4 3 3 3 3 4 4 3 3 3 3 2 2 3 4 4 2 5 5 5 9 20 47 37 9 4 3 4 3 3 6 4 4 4 4 4 5 5 6 9 16 36 89 93 78 37 20 13 7 4 4 5 8 8 9 12 13 18 33 65 120 157 124 39 16 7 6 6 13 41 222 255 255 255 216 150 100 92 130 167 197 211 218 207 171 131 80 57 38 25 15 10 9 7 7 4 4 4 4 3 3 3 3 2 3 2 2 2 2 4 4 4 6 11 15 20 31 49 77 125 191 218 191 122 47 30 24 28 38 41 50 57 70 52 21 7 3 0 2 2 1 6 12 12 14 34 61 66 44 29 21 15 14 9 9 8 8 7 8 8 8 7 7 6 6 8 9 8 7 8 10 12 12 12 16 12 16 32 52 59 135 216 166 54 8 5 2 3 1 0 0 2 2 1 0 2 0 6 4 6 4 2 1 0 0 0 0 0 0 0 0 0 0 0 1 2 0 0 3 0 0 3 6 26 27 14 3 2 2 0 0 0 0 2 5 7 13 44 41 67 213 255 255 255 114 16 7 3 3 4 4 5 5 5 5 6 5 5 5 5 5 6 5 4 2 2 2 2 2 2 2 1 0 2 2 2 2 2 1 0 0 1 2 2 4 3 3 3 5 5 4 4 4 3 3 3 5 5 5 5 5 5 3 2 2 2 2 2 2 2 3 4 5 5 6 6 6 8 7 9 13 13 13 14 13 13 11 10 10 15 18 65 155 255 251 116 19 7 0 2 4 4 4 3 4 3 5 2 0 0 0 0 0 0 2 0 0 0 0 0 0 0 0 0 0 0 0 0 2 0 0 0 0 0 0 0 0 0 0 0 0 0 0 0 0 0 0 0 0 0 0 0 0 0 0 0 0 0 0 0 0 0 0 0 0 0 0 0 0 0 0 0 0 0 0 0 0 0 0 0 0 0 0 0 0 0 0 0 0 0 0 0 0 0 0 0 0 0 0 0 0 0 0 0 0 0 0 0 0 0 0 0 0 0 0
4 4 3 4 2 4 4 4 5 4 4 5 5 7 9 9 9 10 11 11 12 11 11 14 16 18 24 27 28 27 29 29 29 28 26 23 25 24 25 26 25 26 25 21 22 21 25 22 21 26 16 10 10 9 8 6 5 4 3 4 3 3 3 3 4 4 4 4 4 3 2 0 3 2 5 5 4 10 25 54 24 8 4 5 5 3 4 4 4 3 3 4 4 5 5 4 4 7 17 38 88 89 87 45 19 15 10 6 4 3 5 5 5 7 7 12 24 52 115 163 111 33 11 8 11 20 83 245 255 255 253 190 110 41 24 38 44 81 124 173 201 204 193 167 116 79 52 36 24 14 10 8 7 5 4 4 3 4 5 4 3 3 2 3 4 6 9 12 19 28 38 57 80 119 160 198 218 228 199 130 81 69 64 60 60 60 65 69 60 37 15 7 3 1 0 2 2 1 4 11 10 8 12 30 48 65 61 51 32 25 27 25 26 24 26 25 22 24 26 27 26 26 24 24 25 27 26 26 25 31 36 36 39 51 51 44 85 188 210 111 18 6 4 2 2 0 0 1 2 2 0 1 1 2 5 8 4 3 2 0 0 0 0 0 0 0 0 0 0 0 0 2 1 0 0 3 0 0 0 7 15 35 13 7 4 3 2 0 0 0 2 5 8 13 44 48 81 242 255 255 255 84 14 5 6 7 8 6 7 6 6 7 7 7 8 8 7 6 6 7 8 8 9 10 9 8 7 7 7 3 2 2 2 0 0 0 2 2 3 4 3 3 4 7 9 7 5 7 7 7 8 9 9 9 8 8 7 7 7 8 8 7 7 6 8 7 7 6 7 8 7 8 10 12 14 16 14 13 14 13 11 10 8 6 6 4 11 15 53 165 255 251 117 20 5 2 2 4 4 4 2 4 3 5 2 0 0 0 0 0 0 2 0 0 0 0 0 0 0 0 0 0 0 0 0 2 0 0 0 0 0 0 0 0 0 0 0 0 0 0 0 0 0 0 0 0 0 0 0 0 0 0 0 0 0 0 0 0 0 0 0 0 0 0 0 0 0 0 0 0 0 0 0 0 0 0 0 0 0 0 0 0 0 0 0 0 0 0 0 0 0 0 0 0 0 0 0 0 0 0 0 0 0 0 0 0 0 0 1 2 2 2
5 4 5 6 7 8 9 10 13 15 15 19 22 21 22 28 30 31 37 39 39 43 43 49 55 61 64 68 75 80 86 94 95 98 99 102 102 100 96 84 76 69 62 59 59 54 50 48 50 48 38 32 30 23 18 15 13 10 9 9 5 4 3 3 1 2 2 2 3 3 3 3 5 6 6 4 6 15 33 45 15 6 2 3 2 3 2 2 2 3 3 2 3 3 3 4 4 4 5 17 31 78 89 89 56 21 16 12 9 6 7 6 4 4 7 8 10 22 61 152 163 77 44 28 26 47 134 253 255 255 250 161 104 33 13 11 7 16 26 52 118 171 201 200 178 146 105 69 50 35 24 13 8 11 6 6 6 4 4 4 4 5 7 10 15 19 29 38 53 80 122 160 206 223 236 235 216 176 113 79 75 75 73 71 69 62 49 31 17 9 4 2 0 0 0 2 2 2 3 8 14 5 5 5 14 35 54 62 64 57 50 50 52 55 54 54 56 55 59 58 59 61 63 59 59 59 55 54 55 55 50 52 58 50 49 49 131 215 170 53 9 4 3 3 1 0 0 2 2 2 0 2 0 4 5 7 4 2 1 0 0 0 0 0 0 2 2 2 2 2 2 2 0 0 2 2 0 0 0 4 10 28 26 9 8 7 5 4 4 4 6 5 10 18 39 56 99 255 255 255 243 60 10 11 7 5 5 4 4 4 4 5 4 3 3 4 4 5 6 5 5 5 5 5 5 6 5 5 4 6 5 2 2 2 3 3 3 4 2 4 5 7 10 8 8 11 13 13 10 10 10 11 11 12 13 13 12 12 12 13 14 16 16 16 13 14 14 14 14 14 16 16 17 15 17 16 16 10 7 6 5 3 2 3 3 3 11 14 53 171 255 251 103 22 4 4 0 4 5 3 2 4 3 5 2 0 0 0 0 0 0 2 0 0 0 0 0 0 0 0 0 0 0 0 0 2 0 0 0 0 0 0 0 0 0 0 0 0 0 0 0 0 0 0 0 0 0 0 0 0 0 0 0 0 0 0 0 0 0 0 0 0 0 0 0 0 0 0 0 0 0 0 0 0 0 0 0 0 0 0 0 0 0 0 0 0 0 0 0 0 0 0 0 0 0 0 0 0 0 0 0 0 0 0 0 2 2 2 1 0 0 0
5 8 10 11 11 13 16 20 27 31 38 41 51 62 66 72 84 98 107 116 131 146 156 164 173 182 193 196 196 199 205 208 212 210 208 206 199 196 193 186 184 178 167 160 150 145 135 123 124 118 106 88 76 66 52 45 35 27 22 15 13 11 11 10 10 8 6 4 4 4 4 4 5 6 7 6 8 19 42 38 14 6 2 2 1 2 0 0 0 0 2 2 2 2 2 2 2 2 2 3 14 30 67 91 92 63 26 17 15 11 9 11 11 12 12 13 19 25 49 116 194 148 79 77 94 133 216 255 255 255 245 152 96 27 9 5 3 6 8 15 23 63 126 169 193 187 158 116 86 67 45 31 27 18 15 13 11 9 8 10 15 23 26 31 38 53 74 113 154 185 211 227 226 216 198 166 127 65 30 22 17 13 12 14 11 8 7 4 2 1 0 0 0 1 2 0 2 2 3 9 13 5 2 1 3 6 13 29 39 48 52 48 43 42 42 41 38 36 31 32 35 32 32 34 33 31 36 36 30 28 30 29 23 17 25 77 176 210 118 17 6 3 3 2 0 0 1 2 0 2 1 1 2 5 7 5 4 2 0 0 0 0 0 0 2 2 0 0 0 0 0 4 2 2 2 2 0 0 0 3 5 15 25 24 20 17 15 11 9 8 9 11 16 23 42 59 137 255 255 255 213 39 13 7 3 2 4 3 4 3 4 3 3 3 3 3 2 2 2 2 2 3 2 2 2 2 3 4 5 6 6 5 3 3 3 2 3 3 4 8 10 17 19 20 19 17 17 17 17 18 17 16 15 13 12 13 15 15 17 16 15 15 15 16 18 17 16 15 16 15 14 15 16 13 9 5 3 4 3 2 2 2 2 3 2 4 10 15 49 183 255 245 103 22 4 4 2 3 5 3 3 2 4 5 2 0 0 0 0 0 0 2 0 0 1 2 1 0 0 0 0 0 0 0 0 3 2 2 2 2 2 2 2 1 2 2 2 2 1 0 0 0 0 0 0 0 0 0 0 0 0 0 0 0 0 0 0 0 0 0 0 0 0 0 0 0 0 0 0 0 0 0 0 0 0 0 0 0 0 0 0 0 0 0 0 0 0 0 0 0 0 0 0 0 0 0 0 1 2 3 3 3 3 4 4 3 3 3 3 3 3 3
10 9 11 16 24 31 38 45 61 86 107 132 152 171 189 207 224 237 242 247 247 248 249 251 252 252 252 253 253 255 255 253 253 253 253 253 253 253 253 253 252 250 249 248 247 245 240 236 228 216 204 196 180 162 149 132 115 91 66 51 36 27 25 23 20 18 15 14 10 10 9 11 11 7 11 16 13 24 52 29 8 7 4 4 4 4 3 3 3 2 1 0 0 0 0 3 3 4 3 4 7 15 28 61 91 97 73 36 22 19 14 14 19 21 25 29 34 37 54 107 197 222 202 213 235 250 255 255 255 255 243 154 83 27 11 7 3 3 4 5 7 14 31 86 147 176 182 161 126 92 71 55 36 28 23 21 20 21 27 30 31 38 48 64 104 133 166 200 216 223 214 192 157 116 62 37 13 5 5 4 4 5 4 3 2 3 3 2 0 0 0 0 1 1 0 0 2 1 5 8 12 5 2 2 1 1 3 4 11 17 14 13 14 10 10 11 13 13 12 11 10 9 8 8 8 8 8 8 9 10 7 7 8 11 26 123 212 171 55 9 3 2 3 2 0 0 2 2 2 0 2 0 3 6 6 4 2 2 0 0 0 0 0 0 2 0 0 0 0 0 2 0 0 0 0 2 0 0 0 1 2 8 18 21 22 25 26 27 28 27 27 28 32 39 55 72 180 255 255 255 166 30 13 4 2 2 2 1 1 1 1 0 0 0 0 1 2 3 2 2 3 2 2 2 2 2 0 2 2 2 4 8 3 2 3 3 5 7 10 15 22 15 8 7 5 5 5 5 5 6 6 6 6 6 7 7 7 7 7 6 6 7 7 7 6 6 7 8 6 7 6 5 4 4 4 3 2 2 2 1 2 2 2 3 2 5 8 16 48 192 255 242 106 18 5 4 2 4 4 3 3 2 4 5 2 0 0 0 0 0 0 2 3 3 3 3 3 3 4 4 4 4 3 3 3 3 3 3 3 3 3 3 3 3 3 3 3 3 3 3 3 3 3 3 3 3 3 3 3 3 3 3 3 3 3 3 3 3 3 3 3 3 3 3 3 3 3 3 3 3 3 3 3 3 3 3 3 3 3 3 4 4 4 4 4 4 4 5 5 5 5 5 6 6 6 6 5 5 6 5 7 7 6 6 7 7 8 9 10 10 10 9
22 26 36 50 68 95 117 144 167 189 212 234 244 248 249 252 252 253 255 255 255 255 255 255 255 255 255 255 255 255 255 255 255 255 255 255 255 255 255 255 255 255 255 255 255 255 255 255 253 253 252 250 248 246 241 233 217 201 172 152 132 115 87 66 52 43 43 37 33 35 32 33 31 35 27 25 27 39 57 24 10 8 5 3 3 4 3 3 3 3 3 3 3 3 3 0 0 4 3 4 3 3 8 27 53 95 107 96 62 42 44 45 41 44 54 74 106 129 158 201 242 252 255 255 255 255 255 255 253 253 245 162 88 22 12 3 3 0 2 2 3 6 12 20 50 111 160 185 165 131 109 80 63 55 52 45 45 45 50 59 73 90 132 160 189 209 223 213 199 161 119 80 39 23 11 4 4 0 0 0 0 0 2 2 2 2 0 0 0 0 0 1 1 0 0 1 2 2 5 7 11 5 3 0 0 0 0 2 3 8 9 9 7 7 5 4 5 5 6 6 7 8 8 7 8 8 8 6 6 6 5 6 7 13 64 174 208 123 17 5 3 2 2 0 0 0 2 0 2 1 1 2 4 7 4 4 2 1 1 0 2 2 0 2 2 0 0 0 0 0 0 0 0 0 2 0 0 0 0 0 2 3 6 14 16 15 19 22 24 26 25 31 41 55 78 96 226 255 255 255 126 22 8 4 2 2 1 2 0 2 1 3 3 3 2 3 2 0 1 2 0 0 0 0 2 2 3 3 2 2 3 5 6 5 6 7 8 14 15 12 13 6 3 0 0 0 2 2 2 2 3 3 3 3 3 3 4 4 5 4 3 3 3 3 3 3 3 3 4 3 3 2 3 3 2 2 0 0 0 1 2 2 2 3 3 2 8 17 46 201 255 236 106 19 4 4 2 4 4 3 3 2 4 5 2 0 0 0 0 0 0 4 3 3 4 4 4 3 3 3 4 4 4 4 4 4 3 3 3 3 3 3 3 4 4 4 4 4 4 4 4 4 5 4 4 5 5 4 5 6 5 6 7 7 7 7 7 7 8 7 8 8 8 8 9 9 9 10 10 10 10 11 12 12 13 13 13 14 15 15 15 16 17 17 17 17 17 16 16 16 16 18 18 19 19 19 19 20 21 21 19 20 21 20 20 20 21 20 18 19 20 20
50 75 101 126 154 178 207 236 244 249 251 253 253 255 255 255 255 255 255 253 253 253 252 252 251 249 249 249 249 249 248 247 247 247 248 248 248 249 250 250 250 252 253 253 253 253 255 255 255 255 255 255 255 255 254 253 253 250 250 246 241 228 211 196 172 159 145 131 121 108 104 100 100 86 78 66 59 70 73 38 21 17 12 11 8 8 6 5 4 5 6 7 7 7 6 6 7 7 7 7 6 8 11 14 34 58 106 124 121 111 105 108 122 152 186 213 238 250 252 255 255 255 255 255 255 255 253 243 233 251 250 193 84 23 13 2 2 2 1 1 2 4 3 8 19 35 88 136 176 180 151 122 114 100 81 84 91 105 118 134 160 187 202 213 216 202 167 138 100 58 32 17 9 3 3 3 0 0 0 0 0 1 2 1 0 0 0 0 0 0 2 1 0 0 0 2 2 2 4 8 9 3 2 2 2 2 0 0 1 2 5 8 10 11 10 8 4 4 3 3 3 3 3 3 5 5 8 8 10 10 7 8 9 26 119 210 174 62 8 4 2 3 2 0 0 0 2 2 0 2 0 3 5 7 4 2 2 0 2 2 0 0 0 2 0 0 0 2 2 2 2 2 2 2 0 0 0 0 0 0 0 0 2 3 7 10 10 10 11 12 14 18 34 48 102 119 250 255 255 251 79 17 7 2 2 2 0 2 2 3 3 2 5 7 8 8 10 8 4 2 0 0 0 0 0 0 0 0 2 4 5 7 12 13 13 17 14 9 5 6 8 5 3 2 2 2 1 0 0 0 0 0 1 2 2 2 2 2 2 2 2 2 2 2 2 2 2 1 0 0 0 2 0 2 0 2 0 0 0 0 2 2 3 2 2 2 9 16 50 203 255 234 106 18 5 3 2 4 4 3 3 2 5 4 2 0 0 0 0 0 3 7 9 10 11 12 14 16 16 15 15 15 15 15 15 18 20 20 18 18 19 20 19 18 19 20 19 19 20 21 23 24 22 23 24 22 22 22 22 21 21 20 20 22 23 24 24 25 26 27 26 26 26 26 25 25 25 24 24 24 24 24 24 24 24 24 24 23 23 21 21 21 20 20 21 21 21 23 23 23 23 22 20 20 21 22 22 21 20 20 20 19 19 19 19 18 15 15 15 15 13 12
125 152 187 219 241 248 250 252 254 254 254 253 253 252 251 249 248 247 245 239 227 205 194 179 164 151 143 133 124 119 115 112 109 105 105 108 115 129 140 150 158 166 174 185 204 217 236 243 248 250 250 252 253 254 254 255 255 255 255 255 255 254 253 253 251 249 246 238 228 217 214 218 217 212 200 185 152 129 103 65 43 35 32 26 20 14 11 8 8 8 7 7 6 6 7 7 9 8 10 14 18 21 28 38 44 69 99 137 177 208 222 238 248 252 255 255 255 255 255 255 255 255 253 248 230 200 143 123 176 243 253 221 79 26 13 4 1 3 3 4 3 1 4 3 5 14 29 67 122 170 189 176 160 153 156 154 162 172 188 198 205 205 202 184 144 116 75 45 26 16 7 4 3 3 2 1 0 0 0 0 2 1 0 0 0 0 0 0 1 2 0 0 0 0 0 2 2 2 5 10 8 0 3 0 0 0 2 2 2 0 2 3 6 8 9 9 10 9 8 7 7 7 8 9 9 9 8 9 8 9 11 11 17 61 172 208 129 18 6 3 2 3 0 0 0 2 1 2 1 1 2 4 7 4 4 2 0 0 0 0 1 2 3 2 2 2 2 0 0 0 0 0 0 2 0 0 0 0 0 0 0 0 0 0 2 3 3 4 4 4 6 10 28 62 105 153 255 255 255 227 51 12 7 1 2 3 2 3 4 5 7 10 13 12 17 18 14 10 9 7 4 2 0 0 0 0 0 0 2 8 12 15 14 13 14 7 4 3 3 8 7 4 2 0 2 0 0 0 0 0 0 0 0 0 0 0 0 0 0 0 0 1 2 1 0 0 0 0 0 0 2 0 0 2 0 0 2 0 0 2 0 2 2 2 3 2 9 15 54 205 255 234 108 17 4 3 3 4 4 3 4 2 5 3 2 0 0 0 0 5 12 16 20 27 31 33 32 28 29 30 30 30 30 33 34 32 28 29 30 30 31 31 30 30 28 29 29 29 27 28 26 25 26 24 24 24 23 22 22 21 22 21 20 18 17 16 15 15 13 14 15 15 15 15 15 15 14 14 14 13 12 12 13 13 12 11 10 10 10 11 10 10 10 10 9 9 9 8 8 8 7 6 6 6 6 5 5 5 5 4 5 4 4 4 3 3 4 3 3 3 4 5
226 244 249 251 252 254 252 252 252 251 249 247 242 229 207 186 158 124 102 84 66 53 48 41 34 31 29 30 27 24 22 24 24 23 24 24 22 21 21 27 30 39 44 50 55 69 79 100 115 140 170 197 213 234 243 248 250 252 253 254 255 255 255 255 255 255 255 254 254 254 253 251 251 251 251 249 246 239 203 156 115 87 70 55 46 39 29 27 22 21 19 18 16 17 17 20 24 27 34 45 59 74 90 112 141 177 209 238 250 252 255 255 255 255 255 255 252 250 242 211 180 143 115 91 57 41 31 50 123 228 251 238 105 25 14 7 4 4 1 2 3 2 1 3 3 4 8 19 46 93 151 183 192 187 187 192 195 200 198 202 188 168 132 97 60 32 21 10 4 4 5 4 3 2 1 2 1 0 2 2 0 0 0 0 0 0 0 2 1 0 0 0 0 0 0 2 2 2 7 10 5 1 2 0 0 0 0 0 0 2 2 2 2 3 4 6 8 9 10 10 11 10 10 8 8 8 9 7 8 10 9 15 32 123 208 179 67 9 4 0 3 2 0 0 0 2 0 2 2 0 3 5 7 4 2 2 0 0 0 2 3 2 0 0 0 0 0 0 0 0 0 0 0 2 0 0 0 0 0 0 0 0 0 0 0 0 0 2 2 0 4 11 32 81 109 202 255 255 255 174 33 12 6 2 0 2 2 7 6 9 15 25 28 32 32 30 30 25 17 9 8 5 4 0 0 0 0 2 11 14 11 10 8 5 5 2 2 3 2 9 7 3 3 0 2 0 0 0 0 0 0 0 0 0 0 0 0 0 0 0 0 0 0 1 2 2 2 2 2 2 0 0 0 2 0 0 0 2 0 2 0 2 3 2 3 3 8 16 60 207 255 229 106 18 4 2 4 4 4 2 4 2 6 2 1 0 0 0 4 10 18 22 25 24 19 18 16 16 16 15 14 13 14 13 11 12 13 12 12 12 10 9 10 10 10 9 10 9 9 7 8 8 8 7 6 6 6 6 6 6 6 6 6 5 5 4 4 5 5 3 3 3 3 3 3 3 4 3 3 4 4 3 2 2 2 3 3 3 3 3 3 3 3 2 2 2 2 2 2 2 2 2 2 0 0 0 0 0 0 0 0 0 0 0 0 0 0 0 0 0 0 0
251 251 252 252 252 252 249 247 239 207 175 137 105 82 63 48 34 22 17 14 13 9 8 9 8 7 7 7 7 8 8 6 7 9 10 10 13 15 15 13 14 14 13 14 13 14 14 22 25 26 39 52 68 96 117 145 164 197 216 234 243 249 251 253 253 254 255 255 255 255 254 254 254 253 254 254 254 254 253 249 241 220 186 155 127 113 99 77 69 60 51 42 44 48 55 63 74 88 113 129 161 199 229 245 250 252 255 255 255 255 255 252 252 245 225 189 146 112 82 56 41 32 24 18 13 11 13 31 84 201 248 243 151 38 16 8 3 4 3 2 3 1 1 2 2 3 4 8 14 30 64 117 153 183 189 189 180 169 156 127 105 64 36 20 11 7 4 5 5 4 3 3 2 2 1 0 1 2 0 0 0 0 0 2 2 2 2 0 0 0 0 0 0 0 2 2 2 3 9 9 1 2 0 0 0 0 0 0 0 0 0 0 2 2 2 3 3 2 3 4 5 5 5 5 4 4 4 3 4 4 6 16 68 174 211 133 21 7 2 2 3 0 0 0 2 2 2 2 0 2 3 8 4 4 2 0 0 0 2 2 0 0 2 0 0 0 0 0 0 0 0 0 0 2 2 0 0 0 0 0 0 1 0 0 0 0 0 2 2 2 4 9 41 95 124 237 255 255 255 122 20 12 5 2 3 6 8 10 16 28 35 26 21 20 18 18 23 26 28 23 13 8 5 4 0 0 3 11 10 8 7 4 3 2 1 4 2 0 3 8 7 3 2 1 1 0 0 0 0 0 0 0 0 0 0 0 0 0 0 0 0 0 0 0 0 0 0 0 0 0 0 0 0 2 0 0 0 0 2 1 0 2 4 3 3 3 7 16 61 209 255 231 98 18 5 2 4 4 4 3 4 2 6 2 0 0 0 3 7 15 21 20 13 8 6 5 4 4 4 4 5 6 7 7 7 7 7 5 5 5 5 4 4 4 4 4 3 3 3 3 2 2 2 2 2 2 2 2 2 2 0 0 0 0 0 2 2 0 0 2 2 0 0 0 0 0 0 0 0 0 0 0 0 0 0 0 0 0 0 0 0 0 0 0 0 0 0 0 0 0 0 0 0 0 0 0 0 0 0 0 0 0 0 0 0 0 0 0 0 0 0 0
252 251 251 249 245 226 184 137 99 66 43 31 30 21 17 15 9 7 7 5 4 5 5 5 4 4 4 3 2 2 2 2 0 2 2 2 2 0 2 4 4 5 7 8 9 9 10 12 10 12 15 16 18 20 22 25 34 44 60 95 122 137 158 185 204 226 238 246 249 250 251 251 251 251 251 251 254 254 255 255 255 254 254 251 247 234 210 190 164 148 131 129 131 133 144 165 188 215 237 249 252 252 255 255 255 255 252 250 242 220 191 147 110 84 58 45 34 23 18 15 12 9 7 8 7 6 8 24 67 160 230 243 197 75 21 10 4 3 2 2 3 4 3 2 1 1 1 3 7 10 17 31 51 72 86 90 82 67 48 27 14 9 7 6 4 3 3 3 3 3 0 0 0 1 2 2 2 2 2 2 2 2 2 0 0 0 0 0 0 0 0 0 0 0 2 2 1 5 11 6 1 1 0 0 0 0 0 0 0 0 0 0 0 0 0 1 2 3 3 3 3 3 2 2 1 0 2 0 2 2 7 23 123 207 188 74 11 4 1 4 2 0 0 0 2 0 2 2 1 3 6 7 4 2 2 0 0 0 3 0 0 0 2 0 0 0 0 0 0 0 0 0 0 2 2 0 0 0 0 0 0 1 1 0 0 0 2 2 2 2 6 11 57 109 139 254 255 255 251 69 13 10 4 4 7 10 17 23 35 27 16 15 12 12 9 7 7 10 15 25 23 16 7 6 3 3 10 10 10 4 2 2 2 2 2 4 3 2 2 8 8 3 2 2 0 0 0 0 0 0 0 0 0 0 0 0 0 0 0 0 0 0 0 0 0 0 0 0 0 0 0 0 0 2 0 0 0 0 2 2 0 2 4 2 2 3 8 16 61 214 255 232 88 18 5 2 4 5 4 3 3 2 6 2 0 0 1 3 10 19 25 14 8 5 4 4 4 4 4 4 3 2 2 2 0 0 2 0 0 0 0 0 0 0 0 0 0 0 0 0 0 0 0 0 0 0 0 0 0 0 0 0 0 0 0 0 0 0 0 0 0 0 0 0 0 0 0 0 0 0 0 0 0 0 0 0 0 0 0 0 0 0 0 0 0 0 0 0 0 0 0 0 0 0 0 0 0 0 0 0 0 0 0 0 0 0 0 0 0 0 0 0
248 244 218 165 116 78 55 37 23 16 11 7 5 7 8 7 4 4 4 3 2 2 2 2 2 2 2 2 2 2 2 2 2 3 3 3 4 3 4 4 4 3 3 3 4 5 5 2 4 5 5 6 7 7 9 9 11 14 15 15 15 21 31 41 56 74 108 131 165 191 204 231 239 244 246 249 251 253 254 254 255 255 255 255 255 255 255 254 251 250 247 242 242 244 250 251 252 254 255 255 255 252 250 245 232 204 165 121 92 64 46 34 28 18 14 13 10 8 6 4 4 2 1 2 3 8 8 29 78 133 183 233 218 135 37 12 9 2 4 2 0 3 1 2 3 3 1 2 2 5 4 8 14 18 16 17 15 9 9 7 5 4 3 3 3 2 2 1 0 0 2 2 1 0 0 0 0 0 0 0 0 0 0 0 0 0 0 0 0 0 0 0 0 1 1 2 2 8 10 3 2 0 0 0 0 0 0 0 0 0 0 0 0 0 0 0 0 0 0 0 0 0 0 0 0 0 2 0 2 3 11 48 179 210 144 26 6 3 2 3 0 0 0 1 2 1 2 0 2 4 8 3 4 2 0 0 0 2 2 0 0 2 2 0 0 0 0 0 0 0 0 0 0 2 0 2 0 0 0 0 0 0 2 2 2 2 0 2 3 4 7 12 78 115 184 255 255 255 215 41 13 10 8 10 18 26 33 31 19 11 9 6 5 3 3 5 8 8 9 10 23 25 16 9 10 11 10 10 4 1 3 2 2 3 2 3 2 0 2 9 8 2 2 2 0 0 0 0 0 0 0 0 0 0 0 0 0 0 0 0 0 0 0 0 0 0 0 0 0 0 0 0 0 2 0 0 0 0 2 0 2 0 5 2 2 4 7 16 68 219 255 231 77 19 5 3 4 6 3 3 2 3 6 2 0 0 3 3 13 21 20 14 5 3 3 1 0 0 2 2 3 3 2 3 2 2 3 0 0 0 1 2 2 1 0 0 0 0 0 0 0 0 0 0 0 0 0 0 0 0 0 0 0 0 0 0 0 0 0 0 0 0 0 0 0 0 0 0 0 0 0 0 0 0 0 0 0 0 0 0 0 0 0 0 0 0 0 0 0 0 0 0 0 0 0 0 0 0 0 0 0 0 0 0 0 0 0 0 0 0 0 0
170 116 75 51 31 19 11 5 3 2 3 3 5 6 8 6 2 2 3 3 4 2 2 2 2 3 3 2 2 2 2 2 2 5 5 4 3 4 4 5 5 3 3 4 2 2 3 3 2 2 3 4 5 5 4 5 4 4 5 5 7 8 7 8 9 10 13 20 35 76 120 150 157 165 177 188 198 212 229 241 249 251 254 254 255 255 255 255 255 255 255 255 255 255 254 254 252 252 247 235 210 178 146 100 58 48 32 21 16 13 14 10 8 6 5 3 3 3 1 1 1 1 2 2 6 7 17 45 83 104 135 206 230 185 81 21 9 6 4 2 1 0 2 2 1 0 0 0 1 1 2 1 3 6 4 4 6 5 3 3 2 2 2 2 3 2 0 0 0 0 0 0 1 2 1 0 0 0 0 0 0 0 0 0 0 0 0 0 0 0 0 0 0 2 0 2 3 11 7 2 1 0 0 0 0 0 0 0 0 0 0 0 0 0 0 0 0 0 0 0 0 0 0 0 0 0 2 0 2 5 20 109 211 189 83 12 4 2 3 2 0 0 0 2 0 2 1 1 3 7 5 4 2 2 0 0 0 3 0 0 0 2 0 0 0 0 0 0 0 0 0 0 0 2 0 2 0 0 0 0 1 1 2 2 0 2 3 3 2 4 9 24 79 124 229 255 255 255 156 27 20 16 20 31 34 28 20 13 7 5 3 2 2 2 0 0 2 3 6 10 9 16 27 20 15 17 10 5 0 2 1 0 2 2 1 3 2 0 3 10 6 2 2 2 0 0 0 0 0 0 0 0 0 0 0 0 0 0 0 0 0 0 0 0 0 0 0 0 0 0 0 0 0 2 0 0 0 0 2 0 2 2 4 2 2 5 8 15 78 224 255 223 80 15 5 4 3 6 3 3 2 3 6 2 0 2 1 4 15 20 22 10 4 0 0 2 3 2 3 3 3 3 3 3 2 2 3 3 3 3 2 2 2 2 0 0 0 0 0 0 0 0 0 0 0 0 0 0 0 0 0 0 0 0 0 0 0 0 0 0 0 0 0 0 0 0 0 0 0 0 0 0 0 0 0 0 0 0 0 0 0 0 0 0 0 0 0 0 0 0 2 2 1 0 0 0 0 0 0 0 0 0 0 0 0 0 0 0 0 0 0 0
45 25 12 6 4 2 2 2 2 3 3 4 4 4 8 5 2 2 2 3 2 4 4 2 2 2 0 0 0 0 0 0 3 6 7 6 7 7 8 8 8 9 10 10 11 9 3 2 0 0 0 0 1 2 2 2 3 3 3 4 4 4 4 3 4 4 3 4 7 13 37 66 58 50 51 50 44 46 60 90 116 141 173 206 237 247 251 254 254 255 255 255 255 254 251 242 218 183 148 110 69 51 39 27 20 14 13 12 9 5 3 2 2 2 3 3 3 3 3 3 3 3 3 4 5 15 31 73 72 63 98 158 209 211 151 42 16 10 5 4 0 0 1 1 3 1 0 0 0 1 2 2 2 3 1 2 3 2 1 0 0 0 0 0 2 2 2 0 0 0 0 0 0 0 1 2 0 0 0 0 0 0 0 0 0 0 0 0 0 0 0 0 0 2 2 2 5 12 5 2 0 0 0 0 0 0 0 0 0 0 0 0 0 0 0 0 0 0 0 0 0 0 0 0 0 2 0 1 2 11 45 170 212 151 31 7 3 1 3 1 0 0 0 2 0 2 0 3 5 7 3 3 2 0 0 0 0 3 0 0 0 2 0 0 0 0 0 0 0 0 0 0 2 0 0 0 2 0 1 2 2 3 2 2 2 1 2 2 4 4 8 26 82 137 251 255 255 255 123 32 32 38 37 28 22 16 8 5 3 2 0 0 0 2 0 0 2 0 2 4 10 12 16 23 19 15 11 3 1 2 0 0 2 2 0 5 0 0 4 10 6 2 2 0 0 0 0 0 0 0 0 0 0 0 0 0 0 0 0 0 0 0 0 0 0 0 0 0 0 0 0 0 0 2 0 0 0 0 0 2 2 1 5 2 3 4 8 18 91 231 255 217 68 15 5 4 4 6 3 3 2 3 6 2 0 3 0 4 15 22 22 8 4 2 2 1 2 2 1 0 0 0 2 1 3 2 0 0 0 0 0 0 0 0 0 0 0 0 0 0 0 0 0 0 0 0 0 0 0 0 0 0 0 0 0 0 0 0 0 0 0 0 0 0 0 0 0 0 0 0 0 0 0 0 0 0 0 0 0 0 0 0 0 0 0 0 0 0 0 2 0 0 1 1 0 0 0 0 0 0 0 0 0 0 0 0 0 0 0 0 0 0
6 4 4 3 3 4 4 4 4 4 4 4 5 7 5 3 0 0 0 2 2 2 2 3 3 2 2 2 2 2 2 2 2 9 3 4 3 3 5 3 3 4 3 3 4 8 10 3 2 2 2 2 2 2 2 2 2 2 2 2 2 2 3 4 4 4 6 5 4 7 25 35 12 8 10 11 15 14 13 14 20 32 39 57 79 103 122 161 200 217 241 247 250 251 250 244 230 199 159 113 64 45 30 19 17 15 14 11 10 7 5 4 4 2 1 1 1 0 0 1 3 3 3 6 12 24 67 72 55 55 59 94 170 218 199 97 28 8 7 3 3 2 2 3 2 1 1 1 1 1 0 1 2 3 1 1 1 1 2 1 0 0 0 0 2 0 0 2 2 0 0 0 0 0 0 0 2 0 0 0 0 0 0 0 0 0 0 0 0 0 0 0 1 1 2 2 9 9 2 1 0 0 0 0 0 0 0 0 0 0 0 0 0 0 0 0 0 0 0 0 0 0 0 0 0 2 0 2 4 22 105 208 195 87 12 5 0 2 2 0 0 0 1 2 2 1 2 4 7 5 3 3 1 0 0 0 0 3 0 0 2 0 0 0 0 0 0 0 0 0 0 0 2 0 0 0 1 1 1 2 2 2 3 4 3 3 3 3 4 4 8 27 72 181 255 255 255 248 122 68 52 30 17 11 7 5 3 2 0 0 0 0 0 2 0 0 2 0 0 0 3 8 13 17 20 14 13 3 2 2 0 0 2 2 0 5 0 0 4 11 5 2 2 0 0 0 0 0 0 0 0 0 0 0 0 0 0 0 0 0 0 0 0 0 0 0 0 0 0 0 0 0 0 2 0 0 0 0 0 2 2 2 4 2 3 5 7 20 110 242 255 204 60 13 5 4 4 5 4 4 0 4 5 2 0 3 2 6 15 21 25 7 4 0 2 2 2 2 2 2 2 2 3 1 0 1 1 0 0 0 0 0 0 0 0 0 0 0 0 0 0 0 0 0 0 0 0 0 0 0 0 0 0 0 0 0 0 0 0 0 0 0 0 0 0 0 0 0 0 0 0 0 0 0 0 0 0 0 0 0 0 0 0 0 0 0 0 0 1 1 0 0 0 2 0 0 0 0 0 0 0 0 0 0 0 0 0 0 0 0 0 0
4 5 4 4 4 4 3 2 2 2 3 3 4 7 6 2 2 2 2 2 2 0 0 2 0 2 2 2 0 0 0 0 3 5 6 5 6 5 6 7 8 6 7 5 6 6 6 3 3 2 2 2 2 0 0 0 0 0 0 0 0 0 0 0 0 0 2 2 3 8 20 30 10 4 3 4 4 4 5 7 7 8 9 12 15 17 26 34 44 67 106 138 175 205 227 242 247 247 237 213 188 151 116 75 47 31 20 13 10 10 9 9 8 7 6 4 3 3 3 2 1 3 8 11 21 56 74 54 49 48 37 34 111 200 216 161 52 16 8 4 2 1 0 1 2 3 2 2 2 1 0 1 0 2 0 1 0 0 0 2 1 0 0 0 1 1 0 0 1 0 0 0 0 0 0 0 1 0 0 0 0 0 0 0 0 0 0 0 0 0 0 0 2 0 2 4 11 6 2 0 0 0 0 0 0 0 0 0 0 0 0 0 0 0 0 0 0 0 0 0 0 0 0 0 1 1 0 2 9 47 171 207 155 32 9 2 1 3 1 0 0 0 2 0 2 1 3 6 6 3 3 2 0 0 0 0 0 3 0 0 2 0 0 0 0 2 0 0 0 0 0 1 1 0 0 0 0 2 0 0 1 3 3 4 3 4 3 4 6 5 11 34 67 217 255 255 255 211 104 57 37 24 17 10 7 4 2 2 2 2 2 1 0 2 0 0 2 0 0 0 0 5 12 10 18 17 11 9 2 2 0 0 0 3 2 4 0 0 3 12 4 2 2 0 0 0 0 0 0 0 0 0 0 0 0 0 0 0 0 0 0 0 0 0 0 0 0 0 0 0 0 0 0 2 0 0 0 0 2 0 2 2 4 3 3 4 7 26 125 246 255 188 59 15 4 5 6 4 4 4 2 5 6 3 3 4 2 6 15 21 26 7 5 2 0 0 0 0 0 0 0 0 2 0 0 0 1 2 2 2 2 2 2 2 1 0 0 0 0 0 0 0 0 0 0 0 0 0 0 0 0 0 0 0 0 0 0 0 0 0 0 0 0 0 0 0 0 0 0 0 0 0 0 0 0 0 0 0 0 0 0 0 0 0 0 0 0 0 2 0 0 0 0 0 2 0 0 0 0 0 0 0 0 0 0 0 0 0 0 0 0 0
3 1 1 2 2 0 0 0 0 2 2 2 6 5 4 0 2 2 2 1 0 0 0 2 1 0 0 2 2 2 2 2 0 2 3 4 5 5 5 4 4 4 4 7 7 5 3 2 2 3 2 2 1 0 0 0 0 0 0 0 0 0 0 0 1 0 0 2 2 6 18 25 9 3 4 6 5 4 2 3 2 3 4 7 7 7 7 9 12 15 18 26 38 71 116 157 198 229 239 245 247 242 232 213 189 152 121 94 61 43 30 15 11 9 8 9 6 4 4 4 4 7 8 19 48 77 56 49 50 32 15 13 45 147 216 206 114 30 11 7 2 3 0 0 1 0 1 0 0 1 2 3 2 3 2 3 2 2 2 3 3 2 2 2 2 3 0 0 0 0 0 0 0 0 0 0 0 0 0 0 0 0 0 0 0 0 0 0 0 0 0 0 2 0 2 7 11 4 2 0 0 0 0 0 0 0 0 0 0 0 0 0 0 0 0 0 0 0 0 0 0 0 0 0 2 0 1 4 20 104 208 193 96 14 5 0 2 3 0 0 0 0 2 2 2 3 4 8 4 3 2 1 0 0 0 0 0 3 0 0 2 0 0 0 0 2 2 0 0 0 0 2 0 0 0 0 0 0 2 0 2 1 2 3 2 2 3 4 5 7 16 37 85 244 255 255 255 139 40 23 26 27 28 25 17 12 10 4 2 0 0 1 2 2 2 1 2 0 0 0 1 4 5 11 16 19 14 11 4 2 0 0 0 3 3 3 0 0 3 12 4 2 1 0 0 0 0 0 0 0 0 0 0 0 0 0 0 0 0 0 0 0 0 0 0 0 0 0 0 0 0 0 0 1 1 0 0 0 2 0 0 3 5 4 5 5 8 31 135 251 255 167 52 13 3 5 5 5 4 4 2 6 4 0 0 3 0 6 15 21 24 8 4 3 2 2 2 2 2 1 0 2 0 0 0 0 0 0 0 0 0 0 0 0 1 2 2 0 0 0 0 0 0 0 0 0 0 0 0 0 0 0 0 0 0 0 0 0 0 0 0 0 0 0 0 0 0 0 0 0 0 0 0 0 0 0 0 0 0 0 0 0 0 0 0 0 0 2 0 0 0 0 0 0 1 1 0 0 0 0 0 0 0 0 0 0 0 0 0 0 0 0
2 2 1 0 2 0 0 0 0 1 2 3 6 6 2 2 0 0 0 0 0 0 0 2 1 0 0 0 0 0 0 2 3 3 3 2 2 2 2 0 0 2 2 2 2 2 2 1 2 2 2 2 3 3 3 2 2 2 0 0 0 0 0 0 2 2 0 2 2 6 20 23 9 2 0 3 3 2 2 2 2 3 3 2 2 3 2 2 2 2 3 5 8 10 16 28 55 101 150 184 210 235 243 247 247 247 240 230 207 171 135 111 78 56 39 25 19 13 10 10 10 11 22 46 78 63 49 50 34 17 6 5 22 79 189 220 178 61 19 8 5 2 1 0 0 1 1 0 0 0 0 1 0 1 1 1 0 0 0 0 1 1 0 0 0 2 2 2 2 2 2 2 2 2 2 2 2 2 0 0 0 0 0 0 0 0 0 0 0 0 0 2 0 2 3 8 11 2 2 0 0 0 0 0 0 0 0 0 0 0 0 0 0 0 0 0 0 0 0 0 0 0 0 0 2 0 2 10 43 170 206 158 36 9 2 1 3 1 0 0 0 2 2 1 3 2 8 5 4 2 2 0 0 0 0 0 2 2 0 2 0 0 0 0 0 0 2 0 0 0 1 1 0 0 0 0 0 0 2 1 1 1 2 2 0 3 2 3 5 6 26 44 137 255 255 255 250 91 17 12 8 8 13 18 28 27 18 12 4 0 0 0 0 0 0 1 2 2 2 2 3 3 4 7 11 19 17 12 9 2 2 0 0 4 4 0 0 0 5 10 5 2 2 1 0 0 0 0 0 0 0 0 0 0 0 0 0 0 0 0 0 0 0 0 0 0 0 0 0 0 0 1 2 2 2 2 2 2 2 2 2 3 3 2 4 4 8 36 143 255 251 149 43 13 4 4 5 5 4 4 3 6 3 0 0 3 1 5 15 19 24 8 4 2 0 0 0 0 0 1 2 3 2 0 0 0 0 0 0 0 0 0 0 0 0 0 0 2 2 1 0 0 0 0 0 0 0 0 0 0 0 0 0 0 0 0 0 0 0 0 0 0 0 0 0 0 0 0 0 0 0 0 0 0 0 0 0 0 0 0 0 0 0 0 0 1 2 1 0 0 0 0 0 0 0 1 1 0 0 0 0 0 0 0 0 0 0 0 0 0 0 0
0 0 0 0 2 0 0 0 0 2 2 5 4 6 0 0 0 0 0 0 0 0 0 0 0 0 0 0 0 0 0 0 0 0 1 2 2 2 2 2 2 2 2 2 2 2 2 2 2 2 0 0 0 0 0 2 2 2 3 3 3 3 3 3 3 3 2 3 3 6 21 24 8 2 0 3 3 2 0 0 0 0 2 3 3 2 3 3 2 3 3 2 3 3 5 7 10 23 35 47 66 101 140 171 210 230 242 247 245 248 242 237 218 200 160 130 102 73 60 45 35 39 58 88 73 55 56 37 21 11 5 4 10 32 124 214 214 132 30 14 7 3 3 0 0 2 1 0 0 0 0 1 0 1 1 1 0 0 0 0 0 2 1 0 0 2 0 0 0 0 0 0 0 0 0 0 0 0 0 0 0 0 0 0 0 0 0 0 0 0 0 2 0 2 4 12 7 0 2 0 0 0 0 0 0 0 0 0 0 0 0 0 0 0 0 0 0 0 0 0 0 0 0 0 2 0 3 18 102 206 196 99 16 6 0 2 3 0 0 0 0 2 2 3 2 6 6 3 3 2 0 0 0 0 0 0 2 2 0 2 0 0 0 0 0 0 2 0 0 0 2 0 0 0 0 0 0 0 1 2 0 2 2 4 3 0 2 3 4 8 34 52 196 255 255 255 224 56 10 9 7 7 6 6 6 10 21 19 10 4 1 0 0 0 0 0 2 1 3 2 3 2 4 6 11 17 22 18 12 8 3 2 2 5 4 2 2 2 6 9 6 3 2 2 2 2 2 2 2 2 2 2 2 2 2 2 2 0 0 0 0 1 2 2 2 2 2 2 2 2 2 1 0 0 1 1 0 0 2 0 0 4 3 1 4 5 10 39 159 255 249 141 37 10 4 4 6 5 4 3 2 5 4 2 2 3 3 6 14 19 23 9 4 2 0 0 0 0 1 0 0 2 0 0 0 0 0 0 0 0 0 0 0 0 0 0 0 0 0 1 2 2 2 0 0 0 0 0 0 0 0 0 0 0 0 0 0 0 0 0 0 0 0 0 0 0 0 0 0 0 0 0 0 0 0 0 0 1 2 2 2 2 2 2 2 1 0 0 0 0 0 0 0 0 0 0 1 1 0 0 0 0 2 2 2 2 2 2 2 2 2 2
0 0 0 0 2 0 0 0 0 2 2 8 5 4 0 0 0 0 0 0 0 0 0 0 0 0 0 0 0 0 0 0 0 0 0 0 0 0 0 0 0 0 2 1 0 2 2 1 0 0 0 0 0 0 0 0 0 0 0 0 0 0 0 0 2 2 1 0 2 4 21 21 10 3 3 4 3 3 2 2 0 0 1 0 0 0 1 2 2 2 2 2 2 2 2 3 5 9 18 12 13 15 21 38 57 82 119 153 197 221 240 245 248 245 245 242 233 211 187 159 141 133 136 117 88 71 46 26 13 7 7 7 8 15 55 181 223 199 67 18 9 7 2 3 1 2 1 0 0 0 0 1 1 1 1 1 0 0 0 0 0 0 2 0 0 2 0 0 0 0 0 0 0 0 0 0 0 0 0 0 0 0 0 0 0 0 0 0 0 0 1 1 0 2 7 12 5 0 0 2 0 0 0 0 0 0 0 0 0 0 0 0 0 0 0 0 0 2 2 2 2 2 1 2 0 2 6 46 163 209 161 37 8 4 1 3 2 0 0 0 1 3 1 3 3 7 4 3 2 1 0 0 0 0 0 0 2 2 2 2 0 0 0 0 0 0 2 0 0 2 0 0 0 0 0 0 0 0 0 2 2 0 0 3 3 3 4 4 5 14 41 77 240 255 255 255 176 38 11 8 5 4 3 3 5 6 9 24 15 7 4 3 2 2 2 2 4 3 2 4 4 3 6 6 9 13 18 20 18 11 7 2 4 4 1 0 0 1 6 9 7 3 2 3 2 2 0 0 0 0 0 0 0 0 0 0 1 2 2 2 2 1 0 0 0 0 0 0 0 0 0 0 0 0 0 2 0 0 2 0 2 3 3 0 4 5 12 47 167 255 245 138 28 10 4 5 6 4 4 4 3 7 3 2 3 3 3 5 13 20 23 10 3 2 0 0 0 0 2 0 1 1 0 0 0 0 0 0 0 0 0 0 0 0 0 0 0 0 0 2 2 2 2 2 2 0 0 0 0 0 0 0 0 0 0 0 0 0 0 0 0 0 0 0 0 0 0 0 0 0 0 0 0 0 0 2 2 1 0 0 0 0 0 2 2 2 2 2 2 2 2 2 2 2 2 2 2 2 3 2 2 2 0 0 0 0 0 0 0 0 0 0
0 0 0 0 2 0 1 2 2 2 2 7 5 3 0 0 0 0 0 0 0 0 0 0 0 0 0 0 0 0 0 0 0 0 0 0 0 0 0 0 0 0 0 2 2 0 0 0 0 0 0 0 0 0 0 0 0 0 0 0 0 0 0 0 0 0 0 0 2 4 21 22 8 2 2 3 2 2 0 2 2 2 0 0 0 0 0 0 0 0 3 3 3 3 3 4 3 6 17 12 7 3 5 5 5 10 17 28 44 62 94 131 174 205 229 242 243 248 248 245 243 233 205 170 151 117 81 45 25 18 13 9 10 12 27 117 221 221 127 36 12 10 6 4 0 1 2 1 1 1 1 2 3 2 2 3 1 1 1 1 1 1 1 3 2 3 3 2 2 2 2 2 2 2 2 2 2 2 2 2 2 2 2 2 2 2 2 0 0 0 2 0 1 3 9 12 1 0 0 2 0 0 0 0 0 0 0 0 0 0 0 0 0 0 0 2 2 0 0 0 0 0 1 2 2 4 14 99 205 197 104 17 6 1 2 3 0 0 0 0 3 1 3 3 7 5 2 3 2 0 0 0 0 0 0 0 2 2 2 0 0 0 0 0 0 0 2 0 1 1 0 0 0 0 0 0 0 0 0 1 2 0 0 2 2 0 4 8 6 20 52 127 255 255 255 255 149 32 19 14 12 11 8 6 4 2 4 15 22 12 8 5 5 4 5 5 6 5 7 8 10 13 10 6 6 10 15 19 25 21 12 9 6 3 1 2 2 4 5 8 5 2 2 2 0 0 0 0 0 0 0 0 0 0 0 0 0 0 0 0 0 0 0 0 0 0 0 0 0 0 0 0 0 0 0 1 1 0 2 0 2 3 3 2 3 5 14 46 178 255 244 132 26 9 2 5 6 5 4 2 3 6 2 0 2 2 3 6 14 20 23 11 4 3 2 2 2 2 3 2 3 1 0 0 0 0 1 2 2 2 2 2 2 2 2 2 2 2 2 0 0 0 0 1 2 3 3 3 2 2 2 2 0 0 0 0 1 2 2 2 2 2 2 2 2 2 3 3 3 3 3 3 3 3 3 2 2 2 2 2 2 2 2 0 0 0 0 0 0 0 0 0 0 0 0 0 0 0 0 2 1 0 0 0 0 0 0 0 1 2 2 2
0 1 2 2 3 2 2 1 0 2 3 7 5 2 0 0 0 0 0 0 0 0 0 0 0 0 0 0 0 0 0 0 0 0 0 0 0 0 0 0 0 1 2 0 0 0 0 0 0 0 0 0 0 0 0 0 0 0 0 0 0 0 0 0 0 0 0 0 2 4 21 23 7 2 2 2 2 2 0 0 0 0 2 2 2 2 2 2 2 2 0 0 0 1 2 2 4 7 17 14 6 3 1 2 4 4 6 7 6 8 13 22 32 51 70 113 153 185 209 224 237 238 238 230 211 193 160 137 121 98 69 54 39 35 35 89 193 233 189 67 24 15 11 5 6 3 1 1 1 1 1 3 2 1 3 3 2 2 1 1 1 1 1 2 2 0 2 0 0 0 0 0 0 0 0 0 0 0 0 0 0 2 2 2 2 2 2 3 3 3 3 3 4 7 14 8 2 2 2 3 2 2 2 2 2 2 2 2 2 2 2 2 0 2 2 0 0 0 0 0 0 0 0 2 1 7 43 163 210 158 43 8 4 1 2 3 0 0 0 2 2 2 3 6 7 3 3 2 0 0 0 3 2 0 0 0 2 2 2 0 0 0 0 0 0 0 0 2 2 0 0 0 0 0 0 0 0 0 0 2 0 2 0 2 2 2 4 6 8 31 57 189 255 255 255 253 155 73 47 34 23 20 17 13 9 6 7 9 21 21 15 12 11 13 15 17 20 22 22 19 17 16 15 14 10 9 12 19 21 26 23 18 11 6 7 7 6 6 10 9 5 4 4 4 4 2 0 0 0 0 0 0 0 0 0 0 0 0 0 0 0 0 0 0 0 0 0 2 2 2 2 2 2 2 2 0 2 0 2 0 2 4 3 3 5 7 14 47 188 255 240 123 22 7 3 6 6 4 4 0 3 6 2 0 2 2 2 5 13 21 25 11 4 1 0 0 0 0 2 0 1 2 2 2 2 2 1 0 0 0 0 0 0 0 0 0 0 0 0 0 0 0 0 0 0 0 0 0 2 2 2 3 3 3 2 2 2 0 0 1 2 2 2 2 2 1 0 0 0 0 0 0 0 0 0 0 0 0 0 0 0 1 2 2 2 2 2 2 2 2 2 2 2 2 2 2 0 0 0 0 1 2 3 3 3 3 3 3 3 3 3 3
2 2 1 1 1 0 0 0 0 2 3 6 5 2 0 0 0 0 0 0 0 0 0 0 0 0 0 0 0 0 0 0 0 0 0 0 0 0 0 1 2 1 0 0 0 0 0 0 0 0 0 0 0 0 0 0 0 0 0 0 0 0 0 0 0 0 0 0 2 3 21 24 8 2 2 2 2 2 0 0 0 0 0 0 0 0 0 0 0 0 0 0 0 0 1 1 3 5 17 12 2 0 3 3 3 3 2 3 4 4 5 6 7 9 14 19 23 35 53 81 108 123 151 178 202 211 219 219 211 202 187 166 143 124 115 121 181 224 216 127 39 19 15 12 11 8 8 6 5 4 4 5 4 4 4 4 4 4 4 4 4 3 3 3 3 2 2 2 2 2 2 3 3 3 3 3 3 3 3 3 3 3 3 3 3 2 2 1 0 2 0 2 2 8 12 5 0 0 0 2 0 0 0 2 2 2 2 2 2 2 2 2 3 2 2 2 2 2 2 2 2 2 0 2 4 15 103 204 195 109 18 7 1 2 3 1 0 0 2 1 2 3 6 6 4 2 2 2 0 0 0 2 2 2 0 0 2 3 0 0 0 0 0 2 3 0 0 3 1 0 0 0 0 0 0 0 0 0 2 0 0 1 1 2 0 4 4 8 11 45 85 238 255 255 255 255 222 187 157 124 100 65 44 33 27 25 17 12 16 22 27 27 27 29 33 37 36 35 33 33 33 31 28 26 24 23 22 16 21 23 24 29 18 15 12 10 8 8 13 7 4 1 2 0 0 2 4 4 4 3 2 2 2 2 2 2 0 0 0 0 0 1 2 2 2 2 2 2 1 2 2 2 0 0 0 2 2 2 4 3 2 5 2 4 3 5 16 52 200 255 237 120 22 7 4 6 7 6 5 3 4 8 3 2 3 4 4 7 12 22 22 12 4 2 0 0 0 0 2 0 2 2 0 0 0 0 0 0 0 0 0 0 0 0 0 0 0 0 0 0 0 0 0 0 0 2 2 2 2 2 2 0 2 2 3 2 0 2 2 1 0 0 0 0 0 0 0 0 0 0 0 0 0 0 0 0 0 0 0 3 4 4 3 3 3 3 3 3 3 3 3 3 3 3 3 3 3 3 3 3 3 3 2 3 2 2 2 0 0 0 0 0
2 2 2 2 2 1 0 0 2 2 4 5 4 2 0 0 0 0 0 0 0 0 0 0 0 0 0 0 0 0 0 0 0 0 0 0 0 1 2 1 0 0 0 0 0 0 0 0 0 0 0 0 0 0 0 0 0 0 0 0 0 0 0 0 0 0 0 0 2 3 22 24 8 2 2 2 2 2 0 0 0 0 0 0 0 0 0 0 0 0 0 0 0 0 1 1 2 6 17 12 2 1 0 0 0 0 1 1 1 1 2 2 1 3 4 4 7 7 10 13 18 27 31 42 57 75 110 141 170 199 209 214 211 209 202 191 190 207 214 179 109 58 31 23 18 18 12 13 12 10 10 12 10 8 9 10 9 8 9 10 10 8 8 7 7 8 8 7 7 7 6 6 6 6 5 5 4 4 3 2 2 2 2 2 2 3 3 3 3 4 4 3 5 13 12 4 2 2 2 2 2 2 2 2 2 2 2 2 1 0 0 0 0 0 0 0 0 0 2 2 2 2 2 5 8 39 167 208 154 52 9 4 1 1 4 0 0 1 1 2 3 4 7 4 2 3 2 0 0 0 0 3 2 0 2 2 2 3 2 2 0 0 5 2 2 0 0 3 0 0 0 0 0 0 0 0 0 0 2 0 0 0 2 1 2 4 8 8 21 54 143 254 255 255 255 255 255 254 249 237 214 183 156 125 86 57 42 30 29 25 25 25 29 31 32 26 26 23 23 23 21 23 28 29 29 33 26 30 28 30 35 30 25 16 10 11 12 14 7 4 2 3 4 3 3 3 3 2 2 2 3 3 3 3 3 2 2 3 3 3 3 3 3 3 3 2 2 2 3 2 2 3 3 3 3 3 3 3 2 2 2 5 4 4 5 6 18 55 208 255 234 105 20 5 6 6 7 6 5 3 4 7 3 3 3 4 4 7 13 24 22 13 5 4 3 2 2 2 2 3 2 3 3 2 1 0 0 0 0 0 0 0 0 0 0 0 0 0 0 1 2 2 2 2 2 0 0 0 0 0 0 0 0 0 0 0 2 2 2 2 2 2 2 2 2 2 2 2 2 2 2 0 1 2 2 2 3 3 3 2 1 0 0 0 0 0 0 2 3 3 3 3 3 3 3 3 4 4 3 3 3 3 3 3 3 3 3 4 4 4 4 5
2 0 0 0 2 1 2 2 0 2 5 5 4 2 0 0 0 0 0 0 0 0 0 0 0 0 0 0 0 0 0 0 0 0 0 0 2 1 0 0 0 0 0 0 0 0 0 0 0 0 0 0 0 0 0 0 0 0 0 0 0 0 0 0 0 0 0 0 2 3 20 25 8 2 2 2 2 2 0 0 0 0 0 0 0 0 0 0 0 0 0 0 0 0 0 2 1 7 17 11 1 1 1 1 0 0 0 0 0 1 1 2 3 3 2 2 2 3 3 3 5 4 7 8 10 16 23 27 40 52 80 117 149 168 190 200 193 190 204 204 163 110 91 85 86 76 71 64 58 58 56 53 51 47 45 43 40 38 33 27 28 29 30 30 29 23 21 17 16 14 15 15 13 14 14 13 14 14 13 14 15 13 12 11 10 9 8 7 7 5 3 3 8 11 9 4 3 3 4 5 3 3 2 2 2 2 2 2 2 2 2 2 2 2 2 2 2 2 2 2 3 2 2 6 16 98 206 191 108 19 8 2 2 2 2 2 1 1 0 3 3 8 4 3 3 1 1 0 0 0 0 2 0 2 1 2 4 4 0 0 2 2 2 2 0 0 0 3 0 0 0 0 0 0 0 0 0 0 2 0 0 2 2 2 4 5 9 7 33 78 214 255 255 255 255 251 248 251 255 255 255 253 246 233 211 183 154 125 102 69 55 47 43 39 36 33 26 23 16 11 11 14 13 19 19 21 27 29 33 38 37 39 40 27 27 28 24 21 11 9 5 2 3 0 0 0 1 2 2 2 2 3 3 3 3 4 4 4 4 4 3 2 2 2 2 2 2 2 2 2 2 2 3 3 3 3 3 5 5 5 5 7 5 5 4 7 17 59 215 255 233 99 21 6 6 5 8 8 7 3 7 7 4 3 4 3 5 5 13 24 17 12 2 3 2 2 3 3 3 3 1 3 2 3 3 2 2 2 2 3 3 3 3 3 3 3 3 3 3 3 2 3 3 3 3 3 3 3 3 3 3 3 3 3 3 3 4 4 4 4 4 4 4 4 4 5 5 5 5 5 6 6 6 6 6 6 5 4 5 4 4 5 5 5 6 6 6 5 4 4 4 4 4 5 5 5 5 5 7 8 9 9 9 8 7 8 9 9 9 9 9 10
0 2 2 2 2 1 0 0 0 2 4 6 3 3 0 0 0 0 0 0 0 0 0 0 0 0 0 0 0 0 0 0 0 0 0 0 0 0 0 0 0 0 0 0 0 0 0 0 0 0 0 0 0 0 0 0 0 0 0 0 0 0 0 0 0 0 0 0 2 3 18 27 8 2 2 2 2 0 2 0 0 0 0 0 0 0 0 0 0 0 0 0 0 0 0 2 1 9 17 8 0 0 0 1 1 1 0 0 0 0 0 0 0 1 2 3 3 3 3 3 4 3 3 4 3 4 4 7 8 11 14 20 25 39 52 61 75 97 158 219 212 161 126 118 119 118 118 115 118 118 117 117 117 115 115 114 111 107 107 109 107 98 89 82 77 79 77 76 73 67 61 61 61 58 57 51 50 49 46 44 40 39 34 34 34 33 32 30 31 32 32 29 34 33 26 19 15 13 10 10 8 8 8 8 7 6 6 6 5 5 5 5 5 6 5 5 5 4 5 5 5 5 6 11 40 167 205 155 54 9 5 2 1 3 0 2 1 0 2 4 6 6 3 3 2 1 0 0 0 0 0 2 0 0 1 2 3 3 0 0 0 4 2 0 0 0 0 2 2 0 0 0 0 0 0 0 0 0 2 0 1 2 4 4 3 4 8 11 46 130 254 255 255 255 241 153 131 160 198 227 246 251 255 255 255 253 244 232 210 187 165 139 118 100 83 75 69 62 57 55 52 40 37 34 33 33 35 38 42 39 47 58 66 85 80 68 58 42 25 15 12 11 9 8 7 6 5 5 5 4 4 3 2 2 1 2 2 2 2 2 3 3 3 2 3 3 4 4 4 3 3 4 4 4 4 5 5 6 7 7 8 10 8 10 14 20 27 73 224 255 233 91 28 14 16 13 13 8 8 6 9 6 6 7 7 6 9 11 21 36 18 16 7 9 8 8 8 9 9 9 9 9 8 8 8 8 6 7 8 9 8 8 8 8 9 9 9 10 11 14 16 16 15 15 14 14 15 14 15 13 13 12 12 12 13 14 14 13 12 12 14 16 19 18 18 17 17 16 16 16 15 16 16 18 19 19 21 21 21 21 22 23 25 25 26 28 29 28 30 32 33 34 35 35 36 36 39 40 44 46 49 54 57 60 63 63 63 67 69 71 75 76
0 0 0 0 2 1 2 2 2 2 2 8 3 3 2 0 0 0 0 0 0 0 0 0 0 0 0 0 0 0 0 0 0 0 0 0 0 0 0 0 0 0 0 0 0 0 0 0 0 0 0 0 0 0 0 0 0 0 0 0 0 0 0 0 0 0 0 0 2 3 18 28 7 2 2 2 2 0 2 0 0 0 0 0 0 0 0 0 0 0 0 0 0 0 0 2 1 9 18 7 0 0 0 0 0 0 1 1 1 1 0 0 0 0 0 0 0 0 0 0 0 1 3 3 2 2 3 4 4 3 4 5 7 8 10 15 17 27 62 149 204 181 121 96 70 68 71 77 77 80 82 87 87 94 98 100 101 104 105 105 106 114 117 118 120 120 124 124 119 122 122 120 118 116 114 113 110 104 104 100 99 100 103 96 90 90 80 80 79 75 74 81 80 74 64 56 52 47 43 38 36 35 33 31 27 25 25 22 20 20 18 17 16 14 13 15 16 15 13 12 10 10 15 27 103 209 186 109 20 7 2 2 0 3 0 2 0 1 4 5 6 4 2 2 2 0 0 0 0 0 0 2 2 0 2 0 2 3 2 0 2 2 2 0 0 0 0 2 1 1 0 0 0 0 0 0 0 0 0 2 2 3 3 2 4 4 8 25 75 194 255 255 255 255 164 55 31 38 54 74 121 162 205 233 246 253 255 255 255 255 251 246 240 227 214 206 203 193 186 175 169 166 159 153 150 143 137 132 127 124 117 111 113 120 125 122 118 114 102 93 62 37 25 20 16 15 15 14 14 14 13 12 12 10 9 7 6 6 8 8 7 7 6 8 9 7 7 7 8 8 8 7 7 8 15 16 15 15 17 19 22 22 21 25 27 31 41 103 232 255 227 94 43 31 28 28 31 30 28 24 26 27 22 20 19 21 26 26 38 42 28 28 20 20 21 24 24 23 23 24 26 28 25 24 26 26 24 24 25 23 26 27 32 32 32 33 34 36 36 36 34 35 37 38 44 46 47 49 47 47 48 50 53 50 49 51 52 57 62 63 63 64 64 68 69 72 79 84 86 86 88 96 104 105 108 112 116 119 123 127 132 135 137 142 145 151 157 162 166 172 179 183 191 196 200 205 208 212 212 215 216 221 222 226 228 232 233 234 238 241 241 243
2 2 2 2 2 2 0 0 0 2 3 8 4 3 2 0 0 0 0 0 0 0 0 0 0 0 0 0 0 0 0 0 0 0 0 0 0 0 0 0 0 0 0 0 0 0 0 0 0 0 0 0 0 0 0 0 0 0 0 0 0 0 0 0 0 0 0 0 2 3 18 26 8 0 2 2 2 0 2 0 0 0 0 0 0 0 0 0 0 0 0 0 0 0 0 2 1 11 17 6 0 0 0 0 0 0 0 0 0 1 1 1 1 1 0 0 0 0 0 0 0 0 1 0 1 1 0 1 2 2 2 3 3 3 2 4 6 7 15 68 163 190 128 56 38 23 21 20 19 19 24 21 22 22 25 26 28 31 35 38 41 38 37 39 41 45 46 54 60 60 61 63 72 76 81 89 96 104 106 110 113 113 115 117 119 118 122 123 121 122 123 119 124 122 119 117 117 115 115 120 117 111 110 106 103 98 90 83 75 72 70 69 63 64 65 63 59 51 48 46 45 43 44 67 177 203 150 53 10 6 2 1 2 2 2 1 2 3 7 5 4 3 3 2 0 0 0 0 0 0 0 0 2 0 2 0 2 1 2 3 4 4 0 0 2 2 0 2 0 2 0 0 0 0 0 0 0 0 0 2 2 4 1 2 5 6 11 39 117 250 255 255 255 236 94 16 14 12 12 20 23 41 56 86 127 165 203 229 244 251 255 255 255 255 255 255 255 255 255 253 253 253 253 253 253 253 251 251 248 246 244 242 235 225 217 208 199 184 174 160 153 115 92 90 73 61 50 45 39 31 28 26 22 21 22 23 20 19 18 18 20 23 23 21 20 23 24 25 26 28 32 35 40 45 42 43 46 48 54 48 52 52 52 58 64 77 90 155 246 255 228 128 81 75 75 73 79 72 74 64 64 62 62 69 69 67 69 89 101 92 86 84 79 81 77 75 75 76 79 78 79 83 90 93 94 100 107 108 112 123 124 126 127 130 129 132 136 142 146 153 159 164 168 176 174 176 176 178 182 189 190 192 191 193 197 204 205 206 207 212 213 215 215 220 223 228 230 233 234 239 242 244 246 249 250 252 254 255 255 255 255 255 255 255 255 255 255 255 255 255 255 255 255 255 255 255 255 255 255 255 255 255 255 255 255 255 255 255 255 255 255 255
0 0 0 0 2 0 0 0 0 0 2 7 4 3 2 2 2 2 2 1 0 0 0 0 0 0 0 0 0 0 0 0 0 0 0 0 0 0 0 0 0 0 0 0 0 0 0 0 0 0 0 0 0 0 0 0 0 0 0 0 0 0 0 0 0 0 0 0 2 3 18 27 9 0 2 2 2 0 2 0 0 0 0 0 0 0 0 0 0 0 0 0 0 0 0 2 1 14 16 5 0 0 0 0 0 0 0 0 0 0 0 0 0 1 1 1 1 1 0 0 0 0 0 1 1 1 2 1 1 1 1 0 0 1 1 2 3 3 8 16 103 175 165 78 25 16 11 7 5 6 4 5 5 4 4 4 4 3 3 3 3 5 6 7 8 7 7 7 9 12 12 13 12 12 12 12 12 13 14 14 15 16 17 20 24 28 32 36 38 40 42 46 53 53 56 63 70 76 75 77 83 88 88 92 101 105 110 115 119 119 118 114 116 114 110 103 101 102 103 105 101 101 101 140 205 172 105 24 9 2 2 0 2 2 0 1 3 5 7 4 3 3 2 0 0 0 0 0 0 0 0 0 2 0 2 0 2 2 2 4 0 3 2 2 0 0 2 2 0 0 2 0 0 0 0 0 0 0 0 2 3 3 2 3 5 6 21 63 172 255 255 255 255 190 45 10 9 5 5 5 8 10 14 16 26 43 57 83 123 149 182 205 220 235 244 249 251 253 255 255 255 255 255 255 255 255 255 255 255 255 255 255 255 255 255 255 255 255 251 246 240 219 193 170 151 141 136 127 121 115 109 96 87 81 78 74 70 70 67 66 62 61 62 65 67 66 66 69 76 79 85 92 94 100 106 119 127 131 135 141 147 154 159 165 167 175 186 230 255 255 242 200 183 177 172 168 164 161 160 158 162 161 166 173 186 204 211 215 221 221 223 224 225 225 229 229 230 232 233 237 240 241 242 242 243 244 245 246 246 246 248 249 249 251 251 253 254 254 255 255 255 255 255 255 255 255 255 255 255 255 255 255 255 255 255 255 255 255 255 255 255 255 255 255 255 255 255 255 255 255 255 255 255 255 255 255 255 255 255 255 255 255 255 255 255 255 255 255 255 255 254 254 253 250 250 249 245 243 241 237 234 234 233 232 228 226 222 221 217 216 213 212
0 0 0 0 0 2 0 0 0 0 2 7 4 3 2 0 0 0 0 1 2 2 2 2 2 0 0 0 0 0 0 0 0 0 0 0 0 0 0 0 0 0 0 0 0 0 0 0 0 0 0 0 0 0 0 0 0 0 0 0 0 0 0 0 0 0 0 0 2 3 18 27 9 0 2 2 2 2 0 0 0 0 0 0 0 0 0 0 0 0 0 0 0 0 0 2 2 16 13 4 0 0 0 0 0 0 0 0 0 0 0 0 0 0 0 0 0 1 1 1 1 1 0 0 1 1 0 1 1 1 0 0 0 0 0 1 0 4 4 8 42 128 183 137 40 22 9 7 5 4 4 4 3 4 4 4 4 4 4 4 3 4 4 4 4 4 4 4 4 5 4 4 4 5 6 6 6 6 6 6 6 6 6 7 5 5 5 6 6 6 8 10 13 11 8 8 9 13 16 18 19 22 26 28 27 30 32 35 37 41 44 51 56 59 63 70 76 83 85 83 90 102 124 187 186 137 51 13 5 2 1 1 3 2 1 2 4 8 4 3 3 2 1 0 0 0 0 0 0 0 0 0 2 2 0 0 4 3 2 2 0 2 4 2 0 0 2 2 0 0 1 2 2 1 0 0 0 0 0 3 3 2 2 4 5 9 36 103 238 255 255 255 246 129 20 9 7 6 3 3 3 3 3 7 8 9 12 19 24 33 39 52 70 93 114 124 132 138 141 147 156 159 163 174 176 182 190 203 210 217 227 237 244 249 251 253 255 255 255 255 255 255 255 253 251 244 240 233 222 218 211 207 200 190 180 171 167 164 160 158 156 158 158 162 167 171 175 179 185 193 201 205 210 217 224 232 234 237 242 244 244 244 244 244 244 244 251 255 255 255 255 248 246 244 244 242 242 242 244 245 247 251 251 254 255 255 255 255 255 255 255 255 255 255 255 255 255 255 255 255 255 255 255 255 255 255 255 255 255 255 255 255 255 255 255 255 255 255 255 255 255 255 255 255 255 254 254 254 251 250 250 250 249 249 249 249 248 248 245 244 244 244 244 242 242 239 237 233 230 227 222 216 212 205 196 186 178 169 158 149 143 139 130 123 109 103 88 85 81 75 70 61 53 49 57 62 63 47 42 41 36 35 34 32 34 31 31 29 29 29 29 27
0 0 0 0 0 2 0 0 0 0 2 7 4 3 2 0 0 0 0 0 0 0 0 0 0 2 2 2 2 2 0 0 0 0 0 0 0 0 0 0 0 0 0 0 0 0 0 0 0 0 0 0 0 0 0 0 0 0 0 0 0 0 0 0 0 0 0 0 2 3 17 27 10 0 2 2 2 2 0 0 0 0 0 0 0 0 0 0 0 0 0 0 0 0 0 2 2 16 14 4 0 0 0 0 0 0 0 0 0 0 0 0 0 0 0 0 0 0 0 0 0 0 1 1 1 1 1 1 1 1 0 0 0 0 0 1 0 2 3 4 12 69 158 175 100 29 15 6 4 3 2 1 2 2 1 1 1 0 0 1 1 1 1 1 1 1 1 1 2 2 3 3 3 2 2 2 3 2 2 2 2 2 2 2 2 3 3 2 3 3 4 7 6 4 3 3 3 3 3 3 3 3 3 4 5 6 6 6 6 6 8 9 8 8 9 10 11 11 11 14 18 28 111 204 154 95 29 8 2 2 1 2 2 1 2 4 8 5 3 3 2 1 1 2 1 0 0 2 2 2 2 2 3 3 3 3 2 2 0 2 2 0 0 2 2 0 0 0 0 0 0 0 0 1 2 1 0 0 2 4 2 3 2 5 6 21 50 160 255 255 255 255 208 66 15 9 6 5 3 3 3 3 3 3 3 3 4 5 6 7 9 11 14 15 18 20 22 22 27 29 31 32 37 41 35 36 36 37 42 49 55 69 83 98 118 141 162 191 217 237 251 253 255 255 255 255 255 255 255 255 255 255 255 254 254 254 251 251 251 249 251 251 251 251 251 251 252 254 254 254 255 255 255 255 255 255 255 255 255 255 255 255 255 254 255 255 255 255 255 255 255 251 251 251 251 251 254 254 255 255 255 255 255 255 255 255 255 254 251 251 249 247 247 244 244 242 240 240 237 234 233 232 230 228 223 221 220 217 218 213 208 205 201 195 194 192 183 177 174 172 171 168 165 163 161 158 149 145 141 135 134 131 128 129 123 117 111 103 96 94 87 82 73 66 64 58 50 48 45 39 39 39 35 33 32 28 25 21 21 20 19 19 18 19 18 17 15 14 12 12 12 14 16 16 16 23 34 30 16 16 14 12 11 12 11 10 9 10 10 11 10 9
0 0 0 0 0 0 2 0 0 0 2 5 7 2 2 0 0 0 0 0 0 0 0 0 0 0 0 0 0 0 2 2 2 2 2 1 0 0 0 0 0 0 0 0 0 0 0 0 0 0 0 0 0 0 0 0 0 0 0 0 0 0 0 0 0 0 0 0 2 3 16 27 10 0 3 2 2 2 0 0 0 0 0 0 0 0 0 0 0 0 0 0 0 0 0 2 2 17 14 3 0 0 0 0 0 0 0 0 0 0 0 0 0 0 0 0 0 0 0 0 0 0 0 0 0 0 0 0 1 1 1 1 1 1 1 1 0 0 3 2 7 26 114 175 156 57 26 9 7 3 2 2 1 1 1 1 2 0 0 0 0 0 0 0 0 0 0 0 0 0 1 1 2 0 0 0 0 2 2 2 2 2 2 2 2 2 2 2 2 2 3 8 5 4 3 3 3 2 3 3 3 3 3 3 3 3 2 2 3 3 3 3 4 5 5 5 5 5 6 7 12 36 168 192 134 51 16 5 2 2 1 2 2 2 3 6 6 6 2 3 2 0 1 2 2 2 2 0 0 0 0 0 2 4 0 0 3 2 2 2 1 2 0 0 2 2 0 0 0 0 0 0 0 0 0 1 1 0 2 4 2 3 4 8 7 31 87 227 255 255 255 251 144 30 10 5 5 2 2 3 4 4 3 3 3 4 3 2 3 2 3 4 5 6 6 7 7 9 9 9 10 12 11 14 11 12 14 13 13 14 15 15 16 17 19 21 27 40 60 118 145 147 167 188 211 225 237 243 246 249 251 254 255 255 255 255 255 255 255 255 255 255 255 255 255 255 255 255 255 254 254 251 249 247 244 244 240 235 232 228 224 220 220 218 220 230 254 255 255 254 237 230 227 229 233 232 234 236 233 229 227 220 210 196 173 157 141 136 124 120 118 112 101 94 88 84 79 79 79 79 76 70 70 68 68 66 65 62 55 54 54 54 49 44 41 40 41 41 38 37 35 34 29 27 26 24 23 21 23 24 24 23 22 21 23 26 25 28 25 25 23 23 24 24 22 19 18 17 13 14 13 11 10 9 9 9 9 8 6 5 5 6 7 6 6 7 8 9 9 9 8 7 7 7 7 8 23 24 6 8 5 4 4 4 4 4 5 4 4 4 3 3
0 0 0 0 0 0 1 1 0 0 2 3 7 2 3 1 0 0 0 0 0 0 0 0 0 0 0 0 0 0 0 0 0 0 0 1 2 2 2 2 2 0 0 0 0 0 0 0 0 0 0 0 0 0 0 0 0 0 0 0 0 0 0 0 0 0 0 0 2 4 15 28 10 0 3 2 2 1 0 0 0 0 0 0 0 0 0 0 0 0 0 0 0 0 0 2 2 18 13 3 0 0 0 0 0 0 0 0 0 0 0 0 0 0 0 0 0 0 0 0 0 0 0 0 0 0 0 0 0 0 0 0 0 0 0 0 0 0 1 3 3 11 50 135 186 121 38 15 8 5 2 2 3 1 0 1 0 1 1 0 0 0 0 0 0 0 0 0 0 0 0 2 1 1 0 0 0 0 0 0 0 0 0 0 0 0 0 0 0 0 4 6 5 1 0 0 2 2 2 2 3 2 2 2 2 2 2 2 2 2 2 2 2 2 0 0 0 0 2 4 10 95 198 165 91 33 8 3 2 0 0 3 3 3 6 4 5 4 3 3 2 2 1 0 0 0 0 2 2 1 0 0 0 2 0 0 0 2 2 2 4 2 4 0 0 2 2 2 0 0 0 0 0 0 0 0 2 0 2 3 5 3 5 6 12 44 152 255 255 255 255 214 93 17 8 5 3 2 2 0 0 2 2 2 2 2 2 3 3 5 5 4 3 3 3 4 5 4 4 4 4 4 5 7 7 4 5 5 6 6 6 7 7 8 9 10 12 16 27 72 86 44 33 43 58 69 86 111 123 133 145 158 167 181 187 194 201 205 209 211 211 211 212 212 210 205 200 193 187 178 167 160 152 141 135 130 129 126 123 124 124 127 128 129 138 166 243 255 240 194 145 133 134 134 134 135 132 127 120 110 106 83 68 59 52 48 39 34 27 19 16 16 18 17 16 16 15 14 13 13 12 15 15 15 15 15 13 13 14 14 13 11 13 13 11 9 11 10 11 11 9 9 11 11 11 11 11 11 11 11 10 10 10 9 8 9 10 10 12 9 8 7 6 5 5 6 6 7 7 7 7 6 6 7 6 6 7 7 7 8 7 7 7 6 6 5 4 4 4 4 4 3 3 2 1 2 13 26 4 4 1 2 1 2 2 2 2 2 2 4 4 4
0 0 0 0 0 0 0 2 0 0 2 2 8 3 2 2 0 0 0 0 0 0 0 0 0 0 0 0 0 0 0 0 0 0 0 0 0 0 0 0 0 2 2 2 2 2 0 0 0 0 0 0 0 0 0 0 0 0 0 0 0 0 0 0 0 0 0 0 2 4 15 28 9 1 3 2 2 0 0 0 0 0 0 0 0 0 0 0 0 0 0 0 0 0 0 2 2 19 13 1 0 0 0 0 0 0 0 0 0 0 0 0 0 0 0 0 0 0 0 0 0 0 0 0 0 0 0 0 0 0 0 0 0 0 0 0 0 0 0 2 3 6 21 76 161 173 82 26 11 6 4 2 1 3 1 0 0 0 0 1 1 1 0 0 0 0 0 0 0 0 0 0 2 2 0 0 0 0 0 0 0 0 0 0 0 0 0 0 0 1 5 6 3 0 2 2 0 0 0 0 2 0 0 0 0 0 0 0 0 0 1 2 0 0 0 0 0 0 3 5 37 160 190 134 52 18 6 2 2 0 2 3 3 5 5 4 4 5 2 1 0 0 0 0 0 0 0 0 0 1 2 2 1 2 0 0 0 2 4 3 2 2 2 2 0 0 0 2 2 0 0 2 2 2 2 2 2 3 4 3 6 5 5 7 24 79 232 255 255 255 253 153 42 11 6 4 0 0 0 0 0 2 0 0 1 2 2 2 0 0 2 1 2 2 2 2 2 3 3 4 3 4 4 5 7 7 5 5 4 5 4 5 5 5 5 5 5 8 26 65 73 24 11 12 12 13 13 16 19 22 24 29 35 39 47 53 54 54 58 61 64 62 61 57 56 54 52 49 47 42 41 40 38 38 37 36 35 38 38 36 37 33 36 43 57 132 244 255 189 113 56 46 44 43 41 44 43 40 36 28 25 16 13 13 9 8 9 7 8 9 10 8 6 4 4 4 5 6 6 6 6 4 4 4 4 4 5 5 6 6 6 6 5 5 5 6 5 5 5 5 5 4 4 4 4 4 5 5 6 7 7 7 7 8 8 7 7 7 6 4 5 5 5 5 5 5 4 3 5 4 4 4 4 3 3 3 3 2 3 2 2 2 2 2 2 3 3 2 2 0 1 2 1 0 1 2 9 29 8 6 3 2 2 2 2 2 2 2 4 2 2 2
0 0 0 0 0 0 0 1 1 0 1 2 7 5 2 0 0 0 0 0 0 0 0 0 0 0 0 0 0 0 0 0 0 0 0 0 0 0 0 0 0 0 0 0 0 0 2 2 2 2 2 1 0 0 0 0 0 0 0 0 0 0 0 0 0 0 0 0 2 4 14 29 9 2 3 2 2 0 0 0 0 0 0 0 0 0 0 0 0 0 0 0 0 0 0 2 2 20 12 1 0 0 0 0 0 0 0 0 0 0 0 0 0 0 0 0 0 0 0 0 0 0 0 0 0 0 0 0 0 0 0 0 0 0 0 0 0 0 0 1 3 3 12 36 114 179 142 53 17 8 6 2 2 3 1 1 0 0 0 0 0 1 1 1 0 0 0 0 0 0 0 0 1 2 0 0 0 0 0 0 0 0 0 0 0 0 0 0 0 2 7 5 3 2 0 0 0 0 0 0 2 0 0 0 0 0 0 0 0 0 0 0 2 2 1 0 0 2 4 15 115 189 157 93 32 11 4 2 2 2 4 3 5 6 4 3 5 3 3 0 0 0 0 0 0 0 0 0 0 0 0 0 1 3 2 0 0 0 2 2 1 1 2 4 0 0 0 0 0 3 2 0 0 0 0 0 0 3 4 4 9 11 8 18 43 153 255 255 255 255 221 102 19 8 3 3 0 2 2 2 2 1 0 0 0 0 0 0 2 2 2 2 0 0 0 0 0 0 2 2 2 3 2 2 3 4 5 6 8 9 7 4 3 3 3 4 4 6 31 58 70 20 8 6 6 5 6 7 7 10 11 11 11 12 12 12 15 15 15 15 15 17 17 15 15 14 15 14 14 15 15 14 13 13 12 11 11 11 14 15 17 15 18 25 38 143 250 254 147 77 28 19 15 16 16 20 16 11 9 8 11 8 6 4 4 4 3 3 1 0 0 0 0 0 0 2 2 0 1 2 2 3 3 3 3 3 3 3 1 0 1 2 2 2 2 2 2 2 2 2 2 2 2 3 2 2 3 2 1 0 2 3 3 3 3 3 3 2 2 4 5 4 4 4 5 5 4 4 4 4 3 3 3 3 3 2 2 3 2 2 2 2 2 2 2 2 2 2 3 4 3 3 4 4 3 3 6 28 18 5 3 3 3 3 3 3 3 2 0 0 0 0
0 0 0 0 0 0 0 0 2 0 0 2 7 5 3 0 0 0 0 0 0 0 0 0 0 0 0 0 0 0 0 0 0 0 0 0 0 0 0 0 0 0 0 0 0 0 0 0 0 0 0 1 2 2 2 2 1 0 0 0 0 0 0 0 0 0 0 0 2 7 12 27 9 2 3 0 2 0 0 0 0 0 0 0 0 0 0 0 0 0 0 0 0 0 0 2 2 21 11 1 0 0 0 0 0 0 0 0 0 0 0 0 0 0 0 0 0 0 0 0 0 0 0 0 0 0 0 0 0 0 0 0 0 0 0 0 0 0 0 0 1 4 4 18 56 150 179 113 32 12 7 4 2 3 1 2 0 0 0 0 0 0 0 0 1 1 1 0 0 0 0 0 0 1 2 0 0 0 0 0 0 0 0 0 0 0 0 0 0 3 8 5 0 0 0 0 0 0 0 0 2 0 0 0 0 0 0 0 0 2 2 2 1 0 1 2 2 4 7 59 169 173 124 52 18 7 3 3 2 4 4 4 6 4 2 3 3 2 3 0 0 0 0 0 0 0 0 0 0 0 0 0 0 2 0 2 2 1 1 3 5 4 3 3 2 2 4 4 3 2 2 2 2 2 2 2 4 4 7 7 8 3 13 26 93 244 255 255 255 251 166 52 12 6 2 2 2 0 0 0 2 1 2 2 2 2 0 0 0 0 0 2 2 2 2 2 2 2 2 2 2 2 2 3 3 3 3 4 6 4 3 4 5 5 6 8 6 13 31 35 73 19 6 5 4 5 3 5 4 4 5 5 6 6 5 5 4 4 5 4 5 5 5 6 7 5 4 3 3 3 3 4 4 4 4 4 7 5 4 7 6 7 9 16 41 162 255 244 118 54 15 10 11 10 9 10 8 7 7 8 10 5 4 4 4 4 3 3 2 2 3 3 3 3 3 3 3 3 3 3 3 2 2 2 2 2 2 2 3 3 3 3 3 3 3 3 3 3 3 3 3 3 2 2 2 3 2 2 2 2 1 0 0 0 0 0 0 1 2 1 0 0 0 0 0 0 1 2 0 0 0 0 0 0 1 3 3 3 3 3 3 3 3 3 3 3 3 3 0 0 0 0 0 1 2 1 2 17 24 8 5 2 1 0 0 0 0 0 0 0 0 0
0 0 0 0 0 0 0 0 2 0 0 2 7 5 3 0 0 0 0 0 0 0 0 0 0 0 0 0 0 0 0 0 0 0 0 0 0 0 0 0 0 0 0 0 0 0 0 0 0 0 0 0 0 0 0 0 1 2 2 1 0 0 0 0 0 0 0 0 2 7 12 27 10 2 3 0 2 0 0 0 0 0 0 0 0 0 0 0 0 0 0 0 0 0 0 3 3 20 11 1 0 0 0 0 0 0 0 0 0 0 0 0 0 0 0 0 0 0 0 0 0 0 0 0 0 0 0 0 0 0 0 0 0 0 0 0 0 0 0 0 1 3 3 7 27 99 164 162 74 20 11 5 3 3 2 2 0 0 0 0 0 0 0 0 0 0 1 1 1 0 0 0 0 0 2 1 0 0 0 0 0 0 0 0 0 0 0 1 2 6 5 4 0 0 0 0 0 0 0 0 2 0 0 0 0 0 0 2 2 0 0 0 2 0 0 0 3 5 23 134 179 144 77 33 12 4 3 1 3 3 6 6 4 3 3 1 4 0 4 0 0 0 0 0 0 0 0 0 0 0 0 0 0 2 0 0 2 2 3 3 2 2 4 4 4 4 2 2 3 2 2 1 0 0 2 3 4 4 4 7 4 10 20 53 190 255 255 255 254 231 127 38 9 4 2 2 0 0 0 0 2 0 0 0 0 0 2 2 2 2 2 2 2 2 2 0 0 0 0 2 2 2 2 2 2 4 4 4 4 5 3 3 4 5 4 6 9 15 29 31 50 47 13 8 4 5 5 4 5 4 3 2 2 2 3 3 3 3 4 4 2 2 2 2 3 4 4 4 4 3 3 3 3 4 5 6 7 5 7 8 9 7 14 24 68 195 255 222 88 38 11 7 7 6 5 8 8 5 5 5 7 2 2 2 2 2 2 2 3 2 2 0 2 2 1 0 0 0 0 0 0 0 0 0 0 0 0 0 0 0 0 0 0 0 0 0 0 0 0 0 0 0 0 0 0 0 0 0 0 0 0 0 0 0 0 0 0 0 0 0 0 0 0 0 0 0 0 0 0 0 0 0 0 0 0 0 0 0 0 0 0 0 0 0 0 0 0 0 0 0 0 0 0 0 0 1 2 15 20 12 5 2 2 2 2 1 0 0 0 0 0 0
0 0 0 0 0 0 0 0 0 2 0 2 6 5 3 0 0 0 0 0 0 0 0 0 0 0 0 0 0 0 0 0 0 0 0 0 0 0 0 0 0 0 0 0 0 0 0 0 0 0 0 0 0 0 0 0 0 0 0 1 2 2 2 2 2 0 0 0 2 7 12 26 11 2 2 2 1 0 0 0 0 0 0 0 0 0 0 0 0 0 0 0 0 0 0 3 5 17 9 1 0 0 0 0 0 0 0 0 0 0 0 0 0 0 0 0 0 0 0 0 0 0 0 0 0 0 0 0 0 0 0 0 0 0 0 0 0 0 0 0 1 2 3 5 11 41 132 177 129 50 15 8 5 3 3 1 1 0 0 0 0 0 0 0 0 0 0 0 0 1 2 1 0 0 0 2 0 0 0 0 0 0 0 0 0 1 2 1 2 6 4 3 0 0 0 0 0 0 0 0 2 0 0 0 0 2 2 0 0 0 0 0 0 2 1 2 3 11 98 169 157 115 49 20 8 3 2 3 2 3 8 4 4 3 2 2 2 2 3 1 0 0 0 0 0 0 0 0 0 0 0 0 0 2 2 2 2 3 2 2 5 5 3 2 2 2 3 2 3 2 2 2 4 4 5 5 3 4 7 8 9 17 42 136 254 255 255 255 244 203 133 30 7 2 3 2 0 0 0 2 0 0 0 0 0 0 0 0 0 0 0 0 0 0 2 2 2 2 2 2 0 0 0 2 2 2 0 0 2 3 3 4 3 5 7 9 13 12 17 17 31 47 34 13 8 4 4 4 3 3 4 3 2 2 2 2 3 3 4 3 3 4 4 4 4 4 4 5 4 4 4 4 3 3 4 2 3 3 2 4 5 9 13 39 118 223 255 192 68 23 10 3 4 5 4 7 5 3 3 4 6 0 0 0 0 0 0 0 0 0 0 0 0 0 0 0 0 0 0 0 0 0 0 0 0 0 0 0 0 0 0 0 0 0 0 0 0 0 0 0 0 0 0 0 0 0 0 0 0 0 0 0 0 0 2 2 2 2 2 2 2 0 0 0 0 0 0 0 0 0 0 0 0 0 0 0 0 0 0 0 0 0 0 0 0 0 0 0 0 0 0 0 0 0 0 0 5 17 13 6 5 8 5 2 2 1 2 2 0 0 0 0
0 0 0 0 0 0 0 0 0 2 0 2 5 6 2 2 0 0 0 0 0 0 0 0 0 0 0 0 0 0 0 0 0 0 0 0 0 0 0 0 0 0 0 0 0 0 0 0 0 0 0 0 0 0 0 0 0 0 0 0 0 0 0 0 0 2 2 2 3 8 11 27 13 3 3 2 0 0 0 0 0 0 0 0 0 0 0 0 0 0 0 0 0 0 0 3 7 14 7 1 0 0 0 0 0 0 0 0 0 0 0 0 0 0 0 0 0 0 0 0 0 0 0 0 0 0 0 0 0 0 0 0 0 0 0 0 0 0 0 0 1 2 3 5 4 25 70 151 170 104 29 15 5 3 3 2 0 1 0 0 0 0 0 0 0 0 0 0 0 0 0 1 2 2 0 0 0 0 0 0 0 0 0 1 2 1 0 0 2 8 4 0 0 0 0 0 0 0 0 1 1 0 0 2 2 0 0 0 0 0 0 0 1 2 3 5 10 47 141 171 135 71 35 14 6 4 3 3 4 6 4 4 2 2 3 2 2 2 2 2 2 2 0 0 0 0 0 0 0 0 0 0 2 4 2 3 2 0 0 2 2 2 3 4 4 3 5 6 5 4 4 5 5 4 3 3 4 5 9 10 15 35 102 235 255 255 255 246 190 171 142 53 7 2 3 1 1 0 0 2 0 0 0 0 0 0 0 0 0 0 0 0 0 0 0 1 2 0 0 2 0 2 2 0 0 0 2 0 2 2 3 4 7 10 13 11 12 13 11 11 10 26 38 39 16 8 4 2 2 2 1 2 2 2 2 2 2 2 2 2 2 2 2 2 2 2 2 2 3 3 3 4 2 2 2 2 3 4 3 3 10 9 19 72 165 244 247 149 54 17 7 3 4 4 4 7 4 2 3 3 6 0 0 0 0 0 0 0 0 0 0 0 0 0 0 0 0 0 0 0 0 0 0 0 0 0 0 0 0 0 0 0 0 0 0 0 0 0 0 0 0 0 0 0 0 0 0 0 0 0 0 2 2 2 0 0 0 0 0 0 0 2 2 2 2 0 0 0 0 0 0 0 0 0 0 0 0 0 0 0 0 0 0 0 0 0 0 0 0 0 0 0 0 0 0 3 9 18 10 1 2 3 5 8 4 2 0 0 2 2 1 0
0 0 0 0 0 0 0 0 0 0 2 2 4 6 3 2 0 0 0 0 0 0 0 0 0 0 0 0 0 0 0 0 0 0 0 0 0 0 0 0 0 0 0 0 0 0 0 0 0 0 0 0 0 0 0 0 0 0 0 0 0 0 0 0 0 0 0 0 2 7 12 27 14 4 3 1 0 0 0 0 0 0 0 0 0 0 0 0 0 0 0 0 0 0 0 2 8 12 6 1 0 0 0 0 0 0 0 0 0 0 0 0 0 0 0 0 0 0 0 0 0 0 0 0 0 0 0 0 0 0 0 0 0 0 0 0 0 0 0 0 2 1 3 1 4 12 29 113 169 149 66 21 10 5 2 3 1 1 1 0 0 0 0 0 0 0 0 0 0 0 0 0 0 0 2 2 0 0 0 0 0 1 2 1 0 0 0 0 4 6 4 0 0 0 0 0 0 0 0 2 0 2 2 0 0 0 0 0 0 2 2 2 2 4 10 14 33 90 165 159 117 58 26 11 7 6 3 4 6 3 5 3 1 2 2 2 3 3 0 0 0 0 2 2 2 2 2 1 0 1 2 3 3 3 2 3 4 2 4 4 3 4 4 5 5 6 5 4 6 8 9 9 8 9 8 8 9 11 10 12 39 103 209 255 255 255 252 188 123 141 153 78 8 3 2 0 2 0 0 2 0 0 0 0 0 0 0 0 0 0 0 0 0 0 0 0 0 2 1 2 2 0 0 0 0 0 2 1 2 3 5 8 16 16 14 17 12 7 8 6 5 12 19 33 38 21 8 4 2 2 1 2 1 2 0 0 0 0 2 0 0 0 0 0 0 0 0 0 0 1 2 2 2 2 2 2 2 2 3 4 11 13 44 135 205 250 219 102 42 13 4 2 4 3 3 7 4 3 3 4 5 0 0 0 0 0 0 0 0 0 0 0 0 0 0 0 0 0 0 0 0 0 0 0 0 0 0 0 0 0 0 0 0 0 0 0 0 0 0 0 0 0 0 0 0 0 0 0 1 2 2 0 0 0 0 0 0 0 0 0 0 0 0 0 0 2 2 2 2 0 0 0 0 0 0 0 0 0 0 0 0 0 0 0 0 0 0 0 0 0 0 1 2 2 2 6 13 16 4 0 0 0 3 4 6 6 2 1 0 0 1 2
0 0 0 0 0 0 0 0 0 0 1 2 3 5 4 2 1 0 0 0 0 0 0 0 0 0 0 0 0 0 0 0 0 0 0 0 0 0 0 0 0 0 0 0 0 0 0 0 0 0 0 0 0 0 0 0 0 0 0 0 0 0 0 0 0 0 0 0 2 7 11 29 14 3 0 1 2 2 1 1 0 0 0 0 0 0 0 0 0 0 0 0 0 0 0 1 9 11 5 0 0 0 0 0 0 0 0 0 0 0 0 0 0 0 0 0 0 0 0 0 0 0 0 0 0 0 0 0 0 0 0 0 0 0 0 0 0 0 0 0 1 0 2 3 2 5 18 52 136 175 120 42 17 7 3 3 2 1 1 0 0 0 0 0 0 0 0 0 0 0 0 0 0 0 0 0 2 2 1 1 2 1 0 0 0 0 0 1 6 5 2 0 0 0 0 0 0 0 0 2 2 0 0 0 0 0 1 2 2 2 1 2 6 11 15 43 66 126 173 148 105 58 26 10 9 4 5 4 3 4 3 2 1 2 2 1 4 2 0 0 1 2 2 2 2 2 3 2 3 2 3 3 3 4 5 4 5 6 7 7 8 10 11 10 11 12 11 12 11 12 12 11 11 13 17 20 21 22 39 55 116 197 255 255 255 254 208 114 58 102 161 100 15 5 3 2 2 2 2 2 2 2 2 2 2 2 2 2 2 2 2 2 2 2 2 2 2 2 3 2 2 2 2 2 2 2 3 2 3 4 9 16 13 12 12 9 8 8 7 5 4 6 8 18 29 38 24 12 5 3 3 2 2 2 2 2 2 2 2 2 2 2 2 2 2 2 2 2 2 2 2 2 2 2 4 3 3 4 4 8 12 32 109 188 231 235 170 72 30 13 0 3 4 3 3 8 3 3 2 4 5 0 0 0 0 0 0 0 0 0 0 0 0 0 0 0 0 0 0 0 0 0 0 0 0 0 0 0 0 0 0 0 0 0 0 0 0 0 0 0 0 0 0 0 0 0 1 2 1 0 0 0 0 0 0 0 0 0 0 0 0 0 0 0 0 0 0 0 0 2 2 1 0 0 0 0 0 0 0 0 0 0 0 0 0 0 0 0 0 2 2 1 0 0 6 13 15 7 3 2 2 0 0 0 3 4 6 3 0 0 0 0
0 0 0 0 0 0 0 0 0 0 0 2 2 4 6 2 2 0 0 0 0 0 0 0 0 0 0 0 0 0 0 0 0 0 0 0 0 0 0 0 0 0 0 0 0 0 0 0 0 0 0 0 0 0 0 0 0 0 0 0 0 0 0 0 0 0 0 1 2 8 9 32 13 3 0 0 0 0 0 0 0 0 0 0 0 0 0 0 0 0 0 0 0 0 0 1 9 9 5 0 0 0 0 0 0 0 0 0 0 0 0 0 0 0 0 0 0 0 0 0 0 0 0 0 0 0 0 0 0 0 0 0 0 0 0 0 0 0 0 0 0 0 3 3 1 4 9 22 99 153 162 100 29 10 6 3 3 2 0 1 0 0 0 0 0 0 0 0 0 0 0 0 0 0 0 0 0 1 2 2 2 0 0 0 0 0 0 2 8 4 0 0 0 0 0 0 1 2 2 2 0 0 0 0 1 2 2 2 2 2 3 8 12 32 79 113 125 164 192 165 119 60 39 13 9 7 4 3 4 3 2 2 0 2 2 0 3 3 2 2 2 2 2 2 2 2 3 3 4 4 4 4 3 5 6 7 9 9 11 15 14 14 13 15 17 20 22 23 28 35 40 46 54 61 61 60 70 80 105 155 215 254 255 255 254 223 127 47 27 66 160 117 25 4 3 0 0 2 2 2 0 0 0 0 0 0 0 0 0 0 0 0 0 0 0 0 0 0 2 0 0 0 0 1 2 0 0 2 2 5 15 15 13 8 5 5 3 3 3 2 2 4 5 6 15 25 37 24 13 4 3 3 2 2 0 2 1 0 2 0 0 0 0 0 0 0 0 0 0 0 0 0 0 2 2 2 2 5 4 10 19 77 177 218 232 198 121 54 20 13 2 4 4 3 4 8 4 4 3 5 5 2 2 2 2 2 2 2 2 2 2 2 2 2 0 0 2 0 0 0 0 0 0 0 0 0 0 0 0 0 0 0 0 0 0 0 0 0 0 0 0 0 0 0 1 2 1 0 0 0 0 0 0 0 0 0 0 0 0 0 0 0 0 0 0 0 0 0 0 0 0 1 2 2 1 0 0 0 0 0 0 0 0 0 0 0 0 1 2 0 0 0 4 8 14 13 7 2 0 0 0 2 2 1 0 3 4 7 3 0 0 0
0 0 0 0 0 0 0 0 0 0 0 1 2 4 5 3 1 1 0 0 0 0 0 0 0 0 0 0 0 0 0 0 0 0 0 0 0 0 0 0 0 0 0 0 0 0 0 0 0 0 0 0 0 0 0 0 0 0 0 0 0 0 0 0 0 0 0 2 2 7 10 30 13 2 0 0 0 0 0 0 0 0 0 0 0 0 0 0 0 0 0 0 0 0 0 1 10 8 4 1 0 0 0 0 0 0 0 0 0 0 0 0 0 0 0 0 0 0 0 0 0 0 0 0 0 0 0 0 0 0 0 0 0 0 0 0 0 0 0 0 0 0 1 3 1 3 4 12 42 121 163 144 59 19 8 4 4 3 2 0 1 0 0 0 0 0 0 0 0 0 0 0 0 0 0 1 2 1 0 0 0 2 2 1 0 0 0 4 7 3 0 0 0 0 1 2 1 0 0 2 0 0 2 2 2 2 2 1 2 6 12 25 68 124 139 154 161 175 211 196 145 81 49 19 12 5 5 4 2 4 2 2 3 3 3 3 5 3 3 3 2 3 4 4 4 5 5 4 4 4 7 7 9 8 13 17 17 18 18 23 31 44 65 82 90 104 115 126 134 141 150 155 163 166 173 176 184 203 214 239 254 255 255 255 240 132 54 18 13 54 154 125 30 4 2 2 2 2 2 1 0 0 0 0 0 0 0 0 0 0 0 0 0 0 0 0 0 0 2 0 0 0 2 1 0 0 0 2 2 10 20 15 5 4 2 2 4 2 2 2 0 0 4 4 6 14 25 37 22 13 7 2 2 2 2 0 1 1 2 0 0 0 0 0 0 0 0 0 0 0 0 0 2 2 2 2 4 5 6 11 43 143 216 230 206 140 74 43 16 9 3 4 3 3 4 6 3 3 2 6 3 0 0 0 0 0 0 0 0 0 0 0 0 0 2 2 1 1 0 0 0 0 0 0 0 0 0 0 0 0 0 0 0 0 0 0 0 0 0 0 0 0 1 2 1 0 0 0 0 0 0 0 0 0 0 0 0 0 0 0 0 0 0 0 0 0 0 0 0 0 0 0 0 0 1 2 2 2 1 0 0 0 0 0 0 0 1 1 0 0 2 6 7 14 12 6 3 1 0 0 0 0 0 1 2 0 2 5 6 0 0 0
0 0 0 0 0 0 0 0 0 0 0 0 2 4 3 5 2 1 1 0 0 0 0 0 0 0 0 0 0 0 0 0 0 0 0 0 0 0 0 0 0 0 0 0 0 0 0 0 0 0 0 0 0 0 0 0 0 0 0 0 0 0 0 0 0 0 0 2 2 7 11 30 13 2 0 0 0 0 0 0 0 0 0 0 0 0 0 0 0 0 0 0 0 0 0 1 10 7 4 1 0 0 0 0 0 0 0 0 0 0 0 0 0 0 0 0 0 0 0 0 0 0 0 0 0 0 0 0 0 0 0 0 0 0 0 0 0 0 0 0 0 0 1 2 3 1 3 7 19 76 134 169 117 35 12 8 3 3 3 3 2 1 0 0 0 0 0 0 0 0 0 0 0 1 2 1 0 0 0 0 0 0 0 1 2 2 1 6 6 2 0 0 1 2 1 0 0 0 0 2 2 2 0 2 2 1 2 4 10 18 44 114 148 154 146 122 110 134 200 213 185 123 64 31 11 7 3 3 2 2 0 0 2 1 2 3 4 2 2 3 4 4 3 3 4 4 5 9 12 13 11 15 20 25 36 39 46 68 102 120 132 152 171 188 203 210 219 225 232 235 238 240 240 243 243 243 243 243 246 254 255 255 255 244 143 61 15 9 8 45 145 132 38 6 3 0 0 2 3 2 2 0 0 0 0 0 0 0 0 0 0 0 0 0 1 2 2 2 2 2 2 2 2 2 2 2 2 2 5 17 20 10 3 3 2 3 2 2 2 2 2 0 2 2 4 6 13 23 39 24 15 7 2 3 0 2 1 2 2 0 0 2 2 2 2 2 2 2 2 2 2 2 2 0 2 3 2 4 7 20 85 212 231 211 155 103 49 32 17 5 3 3 4 3 4 5 3 3 2 7 2 0 0 0 0 0 0 0 0 0 0 0 0 0 0 0 0 2 0 0 0 0 0 0 0 0 0 0 0 0 0 0 0 0 0 0 0 0 0 0 1 2 1 0 0 0 0 0 0 0 0 0 0 0 0 0 0 0 0 0 0 0 0 0 0 0 0 0 0 0 0 0 0 0 0 0 0 0 1 2 2 2 1 0 0 0 2 0 0 3 5 9 14 11 5 3 0 0 0 0 0 0 2 2 2 3 2 3 8 2 0 0
0 0 0 0 0 0 0 0 0 0 0 0 2 3 4 4 3 1 1 1 0 0 0 0 0 0 0 0 0 0 0 0 0 0 0 0 0 0 0 0 0 0 0 0 0 0 0 0 0 0 0 0 0 0 0 0 0 0 0 0 0 0 0 0 0 0 1 1 2 7 11 30 12 3 0 0 0 0 0 0 0 0 0 0 0 0 0 0 0 0 0 0 0 0 0 1 10 7 4 1 0 0 0 0 0 0 0 0 0 0 0 0 0 0 0 0 0 0 0 0 0 0 0 0 0 0 0 0 0 0 0 0 0 0 0 0 0 0 0 0 0 0 1 2 3 2 2 4 7 39 111 155 160 74 22 8 6 3 2 4 2 3 2 2 2 1 1 1 1 1 1 1 2 1 0 0 0 0 0 0 0 0 0 0 0 0 3 9 4 0 1 2 1 0 0 0 0 0 0 2 0 2 2 2 1 3 7 12 30 88 139 154 141 110 57 36 38 83 144 204 205 164 98 44 11 6 2 1 2 2 0 0 3 3 2 4 5 3 4 4 4 4 7 9 11 14 16 17 23 31 33 42 62 90 122 146 172 192 205 220 234 243 243 244 244 244 243 243 241 240 237 232 231 228 224 226 224 228 244 255 255 255 246 163 64 17 9 5 8 35 137 140 43 8 3 1 0 2 2 0 0 2 2 2 2 2 2 2 2 2 2 2 2 2 1 0 0 0 2 2 1 0 0 0 0 0 0 1 8 18 15 7 2 4 3 2 2 0 0 0 2 2 1 2 2 3 6 10 19 40 28 18 10 3 4 2 2 2 3 2 2 0 0 0 0 0 0 0 0 0 0 0 2 2 4 0 2 5 8 34 149 240 217 180 128 62 40 26 15 4 2 3 3 2 5 5 3 3 3 6 2 0 0 0 0 0 0 0 0 0 0 0 0 0 0 0 0 1 1 0 0 0 0 0 0 0 0 0 0 0 0 0 0 0 0 0 0 0 0 2 1 0 0 0 0 0 0 0 0 0 0 0 0 0 0 0 0 0 0 0 0 0 0 0 0 0 0 0 0 0 0 0 0 0 0 0 0 0 0 0 0 0 1 2 2 3 0 0 3 5 11 15 9 4 2 0 0 0 0 2 2 2 0 0 0 2 0 2 10 4 2 2
0 0 0 0 0 0 0 0 0 0 0 0 0 2 4 3 5 2 1 2 0 0 0 0 0 0 0 0 0 0 0 0 0 0 0 0 0 0 0 0 0 0 0 0 0 0 0 0 0 0 0 0 0 0 0 0 0 0 0 0 0 0 0 0 0 0 2 0 2 5 12 29 13 3 0 0 0 0 0 0 0 0 0 0 0 0 0 0 0 0 0 0 0 0 0 1 11 7 4 1 0 0 0 0 0 0 0 0 0 0 0 0 0 0 0 0 0 0 0 0 0 0 0 0 0 0 0 0 0 0 0 0 0 0 0 0 0 0 0 0 0 1 2 0 2 3 1 2 4 14 63 128 174 128 39 15 8 5 2 1 3 2 2 1 2 1 1 0 0 0 0 0 0 0 0 0 0 0 0 0 0 0 0 0 0 0 3 8 3 2 2 0 0 0 0 0 0 1 2 2 2 1 2 2 5 10 17 66 126 154 151 121 65 37 23 17 14 25 92 171 216 198 124 65 16 7 2 2 3 3 3 3 4 3 5 4 5 5 5 7 9 11 14 17 23 27 30 39 54 80 123 153 187 208 222 234 240 244 244 241 238 229 216 206 199 176 169 156 138 125 121 117 105 100 101 109 133 204 254 255 255 247 171 62 19 8 3 5 7 27 132 143 48 7 4 2 1 2 2 0 0 0 0 0 0 0 0 0 0 0 0 0 0 0 0 0 0 0 2 0 0 0 0 0 0 0 0 2 10 21 12 4 4 2 2 0 0 2 2 2 2 2 2 2 3 2 4 7 10 17 35 32 20 13 3 3 2 2 2 0 0 0 0 0 0 0 0 0 0 0 0 0 2 2 3 3 4 6 11 53 199 244 203 149 111 49 34 20 10 4 3 2 2 2 5 5 3 3 3 6 2 0 0 0 0 0 0 0 0 0 0 0 0 0 0 0 0 0 1 1 0 0 0 0 0 0 0 0 0 0 0 0 0 0 0 0 1 2 2 0 0 0 0 0 0 0 0 0 0 0 0 0 0 0 0 0 0 0 0 0 0 0 0 0 0 0 0 0 0 0 0 0 0 0 0 0 0 0 0 0 0 0 0 0 0 2 2 3 7 14 9 4 2 3 0 2 2 2 2 0 0 0 0 0 0 2 0 0 10 3 0 0
0 0 0 0 0 0 0 0 0 0 0 0 0 2 2 4 3 4 2 0 2 0 0 0 0 0 0 0 0 0 0 0 0 0 0 0 0 0 0 0 0 0 0 0 0 0 0 0 0 0 0 0 0 0 0 0 0 0 0 0 0 0 0 0 0 0 2 0 2 6 12 29 12 4 0 0 0 0 0 0 0 0 0 0 0 0 0 0 0 0 0 0 0 0 0 1 12 6 4 1 0 0 0 0 0 0 0 0 0 0 0 0 0 0 0 0 0 0 0 0 0 0 0 0 0 0 0 0 0 0 0 0 0 0 0 0 0 0 0 1 1 0 1 0 1 3 3 2 3 5 29 94 153 163 95 30 7 7 5 1 2 2 2 2 0 1 2 2 2 2 1 0 0 0 0 0 0 0 0 0 0 0 0 0 0 0 7 6 2 0 1 2 2 0 0 1 2 2 2 2 2 2 3 8 14 47 114 145 155 130 85 43 23 14 10 6 8 17 48 150 202 213 157 94 30 9 6 3 4 4 2 4 6 7 7 7 10 12 11 16 23 27 30 37 49 75 108 151 199 214 232 239 240 241 240 233 221 206 188 169 136 115 93 72 61 54 44 38 37 36 33 33 32 33 43 65 165 253 255 255 249 171 63 21 9 2 4 3 7 26 124 147 56 7 5 2 2 2 0 2 0 0 0 0 0 0 0 0 0 0 0 0 0 0 0 0 0 0 1 1 0 0 0 0 0 0 0 4 13 21 10 3 2 2 2 0 0 0 0 0 0 2 0 1 2 2 1 3 6 9 15 29 35 18 14 4 2 2 2 2 0 0 0 0 0 0 0 0 0 0 0 0 2 2 6 4 5 5 14 80 222 238 189 140 91 49 28 16 9 5 4 2 2 2 6 4 3 3 3 6 2 0 0 0 0 0 0 0 0 0 0 0 0 0 0 0 0 0 0 1 1 0 0 0 0 0 0 0 0 0 0 0 0 2 2 2 1 0 0 0 0 0 0 0 0 0 0 0 0 0 0 0 0 0 0 0 0 0 0 0 0 0 0 0 0 0 0 0 0 0 0 0 0 0 0 0 0 0 0 0 0 0 0 0 0 0 1 5 11 7 4 4 4 2 2 0 0 0 0 0 0 0 0 0 0 1 1 0 7 5 0 0
0 0 0 0 0 0 0 0 0 0 0 0 0 0 2 3 3 4 4 2 0 2 0 0 0 0 0 0 0 0 0 0 0 0 0 0 0 0 0 0 0 0 0 0 0 0 0 0 0 0 0 0 0 0 0 0 0 0 0 0 0 0 0 0 0 2 0 0 2 7 11 27 12 5 0 0 0 0 0 0 0 0 0 0 0 0 0 0 0 0 0 0 0 0 0 3 10 8 3 1 0 0 0 0 0 0 0 0 0 0 0 0 0 0 0 0 0 0 0 0 0 0 0 0 0 0 0 0 0 0 0 0 1 1 1 1 1 1 2 1 1 1 2 1 1 1 3 3 5 6 15 45 125 166 137 56 19 6 7 4 1 2 1 2 2 0 0 0 0 1 1 2 2 2 1 0 0 0 0 0 0 0 1 2 2 3 9 3 1 0 0 0 0 2 3 2 1 0 1 3 3 5 12 28 91 130 154 142 108 60 28 18 9 7 5 9 14 17 40 127 180 206 175 124 50 17 7 5 6 8 10 9 12 13 14 18 25 27 33 42 54 83 118 157 193 218 236 244 246 249 244 238 215 201 170 143 115 78 57 47 40 31 25 18 16 15 14 12 10 10 10 11 15 19 45 143 247 255 255 251 168 68 22 8 3 4 4 2 9 25 109 155 62 8 4 2 1 2 0 2 0 0 0 0 0 0 0 0 0 0 0 0 0 0 0 0 0 0 0 2 0 0 0 0 0 0 0 7 16 18 7 4 1 1 2 0 0 0 0 0 0 0 0 0 0 2 3 2 2 5 9 14 24 41 27 14 5 4 1 2 1 0 0 0 0 0 0 0 0 0 0 2 4 4 5 4 4 4 11 85 225 238 186 135 89 62 27 14 7 6 4 2 2 2 6 4 3 3 3 6 2 0 0 0 0 0 0 0 0 0 0 0 0 0 0 0 0 0 0 0 2 0 0 2 2 2 2 2 2 2 2 2 2 0 0 0 0 0 0 0 0 0 0 0 0 0 0 0 0 0 0 0 0 0 0 0 0 0 0 0 0 0 0 0 0 0 0 0 0 0 0 0 0 0 0 0 0 0 0 0 0 0 1 2 2 2 5 12 5 3 4 3 2 2 2 2 0 0 0 0 0 0 0 0 0 0 2 0 5 7 0 0
0 0 0 0 0 0 0 0 0 0 0 0 0 0 1 2 3 3 3 4 2 0 2 0 0 0 0 0 0 0 0 0 0 0 0 0 0 0 0 0 0 0 0 0 0 0 0 0 0 0 0 0 0 0 0 0 0 0 0 0 0 0 0 0 0 2 0 1 3 6 11 25 14 6 0 0 0 0 0 0 0 0 0 0 0 0 0 0 0 0 0 0 0 0 0 4 9 9 3 0 0 0 0 0 0 0 0 0 0 0 0 0 0 0 0 0 0 0 0 0 0 0 0 0 0 0 0 0 0 0 1 1 1 0 0 0 1 1 1 0 0 1 3 3 4 4 6 5 5 7 10 24 84 145 163 110 39 11 6 7 4 1 2 1 2 2 1 0 0 0 0 0 0 1 2 2 2 2 2 2 2 2 1 0 0 3 7 3 0 0 0 1 2 2 1 1 2 2 4 4 9 22 63 122 150 154 125 78 38 18 11 5 6 7 10 11 14 20 40 110 179 168 191 159 77 37 17 14 14 16 18 25 26 30 39 53 74 111 134 165 202 220 238 244 249 249 250 249 239 228 209 163 123 70 54 40 36 29 25 16 15 14 11 10 7 7 8 6 7 6 7 12 18 44 137 246 255 255 253 173 66 21 8 2 4 3 2 3 8 19 105 158 65 11 3 3 1 2 0 0 2 0 0 0 0 0 0 0 0 0 0 0 0 0 0 0 0 0 0 2 0 0 0 0 0 0 2 8 18 15 6 2 2 2 0 0 0 0 0 0 0 0 0 0 0 0 2 2 2 2 4 9 15 22 39 31 12 6 4 2 1 1 0 0 1 2 0 0 0 0 1 3 3 5 6 4 4 5 9 59 216 240 192 138 110 64 28 18 5 6 3 1 2 2 6 4 3 3 3 6 2 0 0 0 0 0 0 0 0 0 0 0 0 0 0 0 0 2 2 2 2 2 2 0 0 0 0 0 0 0 0 0 0 0 0 0 0 0 0 0 0 0 0 0 0 0 0 0 0 0 0 0 0 0 0 0 0 0 0 0 0 0 0 0 0 0 0 0 0 0 0 0 0 0 0 0 0 1 2 2 2 2 1 0 0 1 6 7 2 4 1 0 0 0 0 0 2 2 2 2 0 0 0 0 0 0 2 0 0 10 1 0
0 0 0 0 0 0 0 0 0 0 0 0 0 0 0 2 2 4 3 4 3 3 2 1 0 0 0 0 0 0 0 0 0 0 0 0 0 0 0 0 0 0 0 0 0 0 0 0 0 0 0 0 0 0 0 0 0 0 0 0 0 0 0 0 2 0 1 1 4 4 11 25 14 6 0 0 0 0 0 0 0 0 0 0 0 0 0 0 0 0 0 0 0 0 0 4 9 7 3 0 0 0 0 0 0 0 0 0 0 0 0 0 0 0 0 0 0 0 0 0 0 0 0 0 0 0 0 1 1 1 0 1 1 1 1 1 2 2 2 3 4 5 6 5 5 5 4 7 8 15 16 29 45 133 157 155 82 29 15 5 7 4 3 1 1 2 3 3 2 0 0 0 0 0 0 0 0 0 0 0 0 0 0 0 0 6 6 2 1 2 2 2 2 2 2 2 3 5 10 16 47 106 143 157 135 98 47 23 11 6 5 8 9 8 11 16 23 34 68 125 178 151 186 205 142 74 56 47 46 51 66 90 113 136 165 185 210 227 240 246 249 250 250 246 240 225 205 174 141 124 126 104 53 33 27 21 15 13 12 11 8 5 5 5 5 6 4 5 4 6 12 15 41 133 244 255 255 253 173 69 18 9 3 3 3 0 2 4 6 15 96 159 73 15 4 3 2 1 1 0 2 0 0 0 0 0 0 0 0 0 0 0 0 0 0 0 0 0 0 2 0 0 0 0 0 1 2 10 19 13 6 1 1 2 0 0 0 0 0 0 0 0 0 0 0 0 0 2 2 2 2 4 7 15 23 37 40 14 6 4 4 2 2 2 1 0 2 2 2 2 4 4 4 5 5 2 4 4 6 40 185 238 206 159 115 99 40 20 7 6 3 0 2 3 6 3 3 3 3 6 2 0 0 0 0 0 0 0 0 0 0 0 1 2 2 2 2 0 0 0 0 2 0 0 0 0 0 0 0 0 0 0 0 0 0 0 0 0 0 0 0 0 0 0 0 0 0 0 0 0 0 0 0 0 0 0 0 0 0 0 0 0 0 0 0 0 0 0 0 0 0 0 0 1 2 2 2 1 0 0 0 0 0 0 0 3 7 4 4 0 0 0 0 0 0 0 0 0 0 0 2 2 2 1 0 0 2 0 0 8 2 0
0 0 0 0 0 0 0 2 2 2 2 2 0 0 0 0 2 0 4 3 5 3 3 2 2 0 0 0 0 0 0 0 0 0 0 0 0 0 0 0 0 0 0 0 0 0 0 0 0 0 0 0 0 0 0 0 0 0 0 0 0 0 0 2 1 2 1 2 4 3 10 19 18 9 0 0 0 0 0 0 0 0 0 0 0 0 0 0 0 0 0 0 0 0 0 4 9 7 3 0 0 0 0 0 0 0 0 0 0 0 0 0 0 0 0 0 0 0 0 0 0 0 0 1 1 1 1 2 1 1 1 2 2 3 3 4 4 5 6 7 8 9 12 18 20 23 27 32 32 27 29 33 40 81 151 167 138 61 28 20 10 9 7 6 5 2 3 2 1 2 2 1 1 1 1 0 0 0 0 0 0 0 0 0 2 9 5 3 3 2 2 1 0 3 3 5 8 16 39 96 132 157 146 111 63 31 15 7 6 7 7 8 10 14 20 34 60 105 137 178 205 203 225 246 229 200 176 170 180 198 210 220 236 243 246 250 251 251 249 246 239 224 202 174 141 111 73 47 36 40 77 106 61 25 18 15 12 8 4 3 6 6 5 4 5 3 4 4 5 10 16 38 131 246 255 255 253 169 68 18 8 5 2 3 2 0 3 5 6 11 84 159 87 18 4 2 2 0 2 0 0 2 0 0 0 0 0 0 0 0 0 0 0 0 0 0 0 0 0 1 1 0 0 0 0 2 3 12 20 9 6 2 0 2 0 0 0 0 0 0 0 0 0 0 0 0 0 0 2 2 1 2 3 5 13 25 35 43 16 6 3 4 2 2 2 2 2 0 2 4 4 4 6 4 2 3 2 4 3 28 129 216 222 192 142 120 55 29 11 4 4 0 2 3 6 3 3 3 3 6 2 0 0 0 0 0 2 2 2 2 2 2 1 0 0 0 0 0 0 0 0 0 2 1 0 0 0 0 0 0 0 0 0 0 0 0 0 0 0 0 0 0 0 0 0 0 0 0 0 0 0 0 0 0 0 0 0 0 0 0 0 0 0 0 0 0 0 1 2 2 2 2 2 1 0 0 0 0 0 0 0 0 0 0 0 4 8 4 2 0 0 0 0 0 0 0 0 0 0 0 0 0 0 1 2 2 1 2 0 4 2 1
0 0 0 0 0 1 2 0 2 3 3 3 3 2 0 0 0 2 2 3 3 5 4 3 2 2 2 1 0 0 0 0 0 0 0 0 0 0 0 0 0 0 0 0 0 0 0 0 0 0 0 0 0 0 0 0 0 0 1 2 2 2 2 0 2 0 1 3 3 3 8 14 24 11 0 0 0 0 0 0 0 0 0 0 0 0 0 0 0 0 0 0 0 0 0 5 9 7 3 0 0 0 0 0 0 0 0 0 0 0 0 0 0 0 0 0 0 0 0 1 1 1 1 1 1 1 1 2 3 3 4 5 6 7 11 14 18 20 25 26 30 33 31 27 26 24 23 19 18 19 19 16 20 32 87 160 171 133 72 32 25 13 10 9 7 7 5 4 5 4 3 3 2 0 1 2 2 2 2 2 2 2 2 2 5 8 3 2 0 0 2 3 4 5 12 23 43 85 125 154 156 126 78 40 17 7 5 8 7 6 10 14 19 34 68 114 162 204 230 237 246 249 252 254 252 246 246 249 249 249 250 251 250 249 244 241 229 215 192 157 125 91 62 38 33 29 22 19 16 14 35 83 66 40 23 20 17 10 8 7 6 4 3 3 2 4 3 3 9 16 41 134 249 255 255 253 174 65 18 8 4 3 2 1 2 0 4 3 5 10 64 158 103 18 5 2 3 2 2 0 0 2 0 0 0 0 0 0 0 0 0 0 0 0 0 0 0 0 0 0 2 0 0 0 2 0 5 15 16 10 5 2 2 2 2 1 0 0 2 2 1 0 0 0 0 0 0 0 0 2 2 0 2 3 6 10 22 34 46 14 7 4 3 3 0 2 1 4 5 4 5 3 4 2 4 2 2 4 5 16 77 168 213 216 189 140 103 42 12 4 4 3 3 3 7 4 4 3 4 6 3 2 2 2 2 2 0 0 0 0 0 0 0 0 0 0 0 0 0 0 0 0 0 1 2 2 2 2 2 2 2 2 2 2 2 2 2 2 2 2 2 2 2 2 2 2 2 2 2 2 2 2 2 2 2 2 2 2 2 2 2 2 2 2 2 2 2 1 0 0 0 0 0 0 0 0 0 0 0 0 0 0 0 0 0 1 7 4 0 0 0 0 0 0 0 0 0 0 0 0 0 0 0 0 0 0 1 3 2 4 3 2
0 0 0 0 1 1 1 3 3 3 3 3 3 3 3 2 2 1 2 2 3 2 3 5 3 3 2 1 2 1 0 0 0 0 0 0 0 0 0 0 0 0 0 0 0 0 0 0 0 0 0 0 0 0 0 0 0 0 0 0 0 0 1 2 2 2 3 2 0 4 7 12 26 12 0 0 0 0 0 0 0 0 0 0 0 0 0 0 0 0 0 0 0 0 0 5 9 6 3 0 0 0 0 0 0 0 0 0 0 0 0 0 0 0 0 0 1 1 1 1 1 1 3 4 4 4 7 12 13 17 20 24 27 29 29 33 30 28 25 22 19 17 15 17 15 12 9 7 4 3 3 4 3 10 26 83 157 174 154 116 57 39 25 16 13 12 10 9 7 8 7 4 5 5 5 5 3 3 3 3 2 2 2 2 6 8 3 3 3 5 5 8 17 35 60 103 134 156 161 136 94 45 22 9 5 7 7 6 10 16 21 34 62 122 172 220 244 249 250 250 250 250 252 254 249 244 245 245 245 243 239 232 214 193 169 139 117 74 52 40 31 24 16 13 13 9 8 6 5 5 9 42 68 63 51 45 31 29 26 19 15 12 6 6 4 3 5 11 20 43 134 249 255 255 251 174 61 20 9 5 3 3 1 0 2 3 4 3 5 8 56 145 121 23 6 2 1 2 1 2 1 0 2 0 0 0 0 0 0 0 0 0 0 0 0 0 0 0 0 0 1 1 0 0 2 0 6 14 16 9 5 1 2 0 0 1 2 2 0 0 2 0 0 0 0 0 0 0 0 0 2 2 0 2 2 5 9 22 37 43 15 10 4 1 4 2 3 4 2 4 3 3 1 4 3 2 3 3 4 9 38 122 174 211 222 192 144 64 20 6 5 3 3 3 7 4 4 4 4 5 2 0 0 0 0 0 0 0 0 0 0 0 0 0 0 0 0 0 0 0 0 0 0 0 0 0 0 0 0 0 0 0 0 0 0 0 0 0 0 0 0 0 0 0 0 0 0 0 0 0 0 0 0 0 0 0 0 0 0 0 0 0 0 0 0 0 0 0 0 0 0 0 0 0 0 0 0 0 0 0 0 0 0 0 0 0 6 4 0 0 0 0 0 0 0 0 0 0 0 0 0 0 0 0 0 0 0 0 2 3 0 0
0 0 0 0 2 2 2 3 2 3 1 0 2 3 3 3 3 2 2 3 2 3 3 3 6 5 3 2 2 1 2 1 0 0 0 0 0 0 0 0 0 0 0 0 0 0 0 0 0 0 0 0 0 0 0 0 0 0 0 0 0 0 1 1 1 2 1 1 1 4 4 12 26 15 1 0 0 0 0 0 0 0 0 0 0 0 0 0 0 0 0 0 0 0 0 6 9 6 3 0 0 0 0 0 0 0 0 0 0 0 0 0 0 1 1 2 4 5 6 8 9 10 12 17 22 27 30 29 32 32 30 26 23 22 17 12 11 11 10 9 7 4 4 1 1 0 0 0 1 1 1 3 3 4 9 25 80 151 179 174 163 127 92 68 52 32 23 18 18 15 13 12 10 8 7 5 6 4 3 3 3 3 4 4 11 8 7 7 9 15 30 57 97 126 154 159 158 138 110 55 27 12 5 6 8 8 13 16 21 39 68 125 174 227 249 252 252 250 243 229 223 224 219 198 176 162 163 162 153 132 112 79 62 49 37 28 23 22 18 12 8 9 9 8 4 3 2 2 2 3 4 16 29 47 61 73 71 61 59 50 34 27 22 13 6 5 10 19 49 143 252 255 255 251 174 62 19 8 4 3 3 0 0 0 3 2 2 2 4 7 49 139 127 33 6 2 0 2 2 2 1 2 2 1 0 0 0 0 0 0 0 0 0 0 0 0 0 0 0 0 0 2 0 0 2 0 9 15 17 8 5 3 4 4 4 3 2 0 1 2 0 2 0 0 0 0 0 0 0 0 0 2 2 1 2 2 6 6 19 42 40 16 11 5 2 5 4 3 4 4 2 2 3 3 2 0 2 3 4 6 17 65 131 166 217 229 192 117 34 6 3 3 3 2 6 4 3 3 4 6 3 2 2 2 2 1 0 0 0 0 0 0 0 0 0 0 0 0 0 0 0 0 0 0 0 0 0 0 0 0 0 0 0 0 0 0 0 0 0 0 0 0 0 0 0 0 0 0 0 0 0 0 0 0 0 0 0 0 0 0 0 0 0 0 0 0 0 0 0 0 0 0 0 0 0 0 0 0 0 0 0 0 0 0 0 0 7 4 0 0 0 0 0 0 0 0 0 0 0 0 0 0 0 0 0 0 0 0 2 3 0 0
0 0 0 1 1 2 3 2 2 0 1 2 2 2 2 3 3 3 3 2 3 3 3 3 3 4 7 6 3 2 2 2 2 0 0 0 0 0 0 0 0 0 0 0 0 0 0 0 0 0 0 0 1 2 2 2 0 0 0 0 0 0 1 0 2 2 1 0 1 3 4 12 24 17 4 0 0 0 0 0 0 0 0 0 0 0 0 0 0 0 0 0 0 0 0 5 10 5 3 0 0 0 0 0 1 1 2 2 1 3 3 4 6 8 11 13 15 18 22 26 27 32 35 32 26 24 20 17 14 10 8 9 8 7 6 5 4 3 1 3 3 3 2 1 2 2 2 2 2 1 0 1 3 2 2 7 18 57 116 163 174 171 168 161 154 140 125 109 83 55 39 28 24 21 19 16 14 10 11 9 8 8 6 10 18 16 20 25 43 79 117 140 154 154 150 135 101 55 27 14 6 5 6 9 12 16 23 45 82 128 182 234 252 254 253 249 231 211 190 174 158 134 117 85 50 40 38 36 31 29 26 23 19 15 12 12 8 9 8 7 6 4 4 2 2 2 2 3 2 0 0 7 14 23 30 35 42 58 67 70 67 54 40 28 19 14 22 58 148 253 255 255 251 173 66 16 8 5 5 3 0 0 0 2 2 2 2 2 4 7 43 128 136 39 8 2 0 2 2 2 0 0 0 2 2 0 0 0 0 0 0 0 0 0 0 0 0 0 0 0 0 1 1 0 2 0 10 17 17 7 3 3 3 2 2 2 3 4 3 2 0 0 0 0 0 0 0 0 0 0 0 0 2 2 1 2 3 4 8 19 41 39 19 13 7 4 5 4 4 2 4 3 2 2 2 0 2 3 4 6 10 33 79 134 177 233 233 159 49 9 3 2 3 2 7 4 3 3 3 5 2 2 2 2 2 2 2 0 0 0 0 0 0 0 0 0 0 0 0 0 0 0 0 0 0 0 0 0 0 0 0 0 0 0 0 0 0 0 0 0 0 0 0 0 0 0 0 0 0 0 0 0 0 0 0 0 0 0 0 0 0 0 0 0 0 0 0 0 0 0 0 0 0 0 0 0 0 0 0 0 0 0 0 0 0 0 6 4 0 0 0 0 0 0 0 0 0 0 0 0 0 0 0 0 0 0 0 0 0 0 3 0
1 0 0 2 2 3 3 2 2 0 0 0 1 2 1 0 2 3 3 3 1 2 3 4 4 5 6 7 9 7 5 4 3 2 2 0 0 0 0 0 0 0 0 0 0 0 0 0 0 0 2 2 1 0 0 0 2 2 2 2 2 2 3 3 2 0 0 0 0 2 5 11 17 23 5 1 2 2 1 1 1 1 2 1 3 0 0 0 0 0 0 0 0 0 0 3 10 8 3 1 1 1 2 3 4 4 4 8 14 16 21 26 27 28 28 31 30 28 26 21 19 18 13 9 10 9 8 7 5 5 5 4 3 1 1 1 1 1 1 0 0 0 0 0 0 0 0 0 0 0 1 1 3 2 3 3 4 12 37 78 120 125 137 145 152 162 163 164 163 163 155 142 126 109 85 63 50 41 30 24 24 27 31 35 39 56 83 125 139 156 159 154 141 121 74 38 23 13 8 5 7 8 12 18 29 51 103 151 203 243 254 254 254 246 223 195 158 120 89 74 58 45 37 23 21 19 17 15 12 9 8 7 5 6 6 6 5 3 3 2 2 2 2 2 3 2 2 2 2 2 2 4 4 8 15 22 24 28 32 40 54 61 67 62 47 43 64 166 253 255 255 251 171 64 20 11 8 6 2 1 2 2 3 2 0 2 2 2 5 5 36 121 140 49 9 3 0 2 0 2 0 0 0 2 0 2 2 1 0 0 0 0 0 0 0 2 0 0 0 0 0 0 1 1 2 1 10 18 15 5 2 2 0 1 2 2 2 2 2 0 0 0 0 0 0 0 0 0 0 0 0 0 0 3 2 2 4 4 6 8 21 37 39 24 15 8 6 4 4 4 2 0 4 1 0 2 2 3 3 5 9 20 40 84 150 209 245 211 75 14 4 2 3 2 7 4 4 4 4 6 2 0 0 0 0 0 0 0 0 0 0 0 0 0 0 0 0 0 0 0 0 0 0 0 0 0 0 0 0 0 0 0 0 0 0 0 0 0 0 0 0 0 0 0 0 0 0 0 0 0 0 0 0 0 0 0 0 0 0 0 0 0 0 0 0 0 0 0 0 0 0 0 0 0 0 0 0 0 0 0 0 0 0 0 0 0 5 4 0 0 0 0 0 0 0 0 0 0 0 0 0 0 0 0 0 0 0 0 0 0 2 0
1 2 2 2 2 2 3 2 0 0 0 0 0 0 1 2 1 0 0 2 3 3 3 3 2 4 4 5 6 8 9 8 6 5 4 4 3 0 0 0 0 0 0 0 0 0 0 0 0 2 2 2 2 2 2 2 2 2 3 4 4 3 4 4 4 5 5 4 4 5 8 13 17 27 9 4 5 6 9 15 16 17 15 17 17 16 9 5 2 2 3 3 3 3 3 5 10 15 10 8 9 11 14 18 23 29 32 32 32 29 25 23 24 20 19 17 15 12 11 10 9 7 6 6 5 3 2 2 2 2 1 1 1 1 1 0 0 0 0 0 0 0 0 0 0 0 0 0 0 0 0 0 2 1 1 2 3 4 12 39 59 60 47 55 73 94 113 124 134 144 154 162 165 165 165 165 152 140 131 126 120 115 123 139 153 156 161 162 159 143 124 86 48 25 13 9 7 7 8 9 11 19 30 51 116 175 223 249 254 254 254 244 216 181 135 93 58 44 34 26 20 15 12 11 7 4 4 4 4 4 4 4 4 2 0 3 2 2 3 2 2 1 1 2 2 2 2 2 1 2 2 4 2 3 4 7 7 6 7 15 27 40 48 66 85 111 187 253 255 255 253 174 79 29 14 10 7 5 4 4 3 3 3 2 1 2 2 2 4 7 27 116 144 54 12 5 1 2 0 2 1 0 0 2 0 0 0 1 2 2 0 0 0 0 0 3 2 0 0 0 0 0 0 2 1 3 12 17 13 5 2 3 2 2 2 2 3 3 3 2 2 2 2 2 2 2 2 2 2 2 2 2 2 2 2 3 4 3 3 4 8 20 33 41 29 18 6 5 4 2 2 2 2 2 0 2 0 2 4 3 6 14 34 42 109 190 243 243 123 18 4 3 4 3 8 4 3 3 4 5 2 0 0 0 0 0 0 0 0 0 0 0 0 0 0 0 0 0 0 0 0 0 0 0 0 0 0 0 0 0 0 0 0 0 0 0 0 0 0 0 0 0 0 0 0 0 0 0 0 0 0 0 0 0 0 0 0 0 0 0 0 0 0 0 0 0 0 0 0 0 0 0 0 0 0 0 0 0 0 0 0 0 0 0 0 0 5 4 0 0 0 0 0 0 0 0 0 0 0 0 0 0 0 0 0 0 0 0 0 0 0 0
0 2 1 0 2 2 3 2 0 0 0 0 0 0 0 0 1 2 2 0 0 0 0 2 3 2 2 2 2 3 4 6 7 8 8 6 5 6 5 5 4 3 3 2 2 2 2 2 2 1 1 1 2 2 3 3 4 5 5 4 5 5 5 5 5 5 5 6 7 8 9 12 20 28 17 12 20 28 32 28 28 28 28 28 26 27 26 25 22 17 16 16 14 14 16 18 21 20 27 29 33 35 33 31 28 25 25 23 19 18 18 15 11 10 7 5 4 4 2 1 1 0 0 0 0 0 0 0 0 0 0 0 0 0 0 1 1 1 0 0 0 0 0 0 0 0 0 0 0 0 0 0 0 2 0 0 2 3 9 31 51 39 24 9 9 16 22 27 43 54 74 89 105 122 129 138 157 165 170 169 167 169 165 163 157 161 142 117 94 58 31 18 11 8 8 8 6 7 9 17 26 44 111 182 236 251 254 254 252 243 211 166 121 80 53 38 22 15 10 10 7 6 6 3 3 4 3 3 3 3 2 2 2 2 2 3 0 1 3 3 2 2 2 1 0 2 0 0 0 0 1 3 2 2 4 2 3 5 7 7 8 13 36 63 131 209 254 255 255 254 205 113 48 30 23 16 11 7 4 4 5 4 2 2 2 3 2 1 2 7 23 98 157 59 18 6 2 2 0 2 2 0 0 0 2 0 0 0 0 0 2 2 1 0 0 0 0 2 2 0 0 0 0 0 2 4 16 18 10 6 4 4 3 2 2 2 2 2 1 2 2 2 2 2 0 0 0 0 0 0 0 0 0 2 3 3 2 2 2 3 5 7 17 27 45 34 19 9 4 2 3 2 2 2 0 2 0 2 3 3 4 11 25 37 58 170 239 250 151 26 5 3 2 3 8 3 2 3 4 4 2 0 0 0 0 0 0 0 0 0 0 0 0 0 0 0 0 0 0 0 0 0 0 0 0 0 0 0 0 0 0 0 0 0 0 0 0 0 0 0 0 0 0 0 0 0 0 0 0 0 0 0 0 0 0 0 0 0 0 0 0 0 0 0 0 0 0 0 0 0 0 0 0 0 0 0 0 0 0 0 0 0 0 0 0 0 5 4 0 0 0 0 0 0 0 0 0 0 0 0 0 0 0 0 0 0 0 0 0 0 0 0
4 2 2 2 3 3 2 2 0 0 0 0 0 0 0 0 0 0 0 2 2 2 2 2 0 0 0 1 2 2 1 2 4 5 5 6 8 8 6 6 4 6 6 6 4 4 4 4 4 4 4 4 5 8 7 7 7 7 8 7 8 8 8 7 7 7 7 7 6 7 8 14 25 34 19 20 18 12 8 5 5 4 5 5 7 8 17 23 26 28 28 27 29 28 29 29 29 30 32 27 23 18 17 15 10 9 7 5 4 4 3 2 2 0 1 1 0 0 0 0 0 0 0 0 0 0 0 0 0 0 0 0 0 0 0 0 0 0 1 1 1 0 0 0 0 0 0 0 0 0 0 0 0 1 1 1 0 4 9 29 47 33 19 7 5 7 9 7 5 7 9 12 18 25 39 55 67 79 96 107 117 117 113 97 84 55 45 29 17 13 8 8 6 4 5 6 9 12 22 38 100 173 234 251 254 254 249 224 196 157 112 74 47 25 15 11 8 7 6 3 3 3 3 4 3 3 3 2 2 2 2 2 2 2 2 4 2 2 0 2 0 0 0 0 2 0 0 0 0 1 1 2 2 2 2 2 2 3 4 4 8 15 27 98 205 255 255 255 253 212 177 130 110 77 54 36 22 18 13 9 8 5 4 3 2 3 4 2 2 5 19 85 158 73 21 7 5 3 2 2 1 1 0 0 2 0 0 0 0 0 0 0 1 1 0 0 0 0 0 2 0 0 0 0 2 6 17 18 11 5 3 2 2 2 2 2 2 3 4 3 3 1 0 0 2 2 2 2 2 2 2 2 2 2 2 3 2 2 1 4 4 6 10 14 22 46 35 19 10 4 2 3 2 2 2 2 2 3 4 3 5 8 23 29 48 139 233 254 179 28 7 3 2 3 8 3 2 3 4 5 1 0 0 0 0 0 0 0 0 0 0 0 0 0 0 0 0 0 0 0 0 0 0 0 0 0 0 0 0 0 0 0 0 0 0 0 0 0 0 0 0 0 0 0 0 0 0 0 0 0 0 0 0 0 0 0 0 0 0 0 0 0 0 0 0 0 0 0 0 0 0 0 0 0 0 0 0 0 0 0 0 0 0 0 0 0 5 4 0 0 0 0 0 0 0 0 0 0 0 0 0 0 0 0 0 0 0 0 0 0 0 0
3 3 3 3 2 1 1 1 0 0 0 0 0 0 0 0 0 0 0 0 0 0 0 0 0 0 0 0 0 0 2 2 2 2 3 4 4 6 8 8 9 9 9 10 9 8 8 8 7 7 8 8 8 7 7 8 7 6 4 4 4 3 2 2 2 2 2 2 2 3 4 7 20 32 22 16 7 4 3 3 3 3 3 2 2 2 3 3 5 8 9 9 10 10 8 7 6 7 7 7 7 6 5 4 4 3 2 1 1 1 0 0 0 0 0 0 0 0 0 0 0 0 0 0 0 0 0 0 0 0 0 0 0 0 0 0 0 0 0 0 1 1 1 0 0 0 0 0 0 0 0 0 0 1 0 1 3 5 8 30 47 27 17 3 4 4 4 5 5 5 5 4 4 5 5 7 9 10 14 19 22 23 21 17 14 14 8 8 8 5 4 3 5 6 7 12 17 33 77 158 221 249 254 253 245 214 176 140 102 66 39 20 13 12 8 6 5 3 3 3 2 3 4 2 2 1 0 0 0 2 2 2 2 0 0 2 0 0 0 2 0 0 0 1 1 0 0 0 1 1 0 3 2 1 2 2 3 4 3 7 12 25 74 198 254 255 255 249 179 140 132 148 139 133 124 105 84 59 40 27 15 13 9 5 3 2 4 3 0 5 16 79 156 81 22 9 5 4 4 3 4 3 2 2 2 2 0 0 0 0 0 2 2 1 0 0 0 0 0 2 0 0 0 0 2 9 17 16 9 4 2 2 0 0 0 0 0 0 0 1 2 3 4 3 3 3 2 2 2 3 3 3 4 2 3 2 2 2 3 2 2 5 5 8 15 18 46 38 16 10 4 2 4 3 4 2 2 2 2 2 4 7 16 24 41 125 225 255 197 32 6 5 2 3 8 3 2 3 4 6 0 0 0 0 0 0 0 0 0 0 0 0 0 0 0 0 0 0 0 0 0 0 0 0 0 0 0 0 0 0 0 0 0 0 0 0 0 0 0 0 0 0 0 0 0 0 0 0 0 0 0 0 0 0 0 0 0 0 0 0 0 0 0 0 0 0 0 0 0 0 0 0 0 0 0 0 0 0 0 0 0 0 0 0 0 0 5 4 0 0 0 0 0 0 0 0 0 0 0 0 0 0 0 0 0 0 0 0 0 0 0 0
0 0 0 0 2 0 2 0 0 0 0 0 0 0 0 0 0 0 0 0 0 0 0 0 0 0 0 0 0 0 0 0 0 1 2 2 2 2 2 3 3 4 4 4 6 7 6 7 8 8 7 7 6 4 3 2 2 0 0 0 0 0 0 0 0 0 0 0 0 1 3 6 19 39 17 4 2 2 1 1 0 0 0 0 0 1 1 2 2 2 2 2 2 2 3 3 3 3 2 3 1 1 1 0 0 0 0 0 0 0 0 0 0 0 0 0 0 0 0 0 0 0 0 0 0 0 0 0 0 0 0 0 0 0 0 0 0 0 0 0 0 0 0 1 1 1 0 0 0 0 0 0 0 0 1 0 2 3 9 29 45 23 13 4 4 3 3 4 3 3 2 3 3 4 5 4 5 4 5 5 5 6 7 7 7 5 5 3 3 4 4 5 6 11 17 25 62 135 209 246 254 254 246 214 174 135 92 53 31 20 14 8 8 4 4 3 4 3 4 4 4 3 3 2 2 2 2 2 2 0 0 0 0 0 0 2 0 0 0 2 0 0 1 1 0 0 0 1 1 0 2 2 2 3 2 3 4 4 6 10 26 75 191 254 255 255 243 154 79 46 54 77 113 133 140 141 135 128 112 84 62 40 27 18 15 9 6 5 5 6 16 68 148 106 23 15 5 2 2 3 2 3 4 1 2 2 2 2 2 2 3 0 0 1 2 1 0 0 0 1 1 0 0 0 2 10 16 18 7 4 2 0 2 0 0 0 0 0 1 1 2 2 2 2 2 3 4 4 4 3 3 3 2 2 2 2 2 2 2 0 2 3 5 3 5 13 19 42 45 20 10 4 2 3 4 3 3 2 2 2 4 6 14 18 38 121 223 255 205 34 6 4 3 3 7 3 2 3 4 6 0 0 0 0 0 0 0 0 0 0 0 0 0 0 0 0 0 0 0 0 0 0 0 0 0 0 0 0 0 0 0 0 0 0 0 0 0 0 0 0 0 0 0 0 0 0 0 0 0 0 0 0 0 0 0 0 0 0 0 0 0 0 0 0 0 0 0 0 0 0 0 0 0 0 0 0 0 0 0 0 0 0 0 0 0 0 5 4 0 0 0 0 0 0 0 0 0 0 0 0 0 0 0 0 0 0 0 0 0 0 0 0
0 0 0 0 2 0 2 0 0 0 0 0 0 0 0 0 0 0 0 0 0 0 0 0 0 0 0 0 0 0 0 0 0 0 0 0 0 0 0 0 0 0 0 0 0 0 2 2 0 0 0 0 0 0 0 0 0 0 0 0 0 0 0 0 0 0 0 0 0 1 3 6 28 38 12 4 2 1 1 1 1 1 1 1 0 0 0 0 0 0 0 0 0 0 1 1 1 0 0 0 0 0 0 0 0 0 0 0 0 0 0 0 0 0 0 0 0 0 0 0 0 0 0 0 0 0 0 0 0 0 0 0 0 0 0 0 0 0 0 0 0 0 0 0 0 0 1 1 1 0 0 0 0 1 2 3 4 6 14 27 36 21 11 4 4 3 1 1 1 4 3 2 3 2 1 2 3 4 4 4 5 4 3 3 2 4 4 4 6 5 7 11 16 20 44 114 190 243 253 253 249 220 181 132 89 49 28 16 13 12 8 6 5 6 3 4 3 4 3 2 2 1 0 0 0 0 0 0 0 0 0 0 0 0 0 2 0 0 0 2 0 1 1 0 0 0 1 1 0 2 2 0 2 3 3 3 3 7 9 27 74 189 254 255 255 237 139 57 19 13 16 21 31 44 71 104 125 133 137 140 133 119 88 61 37 30 25 15 10 9 23 57 138 119 39 20 13 10 7 5 5 4 3 4 3 2 2 0 0 2 2 2 2 2 0 1 2 2 0 0 2 0 0 2 2 13 15 18 7 3 2 2 2 2 2 2 2 2 2 1 0 0 0 0 0 0 0 0 0 0 0 0 0 0 0 0 0 0 2 0 2 2 5 3 4 7 10 18 39 44 26 11 5 3 1 3 3 3 2 2 3 7 9 20 33 116 224 255 207 39 6 4 4 3 7 3 2 3 4 6 0 0 0 0 0 0 0 0 0 0 0 0 0 0 0 0 0 0 0 0 0 0 0 0 0 0 0 0 0 0 0 0 0 0 0 0 0 0 0 0 0 0 0 0 0 0 0 0 0 0 0 0 0 0 0 0 0 0 0 0 0 0 0 0 0 0 0 0 0 0 0 0 0 0 0 0 0 0 0 0 0 0 0 0 0 0 5 4 0 0 0 0 0 0 0 0 0 0 0 0 0 0 0 0 0 0 0 0 0 0 0 0
0 0 0 0 2 0 2 0 0 0 0 0 0 0 0 0 0 0 0 0 0 0 0 0 0 0 0 0 0 0 0 0 0 0 0 0 0 0 0 0 0 0 0 0 0 0 0 0 0 0 0 0 0 0 0 0 0 0 0 0 0 0 0 0 0 0 0 0 1 1 4 7 31 35 11 3 2 0 0 0 0 0 0 0 0 0 0 0 0 0 1 1 1 1 0 0 0 0 0 0 0 0 0 0 0 0 0 0 0 0 0 0 0 0 0 0 0 0 0 0 0 0 0 0 0 0 0 0 0 0 0 0 0 0 0 0 0 0 0 0 0 0 0 0 0 0 0 0 1 1 1 1 1 1 2 3 4 7 9 29 28 25 12 6 2 4 1 3 3 0 1 2 3 4 4 4 3 3 2 4 3 5 5 5 5 4 5 6 6 8 15 17 33 90 168 234 252 253 251 231 192 135 90 55 25 14 10 9 8 9 7 6 3 4 4 2 2 1 1 1 0 0 0 0 0 0 0 0 0 0 0 0 0 0 0 2 0 0 0 2 1 1 0 0 0 1 1 0 2 2 0 0 2 4 4 3 7 9 24 76 196 254 255 255 236 138 52 16 9 5 5 5 7 11 15 24 39 63 99 120 130 133 137 135 125 94 62 44 33 28 33 65 134 136 95 61 40 26 21 18 14 12 10 9 8 5 5 4 3 2 0 0 0 1 2 0 0 0 2 2 2 0 0 2 4 13 15 15 5 2 2 0 0 0 1 2 1 0 0 0 0 0 0 0 0 0 0 0 0 0 0 0 0 0 0 0 0 0 2 1 2 2 4 3 3 0 6 11 18 34 42 26 13 7 4 3 2 4 4 2 2 7 6 18 35 118 229 255 203 40 5 4 4 3 7 3 2 3 4 6 0 0 0 0 0 0 0 0 0 0 0 0 0 0 0 0 0 0 0 0 0 0 0 0 0 0 0 0 0 0 0 0 0 0 0 0 0 0 0 0 0 0 0 0 0 0 0 0 0 0 0 0 0 0 0 0 0 0 0 0 0 0 0 0 0 0 0 0 0 0 0 0 0 0 0 0 0 0 0 0 0 0 0 0 0 0 5 4 0 0 0 0 0 0 0 0 0 0 0 0 0 0 0 0 0 0 0 0 0 0 0 0
0 0 0 1 1 0 2 0 0 0 0 0 0 0 0 0 0 0 0 0 0 0 0 0 0 0 0 0 0 0 0 0 0 0 0 0 0 0 0 0 0 0 0 0 0 0 0 0 0 0 0 0 0 0 0 0 0 0 0 0 0 0 0 0 0 0 0 0 1 0 4 11 35 30 8 3 1 1 1 1 0 0 0 0 0 0 1 1 1 1 1 0 0 0 0 0 0 0 0 0 0 0 0 0 0 0 0 0 0 0 0 0 0 0 0 0 0 0 0 0 0 0 0 0 0 0 0 0 0 0 0 0 0 0 0 0 0 0 0 0 0 0 0 0 0 0 0 0 1 1 1 2 2 1 1 2 4 6 10 27 26 30 11 8 5 3 2 2 4 4 4 3 2 0 1 2 3 4 4 4 5 5 5 7 8 6 6 6 12 17 29 71 151 218 250 253 252 239 202 151 90 58 27 15 10 8 5 6 7 8 7 4 4 4 2 2 0 2 1 0 0 0 0 0 0 0 0 0 0 0 0 0 0 0 0 2 0 0 0 2 2 0 0 0 0 2 0 2 2 0 0 0 4 5 3 7 7 24 81 202 254 255 255 236 135 49 14 10 5 4 5 2 2 4 5 6 9 15 23 39 62 95 120 129 134 140 135 128 95 70 71 107 140 169 169 156 136 121 94 69 51 40 26 15 11 12 10 8 5 6 3 3 2 0 3 2 2 2 3 2 4 3 4 7 7 17 16 13 4 2 0 0 0 0 0 0 0 0 0 0 0 0 0 0 0 0 0 0 0 0 0 0 0 0 0 0 0 0 2 2 3 2 2 4 2 3 2 4 10 18 36 48 26 13 7 4 2 4 5 3 1 6 7 17 38 131 232 255 199 37 6 4 5 3 7 3 2 3 4 6 0 0 0 0 0 0 0 0 0 0 0 0 0 0 0 0 0 0 0 0 0 0 0 0 0 0 0 0 0 0 0 0 0 0 0 0 0 0 0 0 0 0 0 0 0 0 0 0 0 0 0 0 0 0 0 0 0 0 0 0 0 0 0 0 0 0 0 0 0 0 0 0 0 0 0 0 0 0 0 0 0 0 0 0 0 0 5 4 0 0 0 0 0 0 2 2 1 0 0 0 0 0 0 0 0 0 0 0 0 0 0 0
0 0 0 2 0 1 1 0 0 0 0 0 0 0 0 0 0 0 0 0 0 0 0 0 0 0 0 0 0 0 0 0 0 0 0 0 0 0 0 0 0 0 0 0 0 0 0 0 0 0 0 0 0 0 0 0 0 0 0 0 0 0 0 0 0 0 0 1 1 0 4 14 35 27 8 2 0 0 0 0 1 1 1 1 1 1 0 0 0 0 0 0 0 0 0 0 0 0 0 0 0 0 0 0 0 0 0 0 0 0 0 0 0 0 0 0 0 0 0 0 0 0 0 0 0 0 0 0 0 0 0 0 0 0 0 0 0 0 0 0 0 0 0 0 0 0 0 1 1 1 0 0 0 0 1 4 4 8 15 23 26 26 12 7 4 4 3 5 3 3 3 4 4 5 5 5 3 4 5 5 5 6 4 4 4 6 12 17 30 60 131 202 246 253 253 245 211 164 106 61 34 17 10 7 6 3 5 7 6 9 7 3 2 1 0 0 2 0 0 0 0 0 0 0 0 0 0 0 0 0 0 0 0 0 0 2 0 0 0 3 0 0 0 0 2 0 2 2 0 0 0 3 5 4 5 10 24 82 201 254 255 255 239 135 51 12 8 4 3 3 2 2 3 4 3 2 2 3 4 7 13 22 38 63 91 118 131 138 143 132 132 153 169 207 220 221 222 215 206 196 167 132 110 77 56 30 17 13 10 8 5 4 2 4 4 3 2 3 3 5 5 5 5 5 4 15 18 9 3 2 0 0 0 0 0 0 0 0 0 0 0 0 0 0 0 0 0 0 0 0 0 0 0 0 0 0 0 0 0 0 2 2 2 3 0 2 3 2 3 9 15 29 50 34 18 7 4 3 3 5 4 4 6 17 40 138 236 255 186 28 9 4 4 3 7 3 2 3 4 6 0 0 0 0 0 0 0 0 0 0 0 0 0 0 0 0 0 0 0 0 0 0 0 0 0 0 0 0 0 0 0 0 0 0 0 0 0 0 0 0 0 0 0 0 0 0 0 0 0 0 0 0 0 0 0 0 0 0 0 0 0 0 0 0 0 0 0 0 0 0 0 0 0 0 0 0 0 0 0 0 0 0 0 0 0 0 5 4 0 0 0 0 2 2 0 0 0 0 0 0 0 0 0 0 0 0 0 0 0 0 0 0
0 0 0 2 0 2 0 0 0 0 0 0 0 0 0 0 0 0 0 0 0 0 0 0 0 0 0 0 0 0 0 0 0 0 0 0 0 0 0 0 0 0 0 0 0 0 0 0 0 0 0 0 0 0 0 0 0 0 0 0 0 0 0 0 0 0 0 1 0 0 7 17 37 21 8 1 0 0 0 0 0 0 0 0 0 0 0 0 0 0 0 0 0 0 0 0 0 0 0 0 0 0 0 0 0 0 0 0 0 0 0 0 0 0 0 0 0 0 0 0 0 0 0 0 0 0 0 0 0 1 1 1 0 0 0 0 0 0 0 0 0 0 0 0 0 0 1 2 1 0 0 0 0 0 2 3 4 8 12 18 28 24 15 9 8 5 5 4 4 3 4 4 4 5 5 5 5 5 4 4 3 3 5 6 10 15 23 55 114 186 243 253 253 249 220 173 121 64 41 19 11 7 5 5 4 6 4 5 6 6 5 2 2 0 1 2 0 0 0 0 0 0 0 0 0 0 0 0 0 0 0 0 0 0 0 2 0 0 1 3 0 0 0 1 1 2 2 0 0 1 2 4 3 7 10 25 81 205 254 255 255 237 133 51 12 7 4 2 2 2 2 2 2 3 3 4 4 2 2 1 2 5 6 11 20 39 62 91 123 158 168 189 194 195 198 198 206 216 222 221 229 229 218 201 168 132 90 52 31 17 12 9 6 3 2 6 9 9 5 4 4 4 4 3 8 16 15 8 2 2 0 0 0 0 0 0 0 0 0 0 0 0 0 0 0 0 0 0 0 0 0 0 0 0 0 0 0 0 0 0 2 3 2 2 0 0 2 3 2 4 7 15 23 49 34 22 8 5 3 4 3 4 7 17 42 146 244 254 170 24 10 5 4 3 7 3 2 3 5 5 0 0 0 0 0 0 0 0 0 0 0 0 0 0 0 0 0 0 0 0 0 0 0 0 0 0 0 0 0 0 0 0 0 0 0 0 0 0 0 0 0 0 0 0 0 0 0 0 0 0 0 0 0 0 0 0 0 0 0 0 0 0 0 0 0 0 0 0 0 0 0 0 0 0 0 0 0 0 0 0 0 0 0 0 0 0 5 4 0 0 2 2 0 0 0 0 0 0 0 0 0 0 0 0 0 0 0 0 0 0 0 0
0 0 0 2 0 2 0 0 0 0 0 0 0 0 0 0 0 0 0 0 0 0 0 0 0 0 0 0 0 0 0 0 0 0 0 0 0 0 0 0 0 0 0 0 0 0 0 0 0 0 0 0 0 0 0 0 0 0 0 0 0 0 0 0 0 0 1 0 0 1 7 26 31 19 5 1 0 0 0 0 0 0 0 0 0 0 0 0 0 0 0 0 0 0 0 0 0 0 0 0 0 0 0 0 0 0 0 0 0 0 0 0 0 0 0 0 0 0 0 0 0 0 0 0 0 0 0 1 1 1 0 0 1 1 1 0 0 0 0 0 0 0 0 0 0 1 1 1 1 0 1 1 2 2 4 4 6 8 14 20 27 22 18 11 7 3 6 4 4 4 4 4 4 3 3 3 3 3 4 4 4 6 8 13 18 45 104 169 239 253 253 252 232 182 132 71 42 26 14 7 6 5 4 5 5 3 2 2 4 5 6 2 2 1 1 0 0 0 0 0 0 0 0 0 0 0 0 0 0 0 0 0 0 0 2 0 1 2 2 3 2 0 1 1 0 2 0 0 1 3 4 3 7 12 25 81 210 254 255 255 238 133 52 12 6 4 3 3 2 0 2 2 2 0 0 0 2 3 4 4 4 2 3 3 5 7 9 27 61 145 203 182 141 107 86 101 111 128 147 177 194 208 216 228 232 224 207 168 127 82 36 19 13 13 14 15 13 13 13 13 12 12 10 14 23 17 13 5 1 2 0 0 0 0 0 0 0 0 0 0 0 0 0 0 0 0 0 0 0 0 0 0 0 0 0 0 0 0 0 0 2 2 4 2 0 0 0 1 2 2 4 7 13 19 47 39 22 10 6 4 3 3 9 18 47 164 246 251 154 20 9 5 4 3 7 3 2 3 5 5 0 0 0 0 0 0 0 0 0 0 0 0 0 0 0 0 0 0 0 0 0 0 0 0 0 0 0 0 0 0 0 0 0 0 0 0 0 0 0 0 0 0 0 0 0 0 0 0 0 0 0 0 0 0 0 0 0 0 0 0 0 0 0 0 0 0 0 0 0 0 0 0 0 0 0 0 0 0 0 0 0 0 0 0 0 0 4 5 3 3 2 2 2 2 0 0 0 0 0 0 0 0 0 0 0 0 0 0 0 0 0 0
0 0 0 0 2 2 0 0 0 0 0 0 0 0 0 0 0 0 0 0 0 0 0 0 0 0 0 0 0 0 0 0 0 0 0 0 0 0 0 0 0 0 0 0 0 0 0 0 0 0 0 0 0 0 0 0 0 0 0 0 0 0 0 0 0 1 1 0 0 3 8 33 31 13 4 1 0 0 0 0 0 0 0 0 0 0 0 0 0 0 0 0 0 0 0 0 0 0 0 0 0 0 0 0 0 0 0 0 0 0 0 0 0 0 0 0 0 0 0 0 0 0 0 0 0 0 1 0 0 0 0 0 0 0 1 1 0 0 0 0 0 0 0 0 2 1 2 2 3 2 2 2 2 4 3 5 6 6 11 17 27 18 22 11 9 6 6 4 3 4 3 3 2 3 4 4 5 5 3 4 8 12 15 37 91 157 229 252 253 253 238 193 140 84 47 32 18 10 6 4 4 6 5 4 2 0 0 1 4 5 6 2 2 1 0 0 0 0 0 0 0 0 0 0 0 0 0 0 0 0 0 0 0 0 2 0 0 2 2 2 0 2 2 2 3 1 0 1 3 4 4 4 14 22 83 209 254 255 255 236 133 51 15 6 4 3 3 2 1 2 2 1 0 0 0 0 2 0 1 2 2 4 4 3 5 5 5 23 49 165 212 131 48 30 24 20 23 33 42 50 71 97 130 155 184 210 225 233 222 192 143 82 40 24 17 20 18 19 17 16 18 20 21 17 11 10 4 3 3 0 0 0 0 0 0 0 0 0 0 0 0 0 0 0 0 0 0 0 0 0 0 0 0 0 0 0 0 0 0 1 2 3 2 1 2 0 0 0 1 2 2 3 5 13 17 40 42 25 15 7 5 4 9 21 49 173 251 248 140 19 7 6 4 3 8 2 2 3 5 5 0 0 0 0 0 0 0 0 0 0 0 0 0 0 0 0 0 0 0 0 0 0 0 0 0 0 0 0 0 0 0 0 0 0 0 0 0 0 0 0 0 0 0 0 0 0 0 0 0 0 0 0 0 0 0 0 0 0 0 0 0 0 0 0 0 0 0 0 0 0 0 0 0 0 0 0 0 0 0 0 0 0 0 0 0 0 2 8 4 4 0 0 0 0 0 0 0 0 0 0 0 0 0 0 0 0 0 0 0 0 0 0
0 0 0 0 2 0 0 0 0 0 0 0 0 0 0 0 0 0 0 0 0 0 0 0 0 0 0 0 0 0 0 0 0 0 0 0 0 0 0 0 0 0 0 0 0 0 0 0 0 0 0 0 0 0 0 0 0 0 0 0 0 0 0 0 1 1 0 0 2 3 12 36 28 7 4 1 0 0 0 0 0 0 0 0 0 0 0 0 0 0 0 0 0 0 0 0 0 0 0 0 0 0 0 0 0 0 0 0 0 0 0 0 0 0 0 0 0 0 0 0 0 0 0 0 1 1 0 0 0 0 0 0 0 0 1 1 1 0 0 0 1 1 1 2 1 2 1 1 1 4 4 4 4 3 2 3 5 5 14 17 28 27 32 15 10 5 2 2 3 4 4 4 3 3 2 3 2 3 7 12 16 37 82 147 216 252 253 253 244 202 143 102 52 35 22 12 6 3 4 5 5 3 3 2 2 0 0 0 5 4 7 2 2 0 0 0 0 0 0 0 0 0 0 0 0 0 0 0 0 0 0 0 0 0 2 0 2 0 2 1 2 1 2 2 0 1 2 4 4 4 5 14 24 84 211 254 255 255 238 132 56 14 6 4 3 2 2 2 2 2 0 0 0 0 0 0 2 0 0 0 2 2 2 3 4 5 10 24 96 194 195 73 20 7 5 6 8 7 7 13 20 22 27 48 72 109 144 182 212 227 221 194 130 65 38 21 12 11 13 10 9 9 9 10 8 3 3 3 2 2 0 0 0 2 1 0 0 0 0 0 0 0 0 0 0 0 0 0 0 0 0 0 0 0 0 0 0 0 0 2 2 4 1 0 0 2 0 0 0 1 3 2 3 5 13 18 37 41 25 18 8 8 10 19 64 187 254 244 125 19 6 7 3 3 8 2 2 3 5 5 0 0 0 0 0 0 0 0 0 0 0 0 0 0 0 0 0 0 0 0 0 0 0 0 0 0 0 0 0 0 0 0 0 0 0 0 0 0 0 0 0 0 0 0 0 0 0 0 0 0 0 0 0 0 0 0 0 0 0 0 0 0 0 0 0 0 0 0 0 0 0 0 0 0 0 0 0 0 0 0 0 0 0 0 0 0 2 4 4 4 4 4 4 4 4 4 4 4 2 0 0 0 0 0 0 0 0 0 0 0 0 0
0 0 0 2 2 0 0 0 0 0 0 0 0 0 0 0 0 0 0 0 0 0 0 0 0 0 0 0 0 0 0 0 0 0 0 0 0 0 0 0 0 0 0 0 0 0 0 0 0 0 0 0 0 0 0 0 0 0 0 0 0 0 0 0 1 0 0 1 2 6 23 37 17 6 3 0 0 0 0 0 0 0 0 0 0 0 0 0 0 0 0 0 0 0 0 0 0 0 0 0 0 0 0 0 0 0 0 0 0 0 0 0 0 0 0 0 0 0 0 0 0 0 0 1 1 0 0 0 0 0 0 0 0 1 1 0 1 1 1 1 0 2 2 1 2 3 4 4 4 0 0 2 3 3 6 6 5 5 10 10 18 29 33 20 11 5 5 4 4 2 3 3 3 2 3 4 8 12 17 37 74 139 212 249 253 253 249 210 153 105 58 37 24 13 5 3 4 4 5 3 3 2 0 0 0 2 2 2 3 6 7 3 2 0 0 0 0 0 0 0 0 0 0 0 0 0 0 0 0 0 0 0 0 0 2 2 0 0 2 1 1 2 3 0 1 1 3 4 4 4 14 24 88 216 254 255 255 236 128 54 14 7 4 3 2 0 2 3 2 0 0 0 0 0 0 0 2 0 0 2 2 1 2 2 3 2 16 38 138 215 148 30 8 5 3 2 2 4 4 3 6 6 7 10 17 24 37 63 112 160 208 221 213 159 81 35 22 10 9 6 7 5 4 3 3 3 2 2 2 2 3 2 2 0 1 2 1 0 0 0 0 0 0 0 0 0 0 0 0 0 0 0 0 0 0 0 0 0 1 2 2 3 0 0 0 0 2 2 2 2 2 3 4 3 4 13 19 30 47 28 14 10 12 20 76 206 254 235 111 17 7 6 3 3 8 2 2 3 5 5 0 0 0 0 0 0 0 0 0 0 0 0 0 0 0 0 0 0 0 0 0 0 0 0 0 0 0 0 0 0 0 0 0 0 0 0 0 0 0 0 0 0 0 0 0 0 0 0 0 0 0 0 0 0 0 0 0 0 0 0 0 0 0 0 0 0 0 0 0 0 0 0 0 0 0 0 0 0 0 0 0 0 0 0 0 0 2 4 0 3 0 0 0 0 0 0 0 2 4 4 4 3 2 0 0 0 0 0 0 0 0 0
0 0 0 2 2 0 0 0 0 0 0 0 0 0 0 0 0 0 0 0 0 0 0 0 0 0 0 0 0 0 0 0 0 0 0 0 0 0 0 0 0 0 0 0 0 0 0 0 0 0 0 0 0 0 0 0 0 0 0 0 0 0 0 1 0 0 1 2 2 12 30 31 9 5 0 0 0 0 0 0 0 0 0 0 0 0 0 0 0 0 0 0 0 0 0 0 0 0 0 0 0 0 0 0 0 0 0 0 0 0 0 0 0 0 0 0 0 0 0 0 0 1 1 0 0 0 0 0 0 0 1 1 1 0 0 0 1 2 2 1 2 3 3 4 4 2 1 1 1 3 5 5 4 4 3 3 5 5 6 10 13 25 39 27 16 4 2 3 3 3 3 3 3 5 9 11 19 34 69 132 204 249 253 253 250 214 157 111 61 43 27 15 8 4 3 4 3 3 3 3 0 0 0 0 0 0 0 1 2 7 7 3 2 0 0 0 0 0 0 0 0 0 0 0 0 0 0 0 0 0 0 0 0 0 3 0 0 0 3 1 0 2 1 2 2 3 4 3 4 14 22 96 220 255 255 255 234 133 52 13 8 4 2 3 2 3 2 1 2 0 1 0 0 0 0 0 2 0 2 2 0 0 0 3 3 5 23 58 185 206 99 13 5 3 2 1 0 0 3 6 9 3 3 3 4 7 11 17 25 54 97 169 215 216 170 88 21 9 5 4 2 4 4 4 3 3 2 2 2 2 2 3 3 3 3 3 3 2 1 0 0 0 0 0 0 0 0 0 0 0 0 0 0 0 0 0 0 0 2 2 4 0 0 0 0 0 0 0 0 0 2 0 2 3 3 4 11 20 37 44 33 26 20 26 89 216 255 223 98 19 7 6 3 3 8 2 2 3 5 5 0 0 0 0 0 0 0 0 0 0 0 0 0 0 0 0 0 0 0 0 0 0 0 0 0 0 0 0 0 0 0 0 0 0 0 0 0 0 0 0 0 0 0 0 0 0 0 0 0 0 0 0 0 0 0 0 0 0 0 0 0 0 0 0 0 0 0 0 0 0 0 0 0 0 0 0 0 0 0 0 0 0 0 0 0 0 2 4 2 2 0 0 0 0 0 0 0 0 0 0 0 0 2 2 0 0 0 0 0 0 0 0
0 0 1 2 1 0 0 0 0 0 0 0 0 0 0 0 0 0 0 0 0 0 0 0 0 0 0 0 0 0 0 0 0 0 0 0 0 0 0 0 0 0 0 0 0 0 0 0 0 0 0 0 0 0 0 0 0 0 0 0 0 0 1 0 0 0 1 2 7 23 34 18 5 3 0 0 0 0 0 0 0 0 0 0 0 0 0 0 0 0 0 0 0 0 0 0 0 0 0 0 0 0 0 0 1 1 0 0 0 0 0 0 0 0 0 0 0 0 0 0 1 1 0 0 0 0 0 1 1 1 1 0 0 1 2 3 4 4 3 5 5 3 2 2 3 3 4 5 6 4 3 3 3 3 3 5 5 3 4 8 10 18 46 38 16 4 3 3 3 3 3 3 6 8 17 27 61 127 196 244 253 253 252 218 162 115 72 45 29 17 9 6 4 3 4 4 3 2 2 1 1 0 0 0 0 0 0 2 2 5 8 3 2 0 0 0 0 0 0 0 0 0 0 0 0 0 0 0 0 0 0 0 0 2 2 0 0 2 2 0 0 2 0 0 4 4 3 4 15 29 99 221 255 255 255 230 124 45 15 7 4 3 2 0 3 4 2 1 2 2 0 2 0 0 0 0 2 1 1 0 2 0 1 4 1 9 27 109 206 186 40 7 3 3 0 1 2 2 0 2 10 5 3 3 2 2 3 5 10 11 25 53 130 207 227 160 58 13 5 5 2 2 1 0 0 0 2 2 2 2 2 2 2 2 2 2 2 3 3 1 0 0 0 0 0 0 0 0 0 0 0 0 0 0 0 0 0 0 2 2 3 0 0 0 0 0 0 0 0 2 0 0 0 2 3 2 4 9 18 36 46 39 46 48 117 226 255 214 82 18 6 6 3 3 8 3 2 3 5 5 0 0 0 0 0 0 0 0 0 0 0 0 0 0 0 0 0 0 0 0 0 0 0 0 0 0 0 0 0 0 0 0 0 0 0 0 0 0 0 0 0 0 0 0 0 0 0 0 0 0 0 0 0 0 0 0 0 0 0 0 0 0 0 0 0 0 0 0 0 0 0 0 0 0 0 0 0 0 0 0 0 0 0 0 0 0 0 5 2 2 0 0 0 0 0 0 0 0 0 0 0 0 0 3 0 0 0 0 0 0 0 0
2 2 2 2 0 0 0 0 0 0 0 0 0 0 0 0 0 0 0 0 0 0 0 0 0 0 0 0 0 0 0 0 0 0 0 0 0 0 0 0 0 0 0 0 0 0 0 0 0 0 0 0 0 0 0 0 0 0 0 0 1 1 0 0 0 1 1 4 19 25 30 6 4 0 0 0 0 0 0 0 0 0 0 0 0 0 0 0 0 0 0 0 0 0 0 0 0 0 0 0 0 1 1 1 0 1 0 0 0 0 0 0 0 0 0 0 0 0 1 1 1 2 2 0 1 1 1 0 0 0 1 2 3 4 5 4 3 3 3 2 3 4 4 5 5 6 5 4 3 3 3 4 3 2 1 4 4 6 7 9 14 19 43 47 15 8 2 2 3 4 4 8 13 26 52 114 177 240 253 253 252 224 166 122 80 50 27 17 11 6 4 2 3 3 3 2 0 2 0 0 2 0 0 0 0 0 0 2 3 5 7 3 2 0 0 0 0 0 0 0 0 0 0 0 0 0 0 0 0 0 0 0 2 0 2 0 0 3 0 0 2 0 0 3 3 4 4 16 33 104 230 255 255 254 222 124 44 14 6 4 3 2 2 2 3 2 1 2 4 2 2 2 0 0 0 1 2 1 0 2 0 2 2 2 2 15 44 149 210 143 19 5 4 2 2 1 0 0 2 5 6 2 4 2 3 3 2 1 2 5 10 16 39 133 216 226 135 27 5 3 4 0 0 0 0 0 0 0 0 0 0 0 0 0 0 1 2 1 2 3 0 0 0 0 0 0 0 0 0 0 0 0 0 0 0 0 0 0 2 4 0 0 0 0 0 0 0 0 0 2 0 0 0 0 2 3 2 4 11 20 22 37 48 62 131 236 255 208 78 18 6 5 3 3 8 3 2 3 4 6 0 0 0 0 0 0 0 0 0 0 0 0 0 0 0 0 0 0 0 0 0 0 0 0 0 0 0 0 0 0 0 0 0 0 0 0 0 0 0 0 0 0 0 0 0 0 0 0 0 0 0 0 0 0 0 0 0 0 0 0 0 0 0 0 0 0 0 0 0 0 0 0 0 0 0 0 0 0 0 0 0 0 0 0 0 0 0 5 2 2 0 0 0 0 0 0 0 0 0 0 0 0 0 3 0 0 0 0 0 0 0 0
2 2 2 0 0 0 0 0 0 0 0 0 0 0 0 0 0 0 0 0 0 0 0 0 0 0 0 0 0 0 0 0 0 0 0 0 0 0 0 0 0 0 0 0 0 0 0 0 0 0 0 0 0 0 0 0 0 0 0 1 1 0 0 0 1 1 3 15 22 32 14 4 3 0 0 0 0 0 0 0 0 0 0 0 0 0 0 0 0 0 0 0 0 0 1 1 1 1 1 1 1 1 0 0 0 1 1 0 0 0 0 0 0 0 0 0 1 2 2 1 0 1 2 2 1 1 1 2 3 5 5 5 4 3 3 4 4 4 5 5 3 4 4 5 4 3 3 3 3 3 3 3 3 4 6 3 3 6 2 4 3 12 45 48 24 6 2 4 5 6 9 18 40 91 157 228 253 253 252 229 171 127 80 55 29 17 12 8 5 2 3 5 3 3 2 0 2 0 0 0 2 0 0 0 0 0 0 2 4 6 6 3 1 1 0 0 0 0 0 0 0 0 0 0 0 0 0 0 0 0 0 2 0 0 2 0 2 2 0 0 2 0 3 3 4 3 15 37 104 234 255 255 254 218 121 42 14 6 4 3 2 1 1 3 1 1 1 1 2 3 3 4 2 0 0 2 1 0 0 0 2 3 3 2 6 19 65 186 209 79 11 2 3 1 0 0 0 1 2 6 3 0 0 3 2 2 3 3 3 2 4 7 16 45 166 239 206 67 12 2 4 0 0 0 0 0 0 0 0 0 0 0 0 0 0 0 2 2 0 2 2 1 0 0 0 0 0 0 0 0 0 0 0 0 0 0 0 0 2 4 0 0 0 0 0 0 0 0 0 2 0 0 0 0 0 1 3 4 4 10 22 18 27 50 132 242 255 204 80 21 4 5 3 3 8 3 2 3 5 5 0 0 0 0 0 0 0 0 0 0 0 0 0 0 0 0 0 0 0 0 0 0 0 0 0 0 0 0 0 0 0 0 0 0 0 0 0 0 0 0 0 0 0 0 0 0 0 0 0 0 0 0 0 0 0 0 0 0 0 0 0 0 0 0 0 0 0 0 0 0 0 0 0 0 0 0 0 0 0 0 0 0 0 0 0 0 1 5 2 2 0 0 0 0 0 0 0 0 0 0 0 0 0 3 0 0 0 0 0 0 0 0
3 2 2 2 0 0 0 0 0 0 0 0 0 0 0 0 0 0 0 0 0 0 0 0 0 0 0 0 0 0 0 0 0 0 0 0 0 0 0 0 0 0 0 0 0 0 0 0 0 0 0 0 0 0 0 0 0 1 1 0 0 0 0 1 1 1 8 26 25 23 4 4 0 0 0 0 0 0 0 0 0 0 0 0 0 0 0 0 1 1 1 1 1 1 0 0 0 0 0 0 0 0 0 0 0 0 1 0 0 0 0 0 1 1 1 2 1 0 1 1 1 0 1 1 2 4 4 4 4 2 3 4 4 4 5 4 3 3 3 4 4 3 4 3 2 1 1 1 2 1 2 2 2 3 2 4 2 3 5 6 6 17 39 48 29 12 4 3 8 16 23 62 128 203 249 253 252 237 179 130 93 52 36 17 10 8 5 2 4 5 3 0 2 1 0 2 0 0 0 0 0 2 0 0 0 0 0 2 3 6 6 3 2 2 0 0 0 0 0 0 0 0 0 0 0 0 0 0 0 0 1 1 0 0 2 2 2 2 0 2 2 3 3 4 4 15 39 107 235 255 255 254 222 122 42 18 6 4 2 3 0 2 3 1 0 0 1 2 3 3 3 5 3 0 0 2 0 0 0 0 1 2 4 2 8 28 102 209 182 34 8 3 0 2 0 0 2 1 0 7 2 0 0 0 2 3 2 2 3 2 3 4 7 20 87 212 241 146 23 4 4 3 0 0 0 0 0 0 0 0 0 0 0 0 0 0 0 2 2 0 2 1 1 0 0 0 0 0 0 0 0 0 0 0 0 0 0 0 2 4 0 0 0 0 0 0 0 0 0 2 0 0 0 0 0 0 2 2 4 3 10 11 16 32 122 240 255 206 82 22 4 5 3 3 8 3 2 3 6 4 0 0 0 0 0 0 0 0 0 0 0 0 0 0 0 0 0 0 0 0 0 0 0 0 0 0 0 0 0 0 0 0 0 0 0 0 0 0 0 0 0 0 0 0 0 0 0 0 0 0 0 0 0 0 0 0 0 0 0 0 0 0 0 0 0 0 0 0 0 0 0 0 0 0 0 0 0 0 0 0 0 0 0 0 0 0 2 4 2 2 0 0 0 0 0 0 0 0 0 0 0 0 2 2 0 0 0 0 0 0 0 0
3 3 0 0 0 0 0 0 0 0 0 0 0 0 0 0 0 0 0 0 0 0 0 0 0 0 0 0 0 0 0 0 0 1 0 0 0 0 0 0 0 0 0 0 0 0 0 0 0 0 0 0 0 0 0 1 1 1 0 0 0 1 1 1 2 5 21 24 28 7 3 3 0 0 0 0 0 0 0 0 0 0 0 0 0 1 1 1 1 0 0 0 0 0 0 0 0 0 0 0 0 0 0 0 0 0 0 1 0 1 1 1 1 1 2 2 1 1 0 1 2 2 3 4 4 3 3 5 6 5 5 4 3 3 2 3 4 4 3 3 2 3 2 1 1 2 2 2 3 3 3 3 3 2 2 3 4 4 3 5 5 14 38 47 28 16 9 16 21 29 95 164 232 253 253 243 195 137 109 58 37 20 9 8 8 4 5 5 4 2 0 2 0 0 1 1 0 0 0 0 0 2 0 0 0 0 0 2 3 6 6 2 2 2 0 0 0 0 0 0 0 0 0 0 0 0 0 0 0 1 1 0 0 2 2 0 2 0 0 2 3 3 5 6 17 36 110 234 255 255 254 215 115 44 19 10 3 2 3 0 2 3 1 0 0 0 0 2 2 3 4 5 4 3 2 2 0 0 0 0 2 2 3 3 10 50 150 212 135 17 5 2 0 2 1 2 0 0 1 7 0 0 0 0 0 0 2 2 2 2 2 4 5 10 37 159 244 213 50 7 4 4 2 2 3 2 0 0 0 0 0 0 0 0 0 0 0 2 2 3 2 0 0 2 2 0 0 0 0 0 0 0 0 0 0 0 0 0 2 4 0 0 0 0 0 0 0 0 2 0 0 0 0 0 0 0 0 3 3 2 7 7 18 26 102 236 255 214 90 21 4 4 3 3 8 3 2 3 6 4 0 0 0 0 0 0 0 0 0 0 0 0 0 0 0 0 0 0 0 0 0 0 0 0 0 0 0 0 0 0 0 0 0 0 0 0 0 0 0 0 0 0 0 0 0 0 0 0 0 0 0 0 0 0 0 0 0 0 0 0 0 0 0 0 0 0 0 0 0 0 0 0 0 0 0 0 0 0 0 0 0 0 0 0 0 0 2 5 0 2 0 0 0 0 0 0 0 0 0 0 0 0 3 0 0 0 0 0 0 0 0 0
2 1 0 0 0 0 0 0 0 0 0 0 0 0 0 0 0 0 0 0 0 0 0 0 0 0 0 0 0 0 0 0 0 1 0 0 0 0 0 0 0 0 0 0 0 0 0 0 0 0 0 0 0 1 1 1 0 0 0 0 1 1 0 2 3 17 24 27 11 4 3 0 0 0 0 0 0 0 0 0 0 1 1 1 1 0 0 0 0 0 0 0 0 0 0 0 0 0 0 0 0 0 0 0 0 0 1 2 1 1 1 1 1 1 1 0 1 2 3 3 4 4 2 4 3 3 3 3 3 3 2 3 4 4 4 4 4 3 3 2 3 3 2 2 2 2 2 3 3 1 2 2 3 2 3 5 6 4 5 6 7 13 32 44 38 29 24 27 50 125 190 246 253 249 210 155 116 63 33 23 13 9 8 5 3 4 3 1 2 1 2 0 0 1 1 0 0 0 0 0 0 0 2 0 0 0 0 2 3 6 7 2 2 0 0 0 0 0 0 0 0 0 0 0 0 0 0 0 1 1 0 0 0 3 1 0 2 0 2 3 2 5 6 17 35 114 235 255 255 254 210 116 39 22 14 5 2 2 1 2 3 0 0 0 0 0 0 0 2 2 3 9 8 4 2 2 0 0 0 2 2 2 2 5 18 73 182 206 77 8 3 2 2 1 1 0 0 0 0 6 2 0 0 0 0 0 0 2 2 2 2 3 4 6 20 105 225 241 123 21 8 8 3 2 1 2 3 2 0 0 1 2 2 1 0 1 2 2 2 2 3 3 2 1 0 0 1 2 2 2 0 0 0 1 2 0 0 1 2 4 0 0 0 0 0 0 0 0 2 0 0 0 0 0 0 0 0 2 3 4 5 6 12 30 77 227 255 223 96 23 6 3 3 3 8 2 2 3 6 4 0 0 0 0 0 0 0 0 0 0 0 0 0 0 0 0 0 0 0 0 0 0 0 0 0 0 0 0 0 0 0 0 0 0 0 0 0 0 0 0 0 0 0 0 0 0 0 0 0 0 0 0 0 0 0 0 0 0 0 0 0 0 0 0 0 0 0 0 0 0 0 0 0 0 0 0 0 0 0 0 0 0 0 0 0 0 2 5 0 2 0 0 0 0 0 0 0 0 0 0 0 0 0 3 0 0 0 0 0 0 0 0
1 0 0 0 0 0 0 0 0 0 0 0 0 0 0 0 0 0 0 0 0 0 0 0 0 0 0 0 0 0 0 0 0 1 0 1 0 0 0 1 0 0 0 1 0 0 0 0 1 1 1 1 1 0 0 0 0 0 1 1 0 0 2 4 14 23 28 9 6 5 1 0 0 0 0 0 0 0 1 1 1 1 0 0 0 0 0 0 0 0 0 0 0 0 0 0 0 0 0 0 0 0 0 1 1 1 1 2 1 1 0 0 1 1 3 4 4 4 4 4 3 3 4 3 3 3 3 3 5 4 4 4 4 2 3 2 0 0 1 1 2 0 0 0 0 1 1 0 1 3 4 3 3 3 4 7 7 6 10 15 20 19 37 53 46 42 47 85 151 208 252 253 237 174 127 79 39 20 14 10 7 5 4 3 2 2 0 1 1 2 0 0 1 1 0 0 0 0 0 0 0 0 2 0 0 0 0 3 2 6 7 2 2 0 0 0 0 0 0 0 0 0 0 0 0 0 0 0 2 0 0 0 0 3 0 0 2 0 4 3 7 8 15 38 115 235 255 255 254 210 113 35 18 18 11 3 2 2 2 2 1 0 0 0 0 0 0 0 1 2 2 4 9 9 5 2 2 0 1 1 2 2 4 7 28 113 208 172 37 4 3 0 3 2 0 0 0 0 0 6 0 2 1 0 0 0 0 0 2 3 4 3 5 4 12 54 190 245 182 35 11 7 8 7 6 3 2 3 3 2 2 0 0 2 0 2 2 0 0 0 0 0 0 1 2 2 1 0 0 0 2 2 2 1 0 2 0 2 3 3 0 0 0 0 0 0 0 1 1 0 0 0 0 0 0 0 0 1 2 3 5 4 9 28 65 210 255 240 102 24 6 3 3 3 8 2 2 3 6 4 0 0 0 0 0 0 0 0 0 0 0 0 0 0 0 0 0 0 0 0 0 0 0 0 0 0 0 0 0 0 0 0 0 0 0 0 0 0 0 0 0 0 0 0 0 0 0 0 0 0 0 0 0 0 0 0 0 0 0 0 0 0 0 0 0 0 0 0 0 0 0 0 0 0 0 0 0 0 0 0 0 0 0 0 0 0 2 4 2 2 0 0 0 0 0 0 0 0 0 0 0 0 0 3 0 0 0 0 0 0 0 0
0 0 0 0 0 0 0 0 0 0 0 0 0 0 0 0 0 0 0 0 0 0 0 0 0 0 0 0 0 0 0 0 0 1 0 2 0 1 0 1 0 0 0 0 2 1 1 1 1 0 0 0 0 0 0 0 1 1 1 0 1 2 4 15 23 28 9 6 5 3 2 0 0 0 0 1 1 1 1 0 0 0 0 0 0 0 0 0 0 0 0 0 0 0 0 0 0 0 0 1 1 1 1 0 1 1 2 0 1 2 2 4 4 4 4 3 3 3 2 2 3 3 3 4 4 4 4 3 2 1 1 1 1 0 1 0 0 0 0 1 1 0 1 1 2 1 1 1 2 0 1 3 4 5 10 8 10 17 25 28 23 29 45 67 76 101 137 173 237 253 252 214 148 103 52 23 14 13 7 5 4 3 3 2 2 0 0 2 2 0 0 1 1 0 0 0 0 0 0 0 0 0 1 1 0 0 0 3 2 5 7 2 1 0 0 0 0 1 0 0 0 0 0 0 0 0 0 2 0 0 0 0 2 2 0 0 3 4 4 7 6 15 42 119 235 255 255 254 207 106 32 18 16 8 10 3 2 3 2 1 0 0 0 0 0 0 0 0 2 3 6 5 7 7 9 8 6 2 2 0 2 2 7 11 46 158 212 124 13 4 2 2 2 0 2 1 0 0 2 5 0 0 1 2 1 0 0 0 0 2 3 2 4 4 8 29 136 241 224 75 13 7 7 6 7 7 7 7 5 4 5 4 4 3 4 3 2 2 1 0 0 0 0 0 0 0 0 0 0 0 0 0 0 0 0 2 0 3 2 2 0 0 0 0 0 0 0 2 0 0 0 0 0 0 0 0 0 0 2 3 4 6 9 23 53 190 255 251 116 24 5 4 3 4 7 3 2 3 6 4 0 0 0 0 0 0 0 0 0 0 0 0 0 0 0 0 0 0 0 0 0 0 0 0 0 0 0 0 0 0 0 0 0 0 0 0 0 0 0 0 0 0 0 0 0 0 0 0 0 0 0 0 0 0 0 0 0 0 0 0 0 0 0 0 0 0 0 0 0 0 0 0 0 0 0 0 0 0 0 0 0 0 0 0 0 0 2 4 2 2 0 0 0 0 0 0 0 0 0 0 0 0 0 3 0 0 0 0 0 0 3 0
0 0 0 0 0 0 0 0 0 0 0 0 0 0 0 0 0 0 0 0 0 0 0 0 0 0 0 0 0 0 0 0 0 1 0 2 1 1 1 1 0 0 0 1 1 0 0 0 0 0 0 0 0 0 1 1 1 0 0 1 3 7 16 23 29 9 5 3 3 3 2 1 1 1 1 0 0 0 0 0 0 0 0 0 0 0 0 0 0 0 0 0 0 0 0 0 0 1 1 1 0 1 1 2 2 2 3 4 3 4 4 3 3 3 3 3 4 4 4 4 4 3 3 2 1 1 2 1 2 2 0 0 1 1 1 0 0 1 1 1 1 2 2 1 0 0 1 2 1 2 3 5 9 11 13 18 21 19 20 17 33 53 79 115 155 173 218 252 253 249 195 134 72 34 13 13 9 5 4 3 3 1 0 1 1 0 0 2 0 0 1 1 0 0 0 0 0 0 0 0 0 0 0 2 0 0 0 2 2 5 7 2 0 0 0 0 0 2 0 0 0 0 0 0 0 0 1 1 0 0 0 2 0 2 0 2 4 5 6 6 16 41 123 237 255 255 254 203 112 29 17 13 6 8 9 3 3 2 1 0 0 0 0 0 0 0 0 2 2 2 2 5 7 6 5 7 9 9 6 5 5 5 9 22 77 196 197 55 7 4 1 2 0 0 0 1 2 0 2 5 0 0 0 0 1 2 1 0 0 2 0 2 2 3 5 18 85 221 244 128 23 5 3 2 1 4 5 5 7 6 4 4 3 3 3 3 3 3 3 4 1 0 0 0 0 0 0 0 0 0 0 0 0 0 0 2 2 3 2 2 0 0 0 0 0 0 2 0 0 0 0 0 0 0 0 0 0 1 1 2 4 4 12 21 47 171 255 255 137 23 6 4 3 4 6 3 2 3 6 4 0 0 0 0 0 0 0 0 0 0 0 0 0 0 0 0 0 0 0 0 0 0 0 0 0 0 0 0 0 0 0 0 0 0 0 0 0 0 0 0 0 0 0 0 0 0 0 0 0 0 0 0 0 0 0 0 0 0 0 0 0 0 0 0 0 0 0 0 0 0 0 0 0 0 0 0 0 0 0 0 0 0 0 0 0 0 2 4 2 2 0 0 0 0 0 0 0 0 0 0 0 0 0 0 3 0 0 0 0 0 3 0
0 0 0 0 0 0 0 0 0 0 0 0 0 0 0 0 0 0 0 0 0 0 0 0 0 0 0 0 0 0 0 0 0 0 2 2 2 2 3 0 0 0 0 1 0 0 0 0 0 0 1 1 1 1 1 0 0 0 2 5 9 18 28 27 8 5 4 3 2 4 3 0 0 0 0 0 0 0 0 0 0 0 0 0 0 0 0 0 0 0 0 0 0 0 1 1 2 1 1 1 3 3 3 3 4 4 4 4 4 3 3 3 4 4 4 3 2 2 3 2 2 2 1 2 2 1 1 1 1 1 2 0 1 2 2 1 2 3 1 1 1 0 2 2 2 3 3 3 5 6 9 12 11 16 20 21 18 26 41 65 82 113 158 196 232 250 253 253 240 170 111 49 23 10 11 6 4 4 3 2 0 0 0 2 0 0 2 2 0 2 1 0 0 0 0 0 0 0 0 0 0 0 0 2 0 0 0 2 2 4 7 2 0 0 0 0 0 2 0 0 0 0 0 0 0 1 1 0 0 0 2 0 0 2 3 4 5 5 7 15 40 129 238 255 255 254 201 114 26 18 12 4 6 7 8 6 3 1 0 0 0 0 0 0 0 0 0 2 3 3 2 4 3 4 6 6 5 11 13 12 8 9 11 41 132 207 150 26 4 2 0 2 0 0 0 0 0 2 2 5 0 0 0 0 0 0 1 2 2 2 1 2 2 4 2 11 46 179 245 186 39 9 2 4 2 2 1 0 2 4 4 3 2 2 2 2 2 2 2 2 4 3 2 2 1 0 0 0 0 0 0 0 0 1 2 2 4 2 2 0 0 0 0 0 0 0 2 0 0 0 0 0 0 0 0 0 0 2 0 2 4 4 11 22 40 161 252 255 155 25 8 4 3 4 7 2 2 3 6 4 0 0 0 0 0 0 0 0 0 0 0 0 0 0 0 0 0 0 0 0 0 0 0 0 0 0 0 0 0 0 0 0 0 0 0 0 0 0 0 0 0 0 0 0 0 0 0 0 0 0 0 0 0 0 0 0 0 0 0 0 0 0 0 0 0 0 0 0 0 0 0 0 0 0 0 0 0 0 0 0 0 0 0 0 0 0 3 4 1 2 0 0 0 0 0 0 0 0 0 0 0 0 0 0 3 0 0 0 0 2 2 0
0 0 0 0 0 0 0 0 0 0 0 0 0 0 0 0 0 0 0 0 0 0 0 0 0 0 0 0 0 0 0 0 0 0 2 1 4 3 2 1 0 0 1 1 0 0 0 1 1 1 1 0 0 0 0 0 1 4 6 13 21 29 25 8 6 4 2 0 0 1 3 0 0 0 0 0 0 0 0 0 0 0 0 0 0 0 0 0 0 0 1 2 2 2 1 2 3 3 3 4 4 5 4 3 2 2 3 4 4 3 3 3 2 2 2 3 3 2 1 1 0 0 1 1 1 1 1 0 1 1 2 3 3 3 3 2 1 3 3 4 3 4 3 4 5 6 7 7 7 11 12 11 20 22 32 41 61 84 106 139 171 211 241 253 255 253 249 210 136 77 37 17 8 9 5 5 2 3 2 0 0 0 1 0 0 2 0 2 2 0 0 0 0 0 0 0 0 0 0 0 0 0 0 0 2 0 0 2 2 4 8 2 0 0 0 0 0 2 1 0 0 0 0 0 0 2 0 0 0 2 0 0 3 2 4 3 6 8 15 42 138 241 255 255 254 203 112 28 19 11 6 3 6 6 9 5 1 0 0 0 0 0 0 0 0 0 2 1 2 2 2 4 3 3 5 5 7 6 7 10 15 20 27 81 175 203 83 11 3 2 1 1 0 0 0 0 0 2 2 5 0 0 0 0 0 0 0 2 3 2 2 0 1 2 3 5 27 128 236 230 86 13 4 3 0 0 1 2 2 2 4 3 3 2 1 0 2 2 2 2 2 1 2 2 2 2 2 2 2 2 0 0 0 3 2 3 3 2 0 0 0 0 0 0 0 1 1 0 0 0 0 0 0 0 0 0 0 2 0 2 3 4 10 24 40 149 248 255 168 27 7 4 3 4 7 2 2 3 6 4 0 0 0 0 0 0 0 0 0 0 0 0 0 0 0 0 0 0 0 0 0 0 0 0 0 0 0 0 0 0 0 0 0 0 0 0 0 0 0 0 0 0 0 0 0 0 0 0 0 0 0 0 0 0 0 0 0 0 0 0 0 0 0 0 0 0 0 0 0 0 0 0 0 0 0 0 0 0 0 0 0 0 0 0 0 0 3 4 0 2 0 0 0 0 0 0 0 0 0 0 2 3 3 3 0 3 0 0 0 3 0 0
0 0 0 0 0 0 0 0 0 0 0 0 0 0 0 0 0 0 0 0 0 0 0 0 0 0 0 0 0 0 0 0 0 0 2 3 4 3 3 1 0 0 2 1 1 1 1 1 0 0 0 0 0 0 1 3 5 11 24 26 29 22 6 4 3 1 0 0 0 1 1 2 0 0 0 0 1 1 1 1 0 0 0 0 0 0 0 0 1 2 2 2 3 3 4 5 4 5 5 4 4 3 3 4 4 4 3 2 1 2 2 3 3 3 2 1 0 0 0 0 1 2 1 1 1 1 2 2 3 3 2 4 4 5 6 4 6 4 3 2 2 4 5 5 7 7 9 10 12 16 29 44 45 61 80 104 135 166 205 237 252 253 255 253 246 210 146 94 48 24 11 7 7 4 3 3 3 0 0 0 0 1 0 0 2 0 0 2 0 0 0 0 0 0 0 0 0 0 0 0 0 0 0 0 2 0 0 2 2 4 7 3 0 0 0 0 0 2 2 0 0 0 0 0 2 0 0 0 2 0 0 2 3 4 3 8 9 16 49 143 244 255 255 253 198 104 30 17 12 7 4 2 5 6 8 5 2 0 0 0 0 0 0 0 1 2 0 0 0 0 2 3 4 2 2 2 3 3 7 8 11 16 54 137 204 144 36 5 3 2 2 0 0 0 0 0 0 1 3 4 2 1 0 0 2 2 2 1 2 0 1 2 1 2 3 4 17 70 210 245 144 28 5 3 0 0 0 0 0 0 1 4 3 3 2 1 0 2 0 2 2 3 3 2 2 2 2 2 2 2 2 2 2 2 3 2 2 0 0 0 0 0 0 0 0 2 0 0 0 0 0 0 0 0 0 0 1 1 0 2 4 2 10 22 41 145 245 255 179 26 7 5 3 5 6 2 2 3 6 4 0 0 0 0 0 0 0 0 0 0 0 0 0 0 0 0 0 0 0 0 0 0 0 0 0 0 0 0 0 0 0 0 0 0 0 0 0 0 0 0 0 0 0 0 0 0 0 0 0 0 0 0 0 0 0 0 0 0 0 0 0 0 0 0 0 0 0 0 0 0 0 0 0 0 0 0 0 0 0 0 0 0 0 0 0 0 3 4 0 2 0 0 0 0 0 0 0 0 0 2 2 0 0 0 3 3 4 0 0 3 0 0
0 0 0 0 0 0 0 0 0 0 0 0 0 0 0 0 0 0 0 0 0 0 1 1 1 0 0 0 0 0 0 0 0 0 1 4 5 4 3 1 1 2 1 0 0 0 0 0 0 0 0 0 1 4 8 12 22 27 28 29 17 4 4 3 1 0 0 0 0 0 1 2 2 2 1 1 0 0 0 1 0 0 0 0 1 1 3 3 3 3 5 4 5 4 4 4 3 3 3 2 1 3 3 3 2 2 1 3 3 2 2 1 0 0 0 0 0 0 0 3 4 5 4 4 5 5 6 8 10 10 8 5 7 6 5 4 5 3 4 6 8 10 10 12 13 15 18 28 47 52 57 79 112 139 172 204 237 250 253 255 255 252 237 196 136 94 55 25 10 8 5 5 3 3 4 1 0 0 0 0 0 1 0 1 0 0 2 2 0 0 0 0 0 0 0 0 0 0 0 0 0 0 0 0 0 2 0 2 2 6 6 3 0 0 0 0 0 2 0 2 0 0 0 1 1 0 0 1 1 0 2 2 4 3 8 8 17 53 145 246 255 255 253 194 97 32 18 10 7 5 2 3 6 4 6 7 2 0 0 0 0 0 0 2 1 0 0 0 0 0 0 2 2 3 2 2 2 2 4 5 13 27 98 185 177 74 13 4 2 1 2 0 0 1 0 0 0 0 3 3 2 2 2 2 0 2 0 1 1 0 0 0 1 2 3 4 8 40 162 244 207 53 14 5 2 0 0 0 0 0 0 1 3 4 5 2 2 2 0 0 0 0 0 2 2 3 3 2 2 0 2 2 2 3 2 2 2 0 0 0 0 0 0 0 0 2 0 0 0 0 0 0 0 0 0 0 2 0 0 2 4 3 10 19 45 143 245 255 182 28 6 5 4 5 6 2 2 3 6 4 0 0 0 0 0 0 0 0 0 0 0 0 0 0 0 0 0 0 0 0 0 0 0 0 0 0 0 0 0 0 0 0 0 0 0 0 0 0 0 0 0 0 0 0 0 0 0 0 0 0 0 0 0 0 0 0 0 0 0 0 0 0 0 0 0 0 0 0 0 0 0 0 0 0 0 0 0 0 0 0 0 0 0 0 0 0 3 4 0 2 0 0 0 0 0 0 0 0 0 3 0 0 0 0 0 0 3 2 0 3 0 0
0 0 0 0 0 0 0 0 0 0 0 1 2 2 2 1 1 1 1 1 1 1 0 0 0 0 0 0 2 2 2 1 0 0 1 4 6 5 1 0 0 1 0 0 0 0 0 0 1 2 3 4 8 12 20 27 33 30 19 8 4 4 3 0 0 0 0 0 0 0 0 1 0 1 1 0 0 0 0 1 0 2 2 3 4 5 5 5 5 4 3 3 3 3 2 3 3 3 4 3 3 2 2 2 2 2 2 0 0 0 0 0 0 0 0 0 0 1 1 4 15 15 12 13 17 24 27 28 29 30 26 17 5 6 3 4 8 10 10 12 15 14 16 24 34 41 59 71 82 116 153 175 210 237 252 253 255 253 253 244 206 165 124 77 48 23 12 9 7 4 5 3 4 3 0 0 0 0 0 0 1 1 1 0 1 2 0 2 0 0 0 0 0 0 0 0 0 0 0 0 0 0 0 0 0 2 0 2 2 8 5 2 0 0 0 0 0 2 0 2 0 0 0 2 0 0 1 1 0 2 2 3 4 6 9 17 50 153 246 255 255 253 183 89 34 16 9 6 4 3 3 2 4 3 6 7 2 0 0 0 0 1 2 0 0 0 0 0 0 0 0 1 2 1 2 2 1 3 5 7 18 60 161 186 117 28 5 1 2 0 2 0 1 1 0 0 0 1 4 4 2 0 0 2 1 2 0 2 0 0 0 0 0 0 4 2 7 24 99 227 238 116 22 4 3 2 2 2 1 0 0 0 0 2 3 5 5 0 2 1 0 0 0 0 0 0 1 2 3 2 2 2 3 2 2 0 2 0 0 0 0 0 0 0 0 0 2 0 0 0 0 0 0 0 0 0 2 0 0 2 4 4 9 20 43 143 248 255 180 32 5 6 4 4 6 2 2 3 6 5 0 0 0 0 0 0 0 0 0 0 0 0 0 0 0 0 0 0 0 0 0 0 0 0 0 0 0 0 0 0 0 0 0 0 0 0 0 0 0 0 0 0 0 0 0 0 0 0 0 0 0 0 0 0 0 0 0 0 0 0 0 0 0 0 0 0 0 0 0 0 0 0 0 0 0 0 0 0 0 0 0 0 0 0 0 2 2 4 0 2 0 0 0 0 0 0 0 0 3 0 0 0 0 0 0 0 0 0 0 3 0 0
0 1 2 2 2 2 2 2 2 2 2 1 0 0 0 0 0 0 0 0 0 0 0 0 0 0 0 0 0 1 2 2 3 3 3 6 6 4 1 0 1 0 0 0 1 1 2 3 3 4 9 16 23 28 33 30 18 9 5 4 3 1 0 0 0 0 0 0 0 0 0 0 1 0 1 2 1 1 1 3 4 5 5 5 4 4 3 3 3 2 4 4 4 4 4 3 2 2 0 1 1 2 2 1 1 0 0 0 0 0 0 0 0 0 0 0 1 1 3 7 18 20 26 27 28 26 26 25 24 26 37 40 14 12 15 15 14 16 17 17 26 38 47 61 69 93 119 153 190 216 244 252 253 255 253 253 246 214 170 137 97 55 29 14 10 10 6 2 3 4 4 4 1 0 0 0 0 0 0 1 1 1 0 1 1 0 0 2 0 0 0 0 0 0 0 0 0 0 0 0 0 0 0 0 0 1 1 2 2 8 5 2 0 0 0 0 0 2 0 0 2 0 2 0 0 0 2 0 2 2 3 5 6 8 16 57 157 246 255 255 252 177 86 40 13 11 10 4 4 2 2 2 2 2 7 7 2 0 0 0 2 1 0 0 0 0 0 0 0 0 0 0 0 1 1 1 2 5 6 15 38 137 191 143 40 10 4 2 2 2 0 0 2 0 2 2 2 1 3 3 1 0 0 0 2 2 1 1 0 0 0 0 0 0 2 2 5 13 47 189 245 179 38 8 4 0 0 0 1 2 2 2 0 0 2 2 3 6 4 2 2 0 0 0 0 0 0 0 2 2 2 2 4 0 2 2 0 0 0 0 0 0 0 0 0 0 2 0 0 0 0 0 0 0 0 0 0 2 0 2 5 4 8 21 38 149 251 255 176 35 4 7 4 4 6 2 2 3 5 5 0 0 0 0 0 0 0 0 0 0 0 0 0 0 0 0 0 0 0 0 0 0 0 0 0 0 0 0 0 0 0 0 0 0 0 0 0 0 0 0 0 0 0 0 0 0 0 0 0 0 0 0 0 0 0 0 0 0 0 0 0 0 0 0 0 0 0 0 0 0 0 0 0 0 0 0 0 0 0 0 0 0 0 0 0 3 0 4 0 2 0 0 0 0 0 0 0 0 3 0 0 0 0 0 0 0 0 0 0 3 0 0
2 1 0 0 0 0 0 0 0 0 0 0 0 0 0 0 0 0 0 0 0 0 0 0 0 0 0 1 2 3 3 3 1 1 2 4 7 6 3 1 2 2 2 2 2 4 4 6 12 20 28 31 34 28 15 9 5 3 1 2 1 0 0 0 0 0 1 1 1 1 1 1 2 1 1 2 3 4 5 6 4 3 3 3 2 2 4 5 5 4 3 2 1 1 1 1 2 2 2 1 1 0 0 0 0 0 0 0 0 0 0 0 0 0 1 2 2 2 1 7 14 19 17 15 10 7 5 7 6 7 14 52 47 16 14 17 18 29 47 60 62 74 99 126 160 200 227 246 253 255 255 253 252 244 214 173 135 106 62 28 15 9 11 10 5 1 3 5 5 4 3 0 0 0 0 0 0 0 1 0 1 0 1 1 0 0 0 2 0 0 0 0 0 0 0 0 0 0 0 0 0 0 0 0 0 0 2 2 2 7 5 2 0 0 0 0 0 2 0 0 1 2 0 0 0 2 0 2 2 4 4 5 10 16 60 156 245 255 255 252 175 86 37 13 9 7 4 3 1 2 2 1 0 2 7 7 2 0 1 2 0 0 0 0 0 0 0 0 0 0 0 0 0 2 0 2 4 5 11 35 117 183 164 64 14 4 3 2 1 2 1 2 2 2 0 0 0 0 2 3 0 0 0 0 2 0 2 1 0 0 0 0 0 0 0 3 1 10 26 134 235 226 82 18 5 0 0 0 0 0 0 0 2 2 2 1 2 3 4 5 4 2 2 0 0 0 0 0 0 2 0 1 4 1 1 2 0 0 0 0 0 0 0 0 0 0 2 0 0 0 0 0 0 0 0 0 0 2 0 3 5 4 9 24 35 160 252 255 165 38 5 6 4 4 6 2 2 3 5 5 0 0 0 0 0 0 0 0 0 0 0 0 0 0 0 0 0 0 0 0 0 0 0 0 0 0 0 0 0 0 0 0 0 0 0 0 0 0 0 0 0 0 0 0 0 0 0 0 0 0 0 0 0 0 0 0 0 0 0 0 0 0 0 0 0 0 0 0 0 0 0 0 0 0 0 0 0 0 0 0 0 0 0 0 0 3 0 4 1 2 0 0 0 0 0 0 0 2 2 0 0 0 0 0 0 0 0 0 0 2 2 0
0 0 0 0 0 0 0 0 0 0 0 0 0 0 0 0 1 1 1 1 1 1 1 1 2 2 1 0 0 1 2 2 2 2 3 3 7 7 5 6 4 3 4 5 5 9 18 26 30 34 33 26 14 7 5 2 0 2 2 0 0 0 1 1 1 1 1 0 0 0 0 1 4 4 4 5 5 4 3 3 3 4 5 5 5 4 2 0 0 1 1 1 2 3 3 1 1 0 0 0 0 0 0 0 0 0 0 0 0 0 0 0 0 2 3 2 2 4 4 4 5 3 4 4 5 5 7 10 12 15 16 37 58 33 37 53 66 71 83 109 139 175 210 237 252 253 255 255 253 250 237 202 165 133 101 67 40 20 11 10 9 6 3 3 3 5 5 4 3 1 0 0 0 0 0 0 0 1 0 1 1 1 0 0 0 0 0 2 0 0 0 0 0 0 0 0 0 0 0 0 0 0 0 0 0 0 1 2 2 8 5 2 0 0 0 0 0 2 0 0 1 1 0 0 2 0 2 3 4 4 6 9 13 64 155 246 255 255 251 173 83 35 14 8 7 4 2 2 1 3 0 0 0 2 6 8 3 2 1 0 0 0 0 0 0 0 0 0 0 0 0 0 2 0 0 3 6 10 32 93 173 175 83 19 5 2 2 2 2 2 2 0 0 0 0 0 0 0 0 1 0 0 0 1 1 0 2 1 2 1 0 0 0 0 0 2 1 7 19 71 214 242 147 24 8 0 0 0 0 0 0 0 0 0 0 2 2 2 3 2 3 4 3 2 2 2 0 0 0 1 1 0 4 2 0 2 0 0 0 0 0 0 0 0 0 0 1 1 0 0 0 0 0 0 0 0 0 0 2 2 5 4 9 23 39 165 254 255 149 40 6 5 4 4 6 2 2 3 5 5 0 0 0 0 0 0 0 0 0 0 0 0 0 0 0 0 0 0 0 0 0 0 0 0 0 0 0 0 0 0 0 0 0 0 0 0 0 0 0 0 0 0 0 0 0 0 0 0 0 0 0 0 0 0 0 0 0 0 0 0 0 0 0 0 0 0 0 0 0 0 0 0 0 0 0 0 0 0 0 0 0 0 0 0 0 3 0 4 2 1 1 0 0 0 0 0 0 3 0 0 0 0 0 0 0 0 0 0 0 0 3 0
0 0 0 0 0 2 1 1 1 1 1 1 1 1 1 1 1 0 0 0 0 0 0 0 1 0 0 0 0 0 1 2 2 1 2 3 4 8 8 6 5 7 10 13 25 30 31 30 29 18 9 5 3 1 0 2 2 1 1 1 1 1 0 0 0 0 0 1 4 4 4 5 4 4 3 2 3 4 5 5 5 5 3 2 2 2 2 2 2 2 1 1 1 0 1 1 0 0 0 0 0 0 0 0 0 0 0 0 0 1 1 2 3 3 1 4 4 2 2 0 2 3 4 5 10 14 15 15 18 18 25 46 101 103 85 101 119 158 196 223 244 252 253 255 255 253 249 228 188 149 121 98 63 38 20 10 8 8 7 4 3 2 4 5 5 3 3 3 0 0 0 0 0 0 0 0 1 1 2 1 1 0 0 0 0 0 0 2 0 0 0 0 0 0 0 0 0 0 0 0 0 0 0 0 0 2 0 2 2 6 7 3 1 0 0 0 0 2 0 0 2 0 0 1 1 3 3 3 4 6 8 15 63 150 247 255 255 251 174 85 31 15 9 5 5 2 2 0 2 2 0 0 0 2 4 9 4 0 0 0 0 0 0 0 0 0 0 0 0 0 0 1 1 0 3 5 11 27 78 166 172 114 27 8 3 4 2 3 0 1 1 0 0 0 0 0 0 0 0 0 0 0 0 2 0 2 0 0 0 1 2 0 0 2 2 3 2 3 14 37 167 244 202 51 14 3 1 0 0 2 2 0 0 0 0 0 0 0 1 2 3 3 3 4 3 3 2 2 1 0 2 0 4 2 0 2 0 0 0 0 0 0 0 0 0 0 0 1 1 0 0 0 0 0 0 0 0 0 0 3 5 5 8 21 51 172 255 255 140 34 8 5 3 4 6 2 2 3 5 5 0 0 0 0 0 0 0 0 0 0 0 0 0 0 0 0 0 0 0 0 0 0 0 0 0 0 0 0 0 0 0 0 0 0 0 0 0 0 0 0 0 0 0 0 0 0 0 0 0 0 0 0 0 0 0 0 0 0 0 0 0 0 0 0 0 0 0 0 0 0 0 0 0 0 0 0 0 0 0 0 0 0 0 0 0 3 0 4 2 0 2 0 0 0 0 0 0 3 0 0 0 0 0 0 0 0 0 0 0 0 3 0
0 1 2 2 1 0 0 0 0 0 0 0 0 0 0 0 0 0 0 0 0 0 1 1 0 0 0 1 1 1 2 1 2 3 5 7 8 9 11 16 21 26 28 36 30 27 20 14 6 3 2 0 0 2 3 1 1 1 0 0 0 0 0 1 3 4 4 5 4 4 3 3 3 5 4 6 5 4 3 2 2 1 1 1 1 0 0 0 0 0 0 0 0 0 0 0 0 0 0 0 0 0 0 0 1 1 2 2 2 2 3 4 3 3 4 1 1 2 2 4 7 10 14 13 14 14 20 22 27 48 69 85 116 158 184 211 240 250 253 255 255 253 252 244 214 172 136 108 77 48 33 27 18 9 9 7 5 4 3 4 4 4 3 3 4 3 1 0 0 0 0 0 0 0 0 1 1 2 1 0 0 0 0 0 0 0 0 2 0 0 0 0 0 0 0 0 0 0 0 0 0 0 1 2 2 0 2 2 2 5 8 3 2 0 0 0 0 2 0 2 0 0 0 2 3 2 3 4 6 7 17 58 152 249 255 255 250 173 82 32 15 11 5 4 2 2 0 2 2 0 0 0 0 0 4 11 3 0 0 0 0 0 0 0 0 0 0 0 1 2 2 2 2 3 5 13 25 71 161 177 131 32 11 3 2 2 2 2 0 2 0 0 0 0 0 0 1 2 1 0 0 0 0 2 0 2 0 1 2 2 2 2 2 0 0 2 2 1 8 25 120 227 235 106 22 4 1 2 2 0 0 2 0 0 0 0 0 0 0 0 0 2 2 3 3 3 3 3 4 3 4 2 4 2 0 2 0 0 0 0 0 0 0 0 0 0 0 0 2 0 0 0 0 0 0 0 0 0 0 3 3 5 10 23 60 179 255 252 134 29 8 6 3 4 6 3 3 2 5 5 0 0 0 0 0 0 0 0 0 0 0 0 0 0 0 0 0 0 0 0 0 0 0 0 0 0 0 0 0 0 0 0 0 0 0 0 0 0 0 0 0 0 0 0 0 0 0 0 0 0 0 0 0 0 0 0 0 0 0 0 0 0 0 0 0 0 0 0 0 0 0 0 0 0 0 0 0 0 0 0 0 0 0 0 0 2 3 4 0 2 2 0 0 0 0 0 4 0 0 0 0 0 0 0 0 0 0 0 0 0 3 0
2 1 0 0 0 0 0 0 0 0 0 0 0 0 0 0 0 0 0 0 0 1 1 1 1 1 1 1 1 1 3 5 7 7 5 5 9 15 21 26 29 29 28 19 14 8 5 2 1 1 1 3 3 1 0 0 0 0 1 2 4 5 5 5 4 3 4 3 3 4 5 5 5 4 4 1 0 1 1 1 1 0 1 1 1 1 1 1 1 1 1 1 1 1 1 1 1 1 1 1 1 1 2 2 2 1 0 0 2 3 3 3 4 2 1 2 3 7 11 13 12 11 15 22 26 31 40 61 86 112 137 172 213 244 252 253 255 253 253 249 237 201 160 124 92 59 38 24 14 13 17 18 11 8 4 3 4 4 3 2 3 3 4 3 2 0 0 0 0 0 0 0 0 0 1 0 2 0 0 0 0 0 0 0 0 0 0 2 0 0 0 0 0 0 0 0 0 0 0 0 0 0 2 0 0 0 0 0 4 5 8 3 2 0 0 0 0 2 2 0 0 0 3 2 2 3 3 4 7 17 50 157 246 255 255 250 171 79 34 12 9 5 3 2 2 2 2 2 0 2 2 1 1 2 2 10 5 0 0 0 0 0 0 0 0 0 2 2 1 0 2 0 2 5 12 26 70 156 180 135 40 14 4 2 1 3 1 2 2 0 0 0 0 0 0 0 0 0 1 2 1 0 2 2 2 2 2 1 0 0 0 0 1 2 0 1 3 2 5 20 61 192 246 162 36 6 2 0 0 0 0 1 0 0 0 0 0 0 0 0 0 0 0 1 2 2 3 3 2 2 2 4 4 2 0 2 0 0 0 0 0 0 0 0 0 0 0 0 0 2 0 0 0 0 0 0 0 0 0 2 4 4 7 23 65 187 255 251 126 28 6 6 3 3 7 3 3 2 5 5 0 0 0 0 0 0 0 0 0 0 0 0 0 0 0 0 0 0 0 0 0 0 0 0 0 0 0 0 0 0 0 0 0 0 0 0 0 0 0 0 0 0 0 0 0 0 0 0 0 0 0 0 0 0 0 0 0 0 0 0 0 0 0 0 0 0 0 0 0 0 0 0 0 0 0 0 0 0 0 0 0 0 0 0 0 2 3 4 1 2 1 3 2 2 0 2 3 0 0 0 0 0 0 0 0 0 0 0 0 0 3 0
0 0 0 0 0 0 0 0 0 0 0 0 0 0 0 0 0 0 0 1 2 1 1 1 0 1 2 3 3 5 6 10 10 13 17 23 25 26 27 21 16 12 8 4 3 2 1 1 1 2 2 0 1 1 1 2 4 5 4 5 3 3 3 4 3 4 5 5 5 4 3 1 0 1 2 1 2 1 1 1 1 1 0 0 0 0 0 0 0 0 0 0 0 0 0 0 0 0 1 1 1 1 0 0 1 1 2 3 3 3 3 1 2 4 5 12 13 14 15 18 25 31 33 44 66 93 123 158 193 223 244 252 253 253 253 250 244 218 182 141 116 86 50 29 20 14 9 8 10 12 18 7 7 4 3 3 2 3 2 2 4 4 2 0 0 0 0 0 0 0 0 0 0 1 1 2 0 0 0 0 0 0 0 0 0 0 0 2 0 0 0 0 0 0 0 0 0 0 0 0 0 0 2 0 0 0 0 0 4 4 7 6 2 0 0 0 0 2 0 0 2 3 0 0 3 4 4 7 17 50 156 246 255 255 250 174 80 33 11 8 4 3 2 2 2 2 2 0 0 0 1 3 3 2 2 9 5 2 0 0 0 0 0 2 2 2 2 2 2 2 2 4 7 9 26 75 151 178 136 50 17 4 2 3 3 3 1 1 2 2 1 0 0 0 0 0 1 2 2 2 2 2 2 0 2 0 0 0 0 0 0 0 0 0 2 2 2 2 3 11 38 154 244 206 66 14 3 1 0 0 0 0 0 0 0 0 0 0 0 0 0 0 0 0 0 0 0 1 3 3 4 2 4 2 0 2 0 0 0 0 0 0 0 0 0 0 0 0 0 2 0 0 0 0 0 0 0 0 0 2 4 4 8 19 69 197 255 248 111 31 5 5 3 3 7 3 3 2 5 5 2 0 0 0 0 0 0 0 0 0 0 0 0 0 0 0 0 0 0 0 0 0 0 0 0 0 0 0 0 0 0 0 0 0 0 0 0 0 0 0 0 0 0 0 0 0 0 0 0 0 0 0 0 0 0 0 0 0 0 0 0 0 0 0 0 0 0 0 0 0 0 0 0 0 0 0 0 0 0 0 0 0 0 0 0 2 3 3 3 2 2 1 1 2 3 2 3 0 0 0 0 0 0 0 0 0 0 0 0 0 3 0
0 0 0 0 0 0 0 0 0 0 0 0 1 1 1 1 2 2 3 3 2 2 3 4 4 7 6 7 11 18 22 19 27 27 26 23 17 12 7 4 3 1 1 1 1 0 0 2 2 1 1 2 3 4 4 5 4 3 4 4 4 4 4 4 4 3 2 1 2 2 2 3 2 1 2 2 0 0 0 0 0 0 0 0 0 0 0 0 0 0 0 0 0 0 0 1 2 2 2 1 1 1 1 1 1 2 3 3 4 3 3 5 9 15 17 16 21 31 33 39 52 79 106 131 166 205 235 246 252 253 253 253 249 237 211 182 136 103 70 50 31 17 14 9 8 9 8 6 7 15 11 6 4 3 2 2 3 3 4 4 1 0 0 0 0 0 0 0 0 0 0 0 1 1 2 0 0 0 0 0 0 0 0 0 0 0 0 2 0 0 0 0 0 0 0 0 0 0 0 0 0 0 1 1 0 0 0 0 3 4 6 6 2 2 0 1 2 2 0 2 2 1 0 2 4 6 7 15 52 149 244 255 255 251 171 85 32 12 9 5 4 2 2 0 2 2 0 0 0 2 2 2 1 0 3 7 7 2 0 0 2 2 2 2 2 1 0 0 0 2 5 6 9 27 76 155 184 136 56 19 6 5 3 3 4 4 3 2 2 2 2 2 2 2 2 2 1 0 0 0 0 2 2 1 1 0 0 0 0 0 0 0 0 0 0 1 2 2 2 7 26 117 219 239 120 21 4 2 1 0 0 0 0 0 0 0 0 0 0 0 0 0 0 0 0 0 0 0 0 0 1 4 4 4 0 2 0 0 0 0 0 0 0 0 0 0 0 0 0 2 0 0 0 0 0 0 0 0 0 2 4 3 9 19 76 204 255 245 97 27 5 6 3 3 7 3 3 2 5 5 2 0 0 0 0 0 0 0 0 0 0 0 0 0 0 0 0 0 0 0 0 0 0 0 0 0 0 0 0 0 0 0 0 0 0 0 0 0 0 0 0 0 0 0 0 0 0 0 0 0 0 0 0 0 0 0 0 0 0 0 0 0 0 0 0 0 0 0 0 0 0 0 0 0 0 0 0 0 0 0 0 0 0 0 0 0 1 5 3 3 2 2 2 1 3 3 3 0 0 0 0 0 0 0 0 0 0 0 0 0 3 0
1 1 1 1 1 1 1 1 1 1 1 1 1 2 2 2 3 3 4 6 8 9 12 15 15 18 27 32 31 29 26 24 15 12 8 5 4 2 2 1 1 1 0 0 0 3 3 2 3 3 4 4 5 3 4 4 4 4 4 4 3 2 2 2 1 3 3 3 2 1 1 0 0 0 0 1 1 1 0 0 0 0 0 0 0 0 0 0 0 0 0 2 1 1 2 1 1 0 0 0 0 1 3 4 4 4 6 6 6 9 13 18 23 25 28 34 44 57 84 114 145 181 221 243 249 253 253 252 252 246 234 201 165 126 87 55 40 26 16 7 6 6 6 7 6 3 3 3 6 13 12 4 3 3 3 4 4 3 1 0 0 0 0 0 0 0 0 0 0 0 0 1 1 2 0 0 0 0 0 0 0 0 0 0 0 0 0 2 0 0 0 0 0 0 0 0 0 0 0 0 0 0 1 1 0 0 0 0 3 4 7 5 2 0 2 2 2 2 2 2 2 4 3 5 7 7 14 54 144 244 255 255 253 173 89 28 13 9 7 5 1 2 2 2 3 2 2 2 2 2 1 0 0 0 2 6 9 4 2 2 2 0 0 0 2 2 3 3 5 5 7 10 25 76 154 189 140 61 27 11 7 5 6 6 6 4 4 5 5 4 4 3 3 2 1 2 0 0 0 0 0 2 0 2 2 0 2 1 0 0 0 0 0 0 0 0 2 3 2 2 18 73 197 245 160 37 5 2 2 0 0 0 0 0 0 0 0 0 0 0 0 0 0 0 0 0 0 0 0 0 0 2 5 4 0 2 0 0 0 0 0 0 0 0 0 0 0 0 0 2 0 0 0 0 0 0 0 0 0 2 3 4 8 18 83 209 255 242 92 23 6 5 3 3 7 3 3 0 5 5 2 0 0 0 0 0 0 0 0 0 0 0 0 0 0 0 0 0 0 2 0 0 0 0 0 0 0 0 0 0 0 0 0 0 0 0 0 0 0 0 0 0 0 0 0 0 0 0 0 0 0 0 0 0 0 0 0 0 0 0 0 0 0 0 0 0 0 0 0 0 0 0 0 0 0 0 0 0 0 0 0 0 0 0 0 0 0 3 4 2 3 2 2 3 1 2 4 1 0 0 0 0 0 0 0 0 0 0 0 0 3 0
1 2 0 0 0 0 0 1 2 3 3 3 4 6 9 11 13 16 19 22 25 28 28 27 32 31 23 18 15 11 7 5 4 2 1 0 1 1 1 0 0 1 1 2 3 4 4 4 5 4 4 4 4 4 4 4 3 2 2 3 3 3 3 3 2 0 0 0 0 0 0 0 0 0 0 0 0 0 0 0 0 0 0 0 0 0 1 2 2 2 2 0 2 2 2 1 1 1 1 1 3 4 4 4 6 8 6 8 17 23 27 30 30 41 62 97 126 161 201 232 246 252 252 253 252 249 244 232 201 156 116 80 48 34 23 15 8 4 7 7 5 5 4 3 3 4 3 3 6 14 9 4 4 4 3 2 1 0 0 0 0 0 0 0 0 0 0 0 0 0 0 2 2 0 0 0 0 0 0 0 0 0 0 0 0 0 2 0 0 0 0 0 0 0 0 0 0 0 0 0 0 2 1 0 0 0 0 2 2 3 7 5 2 1 1 0 2 2 2 2 2 3 4 6 6 11 52 141 242 255 255 253 174 87 28 13 8 6 3 0 3 2 2 3 0 0 2 1 0 0 0 2 2 2 2 6 10 3 0 0 0 0 3 3 2 5 8 11 13 18 27 43 86 161 189 166 97 48 32 26 27 21 18 18 14 11 10 9 8 8 8 8 8 6 8 8 6 4 3 3 2 4 4 5 3 3 2 1 2 2 2 2 2 2 2 2 4 3 2 3 12 47 171 245 193 52 7 2 2 0 0 0 0 0 0 0 0 0 0 0 0 0 0 0 0 0 0 0 0 0 0 0 7 3 0 2 0 0 0 0 0 0 0 0 0 0 0 0 0 2 0 0 0 0 0 0 0 0 0 1 4 5 7 17 86 209 255 236 89 21 6 5 3 3 7 3 2 0 5 5 2 0 0 0 0 0 0 0 0 0 0 0 0 0 0 0 0 0 0 1 1 0 0 0 0 0 0 0 0 0 0 0 0 0 0 0 0 0 0 0 0 0 0 0 0 0 0 0 0 0 0 0 0 0 0 0 0 0 0 0 0 0 0 0 0 0 0 0 0 0 0 0 0 0 0 0 0 0 0 0 0 0 0 0 0 0 0 0 2 3 3 3 3 2 2 2 3 2 0 0 0 0 0 0 0 0 0 0 0 0 3 0
4 4 5 5 4 6 7 9 12 17 19 22 26 26 26 27 27 28 26 24 23 21 19 18 14 8 6 4 3 1 1 0 0 1 1 1 0 0 1 2 3 4 4 4 5 4 4 4 4 4 4 4 3 3 3 3 3 3 3 1 1 0 0 0 0 0 0 0 0 0 0 0 0 0 0 0 0 0 0 0 0 0 0 2 2 2 1 0 0 0 1 1 0 0 0 1 2 3 4 5 4 5 5 7 8 12 18 27 28 33 49 77 112 136 175 212 238 249 252 252 252 249 246 235 216 190 147 114 77 48 26 18 14 8 7 7 7 7 4 3 3 4 4 3 3 3 3 3 5 14 7 4 1 1 1 0 0 0 0 0 0 0 0 0 0 0 0 0 0 1 2 2 0 0 0 0 0 0 0 0 0 0 0 0 0 0 2 0 0 0 0 0 0 0 0 0 0 0 2 2 2 0 0 0 0 0 0 2 2 3 8 5 3 2 0 2 2 0 2 0 2 2 5 6 11 45 132 241 255 255 253 189 89 30 13 8 6 3 2 2 0 2 2 0 1 2 0 2 2 2 2 2 2 2 2 5 11 5 4 5 8 10 10 12 20 23 27 34 43 62 79 124 179 190 190 157 126 107 98 93 91 88 78 64 64 57 47 41 37 35 34 32 28 26 24 20 20 20 18 17 16 14 12 8 7 8 8 8 7 6 6 6 7 5 4 4 5 3 3 3 9 37 146 242 217 81 10 3 3 0 0 0 0 0 0 0 0 0 0 0 0 0 0 0 0 0 0 0 0 0 0 0 7 3 0 2 0 0 0 0 0 0 0 0 0 0 0 0 0 0 2 0 0 0 0 0 0 0 0 0 4 5 5 19 81 218 255 231 87 19 6 5 3 3 7 3 2 0 5 4 3 0 0 0 0 0 0 0 0 0 0 0 0 0 0 0 0 0 0 0 2 0 0 0 0 0 0 0 0 0 0 0 0 0 0 0 0 0 0 0 0 0 0 0 0 0 0 0 0 0 0 0 0 0 0 0 0 0 0 0 0 0 0 0 0 0 0 0 0 0 0 0 0 0 0 0 0 0 0 0 0 0 0 0 0 0 0 0 2 0 0 0 2 3 3 3 2 2 2 0 0 0 0 0 0 0 0 0 0 0 3 0
10 11 14 13 16 19 22 24 22 19 21 21 19 22 23 22 18 15 14 11 7 4 3 3 0 0 0 0 0 0 1 1 1 0 0 1 1 3 4 4 4 4 4 4 4 4 4 4 3 3 3 3 3 3 2 1 1 0 0 0 0 0 0 0 0 0 0 0 0 0 0 0 0 0 1 1 1 0 2 2 2 2 2 1 0 0 0 0 1 1 0 1 2 2 3 4 3 3 4 4 7 9 16 19 30 40 52 64 84 121 149 186 216 241 249 251 251 250 245 238 227 210 175 139 114 74 52 26 16 12 8 7 8 7 6 4 4 4 5 5 4 3 4 4 3 3 3 3 8 13 5 3 1 0 0 0 0 0 0 0 0 0 0 0 0 0 0 0 1 1 2 0 0 0 0 0 1 0 0 0 0 0 1 1 0 0 1 0 0 0 0 0 0 0 0 0 1 2 0 0 0 0 0 0 0 1 2 2 3 3 6 6 3 2 2 0 0 2 2 2 2 4 8 10 38 125 235 255 255 254 192 96 34 13 8 5 3 2 0 0 2 2 2 3 3 4 4 2 3 3 3 4 5 6 9 14 23 20 18 21 25 32 39 56 64 84 113 127 144 169 203 234 237 233 237 230 218 213 210 205 198 191 185 180 170 162 152 144 141 132 127 118 106 95 84 75 76 66 62 59 55 49 48 46 43 39 36 31 29 26 23 23 21 18 18 16 15 15 16 17 20 49 135 241 233 96 22 7 4 1 0 0 0 0 0 0 0 0 0 0 0 0 0 0 0 0 0 0 0 0 0 0 8 2 0 2 0 0 0 0 0 0 0 0 0 0 0 0 0 0 2 0 0 0 0 0 0 0 0 0 4 4 7 19 80 218 255 228 83 16 6 5 3 3 7 3 2 0 5 3 4 0 0 0 0 0 0 0 0 0 0 0 0 0 0 0 0 0 0 0 1 1 0 0 0 0 0 0 0 0 0 0 0 0 0 0 0 0 0 0 0 0 0 0 0 0 0 0 0 0 0 0 0 0 0 0 0 0 0 0 0 0 0 0 0 0 0 0 0 0 0 0 0 0 0 0 0 0 0 0 0 0 0 0 0 0 0 0 0 2 1 0 0 0 0 2 4 3 2 3 0 0 0 0 0 0 0 0 0 0 3 0
19 19 19 23 26 24 23 19 19 20 19 16 14 9 6 4 4 3 1 1 0 0 0 0 0 0 0 0 1 1 1 0 1 2 4 4 4 5 4 4 4 4 4 4 4 3 3 3 3 1 1 1 1 0 0 0 0 0 0 0 0 0 0 0 0 0 0 0 1 1 1 1 2 2 1 1 1 2 1 0 0 0 0 0 0 0 0 2 2 2 3 3 3 4 4 4 7 9 9 12 20 32 40 58 69 101 126 160 200 221 243 249 251 251 249 243 234 218 206 173 135 106 77 53 26 16 11 9 7 7 7 7 6 5 3 4 3 3 3 3 3 4 3 2 3 2 2 1 5 12 6 3 0 0 0 0 0 0 0 0 0 0 0 0 0 0 0 0 0 2 0 0 0 0 1 1 1 1 0 0 1 1 1 1 1 1 1 0 0 0 0 0 0 0 0 1 1 0 0 0 0 0 0 0 2 1 0 2 2 3 4 7 5 2 0 1 2 0 3 2 3 8 8 27 118 225 255 255 254 205 103 34 15 9 5 3 2 2 4 5 6 5 5 4 4 4 5 7 9 13 16 19 21 27 30 38 53 61 61 76 102 122 142 166 196 216 235 250 254 254 255 255 255 255 255 255 255 255 255 255 255 255 255 254 254 254 254 251 248 244 239 235 233 228 221 216 208 200 185 177 172 170 163 156 148 146 137 134 135 129 128 119 112 112 108 106 102 99 95 85 79 95 149 244 237 111 35 13 8 5 4 2 0 0 0 0 0 0 0 0 0 0 0 0 0 0 0 0 0 0 0 0 8 2 1 2 0 0 0 0 0 0 0 0 0 0 0 0 0 0 2 0 0 0 0 0 0 0 0 2 4 4 7 19 82 220 255 225 80 18 6 5 3 3 7 3 2 0 5 4 4 0 0 0 0 0 0 0 0 0 0 0 0 0 0 0 0 0 0 0 0 2 0 0 0 0 0 0 0 0 0 0 0 0 0 0 0 0 0 0 0 0 0 0 0 0 0 0 0 0 0 0 0 0 0 0 0 0 0 0 0 0 0 0 0 0 0 0 0 0 0 0 0 0 0 0 0 0 0 0 0 0 0 0 0 0 0 0 2 2 2 3 4 3 3 2 4 2 2 0 3 2 2 2 2 2 2 2 2 2 4 2
20 19 18 17 15 12 11 11 9 5 3 3 1 0 0 0 0 0 0 0 0 1 0 0 0 1 1 1 0 2 3 4 4 5 5 5 5 5 4 3 3 3 3 3 1 1 2 2 1 1 0 0 0 0 0 0 0 0 0 1 1 1 1 1 1 1 1 1 0 1 2 2 1 0 0 0 0 0 1 2 2 2 2 3 3 3 3 3 3 3 2 3 6 6 7 9 12 17 30 43 59 84 113 137 173 203 223 241 249 251 250 249 241 232 213 196 164 130 97 69 48 26 20 12 7 7 8 7 7 7 5 3 4 3 3 3 1 2 3 3 1 0 2 2 1 0 0 0 3 13 6 3 0 0 0 0 0 0 0 0 0 0 0 0 0 0 0 1 2 2 0 1 1 1 0 0 0 1 1 0 1 0 0 0 0 0 2 2 1 0 0 0 0 0 2 1 0 0 0 0 0 2 2 2 2 2 2 2 2 3 5 10 3 0 0 2 0 2 4 3 8 13 27 100 212 254 255 254 217 110 38 16 8 6 4 4 4 6 4 4 3 4 6 8 11 14 19 24 26 32 44 60 80 113 132 158 176 185 199 217 235 247 253 254 255 255 255 255 255 255 255 255 255 255 255 255 255 255 255 255 255 255 255 255 255 255 255 255 255 255 255 255 255 255 255 255 255 255 255 255 255 255 255 255 255 255 255 254 252 251 250 246 245 244 244 242 239 237 236 233 227 224 237 255 251 178 93 40 18 11 6 6 6 5 3 1 0 0 0 0 0 0 0 0 0 0 0 0 0 0 0 2 7 3 1 2 0 0 0 0 0 0 0 0 0 0 0 0 0 0 1 1 0 0 0 0 0 0 2 0 4 4 6 21 78 223 255 223 77 18 6 5 3 3 6 4 2 0 5 4 4 0 0 0 0 0 0 0 0 0 0 0 0 0 0 0 0 0 0 0 0 1 1 0 0 0 0 0 0 0 0 0 0 0 0 0 0 2 2 2 2 2 2 2 2 2 2 2 1 0 0 0 0 0 0 0 0 0 0 0 0 0 0 0 0 0 0 0 0 0 0 0 0 0 0 0 0 0 0 0 0 0 0 0 0 0 0 0 1 2 2 2 0 2 2 2 3 4 2 1 2 3 1 0 0 0 0 0 0 0 3 0
10 10 9 6 4 3 2 0 0 0 0 0 0 0 0 0 0 0 1 1 1 0 1 1 1 1 3 5 6 5 4 5 5 5 4 3 2 3 3 3 3 2 2 1 1 2 1 0 0 0 0 0 0 0 0 0 0 1 1 0 0 0 0 0 0 0 0 1 2 2 0 0 0 1 1 1 1 2 1 0 1 1 1 1 0 2 3 3 3 4 6 9 9 14 18 32 44 62 90 121 149 177 203 224 238 246 249 249 246 240 224 208 190 157 124 96 71 52 31 21 13 8 5 6 8 8 7 5 5 4 3 3 1 1 1 3 2 0 1 1 2 2 0 0 0 0 0 0 4 13 6 3 1 0 0 0 0 0 0 0 0 0 0 1 1 1 2 2 1 1 1 1 0 0 0 0 0 0 1 1 0 0 0 0 0 0 1 0 1 2 2 2 2 2 0 0 1 2 2 2 2 2 1 0 0 0 2 2 1 4 4 8 5 1 3 3 4 5 8 14 18 27 90 198 254 255 255 230 126 46 24 14 9 4 6 6 6 9 13 13 17 20 26 33 40 50 63 93 124 148 176 207 230 245 253 254 255 255 255 255 255 255 255 255 255 255 255 255 255 255 255 255 255 255 255 255 255 255 255 255 255 255 255 255 255 255 255 255 255 255 255 255 255 255 255 255 255 255 255 255 255 255 255 255 255 255 255 255 255 255 255 255 255 255 255 255 255 255 255 255 255 255 255 255 255 255 217 151 91 48 24 9 6 5 5 6 5 2 0 0 0 0 0 0 0 0 0 0 0 0 0 2 5 4 0 2 0 0 0 0 0 0 0 0 0 0 0 0 0 0 0 2 0 0 0 0 0 1 1 2 3 4 6 22 77 223 255 220 77 17 6 5 3 3 7 3 2 0 5 4 4 0 0 0 0 0 0 0 0 0 0 0 0 0 0 0 0 0 0 0 0 0 2 0 0 0 0 0 0 0 0 1 2 0 1 2 2 0 0 0 0 0 0 0 0 0 0 0 1 2 2 2 0 0 0 0 0 0 0 0 0 0 0 0 0 0 0 0 0 0 0 0 0 0 0 0 0 0 0 0 0 0 0 0 0 0 0 0 0 2 2 2 2 1 0 1 4 5 5 2 0 2 1 2 2 2 2 2 2 2 2 0
0 0 0 0 0 0 0 0 0 0 0 0 0 0 0 1 1 1 2 2 2 2 2 4 6 6 5 4 4 5 4 3 2 1 3 3 4 3 2 2 2 1 0 1 1 0 0 0 0 0 0 0 0 0 0 1 1 1 0 0 0 0 0 0 0 0 1 2 1 0 0 0 0 0 0 1 1 0 1 1 1 0 0 2 3 3 3 4 6 9 16 21 28 41 61 91 119 147 173 203 220 234 246 249 249 246 234 221 203 186 157 123 91 65 47 28 18 13 10 8 8 8 9 8 6 4 3 4 2 1 2 1 1 1 1 1 2 3 3 2 1 1 0 0 0 0 0 0 3 11 8 3 1 1 1 1 1 1 1 1 1 1 1 1 0 0 0 0 1 0 0 0 0 0 0 0 0 0 0 0 0 0 0 0 0 0 2 0 0 0 0 0 2 2 2 2 2 2 1 0 0 0 0 0 0 0 2 4 4 5 6 9 12 7 7 9 11 16 17 23 50 109 194 250 255 255 247 145 57 32 20 14 17 20 20 23 26 33 39 46 56 71 84 112 139 175 210 237 252 254 255 255 255 255 255 255 255 255 255 255 255 255 255 255 255 255 255 254 253 247 244 231 213 205 195 189 189 188 189 198 204 207 214 219 225 234 240 244 250 253 254 254 255 255 255 255 255 255 255 255 255 255 255 255 255 255 255 255 255 255 255 255 255 255 255 255 255 255 255 255 255 255 255 255 255 255 255 255 230 166 105 60 28 12 7 4 3 5 6 3 2 2 1 0 0 0 0 0 0 0 0 3 4 2 2 3 0 0 0 0 0 0 0 0 0 0 0 0 0 0 0 2 2 2 2 1 0 2 0 4 2 4 5 23 73 223 255 218 76 16 7 5 4 3 7 4 2 0 4 4 5 0 0 0 0 0 0 0 0 0 0 0 0 0 0 0 0 0 0 0 0 0 2 0 0 0 0 0 0 2 2 1 0 2 1 0 0 0 0 0 0 0 0 0 0 0 0 0 0 0 0 0 2 2 1 0 0 0 0 0 0 0 0 1 2 1 0 0 0 0 0 0 0 0 0 0 0 0 0 0 0 0 0 0 0 0 0 0 0 2 0 1 2 2 3 4 4 5 4 3 3 2 0 0 0 0 0 0 0 3 2 2
0 0 0 0 0 0 0 0 0 0 0 1 1 1 2 2 2 3 1 2 4 6 5 4 4 5 4 4 2 1 3 3 3 4 3 3 1 0 1 1 1 1 2 1 0 0 0 0 0 0 0 0 0 0 1 1 0 0 0 0 0 0 1 1 2 2 2 1 1 1 1 0 0 1 1 0 1 1 1 0 0 1 3 3 3 5 6 13 18 30 37 48 82 114 139 164 193 215 234 243 249 249 243 234 213 195 179 155 125 91 64 40 33 21 16 12 9 8 8 7 7 7 5 4 3 3 2 0 0 1 2 1 1 0 1 2 2 2 1 0 0 0 1 1 0 0 0 1 3 9 11 3 3 1 0 0 0 0 0 0 0 0 0 0 0 0 0 1 1 0 0 0 0 0 0 0 0 0 2 2 2 2 2 2 2 3 3 2 3 3 3 3 1 2 2 2 0 0 0 1 2 2 2 2 2 2 4 4 5 5 8 8 10 10 12 12 19 23 47 83 127 206 246 254 255 254 187 83 41 32 26 26 35 39 53 78 103 118 135 150 173 201 225 245 253 255 255 255 255 255 255 255 255 255 255 255 255 255 255 255 255 254 251 240 216 187 167 145 136 131 131 110 90 86 80 79 76 82 80 71 73 75 79 84 89 89 95 108 111 118 124 128 134 139 151 163 178 194 206 208 211 216 217 221 224 227 233 237 241 244 244 244 245 246 248 249 251 251 253 254 255 255 255 255 255 255 255 255 255 255 239 181 118 71 38 21 10 5 2 5 5 3 2 2 2 2 2 2 0 0 0 3 4 2 0 2 0 0 0 0 0 0 0 0 0 0 0 0 0 0 2 3 1 0 0 1 3 3 3 4 2 4 4 24 69 225 255 218 77 17 7 5 4 3 7 4 2 0 3 5 5 0 0 0 0 0 0 0 0 0 0 0 0 0 0 0 0 0 0 0 0 0 1 1 0 2 2 2 2 0 0 0 0 0 0 0 0 0 0 0 0 0 0 0 0 0 0 0 0 0 0 0 0 0 1 2 2 1 0 0 0 0 0 2 2 0 0 0 0 0 0 0 0 0 0 0 0 0 0 0 0 0 0 0 0 0 0 1 2 3 2 1 2 2 2 2 2 4 3 3 3 5 4 3 2 2 2 2 4 2 3 3
0 0 0 0 0 0 0 1 1 1 1 2 2 2 2 1 3 5 5 5 4 4 4 4 3 1 2 3 4 4 3 3 3 2 1 1 1 1 1 0 0 0 0 1 1 1 0 0 0 0 0 0 1 1 0 0 0 0 0 0 1 2 2 1 1 1 0 0 0 0 0 2 1 0 0 1 1 0 0 1 3 4 4 7 10 18 23 33 52 66 100 132 160 190 213 232 243 249 249 246 232 213 193 168 151 128 94 64 45 30 23 21 14 10 8 7 7 6 5 5 4 2 1 2 2 1 1 1 1 0 1 0 1 1 1 1 1 0 0 0 0 0 0 1 1 1 1 0 2 7 10 4 2 1 0 0 0 0 0 0 0 0 0 0 0 0 0 1 0 0 0 0 0 0 0 0 0 0 0 0 0 0 0 0 2 2 2 1 1 2 2 3 1 2 2 2 2 2 2 2 2 2 2 0 2 5 6 7 9 9 13 14 17 19 26 35 49 81 127 175 237 251 253 255 255 237 139 78 83 84 93 115 130 157 177 199 215 237 250 254 255 255 255 255 255 255 255 255 255 255 255 255 255 254 250 240 227 216 199 178 156 135 116 95 78 67 62 54 54 64 78 48 27 26 26 27 26 24 21 24 26 24 25 28 28 31 34 34 34 32 36 42 43 45 43 45 58 66 76 69 67 65 66 66 66 68 71 72 70 67 73 74 72 74 72 78 82 88 91 97 106 123 142 183 245 255 255 255 255 255 255 255 248 208 143 86 52 31 15 9 5 5 5 2 2 2 2 0 2 2 2 4 4 2 0 2 0 0 0 0 0 0 0 0 0 0 0 0 0 0 0 1 3 1 0 2 3 0 0 3 2 6 5 24 66 223 255 218 77 17 6 5 4 3 6 4 2 0 3 5 5 0 0 0 0 0 0 0 0 0 0 0 0 0 0 0 0 0 0 1 2 2 2 3 2 0 0 0 0 0 0 0 0 0 0 0 0 0 0 0 0 0 0 0 0 0 0 0 0 0 0 0 0 0 0 0 0 1 2 2 0 0 0 2 2 0 0 0 0 0 0 0 0 0 0 0 0 0 0 0 0 0 0 0 1 2 2 1 0 2 2 2 0 0 0 2 3 4 3 2 0 2 0 3 4 4 4 4 2 1 0 0
0 0 0 0 1 1 1 0 2 2 2 2 3 4 5 5 6 4 4 4 3 2 3 4 4 4 3 2 2 2 2 1 1 0 0 0 0 0 0 0 0 0 0 0 0 1 1 0 0 0 0 1 2 1 1 1 0 0 1 1 0 0 0 1 1 0 0 0 1 1 1 1 1 1 1 0 0 2 4 5 5 8 14 26 34 46 72 98 123 157 191 208 229 241 248 251 249 234 210 193 171 145 123 100 67 41 33 26 18 15 13 8 7 6 6 5 4 4 3 2 2 2 2 1 0 0 0 0 0 1 1 1 1 1 1 1 0 0 0 0 0 0 0 0 0 0 0 0 0 7 11 5 2 1 1 0 0 0 0 0 0 0 0 0 0 0 0 1 0 0 0 0 0 0 0 0 0 0 0 0 1 1 1 1 3 0 2 1 1 0 1 2 2 0 0 0 1 2 1 0 0 3 4 8 9 8 9 10 7 9 21 34 47 56 78 109 143 202 241 254 255 254 253 255 255 212 162 158 172 198 221 241 251 254 255 255 255 255 255 255 255 255 255 255 255 255 255 255 253 244 221 199 175 160 140 117 88 80 69 64 56 50 41 34 29 25 22 21 25 35 47 23 13 12 10 10 10 8 10 10 10 10 10 9 8 8 7 9 10 12 14 14 15 15 18 18 27 35 36 19 18 20 19 21 22 22 16 16 16 17 17 19 23 21 20 18 18 17 19 18 20 24 34 54 97 164 234 255 255 255 255 255 255 255 255 228 176 114 68 36 22 11 8 7 6 2 0 2 2 2 2 4 5 2 2 2 0 0 0 0 0 0 0 0 0 0 0 0 0 0 0 0 2 1 3 2 3 2 3 3 2 4 5 22 68 225 255 218 81 15 8 5 4 3 6 3 3 0 3 5 5 0 0 0 0 0 0 0 0 0 0 0 0 0 0 1 2 2 2 1 0 0 0 1 1 0 0 0 0 0 0 0 0 0 0 0 0 0 0 0 0 0 0 0 0 0 0 0 0 0 0 0 0 0 0 0 0 0 0 0 2 2 1 2 2 0 0 0 0 0 0 0 0 0 0 0 0 0 0 0 0 0 0 1 2 2 2 2 2 2 2 2 3 2 2 0 2 4 3 2 0 3 1 0 2 2 2 2 2 2 2 2
0 1 1 1 0 1 2 3 3 3 4 5 6 6 5 5 3 3 3 4 4 4 3 1 1 1 2 2 1 0 0 0 0 0 0 0 0 0 0 0 0 0 0 0 0 0 0 1 1 0 1 2 0 0 0 1 1 1 1 0 0 0 1 0 0 0 1 1 1 0 0 1 1 2 1 3 4 6 7 9 16 31 40 59 86 119 150 186 210 228 241 246 248 248 241 210 188 168 140 121 99 67 48 32 26 25 16 16 12 9 7 6 5 4 3 2 2 1 1 1 1 1 0 0 0 0 0 0 2 2 2 1 1 0 0 0 0 0 0 0 0 0 0 0 0 0 0 0 0 5 10 8 2 1 1 0 0 0 0 0 0 0 0 0 0 0 0 1 0 0 0 0 0 0 1 1 1 1 1 1 1 0 0 0 3 1 1 1 2 2 1 0 2 0 0 2 2 3 4 5 8 10 10 9 9 12 16 27 50 66 82 116 136 174 210 241 253 254 255 255 255 254 254 255 255 246 244 254 255 255 255 255 255 255 255 255 255 255 255 255 255 255 255 254 250 230 203 173 144 125 97 77 66 60 49 47 39 32 29 20 19 17 17 12 9 8 5 5 12 23 35 11 2 3 4 4 5 6 5 5 6 5 5 6 7 8 9 8 7 6 5 6 6 9 8 10 19 26 22 8 10 9 8 10 9 8 11 9 9 9 9 9 7 7 7 8 7 7 8 8 10 11 12 13 22 47 97 147 225 255 255 255 255 255 255 255 255 246 208 148 93 55 28 16 12 8 7 4 2 2 1 5 5 2 2 1 2 2 2 0 0 0 0 0 0 0 0 0 0 0 0 0 2 3 2 1 2 2 2 3 2 3 6 21 73 223 255 220 79 14 8 6 3 3 6 3 3 0 3 5 5 0 0 0 0 0 0 0 0 0 1 2 2 2 2 1 0 0 0 0 0 0 0 0 2 0 0 0 0 0 0 0 0 0 0 0 0 0 0 0 0 0 0 0 0 0 0 0 0 0 0 0 0 0 0 0 0 0 0 0 0 0 1 2 3 2 1 0 0 0 0 0 0 0 0 0 0 0 1 2 0 1 2 3 1 0 0 0 0 2 2 2 0 2 2 2 3 4 3 2 0 3 1 2 0 0 0 0 0 0 0 0
1 1 1 2 4 4 4 5 6 7 6 4 3 3 3 3 4 4 3 2 1 1 1 0 1 1 1 0 0 0 0 0 0 0 0 0 0 0 0 1 1 1 1 0 1 1 1 1 2 2 2 0 0 0 0 0 0 0 0 0 1 1 0 0 1 2 1 0 0 1 1 1 2 5 6 5 9 12 23 34 59 77 114 147 183 205 226 237 243 248 248 243 221 193 164 144 118 96 77 46 29 27 21 20 15 11 9 6 5 5 3 2 2 2 1 2 1 1 1 1 1 0 0 0 0 1 2 2 2 1 0 0 0 0 0 0 0 0 0 0 0 0 0 0 0 0 0 0 0 4 7 9 3 2 1 0 0 0 0 0 0 0 0 0 0 0 1 1 0 0 0 1 1 1 1 0 0 0 0 0 1 1 1 1 1 2 2 1 0 0 2 0 3 3 5 5 8 9 12 13 15 18 22 34 45 59 80 103 125 163 200 235 252 254 255 255 255 255 255 254 254 253 255 255 255 255 255 255 255 255 255 255 255 255 255 255 255 254 253 244 217 199 169 146 127 102 73 56 51 41 38 33 24 13 10 9 9 10 8 5 5 5 4 5 3 2 2 3 9 21 34 8 1 2 2 2 2 3 4 4 3 4 3 4 5 3 0 0 0 1 2 2 3 2 3 6 16 22 19 5 7 4 5 2 3 3 3 4 4 4 3 3 3 3 3 2 3 5 5 5 4 4 5 6 7 10 18 35 92 164 242 255 255 255 255 255 255 255 255 255 234 179 125 77 36 20 14 10 7 4 2 6 4 2 4 3 2 2 0 2 2 2 0 0 0 0 0 0 0 0 0 0 0 3 2 0 0 3 4 4 2 3 6 20 79 223 255 223 75 17 10 6 3 3 6 3 2 2 3 7 5 0 0 0 0 1 2 2 2 2 1 0 0 0 0 0 0 0 0 0 0 0 0 0 1 1 0 0 0 0 0 0 0 0 0 0 0 0 0 0 0 0 0 0 0 0 0 0 0 0 0 0 0 0 0 0 0 0 0 0 0 0 0 0 3 0 1 2 2 2 2 2 2 2 0 2 2 2 1 0 2 1 2 0 0 0 2 2 2 0 0 0 0 0 0 0 2 4 3 3 2 2 2 0 0 0 0 0 0 0 0 0
3 3 4 5 6 7 7 6 4 3 3 3 4 4 4 3 1 1 1 0 0 0 0 0 1 0 0 0 0 0 0 0 0 0 0 0 0 1 1 0 0 0 1 1 0 0 0 0 0 1 1 1 1 0 0 0 0 0 0 1 1 1 1 2 2 0 0 1 2 3 4 6 7 8 14 20 29 48 70 115 141 179 209 221 237 246 248 248 246 232 203 173 144 122 99 81 57 40 27 26 21 16 12 9 7 6 4 4 3 1 1 2 1 1 2 1 1 0 2 2 1 2 2 2 2 1 0 1 0 0 0 0 0 0 0 0 0 0 0 1 1 1 1 1 0 0 0 0 0 1 8 9 4 3 0 1 0 0 0 0 0 0 0 0 0 0 1 0 0 1 1 0 0 0 0 1 1 1 1 1 1 0 0 1 1 3 3 3 4 5 8 10 10 12 14 19 21 22 30 42 52 63 85 109 139 165 200 230 250 254 255 255 255 255 255 255 255 255 255 252 246 254 255 255 255 255 255 255 255 255 255 254 253 244 216 184 166 143 127 117 98 71 64 48 33 28 25 21 16 13 9 7 5 5 4 3 2 2 2 2 2 0 0 2 2 2 1 3 8 22 31 9 2 2 2 2 2 2 2 3 2 2 2 1 1 1 2 2 2 2 2 2 2 2 2 5 16 18 13 2 4 3 2 2 2 2 2 2 2 3 4 3 3 3 2 3 2 0 0 0 0 2 3 2 2 4 7 11 25 91 208 222 216 251 255 255 255 255 255 255 255 255 251 209 154 109 57 34 19 13 10 9 5 4 2 0 3 3 3 2 2 2 2 2 2 2 2 2 2 2 2 0 0 3 3 3 3 3 3 3 3 3 6 19 75 223 255 218 71 17 11 5 4 3 6 6 3 3 3 7 5 2 2 2 2 1 0 0 0 0 0 0 0 0 0 0 0 0 0 0 0 0 0 0 0 2 0 0 0 0 0 0 0 0 0 0 0 0 0 0 0 0 0 0 0 0 0 0 0 0 0 0 0 0 0 0 0 0 0 0 0 0 0 0 3 0 0 0 0 1 2 2 2 2 3 2 2 2 2 2 3 3 2 3 2 2 0 0 0 0 0 0 0 0 0 0 3 3 2 3 0 4 2 0 0 2 3 4 4 4 4 4
7 7 7 5 4 3 3 4 4 4 3 3 2 1 0 0 0 0 0 0 0 0 0 0 1 0 0 0 0 0 0 0 0 0 0 0 1 1 0 0 0 0 0 0 0 0 0 0 1 1 0 0 0 1 1 1 0 0 2 1 1 0 1 1 0 1 3 4 5 7 7 10 17 26 39 58 103 140 182 203 225 239 246 248 249 246 240 213 184 157 127 103 86 62 47 33 26 21 20 13 11 9 7 4 4 3 3 1 1 1 2 2 3 3 2 1 2 2 1 1 1 0 0 0 0 0 1 0 0 0 0 0 0 0 0 0 0 1 1 1 0 0 0 0 1 1 1 1 0 0 6 10 5 3 0 0 1 0 0 0 0 0 0 0 0 0 2 2 2 1 1 2 2 2 2 1 1 1 1 1 1 3 4 3 8 8 9 9 12 16 17 24 34 40 48 55 72 94 119 135 163 192 215 240 252 255 255 255 255 255 255 255 255 255 255 255 255 255 255 255 255 255 255 255 255 255 255 253 223 179 157 128 117 95 78 65 51 51 41 32 25 22 15 15 14 11 7 6 4 4 3 3 3 3 2 2 2 2 2 3 3 3 3 4 2 3 3 5 8 23 35 8 3 2 2 2 2 2 3 2 2 0 1 2 0 0 0 0 0 0 0 2 0 0 0 5 18 16 10 1 3 2 0 0 0 0 0 0 0 0 2 3 2 2 3 3 3 3 3 2 2 2 2 3 4 5 5 7 16 108 200 172 120 119 153 220 255 255 255 255 255 255 255 255 255 237 189 135 84 46 27 20 17 8 6 3 3 2 2 3 2 2 2 2 2 1 0 0 1 2 2 3 3 3 2 1 1 3 2 3 3 4 8 21 79 221 255 218 73 18 11 6 5 4 5 6 3 3 3 5 5 1 1 0 0 0 0 0 1 2 1 0 0 0 0 0 0 0 0 0 0 0 0 0 0 1 1 0 0 0 0 0 0 0 0 0 0 0 0 0 0 0 0 0 0 0 0 0 0 0 0 0 0 0 2 2 2 2 2 2 2 2 2 2 4 2 2 2 2 1 0 0 0 0 2 2 2 2 2 2 2 2 1 0 2 2 2 2 2 2 2 2 0 0 0 0 3 3 2 3 2 4 4 5 4 4 3 2 2 2 2 3
4 4 4 4 4 3 3 3 2 1 0 0 0 0 0 0 0 0 0 0 0 0 0 1 1 0 0 0 0 0 0 0 0 0 0 0 1 0 0 0 0 1 0 0 0 0 0 0 1 0 0 0 0 0 0 2 3 2 0 0 0 0 2 2 3 5 7 9 11 16 25 36 52 83 127 173 207 232 243 248 249 251 249 243 221 188 156 124 107 83 67 47 37 28 26 22 20 16 10 7 5 4 4 4 4 4 3 3 3 4 3 3 1 0 0 1 1 1 1 0 0 0 0 0 0 1 1 0 0 0 0 0 0 0 0 0 1 1 0 0 0 0 0 0 0 0 0 0 1 1 4 10 7 3 1 0 1 0 0 0 0 0 0 1 1 3 2 1 1 1 1 1 2 3 1 1 2 5 6 7 10 12 13 16 20 22 32 44 53 62 79 89 110 133 164 194 215 238 247 253 255 255 255 255 255 255 255 255 255 255 255 255 255 255 255 255 255 255 255 255 255 255 255 255 255 241 169 119 80 61 48 42 29 26 20 16 15 11 10 9 7 7 6 4 3 2 2 2 2 2 2 2 2 2 2 2 2 2 2 2 0 0 0 1 1 0 0 5 6 21 31 7 2 0 0 0 0 2 3 2 2 3 3 2 2 2 2 2 2 2 2 2 2 2 2 7 18 18 9 2 3 2 2 2 0 0 0 0 0 0 0 0 2 2 3 2 1 1 1 2 2 2 2 3 3 4 3 7 16 119 201 160 56 26 35 69 121 179 242 255 255 255 255 255 255 255 255 254 223 165 123 80 47 29 21 12 7 5 4 4 3 2 2 3 3 3 3 3 3 2 0 0 0 3 2 3 3 3 4 4 6 6 8 26 75 223 255 218 64 20 9 9 4 3 6 6 3 3 3 7 9 2 3 3 3 3 3 3 2 2 2 3 3 3 3 3 3 2 1 0 0 0 0 0 0 0 2 0 0 0 0 0 0 0 0 0 0 0 0 0 0 0 0 0 0 0 0 1 2 2 2 2 2 2 0 0 0 0 0 0 0 0 0 0 3 0 1 2 0 0 0 0 2 3 2 2 2 2 2 1 0 0 0 0 0 0 1 2 2 2 2 2 3 4 4 4 5 5 5 8 6 6 6 4 5 4 5 5 4 4 4 3
3 3 3 3 3 2 1 0 0 0 0 0 0 0 0 0 0 0 0 0 0 0 0 1 0 0 0 0 0 0 0 0 0 0 0 1 0 0 0 0 0 1 1 1 0 0 0 1 0 0 0 1 1 1 1 1 1 1 1 2 3 3 4 8 10 12 14 22 33 48 76 122 166 210 234 245 249 251 251 249 245 221 184 156 123 102 82 68 50 38 25 23 20 17 17 12 7 4 4 3 4 3 3 3 3 2 2 2 3 2 0 0 0 1 1 0 0 1 0 0 0 0 0 0 1 1 0 0 0 0 0 0 0 0 1 1 0 0 0 0 0 0 0 0 0 0 0 0 0 0 3 9 9 4 3 0 1 1 0 1 1 2 3 3 3 4 3 3 4 5 5 6 5 6 11 14 15 16 23 28 31 42 55 68 89 104 121 142 162 190 215 240 250 253 255 255 255 255 255 255 255 255 255 255 255 255 255 255 255 255 255 255 253 250 254 255 255 255 255 255 255 255 255 253 226 144 55 24 19 14 15 13 11 9 9 8 6 5 4 2 3 2 2 2 2 2 2 0 0 0 0 0 0 0 0 0 0 0 2 0 0 0 0 0 2 0 0 4 7 20 31 7 2 0 0 0 0 0 2 2 2 1 0 0 0 0 0 0 0 0 0 2 0 0 0 7 18 18 7 2 2 2 0 0 2 2 2 2 2 2 2 2 2 2 2 2 3 3 3 3 3 3 3 3 2 4 6 7 17 116 206 160 44 16 9 12 21 38 80 140 209 254 255 255 255 255 255 255 255 255 245 206 139 99 61 43 32 21 14 9 8 9 5 4 3 3 3 3 3 3 4 4 4 4 4 5 6 6 4 6 7 10 13 25 76 225 255 218 67 22 11 10 5 4 7 9 6 5 5 6 7 5 4 5 5 5 3 3 3 3 3 3 3 2 2 2 3 3 4 2 2 3 3 3 2 2 2 3 2 2 1 0 0 0 0 0 1 2 3 3 3 3 3 3 3 4 4 3 3 3 3 3 3 2 2 1 0 0 0 2 3 3 3 3 5 4 4 4 4 4 5 5 4 4 4 4 4 4 4 4 4 4 4 4 4 3 2 2 4 4 4 4 5 4 5 6 9 9 8 8 6 5 4 4 4 4 4 4 4 5 4 4
2 1 1 0 0 0 0 0 0 0 0 0 0 0 0 0 0 0 0 0 0 0 0 1 1 0 0 0 0 0 0 0 0 0 0 1 0 0 0 0 1 0 0 0 1 1 1 1 0 0 1 1 0 0 1 0 1 2 3 3 4 8 10 13 28 31 49 76 118 158 208 237 246 250 252 252 251 246 229 196 164 136 107 80 63 50 40 30 22 18 16 16 16 12 7 4 4 3 3 4 3 4 4 3 2 1 2 1 0 0 1 1 1 0 0 0 1 0 0 0 0 0 0 0 1 0 0 0 0 0 1 1 1 2 1 0 0 0 0 0 1 1 1 1 1 1 1 1 1 0 3 7 9 7 3 1 2 3 3 3 4 4 5 4 5 5 7 9 10 16 19 20 26 28 33 47 65 82 98 115 131 150 177 202 223 244 253 253 255 255 255 255 255 255 255 255 255 255 255 255 255 255 255 255 255 255 254 244 225 197 168 145 133 126 163 247 255 254 255 255 255 254 225 184 178 127 49 22 11 9 7 4 3 3 2 2 1 0 0 2 1 2 2 2 2 0 0 0 0 0 0 0 0 0 0 0 0 1 1 0 0 0 0 0 2 0 0 4 7 19 35 6 2 0 0 0 0 1 2 1 0 0 0 0 0 0 0 0 0 0 0 2 0 0 0 7 19 18 5 2 2 2 0 0 0 1 2 0 0 0 0 0 0 0 2 0 0 0 2 0 0 0 0 0 0 2 2 5 14 93 197 172 46 16 8 8 9 13 17 28 50 108 163 228 255 255 255 255 255 255 255 255 255 234 182 126 81 50 35 22 18 11 10 9 6 4 4 3 2 2 3 3 3 4 6 5 5 8 8 8 8 13 16 36 88 223 255 218 69 24 14 14 6 8 9 9 5 7 7 7 7 6 4 3 2 0 3 4 3 2 2 3 3 3 2 2 2 2 3 4 4 3 3 3 4 4 4 4 5 4 5 5 5 5 5 5 4 4 4 4 4 4 4 4 4 4 4 4 4 4 4 4 4 5 5 5 6 6 6 6 6 7 7 7 8 8 8 6 5 6 6 5 5 5 4 4 4 4 4 4 5 5 6 6 8 8 9 9 7 7 6 6 6 6 8 6 6 8 6 6 6 7 8 8 9 8 7 7 11 12 12 11
0 0 0 0 0 0 0 0 0 0 0 0 0 0 0 0 0 0 0 0 0 0 0 0 1 0 0 0 0 0 0 0 0 0 0 1 0 0 0 1 1 0 0 0 0 0 2 1 0 1 0 0 1 2 1 2 3 3 4 9 14 21 28 41 72 120 157 203 237 248 250 251 251 251 245 226 193 160 129 107 78 60 48 38 30 24 19 18 14 16 16 12 7 4 3 4 3 4 3 2 2 2 1 0 1 2 1 0 1 1 1 0 0 0 0 1 0 0 0 0 0 1 1 1 0 0 1 1 1 1 1 1 1 1 1 1 1 1 1 1 1 0 0 0 0 0 0 0 1 1 2 9 11 10 7 6 6 8 8 8 7 8 11 14 22 22 26 31 38 50 64 85 101 122 140 162 194 215 233 247 253 255 255 255 255 255 255 255 255 255 255 255 255 255 255 255 255 255 255 255 255 253 244 218 192 156 132 112 88 73 51 49 45 66 129 247 254 254 254 250 212 143 105 117 173 146 75 18 12 4 3 2 1 2 3 0 1 2 2 2 1 0 0 0 0 0 0 0 0 0 0 0 0 0 0 0 0 2 0 0 0 0 0 0 2 0 0 3 8 18 34 7 2 1 2 2 2 3 2 2 2 2 2 0 0 0 0 0 0 0 2 0 0 0 2 7 20 19 4 2 2 2 0 0 0 0 0 2 2 1 0 0 0 1 1 0 0 0 0 2 1 0 0 0 0 2 0 6 9 74 184 186 54 17 6 4 4 5 6 9 16 21 35 72 132 197 246 255 255 255 255 255 255 255 255 254 218 170 122 75 41 30 22 17 13 11 8 6 6 5 5 4 4 6 6 6 8 8 15 18 21 23 34 41 103 218 255 216 89 33 21 19 17 14 18 19 17 15 10 15 15 9 5 8 7 5 6 5 5 4 3 4 5 5 5 7 7 6 4 5 4 5 5 5 5 5 4 5 5 5 4 4 4 4 3 4 4 4 3 4 4 4 5 5 6 7 7 7 6 6 7 8 7 8 8 9 10 10 10 10 9 8 10 10 11 10 10 11 14 14 13 12 11 12 13 12 11 11 11 11 10 10 10 8 8 7 7 8 10 11 12 13 12 13 12 12 13 15 15 17 15 15 14 16 16 16 18 18 15 18 19 23
0 0 0 0 0 0 0 0 0 0 0 0 0 0 0 0 0 0 0 0 0 0 0 0 1 0 0 0 0 0 0 0 0 1 1 1 0 0 0 1 0 0 0 0 0 0 0 1 2 2 1 2 2 1 3 4 8 15 22 28 44 66 113 160 205 235 248 251 252 251 250 248 232 197 160 129 86 59 42 30 23 21 21 17 16 16 13 12 14 9 7 5 4 4 3 2 3 2 1 1 0 0 1 1 0 0 0 1 0 0 0 0 0 1 1 0 0 0 0 0 0 2 1 1 1 1 0 0 0 0 1 1 0 0 0 1 2 1 1 0 0 0 0 0 0 0 0 1 3 4 7 11 18 19 15 14 14 15 17 23 28 31 36 48 54 70 92 120 147 171 202 222 244 252 253 255 255 255 255 255 255 255 255 255 255 255 255 255 255 255 255 255 255 255 255 253 244 215 188 159 127 114 97 77 60 49 39 28 19 18 19 19 22 37 155 254 255 254 229 155 84 48 42 64 132 172 107 17 10 4 2 2 2 2 2 3 1 0 0 0 0 0 0 0 0 0 0 0 0 0 0 0 0 0 0 0 2 0 0 0 0 0 0 1 1 0 0 3 9 17 34 8 3 1 0 1 1 2 0 0 0 0 0 2 2 2 2 2 0 0 2 0 0 0 2 9 20 18 4 2 2 2 0 0 0 0 0 0 0 2 2 2 2 2 0 0 0 0 0 0 1 1 0 0 0 2 2 5 8 57 167 194 89 17 6 6 3 3 4 5 6 9 13 16 23 41 92 149 218 255 255 255 255 255 255 255 255 255 248 210 163 103 63 40 30 23 19 19 14 12 10 11 10 14 18 21 36 43 43 49 65 70 70 85 142 223 255 216 95 43 29 25 26 21 26 30 32 26 30 34 36 41 29 23 21 21 17 18 17 19 19 16 19 19 21 18 17 17 20 19 16 18 16 15 13 13 14 13 10 9 9 9 9 9 10 10 11 12 12 11 10 11 11 12 11 10 11 11 12 14 13 13 13 11 15 15 16 17 18 20 22 23 23 22 26 23 21 22 21 22 19 22 23 22 22 23 26 25 25 27 27 27 29 30 30 31 32 35 37 39 44 44 47 48 52 54 55 61 58 61 63 66 69 69 73 80 88 93 94 101 106 114
0 0 0 0 0 0 0 0 0 0 0 0 0 0 0 0 0 0 0 0 0 0 0 0 1 0 0 0 0 0 0 0 1 1 0 0 0 0 1 0 0 0 0 0 0 0 2 2 2 1 3 3 5 8 15 22 26 41 63 113 154 197 234 248 251 252 252 250 248 234 196 154 115 78 48 33 26 19 16 12 10 9 8 9 10 9 12 9 5 5 5 4 3 2 1 2 0 1 2 1 2 2 2 1 1 1 1 1 1 1 1 1 2 2 1 1 1 1 1 1 2 1 0 0 0 0 0 0 0 0 1 0 0 0 2 1 1 1 1 2 2 2 1 2 2 3 6 8 10 11 11 15 29 32 33 42 39 42 49 63 81 118 145 175 204 227 244 252 253 255 255 255 255 255 255 255 255 255 255 255 255 255 255 255 255 255 255 255 253 250 233 206 177 156 125 107 80 63 50 40 35 28 23 18 17 13 11 10 11 11 11 13 23 77 221 255 255 237 126 51 25 17 20 39 110 185 119 27 12 4 0 2 2 1 0 2 2 0 0 0 0 0 0 0 0 0 0 0 0 0 0 0 0 0 0 1 1 0 0 0 0 0 0 2 0 0 2 2 10 16 33 6 2 1 2 1 0 2 0 0 0 0 0 0 0 0 0 0 2 2 2 2 2 0 2 11 20 16 3 2 0 2 0 0 0 2 2 2 2 1 0 0 2 2 1 0 0 0 0 0 0 2 0 0 0 1 2 3 7 36 143 207 120 20 7 6 2 2 2 2 3 4 5 8 12 14 14 28 52 110 175 240 255 255 255 255 255 255 255 255 255 243 204 155 114 80 53 38 33 29 29 26 24 35 50 76 85 93 102 116 113 118 132 147 174 226 255 215 123 79 65 67 71 62 67 68 67 74 68 68 67 67 70 67 64 61 63 67 61 55 59 62 58 58 52 52 49 44 41 40 40 31 28 25 27 22 20 20 21 19 21 21 18 17 18 17 17 18 20 21 20 20 20 18 20 23 26 28 30 31 38 41 43 44 41 44 48 50 50 48 49 55 61 69 78 85 95 92 92 92 95 90 90 88 92 92 94 97 96 102 113 123 123 127 132 134 136 137 137 141 144 148 148 152 157 166 173 176 180 187 193 199 209 212 212 216 217 221 227 230 234 236
0 0 0 0 0 0 0 0 0 0 0 0 0 0 0 0 0 0 0 0 0 0 0 0 1 1 0 0 0 0 0 1 0 0 0 0 0 1 1 0 1 1 1 0 1 2 2 2 3 4 6 10 20 29 42 62 107 140 195 232 248 251 251 251 250 248 233 198 153 117 80 53 38 24 17 14 11 7 5 4 4 4 4 4 5 6 4 5 4 3 1 2 2 3 3 2 2 2 1 1 1 0 0 0 0 0 0 0 0 0 0 1 0 0 0 0 0 0 0 1 1 0 0 0 0 0 0 0 0 1 1 1 1 2 1 0 0 0 0 0 2 3 4 7 12 13 14 20 20 27 36 49 60 82 96 118 151 177 205 227 244 252 255 255 255 255 255 255 255 255 255 255 255 255 255 255 255 255 255 255 255 253 252 244 220 195 160 135 120 86 65 56 43 37 33 26 20 19 17 14 10 10 8 8 8 8 5 6 8 7 8 12 34 143 254 255 252 142 44 17 10 8 13 18 91 183 130 32 11 2 3 0 0 1 2 2 2 0 0 0 0 0 0 0 0 0 0 0 0 0 0 0 0 0 0 2 0 0 0 0 0 0 0 2 0 0 1 3 10 19 30 5 2 1 0 0 1 1 0 0 0 0 0 0 0 0 0 0 0 0 2 0 0 2 2 15 21 16 3 3 2 2 2 2 2 0 0 0 0 0 0 0 0 0 1 2 2 1 0 0 2 2 3 2 0 0 2 3 6 30 116 206 144 32 9 6 2 0 2 2 2 2 2 2 5 7 12 13 16 23 35 79 144 205 252 255 255 255 255 255 255 255 255 255 240 204 173 145 121 101 85 74 76 114 137 165 176 188 192 190 190 192 191 193 202 234 246 205 167 154 142 144 138 134 134 134 136 134 142 148 152 150 146 150 154 156 154 154 156 155 156 162 160 157 156 156 149 150 146 141 135 122 112 111 97 98 92 89 83 81 65 52 56 58 60 59 62 63 67 73 83 87 93 98 100 103 103 115 125 127 124 124 130 135 143 145 149 157 166 173 176 180 182 187 188 189 192 194 194 195 197 201 201 204 209 209 211 212 216 216 219 221 224 228 233 236 242 244 247 250 251 253 255 255 255 255 255 255 255 255 255 255 255 255 255 255 255 255 255 255 255 255
0 0 0 0 0 0 0 0 0 0 0 0 0 0 0 0 0 0 0 0 0 0 0 0 0 1 0 1 1 1 1 0 0 0 0 0 0 2 1 1 1 0 2 3 3 3 4 8 10 19 30 45 59 100 132 190 232 248 251 251 251 251 248 234 195 146 113 71 49 28 22 15 9 7 5 4 4 4 4 4 4 5 5 5 3 1 2 2 2 2 1 1 1 1 1 1 1 1 1 1 1 0 0 0 0 0 0 0 0 1 1 0 0 0 0 0 0 0 0 1 0 0 0 0 0 1 1 1 1 2 0 1 1 0 0 0 1 1 3 3 5 11 16 19 22 32 48 56 81 113 132 167 204 229 246 252 253 255 255 255 255 255 255 255 255 255 255 255 255 255 255 255 255 255 255 253 250 233 205 173 154 128 109 82 61 54 42 33 24 20 18 17 16 13 9 10 10 10 8 7 7 5 5 6 4 5 6 7 5 5 8 18 82 233 255 255 198 56 18 10 4 4 9 20 77 187 135 33 10 3 2 0 0 0 0 2 0 2 0 0 0 0 0 0 0 0 0 0 0 0 0 0 0 0 2 0 0 0 0 0 0 0 0 2 0 0 0 5 10 19 29 5 2 0 0 0 2 0 0 0 0 0 0 0 0 0 0 0 0 1 1 0 1 1 4 16 19 14 2 2 0 2 0 0 0 0 0 0 0 0 0 0 0 0 0 0 0 2 2 2 2 2 2 3 3 4 5 5 7 28 92 191 169 48 12 5 2 0 0 0 0 3 2 2 0 1 2 4 7 9 17 22 27 58 105 171 229 255 255 255 255 255 255 255 255 255 255 249 234 211 192 183 193 226 249 252 252 252 252 252 252 252 252 251 252 255 251 223 218 221 221 221 228 229 234 236 237 240 240 240 242 245 246 245 245 242 242 242 245 245 245 240 245 245 242 243 245 242 234 229 221 218 211 203 196 190 186 179 177 170 166 167 163 163 166 168 174 177 180 182 185 194 199 209 216 223 228 231 233 236 242 244 245 247 251 252 254 255 255 255 255 255 255 255 255 255 255 255 255 255 255 255 255 255 255 255 255 255 255 255 255 255 255 255 255 255 255 255 255 255 255 255 255 255 255 255 255 255 255 255 255 255 255 255 255 255 255 255 255 255 255 255
0 0 0 0 0 0 0 0 0 0 0 0 0 0 0 0 0 0 0 0 0 0 0 0 0 1 1 1 0 0 0 0 0 0 0 1 2 1 0 1 2 3 3 3 7 10 17 27 41 49 86 131 184 232 250 251 251 251 251 248 237 198 144 110 76 47 29 23 11 5 4 4 4 3 3 3 2 2 3 3 3 1 0 1 1 2 1 1 0 0 1 1 0 0 1 1 0 0 0 2 0 1 0 0 1 1 1 1 1 1 0 0 0 0 0 0 0 1 1 0 1 1 1 1 1 1 0 0 0 2 1 1 1 1 1 1 3 4 9 16 24 27 38 63 100 137 170 209 238 249 253 255 255 255 255 255 255 255 255 255 255 255 255 255 255 255 255 255 255 253 244 220 197 166 140 124 97 72 60 47 39 29 22 20 18 18 14 13 13 12 11 9 7 6 7 5 4 3 3 3 4 3 3 3 3 4 3 5 4 7 11 34 169 255 255 245 89 19 11 5 4 2 11 20 86 181 130 32 9 3 2 0 0 0 0 2 2 1 1 0 0 0 0 0 0 0 0 0 0 0 0 0 0 0 2 0 0 0 0 0 0 0 0 2 0 0 1 5 10 22 26 5 1 0 0 2 0 0 0 0 0 0 0 0 0 0 0 0 0 2 0 0 2 0 5 16 20 13 2 2 0 2 0 0 0 0 0 0 0 0 1 2 2 2 2 2 2 1 0 0 0 2 2 0 4 5 7 8 11 33 88 176 189 63 14 6 2 0 0 0 1 1 0 1 2 2 2 2 2 3 3 4 9 16 24 34 66 125 187 242 255 255 255 255 255 255 255 255 255 255 255 255 255 255 255 255 255 255 255 255 255 255 255 255 255 255 255 255 255 255 255 255 255 255 255 255 255 255 255 255 255 255 255 255 255 255 255 255 255 255 255 255 255 255 255 255 255 255 255 255 255 255 255 255 255 255 255 255 255 255 255 255 255 255 255 255 255 255 255 255 255 255 255 255 255 255 255 255 255 255 255 255 255 255 255 255 255 255 255 255 255 255 255 255 255 255 255 255 255 255 255 255 255 255 255 255 255 255 255 255 255 255 255 255 255 255 255 255 255 255 255 255 255 255 255 255 255 255 255 255 255 255 255 255 255 255 255 255 255 255 255 255
0 0 0 0 0 0 0 0 0 0 0 0 0 0 0 0 0 0 0 0 0 0 0 0 0 1 1 0 0 0 0 0 1 2 2 2 2 3 3 3 3 6 9 17 27 35 49 78 131 188 232 248 251 251 251 251 248 238 198 144 109 69 42 26 18 11 6 6 6 5 5 3 3 3 3 3 3 3 1 0 0 1 1 0 0 0 0 0 1 1 1 1 0 1 1 0 0 0 0 3 0 1 0 1 0 1 1 2 0 0 0 0 0 0 1 1 2 2 1 1 0 0 0 0 0 0 0 1 1 2 1 1 0 0 3 7 15 23 27 44 82 128 179 219 247 253 255 255 255 255 255 255 255 255 255 255 255 255 255 255 255 255 253 250 233 207 170 143 122 97 77 63 52 49 42 36 32 24 21 17 16 13 12 9 9 9 8 6 5 4 3 3 2 3 3 2 2 2 2 2 2 2 2 2 2 2 3 4 4 8 19 110 245 255 254 157 31 13 7 3 2 2 11 24 116 176 117 25 7 4 2 0 0 0 1 1 2 0 2 0 0 0 0 0 0 0 0 0 0 1 1 0 0 2 0 0 0 0 0 0 0 0 0 2 0 0 2 5 11 23 25 4 0 0 1 1 0 0 0 0 0 0 0 0 0 0 0 0 0 2 0 2 0 2 5 18 21 11 3 3 2 2 1 2 2 2 2 2 2 2 1 0 0 0 0 0 0 2 2 3 4 5 7 10 10 11 16 22 25 50 96 165 192 75 18 7 3 0 0 0 2 0 0 0 0 0 2 3 2 2 3 4 4 4 5 10 15 26 45 86 147 205 247 255 255 255 255 255 255 255 255 255 255 255 255 255 255 255 255 255 255 255 255 255 255 255 255 255 255 255 255 255 255 255 255 255 255 255 255 255 255 255 255 255 255 255 255 255 255 255 255 255 255 255 255 255 255 255 255 255 255 255 255 255 255 255 255 255 255 255 255 255 255 255 255 255 255 255 255 255 255 255 255 255 255 255 255 255 255 255 255 255 255 255 255 255 255 255 255 255 255 255 255 255 255 255 255 255 255 255 255 255 255 255 255 255 255 255 255 255 255 255 255 255 255 255 255 255 255 255 255 255 255 255 255 255 255 255 255 255 255 255 255 255 255 255 255 255 255 255 255 255
0 0 0 0 0 0 0 0 0 0 0 0 0 0 0 0 0 0 0 0 0 0 1 1 1 2 2 1 1 1 3 3 3 1 2 3 3 2 5 11 17 26 33 45 63 125 180 229 248 251 251 251 251 250 240 201 142 106 69 39 26 18 12 9 6 6 4 2 1 1 1 1 0 0 0 0 0 0 1 1 1 0 0 0 0 0 0 0 0 0 0 0 2 2 1 1 1 1 1 3 2 1 2 2 2 2 1 2 2 1 1 2 2 2 1 1 1 0 0 0 0 0 0 0 0 1 1 1 2 1 1 1 5 11 20 27 41 81 133 187 235 252 255 255 255 255 255 255 255 255 255 255 255 255 255 255 255 252 238 197 160 128 111 87 70 53 48 42 38 32 26 23 16 11 10 9 8 8 7 7 7 7 6 5 4 3 1 1 1 2 2 2 2 3 2 2 2 2 2 0 1 2 1 1 2 2 5 3 6 12 44 203 255 255 222 61 17 7 5 3 2 2 13 34 133 168 98 19 7 3 2 0 0 0 2 0 2 0 0 2 0 0 0 0 0 0 0 0 0 0 1 2 1 1 0 0 0 0 0 0 0 0 0 2 0 0 2 5 13 22 24 4 0 0 0 1 2 0 0 0 0 0 0 0 0 0 0 2 2 2 2 2 2 2 6 21 19 9 2 3 2 2 3 2 2 2 2 2 2 2 2 2 2 2 2 3 6 5 7 8 9 11 13 18 22 31 41 58 66 84 110 162 192 72 16 6 2 3 3 3 2 0 0 0 0 0 0 0 1 2 1 1 2 3 4 5 5 8 14 19 30 57 100 155 213 252 255 255 255 255 255 255 255 255 255 255 255 255 255 255 255 255 255 255 255 255 255 255 255 255 255 255 255 255 255 255 255 255 255 255 255 255 255 255 255 255 255 255 255 255 255 255 255 255 255 255 255 255 255 255 255 255 255 255 255 255 255 255 255 255 255 255 255 255 255 255 255 255 255 255 255 255 255 255 255 255 255 255 255 255 255 255 255 255 255 255 255 255 255 255 255 255 255 255 255 255 255 255 255 255 255 255 255 255 255 255 255 255 255 255 255 255 255 255 255 255 255 255 255 255 255 255 255 255 255 255 255 255 255 255 255 255 255 255 255 255 255 255 255 255 255 255
0 0 0 0 0 0 0 0 0 0 1 1 1 1 1 1 1 1 1 0 1 1 1 0 0 2 1 1 2 2 0 0 0 1 3 4 7 13 23 31 43 66 115 169 220 245 251 251 251 251 250 240 202 144 99 64 42 27 14 10 8 4 3 2 2 1 1 1 0 0 0 0 0 0 0 0 1 1 1 0 0 0 0 0 0 0 1 1 1 1 2 2 1 1 0 0 0 0 2 1 1 2 1 1 2 1 0 0 1 1 1 1 0 0 0 0 0 0 0 0 0 0 0 1 1 1 1 1 2 2 6 13 21 34 61 121 183 238 253 255 255 255 255 255 255 255 255 255 255 255 255 255 250 215 174 143 124 129 92 58 49 39 34 25 18 15 11 8 8 8 8 8 9 9 8 8 7 6 6 5 2 2 3 3 3 3 2 2 1 1 0 0 0 0 0 0 0 0 2 2 3 2 2 1 2 4 4 5 7 26 132 253 255 253 124 25 12 4 4 2 0 6 12 48 148 164 67 16 6 3 2 0 0 0 2 0 2 0 0 2 0 0 0 0 0 0 0 0 0 0 1 1 1 1 0 0 0 0 0 0 0 0 0 2 0 0 2 5 13 23 23 3 0 0 0 0 0 2 0 0 1 2 2 2 2 2 2 2 2 2 2 2 2 2 6 20 20 7 2 2 2 0 2 0 0 0 1 2 2 2 3 5 4 7 9 11 13 17 20 26 30 34 43 57 81 101 124 136 159 179 174 180 175 76 11 6 2 1 2 0 2 2 2 2 2 0 0 0 0 0 1 2 2 1 0 1 3 4 4 7 9 16 24 36 55 101 150 205 249 255 255 255 255 255 255 255 255 255 255 255 255 255 255 255 255 255 255 255 255 255 255 255 255 255 255 255 255 255 255 255 255 255 255 255 255 255 255 255 255 255 255 255 255 255 255 255 255 255 255 255 255 255 255 255 255 255 255 255 255 255 255 255 255 255 255 255 255 255 255 255 255 255 255 255 255 255 255 255 255 255 255 255 255 255 255 255 255 254 251 251 247 245 244 239 236 234 232 232 232 236 239 244 246 251 255 255 255 255 255 255 255 255 255 255 255 255 255 255 255 255 255 255 255 255 255 255 255 255 255 255 255 255 255 255 255 255 255 254 247 236 226 212
0 0 0 0 0 0 1 1 1 1 0 0 0 0 0 0 0 1 2 2 1 0 0 0 1 3 2 1 0 0 0 1 3 5 8 17 29 47 61 102 156 207 243 251 251 253 251 250 242 203 149 100 63 45 27 15 9 7 5 3 2 2 2 1 1 1 1 1 1 1 1 1 1 1 2 2 2 2 2 1 2 2 2 2 2 2 1 0 0 0 1 0 0 0 1 1 0 0 2 2 2 1 1 1 1 1 0 0 0 0 0 0 0 0 0 0 0 0 0 0 0 1 1 1 1 1 1 3 8 15 22 45 89 153 219 252 255 255 255 255 255 255 255 255 255 255 255 253 240 194 153 123 89 70 55 46 49 60 53 20 13 8 8 9 10 9 9 10 8 8 8 7 5 4 3 2 3 3 2 2 2 2 0 0 0 2 1 1 1 0 0 0 0 0 2 2 2 2 2 0 2 0 0 0 3 5 3 7 13 72 226 255 255 191 40 16 6 4 3 0 1 8 15 73 168 141 45 11 7 3 0 0 0 2 0 0 2 0 0 2 0 0 0 0 0 0 0 0 0 0 0 1 2 2 2 0 0 0 0 0 0 0 0 2 2 2 3 6 13 25 21 3 0 0 0 0 1 2 2 2 1 2 2 2 2 2 0 0 2 2 0 1 1 0 7 20 20 7 0 2 2 3 3 2 2 3 4 6 7 8 9 11 15 18 23 28 35 41 58 76 101 120 139 152 165 177 179 179 163 149 144 146 150 75 16 6 3 2 2 0 0 0 0 0 2 3 3 3 2 0 0 0 0 1 2 2 1 0 2 2 4 5 8 10 15 20 30 48 84 134 176 226 251 255 255 255 255 255 255 255 255 255 255 255 255 255 255 255 255 255 255 255 255 255 255 255 255 255 255 255 255 255 255 255 255 255 255 251 245 234 229 226 219 216 211 203 194 186 173 157 153 155 157 155 151 153 149 149 155 169 180 206 224 236 240 240 234 232 225 219 211 201 190 183 175 170 163 161 157 153 148 151 148 142 137 136 131 127 118 117 115 114 109 99 95 89 84 87 92 93 94 94 101 120 132 140 148 157 164 164 157 154 152 148 141 138 136 136 146 154 166 175 187 195 204 201 200 196 193 193 193 192 183 174 164 149 135 114 91 80 72 62
0 0 0 1 1 1 2 1 1 0 0 0 0 0 0 1 1 1 0 1 2 2 1 2 2 1 0 0 1 2 4 7 11 17 34 50 78 132 198 240 250 251 253 253 251 245 210 156 101 62 42 30 16 10 7 6 5 4 4 3 3 2 2 2 2 0 0 0 0 0 1 1 2 2 2 1 1 0 1 1 1 0 0 0 0 0 1 1 1 1 0 0 0 0 0 0 1 1 3 2 2 1 1 1 0 0 0 0 0 0 0 0 0 0 0 0 0 0 0 1 1 1 1 1 1 3 7 16 26 53 112 176 241 253 255 255 255 255 255 255 255 255 255 255 247 202 144 113 84 63 41 27 20 16 10 10 14 31 54 17 8 6 5 5 4 3 2 3 3 3 1 1 1 1 0 0 0 0 0 0 0 0 0 0 0 1 0 0 0 1 1 1 2 2 2 1 0 0 0 2 0 0 0 2 4 4 4 9 35 168 255 255 242 87 17 10 4 3 2 0 3 10 21 104 172 123 29 9 7 2 0 0 0 2 0 0 1 1 0 0 2 0 0 0 0 0 0 0 0 0 0 0 0 2 2 0 0 0 0 0 0 0 2 2 0 0 3 7 13 27 18 2 2 0 1 2 1 2 2 2 2 0 0 0 0 0 0 1 2 1 0 2 1 3 10 24 21 9 4 4 5 5 8 9 10 13 15 17 21 27 34 48 57 66 77 101 126 146 162 172 177 185 179 167 150 137 123 94 76 58 44 71 140 92 22 9 3 0 1 1 0 0 0 0 0 0 0 0 2 3 3 3 3 0 0 0 1 2 2 2 2 2 3 3 4 7 11 14 13 23 43 64 100 132 144 167 177 181 174 169 165 162 156 154 154 163 165 165 184 246 255 246 214 186 172 174 176 182 174 177 177 175 182 189 206 237 231 170 143 135 129 124 105 103 103 96 84 75 64 55 51 48 42 40 38 40 42 40 39 37 48 58 72 81 88 86 83 79 72 68 62 59 52 48 48 44 45 45 43 42 42 36 32 32 32 31 34 34 33 33 33 31 31 31 31 32 33 38 39 44 48 53 55 53 59 63 63 60 60 55 56 56 54 54 54 54 55 61 62 61 62 67 70 72 70 72 72 73 70 70 64 62 58 55 50 47 41 39 35 28 22 20
1 1 1 1 1 1 0 0 0 0 0 0 0 1 1 0 0 1 1 1 0 1 1 2 0 1 2 4 5 8 13 18 38 63 112 167 229 248 251 253 253 251 246 213 164 110 62 44 29 20 12 8 7 5 5 3 2 2 0 0 0 0 0 0 1 1 1 1 1 1 1 1 1 0 0 0 0 0 0 0 0 0 0 0 0 0 0 0 0 0 0 0 0 0 0 0 1 1 3 2 1 2 1 0 0 0 0 0 0 0 0 0 0 0 0 0 0 1 1 1 1 1 2 3 8 15 29 51 117 194 247 255 255 255 255 255 255 255 255 255 255 233 174 127 83 60 41 24 17 13 8 7 7 7 6 6 6 17 46 20 6 3 2 1 1 2 3 2 1 1 1 1 1 1 1 0 0 0 0 0 0 0 0 0 0 1 0 1 1 1 1 1 1 0 0 0 0 0 1 1 0 0 1 4 5 3 7 20 99 247 255 254 150 27 13 6 2 3 2 2 5 9 31 129 172 93 19 8 5 2 0 0 1 1 0 0 0 2 0 0 2 0 0 0 0 0 0 0 0 0 0 0 0 2 2 0 0 0 0 0 0 2 0 2 2 2 3 6 14 29 16 3 2 2 2 2 2 0 0 1 2 1 0 0 1 2 3 4 4 5 6 5 5 5 15 28 23 15 13 12 18 21 27 29 36 46 53 66 78 99 124 133 144 160 172 179 180 172 162 150 137 113 95 82 62 42 28 22 19 17 17 34 104 128 30 10 4 0 0 2 0 0 0 0 0 0 0 0 0 0 0 0 0 3 3 3 3 3 3 3 3 3 3 4 4 4 3 6 9 9 8 11 18 35 40 40 38 39 43 40 39 37 35 37 40 35 42 53 104 219 255 240 179 124 105 84 85 84 86 92 95 110 114 118 143 216 224 135 76 51 42 39 37 31 30 30 29 22 17 13 11 10 10 11 10 11 10 11 12 13 13 16 20 22 19 19 15 14 14 13 11 10 11 12 13 14 13 14 15 15 13 15 14 13 14 13 11 10 8 8 7 8 9 8 8 8 7 6 6 8 8 9 10 13 13 15 17 21 22 23 24 22 22 21 21 19 19 18 15 16 15 13 13 16 19 18 18 18 18 16 18 17 19 18 19 17 16 16 15 15 17 18
1 1 1 0 0 0 0 0 0 0 0 1 1 0 0 1 1 0 0 0 1 2 3 2 4 7 8 10 14 26 39 73 123 193 240 251 251 253 251 248 227 170 115 60 35 29 26 15 11 7 4 2 2 2 1 0 0 0 1 1 1 1 1 1 0 0 0 0 1 1 1 0 0 0 0 0 0 0 0 0 0 0 0 0 0 0 0 0 0 0 0 0 0 0 0 1 0 0 2 2 2 0 0 0 0 0 0 0 0 0 0 0 0 0 0 0 1 1 1 1 1 3 7 14 28 58 118 204 250 255 255 255 255 255 255 255 255 255 235 166 114 67 41 28 23 17 10 8 5 5 5 5 3 2 1 1 3 12 37 30 5 3 0 1 2 1 1 0 1 0 0 0 0 0 0 1 1 1 1 1 0 0 1 1 1 2 1 1 0 0 0 0 0 0 0 0 0 0 2 0 0 0 3 4 4 5 11 50 204 255 255 211 54 14 8 4 2 2 2 3 4 12 43 152 162 66 13 7 5 2 0 0 2 0 0 0 0 2 0 0 2 0 0 0 0 0 0 0 0 0 0 0 0 0 2 2 0 0 0 0 2 0 2 2 2 0 2 6 14 33 13 3 3 2 1 0 0 2 2 2 2 3 3 3 5 5 6 6 5 6 7 8 11 14 25 43 40 38 40 50 60 68 89 119 135 147 154 161 169 172 176 176 172 160 146 133 110 88 70 49 34 29 21 19 17 13 11 9 8 8 11 22 80 138 50 11 7 2 2 2 2 2 2 2 2 2 2 2 2 2 1 0 0 0 0 0 0 0 0 0 0 0 2 2 1 2 3 3 4 3 5 5 7 13 13 11 10 11 9 10 9 11 12 13 12 16 13 19 63 208 255 239 164 69 47 44 45 39 43 39 43 31 44 56 90 194 226 135 39 20 17 11 11 8 8 10 8 7 7 7 8 9 10 11 9 8 7 8 6 7 7 6 8 6 7 7 7 6 6 6 6 6 5 4 4 4 5 7 7 7 7 7 6 6 5 5 5 5 6 5 5 5 4 5 5 5 5 4 5 4 4 4 4 4 5 5 6 6 5 6 5 6 6 5 4 3 2 2 4 4 4 7 8 9 7 6 7 7 6 8 8 7 6 6 6 6 5 5 5 5 5 5
0 0 0 0 0 0 0 1 1 1 1 0 1 1 1 1 1 1 2 2 2 5 8 9 11 12 23 35 55 97 153 210 245 251 251 251 250 239 193 125 76 40 29 24 18 9 5 4 1 2 2 2 2 1 1 1 1 1 0 0 0 0 0 0 0 1 1 1 0 0 0 0 0 0 0 0 0 0 0 0 0 0 0 0 0 0 0 0 0 0 0 0 0 1 1 0 0 0 2 0 3 0 0 0 0 0 0 0 0 0 0 0 0 0 0 1 1 1 0 2 8 12 31 58 123 204 252 255 255 255 255 255 255 255 255 252 187 123 67 41 24 19 13 10 6 4 4 4 4 3 2 1 1 2 1 1 3 7 30 37 9 4 3 2 1 1 0 0 0 0 0 0 0 0 0 0 0 0 0 0 1 1 1 0 0 1 0 0 0 0 0 0 0 0 0 0 0 2 0 0 0 2 4 4 4 8 27 137 254 255 250 112 20 13 5 2 0 2 3 2 5 15 69 162 150 43 11 6 4 2 1 0 2 0 0 0 0 2 0 0 2 0 0 0 0 0 0 0 0 0 0 0 0 0 2 2 0 0 0 2 0 2 0 2 0 0 3 4 15 34 13 5 2 2 3 4 5 4 5 8 9 9 9 10 9 9 11 13 17 23 24 30 43 56 92 114 124 131 147 155 162 169 172 167 165 161 165 161 148 137 121 94 75 60 41 30 26 24 16 11 9 8 5 4 2 0 0 2 4 5 5 10 56 142 63 18 6 2 0 2 0 0 0 0 0 0 0 0 0 0 1 2 0 0 0 0 0 0 0 0 0 0 0 0 1 2 2 1 1 3 3 3 5 6 8 5 4 4 4 4 5 4 3 3 3 3 8 12 45 205 255 243 167 58 41 28 27 20 17 18 19 17 30 41 65 182 226 143 45 19 11 9 10 9 6 6 7 5 4 5 5 5 4 3 4 5 4 4 4 4 4 5 7 7 8 4 5 5 3 3 3 3 2 2 3 4 4 2 2 2 2 2 2 2 3 4 4 4 4 5 5 4 5 5 4 4 5 5 4 4 4 4 5 4 4 4 4 4 4 3 3 3 4 4 5 5 6 6 7 7 7 5 5 4 4 4 4 4 4 4 4 4 4 3 3 3 3 3 3 4 3 3
0 0 0 0 0 1 1 0 0 1 1 1 1 1 1 1 2 4 5 8 9 8 10 23 39 54 96 139 194 233 248 250 251 250 245 224 164 97 53 32 25 18 9 7 5 3 2 3 4 2 2 1 0 0 0 0 0 0 0 0 0 0 0 1 1 1 0 0 0 0 0 0 0 0 0 0 0 0 0 0 0 0 0 0 0 0 0 0 0 0 0 1 1 0 0 0 0 0 2 0 3 0 0 0 0 0 0 0 0 0 0 0 0 1 2 1 1 2 7 14 28 60 123 204 250 255 255 255 255 255 255 255 255 241 159 90 50 22 16 13 9 7 5 3 3 4 3 1 0 1 1 1 1 1 1 0 2 4 25 42 12 2 1 0 0 0 0 0 0 0 0 0 0 0 0 0 0 0 0 0 0 0 0 0 0 1 0 0 0 0 0 0 0 0 0 0 1 1 0 0 2 4 2 6 7 15 76 238 255 255 164 37 13 7 3 2 1 3 2 3 6 21 106 171 127 25 9 5 3 2 2 2 0 0 0 0 0 0 2 0 1 1 0 0 0 0 0 0 0 0 0 0 0 0 2 2 2 0 2 0 2 0 2 1 2 2 2 5 14 35 12 6 4 6 8 8 9 12 13 11 15 19 22 27 29 41 54 66 85 92 116 134 145 164 164 165 169 169 165 164 163 156 144 135 125 98 77 60 47 35 25 23 19 17 13 11 8 5 4 4 2 1 2 0 0 0 0 2 2 3 5 7 36 140 86 24 6 4 0 2 0 0 0 0 0 0 0 0 0 0 0 0 2 2 0 0 0 0 0 0 0 0 0 0 0 0 0 1 2 2 2 2 3 4 4 4 5 5 4 3 5 4 4 5 4 5 6 16 43 200 255 245 167 56 36 19 19 17 14 12 16 22 29 33 68 151 232 161 46 14 9 5 4 5 6 7 7 5 6 5 5 5 6 6 5 5 5 5 5 5 4 4 3 4 5 2 2 2 4 2 2 3 3 2 2 2 0 0 0 2 0 0 0 0 0 0 0 0 2 2 3 3 2 3 4 4 3 3 4 4 4 4 3 3 3 2 2 2 3 3 3 2 0 0 0 0 2 2 1 1 2 2 2 2 3 2 2 1 0 0 0 1 2 1 0 0 0 2 1 0 0 1
0 0 0 0 1 2 1 2 2 2 2 2 2 1 2 5 7 8 8 12 29 48 67 110 144 195 223 243 248 250 247 236 223 210 169 97 44 32 21 12 6 5 3 3 4 4 3 2 0 0 0 0 0 0 0 0 0 0 0 0 0 1 1 1 0 0 0 0 0 0 0 0 0 0 0 0 0 0 0 0 0 0 0 0 0 0 0 0 1 1 1 0 0 0 0 0 0 0 1 1 3 1 0 0 0 0 0 0 0 0 0 0 1 2 1 1 7 13 27 56 121 204 249 255 255 255 255 255 255 255 255 230 139 68 29 16 16 12 9 5 4 3 3 3 2 1 1 1 1 1 0 0 0 0 1 1 2 5 16 39 20 5 1 0 0 0 0 0 0 0 0 0 0 0 0 0 0 0 0 0 0 0 0 0 0 1 0 0 0 0 0 0 0 0 0 0 2 0 0 1 3 3 4 7 9 37 187 255 255 230 67 18 10 3 2 0 2 3 2 3 9 28 136 167 96 18 8 4 2 2 1 2 0 0 0 0 0 0 2 0 0 2 0 0 0 0 0 0 0 0 0 0 0 0 1 2 2 2 2 2 2 2 2 1 2 0 0 7 19 33 18 11 10 12 16 24 29 38 43 56 70 87 100 114 134 142 150 161 162 171 178 176 172 162 149 138 127 116 98 74 57 48 40 30 22 21 16 15 13 12 11 6 5 4 3 5 2 2 2 2 0 0 1 1 1 2 2 2 0 3 3 5 25 126 114 31 8 5 0 0 2 0 0 0 0 0 0 0 0 0 0 0 0 0 2 2 1 0 0 0 0 0 0 0 0 0 0 0 0 0 0 2 3 4 4 3 3 4 5 5 4 3 3 4 4 3 3 14 44 200 255 246 163 56 30 17 16 13 11 7 11 11 18 25 55 139 228 180 61 19 11 6 6 4 4 4 4 3 2 1 0 0 3 2 2 0 0 2 2 2 3 4 3 3 7 7 5 6 6 6 5 4 4 5 4 3 3 3 4 3 2 2 2 2 2 2 2 2 2 3 3 3 3 2 0 0 0 0 0 0 0 0 0 0 0 2 2 2 0 0 2 3 3 3 3 3 2 2 0 0 2 2 2 2 2 2 2 0 0 0 0 0 0 1 2 2 2 2 2 2 2 1
1 1 1 2 1 1 1 0 1 1 1 2 4 6 8 8 12 23 47 76 117 163 208 236 245 248 248 244 234 201 147 176 194 143 62 29 17 5 3 3 2 2 3 3 1 1 0 0 0 0 0 0 0 0 0 0 0 0 0 1 1 1 0 0 0 0 0 0 0 0 0 0 0 0 0 0 0 0 0 0 0 0 0 0 0 0 1 1 1 0 0 0 0 0 0 0 0 0 0 2 2 2 0 0 0 0 0 0 0 0 1 2 1 1 5 14 24 52 112 197 247 255 255 255 255 255 255 255 255 222 132 55 23 15 13 11 7 5 2 3 2 3 2 1 1 0 0 0 0 0 0 0 0 0 0 0 2 3 14 34 27 5 3 0 0 0 0 0 0 0 0 0 0 0 0 0 0 0 0 0 0 0 0 0 0 1 0 0 0 0 0 0 0 0 0 1 1 0 2 2 4 2 6 9 20 119 253 255 253 127 24 14 4 2 2 0 4 2 2 4 13 47 148 159 73 14 7 4 2 2 0 2 0 0 0 0 0 0 2 0 2 0 0 0 0 0 0 0 0 0 1 2 2 2 2 4 2 2 2 2 2 2 2 2 2 3 4 8 22 30 21 24 30 41 62 82 103 132 150 166 171 172 176 176 171 169 165 162 155 140 121 99 80 60 49 41 28 25 23 19 15 12 10 10 8 7 5 4 3 2 2 1 0 0 0 4 2 3 0 0 2 2 2 2 1 0 0 0 2 2 2 4 17 103 133 39 9 7 0 0 2 0 0 0 0 0 0 0 0 0 0 0 0 0 0 0 1 2 2 0 0 0 0 0 0 0 0 0 0 0 0 0 2 3 3 3 3 1 0 1 2 3 3 3 4 3 3 11 43 200 255 247 157 59 24 17 15 7 6 3 6 11 16 24 48 128 221 199 68 20 9 6 3 4 3 3 3 0 0 0 1 2 2 2 0 0 0 0 0 0 0 0 3 3 3 5 2 0 0 3 4 3 0 2 2 3 3 4 3 3 3 4 4 3 3 4 5 5 3 0 0 0 0 2 1 0 0 0 2 2 2 2 2 2 2 2 2 2 3 3 2 2 2 2 2 2 2 2 3 3 2 2 2 2 2 0 0 2 2 2 3 3 3 3 3 3 5 4 2 2 2 2
0 1 1 1 1 1 1 1 2 3 4 5 7 11 23 42 76 125 174 220 243 248 248 246 239 213 177 137 132 101 127 191 159 54 18 6 3 3 3 2 2 2 2 1 1 0 0 0 0 0 0 0 0 0 0 0 0 1 1 1 0 0 0 0 0 0 0 0 0 0 0 0 0 0 0 0 0 0 0 0 0 0 1 1 1 1 0 0 0 0 0 0 0 0 0 0 0 0 0 1 2 2 2 0 0 0 0 0 0 2 2 2 4 12 23 43 93 176 244 253 255 255 255 255 255 255 255 219 132 51 21 15 13 10 6 3 2 2 2 2 2 0 0 0 0 0 0 0 0 0 0 0 0 0 0 0 3 4 8 34 28 8 4 2 0 0 0 0 0 0 0 0 0 0 0 0 0 0 0 0 0 0 0 0 1 0 0 0 0 0 0 0 0 0 0 2 0 2 1 3 2 3 9 11 62 226 255 255 187 41 15 7 3 0 2 2 4 0 3 5 15 67 167 141 49 9 8 3 2 2 0 2 2 0 0 0 0 0 2 0 2 0 0 2 2 2 2 2 2 2 2 2 2 2 2 2 2 2 0 2 0 2 2 2 2 3 4 9 27 34 35 46 79 124 153 165 173 171 166 158 149 141 134 127 110 89 78 51 36 35 30 28 19 16 12 9 10 9 7 5 3 2 3 2 2 0 0 0 0 0 0 2 2 0 2 4 2 2 0 0 0 0 0 2 0 0 0 0 1 3 1 4 12 79 141 49 12 8 0 0 2 0 0 0 0 0 0 0 0 0 0 0 0 0 0 0 0 0 0 2 2 1 0 0 0 0 0 0 0 0 0 0 3 3 2 0 0 1 2 2 1 2 1 3 3 3 3 10 44 198 255 247 166 56 21 14 14 5 6 4 5 7 9 18 42 108 216 211 81 28 9 6 2 1 1 0 4 0 2 2 2 2 0 2 0 0 0 0 0 0 0 0 0 0 2 4 0 0 0 0 0 0 3 3 3 4 3 3 3 3 3 3 3 4 4 2 2 2 4 4 4 4 4 3 3 4 4 4 3 3 3 2 0 0 0 0 0 0 0 0 0 0 0 0 0 0 0 0 0 0 0 0 0 0 0 2 2 2 2 1 0 0 0 0 0 0 0 0 3 3 0 0
1 2 2 1 2 2 2 3 5 7 13 21 41 73 121 174 220 243 248 248 243 228 199 156 113 73 70 82 89 77 172 195 79 13 5 2 3 1 1 0 2 2 1 1 0 0 0 0 0 0 0 0 0 0 0 0 1 1 0 0 0 0 0 0 0 0 0 0 0 0 0 0 0 0 0 0 0 0 1 1 1 1 0 0 0 0 0 0 0 0 0 0 0 0 0 0 0 0 0 0 3 1 1 1 0 0 0 1 3 2 2 8 18 36 80 159 241 253 255 255 255 255 255 255 255 217 130 58 21 14 12 9 5 3 1 2 2 0 1 1 0 0 0 0 0 0 0 0 0 0 0 1 2 2 2 2 0 2 5 29 31 12 3 3 1 1 0 0 0 0 0 0 0 0 0 0 0 0 0 0 0 0 0 0 1 0 0 0 0 0 0 0 0 0 1 1 2 0 3 3 2 7 9 28 162 255 255 239 84 19 10 3 2 2 0 3 2 1 3 5 16 112 170 127 30 6 8 3 2 2 2 2 2 2 2 2 2 2 2 2 3 2 2 2 2 2 0 0 1 2 2 2 1 0 0 2 3 2 2 2 2 2 1 2 4 5 5 14 41 46 74 120 145 153 142 138 128 108 78 59 43 38 31 27 25 19 17 19 16 13 9 5 4 4 4 4 3 2 2 2 3 3 3 3 2 2 0 0 0 2 2 2 0 0 3 4 2 2 0 0 0 0 0 2 0 0 0 0 0 3 0 3 10 54 143 67 16 7 2 0 2 0 0 0 0 0 0 0 0 0 0 0 0 0 0 0 0 0 0 0 0 1 2 2 0 0 0 0 0 0 1 2 2 1 2 2 0 0 0 0 2 2 1 3 0 1 3 11 43 194 255 249 168 58 23 9 12 5 5 1 0 5 7 19 38 104 201 219 105 29 11 6 4 0 1 1 4 2 1 2 1 0 0 2 0 0 0 0 0 0 0 0 0 0 0 3 2 0 0 0 0 0 0 0 1 0 0 0 0 0 1 2 2 2 2 1 0 0 0 0 0 0 0 0 0 0 0 0 0 0 0 2 3 3 3 2 0 0 0 0 0 0 0 0 0 0 0 0 0 0 0 0 0 0 0 0 0 0 0 0 0 0 0 0 0 0 0 0 0 0 3 2
3 3 2 3 2 4 7 12 18 36 68 118 171 220 243 248 248 243 220 186 134 81 49 25 14 13 27 67 87 108 201 159 28 5 4 2 1 0 0 1 2 1 1 0 0 0 0 0 0 0 0 0 0 0 1 1 0 0 0 0 0 0 0 0 0 0 0 0 0 0 2 0 0 0 0 1 1 1 1 0 0 0 0 0 0 0 0 0 0 0 0 0 0 0 0 0 0 0 0 0 1 2 1 1 2 1 3 3 2 6 16 29 65 141 224 252 255 255 255 255 255 255 255 219 132 55 21 13 11 8 5 3 1 1 1 1 1 1 0 0 0 0 0 0 0 0 1 2 2 2 2 1 0 0 0 0 0 1 4 18 35 20 4 4 0 1 0 0 0 0 0 0 0 0 0 0 0 0 0 0 0 0 0 0 1 0 0 0 0 0 0 0 0 0 2 1 1 2 3 3 4 9 13 94 250 255 254 142 27 11 7 2 0 2 2 2 2 2 3 7 24 138 167 99 21 7 6 3 2 2 2 2 2 2 2 2 2 2 2 3 2 1 2 2 2 2 2 2 1 0 0 0 1 2 2 4 4 2 2 3 3 4 5 7 7 9 14 29 62 111 130 136 126 108 83 48 28 21 16 17 15 15 10 7 7 9 7 5 7 4 2 2 2 1 0 0 0 0 0 0 0 0 2 2 0 2 2 2 2 0 0 0 0 0 3 3 2 2 0 0 0 0 0 2 0 0 0 0 2 2 0 2 8 37 137 94 21 8 3 0 0 2 0 0 0 0 0 0 0 0 0 0 0 0 0 0 0 0 0 0 0 0 0 0 2 2 2 2 0 0 1 1 2 0 1 0 0 0 0 0 0 0 2 3 2 2 2 10 44 189 255 252 168 60 27 10 16 6 5 2 2 7 7 18 27 93 185 224 132 37 11 8 5 2 1 2 2 4 2 0 0 0 0 1 1 0 0 0 0 0 0 0 0 0 0 2 1 0 0 0 0 1 2 2 2 2 2 2 2 2 1 0 0 0 0 0 0 0 0 0 0 0 0 0 0 0 0 0 0 0 0 0 0 0 0 2 2 0 0 0 0 0 0 0 0 0 0 0 0 0 0 0 0 0 0 0 0 0 0 0 0 0 0 0 0 0 0 0 0 0 0 0
3 4 4 8 12 18 36 64 112 167 215 243 248 248 243 223 184 124 78 42 18 14 10 13 11 9 13 50 104 155 210 109 9 5 3 0 0 0 1 2 2 1 1 0 0 0 0 0 0 0 0 0 0 1 1 0 0 0 0 0 0 0 0 0 0 0 0 3 3 3 1 0 0 1 1 1 0 0 0 0 0 0 0 0 0 0 0 0 0 0 0 0 0 0 0 0 0 0 0 0 0 2 2 2 3 3 2 4 14 27 57 121 206 252 255 255 255 255 255 255 255 224 137 62 23 16 11 8 4 1 1 2 2 1 1 1 0 0 0 0 0 0 2 2 2 2 1 0 0 0 0 0 0 0 0 0 0 0 3 11 33 26 6 3 3 2 0 0 0 0 0 0 0 0 0 0 0 0 0 0 0 0 0 0 1 0 0 0 0 0 0 0 0 1 1 2 1 3 3 2 7 10 41 213 255 255 204 52 16 6 3 1 2 1 3 2 2 2 3 10 41 150 162 73 17 7 6 3 2 2 2 2 2 2 2 2 2 2 2 2 4 1 0 0 0 1 2 2 2 2 2 2 2 3 2 4 4 5 7 8 8 10 11 10 14 18 31 78 130 134 125 104 80 43 21 17 15 9 8 3 4 4 6 8 8 7 7 6 7 2 0 0 0 0 0 0 0 0 0 0 0 0 2 2 0 0 0 0 0 0 0 0 0 0 3 2 3 2 0 0 0 0 0 2 0 0 0 0 2 2 2 1 5 26 121 123 29 8 4 1 0 2 0 0 0 0 0 0 0 0 0 0 0 0 0 0 0 0 0 0 0 0 0 0 0 0 0 0 2 1 0 2 2 0 0 0 0 0 0 0 0 0 0 2 2 3 4 9 48 182 255 252 170 58 25 8 12 4 4 1 2 6 4 14 23 68 171 229 154 36 16 8 6 4 4 2 2 4 1 1 0 0 0 0 2 0 0 0 0 0 0 0 0 0 0 2 0 2 2 2 2 1 0 0 0 0 0 0 0 0 0 0 0 0 0 0 0 0 0 0 0 0 0 0 0 0 0 0 0 0 0 0 0 0 0 0 2 2 0 0 0 0 0 0 0 0 0 0 0 0 0 0 0 0 0 0 0 0 0 0 0 0 0 0 0 0 0 0 0 0 0 0
6 12 18 37 58 106 155 205 242 247 248 245 229 188 130 75 38 18 12 9 9 7 5 3 2 3 8 43 113 191 203 54 7 4 2 0 0 0 1 3 0 1 0 0 0 0 0 0 0 0 0 1 1 0 0 0 0 0 0 0 0 0 0 1 2 2 3 3 2 2 1 1 1 0 0 0 0 0 0 0 0 0 0 0 0 0 0 0 0 0 0 0 0 0 0 0 0 0 0 0 1 1 3 4 3 4 11 24 49 107 179 246 255 255 255 255 255 255 255 241 147 66 28 15 9 5 3 1 2 3 3 1 0 0 0 0 0 1 2 2 2 2 0 0 0 0 0 0 0 0 0 0 0 0 0 0 0 0 2 6 27 32 7 5 3 1 1 0 0 0 0 0 0 0 0 0 0 0 0 0 0 0 0 0 1 0 0 0 0 0 0 0 0 1 2 0 2 4 2 5 9 21 137 254 255 246 100 18 8 5 2 0 2 2 2 0 2 2 2 12 65 165 146 60 12 8 5 5 4 4 3 4 3 3 4 3 2 1 0 0 2 2 2 3 3 3 2 3 4 6 6 8 11 13 17 16 15 16 16 18 20 19 23 29 42 77 114 134 145 126 100 59 24 16 9 5 4 5 5 6 5 5 5 4 5 4 6 5 1 0 0 0 0 0 0 0 0 0 0 0 0 0 2 2 0 0 0 0 0 0 0 0 0 0 3 2 3 2 0 0 0 0 0 2 0 0 0 0 0 2 2 0 4 18 103 135 37 7 6 2 0 2 0 0 0 0 0 0 0 0 0 0 0 0 0 0 0 0 0 0 0 0 0 0 0 0 0 0 0 0 0 2 2 0 0 0 0 0 0 0 0 0 2 0 2 0 5 10 54 177 255 254 177 66 23 8 11 5 4 0 0 6 3 11 22 51 154 229 175 43 17 7 4 4 2 2 1 3 2 2 0 0 0 0 2 0 0 0 0 0 0 0 0 0 2 2 2 0 0 0 0 0 0 0 0 0 0 0 0 0 0 0 0 0 0 0 0 0 0 0 0 0 0 0 0 0 0 0 0 0 0 0 0 0 0 0 0 3 0 0 0 0 0 0 0 0 0 0 0 0 0 0 0 0 0 0 0 0 0 0 0 0 0 0 0 0 0 0 0 0 0 0
31 54 96 141 200 240 247 249 245 236 193 138 73 40 18 11 10 7 4 3 2 1 0 2 0 2 7 43 123 207 191 35 6 2 0 1 0 1 2 2 1 1 0 0 0 0 0 0 0 1 1 0 0 0 0 0 0 0 0 0 0 2 3 2 1 3 3 2 2 0 0 0 0 0 0 0 0 0 0 1 1 1 1 1 1 1 0 0 0 0 0 0 0 0 0 0 0 0 1 2 2 2 3 7 10 20 41 87 162 238 252 255 255 255 255 255 255 249 166 74 29 14 7 5 4 3 1 2 3 0 0 0 0 0 0 1 2 1 0 0 0 0 0 0 0 0 0 0 0 0 0 0 0 0 0 0 0 0 1 4 21 36 10 6 5 2 1 0 0 0 0 0 0 0 0 0 0 0 0 0 0 0 0 0 1 0 0 0 0 0 0 0 1 1 1 2 4 2 3 8 10 73 242 255 254 161 31 10 6 3 0 2 2 2 2 0 1 3 2 14 92 165 136 50 11 9 4 6 3 5 6 7 6 7 6 5 6 7 7 7 8 9 12 12 12 15 18 21 21 22 21 23 24 26 28 33 38 41 44 57 64 77 92 114 125 133 147 145 123 89 42 12 7 5 5 4 3 3 2 2 2 2 2 1 2 3 4 0 2 0 0 0 0 0 0 0 0 0 0 0 0 0 2 2 0 0 0 0 0 0 0 0 0 0 3 2 4 0 0 0 0 0 2 0 0 0 0 0 0 2 2 0 4 12 77 141 47 13 6 3 0 2 0 0 0 0 0 0 0 0 0 0 0 0 0 0 0 0 0 0 0 0 0 0 0 0 0 0 0 0 0 2 2 0 0 0 0 0 0 0 0 0 2 0 2 1 3 13 51 175 252 255 183 68 22 9 11 5 4 2 3 5 4 9 18 41 146 224 188 54 22 9 4 4 1 2 1 3 2 3 2 0 0 0 2 0 0 0 0 0 0 0 0 2 0 0 0 0 0 0 0 0 0 0 0 0 0 0 0 0 0 0 0 0 0 0 0 0 0 0 0 0 0 0 0 0 0 0 0 0 0 0 0 0 0 0 0 0 4 0 0 0 0 0 0 0 0 0 0 0 0 0 0 0 0 0 0 0 0 0 0 0 0 0 0 0 0 0 0 0 0 0
135 193 236 247 249 245 236 199 145 70 41 15 9 8 7 4 2 1 2 2 1 0 1 2 0 2 8 43 138 218 168 22 6 2 1 1 0 2 2 0 1 0 0 0 0 0 0 1 2 1 1 1 1 1 1 1 1 1 1 3 3 1 0 0 3 1 1 1 0 0 1 1 1 1 1 1 1 1 1 1 0 0 0 0 0 1 1 0 0 0 0 0 0 0 0 0 1 2 2 2 3 4 8 19 33 73 145 222 252 255 255 255 255 255 255 252 192 87 30 15 9 5 5 4 2 1 2 2 0 0 0 0 0 1 2 1 0 0 0 0 0 0 0 0 0 0 0 0 0 0 0 0 0 0 0 0 0 0 1 4 15 29 19 6 7 4 0 0 0 0 0 0 0 0 0 0 0 0 0 0 0 0 0 0 1 0 0 0 0 0 0 1 1 1 1 3 3 1 7 9 35 181 255 255 218 65 14 6 4 1 0 2 3 2 0 0 2 3 3 9 120 163 133 42 13 15 9 10 10 9 9 11 11 15 17 21 21 23 28 31 35 42 43 53 60 62 61 63 78 91 100 107 112 122 129 135 138 140 147 149 155 158 160 165 171 162 140 115 65 31 9 6 4 2 0 2 2 0 0 0 0 0 0 1 1 0 5 0 1 1 0 0 0 0 0 0 0 0 0 0 0 0 1 2 0 0 0 0 0 0 0 0 0 0 3 2 4 2 0 0 0 0 1 0 0 0 0 0 0 2 2 0 3 8 52 143 70 17 7 3 0 2 0 0 0 0 0 0 0 0 0 0 0 0 0 0 0 0 0 0 0 0 0 0 0 0 0 0 0 0 0 1 2 0 0 0 0 0 0 0 0 0 2 1 1 2 4 13 46 175 252 252 185 81 22 9 11 6 6 2 0 5 6 7 12 37 136 219 206 67 26 9 4 4 1 3 0 2 2 0 3 3 1 0 0 2 1 2 2 2 2 2 2 0 0 0 0 0 0 0 0 0 0 0 0 0 0 0 0 0 0 0 0 0 0 0 0 0 0 0 0 0 0 0 0 0 0 0 0 0 0 0 0 0 0 0 0 0 0 3 2 0 0 0 0 0 0 0 0 0 0 0 0 0 0 0 0 0 0 0 0 0 0 0 0 0 0 0 0 0 0 0
247 249 247 239 203 159 87 47 16 11 7 8 5 3 1 1 2 2 0 0 0 0 1 1 0 2 8 50 157 223 142 13 3 3 1 0 1 2 3 1 2 1 1 1 1 2 2 1 1 0 0 0 0 0 0 0 0 2 2 0 0 0 0 0 0 1 0 0 1 1 0 0 0 0 0 0 0 0 0 0 0 0 0 0 0 0 0 1 0 0 0 0 0 0 1 2 2 2 4 4 8 18 30 59 129 209 252 255 255 255 255 255 255 255 211 107 33 16 10 6 5 4 2 1 0 1 1 0 0 0 0 1 2 1 0 0 0 0 0 0 0 0 0 0 0 0 0 0 0 0 0 0 0 0 0 0 0 0 0 3 11 28 21 9 7 5 0 0 0 0 0 0 0 0 0 0 0 0 0 0 0 0 0 0 1 0 0 0 0 0 0 1 1 0 2 3 2 4 8 14 119 253 255 252 122 23 8 5 2 0 2 2 2 2 0 1 1 2 4 9 119 160 131 69 39 34 35 36 38 42 50 57 61 64 75 81 86 95 103 112 123 128 136 142 142 150 159 163 161 159 161 165 167 166 166 168 168 173 171 170 164 161 154 141 125 102 81 64 29 10 4 5 2 2 2 2 2 0 0 0 0 0 0 0 0 0 4 0 0 2 0 0 0 0 0 0 0 0 0 0 0 0 0 2 0 0 0 0 0 0 0 0 0 1 3 2 4 0 2 0 0 0 0 0 0 0 0 0 0 2 2 0 2 7 34 133 104 19 10 5 1 0 2 0 0 0 0 0 0 0 0 0 0 0 0 0 0 0 0 0 0 0 0 0 0 0 0 0 0 0 0 0 3 2 2 1 0 0 0 0 0 0 2 2 0 2 5 15 43 175 252 252 194 86 20 10 11 8 4 3 2 6 5 5 9 33 122 214 212 83 27 14 5 5 0 0 3 0 3 0 0 2 2 3 3 3 1 0 0 0 0 0 0 0 0 0 0 0 0 0 0 0 0 0 0 0 0 0 0 0 0 0 0 0 0 0 0 0 0 0 0 0 0 0 0 0 0 0 0 0 0 0 0 0 0 0 0 0 0 0 3 0 0 0 0 0 0 0 0 0 0 0 0 0 0 0 0 0 0 0 0 0 0 0 0 0 0 0 0 0 0 0
242 213 161 103 48 18 10 7 6 5 4 1 1 2 2 2 0 0 0 0 0 0 1 1 1 2 8 65 172 221 122 7 3 2 2 1 2 3 0 1 0 0 0 0 1 1 0 0 0 0 0 0 0 0 0 1 2 0 0 0 0 0 0 0 0 1 0 1 0 0 0 0 0 0 0 0 0 0 0 0 0 0 0 0 0 0 0 0 0 0 0 1 1 3 3 4 4 4 8 18 28 50 120 197 249 255 255 255 255 255 255 255 232 123 42 18 11 6 4 3 0 0 0 0 1 1 0 0 0 1 2 1 0 0 0 0 0 0 0 0 0 0 0 0 0 0 0 0 0 0 0 0 0 0 0 0 0 0 1 2 8 22 23 12 6 6 1 1 0 0 0 0 0 0 0 0 0 0 0 0 0 0 0 0 1 0 0 0 0 0 1 0 1 1 3 3 2 7 10 51 223 255 255 179 44 12 5 4 0 0 3 2 2 0 0 0 2 2 4 10 92 150 147 111 95 101 105 116 128 132 137 137 142 151 153 159 163 166 168 170 170 168 164 161 163 164 159 159 159 157 153 148 147 146 141 133 125 114 100 89 80 73 61 42 30 18 25 35 23 8 4 0 2 0 0 0 0 0 0 0 0 0 0 0 0 0 4 2 0 0 2 0 0 0 0 0 0 0 0 0 0 0 0 2 0 0 0 0 0 0 0 0 0 2 2 2 4 1 0 2 2 2 2 0 0 0 0 0 0 2 1 2 2 5 20 118 129 25 11 6 3 0 2 0 0 0 0 0 0 0 0 0 0 0 0 0 0 0 0 0 0 0 0 0 0 0 0 0 0 0 0 2 0 0 0 1 2 2 0 0 0 0 1 2 0 3 4 17 42 170 252 252 201 86 22 10 9 8 2 3 2 4 5 3 9 27 96 203 224 102 25 16 8 4 2 0 2 3 4 2 2 2 3 2 0 3 2 2 1 0 0 0 0 0 0 0 0 0 0 0 0 0 0 0 0 0 0 0 0 0 0 0 0 0 0 0 0 0 0 0 0 0 0 0 0 0 0 0 0 0 0 0 0 0 0 0 0 0 0 0 3 0 0 0 0 0 0 0 0 0 0 0 0 0 0 0 0 0 0 0 0 0 0 0 0 0 0 0 0 0 0 0
102 55 23 10 7 5 4 3 3 2 1 2 2 1 0 0 0 0 0 0 0 0 1 2 2 0 9 77 187 216 105 6 3 1 2 1 2 2 0 1 0 0 1 1 0 0 0 0 0 0 0 0 0 0 2 1 0 0 0 0 0 0 0 0 0 1 1 0 0 0 0 0 0 0 0 0 0 0 0 0 0 0 0 0 1 1 1 1 2 2 2 3 4 4 3 3 7 17 28 44 110 190 244 255 255 255 255 255 255 255 246 141 49 20 11 5 4 3 0 0 0 0 1 1 1 0 0 1 2 1 0 0 0 0 0 0 0 0 0 0 0 0 0 0 0 0 0 0 0 0 0 0 0 0 0 0 0 0 1 1 6 18 25 16 8 5 3 1 0 0 0 0 0 0 0 0 0 0 0 0 0 0 0 0 1 0 0 0 0 1 0 0 2 2 3 2 5 8 22 160 255 255 238 84 18 7 4 2 0 2 3 0 2 0 0 0 2 2 3 13 56 123 143 153 153 161 161 169 165 164 165 169 170 168 165 161 157 152 146 139 133 127 122 118 112 95 90 79 72 64 59 50 41 29 30 26 22 20 18 16 13 10 7 7 7 10 21 28 16 10 3 2 0 0 0 0 0 0 0 0 0 0 0 0 0 0 3 2 0 0 2 0 0 0 0 0 0 0 0 0 1 0 0 1 0 0 0 0 0 0 0 0 0 1 3 2 2 2 0 0 0 0 0 2 0 0 0 0 0 0 2 2 0 5 12 94 139 36 14 7 3 0 2 0 0 0 0 0 0 0 0 0 0 0 0 0 0 0 0 0 0 0 0 0 0 0 0 0 0 0 0 2 0 0 0 0 0 0 2 1 0 0 0 3 0 3 5 17 44 165 249 255 207 89 25 10 7 8 2 3 2 3 5 3 7 21 83 190 230 130 27 19 9 4 4 2 0 2 2 3 1 0 0 2 2 0 2 0 1 2 1 0 0 0 0 0 0 0 0 0 0 0 0 0 0 0 0 0 0 0 0 0 0 0 0 0 0 0 0 0 0 0 0 0 0 0 0 0 0 0 0 0 0 0 0 0 0 0 0 0 0 3 0 0 0 0 0 0 0 0 0 0 0 0 0 0 0 0 0 0 0 0 0 0 0 0 0 0 0 0 0 0
13 9 7 5 4 3 2 2 1 2 1 1 0 0 0 0 0 0 0 0 0 0 1 2 2 1 16 85 196 213 72 7 3 1 2 1 2 1 1 0 1 1 1 0 0 0 0 0 0 0 0 0 2 2 0 0 0 0 0 0 0 0 0 0 1 1 1 0 0 0 1 1 1 0 0 0 1 1 1 1 1 1 1 1 1 0 1 1 1 2 4 4 3 4 8 18 27 47 108 187 244 252 255 255 255 255 255 255 252 161 66 23 11 5 4 3 1 0 0 0 1 1 1 1 0 1 2 1 0 0 0 0 0 0 0 0 0 0 0 0 0 0 0 0 0 0 0 0 0 0 0 0 0 0 0 0 0 0 1 2 3 14 27 18 10 6 3 1 0 0 0 0 0 0 0 0 0 0 0 0 0 0 0 0 1 0 0 0 1 0 0 0 2 3 3 3 8 12 92 247 255 254 143 31 9 5 4 0 0 3 1 2 0 0 0 1 1 3 4 19 45 86 113 128 132 134 134 125 121 123 113 100 88 76 71 69 65 61 57 54 46 41 36 32 27 24 20 17 15 15 14 13 11 11 9 8 7 7 7 5 4 4 4 3 4 7 24 22 17 5 3 0 0 0 0 0 0 0 0 0 0 0 0 0 0 0 3 2 2 2 0 0 0 0 0 0 0 0 0 2 2 0 0 0 0 0 0 0 0 0 0 0 0 0 3 2 2 2 0 0 0 0 0 2 0 0 0 0 0 0 2 2 0 4 7 63 137 70 18 10 4 2 2 1 0 0 0 0 0 0 0 0 0 0 0 0 0 0 0 2 2 2 2 2 2 2 2 2 2 2 2 0 0 0 0 0 0 0 0 2 0 0 0 3 1 2 5 17 48 156 249 255 209 99 21 11 7 9 3 3 2 2 6 4 7 17 61 181 232 148 37 19 10 4 4 2 0 2 1 2 2 0 0 0 2 1 2 0 0 0 1 2 2 2 0 0 0 0 0 0 0 0 0 0 0 0 0 0 0 0 0 0 0 0 0 0 0 0 0 0 0 0 0 0 0 0 0 0 0 0 0 0 0 0 0 0 0 0 0 0 0 3 0 0 0 0 0 0 0 0 0 0 0 0 0 0 0 0 0 0 0 0 0 0 0 0 0 0 0 0 0 0
7 4 5 3 2 2 1 1 1 0 1 1 0 0 0 0 0 0 0 0 0 1 1 2 1 3 18 105 206 203 56 6 3 2 1 2 1 1 2 1 1 0 0 0 0 0 0 0 0 0 2 2 0 0 0 0 0 0 0 0 0 0 0 0 1 1 1 2 2 2 1 1 1 1 1 1 0 0 0 0 0 0 1 1 1 2 2 2 4 4 4 6 10 20 35 59 113 185 244 252 255 255 255 255 255 255 255 188 84 25 12 7 4 4 2 0 0 0 0 1 1 0 1 1 2 1 0 0 0 0 0 0 0 0 0 0 0 0 0 0 0 0 0 0 0 0 0 0 0 0 0 1 1 1 1 1 1 1 2 2 3 10 26 23 11 7 1 1 0 0 0 0 0 0 0 0 0 0 0 0 0 0 0 0 1 0 0 1 0 0 0 2 3 3 1 7 8 43 202 255 255 204 55 13 7 4 2 0 3 2 0 2 0 0 1 1 2 2 7 30 50 48 59 71 74 70 60 51 47 38 36 34 29 25 21 17 13 11 9 8 8 8 9 8 7 6 7 8 8 5 4 3 3 2 2 2 2 2 0 0 0 0 1 2 5 14 27 18 11 2 0 2 0 0 0 0 0 0 0 0 0 0 0 0 0 0 3 0 2 2 0 0 0 0 0 0 0 0 1 0 2 0 0 0 0 0 0 0 0 0 0 0 0 0 3 2 2 2 0 0 0 0 0 1 1 0 0 0 0 0 2 2 2 0 7 39 127 101 20 13 7 1 1 2 0 0 0 0 0 0 0 0 0 0 0 0 0 0 2 0 0 0 0 0 0 0 0 0 0 0 0 0 0 0 0 0 0 0 0 0 2 0 0 3 2 3 6 17 47 152 246 255 211 109 22 11 7 10 3 2 1 1 6 3 7 9 50 171 235 161 42 22 8 7 4 2 0 1 1 2 2 0 0 0 0 2 2 0 0 0 0 0 0 0 2 2 2 0 0 0 0 0 0 0 0 0 0 0 0 0 0 0 0 0 0 0 0 0 0 0 0 0 0 0 0 0 0 0 0 0 0 0 0 0 0 0 0 0 0 0 0 2 2 0 0 0 0 0 0 0 0 0 0 0 0 0 0 0 0 0 0 0 0 0 0 0 0 0 0 0 0 0
3 2 2 2 2 2 3 2 2 2 2 2 2 2 1 1 1 0 0 0 1 1 0 3 2 4 21 127 206 194 47 6 2 2 1 1 2 2 1 0 0 0 0 0 0 0 0 0 1 2 0 0 0 0 0 0 0 0 0 1 1 1 1 1 3 2 2 1 0 0 1 2 2 3 0 0 0 0 1 1 1 1 1 1 1 2 4 5 5 7 14 26 42 67 120 194 246 255 255 255 255 255 255 255 255 212 98 28 12 6 4 3 2 0 1 1 1 2 3 2 2 3 3 2 1 1 1 1 1 1 1 1 1 1 1 2 2 2 2 2 2 2 2 3 3 3 3 3 3 3 4 4 4 4 4 5 5 5 5 5 5 10 30 28 12 7 2 0 0 0 0 0 0 0 0 0 0 0 0 0 0 0 0 0 1 0 1 1 0 0 0 3 3 3 5 6 20 136 253 255 250 105 18 10 4 3 0 1 3 0 1 1 0 0 2 0 2 2 14 51 53 20 16 17 18 17 15 13 10 9 8 7 6 7 5 4 4 5 4 5 4 4 3 2 3 2 2 2 0 0 0 0 0 0 0 0 0 0 0 0 0 0 2 4 9 22 24 13 5 0 0 2 0 0 0 0 0 0 0 0 0 0 0 0 0 0 3 0 3 0 0 0 0 0 0 0 0 0 0 0 2 0 0 0 0 0 0 0 0 0 0 0 0 0 3 2 2 2 0 0 0 0 0 0 2 0 0 0 0 0 2 0 2 0 5 19 94 122 44 17 11 2 0 2 2 0 0 0 0 0 0 0 0 0 0 0 0 0 2 1 0 0 0 0 0 0 0 0 0 0 0 0 0 0 0 0 0 0 0 0 2 0 0 3 2 3 6 17 43 152 246 255 212 111 25 12 7 10 4 2 0 2 6 4 7 7 38 153 235 176 51 24 11 7 4 4 0 0 2 2 2 1 0 0 0 0 3 1 0 0 0 0 0 0 0 0 0 2 2 1 0 0 0 0 0 0 0 0 0 0 0 0 0 0 0 0 0 0 0 0 0 0 0 0 0 0 0 0 0 0 0 0 0 0 0 0 0 0 0 0 0 0 3 0 0 0 0 0 0 0 0 0 0 0 0 0 0 0 0 0 0 0 0 0 0 0 0 1 0 0 0 0
1 1 1 1 2 2 1 0 0 0 1 1 1 0 1 1 0 1 2 2 3 2 2 2 3 5 36 135 213 175 35 5 2 2 2 2 3 2 1 1 1 1 0 0 0 0 0 2 1 0 1 1 1 1 1 1 1 1 1 0 0 1 1 1 1 1 1 2 2 2 1 0 2 0 1 1 1 1 1 1 2 3 3 4 6 7 7 14 25 37 58 88 150 216 251 255 255 255 255 255 255 255 255 235 115 39 16 7 4 3 2 0 1 1 1 2 2 2 0 2 3 1 1 2 2 2 2 2 3 3 4 4 4 4 3 3 3 3 3 3 4 4 4 3 3 3 3 4 3 3 3 3 3 2 3 3 3 4 4 4 4 9 23 28 20 5 2 0 0 0 0 0 0 0 0 0 0 0 0 0 0 0 0 0 1 1 1 0 0 0 1 4 3 2 7 12 72 236 255 255 161 36 10 6 4 1 0 3 0 0 2 0 0 2 0 0 2 4 19 69 42 8 7 6 6 5 6 7 6 4 2 2 2 2 2 2 2 2 2 2 2 2 2 2 2 0 0 0 0 0 0 0 0 0 0 0 0 0 0 0 0 2 3 7 18 28 15 7 1 0 0 2 0 0 0 0 0 0 0 0 0 0 0 0 0 0 3 2 0 2 0 0 0 0 0 0 0 0 0 0 2 0 0 0 0 0 0 0 0 0 0 0 0 0 3 2 2 2 0 0 0 0 0 0 2 0 0 0 0 0 0 2 2 2 2 10 48 122 93 17 17 5 2 0 2 1 0 0 0 0 0 0 0 0 0 0 0 0 0 1 2 2 2 2 2 2 2 2 2 2 2 2 0 0 0 0 0 0 0 0 2 0 0 2 2 3 6 18 44 150 244 255 214 124 25 16 7 9 4 2 1 2 6 3 6 6 28 141 229 195 69 22 14 7 4 3 2 0 1 2 2 2 0 0 0 0 2 2 1 0 0 0 0 0 0 0 0 0 0 1 1 0 0 0 0 0 0 0 0 0 0 0 0 0 0 0 0 0 0 0 0 0 0 0 0 0 0 0 0 0 0 0 0 0 0 0 0 0 0 0 0 0 2 3 2 0 0 0 0 0 0 0 0 0 0 0 0 0 0 0 0 0 0 0 0 1 2 1 2 2 0 0
2 3 3 2 1 1 2 2 1 1 1 1 1 1 2 2 2 2 1 1 1 1 1 4 3 7 49 148 218 157 29 6 2 3 2 2 2 0 0 0 0 0 2 2 2 3 3 2 2 2 2 0 0 0 1 1 2 2 2 2 3 2 2 2 3 4 4 3 3 3 3 4 3 3 2 2 3 3 4 4 5 7 8 11 21 31 42 56 87 129 199 244 252 255 255 255 255 255 255 255 255 241 127 45 19 9 6 5 5 4 3 3 3 2 3 4 3 4 4 4 4 3 3 4 4 4 4 4 3 3 3 3 3 3 3 3 3 3 3 3 2 1 1 3 3 3 3 3 2 2 3 3 3 3 2 0 0 1 0 1 2 7 13 34 25 7 1 0 0 0 0 0 0 0 0 0 0 0 0 0 0 0 0 0 1 1 0 0 0 0 3 4 2 5 9 32 175 255 255 226 71 14 9 4 2 0 2 2 0 1 1 0 1 1 0 0 2 6 37 68 23 8 5 4 4 3 3 0 1 2 2 2 2 1 0 0 0 0 0 0 0 0 0 0 0 0 0 0 0 0 0 0 0 0 0 0 0 0 0 0 1 4 6 11 27 22 7 3 0 0 0 0 2 0 0 0 0 0 0 0 0 0 0 0 0 0 4 0 0 2 0 0 0 0 0 0 0 0 0 0 1 1 0 0 0 0 0 0 0 0 0 0 0 0 3 2 3 1 0 0 0 0 0 0 2 0 0 0 0 0 0 2 0 2 2 5 23 85 119 56 16 11 3 1 0 3 0 0 0 0 0 0 0 0 0 0 0 0 0 0 0 0 0 0 0 0 0 0 0 0 0 2 1 0 0 0 0 0 0 0 2 0 0 2 3 3 7 19 44 148 241 255 217 131 21 14 9 9 5 3 1 0 6 4 6 5 20 127 219 212 80 27 16 7 5 2 3 0 0 2 3 2 0 0 0 0 0 2 2 2 0 0 0 0 0 0 0 0 0 0 1 2 0 0 0 0 0 0 0 0 0 0 0 0 0 0 0 0 0 0 0 0 0 0 0 0 0 0 0 0 0 0 0 0 0 0 0 0 0 0 0 0 0 0 2 2 0 0 0 0 0 0 0 0 0 0 0 0 0 0 0 0 0 1 2 1 0 0 0 0 2 1
2 2 2 2 3 3 3 3 3 3 3 3 3 3 3 2 2 2 3 1 1 1 3 3 2 7 57 163 216 140 25 6 4 4 3 4 3 3 3 3 3 3 2 2 3 2 1 1 1 2 2 3 3 3 2 2 1 2 3 2 2 2 4 4 3 4 3 2 2 2 4 4 4 4 6 7 8 9 11 14 23 29 38 50 56 95 138 200 241 252 255 255 255 255 255 255 255 255 255 233 124 37 17 9 7 7 6 4 4 4 3 3 4 4 4 4 4 3 3 2 2 2 2 1 2 2 1 1 2 2 2 2 2 3 3 3 3 3 3 3 3 3 3 0 0 0 0 1 1 1 0 0 0 0 0 0 0 1 0 0 3 6 12 26 29 9 3 0 0 0 0 0 0 0 0 0 0 0 0 0 0 0 0 0 2 0 0 0 0 1 3 3 3 7 17 112 253 255 253 126 23 8 8 3 0 2 2 0 0 2 0 0 2 0 0 0 2 10 45 68 17 7 3 3 2 2 2 2 2 2 0 0 0 0 0 0 0 0 0 0 0 0 0 0 0 0 0 0 0 0 0 0 0 0 0 0 0 0 0 1 4 5 10 21 27 9 4 0 0 0 0 0 2 0 0 0 0 0 0 0 0 0 0 0 0 0 2 2 0 2 0 0 0 0 0 0 0 0 0 0 0 2 0 0 0 0 0 0 0 0 0 0 0 0 3 2 3 0 0 0 0 0 0 0 2 0 0 0 0 0 0 1 1 0 2 4 11 39 109 102 29 18 6 2 1 0 3 1 0 0 0 0 0 0 0 0 0 0 0 0 0 0 0 0 0 0 0 0 0 0 0 0 1 2 2 2 1 0 0 0 2 0 0 2 3 3 6 20 46 143 241 255 219 135 25 14 9 8 5 2 0 0 6 4 4 6 14 98 212 220 105 31 18 9 4 3 4 2 0 2 3 2 0 0 0 0 0 2 1 1 2 0 0 0 0 0 0 0 0 0 0 0 2 0 0 0 0 0 0 0 0 0 0 0 0 0 0 0 0 0 0 0 0 0 0 0 0 0 0 0 0 0 0 0 0 0 0 0 0 0 0 0 0 0 0 2 2 0 0 0 0 0 0 0 0 0 1 2 2 2 2 2 2 3 2 2 0 0 0 0 0 1
3 3 3 3 4 4 4 4 5 4 4 4 5 5 6 7 7 7 6 5 4 5 5 4 2 12 63 171 218 123 24 10 7 4 4 3 2 1 1 2 2 2 3 4 3 4 4 4 4 4 4 3 3 4 4 4 5 5 4 5 6 8 7 6 7 9 11 11 12 15 16 16 16 20 21 28 34 39 45 56 70 98 140 177 225 249 252 255 255 255 255 255 255 255 255 255 255 212 109 28 12 8 4 4 3 3 3 3 3 4 4 3 3 4 4 3 3 3 2 2 3 3 2 3 3 3 3 3 3 3 2 2 2 0 0 0 0 0 0 0 0 0 0 0 0 0 0 0 0 0 0 0 0 0 0 0 0 1 0 1 1 5 9 24 30 12 3 0 0 0 0 0 0 0 0 0 0 0 0 0 0 0 0 0 2 0 0 0 1 3 4 1 6 11 52 218 255 255 188 43 11 6 6 1 1 3 0 0 2 0 0 2 0 0 0 0 2 12 54 66 13 4 3 1 1 2 0 0 0 0 0 0 0 0 0 0 0 0 0 0 0 0 0 0 0 0 0 0 0 0 0 0 0 0 0 0 0 0 1 3 6 8 21 34 16 9 7 6 6 5 5 4 4 5 4 2 0 0 0 0 0 0 0 0 0 0 2 3 0 2 0 0 0 0 0 0 0 0 0 0 0 1 1 0 0 0 0 0 0 0 0 0 0 1 3 4 2 0 0 0 0 0 0 0 1 1 0 0 0 0 0 0 2 0 0 3 5 21 65 116 74 20 12 4 2 0 1 2 1 0 0 0 0 0 0 0 0 0 0 0 0 0 0 0 0 0 0 0 0 0 0 0 0 0 0 0 1 2 2 2 3 0 0 2 3 3 6 18 44 145 238 255 220 133 30 14 9 7 4 2 0 0 5 4 4 6 10 78 198 230 130 38 18 10 5 4 3 3 1 2 1 3 1 0 0 0 0 1 1 2 0 2 0 0 0 0 0 0 0 0 0 0 2 0 0 0 0 0 0 0 0 0 0 0 0 0 0 0 0 0 0 0 0 0 0 0 0 0 0 0 0 0 0 0 0 0 0 0 0 0 0 0 0 0 0 0 2 3 0 2 2 2 2 2 2 2 1 0 0 0 0 0 0 0 2 0 2 2 1 0 0 0
5 5 7 8 9 9 9 9 9 10 10 11 9 10 12 13 16 18 18 19 19 18 14 14 11 27 83 189 218 110 30 15 12 13 12 10 10 11 11 12 12 12 12 12 12 13 13 12 14 14 16 18 20 20 23 22 23 24 27 26 25 26 29 34 40 42 45 47 51 58 58 65 73 78 100 114 127 155 177 212 241 251 252 255 255 255 255 255 255 255 255 255 255 255 249 156 69 21 9 6 3 3 2 1 1 0 0 0 1 1 2 3 3 2 2 2 2 3 3 3 2 2 2 1 0 0 0 0 0 0 0 0 0 0 0 0 0 0 0 0 0 0 0 0 0 0 0 0 0 0 0 0 0 0 0 0 1 1 1 2 1 5 8 20 38 14 1 2 0 0 0 0 0 0 0 0 0 0 0 0 0 0 0 2 0 0 0 0 2 3 3 5 6 28 148 255 255 245 83 16 6 7 3 0 2 2 0 0 2 0 0 2 0 0 0 0 2 13 62 56 14 4 2 2 1 1 0 0 0 0 0 0 0 0 0 0 0 0 0 0 0 0 0 0 0 0 0 0 0 0 0 0 0 0 0 0 0 1 2 7 13 28 42 26 16 10 9 9 7 7 4 4 2 2 0 3 3 0 0 0 0 0 0 0 0 0 2 2 0 2 0 0 0 0 0 0 0 0 0 0 0 0 2 0 0 0 0 0 0 0 0 0 0 2 3 3 2 0 0 0 0 0 0 0 0 2 0 0 0 0 0 0 0 2 0 0 4 9 28 84 116 49 19 7 3 2 0 2 1 2 0 0 0 0 0 0 0 0 0 0 0 0 0 0 0 0 0 0 0 0 0 0 0 0 0 0 0 0 0 0 2 2 2 3 3 4 7 19 43 141 238 255 227 132 28 14 7 8 4 3 0 0 5 3 4 5 8 59 181 238 141 47 20 11 4 4 3 1 2 1 2 3 2 0 0 0 0 0 2 0 2 0 2 0 0 0 0 0 0 0 0 0 0 2 0 0 0 0 0 0 0 0 0 0 0 0 0 0 0 0 0 0 0 0 0 0 0 0 0 0 0 0 0 0 0 0 0 0 0 0 0 0 0 0 0 1 2 2 4 0 0 0 0 0 0 0 0 0 0 0 0 0 0 0 1 1 0 0 1 3 2 2
26 29 32 35 40 42 42 50 55 57 58 57 57 58 57 57 51 48 49 50 51 46 48 51 59 82 139 211 221 123 67 61 50 48 47 48 50 48 47 47 43 44 47 47 48 49 48 50 50 50 53 60 65 70 73 82 86 94 100 108 119 123 127 140 156 166 174 187 202 211 219 232 241 246 249 252 252 255 255 255 255 255 255 255 255 255 255 255 255 255 255 252 197 104 35 17 9 4 2 2 2 1 1 0 0 0 0 1 1 2 2 0 0 0 1 1 0 0 0 0 0 0 0 0 0 0 0 0 0 0 0 0 0 0 0 0 0 0 0 0 0 0 0 0 0 0 0 0 0 0 0 0 0 0 0 0 1 2 0 1 0 5 8 16 40 17 4 1 0 0 0 0 0 0 0 0 0 0 0 0 0 0 1 2 0 0 0 1 3 3 3 6 13 86 247 255 253 144 28 8 7 4 1 2 2 0 0 2 0 0 2 0 0 0 0 0 2 15 67 51 11 4 2 2 2 0 0 0 0 0 0 0 0 0 0 0 0 0 0 0 0 0 0 0 0 0 0 0 0 0 0 0 0 0 0 0 1 2 9 18 36 39 25 15 10 10 10 11 12 14 15 14 13 9 5 0 2 3 2 0 2 0 0 0 0 1 3 2 2 2 0 0 0 0 0 0 0 0 0 0 0 0 0 2 2 0 0 0 0 0 0 0 0 2 2 2 2 0 0 0 0 0 0 0 0 2 0 0 0 0 0 0 0 1 1 0 0 5 14 42 104 100 32 13 6 3 1 0 2 0 2 0 0 0 0 0 0 0 0 0 0 0 0 0 0 0 0 0 0 0 0 0 0 0 0 0 0 0 0 0 2 0 0 2 3 3 9 18 44 141 235 255 229 130 30 14 8 5 6 3 0 0 5 3 5 5 4 42 172 238 155 56 25 12 4 5 3 2 1 2 2 3 2 0 0 0 0 0 2 0 0 2 0 2 0 0 0 0 0 0 0 0 0 2 0 0 0 0 0 0 0 0 0 0 0 0 0 0 0 0 0 0 0 0 0 0 0 0 0 0 0 0 0 0 0 0 0 0 0 0 0 0 0 2 2 1 0 0 3 0 0 0 0 0 0 0 0 0 0 0 0 0 0 0 0 2 2 2 2 0 1 2
143 156 167 175 185 194 197 201 200 203 204 208 210 208 210 206 208 206 206 207 206 207 208 209 211 225 245 251 250 233 219 214 211 204 201 201 199 201 201 201 202 202 204 206 208 211 214 214 219 224 230 234 238 241 245 249 251 251 252 252 252 254 255 255 255 255 255 255 255 255 255 255 255 255 255 255 255 255 255 255 255 255 255 255 255 255 255 255 251 202 114 43 19 13 7 3 2 2 1 1 1 0 0 0 0 1 1 2 2 0 0 0 0 1 1 0 0 0 0 0 0 0 0 0 0 0 0 0 0 0 0 0 0 0 0 0 0 0 0 0 0 0 0 0 0 0 0 0 0 0 0 0 0 0 0 0 1 2 0 1 2 5 6 12 33 24 5 2 0 0 0 0 0 0 0 0 0 0 0 0 0 1 1 1 0 0 1 3 2 3 5 9 46 197 255 255 213 52 14 7 5 2 1 3 0 0 1 1 0 0 2 0 0 0 0 0 2 19 71 42 10 3 2 2 2 0 0 0 0 0 0 0 0 0 0 0 0 0 0 0 0 0 0 0 0 0 0 0 0 0 0 0 0 0 0 0 2 9 24 34 29 18 6 2 2 2 2 2 1 2 4 6 7 11 16 12 5 4 4 0 4 2 2 2 2 2 3 1 2 0 0 0 0 0 0 0 0 0 0 0 0 0 0 0 0 2 0 0 0 0 0 0 0 2 2 2 2 0 0 0 0 0 0 0 0 2 0 0 0 0 0 0 0 0 2 0 0 1 8 21 59 116 77 22 10 4 3 0 1 1 0 2 0 0 0 0 0 0 0 0 0 0 0 0 0 0 0 0 0 0 0 0 0 0 0 0 0 0 0 0 2 0 0 2 2 2 9 17 43 139 232 255 230 127 31 12 8 5 6 3 0 0 5 4 4 5 5 31 153 233 181 70 29 14 6 4 4 3 0 2 2 2 2 1 0 0 0 0 2 0 0 0 2 0 2 1 0 0 0 0 0 0 0 1 1 0 0 0 0 0 0 0 0 0 0 0 0 0 0 0 0 0 0 0 0 0 0 0 0 0 0 0 0 0 0 0 0 0 0 0 2 2 2 0 0 0 0 0 0 3 0 0 0 0 0 0 0 0 0 0 0 0 0 0 2 2 2 0 0 0 0 0
254 254 255 255 255 255 255 255 255 255 255 255 255 255 255 255 255 255 255 255 255 255 255 255 255 255 255 255 255 255 255 255 255 255 255 255 255 255 255 255 255 255 255 255 255 255 255 255 255 255 255 255 255 255 255 255 255 255 255 255 255 255 255 255 255 255 255 255 255 255 255 255 255 255 255 255 255 255 255 255 255 255 255 255 252 230 166 96 39 19 13 8 4 3 2 2 2 1 1 0 0 0 1 1 1 2 2 0 0 0 0 0 1 1 0 0 0 0 0 0 0 0 0 0 0 0 0 0 0 0 0 0 0 0 0 0 0 0 0 0 0 0 0 0 0 0 0 0 0 0 0 0 0 0 0 0 1 1 1 2 2 3 7 7 31 32 5 2 1 0 0 0 0 0 0 0 0 0 0 0 0 1 0 1 0 0 1 4 3 6 4 20 131 253 255 250 107 21 7 7 3 0 2 2 0 1 1 0 0 2 0 0 0 0 0 0 3 21 79 35 7 2 2 2 0 0 0 0 0 0 0 0 0 0 0 0 0 0 0 0 0 0 0 0 0 0 0 0 0 0 0 0 0 0 0 1 6 24 40 25 11 5 2 2 0 0 0 0 0 0 0 0 2 4 4 9 12 5 5 3 4 0 0 0 2 2 0 0 2 0 0 0 0 0 0 0 0 0 0 0 0 0 0 0 0 2 0 0 0 0 0 0 0 2 2 3 2 0 0 0 0 0 0 0 0 2 0 0 0 0 0 0 0 0 1 1 0 0 4 10 31 81 113 51 17 9 3 3 0 2 0 0 2 0 0 0 0 0 0 0 0 0 0 0 0 0 0 0 0 0 0 0 0 0 0 0 0 0 0 0 2 0 0 2 2 3 8 18 43 135 230 255 233 125 32 11 7 5 6 3 0 0 3 5 2 7 4 23 138 225 205 86 28 17 8 4 4 3 1 1 2 1 3 2 0 0 0 0 2 0 0 0 1 1 0 1 1 0 0 0 0 0 0 0 2 0 0 0 0 0 0 0 0 0 0 0 0 0 0 0 0 0 0 0 0 0 0 0 0 0 0 0 0 1 2 2 2 2 2 2 0 0 0 0 0 0 0 0 0 3 0 0 0 0 0 0 0 0 0 0 0 0 2 2 3 4 4 5 4 4 2 4
255 255 255 255 255 255 255 255 255 255 255 255 255 255 255 255 255 255 255 255 255 255 255 255 255 255 255 255 255 255 255 255 255 255 255 255 255 255 255 255 255 255 255 255 255 255 255 255 255 255 255 255 255 255 255 255 255 255 255 255 255 255 255 255 255 255 255 255 255 255 255 255 255 255 255 255 255 255 255 251 238 197 144 97 50 27 18 10 7 4 3 2 1 1 1 2 1 0 0 0 1 1 1 2 2 0 0 0 0 0 0 1 1 0 0 0 0 0 0 0 0 0 0 0 0 0 0 0 0 0 0 0 0 0 0 0 0 0 0 0 0 0 0 0 0 0 0 0 0 0 0 0 0 0 0 0 0 1 1 2 1 2 7 6 29 34 5 3 1 0 0 0 0 0 0 0 0 0 0 0 1 0 0 1 0 1 3 3 5 4 11 69 238 255 255 169 32 9 8 3 2 1 3 0 0 2 0 0 0 2 0 0 0 0 0 0 5 22 88 24 7 2 2 2 0 0 0 0 0 0 0 0 0 0 0 0 0 0 0 0 0 0 0 0 0 0 0 0 0 0 0 0 0 0 0 3 16 43 25 11 6 2 2 0 0 0 0 0 0 0 0 0 0 0 2 4 7 8 10 2 5 0 1 2 2 0 0 2 0 0 0 0 0 0 0 0 0 0 0 0 0 0 0 0 0 1 1 0 0 0 0 0 0 2 3 3 1 0 0 0 0 0 0 0 0 2 0 0 0 0 0 0 0 0 0 2 0 0 2 5 15 40 104 101 32 12 8 4 2 0 2 0 0 2 0 0 0 0 0 0 0 0 0 0 0 0 0 0 0 0 0 0 0 0 0 0 0 0 0 2 0 0 2 3 0 3 8 21 35 137 225 255 233 128 26 10 7 5 6 3 0 0 3 5 2 6 4 17 112 217 219 97 32 18 8 4 4 2 3 0 2 2 3 2 1 0 0 1 1 0 0 0 0 1 1 0 1 1 0 0 0 0 0 0 2 0 0 0 0 0 0 0 0 0 0 0 0 0 0 0 0 0 0 0 0 0 0 0 1 2 2 2 2 1 0 0 0 0 0 0 0 0 0 0 0 0 0 0 0 0 3 0 0 0 0 0 0 1 0 2 4 5 4 4 2 0 0 1 2 2 4 4
255 255 255 255 255 255 255 255 255 255 255 255 255 255 255 255 255 255 255 255 255 255 255 255 255 255 255 255 255 255 255 255 255 255 255 255 255 255 255 255 255 255 255 255 255 255 255 255 255 255 255 255 255 255 255 255 255 255 255 255 255 255 255 255 255 255 255 252 252 249 243 225 209 195 167 144 119 79 63 51 35 25 14 9 7 4 3 3 2 2 1 1 1 2 1 0 0 1 1 1 2 2 2 0 0 0 0 0 0 1 1 0 0 0 0 0 0 0 0 0 0 0 0 0 0 0 0 0 0 0 0 0 0 0 0 0 0 0 0 0 0 0 0 0 0 0 0 0 0 0 0 0 0 0 0 0 0 1 2 1 1 3 8 5 19 44 5 4 0 0 0 0 0 0 0 0 0 0 0 1 1 0 0 1 1 2 3 3 5 5 37 173 255 255 228 69 16 8 4 3 0 3 0 0 2 0 0 0 2 0 0 0 0 0 0 0 7 29 83 22 5 2 2 2 0 0 0 0 0 0 0 0 0 0 0 0 0 0 0 0 0 0 0 0 0 0 0 0 0 0 0 0 0 0 2 6 45 30 12 7 2 2 0 0 0 0 0 0 0 0 0 0 0 0 0 2 3 7 8 10 4 0 3 2 0 0 0 2 0 0 0 0 0 0 0 0 0 0 0 0 0 0 0 0 0 0 2 0 0 0 0 0 1 2 3 3 0 0 0 0 0 0 0 0 2 0 0 0 0 0 0 0 0 0 0 1 1 0 0 4 7 20 52 120 78 21 11 4 4 1 1 1 0 0 2 0 0 0 0 0 0 0 0 0 0 0 0 0 0 0 0 0 0 0 0 0 0 0 0 2 2 2 0 3 2 3 7 21 35 135 220 255 233 130 23 8 8 3 6 3 2 0 3 5 2 5 4 15 85 212 225 112 40 21 10 4 4 3 3 2 1 2 2 2 2 0 0 2 0 0 0 0 0 0 2 0 0 1 1 0 0 0 0 0 2 0 0 0 1 2 2 2 2 2 0 0 0 0 0 0 0 0 0 0 0 0 0 2 1 0 0 0 0 0 0 0 0 0 0 0 0 0 0 0 0 0 0 0 0 0 2 2 0 0 0 1 3 4 5 4 2 0 0 0 0 0 1 2 2 2 1 0
255 255 255 255 255 255 255 255 255 255 255 255 255 255 255 255 255 255 255 255 255 255 255 255 255 255 255 255 255 254 254 254 254 253 253 253 253 253 251 251 251 251 251 251 250 250 248 249 249 246 244 241 235 228 214 204 194 178 166 151 139 124 119 109 94 82 67 57 47 43 38 35 28 24 21 18 14 11 9 5 4 4 3 3 3 3 2 1 1 1 1 1 1 1 1 1 3 2 2 2 1 0 0 0 0 0 0 0 1 1 0 0 0 0 0 0 0 0 0 0 0 0 0 0 0 0 0 0 0 0 0 0 0 0 0 0 0 0 0 0 0 0 0 0 0 0 0 0 0 0 0 0 0 0 0 0 0 0 3 2 1 2 7 7 16 43 8 3 0 0 0 0 0 0 0 0 0 0 1 1 0 0 0 1 1 3 3 5 4 16 109 253 255 253 131 23 8 6 4 0 2 2 0 2 0 0 0 0 2 0 0 0 0 0 0 1 7 36 78 19 3 2 3 2 0 0 0 0 0 0 0 0 0 0 0 0 0 0 0 0 0 0 0 0 0 0 0 0 0 0 0 0 0 0 4 16 52 20 6 3 2 1 0 0 0 0 0 0 0 0 0 0 0 0 0 0 2 4 7 16 4 2 2 0 0 0 2 0 0 0 0 0 0 0 0 0 0 0 0 0 0 0 0 0 0 0 2 0 0 0 0 0 2 3 3 3 0 0 0 1 0 0 0 0 2 0 0 0 0 0 0 0 0 0 0 0 2 0 0 2 4 11 27 78 114 53 16 13 3 3 0 2 0 0 0 2 0 0 0 0 0 0 0 0 0 0 0 0 0 0 0 0 0 0 0 0 0 0 0 3 0 1 2 2 0 2 7 20 40 127 220 255 235 131 26 6 8 3 6 4 2 0 2 5 3 5 3 12 68 198 230 128 44 25 11 6 4 3 3 0 2 2 2 2 2 1 0 2 0 0 0 0 0 0 0 2 0 0 1 1 0 0 0 0 2 0 0 2 1 0 0 0 0 0 2 1 0 0 0 0 0 0 0 0 0 0 2 0 0 0 0 0 0 0 0 0 0 0 0 0 0 0 0 0 0 0 0 0 0 0 0 2 2 0 4 4 3 2 0 0 0 0 0 0 1 2 1 2 3 2 3 2
234 218 206 194 179 172 166 160 159 157 149 145 143 143 143 141 141 139 141 139 135 139 149 164 190 240 250 240 164 128 113 104 97 94 88 82 73 71 67 65 62 60 56 55 56 56 57 56 54 48 47 46 39 35 34 31 29 26 24 24 21 19 14 12 10 9 9 9 10 9 8 6 7 6 4 3 2 3 3 3 3 2 1 1 0 0 0 0 1 1 2 2 3 2 2 2 0 0 0 0 0 0 0 0 0 0 1 1 0 0 0 0 0 0 0 0 0 0 0 0 0 0 0 0 0 0 0 0 0 0 0 0 0 0 0 0 0 0 0 0 0 0 0 0 0 0 0 0 0 0 0 0 0 0 0 0 0 0 3 2 1 4 5 7 14 44 10 2 0 0 0 0 0 0 0 0 0 1 1 0 0 0 0 2 3 3 4 5 7 54 214 255 255 196 41 13 6 4 2 1 3 0 1 1 0 0 0 2 0 0 0 0 0 0 0 2 9 40 74 17 2 2 4 0 0 0 0 0 0 0 0 0 0 0 0 0 0 0 0 0 0 0 0 0 0 0 0 0 0 0 0 0 0 0 6 38 42 10 5 2 1 0 0 0 0 0 0 0 0 0 0 0 0 0 0 0 0 2 5 16 9 2 0 0 0 0 2 0 0 0 0 0 0 0 0 0 0 0 0 0 0 0 0 0 0 1 1 0 0 0 0 0 2 4 2 2 0 0 1 2 2 0 0 0 2 0 0 0 0 0 0 0 0 0 0 0 0 2 0 0 3 5 15 42 97 97 36 12 9 4 2 0 2 0 0 0 2 0 0 0 0 0 0 0 0 0 0 0 0 0 0 0 0 0 0 0 0 0 1 2 0 2 0 2 2 3 7 16 48 120 220 255 238 131 24 5 9 2 6 4 2 0 2 5 3 4 4 11 50 182 235 146 54 29 10 8 4 3 2 3 1 2 2 2 1 3 0 2 0 0 0 0 0 0 0 0 2 0 0 1 1 0 0 0 2 1 2 0 0 0 0 0 0 0 0 1 2 2 0 0 0 0 0 0 0 0 2 0 0 0 0 0 0 0 0 0 0 0 0 0 0 0 0 0 0 0 0 0 0 0 2 3 5 5 2 0 0 0 0 0 1 2 2 3 2 2 2 2 0 1 3 4
71 63 58 53 45 41 40 42 36 32 33 32 33 30 31 30 27 27 28 28 28 29 29 56 100 181 248 209 66 30 24 22 19 19 19 19 19 19 19 17 16 14 12 11 10 12 10 9 9 8 7 6 7 7 7 6 6 6 6 5 5 5 6 6 6 5 4 3 2 2 3 3 3 3 3 3 3 2 0 1 1 1 1 1 2 2 2 3 3 3 2 1 0 0 0 0 0 0 0 0 0 0 0 0 1 1 0 0 0 0 0 0 0 0 0 0 0 0 0 0 0 0 0 0 0 0 0 0 0 0 0 0 0 0 0 0 0 0 0 0 0 0 0 0 0 0 0 0 0 0 0 0 0 0 0 0 0 0 1 3 1 5 5 6 12 45 12 2 0 0 0 0 0 0 0 0 0 1 0 0 0 0 0 3 3 3 6 4 25 146 255 255 242 90 19 7 5 3 0 3 1 0 2 0 0 0 1 1 0 0 0 0 0 0 0 0 11 43 69 14 2 2 4 0 0 0 0 0 0 0 0 0 0 0 0 0 0 0 0 0 0 0 0 0 0 0 0 0 0 0 0 0 0 2 10 48 33 5 4 2 0 0 0 0 0 0 0 0 0 0 0 0 0 0 0 0 0 0 3 17 11 2 0 0 0 2 0 0 0 0 0 0 0 0 0 0 0 0 0 0 0 0 0 0 0 2 0 0 0 0 0 0 2 4 2 2 0 0 2 0 0 2 2 2 2 0 0 0 0 0 0 0 0 0 0 0 0 0 2 0 1 4 8 16 57 108 81 24 12 7 3 2 0 2 0 0 0 2 0 0 0 0 0 0 0 0 0 0 0 0 0 0 0 0 0 0 0 1 2 1 1 1 0 3 0 3 6 19 51 111 217 255 241 125 20 4 9 1 5 5 2 0 2 5 3 4 4 8 32 172 230 170 59 32 13 7 6 4 2 3 0 2 3 2 2 1 2 2 0 0 0 0 0 0 0 0 0 2 0 0 1 2 0 1 2 2 0 0 0 0 0 0 0 0 0 0 0 0 2 2 0 0 0 0 0 0 2 0 0 0 0 0 0 0 0 0 0 0 0 0 0 0 0 2 2 2 2 2 3 3 1 0 0 2 0 0 1 2 2 2 1 2 1 0 0 2 1 1 3 2 2 3
13 13 9 10 10 10 10 8 7 9 9 8 9 7 7 8 7 7 6 6 8 9 9 11 65 166 248 198 51 11 8 7 6 5 4 4 5 5 5 6 6 7 7 7 7 7 6 6 6 6 6 7 7 6 6 6 6 5 5 5 5 4 4 4 4 4 3 3 3 3 3 2 1 1 1 1 1 1 1 1 1 1 1 3 2 2 2 1 0 0 0 0 0 0 0 0 0 0 0 0 0 0 1 1 1 0 0 0 0 0 0 0 0 0 0 0 0 0 0 0 0 0 0 0 0 0 0 0 0 0 0 0 0 0 0 0 0 0 0 0 0 0 0 0 0 0 0 0 0 0 0 0 0 0 0 0 0 1 1 3 3 4 5 6 11 39 16 3 0 0 0 0 0 0 0 0 1 0 0 0 0 0 1 3 3 5 4 10 81 245 255 253 147 29 7 7 3 1 1 3 0 2 0 0 0 0 2 0 0 0 0 0 0 0 0 0 11 48 66 12 2 2 4 0 0 0 0 0 0 0 0 0 0 0 0 0 0 0 0 0 0 0 0 0 0 0 0 0 0 0 0 0 0 4 16 58 19 5 3 1 0 0 0 0 0 0 0 0 0 0 0 0 0 0 0 0 0 0 0 16 13 3 0 0 0 2 0 0 0 0 0 0 0 0 0 0 0 0 0 0 0 0 0 0 0 2 0 0 0 0 0 0 3 4 3 0 0 0 2 0 0 0 0 0 2 0 0 0 0 0 0 0 0 0 0 0 0 0 1 1 0 4 4 9 26 76 105 69 14 11 4 3 1 1 1 0 0 0 2 0 0 0 0 0 0 0 0 0 0 0 0 0 0 0 0 0 0 2 2 0 2 0 1 3 2 3 6 20 55 103 220 255 241 119 17 5 9 2 5 5 2 0 2 5 3 4 4 7 27 156 227 184 65 38 13 8 6 3 2 2 2 1 2 2 3 0 2 3 2 1 0 0 0 0 0 0 0 1 1 2 2 2 3 1 0 2 0 0 0 0 0 0 0 0 0 0 0 0 0 0 2 1 0 0 0 0 2 0 0 0 0 0 0 0 0 0 0 2 2 2 2 2 2 0 0 0 1 2 0 0 0 0 0 1 2 2 1 0 0 2 2 0 0 1 4 4 4 4 2 4 3 3
6 5 6 5 5 4 4 4 4 3 3 3 4 3 3 2 2 2 3 3 4 4 5 8 51 184 248 171 41 4 3 4 3 3 3 3 2 2 2 1 1 1 2 2 2 2 2 2 1 1 1 1 1 1 1 0 0 0 0 0 0 0 0 0 0 0 0 0 0 0 0 1 2 2 3 3 3 3 3 3 2 2 2 0 0 0 0 0 0 0 0 0 0 0 0 0 0 0 0 0 1 1 1 0 0 0 0 0 0 0 0 0 0 0 0 0 0 0 0 0 0 0 0 0 0 0 0 0 0 0 0 0 0 0 0 0 0 0 0 0 0 0 0 0 0 0 0 0 0 0 0 0 0 0 0 0 0 1 0 1 3 4 6 5 10 39 18 2 0 0 0 0 0 0 0 1 1 0 0 0 0 1 2 4 3 6 5 42 186 255 255 214 54 13 7 4 2 0 3 1 2 0 0 0 0 2 0 0 0 0 0 0 0 0 0 0 12 56 59 10 2 2 4 0 0 0 0 0 0 0 0 0 0 0 0 0 0 0 0 0 0 0 0 0 0 0 0 0 0 0 0 0 0 6 25 53 12 4 3 0 0 0 0 0 0 0 0 0 0 0 0 0 0 0 0 0 0 0 2 10 17 3 0 0 0 2 0 0 0 0 0 0 0 0 0 0 0 0 0 0 0 0 0 0 0 2 0 0 0 0 0 0 3 3 3 0 0 0 2 0 0 0 0 0 2 0 0 0 0 0 0 0 0 0 0 0 0 0 0 1 1 1 4 7 10 35 97 102 42 13 8 4 2 1 2 0 0 0 0 2 0 0 0 0 0 0 0 0 0 0 0 0 0 0 0 0 2 0 2 1 1 1 2 2 2 3 8 19 63 108 220 255 238 111 16 6 7 2 5 4 2 0 2 5 3 4 4 7 21 139 225 200 70 41 17 10 6 4 2 3 2 0 2 3 3 0 1 1 1 2 2 2 1 0 0 0 0 2 2 1 0 0 0 2 0 2 0 0 0 0 0 0 0 0 0 0 0 0 0 0 0 1 2 0 0 0 2 0 0 0 0 0 2 2 2 2 2 0 0 0 0 0 0 0 1 2 1 0 0 0 0 1 2 1 0 0 0 2 2 0 1 3 4 4 2 2 3 4 4 4 3 3
4 4 4 3 2 2 3 4 3 3 2 2 3 2 2 2 3 3 4 3 3 4 4 7 51 204 248 160 32 3 2 1 0 1 1 1 1 1 1 1 1 1 0 0 1 2 1 1 0 0 0 0 0 0 0 0 0 0 0 0 0 0 0 0 0 0 0 1 1 1 1 1 1 1 0 0 0 0 0 0 0 0 0 0 0 0 0 0 0 0 0 0 0 0 0 1 1 1 1 1 1 0 0 0 0 0 0 0 0 0 0 0 0 0 0 0 0 0 0 0 0 0 0 0 0 0 0 0 0 0 0 0 0 0 0 0 0 0 0 0 0 0 0 0 0 0 0 0 0 0 0 0 0 0 0 0 0 1 0 0 2 4 7 5 9 41 18 1 1 0 0 0 0 0 0 1 0 0 0 0 0 1 4 3 6 4 18 124 253 255 250 112 20 6 6 3 0 2 2 1 1 0 0 0 1 1 0 0 0 0 0 0 0 0 0 2 12 63 52 9 2 2 4 0 0 0 0 0 0 0 0 0 0 0 0 0 0 0 0 0 0 0 0 0 0 0 0 0 0 0 0 0 0 10 42 38 7 3 3 0 0 0 0 0 0 0 0 0 0 0 0 0 0 0 0 0 0 1 2 8 18 5 0 0 0 2 0 0 0 0 0 0 0 0 0 0 0 0 0 0 0 0 0 0 0 2 0 0 0 0 0 1 3 4 2 0 0 0 0 2 0 0 0 0 2 0 0 0 0 0 0 0 0 0 0 0 0 0 0 0 2 0 4 3 8 16 51 111 85 27 11 6 4 2 2 2 0 0 0 1 1 0 0 0 0 0 0 0 0 0 0 0 0 0 0 1 1 0 3 2 1 3 0 2 3 4 9 21 57 126 230 255 236 105 11 7 6 3 5 4 3 0 2 5 3 4 4 6 17 119 220 212 81 39 25 9 8 4 3 3 0 2 1 3 2 2 0 2 0 0 2 2 1 2 2 2 2 0 0 2 0 0 0 0 2 2 0 0 0 0 0 0 0 0 0 0 0 0 0 1 2 2 2 3 3 4 3 3 3 3 3 3 1 0 0 0 0 0 0 0 0 0 2 2 1 0 0 0 0 0 2 2 2 2 3 4 4 3 4 4 5 5 4 4 5 4 4 2 3 4 5 6
1 0 0 0 1 1 1 3 1 1 2 2 3 2 2 2 2 2 2 2 2 3 2 9 64 216 244 147 25 3 3 1 1 1 0 0 0 0 0 0 0 0 0 0 0 1 0 1 1 1 0 0 0 0 0 0 0 1 1 1 1 1 1 1 1 1 1 0 0 0 0 0 0 0 0 0 0 0 0 0 0 0 0 0 0 0 0 0 0 0 0 0 0 1 1 1 0 0 0 0 0 0 0 0 0 0 0 0 0 0 0 0 0 0 0 0 0 0 0 0 0 0 0 0 0 0 0 0 0 0 0 0 0 0 0 0 0 0 0 0 0 0 0 0 0 0 0 0 0 0 0 0 0 0 0 0 0 1 0 1 2 3 6 3 11 40 20 1 1 0 0 0 0 0 1 0 0 0 0 0 1 3 3 5 6 8 66 223 255 255 178 30 9 7 3 1 1 3 0 2 0 0 0 0 2 0 0 0 0 0 0 0 0 0 0 3 13 69 46 8 1 2 3 0 0 0 0 0 0 0 0 0 0 0 0 0 0 0 0 0 0 0 0 0 0 0 0 0 0 0 0 0 2 13 55 27 5 3 2 0 0 0 0 0 0 0 0 0 0 0 0 0 0 0 0 0 1 1 2 7 15 11 0 0 0 2 0 0 0 0 0 0 0 0 0 0 0 0 0 0 0 0 0 0 0 2 0 0 0 0 0 2 3 3 2 0 0 0 0 2 0 0 0 0 2 0 0 0 0 0 0 0 0 0 0 0 0 0 0 0 1 1 2 4 4 7 20 73 111 70 17 10 5 3 1 2 2 0 0 0 1 1 0 0 0 0 0 0 0 0 0 0 0 0 2 3 2 2 1 2 2 0 0 3 3 5 12 23 70 136 235 255 230 90 9 8 5 3 5 4 3 0 1 4 4 5 4 6 16 98 218 215 90 43 31 8 11 4 2 2 3 2 0 3 2 2 0 0 2 0 0 0 2 1 0 0 0 0 0 0 2 0 0 0 0 3 0 0 0 0 0 0 0 0 0 2 3 3 3 2 2 2 2 2 0 2 0 0 0 0 0 0 1 2 2 2 2 2 0 0 2 2 0 0 0 0 0 0 2 4 4 3 3 3 3 2 4 5 5 5 5 4 4 2 0 3 4 4 6 4 4 4
0 0 0 0 0 0 0 2 0 0 0 0 2 0 0 0 0 0 1 3 3 3 3 11 85 230 243 125 17 2 2 0 0 0 0 0 0 0 0 0 0 0 0 0 1 0 1 1 1 1 2 2 2 1 1 1 1 0 0 0 0 0 0 0 0 0 0 0 0 0 0 0 0 0 0 0 0 0 0 0 0 0 0 0 0 0 0 0 0 0 1 1 1 0 0 0 0 0 0 0 0 0 0 0 0 0 0 0 0 0 0 0 0 0 0 0 0 0 0 0 0 0 0 0 0 0 0 0 0 0 0 0 0 0 0 0 0 0 0 0 0 0 0 0 0 0 0 0 0 0 0 0 0 0 0 0 0 1 0 1 1 3 7 4 8 41 24 1 0 1 0 0 0 1 0 0 0 0 0 1 1 4 3 7 5 29 158 255 255 237 67 17 7 4 2 0 3 1 2 0 0 0 0 2 0 0 0 0 0 0 0 0 0 0 0 3 16 69 42 7 0 2 3 0 0 0 0 0 0 0 0 0 0 0 0 0 0 0 0 0 0 0 0 0 0 0 0 0 0 0 0 0 5 13 59 19 5 1 2 3 2 0 0 0 0 0 0 0 0 0 0 0 0 0 0 2 3 2 3 7 15 11 4 0 2 0 0 0 0 0 0 0 0 0 0 0 0 0 0 0 0 0 0 0 0 2 0 0 0 0 0 2 3 3 2 2 1 0 0 2 0 0 0 0 2 0 0 0 0 0 0 0 0 0 0 0 0 0 0 0 0 2 0 4 3 7 6 29 95 105 52 10 10 5 2 2 2 1 0 0 0 1 1 0 0 0 0 0 0 0 0 0 0 1 2 1 0 2 2 1 1 0 2 2 4 7 15 31 83 146 241 255 218 73 10 7 5 3 5 4 3 0 0 4 4 5 4 7 16 81 213 218 99 44 33 10 11 4 4 2 3 1 1 0 4 3 0 0 0 2 0 0 0 1 2 1 0 0 2 2 2 1 0 0 0 2 2 1 0 0 0 1 2 3 3 2 0 0 0 0 0 0 0 0 2 3 2 0 0 0 0 0 2 2 2 2 2 2 3 3 2 2 2 2 3 3 4 4 3 3 0 0 1 4 5 5 4 2 1 0 0 3 4 7 8 6 5 4 5 9 11 13
0 0 0 0 0 0 1 1 0 0 0 0 2 0 0 0 0 0 0 1 3 4 4 13 111 237 237 111 12 2 2 0 0 0 0 1 1 1 1 1 1 1 1 1 2 1 1 0 0 0 0 0 0 1 1 1 1 1 0 0 0 0 0 0 0 0 0 0 0 0 0 0 0 0 0 0 0 0 0 0 0 0 0 0 0 0 0 0 1 1 1 0 0 0 0 0 0 0 0 0 0 0 0 0 0 0 0 0 0 0 0 0 0 0 0 0 0 0 0 0 0 0 0 0 0 0 0 0 0 0 0 0 0 0 0 0 0 0 0 0 0 0 0 0 0 0 0 0 0 0 0 0 0 0 0 0 0 1 0 1 1 3 7 4 6 43 20 4 0 1 0 0 0 1 0 0 0 0 0 1 3 2 5 6 12 97 250 255 253 137 21 7 6 3 0 2 2 1 1 0 0 0 1 1 0 0 0 0 0 0 0 0 0 0 0 4 17 75 35 7 0 3 2 0 0 0 0 0 0 0 0 0 0 0 0 0 0 0 0 0 0 0 0 0 0 0 0 0 0 0 0 0 7 19 60 9 5 0 0 0 2 3 3 3 2 2 2 2 2 2 2 2 2 2 2 0 2 0 0 3 14 8 8 0 2 0 0 0 0 0 0 0 0 0 0 0 0 0 0 0 0 0 0 0 0 2 0 0 0 0 0 2 3 2 2 0 1 1 1 2 0 0 0 0 2 0 0 0 0 0 0 0 0 0 0 0 0 0 0 0 0 0 2 1 4 4 6 11 44 105 96 31 10 7 5 2 3 2 0 0 0 0 1 1 0 0 0 0 0 0 0 0 1 2 2 0 0 2 1 2 0 1 1 3 7 10 18 37 98 175 246 255 196 53 12 4 4 3 5 4 3 0 0 4 4 4 4 6 13 65 208 220 121 43 33 17 8 7 3 2 3 2 2 0 3 3 2 2 2 2 2 2 2 2 2 2 3 2 0 0 0 2 2 2 0 0 2 2 2 2 3 2 1 0 0 0 0 0 0 0 0 0 0 0 0 2 0 2 2 2 2 2 0 0 0 0 0 1 2 2 2 2 2 2 1 2 1 0 2 2 2 5 5 4 2 2 0 0 1 4 5 6 7 6 6 8 10 13 13 10 11 11
0 0 0 0 0 0 1 1 0 0 0 0 2 0 0 0 0 0 1 0 2 3 4 18 123 243 230 88 12 2 2 1 1 1 1 1 0 0 0 0 0 0 0 0 1 0 0 0 0 0 0 0 0 0 0 0 0 0 1 1 1 1 1 1 1 1 1 1 0 0 0 0 0 0 0 0 0 0 0 0 0 0 0 0 0 1 1 1 0 0 0 0 0 0 0 0 0 0 0 0 0 0 0 0 0 0 0 0 0 0 0 0 0 0 0 0 0 0 0 0 0 0 0 0 0 0 0 0 0 0 0 0 0 0 0 0 0 0 0 0 0 0 0 0 0 0 0 0 0 0 0 0 0 0 0 0 0 1 0 1 1 3 5 5 6 39 26 4 0 1 0 0 1 0 0 0 0 0 1 3 3 3 6 8 46 202 255 255 205 42 13 7 3 1 1 3 0 1 0 0 0 0 2 0 0 0 0 0 0 0 0 0 0 0 0 4 17 78 32 6 1 3 2 0 0 0 0 0 0 0 0 0 0 0 0 0 0 0 0 0 0 0 0 0 0 0 0 0 0 0 0 0 10 28 47 5 4 0 0 0 0 0 0 1 2 2 1 0 0 0 0 0 0 0 2 2 3 2 2 2 6 8 18 11 4 0 0 0 0 0 0 0 0 0 0 0 0 0 0 0 0 0 0 0 0 2 0 0 0 0 0 2 3 3 0 0 0 1 1 0 0 0 0 0 1 0 0 0 0 0 0 0 0 0 0 0 0 0 0 0 0 0 1 1 4 3 6 5 16 70 107 82 19 13 6 4 2 2 2 0 0 0 0 1 1 0 0 0 0 0 0 0 3 2 1 0 2 2 2 0 0 3 4 5 7 11 25 54 133 200 249 252 166 37 6 3 4 3 5 4 4 0 0 4 4 4 4 6 9 53 196 223 139 49 30 23 6 10 4 4 3 4 3 2 3 2 1 0 2 1 1 2 2 2 2 2 2 2 2 1 2 2 2 2 3 4 4 3 3 2 0 0 0 0 0 0 0 0 0 0 0 0 0 0 0 2 0 2 3 2 3 3 3 3 3 3 3 2 2 3 3 3 2 2 2 3 3 3 5 7 6 4 3 2 3 5 6 6 6 6 9 8 9 8 10 14 14 14 13 18 20 26
1 1 1 1 1 1 2 2 1 1 1 2 2 1 1 1 1 1 2 1 4 3 3 26 132 246 219 71 9 2 1 1 0 0 0 0 0 0 0 0 0 0 0 1 0 0 0 0 0 0 0 0 0 0 0 0 0 0 0 0 0 0 0 0 0 0 0 1 1 1 0 0 0 0 0 0 0 0 0 1 1 1 1 1 1 1 0 0 0 0 0 0 0 0 0 0 0 0 0 0 0 0 0 0 0 0 0 0 0 0 0 0 0 0 0 0 0 0 0 0 0 0 0 0 0 0 0 0 0 0 0 0 0 0 0 0 0 0 0 0 0 0 0 0 0 0 0 0 0 0 0 0 0 0 0 0 0 1 1 1 3 3 4 5 6 37 27 4 0 1 0 1 1 0 0 0 0 1 1 3 3 7 4 23 131 253 255 247 93 18 6 6 2 0 3 1 1 1 0 0 0 2 0 0 0 0 0 0 0 0 0 0 0 0 0 5 18 85 26 5 2 2 2 0 0 0 0 0 0 0 0 0 0 0 0 0 0 0 0 0 0 0 0 0 0 0 0 0 0 0 0 0 11 36 39 4 2 0 0 0 0 0 0 0 0 0 1 2 2 2 0 0 0 3 0 0 2 0 2 2 5 3 5 11 8 10 5 0 0 0 0 0 0 0 0 0 0 0 0 0 0 0 0 0 0 2 0 0 0 0 2 2 3 3 0 0 0 0 0 0 0 0 0 0 0 0 0 0 0 0 0 0 0 0 0 0 0 0 0 0 0 0 0 2 1 4 2 7 8 20 95 101 59 14 10 7 4 3 2 0 0 0 0 0 2 0 0 0 0 0 0 2 2 2 0 1 3 1 2 2 3 4 5 6 9 17 35 99 156 220 252 238 121 21 5 2 4 3 5 4 4 0 0 4 4 4 5 6 8 44 185 225 147 55 33 26 9 10 5 3 4 4 3 2 4 4 4 2 0 1 3 2 2 2 2 2 3 3 3 3 2 2 2 2 1 0 2 0 0 2 2 2 2 1 0 0 0 0 0 1 2 2 2 2 4 4 3 2 0 0 2 2 2 2 2 2 2 2 2 0 0 2 3 4 3 2 4 5 4 1 4 5 4 5 6 5 6 7 12 13 10 11 18 20 20 16 16 19 24 33 37 44
1 0 0 0 0 0 1 1 0 0 0 1 1 0 0 0 0 0 1 0 3 2 3 26 147 246 212 65 7 2 0 1 1 1 0 0 0 0 0 0 0 0 0 1 0 0 0 0 0 0 0 0 0 0 0 0 0 0 0 0 0 0 0 0 0 0 0 0 0 1 1 1 1 1 1 1 1 1 1 1 0 0 0 0 0 0 0 0 0 0 0 0 0 0 0 0 0 0 0 0 0 0 0 0 0 0 0 0 0 0 0 0 0 0 0 0 0 0 0 0 0 0 0 0 0 0 0 0 0 0 0 0 0 0 0 0 0 0 0 0 0 0 0 0 0 0 0 0 0 0 0 0 0 0 0 0 0 0 2 0 4 3 3 5 8 33 29 4 0 1 0 1 0 0 0 0 0 1 3 3 4 6 11 69 239 255 255 161 21 10 6 3 0 1 3 0 1 0 0 0 1 1 0 0 0 0 0 0 0 0 0 0 0 0 0 5 19 86 23 4 2 2 2 0 0 0 0 0 0 0 0 0 0 0 0 0 0 0 0 0 0 0 0 0 0 0 0 0 0 0 0 2 12 39 27 4 0 0 0 0 0 0 0 0 0 0 0 0 0 0 2 2 2 2 2 2 2 2 2 2 6 5 3 7 6 3 8 8 2 0 0 0 0 0 0 0 0 0 0 0 0 0 0 0 0 2 0 0 0 0 2 2 4 2 0 0 0 0 0 0 0 0 0 0 0 0 0 0 0 0 0 0 0 0 0 0 0 0 0 0 0 0 0 0 2 3 3 4 5 10 40 112 84 40 14 7 5 3 2 2 0 0 0 0 0 2 0 0 0 0 0 3 0 2 1 2 0 2 2 3 3 5 4 6 11 21 60 142 191 238 249 205 67 15 4 2 4 4 5 3 4 0 0 3 4 2 6 3 10 41 178 225 151 64 33 28 10 8 6 4 2 4 2 2 2 3 3 2 3 3 2 2 4 4 4 4 2 1 1 0 1 1 0 0 0 0 0 2 0 0 1 1 0 1 2 1 0 0 0 0 2 1 2 3 3 2 3 3 3 3 2 0 0 0 0 1 2 2 3 3 3 3 2 4 4 6 5 4 5 5 7 6 7 9 12 15 15 15 15 16 17 20 16 18 23 28 33 42 46 48 57 77
0 0 0 0 0 1 1 1 0 0 0 1 1 0 0 0 0 0 1 0 4 1 3 27 155 246 212 59 7 2 0 0 0 1 0 0 0 0 0 0 0 0 0 1 0 0 0 0 0 0 0 0 0 0 0 0 0 0 0 0 0 0 0 0 0 0 0 0 0 0 0 0 0 0 0 0 0 0 0 0 0 0 0 0 0 0 0 0 0 0 0 0 0 0 0 0 0 0 0 0 0 0 0 0 0 0 0 0 0 0 0 0 0 0 0 0 0 0 0 0 0 0 0 0 0 0 0 0 0 0 0 0 0 0 0 0 0 0 0 0 0 0 0 0 0 0 0 0 0 0 0 0 0 0 0 0 0 0 2 2 3 2 3 6 6 31 31 5 0 1 1 0 0 0 0 0 1 2 3 3 6 6 34 171 255 255 224 56 16 5 5 1 0 3 0 1 1 0 0 1 1 0 0 0 0 0 0 0 0 0 0 0 0 0 0 5 21 86 21 3 2 3 2 0 0 0 0 0 0 0 0 0 0 0 0 0 0 0 0 0 0 0 0 0 0 0 0 0 0 0 0 2 15 41 20 3 0 0 0 0 0 0 0 0 0 0 0 0 0 0 0 0 2 0 0 0 2 0 0 0 2 5 7 3 5 4 2 5 9 4 0 0 0 0 0 0 0 0 0 0 0 0 0 0 0 2 0 0 0 0 0 3 3 2 0 0 0 0 0 0 0 0 0 0 0 0 0 0 0 0 0 0 0 0 0 0 0 0 0 0 0 0 0 0 2 2 3 3 5 5 15 64 112 72 26 12 5 6 3 3 1 0 0 0 0 0 2 0 0 0 2 2 2 2 2 1 2 2 2 4 6 4 5 10 17 47 107 171 220 247 233 141 35 10 1 2 4 4 4 4 4 1 2 2 5 0 7 2 8 33 167 225 159 71 37 30 14 10 10 3 2 4 3 3 3 3 2 3 4 4 4 5 4 5 4 3 4 4 4 2 0 2 3 2 2 3 2 2 2 0 0 1 1 0 0 1 2 0 0 2 2 2 1 3 3 2 2 2 2 2 2 3 3 4 4 5 5 4 4 6 7 7 7 7 6 6 7 7 7 10 11 14 14 16 13 15 16 18 21 24 31 33 38 45 47 55 66 65 81 101 119 143
0 0 0 0 0 1 0 1 0 0 0 1 1 0 0 0 0 0 1 0 4 1 4 27 159 244 213 56 7 1 0 0 0 0 1 0 0 0 0 0 0 0 1 0 0 0 0 0 0 0 0 0 0 0 0 0 0 0 0 0 0 0 0 0 0 0 0 0 0 0 0 0 0 0 0 0 0 0 0 0 0 0 0 0 0 0 0 0 0 0 0 0 0 0 0 0 0 0 0 0 0 0 0 0 0 0 0 0 0 0 0 0 0 0 0 0 0 0 0 0 0 0 0 0 0 0 0 0 0 0 0 0 0 0 0 0 0 0 0 0 0 0 0 0 0 0 0 0 0 0 0 0 0 0 0 0 0 0 1 3 4 1 2 6 8 27 35 5 1 1 1 0 0 0 0 0 1 3 3 4 6 15 108 253 255 253 126 16 7 7 2 0 1 3 0 1 0 0 0 2 0 0 0 0 0 0 0 0 0 0 0 0 0 0 0 7 20 86 20 3 2 3 0 0 0 0 0 0 0 0 0 0 0 0 0 0 0 0 0 0 0 0 0 0 0 0 0 0 0 0 0 2 15 36 18 3 0 0 0 0 0 0 0 0 0 0 0 0 0 0 0 0 2 0 0 0 0 2 0 2 0 3 5 4 4 3 4 2 4 7 5 2 0 0 0 0 0 0 0 0 0 0 0 0 0 2 0 0 0 0 0 3 4 2 0 0 0 0 0 0 0 0 0 0 0 0 0 0 0 0 0 0 0 0 0 0 0 0 0 0 0 0 0 0 0 3 2 3 4 3 7 26 90 98 61 18 8 5 4 3 3 0 0 0 0 0 0 2 2 2 0 2 3 1 1 2 2 2 3 6 3 5 12 19 31 92 145 210 238 241 189 71 20 5 0 2 4 3 4 5 4 2 2 1 5 0 6 2 7 30 157 221 167 78 39 29 19 10 7 6 4 2 6 6 5 7 6 6 5 5 5 5 6 4 4 4 4 3 5 7 8 6 4 4 3 2 3 2 2 2 2 0 1 2 0 0 0 3 2 0 0 2 2 4 4 3 3 3 4 5 6 6 7 6 7 6 8 10 9 7 5 5 6 7 7 8 8 10 11 13 14 15 18 19 20 23 25 28 37 34 36 53 58 71 89 92 101 131 155 171 180 188
0 0 0 0 0 1 0 1 0 0 0 1 1 0 0 0 0 0 1 2 3 1 4 26 159 243 219 57 7 2 0 0 0 0 1 0 0 0 0 0 0 0 1 1 0 0 0 0 0 0 0 0 0 0 0 0 0 0 0 0 0 0 0 0 0 0 0 0 0 0 0 0 0 0 0 0 0 0 0 0 0 0 0 0 0 0 0 0 0 0 0 0 0 0 0 0 0 0 0 0 0 0 0 0 0 0 0 0 0 0 0 0 0 0 0 0 0 0 0 0 0 0 0 0 0 0 0 0 0 0 0 0 0 0 0 0 0 0 0 0 0 0 0 0 0 0 0 0 0 0 0 0 0 0 0 0 0 0 1 2 3 2 1 7 8 24 37 5 2 1 0 0 0 0 0 1 3 2 4 6 7 52 211 255 255 191 32 12 6 3 1 1 3 0 1 1 0 0 1 0 0 0 0 0 0 0 0 0 0 0 0 0 0 0 1 9 25 79 19 4 2 3 0 0 0 0 0 0 0 0 0 0 0 0 0 0 0 0 0 0 0 0 0 0 0 0 0 0 0 0 0 2 13 36 15 2 0 0 0 0 2 2 2 2 2 0 0 0 0 0 0 0 2 0 0 0 0 2 0 2 0 3 2 4 8 5 5 6 2 7 6 4 2 0 0 0 0 0 0 0 0 0 0 0 2 0 0 0 0 0 0 2 4 2 0 0 0 0 0 0 0 0 0 0 0 0 0 0 0 0 0 0 0 0 0 0 0 0 0 0 0 0 0 0 0 1 3 2 3 4 4 8 38 103 94 45 12 6 5 4 3 3 0 0 0 0 2 2 2 0 0 2 2 2 2 1 2 4 6 4 5 14 16 33 79 123 193 228 244 213 113 37 11 2 1 1 4 3 2 5 4 3 2 0 5 0 7 2 5 27 151 218 178 85 43 32 20 10 10 9 11 8 10 6 8 7 8 6 7 9 10 10 10 12 12 12 11 11 8 7 7 8 9 8 6 4 3 5 5 4 2 2 2 3 3 3 3 1 2 2 2 3 4 4 3 3 3 4 6 5 5 6 6 7 6 7 6 4 6 7 10 11 12 12 13 14 16 20 22 22 22 23 27 29 28 34 41 51 61 74 90 98 113 131 145 164 180 189 191 191 192 177
0 0 0 0 0 1 0 1 0 0 0 1 1 0 0 0 0 0 1 2 3 1 4 22 156 239 228 64 8 1 2 0 0 0 1 0 0 0 0 0 0 0 0 1 0 0 0 0 0 0 0 0 0 0 0 0 0 0 0 0 0 0 0 0 0 0 0 0 0 0 0 0 0 0 0 0 0 0 0 0 0 0 0 0 0 0 0 0 0 0 0 0 0 0 0 0 0 0 0 0 0 0 0 0 0 0 0 0 0 0 0 0 0 0 0 0 0 0 0 0 0 0 0 0 0 0 0 0 0 0 0 0 0 0 0 0 0 0 0 0 0 0 0 0 0 0 0 0 0 0 0 0 0 0 0 0 0 0 3 2 4 2 4 9 9 21 34 7 2 0 0 0 0 0 1 1 3 4 5 7 20 144 255 255 245 79 13 6 5 2 1 1 2 0 1 0 0 1 0 0 0 0 0 0 0 0 0 0 0 0 0 0 0 0 2 9 31 74 17 4 2 3 0 0 0 0 0 0 0 0 0 0 0 0 0 0 0 0 0 0 0 0 0 0 0 0 0 0 0 0 0 0 12 33 18 2 0 0 2 2 0 0 0 0 0 2 2 0 0 0 0 0 2 0 0 0 0 0 3 0 0 4 0 0 2 6 5 4 8 2 7 7 2 2 0 0 0 0 0 0 0 0 0 0 2 0 0 0 0 0 0 2 3 3 0 0 0 0 0 0 0 0 0 0 0 0 0 0 0 0 0 0 0 0 0 0 0 0 0 0 0 0 0 0 0 0 2 2 3 4 3 5 14 59 108 78 32 10 5 5 3 4 1 0 0 2 0 0 0 2 2 2 4 3 3 3 4 5 6 6 13 19 30 74 126 171 220 241 228 153 39 20 6 2 2 0 4 3 2 5 4 3 2 0 4 3 6 2 6 22 142 215 185 90 47 36 27 17 10 13 9 10 10 14 13 12 19 23 25 21 19 20 20 19 20 18 19 16 15 13 9 7 8 9 10 12 11 5 4 5 5 6 5 4 5 5 4 4 4 4 5 7 9 9 9 8 7 8 5 5 6 6 5 6 7 6 8 8 11 12 11 12 15 19 22 23 23 22 27 29 32 39 43 53 61 65 83 105 123 133 147 164 177 184 193 196 196 188 180 166 150 136
0 0 0 0 0 1 0 1 0 0 0 1 1 0 0 0 0 0 1 3 2 2 4 25 140 233 235 80 7 1 2 0 0 0 1 0 0 0 0 0 0 0 0 0 0 0 0 0 0 0 0 0 0 0 0 0 0 0 0 0 0 0 0 0 0 0 0 0 0 0 0 0 0 0 0 0 0 0 0 0 0 0 0 0 0 0 0 0 0 0 0 0 0 0 0 0 0 0 0 0 0 0 0 0 0 0 0 0 0 0 0 0 0 0 0 0 0 0 0 0 0 0 0 0 0 0 0 0 0 0 0 0 0 0 0 0 0 0 0 0 0 0 0 0 0 0 1 1 1 1 2 2 2 2 2 2 2 2 2 3 4 2 4 8 9 18 32 9 2 0 0 0 0 0 2 3 2 5 6 11 69 242 255 253 148 20 8 7 2 1 1 2 0 1 1 0 1 0 0 0 0 0 0 0 0 0 0 0 0 0 0 0 0 0 2 9 41 68 13 4 2 3 0 0 0 0 0 0 0 0 0 0 0 0 0 0 0 0 0 0 0 0 0 0 0 0 0 0 0 0 0 0 13 30 19 2 0 1 0 0 0 0 0 0 0 0 0 2 0 0 0 0 2 0 0 0 0 0 3 1 0 4 0 0 1 2 3 4 4 8 4 7 7 0 2 0 0 0 0 0 0 0 0 0 2 0 0 0 0 0 0 2 2 4 1 0 0 0 0 0 0 0 0 0 0 0 0 0 0 0 0 0 0 0 0 0 0 0 0 0 0 0 0 0 0 0 2 2 2 3 4 4 5 23 84 106 61 21 6 5 4 2 4 1 0 2 0 0 1 2 3 5 4 1 1 3 5 4 9 11 20 35 93 127 161 210 236 236 176 58 25 12 0 2 2 0 3 3 3 5 4 3 2 0 4 4 4 4 5 21 121 213 189 120 55 42 38 22 18 15 17 18 22 23 29 35 41 44 59 71 82 82 69 54 51 46 41 32 26 23 24 18 11 6 5 5 6 9 7 5 6 6 5 5 5 4 4 5 6 7 8 9 9 9 8 7 8 10 10 11 12 12 13 13 14 14 14 19 16 19 22 24 22 20 24 32 44 55 57 67 73 75 83 95 119 139 150 157 174 191 198 198 198 195 183 169 152 140 113 89 75 61
0 0 0 0 0 1 0 1 0 0 0 1 1 0 0 0 0 0 1 3 2 3 5 26 128 225 235 115 9 2 2 1 0 0 1 0 0 0 0 0 0 0 0 0 0 0 0 0 0 0 0 0 0 0 0 0 0 0 0 0 0 0 0 0 0 0 0 0 0 0 0 0 0 0 0 0 0 0 0 0 0 0 0 0 0 0 0 0 0 0 0 0 0 0 0 0 0 0 0 0 0 0 0 0 0 0 0 0 0 0 0 0 0 0 0 0 0 0 0 0 0 0 0 0 0 0 0 0 0 0 0 0 0 0 0 1 1 1 1 1 1 1 0 1 1 1 0 0 0 1 1 0 0 0 0 0 0 0 0 2 4 3 3 7 9 19 33 9 2 1 0 0 0 1 2 3 4 5 9 32 180 255 255 217 43 13 6 4 1 1 1 1 0 1 0 1 0 0 0 0 0 0 0 0 0 0 0 0 0 0 0 0 0 0 2 9 48 65 12 3 2 3 0 0 0 0 0 0 0 0 0 0 0 0 0 0 0 0 0 0 0 0 0 0 0 0 0 0 0 0 0 0 12 29 19 2 0 0 0 0 0 0 0 0 0 0 0 0 2 0 0 0 0 2 0 0 0 2 2 2 0 4 0 0 0 0 2 3 2 3 7 7 11 6 0 2 0 0 0 0 0 0 0 0 2 0 0 0 0 0 0 2 1 4 2 0 0 0 0 0 0 0 0 0 0 0 0 0 0 0 0 0 0 0 0 0 0 0 0 0 0 0 0 0 0 0 2 1 3 3 2 4 4 8 37 94 102 46 16 5 5 4 3 3 1 2 0 2 3 3 2 3 0 3 4 5 5 9 10 26 43 100 134 167 196 231 239 187 86 29 11 9 0 2 2 1 2 4 3 5 4 3 2 0 3 4 4 4 3 15 99 211 190 134 71 55 49 34 36 34 36 38 46 61 76 96 113 140 144 152 156 150 148 142 118 97 73 67 66 55 37 30 24 18 13 11 9 8 11 10 8 9 10 9 7 7 11 14 15 14 14 14 11 12 11 13 18 19 19 18 16 19 18 18 20 24 27 24 29 26 32 33 46 57 66 76 87 95 113 126 138 146 156 162 169 182 196 200 199 192 181 163 154 137 113 90 80 68 50 40 28 24
0 0 0 0 0 1 0 1 0 0 0 1 1 0 0 0 0 1 0 3 2 4 9 28 121 213 231 148 15 3 2 1 0 0 1 0 0 0 0 0 0 0 0 0 0 0 0 0 0 0 0 0 0 0 0 0 0 0 0 0 0 0 0 0 0 0 0 0 0 0 0 0 0 0 0 0 0 0 0 0 0 0 0 0 0 0 0 0 0 0 0 0 0 0 0 0 0 0 0 0 0 0 0 0 0 0 0 0 0 0 0 0 0 0 0 0 0 0 0 0 0 0 0 0 0 0 1 1 1 1 1 1 1 1 1 1 0 0 0 0 0 1 1 1 0 0 0 0 0 0 0 0 0 0 0 0 0 0 0 2 4 2 3 5 12 20 35 6 1 1 0 0 1 1 3 3 4 7 15 111 253 255 251 113 15 7 3 3 1 1 2 0 1 1 1 0 0 0 0 0 0 0 0 0 0 0 0 0 0 0 0 0 0 0 2 9 58 58 11 3 2 3 0 0 0 0 0 0 0 0 0 0 0 0 0 0 0 0 0 0 0 0 0 0 0 0 0 0 0 0 0 0 10 29 19 3 0 0 0 0 0 0 0 0 0 0 0 0 2 0 0 0 0 2 0 0 0 2 0 2 2 3 0 0 0 0 0 1 4 4 3 6 7 11 11 4 4 0 0 0 0 0 0 0 2 0 0 0 0 0 0 1 2 2 4 1 0 0 0 0 0 0 0 0 0 0 0 0 0 0 0 0 0 0 0 0 0 0 0 0 0 0 0 0 0 0 1 1 2 2 3 2 4 4 15 53 108 84 33 11 5 4 3 3 3 4 3 2 3 3 2 2 2 3 5 5 8 13 26 61 113 149 175 203 231 236 196 107 32 14 10 3 0 2 2 2 1 4 3 5 4 3 2 0 3 4 4 4 3 12 68 197 196 147 96 76 64 67 65 70 75 90 108 130 148 165 176 179 186 192 197 202 197 188 183 172 170 164 142 121 101 70 50 37 30 19 14 13 11 14 12 11 11 11 13 13 13 14 15 13 13 15 13 15 17 18 18 20 22 23 27 24 28 28 23 22 26 33 36 44 47 68 74 95 123 135 146 160 171 182 190 196 198 206 209 200 189 175 157 143 123 102 78 65 47 40 30 23 21 21 19 16
0 0 0 0 1 1 0 1 0 0 0 1 1 0 0 0 0 1 1 2 2 5 11 39 125 198 217 171 40 4 1 2 1 0 1 0 0 0 0 0 0 0 0 0 0 0 0 0 0 0 0 0 0 0 0 0 0 0 0 0 0 0 0 0 0 0 0 0 0 0 0 0 0 0 0 0 0 0 0 0 0 0 0 0 0 0 0 0 0 0 0 0 0 0 0 0 0 0 0 0 0 0 0 0 0 0 0 0 0 0 0 0 0 0 0 0 0 0 0 0 0 0 0 0 0 0 0 0 0 0 0 0 0 0 0 0 0 0 0 0 0 0 0 0 0 0 0 0 0 0 0 0 0 0 0 0 0 0 0 2 1 3 3 5 13 21 35 5 2 1 0 0 1 3 3 3 5 10 52 221 255 255 174 28 10 5 3 0 1 2 1 0 1 1 1 0 0 0 0 0 0 0 0 0 0 0 0 0 0 0 0 0 0 1 1 9 65 51 11 2 2 2 0 0 0 0 0 0 0 0 0 0 0 0 0 0 0 0 0 0 0 0 0 0 0 0 0 0 0 0 0 0 8 28 19 5 0 1 2 0 0 0 0 0 0 0 0 0 1 1 0 0 0 2 0 0 2 2 0 2 2 2 0 0 0 0 0 0 0 2 3 3 5 7 10 12 9 9 6 4 0 0 0 0 2 0 0 0 0 0 0 0 2 2 3 3 0 0 0 0 0 0 0 0 0 0 0 0 0 0 0 0 0 0 0 0 0 0 0 0 0 0 0 0 0 0 0 2 1 3 2 2 4 4 7 21 66 114 67 27 7 5 5 3 4 4 0 2 4 3 4 4 3 5 5 8 14 38 78 120 155 187 215 231 231 196 127 41 20 5 7 2 0 2 2 2 1 4 4 5 4 3 2 0 3 4 4 4 1 9 43 171 197 155 133 122 118 110 110 135 146 164 174 185 186 186 194 197 190 185 176 170 176 188 193 199 201 197 193 183 154 125 97 68 46 41 37 23 18 15 18 20 19 19 19 20 19 20 18 23 20 23 28 37 39 39 30 27 29 24 28 33 32 32 40 48 55 60 82 106 119 131 147 155 167 190 199 200 204 200 200 196 190 182 169 152 130 107 82 64 50 43 33 24 20 18 20 21 16 12 6 7
0 0 0 0 1 0 0 1 0 0 0 1 1 0 0 0 1 1 1 2 3 5 15 67 133 159 201 191 83 8 2 2 1 1 0 0 0 0 0 0 0 0 0 0 0 0 0 0 0 0 0 0 0 0 0 0 0 0 0 0 0 0 0 0 0 0 0 0 0 0 0 0 0 0 0 0 0 0 0 0 0 0 0 0 0 0 0 0 0 0 0 0 0 0 0 0 0 0 0 0 0 0 0 0 0 0 0 0 0 0 0 0 0 0 0 0 0 0 0 0 0 0 0 0 0 0 0 0 0 0 0 0 0 0 0 0 0 0 0 0 0 0 0 0 0 0 0 0 0 0 0 0 0 0 0 0 0 0 0 1 2 2 3 6 12 23 34 6 2 1 0 1 2 3 4 4 8 24 147 255 255 236 67 13 6 4 2 1 0 2 0 1 1 1 0 0 0 0 0 0 0 0 0 0 0 0 0 0 0 0 0 0 0 2 0 9 68 51 9 2 2 2 0 0 0 0 0 0 0 0 0 0 0 0 0 0 0 0 0 0 0 0 0 0 0 0 0 0 0 0 0 0 7 28 19 6 2 1 0 2 2 2 0 0 0 0 0 0 0 2 0 0 0 2 0 0 2 0 2 2 2 2 0 0 0 0 0 0 0 0 2 2 2 3 4 8 9 8 8 8 9 7 2 2 1 0 0 0 0 0 0 0 1 2 2 3 3 0 0 0 0 0 0 0 0 0 0 0 0 0 0 0 0 0 0 0 0 0 0 0 0 0 0 0 0 0 0 2 0 2 2 3 1 4 4 10 28 91 110 43 22 7 4 3 5 3 3 2 3 2 3 5 3 7 9 17 45 83 134 171 208 226 234 221 187 129 42 18 6 6 4 2 2 2 2 3 1 3 4 5 4 3 2 0 3 4 4 4 0 6 23 135 192 179 165 156 154 172 181 179 183 185 188 181 183 174 152 137 132 109 109 115 125 133 146 156 164 170 181 183 181 172 141 109 83 61 51 48 44 35 29 21 24 23 22 20 28 33 41 43 50 52 54 56 46 40 51 56 57 69 74 68 68 74 92 105 123 137 143 150 165 185 196 207 209 198 190 184 172 159 146 136 128 106 83 70 57 47 37 30 24 18 19 17 17 14 9 7 6 9 12 13
0 0 0 0 1 0 0 1 0 0 0 1 0 1 0 0 1 0 1 2 3 6 23 104 144 111 158 195 142 20 2 3 1 0 1 0 0 0 0 0 0 0 0 0 0 0 0 0 0 0 0 0 0 0 0 0 0 0 0 0 0 0 0 0 0 0 0 0 0 0 0 0 0 0 0 0 0 0 0 0 0 0 0 0 0 0 0 0 0 0 0 0 0 0 0 0 0 0 0 0 0 0 0 0 0 0 0 0 0 0 0 0 0 0 0 0 0 0 0 0 0 0 0 0 0 0 0 0 0 0 0 0 0 0 0 0 0 0 0 0 0 0 0 0 0 0 0 0 0 0 0 0 0 0 0 0 0 0 1 0 3 0 3 6 12 24 32 7 2 3 0 2 3 3 2 7 12 83 247 255 253 137 19 8 5 2 1 1 2 0 1 1 1 0 0 0 0 0 0 0 0 0 0 0 0 0 0 0 0 0 0 0 0 2 0 10 73 43 9 2 1 3 0 0 0 0 0 0 0 0 0 0 0 0 0 0 0 0 0 0 0 0 0 0 0 0 0 0 0 0 0 0 7 26 18 10 0 0 2 0 0 0 2 0 0 0 0 0 0 2 0 0 0 2 0 2 2 1 1 2 0 2 0 0 0 0 0 0 0 0 0 0 2 2 3 4 4 7 7 6 7 6 9 5 0 0 0 0 0 0 0 0 0 1 2 3 3 2 1 0 0 0 0 0 0 0 0 0 0 0 0 0 0 0 0 0 0 0 0 0 0 0 0 0 0 0 0 2 0 1 3 1 3 3 4 5 14 45 107 95 30 16 6 3 4 3 4 4 3 3 4 4 9 11 19 55 98 141 184 218 234 231 213 169 115 41 17 10 5 4 3 3 4 4 1 0 0 2 4 4 5 3 2 0 2 4 4 4 0 4 12 53 152 183 183 190 192 188 186 188 181 172 154 144 110 93 74 51 33 31 32 40 47 57 72 84 86 101 118 145 168 177 177 149 127 122 102 77 66 57 55 57 51 53 56 67 77 97 100 111 109 111 111 109 106 110 106 109 111 111 110 124 138 152 162 171 177 184 192 200 203 196 192 180 167 152 135 105 92 81 70 55 39 33 34 26 23 20 21 19 17 16 13 14 11 12 14 14 14 14 13 17
0 0 0 0 1 0 0 1 0 0 0 1 0 1 0 0 1 0 2 2 4 7 34 135 133 57 94 186 177 59 5 2 2 0 1 0 0 0 0 0 0 0 0 0 0 0 0 0 0 0 0 0 0 0 0 0 0 0 0 0 0 0 0 0 0 0 0 0 0 0 0 0 0 0 0 0 0 0 0 0 0 0 0 0 0 0 0 0 0 0 0 0 0 0 0 0 0 0 0 0 0 0 0 0 0 0 0 0 0 0 0 0 0 0 0 0 0 0 0 0 0 0 0 0 0 0 0 0 0 0 0 0 0 0 0 0 0 0 0 0 0 0 0 0 0 0 0 0 0 0 0 0 0 0 0 0 0 1 1 0 2 2 3 5 7 27 34 8 1 3 1 3 2 3 5 10 36 191 255 255 203 40 12 6 2 1 1 1 1 0 2 1 0 0 0 0 0 0 0 0 0 0 0 0 0 0 0 0 0 0 0 0 0 2 0 12 77 39 8 2 0 3 0 0 0 0 0 0 0 0 0 0 0 0 0 0 0 0 0 0 0 0 0 0 0 0 0 0 0 0 0 0 5 20 20 13 0 0 4 0 0 0 0 2 2 0 0 0 0 2 0 0 0 2 0 2 1 1 0 2 0 2 0 0 0 0 0 0 0 0 0 0 0 2 2 2 5 2 4 6 6 4 6 11 2 0 0 0 0 0 0 0 0 0 1 2 2 4 2 2 2 0 0 0 0 0 0 0 0 0 0 0 0 0 0 0 0 0 0 0 0 0 0 0 0 0 0 2 0 0 2 3 3 0 4 4 9 19 67 107 76 24 10 5 3 4 3 5 5 5 5 8 15 22 65 123 151 201 228 239 228 203 151 106 43 20 15 6 4 4 4 2 2 3 2 0 0 2 4 4 5 3 3 0 2 5 4 4 2 1 6 21 74 123 150 156 162 166 154 141 123 90 73 57 45 31 30 32 29 31 29 21 18 20 16 18 24 34 49 82 119 155 174 188 179 154 147 151 147 142 136 126 124 127 136 155 170 172 177 179 182 177 179 177 171 169 172 173 175 175 180 187 193 196 198 198 198 199 198 180 168 157 146 122 87 59 50 40 36 27 23 23 23 21 15 15 19 16 13 12 13 13 14 12 12 9 9 10 11 16 15 10
0 0 0 0 1 0 0 1 0 0 0 1 0 1 0 0 1 0 2 1 4 9 52 150 123 26 34 162 188 127 16 2 2 1 1 0 0 0 0 0 0 0 0 0 0 0 0 0 0 0 0 0 0 0 0 0 0 0 0 0 0 0 0 0 0 0 0 0 0 0 0 0 0 0 0 0 0 0 0 0 0 0 0 0 0 0 0 0 0 0 0 0 0 0 0 0 0 0 0 0 0 0 0 0 0 0 0 0 0 0 0 0 0 0 0 0 0 0 0 0 0 0 0 0 0 0 0 0 0 0 0 0 0 0 0 0 0 0 0 0 0 0 0 0 0 0 0 0 0 0 0 0 0 0 0 0 0 1 0 2 1 2 3 5 6 30 34 7 2 2 3 3 3 3 8 18 123 253 255 248 91 16 8 4 1 2 0 2 0 1 2 0 0 0 0 0 0 0 0 0 0 0 0 0 0 0 0 0 0 0 0 0 0 0 2 15 79 34 7 2 2 2 0 0 0 0 0 0 0 0 0 0 0 0 0 0 0 0 0 0 0 0 0 0 0 0 0 0 0 0 0 0 4 18 20 14 2 0 4 0 0 2 2 2 2 2 0 0 0 0 2 0 2 0 2 0 2 0 0 2 0 2 0 0 0 0 0 0 2 2 2 2 2 0 0 2 2 4 0 3 3 7 2 12 4 0 0 0 0 0 0 0 0 0 0 0 2 0 4 3 0 2 2 1 0 0 0 0 0 0 0 0 0 0 0 0 0 0 0 0 0 0 0 0 0 0 0 1 1 0 0 2 3 2 2 4 5 10 31 90 107 48 19 10 5 4 4 4 7 9 10 15 29 70 130 171 215 234 242 223 182 143 106 63 41 20 17 9 6 2 2 2 0 2 0 2 0 2 4 4 5 4 2 1 2 5 4 4 2 0 4 6 20 44 65 77 81 73 67 59 50 37 33 25 21 20 19 18 18 12 10 12 11 11 13 13 12 12 19 21 37 85 141 162 179 186 188 179 174 179 179 179 179 180 186 195 209 209 209 204 204 204 198 195 195 198 195 198 198 199 199 196 189 184 182 184 177 161 141 135 116 78 51 34 30 28 24 21 15 17 16 17 16 18 19 17 16 16 17 19 19 20 19 18 17 17 16 13 14 9 7 6
0 0 0 0 1 0 0 1 0 0 1 1 0 1 0 0 1 0 2 1 4 13 78 158 102 12 13 106 193 168 51 4 2 1 1 0 0 0 0 0 0 0 0 0 0 0 0 0 0 0 0 0 0 0 0 0 0 0 0 0 0 0 0 0 0 0 0 0 0 0 0 0 0 0 0 0 0 0 0 0 0 0 0 0 0 0 0 0 0 0 0 0 0 0 0 0 0 0 0 0 0 0 0 0 0 0 0 0 0 0 0 0 0 0 0 0 0 0 0 0 0 0 0 0 0 0 0 0 0 0 0 0 0 0 0 0 0 0 0 0 0 0 0 0 0 0 0 0 0 0 0 0 0 0 0 0 1 1 1 2 2 1 2 2 8 32 32 8 0 4 4 2 4 5 11 63 232 255 255 163 26 10 5 2 1 1 2 1 0 2 0 0 0 0 0 0 0 0 0 0 0 0 0 0 0 0 0 0 0 0 0 0 0 0 0 20 79 29 7 2 2 2 0 0 0 0 0 0 0 0 0 0 0 0 0 0 0 0 0 0 0 0 0 0 0 0 0 0 0 0 0 1 3 14 23 13 5 2 2 2 2 2 0 0 0 2 2 0 0 1 2 2 3 0 2 2 0 0 0 2 0 2 2 0 3 4 4 4 2 2 2 2 0 2 0 0 0 2 5 4 3 8 4 11 6 0 0 0 0 0 0 0 0 0 0 0 0 2 1 2 4 2 1 1 2 0 0 0 0 0 0 0 0 0 0 0 0 0 0 0 0 0 0 0 0 0 0 0 2 0 0 0 3 3 1 3 3 8 15 47 104 98 30 14 8 4 4 4 6 9 19 33 80 141 191 221 242 244 213 172 151 143 157 151 134 88 44 11 6 2 2 1 0 2 0 2 0 2 4 4 5 4 2 2 2 5 4 4 2 0 1 4 7 11 22 22 27 20 18 19 19 18 13 13 13 10 5 4 3 4 4 4 6 5 6 9 9 10 10 15 21 24 51 92 142 155 173 187 191 189 193 195 191 187 182 209 218 207 191 188 184 184 184 182 184 184 180 180 172 172 169 163 157 148 133 99 74 66 57 37 27 22 23 25 20 14 13 15 18 19 18 19 22 21 19 20 19 19 15 14 11 11 11 12 9 8 7 9 6 7 4 3
0 0 0 0 1 0 0 1 0 0 1 0 0 1 0 0 1 0 2 1 5 20 96 158 79 7 5 44 162 191 120 13 2 2 0 1 0 0 0 0 0 0 0 0 0 0 0 0 0 0 0 0 0 0 0 0 0 0 0 0 0 0 0 0 0 0 0 0 0 0 0 0 0 0 0 0 0 0 0 0 0 0 0 0 0 0 0 0 0 0 0 0 0 0 0 0 0 0 0 0 0 0 0 0 0 0 0 0 0 0 0 0 0 0 0 0 0 0 0 0 0 0 0 0 0 0 0 0 0 0 0 0 0 0 0 0 0 0 0 0 0 0 0 0 0 0 0 0 0 0 0 0 0 0 0 0 1 1 2 0 3 2 2 4 7 31 32 7 3 6 2 3 3 9 28 157 255 255 224 56 15 7 3 1 2 1 2 0 2 0 0 0 0 0 0 0 0 0 0 0 0 0 0 0 0 0 0 0 0 0 0 0 0 0 2 21 80 27 6 2 2 2 0 0 0 0 0 0 0 0 0 0 0 0 0 0 0 0 0 0 0 0 0 0 0 0 0 0 0 0 1 1 2 12 22 14 7 4 2 4 0 2 2 2 0 3 3 3 3 3 3 2 2 2 2 0 0 0 2 2 4 4 4 5 2 0 0 0 0 0 0 0 2 3 2 0 0 0 0 4 2 6 4 16 5 0 0 0 0 0 0 0 0 0 0 0 0 0 2 2 2 4 3 2 0 2 1 0 0 0 0 0 0 0 0 0 0 0 0 0 0 0 0 0 0 0 0 0 2 0 0 0 2 3 3 0 4 5 8 20 81 105 74 22 10 5 5 8 8 17 35 85 145 206 231 247 236 196 165 157 185 218 234 236 223 194 133 42 9 4 3 0 1 1 0 0 2 2 4 4 4 4 2 2 2 3 5 4 1 1 0 2 2 4 5 6 5 10 10 8 8 7 8 6 6 5 7 5 6 5 5 5 5 6 4 5 6 6 8 7 8 10 11 27 47 76 98 96 116 129 127 129 138 148 155 175 194 202 208 193 186 175 152 144 137 137 134 118 108 102 95 80 70 52 46 35 28 20 18 15 16 16 14 12 13 14 18 18 16 15 18 19 15 14 11 9 5 4 5 8 9 8 5 5 6 6 5 4 4 3 0 0
0 0 0 1 0 0 0 1 0 0 1 0 0 1 0 0 1 0 2 1 6 25 116 158 56 4 4 15 114 191 166 47 5 2 1 1 0 0 0 0 0 0 0 0 0 0 0 0 0 0 0 0 0 0 0 0 0 0 0 0 0 0 0 0 0 0 0 0 0 0 0 0 0 0 0 0 0 0 0 0 0 0 0 0 0 0 0 0 0 0 0 0 0 0 0 0 0 0 0 0 0 0 0 0 0 0 0 0 0 0 0 0 0 0 0 0 0 0 0 0 0 0 0 0 0 0 0 0 0 0 0 0 0 0 0 0 0 0 0 0 0 0 0 0 0 0 0 0 0 0 0 0 0 0 0 1 0 2 1 2 2 0 3 4 7 24 40 9 4 6 2 3 6 16 94 250 255 253 124 19 8 5 3 1 2 2 0 1 1 0 0 0 0 0 0 0 0 0 0 0 0 0 0 0 0 0 0 0 0 0 0 0 0 0 3 22 82 26 5 2 3 0 0 0 0 0 0 0 0 0 0 0 0 0 0 0 0 0 0 0 0 0 0 0 0 0 0 0 0 0 2 2 0 9 20 16 7 5 0 4 4 0 2 3 4 4 3 3 3 3 2 2 2 2 0 0 0 0 0 0 0 0 0 0 2 2 2 2 2 2 0 0 0 2 3 0 0 0 0 2 2 6 5 14 5 0 0 0 0 0 0 0 0 0 0 0 0 0 0 0 0 2 3 3 2 0 1 1 0 0 0 0 0 0 0 0 0 0 0 0 0 0 0 0 0 0 0 0 1 1 0 0 0 3 2 2 1 5 6 12 36 104 101 51 17 9 5 9 17 38 90 151 216 242 247 226 183 157 172 223 247 253 253 253 250 239 213 133 22 6 1 1 2 0 0 1 1 2 3 4 4 4 3 2 1 3 6 4 0 2 2 2 3 3 3 4 4 3 2 6 6 6 5 6 6 5 3 6 7 6 5 4 3 3 4 3 3 3 5 6 8 9 9 8 11 22 27 51 54 57 72 77 85 86 110 137 153 172 180 184 189 189 178 163 144 113 89 77 61 50 46 41 25 22 16 18 16 16 15 16 12 12 16 17 16 17 14 16 19 18 13 6 6 6 5 5 7 7 6 5 4 3 4 4 3 3 2 1 3 4 4 4
0 0 0 1 0 0 0 1 0 0 1 0 0 1 0 0 1 0 2 2 6 30 129 150 35 4 4 1 49 162 189 121 12 2 2 1 0 0 0 0 0 0 0 0 0 0 0 0 0 0 0 0 0 0 0 0 0 0 0 0 0 0 0 0 0 0 0 0 0 0 0 0 0 0 0 0 0 0 0 0 0 0 0 0 0 0 0 0 0 0 0 0 0 0 0 0 0 0 0 0 0 0 0 0 0 0 0 0 0 0 0 0 0 0 0 0 0 0 0 0 0 0 0 0 0 0 0 0 0 0 0 0 0 0 0 0 0 0 0 0 0 0 0 0 0 0 0 0 0 0 0 0 0 0 1 2 2 3 2 2 3 3 3 4 8 18 42 10 6 3 3 3 11 43 204 255 255 189 33 12 5 4 0 2 1 1 1 1 0 0 0 0 0 0 0 0 0 0 0 0 0 0 0 0 0 0 0 0 0 0 0 0 0 0 5 23 81 23 5 2 3 0 0 0 0 0 0 0 0 0 0 0 0 0 0 0 0 0 0 0 0 0 0 0 0 0 0 0 0 2 0 3 2 7 23 13 5 7 6 4 2 3 5 3 5 4 2 0 0 0 0 2 4 4 4 4 4 4 4 5 5 5 6 7 7 6 6 4 2 3 3 2 2 2 4 0 0 0 0 2 0 6 5 14 5 0 0 0 0 0 0 0 0 0 0 0 0 0 0 0 0 0 1 3 3 3 1 2 0 0 0 0 0 0 0 0 0 0 0 0 0 0 0 0 0 0 0 0 0 2 0 0 0 2 1 3 1 3 6 5 17 60 113 86 31 15 15 16 35 90 151 223 247 247 213 167 153 189 242 253 250 244 236 231 236 247 247 194 71 10 2 2 2 0 0 2 0 2 3 5 4 4 3 2 0 3 6 3 2 0 0 0 0 0 2 1 3 4 5 4 5 4 4 3 3 4 4 3 1 2 3 3 1 2 2 2 2 3 0 1 2 2 4 5 5 6 10 16 19 26 26 30 33 45 47 54 73 86 130 155 173 184 189 193 186 161 143 98 71 54 35 31 24 21 14 16 17 15 16 13 15 16 12 11 14 14 11 8 7 5 5 5 4 4 4 4 4 3 3 3 3 3 3 2 2 4 6 7 10 8 7 7
0 0 1 1 0 0 0 1 0 0 1 0 0 1 0 1 0 0 2 3 6 45 141 141 24 3 3 2 16 109 187 166 53 5 2 0 1 0 0 0 0 0 0 0 0 0 0 0 0 0 0 0 0 0 0 0 0 0 0 0 0 0 0 0 0 0 0 0 0 0 0 0 0 0 0 0 0 0 0 0 0 0 0 0 0 0 0 0 0 0 0 0 0 0 0 0 0 0 0 0 0 0 0 0 0 0 0 0 0 0 0 0 0 0 0 0 0 0 0 0 0 0 0 0 0 0 0 0 0 0 0 0 0 0 0 0 0 0 0 0 0 0 0 0 0 0 0 0 0 0 0 0 1 1 2 2 3 3 2 1 3 1 3 4 5 20 40 13 4 3 3 8 24 123 253 255 245 78 17 6 4 2 1 2 2 1 0 1 0 0 0 0 0 0 0 0 0 0 0 0 0 0 0 0 0 0 0 0 0 0 0 0 0 0 5 29 76 23 4 2 3 0 0 0 0 0 0 0 0 0 0 0 0 0 0 0 0 0 0 0 0 0 0 0 0 0 0 0 0 2 3 2 0 3 19 16 13 5 4 5 6 6 3 2 0 4 4 4 4 4 5 4 2 2 3 2 3 3 5 5 6 6 5 5 5 4 3 4 6 4 2 2 0 0 4 4 2 2 2 0 2 4 6 18 3 0 0 0 0 0 0 0 0 0 0 0 0 0 0 0 0 0 0 1 3 3 2 1 2 0 0 0 0 0 0 0 0 0 0 0 0 0 0 0 0 0 0 0 0 2 0 0 0 0 3 2 3 0 4 5 9 29 94 99 64 27 29 39 93 171 226 247 247 208 153 149 196 247 253 242 223 199 178 183 201 234 250 236 126 11 4 0 2 2 0 2 0 2 3 5 4 4 3 2 0 3 6 3 2 0 0 0 0 0 2 1 2 2 0 2 3 3 3 2 2 2 2 2 2 2 2 2 4 4 3 2 1 1 1 0 2 1 1 3 5 4 5 6 9 9 14 16 15 21 26 38 44 51 58 70 90 129 163 180 187 194 187 167 142 110 64 40 24 22 21 17 16 15 12 13 11 10 11 12 8 6 6 5 1 1 2 5 6 6 4 4 3 3 4 7 6 5 5 7 7 8 6 5 5 6 7 9
0 0 1 0 0 0 0 1 0 0 1 0 0 1 0 1 0 0 2 3 7 56 149 129 16 3 3 2 3 47 153 191 126 16 2 2 1 0 0 0 0 0 0 0 0 0 0 0 0 0 0 0 0 0 0 0 0 0 0 0 0 0 0 0 0 0 0 0 0 0 0 0 0 0 0 0 0 0 0 0 0 0 0 0 0 0 0 0 0 0 0 0 0 0 0 0 0 0 0 0 0 0 0 0 0 0 0 0 0 0 0 0 0 0 0 0 0 0 0 0 0 0 0 0 0 0 0 0 0 0 0 0 0 0 0 0 0 0 0 0 0 0 0 0 0 0 0 0 0 0 1 2 2 3 3 3 2 0 2 3 2 3 3 3 3 21 40 15 4 3 6 14 60 239 255 253 150 25 10 4 3 1 1 2 2 0 1 0 0 0 0 0 0 0 0 0 0 0 0 0 0 0 0 0 0 0 0 0 0 0 0 0 0 0 5 31 78 19 4 2 3 0 0 0 0 0 0 0 0 0 0 0 0 0 0 0 0 0 0 0 0 0 0 0 0 0 0 0 0 2 2 2 0 2 15 13 13 9 5 3 5 6 3 5 4 6 4 4 4 4 4 5 6 5 5 6 8 9 9 12 13 13 14 14 14 15 13 10 6 4 4 2 2 2 2 3 0 0 0 2 3 4 5 20 2 0 0 0 0 0 0 0 0 0 0 0 0 0 0 0 0 0 0 0 0 2 4 2 1 1 0 0 0 0 0 0 0 0 0 0 0 0 0 0 0 0 0 0 0 2 0 0 0 0 2 1 2 3 2 7 5 12 53 112 79 45 68 100 163 218 247 247 201 149 147 196 247 253 231 204 156 123 118 142 183 226 250 250 156 18 4 0 2 2 2 0 0 2 3 4 4 4 3 2 0 3 5 3 3 0 0 0 1 2 3 1 0 0 0 0 1 1 0 0 0 0 0 0 0 0 0 0 0 0 0 3 3 4 2 1 0 2 2 2 5 5 6 5 6 6 7 10 12 8 10 10 18 24 29 37 48 54 65 98 137 161 184 196 187 173 141 70 42 23 16 17 16 14 11 10 8 8 8 7 6 6 5 6 6 6 6 4 6 6 7 7 7 7 7 5 5 6 8 8 11 9 10 12 15 14 12 9
0 0 1 0 1 1 1 2 0 0 1 0 0 1 0 1 0 0 2 4 8 64 160 120 9 2 2 0 3 13 98 179 174 60 5 2 1 1 0 0 0 0 0 0 0 0 0 0 0 0 0 0 0 0 0 0 0 0 0 0 0 0 0 0 0 0 0 0 0 0 0 0 0 0 0 0 0 0 0 0 0 0 0 0 0 0 0 0 0 0 0 0 0 0 0 0 0 0 0 0 0 0 0 0 0 0 0 0 0 0 0 0 0 0 0 0 0 0 0 0 0 0 0 0 0 0 0 0 0 0 0 0 0 0 0 0 0 0 0 0 0 0 0 0 0 0 0 0 1 2 2 2 3 2 0 1 2 1 0 2 1 3 3 3 4 22 39 14 4 4 11 28 170 255 255 222 51 15 6 3 1 2 1 2 1 1 1 0 0 0 0 0 0 0 0 0 0 0 0 0 0 0 0 0 0 0 0 0 0 0 0 0 0 0 5 34 76 18 4 2 3 0 0 0 0 0 0 0 0 0 0 0 0 0 0 0 0 0 0 0 0 0 0 0 0 0 0 0 0 2 2 2 0 2 10 13 12 7 9 4 5 5 3 5 5 5 5 5 6 7 7 8 10 14 15 16 15 16 14 11 11 11 13 13 10 7 7 9 12 13 6 4 3 2 0 4 2 2 2 2 3 6 6 20 2 0 0 0 0 0 0 0 0 0 0 0 0 0 0 0 0 0 0 0 0 0 3 3 2 2 0 0 0 0 0 0 0 0 0 0 0 0 0 0 0 0 0 0 0 0 2 0 0 0 0 3 1 2 2 3 7 7 30 96 97 93 116 151 187 242 247 213 166 148 187 244 253 231 185 139 84 87 79 100 152 221 250 253 170 23 3 2 2 2 1 0 0 2 3 4 4 4 3 0 2 3 4 4 4 2 2 2 1 0 1 1 0 0 0 0 0 2 0 0 0 0 0 0 0 0 0 0 0 2 2 2 2 2 4 5 5 5 5 5 3 3 3 3 4 5 5 3 4 6 9 6 7 10 14 19 22 32 41 46 59 81 120 158 176 178 185 120 47 22 12 9 10 7 9 10 10 6 5 5 4 4 3 6 6 6 6 6 5 5 6 7 8 9 12 12 13 13 12 11 7 10 11 8 8 8 8 9
0 1 0 1 1 0 0 1 2 0 1 0 0 1 0 1 0 1 1 4 12 79 162 98 7 2 2 0 2 3 40 145 189 139 16 3 1 1 0 0 0 0 0 0 0 0 0 0 0 0 0 0 0 0 0 0 0 0 0 0 0 0 0 0 0 0 0 0 0 0 0 0 0 0 0 0 0 0 0 0 0 0 0 0 0 0 0 0 0 0 0 0 0 0 0 0 0 0 0 0 0 0 0 0 0 0 0 0 0 0 0 0 0 0 0 0 0 0 0 0 0 0 0 0 0 0 0 0 0 0 0 0 0 0 0 0 0 0 0 0 0 0 0 0 0 0 2 2 1 1 1 2 0 0 0 1 2 1 1 3 3 3 3 4 5 20 41 12 5 9 18 94 253 255 253 117 19 8 4 2 2 0 2 1 0 1 0 0 0 0 0 0 0 0 0 0 0 0 0 0 0 0 0 0 0 0 0 0 0 0 0 0 0 0 5 36 75 16 5 0 3 0 0 0 0 0 0 0 0 0 0 0 0 0 0 0 0 0 0 0 0 0 0 0 0 0 0 0 0 2 2 2 0 2 6 15 8 7 9 10 7 5 5 5 5 8 8 9 11 16 19 17 13 11 10 9 8 7 8 6 6 5 5 4 4 8 9 10 7 6 11 8 5 4 2 2 2 2 2 2 3 5 6 22 4 0 0 0 0 0 0 0 0 0 0 0 0 0 0 0 0 0 0 0 0 0 0 3 2 0 2 2 2 1 0 0 0 0 0 0 0 0 0 0 0 0 0 0 0 0 2 0 0 0 0 3 0 1 3 1 5 5 13 53 134 127 145 174 211 247 231 178 162 185 242 255 237 179 126 55 42 38 44 82 146 224 253 255 158 20 3 2 2 2 0 0 0 2 3 4 4 5 3 0 2 3 4 3 4 0 0 0 0 0 0 2 0 0 0 0 0 1 1 0 0 0 0 0 1 2 2 2 2 0 0 0 0 0 0 0 0 0 1 2 0 0 0 0 0 0 1 2 3 4 2 3 3 3 5 7 7 11 14 22 39 47 57 89 143 149 178 172 80 30 11 10 11 12 10 7 6 6 5 5 6 6 8 7 6 7 10 11 13 12 12 11 9 10 9 8 6 6 6 7 8 7 5 6 7 6 8 9
0 1 0 1 0 0 1 1 0 1 1 0 1 1 0 1 0 1 2 4 19 93 165 72 5 3 1 0 0 2 10 87 175 180 68 6 1 2 0 0 0 0 0 0 0 0 0 0 0 0 0 0 0 0 0 0 0 0 0 0 0 0 0 0 0 0 0 0 0 0 0 0 0 0 0 0 0 0 0 0 0 0 0 0 0 0 0 0 0 0 0 0 0 0 0 0 0 0 0 0 0 0 0 0 0 0 0 1 0 0 0 0 0 0 0 0 0 0 0 0 0 0 0 0 0 0 0 0 0 0 0 0 0 0 0 0 0 0 0 0 0 0 0 1 2 2 1 0 1 1 2 0 0 0 0 1 1 1 2 2 3 2 3 4 7 17 37 14 6 15 43 214 255 255 185 29 11 5 3 1 2 2 2 0 1 1 0 0 0 0 0 0 0 0 0 0 0 0 0 0 0 0 0 0 0 0 0 0 0 0 0 2 0 0 5 41 75 14 4 0 3 0 0 0 0 0 0 0 0 0 0 0 0 0 0 0 0 0 0 0 0 0 0 0 0 0 0 0 0 3 0 2 0 2 4 16 6 7 5 9 9 6 8 13 12 8 11 18 14 9 7 7 6 6 5 3 3 3 2 2 3 3 2 3 2 2 2 2 8 9 10 5 6 6 3 0 0 0 0 0 2 2 6 19 6 2 0 0 0 0 0 0 0 0 0 0 0 0 0 0 0 0 0 0 0 0 0 2 3 0 0 0 0 0 0 0 0 0 0 0 0 0 0 0 0 0 0 0 0 0 2 0 0 0 0 0 3 1 3 2 2 7 6 33 119 151 178 185 234 244 211 185 199 229 253 247 179 110 42 29 21 22 39 74 156 231 255 253 128 14 4 0 3 2 0 0 0 2 3 4 4 5 3 0 2 3 4 1 5 0 0 0 0 0 0 2 0 0 0 0 0 0 2 0 1 2 2 2 1 0 0 0 0 0 0 0 0 0 0 0 0 0 0 0 2 2 2 1 0 0 0 1 1 2 1 2 2 2 0 2 5 5 7 10 15 20 34 53 103 140 164 185 127 47 25 8 10 7 4 6 5 6 7 8 11 9 12 13 11 11 8 7 8 7 5 5 7 5 5 5 7 7 7 7 8 6 6 8 12 11 13 14
0 1 0 1 0 0 1 0 0 1 2 1 0 1 0 1 0 2 1 5 24 115 163 48 6 3 0 0 0 1 3 30 142 189 145 19 3 2 1 0 0 0 0 0 0 0 0 0 0 0 0 0 0 0 0 0 0 0 0 0 0 0 0 0 0 0 0 0 0 0 0 0 0 0 0 0 0 0 0 0 0 0 0 0 0 0 0 0 0 0 0 0 0 0 0 0 0 0 0 0 0 0 0 0 0 0 0 0 1 0 0 0 0 0 0 0 0 0 0 0 0 0 0 0 0 0 0 0 0 0 0 0 0 0 0 0 0 0 1 1 1 2 2 1 1 2 2 2 1 1 1 0 0 0 0 1 1 1 3 2 3 2 4 7 6 14 37 17 13 22 140 255 255 242 75 13 7 2 2 2 1 3 0 0 1 0 0 0 0 0 0 0 0 0 0 0 0 0 0 0 0 0 0 0 0 0 0 0 0 0 0 2 0 0 6 43 74 13 4 0 3 0 0 0 0 0 0 0 0 0 0 0 0 0 0 0 0 0 0 0 0 0 0 0 0 0 0 0 0 3 0 2 2 2 5 10 9 5 4 5 10 10 9 11 11 15 13 5 4 3 2 2 2 2 0 0 0 0 0 0 2 2 0 1 2 1 0 0 2 5 9 10 6 7 4 0 0 0 0 0 0 2 6 17 10 0 0 0 0 0 0 0 0 0 0 0 0 0 0 0 0 0 0 0 0 0 0 2 3 0 0 0 0 0 0 0 0 0 0 0 0 0 0 0 0 0 0 0 0 0 2 0 0 0 0 0 2 2 0 3 1 4 7 14 92 170 206 221 247 237 197 187 218 253 247 181 115 37 22 14 15 17 41 81 175 242 255 242 88 11 4 2 2 2 0 0 0 0 4 4 4 5 3 0 2 3 4 1 4 3 0 0 0 0 0 0 2 1 0 0 0 0 2 2 1 0 0 0 0 0 0 0 0 0 0 0 0 0 0 0 0 0 0 0 0 0 0 1 2 2 3 2 1 2 0 0 1 3 3 3 2 4 7 4 10 12 18 35 65 131 151 189 156 57 33 13 10 9 10 12 10 11 10 11 10 9 6 6 5 4 4 5 5 4 7 6 7 8 6 7 5 6 7 7 10 11 16 16 14 17 21 28
0 1 0 0 1 0 1 0 0 0 1 0 1 1 1 1 0 2 3 4 35 127 158 30 5 2 0 0 0 0 2 9 78 177 180 72 6 1 2 0 0 0 0 0 0 0 0 0 0 0 0 0 0 0 0 0 0 0 0 0 0 0 0 0 0 0 0 0 0 0 0 0 0 0 0 0 0 0 0 0 0 0 0 0 0 0 0 0 0 0 0 0 0 0 0 0 0 0 0 0 0 0 0 0 0 0 0 0 1 1 1 1 1 0 0 0 0 0 0 0 0 0 0 0 0 0 0 0 0 0 0 0 0 1 1 1 1 1 2 1 2 2 2 2 1 1 0 0 0 1 0 0 0 0 0 2 0 2 3 1 2 3 5 9 4 12 35 22 18 76 242 255 253 147 19 9 4 2 1 2 2 1 0 1 1 0 0 0 0 0 0 0 0 0 0 0 0 0 0 0 0 0 0 0 0 0 0 0 0 0 0 2 0 0 7 45 71 12 4 0 3 0 0 0 0 0 0 0 0 0 0 0 0 0 0 0 0 0 0 0 0 0 0 0 0 0 0 0 0 3 1 2 0 0 2 9 5 5 12 17 15 10 11 14 10 7 5 4 3 3 0 0 0 0 0 0 0 0 0 0 2 2 2 1 0 1 1 0 0 2 6 9 9 9 4 2 0 0 0 0 0 2 5 13 16 0 0 0 0 0 0 0 0 0 0 0 0 0 0 0 0 0 0 0 0 0 0 2 3 0 0 0 0 0 0 0 0 0 0 0 0 0 0 0 0 0 0 0 0 0 0 2 0 0 0 0 1 3 1 2 3 2 6 8 61 170 226 247 244 218 209 221 253 247 197 128 38 21 12 10 17 20 48 106 199 253 255 206 52 9 3 2 2 2 0 0 0 1 3 2 4 6 2 1 2 3 2 4 3 3 2 0 0 0 0 0 0 1 2 2 2 2 2 1 0 0 0 0 0 0 0 0 0 0 0 0 0 0 0 0 0 0 0 0 0 0 0 1 2 2 3 2 3 4 3 2 1 0 0 2 4 4 7 6 5 8 10 18 48 103 144 183 181 88 46 19 16 15 14 10 12 10 6 5 5 4 3 5 5 5 5 8 8 8 7 6 5 7 7 7 10 11 14 16 18 20 26 37 60 79 100 122
4 4 3 2 2 2 2 0 0 0 1 0 1 0 1 0 0 2 3 4 51 132 146 22 4 2 0 0 0 0 1 3 29 137 192 146 18 2 2 0 0 0 0 0 0 0 0 0 0 0 0 0 0 0 0 0 0 0 0 0 0 0 0 0 0 0 0 0 0 0 0 0 0 0 0 0 0 0 0 0 0 0 0 0 0 0 0 0 0 0 0 0 0 0 0 0 0 0 0 0 0 0 0 0 0 0 0 0 0 0 0 0 0 1 1 1 1 1 1 1 0 0 0 0 0 0 0 1 2 2 2 2 2 2 1 1 1 2 1 2 2 0 0 1 0 0 0 0 1 1 0 0 0 0 1 2 0 2 3 2 2 4 7 7 5 12 35 33 37 183 255 255 217 44 9 6 2 2 2 1 2 0 0 2 0 0 0 0 0 0 0 0 0 0 0 0 0 0 0 0 0 0 0 0 0 0 0 0 0 0 0 0 2 0 7 52 66 11 3 0 3 0 0 0 0 0 0 0 0 0 0 0 0 0 0 0 0 0 0 0 0 0 0 0 0 0 0 0 0 2 2 2 0 2 4 7 7 9 25 21 12 14 12 18 9 7 4 2 3 3 4 4 4 2 2 0 0 0 0 0 0 2 0 0 0 0 1 1 0 2 2 9 8 10 7 2 0 0 0 0 0 2 4 11 18 0 0 0 0 0 0 0 0 0 0 0 0 0 0 0 0 0 0 0 0 0 0 1 3 2 0 0 0 0 0 0 0 0 0 0 0 0 0 0 0 0 0 0 0 0 0 2 0 0 0 0 2 2 1 1 3 2 3 6 29 154 242 255 247 234 231 253 247 206 130 36 23 11 9 9 10 29 54 138 226 255 255 145 21 11 2 2 2 1 0 0 0 2 2 2 4 6 2 2 2 2 2 4 3 1 3 0 0 0 0 0 0 0 0 0 0 0 0 2 0 0 0 0 0 0 0 0 0 0 0 0 0 0 0 0 2 2 2 2 2 2 2 1 0 0 0 2 0 0 2 4 4 5 3 2 2 2 5 9 7 10 10 13 28 71 136 176 196 136 58 26 16 8 6 8 6 4 4 3 5 4 5 5 5 8 9 7 6 6 11 11 11 11 15 21 25 29 40 49 70 86 108 128 138 136 140 142
4 4 4 4 4 4 5 4 4 3 4 3 3 3 3 2 2 2 3 6 60 146 130 14 4 2 0 0 0 0 0 2 9 72 181 180 66 6 2 0 0 0 0 0 0 0 0 0 0 0 0 0 0 0 0 0 0 0 0 0 0 0 0 0 0 0 0 0 0 0 0 0 0 0 0 0 0 0 0 0 0 0 0 0 0 0 0 0 0 0 0 0 0 0 0 0 0 0 0 0 0 0 0 0 0 0 0 0 0 0 0 0 0 0 0 0 0 0 0 0 1 1 1 1 1 2 2 2 1 0 0 0 0 1 1 1 1 1 0 0 0 0 0 0 0 0 0 0 1 0 0 0 0 0 1 1 1 3 2 3 3 4 9 7 4 14 35 40 124 253 255 251 114 13 7 4 2 2 2 2 1 0 2 0 0 0 0 0 0 0 0 0 0 0 0 0 0 0 0 0 0 0 0 0 0 0 0 0 0 0 0 1 1 0 8 56 62 10 3 0 3 0 0 0 0 0 0 0 0 0 0 0 0 0 0 0 0 0 0 0 0 0 0 0 0 0 0 0 0 2 2 2 2 2 0 2 8 12 10 11 11 12 18 16 9 8 8 9 9 6 5 2 2 3 4 4 4 3 3 2 0 1 2 0 0 0 0 1 1 2 2 8 7 11 9 2 0 0 0 0 2 3 5 8 19 2 0 0 0 0 0 0 0 0 0 0 0 0 0 0 0 0 0 0 0 0 0 0 3 2 0 0 0 0 0 0 0 0 0 0 0 0 0 0 0 0 0 0 0 0 0 0 2 0 0 0 2 2 0 2 3 2 2 5 14 121 236 255 253 247 253 247 209 111 44 18 7 8 6 6 13 38 83 180 247 255 231 71 13 7 0 3 2 0 0 0 0 2 2 3 4 6 3 2 2 2 3 4 3 0 2 3 2 0 0 0 0 0 0 0 0 0 0 2 0 0 0 0 0 0 0 0 0 0 0 0 0 0 0 2 0 0 0 0 0 0 0 0 0 3 3 3 4 4 3 2 3 3 5 7 7 8 6 6 11 14 11 14 16 48 111 157 207 153 71 28 12 7 5 8 8 7 5 6 9 9 9 11 12 11 10 10 13 16 19 23 32 40 49 65 75 92 108 126 142 148 148 145 145 142 125 99
4 4 4 4 5 4 5 4 4 5 6 5 5 4 4 4 4 5 6 9 74 150 119 10 3 2 0 0 0 0 0 1 3 30 142 192 144 17 3 1 0 0 0 0 0 0 0 0 0 0 0 0 0 0 0 0 0 0 0 0 0 0 0 0 0 0 0 0 0 0 0 0 0 0 0 0 0 0 0 0 0 0 0 0 0 0 0 0 0 0 0 0 0 0 0 0 0 0 0 0 0 0 0 0 0 0 0 0 0 0 0 0 0 0 0 0 0 0 0 0 0 0 0 0 1 1 0 0 0 0 0 0 0 0 0 0 0 0 0 0 0 0 0 0 0 0 0 1 1 0 0 0 0 1 1 2 2 1 3 3 2 6 9 5 6 13 43 85 227 255 255 181 26 9 5 2 2 2 1 2 0 1 1 0 0 0 0 0 0 0 0 0 0 0 0 0 0 0 0 0 0 0 0 0 0 0 0 0 0 0 0 2 0 0 9 61 58 11 2 0 3 0 0 0 0 0 0 0 0 0 0 0 0 0 0 0 0 0 0 0 0 0 0 0 0 0 0 0 0 2 2 2 2 0 2 2 1 3 3 8 12 10 17 10 12 7 6 5 3 5 6 7 7 7 7 6 5 4 4 4 4 4 4 4 3 2 2 2 1 1 2 7 8 10 11 3 0 0 0 2 2 2 5 8 18 3 0 0 0 0 0 0 0 0 0 0 0 0 0 0 0 0 0 0 0 0 0 0 3 2 0 0 0 0 0 0 0 0 0 0 0 0 0 0 0 0 0 0 0 0 0 0 2 0 0 2 0 0 2 2 2 2 3 5 11 53 195 247 253 253 239 186 94 38 15 9 7 6 4 9 25 50 134 219 255 255 171 22 11 4 3 1 2 0 0 0 1 1 2 3 4 6 3 2 1 3 3 4 3 0 0 2 2 3 0 0 0 0 0 0 0 0 0 1 1 0 0 0 0 0 0 0 0 0 0 0 0 0 0 2 0 0 0 0 3 3 3 3 3 0 0 0 1 2 4 6 8 6 5 4 5 7 9 10 10 10 10 13 16 32 87 146 194 182 101 31 19 11 11 12 9 10 10 14 14 14 16 12 11 18 24 32 39 50 68 78 80 100 123 133 148 152 150 150 141 126 101 86 62 45 34 30
1 1 1 1 2 3 4 4 5 5 5 4 6 5 7 5 7 7 9 21 103 154 90 8 4 1 0 0 0 0 0 0 2 9 80 184 180 59 4 2 0 0 0 0 0 0 0 0 0 0 0 0 0 0 0 0 0 0 0 0 0 0 0 0 0 0 0 0 0 0 0 0 0 0 0 0 0 0 0 0 0 0 0 0 0 0 0 0 0 0 0 0 0 0 0 0 0 0 0 0 0 0 0 0 0 0 0 0 0 0 0 0 0 0 0 0 0 0 0 0 0 0 0 1 1 0 0 0 0 0 0 0 0 0 0 0 0 0 0 0 0 0 0 0 0 0 1 1 0 0 0 0 0 1 1 2 1 2 3 3 2 7 9 4 11 19 48 172 255 255 239 70 13 7 3 2 2 1 2 0 0 2 0 0 0 0 0 0 0 0 0 0 0 0 0 0 0 0 0 0 0 0 0 0 0 0 0 0 0 0 0 2 0 0 11 61 56 10 2 0 3 0 0 0 0 0 0 0 0 0 0 0 0 0 0 0 0 0 0 0 0 0 0 0 0 0 0 0 0 2 2 2 0 0 0 0 2 2 0 6 9 11 13 13 10 7 8 9 12 9 8 8 4 2 2 3 4 6 6 6 6 6 4 4 5 4 2 2 2 2 2 8 9 9 11 3 0 0 2 2 0 2 3 12 17 3 0 0 0 0 0 0 0 0 0 0 0 0 0 0 0 0 0 0 0 0 0 2 2 2 0 0 0 0 0 0 0 0 0 0 0 0 0 0 0 0 0 0 0 0 0 0 0 2 1 1 0 0 2 2 2 0 0 2 6 23 108 184 204 181 147 72 31 11 9 6 5 5 10 17 38 78 186 247 255 231 76 16 6 3 4 0 2 0 0 0 2 0 2 3 4 4 5 2 0 4 3 4 3 0 0 0 2 1 3 2 0 0 0 0 0 0 0 0 2 0 0 0 0 0 0 0 0 0 0 0 0 0 0 3 4 3 3 3 0 1 2 2 2 2 2 4 5 7 7 6 6 9 8 10 10 8 8 7 6 5 6 8 13 25 58 118 183 206 131 50 28 18 19 21 22 20 17 14 16 19 26 37 46 56 83 100 114 127 139 149 155 154 148 142 125 104 90 63 51 42 31 23 22 19 20 20
1 0 0 0 0 0 1 1 2 3 3 3 4 4 4 4 6 4 8 26 116 154 66 6 4 0 0 0 0 0 0 0 1 3 30 148 192 136 15 3 0 0 0 0 0 0 0 0 0 0 0 0 0 0 0 0 0 0 0 0 0 0 0 0 0 0 0 0 0 0 0 0 0 0 0 0 0 0 0 0 0 0 0 0 0 0 0 0 0 0 0 0 0 0 0 0 0 0 0 0 0 0 0 0 0 0 0 0 0 1 2 1 0 0 0 0 0 0 0 0 0 0 0 1 0 0 0 0 0 0 0 0 0 0 0 0 0 0 0 0 0 0 0 0 0 0 1 0 0 0 0 0 1 0 1 1 2 2 2 3 4 8 8 8 10 29 111 253 255 253 147 18 8 5 2 2 2 2 1 0 2 0 0 0 0 0 0 0 0 0 0 0 0 0 0 0 0 0 0 0 0 0 0 0 0 0 0 0 0 0 2 0 0 0 11 60 57 9 3 0 3 0 0 0 0 0 0 0 0 0 0 0 0 0 0 0 0 0 0 0 0 0 0 0 0 0 0 0 0 2 2 2 0 0 0 0 2 2 2 3 9 10 13 5 7 5 3 2 0 5 6 7 11 11 8 6 3 3 3 4 4 5 3 2 2 4 6 6 6 4 6 8 8 12 8 3 0 3 4 4 4 6 8 12 20 2 0 0 0 0 0 0 0 0 0 0 0 0 0 0 0 0 0 0 0 0 0 3 2 2 0 0 0 0 0 0 0 0 0 0 0 0 0 0 0 0 0 0 0 0 0 0 0 2 2 0 0 0 2 2 1 1 0 3 3 10 38 75 96 70 38 20 9 8 6 4 5 8 11 26 53 149 226 255 253 163 21 10 4 4 2 0 2 0 0 1 1 0 2 3 4 4 5 2 0 4 3 4 3 0 0 0 0 1 2 2 3 2 0 0 1 2 2 2 2 2 2 2 2 2 2 2 3 4 4 4 3 3 3 0 3 2 2 3 3 3 3 4 4 5 6 6 7 7 7 8 7 8 10 7 4 4 4 5 6 7 7 11 16 19 41 105 164 210 155 66 29 17 17 19 22 24 26 33 44 69 80 92 119 139 146 148 152 150 141 121 111 89 72 54 43 35 28 28 21 19 21 21 13 12 8 6
1 0 0 0 0 0 1 0 0 1 0 1 2 1 2 2 3 3 7 36 119 154 47 6 4 0 0 0 0 0 0 0 0 2 10 81 192 178 49 5 2 0 0 0 0 0 0 0 0 0 0 0 0 0 0 0 0 0 0 0 0 0 0 0 0 0 0 0 0 0 0 0 0 0 0 0 0 0 0 0 0 0 0 0 0 0 0 0 0 0 0 0 0 0 0 0 0 0 0 0 0 0 0 0 0 0 0 0 0 0 0 1 1 1 0 0 0 0 0 0 0 0 1 0 0 0 0 0 0 0 0 0 0 0 0 0 0 0 0 0 0 0 0 0 0 1 1 0 0 0 0 0 1 0 1 2 1 1 2 4 4 9 8 10 19 48 215 255 255 210 43 12 6 2 3 2 1 2 0 1 1 0 0 0 0 0 0 0 0 0 0 0 0 0 0 0 0 0 0 0 0 0 0 0 0 0 0 0 0 0 2 0 0 0 11 58 58 9 4 0 2 2 0 0 0 0 0 0 0 0 0 0 0 0 0 0 0 0 0 0 0 0 0 0 0 0 0 0 0 2 2 2 0 1 2 2 1 2 0 0 8 13 12 5 5 3 2 2 2 2 4 2 0 3 6 7 9 10 10 8 5 4 5 4 4 4 3 3 6 5 6 16 14 17 11 9 8 6 6 6 8 7 11 14 13 0 0 0 0 0 0 0 0 0 0 0 0 0 0 0 0 0 0 0 0 0 0 3 2 2 0 0 0 0 0 0 0 0 0 0 0 0 0 0 0 0 0 0 0 0 0 0 1 1 2 0 0 0 2 1 1 2 0 3 2 6 20 30 45 24 17 10 7 4 2 3 6 11 23 37 111 200 250 255 216 67 14 6 3 4 1 2 0 0 0 2 0 0 2 2 4 4 4 3 0 4 2 4 3 0 0 0 0 0 0 2 2 4 4 4 3 2 0 0 0 3 4 4 3 3 3 4 4 3 3 3 3 4 4 4 3 2 2 2 4 3 4 4 7 7 8 8 7 8 8 7 5 2 3 4 5 5 7 6 8 11 14 15 20 27 51 100 157 193 183 104 55 32 39 47 60 66 80 89 103 123 145 151 148 139 127 103 75 66 49 41 31 26 26 25 21 18 17 13 11 9 5 7 7 8 8 7
1 0 0 0 0 0 1 0 0 1 0 0 1 0 1 0 2 2 5 40 128 149 31 4 3 0 0 0 0 0 0 0 0 1 4 35 157 197 124 12 3 0 0 0 0 0 0 0 0 0 0 0 0 0 0 0 0 0 0 0 0 0 0 0 0 0 0 0 0 0 0 0 0 0 0 0 0 0 0 0 0 0 0 0 0 0 0 0 0 0 0 0 0 0 0 0 0 0 0 0 0 0 0 0 0 0 0 0 0 0 0 0 0 0 1 1 1 1 1 0 0 1 0 0 0 0 0 0 0 0 0 0 0 0 0 0 0 0 0 0 0 0 0 0 1 1 0 0 0 0 0 1 0 0 2 2 1 1 4 4 4 9 11 14 30 146 253 255 248 115 16 6 4 2 2 2 2 1 0 2 0 0 0 0 0 0 0 0 0 0 0 0 0 0 0 0 0 0 0 0 0 0 0 0 0 0 0 0 0 2 0 0 0 0 10 58 59 9 4 0 2 2 0 0 0 0 0 0 0 0 0 0 0 0 0 0 0 0 0 0 0 0 0 0 0 0 0 0 0 2 2 2 0 0 0 0 0 0 0 0 6 13 12 6 7 3 2 2 2 0 0 3 2 2 2 2 3 2 2 4 6 9 10 8 7 5 6 5 6 4 5 15 22 14 12 9 14 16 17 18 16 14 13 10 4 0 0 0 0 0 0 0 0 0 0 0 0 0 0 0 0 0 0 0 0 0 0 3 2 2 0 0 0 0 0 0 0 0 0 0 0 0 0 0 0 0 0 0 0 0 0 1 1 0 0 2 0 0 0 2 2 1 2 3 3 6 9 24 17 25 18 8 5 3 4 6 10 20 30 82 176 239 255 242 135 23 6 5 3 3 0 2 0 0 2 0 0 0 2 2 4 4 4 4 0 3 3 4 3 0 0 0 0 0 1 2 2 0 1 2 2 3 4 4 4 2 2 2 3 4 3 2 2 1 0 0 2 2 2 2 3 6 6 6 6 8 8 11 9 10 10 9 7 4 2 2 3 5 7 9 7 9 8 11 16 21 23 28 37 44 65 100 144 186 199 143 82 78 88 97 113 122 139 152 152 144 117 99 79 58 35 29 28 24 23 21 18 16 15 12 11 12 10 9 8 8 9 8 7 6 6 5
1 0 0 0 0 0 1 0 0 1 0 0 1 0 1 0 2 3 5 53 133 141 21 4 3 0 0 0 0 0 0 0 0 0 2 11 101 194 171 41 4 1 0 0 0 0 0 0 0 0 0 0 0 0 0 0 0 0 0 0 0 0 0 0 0 0 0 0 0 0 0 0 0 0 0 0 0 0 0 0 0 0 0 0 0 0 0 0 0 0 0 0 0 0 0 0 0 0 0 0 0 0 0 0 0 0 0 0 0 0 0 0 0 0 0 0 0 0 0 1 1 0 0 0 0 0 0 0 0 0 0 0 0 0 0 0 0 0 0 0 0 0 0 0 1 0 0 0 0 0 1 1 0 1 2 2 1 1 6 3 6 10 13 23 80 245 255 253 175 28 10 6 1 2 2 2 2 0 2 0 0 0 0 0 0 0 0 0 0 0 0 0 0 0 0 0 0 0 0 0 0 0 0 0 0 0 0 0 1 1 0 0 0 0 9 54 61 11 4 0 2 2 0 0 0 0 0 0 0 0 0 0 0 0 0 0 0 0 0 0 0 0 0 0 0 0 0 0 0 2 1 2 0 0 0 0 0 0 0 0 4 7 15 9 4 6 3 0 2 2 3 3 0 0 0 2 3 4 4 2 0 0 4 3 4 7 10 13 12 15 20 25 19 13 15 13 9 6 4 3 3 3 2 6 2 0 0 0 0 0 0 0 0 0 0 0 0 0 0 0 0 0 0 0 0 0 1 2 3 0 0 0 0 0 0 0 0 0 0 0 0 0 0 0 0 0 0 0 0 0 1 1 0 0 0 1 1 0 1 3 4 5 5 5 3 6 12 20 15 20 18 11 6 5 5 11 19 32 63 152 221 253 250 172 41 13 6 1 3 2 2 2 0 1 1 0 0 0 2 2 4 4 4 3 2 2 4 4 3 0 0 1 2 2 1 0 0 0 0 0 0 0 0 0 0 0 0 2 1 0 0 0 1 2 3 3 2 3 5 5 5 5 7 9 9 9 11 7 6 3 1 0 0 2 3 4 4 7 6 12 16 18 26 34 38 40 47 55 68 77 92 143 171 189 195 171 153 148 152 150 146 139 125 97 74 51 45 33 27 25 24 22 19 13 12 11 10 9 7 8 8 6 6 7 7 8 6 5 3 3 2 2
1 0 0 0 0 0 1 0 0 1 0 1 1 0 1 1 2 3 7 65 147 126 15 5 1 0 0 0 0 0 0 0 0 0 0 5 41 170 192 113 7 3 0 0 0 0 0 0 0 0 0 0 0 0 0 0 0 0 0 0 0 0 0 0 0 0 0 0 0 0 0 0 0 0 0 0 0 0 0 0 0 0 0 0 0 0 0 0 0 0 0 0 0 0 0 0 0 0 0 0 0 0 0 0 0 0 0 0 0 0 0 0 0 0 0 0 0 0 0 0 0 0 0 0 0 0 0 0 0 0 0 0 0 0 0 0 0 0 0 0 0 0 0 1 0 0 0 0 0 1 1 0 0 1 1 1 2 3 5 3 8 11 19 44 196 255 255 232 80 13 6 3 2 2 2 2 0 0 2 0 0 0 0 0 0 0 0 0 0 0 0 0 0 0 0 0 0 0 0 0 0 0 0 0 0 0 0 0 2 0 0 0 0 0 7 54 59 13 5 0 2 2 0 0 0 0 0 0 0 0 0 0 0 0 0 0 0 0 0 0 0 0 0 0 0 0 0 0 0 2 1 2 0 0 0 0 0 0 0 0 2 6 8 14 8 4 5 4 2 4 2 0 2 2 2 2 2 3 4 4 6 6 7 6 8 10 9 9 15 20 22 26 14 15 7 5 5 5 5 5 5 5 6 2 1 2 2 2 2 2 3 2 2 2 2 0 0 0 0 0 0 0 0 0 0 0 2 3 3 0 0 0 0 0 0 0 0 0 0 0 0 0 0 0 0 0 1 2 2 2 1 0 0 0 0 0 2 3 3 5 4 4 5 4 4 6 13 20 11 7 19 17 10 9 12 16 29 64 140 212 247 253 209 71 18 6 4 3 2 1 3 0 0 2 0 0 0 0 2 2 4 4 4 3 1 3 4 5 4 2 2 1 0 0 0 0 0 0 0 0 0 0 0 0 0 2 2 0 0 1 2 3 2 3 4 4 7 7 6 7 9 10 9 9 6 4 2 0 0 0 2 3 3 2 1 0 7 13 21 23 32 42 48 66 66 80 98 120 131 141 148 173 181 179 189 150 125 119 103 82 63 53 41 32 25 25 23 17 14 12 9 6 8 6 6 6 8 7 6 7 6 6 4 2 3 2 2 3 2 2 0 0
1 0 0 0 0 0 1 0 0 1 0 1 0 0 1 1 1 3 12 68 160 110 10 4 1 0 0 0 0 0 0 0 0 0 0 2 16 116 198 162 33 3 1 0 0 0 0 0 0 0 0 0 0 0 0 0 0 0 0 0 0 0 0 0 0 0 0 0 0 0 0 0 0 0 0 0 0 0 0 0 0 0 0 0 0 0 0 0 0 0 0 0 0 0 0 0 0 0 0 0 0 0 0 0 0 0 0 0 0 0 0 0 0 0 0 0 0 0 0 0 0 0 0 0 0 0 0 0 0 0 0 0 0 0 0 0 0 0 0 0 0 0 1 1 0 0 0 0 0 1 0 0 1 0 1 2 3 4 4 3 10 14 30 130 253 255 253 134 34 10 5 2 1 2 2 1 0 2 0 0 0 0 0 0 0 0 0 0 0 0 0 0 0 0 0 0 0 0 0 0 0 0 0 0 0 0 0 1 1 0 0 0 0 0 5 53 59 16 5 0 2 2 0 0 0 0 0 0 0 0 0 0 0 0 0 0 0 0 0 0 0 0 0 0 0 0 0 0 2 2 2 2 0 0 0 0 0 0 0 0 0 4 8 11 11 11 6 4 5 4 3 3 2 2 2 2 2 3 5 8 8 7 7 7 6 6 9 12 18 20 15 5 6 5 3 0 0 0 0 0 0 0 2 2 1 0 1 3 3 3 3 3 2 2 2 2 2 2 2 2 2 2 2 2 2 3 2 3 2 2 2 0 0 0 0 0 0 0 0 0 0 0 0 0 0 2 2 2 2 1 0 0 1 2 4 4 4 4 4 7 8 9 10 8 6 9 10 19 8 8 17 17 17 15 17 29 61 137 198 245 253 224 107 27 7 4 4 2 2 2 3 0 2 0 0 0 0 0 2 2 4 4 4 3 0 2 4 4 3 0 0 0 0 0 0 0 0 0 0 0 0 1 2 2 2 0 0 3 3 3 4 4 5 6 6 7 7 10 11 10 8 6 4 3 2 2 2 3 3 3 1 0 0 0 0 6 14 24 36 53 68 75 81 100 132 144 150 150 152 148 142 134 125 150 159 103 53 33 29 23 22 23 19 20 15 13 7 7 7 5 5 5 5 5 5 4 4 5 4 2 2 2 2 2 0 0 2 0 0 0 0 0
1 0 0 0 0 0 1 0 0 1 0 1 0 0 1 2 0 4 17 83 162 87 7 4 1 0 0 0 0 0 0 0 0 0 0 0 6 53 181 185 89 4 3 0 0 0 0 0 0 0 0 0 0 0 0 0 0 0 0 0 0 0 0 0 0 0 0 0 0 0 0 0 0 0 0 0 0 0 0 0 0 0 0 0 0 0 0 0 0 0 0 0 0 0 0 0 0 0 0 0 0 0 0 0 0 0 0 0 0 0 0 0 0 0 0 0 0 0 0 0 0 0 0 0 0 0 0 0 0 0 0 0 0 0 0 0 0 0 0 0 0 1 1 0 0 0 0 0 1 0 0 1 1 0 2 3 3 4 3 7 9 24 69 237 255 255 196 36 28 9 3 2 2 2 2 0 0 2 0 0 0 0 0 0 0 0 0 0 0 0 0 0 0 0 0 0 0 0 0 0 0 0 0 0 0 0 0 2 2 0 0 0 0 0 4 47 63 20 5 0 2 2 0 0 0 0 0 0 0 0 0 0 0 0 0 0 0 0 0 0 0 0 0 0 0 0 0 0 2 0 0 3 0 0 0 0 0 0 0 0 0 3 2 11 8 11 10 9 8 7 9 10 10 11 11 10 10 10 8 8 10 11 12 11 16 18 17 17 13 7 4 4 4 3 0 0 0 0 0 0 1 3 2 1 3 3 3 0 0 0 0 1 3 3 3 3 3 3 3 2 2 1 0 1 3 1 3 2 1 0 0 2 0 0 0 0 0 0 0 0 0 0 0 0 2 1 1 1 2 0 2 3 2 3 2 4 4 8 10 12 17 14 11 13 14 12 11 14 12 7 11 19 21 26 37 59 135 198 242 253 229 139 39 11 4 2 3 1 1 0 2 1 1 1 0 0 0 0 2 2 4 3 5 3 0 2 4 4 3 0 0 0 0 0 0 0 0 0 0 2 2 1 0 2 2 3 5 4 4 6 6 6 7 9 12 12 10 6 4 2 2 2 2 2 3 3 2 0 0 0 0 0 0 0 2 10 28 61 79 97 112 141 152 154 148 137 118 98 80 60 48 53 75 142 150 66 26 20 23 19 16 12 10 8 5 5 4 5 5 4 5 6 7 6 5 4 1 0 0 0 0 0 0 0 0 0 2 0 0 0 0 0
1 0 0 0 0 0 1 0 0 1 0 1 0 0 1 2 1 4 25 99 160 64 6 4 0 0 0 0 0 0 0 0 0 0 0 0 2 21 136 197 149 21 3 1 0 0 0 0 0 0 0 0 0 0 0 0 0 0 0 0 0 0 0 0 0 0 0 0 0 0 0 0 0 0 0 0 0 0 0 0 0 0 0 0 0 0 0 0 0 0 0 0 0 0 0 0 0 0 0 0 0 0 0 0 0 0 0 0 0 0 0 0 0 0 0 0 0 0 0 0 0 0 0 0 0 0 0 0 0 0 0 0 0 0 0 0 0 0 0 0 1 0 0 0 0 0 0 0 1 0 1 1 0 0 2 4 3 3 4 9 15 42 178 255 255 240 88 18 22 7 3 1 2 2 0 0 2 0 0 0 0 0 0 0 0 0 0 0 0 0 0 0 0 0 0 0 0 0 0 0 0 0 0 0 0 0 0 2 3 0 0 0 0 0 3 38 69 20 7 0 2 2 0 0 0 0 0 0 0 0 0 0 0 0 0 0 0 0 0 0 0 0 0 0 0 0 0 0 2 0 0 3 2 2 2 2 2 2 2 2 2 2 0 4 8 11 14 11 11 12 12 12 12 10 9 8 10 8 11 12 10 13 14 14 8 8 8 6 5 4 4 4 2 2 0 0 0 0 2 3 2 0 3 3 1 0 0 0 2 3 2 3 2 0 0 1 2 3 2 2 3 3 3 3 1 3 3 2 1 2 1 0 2 0 0 0 0 0 0 0 0 0 0 0 1 3 2 3 2 3 3 3 4 5 8 8 11 11 16 11 8 8 10 11 10 16 17 14 13 7 9 21 25 49 63 135 209 242 253 229 150 45 16 4 2 4 0 2 0 0 2 1 2 2 0 0 0 0 2 2 4 3 5 3 0 2 4 4 3 0 0 0 0 0 0 0 0 0 2 2 3 4 5 5 6 7 8 8 9 9 9 12 10 7 3 1 2 2 2 2 2 2 1 0 0 0 2 2 0 0 0 0 0 0 5 22 74 142 146 152 150 139 112 92 69 57 39 26 21 22 25 42 73 138 153 49 20 12 13 5 7 10 10 6 5 6 7 7 5 5 4 4 0 0 0 0 0 0 0 0 0 0 0 0 0 0 2 0 0 0 0 0
1 0 0 0 0 1 0 0 0 1 0 1 0 0 2 2 1 4 31 118 155 44 5 4 0 0 0 0 0 0 0 0 0 0 0 0 0 9 77 188 175 70 3 3 0 0 0 0 0 0 0 0 0 0 0 0 0 0 0 0 0 0 0 0 0 0 0 0 0 0 0 0 0 0 0 0 0 0 0 0 0 0 0 0 0 0 0 0 0 0 0 0 0 0 0 0 0 0 0 0 0 0 0 0 0 0 0 0 0 0 0 0 0 0 0 0 0 0 0 0 0 0 0 0 0 0 0 0 0 0 0 0 0 0 0 0 0 0 0 1 1 0 0 0 0 0 0 1 0 0 1 0 0 0 2 5 3 3 6 11 30 112 253 255 253 145 21 13 15 9 2 2 2 1 0 0 2 0 0 0 0 0 0 0 0 0 0 0 0 0 0 0 0 0 0 0 0 0 0 0 0 0 0 0 0 0 0 1 3 2 1 0 0 0 4 33 69 23 7 0 2 2 0 0 0 0 0 0 0 0 0 0 0 0 0 0 0 0 0 0 0 0 0 0 0 0 0 0 2 2 0 0 0 0 0 0 0 0 0 2 2 2 2 2 4 5 9 11 12 11 11 11 10 10 12 15 13 14 12 10 9 6 5 5 6 6 6 5 4 3 3 2 3 0 0 2 2 3 2 0 3 3 2 0 2 3 3 3 1 0 2 2 3 3 3 3 3 1 1 2 2 2 2 3 4 2 0 0 0 0 1 1 0 2 1 0 0 0 0 0 0 0 0 2 2 2 3 2 2 3 3 5 6 10 12 15 14 10 5 4 3 4 2 2 9 10 10 9 6 6 13 33 49 71 152 209 245 253 222 150 51 18 7 2 3 1 2 0 0 1 2 2 1 1 0 0 0 0 2 2 4 3 5 3 0 1 4 4 3 0 0 0 0 0 0 2 2 4 5 4 4 5 8 9 8 8 6 9 9 7 6 3 2 2 2 1 0 1 2 2 2 2 2 2 2 2 1 0 2 1 0 0 0 1 7 40 152 159 129 89 75 64 53 33 21 19 17 18 22 19 19 31 65 132 145 42 16 9 12 8 6 6 8 5 4 3 3 1 0 0 1 1 0 0 0 0 0 0 0 0 0 0 0 0 0 0 1 1 0 0 0 0
0 0 0 0 0 1 0 0 0 1 0 1 0 0 2 1 2 5 42 128 143 30 3 3 0 0 0 0 0 0 0 0 0 0 0 0 0 3 27 151 197 132 16 3 1 0 0 0 0 0 0 0 0 0 0 0 0 0 0 0 0 0 0 0 0 0 0 0 0 0 0 0 0 0 0 0 0 0 0 0 0 0 0 0 0 0 0 0 0 0 0 0 0 0 0 0 0 0 0 0 0 0 0 0 0 0 0 0 0 0 0 0 0 0 0 0 0 0 0 0 0 0 0 0 0 0 0 0 0 0 0 0 0 0 0 0 0 0 1 1 0 0 0 0 0 0 0 1 0 1 0 0 0 0 4 4 2 4 10 20 54 219 255 255 208 50 9 11 14 7 0 3 2 0 0 2 0 0 0 0 0 0 0 0 0 0 0 0 0 0 0 0 0 0 0 0 0 0 0 0 0 0 0 0 0 0 0 0 3 0 1 2 2 2 3 27 71 26 8 0 2 2 0 0 0 0 0 0 0 0 0 0 0 0 0 0 0 0 0 0 0 0 0 0 0 0 0 0 0 2 2 2 0 0 0 0 2 2 2 3 4 4 4 4 5 5 7 4 4 4 5 6 6 4 4 3 2 2 2 3 3 3 4 4 4 3 3 3 3 3 3 2 2 3 3 2 2 0 2 3 2 1 3 3 2 0 0 0 0 0 0 0 0 0 0 0 2 3 3 3 3 3 3 2 0 0 0 0 0 0 0 2 0 0 1 2 2 2 0 0 0 2 2 2 0 3 0 2 3 3 5 10 12 13 9 5 4 3 2 5 5 5 4 6 6 6 4 5 8 14 23 49 79 160 207 247 253 222 147 57 17 10 2 2 3 0 2 0 0 2 2 1 2 0 0 0 0 0 2 2 4 3 5 3 0 0 4 4 3 0 0 1 2 3 4 3 4 5 5 8 8 7 6 7 8 7 6 4 2 1 0 0 0 0 1 2 2 2 2 2 2 2 2 2 1 0 1 2 1 2 0 0 0 2 11 76 171 145 75 60 39 22 15 16 15 14 15 13 11 8 13 33 74 139 143 40 9 9 6 4 4 4 5 0 0 0 2 0 0 0 2 0 0 0 0 0 0 0 0 0 0 0 0 0 0 0 0 2 0 0 0 0
0 0 0 0 0 1 0 0 0 1 0 1 0 0 2 1 3 6 50 138 136 19 3 3 0 0 0 0 0 0 0 0 0 0 0 0 0 1 11 98 185 172 61 3 3 0 0 0 0 0 0 0 0 0 0 0 0 0 0 0 0 0 0 0 0 0 0 0 0 0 0 0 0 0 0 0 0 0 0 0 0 0 0 0 0 0 0 0 0 0 0 0 0 0 0 0 0 0 0 0 0 0 0 0 0 0 0 0 0 0 0 0 0 0 0 0 0 0 0 0 0 0 0 0 0 0 0 0 0 0 0 0 0 0 0 0 0 0 1 0 0 0 0 0 0 0 1 0 0 1 0 0 0 2 5 3 3 6 14 35 154 253 255 248 103 13 7 10 12 4 2 3 0 0 0 2 0 0 0 0 0 0 0 0 0 0 0 0 0 0 0 0 0 0 0 0 0 0 0 0 0 0 0 0 0 0 0 0 2 3 3 0 0 1 4 27 70 30 8 0 2 2 0 0 0 0 0 0 0 0 0 0 0 0 0 0 0 0 0 0 0 0 0 0 0 0 0 0 0 0 0 2 2 2 2 2 0 3 4 2 0 2 0 0 0 2 2 4 4 4 4 4 3 3 3 3 4 4 4 4 4 4 4 4 4 4 3 4 3 3 3 2 2 0 0 0 3 3 3 2 3 2 0 0 0 0 0 0 0 0 0 0 0 0 0 0 0 0 0 0 0 0 0 0 0 0 0 0 0 0 0 0 2 0 0 0 0 0 2 2 2 0 2 0 3 2 3 2 5 6 7 11 9 5 3 2 2 1 4 4 6 6 8 6 5 4 5 11 17 27 49 93 162 212 247 253 219 143 54 21 10 4 2 3 0 2 0 0 2 2 1 2 0 0 0 0 0 0 2 2 4 3 5 3 0 0 4 4 4 2 4 3 4 3 6 8 9 8 6 7 7 8 7 5 4 2 0 0 0 0 2 2 3 3 2 2 2 0 0 0 0 0 0 0 1 2 1 0 1 2 2 0 0 2 15 82 176 141 65 33 17 18 18 14 11 7 7 5 7 7 11 42 75 145 131 28 4 7 6 1 4 3 4 0 0 0 2 0 0 1 1 0 0 0 0 0 0 0 0 0 0 0 0 0 0 0 0 2 0 0 0 0
0 0 0 0 0 1 0 0 0 1 0 1 0 0 2 1 3 9 61 147 124 16 3 2 0 0 0 0 0 0 0 0 0 0 0 0 0 0 3 42 157 191 127 16 3 2 0 0 0 0 0 0 0 0 0 0 0 0 0 0 0 0 0 0 0 0 0 0 0 0 0 0 0 0 0 0 0 0 0 0 0 0 0 0 0 0 0 0 0 0 0 0 0 0 0 0 0 0 0 0 0 0 0 0 0 0 0 0 0 0 0 0 0 0 0 0 0 0 0 0 0 0 0 0 0 0 0 0 0 0 0 0 0 0 0 0 0 1 1 0 0 0 0 0 0 0 1 0 2 0 0 0 1 4 3 3 4 8 28 88 248 255 255 170 28 7 4 15 9 3 2 2 0 0 2 0 0 0 0 0 0 0 0 0 0 0 0 0 0 0 0 0 0 0 0 0 0 0 0 0 0 0 0 0 0 0 0 0 0 0 1 3 3 3 2 20 61 42 8 1 2 2 0 0 0 0 0 0 0 0 0 0 0 0 0 0 0 0 0 0 0 0 0 0 0 0 0 0 0 0 0 0 0 0 0 0 0 0 0 0 0 1 1 0 0 0 0 0 2 3 3 3 3 3 3 3 3 3 3 3 3 3 3 3 2 2 2 1 0 0 0 0 0 0 3 3 2 2 2 2 0 0 0 0 0 0 0 0 0 0 0 0 0 0 0 0 0 0 0 0 0 0 0 0 0 0 0 0 0 0 0 0 0 2 2 0 0 0 0 0 1 3 3 3 1 2 3 5 8 10 12 8 4 1 2 2 3 4 5 6 5 6 5 6 7 13 18 26 45 61 97 160 212 247 253 219 138 53 21 13 6 2 2 2 2 0 0 2 0 0 0 2 0 0 0 0 0 0 2 2 4 3 5 3 1 2 6 6 4 4 5 6 9 11 9 8 7 7 9 6 5 3 1 1 2 2 2 2 2 3 2 1 0 0 0 0 0 0 0 0 0 0 0 0 0 0 1 2 1 0 3 0 0 3 16 78 178 145 60 25 16 10 9 9 6 7 5 4 7 9 14 42 85 151 108 22 5 5 4 3 4 4 2 0 0 0 2 0 0 2 0 0 0 0 0 0 0 0 0 0 0 0 0 0 0 0 0 2 0 0 0 0
0 0 0 0 0 1 0 0 0 1 0 1 0 1 3 0 4 12 68 161 93 13 3 1 0 0 0 0 0 0 0 0 0 0 0 0 0 0 1 12 109 181 172 61 3 2 1 0 0 0 0 0 0 0 0 0 0 0 0 0 0 0 0 0 0 0 0 0 0 0 0 0 0 0 0 0 0 0 0 0 0 0 0 0 0 0 0 0 0 0 0 0 0 0 0 0 0 0 0 0 0 0 0 0 0 0 0 0 0 0 0 0 0 0 0 0 0 0 0 0 0 0 0 0 0 0 0 0 0 0 0 0 0 0 0 0 0 1 0 0 0 0 0 0 0 2 0 1 1 0 0 0 2 4 3 4 6 16 52 199 255 255 227 66 9 5 4 15 6 4 1 2 0 0 2 0 0 0 0 2 2 2 2 1 0 0 0 0 0 0 0 0 0 0 0 0 0 0 0 0 0 0 0 0 0 0 0 0 0 0 0 0 0 0 0 17 61 45 9 2 2 2 0 0 0 0 0 0 0 0 0 0 0 0 0 0 0 0 0 0 0 0 0 0 0 0 0 0 0 0 0 0 0 0 0 0 0 0 0 0 0 0 2 2 2 2 2 2 1 1 2 2 2 2 2 2 2 2 3 1 0 0 0 0 0 0 0 2 3 3 3 3 3 3 0 1 3 2 0 0 0 0 0 0 0 0 0 0 0 0 0 0 0 0 0 0 0 0 0 0 0 0 0 0 2 2 2 2 2 2 2 2 2 0 0 2 3 3 3 3 2 2 3 2 3 3 5 10 9 6 5 4 3 3 4 5 7 8 8 7 9 10 8 13 16 24 37 51 73 119 170 214 247 253 217 133 44 21 10 6 3 1 2 2 0 0 2 0 0 0 2 0 0 0 0 0 0 0 2 2 4 4 6 5 3 4 8 9 9 8 7 9 8 7 6 5 5 5 3 1 2 2 2 1 0 1 2 2 1 0 0 0 0 0 0 0 0 0 0 0 0 0 0 0 0 0 0 0 1 2 1 2 0 2 17 62 175 153 72 34 15 11 5 7 6 4 4 4 8 7 17 45 99 158 74 17 5 5 3 4 4 3 2 0 0 0 2 0 2 0 0 0 0 0 0 0 0 0 0 0 0 0 0 0 0 0 0 2 0 0 0 0
0 0 0 0 0 1 0 0 0 1 0 1 0 1 2 1 4 19 80 161 78 9 3 0 0 0 0 0 0 0 0 0 0 0 0 0 0 0 0 4 44 154 191 129 16 3 2 0 0 0 0 0 0 0 0 0 0 0 0 0 0 0 0 0 0 0 0 0 0 0 0 0 0 0 0 0 0 0 0 0 0 0 0 0 0 0 0 0 0 0 0 0 0 0 0 0 0 0 0 0 0 0 0 0 0 0 0 0 0 0 0 0 0 0 0 0 0 0 0 0 0 0 0 0 0 0 0 0 0 0 0 0 0 0 0 0 1 1 0 0 0 0 0 0 1 1 0 2 0 0 0 2 3 3 4 6 8 32 133 253 255 253 132 17 6 2 8 14 5 3 0 1 1 1 1 0 2 2 2 0 0 0 0 2 2 2 1 0 0 0 0 0 0 0 0 0 0 0 0 0 0 0 0 0 0 0 0 0 0 0 0 0 0 0 0 12 62 49 9 2 2 2 2 0 0 0 0 0 0 0 0 0 0 0 0 0 0 0 0 0 0 0 0 0 0 0 0 0 0 0 0 0 0 0 0 0 0 0 0 0 0 0 0 1 2 2 2 2 3 2 3 3 3 3 3 3 3 3 3 3 3 3 3 3 3 3 3 3 2 2 0 0 0 3 3 2 0 0 0 0 0 0 0 0 0 0 0 0 0 0 0 0 0 0 0 0 0 0 0 0 0 0 2 2 0 0 0 2 1 0 0 0 0 2 3 3 3 2 1 4 5 5 4 3 3 7 9 9 4 5 2 2 4 4 5 10 9 8 9 8 9 15 20 23 37 55 75 103 149 188 222 247 250 214 136 45 22 10 8 3 2 2 2 1 1 2 0 0 0 0 2 0 0 0 0 0 0 2 4 4 7 5 8 7 8 7 11 11 10 8 8 5 5 4 4 3 2 2 2 1 0 0 2 2 2 1 0 0 0 0 0 0 0 0 0 0 0 0 0 0 0 0 0 0 0 0 0 0 0 0 2 2 1 2 12 45 168 160 83 42 14 11 9 6 5 6 4 4 7 10 24 49 113 160 48 15 5 5 2 3 5 2 2 0 0 0 2 0 2 0 0 0 0 0 0 0 0 0 0 0 0 0 0 0 0 0 0 2 0 0 0 0
0 0 0 0 0 1 0 0 0 1 0 1 0 1 2 1 4 29 94 161 59 7 3 0 0 0 0 0 0 0 0 0 0 0 0 0 0 0 0 1 11 99 181 173 64 4 3 1 0 0 0 0 0 0 0 0 0 0 0 0 0 0 0 0 0 0 0 0 0 0 0 0 0 0 0 0 0 0 0 0 0 0 0 0 0 0 0 0 0 0 0 0 0 0 0 0 0 0 0 0 0 0 0 0 0 0 0 0 0 0 0 0 0 0 0 0 0 0 0 0 0 0 0 0 0 0 0 0 0 0 0 0 0 0 0 0 1 0 0 0 0 0 0 0 2 0 0 2 0 1 2 3 2 3 4 7 19 77 235 255 255 194 44 7 4 2 10 13 4 1 0 0 2 2 0 2 0 0 1 3 3 3 3 2 2 2 2 2 0 0 0 0 0 0 0 0 0 0 0 0 0 0 0 0 0 0 0 0 0 0 0 0 0 0 0 10 56 52 13 3 2 0 2 0 0 0 0 0 0 0 0 0 0 0 0 0 0 0 0 0 0 0 0 0 0 0 0 0 0 0 0 0 0 0 0 0 0 0 0 0 0 0 2 2 3 3 3 3 3 3 2 2 2 0 2 2 2 2 2 2 2 2 2 2 3 3 3 3 3 3 3 3 3 0 0 0 0 0 0 0 0 0 0 0 0 0 0 0 0 0 0 0 0 0 0 0 0 0 0 2 3 3 3 3 3 4 3 0 1 2 1 0 1 3 2 2 2 3 4 4 4 4 6 7 8 8 7 4 6 4 5 6 5 9 13 9 11 16 18 26 30 34 44 64 88 108 139 181 212 234 250 247 214 133 44 20 10 5 4 1 1 2 1 1 1 0 0 0 0 1 1 0 0 0 2 3 4 4 4 6 9 8 12 10 6 7 12 10 6 4 4 4 3 2 2 1 0 0 2 2 2 2 0 0 0 0 0 0 0 0 0 0 0 0 0 0 0 0 0 0 0 0 0 0 0 0 0 0 0 0 2 1 2 2 8 32 152 172 90 48 21 17 12 14 10 7 6 6 9 13 29 63 123 157 35 9 5 4 0 5 5 1 2 0 0 0 2 2 0 0 0 0 0 0 0 0 0 0 0 0 0 0 0 0 0 0 0 2 0 0 0 0
0 0 0 0 0 1 0 0 0 0 1 1 1 0 2 2 4 36 121 151 40 4 3 0 0 0 0 0 0 0 0 0 0 0 0 0 0 0 0 0 4 34 146 193 136 19 2 2 0 0 0 0 0 0 0 0 0 0 0 0 0 0 0 0 0 0 0 0 0 0 0 0 0 0 0 0 0 0 0 0 0 0 0 0 0 0 0 0 0 0 0 0 0 0 0 0 0 0 0 0 0 0 0 0 0 0 0 0 0 0 0 0 0 0 0 0 0 0 0 0 0 0 0 0 0 0 0 0 0 0 0 0 0 0 0 1 0 0 0 0 0 0 0 0 2 0 0 2 1 1 1 3 3 3 7 12 41 172 255 255 243 94 12 6 2 3 13 10 3 0 0 0 2 2 2 0 1 3 3 0 0 0 0 0 0 2 3 0 2 0 0 0 0 0 0 0 0 0 0 0 0 0 0 0 0 0 0 0 0 0 0 0 0 0 0 10 52 52 14 5 2 0 2 0 0 0 0 0 0 0 0 0 0 0 0 0 0 0 0 0 0 0 0 0 0 0 0 0 0 0 0 0 0 0 0 0 0 0 0 0 2 3 3 4 3 3 3 2 3 3 3 3 3 3 2 2 2 2 1 1 2 2 2 2 2 0 0 0 0 0 0 0 0 0 0 0 0 0 0 0 0 0 0 0 0 0 0 0 0 0 0 0 0 0 0 0 0 3 5 5 7 5 5 7 7 6 4 3 2 1 1 3 3 2 2 3 4 4 7 6 8 8 7 8 9 7 3 4 4 4 6 9 15 17 19 24 29 39 42 45 62 92 119 131 151 181 212 224 245 253 247 203 113 43 17 9 5 4 2 1 2 1 2 1 0 0 0 0 0 2 1 2 4 4 5 5 5 7 9 8 10 9 11 9 7 6 8 6 4 3 3 2 0 0 0 2 2 2 0 0 0 0 0 0 0 0 0 0 0 0 0 0 0 0 0 0 0 0 0 0 0 0 0 0 0 0 0 0 0 0 0 2 2 2 7 27 115 176 113 71 27 20 16 11 14 12 11 12 14 19 34 65 142 143 26 6 7 5 3 7 4 1 1 0 0 0 2 2 0 0 0 0 0 0 0 0 0 0 0 0 0 0 0 0 0 0 0 2 0 0 0 0
0 0 0 0 0 1 0 0 0 0 1 1 1 0 2 2 5 45 129 144 30 3 3 0 0 0 0 0 0 0 0 0 0 0 0 0 0 0 0 0 1 10 91 177 177 75 4 2 1 0 0 0 0 0 0 0 0 0 0 0 0 0 0 0 0 0 0 0 0 0 0 0 0 0 0 0 0 0 0 0 0 0 0 0 0 0 0 0 0 0 0 0 0 0 0 0 0 0 0 0 0 0 0 0 0 0 0 0 0 0 0 0 0 0 0 0 0 0 0 0 0 0 0 0 0 0 0 0 0 0 0 0 0 0 0 1 0 0 0 0 0 0 0 2 0 0 2 1 1 0 3 3 2 7 6 27 112 251 255 253 153 26 6 3 2 4 14 8 2 0 2 2 3 1 2 2 3 1 0 0 0 0 0 0 0 0 2 0 2 0 0 0 0 0 0 0 0 0 0 0 0 0 0 0 0 0 0 0 0 0 0 0 0 0 0 8 45 54 18 5 2 0 2 0 0 0 0 0 0 0 0 0 0 0 0 0 0 0 0 0 0 0 0 0 0 0 0 0 0 0 0 0 0 0 0 0 0 0 1 2 3 4 4 2 2 2 2 2 0 0 0 0 0 0 0 0 0 0 0 0 0 0 0 0 0 0 0 0 0 0 0 0 0 0 0 0 0 0 0 0 0 0 0 0 0 0 0 0 0 0 0 0 0 0 0 1 4 4 5 5 7 10 11 10 8 8 10 9 7 6 5 3 2 3 4 4 6 8 8 9 9 7 8 5 5 2 4 5 5 10 11 20 26 34 49 68 87 99 107 134 154 162 181 198 214 231 245 253 253 237 181 91 39 14 11 6 4 2 0 2 2 2 0 0 0 0 0 1 3 4 5 4 5 7 7 6 6 6 7 8 10 6 8 6 4 2 6 5 4 0 0 1 2 2 2 0 0 0 0 0 0 0 0 0 0 0 0 0 0 0 0 0 0 0 0 0 0 0 0 0 0 0 0 0 0 0 0 0 0 0 0 2 3 5 5 19 72 172 131 76 59 34 29 27 22 17 17 14 17 30 39 95 146 105 25 5 5 4 2 5 4 2 0 0 0 1 1 2 0 0 0 0 0 0 0 0 0 0 0 0 0 0 0 0 0 0 0 2 0 0 0 0
0 0 0 0 0 1 0 0 0 0 0 2 1 1 1 3 5 53 140 132 22 3 3 0 0 0 0 0 0 0 0 0 0 0 0 0 0 0 0 0 0 3 29 137 195 144 22 2 2 0 0 0 0 0 0 0 0 0 0 0 0 0 0 0 0 0 0 0 0 0 0 0 0 0 0 0 0 0 0 0 0 0 0 0 0 0 0 0 0 0 0 0 0 0 0 0 0 0 0 0 0 0 0 0 0 0 0 0 0 0 0 0 0 0 0 0 0 0 0 0 0 0 0 0 0 0 0 0 0 0 0 0 0 0 0 2 0 0 0 0 0 0 1 1 0 0 2 2 0 2 3 3 3 7 17 63 215 255 255 215 60 8 5 2 1 7 14 6 0 2 1 3 3 2 2 2 0 0 0 0 0 0 0 0 0 0 0 2 2 0 0 0 0 0 0 0 0 0 0 0 0 0 0 0 0 0 0 0 0 0 0 0 0 0 0 5 45 57 19 6 2 0 2 0 0 0 0 0 0 0 0 0 0 0 0 0 0 0 0 0 0 0 0 0 0 0 0 0 0 0 0 0 0 0 0 0 0 2 3 4 3 2 0 0 0 0 0 2 0 0 0 0 0 0 0 0 0 0 0 0 0 0 0 0 0 0 0 0 0 0 0 0 0 0 0 0 0 0 0 0 0 0 0 0 0 0 0 0 0 0 0 0 0 0 2 4 4 7 10 9 6 5 8 7 8 8 7 8 9 8 4 4 4 6 7 10 9 9 6 4 4 4 4 5 3 4 8 6 8 16 26 52 75 113 138 149 174 187 207 212 214 219 229 242 248 253 253 245 210 147 61 30 14 8 5 4 2 0 2 2 1 0 0 0 2 4 4 4 3 5 6 7 7 5 6 6 8 8 6 6 6 4 6 4 3 2 4 5 4 2 2 1 0 0 0 0 0 0 0 0 0 0 0 0 0 0 0 0 0 0 0 0 0 0 0 0 0 0 0 0 0 0 0 0 0 0 0 0 0 0 0 0 5 2 4 15 49 137 146 113 77 55 56 56 50 49 37 26 23 41 55 130 146 69 20 5 7 2 4 4 4 2 0 0 0 2 0 2 0 0 0 0 0 0 0 0 0 0 0 0 0 0 0 0 0 0 0 2 0 0 0 0
0 0 0 0 0 1 0 0 0 0 0 2 1 2 1 3 6 65 150 119 15 2 3 0 0 0 0 0 0 0 0 0 0 0 0 0 0 0 0 0 0 1 9 82 174 182 80 5 2 1 0 0 0 0 0 0 0 0 0 0 0 0 0 0 0 0 0 0 0 0 0 0 0 0 0 0 0 0 0 0 0 0 0 0 0 0 0 0 0 0 0 0 0 0 0 0 0 0 0 0 0 0 0 0 0 0 0 0 0 0 0 0 0 0 0 0 0 0 0 0 0 0 0 0 0 0 0 0 0 0 0 0 0 0 0 2 0 0 0 0 0 0 2 0 0 0 2 1 1 3 3 2 7 10 36 148 253 255 251 118 16 6 3 2 2 8 14 5 2 2 2 2 2 2 1 0 0 0 0 0 0 0 0 0 0 0 0 2 2 0 0 0 0 0 0 0 0 0 0 0 0 0 0 0 0 0 0 0 0 0 0 0 0 0 0 4 36 64 21 8 2 2 4 2 2 1 0 0 0 0 0 0 0 0 0 0 0 0 0 0 0 0 0 0 0 0 0 0 0 0 0 0 0 0 0 0 2 4 4 2 0 0 0 0 0 0 1 1 0 0 0 0 0 0 0 0 0 0 0 0 0 0 0 0 0 0 0 0 0 0 0 0 0 0 0 0 0 0 0 0 0 0 0 0 0 0 0 0 0 0 0 0 1 2 4 5 9 7 3 4 5 4 2 3 3 3 4 5 7 8 11 10 10 10 11 6 5 4 4 4 4 2 2 2 4 6 9 11 23 47 88 137 169 196 217 232 237 240 245 247 253 253 255 255 253 242 212 159 90 34 26 13 7 6 3 2 0 1 3 1 0 2 4 4 4 3 5 6 7 6 5 7 7 8 6 6 4 3 3 4 5 2 6 3 2 0 4 6 4 0 0 0 0 0 0 0 0 0 0 0 0 0 0 0 0 0 0 0 0 0 0 0 0 0 0 0 0 0 0 0 0 0 0 0 0 0 0 0 0 0 0 2 4 2 2 9 36 90 126 134 120 101 88 77 76 73 70 66 49 56 76 149 139 46 15 6 5 3 4 2 4 2 0 0 0 2 0 2 0 0 0 0 0 0 0 0 0 0 0 0 0 0 0 0 0 0 2 2 0 0 0 0
0 0 0 0 0 1 0 0 0 0 1 1 1 2 1 4 8 77 156 98 13 3 2 0 0 0 0 0 0 0 0 0 0 0 0 0 0 0 0 0 0 0 3 28 133 198 145 24 3 1 0 0 0 0 0 0 0 0 0 0 0 0 0 0 0 0 0 0 0 0 0 0 0 0 0 0 0 0 0 0 0 0 0 0 0 0 0 0 0 0 0 0 0 0 0 0 0 0 0 0 0 0 0 0 0 0 0 0 0 0 0 0 0 0 0 0 0 0 0 0 0 0 0 0 0 0 0 0 0 0 0 0 0 0 0 2 0 0 0 0 0 2 0 0 0 0 2 0 2 3 3 4 8 23 89 243 255 255 181 37 6 5 2 0 2 10 11 2 2 2 2 1 0 0 0 0 0 0 0 0 0 0 0 0 0 0 0 2 2 0 0 0 0 0 0 0 0 0 0 0 0 0 0 0 0 0 0 0 0 0 0 0 0 0 0 4 30 66 27 13 5 4 5 4 4 5 4 3 2 2 2 0 1 1 0 0 0 0 0 0 0 0 0 0 0 0 0 0 0 0 0 0 0 0 0 3 3 3 1 0 0 0 0 0 0 0 1 0 0 0 0 0 0 0 0 0 0 0 0 0 0 0 0 0 0 0 0 0 0 0 0 0 0 0 0 0 0 0 0 0 0 0 0 0 0 0 0 0 0 0 0 2 1 3 6 9 4 4 4 3 0 0 0 0 1 2 2 3 4 5 6 7 6 5 4 4 4 4 2 0 0 2 1 2 0 11 13 26 61 132 181 221 242 250 253 253 255 255 255 255 253 248 240 222 192 155 87 42 26 20 7 6 4 2 2 0 1 4 2 4 4 4 4 6 6 7 6 5 7 7 7 5 5 3 2 2 2 1 2 4 5 0 6 3 2 2 4 5 4 0 0 0 0 0 0 0 0 0 0 0 0 0 0 0 0 0 0 0 0 0 0 0 0 0 0 0 0 0 0 0 0 0 0 0 0 0 0 0 0 0 1 2 2 2 3 7 14 58 88 106 128 122 113 120 117 124 114 94 80 91 110 161 119 42 16 7 5 4 3 2 4 3 0 0 1 1 0 2 0 0 0 0 0 0 0 0 0 0 0 0 0 0 0 0 0 0 2 0 0 0 0 0
0 0 0 0 1 0 0 0 0 0 1 1 1 2 1 4 15 89 163 71 10 3 1 0 0 0 0 0 0 0 0 0 0 0 0 0 0 0 0 0 0 0 0 10 75 177 184 74 4 1 1 0 0 0 0 0 0 0 0 0 0 0 0 0 0 0 0 0 0 0 0 0 0 0 0 0 0 0 0 0 0 0 0 0 0 0 0 0 0 0 0 0 0 0 0 0 0 0 0 0 0 0 0 0 0 0 0 0 0 0 0 0 0 0 0 0 0 0 0 0 0 0 0 0 0 0 0 0 0 0 0 0 0 0 2 0 0 0 0 0 1 1 0 0 0 1 2 1 3 4 2 8 11 50 193 255 255 235 80 8 6 3 1 2 3 13 6 3 2 1 0 0 0 0 0 0 0 0 0 0 0 0 0 0 0 0 0 0 2 0 0 0 0 0 0 0 0 0 0 0 0 0 0 0 0 0 0 0 0 0 0 0 0 0 0 4 24 67 31 11 3 2 4 2 2 2 3 3 4 4 3 4 4 3 2 2 1 0 0 0 0 0 0 0 0 0 0 0 0 0 0 0 0 1 3 4 3 1 0 0 0 0 0 0 0 0 0 0 0 0 0 0 0 0 0 0 0 0 0 0 0 0 0 0 0 0 0 0 0 0 0 0 0 0 0 0 0 0 0 0 0 0 0 0 0 0 0 0 0 0 2 0 2 8 7 5 3 4 0 0 0 0 0 0 0 0 2 1 0 0 2 2 3 3 2 0 2 1 0 1 2 0 0 0 4 15 24 74 160 221 250 255 255 253 250 248 242 235 222 210 188 173 148 112 70 39 28 23 12 6 6 3 1 3 1 4 5 3 3 4 5 6 5 6 6 7 7 7 5 5 4 2 2 2 2 2 2 1 0 3 4 0 6 3 3 0 4 5 4 0 0 0 0 0 0 0 0 0 0 0 0 0 0 0 0 0 0 0 0 0 0 0 0 0 0 0 0 0 0 0 0 0 0 0 0 0 0 0 0 0 2 2 2 0 3 6 7 28 43 71 91 106 110 102 104 106 118 123 115 115 151 168 96 49 19 7 5 6 2 0 4 3 1 0 2 0 0 2 0 0 0 0 0 0 0 0 0 0 0 0 0 0 0 0 0 0 2 0 0 0 0 0
0 0 0 0 1 0 0 0 0 0 1 2 1 2 2 4 22 110 156 60 6 3 0 0 0 0 0 0 0 0 0 0 0 0 0 0 0 0 0 0 0 0 0 3 26 137 205 135 19 2 1 0 0 0 0 0 0 0 0 0 0 0 0 0 0 0 0 0 0 0 0 0 0 0 0 0 0 0 0 0 0 0 0 0 0 0 0 0 0 0 0 0 0 0 0 0 0 0 0 0 0 0 0 0 0 0 0 0 0 0 0 0 0 0 0 0 0 0 0 0 0 0 0 0 0 0 0 0 0 0 0 0 0 0 2 0 0 0 0 0 2 0 0 0 0 2 2 3 3 2 6 8 29 132 253 255 253 141 22 6 4 2 2 0 6 13 5 2 0 0 0 0 0 0 0 0 0 0 0 0 0 0 0 0 0 0 0 0 2 0 0 0 0 0 0 0 0 0 0 0 0 0 0 0 0 0 0 0 0 0 0 0 0 0 0 4 18 69 35 12 2 0 2 2 0 0 0 0 2 2 2 2 2 2 2 0 0 0 0 0 0 0 0 0 0 0 0 0 0 0 0 0 1 2 4 2 0 0 0 0 0 0 0 0 0 0 0 0 0 0 0 0 0 0 0 0 0 0 0 0 0 0 0 0 0 0 0 0 0 0 0 0 0 0 0 0 0 0 0 0 0 0 0 0 0 0 0 0 0 1 1 2 8 6 7 4 3 0 0 0 0 0 0 0 2 2 0 0 0 0 0 1 2 2 2 3 1 1 2 1 0 0 0 2 7 23 73 176 243 253 255 250 237 219 201 175 153 138 115 103 87 63 48 33 28 21 13 7 5 4 3 2 4 4 5 4 4 6 7 7 7 6 6 6 6 5 5 4 3 2 2 2 2 2 1 0 0 0 0 3 4 1 6 3 2 0 4 4 4 2 0 0 0 0 0 0 0 0 0 0 0 0 0 0 0 0 0 0 0 0 0 0 0 0 0 0 0 0 0 0 0 0 0 0 0 0 0 0 0 2 0 2 2 0 3 5 5 13 28 31 44 54 60 66 66 71 84 103 106 127 158 183 114 65 23 9 4 6 2 1 4 1 2 1 1 0 0 2 0 0 0 0 0 0 0 0 0 0 0 0 0 0 0 0 0 2 2 0 0 0 0 0
0 0 0 0 1 0 0 0 0 0 2 1 2 3 3 5 30 122 152 45 5 3 0 0 0 0 0 0 0 0 0 0 0 0 0 0 0 0 0 0 0 0 0 0 11 78 188 180 62 4 1 1 0 0 0 0 0 0 0 0 0 0 0 0 0 0 0 0 0 0 0 0 0 0 0 0 0 0 0 0 0 0 0 0 0 0 0 0 0 0 0 0 0 0 0 0 0 0 0 0 0 0 0 0 0 0 0 0 0 0 0 0 0 0 0 0 0 0 0 0 0 0 0 0 0 0 0 0 0 0 0 0 0 0 2 0 0 0 0 1 1 0 0 0 0 2 3 2 3 4 7 16 69 230 255 255 206 50 8 5 2 1 1 2 6 12 4 0 0 0 0 0 0 0 0 0 0 0 0 0 0 0 0 0 0 0 0 0 2 0 0 0 0 0 0 0 0 0 0 0 0 0 0 0 0 0 0 0 0 0 0 0 0 0 0 4 15 67 38 11 3 0 0 2 0 0 0 0 0 0 0 0 0 0 0 0 0 0 0 0 0 0 0 0 0 0 0 0 0 0 0 0 3 4 2 0 0 0 0 0 0 0 0 0 0 0 0 0 0 0 0 0 0 0 0 0 0 0 0 0 0 0 0 0 0 0 0 0 0 0 0 0 0 0 0 0 0 0 0 0 0 0 0 0 0 0 0 0 0 2 2 8 6 8 3 3 2 0 0 0 0 0 2 2 0 0 0 0 0 0 0 0 0 0 1 2 2 1 0 0 0 0 0 2 13 53 162 245 255 252 232 199 155 130 85 77 68 54 43 32 28 26 23 17 10 7 4 4 5 5 5 5 5 6 7 6 7 7 6 5 6 6 6 4 3 4 3 3 2 2 2 1 0 0 0 0 0 0 0 3 4 3 6 3 2 0 4 4 4 2 0 0 0 0 0 0 0 0 0 0 0 0 0 0 0 0 0 0 0 0 0 0 0 0 0 0 0 0 0 0 0 0 0 0 0 0 0 0 2 0 0 3 0 0 3 3 5 9 19 11 21 25 24 29 42 44 49 75 94 114 158 190 159 70 30 11 3 6 2 3 4 0 0 3 1 0 0 2 0 0 0 0 0 0 0 0 0 0 0 0 0 0 0 0 2 2 0 0 0 0 0 0
0 0 0 0 1 0 0 0 0 0 1 1 3 3 5 5 43 127 145 32 5 3 0 0 0 0 0 0 0 0 0 0 0 0 0 0 0 0 0 0 0 0 0 0 4 30 149 204 130 10 2 1 0 0 0 0 0 0 0 0 0 0 0 0 0 0 0 0 0 0 0 0 0 0 0 0 0 0 0 0 0 0 0 0 0 0 0 0 0 0 0 0 0 0 0 0 0 0 0 0 0 0 0 0 0 0 0 0 0 0 0 0 0 0 0 0 0 0 0 0 0 0 0 0 0 0 0 0 0 0 0 0 0 0 2 0 0 0 0 2 0 1 0 0 0 3 3 3 2 7 9 37 171 255 255 245 93 15 7 3 2 2 1 3 7 11 2 0 0 0 0 0 0 0 0 0 0 0 0 0 0 0 0 0 0 0 0 0 2 0 0 0 0 0 0 0 0 0 0 0 0 0 0 0 0 0 0 0 0 0 0 0 0 0 0 4 13 61 46 11 4 0 0 2 0 0 0 0 0 0 0 0 0 0 0 0 0 0 0 0 0 0 0 0 0 0 0 0 0 0 2 3 3 3 1 0 0 0 0 0 0 0 0 0 0 0 0 0 0 0 0 0 0 0 0 0 0 0 0 0 0 0 0 0 0 0 0 0 0 0 0 0 0 0 0 0 0 0 0 0 0 0 0 0 0 0 0 0 2 2 5 7 8 2 3 2 0 2 2 2 2 2 0 0 0 0 0 0 0 0 0 0 0 1 3 1 0 0 0 0 0 0 2 2 21 115 232 255 247 212 167 109 75 55 43 37 23 21 17 17 17 12 8 6 4 4 5 5 5 6 6 6 6 8 8 7 5 4 6 8 5 4 4 3 2 0 0 0 0 0 0 0 0 0 0 0 0 0 1 4 4 2 6 3 2 0 4 4 4 2 1 0 0 0 0 0 0 0 0 0 0 0 0 0 0 0 0 0 0 0 0 0 0 0 0 0 0 0 0 0 0 0 0 0 0 0 0 0 2 0 1 2 0 2 1 3 1 6 16 16 11 17 23 20 17 25 28 43 58 101 141 190 185 101 42 13 4 5 4 4 4 0 2 0 1 1 0 2 0 0 0 0 0 0 0 0 0 0 0 0 0 0 0 2 2 0 0 0 0 0 0 0
0 0 0 0 1 0 0 1 1 0 1 3 2 2 3 6 51 141 132 22 3 3 0 0 0 0 0 0 0 0 0 0 0 0 0 0 0 0 0 0 0 0 0 0 0 11 100 196 174 42 3 1 1 0 0 0 0 0 0 0 0 0 0 0 0 0 0 0 0 0 0 0 0 0 0 0 0 0 0 0 0 0 0 0 0 0 0 0 0 0 0 0 0 0 0 0 0 0 0 0 0 0 0 0 0 0 0 0 0 0 0 0 0 0 0 0 0 0 0 0 0 0 0 0 0 0 0 0 0 0 0 0 0 0 2 0 0 0 1 1 2 1 2 1 1 4 3 2 6 5 21 114 251 255 253 165 28 8 5 2 2 0 2 2 9 9 2 0 0 0 0 0 0 0 0 0 0 0 0 0 0 0 0 0 0 0 0 1 2 0 0 0 0 0 0 0 0 0 0 0 0 0 0 0 0 0 0 0 0 0 0 0 0 0 0 2 13 50 56 14 4 1 0 2 0 0 0 0 1 0 0 0 0 0 0 0 0 0 0 0 0 0 0 0 0 0 0 2 3 5 6 4 2 3 0 0 0 0 0 0 0 0 0 0 0 0 0 0 0 0 0 0 0 0 0 0 0 0 0 0 0 0 0 0 0 0 0 0 0 0 0 0 0 0 0 0 0 0 0 0 0 0 0 0 0 0 0 2 2 5 7 7 5 3 3 2 2 0 0 0 0 0 0 0 0 0 0 0 0 0 0 2 2 2 0 0 0 0 0 0 0 0 1 6 34 175 253 255 214 171 115 74 43 23 19 17 18 13 13 9 6 5 5 5 5 5 6 8 7 8 8 9 9 5 4 4 7 6 4 2 2 1 0 0 0 0 0 0 0 0 0 0 0 0 0 0 2 2 1 3 4 2 6 3 2 0 4 4 3 3 2 0 0 0 0 0 0 0 0 0 0 0 0 0 0 0 0 0 0 0 0 0 0 0 0 0 0 0 0 0 0 0 0 0 0 0 0 2 0 0 2 1 0 3 0 2 1 4 9 12 12 10 15 17 17 21 26 34 46 77 139 172 200 147 50 15 5 5 4 4 3 1 1 0 0 2 1 1 0 0 0 0 0 0 0 0 0 0 0 0 0 0 2 2 0 0 0 0 0 0 0 0
0 0 0 0 1 0 0 0 1 2 0 2 2 2 3 9 61 145 123 18 3 3 0 0 0 0 0 0 0 0 0 0 0 0 0 0 0 0 0 0 0 0 0 0 0 5 39 168 198 113 7 1 2 0 0 0 0 0 0 0 0 0 0 0 0 0 0 0 0 0 0 0 0 0 0 0 0 0 0 0 0 0 0 0 0 0 0 0 0 0 0 0 0 0 0 0 0 0 0 0 0 0 0 0 0 0 0 0 0 0 0 0 0 0 0 0 0 0 0 0 0 0 0 0 0 0 0 0 0 0 0 0 0 1 1 0 0 0 2 1 1 0 0 1 3 3 3 3 8 11 62 211 255 255 220 61 11 5 3 2 0 1 2 4 10 7 2 0 0 0 0 0 0 0 0 0 0 0 0 0 0 0 0 0 0 0 0 1 0 0 0 0 0 0 0 0 0 0 0 0 0 0 0 0 0 0 0 0 0 0 0 0 0 0 0 2 9 46 60 17 7 4 4 3 2 2 3 4 4 4 4 3 3 2 3 3 2 2 2 3 3 3 3 3 3 4 5 5 6 4 1 2 2 4 0 0 0 0 0 0 0 0 0 0 0 0 0 0 0 0 0 0 0 0 0 0 0 0 0 0 0 0 0 0 0 0 0 0 0 0 0 0 0 0 0 0 0 0 0 0 2 2 2 2 2 3 3 3 5 9 8 4 2 3 0 0 0 0 1 2 2 2 2 2 2 2 2 2 2 2 2 0 0 2 0 0 0 0 0 0 0 0 0 10 55 209 255 247 203 143 85 47 24 21 20 14 10 10 5 6 4 5 5 5 7 10 8 6 8 7 6 4 3 5 5 6 2 2 1 0 0 0 0 0 0 0 0 0 0 0 0 0 0 1 2 2 0 0 0 4 3 2 6 2 3 0 4 4 3 1 3 1 0 0 0 0 0 0 0 0 0 0 0 0 0 0 0 0 0 0 0 0 0 0 0 0 0 0 0 0 0 0 0 0 0 0 0 2 0 2 1 0 2 2 0 0 2 0 8 11 14 13 11 13 15 16 21 27 46 68 121 156 204 175 67 20 6 5 5 2 4 2 0 0 0 0 3 0 0 0 0 0 0 0 0 0 0 0 0 0 0 2 2 0 0 0 0 0 0 0 0 0
0 0 0 0 1 0 0 0 0 2 0 1 3 2 3 13 72 151 103 16 1 3 0 0 0 0 0 0 0 0 0 0 0 0 0 0 0 0 0 0 0 0 0 0 0 1 16 116 200 162 38 3 2 1 0 0 0 0 0 0 0 0 0 0 0 0 0 0 0 0 0 0 0 0 0 0 0 0 0 0 0 0 0 0 0 0 0 0 0 0 0 0 0 0 0 0 0 0 0 0 0 0 0 0 0 0 0 0 0 0 0 0 0 0 0 0 0 0 0 0 0 0 0 0 0 0 0 0 0 0 0 0 0 2 0 0 0 2 0 2 0 0 0 0 4 3 2 6 8 29 150 253 255 251 114 19 7 4 3 1 0 2 1 6 11 5 0 0 0 0 0 0 0 0 0 0 0 0 0 0 0 0 0 0 0 0 0 0 0 0 0 0 0 0 0 0 0 0 0 0 0 0 0 0 0 0 0 0 0 0 0 0 0 0 0 2 7 43 56 22 10 5 4 8 6 5 4 4 4 4 4 4 5 5 5 5 5 6 5 4 4 4 5 5 5 4 4 3 1 0 2 3 2 3 2 0 0 0 0 0 0 0 0 0 0 0 0 0 0 0 0 0 0 0 0 0 0 0 0 0 0 0 0 0 0 0 0 0 0 0 0 0 0 0 0 0 0 0 1 2 0 0 1 2 2 0 2 4 8 8 3 1 3 2 0 0 2 2 1 0 0 0 0 0 0 0 0 0 0 0 0 0 2 0 0 0 0 0 0 0 0 0 3 12 63 222 255 245 195 128 67 41 23 12 8 10 6 6 6 5 5 6 7 11 9 7 7 6 4 4 4 5 4 3 3 0 0 0 0 0 0 0 0 0 0 0 0 0 0 0 0 1 2 1 0 0 0 0 0 4 2 2 6 2 3 0 4 4 3 0 2 2 0 0 0 0 0 0 0 0 0 0 0 0 0 0 0 0 0 0 0 0 0 0 0 0 0 0 0 0 0 0 0 0 0 0 2 0 1 2 0 2 2 0 0 0 2 1 4 6 7 9 9 15 13 15 16 22 35 65 101 154 195 200 80 22 8 6 4 4 3 2 0 0 0 2 2 2 2 2 2 0 0 0 0 0 0 0 0 0 0 2 0 0 0 0 0 0 0 0 0 0
0 0 0 0 1 0 0 0 0 1 1 1 3 2 2 20 82 151 86 14 2 2 0 0 0 0 0 0 0 0 0 0 0 0 0 0 0 0 0 0 0 0 0 0 0 0 6 51 175 190 100 7 0 2 0 0 0 0 0 0 0 0 0 0 0 0 0 0 0 0 0 0 0 0 0 0 0 0 0 0 0 0 0 0 0 0 0 0 0 0 0 0 0 0 0 0 0 0 0 0 0 0 0 0 0 0 0 0 0 0 0 0 0 0 0 0 0 0 0 0 0 0 0 0 0 0 0 0 0 0 0 0 1 1 0 0 1 1 1 1 0 0 0 2 3 3 4 6 17 91 243 255 255 181 31 9 5 2 3 0 1 2 0 7 11 3 0 0 0 0 0 0 0 0 0 0 0 0 0 0 0 0 0 0 0 0 0 0 0 0 0 0 0 0 0 0 0 0 0 0 0 0 0 0 0 0 0 0 0 0 0 0 0 0 0 2 7 36 60 23 8 2 4 4 2 2 3 2 2 2 0 0 0 0 0 1 2 2 3 3 3 3 1 1 2 2 0 0 0 0 0 2 0 4 2 1 0 0 0 0 0 0 0 0 0 0 0 0 0 0 0 0 0 0 0 0 0 0 0 0 0 0 0 0 0 0 0 0 0 0 0 0 0 0 0 0 1 2 1 0 1 2 1 0 2 3 5 7 8 5 1 3 2 1 2 2 0 0 0 0 0 0 0 0 0 0 0 0 0 0 0 0 2 0 0 0 0 0 0 0 0 0 3 13 63 214 255 248 190 119 69 32 12 10 8 7 7 7 6 8 10 10 10 8 6 5 4 4 4 4 3 0 3 2 0 0 0 0 0 0 0 0 0 0 0 0 0 0 1 2 2 1 0 0 0 0 0 0 2 4 2 2 6 2 3 0 4 4 3 0 1 2 2 1 0 0 0 0 0 0 0 0 0 0 0 0 0 0 0 0 0 0 0 0 0 0 0 0 0 0 0 0 0 0 0 0 2 2 2 0 2 0 2 0 0 0 3 3 3 4 4 8 5 5 13 15 17 21 29 53 107 150 184 213 111 17 9 6 5 5 2 2 0 0 2 0 0 0 0 0 1 1 0 0 0 0 0 0 0 0 2 0 0 0 0 0 0 0 0 0 0 0
0 0 0 0 1 0 0 0 0 1 0 2 4 2 4 27 100 151 66 9 3 0 0 0 0 0 0 0 0 0 0 0 0 0 0 0 0 0 0 0 0 0 0 0 0 0 3 17 129 196 153 36 3 1 2 0 0 0 0 0 0 0 0 0 0 0 0 0 0 0 0 0 0 0 0 0 0 0 0 0 0 0 0 0 0 0 0 0 0 0 0 0 0 0 0 0 0 0 0 0 0 0 0 0 0 0 0 0 0 0 0 0 0 0 0 0 0 0 0 0 0 0 0 0 0 0 0 0 0 0 0 0 2 0 0 0 2 0 2 0 0 0 0 3 3 3 6 10 51 191 255 255 240 70 13 6 3 2 2 0 2 1 2 8 10 3 0 0 0 0 0 0 0 0 0 0 0 0 0 0 0 0 0 0 0 0 0 0 0 0 0 0 0 0 0 0 0 0 0 0 0 0 0 0 0 0 0 0 0 0 0 0 0 0 0 2 6 31 65 23 9 0 0 3 2 0 2 2 2 1 2 2 2 2 2 2 2 2 2 2 2 2 2 1 0 0 0 0 0 0 0 2 0 4 2 2 0 0 0 0 0 0 0 0 0 0 0 0 0 0 0 0 0 0 0 0 0 0 0 0 0 0 0 0 0 0 0 0 0 0 0 0 0 2 2 2 1 0 1 2 1 0 3 4 6 7 8 9 4 2 3 3 2 1 0 0 0 0 0 0 0 0 0 0 0 0 0 0 0 0 0 2 0 0 0 0 0 0 0 0 0 1 4 12 52 195 255 252 192 122 74 25 19 10 7 7 11 10 9 8 8 7 6 5 4 5 5 3 0 2 0 0 3 2 0 0 0 0 0 0 0 1 2 2 2 2 2 2 1 0 0 0 0 0 0 0 0 0 2 4 2 2 6 2 3 0 4 4 3 0 0 1 2 2 2 1 0 0 0 0 0 0 0 0 0 0 0 0 0 0 0 0 0 0 0 0 0 0 0 0 0 0 0 0 0 2 4 2 0 1 1 2 0 2 2 3 4 0 0 4 4 7 7 8 6 11 16 21 34 48 110 147 180 213 124 23 6 7 5 3 3 1 0 2 0 0 0 0 0 0 0 2 0 0 0 0 2 0 2 2 0 0 0 0 0 0 0 0 0 0 2 2
0 0 0 0 1 0 0 0 0 1 0 2 3 2 5 33 113 149 51 7 3 0 0 0 0 0 0 0 0 0 0 0 0 0 0 0 0 0 0 0 0 0 0 0 0 0 0 7 58 174 187 103 9 0 2 1 0 0 0 0 0 0 0 0 0 0 0 0 0 0 0 0 0 0 0 0 0 0 0 0 0 0 0 0 0 0 0 0 0 0 0 0 0 0 0 0 0 0 0 0 0 0 0 0 0 0 0 0 0 0 0 0 0 0 0 0 0 0 0 0 0 0 0 0 0 0 0 0 0 0 0 0 2 0 0 1 1 0 2 0 0 0 3 3 3 4 9 27 131 253 255 253 137 22 8 4 3 1 2 2 2 0 2 9 8 2 0 0 0 0 0 0 0 0 0 0 0 0 0 0 0 0 0 0 0 0 0 0 0 0 0 0 0 0 0 0 0 0 0 0 0 0 0 0 0 0 0 0 0 0 0 0 0 0 0 2 5 28 66 26 9 2 0 2 2 3 2 2 0 2 0 0 0 0 0 0 0 0 0 0 0 0 0 0 0 0 0 0 0 0 0 2 0 4 3 2 0 0 0 0 0 0 0 0 0 0 0 0 0 0 0 0 0 0 0 0 0 0 0 0 0 0 0 0 0 0 1 2 2 2 2 2 2 0 0 0 1 2 1 2 4 7 7 10 7 9 7 3 1 3 3 0 0 0 0 0 0 0 0 0 0 0 0 0 0 0 0 0 0 0 2 0 0 0 0 1 3 0 0 0 0 3 4 10 39 176 255 255 204 129 75 30 15 7 10 11 14 10 8 6 5 3 4 4 4 1 0 2 2 1 0 3 2 2 3 2 2 2 2 2 2 1 0 0 0 0 0 0 0 0 0 0 0 0 0 0 0 0 2 4 2 2 6 2 3 0 4 4 2 0 0 0 1 1 2 2 2 2 0 0 0 0 0 0 0 0 0 0 0 0 0 0 0 0 0 0 0 0 0 0 0 0 1 2 3 2 2 0 1 1 2 1 2 0 1 1 2 0 0 3 4 5 6 7 9 12 20 23 32 50 121 147 184 206 131 20 4 6 5 3 3 0 2 0 0 0 0 0 0 0 0 2 0 0 0 2 0 2 2 0 0 0 0 0 0 0 0 0 0 2 2 0
0 0 0 0 1 0 0 0 0 1 0 3 2 2 6 38 122 146 42 5 3 0 0 0 0 0 0 0 0 0 0 0 0 0 0 0 0 0 0 0 0 0 0 0 0 0 0 4 19 130 196 153 36 3 2 2 0 0 0 0 0 0 0 0 0 0 0 0 0 0 0 0 0 0 0 0 0 0 0 0 0 0 0 0 0 0 0 0 0 0 0 0 0 0 0 0 0 0 0 0 0 0 0 0 0 0 0 0 0 0 0 0 0 0 0 0 0 0 0 0 0 0 0 0 0 0 0 0 0 0 0 0 2 0 0 2 0 0 2 0 0 2 2 3 4 7 14 75 228 255 255 209 42 11 5 2 2 2 1 2 0 0 4 12 5 0 0 0 0 0 0 0 0 0 0 0 0 0 0 0 0 0 0 0 0 0 0 0 0 0 0 0 0 0 0 0 0 0 0 0 0 0 0 0 0 0 0 0 0 0 0 0 0 0 0 2 4 26 68 26 10 2 0 0 3 0 2 2 2 0 2 0 0 0 0 0 0 0 0 0 0 0 0 0 0 0 0 0 0 0 0 2 0 5 3 2 0 0 0 0 0 0 0 0 0 0 0 0 0 0 0 0 0 0 0 0 0 1 2 2 4 4 4 4 3 3 2 2 2 2 2 2 2 2 2 3 2 2 4 5 6 9 9 6 6 4 2 2 4 2 0 0 0 0 0 0 0 0 0 0 0 0 0 0 0 0 0 0 0 2 0 0 0 0 0 0 0 3 3 3 3 3 4 10 31 148 255 255 217 131 82 33 18 12 14 10 10 5 2 2 4 4 3 2 2 0 1 2 3 2 2 3 0 0 1 1 0 0 0 0 0 0 0 0 0 0 0 0 0 0 2 2 2 2 2 2 0 1 3 2 2 2 6 2 3 0 4 5 0 0 0 0 0 1 2 1 2 1 2 2 1 0 0 0 0 0 0 0 0 0 0 0 0 0 0 0 0 0 0 0 1 2 2 2 0 0 2 0 2 2 2 1 0 1 1 0 0 3 2 3 4 3 4 7 7 13 19 27 39 80 122 152 191 193 118 16 6 6 3 3 1 2 1 0 0 0 0 0 0 0 2 0 2 2 2 2 0 0 0 0 0 0 0 0 0 0 0 0 2 2 0 0
0 0 0 1 1 0 0 0 0 2 2 3 2 3 7 47 129 141 27 3 3 0 0 0 0 0 0 0 0 0 0 0 0 0 0 0 0 0 0 0 0 0 0 0 0 0 0 2 7 60 173 183 113 8 0 2 1 0 0 0 0 0 0 0 0 0 0 0 0 0 0 0 0 0 0 0 0 0 0 0 0 0 0 0 0 0 0 0 0 0 0 0 0 0 0 0 0 0 0 0 0 0 0 0 0 0 0 0 0 0 0 0 0 0 0 0 0 0 0 0 0 0 0 0 0 0 0 0 0 0 0 0 2 0 1 1 0 0 2 0 0 3 3 4 5 9 50 168 255 255 248 94 15 5 3 2 2 2 2 2 0 0 5 11 4 0 0 0 0 0 0 0 0 0 0 0 0 0 0 0 0 0 0 0 0 0 0 0 0 0 0 0 0 0 0 0 0 0 0 0 0 0 0 0 0 0 0 0 0 0 0 0 0 0 1 1 4 25 64 30 10 3 0 0 3 0 0 2 3 1 1 1 0 0 0 0 0 0 0 0 0 0 0 0 0 0 0 0 0 0 0 2 0 5 3 1 0 0 0 0 0 0 0 0 0 0 0 0 0 0 2 2 2 2 2 3 3 4 3 3 2 1 0 1 3 3 3 3 3 3 3 3 3 3 3 2 5 6 6 9 10 5 4 4 2 2 3 4 1 0 0 0 0 0 0 0 0 0 0 0 0 0 0 0 0 0 0 0 1 1 0 0 0 0 0 0 0 0 0 0 4 4 5 11 28 136 252 255 229 143 82 32 13 9 8 6 6 3 4 4 2 1 0 0 2 2 1 0 2 1 2 3 0 0 0 1 2 0 0 0 0 0 0 0 0 0 2 2 2 2 0 0 0 0 0 0 2 3 3 2 2 2 6 2 3 0 4 4 0 0 0 0 0 0 0 2 2 1 2 2 2 2 2 2 1 0 0 0 0 0 0 0 0 0 2 2 2 2 2 2 2 2 1 0 0 1 1 3 2 2 1 0 2 1 0 0 1 3 0 3 5 4 5 7 13 14 29 27 54 110 133 157 186 184 87 14 6 6 3 3 2 0 0 0 0 0 0 0 0 0 3 2 0 0 0 0 0 0 0 0 0 0 0 0 0 0 0 2 2 0 0 0
0 0 0 2 0 0 0 0 0 2 2 3 2 3 10 59 132 132 22 2 3 0 0 0 0 0 0 0 0 0 0 0 0 0 0 0 0 0 0 0 0 0 0 0 0 0 0 0 3 21 129 192 153 41 4 2 2 0 0 0 0 0 0 0 0 0 0 0 0 0 0 0 0 0 0 0 0 0 0 0 0 0 0 0 0 0 0 0 0 0 0 0 0 0 0 0 0 0 0 0 0 0 0 0 0 0 0 0 0 0 0 0 0 0 0 0 0 0 0 0 0 0 0 0 0 0 0 0 0 0 0 0 2 0 2 0 0 0 2 0 2 3 3 3 9 23 113 251 255 253 164 27 8 5 2 1 2 3 2 0 0 1 6 10 4 0 0 0 0 0 0 0 0 0 0 0 0 0 0 0 0 0 0 0 0 0 0 0 0 0 0 0 0 0 0 0 0 0 0 0 0 0 0 0 0 0 0 0 0 0 0 0 0 0 2 0 5 23 62 33 10 3 0 0 3 0 0 0 0 3 1 2 0 0 0 0 0 0 0 0 0 0 0 0 0 0 0 0 0 0 0 2 2 5 2 0 0 0 0 0 0 0 0 0 2 2 2 2 3 4 3 3 4 4 5 5 5 5 5 5 4 4 4 4 4 4 5 5 3 3 3 3 3 4 6 6 6 8 10 6 4 4 2 4 4 3 3 0 0 0 0 0 0 0 0 0 0 0 0 0 0 0 0 0 0 0 0 1 1 0 0 0 0 0 0 0 0 0 1 2 5 5 9 16 32 114 242 255 245 155 89 25 6 7 6 10 6 4 3 1 0 0 2 2 2 0 0 0 2 0 3 2 1 0 0 0 0 2 0 0 2 2 2 2 2 2 0 0 0 0 0 0 0 0 0 0 0 3 3 2 2 2 6 2 3 0 6 3 0 0 0 0 0 0 0 0 0 2 2 1 0 2 2 2 2 2 2 2 2 2 2 2 2 2 0 0 0 0 1 2 1 0 0 0 1 3 3 1 2 0 1 2 0 0 2 2 4 2 4 4 3 4 3 8 15 25 30 42 78 127 145 168 188 158 55 11 5 6 3 2 0 0 0 0 0 0 0 0 2 2 2 0 0 0 0 0 0 0 0 0 0 0 0 0 0 0 2 2 0 0 0 0
0 0 0 2 0 0 0 0 0 2 2 3 2 3 13 68 142 121 16 2 3 0 0 0 0 0 0 0 0 0 0 0 0 0 0 0 0 0 0 0 0 0 0 0 0 0 0 0 2 6 63 177 177 117 7 2 1 1 0 0 0 0 0 0 0 0 0 0 0 0 0 0 0 0 0 0 0 0 0 0 0 0 0 0 0 0 0 0 0 0 0 0 0 0 0 0 0 0 0 0 0 0 0 0 0 0 0 0 0 0 0 0 0 0 0 0 0 0 0 0 0 0 0 0 0 0 0 0 0 0 0 0 2 1 1 0 0 0 2 0 3 3 3 7 11 69 211 255 255 225 58 13 3 4 1 0 2 3 2 0 0 2 6 9 4 0 0 0 0 0 0 0 0 0 0 0 0 0 0 0 0 0 0 0 0 0 0 0 0 0 0 0 0 0 0 0 0 0 0 0 0 0 0 0 0 0 0 0 0 0 0 0 0 0 2 0 4 25 58 36 9 3 0 3 0 0 0 0 0 0 3 2 2 0 0 0 0 0 0 0 0 0 0 0 0 0 0 0 0 0 0 3 3 5 2 0 2 2 2 2 2 2 2 2 0 1 3 4 3 2 4 6 6 6 5 5 4 5 5 6 8 7 7 7 7 6 7 5 6 6 7 7 8 8 8 9 9 6 4 4 2 2 3 0 0 2 0 0 0 0 0 0 0 0 0 0 0 0 0 0 0 0 0 0 0 0 1 1 0 0 0 0 0 0 1 2 3 3 4 7 10 11 13 20 24 88 215 255 252 168 89 18 9 9 7 7 4 3 4 0 2 2 0 0 1 1 0 0 2 0 3 0 1 1 0 0 0 1 2 2 0 0 0 0 0 0 0 0 0 0 0 0 0 0 0 0 1 4 0 2 2 2 6 2 3 1 6 3 0 0 0 0 0 0 0 0 0 0 0 1 2 1 0 0 1 2 2 2 1 0 0 1 2 2 2 2 2 2 1 0 0 1 2 2 2 1 2 1 1 2 1 0 2 2 0 0 3 4 1 1 4 4 6 12 22 25 42 69 114 140 161 164 174 128 33 8 5 4 0 0 0 0 0 0 0 2 2 2 0 0 2 0 0 0 2 2 2 2 2 2 0 0 2 2 2 2 0 0 0 0 0 0
0 0 0 2 0 0 0 0 0 2 2 3 2 3 19 75 148 103 12 2 3 0 0 0 0 0 0 0 0 0 0 0 0 0 0 0 0 0 0 0 0 0 0 0 0 0 0 0 0 4 20 135 193 148 43 4 0 2 0 0 0 0 0 0 0 0 0 0 0 0 0 0 0 0 0 0 0 0 0 0 0 0 0 0 0 0 0 0 0 0 0 0 0 0 0 0 0 0 0 0 0 0 0 0 0 0 0 0 0 0 0 0 0 0 0 0 0 0 0 0 0 0 0 0 0 0 0 0 0 0 0 0 2 2 0 0 0 2 2 2 3 3 5 10 36 144 253 255 253 123 21 4 4 2 0 0 2 3 2 0 0 2 10 5 4 0 0 0 0 0 0 0 0 0 0 0 0 0 0 0 0 0 0 0 0 0 0 0 0 0 0 0 0 0 0 0 0 0 0 0 0 0 0 0 0 0 0 0 0 0 0 0 0 0 2 0 6 23 57 42 6 3 0 3 0 0 0 0 0 0 1 2 2 2 1 0 0 0 0 0 0 0 0 0 0 0 0 0 0 1 2 2 3 5 3 2 0 0 0 0 0 0 0 1 3 3 4 3 4 7 8 8 10 10 10 11 11 11 10 11 10 11 10 11 10 10 10 11 11 11 10 11 11 11 10 8 6 5 4 3 3 2 0 0 2 1 0 0 0 0 0 0 0 0 0 0 0 0 0 0 0 0 0 0 0 0 2 0 1 2 2 2 3 4 5 7 8 10 10 7 8 9 8 14 22 75 183 255 255 183 98 18 13 7 10 3 4 0 3 5 2 1 0 0 0 2 0 0 2 0 3 0 0 1 1 0 0 0 0 0 0 0 0 0 0 0 0 0 0 0 0 0 0 0 0 0 3 3 0 2 2 3 5 2 3 2 5 3 0 0 0 0 0 0 0 0 0 0 0 0 0 1 2 2 2 0 0 0 1 2 2 1 0 0 0 0 0 1 2 2 2 1 0 0 2 0 2 3 2 1 2 2 0 0 0 3 3 2 3 5 5 10 13 20 24 43 72 106 122 162 163 172 151 69 17 5 2 2 0 0 0 0 0 2 2 0 0 0 0 2 3 2 2 2 2 0 0 0 0 0 2 2 2 0 0 0 0 0 0 0 0 0
3 3 3 2 0 0 0 0 0 3 1 3 2 4 26 89 146 85 11 2 2 0 0 0 0 0 0 0 0 0 0 0 0 0 0 0 0 0 0 0 0 0 0 0 0 0 0 0 0 2 6 69 180 174 106 9 2 0 2 0 0 0 0 0 0 0 0 0 0 0 0 0 0 0 0 0 0 0 0 0 0 0 0 0 0 0 0 0 0 0 0 0 0 0 0 0 0 0 0 0 0 0 0 0 0 0 0 0 0 0 0 0 0 0 0 0 0 0 0 0 0 0 0 0 0 0 0 0 0 0 0 0 2 2 0 0 1 1 1 3 3 4 8 19 88 240 255 255 194 32 11 3 3 1 0 0 3 3 0 0 2 2 11 5 2 0 0 0 0 0 0 0 0 0 0 0 0 0 0 0 0 0 0 0 0 0 0 0 0 0 0 0 0 0 0 0 0 0 0 0 0 0 0 0 0 0 0 0 0 0 0 0 0 0 2 0 8 21 61 40 5 3 0 3 0 0 0 0 0 0 0 1 2 3 1 2 1 0 0 0 0 0 0 0 0 0 0 0 2 1 0 2 4 4 0 0 0 0 0 0 0 1 3 3 3 4 5 8 11 9 8 7 5 5 6 5 4 4 3 2 2 2 3 2 3 3 3 3 2 2 3 3 2 0 0 0 0 0 0 0 0 0 2 2 0 0 0 0 0 0 0 0 0 0 0 0 0 0 0 0 0 0 0 0 2 4 3 5 5 5 6 8 9 10 9 7 6 4 4 6 6 8 7 15 25 57 160 255 255 208 93 25 11 7 8 4 2 3 0 2 2 1 2 2 2 2 0 0 2 0 3 0 0 0 1 1 0 0 0 0 0 0 0 0 0 0 0 0 0 0 0 0 0 0 0 2 4 0 0 2 3 2 5 3 2 2 5 3 0 0 0 0 0 0 0 0 0 0 0 0 0 0 0 0 0 2 2 2 2 2 2 2 2 2 2 2 2 1 0 0 0 0 0 0 2 2 2 2 2 2 2 2 2 3 4 5 3 4 5 6 10 12 22 25 44 61 100 135 155 174 170 149 102 32 6 2 3 0 0 0 0 1 2 0 0 0 2 2 2 3 0 0 0 0 0 0 0 0 0 0 0 0 0 0 0 0 0 0 0 0 0 0
5 5 5 5 5 4 4 4 2 4 2 2 2 5 28 101 147 68 10 3 2 0 0 0 0 0 0 0 0 0 0 0 0 0 0 0 0 0 0 0 0 0 0 0 0 0 0 0 0 1 4 26 141 189 141 40 4 2 1 1 0 0 0 0 0 0 0 0 0 0 0 0 0 0 0 0 0 0 0 0 0 0 0 0 0 0 0 0 0 0 0 0 0 0 0 0 0 0 0 0 0 0 0 0 0 0 0 0 0 0 0 0 0 0 0 0 0 0 0 0 0 0 0 0 0 0 0 0 0 0 0 0 2 0 0 0 2 0 3 2 4 5 14 46 178 255 255 246 83 17 4 3 2 0 0 1 3 2 0 0 2 3 10 6 2 0 0 0 0 0 0 0 0 0 0 0 0 0 0 0 0 0 0 0 0 0 0 0 0 0 0 0 0 0 0 0 0 0 0 0 0 0 0 0 0 0 0 0 0 0 0 0 0 0 2 2 9 25 62 33 4 3 0 3 0 0 0 0 0 0 0 0 1 2 3 2 1 2 1 0 0 0 0 0 0 0 0 2 0 0 0 2 5 3 0 0 0 2 2 2 3 2 3 4 4 7 10 7 4 4 4 3 3 3 0 0 0 0 2 2 2 2 2 2 2 1 0 2 2 2 0 0 0 0 0 0 0 0 0 0 1 2 0 0 0 0 0 0 0 0 0 0 0 0 0 2 2 2 2 2 3 3 4 5 5 5 6 7 8 7 8 5 4 4 4 4 3 4 6 5 5 9 9 13 30 49 143 250 255 222 112 32 6 11 7 6 0 2 1 1 3 1 0 0 0 3 2 2 2 0 3 0 0 0 0 2 0 0 0 0 0 0 0 0 0 0 0 0 0 0 0 0 0 0 1 4 1 0 0 2 3 2 5 3 2 2 5 0 3 0 0 0 0 0 0 0 0 0 0 0 0 0 0 0 0 0 1 0 0 0 0 0 0 0 0 0 0 0 0 0 0 0 0 2 1 4 3 3 2 1 0 1 4 4 3 1 4 5 10 10 12 22 26 45 72 108 148 146 168 166 151 108 42 14 1 2 3 0 0 0 2 1 0 0 0 2 2 0 0 2 0 0 0 0 0 0 0 0 0 0 0 0 0 0 0 0 0 0 0 0 0 0
4 5 6 6 5 5 5 4 6 6 5 5 5 9 31 107 150 53 6 3 2 0 0 0 0 0 0 0 0 0 0 0 0 0 0 0 0 0 0 0 0 0 0 0 0 0 0 0 0 0 2 8 85 179 168 98 10 2 2 2 0 0 0 0 0 0 0 0 0 0 0 0 0 0 0 0 0 0 0 0 0 0 0 0 0 0 0 0 0 0 0 0 0 0 0 0 0 0 0 0 0 0 0 0 0 0 0 0 0 0 0 0 0 0 0 0 0 0 0 0 0 0 0 0 0 0 0 0 0 0 0 0 2 0 0 0 2 2 3 3 4 11 23 119 251 255 253 161 25 9 3 3 0 0 0 2 3 2 0 0 1 3 9 7 2 0 0 0 0 0 0 0 0 0 0 0 0 0 0 0 0 0 0 0 0 0 0 0 0 0 0 0 0 0 0 0 0 0 0 0 0 0 0 0 0 0 0 0 0 0 0 0 0 0 3 4 15 22 64 26 3 2 3 0 0 0 0 0 0 0 0 0 0 0 2 3 3 0 1 2 2 0 0 0 0 0 2 0 0 0 0 2 5 4 2 2 2 2 3 3 4 5 6 7 10 6 4 4 4 3 2 1 0 0 0 0 0 0 0 0 0 0 0 0 0 1 2 0 0 0 0 0 0 0 0 0 0 0 0 1 1 0 0 0 0 0 0 1 2 2 2 2 2 2 2 1 2 3 3 3 6 8 8 8 8 7 7 4 4 4 4 4 5 5 4 4 4 6 5 6 7 8 7 14 31 59 134 237 255 245 128 25 7 15 6 3 2 1 2 0 2 2 1 0 0 2 0 0 2 2 3 0 0 0 0 0 2 0 0 0 0 0 0 0 0 0 0 0 0 0 0 0 0 1 3 2 0 0 0 2 3 2 5 3 2 2 5 0 3 0 0 0 0 0 0 0 0 0 0 0 0 0 0 0 0 1 1 0 0 0 0 0 0 0 0 0 0 0 0 0 0 0 1 3 4 4 2 1 2 2 3 4 1 3 3 5 6 13 14 17 25 29 52 73 116 146 155 160 165 151 101 43 18 8 3 3 0 0 1 2 0 0 0 0 2 2 0 0 2 0 0 0 0 0 0 0 0 0 0 0 0 0 0 0 0 0 0 0 0 0 0 0
0 0 2 1 3 4 4 5 6 7 7 6 6 11 43 121 143 53 6 5 2 2 2 2 0 0 0 0 0 0 0 0 0 0 0 0 0 0 0 0 0 0 0 0 0 0 0 0 0 0 1 4 31 147 181 137 44 5 2 2 2 0 0 0 0 0 0 0 0 0 0 0 0 0 0 0 0 0 0 0 0 0 0 0 0 0 0 0 0 0 0 0 0 0 0 0 0 0 0 0 0 0 0 0 0 0 0 0 0 0 0 0 0 0 0 0 0 0 0 0 0 0 0 0 0 0 0 0 0 0 0 0 2 0 1 2 0 3 2 3 7 16 63 209 255 255 228 54 15 4 4 1 0 0 2 2 2 2 0 0 0 2 10 7 2 0 0 0 0 0 0 0 0 0 0 0 0 0 0 0 0 0 0 0 0 0 0 0 0 0 0 0 0 0 0 0 0 0 0 0 0 0 0 0 0 0 0 0 0 0 0 0 0 3 2 10 17 38 51 20 3 3 3 2 2 0 0 0 0 0 0 0 0 0 0 0 2 3 3 0 0 2 2 1 2 2 1 2 2 2 3 3 7 5 3 3 4 4 3 4 5 6 7 7 5 5 4 3 2 0 0 0 0 0 0 0 0 0 0 0 0 0 0 0 0 0 0 0 0 0 0 0 0 0 0 0 0 0 2 1 0 1 2 2 2 2 2 1 0 0 1 2 2 4 4 5 6 8 10 10 7 5 4 4 4 4 4 4 4 4 4 4 5 4 4 5 4 4 4 5 6 8 14 25 52 91 149 228 255 252 132 22 11 13 7 4 3 0 2 1 1 1 3 2 0 2 0 0 0 3 0 3 0 0 0 0 0 2 0 0 0 0 0 0 0 0 0 0 0 0 0 0 3 3 2 0 0 0 0 2 3 2 5 4 0 2 5 0 3 0 0 0 0 0 0 0 0 0 0 0 0 0 0 0 0 2 0 0 0 0 0 0 0 0 0 0 0 0 0 0 0 1 3 4 3 3 2 1 1 2 2 3 4 5 10 15 17 17 22 28 34 57 83 121 148 160 163 163 141 99 42 21 10 5 5 0 0 2 1 0 0 0 0 2 2 0 0 0 2 0 0 0 0 0 0 0 0 0 0 0 0 0 0 0 0 0 0 0 0 0 0 0
0 0 2 0 0 0 0 0 2 3 4 4 7 13 52 125 134 41 9 8 8 7 6 5 4 4 4 3 2 0 0 0 0 0 0 0 0 0 0 0 0 0 0 0 0 0 0 0 0 0 0 3 8 91 171 166 105 15 4 2 0 2 0 0 0 0 0 0 0 0 0 0 0 0 0 0 0 0 0 0 0 0 0 0 0 0 0 0 0 0 0 0 0 0 0 0 0 0 0 0 0 0 0 0 0 0 0 0 0 0 0 0 0 0 0 0 0 0 0 0 0 0 0 0 0 0 0 0 0 0 0 2 2 0 2 0 2 3 3 5 11 34 138 253 255 253 129 21 6 3 3 0 0 1 2 0 2 2 0 0 2 0 10 8 2 0 0 0 0 0 0 0 0 0 0 0 0 0 0 0 0 0 0 0 0 0 0 0 0 0 0 0 0 0 0 0 0 0 0 0 0 0 0 0 0 0 0 0 2 2 0 0 2 3 7 18 21 52 36 12 2 3 1 0 0 2 0 0 0 0 0 0 0 0 0 0 0 0 2 3 2 3 2 3 2 2 2 2 2 3 2 2 6 5 5 4 4 4 5 6 5 7 5 3 4 2 2 1 0 0 0 0 0 0 0 0 0 0 0 0 0 0 0 0 0 0 0 0 0 0 0 0 0 0 0 2 2 3 2 2 2 1 0 0 2 2 2 2 4 4 6 7 9 9 9 8 6 5 3 3 4 5 5 4 4 4 3 5 5 5 4 4 3 3 4 3 2 3 5 6 6 12 18 40 93 139 181 237 255 248 127 23 9 10 10 5 2 2 1 2 0 2 2 4 2 0 2 0 0 1 2 2 2 0 0 0 0 0 2 0 0 0 0 0 0 0 0 0 0 0 2 4 1 2 0 0 0 0 0 2 3 2 5 4 0 2 5 0 3 0 0 0 0 0 0 0 0 0 0 0 0 0 0 1 0 2 0 0 0 0 0 0 0 0 0 0 0 0 0 1 3 3 4 4 3 1 2 3 4 5 5 6 10 16 15 13 17 26 30 47 78 104 135 145 163 162 161 131 94 45 19 12 8 5 4 2 2 0 0 0 0 0 2 0 0 0 0 2 2 0 0 0 0 0 0 0 0 0 0 0 0 0 0 0 0 0 0 0 0 0 3 4
0 0 2 0 0 0 0 1 2 2 2 2 3 12 64 132 119 28 6 11 9 8 7 7 7 6 5 5 6 5 4 4 4 3 2 1 0 0 0 0 0 0 0 0 0 0 0 0 0 0 0 2 3 29 138 174 135 68 11 3 2 0 2 1 0 0 0 0 0 0 0 0 0 0 0 0 0 0 0 0 0 0 0 0 0 0 0 0 0 0 0 0 0 0 0 0 0 0 0 0 0 0 0 0 0 0 0 0 0 0 0 0 0 0 0 0 0 0 0 0 0 0 0 0 0 0 0 0 0 0 0 2 2 2 0 0 3 2 3 9 19 78 228 255 255 209 43 12 3 4 1 0 1 2 1 0 2 2 0 0 2 0 8 9 2 0 0 0 0 0 0 0 0 0 0 0 0 0 0 0 0 0 0 0 0 0 0 0 0 0 0 0 0 0 0 0 1 2 2 2 2 2 2 2 2 2 2 2 0 0 2 3 3 5 18 19 45 40 21 8 5 3 3 2 0 0 2 0 0 0 0 2 1 0 0 0 0 0 0 2 4 3 3 3 4 3 3 3 3 3 4 3 4 8 7 8 8 7 9 7 7 4 5 4 1 2 0 0 0 0 0 0 0 0 0 0 0 0 0 0 0 0 0 0 0 0 0 0 0 0 0 3 3 3 3 2 2 0 0 1 3 3 3 3 4 6 8 8 9 9 7 6 5 3 3 4 4 4 4 4 3 4 3 4 4 4 4 4 4 4 5 5 7 7 7 6 6 7 7 10 9 17 44 109 161 189 222 248 255 235 104 27 13 8 10 9 7 4 2 3 2 0 2 0 2 2 2 0 0 0 2 2 2 3 0 0 0 0 1 1 0 0 0 0 0 0 0 0 0 3 3 0 2 0 0 0 0 0 0 2 3 2 4 4 0 2 5 0 3 0 0 0 0 0 0 0 0 0 0 0 0 0 0 2 2 1 0 0 0 0 0 0 0 0 0 0 0 0 4 4 3 4 3 4 3 4 5 5 6 7 10 13 16 16 22 28 39 47 75 92 125 134 148 168 163 160 121 76 45 20 13 12 8 3 3 0 0 0 0 2 1 2 2 0 0 0 0 2 0 0 0 0 0 0 0 0 0 3 3 3 3 3 3 3 3 3 3 3 3 5 4 6
0 0 2 0 0 0 0 2 1 2 2 2 2 20 69 132 109 19 2 3 4 4 5 7 6 8 8 9 9 9 7 6 4 5 6 4 4 4 3 2 1 0 0 0 0 0 0 0 0 0 0 0 2 7 72 155 164 118 47 10 4 3 2 1 2 0 0 0 0 0 0 0 0 0 0 0 0 0 0 0 0 0 0 0 0 0 0 0 0 0 0 0 0 0 0 0 0 0 0 0 0 0 0 0 0 0 0 0 0 0 0 0 0 0 0 0 0 0 0 0 0 0 0 0 0 0 0 0 0 0 1 1 2 2 0 2 3 2 5 11 42 159 253 255 251 98 18 5 4 2 0 0 2 1 0 0 2 2 0 0 0 2 6 10 3 0 0 0 0 0 0 0 0 0 0 0 0 0 0 0 0 0 0 0 0 0 0 0 0 0 0 0 1 2 2 2 1 0 0 0 0 0 0 0 0 0 0 0 0 2 1 3 6 16 17 42 38 18 11 7 2 2 2 3 2 1 0 2 2 2 2 2 2 2 2 2 2 3 4 5 4 5 5 5 5 5 5 5 5 6 6 8 8 9 8 7 7 6 5 5 4 4 2 2 1 0 0 0 0 0 0 0 0 0 0 0 0 0 0 0 0 0 0 1 2 2 2 2 3 3 3 0 0 1 2 3 3 4 5 5 5 6 7 8 9 6 5 5 4 4 5 6 5 5 5 4 3 3 3 3 4 3 3 3 3 5 7 7 8 8 11 11 10 9 9 9 7 7 6 10 20 57 133 184 215 230 245 252 252 190 76 24 13 12 10 6 6 8 8 6 6 4 2 3 1 1 4 2 2 2 1 0 2 1 3 3 2 0 0 2 0 0 0 0 0 0 2 3 4 1 0 2 0 0 0 0 0 0 0 2 3 2 5 4 0 2 5 0 3 0 0 0 0 0 0 0 0 0 0 0 0 0 0 2 2 0 0 0 0 0 0 0 1 2 1 0 2 4 4 3 4 4 3 3 5 5 5 7 10 14 17 22 23 30 37 65 89 105 119 138 138 158 165 163 152 108 68 43 23 16 12 9 4 1 3 0 0 0 1 1 2 2 0 0 0 0 2 0 0 0 0 0 0 0 3 3 3 0 0 0 0 0 0 0 0 0 3 3 5 4 4 3
0 0 2 0 0 0 0 2 0 3 2 2 4 25 77 136 91 15 2 2 2 0 1 2 3 3 3 4 4 5 8 9 10 9 9 9 8 6 5 6 5 5 4 4 2 2 0 0 0 0 0 0 2 1 20 105 156 154 107 46 15 5 3 3 2 2 2 1 0 0 0 0 0 0 0 0 0 0 0 0 0 0 0 0 0 0 0 0 0 0 0 0 0 0 0 0 0 0 0 0 0 0 0 0 0 0 0 0 0 0 0 0 0 0 0 0 0 0 0 0 0 0 0 0 0 0 0 0 0 0 2 0 2 2 0 3 2 3 8 20 100 241 255 255 191 31 11 4 3 1 0 2 2 0 0 0 1 3 0 0 0 2 5 9 5 0 0 0 0 0 0 0 0 0 0 0 0 0 0 0 0 0 0 0 0 0 0 0 0 0 0 0 0 0 0 0 0 0 0 0 0 0 0 0 0 0 0 0 2 0 3 6 17 20 42 38 19 8 8 7 2 2 2 2 3 2 2 1 0 0 2 0 0 2 3 3 5 4 2 3 4 3 3 3 5 6 7 7 6 5 5 4 4 4 4 4 3 4 3 2 2 1 0 0 0 0 0 0 0 0 0 0 0 0 2 3 3 3 3 3 3 3 3 2 2 2 2 2 0 2 3 4 5 5 5 5 6 5 5 6 6 6 6 6 4 5 6 5 4 4 3 0 0 2 2 2 2 3 2 3 4 4 4 5 7 7 6 9 12 16 18 18 15 14 12 10 13 16 19 26 40 114 203 235 248 250 250 248 215 141 68 31 19 13 16 12 6 5 6 5 8 8 5 3 3 3 2 3 3 4 2 2 1 1 2 2 2 3 3 4 3 3 3 3 3 3 3 1 0 0 2 0 0 0 0 0 0 0 0 2 3 2 5 4 0 2 5 0 3 0 0 0 0 0 0 0 0 0 0 0 0 0 1 1 0 0 0 0 0 0 1 2 1 0 1 5 5 3 2 4 4 3 5 8 7 8 12 16 19 25 32 41 52 80 113 126 129 140 148 156 165 165 160 147 105 59 31 26 15 10 6 4 4 0 3 0 0 0 2 0 0 0 0 0 0 2 0 0 0 3 3 3 3 3 0 0 0 0 0 0 0 2 3 3 3 4 3 4 3 3 6 7
0 0 2 0 0 0 2 2 1 3 2 2 5 27 91 140 71 11 2 3 2 0 0 0 0 0 1 2 2 2 2 2 4 4 5 6 8 9 11 10 9 8 8 8 6 6 6 3 2 2 2 2 2 3 5 46 122 151 148 115 53 23 10 4 4 2 1 1 2 2 0 0 0 0 0 0 0 0 0 0 0 0 0 0 0 0 0 0 0 0 0 0 0 0 0 0 0 0 0 0 0 0 0 0 0 0 0 0 0 0 0 0 0 0 0 0 0 0 0 0 0 0 0 0 0 0 0 0 0 0 2 2 0 2 2 3 3 6 10 50 175 253 255 248 86 16 5 4 2 0 1 2 0 0 0 0 0 2 2 0 0 3 3 10 7 0 0 0 0 0 0 0 0 0 0 0 0 0 0 0 0 0 0 0 0 0 0 0 0 0 0 0 0 0 0 0 0 0 0 0 0 0 0 0 0 0 0 0 2 3 6 17 20 40 39 16 7 5 6 5 2 0 0 0 1 3 3 3 3 2 3 3 4 3 3 3 3 3 4 3 3 3 3 4 4 3 2 2 3 2 3 2 1 0 0 0 0 0 0 0 0 0 2 2 2 2 2 2 2 3 3 3 3 3 2 0 0 0 0 0 0 2 2 2 2 3 4 5 5 4 4 4 4 4 6 6 6 7 7 6 6 5 4 4 4 3 1 0 1 2 2 2 3 3 3 4 3 4 4 4 2 4 7 6 8 14 19 21 23 23 23 24 26 26 27 28 26 24 36 54 92 186 243 252 255 252 240 201 160 112 74 45 30 25 22 18 15 11 6 5 4 4 8 9 8 5 2 2 3 4 3 2 1 2 2 2 2 2 2 2 2 2 2 2 2 1 0 0 0 1 1 0 0 0 0 0 0 0 0 2 3 3 5 4 0 2 5 0 3 0 0 0 0 0 0 0 0 0 0 0 0 0 2 0 0 0 0 0 0 1 1 0 2 3 5 2 0 3 4 4 0 4 8 9 13 16 19 26 37 46 61 95 129 138 147 150 158 165 170 169 165 160 140 86 50 28 23 12 9 10 4 3 3 0 3 0 0 0 2 0 0 0 0 0 2 0 3 3 3 0 0 0 0 0 0 0 2 3 3 3 3 3 3 3 4 5 5 5 7 7 7 7
0 0 2 0 0 0 2 2 2 2 2 3 9 28 105 138 58 8 2 3 2 2 2 2 2 2 2 2 2 2 1 0 1 2 2 3 3 3 4 4 6 9 9 9 12 10 10 11 11 10 10 8 7 6 8 10 65 121 153 155 133 89 41 23 13 6 5 4 2 2 3 2 2 1 0 0 0 0 0 0 0 0 0 0 0 0 0 0 0 0 0 0 0 0 0 0 0 0 0 0 0 0 0 0 0 0 0 0 0 0 0 0 0 0 0 0 0 0 0 0 0 0 0 0 0 0 0 0 0 0 2 2 0 2 2 2 3 9 22 110 246 255 253 185 28 10 4 3 1 0 2 1 0 0 0 0 0 2 2 0 2 0 3 9 8 2 0 0 0 0 0 0 0 0 0 0 0 0 0 0 0 0 0 0 0 0 0 0 0 0 0 0 0 0 0 0 0 0 0 0 0 0 0 0 1 2 2 2 2 5 17 21 44 36 16 7 5 5 3 2 2 1 0 0 2 1 2 1 2 4 4 4 4 4 5 4 4 3 3 2 2 2 2 2 0 2 2 2 2 2 0 0 0 0 0 0 0 2 2 2 2 2 0 0 0 2 2 2 1 0 0 0 0 0 0 0 0 2 3 3 4 4 4 4 4 5 5 5 6 6 6 7 8 7 6 6 4 4 4 4 3 2 2 1 2 2 4 4 4 4 4 4 4 3 3 3 3 1 0 5 8 10 11 14 17 22 32 42 49 53 53 61 59 55 53 48 46 51 54 67 139 222 252 252 245 227 208 194 163 127 91 77 54 38 28 34 25 23 20 18 14 9 5 4 4 8 9 6 5 3 4 4 3 0 0 0 1 2 2 0 2 0 0 0 0 0 0 1 2 1 0 0 0 0 0 0 0 0 0 2 3 3 5 4 0 2 5 0 0 3 0 0 0 0 0 0 0 0 0 0 0 0 2 0 0 0 0 0 0 2 2 3 3 3 0 3 4 3 1 4 7 8 9 18 21 31 49 56 75 105 140 152 154 160 167 173 177 169 167 162 144 113 73 47 26 19 10 10 6 4 2 4 2 0 3 0 0 0 2 0 0 0 0 2 4 3 0 0 0 0 0 0 0 2 3 4 3 3 3 3 4 4 4 4 5 4 5 7 8 9 11 14
0 2 0 0 0 1 2 1 2 2 2 3 10 35 122 133 44 5 2 2 0 0 0 0 0 0 0 0 0 0 1 2 2 2 2 1 0 2 2 2 2 2 3 3 4 5 5 7 8 9 9 10 10 11 11 13 15 57 118 146 164 150 127 80 46 34 23 15 11 9 6 4 3 3 3 3 3 2 2 1 0 0 0 0 0 0 0 0 0 0 0 0 0 0 0 0 0 0 0 0 0 0 0 0 0 0 0 0 0 0 0 0 0 0 0 0 0 0 0 0 0 0 0 0 0 0 0 0 0 1 2 1 0 2 2 3 5 11 56 185 253 255 246 85 14 6 3 2 0 2 2 0 0 0 0 0 0 2 2 1 2 0 3 7 9 2 0 0 0 0 0 0 0 0 0 0 0 0 0 0 0 0 0 0 0 0 0 0 0 0 0 0 0 0 0 0 0 0 0 0 0 0 0 0 0 1 2 2 4 15 27 46 38 14 6 3 5 3 2 0 2 3 0 0 2 3 3 3 4 3 2 3 3 2 2 1 0 0 0 0 0 0 0 0 0 0 0 0 0 0 0 0 0 0 2 2 2 0 0 0 0 2 2 2 2 0 0 0 0 0 0 0 1 2 2 2 4 3 3 4 4 4 4 5 5 4 5 6 6 7 5 4 3 3 3 3 3 2 1 2 3 4 4 4 4 4 3 2 2 2 2 2 2 2 0 1 3 5 10 13 14 11 15 27 40 46 47 46 49 53 56 49 49 53 54 61 67 59 58 70 142 213 243 248 245 240 225 213 195 180 160 146 117 88 60 43 38 33 31 24 21 18 19 16 12 9 6 8 9 6 3 3 4 4 5 2 2 1 2 0 3 0 0 0 0 0 1 1 0 0 0 0 0 0 0 0 0 0 0 2 3 3 5 4 0 3 5 0 0 3 0 0 0 0 0 0 0 0 0 0 0 0 2 0 0 0 0 2 3 3 2 3 2 3 4 3 3 3 9 10 13 19 31 39 51 71 81 123 145 160 173 181 186 185 178 175 160 149 134 113 88 61 36 22 15 8 10 8 5 4 3 2 1 0 3 0 0 0 2 0 0 3 4 4 0 0 0 0 0 0 2 3 3 4 3 3 3 3 3 3 3 4 3 4 5 6 8 7 10 15 24 40
0 2 0 0 0 2 2 0 2 2 2 3 12 45 129 127 34 4 3 2 0 0 0 0 0 0 0 0 0 0 0 0 0 0 0 0 0 0 0 0 0 0 0 3 2 2 3 3 3 2 3 3 3 5 4 2 4 9 43 115 137 159 166 153 136 106 81 58 38 33 27 22 19 16 12 9 7 6 4 4 4 3 3 2 2 2 2 2 2 2 1 0 0 0 0 0 0 0 0 0 0 0 0 0 0 0 0 0 0 0 0 0 0 0 0 0 0 0 0 0 0 0 0 0 0 0 0 0 1 2 1 0 0 3 2 3 5 24 110 248 255 255 187 31 9 4 3 1 0 2 0 0 0 0 0 0 0 2 2 2 0 0 2 6 9 4 1 0 0 0 0 0 0 0 0 0 0 0 0 0 0 0 0 0 0 0 0 0 0 0 0 0 0 0 0 0 0 0 0 0 0 0 0 0 0 0 0 2 9 27 51 35 12 6 4 4 4 2 0 0 0 0 1 0 1 1 2 3 2 2 2 0 1 2 2 0 0 0 0 0 0 0 0 0 0 0 0 0 0 2 2 2 2 2 0 0 0 2 2 2 2 0 0 0 0 0 0 0 2 2 2 3 3 3 4 4 3 5 5 5 5 6 7 6 6 6 5 3 3 3 4 3 3 2 2 3 4 4 4 4 4 3 2 2 0 0 0 0 0 2 2 2 2 3 3 9 14 16 15 13 21 36 46 49 43 48 49 46 37 32 25 24 25 28 32 27 23 26 28 45 119 184 217 240 247 250 250 247 238 228 220 201 191 168 152 133 96 59 47 43 34 27 20 19 21 18 19 15 12 12 12 10 6 6 2 3 3 2 4 5 4 4 1 0 0 2 1 0 0 0 0 0 0 0 0 0 0 0 2 0 3 3 5 4 0 3 5 0 0 3 0 0 0 0 0 0 0 0 0 0 0 2 0 0 2 2 2 0 3 2 4 2 4 4 3 3 6 10 13 21 30 44 53 80 95 137 163 178 187 190 189 183 176 164 149 125 106 104 81 57 45 26 17 12 7 9 6 6 3 2 3 2 0 0 3 0 0 3 4 3 4 2 0 0 0 0 0 3 3 3 3 3 3 2 2 3 3 3 2 4 5 4 6 7 7 8 10 16 25 42 79 130
0 2 0 0 0 2 2 0 2 2 2 4 15 54 132 115 29 4 3 2 0 0 0 0 0 0 0 0 0 0 0 0 0 0 0 0 0 0 0 0 0 0 0 2 0 0 0 0 0 2 2 2 3 2 2 2 2 2 4 19 83 131 144 164 167 166 159 144 132 111 101 80 60 45 42 36 31 29 26 19 17 14 14 12 9 7 4 2 2 0 1 2 2 2 2 1 0 0 0 0 0 0 0 0 0 0 0 0 0 0 0 0 0 0 0 0 0 0 0 0 0 0 0 0 0 0 0 2 1 2 0 0 2 3 3 5 8 52 187 253 255 248 100 16 8 3 2 0 2 2 0 0 0 0 0 0 0 2 3 2 0 1 1 6 8 5 2 0 0 0 0 0 0 0 0 0 0 0 0 0 0 0 0 0 0 0 0 0 0 0 0 0 0 0 0 0 0 0 0 0 0 0 0 0 0 2 3 4 17 43 45 19 8 5 2 5 2 1 0 0 0 0 0 0 0 0 0 0 0 0 0 0 0 0 0 2 2 2 2 2 2 2 2 2 2 2 2 2 2 0 0 0 0 2 2 2 2 0 0 0 0 0 0 1 2 2 2 3 4 4 4 4 5 5 6 7 6 5 6 6 5 4 4 4 4 4 4 3 3 2 2 4 4 4 3 2 3 3 2 1 0 0 1 2 2 3 3 3 3 2 2 2 4 9 13 14 15 18 27 37 44 42 43 47 49 40 31 24 20 15 15 13 15 13 13 17 19 17 20 21 42 103 162 198 222 237 245 248 248 248 248 243 235 223 211 189 172 153 135 96 77 67 59 45 26 25 22 21 20 18 16 16 19 14 13 11 8 6 3 3 1 3 3 3 3 0 0 0 0 0 0 0 0 0 0 0 0 0 2 0 3 2 5 4 0 3 5 0 0 3 0 0 0 0 0 0 0 0 0 0 0 2 1 2 0 0 0 3 4 3 3 4 3 5 7 9 15 22 32 40 62 78 120 151 176 186 190 188 186 178 158 144 114 95 89 80 70 50 35 27 19 11 7 6 8 8 3 4 2 1 3 0 2 3 5 3 3 2 3 2 0 0 0 0 2 3 3 0 2 3 3 2 3 3 5 3 2 5 5 3 5 7 7 8 13 18 29 47 82 123 169 201
0 2 0 0 0 0 2 0 2 2 2 3 22 67 131 106 24 3 2 2 0 0 0 0 0 0 0 0 0 0 0 0 0 0 0 0 0 0 0 0 0 1 2 2 0 0 0 0 0 0 0 0 0 0 0 0 1 2 0 3 5 32 99 128 139 148 158 170 169 171 165 152 148 137 127 111 102 92 80 67 50 45 35 25 22 18 16 16 14 12 8 5 3 2 1 1 2 2 2 2 2 2 2 2 0 0 0 0 0 0 0 0 0 0 0 0 0 0 0 0 0 0 0 0 0 0 2 0 2 0 0 0 3 2 4 5 19 98 248 255 255 203 41 10 5 2 2 0 2 0 0 0 0 0 0 0 0 2 3 0 0 2 0 5 9 5 2 0 0 0 0 0 0 0 0 0 0 0 0 0 0 0 0 0 0 0 0 0 0 0 0 0 0 0 0 0 0 0 0 0 0 0 0 0 0 2 3 3 22 64 34 8 8 2 4 3 1 0 0 0 0 0 0 0 0 0 0 0 0 0 0 0 0 0 0 0 0 0 0 0 0 0 0 0 0 0 0 0 1 2 2 2 2 0 0 0 0 0 0 0 0 2 2 3 4 4 5 5 5 6 5 6 6 6 6 4 5 4 4 4 5 4 4 3 2 2 3 4 4 4 3 2 2 4 4 3 2 2 2 2 2 2 2 2 1 0 0 0 0 2 6 7 10 13 17 21 26 41 46 47 44 50 49 39 30 20 13 11 7 6 5 5 4 5 4 5 6 9 10 13 18 23 54 94 130 150 177 207 227 237 245 248 248 248 245 237 223 209 185 163 151 134 111 96 101 84 71 59 54 44 28 19 14 17 16 17 13 10 10 7 6 6 6 3 2 2 0 0 0 0 0 0 0 0 0 0 0 0 2 2 3 2 5 4 0 3 5 0 2 2 0 0 0 0 0 0 0 0 0 0 0 3 2 0 0 1 3 4 4 4 5 5 8 12 18 23 34 44 62 92 133 166 186 194 194 192 182 175 154 128 105 84 71 57 46 33 24 23 18 11 8 6 9 7 5 1 3 3 5 5 4 3 2 0 3 2 2 2 0 2 0 0 2 3 2 0 2 3 3 3 3 3 3 5 5 7 7 5 10 13 15 18 24 30 41 62 97 134 167 201 205 191
0 2 0 0 0 0 2 0 2 2 2 6 22 84 136 80 17 2 2 2 0 0 0 0 0 0 0 0 0 0 0 0 0 0 0 0 0 0 0 0 0 2 0 0 0 0 0 0 0 0 0 0 0 0 0 0 0 0 2 2 2 3 6 34 81 123 131 132 148 145 154 165 167 173 171 173 167 160 152 152 145 136 127 119 98 75 64 45 32 24 20 20 16 14 12 9 6 4 3 2 2 0 0 0 2 2 2 2 1 0 0 0 0 0 0 0 0 0 0 0 0 0 0 0 0 1 1 0 2 0 0 2 2 3 4 9 38 173 253 255 253 129 17 9 3 3 1 2 1 0 0 0 0 0 0 0 0 2 2 0 0 2 0 4 9 6 2 0 0 0 0 0 0 0 0 0 0 0 0 0 0 0 0 0 0 0 0 0 0 0 0 0 0 0 0 0 0 0 0 0 0 0 0 0 0 2 3 4 26 69 29 10 4 4 4 2 0 0 0 0 0 0 0 0 0 0 0 0 0 0 0 0 0 0 0 0 0 0 0 0 0 0 0 0 0 2 2 2 1 0 0 0 0 0 0 0 1 2 4 4 4 5 6 5 5 5 5 4 4 4 5 4 4 4 4 4 4 5 4 3 2 3 4 4 4 4 3 3 4 4 4 3 3 0 0 0 0 0 0 0 2 2 0 0 0 0 2 5 5 6 5 12 18 21 34 47 58 56 47 49 52 35 24 15 10 7 5 4 3 4 5 4 4 4 4 5 6 5 4 5 4 10 16 18 25 46 77 94 142 166 191 211 216 237 245 247 243 240 230 221 207 192 175 165 148 130 116 104 94 83 85 74 60 39 33 28 28 26 20 18 15 11 6 6 6 3 0 2 0 0 0 0 0 0 0 0 0 0 2 2 3 2 5 4 0 3 5 0 3 0 0 0 0 0 0 0 0 0 0 0 2 3 0 0 0 3 3 5 5 6 6 13 18 24 30 49 75 109 150 180 196 200 198 185 174 162 145 106 89 68 51 37 30 27 25 22 21 10 10 9 9 11 7 6 5 5 4 3 4 2 0 0 0 0 4 2 0 0 0 2 2 3 2 2 2 3 5 4 5 5 6 7 7 7 10 13 15 20 23 30 35 45 62 89 114 150 179 200 204 193 162 122
0 2 0 0 0 2 0 0 3 2 2 8 29 99 133 69 11 2 2 2 0 0 0 0 0 0 0 0 0 0 0 0 0 0 0 0 0 0 0 0 0 2 0 0 0 0 0 0 0 0 0 0 0 0 0 0 0 0 0 0 0 2 2 3 5 12 29 63 81 116 125 134 137 141 152 149 152 159 167 173 177 173 171 167 163 155 145 134 127 108 79 55 46 30 21 18 18 15 15 12 8 6 5 5 5 3 2 2 2 2 2 2 2 1 0 0 0 0 0 0 0 0 0 0 0 2 0 0 2 0 2 2 2 4 5 15 83 241 255 255 228 51 13 7 2 2 2 2 0 0 0 0 0 0 0 0 0 2 2 0 0 2 0 3 9 7 2 0 0 0 0 0 0 0 0 0 0 0 0 0 0 0 0 0 0 0 0 0 0 0 0 0 0 0 0 0 0 0 0 0 0 0 0 0 0 2 4 3 27 67 29 11 4 4 2 3 0 0 0 0 0 0 0 0 0 0 0 0 0 0 0 0 0 0 0 0 0 0 0 0 0 2 2 2 2 0 0 0 0 0 0 0 2 2 3 4 5 6 6 5 5 5 4 4 5 4 4 5 5 4 4 4 4 4 4 4 3 2 3 3 4 3 1 2 3 3 2 2 0 0 0 0 0 0 0 0 0 0 2 2 0 0 0 0 2 4 5 4 5 12 22 28 33 46 52 51 35 36 41 29 15 10 9 6 6 6 6 6 7 6 5 3 3 6 5 4 3 2 2 3 5 5 11 15 15 19 22 36 42 55 82 124 157 175 193 216 235 240 245 243 238 230 223 209 207 201 192 186 164 156 143 126 105 100 79 65 55 45 42 36 34 24 22 12 7 7 5 2 0 0 0 0 0 0 0 0 0 0 2 2 3 2 5 4 2 2 5 0 3 0 0 0 0 0 0 0 0 0 0 0 2 3 1 2 3 3 9 7 7 11 23 29 40 56 95 139 161 186 200 206 200 186 160 155 135 98 68 51 32 26 24 22 20 16 14 10 8 9 9 7 6 5 4 3 4 2 1 2 5 2 2 2 2 4 0 0 0 0 3 4 3 3 3 3 5 5 3 5 6 8 8 11 16 23 32 36 46 52 54 66 86 119 138 161 187 198 200 190 164 127 79 52
0 2 0 0 0 2 0 2 2 2 2 9 34 116 129 60 8 3 3 0 0 0 0 0 0 0 0 0 0 0 0 0 0 0 0 0 0 0 0 0 0 2 0 0 0 0 0 0 0 0 0 0 0 0 0 0 0 0 0 0 0 0 0 0 0 0 3 5 5 7 18 32 52 70 81 110 122 126 132 132 134 143 145 154 160 167 173 173 167 162 152 143 129 117 99 78 53 38 26 26 24 22 18 16 12 13 9 6 5 5 5 5 4 4 3 2 2 2 2 2 1 0 0 0 2 0 0 0 2 1 2 2 3 4 6 27 153 253 255 253 168 25 10 4 2 2 2 0 0 0 0 0 0 0 0 0 2 2 0 2 2 0 0 2 8 8 2 0 0 0 0 0 0 0 0 0 0 0 0 0 0 0 0 0 0 0 0 0 0 0 0 0 0 0 0 0 0 0 0 0 0 0 0 0 0 2 4 8 18 70 33 11 5 4 0 3 0 0 0 0 0 0 0 0 0 0 0 0 0 0 0 0 0 0 0 0 0 0 2 2 2 0 0 0 0 0 0 1 2 3 4 5 6 7 6 5 4 3 4 4 5 4 6 6 4 4 4 4 4 4 4 3 2 3 4 4 4 4 4 3 3 3 3 2 0 0 0 0 0 0 0 0 0 0 2 2 2 2 0 0 0 0 4 4 4 4 7 11 21 31 34 41 56 54 43 40 34 20 15 10 6 6 5 5 5 3 3 2 0 0 2 4 4 1 2 2 3 3 4 4 4 4 2 6 9 12 14 18 19 24 33 48 65 98 132 157 179 201 223 235 243 247 247 247 243 240 235 223 223 216 206 196 185 170 153 139 118 99 70 56 39 39 37 34 23 15 10 5 2 0 0 0 0 0 0 0 0 0 2 2 3 2 5 4 2 2 4 0 3 0 0 0 0 0 0 0 0 0 0 0 3 2 2 3 5 9 10 14 24 34 43 72 119 154 174 188 202 206 200 180 155 130 109 68 40 30 22 20 19 19 17 16 14 12 9 8 7 7 5 6 5 2 3 2 3 2 1 2 3 0 0 0 0 3 0 2 3 4 3 4 2 3 5 4 3 6 7 7 12 18 24 33 41 47 63 77 105 126 155 166 176 182 199 199 200 188 159 125 79 50 42 29
0 2 0 0 0 2 0 2 2 3 2 10 44 129 120 49 7 2 3 0 0 0 0 0 0 0 0 0 0 0 0 0 0 0 0 0 0 0 0 0 0 2 0 0 0 0 0 0 0 0 0 0 0 0 0 0 0 0 0 0 0 0 0 0 0 0 0 0 0 0 0 0 2 4 4 7 13 20 27 38 51 65 91 107 124 132 137 146 154 160 172 175 172 165 151 137 135 131 116 90 76 64 51 36 31 23 23 22 20 16 13 11 9 8 8 7 5 5 5 4 3 3 2 2 2 2 1 0 2 2 2 2 3 5 10 56 219 255 255 249 93 14 8 2 3 2 1 0 0 0 0 0 0 0 0 0 2 0 1 1 2 0 0 2 9 8 2 0 0 0 0 0 0 0 0 0 0 0 0 0 0 0 0 0 0 0 0 0 0 0 0 0 0 0 0 0 0 0 0 0 0 0 0 0 0 3 7 13 11 68 44 12 5 2 0 3 0 0 0 0 0 0 0 0 0 0 0 0 0 0 0 0 0 1 2 3 3 3 1 0 0 0 0 1 3 4 4 5 6 5 6 5 4 3 3 4 5 5 4 4 4 4 2 2 3 4 4 3 3 3 4 4 4 3 2 3 2 2 0 0 0 0 0 0 0 0 0 0 0 0 1 2 2 2 0 0 0 0 0 0 4 4 2 3 5 11 18 24 38 43 59 55 40 34 28 15 12 11 5 5 5 4 3 4 3 4 3 3 4 4 3 3 3 2 2 1 0 0 0 2 0 0 2 4 5 7 9 6 10 11 11 16 23 31 46 71 106 141 161 188 205 223 235 243 247 248 248 250 248 248 248 243 238 223 216 198 186 172 153 141 116 96 60 48 41 25 21 11 5 2 0 0 0 0 0 0 0 0 2 2 3 2 5 4 2 4 3 0 3 0 0 0 0 0 0 0 0 0 0 0 4 2 4 5 7 23 29 33 62 99 149 169 190 199 202 204 194 179 150 117 80 56 38 31 24 22 20 19 16 13 10 8 7 6 6 8 7 6 5 3 3 4 2 3 1 0 2 2 2 0 0 0 5 4 5 4 3 2 2 3 5 4 4 5 7 7 17 28 40 50 75 100 127 155 170 187 190 195 195 194 200 204 194 178 149 116 80 48 36 28 18 17
0 2 0 0 0 2 0 2 2 2 5 12 52 130 117 40 4 4 2 0 0 0 0 0 0 0 0 0 0 0 0 0 0 0 0 0 0 0 0 0 2 0 0 0 0 0 0 0 0 0 0 0 0 0 0 0 0 0 0 0 0 0 0 0 0 0 0 0 0 0 0 0 0 0 0 0 0 0 2 2 3 5 8 12 17 30 44 65 86 116 128 138 151 158 167 177 173 167 160 146 136 135 128 124 110 97 75 59 47 36 27 25 21 19 17 16 18 14 12 11 11 9 7 7 7 5 5 5 5 3 3 3 4 4 17 120 251 253 255 220 39 11 5 2 3 2 0 0 0 0 0 0 0 0 0 0 2 0 2 0 2 0 0 2 10 7 2 0 0 0 0 0 0 0 0 0 0 0 0 0 0 0 0 0 0 0 0 0 0 0 0 0 0 0 0 0 0 0 0 0 0 0 0 3 6 8 9 10 9 53 52 19 5 2 0 3 0 0 0 0 0 0 0 0 0 0 0 0 0 0 0 2 3 2 2 0 0 2 2 3 3 4 4 4 5 4 6 5 4 3 2 3 4 5 6 5 4 4 2 2 3 3 4 4 4 4 4 4 4 4 3 2 2 2 1 0 0 0 0 0 0 0 0 0 0 0 0 0 1 2 1 0 0 0 0 0 0 1 4 6 5 5 7 10 20 30 35 48 52 47 39 36 23 15 10 7 7 5 7 5 5 4 5 4 3 3 4 4 3 3 2 2 3 3 3 2 2 2 2 2 1 0 2 3 5 2 3 5 8 7 10 9 10 15 17 24 43 58 75 107 138 152 167 178 194 207 214 221 226 235 240 245 248 248 245 240 235 226 216 200 187 165 149 125 98 66 47 19 10 3 3 1 0 0 0 0 0 0 2 2 3 2 5 4 2 5 2 0 3 0 0 0 0 0 0 0 0 0 0 0 5 5 8 13 34 49 79 132 157 186 193 197 200 197 192 170 145 97 69 45 36 26 22 21 19 17 15 10 10 9 8 8 9 9 7 5 4 3 4 4 4 2 3 3 2 3 4 5 5 5 5 6 4 3 0 0 2 3 5 4 3 5 9 12 24 38 61 91 134 164 182 193 200 200 200 194 193 193 188 186 167 150 125 93 59 37 30 29 24 18 13 8
0 2 0 0 0 2 2 2 2 3 5 19 67 127 108 30 4 3 2 0 0 0 0 0 0 0 0 0 0 0 0 0 0 0 0 0 0 0 0 0 2 0 0 0 0 0 0 0 0 0 0 0 0 0 0 0 0 0 0 0 0 0 0 0 0 0 0 0 0 0 0 0 0 0 0 0 0 0 0 0 0 0 0 0 2 3 4 6 7 14 25 43 70 103 128 135 145 155 160 175 179 173 171 158 149 138 135 135 130 124 112 93 73 55 44 33 28 24 19 17 16 16 17 14 12 13 13 8 8 9 5 7 7 6 27 178 253 254 254 165 22 10 3 3 3 0 0 0 0 0 0 0 0 0 0 2 2 1 1 1 1 0 1 3 11 4 2 0 0 0 0 0 0 0 0 0 0 0 0 0 0 0 0 0 0 0 0 0 0 0 0 0 0 0 0 0 0 0 0 0 2 5 7 8 6 7 5 6 9 35 65 27 6 1 1 3 0 0 0 0 0 0 0 0 0 0 0 0 1 3 3 2 2 2 2 2 3 3 3 4 5 5 7 6 4 4 2 2 4 6 6 5 4 3 2 3 4 4 5 5 5 4 4 3 2 2 2 2 2 0 0 0 0 0 0 0 0 0 0 0 2 2 2 2 2 2 2 2 1 0 0 0 0 0 0 2 3 6 5 5 8 13 21 30 35 38 47 44 35 35 22 11 12 8 7 7 5 6 4 3 4 4 2 3 2 1 0 0 0 0 1 2 2 2 2 3 2 2 2 2 2 2 3 4 5 5 5 5 4 4 6 10 11 10 12 15 18 22 33 47 59 74 103 128 136 145 152 168 186 194 204 214 223 238 243 248 248 248 245 243 238 229 217 195 172 137 91 56 20 8 2 1 1 0 0 0 0 0 2 2 4 1 5 3 2 5 2 0 3 0 0 0 0 0 0 0 0 2 2 2 4 9 19 50 100 150 177 194 202 200 204 199 180 161 138 84 53 37 29 23 17 16 14 11 9 7 5 4 5 6 5 3 1 0 1 4 5 4 4 4 3 4 5 6 5 4 5 3 0 0 2 2 2 2 4 4 5 5 7 8 10 15 28 47 81 134 169 193 200 199 197 194 191 184 170 162 154 142 124 103 87 64 53 47 40 33 23 16 9 8 7 7
0 2 0 0 0 2 2 2 2 2 7 26 74 135 80 27 4 3 0 0 0 0 0 0 0 0 0 0 0 0 0 0 0 0 0 0 0 0 0 0 1 0 0 0 0 0 0 0 0 0 0 0 0 0 0 0 0 0 0 0 0 0 0 0 0 0 0 0 0 0 0 0 0 0 0 0 0 0 0 0 0 0 0 0 0 0 0 1 2 3 4 4 5 10 19 30 55 75 109 119 132 144 149 157 167 172 175 170 166 153 146 139 139 139 134 115 99 87 75 66 49 43 35 29 25 19 15 18 14 14 15 9 10 12 54 236 254 255 251 92 16 7 2 4 2 0 0 0 0 0 0 0 0 0 0 2 2 1 1 2 1 2 3 8 10 4 4 3 3 0 0 0 0 0 0 0 0 0 0 0 0 0 0 0 0 0 0 0 0 0 0 0 0 0 0 0 0 0 3 5 7 7 6 4 5 5 5 6 10 19 76 31 8 0 2 0 3 0 0 0 0 0 0 0 1 2 2 3 2 1 3 3 3 3 3 6 5 6 7 5 4 4 2 3 4 6 5 6 4 2 2 3 4 4 6 6 5 4 4 3 2 2 2 2 2 1 0 0 0 0 0 0 0 0 0 1 2 2 2 2 0 0 0 0 0 0 0 0 0 0 0 0 0 1 2 4 6 7 10 17 24 29 30 38 44 41 45 40 26 13 11 10 7 9 5 6 5 4 3 3 2 2 2 0 0 0 0 0 1 2 2 1 0 0 0 0 0 1 2 1 2 2 3 4 4 3 3 3 2 3 3 2 5 6 7 8 9 10 16 19 22 28 33 46 63 74 81 83 93 108 137 155 168 180 194 212 221 232 240 243 245 248 245 245 233 210 171 121 45 16 4 0 2 0 0 0 0 0 2 2 4 2 5 2 2 5 0 0 3 0 0 0 0 0 0 0 0 2 0 0 9 15 71 150 187 208 215 212 202 192 168 150 114 72 40 28 22 15 14 13 10 7 7 8 6 6 6 7 6 5 6 6 5 6 6 5 4 4 3 3 3 2 2 0 3 3 0 0 0 3 4 3 2 3 4 6 6 8 9 20 41 58 96 150 184 200 200 193 185 176 165 152 136 118 100 90 68 57 48 37 30 29 26 20 20 20 12 11 11 7 5 4
0 2 0 0 0 2 0 2 2 3 9 29 87 134 71 20 4 3 0 0 0 0 0 0 0 0 0 0 0 0 0 0 0 0 0 0 0 0 0 0 0 0 0 0 0 0 0 0 0 0 0 0 0 0 0 0 0 0 0 0 0 0 0 0 0 0 0 0 0 0 0 0 0 0 0 0 0 0 0 0 0 0 0 0 0 0 0 0 0 0 1 2 2 0 2 3 4 6 11 21 30 47 68 94 113 125 135 137 148 155 168 174 172 168 162 157 146 139 133 126 122 104 87 78 72 68 57 55 48 36 30 27 25 26 121 254 254 255 236 43 12 6 2 4 0 0 0 0 0 0 0 0 0 0 2 0 2 0 2 2 2 3 6 8 6 3 3 0 0 3 3 0 0 0 0 0 0 0 0 0 0 0 2 0 0 0 0 0 0 0 0 0 0 0 0 2 3 5 7 7 5 3 5 7 5 3 5 7 8 16 72 43 11 1 2 0 3 0 0 0 0 2 3 3 3 3 2 4 4 4 4 5 5 6 6 4 4 4 2 2 3 5 6 5 4 2 3 3 4 5 5 6 5 4 2 0 0 0 0 0 0 0 0 0 0 0 0 0 0 0 0 0 1 2 2 1 0 0 0 0 0 0 0 0 0 0 0 0 0 0 0 0 1 1 3 8 13 24 30 37 34 33 45 47 44 44 28 13 11 10 9 8 6 4 4 3 3 1 1 2 2 1 0 0 0 1 2 2 1 0 0 0 0 0 0 0 0 0 0 1 2 1 0 0 3 2 2 2 4 4 4 4 4 6 5 5 6 7 7 8 9 10 14 15 19 24 36 48 58 63 71 76 87 96 119 143 157 181 200 214 224 233 241 240 243 238 229 193 118 29 6 2 1 2 2 0 0 0 2 2 4 4 4 2 2 5 0 0 3 0 0 0 0 0 0 0 0 2 0 1 9 43 156 205 214 202 187 176 152 116 80 49 33 20 15 16 13 11 10 9 8 9 10 6 7 6 6 5 3 3 2 3 4 3 3 1 0 0 0 0 0 0 3 3 0 0 2 3 4 3 3 4 5 7 6 11 18 30 49 66 103 159 186 199 200 186 165 150 131 115 98 81 66 53 44 36 35 25 20 15 12 11 10 13 11 15 14 10 8 6 5 3
0 2 0 0 0 2 2 2 2 4 8 34 99 134 63 13 4 2 0 0 0 0 0 0 0 0 0 0 0 0 0 0 0 0 0 0 0 0 0 0 0 0 0 0 0 0 0 0 0 0 0 0 0 0 0 0 0 0 0 0 0 0 0 0 0 0 0 0 0 0 0 0 0 0 0 0 0 0 0 0 0 0 0 0 0 0 0 0 0 0 0 0 0 2 2 2 0 2 1 2 2 3 5 9 16 29 39 65 80 104 117 127 139 141 150 159 168 174 174 170 166 157 152 136 123 117 114 104 92 90 81 75 58 69 182 254 254 254 193 23 12 3 0 4 0 0 0 0 0 0 0 0 0 0 2 0 2 0 2 4 5 9 9 8 4 3 3 1 0 0 0 3 0 0 2 2 2 2 1 2 2 2 0 2 2 2 2 2 0 0 0 0 2 3 4 5 7 7 5 6 7 6 4 3 3 3 3 3 7 14 60 49 14 5 2 0 3 2 3 3 3 3 2 3 3 4 5 6 5 6 5 4 4 4 3 3 5 5 5 5 5 3 3 3 4 4 5 5 4 4 3 0 0 0 0 0 0 0 0 0 0 0 2 2 2 2 2 2 2 2 2 2 1 0 0 0 0 0 0 0 0 0 0 0 0 0 0 0 0 0 0 0 2 2 10 21 30 39 42 43 45 49 45 42 33 18 9 11 10 7 5 3 3 3 4 2 3 2 2 1 0 0 0 1 2 1 0 0 0 0 0 0 0 0 0 0 0 0 0 0 0 1 2 1 2 2 2 1 0 0 0 0 2 0 4 5 5 6 7 6 6 9 11 10 9 9 9 14 16 20 29 39 47 55 66 75 87 95 108 138 159 185 205 217 224 229 231 231 185 69 14 3 0 3 0 2 1 0 2 3 3 5 3 2 2 5 0 0 3 0 0 0 0 0 0 0 0 2 0 4 13 99 212 212 188 158 131 74 57 42 24 19 16 16 13 9 10 11 9 9 6 5 3 3 3 3 2 2 2 2 2 3 3 4 4 2 2 2 2 2 4 4 4 3 4 4 5 6 6 6 7 10 15 21 29 43 52 76 124 165 189 199 198 180 156 134 108 83 72 55 40 32 25 22 20 17 14 12 9 11 9 9 7 8 10 11 12 11 9 8 4 2
0 2 0 0 0 0 2 2 3 4 13 36 112 129 52 11 4 2 0 0 0 0 0 0 0 0 0 0 0 0 0 0 0 0 0 0 0 0 0 0 0 0 0 0 0 0 0 0 0 0 0 0 0 0 0 0 0 0 0 0 0 0 0 0 0 0 0 0 0 0 0 0 0 0 0 0 0 0 0 0 0 0 0 0 0 0 0 0 0 0 0 0 0 0 0 0 2 2 2 1 0 0 0 0 2 2 2 4 5 10 16 23 32 54 79 105 125 129 137 150 157 168 172 178 178 174 166 155 145 136 131 119 106 131 239 254 254 254 140 16 9 2 3 2 0 0 0 0 0 0 0 0 0 2 0 0 2 2 3 8 10 7 8 5 3 0 3 2 2 2 3 2 4 3 3 3 3 3 3 3 3 3 3 3 3 3 3 3 4 5 6 7 6 6 9 8 7 7 7 4 3 4 4 3 2 2 3 5 7 13 43 63 19 6 1 3 4 3 3 3 3 4 4 5 5 5 5 3 3 3 3 4 4 5 6 5 4 3 3 4 3 4 4 5 4 4 0 0 0 0 0 0 0 0 0 0 0 0 0 1 2 2 0 0 0 0 0 0 0 0 0 0 0 0 0 0 0 0 0 0 0 0 0 0 0 0 0 0 0 0 0 0 2 7 23 47 59 55 53 45 42 39 33 21 14 13 12 6 4 3 2 2 2 1 1 3 3 1 0 0 0 0 2 1 0 0 0 0 0 0 0 0 0 0 0 0 0 0 0 0 0 0 0 1 2 1 0 0 0 0 2 2 2 3 2 2 3 3 3 4 2 4 3 5 7 7 7 6 9 10 10 15 20 25 28 32 46 68 80 75 97 106 147 159 197 217 224 240 221 118 24 6 2 3 0 0 2 0 2 3 3 5 4 1 2 5 0 0 3 0 0 0 0 0 0 0 0 2 0 6 23 156 228 199 144 79 59 33 26 21 19 17 14 13 12 13 10 6 4 5 4 5 3 4 4 2 2 2 2 2 2 1 2 2 2 4 4 4 4 5 4 4 6 6 6 8 10 10 13 17 24 27 36 48 71 96 142 158 194 195 190 170 143 120 83 68 61 47 34 27 21 18 15 12 8 7 6 7 7 6 9 8 7 6 5 5 5 8 12 11 9 6
0 1 1 0 0 0 2 2 2 4 17 42 119 123 50 7 4 2 0 0 0 0 0 0 0 0 0 0 0 0 0 0 0 0 0 0 0 0 0 0 0 0 0 0 0 0 0 0 0 0 0 0 0 0 0 0 0 0 0 0 0 0 0 0 0 0 0 0 0 0 0 0 0 0 0 0 0 0 0 0 0 0 0 0 0 0 0 0 0 0 0 0 0 0 0 0 0 0 0 1 2 2 2 0 0 0 0 0 0 0 1 2 2 4 5 8 14 27 39 53 73 94 116 124 136 143 153 161 168 166 156 157 150 167 254 254 254 252 70 13 5 2 4 1 0 0 0 0 0 0 0 0 0 2 0 0 3 4 9 8 8 8 4 5 5 5 5 4 6 4 3 3 3 3 0 0 2 3 3 3 4 4 3 3 4 5 5 5 5 4 5 5 7 8 5 4 4 3 2 3 3 2 1 2 2 2 2 3 7 10 31 64 31 9 4 5 6 5 5 6 5 6 6 4 4 4 3 4 5 5 5 6 5 4 4 4 4 5 5 4 4 2 1 0 0 0 0 0 0 0 0 0 0 0 0 0 0 2 2 1 0 0 0 0 0 0 0 0 0 0 0 0 0 0 0 0 0 0 0 0 0 0 0 0 0 0 0 0 0 0 0 2 5 16 51 59 45 30 27 24 23 19 18 13 10 6 3 3 3 1 2 2 1 3 2 0 0 2 2 0 2 2 0 0 0 0 0 0 0 0 0 0 0 0 0 0 0 0 0 0 0 0 0 0 0 1 2 2 2 2 0 0 0 0 1 2 2 4 3 2 3 4 1 1 2 4 5 6 7 8 6 6 10 8 12 16 12 16 27 49 56 75 105 133 163 195 214 239 243 164 36 8 0 4 0 0 0 2 2 3 3 5 4 0 3 5 0 0 3 0 0 0 0 0 0 0 0 0 3 9 34 185 233 176 90 56 37 23 20 23 19 12 14 10 9 6 6 4 2 3 2 0 0 2 0 2 2 3 3 3 4 5 3 3 3 3 4 4 5 5 6 8 8 14 17 17 17 20 23 35 41 59 98 130 147 158 160 178 186 165 133 99 84 57 54 34 22 23 19 13 11 6 6 6 8 8 9 9 8 7 7 7 3 2 2 5 5 6 7 9 11 13
1 0 2 0 0 0 2 3 2 7 20 56 124 107 41 6 4 2 0 0 0 0 0 0 0 0 0 0 0 0 0 0 0 0 0 0 0 0 0 0 0 0 0 0 0 0 0 0 0 0 0 0 0 0 0 0 0 0 0 0 0 0 0 0 0 0 0 0 0 0 0 0 0 0 0 0 0 0 0 0 0 0 0 0 0 0 0 0 0 0 0 0 0 0 0 0 0 0 0 0 0 0 0 2 2 2 2 2 2 2 0 0 0 0 0 0 0 0 2 4 6 7 13 28 39 59 77 100 118 134 142 156 156 200 255 254 255 239 42 11 4 3 4 0 0 0 0 0 0 0 0 0 2 0 0 2 6 8 10 8 9 6 6 5 6 5 3 6 6 4 4 4 5 5 6 5 3 2 2 2 2 2 3 4 5 5 6 9 9 9 8 7 5 3 2 3 3 3 3 2 2 2 1 0 0 1 3 3 9 10 30 68 43 13 5 5 5 6 5 4 3 3 3 3 6 6 6 6 5 5 4 3 3 3 4 3 3 0 0 0 0 0 0 0 0 0 0 0 0 0 0 0 0 0 0 2 2 0 0 0 0 0 0 0 0 0 0 0 0 0 0 0 0 0 0 0 0 0 0 0 0 0 0 0 0 0 0 0 0 0 0 2 7 25 73 42 36 25 27 24 21 15 10 8 6 5 4 4 1 3 4 3 2 0 0 0 0 0 2 3 2 2 2 2 2 3 3 2 2 2 1 0 0 0 0 0 0 0 0 0 0 0 0 0 0 0 0 0 0 0 0 0 0 0 0 0 2 2 1 3 4 5 4 3 3 2 2 3 3 5 4 6 7 8 5 8 12 12 11 18 28 35 54 94 150 185 207 236 248 191 58 11 6 5 1 0 0 2 2 3 3 5 4 2 2 5 0 0 3 0 0 0 0 0 0 0 0 1 3 12 56 205 230 158 72 47 25 20 19 15 7 8 7 4 4 4 4 3 4 6 6 5 5 6 6 5 6 6 6 6 6 5 7 8 8 8 8 9 14 16 16 18 20 17 22 26 36 44 65 98 133 153 156 160 160 150 125 145 161 115 94 64 53 40 21 26 21 11 8 7 7 8 9 7 7 4 4 4 5 5 2 5 3 3 2 0 2 3 4 6 10 8
4 4 3 2 2 0 2 4 2 8 28 64 126 96 32 5 4 2 0 0 0 0 0 0 0 0 0 0 0 0 0 0 0 0 0 0 0 0 0 0 0 0 0 0 0 0 0 0 0 0 0 0 0 0 0 0 0 0 0 0 0 0 0 0 0 0 0 0 0 0 0 0 0 0 0 0 0 0 0 0 0 0 0 0 0 0 0 0 0 0 0 0 0 0 0 0 0 0 0 0 0 0 0 0 0 0 0 0 0 0 2 2 2 2 2 2 0 0 0 0 2 0 0 1 2 3 7 8 15 27 56 84 147 230 255 254 255 210 26 10 3 3 3 0 0 0 0 0 0 0 0 0 2 0 1 3 10 11 9 9 7 6 7 7 5 5 8 6 4 7 5 4 5 5 4 6 7 5 6 5 6 6 6 7 8 6 4 3 2 2 3 1 3 3 3 2 0 0 0 0 2 2 2 3 3 2 4 5 9 13 24 61 51 17 9 5 4 4 3 5 7 7 8 7 4 3 2 3 2 2 2 2 3 2 1 0 0 0 0 0 0 0 0 0 0 0 0 0 0 0 0 0 1 2 2 0 0 0 0 0 0 0 0 0 0 0 0 0 0 0 0 0 0 0 0 0 0 0 0 0 0 0 0 0 0 0 0 0 0 0 0 3 10 44 66 37 29 25 24 17 14 10 9 5 4 3 4 4 5 4 4 2 2 2 2 2 3 4 4 4 4 4 5 5 5 4 5 6 6 6 6 4 4 0 0 0 0 0 0 0 0 0 0 0 0 0 0 0 0 0 0 0 0 0 0 0 2 1 2 1 2 0 3 4 3 2 3 3 3 6 5 3 3 5 7 6 6 9 9 14 19 28 43 79 130 167 208 238 250 203 56 12 5 5 2 2 0 3 0 3 3 5 4 2 2 5 0 2 2 0 0 0 0 0 0 0 0 2 4 15 74 217 226 149 56 40 19 14 12 7 6 5 4 3 2 6 6 6 8 8 8 8 9 10 8 7 7 9 10 9 11 15 17 17 17 20 25 25 23 23 25 31 36 41 48 64 93 127 149 156 160 156 146 120 82 54 42 88 152 145 65 39 36 23 21 12 10 8 8 6 7 7 6 6 3 4 4 2 0 0 2 3 2 2 3 4 3 3 3 4 5 12
4 4 4 4 4 4 4 4 3 13 31 81 123 82 24 3 4 0 0 0 0 0 0 0 0 0 0 0 0 0 0 0 0 0 0 0 0 0 0 0 0 0 0 0 0 0 0 0 0 0 0 0 0 0 0 0 0 0 0 0 0 0 0 0 0 0 0 0 0 0 0 0 0 0 0 0 0 0 0 0 0 0 0 0 0 0 0 0 0 0 0 0 0 0 0 0 0 0 0 0 0 0 0 0 0 0 0 0 0 0 0 0 0 0 0 0 2 2 2 1 2 0 0 0 0 0 2 1 3 4 8 18 80 241 255 255 255 183 16 8 3 3 3 0 0 0 0 0 0 0 0 2 0 1 2 10 13 8 9 5 5 6 5 4 5 6 8 6 6 6 8 8 5 5 6 6 6 8 7 8 7 6 5 5 3 3 3 3 3 2 2 2 0 0 0 0 1 2 3 3 3 3 3 4 5 6 5 6 8 12 17 54 56 26 9 8 8 9 7 5 3 2 0 1 2 3 3 3 3 2 2 2 0 0 0 0 0 0 0 0 0 0 0 0 0 0 0 0 0 2 2 2 1 0 0 0 0 0 0 0 0 0 0 0 0 0 0 0 0 0 0 0 0 0 0 0 0 0 0 0 0 0 0 0 0 0 0 0 0 0 0 2 7 42 57 36 34 26 20 16 14 12 12 12 6 6 6 5 6 3 3 4 4 4 5 5 4 2 2 3 4 4 4 5 8 9 9 7 9 6 4 5 5 5 2 0 0 0 0 0 0 0 0 0 0 0 0 0 0 0 0 0 0 0 0 0 2 0 0 1 3 2 1 2 2 2 2 2 2 4 1 5 4 4 3 4 6 8 8 9 12 23 30 61 120 163 213 235 253 207 48 16 6 6 3 2 0 3 2 2 3 5 4 2 2 5 0 3 0 0 0 0 0 0 0 0 0 2 4 20 94 223 223 131 48 38 17 10 10 7 6 6 7 6 6 6 8 9 10 10 13 13 15 17 20 23 24 24 24 26 25 28 31 33 35 36 33 46 52 63 77 94 100 115 138 151 160 162 156 146 114 81 53 35 24 22 26 53 144 151 63 34 22 15 7 4 4 5 4 7 6 3 3 2 2 0 0 0 0 0 0 2 2 2 2 0 2 3 3 2 2 2
4 4 5 5 4 5 5 6 7 20 41 95 121 67 20 4 3 0 0 0 0 0 0 0 0 0 0 0 0 0 0 0 0 0 0 0 0 0 0 0 0 0 0 0 0 0 0 0 0 0 0 0 0 0 0 0 0 0 0 0 0 0 0 0 0 0 0 0 0 0 0 0 0 0 0 0 0 0 0 0 0 0 0 0 0 0 0 0 0 0 0 0 0 0 0 0 0 0 0 0 0 0 0 0 0 0 0 0 0 0 0 0 0 0 0 0 0 0 0 2 2 2 0 0 0 0 2 2 2 3 4 10 54 246 255 255 254 139 12 8 6 3 2 0 0 0 0 0 0 0 0 2 0 2 6 11 15 10 4 3 2 0 1 2 2 1 0 2 3 1 1 2 5 6 4 4 3 3 2 2 2 3 2 1 1 2 1 2 2 2 2 2 2 3 3 3 4 3 3 5 4 5 5 5 5 4 6 7 9 12 15 45 68 32 10 5 0 3 2 2 2 3 3 3 3 2 1 0 0 0 0 0 0 0 0 0 0 0 0 0 0 1 1 0 0 1 2 2 2 0 0 0 0 0 0 0 0 0 0 0 0 0 0 0 0 0 0 0 0 0 0 0 0 0 0 0 0 0 0 0 0 0 0 0 0 0 0 0 0 0 0 1 4 30 60 53 45 49 38 31 34 33 24 18 18 9 7 7 4 5 4 5 5 5 3 5 6 8 9 9 10 11 14 16 16 16 18 18 16 15 11 6 5 5 4 0 0 0 0 0 0 0 0 0 0 0 0 0 0 0 0 0 0 0 0 0 2 0 0 0 2 0 2 2 2 3 2 2 4 2 2 3 1 3 4 4 5 6 8 9 8 20 32 46 114 161 207 241 253 205 46 16 5 5 4 0 2 3 2 2 2 5 4 2 2 5 0 3 0 0 0 0 0 0 0 0 0 2 5 20 120 230 217 116 48 27 13 14 5 8 8 10 15 20 25 30 26 26 30 31 35 39 43 41 50 54 57 63 69 74 83 87 95 104 111 119 129 135 141 147 151 151 155 159 156 154 143 116 83 50 35 29 24 24 25 19 15 30 122 161 83 33 10 4 3 6 5 6 6 2 2 2 0 0 0 0 0 0 0 0 0 2 0 0 0 2 3 3 2 2 2 0
5 5 5 4 4 5 6 8 8 23 56 107 120 53 16 6 3 0 0 0 0 0 0 0 0 0 0 0 0 0 0 0 0 0 0 0 0 0 0 0 0 0 0 0 0 0 0 0 0 0 0 0 0 0 0 0 0 0 0 0 0 0 0 0 0 0 0 0 0 0 0 0 0 0 0 0 0 0 0 0 0 0 0 0 0 0 0 0 0 0 0 0 0 0 0 0 0 0 0 0 0 0 0 0 0 0 0 0 0 0 0 0 0 0 0 0 0 0 0 2 0 0 2 2 1 0 2 2 2 3 4 10 61 249 255 255 254 110 8 7 5 2 3 2 0 0 0 0 0 0 2 0 0 4 11 17 9 3 3 1 0 2 2 3 2 2 2 2 2 2 2 3 2 0 0 0 0 2 2 1 0 0 0 1 2 2 2 0 1 2 3 3 3 3 4 4 5 6 6 6 6 5 6 7 6 7 7 8 8 10 11 34 60 34 9 5 3 4 3 3 3 1 0 0 0 0 0 0 0 0 0 0 0 0 0 0 0 0 0 1 2 1 1 2 2 1 0 0 0 0 0 0 0 0 0 0 0 0 0 0 0 0 0 0 0 0 0 0 0 0 0 0 0 0 0 0 0 0 0 0 0 0 0 0 0 0 0 0 0 0 0 0 3 9 29 50 57 56 63 62 51 50 45 41 34 29 21 11 9 9 7 5 4 6 8 11 15 21 29 31 21 21 20 18 20 20 18 18 20 22 25 23 13 7 8 1 0 0 0 0 0 0 0 0 0 0 0 0 0 0 0 0 0 0 0 0 2 0 0 0 2 0 0 0 0 0 2 1 2 2 0 2 2 0 3 3 2 4 5 8 7 18 23 40 98 160 207 245 255 196 45 13 5 7 2 2 2 2 2 4 4 4 3 2 4 3 0 3 0 0 0 0 0 0 0 0 0 2 5 23 143 238 203 99 42 24 10 13 7 14 26 44 53 64 69 72 81 86 97 107 110 114 124 132 130 138 144 152 152 154 154 158 155 157 156 159 157 155 155 154 154 149 148 136 114 81 45 31 26 24 23 22 15 9 10 8 14 24 85 164 108 28 6 6 6 4 4 2 2 2 0 0 0 0 0 0 0 0 0 0 0 2 2 2 2 2 2 2 2 2 2 3
4 5 4 6 6 6 8 6 15 28 59 125 110 44 10 7 4 4 3 2 0 0 0 0 0 0 0 0 0 0 0 0 0 0 0 0 0 0 0 0 0 0 0 0 0 0 0 0 0 0 0 0 0 0 0 0 0 0 0 0 0 0 0 0 0 0 0 0 0 0 0 0 0 0 0 0 0 0 0 0 0 0 0 0 0 0 0 0 0 0 0 0 0 0 0 0 0 0 0 0 0 0 0 0 0 0 0 0 0 0 0 0 0 0 0 0 0 0 0 2 0 0 0 0 1 2 2 2 2 3 4 11 74 254 255 255 254 77 8 8 4 2 2 0 3 2 0 0 0 0 2 0 2 5 15 12 4 4 1 2 2 0 3 1 0 0 0 0 0 0 1 2 2 0 2 2 2 0 0 0 2 2 2 1 0 1 3 3 3 3 3 5 5 6 6 6 6 5 7 7 7 8 8 7 7 5 3 4 5 9 9 30 58 38 13 6 3 1 3 0 0 0 0 0 0 0 0 0 0 0 0 0 0 0 0 0 0 2 2 1 0 0 0 0 0 0 0 0 0 0 0 0 0 0 0 0 0 0 0 0 0 0 0 0 0 0 0 0 0 0 0 0 0 0 0 0 0 0 0 0 0 0 0 0 0 0 0 0 0 0 0 0 3 2 6 16 27 38 41 46 58 62 60 67 61 51 46 39 34 22 16 18 20 24 29 31 39 47 49 48 45 25 20 14 11 9 9 10 9 9 11 17 24 19 9 6 0 0 0 0 0 0 0 0 0 0 0 0 0 0 0 0 0 0 0 1 1 0 0 0 2 0 0 0 0 0 0 2 1 4 2 0 0 2 3 2 2 4 5 7 7 16 19 36 85 162 209 248 255 184 43 12 5 7 2 3 3 2 3 3 3 4 3 2 5 2 0 3 0 0 0 0 0 0 0 0 1 1 6 27 152 242 193 86 36 20 12 17 15 40 104 148 157 159 161 164 162 168 168 166 168 166 166 166 163 162 161 155 156 157 159 153 153 145 143 132 127 127 117 101 86 74 53 35 26 22 22 22 17 15 9 6 7 10 9 7 9 20 71 161 121 37 11 5 4 4 3 2 0 0 0 0 0 0 0 0 0 0 2 2 2 3 2 0 0 0 0 0 0 0 0 0
2 2 4 4 6 5 6 12 19 42 75 132 85 32 7 8 5 4 3 4 4 3 3 0 0 0 0 0 0 0 0 0 0 0 0 0 0 0 0 0 0 0 0 0 0 0 0 0 0 0 0 0 0 0 0 0 0 0 0 0 0 0 0 0 0 0 0 0 0 0 0 0 0 0 0 0 0 0 0 0 0 0 0 0 0 0 0 0 0 0 0 0 0 0 0 0 0 0 0 0 0 0 0 0 0 0 0 0 0 0 0 0 0 0 0 0 0 0 1 2 0 0 0 0 0 2 2 3 2 3 4 14 92 254 255 255 249 62 7 6 4 3 2 0 0 3 0 0 0 0 2 0 3 9 16 9 5 2 2 0 0 2 2 0 0 0 0 0 0 0 0 0 1 2 0 0 0 0 2 2 0 1 3 3 3 3 4 5 8 8 7 6 6 5 5 8 7 7 6 5 4 3 2 1 0 2 2 3 3 7 7 21 53 43 18 7 2 2 3 2 3 3 2 2 2 1 0 0 0 0 0 0 0 2 2 2 2 0 0 0 0 0 0 0 0 0 0 0 0 0 0 0 0 0 0 0 0 0 0 0 0 0 0 0 0 0 0 0 0 0 0 0 0 0 0 0 0 0 0 0 0 0 0 0 0 0 0 0 0 0 0 0 2 2 0 4 7 9 13 16 18 21 34 42 56 60 62 61 54 45 43 37 39 45 45 48 58 59 52 50 53 35 11 7 6 5 5 5 5 5 7 6 14 21 20 10 2 0 0 0 0 0 0 0 0 0 0 0 0 0 0 0 0 0 1 1 0 0 0 0 2 0 0 0 0 0 0 0 2 3 3 2 2 1 2 2 2 5 4 6 9 13 19 34 85 161 210 253 255 170 42 9 6 6 2 3 3 2 3 3 3 5 2 2 5 2 0 3 0 0 0 0 0 0 0 0 2 1 7 32 166 242 188 65 36 16 16 16 45 134 163 161 160 157 157 152 152 141 141 134 122 125 122 117 116 109 107 104 96 80 68 64 60 57 52 49 47 34 28 29 24 20 17 18 16 17 13 8 8 5 6 5 4 3 7 5 5 15 57 158 134 46 11 5 3 3 2 0 0 0 0 0 0 0 0 2 2 2 2 0 0 2 2 0 0 0 0 0 0 0 0 0
2 3 3 4 4 7 13 18 33 39 88 133 65 17 10 5 4 5 5 5 5 5 3 5 4 4 3 0 0 0 0 0 0 0 0 0 0 0 0 0 0 0 0 0 0 0 0 0 0 0 0 0 0 0 0 0 0 0 0 0 0 0 0 0 0 0 0 0 0 0 0 0 0 0 0 0 0 0 0 0 0 0 0 0 0 0 0 0 0 0 0 0 0 0 0 0 0 0 0 0 0 0 0 0 0 0 0 0 0 0 0 0 0 0 0 0 0 2 1 0 0 0 0 0 0 2 2 2 3 3 4 15 112 255 255 255 244 47 9 6 3 3 2 0 0 0 3 0 0 2 0 0 4 14 13 7 4 0 0 1 2 0 2 0 0 0 0 0 0 0 0 0 0 0 0 0 2 3 2 3 3 4 5 6 8 8 6 5 3 4 6 7 7 8 6 4 3 3 2 1 1 2 2 2 2 0 0 2 4 7 7 14 42 52 23 7 2 0 3 1 0 0 2 0 0 1 2 2 2 2 2 2 2 0 0 0 0 0 0 0 0 0 0 0 0 0 0 0 0 0 0 0 0 0 0 0 0 0 0 0 0 0 0 0 0 0 0 0 0 0 0 0 0 0 0 0 0 0 0 0 0 0 0 0 0 0 0 0 0 0 0 0 0 1 3 3 4 4 5 4 4 6 9 9 12 28 36 48 53 64 60 55 50 41 50 48 33 23 21 18 32 58 27 10 7 8 8 9 8 6 5 5 6 14 29 12 5 0 0 0 0 0 0 0 0 0 0 0 0 0 0 0 0 0 2 0 0 0 0 0 2 0 0 0 0 0 0 0 0 0 5 3 2 2 0 2 2 5 6 5 8 12 19 33 81 161 217 253 253 161 40 8 7 4 2 2 4 2 3 3 4 5 0 3 5 1 0 3 0 0 0 0 0 0 0 0 2 2 7 40 184 242 174 56 32 17 16 27 111 161 136 115 85 77 75 77 64 67 57 47 47 43 36 33 33 35 27 24 24 25 26 25 23 23 21 20 16 13 13 11 12 13 12 10 10 7 6 5 4 4 5 3 2 2 6 3 4 13 51 161 131 53 10 6 3 0 0 0 0 0 0 0 2 2 2 2 0 0 0 0 0 0 2 0 0 0 0 0 0 0 0 0
1 2 2 4 8 11 13 23 26 49 119 112 49 12 7 7 6 4 5 3 3 4 5 5 5 5 3 4 4 4 2 2 0 0 0 0 0 0 0 0 0 0 0 0 0 0 0 0 0 0 0 0 0 0 0 0 0 0 0 0 0 0 0 0 0 0 0 0 0 0 0 0 0 0 0 0 0 0 0 0 0 0 0 0 0 0 0 0 0 0 0 0 0 0 0 0 0 0 0 0 0 0 0 0 0 0 0 0 0 0 0 0 0 0 0 0 1 1 0 0 0 0 0 0 0 2 2 2 3 4 4 16 128 255 255 255 242 36 10 5 2 3 2 0 0 0 3 0 0 2 0 3 6 17 11 5 3 2 2 1 0 2 0 0 0 0 0 0 0 0 0 1 2 3 3 4 4 5 5 7 8 8 6 5 3 5 7 8 7 6 4 4 3 2 2 1 0 0 2 2 1 0 0 0 2 2 2 0 3 6 8 10 32 63 28 8 4 1 3 0 0 0 0 2 2 2 2 2 0 0 0 0 0 1 2 2 2 2 2 0 0 0 0 0 0 0 0 0 0 0 0 0 0 0 0 0 0 0 0 0 0 0 0 0 0 0 0 0 0 0 0 0 0 0 0 0 0 0 0 0 0 0 0 0 0 0 0 0 0 0 0 0 0 1 1 0 0 3 4 4 4 4 4 7 8 7 11 19 24 31 41 50 48 41 25 19 15 14 14 16 18 44 41 17 8 10 9 7 8 10 9 7 8 9 26 18 9 2 0 0 0 0 0 0 0 0 0 0 0 2 2 0 0 2 0 0 0 0 0 0 0 2 0 0 0 0 0 0 0 2 5 0 2 1 2 2 5 5 4 6 8 11 19 35 78 163 221 255 253 152 36 9 7 4 1 2 4 2 3 3 5 4 0 3 5 0 0 3 0 0 0 0 0 0 0 0 2 2 10 44 196 242 159 55 27 17 18 63 152 147 97 69 50 38 29 19 16 20 17 17 16 13 13 14 12 11 12 11 10 10 9 9 9 9 8 8 9 9 7 8 7 4 3 3 2 0 3 3 3 2 3 0 0 0 5 3 5 11 59 163 126 44 11 6 0 0 0 0 0 2 2 2 2 0 0 0 0 0 0 0 0 0 2 0 0 0 0 0 0 0 0 0
2 2 6 11 14 24 31 28 40 70 110 86 27 5 5 7 5 6 6 6 5 5 4 3 3 3 5 5 4 3 4 3 4 3 3 2 0 0 0 0 0 0 0 0 0 0 0 0 0 0 0 0 0 0 0 0 0 0 0 0 0 0 0 0 0 0 0 0 0 0 0 0 0 0 0 0 0 0 0 0 0 0 0 0 0 0 0 0 0 0 0 0 0 0 0 0 0 0 0 0 0 0 0 0 0 0 0 0 0 0 0 0 0 0 0 0 2 0 0 0 0 0 0 0 0 2 2 2 2 4 4 16 141 255 255 255 236 34 10 4 2 3 2 0 0 0 0 4 3 3 3 4 11 14 10 4 2 0 1 2 2 0 0 0 0 0 0 1 2 3 3 4 3 5 6 7 8 7 6 5 4 6 7 7 7 5 4 3 3 2 2 2 0 0 2 2 2 2 0 0 0 2 2 2 0 0 0 0 2 6 7 11 27 63 24 14 6 1 3 0 0 0 0 0 0 0 0 0 2 2 1 0 0 2 0 0 0 0 0 2 2 2 2 2 2 2 0 0 0 0 0 0 0 0 0 0 0 0 0 0 0 0 0 0 0 0 0 0 0 0 0 0 0 0 0 0 0 0 0 0 0 0 0 0 0 0 0 0 0 0 0 0 1 1 0 0 0 0 1 2 3 2 2 3 3 4 6 6 11 13 17 20 17 16 19 18 15 11 10 11 9 26 57 22 7 4 4 5 5 4 6 6 7 10 19 34 9 3 0 0 0 0 0 0 0 0 0 0 2 3 3 0 2 0 0 0 0 0 0 0 0 2 0 0 0 0 0 1 2 2 3 0 0 1 2 2 5 6 2 6 9 13 17 34 79 166 227 255 250 138 34 8 6 5 0 3 3 2 3 3 5 4 0 3 5 0 0 3 0 0 0 0 0 0 0 0 2 2 12 57 207 237 155 52 28 13 30 110 163 116 80 51 22 16 16 13 11 9 9 7 7 8 9 9 9 7 7 8 9 9 8 7 7 7 7 5 5 4 5 5 4 5 4 3 3 3 2 0 0 0 0 2 0 2 4 3 4 12 83 159 119 39 10 6 0 0 2 2 2 0 0 0 0 0 0 0 0 0 0 0 0 0 2 0 0 0 0 0 0 0 0 0
4 8 13 21 32 33 39 51 64 74 107 56 12 3 4 2 2 3 4 4 5 6 7 6 5 4 3 4 4 5 5 5 4 4 3 4 5 3 3 2 2 0 0 0 0 0 0 0 0 0 0 0 0 0 0 0 0 0 0 0 0 0 0 0 0 0 0 0 0 0 0 0 0 0 0 0 0 0 0 0 0 0 0 0 0 0 0 0 0 0 0 0 0 0 0 0 0 0 0 0 0 0 0 0 0 0 0 0 0 0 0 0 0 0 0 1 1 0 0 0 0 0 0 0 2 3 0 2 2 4 4 17 147 255 255 255 234 36 10 3 2 3 0 0 2 2 3 3 1 2 3 4 17 9 5 3 3 2 1 0 0 0 0 1 2 3 3 4 4 6 7 7 8 6 5 5 6 6 6 6 6 5 4 3 2 2 2 3 2 2 2 2 2 2 0 0 0 0 2 2 2 0 0 0 0 0 0 0 2 6 7 9 25 49 33 18 6 0 3 0 0 0 0 0 0 0 0 0 0 0 1 2 2 4 4 6 6 4 4 4 4 4 4 4 6 6 8 7 6 6 6 3 1 0 0 0 0 0 0 0 0 0 0 0 0 0 0 0 0 0 0 0 0 0 0 0 0 0 0 0 0 0 0 0 0 0 0 0 0 0 0 2 1 0 0 0 0 0 0 0 0 1 2 4 3 4 4 3 3 4 5 6 8 8 5 4 4 6 6 6 7 11 45 35 12 3 4 4 5 6 4 7 4 9 13 39 11 7 0 0 0 0 0 0 0 0 0 0 0 5 1 2 0 0 0 0 0 0 0 0 0 2 0 0 0 0 1 1 0 2 2 2 0 0 0 1 2 5 2 7 8 13 18 31 81 167 229 255 248 126 33 9 5 5 0 3 3 2 3 3 5 4 0 3 5 0 0 3 0 0 0 0 0 0 0 0 2 2 13 77 215 233 147 50 28 13 65 148 157 89 53 29 19 16 11 10 11 11 8 9 8 9 8 8 8 7 6 5 5 5 3 3 3 2 2 2 0 0 0 2 0 2 0 0 0 0 0 0 0 0 0 0 2 2 4 3 5 16 99 159 107 33 9 4 2 2 2 0 0 0 0 0 0 0 0 0 0 0 0 0 0 0 2 0 0 0 0 0 0 0 0 0
5 16 30 55 64 69 65 72 67 65 74 41 10 4 3 2 0 0 2 2 2 2 3 5 6 6 7 7 6 5 4 4 5 4 5 4 4 5 4 4 4 3 2 2 2 1 0 0 0 0 0 0 0 0 0 0 0 0 0 0 0 0 0 0 0 0 0 0 0 0 0 0 0 0 0 0 0 0 0 0 0 0 0 0 0 0 0 0 0 0 0 0 0 0 0 0 0 0 0 0 0 0 0 0 0 0 0 0 0 0 0 0 0 0 0 2 0 0 0 0 0 0 1 2 2 2 0 2 2 4 4 19 148 255 255 255 235 33 10 3 2 4 2 2 0 2 0 1 4 5 8 14 13 9 3 3 2 0 0 1 2 3 3 4 6 7 8 8 7 5 5 6 7 7 8 6 5 4 4 3 2 2 2 2 2 2 2 0 0 0 0 0 0 0 1 2 2 2 0 0 0 0 0 0 0 0 0 0 2 4 9 8 21 46 37 20 7 0 3 0 0 0 0 0 0 0 0 0 0 0 0 3 7 8 12 13 13 11 11 9 10 10 12 11 9 11 12 12 11 12 14 12 7 4 1 0 0 0 0 0 0 0 0 0 0 0 0 0 0 0 0 0 0 0 0 0 0 0 0 0 0 0 0 0 0 0 0 0 0 0 2 0 0 0 0 0 0 0 0 0 0 0 0 2 0 0 0 3 4 4 3 2 2 2 3 3 2 1 1 5 5 8 31 49 22 5 3 3 4 2 5 5 7 8 11 30 20 9 4 0 0 0 0 0 0 0 0 0 0 5 1 0 0 0 0 0 0 0 0 0 2 1 0 0 0 2 1 0 0 2 0 3 0 0 0 2 2 5 2 7 8 12 17 35 82 171 236 255 241 115 29 9 5 5 1 2 3 3 3 3 4 4 1 4 3 0 0 3 0 0 0 0 0 0 0 0 2 2 14 88 221 230 132 47 26 24 102 165 130 69 50 16 12 8 8 6 6 4 3 2 3 3 3 2 2 4 2 2 2 2 2 0 0 0 0 0 0 0 0 2 0 2 0 0 0 0 0 0 0 0 0 0 0 4 2 4 5 19 112 159 95 27 10 4 2 0 0 0 0 0 0 0 0 0 0 0 0 0 0 0 0 0 2 0 0 0 0 0 0 0 0 0
13 32 83 98 108 109 98 80 69 69 56 25 11 4 3 2 0 0 2 0 2 1 0 0 2 3 4 5 5 5 7 5 5 5 5 5 5 5 4 3 4 5 5 5 3 3 3 2 2 2 1 0 0 0 0 0 0 0 0 0 0 0 0 0 0 0 0 0 0 0 0 0 0 0 0 0 0 0 0 0 0 0 0 0 0 0 0 0 0 0 0 0 0 0 0 0 0 0 0 0 0 0 0 0 0 0 0 0 0 0 0 0 0 0 0 2 0 0 0 0 0 0 2 0 2 2 0 2 3 4 5 19 149 255 254 255 236 32 11 5 3 5 3 4 4 6 8 8 12 9 9 10 9 6 2 3 4 3 3 5 6 6 8 8 5 5 5 7 7 7 6 5 5 4 2 2 0 1 3 3 2 2 2 2 1 0 0 0 0 0 0 1 2 2 1 0 0 0 0 0 0 0 0 0 0 0 0 0 1 5 7 8 17 46 41 23 8 0 3 0 0 0 0 0 0 0 0 0 0 0 0 7 18 28 26 22 18 19 16 17 15 14 11 14 17 16 18 19 20 19 16 20 16 11 5 2 0 0 0 0 0 0 0 0 0 0 0 0 0 0 0 0 0 0 0 0 0 0 0 0 0 0 0 0 0 0 0 0 0 2 0 0 0 0 0 0 0 0 0 0 0 0 0 2 0 0 0 0 0 0 2 3 5 3 2 2 3 4 4 3 6 7 12 43 36 7 3 0 2 2 3 1 7 6 11 23 30 9 6 2 0 0 0 0 0 0 0 0 2 5 0 0 0 0 0 0 0 0 2 2 0 0 0 2 2 0 0 0 0 2 0 3 0 0 0 2 2 4 4 6 9 13 18 35 88 169 241 255 233 103 27 9 5 4 2 2 2 4 2 4 4 3 2 5 2 0 0 3 0 0 0 0 0 0 0 0 2 4 17 105 226 224 120 43 26 49 141 160 98 56 31 13 10 5 6 5 4 3 2 2 4 1 0 0 0 2 2 0 0 0 2 2 0 0 0 0 0 0 0 2 2 2 2 3 0 0 0 0 0 0 0 0 0 3 4 4 6 24 131 155 82 26 11 3 0 0 0 0 0 0 0 0 0 0 0 0 0 0 0 0 0 0 0 2 0 0 0 0 0 0 0 0
34 89 122 104 68 48 50 43 41 32 42 38 11 5 4 4 2 0 2 0 0 1 2 1 0 0 0 0 2 3 3 4 5 5 5 6 5 5 4 5 5 4 4 4 5 5 5 4 3 3 3 3 2 2 2 0 0 0 0 0 0 0 0 0 0 0 0 0 0 0 0 0 0 0 0 0 0 0 0 0 0 0 0 0 0 0 0 0 0 0 0 0 0 0 0 0 0 0 0 0 0 0 0 0 0 0 0 0 0 0 0 0 0 0 0 2 0 0 0 0 0 2 0 0 2 1 0 2 3 3 5 17 149 255 254 255 244 41 15 8 8 11 12 12 14 12 10 10 10 10 11 6 8 6 8 6 8 7 8 6 5 5 6 7 7 5 6 5 4 4 3 1 0 3 3 3 3 2 0 0 0 0 0 0 0 0 0 0 2 2 2 1 0 0 0 0 0 0 0 0 0 0 0 0 0 0 0 0 0 5 6 8 16 44 42 22 11 1 2 2 0 0 0 0 0 0 0 0 0 0 1 14 23 18 11 12 10 10 12 11 10 10 11 10 11 9 8 8 8 9 9 11 18 19 12 4 2 0 0 0 0 0 0 0 0 0 0 0 0 0 0 0 0 0 0 0 0 0 0 0 0 0 0 0 0 0 0 0 2 0 0 0 0 0 0 0 0 0 0 0 0 0 0 2 0 0 0 0 0 0 0 0 0 3 3 4 2 2 1 0 3 4 10 26 49 16 5 0 2 1 2 2 4 5 10 16 33 13 8 3 1 0 0 0 0 0 0 0 2 5 0 0 0 0 0 0 0 0 2 2 0 1 2 0 0 0 0 0 1 1 0 3 0 0 0 2 2 3 4 6 9 12 19 40 86 175 243 255 224 96 27 9 5 2 4 2 3 4 2 4 4 3 2 5 2 0 3 0 0 0 0 0 0 0 0 0 2 5 19 112 232 219 108 43 30 70 154 152 85 49 24 10 9 6 6 5 3 2 0 3 1 2 4 3 3 3 4 2 0 0 0 2 2 0 0 0 0 0 0 2 2 2 0 2 0 0 0 0 0 0 0 0 0 0 5 5 5 27 137 157 75 22 10 3 0 0 0 0 0 0 0 0 0 0 0 0 0 0 0 0 0 0 0 2 0 0 0 0 0 0 0 0
53 129 84 29 18 14 10 8 7 10 27 48 14 7 2 2 3 2 2 2 2 2 0 1 2 2 0 0 0 0 0 2 2 3 4 5 5 5 6 6 6 6 6 5 4 4 4 5 5 5 5 4 4 4 2 3 2 2 2 1 0 0 0 0 0 0 0 0 0 0 0 0 0 0 0 0 0 0 0 0 0 0 0 0 0 0 0 0 0 0 0 0 0 0 0 0 0 0 0 0 0 0 0 0 0 0 0 0 0 0 0 0 0 0 0 2 0 0 0 0 2 1 0 2 2 0 0 2 3 3 6 15 152 255 254 255 247 63 24 17 17 21 19 17 17 18 13 14 13 11 10 12 10 12 12 6 7 6 6 6 6 5 4 4 4 4 3 2 2 3 3 3 3 0 0 0 0 0 0 0 0 0 0 0 1 2 2 2 0 0 0 0 0 0 0 0 0 0 0 0 0 0 0 0 0 0 0 0 0 5 6 8 13 38 45 22 14 3 0 3 0 0 0 0 0 0 0 0 0 0 3 18 30 11 5 2 4 4 4 6 8 8 8 6 5 4 3 2 2 2 3 4 5 10 19 12 4 1 0 0 0 0 0 0 0 0 0 0 0 0 0 0 0 0 0 0 0 0 0 0 0 0 0 0 0 0 0 2 0 0 0 0 0 0 0 0 0 0 0 0 0 0 0 0 2 0 0 0 0 0 0 0 0 1 1 0 2 2 2 2 2 3 10 12 42 34 8 2 0 1 2 3 2 6 8 12 32 21 5 5 2 0 0 0 0 0 1 2 3 2 3 0 0 0 0 0 0 0 0 0 2 1 0 0 0 0 0 0 2 0 0 3 0 0 1 2 0 3 5 5 9 12 18 42 94 183 244 255 218 82 28 10 4 2 4 2 3 3 2 4 5 0 2 5 1 0 3 0 0 0 0 0 0 0 0 0 2 6 22 133 237 211 101 35 35 99 160 146 80 44 18 12 9 8 7 5 5 5 8 5 5 4 2 3 1 0 2 4 3 3 0 0 2 3 2 0 0 0 0 0 2 2 0 2 0 0 0 0 0 0 0 0 0 0 5 6 6 23 130 163 75 21 10 3 0 0 0 0 0 0 0 0 0 0 0 0 0 0 0 0 0 0 0 2 0 0 0 0 0 0 0 0
108 125 39 9 7 5 3 3 5 8 13 47 29 6 3 2 2 2 2 2 0 0 2 2 2 1 2 2 0 0 0 0 0 0 0 0 2 3 3 4 4 5 5 5 7 6 5 4 5 4 4 5 5 5 6 6 4 3 3 3 3 2 2 2 2 0 0 0 0 0 0 0 0 0 0 0 0 0 0 0 0 0 0 0 0 0 0 0 0 0 0 0 0 0 0 0 0 0 0 0 0 0 0 0 0 0 0 0 0 0 0 0 0 0 1 1 0 0 2 2 0 0 0 2 2 0 0 2 3 3 6 17 144 255 254 255 252 83 31 28 22 22 20 18 14 14 21 21 18 19 10 13 10 10 15 8 5 5 5 5 4 3 3 2 3 3 2 2 1 0 0 0 0 0 0 0 0 0 0 0 1 2 2 2 1 0 0 0 0 0 0 0 0 0 0 0 0 0 0 0 0 0 0 0 0 0 0 0 0 4 6 9 11 33 49 23 13 5 0 3 0 0 0 0 0 0 0 0 0 0 5 20 28 10 1 1 1 0 2 1 0 0 0 0 0 0 0 0 0 0 0 0 2 5 10 20 12 4 0 0 0 0 0 0 0 0 0 0 0 0 0 0 0 0 0 0 0 0 0 0 0 0 0 0 0 0 2 0 0 0 0 0 0 0 0 0 0 0 0 0 0 0 0 0 2 0 0 0 0 0 0 0 0 0 1 1 0 0 0 0 0 4 6 9 30 44 16 4 2 0 0 2 2 7 6 9 26 29 7 5 2 0 0 0 1 1 3 2 2 3 3 2 0 0 0 0 0 0 0 0 0 0 0 0 0 0 0 0 2 0 0 3 0 0 2 2 0 4 4 5 9 15 16 44 94 189 248 255 209 73 25 10 3 4 2 2 2 4 3 4 5 0 2 5 0 0 3 0 0 0 0 0 0 0 0 0 2 7 29 153 240 202 86 37 37 109 166 137 63 35 18 15 9 9 7 8 13 11 8 7 7 7 7 6 5 4 2 4 2 2 3 3 0 0 2 3 3 0 0 0 2 0 0 0 2 0 0 0 0 0 0 0 0 0 3 6 8 19 111 165 85 24 10 3 2 0 0 0 0 0 0 0 0 0 0 0 0 0 0 0 0 0 0 2 2 0 0 0 0 0 0 0
134 93 21 8 5 3 3 2 2 4 11 34 46 5 6 2 2 3 2 2 2 1 0 0 0 1 2 2 2 2 2 0 0 0 0 0 0 0 0 0 2 2 3 4 5 5 5 6 6 7 5 4 5 4 4 4 5 5 6 5 5 4 4 3 2 3 3 3 2 2 2 0 0 0 0 0 0 0 0 0 0 0 0 0 0 0 0 0 0 0 0 0 0 0 0 0 0 0 0 0 0 0 0 0 0 0 0 0 0 0 0 0 0 0 2 1 2 2 0 0 0 0 2 0 2 0 0 2 3 5 6 23 134 255 254 255 254 98 26 25 12 14 16 15 16 15 17 17 19 23 19 9 9 9 10 9 5 4 3 3 3 3 2 2 0 0 0 0 0 0 0 0 0 0 0 0 1 2 2 2 1 0 0 0 0 0 0 0 0 0 0 0 0 0 0 0 0 0 0 0 0 0 0 0 0 0 0 0 0 4 6 8 12 33 52 22 15 6 0 3 0 0 0 0 0 0 0 0 0 0 5 21 29 7 0 2 1 2 2 0 0 0 0 0 0 0 0 0 0 0 0 0 0 3 4 11 20 10 4 0 0 0 0 0 0 0 0 0 0 0 0 0 0 0 0 0 0 0 0 0 0 0 0 0 0 1 1 0 0 0 0 0 0 0 0 0 0 0 0 0 0 0 0 0 2 0 0 0 0 0 0 0 0 0 0 1 1 0 0 0 0 4 3 8 18 47 25 8 1 2 0 2 0 4 6 7 28 28 10 7 3 0 0 0 2 3 2 0 2 3 1 3 2 0 0 0 0 0 0 0 0 0 0 0 0 0 0 0 2 0 0 3 0 0 2 1 0 4 5 5 9 15 16 46 98 193 248 255 201 67 24 10 4 3 2 2 2 5 2 5 4 1 1 5 0 0 3 0 0 0 0 0 0 0 0 0 2 9 37 162 242 189 82 37 41 121 170 130 65 29 15 17 16 23 27 26 24 26 27 28 25 25 20 18 14 10 7 5 5 3 2 2 3 0 0 0 0 3 3 4 2 0 0 0 2 0 0 0 0 0 0 0 0 0 4 4 8 20 74 162 122 30 10 4 2 0 0 0 0 0 0 0 0 0 0 0 0 0 0 0 0 0 0 0 2 0 0 0 0 0 0 0
141 58 14 7 3 2 0 0 0 2 5 26 48 16 6 4 1 2 2 2 2 1 2 2 0 0 0 0 0 0 1 2 2 2 0 0 0 0 0 0 0 0 0 0 0 1 3 3 4 4 6 6 6 7 6 5 5 4 5 5 5 6 5 6 7 6 5 3 3 3 3 3 3 3 2 2 2 0 0 0 0 0 0 0 0 0 0 0 0 0 0 0 0 0 0 0 0 0 0 0 0 0 0 0 0 0 0 0 0 0 0 0 0 0 2 2 0 0 0 0 0 2 0 2 0 2 2 3 4 6 7 23 123 255 254 255 254 101 20 19 16 15 11 11 10 15 15 17 17 21 22 22 19 17 12 11 6 3 1 2 1 0 0 0 0 0 0 0 0 1 2 2 2 2 2 2 1 0 0 0 2 0 0 0 0 0 0 0 0 0 0 0 0 0 0 0 0 0 0 0 0 0 0 0 0 0 0 0 0 3 7 8 10 34 53 20 16 7 0 3 0 0 0 0 0 0 0 0 0 0 5 23 28 5 2 2 2 2 0 2 2 2 2 2 2 2 2 2 2 2 0 0 2 2 4 5 14 20 13 2 0 0 0 0 0 0 0 0 0 0 0 0 0 0 0 0 0 0 0 0 0 0 0 0 1 1 0 0 0 0 0 0 0 0 0 0 0 0 0 0 0 0 0 0 1 2 1 0 0 0 0 0 0 0 0 0 1 2 0 0 0 3 3 6 10 35 43 11 6 2 0 2 0 1 7 7 23 28 15 8 3 0 0 1 3 2 0 2 0 2 3 2 3 2 0 0 0 0 0 0 0 0 0 0 0 0 0 0 2 0 0 3 0 1 2 0 0 4 5 5 9 17 18 44 105 200 253 255 190 65 23 10 3 3 2 2 2 5 2 5 4 2 2 5 0 0 3 0 0 0 0 0 0 0 0 0 3 9 49 173 242 183 73 42 50 142 171 116 55 36 31 30 48 65 87 120 142 148 142 135 121 117 111 98 68 35 17 11 7 3 3 2 2 3 0 0 0 0 2 2 2 3 3 3 3 0 0 0 0 0 0 0 0 2 4 4 8 14 58 138 157 45 12 0 6 3 2 0 0 0 0 0 0 0 0 0 0 0 0 0 0 0 0 0 2 0 0 0 2 2 2 2
135 51 9 5 0 1 2 2 1 0 3 10 46 32 7 5 3 2 2 2 3 3 2 0 2 2 1 0 0 0 0 0 0 0 2 2 2 2 2 0 0 0 0 0 0 0 0 0 2 2 2 2 3 4 4 5 6 6 6 6 5 6 6 4 4 5 6 7 7 6 6 6 6 5 4 4 4 5 4 4 3 2 2 2 2 2 2 1 0 0 0 0 0 0 0 0 0 0 0 0 0 0 0 0 0 0 0 0 0 0 0 0 0 2 0 2 2 2 3 3 3 3 3 4 4 4 4 4 9 9 12 26 117 254 254 255 255 103 25 16 15 17 20 19 21 20 21 20 20 18 21 19 18 16 14 16 7 6 3 0 1 2 1 0 0 1 2 2 2 1 0 0 0 0 0 0 1 2 3 2 0 2 0 0 0 0 0 0 0 0 0 0 0 0 0 0 0 0 0 0 0 0 0 0 0 0 0 0 0 3 7 8 8 36 52 19 18 8 0 3 0 0 0 0 0 0 0 0 0 0 4 25 29 5 2 1 2 1 0 0 0 0 0 0 0 0 1 2 2 2 4 3 2 2 2 4 5 18 21 11 4 3 3 3 2 2 4 4 4 4 4 4 4 2 0 0 0 0 0 0 0 0 0 0 2 0 0 0 0 0 0 0 0 0 0 0 0 0 0 0 0 0 0 0 0 0 1 2 2 1 0 0 0 0 0 0 0 0 2 0 0 1 3 5 6 20 49 23 8 2 0 0 2 0 6 5 19 35 15 9 4 0 0 2 2 2 0 0 2 1 3 0 2 4 0 0 0 0 0 0 0 0 0 0 0 0 0 0 2 0 0 2 2 2 2 0 2 3 5 3 10 19 21 50 109 203 253 255 182 57 23 9 3 3 3 0 3 4 3 4 4 2 3 4 0 0 3 0 0 0 0 0 0 0 0 0 4 9 55 192 240 168 73 43 58 158 168 127 71 53 90 135 160 185 197 201 197 201 199 197 196 193 190 189 179 158 81 27 16 10 6 5 2 4 0 2 2 2 2 0 0 0 0 0 3 3 3 3 2 0 0 0 0 2 4 4 4 15 33 112 164 79 14 6 3 3 2 2 2 2 2 2 2 2 2 2 2 0 0 0 2 2 2 2 2 3 2 2 0 4 4 4
130 38 7 3 0 0 0 0 1 1 2 6 23 53 13 5 4 2 2 1 0 1 3 3 2 2 1 2 2 0 0 0 0 0 0 0 0 2 2 2 2 2 2 2 0 0 0 0 0 0 1 2 2 2 2 2 2 3 4 5 6 6 5 6 6 6 6 5 5 6 6 4 4 5 6 6 5 5 5 4 4 4 4 4 4 4 4 4 4 4 4 3 3 3 3 2 2 2 2 2 2 2 3 3 3 3 3 3 3 3 3 3 3 3 3 4 4 4 4 4 5 6 8 6 6 7 7 9 11 10 12 26 104 254 255 255 255 127 38 28 23 21 16 13 14 13 12 11 9 9 11 14 17 16 18 17 19 8 5 5 3 0 2 2 2 1 0 0 0 0 0 0 0 0 1 2 3 3 1 0 0 0 2 0 0 0 0 0 0 0 0 0 0 0 0 0 0 0 0 0 0 0 0 0 0 0 0 0 0 0 7 8 7 32 53 23 16 10 0 3 0 0 0 0 0 0 0 0 0 0 3 23 32 5 1 2 2 0 0 1 2 2 3 4 5 5 5 4 4 5 5 5 5 5 6 7 10 20 25 22 8 7 6 6 5 6 5 6 5 4 6 7 6 4 5 4 2 0 0 0 0 0 0 0 1 1 0 0 0 0 0 0 0 0 0 0 0 0 0 0 0 0 0 0 0 0 0 0 0 1 2 2 2 2 0 0 0 0 0 2 0 1 3 4 4 12 36 40 14 2 2 0 2 0 3 8 13 34 19 10 5 1 2 0 2 2 0 0 0 2 1 3 2 2 3 0 0 0 0 0 0 0 0 0 0 0 0 0 2 0 0 0 3 2 1 1 2 2 5 4 11 18 23 55 120 210 255 255 167 53 23 8 4 2 3 0 4 4 4 3 4 2 5 2 0 2 2 0 0 0 0 0 0 0 0 0 4 11 69 206 235 161 68 45 71 174 170 148 163 170 189 195 199 197 194 187 180 169 175 183 189 194 193 188 185 175 164 87 32 15 8 5 4 5 5 3 2 2 0 0 0 0 0 0 2 0 0 0 2 3 3 3 0 2 2 6 3 12 21 86 162 111 24 10 4 3 0 0 0 0 0 0 0 0 0 2 3 3 2 2 0 0 0 0 0 2 4 5 6 5 7 8
118 30 8 0 0 0 0 0 0 2 0 3 11 42 32 7 5 4 3 4 0 0 0 2 2 2 2 2 1 2 2 0 0 0 0 0 0 0 0 2 2 2 0 0 2 2 2 1 0 0 0 0 0 0 2 2 2 1 0 0 0 1 2 3 3 4 4 5 5 5 5 7 7 6 5 6 6 6 6 6 6 7 7 7 6 6 6 6 6 5 5 6 5 5 5 6 5 5 5 5 4 4 3 3 3 3 4 4 4 6 6 6 8 9 9 8 8 9 9 10 9 7 7 7 8 9 9 8 8 9 10 23 86 254 255 254 255 154 31 18 9 10 11 11 10 7 5 4 5 7 5 7 8 10 9 14 21 19 13 7 5 5 3 1 2 0 2 1 0 0 0 0 0 2 4 3 4 4 3 0 0 0 2 0 0 0 0 0 0 0 0 0 0 0 0 0 0 0 0 0 0 0 0 0 0 0 0 0 0 0 7 7 7 33 50 26 15 11 1 3 0 0 0 0 0 0 0 0 0 0 3 23 32 5 2 3 2 0 3 4 4 6 6 5 5 6 10 10 11 11 12 15 18 20 22 24 29 41 39 37 28 18 15 14 16 16 17 18 20 22 20 14 14 16 11 8 8 5 4 3 3 2 2 1 0 2 2 1 0 0 0 0 0 0 0 0 0 0 0 0 0 0 0 0 0 0 0 0 0 0 0 0 0 0 2 2 2 2 2 2 2 3 3 4 6 9 25 44 22 8 2 0 2 0 2 8 12 31 22 12 5 2 2 0 2 0 2 0 0 1 2 2 3 2 4 0 0 0 0 0 0 0 0 0 0 0 0 2 0 0 0 0 4 2 0 2 2 2 6 4 11 19 23 62 131 215 255 255 153 50 22 6 5 0 3 1 4 3 4 4 3 2 5 2 0 3 0 0 0 0 0 0 0 0 0 0 6 10 81 215 232 157 57 56 120 197 204 195 185 197 196 191 171 153 131 118 113 120 117 123 132 129 134 135 148 163 171 157 77 35 17 17 10 4 4 3 0 2 2 2 0 0 0 0 0 2 0 0 0 0 0 0 3 4 5 5 4 8 15 65 150 145 41 14 4 0 3 0 0 0 0 0 0 2 2 0 0 0 2 2 0 0 0 0 0 4 4 5 5 8 11 14
95 25 6 0 0 0 0 0 0 0 2 1 5 19 46 21 7 5 2 3 4 3 1 0 2 1 2 2 2 2 2 2 2 2 0 0 0 0 0 0 0 0 2 2 2 0 0 1 2 2 2 2 2 0 0 0 0 1 2 2 2 0 0 0 0 0 0 0 2 2 3 4 4 4 5 4 4 5 5 5 6 6 6 6 6 6 5 5 5 6 5 5 6 6 6 6 7 7 7 8 8 8 8 9 9 9 9 9 9 9 8 10 8 7 8 8 8 8 7 6 6 6 5 6 5 5 5 6 5 10 10 28 76 251 255 254 255 175 32 12 11 11 8 5 5 6 5 5 5 6 8 6 8 8 9 8 14 19 17 17 13 6 4 4 2 3 1 1 2 0 1 3 4 5 6 7 4 3 3 3 0 2 1 0 0 0 0 0 0 0 0 0 0 0 0 0 0 0 0 0 0 0 0 0 0 0 0 0 0 0 7 6 7 32 46 28 16 13 2 3 0 0 0 0 0 0 0 0 0 0 2 19 36 5 3 3 3 5 7 7 9 10 12 17 20 22 23 25 28 31 34 37 39 45 58 71 78 79 77 76 58 45 38 34 36 37 35 39 43 45 46 52 46 36 25 21 15 12 7 4 3 2 2 2 3 1 0 1 2 2 2 1 0 0 0 0 0 0 0 0 0 0 0 0 0 0 0 0 0 0 0 0 0 0 0 0 0 0 0 0 1 2 3 0 5 7 17 35 33 15 2 2 0 2 2 7 8 34 19 14 6 3 2 0 2 0 2 0 0 0 0 2 2 3 4 1 0 0 0 0 0 0 0 0 0 0 0 2 0 0 0 0 2 4 1 1 2 2 6 3 11 21 23 70 141 218 255 253 149 42 22 4 5 0 3 2 3 3 5 4 2 2 5 1 0 3 0 0 0 0 0 0 0 0 0 0 6 11 99 221 229 152 66 85 183 231 206 196 190 173 157 118 81 54 40 36 33 27 33 32 25 34 47 78 95 136 166 174 143 68 37 17 14 12 7 4 4 3 2 2 2 2 0 0 0 2 0 0 0 0 0 0 0 2 4 6 5 8 12 49 110 158 74 18 6 4 3 3 2 0 0 0 2 2 0 0 0 0 2 3 3 2 3 5 5 5 11 13 15 20 17 22
78 18 5 0 0 0 0 0 0 0 1 1 2 7 24 44 22 7 5 1 3 3 3 3 2 2 0 1 2 2 2 2 2 2 2 2 0 0 0 0 0 0 0 0 0 2 2 2 0 0 0 0 0 2 2 2 2 2 1 0 0 2 2 2 1 0 0 0 0 0 0 0 0 1 2 3 3 3 3 4 4 5 4 4 5 4 4 5 4 5 5 6 6 6 6 6 6 6 6 6 6 6 6 5 5 6 5 5 5 5 6 4 4 4 4 4 4 3 3 3 4 4 4 4 5 4 4 4 4 6 11 26 65 247 255 254 255 194 29 12 4 3 4 3 3 4 5 4 4 3 5 6 5 5 8 8 9 12 18 21 19 22 19 14 12 8 5 4 3 4 5 4 5 6 5 2 2 2 2 2 2 0 0 0 0 0 0 0 0 0 0 0 0 0 0 0 0 0 0 0 0 0 0 0 0 0 0 0 0 0 7 6 8 26 49 30 15 14 2 3 0 0 0 0 0 0 0 0 0 0 2 17 37 9 4 6 9 13 16 21 24 28 36 46 54 66 79 91 95 98 95 89 90 92 87 92 108 109 108 91 81 74 81 81 80 84 89 88 88 88 92 87 87 79 61 49 25 16 14 9 6 4 2 2 1 2 2 0 0 0 0 1 2 2 2 2 1 0 0 0 0 0 0 0 0 0 0 0 0 1 2 1 0 0 0 0 0 0 0 0 0 3 0 3 4 7 12 26 35 20 6 3 0 2 0 6 8 34 20 14 8 4 1 1 2 0 2 0 0 0 0 1 2 3 3 3 0 2 2 2 0 0 0 0 0 0 0 2 0 0 0 0 3 3 2 0 0 4 5 4 11 22 26 75 147 225 255 250 131 37 18 5 4 0 3 2 4 3 5 4 2 1 6 0 0 3 0 0 0 0 0 0 0 0 0 0 7 13 108 224 224 152 79 136 232 229 196 164 126 84 45 26 20 18 20 14 14 13 11 11 12 12 18 30 65 83 128 169 181 134 58 37 26 15 11 11 9 9 9 6 6 2 2 2 0 2 0 0 0 0 0 0 0 4 2 5 4 7 9 36 82 155 120 24 9 4 0 0 3 0 0 0 2 0 0 0 2 2 2 2 2 5 5 6 5 10 16 25 35 35 39 38
61 12 4 0 0 0 0 0 0 0 0 2 2 3 9 27 37 29 8 6 4 2 2 2 3 3 3 2 0 1 0 2 2 0 2 2 2 2 0 0 0 0 0 0 0 0 0 0 2 2 0 0 0 0 0 0 0 0 1 2 2 2 2 1 1 2 2 2 2 2 0 0 0 0 0 0 0 0 2 2 0 0 2 2 2 4 4 4 4 4 4 4 4 4 4 4 4 4 4 4 4 3 4 4 4 4 4 4 4 4 3 3 3 4 5 3 3 3 4 4 4 5 8 6 4 4 4 4 6 12 12 20 71 242 255 254 255 211 29 9 3 3 3 0 0 2 2 3 4 3 3 2 3 5 6 10 9 9 10 11 17 20 19 21 19 18 19 17 13 9 5 5 3 1 1 2 3 2 0 0 0 0 0 0 0 0 0 0 0 0 0 0 0 0 0 0 0 0 0 0 0 0 0 0 0 0 0 0 0 0 5 6 9 22 50 32 16 13 3 4 0 0 0 0 0 0 0 0 0 0 3 15 32 11 6 13 18 26 31 47 62 87 98 107 109 108 101 98 96 92 91 85 76 74 72 71 78 69 65 79 83 94 94 93 93 89 88 83 75 69 62 66 68 75 96 90 76 50 25 17 9 7 6 2 1 2 2 2 0 0 0 0 0 0 0 0 1 2 2 2 2 2 2 2 2 2 2 2 2 1 0 1 2 0 0 0 0 0 0 0 0 2 2 2 3 8 11 17 30 33 9 3 1 2 0 5 8 31 22 14 10 3 0 2 2 2 0 0 0 0 0 0 3 0 4 4 2 0 0 0 2 0 0 0 0 0 0 2 0 0 0 0 3 3 2 0 0 5 5 5 10 21 31 87 154 230 255 245 117 33 16 5 4 0 3 2 4 2 6 4 2 0 6 0 0 3 0 0 0 0 0 0 0 0 0 0 8 15 117 231 224 144 111 206 243 203 154 72 45 24 20 13 12 10 10 7 6 8 8 7 9 10 9 13 22 60 96 134 174 175 134 72 41 37 24 19 11 11 11 12 13 11 9 7 4 3 3 2 2 0 2 2 3 5 0 6 4 5 7 25 66 151 142 36 9 7 0 0 2 2 0 0 2 0 0 2 2 2 3 2 2 4 5 5 10 29 49 74 94 97 111 120
48 10 2 0 0 0 0 0 0 0 0 0 2 1 3 8 23 40 40 15 8 5 3 2 2 2 3 3 4 3 2 1 0 2 2 0 1 2 2 2 2 1 0 0 0 0 0 0 0 0 2 2 2 0 0 0 0 0 0 0 0 0 0 1 2 2 2 2 2 2 3 2 2 2 0 0 0 0 0 0 0 0 0 0 0 0 0 0 0 0 0 0 0 0 0 0 0 0 0 2 3 3 3 3 3 3 3 3 3 3 3 3 3 5 4 4 5 5 4 4 3 3 2 3 4 6 6 5 9 13 11 19 82 232 255 252 255 226 33 6 2 2 2 2 2 3 2 2 3 1 3 0 0 0 3 3 5 5 9 10 10 9 12 15 17 21 21 15 16 14 7 4 2 2 1 0 0 0 0 0 0 0 0 0 0 0 0 0 0 0 0 0 0 0 0 0 0 0 0 0 0 0 0 0 0 0 0 0 0 0 4 6 9 21 50 33 17 12 3 4 0 0 0 0 0 0 0 0 0 0 4 15 28 18 17 20 50 65 86 102 104 92 85 68 59 51 43 37 39 38 38 38 38 32 36 41 36 22 18 18 25 29 32 32 31 28 27 29 30 33 33 32 36 41 43 59 82 84 68 35 22 12 8 6 4 2 1 2 3 2 0 0 0 0 0 0 0 0 0 0 0 0 0 0 0 0 0 0 0 0 0 0 0 2 2 0 0 0 0 0 0 2 0 3 1 7 9 18 27 36 12 3 3 2 0 5 7 30 23 14 11 5 0 1 2 2 0 0 0 0 0 0 2 2 5 4 0 1 2 2 2 1 0 0 0 0 0 2 0 0 0 0 3 0 4 0 0 5 5 5 14 16 39 93 162 238 255 234 100 35 10 6 3 0 3 2 4 3 5 4 2 2 5 0 0 3 0 0 0 0 0 0 0 0 0 0 8 16 133 233 220 152 162 243 224 169 75 30 27 14 7 7 6 7 7 7 6 5 5 5 5 7 10 13 15 23 55 109 147 184 181 152 96 55 45 34 25 18 12 12 13 17 15 13 15 11 8 4 5 5 4 3 3 3 4 4 3 6 7 19 52 136 156 47 11 8 3 0 0 3 0 2 3 4 3 0 2 3 3 4 4 5 5 15 52 106 127 137 135 148 148 149
36 8 0 0 0 0 0 0 0 0 0 0 1 2 0 3 8 17 31 43 35 17 8 4 3 3 2 3 3 3 3 3 2 2 0 2 2 0 1 2 2 2 2 2 1 0 0 0 0 0 0 0 0 2 2 2 0 0 1 0 0 0 0 0 0 0 0 0 0 0 0 2 2 2 3 3 3 3 2 2 0 0 0 0 0 0 0 0 0 0 0 0 0 0 0 0 0 1 2 1 0 0 1 2 2 0 0 1 3 2 3 3 5 4 3 4 4 4 4 5 5 4 4 7 11 12 12 16 15 16 24 37 99 224 255 249 255 242 33 4 3 3 3 2 0 2 0 1 1 1 3 0 0 0 0 3 2 4 2 5 8 7 7 8 12 14 16 15 14 19 10 6 2 2 2 2 1 0 0 0 0 0 0 0 0 0 0 0 0 0 0 0 0 0 0 0 0 0 0 0 0 0 0 0 0 0 0 0 0 0 4 5 9 21 45 37 18 12 4 4 0 0 0 0 0 0 0 0 0 0 4 15 28 23 31 70 81 80 76 55 45 34 30 29 28 25 23 20 16 15 16 24 30 26 22 28 23 18 15 14 14 16 11 13 13 14 12 12 12 11 10 12 11 13 18 25 39 58 81 76 49 31 18 11 6 5 4 1 2 2 3 0 0 0 0 0 0 0 0 0 0 0 0 0 0 0 0 0 0 0 0 0 0 0 0 2 1 0 0 2 3 2 0 3 2 7 8 14 27 37 16 5 1 3 1 4 8 27 25 13 11 5 2 0 3 2 0 0 0 0 0 0 1 2 5 3 0 2 0 0 1 3 0 0 0 0 0 2 0 0 0 0 2 2 4 0 0 5 5 5 16 15 45 97 180 244 255 222 88 29 8 6 3 3 2 2 3 4 5 4 2 4 3 0 0 3 0 0 0 0 0 0 0 0 0 1 9 18 143 238 218 170 221 243 196 101 41 24 11 5 6 4 5 1 2 2 0 0 0 0 0 0 2 6 9 13 23 52 117 153 187 191 171 130 88 58 55 37 36 32 26 25 22 22 18 17 20 18 15 10 7 8 8 6 8 4 4 5 8 15 45 109 159 71 20 9 5 3 2 3 4 6 4 2 5 6 6 5 5 4 9 8 19 41 110 116 118 123 121 117 113 112
24 5 0 0 0 0 0 0 0 0 0 0 0 1 2 0 2 7 12 26 32 45 39 18 10 5 3 3 2 2 3 3 3 3 2 2 1 2 2 1 0 0 2 2 1 2 2 2 2 1 0 0 0 0 0 0 2 2 2 1 0 0 0 0 0 0 0 0 0 0 0 0 0 0 0 0 0 0 2 2 3 3 3 3 3 2 2 2 2 1 0 0 0 0 0 1 2 1 0 0 1 2 2 1 1 2 2 4 4 4 4 4 4 4 5 7 8 8 10 14 18 21 24 28 27 29 30 30 36 48 57 83 119 215 255 249 255 248 33 4 3 2 2 2 2 0 2 2 0 3 1 2 0 0 0 2 2 0 4 3 3 7 7 6 6 5 8 13 14 27 14 6 1 0 0 0 1 2 0 0 0 0 0 0 0 0 0 0 0 0 0 0 0 0 0 0 0 0 0 0 0 0 0 0 0 0 0 0 0 0 3 6 8 20 43 38 20 12 4 4 0 0 0 0 0 0 0 0 0 0 5 22 30 29 70 76 55 39 32 30 22 22 18 15 12 12 11 12 10 9 9 16 24 26 23 18 14 11 12 12 10 10 15 14 14 12 12 11 9 8 9 7 10 13 12 12 18 32 45 79 84 61 39 25 16 9 8 7 4 3 2 3 2 0 0 0 0 0 0 0 0 0 0 0 0 0 0 0 0 0 0 0 0 0 0 0 2 0 2 0 2 0 2 2 4 5 11 12 29 35 22 5 0 4 2 2 9 20 31 12 13 7 2 0 3 0 2 0 0 0 0 0 0 3 5 4 0 2 0 0 0 1 2 0 0 0 0 2 0 0 0 2 0 2 4 0 0 6 5 6 14 17 50 116 185 248 255 207 78 22 9 4 4 3 2 3 3 5 4 3 2 5 2 0 3 0 0 0 0 0 0 0 0 0 0 3 9 21 154 240 214 200 247 222 154 57 23 12 8 5 3 3 1 0 2 2 0 0 0 0 0 0 0 2 6 9 10 17 42 102 145 184 195 196 169 143 106 82 70 59 58 52 54 54 56 50 38 30 26 24 18 10 6 7 8 8 9 7 11 17 40 79 154 104 33 12 7 6 4 5 7 7 9 10 11 10 8 8 10 10 14 13 28 83 140 109 103 93 86 66 48 48
16 3 0 0 0 0 0 0 0 0 0 0 0 0 2 2 0 0 4 9 14 22 31 50 44 29 17 10 6 3 2 2 2 3 4 4 3 3 2 1 2 1 0 0 2 2 1 0 0 1 2 2 2 2 0 0 0 0 0 2 2 2 2 2 2 0 0 0 1 2 2 2 2 1 0 0 0 0 0 0 0 0 0 0 0 2 2 2 2 2 3 3 3 3 3 2 0 0 1 2 2 3 4 4 4 4 4 4 2 4 6 12 13 21 32 35 43 49 52 53 55 57 64 74 76 77 86 90 98 112 115 118 130 203 255 252 255 252 41 5 3 1 2 3 3 2 0 2 0 3 0 0 2 0 0 2 0 2 0 3 3 3 6 6 7 7 8 9 7 21 20 8 5 1 0 0 0 2 0 0 0 0 0 0 0 0 0 0 0 0 0 0 0 0 0 0 0 0 0 0 0 0 0 0 0 0 0 0 0 0 2 6 8 18 41 43 20 9 6 3 0 0 0 0 0 0 0 0 0 0 9 29 37 50 74 47 31 31 24 15 13 12 11 9 10 7 7 7 8 8 9 14 25 29 30 22 16 10 6 6 6 5 5 5 6 6 6 7 9 10 9 10 5 3 6 10 11 18 36 51 79 107 89 51 36 26 17 8 8 7 6 5 3 4 3 3 2 0 0 0 0 0 0 0 0 0 0 0 1 2 2 2 2 2 2 3 4 3 2 2 3 2 2 1 4 6 12 17 19 42 23 6 1 3 2 2 7 19 29 17 12 7 4 2 1 0 0 2 0 0 0 0 0 3 4 5 0 2 0 0 0 0 2 1 0 0 0 2 0 0 0 2 0 2 4 0 1 7 5 8 15 17 53 130 191 253 255 191 63 21 8 4 4 3 2 4 0 6 3 3 2 5 2 0 3 0 0 0 0 0 0 0 0 0 0 5 9 26 158 243 215 229 244 194 90 35 17 11 5 4 1 3 0 0 2 2 0 0 0 0 0 0 0 0 2 6 7 8 15 26 74 124 168 190 201 197 170 153 130 115 105 101 93 90 86 91 96 88 64 48 42 31 24 15 8 6 9 10 15 13 33 56 136 139 38 15 12 9 8 5 8 14 15 15 8 11 11 7 7 11 9 19 45 137 134 94 92 69 58 34 36 30
9 0 0 0 0 0 0 0 0 0 0 0 0 0 0 2 2 1 0 0 5 9 14 14 26 44 48 38 28 14 9 5 3 1 1 2 4 3 3 3 3 2 2 2 0 0 1 2 2 2 2 0 0 0 2 2 2 2 2 1 0 0 0 0 0 2 2 2 1 0 0 0 0 0 0 0 0 0 0 0 0 0 0 0 0 0 0 0 0 0 0 1 2 0 2 2 3 3 3 4 5 4 3 3 3 3 3 5 7 12 27 48 67 81 87 98 96 104 114 121 128 132 131 128 130 132 133 133 133 132 122 105 88 168 254 252 255 254 54 6 3 0 3 2 2 0 0 0 0 0 0 0 1 1 0 2 0 0 2 0 2 3 3 4 4 6 7 6 8 23 15 10 5 3 1 0 0 2 0 0 0 0 0 0 0 0 0 0 0 0 0 0 0 0 0 0 0 0 0 0 0 0 0 0 0 0 0 0 0 0 2 5 8 17 40 36 27 7 8 3 0 0 0 0 0 0 0 0 0 0 13 41 43 76 57 28 24 21 18 10 10 7 7 7 5 6 5 5 3 4 4 10 22 24 18 9 5 3 4 3 2 2 2 2 2 4 4 4 4 4 4 4 8 9 7 8 16 18 22 34 56 67 103 117 85 55 37 29 18 8 6 6 6 6 4 2 1 3 3 3 3 2 2 2 2 2 2 2 1 0 0 0 0 1 2 0 2 0 0 2 0 0 0 0 5 9 12 13 22 36 18 11 3 2 4 1 6 19 25 19 14 6 5 2 0 0 0 0 2 0 0 0 0 2 5 3 3 2 0 0 0 0 1 2 0 0 2 0 0 0 0 2 0 2 4 0 3 7 5 8 15 21 61 136 204 255 255 170 50 21 7 1 5 1 2 4 0 6 3 3 1 5 1 0 3 0 0 0 0 0 0 0 0 0 2 4 10 30 158 243 224 246 224 150 51 20 15 8 4 1 3 0 0 2 0 0 2 0 0 2 2 2 0 0 0 0 4 7 7 13 18 37 86 145 169 186 203 201 190 172 166 167 171 176 178 177 176 169 161 151 121 96 73 40 27 16 10 10 13 16 31 48 101 153 71 25 13 10 10 21 26 19 18 15 19 11 12 10 12 18 17 38 73 150 130 87 73 46 32 26 21 14
5 0 0 0 0 0 0 0 0 0 0 0 0 0 0 0 2 2 2 1 0 2 4 10 13 14 20 31 41 46 36 23 13 9 5 3 1 2 2 3 2 3 3 3 2 2 2 1 0 0 0 2 2 2 2 2 1 0 0 0 0 0 0 0 0 0 0 0 0 0 0 0 0 0 0 0 0 0 0 0 0 0 0 0 0 0 0 0 0 1 2 1 0 0 2 2 1 2 4 4 1 0 0 3 3 4 6 8 29 50 82 107 131 129 139 140 143 141 139 134 133 133 129 124 114 110 98 85 78 70 47 28 35 132 254 254 255 254 81 7 3 0 3 2 2 0 0 0 0 0 0 0 0 1 2 2 0 0 0 2 1 2 3 2 3 3 5 7 9 20 18 11 5 2 2 1 0 0 2 0 0 0 0 0 0 0 0 0 0 0 0 0 0 0 0 0 0 0 0 0 0 0 0 0 0 0 0 0 0 0 2 5 7 14 42 35 27 10 8 3 0 0 0 0 0 0 0 0 1 3 16 49 63 74 48 23 22 22 8 8 8 5 6 4 5 4 3 3 3 2 2 9 21 25 11 10 4 2 2 2 2 3 2 1 3 2 2 2 0 1 2 2 2 3 6 10 10 12 25 20 22 43 56 80 109 116 80 53 42 34 22 11 6 5 7 9 8 4 2 2 1 2 2 1 0 0 0 0 0 0 0 0 1 1 0 0 1 1 0 2 0 0 0 3 6 11 19 16 29 24 11 12 4 3 5 2 6 17 26 19 13 5 7 0 0 0 0 0 2 0 0 0 0 2 5 2 2 3 0 0 0 0 2 2 0 0 2 0 0 0 0 2 0 2 4 0 4 5 5 9 13 25 77 143 214 255 253 143 48 15 8 1 5 0 2 4 0 6 4 2 0 6 0 0 3 0 0 0 0 0 0 0 0 0 2 4 12 30 154 235 238 243 188 81 30 16 12 6 4 1 3 0 0 2 0 0 3 2 2 2 0 2 2 0 0 0 0 3 4 6 8 10 16 33 80 141 166 180 190 197 203 204 206 207 211 209 208 211 211 204 197 183 163 125 80 50 30 20 18 18 24 49 73 154 106 34 25 22 36 78 101 91 57 27 22 26 20 19 16 17 25 53 108 154 106 62 38 31 21 12 12 14
2 0 0 0 0 0 0 0 0 0 0 0 0 0 0 0 0 1 2 1 2 1 0 2 3 7 11 11 14 23 34 43 41 31 20 13 8 5 4 3 2 2 2 3 3 3 3 3 2 2 1 0 0 0 0 0 1 2 2 2 2 2 0 0 0 0 0 0 0 0 0 0 0 0 0 0 0 0 0 0 0 0 0 0 0 0 0 2 2 1 0 2 2 2 0 2 3 4 0 0 0 3 4 5 8 12 19 43 75 120 138 137 129 130 105 86 75 65 55 49 42 29 24 24 22 17 16 15 11 11 10 9 17 86 254 254 254 255 104 8 3 0 3 2 2 0 0 0 0 0 0 0 0 0 0 2 2 0 0 0 1 2 2 3 3 3 3 4 9 20 17 10 9 2 2 3 0 0 2 0 0 0 0 0 0 0 0 0 0 0 0 0 0 0 0 0 0 0 0 0 0 0 0 0 0 0 0 0 0 0 2 5 6 14 32 43 22 15 8 3 2 0 0 0 0 0 0 1 1 5 17 48 79 78 36 22 20 13 10 6 4 5 3 2 2 0 0 0 0 1 4 15 19 25 5 5 1 0 0 0 0 0 2 3 3 2 2 1 2 2 2 2 2 5 9 11 12 20 12 13 12 12 20 34 59 84 112 103 77 58 48 37 32 23 13 7 6 8 9 6 4 3 3 3 4 4 3 2 0 0 0 1 1 0 0 0 0 2 1 1 0 2 3 5 13 18 16 21 25 17 7 6 10 5 6 0 6 17 26 19 13 6 4 5 1 0 0 0 2 0 0 0 0 2 5 1 2 2 0 0 0 0 2 1 0 0 2 0 0 0 1 1 1 1 4 1 4 5 6 11 13 34 78 155 225 255 247 120 43 12 6 3 4 0 3 4 0 6 4 2 3 4 0 0 3 0 0 0 0 0 0 0 0 1 1 5 13 28 146 222 232 219 141 45 17 11 7 5 4 3 0 0 2 3 2 2 2 0 0 0 0 0 0 2 2 0 0 0 3 3 5 7 10 11 11 28 59 119 153 168 171 170 169 165 157 162 167 169 175 187 196 204 201 196 164 114 70 38 33 30 28 53 76 154 122 58 40 57 131 155 163 161 101 55 36 23 21 21 27 27 43 77 139 141 66 50 28 18 14 14 12 11
0 0 0 0 0 0 0 0 0 0 0 0 0 0 0 0 0 0 0 2 2 1 2 2 1 0 2 4 7 11 13 20 31 37 44 37 28 17 11 7 5 4 3 3 2 3 3 2 3 3 3 2 2 2 2 2 0 0 0 0 0 0 2 2 2 0 0 0 0 0 0 0 0 0 0 0 0 0 0 0 0 0 0 0 1 2 2 0 2 2 2 0 0 2 3 3 3 0 0 3 4 5 9 10 20 36 68 104 128 132 101 68 40 21 18 11 10 11 11 9 7 6 6 6 6 5 4 3 4 5 3 3 9 67 249 254 254 255 130 10 3 0 3 2 2 0 0 0 0 0 0 0 0 0 0 2 0 2 0 0 0 0 1 2 3 4 3 3 6 14 22 10 7 4 3 2 2 0 1 1 0 0 0 0 0 0 0 0 0 0 0 0 0 0 0 0 0 0 0 0 0 0 0 0 0 0 0 0 0 0 1 2 6 15 27 47 22 19 8 3 3 0 0 0 0 0 0 2 0 9 22 50 95 72 29 22 18 10 7 4 5 2 0 2 0 0 0 2 2 1 4 19 25 16 6 1 0 0 0 0 0 0 1 1 1 2 0 1 2 2 1 0 5 7 9 7 16 12 9 4 3 5 10 12 20 32 59 100 112 107 91 82 63 44 42 37 21 13 9 9 9 7 4 4 5 4 3 3 5 5 4 3 3 3 2 2 2 3 3 4 4 5 7 15 16 16 15 26 19 6 4 6 8 8 8 4 7 16 25 18 12 7 4 2 4 1 1 2 1 2 2 2 0 3 5 2 0 2 0 0 0 0 3 0 0 0 2 0 0 0 2 0 2 0 3 2 4 5 6 13 13 43 86 167 239 255 230 108 34 9 5 4 4 1 3 3 3 5 3 2 4 3 0 0 3 0 0 0 0 0 0 0 0 2 1 5 14 26 143 218 218 170 80 37 16 7 5 6 2 3 2 2 0 2 0 0 2 0 0 0 0 0 0 0 0 2 2 0 0 3 3 3 3 6 10 9 14 18 37 50 56 57 57 61 67 63 64 75 93 114 143 153 167 183 196 183 141 104 59 46 49 52 80 149 138 79 73 109 168 173 166 169 151 72 43 35 26 29 33 34 47 94 155 117 55 38 24 21 14 11 9 4
0 0 0 0 0 0 0 0 0 0 0 0 0 0 0 0 0 0 0 0 0 2 2 1 1 2 2 0 2 2 3 6 9 16 22 34 45 46 37 25 13 10 7 4 4 3 2 4 4 4 3 3 3 2 2 0 2 2 2 2 2 2 2 2 0 0 0 0 0 0 0 0 0 0 0 0 2 2 2 2 2 2 2 2 2 2 2 2 0 0 1 2 3 3 3 2 0 3 4 6 10 13 22 44 57 71 100 114 114 68 33 18 10 6 5 4 5 4 3 3 2 2 1 0 0 2 3 2 0 4 4 3 8 45 240 255 254 255 151 12 3 0 3 2 2 0 0 0 0 0 0 0 0 0 0 2 0 0 2 1 0 0 0 0 0 3 5 5 5 11 22 8 10 4 4 3 2 0 0 2 0 0 0 0 0 0 0 0 0 0 0 0 0 0 0 0 0 0 0 0 0 0 0 0 0 0 0 0 0 0 0 0 6 12 25 43 31 18 8 4 3 0 0 0 0 0 1 0 4 9 22 57 106 66 23 21 15 9 6 4 3 0 2 0 0 2 2 0 0 0 7 21 26 12 4 0 0 0 0 0 0 1 1 0 0 0 2 2 0 0 2 6 7 9 8 14 12 7 2 3 4 6 4 6 8 14 21 30 57 88 108 105 107 106 85 63 47 37 25 13 12 13 14 11 9 8 8 8 8 7 7 6 6 4 5 5 6 6 5 7 8 9 13 14 16 15 26 21 13 4 3 2 8 7 12 8 8 22 23 17 11 6 5 2 2 5 2 1 2 2 2 2 3 4 4 2 2 0 0 0 0 2 2 0 0 0 2 0 0 0 2 0 2 0 3 2 4 5 8 13 14 53 101 181 248 255 212 82 26 8 4 4 3 2 3 2 4 4 3 2 5 2 0 3 0 0 0 0 0 0 0 0 0 2 4 5 14 37 155 215 203 135 50 33 20 5 5 4 5 5 2 0 0 2 0 0 0 2 0 0 0 0 0 0 0 0 0 2 2 0 3 4 2 3 4 5 5 5 6 8 11 13 14 12 12 19 23 25 31 48 58 76 118 144 165 186 192 160 130 84 73 66 89 148 144 98 110 149 165 138 138 167 170 110 66 56 42 45 41 49 83 128 154 93 48 37 23 14 10 7 7 7
0 0 0 0 0 0 0 0 0 0 0 0 0 0 0 0 0 0 0 2 2 2 2 2 2 2 2 2 2 2 3 3 1 2 6 8 13 23 33 46 52 40 26 15 10 6 4 3 0 2 3 4 4 4 3 3 3 3 0 0 0 0 0 0 2 1 0 0 0 0 0 0 0 0 0 0 1 2 2 2 2 2 2 3 2 2 2 1 2 2 2 3 3 2 2 3 5 5 8 12 26 48 65 69 75 76 103 111 64 23 9 5 3 4 2 2 0 0 2 2 2 2 2 2 2 3 3 3 2 4 4 0 5 35 219 255 252 255 177 12 4 0 3 2 2 0 0 0 0 0 0 0 0 0 1 1 0 0 0 1 2 0 0 0 0 0 3 4 7 12 20 11 9 5 4 3 4 0 0 2 0 0 0 0 0 0 0 0 0 0 0 0 0 0 0 0 0 0 0 0 0 0 0 0 0 0 0 0 0 0 0 0 4 10 23 43 34 16 12 4 3 0 0 0 0 0 0 2 4 14 21 63 108 58 25 16 12 8 6 3 1 0 2 1 2 0 0 0 0 2 8 23 24 9 3 0 0 0 0 0 0 2 0 0 0 0 0 0 2 3 6 6 8 7 12 12 7 1 2 2 1 2 6 5 5 5 8 13 24 30 48 73 90 107 115 117 103 78 56 47 34 20 18 20 22 20 16 11 11 11 10 9 7 7 9 11 10 12 14 10 11 13 18 19 15 23 21 15 7 4 3 5 5 8 8 10 13 22 20 19 10 6 6 4 3 2 5 4 1 0 2 2 2 5 3 2 1 0 0 0 0 2 2 0 0 1 1 0 0 0 2 2 0 3 0 3 4 5 8 13 16 61 112 195 253 255 181 71 20 7 4 4 3 2 4 1 4 4 2 2 5 2 0 3 0 0 0 0 0 0 0 0 0 2 5 5 11 46 168 215 193 113 51 26 18 5 5 5 6 3 2 2 2 0 0 0 0 2 2 2 2 2 2 2 2 2 2 2 2 3 3 4 6 4 3 4 4 4 4 4 3 4 5 8 9 11 11 15 21 20 26 41 48 83 131 154 182 194 181 158 123 120 118 164 149 89 123 154 157 122 121 158 165 137 120 104 87 78 84 109 138 155 144 83 39 34 18 15 9 9 7 7
0 0 1 2 1 0 0 0 0 0 1 2 2 2 2 2 2 2 2 0 0 0 0 0 0 1 2 2 2 0 1 2 3 4 3 3 5 7 11 14 23 34 47 49 40 20 10 6 6 4 3 1 0 0 2 3 3 3 4 4 4 3 3 3 2 2 2 2 2 1 0 0 0 0 0 0 0 1 1 0 0 0 0 0 0 0 2 3 4 4 4 4 3 4 4 5 8 14 26 53 68 71 68 57 32 48 114 100 31 10 4 3 2 2 1 2 2 2 0 0 0 0 0 0 0 2 2 0 2 3 4 2 4 30 191 255 252 255 202 16 4 0 3 2 1 0 0 0 0 0 0 0 0 0 2 0 0 0 0 0 0 2 2 0 0 0 2 3 6 13 23 10 9 5 3 4 2 3 3 4 3 2 0 0 0 0 0 0 0 0 0 0 0 0 0 0 0 0 0 0 0 0 0 0 0 0 0 0 0 0 0 0 2 11 21 38 41 15 12 6 3 0 0 0 0 0 2 2 5 18 24 79 108 40 25 13 13 5 4 4 2 3 2 1 0 0 0 0 0 4 8 27 22 8 3 0 0 0 0 0 0 2 0 0 0 0 0 2 4 6 9 9 7 14 11 8 2 1 0 0 1 1 3 2 4 6 7 8 5 12 16 22 29 45 60 83 103 112 104 78 70 73 65 47 37 35 33 27 21 20 20 17 20 16 14 11 12 12 10 13 18 23 19 17 25 21 16 8 4 4 4 4 4 4 7 8 15 23 23 19 8 10 4 2 4 2 2 4 4 4 2 2 3 5 5 1 0 0 0 0 1 2 1 0 0 2 0 0 0 0 2 2 3 0 0 3 4 7 7 13 23 68 124 209 255 255 154 55 17 4 4 3 2 3 4 0 5 4 3 1 5 1 0 3 0 0 0 0 0 0 0 0 0 4 5 8 11 63 185 202 175 122 55 34 12 10 7 3 5 5 5 5 5 5 3 2 2 3 2 0 0 0 0 0 0 0 0 0 0 3 3 3 3 5 6 5 4 3 3 3 4 4 5 5 6 6 7 6 8 10 13 14 22 34 47 100 149 172 194 196 188 169 171 169 154 133 151 153 113 85 80 117 164 165 162 155 153 150 149 154 163 152 97 54 43 25 21 11 10 8 8 12
2 2 2 2 3 3 2 2 2 2 1 0 0 0 0 0 0 0 0 0 0 0 0 0 0 0 0 0 0 2 2 2 1 0 1 2 2 2 3 5 6 10 14 25 33 51 52 31 18 8 8 7 5 4 3 2 2 0 0 2 2 3 3 3 3 3 3 2 2 2 2 2 0 0 0 0 0 0 1 2 2 2 2 3 3 4 4 3 3 2 2 3 4 4 8 15 26 52 71 68 65 50 27 10 7 48 114 89 18 5 4 2 2 3 1 0 0 0 0 0 0 0 0 0 0 2 2 0 0 3 5 0 3 21 175 255 254 255 219 20 4 0 2 3 0 0 0 0 0 0 0 0 0 0 2 0 0 0 0 0 0 0 0 2 2 1 0 3 8 12 17 12 9 7 4 3 2 2 2 2 2 4 4 3 0 0 0 0 0 0 0 0 0 0 0 0 0 0 0 0 0 0 0 0 0 0 0 0 0 0 0 0 2 7 19 29 52 21 10 8 4 0 0 0 0 0 2 3 6 21 32 106 91 28 23 15 8 4 5 2 2 2 1 2 1 0 0 0 2 4 11 25 21 7 2 0 0 0 0 0 2 0 0 0 0 2 3 6 9 10 7 6 15 14 8 3 3 2 2 1 0 0 2 2 0 0 2 3 7 7 8 9 9 11 19 29 49 67 92 109 104 77 69 61 52 52 47 44 46 40 34 34 29 28 22 20 21 24 26 26 26 22 28 30 24 18 11 4 4 4 2 4 3 4 6 10 9 23 31 25 7 8 7 2 3 4 3 3 4 3 2 4 4 6 4 4 0 0 0 0 2 2 0 0 0 2 0 0 0 0 3 1 3 0 0 3 4 8 7 16 25 74 151 221 255 248 134 41 13 5 4 3 1 4 4 1 4 4 3 2 5 0 0 3 0 0 0 0 0 0 0 0 2 3 5 11 13 83 191 188 160 139 63 36 15 15 9 6 5 3 3 2 2 2 4 5 5 5 4 4 4 5 6 6 6 6 6 5 5 3 3 3 3 4 4 5 6 8 7 7 7 7 7 7 6 7 8 7 8 9 7 12 14 18 24 35 51 108 150 174 190 194 190 174 159 158 148 114 76 46 45 58 84 116 147 159 165 166 162 157 135 100 68 54 37 22 17 16 12 11 13 12
0 0 0 0 0 1 2 2 2 2 1 0 0 0 0 0 0 0 0 0 0 0 0 0 0 0 0 0 0 0 0 0 1 2 2 0 0 2 2 2 1 3 5 7 14 22 33 46 51 55 42 30 18 13 12 10 8 5 5 3 2 1 0 0 1 2 3 3 2 2 0 0 0 1 2 2 2 2 3 3 3 3 4 4 4 3 2 3 3 3 3 5 12 20 28 52 72 72 63 49 22 7 2 0 5 68 122 74 11 5 3 1 0 2 0 0 0 0 0 0 0 0 0 0 0 2 0 2 0 1 5 0 3 15 147 255 254 255 236 23 5 0 2 3 0 0 0 0 0 0 0 0 0 0 2 0 0 0 0 0 0 0 0 0 0 1 2 3 7 16 16 10 8 5 6 3 4 4 7 10 12 13 10 5 5 4 5 5 4 4 3 2 0 0 0 0 0 0 0 0 0 0 0 0 0 0 0 0 0 0 0 0 0 5 17 30 48 27 11 9 4 0 0 0 0 2 1 3 13 16 51 119 65 31 18 14 5 5 2 2 1 0 0 0 1 2 2 2 3 5 9 26 21 9 2 2 2 2 1 2 1 0 0 1 3 5 8 9 9 9 11 21 13 5 2 2 0 0 0 1 2 2 2 4 0 0 0 1 2 2 5 7 11 11 9 12 16 33 61 99 97 94 61 50 43 37 34 29 31 34 39 37 36 35 39 40 37 35 30 33 35 36 30 24 19 14 8 10 9 7 9 9 8 7 7 12 12 19 31 29 12 9 5 5 4 2 3 4 5 4 5 3 0 7 4 4 3 0 0 1 2 1 0 0 0 2 0 0 0 0 3 0 3 0 0 3 4 8 9 17 34 80 161 237 255 233 108 26 11 6 3 3 0 4 4 4 4 4 2 3 5 0 2 2 0 0 0 0 0 0 0 0 2 4 6 10 20 102 197 170 128 131 89 48 25 20 14 11 7 5 5 4 3 3 3 4 4 5 5 4 4 3 3 2 2 2 3 3 3 3 2 2 2 2 2 2 2 2 3 4 4 4 4 5 5 4 3 5 7 8 10 11 10 13 15 17 24 37 67 107 140 160 163 137 154 162 132 85 55 50 32 32 40 50 55 69 85 94 107 89 71 49 41 35 40 42 30 21 19 16 13 15
0 0 0 0 0 0 0 0 2 2 2 2 1 0 0 0 0 0 0 0 0 0 0 0 0 0 0 0 0 0 0 0 0 0 2 3 4 5 5 5 8 8 8 10 12 19 30 41 48 53 68 74 76 67 52 39 30 26 20 17 15 10 8 8 7 4 3 2 2 2 2 2 2 2 2 3 3 3 3 3 3 3 2 2 3 3 3 2 4 9 15 27 35 55 75 72 59 44 22 5 2 2 2 2 10 90 125 44 8 3 0 0 2 0 0 0 0 0 0 0 0 0 0 0 0 2 0 2 0 0 6 0 3 13 130 254 254 255 248 32 4 2 2 3 0 0 0 0 0 0 0 0 0 1 1 0 0 0 0 0 0 0 0 0 0 0 0 3 6 16 17 8 7 8 8 8 13 21 19 20 20 19 21 19 13 8 6 6 7 6 5 4 2 0 0 0 0 0 0 0 0 0 0 0 0 0 0 0 0 0 0 0 0 4 15 28 46 33 13 9 4 2 0 0 0 2 4 3 18 20 79 123 41 25 18 8 4 3 3 2 0 0 0 0 0 0 0 0 2 4 10 22 25 9 0 0 2 2 2 2 2 2 3 6 9 10 9 10 13 21 18 7 3 3 2 0 0 0 0 0 0 0 0 3 2 2 2 2 2 3 3 3 4 6 8 9 15 16 31 46 56 75 91 81 53 46 41 33 25 25 19 23 28 30 28 28 28 28 28 22 19 14 12 10 7 8 11 9 9 9 9 8 7 7 6 6 10 14 21 36 23 11 9 5 6 4 2 4 2 4 2 2 3 4 5 3 4 3 1 2 2 0 0 0 0 2 0 0 0 1 3 0 3 0 0 4 3 7 11 16 46 83 176 248 255 210 79 20 11 5 0 3 2 3 3 5 4 4 2 5 2 0 3 0 0 0 0 0 0 0 0 0 2 5 6 10 28 114 199 156 102 120 111 65 38 27 23 14 12 11 8 8 7 5 5 5 6 6 6 7 6 6 6 6 7 7 8 7 7 8 8 8 8 9 9 9 9 9 9 8 9 9 10 11 13 12 14 16 15 14 12 10 10 9 12 14 16 15 22 32 49 57 71 84 113 161 151 115 60 59 42 40 28 26 22 23 26 26 21 23 15 15 21 26 34 39 49 47 34 28 27 28
3 3 3 3 4 3 3 3 2 2 2 2 3 3 3 3 3 2 2 3 3 3 3 3 3 4 4 4 5 6 8 8 11 13 15 16 19 19 22 27 27 27 29 30 31 31 37 48 40 43 45 52 62 73 81 88 90 80 78 69 57 52 48 31 25 22 15 12 11 10 8 7 6 4 4 3 3 2 2 3 3 3 3 2 4 5 8 13 26 35 50 66 77 70 53 38 21 5 0 0 0 1 2 3 21 108 115 24 6 2 0 0 2 0 0 0 0 0 0 0 0 0 0 0 0 2 0 2 0 0 5 2 2 12 98 254 254 255 252 48 4 2 2 3 1 0 0 0 0 0 0 0 0 2 0 0 0 0 0 0 0 0 0 0 0 0 0 3 4 15 20 10 10 15 19 22 22 18 18 17 17 18 17 18 12 10 6 5 4 5 4 6 4 0 0 0 0 0 0 0 0 0 0 0 0 0 0 0 0 0 0 0 1 6 13 24 47 37 11 11 4 2 0 0 1 3 3 8 18 39 118 82 29 26 10 5 5 3 2 0 0 0 0 0 0 0 0 0 3 3 12 17 23 12 0 0 2 0 0 0 2 3 6 8 10 9 13 20 18 7 4 4 4 2 2 2 2 2 0 0 0 0 0 3 0 0 0 0 0 0 0 0 1 2 3 5 8 14 35 19 23 39 53 83 84 57 38 35 30 22 21 15 14 17 21 21 21 16 14 14 11 10 9 5 4 3 2 3 4 5 5 5 6 5 7 7 6 14 16 29 33 27 13 9 7 6 5 3 1 0 3 4 2 3 6 4 2 3 3 3 0 0 0 0 0 2 0 0 0 3 1 0 3 0 0 4 3 11 10 21 47 108 190 255 255 177 64 17 8 4 0 3 2 3 2 6 4 3 2 5 2 0 3 0 0 0 0 0 0 0 0 0 2 7 5 15 34 139 198 145 87 90 106 100 87 42 36 31 24 21 17 13 15 16 17 20 16 14 16 14 16 16 15 14 13 15 15 15 18 19 16 16 14 13 14 13 13 19 21 26 31 32 34 36 34 33 31 30 26 24 26 24 21 21 16 16 18 18 18 18 14 23 30 42 75 127 158 154 112 77 71 51 46 36 33 26 26 22 18 14 14 11 13 16 18 25 33 37 52 54 51 65
12 12 12 13 13 13 13 13 14 14 13 13 13 14 14 12 10 11 13 16 18 19 20 20 21 24 24 26 25 26 27 31 31 33 32 34 36 44 43 41 44 49 49 50 46 41 33 16 10 9 8 10 12 20 26 32 43 58 62 71 77 82 82 88 86 82 78 71 57 45 37 30 27 22 19 11 11 12 10 7 6 7 8 11 15 25 35 45 62 71 74 59 42 29 15 4 0 0 1 2 3 2 1 2 44 120 87 19 5 0 0 0 2 0 0 0 0 0 0 0 0 0 0 0 0 2 0 2 0 0 5 3 1 10 78 252 254 255 254 58 5 3 2 3 2 0 0 0 0 0 0 0 0 2 0 0 0 0 0 0 0 0 0 0 0 0 0 2 4 8 22 18 19 21 24 16 14 11 9 8 7 7 9 20 11 9 7 5 5 5 6 7 3 0 0 0 0 0 0 0 0 0 0 0 0 0 0 0 0 0 0 2 4 8 7 23 49 34 14 11 5 3 2 0 2 3 4 11 22 79 118 54 25 18 8 5 3 3 0 0 0 0 0 0 0 0 0 0 3 2 12 18 22 11 4 3 2 2 2 3 6 9 11 11 10 17 18 8 3 3 2 0 0 0 0 0 0 0 2 2 2 3 4 2 1 0 0 0 0 0 0 0 0 0 0 4 9 25 20 10 10 9 22 34 61 86 79 54 35 29 28 24 16 12 10 10 10 12 12 10 6 5 4 3 3 3 2 2 2 0 0 0 0 2 3 2 2 4 12 15 31 33 25 14 7 9 7 5 3 2 0 0 3 3 4 7 4 3 4 4 1 0 0 0 0 2 0 0 1 3 0 0 2 2 0 6 4 10 10 20 53 124 203 255 255 158 44 14 8 2 0 3 2 4 0 6 4 3 2 6 0 0 3 0 0 0 0 0 0 0 0 0 5 4 8 18 37 149 200 130 84 64 92 125 121 115 89 63 53 43 41 45 41 39 41 40 42 45 48 50 53 55 56 59 61 67 71 79 77 71 76 65 63 65 72 80 80 85 96 100 105 108 108 105 101 99 89 81 74 66 50 40 38 30 27 23 21 25 21 24 26 21 21 26 53 78 126 155 162 147 110 84 73 59 47 35 32 29 25 16 13 14 13 14 16 23 28 45 57 86 112 118
37 36 35 37 35 34 38 38 38 39 43 44 43 41 39 41 46 48 44 43 43 43 43 44 43 42 46 47 48 49 50 48 48 44 46 43 38 29 26 24 19 15 12 9 9 9 6 6 4 3 3 3 3 3 4 5 5 7 12 15 20 26 33 40 49 53 63 74 82 92 97 92 81 75 69 75 65 55 47 41 39 43 49 55 65 66 71 76 60 47 32 18 11 4 1 0 0 2 2 2 0 0 1 4 66 133 56 14 3 0 0 0 2 0 0 0 0 0 0 0 0 0 0 0 1 1 0 0 2 0 5 2 2 7 60 245 255 255 254 69 7 3 1 3 2 0 0 0 0 0 0 0 0 2 0 0 0 0 0 0 0 0 0 0 0 0 0 0 3 4 11 16 14 14 13 13 9 7 7 6 6 7 7 15 11 7 4 4 4 4 8 7 0 2 0 0 0 0 0 0 0 0 0 0 0 0 0 0 0 0 3 6 5 9 12 30 44 37 22 8 4 4 2 1 2 4 6 13 43 126 75 34 25 8 6 5 3 1 0 0 0 0 0 0 0 0 0 0 3 2 12 16 23 10 5 4 2 2 5 8 11 11 9 13 18 10 3 2 3 1 0 0 0 0 0 0 0 0 0 0 0 2 2 0 1 2 1 0 0 0 0 0 2 1 2 7 13 25 11 10 5 6 7 12 27 44 74 87 74 64 41 32 31 23 15 12 11 9 7 5 6 6 6 4 2 1 0 0 0 2 0 0 0 0 2 0 2 2 6 12 19 23 35 26 20 11 9 4 5 5 4 2 0 1 1 5 8 5 3 2 3 0 0 0 0 2 0 0 2 2 0 0 0 3 2 5 3 10 13 24 59 140 219 255 248 139 30 12 7 2 0 3 2 4 1 6 5 4 1 5 0 0 3 0 0 0 0 0 0 0 0 1 5 6 7 19 45 157 203 136 78 54 49 69 112 126 126 126 108 104 97 87 87 89 98 95 99 106 108 108 109 112 120 128 134 134 140 145 145 140 138 136 135 133 124 128 136 134 133 129 131 133 134 136 138 135 133 125 113 110 105 104 85 64 58 49 41 33 28 24 23 26 28 33 30 49 68 99 148 162 164 160 130 107 90 76 63 46 29 28 25 21 16 22 22 28 45 66 99 124 164 193
30 31 33 31 33 33 32 33 32 32 30 30 31 32 35 34 34 34 34 31 30 29 28 28 28 25 23 21 21 18 14 11 9 8 6 5 4 4 4 4 4 3 3 3 3 2 1 0 0 0 0 0 0 0 1 2 2 2 2 4 4 4 5 7 9 13 15 16 20 22 25 34 47 58 68 69 80 82 87 89 88 83 78 76 72 64 49 31 21 12 5 4 1 0 0 2 2 1 0 0 0 0 2 6 94 125 39 11 1 0 0 0 2 0 0 0 0 0 0 0 0 0 0 0 2 0 0 0 2 0 5 2 3 7 46 227 255 255 255 87 7 3 0 3 2 0 0 0 0 0 0 0 0 2 0 0 0 0 0 0 0 0 0 0 0 0 0 0 2 1 4 8 6 4 4 6 6 7 4 4 4 5 8 14 13 10 6 5 3 5 7 5 3 2 0 0 0 0 0 0 0 0 0 0 0 0 0 0 0 4 4 5 9 12 28 33 51 45 28 11 4 4 3 3 4 6 11 18 83 113 58 29 13 8 4 4 3 0 0 0 0 0 0 0 0 0 0 0 3 2 12 13 29 9 6 5 6 7 12 12 9 12 19 15 4 2 3 3 0 0 0 0 0 0 0 0 0 0 0 0 0 0 3 0 0 0 1 2 1 0 0 0 0 1 5 11 25 10 8 6 5 7 5 8 11 21 32 53 85 89 95 81 68 60 54 36 24 23 19 17 12 9 8 7 7 6 5 4 2 0 2 0 0 0 2 0 2 4 5 6 13 21 23 26 21 23 23 13 6 4 3 4 4 3 1 4 5 6 5 3 2 3 0 0 0 2 0 2 0 2 0 0 0 3 3 4 3 10 16 25 71 161 236 255 233 106 24 10 6 2 0 4 3 3 3 5 4 3 4 4 0 3 0 0 0 0 0 0 0 0 0 4 4 7 7 19 55 169 203 135 62 30 23 27 36 73 108 130 148 152 145 149 149 148 146 149 154 153 154 154 151 151 147 149 149 145 138 133 131 136 136 140 138 133 132 130 130 132 126 128 123 123 121 118 114 115 123 133 146 146 152 135 128 135 128 121 105 85 73 60 51 45 37 36 40 47 36 45 72 115 150 162 177 172 160 134 106 96 80 61 45 45 50 47 58 64 64 97 148 174 181 176
8 9 9 9 9 9 8 8 8 9 9 8 7 8 8 8 7 6 6 6 6 6 6 5 4 4 3 3 3 3 3 3 2 2 2 2 1 0 0 0 0 0 0 0 0 0 0 0 0 0 0 0 0 0 0 0 0 0 0 0 2 2 2 2 2 2 3 4 5 5 6 8 8 11 13 17 17 21 25 31 33 33 31 25 18 13 11 7 5 4 2 0 0 2 2 0 0 0 0 0 0 0 3 14 114 113 28 7 1 0 0 1 1 0 0 0 0 0 0 0 0 0 0 0 2 0 0 0 2 0 5 2 2 6 37 207 255 255 255 114 8 3 0 3 2 0 0 0 0 0 0 0 0 2 0 0 0 0 0 0 0 0 0 0 0 0 0 0 1 2 3 4 5 4 6 7 6 6 5 4 4 4 5 13 11 8 3 7 3 5 8 4 3 1 2 1 0 0 0 0 0 0 0 0 0 0 0 3 4 4 10 18 38 47 48 43 46 38 44 12 5 3 5 4 4 5 15 35 131 79 36 22 7 6 5 2 2 0 0 0 0 0 0 0 0 0 0 0 2 2 10 15 33 12 9 9 16 16 10 14 21 17 6 0 2 3 1 0 0 0 0 0 0 0 0 0 0 0 0 0 0 0 3 0 0 0 0 0 1 2 0 0 0 3 9 20 17 6 6 2 4 4 6 6 6 6 9 19 28 45 65 95 92 89 83 83 75 59 45 29 30 24 16 10 6 6 5 4 5 5 5 5 5 4 4 4 5 5 4 2 5 14 25 23 21 23 22 17 22 15 8 4 3 3 4 4 4 4 5 4 3 4 0 0 2 0 2 0 0 2 0 0 0 3 4 3 7 9 15 29 83 172 248 255 213 83 20 10 4 1 0 4 3 2 4 4 4 2 4 4 1 3 0 0 0 0 0 0 0 0 0 5 4 7 12 15 69 186 202 114 52 24 20 20 25 25 36 50 67 80 100 102 110 113 110 105 94 89 86 87 85 83 84 76 70 74 72 68 65 72 80 80 84 90 95 88 77 68 67 60 57 47 38 38 45 50 49 56 59 69 78 105 120 133 138 136 133 133 133 120 109 87 80 53 49 48 59 53 50 60 84 115 140 158 165 174 171 166 155 132 111 80 65 58 66 90 151 169 176 171 151 98
4 4 2 2 2 3 3 3 3 2 2 2 2 2 1 0 0 0 0 0 0 0 0 0 0 0 0 0 0 0 0 0 0 0 0 0 0 0 0 0 0 0 0 0 0 0 0 0 0 0 0 0 0 0 0 0 0 0 0 0 0 0 0 0 0 0 0 0 0 0 0 0 0 0 2 4 4 6 6 6 7 7 6 5 5 4 2 2 0 0 0 2 2 0 0 0 0 0 0 0 0 2 2 40 115 96 22 3 1 2 0 2 0 0 0 0 0 0 0 0 0 0 0 0 2 0 0 0 2 0 4 3 2 5 28 184 255 255 255 140 8 3 1 3 2 0 0 0 0 0 0 0 0 2 0 0 0 0 0 0 0 0 0 0 0 0 0 0 0 0 0 2 3 4 1 0 0 0 1 2 2 3 5 9 13 11 4 7 6 7 10 6 3 3 2 1 2 2 2 2 0 0 0 0 0 0 3 2 7 20 35 53 43 33 24 20 20 36 43 14 5 4 4 6 6 9 20 79 123 55 31 12 6 4 4 3 0 0 0 0 0 0 0 0 0 0 0 0 1 2 6 12 22 30 23 22 16 19 21 15 5 1 2 4 2 0 0 0 0 0 0 0 0 0 0 0 0 0 0 0 0 2 2 0 0 0 0 0 0 0 2 2 1 6 14 22 9 6 3 1 2 3 3 3 3 5 6 6 10 15 19 23 46 64 79 88 91 96 91 85 71 55 43 30 19 14 12 9 6 5 3 2 1 4 6 6 4 3 4 7 10 11 24 24 23 23 22 24 21 23 21 15 9 4 5 4 6 5 8 7 3 4 3 2 3 2 1 0 0 2 0 0 0 3 4 3 6 10 17 34 95 188 255 255 189 61 14 11 3 0 0 4 4 1 4 5 3 2 5 1 1 4 0 0 0 0 0 0 0 0 3 4 6 6 12 18 90 193 198 98 32 13 8 10 9 16 17 18 24 26 30 32 30 31 28 28 29 28 25 25 24 21 20 20 18 14 15 13 14 19 22 22 25 25 22 21 23 22 19 18 14 16 18 18 19 21 25 24 23 24 26 36 50 57 68 83 99 119 129 136 136 135 129 117 99 95 84 62 52 46 51 49 55 79 115 145 160 162 171 172 165 149 118 111 146 171 176 166 152 85 40 21
0 0 0 0 0 0 0 0 0 0 0 0 0 0 0 0 0 0 0 0 0 0 0 0 0 0 0 0 0 0 0 0 0 0 0 0 0 0 0 0 0 0 0 0 0 0 0 0 0 0 0 0 0 0 0 0 0 0 0 0 0 0 0 0 0 0 0 0 0 0 0 0 0 0 0 0 0 0 0 0 0 0 2 2 0 0 0 0 0 0 2 0 0 0 0 0 0 0 0 0 1 3 4 65 115 77 14 2 0 0 2 2 0 0 0 0 0 0 0 0 0 0 0 2 0 0 0 0 2 0 3 3 3 5 20 167 255 255 255 157 10 4 2 3 2 0 0 0 0 0 0 0 0 2 0 0 0 0 0 0 0 0 0 0 0 0 0 0 0 0 0 0 0 0 0 0 0 0 0 0 0 2 4 9 12 8 5 5 4 6 8 7 3 0 2 3 0 0 0 0 2 2 2 2 2 3 3 7 25 43 42 26 22 16 7 4 12 31 42 16 6 3 4 7 5 16 32 128 84 47 19 7 6 4 2 2 0 0 0 0 0 0 0 0 0 0 0 0 1 2 6 7 12 15 19 17 15 9 3 2 3 4 2 0 0 0 0 0 0 0 0 0 0 0 0 0 0 0 0 0 2 2 0 0 0 0 0 0 0 0 0 0 5 9 24 11 6 3 1 2 3 2 2 0 0 0 2 5 4 6 10 13 13 14 22 33 50 57 74 89 96 93 82 76 58 30 21 14 13 11 10 10 11 8 4 6 6 10 12 12 12 10 13 11 15 16 18 23 23 20 23 25 23 20 10 6 5 6 5 4 6 4 2 0 2 0 0 0 2 0 0 0 0 3 4 3 7 9 18 44 109 197 255 255 168 45 11 11 2 0 0 4 4 0 6 3 4 0 6 0 0 3 2 1 0 0 0 0 0 1 4 3 6 7 13 24 125 204 188 75 22 10 6 7 4 4 6 9 9 7 8 9 10 9 11 11 11 10 10 11 12 13 14 13 13 12 11 11 11 11 10 10 9 7 10 9 8 8 7 6 7 7 8 12 12 10 10 10 14 15 14 15 16 17 21 28 40 50 60 76 94 118 128 143 140 138 123 111 95 77 55 44 46 50 55 65 79 106 131 155 163 170 175 170 171 162 142 92 39 20 13 10
0 0 0 0 0 0 0 0 0 0 0 0 0 0 0 0 0 0 0 0 0 0 0 0 0 0 0 0 0 0 0 0 0 0 0 0 0 0 0 0 0 0 0 0 0 0 0 0 0 0 0 0 0 0 0 0 0 0 0 0 0 0 0 0 0 0 0 0 0 0 0 0 0 0 0 0 0 0 0 0 0 0 0 0 0 0 0 0 0 0 0 0 0 0 0 0 0 0 2 2 1 2 7 82 117 55 10 1 0 0 2 2 0 0 0 0 0 0 0 0 0 0 0 2 0 0 0 0 2 0 2 4 2 5 17 146 255 255 255 175 11 4 2 3 2 0 0 0 0 0 0 0 0 2 0 0 0 0 0 0 0 0 0 0 0 0 0 0 0 0 0 0 0 0 0 0 0 0 0 0 0 2 2 8 13 8 4 5 5 8 10 7 4 3 1 3 0 0 0 0 0 0 0 1 2 3 6 35 43 31 22 14 6 4 1 3 8 32 39 18 7 8 6 7 11 26 73 126 60 27 10 7 5 2 3 0 0 0 0 0 0 0 0 0 0 0 0 0 2 2 8 5 4 2 3 2 2 3 3 3 1 0 0 0 0 0 0 0 0 0 0 0 0 0 0 0 0 0 0 0 3 0 0 0 0 0 0 0 0 0 0 3 7 19 17 9 4 2 0 2 0 0 0 2 2 2 2 2 4 4 1 4 6 12 12 10 14 19 23 31 40 63 82 88 87 83 63 43 33 30 26 19 16 19 21 20 21 21 20 19 19 18 16 20 12 12 14 16 23 26 25 22 26 26 26 21 15 10 7 5 5 5 2 0 2 0 0 0 2 0 0 0 0 4 4 3 8 9 19 49 128 210 255 253 147 34 12 9 2 0 2 3 4 1 6 2 4 1 5 0 3 0 0 1 2 0 0 0 1 2 3 5 5 8 18 35 143 210 175 45 17 9 5 3 2 3 2 4 4 6 7 8 7 6 4 3 4 4 4 4 2 2 3 3 3 4 4 4 5 4 2 5 6 7 7 8 8 8 8 7 6 6 6 3 4 4 4 6 6 7 10 11 12 12 13 16 16 16 18 26 35 38 48 73 103 114 140 151 140 119 108 85 62 41 41 40 39 53 55 61 104 139 153 163 140 92 39 23 10 10 8 8
0 0 0 0 0 0 0 0 0 0 0 0 0 0 0 0 0 0 0 0 0 0 0 0 0 0 0 0 0 0 0 0 0 0 0 0 0 0 0 0 0 0 0 0 0 0 0 0 0 0 0 0 0 0 0 0 0 0 0 0 0 0 0 0 0 0 0 0 0 0 0 0 0 0 0 0 0 0 0 0 0 0 0 0 0 0 0 0 0 0 0 0 0 0 0 2 2 2 0 0 0 2 16 110 92 44 6 0 0 0 2 2 0 0 0 0 0 0 0 0 0 0 0 2 0 0 0 0 2 0 0 5 2 5 15 128 254 255 255 195 14 4 3 3 2 0 0 0 0 0 0 0 0 2 0 0 0 0 0 0 0 0 0 0 0 0 0 0 0 0 0 0 0 0 0 0 0 0 0 0 0 2 0 3 12 19 9 6 5 6 9 10 6 5 3 5 5 2 2 3 3 4 5 4 7 10 32 43 28 23 10 6 5 5 5 5 8 27 42 21 9 7 7 9 24 41 118 85 42 14 6 9 4 1 2 0 0 0 0 0 0 0 0 0 0 0 0 0 3 3 7 6 3 3 2 2 2 0 0 0 0 0 0 0 0 0 0 0 0 0 0 0 0 0 0 0 0 0 0 0 2 3 0 0 0 0 0 0 0 0 1 4 15 24 7 5 2 1 2 2 0 0 0 0 0 0 0 0 0 1 4 4 2 3 3 8 9 10 10 9 16 22 31 43 62 82 89 93 90 82 71 73 73 68 62 59 51 45 29 24 24 19 25 27 20 17 21 20 26 35 40 47 45 44 49 46 32 20 10 7 5 6 0 2 2 0 0 0 2 0 0 0 0 5 3 4 8 9 23 56 139 223 255 248 109 27 13 6 2 0 3 3 3 3 5 3 4 3 5 0 3 0 0 0 0 2 1 1 1 3 0 6 5 8 16 58 157 216 153 37 13 8 5 2 5 3 2 3 3 3 3 0 0 2 2 2 0 0 2 2 3 2 2 0 0 0 0 0 4 2 3 3 2 2 2 2 2 2 0 3 4 4 4 4 2 2 3 3 3 3 5 5 5 7 7 6 9 10 12 14 16 21 25 28 31 50 65 90 119 140 144 138 106 88 55 40 32 26 26 34 33 42 58 63 42 25 13 10 9 9 5 4
0 0 0 0 0 0 0 0 0 0 0 0 0 0 0 0 0 0 0 0 0 0 0 0 0 0 0 0 0 0 0 0 0 0 0 0 0 0 0 0 0 0 0 0 0 0 0 0 0 0 0 0 0 0 0 0 0 0 0 0 0 0 0 0 0 0 0 0 0 0 0 0 0 0 0 0 0 0 0 0 0 0 0 0 0 0 0 0 0 0 1 2 2 2 2 0 0 0 0 0 0 3 28 119 80 30 5 0 0 0 2 1 0 0 0 0 0 0 0 0 0 0 2 0 0 0 0 0 2 0 0 5 0 5 13 93 254 255 255 212 18 3 3 2 2 0 0 0 0 0 0 0 0 2 0 0 0 0 0 0 0 0 0 0 0 0 0 0 0 0 0 0 0 0 0 0 0 0 0 0 0 1 1 1 4 11 18 15 10 11 10 14 10 9 8 6 7 8 9 10 10 10 11 10 10 21 46 42 22 13 8 9 6 5 5 5 9 22 47 29 15 9 10 23 38 75 110 54 23 10 6 7 2 2 2 0 0 0 0 0 0 0 0 0 0 0 0 0 3 5 6 5 3 2 0 0 0 0 0 0 0 0 0 0 0 0 0 0 0 0 0 0 0 0 0 0 0 0 0 0 0 0 3 2 0 0 0 0 0 0 4 9 23 11 5 3 0 1 1 0 2 2 1 0 0 0 0 0 0 0 0 1 2 4 4 2 2 4 6 9 9 7 10 18 33 33 54 73 74 80 86 82 75 80 88 90 86 83 85 80 73 65 54 46 50 48 54 63 60 63 68 66 64 69 68 66 69 53 25 10 6 9 1 2 2 0 0 0 2 0 0 0 0 5 3 5 6 11 25 66 156 235 255 232 92 20 12 5 2 0 3 5 2 5 4 3 3 3 4 0 3 0 0 0 0 0 1 3 0 3 0 7 4 14 14 76 173 216 122 24 10 7 4 4 6 2 2 2 2 3 3 3 3 3 2 2 2 2 0 0 2 0 0 0 0 0 0 0 3 0 2 0 0 0 2 2 2 2 3 2 2 2 2 0 3 3 3 2 2 2 3 3 3 3 6 8 8 7 8 7 5 8 11 13 19 23 28 36 60 77 88 119 150 148 121 88 68 41 32 25 24 21 20 13 15 12 10 6 4 2 4 2
0 0 0 0 0 0 0 0 0 0 0 0 0 0 0 0 0 0 0 0 0 0 0 0 0 0 0 0 0 0 0 0 0 0 0 0 0 0 0 0 0 0 0 0 0 0 0 0 0 0 0 0 0 0 0 0 0 0 0 0 0 0 0 0 0 0 0 0 0 0 0 0 0 0 0 0 0 0 0 0 1 2 2 2 2 2 2 2 2 2 1 0 0 0 0 0 0 0 0 0 0 5 41 124 70 22 4 0 0 0 3 0 0 0 0 0 0 0 0 0 0 1 1 0 0 0 0 0 2 0 0 5 0 5 11 73 251 255 255 227 22 3 4 2 3 0 0 0 0 0 0 0 2 0 0 0 0 0 0 0 0 0 0 0 0 0 0 0 0 0 0 0 0 0 0 0 0 0 0 0 0 2 3 2 2 4 8 14 19 22 23 23 20 18 17 19 20 20 18 19 18 13 16 17 25 43 58 29 17 10 7 6 6 6 6 3 6 24 47 26 15 11 28 36 64 100 64 38 12 9 5 6 2 0 2 0 0 0 0 0 0 0 0 0 0 0 0 2 2 8 4 5 3 0 0 0 0 0 0 0 0 0 0 0 0 0 0 0 0 0 0 0 0 0 0 0 0 0 0 0 0 0 0 2 3 3 0 0 0 2 6 17 19 7 3 1 1 1 0 0 0 0 1 2 1 0 0 0 0 0 0 0 0 2 4 3 3 3 3 4 3 7 9 10 12 19 19 28 31 35 40 51 58 54 52 51 54 64 61 63 67 73 73 70 65 66 64 60 58 54 51 60 65 69 68 75 67 83 63 25 7 9 3 2 2 0 0 0 2 0 0 0 0 5 3 5 7 13 28 78 163 248 255 218 73 22 10 4 3 2 4 6 0 5 4 3 2 5 2 2 2 0 0 0 0 0 2 0 3 3 0 8 4 14 20 93 194 204 96 17 8 7 4 4 3 2 2 0 0 2 0 0 0 0 2 2 2 2 2 0 2 0 0 0 0 0 0 0 3 2 0 0 2 2 0 0 0 0 0 0 0 0 2 2 2 2 2 2 3 2 0 0 2 2 2 0 2 4 4 5 5 7 7 7 7 10 14 15 18 28 49 65 78 110 145 152 123 92 59 42 32 25 19 16 8 5 9 8 5 3 2 4
0 0 0 0 0 0 0 0 0 0 0 0 0 0 0 0 0 0 0 0 0 0 0 0 0 0 0 0 0 0 0 0 0 0 0 0 0 0 0 0 0 0 0 0 0 0 1 0 0 0 0 0 0 0 0 0 0 0 0 0 0 0 0 0 0 0 0 0 0 0 0 0 0 0 0 0 0 0 0 0 0 0 0 0 0 0 0 0 0 0 0 0 0 0 0 0 0 0 0 0 0 6 60 118 66 16 3 0 0 0 3 0 0 0 0 0 0 0 0 0 0 2 0 0 0 0 0 0 2 0 0 5 0 5 10 54 243 255 255 246 26 4 4 0 4 0 0 0 0 0 0 0 2 0 0 0 0 0 0 0 0 0 0 0 0 0 0 0 0 0 0 0 0 0 0 0 0 0 0 0 0 0 2 0 0 0 2 4 7 8 9 15 18 22 24 24 22 22 22 19 22 27 28 35 48 63 67 43 25 21 15 10 6 4 5 7 6 15 37 31 29 33 38 63 87 66 47 19 11 7 3 6 0 2 0 0 0 0 0 0 0 0 0 0 0 0 0 3 2 8 6 3 2 0 0 0 0 0 0 0 0 0 0 0 0 0 0 0 0 0 0 0 0 0 0 0 0 0 0 0 0 0 0 0 0 0 3 0 0 5 10 24 10 4 1 0 2 0 0 0 0 0 0 0 1 2 1 0 0 0 0 0 0 2 2 0 0 0 0 2 4 0 4 9 15 13 9 11 16 16 18 17 15 17 20 17 18 19 23 27 32 34 42 44 46 44 44 40 35 37 37 38 36 34 38 37 49 62 100 57 20 8 6 2 2 0 0 2 0 0 0 0 0 5 3 6 7 14 35 87 169 253 255 197 62 17 10 4 3 1 3 5 0 5 3 3 2 6 0 3 0 0 0 0 0 2 0 0 3 1 3 8 7 14 27 112 206 191 77 16 4 8 3 3 2 0 0 0 2 0 0 0 0 0 0 0 0 0 0 2 3 2 0 2 2 2 2 3 4 3 2 2 0 0 0 0 0 0 0 0 0 0 0 0 0 0 0 2 2 3 5 2 2 0 2 2 2 3 3 2 2 2 2 2 4 4 5 7 8 15 19 25 33 47 73 104 134 143 118 75 49 37 30 24 19 11 6 4 7 8 7 5
0 0 0 0 0 0 0 0 0 0 0 0 0 0 0 0 0 0 0 0 0 0 0 0 0 0 0 0 0 0 0 0 0 0 0 0 0 0 0 0 0 0 0 0 0 1 1 0 0 0 0 0 0 0 0 0 0 0 0 0 0 0 0 0 0 0 0 0 0 0 0 0 0 0 0 0 0 0 0 0 0 0 0 0 0 0 0 0 0 0 0 0 0 0 0 0 0 0 0 0 1 8 78 116 50 13 2 0 0 0 3 0 0 0 0 0 0 0 0 0 0 2 0 0 0 0 0 0 2 0 0 5 0 5 8 48 221 255 255 250 36 4 4 0 3 1 0 0 0 0 0 0 2 0 0 0 0 0 0 0 0 0 0 0 0 0 0 0 0 0 0 0 0 0 0 0 0 0 0 0 0 0 3 2 2 2 1 0 3 3 5 5 7 9 10 10 11 12 12 11 10 14 23 23 27 39 66 68 43 32 22 22 16 13 9 8 11 15 36 42 42 42 67 83 57 40 22 15 11 3 4 5 1 2 0 0 0 0 0 0 0 0 0 0 0 0 0 3 2 10 6 2 2 0 0 0 0 0 0 0 0 0 0 0 0 0 0 0 0 0 0 0 0 0 0 0 0 0 0 0 0 0 0 0 0 0 3 0 3 7 19 20 6 2 0 2 0 0 0 0 0 0 0 0 0 0 1 2 2 1 0 0 2 0 2 0 0 0 0 0 2 2 3 6 12 9 13 8 9 10 7 8 9 12 9 10 10 13 15 15 14 15 13 15 15 16 15 15 17 14 12 14 20 16 14 24 30 42 84 93 34 11 7 4 2 0 0 2 0 0 0 0 1 3 5 6 8 15 42 91 188 255 255 175 53 13 9 3 2 3 2 5 2 5 2 4 2 5 0 3 0 0 0 0 1 1 0 0 3 0 3 8 12 13 32 132 212 174 59 13 6 7 2 3 2 0 0 0 2 0 0 0 0 0 0 0 0 0 0 0 0 3 2 0 0 0 0 2 0 0 0 0 0 0 0 0 0 0 0 0 0 0 2 2 2 2 2 2 2 2 2 5 3 5 2 2 2 0 2 0 0 0 0 0 0 0 2 2 2 4 6 10 21 19 27 42 72 111 133 133 103 58 43 36 28 22 10 6 6 4 4 5
0 0 0 0 0 0 0 0 0 0 0 0 0 0 0 0 0 0 0 0 0 0 0 0 0 0 0 0 0 0 0 0 0 0 0 0 0 0 0 0 0 0 0 0 0 2 0 0 0 0 0 0 0 0 0 0 0 0 0 0 0 0 0 0 0 0 0 0 0 0 0 0 0 0 0 0 0 0 0 0 0 0 0 0 0 0 0 0 0 0 0 0 0 0 0 0 0 0 0 0 2 15 88 105 47 9 3 0 0 2 2 0 0 0 0 0 0 0 0 0 1 1 0 0 0 0 0 0 0 2 0 4 1 5 7 35 204 255 255 254 50 5 4 0 3 2 0 0 0 0 0 0 1 1 0 0 0 0 0 0 0 0 0 0 0 0 0 0 0 0 0 0 0 0 0 0 0 0 0 0 0 0 2 0 0 0 0 0 0 0 0 2 3 4 2 1 2 1 0 4 10 17 24 10 14 18 39 56 41 38 21 14 19 20 18 11 7 11 25 42 46 75 80 60 32 18 14 16 6 5 3 4 2 2 0 0 0 0 0 0 0 0 0 0 0 0 1 4 1 10 4 2 1 0 0 0 0 0 0 0 0 0 0 0 0 0 0 0 0 0 0 0 0 0 0 0 0 0 0 0 0 0 0 0 0 0 3 1 5 13 25 8 3 0 2 0 0 0 0 0 0 0 0 0 0 0 0 0 0 1 2 2 2 2 2 0 0 0 0 0 0 4 6 4 9 9 9 6 8 9 7 5 6 9 4 5 3 3 3 6 6 4 7 10 11 12 12 14 13 13 14 13 15 13 17 15 22 34 55 114 65 18 8 4 3 0 0 2 0 0 0 0 2 3 5 5 9 18 50 92 202 255 255 159 39 13 9 3 1 3 3 3 4 4 3 3 3 5 2 2 0 0 0 0 2 0 0 0 3 2 4 7 14 13 52 156 216 158 41 9 7 6 2 3 2 0 0 0 2 0 0 0 0 0 0 0 0 0 0 0 0 2 0 0 0 0 0 2 0 0 0 0 0 0 0 0 0 0 2 2 2 2 2 2 4 5 4 2 2 2 2 0 2 2 5 4 4 4 2 4 2 0 0 0 0 0 0 0 0 2 4 3 5 12 13 17 26 36 81 123 125 116 77 47 30 26 27 18 7 6 4 4
0 0 0 0 0 0 0 0 0 0 0 0 0 0 0 0 0 0 0 0 0 1 0 0 0 0 0 0 0 0 0 0 0 0 0 0 0 0 0 0 0 0 0 0 0 2 0 0 0 0 0 0 0 0 0 0 0 0 0 0 0 0 0 0 0 0 0 0 0 0 0 0 0 0 0 0 0 0 0 0 0 0 0 0 0 0 0 0 0 0 0 0 0 0 0 0 0 0 0 0 2 21 102 93 38 7 2 0 0 2 2 0 0 0 0 0 0 0 0 0 2 0 0 0 0 0 0 0 0 2 0 3 3 3 8 27 184 255 255 254 70 7 4 3 3 2 0 0 0 0 0 0 0 2 0 0 0 0 0 0 0 0 0 0 0 0 0 0 0 0 0 0 0 0 0 0 0 0 0 0 0 0 0 2 0 0 0 0 0 0 0 0 0 0 3 4 4 4 5 7 12 25 9 11 6 6 16 37 60 44 44 27 20 13 18 19 16 14 19 35 67 62 48 25 9 14 10 10 9 4 3 2 2 3 2 0 0 0 0 0 0 0 0 0 0 0 2 4 2 10 2 3 0 0 0 0 0 0 0 0 0 0 0 0 0 0 0 0 0 0 0 0 0 0 0 0 0 0 0 0 0 0 0 0 0 0 3 4 7 23 18 4 0 1 1 0 0 0 0 0 0 0 0 0 0 0 0 0 0 0 1 2 2 4 2 3 2 2 0 0 0 2 7 5 10 6 5 5 4 8 8 4 6 6 6 5 3 3 1 0 2 5 4 3 3 3 3 4 4 5 4 5 8 8 8 13 15 22 42 98 99 27 12 4 3 0 0 2 0 0 0 0 2 3 6 5 10 17 55 105 216 255 253 144 30 11 8 3 0 3 4 0 5 4 3 2 5 2 3 0 0 0 0 1 1 0 0 1 3 2 5 8 12 18 66 168 215 141 30 7 8 5 3 3 2 0 0 2 0 0 0 0 0 0 0 0 0 0 0 0 0 2 0 0 0 0 0 2 0 0 0 0 0 0 0 0 2 2 0 2 4 4 6 7 7 7 7 9 9 7 5 5 3 4 3 2 2 2 4 4 5 3 2 2 2 0 0 0 0 0 0 3 4 4 6 11 16 21 23 45 105 133 123 90 70 44 27 26 21 11 7 6
0 0 0 0 0 0 0 0 0 0 0 0 0 0 0 0 0 0 0 0 0 0 2 1 0 0 0 0 0 0 0 0 0 0 0 0 0 0 0 0 0 0 0 0 0 0 2 0 0 0 0 0 0 0 0 0 0 0 0 0 0 0 0 0 0 0 0 0 0 0 0 0 0 0 0 0 0 0 0 0 0 0 0 0 0 0 0 0 0 0 0 0 0 0 0 0 0 0 0 0 2 33 105 83 32 5 2 0 0 2 2 0 0 0 0 0 0 0 0 0 2 0 0 0 0 0 0 0 0 2 0 3 3 3 7 24 163 255 255 255 91 9 4 3 3 2 0 0 0 0 0 0 0 2 0 0 0 0 0 0 0 0 0 0 0 0 0 0 0 0 0 0 0 0 0 0 0 0 0 0 0 0 0 0 2 2 2 2 2 2 2 2 2 2 2 2 2 2 2 7 19 14 8 3 2 1 3 13 31 57 57 52 50 46 29 25 29 35 40 54 48 34 17 12 9 9 9 11 9 6 6 3 1 3 2 2 1 0 0 0 0 0 0 0 0 2 0 4 5 9 0 3 0 0 0 0 0 0 0 0 0 0 0 0 0 0 0 0 0 0 0 0 0 0 0 0 0 0 0 0 0 0 0 0 0 0 5 5 13 22 8 2 0 2 0 0 0 0 0 0 2 2 2 2 2 2 2 2 2 3 4 2 2 2 4 2 2 2 3 3 3 4 9 6 13 5 5 3 5 5 7 9 9 8 8 6 5 4 4 4 3 3 4 3 4 4 4 6 4 3 2 4 6 5 3 5 13 12 39 80 112 42 14 7 3 0 0 2 0 0 0 0 2 3 6 6 11 17 62 118 223 255 247 125 24 13 5 4 0 3 4 1 5 3 3 2 6 0 3 0 0 0 0 2 0 0 0 3 2 0 6 9 12 23 85 190 203 119 23 6 6 4 2 3 0 0 0 2 0 0 0 0 0 0 0 0 0 0 0 0 0 2 0 0 0 0 0 2 0 0 0 0 0 0 0 2 2 2 4 5 6 9 13 16 19 23 25 19 15 13 11 10 7 6 4 4 3 3 2 0 0 4 5 4 0 4 4 4 4 2 2 0 0 2 4 3 6 11 18 24 28 60 119 130 105 75 53 28 23 22 17 10
0 0 0 0 0 0 0 0 0 0 0 0 0 0 0 0 0 0 0 0 0 0 0 1 2 0 0 0 0 0 0 0 0 0 0 0 0 0 0 0 0 0 0 0 0 0 2 0 0 0 0 0 0 0 0 0 0 0 0 0 0 0 0 0 0 0 0 0 0 0 0 0 0 0 0 0 0 0 0 0 0 0 0 0 0 0 0 0 0 0 0 0 0 0 0 0 0 0 0 0 3 42 104 75 31 5 3 0 0 2 1 1 0 0 0 0 0 0 0 2 0 0 0 0 0 0 0 0 0 2 0 3 3 3 6 20 138 255 255 255 118 10 4 3 3 2 0 0 0 0 0 0 0 2 0 0 0 0 0 0 0 0 0 0 0 0 0 0 0 0 0 0 0 0 0 0 0 0 0 0 0 0 0 0 0 0 0 0 0 0 0 0 0 0 0 0 0 1 3 11 22 10 4 3 1 0 0 3 9 21 44 66 68 72 73 72 56 54 49 37 34 12 12 10 12 9 12 8 10 5 5 4 5 3 2 1 2 2 0 0 0 0 0 0 1 3 2 4 6 7 1 3 0 0 0 0 0 0 0 0 0 0 0 0 0 0 0 0 0 0 0 0 0 0 0 0 0 0 1 2 2 2 2 2 2 2 7 9 25 14 4 2 3 2 2 2 2 2 2 2 0 0 0 0 0 0 0 0 0 3 0 0 0 0 3 0 0 0 0 0 2 0 10 7 11 6 3 3 1 3 5 8 6 5 7 6 7 5 4 4 4 3 3 3 3 4 4 4 3 5 6 4 5 4 6 5 10 10 28 65 115 65 16 11 4 0 0 2 0 0 0 0 3 3 6 6 12 20 61 144 232 255 239 110 22 11 5 3 3 3 4 2 6 2 3 3 5 0 3 0 0 0 0 2 0 0 0 4 2 2 7 10 12 25 112 199 197 85 19 8 5 3 2 3 0 0 2 0 0 0 0 0 0 0 0 0 0 0 0 0 0 0 2 0 0 0 2 2 0 0 0 0 0 0 0 2 4 5 7 12 24 31 36 43 46 41 43 47 44 34 23 15 12 9 8 8 5 5 4 4 2 0 0 2 5 2 0 0 0 2 2 4 4 2 2 4 5 5 8 12 21 32 39 93 132 114 85 65 39 25 20 19
0 0 0 0 0 0 0 0 0 0 0 0 0 0 0 0 0 0 0 0 0 0 0 0 0 2 1 0 0 0 0 0 0 0 0 0 0 0 0 0 0 0 0 0 0 0 2 0 0 0 0 0 0 0 0 0 0 0 0 0 0 0 0 0 0 0 0 0 0 0 0 0 0 0 0 0 0 0 0 0 0 0 0 0 0 0 0 0 0 0 0 0 0 0 0 0 0 0 0 0 5 51 91 78 28 6 3 0 1 1 0 2 0 0 0 0 0 0 0 2 0 0 0 0 0 0 0 0 0 2 0 3 3 3 5 17 118 254 255 255 149 11 4 3 2 2 0 0 0 0 0 0 0 2 0 0 0 0 0 0 0 0 0 0 0 0 0 0 0 0 0 0 0 0 0 0 0 0 0 0 0 0 0 0 0 0 0 0 0 0 0 0 0 0 0 0 0 2 4 20 15 8 3 1 1 2 2 2 1 3 8 17 30 41 51 59 72 63 52 33 17 12 6 12 8 9 11 10 10 9 7 4 6 5 4 3 1 2 2 1 0 2 2 2 1 2 0 4 5 7 2 3 0 0 0 0 0 0 0 0 0 0 0 0 0 0 0 0 2 2 2 2 2 2 2 2 2 2 1 0 0 0 0 0 0 4 9 16 20 6 2 1 1 0 0 0 0 0 0 0 0 0 0 0 0 0 0 0 2 2 0 0 0 1 2 0 0 0 0 0 2 4 8 8 9 5 4 2 3 4 2 4 6 7 8 8 4 6 6 5 4 5 6 4 3 2 3 4 4 1 3 5 4 4 4 4 8 11 19 54 106 89 23 10 6 2 0 2 0 0 0 0 4 2 5 8 11 26 55 155 244 255 226 87 21 11 3 3 4 3 3 4 5 3 3 4 5 3 0 0 0 0 2 0 0 0 0 4 0 3 6 13 12 35 138 201 194 53 17 8 6 3 3 3 0 2 2 0 0 0 0 0 0 0 0 0 0 0 0 0 0 0 2 0 0 2 2 0 0 0 0 0 0 0 2 4 7 12 26 37 39 38 34 31 31 33 31 30 28 41 44 42 32 18 14 8 9 8 6 4 5 5 4 3 0 2 4 2 0 0 0 0 0 2 2 2 2 2 5 6 10 11 26 38 61 117 130 99 73 50 31 23
0 0 0 0 0 0 0 0 0 0 0 0 0 0 0 0 0 0 0 0 0 0 0 0 0 0 1 2 0 0 0 0 0 0 0 0 0 0 0 0 0 0 0 0 0 0 2 0 0 0 0 0 0 0 0 0 0 0 0 0 0 0 0 0 0 0 0 0 0 0 0 0 0 0 0 0 0 0 0 0 0 0 0 0 0 0 0 0 0 0 0 0 0 0 0 0 0 0 0 3 5 53 80 84 27 8 2 2 2 0 0 2 0 0 0 0 0 0 2 0 0 0 0 0 0 0 0 0 0 2 0 3 4 3 5 15 90 254 255 255 181 13 4 4 2 3 0 0 0 0 0 0 0 2 0 0 0 0 0 0 0 0 0 0 0 0 0 0 0 0 0 0 0 0 0 0 0 0 0 0 0 0 0 0 0 0 0 0 0 0 0 0 0 0 0 0 0 2 10 22 11 4 2 0 0 0 0 0 2 2 3 4 5 8 13 21 27 30 34 38 41 36 22 10 9 10 7 12 11 8 12 10 6 5 5 4 4 3 3 2 2 0 0 0 1 3 0 4 6 6 2 3 0 0 0 0 0 0 0 0 0 0 0 0 0 0 0 0 2 0 0 0 0 0 0 0 0 0 0 0 0 0 0 0 2 7 13 23 10 2 1 1 0 0 0 0 0 0 0 0 0 0 0 0 0 0 0 2 1 2 0 0 0 2 2 0 0 0 0 0 2 4 10 7 7 4 3 0 1 4 4 4 4 3 6 7 8 4 6 6 6 5 4 6 8 7 8 6 7 6 3 1 2 3 5 5 6 11 14 39 100 113 26 13 5 3 1 1 0 0 0 1 4 2 5 10 11 28 65 159 249 255 212 75 18 11 3 2 3 5 1 5 4 2 3 6 1 3 0 0 0 0 2 0 0 0 0 4 0 4 7 12 14 50 156 205 176 41 16 7 7 3 3 2 0 2 0 0 0 0 0 0 0 0 0 0 0 0 0 0 0 0 2 0 2 0 0 0 0 0 0 0 0 0 5 7 15 29 32 33 27 26 23 14 7 6 5 7 15 19 26 31 39 43 34 21 11 10 11 9 7 4 4 4 5 2 0 2 4 2 0 0 0 0 0 0 2 2 2 3 3 8 11 17 38 52 94 136 120 84 70 38
