1 1 1 1 1 1 1 1 210 253 26 1 1 1 1 1 2 227 254 197 1 1 1 1 1 0 1 1 1 218 120 1 1 0 0 1 44 1 1 1 1 0 1 1 1 1 1 60 192 218 215 94 59 1 1 1 1 1 94 59 2 1 0 1 16 8 1 1 1 45 5 1 1 1 1 1 1 1 2 3 29 23 23 22 22 23 21 18 3 89 1 1 1 1 1 1 1 11 87 117 120 117 131 101 17 44 49 48 41 10 1 1 1 1 1 1 5 1 1 1 0 1 1 2 4 15 6 4 1 1 43 1 1 2 0 1 1 0 1 179 10 1 44 146 88 1 32 94 1 1 2 6 7 2 1 1 0 0 1 1 0 1 1 1 1 1 1 1 1 4 254 252 1 1 1 38 96 1 1 1 241 1 1 0 1 0 1 1 1 1 140 218 77 1 1 1 1 1 1 0 0 36 1 0 1 1 62 6 1 0 0 0 0 1 1 1 63 133 33 1 3 1 1 0 0 0 0 0 1 1 1 1 1 4 14 1 1 0 1 1 1 1 0 0 0 0 1 3 2 1 0 0 0 0 0 0 0 0 0 1 1 1 1 1 1 1 1 1 0 0 1 11 1 0 0 0 0 1 1 84 40 1 1 9 10 1 0 0 0 1 4 0 0 0 0 0 7 1 0 0 0 0 4 1 1 1 1 3 2 1 1 1 1 1 1 2 1 1 1 28 203 155 150 152 144 87 4 1 1 1 1 62 83 1 1 1 58 14 1 0 0 1 1 1 1 1 1 1 1 1 46 67 1 5 10 1 0 0 1 0 0 1 1 1 1 1 1 132 202 53 4 14 8 1 0 0 0 0 1 1 1 1 1 11 52 189 198 197 160 7 1 1 1 1 2 3 2 1 1 1 0 1 0 0 0 2 1 1 1 1 0 0 1 5 1 1 30 207 55 1 1 95 6 24 5 1 0 1 1 3 1 0 0 1 19 18 1 1 0 1 3 1 1 0 0 1 1 2 189 235 193 1 1 1 1 19 69 56 31 3 1 1 0 0 0 1 21 251 3 4 7 1 1 1 1 1 14 78 1 0 0 1 0 0 12 1 63 1 42 1 1 1 1 0 0 0 0 0 0 0 1 1 5 47 4 1 0 0 0 0 0 1
1 1 1 1 1 1 1 29 24 208 253 1 1 1 1 1 1 2 251 254 163 1 1 1 1 1 1 1 57 221 153 1 1 1 1 3 33 1 1 2 1 0 0 1 1 1 1 1 1 1 15 213 221 171 6 1 1 1 1 62 96 1 1 1 5 8 1 1 1 56 1 1 1 1 1 3 3 1 1 1 1 2 1 1 1 1 1 1 13 97 69 3 5 53 111 118 116 103 34 6 25 31 54 151 19 1 1 1 1 0 0 0 0 1 0 1 1 5 4 4 4 4 2 1 1 9 1 1 1 1 42 1 0 2 1 1 1 1 1 183 3 1 2 2 130 34 5 3 96 2 1 1 1 3 7 4 1 0 0 1 1 1 0 0 1 1 2 1 1 1 25 254 99 1 1 1 78 58 1 1 161 214 1 1 1 1 1 1 1 0 20 51 216 219 164 139 101 39 6 1 1 37 1 1 1 0 1 56 11 1 1 0 1 1 10 130 120 10 1 1 1 1 1 0 1 1 1 0 1 1 0 0 1 29 1 1 1 0 1 1 0 0 0 0 0 1 3 1 0 0 0 0 0 0 0 0 0 0 1 1 1 1 0 1 1 1 1 0 0 0 0 11 1 1 1 0 1 1 91 25 1 0 0 1 1 12 0 1 1 1 4 1 1 1 1 2 12 1 0 0 0 0 4 1 0 0 0 6 1 0 0 0 0 1 1 3 1 1 1 1 35 148 1 1 5 109 157 163 163 155 176 101 1 1 1 1 1 77 3 1 0 1 1 1 1 1 1 1 1 1 1 4 84 95 7 1 1 1 0 0 0 1 0 1 1 1 1 1 24 217 189 1 1 1 0 0 0 0 1 1 0 1 1 9 1 1 1 2 118 194 175 3 1 1 0 1 4 2 2 2 2 2 1 1 0 2 1 0 0 0 0 0 0 1 6 110 201 3 1 0 1 4 70 1 0 0 1 2 1 0 1 1 11 24 2 0 0 1 3 2 1 0 0 1 1 1 0 1 1 2 188 235 191 2 4 9 9 17 103 52 8 3 1 1 1 1 1 244 211 2 1 0 1 1 1 1 99 3 3 1 0 0 0 0 11 1 61 3 27 0 1 1 1 0 0 0 0 0 0 1 1 12 39 2 1 0 0 0 0 1 1 1
1 1 1 1 1 21 26 1 1 1 243 248 1 1 1 1 1 1 5 254 254 112 1 1 1 9 70 71 7 197 159 60 30 1 1 41 1 1 1 1 1 0 0 0 1 1 1 1 1 1 1 106 1 128 216 210 65 1 1 1 27 115 4 1 21 1 1 1 17 26 1 1 5 5 2 1 1 0 0 0 1 2 1 1 1 1 1 1 17 26 85 135 119 67 4 17 30 30 29 18 2 2 3 125 1 0 1 0 0 1 1 1 1 3 6 11 11 8 3 4 1 0 0 0 1 9 1 1 1 1 42 1 1 1 1 1 0 1 1 185 2 1 2 1 121 1 18 23 2 95 4 1 0 1 1 1 6 6 1 1 1 1 0 0 1 1 1 1 1 1 1 248 254 3 1 1 1 121 2 1 7 243 1 1 1 1 0 1 1 0 1 25 1 54 175 194 211 221 226 227 227 228 219 206 179 156 126 81 87 41 2 2 8 101 143 44 1 1 1 1 0 1 1 1 1 0 0 0 1 1 0 0 1 26 1 1 0 0 1 1 1 1 0 0 0 2 2 0 0 0 0 0 0 0 0 0 0 1 1 1 1 1 0 0 1 1 0 0 0 0 0 11 0 0 0 1 2 96 14 1 0 0 0 0 1 9 4 2 2 2 7 6 5 5 3 2 15 1 0 0 0 0 4 0 0 0 0 7 1 0 1 1 2 3 2 1 1 1 0 1 1 162 7 1 1 0 1 1 3 171 183 198 204 202 197 154 21 5 77 1 1 1 1 1 8 71 135 178 195 200 201 203 202 209 218 66 1 1 1 1 1 0 0 1 1 1 1 85 81 1 144 214 58 1 1 1 0 0 0 1 0 1 1 8 1 0 1 1 1 1 93 194 115 1 1 1 3 0 0 1 1 1 3 2 1 3 1 1 1 1 0 0 1 1 75 202 1 1 0 1 1 0 40 2 1 2 1 1 0 1 5 31 4 0 0 1 2 3 1 1 1 1 1 1 1 1 0 1 1 1 1 2 194 246 244 168 8 13 48 38 4 10 18 8 1 1 3 44 251 2 0 1 1 1 1 7 79 1 1 2 2 1 1 0 11 2 55 33 2 0 1 1 0 0 0 0 0 0 1 1 20 25 1 1 0 0 0 0 1 1 71 136
0 0 1 12 30 2 1 1 1 1 1 246 246 1 1 1 1 1 1 17 254 248 40 21 75 62 2 1 1 176 170 1 23 67 26 67 10 9 5 1 1 0 0 0 0 1 1 0 1 1 25 73 1 1 1 30 204 219 153 3 1 3 114 33 21 1 0 1 56 2 6 4 1 1 0 0 0 0 0 1 1 1 3 4 32 41 42 38 13 1 1 1 25 14 26 4 1 1 1 1 1 6 1 124 1 1 1 1 2 6 7 7 6 2 1 3 1 1 0 3 1 0 0 0 0 8 1 1 1 1 42 1 1 2 1 1 1 1 1 185 1 1 2 1 108 11 1 3 29 4 98 3 1 1 0 0 1 1 4 6 4 1 1 0 1 2 1 1 1 1 1 3 254 243 1 1 1 17 113 5 1 203 201 1 1 1 0 1 1 1 0 13 4 1 1 1 1 1 1 1 1 13 59 120 166 190 205 209 206 215 184 163 128 88 2 1 1 1 1 1 1 1 1 1 1 1 1 1 1 1 1 1 22 2 1 1 0 0 1 0 1 1 1 1 1 4 1 0 0 0 0 0 0 0 0 1 1 1 1 1 0 1 1 0 0 0 0 0 0 0 0 11 0 0 1 4 99 7 1 1 0 0 0 0 0 1 11 0 0 0 1 0 0 1 0 0 10 1 0 0 0 1 4 0 0 0 0 7 1 2 3 2 1 1 0 0 2 1 0 0 1 14 160 1 1 1 1 2 153 75 1 1 1 2 19 135 197 205 208 199 208 208 208 208 206 191 164 108 18 2 1 1 3 6 14 208 185 2 1 1 1 1 1 1 1 68 93 3 0 1 1 8 205 183 1 1 1 1 1 1 1 0 1 8 2 1 1 1 1 1 1 2 160 190 11 5 1 1 1 1 0 1 1 1 3 5 1 1 1 1 1 1 1 1 208 5 1 0 1 1 0 1 1 52 2 1 0 1 1 25 12 2 1 0 1 3 1 0 1 1 1 1 1 0 0 1 1 1 1 1 1 25 195 124 145 242 240 138 95 27 15 9 1 5 15 2 5 2 246 199 1 1 1 1 1 100 1 1 1 1 1 1 2 2 20 10 48 36 1 1 1 1 0 0 0 0 0 0 1 16 23 1 1 0 0 0 0 1 15 136 81 3
0 3 30 6 1 1 1 1 1 1 1 1 248 245 1 1 1 1 1 1 91 254 219 51 1 1 1 0 1 142 198 1 1 1 60 43 34 21 8 15 14 4 1 0 1 1 1 0 1 1 105 1 1 1 1 1 1 15 160 221 205 41 1 97 96 1 1 2 65 3 1 0 0 0 0 0 1 1 6 23 30 31 35 28 3 1 1 1 1 1 1 1 33 16 3 1 1 0 0 1 5 1 1 111 23 9 9 7 3 1 1 1 0 1 0 3 1 1 1 3 1 1 1 1 1 5 3 1 1 1 40 1 0 2 0 1 1 1 1 185 1 1 2 1 53 79 1 1 3 11 9 97 9 1 1 0 0 0 0 1 2 6 4 1 1 2 1 1 1 1 1 1 119 254 14 1 1 1 104 7 1 2 239 66 0 1 0 0 1 1 0 1 27 1 0 1 1 0 1 0 0 2 1 0 1 1 1 99 1 76 194 170 63 1 1 1 0 0 0 1 1 1 1 0 0 0 0 1 1 0 0 1 29 1 1 1 0 1 1 0 1 0 1 1 1 4 0 0 0 0 0 0 0 0 1 1 1 0 0 1 1 0 1 0 0 0 0 0 0 0 0 12 0 1 8 99 3 0 0 1 1 1 0 0 1 0 14 1 0 0 1 0 0 1 0 0 8 2 0 0 0 1 4 0 1 1 14 42 17 1 0 0 0 0 0 0 1 1 0 0 0 1 152 30 1 1 1 162 58 1 1 1 1 1 1 1 1 1 9 134 50 1 1 1 1 1 1 1 0 0 1 3 1 5 1 1 141 219 111 2 1 1 1 46 94 12 1 1 1 1 1 1 1 140 214 51 1 1 1 1 1 1 0 4 3 0 1 1 1 1 1 1 51 226 251 242 217 120 4 1 1 1 1 1 1 4 0 0 0 0 1 1 1 6 207 1 0 0 0 0 0 1 0 19 7 1 1 16 19 1 0 1 2 3 2 1 0 0 1 1 1 1 0 0 1 1 1 1 1 1 91 193 17 1 1 3 198 248 251 251 212 3 15 12 4 19 3 3 44 251 2 0 0 1 6 85 1 1 1 1 1 1 1 1 3 60 87 2 0 1 1 1 0 0 0 0 0 1 1 59 2 1 0 0 1 1 1 90 122 3 1 1
21 18 4 1 1 1 1 1 1 1 1 1 2 248 244 1 1 1 1 1 2 254 251 52 1 1 1 1 20 72 212 1 1 1 28 1 1 4 33 34 11 6 16 16 13 3 1 1 1 1 102 1 1 0 0 0 3 2 1 1 77 213 219 137 77 124 2 60 41 1 1 1 1 2 22 31 32 29 14 2 1 1 1 1 1 1 1 1 7 28 35 33 2 1 1 4 1 1 1 2 35 29 29 52 67 1 1 1 1 0 0 0 0 1 0 2 1 0 0 1 3 1 1 1 1 1 9 1 0 0 40 1 0 2 0 1 1 1 1 186 1 1 2 1 10 109 1 1 1 1 6 9 89 40 1 1 0 1 0 1 0 1 1 4 5 2 1 1 1 1 1 1 1 254 254 1 1 1 2 110 1 1 233 94 2 1 1 0 1 1 0 0 27 1 0 1 0 0 1 0 0 2 1 0 0 1 1 102 134 138 99 146 148 3 1 0 0 0 0 0 0 1 0 0 0 0 0 1 1 0 1 9 8 1 1 0 0 1 1 1 1 0 1 1 1 4 0 0 0 0 0 0 0 1 1 1 0 0 0 0 1 1 1 1 0 0 0 0 0 0 0 11 1 15 96 1 0 0 0 0 0 1 1 0 1 2 9 1 0 0 1 0 0 1 0 0 5 3 0 0 0 1 6 12 28 25 4 1 27 4 0 0 0 1 1 0 1 2 1 0 0 0 3 168 1 2 169 75 11 1 1 1 0 0 1 1 1 1 1 1 77 5 1 1 1 1 1 1 1 0 2 1 0 5 1 1 1 5 199 200 181 41 104 41 1 0 1 1 0 0 0 0 1 1 7 209 164 1 1 1 1 1 0 2 7 1 1 1 46 216 247 250 249 228 226 197 235 250 250 250 250 233 53 1 6 1 0 0 0 0 0 1 1 197 66 0 1 0 0 1 1 1 0 1 47 10 24 2 0 0 1 2 4 1 0 0 1 1 1 1 1 1 0 1 1 1 1 1 1 144 178 3 1 1 2 13 2 3 7 107 248 251 218 3 21 91 111 4 1 247 183 1 1 1 99 2 1 1 1 1 1 1 1 1 1 16 115 1 1 1 1 0 0 0 0 0 0 1 2 53 1 1 1 1 1 14 134 63 1 1 0 0
1 1 6 1 2 2 1 1 1 1 1 1 1 4 248 243 1 1 1 1 1 178 254 200 1 1 1 1 84 1 214 1 1 5 13 1 1 0 0 1 12 34 35 34 13 9 16 16 15 100 19 1 1 0 1 1 7 1 1 1 1 1 10 178 221 213 216 208 35 38 37 39 36 23 3 1 1 1 1 1 1 1 1 2 18 29 30 28 11 1 1 1 1 1 1 1 2 4 1 45 4 1 1 1 89 2 1 1 1 0 0 1 1 1 1 2 1 0 1 1 2 1 0 0 1 1 8 1 0 1 40 1 0 2 0 1 0 1 1 184 1 1 2 3 18 119 1 1 1 3 1 6 6 83 19 4 1 1 1 1 1 1 1 1 4 1 3 2 1 1 1 1 1 21 254 108 1 1 1 93 18 1 122 216 75 1 1 0 0 1 0 0 27 1 0 1 0 0 1 0 0 2 1 1 1 0 1 176 43 1 1 1 83 155 5 1 0 0 0 0 0 1 1 0 0 0 1 1 0 0 1 29 1 1 1 0 1 1 0 1 0 0 1 0 1 4 1 0 0 0 1 1 1 1 1 0 0 0 0 0 1 1 1 1 1 0 0 0 0 0 1 12 20 91 1 0 0 0 0 0 0 0 1 1 2 9 1 1 0 0 1 0 0 1 0 0 3 5 1 1 8 13 20 4 1 1 1 1 1 33 2 0 1 1 1 1 1 3 1 0 0 0 1 139 77 173 43 1 5 9 1 15 11 2 1 1 0 0 1 1 2 82 1 1 1 0 0 1 2 2 1 0 0 4 1 1 1 0 1 149 75 181 1 1 0 0 0 0 0 0 0 0 0 1 1 1 163 212 36 1 1 1 1 1 12 119 243 250 249 228 100 2 1 8 193 1 1 1 1 3 66 224 250 235 13 1 1 0 0 1 1 1 1 211 1 1 1 0 0 1 1 0 0 0 3 11 1 0 0 2 3 1 0 2 1 1 1 1 1 0 1 1 1 1 0 0 1 2 177 148 1 1 1 3 7 1 1 2 3 177 148 195 250 251 213 146 228 228 138 65 251 1 0 4 86 1 2 2 1 0 0 1 1 1 1 12 118 1 1 1 1 0 0 0 0 0 0 1 4 46 1 1 1 1 92 123 3 1 0 0 0 0
0 1 1 2 1 1 1 1 1 2 1 1 1 1 20 251 241 1 1 1 1 6 254 248 1 2 4 41 29 1 212 7 1 27 1 1 1 1 1 0 0 1 1 1 13 33 34 35 27 123 7 8 9 8 8 7 4 1 1 1 0 1 1 1 1 83 177 209 241 214 29 1 1 1 2 4 2 2 1 5 24 27 26 17 3 1 1 1 1 1 1 1 1 1 1 0 0 1 31 17 1 1 7 38 12 32 6 2 1 1 1 1 1 1 1 1 2 1 1 1 2 1 0 1 1 1 4 2 2 2 41 1 0 2 1 1 1 1 2 185 1 1 1 1 23 112 1 1 0 3 1 1 10 10 65 7 15 1 1 1 1 1 1 1 2 1 1 1 2 3 1 1 1 1 246 254 2 1 1 2 111 1 1 235 71 3 1 1 0 1 1 0 27 1 0 1 0 0 1 0 0 2 2 2 2 2 2 193 1 1 1 1 1 69 159 10 1 1 0 0 0 0 1 0 0 0 1 1 0 1 2 31 2 1 1 0 1 1 0 1 0 0 1 0 0 3 1 0 0 1 1 1 1 1 0 0 0 0 0 0 1 1 1 1 1 1 0 0 0 0 1 34 94 1 0 0 0 0 0 0 0 0 0 3 8 1 0 1 0 0 1 0 0 0 0 0 1 22 13 12 2 1 1 0 0 0 0 0 0 1 38 2 1 1 1 1 0 1 2 1 0 1 1 2 204 31 1 1 1 5 16 2 3 13 20 22 21 3 1 0 1 10 68 1 1 1 1 1 2 3 1 1 1 4 1 1 1 1 2 9 142 183 184 5 1 0 0 0 0 0 0 0 0 0 0 1 1 17 210 172 1 1 11 221 250 246 159 2 1 0 0 0 1 176 66 1 1 1 1 1 1 1 22 244 245 18 1 1 1 1 1 48 207 79 1 1 0 0 0 0 0 0 0 0 1 5 1 1 3 1 1 0 0 1 2 1 0 1 1 0 0 1 1 0 0 1 10 193 107 1 1 1 4 4 1 0 1 13 180 26 1 1 82 201 251 255 239 60 216 234 251 165 1 95 2 1 1 1 2 2 2 1 1 1 1 89 50 1 1 1 0 0 0 0 0 0 0 1 12 26 1 1 2 117 59 1 1 0 0 0 0 1
1 1 1 1 1 1 2 1 1 1 1 1 1 107 157 66 249 237 1 1 1 1 254 254 15 1 1 70 1 1 201 52 1 23 1 0 0 0 1 0 0 0 0 1 1 0 1 1 52 96 37 36 21 5 4 3 1 1 1 1 1 1 1 1 2 3 4 4 7 167 241 177 13 7 3 5 1 10 27 12 1 1 1 1 1 1 1 1 0 1 1 1 1 1 1 1 1 1 54 1 1 1 38 1 1 1 31 1 1 1 0 1 0 1 0 1 3 0 1 1 2 1 2 2 2 2 4 1 1 0 34 1 1 2 1 1 1 1 4 179 2 2 2 2 24 109 1 1 0 3 0 1 1 13 28 42 1 18 4 1 1 0 0 1 1 3 1 0 1 1 2 4 3 1 4 254 226 1 1 1 114 1 1 226 76 81 1 1 0 1 1 0 21 1 0 1 1 0 1 0 0 2 2 0 1 1 1 192 1 1 1 1 0 1 49 163 22 1 1 1 1 0 1 0 0 0 1 1 0 1 36 1 1 1 1 1 1 1 1 1 0 1 1 0 0 1 3 1 0 1 1 1 0 0 0 0 0 0 0 1 1 1 1 1 1 0 0 0 0 1 49 97 3 0 0 0 0 1 1 1 1 2 11 5 1 1 0 1 1 1 1 1 0 0 0 1 1 1 1 0 0 0 0 1 1 0 0 0 0 0 1 40 1 0 0 1 1 1 3 1 1 1 2 119 134 89 1 1 0 0 0 0 0 1 1 1 1 17 2 0 0 1 39 37 1 0 0 1 2 1 1 1 1 4 0 1 2 2 1 1 1 112 87 201 123 1 0 0 0 0 0 0 0 0 0 0 1 1 1 154 231 241 250 228 17 1 0 0 1 0 0 0 1 195 1 1 0 1 1 1 1 1 94 139 172 249 116 1 1 1 156 203 6 0 1 0 0 0 0 0 0 0 1 0 1 1 8 2 1 0 1 1 0 0 1 1 0 0 1 1 0 1 1 1 1 57 195 38 1 3 1 5 3 1 0 1 41 181 9 1 1 1 20 1 18 213 252 255 244 44 157 245 165 94 1 1 0 1 1 0 1 2 3 47 97 62 2 1 1 1 0 0 0 0 1 1 1 1 25 15 2 51 135 28 1 0 0 0 0 0 0 1
1 0 1 1 1 1 1 1 1 1 2 80 156 71 1 1 10 251 211 1 2 227 251 254 73 1 64 2 1 1 187 88 23 1 1 1 1 1 1 1 0 0 0 1 0 0 1 1 111 1 1 1 11 3 1 1 2 3 3 3 3 3 3 2 1 1 1 1 1 4 4 219 150 1 1 2 5 9 1 1 1 1 1 1 1 1 1 0 1 1 1 1 1 1 1 1 1 43 7 2 3 2 37 1 1 2 30 2 1 1 0 0 0 1 0 1 3 3 5 4 3 2 1 1 1 0 1 1 1 0 33 1 0 2 1 1 1 1 40 159 1 1 1 1 26 79 32 1 0 3 0 1 1 3 8 61 9 1 8 12 1 0 0 0 1 3 1 1 1 1 1 1 1 5 5 176 254 6 1 1 112 1 1 78 233 70 80 1 1 1 1 0 3 14 0 1 1 0 1 0 0 2 2 0 1 1 1 193 1 1 1 1 1 1 1 30 167 38 1 0 1 0 1 0 0 1 1 0 0 1 41 1 0 0 0 1 1 1 1 1 0 1 0 0 0 0 1 3 1 1 1 0 0 0 0 0 0 0 1 1 0 1 1 1 1 1 0 1 1 16 83 22 0 0 0 1 2 3 3 3 7 10 1 1 1 0 0 1 1 1 1 1 1 0 1 0 0 0 1 1 1 1 1 1 1 1 1 0 0 1 1 2 35 1 1 1 1 0 3 1 1 3 125 5 1 160 1 1 0 0 0 0 0 0 0 1 1 1 20 1 0 0 1 70 10 0 1 2 1 1 1 1 1 4 1 3 1 0 0 2 101 122 2 1 168 191 6 1 0 1 1 0 0 0 0 0 1 2 153 225 221 189 1 1 0 1 1 0 1 1 1 1 90 168 1 0 0 1 1 1 1 37 127 5 1 82 248 179 19 205 158 1 0 0 0 0 0 0 0 0 0 0 1 1 4 7 1 1 0 0 0 1 1 0 0 1 1 0 0 1 1 1 1 1 115 191 6 1 1 1 12 2 0 0 1 93 171 3 1 0 1 3 12 1 1 3 213 163 254 255 252 73 240 247 135 1 1 1 0 0 1 1 39 19 79 2 1 1 1 0 1 1 1 1 1 1 1 2 34 104 135 94 7 1 1 0 0 0 0 0 0 1
1 1 1 1 1 1 0 1 1 33 131 114 1 1 1 1 1 25 254 191 242 101 1 254 254 1 72 1 1 1 176 104 26 1 1 0 0 1 0 1 0 0 1 1 1 1 1 3 114 1 1 1 1 20 1 0 0 0 0 0 0 0 0 0 1 1 1 1 1 4 1 40 209 214 42 1 20 1 1 1 1 1 1 1 1 1 1 1 1 1 1 1 1 1 1 1 7 41 1 1 1 2 5 44 46 49 1 1 1 1 1 1 1 2 2 2 2 1 3 2 1 0 0 0 0 0 1 2 1 1 29 1 1 2 1 1 1 1 149 66 2 2 1 1 26 12 99 1 1 2 1 1 1 3 1 7 79 1 1 1 16 3 1 0 1 4 1 0 1 1 1 1 1 1 1 10 254 254 1 1 112 53 73 69 239 1 115 1 1 0 1 0 1 27 1 0 1 1 1 0 1 2 2 0 1 1 1 193 1 0 1 1 1 1 1 1 11 167 61 1 1 1 1 1 0 1 1 0 1 18 8 1 1 1 0 0 0 0 1 0 1 1 0 0 0 0 0 1 3 1 1 0 0 0 0 0 0 1 1 0 0 0 1 1 1 1 1 1 26 79 1 6 1 0 1 3 1 1 0 0 1 6 0 0 0 1 1 1 1 0 1 1 0 1 1 1 1 1 1 1 1 1 1 1 1 1 2 1 1 1 0 0 3 30 1 1 1 0 1 2 7 125 3 0 1 88 116 1 1 1 1 1 0 0 0 0 1 1 3 14 1 0 0 1 84 2 3 1 0 1 1 1 4 7 1 1 1 1 89 110 8 2 49 0 1 43 201 139 1 1 0 0 0 1 1 19 201 225 191 5 1 3 1 1 1 0 1 1 1 1 1 1 193 2 1 1 1 1 7 51 75 135 17 1 1 1 19 244 236 50 1 0 0 0 0 0 0 0 0 0 0 0 0 1 8 1 1 1 0 0 0 1 1 1 0 0 1 1 0 0 1 1 1 153 169 2 1 0 1 5 2 1 1 1 136 155 1 1 1 1 1 11 1 1 2 1 103 237 178 50 229 255 252 122 243 247 149 1 1 1 1 37 5 28 74 3 1 1 1 1 1 1 1 5 32 123 145 145 160 94 2 99 62 1 0 0 0 0 0 0 0 1
1 1 0 1 1 1 1 14 121 97 2 19 1 1 1 1 1 1 136 254 78 1 1 23 254 38 41 9 25 27 180 132 5 1 1 1 1 1 1 1 1 1 1 1 0 1 1 109 8 1 1 1 1 2 12 0 1 1 1 1 1 1 0 0 1 1 1 1 1 4 1 33 1 128 216 206 18 1 1 1 1 1 1 1 1 1 1 1 1 1 1 1 1 0 1 1 45 1 1 1 1 1 1 1 1 78 1 1 3 3 3 2 1 1 1 1 1 1 1 6 1 0 0 0 1 1 1 2 1 1 33 2 1 2 1 1 1 1 177 1 1 1 1 2 34 2 110 1 1 1 1 1 1 3 1 2 23 50 1 1 1 6 10 1 1 3 1 0 0 1 1 1 1 1 1 2 164 254 1 1 39 45 15 1 229 79 78 39 1 0 1 1 1 30 1 0 1 1 0 0 1 2 2 0 1 1 1 193 1 1 1 1 1 1 1 1 1 3 161 87 1 1 0 1 0 1 1 0 1 42 1 0 0 1 1 1 0 0 1 0 1 1 0 0 0 0 0 1 1 3 1 1 0 0 0 0 1 1 0 0 0 0 0 0 0 1 1 45 71 1 1 4 1 1 3 1 0 0 0 1 2 6 0 0 0 1 1 0 1 0 1 1 1 1 1 1 1 1 1 1 1 1 1 1 1 0 1 1 1 1 1 0 1 5 24 1 1 1 1 27 123 2 0 0 0 1 154 4 1 1 1 1 1 1 0 0 1 1 1 8 6 1 0 1 5 91 2 1 1 1 1 1 3 6 0 1 94 143 117 1 1 1 60 1 0 1 1 156 198 14 1 1 1 134 218 216 106 15 1 1 1 3 1 1 1 1 0 1 1 0 1 3 193 1 1 1 39 73 46 6 82 27 1 1 1 0 1 53 232 193 3 1 0 0 0 0 0 0 0 0 0 0 0 0 6 1 0 1 1 0 0 1 1 1 1 0 1 1 1 1 1 2 180 140 1 0 1 2 4 1 1 2 2 161 123 1 0 1 1 1 0 12 1 0 2 1 3 210 17 9 1 13 224 255 254 126 242 247 159 2 52 119 115 186 178 120 53 4 14 15 7 38 157 161 148 86 39 33 3 48 162 109 174 1 0 0 0 0 0 0 0 1
1 1 1 1 1 6 108 109 5 1 1 1 12 1 1 1 1 1 7 251 241 1 1 1 254 185 34 14 2 2 181 149 1 1 1 1 1 1 1 1 1 1 1 1 1 1 1 124 1 1 1 1 1 1 12 2 1 1 1 1 1 1 1 1 1 1 1 1 1 4 1 34 1 59 1 103 221 172 3 1 1 1 1 1 1 1 1 1 1 1 1 1 1 1 1 15 15 1 1 1 1 1 2 3 4 89 3 2 1 1 1 1 1 0 0 0 1 1 1 6 1 1 1 1 5 10 12 21 18 16 33 25 28 36 33 32 30 105 136 1 1 1 1 1 33 1 111 1 1 1 2 0 1 3 1 1 5 75 1 1 1 1 8 3 1 3 1 0 1 1 1 1 1 1 2 3 34 254 3 1 14 1 15 1 87 228 1 125 50 1 1 1 0 32 1 0 1 1 0 0 1 2 2 0 1 1 1 193 1 1 0 1 0 1 1 1 1 1 1 150 112 1 1 1 1 1 0 1 4 29 1 1 1 0 0 1 0 1 1 0 1 1 0 0 0 0 1 1 1 1 2 3 1 1 0 1 1 0 0 0 0 0 0 0 1 3 85 55 1 1 1 1 4 3 1 0 0 0 0 4 2 1 0 0 0 0 1 1 1 1 1 1 1 1 0 0 0 0 0 0 1 1 0 0 0 0 0 0 0 1 2 1 0 1 8 19 1 1 18 114 1 0 0 0 0 1 51 132 1 1 1 1 1 1 1 1 1 0 0 1 15 2 1 0 1 31 59 1 1 1 1 1 2 5 2 76 117 1 14 50 0 1 25 12 0 0 0 1 18 200 183 198 222 190 10 1 1 13 1 0 0 3 1 1 1 1 1 1 0 0 1 169 90 1 1 42 13 1 1 3 104 1 0 1 1 1 0 1 1 198 207 16 1 1 0 0 0 0 0 0 1 1 1 0 1 7 1 0 1 1 0 1 1 1 1 0 0 1 1 1 12 199 108 1 0 1 3 3 1 0 1 7 181 72 1 0 1 2 1 0 2 6 1 1 2 0 1 168 165 10 1 1 1 19 219 255 254 124 240 248 247 138 20 233 113 13 102 158 156 155 159 145 53 161 165 165 165 165 163 138 2 1 168 1 0 0 0 0 0 0 0 1
1 1 1 2 99 114 14 1 1 1 1 1 4 3 1 1 5 2 1 140 248 1 1 1 251 254 1 1 1 1 167 169 52 71 87 93 94 96 95 95 93 93 94 94 93 92 138 121 42 3 1 1 1 1 1 21 1 1 1 1 1 1 1 1 1 1 1 1 1 4 1 34 1 58 1 1 28 129 209 148 1 1 1 1 1 1 1 1 1 1 1 1 1 1 1 44 1 1 1 2 2 2 2 1 1 74 1 0 0 0 1 1 1 0 0 1 1 1 1 13 10 12 11 9 2 1 1 1 1 1 2 1 1 1 1 1 3 175 19 26 31 19 14 3 34 1 110 1 1 1 2 0 1 1 1 0 2 8 68 1 1 1 2 3 2 6 2 1 1 0 0 1 1 2 1 5 3 254 39 1 13 1 17 1 3 239 0 1 116 1 1 1 0 22 2 0 1 1 0 0 1 2 2 0 1 1 1 193 1 1 0 0 0 0 1 1 1 1 1 1 132 132 1 1 1 1 0 1 42 1 0 1 1 1 1 1 0 1 1 0 1 0 0 0 0 0 1 1 1 0 1 1 3 3 1 1 1 0 0 0 0 0 0 1 7 91 8 1 1 1 1 1 11 1 0 0 0 0 0 2 1 0 0 0 0 0 0 0 1 1 0 0 1 1 0 0 0 0 0 0 1 1 0 0 0 0 0 0 0 0 1 1 0 0 1 12 14 30 107 1 0 0 0 0 0 1 1 130 53 9 1 1 1 1 1 1 0 0 0 0 1 19 1 0 0 1 67 24 1 1 1 1 4 3 72 2 100 1 1 81 1 1 1 59 1 0 0 1 19 85 153 116 1 1 0 0 1 13 1 1 0 2 1 0 1 1 1 1 1 1 1 195 1 0 5 54 1 1 0 106 2 1 1 0 0 1 1 1 1 1 173 222 59 1 0 0 0 0 0 1 1 0 1 1 1 4 2 0 0 1 1 0 1 0 1 1 0 0 1 73 199 32 3 2 1 4 2 1 0 1 49 181 13 2 1 1 1 1 0 0 10 1 0 2 1 0 1 81 186 109 19 2 1 1 1 92 211 255 254 112 96 240 243 206 1 1 1 19 1 1 1 1 163 2 1 1 1 1 1 1 1 1 168 1 0 0 0 0 0 0 0 0
1 1 42 117 27 1 1 1 1 1 0 1 1 11 3 2 1 1 1 3 251 1 1 1 14 254 1 1 1 1 170 153 40 18 5 1 1 1 1 1 1 1 1 1 1 1 113 4 13 56 57 59 55 54 54 66 72 52 41 24 7 2 1 1 1 1 1 1 1 3 1 33 1 57 1 1 31 2 1 143 209 118 1 1 1 1 1 1 1 1 1 1 1 1 37 9 2 2 1 1 1 1 1 1 1 32 32 0 1 1 1 1 1 1 2 7 9 9 8 15 1 1 1 0 0 0 1 1 0 1 2 0 1 1 1 1 134 65 1 1 3 1 1 8 59 1 100 4 1 1 2 1 0 1 2 1 1 5 78 1 0 1 1 6 1 1 10 1 1 0 0 1 1 1 2 2 1 255 220 1 13 1 18 1 1 239 1 1 118 1 1 1 0 2 24 0 1 1 0 0 1 2 2 0 0 1 1 194 1 1 0 0 0 0 0 1 1 0 0 1 1 112 149 1 1 1 1 1 41 1 0 0 0 0 1 1 0 1 0 0 1 0 0 0 0 0 1 1 0 0 1 1 1 1 2 4 4 2 1 1 0 0 1 14 87 1 1 0 1 1 1 1 12 1 0 0 0 0 0 1 1 0 0 0 0 0 0 0 0 1 1 0 1 1 1 0 0 1 1 1 1 1 0 0 0 0 0 0 0 0 0 2 0 0 1 1 77 102 1 0 0 0 0 0 1 1 1 16 142 15 1 1 1 1 1 1 1 0 0 1 1 2 19 1 0 1 1 92 7 1 1 1 10 30 140 93 4 1 0 3 71 0 1 55 1 1 64 85 45 1 0 1 2 2 1 0 1 11 0 1 0 1 2 0 0 1 1 0 1 1 80 172 1 1 72 1 0 1 1 114 1 1 1 1 1 1 1 1 1 1 1 133 225 82 1 0 0 0 1 0 0 0 0 1 1 1 8 1 0 1 1 0 1 1 1 1 1 1 130 193 5 1 1 5 6 1 1 0 1 110 166 2 1 1 3 1 1 0 0 1 10 1 1 2 0 0 2 2 209 6 3 22 15 1 1 1 140 4 203 255 255 132 174 248 189 3 17 2 1 1 1 114 91 1 0 0 1 1 0 0 0 5 162 1 1 0 0 0 0 0 0 0
1 65 83 1 1 1 1 1 0 1 1 1 1 9 6 1 1 1 1 1 251 3 1 1 2 254 3 1 1 1 171 133 1 1 1 1 1 1 1 1 1 1 1 1 1 7 93 8 1 1 1 1 1 1 1 1 13 2 3 13 29 40 44 46 51 48 47 46 47 65 59 44 4 59 1 1 36 2 1 1 3 169 209 87 1 1 1 1 1 1 1 0 1 4 38 1 1 1 0 0 0 0 0 1 1 1 73 1 1 1 6 11 11 11 6 1 1 1 0 3 1 0 1 0 0 0 1 1 0 1 2 0 1 1 1 18 157 1 1 1 4 1 1 5 37 1 48 58 1 1 2 1 0 1 2 1 0 3 13 60 1 1 1 7 0 1 6 1 1 1 1 1 1 1 4 1 1 255 255 1 9 1 18 1 1 239 1 0 72 73 1 1 1 1 33 0 1 1 0 0 1 2 2 1 0 1 1 193 1 0 1 0 0 0 0 1 1 1 0 0 1 1 90 159 5 0 1 28 8 1 1 0 0 0 0 0 1 1 0 1 1 0 0 0 0 0 0 1 0 0 1 1 1 1 1 1 1 3 4 6 4 2 52 83 1 1 1 0 1 1 1 1 11 0 0 0 0 0 0 0 0 0 0 0 0 0 0 0 0 0 1 0 0 1 1 1 1 1 0 0 0 1 1 1 0 0 0 0 0 0 0 1 1 1 1 59 88 1 1 0 0 1 0 0 1 1 0 1 119 92 1 1 0 0 1 1 1 0 1 1 1 1 5 11 1 1 1 3 97 1 1 71 154 128 3 1 0 1 0 0 73 3 1 38 118 80 6 1 0 0 1 1 1 1 3 1 1 11 0 1 0 1 3 1 1 1 1 0 0 1 193 3 1 1 75 1 1 1 1 114 1 1 0 0 1 0 1 1 1 1 1 1 116 228 5 1 1 1 1 0 0 0 1 1 1 1 2 4 0 0 1 1 1 1 1 1 2 169 165 1 2 1 1 1 1 1 0 1 146 143 1 1 1 1 1 1 0 0 1 6 2 1 2 1 0 1 2 97 196 1 1 1 5 16 1 1 133 110 155 135 212 255 255 152 230 245 241 174 1 1 1 164 1 0 0 0 0 0 0 0 0 16 167 1 1 1 1 0 0 0 0 1
88 62 1 1 1 1 1 0 0 0 1 4 3 1 5 1 1 1 1 20 251 7 1 1 1 254 5 1 1 1 125 177 1 1 1 1 1 1 1 1 1 1 1 0 0 97 2 3 2 1 1 1 1 1 1 1 1 15 1 1 1 0 0 1 1 1 1 1 2 44 9 13 44 87 16 16 64 33 7 3 3 3 18 191 208 57 1 1 1 1 1 1 1 50 1 0 1 1 0 1 1 1 1 1 1 9 105 30 30 22 6 1 1 0 0 0 0 0 0 5 1 0 0 0 0 0 1 1 1 1 1 1 1 1 1 159 13 1 1 2 1 1 1 47 2 1 3 96 1 1 2 1 0 1 2 1 0 1 5 81 1 0 1 7 0 0 6 1 1 3 2 1 1 2 2 1 1 141 255 1 1 12 24 1 1 239 1 0 1 133 2 1 1 0 33 1 1 1 0 0 1 2 2 1 0 1 1 187 8 1 0 0 0 0 0 1 1 1 1 0 0 1 1 71 166 17 1 45 1 1 1 1 1 1 1 0 1 1 0 1 0 0 0 0 0 0 1 1 0 0 0 0 1 1 1 1 1 1 1 1 1 61 92 31 11 1 1 1 1 1 1 3 3 1 1 0 0 0 0 0 0 0 0 0 0 0 0 0 0 0 1 1 0 1 1 0 0 0 0 0 0 0 1 1 1 0 0 0 0 0 0 1 2 1 41 93 1 0 0 0 1 1 1 0 1 1 1 1 6 160 1 1 1 0 0 1 1 1 1 1 1 0 1 13 5 1 1 1 23 164 175 146 2 1 0 0 0 1 1 1 2 99 79 36 42 1 0 1 1 1 1 1 1 1 1 2 4 11 1 1 1 1 1 2 1 1 0 1 1 2 193 1 1 1 72 1 1 1 0 113 1 1 1 0 1 0 1 1 1 1 1 1 2 228 118 1 1 1 1 1 1 1 1 0 0 0 1 8 1 1 1 1 10 163 184 187 201 125 2 0 1 2 1 1 1 1 2 165 109 1 0 1 2 1 0 1 1 1 5 6 1 1 2 1 0 1 1 202 46 1 1 0 1 29 1 1 1 53 12 1 1 116 228 255 253 58 102 230 245 73 100 108 1 0 0 0 0 0 0 0 0 1 87 168 138 1 1 1 1 0 0 3
37 1 1 1 0 1 1 1 1 4 3 1 1 1 1 6 1 2 32 9 251 3 1 1 1 254 6 1 1 1 8 215 2 1 1 1 1 1 1 1 1 1 0 0 1 99 1 1 7 1 1 1 1 1 1 1 1 3 7 0 1 1 1 1 1 1 1 1 5 24 1 1 5 60 1 1 47 6 1 1 1 1 1 1 30 201 201 16 1 1 1 1 20 17 1 1 1 1 1 1 5 18 20 20 16 4 70 1 1 1 1 1 1 1 0 0 0 0 1 5 1 1 1 1 1 1 1 0 1 2 1 1 1 1 69 132 1 1 1 3 1 1 1 40 8 2 1 94 1 1 1 1 0 1 2 1 0 0 5 74 2 0 1 5 1 1 6 1 1 1 1 2 1 4 1 1 1 25 255 2 1 9 19 1 1 239 1 0 0 7 129 1 1 1 32 1 1 1 0 0 1 2 2 1 0 1 1 166 71 1 0 0 0 1 1 1 1 0 1 1 1 1 0 1 45 165 74 12 0 0 1 1 1 1 1 1 1 1 1 1 0 0 0 0 0 1 1 1 0 0 1 1 1 0 0 1 1 1 1 1 18 90 6 1 4 23 27 7 1 1 6 6 1 1 1 0 0 0 0 0 0 0 0 0 0 0 0 0 0 0 0 1 0 0 1 0 0 0 0 0 0 0 0 0 1 1 0 0 0 0 0 1 1 55 89 2 1 0 1 1 0 1 1 1 1 1 1 1 1 117 98 1 1 1 0 0 1 1 1 1 1 0 0 1 22 3 1 114 180 96 1 3 31 0 0 0 0 1 6 44 35 2 1 1 14 5 1 1 1 1 1 0 0 0 0 1 3 10 2 1 1 1 0 1 1 1 1 1 1 158 107 1 1 1 67 0 0 1 0 14 91 1 1 0 1 1 1 0 1 1 1 1 1 204 180 1 1 1 1 1 1 0 0 0 0 0 0 2 4 1 11 177 176 41 4 70 5 1 1 1 0 1 2 1 1 11 180 52 1 0 1 1 1 0 0 1 3 4 16 1 1 3 3 2 1 2 28 205 1 1 1 1 0 4 15 1 1 77 1 0 1 170 1 20 228 255 253 40 11 241 232 1 1 0 0 0 0 0 0 0 0 0 1 1 60 168 141 1 1 1 1 2
1 1 1 1 0 1 1 3 4 1 1 1 1 0 1 3 26 23 1 1 251 1 1 1 1 254 7 1 1 1 1 209 42 1 1 1 1 1 1 0 0 1 0 0 56 31 1 0 2 2 1 1 1 1 1 0 1 1 11 1 1 1 1 1 36 41 38 26 30 42 6 6 15 63 1 1 51 3 1 1 0 1 1 1 1 1 60 210 162 1 1 1 52 1 1 3 21 28 26 18 7 1 1 1 1 1 57 2 1 0 0 0 1 2 1 0 0 0 3 1 1 0 0 1 1 1 1 1 1 2 1 1 1 1 167 2 1 1 1 1 1 1 1 27 1 3 5 92 1 1 1 1 0 1 2 1 0 0 2 11 66 1 1 1 3 1 4 2 1 1 1 1 5 3 1 1 1 4 255 7 1 9 18 1 1 239 1 0 0 1 139 1 1 1 15 5 1 1 0 0 1 2 2 1 1 1 1 110 145 1 0 0 1 1 1 1 1 0 0 0 0 0 0 0 1 66 175 54 1 0 1 1 0 1 0 1 1 1 1 1 1 1 1 0 0 0 0 1 0 1 1 0 0 1 0 1 1 1 1 16 88 8 1 1 0 1 1 43 11 9 2 1 1 1 0 0 0 0 0 0 0 0 0 0 0 0 0 1 1 1 1 1 0 0 1 0 0 0 0 0 0 0 0 0 1 1 0 0 0 0 1 1 56 76 1 0 1 1 1 1 0 0 1 1 1 1 1 1 1 3 165 2 1 1 0 1 1 0 0 0 1 1 1 1 1 103 179 122 1 1 0 1 45 1 0 1 22 43 18 1 60 1 1 1 1 28 1 1 0 0 1 0 0 0 0 0 5 2 1 2 1 0 1 1 1 1 1 1 1 195 1 1 0 1 67 0 1 1 1 1 63 49 1 1 1 1 0 0 0 1 1 0 1 146 216 3 1 1 1 1 0 0 0 0 0 0 1 1 9 131 173 9 1 9 61 1 1 1 0 2 1 0 1 1 58 180 7 1 0 1 1 1 0 0 1 3 2 2 23 1 1 5 1 1 2 2 195 103 1 0 0 1 0 1 30 1 1 77 10 1 123 100 1 1 1 36 230 255 253 57 241 246 200 1 1 0 0 0 0 0 0 0 0 0 1 1 54 167 140 1 3 1
71 26 2 1 1 2 5 1 1 1 1 1 1 1 11 36 2 1 1 11 251 1 1 1 1 254 5 1 1 1 1 197 89 1 1 1 1 1 1 0 1 1 0 1 95 1 1 0 1 5 1 1 1 0 1 1 0 1 1 14 1 1 27 38 2 1 1 5 40 44 52 54 65 121 47 46 97 28 18 13 7 4 6 2 1 1 1 1 136 210 149 77 45 30 29 17 2 1 1 1 1 1 0 0 1 1 15 33 1 1 0 0 1 1 1 1 1 1 3 1 0 0 0 0 1 1 1 1 1 1 1 1 1 115 91 1 1 1 2 1 1 1 2 16 1 1 1 86 4 3 1 1 0 0 1 1 0 0 1 6 80 1 0 1 1 1 2 3 0 1 1 1 3 1 3 1 1 2 255 43 1 9 11 2 1 239 1 0 0 0 66 95 1 1 1 32 1 1 1 1 3 2 2 1 1 1 0 2 191 1 1 1 1 1 1 1 1 1 0 0 0 0 0 0 9 23 10 165 77 1 1 0 0 1 0 1 1 0 1 1 1 1 1 1 1 1 1 1 1 0 0 0 0 1 1 1 1 1 5 93 11 1 0 0 1 1 1 41 1 1 1 1 1 1 1 0 0 0 0 0 0 0 0 0 0 0 0 0 0 0 0 0 0 1 1 0 0 0 0 0 0 0 0 0 0 1 0 0 0 1 1 66 66 1 0 0 1 1 1 0 0 0 0 1 1 1 1 1 0 1 96 122 1 1 1 1 1 0 0 1 1 1 1 24 157 132 5 1 0 1 0 0 18 13 38 44 5 1 0 1 55 1 1 0 1 19 1 0 0 0 1 1 0 0 0 0 8 1 0 1 1 1 1 1 0 1 0 1 70 177 1 1 1 1 73 0 1 0 1 0 1 68 55 1 0 1 1 1 0 0 1 1 1 4 231 87 1 1 1 1 0 0 1 1 1 1 1 16 187 110 1 1 23 41 1 1 1 1 0 1 2 1 1 118 164 1 1 1 1 1 0 0 1 2 2 1 1 16 1 7 10 3 1 1 1 5 209 1 0 0 0 1 1 1 21 2 0 2 31 150 131 1 1 1 1 1 1 137 207 255 255 128 221 246 202 1 1 0 0 0 0 0 0 0 0 1 1 1 53 169 149 2
1 37 70 77 84 45 1 1 1 1 0 1 2 33 12 1 1 1 1 236 206 1 1 1 2 254 3 1 1 1 1 183 120 1 1 1 1 1 0 0 1 1 1 9 76 1 0 0 1 1 2 1 1 1 0 1 1 0 0 3 30 42 5 1 1 1 0 0 12 1 1 1 1 37 38 1 32 6 3 2 5 29 25 31 36 38 41 43 46 73 185 201 41 1 1 1 0 0 1 1 1 1 1 0 1 1 1 55 1 1 1 1 1 0 0 1 1 3 1 1 0 0 0 1 1 0 1 1 2 1 1 1 6 161 1 1 1 1 1 1 1 1 21 1 1 1 1 66 9 1 2 5 2 1 1 1 1 0 1 5 81 1 1 1 1 1 1 5 1 1 1 2 1 1 1 3 2 1 255 119 1 8 3 8 1 239 1 0 0 0 1 142 1 1 0 30 1 1 1 2 1 1 1 0 1 1 1 1 124 157 4 2 1 1 1 0 0 1 1 0 0 0 0 7 28 1 0 3 159 103 1 1 1 1 0 1 1 0 1 0 0 1 0 0 1 1 1 1 1 0 1 1 1 1 1 1 1 1 92 26 1 1 1 1 1 1 1 41 1 1 1 1 1 1 1 1 0 0 0 0 0 0 0 0 0 0 0 0 0 0 0 0 0 1 1 0 0 0 0 0 0 0 0 0 0 1 1 1 1 1 77 54 1 1 0 0 1 2 1 1 0 0 0 1 0 0 0 1 1 1 1 165 7 1 1 0 0 1 1 1 1 5 149 146 4 1 1 3 0 1 0 0 1 23 1 1 0 0 0 0 3 50 1 1 1 2 9 1 0 0 1 1 0 0 0 0 10 1 0 0 0 1 1 1 1 1 1 1 193 6 1 1 0 1 74 1 1 0 0 1 1 1 55 68 1 0 0 1 1 0 0 1 1 1 142 214 76 3 3 32 103 10 9 24 66 114 172 178 5 1 1 42 20 1 1 1 1 1 1 1 1 3 150 138 2 1 1 1 1 0 0 1 2 2 0 0 2 11 1 0 1 2 4 1 1 192 104 1 0 0 0 1 1 1 3 19 0 1 1 166 1 1 1 1 0 0 1 135 1 53 215 255 255 162 217 246 196 1 1 0 0 0 0 0 0 0 0 0 1 7 27 162
1 1 1 1 1 19 62 1 0 1 1 24 24 1 1 1 1 1 1 251 2 1 1 1 1 254 7 1 1 1 1 141 169 2 1 1 1 1 0 0 0 1 1 91 1 1 0 0 1 1 3 1 1 1 1 1 1 1 4 35 30 1 1 0 1 1 1 1 11 1 1 1 1 7 36 14 29 1 2 3 3 2 1 1 1 1 1 1 1 1 1 81 204 166 2 1 1 0 0 0 1 1 1 1 1 1 1 58 1 1 1 1 1 1 0 1 1 3 1 0 0 0 1 1 1 0 1 1 1 0 1 1 147 39 1 1 1 2 1 1 1 1 27 1 1 1 1 17 53 1 1 1 1 2 3 2 1 0 1 5 81 1 1 1 1 0 1 6 1 0 1 3 1 1 1 1 1 5 255 153 1 8 2 14 1 239 1 0 0 0 1 144 1 1 0 1 28 1 0 2 1 1 1 0 1 1 0 1 1 88 191 90 1 1 1 0 0 0 1 1 1 0 4 32 1 1 0 1 1 140 126 1 1 1 0 1 1 0 1 0 0 1 0 1 1 0 1 1 1 1 1 1 1 1 1 0 1 79 50 1 1 0 0 1 0 0 0 40 1 1 1 1 1 1 1 1 0 0 0 0 0 0 0 0 0 0 0 0 0 0 0 0 0 0 1 1 0 0 0 0 0 0 0 0 1 1 1 1 1 87 44 1 0 1 0 0 0 1 1 1 1 0 0 1 0 1 1 1 1 1 1 66 141 1 1 1 1 1 1 3 141 157 18 1 0 0 0 3 1 1 0 0 0 0 0 0 0 0 0 0 1 61 1 1 0 1 15 1 0 0 1 1 1 1 0 0 11 1 0 0 1 1 1 1 1 1 1 2 193 1 0 0 0 0 46 8 1 1 0 0 1 0 1 60 50 1 1 1 0 0 0 1 0 1 1 145 232 228 234 235 235 238 193 179 161 138 31 1 2 1 60 8 1 1 1 1 1 1 0 1 3 176 107 1 1 2 1 1 0 1 2 2 1 1 0 0 16 1 0 0 0 1 1 3 144 174 1 0 0 0 0 1 0 1 8 9 0 1 11 160 1 1 1 0 0 1 1 104 129 137 137 152 231 255 255 167 225 246 203 1 1 1 1 1 0 0 0 0 1 5 1 1
1 1 1 1 1 1 2 61 1 10 31 2 1 1 1 1 1 1 35 248 1 2 1 1 1 254 59 1 1 1 1 14 213 4 1 1 1 0 0 0 0 0 1 91 1 1 1 0 0 0 1 1 1 1 1 1 2 32 23 1 1 6 1 0 0 0 0 1 11 1 1 1 1 8 3 62 44 1 1 1 16 1 1 1 1 0 0 1 1 1 1 1 1 126 210 104 1 1 1 0 0 1 1 1 1 1 1 58 1 0 0 1 1 1 1 0 2 1 1 1 0 0 1 1 0 1 1 1 1 1 1 40 145 1 1 1 1 2 1 1 1 1 26 1 1 1 1 2 76 1 1 1 1 0 1 3 3 2 1 6 85 9 1 1 1 1 1 6 1 0 2 1 1 1 1 1 1 2 255 153 1 8 2 21 1 239 1 0 0 0 0 128 12 1 0 0 18 7 1 2 1 1 1 0 1 1 0 1 1 1 1 168 96 1 0 0 0 0 0 0 1 3 37 1 0 1 0 1 1 1 127 139 1 0 0 1 0 1 1 0 1 1 0 1 0 0 1 1 1 1 1 0 0 0 0 1 54 76 1 1 1 1 1 1 0 0 1 37 1 1 1 1 1 0 1 1 1 0 0 0 0 0 0 0 0 0 0 1 1 1 1 1 1 1 0 1 0 0 0 0 0 0 0 1 1 1 1 1 94 31 0 0 0 0 0 0 0 1 2 1 0 0 0 1 1 1 0 0 1 1 1 1 159 19 1 1 1 8 147 160 42 1 0 0 0 0 0 1 3 1 0 0 0 0 0 0 0 0 0 0 1 24 15 1 1 0 9 2 1 0 1 0 0 1 1 1 11 1 0 0 1 1 1 1 1 1 1 144 129 1 0 0 0 0 1 72 1 0 0 0 1 1 1 1 116 1 1 1 1 1 1 1 0 0 1 1 5 102 47 18 16 79 209 14 12 2 2 2 6 63 2 1 1 1 1 1 1 0 1 21 185 31 1 2 2 2 1 1 2 2 1 0 1 0 0 3 8 1 0 0 1 1 1 28 200 5 1 0 0 0 1 1 0 1 27 1 1 129 155 2 1 1 1 0 1 1 1 1 6 4 1 1 1 130 231 255 255 168 217 246 216 2 1 1 0 0 0 0 4 1 2 1
1 1 1 1 1 1 1 7 92 9 1 1 1 1 1 1 1 1 241 192 5 3 2 1 1 254 251 1 1 1 1 1 207 60 0 1 1 0 0 0 0 0 62 17 1 1 1 1 1 0 1 1 1 1 1 20 35 2 1 1 1 2 2 0 0 0 0 1 12 1 1 1 3 9 1 1 103 4 3 3 2 2 3 1 1 0 1 1 0 0 1 1 2 1 3 174 199 23 1 1 1 1 1 1 1 1 1 56 1 1 0 1 1 1 1 1 2 1 1 1 1 1 1 0 0 1 1 1 1 1 1 160 7 1 1 1 2 1 1 1 1 4 12 1 1 1 1 1 78 1 1 1 1 0 0 1 1 1 3 38 64 81 1 1 1 1 1 6 1 1 3 1 1 1 1 1 1 3 255 118 1 7 1 17 1 239 1 1 1 1 0 1 142 1 0 0 1 40 1 2 1 1 1 0 1 1 1 1 1 1 0 4 192 1 0 0 0 0 0 0 2 40 1 0 0 1 0 1 1 0 9 96 152 2 1 1 0 1 1 0 1 0 0 1 0 0 1 1 1 1 0 1 1 1 1 34 85 1 0 1 1 1 0 1 0 0 1 40 1 0 1 0 0 0 0 1 1 1 0 0 0 0 0 0 0 0 0 1 1 1 1 1 0 0 0 1 1 0 0 0 0 0 1 1 1 1 1 101 18 0 0 0 0 0 0 0 0 0 2 1 0 0 0 1 1 1 1 1 1 0 0 1 92 130 2 25 152 154 21 1 0 0 0 0 0 0 0 0 3 1 0 0 0 0 1 1 1 0 0 0 1 12 29 1 1 0 1 13 1 0 1 0 0 0 0 1 11 1 0 1 1 1 1 1 1 1 1 193 1 1 0 0 0 0 1 42 11 1 1 1 1 1 1 1 31 75 1 0 0 0 1 1 1 1 1 1 1 3 3 1 1 1 134 189 1 12 18 3 72 1 1 1 1 1 1 1 1 1 96 178 3 0 1 4 4 1 1 4 1 0 0 1 1 0 0 15 1 1 0 0 0 0 1 197 68 1 0 0 0 0 1 0 0 1 27 1 1 165 1 1 1 1 1 1 1 2 3 8 4 1 1 1 1 1 1 115 230 255 255 164 207 246 226 3 1 1 1 1 3 1 1 1
1 1 1 1 1 1 1 1 58 39 1 1 1 1 1 1 1 1 251 4 5 1 5 1 1 119 254 1 1 1 1 3 201 83 1 1 1 1 0 0 0 1 89 1 1 1 0 1 1 1 1 1 2 11 33 4 1 2 1 0 0 1 6 1 0 1 1 1 12 1 1 2 4 4 1 1 29 65 1 1 1 1 1 3 1 1 1 0 0 0 1 2 1 1 1 1 52 204 136 1 1 0 0 0 1 1 1 49 4 1 1 1 0 0 1 2 2 1 1 1 1 1 1 0 0 1 1 1 1 1 91 113 1 1 0 1 3 1 1 1 0 23 1 1 1 1 1 1 78 1 1 1 1 0 0 1 1 1 1 30 2 111 28 1 1 1 1 3 2 2 1 1 1 1 1 1 1 2 255 33 1 6 1 17 1 239 1 0 1 1 1 1 76 94 0 0 1 12 9 2 1 1 1 0 1 1 1 0 1 1 1 1 196 1 0 0 0 0 0 1 43 1 1 1 1 1 1 1 1 0 9 1 73 162 5 1 0 1 0 0 1 0 0 1 1 1 1 1 1 1 1 1 1 1 15 87 7 1 0 1 1 0 0 1 0 1 1 41 1 1 1 0 0 0 0 0 1 1 1 0 0 0 0 0 0 0 0 1 1 1 1 0 0 0 0 1 1 1 1 1 1 1 1 1 1 1 53 66 0 1 1 0 0 0 0 0 0 0 2 1 0 0 0 1 1 0 0 0 0 0 0 1 113 167 180 147 9 1 0 0 0 0 0 0 0 0 0 0 1 3 0 0 1 1 1 0 0 0 0 1 1 29 12 0 1 0 1 13 1 0 1 0 0 0 0 1 11 1 1 1 1 1 1 0 1 1 39 184 1 1 1 1 1 1 1 1 68 1 1 1 1 1 0 1 1 114 1 0 0 0 1 1 1 1 1 3 4 2 1 0 0 1 1 173 155 3 17 17 55 1 1 1 1 1 1 1 1 149 154 1 1 1 3 2 2 6 3 1 0 0 0 1 0 0 3 8 1 0 0 0 1 1 110 186 1 1 0 0 0 1 1 0 0 2 17 1 1 165 1 1 1 1 1 6 11 5 3 1 1 1 1 1 1 1 1 1 1 115 225 255 255 164 191 246 232 6 1 2 3 1 1 1
1 1 1 1 1 1 1 1 1 86 22 1 1 0 1 1 1 86 248 25 1 1 6 1 1 1 254 9 1 3 44 145 178 87 48 40 1 1 1 0 1 6 68 7 1 1 0 0 1 1 1 6 36 13 1 1 1 1 1 0 0 1 1 6 1 1 0 1 13 1 3 1 3 2 1 1 4 40 37 1 1 1 1 1 2 2 1 1 0 0 1 1 1 1 1 1 1 1 151 201 29 1 1 0 0 1 0 15 29 6 1 1 0 0 1 3 1 1 1 1 1 1 0 0 1 1 1 1 1 2 162 2 1 1 0 1 1 1 2 1 0 27 1 1 1 1 1 1 74 2 1 1 1 0 0 1 1 1 7 6 1 78 1 29 36 11 1 1 5 3 1 1 1 1 1 1 1 3 255 7 1 4 2 16 1 239 1 0 0 0 0 1 1 144 1 0 1 1 35 2 1 1 1 0 1 1 1 1 1 1 1 1 196 1 0 0 0 0 1 43 1 1 1 1 1 1 1 1 1 0 9 1 1 61 162 15 1 1 0 1 1 1 1 1 1 1 0 0 0 1 1 0 0 2 90 22 1 1 0 0 1 0 0 1 0 1 0 41 1 0 1 0 0 0 0 0 0 1 1 1 0 0 0 0 0 0 0 0 1 0 0 0 0 0 0 0 0 1 1 1 1 1 1 1 1 1 5 104 1 0 0 0 0 0 0 0 0 1 2 0 0 1 1 1 0 0 1 1 1 2 46 122 128 132 154 1 1 1 1 1 1 1 1 1 1 1 1 1 0 3 1 1 1 1 0 0 0 0 0 1 1 47 4 1 1 1 1 3 5 1 1 1 1 1 0 1 11 1 1 1 1 1 1 1 1 2 187 26 1 0 1 1 1 1 1 1 5 51 1 0 0 0 0 1 1 116 2 3 4 4 5 4 4 4 3 2 1 1 0 0 0 0 1 1 215 82 33 28 11 1 1 1 1 1 1 57 189 105 1 1 1 2 2 0 1 3 3 1 0 0 1 1 0 0 16 1 1 0 0 0 0 11 202 6 1 1 0 0 0 1 1 0 0 18 2 1 2 163 1 1 1 1 12 3 2 4 4 2 1 1 1 1 0 0 1 0 1 1 1 116 225 255 255 164 178 246 243 234 15 5 3 1
2 1 1 1 1 1 1 1 7 1 52 62 1 0 1 1 1 244 154 14 1 1 3 2 1 1 254 232 130 128 97 154 145 1 1 2 56 65 43 1 1 57 1 6 5 1 1 1 1 3 32 17 1 1 1 1 1 1 1 1 1 0 1 2 2 0 1 1 17 2 1 1 4 1 0 1 4 1 67 9 1 1 1 1 1 1 3 1 1 1 1 0 1 1 1 1 1 1 1 38 202 142 1 1 1 1 1 22 2 2 12 2 1 0 1 1 1 1 1 1 1 1 1 0 1 2 1 1 1 134 59 1 1 1 1 1 1 1 1 2 1 26 1 0 1 1 1 1 51 19 1 1 1 0 1 1 1 9 2 1 1 78 0 1 1 11 37 31 21 3 1 1 1 1 0 0 1 13 255 3 1 3 2 16 1 239 1 0 0 0 0 1 1 102 59 0 1 1 38 2 1 1 1 0 1 1 2 1 1 1 1 1 196 1 0 0 0 1 43 1 1 1 1 0 0 1 1 1 1 0 9 1 1 10 10 162 38 1 1 1 1 1 0 0 1 0 0 0 0 0 0 0 1 81 52 1 1 1 0 0 0 0 0 1 1 0 0 37 1 0 0 0 0 0 0 0 0 0 1 1 1 0 0 0 0 0 0 0 1 0 0 0 0 0 0 0 0 0 0 0 1 1 1 1 1 1 1 115 1 0 0 0 0 0 0 1 2 2 1 0 1 1 1 7 77 122 139 143 143 141 113 27 1 1 132 109 1 1 1 0 0 0 0 0 0 0 0 1 1 5 1 1 0 0 0 0 0 0 0 1 1 42 7 1 1 1 0 1 11 1 0 0 0 1 1 1 8 1 1 1 0 1 1 2 2 4 193 1 0 0 0 1 1 1 1 0 1 28 19 1 0 0 0 1 1 121 3 1 1 1 1 1 1 1 1 1 1 1 0 0 0 0 1 6 216 216 60 17 1 1 1 1 1 2 169 166 2 1 1 0 2 2 1 1 1 0 5 2 1 0 1 0 0 2 9 1 1 1 0 0 1 197 76 1 1 0 0 1 1 1 1 0 1 17 1 1 136 51 1 1 1 5 3 0 1 1 1 3 4 6 2 1 0 0 0 0 1 0 1 1 1 186 210 255 253 19 98 172 245 236 16 15
1 0 0 1 0 1 1 5 1 1 2 26 75 7 1 1 9 248 1 9 1 1 1 6 1 1 228 254 5 1 10 174 86 1 0 1 8 1 11 60 65 82 1 1 5 5 1 1 16 26 1 1 1 1 1 1 1 1 1 2 1 1 1 1 5 1 1 6 13 1 1 1 4 1 1 1 4 1 1 85 2 1 1 0 1 1 1 2 1 2 1 0 1 1 0 1 1 1 1 1 1 144 202 29 1 1 1 26 1 1 1 7 9 1 2 1 1 0 1 2 1 0 1 1 1 2 1 1 21 154 1 1 0 1 1 1 0 1 1 1 9 17 1 1 1 1 1 1 8 66 1 1 1 1 1 1 15 1 1 2 1 78 0 1 1 1 1 2 61 46 4 1 1 0 0 1 1 72 255 2 1 5 1 16 1 239 1 0 0 0 0 1 1 1 145 1 1 1 25 23 29 6 1 0 0 0 1 1 1 0 0 1 196 1 1 1 1 35 3 0 0 1 1 0 1 1 1 1 1 0 8 1 1 10 1 3 156 69 1 0 0 0 0 0 1 0 0 0 0 0 0 1 50 80 1 1 1 1 0 0 1 1 0 1 1 0 0 4 22 1 0 0 0 0 0 0 0 0 0 1 1 1 1 1 1 1 0 0 1 1 0 0 0 0 0 0 0 0 0 0 0 1 2 1 1 1 31 89 0 0 0 0 0 0 1 1 1 1 0 2 111 141 142 133 91 26 2 1 1 1 1 1 1 1 1 178 1 1 1 1 0 0 0 0 0 1 7 27 44 1 0 0 0 0 0 0 0 0 0 0 1 23 15 0 0 0 0 1 9 1 1 0 0 0 0 4 4 1 0 1 1 2 2 1 1 131 136 1 0 0 0 0 1 1 1 1 0 1 40 12 1 1 1 0 1 121 1 1 1 1 1 1 1 1 0 1 1 1 0 0 0 1 28 144 5 5 210 14 18 1 1 1 113 189 46 1 1 0 1 2 2 1 1 1 1 0 1 6 1 1 1 0 0 10 1 1 1 0 1 1 153 158 1 1 0 0 1 1 0 0 1 1 13 1 0 1 163 1 1 1 2 2 4 1 0 0 0 0 1 1 4 6 5 1 1 1 1 0 0 0 0 9 195 194 241 255 252 7 1 170 245 243
2 1 0 1 0 1 3 3 1 3 3 1 1 60 45 1 237 191 1 5 1 1 1 6 1 1 2 254 12 2 125 156 2 1 1 5 1 1 1 1 35 40 45 40 4 4 5 1 31 1 0 0 1 1 1 1 0 1 0 1 2 1 1 1 1 7 7 2 4 1 1 0 5 1 1 1 4 1 1 6 78 1 0 0 1 0 0 1 2 3 1 1 1 1 1 1 0 0 1 1 1 1 24 200 154 1 19 2 1 1 1 1 1 19 3 1 1 0 1 2 0 0 1 1 1 1 1 1 158 10 1 0 0 0 1 1 1 1 1 1 25 1 2 2 1 1 1 1 1 81 1 1 1 1 2 8 1 1 1 2 1 77 1 1 1 1 1 6 2 2 24 38 21 1 1 1 1 153 255 1 1 1 8 21 21 242 1 0 0 0 1 1 1 0 127 15 1 1 2 5 4 12 1 1 1 1 1 1 1 1 1 1 196 1 1 1 18 11 1 0 0 1 1 1 1 1 1 1 1 1 4 1 1 10 1 1 1 144 90 1 0 0 0 0 1 0 0 0 0 0 1 13 93 6 0 1 1 1 0 0 1 1 0 1 1 0 0 1 40 1 0 0 0 0 0 0 0 0 0 0 1 1 1 1 1 1 0 0 0 1 1 1 1 1 0 0 0 0 0 0 0 0 1 2 1 46 86 1 0 0 0 0 0 1 2 1 0 1 46 135 45 1 1 1 1 0 0 0 0 0 0 0 0 0 1 96 136 1 0 1 0 0 1 1 7 27 8 1 12 10 0 0 0 0 0 0 0 0 0 0 1 9 34 1 0 1 1 1 1 9 0 0 0 0 0 10 2 1 1 2 2 1 1 1 1 191 2 1 0 0 0 0 0 1 1 1 0 1 1 41 17 1 1 1 1 121 1 0 1 1 1 1 1 1 1 1 1 0 0 0 1 80 129 1 1 1 20 210 4 25 35 201 173 1 1 0 0 1 2 2 1 1 1 1 1 0 1 1 7 2 1 0 2 7 1 1 0 0 1 70 197 1 1 0 0 1 1 0 0 0 1 3 1 1 1 123 77 1 1 1 2 0 5 1 0 0 0 0 0 0 0 1 1 6 5 1 0 0 0 0 0 1 29 22 2 78 240 255 252 9 1 127
1 1 1 1 0 5 3 1 5 2 1 1 1 1 22 133 248 1 1 1 7 1 1 5 1 1 1 254 149 13 158 116 1 1 1 9 1 1 1 1 51 1 1 1 29 43 51 57 2 0 0 0 0 1 1 1 1 1 0 0 1 1 1 1 2 15 2 3 2 1 0 0 6 1 1 1 4 1 1 1 34 46 1 0 1 0 0 1 1 1 2 1 1 0 1 1 0 0 0 1 1 1 1 1 124 207 99 1 1 1 1 1 1 1 4 8 1 1 2 1 0 0 0 1 2 1 1 72 124 1 1 0 0 1 1 0 1 1 1 1 26 1 0 1 3 1 1 1 1 83 1 1 1 8 5 1 1 1 1 1 2 73 1 1 1 0 1 10 1 1 1 1 5 38 37 3 1 252 255 1 1 1 5 1 1 242 1 1 0 0 1 0 1 0 1 141 1 1 1 10 2 23 0 0 0 1 1 1 0 0 0 1 196 1 0 7 25 1 1 1 1 1 1 1 1 1 1 1 1 1 1 1 1 10 1 0 1 1 136 91 1 0 0 0 1 1 0 0 0 1 4 91 22 0 0 0 0 1 1 0 0 0 0 1 1 1 0 0 31 2 0 0 0 0 0 0 0 0 0 0 0 0 0 0 0 1 1 0 1 1 1 1 0 0 0 0 0 0 0 0 0 0 1 1 61 72 1 0 0 0 0 0 0 1 1 1 1 44 113 1 1 1 0 0 0 0 0 0 0 0 0 0 0 0 0 1 179 2 0 1 1 1 8 26 7 1 0 0 1 41 1 0 0 0 0 0 0 0 0 0 1 2 54 1 0 0 0 0 1 11 1 0 0 0 0 13 1 2 2 1 1 0 1 1 75 169 1 1 1 1 0 0 0 1 1 1 0 1 0 1 34 65 2 1 1 123 1 0 0 0 1 0 1 1 1 0 0 0 0 1 115 100 1 1 1 1 1 120 201 199 204 10 20 48 1 1 1 2 2 1 1 1 1 0 1 1 1 1 1 8 1 1 10 2 1 1 0 1 3 202 17 1 1 0 0 1 0 0 0 0 2 1 1 1 3 160 1 1 1 0 1 3 2 5 1 0 0 0 0 0 0 0 1 1 1 6 2 1 1 0 1 5 30 1 1 1 1 21 236 255 252 15
1 1 1 1 0 11 1 9 1 1 1 1 1 1 1 248 107 1 1 1 10 1 1 6 23 3 58 254 254 171 116 34 1 1 2 4 0 0 0 6 35 1 1 1 1 1 2 19 15 2 1 1 0 1 0 1 2 1 1 1 0 1 1 5 7 1 3 7 1 1 0 0 6 1 0 1 4 1 1 1 1 56 19 1 1 0 1 1 0 0 1 1 1 1 1 1 1 0 0 1 1 1 1 1 1 29 186 186 9 1 1 1 2 1 1 1 9 3 2 1 0 0 1 1 1 1 2 162 1 1 1 0 0 1 1 1 1 0 0 1 23 1 0 0 1 1 2 1 1 82 1 1 9 3 1 1 1 1 1 1 15 52 1 1 1 0 5 2 0 1 2 1 1 1 1 25 41 255 244 1 1 1 5 1 1 242 1 1 0 0 1 0 1 1 0 133 7 1 1 1 11 28 0 0 0 1 1 0 0 1 1 1 196 1 2 40 1 1 1 0 0 1 0 0 0 0 0 0 0 0 1 1 1 10 1 0 0 1 1 130 96 1 0 0 0 1 0 0 1 13 92 29 1 0 0 0 0 0 1 1 0 0 0 1 1 1 1 1 1 33 1 0 0 0 0 0 0 0 0 0 0 0 0 0 0 1 1 0 1 1 0 0 0 0 0 0 0 0 0 1 1 1 1 64 80 1 1 0 0 0 0 0 0 1 1 1 21 121 1 1 1 1 0 0 0 0 0 0 0 0 0 0 0 0 0 1 56 154 1 1 8 26 7 1 0 0 0 0 0 20 5 0 0 0 0 0 0 0 0 0 1 1 58 1 0 0 0 0 0 4 3 0 0 0 1 23 2 1 1 0 0 1 1 61 178 2 1 1 1 1 0 0 1 1 1 0 1 1 0 1 1 2 67 75 58 126 1 0 0 1 1 0 1 0 0 0 0 0 2 135 55 1 1 1 1 1 4 120 199 117 94 1 1 48 21 1 2 2 1 1 1 0 1 1 0 0 0 1 0 1 8 2 5 1 1 1 1 1 188 101 1 1 1 0 1 1 0 0 0 1 2 1 1 1 152 16 1 1 1 0 1 1 1 3 2 1 0 0 0 0 0 0 1 1 1 1 5 3 1 1 5 1 2 30 35 1 0 0 1 29 233 255
1 1 1 2 1 14 21 1 0 1 1 1 1 1 143 245 1 1 1 1 44 124 162 178 207 235 238 230 254 212 185 88 1 1 8 1 1 1 1 52 1 1 1 1 0 0 1 1 10 5 1 2 2 1 1 1 1 1 1 1 1 1 12 3 1 1 1 17 1 1 1 0 6 1 0 1 4 0 1 2 1 1 82 2 1 1 1 0 0 1 1 1 1 2 1 0 1 0 1 2 1 0 1 1 5 1 1 75 208 137 1 2 1 1 1 0 1 4 12 1 0 0 1 2 1 1 119 83 1 1 0 0 1 1 0 1 1 0 0 10 5 1 1 0 0 0 1 2 2 74 6 14 1 1 1 1 1 1 2 1 63 5 1 1 1 1 9 1 0 1 1 1 1 1 1 1 1 255 255 1 1 1 3 1 1 242 1 0 0 0 1 0 1 1 1 3 138 1 1 1 3 45 0 0 0 0 1 1 1 1 0 1 196 1 44 1 1 1 0 0 0 1 1 3 75 141 164 161 109 10 1 1 1 5 1 0 0 1 1 2 124 106 2 1 0 1 1 1 64 99 22 1 0 0 0 0 0 0 0 1 1 1 0 0 1 1 1 0 1 42 1 0 0 0 0 0 0 0 0 0 1 1 1 1 1 1 1 0 1 1 1 0 0 1 1 1 1 1 1 1 1 27 128 127 8 1 0 0 0 0 0 0 0 1 1 9 130 2 1 1 1 0 0 0 0 0 0 0 0 0 0 0 0 0 0 0 1 174 38 26 6 1 0 0 0 0 0 0 0 1 42 1 0 0 0 0 0 0 0 0 0 1 37 8 0 0 0 0 0 1 10 0 1 2 1 22 2 1 1 1 1 1 64 178 3 1 1 1 1 1 0 1 1 1 1 1 1 0 0 1 1 1 1 1 5 160 1 0 0 1 1 1 1 0 0 0 1 8 146 15 1 1 1 1 1 39 131 24 2 2 89 5 1 3 70 47 2 1 1 1 0 1 1 0 0 0 0 1 1 1 5 14 1 1 1 0 1 137 167 1 1 1 0 0 1 0 0 0 0 2 1 1 1 1 165 1 1 1 0 0 2 1 1 4 1 1 1 1 1 1 0 0 0 0 0 1 1 2 6 5 1 0 0 1 2 21 1 1 0 0 1 48
1 1 1 1 3 53 1 0 0 0 1 1 1 1 236 225 150 165 187 221 238 232 220 212 197 122 3 1 254 106 9 147 127 3 8 1 1 1 1 52 1 1 0 1 1 1 1 1 1 10 4 1 1 2 2 1 1 1 1 1 1 11 1 1 1 1 1 6 5 1 1 1 6 1 1 1 4 0 0 2 1 1 1 86 1 1 1 0 0 1 1 0 0 1 1 1 1 1 1 1 1 1 0 2 5 1 1 1 2 146 206 69 1 1 1 1 1 1 2 11 1 1 1 1 1 10 158 1 1 1 1 1 1 1 0 1 1 0 1 26 1 0 1 1 1 0 1 1 1 49 66 1 1 1 1 1 1 1 2 1 75 1 0 1 1 8 3 1 0 1 1 1 1 1 1 1 6 252 255 1 1 1 1 7 2 244 1 0 0 0 1 0 0 1 1 1 127 20 0 1 1 59 0 0 0 0 1 1 0 0 0 1 197 36 2 1 1 1 6 113 184 197 198 195 170 123 89 98 155 191 198 199 191 123 1 1 1 1 1 1 1 133 148 19 1 9 72 112 73 3 1 0 0 0 0 0 0 0 0 0 1 1 1 1 1 1 1 0 0 44 1 0 0 0 0 1 1 1 1 1 1 1 0 0 0 1 1 1 1 1 1 1 1 1 1 7 87 101 144 147 145 125 26 18 89 1 1 1 0 0 0 0 0 1 3 130 10 1 1 1 1 1 0 0 0 0 0 0 0 0 0 0 0 0 0 0 1 17 163 1 0 0 0 0 0 0 0 0 0 0 32 2 1 1 0 0 0 0 0 0 1 1 44 37 0 0 0 0 0 1 9 2 1 1 1 11 2 3 3 3 1 1 193 4 1 1 1 1 1 1 1 1 1 1 1 1 1 0 1 1 1 1 0 1 5 154 1 1 1 1 1 0 0 0 0 1 45 140 2 1 1 1 1 3 105 106 3 1 1 1 86 2 3 1 1 46 64 1 1 0 1 1 0 0 0 0 0 0 1 2 2 11 1 1 0 1 35 200 1 1 1 1 0 0 1 1 0 0 1 2 0 1 1 2 161 1 1 1 0 1 1 0 1 4 0 0 1 1 1 1 1 1 0 0 0 0 0 1 1 1 0 0 0 1 0 25 1 1 1 1 2 1
0 1 2 1 50 23 1 1 1 1 1 1 1 141 244 244 224 213 203 144 22 46 9 23 34 12 1 1 254 254 181 203 172 190 136 8 1 1 34 6 1 1 1 1 1 1 1 1 0 1 10 4 1 1 1 2 2 1 2 4 9 1 1 1 1 1 0 5 2 2 1 1 6 1 1 1 4 0 0 2 1 1 1 29 61 1 0 0 1 1 1 0 0 0 1 1 1 1 1 0 0 1 1 8 1 1 1 1 1 1 18 191 184 5 1 1 1 1 1 6 5 1 2 1 1 152 27 1 0 1 1 1 1 1 1 1 0 0 1 28 1 0 0 0 1 1 1 1 3 10 78 1 1 1 1 1 1 1 1 1 76 1 0 0 1 8 1 1 1 1 1 1 1 1 1 1 6 250 255 1 1 1 1 4 1 244 1 0 0 0 1 0 1 1 1 1 1 144 1 0 1 59 0 0 0 1 1 1 1 1 1 2 206 13 28 176 200 201 196 154 36 1 2 0 0 0 0 1 1 1 1 1 17 159 197 199 198 196 196 195 187 178 171 188 158 85 64 7 1 1 1 0 0 0 0 0 0 0 0 0 0 1 1 0 0 1 1 1 0 45 1 1 1 1 1 1 0 0 0 0 0 1 1 1 1 1 1 1 2 2 12 89 136 144 145 136 87 71 1 1 1 1 1 1 87 10 1 1 0 0 0 0 1 2 128 19 1 1 1 1 1 1 0 0 0 0 0 0 0 0 0 0 0 0 0 0 0 1 146 40 1 0 0 0 0 0 0 0 0 0 1 52 29 12 1 0 0 0 0 1 1 28 5 50 0 0 0 0 1 1 1 6 0 0 1 11 1 1 0 1 3 77 166 1 1 0 0 0 0 0 0 1 1 1 1 1 1 0 1 1 0 1 0 1 128 62 1 1 1 0 0 0 0 0 1 92 120 1 0 0 1 1 39 73 98 1 1 1 1 1 33 40 1 1 1 1 20 84 2 0 1 0 0 1 0 0 0 0 2 3 0 13 1 1 0 1 202 22 1 0 1 0 0 0 0 1 1 0 2 1 1 1 1 144 38 1 1 0 1 2 0 0 2 2 1 1 1 0 0 1 0 1 1 1 1 0 0 0 0 0 0 0 0 1 11 24 1 1 1 1 3 3
0 0 7 70 6 1 1 1 1 1 0 1 48 214 244 166 1 1 2 1 1 46 41 3 1 1 1 1 4 254 169 44 2 1 74 170 145 16 53 1 1 1 0 0 0 1 1 1 0 0 1 10 4 1 0 1 1 1 12 8 1 1 1 1 1 1 0 5 1 4 1 1 6 1 1 1 6 1 1 3 1 1 1 1 82 14 1 1 1 1 1 0 0 0 0 1 1 1 1 0 0 1 7 1 1 0 1 1 1 1 1 1 95 203 118 1 1 1 1 1 17 1 1 1 52 142 1 1 1 1 1 1 1 1 1 1 0 1 1 21 1 1 0 0 1 1 1 5 2 1 85 1 1 1 1 1 1 1 1 1 76 1 0 1 5 1 1 0 1 1 2 1 1 1 1 6 1 234 255 1 1 1 0 1 1 244 1 1 1 1 1 0 1 1 1 1 0 95 68 0 1 60 1 1 1 1 2 26 127 174 184 194 236 201 188 68 1 1 1 1 1 1 3 0 0 0 0 1 1 1 1 1 1 1 1 1 2 29 5 7 29 80 141 164 158 153 1 1 1 1 0 0 0 0 0 0 0 0 0 0 0 0 1 1 1 0 0 1 1 41 1 1 0 0 0 0 1 1 1 1 1 1 1 5 75 99 127 141 144 140 131 81 5 1 1 1 1 1 1 1 1 1 1 1 1 103 1 1 1 0 0 1 2 117 42 1 1 1 2 1 1 2 1 0 0 0 0 0 0 0 0 0 0 0 0 0 0 0 4 165 1 1 0 0 0 0 0 0 0 0 0 1 2 23 5 1 1 1 1 2 29 6 1 56 1 0 0 1 1 0 1 7 1 0 1 11 1 1 0 1 2 184 29 1 0 0 0 0 0 0 0 0 0 1 1 1 1 1 1 0 0 1 1 1 159 2 1 1 0 0 0 0 0 1 121 88 1 0 0 1 3 67 20 1 10 47 1 1 1 1 1 58 35 1 1 1 1 4 91 10 1 1 0 1 0 0 0 1 3 1 1 12 1 1 1 171 130 1 1 1 1 0 0 0 0 0 1 1 2 1 1 1 1 163 1 1 1 1 1 2 1 0 3 1 1 1 1 1 1 1 0 0 0 0 0 0 0 0 0 0 0 0 1 30 4 1 0 1 0 1 1 1
1 10 23 4 10 1 1 0 1 1 1 1 211 180 81 208 1 1 2 1 1 3 68 1 1 1 1 1 1 254 206 1 1 1 1 1 87 168 148 51 1 1 1 1 1 0 1 1 0 0 0 1 10 4 1 1 1 3 3 1 1 1 1 1 1 1 1 5 1 1 5 1 6 1 0 1 5 0 0 3 1 1 1 1 1 84 4 1 1 1 1 1 1 1 1 1 1 1 1 1 1 2 2 1 1 1 1 1 1 1 0 1 5 1 151 196 44 1 1 1 16 3 1 1 164 3 1 1 1 1 0 1 1 1 1 1 1 1 22 1 1 1 1 1 1 1 6 1 1 1 86 1 1 1 0 1 1 1 1 1 72 1 0 1 8 1 1 1 1 0 1 1 3 4 1 7 1 155 255 1 1 1 0 1 1 244 1 1 0 1 1 1 1 1 1 0 0 1 144 1 0 60 1 0 1 152 187 174 117 23 3 11 218 1 1 0 0 0 0 0 1 1 3 0 0 0 0 1 1 1 1 0 0 0 1 1 1 19 1 1 0 1 1 18 139 174 118 1 1 1 0 0 0 0 0 0 0 0 0 0 0 0 0 1 1 1 1 1 1 23 6 1 1 1 1 1 1 1 15 116 171 198 205 204 188 196 20 1 1 1 1 1 1 1 1 0 0 0 0 0 0 0 1 1 1 54 46 1 1 0 1 2 103 66 1 0 1 1 0 0 0 1 2 0 0 0 0 0 0 0 0 0 0 0 0 0 0 0 1 132 82 1 0 1 0 0 0 0 0 0 0 0 0 1 42 1 1 4 14 23 2 1 1 57 1 0 0 1 0 0 1 3 2 0 1 10 1 1 1 2 1 193 1 1 0 0 0 0 0 0 0 0 1 1 1 1 1 1 1 0 0 0 1 1 161 1 1 0 0 0 0 0 2 141 41 1 1 1 0 1 51 15 1 1 1 69 3 2 1 1 0 1 72 9 1 1 0 0 1 79 37 1 1 1 0 0 1 4 1 1 13 1 1 1 104 186 1 1 0 1 0 0 1 0 0 0 0 1 2 0 1 1 144 34 1 1 1 0 0 1 2 1 3 0 0 0 0 0 1 0 0 0 0 0 0 0 0 0 0 0 1 1 22 1 1 1 0 1 1 1 1 1
6 24 1 1 8 5 0 1 1 1 1 135 225 14 43 218 1 1 2 1 1 1 78 1 1 0 1 1 1 254 251 1 0 0 1 1 1 72 5 97 138 118 25 1 1 1 1 1 1 1 1 1 1 10 5 1 2 5 1 1 1 1 1 1 1 1 1 5 1 1 1 4 6 1 1 1 5 1 1 3 1 1 1 1 1 1 91 1 1 1 1 1 1 1 1 1 1 0 0 1 1 5 1 0 1 1 1 1 1 1 1 8 1 1 1 20 187 166 4 1 3 15 1 101 103 1 1 1 1 1 1 1 1 1 1 1 1 2 23 1 0 1 1 1 1 6 1 1 1 1 85 1 1 0 1 1 1 1 1 52 11 1 0 7 1 1 1 1 1 0 0 0 1 2 25 12 1 47 255 2 1 0 1 1 1 244 2 1 0 1 1 1 1 1 1 0 0 1 144 1 0 57 1 1 2 186 1 1 1 1 1 3 217 1 0 0 0 0 0 0 1 1 3 0 0 0 0 1 1 0 0 0 0 0 1 0 0 18 1 1 1 0 1 1 1 88 188 131 1 1 0 0 0 0 0 0 0 0 0 0 0 0 0 1 1 1 1 1 1 3 34 1 2 55 144 183 206 209 202 173 120 30 2 1 1 171 4 0 0 1 1 1 0 0 0 0 0 0 0 0 0 0 0 0 0 1 103 1 1 1 2 84 87 1 0 0 1 0 0 0 0 1 2 0 0 0 0 0 0 0 0 0 0 0 0 0 0 0 0 2 168 1 0 1 0 0 0 0 0 0 0 0 0 0 21 4 1 24 10 1 1 1 1 56 1 0 1 1 0 0 1 1 7 0 2 9 1 1 1 1 1 194 1 1 0 0 0 0 0 0 1 1 1 0 0 1 1 0 1 0 0 0 1 1 160 2 1 0 0 0 0 16 145 7 1 0 0 1 1 7 59 3 1 1 1 3 77 1 1 0 0 0 2 86 3 1 0 0 1 1 52 71 1 1 1 1 5 1 0 2 10 1 1 9 202 4 1 1 1 1 0 1 1 0 1 0 0 1 1 0 0 8 156 1 1 1 0 0 0 1 1 2 2 0 0 0 0 0 1 0 0 0 0 0 0 0 0 0 0 0 0 1 24 1 1 0 1 1 1 0 0 0
43 1 1 1 1 15 1 1 1 1 14 228 132 1 29 146 152 1 3 1 1 1 53 11 1 0 1 1 1 248 254 1 1 1 1 2 8 2 53 1 1 18 112 137 139 132 103 73 59 51 40 30 21 13 42 53 16 1 1 1 1 2 1 1 1 1 1 5 1 1 1 2 13 1 1 1 5 1 1 3 1 1 1 1 1 1 10 73 1 1 1 1 1 1 1 1 1 1 1 1 5 1 1 1 1 1 1 1 1 1 6 1 1 1 1 1 1 89 199 109 1 25 2 164 1 1 0 1 1 0 1 1 0 1 1 0 1 28 2 1 1 1 1 2 5 1 1 1 1 1 69 9 1 0 1 1 1 1 1 76 1 1 1 8 1 0 1 1 0 0 0 0 0 1 6 1 8 32 255 3 1 1 1 0 1 244 1 1 0 1 3 0 1 2 1 1 1 1 144 0 0 35 9 1 90 151 1 0 1 1 1 49 206 1 0 0 0 0 1 1 3 3 1 0 0 0 0 1 0 0 0 0 0 0 0 0 0 17 1 0 1 1 0 0 1 1 54 183 160 2 1 0 0 0 0 0 0 0 0 1 1 1 1 1 1 1 1 3 66 150 199 207 206 193 147 86 4 1 1 1 1 1 1 1 1 126 96 0 0 1 1 1 0 0 0 0 0 0 0 0 0 0 0 0 0 1 12 84 1 1 61 104 1 0 0 1 1 0 0 0 0 0 2 0 0 0 0 0 0 0 0 0 0 0 0 0 0 0 0 1 106 112 1 1 0 0 0 0 0 0 0 0 0 0 1 39 1 4 27 1 1 1 1 48 3 1 1 1 0 0 1 1 7 1 4 4 1 1 1 1 17 187 1 0 0 0 0 0 0 1 1 0 0 0 0 0 1 1 0 0 0 1 1 1 123 76 1 1 0 1 62 134 1 1 0 0 0 1 3 16 25 3 1 1 1 1 37 25 1 1 0 0 1 6 82 2 0 0 1 1 1 21 96 2 1 4 1 1 1 16 1 1 1 195 80 1 1 1 1 1 0 0 0 0 1 1 1 2 1 0 1 158 6 1 1 1 0 0 1 1 2 1 3 0 0 0 0 0 1 0 0 0 0 0 0 0 0 0 0 0 0 0 25 0 0 0 1 0 1 1 1 0
19 1 1 1 1 1 21 1 1 1 192 206 2 1 20 1 218 1 1 1 1 1 1 74 1 1 1 1 1 69 254 1 1 1 1 3 1 1 3 49 1 1 1 1 1 3 40 75 87 94 100 107 112 117 119 147 117 92 93 93 92 96 97 98 98 98 98 108 99 97 97 96 110 99 97 99 104 92 91 95 78 74 69 62 54 40 31 89 68 14 7 4 2 2 2 1 1 1 1 2 1 1 1 1 1 1 1 1 1 2 3 1 1 1 1 1 0 1 2 150 187 71 145 49 1 0 0 1 1 1 1 0 0 1 0 0 1 28 1 1 1 1 4 3 1 0 1 1 1 1 19 62 1 1 1 1 1 1 1 74 1 1 6 1 1 1 1 1 0 0 0 1 1 5 1 1 1 3 255 9 1 1 0 0 1 244 1 0 0 1 10 0 1 2 1 0 1 1 146 1 0 3 47 1 183 9 1 0 1 1 1 129 173 1 1 0 0 0 1 3 1 1 1 0 0 0 0 1 0 0 0 0 0 0 0 0 0 16 1 0 0 1 1 1 0 1 1 27 170 174 3 1 0 0 1 1 1 1 1 1 1 2 40 126 168 193 196 193 176 117 37 2 1 1 1 0 0 0 0 0 0 0 0 1 1 15 162 0 0 1 1 1 0 0 0 0 0 0 0 0 0 0 0 0 0 0 1 86 10 41 117 1 0 0 0 1 0 0 0 0 0 0 2 0 0 0 0 0 0 0 0 0 0 0 0 0 0 0 0 0 1 167 3 1 0 0 0 0 0 0 0 0 0 0 0 19 10 11 66 1 1 1 1 48 3 1 1 1 0 0 0 1 1 5 10 1 0 1 1 1 147 116 1 0 0 0 0 1 1 1 1 0 0 0 0 0 1 1 1 0 0 1 1 0 2 158 1 1 1 113 111 1 1 0 0 0 0 1 3 47 3 2 1 1 0 0 1 76 4 1 1 0 0 1 8 80 1 1 1 1 0 1 4 102 25 1 0 1 4 6 1 1 146 162 1 1 0 0 0 1 0 0 0 1 1 1 2 2 0 0 57 133 1 1 1 0 0 0 1 1 1 1 2 1 0 0 0 0 1 0 0 0 0 0 0 0 0 0 0 0 0 0 7 7 0 1 1 1 1 1 1 1
6 1 1 1 1 1 1 24 1 76 224 91 1 1 15 1 197 81 1 3 1 1 1 46 17 1 1 0 1 5 254 1 1 1 1 1 1 1 1 36 13 1 1 1 1 1 1 1 1 1 1 1 1 20 21 1 32 16 1 1 1 1 1 1 1 1 1 6 1 1 1 1 14 1 1 2 16 3 4 17 13 15 19 27 39 47 53 56 133 100 81 87 88 87 87 87 77 76 73 75 71 70 83 79 75 75 77 73 72 98 83 79 71 59 44 39 37 36 33 27 69 225 209 2 1 1 1 0 1 1 1 0 1 1 0 1 30 1 1 1 1 7 2 1 1 1 1 1 1 1 2 85 1 1 0 1 1 1 54 8 1 1 7 1 1 1 1 1 0 0 0 1 1 6 1 1 1 1 255 68 1 1 0 0 1 244 1 0 0 1 17 1 1 1 1 0 0 1 31 120 1 7 39 1 190 1 1 0 1 1 1 159 153 1 0 0 0 0 1 3 1 1 1 0 0 0 1 1 0 0 0 0 0 0 0 0 1 15 1 0 0 0 0 1 1 0 1 1 13 156 182 10 1 1 1 1 6 92 159 190 193 193 179 137 102 2 1 1 1 0 0 1 1 0 1 0 0 0 0 0 0 0 0 1 1 1 173 0 1 1 1 1 1 1 0 0 0 0 0 0 0 0 0 0 0 0 0 2 123 127 2 0 0 0 1 1 0 0 0 0 0 0 2 1 0 0 0 0 0 0 0 0 0 0 0 0 0 0 0 0 0 69 138 1 0 0 0 0 0 0 0 0 0 1 1 1 14 11 33 24 1 1 1 53 2 0 1 1 1 1 0 1 1 7 13 1 1 1 1 1 189 4 1 0 1 1 1 1 0 0 1 1 0 0 0 1 1 1 1 1 1 1 0 0 1 97 114 2 141 79 5 1 0 0 0 0 1 4 1 59 1 1 2 0 1 1 1 3 70 2 1 1 1 0 1 26 57 1 1 1 1 0 0 1 94 50 1 1 13 1 1 54 196 2 1 0 0 1 1 1 1 1 1 1 1 1 1 1 1 1 162 1 1 1 1 1 0 1 1 2 0 0 1 3 1 0 0 0 1 1 0 0 0 0 0 0 0 0 0 0 0 0 1 25 1 1 1 1 0 0 0 1
6 1 1 1 1 1 2 3 20 210 180 2 2 2 5 1 3 217 1 1 1 1 1 1 73 1 1 1 1 1 254 1 1 0 1 1 1 2 1 1 57 1 1 1 1 0 0 1 1 1 1 8 28 2 1 1 1 32 14 1 0 1 1 1 0 0 1 5 1 1 1 1 14 1 1 1 7 1 1 3 1 1 1 1 1 1 1 1 1 98 1 1 1 1 1 1 1 1 1 1 1 1 15 1 1 1 1 1 22 7 2 2 2 4 5 7 9 10 13 18 107 148 116 207 109 1 1 1 1 1 0 0 1 1 0 1 30 2 1 1 4 1 1 1 1 1 1 1 1 1 1 90 1 1 0 1 1 1 75 1 1 6 1 0 1 1 1 1 1 1 1 1 3 1 0 1 1 1 255 221 1 1 0 0 1 244 2 0 0 1 24 1 1 1 1 0 0 0 0 133 3 56 1 20 178 1 0 0 1 1 1 175 125 1 0 0 0 0 1 3 0 0 0 0 0 0 1 1 1 0 1 1 1 2 8 9 9 3 1 0 0 0 0 0 1 1 0 0 1 6 144 192 129 165 189 193 190 162 97 8 1 1 0 1 2 8 1 1 1 1 0 0 1 0 0 0 0 0 0 0 0 0 0 1 1 1 173 1 1 1 1 1 1 1 0 0 0 0 0 0 0 0 0 0 0 0 0 4 158 61 1 0 0 0 1 0 1 1 0 0 0 0 2 1 0 0 0 0 0 0 0 0 0 0 0 0 0 0 0 0 0 1 162 9 1 0 0 0 0 0 0 0 1 1 1 0 1 1 1 70 1 1 1 56 1 1 1 1 1 1 1 1 1 5 19 1 1 1 1 1 194 1 1 0 1 1 0 0 0 0 0 1 1 1 1 1 1 0 0 0 1 1 0 0 1 2 160 165 24 1 1 4 1 0 0 1 3 1 1 60 1 0 2 1 1 1 0 1 8 63 1 1 1 1 1 1 59 23 1 1 1 0 0 1 1 63 88 17 1 1 2 200 29 1 0 0 0 1 1 1 1 1 0 0 0 1 1 1 1 120 77 1 1 1 1 1 0 1 1 1 0 0 0 2 2 1 1 1 1 0 0 0 0 0 0 0 0 0 0 0 0 0 0 9 63 6 1 1 0 0 0 0
6 1 1 1 2 2 1 1 162 219 41 1 1 2 1 5 1 212 12 1 2 1 1 1 74 1 1 1 1 1 254 2 2 2 2 2 1 1 0 1 7 40 1 1 0 0 0 0 1 3 33 19 2 0 0 0 1 1 34 13 1 1 0 1 0 0 1 5 0 1 1 1 14 1 1 1 7 0 1 3 1 1 1 1 1 1 1 1 2 8 81 1 1 1 1 1 1 1 1 1 1 1 13 1 1 1 1 1 32 1 1 1 1 1 1 1 1 1 1 84 116 10 1 1 169 203 36 1 1 1 0 1 1 0 1 23 1 1 2 8 2 1 1 0 0 1 1 1 1 1 1 89 1 1 1 1 1 9 52 1 1 6 1 0 0 1 1 1 1 1 1 1 6 1 1 1 1 1 255 255 1 1 0 0 1 244 2 0 0 0 25 2 1 1 1 0 0 0 0 4 132 64 1 183 10 1 0 0 1 0 0 194 89 1 0 0 0 0 1 3 0 0 0 0 0 0 0 0 0 1 7 9 8 4 1 1 1 1 1 1 0 0 0 0 0 1 1 1 0 1 2 124 175 101 3 1 1 1 0 0 0 0 0 0 1 4 8 1 1 1 1 0 1 1 0 0 0 0 0 0 0 0 0 1 1 1 171 1 1 0 1 1 1 1 1 1 1 0 0 0 0 0 0 0 0 0 1 130 11 91 1 1 0 1 1 1 1 0 0 0 0 0 2 1 0 0 0 0 0 0 0 0 0 0 0 0 0 0 0 0 0 0 28 154 1 0 0 0 0 0 0 0 1 0 1 1 1 1 1 38 15 1 1 52 2 1 1 1 1 1 1 1 1 1 45 2 1 1 1 5 189 1 1 1 1 0 0 0 0 0 0 0 1 1 1 0 0 0 0 0 1 0 0 1 1 144 182 28 2 0 0 1 3 1 0 1 3 0 1 58 1 0 1 2 1 0 0 0 1 22 53 1 1 1 1 1 1 72 10 1 1 1 0 0 0 1 140 165 13 1 174 125 1 1 0 0 1 1 1 0 0 0 0 0 0 1 1 0 1 161 1 1 1 1 1 1 0 1 2 0 0 0 0 2 1 2 1 0 0 0 0 0 0 0 0 0 0 0 0 0 0 0 0 0 1 49 75 6 1 0 0 0
6 1 1 1 1 1 1 1 215 186 1 1 1 1 1 1 2 36 206 1 1 2 1 1 64 3 1 1 1 1 254 4 1 1 1 1 0 0 0 0 1 47 4 1 0 0 1 1 24 23 1 1 3 1 0 0 0 1 1 35 13 1 1 1 0 0 1 5 0 0 1 1 14 1 0 1 7 1 1 3 1 0 0 1 1 1 1 1 4 1 29 55 1 1 1 1 1 1 0 0 0 1 14 1 1 1 1 6 15 1 1 1 1 1 0 0 0 1 84 110 1 1 6 0 1 26 201 178 5 1 1 1 1 0 1 26 1 2 2 1 1 3 1 1 1 0 0 1 1 1 1 84 2 1 1 1 1 45 44 1 6 1 0 0 0 1 1 1 0 1 1 2 3 1 1 1 1 1 192 255 1 1 1 0 1 244 2 0 0 0 33 1 0 1 1 0 0 1 0 0 74 159 66 186 3 3 3 2 1 1 1 206 45 1 0 1 1 0 1 2 0 0 0 0 0 0 0 0 1 7 1 1 1 1 1 0 0 0 1 1 1 0 0 0 0 0 0 1 1 1 1 1 80 115 7 1 0 0 0 1 1 1 1 1 1 1 4 6 1 1 1 0 1 1 0 0 0 0 0 0 0 0 0 1 1 1 157 19 0 0 1 0 0 1 1 1 1 0 0 0 0 0 0 0 0 1 125 22 1 5 85 1 1 1 1 0 0 0 0 0 0 1 2 1 0 0 0 0 0 0 0 0 0 0 0 0 0 0 0 0 0 0 1 152 30 1 0 0 0 0 0 0 1 1 1 1 0 1 1 1 71 1 1 31 8 1 1 1 1 1 1 1 4 51 103 69 63 53 38 140 140 1 0 0 0 0 0 0 0 0 0 0 0 1 1 0 0 0 0 1 1 0 1 3 171 150 1 1 19 1 0 0 2 2 1 5 1 1 5 41 1 0 1 3 1 0 1 1 1 1 37 38 1 1 0 0 1 2 85 7 1 1 1 1 1 86 100 12 162 163 190 1 1 1 0 0 1 1 0 0 0 0 0 0 1 1 1 1 51 135 1 1 1 1 1 1 1 2 1 0 0 0 1 4 2 1 0 0 0 0 0 0 0 0 0 0 0 0 0 0 0 0 0 0 0 1 1 50 76 8 1 0
3 6 1 1 0 0 1 16 241 51 1 1 1 1 1 1 2 1 206 25 1 3 1 1 6 57 1 1 1 1 254 31 1 1 1 1 0 0 1 1 1 1 54 1 1 1 13 34 2 1 1 1 1 3 1 0 0 0 1 1 36 11 1 1 0 0 1 5 0 1 1 1 15 1 1 3 5 1 1 4 1 1 1 1 1 1 1 1 4 1 1 61 22 1 1 1 1 1 1 1 0 1 14 1 1 1 1 33 1 1 1 1 1 1 0 0 1 85 106 1 1 1 9 1 1 1 1 105 210 122 1 1 1 1 24 2 3 2 1 0 1 1 1 1 1 1 1 0 1 1 1 48 33 1 1 1 1 5 3 56 44 5 1 1 0 1 1 1 0 1 1 4 1 1 1 1 1 1 104 255 1 1 1 1 1 244 2 0 0 0 36 1 0 1 1 1 1 1 1 1 1 67 194 74 1 1 1 1 2 3 3 214 12 1 1 1 0 0 1 2 0 0 0 0 0 0 0 0 1 7 1 0 1 0 0 0 0 0 0 1 1 1 0 0 0 0 0 0 1 1 0 1 1 67 125 4 1 1 1 1 1 1 0 0 1 0 0 5 4 0 1 1 1 1 0 0 0 0 0 0 0 0 0 1 1 1 53 141 1 0 1 0 0 1 1 1 1 1 0 0 0 0 0 0 1 113 45 1 0 1 78 6 1 1 0 0 0 0 0 1 1 1 1 1 0 0 0 0 0 0 0 0 0 0 0 0 0 0 0 0 0 0 0 9 163 1 0 0 0 0 0 0 0 1 1 1 1 1 1 1 54 6 1 1 49 2 1 1 1 1 6 50 39 3 74 2 2 4 14 182 2 1 0 0 0 0 0 0 0 0 0 0 0 0 1 1 0 0 0 1 0 1 15 190 124 5 1 0 1 19 1 0 1 2 5 1 0 1 37 6 0 0 0 2 1 1 1 1 0 0 1 53 21 1 1 0 0 0 2 85 4 1 1 1 41 126 1 1 3 171 129 101 5 1 1 1 1 0 0 0 0 0 0 0 1 1 0 1 161 2 1 1 1 0 1 1 2 0 0 0 0 1 3 1 0 0 0 0 0 0 0 0 0 0 0 0 0 0 0 0 0 0 0 0 0 0 0 0 1 48 77 7
1 10 1 0 0 0 1 129 233 1 1 1 0 1 1 1 1 1 14 207 1 2 1 1 1 74 1 1 1 1 254 223 2 1 1 0 1 1 1 1 0 1 21 21 3 35 9 1 1 1 1 1 0 1 3 1 0 0 0 1 1 35 11 1 1 0 1 5 0 1 0 1 16 1 1 2 4 1 1 4 1 1 1 1 1 1 1 2 2 1 1 1 86 3 1 1 1 1 1 1 1 1 14 0 1 0 1 23 4 2 1 1 0 1 0 1 87 104 1 1 1 1 1 6 1 1 3 1 1 161 207 49 1 1 28 4 1 1 1 1 1 1 1 0 1 1 1 1 1 1 1 5 77 1 1 1 2 2 1 28 1 9 24 14 1 1 1 0 1 1 1 2 0 0 1 1 1 2 221 255 1 1 1 1 1 242 3 1 1 1 37 1 1 2 3 1 1 1 1 1 1 55 205 2 1 1 0 1 1 1 1 214 2 1 0 0 0 0 2 1 0 0 0 0 0 0 0 1 1 1 4 1 1 0 0 0 0 0 0 0 1 1 1 0 0 0 0 0 0 1 1 1 1 1 76 120 1 1 0 0 0 0 0 0 1 1 1 2 20 1 1 1 1 1 1 0 0 0 0 0 0 0 0 1 1 1 1 171 1 1 1 0 0 1 0 1 1 1 1 1 0 0 0 1 97 68 1 0 0 1 1 92 1 1 0 0 0 1 1 1 1 0 1 1 0 0 0 0 0 0 0 0 0 0 0 0 0 0 0 0 0 0 1 1 141 62 0 0 0 0 0 0 0 1 1 1 1 1 1 1 2 64 1 1 5 37 1 1 6 51 41 2 1 2 70 1 1 1 42 151 1 0 0 0 0 0 0 0 0 0 0 0 0 0 0 1 1 0 0 1 1 62 192 50 1 13 2 1 0 2 12 1 0 1 4 1 1 1 59 1 0 0 1 1 3 1 1 0 0 0 1 2 76 12 1 1 0 1 1 2 92 1 0 6 135 1 1 1 97 13 1 7 105 105 6 3 1 1 1 0 0 0 0 1 1 1 1 29 144 1 1 1 1 0 1 2 1 0 0 0 1 3 1 0 0 0 0 0 0 0 0 0 0 0 0 0 0 0 0 0 0 0 0 0 0 0 0 0 0 0 1 50
0 3 2 1 0 1 1 209 193 1 1 1 1 1 1 1 1 1 1 183 92 3 1 1 1 74 1 1 1 1 248 254 2 1 1 1 1 1 0 0 1 1 5 93 28 1 0 1 1 1 0 0 0 1 1 3 1 0 0 0 1 1 34 10 1 1 1 4 0 0 0 1 15 1 0 1 4 0 1 3 1 1 1 1 1 1 0 4 1 0 1 1 2 87 1 1 1 1 1 1 1 1 14 1 1 1 12 1 1 1 3 2 1 1 1 85 106 1 1 1 1 1 1 8 1 4 1 1 1 1 16 198 179 41 8 1 1 0 0 1 2 0 1 1 1 1 1 1 1 1 1 20 68 1 1 1 4 1 1 22 1 1 1 2 22 24 2 1 0 1 4 1 0 0 0 1 1 1 255 255 1 0 1 1 1 242 5 1 1 1 33 2 3 1 1 0 1 0 0 0 1 106 253 248 248 246 225 126 10 2 1 214 1 1 0 0 0 0 3 1 0 0 0 0 0 0 0 1 1 0 1 3 1 0 0 0 0 0 0 0 1 1 1 1 1 0 0 0 0 0 0 1 1 1 5 60 116 1 0 1 1 1 2 2 2 2 1 1 30 4 1 1 0 1 1 1 0 0 0 0 0 1 0 1 1 1 1 110 103 1 0 0 1 1 1 1 0 0 1 1 0 0 1 100 81 1 0 0 1 1 1 36 50 1 1 1 1 1 1 1 1 1 1 1 0 0 0 0 0 0 0 0 0 0 0 0 0 0 0 0 0 0 1 0 3 168 1 0 0 0 0 0 0 0 1 0 0 0 1 1 1 62 3 1 1 12 47 48 39 2 1 1 1 4 60 1 1 1 162 8 0 0 0 0 0 0 0 0 0 0 0 0 0 0 0 0 1 1 1 1 112 189 10 1 0 1 19 1 1 0 5 6 1 4 1 0 1 1 65 1 1 1 1 1 3 1 0 0 0 1 1 1 2 81 5 1 1 1 0 1 12 63 2 131 3 1 1 43 66 1 1 1 1 4 130 48 2 1 1 1 1 0 0 1 1 0 1 160 2 1 1 1 1 1 1 1 0 0 0 0 3 1 0 0 0 0 0 0 0 0 0 0 0 0 0 0 0 0 0 0 0 0 0 0 0 0 0 0 0 0 0 1
0 1 8 1 1 1 19 240 61 1 1 1 1 1 1 1 1 1 1 2 212 3 1 1 1 51 10 1 1 1 18 254 3 1 1 1 0 0 1 1 6 42 21 5 44 1 1 1 1 1 0 0 1 1 0 1 3 1 0 0 1 1 1 35 9 1 1 3 0 0 0 1 15 1 1 2 3 1 1 4 1 0 1 1 1 1 1 4 1 0 0 1 1 16 64 1 1 1 1 0 0 1 14 1 1 1 16 1 1 1 1 1 2 2 94 109 1 1 0 1 0 1 1 5 10 1 1 0 1 1 1 1 100 216 116 1 1 1 0 1 1 0 0 0 1 1 1 1 1 1 1 88 2 1 1 1 4 0 27 1 1 1 1 1 1 1 15 25 10 1 2 0 0 0 0 0 1 1 255 239 1 0 1 1 1 244 71 53 52 53 62 17 2 1 1 0 1 0 1 1 3 253 142 2 7 78 197 243 248 248 247 245 1 1 1 0 0 0 3 0 0 0 0 0 0 1 1 1 0 0 0 1 3 1 0 0 0 0 0 1 1 1 0 1 1 1 0 0 0 0 0 1 1 1 4 1 79 107 2 2 2 1 1 1 1 0 0 1 11 8 21 19 4 1 1 1 1 0 0 0 1 1 0 1 1 1 1 1 163 3 1 0 0 0 1 0 0 0 1 1 1 21 122 66 1 1 0 0 1 0 1 1 91 8 1 1 1 0 0 0 0 0 1 1 1 1 1 1 0 0 0 0 1 0 0 0 0 0 0 0 0 1 1 1 1 123 97 1 0 0 0 0 0 0 1 1 0 1 1 1 1 4 57 1 4 60 35 2 1 0 1 1 1 12 47 1 1 34 153 1 0 0 0 0 0 0 0 0 0 0 0 0 0 0 0 1 1 1 1 150 168 2 1 0 0 1 1 18 1 1 1 8 12 1 0 0 0 1 62 1 0 0 0 0 2 1 0 1 1 1 0 0 0 4 87 2 1 0 1 1 1 82 127 22 1 1 1 114 1 1 0 0 0 1 111 1 19 22 1 1 1 1 1 1 0 1 38 141 1 1 1 1 1 1 1 0 0 0 0 1 3 0 0 0 0 0 0 0 0 0 0 0 0 0 0 0 0 0 0 0 0 0 0 0 0 0 0 0 0 0 0 1
0 1 3 2 1 1 147 225 2 1 1 1 1 1 1 1 1 1 1 1 153 139 1 1 1 2 66 1 1 1 1 254 3 1 1 1 1 1 7 47 26 1 0 1 47 4 1 0 0 1 0 1 1 0 0 0 1 3 1 0 1 0 1 1 34 7 1 3 1 1 1 1 15 1 1 4 1 1 1 4 1 1 1 1 1 1 1 3 0 0 0 1 1 1 51 31 1 1 1 0 0 1 12 1 0 4 6 1 1 1 1 0 1 88 106 3 2 1 1 1 1 1 6 6 1 0 1 1 1 1 1 6 34 5 162 205 43 1 1 2 1 0 0 0 1 1 0 1 1 1 50 35 1 1 1 1 2 2 21 1 1 1 1 1 1 1 1 1 4 40 3 1 1 0 0 0 1 1 255 119 1 0 1 1 1 243 7 1 1 1 3 38 1 0 1 0 1 0 1 1 248 248 16 1 1 1 1 1 1 1 6 250 1 1 1 1 1 1 3 0 0 1 1 1 1 1 1 1 1 0 0 0 1 2 1 0 0 0 1 1 0 0 0 0 1 1 1 0 0 0 0 1 1 1 4 1 1 104 86 1 0 0 1 1 1 1 1 3 6 0 1 1 8 20 18 5 1 1 1 0 1 1 1 1 1 1 1 1 24 149 1 1 0 0 0 0 1 1 1 1 126 154 50 1 0 0 0 1 1 1 1 1 3 82 30 15 1 1 0 0 0 0 0 2 0 0 0 1 1 1 1 1 1 0 0 0 0 0 0 0 0 0 0 0 0 2 172 1 0 0 0 0 0 0 0 1 1 1 0 1 1 1 61 24 21 29 1 1 1 0 0 1 1 29 27 1 1 162 11 0 0 0 0 0 0 0 0 0 0 0 0 1 1 1 1 4 16 12 176 143 1 1 0 0 1 1 0 2 13 1 1 2 9 8 4 1 1 1 57 1 0 0 0 0 1 3 1 1 1 0 0 0 1 20 52 103 1 1 1 1 1 130 151 10 10 2 84 20 1 1 0 0 0 3 72 73 3 1 22 23 1 1 1 0 0 1 160 2 1 1 0 1 1 2 0 0 0 0 0 3 1 0 0 0 0 0 0 0 0 0 0 0 0 0 0 0 0 0 0 0 0 0 0 0 0 0 0 0 0 0 0 1
1 1 1 3 1 20 215 167 1 1 1 1 1 1 1 1 1 1 1 1 4 218 1 1 1 1 75 1 1 1 1 254 5 1 1 1 8 48 25 1 0 1 1 0 1 54 1 1 1 1 1 1 0 0 0 0 0 1 2 1 1 0 0 0 1 37 29 15 7 7 7 7 35 7 6 18 7 3 3 9 1 1 1 1 1 1 6 1 1 1 1 1 1 1 1 78 7 1 0 0 0 1 11 0 0 17 1 1 1 1 1 1 82 105 1 1 1 2 2 1 1 9 2 1 1 1 0 1 1 2 6 1 38 1 1 22 203 185 8 1 1 1 0 1 1 0 0 1 1 1 88 1 1 1 1 1 4 35 1 1 0 0 1 1 1 1 0 0 3 17 1 2 4 1 1 0 1 1 255 30 1 0 1 1 1 244 5 0 1 0 13 11 1 1 1 1 1 1 1 183 253 170 7 1 1 1 1 1 1 1 1 251 1 1 0 1 1 1 1 1 1 1 1 0 0 0 0 0 1 1 1 0 0 1 1 1 0 1 1 0 0 0 0 0 0 1 1 1 0 0 0 1 1 1 4 1 1 2 108 73 1 2 7 8 8 8 7 3 1 0 0 0 1 1 1 9 22 18 5 1 1 1 1 1 1 1 1 2 5 129 75 1 0 0 0 1 1 1 45 204 189 174 116 1 0 0 0 1 1 1 1 1 1 22 9 2 16 2 1 0 0 0 0 2 1 0 0 0 0 0 1 1 1 1 1 0 0 0 0 0 0 0 1 1 1 1 173 1 0 0 0 0 0 0 1 1 1 0 0 0 1 1 13 61 1 5 12 1 1 0 1 1 1 53 9 1 29 154 1 0 0 0 0 0 0 1 0 0 1 1 1 2 4 5 18 7 18 192 99 1 1 1 1 1 1 0 0 0 5 8 1 4 1 1 2 6 6 4 54 1 1 1 2 2 2 7 1 0 0 0 1 9 18 1 1 66 69 1 1 2 108 48 30 1 2 70 80 1 1 0 0 0 1 9 1 2 64 60 2 1 23 23 1 0 1 95 107 1 1 1 1 1 2 1 0 0 0 0 1 4 0 0 0 0 0 0 0 0 0 0 0 0 0 0 0 0 0 0 0 0 0 0 0 0 0 0 0 0 0 0 0 1
2 1 1 1 4 164 202 91 1 1 1 1 1 1 1 0 1 1 4 60 58 136 182 46 43 43 93 1 0 1 1 254 26 1 7 52 27 1 0 1 1 1 1 1 1 61 1 1 1 1 1 1 1 0 0 0 0 0 1 3 1 1 0 1 3 5 36 7 1 1 1 1 15 1 1 10 2 2 2 12 3 4 4 5 6 6 9 5 5 5 5 5 3 3 3 5 99 2 2 1 1 5 11 1 1 15 1 1 1 0 1 34 138 1 1 1 1 1 1 3 10 1 1 1 1 1 1 1 5 2 1 13 12 1 1 1 1 93 214 133 1 1 1 1 0 1 1 1 1 43 31 1 1 1 1 1 5 21 34 15 1 1 1 1 1 1 0 1 30 1 0 1 1 2 3 2 1 3 255 9 1 0 1 1 1 244 2 1 1 0 34 1 0 0 0 0 0 1 169 253 32 172 1 1 0 0 0 0 0 1 1 251 1 1 0 0 1 4 1 1 0 0 0 0 0 0 0 0 0 0 1 1 0 0 0 1 1 1 0 0 0 0 0 0 0 0 1 1 1 0 0 1 1 2 1 0 1 1 1 121 81 3 1 1 0 0 0 0 0 0 0 0 1 1 1 1 1 1 8 17 9 1 1 1 1 0 3 1 1 2 162 2 1 1 1 1 1 159 207 74 1 1 182 7 1 1 1 1 1 1 1 1 1 1 51 1 1 8 5 1 0 0 0 1 2 1 1 1 1 1 1 0 0 0 1 1 1 1 1 1 1 1 0 0 1 1 173 1 0 0 0 0 0 1 1 0 0 0 0 0 1 1 9 85 2 1 6 11 1 1 1 1 1 66 4 1 160 14 1 1 3 1 1 1 1 1 1 1 16 19 18 14 8 6 1 75 192 28 1 1 0 0 1 1 1 0 0 0 0 12 20 1 1 0 0 0 1 5 78 2 2 2 1 1 0 1 3 0 0 2 24 5 1 0 1 1 120 20 26 131 20 4 4 3 21 131 2 1 0 0 1 1 4 2 0 1 1 2 57 8 1 1 23 28 19 161 1 1 1 1 1 1 2 0 0 0 0 0 3 1 0 0 0 0 0 0 0 0 0 0 0 0 0 0 0 0 0 0 0 0 0 0 0 0 0 0 0 0 0 0 0 1
1 1 1 1 42 225 45 82 3 1 1 1 1 1 1 1 2 54 49 1 1 1 206 2 1 1 39 23 1 1 1 254 254 60 35 1 1 1 1 1 0 0 1 2 4 55 13 1 1 1 0 0 1 1 0 0 0 0 0 1 3 1 1 3 4 1 1 31 6 1 1 1 14 1 0 7 1 1 1 6 1 0 1 1 1 1 2 1 0 0 1 2 1 0 1 1 8 79 1 1 1 2 5 1 14 1 0 0 1 1 13 154 6 1 1 1 1 1 2 6 1 1 1 1 1 1 1 5 1 1 1 40 1 1 1 1 1 1 2 159 211 58 1 1 1 1 1 1 1 54 1 1 1 1 1 1 22 1 1 20 12 17 4 1 1 0 0 2 22 0 0 1 1 1 1 1 3 36 255 3 1 0 1 1 1 245 1 1 1 0 40 1 0 1 0 1 1 78 255 38 1 179 1 1 0 0 0 0 0 1 1 251 1 0 1 2 3 1 0 0 0 0 0 0 0 0 0 0 0 0 0 1 1 0 0 0 1 1 0 0 0 0 0 0 0 0 0 1 1 1 0 1 1 4 1 0 1 1 1 10 126 32 0 0 0 0 0 0 0 0 0 0 0 0 0 0 0 1 1 1 7 5 1 1 1 1 4 1 1 1 45 142 1 1 1 59 206 168 2 1 1 1 55 167 1 1 1 1 1 1 1 1 1 1 4 32 1 1 2 7 1 1 0 1 1 1 1 1 1 1 1 1 1 0 0 0 0 0 0 0 0 0 0 0 0 1 175 1 1 1 0 1 1 1 0 0 0 0 0 0 0 1 1 32 32 1 1 6 10 1 1 1 1 75 2 27 162 17 18 14 8 15 18 10 2 4 16 15 1 0 0 0 1 1 129 181 4 1 0 0 0 0 0 1 1 1 0 0 1 4 18 25 16 1 1 0 0 1 69 0 0 0 0 0 0 1 4 1 11 19 1 0 1 1 0 1 112 148 126 3 1 1 2 4 124 3 5 4 2 2 2 2 7 1 0 0 0 0 1 63 1 0 0 1 127 66 16 13 19 19 4 1 2 0 0 0 0 1 3 0 0 0 0 0 0 0 0 0 0 0 0 0 0 0 0 0 0 0 0 0 0 0 0 0 0 0 0 0 0 0 0 1
1 1 1 1 196 174 1 25 55 1 1 1 1 1 4 25 20 22 1 1 1 1 121 147 1 1 1 70 1 1 1 35 254 4 1 1 1 1 0 1 1 4 5 2 1 1 63 1 1 1 0 0 0 1 1 0 0 0 1 1 1 3 6 5 1 0 1 1 31 6 1 1 13 1 0 7 1 1 1 6 1 0 1 1 1 2 1 1 1 0 1 2 1 1 1 1 1 41 47 1 1 2 4 1 18 0 0 0 1 18 17 131 1 0 0 1 1 5 3 1 1 1 1 1 1 5 3 1 1 1 4 24 1 1 1 1 1 2 1 1 13 197 188 6 1 1 1 1 16 11 1 1 1 1 1 4 10 1 9 3 1 1 7 17 10 1 1 30 1 0 1 1 1 0 0 1 1 127 255 2 1 0 1 1 32 241 1 0 1 1 41 1 0 1 0 1 1 253 143 1 2 182 25 12 1 1 1 1 1 1 1 251 1 3 8 6 1 0 0 0 0 0 0 0 0 0 0 0 0 0 0 0 1 1 0 0 0 1 1 0 0 0 0 0 0 0 0 0 1 1 1 1 1 5 1 0 2 0 0 33 2 117 19 1 0 0 0 0 0 0 0 0 1 1 1 0 1 1 1 1 2 10 1 1 3 3 1 1 0 0 1 130 89 4 163 206 63 1 1 1 1 1 1 169 56 1 1 1 1 1 2 3 2 0 1 39 2 1 1 1 5 3 1 1 1 1 1 1 0 0 1 1 1 1 0 0 0 0 0 0 0 0 0 0 0 1 177 1 0 1 1 0 0 0 0 0 0 0 0 0 0 0 1 1 81 1 1 1 11 4 1 1 1 79 2 160 13 1 1 1 1 1 1 2 12 7 1 0 0 0 0 1 1 163 155 1 1 0 0 0 0 0 0 0 0 1 1 1 1 10 1 1 2 22 25 7 1 1 69 0 0 0 0 1 1 2 19 29 4 1 0 0 0 1 1 1 109 82 2 2 1 1 1 46 85 1 0 2 6 2 2 3 1 1 0 0 0 0 0 44 4 0 0 1 144 1 1 1 2 37 35 13 5 1 0 1 1 3 1 0 0 0 0 0 0 0 0 0 0 0 0 0 0 0 0 0 0 0 0 0 0 0 0 0 0 0 0 0 1 0 0 1
1 1 1 89 222 6 1 1 90 1 1 1 2 24 14 1 1 18 1 1 1 1 2 207 1 1 1 33 29 1 1 1 254 2 1 1 1 1 2 5 4 1 1 1 1 1 67 1 1 0 0 0 0 0 1 1 0 1 1 1 1 4 8 1 0 0 1 1 1 32 6 1 14 0 0 8 1 1 1 4 1 1 1 1 0 2 1 1 1 1 1 2 1 1 1 1 1 1 75 12 1 3 3 7 4 1 1 1 25 4 113 24 1 0 0 1 3 2 1 1 1 1 1 1 10 5 2 1 1 1 38 1 0 1 1 1 1 1 0 1 1 1 87 211 149 1 1 1 37 1 1 1 1 1 1 23 1 1 21 1 1 1 1 1 2 14 19 36 1 1 1 1 1 0 1 1 1 237 255 1 1 1 1 1 227 146 1 0 0 1 41 1 1 1 1 1 1 255 1 1 72 126 1 4 19 31 15 8 8 8 15 251 8 2 1 2 1 0 0 0 0 0 0 0 0 0 0 0 0 0 0 0 0 1 1 0 1 1 1 1 0 0 0 0 0 0 0 0 0 1 1 1 1 5 1 0 2 0 0 40 1 2 118 14 1 0 0 0 0 0 0 0 0 1 1 1 1 1 1 1 1 4 17 3 1 1 0 0 0 0 1 4 169 203 163 2 1 1 0 1 1 1 1 5 183 1 1 1 3 3 1 0 1 1 1 1 51 1 1 1 1 2 5 1 1 0 1 1 1 1 1 1 1 1 0 0 0 0 0 0 0 0 0 0 0 2 172 0 0 0 0 0 0 0 0 0 0 0 0 0 0 0 0 1 50 15 1 1 3 15 1 1 1 80 40 151 1 0 0 0 0 0 0 0 0 0 0 0 0 0 1 3 187 117 1 0 0 0 0 0 0 0 0 0 0 0 1 1 13 1 1 0 0 0 1 6 25 23 83 11 22 27 28 29 28 21 9 25 0 0 0 0 0 1 1 0 126 39 1 1 2 1 38 95 1 1 0 1 1 3 1 1 1 1 0 1 1 1 0 43 4 0 1 80 78 1 1 1 0 0 0 7 2 3 3 3 2 3 1 1 1 1 1 1 1 1 1 1 1 0 0 0 0 0 0 0 0 0 0 0 0 0 0 0 0 0 0 0 1 1 1 1
1 1 3 209 138 1 1 1 90 1 1 18 18 1 1 0 0 1 11 1 1 1 1 203 11 1 1 1 68 1 1 1 254 3 1 1 6 8 3 1 1 1 1 1 1 1 41 15 1 1 0 0 0 0 0 1 1 1 1 1 3 4 1 1 1 0 1 1 1 1 33 6 14 1 0 9 1 1 1 5 1 1 1 0 1 2 1 1 1 1 1 2 1 1 1 1 1 1 1 95 1 3 3 18 1 1 1 29 2 1 137 1 0 1 1 4 1 1 1 1 1 2 4 6 1 1 1 2 2 1 34 1 1 1 0 1 2 1 1 1 0 1 1 1 149 211 116 22 9 1 1 1 1 1 3 12 1 2 15 1 1 1 1 1 1 1 36 10 14 7 1 1 1 0 1 1 1 255 255 1 1 1 1 1 245 1 0 0 0 1 41 1 1 1 1 1 44 255 1 1 133 51 1 1 1 5 1 1 1 1 32 250 1 0 0 2 1 0 0 0 0 0 0 0 0 0 0 0 0 0 0 0 0 0 1 1 1 0 0 1 1 0 0 0 0 0 0 0 0 0 1 1 0 5 0 0 2 0 1 41 1 0 3 117 14 1 0 0 0 0 0 0 0 1 1 1 1 1 1 1 1 1 6 4 1 1 1 1 1 1 4 117 147 89 1 0 0 1 1 1 1 1 1 2 136 117 3 3 1 0 0 1 3 1 0 1 15 14 1 1 0 0 2 5 2 1 1 1 1 0 0 1 0 1 0 0 0 0 0 0 0 0 0 0 1 30 155 0 0 0 0 0 0 0 0 0 0 0 0 0 0 0 0 1 1 80 1 1 16 2 1 1 2 82 164 5 1 0 0 0 0 0 0 0 0 0 0 0 1 1 36 194 57 1 0 0 0 0 0 0 0 0 0 0 0 0 0 6 3 1 1 1 0 0 0 0 1 1 104 4 1 1 1 1 0 0 0 31 1 0 0 0 0 0 1 1 80 105 1 1 1 18 112 1 1 0 0 1 1 2 1 2 1 1 1 1 0 0 1 62 1 0 1 144 1 1 1 0 0 0 0 9 0 0 0 2 2 2 1 1 1 1 1 1 1 1 1 1 1 0 0 0 0 0 0 0 0 0 0 0 0 0 0 0 0 0 0 1 0 0 0 13
1 1 131 212 1 1 1 1 49 61 25 2 1 1 1 1 1 1 20 1 1 1 1 139 133 1 1 1 69 1 1 1 254 231 11 8 1 1 1 1 1 1 1 1 1 1 22 29 1 1 1 0 0 0 0 0 1 1 1 3 4 0 1 1 1 1 1 1 1 1 1 37 30 1 1 9 1 1 1 7 1 1 1 1 1 1 1 1 1 1 1 3 1 1 1 1 1 1 1 4 90 5 7 14 0 2 29 1 1 84 64 1 1 1 4 1 1 0 0 0 1 2 1 3 1 0 1 1 1 41 7 2 1 1 1 1 2 1 1 1 1 1 1 0 1 4 171 215 105 2 1 1 1 1 21 1 1 17 1 1 1 1 1 1 1 1 33 1 1 4 18 18 2 1 1 1 1 255 217 1 0 1 1 8 244 1 0 1 1 1 40 1 1 1 1 1 213 253 1 1 152 16 1 1 1 8 1 0 1 1 188 243 1 0 0 2 1 0 0 0 0 0 0 0 0 0 0 0 0 0 0 0 0 0 0 0 0 0 0 0 1 1 1 0 0 0 0 0 0 0 1 1 1 5 0 0 2 0 1 42 0 0 0 5 111 14 1 1 1 1 0 0 0 1 1 0 1 1 1 1 1 1 1 12 1 1 1 1 1 43 150 88 1 1 1 0 1 1 1 0 1 1 1 1 1 181 4 1 0 0 0 1 2 0 0 1 1 49 1 1 1 0 2 1 2 4 1 1 0 0 0 1 1 1 1 0 0 0 0 0 0 0 0 0 1 114 109 0 0 0 0 0 0 0 0 0 0 0 0 0 0 0 0 0 1 64 14 20 5 1 1 1 3 119 153 1 0 0 0 0 0 0 0 0 0 0 0 1 1 98 189 13 1 0 0 0 0 0 0 0 0 0 0 0 0 0 2 10 1 0 1 1 1 1 1 1 0 1 81 0 0 0 0 0 0 0 0 12 5 0 0 0 0 1 1 1 1 152 1 1 2 116 2 1 1 0 0 1 2 1 1 1 2 2 1 1 1 0 18 17 1 0 6 135 1 1 1 0 0 0 0 9 0 0 0 1 2 1 0 0 0 0 0 0 0 1 1 1 1 0 0 0 0 0 0 0 0 0 0 0 0 0 0 0 0 0 0 1 1 1 6 35
1 22 211 110 1 12 17 15 18 109 1 1 1 1 1 1 3 3 1 5 0 1 1 19 201 1 1 9 52 0 1 1 198 254 2 1 1 1 1 1 1 1 1 0 0 0 9 17 13 1 1 1 0 0 0 0 1 1 5 5 1 0 0 1 1 1 1 1 0 1 1 8 38 8 1 9 1 1 1 7 1 1 0 0 2 1 0 0 1 1 1 2 0 1 1 1 1 1 0 0 30 97 47 1 3 25 1 1 1 138 1 1 2 3 1 1 1 1 1 1 2 1 1 2 1 0 0 1 1 40 1 1 3 2 1 2 1 0 1 1 1 1 0 0 0 1 9 35 191 212 76 1 2 9 9 1 1 18 1 1 1 1 1 1 1 29 1 1 1 1 1 1 16 21 5 1 1 255 95 1 0 1 1 213 185 1 1 1 0 4 24 1 1 1 1 1 248 240 1 1 161 3 1 1 1 8 1 1 1 1 247 147 1 1 0 2 2 1 0 0 0 0 0 0 0 0 0 0 0 0 0 0 0 0 0 0 0 0 0 0 0 1 1 1 0 0 0 0 0 0 1 1 1 4 0 0 2 0 1 42 0 0 0 0 9 108 12 1 1 0 0 0 0 1 0 1 1 1 1 1 1 1 1 2 10 1 1 2 111 142 11 1 1 1 1 1 1 1 0 1 1 1 1 1 1 58 160 1 1 0 0 0 1 1 0 0 1 3 38 1 1 1 2 0 0 1 3 1 1 0 1 1 1 1 1 0 0 0 0 0 0 0 0 0 1 166 6 0 0 0 0 0 0 0 0 0 0 0 0 0 0 0 0 0 1 3 107 10 5 3 1 1 3 187 82 1 1 1 0 0 0 0 0 0 0 0 1 1 139 173 3 0 0 0 0 0 0 0 0 0 0 0 0 0 0 1 14 1 0 0 0 1 1 1 1 1 1 1 79 0 0 1 1 1 1 1 1 1 27 1 0 0 0 1 1 0 0 142 10 1 109 5 1 1 1 1 1 1 3 2 2 2 1 1 3 1 1 2 53 1 0 1 136 5 1 1 0 0 0 0 0 9 0 0 0 2 1 0 0 0 0 0 0 0 0 1 1 0 0 0 0 0 0 0 0 0 0 0 0 0 0 0 0 0 0 0 0 1 0 9 33 1
129 171 202 19 15 2 1 1 1 105 1 1 1 1 11 5 1 1 1 7 1 1 1 4 207 1 1 67 1 0 1 1 3 254 1 1 1 1 2 1 1 0 1 1 1 1 3 32 13 5 1 1 1 0 0 1 1 2 5 1 1 0 0 0 1 1 1 1 1 1 7 1 1 37 17 54 2 1 1 7 1 0 0 1 2 1 1 1 1 1 1 2 1 1 1 1 1 1 1 1 1 113 123 21 19 1 1 1 47 101 1 4 2 1 0 0 0 1 2 1 1 1 3 1 0 0 1 1 22 6 1 1 1 1 3 9 1 1 1 1 1 1 1 1 1 1 19 1 1 39 205 207 62 14 1 1 7 4 1 1 1 1 1 1 1 42 1 1 1 0 1 1 1 1 8 22 20 255 22 1 0 1 1 244 5 1 1 1 1 30 4 1 1 1 1 1 253 161 1 1 167 1 1 1 1 8 0 0 0 1 251 4 1 0 0 0 1 2 2 1 0 0 0 0 0 0 0 0 0 0 0 0 0 0 0 0 0 0 0 0 0 0 1 1 1 0 0 0 0 0 2 0 1 5 4 4 2 1 1 40 0 0 0 0 1 14 106 9 1 1 0 0 0 1 1 1 1 1 1 1 1 1 1 1 9 26 44 148 100 1 1 0 1 1 1 1 1 1 1 1 1 1 1 1 1 1 166 44 1 1 0 0 0 1 0 0 0 1 37 3 1 2 1 0 0 0 1 2 2 1 1 1 1 1 1 0 0 0 0 0 0 0 0 1 1 173 1 1 1 1 0 0 1 2 2 1 1 0 0 0 0 0 0 0 0 1 101 10 1 1 4 4 64 158 42 29 1 1 1 1 0 0 1 1 0 1 1 165 149 1 1 0 0 0 0 0 0 0 0 0 0 0 0 0 0 8 3 1 1 1 0 0 1 1 1 0 1 3 72 1 1 1 1 1 1 0 0 0 25 1 0 0 0 1 1 0 0 70 109 3 110 1 1 0 1 1 1 2 1 1 1 1 0 0 1 4 2 58 1 0 1 9 131 1 1 1 0 0 0 0 0 9 0 0 1 2 1 1 1 1 1 0 0 0 0 1 1 0 0 0 0 0 0 0 0 0 0 0 0 0 0 0 0 0 0 0 0 1 0 57 1 2
228 228 88 1 1 1 1 1 1 99 2 1 12 11 1 0 1 1 1 5 4 1 1 2 207 1 1 65 1 0 0 1 1 254 2 1 1 1 1 1 1 0 0 1 2 2 1 27 1 14 3 1 1 1 1 1 2 4 1 1 1 0 0 0 0 1 1 2 1 7 1 1 1 2 106 36 65 9 1 13 3 7 18 36 55 57 66 72 77 81 85 103 104 105 107 107 107 107 107 107 108 136 142 49 1 1 1 1 136 2 5 1 1 0 0 1 1 2 1 1 1 1 3 1 1 0 1 1 41 1 1 1 1 1 2 2 4 7 3 1 1 1 1 1 1 8 4 1 1 1 1 63 210 192 17 1 20 1 1 0 1 1 0 1 13 10 2 2 1 1 1 1 1 1 1 1 7 255 9 1 0 1 5 244 1 0 0 1 1 33 7 6 3 3 2 2 255 1 1 1 167 1 1 1 1 8 1 1 0 1 251 1 1 0 0 0 0 0 1 2 1 1 0 0 0 0 0 0 0 0 0 0 0 0 0 0 0 0 0 0 0 0 0 1 1 1 0 0 0 1 2 0 2 1 1 1 1 1 8 19 0 0 0 0 1 1 19 106 6 1 1 0 0 1 1 1 1 1 1 1 1 0 1 1 51 85 131 22 1 1 0 0 1 0 0 1 1 1 0 1 1 1 1 0 1 1 3 181 1 1 1 1 0 1 1 0 0 1 1 47 1 2 1 1 0 0 0 1 1 3 1 1 0 1 1 1 1 1 1 1 1 1 1 1 2 177 2 2 2 2 2 2 2 1 1 1 2 2 1 1 1 0 0 0 0 1 11 99 1 1 2 3 173 6 1 83 2 1 1 1 1 1 1 1 1 5 189 109 1 0 0 0 0 0 0 0 0 0 0 0 0 0 0 1 2 10 1 0 1 1 1 1 1 0 1 0 0 15 47 0 0 0 0 0 0 0 0 0 4 11 0 0 0 1 1 0 0 1 152 98 10 1 1 1 1 2 14 6 1 0 0 1 1 0 1 1 38 23 1 0 1 141 2 1 1 0 0 0 0 0 0 10 0 0 1 2 1 1 1 0 1 0 0 0 0 1 1 0 0 0 0 0 0 0 0 0 0 0 0 0 0 0 0 0 0 0 0 1 1 58 1 1
216 225 32 1 0 0 1 1 1 33 82 13 1 1 1 0 1 5 11 5 1 0 1 2 207 1 27 31 1 1 1 1 1 254 3 1 1 1 1 1 1 1 2 2 1 1 1 2 19 1 14 3 1 2 4 15 17 9 15 24 38 48 53 54 55 57 57 76 96 75 72 72 74 75 86 1 4 113 107 94 86 78 65 60 34 25 15 8 6 4 3 21 1 1 1 1 1 1 1 1 1 63 2 77 91 57 1 20 120 4 1 1 1 1 1 2 3 2 1 1 1 2 1 0 1 1 1 9 18 1 1 1 1 1 5 1 1 1 1 5 3 1 1 1 1 19 1 1 1 1 1 1 1 92 210 187 54 1 1 1 1 0 0 1 37 1 0 1 7 6 1 1 1 1 1 1 3 255 8 1 1 1 202 201 1 0 0 1 1 23 3 1 1 1 1 242 248 1 1 1 167 1 1 1 1 7 1 0 0 1 251 1 1 0 0 0 0 0 0 0 1 2 2 1 0 0 0 0 0 0 0 0 0 0 0 0 0 0 0 0 0 0 0 0 1 1 1 0 0 1 2 0 2 1 1 1 1 1 35 2 0 0 0 0 1 1 1 26 105 3 1 2 2 1 1 1 1 1 1 1 1 1 1 8 124 108 68 1 1 1 1 1 1 1 1 1 1 0 1 1 1 1 1 1 1 1 1 125 121 1 1 1 1 1 1 1 0 0 1 19 11 2 1 1 1 1 0 0 0 1 2 3 1 1 1 2 1 1 1 1 0 1 1 1 5 166 1 1 1 1 0 1 1 1 0 1 1 1 1 2 2 1 1 0 1 2 2 109 4 2 1 39 154 1 0 1 100 94 97 8 1 1 1 1 43 194 47 1 0 0 0 0 0 0 0 0 0 0 0 0 0 0 1 7 15 1 0 0 0 0 0 1 1 1 1 0 0 53 12 0 0 0 0 1 1 1 1 1 2 29 1 0 1 1 1 1 1 59 164 146 1 1 1 4 15 8 1 6 2 0 0 1 0 0 0 4 53 1 4 4 118 33 1 1 1 0 0 0 0 0 0 9 0 1 1 2 2 1 1 1 1 1 1 1 1 1 1 0 0 0 0 0 0 0 0 0 0 0 0 0 0 0 0 0 0 0 0 1 1 59 1 1
220 221 11 19 1 0 0 1 1 3 89 1 1 1 1 6 11 2 1 0 0 1 1 2 207 1 19 43 37 1 1 1 1 254 22 1 1 1 1 1 2 1 1 0 0 0 0 1 22 1 55 103 86 73 67 52 38 31 23 14 6 3 2 1 1 3 25 7 1 1 1 0 1 1 79 58 93 10 1 1 1 1 1 2 1 1 0 0 0 1 9 2 1 0 0 0 0 0 0 1 34 12 1 1 4 24 85 173 38 1 1 1 1 1 3 1 1 1 1 2 3 5 1 1 1 1 1 41 1 1 1 1 1 1 3 1 1 1 1 1 1 2 3 2 8 3 1 1 1 1 0 0 1 1 1 102 213 190 16 1 1 1 0 6 16 0 0 1 1 1 4 6 2 1 1 1 5 255 6 1 1 1 244 7 0 0 0 1 1 4 20 1 1 1 7 255 4 1 1 2 165 1 0 0 1 6 1 1 1 81 250 1 1 0 0 0 0 0 0 0 0 0 1 2 2 1 1 0 0 0 0 0 0 0 0 0 0 0 0 0 0 0 0 0 1 1 1 1 0 1 2 0 2 0 1 1 1 1 43 1 0 0 0 0 1 1 0 1 34 103 2 1 1 2 2 1 1 1 1 1 1 1 48 138 52 1 1 1 1 0 0 0 0 1 1 1 1 1 1 0 0 1 1 1 0 1 1 1 180 4 0 0 1 1 1 1 0 0 0 1 63 1 1 0 1 1 1 0 0 1 1 3 2 1 1 1 1 1 1 1 1 1 1 1 139 68 1 1 1 1 1 0 0 1 0 0 0 0 0 1 1 1 2 2 8 33 29 71 111 17 17 171 5 1 1 1 1 1 1 92 2 1 1 102 189 9 1 0 0 0 0 0 0 0 0 0 0 0 0 0 0 0 1 14 4 1 1 1 0 0 0 0 0 1 1 1 1 78 2 1 1 2 3 3 3 3 3 2 1 17 1 0 1 1 1 46 83 14 2 159 1 1 14 5 1 1 1 1 11 1 0 1 0 0 1 68 1 1 3 123 39 1 1 1 0 0 0 0 0 0 1 9 1 1 0 1 1 1 1 1 1 1 0 0 0 1 1 0 0 0 0 0 0 0 0 0 0 0 0 0 0 0 0 0 0 0 0 1 1 59 1 1
196 235 2 18 10 1 1 1 1 13 78 1 1 7 10 1 1 0 0 0 0 1 1 2 207 1 13 1 27 1 1 1 1 254 61 1 1 1 2 2 1 1 1 0 0 0 0 1 36 103 16 1 8 1 1 1 1 0 0 0 1 1 1 1 20 15 1 1 1 1 1 1 0 1 19 4 29 17 3 1 0 0 1 1 1 1 1 1 1 1 16 1 1 1 1 0 0 0 0 1 63 1 1 1 3 2 5 154 65 74 17 1 1 1 3 1 1 1 1 1 4 13 13 5 1 1 2 31 1 1 1 1 1 4 1 1 1 1 1 1 0 1 1 1 23 2 1 1 1 1 1 0 0 1 1 5 1 107 216 199 12 1 1 36 1 0 1 2 1 0 1 1 2 5 3 1 11 255 3 1 1 3 244 1 0 0 0 1 0 1 38 1 18 240 255 205 1 1 1 123 75 0 0 0 4 2 0 0 1 241 199 1 1 1 1 1 1 0 0 0 0 1 1 1 1 1 2 2 1 1 1 1 0 0 0 0 0 0 0 0 0 0 0 0 0 0 1 1 1 1 1 0 2 0 1 1 1 1 44 1 1 1 0 0 1 0 0 0 1 41 95 1 1 1 1 1 1 1 1 1 2 112 127 5 1 1 1 1 1 0 0 0 0 0 0 1 1 1 1 1 0 0 1 1 1 1 1 1 51 164 1 1 1 0 0 1 1 1 1 1 4 46 1 1 0 1 1 1 1 2 2 1 1 1 1 1 0 0 0 0 1 1 1 1 180 19 16 11 4 1 1 1 1 1 1 1 1 1 1 6 15 23 26 128 157 143 143 149 146 153 164 100 1 1 1 1 1 1 1 2 96 2 144 171 2 1 0 0 0 0 0 0 0 0 0 0 0 0 0 0 0 0 4 8 0 1 1 1 1 1 1 0 0 0 1 0 1 88 3 2 2 1 1 1 0 0 0 0 0 1 15 1 1 23 63 9 1 1 1 119 87 12 1 1 0 0 0 0 9 1 0 1 0 1 43 7 1 66 129 6 1 1 1 1 0 0 0 0 0 0 1 9 1 0 0 1 0 0 0 1 1 1 0 0 0 1 1 0 0 0 0 0 0 0 0 0 0 0 0 0 0 0 0 0 0 0 0 1 1 57 1 1
84 244 87 1 26 5 1 1 1 37 18 45 11 1 1 1 1 1 1 0 0 1 1 3 206 1 12 1 26 1 1 1 1 254 8 35 3 2 1 1 1 1 1 1 0 1 18 72 24 6 1 1 1 7 1 1 1 1 0 0 0 1 1 24 1 0 0 0 1 1 1 1 1 1 21 1 24 1 16 3 1 0 2 1 1 1 1 1 1 1 11 1 0 1 1 1 1 1 1 7 43 1 1 1 1 5 118 47 1 2 48 78 45 6 1 1 1 1 1 1 8 1 1 4 14 10 45 1 1 1 1 1 1 4 1 1 1 1 1 1 0 0 0 4 3 1 1 2 1 1 1 1 1 1 4 1 1 1 1 109 216 146 4 22 1 1 1 1 1 1 1 0 0 1 1 6 96 255 1 0 1 174 218 1 1 0 0 1 1 4 30 248 255 248 52 1 1 1 1 167 1 0 0 0 9 1 0 0 1 251 3 1 1 1 1 1 1 1 1 1 1 1 0 0 0 0 0 1 2 2 2 1 1 1 1 0 0 0 0 0 0 0 0 0 0 0 0 1 1 1 1 0 2 0 1 1 1 1 44 0 1 1 0 0 1 0 0 0 0 1 49 91 1 1 1 0 1 1 1 45 139 76 1 1 1 1 1 0 0 0 0 0 0 1 1 1 1 1 1 1 1 0 0 0 0 1 1 1 1 165 52 1 1 1 1 1 1 1 1 0 1 41 5 1 1 0 0 1 2 1 1 1 1 1 1 1 1 1 1 1 1 0 1 141 95 1 1 3 9 19 24 27 27 26 20 23 26 27 23 9 3 1 5 140 1 1 1 2 2 34 3 1 1 0 1 1 1 1 1 1 141 203 177 1 1 1 0 0 0 0 0 0 0 0 0 0 0 0 0 0 0 1 18 1 0 0 0 0 1 1 2 1 1 0 1 1 0 90 1 0 0 0 0 0 0 0 0 0 0 1 55 33 29 3 1 1 1 1 1 29 165 1 1 1 0 0 0 0 1 8 1 1 1 8 43 1 62 77 1 1 1 1 1 0 0 0 0 0 0 0 1 9 0 0 0 1 1 0 0 1 1 1 0 0 0 1 1 0 0 0 0 0 0 0 0 0 0 0 0 0 0 0 0 0 0 0 0 1 1 2 48 1
3 240 188 1 1 34 2 1 19 6 1 8 65 1 0 1 1 0 0 0 0 1 1 3 206 1 10 2 25 1 1 1 1 254 6 26 2 1 0 0 1 1 1 1 6 72 41 1 1 1 8 1 1 1 5 1 1 1 1 1 0 1 21 1 1 1 0 0 0 1 1 1 1 1 22 1 22 1 1 16 3 1 2 1 1 1 1 1 1 15 1 0 0 0 1 1 1 1 1 63 1 1 1 0 1 1 162 1 1 1 1 1 19 73 62 3 1 1 1 2 3 1 1 1 1 3 71 19 5 1 1 1 3 1 1 1 1 1 1 1 1 0 1 13 1 1 1 1 1 2 1 1 1 1 6 1 1 1 2 2 2 171 221 40 1 1 1 1 0 0 1 1 1 1 1 1 249 255 1 0 1 240 40 1 1 1 1 1 1 39 248 247 2 1 1 1 1 1 221 248 158 7 1 1 10 1 0 0 1 251 1 1 1 0 1 0 0 0 0 1 1 1 1 1 0 0 0 0 0 1 1 1 3 3 3 2 1 1 0 0 0 0 0 0 0 0 0 0 0 1 0 1 2 0 1 1 1 1 44 0 1 0 0 0 1 0 0 0 0 0 1 62 90 1 1 1 1 3 113 126 11 1 1 1 1 1 1 0 0 0 0 0 0 1 1 1 0 0 1 1 1 0 0 0 0 1 1 1 1 3 185 1 1 1 1 0 0 0 0 0 1 1 62 1 1 0 0 0 1 1 1 1 1 1 1 1 1 1 1 1 0 0 2 178 1 0 0 0 1 0 0 0 0 0 1 5 5 5 6 7 6 6 140 7 1 1 1 15 35 55 1 1 0 0 1 0 1 1 1 3 210 160 196 1 1 0 0 0 0 0 0 0 0 0 0 1 0 0 0 0 0 13 2 1 1 0 0 0 0 1 1 1 1 1 1 1 0 91 1 0 0 0 1 1 1 1 2 2 2 2 69 36 1 1 1 1 1 13 21 3 139 26 1 0 0 0 0 0 1 11 1 1 2 76 1 1 128 1 1 0 1 1 1 0 0 0 0 0 0 0 4 2 0 0 0 1 1 1 1 1 1 0 0 0 0 0 0 0 0 0 0 0 0 0 0 0 0 0 0 0 0 0 0 0 0 0 0 1 0 1 5 49
1 218 225 1 1 1 42 4 27 1 1 1 1 64 7 0 1 0 0 1 1 1 1 2 206 1 9 2 25 1 1 1 1 254 1 1 24 1 0 0 1 1 2 66 57 1 1 1 1 1 3 1 0 1 1 4 1 1 1 1 1 21 1 0 0 1 1 0 1 0 1 1 1 1 24 1 23 1 0 1 16 3 2 1 1 1 1 1 1 19 1 1 1 1 1 0 0 0 1 64 1 1 1 1 1 44 131 1 1 1 1 1 1 1 4 61 64 17 1 8 1 1 1 1 1 36 3 1 6 19 12 1 4 1 1 1 1 1 1 1 0 1 5 5 0 0 1 1 1 1 1 1 1 3 2 1 1 1 4 1 1 10 58 221 182 5 1 1 1 1 1 1 1 1 1 2 255 247 1 1 1 245 1 1 1 1 1 1 18 173 253 1 1 1 0 1 1 223 245 147 246 250 250 248 196 14 1 1 25 250 1 0 0 1 1 0 0 0 0 1 0 1 1 1 1 1 1 0 0 0 0 0 1 1 1 1 3 4 2 1 0 0 0 0 0 0 0 0 0 1 0 1 2 0 1 1 0 1 42 1 1 1 1 1 1 1 0 0 0 0 1 1 72 82 1 1 55 140 69 1 1 1 1 1 1 1 0 0 0 0 0 0 0 1 1 1 0 0 1 1 1 1 1 1 1 1 0 0 0 1 177 15 0 0 1 1 0 0 0 0 0 1 20 19 1 1 1 1 1 3 3 2 2 3 10 12 4 1 1 0 0 1 144 76 1 0 1 1 1 0 1 1 1 1 5 1 1 1 1 1 1 1 144 1 0 1 1 29 1 6 1 1 1 0 1 1 1 1 18 211 158 116 154 156 1 1 0 0 0 0 0 0 0 0 0 1 1 0 0 0 1 18 0 1 1 1 1 1 0 1 0 0 0 1 1 1 1 96 1 2 2 2 2 2 2 1 1 1 0 1 92 22 33 1 1 13 21 3 1 1 19 142 1 1 0 0 0 0 0 4 5 66 97 2 1 60 60 1 0 0 1 1 0 0 0 0 0 0 0 0 9 1 0 0 0 0 0 0 0 0 1 1 0 0 0 0 0 0 0 0 0 0 0 0 0 0 0 0 0 0 0 0 0 0 0 0 1 1 0 0 1 3
1 156 244 3 1 1 3 85 2 1 1 1 1 1 55 13 1 1 1 1 1 0 1 1 206 1 7 3 24 1 1 1 1 254 1 1 9 5 1 1 1 56 71 2 1 1 0 1 1 0 1 6 1 0 1 1 4 1 0 1 21 1 1 1 0 0 1 1 1 0 1 1 1 1 23 7 15 1 0 0 1 18 4 1 0 1 0 1 8 3 1 1 1 1 0 0 0 1 43 8 1 1 1 1 1 156 3 1 1 1 1 1 1 1 1 1 1 39 68 41 1 1 1 1 1 49 1 1 1 1 2 24 24 2 1 1 1 1 0 1 1 1 17 1 1 1 1 1 1 1 1 0 1 6 1 1 1 1 3 1 18 5 1 1 162 228 98 1 1 1 1 1 1 1 3 29 255 47 1 1 1 245 1 0 1 0 1 0 1 255 80 1 1 0 0 1 245 231 1 1 1 1 3 117 241 250 250 248 243 248 1 1 1 1 1 0 0 0 0 1 1 0 1 1 1 1 1 1 1 1 1 1 1 0 0 0 0 1 1 3 4 1 1 0 0 0 0 0 1 1 0 2 1 1 1 1 0 7 22 1 1 1 1 1 1 1 1 0 0 0 0 0 1 84 92 106 128 6 1 1 1 1 1 1 1 0 0 0 0 0 0 0 1 1 1 1 1 0 0 1 1 1 1 1 1 1 1 1 1 1 143 101 0 0 0 0 0 0 0 0 0 1 1 57 1 1 4 12 12 8 10 12 10 7 2 1 5 4 1 0 0 3 173 1 1 1 1 1 1 12 26 8 1 1 5 1 1 1 1 0 1 1 143 1 0 1 1 29 1 1 0 0 1 1 1 1 1 88 214 83 1 2 1 175 112 1 0 0 0 0 0 0 0 0 0 0 1 1 0 0 11 2 0 0 0 1 1 1 1 1 1 0 0 0 0 0 1 94 1 1 0 0 0 0 0 0 0 0 0 60 10 1 8 51 21 3 1 1 0 0 1 145 18 1 1 1 0 0 0 1 102 19 1 1 1 125 1 1 0 0 1 1 0 0 0 0 0 0 0 0 10 0 0 0 0 0 0 0 0 0 0 0 0 0 0 0 0 0 0 0 0 0 0 0 0 0 0 0 0 0 0 0 0 0 0 0 1 0 0 0 0 0
1 52 244 133 1 4 6 7 58 1 1 1 1 1 1 67 1 1 1 0 0 0 1 1 204 4 5 13 36 1 0 1 1 254 1 1 1 25 1 40 77 11 1 1 0 1 1 1 1 1 1 2 2 0 1 1 1 3 2 25 14 16 16 17 17 17 17 18 18 17 17 17 18 18 15 41 1 0 0 0 1 1 21 3 1 1 0 1 19 1 1 1 1 1 1 1 0 1 66 1 1 1 0 1 2 156 1 1 1 1 1 1 2 1 0 0 0 1 3 14 56 46 2 1 20 12 1 0 1 0 1 5 1 12 21 7 1 1 0 0 1 4 4 1 1 1 1 1 1 1 3 4 2 2 1 1 1 3 1 4 5 1 0 1 1 18 219 202 10 1 1 1 1 253 255 255 255 2 1 1 2 245 1 0 1 1 1 1 246 248 1 1 1 0 1 238 219 1 1 0 1 1 1 1 1 1 2 60 250 248 95 95 93 73 8 1 1 1 1 1 0 0 0 1 2 4 3 3 3 3 3 1 2 1 1 0 0 0 0 0 1 2 4 1 0 0 0 0 1 1 0 2 1 0 1 1 1 38 1 1 1 0 0 1 1 1 1 0 0 0 0 0 1 14 139 104 91 1 1 1 1 0 1 1 1 0 0 0 0 0 0 1 1 0 0 0 1 1 1 1 1 1 1 1 1 1 1 1 1 1 159 73 0 0 0 0 0 0 0 0 0 0 1 7 69 13 4 1 1 1 0 1 1 0 1 1 1 11 1 0 1 151 54 1 2 1 9 38 35 9 2 12 32 37 39 19 18 19 1 0 1 3 139 1 0 1 1 29 1 1 0 0 1 1 1 1 143 208 22 1 0 2 1 1 196 39 1 1 1 0 0 0 0 0 0 0 0 1 1 1 21 1 1 0 0 0 0 0 1 1 1 1 1 1 0 0 1 88 0 0 0 0 1 1 1 1 1 1 1 92 1 0 1 2 10 1 0 0 0 0 1 35 137 1 1 1 0 0 0 0 52 4 1 1 1 124 1 0 0 1 1 0 0 0 0 0 0 0 0 2 5 0 0 0 0 0 0 0 0 0 0 0 0 0 0 0 0 0 0 0 0 0 0 0 0 0 0 0 0 0 0 0 0 0 0 0 1 0 0 0 0 0
1 2 221 222 8 2 1 1 55 10 1 1 1 1 4 20 42 1 0 1 1 2 2 3 207 20 3 5 19 26 0 1 1 254 1 1 1 28 96 25 1 1 1 1 1 1 1 0 1 1 0 1 5 1 0 1 1 8 40 23 18 1 1 1 1 1 1 1 1 1 1 1 1 1 1 23 1 1 0 0 0 1 1 21 3 1 1 1 14 0 1 1 1 1 1 1 1 14 39 0 1 1 1 1 125 55 1 1 1 1 1 1 2 1 0 0 1 1 5 1 1 2 47 57 71 1 1 0 1 1 1 3 1 1 1 6 24 20 1 1 1 14 1 1 1 1 1 1 8 28 21 19 57 8 1 1 1 3 1 16 1 1 1 1 1 1 1 151 229 106 1 1 7 255 240 245 234 1 1 1 34 241 1 1 1 1 1 148 253 1 1 1 0 1 102 251 1 1 1 0 0 0 1 1 1 1 1 6 176 248 126 1 1 14 73 89 88 68 4 1 1 0 0 0 4 1 1 1 1 1 1 1 2 1 1 1 1 1 1 0 0 0 1 3 3 1 0 1 1 0 0 1 2 1 2 2 2 59 1 1 1 1 0 1 0 1 1 1 1 0 1 5 133 153 144 142 73 1 1 1 1 0 0 1 1 0 0 0 0 0 1 1 0 0 0 0 0 0 1 1 1 0 1 1 1 1 1 1 1 1 185 2 1 1 0 0 0 0 0 0 1 2 8 4 22 6 0 0 0 0 0 1 1 1 1 0 1 1 10 1 15 180 58 59 66 49 13 1 1 0 1 0 0 0 1 1 0 1 18 0 1 25 121 0 1 2 1 28 1 1 0 0 1 1 1 183 195 3 1 0 0 2 1 0 2 201 3 1 1 1 0 0 0 0 0 0 0 0 1 9 4 1 1 1 1 1 0 1 1 0 0 0 1 1 1 1 6 72 2 2 2 2 2 1 1 1 1 1 7 63 1 1 0 0 2 13 1 0 1 1 1 1 150 12 1 1 0 0 0 0 1 66 1 1 1 124 0 0 0 1 1 0 0 0 0 0 0 0 1 9 1 0 0 0 0 1 1 1 0 0 0 0 0 0 0 0 0 0 0 0 0 0 0 0 0 0 0 0 0 0 0 0 0 0 0 0 1 0 0 0 0 0
1 8 205 232 66 1 1 1 1 73 1 1 3 5 1 1 60 1 2 2 1 1 1 1 204 4 1 1 1 51 0 1 1 254 4 5 67 39 21 1 0 1 2 1 1 0 1 1 1 1 0 0 1 3 1 9 33 12 1 1 23 1 2 1 1 1 1 0 1 1 1 0 0 0 1 23 1 1 1 1 0 0 1 1 21 3 1 18 1 0 0 0 1 1 1 0 1 68 1 1 1 0 1 1 160 1 1 1 1 1 1 1 1 1 0 1 1 5 1 1 0 1 1 12 74 59 25 1 1 1 4 1 0 0 0 1 1 1 21 26 18 4 1 1 1 1 15 27 8 1 1 1 6 21 41 6 3 1 2 10 1 1 1 1 1 1 1 1 17 218 209 8 2 255 255 229 149 1 1 1 184 215 1 1 1 1 70 255 57 1 1 0 1 1 253 107 0 1 1 1 1 1 1 1 0 1 1 127 94 36 250 1 1 1 1 1 1 8 72 82 79 69 7 1 4 1 0 0 0 0 1 1 3 1 0 1 1 1 1 1 1 1 1 0 1 3 3 1 1 0 0 1 1 0 0 0 1 56 1 1 1 0 0 1 0 0 0 0 1 1 102 158 56 1 1 17 88 39 1 0 1 1 1 1 0 0 0 0 0 0 1 0 0 0 0 0 0 0 0 0 0 0 1 1 1 1 1 1 1 12 179 0 1 1 1 1 1 0 1 1 7 5 1 0 1 37 1 0 1 0 1 1 1 0 0 0 0 1 5 8 152 47 2 1 1 7 1 1 1 1 1 1 1 1 1 1 0 1 21 0 1 60 104 1 1 2 3 14 2 1 1 1 1 4 202 161 5 1 1 1 1 1 1 0 1 27 197 1 0 1 1 0 0 0 0 0 0 0 1 20 1 0 0 0 1 1 1 1 1 0 0 0 0 0 1 1 42 31 1 1 0 0 0 0 0 0 0 1 80 1 1 1 1 0 0 1 15 1 1 0 0 0 55 129 1 1 0 0 0 0 0 19 45 1 69 49 0 0 0 1 1 0 0 1 1 2 6 9 9 2 1 1 1 0 0 1 0 0 0 0 0 0 0 0 0 0 0 0 0 0 0 1 1 1 1 1 1 1 1 0 0 0 0 0 0 0 1 1 1 0 0 0
58 40 27 223 206 1 1 1 1 40 35 5 1 1 1 3 60 1 1 0 0 1 1 1 201 8 1 1 1 55 1 1 1 254 104 56 1 1 1 17 1 2 1 1 1 0 1 1 1 0 0 0 1 37 42 15 1 0 1 1 3 7 1 1 2 1 1 1 1 1 1 1 1 1 1 23 1 1 1 1 0 0 0 1 1 20 4 28 1 1 1 0 0 0 0 1 3 57 1 1 1 1 1 55 128 1 1 1 0 0 0 2 1 1 0 0 1 7 1 0 0 1 1 53 1 1 16 59 53 4 5 0 0 0 0 0 0 0 1 1 8 21 12 22 45 47 6 1 1 1 1 7 1 1 1 24 38 3 16 1 0 0 1 1 1 1 1 1 1 1 145 229 121 10 255 250 3 1 1 1 240 54 1 1 1 1 255 131 1 1 0 1 1 238 239 65 28 1 1 1 0 0 0 0 0 1 1 169 2 1 220 231 1 1 2 1 1 1 1 1 1 3 58 78 79 60 15 1 1 1 1 0 3 1 0 1 0 0 0 1 1 1 0 0 0 0 1 3 3 1 1 1 0 1 1 0 1 56 0 0 1 1 0 1 0 0 0 1 35 155 102 1 1 0 1 1 4 87 34 1 0 0 1 1 0 0 0 0 0 1 1 0 0 0 0 0 0 0 0 0 0 0 0 1 1 0 0 1 1 171 43 0 0 0 0 0 1 1 4 3 1 1 0 0 0 5 18 1 1 1 1 1 1 1 1 0 0 1 1 7 156 2 1 0 1 5 1 1 1 1 1 1 1 0 0 0 0 1 22 0 1 104 74 2 2 1 22 1 2 1 1 1 46 210 114 1 4 1 0 0 1 1 1 1 1 0 99 181 1 0 0 0 0 0 0 0 0 0 6 5 1 1 0 0 0 0 1 1 1 1 1 0 0 0 0 0 72 5 0 0 0 0 0 0 0 0 0 1 82 1 0 1 1 1 0 0 1 16 1 0 0 0 1 156 3 1 0 0 0 0 0 1 6 68 156 1 0 0 1 1 4 9 9 9 9 5 1 1 1 0 0 0 0 0 0 0 0 0 0 0 0 0 0 0 0 0 0 0 0 0 0 0 0 0 0 0 0 0 0 0 0 0 0 0 0 0 0 1 1 1 1 1
1 1 1 152 232 87 1 1 3 10 80 1 1 2 12 5 7 12 1 0 0 1 1 1 173 82 1 1 1 56 1 0 1 254 244 1 1 1 1 18 3 1 1 2 1 1 1 1 1 0 1 25 50 14 8 1 1 1 0 1 1 14 1 1 1 2 1 1 1 1 1 1 1 0 1 23 1 0 1 1 1 1 1 1 1 1 44 18 1 1 1 1 1 1 1 1 63 1 1 1 1 1 1 158 3 1 1 1 0 0 1 2 1 0 0 1 3 2 1 0 0 1 2 45 1 1 1 2 18 65 61 8 1 1 1 0 0 1 1 1 4 19 27 13 1 5 1 1 1 1 1 8 1 1 1 1 1 17 60 4 1 1 1 1 1 1 1 1 1 1 1 10 217 219 255 245 1 1 1 1 245 1 1 1 1 218 253 10 13 14 1 1 241 239 12 1 10 55 61 51 6 1 1 1 0 1 1 160 7 1 1 248 78 1 1 1 1 1 1 0 1 1 1 1 1 1 36 52 56 55 18 1 4 0 0 0 0 0 0 0 0 0 0 0 0 0 1 1 1 1 3 3 1 1 1 1 1 56 0 0 1 1 1 1 0 1 1 118 142 8 1 1 0 0 0 0 0 7 90 24 0 0 0 1 1 0 0 0 1 1 1 0 0 0 0 0 0 0 0 0 0 0 0 0 0 0 1 1 1 185 1 0 0 0 0 1 4 4 1 1 0 1 1 0 0 1 31 2 1 1 1 1 1 1 0 1 1 1 1 14 125 41 1 1 1 4 0 0 1 1 1 1 1 1 1 1 1 1 25 1 1 132 15 0 1 1 28 1 1 1 1 121 213 56 1 0 4 1 1 1 1 1 1 0 0 0 1 146 150 1 0 0 0 0 0 0 0 1 18 1 1 1 1 1 1 0 1 1 0 1 1 1 1 1 0 0 87 1 0 0 0 0 0 1 1 1 1 45 15 0 0 0 1 1 1 0 1 1 15 3 1 0 1 116 76 1 1 0 0 0 0 1 1 16 161 1 1 0 1 4 3 1 0 0 0 0 0 0 0 0 0 0 0 0 0 0 0 0 0 0 0 0 0 0 0 0 0 0 0 0 0 0 0 0 0 0 0 0 0 0 0 1 1 0 0 0 0 1 1 1 1 1
1 0 0 1 204 223 31 8 3 1 8 61 11 6 1 1 1 32 1 0 0 1 1 1 39 190 1 1 1 55 1 1 1 187 254 1 1 2 1 1 20 1 1 1 1 1 1 0 1 26 54 11 1 1 6 1 0 1 1 0 1 1 9 1 0 1 1 1 1 1 1 1 1 1 1 22 1 1 0 1 1 1 1 0 0 1 56 8 1 1 0 0 1 1 1 1 66 0 0 1 1 1 2 158 1 1 1 1 0 0 1 1 1 0 0 1 7 1 1 0 1 1 46 2 0 0 1 9 1 1 1 42 64 29 1 1 1 2 15 18 7 1 1 1 1 1 4 2 1 1 5 1 1 1 1 1 0 0 1 55 31 2 1 1 1 1 0 0 1 1 1 1 1 187 255 255 80 1 1 96 235 1 1 1 1 255 78 2 3 228 185 247 230 1 9 0 0 0 1 1 32 51 43 2 1 1 1 159 5 2 1 80 248 1 1 1 1 0 1 1 1 1 1 1 1 0 1 2 1 1 19 58 75 1 0 0 0 0 0 0 0 0 0 0 0 0 1 1 0 0 1 2 3 2 1 1 1 54 0 1 1 0 1 0 1 35 160 85 1 1 0 0 0 0 0 0 0 0 8 93 28 0 0 0 1 1 1 1 1 1 0 0 0 0 0 0 0 0 0 0 0 0 0 0 0 0 1 0 124 128 0 0 0 1 4 4 1 1 1 0 0 1 1 0 0 0 1 33 1 1 1 1 0 1 1 1 1 1 5 7 21 130 1 0 1 4 0 0 1 0 1 0 0 1 1 0 0 0 25 1 0 145 1 0 0 1 36 2 1 1 169 199 5 1 0 0 4 1 1 1 1 1 1 1 1 0 1 1 177 107 1 0 0 0 0 0 1 17 1 0 1 1 1 1 1 1 1 1 1 0 0 0 1 1 1 1 93 1 0 0 0 0 0 0 0 0 1 85 1 1 0 0 0 1 1 1 1 0 1 10 20 4 1 83 112 0 1 0 0 0 1 1 29 171 5 1 0 0 1 6 1 0 0 0 0 0 0 0 0 0 0 0 0 0 0 0 0 0 0 0 0 0 0 0 0 0 0 0 0 0 0 0 0 0 0 0 0 0 0 0 0 0 1 1 0 0 1 1 1 1 0 1
1 1 1 1 48 225 209 5 1 1 1 75 21 1 1 1 1 29 1 1 1 1 1 1 1 205 1 1 1 42 4 1 1 1 254 70 1 1 1 1 5 8 1 1 2 1 1 30 58 16 1 0 0 0 1 8 1 0 1 1 1 2 8 1 1 1 1 1 2 1 1 1 1 1 1 22 0 1 1 1 1 1 1 1 1 2 49 1 7 1 1 0 0 1 1 38 14 1 1 1 1 1 125 57 1 1 1 0 0 1 2 1 0 0 1 1 4 1 1 1 1 1 53 1 0 0 1 8 1 0 1 1 3 22 64 58 25 12 1 1 1 1 1 2 1 0 1 1 4 4 9 1 1 1 1 1 1 1 8 2 1 26 31 2 1 0 0 1 1 0 1 1 1 116 255 253 255 248 2 238 69 1 1 1 138 255 3 2 250 238 248 211 1 1 8 0 0 0 0 0 1 1 6 92 88 69 42 132 1 10 1 1 232 216 1 1 2 1 1 1 0 1 1 0 1 1 0 2 1 1 0 3 7 60 4 1 0 0 1 0 0 0 0 0 0 0 1 1 1 1 1 1 1 1 34 31 48 48 6 7 6 6 6 6 134 140 3 1 1 1 0 0 0 0 0 0 0 0 0 8 89 44 1 0 0 0 0 0 0 0 0 0 0 0 0 1 1 1 1 2 2 1 0 0 0 0 1 1 185 1 1 1 3 5 1 0 1 1 1 1 1 0 1 1 0 0 1 14 8 1 1 1 0 1 1 1 1 14 5 1 2 145 1 1 1 4 0 0 1 1 1 0 0 1 1 0 0 1 29 1 1 149 1 0 0 1 36 1 1 197 174 1 1 0 0 0 3 1 0 0 1 1 1 1 1 1 1 0 1 197 38 1 0 0 0 1 16 1 1 1 1 1 0 0 0 1 1 1 1 0 0 0 0 0 1 1 95 1 0 0 0 0 0 0 0 0 4 65 1 0 0 0 0 1 1 2 1 0 1 1 1 9 21 66 138 1 1 0 0 1 82 174 160 4 1 0 0 0 1 7 1 0 0 0 0 0 0 0 0 0 0 0 0 0 0 0 0 0 0 0 0 0 0 0 0 0 0 0 0 0 0 0 0 0 0 0 0 0 0 0 0 0 0 0 0 1 1 1 0 0 1 2
1 1 2 21 13 73 228 205 15 1 1 1 93 1 1 0 1 1 25 1 0 1 0 1 1 197 21 1 1 4 41 1 0 1 242 254 1 1 1 1 1 23 1 1 1 41 59 14 1 1 1 1 1 1 1 4 2 0 1 1 1 1 1 2 0 1 1 1 1 1 2 1 1 1 1 22 0 0 1 1 0 1 1 1 1 47 2 0 1 6 1 1 0 1 1 67 1 1 1 1 1 1 162 1 1 1 1 0 0 1 2 1 0 0 1 7 1 1 1 1 1 33 7 0 0 0 8 1 1 1 1 1 3 1 1 3 37 30 3 1 1 1 1 1 1 1 1 1 1 5 11 5 2 1 1 1 1 1 14 1 0 1 4 33 28 1 1 1 1 1 1 1 1 66 255 2 215 255 255 245 1 1 1 1 253 159 1 245 214 1 1 1 1 6 1 0 0 0 0 1 1 11 36 1 1 8 178 33 1 1 6 1 1 248 54 0 1 1 1 1 1 0 1 1 0 1 1 1 3 1 0 20 14 2 47 19 1 0 1 0 0 0 0 0 1 1 1 1 1 1 1 1 1 14 6 1 22 1 1 1 1 1 61 155 52 1 1 1 0 0 0 0 0 0 0 0 0 0 0 0 4 88 73 8 4 1 1 0 0 0 1 2 6 7 7 8 7 6 5 4 4 7 8 7 1 0 1 39 172 1 4 5 1 1 1 0 0 1 1 1 1 1 1 1 0 0 1 1 36 1 1 1 1 1 1 8 12 1 1 1 1 147 1 1 1 4 0 0 1 1 1 0 0 0 1 1 1 1 13 41 9 149 1 1 1 1 33 14 213 130 1 0 0 0 0 0 2 1 1 0 1 1 1 1 1 1 1 0 0 3 200 4 0 0 1 16 2 1 1 0 0 0 0 0 0 1 1 1 1 1 0 0 1 1 1 1 93 1 1 1 1 1 1 1 1 1 80 1 0 0 0 0 1 1 0 1 2 1 1 1 0 0 1 6 153 134 7 1 1 130 142 2 1 0 0 0 0 1 2 6 1 0 0 0 0 0 0 0 0 0 0 0 0 0 0 0 0 0 0 0 0 0 0 0 0 0 0 0 0 0 0 0 0 0 0 0 0 0 0 0 0 0 0 0 0 1 1 0 1 1 2 1
32 17 18 1 1 1 65 225 223 70 1 1 29 62 1 1 1 1 33 1 0 1 1 1 1 50 186 1 1 1 54 1 1 1 1 254 242 1 1 1 1 1 17 40 61 20 2 1 1 1 1 1 1 1 1 1 9 1 1 1 0 1 1 2 1 0 1 1 1 1 1 6 2 1 1 23 1 1 0 1 1 1 1 1 1 57 1 0 0 1 6 1 1 1 6 52 1 1 0 1 1 50 131 1 1 1 1 0 1 2 1 0 0 0 1 6 1 0 0 1 1 56 1 0 1 1 10 1 1 1 0 2 1 1 1 1 1 1 19 32 10 1 1 1 1 0 0 0 1 9 1 1 2 6 4 1 1 3 5 0 0 1 1 1 3 37 24 1 1 1 1 1 1 249 255 1 1 18 255 255 107 1 4 248 250 1 212 246 1 1 1 0 0 8 1 0 0 0 0 1 23 18 1 1 0 1 168 3 5 1 6 1 1 151 246 1 1 1 1 0 1 1 1 1 1 1 1 0 2 1 0 24 1 8 4 26 41 1 1 0 0 0 0 0 0 1 0 0 0 1 1 4 20 2 1 1 28 1 0 1 2 133 122 1 1 1 1 0 0 0 0 0 0 0 0 0 0 0 0 0 0 1 68 77 9 5 7 7 7 7 7 3 1 1 0 0 0 0 0 0 0 0 1 1 5 8 4 157 91 6 1 1 1 1 1 1 1 1 1 1 1 1 0 1 1 0 0 1 9 14 1 1 1 2 15 3 1 1 1 1 1 147 1 1 1 4 0 0 1 1 1 1 1 1 0 0 1 1 8 1 25 160 1 1 1 1 98 224 57 1 0 0 0 0 0 1 2 1 0 0 1 1 1 0 1 1 1 1 1 0 28 198 1 1 15 2 0 0 0 0 0 0 0 0 0 1 1 0 1 1 0 0 1 0 1 1 94 1 0 0 0 0 0 1 1 1 83 1 0 0 1 1 0 0 0 0 1 2 1 1 1 1 0 1 1 88 167 128 29 177 1 1 0 0 0 0 0 1 6 2 0 0 0 0 0 0 0 0 0 0 0 0 0 0 0 0 0 0 0 0 0 0 0 0 0 0 0 0 0 0 0 0 0 0 0 0 0 0 0 0 0 0 0 0 1 1 0 1 2 1 1 0
107 2 1 1 0 1 1 24 206 239 165 2 1 85 7 1 1 1 7 14 1 1 1 0 1 1 205 1 1 1 55 1 1 1 1 23 254 6 1 1 1 25 77 17 1 1 1 2 1 1 0 1 0 1 1 1 3 4 1 0 0 0 1 1 5 1 1 1 1 2 2 1 3 5 1 22 1 1 0 0 1 1 0 1 14 34 0 0 0 0 1 6 1 1 70 1 1 1 1 1 1 156 3 1 1 1 1 1 1 3 1 0 1 1 6 1 1 0 0 1 13 24 1 1 1 6 2 0 1 1 1 4 1 1 1 1 1 1 1 1 9 32 29 1 1 0 0 0 2 4 1 0 1 1 1 6 6 17 1 1 1 2 1 0 1 1 15 51 23 1 1 1 4 255 57 1 1 1 255 238 253 255 255 247 2 89 251 2 1 0 0 0 1 6 1 0 0 0 1 32 8 1 1 1 0 1 168 1 13 1 1 9 1 1 241 190 1 1 1 1 1 1 0 1 1 0 1 2 2 5 1 23 0 0 4 10 8 59 1 0 0 0 0 0 0 1 0 0 1 1 18 9 1 1 1 12 24 1 1 73 151 31 1 0 1 1 0 0 0 0 0 0 0 0 0 0 0 0 0 0 0 0 1 37 90 40 1 0 0 0 0 0 0 0 0 0 0 0 0 0 0 0 0 0 0 0 1 114 151 1 0 1 1 1 1 1 0 0 1 0 1 1 0 0 1 1 1 3 33 3 1 1 11 9 1 1 1 1 1 1 1 147 1 1 1 3 2 1 3 4 4 5 5 3 1 1 1 7 1 1 42 145 1 1 1 146 207 75 1 1 1 0 0 0 1 2 1 1 1 1 1 1 1 0 0 1 1 0 1 1 1 99 186 15 2 0 0 0 0 0 0 0 0 0 0 1 0 0 1 1 1 0 0 0 1 1 95 0 0 0 0 0 0 0 0 42 15 1 1 1 1 0 0 0 1 1 3 16 21 21 21 21 19 5 1 1 1 101 191 178 6 1 0 0 0 0 0 1 7 1 0 0 0 0 0 0 0 0 0 0 0 0 0 0 0 0 0 0 0 0 0 0 0 0 0 0 0 0 0 0 0 0 0 0 0 0 0 0 0 0 0 0 0 1 1 1 0 1 1 1 0 0
98 1 0 0 0 0 1 1 3 145 235 215 50 3 92 1 1 1 1 35 1 1 1 0 1 1 193 30 1 1 55 1 1 1 1 1 254 254 1 21 61 21 1 5 1 1 1 1 3 1 1 1 1 0 0 1 1 12 1 1 0 0 1 0 3 2 1 3 3 1 0 0 1 1 10 22 1 1 1 0 1 1 1 1 58 2 1 0 0 1 1 1 6 2 69 1 1 1 1 1 5 156 1 1 1 1 1 1 2 1 1 1 1 1 7 1 0 0 1 1 52 1 1 0 1 11 1 1 1 1 1 3 1 1 1 1 1 1 1 1 1 1 4 31 30 3 1 1 9 1 1 1 1 0 1 1 1 16 5 2 1 1 1 1 1 2 1 1 13 53 17 1 253 255 1 1 1 154 255 1 1 65 8 1 3 251 69 1 1 0 0 0 6 1 1 1 0 1 32 6 1 1 1 1 0 42 145 1 1 13 0 2 4 1 3 250 8 0 1 1 1 1 1 0 1 1 3 1 1 1 5 23 1 1 0 1 15 2 66 6 1 0 0 0 0 1 0 1 5 22 1 1 1 3 20 2 5 4 138 117 1 1 1 1 1 1 0 0 0 0 0 0 0 0 0 0 0 0 0 0 0 0 0 0 4 77 76 10 1 0 0 0 0 0 0 0 0 0 0 0 0 0 0 0 0 1 1 1 165 159 4 1 1 0 1 1 1 1 1 1 1 0 0 1 1 1 15 16 1 1 7 14 2 1 0 1 1 1 1 1 1 145 1 1 1 1 2 3 1 2 1 1 1 1 3 6 8 2 1 1 153 27 1 1 187 182 1 82 1 1 1 1 1 1 3 1 0 1 1 1 1 1 1 0 0 0 1 0 1 1 1 1 149 174 1 0 0 0 0 0 0 0 0 1 1 1 1 1 1 1 0 0 0 0 1 1 93 1 1 1 1 1 1 1 1 84 1 1 1 0 1 1 1 1 2 16 8 1 1 0 0 0 1 7 18 20 20 12 160 175 199 51 1 0 0 0 0 1 6 1 0 0 0 0 0 0 0 0 0 0 0 0 0 0 0 0 0 0 0 0 0 0 0 0 0 0 0 0 0 0 0 0 0 0 0 0 0 0 0 0 0 0 1 1 1 1 1 2 1 0 0 0
82 8 0 0 0 0 0 1 1 1 64 218 230 146 51 55 1 1 1 13 8 0 1 1 1 5 82 172 1 1 55 1 1 1 1 1 1 254 223 20 1 1 1 2 1 1 1 2 3 8 1 1 1 1 0 0 0 2 6 1 1 1 1 1 1 17 3 1 1 1 1 1 1 1 10 4 6 1 1 1 1 1 1 1 57 1 1 1 1 1 1 0 1 34 46 1 0 0 1 1 140 35 1 1 1 1 1 1 5 1 1 1 1 4 2 1 1 1 1 5 50 2 1 1 3 4 1 1 1 1 5 1 1 1 2 1 1 1 1 1 1 1 1 1 1 23 35 14 8 1 1 0 0 0 0 0 8 1 1 2 9 5 1 1 1 3 1 1 1 1 24 88 255 18 1 1 1 255 186 1 1 1 1 1 247 202 1 1 1 0 0 1 8 1 0 1 1 29 6 1 1 1 1 1 1 142 24 8 1 5 4 0 8 1 1 171 245 1 1 1 1 0 1 1 4 2 1 1 1 1 5 4 0 1 1 1 1 14 1 48 22 1 0 0 0 1 1 18 8 1 0 1 14 9 1 1 95 149 21 1 1 1 1 1 0 0 0 0 0 0 0 0 0 0 0 0 0 0 0 0 0 0 0 0 0 1 39 89 45 1 0 0 0 0 0 0 0 0 0 0 0 0 0 0 1 1 1 1 1 93 188 140 1 1 1 0 1 1 0 0 0 1 1 1 0 1 25 1 2 13 8 1 1 1 1 1 1 1 1 1 1 147 9 4 3 3 3 3 2 1 2 3 3 3 3 2 1 1 1 1 172 1 3 202 142 1 0 8 54 1 1 1 1 2 1 2 2 1 1 1 1 1 1 1 1 1 1 1 1 1 1 8 2 184 116 1 0 0 1 1 1 1 1 2 11 15 2 1 1 2 1 1 1 1 1 1 90 0 0 0 0 1 1 1 3 69 1 1 1 1 4 12 16 16 9 1 1 0 1 0 0 0 0 0 0 1 1 142 17 1 14 186 171 5 1 0 0 1 7 1 0 0 0 0 0 0 0 0 0 0 0 0 0 0 0 0 0 0 0 0 0 0 0 0 0 0 0 0 0 0 0 0 0 0 0 0 0 0 0 0 0 1 1 1 2 2 1 1 0 0 0 0
10 81 1 0 0 0 0 0 1 1 1 8 185 230 212 115 11 1 1 1 35 1 3 6 4 1 2 201 1 1 39 6 1 1 1 1 104 171 254 1 1 1 1 1 5 1 3 1 1 1 7 2 1 1 1 0 0 1 9 1 1 1 1 8 6 1 1 1 0 0 1 1 1 2 5 1 1 7 3 1 1 1 1 34 10 1 1 1 1 1 1 1 1 1 77 8 1 1 1 1 162 1 1 1 1 1 1 1 6 1 1 1 1 9 1 1 1 2 3 62 1 1 3 3 13 1 1 1 0 1 4 1 1 1 1 1 1 1 1 1 1 1 0 0 0 1 1 30 37 20 1 1 0 0 1 1 8 0 0 1 1 1 6 7 4 2 1 1 1 1 1 255 251 1 1 1 58 255 1 1 1 1 1 218 245 1 1 1 1 1 0 1 5 0 0 1 20 10 1 1 1 1 1 1 1 154 1 16 1 1 15 1 1 9 1 1 246 161 1 1 1 1 3 5 1 1 1 0 1 1 8 1 0 0 1 1 1 8 3 1 27 46 1 1 1 1 11 3 0 1 4 18 1 1 7 146 105 1 1 1 1 0 0 0 0 0 0 0 0 0 0 0 0 0 0 0 0 0 0 0 0 0 0 0 0 0 0 3 72 75 4 0 0 0 0 0 0 0 0 0 0 0 0 1 1 1 0 0 1 1 1 125 192 91 1 1 0 1 1 1 1 1 1 1 1 1 27 13 10 1 1 2 0 1 1 0 1 1 1 1 76 131 1 1 1 1 0 0 1 1 1 1 1 1 1 1 2 3 3 5 170 53 212 82 1 0 0 1 37 22 2 2 1 1 0 1 1 2 1 1 1 1 1 1 0 0 0 1 1 1 8 1 1 1 201 38 1 1 6 58 75 77 76 69 41 43 69 75 77 68 63 41 5 1 1 4 80 1 1 1 1 1 1 3 101 23 16 17 16 13 6 1 1 1 0 0 0 0 0 0 0 0 0 0 1 1 128 14 1 1 1 1 98 200 95 1 1 1 7 1 0 0 0 0 0 0 0 0 0 0 0 0 0 0 0 0 0 0 0 0 0 0 0 0 0 1 1 1 1 0 0 0 0 0 0 0 1 1 0 0 1 1 1 2 1 1 1 0 0 0 0 0
1 95 1 0 0 0 0 0 0 1 1 1 1 114 217 228 188 3 1 5 46 22 1 1 0 1 1 201 1 1 3 46 1 1 52 136 14 1 254 254 1 1 1 1 2 23 1 1 0 0 1 5 3 1 1 0 0 0 1 5 1 9 7 1 1 1 1 1 1 1 1 1 1 16 1 0 0 1 2 7 1 1 1 59 1 1 1 1 1 1 0 1 1 1 47 39 6 6 5 56 144 3 4 3 2 2 2 3 16 35 22 22 21 9 6 5 3 2 3 59 1 1 1 2 17 4 1 1 1 4 1 0 1 1 1 0 0 1 1 1 2 1 0 0 1 1 1 7 1 4 33 31 2 1 1 5 1 1 1 1 1 1 1 1 9 7 4 1 1 1 229 255 2 1 1 1 255 240 1 1 1 1 223 247 5 1 1 1 1 1 1 7 1 0 0 5 30 0 1 1 1 1 1 1 1 154 1 1 18 1 1 12 0 3 3 1 8 250 2 1 1 7 2 1 1 0 1 1 0 1 9 1 0 0 1 1 0 1 17 1 1 7 65 1 0 0 24 1 1 16 7 1 1 98 148 11 1 1 1 0 0 0 0 0 0 0 0 0 0 0 0 0 0 0 0 0 0 0 0 0 0 0 0 0 0 0 0 0 1 39 79 5 0 0 0 0 0 0 0 0 0 0 1 1 0 0 0 0 0 0 1 1 1 164 169 1 1 0 0 1 1 1 1 1 1 49 135 131 1 1 1 1 1 1 1 1 3 103 152 152 109 1 0 0 0 0 0 0 0 0 0 1 1 1 0 0 0 1 1 34 189 207 15 1 0 0 0 0 1 52 79 11 12 1 0 1 0 1 3 1 1 1 1 1 1 1 1 1 2 7 1 1 0 0 5 206 72 77 51 4 1 1 1 1 1 1 1 1 1 1 1 6 42 63 64 106 123 58 59 59 58 59 60 50 73 1 1 1 0 0 0 0 0 0 0 0 0 0 0 0 0 0 0 1 1 110 48 1 0 0 1 0 1 1 196 23 1 4 3 0 0 0 0 0 0 0 0 0 0 0 0 0 0 0 0 0 0 0 0 0 0 0 0 1 5 7 6 5 5 1 0 0 0 0 0 1 1 1 1 1 1 1 1 1 1 1 1 0 0 0 0 0
1 88 4 0 0 0 0 0 1 1 1 1 1 1 84 212 221 218 22 1 1 52 1 1 1 1 1 201 2 1 1 56 1 125 119 1 1 1 1 254 63 1 1 2 30 16 39 8 1 0 0 1 6 2 1 1 1 1 1 23 10 1 1 1 0 0 1 1 1 1 1 1 9 1 1 1 1 1 1 1 6 3 4 46 1 1 1 1 1 1 1 1 1 1 89 1 1 1 1 104 96 1 1 1 1 1 1 1 1 16 1 1 1 1 1 1 1 1 45 4 1 0 1 9 1 1 2 4 2 5 1 0 1 2 1 0 0 0 1 1 1 1 1 1 1 0 6 1 0 0 1 1 25 35 10 9 1 1 1 1 1 1 1 1 2 1 1 7 7 62 255 89 1 1 1 5 255 1 1 1 1 245 240 4 1 0 1 1 1 1 1 7 1 0 1 47 1 0 1 1 1 0 1 1 11 132 4 1 5 6 1 7 3 1 9 1 1 204 237 4 7 1 1 1 1 1 1 1 0 1 10 1 0 0 1 1 0 0 2 8 1 1 1 66 8 1 24 5 17 1 1 13 150 95 1 1 1 1 0 0 0 0 0 0 0 0 0 0 0 0 0 0 0 0 0 0 0 0 0 0 0 0 0 0 0 0 0 0 0 0 23 83 2 0 0 0 0 0 0 0 1 1 1 0 0 0 0 0 0 0 0 0 1 1 80 189 26 1 1 1 1 1 1 4 122 89 1 102 69 1 1 1 4 1 43 149 149 83 2 1 1 1 0 0 0 0 0 0 0 0 0 0 0 1 1 1 0 1 1 175 204 2 1 0 0 0 0 0 0 1 24 1 9 1 1 1 1 1 2 1 1 1 1 1 1 1 1 4 4 1 0 0 0 0 1 94 168 1 1 1 1 0 0 0 0 0 1 0 1 1 0 0 1 1 1 103 11 1 1 1 1 1 1 12 7 0 0 0 0 0 0 0 0 0 0 0 0 0 0 0 0 0 1 1 107 20 1 8 1 0 1 1 1 1 165 101 6 6 1 0 0 0 0 0 0 0 0 0 0 0 0 0 0 0 0 0 0 0 0 0 0 1 5 6 1 1 1 0 1 5 1 0 0 0 1 1 1 1 0 0 0 1 1 1 1 0 0 0 0 0 0 0
1 7 83 1 0 0 1 1 1 1 1 2 46 54 15 36 155 218 204 1 1 44 2 1 1 1 1 189 28 1 1 104 155 45 1 1 0 1 1 233 254 2 7 25 1 1 1 25 42 2 1 3 1 1 3 1 0 1 3 18 5 1 1 1 0 0 0 1 1 1 1 2 7 1 1 1 1 1 0 1 1 2 72 2 1 1 1 0 0 1 1 1 1 57 20 1 1 1 1 110 84 1 0 1 0 0 0 1 1 16 1 1 1 0 1 1 1 1 60 1 0 0 1 10 1 0 0 1 6 5 2 1 1 1 0 1 1 0 1 1 1 1 1 1 1 1 8 1 0 0 0 0 1 1 14 26 9 1 1 1 1 0 1 2 1 1 1 1 3 255 240 1 1 1 1 253 253 1 1 15 250 218 1 3 0 0 1 1 0 0 1 6 1 1 38 2 1 1 1 1 1 0 0 0 118 32 3 1 1 19 1 1 15 1 1 8 1 26 249 132 1 1 1 0 1 1 0 1 1 1 10 0 1 1 1 1 1 0 0 14 1 1 1 1 47 64 35 5 1 1 108 143 6 1 1 1 1 1 0 0 0 0 0 0 0 0 0 0 0 0 0 0 0 0 0 0 0 0 0 0 0 0 0 0 0 0 0 0 0 0 0 34 82 1 1 1 1 1 1 1 1 1 0 0 0 0 0 0 0 0 0 0 0 0 1 4 185 127 1 1 1 1 93 124 5 1 1 1 140 3 2 120 147 173 131 2 1 0 1 1 0 1 1 1 0 0 0 0 0 0 0 0 0 0 0 1 1 1 8 232 2 1 0 0 0 0 0 0 0 2 9 5 1 2 1 1 1 1 2 0 1 1 0 1 1 1 6 3 1 0 0 1 1 1 1 1 199 1 0 0 0 0 0 0 0 0 1 0 1 1 0 0 0 0 0 120 1 0 0 0 0 0 0 36 1 0 0 0 0 0 1 0 0 0 0 0 0 0 0 1 1 1 1 107 19 1 0 1 7 1 0 1 1 1 38 187 2 6 1 0 0 0 0 0 0 0 0 0 0 0 0 0 0 0 0 0 0 0 0 1 2 7 1 1 0 0 0 0 0 2 4 0 0 1 1 1 0 0 0 0 0 1 1 1 0 0 0 0 0 0 0 0
1 1 98 1 1 1 1 1 1 10 52 49 3 1 1 1 44 153 231 129 1 1 50 1 1 1 1 65 176 95 150 132 2 1 1 1 1 1 1 1 254 254 19 1 1 1 1 34 8 12 19 2 1 0 1 4 1 1 29 1 3 1 1 1 1 0 1 1 1 1 1 13 1 0 0 1 1 1 1 1 0 1 57 6 3 1 1 0 0 0 1 1 1 89 1 1 1 1 1 114 82 1 0 1 0 0 0 1 1 16 1 1 1 1 1 0 1 28 18 1 0 1 7 1 0 0 0 0 7 1 1 2 6 1 1 1 1 0 1 1 1 1 1 1 1 12 2 1 1 0 0 0 0 1 2 1 2 17 24 2 1 0 1 3 1 1 1 1 253 255 1 1 1 1 1 255 4 1 119 250 153 1 2 1 0 0 1 0 0 1 2 2 1 8 22 0 1 1 1 1 0 0 1 0 142 1 1 5 1 1 18 1 1 10 0 10 92 74 74 248 1 1 1 1 1 1 1 1 1 1 9 0 1 0 0 0 1 0 0 1 15 1 0 1 7 38 16 1 21 150 82 1 1 1 1 1 1 0 0 0 0 0 0 0 0 0 0 0 0 0 0 0 0 0 0 0 0 0 0 0 0 0 0 0 0 0 0 0 0 0 0 1 82 35 1 1 1 1 1 1 1 0 0 0 0 0 0 0 0 0 0 0 0 0 1 1 1 141 195 191 177 139 52 1 1 1 1 1 34 148 144 42 1 124 168 1 0 0 1 0 0 0 1 1 1 0 0 0 0 0 0 0 0 0 0 0 1 1 207 153 1 0 0 0 0 0 0 1 2 6 1 5 1 1 1 1 1 1 2 1 1 0 1 1 1 11 2 1 0 1 1 1 1 1 1 1 108 158 0 0 0 0 0 0 0 0 1 0 1 1 0 0 0 0 1 120 1 1 1 1 1 1 2 26 1 0 0 0 0 0 1 1 0 0 0 0 0 0 1 1 0 1 108 18 1 0 1 1 1 8 0 0 0 1 1 202 1 7 1 0 0 0 0 0 0 0 0 0 0 0 0 0 0 0 0 0 0 0 0 2 2 1 2 2 1 1 2 2 2 1 5 1 1 1 1 0 0 0 1 1 1 2 1 0 0 0 0 0 0 0 0 0
1 1 82 8 1 1 1 7 30 37 1 1 1 1 1 1 10 28 193 235 27 1 23 15 1 1 7 132 236 90 1 1 1 1 1 1 1 0 1 1 1 254 222 1 1 1 1 3 1 1 15 2 2 1 0 1 3 15 12 1 1 5 1 1 1 1 1 1 0 1 11 4 1 0 0 1 0 0 1 1 1 19 20 1 2 6 1 1 0 0 1 1 70 14 1 1 1 1 1 119 76 0 0 1 0 0 0 1 1 16 1 0 1 0 0 1 1 67 1 1 0 1 11 1 0 0 0 1 4 0 1 1 2 2 3 1 1 0 1 1 1 1 1 2 9 1 1 1 1 1 1 1 1 1 2 1 1 1 3 16 22 5 2 1 1 1 1 209 255 9 1 1 1 1 245 255 1 199 250 50 1 1 3 1 0 1 1 0 1 1 6 1 1 46 1 1 1 1 1 1 0 0 1 1 132 6 0 1 3 1 8 4 1 14 62 103 10 1 1 219 221 1 1 1 0 1 1 1 1 7 1 1 1 0 0 0 1 0 0 0 8 2 1 16 3 1 3 130 137 3 1 1 1 0 0 0 1 1 0 0 0 0 0 0 0 0 0 0 0 0 0 0 0 0 0 0 0 0 0 0 0 0 0 0 0 0 0 0 0 0 0 0 3 109 1 0 0 0 0 1 1 1 1 0 0 0 0 0 0 0 0 0 0 0 0 1 1 1 1 3 66 135 139 95 1 1 1 1 1 2 1 1 1 1 198 18 1 1 1 0 0 0 1 1 1 1 1 0 0 0 0 0 0 0 1 1 1 11 232 1 1 1 1 0 0 0 0 1 1 1 2 1 4 1 1 1 1 0 2 1 1 1 1 1 11 1 0 1 1 1 0 1 0 0 0 1 1 199 1 0 0 0 0 0 0 0 1 0 2 1 0 0 0 0 52 59 1 1 1 1 1 1 27 1 0 0 0 0 0 0 0 1 1 0 0 0 0 1 1 0 1 102 20 0 0 0 1 0 0 9 1 1 1 1 1 202 1 9 1 0 0 0 0 0 0 0 0 0 0 0 0 0 0 0 0 0 0 0 1 4 0 2 2 1 2 1 0 1 1 2 4 13 6 1 1 0 0 1 1 1 1 1 0 0 0 0 0 0 0 0 0 0
1 1 5 82 1 12 14 2 1 10 1 0 0 0 1 1 1 41 44 219 215 2 1 54 58 136 128 14 96 170 1 1 1 1 0 0 1 0 1 1 1 53 254 96 1 1 2 1 1 7 2 0 1 2 1 1 1 40 1 0 0 2 1 1 0 0 1 1 1 1 11 1 1 1 1 1 0 0 1 1 1 59 1 0 1 1 5 3 1 1 1 1 96 1 1 1 1 1 1 125 68 0 0 1 0 1 0 0 1 14 1 1 1 0 0 1 12 39 1 1 1 6 3 0 0 0 0 8 1 0 1 2 1 0 1 1 3 2 1 1 0 1 4 4 1 0 0 0 1 1 2 2 1 1 1 1 1 3 1 1 1 9 24 9 1 1 53 255 116 1 1 1 1 1 255 56 245 245 2 1 1 2 1 0 0 1 0 1 1 1 5 1 37 2 1 1 1 1 1 0 0 0 1 1 126 3 1 0 3 1 1 23 2 94 83 1 1 2 1 1 248 56 1 1 1 0 1 1 0 10 1 1 1 0 0 0 1 0 0 0 1 17 10 1 1 37 136 42 2 1 1 1 0 0 0 0 0 1 0 0 0 0 0 0 0 0 0 0 0 0 0 0 0 0 0 0 0 0 0 0 0 0 0 0 0 0 0 0 0 0 0 0 0 65 54 0 0 0 0 0 0 1 1 1 1 0 0 0 0 0 0 0 0 0 0 0 0 1 1 1 1 1 1 60 140 136 58 1 1 1 1 0 0 1 25 196 1 1 0 0 0 0 0 1 1 1 1 1 0 0 0 0 0 0 1 1 1 207 149 1 0 0 1 1 0 0 0 0 1 1 4 1 5 1 1 1 1 0 1 2 1 1 3 9 1 0 0 1 1 0 0 1 1 1 1 1 1 165 94 0 0 0 0 0 0 0 1 0 2 1 0 0 0 1 120 1 0 0 0 0 0 1 33 0 0 0 0 0 0 0 0 1 1 0 0 0 0 1 1 1 73 50 0 0 0 0 1 1 0 8 1 1 0 1 2 202 1 8 0 0 0 0 0 0 0 0 0 0 0 0 0 0 0 0 0 0 0 0 6 1 2 1 1 0 0 1 2 2 1 1 0 1 3 10 3 1 1 1 1 2 1 1 0 0 0 0 0 0 0 0 0 0
1 1 13 85 9 1 1 0 1 8 1 1 0 0 0 1 1 3 33 111 236 147 77 122 121 1 1 1 1 146 117 1 1 1 1 0 1 1 1 1 1 1 206 254 174 2 2 1 1 14 1 1 0 1 1 2 28 5 1 0 0 1 5 1 0 0 0 0 1 18 1 1 1 1 1 1 0 0 1 1 1 55 1 0 0 1 1 1 6 1 1 73 15 1 1 1 1 1 1 126 70 1 1 1 1 1 1 2 5 21 2 2 2 2 2 2 68 1 0 0 1 13 1 1 1 0 1 7 1 0 1 2 1 0 0 1 1 1 3 3 1 5 3 1 0 0 0 0 0 1 0 1 1 9 2 1 1 2 1 1 1 1 1 3 19 78 255 237 1 1 1 1 1 186 255 250 189 1 1 1 3 1 0 0 1 1 1 1 1 2 1 10 18 1 1 1 1 1 1 0 0 0 0 92 43 1 6 1 1 4 1 23 115 3 7 10 1 1 1 1 95 247 1 1 1 1 1 1 1 10 0 1 1 0 0 0 1 1 0 0 0 1 1 1 118 111 1 1 1 1 2 1 0 0 0 0 0 1 1 0 0 0 0 0 0 0 0 0 0 0 0 0 0 0 0 0 0 0 0 0 0 0 0 0 0 0 0 0 0 0 0 0 0 1 110 2 0 0 0 0 0 0 0 0 1 1 1 0 0 0 0 0 0 0 0 0 0 0 0 1 1 1 1 1 1 3 99 140 84 1 1 0 0 0 1 154 138 1 0 0 0 0 0 0 1 1 1 1 0 0 0 0 0 0 1 1 12 232 1 1 0 0 0 1 1 0 0 0 1 1 1 4 3 2 1 0 0 0 2 1 1 9 5 1 0 0 0 0 1 0 0 1 1 0 0 0 1 3 195 1 0 0 0 0 0 0 1 0 2 1 0 0 0 19 89 1 0 0 0 0 0 9 8 0 0 0 0 0 0 0 1 1 1 0 0 0 0 0 1 23 98 1 0 0 0 0 0 1 0 7 1 0 0 1 68 184 3 3 0 0 0 0 0 0 0 0 0 0 0 0 0 0 0 0 0 0 0 1 4 1 2 1 0 1 1 1 1 0 0 0 0 0 0 1 5 4 2 2 1 1 1 0 0 0 0 0 0 0 0 0 0 0
1 15 50 14 1 0 0 0 0 3 1 0 0 0 0 0 1 1 35 5 178 244 68 1 62 1 1 1 1 1 171 99 1 1 1 1 1 1 1 1 1 1 1 145 254 254 5 1 11 1 1 1 0 1 1 1 42 1 1 1 1 0 1 2 1 0 0 0 8 3 0 1 1 1 1 1 1 1 1 1 48 3 1 1 1 1 0 1 1 3 53 94 8 7 7 7 7 6 5 131 86 4 4 4 3 3 2 2 4 12 1 1 1 1 1 2 51 1 0 0 2 6 1 1 1 1 8 1 0 1 2 1 1 1 1 1 1 1 1 1 10 12 2 1 1 1 0 0 0 1 1 1 2 1 2 5 7 1 1 1 1 1 1 1 16 255 247 1 1 1 1 1 1 255 248 7 1 1 1 2 1 0 0 0 1 1 1 1 0 5 1 41 1 1 1 1 1 0 0 0 0 0 0 127 1 0 1 4 1 3 35 4 48 11 1 31 1 1 2 1 1 230 200 1 1 1 0 1 1 9 0 1 0 1 1 1 1 1 0 0 1 1 60 136 26 1 1 0 0 0 1 2 1 0 0 0 0 0 1 1 0 0 0 0 0 0 0 0 0 0 0 0 0 0 0 0 0 0 0 0 0 0 0 0 0 0 0 0 0 0 0 0 0 0 55 64 0 0 0 0 0 0 0 0 0 0 1 1 0 0 0 0 0 0 0 0 0 0 0 0 0 0 0 0 0 0 1 1 79 140 20 1 0 0 1 1 199 11 0 0 0 0 0 0 0 0 0 1 1 1 0 0 0 0 1 1 212 141 1 0 0 0 0 0 1 0 0 0 0 1 1 4 1 5 1 1 0 0 2 1 12 1 1 0 0 0 0 0 1 0 0 0 0 0 0 0 1 1 197 1 0 0 0 0 0 0 1 0 2 1 0 0 1 122 4 2 2 2 2 2 2 32 1 1 0 0 0 0 0 0 1 1 1 1 0 0 0 0 2 123 1 0 0 0 0 0 0 1 0 7 1 0 0 1 173 100 7 1 0 0 0 0 0 0 0 0 0 0 0 0 0 0 0 0 0 0 0 5 1 2 1 1 1 1 1 0 0 0 0 0 0 0 0 0 1 6 2 1 0 0 0 0 0 0 0 0 0 0 0 0 0 0
21 45 1 11 1 0 0 0 0 1 7 1 0 0 0 0 1 1 1 42 27 220 219 1 50 3 1 1 0 1 1 160 182 22 1 1 13 77 63 2 1 1 1 1 2 254 254 242 17 1 1 1 1 1 1 32 2 1 1 1 1 1 1 5 1 0 0 1 15 1 1 1 1 1 1 1 1 1 1 1 64 1 1 1 1 1 0 1 1 1 47 63 1 1 1 1 1 1 1 126 71 1 0 0 1 1 0 1 3 10 1 0 1 1 1 55 2 0 0 1 13 1 1 1 1 1 10 1 1 1 2 1 0 0 1 1 1 1 1 1 13 1 1 4 3 1 1 1 1 1 1 1 4 1 0 1 1 2 2 1 1 1 1 86 255 250 1 1 1 1 1 1 250 245 1 1 0 1 2 1 0 0 0 1 1 1 1 0 1 4 44 1 1 1 1 1 1 1 1 0 0 0 1 128 1 1 1 4 18 20 3 1 1 76 1 1 33 0 1 2 0 2 249 17 1 1 1 0 1 4 1 1 1 1 1 1 0 1 0 1 3 125 100 1 1 1 1 0 0 0 1 1 2 1 0 0 0 0 0 1 0 0 0 0 0 0 0 0 0 0 0 0 0 0 0 0 0 0 0 0 0 0 0 0 0 0 0 0 0 0 0 0 0 0 1 109 4 0 0 0 0 0 0 0 0 0 0 1 0 0 0 0 0 0 0 0 0 0 0 0 0 0 0 0 0 0 0 0 1 1 122 135 7 1 0 1 21 198 1 0 0 0 0 0 0 0 0 0 1 1 1 0 0 0 1 15 232 1 0 0 0 0 0 0 1 0 0 0 0 1 1 3 1 4 1 1 1 1 9 10 1 0 0 0 0 0 0 0 1 1 0 0 0 0 0 0 0 1 147 129 1 0 0 0 0 0 1 0 2 1 0 0 5 112 1 0 0 0 0 0 1 16 0 1 0 0 0 0 0 0 1 1 1 1 0 0 0 1 122 2 0 0 0 0 0 0 0 1 0 7 1 1 1 1 201 6 6 1 0 0 0 0 0 0 0 0 0 0 0 0 0 0 0 0 0 0 0 6 1 2 1 1 1 0 0 0 0 0 0 0 0 0 0 0 0 3 3 1 0 0 0 0 0 0 0 0 0 0 0 0 0 0
38 1 0 5 3 0 0 0 0 0 6 1 0 0 0 0 0 1 1 12 19 104 238 145 2 55 1 1 1 1 1 1 47 194 199 155 137 95 105 149 147 18 1 1 1 1 74 254 254 114 1 1 1 1 3 32 1 0 0 1 2 1 1 1 3 1 1 18 1 1 0 1 1 1 1 0 1 1 1 11 36 1 2 2 1 1 1 1 1 1 52 59 1 1 0 0 0 1 0 122 75 0 0 0 0 1 0 0 4 10 1 1 1 1 1 60 1 1 1 1 12 1 1 1 0 2 3 1 1 3 3 1 1 1 1 0 1 1 1 19 1 1 1 1 1 3 4 1 1 1 1 1 2 0 0 1 1 1 1 2 4 46 255 255 230 1 1 1 1 1 1 240 253 1 1 1 1 2 1 0 0 0 0 1 1 1 0 0 2 33 6 1 1 1 1 1 1 1 1 1 1 1 2 122 0 1 5 39 9 1 1 3 1 7 55 1 13 7 0 2 1 1 140 244 1 1 1 1 4 1 1 1 1 1 0 0 0 1 1 69 133 13 1 1 1 1 1 1 0 0 1 0 1 2 1 0 0 0 0 1 1 0 0 0 0 0 0 0 0 0 0 0 0 0 0 0 0 0 0 0 0 0 0 0 0 0 0 0 0 0 0 0 0 0 0 46 74 1 0 0 0 0 0 0 0 0 0 1 1 1 0 0 0 0 0 0 0 0 0 0 0 0 0 0 0 0 0 0 0 0 1 4 133 133 3 1 1 170 118 1 0 0 0 0 0 0 0 1 1 1 0 0 0 0 1 207 153 1 0 0 0 0 0 0 0 0 0 0 0 1 1 1 3 1 4 1 1 16 4 0 0 0 0 0 0 0 0 0 1 1 0 0 0 0 0 0 0 1 1 198 1 0 0 0 0 0 1 0 2 1 0 1 120 3 1 0 0 0 0 0 17 1 0 1 1 0 0 0 0 0 1 1 1 2 0 0 1 91 31 0 0 0 0 0 0 1 0 1 0 7 2 1 1 1 205 1 3 3 0 0 0 0 0 0 0 0 0 0 0 0 0 0 0 0 0 0 0 6 1 2 1 1 0 0 0 0 0 0 0 0 0 0 0 0 0 3 1 3 0 0 0 0 0 0 0 0 0 0 0 1 1 1
1 0 0 1 9 0 0 0 0 0 1 4 1 0 0 0 0 1 1 1 43 1 184 239 20 61 1 1 1 0 1 1 12 33 19 77 2 1 1 1 5 137 83 1 1 1 1 1 231 254 254 16 1 1 46 1 1 1 0 0 1 1 2 1 5 1 6 6 1 1 1 1 1 0 0 0 0 0 1 61 1 0 1 1 1 1 1 1 1 1 58 54 1 1 0 0 0 1 1 122 77 1 1 1 0 0 0 0 5 9 1 1 1 1 41 6 1 1 1 14 1 1 1 1 1 9 1 1 1 3 1 2 2 1 1 1 1 1 7 5 1 1 1 1 1 1 1 2 4 2 1 3 1 1 1 1 1 1 2 21 250 255 255 18 1 1 1 1 1 1 204 255 1 1 1 1 2 1 0 0 0 0 0 1 1 1 1 1 27 16 1 1 1 1 1 1 1 1 0 1 1 1 115 36 1 10 30 1 1 2 0 2 1 0 58 6 1 37 1 1 2 1 1 240 173 1 1 4 1 1 1 0 0 0 0 0 1 5 129 90 1 1 1 0 0 0 0 1 0 0 1 0 0 1 1 1 0 0 0 0 1 0 0 0 0 0 0 0 0 0 0 0 0 0 0 0 0 0 0 0 0 0 0 0 0 0 0 0 0 0 0 0 0 0 0 1 105 7 0 0 0 0 0 0 0 0 0 0 1 1 1 1 1 1 1 1 1 1 0 0 0 0 0 0 0 0 0 0 0 0 0 1 1 7 137 77 1 1 205 1 0 0 0 0 0 0 0 1 0 0 0 0 0 0 1 233 9 1 0 0 0 0 0 0 0 0 0 0 0 0 1 1 4 1 5 6 15 1 0 0 0 0 0 0 0 0 0 0 0 1 0 0 0 0 0 0 0 0 1 200 1 0 0 0 0 0 1 1 2 1 0 1 128 1 0 0 0 0 0 1 21 0 0 0 1 1 0 0 1 1 1 1 0 3 1 0 15 106 0 0 0 0 0 0 0 1 0 1 1 6 1 0 1 1 205 1 1 9 0 0 0 0 0 0 0 0 0 0 0 0 0 0 0 0 0 0 0 6 2 1 1 1 0 0 0 0 0 0 0 0 0 0 0 0 0 3 1 3 2 0 0 0 0 0 0 0 0 1 1 1 1 1
1 0 0 1 13 1 0 0 0 1 1 5 1 0 0 0 0 0 1 1 2 53 55 218 213 6 45 1 1 1 11 22 16 1 1 3 62 1 1 1 1 1 152 1 1 1 1 1 1 2 254 254 252 21 28 1 1 1 1 1 1 1 1 1 2 8 21 1 1 1 1 1 1 1 1 0 1 1 1 60 1 0 0 0 1 0 1 1 1 1 70 47 1 1 1 1 1 1 0 128 69 0 0 1 1 1 1 1 6 9 1 1 1 1 62 1 1 1 1 15 1 1 1 1 1 7 1 0 1 2 0 1 1 1 2 1 1 1 12 1 1 1 1 1 1 1 1 1 1 1 4 6 1 1 1 14 138 253 255 255 255 56 1 1 1 1 1 1 1 113 255 7 1 1 2 1 1 1 1 0 0 0 1 1 1 1 2 13 33 1 1 1 1 1 1 0 1 1 1 1 5 74 93 50 17 2 3 2 0 2 1 1 3 1 1 77 1 2 30 0 1 2 0 4 249 8 3 1 0 1 0 0 0 0 0 1 83 131 7 1 0 0 0 0 0 0 1 1 0 0 1 0 0 1 1 1 1 0 0 0 0 0 0 0 0 0 0 0 0 0 0 0 0 0 0 0 0 0 0 0 0 0 0 0 0 0 0 0 0 0 0 0 0 0 0 0 37 83 1 0 0 0 0 0 0 0 0 0 0 0 0 0 0 0 0 0 0 1 1 0 0 0 0 0 0 0 0 0 0 0 0 0 0 1 1 85 134 2 113 172 1 1 1 1 0 0 0 1 1 1 0 0 0 0 1 233 10 0 0 0 0 0 0 0 0 0 1 0 0 0 0 1 5 6 45 5 1 0 0 0 0 0 0 0 0 0 0 0 0 1 0 0 0 0 0 0 0 0 1 178 65 0 0 0 0 0 0 0 1 2 2 92 52 2 1 0 0 0 1 5 7 0 0 0 0 1 0 0 1 1 1 0 0 1 4 1 128 1 0 0 0 0 0 0 0 1 0 0 0 4 3 1 1 3 203 1 0 9 0 0 0 0 0 0 0 0 0 0 0 0 0 0 0 0 0 0 0 6 2 1 1 0 0 0 0 0 0 0 0 0 0 0 0 0 0 3 1 1 4 1 0 0 0 0 1 1 1 1 1 24 248 253
0 0 0 1 13 1 0 0 0 1 1 4 1 0 0 0 0 0 1 1 1 57 2 108 245 88 61 1 15 21 3 1 3 1 1 1 71 1 1 1 1 1 150 2 1 1 1 1 1 1 1 17 254 254 248 3 1 1 1 1 1 1 1 1 1 43 14 10 10 10 8 4 1 1 1 1 1 1 42 8 1 1 0 0 1 0 0 1 0 1 67 51 1 1 1 0 1 1 1 135 57 0 0 0 0 1 1 1 8 7 1 1 1 24 23 1 1 1 10 2 0 2 1 1 10 1 0 1 4 1 1 1 1 1 1 5 4 18 1 0 0 0 1 1 1 1 1 1 1 1 1 1 13 255 255 255 255 255 200 15 1 1 1 1 1 1 1 1 20 255 87 1 1 2 1 0 1 1 0 0 0 0 1 1 1 1 4 33 1 1 1 1 1 1 1 0 1 0 1 31 56 1 69 78 1 1 1 6 1 1 2 1 1 2 1 13 46 1 20 4 0 2 1 1 174 240 1 0 0 1 0 0 0 1 10 132 77 1 1 0 0 0 0 0 0 0 1 1 0 0 1 1 1 1 1 1 1 0 0 0 0 0 0 0 0 0 0 0 0 0 0 0 0 0 0 0 0 0 0 0 0 0 0 0 0 0 0 0 0 0 0 0 0 0 0 0 1 100 13 0 0 0 0 0 0 0 0 0 0 0 0 0 0 0 0 0 0 0 1 1 1 0 0 0 0 0 0 0 0 0 0 0 0 0 0 1 7 138 57 199 13 1 1 116 192 86 1 1 1 0 0 0 0 1 1 232 20 0 0 0 0 0 0 0 0 0 1 1 0 0 1 1 67 21 1 0 0 0 0 0 0 0 0 0 0 0 0 0 0 1 0 0 0 0 0 0 0 0 1 6 196 1 0 0 0 0 0 0 0 1 1 138 1 1 2 3 2 1 3 19 1 1 1 1 1 1 1 1 1 0 0 0 0 0 4 101 18 1 0 0 0 1 1 0 1 1 3 4 5 4 1 1 1 68 188 1 0 9 0 0 0 0 0 0 0 0 0 0 0 0 0 0 0 0 0 0 0 5 3 1 1 0 0 0 0 0 0 0 0 0 0 0 0 0 0 3 1 0 1 3 0 1 1 1 1 1 1 227 253 253 214 6
0 0 0 1 13 1 1 0 0 1 0 1 4 1 0 0 1 1 1 1 1 1 62 1 181 238 105 43 6 2 1 1 1 4 1 1 34 24 1 1 1 1 47 120 1 1 1 1 1 1 1 1 1 91 254 254 254 28 1 1 1 1 1 1 9 10 1 1 1 1 1 2 6 8 10 11 11 11 90 15 7 2 1 1 1 1 1 1 1 1 66 55 1 1 1 1 1 1 1 142 49 1 2 3 3 3 3 3 18 8 1 1 1 61 1 0 1 1 17 1 1 3 1 1 8 1 1 1 4 1 1 0 1 0 1 3 2 3 1 1 1 1 1 1 1 1 1 1 1 1 1 14 255 255 111 16 2 1 1 1 1 1 1 1 1 1 1 2 255 186 1 1 2 1 0 0 1 1 0 0 1 1 1 1 1 8 21 1 1 1 1 1 1 1 1 0 1 1 61 21 10 68 2 46 1 1 1 1 4 0 1 1 1 2 1 0 67 3 1 38 1 1 2 1 1 246 136 1 1 1 0 1 1 94 126 4 1 0 0 0 0 0 0 0 0 0 1 0 0 0 1 1 1 1 1 1 0 0 0 0 0 0 1 1 0 0 0 0 0 0 0 0 0 0 0 0 0 0 0 0 0 0 0 0 0 0 0 0 0 0 0 0 0 0 0 0 0 26 90 1 0 0 0 0 0 0 0 0 0 0 0 0 0 0 0 0 0 0 0 0 1 1 0 0 0 0 0 0 0 0 0 0 0 0 0 0 1 1 100 158 225 192 209 182 87 195 136 1 1 1 1 1 1 1 1 230 37 0 0 0 0 0 0 0 0 0 0 1 1 1 41 69 2 1 0 0 0 0 0 0 0 0 0 0 0 0 0 0 0 1 1 0 0 0 0 0 1 1 1 1 200 1 0 0 0 0 0 0 0 0 1 139 1 0 1 2 2 3 1 7 1 1 1 1 1 1 1 1 1 1 0 0 0 0 27 98 1 0 0 1 1 2 4 4 4 3 1 0 0 0 1 1 1 175 106 1 0 9 1 0 0 0 0 0 0 0 0 0 0 0 0 0 0 0 0 1 1 4 4 1 1 0 0 0 0 0 0 0 0 0 0 0 0 0 0 3 1 0 1 4 1 1 1 1 146 252 253 245 73 1 1 1
1 0 0 1 12 1 0 0 1 1 0 1 5 1 1 1 1 1 1 1 1 1 33 22 27 213 233 2 1 4 1 1 1 2 1 1 1 67 0 1 0 1 1 155 1 1 0 1 1 1 1 1 1 1 1 9 254 254 254 225 10 1 1 1 33 1 1 1 1 1 1 0 0 0 1 1 1 8 65 2 7 18 20 22 23 23 23 22 19 9 77 55 2 3 4 5 5 5 4 154 45 1 1 1 1 0 0 1 9 5 1 1 6 41 1 0 0 7 4 1 2 1 1 6 1 1 1 4 1 1 1 0 1 1 3 1 7 1 1 1 1 1 1 1 1 1 1 1 1 1 92 255 253 3 1 1 1 1 1 1 1 1 1 1 1 1 1 253 235 1 1 2 1 0 0 1 1 1 0 1 1 2 2 1 20 12 1 1 1 1 1 1 1 1 1 1 1 67 2 37 42 1 0 7 25 1 1 1 3 1 0 2 1 1 3 1 1 77 1 3 24 0 1 1 1 15 249 2 1 1 1 17 133 63 1 1 0 0 0 0 0 0 0 0 0 0 1 0 0 1 1 1 1 1 1 0 0 0 0 0 0 0 0 1 0 0 0 0 0 0 0 0 0 0 0 0 0 0 0 0 0 0 0 0 0 0 0 0 0 0 0 0 0 0 0 0 0 0 93 21 0 0 0 0 0 0 0 0 0 0 0 0 0 0 0 0 0 0 0 0 0 1 1 0 0 0 0 0 0 0 0 0 0 0 0 0 0 1 1 1 116 184 1 1 1 1 201 23 1 1 2 5 45 120 180 233 20 1 1 0 0 0 0 0 0 0 1 1 11 77 11 1 0 0 0 0 0 0 0 0 0 0 0 0 0 0 0 0 0 1 1 0 0 0 0 1 0 1 0 1 200 1 0 0 0 0 0 0 0 0 6 127 0 0 1 2 0 0 5 1 0 0 0 0 0 0 0 1 0 1 0 0 0 1 126 1 1 1 4 4 4 1 1 1 0 1 0 0 1 1 1 1 1 203 9 1 0 4 2 0 0 0 0 0 0 0 0 0 0 0 0 0 0 1 1 1 1 2 5 2 1 0 0 0 0 0 0 0 0 0 0 0 0 0 1 3 1 1 1 1 4 12 245 253 252 167 1 1 0 0 0 0
0 0 0 1 7 1 1 1 1 0 0 1 4 1 1 1 0 0 0 1 1 3 2 52 1 105 236 176 1 1 4 1 1 1 4 5 60 11 0 1 1 0 1 115 56 1 0 0 1 1 1 1 1 1 1 1 1 2 218 254 254 254 255 118 4 1 1 1 1 1 1 1 1 1 1 1 1 81 1 1 0 1 1 1 1 1 1 1 1 4 111 57 2 1 1 1 1 1 1 152 28 1 1 0 0 1 1 1 11 4 1 1 59 1 1 1 1 20 1 1 4 1 1 8 1 1 1 4 1 1 1 1 1 1 4 1 5 1 0 1 1 1 1 1 1 1 1 1 1 183 255 234 1 1 1 1 1 1 1 1 1 1 1 1 1 1 248 250 1 1 2 1 0 0 1 1 1 1 1 1 1 1 2 33 4 1 1 1 1 1 1 1 0 1 1 1 64 1 47 12 1 1 0 1 50 1 1 1 1 5 1 1 2 1 1 2 1 27 32 1 26 3 1 2 1 1 201 231 1 1 102 122 2 1 1 0 0 0 0 0 0 0 0 0 0 0 1 1 1 2 1 1 1 1 1 0 0 0 0 0 0 0 0 1 0 0 0 0 0 0 0 0 0 0 0 0 0 0 0 0 0 0 0 0 0 0 0 0 0 0 0 0 0 0 0 0 0 0 13 99 1 0 0 0 0 0 0 0 0 0 0 0 0 0 0 0 0 0 0 0 0 1 1 0 0 0 0 0 0 0 0 0 0 0 0 0 0 0 1 0 1 187 1 1 0 1 76 235 232 232 232 232 227 213 189 140 142 142 130 28 1 1 1 1 1 1 3 99 100 13 4 1 1 1 1 1 1 1 0 0 0 0 0 0 0 0 0 0 0 0 1 0 0 0 0 0 1 1 0 1 183 48 1 1 1 1 1 1 1 1 112 24 0 1 1 2 0 0 8 0 0 0 0 0 0 0 0 1 1 1 0 0 1 103 14 3 4 9 1 1 0 0 0 1 0 1 1 0 1 1 0 0 1 207 2 1 0 1 7 0 0 0 0 0 0 0 0 0 0 0 0 0 1 1 1 1 0 1 5 3 1 0 0 0 0 0 0 0 0 0 0 0 0 1 3 1 2 2 7 218 252 253 224 16 1 0 0 0 0 0 0 0
1 1 1 1 1 10 1 1 1 1 1 1 1 5 1 0 0 1 1 3 2 1 1 2 45 1 179 241 62 1 1 2 1 1 2 81 1 1 1 0 1 0 1 1 155 1 1 0 0 1 1 1 1 1 1 1 1 1 1 1 2 111 255 255 255 255 141 1 1 1 1 1 1 1 1 1 1 89 1 1 1 1 1 1 1 1 1 1 1 1 105 50 1 1 1 1 1 1 1 142 45 1 1 1 1 1 1 1 15 3 1 2 57 1 1 1 4 10 1 2 2 1 3 2 1 1 2 1 1 1 1 1 1 1 4 5 1 1 1 1 1 1 1 1 1 1 2 3 242 255 148 1 1 1 1 1 1 1 1 1 0 1 1 1 1 227 253 1 1 1 1 0 0 0 1 1 1 1 1 1 1 10 30 1 1 1 1 1 0 1 0 1 0 1 1 49 5 28 5 2 1 1 1 0 39 2 1 1 0 1 3 0 1 1 1 2 1 1 76 1 1 40 1 1 2 1 3 249 128 140 54 1 1 0 0 0 0 0 0 0 0 0 0 0 1 1 1 2 1 1 1 1 1 1 1 1 0 0 0 0 0 0 0 1 1 0 0 0 0 0 0 0 0 0 0 0 0 0 0 0 0 0 0 0 0 0 0 0 0 0 0 0 0 0 0 0 0 0 0 79 42 0 0 0 0 0 0 0 0 0 0 0 0 0 0 0 0 0 0 0 0 0 1 1 0 0 0 0 0 0 0 0 0 0 0 0 0 0 0 0 1 187 1 1 32 188 193 22 2 1 1 1 1 0 0 1 1 1 6 135 135 101 100 90 89 99 90 3 2 8 21 32 38 40 40 39 38 33 27 8 1 1 0 0 0 0 0 0 0 0 1 1 0 0 0 0 1 1 0 0 32 189 1 2 10 37 88 128 153 165 166 1 1 1 0 2 0 2 4 0 0 0 0 0 0 0 0 0 1 1 1 1 30 103 3 1 1 6 0 0 0 0 1 1 0 0 1 1 1 1 1 0 1 207 1 1 0 1 9 0 0 0 0 0 0 0 0 0 0 0 0 0 0 1 1 0 0 1 5 2 1 1 1 0 0 0 0 0 0 0 0 1 1 4 5 5 137 250 253 247 103 1 0 0 0 0 0 0 0 0 0 0
0 0 0 0 1 12 1 1 1 1 1 0 1 5 1 1 1 3 2 1 1 1 1 1 37 5 21 212 233 2 1 3 1 1 1 65 2 1 1 0 1 0 0 1 41 128 1 1 0 0 1 1 0 0 0 1 1 1 1 1 1 1 1 1 7 248 255 255 255 17 1 1 1 1 1 1 48 32 1 1 1 1 1 1 1 1 1 1 1 1 101 60 1 1 1 1 1 1 1 119 86 1 1 1 1 1 2 5 56 67 100 168 156 133 113 81 81 13 3 9 1 1 10 1 1 1 5 1 1 1 1 1 1 1 4 7 1 1 1 1 1 1 1 1 1 1 16 255 255 53 1 1 1 1 1 1 1 1 1 1 1 1 1 1 164 255 2 1 1 1 0 0 1 1 1 1 1 1 1 1 23 14 1 1 1 1 1 1 1 1 1 1 0 1 25 21 16 7 1 3 1 1 1 0 1 44 0 1 1 1 3 1 1 2 1 1 3 1 1 73 1 5 18 1 1 1 27 249 143 2 2 1 0 0 0 0 0 0 0 0 0 0 1 1 1 2 1 1 1 1 1 1 0 1 1 1 1 1 0 0 0 0 0 0 1 0 0 0 0 0 0 0 0 0 0 0 0 0 0 0 0 0 0 0 0 0 0 0 0 0 0 0 0 0 0 0 0 0 0 1 97 10 0 0 0 0 0 0 0 0 0 0 0 0 0 0 0 0 0 0 0 0 0 1 1 0 0 0 0 0 0 0 0 0 0 0 0 0 0 0 1 111 170 185 180 12 23 1 0 1 0 1 1 0 0 0 0 0 1 2 126 1 1 3 3 1 1 1 0 0 0 0 0 0 0 0 1 1 1 7 24 32 27 26 22 4 1 1 0 0 1 1 0 0 0 0 0 1 0 1 1 203 192 190 183 171 155 131 97 61 212 1 1 1 1 2 1 8 1 0 0 0 0 0 0 0 0 0 0 1 1 3 126 1 0 0 0 6 1 1 1 1 1 1 1 0 1 0 0 0 1 1 2 206 1 0 1 1 9 0 0 0 0 0 0 0 0 0 0 0 0 0 0 1 1 1 1 0 11 9 9 7 6 2 1 0 0 0 0 1 1 3 6 5 242 253 252 178 2 0 0 0 0 0 0 0 0 0 0 0 0 0
0 1 1 1 1 3 4 1 1 1 1 0 0 1 7 2 1 0 1 1 1 1 1 1 1 53 1 94 233 189 1 1 8 1 1 1 69 1 1 0 1 1 0 1 1 132 46 1 0 0 0 1 1 1 0 0 0 1 1 1 1 1 1 1 1 1 1 41 255 255 255 104 2 1 1 1 94 1 1 1 1 1 1 1 1 1 1 1 1 1 102 62 1 1 1 1 1 1 4 218 243 213 155 246 255 255 255 255 255 255 255 255 255 255 255 255 255 255 255 255 255 255 252 214 122 58 28 6 3 2 1 1 1 2 3 8 1 1 1 1 1 1 1 1 4 121 255 255 5 1 1 1 1 1 1 1 1 1 1 1 1 1 1 66 255 43 1 1 1 1 1 1 1 1 1 1 1 1 1 2 19 6 1 1 1 1 1 1 1 0 0 1 1 11 37 7 15 1 0 2 1 1 1 1 1 50 1 1 1 1 1 5 1 1 2 1 1 2 0 36 23 1 33 1 1 192 249 132 1 1 1 2 0 0 0 1 1 1 0 1 1 1 1 2 1 1 0 1 1 1 0 0 0 0 0 1 1 1 1 0 0 0 0 0 1 0 0 0 0 0 0 0 0 0 0 0 0 0 0 0 0 0 0 0 0 0 0 0 0 0 0 0 0 0 0 0 0 0 0 0 12 87 6 0 0 0 0 0 0 0 0 0 0 0 0 0 0 0 0 0 0 0 0 0 1 1 0 0 0 0 0 0 0 0 0 0 0 0 0 1 1 1 231 58 1 1 22 1 1 1 1 1 1 0 0 0 0 0 1 1 139 1 0 0 0 1 1 0 0 0 0 0 0 0 0 0 0 0 0 0 0 1 1 1 1 11 25 25 24 19 4 1 0 0 0 1 3 64 102 106 107 117 1 1 1 1 1 1 1 1 212 3 4 4 4 12 8 3 1 1 0 0 0 1 1 1 0 0 0 1 2 126 2 0 0 0 0 6 1 1 1 0 0 1 1 0 1 0 0 0 0 1 15 202 1 0 1 1 9 1 0 0 0 0 0 0 0 0 0 0 0 0 0 1 1 1 1 0 4 5 1 1 1 3 5 6 6 5 4 7 7 20 248 253 232 21 0 0 0 0 0 0 0 0 0 0 0 0 0 0 0 0
1 1 1 1 1 1 12 1 1 0 1 0 0 3 3 1 0 0 1 0 1 1 1 1 1 46 2 1 169 242 84 1 2 3 1 1 40 19 1 0 0 1 0 0 1 1 159 1 1 0 0 0 1 1 1 1 0 0 0 0 1 1 1 1 1 1 1 1 1 3 252 255 255 255 232 128 122 7 3 2 2 3 1 1 1 1 1 1 1 1 112 69 9 38 120 232 255 255 255 255 255 255 255 255 246 67 14 5 2 1 1 1 2 1 2 2 2 5 14 43 134 247 255 255 255 255 255 255 255 255 255 255 244 193 140 147 136 123 112 106 110 103 82 160 255 255 234 1 1 1 1 1 1 1 1 1 1 1 1 1 1 1 7 255 154 1 1 1 0 1 1 1 1 1 1 1 1 1 2 1 1 18 12 1 1 1 1 1 1 0 0 1 3 51 2 27 1 1 0 1 2 0 1 1 0 17 12 0 1 1 0 1 2 0 1 1 0 3 1 1 73 1 1 65 247 241 3 1 1 1 0 1 1 1 1 2 2 2 1 1 1 2 1 1 0 1 1 1 0 0 0 0 0 0 0 0 0 1 1 1 1 0 0 0 1 1 0 0 0 0 0 0 0 0 0 0 0 0 0 0 0 0 0 0 0 0 0 0 0 0 0 0 0 0 0 0 0 0 0 0 0 22 82 11 0 0 0 0 0 0 0 0 0 0 0 0 0 0 0 0 0 0 0 0 0 1 1 1 1 1 0 0 0 0 0 0 0 0 0 0 1 1 232 4 1 1 29 1 1 1 1 1 1 0 0 0 0 1 1 44 87 18 1 0 1 1 0 0 0 0 0 0 0 0 0 0 0 0 0 0 0 1 1 1 1 1 1 0 1 1 22 59 59 69 92 99 89 16 1 1 1 64 1 0 0 0 0 1 1 48 209 1 0 0 0 4 1 1 1 1 1 1 1 1 1 0 0 1 1 3 127 3 0 0 0 0 0 3 2 0 1 0 0 1 1 0 1 0 0 0 1 1 132 163 1 1 1 0 9 1 0 0 0 0 0 0 0 0 0 0 0 0 0 1 1 1 0 0 1 13 1 1 1 1 1 1 1 2 2 1 238 253 207 1 0 0 0 0 0 0 0 0 0 0 0 0 0 0 0 0 0 0
1 1 1 1 1 1 8 1 0 0 1 0 0 6 1 1 1 1 1 1 1 0 1 1 1 1 48 1 15 209 233 3 1 3 1 1 1 73 1 0 0 1 0 0 0 1 49 127 1 1 0 0 0 0 1 1 1 1 1 0 1 1 1 1 1 1 1 1 1 1 1 2 26 252 255 255 255 255 255 255 255 255 255 255 255 255 255 255 255 255 255 255 255 255 255 255 255 215 35 90 252 1 1 1 1 1 1 1 1 1 1 1 1 1 1 1 1 1 1 1 1 1 1 1 1 3 7 21 63 152 244 255 255 255 255 255 255 255 255 255 255 255 255 255 253 16 1 1 1 1 1 1 0 0 1 1 1 1 1 1 1 2 253 222 1 1 1 0 0 1 1 1 1 1 1 2 1 1 1 0 1 1 8 18 1 1 1 1 0 0 0 1 61 1 31 1 0 1 1 0 3 1 0 1 0 1 49 0 1 1 1 1 5 1 1 2 1 1 3 1 3 60 184 250 150 1 1 1 1 1 1 1 2 2 1 1 0 1 1 1 1 1 0 0 1 1 1 0 0 0 0 0 0 0 0 0 0 0 0 1 1 0 0 0 0 1 0 0 0 0 0 0 0 0 0 0 0 0 0 0 0 0 0 0 0 0 0 0 0 0 0 0 0 0 0 0 0 0 0 0 0 0 19 86 28 1 0 0 0 0 0 0 0 0 0 0 0 0 0 0 0 0 0 0 0 0 0 1 1 1 1 1 0 0 0 0 0 0 0 0 1 1 235 2 13 21 6 1 1 1 1 0 0 0 0 0 1 19 101 86 1 16 7 1 1 1 0 0 0 0 0 0 0 0 0 0 0 0 0 0 0 1 1 1 0 1 3 3 1 1 10 0 1 41 1 1 0 1 0 0 1 63 1 1 1 1 1 14 165 191 129 68 1 0 1 4 0 0 0 0 0 0 0 0 0 1 1 1 43 132 2 1 0 0 0 0 0 1 7 0 1 1 1 1 1 0 1 0 0 0 1 1 193 61 1 1 1 0 9 1 0 0 0 0 0 0 0 0 0 0 0 0 0 1 1 2 1 1 0 7 1 1 1 1 1 1 1 1 185 252 236 4 0 0 0 0 0 0 0 0 0 0 0 0 0 0 0 0 0 0 0 0
0 0 1 1 1 1 1 9 1 0 0 0 0 6 0 1 1 0 0 0 0 0 1 1 1 1 52 1 1 91 232 198 1 1 3 1 1 13 55 1 0 1 0 0 0 1 1 137 32 1 0 0 0 0 0 1 0 1 1 1 1 1 0 0 0 0 1 1 1 1 1 1 1 1 1 1 2 2 3 4 5 6 8 10 12 14 15 17 13 8 6 3 2 1 1 1 1 1 1 80 252 1 1 1 1 1 1 1 1 1 1 1 1 1 0 0 0 1 1 1 1 1 1 1 1 1 1 1 1 1 1 1 1 1 2 2 2 2 2 2 2 3 3 2 1 1 1 1 1 1 0 0 0 0 0 1 1 1 1 1 3 250 245 1 1 1 1 1 1 1 1 1 1 0 1 1 1 1 0 1 1 1 0 5 24 1 1 1 0 0 1 60 1 17 1 2 0 1 1 0 1 1 0 1 1 0 45 1 0 1 1 0 1 6 0 1 1 1 1 1 6 187 252 9 1 1 1 0 1 1 1 1 1 1 0 0 0 0 0 0 0 0 0 1 1 0 0 0 0 0 0 0 0 0 0 0 0 0 0 0 1 0 0 0 0 1 0 0 0 0 0 0 0 0 0 0 0 0 0 0 0 0 0 0 0 0 0 0 0 0 0 0 0 0 0 0 0 0 0 0 0 0 0 7 85 50 1 0 0 0 0 0 0 0 0 0 0 0 0 0 0 0 0 0 0 0 0 0 0 0 0 0 0 0 0 0 0 0 0 0 1 1 235 23 5 1 1 0 1 1 1 0 0 0 1 1 50 116 3 1 0 1 21 5 1 1 0 0 0 0 0 0 0 0 0 0 0 0 0 0 1 1 1 1 1 2 1 1 3 13 1 0 0 45 1 1 1 1 1 1 1 63 0 0 0 1 195 193 97 1 1 45 104 1 1 3 0 0 0 0 0 0 0 1 1 12 128 151 110 1 0 1 1 0 0 0 0 1 8 0 0 0 0 0 1 0 1 1 1 0 1 1 205 6 1 1 0 0 9 1 0 0 0 0 0 0 0 0 0 0 0 0 1 1 1 1 2 1 1 2 4 1 1 1 1 1 48 250 250 63 0 0 0 0 0 0 0 0 0 0 0 0 0 0 0 0 0 0 0 0 0 0
0 1 1 1 1 1 1 12 1 0 0 0 1 5 0 1 1 1 0 0 0 0 0 1 1 1 38 3 1 4 169 241 91 1 1 2 1 1 80 1 0 1 0 1 1 1 1 1 159 1 1 0 0 0 1 1 0 0 0 1 1 1 1 1 1 0 0 0 0 1 1 1 1 1 1 1 1 1 1 1 1 1 1 1 1 1 1 1 1 1 1 1 1 1 1 1 1 1 1 103 252 1 1 1 1 1 1 1 1 1 1 0 0 0 0 0 0 0 1 1 1 1 1 1 1 1 1 1 1 1 1 1 1 1 1 1 1 1 1 1 1 1 1 1 1 1 1 1 1 1 1 0 0 0 1 1 1 1 1 169 253 247 1 1 1 0 0 1 1 1 1 1 0 1 2 1 2 1 1 1 1 0 1 1 2 40 1 1 1 1 47 5 10 3 0 2 1 0 1 0 1 3 0 1 1 1 5 36 1 1 1 1 0 2 2 0 1 1 1 106 153 80 253 5 1 1 1 0 0 0 0 1 0 0 0 0 0 0 0 0 0 1 1 1 0 0 0 0 0 0 0 0 0 0 0 0 0 0 0 0 1 0 0 0 1 1 0 0 0 0 0 0 0 0 0 0 0 0 0 0 0 0 0 0 0 0 0 0 0 0 0 0 0 0 0 0 0 0 0 0 0 0 0 0 1 74 68 2 0 0 0 0 0 0 0 0 0 0 0 0 0 0 0 0 0 0 0 0 0 0 0 0 0 0 0 0 0 0 0 0 0 1 238 2 0 0 1 1 1 1 0 0 1 12 22 21 9 113 1 1 1 0 1 21 6 1 1 1 0 0 0 0 0 0 0 0 0 0 0 0 1 1 2 2 0 0 1 1 3 1 0 1 1 46 1 0 0 0 0 0 1 62 1 0 1 11 195 2 1 0 0 1 25 140 8 3 0 1 0 1 1 12 116 141 141 123 25 4 2 1 0 0 1 0 0 0 0 1 8 0 0 1 1 1 1 1 0 1 1 1 1 1 208 1 1 1 0 0 9 0 0 0 0 0 0 0 0 0 0 0 0 0 1 1 1 1 3 4 2 16 7 1 1 1 115 250 252 167 1 0 0 0 0 0 0 0 0 0 0 0 0 0 0 0 0 0 0 0 0 0 0 0
0 1 1 1 0 0 1 4 3 1 0 1 5 1 0 0 1 1 0 0 0 0 0 0 0 1 1 53 4 1 12 207 236 3 1 3 1 1 43 25 0 1 1 0 0 1 1 1 111 74 1 1 0 0 1 1 0 0 0 0 0 0 0 1 1 1 1 1 0 1 1 0 1 1 1 1 1 1 1 1 1 1 1 1 1 1 1 1 1 1 1 1 1 1 1 1 1 1 1 143 252 1 1 1 0 0 0 0 0 1 1 1 1 1 1 1 1 1 1 1 1 1 1 1 1 1 1 1 1 1 1 1 1 1 1 1 1 1 1 1 1 1 1 1 1 1 0 1 1 1 1 0 0 0 0 1 1 1 240 255 194 1 1 1 0 0 0 1 1 1 1 1 1 2 1 2 1 1 1 1 0 1 1 1 1 3 51 2 1 28 16 3 9 1 1 2 1 0 1 1 0 3 1 1 1 1 1 49 1 0 1 1 0 1 6 1 1 25 149 90 1 1 249 204 1 1 0 0 0 0 0 1 1 0 1 1 1 0 0 1 1 1 0 0 0 0 0 0 0 0 0 0 0 0 0 0 0 0 0 0 1 1 0 0 1 0 0 0 0 0 0 0 0 0 0 0 0 0 0 0 0 0 0 0 0 0 0 0 0 0 0 0 0 0 0 0 0 0 0 0 0 0 0 0 0 1 53 79 9 1 0 0 0 0 0 0 0 0 0 1 1 1 0 0 1 1 0 0 0 0 0 0 0 0 0 0 0 0 0 0 1 1 238 23 3 3 3 3 2 1 1 5 24 3 1 1 1 99 1 0 1 0 1 1 22 38 22 2 1 1 1 1 1 0 1 1 16 19 18 16 9 1 1 3 4 4 4 5 2 1 0 1 1 42 1 0 0 0 0 0 1 59 1 1 2 103 195 1 1 1 1 10 5 1 142 108 5 24 127 141 141 124 21 1 0 0 0 1 1 0 0 0 0 1 0 0 0 1 12 2 2 2 2 2 1 0 0 0 1 1 1 1 208 1 0 0 0 0 9 0 0 0 0 0 0 0 0 0 0 1 1 1 1 1 1 1 3 49 27 78 204 246 250 253 252 170 1 0 0 0 0 0 0 0 0 0 0 0 0 0 0 0 0 0 0 0 0 0 0 0 0 0
0 1 1 0 0 0 0 1 11 1 1 1 5 1 1 1 1 1 1 0 0 0 0 0 0 1 1 59 1 1 1 89 229 203 1 1 3 1 1 79 0 0 1 0 0 0 0 1 1 161 1 1 0 0 1 1 1 1 1 1 0 0 0 0 0 1 1 1 1 1 0 0 0 0 0 0 0 0 0 0 0 0 0 0 0 0 0 0 0 0 1 1 1 1 1 1 1 1 1 229 246 1 0 1 0 0 0 0 0 0 0 1 1 1 1 1 1 0 1 1 0 0 0 0 0 0 1 1 4 76 137 149 149 149 149 55 1 1 1 1 1 1 1 0 0 1 1 0 0 0 1 1 0 0 0 1 1 52 255 15 2 1 0 0 0 0 1 1 0 0 0 1 2 1 1 1 0 1 1 1 1 1 1 0 1 3 1 47 51 35 1 23 1 1 1 1 1 1 1 1 1 1 3 1 1 1 0 28 5 0 0 1 1 1 1 7 114 145 5 1 1 1 81 253 2 1 0 0 0 0 0 1 1 1 1 0 1 1 1 1 0 0 0 0 0 0 0 0 0 0 0 0 0 0 0 0 0 0 0 0 1 1 0 0 1 0 0 0 0 0 0 0 0 0 0 0 0 0 0 0 0 0 0 0 0 0 0 0 0 0 0 0 0 0 0 0 0 0 0 0 0 0 0 0 0 0 1 31 84 22 1 0 0 0 0 0 0 0 0 0 0 1 0 1 1 1 0 0 0 0 0 0 0 0 0 0 0 0 0 0 1 5 238 7 2 1 1 3 19 17 23 8 1 1 1 0 1 56 31 1 1 0 1 0 0 1 3 28 38 39 37 34 31 27 25 19 9 9 8 4 5 23 23 20 9 1 1 1 1 1 1 1 0 31 3 0 0 0 0 0 1 60 45 124 120 15 170 2 10 15 15 2 0 4 1 51 135 159 9 1 0 0 0 0 0 0 0 0 1 0 0 0 0 1 0 0 0 1 16 1 0 0 0 0 1 1 1 1 1 1 2 3 208 1 0 0 1 1 9 1 0 0 0 0 0 1 1 1 1 1 1 1 46 218 247 249 249 251 252 251 246 206 147 9 1 0 0 0 0 0 0 0 0 0 0 0 0 0 0 0 0 0 0 0 0 0 0 0 0 0 0 0
1 1 1 0 0 0 0 1 12 1 1 1 3 1 1 1 1 1 1 1 0 0 0 1 1 1 1 43 4 1 1 1 156 241 100 1 1 2 1 81 0 0 1 0 0 0 0 0 1 86 103 1 1 0 0 1 1 1 0 1 1 1 1 0 0 1 1 1 1 1 1 1 1 0 0 0 0 0 0 0 0 0 0 0 0 0 0 0 0 0 1 1 1 1 1 0 1 1 3 249 208 1 1 1 0 0 0 0 0 0 0 0 0 0 0 0 0 0 0 0 0 1 1 1 1 1 101 125 128 83 5 1 1 1 1 140 18 1 1 1 1 1 1 1 1 1 1 1 0 0 0 1 1 0 0 1 1 229 253 1 1 0 0 0 0 1 1 0 0 0 0 1 1 1 3 0 1 1 1 1 1 1 1 1 3 1 1 1 3 1 8 4 0 1 1 1 1 1 1 1 1 0 3 0 0 1 0 1 48 1 0 1 1 1 32 163 89 1 1 1 1 1 1 253 7 1 0 0 0 1 1 1 0 0 0 0 1 1 1 0 0 0 0 0 0 0 0 0 0 0 0 0 0 0 0 0 0 0 0 0 0 1 0 1 1 0 0 0 0 0 0 0 0 0 0 0 0 0 0 0 0 0 0 0 0 0 0 0 0 0 0 0 0 0 0 0 0 0 0 0 0 0 0 0 0 0 0 0 11 87 38 1 1 0 0 0 0 0 0 0 0 1 0 0 0 0 0 0 0 0 0 0 0 0 1 0 1 1 1 1 1 59 232 1 9 6 11 4 1 1 1 0 0 0 0 0 1 2 98 1 1 1 1 1 1 0 0 0 0 1 1 1 1 1 1 2 7 1 1 2 5 1 1 1 7 14 14 16 18 19 15 5 2 24 7 0 0 0 0 0 1 155 80 1 1 0 172 26 2 1 1 1 2 2 1 0 1 116 0 0 0 0 0 0 0 0 0 0 0 0 0 0 0 1 0 0 0 0 16 1 1 1 0 1 1 1 2 2 2 1 1 6 206 1 0 0 1 0 2 4 1 0 1 1 1 1 1 1 83 244 249 251 251 237 174 144 118 26 2 1 1 0 0 0 1 1 0 0 0 0 0 0 0 0 0 0 0 0 0 0 0 0 0 0 0 0 0 0 0 0 0 0
1 1 1 1 1 0 0 1 12 1 1 1 3 1 1 1 1 1 1 1 1 1 1 1 1 0 1 1 52 1 1 1 8 205 237 5 1 2 20 59 1 0 1 1 0 0 0 0 1 1 162 1 1 0 0 0 0 0 0 0 0 1 1 1 1 1 0 0 0 0 0 1 1 1 1 1 1 0 0 0 0 0 0 0 0 0 0 0 0 0 0 0 0 1 1 0 1 1 240 208 157 0 1 1 0 0 0 0 0 0 0 0 0 0 0 0 1 1 1 1 1 2 36 105 128 128 34 3 2 1 1 1 1 1 1 4 144 1 0 0 0 0 1 1 1 1 0 1 1 0 1 1 0 1 1 1 11 255 106 1 0 0 0 0 1 1 0 0 0 0 1 1 1 2 1 1 1 1 1 1 1 1 1 4 1 1 1 1 0 1 22 1 0 1 1 1 1 1 1 1 1 0 2 1 0 1 1 1 48 1 0 1 1 125 138 3 14 1 1 1 1 1 1 249 193 1 0 1 1 1 0 0 0 0 0 0 1 1 1 0 0 0 0 0 0 0 0 0 0 0 0 0 0 0 0 0 0 0 0 0 0 1 1 1 0 0 0 0 0 0 0 0 0 0 0 0 0 0 0 0 0 0 0 0 0 0 0 0 0 0 0 0 0 0 0 0 0 0 0 0 0 0 0 0 0 0 0 0 0 3 83 63 1 1 0 1 1 0 0 0 0 0 0 0 0 0 0 0 0 0 0 0 0 0 1 1 1 24 158 167 136 185 207 1 1 1 1 1 0 0 0 0 0 0 0 0 1 1 104 1 0 1 0 0 1 1 0 0 0 0 1 1 1 2 4 10 1 1 1 1 3 4 1 1 1 2 1 1 1 1 2 13 35 50 37 5 5 5 5 6 8 153 1 0 0 0 119 122 1 0 1 4 2 1 0 29 116 30 0 0 0 0 0 0 0 0 0 0 0 0 0 0 1 1 1 1 1 1 1 17 1 2 2 2 2 2 1 1 1 2 13 173 159 1 0 0 0 0 0 6 2 1 1 1 1 128 247 251 251 192 89 2 1 1 1 0 0 0 0 0 0 0 0 0 0 1 1 0 0 0 0 0 0 0 0 0 0 0 0 0 0 0 0 0 0 0 0 0 0 0 0 0
1 1 1 1 1 1 3 9 16 13 1 1 3 1 1 1 1 0 0 1 1 1 1 0 0 1 1 1 54 1 1 1 1 78 227 207 1 1 37 37 4 0 0 1 0 0 0 0 0 1 57 126 1 1 0 0 0 0 0 0 0 0 0 0 1 1 1 1 0 0 0 0 0 0 1 1 1 1 1 1 1 1 1 1 1 1 1 1 0 0 0 0 0 1 1 1 1 44 247 193 26 0 1 1 0 1 1 0 0 0 0 1 1 1 2 22 86 120 129 129 129 122 96 24 1 1 1 1 3 1 1 1 1 1 1 1 150 1 0 0 0 0 0 0 1 0 0 1 1 0 1 1 1 1 1 1 253 227 1 0 0 0 0 1 1 0 0 0 0 0 1 1 1 1 0 1 2 1 1 1 1 1 4 1 1 1 2 1 1 12 2 0 1 1 1 1 1 1 0 0 1 0 1 3 0 1 1 1 7 24 1 51 163 65 1 1 2 7 1 0 0 1 1 111 254 1 1 1 0 0 0 0 0 0 0 1 1 0 1 0 0 0 0 0 0 0 0 0 0 0 0 0 0 0 0 0 0 0 0 0 1 1 1 1 0 0 0 0 0 0 0 0 0 0 0 0 0 0 0 0 0 0 0 0 0 0 0 0 0 0 0 0 0 0 0 0 0 0 0 0 0 0 0 0 0 0 0 0 0 1 1 64 85 3 0 0 1 1 1 0 0 0 0 0 0 0 0 0 0 0 0 0 0 1 1 46 160 151 8 1 67 232 100 0 0 0 0 0 0 0 0 0 0 0 0 0 1 1 104 1 0 1 0 0 0 0 1 1 0 2 11 10 8 5 3 1 1 1 1 1 1 4 13 4 4 3 1 1 4 4 5 4 2 30 13 1 1 1 1 1 3 149 1 1 1 1 2 178 1 1 4 1 1 0 5 108 1 0 0 0 0 0 0 0 0 0 0 0 0 0 1 1 2 2 2 2 2 1 2 31 2 1 1 5 10 19 22 23 24 42 26 213 43 1 0 0 0 0 1 1 8 1 132 249 251 249 163 3 1 0 0 0 0 0 0 0 0 0 0 0 0 0 0 0 0 0 1 1 0 0 0 0 0 0 0 0 0 0 0 0 0 0 0 0 0 0 0 0 0 0 0 0
1 3 7 13 13 10 4 1 1 24 1 1 3 1 1 1 1 0 0 0 1 1 1 0 1 1 1 1 33 7 1 1 1 1 151 241 112 1 2 78 3 1 0 1 0 0 0 0 0 1 1 162 2 1 0 0 0 0 0 0 0 0 0 0 0 0 1 1 1 1 0 0 0 0 1 1 0 0 0 0 0 1 1 1 1 1 1 1 1 1 1 1 1 1 1 1 1 246 120 205 1 1 1 1 1 1 1 1 13 73 113 126 128 128 123 104 49 4 1 1 1 1 1 1 1 0 0 1 2 0 0 0 0 1 1 1 152 1 0 0 0 0 0 0 1 0 0 0 0 0 1 1 1 1 1 248 248 1 1 0 0 0 1 1 1 0 0 0 0 1 1 1 2 1 0 0 1 1 1 1 1 3 1 0 1 2 1 1 6 4 0 1 1 1 0 1 1 1 1 0 1 1 0 4 1 1 1 0 1 57 144 141 2 0 0 1 1 10 1 0 0 1 1 1 254 4 1 0 0 0 0 1 0 0 0 1 1 0 1 1 1 0 0 0 0 0 0 0 0 0 0 0 0 0 0 0 0 0 1 1 1 1 1 1 0 0 0 0 0 0 0 0 0 0 0 0 0 0 0 0 0 0 0 0 0 0 0 0 0 0 0 0 0 0 0 0 0 0 0 0 0 0 0 0 0 0 0 0 1 1 1 0 36 94 13 1 1 1 0 1 0 0 0 0 0 0 0 0 0 0 0 1 1 63 162 143 4 1 1 1 1 223 8 0 0 0 0 0 0 0 0 0 0 0 0 0 0 1 104 1 1 1 0 0 0 0 0 0 1 11 1 1 1 1 0 1 1 1 1 1 1 1 1 3 18 5 6 3 1 1 2 1 11 1 1 5 8 7 7 8 63 133 2 2 2 2 2 183 1 4 1 0 1 1 112 1 0 0 0 0 0 0 0 0 0 1 1 1 2 2 2 2 1 1 1 1 1 1 1 26 16 20 18 8 4 2 1 1 1 1 1 219 2 1 0 0 0 1 1 1 98 249 249 160 3 1 0 0 0 0 0 0 0 0 0 0 0 0 0 0 0 0 0 0 0 0 0 1 1 0 0 0 0 0 0 0 0 0 0 0 0 0 0 0 0 0 0 0 0 0 0 0
13 7 2 1 1 1 1 1 1 16 1 1 3 1 0 0 0 0 0 0 0 1 1 1 1 1 0 0 1 52 1 1 1 1 5 203 240 4 1 86 1 5 1 1 0 0 0 0 0 0 1 31 142 1 1 0 0 0 0 0 0 0 0 0 0 0 0 0 1 1 1 1 1 1 1 1 0 0 0 0 0 0 0 0 0 0 0 1 1 1 1 1 1 1 1 1 8 249 14 202 11 11 62 107 125 129 129 128 111 63 10 1 1 1 1 1 0 0 1 1 0 0 0 0 0 0 0 1 2 0 0 0 0 1 1 1 152 1 0 0 0 0 0 0 1 0 0 0 1 1 1 1 1 1 237 253 1 1 0 0 0 1 1 1 1 1 1 1 1 1 1 2 1 1 1 0 1 1 1 1 2 2 1 1 2 1 1 3 7 1 0 1 1 0 1 1 0 1 1 0 1 1 0 2 2 1 1 1 80 175 66 1 0 0 0 0 1 2 12 1 2 3 1 1 254 93 1 0 0 0 0 1 1 0 0 1 0 0 0 0 1 1 1 1 1 1 1 0 1 1 1 1 1 1 1 0 1 1 1 1 1 1 1 0 0 0 0 0 0 0 0 0 0 0 0 0 0 0 0 0 0 0 0 0 0 0 0 0 0 0 0 0 0 0 0 0 0 0 0 0 0 0 0 0 0 0 0 0 1 1 1 1 1 12 97 34 1 1 1 1 0 0 0 0 0 0 0 0 0 0 1 60 162 135 2 1 1 0 1 0 1 224 2 0 0 0 0 0 0 0 0 0 0 0 0 0 0 1 100 1 1 1 1 0 0 0 0 0 1 11 0 0 1 0 0 1 1 1 1 1 1 1 0 1 1 1 1 2 1 2 1 1 15 0 1 1 1 0 1 1 121 50 1 1 1 1 1 183 6 1 1 1 0 5 103 1 0 0 0 0 0 0 0 1 1 2 2 1 1 1 1 0 0 0 1 0 1 1 0 2 2 1 1 1 1 1 1 1 1 0 1 219 1 1 1 1 1 1 1 191 249 137 7 1 11 0 0 0 0 0 0 0 0 0 0 0 0 0 0 0 0 0 0 0 0 0 0 0 1 1 0 0 0 0 0 0 0 0 0 0 0 0 0 0 0 0 0 0 0 0 0 0
1 1 1 1 1 0 1 1 1 1 16 1 2 1 0 0 0 0 0 0 0 0 1 1 0 0 0 0 1 55 1 1 1 1 1 68 226 209 1 79 1 2 2 1 1 0 0 0 0 0 0 1 154 6 1 1 0 0 0 0 0 0 0 0 0 0 0 0 0 1 1 1 1 1 1 1 1 1 1 1 1 0 0 0 0 0 0 1 1 0 0 1 1 1 1 1 2 249 47 174 139 112 73 17 1 1 1 1 0 0 0 0 0 0 0 0 0 0 1 1 0 0 0 0 0 0 0 0 2 1 1 1 1 1 1 1 152 1 1 0 0 0 0 0 1 1 1 1 1 1 1 1 1 201 253 3 1 1 1 1 1 1 0 0 0 0 1 1 1 1 1 1 0 1 1 1 1 1 1 3 2 1 1 2 1 1 1 10 1 0 1 1 0 1 1 0 0 0 1 1 0 1 0 1 5 1 4 157 126 1 26 0 0 0 1 1 5 2 1 6 2 4 1 1 252 164 1 0 0 0 0 0 1 1 0 1 0 0 0 0 0 0 1 1 1 1 1 1 1 1 1 1 1 1 1 1 1 1 1 1 1 0 1 1 0 0 0 0 0 0 0 0 0 0 0 0 0 0 0 0 0 0 0 0 0 0 0 0 0 0 0 0 0 0 0 0 0 0 0 0 0 0 0 0 0 0 0 1 1 1 1 1 1 1 2 91 71 2 1 1 1 1 1 1 1 1 1 1 1 57 159 136 2 1 1 0 1 0 1 1 1 226 1 1 0 0 0 0 0 0 0 0 0 0 0 0 1 1 33 51 1 1 1 1 1 0 0 0 0 10 1 1 1 0 1 1 1 1 1 1 1 1 1 1 1 1 1 1 1 1 1 2 12 1 1 1 1 0 1 1 151 4 3 3 3 3 3 185 36 14 4 1 1 114 1 0 0 0 0 0 0 1 1 2 1 1 1 1 0 0 0 0 0 0 1 1 1 0 0 1 1 1 1 1 1 0 1 1 1 1 1 219 1 1 1 0 13 232 245 241 69 0 0 0 5 2 0 0 0 0 0 0 0 0 0 0 0 0 0 0 0 0 0 0 0 0 0 0 0 1 1 0 0 0 0 0 0 0 0 0 0 0 0 0 0 0 0 0 0 0 0 0
1 1 1 1 1 1 1 1 1 1 21 1 1 3 1 1 1 1 1 1 1 1 1 1 1 1 0 0 1 43 3 1 1 1 1 1 145 241 140 80 1 1 5 1 1 0 0 0 0 0 0 1 12 152 1 1 0 0 0 0 0 0 0 0 0 0 0 0 0 0 0 0 0 0 0 0 1 1 1 1 1 1 1 1 1 1 1 1 1 1 1 1 0 0 0 1 216 216 80 91 1 0 0 0 0 0 0 0 0 0 0 0 0 0 0 0 0 0 0 1 0 0 0 0 0 0 0 1 2 1 1 0 0 1 1 1 152 1 1 0 0 0 0 0 0 1 1 1 1 1 1 1 118 255 23 1 1 0 1 1 1 1 0 0 0 0 0 1 1 1 2 1 0 0 1 2 1 1 1 4 1 1 2 1 0 1 13 1 0 1 1 0 1 1 1 0 0 0 1 1 0 1 1 0 5 103 168 38 1 1 32 1 0 1 2 4 1 0 1 0 0 1 5 1 254 63 1 1 0 0 0 0 0 1 1 1 0 0 0 0 0 1 1 1 1 1 1 1 1 0 0 1 1 0 0 0 0 0 0 0 0 1 1 1 0 0 0 0 0 0 0 0 0 0 0 0 0 0 0 0 0 0 0 0 0 0 0 0 0 0 0 0 0 0 0 0 0 0 0 0 0 0 0 0 0 1 1 1 1 1 1 1 1 1 1 1 67 151 157 86 76 87 57 4 2 1 2 56 159 138 3 1 1 1 1 0 1 0 1 0 1 226 1 1 0 0 0 0 0 0 0 0 0 0 0 1 1 1 1 100 1 1 1 0 0 1 1 1 1 10 0 1 1 1 1 1 1 1 1 0 1 1 1 1 1 1 1 1 0 0 0 22 6 6 8 3 1 1 1 1 155 3 1 0 0 0 1 183 2 3 11 26 59 128 34 1 1 0 0 0 0 1 1 2 1 1 0 0 0 0 0 0 1 1 2 1 1 0 1 1 1 1 0 0 0 0 1 1 1 1 3 219 1 1 1 1 243 172 5 179 1 0 0 0 1 11 0 0 0 0 0 0 0 0 0 0 0 0 0 0 0 0 0 0 0 0 0 0 0 0 1 1 0 0 0 0 0 0 0 0 0 0 0 0 0 0 0 0 0 0 0 0
1 1 1 1 1 1 1 1 1 1 16 8 4 2 1 1 1 1 1 1 1 1 1 1 1 1 0 0 1 1 51 1 1 1 1 1 3 200 245 11 1 1 1 3 1 0 0 0 0 0 0 1 1 148 22 1 1 0 0 0 0 0 0 0 0 0 0 0 0 0 0 0 0 0 0 0 0 0 0 0 0 0 0 0 0 0 0 1 1 1 1 1 1 0 1 1 249 11 137 1 0 0 0 0 0 0 0 0 0 0 0 0 0 0 0 0 0 0 0 0 0 0 0 0 0 1 1 1 2 1 0 0 0 0 1 1 152 1 1 1 0 0 0 0 1 1 1 0 1 1 1 33 255 110 1 1 0 1 1 0 0 1 0 0 0 0 0 1 1 2 1 0 0 1 2 1 1 1 5 1 1 1 3 1 1 14 1 0 1 1 1 0 1 1 0 0 0 1 1 1 0 1 1 14 169 126 1 1 1 0 7 11 1 2 1 1 0 0 1 0 0 1 5 4 254 15 1 1 0 0 0 0 0 1 1 1 0 0 0 0 1 1 0 1 1 1 1 0 1 1 1 1 1 0 0 0 0 0 0 0 0 1 1 1 0 0 0 0 0 0 0 0 0 0 0 0 0 0 0 0 0 0 0 0 0 0 0 0 0 0 0 0 0 0 0 0 0 0 0 0 0 0 0 1 1 1 1 1 0 1 1 81 175 186 190 221 242 242 230 205 187 120 135 158 164 165 163 138 4 1 1 1 0 0 1 0 1 1 1 0 1 226 1 1 1 0 0 0 0 0 0 0 0 0 1 1 1 1 1 119 61 79 82 79 79 79 80 80 81 59 24 1 1 1 1 1 1 2 2 2 2 1 1 1 0 1 1 1 1 1 1 27 1 1 5 1 1 1 1 1 157 1 0 0 0 1 152 69 2 0 1 1 17 1 27 87 79 3 1 1 1 1 1 1 1 1 1 1 0 1 1 1 1 1 1 2 1 0 0 0 0 0 0 0 0 0 1 0 0 0 142 194 1 1 1 1 245 1 5 173 0 0 0 0 0 9 1 0 0 0 0 0 0 0 0 0 0 0 0 0 0 0 0 0 0 0 0 0 0 0 0 1 1 0 0 0 0 0 0 0 0 0 0 0 0 0 0 0 0 0 0 0
1 1 1 1 1 1 1 1 1 1 3 14 1 1 1 1 0 0 0 0 0 1 1 1 1 1 0 0 1 1 55 1 1 1 1 1 1 64 233 233 1 1 1 3 1 1 0 0 1 1 1 1 1 4 158 1 1 0 0 0 0 0 0 0 0 0 0 0 0 0 0 0 0 0 0 0 0 0 0 0 0 0 0 0 0 0 0 0 0 1 1 1 1 1 1 1 249 121 17 0 0 0 0 0 0 0 0 0 0 0 0 0 0 0 0 0 0 0 0 0 0 1 1 1 1 1 0 0 2 1 0 0 0 0 1 1 152 1 0 1 0 0 0 1 1 1 0 1 1 1 2 255 192 1 1 0 0 1 1 0 0 1 1 0 0 0 0 1 1 1 0 0 0 1 1 0 1 51 36 33 30 25 31 17 22 2 1 1 1 1 1 1 1 1 1 1 1 1 1 1 1 1 124 164 11 8 1 1 2 0 1 34 1 2 1 1 0 1 1 0 0 4 1 227 244 1 16 1 0 0 0 0 0 1 1 0 0 0 0 1 1 1 1 1 1 0 0 0 0 0 1 1 1 1 0 0 0 0 0 0 0 1 0 1 0 0 0 0 0 0 0 0 0 0 0 0 0 0 0 0 0 0 0 0 0 0 0 0 0 0 0 0 0 0 0 0 0 0 0 0 0 1 1 1 27 161 229 245 246 246 246 243 230 229 226 194 80 4 118 218 231 230 97 1 1 1 1 1 0 0 0 0 0 0 1 1 1 1 1 0 1 224 1 1 1 1 0 0 0 0 0 0 0 1 1 1 33 110 150 102 4 1 1 1 1 1 1 1 1 1 3 37 39 16 2 2 2 1 1 1 3 3 3 3 3 2 1 1 1 1 6 10 1 1 8 1 1 0 0 1 159 1 1 1 1 71 152 1 2 1 0 0 17 0 0 1 8 72 84 44 1 1 1 1 2 3 0 1 7 4 1 1 0 0 1 1 2 0 0 0 0 0 0 0 0 0 0 0 0 1 211 65 1 1 1 48 247 179 177 6 0 0 0 0 0 1 10 0 0 0 0 0 0 0 0 0 0 0 0 0 0 0 0 0 0 0 0 0 0 0 0 0 1 1 0 0 0 0 0 0 0 0 0 0 0 0 0 0 0 0 0 0
1 1 1 0 1 0 1 1 1 1 1 22 1 1 1 1 0 0 1 1 1 1 1 1 1 1 1 1 1 1 44 3 1 1 1 1 1 1 132 245 152 1 1 1 3 1 0 1 1 0 0 1 1 1 132 50 1 1 0 0 0 0 0 0 0 0 0 0 0 0 0 0 0 0 0 0 0 0 0 0 0 0 0 0 0 0 0 0 1 1 0 0 0 0 1 157 244 121 1 0 0 0 0 0 0 0 0 0 0 0 0 0 0 0 0 0 0 0 0 0 0 0 0 0 0 0 0 0 2 1 0 0 0 0 1 1 152 1 0 1 1 0 1 1 1 0 0 1 0 1 253 235 1 1 1 0 1 1 1 0 0 1 1 0 0 0 0 0 1 3 2 1 1 1 1 1 49 2 1 1 1 1 2 2 2 1 1 1 1 1 1 1 1 1 1 1 1 1 0 1 37 171 99 1 1 4 2 0 2 2 24 12 1 2 1 1 1 1 1 0 1 6 1 254 19 1 21 1 0 0 0 0 0 1 1 0 1 1 1 1 1 1 1 1 0 0 0 0 0 0 0 0 0 1 1 1 1 0 0 0 1 1 0 1 1 0 0 0 0 0 0 0 0 0 0 0 0 0 0 0 0 0 0 0 0 0 0 0 0 0 0 0 0 0 0 0 0 0 1 110 233 246 246 246 245 233 182 30 1 1 1 1 1 1 1 1 1 1 1 1 1 156 237 231 105 1 1 1 0 0 0 0 0 0 0 0 0 0 0 1 1 223 10 1 0 1 0 0 0 0 0 0 1 15 84 81 21 132 2 1 0 0 0 0 0 0 0 0 0 0 0 1 1 20 0 0 1 1 1 1 1 0 0 1 1 1 3 4 13 163 107 1 1 1 10 1 1 0 1 1 159 1 1 1 52 174 1 0 2 1 1 1 17 0 0 0 4 1 1 15 81 86 84 80 46 33 1 12 2 9 1 1 0 0 1 0 2 0 0 0 0 0 0 0 0 0 0 0 0 1 220 3 1 1 7 247 165 1 1 0 0 0 0 0 0 0 11 1 0 0 0 0 0 0 0 0 0 0 0 0 0 0 0 0 0 0 0 0 0 0 0 0 0 1 1 0 0 0 0 0 0 0 0 0 0 0 0 0 0 0 0 0
1 1 0 0 0 1 1 1 1 1 1 20 1 1 1 1 1 1 1 0 0 1 1 1 1 1 1 1 1 1 2 48 1 1 1 1 1 36 55 188 248 4 1 1 1 1 1 1 1 0 0 1 0 0 1 163 1 1 1 1 0 0 0 0 0 0 0 0 0 0 0 0 0 0 0 0 0 0 0 0 0 0 0 0 0 0 0 0 1 0 0 0 0 1 1 247 165 1 0 0 0 0 0 0 0 0 0 0 0 0 0 0 0 0 0 0 0 0 0 0 0 0 0 0 0 0 0 0 2 1 0 0 0 0 1 1 150 1 0 0 1 1 1 1 0 0 1 1 1 234 253 1 1 1 1 1 1 1 1 1 1 0 1 0 1 1 0 0 0 1 1 5 1 1 1 42 4 1 0 0 0 0 0 1 2 1 1 0 0 0 0 0 0 0 0 0 0 0 1 134 160 5 0 1 0 1 9 1 30 40 81 1 2 2 1 1 1 1 1 1 1 4 120 252 1 1 18 1 1 0 0 0 1 1 0 1 1 0 1 1 1 1 1 1 1 0 0 0 0 0 0 0 0 0 0 0 1 1 1 1 1 0 0 1 1 0 0 0 0 0 0 0 0 0 0 0 0 0 0 0 0 0 0 0 0 0 0 0 0 0 0 0 0 0 1 2 170 239 246 239 151 1 1 0 0 0 0 0 0 1 0 0 0 1 0 0 0 0 1 0 1 1 1 149 235 227 110 1 1 1 0 0 1 1 1 1 1 1 1 1 1 205 100 1 0 1 1 0 0 0 1 71 87 47 1 1 1 140 1 0 0 0 0 0 0 0 0 0 0 0 0 1 1 35 0 0 1 1 1 1 1 0 1 0 1 1 1 96 196 116 185 203 164 2 10 1 0 0 1 1 155 151 182 182 158 1 0 0 2 1 1 1 15 1 0 1 4 0 0 1 1 1 1 1 13 56 85 2 1 2 5 1 0 0 1 0 2 0 0 0 1 1 0 0 1 1 0 1 1 190 174 1 1 2 247 175 1 1 1 0 0 0 0 0 0 0 4 3 0 0 0 0 0 0 0 0 0 0 0 0 0 0 0 0 0 0 0 0 0 0 0 0 0 1 1 1 0 0 0 0 0 0 0 0 0 0 0 0 0 0 0 0
0 1 0 0 0 1 1 1 1 1 0 3 10 1 1 1 1 1 1 0 0 0 1 0 0 1 1 1 0 1 1 54 1 1 1 4 66 27 1 4 230 236 1 1 1 2 1 1 1 0 0 0 0 0 1 110 82 1 1 1 1 0 0 0 0 0 0 0 0 0 0 0 0 0 0 0 0 0 0 0 0 0 0 0 0 0 0 1 0 0 0 0 0 1 2 249 80 0 0 0 0 0 0 0 0 0 0 0 0 0 0 0 0 0 0 0 0 0 0 0 0 0 0 0 0 0 0 0 1 1 0 0 0 0 1 1 150 1 1 1 1 1 1 1 1 1 1 1 1 255 212 205 205 205 203 204 204 204 204 202 195 195 193 193 191 191 189 187 187 183 183 183 171 170 170 150 132 131 128 124 122 117 111 107 100 90 85 78 72 58 49 39 29 22 15 10 11 95 172 82 1 0 0 1 1 5 25 29 1 1 53 6 4 2 1 0 1 0 0 1 2 6 249 193 0 0 1 15 1 0 0 0 1 1 1 1 0 1 1 1 0 1 1 1 1 1 1 0 0 0 0 0 0 0 0 0 0 1 1 1 1 0 0 1 1 0 0 0 0 0 0 0 0 0 0 0 0 0 0 0 0 0 0 0 0 0 0 0 0 0 0 0 1 114 235 246 230 108 1 0 0 1 1 0 0 0 0 0 0 0 0 0 0 1 1 0 0 0 1 0 0 1 1 1 1 167 234 223 112 1 1 1 0 1 1 0 0 1 1 0 1 119 199 1 1 0 1 1 1 73 81 4 1 0 1 1 1 140 1 0 0 0 0 0 0 0 0 0 0 0 1 1 68 151 9 1 1 1 2 3 1 1 1 0 0 11 194 167 1 1 1 1 123 204 204 202 197 178 178 195 222 214 1 1 0 0 0 1 2 1 1 2 9 1 1 1 4 0 0 0 0 1 1 0 1 1 1 35 1 1 9 1 1 1 1 1 2 1 1 1 1 1 1 1 1 1 1 91 219 150 1 1 1 245 189 1 0 0 0 0 0 0 0 0 0 0 1 11 0 0 0 0 0 0 0 0 0 0 0 0 0 0 0 0 0 0 0 0 0 0 0 0 0 0 1 1 1 1 1 1 0 0 0 0 0 0 0 0 0 0 0 0
0 1 0 0 0 0 1 1 1 1 0 1 22 1 1 1 1 1 1 0 0 0 1 0 0 1 1 0 0 0 1 7 34 1 34 64 2 1 1 1 42 248 152 1 1 1 1 1 0 0 0 0 0 0 0 1 165 1 1 1 1 1 1 1 1 1 1 0 0 0 0 0 0 0 0 0 0 0 0 0 0 0 0 0 0 0 1 1 0 0 0 0 1 1 241 218 1 0 0 0 0 0 0 0 0 0 0 0 0 0 0 0 0 0 0 0 0 0 0 0 0 0 0 0 0 0 0 0 1 0 0 0 0 0 1 1 152 1 1 1 1 1 1 2 2 1 1 1 9 255 3 1 1 2 6 5 2 1 1 3 26 16 4 6 8 13 17 19 23 29 36 92 98 68 68 70 74 79 83 88 94 100 107 112 114 116 121 125 130 136 140 147 151 155 170 175 174 139 17 10 10 9 8 9 8 2 1 1 0 0 1 70 4 1 1 1 1 0 0 1 1 1 254 2 0 0 1 21 1 0 0 0 0 0 0 0 0 1 1 0 0 1 1 0 1 1 1 1 0 0 0 0 0 0 0 1 1 1 0 0 1 1 1 1 1 0 0 0 0 0 0 0 0 0 0 0 0 0 0 0 0 0 0 0 0 0 0 0 1 1 2 209 246 238 149 1 1 0 0 0 0 0 1 0 0 0 0 0 0 0 0 0 0 0 1 1 0 0 1 1 0 0 0 1 1 1 1 179 235 228 124 1 1 1 1 1 1 1 1 0 1 35 213 156 37 1 1 1 82 3 1 0 1 0 1 1 57 93 0 0 0 0 0 0 0 0 0 1 1 1 1 1 204 147 194 199 199 199 197 197 200 200 198 173 180 193 18 0 1 1 1 1 1 4 1 1 13 80 82 16 3 237 1 3 52 131 183 208 218 220 220 223 216 211 206 198 183 154 120 67 17 2 1 1 1 0 1 34 1 0 2 5 1 5 9 10 13 1 1 1 1 1 1 1 1 14 182 208 7 1 1 1 243 205 1 0 0 0 0 0 0 0 0 0 0 0 0 11 1 0 0 0 0 0 0 0 0 0 0 0 0 0 0 0 0 0 0 0 0 0 0 0 0 0 0 0 0 1 1 1 1 1 1 1 1 0 0 0 0 0 0 0
0 1 0 0 0 0 1 1 1 1 1 1 21 1 1 1 1 1 1 1 1 1 1 1 0 1 1 1 1 1 1 1 63 66 25 1 1 1 1 1 1 144 249 14 1 1 1 1 1 0 0 0 0 0 0 1 86 108 1 1 0 0 0 1 1 1 1 1 1 1 0 0 0 0 0 0 0 0 0 0 0 0 0 0 0 0 1 0 0 0 0 1 1 119 249 12 1 0 0 0 0 0 0 0 0 0 0 0 0 0 0 0 0 0 0 0 0 0 0 0 0 0 0 0 0 0 0 0 1 0 0 0 0 0 1 1 151 1 1 0 0 1 2 2 1 1 1 1 155 253 4 1 1 1 0 1 3 2 1 1 1 3 15 2 1 1 1 1 1 1 1 1 7 46 4 1 1 0 0 0 0 0 1 1 0 0 1 0 1 1 0 0 2 23 3 1 1 0 1 1 1 1 1 1 0 0 0 0 0 0 1 75 3 1 2 1 0 0 0 1 1 174 251 1 0 0 1 17 1 1 0 0 0 0 0 0 0 1 1 0 0 1 1 0 1 1 0 1 1 0 0 0 0 0 1 1 0 0 0 0 1 1 1 1 0 0 0 0 0 0 0 0 0 0 0 0 0 0 0 0 0 1 1 1 1 1 1 1 2 220 246 209 2 1 0 0 0 0 0 0 0 0 1 1 0 0 0 0 0 0 0 0 0 0 1 1 0 0 1 1 0 0 0 1 1 0 0 1 1 168 235 241 192 99 2 1 1 1 1 1 1 153 43 25 153 173 173 142 105 1 0 0 1 0 1 1 136 2 0 0 0 0 0 0 0 0 0 0 0 0 0 2 194 1 1 1 1 1 1 1 1 1 2 70 53 1 1 0 1 1 1 1 1 4 1 1 1 1 1 1 1 205 222 220 210 194 151 68 7 2 1 1 2 11 45 100 147 175 194 205 212 217 217 212 80 1 1 1 33 0 0 3 8 2 1 1 16 7 18 108 144 155 198 191 219 209 128 117 1 1 2 243 209 1 1 0 0 0 0 0 0 0 0 0 0 0 0 3 4 0 0 0 0 0 0 0 0 0 0 0 0 0 0 0 0 0 0 0 0 0 0 0 0 0 0 0 0 0 0 0 0 0 1 1 1 1 1 1 1 1 1 1
0 1 1 1 0 0 1 1 1 1 1 1 6 7 1 1 2 5 7 11 15 20 26 29 33 43 51 49 50 51 52 53 57 50 1 0 1 1 1 1 1 1 212 248 194 4 1 1 1 1 1 0 0 0 0 0 1 179 2 1 1 0 0 0 0 1 1 1 1 1 1 1 1 1 1 0 0 0 0 0 0 0 0 0 0 1 0 1 1 0 1 1 1 249 125 1 0 0 0 0 0 0 0 0 0 0 0 0 0 0 0 0 0 0 0 0 0 0 0 0 0 0 0 0 0 0 0 0 1 1 0 0 0 0 1 1 120 47 1 0 1 1 2 1 1 0 1 1 242 250 1 4 4 1 0 0 1 1 3 1 1 1 1 3 4 1 1 0 1 1 1 1 1 1 30 29 1 1 0 1 1 0 0 1 1 0 1 1 1 1 1 15 14 1 1 0 0 0 0 0 1 1 1 1 1 0 0 0 0 0 0 69 2 5 1 2 1 0 0 2 1 252 150 0 0 0 1 2 12 1 0 0 0 0 0 0 0 1 1 1 0 1 1 0 0 1 1 0 1 1 0 0 0 1 1 0 0 0 1 1 1 1 1 0 0 0 0 0 0 1 0 1 1 0 1 1 1 1 1 1 1 1 1 1 1 1 1 183 246 195 1 1 0 0 0 0 0 0 0 0 0 0 1 1 0 0 0 0 0 0 0 0 0 0 0 1 1 0 1 1 0 0 0 0 1 0 1 1 1 1 1 54 217 238 244 244 232 193 159 69 2 175 1 1 1 1 2 74 140 4 4 4 2 1 1 1 142 1 0 0 0 0 0 0 0 0 0 0 0 0 0 55 178 1 1 1 0 1 1 1 0 0 0 0 0 0 1 0 1 1 1 1 1 3 1 1 1 1 1 1 0 54 192 1 1 1 1 1 1 1 0 0 0 0 0 0 1 3 0 1 1 1 1 22 206 217 208 123 172 206 223 235 237 238 238 240 242 242 240 244 242 238 204 242 77 57 63 26 1 1 243 203 1 0 0 0 0 0 0 0 0 0 0 0 0 0 0 1 11 0 0 0 0 0 0 0 0 0 0 0 0 0 0 0 0 0 0 0 0 0 0 0 0 0 0 0 0 0 0 0 0 0 0 0 0 0 0 1 1 1 1 1
1 1 2 1 2 2 2 2 5 3 3 3 4 46 20 18 17 16 10 10 6 4 2 1 1 4 1 1 1 1 1 1 1 59 1 1 1 1 1 1 1 1 42 203 245 155 94 1 0 1 1 0 0 1 1 26 154 177 192 1 1 1 1 0 0 0 1 1 1 0 0 1 1 1 1 1 1 1 1 0 0 0 0 0 1 1 1 1 1 1 1 1 224 238 1 1 1 0 0 0 0 0 0 0 0 0 0 0 0 0 0 0 0 0 0 0 0 0 0 1 1 0 0 0 0 0 0 1 1 1 0 0 0 0 1 1 1 149 15 1 1 1 1 1 1 1 1 1 253 217 1 1 1 6 3 1 0 0 1 2 3 1 1 1 1 2 3 1 0 1 1 1 1 1 1 4 39 4 1 1 1 1 0 1 1 1 1 1 1 14 21 2 0 0 1 0 0 0 1 1 1 1 1 0 1 0 0 0 0 0 0 22 35 5 1 1 1 0 1 2 2 254 1 0 0 1 1 1 23 1 0 0 0 0 0 0 0 0 1 1 1 1 1 0 0 1 1 0 0 1 1 0 0 1 0 1 1 1 1 1 1 0 0 0 0 0 0 1 1 1 1 1 1 1 1 1 1 1 1 1 1 1 0 0 1 116 243 227 1 1 0 0 0 0 0 0 0 0 0 0 0 0 0 1 0 0 0 0 0 0 0 0 0 0 0 0 1 1 1 2 1 0 1 1 1 1 1 1 1 0 1 0 1 1 1 4 146 215 232 241 245 251 221 186 127 5 1 1 129 1 1 1 2 5 5 1 138 1 0 0 0 0 0 0 0 0 0 0 0 0 1 163 87 1 1 1 1 1 1 1 1 1 1 0 1 1 1 1 1 1 1 0 0 4 1 1 1 1 1 0 0 1 198 1 1 0 0 0 0 1 0 0 0 0 0 0 1 3 0 0 0 0 0 0 1 1 48 195 216 169 113 17 2 1 4 48 1 1 1 137 1 155 202 247 35 1 1 1 2 243 209 1 0 0 0 0 0 0 0 0 0 0 0 0 0 0 0 0 12 0 0 0 0 0 0 0 0 0 0 0 0 0 0 0 0 0 0 0 0 0 0 0 0 0 0 0 0 0 0 0 0 0 0 0 0 0 0 0 0 0 0 0
1 1 1 1 1 1 1 1 2 1 1 0 1 36 1 1 1 1 1 1 1 0 0 1 1 3 1 0 0 0 1 1 1 9 41 1 1 1 1 1 1 1 1 97 245 53 97 110 1 1 1 1 1 1 104 142 4 1 187 122 1 1 1 1 1 0 1 1 0 0 0 0 0 1 1 1 1 1 1 1 1 1 1 1 1 1 1 1 1 1 1 54 249 41 0 0 1 1 1 0 0 0 0 0 0 0 0 0 0 0 0 0 0 0 0 0 0 0 0 1 1 1 0 0 0 0 0 1 1 1 1 0 0 0 1 1 1 3 138 149 6 1 1 1 1 1 0 1 255 81 1 1 2 4 8 19 3 1 0 0 1 2 3 1 1 1 1 2 1 1 1 1 1 1 1 1 1 18 24 1 1 1 1 1 0 1 1 13 15 1 1 1 1 1 1 1 0 0 1 1 1 1 1 0 1 1 0 0 0 0 0 1 80 5 1 1 2 2 2 1 207 249 1 0 0 1 1 2 19 1 1 0 0 0 0 0 0 0 1 1 1 1 1 0 0 1 1 0 0 0 1 1 1 1 1 1 1 1 0 0 0 0 1 1 1 1 1 1 1 1 1 1 1 1 1 0 0 0 0 0 0 0 1 33 238 238 27 1 0 0 0 0 0 0 0 0 0 0 0 0 0 0 0 1 1 0 0 0 0 0 0 0 0 0 0 1 1 1 1 1 1 1 1 1 0 1 0 1 1 0 1 1 1 0 1 0 1 1 1 1 49 177 194 227 239 245 245 227 205 13 1 1 1 1 1 78 90 1 0 0 0 0 0 0 0 1 1 1 0 0 1 191 7 3 1 1 0 0 1 1 1 1 1 1 1 0 0 0 0 0 0 0 0 4 1 0 0 1 1 0 0 1 196 1 1 1 1 0 0 1 0 0 0 0 0 0 1 3 0 0 0 0 0 0 1 0 0 1 119 1 0 0 0 0 1 61 1 0 1 134 1 1 35 200 251 241 211 241 251 201 1 1 0 0 0 0 0 0 0 0 0 0 0 0 0 0 0 0 11 1 0 0 0 0 0 0 0 0 0 0 0 0 0 0 0 0 0 0 0 0 0 0 0 0 0 0 0 0 0 0 0 0 0 0 0 0 0 0 0 0 0 0
1 1 1 0 1 1 1 1 2 1 1 0 1 18 6 1 1 1 0 1 1 0 0 1 1 3 0 0 0 0 1 1 1 1 56 2 1 0 1 1 1 1 1 1 171 239 2 105 85 1 1 1 14 150 86 1 1 1 1 211 52 1 1 1 1 1 1 0 0 0 0 0 0 1 1 1 0 0 0 1 1 1 1 2 3 11 3 1 1 1 23 249 151 1 0 0 0 0 0 0 0 0 0 0 0 0 0 0 0 0 0 0 0 0 0 0 1 0 0 0 1 1 1 0 0 0 1 1 1 1 1 0 0 0 1 1 0 0 1 3 150 48 1 0 1 1 0 1 255 2 3 4 1 1 1 1 7 18 2 1 1 1 1 5 3 1 1 1 1 1 1 1 1 1 1 1 1 1 2 60 8 2 1 1 1 10 10 1 1 1 1 1 1 1 1 2 2 1 1 1 1 0 1 1 0 1 0 1 0 0 0 0 82 1 2 1 2 1 1 1 254 66 0 0 0 1 2 1 2 11 1 0 0 0 0 0 0 0 1 1 1 1 1 1 1 1 1 0 0 0 1 1 1 1 1 0 0 0 0 0 1 1 1 2 1 1 1 1 1 0 0 0 0 0 0 0 0 0 0 0 1 2 227 243 118 1 0 0 0 0 0 0 0 0 0 0 0 0 0 0 0 0 0 0 1 1 0 0 0 0 0 0 0 0 1 1 1 0 0 1 1 1 1 0 0 0 0 1 1 0 1 0 1 1 1 0 1 1 1 1 175 3 1 1 1 1 9 190 239 249 248 217 138 1 1 122 2 1 1 1 0 0 0 0 1 100 126 4 1 1 1 191 1 1 1 1 1 1 1 0 0 0 1 1 1 0 0 0 0 0 0 0 0 1 4 4 4 2 1 1 1 31 183 1 1 0 0 0 0 1 0 0 0 0 0 0 1 3 0 0 0 0 0 0 1 0 0 1 117 1 0 0 0 0 1 62 1 1 1 93 38 1 1 1 63 208 239 203 19 1 1 0 0 0 0 0 0 0 0 0 0 0 0 0 0 0 0 0 11 1 0 0 0 0 0 0 0 0 0 0 0 0 0 0 0 0 0 0 0 0 0 0 0 0 0 0 0 0 0 0 0 0 0 0 0 0 0 0 0 0 0 0
1 1 1 0 1 0 0 1 2 1 1 1 0 1 34 1 1 1 0 1 1 0 1 1 0 3 0 0 0 0 1 1 1 1 2 56 1 1 0 1 1 1 1 1 9 231 191 1 153 10 1 88 148 13 1 1 0 0 1 6 216 30 1 1 1 1 1 0 0 0 0 0 0 0 0 0 0 0 0 0 0 0 0 1 1 1 9 20 25 169 249 207 1 0 0 0 0 0 0 0 0 0 0 0 0 0 0 0 0 0 0 0 0 0 0 0 1 1 1 0 0 1 1 1 1 1 1 1 1 1 0 0 0 0 1 1 0 0 0 1 1 125 117 1 0 1 1 1 255 5 1 1 0 0 0 0 0 1 10 24 33 35 32 30 35 43 23 1 1 1 1 3 2 1 1 0 1 1 52 7 1 5 9 11 8 2 1 1 1 1 1 6 8 24 30 24 25 30 35 35 23 1 1 1 1 1 1 1 0 0 0 0 69 4 4 1 1 1 1 76 254 1 0 1 1 2 1 1 1 19 1 0 0 0 0 0 0 0 0 1 0 1 1 1 1 1 0 1 1 1 1 1 1 1 1 0 0 0 0 1 2 1 1 1 0 0 0 0 1 1 1 0 0 0 0 0 0 0 1 1 192 245 182 1 1 1 0 0 0 0 0 0 0 0 0 0 0 0 0 0 0 0 0 0 0 1 0 0 0 0 0 0 0 1 1 1 0 0 0 0 1 1 1 1 0 0 1 1 1 1 1 1 1 0 0 0 0 0 0 1 186 0 0 0 0 0 0 1 1 1 65 225 245 249 234 220 58 1 1 1 1 1 1 1 124 158 128 186 191 163 10 192 1 1 0 1 1 1 1 0 0 0 0 0 0 0 0 0 0 0 0 0 0 1 1 1 2 1 2 3 3 162 108 1 1 0 0 0 0 1 1 1 1 1 0 0 0 3 0 0 0 0 1 0 1 0 0 1 114 2 1 0 0 0 1 61 1 1 1 8 119 1 1 1 1 1 1 1 1 1 1 0 0 0 0 0 0 0 0 0 0 0 0 0 0 0 0 0 11 1 0 0 0 0 0 0 0 0 0 0 0 0 0 0 0 0 0 0 0 0 0 0 0 0 0 0 0 0 0 0 0 0 0 0 0 0 0 0 0 0 0 0
1 1 1 0 1 0 1 1 2 0 1 1 1 1 36 1 1 0 0 1 1 1 1 1 1 3 1 1 1 1 1 1 1 0 1 37 13 1 0 1 1 1 1 1 1 87 245 51 3 152 162 101 1 1 0 0 0 0 0 1 14 216 57 1 1 1 1 1 1 1 1 0 0 0 0 0 0 0 0 0 0 0 0 1 1 1 1 1 1 137 246 108 1 0 0 0 0 0 0 0 0 0 0 0 0 0 0 0 0 0 0 0 0 0 0 0 0 1 1 1 1 0 1 1 1 1 0 0 1 1 0 0 0 0 1 1 0 0 0 0 0 1 63 154 6 1 1 1 255 1 1 1 1 1 0 0 0 1 7 14 5 3 1 1 1 1 5 41 4 1 1 1 1 5 2 1 5 53 18 2 1 1 1 1 1 1 1 1 1 3 24 8 7 1 1 1 1 1 1 1 2 34 4 1 1 1 1 1 1 0 0 0 2 73 5 1 1 2 94 254 123 1 1 1 2 1 0 0 1 16 1 1 0 0 0 0 0 0 0 1 1 0 0 0 1 1 1 1 0 1 1 1 1 1 1 0 0 0 1 2 1 1 1 1 1 1 1 1 1 1 1 1 1 1 1 1 1 1 136 245 221 1 1 0 0 1 1 0 0 0 0 0 0 0 0 0 0 0 0 0 0 0 0 0 0 1 1 0 0 0 0 0 1 1 1 0 0 0 0 0 1 0 1 1 1 1 1 1 0 0 0 0 0 0 0 0 0 1 1 86 151 0 0 0 0 0 0 1 1 0 0 1 1 3 228 243 249 249 226 176 5 1 1 2 186 6 1 1 1 62 184 101 1 1 1 1 0 0 1 0 0 0 0 0 0 0 0 0 0 0 0 0 0 1 1 1 2 1 0 0 1 196 5 1 1 1 1 1 0 0 1 1 0 1 0 0 0 3 0 0 0 0 1 0 1 0 0 0 102 6 1 0 0 0 0 58 1 0 0 1 134 1 1 1 0 0 1 1 1 1 0 0 0 0 0 0 0 0 0 0 0 0 0 0 0 0 0 0 7 2 0 0 0 0 0 0 0 0 0 0 0 0 0 0 0 0 0 0 0 0 0 0 0 0 0 0 0 0 0 0 0 0 0 0 0 0 0 0 0 0 0 0
1 1 1 0 1 1 1 1 2 0 0 1 1 1 7 16 1 0 1 1 1 1 1 2 2 1 1 1 1 1 1 1 1 1 1 1 61 1 0 0 1 1 1 1 1 1 169 240 2 1 1 1 1 1 0 0 0 0 0 0 1 6 211 130 1 1 1 1 1 1 1 1 1 0 0 0 0 0 0 0 0 0 1 1 1 1 1 1 1 244 213 1 1 1 1 0 0 0 0 0 0 0 0 0 0 0 0 0 0 0 0 0 0 0 0 0 0 1 1 1 1 1 1 0 0 0 0 1 1 0 0 0 0 0 1 1 0 0 0 0 0 0 1 3 152 74 1 27 255 2 2 2 2 2 2 2 2 11 4 1 1 1 3 1 0 0 1 1 27 69 42 7 2 7 58 65 50 2 2 1 1 2 1 1 1 1 1 1 1 22 1 1 1 1 5 14 13 13 13 7 1 1 19 8 0 1 1 1 1 0 0 1 6 125 102 1 163 254 254 105 1 1 2 2 1 1 0 0 1 2 11 1 1 0 0 0 0 0 0 1 1 1 1 1 1 1 0 0 1 37 165 197 142 3 1 1 1 2 1 1 1 1 0 0 0 0 0 0 0 0 0 0 1 1 1 1 58 241 235 7 0 0 0 0 0 0 1 1 0 0 0 0 0 0 0 0 0 0 0 0 0 0 0 0 0 1 1 0 0 0 0 1 1 0 0 0 0 0 0 0 1 1 0 0 0 0 0 0 0 0 0 0 0 0 0 0 0 1 1 186 2 1 0 0 0 0 0 1 1 0 0 0 0 1 167 45 1 88 228 245 252 240 210 218 190 93 1 1 1 1 1 1 0 1 1 1 0 0 0 0 0 0 0 0 0 0 0 0 0 0 0 0 0 1 1 1 1 2 1 0 1 199 1 1 1 0 1 1 0 0 0 1 0 1 0 0 0 3 1 1 1 1 1 0 1 1 1 1 90 13 1 0 1 1 0 44 1 0 0 1 136 1 0 0 0 0 0 1 1 1 0 0 0 0 0 0 0 0 0 0 0 0 0 0 0 0 0 0 1 8 0 0 0 0 0 0 0 0 0 0 0 0 0 0 0 0 0 0 0 0 0 0 0 0 0 0 0 0 0 0 0 0 0 0 0 0 0 0 0 0 0 0
1 0 1 0 1 1 0 1 1 0 0 1 1 1 1 35 1 0 0 1 1 0 1 1 1 1 1 1 1 0 1 0 1 1 1 1 31 25 1 0 0 1 1 1 1 1 6 230 198 1 1 1 1 1 0 0 0 0 0 0 0 1 1 185 209 14 1 1 1 1 1 1 1 1 1 0 0 0 0 0 0 0 1 0 1 1 1 1 133 249 7 1 1 1 1 1 0 0 0 0 0 0 0 0 0 0 0 0 0 0 0 0 0 0 0 0 0 0 1 1 1 1 1 1 1 1 1 1 1 0 0 0 0 0 1 1 0 0 0 0 0 0 1 1 1 110 127 190 253 1 1 1 0 0 0 1 7 15 3 3 2 1 1 2 2 1 0 0 1 22 54 43 53 41 5 1 5 15 1 0 0 1 1 2 1 1 1 1 22 1 1 1 0 5 3 1 1 1 1 2 13 1 1 20 4 0 1 1 1 0 1 2 41 1 241 254 252 95 3 2 2 2 1 0 0 0 0 0 0 1 19 1 1 0 0 0 0 0 0 0 1 1 1 0 0 1 1 170 225 222 179 132 194 226 149 2 1 1 0 0 0 0 0 0 0 0 0 0 0 0 0 1 1 1 4 230 241 86 1 0 0 0 0 0 0 0 0 1 0 0 0 0 0 0 0 0 0 0 0 0 0 0 0 0 0 0 1 1 0 1 1 1 0 0 0 0 0 0 0 0 1 1 0 0 0 0 0 0 0 0 0 0 0 0 0 0 0 1 1 186 1 0 0 0 0 0 0 1 1 0 0 0 0 1 135 124 1 1 1 1 1 197 237 76 4 191 43 1 1 1 1 0 0 1 1 0 0 0 0 0 0 0 0 0 0 0 0 0 0 0 0 0 0 0 0 0 0 1 2 1 1 199 1 1 0 0 0 0 0 0 0 1 0 1 0 0 0 3 1 1 1 1 1 1 1 1 1 1 38 58 1 0 1 1 1 16 10 0 0 0 135 1 0 0 0 0 0 1 1 1 0 0 0 0 0 0 0 0 0 0 0 0 0 0 0 0 0 0 0 10 1 0 0 0 0 0 0 0 0 0 0 0 0 0 0 0 0 0 0 0 0 0 0 0 0 0 0 0 0 0 0 0 0 0 0 0 0 0 0 0 0 0
1 0 1 0 1 1 0 2 1 0 0 1 1 1 1 19 5 1 1 1 1 0 2 1 1 1 1 1 1 1 0 0 0 0 1 1 19 3 19 1 1 1 1 1 1 1 1 78 245 65 1 1 1 1 1 0 0 0 0 0 0 0 0 1 75 220 191 8 1 1 1 1 1 1 1 1 1 1 0 0 0 0 1 0 0 1 1 1 249 114 1 0 0 1 1 1 1 0 0 0 0 0 0 0 0 0 0 0 0 0 0 0 0 0 0 0 1 1 1 0 0 0 0 0 1 1 1 0 0 0 0 0 0 0 1 1 0 0 0 0 0 1 1 1 0 1 42 250 250 7 1 1 0 0 1 1 26 1 0 0 1 2 2 3 3 2 1 1 1 1 8 40 1 1 1 1 11 1 2 2 1 1 1 1 2 1 1 1 18 1 1 0 0 13 1 1 1 1 1 1 1 12 1 1 32 1 0 1 1 1 5 41 1 251 249 10 2 1 1 1 0 0 0 0 0 0 0 0 0 1 15 1 1 0 0 0 0 0 0 0 1 0 0 0 0 49 225 170 1 1 1 1 1 20 225 8 0 0 0 0 0 0 0 0 0 0 0 1 1 1 1 1 1 206 245 160 1 0 0 0 0 0 0 0 0 0 0 1 1 0 0 0 0 0 0 0 0 0 0 0 0 0 0 0 0 0 1 1 1 1 1 0 0 0 0 0 0 0 0 0 0 1 0 0 0 0 0 0 0 0 0 0 0 0 0 0 1 1 109 139 1 0 0 0 0 0 0 1 1 0 0 0 0 1 4 192 1 0 1 1 1 1 62 238 193 121 104 125 102 58 11 1 1 0 0 1 0 0 0 0 0 0 0 0 0 0 0 0 0 0 0 0 0 0 0 0 0 0 1 2 2 201 1 1 0 0 1 1 0 0 1 1 0 1 0 0 0 3 1 0 1 1 1 1 1 0 0 0 2 107 1 1 0 0 1 4 29 0 0 0 115 12 0 0 0 0 0 1 1 1 0 0 0 0 0 0 0 0 0 0 0 0 0 0 0 0 0 0 0 10 1 0 0 0 0 0 0 0 0 0 0 0 0 0 1 0 0 0 0 0 0 0 0 0 0 0 0 0 0 0 0 0 0 0 0 0 0 0 0 0 0 0
1 0 1 0 1 1 1 2 1 0 0 1 1 1 1 1 33 1 0 1 1 0 1 1 1 1 1 1 1 1 1 1 1 1 1 1 19 1 15 7 1 1 1 0 1 1 1 1 156 243 2 1 1 1 1 1 1 0 0 0 0 0 0 0 1 1 121 222 211 44 1 1 1 1 0 0 0 1 0 0 0 1 1 0 0 1 1 226 235 1 1 0 0 0 1 1 1 1 1 0 0 0 0 0 0 0 0 0 0 0 0 0 0 0 1 1 1 0 0 0 0 0 0 0 0 0 0 0 0 0 0 0 0 0 1 1 0 0 0 0 0 1 1 0 0 0 1 253 227 23 45 30 27 18 7 17 15 1 1 0 0 0 1 1 1 4 9 1 0 1 27 13 6 1 1 1 12 1 0 1 2 1 1 1 2 1 1 21 1 1 1 1 1 14 1 1 1 1 1 1 1 6 2 1 2 31 1 1 2 12 40 1 1 254 1 1 0 1 0 0 0 0 0 0 0 0 0 0 0 0 2 10 1 1 0 0 0 0 0 0 1 0 1 1 109 219 5 1 1 1 1 3 13 2 83 206 0 0 0 0 0 0 0 0 1 1 1 1 0 0 1 154 245 207 1 0 0 0 0 0 0 0 0 0 0 0 0 0 1 1 0 0 0 0 0 0 0 0 0 0 0 0 0 0 0 0 1 1 1 0 0 0 0 0 0 0 0 0 0 0 0 1 0 0 0 0 0 0 0 0 0 0 0 0 0 0 1 1 186 2 0 0 0 0 0 0 0 1 1 0 0 0 0 1 1 196 1 0 1 1 1 1 208 193 3 1 1 4 39 88 120 119 76 45 2 1 1 0 0 0 0 0 0 0 0 0 0 0 0 0 0 0 0 0 0 0 0 0 0 0 1 201 1 1 0 0 1 1 1 1 1 1 1 1 1 1 1 3 1 0 1 1 1 0 1 1 0 0 1 115 1 1 0 0 0 1 49 0 0 0 23 112 0 0 1 1 1 1 1 0 0 0 0 0 0 0 0 0 0 0 0 0 0 0 0 0 0 0 0 5 2 0 0 0 0 0 0 0 0 0 0 0 0 0 1 0 0 0 0 0 0 0 0 0 0 0 0 0 0 0 0 0 0 0 0 0 0 0 0 0 0 0
1 1 1 1 1 1 1 3 1 1 2 2 2 3 8 15 48 3 2 3 2 2 3 1 1 1 1 1 1 1 1 1 1 1 1 1 19 1 1 33 1 1 0 0 1 1 1 1 4 225 206 1 1 1 1 1 1 1 0 1 0 0 0 0 0 1 1 1 69 214 219 109 1 1 1 1 0 0 1 0 0 1 0 0 0 1 6 250 47 1 1 0 0 0 0 1 1 1 1 1 0 0 0 0 1 1 0 0 0 0 0 1 1 1 1 0 0 0 0 0 0 0 0 0 0 0 0 0 0 0 0 0 0 0 1 1 0 0 0 1 1 1 0 0 0 0 1 245 253 40 1 6 2 2 9 45 20 24 24 22 4 1 1 0 0 0 1 9 1 3 48 1 1 4 1 11 1 1 3 8 9 9 9 14 13 19 15 1 1 1 1 1 1 13 1 1 1 1 0 0 1 1 12 0 1 15 4 12 28 29 1 1 1 254 2 1 0 0 0 0 0 0 0 0 0 0 0 0 0 0 1 18 1 1 0 0 0 0 0 1 1 1 1 144 205 1 1 1 1 1 5 8 1 1 1 226 1 1 0 0 1 1 1 1 1 0 0 0 1 51 241 231 3 0 0 0 0 0 0 0 0 0 0 0 0 0 0 0 0 1 0 0 0 0 0 0 0 0 0 0 0 0 0 0 1 1 1 1 0 0 0 0 0 0 0 0 0 0 0 0 0 1 1 0 0 0 0 0 0 0 0 0 0 0 0 0 1 1 186 1 0 0 0 0 0 0 0 1 1 0 0 0 0 0 1 197 1 1 1 1 1 0 238 19 1 1 1 1 1 1 1 12 65 95 119 102 61 22 1 1 0 0 0 0 0 0 0 0 0 0 0 0 0 0 0 0 0 0 0 1 3 199 1 1 0 0 1 0 0 0 1 1 1 1 1 1 1 3 1 1 1 1 1 1 1 1 1 1 1 115 1 1 1 1 0 1 51 1 0 0 1 138 1 1 1 1 1 1 0 0 0 0 0 0 0 0 0 0 0 0 0 0 0 0 0 0 0 0 0 1 9 0 0 0 0 0 0 0 0 0 0 0 0 0 1 0 0 0 0 0 0 0 0 0 0 0 0 0 0 0 0 0 0 0 0 0 0 0 0 0 0 0
7 9 9 7 7 7 6 7 3 2 2 1 1 3 15 3 3 8 1 1 1 1 1 1 1 1 1 1 1 1 1 1 1 1 1 1 18 1 1 2 28 1 0 0 0 1 1 1 1 64 246 75 1 1 1 1 1 1 1 1 1 1 0 0 0 1 1 0 1 1 15 196 222 167 9 1 1 1 1 0 0 1 0 0 0 1 229 232 1 1 1 0 0 0 0 1 1 0 1 1 1 0 1 1 1 0 0 0 0 1 1 1 0 0 0 0 0 0 0 0 0 0 0 0 0 0 0 0 0 0 0 0 0 0 1 1 0 0 0 1 1 1 0 0 0 0 1 235 105 253 82 1 3 4 1 18 1 0 1 1 10 24 17 1 1 1 1 1 8 70 1 0 1 1 5 31 10 8 2 1 1 1 2 3 2 1 1 1 1 1 1 3 13 1 1 1 1 1 1 0 1 1 13 1 1 6 17 9 6 2 0 1 1 254 42 1 1 0 0 0 0 0 0 1 1 1 1 0 0 0 1 13 1 1 0 0 0 0 1 1 1 12 240 238 19 0 0 1 6 5 1 1 4 1 1 167 171 1 1 1 1 0 0 0 0 0 1 1 204 241 78 1 0 0 0 0 0 0 0 0 0 0 0 0 0 0 0 0 0 1 1 0 0 0 0 0 0 0 0 0 0 0 0 0 1 1 1 1 0 0 0 0 0 0 0 0 0 0 0 0 0 1 1 0 0 0 0 0 0 0 0 0 0 0 0 0 1 126 123 0 0 0 0 0 0 0 0 1 1 0 0 0 0 0 1 194 3 1 0 1 1 0 238 12 1 1 0 0 1 1 1 1 1 1 5 23 70 103 115 85 52 4 1 1 0 0 0 0 0 0 0 0 0 0 0 0 0 0 0 1 18 197 1 1 1 1 1 1 6 37 67 143 167 177 184 186 186 186 188 195 195 197 197 198 200 202 202 202 203 190 150 105 9 1 1 1 52 1 1 1 1 138 1 1 1 1 1 1 0 0 0 0 0 0 0 0 0 0 0 0 0 0 0 0 0 0 0 0 0 1 10 0 0 0 0 0 0 0 0 0 0 0 0 1 1 0 0 0 0 0 0 0 0 0 0 0 0 0 0 0 0 0 0 0 0 0 0 0 0 0 0 0
1 1 1 1 1 1 1 1 1 1 0 1 6 10 1 1 1 10 1 1 0 0 1 1 1 1 0 1 1 1 1 1 1 1 1 3 13 1 1 1 4 22 1 0 0 0 1 1 1 1 150 243 2 1 1 1 1 1 1 1 1 1 0 0 0 0 1 1 0 0 1 1 5 155 220 204 64 1 1 0 0 1 0 0 1 1 250 73 1 1 0 0 0 0 0 0 0 0 0 1 1 1 1 0 0 0 0 1 1 1 0 0 0 0 0 0 0 0 0 0 0 0 0 0 0 0 0 0 0 0 0 0 0 0 1 1 0 0 0 1 1 0 0 0 0 0 1 235 1 54 253 55 1 1 6 22 0 0 0 0 0 1 2 25 33 38 3 1 42 29 6 1 0 1 12 1 2 2 1 1 1 1 1 1 1 1 1 1 1 1 11 5 1 1 1 0 0 1 1 1 0 1 13 1 1 1 1 3 8 1 0 1 1 254 168 1 0 1 1 1 1 1 11 205 235 235 237 228 91 1 1 1 11 1 0 0 0 1 1 1 224 247 128 2 182 1 2 10 1 0 1 1 3 5 1 1 226 1 1 1 0 0 0 0 0 1 51 241 208 1 0 0 0 0 0 0 0 0 0 0 0 0 0 0 0 0 0 0 0 0 1 1 0 0 0 0 0 0 0 0 0 0 0 1 1 1 1 0 0 0 0 0 0 0 0 0 0 0 0 0 0 0 1 0 0 0 0 0 0 0 0 0 0 0 0 1 1 187 1 0 0 0 0 0 0 0 0 1 1 0 0 0 0 0 1 119 149 1 0 0 1 1 238 11 1 1 0 0 1 1 0 1 1 1 1 1 1 1 8 46 78 116 107 68 34 1 0 0 0 0 0 0 0 0 0 0 0 0 0 1 92 199 118 121 121 122 120 117 107 70 133 142 26 7 3 2 1 1 22 1 1 1 1 1 7 1 1 1 1 1 10 89 151 162 163 163 163 127 129 137 138 138 1 1 1 1 1 1 0 0 0 0 0 0 0 0 0 0 0 0 0 0 0 0 0 0 0 0 0 0 10 1 0 0 0 0 0 0 0 0 0 0 0 1 1 0 0 0 0 0 0 0 0 0 0 0 0 0 0 0 0 0 0 0 0 0 0 0 0 0 0 0
0 0 1 0 1 1 1 1 1 1 1 1 10 1 0 0 1 1 6 1 0 0 1 1 1 1 1 1 1 1 1 1 1 2 11 11 1 1 1 1 1 3 24 1 0 0 0 1 1 1 4 222 210 1 1 1 1 1 1 1 1 1 0 0 0 0 0 1 1 0 0 0 1 1 2 96 212 215 136 2 1 1 1 1 1 11 252 1 1 0 0 0 0 0 0 0 0 0 0 0 0 0 0 0 1 1 1 1 0 0 0 0 0 0 0 0 0 0 0 0 0 0 0 0 0 0 0 0 0 0 0 0 0 0 1 1 0 0 0 1 1 1 1 1 1 1 7 230 1 1 80 253 24 1 6 13 4 1 0 0 1 1 1 0 5 2 39 14 53 1 1 8 1 1 14 0 1 1 3 3 1 1 1 1 1 2 6 9 10 11 1 1 1 1 1 0 0 0 1 1 0 1 15 1 1 1 2 6 1 1 1 1 1 251 227 1 0 0 0 1 12 234 248 222 163 158 156 186 243 248 223 8 11 1 1 1 1 1 172 248 201 1 1 1 117 145 5 1 1 1 1 1 1 2 3 1 188 139 1 1 1 1 1 0 1 202 241 65 1 0 0 0 0 0 0 0 0 0 0 0 0 0 0 0 0 0 0 0 0 0 0 1 0 0 0 0 0 0 0 0 0 0 0 1 1 0 1 0 0 0 0 0 0 0 0 0 0 0 0 0 0 0 1 0 0 0 0 0 0 0 0 0 0 0 0 1 1 186 1 0 0 0 0 0 0 0 0 1 1 0 0 0 0 0 1 2 197 1 0 0 0 1 238 12 1 1 0 1 1 1 1 1 1 1 1 1 1 1 1 1 1 2 15 62 91 125 107 65 12 1 1 0 0 0 0 0 0 0 0 1 153 140 1 0 1 1 0 0 1 0 36 142 1 1 0 1 1 1 21 1 1 1 1 1 8 1 1 1 0 0 0 1 1 1 1 1 1 1 1 5 1 1 1 0 1 1 1 0 0 0 0 0 0 0 0 0 0 0 0 0 0 0 0 0 0 0 0 0 0 0 7 1 0 0 0 0 0 0 0 0 0 0 0 1 0 0 0 0 0 0 0 0 0 0 0 0 0 0 0 0 0 0 0 0 0 0 0 0 0 0 0 0
0 0 1 0 1 1 0 1 1 1 1 1 9 0 0 1 1 1 12 1 1 1 1 2 2 2 7 7 8 8 7 6 12 12 2 1 1 1 1 0 0 1 2 28 1 1 1 1 1 1 1 56 244 99 1 1 1 1 1 1 1 1 1 0 0 0 0 0 1 1 0 0 1 1 1 1 1 38 184 221 188 16 1 1 1 215 241 1 1 0 0 0 0 0 0 0 0 0 0 0 0 0 1 1 1 1 0 0 0 0 0 0 0 0 0 0 0 0 0 0 0 0 0 0 0 0 0 0 0 0 0 0 0 0 1 1 0 0 0 1 1 0 0 1 1 1 99 218 1 1 1 111 253 7 18 1 1 6 2 1 1 1 0 0 4 1 1 92 2 1 1 1 5 24 5 2 5 6 6 6 10 13 13 11 12 7 2 1 1 1 1 1 2 1 0 0 0 0 0 1 1 1 8 1 1 1 9 1 1 0 1 0 1 231 249 1 1 1 7 226 247 171 1 1 1 1 1 1 1 3 204 248 159 1 1 1 88 245 233 2 1 1 2 21 9 173 22 1 1 1 0 1 1 1 7 1 1 226 1 1 1 1 1 30 234 210 1 0 0 0 0 0 0 0 0 0 0 0 0 0 0 0 0 0 0 0 0 0 0 0 0 1 1 0 0 0 0 0 0 0 0 0 0 1 1 0 0 0 0 0 0 0 0 0 0 0 0 0 0 0 0 0 1 0 0 0 0 0 0 0 0 0 0 0 0 1 137 113 0 0 0 0 0 0 0 0 0 1 1 0 0 0 0 0 1 1 197 1 1 0 0 0 238 35 1 1 1 1 1 1 1 1 1 1 1 1 1 1 1 1 1 1 1 1 2 1 15 66 111 127 91 65 46 1 0 0 0 0 0 1 188 58 1 1 1 0 0 0 1 1 1 165 1 1 1 2 3 3 26 2 1 2 2 2 6 1 0 0 0 0 0 0 0 0 0 1 0 0 0 4 0 1 0 1 1 1 0 0 0 0 0 0 0 0 0 0 0 0 0 0 0 0 0 0 0 0 0 0 0 0 1 9 0 0 0 0 0 0 0 0 0 0 0 1 0 0 0 0 0 0 0 0 0 0 0 0 0 0 0 0 0 0 0 0 0 0 0 0 0 0 0 0
0 0 1 0 1 1 0 1 1 1 1 1 10 0 0 1 1 1 2 6 1 1 1 1 1 2 1 1 1 1 1 1 1 3 1 1 1 1 0 0 0 0 0 2 29 1 0 1 1 1 1 1 140 243 3 1 1 1 1 1 1 1 1 1 1 0 0 0 0 1 1 0 0 1 1 1 1 1 1 7 131 220 213 83 1 249 96 1 1 0 0 0 0 0 0 0 0 0 0 0 0 0 1 1 0 0 0 0 0 0 0 0 0 0 0 0 0 0 0 0 0 0 0 1 1 1 1 1 1 1 0 0 0 0 0 1 0 0 0 1 1 0 0 0 0 1 190 165 1 1 1 1 145 250 31 1 1 1 3 3 1 1 0 1 3 1 1 4 70 2 1 1 1 16 4 4 2 2 2 1 1 1 1 1 1 1 2 2 2 2 1 1 1 1 0 1 1 0 0 0 1 1 1 8 11 8 1 1 1 1 2 2 2 167 254 28 190 247 247 193 1 1 1 1 1 1 1 1 1 1 1 4 248 27 16 238 244 50 1 1 1 12 10 1 1 2 182 2 1 1 1 1 1 1 1 7 0 201 114 1 1 1 159 241 130 1 0 0 0 0 0 0 0 0 0 0 0 0 0 0 0 0 0 0 0 0 0 0 0 0 0 0 1 0 0 0 0 0 0 0 0 0 0 1 1 0 1 0 0 0 0 0 0 0 0 0 0 0 0 0 0 0 1 1 0 0 0 0 0 0 0 0 0 0 0 1 188 1 0 0 0 0 0 0 0 0 0 1 0 0 0 0 0 0 0 1 197 1 1 0 0 0 224 156 1 1 1 1 1 1 1 1 1 1 1 1 1 0 1 1 1 1 1 1 1 0 0 1 1 2 40 77 25 98 75 21 1 1 0 1 199 3 1 1 0 0 0 0 1 1 1 165 2 1 1 1 1 1 4 4 1 1 1 1 2 2 1 1 1 1 0 0 0 0 0 0 0 0 0 3 1 1 0 1 1 1 0 0 0 0 0 0 0 0 0 0 0 0 0 0 0 0 0 0 0 0 0 0 0 0 0 10 1 0 0 0 0 0 0 0 0 0 0 1 0 0 0 0 0 0 0 0 0 0 0 0 0 0 0 0 0 0 0 0 0 0 0 0 0 0 0 0
0 0 1 0 1 1 1 0 1 1 1 1 10 0 1 1 1 0 1 9 1 1 1 1 1 2 1 1 0 0 0 0 1 3 1 1 1 0 0 0 0 1 1 1 1 29 1 0 0 1 1 1 2 216 219 30 21 1 1 1 1 1 1 1 1 0 0 0 0 0 1 1 1 1 0 1 1 1 1 1 1 1 65 210 218 255 17 1 1 0 0 0 0 0 0 0 0 0 0 0 0 1 1 0 0 0 0 0 0 0 0 0 0 0 0 0 0 0 0 0 0 0 1 10 6 6 4 2 2 2 1 0 0 0 0 1 0 0 0 1 1 0 0 0 0 1 218 107 1 1 0 1 1 184 251 1 1 1 1 1 2 1 1 2 1 1 1 1 3 71 56 2 12 5 1 1 1 1 1 1 3 3 3 3 2 2 1 1 1 1 1 1 1 5 14 19 23 2 0 0 0 1 1 1 1 1 1 2 2 1 1 1 24 198 254 249 243 105 1 1 1 1 1 1 1 1 0 0 0 1 1 1 101 248 248 145 1 1 1 6 9 1 1 1 1 1 97 141 1 1 1 1 1 1 1 8 0 1 225 1 36 237 231 23 1 0 0 0 0 0 0 0 0 0 0 0 0 0 0 0 0 0 0 0 0 0 0 0 0 0 0 0 1 1 0 0 0 0 0 0 0 0 0 0 2 0 1 0 0 0 0 0 0 0 0 0 0 0 0 0 0 0 1 1 0 0 0 0 0 0 0 0 0 0 0 2 186 1 0 0 0 0 0 0 0 0 0 1 0 0 0 0 0 0 0 1 192 10 1 1 0 0 40 238 1 0 0 1 1 1 1 1 1 1 1 1 1 1 1 1 1 1 1 1 1 1 0 0 0 0 0 5 51 29 56 105 131 107 63 5 201 1 1 1 0 0 0 0 0 0 1 112 103 2 2 2 1 1 3 9 2 2 1 1 1 1 1 1 1 1 1 0 0 1 1 0 0 0 0 1 3 1 1 1 1 0 0 0 0 0 0 0 0 0 0 0 0 0 0 0 0 0 0 0 0 0 0 0 0 0 0 6 2 0 0 0 0 0 0 0 0 0 0 1 0 0 0 0 0 0 0 0 0 0 0 1 1 1 1 1 1 1 1 1 1 1 1 1 1 1 1 1
0 0 1 1 1 1 1 1 1 1 1 1 6 1 0 1 1 0 1 1 10 1 1 1 2 1 1 1 0 0 0 0 0 2 1 1 1 0 0 0 1 1 1 1 1 1 28 1 1 1 1 1 1 49 240 114 2 23 30 23 1 1 1 1 0 0 0 1 1 0 0 0 1 1 0 1 1 1 1 1 1 1 1 1 183 252 213 1 1 1 0 0 0 0 0 1 0 1 0 0 0 1 0 0 0 0 0 0 0 0 0 0 0 0 0 0 0 0 0 0 0 0 1 5 1 1 0 1 1 1 1 0 0 0 0 1 0 0 0 1 1 0 0 0 0 1 230 16 1 1 0 1 5 2 233 240 1 1 1 1 1 1 2 5 1 1 1 1 1 1 10 84 9 8 3 1 1 0 1 1 1 1 1 1 1 2 8 14 15 16 18 18 16 7 2 1 1 21 1 0 0 1 1 1 1 1 1 1 0 1 1 25 30 243 7 1 4 133 1 1 0 0 1 1 1 0 0 0 0 0 0 0 0 1 1 1 1 2 2 1 1 1 0 0 0 0 1 171 29 1 0 1 1 1 1 6 1 1 203 209 241 104 1 3 1 0 0 0 0 0 0 0 0 0 0 0 0 0 0 0 0 0 0 0 0 0 0 0 0 0 0 0 0 1 0 0 0 0 0 0 0 0 0 0 2 0 1 0 0 0 0 0 0 0 0 0 0 0 0 0 0 0 0 1 1 0 0 0 0 0 0 0 0 0 1 154 79 0 0 0 0 0 0 0 0 0 0 1 0 0 0 0 0 0 0 1 98 163 1 1 0 0 1 241 1 0 0 0 1 1 1 1 0 0 0 0 1 1 1 1 1 1 1 1 1 1 0 0 0 0 0 3 1 0 0 0 1 19 68 124 235 81 35 1 1 1 0 0 1 1 1 4 165 1 0 1 4 2 1 15 1 1 1 1 1 1 1 1 1 1 1 0 1 1 1 0 0 0 0 0 2 2 1 1 1 0 0 0 0 0 0 0 0 0 0 0 0 0 0 0 0 0 0 0 0 0 0 0 0 0 0 4 3 1 1 1 1 1 1 1 1 1 1 1 1 1 1 1 1 1 1 1 1 1 1 1 1 1 1 1 1 1 1 1 1 1 1 1 1 1 1 1
0 0 1 1 1 1 0 0 1 1 1 5 1 1 1 1 1 0 1 1 1 11 1 1 1 1 1 1 0 0 0 0 0 2 1 1 1 1 0 1 1 1 1 1 1 1 2 26 1 1 1 1 1 1 132 242 2 1 1 1 23 31 26 1 1 1 1 1 0 0 0 0 0 0 1 1 0 0 0 1 1 1 1 1 249 183 213 3 0 1 0 0 0 0 0 1 1 1 0 0 0 1 1 1 0 0 0 1 0 0 0 0 0 0 0 0 0 0 0 0 0 0 1 6 0 0 0 1 0 0 0 0 0 0 0 1 0 0 0 0 1 0 0 0 0 1 230 1 1 1 1 3 2 1 1 253 67 1 1 0 1 1 3 2 2 1 1 1 1 1 1 81 2 4 1 2 1 1 2 8 14 16 18 17 14 9 2 1 1 1 1 1 1 1 1 1 1 22 1 0 0 0 1 1 1 1 0 0 0 1 27 8 238 89 1 1 1 138 1 0 0 0 0 1 1 0 0 0 0 0 0 0 0 1 1 2 1 1 1 1 0 0 0 0 0 0 0 2 183 1 1 1 1 4 6 1 1 1 171 212 1 1 0 1 3 1 0 0 0 0 0 0 0 0 0 0 0 0 0 0 0 0 0 0 0 0 0 0 0 0 0 0 0 1 0 0 0 0 0 0 0 0 0 0 2 0 1 1 0 0 0 0 0 0 0 0 0 0 0 0 0 0 0 1 1 1 0 0 0 0 0 0 0 0 1 187 1 0 0 0 0 0 0 0 0 0 0 1 0 0 0 0 0 0 0 1 2 197 1 1 0 0 1 235 106 1 0 0 0 1 1 1 1 1 0 0 1 1 1 0 0 0 1 1 2 1 0 0 0 0 0 3 0 0 0 0 0 0 0 1 199 46 88 125 108 63 9 1 1 1 2 2 97 116 2 3 2 6 14 15 1 1 1 1 1 0 1 1 1 1 1 1 1 1 1 0 0 0 0 0 1 4 1 1 0 0 0 0 0 0 0 0 0 0 0 0 0 0 0 0 0 0 0 0 0 0 0 0 0 0 0 1 9 10 10 10 10 9 9 9 8 7 7 8 1 1 1 1 1 1 1 1 1 1 1 1 1 0 0 0 0 0 0 1 1 1 1 1 1 1 0 0
1 0 1 1 1 1 0 0 1 1 1 3 3 1 1 1 1 1 1 1 1 1 7 1 1 1 1 1 0 0 0 0 0 1 1 1 1 1 1 1 1 1 1 1 0 0 1 6 21 1 1 1 1 1 1 210 216 1 1 1 1 1 1 25 32 26 1 1 0 0 0 0 0 0 1 1 1 1 0 0 0 0 1 2 252 147 213 129 1 1 1 1 1 1 1 1 1 1 0 0 0 1 0 0 0 0 0 1 0 0 0 0 1 0 0 0 0 0 0 0 0 0 1 6 0 0 0 1 0 0 0 0 0 0 0 1 0 0 1 1 1 1 0 0 0 1 232 1 1 1 2 4 1 1 1 139 251 1 1 1 0 1 1 1 1 3 1 1 1 1 33 35 8 8 2 26 21 18 11 3 1 1 1 1 1 1 1 1 1 1 1 1 1 1 1 1 1 23 1 1 0 0 0 0 0 1 0 0 1 27 3 231 145 1 0 1 1 139 1 1 0 0 0 0 1 1 0 0 0 0 0 1 1 7 1 1 1 1 0 1 1 0 0 0 0 0 0 1 93 148 1 2 93 110 46 1 15 190 94 1 1 1 0 1 3 1 1 0 0 0 0 0 0 0 0 0 0 0 0 0 0 0 0 0 0 0 0 0 0 0 0 0 0 1 0 0 0 0 0 0 0 0 0 0 1 1 0 1 0 0 0 0 0 0 0 0 0 0 0 0 0 0 0 1 1 1 1 1 1 1 1 1 1 1 2 186 1 0 0 0 0 0 0 0 0 0 0 1 0 0 0 0 0 0 0 1 1 198 1 1 1 0 0 20 238 16 1 0 0 1 0 1 1 1 0 1 1 0 0 0 0 0 1 1 3 1 1 0 0 0 0 3 0 0 0 0 0 0 0 0 197 1 1 24 121 149 151 128 85 43 2 1 3 125 141 116 22 21 3 1 1 1 1 1 1 0 1 1 0 1 1 1 1 1 1 0 0 0 0 1 1 4 1 1 0 0 0 0 0 0 0 0 0 0 0 0 0 0 0 0 0 0 0 0 0 0 0 0 0 0 0 0 1 1 0 1 1 1 1 1 1 1 1 6 0 0 0 0 0 0 0 0 0 1 1 0 0 0 0 0 0 0 0 0 0 0 0 0 0 0 0 0
1 0 0 1 1 1 0 0 0 1 1 1 7 1 1 0 1 1 1 1 1 1 8 1 1 1 1 1 0 0 0 1 2 3 1 1 1 1 1 1 1 1 1 0 0 1 1 1 19 5 1 0 1 1 1 40 243 88 2 1 1 1 1 1 1 1 24 28 7 1 1 0 0 0 1 0 1 1 1 1 0 0 1 1 249 120 90 213 230 179 94 18 2 1 1 1 1 1 1 1 0 1 0 0 0 0 1 1 0 0 0 1 1 0 0 0 0 0 0 0 0 0 1 7 0 0 0 1 0 0 0 0 0 0 0 1 0 0 1 1 1 1 1 1 1 2 230 1 1 2 5 1 1 1 1 1 248 205 1 1 1 1 1 1 1 2 0 1 1 7 24 1 7 47 7 1 0 0 0 0 0 1 1 1 1 1 1 1 1 1 1 1 1 1 1 1 7 10 2 1 1 1 1 1 1 1 1 3 25 1 221 179 1 1 0 0 1 125 14 1 0 0 0 0 1 1 0 0 0 0 1 9 8 1 0 0 1 1 0 0 1 0 0 0 0 0 0 0 1 172 113 92 2 1 112 131 189 13 1 0 1 1 1 4 5 1 1 0 0 0 0 0 0 0 0 0 0 0 0 0 0 0 0 0 0 0 0 0 0 0 0 0 0 1 0 0 0 0 0 0 0 0 0 0 1 1 0 1 1 0 0 0 0 0 0 0 0 0 0 0 0 0 0 1 1 0 0 0 0 0 0 0 1 1 150 91 0 0 0 0 0 0 0 0 0 0 0 1 0 0 0 0 0 0 0 0 1 197 1 0 1 0 0 0 139 241 183 1 1 1 1 1 1 1 1 1 1 0 0 0 0 0 1 1 3 1 1 0 0 0 0 3 0 0 0 0 0 0 0 0 199 74 108 71 1 1 37 107 142 155 133 120 91 136 114 94 160 1 7 1 1 1 1 1 1 1 1 1 1 1 1 1 1 1 1 0 0 0 1 1 2 2 1 1 0 0 0 0 0 0 0 0 0 0 0 0 0 0 0 0 0 0 0 0 0 0 0 0 0 0 0 0 1 1 0 0 0 0 0 0 0 0 1 5 0 0 0 0 0 0 0 0 0 1 1 0 0 0 0 0 0 0 0 0 0 0 0 0 0 1 1 0
9 1 0 1 1 1 1 0 0 1 1 1 6 0 1 1 1 1 1 1 0 1 5 1 0 1 1 1 1 1 1 2 1 1 1 1 1 1 0 0 1 1 1 0 1 1 1 1 1 34 1 0 1 1 1 1 130 240 2 1 2 1 1 1 0 0 1 9 1 6 9 6 1 0 1 0 1 0 1 1 1 1 1 10 249 4 1 1 17 175 218 230 233 233 233 233 233 227 212 157 73 1 0 1 1 1 1 0 0 0 0 1 1 0 0 0 0 0 0 0 0 0 1 7 0 0 0 1 0 0 0 0 0 0 0 1 0 0 1 0 1 1 1 0 0 33 227 1 1 10 1 1 1 0 0 1 2 253 94 3 1 1 2 3 3 1 1 1 1 42 1 1 1 22 1 1 1 1 1 1 1 1 1 3 14 23 9 1 1 1 1 1 1 1 1 1 5 1 6 8 6 3 2 1 1 1 18 14 1 202 204 1 0 1 1 1 1 18 125 1 0 0 0 0 0 1 1 1 1 8 12 1 1 1 1 0 1 1 1 1 1 1 0 0 0 0 0 0 0 1 158 1 1 5 176 189 1 1 0 0 0 1 3 1 2 5 1 0 0 0 0 0 0 0 0 0 0 0 0 0 0 0 0 0 0 0 0 0 0 0 0 0 0 1 0 0 0 0 0 0 0 0 0 0 1 1 0 0 1 0 0 0 0 0 0 0 0 0 0 0 0 0 0 0 1 0 0 0 0 0 0 0 0 1 188 1 0 0 0 0 0 0 0 0 0 0 0 1 0 0 0 0 0 0 0 0 1 181 48 1 1 0 0 0 1 8 212 241 238 204 118 10 1 1 1 1 1 1 1 1 0 0 0 1 3 1 1 0 0 0 1 2 0 0 0 0 0 0 0 1 204 15 1 5 2 1 1 2 4 6 102 137 86 146 1 1 140 33 3 3 1 1 1 1 1 1 1 1 1 1 1 1 1 0 0 0 0 1 1 0 4 1 1 1 1 0 0 0 0 0 0 0 0 0 0 0 0 0 0 0 0 0 0 0 0 0 0 0 0 0 0 0 0 1 0 0 0 0 0 0 0 0 2 4 0 0 0 0 0 0 0 0 0 1 1 0 0 0 0 0 0 0 0 0 0 0 0 0 0 1 0 0
5 2 0 1 1 1 1 0 1 1 1 8 1 0 1 1 1 1 0 0 1 1 3 2 1 1 1 1 1 1 1 2 1 1 1 1 1 1 1 1 1 1 1 1 1 1 0 0 1 1 29 1 0 0 1 1 1 211 211 1 1 1 1 1 1 1 1 6 0 0 1 1 8 1 1 1 1 0 1 0 1 1 1 97 247 1 1 1 1 1 1 1 1 1 1 1 3 40 119 212 202 32 1 1 1 0 0 0 1 1 1 1 0 0 0 0 0 0 0 0 0 0 1 8 0 0 0 1 0 0 0 0 0 0 0 1 0 0 1 0 1 1 1 1 1 141 204 1 11 1 1 1 1 1 4 71 118 187 253 27 7 3 1 1 1 1 1 1 30 2 1 1 23 1 1 1 1 1 1 1 5 31 31 19 6 2 9 16 1 1 1 1 0 1 0 1 2 4 2 1 1 3 5 13 28 25 2 1 175 223 1 1 0 1 1 1 1 1 141 1 0 0 0 0 0 1 3 12 11 1 0 1 1 0 1 1 1 1 0 0 1 1 0 1 0 0 0 0 0 1 54 114 78 176 32 87 58 1 1 1 1 3 1 1 1 3 1 0 0 0 0 0 0 0 0 0 0 0 0 0 0 0 0 0 0 0 0 0 0 0 0 0 0 1 0 0 0 0 0 0 0 0 0 0 0 1 0 0 1 1 0 0 0 0 0 0 0 0 0 0 0 0 0 0 1 0 0 0 0 0 0 0 1 39 184 1 0 0 0 0 0 0 0 0 0 0 0 1 0 0 0 0 0 0 0 0 1 59 179 1 1 0 0 0 1 1 1 1 16 199 233 239 241 241 241 236 208 131 15 1 1 1 1 1 3 1 1 0 0 0 2 1 0 0 0 0 0 0 0 1 204 1 1 2 5 1 1 1 2 1 1 4 127 172 5 1 156 15 8 7 11 8 1 1 1 1 1 1 1 1 1 1 1 1 1 1 1 1 0 1 3 1 0 1 1 0 0 0 0 0 0 0 0 0 0 0 0 0 0 0 0 0 0 0 0 0 0 0 0 0 0 0 0 0 0 0 0 0 0 0 0 0 4 2 0 0 0 0 0 0 0 0 0 1 1 0 0 0 0 0 0 0 0 0 0 0 0 0 0 1 0 0
1 9 1 0 1 1 1 1 1 1 1 10 1 0 0 1 1 1 0 0 1 1 2 3 1 1 0 1 1 1 1 2 1 1 1 1 1 1 1 1 1 1 1 1 1 0 0 0 1 1 7 14 1 0 1 1 1 31 240 109 1 1 1 1 1 1 1 2 1 1 0 0 1 5 8 2 1 1 1 1 13 16 28 214 227 1 1 1 1 1 1 1 1 1 1 1 1 1 1 206 144 37 1 0 0 0 0 1 1 1 1 0 0 0 0 0 0 0 0 0 0 0 1 8 0 0 1 1 1 1 1 1 0 0 0 1 0 0 1 0 1 1 1 1 1 195 153 13 1 1 2 51 114 122 116 66 3 1 187 251 1 3 1 1 1 1 1 6 22 1 1 17 46 34 34 34 34 34 34 34 16 1 1 1 0 0 1 28 1 1 1 1 1 1 0 0 1 1 1 4 4 3 4 5 1 1 1 136 231 1 1 0 0 1 1 1 1 1 141 1 0 0 1 1 6 8 17 1 1 1 0 0 1 1 0 0 0 0 0 0 1 1 1 1 1 1 1 1 1 3 70 163 154 2 1 1 132 3 2 3 2 1 1 1 0 4 1 0 0 0 0 0 0 0 0 0 0 0 0 0 0 0 0 0 0 0 0 0 0 0 0 0 0 1 0 0 0 0 0 0 0 0 0 0 1 1 0 0 0 1 0 0 0 0 0 0 0 0 0 0 0 0 0 0 1 1 0 0 0 0 0 0 1 184 40 2 0 0 0 0 0 0 0 0 0 0 0 1 0 0 0 0 0 0 0 0 1 1 198 1 1 0 0 0 1 1 0 0 0 1 1 1 1 1 2 62 196 233 239 242 242 242 239 195 109 1 1 1 1 0 2 1 0 0 0 0 0 0 0 1 195 19 1 1 15 2 2 2 2 2 40 236 248 241 160 224 253 253 253 253 239 67 11 9 5 2 1 1 1 1 1 1 1 1 1 1 1 1 1 4 1 1 0 0 1 1 0 0 0 0 0 0 0 0 0 0 0 0 0 0 0 0 0 0 0 0 0 0 0 0 0 0 0 0 0 0 0 0 0 0 0 0 6 1 0 0 0 0 0 0 0 0 0 1 0 0 0 0 0 0 0 0 0 0 0 0 0 0 1 1 0 0
1 4 2 0 0 1 1 1 1 1 1 9 1 1 0 1 1 1 0 0 0 1 1 5 1 1 0 1 1 1 1 2 1 1 1 1 1 0 1 1 1 1 1 0 0 0 0 0 1 1 1 12 7 1 1 1 1 1 129 240 4 1 1 1 1 0 1 1 1 1 1 1 1 1 1 5 11 11 31 40 15 13 31 129 244 1 0 1 1 0 1 1 1 1 1 1 1 1 1 227 1 33 1 0 0 0 0 1 1 0 1 0 0 0 0 0 0 0 0 0 0 0 1 8 0 0 1 0 0 0 0 0 0 0 0 1 0 0 1 0 1 1 1 1 1 218 138 41 104 120 120 79 6 1 1 1 1 0 1 233 248 1 3 1 1 1 7 34 1 3 13 1 1 1 1 1 1 1 1 1 1 1 1 1 1 1 0 29 1 1 1 0 1 1 0 1 1 1 1 0 1 9 2 1 1 1 86 238 1 1 0 0 0 0 1 1 1 1 95 64 1 9 11 6 1 1 4 1 1 1 0 0 0 1 0 1 1 0 0 0 0 0 1 1 1 1 2 3 2 1 131 187 33 1 1 1 3 134 1 1 1 0 1 1 0 4 1 0 0 0 0 0 0 0 0 0 0 0 0 0 0 0 0 0 0 0 0 0 0 0 0 0 0 1 0 0 0 0 0 0 0 0 0 1 1 1 0 0 0 0 1 0 0 1 1 1 1 1 1 0 0 0 0 0 1 1 0 0 0 0 0 1 2 189 2 7 1 0 0 0 0 0 0 0 0 0 0 1 1 0 0 0 0 0 0 0 0 1 198 1 1 0 0 0 1 1 0 0 0 0 0 0 0 0 0 0 0 0 1 1 1 1 44 219 239 229 7 1 1 1 3 1 1 1 1 1 1 1 1 1 111 168 3 10 44 3 1 1 117 241 246 168 2 243 253 246 75 1 1 8 225 253 253 251 162 14 9 5 3 1 1 1 1 1 1 1 1 1 3 1 1 1 1 1 1 1 0 0 0 0 0 0 0 0 0 0 0 0 0 0 0 0 0 0 0 0 0 0 0 0 0 0 0 0 0 0 0 0 0 0 0 0 7 1 0 0 0 0 0 0 0 0 0 1 0 0 0 0 0 0 0 0 0 0 0 0 0 0 1 0 0 0
1 1 8 1 1 1 1 1 1 1 1 6 1 1 1 1 1 1 0 0 1 1 1 6 1 1 1 1 1 1 1 2 1 1 1 1 0 0 1 1 1 0 0 0 0 0 0 1 1 1 0 1 21 4 1 0 1 1 1 203 217 1 1 1 1 1 1 1 0 0 0 1 1 1 1 1 1 1 30 1 0 1 5 60 246 1 1 1 1 0 1 1 1 1 1 1 0 1 1 227 4 23 1 0 0 0 0 1 0 0 1 0 0 0 0 0 0 0 0 0 0 0 1 8 0 0 1 0 0 0 0 0 0 0 0 1 0 0 1 1 1 1 1 88 184 228 126 81 9 2 1 1 1 1 1 0 0 0 0 1 248 226 1 6 53 43 20 1 9 6 1 1 1 1 1 1 1 1 1 1 1 0 1 1 1 1 1 30 1 1 1 0 1 1 1 1 1 1 1 1 6 3 1 1 1 27 240 12 1 0 0 0 0 0 1 1 1 1 11 154 13 1 1 0 1 0 1 5 1 1 1 1 0 1 1 1 1 0 0 0 0 1 1 2 2 1 1 0 0 1 200 12 43 1 1 1 1 72 87 1 1 1 1 1 1 4 1 0 0 0 0 0 0 0 0 0 0 0 0 0 0 0 0 0 0 0 0 0 0 0 0 0 0 1 0 0 0 0 0 0 0 0 1 1 1 0 0 0 0 0 1 1 1 1 1 1 1 1 1 1 0 0 0 0 0 1 0 0 0 0 1 1 103 152 1 11 1 1 0 0 0 0 0 0 0 0 1 1 1 0 0 0 0 0 0 0 0 1 198 2 1 0 0 0 0 1 0 0 0 0 0 0 0 0 0 0 0 0 0 0 0 1 2 1 1 163 242 242 152 122 147 1 1 2 47 151 210 238 243 245 245 250 248 245 248 246 246 246 241 95 1 1 1 1 1 1 1 0 1 1 1 1 2 156 251 251 28 3 4 6 5 4 3 1 1 1 2 4 1 1 1 1 0 0 1 1 1 0 0 0 0 0 0 0 0 0 0 0 0 0 0 0 0 0 0 0 0 0 0 0 0 0 0 0 0 0 0 0 0 0 0 0 8 1 0 0 0 0 0 0 0 0 0 1 0 0 0 0 0 0 0 0 0 0 0 0 0 1 1 0 0 0
1 1 5 1 1 1 1 1 0 1 1 2 1 1 1 1 1 1 1 1 1 2 4 3 1 1 1 1 1 1 0 3 1 1 1 0 0 1 1 1 0 0 0 0 0 0 1 1 1 0 1 1 1 10 4 0 1 0 1 50 232 137 1 1 2 1 1 1 1 1 1 1 1 1 1 1 0 1 24 1 0 1 4 97 246 1 1 0 0 0 0 0 1 1 1 1 0 1 1 227 18 7 0 0 0 0 0 1 0 0 0 0 0 0 0 0 0 0 0 0 0 0 1 8 1 1 1 0 0 0 0 0 0 1 1 1 1 1 1 47 179 206 206 169 64 202 1 1 2 1 0 1 1 1 0 0 0 1 1 1 3 253 170 29 2 1 1 14 2 1 0 0 1 1 1 1 1 1 1 1 1 1 1 1 1 1 1 30 1 1 1 0 1 1 0 0 1 1 1 3 6 0 1 1 3 238 65 1 1 0 0 0 1 1 1 1 10 16 2 142 1 0 0 0 0 0 1 6 1 1 1 1 0 0 1 1 1 0 1 1 2 1 1 1 0 0 0 0 1 100 177 1 19 7 1 2 4 1 114 12 1 1 1 1 1 4 1 0 0 0 0 0 0 0 0 0 0 0 0 0 0 0 0 0 0 0 0 0 0 0 0 0 0 1 0 0 0 1 1 1 1 1 1 1 0 0 1 1 1 1 1 1 1 0 0 0 0 0 1 1 1 1 1 1 0 1 0 0 0 1 1 1 186 8 1 11 1 1 0 0 0 0 0 0 1 1 1 7 2 1 0 0 0 0 0 0 0 1 173 76 1 0 0 0 0 2 0 0 0 0 0 0 0 0 0 0 0 0 0 0 0 1 1 1 1 0 1 19 232 237 235 245 245 243 240 233 203 94 2 1 1 178 1 1 1 1 1 1 1 0 0 0 1 1 1 0 0 0 1 1 1 1 1 1 1 158 251 1 1 1 2 2 2 6 5 4 2 1 1 1 1 1 0 0 0 1 1 0 0 0 0 0 0 0 0 0 0 0 0 0 0 0 0 0 0 0 0 0 0 0 0 0 0 0 0 0 0 0 0 0 0 0 8 1 0 0 0 0 0 0 0 0 0 1 0 0 0 0 0 0 0 0 0 0 0 0 0 1 1 0 0 0
1 1 5 3 1 0 0 0 1 1 1 3 2 2 2 2 1 1 1 1 1 1 1 4 1 1 1 1 0 1 1 3 1 1 0 0 1 1 1 1 0 0 0 0 0 1 1 1 0 1 1 1 0 1 11 3 1 1 0 1 157 242 153 141 143 138 118 83 38 10 3 1 1 1 1 1 1 12 3 1 1 1 3 128 243 1 1 0 1 1 1 1 1 1 1 1 0 1 1 227 31 2 0 0 0 0 0 1 1 0 0 0 0 0 0 0 0 0 0 0 0 0 1 8 1 1 1 0 0 0 1 1 1 1 1 23 166 205 208 190 74 1 1 2 1 204 1 1 1 0 1 1 0 0 0 0 1 1 1 1 1 45 253 117 1 5 10 1 1 0 0 0 0 0 0 1 1 1 1 1 1 1 0 1 1 1 1 31 1 1 1 1 1 1 0 1 1 1 1 15 1 1 1 1 234 119 1 0 0 0 1 1 1 1 0 1 19 1 1 134 2 0 0 0 0 0 0 6 1 1 0 1 0 0 1 1 1 2 1 1 1 0 1 1 0 0 0 0 1 205 2 1 1 40 1 4 1 1 36 99 1 1 1 1 1 1 2 0 0 0 0 0 0 0 0 0 0 0 0 0 0 0 0 0 1 1 1 0 0 0 1 1 1 1 1 1 1 1 1 1 1 1 1 0 0 0 0 0 0 0 0 0 0 0 0 0 0 0 1 1 1 1 1 1 1 1 1 0 0 1 1 3 189 1 1 10 1 1 1 1 1 1 1 1 3 11 8 2 12 1 0 0 0 0 0 0 0 1 65 177 1 0 0 0 0 2 1 0 0 0 0 0 0 0 0 0 0 0 0 0 0 0 1 2 0 0 0 0 1 1 1 1 1 1 0 0 0 0 1 1 1 178 1 0 1 0 0 0 0 0 0 0 0 1 1 0 0 0 0 1 1 1 1 1 1 1 253 2 1 0 1 1 1 1 1 1 1 1 1 1 1 1 1 0 0 1 1 1 0 0 0 0 0 0 0 0 0 0 0 0 0 0 0 0 0 0 0 0 0 0 0 0 0 0 0 0 0 0 0 0 0 0 8 1 0 0 0 0 0 0 0 0 0 1 0 0 0 0 0 0 0 0 0 0 0 0 1 1 3 6 7 8
2 1 1 7 1 1 1 2 3 4 4 2 1 1 1 1 1 1 1 1 0 0 1 7 1 1 1 1 0 1 2 1 1 1 0 1 1 1 1 1 0 0 0 0 1 1 1 1 1 2 1 0 0 1 1 10 3 1 1 69 40 149 211 1 1 6 34 84 117 133 141 143 144 145 145 135 114 105 36 9 2 1 1 177 232 1 1 1 1 0 0 0 0 0 0 1 1 1 2 227 61 1 1 0 0 0 1 1 0 0 0 0 0 0 0 0 0 0 0 0 0 0 1 9 1 1 1 1 1 1 3 70 164 203 207 194 99 1 1 1 1 1 2 1 1 204 1 2 0 1 1 0 0 0 1 1 1 0 1 1 1 1 154 253 48 4 1 1 1 0 0 0 0 0 1 1 1 1 1 1 1 0 1 1 0 1 1 31 1 1 1 1 1 1 0 1 0 1 12 1 1 1 1 225 165 1 1 0 1 1 1 0 0 1 2 22 1 0 1 117 32 1 0 0 0 0 0 3 1 1 0 1 1 2 2 1 1 1 0 0 0 1 1 0 0 0 0 0 108 172 1 1 1 55 3 1 0 0 82 62 1 1 1 1 1 0 2 1 0 0 0 0 0 0 0 0 0 0 0 0 0 0 1 1 1 1 1 1 1 1 1 1 1 1 0 0 0 0 0 0 0 0 0 0 0 0 0 0 0 0 0 0 0 0 0 0 0 0 0 0 0 0 0 1 1 1 1 0 0 1 1 129 138 1 0 4 10 8 4 1 1 1 7 11 4 1 1 1 11 1 1 0 0 0 0 0 0 1 6 193 1 0 0 0 0 1 1 0 0 0 0 0 0 0 0 0 0 0 0 0 0 0 1 2 1 0 0 0 0 1 0 0 0 0 0 0 0 0 0 1 1 174 4 1 1 0 0 0 0 0 0 0 0 1 1 1 0 0 0 0 0 1 1 1 1 1 251 111 1 1 0 1 1 1 0 1 1 1 1 2 2 1 1 1 1 1 1 1 0 0 0 0 0 0 0 0 0 0 0 0 0 0 0 0 0 0 0 0 0 0 0 0 0 0 0 0 0 0 0 0 0 0 8 1 0 0 0 0 0 0 0 0 0 1 0 0 0 0 1 1 1 3 6 7 8 8 8 6 3 1 1 1
1 1 1 3 5 3 2 1 1 1 1 1 1 1 1 0 1 0 1 1 0 0 1 1 14 3 3 2 3 3 2 1 1 1 1 1 1 1 0 1 1 0 0 1 1 1 1 1 2 1 0 0 1 1 0 1 10 4 63 33 1 29 206 142 1 1 1 0 1 1 1 1 1 1 1 5 37 104 116 134 144 150 148 238 213 4 1 1 1 1 1 1 1 1 1 1 1 1 56 209 89 1 1 0 0 0 1 1 0 0 0 0 0 0 0 0 0 0 0 0 0 0 1 10 1 1 44 125 165 205 205 184 110 4 1 1 1 1 1 1 1 1 1 1 10 197 2 1 1 1 1 0 0 0 1 0 0 0 1 1 1 9 1 197 251 9 1 1 1 1 1 1 1 1 1 1 1 1 1 1 1 1 1 1 1 1 1 28 1 0 0 0 1 1 1 1 0 3 7 1 1 1 212 195 1 1 0 1 1 0 1 1 1 2 1 23 1 0 1 133 5 1 0 0 0 0 0 1 6 1 5 9 4 1 1 0 0 0 0 0 0 1 0 0 0 0 0 1 205 1 1 1 1 67 1 1 1 0 81 59 1 1 0 1 0 0 1 3 1 0 0 0 0 0 0 0 0 0 0 0 0 0 1 1 1 1 0 1 0 0 0 0 0 1 0 0 0 0 0 0 0 0 0 0 0 0 0 0 0 0 0 0 0 0 0 0 0 0 0 0 0 0 0 0 1 1 1 1 1 1 1 189 4 1 1 1 1 1 3 9 11 9 2 1 1 1 0 1 1 10 1 0 0 0 0 0 0 0 1 198 1 0 0 0 0 0 2 1 0 0 0 0 0 0 0 0 0 0 0 0 0 0 1 2 1 0 0 0 0 0 0 0 0 0 0 0 0 0 0 0 1 145 155 155 10 1 0 0 0 0 0 0 0 0 1 1 1 0 0 0 0 0 1 1 1 1 181 249 1 1 0 0 1 1 1 1 1 1 1 1 1 1 1 1 1 1 1 1 1 1 0 0 0 0 0 0 0 0 0 0 0 0 0 0 0 0 0 0 0 0 0 0 0 0 0 0 0 0 0 0 0 0 8 1 0 0 0 0 0 0 0 1 1 2 4 7 7 7 7 7 6 3 1 1 1 1 1 0 0 0 0 0
1 4 2 1 2 1 0 0 0 1 1 1 1 0 0 0 0 0 1 1 0 0 0 1 16 1 1 1 1 0 0 0 0 1 1 0 1 1 1 0 1 1 1 1 1 1 1 2 1 0 0 1 1 0 0 0 1 83 39 1 1 1 91 223 11 1 1 1 1 1 1 1 0 1 1 1 3 4 1 1 1 1 1 121 235 180 56 45 106 109 141 149 145 129 114 108 104 107 185 212 112 1 1 1 1 1 1 1 1 1 1 1 1 1 1 1 1 1 1 1 1 1 61 142 153 176 180 148 108 6 1 1 1 1 1 1 0 0 1 2 1 1 0 1 114 158 1 1 1 2 0 0 0 0 1 0 0 0 1 1 7 1 1 1 219 251 8 1 1 1 1 1 1 1 1 1 1 1 1 1 2 1 2 2 1 1 4 19 1 1 1 1 1 1 1 1 1 17 1 1 1 185 218 1 1 0 1 1 1 1 1 2 1 1 10 2 1 1 1 107 49 1 1 1 1 1 1 1 3 6 1 1 4 1 0 0 0 0 0 0 1 1 1 1 0 0 1 115 169 1 0 0 1 68 1 1 1 1 108 16 1 1 0 1 0 0 0 1 4 1 0 0 0 0 0 0 0 0 0 0 0 1 1 0 0 0 0 1 0 0 0 0 0 1 0 0 0 0 0 0 0 0 0 0 0 0 0 0 0 0 0 0 0 0 0 0 0 0 0 0 0 0 0 0 1 1 1 1 0 1 3 189 1 1 1 1 1 0 1 1 1 1 1 1 0 0 0 0 1 14 1 0 0 0 0 0 0 0 1 198 2 1 0 0 0 0 1 1 0 0 0 0 0 0 0 0 0 0 0 0 0 0 1 1 1 0 0 0 0 0 0 0 0 0 0 0 0 0 0 0 1 2 115 88 163 1 0 0 0 0 0 0 0 0 1 1 1 0 0 0 0 0 0 1 1 1 2 253 2 1 0 0 0 1 1 0 0 0 0 1 1 1 1 1 1 1 1 1 1 1 1 1 0 0 0 0 0 0 0 0 0 0 0 0 0 0 0 0 0 0 0 0 0 0 0 0 0 0 0 0 0 0 8 1 1 1 2 6 8 8 8 8 7 5 2 1 1 1 1 1 0 0 0 0 0 0 1 0 0 0 0 0
67 3 1 1 1 1 0 0 0 0 1 1 1 0 0 0 0 0 1 1 0 0 0 0 12 1 0 1 1 1 0 0 1 1 0 0 0 1 1 1 1 1 1 1 1 1 2 1 0 0 1 1 1 1 0 1 60 57 1 1 1 1 1 153 211 1 1 1 1 1 1 1 0 1 0 1 9 1 0 0 1 1 1 1 179 205 206 93 70 201 227 225 225 214 185 140 123 172 57 75 228 210 188 182 179 175 165 138 80 16 2 1 1 1 145 183 107 2 48 129 155 183 184 142 117 75 14 1 2 1 1 0 0 2 0 1 0 1 2 1 1 1 1 1 186 67 1 0 1 1 0 0 0 0 1 0 0 0 1 1 11 1 0 1 1 220 250 6 1 1 1 0 0 1 1 0 1 1 1 1 1 1 1 1 1 1 22 5 1 1 1 0 1 1 0 0 10 2 1 1 149 228 1 1 1 1 1 1 1 2 2 1 0 1 18 1 0 1 1 28 120 1 1 1 1 1 0 0 0 1 0 0 2 1 1 0 0 0 0 0 1 1 1 1 1 1 1 206 1 0 0 0 1 69 1 1 1 1 125 2 0 1 0 1 0 0 0 0 1 2 0 0 0 0 0 0 0 0 0 0 1 1 1 0 0 0 0 1 0 0 0 0 1 1 0 0 0 0 0 0 0 0 0 0 0 0 0 0 0 0 0 0 0 0 0 0 0 0 0 0 0 0 0 0 0 0 1 1 1 1 119 144 1 1 1 1 1 1 0 0 0 0 0 0 0 0 0 0 1 5 4 1 0 0 0 0 0 0 1 167 90 1 0 0 0 0 1 2 1 0 0 0 0 0 0 0 0 0 0 0 0 0 0 1 2 0 0 0 0 0 0 0 0 0 0 0 0 0 1 1 1 1 1 3 179 1 1 0 0 0 0 0 0 0 0 1 1 0 0 0 0 0 0 1 2 1 1 249 177 1 1 0 0 1 1 1 0 0 1 1 1 0 0 1 1 0 1 1 1 1 1 1 1 1 1 0 0 0 0 0 0 0 0 0 0 0 0 0 0 0 0 0 0 0 0 0 0 0 0 0 0 0 4 8 8 7 4 1 1 1 0 0 0 1 0 0 0 0 0 0 0 0 0 0 0 0 1 0 0 0 0 0
117 1 3 1 1 2 0 0 0 0 0 0 1 1 1 0 0 1 1 1 0 0 0 0 4 5 1 1 1 1 1 1 1 1 0 0 0 0 0 1 1 1 1 1 1 2 1 0 0 1 1 1 0 1 1 55 64 1 1 1 1 1 1 11 207 146 1 1 1 1 0 1 1 1 1 1 7 1 0 1 1 1 1 1 158 18 189 216 221 145 3 2 17 97 172 209 215 228 63 71 231 247 247 247 236 213 184 178 187 201 203 201 194 190 106 9 164 179 183 149 123 68 2 1 1 1 1 1 1 1 0 0 0 1 1 1 0 1 2 0 0 0 1 1 206 3 1 1 4 8 4 1 1 1 1 1 1 1 1 3 3 0 0 0 1 10 227 250 5 1 1 1 1 1 0 0 1 1 1 1 1 1 1 1 1 1 41 1 1 0 0 0 1 1 0 1 11 1 1 105 236 2 1 0 1 1 1 1 4 1 1 1 1 16 1 1 0 1 1 4 79 81 1 0 0 0 0 0 0 1 1 0 1 4 0 0 0 0 0 1 1 1 0 0 1 1 127 163 1 0 0 0 1 70 0 0 1 1 129 1 1 1 0 1 0 0 0 0 0 2 2 0 0 0 0 0 0 0 0 1 5 1 1 1 0 0 0 1 1 0 0 0 1 0 0 0 0 0 0 0 0 0 0 0 0 0 0 0 0 0 0 0 0 0 0 0 0 0 0 0 0 0 0 0 0 1 1 1 1 1 188 6 1 0 0 1 1 1 1 0 0 0 0 0 0 0 0 0 1 1 13 1 0 0 0 0 0 0 1 61 180 1 0 0 0 0 0 1 1 1 0 0 0 0 0 0 0 0 0 0 0 0 0 1 2 1 0 0 0 0 0 0 0 0 0 0 0 1 1 1 1 1 1 1 173 12 1 0 0 0 0 0 0 0 0 1 1 0 0 0 0 1 0 0 1 1 1 23 253 2 1 0 0 0 1 1 1 1 1 1 0 0 0 0 1 0 1 1 1 1 1 1 1 1 1 1 1 1 1 0 0 0 0 0 0 0 0 0 0 0 0 0 0 0 0 0 0 0 0 0 0 1 1 0 0 0 0 0 0 0 0 0 0 1 0 0 0 0 0 0 0 0 0 0 0 0 1 0 0 0 0 0
134 1 3 1 1 2 1 0 0 0 0 0 0 1 1 1 1 2 1 0 0 0 1 1 1 13 1 1 1 1 1 1 0 0 0 0 1 1 1 1 1 1 1 1 1 0 0 0 0 1 1 0 0 1 45 71 1 1 1 1 1 1 1 1 77 225 13 1 1 1 0 1 1 1 1 6 1 0 0 1 1 1 0 1 160 47 74 218 1 1 1 1 1 1 1 1 1 150 236 236 117 1 9 83 182 225 236 244 247 247 247 247 247 247 172 45 173 100 10 1 1 1 1 1 1 1 1 1 1 2 0 0 0 1 1 1 0 1 1 1 0 1 1 151 120 1 4 5 16 1 1 5 7 10 24 20 17 10 7 16 1 1 0 0 1 38 1 224 250 4 1 1 1 1 0 1 1 1 1 1 1 1 1 1 1 1 47 1 0 0 0 0 1 1 1 17 1 1 60 238 10 1 1 1 1 1 4 3 1 0 0 0 2 11 1 2 1 1 1 1 3 103 72 1 1 0 0 0 0 0 1 0 0 4 1 0 0 0 1 1 0 1 1 1 1 1 206 1 1 0 0 0 1 70 0 1 1 1 129 1 1 1 0 1 1 0 0 0 0 0 2 1 0 0 0 0 0 0 1 6 1 4 5 2 1 0 0 0 1 1 1 0 1 0 0 0 0 0 0 0 0 0 0 0 0 0 0 0 0 0 0 0 0 0 0 0 0 0 0 0 0 0 0 0 0 1 1 1 1 4 189 1 1 0 0 0 1 1 1 0 0 0 0 0 0 0 0 0 0 1 14 1 0 0 0 0 0 0 1 7 194 1 1 1 0 0 0 0 1 1 0 0 0 0 0 0 0 0 0 0 0 0 0 1 2 1 0 0 0 0 0 0 0 0 0 0 0 1 1 1 0 1 1 1 102 142 1 0 0 0 0 0 0 0 0 1 1 0 0 0 0 1 1 1 1 2 1 1 235 235 1 1 0 0 1 1 1 1 1 1 1 0 0 0 1 1 1 0 0 0 0 0 0 1 1 1 1 1 1 1 1 1 1 0 0 0 0 0 0 0 0 0 0 0 0 0 0 0 0 0 0 1 1 0 0 0 0 0 0 0 0 0 0 1 0 0 0 0 0 0 0 0 0 0 0 1 1 0 0 0 0 0
138 1 1 1 1 1 1 1 1 0 0 0 0 0 1 1 5 1 0 0 0 0 1 1 3 5 0 0 1 0 1 1 0 0 0 0 0 1 1 1 1 1 2 1 0 0 0 1 1 1 0 0 1 37 77 1 1 1 1 1 1 1 1 1 1 146 212 1 1 1 1 0 1 1 1 9 1 0 0 1 1 1 1 1 160 75 217 13 1 1 1 1 0 0 1 1 1 1 60 6 1 1 1 1 1 1 1 1 1 1 1 1 1 30 236 247 247 236 72 1 1 1 1 0 0 1 1 1 1 1 1 0 0 1 1 1 0 1 1 1 1 1 32 191 1 1 1 1 6 1 1 0 0 7 1 1 1 2 3 2 3 3 2 1 1 34 1 1 224 250 3 1 1 1 1 1 1 1 1 0 1 1 1 1 1 1 49 1 1 0 0 1 1 1 1 18 1 81 240 36 1 1 1 4 5 2 1 0 0 0 0 1 23 1 5 2 5 1 1 1 1 2 97 110 1 1 0 0 0 0 1 1 0 1 4 1 1 1 1 1 0 0 1 1 0 134 154 1 1 1 1 1 1 69 0 0 0 0 129 1 1 1 0 1 1 0 0 0 0 0 0 3 1 0 0 0 0 0 4 1 1 1 1 4 6 1 1 0 0 0 1 1 1 0 0 0 0 0 0 0 0 0 0 0 0 0 0 0 0 0 0 0 0 0 0 0 0 0 0 0 0 0 0 0 0 1 1 1 1 140 124 1 0 0 0 0 0 1 1 1 0 0 0 0 0 0 0 0 0 1 14 1 1 0 0 0 0 0 1 1 198 1 1 1 2 2 1 1 1 1 1 0 0 0 0 0 0 0 0 0 0 0 0 1 1 1 0 0 0 0 0 0 0 0 0 1 1 1 1 1 0 1 1 1 8 176 1 1 1 0 0 1 1 1 1 1 1 0 0 0 0 0 1 1 1 2 1 0 1 251 145 1 1 0 0 1 1 1 1 1 1 1 1 1 1 1 0 0 0 0 0 0 0 0 1 1 1 1 1 1 1 1 1 1 1 1 1 0 0 0 0 0 0 0 0 0 0 0 0 0 0 1 0 0 0 0 0 0 0 0 0 0 1 1 0 0 0 0 0 0 0 0 0 0 1 1 0 0 0 0 0 0
140 1 1 1 1 1 2 1 1 1 0 0 0 0 0 1 2 4 1 0 0 1 1 1 12 1 0 0 1 1 0 1 1 0 0 1 1 1 0 1 1 2 1 0 0 0 1 1 1 0 0 1 27 84 1 1 1 0 1 1 1 1 1 1 1 8 204 156 1 1 1 1 0 1 8 1 1 1 1 1 1 0 1 1 163 89 219 1 1 0 1 1 0 0 0 1 1 1 69 1 1 1 1 1 1 1 1 1 1 1 1 0 0 1 1 1 1 138 245 186 4 1 1 1 1 1 0 1 1 1 1 0 0 1 0 1 0 1 1 1 1 1 200 6 1 0 1 1 5 0 0 0 0 4 2 0 0 0 0 0 1 1 1 4 38 2 1 1 1 232 248 2 1 1 1 1 0 1 0 0 1 1 1 0 1 1 50 1 1 1 1 1 1 1 1 28 201 240 47 6 6 5 3 1 1 0 0 0 0 0 1 20 1 2 3 1 1 5 6 6 5 1 1 50 133 5 1 0 0 0 0 1 0 0 4 1 1 1 0 0 1 1 1 0 1 206 1 0 1 1 1 1 3 64 0 0 0 1 129 1 1 1 1 1 0 0 0 0 0 0 0 1 3 0 0 0 1 2 2 1 1 1 1 1 2 9 1 1 0 0 0 1 1 1 0 0 0 0 0 0 0 0 0 0 0 0 0 0 0 0 0 0 0 0 0 0 0 0 0 0 0 0 0 0 0 1 0 1 1 189 2 1 0 0 0 0 1 1 1 1 1 0 0 0 0 0 0 0 0 1 14 1 1 0 0 0 0 0 0 1 196 3 1 1 2 1 2 1 1 1 2 1 0 0 0 0 0 0 0 0 0 0 0 0 1 2 1 0 0 0 1 1 1 1 1 1 1 1 1 0 1 1 1 1 2 183 2 1 1 1 1 3 12 35 52 57 4 1 0 0 0 0 0 0 1 2 1 1 1 31 251 66 1 1 0 0 0 1 1 1 0 1 1 1 0 0 0 0 0 0 0 0 0 0 1 1 0 0 0 1 1 1 1 1 1 1 1 1 1 1 0 0 0 0 0 0 0 0 0 0 1 1 0 0 0 0 0 0 0 0 0 0 1 1 0 0 0 0 0 0 0 0 0 0 1 0 0 0 0 0 0 0
143 1 1 1 1 1 2 1 1 1 0 0 0 0 0 0 1 1 6 4 1 1 1 6 3 1 0 0 1 0 0 1 1 0 1 1 1 0 0 0 1 4 1 0 1 1 1 0 0 0 1 17 89 1 1 1 1 1 1 1 1 1 1 1 1 1 68 223 32 1 1 1 0 1 9 1 1 1 1 1 1 1 1 1 173 99 214 1 1 1 1 3 1 1 1 1 0 1 68 1 0 1 0 0 1 0 0 1 0 0 1 1 1 1 1 1 1 1 2 226 237 73 1 1 1 1 1 1 0 1 2 1 1 1 0 1 1 1 1 1 1 151 121 1 0 0 0 1 5 1 0 0 0 2 5 0 0 0 1 1 0 0 1 1 10 36 1 1 1 1 234 248 2 1 1 1 1 1 0 1 1 0 0 0 0 1 52 1 1 0 0 1 1 1 183 246 207 3 1 1 0 0 0 0 0 0 0 0 0 1 12 3 1 1 5 1 1 0 0 1 1 3 5 1 7 135 36 1 0 0 0 1 1 0 1 3 1 0 0 1 1 1 0 0 141 147 1 0 0 1 1 0 3 64 0 0 0 7 120 4 7 2 1 1 0 0 0 0 0 0 0 0 2 1 1 1 9 5 2 1 1 0 0 1 1 1 9 1 1 0 0 0 1 1 1 0 0 0 0 0 0 0 0 0 0 0 0 0 0 0 0 0 0 0 0 0 0 0 0 0 0 0 0 0 0 1 0 1 12 186 1 0 0 0 0 0 1 1 0 1 1 0 0 0 0 0 0 0 0 1 14 1 1 0 0 1 0 0 0 1 166 97 1 2 1 1 1 0 0 0 1 2 1 0 0 0 0 0 0 0 0 0 0 0 1 2 1 0 0 1 1 1 1 1 1 1 1 0 0 0 1 1 1 1 1 175 40 42 53 56 55 47 24 6 2 6 40 1 0 0 0 0 0 0 1 1 1 1 0 1 111 251 34 1 1 0 0 0 1 1 0 1 1 0 0 0 0 0 0 0 0 0 0 0 1 0 1 1 0 0 0 1 0 0 0 1 1 1 1 1 1 1 1 1 0 0 0 0 0 0 1 1 0 0 0 0 0 0 0 0 0 0 0 1 0 0 0 0 0 0 0 0 0 0 1 0 0 0 0 0 0 0
134 10 1 2 1 1 2 1 1 1 0 0 0 0 0 0 0 1 1 1 5 4 8 2 1 1 1 0 1 0 0 1 1 1 1 0 0 0 0 0 0 2 1 1 1 1 0 0 0 1 13 75 11 1 1 1 1 1 0 1 1 1 1 1 1 1 1 132 215 1 1 1 1 12 1 1 1 1 1 1 1 1 1 1 180 106 209 1 1 1 7 6 10 15 18 18 18 34 43 1 1 1 1 1 1 0 1 1 0 0 0 1 0 0 0 0 0 0 1 1 134 245 188 2 1 1 1 1 0 1 1 1 1 1 0 1 1 1 1 1 9 195 1 1 0 0 0 1 3 1 0 0 1 4 2 0 1 1 1 1 1 1 1 1 2 3 40 1 1 1 1 236 248 2 1 1 1 1 1 1 1 0 0 0 0 1 53 1 1 1 1 75 183 242 231 7 1 1 1 1 3 2 1 1 1 1 1 1 1 10 4 3 7 5 5 1 0 0 0 0 1 1 1 5 1 1 133 10 1 0 0 0 1 0 1 5 1 0 1 1 1 0 0 1 206 1 0 0 0 0 1 0 31 27 1 1 1 129 7 1 2 2 2 3 0 0 0 0 0 0 0 0 1 3 4 11 1 1 1 0 0 0 0 0 0 1 1 7 3 1 0 0 1 0 1 1 0 0 0 0 0 0 0 0 0 0 0 0 0 0 0 0 0 0 0 0 0 0 0 0 0 0 0 0 0 1 1 1 163 76 1 0 0 0 0 0 1 1 0 1 1 0 0 0 0 0 0 0 0 1 13 1 0 0 0 1 0 0 0 1 59 181 1 2 1 3 1 0 1 1 0 1 1 1 0 0 0 0 0 0 0 1 0 0 1 2 1 1 1 1 1 1 1 1 1 1 1 1 1 1 1 0 1 1 1 136 154 5 2 1 1 1 1 1 1 2 55 1 1 0 0 0 0 0 1 1 2 1 1 1 1 139 251 15 1 0 0 0 1 1 1 1 0 0 0 0 0 0 0 0 0 0 0 0 1 1 1 0 0 0 1 1 0 0 0 0 0 1 0 1 1 1 1 1 1 1 1 1 0 0 1 0 0 0 0 0 0 0 0 0 0 0 1 1 0 0 0 0 0 0 0 0 0 1 1 0 0 0 0 0 0 0
101 70 1 1 1 1 1 2 1 1 1 0 0 0 0 0 1 1 0 1 1 28 2 1 0 1 1 0 1 1 1 1 1 1 1 0 0 0 0 0 0 1 3 1 1 0 0 0 1 10 78 1 1 4 1 1 1 0 1 1 1 0 1 1 1 1 1 5 202 159 1 1 4 5 1 1 0 1 1 1 0 1 1 1 176 214 161 1 4 2 14 0 0 0 0 0 0 3 26 1 1 1 1 1 1 1 1 1 0 0 0 1 0 0 0 0 0 0 0 1 1 2 226 237 85 1 1 1 1 2 1 1 1 1 0 1 1 1 1 1 204 86 19 2 1 1 1 2 2 1 1 1 1 10 1 1 1 1 1 0 0 1 1 1 2 1 2 36 2 1 1 1 232 250 3 1 1 1 1 1 1 1 1 1 1 1 68 118 205 222 224 215 172 233 240 203 182 206 217 217 216 216 217 217 212 181 37 1 13 4 1 8 1 1 2 1 0 0 0 1 1 0 1 1 4 1 4 137 1 0 0 0 1 1 0 1 3 1 0 0 1 0 0 148 140 1 0 0 0 1 1 0 76 1 1 1 2 134 7 1 1 1 2 1 0 0 0 0 0 0 0 1 1 9 10 1 1 0 0 0 0 0 0 0 0 0 1 1 5 5 1 1 1 0 0 1 1 1 0 0 0 0 0 0 0 0 0 0 0 0 0 0 0 0 0 0 0 0 0 0 0 0 0 1 1 1 1 5 192 2 1 1 1 1 1 1 1 1 0 1 1 0 0 0 0 0 0 0 0 1 13 1 0 0 0 1 1 1 1 1 6 197 1 2 1 3 0 1 1 1 1 0 1 1 1 1 1 1 1 1 1 1 1 1 1 2 3 1 1 1 1 0 0 0 0 0 1 1 1 1 1 1 1 2 11 98 174 1 1 0 0 1 1 1 1 1 55 1 1 0 0 0 0 0 1 1 2 1 1 1 1 1 162 251 8 1 0 0 1 1 1 1 0 0 0 0 0 0 0 0 0 0 0 1 1 1 0 0 0 0 0 0 0 0 0 0 0 1 0 0 0 0 1 1 1 1 1 1 1 1 1 0 0 0 0 0 0 0 0 0 0 0 1 1 0 0 0 0 0 0 0 0 0 1 1 0 0 0 0 0 0 0
86 90 1 1 1 1 1 2 1 1 1 0 0 0 0 0 1 1 0 0 11 8 1 1 1 1 1 1 1 1 1 1 0 1 1 0 0 0 0 0 0 1 1 4 1 0 0 1 6 83 1 1 1 2 2 1 1 0 0 1 1 0 0 1 1 1 1 1 57 223 37 1 15 1 1 1 0 0 1 1 1 1 1 1 122 236 33 1 1 1 2 0 0 0 0 0 0 3 23 1 0 0 0 0 0 0 1 0 0 0 0 1 0 0 0 0 0 0 0 0 0 1 1 136 245 242 166 135 57 2 1 1 1 1 0 1 1 1 1 54 200 1 9 35 44 44 41 41 10 1 1 1 1 8 1 1 1 1 1 1 1 1 1 1 2 1 1 3 35 6 1 1 1 232 251 8 1 1 1 1 1 1 58 158 198 221 222 198 103 5 1 1 1 7 218 56 119 43 1 1 1 1 1 1 9 119 207 214 104 1 1 7 1 1 0 0 1 1 1 1 0 0 0 1 5 1 1 111 48 1 0 0 0 1 0 1 5 1 1 1 1 1 1 206 1 1 0 0 0 1 1 0 81 1 1 1 20 117 5 1 1 1 3 1 0 0 0 0 0 1 1 5 12 4 4 9 1 1 0 0 0 0 0 0 0 0 0 1 46 203 188 6 1 1 0 0 0 1 1 1 1 0 0 0 0 0 0 0 0 0 0 0 0 0 0 0 0 0 0 0 0 1 1 1 1 1 62 173 146 17 17 19 18 9 1 0 1 1 1 0 1 0 0 0 0 0 0 0 0 1 12 1 0 0 0 0 0 1 1 1 1 202 3 1 1 2 1 1 0 0 0 0 0 1 1 3 2 2 3 1 1 1 1 1 2 3 4 1 1 1 1 1 0 0 0 0 1 1 1 1 1 4 56 71 53 9 170 1 1 1 1 1 0 0 0 1 26 12 1 1 0 0 0 0 1 1 2 1 1 1 1 1 1 176 249 4 1 1 1 1 1 0 0 0 0 0 0 0 0 0 0 0 0 1 1 0 0 0 0 0 0 0 0 0 0 0 0 1 0 0 0 0 0 0 0 0 1 1 1 1 1 1 1 1 0 0 0 0 0 0 0 0 1 1 0 0 0 0 0 0 0 0 0 1 0 0 0 0 0 0 0 0
83 99 1 1 1 1 1 2 1 0 1 1 0 0 0 1 1 1 0 0 10 8 1 1 1 1 1 1 1 0 0 1 0 1 1 1 0 0 0 0 0 0 0 1 3 1 1 4 84 1 1 1 1 1 5 1 1 0 0 0 1 0 0 1 1 1 1 1 1 122 218 11 2 1 1 1 1 1 1 1 1 1 1 1 127 239 1 1 1 1 1 1 0 0 0 0 0 6 16 1 0 0 0 0 0 0 1 0 0 0 0 1 0 0 0 0 0 0 0 0 0 0 1 1 1 112 229 232 163 8 1 1 1 0 0 1 1 1 1 206 23 1 1 1 1 1 1 2 30 41 43 42 66 34 2 1 1 1 1 1 1 1 1 1 1 1 1 1 1 16 44 1 1 1 214 251 12 1 1 1 144 208 214 171 112 7 1 1 1 1 1 1 0 1 215 11 1 1 0 0 0 0 1 1 1 1 1 17 193 177 1 2 3 1 0 1 1 1 1 0 0 0 0 5 1 0 1 1 135 6 1 0 0 0 0 0 1 5 1 1 1 1 154 136 1 1 0 0 0 1 1 1 81 1 1 0 63 69 3 3 3 1 3 1 0 0 0 1 1 13 32 9 6 3 1 1 8 1 1 0 0 0 0 0 0 0 1 7 200 52 112 201 28 1 1 0 0 0 0 0 1 1 1 1 0 0 0 0 0 0 0 0 0 0 0 0 0 0 0 0 1 1 1 1 7 90 129 108 55 1 1 1 1 15 2 0 1 1 1 1 1 1 1 1 0 0 0 0 0 1 10 1 0 0 0 1 1 1 1 1 3 199 3 1 3 1 1 0 0 0 0 0 0 1 4 1 1 1 1 3 3 2 2 3 1 1 4 1 1 1 1 1 1 0 1 1 1 1 1 16 71 66 8 1 1 1 168 3 1 0 0 0 0 0 0 1 3 48 1 1 1 0 1 1 1 3 19 2 1 1 1 1 1 1 192 249 3 1 1 1 1 0 0 0 0 0 0 0 0 0 0 0 0 1 0 0 0 0 0 0 0 0 0 0 0 0 0 1 0 0 0 0 0 0 0 0 0 0 0 1 1 1 1 1 1 1 1 1 0 0 0 0 1 0 0 0 0 0 0 0 0 0 1 1 0 0 0 0 0 0 0 0
65 115 1 0 0 1 1 1 1 1 1 1 1 1 1 1 1 1 1 0 1 25 3 1 1 0 1 0 1 1 1 1 0 0 1 1 1 0 0 0 0 0 1 1 2 1 3 88 1 1 1 0 1 1 1 5 1 0 1 1 1 1 0 0 1 1 1 1 1 2 202 188 1 1 1 1 1 1 1 1 1 1 1 18 116 239 1 1 1 1 1 1 1 1 1 1 1 8 12 1 0 0 0 0 0 0 1 0 0 0 0 1 0 0 0 0 0 0 0 0 0 1 1 1 1 1 1 41 237 242 25 1 1 1 1 1 1 1 26 211 1 0 1 0 0 0 0 0 1 1 1 1 10 26 44 54 64 69 48 8 1 1 1 1 2 1 1 2 1 1 36 1 1 1 1 223 251 232 210 197 174 71 1 1 3 1 1 1 1 1 1 0 0 0 110 189 1 1 0 0 1 1 1 1 2 2 1 1 1 126 203 34 1 1 0 1 1 1 0 0 0 0 0 6 1 0 1 1 5 137 1 0 0 0 0 0 1 4 1 0 0 2 206 1 1 0 0 0 0 1 1 1 83 1 1 1 94 32 1 1 1 2 1 1 1 1 1 1 28 7 12 33 2 1 1 1 1 7 2 1 0 0 0 0 0 1 2 193 76 1 2 56 204 81 1 1 0 0 0 0 0 0 0 0 0 0 1 1 0 0 1 1 0 0 0 0 0 0 1 1 1 1 1 62 84 82 129 1 6 28 0 0 1 3 10 0 1 1 1 1 1 1 1 1 1 1 1 1 1 5 2 0 0 0 1 1 0 0 0 1 5 190 50 1 3 1 0 0 0 0 0 0 0 1 4 1 1 0 0 1 1 1 1 1 1 1 3 1 1 1 1 1 1 1 1 1 1 35 73 42 2 1 1 1 1 1 133 84 1 0 0 0 0 0 0 1 1 59 1 1 2 8 55 83 88 82 68 51 1 1 1 1 1 1 1 203 249 2 1 1 1 0 0 0 0 0 0 0 0 0 0 0 0 1 0 0 0 0 0 0 0 0 0 0 0 0 1 0 0 0 0 0 0 0 0 0 0 1 0 1 0 0 0 1 1 1 1 1 1 1 1 1 1 0 0 0 0 0 0 0 0 0 1 0 0 0 0 0 0 0 0 0
60 119 1 0 0 0 1 1 1 2 2 2 3 1 1 1 0 1 1 0 0 1 25 2 1 1 1 1 1 1 1 0 0 0 0 1 1 0 0 0 0 0 1 0 1 12 88 2 1 1 1 1 1 1 1 2 2 1 1 1 0 1 0 0 0 1 1 1 1 1 116 215 45 1 1 0 1 1 1 1 1 1 1 57 101 238 1 1 2 2 1 1 1 1 1 1 1 10 11 1 0 0 0 0 0 0 1 0 0 0 0 1 0 0 0 0 0 0 0 1 1 1 1 1 1 0 0 1 1 117 247 237 16 1 1 1 1 1 202 65 2 1 1 0 0 0 0 0 1 1 1 1 1 15 1 1 1 1 6 46 68 71 71 65 42 40 34 40 23 5 51 2 2 23 77 98 239 248 253 162 2 1 1 1 3 1 1 1 0 1 1 1 1 0 1 218 2 1 2 2 2 1 1 1 0 0 1 1 1 1 55 209 39 1 1 1 1 1 1 1 1 1 1 6 0 0 1 1 1 100 67 1 0 0 0 0 0 1 2 0 1 164 127 1 1 0 0 0 0 1 0 1 83 0 1 1 114 10 1 1 1 1 1 1 1 1 2 28 7 9 7 2 22 3 1 1 1 1 6 3 1 0 0 0 1 1 179 128 1 1 1 1 14 197 131 1 1 0 0 0 0 0 0 0 0 1 1 0 0 0 1 1 1 1 1 1 1 1 1 1 4 21 88 34 27 144 2 1 1 56 1 0 0 1 17 1 1 0 0 0 0 0 0 1 1 1 1 1 1 10 1 0 0 0 1 0 0 0 1 1 6 103 173 2 2 0 0 0 0 0 0 0 0 1 2 2 1 1 0 0 0 0 0 1 1 1 2 2 1 0 1 1 1 1 2 33 74 22 2 1 1 1 1 1 1 1 19 161 1 0 0 0 0 0 1 1 1 57 77 89 87 70 17 3 1 1 4 90 1 1 1 1 1 1 1 1 214 245 1 1 1 0 0 0 0 0 0 0 0 0 0 0 0 1 0 0 0 0 0 0 0 0 0 0 0 0 1 0 0 0 0 0 0 0 0 0 1 1 0 1 1 0 0 0 0 0 0 1 1 1 1 2 1 1 1 0 0 0 0 0 0 0 1 0 0 0 0 0 0 0 0 0
59 127 1 1 0 0 1 1 1 1 1 1 1 2 1 1 0 0 1 1 1 1 1 23 1 1 1 1 1 1 0 0 0 0 0 0 1 1 0 0 0 0 1 1 2 98 3 1 1 1 0 1 1 0 0 1 6 1 1 0 0 1 1 1 0 1 1 1 15 71 14 112 211 1 1 1 0 1 1 0 1 1 1 80 98 236 1 1 1 1 1 0 1 1 1 1 1 17 7 1 1 1 1 1 1 1 1 0 0 0 0 1 0 0 0 0 0 0 0 1 1 1 1 1 1 1 1 0 0 1 1 132 247 247 245 245 245 235 218 1 1 1 2 2 1 1 0 0 1 1 1 0 0 3 1 0 0 1 0 0 0 1 1 1 47 1 1 1 35 1 82 98 84 52 5 3 61 23 246 250 217 89 24 1 4 1 1 1 1 1 0 1 1 0 1 97 208 5 1 0 0 0 0 0 0 0 0 1 1 1 1 19 207 66 1 1 1 1 0 0 1 1 0 7 0 0 1 1 1 2 142 1 0 0 0 0 0 1 3 1 1 206 1 0 1 1 0 0 0 1 0 1 82 1 1 1 124 1 1 1 2 1 0 1 1 6 31 14 4 1 1 1 1 16 7 1 1 1 1 5 4 1 0 1 1 147 162 1 1 1 1 1 1 4 184 166 1 1 1 1 1 1 0 0 0 0 0 0 1 2 26 7 1 1 1 2 6 10 21 99 91 61 4 7 150 4 1 0 1 58 1 0 0 1 19 1 1 0 1 0 0 0 0 0 0 0 1 1 2 7 1 0 0 0 1 0 0 0 1 1 6 7 204 2 1 0 0 0 0 0 0 0 1 1 1 3 1 1 0 0 0 0 0 0 0 1 1 4 1 1 1 1 3 59 71 24 2 1 1 1 1 1 1 0 1 1 3 168 1 1 1 1 1 5 17 20 17 17 5 1 1 1 1 1 1 1 1 94 2 1 1 1 1 1 1 1 1 232 241 1 1 1 0 0 0 0 0 0 0 0 0 0 1 1 0 0 0 0 0 0 0 0 0 0 0 0 1 0 0 0 0 0 0 0 0 0 1 0 0 1 1 0 0 0 1 1 1 1 1 1 1 1 1 1 1 1 1 1 1 0 0 1 1 0 0 0 0 0 0 0 0 0
42 147 21 1 1 0 1 1 1 1 1 0 1 3 1 1 1 1 1 1 1 1 1 25 1 0 0 1 1 0 0 0 0 0 0 0 1 1 1 0 0 1 1 1 96 7 1 1 1 0 1 1 1 1 1 3 1 1 1 0 0 1 1 1 1 1 1 44 49 1 1 4 181 162 1 1 0 1 1 1 1 1 1 105 93 233 1 1 1 1 1 0 0 1 1 1 1 28 2 0 0 1 0 0 0 0 0 0 0 0 0 1 0 0 0 0 0 0 1 1 1 0 1 0 1 1 1 0 0 1 1 1 1 88 88 82 81 230 250 238 3 1 1 1 2 1 1 1 1 1 1 1 0 1 4 0 0 1 0 0 1 1 0 0 30 1 3 118 175 137 110 84 1 1 0 1 134 81 172 213 221 246 248 239 111 75 71 37 1 1 0 0 0 0 0 1 69 210 1 0 0 0 0 0 0 0 0 0 1 1 1 1 9 206 168 159 77 1 1 1 1 1 1 9 1 1 1 1 1 1 144 1 0 0 0 0 0 1 3 1 169 123 1 1 1 1 0 0 0 1 0 1 81 1 1 1 126 1 0 1 1 0 1 1 16 21 11 1 1 0 0 1 1 1 12 10 1 1 1 1 4 5 1 1 101 187 2 1 1 1 1 1 1 1 2 157 184 1 1 0 0 1 0 0 0 0 0 1 3 88 48 87 75 71 96 93 82 77 63 3 1 1 2 150 13 1 0 0 1 49 2 0 0 1 18 1 1 0 1 0 0 0 0 0 0 0 0 0 4 3 0 0 0 1 1 0 0 1 1 1 5 1 207 2 1 1 0 0 0 0 1 1 1 1 1 2 1 1 0 0 0 0 0 0 0 1 1 4 1 1 1 2 81 11 1 1 1 1 1 1 1 0 0 1 1 1 2 170 6 6 18 20 17 7 1 1 1 1 3 1 1 0 0 1 1 1 1 63 18 1 1 1 1 1 1 1 1 1 251 158 1 1 0 0 0 0 0 0 0 0 0 0 1 1 0 0 0 0 0 0 0 0 0 0 0 1 1 0 0 0 0 0 0 0 0 0 1 0 0 0 1 1 1 1 1 1 1 1 0 0 0 0 0 0 0 1 1 1 1 1 1 1 1 1 0 0 0 0 0 0 0 0
31 147 8 35 35 9 1 1 1 1 1 1 1 2 1 1 1 1 1 0 1 1 1 25 1 0 1 1 1 0 0 0 0 0 0 0 0 1 1 0 1 1 1 71 29 10 1 0 1 1 1 0 1 1 2 1 1 1 1 1 0 1 1 1 1 5 59 19 1 1 1 1 50 213 52 1 1 1 1 1 1 1 1 112 121 227 1 1 1 1 1 0 1 1 1 1 1 31 1 0 1 1 0 0 0 0 0 0 0 0 0 1 0 0 0 0 0 0 1 1 1 1 1 0 0 1 1 0 0 0 0 1 1 29 1 1 1 225 218 235 247 1 1 1 1 1 1 1 0 0 1 1 1 1 3 1 0 1 0 1 1 1 1 2 124 158 163 88 103 5 1 12 64 1 1 1 123 1 1 221 15 1 2 173 247 235 17 20 73 10 1 1 1 0 1 1 1 167 150 0 0 0 0 0 0 0 0 0 0 0 1 1 1 105 111 6 127 151 2 1 10 8 5 3 2 2 3 1 1 1 121 37 0 0 0 0 0 1 1 4 206 1 1 1 0 1 0 0 0 1 0 1 81 1 3 124 49 2 2 2 1 1 1 29 9 10 1 1 0 0 0 0 1 1 1 9 14 1 1 1 1 3 8 45 200 5 1 1 1 1 1 1 1 1 1 1 162 162 1 1 0 0 0 1 1 0 1 1 88 3 1 1 7 10 1 1 1 1 1 0 1 1 142 36 1 0 0 0 0 21 12 1 0 0 5 10 2 0 1 0 0 0 0 0 0 0 0 0 7 2 0 0 0 0 0 0 0 1 1 0 4 1 204 17 15 16 14 3 1 1 1 1 1 1 0 1 3 1 0 0 0 0 0 0 0 0 1 4 10 62 66 73 69 1 1 1 1 1 1 0 0 1 1 1 3 63 101 167 105 6 1 1 1 1 1 1 1 1 3 1 0 0 0 1 1 0 1 6 86 1 1 1 1 1 1 1 1 1 39 253 1 1 0 0 0 0 0 0 0 0 0 0 1 0 0 0 0 0 0 0 0 0 0 0 0 1 1 0 0 0 0 0 0 0 0 0 1 1 1 1 2 3 1 1 0 0 0 0 0 0 0 0 0 0 0 0 0 0 0 1 1 1 1 1 1 1 1 1 0 0 0 0
2 142 1 1 2 21 40 26 3 1 0 0 1 2 1 1 1 1 1 0 0 1 1 14 2 2 1 1 1 1 1 1 0 0 0 0 0 0 1 1 1 1 70 7 1 27 1 0 0 1 1 0 0 2 1 0 0 1 1 1 1 1 1 1 32 42 1 1 4 1 1 1 1 111 213 1 1 0 1 1 1 1 2 115 232 81 1 1 1 1 1 1 1 0 1 0 1 32 1 0 1 0 0 0 0 0 0 0 0 0 0 0 0 0 0 0 0 0 1 1 1 1 1 0 0 1 0 0 0 0 0 0 1 28 1 1 1 235 40 11 165 228 165 1 1 1 1 1 0 0 1 1 1 1 1 2 0 1 1 1 40 159 170 170 132 21 1 1 14 86 1 1 60 18 1 2 129 12 24 136 200 1 1 1 2 163 248 213 46 19 5 2 1 1 1 1 1 185 125 0 0 0 1 1 0 0 0 0 0 0 1 1 1 21 142 1 1 23 158 27 2 1 1 0 0 0 2 1 1 1 17 131 1 0 0 0 0 0 1 178 114 0 1 1 0 0 0 0 0 1 0 1 108 130 122 7 1 0 1 0 1 3 20 2 20 2 1 0 0 0 0 0 0 1 1 1 5 21 1 1 1 1 11 203 25 1 1 1 1 1 1 1 1 1 1 1 3 210 95 1 1 1 0 1 1 0 1 52 38 1 1 1 1 0 1 0 0 0 1 1 1 126 70 1 1 0 0 0 0 2 47 1 0 0 1 7 5 1 1 0 0 0 0 0 0 0 0 0 11 1 0 0 0 0 0 0 0 1 1 0 1 4 195 64 3 3 2 12 19 7 1 1 1 0 0 1 1 2 0 0 0 0 0 0 0 0 1 9 74 5 3 2 1 1 1 1 1 0 1 1 1 1 24 100 99 25 2 22 157 1 0 1 1 1 0 0 0 1 3 1 0 0 0 0 0 0 1 1 99 1 1 1 1 1 1 1 1 1 1 249 176 1 0 0 0 0 0 0 0 0 0 1 1 0 0 0 0 0 0 0 0 0 0 0 0 1 0 0 0 0 0 0 1 1 1 1 1 1 1 1 0 3 1 0 0 0 0 0 0 0 0 0 0 0 0 0 0 0 0 0 1 1 0 1 1 1 1 2 1 1 1 1
20 136 1 1 1 1 1 10 36 40 17 1 1 3 1 2 2 1 1 0 0 0 1 9 1 1 1 2 1 1 1 2 2 1 1 0 0 0 1 1 1 67 9 1 1 1 28 1 0 0 1 1 0 1 4 1 0 1 1 1 1 1 3 55 11 1 1 0 1 4 1 1 1 3 180 167 1 1 1 1 1 1 72 97 236 1 1 1 1 0 0 1 1 0 0 0 1 33 1 0 1 0 0 0 0 0 0 0 0 0 0 0 0 0 0 1 1 1 0 0 1 1 1 1 0 0 0 0 0 0 0 0 0 30 1 1 1 235 1 39 1 1 175 228 209 9 1 1 1 0 0 1 1 0 0 2 1 1 56 170 152 19 1 1 6 4 1 1 1 112 1 0 1 100 113 149 101 6 2 1 209 74 1 1 1 1 1 218 248 192 9 3 2 1 1 1 1 221 2 0 0 0 1 1 1 0 0 0 0 0 0 1 1 2 156 1 0 1 13 151 1 1 1 1 0 0 2 1 1 1 34 124 1 0 0 0 0 0 2 210 1 0 1 1 0 0 0 0 0 1 6 52 183 1 1 1 0 0 1 1 5 18 1 2 2 10 1 1 0 0 0 0 0 0 0 1 1 2 26 1 1 2 188 86 5 1 1 1 1 1 1 1 1 1 1 1 1 10 199 218 96 1 1 0 1 1 68 46 1 1 0 0 0 0 0 0 0 0 1 1 104 100 1 1 0 0 0 0 0 1 58 1 1 0 1 8 9 1 1 1 1 0 0 0 0 0 0 0 12 1 0 0 0 0 1 1 0 1 1 0 0 5 116 179 1 1 1 1 1 17 2 0 0 0 0 0 1 3 0 0 0 0 0 0 0 0 1 4 67 1 1 1 1 1 1 1 1 1 1 5 80 105 68 3 1 1 1 3 169 1 0 0 0 0 0 0 0 1 2 1 0 0 0 0 0 0 0 1 96 2 1 0 0 1 1 1 1 1 1 59 253 1 1 0 0 0 0 0 0 0 0 1 1 0 0 0 0 0 0 0 0 0 0 0 1 1 0 0 1 1 1 1 1 1 1 1 1 0 0 0 0 1 2 0 0 0 0 0 0 0 0 0 0 0 0 0 0 0 0 0 1 1 0 0 0 0 0 1 1 1 1 2
142 147 1 1 1 1 1 15 6 10 30 52 36 14 2 1 1 13 5 1 1 1 1 6 0 0 1 1 1 1 1 1 1 2 3 2 1 1 1 1 63 13 1 0 1 1 8 10 1 0 0 1 0 1 3 1 0 0 0 1 2 21 49 1 1 1 0 0 0 1 2 1 1 1 47 214 58 1 1 1 1 7 104 190 197 1 1 1 0 1 1 1 1 0 0 0 1 34 1 0 1 0 0 0 0 0 0 0 0 0 0 0 0 0 1 1 0 1 1 0 0 0 1 1 1 0 0 0 0 0 0 0 0 31 1 1 1 235 1 4 24 1 1 2 124 221 221 112 2 1 1 1 1 1 1 66 162 171 146 4 1 1 1 0 1 17 1 1 1 115 1 1 22 214 179 71 1 1 1 1 15 220 1 1 1 0 1 1 9 236 249 147 7 3 1 1 1 221 1 0 0 1 3 5 1 0 0 0 0 0 0 1 1 3 153 1 1 0 1 81 120 1 1 1 0 0 2 1 1 1 138 6 1 0 0 0 0 0 180 111 1 0 1 3 0 0 0 1 12 33 11 19 169 1 1 0 0 1 1 16 12 1 3 1 1 2 10 1 1 1 0 0 0 0 0 0 1 1 1 25 3 165 136 1 1 4 2 1 1 1 1 1 0 1 0 1 1 1 26 41 208 166 1 1 1 65 37 1 1 0 0 0 0 0 0 0 0 0 1 73 122 1 1 1 0 0 0 0 0 1 58 1 1 0 1 14 2 3 4 5 3 1 1 1 1 1 0 0 11 1 0 0 0 0 0 1 1 1 1 0 1 4 11 203 1 1 1 1 1 2 14 1 0 0 0 0 1 4 1 0 0 0 0 0 0 0 1 1 79 1 1 1 1 1 1 1 2 46 104 97 15 1 1 1 1 1 1 1 169 2 1 0 0 0 0 0 0 1 1 3 1 0 0 0 0 0 0 1 52 26 1 0 0 1 2 1 1 1 1 1 253 1 1 0 0 0 0 0 0 0 0 1 1 0 0 0 0 0 0 0 0 0 0 0 1 1 1 1 1 1 1 1 0 0 0 1 1 0 0 0 0 1 4 1 0 0 0 0 0 0 0 0 0 0 0 0 0 0 0 0 1 0 0 0 0 0 0 0 0 0 1 1
122 169 212 177 10 1 1 23 1 1 1 2 15 39 23 1 3 1 2 11 12 6 8 7 1 1 1 1 0 0 1 1 1 1 1 1 2 3 2 60 21 1 0 0 0 1 1 27 1 0 0 1 1 2 3 1 0 0 1 1 35 40 1 1 1 0 0 0 0 0 3 1 1 1 1 111 214 1 1 1 7 92 96 233 1 1 1 1 1 0 0 1 0 0 0 0 1 29 1 1 1 0 0 0 0 0 0 0 0 0 0 0 1 0 1 1 0 0 0 1 1 0 1 1 1 1 1 0 0 0 0 1 1 31 1 1 1 235 1 1 22 9 8 4 1 1 13 201 226 174 167 174 176 175 173 144 25 1 1 1 1 1 1 0 0 18 1 1 1 115 1 23 206 7 149 125 17 0 0 0 1 177 148 1 1 0 0 1 1 1 68 244 244 99 7 1 10 219 1 1 1 43 47 8 1 0 0 0 0 0 0 1 1 82 109 0 0 1 1 1 160 2 1 0 0 0 2 1 1 7 138 1 1 1 0 0 0 1 211 1 0 1 1 3 2 1 20 29 4 0 1 33 166 1 1 1 1 3 24 3 3 2 1 0 1 1 2 9 1 1 1 0 0 0 0 0 1 1 1 1 148 175 1 1 1 1 2 4 3 1 1 0 0 1 1 1 1 13 7 1 2 180 191 4 61 33 1 1 0 0 0 0 0 0 0 0 0 1 34 142 1 1 0 1 0 0 0 0 0 1 23 12 1 0 1 16 1 1 1 1 1 4 5 5 4 2 1 1 10 1 0 0 0 0 0 0 1 1 1 1 1 3 2 207 3 1 1 0 0 1 24 1 0 1 1 1 1 4 1 0 0 0 0 0 0 0 0 1 81 1 1 1 1 1 14 93 103 48 2 1 1 1 1 1 1 1 1 1 157 30 1 0 0 0 0 0 0 1 1 3 1 0 0 0 0 0 0 1 3 91 1 0 0 1 1 2 1 1 1 1 253 2 1 0 0 0 0 0 1 1 1 1 0 0 0 0 0 0 0 0 1 1 1 1 1 1 1 0 0 0 0 0 0 0 1 1 0 0 0 0 0 0 1 2 0 0 0 0 0 0 0 0 0 0 0 0 0 0 0 1 1 0 0 0 0 0 0 0 0 0 0 0
1 1 49 139 214 209 122 19 1 1 1 1 1 1 20 52 49 2 1 1 1 2 11 30 18 2 1 1 1 1 1 1 0 0 0 0 0 1 54 24 1 1 1 0 0 1 0 1 30 1 1 1 3 1 1 1 1 1 4 9 3 19 4 1 1 1 0 0 0 0 1 5 1 1 1 16 161 175 1 21 86 83 232 29 1 1 1 1 1 0 1 1 0 0 0 0 1 12 0 0 1 0 0 0 0 0 0 0 0 0 0 0 1 1 1 1 1 0 1 1 1 1 0 0 0 1 1 0 0 0 0 1 4 14 1 1 1 235 1 1 1 69 1 1 1 0 1 2 25 188 186 164 23 3 70 149 162 168 168 168 168 163 120 7 1 15 1 1 63 208 210 195 34 1 18 105 178 1 0 0 1 1 222 6 1 1 1 1 1 1 1 1 133 247 236 52 125 193 3 101 99 62 13 3 1 1 1 0 0 0 0 0 1 152 3 0 0 1 1 1 43 138 1 1 1 1 2 1 1 118 41 1 1 1 0 0 0 180 108 1 0 1 1 1 30 24 1 0 0 0 1 65 153 1 1 1 18 18 4 2 1 0 0 0 1 1 1 2 11 8 1 1 0 0 0 1 1 1 1 82 190 33 6 1 1 1 1 1 5 1 1 1 1 0 0 1 8 12 1 1 1 1 147 213 65 1 1 1 0 0 0 0 0 0 0 0 1 10 148 3 1 1 0 1 1 0 0 0 0 0 2 51 1 0 1 17 1 1 0 0 0 1 1 1 1 3 4 4 13 3 1 1 0 0 0 0 0 0 0 0 0 1 5 205 10 1 1 1 1 1 26 1 1 1 1 1 1 4 1 0 0 0 0 0 1 1 1 1 64 7 1 3 59 103 83 6 1 1 1 1 1 1 1 1 1 0 1 1 37 156 1 0 0 0 0 0 0 0 1 3 1 0 0 0 0 0 0 0 1 97 3 3 4 11 21 2 1 1 1 1 253 25 1 0 0 0 0 0 0 1 1 1 1 0 0 0 1 1 1 1 1 1 1 1 1 0 1 1 1 0 0 0 0 0 1 1 0 0 0 0 0 0 1 4 1 0 0 0 0 0 0 0 0 0 0 0 0 0 0 1 1 0 0 0 0 0 0 0 0 0 0 0
1 0 1 1 14 68 199 214 154 3 1 1 1 1 1 1 2 24 32 12 1 1 1 1 1 3 26 35 21 1 1 1 0 0 0 0 1 40 27 1 0 1 1 1 1 1 0 1 6 14 1 3 1 1 1 1 1 9 2 1 1 9 15 1 1 0 0 0 1 1 1 1 3 1 1 1 93 189 211 214 117 232 58 1 1 1 1 1 1 1 1 1 1 1 1 1 3 6 0 0 1 0 0 0 0 0 0 0 0 0 0 0 1 1 0 0 1 1 1 0 1 1 1 0 0 0 1 1 0 0 0 1 28 1 1 0 1 235 4 1 1 2 58 1 1 2 18 9 1 1 1 10 160 164 129 27 3 1 1 1 1 5 90 162 169 173 196 192 170 29 67 1 1 1 18 2 186 6 0 0 1 1 116 198 1 1 55 64 34 15 6 4 2 2 186 249 249 174 118 10 1 17 1 1 4 1 1 0 0 0 0 0 1 158 1 1 0 0 1 1 1 167 1 1 0 0 1 1 1 138 3 1 0 1 1 1 1 211 1 1 1 1 3 2 1 0 0 0 0 1 1 74 153 5 41 44 15 9 1 1 1 1 0 0 0 1 1 1 1 10 2 1 0 0 1 1 1 1 23 200 7 1 12 18 1 1 1 4 15 26 24 27 12 1 1 4 16 1 1 1 1 1 1 92 208 33 1 1 1 0 0 0 0 0 0 1 3 149 9 1 1 0 0 0 1 0 0 0 0 0 1 57 1 1 1 19 1 0 0 0 0 0 0 0 1 1 1 1 15 1 1 1 0 0 0 0 0 0 0 0 0 0 1 200 77 1 1 1 1 1 53 6 2 2 2 1 1 3 1 0 0 1 1 1 1 1 1 1 24 95 97 98 31 2 1 1 1 1 1 1 1 1 1 0 0 0 1 1 2 169 1 0 0 0 0 0 0 0 1 2 1 0 0 0 0 0 0 0 1 69 51 45 42 25 17 38 1 1 1 1 249 179 1 1 1 1 1 9 92 30 2 1 1 1 1 1 1 1 1 1 1 0 0 0 0 0 0 0 0 0 0 1 1 1 1 1 0 0 0 0 0 0 0 2 2 0 0 0 0 0 0 0 0 0 0 0 0 0 0 1 0 0 0 0 0 0 0 0 0 0 0 0
0 0 0 0 1 1 1 39 161 212 178 4 1 1 1 1 1 1 1 5 29 25 3 1 1 1 24 1 7 44 48 15 1 1 1 1 35 32 1 1 0 0 1 1 0 1 1 1 1 24 11 1 0 1 1 3 8 1 1 1 1 1 31 4 1 1 0 1 1 1 1 1 3 1 1 1 86 73 74 108 249 23 1 1 1 0 1 1 1 1 1 1 1 1 1 1 5 3 0 0 1 1 1 1 1 0 0 0 0 0 0 1 1 0 0 0 0 0 0 0 0 1 1 1 0 0 0 1 1 0 0 1 22 1 1 0 1 230 33 1 0 0 26 29 19 9 1 1 1 1 1 6 1 1 1 1 1 0 0 0 1 1 1 1 47 92 1 1 1 1 1 67 1 3 7 1 41 173 1 1 1 1 1 220 199 199 180 176 185 191 193 195 197 198 198 204 255 75 1 1 1 36 1 0 1 2 1 1 1 0 0 1 48 130 1 1 0 1 1 1 1 166 1 1 1 0 2 1 1 142 1 1 0 0 1 1 183 105 2 2 3 1 0 0 0 0 0 0 1 1 1 134 168 26 1 1 1 1 3 3 1 1 1 1 0 0 1 1 2 33 10 1 1 1 1 1 1 4 197 34 1 1 1 3 19 2 7 3 1 1 1 1 5 28 9 24 1 1 1 1 1 1 1 1 35 208 90 1 1 1 0 0 0 0 1 1 143 28 1 1 1 0 0 0 1 1 0 0 0 0 1 55 1 3 52 74 5 1 1 1 1 0 0 0 0 0 0 1 18 1 1 1 1 1 1 1 1 1 1 1 1 1 1 118 188 1 1 1 24 37 11 55 1 1 1 2 1 3 1 1 1 1 1 1 1 1 11 118 151 104 4 1 1 1 1 1 1 1 1 1 0 1 1 0 0 0 0 1 1 171 1 1 0 0 0 0 0 0 1 1 3 1 0 0 0 0 0 0 1 8 4 1 1 1 1 17 21 1 1 1 204 247 1 5 134 217 228 228 220 226 229 211 92 6 1 1 1 1 1 0 0 0 0 0 0 0 0 0 0 0 0 0 0 0 1 1 0 0 0 0 0 0 0 1 4 1 0 0 0 0 0 0 0 0 1 1 1 1 1 1 1 1 0 0 0 0 0 0 0 0 0 1
0 0 0 0 0 0 1 1 1 48 93 209 188 13 1 1 1 1 1 1 1 1 13 26 18 8 8 0 0 1 1 24 55 48 2 33 38 1 1 1 1 1 1 1 1 1 1 1 1 1 49 1 1 1 8 4 1 1 0 1 1 9 2 2 3 1 1 1 1 1 1 0 2 2 1 6 103 43 11 88 247 1 1 1 1 1 0 0 1 1 1 1 0 0 0 0 9 1 0 0 0 0 0 0 0 0 0 0 0 0 0 1 1 0 0 0 0 0 0 0 0 0 1 1 1 0 0 0 0 0 1 26 1 1 1 0 1 211 145 1 1 2 15 82 2 1 1 1 1 1 2 2 1 1 0 1 1 1 1 1 1 0 1 47 42 1 0 0 0 1 1 3 83 6 1 1 1 190 2 1 1 43 85 105 194 1 1 1 1 1 1 1 1 1 1 1 249 247 1 1 32 3 1 1 1 1 1 1 1 0 1 1 154 5 1 1 1 1 0 1 1 137 60 1 2 1 1 1 2 142 1 1 0 0 0 2 210 1 0 1 1 0 0 0 0 0 0 0 1 98 160 101 117 1 0 0 0 1 1 1 4 1 1 1 1 1 1 1 35 3 5 9 1 1 1 1 2 187 95 1 1 1 1 1 4 19 1 1 1 1 1 0 1 1 48 6 1 1 0 1 1 1 1 1 1 7 202 141 1 1 1 0 0 0 1 128 61 1 1 1 0 0 0 0 0 1 0 0 1 1 7 80 88 51 3 2 48 4 1 1 1 1 1 1 1 1 1 1 25 1 1 1 1 1 1 1 1 1 1 1 1 1 1 11 207 3 20 35 4 1 1 68 1 1 1 1 2 4 1 1 1 1 1 3 70 146 143 57 2 10 1 1 1 1 1 1 1 1 0 0 0 1 1 0 0 0 0 1 1 163 12 1 0 0 0 0 0 0 0 1 3 1 0 0 0 0 0 1 1 1 18 1 0 0 1 2 46 3 2 10 163 255 230 228 211 108 6 2 1 2 9 145 220 229 227 185 44 3 1 1 1 1 0 0 0 0 0 0 0 0 0 0 0 1 1 1 1 0 0 0 0 0 0 0 3 1 0 0 0 0 1 1 1 1 1 1 1 1 7 4 0 1 0 0 0 0 0 0 0 0 0 1
0 0 0 0 0 0 0 1 1 43 1 1 73 207 210 127 2 1 1 1 1 1 1 1 2 18 2 1 1 1 0 1 1 3 74 43 1 1 1 1 1 1 1 1 1 1 1 1 1 0 7 33 5 7 1 1 1 1 0 0 1 8 1 1 5 1 1 0 1 0 1 4 1 1 8 78 69 111 61 178 246 1 1 1 1 1 0 1 1 1 1 1 0 0 0 0 12 1 0 0 0 0 0 0 0 0 0 0 0 0 0 1 1 1 0 0 0 0 0 0 0 0 0 1 1 1 0 0 0 0 5 10 1 1 0 0 1 116 218 2 15 8 1 1 62 1 1 0 0 0 3 1 0 1 0 1 0 1 1 0 0 0 1 95 1 0 0 0 1 1 1 1 16 65 1 1 1 53 173 14 83 27 1 1 128 107 1 0 0 0 0 0 0 0 0 1 118 253 249 40 50 1 1 1 1 1 0 0 1 1 1 68 123 1 0 1 1 1 0 0 1 84 123 0 1 3 1 1 59 106 1 1 0 0 0 188 86 0 0 1 0 0 1 0 0 0 1 5 153 106 1 1 116 1 0 0 0 0 1 1 1 3 2 1 1 1 1 29 3 1 1 6 9 1 1 1 163 140 1 1 1 0 1 1 1 2 6 1 1 1 0 1 1 15 1 13 2 1 1 0 0 1 1 1 1 1 2 186 173 1 1 1 1 1 103 100 1 1 1 0 0 0 0 0 0 1 1 1 54 73 57 43 73 2 1 1 1 48 10 2 2 29 56 53 50 49 44 45 63 1 1 1 1 1 1 1 0 0 1 1 0 1 1 2 212 51 5 1 1 1 1 62 2 1 1 1 1 5 1 1 2 16 130 151 112 8 1 1 1 6 1 1 1 1 0 0 1 1 0 0 0 0 1 0 0 0 0 1 1 67 143 1 0 0 0 0 0 0 0 1 3 1 0 0 1 1 1 1 0 1 20 1 1 1 1 4 20 220 228 228 215 253 3 1 1 1 1 1 1 1 1 1 1 3 37 185 224 229 223 168 23 2 1 1 1 1 0 1 1 1 1 0 0 1 1 0 0 1 0 0 0 0 1 1 1 4 1 0 1 1 1 1 1 2 20 42 50 51 44 9 4 1 0 0 0 0 0 0 0 0 0 1
1 0 0 0 0 0 0 0 1 35 1 1 1 1 1 155 210 193 25 1 1 1 1 1 1 1 1 1 2 1 0 0 0 7 10 1 1 1 1 1 1 1 1 0 1 1 0 1 1 1 1 27 33 1 1 1 1 0 1 1 1 2 1 1 1 5 1 0 1 2 4 1 1 48 83 176 227 224 230 214 228 1 1 1 1 1 0 1 1 1 1 1 0 0 0 0 13 1 0 0 0 0 0 0 0 0 0 0 0 0 0 1 0 1 1 0 0 0 0 0 0 0 0 0 0 1 1 0 0 1 28 1 1 1 0 0 1 17 235 8 1 1 0 1 11 31 1 0 0 1 3 1 0 1 1 1 0 0 1 1 0 0 1 95 0 0 0 1 1 1 1 1 1 96 1 1 1 1 175 77 1 1 1 0 1 180 1 0 0 0 0 1 0 0 1 31 38 9 247 255 236 22 1 1 1 0 0 0 1 1 15 144 1 1 0 0 1 1 1 0 1 86 124 0 1 4 1 1 138 4 1 1 1 1 2 208 1 1 1 1 1 1 1 0 0 1 92 160 13 1 0 1 73 46 1 0 0 0 0 1 1 1 2 4 1 1 14 10 1 1 1 1 5 12 1 132 173 5 1 1 1 1 1 1 0 1 1 7 1 1 1 1 11 2 1 1 15 1 1 0 0 0 1 1 1 1 1 1 156 195 3 1 1 72 123 1 1 1 0 0 0 0 0 0 1 1 27 74 12 2 1 1 47 12 5 1 1 1 37 62 57 15 3 4 4 5 7 7 104 4 1 1 0 0 0 0 0 0 0 1 1 1 1 1 217 6 1 1 1 0 1 14 32 1 1 1 1 8 5 89 147 140 39 2 1 1 1 1 1 2 5 1 0 0 0 0 1 1 1 0 0 0 1 0 0 0 0 1 1 3 170 1 0 0 0 0 0 0 0 1 3 1 1 1 1 0 1 1 1 1 19 1 1 1 3 60 225 200 145 133 97 251 185 1 1 0 0 0 0 0 0 1 1 1 1 1 2 4 62 203 227 230 222 149 14 2 1 1 1 1 1 1 1 1 1 1 1 1 1 1 47 13 1 1 1 4 1 1 1 8 36 51 52 42 10 2 1 1 9 1 8 4 1 0 0 0 0 1 1 0 0 1
1 0 0 0 0 0 0 0 1 14 8 1 1 1 1 1 1 64 204 210 114 9 1 1 1 1 1 1 1 0 0 0 1 22 1 1 1 1 1 1 1 1 1 0 1 1 1 1 1 1 0 1 59 1 1 1 1 1 1 1 1 1 1 1 1 2 3 1 4 2 1 4 63 97 227 180 2 2 10 70 209 158 1 1 0 1 1 1 1 1 1 0 0 0 0 0 13 0 0 0 0 0 0 0 0 0 0 0 0 0 0 1 1 0 1 1 1 1 0 0 0 0 0 0 0 1 1 1 1 14 3 1 1 0 1 5 42 31 230 1 1 0 1 1 1 42 5 1 1 1 3 1 0 1 1 0 0 0 0 1 0 0 1 94 0 0 1 1 1 0 1 1 1 96 0 1 1 1 6 158 1 1 1 1 1 130 106 1 0 1 1 1 1 1 1 84 1 1 1 81 252 254 153 1 1 1 1 0 1 12 146 3 1 1 1 1 1 1 1 1 1 139 59 1 1 4 1 1 144 1 1 0 0 1 191 79 1 1 1 0 0 0 1 1 8 155 120 1 1 0 0 1 1 120 1 0 0 0 0 0 0 1 1 1 3 8 22 1 1 1 1 1 1 6 108 187 3 2 3 1 1 0 1 1 0 1 1 1 7 1 1 5 6 1 1 1 2 12 1 1 0 0 1 1 1 1 1 1 1 111 207 16 36 140 1 1 1 0 0 0 0 0 1 1 13 71 28 2 1 1 1 1 44 1 6 10 1 1 1 1 1 1 1 1 1 0 0 1 27 66 1 1 1 0 0 0 1 1 1 1 1 1 1 1 208 68 1 1 0 0 1 2 65 1 1 2 44 145 149 98 5 1 1 1 1 1 1 1 1 1 8 1 0 0 0 0 1 1 1 0 0 0 1 1 0 0 0 0 1 1 172 1 0 0 0 0 0 0 1 1 1 3 1 1 1 1 1 1 1 1 19 67 187 232 237 234 185 5 1 1 1 79 253 1 1 0 0 1 1 1 1 1 1 0 0 0 1 1 1 1 2 5 90 211 228 230 218 128 14 2 1 1 1 1 1 0 0 1 1 193 225 228 159 66 184 224 184 53 49 24 4 1 1 1 1 1 1 9 1 1 1 17 1 1 0 0 0 1 0 1 1 1
1 0 0 0 0 1 1 1 1 19 4 1 1 1 1 1 1 1 1 9 172 210 208 84 5 1 1 1 1 1 1 1 9 4 1 1 0 0 1 1 1 1 1 1 1 1 1 1 1 1 1 1 14 38 1 1 1 1 1 1 1 1 1 1 0 1 5 10 1 1 33 70 182 228 63 5 1 1 1 1 105 227 58 1 1 0 1 1 1 1 1 1 1 1 1 1 13 1 0 0 0 0 0 0 0 0 0 0 0 0 0 1 1 1 1 0 0 1 1 0 0 0 0 0 0 0 1 1 1 24 1 1 1 1 38 24 1 1 230 2 1 1 1 1 1 1 59 1 0 1 1 1 1 1 1 0 0 0 0 1 2 20 22 73 1 0 1 1 1 0 0 0 4 84 0 0 0 1 1 114 94 1 1 0 1 2 180 1 0 1 1 0 0 1 1 83 1 1 1 1 1 207 254 243 15 1 1 1 15 146 5 1 1 0 0 0 1 1 0 1 1 170 1 1 0 4 1 1 145 1 1 0 0 4 208 1 1 0 0 0 1 3 125 169 161 19 1 1 0 0 0 0 1 94 27 1 0 0 0 0 0 1 1 1 3 41 1 1 1 1 0 1 1 25 200 14 1 1 1 3 1 1 0 1 0 0 1 1 1 6 7 9 1 1 1 1 1 5 6 1 1 0 0 1 0 1 1 1 1 1 50 214 180 3 1 1 1 0 0 0 0 1 1 54 43 2 1 1 1 1 1 1 33 2 1 3 17 4 1 1 1 0 1 1 1 1 1 1 1 102 3 1 1 1 1 1 1 1 1 1 1 2 2 4 156 183 1 1 0 0 0 1 66 13 107 141 120 38 2 1 1 1 1 1 1 1 1 1 1 1 9 1 0 0 0 0 0 1 1 0 0 0 0 1 0 0 0 0 1 1 168 7 1 0 0 0 1 1 1 1 1 3 1 1 1 1 5 52 190 233 236 236 203 65 5 2 1 3 1 1 1 1 253 1 1 1 1 1 0 0 0 1 0 0 0 0 0 0 1 1 1 1 1 1 2 8 119 216 228 231 216 120 8 2 1 1 1 1 1 229 16 10 213 225 191 79 218 56 1 1 1 0 0 1 1 1 1 12 1 1 1 19 1 1 0 0 0 0 0 0 0 1
1 1 1 1 1 1 1 4 15 1 2 1 1 1 1 1 1 1 1 1 1 1 20 187 210 201 60 10 3 3 4 3 10 2 1 1 1 1 1 0 1 1 1 1 1 1 1 1 1 1 1 2 1 36 8 1 1 1 1 1 1 1 1 1 0 1 1 16 4 61 81 227 192 4 2 14 23 2 1 1 2 122 230 2 1 1 0 1 1 0 0 0 0 1 1 2 7 1 1 1 1 1 1 0 0 0 0 0 0 0 0 1 1 1 1 0 0 0 1 0 0 0 0 0 0 0 0 1 24 1 1 1 1 37 1 1 1 1 189 160 1 1 1 1 1 1 3 51 1 1 1 1 1 1 0 0 1 1 27 40 11 1 1 59 1 1 1 1 1 0 0 1 3 87 1 0 0 1 1 1 164 2 1 0 0 1 182 1 1 0 0 0 0 0 9 57 1 2 1 1 1 1 48 251 254 176 3 28 151 7 2 1 1 1 1 1 1 1 1 1 1 173 1 1 1 1 2 1 144 1 1 0 1 195 69 1 0 0 1 14 158 167 90 2 1 1 0 0 0 0 0 0 1 1 124 1 1 0 0 0 0 0 0 1 41 3 1 1 1 1 1 1 4 196 30 5 2 1 1 1 2 2 1 1 0 0 1 0 1 2 31 3 1 1 1 0 1 1 9 4 1 0 0 0 0 0 1 1 1 1 3 155 212 142 1 1 1 1 1 1 1 17 73 10 1 1 1 1 1 0 1 1 3 28 1 1 1 7 17 3 1 1 1 1 1 1 1 1 1 11 100 14 45 53 55 58 61 69 76 78 79 77 71 66 93 208 1 1 0 0 1 1 62 139 64 3 1 7 1 1 1 1 1 1 1 1 0 0 1 1 7 1 0 0 0 0 0 1 1 1 0 0 0 1 0 0 0 0 1 1 85 134 1 1 1 1 1 1 1 1 1 5 7 89 204 233 236 233 201 53 4 23 1 1 1 1 1 1 3 1 1 1 253 2 1 1 0 0 0 0 0 0 0 0 0 0 0 1 1 0 1 1 1 0 1 1 1 1 2 8 127 219 231 229 208 85 6 2 9 229 2 1 1 1 1 1 27 221 1 0 0 1 1 1 1 1 2 6 1 0 1 18 1 1 0 0 0 0 0 0 1 1
1 1 1 1 0 0 1 11 1 1 1 1 1 1 1 1 1 1 1 1 1 1 1 1 1 50 197 213 190 47 3 11 3 7 1 1 1 0 1 1 1 1 1 1 0 0 1 1 1 1 2 1 0 1 55 1 1 1 1 1 1 0 0 1 0 1 1 40 89 171 232 72 1 1 1 1 1 24 1 1 1 36 142 219 1 1 0 1 1 0 0 0 0 1 0 1 8 0 0 0 0 1 1 0 0 0 0 0 0 0 0 1 1 1 0 0 0 0 0 0 0 0 0 0 0 0 1 4 12 1 1 1 22 7 1 0 0 1 3 230 1 1 1 0 0 1 1 14 46 6 1 1 1 1 1 9 35 36 3 2 2 1 57 2 0 1 1 1 1 1 0 1 1 98 1 0 0 0 1 1 18 152 1 1 0 0 180 1 1 1 1 0 0 1 21 43 1 1 1 1 1 1 1 1 208 254 252 233 9 2 1 2 1 0 1 1 1 0 0 1 7 169 1 1 1 1 4 1 144 1 1 1 6 206 1 1 1 8 152 159 15 1 1 0 0 0 0 0 0 0 0 0 0 1 34 95 1 0 0 0 0 0 1 8 17 1 1 1 1 1 1 2 184 88 1 1 4 3 1 1 1 2 3 1 1 0 1 1 1 17 1 5 4 1 1 0 0 1 1 10 3 1 1 0 0 0 1 1 1 2 141 19 3 193 176 1 1 1 1 8 72 41 1 1 1 0 0 0 0 0 0 1 1 44 1 0 0 1 1 9 17 4 1 1 1 1 1 1 1 1 6 192 161 32 14 11 9 5 3 3 3 3 2 2 10 211 1 1 1 1 1 1 114 32 1 1 1 6 1 1 1 0 0 1 1 0 0 0 0 1 2 4 0 0 0 0 0 0 1 1 0 0 0 1 1 0 0 1 1 1 4 169 1 1 1 1 1 2 11 108 210 235 236 228 180 43 5 2 1 1 1 16 1 1 1 1 1 1 1 3 1 1 251 182 1 1 0 0 0 0 0 0 0 0 0 0 0 1 1 0 1 0 1 1 1 1 1 1 1 1 1 1 4 16 168 223 230 227 225 174 1 1 0 1 1 1 1 188 170 1 1 1 0 0 0 0 12 1 1 1 1 18 1 1 0 0 0 0 0 0 1 1
0 1 1 0 0 1 4 3 0 1 1 1 1 1 1 0 0 1 1 2 5 1 1 1 1 0 1 1 81 202 211 113 11 21 22 15 1 1 1 1 1 1 1 1 1 1 1 1 1 1 0 0 0 1 6 39 1 0 1 1 1 0 0 1 1 1 51 88 227 206 1 1 1 1 0 1 1 3 16 1 1 1 97 202 153 1 1 1 1 1 0 0 1 1 1 1 9 0 0 0 0 1 1 0 0 0 0 0 0 0 0 1 1 0 0 0 0 0 0 0 0 0 0 0 0 1 1 27 1 1 1 13 12 1 1 0 0 0 1 230 1 1 1 1 1 1 1 1 12 8 27 27 28 27 29 9 1 1 1 1 28 51 1 1 1 1 1 0 1 1 1 0 1 96 1 0 0 0 1 6 48 183 1 1 0 0 175 6 1 1 1 1 0 1 3 78 1 1 1 1 1 1 1 1 1 32 240 254 163 1 1 1 1 1 1 1 1 0 1 1 160 27 1 1 1 1 4 1 142 1 1 1 197 60 1 2 142 162 30 1 0 0 0 0 0 0 0 0 0 0 0 0 0 0 1 114 10 1 0 0 0 1 1 38 1 1 1 0 1 1 3 165 133 1 1 1 1 4 2 1 1 1 1 3 1 1 1 1 17 1 1 1 3 5 1 0 0 0 1 1 10 4 1 1 0 0 1 1 1 125 56 1 1 1 172 196 2 1 52 53 2 1 1 0 0 0 0 0 0 0 0 1 1 45 1 1 0 0 1 1 1 7 17 8 1 1 1 1 1 1 124 132 114 177 149 79 49 146 179 182 182 182 182 182 183 228 140 39 2 1 1 1 136 3 1 1 1 6 1 0 0 0 0 1 0 0 0 0 0 0 1 8 1 0 0 0 0 0 1 1 1 0 0 0 1 1 1 1 1 1 1 171 2 2 16 133 218 235 235 226 166 28 6 1 1 1 1 1 1 1 1 6 4 1 1 1 1 1 1 1 2 1 176 251 1 1 0 0 0 0 0 1 0 0 0 0 0 1 1 1 1 0 0 0 0 0 0 0 1 1 1 1 1 1 1 1 2 25 80 1 1 0 0 0 1 1 1 3 225 6 0 0 0 0 0 1 11 0 0 1 1 17 1 1 1 2 2 1 1 0 1 1
0 1 1 1 1 4 6 1 0 1 1 1 1 1 1 1 0 0 1 5 1 4 8 7 2 1 1 1 1 1 1 181 211 211 193 35 20 21 5 1 1 0 0 1 1 1 1 2 1 1 0 1 1 1 1 33 9 1 1 1 1 0 0 1 12 70 158 235 97 2 1 1 0 1 1 1 1 1 18 3 1 1 1 115 220 139 1 1 1 1 1 1 1 1 1 1 12 0 0 0 0 1 1 0 0 0 0 0 0 0 0 1 1 0 0 0 0 0 0 0 0 0 0 0 1 1 22 3 0 1 13 13 1 1 1 1 0 0 1 203 143 1 1 1 1 1 1 1 9 1 0 1 1 1 1 1 1 0 1 55 101 2 0 1 1 1 1 1 1 1 1 0 0 22 64 1 1 6 47 25 1 164 28 1 0 0 175 8 1 1 1 1 3 1 1 82 1 1 1 1 1 1 1 1 1 1 1 218 255 216 1 1 1 2 1 1 1 1 1 3 173 1 1 1 1 1 3 1 114 45 1 18 206 3 135 169 56 1 1 0 0 0 0 0 0 0 0 0 0 0 0 0 0 0 1 2 125 1 1 1 1 1 40 1 1 1 0 0 1 1 130 165 1 1 1 0 1 1 5 3 1 1 1 1 3 2 1 13 2 1 1 1 1 2 7 1 0 1 0 1 1 10 3 1 1 1 1 1 105 88 1 1 1 1 1 140 213 95 11 1 1 1 0 0 0 0 0 0 0 0 0 1 1 42 1 1 1 1 0 0 1 1 1 3 17 17 4 1 1 13 176 3 1 6 99 157 167 110 15 8 8 6 4 4 3 183 95 125 32 4 18 69 122 1 1 1 1 6 1 1 1 0 1 1 0 0 0 0 0 0 1 9 1 0 0 0 0 0 0 1 1 1 1 1 1 1 1 1 1 3 36 209 225 235 235 218 140 16 3 1 1 1 2 1 1 1 1 1 1 0 0 1 15 1 1 1 0 0 1 1 3 1 5 253 1 1 1 0 0 0 0 1 0 0 0 0 0 1 1 1 0 0 0 0 0 0 0 0 0 0 1 1 1 0 1 1 1 1 1 1 1 0 0 0 1 1 1 1 101 215 1 0 0 0 0 1 11 1 2 3 4 25 19 19 19 14 15 21 17 2 2 1
1 1 1 1 8 6 1 0 0 1 1 1 1 1 1 1 0 0 1 8 1 0 1 1 3 8 4 1 1 1 1 19 1 1 59 204 211 186 34 24 19 3 1 1 1 2 1 1 1 1 1 0 0 0 0 1 54 1 1 1 1 1 1 50 67 178 218 1 1 1 1 1 0 0 1 1 1 1 1 31 1 1 1 64 104 227 51 1 1 1 1 1 1 1 1 1 12 1 0 0 0 1 0 0 0 0 0 0 0 0 0 1 1 1 0 0 0 0 0 0 0 0 0 1 18 25 1 1 1 18 11 1 1 1 1 1 0 0 7 32 226 1 1 1 1 0 1 1 1 10 0 1 1 0 1 1 1 1 78 15 1 51 1 1 1 0 1 1 1 0 1 1 1 18 121 12 51 28 1 1 1 13 170 1 1 1 175 6 1 0 1 3 1 3 2 82 1 1 1 1 1 1 1 1 1 1 1 1 159 254 232 1 1 1 2 1 1 1 1 165 26 1 1 1 1 1 3 26 32 129 7 211 161 168 73 1 1 0 0 0 0 0 0 0 1 1 0 0 0 0 0 1 1 1 1 1 16 113 1 1 1 29 4 1 1 1 1 1 1 79 186 2 1 1 0 0 0 1 1 4 8 3 1 1 1 2 18 3 1 1 1 0 0 1 2 9 1 1 0 0 1 1 9 4 1 1 1 84 109 1 1 0 1 1 1 6 130 221 44 1 1 1 0 0 0 0 0 0 0 0 0 0 1 13 10 1 1 1 0 0 0 0 0 1 1 1 8 18 17 178 27 1 1 1 1 1 1 1 1 1 1 1 1 1 1 79 177 2 108 130 117 110 11 1 1 0 1 6 1 0 1 1 1 1 1 1 1 1 1 1 1 8 1 0 0 0 0 0 1 1 1 1 1 1 1 3 31 178 237 242 239 225 143 8 2 1 1 1 1 1 1 1 2 1 0 0 0 0 0 0 0 1 19 1 0 0 0 0 1 1 2 1 1 253 1 1 1 0 0 0 0 1 1 0 0 0 0 1 0 1 0 0 0 0 0 0 0 0 0 0 0 1 1 1 0 0 1 2 1 1 1 1 1 1 1 1 1 1 1 219 61 1 1 1 1 7 7 3 2 1 1 3 1 1 1 1 1 1 2 18 9 1
1 1 1 1 3 1 0 0 0 0 0 1 0 0 1 1 1 4 8 1 0 1 1 1 1 1 1 3 4 2 3 9 1 1 1 1 1 84 209 212 179 27 25 18 3 1 1 0 1 0 1 1 0 0 0 0 7 38 1 1 1 18 67 59 184 224 1 1 1 0 1 1 1 1 1 1 1 1 1 4 19 1 15 23 104 114 219 11 1 1 1 1 1 1 1 1 11 1 0 0 0 1 0 0 0 0 0 0 0 0 0 1 1 1 0 0 0 0 0 0 0 1 17 25 2 1 0 1 23 7 1 1 0 0 1 1 0 0 20 1 170 180 1 1 1 1 0 1 1 12 1 1 0 1 1 1 2 82 2 1 1 47 1 0 0 0 1 0 0 0 0 1 56 31 88 20 1 1 1 0 0 1 178 1 1 1 177 4 1 0 2 1 0 1 1 82 1 1 1 0 1 1 1 1 1 1 1 1 1 95 254 242 2 1 1 2 1 1 131 108 1 1 1 1 21 92 97 63 32 74 226 228 70 1 1 1 0 0 0 0 1 1 1 1 1 1 1 1 1 1 1 1 1 1 1 1 1 99 38 1 13 13 1 1 1 1 1 1 25 195 5 1 1 1 0 0 1 1 1 1 1 7 1 1 1 7 12 4 1 1 0 0 0 0 1 1 10 1 1 1 1 1 1 6 7 1 51 128 1 1 1 0 0 1 3 37 1 17 215 112 1 1 1 0 1 0 0 0 0 0 0 0 1 1 41 1 0 0 0 0 0 0 0 0 1 1 1 1 125 149 11 5 1 1 1 1 0 0 1 1 0 1 1 1 1 4 199 1 1 1 1 4 56 1 1 0 1 5 1 0 0 1 0 0 0 0 0 0 0 0 0 3 3 1 1 1 1 1 1 1 2 5 57 191 239 241 239 220 113 8 2 2 49 1 1 1 1 1 0 1 0 1 2 1 0 0 0 0 0 1 1 1 2 19 1 0 0 0 1 1 2 1 1 253 2 1 1 1 0 0 0 1 0 0 0 0 1 1 0 1 0 0 0 0 0 0 0 0 0 0 0 1 0 0 1 1 1 1 0 1 0 0 0 0 0 1 0 1 1 62 219 1 1 0 1 10 1 0 0 0 1 2 1 1 1 1 1 1 1 2 20 1
1 0 0 1 1 1 0 0 0 0 1 1 0 1 14 51 14 2 1 1 1 1 1 1 1 1 1 1 1 1 8 2 1 1 0 0 0 0 1 1 111 215 217 164 24 23 17 4 1 1 1 1 0 1 0 0 1 58 1 2 55 47 55 219 187 1 1 1 1 1 1 1 1 1 0 1 1 1 1 1 30 44 5 1 1 92 137 210 7 1 1 1 1 1 1 0 4 3 0 0 0 1 0 0 1 0 0 0 0 0 0 0 1 1 1 0 0 0 0 1 17 24 2 1 0 0 1 32 4 1 1 0 0 0 1 1 0 0 14 2 1 160 196 1 1 1 1 0 0 10 1 1 1 1 1 1 77 1 1 1 0 7 11 1 0 0 1 1 1 0 6 34 1 0 5 34 0 1 1 1 0 1 150 66 1 1 177 3 1 1 2 0 0 0 1 74 1 0 0 1 1 0 0 0 1 0 0 0 1 1 36 254 244 3 1 1 31 170 107 1 2 26 95 99 69 3 1 1 1 145 232 178 182 41 1 1 1 1 0 0 1 1 1 1 1 1 1 1 1 1 1 1 1 1 1 1 1 2 131 18 41 1 1 1 1 1 1 5 195 25 1 1 0 1 1 1 1 1 0 0 1 3 2 1 6 6 1 2 4 1 0 0 0 0 1 1 1 9 2 1 1 0 1 1 4 59 142 2 1 1 1 1 1 5 43 1 1 1 2 205 159 1 1 1 1 1 1 0 0 0 0 0 1 1 45 1 0 0 0 0 0 0 0 0 1 0 1 8 178 3 1 3 9 8 2 1 1 1 0 1 1 0 0 1 0 1 201 1 1 1 1 1 52 6 1 0 1 3 2 0 0 0 0 0 0 0 0 0 0 0 1 1 7 1 1 1 2 5 69 199 239 241 239 215 99 7 2 1 1 1 1 1 54 1 1 1 0 0 0 1 0 0 1 2 0 0 0 0 0 1 0 0 1 20 1 0 0 0 1 1 2 1 1 250 186 1 1 1 0 0 0 1 0 0 0 0 1 1 1 1 0 0 0 0 0 0 0 0 0 0 1 1 0 0 0 1 2 0 0 1 1 0 0 0 0 1 1 1 1 3 225 1 0 0 1 10 0 0 0 0 1 2 0 0 0 0 0 0 1 2 18 1
52 5 1 1 0 1 1 1 1 1 1 1 1 24 28 1 24 1 0 0 1 1 1 1 1 1 1 1 1 1 4 1 1 1 1 1 0 0 0 0 0 1 1 147 217 217 171 33 21 24 21 15 4 1 1 1 1 26 60 57 23 75 230 101 1 1 0 0 1 1 1 1 1 1 1 1 1 0 1 9 14 22 1 1 1 1 93 168 190 3 1 1 1 1 1 1 1 8 1 1 1 1 1 1 1 0 0 0 0 0 0 0 1 1 1 1 0 1 17 24 2 1 0 1 1 26 34 1 1 1 0 0 0 0 1 1 0 0 3 11 0 1 134 212 2 1 1 1 1 3 4 1 1 1 1 51 27 1 1 0 0 1 33 1 1 1 1 1 1 15 9 1 1 0 1 55 1 0 1 1 0 0 1 177 2 1 175 6 1 3 1 0 0 0 1 74 1 0 1 1 1 1 1 0 1 1 0 0 1 1 1 47 254 235 176 181 173 84 40 38 32 63 2 1 1 1 0 1 158 230 11 1 39 183 195 101 4 1 1 1 1 1 1 1 1 1 1 2 2 3 5 12 34 80 128 163 184 198 214 218 207 177 41 3 1 1 3 184 85 1 1 0 0 0 1 1 1 0 0 0 0 1 5 5 10 1 0 1 4 2 1 0 0 1 1 1 1 1 6 3 1 0 1 1 4 146 22 1 1 1 1 1 1 42 1 1 1 1 1 1 187 189 1 1 1 0 1 1 0 0 0 0 0 1 43 1 0 0 1 0 0 0 0 1 1 1 1 170 30 1 2 1 1 1 7 10 2 1 1 1 1 1 0 1 0 1 199 6 1 0 1 1 2 65 1 0 0 1 5 1 0 0 0 0 0 0 1 0 1 1 1 1 13 10 84 205 238 241 239 210 89 8 2 1 1 1 1 1 1 1 1 1 51 1 1 1 0 0 0 1 1 0 1 2 0 0 0 0 0 1 0 0 1 19 1 0 0 0 0 1 2 0 1 99 253 1 1 1 0 0 0 1 0 0 0 0 1 1 1 0 0 0 0 0 0 0 0 0 0 0 1 1 0 0 0 1 1 0 0 0 1 0 0 0 0 1 0 1 1 1 226 1 0 0 4 3 0 0 0 0 1 2 0 0 0 0 0 0 1 3 14 1
1 33 52 33 1 1 0 1 0 1 1 39 51 11 1 1 18 1 0 0 0 0 1 1 1 1 1 1 1 1 2 1 0 0 1 1 1 0 0 0 0 0 0 0 1 21 127 212 215 213 188 40 13 22 22 20 18 53 101 26 116 229 18 1 0 0 0 1 1 1 1 1 1 1 1 0 1 1 1 20 1 9 17 15 10 3 2 120 201 151 2 1 1 1 1 2 6 14 1 1 1 0 0 1 0 0 0 0 0 0 0 0 1 1 1 1 20 25 2 1 0 1 3 36 39 3 1 1 1 1 0 0 0 0 1 1 0 0 1 23 1 0 1 96 219 8 1 1 1 1 11 1 1 1 31 3 33 1 1 0 1 0 25 1 1 1 1 1 24 3 1 0 1 1 1 25 9 1 1 1 1 0 1 10 172 1 174 10 2 1 0 0 0 0 1 77 1 1 1 0 0 1 1 1 0 1 0 0 1 0 1 3 114 255 215 34 4 5 1 1 22 7 1 1 1 1 1 174 226 7 1 1 1 4 16 175 201 199 183 128 90 114 149 177 192 199 202 204 205 205 205 200 198 187 170 136 90 34 37 15 6 125 201 207 177 90 178 127 1 1 1 1 1 1 1 1 1 0 0 0 0 1 1 12 1 1 1 1 1 7 1 0 1 1 1 0 0 1 1 4 4 1 1 2 141 11 1 10 1 1 0 1 1 46 1 1 1 1 1 1 2 156 208 2 1 1 0 1 1 0 0 0 0 1 16 8 1 1 1 1 0 0 1 1 0 1 109 143 1 1 2 1 0 1 1 1 5 11 3 1 1 1 1 1 0 1 172 100 1 1 0 1 1 42 11 1 0 1 5 1 0 0 1 1 1 1 1 1 3 17 110 212 241 241 238 205 69 6 2 1 1 1 1 1 1 1 0 0 0 1 1 0 16 13 1 1 1 0 0 0 1 0 0 2 1 0 0 0 0 1 1 0 1 20 1 1 0 0 0 1 2 1 1 1 249 207 1 1 1 0 1 1 0 0 0 1 1 0 1 0 0 0 0 0 0 0 0 0 1 1 1 1 1 1 1 2 0 0 0 0 1 1 1 0 0 0 0 1 1 1 225 3 0 0 10 0 0 0 0 0 1 2 0 0 0 0 0 0 1 4 14 1
1 1 1 5 48 53 38 21 39 53 46 3 1 0 1 1 1 22 0 0 0 0 0 1 1 1 1 1 1 4 1 0 0 0 0 1 1 0 0 0 0 0 1 1 1 14 1 1 1 1 88 208 216 216 162 6 2 33 167 235 218 1 1 1 0 0 1 1 0 1 1 1 1 1 1 1 1 1 8 6 1 1 1 1 1 4 10 25 155 190 125 1 1 1 1 1 1 20 1 0 0 0 1 1 0 0 0 0 1 1 1 1 14 27 27 18 1 1 1 11 58 54 28 1 1 1 1 0 1 1 0 0 0 1 1 0 0 1 19 1 1 1 0 1 51 220 36 1 1 1 13 0 1 16 5 1 2 21 1 1 1 0 1 28 0 1 2 26 1 1 1 0 0 1 1 1 52 1 0 1 1 1 1 1 43 160 158 79 2 0 0 0 0 0 1 82 1 1 0 0 0 0 1 1 0 1 1 1 1 0 0 3 1 239 255 1 6 36 9 4 28 1 1 1 1 1 186 224 5 3 4 3 2 1 1 1 1 7 74 162 182 174 143 101 51 17 7 3 2 2 1 1 1 1 1 1 1 1 14 3 2 1 1 5 130 190 134 21 4 1 1 1 1 1 1 1 1 1 0 0 1 1 9 1 0 0 0 0 1 7 1 0 1 1 1 0 1 1 1 1 3 5 1 130 35 1 1 2 6 1 1 13 44 5 1 1 1 1 1 1 1 1 105 221 16 1 1 1 1 1 0 0 0 1 1 40 1 0 0 0 1 1 1 1 1 5 180 1 1 0 1 2 1 1 0 0 1 1 4 11 4 1 1 1 1 1 65 186 1 1 0 1 1 1 70 1 1 1 1 4 1 1 1 1 4 22 123 215 238 241 238 196 65 7 2 1 1 1 1 1 1 1 0 0 0 0 1 1 1 1 0 0 1 48 1 0 1 1 0 0 1 0 0 2 1 0 0 0 0 0 1 0 1 19 1 1 0 0 0 1 2 1 0 1 3 253 41 1 1 0 1 1 1 1 1 1 1 1 1 1 1 1 1 1 1 1 1 1 1 1 1 1 1 1 1 1 0 0 0 0 0 1 1 1 0 0 0 0 1 1 218 70 0 1 10 0 0 0 0 1 1 2 1 1 1 1 1 1 1 4 3 8
1 1 1 1 0 1 3 14 3 1 1 0 0 0 1 0 1 24 1 0 0 0 0 1 1 1 16 14 2 1 1 0 0 0 0 1 1 1 0 0 0 0 1 1 4 4 1 1 1 1 1 1 1 1 132 205 206 217 246 6 1 1 0 1 0 0 0 0 1 1 1 1 1 2 1 1 1 1 21 1 1 1 1 1 1 1 1 1 7 159 201 87 1 1 1 0 1 16 1 1 1 1 1 1 9 27 25 12 17 26 26 18 2 1 0 0 1 1 41 34 1 3 2 1 1 1 0 0 1 1 0 0 0 1 1 0 0 1 20 1 1 1 1 1 1 13 220 83 1 1 14 0 10 9 1 0 1 28 1 1 1 0 0 32 1 4 21 1 1 1 1 0 0 1 1 1 2 46 1 0 1 1 1 1 1 65 198 152 1 0 0 0 0 0 1 81 1 0 0 0 0 0 1 1 0 0 0 0 0 0 0 3 1 1 255 225 1 1 22 3 11 1 0 1 1 200 218 2 3 1 1 1 1 0 0 1 1 1 1 1 1 1 1 1 1 1 1 1 1 1 1 1 1 1 1 1 1 1 14 1 5 1 1 1 1 1 1 1 12 25 25 9 2 1 1 1 1 1 1 1 1 7 1 1 1 1 0 0 1 2 3 0 1 1 1 0 1 0 1 1 1 3 126 92 1 1 1 1 11 1 11 20 1 1 1 0 0 0 0 1 1 1 1 23 222 93 1 1 1 1 1 0 1 1 1 45 1 1 0 1 1 0 0 1 1 168 37 1 0 0 1 2 1 0 0 0 1 1 1 1 3 11 3 1 1 1 4 201 1 1 1 0 1 1 34 16 1 1 1 9 4 26 130 220 238 240 236 185 46 4 2 1 1 5 1 1 1 1 1 1 0 0 1 1 1 1 1 0 0 0 0 0 1 54 1 0 0 0 0 0 1 1 0 1 1 0 0 0 0 0 1 1 1 7 5 1 0 0 1 1 2 1 0 0 1 145 251 1 1 1 1 1 1 1 1 1 1 1 1 1 1 1 1 1 1 0 0 0 0 0 0 0 0 0 1 1 0 0 0 0 0 1 0 1 1 1 0 0 1 1 153 200 0 4 4 1 1 1 1 1 1 2 0 0 0 1 0 0 1 4 1 8
1 1 1 1 1 1 0 0 0 0 0 0 0 0 1 0 1 3 11 1 1 0 1 5 26 21 2 1 1 1 1 1 0 0 0 1 0 1 1 0 0 0 0 1 14 1 1 0 0 1 1 1 0 0 1 0 1 52 226 1 1 0 0 1 0 1 1 1 1 0 0 0 1 1 1 1 1 1 31 1 1 1 1 1 1 1 1 1 1 15 163 204 35 1 1 1 1 6 4 1 0 1 1 21 5 1 1 3 2 1 0 0 0 0 0 0 1 13 34 1 1 3 1 1 0 0 0 0 0 1 1 0 0 0 1 0 0 1 22 1 0 1 1 1 1 1 2 215 125 1 15 7 18 1 1 0 0 3 9 1 1 0 0 8 35 12 1 1 1 0 1 1 1 1 0 1 1 19 13 1 1 1 1 1 1 1 81 223 1 1 0 0 1 1 5 64 1 0 0 0 0 0 1 1 0 0 0 0 0 0 0 3 1 1 170 255 22 1 2 61 1 0 1 1 209 208 1 2 2 1 0 0 1 0 0 0 1 1 1 1 0 1 1 1 1 1 1 1 1 1 1 1 1 1 1 1 1 1 15 1 4 1 1 1 0 0 0 1 1 1 1 6 21 27 22 4 1 1 1 1 7 6 2 1 1 1 1 1 1 1 7 1 1 1 1 0 0 0 1 1 1 91 104 3 9 7 1 1 3 9 45 1 1 1 0 0 0 0 0 0 1 1 1 1 2 211 150 1 1 1 1 1 1 0 1 46 1 1 1 1 1 0 1 1 101 149 1 0 0 0 0 1 1 0 0 1 1 0 0 0 0 1 4 11 1 1 1 201 2 1 1 1 1 1 2 76 6 32 152 230 240 240 233 176 44 5 2 1 1 1 1 1 1 5 1 1 0 0 0 1 1 1 0 0 0 0 0 0 0 0 0 0 1 51 1 0 0 0 0 0 0 1 0 1 2 0 0 0 0 0 0 1 0 1 19 1 0 0 1 1 2 0 0 0 1 1 235 242 1 1 0 0 0 0 0 0 0 0 0 0 0 0 0 0 1 0 0 0 0 0 0 0 0 1 1 1 0 0 0 0 0 0 0 0 0 1 1 0 1 0 19 223 1 12 1 0 0 0 0 0 1 2 0 0 0 1 0 0 1 4 1 1
0 0 1 1 1 1 1 1 0 0 0 0 0 1 1 0 1 1 24 1 1 17 24 8 1 1 0 0 0 0 1 1 1 1 0 0 0 1 1 1 0 0 0 1 6 2 1 0 0 0 0 0 0 0 1 1 3 177 179 1 0 0 0 1 1 1 1 0 0 0 0 0 1 2 1 1 1 1 31 1 1 1 1 1 1 1 1 1 1 1 36 165 211 2 1 1 1 3 13 7 24 28 23 1 1 0 0 0 0 0 0 0 0 0 0 1 1 60 1 1 2 1 1 0 0 0 0 0 0 1 1 0 0 0 1 0 0 1 18 1 1 0 0 1 1 1 0 1 202 162 37 29 1 0 1 0 0 1 9 1 0 0 0 1 6 1 0 0 1 1 0 1 1 0 0 0 1 1 51 1 0 1 1 1 1 1 1 233 110 1 1 1 1 1 47 15 1 1 1 0 1 0 1 1 0 0 0 0 0 0 1 2 1 1 1 252 252 1 1 70 1 1 2 222 200 5 3 1 1 1 1 0 1 0 0 0 0 1 1 1 0 0 0 0 0 0 0 0 0 1 1 0 0 0 0 0 0 0 14 1 1 2 1 1 1 0 0 0 0 0 0 1 1 1 1 12 25 19 7 17 58 53 55 59 13 1 1 1 1 1 2 3 1 0 0 0 0 0 0 1 52 124 1 1 1 1 9 5 1 20 3 1 1 1 0 0 0 0 0 0 0 1 1 1 1 1 195 184 1 1 1 1 1 1 0 28 4 0 0 0 0 1 1 4 182 1 1 0 0 0 0 1 2 1 1 1 0 0 0 0 0 1 1 1 10 7 1 197 9 1 1 1 4 33 161 235 240 240 230 159 41 4 2 1 1 1 1 1 1 1 1 1 1 5 1 0 0 0 0 0 0 0 0 0 0 0 0 0 0 0 0 0 0 24 8 0 0 0 0 0 0 1 0 1 2 1 0 0 0 0 0 1 1 1 21 1 0 0 0 1 2 0 0 0 0 1 1 251 148 1 0 0 0 0 0 0 0 0 0 0 0 0 0 0 1 0 0 0 0 1 1 1 1 1 1 1 1 1 0 0 0 0 0 1 1 0 1 1 1 1 3 225 1 11 1 0 0 0 0 0 1 2 0 0 0 1 0 0 1 4 1 0
0 0 0 0 1 1 1 1 1 1 0 0 0 0 0 0 0 0 6 24 18 1 1 0 0 0 0 0 0 1 1 1 1 1 0 0 0 0 1 1 0 0 1 1 1 12 1 0 0 0 0 0 0 0 0 1 30 230 1 1 0 0 0 1 1 1 0 0 0 0 0 1 1 1 1 1 1 1 25 1 1 1 1 1 1 1 1 0 1 1 1 73 228 123 46 47 48 45 18 7 1 0 0 0 0 1 1 0 0 0 0 0 0 0 0 1 61 1 1 1 1 0 0 0 0 0 0 0 0 1 1 0 0 0 1 0 0 0 3 8 1 1 1 1 1 1 1 1 1 198 218 98 1 1 1 1 0 0 7 1 0 0 0 0 2 1 0 0 0 1 1 1 0 0 0 0 1 1 1 51 1 0 1 1 1 1 1 202 242 223 223 222 215 199 193 102 9 1 1 1 1 1 1 1 0 0 0 0 0 1 1 1 2 0 1 9 255 192 1 66 1 4 227 183 1 1 0 0 0 1 1 0 1 0 0 0 0 1 1 1 1 0 0 0 0 0 0 0 0 1 1 0 0 0 0 0 0 0 14 1 1 5 1 1 1 1 0 0 0 0 0 0 0 0 1 1 1 2 39 27 2 2 1 1 30 60 35 2 1 1 1 5 1 0 0 0 0 1 1 18 141 1 1 1 0 0 1 2 10 27 1 1 1 1 0 0 0 0 0 0 0 0 1 1 1 1 1 168 204 1 1 1 1 1 1 2 37 1 0 0 1 1 1 166 43 1 0 0 0 0 0 0 1 1 1 0 0 0 0 1 1 1 1 1 1 3 15 174 123 36 164 235 240 238 224 134 14 3 1 1 10 1 1 1 1 1 1 1 1 1 1 0 1 3 1 1 0 0 0 0 0 0 0 0 0 0 0 0 0 0 0 0 0 2 46 1 0 0 0 0 0 1 1 0 2 1 0 0 0 0 0 1 1 1 20 1 1 1 1 1 2 1 0 0 0 0 1 36 253 1 1 0 0 0 0 0 0 0 0 0 0 0 0 0 1 0 0 0 1 1 1 1 1 1 0 0 1 1 1 0 0 0 0 0 1 1 0 1 1 1 1 227 9 1 0 0 0 0 0 0 1 2 0 0 0 0 0 0 1 3 1 0
0 0 0 0 0 0 1 1 1 1 1 0 0 0 0 0 0 0 1 1 0 1 1 0 0 0 0 0 0 1 1 1 1 0 0 0 0 0 1 1 0 1 1 1 1 1 11 1 0 0 0 0 1 1 0 1 57 228 1 1 0 1 1 1 0 0 0 0 0 1 1 1 2 1 0 1 1 6 11 1 1 1 1 1 0 0 0 1 1 1 1 1 165 211 69 1 1 1 1 1 1 0 0 0 0 0 1 1 1 0 0 0 0 0 1 36 13 1 1 1 1 0 0 0 0 0 0 0 0 0 1 1 0 1 1 0 0 0 1 19 1 1 1 1 0 1 1 1 1 144 169 213 227 227 205 76 1 1 7 1 1 0 0 0 1 3 1 0 0 1 1 1 1 0 0 0 0 1 1 23 11 1 1 1 1 3 208 227 229 1 3 19 65 119 162 203 222 224 224 159 3 1 2 1 1 1 1 1 0 1 0 1 2 0 1 3 205 255 87 57 12 232 162 1 1 1 1 0 1 1 1 1 1 0 0 0 0 1 1 1 1 1 1 0 0 0 0 0 0 1 1 0 0 0 0 0 0 1 14 1 0 4 1 1 1 1 1 0 0 0 0 0 1 1 1 1 8 30 5 1 1 1 1 1 1 1 10 56 57 7 1 1 7 1 0 0 1 1 6 145 3 1 1 0 0 0 0 0 1 3 13 4 1 1 0 0 0 0 0 0 0 0 0 1 1 1 1 1 131 217 7 1 1 1 1 1 48 1 0 1 1 1 93 151 1 0 0 0 0 0 0 0 1 2 1 0 0 1 1 1 1 1 1 2 7 68 199 239 249 237 221 114 10 2 1 1 1 1 1 1 11 1 1 1 1 1 0 0 0 0 0 0 1 1 4 1 0 0 0 0 0 0 0 0 0 0 0 0 0 0 0 0 0 1 54 1 0 0 0 0 0 0 1 0 1 1 0 0 0 0 0 0 1 1 11 5 1 1 1 1 2 0 0 0 0 0 0 1 248 211 1 0 0 0 0 0 0 0 0 0 0 0 0 0 1 0 0 0 1 1 0 0 0 0 0 0 0 1 1 1 0 0 0 0 0 1 1 0 1 1 1 227 14 1 0 0 0 0 0 0 1 2 0 0 0 0 0 1 2 2 0 0
0 0 0 0 0 0 0 1 1 1 1 1 0 0 0 0 0 0 0 1 0 0 0 0 0 0 0 1 1 1 1 1 1 0 0 0 0 1 1 1 1 1 1 1 1 1 4 4 1 1 1 0 1 0 0 6 213 123 1 1 0 1 1 1 0 0 0 0 1 1 1 1 2 1 1 3 8 25 2 1 1 0 0 1 1 1 1 1 1 1 1 0 1 162 221 30 2 68 74 77 70 1 0 0 0 0 0 1 1 1 0 0 0 1 8 44 1 0 0 1 1 1 0 0 0 0 0 0 0 0 1 1 0 1 1 0 0 0 1 20 0 1 1 1 0 0 1 1 131 65 1 1 1 2 116 216 225 221 177 41 1 1 1 1 1 1 1 1 1 1 0 1 1 0 0 0 0 1 1 1 56 1 1 2 200 232 142 1 183 145 1 1 1 1 1 1 1 1 2 176 206 208 201 114 2 1 1 1 1 1 1 1 3 0 2 5 1 243 255 197 234 134 1 1 1 1 1 1 1 1 1 1 1 0 0 0 0 0 0 1 1 1 1 1 1 1 1 0 0 1 1 0 0 0 0 0 0 1 14 1 0 1 3 0 1 1 1 1 0 0 0 1 1 1 2 24 7 2 1 0 0 1 1 0 0 1 1 1 2 42 63 21 6 2 1 0 1 2 143 10 1 1 0 0 0 0 0 0 0 1 1 6 15 2 1 1 0 0 0 0 0 0 0 0 1 1 1 1 1 54 224 53 1 1 1 1 48 1 1 1 1 3 182 2 1 0 0 0 0 0 0 0 1 1 1 1 1 1 1 1 4 67 203 239 239 236 206 108 211 88 2 1 1 1 1 1 1 1 1 1 7 2 0 0 0 0 0 0 0 0 0 0 0 1 5 1 0 0 0 0 0 0 0 0 0 0 0 0 0 0 0 0 0 1 53 1 0 0 1 0 0 0 1 1 1 2 0 0 1 1 1 1 1 1 2 19 1 1 1 1 1 1 0 0 0 0 0 1 11 253 1 0 0 0 0 0 0 0 0 0 0 0 0 1 2 0 1 1 1 1 0 0 0 0 0 0 0 0 0 1 1 1 0 0 0 0 0 0 0 1 1 227 13 1 1 0 0 0 0 0 1 2 0 0 0 0 0 1 3 1 0 0
0 0 0 0 0 0 0 0 0 1 1 1 1 1 0 0 0 0 0 1 1 0 0 1 0 0 0 1 1 1 0 1 1 1 1 0 1 1 1 1 1 1 1 1 1 1 1 10 1 1 1 1 1 0 1 39 230 1 1 1 0 1 1 0 0 1 1 1 0 1 1 1 7 9 8 2 1 8 1 0 0 1 1 1 1 1 1 0 0 0 0 0 1 1 223 137 76 1 1 1 8 57 0 0 0 0 0 0 0 1 1 0 1 1 66 1 1 0 0 0 1 1 1 0 0 0 0 0 0 0 0 1 1 1 1 1 0 0 0 21 0 1 1 1 1 1 1 83 120 1 1 1 1 1 1 1 1 16 170 221 227 225 171 12 1 1 1 1 1 1 1 1 1 1 1 1 1 1 1 1 11 26 188 233 161 2 1 1 1 223 3 1 1 1 0 0 1 1 1 59 1 1 16 171 204 208 206 171 14 1 1 1 3 1 6 1 1 1 250 255 216 1 1 1 1 1 1 1 0 0 1 1 1 1 0 0 0 0 0 1 1 1 1 0 0 0 0 0 0 1 1 1 1 1 1 1 1 1 14 1 0 1 5 1 0 1 1 1 1 1 1 1 1 17 16 1 1 2 1 0 0 1 1 0 0 0 1 1 1 1 1 21 65 72 2 1 1 129 38 1 1 1 0 0 0 0 0 0 0 0 0 1 9 1 3 3 2 1 1 1 0 0 0 0 1 1 1 1 1 1 5 217 133 1 1 1 40 1 1 1 1 165 48 1 0 0 0 0 0 1 1 1 1 1 3 2 6 76 203 239 239 236 201 51 4 1 1 3 204 10 83 3 1 1 1 1 1 1 1 1 1 10 1 0 0 0 0 0 0 0 0 0 0 1 5 1 0 0 0 0 0 0 0 0 0 0 0 0 0 0 0 0 0 1 32 5 0 0 1 0 0 0 0 1 1 2 1 1 1 1 1 1 1 1 1 21 1 0 0 1 1 1 0 0 0 0 0 1 1 253 5 1 0 0 0 0 0 0 0 0 0 0 0 1 2 1 1 1 1 1 1 1 0 0 0 0 0 0 0 0 1 1 1 0 0 0 0 0 0 1 1 227 6 0 1 0 0 0 0 0 1 2 0 0 0 0 0 1 4 1 0 0
0 0 0 0 0 0 0 0 0 0 1 1 1 1 1 0 0 0 0 1 1 1 1 1 1 0 0 0 0 0 0 1 1 1 1 1 1 1 0 1 1 1 1 0 1 1 1 1 15 9 14 13 9 15 25 144 200 1 1 0 1 1 1 0 0 1 0 0 0 1 1 1 13 1 0 0 1 8 1 1 1 1 0 0 0 0 0 0 0 0 0 0 0 0 104 234 84 4 1 1 1 76 1 0 0 0 0 0 0 0 1 1 1 60 3 1 0 0 0 0 0 1 1 1 1 0 0 0 0 0 0 1 1 1 1 0 0 0 0 21 1 1 1 0 1 1 9 157 1 1 1 1 1 1 1 1 1 1 1 1 1 11 179 225 225 172 16 1 1 1 0 0 0 1 0 0 0 1 1 1 32 233 176 1 1 1 1 1 1 196 111 7 8 8 5 1 1 1 1 10 28 1 1 1 1 1 1 118 202 209 211 188 128 16 1 1 1 88 249 254 255 238 2 1 1 1 1 1 1 0 0 0 0 1 1 1 0 0 0 0 1 1 1 1 0 0 0 0 0 0 1 1 1 1 1 1 1 1 15 1 0 0 4 1 0 0 0 1 1 1 1 9 22 2 1 1 0 2 1 0 0 1 1 0 0 0 0 0 1 1 1 1 1 8 86 69 123 81 1 1 1 0 0 0 0 0 0 0 0 0 0 1 6 1 0 1 1 2 3 3 3 1 1 1 1 1 1 0 1 1 1 1 202 176 1 1 4 29 1 1 87 153 1 1 0 1 1 1 1 1 1 2 9 96 210 238 239 236 200 50 5 1 1 1 1 1 2 1 201 11 3 78 5 1 1 1 1 1 0 1 1 11 1 0 0 0 0 0 0 0 0 0 0 1 5 1 0 0 0 0 0 0 0 0 0 0 0 0 0 0 1 1 1 2 5 45 1 0 1 1 1 1 1 2 2 3 1 1 1 1 0 0 0 1 1 20 1 0 0 1 1 1 1 1 0 0 0 1 1 240 238 1 0 0 0 0 0 0 0 0 0 0 0 1 2 1 1 0 0 0 0 1 1 0 0 0 0 0 0 0 0 0 1 1 0 0 0 0 0 1 1 227 2 0 1 1 0 1 1 1 2 1 0 0 0 0 1 1 4 1 1 1
0 0 0 0 0 0 0 0 0 0 0 1 1 1 1 1 0 0 0 0 1 1 0 0 1 0 0 0 0 0 0 0 1 1 1 1 1 0 1 1 1 1 0 0 0 0 0 1 1 1 1 19 16 9 7 229 1 1 0 0 1 1 0 0 0 1 0 1 1 1 1 9 2 1 6 8 8 1 1 0 0 0 0 0 0 0 0 0 0 0 0 0 0 0 1 8 229 20 2 1 1 70 1 0 0 0 0 0 0 0 0 1 39 26 1 1 1 0 0 0 0 0 1 0 1 1 1 0 0 0 0 0 1 1 1 1 0 0 1 20 1 1 1 1 0 1 155 15 1 1 1 1 1 1 0 0 1 1 1 1 1 1 1 1 18 177 225 226 155 8 1 1 0 1 1 1 1 1 1 175 226 57 14 1 1 2 1 1 1 4 219 1 1 1 1 5 7 7 7 4 59 1 1 1 1 0 1 1 1 1 1 85 186 209 213 212 203 248 120 1 132 255 255 156 1 1 1 1 1 1 1 1 0 0 1 1 1 1 1 1 1 1 1 1 1 0 0 0 0 0 1 1 0 0 0 0 0 0 13 1 0 0 1 4 0 0 1 1 1 2 24 6 1 1 1 1 0 2 1 0 0 1 1 0 0 0 0 0 0 0 1 1 1 1 1 107 144 81 49 2 1 1 0 0 0 0 0 0 0 0 1 4 3 1 0 0 0 0 0 1 1 2 2 1 1 1 1 0 0 0 1 1 1 181 201 2 1 46 1 2 182 2 1 1 1 1 1 2 10 106 217 238 239 235 193 60 6 1 1 1 1 1 1 1 1 1 2 1 173 112 1 2 77 4 1 1 0 1 0 1 1 3 5 0 0 0 0 0 0 0 0 0 0 1 3 2 1 0 0 0 0 0 0 0 0 1 1 1 1 2 2 2 2 1 1 59 1 1 1 2 2 2 1 1 1 1 1 0 0 0 0 0 0 1 1 8 4 0 0 1 0 1 1 1 1 1 1 1 1 6 253 1 0 0 0 0 0 0 0 0 0 0 0 1 2 1 0 0 0 0 0 0 1 1 1 0 0 0 0 0 0 0 0 1 1 1 0 0 0 1 1 213 126 0 1 1 1 1 1 0 1 2 0 0 0 0 1 1 4 1 1 14
0 0 0 0 0 0 0 0 0 0 0 0 1 1 1 1 1 0 0 0 1 1 0 0 0 0 0 0 0 0 0 0 1 0 1 1 1 1 1 0 1 1 0 0 0 0 0 1 0 1 1 35 1 1 50 224 1 0 1 1 1 1 0 1 1 1 2 12 31 35 33 20 7 4 1 1 1 0 0 0 0 0 0 0 0 0 0 0 0 0 0 0 0 1 1 1 168 228 19 1 1 49 6 0 0 0 0 0 0 0 1 3 41 54 1 0 1 1 0 0 0 0 0 0 0 0 1 1 1 1 1 0 1 1 1 0 0 0 0 17 1 0 1 1 1 109 99 1 1 1 0 0 0 1 1 0 1 1 0 1 1 1 1 1 1 1 1 31 191 226 174 3 1 1 1 2 36 201 231 179 1 1 27 1 1 1 1 0 1 1 202 75 1 1 1 1 0 0 1 1 74 4 4 3 1 1 1 1 1 1 1 16 1 1 1 8 233 123 1 1 1 8 251 255 255 55 1 1 1 1 1 1 1 1 1 1 1 1 1 1 0 1 1 1 1 0 0 0 0 0 1 1 1 1 1 1 1 1 13 1 0 0 1 5 1 1 1 1 16 15 1 1 0 1 0 0 0 2 1 0 0 1 1 0 0 0 0 0 0 0 0 0 1 1 55 118 2 1 11 70 52 1 1 1 0 0 0 0 0 0 1 9 1 1 0 0 0 0 0 0 0 1 1 2 1 0 1 1 1 1 1 1 1 1 140 215 5 44 1 154 64 1 1 2 10 119 221 238 238 235 184 40 4 2 1 1 3 1 1 1 1 1 0 1 1 1 2 1 57 193 1 1 2 81 2 1 0 1 0 0 1 1 12 1 0 0 0 0 0 0 0 0 0 0 1 5 1 0 0 0 0 1 1 1 1 2 2 2 1 1 1 0 0 0 1 59 2 2 1 1 1 0 0 0 0 1 1 0 0 0 0 0 0 0 1 1 18 1 0 0 0 0 0 0 1 1 1 1 1 1 253 1 0 0 0 0 0 0 0 0 0 0 0 1 2 0 0 0 0 0 0 0 0 1 1 1 0 0 0 0 0 0 0 0 1 1 1 1 1 1 2 61 222 1 1 0 1 1 0 0 2 2 0 0 0 0 1 1 3 2 20 3
0 0 0 0 0 0 0 0 0 0 0 0 0 1 1 1 1 1 0 0 0 1 1 0 0 0 0 0 0 0 0 0 1 1 0 1 1 1 0 0 0 0 0 0 0 1 1 1 1 1 1 43 1 1 218 76 1 0 1 1 1 1 8 25 31 33 25 7 1 1 1 0 0 0 0 0 0 0 0 0 1 1 1 0 0 0 0 0 0 0 0 0 0 1 1 0 1 76 228 13 1 75 1 0 0 0 0 0 0 1 1 23 1 18 41 1 0 1 1 0 0 0 0 0 0 0 0 0 0 0 1 1 1 1 1 1 1 1 1 1 14 1 1 1 44 139 1 1 1 1 0 0 0 0 1 1 1 0 0 0 1 1 1 1 1 0 1 2 1 3 178 226 145 203 229 231 226 148 3 1 1 1 27 1 0 1 1 1 1 0 15 217 3 1 1 1 1 1 1 1 16 20 1 1 2 3 4 4 3 1 13 1 0 1 2 224 136 1 1 1 1 1 1 12 254 255 251 19 1 1 1 1 1 1 1 1 1 1 1 1 1 1 1 0 1 1 0 0 0 0 1 1 1 0 0 0 0 1 11 1 0 0 0 4 1 1 8 21 2 1 1 0 0 1 0 0 0 2 1 0 0 1 1 0 0 0 0 0 0 0 0 1 1 21 133 2 1 1 1 1 12 64 2 1 1 1 1 0 0 0 1 11 1 1 0 0 0 0 0 0 0 1 1 2 1 1 1 1 1 1 1 1 1 1 1 83 218 95 68 156 7 113 224 238 238 235 168 28 3 1 1 1 1 1 1 1 2 1 0 0 0 1 1 1 1 1 2 1 3 202 1 1 1 4 80 1 1 0 0 0 1 1 11 1 0 0 0 0 0 0 0 0 0 0 1 5 1 1 1 1 1 2 2 2 1 1 1 1 1 0 0 0 0 0 1 43 3 0 1 0 0 0 0 0 0 1 1 0 0 0 0 0 0 0 1 1 21 1 0 0 0 0 0 0 0 1 1 1 1 1 253 2 0 0 0 0 0 0 0 0 0 0 0 1 2 0 0 0 0 0 0 0 0 0 0 1 1 1 0 0 0 0 0 0 0 0 1 1 1 1 5 2 227 1 0 0 0 0 0 0 1 2 0 0 0 0 1 2 7 18 1 1
0 0 0 0 0 0 0 0 0 0 0 0 0 0 1 1 1 1 1 0 0 0 0 0 0 0 0 0 0 0 0 0 1 0 0 0 0 1 1 0 1 1 1 1 1 1 1 1 1 1 1 19 9 5 235 15 2 6 20 30 30 25 8 1 1 1 0 0 0 0 0 0 0 0 0 0 0 0 0 1 1 0 1 0 0 0 0 0 0 0 0 0 1 1 0 0 0 1 128 217 9 80 1 0 0 0 0 0 0 1 24 1 1 1 33 28 1 0 1 1 0 0 0 0 0 0 0 0 0 0 0 0 0 1 1 0 1 1 1 1 11 3 1 6 155 3 1 1 1 1 1 1 0 0 0 0 0 0 0 0 0 0 1 1 1 1 1 1 2 1 1 22 200 141 8 1 1 1 1 1 0 0 6 8 0 1 2 1 1 0 1 207 94 87 86 75 16 1 1 1 1 59 1 0 0 0 0 1 1 10 1 0 0 1 215 156 1 1 1 1 1 1 1 1 1 101 255 255 255 234 103 12 2 1 1 1 1 1 1 1 1 1 1 1 1 1 0 0 0 0 0 1 0 0 0 0 1 1 8 2 1 1 1 1 8 22 5 1 1 1 1 0 1 1 0 0 0 2 0 0 0 1 1 0 0 0 0 0 0 0 1 1 5 141 4 1 1 1 1 0 1 9 72 7 1 1 1 0 0 0 1 11 1 1 0 0 0 0 0 1 1 1 1 1 3 1 1 1 1 1 1 1 1 1 1 1 36 234 242 237 238 234 161 17 2 1 1 1 1 1 1 1 1 1 1 1 1 3 1 1 0 0 1 1 2 2 1 1 1 204 2 1 1 1 13 63 1 1 0 0 1 1 3 5 0 0 0 0 0 0 0 0 0 0 1 4 2 2 2 2 1 1 1 1 1 1 0 0 0 0 0 0 0 0 1 4 36 1 1 0 0 0 0 0 0 1 1 1 0 0 0 0 0 0 0 1 17 1 0 0 0 0 0 0 0 1 1 1 1 1 253 2 1 0 0 0 0 0 0 0 0 0 0 1 2 0 0 0 0 0 0 0 0 0 0 0 1 1 1 0 0 0 0 0 0 0 0 0 0 0 5 1 227 1 0 0 0 0 0 0 1 2 0 0 0 1 1 18 12 1 1 0
0 0 0 0 0 0 0 0 0 0 0 0 0 0 1 1 0 1 1 1 1 0 0 0 0 0 0 0 0 0 0 0 1 0 0 0 1 1 1 1 1 1 1 1 1 1 1 1 1 0 1 1 43 213 130 4 19 8 2 1 1 1 0 0 0 0 0 0 0 0 0 0 0 0 0 0 0 0 0 0 1 1 1 0 0 0 0 0 0 0 0 1 1 0 0 1 1 1 1 163 196 65 21 1 0 0 0 0 0 6 19 2 1 0 1 50 19 1 1 1 1 0 0 0 0 0 0 0 0 0 0 0 0 0 1 1 0 0 0 1 1 9 9 151 19 1 1 1 0 1 1 1 1 0 0 0 0 0 0 0 0 0 0 0 0 0 1 1 3 1 1 1 1 1 1 1 0 0 1 1 0 0 1 27 0 0 2 1 1 0 1 168 119 1 1 3 50 84 86 85 58 85 3 1 1 1 1 1 3 1 0 1 1 204 175 1 0 1 1 1 0 1 1 1 3 3 4 142 254 255 255 255 255 255 229 94 10 2 1 1 1 1 1 1 1 1 1 1 0 0 1 1 1 1 1 1 1 1 4 4 1 1 1 13 27 1 1 1 1 0 0 0 0 0 0 0 0 2 0 0 0 1 1 0 0 0 0 0 0 0 1 2 138 14 1 1 0 1 1 1 1 1 2 58 19 1 1 0 0 0 1 11 1 0 0 0 0 1 1 1 1 1 1 1 3 1 1 1 1 1 1 1 5 77 166 181 182 237 234 87 3 1 1 1 1 1 1 1 1 1 1 0 0 1 1 1 1 1 2 1 1 1 1 2 1 1 1 1 1 202 11 1 1 1 1 43 27 1 0 0 1 1 3 5 0 0 0 0 0 0 0 0 0 0 1 1 5 1 1 0 0 0 0 0 0 0 0 0 0 0 0 0 0 0 1 1 54 1 1 1 0 0 0 0 0 1 1 1 0 0 0 0 0 0 0 1 1 19 1 0 0 0 0 0 1 1 1 1 1 1 253 1 1 0 0 0 0 0 0 0 0 0 0 1 1 0 0 0 0 0 0 0 0 0 0 0 0 1 1 1 0 0 0 0 0 0 0 0 0 1 4 1 227 3 0 0 0 0 0 0 1 2 0 0 1 2 25 6 1 1 0 0
0 0 0 0 0 0 0 0 0 0 0 0 0 0 0 1 1 0 1 1 1 1 1 0 0 0 0 0 0 0 0 1 1 1 1 1 1 1 1 1 1 1 1 1 1 1 1 1 0 0 0 1 44 235 1 1 1 1 1 1 1 0 0 0 0 0 0 0 0 0 0 0 0 0 0 0 0 0 0 0 1 0 0 0 0 0 0 0 0 0 1 1 1 0 1 1 1 0 1 1 227 96 72 8 1 0 1 1 3 9 1 8 1 1 0 1 75 11 1 1 1 0 0 0 0 0 0 0 0 0 0 0 0 0 1 1 0 0 0 0 1 1 155 55 1 1 1 1 1 1 1 1 1 1 1 0 0 0 0 0 0 0 0 0 0 0 0 1 2 1 0 0 0 0 0 0 0 0 1 1 0 0 0 27 1 0 1 1 1 1 1 163 70 56 1 1 0 1 1 1 10 86 125 130 120 62 3 3 1 1 1 1 179 202 1 1 1 1 1 1 1 1 3 1 1 1 1 1 2 1 5 51 213 254 255 255 255 255 254 226 74 6 2 1 1 1 1 1 1 1 1 2 1 1 1 1 1 1 2 9 1 5 17 2 3 1 0 1 1 0 0 0 0 0 0 0 1 2 1 0 0 1 1 0 0 0 0 0 0 1 1 126 41 1 1 0 1 1 1 1 1 1 1 1 51 8 1 0 0 0 1 10 1 0 0 1 1 1 1 1 1 1 1 1 3 1 1 1 7 89 167 185 181 158 44 2 128 216 96 88 77 1 1 1 1 1 1 1 0 1 0 0 0 0 1 1 1 1 1 2 1 1 1 1 0 1 1 1 1 165 134 1 0 1 1 1 83 3 1 0 1 1 5 3 0 0 0 0 0 0 0 0 0 0 0 1 5 1 0 0 0 0 0 0 0 0 0 0 0 0 0 0 0 0 1 1 56 1 1 0 0 0 0 0 0 1 1 1 0 0 0 0 0 0 0 0 1 22 1 0 0 1 1 1 1 1 1 1 1 167 251 1 1 0 0 0 0 0 0 0 0 0 0 1 1 0 0 0 0 0 0 0 0 0 0 0 0 0 0 1 1 1 0 0 0 0 0 0 0 4 1 1 207 145 1 0 0 0 0 0 1 2 1 1 4 30 2 1 1 1 0 0
0 0 0 0 0 0 0 0 0 0 0 0 0 0 0 0 1 1 1 1 1 1 1 1 1 1 1 1 1 1 1 1 1 1 1 1 1 1 1 1 1 1 1 0 1 1 1 0 0 0 0 1 79 232 1 0 1 1 1 1 1 0 0 0 0 0 0 0 0 0 0 0 0 0 0 0 0 0 1 1 1 0 0 0 0 0 0 0 0 1 1 1 1 1 1 0 0 1 1 1 3 236 53 81 3 1 1 11 18 1 1 1 10 1 0 0 1 84 4 1 1 1 0 0 0 0 0 0 0 0 0 0 0 0 1 1 0 0 0 1 1 119 113 1 1 1 1 1 1 1 1 1 1 1 1 1 1 1 1 1 1 1 1 1 1 1 1 2 4 7 1 0 0 0 0 0 0 0 0 1 1 0 0 9 5 0 1 1 0 0 0 163 1 122 1 1 1 0 1 1 0 1 1 1 3 67 124 133 134 124 38 127 224 2 0 1 1 1 0 0 1 1 4 1 0 0 1 1 1 2 1 1 1 2 2 5 68 226 255 255 255 255 255 254 231 118 21 3 1 1 1 1 1 1 1 1 1 1 1 20 19 6 1 1 1 2 0 0 1 0 0 0 0 0 0 0 1 2 1 0 0 1 1 0 0 0 0 0 1 1 105 77 1 1 1 0 1 0 0 1 0 0 0 1 3 65 1 0 0 1 1 8 1 1 1 1 1 1 1 1 1 1 1 4 15 103 168 184 180 152 39 2 1 1 1 3 234 6 80 1 62 108 1 1 1 1 1 1 1 1 0 0 0 0 0 1 0 1 1 2 1 1 1 1 1 1 1 1 1 35 198 1 1 0 1 1 5 77 1 0 1 1 9 1 1 0 0 0 0 0 0 0 0 0 0 1 5 1 1 0 0 0 0 0 0 0 0 0 0 0 0 0 0 0 1 1 50 2 1 0 0 0 0 0 0 0 1 1 1 0 0 0 0 0 0 0 1 22 1 0 1 1 1 1 1 1 1 1 1 253 31 1 1 0 0 0 0 0 0 0 0 0 0 1 2 0 0 0 0 0 0 0 0 0 0 0 0 0 0 0 1 1 1 0 0 0 0 0 0 5 0 0 36 222 1 0 0 0 0 0 1 2 1 11 21 1 1 0 1 0 0 0
0 0 0 0 0 0 0 0 0 0 0 0 0 0 0 0 0 1 1 1 1 1 0 0 1 1 1 1 1 1 1 1 1 1 1 1 1 1 1 0 0 0 1 1 1 0 1 0 0 0 1 1 216 149 1 1 1 1 1 1 1 0 0 0 0 0 0 0 0 0 0 0 0 0 1 1 1 1 1 0 0 0 0 0 0 0 0 0 1 1 1 1 1 1 1 1 1 1 1 0 1 78 229 44 78 4 23 80 67 2 1 0 1 9 1 0 1 1 90 1 0 1 0 0 0 0 0 0 0 0 0 0 0 0 1 1 0 0 0 1 75 134 5 1 1 1 2 1 1 1 1 1 1 8 23 24 22 16 7 3 2 3 11 19 9 6 4 2 1 14 1 0 0 0 0 0 0 0 0 0 1 0 0 1 27 0 0 2 0 0 0 157 3 106 8 1 1 0 1 1 0 0 1 1 0 1 1 1 1 11 159 214 156 1 1 1 1 0 0 0 1 1 4 0 0 0 0 1 1 1 1 1 1 1 1 2 2 1 1 3 12 96 230 254 255 255 255 255 255 255 249 185 59 4 1 1 1 1 12 15 1 1 0 0 1 4 1 1 1 0 0 0 0 0 0 0 1 2 0 0 0 1 1 0 0 0 0 0 1 76 106 1 1 1 0 1 1 0 1 1 0 0 0 1 1 43 15 1 1 1 3 4 1 1 1 1 1 1 1 2 12 112 172 186 178 146 31 2 1 1 1 1 1 1 1 210 157 1 35 27 1 28 125 2 1 1 0 1 1 1 1 0 0 0 0 0 0 1 1 1 3 1 1 1 0 1 1 0 1 3 204 1 1 0 1 1 1 66 10 1 1 1 10 1 1 0 0 0 0 0 0 0 0 0 0 1 5 1 1 0 0 0 0 0 0 0 0 0 0 0 0 0 0 0 1 0 9 24 1 1 0 0 0 0 0 0 0 1 1 0 0 0 0 0 0 0 1 20 1 1 1 1 0 0 0 0 0 1 229 244 1 1 1 0 0 0 0 0 0 0 0 0 0 1 2 0 0 0 0 0 0 0 0 0 0 0 0 0 0 0 0 0 1 1 0 0 0 0 1 4 0 0 2 227 1 1 1 1 1 1 1 3 22 9 1 1 1 1 1 0 0 0
0 0 0 0 0 0 0 0 0 0 0 0 0 0 0 0 0 0 1 1 1 1 1 1 1 1 1 1 0 1 1 1 1 1 1 0 0 0 0 0 0 1 1 0 0 0 0 0 0 0 1 1 221 129 1 1 1 1 1 1 1 0 0 0 0 0 0 0 0 0 1 1 1 1 1 0 0 0 0 0 0 0 0 0 0 0 1 1 1 1 1 1 1 1 1 1 1 0 0 0 0 1 27 229 22 72 54 1 1 64 1 0 0 1 8 1 0 0 2 89 1 0 0 0 0 0 0 0 0 0 0 0 0 0 0 1 1 0 1 21 157 1 3 1 4 15 17 18 18 16 18 18 14 6 1 1 1 2 8 15 20 13 4 2 5 1 1 1 1 3 7 1 0 0 0 0 0 0 0 0 1 1 0 0 27 1 0 2 1 0 0 142 28 2 117 1 1 1 0 1 1 0 0 1 1 1 1 1 1 69 137 100 196 3 1 1 0 0 0 1 1 1 3 0 0 0 0 1 1 1 1 1 1 1 1 1 2 1 1 1 1 1 1 10 1 3 27 145 235 254 255 255 255 255 255 255 255 250 139 4 1 1 1 0 0 3 1 1 1 1 1 0 0 0 0 0 1 1 0 0 0 1 1 0 0 0 0 1 41 126 1 1 0 0 0 0 1 0 1 1 0 0 0 1 1 3 69 1 1 1 8 2 1 1 1 2 17 120 172 179 173 133 17 5 1 1 1 1 1 0 0 0 1 1 106 226 1 1 2 82 1 1 6 130 18 1 1 1 1 1 1 1 0 0 0 0 0 0 0 0 1 3 1 1 1 0 1 0 1 1 205 2 1 0 0 1 1 2 82 1 1 7 2 1 0 0 0 0 0 0 0 0 0 0 0 1 2 3 1 0 0 0 0 0 0 0 0 0 0 0 0 0 0 0 1 0 1 55 1 1 0 0 0 0 0 0 0 1 1 0 0 0 0 0 0 0 1 9 4 1 1 0 0 0 1 1 1 2 253 2 1 1 0 0 0 0 0 0 0 0 0 0 0 1 2 0 0 0 0 0 0 0 0 0 0 0 0 0 0 0 0 0 0 1 1 1 0 0 4 1 0 1 1 227 2 1 1 0 1 1 1 42 4 1 0 0 1 1 0 0 0 0
0 0 0 0 0 0 0 0 0 0 0 0 0 0 0 0 0 0 0 0 0 1 1 0 0 0 0 1 1 1 1 0 0 0 0 0 0 0 0 0 1 1 0 0 0 0 0 0 0 0 1 0 100 228 1 1 1 1 1 1 1 0 0 0 1 1 1 1 1 1 1 0 0 0 0 0 0 0 0 0 0 0 0 1 1 1 1 1 1 1 1 0 1 7 15 13 6 1 0 0 1 1 1 69 229 4 1 1 1 1 61 1 0 1 1 7 1 1 0 6 83 1 0 0 0 0 0 0 0 0 0 0 0 0 0 1 1 0 1 163 4 2 1 6 5 1 1 1 1 1 1 1 1 0 0 0 1 1 0 1 1 1 1 1 1 4 1 1 1 1 16 1 0 0 0 0 0 0 0 0 1 1 0 0 11 4 0 2 1 0 0 115 85 1 120 1 1 1 0 0 1 0 0 1 2 1 0 1 30 177 178 181 22 38 17 1 0 1 1 1 0 1 3 0 0 0 1 1 1 1 1 1 1 0 0 1 1 2 0 1 1 1 1 9 1 1 1 1 1 1 1 2 4 28 195 251 254 250 255 255 255 255 229 1 1 2 1 0 0 1 0 0 0 0 0 0 2 1 0 0 0 1 1 0 0 0 1 20 135 2 1 1 1 1 1 1 1 1 1 1 1 0 1 1 1 1 80 1 1 1 10 2 10 110 169 178 171 125 13 1 1 1 3 1 0 0 0 0 0 0 0 1 1 2 234 14 1 1 1 90 1 1 1 1 115 117 6 1 1 1 1 1 1 0 0 0 0 0 0 0 1 1 2 1 1 0 1 0 1 1 202 12 1 0 0 1 1 1 70 8 9 3 1 1 1 1 0 0 0 0 0 0 0 0 0 1 1 6 1 0 0 0 0 0 0 0 0 0 0 0 0 0 0 0 1 1 1 57 1 0 0 0 0 0 0 0 0 1 1 0 0 0 0 0 0 0 0 1 16 1 1 1 2 2 2 1 1 3 253 1 1 1 0 0 0 0 0 0 0 0 0 0 0 1 1 0 0 0 0 0 0 0 0 0 0 0 0 0 0 0 0 0 0 0 1 1 1 0 5 1 1 1 1 226 11 0 0 0 0 0 4 29 1 0 0 1 1 1 0 0 0 0
0 0 0 0 0 0 0 0 0 0 0 0 0 0 0 1 1 1 1 1 0 1 1 1 1 1 1 1 1 0 0 0 0 0 0 0 0 0 1 1 1 0 0 0 0 0 0 0 0 0 1 0 38 235 3 1 1 1 1 1 1 1 1 1 1 1 0 0 0 0 0 0 0 0 0 0 0 0 0 0 0 1 1 1 1 1 1 1 1 1 5 13 14 2 1 1 2 11 13 1 1 1 1 55 241 143 3 1 1 1 4 50 1 0 1 2 5 1 0 1 16 72 1 0 0 0 0 0 0 0 0 0 0 0 0 1 1 1 147 42 2 3 9 2 1 0 0 0 0 0 0 0 1 1 1 1 1 1 1 1 1 1 1 1 1 1 5 1 1 1 13 1 0 0 0 0 0 0 1 1 1 0 0 1 1 26 1 1 1 0 0 81 120 1 8 104 1 1 1 0 1 1 1 2 1 0 0 5 183 153 4 29 1 1 11 48 6 1 1 1 1 2 1 0 0 0 1 1 0 1 1 1 1 1 1 1 1 1 0 1 0 0 1 6 1 1 1 1 1 1 1 1 4 139 116 1 250 113 1 1 1 70 254 255 254 126 2 1 0 0 0 0 0 0 0 0 1 1 1 0 0 1 1 0 0 1 6 140 4 1 1 0 0 0 0 0 1 0 1 1 1 1 1 1 1 1 71 45 8 12 89 171 173 131 18 2 1 1 1 1 0 1 3 1 0 0 0 1 1 1 1 1 1 202 170 1 1 1 1 88 1 0 1 1 1 17 116 109 13 1 1 1 1 1 1 1 1 0 0 0 0 1 1 2 1 1 1 1 1 1 164 139 1 0 1 1 1 2 65 93 17 14 15 15 14 12 6 2 1 1 1 1 1 0 0 1 1 6 1 0 0 0 0 0 0 0 0 0 0 0 0 0 0 0 0 1 0 54 1 1 0 0 0 0 0 0 0 1 1 1 0 0 0 0 0 0 0 1 23 2 1 1 1 0 0 0 0 19 253 1 1 1 0 0 0 0 0 0 0 0 0 0 0 1 1 0 0 0 0 0 0 0 0 0 0 0 0 0 0 0 0 0 0 0 0 0 1 1 4 1 0 0 0 190 174 0 0 0 0 0 17 10 1 0 1 1 0 0 0 0 0 0
0 0 0 0 0 0 0 0 1 1 1 1 1 1 1 1 1 1 1 1 1 1 1 1 1 1 1 1 0 0 0 0 0 0 0 0 0 0 1 0 0 0 0 0 0 0 0 0 0 0 1 1 1 110 226 1 1 1 1 1 1 1 0 0 0 0 0 0 0 0 0 0 0 0 0 0 0 0 1 1 1 1 1 1 1 1 3 13 15 12 3 1 1 1 0 1 1 1 1 14 1 9 87 23 43 194 222 38 1 1 1 10 41 1 0 1 4 3 1 0 1 34 54 1 0 0 0 0 0 0 0 0 0 0 0 1 1 70 136 1 5 9 1 1 0 1 1 1 1 1 1 1 1 0 0 0 0 0 0 0 0 0 0 0 0 0 1 5 1 1 5 5 1 0 0 0 1 1 1 0 1 1 0 0 0 28 10 7 1 1 1 40 138 1 1 79 38 1 1 1 0 1 2 1 0 0 1 179 170 2 1 5 10 1 0 1 26 39 1 1 1 4 1 0 0 0 1 1 0 1 1 1 0 1 1 0 2 1 0 1 0 0 1 2 4 1 1 1 1 1 1 107 144 8 1 1 199 245 1 1 4 6 7 5 205 255 254 185 17 1 1 0 0 0 0 0 1 2 1 1 1 1 1 0 0 1 140 15 1 1 0 0 0 1 1 1 1 1 1 1 1 1 1 3 39 155 172 186 193 184 158 17 1 1 1 1 1 1 0 0 1 2 1 0 0 1 0 0 0 1 1 1 82 228 1 1 0 1 1 58 10 1 1 1 0 1 4 17 98 116 64 2 1 1 1 1 0 0 0 0 0 1 1 1 3 1 1 1 1 1 30 198 1 1 1 1 5 76 18 26 1 1 1 1 1 2 4 9 13 14 12 3 1 1 1 1 0 5 1 0 0 0 0 0 0 0 0 0 0 0 0 0 0 0 0 1 0 18 13 1 0 0 0 0 0 0 0 0 1 1 0 0 0 0 0 0 1 1 28 1 0 0 0 0 0 0 0 98 253 1 1 1 0 0 0 0 0 0 0 0 0 0 0 1 1 0 0 0 0 0 0 0 0 0 0 0 0 0 0 0 0 0 0 0 0 0 0 4 1 0 0 0 0 27 222 1 0 0 0 0 23 6 1 1 1 0 0 0 0 0 0 0
0 0 0 0 1 1 1 1 1 1 1 0 0 0 0 0 0 0 0 1 1 0 1 1 1 0 0 0 0 0 0 0 0 0 0 0 0 0 1 0 0 0 0 0 0 0 0 0 0 0 0 1 1 12 213 149 1 1 1 1 0 0 0 0 0 0 0 0 0 0 0 0 0 0 0 0 1 1 1 1 1 1 0 1 10 14 4 1 0 0 1 1 0 1 1 1 1 1 0 1 76 67 1 1 1 1 24 222 125 1 1 1 19 59 2 1 1 6 2 1 0 1 52 37 1 0 0 0 0 0 0 0 0 0 0 0 1 169 2 3 12 1 1 1 1 1 0 0 0 0 0 0 0 0 0 0 0 0 0 0 0 0 0 0 0 0 0 1 5 1 1 15 1 0 0 1 1 1 0 0 0 1 0 0 0 1 5 14 34 35 1 9 152 1 0 1 116 1 1 1 0 1 1 0 1 1 173 179 2 1 1 1 23 1 0 0 1 2 41 12 3 1 0 0 0 0 1 1 0 0 1 1 0 0 1 1 2 1 1 1 0 1 1 1 6 1 1 0 1 39 147 68 1 1 1 3 67 253 6 4 1 1 1 1 1 1 254 102 202 209 201 86 1 1 1 0 0 1 1 1 2 1 1 0 1 69 114 1 1 1 1 1 1 1 1 1 1 1 1 5 49 145 169 170 155 36 1 1 37 37 1 1 1 1 1 1 0 0 0 1 2 2 1 0 1 1 0 0 1 1 1 2 234 25 1 1 0 1 1 3 75 1 1 1 0 0 1 2 10 1 47 113 115 67 5 1 1 1 1 0 0 0 1 1 1 3 1 1 1 1 2 205 1 1 1 19 72 2 1 7 7 1 1 1 1 1 1 1 1 1 1 6 13 13 3 1 1 2 3 0 0 0 0 0 0 0 0 0 0 0 0 0 0 0 0 1 0 1 53 1 0 1 0 0 0 0 0 0 1 1 0 0 0 0 1 1 2 23 36 4 1 0 0 0 0 0 0 192 250 1 1 1 0 0 0 0 0 0 0 0 0 0 1 2 1 0 0 0 0 0 0 0 0 0 0 0 0 0 0 0 0 0 0 0 0 0 0 4 0 0 0 0 0 2 227 1 0 0 0 1 28 5 1 1 0 0 0 0 0 0 0 0
1 1 1 1 1 1 0 0 0 0 0 0 0 0 0 0 0 0 0 0 0 0 0 1 1 0 0 0 0 0 0 0 0 0 0 0 0 0 1 0 0 0 0 0 0 0 0 0 0 0 0 1 1 1 44 235 2 1 0 1 1 0 0 0 0 0 0 0 0 0 0 0 0 0 1 1 1 1 1 1 1 2 14 10 1 0 1 1 1 1 1 0 0 0 0 0 0 1 12 56 4 1 0 0 0 1 1 1 204 195 12 1 1 2 58 71 63 8 13 1 0 0 1 71 19 0 0 0 0 0 0 0 0 0 0 0 1 170 1 10 4 1 1 1 0 0 0 0 0 0 0 0 0 0 0 0 0 0 0 0 0 0 0 0 0 0 0 0 1 5 1 13 1 1 1 1 0 0 0 0 0 1 1 0 0 0 1 1 1 4 20 31 143 1 0 0 11 100 1 1 1 1 1 1 1 132 198 3 1 1 1 1 16 2 1 0 0 1 1 38 72 3 1 0 0 1 1 1 0 1 2 2 2 2 2 1 1 1 1 1 1 1 1 1 7 1 1 1 134 121 1 4 39 51 52 49 6 253 1 1 0 1 0 0 1 1 251 226 1 1 63 180 198 198 149 3 1 1 1 0 1 2 0 1 56 15 97 1 1 1 1 1 1 2 4 7 45 142 168 168 151 65 4 1 1 1 1 2 23 34 2 1 1 0 0 0 0 0 1 1 2 1 0 0 1 0 0 1 1 1 1 198 180 1 0 1 1 0 1 1 88 1 0 1 1 1 0 1 1 11 1 1 2 43 110 118 116 98 42 7 3 1 1 1 1 1 2 2 1 1 1 205 2 1 32 54 1 1 1 1 24 1 1 0 1 1 1 1 1 1 1 1 1 1 6 14 7 1 5 1 0 0 0 0 0 0 0 0 0 0 0 0 0 0 0 1 1 1 58 1 0 1 1 0 0 0 0 0 1 1 1 0 0 1 7 39 28 2 1 1 1 0 0 0 0 0 0 239 241 1 1 1 0 0 0 0 0 0 0 0 0 0 1 1 1 0 0 0 0 0 0 0 0 0 0 0 0 0 0 0 0 0 0 0 0 0 1 4 0 0 0 0 0 1 226 3 1 1 1 1 41 4 1 0 0 1 0 0 0 0 0 0
1 1 0 0 1 1 1 1 1 1 1 1 1 1 0 0 0 0 0 0 0 0 0 1 1 1 0 0 0 0 0 0 0 0 0 0 0 1 1 0 0 0 0 0 0 0 0 0 0 0 0 0 1 1 1 121 224 1 0 0 1 0 0 0 0 0 0 0 0 0 0 1 1 1 1 1 1 1 1 5 15 7 1 1 1 1 1 1 1 1 0 0 0 0 0 0 1 50 24 1 1 0 0 0 0 0 0 1 1 139 220 48 1 1 1 1 1 49 82 110 4 0 0 1 84 7 0 0 0 0 0 0 0 0 0 0 1 170 1 3 11 1 1 0 0 0 0 0 0 0 0 0 0 0 0 0 0 0 0 0 0 0 0 0 0 0 0 0 0 1 5 3 11 1 1 1 1 1 1 0 0 0 1 1 0 0 0 0 1 1 29 107 110 1 0 0 1 92 21 1 2 1 1 1 88 209 14 1 1 1 1 1 5 9 1 1 2 6 7 11 1 54 29 1 1 1 1 1 1 3 1 1 1 1 1 0 1 1 1 1 1 1 1 1 8 1 115 166 78 53 52 32 2 1 1 1 1 251 56 0 0 0 1 1 1 1 4 254 1 0 1 36 1 1 134 195 193 39 1 1 1 2 1 39 29 1 90 3 1 1 1 4 114 166 164 163 148 64 3 1 1 1 1 1 1 1 1 5 10 3 29 2 1 0 0 0 0 1 1 3 1 0 0 1 1 0 1 1 0 1 65 231 1 1 0 0 1 0 1 1 88 1 1 1 1 1 1 0 0 1 11 1 1 1 1 1 2 14 72 107 115 119 119 114 98 37 5 3 3 1 1 202 11 32 43 1 1 1 1 1 24 1 1 0 1 0 0 0 0 0 0 1 1 1 1 1 3 12 23 3 1 1 1 1 0 0 0 0 0 0 0 0 0 0 0 0 1 1 55 1 0 0 1 0 0 0 0 0 0 1 1 1 26 42 15 1 1 1 0 1 1 1 0 0 0 0 0 250 204 1 1 1 1 1 1 1 1 1 1 1 1 1 1 1 2 1 0 0 0 0 0 0 0 0 0 0 0 0 0 0 0 0 0 0 0 0 3 1 0 0 0 1 1 1 201 158 2 2 1 1 47 3 1 1 1 1 0 0 0 0 0 0
0 1 1 1 1 1 1 1 0 0 0 1 1 1 1 1 1 0 0 0 0 0 0 0 1 1 0 0 0 0 0 0 0 0 0 0 0 1 0 0 0 0 0 0 0 0 0 1 1 1 1 1 1 1 1 13 214 141 1 0 1 1 0 0 0 0 0 0 0 1 1 1 1 1 1 0 1 8 14 3 1 0 0 1 1 1 1 1 0 0 0 0 0 0 1 17 50 1 1 0 1 1 0 0 0 0 0 0 0 1 23 220 121 1 1 1 1 1 1 2 108 2 0 0 1 92 3 0 0 0 0 0 0 0 0 1 1 170 1 12 3 1 0 0 0 0 0 0 0 0 0 0 0 0 0 0 0 0 0 0 0 0 0 0 0 0 0 0 0 0 1 6 19 1 1 0 0 0 1 1 0 0 0 1 1 0 0 0 0 1 5 131 109 1 0 0 0 1 116 5 1 1 1 44 202 88 1 1 1 1 1 1 1 21 8 6 2 1 5 1 1 1 18 63 2 1 1 1 2 1 1 1 1 1 1 0 1 1 1 1 1 1 1 2 76 165 99 3 2 1 1 1 0 1 1 1 1 221 243 1 1 1 1 1 0 1 1 254 9 0 1 39 1 0 1 1 5 187 164 1 1 2 16 49 1 1 51 49 42 137 162 164 107 2 1 1 1 1 1 1 1 1 1 0 1 1 1 26 1 1 3 33 9 1 1 0 1 1 2 1 1 0 1 1 0 0 1 0 1 1 232 37 1 0 0 0 1 0 0 1 69 5 1 1 1 0 1 1 0 0 1 9 3 1 1 1 1 1 1 1 1 1 1 3 15 75 110 118 120 112 51 165 165 50 1 1 1 0 1 1 3 14 1 1 1 0 0 0 0 0 0 0 0 0 1 1 1 1 13 7 12 13 13 10 2 1 1 0 0 0 0 0 0 0 0 0 1 1 23 10 1 0 1 1 1 0 0 0 1 6 40 37 3 1 1 0 0 0 0 0 1 2 1 0 0 0 0 253 128 1 1 1 0 0 0 0 0 0 0 0 0 1 1 2 2 1 1 0 0 0 0 0 0 0 0 0 0 0 0 0 0 0 0 0 0 0 4 0 1 1 1 1 1 1 6 226 1 1 1 1 50 2 1 0 0 0 0 0 0 0 0 0
1 1 1 0 0 0 0 0 1 1 1 1 1 1 1 1 1 1 1 0 0 0 1 1 1 1 1 1 0 0 0 0 0 0 0 0 0 1 0 0 1 1 1 1 1 1 1 1 0 0 0 0 0 0 0 1 46 235 1 0 0 1 1 0 0 0 0 1 1 1 1 1 1 0 1 12 12 1 1 1 0 1 1 1 1 1 0 0 0 0 0 0 0 1 31 21 1 1 0 0 0 1 1 0 0 0 0 0 0 0 1 1 209 159 1 1 1 1 1 1 2 102 1 0 0 1 96 1 0 0 0 0 0 0 0 1 1 169 1 19 1 1 0 0 0 0 0 0 0 0 0 0 0 0 0 0 0 0 0 0 0 0 0 0 0 0 0 0 0 0 0 1 18 9 1 0 0 0 0 1 1 0 0 0 1 1 0 0 0 1 1 71 152 1 0 0 0 1 7 113 1 1 8 196 127 1 0 1 1 1 2 2 2 3 4 5 5 6 1 0 0 1 1 2 64 25 1 3 2 1 1 1 0 1 1 1 1 1 1 1 1 1 15 152 140 2 1 1 1 0 1 0 0 1 1 3 4 28 251 1 0 0 0 0 0 0 1 210 251 0 0 11 9 0 0 1 1 1 109 195 48 16 68 2 43 124 139 186 146 62 3 1 1 1 1 1 1 0 1 1 1 0 0 0 0 1 6 8 1 1 1 1 13 32 2 1 1 1 3 1 0 1 1 0 0 1 1 1 1 191 192 1 1 0 0 0 1 0 1 1 8 63 1 0 1 0 0 1 1 1 1 1 5 4 1 0 0 0 0 1 1 1 1 1 1 1 1 1 2 10 77 142 222 3 1 1 0 1 1 1 1 26 1 1 0 0 0 0 0 0 0 0 0 0 0 0 0 1 4 3 1 1 1 2 8 13 13 4 1 1 0 0 0 0 0 0 0 1 1 51 1 0 0 0 0 1 1 20 45 22 1 1 1 0 0 0 0 0 0 0 0 1 1 1 0 0 0 249 207 1 1 1 0 0 0 0 0 0 0 0 0 1 0 3 1 1 1 1 0 0 0 0 0 0 0 0 0 0 0 0 0 0 0 0 0 1 5 1 1 1 1 0 0 0 1 223 34 1 1 1 51 2 1 0 0 0 0 0 0 0 0 0
0 0 0 0 1 1 1 1 1 0 0 0 0 1 1 1 0 1 1 1 1 1 1 0 0 1 1 1 1 1 1 1 0 0 1 1 1 1 1 1 1 1 0 0 0 0 0 0 0 0 0 0 0 0 0 1 1 129 221 1 1 1 1 0 0 1 1 1 1 1 1 0 0 1 14 1 1 0 0 0 1 1 1 1 0 0 0 0 0 1 1 5 6 15 25 1 1 1 1 0 0 0 0 0 0 0 0 0 0 0 0 1 1 193 165 1 1 1 1 1 1 6 99 1 0 0 2 96 1 0 0 0 0 0 0 1 3 168 19 1 1 1 0 0 0 0 0 0 0 0 0 0 0 0 0 0 0 0 0 0 0 0 0 0 0 0 0 0 0 0 0 0 1 31 8 1 1 0 0 0 1 0 0 0 0 1 0 0 0 1 1 66 154 1 0 0 0 1 1 19 110 25 193 147 1 1 0 1 1 2 1 1 1 2 1 1 1 1 1 1 1 1 1 1 1 24 82 12 1 1 1 1 0 1 1 1 0 1 1 1 3 119 160 33 1 1 0 0 1 1 1 2 2 2 1 1 0 1 251 1 1 1 1 0 1 1 1 2 254 1 0 1 39 0 0 1 1 1 1 3 202 195 136 131 96 5 1 106 1 1 1 1 1 1 1 0 0 0 1 1 0 0 0 0 1 1 23 1 0 1 0 1 1 2 32 1 1 2 1 1 1 1 0 0 0 1 0 1 11 234 1 1 0 0 0 0 1 1 1 1 1 87 1 0 1 0 0 0 0 0 0 1 1 3 7 1 1 0 0 0 1 1 1 0 1 1 1 1 1 1 1 16 222 2 4 3 1 1 0 1 1 11 4 1 0 0 0 0 0 0 0 0 0 0 0 0 0 0 1 10 1 1 1 1 1 1 1 5 14 14 5 1 1 0 0 0 0 1 1 55 1 1 1 1 4 40 41 5 1 1 0 0 1 1 0 0 0 0 0 0 0 0 1 1 1 0 1 93 253 1 1 0 0 0 0 0 0 0 0 0 0 1 0 3 1 0 1 1 1 0 0 0 0 0 0 0 0 0 0 0 0 0 0 0 1 3 2 0 0 0 0 0 0 0 1 58 220 1 1 0 52 2 1 0 0 0 0 0 0 0 0 0
1 1 1 1 1 0 0 0 0 0 0 0 0 0 0 1 1 1 1 1 1 0 0 0 0 1 1 0 0 0 1 1 1 1 1 1 1 0 0 0 0 0 0 0 0 0 0 0 0 0 0 0 0 0 0 0 1 15 210 154 1 0 1 1 1 1 1 1 1 0 0 0 1 1 9 1 0 0 0 1 1 1 0 0 0 9 53 26 6 6 3 1 1 3 22 1 1 1 1 1 1 1 0 0 0 0 0 0 0 0 0 0 1 9 209 104 1 4 16 20 3 1 27 97 1 0 0 9 86 1 0 0 0 0 0 1 8 171 5 1 0 1 0 0 0 0 0 0 0 0 0 0 0 0 0 0 0 0 0 0 0 0 0 0 0 0 0 0 0 0 0 0 0 1 23 14 1 1 0 0 1 1 0 0 0 1 1 1 0 1 1 66 154 1 1 1 1 1 10 127 152 223 179 1 1 1 1 1 1 2 1 1 1 3 1 0 1 1 1 1 1 1 0 1 1 3 1 59 3 1 1 1 0 0 1 1 1 1 2 61 163 105 1 1 0 0 0 0 1 1 1 1 1 1 1 1 1 1 251 20 1 1 2 2 2 1 1 1 254 134 1 1 38 1 1 1 21 86 103 103 88 174 129 8 1 0 1 101 2 1 1 1 1 0 0 0 0 0 0 1 0 0 0 1 1 17 2 1 0 1 0 1 1 1 5 22 1 3 1 1 1 0 0 0 1 1 1 1 218 128 1 1 0 0 0 0 0 1 1 1 1 89 1 1 1 1 0 0 0 0 0 0 0 1 2 9 1 1 1 1 1 1 1 1 1 1 0 1 1 1 5 2 222 2 1 1 3 3 1 1 1 1 24 1 0 0 0 0 0 0 0 0 0 0 0 0 0 0 1 13 1 0 0 0 0 0 0 1 1 1 4 12 13 2 1 0 0 1 1 53 1 1 16 45 32 3 1 1 0 0 0 0 0 1 1 0 0 0 0 0 0 0 1 1 1 1 1 1 251 166 1 0 0 0 0 0 0 0 0 0 0 1 0 3 1 0 0 1 1 1 0 0 0 0 0 0 0 0 0 0 0 0 0 0 1 5 0 0 0 0 0 0 0 0 1 1 227 3 0 0 52 2 1 0 0 0 0 0 0 0 0 0
0 0 0 0 0 0 0 0 0 0 0 0 1 1 1 1 1 1 1 1 1 1 0 0 0 1 1 0 0 0 0 0 0 0 0 0 1 0 0 0 0 0 0 0 0 0 0 0 0 0 0 0 0 0 0 0 1 1 52 233 4 1 1 1 1 1 1 0 0 0 1 1 2 11 1 0 0 0 0 0 0 0 1 31 53 24 1 31 1 1 1 1 1 3 21 1 1 1 1 1 0 1 1 0 0 0 0 0 0 0 0 0 1 9 18 223 120 9 2 1 10 10 1 33 89 1 1 1 29 71 0 0 0 0 0 1 22 171 1 1 0 1 1 1 1 0 0 0 0 0 0 0 0 0 0 0 0 0 0 0 0 0 0 0 0 0 0 0 0 0 0 0 0 0 1 10 28 1 1 1 0 1 0 0 0 0 1 1 1 0 1 67 154 1 1 4 102 136 125 6 122 72 180 46 1 1 1 1 1 2 1 1 1 1 1 0 1 1 1 1 0 1 1 3 1 1 0 1 56 15 1 1 0 0 1 1 1 13 153 145 3 1 0 0 0 0 0 0 1 0 1 1 1 0 0 0 0 1 229 236 2 1 1 1 0 1 0 0 110 254 1 2 82 114 104 102 71 6 1 1 1 97 1 116 88 1 0 56 38 1 0 0 0 0 0 0 0 0 0 1 0 0 0 1 3 15 1 0 1 1 0 0 1 1 1 33 21 2 1 1 0 0 0 1 1 0 1 153 212 1 1 0 0 0 0 0 0 1 0 0 1 80 2 1 0 1 0 0 0 0 0 0 0 0 1 1 11 1 1 0 0 0 0 0 1 1 1 1 1 2 3 1 220 20 1 1 1 1 3 2 1 1 12 4 1 0 0 0 0 0 0 0 0 0 0 0 0 0 1 12 1 0 0 0 0 0 0 0 0 1 1 1 1 11 2 1 1 1 1 27 51 39 9 1 1 2 1 1 0 0 0 0 0 0 1 0 0 0 0 0 0 0 0 1 1 1 1 1 168 251 1 0 0 0 0 0 0 0 0 0 0 1 0 3 0 0 0 0 1 1 1 0 0 0 0 0 0 0 0 0 0 0 0 0 1 4 0 0 0 0 0 0 0 0 1 1 154 202 1 0 54 2 1 0 0 0 0 0 0 0 0 0
0 0 0 0 0 0 0 0 1 1 1 1 1 1 0 1 1 0 1 1 0 1 1 0 0 0 1 1 0 0 0 0 0 0 0 1 1 0 0 0 0 0 0 0 0 0 0 0 0 0 0 0 0 0 0 0 1 1 1 136 219 1 1 1 1 0 0 0 0 1 1 4 6 1 0 0 0 0 0 0 5 47 53 5 1 0 0 1 26 0 0 1 0 3 3 9 1 1 1 1 0 1 1 0 0 0 0 0 0 0 0 1 1 18 2 38 199 132 2 1 1 3 16 2 55 91 1 1 1 110 0 0 0 0 0 1 40 173 59 1 1 1 1 0 1 1 1 1 1 1 1 0 0 0 0 0 0 0 0 0 0 0 0 0 0 0 0 0 0 0 0 0 0 0 0 1 3 37 30 5 2 1 1 0 0 0 0 0 1 1 1 84 175 91 136 130 48 1 1 65 106 1 4 179 62 1 1 1 1 1 1 0 1 1 2 1 1 1 1 1 2 3 2 1 1 0 0 1 1 35 35 1 1 1 1 3 120 163 31 1 1 0 0 0 0 0 0 0 0 0 0 0 0 0 0 0 1 2 12 251 1 1 1 1 1 1 1 33 237 255 189 126 71 4 1 1 1 0 0 0 1 97 0 1 43 127 9 2 103 1 0 0 0 0 0 0 0 0 0 1 0 0 1 1 27 1 1 0 1 0 0 0 0 1 1 2 18 28 4 1 1 1 1 1 0 1 40 232 2 1 1 0 0 0 0 0 1 1 1 0 1 18 46 1 0 1 0 0 0 0 0 0 0 0 0 0 1 10 2 1 0 0 0 0 0 0 1 1 1 6 1 1 180 169 1 1 1 1 1 1 4 1 1 24 1 1 0 0 0 0 0 0 0 0 0 0 0 0 1 6 2 1 0 0 0 0 0 0 0 0 1 1 1 1 11 3 1 6 15 8 1 1 1 1 0 1 3 1 0 0 0 0 0 0 1 1 1 0 0 0 0 1 1 1 2 1 1 1 42 253 1 0 0 0 0 0 0 0 0 0 1 1 1 3 0 0 0 0 0 1 1 1 0 0 0 0 0 0 0 0 0 0 0 1 3 2 0 0 0 1 0 0 0 0 0 1 2 227 1 0 56 1 1 0 0 0 0 0 0 0 0 0
0 0 0 0 0 1 1 1 1 1 0 1 1 1 1 1 1 1 0 1 0 0 1 1 0 0 1 1 1 0 0 0 0 0 0 1 0 0 0 0 0 0 0 0 0 0 0 0 0 0 0 0 0 0 0 0 1 1 1 27 215 137 1 1 1 1 0 0 0 1 6 4 1 0 0 0 0 0 8 47 27 1 1 1 0 0 0 0 18 25 1 1 1 1 3 19 1 1 1 0 0 1 0 0 0 0 0 0 0 0 0 1 10 4 1 1 3 187 132 9 1 1 1 10 7 44 84 1 1 111 0 0 0 0 0 1 118 103 96 104 3 1 1 1 1 0 0 0 0 0 1 1 1 1 1 1 0 0 0 0 0 0 0 0 0 0 0 0 0 0 0 0 0 0 0 0 1 1 3 20 37 28 6 1 1 1 1 1 1 1 9 9 220 68 1 1 1 0 6 134 1 2 1 2 174 79 1 1 3 1 2 1 0 1 3 1 1 1 1 2 1 1 0 0 1 0 0 1 1 1 14 64 3 2 56 167 102 1 1 0 0 0 0 0 0 0 0 0 0 0 0 0 0 0 0 0 0 3 1 251 1 1 1 13 238 253 253 251 233 239 255 18 1 1 0 0 1 1 0 0 1 97 0 0 0 1 113 90 111 1 1 1 1 0 0 0 0 0 0 1 0 1 1 16 3 1 0 0 0 0 0 0 0 0 1 8 1 1 14 26 4 1 1 1 1 1 232 51 1 1 1 0 0 0 0 1 1 0 1 1 1 1 86 1 0 1 0 0 0 0 0 0 0 0 0 0 0 1 8 3 1 0 0 0 0 1 1 1 4 1 1 1 36 217 1 1 1 0 0 1 1 3 2 7 7 1 0 0 0 0 0 0 0 0 0 0 0 0 0 1 10 1 0 0 0 0 0 0 0 0 0 0 0 0 1 10 14 3 1 1 1 1 0 0 0 0 1 1 0 0 0 0 1 1 1 1 1 0 0 0 0 1 1 2 1 0 0 0 38 253 1 0 0 0 0 0 0 0 0 0 1 0 1 3 0 0 0 0 0 0 1 1 1 0 0 0 0 0 0 0 0 0 0 1 5 0 0 0 1 1 1 0 0 0 0 0 1 204 150 1 56 1 1 0 0 1 1 1 0 0 0 0
0 0 0 1 1 1 0 1 1 1 1 2 2 1 1 1 1 1 1 1 0 0 0 1 0 0 0 1 1 0 0 0 0 0 1 1 0 0 0 0 0 0 0 0 0 0 0 0 0 0 0 0 0 1 1 1 1 1 1 3 78 229 13 1 0 1 1 0 1 8 2 0 0 0 0 0 9 47 21 1 0 0 1 1 0 0 0 0 0 1 25 32 10 0 2 1 17 1 1 1 1 1 1 0 0 0 0 0 0 0 1 1 18 1 0 1 1 5 184 125 14 1 1 1 1 1 70 60 1 111 0 0 0 0 0 1 158 37 31 1 99 45 1 1 1 1 0 0 0 0 0 0 0 0 0 1 1 0 0 0 0 0 0 0 0 0 0 0 0 0 0 0 0 0 0 0 0 0 1 1 1 2 16 34 13 1 1 1 4 10 17 1 218 1 1 1 0 1 140 2 1 1 2 1 1 171 96 1 1 1 2 1 1 1 4 3 2 1 1 1 1 1 0 0 1 1 0 1 1 1 1 1 90 155 143 1 0 0 1 1 0 0 0 0 0 0 0 0 0 0 0 0 0 0 0 0 1 3 1 250 238 251 253 253 231 8 1 1 1 100 232 255 1 1 0 0 0 1 0 0 1 96 0 0 0 0 1 41 171 36 1 1 1 1 0 0 0 0 0 1 1 1 1 23 1 1 0 0 0 0 0 0 0 1 3 4 1 1 1 1 16 29 14 1 1 185 196 1 1 1 1 1 1 1 1 1 1 1 1 1 1 1 89 1 0 1 0 0 0 0 1 1 0 0 0 0 1 1 1 5 5 1 0 0 0 0 0 1 6 1 1 1 3 222 1 1 0 1 0 1 1 1 2 3 21 1 1 0 0 0 0 0 0 0 0 0 0 0 0 1 13 1 0 0 0 0 0 0 0 0 0 0 0 0 0 1 4 1 1 1 0 0 0 0 0 0 1 2 1 0 0 1 1 1 0 0 1 1 0 0 1 1 2 1 0 0 0 0 56 253 1 0 0 0 0 0 0 0 0 0 1 0 1 3 0 0 0 0 0 0 0 0 1 1 1 0 0 0 0 0 0 0 1 1 4 0 0 0 1 1 1 1 0 0 0 0 1 4 227 1 56 1 1 1 1 1 1 1 1 1 1 1
0 0 1 1 1 1 1 1 1 1 1 1 1 1 1 1 1 1 1 1 1 0 0 1 1 0 0 1 1 1 1 0 0 0 1 0 0 0 0 0 0 0 0 0 0 0 0 0 0 0 0 1 1 1 1 1 1 5 17 6 2 85 225 1 1 1 1 1 10 1 0 0 1 1 17 56 33 1 0 0 0 0 0 1 1 0 0 1 0 1 1 1 28 1 1 3 11 2 1 1 1 1 1 0 0 0 0 0 0 1 1 18 1 1 1 1 1 1 9 184 125 17 1 1 1 1 1 116 2 111 0 0 0 0 0 1 172 48 1 0 1 60 103 2 1 0 1 1 0 0 0 0 0 0 0 0 1 0 0 0 0 0 0 0 0 0 0 0 0 0 0 0 0 0 0 0 0 0 0 1 1 1 1 1 8 31 22 31 17 6 1 1 218 2 1 0 1 109 47 0 1 1 1 1 1 1 163 101 1 1 2 1 1 4 2 1 1 1 1 1 1 0 0 0 1 1 1 1 1 1 1 119 163 92 19 1 0 0 0 1 0 0 0 0 0 0 0 0 0 0 0 1 1 1 1 2 12 18 125 142 233 98 2 1 1 1 1 1 1 99 1 254 254 1 1 0 0 1 0 0 2 88 0 0 0 0 1 5 75 111 112 2 1 1 0 0 0 0 0 1 1 1 26 1 1 1 0 0 0 0 0 0 1 1 9 1 1 1 1 1 1 1 5 26 40 232 2 1 1 0 0 1 1 1 1 1 1 1 1 1 1 1 86 1 1 1 1 1 1 1 2 2 1 2 2 2 2 2 2 2 8 13 1 1 0 0 1 5 1 0 1 0 1 222 3 1 1 1 0 1 1 0 1 1 5 24 1 1 1 1 0 0 0 0 0 0 0 0 0 1 13 1 0 0 0 0 0 0 0 0 0 0 0 0 0 0 1 3 1 0 0 0 0 0 0 0 0 1 2 1 1 1 0 0 0 0 1 1 0 0 1 2 1 0 0 0 0 0 78 253 1 0 0 0 0 0 0 0 0 0 1 0 1 3 0 0 0 0 0 0 0 0 0 1 1 1 0 0 0 0 0 0 1 3 1 0 0 0 1 0 0 1 1 1 0 0 1 1 221 22 55 1 0 0 0 0 0 1 1 2 39 129
0 1 1 1 1 1 1 1 1 1 1 1 1 1 1 1 1 1 1 1 1 1 1 0 1 0 0 0 1 1 1 1 1 1 1 0 0 0 0 0 0 0 0 0 0 0 0 0 1 1 1 1 1 1 1 7 17 4 1 1 1 21 188 166 1 1 1 17 1 0 1 1 27 56 16 1 1 2 0 0 0 0 0 0 1 1 1 0 0 0 1 1 1 28 0 1 1 19 1 1 1 1 1 0 0 1 0 0 1 1 6 7 1 1 0 0 1 1 1 9 188 196 17 1 1 1 1 8 117 115 1 0 0 0 0 1 173 43 0 1 0 1 3 105 52 1 1 1 1 1 0 0 0 0 0 0 1 0 0 0 0 0 0 0 0 0 0 0 0 0 0 0 0 0 0 0 0 0 0 0 1 1 1 1 1 1 3 1 1 0 0 1 216 8 0 0 40 113 0 0 0 1 1 1 1 2 1 157 108 1 1 3 3 1 1 0 1 1 1 1 1 1 0 1 1 1 1 1 1 56 170 97 1 1 26 51 1 0 0 1 1 0 0 0 0 1 1 1 1 1 1 2 11 20 19 12 2 1 115 1 1 1 1 0 0 0 0 1 2 92 1 1 255 243 1 1 0 1 1 1 9 73 0 0 0 0 1 84 1 1 30 133 42 1 1 0 0 0 0 1 1 10 6 1 0 1 0 0 0 0 0 0 1 5 2 1 0 1 1 0 1 1 1 4 234 92 3 3 3 3 3 3 3 3 3 3 3 3 3 3 3 3 52 37 2 2 2 2 2 2 1 1 1 1 1 1 1 1 1 1 1 2 15 1 1 1 1 6 1 0 1 0 1 217 34 1 1 0 0 0 1 1 0 0 1 8 19 1 1 0 0 0 0 0 0 0 0 0 0 0 9 2 0 0 0 0 0 0 0 0 0 0 0 0 0 0 0 1 3 1 0 0 0 0 0 0 0 1 2 1 1 0 0 0 0 0 0 1 1 1 2 1 0 0 0 0 0 0 106 253 1 0 0 0 0 0 0 0 0 1 1 0 1 3 0 0 0 0 0 0 0 0 0 0 1 1 1 0 0 0 0 0 1 4 0 0 0 1 1 0 0 0 1 5 2 0 1 1 62 217 57 1 1 2 18 112 136 138 138 135 89 4
0 1 1 1 1 1 1 1 1 1 1 1 2 9 3 1 1 1 1 1 1 0 1 0 1 1 0 0 1 1 1 1 1 1 1 1 1 1 1 1 1 1 1 1 1 1 1 1 1 1 1 1 1 11 16 2 1 1 1 1 1 1 48 227 14 1 15 1 1 1 4 55 8 1 0 0 0 1 1 0 0 0 0 0 1 1 0 0 0 0 0 1 0 21 2 1 4 14 2 1 0 1 1 0 0 1 0 0 1 1 20 1 1 1 1 1 1 0 0 1 1 103 206 19 1 1 1 1 18 170 1 0 0 0 1 48 170 4 1 1 1 1 1 1 59 109 7 1 1 1 1 0 0 0 0 0 1 0 0 0 0 0 0 0 0 0 0 0 0 0 0 0 0 0 0 0 0 0 0 0 0 1 1 1 1 1 1 1 1 0 0 1 218 3 0 1 140 1 0 0 0 0 1 1 1 1 2 1 163 91 1 1 1 1 0 0 0 1 1 1 1 1 1 1 1 1 1 4 157 145 1 0 0 0 0 5 67 1 1 0 1 1 0 1 1 1 1 2 12 20 18 11 2 1 1 1 1 3 105 0 0 1 1 0 0 0 0 1 10 71 1 1 7 255 145 1 1 0 1 0 6 75 0 0 0 1 48 17 1 1 1 1 104 105 2 1 1 0 1 1 2 21 1 1 0 1 1 0 0 0 0 1 2 6 1 0 0 0 1 0 1 1 1 181 204 1 1 1 1 1 1 1 1 1 1 1 1 1 1 1 1 1 2 82 1 0 1 1 0 0 0 0 1 1 0 0 0 0 1 0 0 1 1 16 2 1 4 2 0 0 1 0 1 175 174 1 1 0 0 0 0 1 1 0 0 1 12 15 1 1 0 0 0 0 0 0 0 0 0 0 2 8 1 0 0 0 0 0 0 0 0 0 0 0 0 0 0 1 1 3 1 0 0 0 0 0 0 1 1 2 1 0 0 0 0 0 0 0 1 2 1 0 0 0 0 0 0 0 152 251 1 0 0 0 0 0 0 0 0 1 0 0 1 3 0 0 0 0 0 0 0 0 0 0 0 1 2 2 1 0 0 0 2 2 0 0 0 1 1 0 0 0 3 3 6 5 1 0 1 223 107 207 240 202 109 17 1 1 1 1 1 1
0 1 1 1 1 1 1 1 1 9 16 17 9 2 5 14 1 1 1 1 1 0 1 0 1 1 0 0 0 1 1 1 1 1 1 1 1 1 1 1 1 1 1 1 1 1 1 1 1 1 5 17 15 1 1 1 0 1 1 1 1 1 1 88 225 1 17 1 1 68 91 14 0 0 0 0 0 1 2 1 0 0 0 1 1 1 1 0 0 0 0 1 1 1 39 3 1 4 5 1 0 0 1 1 1 1 1 1 1 18 1 1 1 1 1 0 1 0 0 1 1 1 78 206 21 1 1 1 1 176 1 0 0 0 1 156 96 1 1 0 1 1 1 1 1 1 99 85 1 1 1 0 0 0 0 0 1 0 0 0 0 0 0 0 0 0 0 0 0 0 0 0 0 0 0 0 0 0 0 0 0 0 0 1 1 1 1 1 1 1 1 2 218 1 1 132 8 0 0 0 0 0 0 1 1 1 1 2 3 177 42 1 0 1 1 1 1 1 1 1 1 1 1 1 1 1 123 166 21 1 1 0 0 0 0 0 1 66 5 1 1 1 1 2 13 21 19 12 2 1 1 1 1 1 1 0 1 62 44 0 0 1 0 0 0 0 0 0 57 22 0 1 1 176 255 4 1 1 1 1 12 65 0 0 0 3 75 1 0 0 0 1 1 61 130 42 1 1 1 1 27 1 1 0 0 0 1 0 0 0 1 1 9 1 0 0 0 0 1 1 1 1 19 234 7 1 1 1 0 0 0 0 0 1 1 0 0 0 0 0 1 1 1 89 1 1 1 1 0 0 0 0 0 1 0 0 0 0 1 1 0 0 0 1 13 4 6 1 0 0 1 0 1 34 218 1 1 0 0 1 0 0 1 1 1 1 1 10 29 1 1 0 0 0 0 0 0 0 0 0 1 13 1 0 0 0 0 0 0 0 0 0 0 0 0 0 0 0 1 1 3 1 0 0 0 0 1 1 0 1 1 0 0 0 0 0 0 1 2 1 1 0 0 0 0 0 0 0 209 249 1 0 0 0 0 0 0 0 0 1 0 0 1 3 0 0 0 0 0 0 0 0 0 0 0 1 3 3 2 1 0 1 4 1 0 0 0 1 1 1 0 1 6 0 1 2 8 2 1 56 246 228 171 230 228 2 0 0 1 1 0 0
1 1 1 1 1 6 14 15 11 2 1 1 1 1 1 1 15 1 1 1 1 0 1 0 0 1 0 0 0 0 1 1 1 1 1 1 1 2 2 1 1 1 1 1 2 4 10 16 17 16 4 1 0 0 0 0 0 1 1 0 1 1 1 28 201 183 3 3 95 24 1 37 1 0 0 0 0 0 1 1 0 1 1 1 0 1 1 1 0 0 0 0 1 2 9 5 0 4 1 4 1 0 0 1 0 1 1 1 7 6 1 1 1 1 1 1 1 1 0 0 1 1 1 78 206 18 1 1 1 176 1 1 0 1 1 173 43 0 1 1 1 1 1 1 1 1 1 21 111 44 1 1 0 0 0 0 1 0 0 0 0 0 0 0 0 0 0 0 0 0 0 0 0 0 0 0 0 0 0 0 0 0 0 0 0 1 1 1 1 1 1 151 169 1 89 78 1 1 1 1 1 1 1 1 1 1 1 2 1 1 183 6 0 0 0 0 1 1 0 1 1 1 0 1 52 170 96 1 1 1 0 0 0 0 0 0 1 1 53 31 10 20 19 11 2 1 1 1 1 1 1 1 1 0 0 0 1 111 2 1 0 1 0 0 0 0 0 0 95 1 1 1 1 1 248 255 1 1 1 1 33 42 0 0 1 86 1 0 0 0 0 1 2 2 2 101 110 3 1 6 10 1 0 0 0 0 1 0 0 0 1 4 3 1 0 0 0 0 0 1 1 1 226 100 4 3 1 1 1 0 0 0 1 1 0 0 0 0 0 0 0 1 1 89 1 1 0 1 0 0 0 0 0 0 1 0 0 0 0 1 1 1 1 1 1 9 13 1 0 0 1 0 1 3 223 1 1 0 0 1 0 0 0 0 0 1 1 1 3 37 3 1 1 0 0 0 0 0 0 0 1 13 1 0 0 0 0 0 0 0 0 0 0 0 0 0 0 0 0 1 2 2 1 0 1 1 1 0 0 1 2 1 0 0 0 0 1 2 1 0 0 0 0 0 0 0 0 0 243 232 1 0 0 0 0 0 0 0 0 1 0 0 1 3 1 1 1 0 0 0 0 0 0 0 1 2 1 1 2 3 1 1 3 1 0 0 0 0 1 1 1 4 1 1 1 1 1 5 14 213 200 1 1 1 213 216 6 1 2 40 74 11
1 2 14 16 14 3 1 1 1 1 0 1 1 1 1 1 3 7 1 1 1 1 1 0 0 1 0 0 0 0 0 1 1 1 3 11 15 9 10 11 12 13 13 12 9 5 1 1 0 0 0 0 0 0 0 0 0 1 1 0 0 0 1 34 154 183 116 92 1 1 0 1 34 0 0 0 0 0 1 2 1 1 1 0 0 0 1 1 0 0 0 0 1 1 1 3 1 1 4 3 1 1 0 1 1 1 1 2 15 1 1 0 1 1 0 0 0 1 0 0 1 0 1 1 89 204 4 1 1 175 1 1 1 1 38 173 2 1 1 1 1 1 1 1 0 0 1 1 1 69 96 1 1 0 0 0 1 1 0 0 0 0 0 0 0 0 0 0 0 0 0 0 0 0 0 0 0 0 0 0 0 0 0 0 0 0 0 1 1 1 1 215 11 19 127 1 1 1 1 0 0 0 0 0 0 0 1 5 1 1 12 182 1 0 0 0 0 0 0 0 1 1 5 154 142 6 6 6 6 1 0 0 1 1 1 6 106 132 132 143 129 1 1 1 1 1 1 1 69 112 112 110 95 30 2 1 4 123 3 2 2 2 1 1 0 0 0 1 98 1 1 1 1 1 1 254 252 1 1 1 35 40 0 0 40 23 1 0 0 0 0 1 4 1 1 1 27 128 44 31 1 1 0 0 0 0 1 0 0 1 1 8 1 1 0 0 0 0 0 1 1 164 208 1 1 2 6 1 1 1 1 0 1 0 0 0 0 0 0 0 0 1 1 60 10 1 1 1 1 0 0 1 1 1 1 1 0 0 0 1 0 0 0 0 0 1 6 11 1 0 1 1 1 1 223 3 1 0 0 1 1 0 0 0 0 0 1 1 1 1 33 10 1 1 0 0 0 0 0 0 1 10 1 0 0 0 0 0 0 0 0 0 0 0 0 0 0 0 0 0 1 2 2 1 1 1 0 0 0 1 1 2 1 0 0 1 2 1 0 0 0 0 0 0 0 0 0 1 251 173 1 0 0 0 0 0 0 0 1 1 0 0 1 4 1 1 1 1 1 1 0 0 0 1 2 1 1 0 1 2 3 4 1 1 0 0 0 0 0 0 1 5 1 1 1 0 0 1 200 205 1 1 1 1 9 215 215 201 170 146 131 161
1 21 1 1 1 1 1 1 0 0 1 1 0 1 1 1 1 7 4 1 1 1 1 0 0 1 1 0 0 0 0 1 1 3 2 4 1 1 0 0 0 0 1 1 1 0 0 0 0 0 0 0 0 0 0 0 0 0 1 0 0 1 1 120 161 165 48 1 0 1 0 0 21 4 0 0 0 0 0 1 1 1 1 0 0 0 0 1 1 1 0 0 0 1 0 1 1 1 1 3 4 1 1 1 1 1 3 15 1 1 1 1 1 1 1 0 0 1 1 0 1 0 0 0 1 151 178 1 1 62 171 32 1 1 113 146 1 1 1 0 1 1 0 1 0 0 0 0 1 1 11 112 27 1 0 0 0 1 0 0 0 0 0 0 0 0 0 0 0 0 0 0 0 0 0 0 0 0 0 0 0 0 0 0 0 0 0 1 1 1 12 219 1 141 2 1 1 1 0 0 0 0 0 0 0 0 1 1 2 1 1 77 165 1 1 0 0 0 1 1 1 142 183 150 1 0 0 1 1 4 7 32 116 132 132 119 21 1 1 1 33 140 18 86 114 109 109 111 30 1 1 1 9 71 109 115 113 2 0 1 1 0 1 1 0 0 0 1 98 1 0 1 1 1 1 1 255 221 1 1 58 18 0 2 79 1 0 0 0 0 1 4 1 0 0 1 1 2 126 123 3 1 1 0 0 0 1 0 0 1 8 1 1 0 0 0 0 0 0 1 9 234 3 1 1 1 1 6 4 1 1 0 1 0 0 0 0 0 0 0 0 0 1 3 79 1 1 0 1 0 1 1 0 0 1 1 0 0 0 1 1 0 0 0 0 0 1 3 16 1 1 1 1 1 218 35 1 1 0 1 1 0 0 0 0 0 0 1 1 1 1 14 33 2 1 1 0 0 0 0 1 2 6 1 0 0 0 0 0 0 0 0 0 0 0 0 0 0 0 0 0 0 2 2 1 0 0 0 0 0 1 2 1 1 1 2 1 0 0 0 0 0 0 0 0 0 0 1 253 57 1 0 0 0 0 0 0 0 1 1 0 0 1 4 0 0 1 1 1 1 1 1 1 2 1 1 0 0 0 0 1 2 1 0 0 0 0 0 0 0 6 1 1 0 1 1 1 192 209 1 1 0 1 1 9 204 190 74 1 1 1 0
1 18 1 1 1 1 0 1 1 1 1 0 0 0 1 1 1 5 1 8 3 1 1 0 0 1 1 0 0 0 0 0 5 9 3 1 1 1 0 0 0 0 0 0 0 0 0 0 0 0 0 0 0 0 0 0 0 0 1 1 1 1 131 137 3 89 130 1 1 1 0 0 1 38 1 0 0 0 1 1 2 1 1 0 0 1 1 2 1 1 1 0 0 1 0 1 1 1 7 3 1 4 2 1 2 7 11 1 1 1 1 1 1 1 1 1 0 1 1 1 1 1 1 1 1 1 215 54 1 1 151 144 116 2 20 186 1 1 1 1 1 1 0 1 0 0 0 0 1 1 1 1 84 94 1 1 0 1 0 0 0 0 0 0 0 1 1 0 0 0 0 0 0 0 0 0 0 0 0 0 0 0 0 0 0 0 0 0 1 1 165 165 134 7 1 1 1 1 1 1 1 1 0 0 0 0 1 1 1 2 1 1 124 150 1 1 1 1 1 70 185 114 1 8 122 1 1 12 105 120 120 101 10 5 1 0 1 1 1 1 1 2 135 32 1 1 0 0 1 0 1 1 0 0 1 3 1 1 0 1 1 1 1 1 0 0 0 1 98 1 0 0 1 1 1 1 63 255 73 1 75 7 1 81 1 0 0 0 0 0 2 2 0 0 0 1 1 3 15 22 131 49 1 1 0 1 1 0 1 2 4 1 1 0 0 0 0 0 1 1 224 119 1 1 1 0 1 1 2 6 2 1 1 0 0 0 0 0 0 0 0 0 1 1 89 1 1 1 1 1 1 1 0 0 0 1 1 0 0 0 1 1 0 0 0 0 0 1 2 19 1 1 1 1 168 185 1 1 0 1 1 1 0 0 0 0 0 0 0 1 1 1 2 38 14 1 1 1 1 0 0 1 11 1 0 0 0 0 0 0 0 0 0 0 0 0 0 0 0 0 0 0 1 2 2 1 1 0 0 0 0 1 2 1 2 1 0 0 0 0 0 0 0 0 0 0 0 1 253 5 1 0 0 0 0 0 0 0 1 0 0 0 1 3 0 0 0 0 0 1 1 1 1 2 1 0 1 1 1 0 0 1 0 0 0 0 0 0 0 1 4 0 0 1 1 1 185 214 1 1 1 0 1 1 177 215 26 1 0 1 1 1
1 18 1 1 1 1 1 1 0 0 0 0 0 0 1 1 1 4 1 1 5 1 1 0 0 1 1 0 0 0 0 1 14 1 1 1 0 1 1 1 1 1 0 0 0 0 0 0 0 0 0 0 0 0 0 0 0 1 1 1 43 161 88 3 1 1 168 2 1 1 0 0 0 7 13 0 0 1 1 0 1 2 1 1 1 2 1 1 1 1 0 0 0 1 1 1 7 4 1 1 2 1 1 1 1 8 10 1 1 0 0 0 0 0 1 1 1 1 1 1 1 1 1 1 1 1 117 197 1 1 138 1 90 160 138 174 62 1 1 1 1 1 1 1 1 0 0 1 1 2 1 1 1 14 115 35 1 1 0 0 0 0 0 0 1 1 1 1 0 0 0 0 0 0 0 0 0 0 0 0 0 0 0 0 0 0 0 1 1 1 218 156 28 1 1 1 1 1 1 1 1 1 1 1 1 1 0 1 1 1 2 1 1 111 181 6 1 4 172 163 1 1 1 51 175 181 116 95 6 1 1 1 0 4 1 0 1 0 0 1 1 1 1 34 4 1 1 0 0 0 1 1 0 0 1 3 1 1 1 0 1 1 1 1 0 1 1 2 92 1 0 0 0 1 1 1 1 223 255 1 81 4 30 32 1 0 0 0 0 1 4 1 0 0 1 1 1 25 1 1 2 103 120 3 1 1 0 0 1 9 1 1 0 0 0 0 0 1 1 152 212 1 1 1 0 0 0 1 1 1 4 6 1 1 0 0 0 0 0 0 0 0 1 1 92 1 1 0 0 1 1 0 1 1 1 0 1 1 0 0 0 1 1 1 0 0 0 0 0 1 18 2 1 1 18 220 1 1 0 1 1 1 0 0 0 0 0 0 0 0 0 0 1 1 10 43 11 1 1 1 1 1 10 1 0 0 0 0 0 0 0 0 0 0 0 0 0 0 0 0 0 0 0 1 3 1 1 0 0 0 0 1 1 3 1 0 0 0 0 0 0 0 0 0 0 0 0 1 253 2 1 0 0 0 0 0 0 0 1 0 0 0 1 4 0 0 0 0 0 0 0 0 1 2 1 0 1 1 1 1 1 1 0 0 0 0 1 1 1 6 1 0 1 1 1 178 215 1 1 0 1 0 1 151 216 12 1 0 0 0 0 1
1 9 2 1 1 1 1 0 0 0 0 0 0 0 0 1 1 1 2 1 1 3 1 0 0 1 1 0 0 0 0 5 4 0 0 1 0 1 1 0 0 0 0 0 0 0 0 0 0 0 0 0 0 0 0 0 0 1 1 76 152 24 1 1 1 1 147 56 1 0 0 0 0 1 37 1 0 0 0 0 0 1 1 1 2 1 0 0 1 2 1 1 1 1 1 2 3 1 1 1 1 0 1 1 1 20 3 1 0 0 0 0 0 0 0 0 1 1 1 1 1 1 1 0 1 1 1 222 3 1 136 1 1 2 141 123 91 1 2 2 2 1 1 1 1 1 1 2 1 1 1 1 1 1 1 81 105 2 1 0 0 0 0 0 1 0 0 0 0 0 0 0 0 0 0 1 0 0 0 0 0 0 0 0 0 0 0 1 1 17 230 41 1 0 0 0 1 0 0 0 0 0 1 1 1 1 2 2 1 1 1 2 1 1 23 186 158 182 46 48 137 148 147 118 6 159 89 1 1 2 1 1 1 3 1 1 1 1 0 1 0 0 1 1 27 5 1 1 1 0 0 1 0 1 1 3 1 0 1 1 0 1 1 1 0 1 1 16 66 1 0 0 0 1 1 1 1 1 252 254 87 5 84 1 1 0 0 1 1 3 1 0 0 0 1 1 15 3 1 1 1 1 21 134 71 1 1 0 2 6 1 1 1 0 0 0 0 1 6 234 6 1 1 1 0 0 0 0 1 1 1 1 6 3 1 1 0 0 0 0 0 1 1 1 81 3 1 0 1 1 0 0 1 1 1 1 0 1 1 0 0 0 0 1 1 0 0 0 0 0 1 14 5 1 2 223 2 1 1 1 0 1 1 0 0 0 0 0 0 0 0 0 0 0 1 1 13 43 23 2 1 1 7 1 0 0 0 0 0 0 0 0 0 0 0 0 0 0 0 0 0 0 0 0 1 3 1 1 0 0 0 1 4 1 0 0 0 0 0 0 0 0 0 0 0 0 0 1 253 1 1 0 0 0 0 0 0 0 1 0 0 0 1 4 0 0 0 0 0 0 0 0 1 1 1 0 1 0 1 1 1 0 0 0 0 1 5 4 4 2 0 1 1 1 167 219 1 1 1 0 1 1 192 205 1 4 2 1 1 0 0 0
1 1 14 1 1 1 0 0 0 0 0 0 0 0 0 1 1 1 4 1 2 1 1 0 0 1 1 0 0 0 0 8 2 0 0 1 1 1 1 0 0 0 0 0 0 0 0 0 0 0 0 0 0 0 0 0 1 1 91 124 34 1 1 0 0 1 16 157 3 1 0 0 0 1 2 26 1 0 0 0 1 1 17 1 0 0 0 0 0 1 1 0 0 1 2 4 1 1 1 0 0 0 0 1 1 32 1 1 0 0 0 0 0 0 0 0 0 1 1 1 1 1 1 1 1 1 1 212 77 1 133 1 1 8 135 53 1 1 1 1 1 2 1 1 1 1 2 1 0 1 1 1 1 1 1 1 6 111 45 1 1 0 0 0 1 1 0 0 0 0 0 0 0 0 0 1 1 0 0 0 0 0 0 0 0 0 1 1 2 221 136 2 1 1 0 0 1 0 0 0 0 0 0 0 0 0 1 1 1 2 2 2 3 2 2 106 198 146 145 116 10 1 1 0 1 1 183 15 2 1 1 2 2 2 2 1 1 1 1 1 1 1 1 1 1 35 1 1 1 1 1 1 0 1 3 1 1 1 1 1 1 1 1 1 0 1 1 60 21 1 1 1 1 1 1 1 1 1 1 255 250 87 2 1 1 1 1 1 1 2 1 0 0 1 1 2 19 1 1 0 0 1 1 1 89 128 7 1 2 1 3 2 1 1 1 0 1 1 217 135 1 1 1 0 0 0 0 0 0 1 1 1 1 3 5 1 1 0 0 0 0 1 0 1 14 58 1 1 1 0 1 1 1 0 0 1 1 1 1 0 0 0 0 0 1 0 0 0 0 0 0 1 8 8 1 223 4 1 1 0 0 0 1 0 0 0 0 0 0 0 0 0 0 0 0 0 1 1 5 37 37 8 4 3 1 0 0 0 0 0 0 0 0 0 0 0 0 1 1 0 0 0 0 0 1 1 3 1 1 0 1 4 1 0 0 0 0 0 0 0 0 0 0 0 0 0 0 3 253 1 0 0 0 0 0 0 0 1 1 0 0 0 1 3 0 0 0 0 0 0 0 0 2 1 0 1 1 0 1 1 1 0 0 0 0 4 1 0 0 1 1 1 1 155 220 1 1 0 1 1 1 213 173 1 0 2 4 0 1 1 0 0
1 1 18 1 1 1 0 0 0 0 0 0 0 0 0 0 1 8 13 3 1 1 1 0 0 1 1 0 0 0 0 4 5 0 0 0 1 1 1 0 0 0 0 0 0 0 0 0 0 0 0 0 0 0 0 1 15 119 108 59 10 1 0 0 1 1 1 159 26 1 1 0 0 0 0 24 2 0 0 1 7 8 1 8 1 0 0 0 0 0 2 1 1 4 1 1 1 0 1 0 0 0 0 1 1 33 1 1 1 0 0 0 0 0 0 0 0 0 1 1 1 1 1 1 1 1 1 160 176 96 55 1 1 102 115 1 1 1 1 1 1 1 0 1 1 2 1 1 1 1 1 0 1 1 1 1 0 1 75 100 2 1 0 0 1 1 0 0 0 0 0 0 0 0 0 0 1 1 1 0 0 0 0 0 0 1 1 1 204 156 9 1 2 3 3 3 1 1 0 0 0 0 0 0 0 0 1 1 1 1 3 103 145 150 145 79 1 1 1 1 0 0 0 0 1 1 17 185 3 3 3 3 3 3 4 1 1 1 1 1 1 1 1 1 1 1 43 1 0 0 0 1 1 1 3 1 0 0 1 1 1 0 1 0 1 1 1 95 1 0 0 0 0 0 1 0 1 1 1 9 255 87 1 0 1 1 1 1 3 1 0 0 0 1 1 27 1 1 0 0 0 0 1 1 1 9 130 89 1 1 1 2 3 1 1 1 1 138 217 1 1 1 1 0 0 0 0 0 0 0 1 1 1 1 1 7 2 1 0 0 0 1 0 1 1 90 1 1 1 1 1 1 1 0 0 0 0 0 0 0 0 0 0 0 0 0 0 0 0 0 0 0 1 5 12 213 61 1 1 1 1 1 1 1 1 1 1 1 1 1 1 1 1 1 2 2 3 4 6 7 10 44 70 30 1 1 0 1 0 0 1 1 1 1 1 1 1 1 1 1 1 1 1 1 1 0 1 3 1 1 4 1 0 0 0 0 0 0 0 0 0 0 0 0 0 0 0 26 253 1 0 0 0 0 0 0 0 1 1 0 0 0 1 3 0 0 0 0 0 0 0 0 2 1 0 1 1 0 1 1 1 0 0 0 1 5 0 0 0 1 1 1 142 224 1 1 0 0 0 1 205 151 1 0 0 1 6 0 1 1 1 1
1 0 17 1 0 1 0 0 0 0 0 0 0 1 0 1 11 1 1 1 1 1 1 0 0 1 1 0 0 0 0 1 11 0 0 1 1 1 1 1 1 0 0 0 0 0 0 0 0 0 0 0 0 1 5 108 137 81 2 1 55 1 0 1 1 0 1 87 119 6 1 0 0 0 0 1 38 1 2 13 1 0 0 7 1 0 0 0 0 0 1 3 2 1 0 1 1 1 1 0 0 0 0 0 1 21 2 1 1 1 1 1 1 1 0 0 0 0 1 1 1 0 0 1 1 0 0 4 221 174 1 1 3 139 36 1 1 1 1 1 1 1 1 1 1 1 0 1 1 0 0 0 0 1 2 1 0 0 1 13 115 24 1 0 0 1 0 0 0 0 0 0 0 0 0 0 0 0 1 1 0 0 0 0 1 1 1 191 179 1 9 1 0 0 0 1 1 3 3 3 2 1 1 0 1 1 3 90 143 145 139 63 1 1 1 1 1 1 0 0 0 0 0 0 0 1 1 193 1 1 1 1 1 1 2 2 1 1 2 2 2 2 2 2 2 2 33 31 8 6 4 2 1 1 4 1 1 1 0 0 0 0 1 0 1 1 1 100 1 0 0 0 0 0 1 0 1 1 1 1 255 111 1 0 1 1 0 1 3 1 0 0 1 1 10 5 1 1 0 0 0 0 0 0 1 1 1 85 132 9 1 1 1 4 1 1 4 234 8 1 1 1 0 0 0 0 0 0 0 0 0 1 1 1 1 1 5 4 1 0 0 0 0 1 1 91 1 1 0 0 0 0 0 0 0 0 0 0 0 0 0 0 1 1 1 1 1 1 1 1 1 1 1 1 8 169 196 3 2 5 6 7 9 10 11 11 11 11 11 10 10 9 8 7 6 5 4 3 2 1 2 11 13 4 19 2 1 1 1 1 1 1 1 0 0 0 0 0 0 0 0 0 1 1 1 0 0 1 3 4 1 0 0 0 0 0 0 0 0 0 0 0 0 0 0 0 1 209 249 1 0 0 0 0 0 0 0 1 0 0 0 0 1 3 0 0 0 0 0 0 0 0 2 1 0 1 1 0 1 1 0 0 0 0 3 2 0 0 1 1 1 127 227 2 1 0 0 0 0 1 228 1 1 1 1 1 7 2 2 2 2 2
1 1 8 2 1 1 1 0 0 0 0 0 0 1 0 1 9 1 1 1 1 1 1 0 0 0 1 0 0 0 0 1 19 1 1 1 1 1 1 0 1 0 0 0 0 0 0 0 0 0 0 1 6 104 134 99 14 1 0 1 45 2 1 1 0 0 1 1 160 22 1 1 0 0 0 1 6 36 5 1 0 0 0 1 10 1 0 0 0 0 0 3 1 0 0 1 1 1 1 0 0 0 0 1 1 7 11 1 1 1 1 0 1 1 1 0 0 1 1 1 0 0 0 1 1 0 0 1 173 177 16 1 99 113 1 1 1 1 1 1 1 1 1 1 0 0 0 0 1 0 0 0 0 0 1 2 1 0 0 1 5 98 104 1 0 1 0 0 0 0 0 0 0 0 0 0 0 0 0 1 1 0 1 1 1 1 175 196 1 0 9 1 0 0 0 0 0 0 0 1 1 3 8 93 128 129 118 42 24 0 0 0 0 0 0 0 0 0 1 1 0 0 0 0 0 0 1 193 1 0 1 1 0 1 1 3 1 1 0 0 0 0 1 1 1 1 2 20 1 1 2 4 7 8 26 5 5 2 2 2 2 2 2 2 2 1 1 103 1 1 1 1 1 1 1 1 0 1 1 1 255 82 1 1 1 1 1 1 3 1 0 0 1 1 21 1 1 0 0 0 0 0 0 0 0 1 1 1 8 131 78 1 1 1 4 1 212 154 1 1 1 1 0 0 0 0 0 0 0 0 0 0 0 1 1 1 1 5 1 0 0 0 0 0 1 88 1 1 1 1 1 1 1 1 1 1 2 2 4 9 24 54 85 112 122 128 130 132 132 132 132 132 132 126 121 137 226 63 5 3 2 2 1 1 1 1 1 1 1 1 1 1 1 1 1 1 1 1 1 5 17 3 1 1 1 19 3 1 1 1 0 0 0 0 0 0 0 0 0 0 0 0 0 1 1 1 1 1 1 6 1 0 0 0 0 0 0 0 0 0 0 0 0 0 0 0 1 251 169 1 0 0 0 0 0 0 0 1 0 0 0 0 1 3 0 0 0 0 0 0 0 0 2 1 0 1 1 0 1 1 0 0 0 0 7 1 0 1 1 1 109 227 2 1 0 0 0 0 0 2 228 1 1 1 1 1 7 1 1 1 1 1
1 1 1 14 1 1 1 1 0 0 0 0 1 1 1 4 2 1 1 1 1 1 1 0 0 0 1 0 1 1 0 0 19 0 0 0 0 0 1 1 0 0 0 0 0 0 0 0 0 1 22 112 137 93 19 6 1 0 0 1 1 52 1 0 0 0 1 1 134 45 17 1 0 0 1 1 1 25 1 0 0 0 0 0 3 3 0 0 0 0 1 1 3 0 0 0 1 1 1 1 1 1 1 1 1 5 12 1 1 0 1 0 0 1 1 1 1 1 1 1 0 0 0 1 1 1 0 1 83 170 177 82 121 20 1 1 1 1 1 1 1 1 1 0 0 0 1 0 0 0 0 0 0 0 0 1 1 1 1 2 1 1 16 127 73 1 0 0 0 0 0 0 0 0 0 0 0 0 0 0 1 1 1 1 1 153 208 1 0 1 9 1 0 0 0 0 1 1 2 85 117 118 112 32 1 0 0 1 23 0 0 0 0 0 0 0 0 1 1 0 0 0 0 0 0 1 1 193 2 1 0 0 0 1 1 1 4 1 0 0 0 0 0 0 0 2 1 1 16 1 0 1 1 1 2 13 1 1 1 1 1 1 1 1 1 1 2 85 26 28 28 28 29 29 28 28 28 27 25 15 255 52 1 1 1 0 0 1 2 1 1 1 1 25 1 1 1 1 1 1 1 1 1 1 1 1 1 1 1 1 90 129 5 1 4 122 221 1 1 1 1 0 0 0 0 0 1 1 1 1 1 1 1 1 1 1 1 10 2 2 3 5 13 35 67 129 137 117 125 129 130 131 131 130 130 130 128 127 122 114 101 74 43 12 4 2 1 1 1 1 1 1 1 1 1 2 200 145 69 1 0 0 0 1 0 0 0 0 0 0 0 0 0 0 0 0 1 2 17 5 1 1 0 1 1 1 15 5 1 1 0 0 0 0 0 0 0 0 0 0 0 0 0 0 1 1 1 1 1 5 1 0 0 0 0 0 0 0 0 0 0 0 0 0 0 0 1 253 3 1 0 0 0 0 0 0 1 1 0 0 0 0 1 3 0 0 0 0 0 0 0 1 2 0 0 0 1 0 1 0 0 0 0 1 5 1 1 1 1 89 227 4 1 0 0 0 1 1 0 4 227 0 0 0 0 1 4 0 0 0 0 0
1 0 1 19 1 1 1 1 1 0 0 0 1 0 2 6 1 1 1 1 1 1 0 0 0 0 1 0 1 0 0 0 19 1 0 0 0 0 0 1 1 0 0 0 0 0 0 0 3 115 134 83 15 1 1 1 5 1 1 1 1 56 1 0 0 0 0 1 2 154 13 2 0 1 2 1 1 3 11 0 0 0 0 0 1 11 1 0 0 1 1 1 2 1 0 0 1 1 1 1 1 1 1 1 1 1 22 1 1 0 1 0 1 1 1 1 1 1 1 1 1 1 1 1 1 0 1 5 50 3 174 203 132 1 1 1 0 0 1 1 1 1 1 1 0 0 1 1 1 0 0 0 0 0 0 0 1 1 3 1 1 0 1 1 69 131 27 1 0 0 0 0 1 1 0 0 0 0 0 1 1 1 1 1 129 218 1 1 1 1 8 1 1 1 12 104 116 117 110 27 1 1 0 0 0 0 0 0 20 1 0 0 0 0 0 0 0 1 0 1 1 1 3 6 8 9 8 198 2 1 1 1 1 1 1 1 1 2 1 1 0 0 0 1 1 2 0 1 3 10 1 0 0 1 1 19 1 2 1 0 0 0 0 0 0 0 3 45 1 1 1 1 1 1 1 1 1 1 1 5 255 61 1 1 1 1 1 2 1 0 1 1 6 8 1 1 1 0 0 0 0 1 1 1 1 0 0 1 1 1 1 12 133 75 18 233 12 1 1 1 1 1 2 3 5 11 25 55 82 102 112 117 121 123 123 123 127 150 135 134 131 128 120 104 80 67 102 6 2 1 1 1 1 1 1 1 1 1 1 1 1 1 1 1 1 1 0 0 0 0 0 0 0 0 1 1 199 2 128 110 1 0 0 1 0 0 0 0 0 0 0 0 0 0 1 1 13 14 1 1 1 0 0 0 1 1 1 9 12 1 1 0 0 0 0 0 0 0 0 0 0 0 0 1 1 1 11 18 4 5 1 0 0 0 0 0 0 0 0 0 0 0 0 0 0 1 1 253 1 1 0 0 0 0 0 0 1 1 1 1 0 0 2 2 0 0 0 0 0 0 0 1 2 0 0 0 1 0 1 0 0 0 0 8 1 1 0 1 70 229 6 1 1 0 0 0 1 0 1 7 226 1 1 1 1 1 4 1 0 0 0 0
1 1 5 8 1 1 1 1 1 1 1 1 1 1 11 1 1 1 1 1 1 1 0 0 0 0 1 0 1 0 0 0 15 1 0 0 0 0 0 0 1 0 1 1 1 0 1 15 142 58 22 17 1 0 0 1 6 1 0 0 0 5 35 1 0 0 0 1 1 154 3 22 1 1 1 0 0 0 21 1 0 0 0 0 0 1 7 1 1 1 0 0 1 3 1 1 1 1 0 0 0 0 1 1 1 1 22 1 1 0 0 1 1 0 0 1 1 1 0 1 1 1 1 1 1 0 1 26 23 1 3 205 194 1 0 0 0 0 0 0 1 1 1 1 1 0 0 0 1 1 0 0 0 0 0 1 1 1 2 0 0 0 0 0 0 1 105 125 4 1 1 1 1 1 1 0 0 0 1 1 1 1 1 98 224 3 0 1 1 1 13 97 115 115 95 5 1 1 0 0 0 0 0 0 0 0 0 0 11 1 0 0 1 1 2 3 3 2 2 2 2 1 2 1 0 0 1 196 3 0 1 1 1 1 1 1 1 3 1 1 1 1 1 2 2 1 0 0 1 5 10 1 0 1 14 2 1 1 2 1 0 0 0 0 0 0 16 21 1 0 0 0 0 1 1 1 1 0 0 1 255 61 2 2 1 1 1 1 1 1 1 1 25 1 1 1 1 1 1 1 1 1 2 2 3 5 9 15 26 47 73 92 107 164 237 204 120 120 121 122 121 121 120 116 110 105 90 64 35 14 5 3 2 1 1 1 13 8 1 1 1 1 1 1 1 8 47 1 0 0 0 1 1 1 0 0 0 0 0 0 0 1 1 1 1 0 0 0 0 0 0 0 0 1 1 1 194 19 1 101 133 2 1 1 1 0 0 0 0 0 0 0 0 1 6 17 2 1 1 1 1 0 0 0 0 1 1 1 4 20 2 0 0 0 0 0 0 0 0 0 0 0 1 1 2 10 1 1 17 1 1 0 0 0 0 0 0 0 0 0 0 0 0 0 0 1 2 253 1 0 0 0 0 0 0 0 1 1 1 1 1 1 2 2 0 0 0 0 0 0 0 1 2 0 0 1 1 1 1 0 0 0 1 9 1 1 1 44 231 9 1 1 1 0 0 1 1 1 1 14 225 1 1 1 1 0 4 1 0 0 0 0
1 1 2 3 4 1 4 6 1 1 1 1 1 1 13 1 1 1 1 1 1 1 0 0 0 0 1 0 1 0 0 0 4 6 0 0 0 0 0 0 0 0 1 0 1 1 31 137 2 1 1 50 1 1 1 0 1 2 0 0 0 1 56 1 1 1 0 2 1 39 130 7 7 1 0 0 0 0 1 21 0 0 0 0 0 1 9 1 1 0 0 0 0 1 2 1 1 1 0 0 0 1 1 1 2 2 7 3 1 1 0 1 1 1 1 1 0 0 1 1 1 0 1 1 1 1 13 38 1 1 1 107 227 32 1 1 1 0 0 0 0 0 1 1 1 1 1 0 0 1 1 1 0 0 0 1 1 2 1 0 0 0 0 0 0 0 1 3 124 126 24 1 1 1 1 0 1 1 1 1 0 1 60 225 11 1 4 76 98 98 108 46 1 1 0 0 0 0 0 0 0 0 0 0 0 1 1 2 13 17 3 3 3 2 1 1 1 0 0 1 0 1 1 1 0 0 1 195 3 0 1 1 1 1 1 1 1 1 4 1 0 0 2 1 1 1 1 1 1 1 7 4 1 1 21 1 1 1 1 1 1 1 1 0 0 0 50 3 1 1 1 1 1 1 1 1 1 1 1 1 255 51 1 1 2 4 5 3 5 10 23 80 68 81 106 110 111 113 116 117 118 116 116 114 112 109 105 99 89 72 47 25 13 130 229 144 115 2 1 1 1 1 1 1 1 1 1 1 1 1 1 1 1 1 1 1 30 1 1 1 0 0 1 1 7 1 44 1 1 1 1 1 0 0 0 0 0 0 0 1 1 1 1 1 1 1 0 0 0 0 0 0 0 1 1 1 114 167 1 1 61 149 3 1 1 0 0 0 0 0 0 1 2 19 9 1 0 1 1 0 0 0 0 0 0 0 1 1 1 2 18 1 1 0 0 0 0 1 3 8 1 1 1 2 11 1 1 1 1 11 1 1 0 0 0 0 0 0 0 0 0 0 0 0 0 1 13 253 1 0 0 0 0 0 0 1 1 0 0 0 1 1 3 2 1 1 1 0 0 0 0 1 2 0 0 1 1 1 0 0 0 0 5 2 0 1 19 231 50 1 1 0 1 1 1 1 1 0 0 29 221 1 0 0 0 0 4 1 0 0 0 0
1 5 1 1 3 5 2 1 6 8 4 1 1 12 2 2 1 1 1 1 1 1 0 0 0 0 1 1 1 1 0 0 1 15 0 0 0 0 0 0 0 0 1 1 1 72 130 1 1 1 0 32 4 1 0 0 0 3 1 0 0 1 20 14 1 1 1 3 1 1 154 1 20 1 0 0 0 0 0 10 3 0 0 0 1 1 1 7 1 0 0 0 1 1 3 1 1 1 0 1 1 1 2 2 1 1 7 1 2 1 1 1 1 1 1 0 0 0 1 1 1 1 1 1 1 14 31 2 1 1 1 1 216 188 2 1 1 0 0 0 0 0 0 1 1 1 1 1 0 0 0 1 1 1 0 1 2 1 0 0 0 0 0 0 0 0 0 1 14 137 174 170 83 3 1 1 1 1 1 1 1 17 230 122 97 98 84 8 1 1 1 32 0 0 0 0 0 0 1 1 2 9 13 13 13 13 12 5 1 2 1 0 0 0 0 0 0 0 0 0 0 0 0 0 0 0 0 196 4 1 0 1 1 0 1 1 1 1 1 3 1 2 1 1 0 0 0 0 0 0 1 15 1 14 2 1 1 1 1 2 1 1 1 1 1 1 63 2 1 1 1 3 5 16 51 82 105 121 129 136 255 151 127 127 128 129 132 129 119 114 107 100 60 31 6 4 4 3 2 1 1 1 1 1 1 1 1 1 1 1 1 1 4 231 56 3 63 149 29 1 1 1 1 1 1 1 1 1 1 1 1 1 1 1 1 7 12 1 1 1 1 1 1 2 4 1 22 6 1 1 1 1 1 1 1 1 1 1 1 1 0 0 0 1 1 1 1 1 1 1 1 1 1 1 1 1 3 199 1 1 1 20 160 9 1 0 0 0 0 0 1 13 11 1 5 3 1 1 0 0 0 0 0 0 0 0 0 1 0 1 18 4 1 1 1 0 1 3 27 10 12 3 3 10 1 1 0 0 0 2 8 1 0 0 0 0 0 0 0 0 0 0 0 0 0 1 206 250 1 0 0 0 0 0 0 1 1 0 0 0 0 0 3 1 2 2 1 1 1 0 0 1 2 0 1 3 3 3 2 1 0 1 11 1 1 5 230 33 5 2 0 0 0 0 1 0 0 0 0 65 219 1 0 1 0 0 4 1 0 0 0 0
1 5 1 1 1 1 1 1 1 1 2 9 10 2 1 1 1 2 1 1 1 1 0 0 0 0 1 1 1 1 1 1 0 19 0 0 0 0 0 0 0 0 1 1 129 107 1 0 0 1 1 1 46 1 0 0 0 1 1 0 0 0 1 57 1 1 1 2 2 1 111 69 2 12 1 0 0 0 0 1 25 1 1 1 1 1 0 2 2 1 1 1 1 0 1 3 1 1 1 1 2 2 1 1 1 3 2 1 2 1 1 1 1 0 0 0 0 1 1 0 0 0 1 1 9 28 2 1 1 1 1 1 166 188 174 1 1 0 0 0 0 0 0 0 0 1 1 1 1 0 0 0 0 1 1 2 1 0 0 0 0 0 0 0 0 0 0 1 124 1 1 34 155 182 180 149 61 3 1 1 9 228 190 4 1 1 1 0 0 0 1 41 1 2 8 11 12 12 13 11 5 1 1 1 0 0 0 0 0 2 1 0 0 0 0 0 0 0 0 0 0 0 0 0 0 0 0 194 7 1 1 1 1 1 1 1 1 1 1 2 4 1 1 1 1 1 1 1 1 1 1 1 26 37 9 33 62 96 120 138 147 151 153 154 154 156 157 130 129 129 128 126 122 120 97 69 36 12 3 3 255 17 1 1 1 1 1 3 2 1 4 1 1 1 1 1 1 1 1 1 1 1 1 1 1 1 1 1 1 1 1 1 201 162 3 20 1 3 133 121 2 1 1 0 0 0 0 0 0 0 0 0 1 1 1 31 1 1 0 0 0 1 1 9 1 1 1 42 1 0 0 0 0 0 0 0 0 0 0 0 0 0 0 0 0 0 1 1 1 0 0 0 1 0 1 1 1 201 1 1 0 1 4 160 41 1 0 0 1 7 19 2 1 1 1 2 4 1 0 0 0 0 0 0 0 0 0 1 1 1 1 12 22 6 1 1 1 27 1 5 1 8 9 1 1 0 0 0 0 1 3 5 1 0 0 0 0 0 0 0 0 0 0 0 0 1 250 197 1 0 0 0 0 0 0 1 1 0 0 0 0 0 4 1 1 1 1 2 2 1 1 1 2 0 1 2 0 1 1 3 3 3 8 3 3 227 75 1 1 8 1 0 0 0 1 0 0 0 1 97 216 1 0 1 0 0 3 1 0 0 0 0
1 6 1 1 0 0 1 1 1 0 1 1 1 1 1 2 1 1 2 1 1 1 0 0 0 0 1 1 0 1 0 1 1 19 1 0 0 0 0 1 1 1 72 150 33 1 0 0 1 1 1 1 47 1 0 0 0 1 2 0 1 1 6 18 3 1 2 2 1 1 1 153 1 16 1 0 0 0 0 0 3 13 1 1 0 0 0 0 7 1 1 1 1 0 0 1 1 1 1 2 1 1 0 1 3 4 1 0 1 3 1 1 0 0 0 0 0 1 0 0 0 0 1 1 36 9 1 0 1 1 1 84 124 114 115 163 1 1 1 0 0 0 0 0 0 0 1 1 1 1 0 0 0 1 1 1 0 1 0 0 0 0 0 0 0 0 1 113 8 1 1 0 1 1 8 95 166 189 207 236 247 218 203 24 1 1 1 4 19 26 26 64 11 6 1 1 1 0 0 0 0 0 0 0 0 0 0 0 0 2 1 0 0 0 0 0 0 0 0 0 0 0 0 0 0 0 0 185 49 2 2 2 2 2 2 3 5 11 19 34 75 75 88 96 99 100 102 103 104 104 101 101 160 181 146 136 123 100 70 37 28 12 2 2 1 1 1 1 1 1 1 1 1 1 1 1 1 1 1 1 255 8 1 1 1 1 1 1 2 7 2 1 1 1 0 0 0 0 0 0 1 1 1 2 1 1 1 1 1 1 1 88 224 1 6 12 1 1 1 55 149 43 1 1 1 0 0 0 0 0 0 1 1 1 1 33 1 1 0 1 1 1 3 3 1 1 1 48 1 0 0 0 0 0 0 0 0 0 0 0 0 0 0 0 0 0 0 1 1 1 0 0 1 1 1 1 1 201 1 1 0 0 1 1 142 89 1 3 20 5 1 1 1 1 0 1 2 7 2 1 0 0 0 0 0 0 0 0 0 1 1 1 1 8 10 1 18 3 1 1 5 1 1 1 0 0 0 0 0 0 1 6 3 0 0 0 0 0 0 0 0 0 0 0 0 1 253 8 1 0 0 0 0 0 0 1 1 0 0 0 0 0 4 1 0 0 0 1 1 2 2 2 2 1 3 1 0 0 1 0 1 1 3 22 226 101 1 1 1 4 3 0 0 0 1 0 0 0 1 127 214 1 1 1 0 1 2 2 0 0 0 0
1 5 1 1 1 0 1 1 1 0 1 1 1 4 2 3 2 1 1 4 1 1 0 0 0 0 0 1 0 1 0 0 0 19 1 0 1 1 1 1 55 150 107 1 1 1 1 1 1 1 1 0 8 21 0 0 0 0 1 1 0 1 4 1 37 3 1 1 0 0 1 142 9 1 20 1 0 0 1 1 1 26 1 1 1 0 0 1 1 4 1 0 1 1 1 1 8 3 1 1 1 1 2 2 1 2 1 0 1 1 3 1 0 0 0 0 1 1 0 0 0 1 1 2 53 1 1 1 1 1 75 9 99 119 1 140 146 1 1 0 0 0 0 0 0 0 0 0 1 1 1 0 0 1 1 1 1 1 0 0 0 1 1 1 1 1 92 40 1 1 0 1 1 1 1 2 185 218 200 130 170 1 36 170 181 172 68 11 1 1 1 18 0 0 0 0 0 0 0 0 0 0 0 0 0 0 0 0 0 1 2 0 0 0 0 0 0 1 1 1 1 2 8 21 27 29 32 154 167 95 96 97 100 97 97 96 94 87 76 64 48 50 6 3 2 1 1 1 1 1 1 4 143 115 6 1 1 1 1 1 1 4 1 1 1 1 0 0 0 0 1 1 2 0 0 1 0 0 0 1 255 4 1 1 0 0 0 0 1 4 18 6 1 1 1 0 0 0 0 1 1 1 1 1 1 1 1 1 1 1 3 229 29 1 23 2 0 0 1 1 2 127 128 3 1 1 0 0 0 0 0 1 1 1 9 9 1 1 0 1 1 1 10 1 0 0 1 44 1 0 0 0 0 0 0 0 0 0 0 0 0 0 0 0 0 0 0 0 1 1 1 0 0 1 1 1 1 191 26 1 1 0 0 1 1 119 145 10 1 1 1 1 0 0 0 0 0 1 3 5 1 0 0 0 0 0 0 0 0 0 0 0 1 1 5 25 11 1 1 1 3 3 1 0 0 0 0 0 0 0 0 1 11 2 0 0 0 0 0 0 0 0 0 0 0 1 253 1 1 0 0 0 0 0 0 0 1 1 0 0 0 0 4 1 0 0 0 0 0 1 1 1 2 5 1 0 0 1 1 1 1 1 1 226 126 1 1 0 1 1 8 1 0 1 1 0 0 0 0 148 206 1 1 0 0 1 1 3 1 1 0 0
1 4 1 1 1 1 1 1 1 1 1 1 3 1 0 0 1 1 1 5 1 0 0 0 0 0 0 1 0 1 1 0 1 17 1 1 1 17 132 153 119 2 1 1 1 1 1 0 0 1 1 0 1 47 1 0 0 0 1 1 0 1 1 5 28 2 0 1 0 0 1 14 140 1 6 5 0 1 1 1 1 1 24 1 1 0 0 1 1 6 1 1 1 1 1 2 1 3 1 1 1 2 1 1 1 1 1 0 0 1 1 2 1 0 0 0 1 1 0 0 0 1 1 7 42 1 1 1 1 1 89 1 97 122 1 1 163 125 1 1 0 0 0 0 0 0 0 0 0 1 1 1 1 2 1 1 0 0 1 1 49 3 1 1 1 88 57 1 1 0 0 0 0 1 101 210 111 1 72 75 91 36 1 1 1 19 156 171 168 79 1 19 1 0 0 0 0 0 0 0 0 1 1 1 2 4 11 20 27 30 43 29 29 30 30 30 30 30 30 29 26 20 8 2 1 1 1 147 105 1 1 1 1 1 1 1 1 1 1 1 1 4 4 1 1 1 1 1 1 1 1 131 21 2 115 1 1 0 0 0 0 1 5 1 1 0 0 0 0 0 1 2 1 0 0 1 0 0 0 1 255 3 1 1 0 0 0 0 0 0 1 5 19 18 4 1 1 0 1 1 1 1 1 1 1 1 1 1 2 1 197 169 1 1 6 12 1 0 0 0 0 1 40 150 55 1 1 0 0 0 0 1 1 1 34 1 1 0 0 1 1 6 1 1 0 0 1 22 5 1 0 0 0 0 0 0 0 0 0 0 0 0 0 0 0 0 0 0 0 1 1 1 0 0 1 1 1 95 172 1 1 0 0 1 5 10 85 144 1 1 1 1 0 0 0 0 0 0 1 2 7 1 1 0 0 0 0 0 0 0 0 0 0 1 1 11 1 1 0 1 1 6 1 0 0 0 0 0 0 0 0 0 1 14 1 0 0 0 0 0 0 0 0 0 0 1 253 1 1 0 0 0 0 0 0 0 1 1 0 0 0 1 4 1 1 1 0 0 0 1 1 1 1 4 1 0 0 1 1 1 1 1 213 199 10 1 1 0 0 2 2 5 0 1 1 0 0 0 1 135 211 1 1 0 0 0 1 4 0 1 0 0
1 1 6 1 1 1 1 1 1 1 1 1 3 0 0 0 1 4 2 6 1 0 0 0 0 0 0 1 1 0 1 1 1 117 121 153 156 140 32 1 1 1 1 1 1 1 1 0 0 0 1 1 0 26 5 0 0 0 0 1 1 5 6 1 1 25 1 1 1 1 1 1 147 1 1 20 1 1 1 0 0 0 8 6 0 0 1 1 1 1 7 1 1 2 1 1 0 4 1 3 1 1 1 1 2 1 1 1 0 0 1 3 1 1 0 0 0 1 1 0 0 1 1 11 33 1 0 1 1 10 77 1 97 122 0 1 1 175 100 1 1 0 0 0 0 0 0 0 0 2 122 129 129 124 69 1 1 1 35 123 83 121 128 129 129 47 1 0 1 1 1 1 1 180 187 3 1 64 25 79 29 8 46 1 1 1 1 1 2 133 171 179 124 45 42 42 42 43 41 41 38 33 30 26 20 12 4 2 1 1 2 1 0 0 0 0 0 0 0 0 0 0 0 0 0 0 0 114 122 1 1 1 1 1 0 0 1 1 0 0 1 1 10 1 0 1 1 0 1 1 3 143 1 1 51 69 1 0 0 0 0 0 2 3 1 1 0 0 0 0 1 1 0 0 0 1 0 0 0 2 255 2 1 1 0 0 0 0 0 0 0 1 1 1 9 25 13 5 2 1 1 1 1 1 1 1 1 1 1 85 225 2 1 1 1 34 1 0 0 0 0 0 1 2 122 135 4 1 1 1 1 1 1 1 32 1 0 0 1 1 1 7 1 1 0 0 1 2 38 1 0 0 0 0 0 0 0 0 0 0 0 0 0 0 0 0 0 0 0 0 0 1 1 0 0 1 1 2 200 1 1 1 2 11 2 1 1 34 159 3 1 0 0 0 0 0 0 0 0 0 1 6 3 1 0 0 0 0 0 0 0 0 0 1 9 1 1 0 0 0 1 1 5 1 0 0 0 0 0 0 0 1 1 1 14 1 0 0 0 0 0 0 0 0 1 1 253 1 0 0 0 0 0 0 0 0 0 1 1 0 0 1 4 0 1 1 1 1 1 0 1 1 1 2 2 0 0 1 1 1 1 210 188 1 2 6 1 1 0 1 2 8 1 0 0 0 0 0 1 13 224 1 1 0 0 0 1 4 0 1 1 1
1 1 6 1 1 1 1 1 1 1 1 1 3 0 0 0 1 2 1 6 1 0 0 0 0 0 0 1 1 1 137 181 182 149 119 1 1 1 1 1 1 1 1 1 1 0 1 1 0 0 1 1 0 1 46 1 0 0 1 4 12 1 1 1 1 23 1 1 1 1 0 1 76 92 1 2 15 1 0 0 0 0 1 30 1 0 0 0 0 1 4 5 1 1 1 1 1 2 10 1 1 1 1 1 1 1 0 1 1 0 1 1 3 1 0 0 1 1 1 0 0 1 1 24 18 1 1 1 1 77 4 1 96 123 0 1 0 2 189 58 1 1 0 0 0 0 0 1 1 122 3 1 1 1 58 123 124 125 91 1 1 1 1 1 1 1 1 1 1 1 1 67 212 113 1 1 43 48 1 125 33 56 85 122 94 88 88 87 47 1 1 2 121 163 163 122 1 1 1 0 0 0 0 0 0 0 0 0 1 0 2 1 0 0 0 0 0 0 0 0 0 0 0 0 0 0 0 55 150 1 1 1 1 1 1 0 1 0 0 0 0 1 1 13 1 0 0 0 1 1 130 24 1 0 1 113 4 1 0 0 0 0 1 5 1 1 0 0 0 1 2 0 0 0 0 1 0 1 1 5 255 4 1 1 1 1 1 0 0 0 0 0 0 0 1 6 1 4 8 8 5 1 1 1 1 1 1 1 3 228 41 1 1 1 1 38 1 0 0 0 1 1 1 1 1 28 151 73 1 1 1 1 1 21 4 0 0 0 1 1 8 1 1 0 0 0 1 1 46 1 0 0 0 0 0 0 0 0 0 0 0 0 0 0 0 0 0 0 0 0 0 0 1 1 1 0 1 1 201 1 1 9 5 1 1 1 0 1 7 161 14 1 0 0 0 0 0 0 0 0 0 1 3 5 1 0 0 0 0 0 0 0 1 6 2 1 0 0 0 0 0 1 4 1 0 0 0 0 0 0 1 1 1 0 2 10 1 0 0 0 0 0 0 0 1 111 253 1 0 0 0 0 0 0 0 0 0 1 1 1 1 1 5 0 0 0 0 1 1 1 1 1 1 1 4 1 1 1 1 4 222 187 1 1 0 5 2 1 1 3 1 1 7 0 0 0 0 1 1 1 225 7 1 0 0 0 1 4 0 0 1 1
1 1 5 1 1 1 1 1 0 0 0 1 1 2 1 1 3 1 1 6 1 0 0 0 0 0 1 32 179 185 97 3 69 29 113 1 1 1 0 0 1 0 0 1 1 0 1 1 0 0 0 1 0 1 46 1 1 1 15 6 1 1 1 0 1 1 19 1 0 0 0 1 1 143 1 1 20 1 0 0 0 0 0 4 14 0 0 0 1 1 2 8 1 0 1 1 2 1 2 2 1 1 0 2 1 1 0 0 1 0 0 1 1 2 1 1 1 1 1 0 0 1 1 54 2 1 1 1 1 76 1 1 76 135 0 0 0 1 8 193 20 1 1 0 1 0 1 1 119 4 1 1 1 1 1 1 1 1 1 0 1 1 1 0 1 1 1 1 0 1 177 197 3 1 2 21 71 1 1 140 1 1 2 1 29 4 1 1 20 88 89 89 33 1 1 84 163 164 114 1 1 1 0 0 0 0 0 0 0 0 1 1 0 0 0 0 0 0 0 0 0 0 0 0 0 0 0 12 166 1 1 1 1 0 1 1 1 1 0 0 0 0 1 2 7 1 0 0 1 4 143 1 1 1 1 2 116 1 0 0 0 0 0 1 5 1 1 0 1 2 1 0 1 1 1 1 2 12 15 19 255 10 12 12 6 1 1 1 1 1 1 0 0 1 1 5 1 1 1 1 1 7 8 3 1 1 1 2 192 178 1 1 1 1 1 35 1 0 0 1 1 0 1 1 1 1 2 120 153 45 35 35 34 16 1 0 0 1 1 2 6 1 1 0 0 0 1 1 46 1 0 0 0 0 0 0 0 0 0 0 0 0 1 0 0 0 0 0 0 0 0 0 0 1 1 1 1 1 201 8 9 1 1 0 0 0 0 0 1 1 154 58 1 0 0 0 0 0 0 0 0 0 0 1 7 1 1 0 0 0 1 2 13 5 1 0 0 0 0 0 0 0 1 7 1 0 0 0 0 0 1 1 0 0 0 4 5 1 0 0 0 0 0 1 1 243 230 1 0 0 0 0 0 0 0 0 0 1 2 4 4 3 1 0 0 0 0 0 0 0 0 0 0 1 2 2 1 1 155 235 139 1 1 0 0 1 7 1 1 4 0 0 6 1 0 0 1 1 1 0 144 205 3 1 1 0 0 4 0 1 1 1
1 1 5 1 1 1 1 1 1 1 1 1 1 1 3 2 1 1 1 6 1 0 1 1 1 117 185 168 9 1 1 0 20 58 128 1 1 1 1 1 1 1 1 1 1 0 0 1 0 0 0 1 1 1 5 29 7 15 1 1 1 1 0 0 1 1 23 1 0 0 1 1 1 115 28 1 1 28 1 1 1 0 0 1 26 1 0 1 1 1 1 2 3 1 3 1 1 1 1 5 1 1 1 2 1 1 1 0 1 1 0 1 1 3 1 0 0 0 1 0 0 1 1 60 1 0 1 1 4 43 1 1 4 165 1 0 0 0 1 30 194 2 1 1 1 1 1 129 43 1 1 0 1 1 1 1 0 0 0 0 1 1 1 1 1 1 1 1 78 212 123 1 1 2 6 88 1 1 83 71 1 0 1 2 1 19 9 1 0 0 1 1 35 89 90 45 1 1 95 164 166 143 6 1 1 0 0 0 0 0 1 2 0 0 0 0 0 1 1 1 1 1 1 1 1 1 1 9 173 1 1 1 1 0 0 0 1 1 1 1 1 1 0 1 7 2 1 1 1 133 20 1 0 0 1 1 58 63 1 0 0 0 0 1 2 2 1 0 1 1 1 1 1 1 11 16 10 1 1 4 255 1 1 1 2 10 13 10 2 1 1 1 1 1 2 3 1 0 0 0 1 1 1 3 9 8 8 84 225 2 1 1 0 0 1 22 3 1 0 1 2 4 15 30 32 31 28 22 46 156 83 1 1 1 1 0 1 1 1 9 1 1 1 0 0 0 0 1 42 1 0 0 0 0 0 0 0 0 0 0 0 0 1 1 0 0 0 0 0 0 0 0 0 0 1 1 1 6 200 44 1 1 1 0 0 0 0 0 0 1 1 135 99 1 1 0 0 0 0 0 0 0 0 0 1 5 2 1 2 12 14 9 1 1 1 0 0 0 0 0 0 0 1 3 3 1 0 0 0 1 1 0 0 0 0 1 8 3 0 0 0 0 1 1 1 253 51 1 0 0 0 0 0 0 0 0 0 3 2 1 1 1 1 0 0 0 0 0 0 0 0 0 0 1 1 4 7 223 218 4 1 1 0 0 0 0 3 3 4 2 1 1 1 9 1 1 1 0 0 0 1 173 217 57 1 1 1 4 1 1 1 1
1 1 5 1 1 1 1 1 1 1 1 1 1 1 1 1 1 1 1 5 1 1 17 173 185 121 1 1 1 0 1 0 1 93 120 1 1 1 0 1 1 1 1 1 1 1 1 1 1 0 0 0 1 1 1 60 3 1 1 1 1 1 0 0 0 1 2 13 1 1 1 1 1 5 139 81 156 169 83 1 1 1 1 1 1 28 1 2 1 1 0 0 11 3 1 1 1 1 1 1 1 1 1 1 0 0 1 0 0 1 0 0 1 1 3 1 0 0 1 1 0 1 3 51 1 0 1 1 53 2 0 1 1 172 1 0 0 0 0 1 106 173 1 1 1 1 126 13 1 15 1 1 0 1 1 1 0 0 0 0 1 1 1 1 1 1 1 156 197 9 2 1 2 2 97 1 1 1 132 1 1 0 1 3 0 1 10 18 1 0 0 0 0 0 1 24 89 91 65 1 1 38 157 166 143 6 1 1 1 1 2 6 2 2 2 2 2 2 2 2 2 2 2 2 2 1 1 3 173 1 1 1 1 0 1 0 1 1 1 1 1 1 1 1 1 12 1 1 4 144 1 1 0 0 1 1 1 115 3 1 0 0 0 0 1 5 1 1 1 1 1 9 15 12 1 1 1 1 1 7 255 1 1 1 1 1 1 1 7 12 12 5 1 1 5 1 1 0 0 0 0 0 1 1 1 1 4 231 66 6 3 1 1 1 0 1 34 1 1 27 25 16 4 1 1 1 1 1 1 1 111 144 5 1 1 1 1 1 3 4 1 1 0 0 0 0 0 1 12 11 0 0 0 0 0 0 0 0 0 0 0 0 0 1 1 0 0 0 0 0 0 0 0 0 1 2 23 9 72 177 1 0 1 0 0 0 0 0 0 0 1 1 110 130 1 1 0 0 0 0 0 0 0 0 0 1 3 22 7 1 1 1 1 1 0 0 0 0 0 0 0 0 0 1 8 1 0 0 0 1 1 0 0 0 0 0 1 17 1 0 0 1 1 1 1 253 1 1 0 0 0 0 0 0 0 0 1 5 1 1 1 0 1 0 0 0 0 0 0 0 0 0 0 1 1 150 233 129 1 1 1 0 0 0 0 0 1 17 1 0 0 1 1 4 3 1 0 0 0 0 0 1 89 220 219 55 1 4 1 1 1 1
123 115 91 77 65 52 39 26 18 11 8 6 3 2 2 2 1 1 3 126 178 182 176 21 1 1 1 1 1 1 1 1 1 86 127 1 1 1 0 0 1 1 1 1 0 0 0 0 1 0 0 0 1 1 2 22 1 0 1 0 0 1 1 0 0 0 1 14 1 1 1 0 1 18 141 114 3 1 170 67 89 100 90 78 62 89 68 6 1 1 1 1 1 15 1 1 1 1 0 1 3 1 2 1 0 0 1 1 0 1 1 0 1 1 3 1 1 0 1 1 0 1 12 32 1 1 1 1 61 1 0 1 1 140 72 1 1 1 1 1 1 173 108 1 1 129 8 1 1 1 11 5 1 1 1 1 0 0 0 1 1 0 0 1 1 1 169 160 1 1 1 5 1 96 2 1 1 1 132 1 1 0 0 3 1 0 1 4 29 1 0 0 0 0 0 0 0 1 8 87 92 84 4 1 44 160 168 151 12 1 1 2 1 1 1 1 0 0 0 0 0 0 1 0 0 0 0 1 175 1 1 1 1 1 1 0 1 0 1 1 1 1 1 1 1 1 8 1 131 20 1 0 0 0 0 1 1 3 116 1 0 0 0 0 0 1 5 3 7 15 12 2 1 1 1 1 0 1 1 16 255 1 1 1 0 1 0 0 1 1 1 3 12 13 18 1 1 1 1 1 0 0 1 1 1 1 189 187 1 1 2 5 6 5 2 1 35 4 15 4 1 1 1 1 1 1 1 0 0 0 1 14 152 82 1 1 1 1 9 1 1 1 0 0 0 0 0 1 1 40 1 0 0 0 0 0 0 0 0 0 0 0 0 0 1 0 0 0 0 0 0 0 0 1 16 16 1 1 2 200 1 0 1 0 0 0 0 0 0 0 0 1 1 68 149 2 1 0 0 0 0 0 0 0 0 0 6 2 3 1 1 0 0 0 0 0 0 0 0 0 0 0 0 1 2 5 1 0 1 1 0 0 0 0 0 0 0 2 10 1 1 1 1 1 5 253 1 1 0 0 0 0 0 0 0 0 1 4 0 0 1 1 1 0 0 0 0 0 0 0 0 0 0 1 208 223 3 1 1 1 1 0 0 0 1 0 1 13 1 1 1 1 1 1 10 1 0 0 0 0 0 1 1 1 82 221 138 4 1 1 0 0
151 147 156 160 167 174 178 183 185 187 188 190 193 193 193 193 195 195 191 145 24 2 1 1 0 0 0 0 0 1 0 1 1 5 162 2 1 1 0 1 1 0 0 1 1 1 1 1 1 1 0 1 2 1 0 1 23 1 0 0 0 1 1 0 1 1 1 3 3 0 1 6 84 62 2 1 1 1 75 106 31 21 28 32 51 113 111 74 81 85 85 85 85 101 88 47 15 3 1 1 1 3 1 0 0 0 0 1 1 0 1 1 0 0 1 3 1 1 0 1 1 6 40 2 1 1 1 16 28 0 0 1 1 15 164 1 0 0 0 1 1 1 187 138 135 7 1 1 0 1 1 3 16 1 1 1 0 0 1 1 0 0 1 1 1 174 148 1 1 1 1 1 92 8 1 0 1 56 91 1 1 0 0 1 1 0 0 1 2 34 1 0 0 0 0 0 0 0 0 0 1 2 76 92 88 7 1 23 153 165 161 75 1 1 0 0 0 0 0 0 0 0 1 1 1 1 1 1 175 1 1 1 0 1 1 0 1 1 1 0 0 0 0 1 1 1 6 13 141 1 1 1 1 1 1 1 2 5 93 82 6 6 7 7 7 8 25 14 3 1 1 1 1 1 1 1 1 0 1 30 255 1 1 0 1 1 0 0 0 0 0 0 1 1 4 4 7 7 3 1 1 1 1 1 1 50 228 2 1 1 1 1 1 1 2 4 8 59 76 4 1 1 1 1 1 1 0 0 0 0 1 1 1 111 145 4 1 5 2 1 1 0 0 0 0 0 0 1 3 31 1 0 0 0 0 0 0 0 0 0 0 0 0 0 1 0 0 0 0 0 0 1 6 23 2 1 1 1 1 201 1 1 1 1 0 0 0 0 1 1 0 0 1 1 25 161 7 1 1 0 0 0 0 0 0 1 10 1 1 2 2 1 1 0 0 0 0 0 0 0 0 0 0 1 1 13 1 1 1 0 0 0 0 0 0 0 0 1 4 11 1 0 1 2 252 174 1 1 0 0 0 0 0 0 0 0 1 4 0 0 0 1 1 0 0 0 0 0 0 0 0 0 8 226 187 1 1 0 1 1 1 0 0 1 1 1 2 7 1 1 0 0 1 1 2 5 0 0 0 0 0 0 1 1 1 3 228 4 2 0 0 0
42 1 1 1 1 1 1 1 1 1 1 1 1 1 1 1 1 1 1 45 2 0 0 0 0 0 0 0 0 1 0 0 0 1 145 57 1 1 0 1 1 0 0 0 0 0 0 1 0 1 1 1 1 1 0 1 27 1 0 0 0 0 1 1 1 1 1 1 11 6 85 75 2 1 1 1 0 0 1 108 1 1 2 3 10 52 1 19 1 1 1 1 1 1 22 11 40 62 73 76 77 83 74 64 58 42 20 5 1 1 1 1 1 1 1 1 4 37 15 11 31 39 5 1 0 1 1 65 1 1 1 1 1 1 155 41 1 0 0 0 0 1 30 177 123 1 1 1 1 0 1 1 1 13 2 1 1 0 1 1 0 1 1 1 170 145 1 1 1 0 1 72 28 1 1 1 3 129 1 1 0 0 0 1 2 0 0 0 0 1 31 3 0 0 0 0 0 0 0 0 0 0 0 1 1 69 92 92 39 1 3 133 171 167 95 1 1 1 1 1 1 1 1 1 0 0 0 1 176 1 1 1 1 0 1 1 0 0 0 0 0 0 0 0 0 1 1 163 101 27 26 27 26 24 22 18 14 9 5 133 4 1 1 1 1 1 3 1 1 1 1 0 0 1 0 1 0 0 1 53 255 1 1 0 1 1 0 0 0 0 0 0 1 1 1 1 1 1 3 7 8 5 1 1 2 227 61 1 1 0 0 0 1 1 1 1 1 24 20 6 13 5 10 16 16 17 13 1 0 0 0 1 1 1 16 153 84 8 1 1 0 0 0 0 0 0 0 1 12 12 1 0 0 0 0 0 0 0 0 0 0 0 0 0 1 1 0 0 0 1 3 23 7 1 1 1 1 1 1 200 1 1 0 1 0 0 0 0 0 1 1 1 0 1 1 5 161 33 1 1 0 0 0 0 1 6 2 1 0 1 1 2 2 1 0 0 0 0 0 0 0 0 1 1 6 4 0 0 0 0 0 0 0 0 0 0 0 0 1 2 9 1 98 253 187 1 1 1 0 0 0 0 0 0 0 0 1 4 0 0 0 1 1 0 0 0 0 0 0 0 1 21 230 105 1 1 0 0 1 1 1 1 1 1 0 1 10 1 1 0 0 0 0 1 1 9 1 0 0 0 0 0 0 1 0 1 225 35 4 0 0 0
97 9 1 1 1 1 1 1 1 1 1 1 0 0 0 0 1 1 1 51 1 0 0 0 0 0 0 0 0 1 0 0 0 1 110 112 1 1 1 1 1 0 0 0 0 0 0 1 1 1 1 1 1 1 1 1 5 8 0 0 0 1 1 1 1 1 1 12 111 75 3 1 1 1 1 1 1 0 1 110 1 1 1 5 80 1 1 1 16 1 0 0 0 1 2 6 1 1 1 1 1 1 2 1 1 5 17 34 50 56 57 57 57 56 51 44 60 43 66 37 11 1 1 0 0 1 2 61 1 1 0 0 1 1 39 155 1 0 0 0 1 19 1 1 172 78 1 0 1 1 0 1 1 1 39 2 1 1 1 1 1 1 1 139 170 1 0 0 0 1 45 57 2 1 1 2 117 28 1 1 0 0 0 1 3 1 0 0 0 0 1 24 9 1 0 0 0 0 0 0 0 0 0 0 0 0 0 1 33 92 93 37 1 1 120 169 167 97 1 1 1 0 0 0 0 0 0 1 177 1 0 1 1 1 0 0 0 0 0 0 0 0 0 0 1 1 100 188 112 69 21 1 1 1 1 0 0 1 1 5 126 1 0 0 1 4 1 0 0 0 0 0 0 1 0 1 0 0 1 81 255 1 1 0 1 0 0 0 0 0 0 0 1 2 1 1 1 1 1 1 1 1 5 9 185 195 1 1 1 1 1 0 0 0 1 1 1 62 1 1 1 4 2 1 1 1 2 14 1 1 1 1 1 2 10 22 137 149 5 1 1 0 0 0 0 0 0 1 1 47 1 1 0 0 0 0 0 0 0 0 0 0 0 0 0 0 0 1 1 17 13 1 1 1 1 0 0 1 1 186 46 1 0 1 0 0 0 0 0 0 0 1 1 1 1 1 1 147 77 1 1 0 0 1 3 7 1 0 0 0 0 1 1 2 1 1 0 0 0 0 0 0 1 8 3 1 0 0 0 0 0 0 0 0 0 0 0 0 1 0 5 66 253 31 1 1 1 0 0 0 0 0 0 0 0 1 1 4 0 0 0 0 0 0 0 0 0 0 0 1 5 230 65 1 1 0 0 0 1 3 10 2 0 0 1 6 3 1 0 0 1 1 0 1 1 1 7 1 0 1 1 1 1 1 1 1 229 10 1 1 0 0
7 81 96 60 3 1 1 1 1 1 1 1 0 0 0 0 1 0 1 50 1 0 0 0 0 0 0 0 0 1 1 0 0 1 100 120 1 1 1 1 0 0 0 0 0 0 0 1 1 0 1 1 0 1 1 0 1 24 1 1 1 1 1 1 1 17 105 91 2 1 1 1 1 1 1 0 1 0 1 91 8 1 1 67 17 1 1 0 4 5 0 0 0 0 1 12 1 0 0 0 0 1 1 1 0 0 0 1 1 1 1 1 1 1 3 14 10 2 19 66 1 1 1 1 1 1 37 14 1 1 0 1 1 1 1 162 21 1 0 0 8 3 1 21 4 178 19 1 1 1 1 1 1 10 3 14 1 1 1 1 1 1 102 192 1 0 1 0 1 25 62 1 13 27 5 120 17 1 1 0 0 0 0 1 3 1 0 0 0 0 1 7 28 21 1 1 0 0 0 0 0 0 0 0 0 0 0 0 1 1 1 35 93 92 40 1 1 121 171 170 124 2 1 1 0 0 0 1 177 1 1 1 1 0 1 1 0 0 0 0 0 0 0 1 1 40 182 21 9 48 55 73 35 2 1 1 1 0 1 1 85 62 1 1 3 1 1 0 0 0 0 0 0 1 0 1 0 0 1 110 255 1 1 0 1 0 0 0 0 0 0 0 1 2 0 0 0 1 1 1 0 1 1 33 229 4 4 4 3 1 1 1 1 1 1 1 1 66 1 1 0 1 1 1 1 1 1 2 16 9 16 20 18 11 3 1 1 15 156 85 1 1 0 0 0 0 0 1 1 10 14 1 0 0 0 0 0 0 0 0 0 0 0 0 0 1 1 8 19 2 1 1 1 1 0 0 0 1 1 73 179 1 1 1 0 0 0 0 0 0 0 0 0 0 1 1 1 1 125 116 1 0 1 3 6 1 1 0 0 0 0 0 1 1 2 2 1 1 0 0 0 1 10 3 1 1 0 0 0 0 0 0 0 0 0 0 0 0 1 1 1 253 129 1 1 1 1 0 0 0 0 0 0 0 0 0 1 4 0 0 0 0 0 0 0 0 0 0 1 2 226 111 1 1 0 0 0 1 15 5 1 4 8 8 8 2 0 1 1 1 1 1 0 1 1 0 8 1 1 1 1 1 1 1 1 19 227 1 1 1 1 1
1 1 1 33 90 84 5 1 1 1 1 1 1 0 0 1 1 0 1 48 0 0 0 0 0 0 0 0 0 0 1 0 0 1 92 125 1 1 1 1 0 0 0 0 0 0 0 1 1 0 0 1 1 0 1 0 1 16 1 0 0 1 1 23 102 84 2 1 1 1 0 0 1 1 1 1 1 1 0 6 94 1 7 78 1 0 0 0 1 15 1 0 0 0 0 1 11 1 0 1 1 1 0 1 1 0 1 1 1 1 0 1 8 8 3 1 0 0 0 3 73 6 1 0 1 1 69 1 1 1 1 1 1 1 1 57 148 1 1 1 21 1 15 3 1 13 180 1 0 1 1 2 9 1 1 8 1 3 2 1 1 128 194 1 1 1 1 1 9 80 1 9 124 97 126 15 1 1 0 0 0 0 0 0 1 2 0 0 0 1 5 2 1 9 35 1 1 0 0 0 0 0 0 0 0 0 0 1 1 1 1 1 1 1 31 93 94 65 2 1 95 168 172 149 5 1 0 1 177 1 1 1 1 1 1 0 0 0 0 0 1 1 1 1 2 151 140 1 1 21 27 47 85 89 45 4 1 1 1 1 1 131 2 1 2 1 1 0 0 0 0 0 0 1 0 1 0 0 1 138 255 1 0 0 1 0 0 0 0 0 0 1 1 2 0 0 0 0 0 0 1 1 1 225 74 1 1 1 1 3 4 4 2 1 1 1 14 29 1 1 1 1 1 1 4 8 10 9 9 3 1 1 1 1 1 1 1 1 1 114 150 4 1 1 0 0 0 0 1 1 45 1 0 0 0 0 0 0 0 0 0 0 0 0 1 3 18 5 1 1 0 1 1 0 0 0 0 1 1 3 200 1 1 1 1 0 0 0 0 0 0 0 0 0 0 0 1 1 1 92 141 2 3 5 1 1 0 0 0 0 0 0 0 0 1 1 3 1 1 1 1 11 3 1 0 0 0 0 0 0 0 0 0 0 0 0 0 0 0 1 1 253 3 1 1 1 1 0 0 0 0 0 0 0 0 0 1 4 1 0 0 0 0 0 0 0 0 0 1 221 152 1 1 0 0 0 0 16 2 1 0 0 0 0 1 0 0 0 1 1 1 1 0 1 1 0 1 10 1 2 23 3 1 1 112 226 52 1 1 1 1 1
1 1 1 1 1 7 84 63 2 1 1 1 1 1 1 1 0 0 1 47 0 0 0 0 0 0 0 0 0 0 1 1 1 1 8 136 52 1 1 1 0 0 0 0 0 0 0 0 1 0 0 0 1 1 1 1 1 1 18 1 1 21 101 79 1 1 1 1 1 1 1 0 1 0 1 1 1 1 0 1 109 21 83 1 0 0 0 1 1 1 15 1 0 0 0 1 7 2 1 1 0 0 1 1 1 1 1 0 0 1 5 7 1 0 0 0 0 0 0 0 2 88 36 1 1 5 66 92 15 1 1 1 0 0 1 1 167 9 0 1 21 10 7 1 0 1 110 150 1 1 3 6 1 0 1 1 10 12 2 69 199 178 1 1 1 1 1 2 93 1 61 123 6 2 3 2 2 1 1 1 0 0 1 1 1 3 0 0 1 3 3 1 0 1 3 46 1 1 0 0 0 0 0 0 0 0 1 1 1 0 1 1 1 1 1 0 1 11 88 95 81 3 1 43 164 173 147 4 178 1 1 1 1 4 1 1 1 0 1 1 1 1 1 1 112 159 18 1 1 1 4 1 1 24 79 90 49 10 1 1 1 7 125 5 1 1 0 0 0 0 0 1 1 0 0 1 0 0 1 161 255 1 0 0 0 0 0 0 0 0 1 1 2 2 1 1 1 1 0 1 1 1 176 195 1 1 1 1 1 1 1 1 2 4 4 3 72 1 1 3 7 10 10 8 3 1 1 1 0 1 1 0 0 0 0 0 0 0 1 1 16 158 87 1 1 1 0 0 1 1 43 1 1 0 0 0 0 0 0 0 0 0 1 2 17 9 1 1 1 1 1 1 0 0 0 0 0 1 1 1 201 1 1 1 1 0 0 0 0 0 0 0 0 0 0 1 1 2 5 5 75 167 12 1 1 0 0 0 0 0 0 0 0 0 0 0 1 2 2 1 10 3 1 0 0 0 0 0 0 0 0 0 0 0 0 0 0 0 0 1 1 253 6 1 1 1 1 0 0 0 0 0 0 0 0 0 1 4 1 0 0 0 0 0 0 0 0 1 213 178 1 1 0 0 0 0 0 23 1 0 1 0 0 0 1 0 0 0 1 1 0 0 0 1 1 1 1 7 241 255 255 255 255 243 220 10 1 1 1 1 1 1
1 1 1 1 1 1 1 30 86 2 1 1 1 1 0 0 0 0 1 46 0 0 0 0 0 0 0 0 0 0 1 1 1 1 1 118 105 1 0 1 1 0 0 0 0 0 1 0 1 0 0 1 1 1 1 1 1 1 26 29 96 74 1 1 1 1 0 1 1 1 1 0 1 1 1 0 0 1 1 0 118 92 1 1 0 0 0 1 1 1 5 4 0 0 0 0 1 14 1 1 1 1 1 1 1 1 0 1 5 9 1 1 1 0 0 0 0 0 0 1 11 1 49 96 94 83 34 15 116 88 9 1 1 0 0 1 79 142 1 1 43 10 1 0 0 1 1 176 39 4 3 0 1 1 1 32 213 217 215 198 72 1 1 0 0 0 1 94 2 2 131 2 1 1 1 1 1 2 2 2 1 1 1 2 2 8 1 1 2 5 1 0 0 0 1 1 46 3 1 0 0 0 0 0 1 1 1 1 1 1 1 1 1 1 1 1 1 1 1 1 3 85 96 6 1 1 51 167 215 203 76 1 6 1 2 1 1 1 1 1 1 5 41 136 152 139 1 1 0 1 1 2 1 1 1 16 74 78 51 17 1 1 69 104 1 0 0 0 0 0 0 1 1 1 0 1 1 0 1 186 255 1 0 0 0 0 0 1 1 1 1 2 1 1 1 1 2 2 2 2 2 38 228 2 1 1 1 0 0 1 1 0 0 1 1 19 37 17 8 4 1 1 1 1 1 1 1 1 1 1 0 0 0 0 0 0 0 0 1 1 1 1 115 152 4 1 1 0 1 1 15 11 1 0 0 0 0 0 0 0 1 1 14 19 1 1 1 1 1 1 0 0 0 0 0 0 0 1 0 1 201 2 1 1 1 0 0 0 0 0 0 0 1 1 1 17 24 18 9 8 8 27 164 14 1 1 0 0 0 0 0 0 0 0 0 0 0 1 1 3 16 1 0 0 0 0 0 0 0 0 0 0 0 0 0 0 0 0 0 0 1 253 6 1 1 1 1 0 0 0 0 0 0 0 0 0 1 4 1 0 0 0 0 0 0 0 1 186 209 1 1 0 0 0 0 0 0 14 3 0 1 1 0 0 0 0 1 0 1 1 0 0 1 1 1 1 1 250 254 51 1 2 199 255 255 243 1 1 1 0 1 1
1 1 1 0 0 0 1 1 7 86 1 0 0 1 0 0 0 0 1 46 0 0 0 0 0 0 0 0 0 0 0 1 1 0 1 111 113 1 0 1 1 1 1 0 0 0 1 0 1 1 1 1 1 4 28 50 79 97 126 56 1 1 1 0 0 0 0 0 0 0 1 1 1 0 0 0 0 1 1 0 69 127 1 1 1 0 1 1 1 1 1 17 1 0 0 0 1 2 5 1 1 1 1 1 1 2 5 6 2 1 1 0 1 1 0 1 1 0 1 6 1 0 1 1 1 1 1 9 35 1 62 80 1 1 1 1 1 173 13 30 43 1 1 0 0 1 1 5 185 3 1 1 1 1 97 208 18 1 1 0 1 1 1 1 0 1 83 9 1 109 30 1 1 1 1 1 1 1 1 1 1 2 1 1 1 5 1 1 7 1 0 0 0 0 0 1 1 38 8 1 1 1 1 1 1 1 1 1 1 1 1 1 1 2 13 117 199 217 197 21 1 1 1 93 21 1 1 1 1 66 244 251 251 218 8 1 1 1 1 8 141 139 120 15 131 19 1 1 0 0 1 3 1 1 1 1 1 17 73 74 52 29 3 64 113 1 0 0 0 0 1 1 0 0 0 0 1 0 1 205 255 1 0 0 0 0 1 2 2 1 1 2 0 0 0 0 0 1 1 1 2 226 75 1 1 0 0 0 0 0 1 0 0 1 9 36 1 11 1 0 0 0 0 0 0 0 0 0 0 0 0 0 0 0 0 0 0 0 0 1 1 0 1 16 159 86 1 1 1 1 1 45 1 0 0 0 0 0 1 1 11 26 3 1 1 1 1 1 0 0 0 0 0 0 0 0 0 1 1 1 178 75 1 1 1 1 1 0 0 0 1 1 16 28 24 2 1 1 1 1 1 1 3 160 49 1 0 0 0 0 0 0 0 0 0 0 0 0 1 19 2 0 0 0 0 0 0 0 0 0 0 0 0 0 0 0 0 0 0 0 1 253 8 1 1 1 1 1 0 0 0 0 0 0 1 0 1 4 1 0 0 0 0 0 0 0 3 239 1 1 0 0 0 0 0 0 0 1 22 0 1 1 0 1 0 0 1 0 0 1 1 1 1 1 1 8 254 254 2 1 1 1 1 1 137 255 253 1 1 1 1 1
1 1 1 1 1 0 0 0 1 96 2 0 0 1 1 0 0 0 1 45 0 0 0 0 0 0 0 0 0 0 0 1 1 0 1 103 122 1 1 1 0 0 1 1 1 1 1 16 68 78 83 87 86 73 61 43 9 1 88 2 1 0 0 0 0 0 0 1 1 1 1 1 1 0 0 0 1 1 1 0 1 163 1 1 1 1 1 1 1 1 1 2 9 1 2 4 5 5 30 3 1 1 3 7 8 5 1 1 1 0 1 1 1 1 1 1 1 1 5 2 0 0 0 1 1 5 37 43 1 0 1 2 83 12 1 1 1 90 149 27 1 1 1 0 0 1 1 1 124 131 1 1 1 12 211 1 1 1 1 0 0 1 1 1 1 60 29 1 40 108 1 1 1 1 1 1 1 1 1 1 1 1 1 0 0 1 5 8 1 0 0 0 0 0 0 0 1 1 25 18 1 1 1 1 1 1 1 1 4 40 151 207 220 222 219 199 121 149 179 231 208 8 1 1 53 95 93 19 1 1 246 1 19 238 251 251 232 142 148 148 9 1 1 6 135 1 1 1 1 1 1 1 4 1 1 1 0 1 1 11 72 92 109 54 54 128 2 1 0 1 1 0 0 0 0 0 1 1 1 225 255 1 0 0 0 1 2 1 1 1 1 1 0 0 0 0 1 1 1 1 172 198 1 1 0 0 0 0 0 0 0 0 0 1 43 2 1 11 1 0 0 0 0 0 0 0 0 0 0 0 0 0 0 0 0 0 0 0 0 0 0 0 0 0 1 116 153 5 1 1 1 51 1 0 0 0 1 1 3 26 5 1 1 1 1 1 0 0 0 0 0 0 0 0 0 0 0 0 1 1 62 182 2 2 3 3 2 1 1 2 24 22 3 1 1 1 1 1 1 1 1 0 1 1 145 98 1 0 0 0 0 0 0 0 0 0 0 0 1 24 1 0 0 0 0 0 0 0 0 0 0 0 0 0 0 0 0 0 0 0 0 253 126 4 2 1 0 1 0 0 0 1 1 0 1 0 1 4 1 0 0 0 0 0 0 1 211 183 1 0 0 0 0 0 0 0 0 0 25 1 1 0 0 1 1 1 1 1 1 1 1 1 1 4 245 255 250 1 1 1 1 0 0 1 1 8 255 6 1 1 1 0
1 1 0 0 1 0 0 0 1 10 83 1 0 0 1 0 0 0 1 44 0 0 0 0 0 0 0 1 1 0 0 1 1 1 1 102 123 1 1 1 5 44 80 89 90 89 83 60 10 1 1 1 1 5 3 1 1 1 5 87 1 0 0 0 0 1 1 1 1 1 1 1 1 0 1 1 1 1 1 1 1 166 1 1 1 1 1 1 1 1 1 1 44 6 2 2 1 1 3 19 5 5 2 1 1 0 0 0 1 1 1 1 8 8 2 0 1 5 2 1 1 16 38 40 37 21 9 1 0 0 1 0 1 60 50 1 7 51 174 1 1 1 1 1 0 1 1 1 1 172 32 1 1 208 28 1 1 1 1 1 0 0 1 1 36 54 1 2 127 2 1 1 1 1 0 1 1 1 1 1 0 1 1 0 0 1 21 1 1 0 0 0 0 1 1 1 1 1 1 13 32 1 1 4 51 172 214 221 221 216 183 86 10 2 1 1 107 52 2 4 156 231 152 1 4 5 6 74 107 198 231 1 1 1 1 10 229 250 249 232 75 3 1 126 14 1 1 0 0 1 1 1 1 3 1 1 1 0 1 1 1 7 12 75 116 137 168 17 1 1 0 0 0 0 0 0 1 1 1 238 255 1 0 0 1 1 1 0 0 0 0 0 0 0 0 0 1 1 1 19 231 3 1 0 0 0 0 0 0 0 0 0 0 1 51 1 1 11 0 0 0 0 0 0 0 0 0 0 0 0 0 0 0 0 0 0 0 0 0 0 0 0 0 0 0 1 15 159 90 1 1 46 1 0 0 1 1 18 16 1 1 1 1 1 0 0 0 0 0 0 0 0 0 0 0 0 0 0 1 1 3 201 1 1 1 1 1 2 5 21 1 1 1 1 1 1 1 1 1 0 0 0 0 1 1 120 131 1 1 0 0 0 0 0 0 0 0 0 13 3 1 0 0 0 0 0 0 0 0 0 0 0 0 0 0 0 0 0 0 0 0 135 251 62 10 21 23 9 1 1 0 1 1 1 1 0 1 5 1 0 0 0 0 0 1 190 218 1 0 0 0 0 0 0 0 0 0 0 17 2 1 1 1 1 1 1 1 1 1 2 49 225 255 255 254 60 1 1 1 1 0 0 0 0 1 1 255 236 1 1 1 0
1 1 1 0 1 0 0 0 1 1 103 1 0 0 1 0 0 0 1 43 1 0 1 1 1 1 1 1 1 1 1 1 1 1 66 115 151 94 91 90 77 34 3 1 1 1 1 1 1 0 1 1 4 2 1 1 1 1 1 98 1 1 0 1 1 1 0 0 1 1 1 1 1 1 1 1 1 1 0 1 1 151 17 1 1 1 1 1 1 1 0 0 6 22 0 0 1 1 1 9 1 0 0 0 0 0 0 0 1 7 9 6 1 1 6 1 8 3 34 40 34 6 1 1 1 4 1 1 1 1 1 0 0 1 69 71 44 2 104 115 1 0 1 1 1 1 1 0 1 3 179 4 198 113 1 1 1 1 1 1 1 0 0 12 78 1 1 96 45 1 1 0 1 1 0 1 1 1 1 1 0 1 1 0 1 4 4 1 1 1 1 1 1 1 1 1 1 1 3 73 196 225 223 221 213 166 44 3 1 1 1 1 1 1 1 70 91 1 1 1 1 10 215 228 120 9 12 218 242 236 3 3 3 2 1 1 1 1 8 207 247 249 230 153 2 1 1 1 1 0 0 1 1 2 1 1 1 0 0 1 4 1 1 1 2 4 77 184 94 1 1 0 0 0 0 0 1 1 1 246 255 1 0 1 1 1 1 0 0 0 0 0 0 0 0 1 1 1 1 222 105 1 0 0 0 0 0 0 0 1 0 1 1 2 43 1 1 9 0 0 1 1 1 1 0 0 0 0 0 0 0 0 0 0 0 0 0 0 0 0 0 0 0 0 0 0 1 1 115 154 4 26 4 1 1 9 25 2 1 1 1 1 1 0 0 0 0 0 0 0 0 0 0 0 0 0 0 0 1 1 1 201 1 0 1 1 1 3 14 1 1 1 1 1 1 0 1 1 0 0 0 0 0 0 1 1 80 152 2 1 0 0 0 0 0 0 0 1 24 1 1 0 0 0 0 0 0 0 0 0 0 0 0 0 0 0 0 0 0 0 0 0 177 251 1 1 1 7 35 38 5 1 0 1 1 1 1 5 0 0 0 0 0 5 222 205 1 1 0 0 0 0 0 0 0 0 0 0 23 1 0 1 1 1 62 227 254 255 255 255 255 255 228 2 1 1 1 1 1 1 1 0 1 1 1 2 219 255 1 1 1 1
0 0 1 0 1 1 0 0 0 1 50 48 1 0 0 1 0 0 1 41 1 1 1 7 26 47 68 80 83 86 86 87 87 93 147 71 55 1 1 1 1 1 1 0 0 0 1 1 1 1 1 1 9 1 1 1 1 1 1 29 63 1 1 1 0 0 0 1 1 0 0 0 1 0 0 0 0 0 0 1 1 25 149 1 1 1 1 1 0 1 1 1 1 46 1 0 1 1 0 1 10 1 0 0 0 0 1 7 13 1 1 1 1 1 3 7 13 38 1 1 0 0 0 1 2 2 1 1 1 1 1 0 1 27 3 1 0 2 4 167 1 0 1 1 1 1 1 0 1 1 126 233 85 1 1 1 1 1 1 0 1 1 3 93 1 2 74 81 1 0 1 1 1 1 1 1 1 0 1 1 1 1 1 1 3 2 2 1 1 1 1 1 1 5 107 198 219 220 219 204 128 12 26 2 1 1 1 1 1 0 0 1 1 1 25 118 1 1 1 1 1 1 1 70 225 233 237 188 1 1 0 0 1 1 3 3 2 1 1 1 1 16 210 244 245 222 58 2 1 1 1 1 1 1 4 1 1 0 1 3 1 1 0 1 1 1 1 3 166 132 1 1 0 0 0 0 1 1 1 250 255 1 1 1 1 1 0 0 0 0 0 0 0 0 0 1 1 1 158 208 3 1 1 1 1 1 1 1 1 1 1 1 1 37 2 0 1 8 0 1 1 0 0 1 1 0 0 0 0 0 0 0 0 0 0 0 0 0 0 0 0 0 0 0 0 0 0 1 1 15 160 101 33 3 25 7 1 1 1 1 1 0 0 0 0 0 0 0 0 0 0 0 0 0 0 0 0 0 1 0 1 201 2 1 1 1 4 10 1 1 1 1 0 0 0 0 1 1 0 0 0 0 0 0 0 1 1 31 165 6 1 0 0 0 0 0 0 6 7 1 0 0 0 0 0 0 0 0 0 0 0 0 0 0 0 0 0 0 0 0 0 0 1 245 230 1 0 0 1 1 20 49 27 116 60 1 1 4 1 0 0 0 79 232 135 1 1 0 0 0 0 0 0 0 0 0 0 0 29 1 1 1 211 255 255 255 249 163 4 1 1 1 1 1 1 1 1 1 0 1 1 1 2 1 1 1 4 255 66 1 1 1
0 0 1 1 1 1 0 1 1 1 1 104 1 0 0 1 1 1 1 51 74 84 80 67 44 22 7 2 1 1 1 1 1 1 88 1 28 3 0 0 0 1 1 1 1 1 1 1 1 1 0 5 1 0 0 0 1 1 1 2 98 1 0 0 1 1 1 1 0 0 0 0 1 1 0 0 0 0 0 1 1 1 159 13 1 1 1 1 1 1 1 1 1 8 20 0 1 1 0 0 7 1 0 0 1 9 9 2 1 1 1 1 1 1 1 35 9 1 1 1 1 1 1 1 5 1 1 1 1 1 0 1 5 20 0 0 0 1 2 127 101 1 1 1 1 0 1 0 1 23 201 240 168 1 1 1 1 1 1 0 0 1 97 4 18 113 88 1 1 1 1 1 1 1 1 1 1 1 1 1 1 1 1 2 3 1 1 4 11 131 205 220 220 218 197 94 3 1 1 1 1 1 1 16 3 1 1 0 1 0 0 1 1 4 132 2 1 1 1 0 0 0 1 1 1 1 113 6 1 1 0 0 0 0 0 1 1 3 3 2 1 1 1 1 12 201 244 245 230 86 3 1 1 1 1 4 1 1 1 3 1 1 0 0 0 0 1 1 1 146 155 1 1 1 0 0 1 1 1 253 255 2 1 1 1 0 0 0 0 0 0 0 0 0 0 1 1 13 233 6 2 4 5 5 5 5 4 4 4 5 5 3 3 50 1 1 3 5 1 1 0 0 0 0 1 1 0 0 0 0 0 0 0 0 0 0 0 0 0 0 0 0 0 0 0 0 0 0 1 1 1 138 176 40 1 1 1 1 0 0 0 0 0 0 0 0 0 0 1 1 1 1 0 0 1 1 1 1 1 1 1 178 74 1 1 5 6 1 1 1 1 0 0 0 0 1 1 0 0 0 0 0 0 0 1 1 1 1 7 168 32 1 1 0 0 0 0 21 1 0 0 0 0 0 0 0 0 0 0 0 0 0 0 0 0 0 0 0 0 0 0 0 0 4 253 1 0 0 0 0 1 1 7 249 250 9 1 1 5 2 4 49 232 21 1 0 0 0 0 0 0 0 0 0 0 0 0 0 29 1 3 253 255 178 1 1 1 1 1 1 1 1 1 1 1 0 0 1 1 1 1 1 1 1 1 1 1 254 253 1 1 1
1 1 1 1 1 1 1 1 1 1 1 85 11 1 1 1 1 1 2 104 3 1 1 1 1 1 1 1 1 1 0 1 1 1 77 4 8 19 0 0 0 0 0 0 0 0 0 1 1 1 1 8 0 0 0 0 1 1 1 15 50 10 1 0 0 0 0 1 1 0 0 0 1 1 0 0 0 0 0 1 0 1 133 56 1 1 1 1 1 0 1 1 1 1 48 1 0 1 1 0 1 11 4 10 6 1 1 1 1 1 0 1 1 32 29 1 0 1 1 1 1 0 1 2 5 1 0 0 1 1 1 1 40 1 0 0 0 1 0 6 171 1 1 1 1 1 1 1 9 201 18 235 211 193 1 1 1 1 1 1 1 89 67 119 109 13 1 1 0 1 1 1 1 1 0 1 1 1 1 1 1 2 7 57 151 205 217 220 215 184 65 2 1 1 1 1 1 1 1 0 0 0 0 1 11 5 1 1 0 0 1 0 1 129 8 1 1 1 1 0 1 1 1 1 1 1 102 10 1 1 1 1 1 0 0 0 0 0 1 1 3 3 3 2 2 1 1 6 182 243 245 238 119 6 1 2 2 1 4 1 1 1 1 1 1 1 1 1 1 1 120 174 1 1 1 1 1 1 1 254 254 1 0 0 0 0 0 0 0 0 0 0 0 0 1 1 1 219 124 1 1 1 0 1 1 1 1 6 8 6 4 6 10 55 10 9 17 11 2 1 1 1 1 1 0 1 1 0 0 0 0 0 0 0 0 0 0 0 0 0 0 0 0 0 0 0 0 1 1 1 62 110 18 153 82 1 1 1 1 1 1 1 1 1 1 1 1 1 1 1 1 1 1 1 1 1 1 1 1 1 1 53 184 1 5 5 1 1 1 0 0 1 1 1 0 1 1 0 0 0 0 0 1 0 0 1 2 2 2 2 154 78 1 0 0 0 0 24 1 0 0 0 0 0 0 0 0 0 0 0 0 0 0 0 0 0 0 0 0 0 0 0 0 1 253 1 0 0 1 1 1 1 150 255 251 255 207 1 1 2 1 229 101 1 0 0 0 0 0 0 0 0 0 0 0 0 0 1 211 244 255 251 1 1 1 0 0 1 1 1 1 1 1 1 0 0 0 0 1 2 1 1 1 1 1 1 1 19 255 114 1 1
1 1 1 1 1 1 1 1 1 1 1 4 122 85 98 111 119 123 131 71 1 1 1 1 1 1 1 1 1 1 1 1 1 1 1 87 2 36 1 0 0 0 0 0 0 0 0 1 1 2 3 2 0 0 0 0 1 1 1 22 1 68 1 0 0 0 0 0 1 0 0 0 0 1 1 0 0 0 0 0 0 1 6 145 16 1 1 1 1 0 1 1 1 1 10 17 0 1 1 1 20 38 2 1 0 0 0 0 1 1 8 31 33 1 0 0 0 0 1 1 1 1 1 6 1 0 0 0 1 1 3 39 1 0 0 0 0 1 0 1 142 82 1 1 1 1 1 3 203 20 77 226 1 186 211 2 1 1 1 1 72 122 100 5 1 1 1 1 1 1 1 1 1 1 1 1 2 10 78 177 204 214 219 207 172 49 4 3 1 1 1 1 1 0 0 0 0 0 0 0 0 0 1 1 1 7 9 1 1 1 1 1 109 42 1 1 0 1 0 1 1 0 1 0 1 1 106 6 0 0 0 0 1 1 1 1 0 0 0 0 1 1 1 1 1 1 1 1 1 1 3 154 240 245 240 146 22 10 2 2 2 3 3 3 3 3 2 1 1 1 1 68 187 6 1 1 1 1 1 255 253 1 0 0 0 0 0 0 0 0 0 0 0 1 1 1 154 208 1 1 1 1 1 1 1 1 3 2 1 1 1 1 1 21 1 1 15 4 9 13 14 14 6 2 1 1 1 1 1 1 0 0 0 0 0 0 0 0 0 0 0 0 0 0 0 1 1 1 22 116 48 1 1 1 112 148 8 2 2 2 2 2 3 3 2 2 2 1 1 1 1 1 1 1 1 1 1 1 1 1 1 4 199 1 14 1 1 1 1 1 1 1 0 1 0 1 0 0 0 0 0 1 1 1 2 2 1 1 1 1 1 136 120 1 1 0 0 25 1 0 0 0 0 0 0 0 0 0 0 0 0 0 0 0 0 0 0 0 0 0 0 1 0 1 253 1 0 0 0 0 1 2 255 156 11 52 255 251 1 1 171 216 1 0 0 0 0 0 0 0 0 0 0 0 1 1 1 233 254 254 177 1 1 1 1 0 0 0 1 1 1 1 1 2 1 0 1 1 1 1 1 1 1 1 1 1 1 1 254 254 3 1
1 1 1 1 1 1 17 46 53 54 52 44 43 53 36 16 4 2 42 111 1 1 1 1 0 1 1 0 1 0 0 1 0 0 1 87 4 2 23 1 0 0 0 0 0 0 0 1 1 2 14 1 1 0 0 0 0 1 3 9 1 59 2 0 0 0 0 0 1 1 0 1 1 1 1 0 0 0 0 0 0 1 1 150 1 9 13 1 1 1 1 1 1 1 1 59 1 1 22 36 3 1 0 0 0 0 1 1 9 31 21 1 1 0 0 0 0 0 1 1 1 1 1 4 1 1 1 1 2 24 12 3 1 0 0 0 0 1 1 1 35 160 1 1 1 0 1 199 51 1 201 170 1 1 168 221 3 1 1 46 142 88 1 1 1 1 1 1 1 1 2 5 28 110 182 204 211 207 194 129 24 41 2 1 1 1 1 1 1 0 0 0 0 0 0 0 0 0 0 0 0 0 0 1 1 1 4 13 1 1 1 75 87 1 1 0 1 1 1 1 0 1 1 0 1 1 117 1 0 0 0 0 0 0 0 1 1 1 1 1 1 0 0 0 0 1 0 0 1 1 1 1 1 2 129 239 245 243 166 19 2 1 1 1 1 1 0 1 1 1 1 1 17 192 35 1 1 1 1 255 250 1 0 0 0 0 0 0 0 0 0 0 0 0 1 21 233 4 1 1 1 0 0 0 1 1 6 1 0 1 1 1 1 18 0 0 12 1 1 1 1 1 3 11 16 17 16 12 8 5 3 4 3 3 2 2 3 3 3 3 3 2 3 2 2 2 5 161 169 151 166 175 184 192 197 205 230 222 222 222 225 225 225 225 223 223 220 212 199 164 114 62 28 12 5 3 2 1 1 1 1 1 201 14 2 1 1 1 1 1 1 1 1 1 1 1 0 1 1 1 1 2 2 1 1 1 0 0 0 0 1 1 106 144 2 1 0 22 1 0 0 0 0 0 0 0 0 0 0 0 0 0 0 0 0 0 0 0 0 0 1 1 0 1 253 1 0 0 0 0 1 250 248 1 5 1 1 251 255 225 236 3 1 0 0 0 0 0 0 0 0 1 167 255 255 255 255 255 233 3 1 1 1 1 1 1 0 1 1 0 1 1 0 1 1 1 1 1 1 1 1 1 1 1 1 1 1 1 12 255 254 228
175 74 2 1 6 51 16 1 1 1 1 1 1 1 1 1 1 1 20 120 1 0 0 1 0 1 1 1 1 1 1 1 1 1 0 14 76 3 39 1 1 1 1 1 1 1 1 1 1 1 8 1 1 1 1 1 1 1 17 1 1 2 58 1 0 0 0 0 0 1 1 1 1 1 1 0 0 0 0 0 0 1 1 122 44 1 8 4 1 1 1 1 1 29 94 88 80 36 3 1 0 0 0 0 1 1 9 32 14 2 4 1 0 1 1 1 1 1 1 1 1 1 1 2 30 22 24 25 12 1 0 1 4 0 0 0 0 1 1 1 8 137 66 1 1 1 193 82 1 1 233 33 1 1 1 143 226 10 20 135 76 1 1 1 1 2 7 51 142 193 204 206 203 182 113 16 2 1 1 1 23 1 1 1 1 0 0 1 1 0 0 0 0 0 0 0 0 0 0 0 0 0 0 1 0 1 1 2 17 1 27 117 1 1 0 1 0 1 1 0 0 1 1 1 1 82 30 1 0 0 0 0 0 0 0 0 0 0 0 0 0 0 0 0 0 0 0 0 0 0 0 1 1 1 1 1 2 112 237 245 243 189 26 2 1 1 1 1 1 0 1 1 1 2 186 77 1 1 1 255 246 1 0 0 0 0 0 0 0 0 0 0 0 1 105 233 137 6 1 1 1 1 0 1 1 1 5 1 0 1 1 1 2 11 0 0 13 1 1 1 1 1 1 1 1 1 1 1 3 5 8 6 8 8 11 9 8 8 8 7 7 11 9 9 12 48 218 194 174 162 144 127 112 84 60 40 32 39 42 19 13 8 6 7 11 24 61 115 164 200 213 221 224 229 230 230 231 227 222 213 185 126 207 18 2 1 1 1 1 1 1 1 1 1 1 1 1 1 2 2 2 1 1 0 0 0 0 0 0 0 0 1 1 62 161 4 1 14 3 0 0 0 0 0 0 0 0 0 0 0 0 0 0 0 0 0 0 0 0 0 1 0 0 1 253 1 0 0 1 1 168 255 1 0 4 1 1 1 182 255 254 1 1 0 0 0 0 0 0 0 1 245 255 217 41 5 3 1 1 1 1 0 0 1 1 1 1 1 1 0 0 0 0 1 2 2 1 1 1 1 0 1 0 0 1 1 1 4 1 108 254 255
127 198 163 73 30 1 1 1 1 1 1 0 0 1 1 1 1 1 7 130 0 0 0 1 0 0 1 1 1 0 1 0 1 1 1 1 114 33 4 2 2 2 2 2 2 1 1 1 1 4 1 1 1 1 1 1 1 1 15 1 1 1 67 1 1 0 0 0 0 0 0 1 1 0 0 0 0 0 0 0 0 0 1 3 144 1 1 19 1 1 1 23 94 51 1 1 79 10 0 0 0 0 1 1 9 27 14 2 1 0 1 4 1 1 1 1 1 1 1 1 1 1 7 38 3 1 1 1 1 0 0 0 2 1 0 0 0 0 1 1 8 25 152 1 1 188 101 1 1 1 235 1 1 1 1 1 100 232 169 124 3 7 49 154 200 208 208 200 166 87 18 4 1 1 1 1 1 1 1 16 2 1 0 0 1 0 0 1 2 1 0 0 0 0 0 0 0 0 0 0 0 0 0 1 1 1 1 1 1 36 139 2 1 1 1 1 1 1 1 1 1 1 1 1 74 78 1 1 0 0 0 0 0 0 0 0 0 0 0 0 0 0 0 0 0 0 0 0 0 0 0 0 0 0 0 1 1 1 1 2 76 231 245 245 202 38 2 1 1 1 1 1 1 1 1 175 119 1 1 255 232 1 0 0 0 0 0 0 0 0 0 1 1 1 233 30 8 45 65 43 3 1 1 1 1 1 4 1 1 1 0 0 10 3 0 0 14 1 0 0 0 0 0 0 0 0 0 1 1 1 1 1 1 1 1 1 1 1 1 1 1 1 1 5 20 93 204 1 1 1 1 1 1 1 1 1 2 1 1 3 2 1 1 1 1 1 1 1 1 1 1 1 2 12 3 5 9 24 68 133 205 222 231 214 214 214 209 194 147 64 15 5 2 1 1 2 3 2 1 1 1 1 1 0 1 1 1 0 0 0 0 0 1 1 16 167 14 2 16 0 0 0 0 0 0 0 0 0 0 0 0 0 0 0 0 0 0 0 0 0 1 0 0 1 253 1 0 0 1 1 255 122 1 2 6 1 1 0 164 246 255 251 1 0 0 0 0 0 0 1 252 254 15 1 1 1 1 0 0 1 1 0 0 0 0 1 1 1 1 1 1 2 2 3 1 1 1 1 0 0 0 1 0 1 1 0 1 2 0 3 193 218
1 1 166 179 15 1 0 0 0 1 0 1 1 1 1 1 1 1 5 134 0 0 0 1 0 0 0 1 1 0 1 0 0 0 0 1 122 2 1 1 0 1 1 1 1 1 1 1 1 7 1 1 0 1 1 1 1 2 10 1 1 0 9 38 1 0 0 0 0 1 1 1 1 1 1 0 0 0 0 0 0 1 1 1 148 1 1 5 8 31 114 57 1 1 1 1 1 97 1 0 1 1 10 29 14 2 1 0 0 0 0 5 1 0 0 1 1 1 1 1 3 40 23 1 1 1 0 0 1 1 0 0 1 4 1 0 0 0 1 1 8 1 140 57 177 114 1 1 0 4 234 1 1 1 1 1 1 18 238 212 210 208 200 154 41 4 1 1 1 1 1 1 1 1 1 1 1 1 12 3 1 0 0 0 0 0 0 0 1 1 0 0 0 0 0 0 0 0 0 0 0 1 1 1 0 0 1 1 1 142 64 13 1 1 1 0 0 1 1 1 1 1 2 91 40 1 0 1 1 0 0 0 0 0 0 0 0 0 0 0 0 0 0 0 0 0 0 0 0 0 0 0 0 0 0 0 0 1 1 1 1 1 2 51 226 246 246 213 45 1 1 1 1 1 1 1 159 145 1 255 202 1 0 0 0 0 0 0 0 0 0 1 1 18 236 5 2 1 1 6 54 62 22 1 1 4 1 1 1 1 0 1 16 1 0 1 14 1 0 0 0 0 0 0 0 0 0 0 0 0 0 0 0 0 1 1 1 1 1 1 1 2 18 6 1 209 43 1 1 1 1 1 1 1 1 1 2 1 1 1 2 3 1 1 1 0 1 1 0 0 1 1 6 1 1 1 1 1 1 3 47 1 1 4 3 5 29 120 181 206 211 212 215 215 210 193 140 61 16 6 3 2 1 1 1 1 1 1 1 1 1 0 0 1 1 3 165 58 25 1 0 0 0 0 0 0 0 0 0 0 0 0 0 0 0 0 0 0 0 0 1 1 0 2 253 1 0 0 1 121 255 2 4 2 1 1 1 1 246 2 1 252 254 12 1 0 0 1 5 254 251 3 1 1 1 1 1 0 0 0 1 1 0 0 0 0 0 1 2 2 2 1 1 1 2 1 0 0 0 0 0 1 1 1 0 0 1 3 0 1 230 152
1 1 93 140 166 1 0 0 0 1 1 1 1 1 1 1 1 1 4 136 1 0 0 1 1 1 1 1 1 1 1 1 1 1 1 1 96 79 22 11 1 1 0 1 1 1 1 1 1 5 1 1 0 1 1 1 1 1 14 1 1 0 1 68 1 1 1 1 1 1 19 74 40 1 1 1 1 1 0 0 1 1 1 63 130 32 71 76 95 73 2 17 0 1 0 0 1 15 91 11 13 33 12 2 1 0 0 0 0 0 0 2 2 0 1 1 1 1 23 48 31 1 1 0 1 1 0 1 1 1 0 0 0 3 1 0 0 0 1 1 8 1 51 212 132 1 0 1 0 105 225 1 0 1 1 1 1 1 169 21 2 1 1 1 1 1 1 1 0 1 1 1 1 1 1 1 1 7 7 1 0 0 0 0 0 0 0 0 1 1 0 0 0 0 1 1 1 1 1 1 1 1 1 1 0 1 1 1 123 51 1 18 26 1 1 1 1 1 1 1 39 113 111 26 1 0 1 1 1 0 0 0 0 0 0 0 0 0 0 0 0 0 0 0 0 0 0 0 0 0 0 0 0 0 0 0 0 0 0 0 1 1 1 1 1 1 26 216 246 246 226 51 2 1 1 1 1 144 163 255 152 0 0 1 1 1 1 0 0 0 1 1 1 223 144 1 1 1 0 1 1 1 17 61 62 30 1 1 1 1 1 1 17 1 0 1 14 1 0 0 0 0 0 0 0 0 0 0 0 0 0 0 0 0 0 0 0 0 0 1 13 15 1 1 2 216 1 2 1 1 1 1 1 1 1 1 1 0 1 1 1 1 3 1 1 1 0 0 0 0 0 2 4 1 0 0 0 0 1 43 3 1 1 1 2 1 1 1 1 1 1 2 8 9 36 128 185 207 210 212 213 211 207 189 144 76 22 8 3 1 1 1 1 1 1 1 1 145 143 2 1 0 0 0 0 0 0 0 0 0 0 0 0 0 0 0 0 0 0 0 0 1 0 121 253 1 0 1 2 243 253 65 7 1 1 1 0 224 198 1 1 1 232 255 227 4 2 192 255 242 1 1 1 0 1 1 0 0 0 0 1 1 1 0 1 2 2 2 1 1 1 1 1 1 1 0 0 1 1 0 0 0 1 0 0 0 1 3 0 1 240 26
1 69 7 1 160 138 1 0 1 1 1 0 0 0 1 1 1 1 1 134 5 1 1 1 1 1 1 1 1 1 1 1 1 1 1 1 57 1 40 54 83 6 1 1 1 1 1 1 1 2 4 0 0 0 1 1 0 1 18 1 1 1 1 35 13 1 8 65 78 81 47 4 31 83 88 86 83 55 5 2 18 136 168 153 82 21 1 1 0 0 0 20 1 1 0 1 1 6 65 109 104 19 1 0 1 0 0 0 0 0 0 1 5 1 1 4 42 44 7 1 1 0 0 0 0 0 0 0 0 0 0 1 1 1 3 1 1 0 0 1 8 1 144 211 25 0 0 1 1 206 168 1 1 1 1 1 1 12 124 75 19 1 1 1 0 0 0 0 0 0 0 0 0 1 1 1 4 11 1 0 0 0 0 0 0 0 0 0 1 2 0 0 0 1 1 1 1 1 1 1 1 1 1 1 1 1 1 92 98 1 1 1 8 37 1 1 1 2 57 114 71 1 1 1 1 1 1 0 0 0 0 0 0 0 0 0 0 0 0 0 0 0 0 0 0 0 0 0 0 0 0 0 0 0 0 0 0 0 0 0 0 0 0 1 1 1 1 1 1 11 204 245 246 234 78 1 1 1 137 255 133 1 1 1 1 1 1 0 0 1 1 1 150 220 1 1 1 1 0 0 0 1 1 1 4 30 56 39 4 1 1 1 17 1 0 1 14 1 0 0 0 0 0 0 0 0 0 0 0 0 0 0 0 0 0 0 0 1 5 21 3 1 1 1 161 175 1 1 1 1 1 1 1 1 1 2 1 0 0 0 0 0 1 2 3 1 1 1 1 0 1 7 1 0 0 0 1 1 19 27 1 1 1 1 1 1 2 2 2 2 2 1 3 3 4 4 4 2 1 2 4 11 53 135 183 204 210 212 214 212 209 189 137 48 6 2 1 1 108 172 108 1 0 0 0 0 0 0 0 0 0 0 0 0 0 0 0 0 0 0 0 1 0 240 242 1 0 1 1 243 253 3 11 13 1 1 52 244 1 1 1 1 1 53 255 255 255 255 187 1 1 0 0 0 1 0 0 0 0 0 1 1 1 1 3 1 1 1 1 1 0 1 1 1 0 0 0 1 1 0 0 0 1 1 0 0 1 2 1 90 236 1
34 26 3 1 10 203 23 1 1 1 1 1 0 1 1 1 1 1 1 5 134 1 1 1 0 1 0 0 1 1 1 1 0 1 0 1 56 1 1 1 1 80 1 1 1 1 1 1 0 1 7 0 0 0 1 1 1 1 17 1 1 1 5 17 74 59 36 1 1 1 1 1 0 0 0 1 1 11 66 78 51 180 1 1 1 0 0 1 0 0 0 1 28 10 24 27 40 30 4 2 1 85 0 0 1 1 0 0 1 1 1 1 3 14 29 35 1 1 1 1 1 0 0 0 0 0 0 0 0 1 1 1 0 1 4 0 1 1 0 1 8 124 175 63 132 1 0 1 1 231 47 1 1 1 1 1 1 73 68 8 53 38 1 1 0 0 0 0 0 0 0 0 0 0 1 3 19 1 1 1 0 0 0 0 0 0 0 1 1 2 1 1 1 1 0 0 0 0 0 0 0 0 0 1 1 1 45 131 1 1 1 1 1 3 44 7 70 110 53 1 1 1 1 1 0 0 0 0 0 0 0 0 0 0 0 0 0 0 0 0 0 0 0 0 0 0 0 0 0 0 0 0 0 0 0 0 0 0 0 0 0 0 0 0 0 0 0 1 1 1 1 1 4 181 244 246 239 122 76 255 254 111 1 1 1 1 1 0 1 1 1 7 236 5 1 1 1 0 0 0 0 0 1 2 1 1 1 5 43 58 44 9 20 1 1 1 13 1 0 0 0 0 0 0 0 0 0 0 0 0 0 0 0 0 0 1 2 21 7 1 1 1 1 1 215 3 1 1 1 1 2 1 1 0 1 2 0 0 0 0 0 0 0 1 1 3 2 1 1 1 4 2 1 1 1 1 1 1 58 1 1 1 1 1 1 1 1 1 1 1 1 2 5 1 1 1 1 2 4 4 4 3 1 1 1 1 1 2 4 11 51 139 190 209 212 215 213 213 215 220 238 220 107 1 1 0 0 0 0 0 0 0 0 0 0 0 0 0 0 0 0 1 0 252 149 1 0 1 1 255 128 3 1 27 1 1 244 29 1 1 1 1 1 12 17 2 2 1 1 0 0 0 0 0 0 0 0 0 0 0 1 1 1 2 1 0 1 1 1 0 0 1 2 1 1 0 0 1 0 0 0 0 0 1 0 1 3 1 19 230 122 0
63 1 1 2 1 126 173 1 1 1 0 1 1 1 1 1 1 1 1 1 54 107 1 1 0 1 1 1 1 1 1 1 1 1 0 1 56 1 0 1 1 66 19 2 1 1 1 1 0 1 8 1 1 1 1 3 24 40 61 18 14 12 3 1 1 1 0 0 1 1 0 0 0 0 0 0 0 0 1 1 1 177 1 1 1 0 0 1 0 0 0 0 2 6 33 38 4 1 0 1 80 3 0 0 1 1 1 1 1 1 2 21 24 2 1 1 7 1 1 1 1 0 0 0 0 1 1 1 1 1 1 1 3 3 2 3 3 1 0 1 111 191 1 1 156 7 1 1 1 235 1 1 1 0 0 1 1 107 21 2 6 33 55 1 1 0 0 0 0 0 0 0 0 0 1 12 6 1 1 1 1 1 1 1 1 1 1 1 0 1 1 0 0 0 0 0 0 0 0 0 0 0 1 1 1 8 143 2 1 1 1 1 1 2 46 100 37 1 1 1 1 0 0 0 0 0 0 0 0 0 0 0 0 0 0 0 0 0 0 0 0 0 0 0 0 0 0 0 0 0 0 0 0 0 0 0 0 0 0 0 0 0 0 0 0 0 0 0 0 0 0 1 1 1 1 2 150 242 246 255 252 244 177 1 1 1 1 1 1 1 1 222 148 1 1 1 1 1 0 0 0 1 2 2 1 1 1 1 1 1 3 31 64 48 5 2 11 1 1 1 0 0 0 0 0 0 0 0 0 0 0 0 0 0 1 16 13 1 1 1 1 1 1 9 213 1 1 1 1 1 1 2 1 1 2 1 0 0 0 0 0 0 0 0 1 1 2 3 1 1 5 1 1 1 1 1 1 15 17 1 3 6 1 0 1 1 1 1 1 1 1 1 5 0 0 0 1 0 0 0 1 1 3 1 1 1 1 1 1 1 1 1 1 1 2 8 130 90 61 36 15 79 213 224 115 1 0 0 0 0 0 0 0 0 0 0 0 1 0 0 1 1 0 253 2 1 0 1 25 255 3 1 5 17 1 203 220 1 1 1 0 2 5 50 1 1 1 1 0 0 0 0 0 0 0 0 0 0 0 0 1 1 1 2 1 1 1 1 0 0 1 1 1 1 1 1 1 1 0 0 0 0 0 1 1 1 2 1 231 140 1 0
1 1 1 2 1 1 197 80 1 1 0 1 1 1 0 0 0 1 1 1 1 119 29 1 1 0 1 1 1 1 0 0 0 1 1 1 56 1 1 1 1 1 64 5 2 1 1 1 1 8 68 47 48 47 48 37 8 8 1 1 1 1 1 1 1 1 1 0 1 1 1 1 1 1 1 1 1 0 0 1 1 159 47 1 1 0 1 1 0 1 1 1 31 33 1 1 1 0 0 0 51 23 1 1 1 1 1 3 12 24 13 1 1 0 0 0 1 4 2 1 1 1 0 0 0 1 1 1 1 2 2 1 0 0 0 0 1 3 1 46 201 2 1 1 75 130 1 1 7 234 1 1 1 0 0 1 1 117 9 1 6 2 15 70 1 1 1 1 1 1 1 1 1 1 11 1 1 4 1 1 1 1 0 0 0 0 0 0 0 1 1 0 0 0 0 0 0 0 0 0 0 0 1 1 2 150 48 41 39 25 20 27 45 36 2 1 1 1 1 0 0 0 0 0 0 0 0 0 0 0 0 0 0 0 0 0 0 0 0 0 0 0 0 0 0 0 0 0 0 0 0 0 0 0 0 0 0 0 0 0 0 0 0 0 0 0 0 0 0 0 0 0 0 0 0 1 1 1 1 255 148 4 239 207 1 1 1 1 1 2 151 221 1 0 0 0 1 1 1 1 1 1 2 1 0 0 1 1 1 1 1 1 1 4 50 66 46 2 1 1 0 0 0 0 0 0 0 0 0 0 0 0 1 9 19 2 1 1 1 1 1 1 1 200 106 1 1 1 1 1 0 1 1 1 2 1 0 0 0 0 0 0 0 0 0 0 1 1 3 8 1 0 1 0 0 0 1 58 1 3 3 1 4 7 6 1 0 0 0 0 1 1 4 0 0 0 0 1 1 0 0 1 4 1 0 1 0 1 1 29 96 96 96 96 97 83 2 11 1 1 1 1 1 14 214 226 85 1 0 0 0 0 0 0 0 0 0 1 1 0 1 0 0 253 1 1 1 1 253 238 3 3 184 188 129 246 1 1 1 0 1 3 0 23 1 1 1 1 1 0 0 0 0 0 0 0 0 1 1 1 1 1 2 1 1 1 1 0 0 0 1 1 0 0 1 1 1 1 0 0 0 0 1 1 1 2 1 104 235 1 0 0
1 0 1 1 3 1 91 190 1 1 1 1 1 1 1 1 1 0 1 1 1 1 135 1 1 1 1 1 1 0 0 0 0 0 0 1 55 1 1 1 1 1 1 71 2 1 2 2 30 50 1 1 1 1 1 1 1 4 1 1 0 0 1 0 0 0 1 1 1 1 1 1 1 0 0 0 0 0 1 1 1 15 173 45 1 1 1 1 1 2 31 33 1 1 0 0 0 0 0 0 1 82 2 1 1 2 7 2 1 3 0 0 0 0 0 0 0 1 8 1 0 1 0 0 0 1 3 2 1 1 1 0 0 0 0 0 1 3 9 208 10 0 1 1 1 162 2 1 125 223 1 1 1 0 1 1 1 125 4 1 1 9 1 6 79 2 1 1 0 0 0 0 1 9 1 1 1 1 4 2 1 1 1 0 0 0 0 0 0 1 2 1 0 0 0 0 0 0 0 0 0 1 1 1 145 96 8 1 2 6 7 4 1 1 1 1 0 0 0 0 0 0 0 0 0 0 0 0 0 0 0 0 0 0 0 0 0 0 0 0 0 0 0 0 0 0 0 0 0 0 0 0 0 0 0 0 0 0 0 0 0 0 0 0 0 0 0 0 0 0 0 0 0 0 0 0 1 1 1 255 160 1 1 228 232 24 57 129 188 225 232 3 1 0 0 0 0 1 1 1 1 2 1 0 0 0 0 0 0 0 0 0 0 1 2 1 4 44 46 7 1 1 1 0 0 0 0 0 0 0 1 4 21 4 1 1 1 1 0 0 1 1 1 216 1 1 0 0 0 0 0 1 0 1 4 1 1 0 0 0 0 0 0 0 0 0 0 0 2 4 1 1 0 0 0 0 3 43 1 6 1 1 1 1 1 6 8 8 5 1 1 3 2 1 1 1 1 1 1 0 0 1 4 1 1 1 1 12 76 43 1 1 1 1 1 1 1 14 1 1 1 1 1 1 1 13 218 224 63 1 1 0 0 0 0 0 0 0 1 1 0 0 1 253 1 1 1 2 255 2 4 172 7 1 248 249 205 1 1 1 5 1 1 16 2 1 0 0 1 1 1 0 0 0 0 0 0 1 1 1 1 1 1 1 1 1 1 0 0 1 1 0 0 0 0 1 1 0 0 0 0 1 1 1 0 2 1 217 196 1 0 0
1 1 1 1 1 5 3 172 129 1 1 1 0 1 1 1 1 1 1 1 1 1 45 110 1 1 1 0 1 0 0 0 0 0 0 1 55 1 0 1 1 1 1 9 37 3 1 27 33 1 1 1 1 1 1 1 1 4 1 1 0 0 1 0 0 0 0 0 1 1 1 1 1 1 1 1 1 1 1 1 1 1 6 180 1 1 1 1 32 32 2 1 1 0 0 0 0 0 0 1 1 2 86 1 5 4 1 0 0 4 1 0 0 0 0 0 0 0 6 1 0 1 0 0 1 8 1 1 0 0 0 0 0 0 0 0 1 42 208 38 1 0 0 1 1 88 119 1 211 157 1 1 0 0 1 1 1 127 2 1 1 2 6 1 2 81 6 1 1 1 0 1 7 2 1 1 0 1 1 3 3 1 1 1 0 0 0 0 0 0 2 1 0 0 0 0 0 0 0 0 1 1 1 116 121 1 1 1 1 1 1 1 1 0 0 0 0 0 0 0 0 0 0 0 0 0 0 0 0 0 0 0 0 0 0 0 0 0 0 0 0 0 0 0 0 0 0 0 0 0 0 0 0 0 0 0 0 0 0 0 0 0 0 0 0 0 0 0 0 0 0 0 0 0 0 0 0 1 1 255 53 1 1 1 197 251 233 224 197 126 2 1 1 1 0 0 0 0 1 1 2 1 0 0 0 0 0 0 0 0 0 0 1 3 1 1 1 1 1 25 51 25 3 1 1 0 0 0 1 2 18 10 1 1 1 1 0 0 0 1 1 1 108 200 1 1 0 0 0 0 1 1 0 1 1 2 1 1 0 0 0 0 0 0 0 0 0 1 5 1 1 1 1 1 0 1 56 1 2 3 1 1 1 1 0 1 1 1 1 7 9 10 3 1 1 1 1 1 1 1 1 1 21 84 86 85 82 49 3 0 1 1 0 0 0 0 0 14 1 1 1 1 1 1 1 0 1 20 221 222 40 1 0 0 0 0 0 0 0 1 1 1 1 253 2 1 1 250 253 105 104 124 1 182 237 2 216 244 190 6 1 0 0 1 16 3 1 1 0 1 1 1 1 0 0 0 1 1 1 1 1 1 1 1 1 1 0 0 0 2 0 0 0 0 0 1 1 1 0 0 0 1 1 1 0 2 1 223 178 0 0 0
1 1 1 1 6 5 1 67 195 49 1 0 0 1 1 0 0 0 0 0 1 0 1 107 40 1 0 1 1 1 0 0 0 0 0 1 56 1 0 1 1 1 0 7 1 45 31 31 1 1 1 0 1 1 1 1 1 4 1 1 1 1 1 1 0 0 0 0 0 0 0 1 1 1 1 1 1 0 0 0 1 1 127 132 1 1 32 33 2 1 1 1 1 1 1 1 1 1 1 1 1 1 43 55 1 0 1 1 0 1 3 0 0 0 0 0 0 0 7 1 1 1 0 0 1 6 1 1 0 0 0 0 0 1 0 1 101 205 14 1 0 0 1 1 1 1 160 2 231 53 1 1 0 0 1 1 1 129 2 1 1 1 6 1 1 1 72 15 1 1 1 5 3 1 1 0 0 1 1 0 2 4 1 1 1 0 0 0 0 0 1 1 0 0 0 0 0 0 1 1 1 1 89 146 1 1 1 1 1 1 0 0 0 0 0 0 0 0 0 0 0 0 0 0 0 0 0 0 0 0 0 0 0 0 0 0 0 0 0 0 0 0 0 0 0 0 0 0 0 0 0 0 0 0 0 0 0 0 0 0 0 0 0 0 0 0 0 0 0 0 0 0 0 0 0 0 0 1 1 255 1 1 1 1 1 148 242 39 1 1 1 0 0 1 1 0 0 1 1 2 1 1 0 0 0 0 0 0 0 0 0 0 3 1 0 0 0 0 1 1 1 8 39 53 29 1 1 1 12 16 1 1 1 1 1 0 0 0 0 1 1 1 213 12 1 1 1 1 0 1 1 0 0 2 1 1 1 2 1 0 0 0 0 0 0 0 1 3 1 1 0 1 1 1 1 1 58 1 6 1 1 1 1 1 0 1 0 0 0 1 1 1 3 1 1 1 1 1 1 3 50 62 21 1 1 1 1 1 1 1 1 0 0 0 0 0 0 5 4 0 0 1 1 1 1 1 1 1 1 38 222 222 26 0 0 0 0 0 1 1 1 1 1 253 1 1 202 255 4 133 145 1 2 248 2 1 1 27 240 237 1 0 0 0 1 14 3 1 1 1 1 1 1 1 1 1 1 1 1 1 1 1 1 1 1 1 0 0 1 1 0 0 0 0 0 0 1 1 0 0 0 0 0 1 1 2 1 238 61 0 0 0
1 1 1 5 1 1 1 14 151 171 1 0 0 1 1 1 0 0 0 0 1 1 0 1 130 2 0 1 0 1 1 0 0 0 0 1 59 1 1 0 1 1 1 7 1 71 68 7 1 1 0 0 0 0 0 0 0 5 0 1 1 1 0 1 0 0 0 0 0 1 1 1 0 0 1 0 1 1 1 1 1 2 184 1 32 34 2 1 1 1 1 1 1 1 1 1 1 1 1 1 0 0 1 98 1 1 1 1 0 0 4 1 0 0 0 0 0 0 8 1 1 1 0 0 0 1 5 1 1 0 0 0 0 1 1 167 191 1 1 1 0 1 1 0 1 0 99 110 233 2 1 0 0 0 1 1 1 131 1 1 1 0 1 9 1 1 1 57 32 1 3 6 1 1 1 0 0 0 1 1 0 1 5 1 1 1 0 0 0 0 1 1 1 0 0 1 1 1 1 4 83 166 145 1 1 1 1 0 0 0 0 0 0 0 0 0 0 0 0 0 0 0 0 0 0 0 0 0 0 0 0 0 0 0 0 0 0 0 0 0 0 0 0 0 0 0 0 0 0 0 0 0 0 0 0 0 0 0 0 0 0 0 0 0 0 0 0 0 0 0 0 0 0 0 0 0 0 1 1 255 3 1 1 0 1 1 164 241 151 2 1 1 1 1 1 0 0 1 3 1 0 0 0 0 0 0 0 0 0 0 0 0 3 0 0 0 0 0 0 0 0 1 1 1 6 49 13 19 3 1 1 1 1 1 0 0 0 0 1 1 1 3 213 1 1 1 0 0 0 1 0 0 1 1 0 0 0 1 2 1 1 0 0 0 0 0 1 3 1 0 0 0 0 1 1 28 9 1 6 1 1 0 0 1 1 1 0 1 1 1 1 1 4 1 2 41 56 56 56 41 2 1 0 1 1 1 0 0 0 0 0 0 0 0 0 0 0 1 15 0 0 0 0 1 1 1 1 2 3 4 4 67 224 222 12 1 1 1 1 0 0 1 2 253 112 255 255 113 1 2 1 1 238 173 1 1 83 128 2 196 242 1 0 0 1 1 15 2 1 1 1 1 0 0 0 1 1 2 1 1 1 1 0 0 1 0 0 0 1 1 0 0 0 0 0 1 1 1 1 1 0 0 0 1 2 1 89 236 1 0 0 0
1 2 1 1 1 1 6 1 8 190 100 1 0 0 1 1 1 0 0 0 0 1 1 1 21 117 1 1 0 1 1 1 1 1 1 1 48 1 1 1 1 1 1 6 60 38 1 2 16 1 0 0 0 0 0 1 1 5 1 1 1 1 0 1 0 0 0 1 1 1 0 0 0 0 1 0 0 0 1 1 1 12 203 37 1 1 1 0 0 0 1 1 1 1 1 1 1 1 1 1 0 0 1 9 82 1 1 1 1 0 1 3 1 1 1 1 1 1 5 2 1 1 0 0 0 1 7 1 1 0 0 0 1 48 210 144 1 1 1 1 1 1 0 0 1 1 16 185 238 1 1 1 0 1 1 1 1 131 1 1 1 0 1 2 5 1 1 1 38 62 11 1 1 1 0 0 0 0 0 1 1 1 1 6 1 1 1 0 0 1 1 2 1 1 1 1 2 35 152 171 143 12 1 1 1 0 0 0 0 0 0 0 0 0 0 0 0 0 0 0 0 0 0 0 0 0 0 0 0 0 0 0 0 0 0 0 0 0 0 0 0 0 0 0 0 0 0 0 0 0 0 0 0 0 0 0 0 0 0 0 0 0 0 0 0 0 0 0 0 0 0 0 0 0 0 0 0 1 1 255 165 1 1 0 1 108 31 3 233 207 149 149 149 149 145 115 31 5 1 1 1 0 0 0 0 0 0 0 0 0 0 0 3 0 0 0 0 0 0 0 0 0 1 1 4 62 15 1 1 1 0 0 0 0 0 0 0 0 1 1 1 178 157 1 1 0 0 0 1 1 0 0 1 1 0 0 0 0 1 2 1 1 0 0 0 1 5 1 0 0 0 0 0 0 1 59 1 1 6 1 1 0 0 0 0 1 1 1 1 1 3 20 40 52 42 2 1 0 0 0 0 0 0 0 0 0 0 0 0 0 0 0 0 0 0 0 0 1 15 0 0 1 1 2 3 4 4 3 1 1 1 1 1 79 227 217 6 1 1 1 1 1 245 233 255 213 2 7 6 1 1 151 243 1 0 94 81 1 1 1 178 244 3 1 0 0 1 20 1 1 1 1 1 1 1 0 1 2 1 1 1 1 0 0 0 1 0 0 2 0 0 0 0 1 1 1 1 1 2 2 2 1 2 2 1 1 231 128 0 0 0 0
1 2 1 1 4 5 1 1 1 118 187 1 0 0 0 1 1 1 0 0 1 1 1 1 1 91 64 1 1 1 1 1 1 1 0 1 46 1 1 1 1 1 2 59 53 2 1 1 15 1 1 1 1 1 1 1 1 6 1 0 1 1 0 1 1 1 1 1 0 0 0 0 0 0 1 0 0 1 1 3 65 63 90 144 1 1 1 1 0 0 1 1 1 1 1 1 1 1 1 1 0 0 0 1 25 87 1 1 1 1 4 1 0 0 0 1 1 1 1 4 1 0 0 0 0 0 1 5 1 1 1 1 175 201 14 1 0 0 0 1 1 0 0 0 1 1 40 193 229 40 1 1 0 1 1 1 1 131 1 1 1 0 0 1 7 1 1 1 1 96 92 1 1 1 1 1 1 0 0 0 0 1 1 1 5 1 1 0 0 0 1 2 1 2 55 151 173 158 54 1 1 1 0 0 0 0 0 0 0 0 0 0 0 0 0 0 0 0 0 0 0 0 0 0 0 0 0 0 0 0 0 0 0 0 0 0 0 0 0 0 0 0 0 0 0 0 0 0 0 0 0 0 0 0 0 0 0 0 0 0 0 0 0 0 0 0 0 0 0 0 0 0 0 0 0 0 0 1 1 253 255 0 1 1 78 75 1 1 1 211 197 2 1 1 2 40 126 144 146 148 148 147 145 113 17 1 1 1 1 0 0 1 2 0 0 0 0 0 0 0 0 1 1 44 51 1 1 1 1 0 0 0 0 0 0 0 0 0 1 1 1 216 2 1 0 0 0 0 1 0 0 1 2 1 0 0 0 0 0 1 1 2 1 0 0 3 2 0 0 0 0 0 0 1 14 18 0 1 4 2 1 1 1 1 1 1 15 25 26 28 17 2 1 1 0 0 0 0 0 0 0 0 0 0 0 0 0 0 0 0 0 0 0 0 0 0 0 1 16 1 3 4 3 2 1 1 1 2 5 5 1 1 1 1 1 104 229 215 4 1 1 1 253 176 255 1 1 1 7 4 1 247 4 1 8 136 1 0 0 0 1 152 246 9 1 1 1 21 1 1 0 0 0 1 2 2 2 1 1 1 1 0 0 0 0 1 1 1 1 1 0 1 1 1 1 1 0 0 0 0 1 2 1 1 1 140 230 1 0 0 0 0
3 1 1 6 1 1 2 1 1 1 173 142 1 1 1 0 0 1 1 1 1 1 1 1 1 1 129 5 1 0 1 1 1 1 1 1 24 26 1 0 1 1 15 97 1 1 1 2 24 2 1 0 0 0 0 1 0 6 1 0 1 1 1 1 1 0 0 0 0 0 0 0 0 1 1 0 1 1 28 75 6 1 1 177 2 1 0 1 1 1 1 1 1 1 2 1 1 1 1 2 1 0 0 1 1 5 98 93 97 42 1 1 0 0 0 1 1 0 0 2 1 0 0 1 1 1 1 7 1 1 71 211 135 1 1 0 0 0 1 1 0 0 1 0 0 1 146 180 85 215 1 1 0 1 1 1 1 133 1 1 1 0 0 0 1 10 1 1 53 1 15 105 2 1 1 1 0 1 1 0 0 0 1 1 1 4 2 1 1 1 1 18 150 173 151 58 2 1 1 1 0 0 0 0 0 0 0 0 0 0 0 0 0 0 0 0 0 0 0 0 0 0 0 0 0 0 0 0 0 0 0 0 0 0 0 0 0 0 0 0 0 0 0 0 0 0 0 0 0 0 0 0 0 0 0 0 0 0 0 0 0 0 0 0 0 0 0 0 0 0 0 0 0 0 0 0 1 1 1 109 255 1 1 42 107 1 1 1 1 1 189 214 7 1 1 2 1 1 1 1 1 1 1 38 127 145 147 148 148 148 139 98 8 1 1 1 1 1 0 1 1 17 67 6 1 1 1 0 0 0 0 0 0 0 0 0 0 0 1 1 33 209 1 1 0 0 0 0 1 0 0 1 1 0 0 0 0 0 0 0 1 1 2 1 1 5 1 0 0 0 0 0 0 1 58 1 1 1 3 15 1 0 1 14 21 19 2 1 1 0 0 0 0 0 0 0 0 0 0 0 0 0 0 0 0 0 0 0 0 0 0 0 0 1 1 1 1 1 16 3 1 1 1 3 8 8 7 4 2 2 5 8 3 1 0 1 1 127 230 212 3 245 255 255 170 1 1 2 2 1 224 205 1 1 147 2 0 0 0 0 0 1 113 246 37 1 2 14 1 1 1 0 0 1 3 1 2 1 1 0 0 0 0 0 0 0 1 1 1 1 1 1 1 1 0 0 0 0 0 0 0 0 0 0 0 236 100 0 0 0 0 0
1 1 4 1 1 1 1 1 2 1 81 199 8 1 1 1 0 1 1 1 1 1 1 1 1 1 9 125 1 1 1 1 1 1 1 0 1 10 15 1 2 7 2 83 38 1 0 1 1 13 24 1 0 0 1 1 0 7 1 0 1 1 0 0 1 1 0 0 1 1 1 1 1 1 1 3 5 58 44 1 1 1 1 88 142 1 1 0 0 0 1 1 1 2 1 1 1 1 1 2 1 1 1 1 1 1 1 3 3 107 8 1 0 0 1 1 0 0 0 2 1 1 1 0 0 0 1 1 9 178 197 7 1 1 0 0 0 1 1 1 0 0 1 1 1 47 212 8 21 209 78 1 0 1 1 0 1 133 1 1 0 0 0 0 1 2 5 44 4 1 1 4 110 5 1 1 0 0 0 0 0 0 0 1 1 1 3 4 2 84 166 163 61 1 1 1 1 0 0 0 0 0 0 0 0 0 0 0 0 0 0 0 0 0 0 0 0 0 0 0 0 0 0 0 0 0 0 0 0 0 0 0 0 0 0 0 0 0 0 0 0 0 0 0 0 0 0 0 0 0 0 0 0 0 0 0 0 0 0 0 0 0 0 0 0 0 0 0 0 0 0 0 0 0 1 1 1 1 1 168 255 1 1 138 2 1 1 1 1 1 1 154 227 28 2 1 1 1 1 0 0 0 0 1 1 1 1 1 1 1 4 74 132 144 147 147 147 147 137 83 86 29 1 1 1 1 1 0 0 1 0 0 0 0 0 0 0 1 1 1 207 50 1 1 1 0 0 0 1 0 0 1 1 0 0 0 0 0 0 0 0 1 1 2 6 1 0 0 0 0 0 0 1 2 48 1 1 3 1 1 14 15 12 2 1 0 0 0 0 0 0 0 0 0 0 0 0 0 0 0 0 0 0 0 0 0 0 1 1 1 1 1 1 1 1 1 0 1 16 2 1 6 7 2 1 0 0 0 0 0 0 1 3 8 3 1 1 0 1 148 255 255 253 253 250 249 177 6 1 56 244 1 1 5 142 0 0 0 0 0 0 0 1 55 246 91 14 2 1 1 1 1 1 3 1 1 1 1 1 0 0 0 0 0 0 0 1 0 0 0 0 0 0 0 0 0 0 0 0 0 0 0 0 0 1 245 1 0 0 0 0 0
6 2 1 1 1 1 0 1 1 1 1 154 163 1 0 1 1 1 1 0 0 1 1 1 1 1 1 115 29 1 0 0 1 1 1 1 0 29 29 4 3 1 0 1 47 58 1 1 0 1 21 14 0 0 1 1 0 7 1 0 1 0 0 0 0 1 1 1 1 1 2 3 4 4 2 1 60 15 1 1 1 1 1 1 180 1 1 1 0 0 1 1 1 1 1 1 1 1 1 1 2 1 1 1 1 1 1 1 1 2 115 1 1 0 1 1 1 0 0 1 1 1 1 0 0 1 1 86 210 125 1 0 0 1 0 0 1 1 1 1 1 1 1 1 1 183 158 1 1 62 221 1 1 1 1 1 1 133 1 1 0 0 0 1 1 1 66 12 1 0 1 1 1 105 19 1 1 0 0 0 0 0 0 1 1 1 34 163 170 138 8 1 1 1 0 0 0 0 0 0 0 0 0 0 0 0 0 0 0 0 0 0 0 0 0 0 0 0 0 0 0 0 0 0 0 0 0 0 0 0 0 0 0 0 0 0 0 0 0 0 0 0 0 0 0 0 0 0 0 0 0 0 0 0 0 0 0 0 0 0 0 0 0 0 0 0 0 0 0 0 0 0 0 0 1 1 0 1 1 255 241 1 1 140 1 1 1 1 1 1 1 1 104 231 88 1 1 1 1 1 1 0 0 0 0 0 0 0 0 0 0 1 1 1 1 1 1 1 67 135 136 140 142 143 143 142 133 66 4 1 1 1 1 1 1 1 1 1 1 1 216 1 1 0 1 1 0 1 1 0 1 2 1 0 0 0 0 0 0 0 0 0 1 1 5 2 1 0 0 0 0 0 1 48 2 1 1 4 1 0 1 1 0 1 0 0 0 0 0 0 0 0 0 0 0 0 0 0 0 0 0 1 1 1 1 1 2 3 4 4 3 3 1 1 0 0 0 1 25 1 5 1 0 0 1 0 0 0 1 0 0 1 0 1 3 6 1 1 1 220 255 64 1 3 2 66 245 250 235 246 41 1 1 144 3 0 0 0 0 0 0 0 0 1 15 246 162 1 1 0 0 1 3 1 0 1 1 0 0 0 0 0 0 0 0 0 1 0 0 0 0 0 0 0 0 0 0 0 0 0 0 0 0 0 51 240 1 0 0 0 0 0
1 1 0 1 1 0 0 1 1 2 1 44 202 27 1 1 1 0 1 0 0 0 0 1 1 1 1 2 133 1 0 0 0 1 1 1 0 38 4 1 1 1 1 1 1 86 3 1 1 1 28 4 1 0 1 1 0 6 1 0 1 0 0 1 1 2 3 3 3 2 1 1 1 1 1 63 6 1 1 1 0 1 1 1 144 85 1 1 1 1 2 1 1 1 0 0 0 0 1 1 1 2 1 1 1 1 1 1 1 1 43 79 1 0 1 1 1 0 0 1 1 1 1 1 1 12 191 198 69 1 1 1 1 1 1 1 1 0 0 0 1 1 1 1 57 202 41 1 1 11 223 12 1 1 1 1 1 133 1 1 0 0 1 1 1 35 30 8 1 1 0 1 1 1 92 46 1 1 0 1 1 1 1 6 140 175 159 32 1 1 1 1 0 0 0 0 0 0 0 0 0 0 0 0 0 0 0 0 0 0 0 0 0 0 0 0 0 0 0 0 0 0 0 0 0 0 0 0 0 0 0 0 0 0 0 0 0 0 0 0 0 0 0 0 0 0 0 0 0 0 0 0 0 0 0 0 0 0 0 0 0 0 0 0 0 0 0 0 0 0 0 0 0 0 1 1 1 1 6 255 1 1 1 139 1 1 1 1 1 1 1 1 1 55 229 138 1 1 0 0 1 1 0 0 0 0 0 0 0 0 0 0 0 0 0 1 17 54 3 1 1 0 1 1 1 1 5 88 135 143 144 144 144 144 144 144 144 144 143 179 184 1 1 1 1 1 1 1 1 1 1 1 0 0 0 0 0 0 0 0 0 0 1 4 1 1 2 1 1 0 0 0 1 58 1 1 1 4 1 0 0 1 1 1 1 0 0 0 0 0 0 0 0 0 0 0 0 1 1 1 1 1 2 3 4 4 2 1 1 1 1 4 1 0 0 0 0 1 27 1 8 0 0 1 1 0 0 0 1 0 0 1 0 0 0 2 5 1 177 255 168 1 1 1 3 1 1 2 214 213 1 1 33 117 1 0 0 0 0 0 0 0 0 0 1 4 247 165 1 0 1 3 1 1 1 1 1 0 0 0 0 0 0 0 0 0 0 0 0 0 0 0 0 0 0 0 0 0 0 0 0 0 0 0 185 220 1 0 0 0 0 0
1 0 1 1 0 0 0 1 0 2 1 1 156 162 1 1 0 0 1 1 0 0 1 1 1 1 1 1 128 8 1 0 0 1 1 1 0 1 57 1 1 1 1 1 1 2 88 1 1 1 46 4 1 1 1 1 1 6 7 3 4 3 3 3 2 1 1 1 1 1 1 0 0 1 59 7 1 1 0 0 1 1 0 1 2 176 1 1 1 1 1 0 0 1 0 0 0 1 1 1 1 1 1 1 1 0 1 1 1 1 1 111 4 1 1 1 0 0 1 1 1 1 1 2 175 216 119 1 1 21 1 0 0 1 1 0 0 0 0 0 0 1 1 4 212 3 32 1 1 1 90 218 1 1 1 0 1 133 1 1 0 1 1 1 14 48 1 2 4 1 0 0 0 1 1 70 70 1 1 1 2 105 174 172 89 1 1 1 1 0 0 0 0 0 0 0 0 0 0 0 0 0 0 0 0 0 0 0 0 0 0 0 0 0 0 0 0 0 0 0 0 0 0 0 0 0 0 0 0 0 0 0 0 0 0 0 0 0 0 0 0 0 0 0 0 0 0 0 0 0 0 0 0 0 0 0 0 0 0 0 0 0 0 0 0 0 0 0 0 0 0 0 0 0 1 0 1 1 254 255 2 2 1 129 5 1 1 0 1 1 0 1 3 1 6 219 180 2 1 0 0 1 1 0 0 0 0 0 0 0 0 0 0 1 2 54 15 1 0 0 0 0 0 0 0 0 0 0 0 0 1 1 1 1 1 1 1 1 1 213 68 38 3 1 1 1 1 1 1 0 1 1 0 0 0 0 0 0 0 0 0 1 3 1 1 1 1 2 1 1 1 1 16 17 2 2 3 1 1 0 1 1 0 0 1 0 0 0 0 0 0 0 0 1 1 1 1 1 2 4 4 3 2 1 1 1 1 0 0 1 1 4 0 0 0 0 0 1 27 1 7 0 0 1 0 0 0 0 1 0 0 1 0 0 0 1 8 26 255 230 1 1 1 1 1 2 1 1 1 51 147 62 149 1 1 0 0 0 0 0 0 0 0 0 0 1 2 245 180 1 3 1 0 1 1 1 0 0 0 0 0 0 0 0 0 0 0 0 0 0 0 0 0 0 0 0 0 0 0 0 0 0 0 1 223 179 0 0 0 0 0 0
1 0 1 1 0 0 1 1 1 1 1 1 117 191 1 1 0 0 0 1 0 1 0 1 1 1 1 1 11 123 1 0 0 0 1 1 0 0 42 5 1 0 0 1 1 1 87 7 2 2 4 19 31 24 2 1 1 1 2 7 1 1 1 1 1 0 1 0 0 1 1 1 1 45 15 1 1 0 0 0 0 0 0 0 1 138 97 2 1 1 0 0 0 1 1 0 1 1 0 1 1 1 1 1 1 1 1 1 1 1 1 4 114 1 1 1 1 1 1 1 1 113 201 221 146 1 1 1 1 3 10 1 1 1 0 0 0 0 0 0 1 1 1 204 46 2 23 1 0 0 8 225 5 1 1 1 1 132 1 1 1 1 0 5 65 1 1 1 7 1 1 0 0 0 1 1 48 94 52 165 174 130 2 1 1 1 1 0 0 0 0 0 0 0 0 0 0 0 0 0 0 0 0 0 0 0 0 0 0 0 0 0 0 0 0 0 0 0 0 0 0 0 0 0 0 0 0 0 0 0 0 0 0 0 0 0 0 0 0 0 0 0 0 0 0 0 0 0 0 0 0 0 0 0 0 0 0 0 0 0 0 0 0 0 0 0 0 0 0 0 0 0 0 1 1 0 1 1 255 22 1 1 3 4 130 1 2 0 1 1 1 3 1 1 1 2 204 199 2 1 1 0 1 1 0 0 0 0 0 0 1 1 1 9 10 30 5 1 1 0 0 0 0 0 0 0 0 0 0 1 1 0 0 0 0 0 1 1 3 206 1 4 42 57 59 59 59 59 57 45 20 3 8 21 9 7 23 41 42 20 3 1 4 1 0 0 1 1 1 2 1 1 66 2 1 1 1 1 1 1 1 0 0 0 0 0 0 1 1 1 1 1 1 1 3 3 4 3 2 1 1 1 6 11 21 32 3 0 0 1 2 2 0 0 0 0 0 1 25 1 7 1 0 1 1 0 0 0 1 1 0 1 0 0 1 8 2 255 251 1 1 1 1 1 1 1 1 0 0 0 1 91 10 0 1 1 0 0 0 0 0 0 0 0 0 0 1 1 245 193 1 1 1 1 1 0 0 0 0 0 0 0 0 0 0 0 0 0 0 0 0 0 0 0 0 0 0 0 0 0 0 0 0 1 242 14 0 0 0 0 0 0
0 1 1 1 0 0 1 0 1 1 1 1 1 205 82 1 0 0 0 1 1 1 0 1 1 1 1 4 1 101 39 1 0 0 1 1 1 0 1 61 1 0 0 0 1 1 2 81 1 1 1 0 1 4 17 1 0 1 1 4 1 0 1 1 1 0 1 0 0 1 0 1 18 40 1 1 0 0 0 0 0 0 0 0 1 1 179 1 1 1 1 1 1 1 1 1 1 1 1 1 0 1 1 1 1 1 1 1 1 1 1 2 68 59 1 3 25 136 200 219 220 192 90 1 1 0 1 1 1 1 12 2 1 1 0 0 0 0 0 0 1 1 183 126 1 8 9 0 0 0 1 103 215 1 1 1 1 132 1 1 1 1 2 75 1 0 0 0 1 8 1 1 1 1 1 2 85 137 152 14 1 1 1 1 0 0 0 0 0 0 0 0 0 0 0 0 0 0 0 0 0 0 0 0 0 0 0 0 0 0 0 0 0 0 0 0 0 0 0 0 0 0 0 0 0 0 0 0 0 0 0 0 0 0 0 0 0 0 0 0 0 0 0 0 0 0 0 0 0 0 0 0 0 0 0 0 0 0 0 0 0 0 0 0 0 0 0 0 0 0 0 0 0 1 1 1 7 254 255 3 6 12 15 5 121 44 2 1 1 1 2 1 3 2 3 1 1 183 217 5 1 1 1 1 1 0 0 0 0 1 1 6 13 2 1 1 14 25 1 1 0 0 0 0 0 0 0 0 1 1 0 0 0 0 0 1 1 1 184 115 1 1 0 0 0 0 1 1 1 2 20 52 27 8 19 22 7 2 2 8 37 74 57 54 51 30 5 1 1 1 2 5 46 1 1 0 0 0 0 0 0 0 0 0 1 1 1 1 1 1 3 4 4 3 2 1 1 1 1 6 12 8 2 1 1 1 26 5 1 1 3 0 0 0 0 0 1 1 25 1 3 3 1 0 1 1 0 0 0 1 1 1 0 1 6 2 251 255 9 1 1 1 1 0 0 0 1 0 0 0 1 0 0 0 0 0 0 0 0 0 0 0 0 0 0 0 0 1 1 243 207 2 1 1 0 0 0 0 0 0 0 0 0 0 0 0 0 0 0 0 0 0 0 0 0 0 0 0 0 0 0 0 1 116 234 1 0 0 0 0 0 0
0 1 1 0 0 0 1 1 1 1 1 1 1 152 169 1 1 0 0 1 1 1 1 1 2 4 2 10 1 1 125 3 1 1 1 1 1 0 0 61 1 0 0 0 1 1 1 91 1 0 1 1 0 1 12 3 1 1 4 1 1 1 0 1 1 1 1 0 1 1 1 1 74 1 1 1 1 0 0 0 0 0 0 0 0 1 102 137 1 1 1 1 1 3 5 3 1 1 1 1 1 1 1 1 1 1 1 1 1 2 3 24 129 209 209 215 207 177 76 2 1 1 2 1 1 0 0 1 1 1 4 8 1 1 1 0 0 0 0 0 1 149 169 1 1 24 2 0 0 0 0 17 215 69 1 1 1 132 1 1 1 1 74 2 0 0 0 0 1 3 5 2 14 97 112 109 22 1 1 1 0 0 0 0 0 0 0 0 0 0 0 0 0 0 0 0 0 0 0 0 0 0 0 0 0 0 0 0 0 0 0 0 0 0 0 0 0 0 0 0 0 0 0 0 0 0 0 0 0 0 0 0 0 0 0 0 0 0 0 0 0 0 0 0 0 0 0 0 0 0 0 0 0 0 0 0 0 0 0 0 0 0 0 0 0 0 0 0 0 0 0 0 0 1 1 141 247 250 255 38 2 1 3 1 1 149 1 2 1 2 1 1 1 1 1 2 1 1 153 229 26 1 1 0 1 0 0 1 1 3 12 3 1 1 0 0 1 1 27 9 1 0 0 0 0 0 0 1 1 0 0 0 0 0 0 1 1 1 209 1 1 0 0 0 0 1 1 0 0 0 0 1 2 3 1 0 1 1 1 0 1 3 1 1 1 4 30 50 55 53 53 108 9 1 1 0 0 0 0 1 1 1 1 1 1 2 3 4 4 3 1 1 1 1 3 5 9 13 12 3 1 0 0 1 1 1 1 43 1 4 1 1 1 1 1 1 1 1 22 3 1 4 2 0 0 1 0 0 0 1 1 0 1 4 2 223 255 115 1 1 1 1 1 0 0 0 1 1 0 0 1 0 0 0 0 0 0 0 0 0 0 0 0 0 0 0 0 0 1 1 238 218 1 0 0 0 0 0 0 0 0 0 0 0 0 0 0 0 0 0 0 0 0 0 0 0 0 0 0 0 0 1 1 231 129 1 0 0 0 0 0 0
1 1 0 0 0 0 0 1 1 1 1 1 0 88 202 2 1 1 1 1 4 3 3 3 1 1 0 12 1 1 4 123 1 1 0 0 1 1 0 4 42 0 0 0 0 1 1 46 30 0 1 1 1 0 1 28 1 1 4 0 1 1 0 0 1 1 1 1 1 1 1 62 5 1 1 1 1 0 0 0 0 0 1 1 1 1 1 174 9 1 12 165 219 222 222 222 216 181 99 16 3 1 1 2 2 3 8 54 153 212 223 221 198 160 116 1 1 1 1 1 1 1 2 1 1 1 0 1 1 1 23 1 1 1 1 0 0 0 0 1 90 196 1 0 0 34 1 0 0 0 0 16 7 224 1 1 1 132 1 1 1 68 4 1 0 0 1 1 1 48 103 108 91 8 1 1 1 0 0 0 0 0 0 0 0 0 0 0 0 0 0 0 0 0 0 0 0 0 0 0 0 0 0 0 0 0 0 0 0 0 0 0 0 0 0 0 0 0 0 0 0 0 0 0 0 0 0 0 0 0 0 0 0 0 0 0 0 0 0 0 0 0 0 0 0 0 0 0 0 0 0 0 0 0 0 0 0 0 0 0 0 0 0 0 0 0 0 0 0 0 0 0 1 174 211 175 39 254 255 255 254 251 126 1 1 143 4 1 3 4 3 1 0 1 1 1 1 1 1 85 232 100 1 1 1 1 1 1 12 7 1 1 0 0 0 0 0 0 1 8 25 1 1 0 0 0 1 1 0 0 0 0 0 0 0 1 1 60 198 1 0 0 0 0 0 1 0 0 0 0 0 0 0 1 3 2 1 0 1 1 5 1 1 0 0 0 0 1 1 1 1 17 26 23 1 1 1 1 1 1 1 2 4 4 4 2 1 1 1 1 12 14 16 14 8 3 1 1 0 1 1 1 1 1 2 1 1 49 1 5 8 20 19 19 19 18 16 15 11 1 1 1 8 0 1 1 0 0 1 1 0 0 1 7 112 255 197 1 1 1 1 1 0 0 0 0 0 1 0 0 0 0 0 0 0 0 0 0 0 0 0 0 0 0 0 0 0 0 0 0 1 228 227 1 0 0 0 0 0 0 0 0 0 0 0 0 0 0 0 0 0 0 0 0 0 0 0 0 0 0 0 1 197 216 1 0 0 0 0 0 0 0
1 1 0 0 0 0 1 1 0 0 0 1 1 1 185 127 1 1 2 2 1 1 0 0 0 0 0 3 7 3 3 23 128 3 1 1 1 1 1 1 61 1 0 0 0 1 1 1 89 0 0 1 1 1 0 8 6 1 4 1 1 1 0 1 1 0 1 1 0 1 3 66 1 1 0 1 1 1 0 0 1 1 1 1 1 1 1 45 211 218 222 174 48 4 3 7 65 158 211 222 222 214 184 172 193 219 223 221 191 106 11 2 1 7 20 9 1 1 1 1 0 0 1 1 1 1 1 1 1 1 24 1 0 0 0 0 0 0 0 9 214 1 1 0 1 36 1 0 0 0 0 14 1 166 178 1 1 130 1 1 52 12 1 1 1 1 55 93 93 35 1 1 1 1 0 0 0 0 0 0 0 0 0 0 0 0 0 0 0 0 0 0 0 0 0 0 0 0 0 0 0 0 0 0 0 0 0 0 0 0 0 0 0 0 0 0 0 0 0 0 0 0 0 0 0 0 0 0 0 0 0 0 0 0 0 0 0 0 0 0 0 0 0 0 0 0 0 0 0 0 0 0 0 0 0 0 0 0 0 0 0 0 0 0 0 0 0 0 0 0 0 1 196 141 1 1 3 6 13 250 254 255 255 255 255 255 255 255 255 255 216 1 1 1 1 1 1 1 1 1 17 228 154 1 1 1 7 10 1 1 1 0 0 0 0 0 0 0 0 1 1 27 5 1 0 1 1 1 0 0 0 0 0 0 1 1 1 203 18 1 0 0 0 0 1 1 0 0 0 0 0 0 0 0 0 1 3 1 1 3 1 1 1 0 0 0 0 0 1 1 1 16 1 2 30 2 1 2 3 4 4 2 1 1 1 1 1 1 4 10 1 0 1 0 1 1 1 1 0 0 0 0 0 1 1 1 2 65 1 1 7 2 1 1 1 1 1 0 2 1 1 1 9 1 1 0 0 0 1 0 0 0 9 3 255 240 1 1 1 1 1 1 0 0 0 0 0 0 0 0 0 0 0 0 0 0 0 0 0 0 0 0 0 0 0 0 0 0 0 0 0 1 219 240 1 1 0 0 0 0 0 0 0 0 0 0 0 0 0 0 0 0 0 0 0 0 0 0 0 0 1 136 230 2 0 0 0 0 0 0 0 0
1 0 0 0 0 0 1 1 0 0 1 1 1 1 134 182 2 4 1 1 1 0 1 0 0 0 1 1 3 1 1 1 6 132 38 1 1 0 1 1 4 45 1 0 0 0 1 1 91 1 0 1 1 1 1 1 26 0 1 4 1 1 1 1 1 0 1 1 1 1 68 3 1 1 1 1 1 1 1 1 1 1 8 52 107 142 161 162 219 182 2 1 1 1 1 1 1 1 1 2 11 89 157 172 142 61 5 1 1 1 1 1 1 7 2 45 1 0 0 1 0 0 1 1 1 1 1 0 0 0 1 17 0 0 0 0 0 1 1 212 20 1 0 0 1 37 1 0 0 0 0 12 1 1 224 4 1 129 1 32 30 1 1 1 6 107 25 1 1 1 0 0 0 0 0 0 0 0 0 0 0 0 0 0 0 0 0 0 0 0 0 0 0 0 0 0 0 0 0 0 0 0 0 0 0 0 0 0 0 0 0 0 0 0 0 0 0 0 0 0 0 0 0 0 0 0 0 0 0 0 0 0 0 0 0 0 0 0 0 0 0 0 0 0 0 0 0 0 0 0 0 0 0 0 0 0 0 0 0 0 0 0 0 0 0 0 0 0 0 0 1 189 104 1 1 1 9 1 1 1 1 1 1 16 150 192 183 101 156 250 255 253 1 1 1 1 1 1 1 1 1 4 215 192 5 12 2 1 1 0 0 0 0 0 0 0 0 0 0 0 1 1 10 17 1 1 1 0 0 0 0 0 0 0 1 1 2 207 1 1 1 1 1 1 1 0 0 0 0 0 0 0 0 0 0 0 1 2 3 4 1 1 1 0 0 0 0 0 0 1 13 1 1 1 1 24 15 2 1 1 0 0 1 1 2 2 2 5 5 1 1 0 1 1 1 1 1 1 1 1 0 0 0 0 0 0 1 63 1 0 7 1 1 1 0 0 0 1 3 1 1 1 9 0 0 0 0 1 3 1 1 7 5 253 253 1 1 1 1 0 1 1 0 0 0 0 0 0 0 0 0 0 0 0 0 0 0 0 0 0 0 0 0 0 0 0 0 0 0 0 0 0 1 201 245 2 1 0 0 0 0 0 0 0 0 0 0 0 0 0 0 0 0 0 0 0 0 0 0 0 6 236 51 0 0 0 0 0 0 0 0 0
1 0 0 0 1 1 1 0 0 1 1 1 1 1 23 185 118 1 0 0 1 0 1 0 1 1 0 0 3 1 0 0 1 1 112 126 4 1 1 1 1 58 1 0 1 1 1 1 44 31 0 0 1 0 1 1 25 1 0 1 3 3 1 1 1 1 1 1 2 5 88 7 14 38 88 129 152 161 162 162 162 161 155 136 99 35 2 1 33 219 4 1 1 1 1 1 0 1 1 1 1 1 1 1 1 1 1 1 0 1 1 1 5 2 2 4 32 1 0 1 0 1 1 1 1 1 1 0 0 0 0 7 5 0 0 0 1 1 185 126 1 1 0 0 1 35 1 0 0 0 0 3 5 1 113 203 2 129 18 62 2 1 1 28 93 2 1 0 0 0 0 0 0 0 0 0 0 0 0 0 0 0 0 0 0 0 0 0 0 0 0 0 0 0 0 0 0 0 0 0 0 0 0 0 0 0 0 0 0 0 0 0 0 0 0 0 0 0 0 0 0 0 0 0 0 0 0 0 0 0 0 0 0 0 0 0 0 0 0 0 0 0 0 0 0 0 0 0 0 0 0 0 0 0 0 0 0 0 0 0 0 0 0 0 0 0 0 0 0 0 35 202 1 1 1 1 8 1 1 0 1 1 0 1 1 72 94 1 18 6 1 255 247 1 1 0 1 1 1 1 1 1 1 197 210 3 1 0 1 0 0 1 0 0 0 0 0 0 0 0 0 0 1 3 23 2 1 0 0 0 0 0 0 0 1 1 155 162 1 0 0 0 0 0 1 0 0 0 0 0 0 0 0 0 0 0 1 1 10 3 2 1 1 1 1 0 0 0 0 1 18 1 0 0 1 1 9 13 1 1 1 1 1 1 0 0 1 11 1 0 1 0 0 1 1 1 1 1 1 1 0 1 1 1 1 1 1 61 1 0 4 3 0 0 0 1 26 125 129 127 127 127 123 92 14 1 5 12 7 12 12 2 249 255 4 1 1 1 0 0 1 1 0 0 0 0 0 0 0 0 0 0 0 0 0 0 0 0 0 0 0 0 0 0 0 0 0 0 0 0 0 0 0 1 170 247 6 1 0 0 0 0 0 0 0 0 0 0 0 0 0 0 0 0 0 0 0 0 0 1 226 162 1 0 0 0 0 0 0 0 0 0
0 0 0 0 1 1 0 0 1 1 1 0 2 6 1 88 191 1 1 0 1 1 1 1 1 0 0 0 1 3 0 0 0 1 1 15 133 132 41 1 1 1 56 1 1 1 1 1 1 86 0 0 1 0 0 1 2 14 0 1 1 2 4 1 53 141 160 160 159 180 169 155 149 138 115 64 9 1 1 1 1 1 1 1 0 0 0 1 1 174 168 1 0 0 0 1 1 1 0 0 1 1 1 0 0 1 1 1 1 1 1 1 10 1 1 2 15 15 1 1 0 1 1 1 1 1 1 1 1 0 0 1 20 1 1 0 1 146 170 1 1 0 0 1 5 16 0 0 0 0 0 1 13 1 2 218 42 149 133 88 88 90 91 50 1 1 0 0 0 0 0 0 0 0 0 0 0 0 0 0 0 0 0 0 0 0 0 0 0 0 0 0 0 0 0 0 0 0 0 0 0 0 0 0 0 0 0 0 0 0 0 0 0 0 0 0 0 0 0 0 0 0 0 0 0 0 0 0 0 0 0 0 0 0 0 0 0 0 0 0 0 0 0 0 0 0 0 0 0 0 0 0 0 0 0 0 0 0 0 0 0 0 0 0 0 0 0 0 0 1 202 30 1 1 1 1 2 1 1 0 1 1 1 1 1 118 32 1 3 9 1 84 255 1 1 0 1 0 1 1 6 7 7 13 176 221 6 1 1 1 0 1 0 0 0 0 0 0 0 0 0 0 1 5 3 2 4 1 0 0 0 0 0 0 1 1 206 3 1 0 0 0 0 1 1 1 0 0 0 0 0 0 0 0 0 0 1 3 4 1 1 3 1 1 1 1 1 0 1 5 5 0 0 0 0 1 1 4 20 2 1 1 2 1 1 0 2 10 1 0 1 0 1 0 0 1 0 1 1 1 1 0 0 0 1 1 1 59 1 0 6 2 0 0 1 21 98 2 1 1 1 1 1 5 75 112 125 3 0 0 1 217 255 70 1 1 1 0 0 0 1 1 0 0 0 0 0 0 0 0 0 0 0 0 0 0 0 0 0 0 0 0 0 0 0 0 0 0 0 0 0 0 0 0 1 129 248 14 1 0 0 0 0 0 0 0 0 0 0 0 0 0 0 0 0 0 0 0 0 70 238 1 1 0 0 0 0 0 0 0 0 0
0 0 0 1 1 0 0 1 1 0 0 2 2 1 1 1 165 130 1 0 0 1 1 0 0 0 0 0 1 3 1 0 0 0 0 1 1 5 112 141 153 201 185 106 24 1 1 1 1 86 1 1 1 1 1 0 1 24 1 1 17 123 162 160 131 31 1 1 1 77 1 1 1 1 1 1 1 0 0 0 0 1 1 0 0 0 0 0 1 3 221 16 1 1 1 1 1 1 1 0 0 0 1 1 1 1 0 0 0 0 1 1 10 1 1 1 2 32 3 1 1 1 0 1 1 0 1 1 1 1 0 0 1 24 1 1 85 196 1 1 1 1 1 1 16 5 0 0 0 0 0 0 7 1 1 51 224 145 1 1 1 1 1 1 1 0 0 0 0 0 0 0 0 0 0 0 0 0 0 0 0 0 0 0 0 0 0 0 0 0 0 0 0 0 0 0 0 0 0 0 0 0 0 0 0 0 0 0 0 0 0 0 0 0 0 0 0 0 0 0 0 0 0 0 0 0 0 0 0 0 0 0 0 0 0 0 0 0 0 0 0 0 0 0 0 0 0 0 0 0 0 0 0 0 0 0 0 0 0 0 0 0 0 0 0 0 0 0 0 1 211 1 1 1 1 3 1 1 0 1 1 0 1 1 0 144 1 1 3 10 1 1 255 1 1 1 1 1 1 6 1 1 1 5 1 126 231 33 1 1 1 0 1 0 0 0 0 0 0 0 0 1 3 5 1 1 1 5 1 0 0 0 0 1 1 8 204 1 1 0 0 0 1 1 0 1 0 0 0 0 0 0 0 0 0 1 1 10 1 1 1 1 2 3 1 0 1 1 1 18 1 0 0 0 0 0 1 1 1 19 6 1 1 2 1 0 12 4 1 1 0 0 1 1 1 1 1 1 1 1 1 1 1 1 1 1 2 54 0 1 9 1 1 1 1 123 2 1 1 0 0 0 0 1 0 1 9 125 97 1 102 255 181 1 1 1 0 0 0 0 1 1 0 0 0 0 0 0 0 0 0 0 0 0 0 0 0 0 0 0 0 0 0 0 0 0 0 0 0 0 0 0 0 0 1 1 93 249 17 1 0 0 0 0 0 0 0 0 0 0 0 0 0 0 0 0 0 0 0 222 180 1 1 0 0 0 0 0 0 0 0 0
0 0 0 1 1 0 1 1 0 0 1 3 0 0 1 1 58 201 1 1 0 0 1 0 0 0 0 0 0 1 2 1 0 1 1 1 1 1 1 110 220 166 199 215 226 229 229 220 191 161 75 3 1 1 1 1 6 107 147 156 139 56 1 1 1 1 1 0 1 79 1 1 0 1 1 1 1 0 0 0 0 0 1 0 0 0 0 0 1 1 158 189 13 3 1 1 1 1 1 1 1 1 1 1 0 0 0 0 0 1 1 1 6 0 1 0 1 3 48 1 1 1 1 1 1 1 1 0 1 1 1 0 0 2 12 7 212 1 1 1 1 1 1 1 29 1 0 0 0 0 0 0 1 10 1 6 216 130 1 1 0 0 0 0 0 0 0 0 0 0 0 0 0 0 0 0 0 0 0 0 0 0 0 0 0 0 0 0 0 0 0 0 0 0 0 0 0 0 0 0 0 0 0 0 0 0 0 0 0 0 0 0 0 0 0 0 0 0 0 0 0 0 0 0 0 0 0 0 0 0 0 0 0 0 0 0 0 0 0 0 0 0 0 0 0 0 0 0 0 0 0 0 0 0 0 0 0 0 0 0 0 0 0 0 0 0 0 0 0 3 207 1 1 1 1 1 2 1 1 1 1 0 0 1 0 135 4 1 2 11 1 1 255 4 1 1 0 1 5 1 1 1 2 1 2 1 47 233 106 1 1 1 1 1 0 0 0 0 0 0 0 2 8 1 0 0 1 1 4 3 1 0 0 1 1 188 103 1 0 0 0 0 1 0 0 1 0 0 0 0 0 1 1 1 0 1 5 2 1 1 0 0 0 1 2 2 1 1 2 12 0 0 0 0 0 0 0 0 1 1 11 15 1 1 2 2 29 1 1 2 1 0 1 1 2 2 1 1 0 0 0 1 1 1 1 0 3 50 1 1 10 1 0 0 7 106 1 1 1 0 0 0 0 1 0 0 1 1 27 245 255 234 1 1 1 0 0 0 0 0 1 1 0 0 0 0 0 0 0 0 0 0 0 0 0 0 0 0 0 0 0 0 0 0 0 0 0 0 0 0 0 0 0 0 1 1 17 90 247 18 1 1 0 0 0 0 0 0 0 0 0 0 0 0 0 0 0 0 0 242 18 1 0 0 0 0 0 0 0 0 0 0
0 0 1 1 0 1 1 0 0 1 6 1 0 0 0 1 1 154 157 1 0 0 1 0 0 0 0 0 0 1 3 1 1 1 1 0 0 1 4 220 50 1 1 1 1 1 2 81 168 207 227 232 235 232 221 195 192 147 7 1 1 1 1 1 1 1 1 0 9 52 1 1 0 1 1 1 1 0 0 0 0 0 1 0 0 0 0 1 1 1 19 222 2 7 14 14 6 1 1 1 1 1 1 0 0 0 0 0 0 1 0 7 1 0 1 0 1 1 3 37 1 1 1 1 1 1 1 1 1 1 1 1 0 1 11 212 19 1 1 1 1 1 1 1 37 1 0 0 0 0 0 0 0 2 5 1 16 226 1 1 0 0 0 0 0 0 0 0 0 0 0 0 0 0 0 0 0 0 0 0 0 0 0 0 0 0 0 0 0 0 0 0 0 0 0 0 0 0 0 0 0 0 0 0 0 0 0 0 0 0 0 0 0 0 0 0 0 0 0 0 0 0 0 0 0 0 0 0 0 0 0 0 0 0 0 0 0 0 0 0 0 0 0 0 0 0 0 0 0 0 0 0 0 0 0 0 0 0 0 0 0 0 0 0 0 0 0 0 0 63 196 1 1 0 1 1 1 1 2 2 3 3 3 3 1 106 45 1 1 8 4 2 255 247 1 1 1 2 5 0 1 1 1 1 2 3 3 7 227 159 1 1 1 1 1 0 0 0 0 0 1 12 1 0 1 1 1 1 1 1 4 2 1 1 1 213 115 22 1 1 0 0 1 0 0 1 1 1 0 0 0 0 0 1 1 2 6 1 1 1 0 0 0 0 0 1 2 1 17 1 1 0 0 0 0 0 0 0 0 1 1 4 21 2 1 4 28 1 0 1 2 1 1 0 1 1 1 1 0 0 0 1 1 1 1 0 2 53 0 0 9 1 1 4 115 2 1 1 0 0 0 0 1 1 0 0 1 1 1 255 247 2 1 1 0 0 0 0 0 0 1 1 0 0 0 0 0 0 0 0 0 0 0 0 0 0 0 0 0 0 0 0 0 0 0 0 0 0 0 0 0 0 0 0 1 13 2 1 79 248 29 1 1 0 0 0 0 0 0 0 0 0 0 0 0 0 0 0 1 244 1 1 0 0 0 0 0 0 0 0 0 0
0 1 1 0 1 1 0 0 0 3 1 0 0 0 0 1 1 12 201 37 1 0 1 1 0 0 0 0 0 0 1 2 1 1 0 0 0 1 146 196 1 1 1 1 1 1 1 1 1 1 1 1 1 6 102 179 195 159 168 168 154 112 17 1 1 1 1 1 63 4 1 1 1 1 1 1 1 1 0 0 0 0 1 0 0 0 0 1 0 0 1 224 1 1 1 1 3 11 14 13 5 1 1 1 1 1 0 0 0 1 1 11 1 1 1 0 0 1 1 12 45 9 1 1 1 0 1 1 0 0 1 1 1 1 155 151 3 1 1 0 1 1 1 1 35 1 0 0 0 0 0 0 0 0 3 3 4 185 161 1 1 0 0 0 0 0 0 0 0 0 0 0 0 0 0 0 0 0 0 0 0 0 0 0 0 0 0 0 0 0 0 0 0 0 0 0 0 0 0 0 0 0 0 0 0 0 0 0 0 0 0 0 0 0 0 0 0 0 0 0 0 0 0 0 0 0 0 0 0 0 0 0 0 0 0 0 0 0 0 0 0 0 0 0 0 0 0 0 0 0 0 0 0 0 0 0 0 0 0 0 0 0 0 0 0 0 0 0 0 107 189 1 1 0 1 1 1 1 1 1 1 0 0 1 4 144 6 5 2 2 6 12 255 250 3 2 2 2 2 0 2 1 1 2 1 1 1 2 3 211 193 1 1 1 1 1 0 0 0 1 12 1 0 0 1 1 1 0 0 0 1 2 4 1 79 200 5 85 119 104 8 1 1 0 0 0 0 1 1 1 1 0 0 0 1 10 1 1 1 0 0 0 0 0 0 0 1 2 24 1 1 1 0 0 0 0 0 0 0 0 1 1 1 18 10 3 2 20 1 0 1 1 2 1 3 1 1 1 0 0 0 1 0 1 1 0 1 61 0 1 9 5 106 105 2 1 1 1 0 0 0 0 0 0 0 0 0 1 229 255 18 1 1 0 0 0 0 0 0 0 1 1 0 0 0 0 0 0 0 0 0 0 0 0 0 0 0 0 0 0 0 0 0 0 0 0 0 0 0 0 0 0 0 1 7 4 1 0 1 63 248 71 1 1 0 0 0 0 0 0 0 0 0 0 0 0 0 0 2 244 1 1 0 0 0 0 0 0 0 0 0 0
0 1 0 1 1 0 0 0 0 6 0 0 0 0 0 0 1 1 87 195 1 1 0 1 0 0 0 0 0 0 1 2 1 0 0 0 1 20 223 3 1 1 1 1 1 1 1 0 0 0 0 1 1 1 1 1 99 153 157 160 169 187 193 171 169 169 161 124 117 2 1 1 1 1 1 1 1 1 1 0 0 0 1 1 0 0 0 1 0 0 1 224 2 1 1 1 1 1 1 1 6 16 18 13 3 1 1 1 1 1 1 10 1 1 0 0 0 0 0 1 1 23 47 3 1 1 1 1 1 1 1 1 1 10 202 1 3 3 1 1 1 1 1 9 10 0 0 0 0 0 0 0 0 0 1 4 2 11 226 2 1 0 0 0 0 0 0 0 0 0 0 0 0 0 0 0 0 0 0 0 0 0 0 0 0 0 0 0 0 0 0 0 0 0 0 0 0 0 0 0 0 0 0 0 0 0 0 0 0 0 0 0 0 0 0 0 0 0 0 0 0 0 0 0 0 0 0 0 0 0 0 0 0 0 0 0 0 0 0 0 0 0 0 0 0 0 0 0 0 0 0 0 0 0 0 0 0 0 0 0 0 0 0 0 0 0 0 0 0 55 199 1 1 1 1 0 1 1 1 0 1 1 0 1 59 88 1 1 1 1 1 1 255 86 1 1 1 1 1 1 1 1 1 2 0 1 1 1 1 2 194 209 3 1 1 1 1 0 1 10 1 1 0 0 1 1 0 0 0 0 0 1 1 5 207 20 1 1 1 9 105 120 80 3 1 1 1 1 1 0 1 0 0 1 3 4 1 1 0 0 0 0 0 0 0 0 1 8 3 2 2 1 1 0 0 0 0 0 0 0 0 1 1 1 7 10 1 4 29 5 1 0 1 1 2 0 1 0 1 0 0 1 0 1 1 1 1 63 1 2 112 102 4 1 0 0 1 1 0 0 0 0 0 0 0 0 0 64 255 176 1 1 1 1 0 0 0 0 0 0 1 1 1 0 0 0 0 0 0 0 0 0 0 0 0 0 0 0 0 0 0 0 0 0 0 0 0 0 0 0 0 0 0 4 8 1 0 0 0 1 29 247 130 1 1 1 0 0 0 0 0 0 0 0 0 0 0 0 18 242 0 1 0 0 0 0 0 0 0 0 0 0
1 1 0 1 1 0 0 0 1 5 0 0 0 0 0 0 0 0 1 167 140 1 0 1 1 0 0 0 0 0 0 1 3 1 0 0 1 171 184 127 101 1 1 1 1 0 1 1 0 0 0 0 1 1 0 0 0 1 1 1 2 13 95 155 158 160 170 187 221 217 186 127 113 86 30 1 1 1 1 1 1 0 1 1 1 1 1 0 0 0 1 223 10 1 0 0 1 1 1 1 1 1 1 1 9 19 18 6 1 1 2 5 0 1 0 0 0 0 0 1 1 1 1 39 35 1 1 1 1 1 1 1 1 202 10 1 1 1 2 1 0 1 1 37 1 0 0 0 0 0 0 0 0 0 0 1 7 2 162 192 1 1 0 1 1 0 0 0 0 0 0 0 0 0 0 0 0 0 0 0 0 0 0 0 0 0 0 0 0 0 0 0 0 0 0 0 0 0 0 0 0 0 0 0 0 0 0 0 0 0 0 0 0 0 0 0 0 0 0 0 0 0 0 0 0 0 0 0 0 0 0 0 0 0 0 0 0 0 0 0 0 0 0 0 0 0 0 0 0 0 0 0 0 0 0 0 0 0 0 0 0 0 0 0 0 0 0 0 1 4 207 1 1 1 1 1 1 1 1 0 0 1 0 1 134 3 1 1 1 2 1 1 255 202 1 1 1 1 1 1 1 2 1 3 0 1 1 0 1 1 2 167 221 9 1 1 1 1 6 3 1 0 0 0 1 0 0 0 0 0 0 1 1 3 212 1 1 1 1 1 1 2 33 117 119 47 1 1 1 0 0 0 0 1 7 1 2 1 1 0 0 0 0 0 0 0 1 14 1 1 1 2 1 1 1 0 0 0 0 0 0 0 1 1 1 6 4 1 1 11 29 3 0 0 2 1 1 0 1 0 0 1 1 1 1 1 1 3 68 125 23 1 1 1 0 0 1 1 0 0 0 0 0 0 0 0 1 253 253 1 1 1 1 0 0 0 0 0 0 0 0 1 1 0 0 0 0 0 0 0 0 0 0 0 0 0 0 0 0 0 0 0 0 0 0 0 0 0 0 0 0 0 2 15 1 0 0 0 0 0 1 7 248 127 1 1 1 0 0 0 0 0 0 0 0 0 0 0 32 241 0 1 1 0 0 0 0 0 0 0 0 0
1 0 0 1 0 0 0 0 5 1 0 0 0 0 0 0 0 0 1 13 200 47 1 1 1 0 0 0 0 0 0 0 1 2 1 1 36 224 120 3 8 50 1 1 0 0 1 1 0 0 0 0 0 1 1 0 0 0 0 1 1 1 1 1 1 1 1 78 81 1 119 176 185 193 207 210 173 136 124 95 36 2 1 1 1 1 1 1 1 1 1 216 74 1 0 1 1 1 1 1 1 0 0 0 1 1 1 5 17 20 40 7 1 1 1 1 0 0 0 0 0 0 1 1 4 49 10 1 1 1 1 1 123 172 1 1 1 1 1 2 1 1 1 39 1 1 1 0 0 0 0 0 0 0 0 0 1 9 5 226 7 1 0 0 1 0 0 0 0 0 0 0 0 0 0 0 0 0 0 0 0 0 0 0 0 0 0 0 0 0 0 0 0 0 0 0 0 0 0 0 0 0 0 0 0 0 0 0 0 0 0 0 0 0 0 0 0 0 0 0 0 0 0 0 0 0 0 0 0 0 0 0 0 0 0 0 0 0 0 0 0 0 0 0 0 0 0 0 0 0 0 0 0 0 0 0 0 0 0 0 0 0 0 0 0 1 1 1 1 1 212 1 1 0 1 1 0 0 1 0 1 1 0 1 137 2 1 1 1 1 1 0 255 252 1 1 1 1 0 1 2 1 1 4 1 1 1 0 1 1 1 3 137 228 44 1 1 3 5 1 1 0 0 0 1 0 0 0 0 0 1 1 1 173 156 1 1 1 1 1 1 1 1 1 2 66 122 114 15 1 1 1 1 6 1 1 1 1 1 0 0 0 0 0 0 0 4 4 1 0 0 1 1 2 1 1 0 0 0 0 0 0 0 1 4 2 1 3 2 1 1 17 12 1 2 1 1 0 1 0 0 1 1 1 1 1 0 1 37 18 2 2 1 1 0 0 1 1 0 0 0 0 0 0 0 1 1 255 154 1 1 1 0 0 0 0 0 0 0 0 0 1 1 0 0 0 0 0 0 0 0 0 0 0 0 0 0 0 0 0 0 0 0 0 0 0 0 0 0 0 0 1 18 1 0 0 0 0 0 0 0 1 16 250 15 2 1 1 0 0 0 0 0 0 0 0 0 0 6 242 0 1 1 0 0 0 0 0 0 0 0 0
1 0 0 1 0 0 0 0 6 0 0 0 0 0 0 0 0 0 0 1 60 202 2 1 1 0 0 0 0 0 0 0 0 1 2 2 210 130 1 1 1 12 24 1 2 1 0 1 0 0 1 0 1 1 1 1 0 0 0 0 0 0 0 0 0 0 1 77 81 1 0 1 1 1 1 18 133 174 184 202 218 218 182 141 127 110 62 6 1 1 1 190 146 1 1 1 1 1 1 1 1 0 0 0 0 0 0 1 1 1 12 6 18 17 7 1 1 1 1 1 0 0 0 1 1 1 26 15 1 1 1 153 183 1 1 1 1 1 1 1 2 4 5 17 1 1 1 0 0 0 0 0 0 0 0 0 0 1 8 120 214 1 0 0 1 1 0 0 0 0 0 0 0 0 0 0 0 0 0 0 0 0 0 0 0 0 0 0 0 0 0 0 0 0 0 0 0 0 0 0 0 0 0 0 0 0 0 0 0 0 0 0 0 0 0 0 0 0 0 0 0 0 0 0 0 0 0 0 0 0 0 0 0 0 0 0 0 0 0 0 0 0 0 0 0 0 0 0 0 0 0 0 0 0 0 0 0 0 0 0 0 0 0 0 0 0 1 1 0 1 212 1 0 0 1 1 0 1 1 1 1 0 1 1 125 12 1 1 0 1 1 1 241 255 1 1 1 1 1 2 1 1 1 3 1 1 1 1 1 1 1 2 5 55 228 113 2 8 1 1 0 0 0 0 1 1 0 0 0 1 1 1 1 212 3 1 1 0 0 1 1 0 1 1 1 1 1 4 97 122 96 4 1 7 1 1 1 2 1 1 0 0 1 0 0 1 14 1 0 0 0 0 1 1 2 2 1 0 0 0 0 0 0 1 6 1 1 1 2 3 1 1 5 17 1 0 1 0 1 1 28 53 50 49 50 56 55 8 79 3 2 3 1 0 0 0 1 1 0 0 0 0 0 0 1 1 169 255 1 1 1 1 0 1 0 0 0 0 0 0 0 1 1 0 0 0 0 0 0 0 0 0 0 0 0 0 0 0 0 0 0 0 0 0 0 0 0 0 0 0 1 15 2 1 0 0 0 0 0 0 0 0 1 250 2 11 14 1 1 1 0 0 0 0 0 0 0 0 2 244 0 1 0 0 0 0 0 0 0 0 0 0
0 0 1 1 0 0 0 1 6 0 0 0 0 0 0 0 0 0 0 0 1 116 184 1 1 0 0 0 0 0 0 0 0 0 1 92 220 1 1 1 1 1 18 24 2 4 1 1 0 1 1 1 1 1 1 1 0 0 0 0 0 0 0 0 0 0 1 66 94 1 1 0 0 0 1 1 2 4 12 49 2 40 153 189 198 208 219 221 220 192 154 187 233 181 86 7 1 1 1 1 1 1 0 0 0 0 0 0 0 1 7 1 1 1 4 15 20 20 10 1 1 1 1 1 1 1 1 63 1 1 121 171 1 1 1 1 1 1 1 1 1 2 54 1 1 1 1 1 0 0 0 0 0 0 0 0 0 0 3 6 224 52 1 0 0 1 0 0 0 0 0 0 0 0 0 0 0 0 0 0 0 0 0 0 0 0 0 0 0 0 0 0 0 0 0 0 0 0 0 0 0 0 0 0 0 0 0 0 0 0 0 0 0 0 0 0 0 0 0 0 0 0 0 0 0 0 0 0 0 0 0 0 0 0 0 0 0 0 0 0 0 0 0 0 0 0 0 0 0 0 0 0 0 0 0 0 0 0 0 0 0 0 0 0 0 1 1 0 0 1 212 1 0 0 1 1 1 1 0 0 0 0 1 1 68 80 1 1 1 1 1 1 27 255 1 1 1 1 1 2 1 1 1 1 5 2 2 1 1 1 0 2 2 4 10 222 168 1 1 1 0 0 0 1 1 0 0 0 0 0 0 1 71 201 1 0 1 0 1 1 0 0 0 0 1 1 1 1 1 1 16 117 134 67 1 1 1 1 2 1 1 1 1 1 1 1 11 1 0 0 0 0 0 0 1 1 3 1 0 0 0 0 0 2 4 1 0 1 1 1 4 1 1 5 36 7 4 35 53 47 5 1 1 0 0 1 1 68 49 1 2 6 4 1 0 0 1 1 0 0 0 0 1 1 1 1 255 249 1 1 1 1 1 1 0 0 0 0 0 0 0 1 1 0 0 0 0 0 0 0 0 0 0 0 0 0 0 0 0 0 0 0 0 0 0 0 0 0 0 1 9 4 1 0 0 0 0 0 0 0 0 0 1 241 190 1 1 13 14 1 1 1 0 0 0 0 0 0 1 245 0 1 0 0 0 0 0 0 0 0 0 0
0 0 1 0 0 0 0 4 1 0 0 0 0 0 0 0 0 0 0 0 0 1 153 162 1 1 0 0 0 0 0 0 0 0 3 226 45 1 1 1 1 1 7 1 1 1 3 1 1 1 1 0 1 1 0 1 1 0 0 0 0 0 0 0 0 0 1 1 119 1 1 0 0 0 1 2 3 2 1 2 1 1 1 1 1 1 1 9 46 141 186 201 209 226 243 247 231 9 1 1 1 1 1 0 0 0 0 0 0 3 2 0 0 0 1 1 1 1 3 16 21 18 5 1 1 1 1 43 6 32 199 2 1 1 1 1 1 0 0 1 1 1 64 1 0 0 1 1 0 0 0 0 0 0 0 0 0 0 1 9 55 225 1 1 0 1 1 0 0 0 0 0 0 0 0 0 0 0 0 0 0 0 0 0 0 0 0 0 0 0 0 0 0 0 0 0 0 0 0 0 0 0 0 0 0 0 0 0 0 0 0 0 0 0 0 0 0 0 0 0 0 0 0 0 0 0 0 0 0 0 0 0 0 0 0 0 0 0 0 0 0 0 0 0 0 0 0 0 0 0 0 0 0 0 0 0 0 0 0 0 0 0 0 1 1 1 1 0 0 1 212 1 0 1 1 1 2 2 1 1 1 1 1 1 98 48 1 1 0 1 1 1 1 255 2 1 1 1 1 3 1 1 1 1 4 1 2 1 1 1 1 1 1 6 1 3 214 194 1 1 1 1 1 1 1 1 0 0 0 0 1 1 204 42 1 0 1 1 1 0 0 0 0 0 0 1 1 0 1 1 1 3 3 44 119 117 24 1 2 1 1 1 0 0 1 12 1 1 0 0 0 0 0 0 0 0 1 2 3 1 1 0 1 5 1 1 0 0 0 1 1 3 2 0 1 13 23 3 1 0 1 1 1 1 1 1 1 94 1 1 0 1 5 10 3 2 2 2 2 2 2 2 2 1 1 2 255 61 1 1 1 1 0 0 0 0 0 0 0 0 0 1 1 0 0 0 0 0 0 0 0 0 0 0 0 0 0 0 0 0 0 0 0 0 0 0 0 0 0 4 7 1 0 0 0 0 0 0 0 0 0 0 0 57 248 1 0 0 1 14 14 1 1 0 0 0 0 0 1 245 0 1 0 0 0 0 0 0 0 0 0 0
0 1 1 0 0 0 0 6 1 1 1 0 0 0 0 0 0 0 0 0 0 1 1 167 139 1 1 0 0 0 0 0 0 1 185 174 2 2 1 1 1 7 1 1 1 1 2 1 1 0 1 1 1 0 0 0 1 1 0 0 0 0 0 0 0 0 1 1 102 1 1 1 0 0 1 1 1 1 1 1 1 1 1 0 1 1 1 1 1 1 2 4 1 1 1 2 186 237 17 1 1 1 1 0 0 0 0 0 0 8 1 0 0 0 0 0 0 0 0 1 1 1 7 19 21 10 2 11 71 198 24 1 1 1 1 1 0 0 0 1 1 7 37 1 0 0 1 1 0 0 0 0 0 0 0 0 0 0 0 1 9 212 122 1 0 0 1 0 0 0 0 0 0 0 0 0 0 0 0 0 0 0 0 0 0 0 0 0 0 0 0 0 0 0 0 0 0 0 0 0 0 0 0 0 0 0 0 0 0 0 0 0 0 0 0 0 0 0 0 0 0 0 0 0 0 0 0 0 0 0 0 0 0 0 0 0 0 0 0 0 0 0 0 0 0 0 0 0 0 0 0 0 0 0 0 0 0 0 0 0 0 0 0 0 1 1 1 1 0 1 212 1 1 1 2 2 1 1 1 1 1 1 1 13 139 1 1 1 1 1 1 1 1 255 226 1 1 1 0 2 1 1 1 1 5 1 2 1 1 1 1 2 1 6 1 1 2 200 211 3 1 1 1 1 0 1 1 1 1 1 1 4 211 1 1 0 1 1 0 0 0 0 0 0 0 0 0 0 0 0 1 4 1 1 1 2 86 121 113 5 1 1 1 1 1 13 1 1 1 0 0 0 0 0 1 1 1 1 1 2 2 1 1 5 1 0 0 1 1 1 1 2 5 1 1 1 1 1 1 1 1 1 1 0 0 0 1 95 1 0 0 1 0 1 5 4 1 0 0 1 0 1 1 1 1 214 255 2 1 1 1 1 0 0 0 0 0 0 0 0 0 1 1 0 0 0 0 0 0 0 0 0 0 0 0 0 0 0 0 0 0 0 0 0 0 0 0 0 2 13 1 1 0 0 0 0 0 0 0 0 0 0 0 1 250 1 0 0 0 0 1 14 12 1 1 0 0 0 1 245 1 1 0 0 0 0 0 0 0 0 0 0
0 1 0 0 0 0 1 6 0 0 1 1 0 0 0 0 0 0 0 0 0 0 1 2 182 117 1 1 0 0 0 1 1 38 226 3 1 1 1 1 2 1 1 1 1 1 1 3 1 0 1 0 0 0 0 0 1 1 0 0 0 0 0 0 0 0 1 1 102 1 0 1 0 0 1 1 0 0 1 1 0 1 1 1 1 1 0 0 1 1 1 1 1 1 1 1 1 237 168 127 4 1 1 0 0 0 0 0 1 9 1 0 0 0 0 0 0 0 0 0 0 0 1 1 1 3 14 71 201 62 1 1 1 1 0 0 0 0 0 1 1 61 1 0 0 0 1 1 0 0 0 0 0 0 0 0 1 0 0 0 5 23 226 1 0 0 1 0 0 0 0 0 0 0 0 0 0 0 0 0 0 0 0 0 0 0 0 0 0 0 0 0 0 0 0 0 0 0 0 0 0 0 0 0 0 0 0 0 0 0 0 0 0 0 0 0 0 0 0 0 0 0 0 0 0 0 0 0 0 0 0 0 0 0 0 0 0 0 0 0 0 0 0 0 0 0 0 0 0 0 0 0 0 0 0 0 0 0 0 0 0 0 0 1 1 0 1 1 1 1 212 4 2 4 1 1 1 1 1 1 1 1 106 121 1 1 0 1 1 1 1 1 1 209 255 1 1 1 0 1 3 1 1 8 1 1 2 3 3 4 3 2 1 5 1 1 1 1 173 225 9 1 1 1 1 1 0 0 1 1 1 170 160 1 1 1 1 0 0 0 0 0 0 0 0 0 0 0 0 0 3 1 0 1 1 1 1 1 9 113 123 77 2 1 6 3 0 0 1 0 1 1 1 1 1 0 0 0 0 1 1 3 5 2 2 3 3 3 3 3 2 2 11 2 2 2 1 1 1 1 8 19 19 19 20 21 25 65 1 1 1 1 0 0 0 3 3 1 1 1 1 2 1 1 1 255 234 2 1 1 1 1 0 0 0 0 0 0 0 0 0 0 1 0 0 0 0 0 0 0 0 0 0 0 0 0 0 0 0 0 0 0 0 0 0 0 0 1 18 1 1 0 0 0 0 0 0 0 0 0 0 0 0 1 250 2 1 0 0 0 0 0 2 15 11 1 0 0 1 245 1 0 0 0 0 0 0 0 0 0 0 0
1 1 0 0 0 0 5 1 0 0 0 1 0 0 0 0 0 0 0 0 0 0 0 1 5 189 91 1 1 1 1 1 4 224 56 1 1 1 1 1 1 1 1 1 1 1 1 1 1 1 1 1 0 0 0 0 0 1 1 0 0 0 0 0 0 0 1 1 104 1 1 1 1 0 1 1 0 0 1 0 0 1 0 1 1 1 1 0 1 1 1 1 1 0 0 0 1 171 220 10 132 9 1 1 1 0 0 0 1 6 0 0 0 0 0 0 0 0 0 0 0 0 0 0 0 1 3 185 144 1 1 1 1 1 0 0 0 0 0 1 1 64 1 0 0 0 1 1 0 0 0 0 0 0 0 1 1 1 1 0 1 10 190 169 1 0 0 0 0 0 0 0 0 0 0 0 0 0 0 0 0 0 0 0 0 0 0 0 0 0 0 0 0 0 0 0 0 0 0 0 0 0 0 0 0 0 0 0 0 0 0 0 0 0 0 0 0 0 0 0 0 0 0 0 0 0 0 0 0 0 0 0 0 0 0 0 0 0 0 0 0 0 0 0 0 0 0 0 0 0 0 0 0 0 0 0 0 0 0 0 0 0 1 1 0 0 1 1 1 1 210 1 1 2 1 1 1 1 1 16 80 81 82 1 1 1 1 1 0 0 1 1 1 1 255 250 1 1 1 1 1 3 11 4 1 0 0 1 1 1 1 1 1 5 1 1 1 1 2 134 233 45 1 1 0 1 1 1 1 1 1 211 4 1 1 1 0 0 0 0 0 0 0 0 0 0 0 0 0 1 4 1 0 1 0 0 0 1 1 1 1 37 129 122 80 1 1 1 1 0 0 0 0 0 1 1 1 2 2 2 2 2 16 3 1 1 1 1 1 1 1 1 6 0 1 0 0 0 2 20 4 1 1 1 1 0 1 50 1 1 0 0 0 0 0 1 3 6 6 6 6 6 1 1 8 255 4 1 1 1 1 1 0 0 0 0 0 0 0 0 0 0 1 1 0 0 0 0 0 0 0 0 0 0 0 0 0 0 0 0 0 0 0 0 0 0 1 17 1 1 0 0 0 0 0 0 0 0 0 0 0 0 0 1 211 233 1 0 0 0 0 0 0 0 2 16 10 1 1 244 1 0 0 0 0 1 1 1 1 1 1 1
1 1 0 0 0 1 6 1 0 0 0 1 0 0 0 0 0 0 0 0 0 0 0 0 1 12 193 62 1 1 1 6 218 125 1 1 0 1 1 1 1 1 1 1 1 1 1 1 1 1 0 1 1 0 0 0 0 1 1 0 0 0 0 0 0 0 0 1 104 1 1 1 1 1 1 1 0 0 1 0 0 1 0 1 0 1 1 0 1 0 0 1 1 0 0 0 0 6 240 1 3 130 29 1 1 1 0 1 5 1 0 0 0 0 0 0 0 0 0 0 0 0 0 0 1 1 171 81 109 6 1 1 1 1 1 1 1 0 1 1 3 48 1 0 0 1 1 1 1 1 1 0 0 1 1 2 2 1 1 1 0 2 17 228 1 0 0 0 0 0 0 0 0 0 0 0 0 0 0 0 0 0 0 0 0 0 0 0 0 0 0 0 0 0 0 0 0 0 0 0 0 0 0 0 0 0 0 0 0 0 0 0 0 0 0 0 0 0 0 0 0 0 0 0 0 0 0 0 0 0 0 0 0 0 0 0 0 0 0 0 0 0 0 0 0 0 0 0 0 0 0 0 0 0 0 0 0 0 0 0 0 0 1 1 1 1 1 1 0 1 210 1 1 2 1 19 53 45 60 26 10 1 37 4 1 1 1 0 0 1 1 1 1 1 30 255 251 5 1 1 1 1 61 1 1 1 1 1 1 1 1 1 1 5 8 4 4 4 4 6 81 234 118 1 1 1 1 0 1 1 47 204 1 1 1 1 0 0 0 0 0 0 0 0 0 0 0 0 0 1 4 1 1 1 0 0 0 0 0 0 0 1 11 3 69 121 113 13 1 1 2 2 2 2 2 1 1 1 1 1 1 2 7 1 1 1 1 0 0 0 0 1 6 0 1 1 1 1 19 1 1 1 0 0 0 0 1 34 3 0 0 0 0 0 1 1 0 0 0 1 1 7 2 3 248 255 3 1 1 1 1 0 0 0 0 0 0 0 0 0 0 0 1 1 0 0 0 0 0 0 0 0 0 0 0 0 0 0 0 0 0 0 0 0 0 1 11 3 1 1 0 0 0 0 0 0 0 0 0 0 0 0 0 0 1 250 1 1 0 0 0 0 0 0 0 0 2 15 8 245 1 1 3 50 77 78 77 77 77 77 77 77
1 0 0 0 0 4 1 1 1 0 0 0 0 0 0 0 0 0 0 0 0 0 0 0 0 1 39 195 20 1 17 226 145 1 1 1 0 1 1 1 1 1 1 1 1 1 1 1 1 1 1 1 1 0 0 0 1 1 1 1 0 0 0 0 0 0 1 1 92 5 1 1 1 1 1 1 0 0 1 0 0 1 0 1 0 1 0 1 1 0 0 1 1 0 0 0 0 1 236 85 1 1 123 60 1 1 1 1 8 1 1 1 0 0 0 0 0 0 0 0 0 0 0 1 1 145 132 1 8 106 1 1 0 0 0 0 1 1 1 1 54 2 0 0 0 1 1 1 1 1 1 1 1 2 2 1 1 1 1 2 1 1 9 158 197 1 0 0 0 0 0 0 0 0 0 0 0 0 0 0 0 0 0 0 0 0 0 0 0 0 0 0 0 0 0 0 0 0 0 0 0 0 0 0 0 0 0 0 0 0 0 0 0 0 0 0 0 0 0 0 0 0 0 0 0 0 0 0 0 0 0 0 0 0 0 0 0 0 0 0 0 0 0 0 0 0 0 0 0 0 0 0 0 0 0 0 0 0 0 0 1 0 1 1 0 1 1 0 1 162 156 1 1 25 62 16 2 3 2 1 2 3 1 57 1 0 1 0 1 1 1 0 1 2 1 121 255 255 255 255 255 255 255 242 1 1 1 0 0 0 0 0 0 2 4 1 1 1 1 1 1 11 229 167 1 1 1 1 1 1 201 87 12 17 16 4 1 1 1 1 1 1 1 0 0 0 0 0 0 1 4 0 1 0 0 0 0 0 0 0 0 0 5 2 1 1 4 94 121 92 4 1 1 1 1 0 0 0 1 1 1 11 1 1 0 0 0 0 0 0 0 1 6 0 0 0 0 1 18 0 1 1 1 1 1 1 0 1 41 12 1 0 0 0 0 1 0 0 0 0 0 4 4 4 255 197 61 51 2 1 1 1 1 0 0 0 0 0 0 0 0 1 1 0 0 0 0 0 0 0 0 0 0 0 0 0 0 0 0 0 0 0 0 0 1 5 6 1 1 0 0 0 0 0 0 0 0 0 0 0 0 0 0 0 1 241 188 1 0 0 0 0 0 0 0 0 0 0 3 247 76 74 59 6 1 1 0 0 0 0 0 0
1 0 0 0 1 6 0 0 1 1 0 0 0 0 0 0 0 0 0 0 0 0 0 0 0 0 1 85 198 143 226 82 7 13 1 1 1 1 1 1 1 1 1 1 1 1 1 1 1 1 1 1 1 0 0 1 1 1 0 1 1 1 1 0 0 0 1 1 1 103 0 0 0 1 1 1 0 1 1 0 0 1 1 1 0 1 0 1 1 1 1 1 1 0 0 0 0 1 184 215 1 1 1 105 135 111 73 30 26 2 1 1 1 1 1 0 0 0 0 0 0 0 1 1 102 164 1 1 1 113 4 1 1 0 0 0 0 1 1 1 64 1 0 0 0 0 1 1 1 1 1 1 2 1 1 1 1 0 1 1 2 1 1 15 228 7 1 0 0 0 0 0 0 0 0 0 0 0 0 0 0 0 0 0 0 0 0 0 0 0 0 0 0 0 0 0 0 0 0 0 0 0 0 0 0 0 0 0 0 0 0 0 0 0 0 0 0 0 0 0 0 0 0 0 0 0 0 0 0 0 0 0 0 0 0 0 0 0 0 0 0 0 0 0 0 0 0 0 0 0 0 0 0 0 0 0 0 0 0 0 1 1 1 1 0 1 1 0 1 208 1 1 12 48 1 1 1 1 1 2 5 14 4 61 1 1 1 1 1 1 1 1 0 1 3 1 1 4 203 247 234 154 254 255 3 1 0 0 0 0 0 0 0 1 5 0 0 0 1 1 1 1 3 215 197 2 1 1 1 3 213 9 2 1 2 10 20 21 13 2 1 1 1 1 0 0 0 0 0 1 4 0 1 0 0 0 0 0 0 0 0 0 1 7 0 0 1 1 1 14 106 115 56 2 1 1 1 1 1 1 1 12 1 0 0 0 0 0 0 0 0 1 6 1 1 0 0 1 19 0 0 0 1 0 1 1 1 1 1 15 53 50 10 1 1 1 0 0 0 0 1 3 1 58 255 1 1 5 68 42 2 1 1 1 1 0 0 0 0 0 0 1 1 0 0 0 0 0 0 0 0 0 0 0 0 0 0 0 0 0 0 0 0 0 2 12 1 1 0 0 0 0 0 0 0 0 0 0 0 0 0 0 0 0 0 4 249 1 0 0 0 0 0 0 0 0 0 1 1 242 1 0 0 0 0 0 0 0 0 0 0 0
1 1 1 0 3 1 0 0 0 1 1 1 0 0 0 0 0 0 0 0 0 0 0 0 0 0 1 1 132 214 152 1 1 11 1 1 1 1 1 1 1 1 1 1 1 1 0 0 0 1 1 0 0 1 1 1 1 0 0 0 0 0 0 0 0 0 1 1 1 106 1 0 0 1 1 1 1 1 1 0 0 1 1 1 0 1 0 1 1 0 0 1 1 0 0 0 0 0 16 240 1 0 0 1 3 45 96 132 129 130 134 132 125 54 2 1 1 1 1 0 0 0 1 34 180 2 1 1 1 10 106 1 1 1 0 0 0 1 1 1 58 1 0 0 0 0 0 1 1 3 1 1 1 1 0 0 0 0 1 1 1 1 0 6 107 220 1 1 0 0 0 0 0 0 0 0 0 0 0 0 0 0 0 0 0 0 0 0 0 0 0 0 0 0 0 0 0 0 0 0 0 0 0 0 0 0 0 0 0 0 0 0 0 0 0 0 0 0 0 0 0 0 0 0 0 0 0 0 0 0 0 0 0 0 0 0 0 0 0 0 0 0 0 0 0 0 0 0 0 0 0 0 0 0 0 0 0 0 0 1 1 1 1 1 1 0 1 1 169 149 1 7 25 4 1 0 1 1 2 1 6 1 1 54 1 1 1 1 1 0 1 1 1 1 1 1 2 2 2 2 3 8 1 255 88 1 0 0 0 0 0 0 0 1 6 0 0 0 0 1 1 1 1 1 198 213 4 1 1 158 176 1 1 0 1 1 1 1 3 16 20 20 10 2 1 1 1 0 0 1 3 1 1 0 0 0 0 0 0 0 0 0 1 10 1 0 0 0 1 1 1 2 43 112 109 20 1 1 1 1 7 2 1 0 0 0 0 0 0 0 0 1 6 1 1 1 1 0 16 1 0 0 0 0 0 0 1 1 0 0 1 1 18 51 55 86 84 81 20 1 3 1 1 253 253 1 1 1 1 10 70 33 1 0 1 1 0 0 0 0 0 1 1 0 0 0 0 0 0 0 0 0 0 0 0 0 0 0 0 0 0 0 0 0 18 1 1 0 0 0 0 0 0 0 0 0 0 0 0 0 0 0 0 0 0 1 248 60 1 0 0 0 0 0 0 0 0 1 1 242 0 0 0 0 0 0 0 0 0 0 0 0
0 1 1 1 6 0 0 0 0 0 0 1 0 0 0 0 0 0 0 0 0 0 0 0 0 0 1 33 141 215 3 1 1 1 1 1 1 1 1 1 1 0 1 1 1 0 0 0 0 1 1 0 1 1 1 0 0 0 0 0 0 0 0 1 1 1 1 1 72 51 1 1 0 1 0 1 1 0 0 1 1 1 1 0 0 1 0 1 1 1 1 1 1 0 0 0 0 0 1 237 58 1 0 1 1 1 1 22 1 1 1 1 7 93 131 135 133 112 24 1 1 1 3 185 10 1 1 1 1 1 106 11 1 1 1 0 0 1 1 38 7 1 0 0 0 0 1 1 1 4 1 1 0 0 0 0 0 0 1 1 1 2 1 1 12 225 65 1 0 0 0 0 0 0 0 0 0 0 0 0 0 0 0 0 0 0 0 0 0 0 0 0 0 0 0 0 0 0 0 0 0 0 0 0 0 0 0 0 0 0 0 0 0 0 0 0 0 0 0 0 0 0 0 0 0 0 0 0 0 0 0 0 0 0 0 0 0 0 0 0 0 0 0 0 0 0 0 0 0 0 0 0 0 0 0 0 0 0 0 1 1 1 1 1 1 0 1 162 206 5 21 7 13 1 0 0 1 1 2 0 7 1 1 41 1 2 1 1 1 1 1 1 1 1 1 1 1 0 1 1 1 1 1 255 123 0 0 0 0 0 0 0 0 1 7 1 1 1 1 0 1 1 1 1 1 170 229 17 2 212 5 1 0 0 0 0 0 0 1 1 1 1 3 15 18 14 2 1 1 3 1 1 0 0 0 0 0 0 0 0 0 0 1 10 1 0 0 0 0 0 1 1 1 1 3 77 113 89 8 2 12 1 0 0 0 0 0 0 0 0 0 1 6 1 0 1 1 0 5 5 0 0 1 1 0 0 1 1 0 0 0 0 0 1 1 12 1 1 34 80 1 1 1 255 115 1 1 0 1 1 1 15 72 20 1 0 1 1 0 0 0 1 1 0 0 0 0 0 0 0 0 0 0 0 0 0 0 0 0 0 0 0 0 1 18 1 1 0 0 0 0 0 0 0 0 0 0 0 0 0 0 0 0 0 0 1 105 248 1 0 0 0 0 0 0 0 0 1 5 241 0 0 0 0 0 0 0 0 0 0 0 0
0 0 1 4 1 0 0 0 0 0 0 1 1 0 0 0 0 0 0 0 0 0 0 0 1 1 66 133 59 131 100 1 1 1 1 1 1 1 0 0 1 0 0 1 1 0 0 0 0 0 1 1 1 0 0 0 0 0 0 0 0 0 1 1 1 1 1 65 27 1 1 1 0 0 0 0 1 1 0 0 0 0 1 1 1 1 1 1 1 1 1 1 1 0 0 0 0 0 1 194 204 1 0 1 0 1 1 21 1 1 1 1 1 1 1 1 1 23 112 132 132 119 189 83 1 1 1 1 1 1 2 115 1 1 1 1 1 1 1 63 1 1 1 1 1 1 1 0 0 5 1 0 0 0 0 0 0 0 1 1 1 1 1 0 3 45 227 1 0 0 0 0 0 0 0 0 0 0 0 0 0 0 0 0 0 0 0 0 0 0 0 0 0 0 0 0 0 0 0 0 0 0 0 0 0 0 0 0 0 0 0 0 0 0 0 0 0 0 0 0 0 0 0 0 0 0 0 0 0 0 0 0 0 0 0 0 0 0 0 0 0 0 0 0 0 0 0 0 0 0 0 0 0 0 0 0 0 0 1 0 1 0 1 1 0 1 11 206 180 190 184 158 28 1 1 1 1 1 1 1 8 1 1 35 1 1 2 1 1 1 2 1 1 1 1 1 1 1 1 1 1 1 1 255 84 1 1 0 0 0 0 0 1 1 7 1 1 1 1 1 1 1 1 1 1 1 124 233 112 209 1 0 0 0 0 0 0 0 0 0 0 0 1 1 1 2 12 18 14 11 1 1 1 0 0 0 0 0 0 0 0 0 1 8 1 0 0 0 0 0 0 0 1 1 1 1 1 10 93 120 79 45 3 1 1 0 0 0 0 0 0 1 4 1 0 0 1 0 12 2 0 1 1 1 1 0 1 1 0 0 0 0 0 0 1 13 1 0 1 5 65 1 225 255 1 1 1 0 0 0 0 1 1 26 73 10 1 1 1 0 0 1 1 0 0 0 0 0 0 0 0 0 0 0 0 0 0 0 0 0 0 0 0 1 16 1 1 1 1 1 0 0 0 0 0 0 0 0 0 0 0 0 0 0 0 0 1 250 1 1 0 0 0 0 0 0 1 1 179 220 0 0 0 0 0 0 0 0 0 0 0 0
0 0 1 6 1 0 0 0 0 0 0 1 1 1 0 0 0 0 0 0 0 0 0 1 6 112 119 2 1 8 161 1 1 1 1 1 1 0 0 0 1 1 0 0 1 1 0 0 1 1 1 1 0 0 0 0 0 0 0 0 0 0 1 0 0 3 98 63 1 1 1 0 0 0 0 0 0 1 0 0 0 0 0 1 1 0 0 0 0 1 0 0 0 0 0 0 0 0 1 38 238 1 0 1 1 1 1 16 1 0 0 0 0 0 0 0 0 1 1 1 1 48 206 118 115 45 1 1 1 1 1 23 97 1 1 1 0 1 1 61 1 1 1 1 1 1 0 0 0 5 1 0 0 0 0 0 0 0 1 1 1 1 1 0 1 11 205 143 0 0 0 0 0 0 0 0 0 0 0 0 0 0 0 0 0 0 0 0 0 0 0 0 0 0 0 0 0 0 0 0 0 0 0 0 0 0 0 0 0 0 0 0 0 0 0 0 0 0 0 0 0 0 0 0 0 0 0 0 0 0 0 0 0 0 0 0 0 0 0 0 0 0 0 0 0 0 0 0 0 0 0 0 0 0 0 0 0 0 1 0 1 1 1 0 0 1 197 27 14 3 5 81 187 1 1 1 0 1 1 1 8 0 0 16 6 0 0 1 2 1 1 1 1 1 1 1 1 1 0 0 1 1 1 255 33 1 1 0 0 0 0 0 1 1 6 0 0 0 0 0 0 0 1 1 1 1 1 53 237 150 1 1 0 0 0 0 0 0 0 0 0 0 0 0 0 1 1 1 1 17 17 16 4 1 1 1 0 0 0 0 0 0 1 2 6 0 0 0 0 0 0 0 0 0 0 1 1 1 1 78 2 4 50 65 32 2 1 1 0 0 0 1 3 2 0 0 1 1 19 1 0 1 0 1 1 0 0 1 0 0 1 1 1 1 1 8 1 0 0 1 36 142 255 227 1 0 0 0 0 0 0 0 0 1 1 42 67 5 1 1 0 1 1 0 0 0 0 0 0 0 0 0 0 0 0 0 0 0 0 0 0 1 2 3 13 10 10 9 10 5 0 0 0 0 0 0 0 0 0 0 0 0 0 0 0 0 1 241 192 1 0 0 0 0 0 1 1 1 229 137 0 0 0 0 0 0 0 0 0 0 0 0
0 0 3 1 1 1 0 0 0 0 0 0 1 1 0 0 0 0 0 0 1 1 6 89 143 76 1 0 0 2 166 1 1 1 1 0 1 0 0 0 0 1 0 0 1 1 1 1 1 1 0 0 0 0 0 0 0 0 0 0 0 0 1 1 1 101 1 1 1 1 1 0 0 0 0 0 0 1 0 0 0 0 0 0 1 1 0 0 0 0 0 0 0 0 0 0 0 0 1 1 237 61 0 0 1 1 13 2 1 0 0 0 0 0 0 0 0 0 1 1 4 16 185 1 1 72 115 46 1 1 1 1 98 20 1 1 1 1 39 24 1 1 1 0 0 0 0 0 0 5 1 1 0 0 0 0 0 0 0 1 1 2 1 0 0 2 21 229 1 1 0 0 0 0 0 0 0 0 0 0 0 0 0 0 0 0 0 0 0 0 0 0 0 0 0 0 0 0 0 0 0 0 0 0 0 0 0 0 0 0 0 0 0 0 0 0 0 0 0 0 0 0 0 0 0 0 0 0 0 0 0 0 0 0 0 0 0 0 0 0 0 0 0 0 0 0 0 0 0 0 0 0 0 0 0 0 0 0 1 1 1 1 1 1 1 191 82 1 14 2 2 1 189 12 1 1 1 1 1 2 4 0 0 1 38 1 0 1 1 1 1 1 1 1 1 1 0 1 1 0 1 1 1 255 9 1 1 0 0 0 0 0 1 4 2 0 0 0 0 0 0 0 0 1 1 1 1 1 68 213 6 1 0 0 0 0 0 0 0 0 0 0 0 0 0 0 0 0 1 3 1 1 6 16 17 6 1 1 0 0 0 0 1 1 10 1 0 0 0 0 0 0 0 0 0 1 1 1 12 48 1 1 1 1 12 60 62 18 1 1 1 1 2 3 1 0 1 1 19 0 1 1 0 1 1 0 0 1 0 0 1 1 0 0 1 1 9 1 0 1 1 253 253 6 0 0 0 0 0 0 0 0 0 1 1 1 2 53 15 1 1 1 0 0 0 0 0 0 0 0 0 0 0 0 0 0 0 0 0 0 1 3 1 1 2 0 0 0 1 10 1 0 0 0 0 0 0 0 0 0 0 0 0 0 0 0 1 4 250 1 0 0 0 0 1 1 1 123 230 1 0 0 0 0 0 0 0 0 0 0 0 0
0 1 6 1 1 1 0 0 0 0 0 1 1 0 0 0 0 1 1 1 28 103 142 103 2 1 0 0 0 1 152 30 0 1 1 0 1 0 1 1 0 1 1 0 0 1 1 1 0 1 0 0 0 0 0 1 1 0 0 0 0 0 0 1 63 22 1 1 1 1 1 0 0 0 0 0 0 1 0 0 0 0 0 0 0 0 0 0 0 0 0 0 0 0 0 0 0 0 0 1 199 200 1 0 1 1 23 1 0 0 0 0 0 0 0 0 0 1 2 5 1 2 185 15 5 6 7 77 115 50 2 1 8 111 1 1 29 53 86 52 2 1 1 1 0 0 0 0 0 5 1 0 0 0 0 0 0 0 0 0 1 2 1 0 0 0 10 180 183 1 0 0 0 0 0 0 0 0 0 0 0 0 0 0 0 0 0 0 0 0 0 0 0 0 0 0 0 0 0 0 0 0 0 0 0 0 0 0 0 0 0 0 0 0 0 0 0 0 0 0 0 0 0 0 0 0 0 0 0 0 0 0 0 0 0 0 0 0 0 0 0 0 0 0 0 0 0 0 0 0 0 0 0 0 0 0 0 0 1 1 1 1 1 3 194 86 1 14 3 1 1 1 191 2 1 1 1 1 6 5 2 1 1 18 25 9 2 1 1 1 1 0 0 1 1 0 1 1 1 1 1 1 1 255 2 1 1 1 1 1 1 0 1 7 1 0 0 0 0 0 0 0 0 0 1 1 1 1 1 213 40 8 1 0 0 0 0 0 0 0 0 0 0 0 0 0 0 0 1 2 0 0 1 1 1 5 16 3 1 0 0 0 0 1 11 1 0 0 0 0 0 0 0 0 0 0 1 2 77 1 1 0 0 0 1 1 1 22 64 56 6 1 1 4 1 0 1 1 19 0 1 1 1 1 1 0 1 1 0 0 1 1 0 0 0 0 1 8 1 1 1 253 253 1 0 0 0 0 0 0 0 0 1 1 1 0 1 10 43 1 1 1 0 1 1 0 0 0 0 0 0 0 0 0 0 0 0 1 1 1 3 1 1 1 1 0 0 0 0 9 1 0 0 0 0 0 0 0 0 0 0 0 0 0 0 0 0 1 250 4 1 0 0 1 1 1 2 234 58 0 0 0 0 0 0 0 0 0 0 0 0 0
0 3 1 1 1 0 0 0 0 0 1 1 0 0 0 0 1 1 18 118 133 86 3 1 1 1 1 1 0 0 27 153 0 1 1 0 1 1 0 1 0 0 1 0 0 0 1 0 0 0 0 0 0 1 1 1 1 0 0 0 0 0 0 0 99 1 0 1 2 1 0 0 0 0 0 0 0 1 0 0 0 0 0 0 0 0 0 0 0 0 0 0 0 0 0 0 0 0 0 1 78 237 1 0 1 1 22 1 0 0 0 0 0 0 0 1 1 3 2 1 1 1 182 1 20 1 1 5 6 69 116 116 76 129 36 52 7 1 34 6 42 44 19 2 1 1 0 0 1 5 1 0 0 0 0 0 0 0 0 0 1 2 1 0 0 0 1 14 229 1 0 0 0 0 0 0 0 0 0 0 0 0 0 0 0 0 0 0 0 0 0 0 0 0 0 0 0 0 0 0 0 0 0 0 0 0 0 0 0 0 0 0 0 0 0 0 0 0 0 0 0 0 0 0 0 0 0 0 0 0 0 0 0 0 0 0 0 0 0 0 0 0 0 0 0 0 0 0 0 0 0 0 0 0 0 0 0 0 1 2 1 1 79 200 44 1 14 1 1 1 1 1 191 1 1 1 1 4 6 1 1 1 7 15 1 1 7 1 1 1 1 0 0 0 1 1 0 1 1 1 1 1 4 255 1 0 0 1 0 0 1 1 1 8 1 0 0 0 0 0 0 0 0 0 1 1 0 0 1 198 110 28 19 1 1 0 0 0 1 1 0 0 0 0 0 0 0 1 3 1 0 0 0 0 0 1 1 12 3 1 0 0 0 1 9 1 0 0 0 0 0 0 0 0 0 1 1 67 4 1 1 0 0 0 0 0 0 1 1 3 41 65 48 2 1 1 1 0 16 1 1 1 0 1 1 0 1 1 0 0 1 1 1 1 1 1 0 1 10 1 1 255 197 1 0 0 0 0 0 0 0 0 1 0 1 1 1 67 2 1 1 1 0 1 0 0 0 0 0 0 0 0 0 1 1 1 1 1 1 3 1 1 0 2 1 0 0 0 0 9 1 0 0 0 0 0 0 0 0 0 0 0 0 0 0 0 0 1 142 248 30 1 1 1 0 1 223 163 0 0 0 0 0 0 0 0 0 0 0 0 0 0
0 6 1 1 1 0 0 0 0 0 1 1 0 1 1 0 1 67 133 62 1 1 0 0 0 0 0 1 1 0 5 163 1 1 1 1 0 1 1 1 1 0 1 1 0 0 1 1 0 0 0 1 1 1 0 1 0 0 0 0 0 0 1 1 99 1 0 1 2 1 0 0 0 0 1 1 0 1 1 0 0 0 0 0 0 0 0 0 0 0 0 0 0 0 0 0 0 0 0 1 1 240 15 1 1 3 11 1 1 0 0 0 0 0 1 1 4 1 1 1 1 1 183 1 19 1 1 1 1 6 2 1 69 171 39 1 1 1 33 2 1 1 10 39 47 44 14 1 1 5 1 0 0 0 0 0 0 0 0 0 0 1 1 1 0 0 0 10 139 208 0 0 0 0 0 0 0 0 0 0 0 0 0 0 0 0 0 0 0 0 0 0 0 0 0 0 0 0 0 0 0 0 0 0 0 0 0 0 0 0 0 0 0 0 0 0 0 0 0 0 0 0 0 0 0 0 0 0 0 0 0 0 0 0 0 0 0 0 0 0 0 0 0 0 0 0 0 0 0 0 0 0 0 0 0 0 0 0 1 3 1 168 188 2 1 12 1 0 0 0 0 6 187 0 1 1 1 18 1 1 0 0 29 1 1 1 1 6 5 1 0 0 0 0 0 1 0 1 1 0 1 1 38 255 1 0 0 1 1 0 0 1 1 7 0 0 0 0 0 0 0 0 0 0 0 1 1 0 1 16 212 1 14 36 1 1 0 0 1 1 0 1 0 0 0 0 0 0 3 1 0 0 0 0 0 1 1 1 10 4 1 0 0 1 2 5 0 0 0 0 0 0 0 0 0 1 3 72 1 1 0 0 0 0 0 0 0 0 0 1 1 1 32 10 9 3 1 0 1 15 8 1 1 1 0 0 1 0 0 0 1 1 0 0 0 0 0 1 10 1 19 255 1 1 0 0 0 0 0 0 0 1 1 0 0 1 1 76 1 1 1 1 0 1 0 0 0 0 0 0 0 0 1 1 3 2 3 3 3 1 0 1 1 2 1 0 0 0 0 5 2 0 0 0 0 0 0 0 0 0 0 0 0 0 0 0 0 0 1 115 249 242 15 1 1 188 216 1 0 0 0 0 0 0 0 0 0 0 0 0 0 0
1 4 1 1 1 1 0 0 0 1 1 1 0 1 0 1 96 116 2 1 0 0 0 0 0 0 0 1 1 1 1 167 1 0 1 1 0 1 1 0 1 0 0 1 1 1 1 1 1 0 1 1 0 0 0 1 0 0 0 0 0 0 1 1 66 19 1 1 2 0 0 0 0 0 0 1 1 1 1 0 0 0 0 0 0 0 0 0 0 0 0 0 0 0 0 0 0 0 0 1 1 221 173 1 1 18 1 1 1 0 0 0 1 1 1 4 1 1 0 0 1 1 183 1 1 16 1 1 1 1 3 6 40 20 125 50 1 1 12 11 1 0 0 1 1 1 12 42 47 46 2 1 1 1 0 0 0 0 0 0 0 1 2 1 1 1 1 1 8 228 7 0 0 0 0 0 0 0 0 0 0 0 0 0 0 0 0 0 0 0 0 0 0 0 0 0 0 0 0 0 0 0 0 0 0 0 0 0 0 0 0 0 0 0 0 0 0 0 0 0 0 0 0 0 0 0 0 0 0 0 0 0 0 0 0 0 0 0 0 0 0 0 0 0 0 0 0 0 0 0 0 0 0 0 0 0 0 1 1 59 196 126 1 1 10 1 0 0 0 0 0 99 160 1 1 1 4 6 1 0 1 0 5 14 0 1 0 0 1 3 2 2 2 1 1 1 0 1 1 1 1 1 199 255 1 0 0 0 1 1 0 1 4 1 0 0 0 0 0 0 0 0 0 0 0 0 1 1 1 1 214 3 1 5 46 2 1 1 1 0 1 1 0 0 1 1 0 1 2 0 0 0 0 0 0 1 0 0 1 8 10 1 1 1 1 9 0 0 0 0 0 0 0 0 1 1 71 3 1 1 1 1 1 0 0 0 0 0 0 0 1 3 10 3 4 11 15 3 1 1 3 11 11 12 11 7 3 1 0 1 1 0 0 0 0 0 0 1 11 1 253 253 1 1 0 0 0 0 0 0 1 1 0 0 0 1 17 31 1 1 1 1 1 1 0 0 0 0 0 0 0 1 1 1 2 1 1 1 1 1 1 1 0 2 0 0 0 0 0 2 6 1 0 0 0 0 0 0 0 0 0 0 0 0 0 0 0 0 0 1 1 185 250 217 179 225 4 0 0 0 0 0 0 0 0 0 0 0 0 0 0 0
2 1 2 1 1 1 1 1 1 1 1 1 1 1 4 113 91 1 1 0 0 0 0 0 0 0 0 0 1 1 1 112 104 0 1 1 1 1 1 1 1 0 0 1 1 1 0 0 1 1 1 0 0 0 0 1 0 0 0 0 0 0 0 0 1 100 1 0 2 1 1 1 1 1 1 1 0 1 1 1 0 0 0 0 0 0 0 0 0 0 0 0 0 0 0 0 0 0 0 1 1 126 231 1 1 23 1 0 0 1 1 1 1 2 6 1 1 0 0 0 1 1 183 1 1 6 6 1 0 1 1 1 47 24 1 117 42 1 1 43 1 1 0 0 0 0 1 1 1 52 3 5 6 5 2 1 1 0 0 0 0 0 1 1 1 1 0 0 10 54 226 1 0 0 0 0 0 0 0 0 0 0 0 0 0 0 0 0 0 0 0 1 0 0 0 0 0 0 0 0 0 0 0 0 0 0 0 0 0 0 0 0 0 0 0 0 0 0 0 0 0 0 0 0 0 0 0 0 0 0 0 0 0 0 0 0 0 0 0 0 0 0 0 0 0 0 0 0 0 0 0 0 0 0 0 0 1 1 14 189 45 1 1 8 2 1 0 0 0 0 10 67 182 191 192 191 173 13 1 1 1 3 24 1 0 1 1 0 0 1 1 1 1 1 2 3 1 1 0 1 2 1 254 255 1 0 0 0 0 1 0 1 7 1 0 0 0 0 0 0 0 0 0 0 0 0 0 1 1 1 185 148 1 1 2 47 4 1 1 1 1 1 0 1 1 1 1 2 1 0 0 0 0 0 1 0 0 0 0 1 3 15 1 1 1 10 1 0 0 0 0 0 0 1 1 17 43 1 1 1 1 1 1 1 1 0 0 0 0 1 2 1 4 1 2 1 1 7 15 7 1 1 0 1 1 2 7 13 3 1 1 0 1 1 1 1 1 1 10 1 255 176 1 1 0 0 0 0 0 0 1 0 0 0 0 1 77 1 0 1 1 0 0 0 0 0 0 0 0 0 0 0 0 3 1 1 1 0 0 0 1 1 1 2 0 1 0 0 0 1 10 1 0 0 0 0 0 0 0 0 0 0 0 0 0 0 0 0 0 0 1 1 154 252 218 168 1 1 0 0 0 0 0 0 0 0 0 0 0 0 0 0
1 0 2 0 0 1 1 1 1 0 0 1 1 12 125 63 1 1 0 0 0 0 0 0 0 0 0 0 0 0 0 9 161 1 1 1 1 1 1 0 0 1 1 1 1 1 0 0 1 1 0 0 0 0 1 1 0 0 0 0 0 0 0 0 1 22 65 1 2 1 1 2 1 1 1 1 1 1 1 1 1 1 1 0 0 0 0 0 0 0 0 0 0 0 0 0 0 0 0 0 1 2 241 3 1 21 1 1 1 1 1 2 6 3 1 1 0 0 0 0 1 1 183 1 1 1 22 1 0 1 1 4 70 30 26 1 126 17 1 5 23 1 0 0 0 1 1 0 1 49 1 1 1 1 3 5 7 6 2 1 1 0 1 1 1 1 1 0 2 6 221 96 0 0 0 0 0 0 0 0 0 0 0 0 0 0 0 0 0 0 1 1 0 0 0 0 0 0 0 0 0 0 0 0 0 0 0 0 0 0 0 0 0 0 0 0 0 0 0 0 0 0 0 0 0 0 0 0 0 0 0 0 0 0 0 0 0 0 0 0 0 0 0 0 0 0 0 0 0 0 0 0 0 0 0 1 1 2 188 7 38 1 8 2 1 1 0 0 0 2 38 1 1 1 1 2 91 186 192 180 39 1 20 1 1 1 1 1 1 1 1 1 1 1 1 1 2 3 3 3 10 1 255 242 1 0 0 0 0 1 1 0 7 1 0 0 0 0 0 0 0 0 0 0 0 0 0 0 0 1 153 182 1 1 1 1 40 13 1 1 1 0 0 1 1 0 1 2 0 0 0 0 1 1 1 0 0 0 0 0 0 1 15 7 1 10 1 1 1 1 1 0 1 1 17 48 1 1 1 0 0 0 0 1 1 1 1 1 0 1 2 3 3 1 1 2 2 1 1 3 14 16 4 1 1 0 0 1 5 10 1 0 0 0 0 0 1 10 1 209 255 1 1 0 0 0 0 0 0 0 1 0 0 0 0 1 76 1 1 1 1 0 0 0 0 0 0 0 0 0 0 0 1 3 1 1 1 1 1 0 1 0 1 2 0 1 1 3 4 4 19 1 0 0 0 0 0 0 0 0 0 0 0 0 0 0 0 0 0 1 16 248 250 51 1 74 134 1 0 0 0 0 0 0 0 0 0 0 0 0 0 0
1 1 2 0 0 1 1 0 0 0 0 1 29 133 29 1 0 0 0 0 0 0 0 0 0 0 0 0 0 0 0 3 165 1 0 1 1 1 1 0 1 1 0 0 0 1 0 0 1 1 1 0 0 1 1 0 0 0 0 0 0 0 0 0 1 1 50 44 45 73 66 63 69 76 78 76 74 24 1 1 0 1 1 1 1 0 0 0 0 0 0 0 0 0 0 0 0 0 0 0 1 1 230 139 5 8 1 1 1 2 6 2 1 1 1 0 0 0 0 0 1 1 183 1 1 1 5 7 1 1 1 78 3 1 31 16 3 132 7 1 30 3 1 0 1 1 1 0 1 49 1 0 1 1 1 1 1 1 3 6 6 4 1 1 1 2 1 0 1 10 4 229 1 0 0 0 0 0 0 0 0 0 0 0 0 0 0 0 0 1 1 0 0 0 0 0 0 0 0 0 0 0 0 0 0 0 0 0 0 0 0 0 0 0 0 0 0 0 0 0 0 0 0 0 0 0 0 0 0 0 0 0 0 0 0 0 0 0 0 0 0 0 0 0 0 0 0 0 0 0 0 0 0 0 1 1 1 182 35 1 31 17 2 1 1 0 0 0 1 51 1 1 1 1 1 1 1 1 1 34 178 192 206 202 201 199 199 197 193 192 188 182 177 171 164 157 152 141 94 10 3 225 255 103 1 0 0 0 0 0 1 0 7 0 0 0 0 0 0 0 0 0 0 0 0 0 0 0 0 1 162 176 1 1 1 1 1 17 26 1 1 1 1 1 0 1 3 1 0 0 0 1 1 1 0 0 0 0 0 0 0 0 1 4 16 25 5 1 1 1 1 1 1 19 45 1 1 1 0 0 0 0 0 0 0 1 1 1 1 1 6 1 0 1 1 0 1 2 1 1 1 1 6 16 14 2 1 0 1 1 13 6 1 0 0 1 3 5 1 255 248 1 1 0 0 0 0 0 0 1 1 0 0 0 0 42 11 0 1 1 1 0 0 0 0 0 0 0 0 0 0 0 1 3 0 1 1 1 1 1 1 3 6 5 5 4 4 1 1 0 11 3 0 0 0 0 0 0 0 0 0 0 0 0 0 0 0 0 1 154 252 197 2 1 1 1 32 159 45 1 1 1 0 0 0 0 0 0 0 0 0 0
1 1 1 1 0 1 1 1 0 1 1 52 128 5 1 0 0 0 0 0 0 0 0 0 0 0 0 0 0 0 0 1 161 9 1 1 1 1 1 1 1 0 0 0 0 1 1 1 1 0 1 0 1 1 0 0 0 0 0 0 0 0 0 0 0 1 1 86 65 13 1 1 1 1 1 1 1 32 80 47 1 1 1 0 1 1 1 1 0 0 0 0 0 0 0 0 0 0 0 0 1 1 143 230 21 1 1 3 6 2 1 1 1 0 0 0 0 0 0 0 1 1 183 1 1 0 1 18 1 1 54 12 1 1 1 49 5 8 130 11 1 42 1 1 1 0 0 0 1 48 1 0 0 0 0 0 0 0 0 1 1 1 6 3 1 1 1 0 0 1 7 199 155 0 0 0 0 0 0 0 0 0 0 0 0 0 0 0 1 1 0 0 0 0 0 0 0 0 0 0 0 0 0 0 0 0 0 0 0 0 0 0 0 0 0 0 0 0 0 0 0 0 0 0 0 0 0 0 0 0 0 0 0 0 0 0 0 0 0 0 0 0 0 0 0 0 0 0 0 0 0 0 1 1 5 138 192 64 1 7 14 50 1 0 1 1 0 1 22 7 1 0 0 0 0 1 1 1 1 1 1 1 181 3 9 10 16 34 54 79 97 112 124 138 152 159 162 170 191 204 208 255 255 3 1 0 0 0 0 0 1 1 7 0 0 0 0 0 0 0 0 0 0 0 0 0 0 0 0 1 164 172 1 1 1 1 1 1 10 53 4 1 1 0 0 2 1 1 0 0 0 1 0 1 0 0 0 0 0 0 0 0 0 1 1 4 37 1 0 0 1 1 20 41 1 1 1 0 0 0 0 0 0 0 0 0 0 1 1 2 10 4 1 0 1 1 1 1 1 0 0 0 0 1 1 15 16 7 1 1 1 3 14 14 13 14 5 1 3 255 100 1 1 0 0 0 0 0 1 1 0 0 0 0 1 80 1 1 1 1 1 0 0 0 0 0 0 0 0 0 1 0 2 1 1 1 1 1 1 3 6 3 1 1 1 1 0 0 0 0 2 12 0 0 0 0 0 0 0 0 0 0 0 0 0 0 0 0 1 252 37 1 1 1 0 0 1 2 126 161 88 1 0 0 0 0 0 0 0 0 0 0
1 2 1 1 1 1 0 1 1 1 75 119 1 1 0 0 0 0 0 0 0 0 0 0 0 0 0 0 0 0 0 0 46 146 1 1 1 1 1 0 0 0 0 1 0 1 1 0 0 0 1 1 1 0 0 0 0 0 0 0 0 0 0 0 0 0 1 1 112 53 1 1 1 1 1 1 1 1 1 12 77 76 8 1 1 1 0 1 1 1 1 0 0 0 0 0 0 0 0 0 1 1 2 240 36 4 5 1 1 1 1 1 0 0 0 0 0 0 0 0 1 1 183 3 1 1 1 1 17 10 61 1 1 1 1 2 63 1 7 131 87 16 17 1 0 0 0 0 1 48 1 0 0 0 0 0 0 0 0 0 0 1 1 2 4 1 2 1 0 1 9 1 229 1 0 0 0 0 0 0 0 0 0 0 0 0 0 0 1 0 0 0 0 0 0 0 0 0 0 0 0 0 0 0 0 0 0 0 0 0 0 0 0 0 0 0 0 0 0 0 0 0 0 0 0 0 0 0 0 0 0 0 0 0 0 0 0 0 0 0 0 0 0 0 0 0 0 0 0 0 1 152 193 193 189 137 2 8 10 2 1 34 2 0 1 1 1 3 35 1 1 0 0 0 0 0 0 1 1 1 0 52 158 1 1 1 0 0 1 1 1 1 1 1 1 1 1 1 1 1 3 251 255 152 1 0 0 0 0 0 0 1 4 0 0 0 0 0 0 0 0 0 0 0 0 0 0 0 0 1 124 195 1 0 0 1 1 1 1 1 39 8 1 1 2 2 1 1 1 1 1 1 1 1 0 0 0 0 0 0 0 0 0 0 1 1 47 1 0 1 1 21 38 1 1 1 0 0 0 0 0 0 0 0 1 1 1 1 1 3 1 2 6 2 1 0 1 1 2 1 1 1 1 1 1 2 1 3 13 14 4 1 0 1 1 1 1 1 234 255 1 1 1 1 1 1 1 1 1 0 0 0 0 0 1 78 1 1 1 1 1 1 1 1 1 1 0 0 0 0 1 1 3 1 1 1 1 0 2 3 1 1 1 1 0 0 0 0 0 0 1 18 0 0 0 0 0 0 0 0 0 0 0 0 0 0 0 1 208 247 1 0 0 0 0 0 0 0 1 1 98 98 1 1 0 0 0 0 0 0 0 0
1 3 0 1 1 1 0 1 1 92 108 1 1 0 0 0 0 0 0 0 0 0 0 0 0 0 0 0 0 0 0 0 5 165 1 1 1 1 1 1 0 0 0 1 1 1 1 1 0 1 1 1 0 0 0 0 0 0 0 0 0 0 0 0 0 1 1 1 9 136 1 1 1 0 0 0 0 1 1 1 1 1 56 83 59 2 1 1 1 1 1 1 1 1 1 1 1 0 0 0 0 1 1 231 146 3 1 1 1 1 1 1 1 0 0 0 0 0 0 0 1 1 181 2 1 1 1 1 17 52 48 1 1 1 1 1 10 42 1 1 91 139 82 3 1 0 0 0 1 49 1 0 0 0 0 0 0 0 0 0 0 0 0 1 1 6 1 1 1 1 1 9 177 182 1 1 0 0 0 0 0 0 0 0 0 0 0 0 1 1 0 1 0 0 0 0 0 0 0 0 0 0 0 0 0 0 0 0 0 0 0 0 0 0 0 0 0 0 0 0 0 0 0 0 0 0 0 0 0 0 0 0 0 0 0 0 0 0 0 0 0 0 0 0 0 0 0 0 0 67 190 120 1 1 1 10 9 1 1 1 0 1 44 1 1 1 9 37 1 0 0 0 0 0 0 0 0 0 1 1 0 176 2 1 1 0 0 0 0 0 0 0 0 0 1 1 1 0 0 1 1 1 252 255 1 0 0 0 0 0 0 6 1 0 0 0 0 0 0 0 0 0 0 0 0 0 0 0 0 1 8 213 1 1 1 1 0 1 1 1 1 22 14 1 2 1 1 1 0 0 1 0 1 0 0 0 0 0 0 0 0 0 0 0 0 1 45 1 1 1 23 35 1 1 1 1 0 0 0 0 0 0 0 0 0 1 1 1 1 3 0 0 1 3 4 1 1 0 1 2 2 2 2 2 2 1 0 0 1 1 6 17 12 1 0 0 1 1 255 240 1 1 0 0 0 0 0 0 0 0 0 0 0 0 1 73 61 3 1 1 1 1 0 0 0 1 1 1 1 1 0 1 3 1 1 1 1 1 5 1 0 0 0 1 1 0 0 0 0 0 1 18 0 0 0 0 0 0 0 0 0 0 0 0 0 0 0 1 252 12 1 0 0 0 0 0 0 0 0 0 1 142 19 1 1 0 0 0 0 0 0 0
1 3 0 0 1 1 1 1 105 92 1 0 0 0 0 0 0 0 0 0 0 0 0 0 0 0 0 0 0 0 0 0 2 168 1 1 1 0 0 1 1 0 0 0 0 0 0 1 1 1 0 0 0 0 0 0 0 0 0 0 0 0 0 1 1 1 0 1 1 146 14 1 1 0 0 0 0 0 0 0 1 1 1 1 6 72 83 72 9 1 1 1 1 1 1 1 1 1 1 1 1 1 1 157 224 20 26 29 31 28 13 15 10 6 3 1 1 1 1 1 1 1 181 3 1 25 72 77 73 62 73 1 0 1 1 1 1 57 3 1 2 131 2 61 1 0 0 0 0 48 1 0 0 0 0 0 0 0 0 0 0 0 0 0 1 1 6 3 1 1 0 5 2 226 2 1 1 1 0 0 0 0 0 0 0 0 0 0 0 1 1 1 0 0 0 0 0 0 0 0 0 0 0 0 0 0 0 0 0 0 0 0 0 0 0 0 0 0 0 0 0 0 0 0 0 0 0 0 0 0 0 0 0 0 0 0 0 0 0 0 0 0 0 0 0 0 0 0 89 174 2 1 1 10 8 1 1 1 1 1 0 0 34 2 2 50 18 1 0 0 0 0 0 0 0 0 0 0 0 1 1 181 1 1 1 0 0 0 0 0 0 0 0 0 0 0 1 1 0 1 0 1 93 255 1 0 0 0 0 0 0 8 1 1 0 0 0 0 0 0 0 0 0 0 0 0 0 0 0 1 1 214 1 0 1 1 1 1 1 1 1 1 21 21 1 0 1 1 1 1 1 1 1 0 0 0 0 0 0 0 0 0 0 0 0 1 24 6 1 25 32 1 1 1 1 1 1 1 0 0 0 0 0 0 0 0 0 0 0 3 1 0 0 1 2 4 1 1 1 0 1 1 1 1 2 1 0 0 1 0 1 1 2 13 13 1 1 53 255 9 1 1 0 0 0 0 0 0 0 0 0 0 0 1 1 1 3 63 52 1 1 1 1 0 0 0 0 0 0 1 1 1 3 1 0 1 1 5 1 0 0 0 0 0 1 1 0 0 0 0 0 19 1 0 0 0 0 0 0 0 0 0 0 0 0 0 0 93 251 1 1 0 0 0 0 0 0 0 0 0 0 2 158 2 1 0 0 0 0 0 0 0
4 1 0 0 1 1 3 111 76 1 0 0 0 0 0 0 0 0 0 0 0 0 0 0 0 0 0 0 0 0 0 0 1 127 89 0 1 1 0 0 1 1 0 0 0 0 0 0 1 1 1 0 0 0 0 0 0 0 0 0 0 0 1 1 0 0 0 1 1 137 2 14 1 0 0 0 0 0 0 0 0 0 0 1 1 1 1 2 56 82 84 81 58 13 2 1 1 1 1 1 1 1 1 2 240 1 1 1 1 1 4 3 5 10 16 26 29 31 30 27 8 1 181 86 89 55 6 1 1 1 47 1 1 1 0 1 1 2 62 1 3 131 1 6 43 1 0 0 0 48 1 0 0 0 0 0 0 0 0 0 0 0 0 0 1 1 1 5 3 1 1 2 20 136 207 0 0 1 1 1 0 0 0 0 0 0 0 0 0 1 1 1 1 0 0 0 0 0 0 0 0 0 0 0 0 0 0 0 0 0 0 0 0 0 0 0 0 0 0 0 0 0 0 0 0 0 0 0 0 0 0 0 0 0 0 0 0 0 0 0 0 0 0 0 0 0 0 13 187 1 1 4 7 1 1 1 1 1 0 0 0 0 1 88 40 1 1 0 0 0 0 0 0 0 0 0 0 0 0 1 101 141 1 0 0 0 0 0 0 0 0 0 0 0 0 0 0 1 1 1 0 0 1 255 2 0 0 0 0 0 0 9 0 1 0 0 0 0 0 0 0 0 0 0 0 0 0 1 1 1 1 214 1 0 0 0 0 1 1 1 1 1 6 22 5 1 0 0 0 1 1 0 1 1 0 0 0 0 0 0 0 0 0 0 0 1 3 34 14 40 1 1 1 1 0 0 0 1 1 1 0 0 0 0 0 0 0 0 0 1 3 0 1 1 1 3 2 1 1 1 0 1 1 1 2 1 0 0 1 0 1 1 0 0 2 12 1 253 253 1 1 0 0 0 0 0 0 0 0 0 0 0 0 1 1 0 1 1 78 3 7 6 2 1 0 0 0 0 0 0 1 2 2 1 1 1 1 4 1 0 0 0 0 0 1 1 0 0 0 0 0 19 1 0 0 0 0 0 0 0 0 0 0 0 0 0 1 250 152 1 0 0 0 0 0 0 0 1 1 1 1 1 8 153 1 0 0 0 0 0 0 0
5 1 0 1 1 4 115 68 1 0 0 0 0 0 0 0 0 0 0 0 0 0 0 0 0 0 0 0 0 0 0 0 1 9 162 1 1 1 0 0 0 1 1 0 0 0 0 0 1 1 1 0 0 0 0 0 0 0 0 0 0 1 1 0 0 0 0 1 44 105 1 5 8 1 0 0 0 0 0 0 0 0 0 0 0 0 1 1 1 1 1 1 8 48 84 109 106 106 103 72 17 1 1 4 246 176 44 1 1 1 1 1 1 1 1 1 1 1 1 1 7 26 202 73 1 1 2 2 1 1 48 2 1 1 1 1 1 1 17 41 26 114 1 1 40 8 1 1 1 47 1 1 1 1 1 1 0 0 0 0 0 0 0 1 1 0 1 1 13 89 177 175 162 172 184 2 0 0 0 1 1 1 0 0 0 0 0 0 0 1 1 1 1 1 0 0 0 0 0 0 0 0 0 0 0 0 0 0 0 0 0 0 0 0 0 0 0 0 0 0 0 0 0 0 0 0 0 0 0 0 0 0 0 0 0 0 0 0 0 0 0 0 0 0 0 0 1 187 14 1 5 2 1 0 1 0 0 0 0 0 0 0 1 107 1 1 0 0 0 0 0 0 0 0 0 0 0 0 0 1 179 3 0 0 0 0 0 0 0 0 0 0 0 0 0 0 0 0 1 1 0 0 1 255 219 1 0 0 0 0 0 9 0 0 1 0 0 0 0 0 0 0 0 0 0 0 0 1 0 0 1 202 96 1 1 1 1 1 0 0 1 1 7 1 14 8 1 0 0 1 0 1 0 0 0 0 0 0 0 0 0 0 0 0 0 1 1 47 77 1 1 1 1 0 0 0 0 0 0 1 1 0 0 0 0 0 0 0 0 0 3 1 1 0 1 1 7 1 1 1 0 1 0 1 1 2 0 0 1 1 1 1 1 0 0 18 26 255 212 0 1 0 0 0 0 0 0 0 0 0 0 0 0 1 1 1 1 1 79 3 1 1 3 7 7 4 1 1 0 0 1 2 1 1 0 1 5 1 1 0 0 1 1 1 1 1 0 0 0 0 0 16 1 0 0 0 0 0 0 0 0 0 0 0 0 0 1 252 2 1 1 0 0 0 0 0 1 1 0 0 0 1 1 43 129 0 0 0 0 0 0 0
6 1 0 1 6 121 50 1 1 0 0 0 0 0 0 0 0 0 0 0 0 0 0 0 0 0 0 0 0 0 0 0 1 3 166 1 1 0 0 0 0 0 1 1 0 0 0 0 0 1 1 0 0 0 0 0 0 0 0 0 0 1 0 0 0 0 1 1 90 63 1 1 25 1 0 0 0 0 0 0 0 0 0 0 0 0 1 1 0 0 1 1 1 1 5 7 1 1 3 30 85 107 110 117 206 224 126 153 154 155 153 135 70 128 156 133 6 1 1 1 1 1 193 90 1 1 1 2 3 4 16 46 52 53 50 30 7 6 23 70 154 73 29 28 14 76 1 1 1 44 1 0 0 0 0 1 1 1 1 1 1 1 1 1 1 3 104 176 176 149 4 1 1 1 108 167 0 0 0 0 0 1 1 0 0 0 0 0 1 1 0 0 1 1 1 0 0 0 0 0 0 0 0 0 0 0 0 0 0 0 0 0 0 0 0 0 0 0 0 0 0 0 0 0 0 0 0 0 0 0 0 0 0 0 0 0 0 0 0 0 0 0 0 0 0 1 118 153 1 2 4 1 0 0 0 0 0 0 0 0 0 1 33 45 0 0 0 0 0 0 0 0 0 0 0 0 0 0 0 1 181 1 0 0 0 0 0 0 0 0 0 0 0 0 0 0 0 0 1 1 1 1 1 239 255 1 1 0 0 0 0 9 0 0 1 1 0 0 0 0 0 0 0 0 0 0 1 1 0 0 1 18 208 1 1 1 1 0 0 0 0 2 3 1 1 9 15 1 1 1 0 1 0 0 0 0 0 0 0 0 0 0 0 0 1 1 3 99 13 1 1 1 0 0 0 0 0 0 0 0 1 1 0 0 0 0 0 0 0 0 1 3 0 0 0 1 1 5 0 1 0 1 1 1 0 2 0 0 0 0 0 1 1 0 0 19 251 253 1 1 1 0 0 0 0 0 0 0 0 0 0 0 1 1 0 1 1 55 4 1 1 0 0 0 1 2 5 5 2 1 1 3 1 1 1 2 3 1 1 1 1 1 1 1 1 0 0 0 0 0 0 15 1 0 0 0 0 0 0 0 0 1 1 1 0 0 59 252 7 7 1 1 1 1 1 1 1 1 0 0 0 0 1 1 164 0 0 0 0 0 0 0
1 4 1 9 123 32 1 1 1 1 0 0 0 0 0 0 0 0 0 0 0 0 0 0 0 0 0 0 0 0 0 0 1 1 169 1 1 0 0 0 0 0 0 1 0 0 0 0 1 1 1 0 0 0 0 0 0 0 0 0 0 1 0 0 1 1 1 1 15 121 1 1 5 8 1 0 0 0 0 0 0 0 0 0 0 0 1 1 1 1 1 5 18 21 14 9 1 1 1 1 1 1 1 1 87 241 2 1 1 1 2 35 120 57 1 42 148 157 157 155 147 142 193 155 50 44 33 4 1 1 1 1 1 1 1 6 29 39 1 2 145 3 2 2 8 33 65 1 1 43 1 1 1 1 1 1 1 1 1 1 1 1 4 131 176 174 134 1 1 0 0 0 0 1 43 178 21 0 0 0 0 0 1 1 1 0 0 1 1 0 0 0 0 1 1 1 0 0 0 0 0 0 0 0 0 0 0 0 0 0 0 0 0 0 0 0 0 0 0 0 0 0 0 0 0 0 0 0 0 0 0 0 0 0 0 0 0 0 0 0 0 0 0 0 0 1 191 1 1 10 1 1 1 0 0 0 0 0 0 0 0 1 97 1 0 0 0 0 0 0 0 0 0 0 0 0 0 0 0 17 170 1 0 0 0 0 0 0 0 0 0 0 0 0 0 0 0 0 1 1 0 1 1 1 255 204 1 0 0 0 0 9 0 0 0 1 0 0 0 0 0 0 0 0 0 0 1 0 0 0 1 1 214 1 1 1 1 0 0 1 1 4 4 3 2 2 13 19 1 1 0 1 0 0 0 0 0 0 0 0 0 0 0 1 1 3 75 36 1 1 1 0 0 0 0 0 0 0 0 0 0 0 1 1 1 0 0 0 0 0 0 4 0 0 0 1 1 11 2 2 2 2 2 2 2 5 3 1 1 0 0 0 1 0 0 22 255 250 1 1 0 0 0 0 0 0 0 0 0 0 0 0 1 1 0 1 3 65 1 1 0 0 0 0 0 0 0 1 2 4 4 5 3 2 2 5 1 1 1 1 1 1 1 0 0 0 0 0 0 0 0 10 2 0 0 0 0 0 0 0 0 1 1 1 1 1 248 193 1 2 8 10 10 9 5 2 1 1 1 1 1 1 1 1 164 1 0 0 0 0 0 0
0 1 35 121 25 1 0 0 1 1 0 0 0 0 0 0 0 0 0 0 0 0 0 0 0 0 0 0 0 0 0 0 1 1 155 24 1 1 0 0 0 0 0 1 1 0 1 1 1 0 1 0 0 0 0 0 0 0 0 0 0 1 0 0 1 1 1 1 12 123 1 1 1 25 1 0 0 0 0 0 0 0 1 1 1 1 1 8 21 21 17 8 1 1 1 5 2 1 0 1 1 1 1 1 64 231 136 1 1 1 1 1 1 1 1 1 1 1 1 2 6 13 174 155 1 2 6 38 54 59 58 59 59 54 48 30 31 51 25 37 160 141 130 73 8 2 65 21 1 35 2 1 1 1 1 1 1 1 1 10 146 176 174 108 1 1 0 0 0 0 0 0 1 1 1 98 178 1 0 0 0 0 0 0 1 1 1 1 0 0 0 0 0 0 1 1 1 0 0 0 0 0 0 0 0 0 0 0 0 0 0 0 0 0 0 0 0 0 0 0 0 0 0 0 0 0 0 0 0 0 0 0 0 0 0 0 0 0 0 0 0 0 0 0 1 172 66 1 1 6 0 1 1 1 1 0 0 0 0 0 1 80 5 0 0 0 0 0 0 0 0 0 0 0 0 0 0 1 1 35 165 1 1 0 0 0 0 0 0 0 0 0 0 0 0 0 0 0 1 1 0 0 1 1 235 255 1 1 0 0 0 9 0 0 0 1 1 0 0 0 0 0 0 0 0 0 1 0 0 0 0 1 214 1 1 1 1 1 1 1 1 3 1 1 1 1 1 12 27 1 0 1 0 0 0 0 0 0 0 0 0 0 1 2 3 85 16 1 2 1 0 0 0 0 0 0 0 0 0 0 0 0 0 0 1 0 0 0 0 0 1 3 1 0 0 1 1 1 10 1 0 0 1 0 0 2 1 3 4 4 1 0 1 0 2 194 255 169 1 1 0 0 0 0 0 0 0 0 0 0 0 0 1 0 1 1 74 1 1 1 0 0 0 0 0 0 0 0 0 1 1 2 2 3 3 1 1 1 1 1 1 0 0 0 0 0 0 0 0 0 0 5 5 0 0 0 0 0 0 0 0 0 0 0 0 1 252 1 1 0 0 0 1 1 3 7 10 10 10 9 4 2 14 9 164 10 5 1 0 0 0 0
1 31 126 28 1 0 0 0 0 1 1 0 0 0 0 0 0 0 0 0 0 0 0 0 0 0 0 0 0 0 0 0 1 1 125 90 0 1 0 0 0 0 0 0 1 1 1 0 0 0 1 1 0 0 0 0 0 0 0 0 0 1 0 1 1 1 12 115 125 7 0 0 1 23 1 1 1 1 1 1 1 1 3 15 23 22 17 5 1 1 1 1 1 0 1 1 9 1 0 0 1 1 1 27 95 186 216 1 1 1 0 0 0 0 0 0 0 0 0 0 1 1 57 167 1 1 1 1 1 1 1 1 1 1 2 8 8 1 1 10 22 2 20 104 138 146 150 159 135 104 56 1 1 1 1 1 23 156 176 167 75 1 1 0 0 0 0 0 0 1 1 1 1 1 1 16 170 74 0 0 0 0 0 0 0 1 1 0 0 0 0 0 0 0 0 1 1 1 0 0 0 0 0 0 0 0 0 0 0 0 0 0 0 0 0 0 0 0 0 0 0 0 0 0 0 0 0 0 0 0 0 0 0 0 0 0 0 0 0 0 0 0 0 0 47 177 1 1 9 1 0 0 0 1 1 1 1 1 1 1 10 70 0 0 0 0 0 0 0 0 0 0 0 0 0 0 1 1 1 45 169 2 1 1 0 0 0 0 0 0 0 0 0 0 0 0 0 0 1 1 0 0 1 1 1 255 234 1 0 0 0 9 1 0 0 0 1 1 0 0 0 0 0 0 0 0 1 0 0 0 0 1 212 3 2 1 1 0 0 0 1 1 2 0 0 1 1 1 6 37 1 1 1 0 0 0 0 0 0 0 0 0 1 4 91 9 1 1 2 0 0 0 0 0 0 0 0 0 0 0 0 0 0 1 1 0 0 0 0 0 1 1 3 0 1 1 1 0 12 1 0 0 1 0 0 1 1 0 0 1 3 4 4 4 2 253 253 1 1 0 0 0 0 0 0 0 0 0 0 0 0 0 1 0 1 20 25 0 0 1 0 0 0 0 0 0 0 0 0 0 0 1 1 1 1 1 1 1 0 0 0 0 0 0 0 0 0 0 0 0 0 2 11 0 0 0 0 1 1 8 16 2 1 1 1 30 252 1 0 0 0 0 0 0 0 0 0 0 1 1 3 6 5 1 153 1 2 7 6 1 0 0
40 125 12 1 0 0 0 0 0 0 1 1 0 0 0 0 0 0 0 0 0 0 0 0 0 0 0 0 0 0 0 0 0 1 119 99 0 1 0 0 0 0 0 0 0 0 0 0 0 0 0 1 0 0 0 0 0 0 0 0 1 1 1 1 2 114 121 17 1 1 0 0 1 3 11 1 1 2 8 20 22 21 12 2 1 1 1 1 1 0 0 1 0 0 0 1 2 4 1 1 1 31 90 52 1 9 238 7 1 1 0 0 0 0 0 0 0 0 0 0 0 1 21 176 1 0 0 1 0 1 1 1 1 1 1 1 1 1 1 38 1 1 1 1 1 1 2 47 116 147 175 168 13 52 162 173 158 51 1 1 1 0 0 0 0 1 1 1 1 1 1 0 1 1 1 1 81 178 1 0 0 0 0 0 1 1 1 1 0 0 0 0 0 0 0 0 1 1 1 0 0 0 0 0 0 0 0 0 0 0 0 0 0 0 0 0 0 0 0 0 0 0 0 0 0 0 0 0 0 0 0 0 0 0 0 0 0 0 0 0 0 0 0 1 189 4 1 1 5 1 0 0 0 0 0 0 0 1 1 1 96 1 0 0 0 0 0 0 0 0 0 0 0 0 0 0 0 0 1 38 165 2 3 4 4 3 1 1 0 0 0 0 0 0 0 0 0 0 1 0 0 0 1 1 1 209 255 1 1 0 0 9 1 0 0 0 0 1 0 0 0 0 0 0 0 1 1 0 0 0 0 1 191 134 1 0 1 0 0 0 2 1 3 0 0 1 1 1 1 3 41 2 1 0 0 0 0 0 0 0 0 1 1 101 6 1 1 1 2 1 0 0 0 0 0 0 0 0 0 0 1 0 0 1 0 0 0 0 0 0 1 0 3 1 1 0 0 0 1 13 0 0 1 0 0 1 1 0 0 0 0 1 5 1 4 255 247 1 1 0 0 0 0 0 0 0 0 0 0 0 0 0 1 1 1 76 1 0 0 1 1 0 0 0 0 0 0 0 0 0 0 0 0 0 0 0 0 0 0 0 0 0 0 0 0 0 0 0 0 0 0 1 16 0 0 0 1 1 19 6 2 20 93 185 5 246 216 1 0 0 0 0 0 0 0 0 0 0 0 0 0 0 0 3 146 1 0 0 1 7 6 1
122 9 1 0 0 0 0 0 0 0 0 1 1 0 0 0 0 0 0 0 0 0 0 0 0 0 0 0 0 0 0 0 1 1 119 99 0 1 0 0 0 0 0 0 0 0 0 0 0 0 0 0 1 0 0 0 0 0 0 0 1 1 1 70 130 25 1 1 1 1 1 1 1 1 30 20 19 14 4 1 1 1 1 1 1 0 1 1 1 1 1 1 0 0 0 0 1 10 1 43 91 49 1 1 1 1 225 152 1 1 0 0 0 0 0 0 0 0 0 0 0 1 8 179 1 0 0 1 1 1 1 1 1 1 1 1 1 1 1 46 1 1 1 0 0 1 1 1 2 126 185 215 240 234 78 1 1 2 1 1 1 1 1 1 1 1 1 1 0 0 1 1 1 1 0 0 4 159 117 1 0 0 0 1 1 0 0 1 1 0 0 0 0 0 0 0 0 1 1 1 0 0 0 0 0 0 0 0 0 0 0 0 0 0 0 0 0 0 0 0 0 0 0 0 0 0 0 0 0 0 0 0 0 0 0 0 0 0 0 0 0 0 0 1 193 1 1 8 1 0 0 0 0 0 0 0 0 0 0 1 96 1 0 0 0 0 0 0 0 0 0 0 0 0 0 0 0 0 4 21 165 0 0 1 1 1 3 4 3 1 0 0 0 0 0 0 0 0 1 0 0 0 0 1 1 1 255 244 1 1 1 9 1 0 0 0 0 1 1 0 0 0 0 0 0 1 0 0 0 0 0 1 62 205 1 0 1 1 1 1 2 0 2 1 0 1 1 1 1 1 2 45 17 1 1 0 0 0 0 0 0 1 11 90 1 1 1 1 2 1 1 1 1 1 1 1 1 1 1 1 1 1 0 1 0 0 0 0 0 0 1 1 3 1 0 0 0 0 0 13 1 1 1 1 1 2 1 1 1 1 1 0 5 1 247 255 73 1 1 0 0 0 0 0 0 0 0 0 0 0 0 0 1 1 1 76 1 1 0 0 1 0 0 0 0 0 0 0 0 0 0 0 0 0 0 0 0 0 0 0 0 0 0 0 0 0 0 0 0 0 0 1 16 1 1 2 7 23 3 1 0 1 246 236 248 252 151 1 1 0 0 0 0 0 0 0 0 0 0 0 0 0 0 25 127 1 0 0 0 0 7 1
19 1 0 0 0 0 0 0 0 0 1 1 1 1 0 0 0 0 0 0 0 0 0 0 0 0 0 0 0 0 0 0 0 1 122 97 1 1 0 0 0 0 0 0 0 0 0 0 0 0 0 0 1 1 0 0 0 0 0 1 1 1 80 102 1 1 1 1 1 1 1 1 1 1 2 14 1 1 1 0 0 0 0 1 1 1 1 0 1 1 0 0 0 1 1 1 1 50 93 38 1 1 1 1 0 1 177 219 1 1 0 0 0 0 0 0 0 0 0 0 0 1 4 182 1 1 1 1 1 1 1 1 1 1 1 1 1 1 1 48 1 1 1 1 1 5 141 182 189 154 43 1 3 129 226 226 122 1 3 1 1 1 1 1 1 0 0 0 0 0 1 1 0 0 0 0 0 66 183 1 0 0 0 1 1 0 0 0 1 1 0 0 0 0 0 0 0 0 1 1 1 0 0 0 0 0 0 0 0 0 0 0 0 0 0 0 0 0 0 0 0 0 0 0 0 0 0 0 0 0 0 0 0 0 0 0 0 0 0 0 0 0 0 1 189 5 1 9 1 0 0 0 0 0 0 0 0 0 0 1 94 1 0 0 0 0 0 0 0 0 0 0 0 0 0 0 0 0 24 6 163 0 0 0 0 0 0 1 1 3 2 1 0 0 0 0 0 0 1 0 0 0 0 0 1 1 170 255 1 1 1 10 1 1 0 0 0 0 1 0 0 0 0 0 0 1 0 0 0 0 0 1 2 214 2 0 0 0 1 1 1 0 1 2 1 1 0 1 1 1 1 2 10 27 1 1 0 0 0 0 1 1 104 4 1 1 0 0 1 2 1 0 0 0 0 0 0 0 0 0 0 1 1 0 0 0 0 0 0 0 1 1 3 0 0 0 0 0 0 1 14 1 1 1 1 1 1 0 1 1 1 1 6 1 253 251 1 1 1 1 0 0 0 0 0 0 0 0 0 0 0 0 1 1 5 52 0 1 1 1 1 1 0 0 0 0 0 0 0 0 0 0 0 0 0 0 0 0 0 0 0 0 0 0 0 0 0 0 0 0 0 6 45 19 19 16 6 1 1 2 2 3 246 1 1 1 156 205 168 1 1 1 0 0 0 0 0 0 0 0 0 0 1 28 88 121 60 2 1 0 7 1
1 1 1 0 0 0 0 0 0 0 1 0 0 1 1 0 0 0 0 0 0 0 0 0 0 0 0 0 0 0 0 0 0 1 123 95 1 1 0 0 0 0 0 0 0 0 0 0 0 0 0 0 0 1 0 0 0 0 1 1 1 8 126 24 1 1 1 1 1 1 1 1 1 0 1 20 1 1 1 1 1 1 1 1 1 0 0 0 0 1 0 1 1 1 1 25 94 45 1 1 1 1 0 1 1 1 6 240 1 1 1 0 0 0 0 0 0 0 0 0 0 1 2 182 1 1 0 0 1 1 1 1 1 1 1 1 1 1 7 24 1 1 14 153 184 187 133 24 1 3 10 1 1 1 1 63 215 226 135 3 1 1 1 1 1 1 0 0 0 1 1 0 0 0 0 0 0 1 131 155 1 0 1 1 0 0 0 0 0 1 1 0 0 0 0 0 0 0 0 0 1 1 0 0 0 0 0 0 0 0 0 0 0 0 0 0 0 0 0 0 0 0 0 0 0 0 0 0 0 0 0 0 0 0 0 0 0 0 0 0 0 0 0 1 82 168 2 4 1 0 0 0 0 0 0 0 0 0 0 1 92 1 1 0 0 0 0 0 0 0 0 0 0 0 0 0 0 0 40 111 96 0 0 0 0 0 0 0 0 1 1 4 1 0 0 0 0 0 1 0 0 0 0 0 0 1 1 255 251 1 1 10 0 1 0 0 0 0 1 1 0 0 0 0 0 1 0 0 0 0 0 1 1 214 2 0 0 0 0 2 1 1 1 1 2 1 0 0 1 1 0 1 1 5 38 1 1 1 1 1 1 1 116 1 1 1 0 0 1 2 0 0 0 0 0 0 0 0 0 0 0 1 1 0 0 0 0 0 0 0 1 1 3 0 0 0 0 0 1 1 10 2 1 0 0 1 0 0 0 0 0 1 4 9 255 229 0 0 0 1 1 1 0 0 0 0 0 0 0 0 0 1 1 1 72 1 0 0 0 1 1 0 1 0 0 0 0 0 0 0 0 0 0 0 0 0 0 0 0 0 0 0 0 0 0 0 0 0 0 0 0 51 1 0 0 0 0 0 0 0 0 31 246 1 1 1 1 1 121 205 206 190 69 3 1 1 0 0 0 0 0 1 17 4 1 1 125 5 7 7 5 0
0 1 1 1 0 0 0 0 0 1 1 0 0 1 0 0 0 0 0 0 0 0 0 0 0 0 0 0 0 0 0 0 0 1 124 94 1 1 0 0 0 0 0 0 0 0 0 0 0 0 0 0 0 1 1 1 1 1 1 1 97 119 35 31 1 1 1 1 1 1 1 1 0 0 1 4 8 1 1 1 1 0 0 0 0 0 0 0 0 1 1 1 1 45 95 59 1 1 1 1 0 0 0 0 1 1 1 238 22 1 1 0 0 0 0 0 0 0 0 0 0 1 1 184 1 1 0 1 1 1 1 1 1 1 1 1 2 2 41 54 161 184 184 112 14 1 1 1 1 1 13 1 1 1 1 1 1 30 213 226 89 1 0 1 1 1 1 1 1 1 0 0 0 0 0 0 0 1 11 156 129 1 1 0 0 0 0 0 0 0 1 1 0 0 0 0 0 0 0 0 0 1 1 0 0 0 0 0 0 0 0 0 0 0 0 0 0 0 0 0 0 0 0 0 0 0 0 0 0 0 0 0 0 0 0 0 0 0 0 0 0 0 0 0 1 179 80 1 0 0 0 0 0 0 0 0 1 1 1 1 99 4 1 1 1 1 133 169 170 170 164 110 3 1 0 0 0 1 41 164 1 0 0 0 0 0 0 0 0 0 1 1 2 2 1 0 0 1 1 0 0 0 0 0 0 0 1 58 255 25 1 10 1 1 1 0 0 0 0 1 1 0 0 0 1 1 0 0 0 0 0 1 1 215 2 0 0 0 0 2 0 1 0 1 1 1 1 1 1 1 0 1 1 1 2 43 3 1 1 1 1 12 87 1 1 0 0 0 1 2 0 0 0 0 0 0 0 0 0 0 0 1 1 0 0 0 0 0 0 0 0 1 3 0 0 0 0 0 0 0 1 16 1 0 0 1 0 0 0 0 1 2 1 11 255 3 0 0 0 0 0 1 1 1 1 0 0 0 0 0 0 1 1 6 44 1 0 0 0 0 1 0 1 1 1 0 0 0 0 0 0 0 0 0 0 0 0 0 0 0 0 0 0 0 0 0 0 0 1 1 1 54 1 0 0 0 0 0 0 0 0 226 198 1 1 1 0 1 1 1 1 53 187 205 207 207 195 91 4 1 0 2 21 0 0 0 122 0 0 0 0 0
0 0 1 1 0 0 0 0 1 1 0 0 0 0 0 0 0 0 0 0 0 0 0 0 0 0 0 0 0 0 0 0 0 1 126 92 1 1 0 0 0 0 0 0 0 0 0 0 0 1 1 1 1 1 1 1 1 1 1 9 117 1 1 23 4 1 1 1 1 1 1 0 0 0 0 1 7 5 1 0 0 0 0 0 0 0 1 1 1 1 1 45 92 37 1 1 1 1 1 0 0 0 0 0 0 1 1 193 202 1 1 0 0 0 0 0 0 0 0 0 0 1 1 184 1 1 1 1 1 2 3 2 2 2 3 67 138 186 204 181 94 7 1 1 1 1 1 1 0 0 1 19 1 1 0 1 3 1 1 59 223 211 6 1 1 1 1 1 1 1 1 1 1 1 1 1 1 1 1 17 150 146 1 1 0 0 0 0 0 0 0 0 1 1 0 0 0 0 0 0 0 0 1 1 0 0 0 0 0 0 0 0 0 0 0 0 0 0 0 0 0 0 0 0 0 0 0 0 0 0 0 0 0 0 0 0 0 0 0 0 0 0 0 0 1 16 191 1 0 0 0 0 0 0 1 1 140 177 177 177 173 171 171 171 177 169 82 1 1 1 5 113 167 169 7 0 0 1 41 164 1 0 0 0 0 0 0 0 0 0 0 1 1 2 2 0 0 0 0 0 0 0 0 0 0 0 0 1 252 255 1 10 1 1 1 1 0 0 0 0 1 0 0 0 1 0 0 0 0 0 0 1 1 215 1 0 0 0 0 2 0 1 1 1 0 0 1 1 1 0 1 1 2 0 1 1 33 7 1 1 1 105 2 1 1 0 0 0 1 2 1 0 0 0 0 0 0 0 0 0 0 0 0 0 0 0 0 0 0 0 0 2 1 0 0 0 0 0 0 0 0 5 5 0 1 1 1 1 1 1 1 1 1 251 253 1 0 0 0 0 0 0 0 1 1 1 1 0 0 0 0 1 1 71 1 1 0 0 0 0 0 0 0 0 1 0 0 0 0 0 0 0 0 0 0 0 0 0 0 0 0 0 0 0 0 0 0 1 1 1 0 31 20 2 0 0 0 0 0 0 1 246 4 1 1 1 0 1 1 1 0 1 1 1 1 1 28 183 204 208 202 91 2 0 0 1 120 0 0 0 0 0
0 1 1 1 0 0 0 1 1 0 0 0 0 0 0 0 0 0 0 0 0 0 0 0 0 0 0 0 0 0 0 0 0 1 129 86 1 1 0 0 0 0 0 0 0 0 0 1 1 1 1 1 1 1 1 1 5 108 119 117 7 1 1 1 27 1 1 0 0 0 0 0 0 0 0 1 1 10 3 1 0 0 0 1 1 1 1 1 1 45 90 34 1 1 1 1 1 0 0 0 0 0 0 0 0 0 0 9 238 1 1 0 0 0 0 0 0 0 0 0 0 1 1 185 1 1 1 2 2 1 1 3 104 173 195 201 186 140 159 1 1 0 1 0 1 0 1 0 0 0 0 3 9 1 1 1 1 3 1 1 1 142 229 171 1 1 1 1 1 1 1 2 9 20 25 26 25 8 0 1 12 135 158 1 0 0 0 0 0 0 0 0 0 1 1 0 0 0 0 0 0 0 0 1 1 0 0 0 0 0 0 0 0 0 0 0 0 0 0 0 0 0 0 0 0 0 0 0 0 0 0 0 0 0 0 0 0 0 0 0 0 0 1 1 1 1 196 1 0 0 0 0 1 29 171 176 93 1 1 1 1 1 1 1 8 81 3 0 1 1 1 1 1 2 170 1 0 1 38 164 1 0 0 0 0 0 0 0 0 0 0 0 0 1 4 1 0 0 0 0 0 0 0 0 0 0 0 1 1 255 254 11 1 1 1 1 1 0 0 0 1 1 0 1 1 0 0 0 0 0 0 0 1 215 1 0 0 0 1 1 1 1 1 0 0 1 0 2 1 1 1 0 2 1 0 1 1 19 10 6 85 80 1 1 0 0 0 0 0 2 1 0 0 0 0 0 0 0 0 0 0 0 0 0 0 0 0 0 0 0 0 1 3 0 0 0 1 3 3 3 1 1 16 1 1 1 1 0 0 1 1 1 1 255 192 0 0 0 0 0 0 0 0 0 0 0 1 1 1 0 1 1 5 53 1 1 0 0 0 0 0 0 0 0 0 0 0 0 0 0 0 0 0 0 0 0 0 0 0 0 0 0 0 0 0 0 0 0 0 0 0 15 1 15 21 20 14 2 1 0 1 246 1 1 1 1 0 1 1 0 0 0 0 0 0 0 1 1 1 1 9 218 1 0 0 60 35 0 0 0 0 0
1 1 1 1 1 1 1 1 0 0 0 0 0 0 0 0 0 0 0 0 0 0 0 0 0 0 0 0 0 0 0 0 0 1 132 83 1 1 0 0 0 0 0 0 0 1 1 1 1 1 1 1 1 1 1 49 113 10 2 1 1 1 1 1 30 1 1 0 0 0 0 0 0 0 0 0 1 1 13 2 1 1 1 1 1 1 1 39 90 35 1 1 1 1 1 1 0 0 0 0 0 0 0 0 0 0 0 1 238 12 1 1 0 0 0 0 0 1 1 1 1 1 1 184 1 1 3 1 6 121 176 196 195 160 121 21 2 1 138 1 1 0 1 1 0 1 1 1 1 1 1 1 19 1 1 0 1 1 1 1 1 1 23 206 228 118 35 29 27 25 23 15 4 1 1 1 1 24 1 0 1 7 123 163 1 1 0 0 0 0 0 0 0 0 1 1 0 0 0 0 0 0 0 0 1 1 0 0 0 0 0 0 0 0 0 0 0 0 0 0 0 0 0 0 0 0 0 0 0 0 0 0 0 0 0 0 0 0 0 0 0 1 1 1 1 1 191 14 1 1 3 153 176 162 5 1 0 0 0 1 1 1 1 0 0 9 55 1 0 0 1 1 1 1 97 189 102 4 96 134 0 0 0 0 0 0 0 0 0 0 0 0 0 1 4 1 0 0 0 0 0 0 0 0 0 0 0 0 1 2 255 251 3 1 1 1 1 0 0 0 0 1 1 1 1 0 0 0 0 0 0 0 1 215 1 0 0 0 1 1 1 1 1 1 1 1 1 1 2 0 0 0 1 2 0 0 1 1 14 115 17 1 1 2 3 3 3 3 2 2 1 0 0 0 0 0 0 0 0 0 0 0 0 0 0 0 0 0 0 0 0 0 2 2 1 3 3 1 0 1 3 3 4 25 1 0 0 0 0 1 0 1 182 255 1 0 0 0 0 0 0 0 0 0 0 0 0 0 0 1 1 1 72 1 1 1 1 0 0 0 0 0 0 0 0 0 0 0 0 0 0 0 0 0 0 0 0 0 0 0 0 0 0 0 0 0 0 0 0 0 1 14 0 0 0 1 2 13 21 22 25 250 150 5 1 1 1 1 1 1 0 0 0 0 0 0 0 0 0 0 1 210 2 0 0 122 1 0 0 0 0 0
1 1 0 1 1 1 1 0 0 0 0 0 0 0 0 0 0 0 0 0 0 0 0 0 0 0 0 0 0 0 0 0 0 1 134 80 1 0 0 0 0 0 0 0 0 1 1 1 1 1 1 1 75 94 117 81 1 1 1 1 1 0 1 1 2 22 1 0 0 0 0 0 0 0 0 0 0 1 1 17 1 1 1 1 1 45 90 41 1 1 1 1 1 1 0 0 0 0 0 0 0 0 0 0 0 0 0 1 199 197 1 1 1 1 1 1 1 1 1 1 1 1 1 185 5 24 140 180 196 190 156 113 14 1 1 1 1 1 138 3 1 1 2 2 2 2 2 1 1 0 0 0 1 22 1 1 31 118 141 142 142 142 129 119 158 224 196 4 1 1 1 1 1 1 0 1 1 13 9 1 1 1 112 77 147 11 1 0 0 0 0 0 0 0 0 1 1 1 0 0 0 0 0 0 0 1 1 1 0 0 0 0 0 0 0 0 0 0 0 0 0 0 0 0 0 0 0 0 0 0 0 0 0 0 0 0 0 0 0 0 1 1 1 0 1 1 196 3 114 176 172 61 1 1 0 0 0 0 0 0 0 0 0 0 1 2 8 44 1 0 0 1 1 35 38 8 158 193 198 66 1 0 0 0 0 0 0 0 0 0 0 0 0 0 4 3 1 0 0 0 0 0 0 0 0 0 0 0 0 1 206 255 255 255 255 255 237 55 1 1 1 1 1 1 0 0 0 0 0 0 0 1 1 217 2 1 1 1 1 1 1 1 1 1 1 1 0 0 2 0 0 0 1 2 1 0 1 1 1 54 117 3 3 1 1 0 0 0 1 4 1 1 1 0 0 0 0 0 0 0 0 0 0 0 0 0 0 0 0 0 0 0 0 1 2 1 1 0 0 0 0 1 1 9 9 0 0 0 0 1 1 1 255 247 1 0 0 0 0 0 0 0 0 0 0 0 0 0 0 1 1 1 74 1 0 0 0 0 0 0 0 0 0 0 0 0 0 0 0 0 0 0 0 0 0 0 0 0 0 0 0 0 0 0 0 0 0 0 0 0 3 8 1 1 1 0 0 0 0 0 1 167 244 255 255 255 255 255 222 66 3 1 1 1 1 1 1 0 0 0 1 211 1 1 1 124 0 0 0 0 0 0
0 0 1 1 0 1 1 1 0 0 0 0 0 0 0 0 0 0 0 0 0 0 0 0 0 0 0 0 0 0 0 0 0 1 136 75 1 0 0 0 0 0 0 1 1 1 0 1 1 1 38 118 63 30 2 1 1 1 1 1 1 1 1 0 1 30 1 0 0 0 0 0 0 0 1 1 1 1 1 1 14 1 1 48 91 35 1 1 1 1 1 1 1 0 0 0 0 0 0 0 0 0 0 0 0 0 0 1 17 238 1 1 1 0 1 1 1 1 1 1 1 2 51 224 182 196 180 151 101 9 1 1 1 1 1 1 1 1 82 93 9 1 1 1 1 0 1 1 1 2 61 116 123 132 145 137 109 16 1 1 1 1 0 1 3 126 187 227 149 1 1 1 0 1 1 1 8 3 1 6 11 26 94 1 20 144 46 1 0 0 0 0 0 0 0 0 0 1 1 0 0 0 0 0 0 0 1 1 1 0 0 0 0 0 0 0 0 0 0 0 0 0 0 0 0 0 0 0 0 0 0 0 0 0 0 0 0 0 0 0 1 1 1 1 1 96 209 176 123 1 1 1 0 0 0 0 0 0 0 0 0 1 1 1 1 3 5 10 28 1 1 8 54 3 1 1 1 1 1 112 154 53 1 1 1 0 0 0 0 0 0 0 0 0 1 2 2 0 0 0 0 0 0 0 0 0 0 0 1 1 1 251 167 194 243 255 255 255 255 255 255 248 75 1 1 1 1 0 0 0 0 1 3 215 2 2 3 2 2 1 1 1 1 0 0 1 1 0 2 0 0 0 0 3 1 0 1 0 2 11 29 111 1 1 1 1 1 0 0 2 2 1 1 0 0 0 0 0 0 0 0 0 0 0 0 0 0 0 0 0 0 0 0 0 0 0 1 1 0 0 0 0 0 0 23 2 0 0 0 1 1 12 255 96 1 0 0 0 0 0 0 0 0 0 0 0 0 0 0 1 1 15 28 0 0 0 0 0 0 0 0 0 0 0 0 0 0 0 0 0 0 0 0 0 0 0 0 0 0 0 0 0 0 0 0 0 0 0 0 0 4 5 0 1 1 1 1 1 1 0 1 1 1 255 2 1 12 244 255 255 255 255 255 255 181 1 1 1 1 1 1 210 0 0 2 119 0 0 0 0 0 0
0 1 1 0 0 0 0 1 1 1 0 0 0 0 0 0 0 0 0 0 0 0 0 0 0 0 0 0 0 0 0 0 0 1 138 72 1 0 0 0 0 0 1 1 1 1 1 1 75 116 82 2 1 1 1 1 1 1 1 1 1 1 1 1 1 3 22 1 0 0 0 1 1 1 1 0 0 1 1 1 28 73 90 31 1 1 1 1 1 0 0 0 1 0 0 0 0 0 0 0 0 0 0 0 0 0 0 0 1 238 8 1 1 0 1 1 1 1 2 75 170 192 201 224 170 87 6 1 1 1 0 1 1 1 1 1 0 1 77 1 89 6 1 5 68 107 112 115 122 115 56 2 1 0 4 1 1 0 0 1 1 0 0 0 0 1 56 149 209 217 122 1 1 1 1 5 5 1 1 1 1 5 116 1 1 9 131 86 1 0 0 0 0 0 0 0 0 0 1 1 0 0 0 0 0 0 0 1 1 1 0 0 0 0 0 0 0 0 0 0 0 0 0 0 0 0 0 0 0 0 0 0 0 0 0 0 0 0 0 0 1 1 1 123 206 198 167 1 1 1 1 1 0 0 0 0 0 0 0 0 1 1 1 1 2 6 2 1 27 57 49 19 2 1 1 1 0 1 1 1 1 117 155 114 1 1 0 0 0 0 0 0 0 0 1 2 1 1 0 0 0 0 0 0 0 0 0 0 0 1 1 126 243 243 206 6 1 1 18 201 251 255 255 255 255 244 74 1 1 1 0 1 76 203 1 0 0 0 1 1 1 1 1 1 0 0 1 1 2 0 0 0 1 5 1 0 1 2 10 1 1 3 120 4 1 1 1 1 1 1 4 1 1 1 0 0 0 0 0 0 0 0 0 0 0 0 0 0 0 0 0 0 0 0 0 0 1 1 1 1 0 0 0 0 1 33 1 0 1 1 1 251 253 1 0 0 0 0 0 0 0 0 0 0 0 0 0 0 0 1 1 74 1 0 0 0 0 0 0 0 0 0 0 0 0 0 0 0 0 0 0 0 0 0 0 0 0 0 0 0 0 0 0 0 0 0 0 0 0 0 7 3 0 0 0 0 0 1 1 1 1 1 1 255 1 1 1 1 1 1 1 1 2 230 255 255 255 170 1 1 1 210 0 0 93 13 0 0 0 0 0 0
1 1 1 0 0 1 1 1 1 1 1 0 0 0 0 0 0 0 0 0 0 0 0 0 0 0 0 0 0 0 0 0 0 1 138 73 1 0 0 0 0 0 1 1 1 1 1 109 51 2 1 1 1 1 1 1 0 1 1 1 1 1 1 1 1 1 29 1 1 1 1 1 0 0 0 0 1 1 2 75 92 10 1 1 1 1 1 1 0 0 0 0 1 0 0 0 0 0 0 0 0 0 0 0 0 0 0 0 1 207 191 1 1 1 1 2 91 172 194 200 172 144 73 140 103 2 1 1 1 1 1 1 1 1 1 1 1 5 96 17 14 111 111 92 22 1 1 2 1 0 0 0 1 1 1 4 1 1 0 0 1 0 0 0 1 1 1 1 115 165 207 212 129 1 3 9 1 1 0 1 1 5 78 30 0 1 4 114 117 1 0 0 0 0 0 0 0 0 0 1 1 1 0 0 0 0 0 0 1 1 1 0 0 0 0 0 0 0 0 0 0 0 0 0 0 0 0 0 0 0 0 0 0 0 0 0 0 0 1 1 11 184 207 186 16 1 19 31 1 1 1 0 0 0 0 0 0 0 1 0 1 16 61 13 3 1 2 0 1 15 1 1 1 1 0 0 1 1 0 0 1 1 1 63 156 44 1 1 0 0 0 0 0 0 2 3 1 1 0 0 0 0 0 0 0 0 0 0 0 0 1 1 1 8 210 243 243 209 1 5 1 1 2 161 252 255 255 255 255 251 72 1 181 154 1 1 1 1 1 1 1 0 1 1 0 0 0 2 1 0 1 0 2 9 1 1 2 11 1 0 1 1 1 114 18 1 1 1 0 0 4 0 0 1 0 0 0 0 0 0 0 0 0 0 0 0 0 0 0 0 0 0 0 0 0 0 0 0 1 1 1 0 0 0 1 1 33 1 1 1 1 255 219 1 0 0 0 0 0 0 0 0 0 0 0 0 0 0 1 1 1 73 1 0 0 0 0 0 0 0 0 0 0 0 0 0 0 0 0 0 0 0 0 0 0 0 0 0 0 0 0 0 0 0 0 0 0 0 0 0 4 4 0 0 0 0 0 0 0 0 0 0 1 255 1 0 0 0 0 0 0 0 1 1 1 1 229 255 255 255 228 208 1 1 126 1 1 0 0 0 0 0
1 0 0 0 0 1 1 1 1 1 1 1 1 0 0 0 0 0 0 0 0 0 0 0 0 0 0 0 0 0 0 0 0 1 138 74 1 0 0 0 1 1 1 0 1 11 118 25 1 1 1 1 1 0 1 1 1 1 1 1 1 1 1 1 0 1 5 10 1 0 0 0 0 0 1 1 2 62 102 25 1 1 1 1 1 0 0 0 0 0 0 0 1 1 0 0 0 0 0 0 0 0 0 0 0 0 0 0 0 11 234 114 5 117 177 194 197 172 140 55 2 1 1 128 49 36 1 1 1 1 2 5 9 12 12 11 8 3 87 1 1 1 5 1 0 1 2 1 0 0 0 1 1 1 0 1 2 1 0 0 1 1 1 1 1 1 1 0 1 24 151 152 193 215 121 1 1 1 1 1 1 5 1 119 1 0 1 2 91 137 1 0 0 0 0 0 0 0 0 0 0 1 1 0 0 0 0 0 0 1 1 1 0 0 0 0 0 0 0 0 0 0 0 0 0 0 0 0 0 0 0 0 0 0 0 0 0 1 4 185 206 127 2 1 1 1 1 60 1 1 0 0 0 0 0 0 0 0 1 5 64 23 1 24 1 1 1 1 1 16 0 1 1 1 1 1 0 0 0 0 0 0 1 1 1 126 151 5 1 1 0 0 0 0 0 1 3 3 1 1 0 0 0 0 0 0 0 0 0 0 0 0 1 1 1 1 3 209 239 11 1 1 1 1 3 1 2 139 247 255 255 255 255 238 2 1 0 1 1 0 0 0 0 1 1 0 0 2 0 0 1 1 6 7 1 7 10 1 0 0 0 0 1 1 92 47 1 1 0 0 4 0 0 1 0 0 0 0 0 0 0 0 0 0 0 0 0 0 0 0 0 0 0 0 0 0 0 0 0 1 1 0 0 0 1 1 2 33 1 1 194 255 4 0 0 0 0 0 0 0 0 0 0 0 0 0 0 1 1 1 42 8 0 0 0 0 0 0 0 0 0 0 0 0 0 0 0 0 0 0 0 0 0 0 0 0 0 0 0 0 0 0 0 0 0 0 0 0 0 0 1 12 0 0 0 0 0 0 0 0 0 0 1 255 0 0 0 0 0 0 0 0 0 0 0 1 1 1 1 208 255 255 255 254 196 1 1 1 0 0 0 0
1 0 0 0 0 0 0 1 1 1 1 1 1 1 0 0 0 0 0 0 0 0 0 0 0 0 0 0 0 0 0 0 0 1 141 66 1 0 1 1 1 0 0 1 1 114 10 1 1 1 1 1 1 1 1 1 1 1 1 1 1 0 1 1 1 1 1 27 1 1 0 0 1 1 2 62 102 37 1 1 1 1 1 0 0 0 0 0 0 0 0 0 0 1 0 0 0 0 0 0 0 0 0 0 0 0 0 0 0 1 189 210 225 189 167 134 40 1 1 1 1 1 1 119 35 130 16 11 11 10 7 3 1 1 1 0 1 1 82 1 1 1 1 5 3 1 1 0 0 0 1 1 1 0 0 1 2 1 0 0 0 1 1 1 1 1 0 0 1 1 1 98 164 130 215 179 2 1 1 1 1 5 1 44 66 0 0 1 1 59 146 4 0 0 0 0 0 0 0 0 0 0 1 1 1 0 0 0 0 0 1 1 1 0 0 0 0 0 0 0 0 0 0 0 0 0 0 0 0 0 0 0 0 0 0 0 1 151 206 124 1 1 1 1 0 0 1 7 31 1 0 0 0 0 0 0 0 1 42 45 1 1 0 1 20 32 17 14 15 3 1 1 0 1 1 1 1 0 0 0 0 0 0 1 1 1 3 150 133 2 1 1 0 0 0 0 0 1 2 3 1 1 0 0 0 0 0 0 0 0 0 0 1 1 1 1 1 1 199 221 1 0 1 1 3 1 1 1 1 1 30 237 255 255 255 247 1 1 1 1 0 0 0 1 1 0 1 2 0 0 1 1 1 32 15 3 1 0 0 0 0 0 0 1 1 63 67 1 1 0 4 0 0 1 1 0 0 0 0 0 0 0 0 0 0 0 0 0 0 0 0 0 0 0 0 0 0 0 0 0 1 1 0 0 0 0 0 2 42 16 255 244 1 0 0 0 0 0 0 0 0 0 0 0 0 0 1 1 1 1 73 1 0 0 0 0 0 0 0 0 0 0 0 0 0 0 0 0 0 0 0 0 0 0 0 0 0 0 0 0 0 0 0 0 0 0 0 0 0 0 0 14 0 0 0 0 0 0 0 0 0 0 4 255 0 0 0 0 0 0 0 0 0 0 0 0 0 0 0 0 1 1 18 253 255 255 255 231 1 1 1 0
1 1 1 1 0 0 1 1 1 0 0 1 1 1 0 0 0 0 0 0 1 1 1 1 0 0 0 0 0 0 0 0 0 1 141 64 1 1 1 1 1 1 0 1 1 119 1 1 1 1 1 1 1 1 1 1 1 1 1 1 1 1 1 0 0 0 1 7 7 1 1 1 2 69 103 37 1 1 1 1 0 0 0 0 0 0 0 0 0 0 0 0 0 1 1 0 0 0 0 0 0 0 0 0 0 0 0 0 0 0 63 212 220 65 1 1 1 1 5 17 23 24 24 130 114 85 126 1 1 1 1 0 0 0 0 1 1 38 19 0 1 0 1 1 6 1 0 0 1 1 1 1 0 0 0 1 1 2 0 0 1 1 1 1 1 1 1 1 1 1 1 1 84 191 179 189 217 14 1 1 1 2 2 1 123 1 0 0 1 1 32 147 25 0 0 0 0 0 0 0 0 0 0 0 1 1 1 0 0 0 0 1 1 1 0 0 0 0 0 0 0 0 0 0 0 0 0 0 0 0 0 0 0 1 1 50 194 168 2 1 1 1 1 1 1 1 1 1 61 1 0 0 0 0 1 1 3 65 7 1 0 0 0 1 1 1 1 1 1 1 1 0 1 1 0 1 1 0 0 0 0 0 0 0 0 1 1 1 32 156 158 79 1 0 0 0 0 0 0 1 3 2 1 0 0 0 0 0 0 0 0 0 0 1 1 1 1 1 2 244 1 0 0 1 2 1 1 1 1 1 1 1 174 2 205 255 255 1 1 1 0 0 0 1 1 0 1 2 1 1 1 1 41 41 1 0 1 0 0 0 0 0 0 0 1 1 42 88 1 1 4 0 0 0 1 0 0 0 0 0 0 0 0 0 0 0 0 0 0 0 0 0 0 0 0 0 0 0 0 0 1 1 1 1 1 1 1 1 2 255 253 33 0 0 0 0 0 0 0 0 0 0 0 0 0 0 1 1 1 42 8 0 0 0 0 0 0 0 0 0 0 0 0 0 0 0 0 0 0 0 0 0 0 0 0 0 0 0 0 0 0 0 0 0 0 0 0 0 0 0 0 13 1 0 0 0 0 0 0 0 0 0 137 255 0 0 0 0 0 0 0 0 0 0 0 0 0 0 0 0 0 0 1 1 1 1 196 255 255 255 96 1
0 1 1 1 1 1 1 1 0 0 1 1 1 1 1 1 1 1 1 1 1 1 1 1 1 0 0 0 0 0 0 1 0 1 139 73 1 1 0 1 1 0 0 1 1 120 1 1 1 1 1 1 1 1 1 1 1 1 1 1 1 0 0 0 0 0 1 1 26 1 5 91 101 31 1 1 1 1 0 0 0 0 0 0 0 0 0 0 0 0 0 0 0 0 1 0 0 0 0 0 0 0 0 0 0 0 0 0 0 0 1 232 118 8 9 30 25 22 8 1 1 1 1 96 75 1 128 47 1 0 0 0 0 0 0 1 1 84 1 0 0 1 1 1 1 3 2 1 1 1 1 0 0 0 1 2 1 1 1 1 1 1 1 1 1 1 1 1 1 1 1 49 101 74 99 182 175 227 127 4 1 1 8 1 14 100 0 0 0 0 1 15 140 61 1 0 0 0 0 0 0 0 0 0 0 0 1 1 1 0 0 0 1 1 1 0 0 0 0 0 0 0 0 0 0 0 0 0 0 0 0 0 1 6 181 179 169 1 1 1 1 0 1 1 1 1 1 1 60 1 1 1 1 4 24 71 53 1 0 0 0 0 0 0 1 1 0 0 1 1 0 0 1 1 1 1 1 0 0 0 0 0 0 0 0 0 0 1 1 1 1 108 125 1 0 0 0 0 0 0 0 1 3 2 1 0 0 0 0 0 0 0 0 0 0 1 1 1 1 244 1 0 0 1 1 0 1 0 1 1 1 1 175 1 1 17 255 252 1 0 0 0 0 0 2 7 24 50 66 74 74 70 8 1 1 0 1 0 0 0 0 0 0 0 1 1 1 20 103 1 3 0 0 0 1 0 0 0 0 0 0 0 0 0 0 0 0 0 0 0 0 0 0 0 0 0 0 0 0 0 0 1 1 1 1 1 1 1 143 255 209 1 1 0 0 0 0 0 0 0 0 0 0 0 0 0 1 1 4 56 1 0 0 0 0 0 0 0 0 0 0 0 0 0 0 0 0 0 0 0 0 0 0 0 0 0 0 0 0 0 0 0 0 0 0 0 0 0 0 0 0 11 1 0 0 0 0 0 0 0 0 1 248 254 0 0 0 0 0 0 0 0 0 0 0 0 0 0 0 0 0 1 1 0 0 0 0 1 1 246 255 255
0 0 1 1 1 1 1 1 0 1 1 0 0 1 1 1 0 0 1 1 0 1 1 1 1 0 0 0 0 0 0 1 1 1 136 79 1 0 1 1 0 0 0 0 1 115 5 1 1 1 1 1 1 1 1 1 1 1 0 0 1 1 0 0 0 0 1 1 18 87 91 7 1 1 1 1 0 0 0 0 0 0 0 0 0 0 0 0 0 0 0 0 0 0 1 0 0 0 0 0 0 0 0 0 0 0 0 0 0 0 1 241 25 1 1 7 1 1 0 0 0 0 1 92 78 1 2 144 4 1 0 0 0 0 1 1 3 87 1 1 1 2 1 0 1 1 3 3 1 1 0 0 0 1 2 1 0 1 1 1 1 1 1 1 1 1 1 1 1 1 33 83 101 1 1 3 145 169 228 198 8 10 1 1 1 112 4 0 0 0 0 1 9 126 99 1 0 0 0 0 0 0 0 0 0 0 0 0 1 1 0 0 0 0 1 1 0 0 0 0 0 0 0 0 0 0 0 0 0 0 1 1 128 198 114 110 6 1 2 1 0 1 1 1 1 1 4 5 94 80 72 64 66 52 18 1 0 0 0 0 0 0 0 0 0 0 0 0 0 1 1 1 1 0 1 1 0 0 0 0 0 0 0 0 0 0 0 0 0 1 1 1 127 47 1 0 0 0 0 0 0 0 1 1 3 3 1 1 0 0 0 0 0 0 0 0 1 1 1 244 1 0 0 2 1 0 0 0 0 0 1 1 174 1 1 1 140 255 9 1 0 0 1 11 78 71 39 15 3 1 1 1 1 1 0 0 1 0 0 0 0 0 0 0 0 1 1 1 9 110 2 1 0 0 1 0 0 0 0 0 0 0 0 0 0 0 0 0 0 0 0 0 0 0 0 0 0 0 0 0 0 0 0 1 1 1 1 16 255 214 1 1 1 0 0 0 0 0 0 0 0 0 0 0 0 0 1 1 70 1 0 0 0 0 0 0 0 0 0 0 0 0 0 0 0 0 0 0 0 0 0 0 0 0 0 0 0 0 0 0 0 0 0 0 0 0 0 0 0 0 0 12 1 0 0 0 0 0 0 0 0 1 255 242 0 0 0 0 0 0 0 0 0 0 0 0 0 0 0 0 0 0 1 1 1 0 0 0 0 1 1 244
0 0 1 1 1 1 1 1 1 1 1 0 1 1 0 0 0 0 0 1 1 1 1 1 0 0 0 0 0 0 0 0 1 1 135 81 1 1 1 0 0 0 0 1 1 45 88 1 1 1 1 1 1 1 0 0 1 1 0 0 0 1 0 1 1 1 1 9 26 99 1 1 1 1 0 0 0 0 0 0 0 0 0 0 0 0 0 0 0 0 0 0 0 0 1 1 0 0 0 0 0 0 0 0 0 0 0 0 0 0 1 223 177 1 1 6 1 1 1 1 1 1 1 76 93 1 1 32 131 1 0 0 0 1 1 2 5 4 66 1 2 1 0 0 0 1 2 3 2 0 0 0 1 2 1 0 0 0 1 2 1 1 1 1 1 1 1 1 1 18 70 119 1 1 0 0 1 70 156 201 235 118 1 1 1 1 120 1 0 0 1 1 1 4 108 123 1 0 0 0 0 0 0 0 0 0 0 0 0 0 1 1 0 0 1 1 1 0 0 0 0 0 0 0 0 0 0 0 1 1 1 174 172 3 1 5 1 2 1 1 1 2 1 1 2 1 4 50 99 1 1 1 1 0 0 0 0 0 0 0 0 0 0 0 0 0 0 0 0 1 1 1 1 1 1 1 0 0 0 0 0 0 0 0 0 0 0 0 0 0 1 1 1 155 4 1 0 0 0 0 0 0 0 0 0 1 2 3 3 1 0 0 0 0 0 0 1 1 1 244 2 0 1 1 1 0 0 0 0 0 0 47 153 3 1 1 1 255 252 1 1 1 42 69 3 1 1 1 1 0 0 0 0 0 0 0 0 0 0 0 0 0 0 0 0 0 1 1 1 8 120 1 0 0 0 0 0 0 0 0 0 0 0 0 0 0 0 0 0 0 0 0 0 0 0 0 0 0 0 0 0 0 0 0 1 1 9 255 244 1 0 1 1 1 0 0 0 0 0 0 0 0 0 0 0 1 1 1 50 4 0 0 0 0 0 0 0 0 0 0 0 0 0 0 0 0 0 0 0 0 0 0 0 0 0 0 0 0 0 0 0 0 0 0 0 0 0 0 0 0 0 14 0 0 0 0 0 0 0 0 0 1 255 80 0 0 0 0 0 0 0 0 0 0 0 0 0 0 0 0 0 0 0 0 1 1 1 1 0 0 0 1
1 1 1 0 0 1 1 1 1 1 0 0 1 1 0 0 0 0 0 0 1 1 1 0 0 0 0 0 0 0 0 0 1 1 137 79 1 1 0 0 0 0 1 1 1 1 59 83 1 1 1 0 1 0 0 0 0 1 1 0 0 1 1 1 2 10 11 2 1 103 1 1 1 1 0 0 0 0 0 0 0 0 0 0 0 0 0 0 0 0 0 0 0 0 0 1 0 0 0 0 0 0 0 0 0 0 0 0 0 0 0 140 232 1 1 5 1 0 1 1 1 1 1 42 115 1 1 1 144 6 1 0 1 1 1 11 1 1 3 66 1 0 0 0 1 5 1 1 2 2 0 1 2 1 0 0 0 0 1 2 1 1 1 1 1 1 1 1 9 60 128 2 1 0 0 0 0 1 2 135 169 231 223 3 1 1 91 26 1 1 1 1 0 1 2 81 141 1 0 0 0 0 0 0 0 0 0 0 0 0 0 1 1 0 0 1 1 1 0 0 0 0 0 0 0 1 1 1 1 1 174 131 1 1 1 5 1 1 1 1 1 1 1 1 1 0 10 117 1 1 1 0 0 0 0 0 0 0 0 0 0 0 0 0 0 0 0 0 0 0 1 1 1 1 1 1 0 0 0 0 0 0 0 0 0 0 0 0 0 0 0 1 1 1 155 44 1 0 0 0 0 0 0 0 0 0 0 0 1 3 3 1 0 0 0 0 1 0 1 243 42 1 1 0 0 0 0 0 0 0 0 94 184 107 121 118 65 255 255 168 52 88 26 3 3 1 1 0 1 0 0 1 0 0 0 0 0 0 0 0 0 0 0 0 0 0 0 1 1 1 62 58 0 0 0 0 0 0 0 0 0 0 0 0 0 0 0 0 0 0 0 0 0 0 0 0 0 0 0 0 0 0 0 0 1 20 255 245 1 0 0 0 1 1 1 0 0 0 0 0 0 0 0 1 1 1 1 0 1 56 4 1 0 0 0 0 0 0 0 0 0 0 0 0 0 0 0 0 0 0 0 0 0 0 0 0 0 0 0 0 0 0 0 0 0 0 0 0 0 0 0 14 0 0 0 0 0 0 0 0 0 1 255 1 0 0 0 0 0 0 0 0 0 0 0 0 0 0 0 0 0 0 0 0 0 0 0 1 1 1 1 0
1 1 1 0 0 0 1 1 1 1 0 1 1 0 0 0 0 0 0 0 1 1 1 1 1 0 0 0 0 0 0 0 0 1 140 68 1 0 0 0 0 1 1 1 1 1 1 76 63 1 1 0 1 0 0 0 0 1 1 1 1 1 5 13 8 1 1 0 1 69 29 1 0 1 1 0 0 0 0 0 0 0 0 0 0 0 0 0 0 0 0 0 0 0 0 1 1 0 0 0 0 0 0 0 0 0 0 0 0 0 0 1 241 2 1 6 1 1 1 0 0 0 1 14 132 1 1 1 46 122 1 1 1 1 90 113 2 1 1 76 1 1 0 1 8 1 1 1 1 2 4 2 1 0 0 0 0 0 1 2 1 1 0 1 1 1 1 4 60 126 7 1 0 0 0 0 0 0 0 3 79 154 190 236 175 1 1 125 1 1 1 1 0 0 0 1 51 148 7 0 0 0 0 0 0 0 0 0 0 0 0 0 1 1 0 0 1 1 1 1 0 0 1 1 1 1 1 1 0 79 188 1 1 1 1 7 1 1 1 1 1 0 0 0 0 0 123 6 1 1 1 0 0 0 0 0 0 0 0 0 0 0 0 0 0 0 0 0 0 0 0 1 1 1 1 1 0 0 0 0 0 0 0 0 0 0 0 0 0 0 0 0 1 1 1 130 130 1 0 0 0 0 0 0 0 0 0 0 0 0 1 3 3 1 0 1 0 1 1 227 195 1 1 0 0 0 0 0 0 0 1 200 3 2 2 3 220 255 65 252 21 1 1 0 1 2 2 1 1 0 1 1 0 0 0 0 0 0 0 0 0 0 0 0 0 0 0 0 1 1 24 89 1 0 0 0 0 0 0 0 0 0 0 0 0 0 0 0 0 0 0 0 0 0 0 0 0 0 0 0 0 0 0 1 33 255 237 1 0 0 0 0 1 1 1 1 0 0 0 0 0 1 1 1 1 0 0 0 0 1 55 4 0 0 0 0 0 0 0 0 0 0 0 0 0 0 0 0 0 0 0 0 0 0 0 0 0 0 0 0 0 0 0 0 0 0 0 0 0 0 0 14 0 0 0 0 0 0 0 0 0 1 255 1 0 0 0 0 0 0 0 0 0 0 0 0 0 0 0 0 0 0 0 0 0 0 0 0 0 0 1 1
1 1 0 0 0 0 0 1 1 1 1 1 1 0 0 0 0 0 0 0 0 1 0 0 1 0 0 0 0 0 0 0 0 1 144 62 1 0 0 0 1 1 1 1 1 1 1 4 112 1 0 1 1 1 1 1 1 1 1 2 10 12 3 1 1 1 0 0 1 3 105 1 0 0 1 1 0 0 0 0 0 0 0 0 0 0 0 0 0 0 0 0 0 0 0 0 1 0 0 0 0 0 0 0 0 0 0 0 0 0 0 1 226 166 1 2 6 2 1 1 0 0 1 5 138 1 1 1 1 141 13 1 1 113 147 91 117 1 1 18 32 1 1 9 1 0 0 0 1 3 4 1 0 0 0 0 0 0 1 50 3 1 1 1 1 1 2 61 118 26 1 0 0 0 0 0 0 0 1 27 1 15 65 154 225 238 169 43 96 1 0 1 1 0 0 0 1 27 147 34 0 0 0 0 0 0 0 0 0 0 0 0 0 1 0 0 1 1 1 1 1 1 1 1 1 0 0 1 1 195 30 1 0 1 1 7 1 1 1 1 0 0 0 0 0 1 134 1 1 1 1 1 0 0 0 0 0 0 0 0 0 0 0 0 0 0 0 0 0 0 0 0 0 0 1 1 1 0 0 0 0 0 0 0 0 0 0 0 0 0 0 0 0 0 1 1 44 158 9 1 0 0 0 0 0 0 0 0 0 0 0 1 1 3 4 4 1 1 1 173 236 1 0 0 0 0 0 0 0 0 21 193 1 2 1 1 13 255 252 237 1 1 1 1 0 0 1 2 1 1 1 0 0 0 0 0 0 0 0 0 0 0 0 0 0 0 0 0 0 1 3 122 1 0 0 0 0 0 0 0 0 0 0 0 0 0 0 0 0 0 0 0 0 0 0 0 0 0 0 0 0 0 1 10 255 227 1 0 0 0 0 0 0 1 0 1 1 1 1 1 1 1 1 1 0 0 0 0 0 0 1 62 3 0 0 0 0 0 0 0 0 0 0 0 0 0 0 0 0 0 0 0 0 0 0 0 0 0 0 0 0 0 0 0 0 0 0 0 0 0 1 13 0 0 0 0 0 0 0 0 0 1 255 1 0 0 0 0 0 0 0 0 0 0 0 0 0 0 0 0 0 0 0 0 0 0 0 0 0 0 0 0
1 0 0 0 0 0 1 1 1 1 1 1 1 0 0 0 0 0 0 0 0 1 0 1 1 0 0 0 0 0 0 0 0 1 147 54 1 0 0 1 1 0 0 1 1 1 1 1 68 57 1 1 1 1 1 1 1 4 15 9 1 1 1 1 0 0 0 0 1 1 106 2 1 0 0 1 0 0 0 0 0 0 0 0 0 0 0 0 0 0 0 0 0 0 0 0 1 0 0 0 0 0 0 0 0 0 0 0 0 0 0 1 159 227 1 1 1 4 7 1 0 0 1 3 142 1 1 0 1 16 135 6 107 145 17 53 156 9 1 1 74 2 7 1 0 0 0 1 5 2 1 1 1 1 0 0 0 1 56 38 67 14 1 1 1 1 58 104 58 1 0 0 0 0 0 0 0 1 19 3 1 13 0 1 124 143 221 236 231 180 31 1 1 1 1 0 1 1 13 138 112 1 0 0 0 0 0 0 0 0 0 0 0 1 1 1 1 1 0 1 1 1 0 0 0 0 1 1 4 201 1 1 1 1 0 4 1 0 0 1 1 0 0 0 0 1 137 1 1 1 1 1 0 0 0 0 0 0 0 0 0 0 0 0 0 0 0 0 0 0 0 0 0 0 0 0 0 0 0 0 0 0 0 0 0 0 0 0 0 0 0 0 0 0 0 1 1 1 148 58 1 0 0 0 0 0 0 0 0 0 0 0 1 1 1 1 5 8 1 16 243 1 0 0 0 0 0 0 0 1 159 141 0 1 2 1 1 183 255 237 1 1 1 1 1 0 2 1 0 1 1 0 0 0 0 0 0 0 0 0 0 0 0 0 0 0 0 0 0 1 1 126 1 0 0 1 1 0 0 0 0 0 0 0 0 0 0 0 0 0 0 0 0 0 0 0 0 0 0 0 0 1 2 255 239 1 0 0 0 0 0 0 0 1 1 1 1 1 1 1 1 1 1 0 0 0 0 0 0 0 0 1 74 1 0 0 0 0 0 0 0 0 0 0 0 0 0 0 0 0 0 0 0 0 0 0 0 0 0 0 0 0 0 0 0 0 0 0 0 0 1 13 0 0 0 0 0 0 0 0 0 1 255 1 0 0 0 0 0 0 0 0 0 0 0 0 0 0 0 0 0 0 0 0 0 0 0 0 0 0 0 0
1 0 0 0 0 0 1 1 1 1 0 1 0 0 0 0 0 0 0 0 1 1 1 1 0 0 0 0 0 0 0 0 0 0 151 45 1 1 1 1 0 0 0 1 1 1 1 1 20 101 1 1 2 3 8 15 17 6 1 1 1 0 0 1 1 1 0 0 0 1 22 84 1 0 0 1 0 0 0 0 0 0 0 0 0 0 0 0 0 0 0 0 0 0 0 0 1 1 0 0 0 0 0 0 0 0 0 0 0 0 0 0 2 241 1 0 0 1 2 4 0 0 1 2 142 1 1 1 1 1 93 147 149 4 1 1 79 146 1 1 77 13 1 1 0 0 1 7 1 1 1 1 1 2 1 0 0 1 93 3 1 68 12 24 70 101 98 89 1 1 1 0 0 0 0 0 0 1 27 1 1 14 0 0 1 16 145 88 144 230 241 137 1 0 1 1 1 0 1 6 94 149 81 1 0 0 0 0 0 0 0 0 0 0 1 1 1 0 0 0 0 0 0 1 1 1 1 1 135 159 1 1 0 0 0 1 7 1 1 1 1 1 1 1 1 4 131 1 1 1 1 1 1 1 1 1 1 1 1 1 1 1 1 1 0 0 0 0 0 0 0 0 0 0 0 0 0 0 0 0 0 0 0 0 0 0 0 0 0 0 0 0 0 0 0 0 0 1 1 123 129 1 0 0 0 0 0 0 0 0 0 0 0 0 0 1 1 2 14 2 244 1 0 0 0 0 0 0 0 6 177 64 0 0 1 1 0 1 255 252 1 0 1 0 1 1 2 0 0 0 0 0 0 0 0 0 0 0 0 0 0 0 0 0 0 0 0 0 0 1 1 130 1 0 0 1 1 0 0 0 0 0 0 0 0 0 0 0 0 0 0 0 0 0 0 0 0 0 0 0 1 1 255 250 1 0 0 0 0 0 1 1 1 1 1 1 1 1 1 1 1 0 0 0 0 0 0 0 0 0 0 0 18 23 0 0 0 0 0 0 0 0 0 0 0 0 0 0 0 0 0 0 0 0 0 0 0 0 0 0 0 0 0 0 0 0 0 0 0 0 1 14 0 0 0 0 0 0 0 0 0 1 255 1 0 0 0 0 0 0 0 0 0 0 0 0 0 0 0 0 0 0 0 0 0 0 0 0 0 0 0 0
0 0 0 0 0 0 1 1 1 1 1 1 0 0 0 0 0 0 0 0 1 1 1 0 0 0 0 0 0 1 1 1 1 1 166 33 14 24 34 42 40 40 14 12 14 11 11 14 101 106 16 13 11 7 3 1 1 1 0 0 0 0 0 0 1 1 0 0 0 1 1 111 1 1 1 1 0 0 0 0 0 0 0 0 0 0 0 0 0 0 0 0 0 0 0 0 0 1 0 0 0 0 0 0 0 0 0 0 0 0 0 0 1 227 151 1 0 1 1 5 1 1 1 1 144 1 0 0 1 1 121 140 2 1 1 1 4 173 1 1 12 71 1 1 0 1 8 1 1 0 0 1 1 1 2 1 1 7 88 1 1 2 50 40 47 81 137 39 1 1 1 1 1 0 0 0 1 19 2 1 1 15 1 1 1 1 1 116 142 4 184 241 72 1 1 1 0 0 1 1 2 24 103 148 83 2 1 0 0 0 0 0 0 0 1 1 1 1 1 0 0 0 0 1 1 1 1 2 181 59 1 1 1 1 1 1 2 8 9 10 11 14 18 23 29 73 150 17 22 25 29 34 38 43 47 48 48 48 48 48 48 49 48 40 20 2 1 1 0 0 0 0 0 0 0 0 0 0 0 0 0 0 0 0 0 0 0 0 0 0 0 0 0 0 0 0 0 0 0 1 48 161 68 1 0 0 0 0 0 0 0 0 0 0 0 0 0 1 1 21 244 1 1 0 0 0 0 0 1 126 155 3 1 1 1 1 1 1 248 255 1 0 0 1 1 1 1 1 0 0 0 0 0 0 0 0 0 0 0 0 0 0 0 0 0 0 0 0 0 1 1 130 1 0 0 0 1 0 0 0 0 0 0 0 0 0 0 0 0 0 0 0 0 0 0 0 0 0 0 0 1 253 253 2 0 0 0 0 1 1 1 1 1 1 1 0 0 0 0 0 0 0 0 0 0 0 0 0 0 0 0 0 1 75 0 0 0 0 0 0 0 0 0 0 0 0 0 0 0 0 0 0 0 0 0 0 0 0 0 0 0 0 0 0 0 0 0 0 0 0 0 14 0 0 0 0 0 0 0 0 0 43 255 1 0 0 0 0 0 0 0 0 0 0 0 0 0 0 0 0 0 0 0 0 0 0 0 0 0 0 0 0
0 0 0 0 0 0 1 1 1 1 1 1 0 0 0 0 0 0 0 0 1 1 0 0 0 0 0 1 1 1 4 7 7 7 175 25 10 5 2 1 1 3 9 1 1 1 1 40 94 6 5 1 1 1 1 1 1 0 0 0 0 0 0 0 0 1 0 1 1 1 1 106 2 1 0 0 0 0 0 0 0 0 0 0 0 0 0 0 0 0 0 0 0 0 0 0 0 1 1 0 0 0 0 0 0 0 0 0 0 0 0 1 1 170 226 1 0 1 1 7 1 0 1 1 145 1 0 1 1 104 143 3 3 1 1 1 1 171 6 0 1 98 1 1 1 7 1 0 0 0 0 0 1 1 1 20 88 79 2 1 1 1 1 12 44 100 1 46 48 1 1 0 1 1 0 1 2 20 1 1 1 21 3 3 3 3 2 1 9 149 198 74 234 198 1 1 1 1 1 1 1 1 8 63 96 77 77 57 40 13 4 4 11 21 36 54 70 77 71 107 127 150 161 176 192 197 197 195 183 37 43 45 46 46 47 47 47 47 45 44 41 37 31 26 19 43 152 8 6 4 3 2 2 1 1 1 1 1 1 1 1 1 1 1 7 37 44 7 1 0 0 0 0 0 0 0 0 0 0 0 0 0 0 0 0 0 0 0 0 0 0 0 0 0 0 0 0 0 0 0 0 1 119 158 3 1 0 0 0 0 0 0 0 0 0 0 0 0 1 1 244 1 1 0 0 0 0 1 4 122 153 1 1 1 1 1 1 1 150 255 1 0 0 1 1 3 1 1 1 0 0 0 0 0 0 0 0 0 0 0 0 0 1 0 0 0 0 0 0 1 1 132 1 0 0 0 1 1 0 0 0 0 0 0 0 0 0 0 0 0 0 0 0 0 0 0 0 0 0 1 242 255 48 0 0 0 1 1 1 1 0 1 0 1 1 0 0 0 0 0 0 0 0 0 0 0 0 0 0 0 0 0 0 75 0 0 0 0 0 0 0 0 0 0 0 0 0 0 0 0 0 0 0 0 0 0 0 0 0 0 0 0 0 0 0 0 0 0 0 0 0 14 0 0 0 0 0 0 0 0 0 220 255 0 0 0 0 0 0 0 0 0 0 0 0 0 0 0 0 0 0 0 0 0 0 0 0 0 0 0 0 0
0 0 0 0 0 0 5 4 1 0 1 1 0 0 0 0 0 0 0 0 1 1 0 0 0 0 1 1 2 6 1 1 1 1 172 1 1 0 0 0 0 1 11 15 3 58 90 90 1 1 7 1 1 0 0 0 0 0 0 0 0 0 0 0 1 1 1 1 1 1 1 101 5 1 0 0 0 0 0 0 0 0 0 0 0 0 0 0 0 0 0 0 0 0 0 0 0 0 1 0 0 0 0 0 0 0 0 1 1 1 1 1 1 4 241 2 0 0 1 7 1 0 1 1 145 1 1 1 94 145 3 1 2 1 1 0 1 126 114 1 1 103 1 2 5 1 0 0 0 0 0 0 0 1 7 89 11 1 1 1 1 1 5 40 106 2 1 1 24 90 13 1 1 1 1 1 26 1 1 0 1 16 0 0 0 0 1 1 1 1 183 15 1 198 236 5 1 1 1 0 1 1 1 46 54 7 14 34 48 76 95 91 78 65 49 30 15 12 178 168 165 160 153 130 73 26 12 6 6 1 1 1 1 1 1 1 1 1 1 1 1 1 1 1 1 33 123 1 1 1 1 1 1 1 0 0 0 0 0 0 0 0 0 0 0 0 1 21 38 2 1 0 0 0 0 0 0 0 0 0 0 0 0 0 0 0 0 0 0 0 0 0 0 0 0 0 0 0 0 0 0 0 1 2 157 76 1 0 0 0 0 0 1 0 0 0 0 1 1 1 244 3 1 0 0 0 0 1 121 5 153 1 0 0 0 1 0 0 1 255 28 1 1 1 2 1 0 0 1 1 0 0 0 0 0 0 0 0 0 0 0 0 1 1 0 0 0 0 0 1 1 132 1 0 0 0 0 1 1 0 0 0 0 0 0 0 0 0 0 0 0 0 0 0 0 0 0 0 1 177 255 139 1 0 0 1 1 1 0 0 0 1 1 1 0 0 0 0 0 0 0 0 0 0 0 0 0 0 0 0 0 0 0 75 1 0 0 0 0 0 0 0 0 0 0 0 0 0 0 0 0 0 0 0 0 0 0 0 0 0 0 0 0 0 0 0 0 0 0 0 0 14 0 0 0 0 0 0 0 0 1 242 255 1 0 0 0 0 0 0 0 0 0 0 0 0 0 0 0 0 0 0 0 0 0 0 0 0 0 0 0 0
1 0 0 0 0 0 5 1 3 1 1 7 1 0 0 0 0 0 0 0 1 1 0 0 1 1 2 7 3 1 0 0 0 4 164 1 1 0 0 0 0 0 1 1 67 95 40 3 1 1 1 10 1 0 0 0 0 0 0 0 0 1 1 1 1 1 1 1 1 1 4 113 3 1 1 0 0 0 0 0 0 0 0 0 0 0 0 0 0 0 0 0 0 0 0 0 0 0 1 0 0 0 0 0 1 1 1 1 1 1 4 23 30 30 226 162 1 1 1 3 2 0 1 1 145 1 1 43 158 5 1 1 1 3 1 1 1 18 165 1 1 101 5 4 1 1 0 0 0 0 0 0 0 1 96 2 1 5 1 1 3 7 40 100 5 1 1 1 1 12 53 84 19 1 1 11 6 1 1 0 1 16 1 1 1 0 1 1 1 1 25 178 0 1 116 234 3 1 1 1 1 1 1 2 100 1 1 1 1 1 1 1 1 1 1 0 0 2 182 1 1 1 1 1 1 1 1 1 1 2 2 2 1 1 1 1 1 0 0 0 0 1 1 1 1 6 140 1 1 1 0 1 1 0 0 0 0 0 0 0 0 0 0 0 0 0 0 0 2 38 6 1 0 0 0 0 0 0 0 0 0 0 0 0 0 0 0 0 0 0 0 0 0 0 0 0 0 0 0 0 0 0 0 0 1 114 125 1 0 0 0 0 1 0 0 1 1 1 1 1 241 77 1 0 0 0 0 3 122 1 155 1 1 0 0 1 1 0 1 255 245 1 1 1 3 1 0 0 0 1 1 0 0 0 0 0 0 0 0 0 0 0 0 1 0 0 0 0 0 1 1 132 1 0 0 0 0 0 1 1 0 0 0 0 0 0 0 0 0 0 0 0 0 0 0 0 0 1 10 255 194 1 0 0 1 1 1 0 0 0 0 0 0 0 0 0 0 0 0 0 0 0 0 0 0 0 0 0 0 0 0 0 0 75 1 0 0 0 0 0 0 0 0 0 0 0 0 0 0 0 0 0 0 0 0 0 0 0 0 0 0 0 0 0 0 0 0 0 0 0 0 14 0 0 0 0 0 0 0 0 1 135 255 1 0 0 0 0 0 0 0 0 0 0 0 0 0 0 0 0 0 0 0 0 0 0 0 0 0 0 0 0
1 1 0 0 0 0 5 0 1 3 2 1 4 1 0 0 0 1 1 1 1 1 2 6 8 6 2 1 0 0 1 1 3 93 134 1 1 1 1 0 0 0 1 1 25 105 1 4 1 1 1 10 1 0 0 0 0 0 1 1 1 1 1 1 1 1 1 10 88 111 108 123 113 1 1 0 0 0 0 0 0 0 0 0 0 0 0 0 0 0 0 0 0 0 0 0 0 0 1 1 0 0 0 1 1 2 13 25 27 23 10 1 1 1 193 211 1 0 1 2 3 0 1 1 145 1 2 170 16 1 1 0 1 2 1 0 1 2 174 1 1 87 32 1 0 1 1 0 0 0 0 0 0 1 99 1 1 1 16 80 78 74 93 19 1 1 1 1 5 2 1 1 48 73 16 6 1 1 1 1 1 15 0 1 1 1 1 1 0 0 1 189 1 0 1 203 239 153 3 1 1 1 1 1 116 1 1 1 1 1 1 1 0 0 0 1 1 147 126 1 1 0 1 0 1 1 1 1 1 1 1 1 1 1 1 1 1 1 1 1 1 1 0 1 1 123 33 1 1 1 1 0 0 0 0 0 0 0 0 0 0 0 0 0 0 0 0 0 0 1 23 14 1 0 0 0 0 0 0 0 0 0 0 0 0 0 0 0 0 0 0 0 0 0 0 0 0 0 0 0 0 0 0 0 0 1 57 158 2 1 0 0 1 0 0 1 1 1 1 1 222 200 1 0 0 0 1 115 6 1 153 1 1 0 0 1 1 0 1 252 255 1 1 1 2 0 0 0 0 0 1 1 0 0 0 0 0 0 0 0 0 0 0 1 1 0 0 0 0 1 0 132 1 0 0 0 0 0 0 1 0 0 0 0 0 0 0 0 0 0 0 0 0 0 0 0 1 1 255 242 1 0 0 1 1 1 0 0 0 0 0 0 0 0 0 0 0 0 0 0 0 0 0 0 0 0 0 0 0 0 0 0 0 73 1 0 0 0 0 0 0 0 0 0 0 0 0 0 0 0 0 0 0 0 0 0 0 0 0 0 0 0 0 0 0 0 0 0 0 0 0 14 0 0 0 0 0 0 0 1 1 2 255 1 0 0 0 0 0 0 0 0 0 0 0 0 0 0 0 0 0 0 0 0 0 0 0 0 0 0 0 0
0 1 1 1 0 1 5 0 0 0 0 0 2 6 6 6 6 6 6 5 5 6 3 1 1 1 0 1 1 5 5 3 1 136 52 1 0 1 0 0 0 0 0 1 43 96 1 1 4 1 1 1 9 1 0 1 1 1 1 1 1 1 1 1 11 94 113 100 24 2 3 48 47 107 1 1 0 0 0 0 0 0 0 0 0 0 0 0 0 0 0 0 0 0 0 0 0 1 1 1 1 2 11 15 15 8 1 1 1 0 0 0 1 1 136 232 1 0 1 1 4 1 1 1 145 2 127 120 1 1 0 0 0 1 4 1 1 1 172 3 1 18 99 1 1 0 1 0 0 1 1 1 1 3 91 1 1 1 81 1 1 1 115 1 1 1 1 2 24 7 9 10 14 114 11 3 7 15 14 13 11 1 1 1 1 1 0 0 0 1 1 149 113 0 1 1 3 229 239 162 4 2 1 1 118 1 1 1 1 1 0 1 1 1 1 1 1 194 1 0 0 1 1 1 1 1 1 1 1 1 1 1 1 1 1 1 1 1 1 1 0 0 1 1 97 107 1 1 0 0 1 0 0 0 0 0 0 0 0 0 0 0 0 0 0 0 0 0 0 0 1 12 26 1 1 0 0 0 0 0 0 0 0 0 0 0 0 0 0 0 0 0 0 0 0 0 0 0 0 0 0 0 0 0 0 0 0 3 160 71 1 0 1 0 0 0 1 1 1 1 102 240 1 1 0 0 1 123 1 18 134 1 1 0 0 1 0 0 0 229 255 1 1 3 1 0 0 0 0 0 0 0 1 0 0 0 0 0 0 0 0 0 0 0 1 0 0 0 0 1 0 134 1 0 0 0 0 0 0 1 1 0 0 0 0 0 0 0 0 0 0 0 0 0 0 1 1 253 253 2 0 0 1 1 1 0 0 0 0 0 0 0 0 0 0 0 0 0 0 0 0 0 0 0 0 0 0 0 0 0 0 0 0 58 3 0 0 0 0 0 0 0 0 0 0 0 0 0 0 0 0 0 0 0 0 0 0 0 0 0 0 0 0 0 0 0 0 0 0 0 0 14 0 0 0 0 0 0 0 1 1 1 255 1 0 0 0 0 0 0 0 0 0 0 0 0 0 0 0 0 0 0 0 0 0 0 0 0 0 0 0 0
0 0 0 1 1 3 1 0 0 0 0 0 0 1 1 0 0 0 0 0 1 1 1 0 0 1 1 1 4 1 0 0 1 163 1 0 0 1 1 0 0 0 0 1 103 32 1 1 3 1 1 1 11 1 1 1 1 1 1 1 2 19 92 112 99 19 1 1 1 1 42 1 1 122 8 1 0 0 0 0 0 0 0 0 0 0 0 0 0 0 0 0 0 1 1 1 1 2 11 14 13 6 1 1 0 0 0 1 0 0 0 0 1 1 93 235 1 0 1 1 6 1 1 1 139 15 175 3 1 1 1 1 0 0 1 3 1 1 161 34 1 4 119 1 1 1 1 1 2 3 6 10 15 28 126 29 29 33 79 1 1 1 109 10 9 7 6 12 14 2 1 1 3 106 1 1 17 9 1 0 0 1 1 1 1 1 0 0 1 1 1 1 187 1 0 0 1 1 2 227 239 222 26 3 123 1 1 1 1 1 1 1 1 1 191 238 235 135 89 192 233 240 243 243 243 243 241 239 211 145 42 6 2 1 1 1 1 1 1 1 0 1 1 103 82 1 1 0 0 0 1 0 0 0 0 0 0 0 0 0 0 0 0 0 0 0 0 0 0 0 0 1 5 37 1 1 0 0 0 0 0 0 0 0 0 0 0 0 0 0 0 0 0 0 0 0 0 0 0 0 0 0 0 0 1 1 1 1 1 118 157 3 1 0 0 0 1 1 1 1 1 244 1 1 0 1 103 13 1 145 5 3 1 0 0 1 0 0 0 17 255 6 2 1 1 1 0 0 0 0 0 0 0 0 0 0 0 0 0 0 0 0 0 0 1 1 0 0 0 1 0 132 1 0 0 0 0 0 0 1 0 0 0 0 0 0 0 0 0 0 0 0 0 0 1 1 247 255 30 0 0 1 1 1 0 0 0 0 0 0 0 0 0 0 0 0 0 0 0 0 0 0 0 0 0 0 0 0 0 0 0 0 0 9 39 0 0 0 0 0 0 0 0 0 0 0 0 0 0 0 0 0 0 0 0 0 0 0 0 0 0 0 0 0 0 0 0 0 0 0 0 14 0 0 0 0 0 0 1 1 1 1 255 3 0 0 0 0 0 0 0 0 0 0 0 0 0 0 0 0 0 0 0 0 0 0 0 0 0 0 0 0
3 5 5 5 5 3 0 0 0 0 0 0 0 0 0 0 0 0 0 0 0 0 1 1 1 1 0 0 5 0 0 0 3 158 1 0 1 1 1 0 0 0 0 1 59 85 1 1 3 1 1 1 2 7 1 1 1 2 33 99 109 92 20 2 1 1 1 1 1 43 2 1 1 15 119 1 1 0 0 0 0 0 0 0 0 0 0 1 1 1 1 1 1 6 12 14 12 5 1 1 1 0 0 0 0 0 0 1 1 0 0 0 1 1 152 227 1 0 1 1 7 1 1 1 90 177 107 1 1 1 1 1 1 1 1 3 2 1 147 97 21 36 146 31 28 28 28 25 23 15 10 5 3 5 109 1 1 1 78 2 1 14 85 1 1 1 1 6 3 1 1 1 102 9 1 3 1 3 20 7 4 1 1 1 1 1 1 0 1 0 0 1 144 128 1 0 1 1 5 44 51 186 239 242 246 233 129 65 31 20 16 121 237 240 212 43 238 240 238 217 148 14 2 1 1 2 7 90 202 240 245 245 245 239 195 135 7 1 1 1 1 1 56 112 1 1 0 0 0 0 1 1 0 0 0 0 0 0 0 0 0 0 0 0 0 0 0 0 0 0 0 0 1 2 40 2 1 0 0 0 0 0 0 0 0 0 0 0 0 0 0 0 0 0 0 0 0 1 0 0 0 0 0 1 1 0 0 1 1 1 4 160 112 1 0 0 0 1 1 1 99 240 165 1 0 1 109 12 17 157 5 1 0 0 0 0 0 1 1 1 255 252 3 0 0 1 1 0 0 0 0 0 0 0 0 0 0 0 0 0 0 0 0 0 0 1 0 0 0 1 0 125 3 0 0 0 0 0 1 1 0 0 0 0 0 0 0 0 0 0 0 0 0 1 1 221 255 99 0 0 0 1 1 0 0 0 0 0 0 0 0 0 0 0 0 0 0 0 0 0 0 0 0 0 0 0 0 0 0 0 0 0 0 1 71 0 0 0 0 0 0 0 0 0 0 0 0 0 1 0 0 0 0 0 0 0 0 0 0 0 0 0 0 0 0 0 0 0 0 0 1 14 1 1 29 217 252 255 255 255 255 255 255 5 2 2 2 1 1 1 1 2 2 2 2 2 3 3 3 3 1 1 0 0 0 0 0 0 0 0 0 0
1 0 0 0 0 0 0 0 0 0 0 0 0 0 0 0 0 0 0 0 0 1 10 14 5 1 0 1 5 0 0 0 107 98 1 1 1 1 1 0 0 0 0 1 4 126 1 1 4 1 1 1 1 15 3 48 105 109 82 11 1 1 1 1 1 1 1 1 39 3 1 0 1 1 132 2 1 0 0 0 0 0 0 1 1 1 1 1 2 6 14 13 9 2 1 1 1 0 0 1 1 1 0 0 0 0 0 0 1 0 0 0 1 1 196 206 1 0 1 1 6 1 2 49 171 156 2 1 1 0 0 0 0 0 0 1 2 3 144 64 1 2 129 3 1 1 1 1 1 1 1 1 1 66 29 1 1 3 84 101 100 88 6 1 0 0 1 9 2 1 1 5 96 1 1 3 0 1 5 3 1 7 7 6 2 1 1 1 1 0 0 1 119 33 117 1 22 47 23 1 1 1 1 1 96 164 237 239 240 242 242 237 119 19 16 176 118 8 10 12 13 14 14 14 6 2 1 1 1 1 1 1 13 162 233 241 232 168 109 3 1 3 145 1 1 0 0 0 0 0 0 1 1 0 0 0 0 0 0 0 0 0 0 0 0 0 0 0 0 0 0 0 0 1 1 37 4 1 0 0 0 0 0 0 0 0 0 0 0 0 0 0 0 0 0 1 1 1 1 1 1 1 1 1 0 0 0 0 0 1 1 1 83 162 33 1 1 1 1 9 237 6 187 104 1 73 15 1 13 150 5 1 0 0 1 1 1 0 0 1 239 255 157 1 1 0 1 1 0 0 0 0 0 0 0 0 0 0 0 0 0 0 0 0 0 1 1 0 0 1 1 93 24 1 0 0 0 0 1 0 0 0 0 0 0 0 0 0 0 0 0 0 1 1 208 255 130 0 0 0 1 1 0 0 0 0 0 0 0 0 0 0 0 0 0 0 0 0 0 0 0 0 0 0 0 0 0 0 0 0 0 0 0 1 76 1 0 0 0 0 0 0 0 0 0 0 1 1 1 0 0 0 0 0 0 0 0 0 0 0 0 0 0 0 0 0 0 0 0 1 111 255 255 255 255 255 254 242 182 79 68 117 16 1 1 2 2 3 3 3 3 3 2 2 2 2 2 1 1 2 3 4 4 4 2 1 0 0 0 0 0 0
0 0 0 0 0 0 0 0 0 0 0 0 0 0 0 0 0 1 1 3 14 8 1 1 13 1 1 2 2 0 0 1 158 2 1 0 0 0 1 1 1 0 0 1 2 128 1 1 4 1 1 3 44 113 111 66 5 1 1 1 1 1 1 1 1 1 1 32 5 1 1 1 1 1 58 94 1 1 0 1 1 1 1 1 3 7 8 8 6 3 1 1 1 1 1 0 0 0 0 0 1 1 0 0 0 1 0 0 1 0 0 0 1 1 232 129 1 0 1 1 1 24 112 87 175 68 1 1 1 0 1 1 1 1 0 0 0 1 136 79 1 1 128 1 2 1 1 1 1 0 0 1 1 108 1 1 1 70 64 4 78 1 1 3 1 0 1 9 2 1 1 101 2 1 4 1 0 0 1 7 2 0 0 1 2 6 7 4 1 1 1 1 81 26 97 135 5 1 1 1 0 0 0 1 96 2 1 3 3 1 1 1 1 1 66 144 63 2 1 1 1 1 1 1 5 1 2 3 2 2 1 1 1 1 1 5 197 239 228 161 154 150 30 1 0 0 0 0 0 0 0 0 1 1 0 0 0 0 0 0 0 0 0 0 0 0 0 0 0 0 0 0 0 0 0 1 28 10 1 0 0 0 0 0 0 0 0 0 0 0 0 0 0 1 1 1 0 0 0 1 0 0 0 0 0 0 0 0 0 0 0 1 1 1 140 142 1 1 1 234 67 1 1 192 149 39 1 1 137 40 6 1 1 1 1 0 0 0 1 2 210 255 255 252 34 1 1 1 1 0 0 0 0 0 0 0 0 0 0 0 0 0 0 0 0 0 1 1 0 0 1 28 89 1 0 0 0 0 1 1 0 0 0 0 0 0 0 0 0 0 0 1 1 228 255 124 1 1 0 0 1 1 0 0 0 0 0 0 0 0 0 0 0 0 0 0 0 0 0 0 0 0 0 0 0 0 0 0 0 0 0 0 0 0 76 0 0 0 0 0 0 0 0 0 0 0 1 1 1 0 0 0 0 0 0 0 0 0 0 0 0 0 0 0 0 0 0 0 1 254 255 226 1 1 1 1 1 1 1 1 1 1 4 1 0 0 0 0 0 0 0 0 0 0 0 0 0 0 0 0 0 0 0 1 3 4 4 4 2 1 0 0
0 0 0 0 0 0 0 0 0 0 0 0 0 1 1 1 2 9 14 5 1 1 0 1 1 11 1 5 1 0 1 1 163 1 0 0 0 0 1 1 0 1 1 1 2 128 1 1 14 55 98 98 58 44 11 1 1 1 1 1 1 1 1 1 1 1 20 13 1 0 0 0 1 1 1 133 1 1 1 2 6 9 10 7 2 1 1 1 1 1 1 1 1 1 1 0 0 0 0 0 1 1 1 1 1 1 0 1 1 0 0 0 1 71 236 1 1 1 1 1 66 99 7 1 175 64 1 1 1 0 1 1 1 1 1 0 0 1 119 108 1 2 126 1 1 2 1 1 0 1 1 1 1 110 1 1 55 78 1 1 66 2 1 1 2 1 5 2 1 2 51 43 1 1 2 0 0 1 1 1 13 1 0 0 0 0 0 1 6 7 3 2 9 142 15 51 74 1 1 1 1 1 1 1 105 1 0 0 1 1 2 2 2 1 169 1 45 1 1 0 0 1 0 1 3 1 1 1 1 1 2 3 2 2 1 1 1 3 189 239 191 129 1 1 0 0 0 0 0 0 0 0 0 1 1 0 0 0 0 0 0 0 0 0 0 0 0 0 0 0 0 0 0 0 0 0 1 17 19 1 0 0 0 0 0 0 0 0 0 0 0 0 1 1 0 0 0 0 0 0 0 0 0 0 0 0 0 0 0 0 0 0 0 0 1 28 162 32 142 222 1 1 1 3 200 1 1 1 169 40 12 1 1 0 0 0 1 23 194 202 136 11 197 255 255 255 255 233 7 1 0 0 0 0 0 0 0 0 0 0 0 0 0 0 0 0 0 1 0 0 1 3 122 1 0 0 0 0 1 0 0 0 0 0 0 0 0 0 0 0 1 1 247 255 64 1 1 1 0 1 1 0 0 0 0 0 0 0 0 0 0 0 0 0 0 0 0 0 0 0 0 0 0 0 0 0 0 0 0 0 0 0 0 0 76 0 0 0 0 0 0 0 0 0 1 1 1 0 1 0 0 0 0 0 0 0 0 0 0 0 0 0 0 0 0 0 0 39 255 252 1 0 0 0 1 0 0 0 0 0 1 0 1 4 0 0 0 0 0 0 0 0 0 0 0 0 0 0 0 0 0 0 0 0 0 0 0 1 3 4 4 3
0 0 0 0 0 0 0 0 0 0 0 1 2 13 14 11 7 1 1 1 1 1 1 0 1 2 14 10 1 1 1 76 130 1 1 1 1 1 1 1 0 1 1 1 12 128 70 104 100 52 7 1 1 26 8 1 1 1 1 1 0 0 0 0 1 17 17 1 0 0 0 0 0 1 1 89 80 10 9 6 2 1 1 1 1 1 0 1 1 0 0 1 1 1 1 0 0 0 0 1 1 1 1 1 1 1 1 1 0 0 0 0 1 201 201 1 1 1 16 105 35 1 1 1 167 90 1 1 1 0 1 1 1 1 1 1 1 5 111 164 30 38 133 1 0 1 2 1 1 1 1 1 5 97 1 38 85 4 1 1 46 8 1 1 1 2 10 1 1 2 105 1 1 4 1 0 0 1 0 0 1 11 0 0 0 0 0 1 0 1 2 4 1 117 0 1 61 65 1 1 1 0 0 0 106 1 0 0 0 0 0 1 1 24 156 1 3 35 1 1 0 1 0 1 1 1 1 1 1 1 1 1 0 1 2 2 2 1 1 10 232 232 8 1 1 0 0 0 0 0 0 0 0 0 1 1 0 0 0 0 0 0 0 0 0 0 0 0 0 0 0 0 0 0 0 0 0 1 8 32 1 0 0 0 0 0 0 0 0 0 0 1 1 0 0 0 0 0 0 0 0 0 0 0 0 0 0 0 0 0 0 0 0 0 0 1 1 140 243 3 1 1 1 1 201 1 1 1 173 2 35 59 169 202 202 202 204 197 36 1 0 0 1 1 1 178 255 255 255 255 255 110 1 0 0 0 0 0 0 0 0 0 0 0 0 0 0 1 1 0 1 1 129 1 0 0 0 0 1 0 0 0 0 0 0 0 0 0 1 1 1 253 255 9 0 0 1 1 0 1 1 0 0 0 0 0 0 0 0 0 0 0 0 0 0 0 0 0 0 0 0 0 0 0 0 0 0 0 0 0 0 0 0 0 75 1 0 0 0 0 0 0 0 1 1 1 0 0 0 0 0 0 0 0 0 0 0 0 0 0 0 0 0 0 0 0 225 255 214 0 0 0 0 1 1 0 0 0 0 0 0 0 1 5 0 0 0 0 0 0 0 0 0 0 0 0 0 0 0 0 0 0 0 0 0 0 0 0 0 0 0 1
0 0 0 0 0 0 0 0 0 0 1 3 7 1 1 1 1 1 1 0 0 0 0 0 1 1 1 1 2 3 3 141 44 1 1 1 1 1 0 1 1 1 3 60 140 144 40 3 1 1 1 1 1 32 5 1 1 1 1 1 1 1 1 1 9 26 1 1 0 0 0 0 0 1 1 2 131 2 1 1 1 1 1 0 0 0 1 1 1 0 0 1 1 1 0 1 0 0 0 1 0 1 1 1 1 1 1 0 0 0 0 1 1 239 28 1 2 91 88 2 1 1 1 1 152 122 1 1 1 1 1 1 2 1 1 2 38 40 10 162 1 3 141 1 0 0 1 1 1 1 1 1 100 3 25 90 3 2 1 1 13 37 1 1 1 1 8 1 1 9 86 1 2 1 0 0 1 1 0 0 1 13 1 0 0 0 0 1 0 0 0 0 1 116 1 0 1 72 53 1 0 0 0 0 106 1 0 0 0 0 1 1 1 160 4 1 1 46 1 1 1 1 1 1 1 1 1 1 1 1 1 1 1 1 1 1 1 2 1 91 73 150 236 84 1 1 0 0 0 0 0 0 0 0 0 1 1 0 0 0 0 0 0 0 0 0 0 0 0 0 0 0 0 0 0 0 0 0 1 4 40 1 0 0 0 0 0 0 0 0 1 1 0 0 0 0 0 0 0 0 0 0 0 0 0 0 0 0 0 0 0 0 0 0 0 1 1 161 238 161 112 13 18 113 215 72 1 1 173 1 0 9 189 1 1 1 1 0 0 0 0 0 0 1 0 1 1 1 1 92 255 255 255 122 1 1 0 0 0 0 0 0 0 0 0 0 0 0 1 0 1 1 131 1 0 0 0 0 1 0 0 0 0 0 0 0 0 1 1 54 255 253 1 0 0 0 1 1 1 1 0 0 0 0 0 0 0 0 0 0 0 0 0 0 0 0 0 0 0 0 0 0 0 0 0 0 0 0 0 0 0 0 0 0 75 1 0 0 0 0 0 1 1 1 0 0 0 0 0 0 0 0 0 0 0 0 0 0 0 0 0 0 0 0 1 254 255 10 0 0 0 0 0 1 0 0 0 0 0 0 0 0 0 5 0 0 0 0 0 0 0 0 0 0 0 0 0 0 0 0 0 0 0 0 0 0 0 0 0 0 0 0
0 0 0 0 1 1 0 0 1 1 7 4 1 0 0 0 1 0 1 1 1 1 0 0 0 0 1 1 1 1 1 159 1 0 0 1 1 1 21 84 92 92 83 16 81 111 1 1 1 1 1 1 1 36 9 2 1 1 1 1 1 0 1 7 31 1 1 1 0 0 0 0 0 0 1 1 125 6 1 1 1 1 1 0 0 1 1 1 0 0 1 1 1 1 1 1 0 0 0 1 0 1 1 0 0 1 1 0 0 0 0 1 146 230 1 40 108 13 1 1 0 1 1 1 128 148 1 0 0 0 1 1 6 15 28 39 3 1 4 162 1 2 143 1 0 0 0 1 1 2 1 82 11 14 92 7 2 1 1 1 4 59 1 1 1 7 3 2 2 103 1 1 3 0 0 1 1 0 0 1 1 1 9 0 0 0 0 1 1 1 0 0 0 73 26 0 0 1 80 44 1 0 0 0 105 0 0 0 0 0 0 0 1 166 1 0 1 26 3 1 1 1 1 1 1 1 1 1 1 1 1 0 1 1 1 1 1 1 1 114 110 1 35 235 142 1 1 0 0 0 0 0 0 0 0 0 1 1 0 0 0 0 0 0 0 0 0 0 0 0 0 0 0 0 0 0 0 0 0 1 2 39 3 0 0 0 0 0 0 0 1 0 0 0 0 0 0 0 0 0 0 0 0 0 0 0 0 0 0 0 0 0 0 0 0 1 1 238 2 8 95 153 149 93 61 215 220 146 138 0 1 176 57 0 0 1 1 1 0 0 0 0 0 0 0 0 0 0 1 1 1 1 252 255 255 107 1 0 0 0 0 0 0 0 0 0 0 0 1 1 1 1 131 1 0 0 0 0 1 0 0 0 0 0 0 1 1 77 255 255 226 1 0 0 0 0 1 1 1 1 0 0 0 0 0 0 0 0 0 0 0 0 0 0 0 0 0 0 0 0 0 0 0 0 0 0 0 0 0 0 0 0 0 0 74 1 0 0 0 0 1 1 1 1 0 0 0 1 1 1 1 1 1 0 0 0 0 0 0 0 0 0 0 11 255 252 1 0 0 0 0 0 0 1 0 0 0 0 0 0 0 0 0 5 1 0 0 0 0 0 0 0 0 0 0 0 0 0 0 0 0 0 0 0 0 0 0 0 0 0 0 0
0 0 0 1 1 3 5 12 14 13 2 1 1 1 1 1 1 1 1 1 0 1 1 0 0 0 1 1 1 1 88 109 1 6 71 93 94 90 55 3 1 1 1 1 4 143 1 1 1 1 1 2 4 68 30 33 38 35 25 10 1 1 3 37 1 1 1 1 0 0 0 0 0 0 1 1 28 110 1 1 1 1 1 1 1 1 1 0 0 0 1 1 1 1 1 1 1 1 1 1 1 1 1 1 0 1 1 1 0 0 0 1 211 196 106 64 1 1 0 0 0 1 0 1 88 167 1 0 0 0 0 1 1 1 1 1 1 1 3 162 1 2 143 1 0 0 0 0 1 1 48 62 7 90 16 1 3 1 0 1 1 71 1 2 11 4 1 1 72 38 1 3 1 0 0 1 0 0 0 1 1 0 14 1 0 0 0 0 0 0 0 0 0 1 114 1 0 0 1 80 46 1 0 1 105 0 0 0 0 1 0 1 135 63 0 1 1 1 42 1 1 1 1 1 1 0 1 1 0 1 1 1 1 1 1 1 1 1 1 1 103 78 1 8 232 157 1 1 0 0 0 0 0 0 0 0 0 1 0 0 0 0 0 0 0 0 0 0 0 0 0 0 0 0 0 0 0 0 0 0 1 1 34 7 1 0 0 0 0 0 1 0 0 0 0 0 0 0 0 0 0 0 0 0 0 0 0 0 0 0 0 0 0 0 0 1 181 209 1 0 0 0 1 1 1 1 18 244 193 179 167 193 1 0 0 1 1 1 1 1 1 0 0 0 0 0 0 0 0 0 0 0 1 2 252 255 255 44 1 0 0 0 0 0 0 0 0 0 0 1 1 1 131 1 0 0 0 1 1 0 0 0 0 1 1 205 255 255 242 2 1 0 0 0 0 0 1 0 1 1 0 0 0 0 0 0 0 0 0 0 0 0 0 0 0 0 0 0 0 0 0 0 0 0 0 0 0 0 0 0 0 0 0 0 53 4 0 0 0 1 1 1 0 1 1 1 1 1 1 1 1 1 1 1 1 0 0 0 0 0 0 0 205 255 223 1 0 0 0 0 0 0 1 0 0 0 0 0 0 0 0 0 0 2 3 0 0 0 0 0 0 0 0 0 0 0 0 0 0 0 0 0 0 0 0 0 0 0 0 0 0 0
0 0 1 1 0 4 3 1 1 1 1 0 1 1 1 1 1 1 1 1 1 1 1 1 1 3 17 59 73 58 181 97 91 73 7 1 1 1 1 0 0 0 1 1 1 150 2 1 1 1 1 4 8 39 1 1 1 1 4 9 21 18 51 1 1 1 1 1 1 0 0 0 0 0 0 1 1 133 1 1 1 1 1 1 1 1 1 0 0 0 0 1 1 1 1 1 1 1 1 1 1 1 1 1 1 1 1 1 1 0 0 1 233 182 3 1 0 0 0 0 1 1 1 1 53 176 1 0 0 0 0 0 0 0 0 0 0 0 1 165 3 1 145 1 1 0 0 1 1 24 85 10 85 29 1 2 1 0 1 1 1 79 6 8 1 1 1 2 104 1 1 2 1 0 1 1 0 0 1 1 0 0 4 4 0 0 0 0 0 0 0 0 0 0 113 1 0 0 0 1 75 55 1 1 105 0 0 0 0 1 1 26 151 1 0 1 1 1 43 1 0 0 0 1 1 0 1 1 1 1 1 0 0 0 1 1 1 1 1 1 1 152 1 1 6 233 138 1 1 0 0 0 0 0 0 0 0 1 1 0 0 0 0 0 0 0 0 0 0 0 0 0 0 0 0 0 0 0 0 0 0 0 1 24 14 1 0 0 0 1 1 0 0 0 0 0 0 0 0 0 0 0 0 0 0 0 0 0 0 0 0 0 0 0 0 1 238 1 1 0 0 0 1 1 1 1 1 237 2 25 89 5 1 1 0 1 1 1 1 1 1 0 0 0 0 0 0 0 0 0 0 0 0 0 1 2 255 255 252 1 1 0 0 0 0 0 0 0 0 1 1 1 131 1 0 0 0 1 0 0 1 1 1 244 255 255 205 1 1 0 0 0 0 0 0 0 1 0 1 1 0 0 0 0 0 0 0 0 0 0 0 0 0 0 0 0 0 0 0 0 0 0 0 0 0 0 0 0 0 0 0 0 0 0 8 39 0 1 1 1 0 1 1 1 1 1 1 1 1 1 1 1 1 1 1 1 1 0 0 0 1 251 255 40 0 0 0 0 0 0 0 0 0 0 0 0 0 0 0 0 0 0 0 1 5 0 0 0 0 0 0 0 0 0 0 0 0 0 0 0 0 0 0 0 0 0 0 0 0 0 0 1
1 1 1 0 1 5 2 0 1 1 1 1 1 1 1 4 20 51 68 73 74 76 77 76 72 62 37 4 1 51 150 1 1 1 1 0 0 0 0 0 0 0 0 1 1 137 23 1 1 1 1 10 2 35 1 1 1 1 1 2 5 140 128 63 3 1 1 1 1 1 1 0 0 0 0 0 1 121 13 1 1 1 1 1 2 1 1 1 0 0 0 1 1 1 1 1 1 0 0 0 1 1 1 1 1 1 1 1 1 1 1 1 241 92 1 0 0 0 0 1 1 0 1 1 25 183 1 0 0 0 0 0 0 0 0 0 0 0 1 106 117 2 147 1 1 1 1 6 78 110 2 78 50 1 1 2 1 1 3 6 6 100 6 1 0 1 1 102 4 1 4 1 1 1 1 0 0 0 1 0 0 0 0 14 1 0 0 0 0 0 0 0 0 0 28 67 1 0 0 0 1 59 73 1 106 1 0 0 0 0 3 162 1 0 1 1 0 1 21 3 0 0 0 1 1 1 1 1 1 1 1 0 0 1 1 0 0 1 1 1 1 137 13 1 1 14 235 54 1 0 0 0 0 0 0 0 0 0 1 0 0 0 0 0 0 0 0 0 0 0 0 0 0 0 0 0 0 0 0 0 0 0 0 1 14 26 1 0 1 1 0 0 0 0 0 0 0 0 0 0 0 0 0 0 0 0 1 1 1 1 1 1 1 1 1 199 200 1 0 0 0 1 1 2 1 1 3 235 1 1 0 0 1 1 1 1 1 1 1 0 1 0 0 0 0 0 0 0 0 0 0 0 0 0 0 0 1 26 255 255 183 1 1 0 0 0 0 0 0 0 1 1 130 1 0 0 0 1 1 1 2 253 255 255 138 1 1 0 0 0 0 0 0 0 0 0 1 1 1 0 0 0 0 0 0 0 0 0 0 0 0 0 0 0 0 0 0 0 0 0 0 0 0 0 0 0 0 0 0 0 0 0 0 0 1 68 1 1 0 1 1 0 1 1 1 1 0 1 1 0 1 1 1 1 0 0 1 1 0 2 255 254 1 0 0 0 0 0 0 0 0 0 0 0 0 0 0 0 0 0 0 0 0 0 5 0 0 0 0 0 0 0 0 0 0 0 0 0 0 0 0 0 0 0 0 0 0 0 0 0 1 2
151 151 151 147 138 122 89 64 66 68 70 71 71 72 69 55 31 6 1 1 1 1 1 1 1 1 1 1 1 141 22 1 0 0 0 0 0 0 0 0 0 0 0 1 1 133 34 1 1 1 1 16 1 33 1 0 0 1 1 8 125 46 6 85 123 112 57 18 2 1 1 0 0 0 0 0 1 19 116 1 0 0 1 1 1 1 1 1 1 0 0 1 1 1 1 1 1 1 1 1 1 1 1 1 1 1 1 1 1 1 1 1 247 19 1 0 0 0 0 1 0 0 1 1 13 185 1 0 0 0 0 0 0 0 0 0 0 0 0 1 157 41 151 1 1 1 2 115 20 2 56 59 5 1 2 2 5 6 2 1 1 100 1 1 0 1 20 75 1 2 1 1 1 1 1 0 0 1 1 1 1 1 1 13 1 0 0 0 0 0 0 0 0 0 1 111 1 0 0 1 1 1 37 107 104 2 0 0 0 3 160 4 1 1 1 1 0 13 1 7 1 0 1 1 1 1 0 1 1 0 1 1 1 1 0 0 0 0 1 0 0 4 146 1 1 1 76 236 2 1 0 0 0 0 0 0 0 0 1 1 0 0 0 0 0 0 0 0 0 0 0 0 0 0 0 0 0 0 0 0 0 0 0 0 0 6 37 1 1 0 0 0 0 0 0 0 1 1 1 1 1 1 1 1 1 1 2 2 2 2 2 2 2 2 3 238 1 1 0 0 0 2 1 1 1 1 88 223 1 0 0 0 0 0 1 1 1 0 0 0 1 0 0 0 0 0 0 0 0 0 0 0 0 0 0 0 0 1 1 243 255 255 249 6 1 1 1 1 0 0 1 1 128 1 0 0 1 1 48 255 255 253 45 1 0 0 0 0 0 0 0 0 0 0 0 0 1 1 1 0 0 0 0 0 0 0 0 0 0 0 0 0 0 0 0 0 0 0 0 0 0 0 0 0 0 0 0 0 0 0 0 0 0 0 1 69 1 0 0 0 1 1 1 1 1 1 0 1 1 0 1 1 1 1 1 0 1 1 163 255 241 1 0 0 0 0 0 0 0 0 0 0 0 0 0 0 0 0 0 0 0 0 0 0 3 2 0 0 0 0 0 0 0 0 0 0 0 0 0 0 0 0 0 0 0 0 0 0 0 0 2 1
4 5 6 10 30 80 119 22 1 1 1 1 1 1 1 1 1 1 1 1 1 1 1 1 1 1 0 1 2 156 1 1 0 0 0 0 0 0 0 0 0 0 0 1 1 123 58 1 1 1 13 1 1 34 1 0 0 1 3 124 42 27 1 1 2 37 114 77 102 22 1 1 0 0 0 0 1 1 134 1 1 0 1 1 1 1 1 1 1 1 1 1 1 1 1 1 1 1 0 1 1 1 0 0 1 1 0 0 1 2 1 1 244 50 1 0 0 0 0 1 0 0 1 1 8 186 1 1 0 0 0 0 0 0 0 0 0 0 0 1 8 157 204 44 2 4 101 12 1 40 72 1 1 3 10 4 1 1 1 1 1 99 1 1 1 1 108 1 1 3 1 0 1 1 1 1 1 1 1 1 1 1 1 10 1 0 1 1 2 3 1 0 0 0 0 9 85 1 2 2 2 2 2 13 129 134 1 0 0 157 9 1 1 1 1 1 1 15 1 6 1 1 1 1 1 1 1 1 1 0 0 1 1 1 0 0 0 0 1 0 0 1 152 1 1 1 1 183 216 1 1 0 0 0 0 0 0 0 0 1 0 0 0 1 1 0 0 0 0 0 0 0 0 0 0 0 0 0 0 0 0 0 0 0 0 0 3 42 2 0 0 0 0 0 0 1 1 1 1 1 1 1 1 1 1 1 1 0 0 0 0 0 0 0 22 237 1 0 0 0 0 1 4 4 1 1 201 179 0 0 0 0 0 1 1 1 1 0 0 0 1 0 0 0 0 0 0 0 0 0 0 0 0 0 0 0 0 0 1 1 1 234 255 255 255 255 124 1 1 1 1 1 112 4 1 1 192 255 255 244 4 1 0 0 0 0 0 0 0 0 0 0 0 0 0 0 0 1 1 0 0 0 0 0 0 0 0 0 0 0 0 0 0 0 0 0 0 0 0 0 0 0 0 0 0 0 0 0 0 0 0 0 0 0 1 72 1 1 1 1 0 1 1 1 1 0 1 2 1 0 1 0 1 1 1 1 1 247 255 129 0 0 0 0 0 0 0 0 0 0 0 0 0 0 0 0 0 0 0 0 0 0 0 0 0 5 0 0 0 0 0 0 0 0 0 0 0 0 0 0 0 0 0 0 0 0 0 0 0 2 1 0
1 1 1 1 1 1 7 98 106 24 1 0 0 1 1 1 0 0 0 0 0 0 1 0 0 0 0 1 122 72 1 1 0 0 0 0 0 0 0 0 0 0 0 1 1 31 135 1 1 9 2 1 1 34 1 0 1 1 102 78 1 37 1 1 1 41 138 49 118 152 42 1 1 1 0 0 0 1 110 29 1 1 1 0 0 0 1 1 1 1 1 1 1 0 1 1 1 1 1 1 1 1 1 1 1 1 1 0 1 2 1 153 236 99 1 0 0 0 0 1 1 1 1 1 5 186 1 0 0 0 0 0 0 0 0 0 0 0 0 0 1 1 166 146 153 116 7 1 26 81 2 1 1 3 5 1 1 0 1 1 1 93 2 1 1 83 14 1 3 1 0 0 0 1 1 0 0 0 0 0 0 0 0 8 2 5 7 5 1 1 3 0 0 1 2 3 97 6 1 1 0 0 0 0 1 147 89 1 0 165 1 1 0 1 0 0 2 8 1 1 4 1 0 0 0 1 1 1 0 0 0 1 1 1 1 1 0 0 1 1 0 0 26 131 1 1 1 2 233 136 1 0 1 1 0 0 0 0 0 1 1 0 1 1 1 1 0 0 0 0 0 0 0 0 0 0 0 0 0 0 0 0 0 0 1 1 1 1 40 4 1 0 0 0 1 1 1 0 1 1 1 1 1 0 0 0 0 0 0 0 0 0 0 1 224 133 1 0 0 0 0 1 2 1 2 4 215 165 1 0 0 0 0 1 1 0 1 0 0 0 1 1 0 0 0 0 0 0 0 0 0 0 0 0 0 0 0 0 0 0 0 1 1 1 203 255 255 255 255 255 219 2 15 98 244 255 255 209 1 1 0 0 0 0 0 0 0 0 0 0 0 0 0 0 0 0 0 0 1 0 0 0 0 0 0 0 0 0 0 0 0 0 0 0 0 0 0 0 0 0 0 0 0 0 0 0 0 0 0 0 0 0 0 0 1 75 1 0 1 1 0 0 1 1 1 1 2 1 0 0 1 0 0 1 1 2 254 254 1 0 0 0 0 0 0 0 0 0 0 0 0 0 0 0 0 0 0 0 0 0 0 0 0 0 0 2 3 0 0 0 0 0 0 0 0 0 0 0 0 0 0 0 0 0 0 0 0 0 1 2 0 0
1 1 1 1 1 1 1 1 7 89 110 32 1 1 1 0 0 0 0 0 0 0 1 0 0 1 1 3 153 1 1 1 1 1 0 0 0 0 0 0 0 0 0 0 1 2 150 1 1 16 1 1 1 34 1 1 1 84 27 67 5 35 1 1 2 88 110 4 47 108 143 7 1 1 1 0 0 1 7 125 1 1 0 0 0 0 0 1 1 2 1 1 1 1 1 1 1 1 0 1 0 0 2 1 0 1 1 0 1 1 31 209 184 154 1 0 1 1 1 1 1 1 1 1 4 188 1 0 0 0 0 0 0 0 0 0 0 0 0 0 1 1 153 1 18 128 76 30 84 3 1 1 1 12 1 1 0 0 0 0 1 71 12 1 17 79 1 1 2 0 0 0 0 0 1 1 0 0 0 0 0 0 0 15 7 1 1 0 1 1 3 1 3 3 1 1 1 93 1 0 0 0 0 0 0 1 140 164 21 165 1 1 0 1 0 0 14 1 0 1 4 1 1 0 0 1 1 0 0 0 0 1 1 1 1 1 1 0 0 0 0 1 1 154 1 1 1 1 32 237 2 1 1 1 0 0 0 0 0 0 1 0 0 1 1 1 1 0 1 0 0 0 0 0 0 0 0 0 0 0 0 1 1 1 1 0 0 0 1 34 8 1 0 1 1 1 1 1 1 0 0 0 0 0 0 0 0 0 0 0 0 0 0 1 237 1 0 0 0 0 0 1 3 0 0 1 210 46 133 0 0 0 0 0 0 0 0 0 0 0 1 1 0 0 0 0 0 0 0 0 0 0 0 0 0 0 0 0 0 0 0 0 0 1 1 1 1 2 184 255 255 255 255 255 255 153 1 1 0 0 0 0 0 0 0 0 0 0 0 0 0 0 0 0 0 0 0 0 1 0 0 0 0 0 0 0 0 0 0 0 0 0 0 0 0 0 0 0 0 0 0 0 0 0 0 0 0 0 0 0 0 0 0 0 0 75 1 1 1 1 1 1 1 1 1 2 1 1 1 1 1 0 1 1 121 255 247 1 0 0 0 0 0 0 0 0 0 0 0 0 0 0 0 0 0 0 0 0 0 0 0 0 0 0 0 0 5 0 0 0 0 0 0 0 0 0 0 0 0 0 0 0 0 0 0 0 0 1 2 1 0 0
1 1 1 0 0 0 1 1 1 1 3 91 114 29 1 1 1 1 1 1 1 1 1 1 1 1 1 141 23 1 1 0 1 1 1 1 0 0 0 0 0 0 0 0 1 1 142 11 4 6 1 1 1 34 1 1 72 35 1 3 69 35 2 1 10 90 87 9 43 81 41 148 91 4 1 1 1 1 1 102 52 1 1 0 0 1 1 1 1 1 1 0 0 0 1 1 1 1 1 1 1 1 2 1 0 1 1 0 2 1 121 217 197 182 1 1 1 1 1 0 1 1 1 1 3 188 1 1 0 0 0 0 0 0 0 0 0 0 0 1 1 1 156 1 1 1 94 143 102 5 1 1 3 38 4 1 1 1 1 1 1 33 48 1 108 1 1 3 1 0 0 0 0 0 0 1 1 0 0 0 0 0 0 20 1 0 1 1 1 1 1 2 1 1 0 0 1 84 2 0 0 0 0 0 0 0 1 11 161 210 10 1 1 1 0 0 16 1 0 1 5 0 1 1 1 1 1 1 1 0 1 1 0 1 0 1 1 1 1 1 1 1 1 154 1 1 1 1 1 209 193 1 1 0 0 0 0 0 0 0 1 1 0 0 1 1 1 1 1 0 1 0 0 0 0 0 0 0 0 0 1 1 0 0 0 0 0 0 0 1 23 18 1 1 1 1 1 0 0 0 0 0 0 0 0 0 0 0 0 0 0 0 0 84 231 1 0 0 0 0 0 1 2 0 1 1 210 1 157 1 0 0 0 0 0 0 0 0 0 0 0 1 0 0 0 0 0 0 0 0 0 0 0 0 0 0 0 0 0 0 0 0 0 0 0 0 1 1 1 1 1 3 246 255 1 0 0 1 0 0 0 0 0 0 0 0 0 0 0 0 0 0 0 0 0 0 0 0 1 1 0 0 0 0 0 0 0 0 0 0 0 0 0 0 0 0 0 0 0 0 0 0 0 0 0 0 0 0 0 0 0 0 0 0 0 73 1 0 0 0 1 1 1 1 2 2 0 1 1 1 1 1 1 241 255 167 1 0 0 0 0 0 0 0 0 0 0 0 0 0 0 0 0 0 0 0 0 0 0 0 0 0 0 0 0 0 2 3 0 0 0 0 0 0 0 0 0 0 0 0 0 0 0 0 0 0 1 2 1 0 0 0
0 1 1 1 1 1 1 1 1 1 1 1 2 87 102 11 1 0 1 0 0 0 1 0 0 1 82 114 1 0 1 0 1 1 1 1 1 1 0 0 0 1 1 1 1 1 34 134 19 1 1 1 1 32 1 51 58 1 1 1 73 15 6 9 3 90 80 16 37 78 1 7 114 146 49 1 1 1 1 54 63 16 1 1 1 1 1 1 3 1 1 1 1 1 1 1 1 1 0 0 1 1 1 3 1 1 1 1 3 89 196 48 185 194 0 0 0 0 1 1 1 1 1 1 7 186 1 0 0 0 0 0 0 0 0 0 0 0 1 1 1 115 142 112 1 3 72 9 3 79 92 88 81 42 56 69 50 48 51 51 20 18 75 6 94 1 1 1 0 0 0 0 0 0 0 0 1 1 0 0 0 0 0 20 1 1 1 1 0 0 0 0 0 0 0 0 0 3 78 0 0 0 0 0 0 0 0 1 1 53 205 1 1 1 0 0 17 1 1 1 6 0 0 1 1 1 1 1 1 1 1 1 0 0 0 1 1 1 1 1 1 2 139 40 1 1 1 1 1 14 240 3 1 1 1 1 1 0 0 0 1 1 1 1 1 3 17 4 1 0 1 0 0 0 0 0 0 0 1 1 1 0 0 0 0 1 1 1 5 8 8 33 37 1 1 1 0 0 0 0 0 0 0 0 0 0 0 0 0 0 0 0 1 237 13 1 0 0 0 0 1 8 6 1 1 1 210 1 151 3 0 0 0 0 0 0 0 0 0 0 0 1 0 0 0 0 0 0 0 0 0 0 0 0 0 0 0 0 0 0 0 0 0 0 0 0 0 0 0 1 1 1 30 255 1 0 0 1 0 0 0 0 0 0 0 0 0 0 0 0 0 0 0 0 0 0 0 0 1 1 0 0 0 0 0 0 0 0 0 0 0 0 0 0 0 0 0 0 0 0 0 0 0 0 0 0 0 0 0 0 0 0 0 0 1 68 1 0 0 0 0 0 1 2 1 1 1 1 1 1 1 1 253 255 2 0 0 0 0 0 0 0 0 0 0 0 0 0 0 0 0 0 0 0 0 0 0 0 0 0 0 0 0 0 0 0 0 6 0 0 0 0 0 0 0 0 0 0 0 0 0 0 0 0 0 1 2 1 0 0 0 0
0 1 1 1 1 1 1 1 1 1 2 1 1 1 7 99 87 3 1 1 1 0 1 1 1 5 151 1 0 0 0 1 1 0 0 1 1 1 1 1 1 1 1 1 1 1 1 120 92 2 1 1 1 32 38 76 1 1 1 1 60 1 32 15 14 85 57 49 80 9 1 1 1 10 138 61 1 1 1 50 2 87 1 1 1 1 1 2 1 1 1 1 1 1 1 1 1 1 1 1 1 1 0 1 7 8 8 10 64 196 2 1 175 199 1 1 1 1 1 1 1 1 1 16 142 156 1 0 0 0 0 0 0 0 0 0 0 1 1 1 95 74 1 53 141 81 30 2 2 2 3 9 5 1 1 2 3 1 1 1 10 47 111 100 2 1 3 1 0 0 0 0 0 0 0 0 0 1 1 0 0 0 0 20 1 0 0 0 0 0 0 0 0 0 0 0 0 1 96 0 0 0 0 0 0 0 0 0 0 1 157 175 1 1 0 1 16 1 1 1 5 0 0 1 1 1 1 0 0 1 1 1 1 1 1 1 0 1 1 1 122 155 25 1 1 1 1 1 1 1 225 168 1 1 1 1 1 1 1 1 1 1 0 0 3 8 1 9 1 0 1 0 0 0 0 0 0 0 1 1 1 5 11 12 12 12 11 8 2 1 1 2 22 48 1 0 0 0 0 0 0 0 0 0 0 0 0 0 0 0 0 0 1 237 1 0 0 0 0 0 2 4 1 3 1 1 210 1 75 103 0 0 0 0 0 0 0 0 0 0 1 1 0 0 0 0 0 0 0 0 0 0 0 0 0 0 0 0 0 0 0 0 0 0 0 0 0 0 0 0 1 1 3 255 1 0 0 1 0 0 0 0 0 0 0 0 0 0 0 0 0 0 0 0 0 0 0 0 1 1 0 0 0 0 0 0 0 0 0 0 0 0 0 0 0 0 0 0 0 0 0 0 0 0 0 0 0 0 0 0 0 0 0 0 1 50 5 0 0 0 0 0 3 1 2 1 2 3 1 1 34 255 251 1 0 0 0 0 0 0 0 0 0 0 0 0 0 0 0 0 0 0 0 0 0 0 0 0 0 0 0 0 0 0 0 0 0 3 2 0 0 0 0 0 0 0 0 0 0 0 0 0 0 0 1 2 1 0 0 0 0 0
0 0 1 1 0 0 1 1 1 1 3 1 0 0 0 1 26 109 66 1 1 1 1 1 1 147 12 1 0 1 1 1 1 0 0 1 0 1 1 1 1 1 1 1 1 1 1 30 130 84 10 1 1 49 113 6 2 2 1 2 64 14 91 158 137 125 93 87 33 32 55 66 58 49 73 149 52 8 6 56 5 58 48 4 3 3 3 10 3 3 3 3 2 2 2 2 2 1 1 1 1 1 1 1 3 1 1 1 180 82 1 1 162 207 1 1 1 2 2 3 4 7 122 156 45 97 1 1 1 1 1 1 1 1 1 1 1 1 1 5 140 1 1 1 134 33 1 1 1 1 1 3 10 1 1 1 4 1 1 1 1 2 121 66 1 2 1 0 0 0 0 0 0 0 0 0 0 0 1 1 1 0 0 20 1 0 0 1 1 1 3 4 13 15 5 1 1 1 97 1 1 1 1 1 1 1 2 4 2 1 1 213 1 1 0 1 13 0 0 1 6 0 1 1 1 1 0 0 0 0 0 0 1 1 1 1 0 1 0 4 200 176 175 176 179 177 175 169 128 4 52 237 38 2 2 2 5 8 16 15 10 5 1 5 7 1 0 1 11 9 3 1 1 2 6 11 12 12 12 12 9 3 1 1 1 1 1 1 0 0 0 0 1 15 56 3 0 0 0 0 0 0 0 0 0 0 0 0 0 0 0 0 180 206 1 0 0 1 4 8 8 1 1 5 1 1 209 1 3 151 1 0 0 0 0 0 0 0 1 1 1 0 0 0 0 0 0 0 0 0 0 0 0 0 0 0 0 0 0 0 0 0 0 0 0 0 0 0 0 0 0 1 1 255 1 1 0 1 0 0 0 0 0 0 0 0 0 0 0 0 0 0 0 0 0 0 0 0 1 1 0 0 0 0 0 0 0 0 0 0 0 0 0 0 0 0 0 0 0 0 0 0 0 0 0 0 0 0 0 0 0 0 0 0 1 9 38 0 0 0 0 0 3 6 4 6 1 4 3 224 255 206 1 0 0 0 0 0 0 0 0 0 0 0 0 0 0 0 0 0 0 0 0 0 0 0 0 0 0 0 0 0 0 0 0 0 0 1 6 0 0 0 0 0 0 0 0 0 0 0 0 0 0 0 2 1 0 0 0 0 0 0
0 0 1 1 1 0 1 1 1 3 1 1 1 0 0 0 1 1 55 115 43 1 1 1 96 96 3 1 1 1 0 0 1 1 1 1 0 0 1 1 1 1 1 1 1 2 11 3 78 7 79 94 118 171 179 191 192 192 190 191 222 233 240 234 240 240 238 237 246 246 246 246 246 246 246 243 241 219 209 204 194 194 207 205 194 194 194 195 194 195 195 195 195 195 196 196 196 198 198 196 198 216 219 219 221 219 219 221 238 197 197 199 227 242 222 222 222 222 222 220 220 218 212 177 175 164 142 143 143 145 145 145 145 145 145 145 146 146 144 140 16 1 1 28 100 36 41 39 40 40 41 56 71 75 76 78 83 99 99 98 95 95 169 4 2 4 4 4 4 4 4 4 4 4 4 4 4 4 4 4 5 5 5 56 15 48 63 65 66 59 48 42 23 20 37 57 63 64 129 7 7 7 7 7 7 7 3 1 3 6 7 208 162 134 92 38 2 1 2 24 112 129 133 109 25 1 1 0 1 0 0 1 1 0 0 0 1 1 0 144 82 1 1 1 1 2 4 16 120 173 176 246 127 124 125 124 115 110 102 109 115 121 144 91 1 0 0 0 1 1 4 7 8 6 2 1 1 1 0 0 0 0 0 0 0 0 0 1 1 1 0 0 0 1 9 58 6 0 1 0 0 0 0 0 0 0 0 0 0 0 0 1 237 3 0 0 1 8 3 1 1 0 1 8 1 1 209 1 1 121 49 1 0 0 0 0 0 0 0 0 0 0 0 1 2 2 28 19 1 0 0 0 1 56 102 102 102 102 77 3 1 1 0 0 0 0 0 0 1 0 1 1 1 255 1 1 0 1 0 0 0 0 0 0 0 0 0 0 0 0 0 0 0 0 0 0 0 0 1 1 0 0 0 0 0 0 0 0 0 0 0 0 0 0 0 0 0 0 0 0 0 0 0 0 0 0 0 0 0 0 0 0 0 0 1 2 69 1 0 0 0 0 0 0 1 1 7 3 253 255 8 1 0 0 0 0 0 0 0 0 0 0 0 0 0 0 0 0 0 0 0 0 0 0 0 0 0 0 0 0 0 0 0 0 0 0 0 0 6 1 0 0 0 0 0 0 0 0 0 0 0 0 0 1 1 1 0 0 0 0 0 0
0 0 1 1 1 1 1 0 1 5 1 1 1 1 1 1 1 1 1 1 77 110 46 66 142 1 1 2 1 0 0 0 0 1 1 0 0 0 0 0 1 0 1 1 1 1 8 1 79 1 1 6 131 9 2 15 8 4 27 23 213 45 10 15 10 73 119 116 150 43 22 13 9 12 13 31 133 207 19 88 146 22 37 90 118 42 12 72 62 57 47 44 68 79 45 12 10 6 2 2 22 77 1 1 1 1 1 59 147 1 1 1 100 228 1 1 1 1 1 1 1 1 3 1 1 2 1 1 1 1 1 1 1 1 1 1 1 1 1 1 2 1 6 21 60 1 2 1 1 1 1 2 1 1 1 1 1 1 1 1 1 1 163 1 1 1 0 0 0 0 0 0 0 0 0 0 0 0 0 0 0 0 1 56 1 1 1 1 1 1 0 0 0 0 0 1 1 1 114 1 0 0 0 0 0 1 0 0 1 1 1 213 5 1 48 119 117 119 113 81 16 2 1 17 104 134 124 6 1 0 0 1 0 0 0 0 1 1 1 176 1 1 1 1 1 1 1 1 1 2 7 199 212 1 1 1 1 1 1 1 1 1 97 1 1 0 0 0 1 1 0 0 0 1 1 1 0 0 0 0 0 0 0 0 0 0 0 0 0 1 0 0 0 0 0 5 53 13 1 1 1 0 0 0 0 0 0 0 0 0 1 114 237 122 22 2 2 5 1 1 1 1 19 78 83 105 205 3 1 1 158 2 1 1 0 0 0 0 0 0 0 0 0 4 66 61 1 2 32 6 0 1 59 23 1 1 1 1 9 95 106 99 2 1 1 0 0 0 1 1 1 1 1 255 2 1 0 1 0 0 0 0 0 0 0 0 0 0 0 0 0 0 0 0 0 0 0 0 1 1 0 0 0 0 0 0 0 0 0 0 0 0 0 0 0 0 0 0 0 0 0 0 0 0 0 0 0 0 0 0 0 0 0 0 1 1 74 1 0 0 0 0 0 1 1 1 249 255 247 1 0 0 0 0 0 0 0 0 0 0 0 0 0 0 0 0 0 0 0 0 0 0 0 0 0 0 0 0 0 0 0 0 0 0 0 0 0 0 2 3 0 0 0 0 0 0 0 0 0 0 0 0 1 2 1 0 0 0 0 0 0 0
1 1 1 1 1 1 1 1 1 4 1 0 0 0 0 0 1 0 0 1 1 3 82 129 156 1 2 1 1 1 0 1 1 1 1 0 1 1 0 0 1 1 1 1 1 1 7 1 79 1 1 127 17 1 1 8 3 134 141 158 198 111 110 117 122 68 100 192 5 1 1 1 1 1 1 1 2 202 117 31 156 110 93 98 110 149 159 95 47 49 61 64 28 26 37 64 68 38 3 2 96 1 1 1 1 1 1 166 5 1 1 1 10 227 1 0 0 1 1 0 0 0 3 0 0 1 1 0 0 1 1 0 0 0 0 0 0 0 1 2 1 2 31 1 20 12 1 2 1 1 2 1 1 1 1 1 1 1 1 1 1 1 163 1 1 0 0 0 0 0 0 0 0 0 0 0 0 0 0 0 0 0 0 55 1 0 0 0 0 0 0 0 0 0 0 0 0 0 109 1 0 0 0 1 1 1 1 1 1 0 1 218 1 1 1 1 1 1 1 0 1 1 0 0 1 1 4 122 127 4 1 1 0 0 0 0 1 1 1 176 1 1 1 0 0 0 0 1 1 1 1 79 240 1 1 1 1 1 1 1 1 35 35 1 0 0 0 0 0 0 0 0 1 1 0 0 0 0 0 0 0 0 0 0 0 0 0 0 0 0 0 0 0 0 0 0 3 44 26 1 1 1 1 0 0 0 0 0 1 1 1 234 39 32 128 150 150 142 140 32 3 14 15 1 1 78 186 65 61 64 105 158 158 99 2 1 1 0 0 0 0 0 0 61 2 1 13 3 1 10 33 3 98 1 18 26 26 24 22 13 1 2 99 1 1 1 0 0 1 1 1 1 1 255 6 1 0 1 0 0 0 0 0 0 0 0 0 0 0 0 0 0 0 0 0 0 0 0 0 1 1 0 0 0 1 1 1 1 0 0 0 0 0 0 0 0 0 0 0 0 0 0 0 0 0 0 0 0 0 0 0 0 0 0 1 1 77 1 0 0 0 0 1 1 106 255 253 3 1 1 0 0 0 0 0 0 0 0 0 0 0 0 0 0 0 0 0 0 0 0 0 0 0 0 0 0 0 0 0 0 0 0 0 0 0 0 0 0 0 6 0 0 0 0 0 0 0 0 0 0 0 1 2 1 0 0 0 0 0 0 0 0
1 1 1 0 0 1 1 1 0 3 1 0 0 0 0 0 1 1 1 0 1 1 16 98 119 162 59 1 1 1 1 1 1 1 1 1 1 1 1 0 1 1 1 1 0 1 7 1 78 1 120 38 1 1 3 3 147 43 1 110 169 61 1 1 2 114 126 192 87 1 1 1 2 36 28 3 1 112 202 47 182 102 5 1 1 1 1 65 94 22 1 1 2 19 18 2 1 9 54 94 15 1 1 0 1 1 2 171 1 1 0 1 1 228 1 0 0 1 1 1 1 0 3 0 0 2 1 0 0 1 1 0 0 0 0 0 0 1 2 1 1 40 1 1 1 60 1 1 1 1 2 0 1 0 0 0 0 1 0 0 1 1 161 2 1 0 0 0 0 0 0 0 0 0 0 0 0 0 0 0 0 0 0 14 14 0 0 0 0 0 0 0 0 0 1 1 1 3 140 156 164 174 174 172 165 159 156 154 159 161 160 217 1 1 1 1 1 1 1 0 1 0 0 0 0 0 0 1 3 126 112 1 0 0 0 0 1 1 3 173 1 1 0 0 0 0 0 0 1 1 1 13 240 5 1 1 0 0 0 1 1 115 1 1 0 0 0 0 0 0 0 1 1 0 0 0 0 0 0 0 0 0 0 0 0 0 0 0 0 0 0 0 0 0 0 0 0 2 33 41 1 0 1 1 1 1 0 0 1 1 192 200 1 1 1 1 1 1 2 104 63 18 1 1 0 167 68 1 1 1 2 59 1 79 154 159 145 3 1 0 0 0 1 69 0 0 1 5 13 1 1 30 82 24 2 1 1 1 1 15 2 1 26 50 1 1 1 0 1 1 0 1 1 255 83 1 0 1 0 0 0 0 0 0 0 0 0 0 0 0 0 0 0 0 0 0 0 0 0 1 1 0 1 1 0 0 0 0 0 0 0 0 0 0 0 0 0 0 0 0 0 0 0 0 0 0 0 0 0 0 0 0 0 0 0 1 78 0 0 1 1 1 2 253 255 194 1 1 1 0 0 0 0 0 0 0 0 0 0 0 0 0 0 0 0 0 0 0 0 0 0 0 0 0 0 0 0 0 0 0 0 0 0 0 0 0 0 0 0 6 0 0 0 0 0 0 0 0 0 0 1 2 1 0 0 0 0 0 0 0 0 0
1 1 1 0 0 0 1 1 1 1 1 0 0 0 0 0 1 0 0 0 0 1 82 1 1 21 153 160 13 1 1 0 1 1 1 0 1 1 1 1 1 1 1 1 0 1 7 1 78 112 52 1 1 2 7 130 54 1 1 145 22 111 68 1 26 34 8 156 180 133 116 49 101 55 59 92 91 85 223 134 169 57 4 1 0 1 1 1 2 60 85 77 50 3 1 16 20 4 1 28 1 1 1 1 1 1 134 89 1 1 1 1 1 228 1 0 0 0 0 0 0 0 2 0 0 1 1 0 0 1 1 0 0 0 0 0 1 2 1 1 44 1 1 0 0 7 29 1 2 2 1 0 1 0 0 1 1 1 1 1 1 1 152 20 1 0 0 0 0 0 0 0 0 0 0 0 0 0 0 0 0 0 0 1 57 0 0 0 1 1 1 5 83 160 177 178 178 173 148 140 85 45 53 60 85 103 110 113 101 89 78 188 1 1 1 0 1 1 1 1 1 0 0 0 0 0 0 1 1 1 14 132 81 1 1 1 1 1 124 115 1 1 0 0 0 0 0 0 1 1 1 2 240 85 1 1 0 0 1 1 35 68 0 1 0 0 0 0 0 0 1 1 0 0 0 0 0 0 0 0 0 0 0 0 0 0 0 0 0 0 0 0 0 0 0 0 0 0 1 22 53 1 0 0 0 1 1 1 1 1 237 1 1 0 0 1 1 1 1 1 101 1 0 1 0 185 3 1 1 0 1 29 12 1 1 1 12 153 151 5 1 1 8 44 1 0 0 0 1 12 10 6 2 0 0 0 1 1 1 7 6 0 1 87 20 1 1 1 1 1 1 1 1 255 202 1 0 1 1 0 0 0 0 0 0 0 0 0 0 0 0 0 0 0 0 0 0 0 0 1 1 1 1 0 0 0 0 0 0 0 0 0 0 0 0 0 0 0 0 0 0 0 0 0 0 0 0 0 0 0 0 0 0 0 0 1 76 1 1 1 1 216 255 251 1 1 0 1 1 0 0 0 0 0 0 0 0 0 0 0 0 0 0 0 0 0 0 0 0 0 0 0 0 0 0 0 0 0 0 0 0 0 0 0 0 0 0 0 0 6 0 0 0 0 0 0 0 0 0 1 2 1 0 0 0 0 0 0 0 0 0 0
0 1 1 0 0 0 0 1 1 1 1 0 0 0 0 1 1 1 1 1 0 4 62 0 0 1 1 38 168 151 5 1 1 1 0 0 0 0 0 1 1 1 1 1 0 1 7 2 137 83 1 1 1 1 95 114 12 1 1 147 7 5 143 4 67 1 3 95 136 30 21 110 34 26 29 24 21 42 223 172 155 9 43 1 0 0 1 1 1 1 1 2 47 5 1 1 1 9 22 8 1 1 0 1 1 1 171 1 1 0 1 1 1 228 11 1 1 1 0 0 0 0 2 0 0 1 1 0 1 1 1 0 0 1 1 1 2 1 1 33 2 1 1 0 0 1 57 1 1 3 1 1 1 1 1 1 1 1 1 1 1 1 114 103 1 0 0 0 0 0 0 0 0 0 0 0 0 0 0 0 0 1 1 1 67 32 131 170 177 177 177 171 147 37 1 1 1 0 1 1 29 0 0 0 0 0 0 1 1 1 111 165 1 1 1 1 1 1 1 0 0 0 0 0 0 0 1 1 0 1 1 1 53 136 116 110 110 11 173 2 1 1 0 0 0 0 0 0 0 1 1 1 217 195 1 1 0 0 1 1 118 1 0 1 0 1 1 1 1 1 1 0 0 0 0 0 0 0 0 0 0 0 0 0 0 0 0 0 0 0 0 0 0 0 0 0 0 0 0 1 13 59 3 0 0 0 0 1 1 201 190 1 1 1 0 0 0 1 1 0 90 0 1 1 0 189 1 1 1 1 1 1 56 1 1 1 1 1 3 147 151 7 78 1 0 0 0 0 0 0 2 8 12 9 3 1 1 1 1 1 19 24 2 1 59 48 1 1 1 1 1 1 3 253 247 1 0 0 0 0 0 0 0 0 0 0 0 0 0 0 0 0 0 0 0 0 0 0 0 1 1 1 0 0 0 0 0 0 0 0 0 0 0 0 0 0 0 0 0 0 0 0 0 0 0 0 0 0 0 0 0 0 0 0 1 1 71 1 1 5 255 255 76 1 1 0 0 0 1 1 0 0 0 0 0 0 0 0 0 0 0 0 0 0 0 0 0 0 0 0 0 0 0 0 0 0 0 0 0 0 0 0 0 0 0 0 0 0 0 6 0 0 0 0 0 0 0 0 0 2 1 0 0 0 0 0 0 0 0 0 0 0
0 0 2 1 0 0 0 0 0 2 1 0 0 0 0 1 1 1 1 1 1 71 2 0 0 1 0 0 1 63 172 152 10 1 1 0 0 0 0 0 0 1 1 2 1 1 8 102 113 8 2 1 1 5 112 71 83 1 1 141 38 19 144 37 32 4 13 53 55 116 64 5 3 1 1 1 7 22 225 148 172 17 53 10 1 1 0 1 0 0 0 1 19 2 1 1 1 1 1 1 1 1 1 1 1 36 152 1 1 1 1 1 1 215 123 0 0 0 0 0 0 0 2 0 0 1 1 0 0 1 1 0 0 2 2 1 1 1 22 4 1 1 1 0 0 0 2 47 1 1 1 1 1 1 1 0 0 0 0 1 0 1 84 125 1 0 0 0 0 0 0 0 0 0 0 0 0 0 0 1 1 133 185 186 190 178 108 5 1 1 1 0 0 0 0 1 0 0 0 1 29 1 0 0 0 0 0 1 1 1 165 110 1 0 1 1 1 1 1 0 0 0 0 0 0 1 1 0 0 0 1 1 1 1 13 21 16 103 180 1 1 1 0 0 0 0 0 0 0 1 1 1 174 230 1 1 0 0 1 51 51 1 1 1 1 1 0 0 0 0 0 0 0 0 0 0 0 0 0 0 0 0 0 0 0 0 0 0 0 0 0 0 0 0 0 0 0 0 0 0 1 7 63 14 1 0 0 1 12 236 1 0 0 0 0 0 0 1 1 1 90 0 1 0 0 189 1 2 2 1 0 0 4 34 1 1 1 1 1 1 3 146 162 1 0 0 0 0 0 0 0 0 1 1 4 9 10 11 10 10 6 1 26 1 1 29 83 9 2 2 6 66 93 244 253 1 1 0 0 0 0 0 0 0 0 0 0 0 0 0 0 0 0 0 0 0 0 0 0 1 1 1 0 0 0 0 0 0 0 0 0 0 0 0 0 0 0 0 0 0 0 0 0 0 0 0 0 0 0 0 0 0 0 0 1 1 68 1 223 255 247 1 1 0 0 0 0 1 1 1 0 0 0 0 0 0 0 0 0 0 0 0 0 0 0 0 0 0 0 0 0 0 0 0 0 0 0 0 0 0 0 0 0 0 0 0 0 0 0 6 0 0 0 0 0 0 0 0 2 1 1 0 0 0 0 0 0 0 0 0 0 0
0 0 1 2 1 0 0 0 0 2 1 0 0 0 1 1 0 0 0 1 1 82 1 0 1 1 0 1 1 0 1 66 172 161 37 1 1 1 1 0 0 0 1 1 2 2 98 124 3 12 2 1 1 109 2 4 89 1 2 104 53 115 170 95 101 44 19 89 27 142 43 79 16 3 1 1 1 1 231 99 172 2 1 34 1 1 1 1 1 1 0 1 30 1 0 0 0 0 0 0 1 1 1 1 2 162 9 1 1 1 1 0 1 183 183 0 0 0 0 1 1 1 2 1 1 1 1 0 0 1 1 0 1 3 0 1 0 12 10 1 0 1 1 1 0 0 1 40 4 1 1 1 1 1 0 0 0 0 0 1 0 1 13 156 1 1 0 0 0 0 0 0 0 0 0 1 1 0 1 9 182 133 2 1 1 57 0 1 1 1 1 1 0 0 1 1 0 1 1 1 28 1 1 1 1 1 1 1 1 1 192 5 1 0 1 1 1 1 1 1 1 0 0 0 1 1 0 0 0 0 1 1 0 1 1 1 1 23 172 193 7 1 0 0 0 0 0 0 0 0 1 1 129 236 1 1 1 1 1 120 1 0 0 1 0 0 0 0 0 0 0 0 0 0 0 0 0 0 0 0 0 0 0 0 0 0 0 0 0 0 0 0 0 0 0 0 0 0 0 0 0 1 4 35 29 1 1 1 228 91 1 0 0 0 0 0 0 1 1 1 98 2 1 1 1 189 1 1 1 0 1 1 1 37 3 0 1 1 1 1 1 1 154 1 0 0 0 0 0 0 0 0 0 0 0 0 0 0 0 1 1 7 2 16 1 1 4 75 97 97 84 14 1 188 255 1 1 0 0 0 0 0 0 0 0 0 0 0 0 0 0 0 0 0 0 0 0 0 0 1 1 1 0 0 0 0 0 0 0 0 0 0 0 0 0 0 0 0 0 0 0 0 0 0 0 0 0 0 0 0 0 0 0 0 0 1 68 253 255 35 1 1 0 0 0 0 0 1 0 1 1 0 0 0 0 0 0 0 0 0 0 0 0 0 0 0 0 0 0 0 0 0 0 0 0 0 0 0 0 0 0 0 0 0 0 0 0 0 0 6 0 0 0 0 0 0 0 2 1 1 0 0 0 0 0 0 0 0 0 0 0 0
0 1 1 1 1 1 0 0 0 1 2 0 0 0 0 1 1 0 0 1 2 72 0 0 1 1 0 1 1 0 0 1 1 44 166 170 122 2 1 1 1 1 1 1 1 45 152 7 3 16 1 1 44 61 1 33 51 1 1 99 3 21 168 58 103 36 96 90 122 133 71 3 77 1 3 1 1 1 231 112 172 1 18 6 1 1 1 1 1 1 1 1 25 0 0 0 0 1 1 1 1 0 1 1 1 165 1 1 1 1 1 0 1 161 197 1 1 1 1 1 1 1 2 1 1 1 1 0 0 1 1 1 2 1 1 1 5 20 1 0 0 0 1 1 0 0 0 1 60 1 0 1 1 1 0 0 0 0 0 1 1 1 2 162 1 1 0 0 0 0 0 0 0 0 0 1 1 1 33 180 6 1 1 0 1 56 1 1 1 0 1 1 1 0 1 0 0 1 1 1 20 2 1 1 1 1 1 1 1 174 99 1 1 0 1 0 1 1 1 1 1 1 0 1 1 0 0 0 0 0 1 1 1 1 1 1 1 1 1 176 177 53 1 1 0 0 0 0 0 0 1 1 93 240 1 0 1 1 41 60 1 0 0 1 0 0 0 0 0 0 0 0 0 0 0 0 0 0 0 0 0 0 0 0 0 0 0 0 0 0 0 0 0 0 0 0 0 0 0 0 1 2 1 1 21 44 2 119 217 1 0 0 0 0 0 0 0 2 10 9 10 45 55 57 55 192 1 1 0 1 1 0 0 1 56 1 1 1 0 0 1 1 51 126 1 0 0 0 0 0 0 0 0 0 0 0 0 0 0 0 1 4 3 6 8 0 0 1 1 1 1 1 1 46 255 1 1 0 0 0 0 0 0 0 0 0 0 0 0 0 0 0 0 0 0 0 0 0 0 0 1 1 0 0 0 0 0 0 0 0 0 0 0 0 0 0 0 0 0 0 0 0 0 0 0 0 0 0 0 0 0 0 0 0 0 187 255 249 1 1 1 0 0 0 0 0 0 1 1 1 0 0 0 0 0 0 0 0 0 0 0 0 0 0 0 0 0 0 0 0 0 0 0 0 0 0 0 0 0 0 0 0 0 0 0 0 0 0 0 6 0 0 0 0 0 0 1 2 1 0 0 0 0 0 0 0 0 0 0 0 0 0
1 1 0 1 1 1 0 0 0 0 1 1 0 0 0 0 0 0 0 1 54 8 0 0 1 0 0 1 1 0 1 1 0 1 3 9 122 175 158 42 1 1 1 1 7 144 14 4 12 41 10 20 88 4 1 87 7 1 4 69 8 2 90 136 97 1 7 36 147 157 42 1 59 15 2 1 1 1 229 119 173 1 37 1 0 0 0 0 1 0 1 6 7 1 1 1 1 1 1 1 1 1 1 1 116 102 1 0 1 1 1 0 1 151 198 0 1 0 0 1 0 0 2 1 0 1 1 0 0 0 1 1 2 1 0 2 25 1 1 0 0 0 1 1 1 0 0 0 31 7 0 0 1 1 0 0 0 0 0 0 1 1 1 164 1 1 0 0 0 0 0 0 0 0 1 1 1 96 174 2 0 0 0 0 0 47 1 0 1 0 1 1 1 1 1 0 1 1 1 1 1 22 1 1 1 1 0 1 15 86 188 27 1 1 0 0 1 1 1 1 1 1 1 1 0 0 0 0 0 0 1 1 1 0 0 1 1 1 3 134 96 98 125 5 1 1 0 0 0 1 1 1 72 240 1 1 1 1 120 1 0 0 0 1 0 0 0 0 0 0 0 0 0 0 0 0 0 0 0 0 0 0 0 0 0 0 0 0 0 0 0 0 0 0 0 0 0 0 0 1 3 0 0 1 1 12 71 230 3 1 0 0 0 0 0 0 1 12 1 0 1 1 1 1 1 202 2 1 1 1 0 0 0 0 12 22 1 1 0 1 1 1 1 27 148 5 1 1 0 0 0 0 0 0 0 0 0 0 0 0 0 1 9 1 7 9 0 0 0 0 0 0 0 4 255 1 1 0 0 0 0 0 0 0 0 0 0 0 0 0 0 0 0 0 0 0 0 0 0 0 1 1 1 0 0 0 0 0 0 0 0 0 0 0 0 0 0 0 0 0 0 0 0 0 0 0 0 0 0 0 0 0 0 0 88 255 147 1 1 1 0 0 0 0 0 0 0 1 1 0 0 0 0 0 0 0 0 0 0 0 0 0 0 0 0 0 0 0 0 0 0 0 0 0 0 0 0 0 0 0 0 0 0 0 0 0 0 0 0 5 1 0 0 0 0 1 2 1 0 0 0 0 0 0 0 0 0 0 0 0 0 0
0 0 0 0 1 2 1 0 0 1 1 2 1 0 1 0 0 0 0 0 81 1 0 0 1 0 0 1 0 0 1 0 1 1 2 1 1 1 53 163 172 125 4 3 73 114 3 1 1 10 8 53 2 10 1 97 4 1 43 10 1 2 12 151 134 1 1 34 126 167 91 1 3 89 1 4 1 98 231 11 170 1 38 1 1 0 0 0 1 0 1 21 1 1 1 1 1 1 1 1 1 1 1 1 165 1 1 1 1 1 1 1 1 138 205 1 1 1 1 1 0 0 2 1 0 0 1 0 0 0 1 2 1 0 1 34 1 0 1 1 0 0 0 1 1 0 0 0 1 62 1 0 1 1 0 0 0 0 0 0 0 1 1 166 1 1 0 0 0 0 0 0 0 1 1 1 147 156 1 0 0 0 0 0 0 2 43 1 1 0 1 0 0 1 1 1 1 1 1 1 0 1 17 1 1 1 1 13 1 1 12 188 28 1 0 1 1 0 1 1 1 1 1 1 0 0 0 0 0 1 1 1 0 0 0 1 1 1 150 96 7 1 13 127 19 1 0 0 0 1 1 1 57 240 1 1 1 62 40 1 0 0 1 1 0 0 0 0 0 0 0 0 0 0 0 0 0 0 0 0 0 0 0 0 0 0 0 0 0 0 0 0 0 0 0 0 0 0 0 2 1 0 0 1 1 12 214 168 8 1 0 0 0 0 0 0 1 11 0 0 0 0 0 1 2 199 1 2 2 2 1 1 1 1 1 58 1 0 0 1 1 1 9 24 34 150 128 2 0 0 0 0 0 0 0 0 0 0 0 0 0 0 3 3 1 5 24 1 1 0 0 0 0 1 255 1 1 0 0 0 0 0 0 0 0 0 0 0 0 0 0 0 0 0 0 0 0 0 0 0 1 1 1 0 0 0 0 0 0 0 0 0 0 0 0 0 0 0 0 0 0 0 0 0 0 0 0 0 0 0 0 0 0 1 255 223 1 1 0 0 0 0 0 0 0 0 0 0 1 0 0 0 0 0 0 0 0 0 0 0 0 0 0 0 0 0 0 0 0 0 0 0 0 0 0 0 0 0 0 0 0 0 0 0 0 0 0 0 0 2 3 0 0 0 1 2 0 0 0 0 0 0 0 0 0 0 0 0 0 0 0 0
1 1 1 1 2 2 1 1 0 1 1 1 2 1 1 0 0 0 0 1 82 1 0 1 1 0 1 1 1 1 1 0 1 2 1 1 1 1 1 1 7 116 176 169 54 75 77 1 3 2 1 62 3 10 1 98 1 18 38 1 1 1 1 163 124 1 1 35 106 147 111 60 14 95 7 15 14 231 104 19 162 1 42 1 1 0 0 0 1 0 1 21 1 1 1 1 1 1 0 1 1 1 1 17 153 1 1 1 1 1 1 1 1 101 215 1 1 1 1 1 0 0 1 1 0 0 1 1 1 2 3 1 0 1 37 1 0 0 1 1 0 0 0 1 1 1 0 0 0 13 21 0 1 1 0 0 0 0 0 0 0 1 1 166 1 1 0 0 0 0 0 1 1 1 7 178 115 1 0 0 0 0 0 0 0 1 59 1 0 0 0 1 1 1 1 1 0 1 0 0 0 1 4 13 1 1 13 1 1 1 1 5 189 15 1 1 0 0 1 1 0 0 1 1 0 0 1 1 1 1 1 0 0 0 1 1 1 133 154 1 0 0 1 2 128 5 0 1 1 1 1 1 35 240 1 1 1 120 1 0 0 0 1 0 0 0 0 0 0 0 0 0 0 0 0 0 0 0 0 0 0 0 0 0 0 0 0 0 0 0 0 0 0 0 0 0 0 0 1 2 0 1 1 1 157 222 100 5 48 17 1 0 0 0 0 0 1 10 0 0 0 0 0 0 41 188 0 0 0 1 1 2 2 1 1 3 43 1 0 0 0 0 23 1 0 0 9 143 124 1 0 0 0 0 0 0 0 0 0 0 0 0 1 5 2 0 1 21 1 0 0 0 0 1 255 1 1 0 0 0 0 0 0 0 0 0 0 0 0 0 0 0 0 0 0 0 0 0 0 0 1 1 1 1 0 0 0 0 0 0 0 0 0 0 0 0 1 1 0 0 0 0 0 0 0 0 0 0 0 0 0 0 1 247 255 1 1 0 0 0 0 0 0 0 0 0 0 0 1 1 0 0 0 0 0 0 0 0 0 0 0 0 0 0 0 0 0 0 0 0 0 0 0 0 0 0 0 0 0 0 0 0 0 0 0 0 0 0 0 1 5 0 0 1 2 1 0 0 0 0 0 0 0 0 0 0 0 0 0 0 0 0
0 0 1 1 1 0 2 1 1 0 0 1 1 1 6 7 1 0 0 14 56 1 1 1 1 1 1 1 1 1 1 0 1 3 1 1 1 1 0 0 1 1 1 110 166 145 128 123 45 3 1 51 2 12 6 101 24 25 5 2 1 2 1 146 140 11 2 44 38 115 150 13 28 110 94 29 65 235 3 53 147 1 40 1 1 1 0 0 1 1 1 28 2 1 1 0 0 1 0 0 0 1 1 155 13 1 1 1 1 1 1 1 1 36 225 1 1 0 0 1 0 0 1 1 0 1 2 3 3 1 1 0 1 31 2 0 0 0 0 1 1 0 0 0 1 1 0 0 0 1 61 1 1 1 1 0 0 0 0 0 1 1 1 165 1 1 0 0 0 1 1 3 35 151 182 13 1 1 1 1 1 1 1 1 1 1 60 1 0 0 1 1 1 1 1 1 0 1 1 1 1 0 1 3 19 15 1 1 1 0 1 1 122 160 1 0 0 1 1 1 1 1 1 1 1 1 1 1 1 1 1 1 1 1 1 8 172 113 1 0 0 0 0 1 7 132 1 1 1 1 1 1 15 242 2 1 46 59 1 0 0 0 1 0 0 0 0 0 0 0 0 0 0 0 0 0 0 0 0 0 0 0 0 0 0 0 0 0 0 0 0 0 0 0 0 0 0 0 3 0 0 1 1 156 219 1 1 1 3 43 27 1 0 0 0 1 1 9 0 0 0 0 0 0 164 129 0 1 1 1 1 1 1 1 1 1 34 4 0 0 0 0 24 1 0 0 0 1 16 160 57 1 0 0 0 0 0 0 0 0 0 0 0 1 5 2 13 3 0 0 0 0 0 1 255 1 1 0 0 0 0 0 0 0 0 0 0 0 0 0 0 0 0 0 0 0 0 0 0 0 1 1 0 1 0 0 0 0 0 1 0 0 0 0 0 1 1 0 0 0 0 0 0 0 0 0 0 0 0 0 0 1 29 255 73 1 0 0 0 0 0 0 0 0 0 0 0 0 0 0 0 0 0 0 0 0 0 0 0 0 0 0 0 0 0 0 0 0 0 0 0 0 0 0 0 0 0 0 0 0 0 0 0 0 0 0 0 0 0 2 3 0 1 2 1 0 0 0 0 0 0 0 0 0 0 0 0 0 0 0 0 0
1 1 1 2 1 1 1 1 2 1 0 0 1 2 31 6 27 4 1 85 1 0 1 1 1 1 1 1 1 1 1 1 1 3 1 1 0 0 0 0 1 1 5 2 1 83 164 170 156 153 150 148 80 23 40 130 39 12 13 5 2 3 3 50 174 109 90 76 45 118 104 130 1 1 63 82 46 232 21 83 140 32 5 1 1 1 1 1 0 1 3 8 1 1 0 0 0 0 1 0 0 1 1 167 1 1 0 1 1 1 1 1 1 8 226 1 1 0 0 1 1 0 1 1 2 4 2 1 1 1 1 1 21 3 1 1 0 0 0 0 1 1 0 0 0 1 1 0 0 0 4 39 1 1 1 0 0 0 0 0 1 1 1 157 3 1 1 1 1 162 184 184 172 106 1 1 1 0 0 1 1 1 1 0 0 0 54 1 1 1 1 1 0 0 1 1 0 0 0 0 1 1 1 1 39 1 0 0 1 1 0 1 144 146 0 1 1 1 0 0 1 1 0 1 1 0 1 1 0 0 0 1 1 2 135 168 5 1 0 0 0 0 0 0 1 110 38 1 1 1 1 1 7 242 2 3 112 1 0 0 0 0 1 0 0 0 0 0 0 0 0 0 0 0 0 0 0 0 0 0 0 0 0 0 0 0 0 0 0 0 0 0 0 0 0 0 0 2 1 0 1 1 175 238 183 1 0 0 1 1 41 38 1 0 0 1 1 9 0 0 0 0 0 0 188 80 1 1 0 0 1 0 1 1 1 1 1 59 1 0 0 0 25 1 1 0 0 1 2 117 8 86 38 1 0 0 0 0 0 0 0 0 0 0 1 8 26 1 0 0 0 0 1 178 255 2 1 0 0 0 0 0 0 0 0 0 0 0 0 0 0 0 0 0 0 0 0 0 0 0 0 1 0 1 0 0 0 0 1 1 1 0 0 1 1 1 0 1 1 0 0 0 0 0 0 0 0 0 0 1 1 14 255 233 17 5 0 0 0 0 0 0 0 0 0 0 0 0 0 0 0 0 0 0 0 0 0 0 0 0 0 0 0 0 0 0 0 0 0 0 0 0 0 0 0 0 0 0 0 0 0 0 0 0 0 0 0 0 1 6 1 1 2 1 0 0 0 0 0 0 0 0 0 0 0 0 0 0 0 0 0 0
1 0 3 1 1 1 1 0 1 6 1 0 1 32 1 0 1 11 31 75 1 1 0 0 0 1 1 1 1 1 1 1 5 2 1 1 1 1 1 1 1 0 10 1 0 1 1 46 154 170 173 183 204 198 176 173 159 161 151 117 33 20 48 52 179 64 46 5 46 136 123 180 19 2 5 106 151 232 16 72 150 6 1 1 2 4 1 1 1 1 20 1 1 1 1 0 0 1 1 1 1 1 107 112 1 1 0 1 1 1 1 1 1 2 228 1 1 0 0 1 1 1 6 10 1 1 1 2 3 2 3 13 8 1 1 1 1 0 0 0 1 1 0 0 0 1 1 0 0 0 1 52 2 1 1 1 1 0 0 0 1 0 1 143 23 1 1 2 168 76 1 1 1 1 1 0 0 0 0 0 0 0 0 0 0 0 1 58 1 1 0 0 0 0 1 1 0 0 0 0 0 0 1 33 1 0 0 0 0 1 1 0 115 164 1 1 1 0 0 0 0 1 1 1 1 1 1 0 0 1 1 1 154 172 99 1 1 0 0 0 0 0 0 0 1 86 68 0 1 1 1 1 4 242 3 117 1 1 0 0 0 0 0 0 0 0 0 0 0 0 0 0 0 0 0 0 0 0 0 0 0 0 0 0 0 0 0 0 0 0 0 0 0 0 0 0 1 2 0 0 1 138 240 21 150 56 0 0 1 1 1 28 59 1 1 1 1 9 0 0 0 0 0 1 67 183 195 198 198 189 110 1 0 1 1 1 0 1 58 10 1 1 26 0 0 0 0 1 114 2 0 1 17 80 2 1 0 0 0 0 0 0 0 0 0 1 55 1 0 0 0 1 80 159 255 50 1 0 0 0 0 0 0 0 0 0 0 0 0 0 0 0 0 0 0 0 0 0 0 0 0 1 1 1 0 0 1 1 0 0 1 1 1 1 0 1 0 0 0 1 1 0 0 0 0 0 0 1 1 172 255 255 245 1 1 37 0 0 0 0 0 0 0 0 0 0 0 0 0 0 0 0 0 0 0 0 0 0 0 0 0 0 0 0 0 0 0 0 0 0 0 0 0 0 0 0 0 0 0 0 0 0 0 0 0 0 0 0 4 1 1 2 1 0 0 0 0 0 0 0 0 0 0 0 0 0 0 0 0 0 0 0
1 1 2 1 1 1 0 0 0 1 9 1 39 1 0 0 0 0 1 50 1 1 1 1 1 1 1 1 1 0 0 1 6 1 0 0 0 0 1 1 1 1 11 1 0 0 0 1 1 1 1 2 8 93 162 188 194 197 204 214 202 181 167 169 197 200 180 127 99 76 34 172 103 118 128 113 132 232 152 176 153 48 122 188 196 193 196 199 196 196 197 175 1 1 1 1 1 1 1 1 1 1 168 1 1 0 0 0 1 1 1 0 1 1 228 1 1 1 1 4 5 2 1 11 1 3 3 1 1 0 4 18 1 0 0 1 1 0 0 0 0 1 1 0 0 0 1 1 0 0 0 1 62 1 1 0 1 1 1 1 1 1 1 86 122 75 170 184 65 1 1 1 1 0 0 0 0 0 0 0 0 0 0 0 0 1 1 8 35 1 0 0 0 0 1 1 1 0 0 0 0 0 6 12 1 0 1 1 1 0 0 0 1 183 55 1 0 0 0 0 0 0 1 1 1 1 1 1 1 1 1 155 19 11 1 0 0 0 0 0 0 0 0 0 1 141 1 0 0 1 1 1 3 242 92 40 1 0 0 0 0 0 0 0 0 0 0 0 0 0 0 0 0 0 0 0 0 0 0 0 0 0 0 0 0 0 0 0 0 0 0 0 0 0 0 0 3 1 0 1 1 243 9 1 1 145 66 1 1 0 0 0 12 75 2 1 1 12 5 9 9 8 2 1 66 1 1 1 1 9 168 160 1 1 0 1 0 0 1 25 42 1 26 0 0 0 0 2 116 0 0 0 0 1 74 27 1 0 0 0 0 0 0 0 0 1 50 1 0 0 3 151 103 1 255 190 1 0 0 0 0 0 0 0 0 0 0 0 0 0 0 0 1 1 0 0 0 0 0 0 0 1 1 1 0 1 1 0 0 0 1 1 0 0 1 1 1 1 1 1 1 1 1 0 0 1 1 230 255 255 230 1 1 0 0 24 3 0 0 0 0 0 0 0 0 0 0 0 0 0 0 0 0 0 0 0 0 0 0 0 0 0 0 0 0 0 0 0 0 0 0 0 0 0 0 0 0 0 0 0 0 0 0 0 0 0 0 3 2 1 2 1 0 0 0 0 0 0 0 0 0 0 0 0 0 0 0 0 0 0 0 0
2 4 1 1 1 1 1 0 0 0 1 58 2 0 0 0 0 1 14 13 0 0 1 1 1 1 1 1 1 1 1 3 1 0 0 0 0 0 0 0 1 1 10 0 0 0 0 0 0 0 1 1 1 1 1 1 1 1 1 11 131 175 182 180 180 185 213 226 226 225 220 232 218 220 227 235 238 220 196 186 232 184 159 17 1 1 1 17 1 1 1 79 194 188 148 6 1 1 1 1 1 2 160 1 1 1 1 1 1 1 1 1 1 2 228 13 5 5 3 1 0 0 1 13 2 1 0 0 0 2 13 1 0 0 0 0 1 1 0 0 0 1 1 0 0 0 1 1 1 0 0 0 44 3 0 0 0 1 1 1 3 107 182 192 222 162 38 1 1 1 0 0 0 0 0 0 0 0 0 0 0 0 0 0 1 1 1 1 10 31 1 0 1 0 0 0 1 0 0 0 0 1 11 6 1 1 0 0 0 1 0 0 1 2 191 7 0 0 0 1 0 1 1 1 0 1 1 1 1 1 141 77 1 11 0 0 0 0 0 0 0 0 0 0 1 145 1 1 1 1 1 1 3 242 144 1 1 0 0 0 0 0 1 0 0 0 0 0 0 0 0 0 0 0 0 0 0 0 0 0 0 0 0 0 0 0 0 0 0 0 0 0 0 0 0 1 1 0 0 1 208 212 1 1 1 1 141 94 1 0 0 0 0 5 83 5 1 2 1 1 0 1 5 9 71 1 0 0 1 1 1 186 42 1 0 0 0 1 187 202 204 208 117 1 0 0 1 120 2 0 0 0 0 1 1 29 84 2 1 0 0 0 0 0 0 0 53 1 1 29 157 6 0 0 250 250 1 0 0 0 0 0 0 0 0 0 0 0 0 0 0 1 1 1 0 0 0 0 0 1 0 1 1 1 1 1 1 0 1 1 0 0 1 1 1 1 0 0 0 0 1 1 1 1 138 255 255 255 161 1 1 0 0 0 1 1 37 0 0 0 0 0 0 0 0 0 0 0 0 0 0 0 0 0 0 0 0 0 0 0 0 0 0 0 0 0 0 0 0 0 0 0 0 0 0 0 0 0 0 0 0 0 0 0 0 0 0 5 0 2 1 0 0 0 0 0 0 0 0 0 0 0 0 0 0 0 0 0 0 0 0 0
1 2 1 1 0 1 1 1 0 1 13 8 6 1 1 0 0 2 31 1 0 0 0 0 0 1 0 0 1 1 1 6 1 0 0 0 0 0 0 0 0 2 5 0 0 0 0 0 0 0 0 1 1 1 1 1 1 1 1 1 4 5 2 2 1 1 1 4 64 141 170 183 211 208 184 146 41 1 1 2 226 1 1 1 1 0 9 2 0 0 1 1 10 2 123 186 192 186 127 4 1 119 76 1 1 1 1 22 30 30 29 27 22 14 223 95 1 0 0 0 0 0 0 5 0 0 0 0 1 19 1 1 0 0 0 0 1 1 0 0 0 0 1 1 0 0 0 1 1 0 0 0 1 64 1 1 6 137 186 190 188 158 24 2 166 1 1 1 0 0 0 0 0 0 0 0 0 0 0 0 0 0 1 1 1 1 1 0 1 26 11 1 1 0 0 0 1 0 0 0 0 1 9 4 1 1 0 0 1 0 0 1 1 1 63 190 1 1 1 1 1 1 0 0 1 1 1 1 1 160 59 1 6 2 0 0 0 0 0 0 0 0 0 0 0 133 8 1 1 1 1 1 4 241 147 1 1 0 0 0 0 0 1 0 0 0 0 0 0 0 0 0 0 0 0 0 0 0 0 0 0 0 0 0 0 0 0 0 0 0 0 0 0 0 1 2 0 0 1 1 244 1 1 0 1 1 1 122 130 1 0 0 0 1 2 78 11 1 0 0 0 0 0 1 32 1 0 1 1 1 3 1 199 187 77 1 1 1 202 1 1 5 188 186 1 0 2 120 1 0 0 0 0 0 1 1 2 88 56 1 1 0 0 0 0 1 51 0 3 158 1 1 1 0 166 255 1 0 0 0 0 0 0 0 0 0 0 0 0 1 1 1 1 1 0 0 0 0 0 1 0 1 1 1 0 0 1 1 1 0 0 0 1 0 1 0 0 1 1 1 3 191 255 255 255 244 2 1 1 1 0 0 1 1 1 0 34 1 0 0 0 0 0 0 0 0 0 0 0 0 0 0 0 0 0 0 0 0 0 0 0 0 0 0 0 0 0 0 0 0 0 0 0 0 0 0 0 0 0 0 0 0 0 0 0 0 0 5 1 1 0 0 0 0 0 0 0 0 0 0 0 0 0 0 0 0 0 0 0 0 0 0
0 1 2 1 0 0 1 1 1 9 3 1 1 6 5 1 1 2 35 1 0 0 0 0 0 0 0 0 0 1 3 6 1 1 0 0 0 0 0 0 0 8 1 0 0 0 0 0 0 1 1 1 1 1 3 5 5 4 3 3 1 1 1 1 1 1 1 1 1 1 1 1 1 1 1 1 0 1 1 2 227 1 1 1 0 0 18 1 0 0 1 0 8 1 1 1 1 4 147 186 184 198 58 6 13 31 26 1 1 1 1 1 1 1 183 183 1 0 0 1 0 0 0 6 0 0 0 1 21 1 0 1 1 1 1 1 1 1 1 0 0 0 1 1 0 0 0 0 1 1 1 1 13 163 190 190 186 134 3 1 1 1 1 1 166 1 0 0 0 0 0 0 0 0 0 0 0 0 0 0 1 1 1 1 1 1 0 0 0 1 62 1 0 0 0 0 1 0 0 0 1 15 5 2 3 1 1 0 0 1 1 1 1 5 1 124 171 1 1 0 1 1 0 1 1 1 1 1 162 68 12 11 3 0 0 0 0 0 0 0 0 0 0 0 0 48 105 1 1 1 1 1 48 241 159 1 1 0 0 0 0 0 1 1 0 0 0 0 0 0 0 0 0 0 0 0 0 0 0 0 0 0 0 0 0 0 0 0 0 0 0 1 1 0 2 1 0 0 1 176 234 1 0 0 0 0 0 1 84 146 1 1 0 0 0 1 66 24 1 0 0 0 0 1 33 0 0 1 0 1 1 0 1 20 176 199 199 188 202 1 1 0 0 75 206 70 116 3 0 0 0 0 0 0 0 1 1 1 15 97 89 18 1 1 0 15 13 1 158 3 0 0 1 1 89 255 1 1 1 1 1 1 0 0 0 0 0 0 1 1 1 1 1 1 0 0 0 0 0 1 0 1 1 1 1 0 0 1 0 0 0 0 1 1 5 211 253 255 255 255 255 255 244 2 1 1 1 1 0 0 1 1 1 1 0 0 1 35 0 0 0 0 0 0 0 0 0 0 0 0 0 0 0 0 0 0 0 0 0 0 0 0 0 0 0 0 0 0 0 0 0 0 0 0 0 0 0 0 0 0 0 0 0 0 0 1 3 14 2 0 0 0 0 0 0 0 0 0 0 0 0 0 0 0 0 0 0 0 0 0 0 0
0 1 1 1 0 0 0 0 3 11 1 0 0 1 1 7 2 1 35 0 0 0 0 0 0 0 0 0 0 1 8 1 2 3 1 1 0 0 0 0 1 10 1 0 0 0 1 1 1 1 3 6 4 3 1 1 1 1 1 1 1 1 0 0 0 0 0 0 0 1 1 1 1 1 0 0 1 1 1 2 227 1 0 0 0 1 18 1 0 1 1 1 1 6 1 0 1 1 1 1 1 55 59 115 94 1 1 1 1 1 1 1 1 1 122 216 1 0 1 1 0 0 0 6 0 0 0 18 1 0 0 1 1 1 0 0 0 0 1 0 0 0 0 1 1 0 1 1 40 159 173 173 161 56 3 1 1 1 1 1 1 1 0 1 170 1 0 0 0 0 0 0 0 1 1 1 1 1 1 1 1 1 1 0 0 0 0 0 0 1 13 19 1 0 0 0 1 1 1 9 23 4 1 0 2 1 1 0 1 1 1 2 4 1 0 1 162 142 1 1 0 1 1 1 1 1 1 144 89 1 1 1 0 0 0 0 0 0 0 0 0 0 0 0 0 9 134 1 1 1 1 140 173 241 137 1 1 0 0 0 0 0 0 1 0 0 0 0 0 0 0 0 0 0 0 0 0 0 0 0 0 0 0 0 0 0 0 0 0 0 1 1 1 1 1 1 1 1 1 243 15 1 0 0 0 0 0 1 1 53 156 1 1 1 1 0 1 49 47 1 0 0 0 1 32 0 0 1 1 1 1 0 0 0 0 1 2 18 162 1 1 0 0 0 1 189 211 1 0 0 0 0 0 0 0 0 1 1 0 1 2 49 96 97 43 89 28 146 47 1 1 0 1 1 45 255 1 1 1 1 1 1 0 0 0 0 0 1 1 1 1 0 0 0 0 1 0 0 0 1 0 0 1 0 1 1 1 1 1 1 2 211 255 255 255 255 251 134 2 1 1 1 1 1 1 1 1 0 1 1 1 1 0 0 0 0 0 37 1 0 0 0 0 0 0 0 0 0 0 0 0 0 0 0 0 0 0 0 0 0 0 0 0 0 0 0 0 0 0 0 0 0 0 0 0 0 0 0 1 1 4 7 7 7 7 6 3 1 2 0 0 0 0 0 0 0 0 0 0 0 0 0 0 0 0 0 0 0 0 0 0 0
1 1 1 1 1 0 0 1 25 1 0 0 0 0 1 1 9 2 27 0 0 0 0 0 0 0 0 0 0 4 1 1 1 1 1 3 2 1 1 3 4 2 1 0 1 1 1 5 6 4 1 1 0 0 0 0 0 0 0 0 1 1 1 1 1 1 1 1 1 1 1 1 0 0 0 0 1 1 1 13 227 2 1 1 1 1 13 1 0 1 0 1 1 5 2 1 0 0 1 1 5 18 1 1 7 99 73 1 1 1 1 1 0 1 2 229 1 0 0 1 0 0 0 6 1 0 12 2 0 0 0 1 1 0 0 0 0 0 1 1 0 0 1 1 87 164 172 171 153 21 1 1 1 1 1 2 1 1 1 0 0 1 0 1 170 1 1 1 1 1 1 2 9 24 6 1 1 1 1 1 0 0 0 0 0 0 0 0 0 0 1 62 1 0 0 0 1 16 22 3 1 0 0 0 1 4 1 1 1 1 3 2 1 0 0 0 1 171 162 1 1 1 0 1 1 1 140 115 1 0 0 0 0 0 0 0 0 0 0 0 0 0 0 0 0 1 144 1 1 1 4 5 90 232 179 1 1 0 0 1 0 0 0 1 0 0 0 0 0 0 0 0 0 0 0 0 0 0 0 0 0 0 0 0 0 0 0 0 0 1 1 0 0 1 1 1 1 1 73 241 1 1 0 0 0 0 1 1 0 0 25 171 171 171 145 1 1 1 29 70 1 0 0 1 26 0 0 0 1 1 1 0 0 0 0 1 2 20 142 1 1 1 0 0 0 3 131 219 181 1 0 0 0 0 0 0 0 1 0 0 0 0 1 1 39 31 45 126 1 1 2 2 2 1 5 255 1 0 1 1 1 1 0 0 0 0 1 1 1 1 0 0 0 0 0 1 0 0 0 1 1 1 1 1 1 1 1 1 53 251 255 255 225 2 1 1 1 0 0 0 0 0 0 0 0 0 1 1 1 1 0 0 0 0 0 0 0 2 32 0 0 0 0 0 0 0 0 0 0 0 0 0 0 0 0 0 0 0 0 0 0 0 0 0 0 0 0 0 0 0 0 1 1 3 7 7 7 7 7 6 2 1 0 0 0 0 0 1 2 0 0 0 0 0 0 0 0 0 0 0 0 0 0 0 0 0 0 0 0 0 0 0
6 3 1 1 1 1 1 18 1 1 1 0 0 0 1 1 1 41 4 1 1 0 0 0 0 1 3 1 1 8 0 1 1 0 0 1 1 2 2 1 1 1 1 1 1 4 3 1 1 1 1 1 1 1 2 7 8 8 8 8 7 7 2 1 1 1 0 0 0 0 1 0 0 1 0 0 1 4 211 224 115 55 1 1 1 17 3 1 1 1 0 1 0 1 4 3 1 1 1 1 41 1 1 1 1 1 7 97 98 7 1 1 1 0 1 229 1 1 1 1 0 0 0 5 1 7 4 1 0 0 0 1 1 0 0 0 0 0 1 2 90 166 174 172 139 5 1 1 1 1 0 0 0 0 0 1 1 1 1 0 0 1 0 1 165 4 1 1 7 28 27 18 6 1 20 1 1 0 0 0 0 0 0 0 0 0 0 0 0 0 1 30 7 1 1 2 28 1 0 0 0 0 0 0 1 2 2 0 1 4 1 0 0 0 0 0 0 1 146 195 24 1 1 1 1 132 114 1 0 0 0 0 0 0 0 0 0 0 0 0 0 0 0 0 0 1 135 8 1 1 6 1 35 210 216 1 1 0 0 1 0 0 0 1 0 0 0 0 0 0 0 0 0 0 0 0 0 0 0 0 0 0 0 0 0 0 0 0 0 0 0 0 0 0 1 1 1 3 240 116 1 0 0 0 0 0 1 1 0 0 0 1 1 1 52 163 3 1 1 12 86 2 0 6 10 0 0 0 0 1 1 0 0 0 0 1 1 148 11 0 1 1 1 1 1 4 1 1 209 126 73 1 1 1 0 0 0 1 1 0 0 0 0 0 1 50 160 1 1 1 1 1 1 1 1 255 1 0 1 1 1 1 0 0 0 1 1 0 1 0 0 0 0 0 0 1 1 1 1 243 255 255 255 255 255 255 255 255 255 253 13 1 1 0 0 0 0 0 0 0 0 0 0 0 1 1 1 0 0 0 0 0 0 0 0 0 0 0 19 4 0 0 0 0 0 0 0 0 0 0 0 0 0 0 0 0 0 0 0 0 0 0 0 0 0 1 2 5 7 7 7 7 6 3 1 0 0 0 0 0 0 0 0 0 0 0 0 0 2 0 0 0 0 0 0 0 0 0 0 0 0 0 0 0 0 0 0 0 0 0 0 0
1 1 4 1 1 1 10 3 0 1 1 1 1 1 2 1 1 29 1 3 2 1 1 1 1 3 3 5 9 1 1 1 1 0 0 0 0 0 0 0 0 0 2 3 5 1 1 3 15 17 32 7 8 7 3 1 1 0 0 0 0 1 2 6 7 7 6 1 1 1 1 1 1 1 0 1 1 204 130 2 1 39 3 1 1 18 1 1 2 2 1 1 1 1 2 12 2 2 2 10 12 1 1 1 0 1 0 0 1 75 100 21 1 0 1 229 10 1 1 1 1 0 0 3 6 8 1 0 0 0 0 1 1 1 1 2 115 170 174 170 135 5 1 1 1 1 0 0 1 1 1 1 1 1 1 1 2 1 1 0 0 1 0 1 136 86 16 26 9 1 1 1 1 1 4 7 0 0 0 0 0 0 0 0 1 1 0 0 1 1 1 1 66 1 1 2 12 0 0 0 0 0 0 0 1 1 9 1 4 1 0 0 0 0 0 1 1 1 1 33 199 5 1 1 158 124 1 1 0 0 0 0 0 0 0 0 0 0 0 0 0 0 0 0 0 0 27 120 1 3 1 1 11 184 235 1 1 0 0 1 0 0 0 1 0 0 0 0 0 0 0 0 0 0 0 0 0 0 0 0 0 0 0 0 0 0 0 0 0 0 0 0 0 0 0 0 1 7 243 1 0 0 0 0 0 0 1 0 0 0 0 0 0 1 1 12 166 8 1 1 4 90 5 20 2 0 0 0 1 1 1 1 1 1 0 2 1 161 1 0 0 1 1 1 1 5 0 0 7 207 9 101 71 1 1 1 0 0 1 1 0 0 0 0 0 148 84 0 0 0 0 1 1 1 1 255 3 1 1 1 1 1 1 0 1 1 1 1 1 1 1 0 1 1 1 1 124 243 255 255 226 157 175 212 229 236 210 28 1 65 1 0 0 0 0 0 0 0 0 0 0 0 1 1 1 0 0 0 0 0 0 0 0 0 0 0 0 1 1 45 1 0 0 0 0 0 0 0 0 0 0 0 0 0 0 0 0 0 0 1 3 6 7 6 7 7 4 1 0 0 0 0 0 0 0 0 0 0 0 0 0 0 0 0 0 0 0 1 2 0 0 0 0 0 0 0 0 0 0 0 0 0 0 0 0 0 0 0 0 0 0 0
0 0 1 4 1 11 6 0 0 0 1 1 1 2 1 1 3 13 0 0 1 3 3 3 3 16 1 0 0 1 1 1 0 0 0 0 0 0 0 0 0 0 2 7 2 16 16 6 1 1 29 0 0 0 0 0 0 0 0 0 0 1 1 1 1 1 1 60 151 174 170 132 9 1 1 1 11 227 4 1 1 5 66 4 1 18 1 1 1 1 2 15 1 2 12 1 1 1 1 37 1 1 1 1 1 1 1 1 1 1 1 55 101 26 1 200 161 1 0 0 1 0 1 6 24 1 0 0 1 1 1 7 143 172 172 170 118 1 1 1 1 1 1 0 1 1 1 0 1 1 1 1 1 1 1 1 1 1 1 1 0 1 0 1 4 162 3 1 1 1 1 0 0 1 1 15 1 1 2 2 2 1 0 0 1 1 2 2 1 1 1 1 45 2 0 1 20 1 0 0 0 0 1 1 1 1 2 4 1 0 0 0 0 1 1 1 1 1 1 1 87 225 173 174 53 1 0 0 0 0 0 0 0 0 0 0 0 0 0 0 0 0 0 0 0 0 1 141 2 5 1 1 4 164 239 1 0 0 0 1 0 0 0 1 0 0 0 0 0 0 0 0 0 0 0 0 0 0 0 0 0 0 0 0 0 0 0 0 0 0 0 0 0 0 0 0 1 228 180 1 0 0 0 0 0 1 1 0 0 0 0 0 0 0 0 1 4 164 33 1 1 2 82 71 1 0 0 0 1 0 1 1 0 1 1 2 1 163 1 0 1 1 0 0 0 5 1 1 0 204 24 1 11 102 65 1 0 0 0 1 1 0 0 0 13 177 1 0 0 0 1 1 1 1 1 255 122 1 1 1 2 85 171 165 58 2 1 1 1 1 1 1 2 72 243 255 255 255 194 3 2 1 1 1 1 1 1 1 1 63 1 0 0 0 0 0 0 0 0 0 1 1 1 0 0 0 0 0 0 0 0 0 0 0 0 0 1 1 1 2 32 0 0 0 0 0 0 0 0 0 0 0 1 1 4 6 6 7 7 6 3 1 0 0 0 0 0 0 0 0 0 0 0 0 0 0 0 0 0 0 0 0 0 0 0 0 0 2 1 0 0 0 0 0 0 0 0 0 0 0 0 0 0 0 0 0 0 0 0 0 0 0
0 0 0 1 6 38 1 0 0 0 1 2 1 1 0 0 26 1 0 0 0 0 0 0 11 1 3 1 0 1 1 0 0 0 0 0 0 0 1 1 1 1 3 20 9 1 1 0 1 1 29 1 1 1 1 1 1 1 1 1 1 1 1 23 155 199 201 193 155 132 138 174 202 207 212 217 209 183 200 188 64 1 1 39 76 46 1 1 1 2 13 2 10 9 1 0 0 2 26 2 1 1 0 1 1 1 1 1 1 1 0 0 1 48 92 158 203 1 0 0 1 1 1 45 1 1 1 7 144 171 172 164 90 1 1 1 1 1 0 0 1 1 1 0 0 1 1 1 1 1 1 1 1 0 1 1 1 1 1 1 1 1 1 1 6 158 2 0 0 0 1 1 0 1 1 19 3 1 1 1 1 3 2 2 2 2 1 1 1 0 1 1 1 56 0 0 4 6 0 0 1 1 1 1 1 0 1 2 1 0 0 0 1 1 102 172 172 171 171 170 171 209 61 1 1 0 0 0 0 0 0 0 0 0 0 0 0 0 0 0 0 0 0 0 0 1 1 69 104 1 1 1 2 150 241 1 0 0 0 1 0 0 0 1 0 0 0 0 0 0 0 0 0 0 0 0 0 0 0 0 0 0 0 0 0 0 0 0 0 0 0 0 0 0 0 1 1 243 1 1 0 0 0 0 0 1 1 0 0 0 0 0 0 0 0 0 1 1 152 69 1 1 1 83 66 1 0 0 1 0 1 1 0 0 0 1 2 165 1 0 1 1 1 0 0 1 4 4 5 11 210 1 0 1 67 91 48 1 0 0 1 0 0 1 182 2 0 0 0 1 1 1 1 1 1 255 83 29 248 255 255 255 255 255 255 255 255 255 255 255 255 255 255 255 255 219 74 90 5 1 1 1 1 1 1 0 0 1 1 38 5 0 0 0 0 0 0 0 1 1 1 0 0 0 0 0 0 0 0 0 0 0 0 0 1 1 1 0 0 0 15 8 0 0 0 0 0 1 2 6 7 7 7 5 2 1 0 0 0 0 0 0 0 0 0 0 0 0 0 0 0 0 0 0 0 0 0 0 0 0 0 0 0 0 0 0 0 2 0 0 0 0 0 0 0 0 0 0 0 0 0 0 0 0 0 0 0 0 0 0 0 0
0 0 0 1 3 9 10 1 1 1 2 1 0 0 0 1 27 1 0 0 0 0 0 1 12 0 1 3 2 1 1 1 0 1 1 1 1 3 3 2 6 5 1 1 0 0 0 1 1 1 28 1 0 1 1 1 1 1 1 8 146 196 201 195 141 4 1 1 1 1 1 1 1 1 1 2 8 8 1 53 186 203 190 83 66 3 9 22 21 2 12 1 1 1 1 1 2 22 1 1 1 1 1 0 0 1 1 1 1 1 0 0 0 1 2 146 227 1 1 1 1 1 53 24 155 171 173 164 69 1 1 1 1 1 0 0 0 0 0 0 1 1 1 1 0 1 1 1 1 1 1 1 1 0 0 1 1 1 1 1 1 1 3 8 2 94 95 0 0 0 0 1 1 1 1 9 1 1 1 1 1 1 1 1 0 1 1 0 1 1 1 1 0 56 1 1 1 20 1 1 1 1 0 0 0 0 0 1 1 1 0 1 11 167 127 1 1 1 1 2 5 12 203 1 0 0 0 0 0 0 0 0 0 0 0 0 0 0 0 0 0 0 0 1 1 0 2 107 52 0 1 1 2 144 241 2 0 0 0 1 0 0 0 1 0 0 0 0 0 0 0 0 0 0 0 0 0 0 0 0 0 0 0 0 0 0 0 0 0 0 0 0 0 0 1 1 210 207 1 0 0 0 0 0 0 0 1 0 0 0 0 0 0 0 0 0 1 1 1 138 94 1 0 1 61 93 1 0 1 1 1 0 0 0 0 0 1 163 1 1 1 1 1 0 0 0 1 0 0 1 191 116 0 1 39 1 15 94 48 1 1 0 1 10 177 0 0 0 1 1 0 1 1 1 1 255 255 255 253 144 4 14 14 13 20 57 14 21 79 112 66 28 16 14 3 1 1 1 75 0 0 0 0 1 1 0 0 0 0 3 44 0 0 0 0 0 0 1 1 0 0 0 0 0 0 0 0 0 0 0 0 0 1 1 1 0 0 0 0 0 0 45 1 1 1 6 6 6 3 1 1 1 0 0 0 0 0 0 0 0 0 0 0 0 0 0 0 0 0 0 0 0 0 0 0 0 0 0 0 0 0 0 0 0 0 0 1 2 0 0 0 0 0 0 0 0 0 0 0 0 0 0 0 0 0 0 0 0 0 0 0 0
0 0 1 4 1 0 10 10 1 1 1 1 0 0 0 5 8 0 0 0 0 0 0 7 1 0 0 0 1 3 3 4 3 3 3 3 2 1 0 0 1 1 0 0 0 1 1 1 1 1 10 2 1 1 1 8 138 196 201 196 150 6 1 1 1 1 1 1 1 1 0 0 0 1 1 1 1 13 1 1 1 1 42 184 208 203 124 20 9 15 4 1 0 0 0 1 29 1 0 0 0 1 1 1 1 0 1 1 1 1 1 0 0 1 0 2 237 168 123 115 169 184 175 159 29 1 1 1 1 1 0 0 1 2 0 0 0 0 0 0 1 1 1 1 1 1 1 1 1 1 1 1 1 1 0 0 1 1 1 1 1 10 3 1 1 1 155 1 0 0 0 0 1 0 1 9 1 0 0 0 0 0 0 0 0 0 1 0 1 1 1 1 1 3 39 0 1 27 1 1 0 0 0 0 0 0 0 0 1 2 13 134 165 5 1 1 1 1 0 1 0 1 210 1 0 0 0 0 0 0 0 0 0 0 0 0 0 0 0 0 0 0 0 0 0 1 7 142 1 0 1 1 1 140 241 2 0 0 0 1 0 0 0 1 0 0 0 0 0 0 0 0 0 0 0 0 0 0 0 0 0 0 0 0 0 0 0 0 0 0 0 0 0 0 1 1 244 1 1 0 0 0 0 0 0 0 0 0 0 0 0 0 0 0 0 0 1 1 1 1 138 78 0 0 1 34 110 2 1 1 1 0 0 0 0 0 76 164 15 1 1 1 0 0 0 1 1 0 0 0 1 210 2 20 4 0 0 1 16 90 94 93 92 193 13 1 0 1 1 1 2 154 242 247 247 250 220 1 1 1 1 1 1 1 1 22 1 2 2 3 2 1 2 1 1 1 1 0 54 4 0 0 0 1 1 0 0 0 0 1 58 0 0 0 0 0 0 0 0 0 0 0 0 0 0 0 0 0 0 0 1 1 1 0 0 0 0 0 0 0 0 22 16 6 4 1 0 0 0 0 0 0 0 0 0 0 0 0 0 0 0 0 0 0 0 0 0 0 0 0 0 0 0 0 0 0 0 0 0 0 0 0 0 0 0 0 2 1 0 0 0 0 0 0 0 0 0 0 0 0 0 0 0 0 0 0 0 0 0 0 0 0
0 1 1 3 1 0 0 15 5 0 0 1 1 1 0 27 1 0 0 0 0 0 1 12 1 0 0 0 0 0 0 1 0 0 0 0 0 0 0 0 1 1 1 1 1 2 1 1 1 1 1 61 141 193 201 196 152 9 1 1 1 1 1 1 1 1 0 0 0 1 0 0 0 0 1 1 1 13 1 0 0 1 1 1 1 25 225 148 105 1 8 1 0 0 1 10 4 1 0 0 0 0 1 1 1 1 1 0 1 1 1 1 0 1 0 1 235 13 123 135 24 1 1 1 1 1 0 0 0 0 0 0 1 2 0 0 0 0 0 0 1 1 1 1 1 1 1 1 1 1 1 1 1 1 1 1 1 1 1 3 7 1 1 1 1 10 167 1 0 0 0 0 1 1 1 7 1 0 0 0 0 0 0 1 1 1 1 1 1 1 0 1 0 0 59 1 14 2 0 0 0 0 0 0 0 1 1 1 7 30 161 104 2 1 1 1 1 1 1 1 1 1 210 1 0 0 0 0 0 0 0 0 0 0 0 0 0 0 0 0 0 1 1 4 87 146 154 8 1 1 1 1 1 138 242 2 1 0 0 1 0 0 0 1 0 0 0 0 0 0 0 0 0 0 0 0 0 0 0 0 0 0 0 0 0 0 0 0 0 0 0 0 0 0 1 175 232 1 1 0 0 0 0 0 0 0 0 0 0 0 0 0 0 0 0 1 1 0 0 0 14 160 0 0 0 1 12 119 6 1 1 0 0 0 0 1 172 13 60 99 102 97 2 1 0 1 1 0 0 0 1 21 208 47 1 0 0 0 1 1 1 48 244 244 242 163 166 222 242 245 247 242 162 5 2 113 11 1 1 1 0 1 1 0 0 18 1 0 0 1 0 0 2 1 0 0 0 0 1 72 1 1 1 1 1 0 0 0 0 0 54 1 0 0 0 0 0 0 0 0 0 0 0 0 0 0 0 0 1 1 1 1 0 0 0 0 0 0 0 0 0 18 10 0 0 0 0 0 0 0 0 0 0 0 0 0 0 0 0 0 0 0 0 0 0 0 0 0 0 0 0 0 0 0 0 0 0 0 0 0 0 0 0 0 0 1 2 0 0 0 0 0 0 0 0 0 0 0 0 0 0 0 0 0 0 0 0 0 0 0 0 0
1 1 4 1 1 0 1 14 4 1 1 1 1 1 1 28 1 0 0 0 0 0 3 4 1 0 0 0 0 0 0 1 0 0 0 0 0 0 0 0 1 2 2 2 1 1 1 3 117 181 195 203 138 9 1 1 42 85 92 95 95 95 90 83 80 46 2 1 1 1 0 0 0 0 0 1 1 13 1 0 0 0 0 1 1 150 175 1 88 81 2 4 1 1 1 12 4 0 0 0 0 1 1 0 1 1 1 0 0 1 2 1 0 1 0 1 230 78 1 1 1 1 1 0 0 0 0 0 0 0 0 1 1 2 1 0 0 0 0 1 1 1 1 1 1 1 1 1 1 0 1 1 1 1 1 1 1 1 0 7 1 1 1 1 142 147 73 1 0 0 0 0 0 0 1 2 5 0 0 0 0 0 0 0 0 0 0 0 1 1 1 1 0 0 57 14 3 0 0 0 0 0 0 0 1 1 9 14 138 160 7 1 1 2 1 1 0 0 0 0 0 1 210 1 0 0 0 0 0 0 0 0 0 0 0 0 0 0 0 0 1 121 154 145 83 4 1 1 1 1 1 5 1 135 242 1 1 1 0 1 0 0 0 1 0 0 0 0 0 0 0 0 0 0 0 0 0 0 0 0 0 0 0 0 0 0 0 0 0 0 0 0 0 0 1 240 67 1 0 0 0 0 0 0 0 0 0 0 0 0 0 0 0 0 0 1 1 0 0 0 86 128 0 0 1 1 1 4 115 20 1 1 1 1 1 1 179 1 1 1 0 2 100 71 1 1 0 0 0 0 1 1 175 211 1 0 0 0 0 0 1 244 46 1 53 234 234 189 23 1 8 33 1 1 1 91 22 1 0 1 0 1 1 0 0 1 19 0 0 1 0 0 1 1 0 0 0 0 0 61 2 0 1 1 1 0 0 0 0 0 2 47 0 0 0 0 0 0 0 0 0 0 0 0 0 0 0 1 1 1 0 0 0 0 0 0 0 0 0 0 0 5 28 0 0 0 0 0 0 0 0 0 0 0 0 0 0 0 0 0 0 0 0 0 0 0 0 0 0 0 0 0 0 0 0 0 0 0 0 0 0 0 0 0 0 2 1 0 0 0 0 0 0 0 0 0 0 0 0 0 0 0 0 0 0 0 0 0 0 0 0 1
3 3 1 0 1 1 10 4 1 1 1 1 1 1 17 2 1 1 1 1 0 1 12 1 1 1 0 0 0 0 1 1 0 0 0 0 0 0 0 0 1 1 1 1 43 176 190 186 145 10 35 165 1 1 80 98 33 3 1 1 1 1 3 1 1 14 74 35 1 1 1 0 0 1 1 1 1 9 2 1 0 0 0 0 1 215 1 1 1 126 8 1 7 1 1 30 1 0 0 0 0 0 0 0 0 1 1 1 1 1 1 2 1 1 0 1 206 179 0 0 0 1 1 0 0 0 0 0 1 1 1 1 1 1 1 0 0 0 1 1 0 1 1 1 1 1 1 0 0 0 1 1 0 1 1 1 0 1 0 2 3 1 0 1 125 67 5 1 1 0 1 1 1 1 1 1 9 1 1 1 1 0 0 0 0 0 0 0 1 1 1 1 1 1 83 8 0 0 0 0 0 0 0 1 3 20 145 163 57 1 1 0 0 1 1 1 1 0 0 0 0 1 210 0 0 0 0 0 0 0 1 1 0 0 0 0 0 0 1 62 145 32 3 17 24 2 0 0 0 0 3 45 1 130 242 2 1 2 1 1 0 0 0 1 0 0 0 0 0 0 0 0 0 0 0 0 0 0 0 0 0 0 0 0 0 0 0 0 0 0 0 0 0 0 1 244 1 0 0 0 0 0 0 0 0 0 0 0 0 0 0 0 0 0 0 0 0 0 0 0 160 16 1 1 1 1 0 1 2 161 187 178 181 168 176 193 158 98 50 1 1 1 1 11 107 9 1 0 0 0 1 1 152 55 209 1 0 0 0 1 8 244 1 1 1 2 1 1 0 0 1 66 1 4 5 1 114 3 1 1 0 1 1 1 0 0 13 2 0 1 0 0 0 2 1 0 0 0 0 2 65 0 1 1 1 0 0 1 1 1 1 60 0 0 0 0 0 0 0 0 0 0 0 0 0 1 1 1 0 0 0 0 0 0 0 0 0 0 0 0 0 1 53 0 0 0 0 0 0 0 0 0 0 0 0 0 0 0 0 0 0 0 0 0 0 0 0 0 0 0 0 0 0 0 0 0 0 0 0 0 0 0 0 0 0 2 0 0 0 0 0 0 0 0 0 0 0 0 0 0 0 0 0 0 0 0 0 1 2 3 3 3
1 1 1 1 1 8 5 0 1 1 1 1 1 3 13 0 0 0 1 1 1 2 8 1 1 1 1 1 1 1 1 1 1 0 0 0 0 0 1 1 1 1 35 181 176 42 1 1 1 1 1 184 99 111 25 7 9 7 2 1 1 1 1 2 1 1 1 39 21 1 2 1 1 1 1 1 1 4 7 5 1 0 0 1 145 187 4 1 1 2 130 8 1 8 6 9 0 0 0 0 0 0 0 0 0 0 1 1 2 1 1 1 2 1 0 1 188 202 0 0 0 0 0 0 0 1 1 1 1 1 1 0 0 1 1 1 1 1 1 0 0 0 1 1 1 0 0 0 0 0 0 1 0 1 1 1 0 0 1 4 1 1 0 1 1 129 151 115 1 1 1 1 1 1 1 1 9 0 0 1 1 1 1 1 0 0 0 0 0 0 1 0 1 9 89 0 0 0 0 0 0 0 1 9 134 160 37 1 1 1 1 0 0 1 0 1 1 1 0 0 0 1 210 0 0 0 0 0 1 1 1 0 0 0 0 0 0 1 129 98 2 42 18 1 77 61 16 3 0 0 1 37 1 121 243 2 1 1 1 1 0 0 0 1 0 0 0 0 0 0 0 0 0 0 0 0 0 0 0 0 0 0 0 0 0 0 0 0 0 0 0 0 0 1 54 241 0 0 0 0 0 0 0 0 0 0 0 0 0 0 0 0 0 0 0 0 0 0 0 1 175 1 0 1 1 1 1 1 11 172 76 226 166 96 95 1 1 3 19 97 62 1 0 1 1 78 90 1 0 0 1 6 140 1 65 209 2 1 1 1 180 236 1 0 0 1 1 1 1 1 1 81 11 2 0 0 4 102 105 64 1 0 1 1 0 0 1 21 0 1 0 0 0 1 1 0 0 1 1 1 74 1 1 1 1 1 1 1 0 0 0 19 14 0 0 0 0 0 0 0 0 0 0 1 1 1 0 0 0 0 0 0 0 0 0 0 0 0 0 0 0 0 55 0 0 0 0 0 0 0 0 0 0 0 0 0 0 0 0 0 0 0 0 0 0 0 0 0 0 0 0 0 0 0 0 0 0 0 0 0 0 0 0 0 1 2 0 0 0 0 0 0 0 0 0 0 0 0 0 0 0 0 0 0 0 1 3 3 2 1 0 0
1 1 1 1 1 19 1 1 1 1 1 1 1 30 1 1 0 0 0 0 6 7 1 1 1 0 0 0 0 1 1 0 0 0 0 0 1 1 1 1 14 180 176 17 1 4 6 9 12 14 112 199 14 1 1 1 1 1 3 9 9 9 9 9 1 1 1 13 69 2 1 1 2 2 1 1 1 1 1 13 1 0 1 1 209 3 52 50 1 1 2 127 94 11 27 1 0 0 0 0 0 0 0 0 0 0 1 0 1 1 1 1 1 2 1 1 146 223 1 0 0 1 1 1 1 1 1 1 0 0 0 0 0 1 1 1 1 1 0 0 0 0 1 1 1 0 0 0 0 1 1 1 1 1 1 1 1 1 1 5 1 1 0 0 1 1 1 106 89 1 1 0 0 0 1 1 7 0 0 0 0 1 1 1 1 0 0 0 0 0 1 1 1 112 1 0 0 0 0 0 0 1 9 132 87 1 1 1 0 0 1 1 1 1 0 0 1 2 1 0 0 3 208 0 0 1 1 1 1 0 0 0 0 0 1 1 111 146 22 1 1 7 4 0 1 61 15 8 4 0 1 31 1 112 243 6 1 0 1 1 0 0 0 1 0 0 0 0 0 0 0 0 0 0 0 0 0 0 0 0 0 0 0 0 0 0 0 0 0 0 0 0 0 1 223 195 0 0 0 0 0 0 0 0 0 0 0 0 0 0 0 0 0 0 0 0 0 0 0 98 122 1 1 61 176 219 242 243 242 235 234 197 212 220 206 217 222 222 220 161 14 99 6 0 0 1 4 107 26 1 1 129 19 0 0 65 209 2 1 1 239 164 1 1 0 1 2 1 1 1 1 71 5 1 0 0 0 2 1 22 57 1 0 1 1 0 0 12 2 1 0 0 0 0 2 1 1 1 0 1 74 0 1 1 1 0 0 0 0 0 0 1 63 0 0 0 0 0 0 0 0 1 1 1 0 0 0 0 0 0 0 0 0 0 0 0 0 0 0 0 0 0 12 16 0 0 0 0 0 0 0 0 0 0 0 0 0 0 0 0 0 0 0 0 0 0 0 0 0 0 0 0 0 0 0 0 0 0 0 0 0 0 0 0 2 1 0 0 0 0 0 0 0 0 0 0 0 0 0 0 0 0 0 1 3 3 1 0 0 0 0 0
1 0 1 1 1 1 14 3 1 1 1 1 26 1 1 1 1 1 1 1 11 1 0 1 1 1 0 0 0 0 0 0 0 0 1 1 1 1 6 170 181 33 2 132 150 145 140 138 134 126 34 167 3 1 1 1 2 1 1 1 1 1 1 11 1 38 64 41 2 1 1 1 1 1 2 3 2 1 1 3 11 2 1 145 178 1 1 4 71 1 1 1 63 147 78 1 1 1 1 0 0 0 0 0 0 0 1 1 0 1 1 1 1 1 3 2 45 230 1 1 1 1 1 1 0 0 0 0 0 0 0 0 0 1 1 1 1 1 0 0 0 0 0 1 1 1 1 1 1 1 1 0 1 0 0 1 1 0 1 1 8 1 0 0 0 1 1 1 140 20 1 0 0 0 1 2 4 0 0 0 0 0 0 0 1 0 0 1 1 1 1 2 36 67 0 0 0 0 0 1 7 9 144 99 1 1 0 0 0 0 0 0 0 1 1 1 0 1 1 1 1 12 207 1 1 1 0 0 0 0 0 1 3 134 152 150 58 2 1 0 0 1 13 1 0 9 34 1 13 13 2 32 1 92 246 27 1 1 0 1 0 0 0 1 0 0 0 0 0 0 0 0 0 1 1 0 0 0 0 0 0 0 0 0 0 0 0 0 0 0 0 0 0 1 244 5 0 0 0 0 0 0 0 0 0 0 0 0 0 0 0 0 0 0 0 0 1 1 1 100 175 189 240 242 231 196 17 3 1 1 1 1 44 145 153 33 1 1 4 198 220 39 75 31 1 0 0 1 52 109 108 173 1 1 0 0 63 212 37 1 247 4 1 1 0 0 2 1 1 1 0 20 21 4 0 1 1 2 1 1 82 5 1 1 1 1 1 1 20 1 1 1 1 1 1 1 0 0 0 1 67 0 0 1 1 0 0 0 0 0 0 0 39 5 0 0 0 0 1 1 1 1 0 0 0 0 0 0 0 0 0 0 0 0 0 0 0 0 0 0 0 0 0 55 1 0 0 0 0 0 0 0 0 0 0 0 0 0 0 0 0 0 0 0 0 0 0 0 0 0 0 0 0 0 0 0 0 0 0 0 0 0 0 0 2 0 0 0 0 0 0 0 0 0 0 0 0 0 0 0 0 0 2 2 1 0 0 0 0 0 0 0
67 1 1 1 0 0 1 10 4 1 1 11 6 1 1 0 0 0 1 1 10 1 1 1 1 1 0 0 1 0 0 1 1 1 1 1 3 162 181 52 1 118 149 31 1 1 1 1 1 4 8 151 109 13 10 4 1 1 1 0 1 1 1 2 89 6 1 1 1 1 1 1 1 1 1 1 1 1 1 1 1 8 16 221 68 3 1 1 70 1 1 1 1 1 125 57 25 24 24 6 1 0 0 0 0 0 0 1 0 0 1 1 1 1 1 1 5 233 25 1 1 0 0 0 0 0 0 0 0 0 0 0 0 1 1 1 1 1 0 0 1 1 1 1 1 1 1 0 0 0 0 0 1 1 0 1 1 1 1 1 1 6 1 0 0 0 0 1 2 153 1 1 0 0 1 1 5 1 0 0 0 0 0 0 1 1 1 1 1 1 1 1 111 3 0 0 0 1 3 10 51 164 41 1 1 0 0 0 0 0 0 0 1 1 0 1 1 1 2 1 1 3 211 1 0 0 0 0 0 1 11 146 145 15 1 1 2 1 0 0 0 0 3 5 0 1 65 6 21 88 21 30 5 30 242 162 1 1 1 0 0 0 0 1 0 0 0 0 0 0 0 0 0 0 1 1 0 0 0 0 0 0 0 0 0 0 0 0 0 0 0 0 1 179 231 0 0 0 0 0 0 0 0 0 0 0 0 0 0 0 0 0 0 0 0 1 1 1 71 211 233 224 73 1 1 1 1 1 1 1 1 1 1 13 143 14 1 1 11 21 22 218 156 42 66 1 0 1 1 1 1 191 1 0 1 1 1 7 209 212 247 1 1 0 0 0 1 2 1 0 0 1 79 4 2 2 2 2 1 1 1 103 1 0 1 1 0 1 11 2 0 0 0 0 0 2 1 0 0 21 19 1 1 0 1 0 0 0 0 0 0 0 1 60 0 0 1 1 1 1 0 0 0 0 0 0 0 0 0 0 0 0 0 0 0 0 0 0 0 0 0 0 0 6 27 0 0 0 0 0 0 0 0 0 0 0 0 0 0 0 0 0 0 0 0 0 0 0 0 0 0 0 0 0 0 0 0 0 0 0 0 0 0 1 2 0 0 0 0 0 0 0 0 0 0 0 0 0 0 0 0 1 2 0 0 0 0 0 0 0 0 0
187 182 4 1 0 0 0 1 10 3 1 37 1 1 1 1 1 1 1 2 4 0 1 1 1 1 1 1 1 0 1 1 1 1 2 153 183 71 1 7 146 61 1 1 1 1 1 1 1 1 1 29 149 0 0 0 1 0 0 0 0 0 0 25 52 1 0 1 1 1 0 0 0 1 1 1 1 3 1 1 1 1 55 214 7 62 83 37 75 1 1 1 1 0 1 125 1 1 1 7 25 1 0 0 0 0 0 1 0 0 0 1 1 1 1 1 2 207 176 1 0 0 0 0 0 0 0 1 1 0 0 1 1 1 1 1 1 1 1 1 1 1 1 1 1 0 0 0 0 0 0 0 1 1 0 1 1 1 1 1 1 2 4 1 0 0 0 1 1 52 126 1 1 1 1 135 161 6 1 1 0 0 0 1 1 1 1 0 1 1 1 1 110 4 1 1 1 9 5 143 141 1 1 0 0 0 0 0 0 0 0 0 0 0 0 0 1 1 1 1 12 6 207 2 0 0 0 1 30 134 114 24 1 1 1 1 1 1 1 0 0 0 0 17 13 17 12 3 12 7 5 45 10 1 194 236 1 1 1 0 0 0 0 1 0 0 0 0 0 0 0 0 0 0 0 1 1 0 0 0 0 0 0 0 0 0 0 0 0 0 0 0 98 248 3 0 0 0 0 0 0 0 0 0 0 0 0 0 0 0 0 0 0 1 1 3 211 230 219 144 1 1 1 1 1 1 1 1 1 1 0 1 1 1 5 132 44 13 21 40 6 2 203 221 111 90 1 1 1 1 171 57 0 1 1 0 0 1 1 222 159 60 17 1 0 1 1 2 1 1 1 1 6 66 1 1 1 1 1 1 1 15 60 0 0 1 0 0 1 19 0 0 0 0 0 1 1 0 0 66 2 1 1 0 1 0 0 0 0 0 0 0 0 58 2 1 1 0 0 0 0 0 0 0 0 0 0 0 0 0 0 0 0 0 0 0 0 0 0 0 0 0 0 0 53 1 0 0 0 0 0 0 0 0 0 0 0 0 0 0 0 0 0 0 0 0 0 0 0 0 0 0 0 0 0 0 0 0 0 0 0 0 0 2 1 0 0 0 0 0 0 0 0 0 0 0 0 0 0 0 0 3 0 0 0 0 0 0 0 0 0 0
1 86 201 123 1 0 1 1 1 15 2 31 0 0 1 1 0 1 1 10 1 0 1 1 1 1 1 1 1 1 1 1 1 143 181 89 1 1 11 144 4 1 1 1 1 1 1 1 1 0 1 1 166 0 1 1 1 1 1 1 1 2 3 18 119 64 1 1 1 1 0 0 0 0 0 0 1 1 2 2 1 1 207 70 1 1 1 36 102 72 10 1 1 1 1 19 102 1 1 1 1 26 6 1 0 0 0 1 0 0 0 1 1 1 1 1 9 219 150 0 0 0 0 0 0 0 0 1 1 1 1 1 1 1 1 1 0 1 0 0 0 1 1 1 1 0 0 0 0 0 0 0 1 1 1 1 1 1 1 1 1 1 14 1 1 1 0 1 1 3 155 11 9 107 157 45 23 161 142 1 1 0 0 0 0 0 0 0 1 4 168 170 197 142 9 9 10 125 165 39 1 1 0 0 0 0 0 0 0 0 0 0 0 0 1 1 1 1 7 11 1 0 148 171 1 1 60 134 95 1 1 10 3 1 1 0 0 0 1 0 0 0 0 1 1 0 4 6 1 1 11 3 1 1 142 242 1 1 1 0 0 0 0 1 0 0 0 0 0 0 0 0 0 0 0 0 1 1 0 0 0 0 0 0 0 0 0 0 0 0 0 1 251 232 169 1 0 0 0 0 0 0 0 0 0 0 0 0 0 0 0 0 1 1 163 228 142 1 1 1 1 1 1 0 0 0 0 1 1 1 0 0 0 1 1 2 116 69 1 1 44 22 1 11 213 216 131 4 1 18 180 1 1 1 0 0 0 1 167 213 1 1 15 61 3 1 0 1 3 1 1 0 0 75 4 0 0 0 0 1 1 1 75 8 1 1 0 0 0 10 3 0 0 0 0 0 2 1 1 70 1 1 1 0 1 1 0 0 0 0 0 0 0 3 48 0 0 0 0 0 0 0 0 0 0 0 0 0 0 0 0 0 0 0 0 0 0 0 0 0 0 0 0 0 2 42 0 0 0 0 0 0 0 0 0 0 0 0 0 0 0 0 0 0 0 0 0 0 0 0 0 0 0 0 0 0 0 0 0 0 0 0 0 2 0 0 0 0 0 0 0 0 0 0 0 0 0 0 0 0 0 3 0 0 0 0 0 0 0 0 0 0
1 1 1 170 185 2 1 0 0 1 79 1 0 1 1 1 0 0 1 9 1 0 1 1 1 1 1 1 1 1 1 139 181 107 1 1 1 1 148 2 1 0 0 0 1 1 1 0 0 0 0 1 175 1 1 1 2 3 3 3 2 1 1 1 1 42 94 1 1 1 1 1 1 0 0 1 1 1 1 1 4 5 221 1 0 0 1 1 2 87 121 101 76 43 25 7 146 72 1 0 1 1 8 12 1 0 1 1 1 0 1 1 1 1 1 1 146 223 1 0 1 1 0 0 0 1 1 1 1 1 1 1 1 1 0 0 1 1 0 0 1 1 1 1 1 1 0 0 0 1 1 1 1 1 1 1 1 1 1 1 1 10 5 1 1 1 1 1 8 145 51 1 7 143 1 1 1 1 50 168 97 1 1 0 0 0 0 1 1 168 2 1 25 198 163 165 164 83 1 1 0 0 0 0 0 0 0 0 0 0 1 1 1 1 1 1 3 14 2 0 0 0 1 211 120 134 66 1 0 0 0 1 20 0 0 1 0 0 1 1 0 0 0 0 0 1 1 18 1 17 3 1 1 1 52 246 4 1 1 1 0 0 0 1 0 0 0 0 0 0 0 0 0 0 0 0 0 1 1 0 0 0 0 0 0 0 0 0 0 0 1 238 238 1 204 173 1 0 0 0 0 0 0 0 0 0 0 0 0 0 0 1 2 210 206 2 1 1 1 1 0 0 0 0 0 0 0 1 1 0 0 0 0 1 1 1 1 71 43 1 1 18 74 60 1 73 221 209 17 187 2 1 1 0 0 0 1 9 232 2 1 0 1 2 52 27 1 0 2 1 1 0 0 1 88 1 0 0 0 1 1 1 1 105 1 0 0 0 0 1 20 0 0 0 1 1 1 3 63 9 0 1 1 0 1 1 0 0 0 0 0 0 0 0 57 1 0 0 0 0 0 0 0 0 0 0 0 0 0 0 0 0 0 0 0 0 0 0 0 0 0 0 0 0 0 55 1 0 0 0 0 0 0 0 0 0 0 0 0 0 0 0 0 0 0 0 0 0 0 0 0 0 0 0 0 0 0 0 0 0 0 0 1 2 0 0 0 0 0 0 0 0 0 0 0 0 0 0 0 0 0 3 0 0 0 0 0 0 0 0 0 0
0 1 1 1 94 194 23 1 1 23 33 0 0 0 1 1 0 0 1 9 0 0 1 1 1 1 1 1 1 135 183 114 1 1 1 1 1 138 24 1 0 0 0 1 1 0 1 1 1 1 1 1 173 4 3 2 1 1 0 0 1 0 0 0 0 1 17 115 109 77 17 3 2 1 1 1 1 1 1 1 1 158 182 1 1 0 0 0 0 1 3 62 99 80 11 43 1 153 8 1 0 0 1 6 10 1 1 0 1 1 1 1 1 1 1 1 203 183 1 0 1 1 1 1 1 1 1 1 1 1 1 1 0 0 0 1 1 0 0 0 1 1 0 1 1 1 1 1 1 1 1 1 1 1 1 0 1 1 1 5 14 3 1 1 36 141 67 139 133 56 1 1 3 140 1 0 1 1 1 1 122 169 49 1 1 1 1 1 158 73 1 1 1 123 1 1 1 1 0 0 0 0 0 0 0 1 1 1 1 1 1 1 1 1 1 13 5 0 0 1 1 2 2 220 29 1 1 0 0 0 0 0 17 1 1 1 0 0 0 1 1 0 0 0 1 1 1 27 37 9 5 5 6 3 1 237 185 1 1 1 0 0 0 1 0 0 0 0 0 0 0 0 0 0 0 0 0 0 1 1 0 0 0 0 0 0 0 0 1 1 222 249 1 1 1 203 178 1 1 1 0 0 0 0 0 0 0 1 1 1 1 9 221 150 1 1 1 0 0 0 0 0 0 0 0 0 0 0 0 0 0 0 0 1 1 1 1 1 48 67 1 1 1 3 76 1 1 180 236 200 1 1 1 0 0 0 1 222 106 1 0 0 1 1 1 11 59 2 38 2 0 0 0 1 90 1 1 1 1 1 1 1 1 104 1 1 1 2 3 4 39 48 51 56 73 73 75 62 1 1 1 1 0 0 1 1 0 0 0 0 0 0 0 0 1 56 0 0 0 0 0 0 0 0 0 0 0 0 0 0 0 0 0 0 0 0 0 0 0 0 0 0 0 0 0 10 19 0 0 0 0 0 0 0 0 0 0 0 0 0 0 0 0 0 0 0 0 0 0 0 0 0 0 0 0 0 0 0 0 0 0 0 2 1 0 0 0 0 0 0 0 0 0 0 0 0 0 0 0 0 0 3 0 0 0 0 0 0 0 0 0 0
0 0 1 2 1 18 194 89 4 63 1 1 0 0 1 0 0 0 1 9 1 1 1 1 1 1 1 138 183 119 1 1 1 1 120 145 152 45 1 0 0 1 1 1 0 0 1 1 1 1 0 1 157 23 0 0 0 0 0 0 1 0 0 0 1 1 1 1 2 25 90 110 113 115 115 104 58 7 1 1 2 217 3 2 0 0 0 0 0 0 1 1 1 113 1 1 1 2 155 4 1 1 0 1 6 24 1 0 1 1 1 1 1 1 1 1 233 31 1 1 1 1 1 1 1 1 1 1 1 1 1 1 1 1 1 1 1 0 0 0 1 1 1 1 1 1 1 1 1 1 1 1 1 1 1 1 1 10 14 4 1 1 32 168 164 104 167 31 1 3 14 2 20 133 1 0 0 1 1 1 1 1 147 152 2 1 91 170 29 1 0 0 0 64 40 1 1 0 0 0 0 0 0 1 1 1 1 1 1 1 3 4 4 10 33 1 0 1 1 2 2 1 0 140 201 1 1 1 0 0 0 0 1 19 1 1 1 1 1 1 1 1 0 1 3 8 12 3 1 1 0 1 1 2 6 153 242 1 1 1 1 0 0 1 1 0 0 0 0 0 0 0 0 0 0 0 0 0 0 1 1 0 0 0 0 0 0 1 1 213 244 123 0 0 0 1 201 181 1 1 1 1 1 0 0 0 0 1 1 1 23 223 62 1 0 0 0 0 0 0 0 0 0 0 0 0 0 0 0 0 0 0 0 1 0 0 0 0 1 22 85 1 0 1 1 75 1 1 11 226 229 35 1 1 0 1 194 199 1 0 0 1 1 0 1 1 1 55 103 1 0 0 0 1 91 1 1 1 1 0 0 1 1 104 3 5 3 2 1 1 56 4 1 3 2 1 1 1 1 1 1 0 0 0 1 0 0 0 0 0 0 0 0 0 0 33 6 0 0 0 0 0 0 0 0 0 0 0 0 0 0 0 0 0 0 0 0 0 0 0 0 0 0 0 0 1 55 0 0 0 0 0 0 0 0 0 0 0 0 0 0 0 0 0 0 0 0 0 0 0 0 0 0 0 0 0 0 0 0 0 0 0 2 0 0 0 0 0 0 0 0 0 0 0 0 0 0 0 0 0 0 3 0 0 0 0 0 0 0 0 0 0
0 0 1 2 1 1 3 182 186 2 1 1 1 1 1 1 1 1 1 6 1 1 1 1 7 159 181 112 1 1 1 1 82 150 56 6 1 1 1 1 1 0 0 0 0 0 0 1 0 0 0 0 58 147 0 0 0 0 0 0 1 1 0 1 1 1 0 0 1 1 1 1 1 1 1 3 40 92 107 108 197 151 1 2 0 0 0 0 0 0 0 0 1 103 1 0 1 1 3 154 19 1 0 0 1 1 34 10 1 7 20 26 21 19 23 26 236 20 1 1 1 1 1 1 1 1 1 1 0 0 0 1 1 1 1 1 1 1 1 1 1 4 4 1 1 1 1 1 1 3 3 3 6 5 3 11 12 2 1 1 5 146 164 12 1 1 1 114 2 1 1 10 2 128 1 1 1 1 1 1 1 1 1 38 168 168 128 1 1 0 0 0 0 1 121 1 0 0 0 1 0 0 1 1 1 1 1 1 1 3 1 1 1 11 1 5 2 2 2 1 0 0 0 1 225 1 0 0 0 0 0 0 0 17 4 11 12 8 8 6 12 1 2 8 2 0 3 1 0 0 0 0 1 0 1 37 246 28 1 1 1 1 1 1 1 0 0 0 0 0 0 0 0 0 0 0 0 0 0 0 1 1 0 0 0 0 1 1 3 247 215 1 0 0 0 0 1 199 187 1 1 0 1 1 1 1 1 1 1 20 223 25 1 0 0 0 0 1 1 0 0 0 0 0 0 0 0 0 0 0 0 0 0 0 0 0 0 0 0 1 9 94 4 1 0 1 76 3 1 1 163 242 187 1 1 80 225 1 1 0 0 2 1 0 1 0 0 0 45 115 7 1 1 40 21 0 1 1 0 0 0 1 7 110 2 1 0 0 0 1 21 20 1 2 3 0 1 1 1 0 0 0 0 0 1 0 0 0 0 0 0 0 0 0 0 1 62 1 0 0 0 0 0 0 0 0 0 0 0 0 0 0 0 0 0 0 0 0 0 0 0 0 0 0 0 0 55 0 0 0 0 0 0 0 0 0 0 0 0 0 0 0 0 0 0 0 0 0 0 0 0 0 0 0 0 0 0 0 0 0 0 0 2 0 0 0 0 0 0 0 0 0 0 0 0 0 0 0 0 0 0 3 1 0 0 0 0 0 0 0 0 0
0 1 3 1 0 1 1 1 144 211 91 1 1 1 1 1 1 1 7 1 1 1 57 175 181 66 1 1 1 1 5 142 107 1 1 1 1 1 1 0 0 0 0 0 0 0 0 1 0 0 0 0 1 172 1 0 0 0 0 0 1 1 1 1 2 1 0 0 0 0 0 0 0 1 0 0 1 1 1 26 208 1 1 1 0 0 0 0 0 0 0 0 0 62 14 1 0 1 1 1 147 50 1 0 0 0 1 8 30 14 1 1 0 1 1 1 231 34 1 1 1 1 1 1 1 0 0 0 0 0 1 1 1 0 1 1 1 1 1 1 4 10 2 5 13 20 15 15 16 8 8 8 4 5 8 2 1 2 28 143 170 88 1 1 1 1 1 23 89 2 1 1 22 115 1 0 0 0 1 1 0 1 1 1 1 1 1 0 0 0 0 0 0 0 42 60 1 0 0 1 1 1 1 1 1 1 0 1 1 1 0 1 13 1 0 1 3 1 0 0 0 1 1 1 209 105 0 0 0 0 1 1 11 25 5 1 1 1 0 0 4 12 3 1 0 0 3 0 0 0 0 0 1 0 1 1 195 237 1 1 1 1 1 1 1 0 0 0 0 0 0 0 0 0 0 0 0 0 0 0 0 1 1 1 0 1 1 1 233 244 1 0 0 0 0 0 0 1 193 200 1 1 0 0 1 1 1 1 14 223 26 1 1 1 1 1 1 1 1 1 0 0 0 0 0 0 0 0 0 0 0 0 0 0 0 0 0 0 0 0 0 4 91 11 0 0 1 72 13 1 1 7 222 229 70 230 50 1 0 0 1 1 0 0 1 1 0 0 0 2 118 121 41 32 0 0 1 1 0 0 1 35 35 10 14 0 0 0 0 1 5 48 1 1 4 0 0 1 1 1 0 0 0 0 1 0 0 0 0 0 0 0 0 0 0 0 39 4 0 0 0 0 0 0 0 0 0 0 0 0 0 0 0 0 0 0 0 0 0 0 0 0 0 0 0 0 56 1 0 0 0 0 0 0 0 0 0 0 0 0 0 0 0 0 0 0 0 0 0 0 0 0 0 0 0 0 0 0 0 0 0 1 2 0 0 0 0 0 0 0 0 0 0 0 0 0 0 0 0 0 0 2 2 0 0 0 0 0 0 0 0 0
0 2 1 1 1 1 1 1 1 13 200 200 74 2 2 1 1 1 57 115 169 181 161 20 1 1 1 1 114 152 145 10 1 1 1 1 1 0 0 1 0 0 0 0 0 0 0 0 0 0 0 0 1 174 1 0 1 1 1 1 1 1 1 0 1 1 1 1 1 1 1 1 0 0 1 1 1 1 1 208 29 1 1 1 0 0 1 1 0 0 0 0 0 1 64 35 1 0 1 1 1 140 37 0 0 0 1 1 0 1 1 1 0 1 1 1 222 141 1 1 0 0 0 1 0 0 0 0 1 1 1 1 1 1 1 1 1 1 1 1 1 1 12 8 3 5 47 135 159 161 152 43 3 1 2 13 158 173 164 91 2 1 1 1 1 1 1 1 72 122 125 125 97 1 0 0 1 1 1 1 0 0 0 0 1 0 0 0 0 0 0 0 0 0 1 122 1 1 1 1 1 1 1 1 1 0 1 1 1 0 1 13 1 0 0 0 0 1 1 1 1 1 1 0 25 217 0 0 1 3 20 20 3 1 1 1 0 0 1 7 4 1 0 0 0 0 3 0 0 0 0 0 1 1 1 1 76 247 34 1 1 1 1 1 1 1 0 0 0 0 0 0 0 0 0 0 0 0 0 0 0 0 1 1 1 1 0 33 251 77 0 0 0 0 0 0 0 0 1 179 210 1 1 1 1 1 1 6 224 33 1 0 0 0 1 1 0 0 0 0 0 0 0 0 0 0 0 0 1 1 0 0 0 0 0 0 0 0 0 0 0 0 2 82 28 1 0 1 44 57 2 2 1 152 250 220 88 24 1 0 2 1 0 0 1 0 0 0 0 0 1 32 182 69 68 69 72 71 67 65 62 5 1 1 36 1 0 0 1 1 1 67 1 1 5 1 0 0 0 0 0 0 0 0 1 0 0 0 0 0 0 0 0 0 0 0 1 62 0 0 0 0 0 0 0 0 0 0 0 0 0 0 0 0 0 0 0 0 0 0 0 0 0 0 0 0 34 4 0 0 0 0 0 0 0 0 0 0 0 0 0 0 0 0 0 0 0 0 0 0 0 0 0 0 0 0 0 0 0 0 0 1 2 0 0 0 0 0 0 0 0 0 0 0 0 0 0 0 0 0 0 1 3 0 0 0 0 0 0 0 0 0
1 1 1 1 1 1 1 1 1 1 1 196 169 190 190 188 188 187 178 136 32 1 1 1 1 1 54 152 69 1 1 1 1 1 0 1 1 1 1 1 0 0 0 0 0 0 0 0 0 0 0 0 1 168 7 1 1 1 1 1 0 1 0 0 1 1 1 1 1 1 1 1 1 1 1 0 0 1 145 187 1 1 1 1 1 1 1 1 1 0 0 0 0 1 1 98 1 0 1 1 1 1 159 1 0 0 0 1 1 1 1 1 1 1 1 1 204 184 1 1 0 1 1 1 0 0 1 1 1 1 1 1 1 1 1 1 1 1 2 9 36 102 160 166 168 168 155 105 36 29 61 156 146 76 146 169 51 2 1 1 1 1 1 1 1 0 1 1 1 1 1 1 1 0 0 1 1 0 0 1 1 0 0 0 0 0 0 0 0 0 0 0 1 1 3 92 14 1 1 1 0 1 1 0 0 0 1 1 0 1 11 1 0 0 0 0 0 0 1 1 1 0 0 0 1 223 2 14 24 12 1 1 1 1 1 1 1 6 5 1 0 1 1 0 0 1 3 0 0 0 0 0 0 1 1 1 170 148 240 2 1 1 1 1 1 1 1 0 0 0 0 0 0 0 0 0 0 0 0 0 0 0 0 0 1 1 1 248 211 1 0 0 0 0 0 0 0 0 0 1 147 228 54 1 1 1 3 224 58 1 0 0 0 0 0 0 0 0 0 0 0 0 0 0 0 0 0 0 0 1 0 0 0 0 0 0 0 0 0 0 0 0 0 1 61 55 1 1 1 7 85 20 1 85 218 223 211 51 88 25 1 1 0 1 1 0 0 0 0 0 1 51 136 1 1 1 1 1 1 1 1 1 0 0 1 36 1 0 1 1 1 74 1 1 1 5 0 0 0 0 0 0 0 1 1 0 0 0 0 0 0 0 0 0 0 0 0 63 1 0 0 0 0 0 0 0 0 0 0 0 0 0 0 0 0 0 0 0 0 0 0 0 0 0 0 0 1 49 0 0 0 0 0 0 0 0 0 0 0 0 0 0 0 0 0 0 0 0 0 0 0 0 0 0 0 0 0 0 0 0 0 2 1 0 0 0 0 0 0 0 0 0 0 0 0 0 0 0 0 0 0 0 3 0 0 0 0 0 0 0 0 0
2 1 1 1 1 1 1 1 1 1 1 178 1 1 1 1 1 1 1 1 1 1 0 0 2 150 122 1 1 1 1 1 0 0 0 0 1 0 0 0 0 0 0 0 0 0 0 0 0 0 0 0 1 103 128 1 0 0 0 0 0 1 0 0 0 0 0 0 1 1 1 0 1 1 1 1 1 1 220 4 1 1 1 0 1 1 1 1 1 0 0 0 0 0 1 71 9 1 1 1 1 1 86 114 1 0 0 1 1 1 0 1 1 1 1 1 189 197 1 1 1 1 1 1 1 1 1 1 0 1 1 1 1 1 1 1 7 155 177 175 168 152 86 16 3 1 1 1 1 1 1 2 69 148 85 1 1 1 1 1 1 1 0 0 1 0 0 0 0 0 0 0 0 0 0 0 0 0 0 0 1 0 0 0 0 0 0 0 0 0 1 3 3 2 1 1 111 1 0 0 1 1 0 0 0 1 1 0 0 8 2 0 0 0 0 0 0 0 0 1 0 0 1 1 4 171 198 2 1 1 1 0 0 0 1 4 6 1 1 0 0 1 1 1 0 1 2 0 0 0 0 0 0 1 1 63 142 1 236 189 1 1 1 1 1 1 1 1 0 0 0 0 0 0 0 0 0 0 0 0 0 0 0 1 1 1 201 249 1 0 0 0 0 0 0 0 0 0 0 0 0 6 223 213 9 47 225 96 1 0 0 0 0 0 0 0 0 0 0 0 0 0 0 0 0 0 0 0 0 1 1 0 0 0 0 0 0 0 0 0 0 0 0 0 1 35 73 2 1 1 1 78 56 218 39 1 184 237 129 35 82 35 1 1 0 0 0 0 0 0 2 37 76 48 1 1 1 1 1 1 1 1 0 0 0 11 10 1 1 1 1 78 1 1 5 2 0 0 0 0 0 0 0 1 1 0 0 0 0 0 0 0 0 0 0 0 0 18 15 0 0 0 0 0 0 0 0 0 0 0 0 0 0 0 0 0 0 0 0 0 0 0 0 0 0 0 1 55 0 0 0 0 0 0 0 0 0 0 0 0 0 0 0 0 0 0 0 0 0 0 0 0 0 0 0 0 0 0 0 0 0 2 1 0 0 0 0 0 0 0 0 0 0 0 0 0 0 0 0 0 0 0 3 1 0 0 0 0 0 0 0 0
1 0 1 0 0 1 1 1 0 1 6 172 0 1 1 1 0 0 0 0 0 1 1 1 148 3 1 0 1 0 0 0 0 0 0 0 1 0 0 0 0 0 0 0 0 0 1 1 1 0 1 1 1 1 173 1 0 0 0 0 0 1 1 0 0 0 0 0 1 1 0 0 0 0 1 1 1 3 206 95 1 1 0 0 0 0 0 1 1 0 0 0 0 1 1 2 92 1 1 1 1 1 1 152 7 0 0 0 1 1 0 1 1 1 0 1 174 209 1 1 1 1 1 1 1 1 0 1 1 1 1 1 1 1 1 51 173 91 5 2 1 1 1 1 1 1 1 1 1 1 1 1 1 1 1 1 1 1 1 1 1 1 1 0 1 0 0 0 0 0 0 0 0 0 0 0 0 0 0 0 1 0 0 0 0 0 0 0 0 2 3 1 1 1 0 0 105 1 0 0 1 0 0 0 1 1 0 0 5 3 0 0 0 0 0 0 0 0 0 1 1 1 1 1 2 28 224 1 1 0 0 0 1 3 6 1 1 0 0 0 0 0 0 1 0 2 1 0 0 0 0 0 0 1 1 172 1 1 3 244 37 1 1 1 1 1 0 1 1 0 0 0 0 0 0 0 0 0 0 0 0 0 0 1 0 162 248 162 1 0 0 0 0 0 0 0 0 0 0 0 0 0 1 137 226 224 44 1 0 0 0 0 0 0 0 0 0 0 0 0 0 0 0 0 0 0 0 0 0 0 1 1 1 0 0 0 0 0 0 0 0 0 0 0 1 1 19 76 6 1 2 2 202 166 1 1 1 10 226 214 4 17 40 1 1 1 0 0 0 1 46 1 1 127 3 1 2 2 1 0 0 1 1 0 0 1 42 2 1 1 1 77 4 4 1 0 0 0 0 0 0 0 0 1 1 0 0 0 0 0 0 0 0 0 0 0 0 1 63 0 0 0 0 0 0 0 0 0 0 0 0 0 0 0 0 0 0 0 0 0 0 0 0 0 0 0 0 55 1 0 0 0 0 0 0 0 0 0 0 0 0 0 0 0 0 0 0 0 0 0 0 0 0 0 0 0 0 0 0 0 0 2 0 0 0 0 0 0 0 0 0 0 0 0 0 0 0 0 0 0 0 0 1 3 0 0 0 0 0 0 0 0
1 1 1 0 1 1 1 1 1 0 88 144 0 0 0 0 0 0 0 0 1 2 166 153 61 0 0 0 0 0 0 1 1 1 1 1 1 0 0 0 0 0 0 0 0 0 1 0 1 1 0 1 1 1 175 1 0 0 0 0 0 0 1 0 0 0 0 0 1 1 0 0 0 1 1 0 2 1 70 208 1 1 1 0 0 0 0 1 1 0 0 0 0 1 1 1 70 11 1 1 1 0 0 2 160 1 0 0 0 1 1 1 1 1 1 1 189 198 0 0 0 1 0 1 1 0 1 1 3 101 115 113 97 37 99 168 7 1 1 1 1 1 1 1 1 1 1 1 1 1 1 1 1 0 0 0 1 1 1 0 1 0 1 0 1 1 0 0 1 1 1 1 1 1 1 0 0 0 0 0 1 1 0 0 0 0 0 0 2 1 1 0 0 1 0 0 9 75 0 0 1 1 1 1 1 0 0 4 4 0 0 0 0 0 0 0 0 0 0 1 1 1 3 25 16 1 220 2 0 0 1 2 6 2 1 0 0 0 0 0 0 0 0 1 1 3 1 0 0 0 0 0 1 1 44 151 1 1 1 144 240 5 1 1 1 1 1 0 1 0 0 0 0 0 0 0 0 0 0 0 0 0 1 1 6 238 241 1 1 0 0 0 0 0 0 0 0 0 0 0 0 0 0 0 1 1 1 0 0 0 0 0 0 0 0 0 0 0 0 0 0 0 0 0 0 0 0 0 1 1 1 1 1 0 0 1 1 0 0 0 0 0 0 0 0 1 1 10 73 14 1 121 189 5 4 1 1 1 1 185 237 114 74 2 1 1 0 0 1 7 19 1 1 19 109 3 1 1 2 0 0 0 1 1 1 1 1 32 1 1 19 78 1 1 0 0 0 0 0 0 0 0 0 1 1 0 0 0 0 0 0 0 0 0 0 0 0 0 63 1 0 0 0 0 0 0 0 0 0 0 0 0 0 0 0 0 0 0 0 0 0 0 0 0 0 0 0 21 8 0 0 0 0 0 0 0 0 0 0 0 0 0 0 0 0 0 0 0 0 0 0 0 0 0 0 0 0 0 0 0 0 2 0 0 0 0 0 0 0 0 0 0 0 0 0 0 0 0 0 0 0 0 0 3 0 0 0 0 0 0 0 0
1 1 1 1 0 0 0 1 1 1 153 62 0 0 0 0 0 0 1 1 1 138 14 1 1 0 0 0 1 1 1 1 0 0 0 1 0 0 0 0 0 0 0 1 0 0 1 0 0 1 1 0 1 1 169 3 1 0 0 0 0 0 1 1 0 0 0 0 1 1 0 0 0 1 0 1 1 0 1 222 1 1 1 0 0 0 0 1 1 1 0 0 0 1 1 0 1 101 1 1 0 0 0 1 74 127 1 0 0 1 1 0 1 1 1 3 227 127 1 1 0 1 0 0 1 1 1 25 109 8 4 78 138 166 153 4 1 1 1 0 0 0 1 1 0 0 1 0 0 1 1 1 1 1 0 0 1 1 0 0 1 0 1 0 1 1 0 1 1 1 1 0 1 1 1 1 1 0 0 0 1 1 0 0 0 0 0 1 2 1 0 0 1 1 1 1 1 109 1 0 1 2 3 2 2 1 3 5 0 0 0 0 0 0 0 0 0 0 0 1 5 27 13 1 1 0 188 165 0 1 6 3 1 1 0 0 0 0 0 0 0 0 0 0 0 3 0 0 0 0 0 0 1 1 173 1 1 1 1 1 206 228 3 1 1 1 1 0 1 1 0 0 0 0 0 0 0 0 0 0 0 0 1 1 232 239 132 1 0 0 0 0 0 0 0 0 0 0 0 0 0 0 0 0 0 0 0 0 0 0 0 0 0 0 0 0 0 0 0 0 0 0 0 0 0 0 0 0 0 1 1 1 1 1 1 1 1 1 1 1 1 0 0 0 0 1 1 1 5 70 86 194 29 1 1 5 1 0 1 1 12 228 219 104 1 1 1 1 1 49 1 1 1 2 117 11 1 1 2 1 1 1 1 2 1 0 0 15 13 87 45 1 0 0 0 0 0 0 0 0 1 1 0 1 1 0 0 0 0 0 0 0 0 0 0 0 0 0 20 13 0 0 0 0 0 0 0 0 0 0 0 0 0 0 0 0 0 0 0 0 0 0 0 0 0 0 0 1 55 1 0 0 0 0 0 0 0 0 0 0 0 0 0 0 0 0 0 0 0 0 0 0 0 0 0 0 0 0 0 0 0 2 0 0 0 0 0 0 0 0 0 0 0 0 0 0 0 0 0 0 0 0 0 3 0 0 0 0 0 0 0 0
1 1 1 1 1 1 1 1 1 1 176 2 0 0 0 0 1 1 1 1 17 142 1 1 1 1 1 1 1 1 0 0 0 0 0 1 0 0 0 0 0 0 0 1 0 0 1 0 1 1 1 1 1 0 94 138 1 0 0 0 1 0 1 1 3 15 21 18 3 2 1 1 1 1 1 2 0 0 1 206 93 1 1 1 0 1 1 1 1 0 0 0 0 1 1 1 1 12 76 1 0 0 0 0 1 157 6 0 0 1 1 0 1 1 1 192 200 1 0 1 0 1 1 0 1 1 1 115 1 10 128 76 15 4 1 1 1 1 1 1 1 1 1 1 0 0 1 1 0 0 1 0 1 1 0 0 1 1 0 0 1 0 1 0 0 1 0 1 1 1 1 1 1 1 0 1 1 1 0 0 1 1 1 1 1 1 1 3 1 1 1 1 1 1 2 2 2 9 83 1 2 1 0 1 1 1 15 0 0 0 0 0 0 0 0 0 0 0 1 24 8 1 1 0 1 0 6 220 12 3 1 1 0 0 0 0 0 0 0 0 0 0 0 0 0 3 0 0 0 0 0 1 1 40 153 1 0 1 1 1 1 223 216 3 1 1 1 1 0 1 1 0 0 0 0 0 0 0 0 0 0 1 1 20 238 240 1 0 0 0 0 0 0 0 0 0 0 0 0 0 0 0 0 0 0 0 0 0 0 0 0 0 0 0 0 0 0 0 0 0 0 0 0 0 0 0 0 0 0 0 0 0 0 0 0 1 0 0 1 1 1 1 0 1 33 193 195 157 1 18 177 147 1 1 1 3 1 0 1 0 1 1 174 238 191 55 2 1 29 12 2 2 1 0 4 124 1 1 1 2 1 1 1 1 1 1 1 92 127 2 0 0 0 0 0 0 0 0 0 1 1 0 0 1 1 0 0 0 0 0 0 0 0 0 0 0 0 0 1 62 0 0 0 0 0 0 0 0 0 0 0 0 0 0 0 0 0 0 0 0 0 0 0 0 0 0 0 0 55 1 0 0 0 0 0 0 0 0 0 0 0 0 0 0 0 0 0 0 0 0 0 0 0 0 0 0 0 0 0 0 0 2 0 0 0 0 0 0 0 0 0 0 0 0 0 0 0 0 0 0 0 0 0 3 0 0 0 0 0 0 0 0
7 1 1 1 1 1 1 1 1 1 181 1 1 1 1 2 13 86 144 152 140 1 1 1 1 1 1 0 0 0 0 0 0 0 1 1 0 0 0 0 0 0 0 1 1 1 1 1 1 0 0 0 0 0 1 174 1 1 1 1 1 17 25 23 9 2 1 1 8 25 25 24 12 39 68 3 1 1 1 107 202 1 1 1 1 1 1 1 1 0 0 0 0 0 0 1 1 1 81 4 0 0 0 0 0 2 161 1 0 1 1 0 1 1 149 223 1 0 0 1 0 1 1 0 1 1 54 52 17 123 6 1 1 1 1 1 1 1 1 1 1 0 0 1 0 0 0 1 0 0 1 0 0 1 0 0 1 1 0 0 1 0 1 0 0 1 0 1 0 1 1 1 1 0 0 0 1 1 1 1 1 1 1 1 1 5 2 2 1 1 1 1 2 1 1 0 0 0 96 1 0 1 0 1 1 0 13 1 0 0 0 0 0 0 0 0 0 1 25 1 0 0 0 0 1 1 1 188 174 1 0 0 0 0 0 0 0 0 0 0 0 0 0 0 1 3 0 0 0 0 0 1 1 174 1 1 0 0 1 1 1 1 227 216 4 1 1 1 1 0 1 0 0 0 0 0 0 0 0 0 0 1 1 227 241 105 1 1 0 0 0 0 0 0 0 0 0 0 0 0 0 0 0 0 0 0 0 0 0 0 0 0 0 0 0 0 0 0 0 0 0 0 0 0 0 0 0 0 0 0 0 0 0 0 0 1 0 0 0 0 1 1 1 2 193 4 1 133 190 185 77 80 67 1 1 4 1 1 1 0 0 1 1 4 222 225 100 142 112 89 2 0 0 0 1 89 34 0 0 0 0 0 0 1 2 45 141 37 1 1 0 0 0 0 0 0 0 1 1 1 0 0 0 1 1 0 0 0 0 0 0 0 0 0 0 0 0 0 1 64 0 0 0 0 0 0 0 0 0 0 0 0 0 0 0 0 0 0 0 0 0 0 0 0 0 0 0 0 15 14 0 0 0 0 0 0 0 0 0 0 0 0 0 0 0 0 0 0 0 0 0 0 0 0 0 0 0 0 0 0 0 2 0 0 0 0 0 0 0 0 0 0 0 0 0 0 0 0 0 0 0 0 0 3 0 0 0 0 0 0 0 0
137 147 126 6 1 1 1 1 1 1 213 151 152 152 152 149 140 105 8 1 1 1 1 1 1 0 0 0 0 0 0 0 0 0 1 0 0 0 0 0 0 0 0 0 1 1 1 1 0 1 1 1 1 1 1 174 1 2 14 24 16 1 1 0 0 1 0 0 1 1 1 1 132 164 158 174 170 157 131 144 225 131 1 1 1 1 1 1 1 1 1 1 1 1 1 2 1 1 3 89 1 0 0 0 0 1 90 120 0 0 1 1 1 118 229 3 1 0 0 1 0 0 1 1 1 1 121 101 117 3 1 1 1 1 0 1 1 1 0 0 0 0 0 1 1 0 0 1 0 0 1 0 0 1 0 0 0 1 0 0 1 0 1 0 0 1 0 1 1 1 1 1 1 0 0 1 1 1 0 0 0 0 0 0 3 1 1 0 0 0 0 0 1 1 0 0 0 0 7 71 0 1 0 1 1 0 5 3 0 0 0 0 0 0 0 0 1 26 1 0 0 0 0 0 0 0 0 161 196 0 0 0 0 0 0 0 0 0 0 0 0 0 0 0 1 2 0 0 0 0 1 1 44 153 0 0 0 0 0 1 1 1 1 219 238 17 1 1 1 1 1 1 0 0 0 0 0 0 0 0 1 1 1 239 240 1 1 1 1 1 1 0 0 0 0 0 0 0 0 0 0 0 0 0 0 0 0 0 0 0 0 0 0 0 0 0 0 0 0 0 0 0 0 0 0 0 0 0 0 0 0 0 0 0 0 1 1 1 1 0 0 1 1 187 34 1 1 1 3 4 1 1 66 92 5 3 1 1 0 0 1 1 0 1 1 159 238 207 2 2 83 32 1 0 0 1 133 1 0 1 1 1 30 138 147 86 1 0 0 1 1 0 0 0 0 0 1 1 0 0 0 1 0 1 1 0 0 0 0 0 0 0 0 0 0 0 0 0 0 64 0 0 0 0 0 0 0 0 0 0 0 0 0 0 0 0 0 0 0 0 0 0 0 0 0 0 0 0 1 56 0 0 0 0 0 0 0 0 0 0 0 0 0 0 0 0 0 0 0 0 0 0 0 0 0 0 0 0 0 0 1 2 0 0 0 0 0 0 0 0 0 0 0 0 0 0 0 0 0 0 0 0 0 3 0 0 0 0 0 0 0 0
1 1 29 140 148 143 111 108 119 139 223 1 1 1 1 1 1 1 1 0 0 1 1 1 1 1 0 0 0 0 0 0 0 0 1 0 0 0 0 0 0 0 0 0 0 0 0 1 1 1 1 1 1 1 18 139 119 13 2 1 1 0 1 0 0 1 0 0 0 1 1 129 102 1 1 1 7 51 111 139 189 205 160 4 1 1 1 1 1 1 1 1 1 1 1 2 1 1 1 103 1 0 0 0 0 0 1 149 24 0 1 1 77 229 14 1 0 0 0 1 0 1 1 3 57 155 162 64 1 1 1 1 1 1 0 0 1 1 0 0 0 0 0 0 1 1 0 1 1 0 1 1 0 1 0 0 0 1 0 0 1 1 1 0 0 1 0 1 1 0 1 1 1 0 1 1 1 1 1 0 0 0 0 0 5 1 0 0 0 0 0 0 0 1 1 0 0 1 2 94 0 1 0 0 1 0 1 13 0 0 0 0 0 0 0 0 18 2 0 0 0 0 0 0 0 0 0 1 223 1 0 0 0 0 0 0 0 0 0 0 0 0 0 0 2 1 0 0 0 1 1 1 174 1 0 0 0 0 0 0 1 1 1 1 191 244 129 2 1 1 1 1 1 0 0 0 0 0 1 1 1 1 39 252 107 1 1 1 1 1 1 1 1 0 0 0 0 0 0 0 0 0 0 0 0 0 0 0 0 0 0 0 0 0 0 0 0 0 0 0 0 0 0 0 0 0 0 0 0 0 0 0 0 0 0 0 1 1 1 1 1 1 147 136 1 1 0 0 1 0 1 0 1 43 106 18 1 1 1 0 1 1 0 1 1 1 2 214 236 20 1 24 87 2 1 1 46 106 117 145 146 143 105 4 1 1 0 0 0 0 1 0 0 0 0 1 1 0 0 0 1 1 1 1 1 0 0 0 0 0 0 0 0 0 0 0 0 0 1 64 0 0 0 0 0 0 0 0 0 0 0 0 0 0 0 0 0 0 0 0 0 0 0 0 0 0 0 0 0 56 1 0 0 0 0 0 0 0 0 0 0 0 0 0 0 0 0 0 0 0 0 0 0 0 0 0 0 0 0 1 2 1 0 0 0 0 0 0 0 0 0 0 0 0 0 0 0 0 0 0 0 0 0 1 2 0 0 0 0 0 0 0
0 0 0 1 1 3 63 66 43 5 187 1 1 1 1 0 0 0 0 0 0 0 1 1 1 1 0 0 0 0 0 0 0 0 1 0 0 0 0 0 0 0 0 0 1 0 0 1 0 1 10 24 24 17 1 1 96 101 1 0 1 0 1 0 0 1 1 0 0 0 53 143 1 1 1 1 1 1 1 1 200 138 154 198 139 1 1 1 1 1 1 1 1 1 1 1 1 0 1 59 19 1 0 0 0 0 0 1 164 1 1 4 229 105 1 1 0 0 0 1 1 1 68 157 159 87 3 1 1 2 1 0 0 1 1 0 0 1 0 1 1 0 0 0 1 1 0 0 1 0 1 1 1 1 0 0 0 1 1 1 1 1 1 0 0 1 0 1 0 1 1 1 1 1 1 1 1 1 1 0 0 0 0 0 6 1 0 0 0 0 0 0 0 0 0 0 0 25 26 33 0 1 1 0 1 0 0 11 1 0 0 0 0 0 0 2 19 0 0 0 0 0 0 0 0 0 0 0 173 187 1 0 0 0 0 0 0 0 0 0 0 0 0 0 3 1 0 0 0 1 1 45 153 1 0 0 0 0 0 0 0 0 1 1 1 63 244 217 12 1 1 1 1 1 0 0 0 1 1 1 1 2 239 241 1 0 0 0 0 1 0 0 1 1 0 0 0 0 0 0 0 0 0 0 0 0 0 0 0 0 0 0 0 0 0 0 0 0 0 0 0 0 0 0 0 0 0 0 0 0 0 0 0 0 0 0 0 0 0 1 1 48 183 1 1 0 0 0 0 0 0 0 0 1 19 116 28 1 1 1 1 1 1 1 1 0 1 44 150 241 193 1 1 80 92 92 92 185 96 1 1 1 1 0 0 0 0 0 0 0 1 1 0 1 1 1 0 0 0 0 1 0 1 1 0 0 0 0 0 0 0 0 0 0 0 0 0 0 1 64 0 0 0 0 0 0 0 0 0 0 0 0 0 0 0 0 0 0 0 0 0 0 0 0 0 0 0 0 0 14 15 0 0 0 0 0 0 0 0 0 0 0 0 0 0 0 0 0 0 0 0 0 0 0 0 0 0 0 1 2 1 0 0 0 0 0 0 0 0 0 0 0 0 0 0 0 0 0 0 0 0 0 0 0 3 1 0 0 0 0 0 7
0 0 0 0 0 0 0 1 1 1 185 1 1 0 0 0 0 0 0 0 0 0 0 1 1 1 1 1 1 1 0 0 0 1 1 0 0 0 0 0 0 0 0 0 1 0 0 1 8 26 3 1 1 0 0 0 1 85 92 0 0 0 1 0 0 1 1 0 0 1 164 2 1 1 1 0 0 0 0 1 200 9 1 33 174 201 72 1 1 1 1 1 1 1 0 1 2 1 0 1 89 15 1 0 0 0 0 1 62 133 1 205 184 1 1 1 1 1 1 1 1 1 162 82 8 1 1 2 1 1 1 1 0 0 1 1 0 1 1 0 1 0 0 0 0 1 1 0 1 1 1 2 1 1 1 0 0 1 1 0 1 1 1 0 0 1 0 1 0 1 1 1 1 1 1 1 1 1 1 0 0 0 0 0 7 1 0 0 0 0 0 0 0 0 0 0 1 38 1 31 0 1 1 0 1 1 0 1 10 0 0 0 0 0 0 29 1 0 0 0 0 0 0 0 0 0 0 0 1 223 1 0 0 0 0 0 0 0 0 0 0 0 0 0 3 1 0 0 1 1 1 174 2 1 0 0 0 0 0 0 0 0 0 1 1 1 2 217 245 187 7 1 1 1 1 1 1 1 1 1 1 223 233 198 1 1 1 1 1 1 1 0 0 1 1 0 0 0 0 0 0 0 0 0 0 0 0 0 0 0 0 0 0 0 0 0 0 0 0 0 0 0 0 0 0 0 0 0 0 0 0 0 0 0 0 0 0 0 0 0 1 194 1 1 0 0 0 0 0 0 0 0 0 0 1 8 113 57 2 1 1 1 1 1 1 1 40 24 1 2 219 232 16 1 1 1 1 1 172 1 0 0 0 0 0 0 0 0 0 0 0 1 1 1 0 0 0 0 0 1 1 0 1 1 0 0 0 0 0 0 0 0 0 0 0 0 0 0 1 64 0 0 0 0 0 0 0 0 0 0 0 0 0 0 0 0 0 0 0 0 0 0 0 0 0 0 0 0 0 1 56 0 0 0 0 0 0 0 0 0 0 0 0 0 0 0 0 0 0 0 0 0 0 0 0 0 0 1 2 1 0 0 0 0 0 0 0 0 0 0 0 0 0 0 0 0 0 0 0 0 0 0 0 0 1 3 0 0 0 0 4 231
0 0 0 0 1 1 1 1 0 1 185 1 1 0 0 0 0 0 0 0 0 0 0 0 1 1 1 1 1 1 1 1 1 1 0 0 0 0 0 0 0 0 0 0 1 0 1 6 10 1 0 0 1 1 1 1 0 1 148 1 0 0 1 0 0 0 1 1 0 130 82 1 1 1 1 1 1 1 0 0 189 76 1 1 1 40 192 125 2 1 1 1 1 1 1 1 1 1 1 1 1 64 47 1 0 0 1 1 1 148 161 225 1 1 1 1 1 0 1 1 5 168 124 1 2 2 1 1 1 2 4 9 1 0 1 1 0 0 1 1 1 1 0 0 0 1 1 1 3 2 1 2 0 1 1 0 0 1 1 0 1 1 1 1 0 1 1 1 1 1 1 0 1 1 1 1 1 1 1 1 0 0 0 0 7 1 1 1 1 0 0 0 0 0 0 0 1 40 0 20 2 0 1 0 1 1 0 0 12 1 0 0 0 0 6 8 0 0 0 0 0 0 0 0 0 0 0 0 0 144 204 1 0 0 0 0 0 0 0 0 0 0 0 0 3 1 0 1 1 1 48 150 1 1 1 0 0 0 0 0 0 0 1 1 0 1 1 1 25 238 245 197 16 2 1 1 1 1 1 1 1 236 241 12 1 1 1 1 1 1 0 1 1 1 1 0 0 0 0 0 0 0 0 0 0 0 0 0 0 0 0 0 0 0 0 0 0 0 0 0 0 0 0 0 0 0 0 0 0 0 0 0 0 0 0 0 0 0 0 1 185 37 1 0 0 0 0 0 0 0 0 0 0 0 0 1 3 96 77 3 1 2 1 0 1 43 31 1 1 1 1 139 239 183 1 1 1 1 116 89 0 0 0 0 0 0 0 0 0 1 1 1 1 0 0 0 0 0 0 1 0 0 1 1 0 0 0 0 0 0 0 0 0 0 0 0 0 0 1 64 0 0 0 0 0 0 0 0 0 0 0 0 0 0 0 0 0 0 0 0 0 0 0 0 0 0 0 0 0 1 57 0 0 0 0 0 0 0 0 0 0 0 0 0 0 0 0 0 0 0 0 0 0 0 0 0 1 2 1 0 0 0 0 0 0 0 0 0 0 0 0 0 0 0 0 0 0 0 0 0 0 0 0 0 0 3 0 0 0 2 227 217
0 0 0 0 1 1 1 1 1 1 184 1 0 0 0 0 0 0 0 0 0 0 0 0 0 0 1 1 1 1 1 1 1 1 0 0 0 0 0 0 0 0 1 1 1 1 4 13 1 1 0 0 0 0 0 1 0 1 74 102 1 1 1 1 0 0 1 1 11 157 1 1 1 1 1 1 1 1 1 1 170 132 1 1 1 1 9 183 165 10 1 1 1 1 1 1 1 1 1 1 1 1 72 10 0 0 1 1 1 76 244 23 1 1 1 1 1 1 1 81 174 26 3 2 1 1 1 2 6 1 1 2 3 0 0 1 1 1 1 17 1 1 1 1 2 3 3 1 1 1 1 2 1 1 1 0 0 1 1 0 0 1 0 1 0 1 1 1 1 0 0 0 1 1 1 0 0 0 1 1 1 1 1 1 2 8 7 5 1 1 0 0 1 0 1 1 1 38 1 1 25 0 1 0 1 1 0 1 10 0 0 0 0 1 29 1 0 0 0 0 0 0 0 0 0 0 0 0 0 1 221 8 1 0 0 0 0 0 0 0 0 0 0 0 1 3 1 1 1 1 174 1 1 0 1 1 0 0 0 0 0 0 0 1 1 0 0 1 1 1 57 238 245 240 156 17 3 1 1 1 3 248 205 1 1 1 1 1 1 3 98 204 212 2 1 1 0 0 0 0 0 0 0 0 0 0 0 0 0 0 0 0 0 0 0 0 0 0 0 0 0 0 0 0 0 0 0 0 0 0 0 0 0 0 0 0 0 1 5 190 101 1 1 0 0 0 0 0 0 0 0 0 0 0 0 0 1 2 77 91 10 1 0 0 39 39 1 1 1 0 1 1 5 223 230 16 1 1 1 172 1 0 0 0 0 0 1 1 1 1 1 0 0 0 0 0 0 0 0 1 0 0 1 1 0 0 0 0 0 0 0 0 0 0 0 0 0 0 0 65 0 0 0 0 0 0 0 0 0 0 0 0 0 0 0 0 0 0 0 0 0 0 0 0 0 0 0 0 0 1 58 1 0 0 0 0 0 0 0 0 0 0 0 0 0 0 0 0 0 0 0 0 0 0 0 1 2 1 0 0 0 0 0 0 0 0 0 0 0 0 0 0 0 0 0 0 0 0 0 0 0 0 0 0 0 3 0 0 1 220 228 1
0 0 0 0 1 1 1 1 1 24 175 1 0 0 0 0 0 0 0 0 0 0 0 0 0 0 0 1 1 1 0 1 1 1 0 0 0 0 0 0 0 1 2 4 4 4 46 1 1 1 0 0 0 1 1 1 3 3 4 146 1 0 0 1 0 0 1 1 159 6 0 0 1 1 1 0 0 0 0 1 175 123 1 1 1 1 1 2 156 178 168 118 53 26 6 1 1 1 1 1 1 1 2 95 1 0 1 1 1 239 195 169 1 1 1 1 1 1 1 142 121 43 43 34 1 1 9 4 2 1 0 1 8 1 0 1 1 19 24 8 11 12 5 3 1 1 1 1 0 0 1 2 1 1 1 0 0 1 1 0 0 1 0 1 0 1 1 1 1 1 1 0 1 1 1 1 0 1 1 1 1 1 1 1 1 1 1 2 6 8 6 7 3 1 1 1 1 32 1 1 34 1 2 8 10 10 8 8 1 0 0 0 0 19 2 0 0 0 0 0 0 0 0 0 0 0 0 0 0 1 76 215 1 0 0 0 0 0 0 0 0 0 0 0 0 2 1 1 0 47 151 1 0 0 0 1 1 0 0 0 0 0 0 0 1 1 1 1 1 1 1 1 6 180 242 245 245 241 213 143 211 249 3 3 11 84 184 209 211 211 195 59 210 1 0 1 1 0 0 0 0 0 0 0 0 0 0 0 0 0 0 0 0 0 0 0 0 0 0 0 0 0 0 0 0 0 0 0 0 0 0 0 0 0 0 1 1 142 192 11 1 0 0 0 0 0 0 0 0 0 0 0 0 0 0 1 0 0 1 57 107 11 1 8 61 1 1 1 1 1 1 1 1 1 149 242 192 1 1 84 119 0 0 1 1 1 1 1 0 0 0 0 0 0 0 0 0 0 0 1 0 0 1 1 0 0 0 0 0 0 0 0 0 0 0 0 0 0 0 65 1 0 0 0 0 0 0 0 0 0 0 0 0 0 0 0 0 0 0 0 0 0 0 0 0 0 0 0 0 0 58 1 0 0 0 0 0 0 0 0 0 0 0 0 0 0 1 1 0 0 0 0 0 0 1 2 1 0 0 0 0 0 0 0 0 0 0 0 0 0 0 0 0 0 0 0 0 0 0 0 0 0 0 0 0 3 1 1 206 231 1 1
1 0 0 0 1 1 1 1 1 143 118 1 1 0 0 0 0 0 0 0 0 0 0 0 0 0 0 1 1 1 0 0 1 1 0 0 0 0 0 0 0 1 4 1 0 1 50 1 1 1 0 1 3 3 3 2 1 1 1 51 108 0 0 1 1 1 1 132 78 1 1 1 0 1 0 0 0 0 0 1 195 37 2 1 1 1 1 1 47 140 145 182 193 200 202 192 47 1 1 1 1 1 1 103 1 0 1 1 176 239 1 162 107 1 1 81 190 184 177 163 23 1 1 1 30 21 1 0 1 2 1 0 1 6 1 8 39 2 0 1 13 1 1 1 1 1 0 1 1 0 1 2 1 0 1 0 0 1 1 0 0 1 0 1 0 1 1 1 1 0 1 1 1 1 1 1 1 1 1 0 0 0 0 0 0 1 1 1 1 1 1 1 11 1 1 0 0 3 97 72 35 9 4 1 1 0 0 0 0 0 0 0 1 25 1 0 0 0 0 0 0 0 0 0 0 0 0 0 0 0 1 206 128 1 0 0 0 0 0 0 0 0 0 0 0 1 3 1 1 175 1 1 0 0 0 1 1 1 0 0 0 0 0 0 0 0 0 0 0 1 1 1 1 1 1 4 32 156 223 241 249 249 209 209 208 199 140 9 1 1 1 65 202 1 0 0 1 1 0 0 0 0 0 0 0 0 0 0 0 0 0 0 0 0 0 0 0 0 0 0 0 0 0 0 0 0 0 0 0 0 0 0 1 1 1 2 187 139 1 0 0 0 0 0 0 0 0 0 0 1 1 0 0 0 1 1 0 0 0 1 36 109 93 98 2 0 1 1 1 1 1 1 1 1 1 5 220 237 25 1 173 1 1 1 1 0 0 0 0 0 0 0 0 0 0 0 0 0 1 1 0 0 1 1 0 0 0 0 0 0 0 0 0 0 0 0 0 0 0 23 12 0 0 0 0 0 0 0 0 0 0 0 0 0 0 0 0 0 0 0 0 0 0 0 0 0 0 0 0 0 57 1 0 0 0 0 0 0 0 0 0 0 0 0 0 1 1 1 0 0 0 0 0 0 2 1 0 0 0 0 0 0 0 0 0 0 0 0 0 0 0 0 0 0 0 0 0 0 0 0 0 0 0 0 0 1 3 194 237 1 1 1
90 1 1 0 0 1 1 1 1 186 1 1 1 0 0 0 0 0 0 0 0 0 0 0 0 0 0 0 1 1 1 0 1 1 0 0 0 0 0 0 0 2 1 1 0 1 48 0 1 1 1 3 1 1 1 1 0 0 1 1 137 5 0 1 1 1 75 141 1 0 0 1 1 1 0 0 0 0 1 1 203 1 1 1 1 1 1 1 1 34 7 1 1 1 3 75 194 52 1 1 1 0 1 104 1 0 1 2 248 40 1 1 168 189 190 166 1 9 40 1 1 0 0 0 1 7 1 0 0 2 1 0 1 8 38 10 1 1 0 0 1 1 1 1 1 1 0 1 1 0 1 1 1 0 1 0 0 1 1 0 0 1 1 1 0 1 1 0 1 0 1 1 0 0 0 1 1 1 1 1 0 1 1 1 0 1 1 1 1 1 1 1 17 1 1 0 0 1 108 0 0 0 0 0 0 0 0 0 0 0 0 0 25 1 0 0 0 0 0 0 0 0 0 0 0 0 0 0 0 0 0 1 224 1 1 0 0 0 0 0 0 0 0 1 1 1 1 3 42 155 1 1 0 0 0 0 0 1 1 0 0 0 0 0 0 0 0 0 0 0 0 1 0 1 1 1 1 1 1 1 245 16 1 1 1 0 0 1 1 1 1 208 11 0 0 0 0 1 0 0 0 0 0 0 0 0 0 0 1 1 0 0 0 0 0 0 0 0 0 0 0 0 0 0 0 0 0 1 1 1 1 1 1 1 183 209 139 4 0 0 0 0 0 0 0 0 0 0 1 1 2 1 0 0 1 0 0 0 0 0 1 29 146 88 37 1 1 1 1 1 1 0 1 1 1 1 1 99 242 214 177 1 1 0 0 0 0 0 0 0 0 0 0 0 0 0 0 1 1 0 0 1 1 1 0 0 0 0 0 0 0 0 0 0 0 0 0 0 0 1 64 0 0 0 0 0 0 0 0 0 0 0 0 0 0 0 0 0 0 0 0 0 0 0 0 0 0 0 0 0 57 1 0 0 0 0 0 0 0 0 0 0 0 0 0 1 0 0 0 0 0 0 0 1 2 2 0 0 0 0 0 0 0 0 0 0 0 0 0 0 0 0 0 0 0 0 0 0 0 0 0 0 0 0 0 1 192 238 2 1 1 1
4 100 34 1 0 1 1 1 20 177 1 0 0 0 0 0 0 0 0 0 0 0 0 0 0 0 0 0 0 1 1 1 1 1 0 0 0 0 0 0 1 1 21 1 0 2 42 0 1 1 3 1 1 1 0 1 0 1 1 1 3 141 0 0 1 50 148 1 2 1 1 1 1 1 0 0 0 0 1 1 204 1 1 0 0 0 1 1 1 1 36 1 1 1 1 1 46 196 2 1 1 1 1 104 1 1 7 214 230 1 1 1 1 1 1 1 1 1 1 1 0 0 0 0 0 1 7 1 0 1 2 1 9 9 1 0 0 1 1 0 0 1 1 1 1 0 0 0 1 1 1 1 1 0 1 1 0 0 1 1 1 1 1 1 0 0 1 0 1 1 1 0 0 0 0 0 1 1 1 1 1 1 0 1 1 1 1 0 0 1 1 1 20 1 1 1 0 1 111 1 0 0 0 0 0 0 0 0 0 0 0 0 30 1 0 0 0 0 0 0 0 0 0 0 0 0 0 0 0 0 0 0 132 207 1 0 0 0 0 0 0 0 1 1 0 1 0 1 177 1 1 0 0 0 0 0 0 0 1 1 0 0 0 0 0 0 0 0 0 0 0 1 0 0 0 1 1 1 0 134 241 1 1 1 1 1 1 1 1 1 2 210 1 0 0 0 0 0 1 1 1 0 0 0 0 0 1 1 0 1 1 1 0 0 0 0 0 0 0 0 0 0 0 0 0 0 1 1 1 1 7 119 209 209 122 3 1 44 16 1 1 1 1 0 0 0 1 5 53 51 40 53 54 26 2 1 0 0 0 0 0 1 143 3 109 1 1 1 1 1 0 0 1 1 0 1 1 1 2 212 247 23 1 0 0 0 0 0 0 0 0 0 0 0 0 0 1 1 0 0 0 1 1 1 0 0 0 0 0 0 0 0 0 0 0 0 0 0 0 0 66 0 0 0 0 0 0 0 0 0 0 0 0 0 0 0 0 0 0 0 0 0 0 0 0 0 0 0 0 1 57 1 0 0 0 0 0 0 0 0 0 0 0 0 0 1 1 1 0 0 0 0 1 2 1 1 2 0 0 0 0 0 0 0 0 0 0 0 0 0 0 0 0 0 0 0 0 0 0 0 0 0 0 0 1 203 238 2 1 1 1 0
2 1 52 95 2 1 0 1 170 126 1 1 0 0 0 0 0 0 0 0 0 0 0 0 0 0 0 0 0 0 1 1 1 1 0 0 0 0 0 1 1 3 3 1 0 6 26 0 1 3 1 1 1 1 0 1 0 1 1 0 1 146 1 0 41 154 1 1 1 1 1 1 1 1 1 1 1 1 1 145 164 1 0 0 0 0 1 0 1 1 1 37 1 0 1 1 1 157 163 1 1 1 1 102 1 1 25 244 111 1 1 1 1 1 1 0 0 0 0 0 0 0 0 0 0 0 4 1 0 1 4 14 1 1 1 1 0 0 1 1 0 0 1 1 1 1 0 0 1 3 1 1 1 0 1 1 0 0 1 0 0 1 1 1 1 0 1 0 1 1 1 1 1 1 1 1 1 1 1 1 1 1 1 1 1 1 0 0 0 1 1 1 22 1 1 1 0 1 114 1 0 0 0 0 0 0 0 0 0 0 0 0 30 0 0 0 0 0 0 0 0 0 0 0 0 0 0 0 0 0 0 0 1 207 137 1 0 0 0 0 0 0 0 0 0 1 1 36 159 1 0 0 0 0 0 0 0 0 0 1 1 0 0 0 0 0 0 0 0 0 0 1 0 0 0 0 1 0 1 245 25 0 0 0 0 0 0 0 0 1 99 196 1 0 0 0 0 0 0 0 1 1 1 1 0 0 1 0 0 0 0 1 1 0 0 0 0 0 0 0 0 0 0 0 0 1 22 209 209 209 206 183 4 1 1 4 0 0 15 65 20 3 9 14 5 32 53 26 1 0 0 0 1 5 45 57 44 4 1 0 1 15 47 83 94 80 1 1 1 1 1 1 1 0 0 0 0 0 0 1 112 247 185 1 1 1 0 0 0 0 0 0 0 0 1 1 1 0 0 0 0 1 1 1 0 0 0 0 0 0 0 0 0 0 0 0 0 0 0 0 66 1 0 0 0 0 0 0 0 0 0 0 0 0 0 0 0 0 0 0 0 0 0 0 0 0 0 0 0 1 56 0 0 0 0 0 0 0 0 0 0 0 0 0 0 0 0 1 1 0 0 0 2 1 0 0 2 2 0 0 0 0 0 0 0 0 0 0 0 0 0 0 0 0 0 0 0 0 0 0 0 0 0 2 213 234 1 1 0 1 0 0
5 8 1 2 98 46 1 5 167 120 152 14 1 1 0 0 0 0 0 0 0 0 0 0 0 0 0 0 0 0 0 0 1 1 1 0 0 0 1 1 1 8 1 1 0 20 9 1 3 1 1 0 1 1 0 1 1 1 1 0 1 74 93 62 152 1 0 1 1 1 1 0 0 1 1 1 1 1 1 204 2 1 0 0 0 0 1 1 0 1 1 6 18 1 1 0 1 3 199 28 1 1 1 103 1 1 23 248 2 1 1 1 1 1 0 0 0 0 0 0 0 0 0 0 0 0 1 8 1 7 2 1 0 0 0 1 1 0 1 1 0 0 1 1 1 1 0 0 0 2 1 0 1 1 1 1 0 0 1 0 0 1 1 1 1 0 1 0 1 1 0 0 0 1 1 3 24 51 49 39 19 7 2 10 1 1 1 1 1 1 1 1 22 1 0 1 1 0 98 3 0 0 0 0 0 0 0 0 0 1 1 1 30 0 0 0 0 0 0 0 0 0 0 0 0 0 0 0 0 0 0 0 0 1 224 1 0 0 0 0 0 0 0 0 0 1 1 178 1 0 0 0 0 0 0 0 0 0 0 0 1 1 0 0 0 0 0 0 0 0 1 1 0 0 0 1 1 0 211 220 1 0 0 0 0 0 0 0 0 1 187 145 11 0 0 0 0 0 0 0 0 0 0 1 1 1 1 0 0 0 0 0 1 0 0 0 0 0 0 0 0 0 0 0 1 1 209 1 1 1 1 0 0 0 0 5 0 0 0 1 14 48 29 22 43 12 1 0 0 0 0 0 0 0 0 1 2 32 55 47 26 37 1 4 15 86 100 2 1 0 1 1 0 0 0 0 0 0 0 1 1 6 240 245 42 1 1 0 0 0 0 0 1 1 1 0 0 0 0 0 0 1 1 1 0 0 0 0 0 0 0 0 0 0 0 0 0 0 0 0 55 2 0 0 0 0 0 0 0 0 0 0 0 0 0 0 0 0 0 0 0 0 0 0 0 0 0 0 0 1 52 0 0 0 0 0 0 0 0 0 0 0 0 0 0 0 0 0 1 0 0 2 1 0 0 0 0 2 1 0 0 0 0 0 0 0 0 0 0 0 0 0 0 0 0 0 0 0 0 0 0 0 3 225 231 1 1 1 0 0 0 0
0 1 12 1 1 40 102 168 20 1 3 146 156 109 3 1 1 1 1 1 0 1 1 1 0 0 1 1 1 0 0 0 0 1 1 0 0 0 1 0 1 19 1 1 1 39 3 1 3 1 1 0 0 1 0 0 1 0 1 0 1 1 169 152 1 0 0 1 0 0 1 1 1 1 1 1 1 1 1 204 1 0 0 0 0 0 0 1 0 0 1 1 23 4 1 1 1 1 99 191 1 0 1 13 63 1 24 242 157 1 1 1 1 0 0 0 0 0 0 0 0 0 0 0 0 0 0 5 10 1 0 1 1 0 0 1 1 0 0 1 1 0 0 1 1 1 1 0 0 1 4 1 1 1 1 1 0 0 1 1 0 1 1 0 1 1 1 1 1 1 1 3 78 134 138 128 103 82 84 91 109 123 134 144 136 136 133 87 7 2 1 1 19 1 0 1 1 0 15 76 1 1 1 1 1 1 1 2 5 51 126 143 156 132 115 35 2 1 1 0 0 0 0 0 0 0 0 0 0 0 0 0 0 0 142 207 1 0 0 0 0 0 0 0 0 1 165 64 1 0 0 0 0 0 0 0 0 0 0 0 0 1 1 0 0 0 0 0 0 0 1 0 0 0 1 1 0 38 245 1 0 0 0 0 0 0 0 0 0 51 161 106 90 1 0 0 0 0 0 0 0 0 0 0 0 0 0 0 0 0 0 0 1 0 0 0 0 0 0 0 1 1 1 1 1 133 179 0 0 0 0 0 0 0 0 4 1 0 0 0 0 0 0 0 0 1 4 0 0 0 0 0 0 0 0 0 0 1 1 1 8 2 1 2 1 7 71 111 5 1 1 0 0 0 0 0 0 0 1 1 1 1 1 164 247 215 4 1 1 1 0 1 1 0 0 0 0 0 0 0 0 1 1 1 0 0 0 0 0 0 0 0 0 0 0 0 0 0 0 0 2 52 0 0 0 0 0 0 0 0 0 0 0 0 0 0 0 0 0 0 0 0 0 0 0 0 0 0 0 1 53 0 0 0 0 0 0 0 0 0 0 0 0 0 0 0 0 1 1 0 1 1 0 0 0 0 0 0 2 1 0 0 0 0 0 0 0 0 0 0 0 0 0 0 0 0 0 0 0 0 1 5 229 226 1 1 1 0 0 0 0 0
0 1 18 4 1 1 11 148 1 1 1 1 1 94 155 158 156 110 2 1 1 1 1 1 1 1 1 0 0 1 1 0 0 1 1 1 1 1 1 0 1 26 1 1 0 48 2 1 2 1 1 1 0 1 1 0 1 1 1 1 1 98 166 23 1 0 0 0 0 0 1 1 1 1 1 1 1 0 1 204 1 1 1 1 1 1 0 1 0 0 1 1 1 41 1 1 1 1 1 189 109 1 1 4 115 1 28 190 237 1 1 1 0 0 0 0 0 0 0 0 0 0 0 0 0 0 1 6 2 1 0 0 1 1 0 0 1 1 0 1 1 0 0 1 1 1 1 1 1 5 57 20 1 1 0 1 0 0 1 1 0 0 1 0 1 1 1 1 7 109 138 131 54 1 1 1 1 1 1 1 1 1 1 56 1 1 1 38 121 137 140 137 140 99 84 90 106 120 136 173 147 148 151 146 145 147 139 137 130 87 7 1 36 1 6 81 127 134 134 111 2 1 0 0 0 0 0 0 0 0 0 0 0 0 1 217 91 1 0 0 0 0 0 1 3 173 27 1 0 0 0 0 0 0 0 0 0 0 0 0 0 0 1 0 0 0 0 0 0 0 1 1 0 1 1 1 1 245 71 1 0 0 0 0 0 0 0 0 1 138 161 74 146 1 1 1 0 0 0 0 0 0 0 0 0 0 0 0 0 0 0 0 1 0 0 0 0 0 1 1 1 2 94 196 209 194 1 10 2 1 0 0 0 0 0 1 3 0 0 0 0 0 0 0 0 0 4 1 0 0 0 0 0 0 0 0 0 0 0 0 2 1 1 1 2 1 5 59 112 26 1 0 0 0 0 0 0 0 0 0 0 0 1 1 2 228 245 41 1 1 1 1 0 0 0 0 0 0 0 0 0 1 1 0 0 0 0 0 0 0 0 0 0 0 0 0 0 0 0 0 0 66 0 0 0 0 0 0 0 0 0 0 0 0 0 0 0 0 0 0 0 0 0 0 0 0 0 0 0 1 55 0 0 0 0 0 0 0 0 0 0 0 0 0 0 0 1 1 0 1 1 0 0 0 0 0 0 0 1 2 1 0 0 0 0 0 0 0 0 0 0 0 0 0 0 0 0 0 0 1 9 233 217 1 1 1 0 0 0 0 0 0
0 1 4 7 11 3 146 7 1 1 1 1 1 1 1 1 1 92 156 159 157 137 50 1 1 1 1 1 1 1 0 0 0 0 1 1 0 0 0 0 5 8 1 1 1 57 1 1 2 0 1 1 0 1 1 0 1 1 0 1 120 133 1 59 1 0 0 0 0 0 0 0 0 0 1 1 1 1 21 200 1 1 1 1 1 1 1 1 1 1 0 0 1 1 37 1 1 1 1 25 202 14 13 5 91 136 33 2 235 192 1 1 1 0 0 0 0 0 0 1 0 0 0 0 0 1 5 1 1 2 0 0 1 1 0 1 1 1 1 1 1 1 13 114 155 160 161 161 160 153 132 157 163 162 115 3 1 1 1 1 1 1 1 1 1 5 112 140 124 17 1 1 1 1 0 0 0 0 0 0 0 0 1 55 1 1 0 0 1 1 1 1 7 37 48 43 28 10 14 50 1 1 4 1 0 2 0 0 0 0 0 10 7 0 0 0 0 0 1 8 127 134 79 1 1 1 0 0 0 0 0 0 0 1 1 8 223 1 0 0 0 0 1 19 175 5 1 1 1 0 0 0 0 0 0 0 0 0 0 0 0 0 1 0 0 0 0 0 0 0 1 1 1 1 0 1 228 206 1 0 0 0 0 0 0 0 0 1 54 1 2 144 211 162 1 1 0 0 0 0 0 0 0 0 0 0 0 0 0 0 0 0 1 0 0 0 1 1 1 140 210 209 190 55 4 23 22 4 15 24 4 1 0 0 0 0 5 1 0 0 0 0 0 0 0 0 4 1 0 0 0 0 0 0 0 0 0 0 0 1 1 1 1 1 1 2 1 3 52 94 46 2 0 0 0 0 0 0 0 0 0 0 0 1 1 1 147 247 224 5 1 1 0 1 1 1 1 0 0 0 0 1 1 0 0 0 0 0 0 0 0 0 0 0 0 0 0 0 0 0 0 66 1 0 0 0 0 0 0 0 0 0 0 0 0 0 0 0 0 0 0 0 0 0 0 0 0 0 0 1 58 0 0 0 0 0 0 0 0 0 0 0 0 0 0 0 1 1 1 2 0 0 0 0 0 0 0 0 0 1 2 1 0 0 0 0 0 0 0 0 0 0 0 0 0 0 0 0 1 18 237 205 1 1 1 0 0 0 0 0 0 0
0 2 1 1 1 60 130 1 1 1 1 1 1 1 1 1 1 1 1 1 1 48 137 159 163 163 158 122 13 1 1 1 1 1 1 1 0 0 0 1 24 1 1 1 1 68 1 0 2 0 0 1 0 0 1 0 0 1 1 145 113 1 1 60 1 0 0 0 0 0 0 0 0 0 0 0 0 0 106 185 1 0 0 0 1 1 1 1 1 1 1 1 1 1 15 9 1 1 1 1 166 153 1 1 1 76 7 2 224 226 1 2 2 1 1 1 1 1 1 1 1 1 1 0 0 1 3 0 0 1 1 1 1 1 2 32 128 156 159 161 159 158 144 77 4 1 1 1 1 1 1 3 1 1 81 163 166 165 158 87 3 7 97 128 132 122 16 1 1 1 0 0 0 0 0 0 0 0 0 0 0 0 1 54 0 0 0 0 0 0 1 1 1 1 0 0 0 0 15 22 0 0 4 0 1 2 0 0 0 0 0 37 1 0 0 0 0 0 0 0 0 1 39 133 124 3 1 1 1 1 1 1 1 1 2 14 228 143 1 0 0 1 73 159 62 2 1 0 1 1 0 0 0 0 0 0 0 0 0 0 0 0 0 0 0 0 0 0 0 0 0 0 1 1 1 186 239 1 0 0 0 0 0 0 0 0 0 30 7 0 0 1 1 166 212 196 3 0 0 0 0 0 0 0 0 0 0 0 0 0 0 0 1 1 1 1 1 151 210 183 1 1 19 24 11 1 1 0 0 1 10 25 8 1 0 0 1 4 5 3 1 0 0 0 0 1 4 0 0 0 0 0 0 0 0 0 0 0 0 2 1 1 1 1 1 1 1 1 1 42 94 53 3 0 0 0 0 0 0 0 0 0 0 0 1 1 1 2 220 248 123 1 1 2 2 1 2 0 0 0 1 1 1 0 0 0 0 0 0 0 0 0 0 0 0 0 0 0 0 0 0 65 1 0 0 0 0 0 0 0 0 0 0 0 0 0 0 0 0 0 0 0 0 0 0 0 0 0 0 0 59 0 0 0 0 0 0 0 0 0 0 0 0 0 0 1 1 1 2 1 0 0 0 0 0 0 0 0 0 0 1 2 1 0 0 0 0 0 0 0 0 0 0 0 0 0 1 2 45 238 189 1 1 1 0 0 0 0 0 0 0 0
1 2 0 0 1 149 1 0 0 1 1 1 1 1 1 1 1 1 1 0 0 1 1 1 1 1 2 80 152 160 162 162 151 72 2 2 1 1 1 1 24 1 1 1 75 1 0 0 2 0 0 1 1 1 1 1 86 166 168 101 1 1 1 2 58 11 0 0 0 0 0 0 0 0 0 0 1 1 135 177 1 0 0 0 0 0 0 0 0 1 1 1 1 1 1 23 2 0 1 1 3 196 15 1 1 96 7 141 231 231 205 185 189 163 153 162 174 171 160 115 10 1 1 1 1 5 1 1 1 1 96 157 160 160 157 137 49 2 1 1 1 1 1 1 1 1 1 1 1 1 1 3 1 1 1 1 1 1 7 143 179 174 160 41 1 1 1 0 0 0 0 0 0 0 0 0 0 0 1 1 1 8 104 172 161 160 137 59 2 1 1 0 0 0 0 0 0 0 44 5 0 0 4 0 1 1 0 0 0 0 0 38 1 0 0 0 0 0 0 0 0 0 0 1 3 124 134 147 152 154 154 154 155 153 149 138 211 232 139 1 1 113 137 1 1 45 9 1 1 1 1 1 0 0 0 0 0 0 0 0 0 0 0 0 0 0 0 0 0 0 0 1 1 1 115 243 1 0 0 0 0 0 0 0 0 0 8 26 1 0 1 1 0 1 1 91 211 209 42 1 0 0 0 0 0 0 0 0 0 0 0 1 1 2 177 208 210 169 1 4 22 18 1 1 0 0 0 0 0 0 0 1 5 25 16 1 0 0 0 1 4 3 1 0 0 3 1 0 0 0 0 0 0 0 0 0 0 0 1 1 1 1 0 1 0 1 1 1 1 1 23 100 62 5 0 0 0 0 0 0 0 0 0 0 0 1 1 1 1 85 246 222 3 3 1 1 2 0 0 0 1 1 1 0 0 0 0 0 0 0 0 0 0 0 0 0 0 0 0 0 0 16 19 0 0 0 0 0 0 0 0 0 0 0 0 0 0 0 0 0 0 0 0 0 0 0 0 0 0 0 59 0 0 0 0 0 0 0 0 0 0 0 0 0 1 1 1 2 1 0 0 0 0 0 0 0 0 0 0 0 0 1 2 0 0 0 0 0 0 0 0 0 0 0 0 1 2 153 249 175 1 1 1 0 0 0 0 0 0 0 0 0
3 1 0 1 41 131 1 1 1 1 0 0 1 1 1 1 1 1 1 1 1 1 1 0 0 1 0 0 1 1 1 1 16 128 159 164 165 165 164 162 158 65 34 99 5 1 1 1 2 1 1 1 8 139 169 170 132 2 1 2 1 1 1 1 1 23 20 1 0 0 1 2 38 61 63 64 63 60 160 185 1 0 0 0 0 0 0 0 0 0 0 0 0 0 1 1 34 0 0 1 1 136 190 94 188 237 244 240 229 209 103 38 24 151 137 67 1 2 36 135 168 172 173 172 170 146 143 157 160 157 102 2 1 1 1 1 1 1 1 1 0 0 0 1 0 1 1 1 1 1 22 52 52 51 51 53 54 75 89 11 1 1 1 130 1 0 0 0 0 0 0 0 0 0 0 1 1 81 180 196 196 189 167 137 124 125 151 179 195 197 190 54 1 1 0 0 0 0 67 1 0 1 4 0 2 1 0 0 0 0 1 37 0 0 0 0 0 0 0 0 0 0 0 0 0 1 1 20 1 1 1 1 1 1 1 65 122 3 229 192 146 107 1 1 1 1 22 23 1 1 0 1 1 0 0 0 0 0 0 0 0 0 0 0 0 0 0 0 0 0 1 1 0 34 245 9 0 0 0 0 0 0 0 0 0 1 54 1 1 1 1 0 0 0 0 1 1 8 205 212 182 5 1 1 1 0 0 0 0 0 1 1 187 211 140 2 1 1 1 0 0 0 0 0 0 0 0 0 0 0 0 0 0 0 2 23 14 1 0 0 0 1 4 5 5 3 0 0 0 0 0 0 0 0 0 0 0 0 1 1 1 1 1 1 0 0 0 1 1 1 1 9 99 80 9 1 0 0 0 0 0 0 0 0 0 0 1 1 1 2 1 221 246 56 1 1 2 0 0 0 1 1 1 0 0 0 0 0 0 0 0 0 0 0 0 0 0 0 0 0 0 1 67 0 0 0 0 0 0 0 0 0 0 0 0 0 0 0 0 0 0 0 0 0 0 0 0 0 0 0 56 1 0 0 0 0 0 0 0 0 0 0 0 1 1 1 2 1 0 0 0 0 0 0 0 0 0 0 0 0 0 0 2 1 0 0 0 0 0 0 0 0 0 0 1 2 181 243 21 1 1 1 0 0 0 0 0 0 0 0 0 0
2 1 1 1 128 8 31 5 1 1 1 1 0 0 0 1 1 1 1 1 1 1 1 1 1 1 0 0 1 0 0 1 0 0 1 1 1 1 1 1 141 202 195 189 189 188 186 184 183 180 178 174 163 73 1 1 0 1 1 1 1 0 0 1 1 1 16 60 58 61 61 45 4 1 1 1 1 1 126 196 1 1 1 1 1 1 1 1 1 1 1 1 0 0 0 1 38 1 1 1 1 26 207 244 230 178 164 170 34 3 1 0 1 97 64 4 1 0 2 1 1 1 1 1 3 43 14 1 1 1 1 1 1 0 0 0 0 1 1 1 1 1 1 2 1 1 1 1 1 25 9 1 1 1 1 3 17 6 20 1 0 0 1 95 20 0 0 0 0 0 0 1 1 13 149 176 196 173 43 1 1 1 1 1 1 1 1 1 1 1 10 182 198 120 1 1 0 1 73 1 0 1 3 0 2 0 0 0 0 0 2 21 0 0 0 0 0 0 0 0 0 0 0 0 0 1 22 1 1 1 1 1 1 1 1 154 5 1 1 209 208 1 1 0 0 0 1 8 41 1 0 0 1 1 0 0 0 0 0 0 0 0 0 0 0 0 0 0 0 1 1 0 4 245 59 0 0 0 0 0 0 0 0 0 1 57 1 1 1 0 0 0 0 0 0 1 0 1 1 1 145 210 213 65 2 1 1 0 0 1 129 208 112 13 19 1 0 0 0 0 0 0 0 0 0 0 0 0 0 0 0 0 0 0 0 0 3 25 4 1 0 0 0 0 0 0 0 0 0 0 0 0 0 0 0 0 0 0 1 1 1 1 1 0 0 0 0 0 1 1 1 1 4 86 95 16 1 0 0 0 0 0 0 0 0 0 0 1 2 1 1 1 100 248 223 4 1 0 0 0 1 1 1 0 0 0 0 0 0 0 0 0 0 0 0 0 0 0 0 0 0 1 67 0 0 0 0 0 0 0 0 0 0 0 0 0 0 0 0 0 0 0 0 0 0 0 0 0 0 0 31 5 0 0 0 0 0 0 0 0 0 0 1 1 1 1 1 0 0 0 0 0 0 0 0 0 0 0 0 0 0 0 1 3 0 0 0 0 0 0 0 0 0 1 2 201 240 4 1 1 1 0 0 0 0 0 0 0 0 0 0 0
1 0 1 68 67 0 1 37 1 0 0 1 1 1 1 0 1 1 1 1 1 1 1 0 0 1 1 1 1 0 0 1 0 0 1 0 1 1 1 1 181 32 1 0 0 0 0 0 1 1 1 1 1 0 0 1 1 0 1 1 1 1 1 1 1 1 1 1 1 1 1 1 1 1 1 1 1 1 129 199 1 1 1 1 0 1 1 1 2 1 1 1 1 1 1 1 31 1 1 0 0 1 199 222 1 1 53 184 1 1 1 1 4 106 1 3 1 1 2 1 0 1 1 1 1 2 5 1 1 0 1 1 1 1 1 1 1 0 0 0 0 1 1 1 1 0 1 2 25 1 1 1 0 4 19 7 1 0 1 20 0 0 1 1 132 1 1 1 1 5 108 166 171 161 145 72 1 1 1 0 0 0 0 0 0 0 0 0 0 0 1 1 1 168 195 15 1 1 73 1 0 1 2 1 2 0 0 0 0 0 35 1 1 1 0 0 0 0 0 0 0 0 0 0 0 4 10 1 2 1 1 1 1 1 1 159 1 1 0 1 174 204 1 1 1 0 1 1 23 33 2 1 0 1 1 0 0 0 0 0 0 0 0 0 0 0 0 0 1 1 0 1 243 129 1 0 0 0 0 0 0 0 0 1 36 5 1 1 0 0 0 0 0 0 0 1 1 0 0 1 1 1 34 206 1 2 2 1 1 153 183 1 1 1 56 1 0 0 0 0 0 0 0 0 0 0 0 0 0 0 0 0 0 0 0 0 0 1 9 24 25 24 14 1 0 0 0 0 0 0 0 0 0 0 0 1 1 0 1 1 1 1 1 1 1 1 1 0 1 1 1 1 1 2 66 103 29 1 0 0 0 0 0 0 0 0 1 2 1 1 1 1 1 1 223 248 101 1 0 0 1 1 1 0 0 0 0 0 0 0 0 0 0 0 0 0 0 0 0 0 0 0 67 1 0 0 0 0 0 0 0 0 0 0 0 0 0 0 0 0 0 0 0 0 0 0 0 0 0 0 4 34 0 0 0 0 0 0 0 0 0 1 1 1 1 1 0 0 0 0 0 0 0 0 0 0 0 0 0 0 0 0 0 2 1 0 0 0 0 0 0 0 1 2 214 237 2 1 1 1 0 0 0 0 0 0 0 0 0 0 0 0
0 0 1 130 1 0 1 37 1 1 0 0 0 0 1 0 1 1 1 1 1 1 1 1 1 1 1 1 1 1 1 1 0 0 1 0 0 1 1 1 191 1 1 0 0 0 0 0 0 0 0 0 0 0 0 1 1 0 1 1 1 1 1 1 1 1 2 2 2 2 2 2 2 2 2 2 2 3 147 205 3 3 4 5 5 6 11 8 6 10 11 11 10 1 1 1 24 2 1 0 1 1 205 212 1 4 179 72 1 1 0 1 113 2 1 2 1 0 1 1 0 1 1 1 0 0 2 4 0 0 1 2 23 22 18 19 25 26 7 1 0 0 1 1 1 1 9 15 1 0 1 3 19 6 1 1 1 0 0 17 1 0 1 1 133 171 171 171 169 163 110 2 21 73 2 1 0 0 0 0 0 0 0 0 0 0 0 0 0 0 0 0 1 1 8 192 198 152 91 1 1 3 1 1 1 0 0 0 0 0 37 0 1 0 0 0 0 0 0 0 0 0 0 0 1 25 1 1 2 2 3 4 3 3 4 159 1 1 0 0 1 158 207 1 1 1 1 1 8 1 22 8 1 0 1 0 0 0 0 0 0 0 0 0 1 0 0 0 1 0 1 240 174 1 0 0 0 0 0 0 0 0 0 14 18 1 0 0 0 0 0 0 0 0 0 0 1 0 0 1 0 1 210 4 0 0 1 1 148 181 1 1 1 0 20 10 0 0 0 0 0 0 0 0 0 0 0 0 0 0 0 0 0 0 0 0 0 0 0 0 1 1 3 22 25 17 1 1 0 0 0 0 0 1 1 1 0 1 1 1 1 1 1 1 1 1 1 1 1 1 1 1 1 1 1 49 106 48 1 0 0 0 0 0 0 0 1 1 0 0 0 1 1 1 2 37 250 25 2 1 1 0 1 0 0 0 0 0 0 0 0 0 0 0 0 0 0 0 0 0 0 0 50 3 0 0 0 0 0 0 0 0 0 0 0 0 0 0 0 0 0 0 0 0 0 0 0 0 0 0 1 52 0 0 0 1 0 0 0 0 1 1 0 1 1 0 0 0 0 0 0 0 0 0 0 0 0 0 0 0 0 0 0 1 2 0 0 0 0 0 0 1 3 225 231 2 1 1 0 0 0 0 0 0 0 0 0 0 0 0 0 0
0 0 74 64 0 0 1 3 16 1 0 0 0 0 1 1 1 0 0 1 1 1 1 1 1 1 1 1 1 1 1 1 1 1 1 1 1 1 1 1 193 1 1 0 0 0 0 0 0 0 0 0 0 1 1 1 1 1 1 1 1 1 1 2 2 1 1 0 0 0 0 0 0 0 0 0 0 1 144 205 1 0 0 1 1 2 1 0 0 0 1 1 1 7 11 4 38 1 1 1 1 1 195 219 3 154 167 6 2 1 0 4 108 1 1 1 2 0 1 1 0 0 1 1 1 0 0 3 3 1 4 9 1 1 0 0 1 1 6 28 29 16 4 4 17 27 5 1 0 1 10 9 1 0 0 0 1 1 0 1 24 61 103 100 29 1 1 1 1 1 1 45 26 1 1 1 0 0 0 0 0 0 0 0 0 0 0 0 0 0 0 0 0 0 1 1 2 146 204 206 165 8 1 2 1 0 0 0 0 2 22 1 1 0 0 0 0 0 0 0 0 0 0 0 11 3 1 1 0 0 1 1 0 0 1 157 1 0 0 0 0 1 157 205 1 1 0 1 5 1 1 9 21 1 1 1 0 0 0 0 0 0 0 1 1 0 0 1 1 1 235 198 1 0 0 0 0 0 0 0 0 0 3 42 1 0 0 0 0 0 0 0 0 0 0 0 1 0 0 1 1 193 105 1 0 0 1 72 194 1 1 1 1 1 1 57 1 0 0 0 0 0 0 0 0 0 0 0 0 0 0 0 0 0 0 0 0 0 0 0 0 0 0 0 0 2 22 26 24 3 1 1 0 1 0 0 0 1 1 0 0 0 0 1 0 0 1 1 1 1 1 1 1 1 0 1 30 109 68 1 1 0 0 0 0 1 1 0 0 0 0 0 1 1 2 2 206 248 246 76 1 1 1 0 0 0 0 0 0 0 0 0 0 0 0 0 0 0 0 0 0 0 2 56 0 0 0 0 0 0 0 0 0 0 0 0 0 0 0 0 0 0 0 0 0 0 0 0 0 0 8 41 0 0 0 1 0 0 0 1 1 0 1 1 1 1 1 1 1 1 0 0 0 0 0 0 0 0 0 0 0 0 0 1 3 0 0 0 0 0 1 3 229 227 2 1 1 0 0 0 0 0 0 0 0 0 0 0 0 0 0 0
0 1 133 1 0 1 1 1 1 1 1 1 0 1 1 1 1 0 0 1 1 1 1 1 1 1 1 1 1 1 1 1 1 1 1 1 1 1 1 1 194 1 1 1 1 1 1 1 1 1 1 1 1 1 1 1 1 1 1 1 1 1 1 0 0 0 0 0 0 0 0 0 0 0 0 0 0 1 144 205 1 0 0 1 1 2 1 0 0 1 1 1 1 1 1 2 67 1 1 1 1 1 200 214 1 189 3 1 2 2 1 110 3 1 1 1 3 1 1 1 1 0 0 1 1 1 0 0 4 9 7 1 0 1 1 0 0 1 1 1 1 2 14 14 1 1 0 0 1 18 2 1 0 0 0 0 1 1 1 31 91 16 1 1 1 0 0 0 0 1 55 8 1 1 1 0 0 0 0 0 1 1 1 1 1 1 1 1 0 0 0 0 0 0 0 1 1 1 1 7 164 205 206 165 1 1 0 0 0 33 1 1 1 0 0 0 0 0 0 0 0 0 0 1 21 1 1 1 0 0 1 1 1 0 1 156 1 1 0 0 0 0 1 168 202 1 0 5 1 1 1 0 3 34 2 1 1 1 0 0 0 0 0 0 1 0 0 0 1 225 213 1 0 0 0 0 0 0 0 0 0 1 59 1 0 0 0 0 0 0 0 0 0 0 0 0 1 0 1 1 151 178 1 0 0 0 1 210 1 1 1 1 0 0 0 17 12 0 0 0 0 0 0 0 0 0 0 0 0 0 0 0 0 0 0 0 0 0 0 0 0 0 0 0 0 0 0 0 1 12 25 26 24 4 1 1 1 1 1 1 0 0 0 0 0 0 0 0 0 0 0 0 0 0 0 0 1 15 108 84 4 1 0 0 1 1 1 0 0 0 0 0 1 2 1 1 1 1 154 248 216 5 1 1 0 0 0 0 0 0 0 0 0 0 0 0 0 0 0 0 0 0 1 64 0 0 0 0 0 0 0 0 0 0 0 0 0 0 0 0 0 0 0 0 0 0 0 0 0 0 18 41 1 0 0 1 1 1 1 1 0 1 1 1 1 1 1 1 1 1 1 1 1 1 1 1 1 1 0 1 0 0 0 0 2 1 0 0 1 2 3 233 218 2 1 1 0 0 0 0 0 0 0 0 0 0 0 0 0 0 0 0
0 1 133 1 1 1 1 0 0 0 0 1 1 1 1 1 1 0 1 1 0 0 0 1 1 1 1 1 1 1 1 1 1 2 3 1 1 1 1 61 181 1 1 1 1 1 1 1 1 1 1 1 1 1 1 1 1 1 1 0 0 0 1 0 0 0 0 0 0 0 0 0 0 0 1 1 1 1 182 185 1 1 1 1 0 2 0 0 0 0 1 0 0 0 0 1 62 0 0 1 1 25 233 130 49 179 5 2 1 3 1 123 1 1 1 1 3 1 0 1 1 0 0 1 1 1 0 0 1 40 2 0 0 0 1 1 1 1 1 1 0 0 1 1 0 0 1 5 15 1 1 0 0 0 0 0 1 2 52 19 1 1 0 0 0 0 0 0 1 58 5 1 1 1 0 0 0 0 1 1 1 1 1 1 1 1 1 1 1 1 1 0 0 0 0 0 0 0 0 11 1 1 1 166 207 205 77 1 1 37 1 1 0 0 0 0 0 0 0 0 0 0 0 14 2 1 1 0 1 1 1 0 1 0 1 151 1 1 1 1 0 0 0 1 177 195 1 8 1 1 1 0 0 1 21 32 6 1 1 1 1 1 1 1 1 1 1 1 215 234 32 1 0 0 0 0 0 0 0 0 1 52 1 0 0 0 0 0 0 0 0 0 0 0 0 0 1 1 1 25 206 1 0 0 0 1 199 47 1 1 1 0 0 0 0 1 59 1 0 0 0 0 0 0 0 0 0 0 0 0 0 0 0 0 0 0 0 0 0 0 0 0 0 0 0 0 0 0 0 0 0 0 1 12 26 26 23 3 1 0 0 0 0 0 0 0 0 0 0 0 0 0 0 0 0 0 0 1 5 103 98 8 1 1 1 1 0 0 0 0 0 0 1 2 2 1 0 0 1 4 232 247 59 1 1 0 0 0 0 0 0 0 0 0 0 0 0 0 0 0 0 0 0 65 0 0 0 0 0 0 0 0 0 0 0 0 0 0 0 0 0 0 0 0 0 0 0 0 0 0 22 32 1 1 0 0 1 1 0 1 1 1 1 0 0 0 0 0 0 0 0 0 0 0 0 0 1 1 1 1 1 1 0 0 1 2 1 1 2 5 237 208 2 1 1 0 0 0 0 0 0 0 0 0 0 0 0 0 0 0 0 0
0 6 121 1 0 1 1 1 1 0 0 0 1 1 1 1 0 1 1 1 0 0 0 1 0 0 0 1 1 1 1 2 181 193 191 194 194 194 189 196 156 4 1 1 1 1 1 1 1 1 1 0 0 0 0 1 1 1 0 0 0 0 1 1 0 0 0 1 1 1 1 1 1 1 1 1 1 1 221 54 1 1 1 0 0 2 0 0 0 0 1 1 1 0 0 1 61 0 0 1 1 162 233 1 185 18 1 2 3 2 1 121 1 0 1 1 3 1 1 1 1 0 0 0 1 1 1 1 18 1 5 1 0 0 0 1 1 1 0 1 1 0 0 1 0 1 14 4 1 1 0 0 0 0 0 1 13 40 1 1 4 0 0 0 0 0 0 1 62 4 1 0 1 1 0 0 0 1 1 1 1 0 0 1 1 1 1 1 1 1 1 1 1 0 0 1 0 0 1 10 1 1 1 1 1 13 197 207 166 28 1 1 0 0 0 0 0 0 0 0 0 0 2 13 1 1 1 0 1 0 0 0 1 0 0 150 1 0 1 1 1 0 0 0 1 194 179 9 0 1 0 0 0 0 1 1 12 29 34 36 36 38 38 37 37 38 38 210 237 1 25 39 1 1 0 0 0 0 0 1 40 4 0 0 0 0 0 0 0 0 0 0 0 0 0 0 0 1 1 211 2 0 0 0 1 162 162 1 1 1 0 0 0 0 0 0 26 7 0 0 0 0 0 0 0 0 0 0 0 0 0 0 0 0 0 0 0 0 0 0 0 0 0 0 0 0 0 0 0 0 0 0 0 0 0 0 1 13 26 27 27 23 4 1 1 0 0 0 0 0 0 0 0 0 0 0 0 0 0 2 93 112 23 2 1 0 0 0 0 0 0 0 1 2 1 1 1 1 1 1 1 122 249 228 3 1 2 20 7 3 1 1 1 0 0 0 0 0 0 0 0 0 0 62 1 0 0 0 0 0 0 0 0 0 0 0 0 0 0 0 0 0 0 0 0 0 0 0 0 1 29 24 1 1 0 0 0 1 1 1 1 1 0 0 0 0 0 0 0 0 0 0 0 0 0 0 0 0 0 0 1 1 1 1 1 1 2 2 10 240 196 2 1 1 0 0 0 0 0 0 0 0 0 0 0 0 0 0 0 0 0 0
1 115 12 0 0 1 1 1 1 1 1 1 1 1 1 1 0 0 1 1 0 0 1 1 0 0 0 0 0 0 1 176 73 1 1 1 1 1 7 73 36 40 44 1 1 1 1 1 1 1 3 2 1 1 1 1 1 2 0 1 1 1 1 1 1 1 1 1 1 1 1 0 0 0 1 0 1 1 230 1 0 0 0 0 1 2 0 0 0 0 1 1 1 0 0 1 54 0 1 1 85 231 171 1 190 1 1 1 1 1 29 74 1 1 1 0 2 1 1 1 1 1 0 0 0 2 1 6 4 1 1 6 1 0 0 0 0 1 1 0 1 1 0 1 2 22 2 1 0 0 0 0 0 0 1 40 12 1 1 1 4 1 0 0 0 1 1 71 3 1 0 0 1 0 0 0 1 1 1 0 0 1 42 74 75 77 76 73 77 75 25 1 1 1 1 1 1 1 3 2 1 1 0 0 1 1 1 1 172 203 96 15 1 1 0 0 0 0 0 0 0 1 20 1 1 1 1 1 1 0 1 1 1 1 1 150 1 0 1 1 1 0 0 0 0 1 226 4 0 1 0 0 0 0 0 1 0 0 0 0 0 0 0 0 0 1 191 239 1 1 1 17 46 1 1 0 0 0 1 32 6 0 0 0 0 0 0 0 0 0 0 0 0 0 0 0 0 1 195 91 1 0 0 1 104 190 1 1 1 0 0 0 0 0 0 0 48 2 0 0 0 0 0 0 0 0 0 0 0 0 0 0 0 0 0 0 0 0 0 0 0 0 0 0 0 0 0 0 0 0 0 0 0 0 0 0 0 0 0 0 1 1 11 25 27 27 24 5 1 1 0 0 0 0 0 0 0 0 0 0 1 68 111 42 1 0 0 0 0 0 0 0 1 3 1 0 0 0 1 1 0 1 1 223 249 170 82 15 31 51 61 65 67 67 67 67 67 68 68 68 68 68 69 80 14 7 1 1 1 1 1 1 1 1 1 1 1 1 0 0 0 0 0 0 0 0 0 0 0 3 26 15 1 1 0 0 0 0 1 1 1 1 0 0 0 0 0 0 0 0 0 0 0 0 0 0 0 0 0 0 0 0 1 1 1 1 2 21 242 177 2 1 1 0 0 0 0 0 0 0 0 0 0 0 0 0 0 0 0 0 0 0
1 134 1 0 1 1 0 0 0 1 1 1 1 1 1 0 0 0 1 0 0 0 1 0 1 1 0 0 0 0 55 179 1 1 0 0 0 0 1 3 1 1 6 12 10 10 10 10 9 6 3 8 1 0 0 0 0 1 1 1 1 1 1 1 1 1 0 0 1 0 1 1 0 0 1 0 1 1 230 1 0 0 0 0 1 2 0 0 0 1 1 1 1 4 5 30 28 0 1 40 233 147 1 6 188 1 1 1 1 1 110 4 1 0 0 0 2 1 1 1 1 1 0 0 0 1 4 16 1 0 0 1 7 1 0 1 1 0 1 1 0 1 1 2 13 1 1 1 0 0 0 0 0 0 40 2 1 1 1 1 1 3 0 0 1 6 71 1 1 0 0 1 1 0 1 1 1 1 0 2 66 70 7 91 198 202 199 73 1 1 19 87 6 1 1 1 1 1 4 1 1 1 1 1 0 0 0 1 1 179 108 52 97 97 23 1 0 0 0 0 0 4 8 1 1 1 0 1 1 1 1 1 1 0 0 149 1 0 1 0 1 0 0 0 1 1 210 142 1 1 0 0 0 0 0 0 0 0 0 0 0 0 0 0 1 188 240 1 1 1 0 1 11 57 1 1 0 1 22 11 1 0 0 0 0 0 0 0 0 0 0 0 0 0 0 0 1 154 178 1 0 0 1 8 207 1 1 1 0 0 0 0 0 0 0 0 18 12 0 0 0 0 0 0 0 0 0 0 0 0 0 0 0 0 0 0 0 0 0 0 0 0 0 0 0 0 0 0 0 0 0 0 0 0 0 0 0 0 0 0 0 0 0 0 0 0 1 10 25 27 28 28 27 22 6 1 1 1 0 0 0 1 49 118 51 1 0 0 0 0 0 0 1 3 1 0 0 1 1 0 0 0 0 1 7 247 245 65 1 0 0 0 0 0 0 0 0 0 0 0 1 1 1 1 1 2 7 11 11 11 11 11 11 11 11 11 11 11 11 11 11 11 11 11 11 11 11 10 9 17 17 8 1 1 1 1 1 1 1 1 0 0 0 0 0 0 0 0 0 0 0 0 0 0 0 0 0 0 0 0 0 0 0 0 1 1 48 245 149 2 1 1 0 0 0 0 0 0 0 0 0 0 0 0 0 0 0 0 0 0 0 0
61 80 0 0 1 1 1 1 0 0 0 0 1 1 1 0 0 1 1 0 0 1 1 0 1 1 0 0 0 1 191 3 1 0 0 0 0 0 2 1 1 1 1 1 0 0 0 0 0 0 0 7 1 0 0 0 0 1 2 1 0 0 0 0 0 1 0 0 1 0 0 1 0 0 1 1 1 1 230 1 0 0 0 1 2 1 1 1 1 3 4 5 3 1 1 62 6 1 27 233 136 1 1 9 188 1 1 1 1 1 112 56 3 1 0 0 1 1 1 0 1 1 0 0 0 0 6 1 0 0 0 0 1 7 1 0 1 1 1 1 1 0 1 14 1 1 1 1 1 0 0 0 0 1 42 1 1 1 1 0 0 4 1 1 43 47 1 1 0 0 0 1 1 1 1 1 1 1 42 62 2 110 202 182 7 1 5 186 178 1 1 1 81 1 1 1 0 0 1 3 1 0 0 1 1 1 0 0 0 1 203 1 1 1 40 97 76 1 1 0 1 17 1 0 1 1 1 1 0 1 1 1 1 1 1 146 2 1 1 1 1 0 0 1 1 0 145 211 1 0 0 0 0 0 0 0 0 0 0 0 0 0 0 1 189 240 1 0 1 1 1 0 1 6 63 1 1 14 15 1 0 0 0 0 0 0 0 0 0 0 0 0 0 0 0 0 18 208 1 1 1 1 1 207 7 1 1 1 1 0 0 0 0 0 0 0 1 59 1 0 0 0 0 0 0 0 0 0 0 0 0 0 0 0 0 0 0 0 0 0 0 0 0 0 0 0 0 0 0 0 0 0 0 0 0 0 0 0 0 0 0 0 0 0 0 0 0 0 0 0 0 0 1 1 8 21 26 27 27 27 26 26 26 65 116 72 1 0 0 0 0 1 2 2 0 0 0 1 1 0 0 0 0 0 1 1 198 251 202 5 1 1 1 1 0 0 0 0 0 0 0 0 1 0 0 0 0 0 0 0 0 0 0 0 0 0 0 0 0 0 0 1 1 1 1 1 1 1 1 1 20 5 1 1 1 1 1 1 0 0 0 0 0 0 0 0 0 0 0 0 0 0 0 0 0 0 0 0 0 0 0 0 0 0 1 93 247 103 5 4 3 3 3 2 2 2 1 1 1 1 1 1 1 0 0 0 0 0 0 0 0 0
134 1 0 1 1 0 1 1 1 1 1 1 1 1 1 1 1 1 1 0 0 1 1 1 1 0 0 0 0 61 131 112 1 1 0 0 0 1 3 1 0 1 1 2 0 0 1 0 0 0 0 7 1 1 2 4 6 8 9 1 0 0 0 0 0 1 0 0 1 1 0 0 0 0 0 1 0 1 230 1 0 0 0 1 2 1 1 3 2 1 1 1 0 1 1 80 1 6 233 150 1 1 1 43 179 1 0 1 0 1 103 2 43 14 1 0 1 2 1 0 1 1 0 0 0 1 6 1 0 0 0 0 0 1 7 1 1 1 1 1 1 1 16 1 0 0 0 0 1 1 0 1 6 53 1 1 1 0 0 1 0 1 9 75 7 1 0 0 0 0 0 1 0 1 1 1 1 17 22 37 142 196 1 1 1 1 1 1 122 203 201 149 10 76 3 1 0 0 0 1 3 2 0 0 0 1 0 0 0 0 156 153 0 0 1 1 4 93 92 2 8 4 1 1 0 1 1 1 0 1 1 1 1 1 1 138 4 1 1 1 1 0 1 1 1 0 128 214 1 0 0 0 0 0 0 0 0 0 0 0 0 0 1 190 240 1 0 0 0 1 1 1 0 1 4 72 18 21 1 1 1 0 0 0 0 0 0 0 0 0 0 0 0 0 0 1 206 45 1 1 1 1 178 141 1 1 1 1 0 0 0 0 0 0 0 0 0 11 20 0 0 0 0 0 0 0 0 0 0 0 0 0 0 0 0 0 0 0 0 0 0 0 0 0 0 0 0 0 0 0 0 0 0 0 0 0 0 0 0 0 0 0 0 0 0 0 0 0 0 0 0 0 0 0 0 0 0 0 0 0 0 0 1 55 3 102 104 1 0 0 0 1 2 1 0 0 1 1 1 0 0 0 0 1 1 1 1 5 245 243 63 1 1 1 1 1 1 1 1 1 0 1 1 0 0 0 0 0 0 0 0 0 0 0 0 0 0 0 0 0 0 0 0 0 0 0 0 0 0 0 20 5 0 0 0 0 0 0 0 0 0 0 0 0 0 0 0 0 0 0 0 0 0 0 0 0 0 0 0 0 0 0 0 1 126 246 42 1 1 1 1 1 2 2 2 3 3 4 4 4 4 4 5 5 5 5 5 5 5 5 5 5
86 1 0 1 1 0 1 0 1 1 1 1 1 0 0 1 1 1 1 0 0 1 1 1 1 1 0 0 1 143 1 136 1 1 1 1 1 3 1 0 0 1 1 2 1 1 1 1 1 1 1 2 8 6 4 2 1 1 16 1 0 0 0 0 1 1 1 0 1 1 0 0 0 0 0 1 0 90 222 1 1 1 1 0 1 11 4 1 0 1 1 0 0 1 1 81 1 227 186 1 1 1 1 146 140 1 1 1 0 2 74 2 3 17 45 1 1 2 1 0 0 1 1 0 1 3 2 1 0 0 0 0 0 0 1 8 1 1 1 1 1 16 1 0 0 0 0 0 0 1 1 29 21 1 1 1 0 0 1 0 1 56 75 1 1 0 0 0 0 0 1 1 1 1 1 1 1 72 1 140 58 126 0 0 0 0 0 0 1 1 4 163 203 126 67 19 1 0 0 0 1 2 2 0 0 1 1 1 0 0 1 204 1 0 0 0 1 1 1 95 68 1 0 1 1 0 1 1 1 1 1 1 1 1 1 125 15 0 1 0 0 0 1 1 0 0 205 166 0 0 0 0 0 0 0 0 0 0 0 0 0 0 190 240 1 0 0 0 0 0 0 1 0 1 1 2 110 3 1 0 1 1 1 0 0 0 0 0 0 0 0 0 0 0 1 79 53 205 203 37 1 96 191 1 1 1 1 1 0 0 0 0 0 0 0 0 0 1 60 1 0 0 0 0 0 0 0 0 0 0 0 0 0 0 0 0 0 0 0 0 0 0 0 0 0 0 0 0 0 0 0 0 0 0 0 0 0 0 0 0 0 0 0 0 0 0 0 0 0 0 0 0 0 0 0 0 0 0 0 0 0 0 0 1 57 1 71 122 4 0 1 2 2 1 0 0 1 1 0 0 0 0 0 1 1 1 1 1 1 206 251 206 20 2 2 2 1 1 1 1 0 1 1 0 0 0 1 0 0 0 0 0 0 0 0 0 0 0 0 0 0 0 0 0 0 1 1 4 13 5 1 54 20 22 25 2 0 0 0 0 0 0 0 0 0 0 0 0 0 0 0 0 0 0 0 0 0 0 0 0 0 0 1 159 245 13 1 1 1 1 1 1 1 1 1 1 1 1 1 1 1 1 1 1 1 1 1 1 1 0 0 0
3 2 2 2 1 1 1 1 1 1 0 0 1 1 0 0 0 1 1 0 0 1 1 1 1 1 0 1 107 42 1 41 98 1 1 1 3 1 0 0 1 1 0 2 0 1 1 0 0 0 0 1 0 0 0 1 0 0 1 12 0 0 0 1 1 1 1 0 0 0 0 0 1 0 0 1 1 190 186 1 1 1 1 9 16 1 1 0 1 1 0 1 1 1 1 82 93 239 1 1 11 7 84 177 3 2 1 1 1 40 15 1 1 3 2 47 7 2 1 0 0 1 1 4 2 1 1 1 1 0 0 0 0 1 1 1 5 1 1 1 14 1 0 0 0 0 0 0 0 1 34 5 1 1 1 1 1 1 1 1 90 19 1 0 0 0 0 0 0 1 1 1 1 1 1 1 9 33 106 23 164 1 0 0 0 0 0 0 0 0 1 1 1 176 175 33 36 1 0 0 0 1 1 2 0 0 0 1 1 0 0 180 121 1 0 0 0 0 1 15 55 49 1 0 1 1 0 1 1 1 1 0 0 1 2 35 123 1 1 0 0 1 1 0 0 1 228 2 0 0 0 0 0 0 0 0 0 0 0 0 0 191 240 1 0 0 0 0 0 0 0 1 1 1 0 1 2 101 13 1 0 0 1 1 0 0 0 0 0 0 0 0 0 1 82 3 0 1 14 199 215 205 1 1 0 1 1 0 0 0 0 0 0 0 0 0 0 0 4 35 0 0 0 0 0 0 0 0 0 0 0 0 0 0 0 0 0 0 0 0 0 0 0 0 0 0 0 0 0 0 0 0 0 0 0 0 0 0 0 0 0 0 0 0 0 0 0 0 0 0 0 0 0 0 0 0 0 0 0 0 0 0 0 0 18 15 1 43 117 102 101 6 1 1 0 1 1 1 0 0 0 0 1 1 1 1 1 1 1 1 4 246 226 19 3 1 1 1 1 1 0 0 0 0 1 1 1 1 3 30 42 42 39 34 32 30 26 20 16 11 8 5 4 3 6 28 53 32 15 28 53 37 7 5 6 93 18 1 1 1 1 1 1 0 0 0 0 0 0 0 0 0 0 0 0 0 0 0 0 0 0 1 184 243 5 1 1 1 1 0 0 0 0 0 0 0 0 0 1 1 1 1 0 0 0 0 0 0 1 1 1 0
197 1 1 1 1 1 1 1 2 3 1 1 1 1 0 0 0 1 1 0 33 111 99 83 28 4 1 6 136 1 1 1 139 1 0 1 3 1 0 0 1 0 0 2 1 0 1 1 0 0 0 1 0 1 1 1 0 1 1 18 0 0 0 1 1 0 1 0 0 0 0 1 1 0 0 1 1 212 140 1 1 9 17 2 0 1 1 1 1 0 1 1 1 0 1 84 232 170 45 159 155 160 176 10 1 1 1 1 1 74 2 1 0 1 3 1 20 30 1 0 1 2 3 1 0 1 1 1 1 1 0 0 1 1 1 0 1 5 1 8 3 0 0 0 0 0 0 0 0 10 19 1 1 1 0 0 0 1 1 95 4 1 0 0 0 0 0 0 0 1 1 1 1 0 1 1 72 1 142 1 166 1 1 1 0 0 0 0 0 1 1 1 1 1 129 191 36 19 0 0 0 0 1 3 1 0 0 0 1 1 0 4 182 157 1 0 0 0 5 4 1 18 96 3 1 1 0 0 1 1 1 0 0 2 1 1 96 83 1 1 1 1 1 1 0 2 228 1 0 0 0 0 0 0 0 0 0 0 0 1 205 239 1 0 0 0 0 0 0 0 0 1 1 0 0 0 1 1 74 55 1 0 0 1 1 0 0 0 0 0 0 0 1 84 2 0 0 1 1 81 202 15 13 1 0 1 0 0 0 0 0 0 0 0 0 0 0 0 1 57 1 0 0 0 0 0 0 0 0 0 0 0 0 0 0 0 0 0 0 0 0 0 0 0 0 0 0 0 0 0 0 0 0 0 0 0 0 0 0 0 0 0 0 0 0 0 0 0 0 0 0 0 0 0 0 0 0 0 0 0 0 0 0 0 0 61 1 0 42 8 1 105 1 1 0 1 1 1 1 0 0 1 1 1 1 1 1 1 0 0 1 1 247 247 248 241 138 7 2 1 1 1 1 1 1 9 78 64 40 4 2 2 2 3 3 4 5 8 10 15 20 27 31 34 26 5 1 1 1 1 1 4 47 55 50 27 68 99 101 101 100 99 96 93 88 83 77 67 19 1 1 0 0 0 0 0 0 0 0 0 1 202 240 3 1 1 1 1 2 2 2 2 2 2 2 2 2 2 2 2 2 2 2 2 2 2 2 1 1 1 0 0
226 219 1 1 1 1 0 0 0 1 1 2 3 3 3 2 1 1 1 1 120 2 9 32 82 123 128 122 45 1 0 1 139 1 1 4 1 1 0 1 1 0 0 2 1 0 1 1 1 1 1 1 1 1 0 1 1 1 0 18 0 0 0 1 1 0 1 1 0 0 0 1 1 1 1 1 1 228 95 7 18 2 1 0 1 1 1 1 0 1 1 1 1 0 1 81 243 3 164 10 2 2 83 1 1 1 1 1 1 72 2 1 0 1 1 3 1 6 37 2 4 1 0 1 0 1 1 0 1 1 0 1 1 1 0 0 0 2 12 7 1 0 0 0 0 0 0 0 1 59 1 1 1 0 0 0 1 23 102 2 0 0 0 0 0 0 1 0 0 0 1 1 0 1 1 4 53 1 143 11 153 1 1 0 0 0 1 1 1 1 1 1 1 1 1 108 182 85 1 0 0 0 0 1 5 0 0 0 0 0 1 1 60 125 179 1 0 1 11 1 0 1 1 82 87 2 1 0 1 1 1 1 1 2 1 1 1 127 90 1 1 1 1 1 1 212 141 0 0 0 0 0 0 0 0 0 0 1 1 237 232 1 1 0 0 0 0 0 0 0 0 1 0 0 0 0 0 1 1 29 98 1 0 0 1 0 0 0 0 0 0 1 85 2 0 0 1 1 97 193 1 0 2 22 1 1 1 1 1 0 0 0 0 0 0 0 0 1 52 3 1 0 0 0 0 0 0 0 0 0 0 0 0 0 0 0 0 0 0 0 0 0 0 0 0 0 0 0 0 0 0 0 0 0 0 0 0 0 0 0 0 0 0 0 0 0 0 0 0 0 0 0 0 0 0 0 0 0 0 0 0 0 0 0 0 1 59 1 1 77 2 104 1 1 1 1 0 0 1 0 1 1 1 1 1 1 1 1 1 1 1 4 138 1 2 160 244 248 248 248 248 248 248 248 246 218 3 32 3 0 0 0 0 0 0 0 0 0 0 1 1 1 1 0 0 0 0 0 0 0 0 0 1 3 5 20 4 1 1 1 1 1 1 2 3 4 5 9 48 99 24 1 0 0 0 0 0 0 0 1 214 237 3 1 1 1 1 0 0 0 0 0 0 0 0 0 0 0 0 0 0 0 0 0 0 1 1 1 1 2 2 2
2 208 229 1 1 1 1 0 1 1 0 0 1 1 1 1 3 25 106 120 8 0 0 0 1 1 1 0 2 6 0 1 136 1 2 3 1 1 1 1 0 0 0 2 1 0 1 1 1 1 1 1 0 0 1 1 1 0 1 19 1 1 1 1 1 1 1 1 1 1 1 6 15 19 20 21 195 204 37 4 1 1 1 1 1 1 1 1 1 1 1 1 1 0 1 154 234 98 123 1 1 1 81 1 1 1 1 1 1 43 12 1 1 1 0 1 2 1 2 36 1 1 1 1 1 1 1 0 0 1 1 1 1 1 0 1 1 1 38 1 1 0 0 0 0 0 0 0 15 13 1 1 0 0 0 1 100 54 1 0 0 0 0 0 0 0 1 0 1 1 1 2 1 1 1 72 1 92 42 133 48 0 1 0 0 1 1 1 1 1 0 0 1 1 1 1 203 15 51 1 0 0 0 0 6 1 0 0 0 0 1 1 6 29 58 188 4 15 1 0 0 0 1 1 2 93 93 3 1 1 0 1 3 2 1 1 1 113 125 112 1 0 0 1 7 226 1 0 0 0 0 0 0 1 1 1 1 186 246 192 1 1 1 0 0 0 0 0 0 0 0 0 0 0 0 0 0 0 0 1 4 110 10 1 1 1 0 0 0 0 1 86 1 0 0 1 1 110 191 1 1 0 0 1 20 4 1 1 0 0 0 0 0 0 0 0 1 59 2 0 0 0 0 0 0 0 0 0 0 0 0 0 0 0 0 0 0 0 0 0 0 0 0 0 0 0 0 0 0 0 0 0 0 0 0 0 0 0 0 0 0 0 0 0 0 0 0 0 0 0 0 0 0 0 0 0 0 0 0 0 0 0 0 0 0 0 24 11 0 2 63 105 68 1 1 1 0 0 1 1 1 1 1 1 1 1 1 1 1 1 2 133 3 0 0 1 1 1 2 2 4 8 14 37 99 245 156 55 1 0 0 0 0 0 0 0 0 0 0 0 1 0 0 0 0 0 0 0 0 0 0 2 12 5 4 3 1 0 0 0 0 0 0 0 0 0 0 0 0 1 46 29 0 0 0 0 0 0 1 224 232 2 1 0 0 0 0 0 0 0 0 0 0 0 0 0 0 0 0 0 0 0 0 0 0 0 0 0 0 0 0 0
1 1 180 238 14 1 1 1 1 0 0 1 1 0 0 0 1 89 7 1 0 0 0 1 1 1 1 0 0 9 1 1 130 3 5 1 1 0 1 1 1 1 0 2 1 1 1 1 1 1 1 4 5 6 6 6 6 6 6 43 0 1 1 1 1 4 13 21 17 17 12 4 1 1 1 2 233 1 3 1 1 1 1 0 0 1 1 2 1 1 0 1 0 1 10 234 143 156 23 1 1 2 83 1 1 1 1 1 1 7 57 0 0 0 0 0 0 2 1 1 18 2 1 1 1 1 1 0 0 1 1 1 1 1 0 1 1 17 1 2 1 1 0 0 0 0 0 1 61 1 1 0 1 5 11 17 60 1 0 0 0 1 1 0 0 0 1 1 2 1 0 1 2 1 1 69 1 143 1 165 1 1 0 0 1 1 1 1 1 1 0 0 0 1 1 1 129 177 81 1 0 0 0 0 2 3 0 0 0 0 1 0 1 46 2 9 197 21 1 0 0 0 1 2 1 1 1 84 100 27 1 1 4 1 1 1 77 43 1 80 117 1 0 0 194 185 1 0 0 1 1 1 1 1 6 225 246 239 6 1 1 1 0 0 0 0 0 0 0 0 0 0 0 0 0 0 0 0 0 0 1 1 84 49 1 1 1 1 0 2 84 1 0 1 1 1 134 189 1 1 0 0 0 0 1 10 14 1 0 0 0 0 0 0 0 1 1 50 14 1 0 0 0 0 0 0 0 0 0 0 0 0 0 0 0 0 0 0 0 0 0 0 0 0 0 0 0 0 0 0 0 0 0 0 0 0 0 0 0 0 0 0 0 0 0 0 0 0 0 0 0 0 0 0 0 0 0 0 0 0 0 0 0 0 0 0 1 65 1 1 1 2 110 105 1 0 0 0 0 1 0 1 0 1 2 1 1 2 5 4 120 14 0 0 0 0 0 1 1 1 1 1 1 1 1 147 245 4 3 0 0 0 0 0 0 0 0 0 0 0 1 0 0 0 0 0 0 1 1 1 9 7 1 0 0 1 1 0 0 0 0 0 0 0 0 0 0 0 0 0 0 96 2 0 0 0 0 1 230 229 2 1 0 0 0 0 0 0 0 0 0 0 0 0 0 0 0 0 0 0 0 0 0 0 0 0 0 0 0 0 0 0
1 1 1 126 242 86 1 1 1 0 1 1 0 0 0 0 64 4 0 1 0 0 1 2 1 0 1 0 0 1 5 1 132 7 2 1 1 1 0 1 1 1 1 1 1 1 1 1 1 6 6 1 1 1 1 1 1 1 1 38 12 12 12 11 10 5 1 1 1 1 1 1 1 1 1 177 204 1 1 2 1 1 1 1 1 1 1 1 0 0 0 1 0 1 33 241 1 162 117 80 79 76 40 1 1 1 1 1 1 1 79 0 0 0 0 0 1 1 9 3 1 12 4 1 1 1 1 0 1 1 1 1 1 1 0 0 1 22 0 0 2 1 1 0 0 0 0 11 19 1 2 11 10 2 1 1 65 1 0 1 1 1 0 0 0 1 1 1 1 0 0 0 1 2 62 3 1 144 1 167 1 1 0 1 1 0 1 1 1 1 0 0 0 1 1 1 1 205 3 71 1 0 0 0 0 4 2 0 0 0 0 0 0 1 59 1 3 197 7 1 1 1 6 2 1 1 1 1 1 38 107 95 12 1 1 8 102 12 1 1 48 101 1 1 221 76 1 1 1 1 10 209 245 246 246 213 3 1 1 1 0 0 0 0 0 0 0 0 0 0 0 0 0 0 0 0 0 0 0 0 0 0 1 37 92 1 0 0 3 84 1 1 1 1 1 144 183 1 1 0 0 0 0 0 0 0 3 23 1 0 0 0 0 0 0 1 0 1 17 59 3 0 0 0 0 0 0 0 0 0 0 0 0 0 0 0 0 0 0 0 0 0 0 0 0 0 0 0 0 0 0 0 0 0 0 0 0 0 0 0 0 0 0 0 0 0 0 0 0 0 0 0 0 0 0 0 0 0 0 0 0 0 0 0 0 0 0 64 1 1 0 0 1 79 129 2 0 0 1 1 0 0 0 1 1 14 6 3 2 83 36 1 0 1 1 1 0 0 1 1 1 1 1 1 1 13 248 1 4 1 0 0 0 0 0 0 0 0 0 0 1 0 0 0 0 1 2 5 6 16 2 1 0 0 0 1 1 0 0 0 0 0 0 0 0 0 0 0 0 0 0 6 80 1 1 0 2 234 222 1 1 0 0 0 0 0 0 0 0 0 0 0 0 0 0 0 0 0 0 0 0 0 0 0 0 0 0 0 0 0 0 0
0 1 0 1 42 241 154 1 1 1 1 1 1 1 0 1 91 1 1 1 0 0 1 1 0 0 1 0 0 1 1 5 144 8 1 0 0 1 1 1 0 1 1 1 2 1 1 10 15 1 1 1 1 1 0 1 1 1 1 23 1 1 1 1 1 1 1 1 1 1 1 1 1 1 1 219 140 1 1 3 7 6 6 6 6 1 0 0 0 0 1 1 0 1 115 239 1 180 48 1 1 1 1 1 0 0 1 1 1 1 84 1 0 0 1 1 1 1 1 6 2 1 8 4 1 1 1 1 1 1 1 1 1 0 0 1 27 1 0 0 1 2 1 1 1 1 1 70 9 11 5 1 1 1 0 1 5 43 1 0 1 1 0 0 1 2 1 0 0 0 0 0 0 2 67 1 1 144 1 167 1 1 1 1 0 0 1 1 1 1 1 0 0 1 0 1 1 192 57 17 45 1 0 0 0 1 3 2 0 0 0 0 0 0 33 5 0 6 198 3 1 5 1 0 1 1 1 1 1 1 2 3 84 81 1 126 1 1 11 1 24 38 117 8 238 145 191 233 245 246 246 227 57 2 1 1 1 1 0 0 0 0 0 0 0 0 0 0 0 0 0 0 0 0 0 0 0 0 0 0 0 0 0 1 6 109 5 4 82 1 1 1 1 1 152 185 16 1 0 0 0 0 0 0 0 0 0 1 23 3 0 0 0 0 1 1 0 0 0 1 45 25 1 0 0 0 0 0 0 0 0 0 0 0 0 0 0 0 0 0 0 0 0 0 0 0 0 0 0 0 0 0 0 0 0 0 0 0 0 0 0 0 0 0 0 0 0 0 0 0 0 0 0 0 0 0 0 0 0 0 0 0 0 0 0 0 0 14 18 1 0 1 1 1 37 130 12 1 1 0 0 0 0 1 27 39 43 22 42 68 1 0 0 0 1 1 1 0 0 1 1 1 0 0 1 1 248 1 1 4 1 0 0 0 0 0 0 0 0 0 1 0 0 1 5 6 4 1 1 8 1 1 0 0 0 1 1 0 0 0 0 0 0 0 0 0 0 0 0 0 0 1 102 1 0 13 235 213 1 1 0 0 0 0 0 0 0 0 0 0 0 0 0 0 0 0 0 0 0 0 0 0 0 0 0 0 0 0 0 0 0 0
0 0 0 0 1 3 236 194 1 1 1 0 1 1 1 1 96 1 1 1 1 1 2 1 0 1 1 0 0 1 1 1 157 2 1 0 0 0 1 1 1 1 1 1 13 10 7 10 1 1 1 1 1 1 1 1 1 1 1 23 1 1 1 1 1 1 1 1 1 1 1 1 1 1 1 233 9 1 2 7 2 1 0 0 1 2 2 1 0 1 1 1 1 1 160 234 1 191 7 1 1 1 1 0 1 1 1 1 1 7 98 1 1 1 1 1 1 1 1 1 8 2 1 10 3 1 1 1 1 1 1 1 0 0 0 4 9 0 0 0 0 1 2 1 0 1 45 45 1 1 1 1 0 0 0 1 1 67 1 0 1 1 1 1 1 1 0 0 0 0 0 1 4 62 1 0 1 144 1 167 1 1 1 0 0 1 1 1 1 1 1 1 1 1 0 0 1 14 201 1 14 87 45 1 1 0 1 4 1 0 0 0 0 0 1 61 1 0 19 196 10 1 1 1 1 1 2 2 3 2 1 1 1 3 149 34 1 0 1 17 3 49 203 217 246 251 237 201 31 1 1 1 1 1 1 1 0 0 0 0 0 0 0 0 0 0 0 0 0 0 0 0 0 0 0 0 0 0 0 0 0 0 0 0 1 1 95 107 1 1 1 1 1 166 178 1 9 27 1 1 0 0 0 0 0 0 0 0 1 13 10 1 0 1 1 0 0 0 0 0 0 8 53 1 0 0 0 0 0 0 0 0 0 0 0 0 0 0 0 0 0 0 0 0 0 0 0 0 0 0 0 0 0 0 0 0 0 0 0 0 0 0 0 0 0 0 0 0 0 0 0 0 0 0 0 0 0 0 0 0 0 0 0 0 0 0 0 1 64 1 0 1 1 0 1 25 113 108 2 0 1 1 1 16 29 1 1 11 108 3 1 1 0 0 0 1 1 1 1 0 0 1 1 0 0 1 248 25 1 2 2 0 0 0 0 0 0 0 0 0 1 1 5 5 1 1 0 0 1 6 0 1 1 0 0 1 1 0 0 0 0 0 0 0 0 0 0 0 0 0 0 0 107 198 177 235 205 1 1 0 0 0 0 0 0 0 0 0 0 0 0 0 0 0 0 0 0 0 0 0 0 0 0 0 0 0 0 0 0 0 0 0
0 0 0 0 1 1 1 227 221 1 1 1 0 0 0 18 57 2 1 1 1 1 1 0 0 1 0 0 1 1 1 1 157 1 1 1 1 0 0 1 1 1 1 4 5 1 1 6 1 1 1 1 1 0 1 1 1 0 0 15 2 1 1 1 1 1 1 1 1 1 1 1 1 1 1 233 1 1 10 1 1 1 1 0 0 1 2 2 1 1 0 1 1 1 182 232 1 192 3 1 1 1 1 2 59 103 107 106 101 75 108 1 1 0 0 0 1 1 0 1 1 10 1 1 14 3 2 1 1 1 0 0 0 0 1 30 1 0 0 0 0 0 1 3 1 34 39 5 1 0 0 0 0 0 0 0 1 6 39 1 0 1 2 1 0 0 0 0 0 0 1 8 52 1 0 1 1 144 1 164 2 2 3 1 0 1 0 0 1 1 0 1 1 1 0 1 1 1 205 1 0 1 12 80 1 1 1 1 5 1 0 0 0 0 0 58 1 0 1 133 190 2 2 2 2 1 0 1 1 0 0 0 2 70 5 6 16 1 1 1 1 185 111 1 42 250 16 1 1 1 0 0 0 0 0 1 1 0 0 0 0 0 0 0 0 0 0 0 0 0 0 0 0 0 0 0 0 0 0 0 0 0 0 0 1 1 1 72 1 1 1 104 206 155 1 1 1 2 36 2 1 0 0 0 0 0 0 0 0 0 5 22 1 1 0 0 0 0 0 0 0 0 1 59 3 0 0 0 0 0 0 0 0 0 0 0 0 0 0 0 0 0 0 0 0 0 0 0 0 0 0 0 0 0 0 0 0 0 0 0 0 0 0 0 0 0 0 0 0 0 0 0 0 0 0 0 0 0 0 0 0 0 0 0 0 0 0 1 64 1 1 1 1 0 0 1 72 21 89 1 1 1 9 40 1 0 1 1 2 54 6 1 1 0 0 0 0 1 7 2 0 0 1 1 1 1 239 169 1 0 2 2 1 0 0 0 0 0 0 1 5 5 1 0 0 0 0 0 6 1 0 0 0 0 0 0 1 1 0 0 0 0 0 0 0 0 0 0 0 0 0 1 198 3 215 223 1 1 0 0 0 0 0 0 0 0 0 0 0 0 0 0 0 0 0 0 0 0 0 0 0 0 0 0 0 0 0 0 0 0 0 0
0 0 0 0 0 0 0 1 208 230 1 1 1 0 0 89 1 1 2 1 1 2 0 0 1 1 0 0 1 1 1 112 76 0 0 1 1 1 1 1 0 1 1 13 1 1 1 9 1 1 1 1 1 0 1 1 0 0 0 4 11 1 1 1 0 1 1 1 1 1 1 1 1 1 1 233 1 5 2 1 1 1 1 1 1 1 1 1 3 1 0 1 1 1 198 224 1 192 7 1 1 58 108 97 19 1 1 1 1 1 84 1 0 0 0 0 0 0 1 0 1 1 12 1 1 25 1 1 1 0 0 0 0 0 11 3 0 0 0 0 0 0 0 1 49 34 1 6 1 0 0 0 0 0 0 0 0 1 69 1 1 1 1 0 0 0 0 0 0 1 16 43 1 0 0 1 1 141 1 79 128 1 1 3 0 1 1 1 1 1 0 1 1 1 1 1 1 1 198 30 1 0 0 18 36 1 1 1 1 7 1 1 23 83 84 88 63 1 63 2 60 186 1 1 1 0 0 1 1 0 0 7 61 1 1 1 1 19 2 2 198 68 1 1 1 180 249 5 1 0 0 0 0 0 0 1 1 0 0 0 0 0 1 0 0 0 0 0 1 1 1 1 1 1 1 1 0 0 0 0 0 0 1 1 1 1 9 158 189 206 209 188 4 1 0 0 0 1 1 29 5 1 0 0 0 0 0 0 0 0 0 1 26 2 0 0 0 0 0 0 0 0 0 1 45 5 0 0 0 0 0 0 0 0 0 0 0 0 0 0 0 0 0 0 0 0 0 0 0 0 0 0 0 0 0 0 0 0 0 0 0 0 0 0 0 0 0 0 0 0 0 0 0 0 0 0 0 0 0 0 0 0 0 0 0 0 0 1 63 1 1 1 0 0 1 1 2 54 112 83 1 4 35 2 1 1 1 1 1 1 48 10 1 1 0 0 1 8 2 6 4 1 1 1 1 1 183 238 1 1 0 2 4 2 1 1 1 2 5 6 1 1 0 0 0 0 0 0 8 1 0 0 0 0 0 0 0 0 0 0 0 0 0 0 0 0 0 0 0 0 1 1 193 190 237 71 1 0 0 0 0 0 0 0 0 0 0 0 0 0 0 0 0 0 0 0 0 0 0 0 0 0 0 0 0 0 0 0 0 0 0 0
1 0 0 0 0 0 0 1 1 180 239 15 1 1 1 101 1 1 1 1 4 1 0 1 1 1 1 1 1 1 1 157 1 0 0 0 1 1 1 1 0 1 10 1 1 1 1 6 1 0 1 2 0 1 1 1 1 1 1 1 26 1 0 0 0 1 0 1 1 1 1 1 1 1 1 233 1 8 1 1 1 1 1 1 2 1 0 1 1 3 1 1 1 1 184 230 1 115 175 111 116 28 1 1 1 1 1 1 1 1 84 1 0 0 0 0 1 1 1 0 0 1 1 12 1 1 21 1 1 1 0 0 0 1 28 0 0 0 0 0 0 0 1 40 23 1 0 2 2 0 0 0 0 0 0 0 0 0 11 43 1 0 0 0 0 0 0 0 1 29 34 1 0 0 0 1 20 114 1 156 21 1 0 2 1 1 1 1 1 0 0 0 0 0 0 0 0 1 27 198 1 0 0 1 64 50 2 1 1 4 96 89 29 15 1 1 99 29 14 0 0 85 179 1 1 0 0 0 1 1 14 41 1 0 0 0 1 1 12 205 68 0 1 1 1 136 217 243 2 1 0 0 0 0 0 1 1 0 0 0 0 1 1 1 1 2 19 24 26 27 28 29 30 30 30 31 31 20 9 3 1 1 1 168 210 210 206 192 90 4 1 1 0 0 0 0 0 0 0 1 18 20 1 1 0 0 0 0 0 0 0 0 1 16 8 1 0 0 0 0 0 0 0 0 1 41 4 0 0 0 0 0 0 0 0 0 0 0 0 0 0 0 0 0 0 0 0 0 0 0 0 0 0 0 0 0 0 0 0 0 0 0 0 0 0 0 0 0 0 0 0 0 0 0 0 0 0 0 0 0 0 0 0 0 0 0 0 20 13 1 1 0 0 0 0 1 2 1 2 101 138 42 3 1 1 1 1 0 0 1 1 39 19 1 0 1 6 2 1 1 3 6 1 0 1 1 11 249 1 1 1 0 1 2 4 5 6 4 1 1 0 0 0 0 0 0 0 1 7 0 0 0 0 0 0 0 0 0 0 0 0 0 0 0 0 0 0 0 0 0 1 145 229 222 198 127 10 1 0 0 0 0 0 0 0 0 0 0 0 0 0 0 0 0 0 0 0 0 0 0 0 0 0 0 0 0 0 0 0 0 0 0
5 1 0 0 0 0 1 1 1 1 133 241 107 1 1 101 1 0 0 1 1 4 3 1 1 1 1 1 1 1 1 157 1 1 1 1 1 0 1 1 1 1 9 1 1 1 1 3 2 0 2 1 1 1 1 1 0 0 0 1 33 1 0 1 1 1 1 1 1 1 1 1 1 1 2 233 1 6 1 0 1 1 1 1 1 2 1 0 0 1 3 1 1 1 161 234 113 210 156 3 1 1 1 0 0 0 0 0 1 1 82 1 0 1 1 1 1 1 1 1 0 1 2 20 7 1 4 9 1 1 0 0 1 25 1 0 0 0 0 0 0 1 46 13 1 0 0 1 6 1 0 0 0 0 0 0 1 3 3 50 1 0 0 0 0 0 0 1 44 20 1 0 0 0 0 1 126 10 4 168 1 0 0 1 3 1 1 1 1 0 0 0 0 0 0 0 0 1 1 203 6 1 0 1 4 9 76 87 91 71 3 1 0 15 1 1 80 59 1 0 0 1 133 161 1 1 1 0 0 5 46 1 1 0 0 0 0 1 184 135 0 0 0 1 144 118 1 188 241 1 1 0 0 0 0 0 1 1 0 1 1 1 1 14 21 15 1 1 1 1 1 1 1 1 1 1 1 2 6 15 24 64 208 153 1 1 1 3 1 0 0 0 0 0 0 0 0 0 0 0 1 4 38 2 1 0 0 0 0 0 0 0 0 1 6 21 1 0 0 0 0 0 0 0 0 1 44 4 0 0 0 0 0 0 0 0 0 0 0 1 1 0 0 0 0 0 0 0 0 0 0 0 0 0 0 0 0 0 0 0 0 0 0 0 0 0 0 0 0 0 0 0 0 0 0 0 0 0 0 0 0 0 0 0 0 0 0 65 1 1 1 0 0 0 0 1 3 1 1 1 133 131 4 0 1 0 1 1 1 1 0 1 24 33 1 3 4 1 0 0 1 2 8 1 0 1 8 249 1 1 1 1 0 0 1 1 1 2 0 0 0 0 0 0 0 0 0 5 2 0 0 0 0 0 0 0 0 0 0 0 0 0 0 0 0 0 0 0 0 1 134 232 146 1 1 43 90 9 1 0 0 0 0 0 0 0 0 0 0 0 0 0 0 0 0 0 0 0 0 0 0 0 0 0 0 0 0 0 0 0 0 0
1 6 1 0 0 0 1 0 1 0 1 83 241 157 13 66 1 0 0 1 1 1 1 3 3 1 1 1 1 1 112 78 0 1 1 1 1 0 0 0 1 22 1 1 1 1 0 1 6 0 3 1 1 1 1 1 1 1 1 1 34 1 1 1 1 1 1 0 1 1 1 1 1 1 132 230 1 1 11 1 1 1 1 1 2 2 7 4 3 3 5 66 87 102 192 239 217 40 1 1 1 1 1 1 0 0 0 0 0 1 39 11 1 1 1 1 0 0 1 1 1 4 1 1 35 1 1 13 3 1 0 1 10 4 1 1 0 0 0 0 1 53 10 1 0 0 0 1 5 1 0 0 0 0 0 1 5 1 0 4 29 1 0 0 0 0 1 57 12 1 1 0 0 0 1 1 111 24 169 3 1 0 0 1 3 1 1 1 0 1 1 0 0 0 0 0 1 1 1 46 195 1 1 1 6 1 0 0 1 1 0 0 0 8 2 0 3 76 0 0 0 0 1 169 124 1 1 1 1 72 1 0 0 0 0 0 1 182 153 1 0 0 1 111 139 1 0 1 214 232 1 1 0 0 0 0 1 1 1 1 4 17 15 1 1 0 0 0 0 0 0 0 0 0 0 0 0 0 0 1 9 196 3 1 0 1 1 1 3 1 0 0 0 0 0 0 0 0 0 0 0 1 1 30 4 1 0 0 0 0 0 0 0 0 0 1 25 2 0 0 0 0 0 0 0 0 1 53 2 0 0 0 0 0 0 0 0 0 1 14 11 12 5 1 0 0 0 0 0 0 0 0 0 0 0 0 0 0 0 0 0 0 0 0 0 0 0 0 0 0 0 0 0 0 0 0 0 0 0 0 0 0 0 0 0 0 1 66 1 1 0 0 0 0 0 0 2 1 1 13 2 72 136 9 1 0 0 1 1 1 0 0 1 17 43 6 3 1 1 0 0 0 1 10 1 0 3 249 30 1 1 1 1 0 0 0 1 2 0 0 0 0 0 0 0 0 0 8 1 0 0 0 0 0 0 0 0 0 0 0 0 0 0 0 0 0 0 0 1 134 235 115 1 0 0 1 57 80 8 1 0 1 1 1 0 0 0 0 0 0 0 0 0 0 0 0 0 0 0 0 0 0 0 0 0 0 0 0 0 0 0 0
0 1 5 1 0 1 1 0 1 0 0 1 36 241 211 2 1 1 0 0 0 0 0 1 1 2 6 1 1 1 158 1 1 1 1 1 1 1 1 1 4 4 1 1 1 1 0 1 9 0 2 1 1 1 2 3 3 2 1 0 30 1 1 0 0 1 1 1 1 1 10 141 209 231 236 231 175 175 176 160 70 68 70 70 57 56 54 66 51 38 32 155 138 120 175 233 22 195 1 1 1 1 1 1 0 0 0 0 0 0 1 80 1 0 0 0 0 0 1 2 4 1 1 1 1 31 1 1 24 1 1 7 7 0 0 1 1 0 0 1 56 8 1 0 0 0 0 0 1 4 0 0 0 1 3 4 1 0 0 1 52 1 0 0 1 2 75 5 1 1 1 1 0 0 0 1 7 138 171 1 1 0 1 1 1 2 1 1 1 1 1 1 0 0 0 1 1 1 1 1 181 128 1 3 2 0 0 0 1 1 0 0 0 1 13 0 1 94 1 0 0 0 0 1 183 86 1 1 37 8 0 0 0 0 1 2 199 149 1 0 0 1 51 164 1 0 0 0 1 222 226 1 0 0 0 0 1 1 11 17 6 1 0 0 0 0 0 0 0 0 0 0 0 0 0 0 0 0 1 3 197 2 1 1 1 1 0 0 1 3 2 1 0 0 0 0 0 0 0 0 0 0 1 1 40 1 0 0 0 0 0 0 0 0 0 1 1 26 1 0 0 0 0 0 0 0 0 1 60 1 0 0 0 0 0 0 0 1 12 1 1 1 3 12 12 10 1 0 0 0 0 0 0 0 0 0 0 0 0 0 0 0 0 0 0 0 0 0 0 0 0 0 0 0 0 0 0 0 0 0 0 0 0 0 0 0 6 34 1 1 0 0 0 0 0 0 2 1 9 2 1 1 43 148 23 1 0 0 0 0 0 0 1 3 51 1 1 2 1 1 0 0 1 1 9 2 1 200 241 111 1 1 1 0 0 1 1 2 1 0 0 0 0 0 0 0 1 8 0 0 0 0 0 0 0 0 0 0 0 0 0 0 0 0 0 0 1 1 156 235 82 1 0 0 0 0 1 72 67 8 2 1 0 0 0 0 0 0 0 0 0 0 0 0 0 0 0 0 0 0 0 0 0 0 0 0 0 0 0 0 0 0
1 1 1 3 2 1 1 0 1 0 0 1 122 7 230 221 1 1 1 0 0 0 0 1 1 2 2 2 3 3 158 1 1 1 0 0 0 1 1 1 18 1 1 1 1 1 1 1 10 1 1 2 3 3 1 0 1 1 2 1 2 22 1 1 1 18 148 209 231 232 231 214 147 47 148 172 3 1 1 73 117 1 1 1 1 1 1 1 3 2 53 107 2 1 119 233 1 131 170 1 1 1 1 0 0 0 0 0 0 0 1 72 1 0 0 0 0 1 4 2 1 1 0 0 1 6 11 1 1 18 3 13 0 0 0 0 1 1 1 62 6 1 0 0 0 0 0 0 1 5 1 0 1 6 1 0 0 0 0 0 5 25 1 1 13 73 1 0 0 1 1 1 1 0 1 1 15 200 29 1 1 0 1 1 0 1 1 1 1 0 0 1 1 0 1 1 0 1 1 1 2 206 1 5 1 0 0 0 0 1 1 0 0 1 15 0 0 77 3 0 0 0 0 0 1 181 198 155 102 1 1 0 0 1 44 209 61 1 0 0 1 2 184 1 0 0 0 0 1 1 233 215 1 1 1 3 16 14 1 1 0 0 0 0 0 0 0 0 0 0 0 0 0 0 0 0 0 1 2 196 5 1 1 1 0 0 0 0 0 1 2 3 1 0 0 0 0 0 0 0 0 0 0 1 28 2 1 0 0 0 0 0 0 0 0 1 1 22 1 0 0 0 0 0 0 0 0 1 2 48 1 0 0 0 0 0 1 8 2 1 0 0 0 1 1 1 8 12 11 1 0 0 0 0 0 0 0 0 0 0 0 0 0 0 0 0 0 0 0 0 0 0 0 0 0 0 0 0 0 0 0 0 0 0 0 0 64 1 1 1 0 0 0 0 0 0 2 6 3 0 0 1 1 15 151 54 1 1 0 0 1 1 1 55 2 1 1 1 1 1 1 0 0 0 1 8 36 160 9 238 180 1 1 1 2 2 1 0 1 1 0 0 0 0 0 0 1 7 0 0 0 0 0 0 0 0 1 0 0 0 0 0 0 0 0 0 1 126 237 44 1 0 0 0 0 0 0 1 87 60 3 2 0 0 0 0 0 0 0 0 0 0 0 0 0 0 0 0 0 0 0 0 0 0 0 0 0 0 0 0 0 0
1 0 0 1 5 4 1 0 1 0 1 81 41 1 1 214 231 9 1 1 0 0 1 1 1 3 1 1 1 102 123 5 4 2 1 1 1 1 1 10 2 1 1 1 1 1 1 1 11 0 0 1 1 1 1 0 1 1 1 5 71 156 198 229 231 229 211 152 39 1 1 1 10 135 96 135 3 2 1 1 77 105 1 1 1 1 1 1 1 2 158 1 2 1 45 235 1 1 190 67 1 1 1 0 0 0 0 0 0 0 0 3 60 1 0 1 1 4 1 1 0 0 0 0 0 1 28 1 1 4 61 1 1 0 0 0 1 1 64 4 1 0 0 0 0 0 0 0 1 2 2 3 5 1 0 0 0 0 0 0 1 53 2 71 36 1 0 0 0 1 1 0 0 1 1 3 204 58 1 0 1 1 1 0 0 0 0 1 1 1 0 0 1 1 1 0 0 0 1 1 1 201 21 3 2 0 0 0 0 0 1 0 0 1 15 0 0 4 70 0 0 0 0 0 1 1 2 145 198 204 117 1 1 81 206 2 0 0 0 1 1 181 6 0 0 0 0 0 1 2 1 243 173 3 7 3 3 1 1 0 0 0 0 0 0 0 0 0 0 0 0 0 0 0 0 0 1 3 196 12 1 1 0 0 0 0 0 0 0 0 1 1 4 1 1 0 0 0 0 0 0 0 0 0 1 32 6 1 0 0 0 0 0 0 0 1 8 6 0 0 0 0 0 0 0 0 0 0 1 5 34 1 0 0 0 0 4 4 1 0 0 0 0 0 0 0 1 1 1 8 13 11 1 0 0 0 0 0 0 0 0 0 0 0 0 0 0 0 0 0 0 0 0 0 0 0 0 0 0 0 0 0 0 0 0 0 66 1 1 0 0 0 0 0 0 1 12 5 1 0 0 1 1 1 5 137 98 1 1 0 0 1 47 4 1 1 1 0 0 1 1 1 0 0 0 1 50 142 1 3 231 216 3 2 1 0 0 0 0 1 1 0 0 0 0 0 5 2 0 0 0 0 0 0 0 0 1 1 0 0 0 0 0 0 1 1 99 227 200 0 0 0 0 0 0 0 0 0 1 100 47 4 1 0 0 0 0 0 0 0 0 0 0 0 0 0 0 0 0 0 0 0 0 0 0 0 0 0 0 0 0 0
0 0 1 1 1 2 6 1 1 1 16 104 1 0 1 1 188 239 74 1 1 1 1 1 5 1 1 1 42 76 52 1 1 2 3 4 9 12 12 19 1 1 1 1 1 0 1 1 10 0 1 1 1 1 1 5 111 191 227 231 223 211 173 22 1 1 1 1 5 1 1 1 148 1 155 46 1 2 2 1 1 52 83 1 0 1 1 1 0 34 152 17 2 1 4 239 1 1 2 194 150 1 1 1 0 0 0 0 0 0 0 1 11 44 1 4 2 1 1 0 0 1 0 0 0 1 1 35 1 6 104 65 64 3 1 0 1 72 4 1 0 0 0 0 0 1 1 1 1 3 36 2 0 0 0 0 0 0 1 1 1 100 83 2 1 0 0 0 0 0 0 0 1 1 1 202 27 1 0 1 1 1 0 0 0 0 0 0 1 1 1 1 1 1 1 0 0 0 1 1 1 54 194 1 4 0 0 0 0 0 1 0 0 1 15 0 0 1 94 0 0 0 0 0 0 0 0 1 1 10 185 205 206 227 50 1 0 1 1 8 184 15 1 1 1 1 1 1 2 1 1 3 246 102 1 0 2 3 1 0 1 0 0 0 0 0 0 0 0 0 0 0 0 0 0 1 11 198 6 1 0 0 0 0 0 0 0 0 0 0 0 1 1 4 2 1 0 0 0 0 0 0 0 0 0 1 16 19 1 0 0 0 0 0 1 2 16 0 0 0 0 0 0 0 0 0 0 0 1 4 19 14 1 0 0 2 9 1 0 0 0 0 0 0 0 0 0 0 0 0 0 1 9 13 10 1 0 0 0 0 0 0 0 0 0 0 0 0 0 0 0 0 0 0 0 0 0 0 0 0 0 0 0 0 0 0 66 1 1 0 0 0 0 0 0 4 18 3 0 0 0 1 1 0 1 3 110 129 1 1 1 30 10 1 1 1 1 0 0 0 1 1 1 1 6 22 26 169 4 1 2 222 227 2 1 1 0 0 0 0 1 1 0 0 0 0 8 1 0 0 0 0 0 0 0 0 0 1 1 0 0 0 1 1 1 205 246 238 167 1 0 0 0 0 0 0 0 0 0 1 109 37 3 1 0 0 0 0 0 0 0 0 0 0 0 0 0 0 0 0 0 0 0 0 0 0 0 0 0 1 1 2
0 1 1 1 0 1 3 6 1 1 129 1 0 0 1 0 1 158 239 137 1 2 1 7 1 1 1 26 34 95 2 1 1 1 1 1 4 1 1 1 2 1 1 1 1 1 1 1 10 1 4 135 208 231 231 231 219 182 38 1 1 1 1 0 0 1 1 5 1 1 1 143 3 0 169 4 1 0 2 2 1 1 55 79 1 0 1 1 1 162 1 2 36 1 1 240 1 1 1 2 166 171 1 1 1 0 0 0 0 0 0 0 1 7 49 1 1 0 0 0 1 1 1 0 1 1 1 8 73 46 1 1 1 54 2 5 73 2 1 1 0 1 1 1 1 1 1 8 8 2 17 2 0 0 0 0 0 1 1 14 120 25 1 0 0 0 0 0 0 0 0 1 1 1 186 115 1 0 0 1 1 1 0 0 0 0 0 0 0 1 1 1 0 0 1 1 0 0 1 1 1 1 206 1 6 0 0 0 0 0 1 1 0 0 15 1 0 0 95 1 0 0 0 0 0 0 0 1 7 9 1 1 1 144 216 2 1 1 67 180 2 1 1 1 0 0 1 1 1 0 0 1 41 246 7 1 0 1 2 3 1 0 0 0 0 0 0 0 0 0 0 0 0 0 1 30 196 1 1 0 0 0 0 0 0 0 0 0 0 0 0 0 0 1 2 3 1 0 0 0 0 0 0 0 0 0 1 5 35 1 0 0 0 0 1 26 1 0 0 0 0 0 0 0 0 0 0 0 1 16 1 2 20 1 1 12 1 0 0 0 0 0 0 0 0 0 0 0 0 0 0 0 0 1 1 11 13 6 1 0 0 0 0 0 0 0 0 0 0 0 0 0 0 0 0 0 0 0 0 0 0 0 0 0 0 0 67 1 1 0 0 0 0 0 1 21 1 2 3 1 0 0 0 0 0 1 7 102 152 6 20 19 1 1 1 1 0 0 0 0 1 4 24 20 7 1 1 58 121 1 1 2 205 233 5 1 1 0 0 0 1 1 0 0 0 0 8 0 0 0 0 0 0 0 0 0 0 0 1 1 1 1 1 1 214 235 5 1 51 21 1 1 0 0 0 0 0 0 0 0 1 117 29 3 1 0 0 0 0 0 0 0 0 0 0 0 0 0 0 0 0 0 0 0 1 1 2 3 3 3 3 2
1 1 1 0 0 1 1 1 5 108 14 0 0 1 1 1 2 1 110 239 173 1 4 2 0 1 15 45 1 105 1 0 1 1 1 1 3 1 1 1 4 1 1 1 1 1 69 196 230 231 230 213 153 7 1 1 1 1 1 1 0 0 0 1 1 1 1 6 1 1 87 82 0 0 173 1 1 0 0 2 2 1 1 57 89 1 1 1 118 99 1 1 3 22 1 240 2 1 1 1 115 194 1 1 1 1 0 0 0 0 0 0 0 1 16 6 1 1 1 1 1 1 1 1 1 1 1 17 2 1 1 1 1 1 73 93 1 1 1 1 1 1 1 1 7 8 5 1 0 0 1 24 1 1 1 0 1 1 124 127 27 1 0 0 0 0 0 0 0 0 1 1 1 158 170 1 0 0 0 1 1 1 0 0 0 0 0 0 0 1 1 1 1 1 1 1 1 0 1 1 1 1 187 100 6 1 0 0 0 0 1 1 0 0 14 1 0 0 91 1 0 0 0 0 0 0 0 7 9 1 1 1 1 183 95 211 14 141 159 1 0 1 1 1 1 1 1 1 0 0 0 1 1 156 243 1 0 0 0 1 2 0 0 0 0 0 0 0 0 0 0 0 0 1 68 192 1 1 0 0 0 0 0 0 0 0 0 0 0 0 0 0 0 0 1 1 4 1 0 0 0 0 0 0 0 0 0 1 1 39 6 1 0 1 20 2 1 1 1 0 0 0 0 0 0 0 0 1 20 1 0 0 1 21 20 1 0 0 0 0 0 0 0 0 0 0 0 0 0 0 0 0 0 0 0 0 1 3 13 14 5 1 0 0 0 0 0 0 0 0 0 0 0 0 0 0 0 0 0 0 0 0 0 0 0 0 66 1 1 0 0 0 0 0 3 10 0 0 2 4 1 0 0 0 0 1 1 1 79 172 126 1 1 1 1 1 0 0 0 1 9 9 1 1 1 1 1 22 67 143 8 1 1 176 239 18 1 1 0 0 0 0 0 0 0 0 8 0 0 0 0 0 0 0 0 0 0 1 1 1 1 1 2 222 232 3 1 0 1 54 21 1 1 1 0 0 0 0 0 0 0 2 124 22 2 0 0 0 0 0 0 0 0 0 0 0 0 0 0 0 0 1 2 3 3 3 1 0 0 0 0 0
2 1 0 0 1 1 1 1 12 124 0 0 0 1 1 2 1 0 1 88 239 199 7 1 0 6 63 1 1 106 1 0 1 1 1 1 2 1 1 1 3 125 211 231 231 231 225 178 15 4 1 1 1 0 0 0 0 0 0 1 0 0 1 0 0 1 4 1 1 1 154 1 0 0 175 1 1 0 0 0 3 2 11 32 107 162 159 159 73 1 0 1 2 1 20 235 85 1 1 167 184 6 1 1 1 0 0 0 0 0 0 0 0 0 1 44 1 1 1 1 1 1 0 1 1 1 5 8 1 0 1 1 1 1 34 4 7 8 8 9 9 9 8 5 1 0 0 0 0 0 1 27 1 0 0 1 57 153 19 1 6 9 0 0 0 0 0 0 0 1 1 1 81 193 1 0 0 0 0 1 1 1 0 0 0 0 0 0 1 1 0 0 1 1 0 1 1 1 1 1 1 1 2 206 6 1 0 0 0 0 1 1 0 0 4 4 0 0 47 14 0 0 0 1 0 0 7 9 1 0 0 1 145 87 1 16 214 150 1 1 0 0 0 0 1 1 2 1 0 0 0 1 1 1 227 218 1 0 0 1 3 0 0 0 0 0 0 0 0 0 0 0 1 69 188 1 1 0 0 0 0 0 0 0 0 0 0 0 0 0 0 0 0 0 1 1 1 4 1 0 0 0 0 0 0 0 0 0 0 1 17 15 1 8 6 0 0 0 1 1 0 0 0 0 0 0 1 14 2 0 0 0 0 1 2 3 1 0 0 0 0 0 0 0 0 0 0 0 0 0 0 0 0 0 0 0 1 1 0 1 3 13 14 5 1 0 0 0 0 0 0 0 0 0 0 0 0 0 0 0 0 0 0 0 0 0 67 1 1 0 0 0 0 1 20 1 0 0 0 2 3 1 0 0 0 0 0 0 1 94 180 57 1 0 1 1 1 0 1 9 4 1 0 0 1 1 1 27 1 3 135 77 1 1 109 242 125 1 1 1 0 0 0 0 0 0 8 1 0 0 0 0 1 1 1 1 1 1 1 1 1 3 228 228 1 1 0 0 0 1 52 19 1 0 0 0 0 0 0 1 0 1 2 128 17 2 0 0 0 0 0 0 0 0 0 0 0 0 0 0 1 3 2 0 0 0 0 0 0 0 0 0
1 0 0 1 1 1 1 1 139 1 0 0 0 1 2 1 0 0 9 68 3 231 222 1 2 77 1 1 1 103 1 1 1 1 1 8 132 214 231 231 231 221 149 3 1 1 1 1 1 1 2 0 0 0 0 0 0 0 0 0 0 0 0 0 1 4 2 1 0 4 146 1 0 0 175 1 0 0 1 15 35 53 11 1 1 3 1 1 0 0 0 1 2 14 34 205 212 1 1 203 1 1 1 1 1 0 0 0 0 0 0 0 0 0 0 7 14 1 1 0 0 1 1 1 1 5 1 1 8 1 1 1 1 1 5 22 0 0 0 0 0 0 0 0 0 0 0 0 0 0 1 3 11 1 5 89 151 8 1 1 0 3 3 0 0 0 0 0 1 1 1 20 201 3 1 1 0 0 0 1 1 1 0 0 0 0 0 0 1 1 1 1 1 1 1 1 0 1 1 0 1 1 1 175 147 4 1 0 0 0 0 1 0 0 1 15 0 0 7 62 0 1 1 1 1 9 8 1 0 0 1 2 181 1 1 1 1 190 17 1 0 0 0 0 1 2 1 1 0 0 1 1 0 1 1 246 114 1 0 1 3 0 0 0 0 0 0 0 0 0 0 1 7 197 1 1 0 0 0 0 0 0 0 0 0 0 0 0 0 0 0 0 0 0 1 1 1 1 3 3 1 0 0 0 0 0 0 0 0 0 1 8 55 33 1 0 0 0 0 1 1 0 0 0 0 0 7 5 0 0 0 0 1 1 0 1 3 2 0 0 0 0 0 0 0 0 0 0 0 0 0 0 0 0 0 0 1 0 0 0 0 0 1 3 14 14 5 1 0 0 0 0 0 0 0 0 0 0 0 0 0 0 0 0 0 0 67 1 0 0 0 0 0 2 14 0 0 0 0 2 7 5 1 0 0 0 0 0 0 1 46 178 92 1 0 1 0 1 4 7 1 0 0 0 1 1 1 26 1 0 1 67 135 5 1 14 240 168 5 1 1 0 0 0 0 0 8 1 0 0 0 0 1 1 1 1 1 1 1 1 7 231 220 1 1 1 0 0 0 1 1 56 17 1 0 0 0 0 1 2 1 1 1 4 130 13 2 0 0 0 0 0 0 0 0 0 0 0 1 2 2 0 0 0 0 0 0 0 0 0 0 0
0 0 1 1 1 1 1 92 57 0 0 0 1 2 1 0 0 5 78 1 0 1 221 234 116 1 1 1 31 48 2 141 221 231 232 230 214 138 2 1 1 2 1 1 1 0 0 0 0 0 1 1 0 0 0 0 0 0 0 0 0 0 1 2 6 1 0 1 0 143 7 0 0 0 176 1 15 32 30 3 1 0 2 2 1 3 1 1 0 1 1 27 40 4 1 160 226 109 12 199 1 1 1 1 1 1 0 0 0 0 0 0 0 0 0 1 41 1 0 0 0 1 1 2 4 1 1 1 1 9 1 1 1 1 1 49 1 0 0 0 0 0 0 0 0 0 0 0 1 1 1 1 60 86 64 1 1 133 1 1 1 0 5 1 0 0 0 1 1 1 57 202 133 1 0 1 1 0 0 1 1 1 0 0 0 0 0 0 1 1 1 1 1 1 1 1 0 0 1 1 0 1 1 1 207 3 1 0 0 0 0 1 0 0 0 16 0 0 20 38 1 1 1 1 12 6 1 0 0 1 1 177 8 1 1 0 1 2 190 17 1 0 0 0 1 1 1 1 0 0 1 0 1 1 1 19 247 3 1 2 1 0 0 0 0 0 0 0 0 0 1 1 199 3 1 0 0 0 0 0 0 0 0 0 0 0 0 0 0 0 0 0 0 1 1 0 0 1 1 2 4 1 0 0 0 0 0 0 0 0 1 1 57 8 14 1 0 0 0 0 1 1 1 0 0 2 13 1 0 0 0 0 1 0 0 0 0 1 3 1 0 0 0 0 0 0 0 0 0 0 0 0 0 0 0 1 1 0 0 0 0 0 0 0 0 1 4 14 14 5 1 0 0 0 0 0 0 0 0 0 0 0 0 0 0 0 68 1 0 0 0 0 0 18 1 0 0 0 1 11 2 3 8 1 1 1 0 0 1 2 1 16 177 124 1 1 1 1 15 1 0 0 1 0 0 1 1 26 1 0 0 1 5 136 52 1 7 236 245 126 1 1 0 0 0 0 7 1 0 0 0 1 1 1 0 0 0 1 1 14 234 214 1 1 1 0 0 0 0 0 1 1 56 19 1 0 1 1 16 30 1 1 1 1 6 130 10 1 0 0 0 0 0 0 0 0 0 2 3 1 0 0 0 0 0 0 0 0 0 0 0 0
1 1 1 1 1 1 118 106 1 0 0 1 2 1 0 0 2 87 1 0 1 6 5 194 242 134 118 228 239 232 231 214 123 1 1 1 1 1 1 1 1 1 0 0 0 0 0 0 0 0 1 3 1 0 0 0 0 0 0 0 0 1 5 2 1 0 1 1 1 156 1 0 1 9 190 30 3 1 0 0 0 0 0 3 2 2 1 1 1 34 41 3 1 1 1 1 193 219 15 203 1 1 1 153 163 1 1 0 0 0 0 0 0 0 0 0 2 29 1 0 0 0 2 3 1 1 1 1 1 1 7 1 1 1 1 49 1 0 0 0 0 0 0 0 0 1 1 1 1 1 14 75 51 1 1 1 1 9 120 1 1 1 3 9 0 0 1 1 1 42 205 3 1 1 0 0 1 1 0 1 1 1 1 0 0 0 0 0 0 1 1 1 1 0 0 1 1 1 0 1 1 1 1 1 187 110 5 1 0 0 0 1 0 0 0 15 0 0 85 1 0 0 1 17 6 1 0 0 1 1 145 96 1 1 0 0 0 1 2 189 16 1 0 1 1 0 0 1 1 0 0 0 0 0 0 1 160 243 1 2 0 0 0 0 0 0 0 0 0 0 1 186 63 1 0 0 0 0 0 0 0 0 0 0 0 0 0 0 0 0 0 0 0 1 0 0 0 0 0 1 1 5 1 1 0 0 0 0 0 0 1 46 2 0 1 17 1 0 0 0 0 0 1 1 1 21 1 0 0 0 0 1 1 0 0 0 0 0 1 3 2 0 0 0 0 0 0 0 0 0 0 0 0 0 0 1 1 0 0 0 0 0 0 0 0 0 0 0 1 3 14 13 4 1 0 0 0 0 0 0 0 0 0 0 0 0 68 1 0 0 0 0 1 16 0 0 0 1 1 12 1 0 1 8 8 7 6 1 2 1 0 1 5 167 150 3 1 13 1 1 1 1 1 0 0 1 1 25 1 0 0 1 0 1 104 126 3 1 5 239 185 1 1 0 0 0 4 2 0 0 0 0 1 0 0 0 1 1 29 238 204 1 1 1 0 0 0 0 0 0 1 1 1 54 19 1 2 32 15 1 1 0 0 1 1 10 126 8 1 0 0 0 0 0 0 1 3 1 0 0 0 0 0 0 0 0 0 0 0 0 0 0
1 1 0 0 1 129 123 98 7 1 1 2 1 0 0 1 93 1 0 1 4 7 1 1 158 248 244 166 3 1 1 1 1 1 1 1 1 1 0 0 2 1 0 0 0 0 0 0 0 1 1 1 2 0 0 0 0 1 1 1 5 3 1 0 0 0 1 1 1 156 8 14 12 1 183 1 0 0 1 1 0 0 0 0 3 5 4 37 33 1 1 1 1 0 1 1 128 197 197 170 153 2 119 161 177 90 1 1 0 0 0 0 0 0 0 0 1 30 1 0 1 3 2 0 0 0 0 0 0 1 2 5 1 1 1 36 2 0 0 0 0 1 1 1 1 1 5 47 65 64 18 1 3 1 0 1 1 1 55 74 1 1 1 1 1 1 1 1 18 201 6 0 0 0 0 0 0 1 1 1 1 1 1 1 0 0 0 0 0 1 1 1 0 0 1 1 1 1 1 0 1 1 1 1 3 206 4 1 1 0 1 1 0 0 1 15 0 0 93 1 0 1 26 3 1 1 1 1 1 151 110 1 1 0 0 0 0 0 1 2 191 15 1 2 1 1 1 1 1 1 1 1 0 0 0 0 1 202 241 2 0 0 0 0 0 0 0 0 0 1 78 182 1 0 0 0 0 0 0 0 0 0 0 0 0 0 0 0 0 0 0 0 0 0 0 0 0 0 0 0 1 1 3 2 1 0 0 0 0 1 18 10 0 0 0 1 13 5 1 0 0 0 0 1 20 2 1 0 0 0 1 1 0 0 0 0 0 0 0 0 2 3 1 0 0 0 0 0 0 0 0 0 0 0 0 1 0 0 0 0 0 0 0 0 0 0 0 0 0 0 0 1 5 14 14 5 1 0 0 0 0 0 0 0 0 0 68 1 0 0 1 1 12 2 0 0 0 1 1 8 2 0 0 0 0 1 1 8 2 1 1 0 1 2 151 170 22 6 0 0 1 1 0 0 0 0 1 22 1 0 0 1 0 1 5 8 136 36 1 2 233 213 1 1 0 0 1 7 0 0 0 0 1 1 0 1 1 65 238 190 1 1 1 0 0 0 0 0 0 0 0 0 0 1 62 34 65 13 1 0 0 0 0 0 1 1 17 118 7 1 0 0 0 0 1 3 1 0 0 0 0 0 0 0 0 0 0 0 0 0 0 0
1 0 0 1 135 108 1 1 89 13 2 1 0 0 1 93 1 0 0 2 11 1 0 1 22 137 248 230 1 1 1 1 1 1 1 1 1 1 1 1 2 1 1 1 1 1 1 0 1 1 0 1 3 1 0 0 0 1 5 4 1 1 1 0 0 0 1 1 124 95 1 1 0 1 183 1 0 0 0 1 0 0 0 1 2 49 46 1 1 1 1 1 1 0 1 1 1 167 198 185 176 204 194 59 1 169 141 1 1 0 0 0 0 0 0 0 0 1 31 1 4 1 0 0 0 0 0 0 0 1 2 2 3 1 1 5 21 0 1 1 1 1 8 56 63 61 34 3 1 1 0 1 3 1 0 1 1 1 1 110 19 1 1 1 1 1 1 9 171 144 1 0 0 0 0 0 1 1 1 1 1 1 1 1 0 0 0 0 1 1 1 0 0 0 1 1 0 0 1 1 1 1 1 1 1 191 94 5 1 1 1 1 0 0 1 13 0 0 91 1 1 32 1 0 0 1 1 1 175 79 1 1 0 0 0 0 0 0 0 1 2 190 44 1 1 1 1 0 1 1 1 1 1 1 1 1 1 1 211 239 1 0 0 0 0 0 0 0 0 1 200 1 0 0 0 0 0 0 0 0 0 0 0 0 0 0 0 0 0 0 0 1 0 0 0 0 0 0 0 0 0 1 1 2 4 1 0 0 0 4 32 0 0 0 0 0 0 5 12 1 0 0 0 8 4 1 1 1 0 1 1 0 0 0 0 0 0 0 0 0 0 1 3 1 0 0 0 0 0 0 0 0 0 0 1 1 0 0 0 0 0 0 0 0 0 0 0 0 0 0 0 0 0 0 1 4 14 14 3 1 0 0 0 0 0 0 67 1 1 0 1 7 6 1 1 0 0 1 1 5 3 2 1 0 0 0 0 1 6 1 1 1 0 0 1 125 187 15 1 0 0 0 0 0 0 0 2 15 1 0 0 1 0 3 3 1 1 91 129 5 1 224 230 2 1 0 1 7 1 0 0 0 1 1 1 1 96 238 177 1 1 1 0 0 0 0 0 0 0 0 0 0 1 1 1 50 5 1 0 0 0 0 0 0 1 1 1 28 108 10 3 1 1 2 2 0 0 0 0 0 0 0 0 0 0 0 0 0 0 0 0 0
0 0 1 142 92 1 0 0 1 90 29 1 0 1 87 3 0 0 1 15 1 0 1 14 8 1 7 245 237 1 1 1 1 1 1 1 1 0 0 1 2 0 0 1 1 1 1 1 1 1 1 1 1 1 0 1 4 5 1 0 0 1 0 0 0 0 1 55 63 76 1 0 1 5 182 1 0 0 0 1 0 1 6 22 9 1 2 2 1 1 0 0 1 0 0 1 1 1 171 218 126 1 1 6 58 37 180 153 1 1 1 0 0 0 0 0 0 0 8 10 29 1 1 0 0 0 0 0 0 1 1 1 8 1 1 1 46 1 2 39 63 61 28 1 1 1 0 1 1 0 0 0 2 1 0 1 1 1 1 1 139 2 1 0 1 1 1 114 187 1 0 0 0 0 0 0 1 1 1 1 1 1 1 1 0 0 0 1 1 1 1 0 1 1 1 0 0 0 0 1 1 0 1 1 1 7 207 3 3 1 0 1 0 0 1 9 0 1 91 16 24 1 0 0 1 1 3 187 118 1 1 0 0 0 0 0 0 0 0 0 1 1 191 162 1 1 1 1 1 1 1 1 1 1 1 1 0 0 1 213 238 1 0 0 0 0 0 0 1 185 70 1 0 0 0 0 0 0 0 0 0 0 0 0 0 0 0 0 0 0 1 1 0 0 0 0 0 0 0 0 0 0 0 1 1 5 1 0 1 53 1 0 0 0 0 0 0 0 2 17 1 0 1 22 1 0 0 1 1 1 0 0 0 0 0 0 0 0 0 0 0 1 1 2 2 1 0 0 0 0 0 0 0 0 1 1 0 0 0 0 0 0 0 0 0 0 0 0 0 0 0 0 0 0 0 0 0 1 6 14 14 2 0 0 0 0 67 1 1 0 3 5 2 0 1 1 0 1 0 4 2 2 3 0 0 0 0 0 2 4 1 1 0 0 1 32 95 168 35 1 0 0 0 0 0 0 6 6 1 0 0 1 1 5 1 0 1 1 6 130 105 2 204 237 4 1 1 1 7 2 0 0 0 1 1 124 238 158 1 1 0 0 0 0 0 0 0 0 0 0 0 1 1 1 0 1 0 0 0 0 0 0 0 0 0 1 0 1 43 92 5 9 3 2 0 0 0 0 0 0 0 0 0 0 0 0 0 0 0 0 0 0
1 1 147 77 0 0 0 0 1 1 64 37 1 80 6 0 0 1 21 1 0 0 7 14 1 1 1 100 254 220 3 1 1 1 1 1 1 0 0 1 1 0 0 1 0 0 1 1 0 1 1 1 1 4 2 5 1 0 0 0 0 0 1 1 0 1 94 26 1 9 47 1 6 1 180 1 0 0 1 1 13 26 5 1 1 1 1 2 2 1 0 0 1 0 0 0 1 1 1 172 233 38 1 1 1 6 2 178 164 1 1 1 1 1 0 0 0 0 1 41 7 19 11 1 1 1 1 4 5 3 1 0 7 1 1 48 129 66 48 4 1 1 0 0 0 1 1 1 1 0 0 0 1 3 0 1 1 1 1 0 3 137 1 1 1 1 92 187 6 0 0 0 0 1 1 1 1 1 1 1 0 0 1 1 1 1 1 1 1 1 1 1 1 1 0 0 0 0 1 1 0 0 1 1 1 1 209 1 2 3 1 1 1 0 1 12 1 14 150 5 1 0 0 1 1 69 188 5 1 53 1 0 0 0 0 0 0 0 0 0 0 1 22 122 195 19 1 1 1 1 1 1 1 1 1 1 0 1 1 1 217 238 1 0 0 0 0 1 72 185 1 0 0 0 0 0 0 0 0 0 0 0 0 0 0 0 0 0 0 1 1 0 0 0 0 0 0 0 0 0 0 0 0 0 1 1 4 2 47 2 1 1 0 0 0 0 0 0 0 1 14 3 7 4 2 2 0 0 1 1 0 0 0 0 0 0 0 0 0 0 1 1 1 0 1 3 1 0 0 0 0 0 0 0 1 0 0 0 0 0 0 0 0 0 0 0 0 0 0 0 0 0 0 0 0 0 0 0 0 1 1 8 15 14 2 0 57 2 1 1 6 4 2 0 0 0 0 1 1 4 2 1 4 1 1 1 1 1 6 2 1 1 0 0 0 78 1 14 166 79 1 0 0 0 0 0 12 2 1 1 0 0 1 7 1 0 0 0 0 1 20 133 9 160 241 21 1 1 1 6 2 1 1 1 153 239 136 1 0 0 0 0 0 0 0 0 0 0 0 0 1 1 0 0 0 0 0 0 0 0 0 0 0 0 0 1 0 0 1 71 127 50 1 0 0 0 0 0 0 0 0 0 0 0 0 0 0 0 0 0 0 0
22 154 62 0 0 0 0 1 1 1 1 52 137 13 1 0 1 22 1 0 0 4 24 1 1 1 1 242 214 215 228 11 1 1 1 1 0 0 0 2 1 0 0 1 0 0 1 1 0 0 2 1 1 2 3 1 0 0 0 0 0 1 1 1 5 109 3 1 1 1 50 46 1 1 184 12 9 11 32 29 2 1 1 0 1 1 1 1 1 2 1 1 1 1 1 1 1 1 1 1 162 234 110 1 1 1 1 1 164 170 1 1 1 1 1 0 0 0 0 10 1 1 2 28 19 26 21 8 8 14 13 11 14 125 120 58 2 4 1 1 0 0 1 1 1 1 1 0 1 1 0 0 0 2 0 1 1 0 1 0 1 22 120 1 1 11 141 171 1 1 1 1 4 132 171 187 188 177 139 23 1 0 0 1 1 1 1 1 1 0 1 1 0 0 0 0 0 1 1 0 0 0 1 1 1 7 207 1 1 4 1 1 1 0 1 33 69 22 41 22 1 1 1 1 115 168 1 1 0 5 33 1 1 0 0 0 0 1 1 0 1 28 1 1 2 189 163 1 1 1 1 1 1 1 1 0 0 1 1 7 1 217 237 1 0 0 0 2 199 1 0 0 0 0 0 0 0 0 0 0 0 0 0 0 0 0 0 0 1 1 0 0 0 0 0 0 0 0 0 0 0 0 0 0 0 1 1 2 78 1 1 1 0 0 0 0 0 0 0 0 1 10 6 1 1 4 0 1 1 1 1 0 0 0 0 0 0 0 0 0 1 1 0 0 0 0 2 2 1 0 0 0 0 1 1 0 0 0 0 0 0 0 0 0 0 0 0 0 0 0 0 0 0 0 0 0 0 0 0 0 0 0 0 1 8 15 28 44 1 2 4 2 2 0 0 0 0 1 0 4 2 1 3 0 0 0 0 1 8 1 1 1 0 0 1 70 1 1 6 152 114 1 0 0 0 0 17 1 0 1 0 0 1 6 0 0 0 0 0 0 1 2 120 58 63 243 110 1 1 1 7 1 1 198 242 155 2 0 0 0 0 0 0 0 0 0 0 0 0 0 1 1 0 0 0 0 0 0 0 0 0 0 0 1 1 1 0 0 1 11 45 98 1 0 0 0 0 0 0 0 0 0 0 0 0 0 0 0 0 0 0 0
213 143 1 0 0 0 1 1 1 0 1 81 127 91 1 1 20 1 0 0 2 30 1 1 1 1 1 249 91 2 200 233 61 1 1 1 0 0 0 2 1 0 0 1 0 0 1 1 0 0 2 0 0 1 6 0 0 0 0 0 1 1 1 20 90 1 0 0 1 4 3 63 4 1 183 1 1 4 3 1 1 0 0 0 0 1 1 1 1 1 2 1 1 1 1 1 1 1 1 1 1 136 233 157 1 1 1 1 1 163 180 2 1 1 1 1 0 0 0 1 8 2 1 1 5 11 1 1 1 1 1 1 1 114 1 1 1 1 1 1 1 1 1 1 1 0 0 0 1 1 0 0 1 1 1 1 0 0 1 1 1 1 79 79 1 176 180 1 1 16 127 162 190 155 97 17 10 61 146 181 134 14 1 0 1 1 1 1 0 1 1 0 0 0 0 0 1 1 0 0 0 1 1 1 1 198 51 1 1 1 4 1 2 45 93 69 1 0 4 81 1 1 1 163 151 1 1 0 0 0 6 32 1 0 0 0 1 1 1 1 6 9 1 1 1 1 115 193 6 1 1 1 1 1 0 0 1 0 1 7 1 1 218 235 1 0 1 192 30 0 0 0 0 0 0 0 0 0 0 0 0 0 0 0 0 0 0 0 1 0 0 0 0 0 0 0 0 0 0 0 0 0 0 0 0 0 1 1 4 72 3 0 0 0 0 0 0 0 0 0 1 3 1 1 0 4 1 0 1 1 1 1 0 0 0 0 0 0 0 1 1 0 0 0 0 0 0 1 3 1 0 0 0 1 1 0 0 0 0 0 0 0 0 0 0 0 0 0 0 0 0 0 0 0 0 0 0 0 0 0 0 0 0 0 0 0 1 99 1 4 3 1 5 1 0 0 1 1 1 4 2 1 2 4 4 3 2 4 4 1 1 1 0 0 1 70 1 0 0 2 137 146 2 1 1 0 11 2 1 1 0 0 1 6 0 0 0 0 0 0 0 0 1 63 110 12 240 181 1 1 1 11 211 238 9 2 4 2 1 0 0 0 0 0 0 0 0 0 0 0 0 0 0 0 0 0 0 0 0 0 0 1 1 1 0 0 0 2 14 5 16 91 38 1 0 0 0 0 0 0 0 0 0 0 0 0 0 0 0 0 0 0
198 218 4 0 0 1 1 1 0 1 72 49 1 52 101 17 1 0 0 1 36 1 0 1 1 1 1 251 4 1 1 177 238 124 1 1 1 0 1 2 1 1 1 1 1 1 1 0 0 1 1 0 0 0 3 1 0 0 1 1 1 1 60 63 1 0 0 1 6 1 0 1 85 11 175 1 0 1 12 1 0 0 0 0 0 0 0 1 1 1 2 2 1 1 0 0 0 0 1 0 0 1 120 229 194 1 1 1 1 1 134 189 4 1 1 1 0 0 0 1 1 6 2 1 1 13 1 0 0 0 1 1 1 115 1 1 1 1 3 1 1 1 0 0 1 1 1 1 1 1 0 0 1 1 1 1 1 1 1 1 1 1 1 159 182 162 52 90 160 171 125 125 1 1 1 1 1 1 1 3 149 142 32 1 1 1 1 1 1 1 0 0 0 0 0 1 1 0 0 0 0 0 1 1 3 207 1 0 0 0 5 14 81 9 9 0 0 0 1 102 1 25 190 84 1 1 1 0 0 0 0 5 36 1 0 0 1 1 0 1 22 1 1 1 0 0 1 4 193 80 1 0 0 0 0 1 1 1 1 2 3 0 1 221 233 1 157 143 0 0 0 0 0 0 0 0 0 0 0 0 0 0 0 0 0 0 0 1 1 0 0 0 0 0 0 0 0 0 0 0 0 0 0 0 0 1 1 1 0 1 77 1 0 0 0 0 0 0 0 0 3 1 1 1 1 4 1 1 0 1 1 1 1 1 0 0 0 0 1 1 0 0 0 0 0 0 0 0 1 2 3 1 0 1 0 0 0 0 0 0 0 0 0 0 0 0 0 0 0 0 0 0 0 0 0 0 0 0 0 0 0 0 0 0 0 0 0 101 1 2 2 2 4 12 5 1 1 1 1 5 2 1 1 1 1 1 2 2 2 1 1 0 0 0 48 5 0 0 0 2 2 104 162 5 1 1 9 0 0 0 0 0 1 6 0 0 0 0 0 0 0 0 0 0 12 128 11 234 209 1 1 224 233 5 1 1 2 2 1 0 0 0 0 0 0 0 0 0 0 0 0 0 0 0 0 0 0 0 0 0 1 1 0 0 0 1 7 10 1 1 1 1 103 22 1 0 0 0 0 0 0 0 0 0 0 0 0 0 0 0 0 0
164 143 202 1 1 2 1 0 1 56 66 1 0 1 86 120 1 0 1 39 1 0 1 1 1 1 80 250 1 1 1 1 146 238 167 1 1 1 1 2 0 0 0 1 1 1 1 1 1 1 1 1 1 1 1 6 0 1 1 1 1 97 29 1 0 0 1 8 1 1 1 0 1 163 146 1 0 0 12 1 0 0 0 0 0 0 0 0 1 1 1 1 2 1 0 0 0 0 1 0 0 0 1 59 219 204 1 1 1 1 1 111 197 9 1 1 1 0 0 1 1 6 1 1 1 17 1 0 0 0 1 1 1 118 1 1 1 1 1 3 1 1 1 1 1 1 1 0 0 1 0 1 1 1 2 19 85 110 154 175 177 177 165 209 176 133 165 173 127 98 87 1 1 1 1 1 0 1 1 1 1 119 154 14 1 0 0 1 1 1 0 0 0 0 1 1 0 0 0 0 0 0 1 1 149 177 1 0 0 1 52 43 1 1 8 0 0 0 1 104 152 179 1 1 1 1 0 0 0 0 0 0 4 55 2 1 1 0 1 32 1 1 1 0 0 0 0 1 1 174 129 1 0 0 0 1 1 0 1 1 4 0 1 1 226 233 191 1 0 0 0 0 0 0 0 0 0 0 0 0 0 0 0 0 0 0 1 1 0 0 0 0 0 0 0 0 0 0 0 0 0 0 0 0 0 1 1 1 0 1 25 15 0 0 0 0 0 0 0 1 2 1 1 1 1 2 4 3 2 1 1 1 1 1 1 1 1 2 13 95 178 209 225 233 242 245 245 245 245 245 245 246 247 245 226 87 1 1 0 0 0 0 0 0 0 0 0 0 0 0 0 0 0 0 0 0 0 0 0 0 0 0 0 0 0 0 0 101 1 0 1 1 2 3 74 52 27 21 10 11 1 1 1 0 1 1 1 1 1 0 1 0 0 1 78 0 0 0 2 1 0 1 67 167 15 1 9 0 0 0 0 0 1 6 0 0 0 0 0 0 0 0 0 0 0 2 121 37 229 227 231 231 2 1 0 1 1 2 2 1 0 0 0 0 0 0 0 0 0 0 0 0 0 0 0 0 0 0 0 0 1 0 0 0 3 14 3 0 0 1 1 1 1 111 14 0 0 0 0 0 0 0 0 0 0 0 0 0 0 0 0 0
72 109 206 132 2 1 0 1 38 81 1 0 1 13 2 22 119 1 44 1 0 0 1 1 1 1 241 223 1 1 1 1 1 95 238 197 1 1 3 2 1 0 0 0 0 0 0 1 1 2 1 0 0 0 0 6 1 1 1 5 112 4 1 1 1 3 6 1 0 0 1 1 9 29 187 1 0 0 8 1 0 0 0 0 0 0 0 0 0 0 0 1 3 1 1 0 0 0 1 0 0 0 1 1 10 222 200 1 1 1 1 2 56 198 4 1 1 1 0 0 1 9 1 2 1 16 1 0 0 0 0 1 4 104 2 1 1 1 1 1 2 1 1 1 1 1 1 0 0 1 1 65 184 193 184 171 147 133 71 11 47 124 187 209 194 157 45 1 2 6 1 1 1 1 0 1 1 1 1 1 1 1 119 155 5 0 0 0 1 1 1 1 0 1 1 0 0 0 0 0 0 0 1 1 208 3 1 0 1 65 26 0 0 1 6 0 0 0 1 175 153 1 1 0 1 0 0 0 0 0 0 0 0 1 44 14 1 0 17 2 1 1 1 0 0 1 0 0 1 1 156 141 1 1 5 1 1 1 0 6 1 1 1 1 1 244 237 2 1 0 0 0 0 0 0 0 0 0 0 0 0 0 0 0 0 0 0 1 1 1 1 1 1 0 0 0 0 0 0 0 1 1 1 1 1 1 1 0 1 1 24 15 1 1 1 1 1 1 1 3 5 3 6 24 109 188 214 222 231 241 244 246 246 246 246 244 244 244 243 238 229 219 197 150 43 3 1 1 1 1 1 1 1 4 197 241 247 245 212 2 1 0 0 0 0 0 0 0 0 0 0 0 0 0 0 0 0 0 0 0 0 0 0 0 0 0 0 101 1 1 1 1 0 4 62 103 127 133 135 59 16 10 3 1 1 1 1 1 2 1 1 0 0 1 79 1 0 1 2 0 0 0 1 38 167 19 9 0 0 0 0 0 2 3 0 0 0 0 0 0 0 0 0 0 0 0 1 94 88 250 252 12 1 1 0 0 0 0 1 1 1 0 0 0 0 0 0 0 0 0 0 0 0 0 0 0 0 0 0 0 1 0 1 13 8 1 0 0 0 0 0 1 1 1 118 8 0 0 0 0 0 0 0 0 0 0 0 0 0 0 0 0
3 139 60 222 2 1 1 23 96 1 0 0 9 2 0 0 11 158 1 0 0 0 1 1 1 1 250 106 0 1 1 1 1 1 5 232 216 2 15 2 4 4 1 1 0 0 0 0 0 2 0 0 0 0 0 2 2 1 21 93 1 0 0 1 7 3 1 0 0 0 2 6 1 1 135 160 1 0 1 10 0 0 0 0 0 0 0 0 0 0 1 1 2 1 1 1 0 0 1 0 0 0 0 0 0 2 219 210 1 1 1 1 1 115 199 7 1 1 0 0 0 1 15 2 14 1 1 1 1 0 0 1 16 70 1 1 1 1 1 1 3 1 1 1 1 1 0 1 1 138 193 179 41 4 57 12 115 128 128 139 183 194 183 113 37 1 1 1 17 2 1 1 1 1 1 1 1 1 1 1 1 1 1 141 144 5 0 0 0 1 1 1 1 1 1 0 0 0 0 1 0 0 1 1 208 1 0 1 91 11 1 0 0 6 1 0 0 0 1 198 3 1 0 0 1 1 0 0 0 0 0 0 0 0 0 14 45 8 8 0 0 1 1 1 0 0 1 1 1 1 1 156 142 7 2 8 7 1 1 6 0 1 1 0 1 188 219 247 15 1 1 0 0 0 0 0 0 0 0 0 0 0 0 0 1 1 1 1 1 1 0 0 1 1 1 1 1 1 1 1 1 1 1 1 3 17 52 100 140 176 205 217 225 235 241 244 245 245 245 244 243 243 244 241 235 226 213 201 160 42 3 1 1 1 5 1 1 1 1 1 1 1 0 0 0 0 0 0 0 0 0 0 0 0 1 1 1 5 222 245 243 137 1 0 0 0 0 0 0 0 0 0 0 0 0 0 0 0 0 0 0 0 0 0 0 0 0 99 1 1 1 0 0 0 1 1 1 4 180 124 11 4 10 34 10 1 1 1 1 0 0 0 0 1 80 1 1 2 1 0 0 0 0 1 29 167 47 1 1 1 0 0 6 1 0 0 0 0 0 0 0 0 0 0 0 1 1 4 238 192 146 244 72 1 1 0 0 0 1 1 1 1 0 0 0 0 0 0 0 0 0 0 0 0 0 0 0 0 0 0 1 8 12 1 0 0 0 0 0 0 0 0 1 1 2 121 5 0 0 0 0 0 0 0 0 0 0 0 0 0 0 0
37 2 148 148 201 1 13 108 1 0 0 7 4 0 0 1 40 11 135 1 0 1 1 1 1 1 251 4 1 0 1 1 0 1 1 1 217 232 41 1 1 1 2 4 4 1 1 0 1 2 0 0 0 0 0 1 6 54 68 1 0 0 1 9 2 1 0 0 1 3 3 1 1 1 3 168 104 1 0 14 1 0 0 0 0 0 0 0 0 1 1 1 1 0 1 1 1 1 1 1 0 0 0 0 0 1 1 212 221 15 1 1 1 1 79 196 1 1 1 0 0 1 1 50 144 114 104 83 52 23 9 3 51 41 1 1 1 1 1 1 3 1 1 1 1 15 167 70 177 152 2 1 1 15 57 100 3 49 176 194 148 25 2 1 13 1 4 10 1 2 1 0 1 0 0 0 0 1 1 1 1 1 1 3 149 138 6 1 1 1 1 2 1 1 1 0 0 0 0 1 0 0 1 169 155 1 6 103 2 1 1 0 0 9 0 0 0 0 0 201 1 1 0 0 0 1 0 0 0 0 0 0 0 0 0 0 1 96 2 0 0 1 1 1 1 1 1 1 1 0 1 1 176 102 0 0 1 6 8 1 1 1 1 1 1 188 1 168 248 156 1 1 0 1 1 1 1 1 1 1 1 1 1 1 1 1 1 1 191 198 3 1 2 10 62 160 200 221 231 244 245 245 245 245 245 245 243 241 238 233 225 213 192 139 31 3 1 1 1 1 1 1 1 1 1 1 1 1 1 0 0 0 0 0 5 0 0 0 0 0 0 0 0 0 0 0 0 0 0 0 0 0 0 0 0 0 0 1 1 1 39 238 246 144 1 0 0 0 0 0 0 0 0 0 0 0 0 0 0 0 0 0 0 0 0 0 0 90 1 1 1 0 0 0 1 1 1 3 173 4 85 69 52 60 61 8 6 2 1 1 0 0 0 0 80 1 0 1 1 0 0 0 0 0 1 90 168 5 2 3 3 3 13 2 1 0 0 0 0 0 0 0 0 0 1 1 8 238 162 1 1 33 243 143 1 1 0 0 0 0 1 1 1 0 0 0 0 0 0 0 0 0 0 0 0 0 0 0 1 7 15 3 0 0 0 0 0 0 0 0 0 0 1 1 0 3 125 3 0 0 0 0 0 0 0 0 0 0 0 0 0 0
43 1 78 109 205 156 117 1 0 0 4 6 0 0 1 34 1 0 3 140 2 1 1 1 1 50 251 1 1 1 1 1 1 0 1 1 1 198 234 191 60 1 1 1 1 2 4 4 4 2 2 3 4 4 4 5 128 38 1 1 1 1 10 1 0 1 1 1 6 2 1 0 1 3 1 1 186 17 1 14 1 0 0 0 0 0 0 0 0 1 2 1 0 0 1 1 1 1 1 1 1 1 1 0 0 1 1 1 210 223 18 1 1 1 1 156 184 4 1 1 1 1 1 165 3 1 2 8 32 63 85 101 97 2 2 1 1 1 1 1 5 1 43 184 194 187 111 182 120 1 1 10 45 7 1 60 183 186 100 1 1 1 1 1 1 43 4 1 0 1 1 1 0 0 0 0 0 0 0 0 1 1 1 1 1 149 138 8 1 1 2 1 1 1 1 1 1 1 1 0 0 0 1 206 67 20 63 24 1 1 0 0 0 8 0 0 0 0 0 201 1 0 0 0 0 1 1 0 0 0 0 0 0 0 0 0 0 1 85 1 1 1 0 0 1 1 1 1 1 0 0 1 1 193 24 0 0 0 1 1 1 1 1 0 1 189 0 1 19 248 217 1 1 1 1 1 1 1 3 27 132 190 216 227 235 240 243 244 225 216 244 244 244 244 242 234 224 210 188 62 7 1 1 1 1 1 1 1 1 1 1 1 0 0 0 0 0 0 0 0 0 0 0 0 0 0 0 0 0 0 0 0 0 0 5 0 0 0 0 0 0 0 0 0 0 0 0 0 0 0 0 0 0 0 0 0 0 0 0 0 1 1 9 237 241 47 1 0 0 0 0 0 0 0 0 0 0 0 0 0 0 0 0 0 0 0 0 86 1 1 1 0 0 0 1 1 1 120 97 139 106 29 114 141 6 2 2 7 5 5 4 1 0 0 81 1 0 1 2 0 0 0 0 0 1 1 104 137 1 1 0 3 2 2 3 4 4 2 1 0 0 0 0 1 1 23 239 125 1 1 1 1 10 240 201 1 1 0 0 0 0 1 1 0 0 0 0 0 0 0 0 0 0 0 0 0 1 6 15 3 1 0 0 0 0 0 0 0 0 0 0 0 1 1 1 1 4 125 2 0 0 0 0 0 0 0 0 0 0 0 0 0
29 1 3 140 52 225 3 1 0 2 10 0 0 1 31 3 0 0 1 7 140 9 1 1 1 240 231 1 1 1 1 2 1 0 0 1 1 1 196 189 185 200 188 29 1 1 1 1 6 2 2 1 1 1 3 99 6 13 1 1 2 7 1 0 0 0 1 8 1 0 0 1 3 1 1 0 2 194 1 12 1 0 0 0 0 0 0 0 1 2 1 0 0 0 0 1 1 1 1 1 1 1 0 0 0 1 1 10 157 185 229 129 1 1 1 9 137 184 174 15 1 1 89 191 20 2 1 1 1 1 1 1 1 1 11 9 14 36 95 151 185 193 184 42 1 1 1 10 1 1 36 12 1 12 175 185 79 1 1 1 1 1 1 2 33 2 0 0 1 1 1 1 1 0 0 0 0 0 0 1 1 2 1 1 1 1 152 139 17 2 1 0 0 1 0 1 1 1 0 0 0 1 1 193 47 68 139 11 1 0 0 0 0 8 0 0 0 0 1 201 1 0 0 0 0 1 1 0 0 0 0 0 0 0 0 0 0 0 53 14 1 0 0 0 0 0 1 1 1 0 0 0 1 69 182 6 1 1 1 1 1 1 1 0 6 184 0 1 1 89 248 250 241 243 244 244 244 244 244 243 237 228 216 194 152 96 45 9 34 106 3 1 1 1 1 1 1 1 1 1 0 0 1 1 0 0 0 0 0 0 0 0 0 0 0 0 0 0 0 0 0 0 0 0 0 0 0 0 0 0 0 0 1 1 5 0 0 0 0 0 0 0 0 0 0 0 0 0 0 0 0 0 0 0 0 0 0 0 0 0 0 0 1 1 77 243 235 8 1 0 0 0 0 0 0 0 0 0 0 0 0 0 0 0 0 0 2 71 1 1 1 0 0 0 0 1 17 158 128 19 134 161 147 67 1 1 1 1 0 0 1 4 5 3 82 1 0 0 2 1 0 0 0 0 1 1 1 147 91 1 1 4 0 0 0 0 1 2 4 4 3 1 1 1 57 241 78 1 1 0 1 1 1 3 234 234 4 1 0 0 0 0 0 0 0 0 0 0 0 0 0 0 0 0 0 4 15 3 0 1 0 0 0 0 0 0 0 0 0 0 0 0 1 1 1 1 1 7 121 1 0 0 0 0 0 0 0 0 0 0 0 0
10 2 1 2 145 146 200 1 2 13 1 0 0 21 8 1 0 1 2 1 1 133 16 1 1 251 36 1 0 0 0 1 1 1 0 1 1 1 5 214 120 1 47 192 201 192 41 1 3 1 1 0 1 16 87 1 0 2 10 5 4 1 0 0 0 1 3 2 1 0 1 2 1 0 1 1 1 25 185 8 2 0 0 0 0 0 0 0 1 1 1 0 0 0 0 0 1 1 1 1 1 0 0 0 0 1 1 147 2 1 128 229 202 2 1 102 1 1 47 168 112 1 219 157 189 195 191 185 179 184 192 193 193 199 201 202 204 202 193 177 147 101 1 1 1 1 3 4 3 43 1 1 147 189 110 1 1 1 1 1 1 1 4 36 1 1 0 0 1 0 0 1 1 1 1 1 0 0 1 1 1 1 1 1 1 1 3 157 141 2 1 0 1 1 0 0 1 1 1 0 1 1 29 187 1 3 93 5 0 0 1 1 1 9 0 0 0 0 1 201 1 0 0 0 0 0 1 0 0 0 0 0 0 0 0 0 0 0 1 75 10 11 10 1 1 0 0 1 1 1 0 0 1 70 2 183 11 1 1 0 0 1 0 1 179 13 2 199 211 191 47 191 239 21 2 1 1 1 1 2 1 1 1 1 1 1 1 1 1 1 1 1 0 0 0 0 0 0 0 0 0 1 1 0 0 0 0 0 0 0 0 0 0 0 0 0 0 0 0 0 0 0 0 0 0 0 0 0 0 1 1 1 1 1 5 1 0 0 0 0 0 0 0 0 0 0 0 0 0 0 0 0 0 0 0 0 0 0 0 0 0 0 0 0 1 1 158 246 237 19 1 0 0 0 0 0 0 0 0 0 0 0 0 0 0 0 88 1 1 1 1 1 0 0 1 1 159 17 128 2 124 125 48 14 2 0 1 1 1 1 1 0 1 2 93 1 1 0 1 2 0 0 0 0 0 0 0 3 169 40 4 2 2 1 0 0 0 0 0 1 1 3 4 110 240 31 1 1 0 0 0 0 1 1 1 201 245 74 1 1 0 0 0 0 0 0 0 0 0 0 0 0 0 1 11 5 1 0 0 1 0 0 0 0 0 0 0 0 0 0 0 0 0 1 0 1 1 1 11 116 1 0 0 0 0 0 0 0 0 0 0 0
54 1 1 1 80 95 207 130 16 1 0 1 14 13 0 1 1 2 1 0 0 1 127 34 1 252 1 0 0 1 1 1 2 1 1 0 0 1 2 5 221 38 1 1 1 32 191 202 195 40 1 1 51 56 1 1 1 1 17 9 0 0 0 0 2 2 0 1 2 1 2 1 0 0 1 1 1 0 108 179 1 0 0 0 0 0 0 1 2 1 0 0 0 0 0 0 0 1 1 1 1 1 1 0 0 1 98 58 1 1 1 10 206 233 177 61 1 1 9 3 136 164 217 1 1 4 12 50 95 73 34 39 39 13 23 9 2 3 1 1 1 69 15 1 0 1 1 14 30 1 84 183 158 7 1 1 1 1 1 1 1 12 8 1 3 4 1 0 1 1 0 0 1 1 1 1 1 1 1 1 1 0 1 1 1 1 1 126 164 3 1 1 1 0 0 1 1 1 1 1 0 1 194 3 0 3 106 2 1 1 1 1 1 7 0 0 0 0 1 201 1 0 0 0 0 0 1 0 0 0 0 0 0 0 0 0 0 0 1 56 1 0 1 7 11 12 12 12 15 19 1 1 1 75 1 1 182 36 1 0 1 1 1 163 58 21 206 55 6 7 1 1 129 241 11 1 1 1 2 1 1 0 0 0 0 0 0 0 1 1 0 0 0 0 0 0 0 0 0 0 0 1 0 0 0 0 0 0 0 0 0 0 0 0 0 0 0 0 0 0 0 0 0 0 0 0 0 1 1 1 1 1 1 1 5 1 0 0 0 0 0 0 0 0 0 0 0 0 0 0 0 0 0 0 0 0 0 0 0 0 0 0 0 0 0 0 1 1 157 245 245 169 1 1 0 0 0 0 0 0 0 0 0 0 0 2 93 0 1 1 1 1 0 0 1 8 123 85 61 5 110 3 14 30 1 0 2 0 0 0 1 1 1 1 91 1 1 0 1 2 0 0 0 0 0 0 0 1 28 182 13 1 1 1 2 2 1 1 0 0 1 1 194 233 57 113 29 1 0 0 0 1 1 1 1 1 36 243 212 1 1 1 0 0 0 0 0 0 0 0 0 0 3 13 1 0 0 0 0 1 0 0 0 0 0 0 0 0 0 0 0 0 0 1 1 1 1 0 1 19 107 1 0 0 0 0 0 0 0 0 0 0
47 1 1 0 1 143 46 221 1 1 1 13 18 1 1 1 2 1 1 1 0 0 1 116 93 252 1 0 1 1 0 1 1 1 0 0 1 3 1 1 78 216 5 1 0 1 1 2 33 193 202 200 75 1 0 0 1 5 1 4 2 1 1 3 1 0 0 1 3 3 1 0 1 1 1 0 1 1 2 167 138 1 0 0 0 0 0 0 1 2 1 0 0 0 0 0 0 0 1 1 1 1 1 1 1 9 136 1 1 0 0 1 1 123 233 218 4 1 2 5 3 228 124 1 1 1 1 2 19 36 37 7 7 7 1 1 1 1 1 1 1 1 100 1 1 1 1 44 12 169 177 67 1 1 1 1 1 1 1 1 20 2 0 1 1 1 3 1 1 1 0 0 0 1 1 1 1 1 1 1 0 0 0 1 1 1 1 34 190 1 0 1 1 0 0 1 0 0 0 1 1 1 196 1 1 4 118 1 1 1 1 0 1 6 0 0 0 0 1 201 0 0 0 0 0 0 1 1 0 0 0 0 0 0 0 0 0 0 0 9 23 0 0 0 0 1 1 1 1 14 1 144 184 194 38 1 1 169 149 1 167 204 29 203 211 202 10 1 3 5 1 1 1 96 242 3 1 1 1 1 1 0 0 0 0 0 0 0 0 0 0 0 0 0 0 0 0 0 0 0 0 1 0 0 0 0 0 0 0 0 0 0 0 0 0 0 0 0 0 0 0 0 0 0 0 1 1 1 0 0 0 0 0 0 5 1 0 0 0 0 0 0 0 0 0 0 0 0 0 0 0 0 0 0 0 0 0 0 0 0 0 0 0 0 0 0 0 0 1 1 21 235 248 215 1 1 0 0 0 0 0 0 0 0 0 93 2 0 0 1 0 1 0 1 1 4 99 104 96 65 29 45 1 38 3 1 2 1 0 0 0 0 1 5 72 6 1 1 1 1 1 1 1 1 1 1 1 7 2 26 177 2 1 0 0 1 1 2 2 1 5 232 220 1 0 1 49 105 5 1 1 1 1 1 1 1 1 2 230 239 5 1 0 0 0 0 0 0 0 0 1 6 8 1 0 0 0 0 0 1 0 0 0 0 0 0 0 0 0 0 0 0 0 0 0 1 1 0 0 1 30 95 1 0 0 0 0 0 0 0 0 0
3 33 1 1 1 3 146 150 196 1 9 23 1 0 1 2 1 0 0 1 1 0 0 1 175 251 1 0 1 0 0 0 1 3 1 1 1 4 1 1 1 156 204 1 1 1 1 1 0 1 40 96 175 185 173 23 4 1 0 1 6 2 4 1 0 0 1 3 2 1 1 1 1 1 0 0 1 2 1 1 180 94 1 0 0 0 0 0 1 1 2 1 0 0 0 0 0 0 0 1 1 1 1 1 1 147 2 1 0 0 1 1 0 1 3 207 238 213 6 7 68 235 1 1 1 5 53 26 3 1 1 1 1 1 1 1 1 1 1 1 0 1 28 59 1 6 59 149 180 132 3 1 1 1 1 1 1 1 3 19 1 0 0 0 1 1 1 3 1 0 0 0 0 0 1 1 1 2 1 0 0 1 1 1 1 1 1 2 198 1 1 0 1 1 1 1 0 0 1 1 1 172 99 1 1 3 116 1 1 1 1 1 1 10 1 1 1 0 1 202 0 0 0 0 0 0 0 1 1 1 0 0 0 0 0 0 0 1 2 2 59 1 0 0 1 1 1 1 82 180 184 87 1 1 173 159 1 1 86 217 219 195 232 195 3 1 0 1 10 0 0 1 1 1 148 237 1 1 1 1 0 0 0 0 0 0 0 0 0 0 0 0 0 0 0 0 0 0 0 0 0 1 1 0 0 0 0 0 0 0 0 0 0 0 0 0 0 0 0 0 0 0 1 1 1 1 0 0 0 0 0 0 0 0 5 1 0 0 0 0 0 0 0 0 0 0 0 0 0 0 0 0 0 0 0 0 0 0 0 0 0 0 0 0 0 0 0 0 0 0 1 1 1 225 247 202 1 0 0 0 0 0 0 0 1 101 0 0 0 1 0 1 0 1 1 136 54 69 2 1 1 44 10 55 1 1 1 1 1 1 1 0 1 81 2 4 2 1 2 0 1 1 0 0 0 0 7 2 1 1 82 154 1 0 0 0 0 0 1 164 239 153 1 0 1 1 0 2 79 61 1 0 0 0 1 1 1 1 1 168 247 144 1 0 0 0 0 0 0 1 12 3 1 0 0 0 0 0 1 1 0 0 0 0 0 0 0 0 0 0 0 0 0 0 0 0 0 0 0 0 1 46 78 1 0 0 0 0 0 0 0 0
1 42 1 1 1 1 91 89 206 139 34 1 0 1 2 1 0 0 1 1 1 0 1 1 172 249 1 0 1 0 0 0 1 6 1 1 6 1 1 1 1 1 193 175 2 1 0 1 4 30 1 2 14 1 40 176 182 163 6 1 1 23 1 0 0 1 4 1 0 0 1 1 1 0 0 1 2 1 1 0 1 194 14 0 0 1 1 1 1 1 1 2 1 0 0 0 0 0 0 0 0 1 1 1 106 62 1 1 1 1 1 0 1 1 1 1 93 211 235 214 195 191 1 1 3 29 3 1 1 1 1 0 1 1 1 1 1 1 1 1 1 0 1 83 51 117 178 156 50 1 1 1 1 1 1 1 1 2 20 1 0 0 0 0 0 1 1 4 1 1 0 0 0 0 1 2 1 1 1 1 0 1 1 1 1 1 1 1 199 2 1 1 1 1 0 0 1 1 1 1 1 197 1 1 4 16 68 1 1 1 1 1 1 8 0 1 0 0 1 202 0 0 0 0 0 0 0 0 0 1 1 0 0 0 0 1 1 3 1 1 59 1 0 1 1 135 164 160 89 46 1 1 1 1 1 77 189 20 48 203 1 1 1 1 2 0 1 13 1 0 0 0 1 1 1 207 221 1 1 1 0 0 0 0 0 0 0 0 0 0 0 0 0 0 0 0 0 0 0 0 0 0 1 0 0 0 0 0 0 0 0 0 0 0 0 0 0 0 1 1 1 1 1 1 0 0 0 0 0 0 0 0 0 0 4 1 0 0 0 0 0 0 0 0 0 0 0 0 0 0 0 0 0 0 0 0 0 0 0 0 0 0 0 0 0 0 0 0 0 0 0 0 1 1 1 230 247 178 1 1 0 0 0 0 72 6 0 0 0 1 1 1 1 1 2 149 156 70 2 1 1 52 57 7 1 1 0 0 1 1 1 1 1 92 1 1 7 2 0 0 0 0 0 0 0 4 3 1 0 1 1 137 111 1 0 0 1 2 226 228 2 9 2 1 1 1 0 0 1 9 75 2 0 0 1 0 0 1 1 1 8 241 227 1 0 0 0 0 2 13 1 0 0 0 0 0 0 0 1 0 0 0 0 0 0 0 0 0 0 0 0 0 0 0 0 0 0 0 0 0 0 1 62 64 1 0 0 0 0 0 0 0
1 2 40 1 1 0 1 148 39 221 1 1 1 2 1 0 0 1 1 1 0 0 1 1 250 161 1 0 1 0 0 0 1 4 1 1 9 1 1 1 1 1 6 218 119 1 1 12 15 1 1 1 3 19 1 1 1 49 175 181 161 4 10 1 1 4 1 0 0 1 1 1 1 0 1 2 1 0 1 1 1 2 196 1 1 2 2 2 1 1 1 1 1 1 0 0 0 0 0 0 0 0 1 5 145 1 1 1 0 0 0 1 1 1 1 1 1 1 166 209 225 218 4 5 3 10 1 1 1 1 1 1 1 0 0 1 1 0 1 1 1 1 1 32 191 172 117 2 1 1 1 1 2 2 1 1 1 31 1 0 0 0 0 0 0 1 14 11 8 1 0 0 1 1 1 1 0 1 1 1 1 0 1 1 1 1 1 1 199 1 1 1 0 1 0 1 1 1 1 1 39 187 3 3 1 107 1 1 1 1 0 1 6 1 0 0 0 0 68 185 0 0 0 0 0 0 0 0 0 0 1 1 1 2 3 4 2 1 0 0 20 10 1 34 162 24 1 1 1 38 1 0 0 0 1 1 173 214 218 3 1 0 0 1 1 1 11 1 0 0 0 0 0 1 1 1 237 153 0 1 0 0 0 0 0 0 0 0 0 0 0 0 0 0 0 0 0 0 0 0 0 0 1 1 0 0 0 0 0 0 0 0 1 1 1 1 1 1 1 1 0 0 0 0 0 0 0 0 0 0 0 0 0 0 2 2 0 0 0 0 0 0 0 0 0 0 0 0 0 0 0 0 0 0 0 0 0 0 0 0 0 0 0 0 0 0 0 0 0 0 0 0 0 0 1 1 6 235 249 236 83 1 1 1 100 0 0 0 0 1 1 0 1 4 129 83 76 82 76 6 2 30 106 1 1 1 0 0 1 0 0 1 16 41 0 0 2 3 0 0 0 0 0 0 1 6 1 0 0 0 1 1 171 53 1 1 88 236 176 1 1 1 14 1 1 1 1 0 0 1 3 76 4 0 0 1 1 2 1 1 1 2 222 241 3 0 0 6 8 1 0 0 0 0 0 0 0 0 1 0 0 0 0 0 0 0 0 0 0 0 0 0 0 0 0 0 0 0 0 0 0 0 1 77 48 1 0 0 0 0 0 0
1 1 13 11 1 1 1 4 145 163 193 1 2 1 0 0 1 1 1 0 0 0 1 1 251 1 0 1 1 1 0 0 1 3 1 2 3 1 3 10 6 4 1 8 223 32 26 5 0 0 0 1 2 8 4 1 0 1 1 1 53 174 179 164 63 1 1 0 1 1 1 0 1 1 1 1 0 1 1 1 1 1 22 187 3 1 0 1 2 3 1 1 1 2 0 0 0 0 0 0 0 1 1 147 4 1 0 0 0 0 0 1 1 0 0 1 1 1 1 91 214 208 202 192 164 49 1 1 1 1 1 1 1 1 1 1 1 1 1 1 2 121 172 173 167 90 1 1 1 1 2 156 168 170 171 171 172 140 0 0 0 0 0 0 1 18 2 1 1 6 1 0 1 1 1 1 0 1 1 1 1 1 1 1 1 1 1 2 200 1 1 1 1 1 1 1 1 1 1 67 204 12 2 33 50 66 1 1 1 1 0 1 8 0 0 0 0 0 195 17 0 0 0 0 0 1 1 1 2 3 3 3 3 1 1 0 0 0 0 0 1 67 91 127 1 1 0 1 1 44 1 1 1 1 0 4 168 1 21 112 10 1 0 1 1 3 6 0 0 0 0 0 0 0 1 1 3 244 2 0 0 0 0 0 0 0 0 0 0 0 0 0 0 0 0 0 0 0 0 0 0 0 0 1 1 0 0 0 1 1 1 1 1 1 0 0 0 0 0 0 0 0 0 0 0 0 0 0 0 0 0 0 0 0 1 4 0 0 0 0 0 0 0 0 0 0 0 0 0 0 0 0 0 0 0 0 0 0 0 0 0 0 0 0 0 0 0 0 0 0 0 0 0 0 0 0 1 1 1 174 243 247 218 46 22 0 0 0 0 1 1 0 0 0 0 1 124 154 12 71 18 98 29 1 1 1 1 1 1 0 0 1 90 1 0 0 0 4 2 0 0 0 0 0 6 1 1 1 0 0 0 1 3 183 12 178 232 14 1 1 1 0 1 14 1 1 1 1 0 1 1 2 80 2 1 1 1 0 2 1 1 2 1 149 246 37 14 3 1 0 0 0 0 0 0 0 0 0 1 0 0 0 0 0 0 0 0 0 0 0 0 0 0 0 0 0 0 0 0 0 0 0 0 1 94 32 1 0 0 0 0 0
1 1 1 45 1 1 1 1 95 231 141 2 2 1 0 0 1 1 0 0 0 0 1 1 251 1 1 1 1 1 1 1 1 2 2 21 30 25 12 7 4 1 1 1 98 220 13 1 0 0 1 2 1 0 13 2 1 2 1 0 1 1 1 121 176 183 168 8 1 0 0 0 1 2 1 0 1 2 1 0 1 1 1 68 176 1 0 0 0 1 2 1 1 3 1 0 0 0 0 0 0 1 75 90 1 1 1 0 0 0 1 1 1 1 1 0 1 11 43 30 194 114 167 184 188 200 197 193 195 190 187 178 163 153 136 130 153 169 181 177 173 135 124 96 16 58 1 1 1 73 164 12 1 1 1 1 1 174 1 0 0 0 0 2 23 1 0 1 1 1 6 1 1 0 1 1 1 1 0 0 1 1 1 1 1 1 1 2 200 1 1 0 1 0 1 1 1 14 195 185 14 35 37 2 22 2 0 1 1 1 1 10 1 0 0 0 0 0 202 1 0 0 0 0 0 1 4 3 1 1 1 1 1 0 0 0 0 0 0 0 1 144 112 1 1 1 4 51 60 97 37 38 37 31 7 164 7 0 3 1 80 59 1 0 1 20 1 0 0 0 1 0 0 0 0 1 1 175 234 1 0 0 0 0 0 0 0 0 0 0 0 0 0 0 0 0 0 0 0 0 0 0 0 0 1 1 1 1 1 1 0 0 0 0 0 0 0 0 0 0 0 0 0 0 0 0 0 0 0 0 0 0 0 0 1 5 0 0 0 0 0 0 0 0 0 0 0 0 0 0 0 0 0 0 0 0 0 0 0 0 0 0 0 0 0 0 0 0 0 0 0 0 0 0 0 0 0 0 0 1 1 1 224 249 130 1 0 0 0 1 1 0 0 0 1 1 1 159 178 21 52 109 27 0 0 0 1 2 1 0 1 3 74 0 0 0 0 1 5 12 12 5 1 3 2 1 0 1 1 0 0 0 1 12 211 234 3 1 1 1 1 1 1 1 12 1 0 1 1 1 1 1 2 84 1 1 1 0 1 2 1 0 1 1 114 249 224 1 1 1 0 0 0 0 0 0 0 0 1 0 0 0 0 0 0 0 0 0 0 0 0 0 0 0 0 0 0 0 0 0 0 0 0 0 1 112 17 0 0 0 0 0
1 1 1 2 45 1 1 1 4 131 233 3 1 1 0 1 1 0 0 1 1 1 1 101 251 1 1 1 1 1 1 2 1 15 71 27 3 1 1 1 3 4 1 1 1 174 203 1 1 1 1 0 0 0 1 24 2 1 0 0 0 1 4 1 1 1 42 178 186 168 5 1 1 1 1 1 2 1 0 1 1 1 1 1 125 155 1 0 0 0 0 1 1 1 2 2 1 0 0 0 1 2 150 1 1 0 1 1 0 0 1 1 0 1 1 1 53 12 1 1 202 7 1 1 56 150 168 173 178 176 179 188 197 203 206 207 201 181 140 144 133 73 2 2 71 3 1 126 169 122 1 1 0 0 0 0 1 124 79 0 0 1 11 13 1 1 1 0 1 1 1 5 1 0 1 1 1 0 0 0 0 1 1 1 1 1 1 2 201 1 0 0 1 1 1 1 44 196 18 35 26 2 1 1 34 1 0 1 1 1 2 6 0 0 0 0 0 1 203 1 0 0 0 0 1 3 1 0 0 0 0 0 0 0 0 0 0 0 0 1 113 105 1 11 65 68 41 1 1 57 1 0 1 1 23 176 1 0 1 3 1 22 113 9 16 1 1 1 1 1 1 1 1 1 1 1 1 1 229 193 0 1 0 0 0 0 0 0 0 0 0 0 0 0 0 0 0 0 0 0 1 1 1 1 1 1 0 0 0 0 0 0 0 0 0 0 0 0 0 0 0 0 0 0 0 0 0 0 0 0 0 0 0 0 1 5 0 0 0 0 0 0 0 0 0 0 0 0 0 0 0 0 0 0 0 0 0 0 0 0 0 0 0 0 0 0 0 0 0 0 0 0 0 0 0 0 0 0 0 1 0 0 66 39 242 219 1 1 0 1 1 1 1 1 1 0 1 2 21 162 86 90 28 0 1 0 1 2 0 0 1 83 2 0 0 0 0 0 5 1 1 4 14 14 1 1 1 0 2 1 0 0 0 1 239 239 1 1 1 1 1 0 0 0 2 8 0 0 1 1 1 0 1 58 8 0 1 1 1 1 1 0 3 101 31 1 224 244 13 1 0 0 0 0 0 0 0 1 1 0 0 0 0 0 0 0 0 0 0 0 0 0 0 0 0 0 0 0 0 0 0 0 0 0 0 1 130 5 0 0 0 0
0 1 1 1 2 37 1 4 6 1 210 186 1 1 1 1 0 0 1 1 1 1 1 247 205 1 0 1 1 1 1 10 73 35 3 1 3 1 1 1 1 3 12 12 10 1 195 177 2 1 0 0 0 0 1 1 24 1 0 0 2 3 1 0 0 1 1 1 1 45 181 186 162 2 1 3 1 0 1 1 1 0 1 1 1 154 125 1 0 0 0 0 1 1 1 1 2 1 1 1 1 144 7 1 0 0 0 1 1 1 1 1 1 0 0 27 5 1 0 1 208 16 14 3 1 1 1 1 1 14 9 3 3 2 1 1 3 62 138 156 172 154 158 162 97 142 166 63 1 1 1 1 0 0 0 0 0 2 169 1 9 19 2 1 1 1 1 1 1 1 1 1 3 1 1 1 1 1 1 1 0 1 1 1 1 1 1 2 201 1 1 1 1 1 1 13 195 6 37 2 1 1 2 2 21 1 0 1 1 1 1 12 14 7 1 0 0 112 176 1 1 1 1 2 2 1 0 0 0 0 0 0 0 0 0 0 0 0 1 121 169 67 65 22 1 1 0 0 0 55 1 1 1 1 166 24 1 0 0 1 3 1 1 116 50 23 23 23 23 22 23 23 22 20 18 16 13 11 10 244 27 1 1 0 0 0 0 0 0 0 0 0 0 0 0 0 1 1 1 1 1 0 0 0 0 0 0 0 0 0 0 0 0 0 0 0 0 0 0 0 0 0 0 0 0 0 0 0 0 0 0 0 0 0 0 5 1 0 0 0 0 0 0 0 0 0 0 0 0 0 0 0 0 0 0 0 0 0 0 0 0 0 0 0 0 0 0 0 0 0 0 0 0 0 0 0 0 0 0 0 0 1 108 1 1 227 242 23 1 1 1 1 1 1 1 0 1 1 1 1 134 128 16 0 1 1 2 1 0 1 4 69 0 0 0 0 0 0 5 1 0 0 1 3 9 1 1 1 1 2 1 0 1 164 231 213 207 1 1 1 0 0 0 1 3 5 1 0 0 0 0 0 1 1 91 1 1 1 0 0 2 57 97 2 1 1 1 101 248 196 1 1 0 0 0 0 0 1 0 0 0 0 0 0 0 0 0 0 0 0 0 0 0 0 0 0 0 0 0 0 0 0 0 0 0 0 4 133 1 0 0 2
0 1 1 1 1 49 4 38 1 0 1 238 6 1 0 0 0 1 1 0 1 2 4 251 2 1 1 1 46 71 68 41 1 1 3 1 3 1 1 0 0 3 1 1 1 1 1 213 147 1 0 0 1 1 1 0 1 18 1 2 2 1 0 0 1 1 1 1 1 1 1 1 81 183 187 157 5 1 1 1 0 0 1 1 1 1 172 72 1 0 0 0 1 1 0 0 0 1 2 1 64 99 1 0 0 0 0 0 0 1 1 1 1 1 1 15 9 1 1 11 203 2 1 10 10 4 2 7 14 5 10 4 1 1 1 1 1 1 1 1 1 30 165 90 98 27 1 1 1 0 0 1 0 0 0 0 0 1 175 101 46 1 1 1 1 0 1 1 1 1 1 1 1 3 1 0 1 1 0 1 1 1 1 0 1 1 1 4 205 1 2 7 15 20 105 196 13 34 1 3 3 2 1 3 41 1 1 1 1 1 1 13 1 2 12 13 11 199 10 0 1 1 2 2 1 0 0 0 0 0 0 0 0 0 0 0 0 1 99 160 1 1 1 1 0 0 0 0 0 5 57 52 39 5 186 1 1 0 0 0 0 1 3 58 1 1 1 1 1 1 1 1 1 1 1 1 2 15 15 133 243 1 1 0 0 0 0 0 0 0 0 0 0 1 1 1 1 1 0 0 0 0 0 0 0 0 0 0 0 0 0 0 0 0 0 0 0 0 0 0 0 0 0 0 0 0 0 0 0 0 0 0 0 0 0 5 1 0 0 0 0 0 0 0 0 0 0 0 0 0 0 0 0 0 0 0 0 0 0 0 0 0 0 0 0 0 0 0 0 0 0 0 0 0 0 0 0 0 0 0 0 30 38 0 1 1 133 248 244 159 1 1 1 1 1 1 1 1 1 1 1 8 2 0 1 1 1 2 1 1 87 2 0 0 0 0 0 0 4 0 1 1 1 1 1 9 3 1 1 1 1 1 3 239 13 1 229 161 1 1 0 0 2 5 2 1 1 0 0 0 0 0 0 1 54 9 1 1 2 49 76 8 1 2 0 0 1 1 2 238 236 2 1 1 0 0 0 1 0 0 0 0 0 0 0 0 0 0 0 0 0 0 0 0 0 0 0 0 0 0 0 0 0 0 0 0 0 30 96 3 7 5
0 0 1 1 2 3 48 1 13 2 1 81 234 1 1 0 1 1 0 1 2 1 1 251 1 1 19 67 5 1 1 1 1 1 1 3 5 1 1 1 1 2 2 1 1 1 1 2 219 68 1 1 1 1 0 0 0 3 34 2 1 0 1 1 1 1 0 1 2 1 0 0 1 1 1 96 187 196 172 5 1 1 1 0 1 1 1 182 15 1 0 0 0 0 0 0 0 0 1 4 159 1 0 0 0 0 0 0 0 0 0 1 1 1 1 1 53 1 1 171 120 31 1 1 1 4 8 2 1 1 1 4 8 2 1 1 1 1 1 1 1 1 136 1 1 1 1 1 1 0 0 1 0 0 0 0 0 1 155 1 4 39 1 1 0 1 1 0 0 0 0 1 0 1 3 1 1 1 0 1 1 1 1 1 1 1 1 141 233 198 199 196 195 194 180 20 33 1 3 1 0 0 1 1 17 18 2 1 1 1 16 1 0 0 1 1 1 203 5 5 5 4 2 1 0 0 0 0 0 0 0 0 0 0 0 0 1 23 184 1 1 0 1 1 0 0 0 0 0 1 1 1 2 26 194 31 1 1 1 0 0 0 1 31 24 1 0 0 0 1 0 0 0 0 0 0 0 1 4 1 193 231 1 0 0 0 0 0 0 0 1 1 1 1 1 0 0 0 0 0 0 0 0 0 0 0 0 0 0 0 0 0 0 0 0 0 0 0 0 0 0 0 0 0 0 0 0 0 0 0 0 0 0 0 0 5 1 0 0 0 0 0 0 0 0 0 0 0 0 0 0 0 0 0 0 0 0 0 0 0 0 0 0 0 0 0 0 0 0 0 0 0 0 0 0 0 0 0 0 0 1 110 1 0 0 0 1 1 115 241 249 245 194 3 1 1 1 1 1 2 1 6 1 1 1 0 0 0 1 4 83 1 1 1 0 0 0 1 3 1 1 1 1 1 1 1 5 9 1 1 2 2 228 206 3 1 2 237 17 1 1 3 1 1 0 0 0 0 0 0 0 0 0 0 1 90 2 50 69 5 1 1 0 3 0 0 0 1 1 1 202 247 87 1 1 1 0 1 0 0 0 0 0 0 0 0 0 0 0 0 0 0 0 0 0 0 0 0 0 0 0 0 0 0 0 0 0 3 136 27 1 0
1 1 1 2 2 9 21 1 1 10 2 1 213 187 1 1 1 1 0 1 1 1 33 251 1 10 53 1 1 1 1 1 1 1 0 1 2 4 3 3 2 3 5 1 1 1 1 1 43 219 11 1 1 0 0 0 1 5 14 12 1 1 1 1 0 0 1 1 1 1 0 1 1 1 1 1 1 1 86 192 198 175 4 1 1 1 1 1 186 2 0 0 0 0 0 0 0 1 1 72 52 72 2 1 0 0 0 0 1 2 1 1 0 0 1 1 61 1 3 176 24 80 1 1 1 1 1 1 0 1 1 1 1 2 3 2 2 3 3 3 4 5 148 3 2 1 1 1 1 1 0 0 0 0 0 0 0 118 38 0 1 1 41 1 1 1 0 0 0 0 1 1 0 1 3 1 1 1 0 1 1 1 1 1 1 2 195 173 221 67 61 64 64 62 55 18 1 3 1 0 0 0 1 1 13 1 13 8 1 17 1 0 0 0 1 1 6 198 1 0 1 5 1 0 0 0 0 0 0 0 0 0 0 0 0 0 1 188 7 1 1 1 1 0 0 0 0 0 0 0 0 0 0 1 4 195 2 1 1 0 0 0 0 1 14 29 1 1 1 1 0 0 0 0 0 0 1 2 2 0 1 223 210 1 0 0 0 0 1 1 1 1 0 0 0 0 0 0 0 0 0 0 0 0 0 0 0 0 0 0 0 0 0 0 0 0 0 0 0 0 0 0 0 0 0 0 0 0 0 0 0 0 0 0 0 5 0 0 0 0 0 0 0 0 0 0 0 0 0 0 0 0 0 0 0 0 0 0 0 0 0 0 0 0 0 0 0 0 0 0 0 0 0 0 0 0 0 0 0 0 10 70 0 0 0 0 0 0 1 1 1 89 237 250 244 135 1 1 1 2 2 4 0 1 1 1 1 1 1 60 10 0 1 1 1 1 1 2 1 1 1 1 1 0 1 0 0 1 10 6 4 229 228 48 34 45 49 147 236 4 2 1 0 0 0 0 0 0 0 0 0 0 0 0 1 72 113 4 1 1 0 0 0 2 1 0 0 1 1 1 1 16 245 225 1 1 1 1 0 0 0 0 0 0 0 0 0 0 0 0 0 0 0 0 0 0 0 0 0 0 0 0 0 0 0 3 7 3 2 139 1 0
1 1 1 1 8 1 10 2 1 1 10 4 1 238 6 1 1 0 1 1 1 1 240 233 1 79 1 1 1 1 1 1 1 1 0 1 3 2 1 1 1 1 1 4 3 1 1 1 1 145 211 1 0 0 1 1 3 1 0 17 6 1 1 0 0 1 1 1 1 1 1 1 1 1 1 1 1 0 1 1 1 91 196 199 176 4 1 1 7 184 1 0 0 0 0 0 0 1 13 55 1 1 64 30 1 0 0 1 45 35 48 62 28 1 0 1 60 1 171 17 6 107 1 0 0 0 0 0 0 0 0 1 1 1 1 1 1 1 1 1 1 1 133 2 2 4 5 1 1 1 1 0 0 0 0 1 1 159 1 0 1 1 2 53 1 0 0 0 0 1 1 0 0 1 3 1 1 0 1 1 1 1 1 1 1 190 49 67 210 3 1 1 1 1 1 3 2 1 1 0 0 1 1 1 15 1 1 2 13 1 0 0 1 1 1 1 187 62 0 0 1 4 0 0 0 0 0 0 0 0 0 0 0 0 0 1 1 189 4 1 1 0 0 0 0 0 0 0 0 0 0 0 0 0 1 72 184 1 1 1 0 0 0 0 1 23 15 1 0 0 0 0 0 0 1 2 4 2 0 0 0 1 246 1 0 0 1 1 1 0 0 0 0 0 0 0 0 0 0 0 0 0 0 0 0 0 0 0 0 0 0 0 0 0 0 0 0 0 0 0 0 0 0 0 0 0 0 0 0 0 0 0 0 0 0 5 0 0 0 0 0 0 0 0 0 0 0 0 0 0 0 0 0 0 0 0 0 0 0 0 0 0 0 0 0 0 0 0 0 0 0 0 0 0 0 0 0 0 0 1 109 1 0 0 0 0 0 0 0 0 1 1 1 1 121 242 247 142 1 2 5 1 0 1 1 0 0 1 0 99 1 0 0 0 0 1 2 2 1 0 1 1 1 0 0 0 0 0 1 17 236 204 2 3 1 1 1 1 227 193 1 0 0 0 0 0 0 0 0 0 0 0 1 2 8 2 130 1 1 1 0 0 0 1 3 2 1 1 1 1 1 2 2 229 244 7 1 1 1 0 0 0 0 0 0 0 0 0 0 0 0 0 0 0 0 0 0 0 0 0 0 0 0 4 8 3 0 0 0 57 66 0
0 0 1 3 2 1 1 16 1 1 1 6 4 87 233 1 1 1 1 1 1 1 251 9 50 9 1 1 1 1 1 1 1 0 0 1 3 1 1 1 1 0 1 1 1 6 3 3 1 1 185 185 1 1 1 2 1 0 0 1 39 2 0 0 1 1 1 0 1 1 2 0 1 1 1 1 0 1 1 1 0 1 1 3 109 194 198 171 10 40 174 1 0 0 0 0 0 1 106 1 1 0 1 14 75 2 1 25 4 0 1 1 4 55 44 58 29 108 137 1 1 125 1 0 0 0 0 1 5 7 5 4 5 3 1 1 1 0 0 0 1 5 112 0 1 1 1 4 1 1 1 0 0 0 1 1 1 161 0 0 1 2 2 1 47 5 1 0 0 1 0 0 1 3 1 0 1 1 1 1 1 1 0 1 141 159 54 5 205 1 1 1 1 1 1 1 1 1 1 1 0 1 1 1 16 1 0 0 0 0 0 0 1 1 1 1 204 1 0 0 3 1 0 0 0 0 0 0 0 0 1 1 1 1 1 1 1 194 2 1 0 0 1 1 0 0 0 0 0 0 0 1 0 0 1 1 187 70 1 1 0 0 0 0 0 1 59 2 0 0 0 0 1 2 5 2 0 0 0 0 1 2 246 1 1 1 1 0 0 0 0 0 0 0 0 0 0 0 0 0 0 0 0 0 0 0 0 0 0 0 0 0 0 0 0 0 0 0 0 0 0 0 0 0 0 0 0 0 0 0 0 0 0 0 0 5 0 0 0 0 0 0 0 0 0 0 0 0 0 0 0 0 0 0 0 0 0 0 0 0 0 0 0 0 0 0 0 0 0 0 0 0 0 0 0 0 0 0 0 3 94 1 0 0 0 0 0 0 0 0 1 1 0 0 1 1 27 242 244 84 6 1 1 1 1 1 1 1 1 99 0 0 0 0 1 1 1 2 0 1 1 1 0 0 0 0 0 1 44 239 151 1 1 3 1 1 2 2 3 240 3 1 1 0 1 1 1 1 2 3 5 6 9 6 1 2 56 62 1 0 0 0 0 0 1 1 3 2 1 1 1 1 1 1 130 249 180 1 1 1 0 0 0 0 0 0 0 0 0 0 0 0 0 0 0 0 0 0 0 0 0 4 7 3 1 0 0 0 0 1 146 1
0 1 2 2 1 0 1 18 1 0 1 1 9 4 213 190 1 1 1 1 1 1 251 1 83 1 1 1 1 1 1 1 1 0 0 1 3 3 3 2 1 1 0 1 1 1 1 1 1 1 1 208 142 1 2 1 0 0 1 1 1 46 1 1 1 0 0 1 1 1 1 1 1 1 1 0 1 1 1 0 0 1 3 1 1 1 1 100 191 197 192 168 1 0 0 0 1 69 12 0 1 0 1 1 1 62 59 99 48 7 2 1 0 1 2 1 13 173 1 1 27 118 71 71 70 43 6 11 4 2 3 3 3 4 8 12 13 3 1 1 1 63 43 0 0 1 1 2 2 1 1 1 0 0 0 1 1 166 1 1 1 0 1 1 1 26 23 1 0 1 1 1 3 1 1 1 1 1 1 1 1 0 1 2 199 37 5 3 205 1 1 0 0 0 1 1 0 0 1 1 1 1 1 1 7 3 0 0 0 0 0 0 1 1 1 1 203 1 0 1 4 0 0 0 0 0 0 0 0 0 1 1 11 32 21 6 164 120 1 0 0 0 0 1 1 0 0 0 0 0 1 1 0 0 0 1 4 199 2 1 1 0 1 0 0 0 1 73 1 0 1 1 4 2 1 0 0 0 1 1 1 7 245 0 0 0 0 0 0 0 0 0 0 0 0 0 0 0 0 0 0 0 0 0 0 0 0 0 0 0 0 0 0 0 0 0 0 0 0 0 0 0 0 0 0 0 0 0 0 0 0 0 0 0 0 5 0 0 0 0 0 0 0 0 0 0 0 0 0 0 0 0 0 0 0 0 0 0 0 0 0 0 0 0 0 0 0 0 0 0 0 0 0 0 0 0 0 0 1 105 1 1 0 0 0 0 0 0 0 0 1 1 0 0 0 0 1 1 136 247 245 125 1 1 1 1 1 1 3 81 1 1 0 0 1 1 1 2 0 0 0 0 0 0 0 0 1 46 239 74 1 1 3 1 1 1 1 3 1 185 231 9 14 18 20 20 20 19 15 10 8 7 5 4 4 3 2 142 1 0 0 0 0 0 0 0 1 3 1 1 0 1 0 1 1 2 242 237 2 0 0 0 0 0 0 0 0 0 0 0 0 0 0 0 0 0 0 0 1 5 7 2 1 0 0 0 0 0 0 0 38 85
1 1 4 1 0 0 1 12 1 1 0 0 1 5 13 239 4 1 1 1 1 52 251 52 9 1 0 0 1 1 1 1 1 0 0 1 2 1 1 1 2 1 1 1 1 1 0 1 1 1 1 2 219 73 1 1 1 1 1 0 0 1 58 1 0 0 1 1 1 0 1 2 1 0 0 1 1 1 0 0 1 2 1 0 0 1 1 1 1 1 109 218 199 1 1 0 4 89 1 1 1 0 0 1 0 1 171 79 38 93 113 3 1 1 1 4 175 2 1 0 109 1 1 1 1 3 27 41 6 1 1 1 1 0 0 1 1 6 17 15 15 105 7 0 1 1 0 1 5 1 1 1 1 0 0 1 28 65 74 6 1 0 0 0 0 0 5 48 1 1 1 3 1 1 1 1 1 1 1 1 0 1 1 184 72 54 1 5 203 1 1 1 0 1 1 0 0 1 1 0 0 1 1 1 1 13 1 1 1 0 1 1 1 1 1 114 174 0 1 4 1 0 0 0 0 0 0 0 1 1 1 8 9 1 6 166 97 1 1 0 0 0 0 0 1 0 0 1 1 1 0 0 0 0 0 0 1 132 164 1 1 1 1 1 0 0 0 3 56 1 3 3 1 0 1 1 0 1 1 1 0 222 218 0 0 0 0 0 0 0 0 0 0 0 0 0 0 0 0 0 0 0 0 0 0 0 0 0 0 0 0 0 0 0 0 0 0 0 0 0 0 0 0 0 0 0 0 0 0 0 0 0 0 0 0 5 1 0 0 0 0 0 0 0 0 0 0 0 0 0 0 0 0 0 0 0 0 0 0 0 0 0 0 0 0 0 0 0 0 0 0 0 0 0 0 0 0 0 1 105 0 1 0 0 0 0 0 0 0 0 1 1 0 0 0 0 0 6 2 1 121 243 250 249 232 127 2 1 55 16 1 1 0 0 1 1 1 1 0 0 0 0 0 0 0 0 1 239 86 1 1 2 2 0 2 1 1 2 3 1 238 36 5 1 1 1 0 0 0 0 0 0 1 1 1 1 0 134 4 0 0 0 0 0 0 0 2 1 1 1 1 0 0 1 1 1 1 207 248 58 1 0 0 0 0 0 0 0 0 0 0 0 0 0 0 0 1 5 7 2 1 0 0 0 0 0 0 0 0 0 1 147
1 5 1 0 0 0 0 1 14 1 1 0 0 1 2 150 233 1 1 1 1 244 226 85 1 0 0 0 0 1 1 1 1 0 1 3 1 1 1 0 1 1 1 1 1 0 0 1 1 1 1 1 28 219 15 1 1 1 1 0 1 1 5 44 1 1 1 1 0 1 1 1 1 1 1 2 1 0 1 2 2 1 0 0 1 1 1 1 0 1 2 1 198 186 1 1 104 1 1 1 0 0 0 1 0 64 159 1 1 1 3 116 124 122 68 173 5 1 1 1 112 1 0 0 0 0 1 5 1 8 9 10 11 1 1 1 1 1 1 1 1 97 1 0 1 1 0 0 1 4 0 1 1 0 0 1 104 1 1 65 5 1 0 0 0 0 0 1 43 9 2 2 1 1 1 1 1 1 1 1 2 2 1 201 29 8 1 5 203 1 0 1 1 1 1 1 1 1 0 0 0 0 0 1 1 90 95 80 64 51 43 36 27 15 7 203 4 1 4 1 0 0 0 0 0 0 0 1 1 1 12 9 1 1 158 55 0 1 1 0 0 0 0 0 1 1 1 1 0 0 0 0 0 0 0 0 1 1 200 2 1 1 1 1 1 0 0 0 12 47 1 0 0 0 0 0 1 1 0 0 1 245 4 0 0 0 0 0 0 0 0 0 0 0 0 0 0 0 0 0 0 0 0 0 0 0 0 0 0 0 0 0 0 0 0 0 0 0 0 0 0 0 0 0 0 0 0 0 0 0 0 0 0 0 0 5 1 0 0 0 0 0 0 0 0 0 0 0 0 0 0 0 0 0 0 0 0 0 0 0 0 0 0 0 0 0 0 0 0 0 0 0 0 0 0 0 0 1 97 2 0 0 0 0 0 0 0 0 0 0 1 1 0 0 0 0 0 9 1 0 1 1 1 28 217 244 250 250 242 211 192 98 10 2 2 1 1 1 1 0 0 0 0 0 0 0 135 237 1 1 1 2 3 1 3 2 2 2 2 1 42 240 2 1 1 1 1 0 0 0 1 0 1 0 1 1 0 34 91 1 1 1 0 1 0 2 2 1 1 1 1 0 1 1 0 1 1 1 21 246 216 1 1 1 0 0 0 0 0 0 0 0 0 0 1 5 7 2 1 0 0 0 0 0 0 0 0 0 0 0 0 80
6 1 1 0 0 0 0 1 16 1 1 1 0 1 1 6 224 176 1 1 1 251 39 70 1 0 0 0 0 0 1 2 1 1 1 3 1 1 1 0 0 1 1 3 1 1 0 0 1 1 1 1 1 127 212 5 1 0 0 1 1 1 1 9 30 1 0 0 1 1 1 0 0 1 1 1 1 1 2 1 0 0 0 1 1 1 0 1 1 2 1 0 1 212 160 53 22 1 1 0 0 0 1 1 1 180 4 1 0 0 1 2 1 1 166 12 1 0 0 38 34 0 0 0 0 0 0 5 0 0 0 1 8 1 0 1 1 1 1 1 1 103 1 1 1 1 1 1 1 4 1 0 1 1 0 55 16 1 1 1 54 11 1 0 0 0 0 0 1 17 68 1 0 1 1 1 1 0 1 1 1 1 180 169 57 1 0 5 203 1 1 0 1 1 1 1 1 0 0 0 1 1 1 7 198 189 172 178 182 184 187 188 188 192 194 139 1 3 1 0 0 0 0 1 0 1 1 1 1 26 5 0 1 167 37 1 1 1 0 0 0 0 0 0 0 0 0 0 0 0 0 0 0 0 0 0 1 1 152 147 1 1 1 0 1 1 1 1 1 26 5 0 0 0 0 0 1 0 0 0 0 246 1 0 0 0 0 0 0 0 0 0 0 0 0 0 0 0 0 0 0 0 0 0 0 0 0 0 0 0 0 0 0 0 0 0 0 0 0 0 0 0 0 0 0 0 0 0 0 0 0 0 0 0 1 5 1 0 0 0 0 0 0 0 0 0 0 0 0 0 0 0 0 0 0 0 0 0 0 0 0 0 0 0 0 0 0 0 0 0 0 0 0 0 0 0 1 1 110 0 0 0 0 0 0 0 0 0 0 0 1 1 0 0 0 0 0 10 0 0 1 0 1 1 1 1 2 2 232 208 218 232 236 238 239 239 239 239 234 174 4 1 0 0 0 0 237 125 1 1 1 1 3 2 2 1 2 3 1 2 8 229 184 1 0 1 1 0 0 0 1 0 1 0 0 1 0 1 150 1 1 1 0 1 1 5 2 1 1 1 0 1 1 1 1 1 1 1 1 1 234 243 5 1 1 1 0 0 0 0 0 0 1 5 7 2 0 0 0 0 0 0 0 0 0 0 0 0 0 0 0 2
2 1 0 0 0 0 0 1 3 7 1 1 1 1 1 1 29 239 5 1 1 251 89 1 1 0 0 0 0 0 0 1 2 1 3 1 0 1 1 1 0 0 1 2 1 1 1 1 1 1 1 1 1 1 175 194 1 0 1 2 1 0 1 2 31 9 1 1 1 1 0 0 1 1 0 0 1 5 1 0 0 0 1 1 0 0 0 1 2 1 0 1 1 1 222 169 1 1 1 0 0 0 1 1 100 146 1 0 0 0 1 1 1 1 154 4 4 1 1 109 1 0 0 0 0 0 0 5 0 0 0 1 7 1 0 0 1 2 1 1 1 107 1 0 0 0 1 0 1 1 6 1 0 1 1 103 1 1 1 1 1 64 4 0 0 0 0 0 0 1 9 79 1 1 0 1 1 1 1 2 169 199 105 41 3 1 1 17 200 1 1 1 1 1 1 0 0 0 0 1 1 1 7 196 15 0 1 1 1 0 0 0 0 0 1 7 3 1 0 0 0 1 1 1 1 1 1 9 30 1 0 2 174 10 1 1 0 0 0 0 0 0 0 0 0 0 0 0 0 0 0 0 0 0 0 0 0 1 1 192 32 1 1 0 0 1 1 0 0 1 58 1 0 0 1 1 1 1 0 0 1 246 0 0 0 0 0 0 0 0 0 0 0 0 0 0 0 0 0 0 0 0 0 0 0 0 0 0 0 0 0 0 0 0 0 0 0 0 0 0 0 0 0 0 0 0 0 0 0 0 0 0 0 1 5 2 1 0 0 0 0 0 0 0 0 0 0 0 0 0 0 0 0 0 0 0 0 0 0 0 0 0 0 0 0 0 0 0 0 0 0 0 0 0 0 1 1 18 56 0 0 0 0 0 0 0 0 0 0 0 0 1 0 0 0 0 1 9 0 0 1 0 1 1 0 2 1 1 197 1 1 1 1 1 1 1 1 1 39 223 237 237 178 1 1 1 243 9 1 0 1 1 2 6 2 2 1 2 8 5 1 2 240 2 1 1 1 0 0 1 1 0 1 1 0 1 6 29 137 1 0 0 1 5 6 5 8 9 8 5 2 1 1 2 2 1 1 1 1 1 1 153 250 166 1 1 1 1 0 0 1 5 7 2 1 0 0 0 0 0 0 0 0 0 0 0 0 0 0 0 0 1
22 1 1 1 1 1 1 1 1 17 2 1 1 1 1 1 5 145 233 1 12 252 15 1 0 0 0 0 0 1 1 1 1 6 1 0 0 1 1 1 0 0 1 1 1 1 1 1 1 0 1 1 1 1 1 205 154 1 2 1 0 1 2 1 1 33 4 1 1 0 0 1 1 0 0 1 5 1 1 0 0 1 1 0 0 0 1 2 1 0 1 1 1 0 1 229 36 1 0 0 0 0 0 1 182 1 1 1 0 1 2 0 1 2 149 0 2 12 109 4 1 1 1 0 0 0 0 5 0 0 0 0 7 4 2 1 1 2 1 1 1 106 1 1 1 1 1 0 1 1 2 3 1 1 90 3 1 1 0 0 1 2 68 0 0 0 0 0 1 3 0 3 87 5 1 1 3 86 191 197 117 11 55 13 1 1 1 89 190 1 1 0 1 12 1 1 0 0 1 1 1 5 195 18 1 1 1 0 1 0 1 0 0 0 5 5 1 0 0 0 1 1 1 3 30 32 35 7 1 0 2 175 4 1 1 0 0 0 0 0 0 0 0 0 0 0 0 0 0 0 0 0 0 0 0 0 1 0 1 8 195 3 1 0 0 0 0 0 0 1 16 20 1 1 1 1 0 1 0 0 44 246 0 0 0 0 0 0 0 0 0 0 0 0 0 0 0 0 0 0 0 0 0 0 0 0 0 0 0 0 0 0 0 0 0 0 0 0 0 0 0 0 0 0 0 0 0 0 0 0 0 0 0 3 1 0 0 0 0 0 0 0 0 0 0 0 0 0 0 0 0 0 0 0 0 0 0 0 0 0 0 0 0 0 0 0 0 0 0 0 0 0 0 0 1 1 0 109 1 0 0 0 0 0 0 0 0 0 0 0 0 1 1 0 0 0 2 5 0 0 1 0 2 1 0 1 1 23 181 0 1 1 1 0 0 0 0 0 1 1 1 5 224 237 150 1 243 6 1 0 0 1 2 1 5 1 2 10 3 1 2 2 196 227 1 1 1 0 0 1 0 0 0 1 2 24 9 1 106 4 3 5 5 1 1 0 0 1 1 2 4 6 4 0 1 2 0 1 1 0 1 1 2 243 234 2 1 1 1 6 7 1 1 0 0 0 0 0 0 0 0 0 0 0 0 0 0 0 0 0 0 0
11 3 3 3 2 2 3 3 3 4 17 5 1 1 1 1 1 16 223 176 207 250 1 1 0 0 0 0 1 1 3 4 4 2 1 0 0 1 1 1 1 1 3 1 1 1 2 1 1 1 1 1 1 1 1 16 220 76 1 0 1 2 1 1 0 1 62 1 0 0 1 1 0 0 1 5 1 0 1 1 1 1 0 0 0 1 1 1 1 1 1 1 0 0 0 10 231 4 1 0 0 0 1 139 115 1 1 1 1 2 1 1 1 39 110 0 0 10 42 7 9 9 10 7 2 1 1 6 1 0 0 0 1 2 3 5 13 5 1 1 1 105 1 1 0 0 0 1 1 1 2 6 4 3 112 1 1 1 0 0 0 1 82 1 0 1 0 0 1 2 0 9 47 1 4 95 198 180 51 44 61 23 1 1 0 0 1 106 186 1 1 1 1 14 1 1 1 1 1 1 4 196 18 1 1 1 1 1 1 0 1 1 1 1 15 1 0 0 0 1 1 3 34 15 1 1 1 0 0 5 175 3 1 1 0 0 0 0 0 0 0 0 0 0 0 0 0 0 0 0 0 0 0 0 0 0 1 0 1 1 80 177 1 1 0 0 0 0 1 15 1 2 10 2 1 0 0 1 1 0 233 193 0 0 0 0 0 0 0 0 0 0 0 0 0 0 0 0 0 0 0 0 0 0 0 0 0 0 0 0 0 0 0 0 0 0 0 0 0 0 0 0 0 0 0 0 0 0 0 0 0 0 0 5 1 0 0 0 0 0 0 0 0 0 0 0 0 0 0 0 0 0 0 0 0 0 0 0 0 0 0 0 0 0 0 0 0 0 0 0 0 0 0 0 1 0 0 110 0 0 0 0 0 0 0 0 0 0 0 0 0 1 1 0 0 0 8 1 0 1 1 0 2 0 0 1 1 185 18 0 0 1 2 1 1 0 0 0 0 0 0 1 1 6 231 234 240 3 2 5 5 3 1 1 5 8 6 1 1 2 2 1 1 241 23 0 1 1 1 1 0 0 1 17 31 3 0 0 46 30 2 1 0 0 1 0 0 0 1 1 0 1 3 1 1 2 0 1 1 1 1 1 1 1 217 246 27 6 7 1 1 1 0 0 0 0 0 0 0 0 0 0 0 0 0 0 0 0 0 0 0 0
3 8 1 1 1 1 1 1 1 1 1 10 27 23 6 1 1 17 3 240 251 176 1 1 0 0 0 1 1 4 1 1 1 1 1 1 0 0 1 1 1 1 2 0 0 0 1 1 2 1 1 1 1 14 13 1 9 220 6 1 1 1 1 0 1 1 1 57 1 1 1 0 0 1 9 3 1 0 0 1 1 0 0 1 1 1 1 1 1 1 1 1 0 0 0 1 131 223 1 1 1 1 2 185 1 1 1 1 3 1 1 0 0 137 8 0 0 73 1 0 0 0 1 1 4 9 10 7 0 0 0 1 1 1 1 1 1 5 2 1 1 77 7 1 1 1 1 2 2 2 1 0 1 1 135 1 1 1 1 0 0 1 46 8 1 1 0 0 3 1 1 86 1 0 1 197 101 62 33 3 1 1 0 0 0 1 1 176 196 35 11 9 10 26 3 3 3 3 3 14 197 16 1 0 1 1 1 1 1 1 0 0 3 13 1 0 0 0 1 1 21 18 1 0 0 0 0 1 99 172 2 1 1 0 0 0 0 0 0 0 0 0 0 0 0 0 0 0 0 0 0 0 0 0 0 0 1 1 0 1 1 151 130 1 1 0 0 1 14 1 1 2 1 5 2 1 0 0 1 0 246 1 0 0 0 0 0 0 0 0 0 0 0 0 0 0 0 0 0 0 0 0 0 0 0 0 0 0 0 0 0 0 0 0 0 0 0 0 0 0 0 0 0 0 0 0 0 0 0 0 0 0 0 5 0 0 0 0 0 0 0 0 0 0 0 0 0 0 0 0 0 0 0 0 0 0 0 0 0 0 0 0 0 0 0 0 0 0 0 0 0 0 0 1 1 0 1 110 0 0 0 0 0 0 0 0 0 0 0 0 0 1 1 0 0 0 9 1 0 1 0 1 1 0 1 1 0 198 1 0 0 1 1 2 2 3 3 2 1 1 1 1 1 27 211 230 229 81 5 1 1 3 2 6 7 3 1 0 2 1 0 0 0 65 239 1 0 0 0 0 1 7 33 5 1 3 0 0 2 93 1 1 1 1 1 1 0 0 1 1 1 1 3 1 1 2 0 1 1 0 1 1 1 1 2 182 253 217 1 1 1 0 1 1 0 0 0 0 0 0 0 0 0 0 0 0 0 0 0 0 0 0
