6 53 75 61 15 2 1 1 1 11 2 0 0 0 0 1 1 55 1 0 1 52 1 1 6 59 1 0 0 1 0 0 0 0 0 1 1 5 171 191 195 237 249 245 128 2 1 1 1 1 1 2 1 1 1 2 37 0 0 0 0 0 4 1 1 1 1 3 1 0 0 5 4 249 1 1 1 1 2 0 0 1 1 1 24 0 1 1 1 1 0 0 1 25 2 1 0 1 18 28 24 32 33 4 1 0 1 42 121 20 19 19 17 10 8 10 15 14 2 0 1 1 0 0 1 1 0 1 1 0 1 1 2 3 1 4 21 11 1 1 1 1 1 8 61 24 7 1 1 1 1 0 1 1 29 2 1 1 1 1 1 1 1 6 1 13 28 21 44 3 23 1 1 1 1 1 1 12 30 27 13 13 14 13 11 7 10 98 35 1 1 1 1 1 28 1 0 0 0 0 0 0 0 0 0 1 1 1 1 2 1 1 1 1 0 1 1 0 0 0 1 1 1 1 1 1 1 2 184 1 1 1 2 1 1 1 1 1 1 1 99 2 2 1 1 1 0 1 10 1 0 1 2 11 5 5 116 150 13 1 2 1 1 19 2 1 1 1 0 0 1 4 2 25 1 1 1 0 0 0 0 0 0 0 0 0 0 0 0 0 0 0 0 0 0 1 1 2 32 63 62 3 1 32 229 103 1 21 32 36 34 40 34 34 32 6 4 1 1 1 1 1 1 1 1 0 0 1 0 0 0 0 1 1 1 0 1 1 1 1 1 1 92 247 246 85 1 1 1 1 1 6 66 1 1 1 1 0 1 1 1 1 1 1 1 1 1 7 85 125 3 1 0 0 0 1 1 2 1 1 0 1 1 32 1 0 0 0 1 1 1 3 6 5 4 1 2 1 1 1 0 0 1 13 92 4 1 0 1 0 1 2 254 2 1 1 1 1 1 1 1 1 1 0 1 1 1 1 24 1 0 0 0 0 0 1 1 1 1 0 0 0 0 0 0 0 0 0 0 0 0 0 0 0 0 0 1 4 29 173 1 1 1 1 0 0 0 0 1 1 1 1 1 1 1 153 241 1 1 1 1 218 212 1 1 1 1 1 0 0 1 1 1 1 1 1 1 1 1 27 60 91 9 1 1 1 246 164 1 1 1 1
59 9 1 1 1 1 0 1 3 11 1 0 0 0 0 1 18 19 1 0 1 52 1 1 65 3 1 0 0 1 1 0 0 0 1 9 179 177 10 1 0 0 1 86 239 249 239 100 1 1 1 2 1 1 1 1 32 19 1 0 1 50 227 234 234 234 234 196 4 1 1 7 23 247 1 1 1 2 1 1 1 1 0 1 25 0 0 0 1 1 0 1 21 2 1 0 0 1 1 2 2 1 1 0 1 1 1 43 1 1 1 1 1 2 3 2 1 1 5 0 1 1 0 0 1 0 0 1 1 0 1 0 0 5 1 1 18 8 10 1 0 0 1 1 1 21 79 11 1 1 1 1 1 1 1 34 1 1 0 1 1 1 3 2 33 13 4 7 1 1 3 23 1 1 1 1 24 5 4 2 1 1 1 1 1 3 8 121 81 12 8 7 6 5 32 1 0 0 0 0 0 0 0 0 0 1 1 1 1 1 2 2 3 8 8 2 1 0 1 1 1 1 1 1 1 1 2 1 186 1 1 1 1 1 0 1 1 1 1 1 103 2 1 1 1 1 1 13 1 0 1 1 1 1 7 9 3 7 145 114 2 1 1 1 17 19 2 1 1 1 1 9 15 5 1 1 0 0 0 0 0 0 0 0 0 0 0 0 0 0 0 0 0 0 0 0 0 1 1 1 1 58 27 197 191 1 47 8 2 1 1 1 2 1 2 30 9 1 2 1 1 1 1 1 1 1 1 0 0 0 0 1 1 1 1 1 1 1 1 1 1 1 1 1 123 248 245 52 1 1 1 68 4 1 1 1 1 1 1 1 1 1 1 1 1 1 2 1 1 8 133 16 1 1 1 1 1 2 1 1 0 1 1 33 1 1 0 0 0 1 1 1 1 1 5 3 3 1 1 1 1 1 0 1 2 84 30 1 1 0 1 247 248 1 1 1 1 1 1 1 1 0 1 0 1 1 1 1 24 1 0 0 0 0 0 1 1 1 1 0 0 0 0 0 0 0 0 0 0 0 0 0 0 0 0 0 1 3 1 163 40 1 1 1 1 1 1 1 1 1 1 1 1 1 2 249 13 1 1 1 1 248 6 1 1 1 0 0 0 0 1 1 1 1 1 1 1 13 37 90 46 1 1 1 1 5 250 4 1 1 0 1
1 1 0 0 0 0 0 1 16 1 1 0 0 0 0 1 59 1 0 0 1 52 1 1 78 1 1 0 0 0 1 0 1 10 180 175 5 1 0 0 0 0 0 0 0 1 123 244 249 235 67 1 2 1 1 1 1 8 46 20 158 218 19 1 1 1 1 127 231 234 222 178 244 177 1 1 1 2 0 0 1 1 0 2 19 0 0 0 0 1 0 1 25 1 1 2 2 2 1 0 0 0 0 0 0 0 2 36 1 1 1 1 0 0 0 1 0 1 5 0 1 0 1 1 1 0 1 1 0 1 1 1 0 1 6 1 1 40 9 1 0 0 0 1 1 1 15 38 57 6 1 1 1 1 1 13 9 1 1 1 2 5 3 8 19 1 1 1 0 1 1 16 14 3 1 30 1 1 8 1 1 1 1 1 1 1 1 84 15 65 49 3 1 1 25 1 0 0 0 0 0 0 0 0 1 1 1 1 2 1 0 0 2 3 1 8 12 7 1 1 0 1 1 1 1 2 1 23 179 2 1 1 1 1 0 0 1 1 1 1 108 1 1 0 0 0 4 5 0 0 1 1 0 1 2 1 4 8 1 74 145 37 1 1 1 2 18 23 17 5 2 34 1 2 1 1 0 0 0 0 0 0 0 0 0 0 0 0 0 0 0 0 0 0 0 0 0 0 0 1 1 88 221 215 4 156 156 138 140 135 108 41 9 4 3 42 92 94 95 53 3 1 1 1 1 1 1 1 1 1 1 1 0 0 1 1 1 1 1 1 1 1 1 1 1 2 154 249 242 28 1 82 1 1 1 1 1 1 1 1 1 1 1 1 1 1 0 0 1 1 1 116 49 1 1 1 1 1 1 2 1 1 1 16 5 1 1 2 2 1 1 1 1 1 3 1 1 1 1 2 0 1 1 1 0 1 45 74 1 1 4 254 1 0 1 0 1 1 1 1 1 1 1 1 1 1 1 1 24 1 0 0 0 0 0 1 1 2 1 0 0 0 0 0 0 0 0 0 0 0 0 0 0 0 0 1 4 1 1 2 196 1 1 1 1 1 1 1 1 1 1 1 1 1 18 249 1 1 1 1 80 245 1 1 1 1 0 0 0 1 1 1 1 1 1 3 46 75 89 4 1 1 0 1 1 181 245 1 1 1 1 1
0 0 0 0 0 0 0 4 8 0 1 0 1 1 1 10 31 1 0 0 1 51 1 1 78 1 0 0 0 0 1 62 187 174 4 0 0 0 0 0 0 0 0 1 1 1 1 1 1 153 245 249 235 53 1 1 1 1 1 159 171 1 1 1 1 1 1 1 1 1 29 163 254 244 173 173 130 110 97 63 13 1 1 5 6 4 1 0 1 1 1 25 1 0 1 1 1 1 0 0 1 1 1 1 1 1 38 2 1 1 1 1 0 0 0 1 0 1 5 1 1 1 1 1 0 1 1 1 0 1 1 1 1 1 6 1 1 14 54 2 1 1 1 1 1 9 8 2 2 43 53 4 1 1 1 1 52 1 1 7 3 1 2 42 1 1 1 0 0 0 0 1 5 13 21 2 1 1 8 1 1 0 0 0 1 1 1 86 1 1 6 59 59 7 19 1 1 9 30 1 1 0 0 1 1 1 1 0 2 1 0 1 6 1 1 1 1 2 15 13 3 1 1 3 2 5 17 128 139 43 37 37 38 29 9 1 1 1 1 1 110 1 1 0 0 1 15 1 1 1 1 0 1 5 1 1 1 1 7 4 14 128 132 8 1 1 1 1 2 10 64 8 1 1 1 0 0 0 0 0 0 0 0 0 0 0 0 0 0 0 0 0 0 0 0 0 1 1 1 59 235 249 236 177 173 31 1 1 1 2 18 84 118 129 134 163 108 21 3 35 100 95 38 12 3 1 1 1 1 1 1 1 1 1 0 1 1 1 0 1 1 1 1 1 1 3 1 2 161 249 239 97 1 1 1 1 1 1 0 1 1 1 1 1 2 1 1 1 1 1 0 1 84 86 1 1 1 1 1 1 1 1 6 62 138 133 145 150 152 153 143 110 44 6 2 1 0 0 1 1 0 0 0 1 1 1 1 10 91 129 254 227 1 1 1 0 0 1 1 1 0 0 0 0 0 1 1 1 25 1 0 0 0 0 0 1 1 2 1 1 1 1 1 1 1 1 1 1 1 1 1 1 1 1 1 1 3 1 1 1 89 132 1 1 1 2 2 2 1 1 1 1 1 1 236 180 1 1 1 1 245 73 1 1 1 1 0 0 1 1 1 0 1 1 26 65 184 153 1 1 1 1 0 1 1 250 44 1 1 1 1 1
0 0 0 0 0 0 0 15 2 0 1 1 1 1 0 48 3 0 0 0 1 52 1 7 56 1 0 0 1 63 188 145 1 1 0 0 0 0 0 0 0 1 1 1 0 0 0 0 0 0 1 1 163 244 247 220 34 4 162 151 1 0 0 0 0 1 1 1 0 0 0 4 249 201 1 1 54 9 1 10 56 93 65 59 2 6 12 3 3 16 27 2 0 0 1 1 0 0 1 1 1 1 1 1 1 1 45 1 1 1 1 0 0 0 0 1 0 1 5 0 1 0 0 0 1 1 1 0 1 1 0 1 2 6 1 1 4 2 48 24 3 1 2 7 8 1 1 5 1 1 3 52 42 6 5 42 58 106 35 28 37 42 34 1 1 0 0 0 0 0 0 0 0 0 0 0 1 1 5 1 1 0 0 0 1 1 1 83 1 1 1 1 3 45 99 73 35 26 6 47 45 4 1 1 1 1 1 1 2 0 0 2 2 0 1 1 0 0 1 1 9 18 20 32 18 8 1 141 50 1 1 1 2 3 13 36 42 40 23 6 102 1 1 1 1 10 1 0 1 1 1 1 2 2 3 3 1 1 1 2 8 3 33 149 88 3 2 1 2 1 34 23 2 1 1 1 0 0 0 0 0 0 0 0 0 0 0 0 0 0 0 0 0 0 0 1 1 161 247 244 146 9 1 1 1 1 1 0 0 1 1 1 1 1 1 5 27 2 13 9 1 4 47 84 102 110 55 2 1 1 1 1 1 1 0 0 1 0 1 1 1 1 1 1 2 1 1 1 1 1 188 251 232 3 1 1 1 1 1 1 1 1 1 1 1 1 1 2 1 1 1 1 1 47 115 1 1 0 0 0 0 1 129 84 25 6 2 1 1 1 6 41 110 158 154 40 1 1 2 1 0 0 0 0 1 1 0 1 3 250 249 1 0 1 0 0 0 1 1 1 0 0 0 1 1 1 1 1 24 1 1 0 0 0 0 1 1 2 1 0 0 0 0 0 0 0 0 1 1 1 1 1 1 1 1 5 4 6 12 21 27 208 9 1 1 1 1 0 1 1 1 1 1 1 249 2 1 1 1 4 248 1 1 1 1 0 1 1 1 1 1 1 7 41 150 170 3 21 71 1 1 1 1 1 33 250 1 1 0 1 1 1
0 0 0 0 0 0 1 18 1 0 1 1 1 0 0 58 1 0 0 0 1 51 1 66 3 1 1 84 188 145 1 1 0 0 0 0 0 0 0 1 1 0 0 0 0 0 0 0 0 0 0 1 10 1 2 174 245 245 205 2 1 0 1 1 1 1 0 0 0 0 0 4 253 95 1 1 1 68 1 1 0 2 5 3 38 45 33 58 17 3 1 1 0 1 1 0 0 0 0 1 0 0 0 0 1 15 11 1 1 1 0 0 0 0 1 1 0 1 5 0 1 1 0 1 1 1 0 0 1 0 0 2 4 1 1 5 1 1 2 29 16 9 6 1 1 1 1 5 1 1 1 1 8 40 40 4 1 65 58 3 1 1 1 1 1 0 0 0 0 0 0 0 0 0 0 0 1 6 1 1 0 0 0 1 1 1 8 60 1 1 1 1 1 1 13 30 61 1 1 1 1 33 52 26 1 1 1 1 2 1 1 6 1 0 1 1 0 1 1 1 1 1 2 2 1 1 1 157 21 1 0 1 1 0 1 1 1 1 4 76 111 1 1 1 1 11 1 1 0 1 1 1 3 1 0 1 4 3 1 1 1 5 8 3 84 155 36 1 1 2 26 1 16 28 2 1 1 1 0 0 0 0 0 0 0 0 0 0 0 0 0 0 0 0 1 2 235 230 16 1 1 1 0 0 0 1 1 0 0 0 0 0 0 0 5 1 2 19 1 3 13 3 1 1 1 1 34 107 90 5 1 1 1 1 1 0 1 1 1 1 1 1 1 1 2 1 0 1 1 1 16 1 212 251 213 1 1 1 1 1 1 1 1 1 1 1 1 1 1 1 1 0 1 1 20 132 3 1 0 0 1 89 36 1 1 1 1 1 1 1 1 1 1 1 15 129 161 43 1 0 0 0 0 0 0 0 0 1 1 254 156 1 1 1 0 0 0 1 1 1 0 0 1 1 1 1 1 1 24 1 1 1 0 0 1 1 1 2 1 0 0 0 0 0 1 1 1 1 1 1 1 2 5 14 22 31 13 8 4 1 1 17 199 1 1 1 1 1 1 1 1 1 1 109 245 1 1 1 1 216 214 1 1 1 1 1 1 0 0 1 1 34 86 189 52 1 1 1 81 11 1 1 1 1 242 208 1 1 0 0 1 1
0 0 0 0 0 0 1 18 1 1 0 1 1 0 1 59 1 0 0 0 1 51 1 78 1 123 186 134 1 1 0 0 0 0 0 0 0 1 1 1 0 0 0 0 0 0 0 0 0 0 0 0 7 2 1 1 5 220 72 55 43 1 1 1 1 0 0 0 0 0 1 6 254 1 1 1 1 27 15 1 0 1 2 3 1 1 3 97 1 1 1 1 1 1 1 0 0 1 1 1 0 0 0 0 1 45 1 1 0 1 0 0 0 1 1 0 0 1 3 0 1 2 2 5 8 8 6 1 1 1 2 3 1 1 4 1 0 0 1 17 13 1 1 0 0 1 1 5 1 1 1 1 2 1 1 0 1 1 105 3 1 1 0 0 1 1 1 1 0 0 0 0 0 0 0 0 1 8 1 1 1 0 0 1 1 1 53 11 1 1 1 0 1 2 5 1 28 1 1 1 1 1 1 6 47 37 1 1 1 1 6 4 1 1 1 1 0 1 1 1 0 1 3 1 0 1 1 164 26 1 0 1 0 0 1 0 0 0 1 1 78 147 149 131 91 3 1 1 1 1 0 2 1 0 0 0 1 3 9 3 1 1 1 8 4 4 124 138 3 15 5 1 1 16 73 67 8 1 1 1 0 0 0 0 1 1 1 1 1 1 1 0 0 1 1 234 121 1 6 1 1 1 1 1 1 1 0 0 0 0 0 0 0 1 5 1 1 3 24 2 1 8 8 1 1 1 1 1 9 95 64 1 1 1 1 1 0 1 0 1 1 1 1 3 1 0 0 0 1 1 16 1 1 2 232 249 47 1 1 1 1 1 1 0 0 1 1 1 1 0 1 0 0 1 1 9 139 18 1 1 1 148 1 1 1 0 0 1 1 1 1 0 1 1 1 1 7 142 132 3 0 0 0 0 0 0 1 1 1 254 1 1 1 1 0 0 0 1 1 1 0 0 0 0 0 1 1 1 24 1 0 1 0 0 1 0 1 2 1 1 1 1 1 1 1 1 2 6 16 22 20 15 8 2 2 1 1 1 1 1 1 1 167 83 1 1 1 1 1 1 1 1 1 244 138 1 1 1 1 249 6 1 1 1 1 0 0 1 1 13 44 170 147 1 1 1 1 1 1 109 1 1 1 5 250 8 1 1 1 1 1 1
0 0 0 0 0 1 1 17 1 1 0 1 1 1 1 60 1 0 0 1 1 50 4 185 183 99 1 1 0 0 0 1 1 1 1 1 1 1 0 0 0 0 0 0 0 0 0 0 0 0 0 0 1 10 1 8 203 16 1 1 4 55 28 1 0 0 0 0 0 0 1 10 254 1 0 0 1 1 64 1 1 1 1 4 1 1 1 72 1 1 0 1 0 1 1 1 1 1 1 1 1 1 1 1 1 45 1 1 1 1 3 3 3 1 1 9 21 16 1 0 1 1 0 6 1 1 1 6 8 10 3 1 2 3 1 1 0 0 1 1 31 14 1 1 1 1 1 4 1 1 1 1 2 1 1 0 1 1 4 106 1 1 1 1 0 0 0 1 1 1 0 0 0 0 0 1 1 8 1 1 1 0 1 1 1 1 80 2 1 0 0 1 1 7 1 1 26 2 1 1 0 1 1 1 1 2 45 52 6 1 10 1 1 1 2 1 1 1 1 0 0 2 2 0 0 0 1 164 10 7 6 1 1 1 1 0 0 0 1 1 1 1 1 9 129 143 151 152 141 45 1 2 1 1 1 1 1 0 1 3 6 1 1 1 2 9 2 21 159 94 2 1 1 28 1 7 141 120 8 1 1 0 0 0 1 1 1 0 0 1 1 1 1 1 133 232 1 1 3 2 0 1 1 1 1 1 0 0 0 0 0 0 0 1 2 0 1 1 1 21 6 1 3 11 5 1 1 1 1 1 26 61 1 1 1 1 1 1 1 1 1 1 4 1 1 0 0 0 1 17 1 1 0 1 1 82 249 134 1 1 1 0 1 0 1 1 0 1 1 1 1 0 0 0 1 1 18 87 121 41 111 46 1 1 1 1 1 1 1 1 1 1 1 1 1 1 0 1 51 158 10 1 0 0 0 0 1 1 237 250 1 1 1 1 1 0 0 1 1 1 0 0 0 0 0 1 0 1 24 1 0 1 1 1 1 1 1 2 1 1 1 3 8 18 22 19 14 7 2 1 1 1 0 1 2 1 1 1 1 1 1 1 1 184 212 171 5 1 1 1 1 1 4 244 120 5 1 1 75 245 1 1 1 1 0 1 1 2 38 106 187 19 1 1 1 1 1 1 1 21 71 1 1 141 248 1 1 1 1 1 1 1
0 0 0 0 1 1 4 9 0 1 0 1 0 1 1 59 1 0 1 1 1 105 169 149 2 1 0 0 0 0 0 1 0 0 0 0 0 0 0 0 0 0 0 0 0 0 0 0 0 0 0 0 1 19 188 205 7 1 0 1 1 1 9 56 13 1 0 0 0 0 1 16 254 1 0 0 0 1 46 4 1 1 1 1 2 4 1 23 24 0 1 1 1 4 5 5 5 5 5 5 6 6 6 6 5 49 3 4 2 2 3 1 1 4 20 7 1 17 1 1 2 1 1 8 1 0 0 0 1 1 1 3 2 1 1 0 0 0 0 1 1 21 50 51 42 8 2 11 11 2 1 1 3 3 2 2 4 5 6 120 1 1 0 1 1 0 0 0 0 1 1 1 0 0 0 1 1 8 1 1 0 0 1 1 1 1 87 1 0 0 0 1 1 8 1 1 4 28 4 1 1 1 1 1 1 1 1 1 23 71 28 1 0 1 1 1 2 1 1 0 1 3 1 1 0 0 3 167 1 1 1 8 9 2 1 0 0 0 0 1 1 0 1 7 4 1 1 1 4 99 159 146 59 1 1 1 1 1 1 1 1 9 8 1 1 1 5 6 8 108 125 21 6 23 36 31 98 103 148 19 17 1 1 1 0 0 1 0 0 0 0 0 1 1 248 17 1 1 1 7 1 1 1 1 1 1 1 1 0 0 0 0 0 5 1 1 0 1 1 1 15 6 1 1 3 10 11 7 1 1 1 45 82 58 18 1 1 1 1 1 1 2 2 1 1 1 0 1 13 2 1 1 1 1 0 1 4 248 188 1 1 1 1 1 1 1 1 1 1 1 1 1 0 1 1 1 12 1 1 111 113 1 1 0 0 0 0 0 0 1 1 1 1 1 1 1 0 0 1 11 165 3 1 1 1 1 1 1 254 2 1 1 0 0 0 0 0 1 1 1 0 0 0 0 0 1 0 1 24 1 1 1 1 1 1 2 3 10 19 21 18 12 6 1 1 1 1 1 0 0 0 0 0 1 1 1 1 0 1 0 1 1 1 1 1 74 206 214 98 1 1 1 213 161 2 98 117 119 245 75 1 1 1 1 1 1 19 51 178 123 1 1 1 1 1 1 0 0 1 1 88 9 1 250 79 1 1 1 1 1 1 1
0 0 0 0 1 1 15 2 1 1 0 1 1 0 1 59 1 0 1 1 37 156 4 78 1 1 0 0 0 0 0 0 0 0 0 0 0 0 0 0 0 0 0 0 0 0 0 0 0 0 0 0 126 214 73 1 0 0 1 1 0 0 0 1 20 54 6 1 0 0 2 20 253 1 0 0 1 1 1 56 2 1 1 1 13 38 27 13 91 11 11 11 12 5 1 1 1 1 1 0 0 1 1 1 1 58 2 1 1 2 1 1 0 1 21 1 0 15 1 1 2 1 1 9 1 0 0 0 0 1 4 1 1 1 0 0 0 0 0 0 1 1 1 1 3 28 47 35 31 53 47 29 17 2 2 3 1 1 1 54 28 1 1 0 1 1 0 0 0 0 0 1 1 1 1 1 2 5 1 1 0 1 1 1 1 1 87 1 0 0 0 1 1 9 1 0 1 1 16 30 14 2 1 1 0 0 0 1 1 17 8 39 27 2 1 1 1 1 2 1 2 1 0 0 0 0 58 118 1 0 1 1 1 9 9 1 0 0 0 1 1 1 18 14 1 0 0 0 0 1 3 1 81 146 147 72 2 1 1 1 0 0 1 8 2 1 2 46 60 18 41 106 174 95 4 41 12 1 48 139 14 58 8 1 1 1 1 1 1 1 1 1 1 29 247 1 6 4 1 1 6 0 1 1 1 1 1 1 1 1 1 1 1 5 1 1 1 1 1 1 1 15 24 5 1 1 1 2 7 7 1 3 61 77 106 112 2 1 1 1 1 4 1 1 1 1 1 8 3 1 0 0 0 1 1 1 1 2 244 220 1 1 1 1 0 0 1 1 1 1 1 1 1 0 1 1 12 1 1 122 3 1 1 0 0 0 0 0 1 1 0 1 1 1 1 1 0 0 0 1 12 164 1 1 0 1 1 233 251 1 1 1 1 0 0 0 0 1 1 1 0 0 0 0 0 1 1 1 22 1 2 3 3 3 2 1 1 12 1 1 1 1 1 1 1 1 0 0 0 0 0 0 1 2 1 1 0 0 1 0 0 1 0 1 1 1 1 1 157 149 1 1 244 3 1 1 1 7 241 1 1 1 1 1 3 43 128 183 8 1 1 1 1 1 1 1 1 1 1 1 1 110 19 250 2 1 1 1 1 1 1 1
0 0 0 1 1 4 7 17 1 1 1 1 1 1 1 58 1 1 1 29 124 46 2 74 1 1 0 0 0 0 0 0 0 0 0 0 0 0 0 0 0 0 0 0 0 0 0 0 0 0 0 1 220 1 1 1 1 1 1 0 0 0 0 0 0 1 34 46 2 1 2 12 254 1 0 0 0 0 0 1 53 5 1 1 1 1 2 21 68 1 1 1 1 1 1 1 1 1 1 1 1 1 0 0 1 46 1 0 0 0 1 1 0 0 4 10 1 14 1 1 1 1 1 11 0 0 0 0 0 1 1 1 1 1 0 0 0 0 0 0 1 1 0 0 0 0 1 1 1 1 5 12 11 1 0 0 1 1 1 8 82 1 1 1 0 1 1 0 0 0 0 0 0 1 1 1 6 1 1 1 1 1 1 1 1 2 82 1 1 1 0 1 1 8 0 0 0 0 1 1 5 21 21 1 1 1 0 1 10 2 1 1 4 32 32 4 1 0 1 1 5 2 1 1 0 0 131 41 1 1 1 1 1 1 16 7 8 1 1 1 0 12 2 1 0 0 0 0 0 1 1 1 1 1 1 67 145 150 145 79 3 1 0 1 7 13 13 82 59 86 47 2 27 16 66 80 1 7 22 102 182 165 159 173 75 1 1 1 1 1 0 0 1 242 91 1 1 2 7 5 4 2 1 1 1 1 0 0 1 1 1 1 1 5 0 0 0 1 1 1 1 1 2 15 27 26 7 1 1 2 33 22 1 3 2 24 159 100 1 1 5 1 1 1 1 1 2 16 1 1 1 0 1 1 1 1 1 1 4 228 234 1 1 1 1 1 1 1 1 1 1 1 1 1 1 1 12 1 1 134 1 1 1 1 1 1 1 1 1 1 0 0 1 1 1 1 0 0 1 1 1 49 138 1 1 1 1 254 3 1 1 1 1 0 1 1 1 1 1 1 0 0 0 0 0 1 1 1 11 2 1 1 1 1 0 0 1 12 1 1 0 0 0 1 1 1 1 1 0 0 0 0 1 1 1 1 0 0 1 1 0 0 0 0 0 1 0 1 1 106 209 131 242 1 1 1 1 187 193 1 1 1 1 27 61 185 96 1 1 1 1 1 1 1 1 1 1 1 1 1 1 20 243 226 1 1 1 0 0 0 1 1
0 0 1 1 3 6 1 11 3 1 1 1 1 1 2 55 1 1 29 126 3 37 25 31 1 0 0 0 0 0 0 0 0 0 0 0 0 0 0 0 0 0 0 0 0 0 0 0 0 0 0 186 81 1 1 1 1 0 0 0 0 0 0 0 0 0 1 2 49 2 3 9 254 1 0 0 0 0 0 1 1 39 21 1 1 1 1 3 44 1 1 1 1 1 2 1 1 1 1 1 1 1 1 0 1 47 1 0 0 0 1 1 0 1 1 16 2 1 10 1 1 1 3 5 0 0 0 1 1 1 1 1 1 1 1 1 0 0 0 0 1 1 0 0 0 0 0 0 0 0 5 29 1 1 1 1 1 1 1 1 102 1 1 1 1 0 1 1 0 0 0 0 1 1 0 1 8 1 1 1 1 1 1 1 1 22 39 1 1 1 1 1 1 8 0 0 0 0 0 0 0 1 2 26 24 1 1 1 25 1 1 1 1 1 2 21 37 11 1 1 1 1 2 3 1 1 146 27 1 1 0 1 1 3 5 1 1 6 11 5 1 16 0 0 0 0 0 0 1 3 1 1 0 0 0 1 1 1 2 60 143 147 35 1 0 1 8 10 26 104 70 64 12 1 1 3 2 12 1 0 1 1 1 2 101 176 176 132 1 1 1 1 2 249 1 1 1 1 1 1 6 21 2 0 0 1 1 1 1 0 1 1 1 5 1 1 1 1 1 1 0 0 1 1 1 1 13 31 11 13 2 1 1 1 4 6 1 85 80 1 4 1 1 1 1 1 3 7 3 1 1 1 1 1 0 1 1 1 2 1 208 244 1 1 1 1 1 1 0 1 1 1 1 1 0 1 12 1 100 18 0 1 1 1 1 1 1 1 1 1 1 1 1 1 1 0 0 1 1 1 1 1 131 59 1 1 230 251 1 1 0 0 1 0 0 0 1 1 0 1 0 0 0 0 0 1 1 0 7 1 0 0 1 1 1 1 1 12 1 1 0 0 0 1 0 0 0 1 1 0 0 1 2 1 1 0 0 0 0 0 0 0 0 0 0 1 1 1 1 1 1 178 250 1 1 1 2 241 4 1 1 6 45 145 174 2 1 1 1 1 1 1 1 1 1 1 1 0 1 1 1 9 253 5 1 1 0 0 0 1 1 1
0 0 1 1 10 1 1 1 17 1 1 1 1 1 4 45 1 28 126 3 1 40 76 1 0 0 0 0 0 0 0 0 0 0 0 0 0 0 0 0 0 0 0 0 0 0 0 0 0 0 1 220 1 1 1 1 0 0 0 0 0 0 0 0 0 0 0 0 1 54 2 9 219 222 1 1 0 0 0 1 1 1 13 46 1 1 1 47 2 1 1 0 0 1 1 1 0 0 0 0 0 0 1 1 1 47 1 0 0 0 1 1 0 1 0 1 19 1 4 6 1 0 12 1 0 0 0 0 1 1 1 1 1 0 1 0 0 0 0 0 1 1 0 0 0 0 0 0 0 0 35 3 1 1 1 0 1 1 1 1 103 1 1 1 1 1 1 1 1 1 1 1 1 1 1 1 8 1 1 1 1 1 1 1 1 76 3 1 0 0 0 1 1 8 0 0 0 0 0 0 0 0 1 1 2 24 24 25 3 2 3 3 1 1 1 1 1 11 36 32 1 1 1 1 2 3 152 20 1 0 0 0 1 12 1 0 0 1 2 5 30 2 0 0 0 0 0 1 2 1 1 1 1 0 0 0 1 1 1 1 1 1 101 138 3 1 1 1 7 25 23 77 46 14 41 5 13 30 21 5 1 1 1 0 1 3 1 39 174 162 5 1 206 209 1 1 0 1 1 0 1 5 26 2 1 0 0 1 1 1 1 0 1 2 1 1 1 1 1 1 1 0 0 0 1 1 1 2 10 2 2 3 1 1 3 2 1 1 162 9 9 2 1 1 1 4 1 1 5 6 1 1 0 0 0 0 1 1 1 4 1 166 248 4 1 2 1 0 0 0 0 0 1 1 0 1 8 2 137 1 0 0 0 1 1 1 1 1 1 1 1 1 1 1 1 0 1 1 1 1 1 0 1 178 4 1 254 5 1 1 0 0 0 0 0 0 1 1 1 1 1 0 0 0 0 1 1 0 1 7 0 0 0 1 0 1 1 12 1 0 0 0 0 0 0 0 0 0 1 1 0 1 2 1 1 0 0 0 0 0 0 0 1 0 0 0 0 0 0 1 1 71 250 5 2 4 172 223 1 1 32 81 188 66 1 1 1 1 1 0 1 1 1 1 1 1 1 1 1 1 1 120 249 1 1 1 1 1 1 1 1 0
1 1 1 9 1 1 1 1 13 2 1 0 1 1 13 28 21 129 3 1 39 85 78 1 0 0 0 0 0 0 0 0 0 0 0 0 0 0 0 0 0 0 0 0 0 0 0 0 0 0 105 175 1 1 0 1 1 0 0 0 0 0 0 0 0 0 0 0 0 38 4 7 2 251 27 1 1 1 1 1 1 1 1 2 53 6 1 59 1 1 1 1 0 1 1 1 1 0 0 0 0 0 0 1 3 33 1 0 0 0 1 1 0 1 1 1 2 13 1 2 11 7 5 0 0 0 0 1 1 1 1 0 0 1 1 0 0 0 0 1 1 1 0 0 0 0 0 0 0 0 19 14 5 10 2 1 1 1 10 40 102 112 109 112 114 114 112 111 58 3 1 1 1 1 1 1 7 1 1 1 1 1 1 1 1 86 1 0 0 0 1 1 1 5 0 0 0 0 0 0 0 0 1 1 1 1 3 38 10 6 1 1 4 2 1 1 1 1 3 5 29 27 3 1 1 1 171 5 3 1 1 0 3 4 0 0 0 1 3 4 2 5 1 1 1 1 1 1 2 1 1 1 1 1 0 0 1 1 1 1 1 0 1 4 148 3 1 1 18 2 2 3 20 20 2 43 11 1 1 28 2 2 1 1 2 1 1 0 1 6 162 171 249 1 1 1 1 1 0 0 1 2 12 3 2 2 1 0 0 1 1 1 4 1 1 1 1 1 1 1 1 1 1 1 1 1 1 5 1 0 1 1 2 3 2 1 1 1 167 8 1 2 2 1 3 1 0 0 0 3 7 1 0 1 0 0 0 1 1 6 1 1 117 248 23 1 2 2 1 2 2 2 1 1 1 1 3 112 26 1 0 0 0 1 1 1 1 1 1 1 1 1 1 1 1 1 1 1 0 1 0 0 1 30 149 247 247 1 1 0 1 1 0 0 0 0 1 1 0 1 1 0 0 0 0 1 1 0 1 12 1 0 0 1 1 1 1 12 1 1 0 0 0 0 0 1 0 0 1 1 1 2 1 1 0 0 0 0 0 0 0 1 1 0 0 1 1 1 1 1 1 3 251 205 47 177 250 210 142 51 159 154 1 1 1 0 0 1 1 1 1 1 1 1 1 1 1 1 1 1 1 250 80 1 1 1 1 1 1 1 1 1
1 1 8 2 1 0 0 1 2 14 2 1 1 1 36 42 138 41 57 59 10 101 4 0 0 0 0 0 0 0 0 0 0 0 0 0 0 0 0 0 0 0 0 0 0 0 0 0 0 1 219 3 1 0 0 0 1 1 0 0 0 0 0 0 0 0 0 0 0 8 26 3 4 7 253 35 1 1 1 1 1 1 1 1 1 32 78 60 1 1 1 1 1 1 0 1 1 1 0 0 0 0 0 1 38 2 1 1 1 0 1 0 0 1 1 1 1 3 15 1 1 3 1 0 0 0 0 1 1 1 0 0 0 1 0 0 0 0 1 1 1 0 0 0 0 0 0 0 0 0 1 16 29 18 41 12 4 22 20 2 3 13 2 1 1 1 1 2 31 103 109 56 4 1 1 2 5 1 1 1 1 1 1 1 1 84 1 0 0 1 1 1 5 1 0 0 0 0 0 0 0 0 0 1 1 1 2 13 1 2 9 8 3 1 3 3 1 1 3 1 1 2 21 31 7 1 174 1 1 2 5 1 13 1 0 0 0 1 6 1 1 1 6 1 1 1 1 2 1 1 1 1 1 1 1 1 1 1 1 1 1 0 1 1 6 133 1 3 12 1 1 2 1 0 0 1 15 34 7 7 29 27 2 1 1 1 1 0 0 1 1 79 231 7 3 1 1 1 0 0 1 1 1 20 1 1 2 2 1 1 0 1 4 1 1 1 0 1 1 0 1 1 1 1 1 1 1 8 1 1 1 1 1 2 1 1 1 22 114 5 1 1 1 4 1 1 0 0 0 0 3 7 1 1 0 0 1 1 4 2 3 3 1 66 249 55 1 1 1 1 1 1 2 3 1 8 24 164 1 0 0 0 0 1 1 0 0 1 1 1 1 1 1 1 1 1 1 1 1 1 0 1 1 1 172 254 7 1 1 1 1 0 0 0 0 0 1 1 0 1 1 1 1 1 0 1 1 0 0 11 1 0 0 0 1 1 1 12 1 1 1 0 0 0 1 1 0 1 1 0 1 2 1 1 0 0 0 0 0 0 0 1 0 0 1 1 1 1 1 1 1 1 5 241 251 248 6 3 119 187 35 1 1 1 1 1 1 1 1 1 1 1 1 7 68 210 248 253 254 254 254 254 143 15 2 1 1 1 1 1 1 1
11 10 3 1 0 1 1 1 1 3 15 15 2 1 122 183 91 33 9 8 22 43 1 0 0 0 0 0 0 0 0 0 0 0 0 0 0 0 0 0 0 0 0 0 0 0 0 0 0 19 208 1 0 0 0 0 0 1 1 0 0 0 0 0 0 0 0 0 0 3 40 2 5 1 5 251 186 3 1 1 0 1 1 1 1 1 1 20 68 16 1 1 1 1 1 1 1 1 0 0 0 1 1 1 49 1 1 1 1 1 1 1 2 5 11 26 51 87 103 62 7 1 1 1 0 0 0 1 1 1 0 0 0 1 0 0 0 0 1 1 0 0 0 0 0 0 0 0 0 0 0 0 0 1 1 17 31 7 1 1 1 5 1 1 1 1 1 1 1 1 2 30 99 109 83 53 16 4 1 1 1 1 1 1 2 77 1 0 1 1 1 1 6 1 0 0 0 0 0 0 0 0 0 1 1 1 4 9 0 0 1 1 7 12 3 1 2 8 3 1 1 1 1 1 11 32 180 1 1 0 1 15 20 6 1 3 5 5 14 0 1 1 1 5 0 1 2 1 1 1 1 1 1 1 1 1 1 1 1 1 1 0 1 1 1 149 1 24 1 1 1 2 0 0 0 1 1 1 17 10 1 1 18 1 1 1 1 1 1 1 1 232 17 1 2 6 8 6 4 2 2 1 1 3 9 0 1 1 2 2 1 1 4 1 1 0 0 1 1 1 1 0 0 0 1 1 1 7 1 1 1 1 1 1 1 1 1 83 4 58 1 1 1 1 1 1 1 1 0 0 1 2 6 1 1 1 1 6 1 1 1 1 4 6 25 249 106 1 1 1 1 1 1 1 20 16 1 147 1 0 0 0 0 1 0 0 0 1 1 1 1 1 1 0 0 0 1 0 1 1 1 1 1 1 247 251 1 1 1 1 1 0 0 0 0 0 1 1 0 1 0 0 0 1 1 1 1 0 0 1 9 1 0 0 0 0 1 12 1 0 1 1 1 1 1 0 0 1 0 0 2 1 1 0 0 0 0 0 1 1 1 1 1 1 1 1 1 0 0 1 1 1 1 1 1 1 1 1 1 1 1 1 1 1 1 1 4 78 243 254 255 255 255 255 255 255 255 255 254 254 255 255 255 255 255 255 253 200 31 3 1 1
1 1 1 1 1 1 1 0 1 1 1 2 14 93 193 10 2 1 1 1 60 1 1 0 0 0 0 0 0 0 0 0 0 0 0 0 0 0 0 0 0 0 0 0 0 0 0 0 1 205 27 0 0 0 0 0 0 0 1 0 0 0 0 0 0 0 0 0 0 3 40 1 3 4 1 1 236 254 254 181 1 1 0 1 0 1 1 1 1 28 68 21 1 1 1 1 1 1 1 1 0 1 1 1 64 94 140 141 140 138 136 133 128 120 107 87 59 26 11 30 85 99 7 1 1 1 1 1 1 1 1 0 1 1 0 0 0 1 1 0 0 0 0 0 0 0 0 0 0 0 0 0 0 0 0 1 1 0 0 0 1 5 0 1 0 1 1 1 1 1 1 1 1 1 11 53 79 98 107 108 106 96 71 35 31 49 1 1 1 1 1 1 6 1 0 0 0 0 0 0 0 0 0 0 0 1 7 4 0 0 1 0 1 1 6 18 12 2 1 3 3 1 1 1 1 9 175 1 1 1 1 14 1 2 10 3 1 1 10 1 1 1 1 5 1 1 2 1 1 1 1 0 1 0 1 1 0 1 1 1 1 1 0 1 1 147 11 4 1 1 2 1 0 0 0 1 1 1 1 3 20 4 1 19 1 0 0 1 1 1 1 238 1 0 0 1 1 1 1 1 2 0 0 1 11 1 0 0 1 1 2 2 4 1 0 0 1 1 0 1 1 0 0 1 1 1 6 1 1 1 1 1 1 1 1 1 3 78 1 68 1 1 1 1 0 0 1 1 0 0 1 1 2 6 1 2 5 1 1 1 1 1 1 1 9 32 248 163 1 0 1 1 1 4 15 1 7 151 1 0 0 0 1 1 0 0 1 1 1 1 1 1 1 1 0 1 1 0 1 1 1 1 1 1 254 222 37 1 1 1 1 0 0 0 0 0 1 1 0 1 0 0 0 0 1 1 1 1 1 1 9 1 1 1 0 1 1 11 1 0 0 0 1 1 0 0 0 1 0 1 2 1 1 1 1 1 0 0 0 0 0 1 1 1 0 0 0 1 1 1 1 1 1 1 1 1 1 1 1 3 84 246 254 255 255 255 255 255 255 255 255 255 255 255 254 253 253 254 254 254 255 255 255 255 255 255 255 255 255 255 255 255
1 1 1 1 1 1 1 1 1 1 1 1 31 196 5 1 1 1 1 44 6 1 0 0 0 0 0 0 0 0 0 0 0 0 0 0 0 0 0 0 0 0 0 0 0 0 0 0 1 221 1 0 0 0 0 0 0 0 1 1 0 0 0 0 0 0 0 0 0 3 40 1 1 3 5 14 8 10 10 251 47 1 1 1 1 0 1 1 1 1 1 22 69 27 1 1 1 1 1 1 1 1 33 172 162 36 1 1 1 1 1 1 1 1 1 1 1 1 1 1 1 2 77 95 7 1 1 1 0 0 1 1 1 1 1 1 1 1 1 0 0 0 0 0 0 0 0 0 0 0 0 0 0 0 0 0 0 0 0 0 1 5 0 1 0 0 0 0 0 1 1 1 1 1 1 1 1 1 1 1 2 4 16 47 72 10 7 8 8 7 5 4 6 1 0 0 0 0 0 0 0 0 0 0 0 1 13 2 0 0 1 1 1 0 0 1 9 17 13 2 1 2 4 1 1 22 171 1 1 1 8 3 1 0 1 4 0 1 9 1 1 1 1 1 7 2 1 0 1 1 0 0 0 0 1 1 1 1 1 1 1 2 1 1 2 150 20 1 1 1 1 0 0 0 0 1 1 0 0 1 1 8 20 17 1 0 0 0 1 1 200 145 1 0 0 0 1 0 0 1 1 0 1 1 1 17 1 0 1 1 1 1 3 1 1 1 1 0 0 0 1 0 0 1 0 1 8 1 1 1 1 1 1 1 1 1 27 43 1 57 2 1 1 1 0 0 0 0 1 1 0 1 1 3 15 2 1 0 1 1 1 1 1 1 1 1 22 248 209 1 1 1 1 27 1 1 1 16 106 1 1 1 1 1 0 0 1 1 1 1 1 1 1 1 1 1 1 1 1 0 0 0 1 236 237 5 229 1 1 1 1 1 0 0 0 0 1 1 0 1 0 0 0 0 0 1 1 0 0 1 1 8 12 4 1 1 1 11 1 0 0 1 1 1 1 1 1 1 1 1 1 1 1 1 0 1 1 1 0 1 1 1 1 1 1 1 1 1 1 1 1 1 4 106 249 255 255 255 255 255 255 255 255 255 255 255 255 250 143 18 4 2 1 1 1 1 1 1 1 18 219 1 1 1 4 45 226 254 255 255 255 255
2 5 31 123 172 180 163 132 82 43 26 92 195 10 1 1 1 1 9 38 1 0 0 0 0 0 0 0 0 0 0 0 0 0 0 0 0 0 0 0 0 0 0 0 0 0 0 1 155 135 0 0 0 0 0 0 0 0 0 1 0 0 0 0 0 0 0 0 0 3 38 1 1 1 20 5 6 13 1 14 254 239 1 1 1 1 0 1 0 0 1 1 1 17 72 34 1 0 1 1 81 180 147 3 2 1 1 1 1 1 1 1 0 1 1 0 0 0 1 1 1 0 1 1 74 93 8 1 1 1 1 0 0 0 0 0 1 1 0 0 0 0 0 0 0 0 0 0 0 0 0 0 0 0 0 0 0 0 0 0 1 5 0 1 1 0 0 0 0 0 1 0 0 0 1 1 1 0 0 1 1 1 1 1 1 1 1 1 1 1 1 2 1 1 1 1 1 0 0 1 0 0 0 0 0 1 18 1 0 0 0 0 1 1 1 1 3 1 1 12 17 3 1 2 3 71 137 2 2 1 17 1 1 1 1 4 1 1 11 1 1 1 0 0 4 4 0 0 0 1 1 0 0 0 1 1 1 1 1 1 1 1 1 1 6 175 1 1 1 2 1 0 0 0 1 1 0 0 1 1 0 1 1 1 1 1 0 0 1 1 238 1 1 1 1 1 1 1 1 2 1 0 1 1 0 3 6 1 1 0 0 2 1 1 1 1 1 1 1 1 1 0 0 1 0 1 6 1 1 1 1 1 1 1 1 1 21 52 1 3 53 1 1 1 1 0 0 0 0 1 1 1 1 1 7 12 1 1 1 1 1 1 0 1 1 1 1 1 244 244 3 1 13 3 1 1 0 1 135 1 1 1 1 1 1 0 1 1 1 1 1 1 1 1 1 1 1 1 1 1 1 1 1 254 1 1 203 110 1 1 1 1 0 0 0 1 0 1 0 1 0 0 0 0 0 0 1 1 1 1 1 1 1 3 11 11 10 9 1 1 1 1 1 1 1 1 1 1 1 1 1 1 1 1 1 1 1 1 1 1 1 1 1 1 1 6 176 253 255 255 255 255 255 255 255 255 255 255 255 255 248 97 6 1 1 1 1 1 1 1 1 1 1 1 0 1 1 1 2 203 81 1 1 1 1 1 1 1 1 1 2 102
208 206 187 129 45 29 63 115 152 170 179 179 7 1 1 0 1 1 61 1 0 0 0 0 0 0 0 0 0 0 0 0 0 0 0 0 0 0 0 0 0 0 0 0 0 0 0 1 221 1 0 0 0 0 0 0 0 0 0 0 0 0 0 0 0 0 0 0 0 3 41 1 1 2 9 2 4 27 12 7 1 190 254 248 5 1 1 1 1 1 1 1 0 1 1 14 71 39 123 186 122 1 1 1 1 1 1 1 1 1 1 1 1 1 1 1 1 1 1 0 1 1 1 1 1 1 71 86 5 1 1 1 0 0 0 0 1 1 0 0 0 0 0 0 0 0 0 0 0 0 0 0 0 0 0 0 0 0 0 0 1 5 0 0 1 0 0 0 0 0 0 0 0 0 1 1 0 0 0 0 0 0 0 1 1 1 0 0 0 1 1 0 1 1 0 0 0 0 0 1 1 1 1 1 1 1 18 1 0 0 0 0 0 0 1 3 1 0 1 1 1 8 18 7 1 136 79 1 2 13 3 1 1 1 1 4 1 0 11 1 0 1 0 0 1 8 1 1 1 1 1 1 1 1 1 1 1 0 1 1 0 1 1 0 3 169 1 1 1 1 0 0 1 0 1 1 0 1 1 0 1 0 1 1 0 1 1 1 1 89 219 1 0 1 1 1 1 1 1 2 0 0 1 1 0 1 11 1 1 0 0 4 1 0 1 1 1 1 1 1 0 0 1 1 1 7 1 1 1 1 1 1 1 1 1 3 1 18 53 1 65 1 1 1 1 1 0 0 0 0 1 1 1 1 1 7 12 1 1 1 1 1 1 0 0 1 1 0 1 211 251 30 29 1 1 1 0 1 41 80 1 0 1 1 1 1 1 1 1 1 1 1 1 1 0 0 1 1 1 1 1 1 188 250 1 1 1 232 1 1 1 1 0 0 0 1 0 1 0 1 1 1 1 1 1 1 1 1 1 1 1 1 1 1 1 1 1 1 1 1 1 1 1 1 1 1 1 1 1 1 1 1 1 1 1 1 1 1 9 164 251 255 255 255 255 255 255 255 255 255 255 255 254 243 101 11 2 1 1 1 1 1 1 1 1 1 1 1 1 1 1 1 1 1 1 1 1 1 4 224 5 1 1 1 1 1 1 1 1 1 1 1
1 2 19 1 1 1 1 1 1 1 18 26 12 8 1 1 1 43 7 1 0 0 0 0 0 0 0 0 0 0 0 0 0 0 0 0 0 0 0 0 0 0 0 0 0 0 1 51 199 1 0 0 0 0 0 0 0 0 0 0 0 0 0 0 0 0 0 0 0 1 47 3 2 10 14 3 9 10 4 5 13 15 12 132 254 254 174 1 1 1 0 0 0 0 1 1 61 217 117 2 1 1 1 2 1 1 1 1 1 0 1 1 0 1 1 1 1 1 1 1 1 1 1 1 1 1 1 1 69 86 5 1 1 1 0 1 1 0 0 0 0 0 0 0 0 0 0 0 0 0 0 0 0 0 0 0 0 0 0 0 1 6 0 0 1 1 0 0 0 0 0 0 0 0 1 1 0 0 0 0 0 0 0 0 1 1 0 0 0 1 0 0 1 0 0 0 0 0 0 0 0 0 1 1 1 1 13 1 0 0 0 0 0 0 1 2 1 1 1 1 0 1 1 4 17 183 38 1 1 26 2 1 1 1 2 3 1 0 12 1 1 1 1 1 12 123 111 80 107 124 127 125 74 1 1 1 1 1 1 1 1 0 1 0 3 169 1 1 1 0 0 0 1 1 1 0 0 1 1 1 0 0 1 0 0 0 1 1 1 235 5 1 1 1 1 1 1 1 1 1 0 1 1 1 0 1 1 14 1 0 0 4 1 0 1 1 1 1 2 1 1 0 1 0 1 8 1 1 1 1 1 1 1 1 1 3 1 1 54 17 3 64 64 61 1 1 0 0 0 1 1 1 1 1 1 1 9 9 1 1 1 1 0 0 0 0 1 1 0 1 109 251 89 1 1 1 1 1 1 141 1 1 1 1 1 1 1 1 1 1 1 1 1 1 1 1 0 1 0 1 1 1 251 43 1 1 1 157 176 1 1 1 0 0 0 1 1 1 1 1 0 0 0 1 1 1 1 1 1 1 1 1 1 1 1 1 1 1 1 1 1 1 1 1 1 1 123 254 242 5 9 56 207 254 255 255 255 255 255 255 255 255 255 255 255 254 230 53 7 4 2 1 1 1 1 1 1 1 1 1 1 1 0 1 1 1 1 1 1 1 1 1 1 1 1 1 1 1 102 201 1 1 1 1 1 1 1 1 1 1 1 1
1 4 10 1 1 0 0 1 1 20 14 1 1 2 10 12 16 37 1 0 0 0 0 0 0 0 0 0 0 0 0 0 0 0 0 0 0 0 0 0 0 0 0 0 0 0 1 212 11 1 1 0 0 0 0 0 0 0 0 0 0 0 0 0 0 0 0 0 0 0 2 37 31 8 1 10 5 1 2 3 5 5 7 17 15 30 244 254 244 2 1 1 1 1 3 187 177 1 1 4 4 1 2 5 4 1 1 2 1 1 1 1 1 1 0 0 0 1 1 1 0 0 1 1 1 1 1 1 1 1 71 84 5 1 1 1 1 0 0 1 1 0 0 0 0 0 0 0 0 0 0 0 0 0 0 0 0 0 0 0 1 6 0 0 0 1 0 0 0 0 0 0 0 0 1 1 0 0 0 0 0 0 0 0 1 1 1 0 0 1 0 0 1 0 0 0 0 0 0 0 0 0 0 0 0 1 10 1 1 0 0 0 0 1 1 1 1 0 0 1 1 1 1 0 1 189 35 15 36 4 1 2 2 1 2 3 1 0 11 37 35 30 6 24 72 46 1 13 19 1 1 1 31 123 127 102 3 1 1 1 1 1 1 0 3 169 1 1 1 0 0 1 1 1 0 0 1 1 1 1 0 1 1 0 0 0 0 1 12 233 1 1 1 1 1 1 1 0 2 0 0 1 1 0 1 1 0 3 5 0 1 4 0 0 1 1 1 1 1 1 1 1 1 0 1 5 1 1 1 1 1 1 1 0 1 2 1 1 2 45 17 1 1 5 46 1 1 0 0 0 1 1 1 1 1 1 1 15 6 1 1 1 0 0 0 0 0 1 1 0 1 96 251 20 1 1 1 1 1 145 1 1 1 1 1 1 1 1 1 1 1 1 1 1 1 1 0 1 0 0 1 1 254 1 1 1 0 1 232 1 1 1 0 0 0 1 1 1 1 1 1 1 1 0 1 1 1 1 1 1 1 1 1 1 1 1 1 1 1 1 1 2 7 46 187 253 254 246 254 255 255 255 255 255 255 255 255 255 254 215 27 3 1 1 1 1 1 1 1 1 1 1 1 1 0 1 1 1 1 1 1 1 1 1 1 1 1 1 1 1 1 1 1 0 0 0 1 1 220 21 1 0 0 0 1 1 1 1 1 1 1 1
1 17 1 1 0 1 1 1 23 10 1 0 1 1 1 2 47 1 0 0 0 0 0 0 0 0 0 0 0 0 0 0 0 1 1 1 1 1 1 1 1 1 1 1 1 0 2 219 1 1 1 1 1 0 0 0 0 0 0 0 0 0 0 0 0 0 0 0 0 0 1 1 3 5 5 2 3 1 1 1 1 0 1 2 5 5 8 18 176 254 185 1 1 107 209 41 1 1 1 0 2 5 5 1 1 4 4 1 1 0 0 0 0 0 0 0 0 0 0 1 1 0 0 0 1 1 1 1 1 1 1 2 69 74 4 1 1 1 0 1 1 0 0 0 0 0 0 0 0 0 0 0 0 0 0 0 0 0 0 0 1 5 1 0 0 1 0 0 0 0 0 0 0 0 1 1 0 0 0 0 0 0 0 0 1 1 1 0 0 1 0 1 1 0 0 0 0 0 0 0 0 0 0 0 0 1 9 1 1 1 0 0 1 1 1 0 0 0 0 0 1 0 1 1 0 198 1 1 28 12 12 2 1 1 11 2 1 1 11 4 1 3 12 2 1 28 95 92 29 1 1 1 1 1 1 8 117 129 114 6 1 1 1 1 2 173 1 1 0 0 0 1 1 1 0 0 1 1 1 1 1 1 0 0 0 0 0 1 231 27 1 1 1 1 1 0 0 1 1 0 0 1 1 0 1 1 0 1 13 1 1 4 0 1 1 1 0 1 1 0 0 1 1 1 8 1 1 1 1 1 1 1 0 1 3 1 1 1 3 1 46 18 1 3 58 3 1 1 0 0 1 1 1 0 1 1 1 1 23 3 1 1 0 0 0 0 0 0 1 1 1 17 113 251 22 1 1 1 1 147 1 1 1 1 1 1 1 1 1 1 1 1 1 1 1 1 1 1 1 1 1 5 254 1 1 1 1 1 141 184 1 1 0 0 0 1 1 1 1 1 1 1 1 1 0 1 1 1 1 1 1 1 1 1 1 1 4 46 214 254 255 255 255 255 255 255 255 255 255 255 255 254 204 14 2 1 1 1 1 1 1 1 1 1 1 1 1 1 1 1 1 1 1 1 1 1 1 1 1 1 1 1 1 1 1 1 1 0 0 1 1 1 1 1 1 0 1 9 222 3 1 0 0 0 0 0 1 1 1 1 0 1
1 20 1 1 1 1 1 23 8 1 0 0 1 1 5 33 1 1 0 0 0 0 0 0 0 0 0 1 1 1 1 1 1 1 1 1 1 1 1 1 1 1 1 1 1 1 178 104 1 1 1 1 1 1 0 0 0 0 0 0 0 0 0 0 0 0 0 0 0 0 0 0 1 1 1 3 9 5 1 1 1 1 1 1 1 1 1 3 6 16 243 254 255 225 1 1 1 1 0 0 0 1 1 1 1 1 1 0 0 0 0 0 0 0 0 0 0 0 0 0 0 0 0 0 0 0 0 1 1 1 1 0 1 3 66 57 3 1 1 1 1 0 0 0 1 0 0 0 0 0 0 0 0 0 0 0 0 0 0 0 0 1 6 1 0 1 0 0 0 0 0 0 0 1 1 1 1 1 1 1 1 1 0 0 1 1 1 0 0 1 1 1 0 0 0 0 0 0 0 0 0 0 0 0 0 1 8 1 1 1 0 0 1 1 1 0 0 0 0 0 1 1 0 1 1 201 1 12 2 1 1 7 14 6 13 7 2 5 61 16 4 2 1 1 1 1 1 3 68 24 1 0 1 1 1 1 1 1 4 109 128 93 1 1 1 162 20 3 2 1 1 1 1 1 1 1 1 1 1 1 1 0 0 1 2 1 1 97 216 1 0 0 0 1 1 1 1 1 1 0 0 1 1 0 1 1 0 1 1 13 1 3 1 1 1 0 0 1 0 0 1 1 1 1 10 1 1 1 1 1 1 1 0 1 3 1 1 1 3 1 1 49 128 62 49 1 1 1 1 0 1 1 1 1 1 1 0 1 1 30 2 1 1 0 0 1 0 0 0 1 1 34 1 69 251 15 1 1 1 147 1 1 1 1 1 1 1 1 1 1 1 1 1 0 0 1 1 1 1 1 1 203 248 1 0 1 1 1 20 225 1 1 1 1 1 1 1 1 1 1 1 1 1 1 1 1 1 1 1 7 68 229 254 255 255 255 255 255 255 255 255 255 255 255 254 251 197 24 2 1 1 1 1 1 1 1 1 1 1 1 1 1 1 1 1 1 1 1 1 1 1 1 1 1 1 1 1 1 1 1 1 1 0 0 0 1 0 0 0 0 1 1 1 1 1 1 1 194 113 1 1 1 0 0 0 1 1 1 1 1 1 0
1 4 10 1 1 1 15 14 1 0 0 1 1 23 22 1 1 0 0 0 0 0 0 1 1 1 1 1 1 1 1 1 1 1 0 1 1 1 1 1 1 1 2 2 2 1 221 1 1 1 1 1 1 1 1 1 0 0 0 0 0 0 0 0 0 0 0 0 0 0 0 0 0 0 1 1 1 4 11 3 1 1 1 1 1 1 1 1 1 2 9 34 73 255 1 1 1 1 0 0 1 1 1 1 1 0 0 0 0 0 0 0 0 0 0 0 0 0 0 0 0 0 0 0 0 0 0 0 0 1 1 1 1 1 1 3 47 43 2 1 1 0 0 1 1 1 1 0 0 0 0 0 0 0 0 0 0 0 0 0 0 0 1 6 1 1 1 0 0 0 0 1 1 1 1 0 0 0 0 0 0 0 0 0 1 1 1 0 0 0 1 1 1 0 0 0 0 0 0 0 0 0 0 0 0 1 7 7 6 6 5 3 2 1 1 1 1 1 1 1 1 1 1 1 1 200 1 17 1 1 0 1 1 4 49 68 58 45 7 1 4 15 15 5 1 1 1 2 1 37 49 1 0 1 1 1 1 0 0 1 1 17 124 125 93 228 245 248 249 249 246 246 246 246 246 241 175 8 1 1 1 1 1 1 1 1 2 233 1 1 1 0 0 0 0 1 1 2 1 0 1 1 1 0 1 0 0 1 0 5 13 1 1 1 1 0 1 1 0 0 1 1 1 1 6 1 1 1 1 1 1 0 1 2 1 1 0 1 2 1 1 1 22 152 49 1 0 1 1 1 1 0 0 0 1 1 0 0 1 1 35 2 1 1 1 1 0 0 0 0 18 4 0 1 76 251 7 1 1 147 1 1 1 1 0 1 1 1 1 1 1 1 1 0 0 0 1 1 0 1 1 251 171 2 1 1 1 1 153 176 1 1 1 1 1 1 1 1 1 1 1 1 8 205 254 254 255 255 255 255 255 255 255 255 255 255 255 254 250 171 23 3 1 1 1 1 1 1 1 1 1 1 1 1 1 1 1 1 1 1 1 1 1 1 1 1 1 1 1 1 1 1 1 1 0 0 1 1 0 0 0 0 0 0 1 1 0 0 0 1 1 0 0 1 1 1 4 218 13 1 1 1 1 1 1 1 1 0 1 1 1 1
1 1 19 1 1 4 31 1 0 0 1 3 36 4 1 1 0 0 0 0 1 1 1 1 1 1 1 1 0 0 0 0 0 0 1 1 1 1 1 1 1 0 1 0 1 85 187 1 0 0 1 1 1 1 1 1 1 1 1 0 0 0 0 0 0 0 0 0 0 0 0 0 0 0 0 1 1 1 1 6 8 2 1 1 1 1 1 1 1 6 19 28 6 255 1 1 1 1 1 1 1 1 0 1 1 1 0 0 0 0 0 0 1 1 1 1 0 0 0 0 0 0 0 0 0 0 0 0 0 0 1 1 1 1 0 1 1 2 31 27 1 1 1 1 2 1 1 0 0 0 0 0 0 0 0 0 0 0 0 0 0 0 0 1 5 1 1 0 1 1 1 1 1 1 1 0 0 0 0 0 0 0 0 0 1 1 1 0 0 0 0 1 1 0 0 0 0 0 0 0 0 0 0 0 0 1 1 1 1 1 1 2 4 8 11 12 12 11 8 5 2 1 1 1 20 183 41 1 1 1 1 1 0 1 34 2 1 0 0 1 0 1 2 1 7 8 8 12 3 1 14 92 12 1 0 1 1 1 1 1 1 1 1 103 183 80 5 6 6 57 2 1 1 1 1 34 221 237 236 233 190 34 1 1 1 1 195 124 1 1 1 1 0 0 0 1 1 2 1 0 1 1 0 0 1 0 0 1 0 1 35 2 0 1 1 0 1 1 0 0 1 1 1 8 1 1 1 1 1 1 1 0 1 3 1 1 1 1 1 2 1 1 1 1 86 89 1 1 1 1 0 0 0 0 1 0 0 0 1 1 1 30 41 26 1 1 1 0 0 1 37 1 1 1 1 112 251 3 1 140 1 1 1 1 0 0 0 0 1 1 1 1 1 1 1 1 1 1 0 1 1 251 17 106 116 53 1 1 225 24 1 1 1 1 1 22 222 253 254 255 255 255 255 255 255 255 255 255 255 255 254 248 111 5 1 1 1 1 1 1 1 1 1 1 1 1 1 1 1 1 0 1 1 1 1 1 1 1 1 1 0 1 1 1 0 0 0 0 0 1 1 0 0 1 1 0 1 0 0 0 0 1 1 1 1 0 0 0 0 1 1 1 1 2 6 2 80 202 1 0 1 1 1 1 1 1 1 0 0 1 1 1
1 1 3 18 19 47 1 0 1 1 18 27 1 1 0 0 0 1 1 1 1 1 1 1 1 0 0 0 0 0 0 0 0 1 1 1 1 1 0 1 1 0 1 0 2 217 6 1 1 1 0 0 0 0 1 1 1 1 1 1 1 0 0 0 0 0 0 0 0 0 0 0 0 0 0 0 1 1 1 1 1 7 8 2 1 1 1 2 11 3 1 4 20 255 1 1 1 1 1 1 1 0 0 1 1 1 1 0 0 0 0 0 0 0 0 1 1 1 1 1 1 1 1 1 0 0 0 0 0 0 0 1 1 1 1 1 1 1 1 2 26 22 1 2 1 1 0 0 0 0 0 0 0 0 0 0 0 0 0 0 0 0 0 0 1 5 1 1 0 0 1 1 0 1 1 0 0 0 0 0 0 0 0 0 1 1 1 1 1 0 0 1 1 0 0 0 0 0 0 0 0 0 0 0 0 1 1 0 1 1 1 1 1 1 1 1 1 1 1 3 6 10 11 19 93 68 183 32 17 6 2 1 1 1 43 1 1 0 0 1 1 1 2 1 1 1 1 1 2 6 7 7 75 96 14 1 0 0 0 0 1 63 158 78 6 3 2 1 1 19 41 40 19 5 1 1 71 2 1 8 151 229 236 233 193 146 233 1 1 1 1 1 0 0 1 1 0 1 2 1 1 1 0 1 1 0 0 1 1 4 2 15 0 1 0 0 1 1 0 0 1 1 1 10 1 1 1 1 1 1 1 1 1 3 1 1 1 1 1 3 1 0 0 1 4 150 1 0 0 1 1 0 0 0 0 0 0 0 0 1 1 1 1 3 43 51 4 1 1 22 3 0 1 1 1 1 178 248 7 112 24 1 1 1 1 0 1 1 1 1 1 1 1 1 1 1 1 1 1 1 1 251 1 1 1 42 116 108 237 243 251 254 255 255 255 255 255 255 255 255 255 255 255 254 248 126 3 1 1 1 1 1 1 1 1 1 1 1 1 1 1 1 1 1 1 1 1 0 1 1 1 1 1 0 1 1 1 0 0 1 1 1 0 0 0 0 0 0 0 0 0 0 0 0 1 1 1 0 0 0 0 1 0 1 1 1 0 0 0 1 1 1 1 3 1 4 219 22 1 1 0 1 1 1 1 1 1 1 1 1 1 1
1 1 1 1 5 8 0 0 1 33 7 1 1 0 0 1 1 1 1 1 1 1 0 0 0 0 0 0 0 0 0 0 0 1 1 1 1 1 1 1 1 0 1 1 6 219 1 0 0 1 1 1 0 0 0 0 0 1 1 1 1 1 1 1 0 0 0 0 0 0 0 0 0 0 0 1 1 0 0 1 1 1 1 10 5 3 6 7 1 1 1 1 26 254 193 1 1 1 1 1 1 1 1 1 1 1 1 1 1 1 1 1 1 1 1 1 1 1 1 1 1 1 1 1 1 1 1 1 1 1 1 1 1 1 0 0 0 1 0 0 1 2 23 19 2 1 0 0 0 0 0 0 0 0 0 0 0 0 0 0 0 0 0 0 0 1 5 1 1 1 1 0 0 1 1 1 0 0 0 0 0 0 0 0 1 1 1 0 1 0 0 1 1 0 0 1 1 0 0 0 0 0 0 0 0 1 1 0 1 1 0 0 1 1 0 0 0 0 0 0 1 1 1 1 93 202 95 31 55 72 89 97 100 101 93 1 1 0 0 1 1 1 1 1 1 1 1 1 1 1 1 1 2 7 83 107 1 1 1 30 140 88 1 1 1 1 1 1 1 1 1 2 11 21 15 17 109 1 1 0 0 1 2 9 140 230 248 224 207 110 8 1 1 1 1 1 0 0 1 1 1 0 0 1 1 0 1 2 3 1 1 7 4 1 0 0 1 1 0 1 1 1 2 5 1 1 1 1 1 1 0 1 4 9 3 1 1 1 1 1 3 1 1 23 93 83 1 1 1 1 1 1 0 0 0 1 1 1 0 0 1 1 1 1 1 1 35 55 15 34 1 0 1 1 1 1 1 155 251 233 21 17 1 1 1 1 1 1 1 1 1 1 1 1 1 1 1 1 1 1 115 249 1 1 1 1 2 246 255 255 255 255 255 255 255 254 254 244 83 3 1 1 1 1 1 1 1 1 1 1 1 1 1 1 1 1 1 1 1 0 1 1 1 1 1 1 1 1 1 0 0 1 0 0 0 0 0 1 1 1 0 0 0 0 0 0 0 0 0 0 0 0 0 0 0 1 1 0 0 0 1 1 0 0 0 0 0 0 0 1 1 1 1 1 1 3 213 10 1 1 1 1 1 1 1 0 0 0 0 1 1 1
72 46 3 1 15 1 0 1 32 3 1 0 0 1 1 1 1 1 1 0 0 0 0 0 0 0 0 0 0 0 0 0 0 0 0 0 1 1 1 1 1 1 1 1 194 68 0 0 0 0 0 1 1 1 1 0 0 0 0 0 1 1 1 1 1 1 1 0 0 0 0 0 0 1 1 1 0 1 1 1 1 1 1 1 8 7 3 1 1 1 1 1 6 18 255 255 255 255 255 255 136 1 1 1 1 1 1 1 1 1 1 1 1 1 1 1 1 1 1 1 1 1 1 1 1 1 1 1 1 1 1 1 1 1 1 1 1 1 1 0 0 0 1 1 9 11 2 1 0 0 0 0 0 0 0 0 0 0 0 0 0 0 0 0 1 1 1 4 2 1 0 0 0 1 1 1 1 1 1 0 0 0 0 0 1 1 0 0 1 0 0 1 0 0 0 1 1 0 0 0 0 0 0 0 0 1 0 0 1 0 0 0 0 1 0 0 0 0 0 1 1 1 1 1 76 220 1 1 1 1 1 1 1 2 104 1 1 0 0 1 1 1 1 1 1 1 1 1 0 0 1 1 0 0 0 2 109 37 130 108 3 1 1 1 1 0 0 1 1 1 1 1 1 14 1 1 100 10 11 9 1 1 3 1 1 207 114 1 56 190 224 229 214 122 20 1 1 1 1 1 2 1 0 1 1 1 3 1 0 1 1 1 18 1 0 0 1 0 0 1 1 1 9 1 1 1 1 1 1 0 1 1 9 1 3 8 3 1 1 1 1 3 1 140 87 141 17 1 1 0 1 1 1 0 0 0 0 1 1 1 1 0 1 1 1 1 1 1 95 21 2 1 0 1 1 1 0 1 85 244 252 252 235 36 1 1 1 1 1 1 1 1 1 0 1 1 1 1 1 1 247 159 1 1 209 254 255 255 255 250 113 34 49 43 30 7 1 1 1 1 1 1 1 1 1 0 0 0 0 0 1 1 1 1 1 1 1 1 1 1 1 0 0 0 1 1 0 0 1 1 1 1 0 0 0 0 1 1 0 0 0 0 0 0 0 0 0 0 0 0 0 0 0 0 1 1 1 1 1 1 1 0 0 0 0 0 0 0 0 0 1 1 2 1 1 174 114 1 1 1 1 1 1 1 1 0 0 0 0 0 1 1
1 9 63 45 2 1 0 1 39 1 0 1 1 1 1 1 1 0 0 0 0 0 0 1 1 1 1 1 1 1 1 1 1 0 0 1 1 1 1 1 1 1 1 1 222 1 0 0 0 0 0 0 0 0 1 0 0 0 0 0 0 0 1 1 1 1 1 1 1 1 0 1 1 1 0 0 1 1 0 0 0 0 1 1 1 2 1 1 0 1 0 1 5 15 1 1 1 1 1 3 255 109 1 1 1 1 1 1 1 1 1 1 1 1 1 1 1 1 1 1 1 1 1 1 1 1 1 1 1 1 1 1 1 1 1 1 1 1 1 1 1 1 1 1 1 1 7 7 4 1 0 0 0 0 0 0 0 0 0 0 0 0 0 1 1 0 0 1 3 2 1 1 0 0 1 1 0 0 1 1 1 1 0 0 1 1 0 0 0 0 1 1 0 0 0 1 1 0 0 0 0 0 0 0 1 1 1 1 1 0 0 0 1 1 1 1 0 0 1 1 1 1 1 1 83 215 1 1 1 1 1 1 1 1 102 1 1 1 1 1 1 1 1 1 1 1 1 1 1 1 1 1 1 0 1 2 101 192 11 1 1 0 1 1 1 1 1 1 1 1 1 0 1 13 0 3 78 0 1 1 8 12 17 2 1 236 2 1 1 1 1 1 49 182 220 229 221 152 57 2 1 2 1 1 1 4 1 1 1 1 1 1 1 14 1 1 1 0 0 1 1 1 10 1 1 1 1 1 1 0 1 2 4 1 1 1 3 8 3 1 1 1 7 3 1 2 152 1 1 0 0 1 1 1 0 1 1 1 0 1 1 0 0 1 1 0 1 1 69 1 8 3 1 1 1 1 1 1 40 1 1 37 239 252 254 251 156 4 1 1 2 1 1 1 1 0 1 1 1 1 251 123 254 255 255 255 248 3 1 1 1 31 1 1 1 1 0 1 1 0 0 1 1 1 1 1 1 1 1 1 1 1 1 1 1 0 0 0 0 0 0 0 0 1 1 1 0 0 1 1 1 1 1 0 1 1 1 0 0 0 0 0 0 0 0 0 0 0 0 0 0 0 0 0 1 0 0 0 0 1 1 0 0 0 0 0 0 0 0 0 0 1 2 1 2 211 22 2 1 1 1 1 1 1 1 0 0 0 0 1 1 1
0 0 1 22 8 1 1 15 9 1 1 1 1 1 1 0 0 0 0 0 0 0 0 0 0 0 0 0 0 0 0 0 1 1 1 1 1 1 1 1 1 1 2 6 219 1 0 0 0 0 0 0 1 1 1 0 0 0 0 0 0 0 0 0 0 1 1 1 1 1 1 1 1 1 1 1 1 0 0 0 0 1 1 1 1 1 1 1 1 1 1 1 2 28 1 1 1 1 1 1 7 255 1 1 1 1 1 1 0 0 0 1 1 1 1 1 1 1 1 1 1 1 1 0 0 0 0 0 0 0 1 1 1 1 1 1 1 1 1 1 1 1 1 1 1 1 1 1 1 4 5 2 1 0 0 0 0 0 0 0 0 0 0 1 0 0 0 1 1 3 1 1 0 0 0 0 1 1 0 0 0 1 1 1 1 1 1 0 0 0 1 1 0 0 0 1 0 0 0 0 0 0 0 0 1 1 1 1 1 1 1 1 1 1 1 1 1 1 1 1 1 1 1 2 99 211 1 1 0 1 0 0 0 1 100 1 1 1 0 1 1 1 1 1 1 1 1 1 1 1 4 2 2 3 60 118 18 10 81 1 0 1 2 16 1 1 1 1 1 1 1 0 1 13 1 53 11 0 1 0 1 1 2 3 7 240 2 1 0 1 1 1 1 1 1 1 15 151 207 225 223 202 134 82 8 1 1 1 1 1 1 1 1 9 3 1 1 0 1 1 1 2 4 1 1 1 1 1 0 0 1 8 1 1 1 1 1 1 2 8 4 1 9 1 1 1 69 79 1 1 0 0 1 1 1 1 1 1 1 1 1 1 0 1 0 0 1 8 36 1 1 12 1 1 1 1 1 1 36 1 1 1 1 1 2 160 252 254 253 238 94 24 1 1 1 1 1 1 1 251 255 255 255 254 48 1 1 1 1 1 1 25 1 1 1 1 0 1 1 0 1 1 1 1 1 1 1 1 1 0 0 0 0 0 0 0 0 0 0 0 0 0 0 1 1 0 0 0 1 1 0 0 0 1 1 0 0 0 0 0 0 0 0 0 0 0 0 0 0 0 0 0 0 0 0 0 0 0 0 1 1 0 0 0 0 0 0 0 0 0 1 1 1 1 39 196 4 1 1 1 1 1 1 1 1 1 0 0 0 1 1 1
0 0 0 1 25 33 40 26 1 1 1 1 1 0 0 0 0 0 0 0 0 0 0 0 0 0 0 0 0 0 0 0 0 0 0 1 1 0 0 1 1 1 2 144 150 1 0 0 0 0 0 0 1 1 1 0 0 0 0 0 0 0 0 0 0 0 0 1 1 1 1 1 1 1 1 1 1 1 1 1 1 1 1 1 1 1 1 1 1 1 1 1 1 33 2 2 2 1 1 1 1 255 1 1 0 1 1 0 0 1 2 1 0 0 0 0 1 1 0 0 0 1 1 0 0 0 0 0 0 0 0 0 0 1 1 1 1 1 1 1 1 1 1 1 1 1 1 1 1 1 1 3 5 5 4 2 1 1 0 0 0 0 0 1 0 0 1 1 1 3 1 1 1 0 0 0 0 1 1 0 0 0 0 0 1 1 1 1 1 1 1 0 0 0 0 1 1 1 0 0 0 0 0 1 1 0 1 1 1 1 1 1 1 1 1 1 1 1 1 1 1 1 1 2 143 184 1 1 1 1 0 0 0 1 100 1 1 1 0 1 0 0 1 0 1 1 0 1 1 1 1 1 31 110 47 1 1 1 109 1 0 1 59 13 46 52 51 26 1 1 1 1 0 1 13 112 1 0 1 1 1 1 1 1 1 239 1 3 3 1 1 1 1 1 1 1 1 1 3 2 3 48 158 195 216 218 215 157 89 15 1 1 1 1 19 1 1 1 1 1 1 9 1 1 1 1 1 1 0 1 1 8 1 0 0 1 1 1 1 1 2 18 21 1 1 1 1 130 25 1 1 1 1 1 1 1 1 0 0 0 0 1 1 1 1 1 1 67 1 0 1 1 14 11 1 1 1 1 40 1 1 1 1 1 1 1 1 1 24 239 252 254 252 208 63 21 21 109 255 255 251 87 2 1 1 1 1 1 1 1 1 15 19 1 1 1 1 1 1 1 1 0 1 1 1 1 1 1 1 1 1 0 0 0 0 0 0 0 0 0 0 0 1 1 1 0 0 1 1 0 0 0 1 1 0 0 0 0 0 0 0 0 0 0 0 0 0 0 0 0 0 0 0 0 0 0 0 0 0 1 0 0 0 0 0 0 1 1 1 1 1 1 1 1 207 25 1 1 1 1 0 1 1 1 1 1 1 1 1 1 1 1
0 0 0 1 1 2 1 1 1 1 1 0 0 0 0 0 0 0 0 0 0 0 0 0 0 0 0 0 0 0 0 0 0 0 0 0 0 0 0 0 0 1 2 202 45 0 0 0 0 0 0 0 0 1 1 0 0 0 0 0 0 0 0 1 1 1 1 1 0 0 0 0 1 1 1 1 1 1 1 1 1 1 1 1 1 1 1 1 1 2 2 2 1 14 8 1 1 1 1 1 1 255 1 1 1 1 1 0 0 1 5 0 0 0 0 0 1 1 0 0 0 0 1 0 0 1 0 0 0 0 0 0 0 1 0 0 0 0 0 0 0 1 1 1 1 1 1 1 1 1 1 1 1 1 2 2 4 6 5 5 4 4 2 1 2 2 2 3 4 3 1 1 1 1 1 1 1 1 1 1 1 1 1 1 1 0 1 0 0 0 0 0 0 0 0 1 1 1 1 1 1 1 1 1 1 0 0 0 1 0 0 0 0 0 1 1 1 1 1 1 1 1 1 8 214 63 1 1 1 1 0 1 0 2 96 1 1 1 0 1 0 0 1 1 1 1 1 1 1 1 17 99 62 1 1 0 1 1 107 1 0 1 56 1 1 0 1 7 45 57 57 34 2 1 51 17 25 1 1 1 1 2 1 0 1 239 1 0 1 3 1 1 1 1 1 2 1 1 2 1 1 1 1 1 1 1 10 122 180 214 221 220 196 134 109 61 1 1 1 1 3 4 1 1 1 1 1 1 0 1 5 2 0 0 0 0 1 1 0 0 1 10 4 19 11 1 1 1 122 122 8 1 1 1 1 1 1 1 0 0 0 0 0 1 1 1 2 56 1 1 1 0 1 18 7 10 9 3 18 11 1 1 1 1 1 1 1 1 1 1 1 1 117 249 252 254 254 255 254 95 5 1 1 1 1 1 1 0 1 1 1 1 7 30 1 0 1 1 1 0 1 1 1 0 1 1 1 0 0 1 1 1 1 1 0 0 0 0 0 0 0 0 1 1 0 0 0 1 0 0 0 1 1 0 0 0 0 0 0 0 0 0 0 0 0 0 0 0 0 0 0 0 0 0 0 0 0 0 0 1 1 1 1 0 1 1 1 0 1 1 1 1 1 2 212 15 1 1 1 1 1 1 1 1 1 0 0 0 1 1 1 1
0 1 1 1 1 1 1 1 1 0 0 0 0 0 0 0 0 0 0 0 0 0 0 0 0 0 0 0 0 0 0 0 0 0 0 0 0 0 0 0 0 1 1 202 50 0 0 0 0 0 0 0 1 1 1 0 1 1 1 1 1 1 1 1 1 1 0 0 0 0 0 0 1 1 0 0 0 0 1 1 1 1 1 1 1 1 1 1 1 1 1 1 1 6 13 1 1 1 1 2 254 193 1 1 1 1 1 1 1 1 3 2 1 0 1 0 1 1 1 1 0 0 2 2 2 2 1 1 0 0 0 0 1 1 0 0 0 0 0 0 0 0 0 0 0 0 1 1 1 1 1 1 1 1 1 1 1 1 1 1 2 2 2 4 2 3 2 2 1 1 1 1 1 1 1 1 1 1 1 1 1 1 1 1 1 1 1 1 1 0 0 0 0 0 0 0 0 0 0 0 0 0 0 1 1 0 1 1 0 0 0 0 0 0 1 1 1 1 0 0 1 1 1 46 166 124 1 1 1 1 0 1 0 4 87 1 1 1 0 1 1 1 1 1 1 1 1 1 7 77 64 4 1 1 0 1 2 3 67 18 0 1 56 1 0 0 0 0 0 0 1 4 46 71 28 1 1 25 2 1 1 2 1 0 1 239 1 0 1 1 2 1 0 1 1 1 1 1 2 1 1 1 1 1 1 1 1 1 1 1 1 1 53 145 173 219 228 231 231 231 215 22 1 1 1 1 1 0 0 1 9 1 0 0 0 0 0 0 0 0 1 6 0 1 3 19 13 1 1 22 139 156 159 185 178 21 1 1 1 1 1 0 0 1 1 1 3 74 1 1 0 0 1 12 1 1 1 4 10 38 43 17 21 21 17 8 3 1 1 1 1 1 1 1 1 23 254 254 48 18 1 1 1 1 1 1 1 1 1 12 35 35 30 44 1 0 1 1 1 1 1 0 0 0 1 1 1 1 1 1 0 0 1 1 1 1 1 1 0 1 1 1 1 1 0 0 0 0 0 0 1 1 0 0 0 0 0 0 0 0 0 0 0 0 0 0 0 0 0 0 0 0 0 0 0 0 0 0 0 0 0 0 1 1 1 1 0 0 0 0 1 1 1 149 127 1 1 1 1 1 1 1 1 0 1 0 0 0 1 0 1 1
1 1 1 1 1 1 1 0 0 0 0 0 0 0 0 0 0 0 0 0 0 0 0 0 0 0 0 0 0 0 0 0 0 0 0 0 0 0 0 0 0 1 6 189 161 90 2 1 1 0 0 0 1 0 0 1 1 1 1 1 1 1 1 1 0 0 0 1 1 1 1 1 1 0 0 0 1 1 1 1 1 1 1 1 0 0 0 1 1 0 0 1 1 6 14 1 1 1 1 254 217 1 1 1 1 1 1 0 0 0 1 4 6 2 1 1 1 0 0 1 1 1 3 1 1 1 1 2 1 1 0 0 1 1 0 0 0 0 0 0 0 0 0 0 0 0 0 0 0 0 0 1 1 1 1 1 1 1 1 1 1 1 1 1 1 1 1 1 1 1 1 0 0 0 0 0 0 0 0 0 1 1 1 1 1 1 1 1 1 1 1 1 1 1 1 1 1 0 0 0 0 0 0 0 1 1 1 1 0 1 1 0 0 0 0 1 1 1 0 1 1 1 7 39 2 218 1 1 1 1 0 1 1 11 70 1 0 1 0 1 1 1 1 0 0 1 1 51 82 7 1 1 1 1 0 1 1 0 1 100 1 1 56 1 1 1 0 0 0 0 0 0 1 8 1 1 1 1 18 15 1 1 1 1 1 239 1 1 1 0 1 1 0 1 1 2 1 1 2 1 1 1 1 1 1 1 1 1 1 1 1 1 1 4 6 12 59 65 61 60 140 234 238 232 229 217 153 142 6 2 6 1 1 1 1 1 1 1 1 1 10 1 0 0 1 1 2 20 14 1 1 1 11 5 3 177 4 1 1 1 1 1 0 1 1 0 1 2 60 48 1 0 1 7 11 5 1 1 1 12 5 1 1 1 1 4 11 18 21 7 1 1 1 1 205 254 254 4 1 4 24 52 102 50 45 52 44 38 35 7 1 1 1 1 1 1 1 1 0 0 0 0 0 0 1 1 1 1 0 1 1 1 1 0 1 1 1 1 1 1 1 1 0 1 1 0 0 0 1 1 0 0 0 0 0 0 0 0 0 0 0 0 0 0 0 0 0 0 0 0 0 0 0 0 0 0 0 0 0 0 0 0 0 0 0 1 1 1 1 0 1 0 1 209 10 1 1 1 1 1 1 2 1 1 1 0 0 0 1 1 0 0
1 1 1 1 0 0 0 0 0 0 0 0 0 0 0 0 0 0 0 0 0 0 0 0 0 0 0 0 0 0 0 0 0 0 0 0 0 0 0 0 1 1 29 34 90 149 200 204 185 50 1 1 1 0 0 0 1 0 0 0 1 1 1 1 0 1 1 1 8 161 180 68 1 1 1 1 1 1 1 0 0 0 0 0 0 0 0 1 1 0 0 1 1 5 12 1 1 2 254 220 1 1 1 0 1 1 1 0 0 0 1 1 1 5 10 4 1 1 0 1 0 1 3 1 0 0 0 1 1 2 1 0 1 1 0 0 0 0 0 0 0 0 0 0 0 0 0 1 1 7 17 2 1 1 1 0 1 1 1 0 0 1 1 1 1 1 1 1 1 1 1 1 1 1 1 1 1 1 1 1 1 1 1 1 1 1 1 1 1 1 1 1 1 1 1 1 1 1 1 1 1 1 1 1 1 1 1 0 0 1 1 0 0 0 0 0 0 1 0 1 1 1 3 47 90 184 1 1 1 1 1 1 1 17 62 1 1 1 0 0 1 1 0 1 1 32 97 24 1 1 1 0 1 1 1 2 0 0 0 13 79 1 55 1 1 1 1 1 0 0 0 0 7 1 1 1 1 1 1 4 33 32 5 1 1 237 1 1 0 0 1 2 1 1 1 2 1 1 1 1 1 1 1 1 1 1 1 0 1 1 2 7 27 19 15 6 1 1 1 1 1 1 2 29 65 113 204 204 233 231 221 200 46 1 1 1 1 1 1 1 9 1 1 1 1 1 1 1 2 18 15 3 20 1 1 5 176 1 1 1 1 1 1 1 1 0 0 1 1 4 57 1 1 0 1 2 12 1 0 27 1 0 0 0 0 0 1 1 1 6 6 2 228 254 255 252 189 82 110 176 182 164 154 177 10 2 1 1 1 1 1 1 1 1 1 1 1 1 1 1 1 1 1 1 1 1 1 1 0 0 0 1 1 1 1 1 1 1 1 1 0 0 0 1 1 1 0 1 1 0 0 0 0 0 0 0 0 0 0 0 0 0 0 0 0 0 0 0 0 0 0 0 0 0 0 0 0 0 0 0 0 0 0 0 0 0 0 0 1 1 0 1 23 201 3 1 1 0 0 1 1 1 1 1 1 0 0 0 0 1 0 0
1 0 0 0 0 0 0 0 0 0 0 0 0 0 0 0 0 0 0 0 0 0 0 0 0 0 0 0 0 0 0 0 0 0 0 0 0 0 1 1 1 1 31 1 0 0 1 1 25 173 203 204 166 17 1 1 1 1 1 1 1 2 1 1 1 1 67 178 167 14 1 182 3 2 1 1 1 1 1 0 0 0 0 0 0 0 0 0 1 1 1 1 1 5 12 0 3 254 194 1 1 1 0 0 1 1 0 0 0 0 0 1 1 1 1 6 13 5 1 1 1 2 2 0 0 0 0 0 0 1 1 2 1 1 1 1 1 1 0 0 0 0 0 0 0 0 1 30 37 15 6 31 38 18 3 5 1 1 1 1 0 0 0 0 0 1 1 1 1 1 1 1 2 4 6 3 2 1 1 1 1 1 1 1 1 1 1 1 1 1 1 4 67 34 43 10 3 1 1 1 1 1 1 1 1 1 1 1 1 1 1 1 1 1 0 0 0 0 1 1 1 0 1 63 223 1 1 1 0 1 1 1 1 2 93 1 1 1 1 0 1 1 1 20 96 43 1 1 0 1 1 0 1 1 1 1 0 0 0 1 8 106 35 1 1 1 1 1 1 0 0 1 8 0 1 1 1 1 1 1 0 1 14 32 26 222 93 1 0 1 1 1 3 2 1 3 2 1 1 1 1 1 1 1 1 1 1 1 6 26 23 13 1 1 0 0 0 0 0 0 1 1 1 1 1 1 1 2 7 45 74 136 226 231 226 220 199 89 4 8 1 1 0 0 1 1 1 1 1 1 1 9 2 1 1 1 69 122 1 1 1 1 1 1 1 1 1 0 1 1 5 46 1 1 1 1 3 5 1 27 1 1 1 1 1 1 1 1 1 29 252 255 255 254 128 1 1 103 81 7 2 2 9 198 82 62 4 1 1 1 1 1 1 1 1 1 1 1 1 1 1 1 1 1 1 1 1 0 0 0 0 0 0 0 0 0 1 1 1 1 0 0 0 1 1 1 1 1 0 0 0 0 0 0 0 0 0 0 0 0 0 0 0 0 0 0 0 0 0 0 0 0 0 0 0 0 0 0 0 0 0 0 0 0 0 0 0 0 0 0 0 1 160 193 76 1 1 1 1 1 1 1 1 1 1 1 1 0 0 1 0 0
0 0 0 0 0 0 0 0 0 0 0 0 0 0 0 0 0 0 0 0 0 0 0 0 0 0 0 0 0 0 0 0 0 0 0 0 0 1 1 1 1 1 32 0 0 0 0 0 0 0 1 1 62 189 203 203 110 3 1 1 1 1 1 11 153 178 127 1 8 132 156 69 23 26 3 1 1 0 1 1 1 1 0 0 0 0 0 0 0 0 1 1 1 6 11 21 255 126 1 1 1 1 1 1 1 1 0 0 0 0 1 1 1 1 1 1 2 12 23 7 34 11 1 1 1 0 0 0 1 1 1 1 3 3 2 2 1 1 1 1 1 0 0 0 0 0 22 5 1 1 1 1 1 5 26 24 36 7 1 1 1 0 0 0 1 1 1 1 199 246 247 247 246 246 246 246 246 246 246 246 246 246 246 246 246 246 245 245 245 245 245 248 235 237 234 239 239 239 239 238 222 130 24 4 1 1 1 1 1 1 1 1 1 1 1 1 1 1 1 1 1 1 1 101 209 1 1 1 1 1 1 1 1 1 12 69 1 1 1 1 8 52 99 55 2 1 1 1 1 1 0 1 1 1 1 1 0 0 0 0 0 1 22 2 1 1 1 1 1 1 1 3 2 1 0 0 0 1 1 1 0 0 1 1 1 140 223 1 1 1 1 0 1 1 2 7 1 1 1 1 0 1 1 1 2 6 26 24 11 1 1 0 0 0 0 0 0 0 0 1 1 1 1 1 1 1 1 1 1 1 1 1 1 50 48 83 129 190 218 230 213 198 117 4 1 1 1 1 1 1 1 1 1 0 0 1 1 167 11 1 1 1 1 1 1 1 1 1 1 1 1 21 22 1 1 2 4 34 8 76 71 104 120 191 227 248 252 254 255 255 254 244 3 1 1 1 1 1 1 1 1 1 1 45 169 182 215 1 1 1 1 1 1 1 1 1 1 1 1 1 1 1 1 1 1 1 0 0 0 0 0 0 0 0 0 0 0 0 1 1 0 0 0 0 1 1 1 0 0 0 0 0 0 0 0 0 0 0 0 0 0 0 0 0 0 0 0 0 0 0 0 0 0 0 0 0 0 0 0 0 0 0 0 0 0 0 0 0 0 0 1 1 137 3 88 172 174 104 1 1 1 1 1 0 1 1 1 1 1 1 1 1
0 0 0 0 0 0 0 0 0 0 0 0 0 0 0 0 0 0 0 0 0 0 0 0 0 0 0 0 0 0 0 0 0 0 0 0 0 1 1 1 0 1 30 0 0 0 0 0 0 0 0 0 0 1 1 23 119 176 180 180 179 179 178 163 26 1 83 151 141 15 1 1 0 1 14 28 10 1 1 0 0 1 1 1 0 0 0 0 0 0 1 1 1 19 72 255 33 1 1 0 1 1 1 1 0 1 0 0 0 1 1 0 1 1 1 1 1 1 28 83 100 121 4 1 1 1 0 1 1 0 0 1 3 4 1 1 2 1 1 1 1 1 0 0 0 1 40 1 1 0 0 1 1 1 1 1 1 18 7 1 1 0 0 1 1 1 1 234 192 1 1 1 1 1 1 1 1 1 1 1 1 1 1 1 1 1 1 1 1 1 1 145 52 1 1 1 1 2 3 14 110 214 237 239 239 239 238 211 91 9 2 1 1 1 1 1 1 1 1 1 1 1 1 227 33 1 1 1 1 0 1 1 1 0 1 41 52 48 72 102 79 23 1 1 0 0 1 0 1 1 0 0 0 1 1 0 0 0 0 0 0 1 1 17 27 14 1 1 1 1 1 7 1 0 0 0 0 1 1 1 0 0 1 1 0 1 243 1 0 1 1 1 1 0 1 7 1 1 1 1 1 2 5 25 24 12 1 1 0 0 0 0 0 0 0 0 0 1 1 1 1 1 1 1 1 1 1 1 0 1 1 1 2 15 1 1 3 53 79 107 120 148 213 235 235 222 202 139 18 1 1 1 1 1 1 1 1 2 182 1 1 1 1 1 1 1 1 1 1 1 209 255 255 255 255 255 255 255 255 255 255 255 255 255 255 255 255 254 225 4 1 1 1 1 1 1 1 1 1 1 1 1 1 1 1 1 215 1 1 1 1 1 0 1 1 1 1 1 1 1 1 1 1 1 1 1 0 0 0 0 0 0 0 0 0 0 0 0 1 1 1 0 0 0 1 1 0 0 0 0 0 0 0 0 0 0 0 0 0 0 0 0 0 0 0 0 0 0 0 0 0 0 0 0 0 0 0 0 0 0 0 0 0 0 0 0 0 0 0 0 1 49 77 1 1 1 1 63 174 176 131 2 1 1 1 0 0 1 1 1 1 1
0 0 0 0 0 0 1 0 0 0 0 0 0 0 0 0 0 0 0 0 0 0 0 0 0 0 0 0 0 0 0 0 0 0 0 0 0 1 1 0 0 4 18 0 0 0 0 0 0 0 0 0 0 0 1 41 1 0 1 1 1 1 1 13 136 156 71 3 1 1 0 0 0 0 0 1 6 27 19 1 0 0 0 1 1 1 0 0 0 0 1 1 2 62 255 7 1 0 1 1 1 1 0 1 1 1 1 0 0 1 0 0 1 0 1 1 1 1 24 35 141 107 144 105 7 1 1 1 1 1 0 1 4 1 0 0 1 1 2 2 1 1 0 0 0 8 16 1 0 0 0 0 0 0 0 1 1 1 29 2 1 1 0 1 1 1 231 124 1 1 1 1 1 1 1 1 1 1 1 1 1 1 0 1 1 1 1 1 1 1 1 173 9 1 0 1 1 1 1 1 1 1 1 1 1 2 13 135 225 238 238 238 224 21 1 1 1 1 1 1 1 1 1 237 2 1 1 1 1 1 1 1 1 1 1 8 24 28 11 1 1 1 1 1 1 0 0 1 1 1 0 0 1 1 0 0 0 0 0 0 1 1 0 1 1 3 22 26 26 25 25 41 2 0 0 0 0 1 1 1 0 0 1 1 1 1 230 107 1 1 1 1 1 1 1 8 7 2 4 5 24 24 13 1 1 0 0 0 0 0 0 0 0 1 1 1 1 1 1 1 1 1 0 1 1 1 1 1 1 1 1 1 22 2 0 1 1 1 2 21 1 1 1 1 5 78 139 202 232 236 230 211 177 54 2 1 1 1 187 1 0 0 1 1 1 1 1 113 255 255 255 249 46 10 4 2 1 1 1 1 212 199 1 1 1 1 1 1 1 1 1 1 1 1 1 1 1 1 1 1 1 1 1 1 1 1 215 1 1 1 1 1 0 1 1 1 1 1 1 1 1 1 1 1 1 1 1 1 0 0 0 0 0 0 0 0 0 0 1 1 1 0 0 1 1 0 0 0 0 0 0 0 0 0 0 0 0 0 0 0 0 0 0 0 0 0 0 0 0 0 0 0 0 0 0 0 0 0 0 0 0 0 0 0 0 0 0 0 0 0 1 130 4 0 0 0 1 1 1 1 45 174 180 151 5 1 1 1 1 1 1 0
1 1 1 1 0 0 1 0 0 0 0 0 0 0 0 0 0 0 0 0 0 0 0 0 0 0 0 0 0 0 0 0 0 0 0 0 0 1 1 0 0 26 2 1 1 1 1 1 1 1 1 1 1 1 1 47 1 0 0 1 1 87 151 136 14 1 1 1 1 0 0 0 0 0 0 0 0 1 2 23 25 2 1 0 0 1 1 1 1 1 1 1 21 255 43 1 1 1 1 1 1 1 0 1 1 1 1 0 0 0 0 1 1 1 1 1 1 2 35 93 53 1 3 54 146 121 14 1 1 1 1 3 1 0 0 0 0 0 0 0 0 0 0 0 0 24 8 11 8 5 7 1 1 1 1 0 0 1 1 37 0 1 1 1 1 173 215 1 1 1 1 1 1 1 1 1 1 1 1 1 1 1 1 1 1 1 1 1 1 1 1 186 1 1 1 1 1 1 1 1 1 1 1 1 1 1 1 1 1 1 1 2 104 236 233 41 1 1 1 1 1 1 1 235 1 1 1 1 1 1 1 1 1 1 1 1 1 1 1 1 1 1 1 1 1 1 1 1 1 1 1 1 1 1 0 1 1 1 1 1 1 0 0 1 1 1 1 1 1 1 1 1 29 1 0 0 0 1 1 1 0 0 0 1 1 0 45 237 1 0 1 0 1 1 3 9 1 8 16 13 1 1 0 0 0 0 0 0 0 0 0 1 1 1 1 1 1 1 1 1 1 1 1 1 1 1 1 1 1 1 1 1 28 1 0 0 1 1 1 26 1 1 1 1 1 1 1 1 1 1 29 120 175 227 237 237 227 194 111 119 1 1 1 1 17 252 255 255 252 33 1 1 1 1 1 1 1 1 1 1 1 223 140 1 1 1 1 1 1 1 1 1 1 1 1 2 3 3 3 3 4 5 5 2 1 1 213 1 1 1 0 1 1 1 1 1 1 1 1 1 1 1 1 1 1 1 1 1 1 1 0 0 0 0 0 0 0 0 1 1 1 0 1 1 0 0 0 0 0 0 0 0 0 0 0 0 0 0 0 0 0 0 0 0 0 0 0 0 0 0 0 0 0 0 0 0 0 0 0 0 0 0 0 0 0 0 0 0 0 0 2 137 1 0 0 0 0 1 1 1 1 1 1 16 168 180 169 20 1 1 1 1
1 1 1 1 1 1 1 1 1 1 1 1 1 1 1 1 1 1 1 1 1 1 1 1 0 0 0 0 0 0 0 0 0 0 0 0 0 1 0 0 1 32 1 0 0 0 0 0 1 1 1 1 1 1 1 7 44 31 18 137 157 71 3 1 0 0 0 1 0 0 0 0 0 0 0 0 0 0 0 0 1 16 26 7 1 0 0 1 1 1 1 3 254 197 1 0 0 1 1 1 0 1 1 1 1 1 1 0 0 0 0 1 1 1 2 17 32 24 3 141 1 1 1 1 2 43 142 126 47 28 102 39 1 1 1 0 0 0 0 0 0 0 1 1 1 173 229 220 217 219 216 222 219 216 149 2 1 0 1 40 1 1 1 1 165 240 1 1 1 0 1 1 1 0 1 1 0 1 0 0 1 1 1 0 0 1 1 1 1 1 1 189 1 0 1 1 1 1 0 0 1 1 1 1 1 1 1 1 1 1 1 1 1 1 39 233 237 105 1 1 1 1 3 232 1 1 1 1 1 1 4 6 3 2 1 1 1 1 1 1 1 1 1 1 1 1 1 1 1 1 1 1 1 1 1 1 0 0 0 0 0 0 0 0 0 1 1 0 0 0 0 1 1 29 4 1 1 1 1 1 0 0 0 1 1 0 1 244 2 2 2 2 2 5 12 21 8 16 1 0 0 0 0 0 0 0 0 0 0 0 1 1 1 1 1 1 1 1 0 1 1 0 1 1 1 1 1 1 1 1 1 1 30 1 0 1 1 1 1 7 9 0 0 0 0 1 1 1 1 1 1 1 1 1 1 2 39 151 233 221 1 5 243 255 255 255 139 1 3 4 4 2 1 1 1 1 1 1 1 1 1 1 245 1 1 1 1 1 1 1 1 1 1 0 1 3 0 1 1 1 1 1 1 2 5 91 169 1 1 0 0 0 1 109 203 101 3 1 1 1 1 1 1 1 1 1 1 1 1 1 1 1 0 0 0 0 0 0 0 0 1 1 1 0 0 0 0 0 0 0 0 0 0 0 0 0 0 0 0 0 0 0 0 0 0 0 0 0 0 0 0 0 0 0 0 0 0 1 1 0 0 0 0 0 0 0 0 0 0 1 109 18 0 0 0 0 1 1 1 1 0 0 1 1 1 1 4 147 179 173 40 1
247 238 224 194 158 116 72 39 20 10 5 4 3 2 2 1 1 1 1 1 1 1 1 1 1 1 1 1 0 0 0 0 0 0 0 0 1 1 0 0 1 32 1 0 0 0 0 1 1 1 1 1 1 1 1 1 100 191 159 15 1 1 0 0 0 0 0 0 1 1 0 0 0 0 0 1 1 0 0 0 0 0 1 7 26 12 1 1 0 1 1 80 255 1 0 0 1 1 0 1 0 0 1 1 0 1 1 1 0 0 1 1 1 2 22 3 1 1 55 77 1 1 1 1 1 1 2 37 107 85 10 116 8 1 1 1 0 0 0 0 0 1 1 1 80 212 3 2 4 6 8 43 45 36 145 219 128 6 2 35 1 1 1 215 218 1 1 1 1 1 1 0 1 1 1 1 1 1 1 1 1 1 1 0 0 0 1 1 1 1 1 189 1 1 1 1 0 0 0 0 0 0 1 1 1 1 0 0 0 1 1 1 1 1 1 1 6 221 237 63 1 1 48 178 96 1 14 223 251 247 236 235 236 236 237 237 237 237 236 234 199 74 9 3 2 1 1 1 1 1 1 1 1 1 1 1 1 0 0 0 0 0 0 0 0 1 0 0 0 0 0 0 0 1 14 31 27 8 2 1 0 0 0 0 1 2 25 218 196 1 1 3 8 13 3 1 4 1 0 0 0 0 0 0 0 0 0 0 0 1 1 1 1 0 0 1 1 1 1 1 1 0 0 1 1 1 1 0 1 1 1 1 30 1 0 1 0 0 1 2 21 1 1 1 1 1 1 1 0 0 0 1 1 0 0 0 1 1 9 252 255 255 255 222 1 1 1 1 1 1 1 4 1 1 1 1 1 1 1 1 1 1 247 1 1 1 1 1 1 1 1 0 0 0 1 3 1 1 0 1 1 1 1 1 1 204 3 1 1 0 1 1 10 212 35 170 214 196 33 1 1 1 1 1 1 1 1 1 1 1 1 1 1 1 1 1 1 1 1 1 1 1 1 1 0 0 0 0 0 0 0 0 0 0 0 0 0 0 0 0 0 0 0 0 0 0 0 0 0 0 0 0 0 0 0 0 0 1 1 0 0 0 0 0 0 0 1 0 0 1 138 1 1 0 0 0 1 0 1 1 0 0 0 0 0 0 1 1 1 2 130 179
224 238 248 251 253 255 255 255 255 255 255 255 254 254 253 250 244 232 213 178 129 68 20 5 2 2 1 1 1 1 1 1 1 0 0 0 1 1 0 0 1 30 0 0 0 0 0 0 1 1 1 1 1 41 159 192 128 5 1 0 0 0 0 0 0 0 0 0 0 1 1 1 1 1 1 1 1 1 0 0 0 0 0 0 1 4 24 25 23 3 5 255 57 1 0 1 1 1 0 1 1 0 1 0 0 0 1 1 0 1 1 0 1 3 1 1 1 1 143 2 1 1 1 1 1 1 1 1 9 88 1 38 62 1 1 1 1 1 0 0 1 1 1 9 228 4 1 1 1 1 9 19 8 28 53 78 201 235 241 179 3 5 229 192 1 1 1 1 1 0 0 1 1 1 1 1 1 1 1 1 1 1 1 1 0 0 0 0 1 1 1 189 1 1 1 1 1 0 0 0 0 1 1 1 0 0 0 0 0 1 1 1 1 1 1 1 1 1 7 227 201 3 60 7 237 235 252 245 147 1 1 1 1 1 1 1 1 1 1 10 133 221 234 235 235 235 233 215 126 26 5 2 1 1 1 1 1 1 1 1 1 1 1 1 1 1 1 1 0 0 0 0 0 0 0 1 1 8 21 29 15 4 16 31 35 23 2 8 250 5 5 8 3 1 0 0 0 0 0 0 0 0 0 0 0 0 0 0 1 1 1 1 1 1 1 1 1 1 1 1 0 0 0 1 1 2 1 1 1 1 1 1 26 1 1 1 0 0 0 2 21 1 0 0 0 0 0 1 1 1 1 1 1 1 1 1 41 233 255 255 252 250 1 1 1 1 1 1 2 2 2 1 1 1 1 1 1 1 1 1 1 1 245 1 1 1 1 1 1 1 1 1 1 1 1 3 0 0 0 1 1 1 1 1 1 209 1 0 0 1 1 1 205 38 1 1 2 52 204 216 154 6 1 1 1 1 1 1 1 1 1 1 1 1 1 1 1 1 1 1 1 1 1 1 1 1 0 0 0 0 0 0 0 0 0 0 0 0 0 0 0 0 0 0 0 0 0 0 0 0 0 0 0 0 0 0 0 1 1 0 0 0 0 1 1 1 1 1 1 78 50 1 1 1 1 1 1 1 1 1 1 0 0 0 0 0 0 1 1 1 1 1
1 1 1 1 1 2 3 5 10 17 30 48 76 117 161 203 229 242 247 252 254 254 254 254 254 254 254 254 254 254 251 246 237 222 185 123 47 11 4 2 5 21 1 1 1 1 1 1 1 3 72 133 188 163 47 1 1 1 0 0 0 0 0 0 0 0 0 1 1 0 0 0 1 1 0 0 0 1 1 0 0 0 0 0 0 0 0 1 1 27 97 255 1 0 1 1 1 0 0 0 1 0 1 1 0 0 1 2 1 1 0 1 3 3 3 1 1 37 101 1 1 1 1 1 1 0 1 1 1 99 100 108 95 45 2 1 1 1 1 1 1 1 2 215 64 1 1 1 1 1 35 1 1 1 1 1 1 1 4 203 235 232 184 1 1 0 0 0 1 1 1 1 1 0 0 0 0 0 0 0 0 0 1 1 1 1 0 0 1 1 1 186 1 1 0 0 0 0 0 1 1 1 1 0 0 0 0 0 0 1 1 1 0 1 1 1 1 1 1 1 205 142 24 45 19 237 108 1 1 1 1 1 1 1 1 1 1 1 1 1 1 1 1 1 1 1 5 89 202 228 235 235 235 234 221 160 60 16 6 3 2 2 1 1 1 1 1 1 1 1 1 1 1 1 1 1 1 1 1 1 4 15 4 1 2 4 3 2 244 60 3 1 0 0 0 0 0 0 0 0 0 0 0 0 0 0 1 1 1 1 1 1 1 1 1 1 1 1 1 1 0 0 0 0 1 2 1 1 0 1 1 6 10 1 1 1 0 0 0 2 28 1 0 0 0 0 0 0 0 0 0 0 0 1 175 255 255 255 183 1 1 249 1 1 1 1 1 2 1 1 1 1 1 1 1 1 1 1 1 1 1 1 245 1 1 1 1 1 1 1 1 1 2 2 2 12 6 3 1 1 1 1 1 1 1 209 1 0 0 1 1 20 209 1 1 1 1 1 1 4 128 214 208 52 1 1 1 1 1 1 1 1 1 1 1 0 0 0 1 1 0 1 1 1 1 1 1 1 1 0 0 0 0 0 0 0 0 0 0 0 0 0 0 0 0 0 0 0 0 0 0 0 0 0 0 0 1 1 1 1 1 1 1 1 2 3 3 4 4 38 136 130 53 1 1 1 1 1 1 1 1 1 1 1 3 1 1 1 0 0 0 0
1 1 1 1 1 1 1 1 1 1 1 1 1 1 1 1 1 1 1 2 2 3 4 5 7 8 15 36 82 145 194 224 237 246 251 254 254 254 254 254 255 255 255 254 254 252 246 243 240 246 252 221 4 1 1 1 1 1 0 0 0 0 0 0 0 0 1 1 0 0 0 0 0 0 0 0 0 0 1 0 0 0 0 0 0 0 0 1 1 53 255 137 1 1 1 1 0 0 0 0 1 0 0 1 0 0 0 1 2 1 4 70 124 188 198 134 46 145 5 1 1 1 1 1 1 1 1 1 1 107 17 1 13 106 92 4 1 1 1 1 1 1 167 157 1 1 1 1 1 5 23 1 1 1 1 1 1 1 1 2 107 182 1 1 0 0 0 0 0 0 0 0 0 0 0 0 0 0 0 0 0 0 0 0 0 1 1 1 1 1 12 170 1 1 0 0 0 1 1 1 0 0 0 0 0 0 0 0 1 1 1 0 0 0 0 1 1 1 1 1 1 226 235 232 237 11 1 1 1 0 0 0 1 1 1 1 1 0 0 0 1 1 1 1 0 0 1 1 1 1 1 1 1 4 56 178 221 230 233 234 234 234 234 234 232 192 2 1 1 1 1 1 1 1 1 1 1 1 1 1 1 1 0 1 2 1 1 1 174 230 1 1 1 1 1 1 1 1 1 1 1 1 1 1 1 1 1 1 1 1 1 1 1 1 1 0 1 1 1 1 0 0 0 0 1 1 2 1 1 1 0 22 1 1 1 1 1 1 5 15 15 1 0 0 0 0 0 1 1 1 1 1 1 222 255 230 1 1 1 1 1 249 1 1 1 1 1 3 1 1 1 1 1 1 1 1 1 1 1 1 1 1 245 1 1 1 1 1 1 1 1 2 1 1 1 12 1 2 5 6 4 4 3 2 33 187 1 1 1 1 1 210 17 1 1 1 1 1 1 1 1 1 22 197 216 154 7 1 1 1 1 1 1 1 1 1 1 1 1 0 0 0 0 0 1 1 1 1 1 1 1 0 0 0 0 0 0 0 0 0 0 0 0 0 0 0 0 0 0 0 0 0 0 0 0 1 1 1 1 1 1 1 1 1 1 1 0 0 0 1 1 1 56 130 101 22 21 23 23 23 23 23 23 19 10 20 8 1 1 0 0 0
0 0 0 1 1 1 1 1 0 0 0 0 1 1 1 1 1 1 1 1 1 1 1 1 1 1 1 1 1 1 1 1 1 1 1 1 1 1 1 1 2 3 6 28 101 174 221 233 236 224 243 254 231 17 1 1 1 1 1 1 0 0 0 0 0 0 1 1 0 0 0 0 0 0 0 0 0 0 1 0 0 0 0 0 0 0 0 1 5 252 234 1 1 1 1 1 0 0 1 1 1 1 0 1 0 0 1 1 31 119 176 198 173 92 47 157 196 175 37 1 0 0 0 1 1 1 1 1 30 90 1 1 1 1 66 131 37 1 1 1 1 2 231 6 7 3 1 1 1 22 16 1 1 1 0 1 1 0 1 1 12 5 1 0 0 0 0 0 0 0 0 0 0 0 0 0 0 0 0 0 0 0 0 0 0 0 1 1 1 1 115 92 1 1 0 0 1 1 1 0 0 0 0 0 0 0 0 1 1 0 1 0 0 0 0 0 1 1 1 1 1 1 18 38 1 1 0 0 0 0 0 0 0 0 0 0 0 0 0 0 0 0 0 1 1 1 1 1 0 0 1 1 1 1 1 1 1 1 1 1 1 1 1 2 4 133 229 18 1 1 1 1 1 1 1 1 1 1 1 1 1 1 1 1 1 1 1 1 1 250 1 1 1 1 1 1 1 1 1 1 1 1 1 1 1 1 1 1 1 1 1 1 1 1 1 1 1 1 1 1 1 1 1 1 1 1 1 2 1 1 1 28 1 1 1 7 19 17 5 1 3 1 0 0 0 0 1 1 1 1 1 1 36 255 22 1 1 1 0 0 1 249 3 1 1 1 1 5 1 1 0 1 1 1 1 1 1 1 1 1 1 1 248 3 1 1 1 1 1 1 1 2 1 1 1 12 0 0 1 1 1 1 1 1 208 62 1 1 1 1 15 212 1 1 1 1 1 1 1 1 1 1 1 1 3 127 213 207 71 2 1 1 1 1 1 1 1 1 1 1 0 0 0 0 0 0 0 0 1 1 1 1 0 0 0 0 0 0 0 0 0 0 0 0 0 0 0 0 0 0 0 0 0 1 1 1 1 1 1 1 1 1 1 1 0 0 0 0 0 0 0 1 1 1 79 23 1 1 1 1 1 1 1 1 1 1 3 16 7 1 1 0
0 0 0 0 0 0 0 1 1 1 1 1 1 1 0 0 0 0 0 0 0 0 0 1 0 0 1 1 1 0 0 0 0 1 1 1 1 1 1 1 1 1 1 1 1 1 1 1 1 1 1 102 252 255 240 38 1 1 1 1 1 1 0 0 0 1 1 0 0 0 0 0 0 0 0 0 0 0 1 1 0 0 0 0 0 0 1 1 90 255 1 1 1 1 1 0 0 1 4 9 1 1 2 1 1 4 98 157 205 186 123 3 1 1 1 1 73 25 56 118 62 1 0 0 1 1 1 1 121 6 0 1 0 1 1 12 116 93 4 3 2 53 228 11 5 9 16 29 37 9 1 1 1 1 0 1 1 1 1 2 12 1 1 0 0 0 0 0 0 0 0 0 0 0 0 0 0 0 0 0 0 0 0 0 0 0 0 0 0 1 178 6 0 1 1 0 1 1 0 0 0 0 0 0 0 0 1 1 0 0 1 1 0 0 0 0 0 0 1 1 0 1 1 1 1 0 0 0 0 0 0 0 0 0 0 0 0 0 0 0 0 0 0 0 0 0 0 0 0 0 1 1 1 1 1 1 1 1 1 1 1 1 1 1 1 1 11 229 66 1 1 1 1 1 1 1 1 1 1 1 1 1 1 1 1 1 1 1 1 234 145 1 1 1 1 1 1 1 1 1 1 1 1 1 1 1 0 0 1 1 1 1 1 1 1 1 1 1 1 1 1 1 1 0 1 1 1 1 2 1 3 31 11 18 16 4 1 1 1 1 2 1 0 0 0 0 0 1 1 1 1 1 212 255 1 1 1 1 1 1 1 105 249 249 249 227 10 3 1 1 1 1 1 1 1 1 1 1 0 1 1 118 234 3 6 9 9 9 9 8 2 1 1 1 3 17 3 3 2 1 1 1 1 1 213 2 26 29 10 2 210 24 1 1 1 1 0 0 1 1 1 1 1 1 1 1 1 23 189 216 175 11 1 1 1 1 1 1 1 1 1 0 0 0 0 0 0 0 0 1 1 1 1 0 0 0 0 0 0 0 0 0 0 0 0 0 0 0 0 0 1 1 1 1 1 1 1 0 0 0 0 0 0 0 0 0 0 0 0 0 0 1 1 1 4 92 1 1 1 1 1 1 1 1 1 1 1 1 4 18 13 1
0 0 0 0 0 0 0 0 0 0 0 0 0 1 1 1 1 1 1 1 1 1 1 1 0 1 1 0 0 0 0 0 0 0 0 0 0 0 0 0 0 0 0 0 0 0 0 0 0 0 1 1 1 74 249 255 246 105 2 1 1 1 1 1 1 1 0 0 0 0 0 0 0 0 0 0 0 0 0 1 0 0 0 0 0 0 13 132 154 255 1 1 1 1 1 1 2 2 17 2 6 3 9 77 138 201 193 152 16 1 1 1 1 1 1 1 60 1 1 1 27 116 85 2 1 1 1 18 106 1 1 1 0 0 1 1 2 69 211 231 223 231 40 1 1 1 1 6 1 1 1 1 1 1 1 1 1 1 1 15 1 1 0 0 0 0 0 0 0 0 0 0 0 0 0 0 0 0 0 0 0 0 0 0 0 0 0 0 1 1 188 1 0 1 1 1 1 1 1 1 1 1 1 0 0 1 1 0 0 0 0 1 0 0 0 0 0 0 1 0 0 1 1 0 0 0 0 0 0 0 0 0 0 0 0 0 0 0 0 0 0 0 0 0 0 0 0 0 0 0 0 0 0 0 0 0 1 1 1 1 1 1 1 1 1 1 1 2 225 41 1 0 1 1 1 1 1 1 1 1 1 1 1 1 1 1 1 1 1 89 242 1 1 0 0 1 1 0 0 0 0 0 0 0 1 1 1 1 1 1 1 1 1 1 1 1 1 1 1 1 1 1 1 1 1 1 1 1 1 2 28 11 10 1 1 1 1 1 0 0 1 3 1 0 0 0 0 1 1 1 1 1 230 255 6 1 1 1 1 1 0 1 1 1 1 194 249 249 249 240 208 42 1 1 1 1 0 0 1 1 1 246 7 0 0 0 0 0 1 1 6 5 4 4 29 1 0 1 1 2 3 3 3 3 213 1 1 1 7 51 232 32 2 1 1 1 1 1 1 0 1 1 1 1 1 1 1 1 1 2 95 210 138 1 1 1 1 1 1 1 1 1 1 1 0 0 0 0 0 0 0 1 1 1 1 0 0 0 0 0 0 0 0 0 0 0 0 0 1 1 1 0 0 0 0 0 0 0 0 0 0 0 0 0 0 0 0 0 1 1 1 1 1 1 2 102 1 1 1 1 1 1 1 1 1 1 1 1 1 1 1 17
0 0 0 0 0 0 0 0 0 0 0 0 0 0 0 0 0 0 0 0 0 1 1 1 1 1 0 0 0 0 0 0 0 0 0 0 0 0 0 0 0 0 0 0 0 0 0 0 0 0 0 0 0 1 1 56 245 254 250 174 5 1 1 1 1 1 1 1 0 0 0 0 0 0 0 0 0 0 0 1 0 0 0 0 0 0 124 2 83 255 95 1 1 1 1 1 1 1 22 15 55 134 184 199 172 58 1 1 1 1 1 1 1 0 1 33 9 1 1 1 0 1 12 111 101 4 1 118 9 1 1 0 0 1 1 1 1 58 162 15 29 60 1 0 1 1 5 1 1 1 1 0 0 1 1 1 1 1 14 1 1 1 0 0 0 0 0 0 0 0 0 0 0 0 0 0 0 0 0 0 0 0 0 0 0 0 0 0 1 1 189 1 1 1 1 1 1 0 0 0 0 0 1 1 1 1 0 0 0 0 0 1 0 0 0 0 0 1 1 0 0 0 0 0 0 0 0 0 0 0 0 0 0 0 0 0 0 0 0 0 0 0 0 0 0 0 0 0 0 0 0 0 0 0 0 0 1 1 0 0 0 0 1 0 0 1 1 1 2 234 1 1 1 0 0 0 0 1 1 1 1 1 1 1 1 1 1 1 1 1 248 20 1 0 0 0 1 0 0 0 0 0 0 0 0 1 1 1 1 1 1 1 1 0 1 1 1 1 1 1 1 1 1 1 1 1 1 1 1 1 12 46 1 1 0 0 1 0 0 0 0 2 1 0 0 0 0 0 1 1 1 17 241 148 251 18 1 0 1 0 1 1 3 7 8 6 5 5 14 116 216 249 249 248 248 229 15 1 1 1 1 248 1 1 1 1 0 0 0 1 1 1 1 0 12 1 0 0 1 1 1 1 1 13 197 0 1 1 1 213 76 34 81 90 76 15 1 1 1 1 1 0 1 1 0 0 0 1 1 1 1 2 143 173 2 1 1 1 1 1 1 1 1 1 1 0 0 0 0 0 0 0 1 1 1 1 1 0 0 0 0 0 0 0 0 1 1 1 1 0 0 0 0 0 0 0 0 0 0 0 0 1 1 1 1 1 1 1 1 1 1 1 1 1 2 100 1 1 1 1 1 1 1 1 1 1 1 1 1 1 1 1
0 0 0 0 0 0 0 0 0 0 0 0 0 0 0 0 0 0 0 0 0 0 1 1 0 0 0 0 0 0 0 0 0 0 0 0 0 0 0 0 0 0 0 0 0 0 0 0 0 0 0 0 0 0 0 1 1 30 236 254 252 197 11 2 1 1 1 1 1 0 0 0 0 0 0 0 0 0 0 1 0 0 0 0 0 0 119 195 245 166 239 245 136 1 1 1 2 179 244 234 224 182 114 2 1 1 1 1 1 1 1 0 0 1 1 63 1 1 0 1 1 1 1 1 5 102 125 113 1 1 1 1 1 36 158 173 173 124 2 35 4 34 1 1 1 2 4 1 1 1 1 0 0 0 1 1 1 6 3 1 1 0 0 0 0 0 0 0 0 0 0 0 0 0 0 0 0 0 0 0 0 0 0 0 0 0 0 1 1 1 189 1 1 1 1 1 1 0 0 0 0 0 1 1 0 0 0 0 0 0 0 1 0 0 0 0 1 1 1 0 0 0 0 0 0 0 0 0 0 0 0 0 0 0 0 0 0 0 0 0 0 0 0 0 0 0 0 0 0 0 0 0 0 0 0 0 0 0 0 0 0 0 0 1 0 1 1 1 1 235 1 1 1 1 1 1 1 1 1 1 1 1 1 0 0 0 1 1 1 1 221 196 1 1 0 1 1 0 0 0 0 0 0 1 1 1 0 0 1 1 1 1 0 0 0 1 1 1 1 1 0 0 1 1 1 1 1 1 1 1 41 13 1 1 1 1 1 1 1 0 0 1 3 1 0 0 0 0 1 1 1 228 191 3 148 252 29 1 1 3 8 5 3 1 1 1 1 0 1 1 1 1 1 2 15 184 248 248 248 234 210 226 1 1 1 1 1 1 1 1 1 1 0 1 13 1 0 0 1 0 1 1 1 185 34 1 1 1 4 227 1 1 1 1 5 54 89 91 80 16 1 1 1 1 0 0 1 1 1 1 1 1 1 100 213 104 20 6 2 1 1 1 1 1 1 1 1 0 0 0 0 0 0 0 1 1 1 1 1 1 0 0 0 1 1 1 0 0 0 0 0 0 0 0 1 1 1 1 1 1 1 1 1 1 1 1 1 1 1 1 1 1 1 1 1 107 1 1 1 1 1 1 1 1 1 1 1 1 1 1 1 1
1 1 0 0 0 0 0 0 0 0 0 0 0 0 0 0 0 0 0 0 0 1 1 0 0 0 0 0 0 0 0 0 0 0 0 0 0 0 0 0 0 0 0 0 0 0 0 0 0 0 0 0 0 0 0 0 0 1 1 17 224 254 254 190 8 1 1 1 1 1 1 0 0 0 0 0 0 0 0 1 1 0 0 0 0 1 219 232 3 1 3 50 234 245 231 242 245 211 76 137 1 1 1 1 1 1 1 1 1 1 0 1 1 3 23 44 1 1 1 0 0 1 0 1 0 1 165 16 1 1 1 104 171 132 7 1 1 1 1 9 20 7 3 1 1 5 1 1 1 0 0 0 0 0 1 1 2 8 1 0 0 0 0 0 0 0 0 0 0 0 0 0 0 0 0 0 0 0 0 0 0 0 0 1 1 1 1 1 0 1 187 1 1 1 0 1 1 0 0 0 0 0 1 0 0 0 0 0 0 0 0 1 1 0 0 0 1 1 0 0 0 0 0 0 0 0 0 0 0 0 0 0 0 0 0 0 0 0 0 0 0 0 0 0 0 0 0 0 0 0 0 0 0 0 0 0 0 0 0 0 0 0 0 1 1 0 1 1 41 224 1 1 0 1 1 1 1 1 1 1 1 1 0 0 0 0 0 1 1 1 77 243 1 1 1 1 0 0 0 0 0 1 1 1 0 0 0 0 0 1 1 1 1 0 1 1 1 0 0 1 1 1 1 1 1 1 1 1 1 1 67 3 1 1 0 1 1 1 1 0 0 0 1 2 1 0 0 0 1 1 124 212 32 14 1 136 252 4 5 3 1 0 1 1 1 0 1 1 1 1 1 1 1 1 1 1 1 1 5 248 254 223 212 121 20 2 1 1 1 1 1 1 1 1 12 0 1 0 1 1 1 1 1 210 1 1 1 1 204 102 1 1 0 1 1 1 1 1 3 50 89 92 80 12 1 1 1 1 1 1 1 1 1 12 130 218 233 236 237 237 188 1 1 1 1 1 1 1 1 0 0 0 0 0 0 0 1 1 1 1 1 1 1 1 1 0 1 1 1 1 1 1 1 1 1 1 1 1 1 1 1 1 1 1 1 1 1 1 1 1 1 1 1 134 105 146 1 1 28 8 5 4 5 3 6 1 1 1 1 1 1 1
1 1 1 0 0 0 0 0 0 0 0 0 0 0 0 0 0 0 0 0 1 1 1 0 0 0 0 0 0 0 0 0 0 0 0 0 0 0 0 0 0 0 0 0 0 0 0 0 0 0 0 0 0 0 0 0 0 0 0 1 1 5 201 254 254 210 15 2 1 1 1 1 1 0 0 0 0 0 0 0 1 0 0 0 0 98 249 2 1 1 1 1 2 49 143 79 21 1 1 103 4 1 1 1 1 0 0 1 1 1 2 7 13 17 8 36 56 9 1 0 0 1 1 1 1 8 171 1 2 88 171 75 1 0 0 0 0 0 1 11 1 1 1 3 7 1 1 1 0 0 0 0 0 1 1 1 14 1 0 0 0 0 0 0 0 0 0 0 0 0 0 0 0 0 0 0 0 0 0 1 1 1 1 1 0 1 1 1 1 1 187 1 1 1 1 1 1 1 1 1 1 1 1 0 0 0 0 0 0 0 0 0 1 0 0 0 1 1 0 0 0 0 0 0 0 0 0 0 0 0 0 0 0 0 0 0 0 0 0 0 0 0 0 0 0 0 0 0 0 0 0 0 0 0 0 0 0 0 0 0 0 0 0 0 1 1 1 1 211 96 0 1 1 0 0 0 1 1 1 0 0 0 0 0 0 0 0 1 1 1 1 237 127 1 1 0 0 0 0 0 1 1 1 0 0 0 0 0 0 1 1 1 1 1 1 1 0 0 0 1 1 1 1 1 1 0 0 0 0 1 75 1 1 1 1 1 0 0 1 1 1 1 0 1 3 1 1 1 1 1 204 113 1 1 1 2 255 6 1 1 0 0 0 0 0 1 1 1 1 1 1 1 0 0 1 1 1 1 1 220 255 1 20 156 209 215 215 185 95 8 1 1 1 4 3 1 1 1 1 1 1 1 1 210 1 1 1 2 229 1 1 1 1 1 1 1 1 1 1 1 1 1 3 58 93 96 84 11 1 1 1 1 1 87 1 1 1 1 1 4 168 236 140 1 1 1 1 1 1 1 1 1 1 0 0 0 0 1 1 1 1 1 1 1 1 1 1 1 1 1 1 1 1 1 1 1 1 1 1 1 1 2 2 1 1 1 1 1 0 1 1 1 148 84 101 203 132 118 105 38 1 1 1 1 4 1 1 2 1 1 1 1
0 0 1 1 1 0 0 0 0 0 0 0 0 0 0 0 0 0 0 0 1 1 1 0 0 0 0 0 0 0 0 0 0 0 0 0 0 0 0 0 0 0 0 0 0 0 0 0 0 0 0 0 0 0 0 0 0 0 0 0 0 1 1 3 140 254 255 235 42 4 1 1 1 1 0 0 0 0 0 0 1 0 0 0 2 237 183 1 1 1 1 1 1 1 1 1 1 1 1 6 95 1 0 0 0 1 1 2 21 32 41 10 4 1 1 1 1 28 59 17 1 1 1 1 1 118 157 168 167 91 1 0 0 0 0 0 0 0 2 7 1 1 1 3 5 2 1 1 1 1 1 1 1 1 1 12 1 0 0 0 0 0 0 0 0 0 0 0 0 0 0 0 0 0 0 0 0 0 1 1 1 1 1 1 1 1 1 1 1 49 151 1 1 1 1 1 1 1 1 1 1 1 1 1 1 1 1 0 0 0 0 0 1 0 0 0 0 1 1 0 0 0 0 0 0 0 0 0 0 0 0 0 0 0 0 0 0 0 0 0 0 0 0 0 0 0 0 0 0 0 0 0 0 0 0 0 0 0 0 0 0 0 0 0 1 1 1 36 226 1 0 0 1 1 0 1 1 0 0 0 0 0 0 0 0 0 0 1 1 1 1 177 225 1 1 1 0 0 1 1 1 1 1 0 0 0 0 0 1 1 1 0 1 1 1 1 1 1 1 1 1 1 1 0 0 0 0 0 1 2 51 5 1 1 1 1 1 1 0 0 1 1 1 1 1 2 3 1 1 1 233 1 1 2 4 3 253 7 0 0 0 0 0 0 1 1 1 1 1 1 1 1 0 0 0 1 1 1 1 255 210 1 2 1 1 1 2 59 163 209 212 208 201 169 11 1 1 1 1 1 1 1 4 204 1 1 1 189 127 1 1 1 1 1 1 0 1 1 1 1 1 1 1 1 1 1 2 60 90 94 77 11 27 42 1 1 1 1 1 1 1 3 206 193 1 1 1 1 1 1 1 1 1 1 1 1 1 1 1 1 1 1 1 1 1 1 1 1 1 1 1 1 1 1 1 1 3 27 34 34 32 24 23 32 18 1 1 1 1 1 1 34 153 1 1 1 1 1 3 87 1 1 1 1 1 3 4 2 28 1 1 1
0 0 0 0 1 1 1 1 1 0 0 0 0 0 0 0 0 0 0 0 1 1 0 0 0 0 0 0 0 0 0 0 0 0 0 0 0 0 0 0 0 0 0 0 0 0 0 0 0 0 0 0 0 0 0 0 0 0 0 0 0 1 1 1 1 2 82 250 255 245 77 5 1 1 1 1 0 0 0 0 1 1 1 1 130 245 1 1 1 0 1 1 1 1 1 1 1 1 3 4 104 1 0 1 1 11 31 40 8 3 16 1 1 1 1 1 1 1 1 17 58 24 2 26 99 217 21 1 1 1 1 0 0 0 0 0 0 0 1 10 1 0 1 4 1 1 3 1 1 0 1 1 1 1 6 3 0 0 0 0 0 0 0 0 0 0 0 0 0 0 0 0 0 0 0 0 0 1 4 167 190 181 156 121 87 44 21 185 216 233 219 218 216 212 205 184 134 74 27 7 3 2 1 1 1 1 1 1 1 1 1 0 1 1 0 0 0 1 1 0 0 0 0 0 0 0 0 0 0 0 0 0 0 0 0 0 0 0 0 0 0 0 0 0 0 0 0 0 0 0 0 0 0 0 0 0 0 0 0 0 0 0 0 0 1 1 1 207 113 0 0 0 0 1 1 0 0 0 0 0 0 0 0 0 0 0 0 0 1 1 1 1 232 157 1 1 1 1 1 0 1 1 1 0 0 0 0 0 1 1 1 1 0 1 1 1 1 1 1 1 1 0 0 0 0 1 1 1 4 12 1 17 23 2 1 1 1 1 1 1 1 0 0 0 1 1 1 2 3 48 230 4 2 2 1 1 255 1 1 0 0 1 1 1 1 1 1 1 1 1 1 1 1 0 1 1 1 1 1 255 1 1 2 1 1 1 1 1 1 4 1 3 5 76 175 191 173 136 40 2 1 1 161 71 1 1 1 229 1 1 1 1 1 1 1 1 1 1 1 1 1 1 1 1 1 1 1 1 1 1 4 60 57 1 1 1 1 1 1 1 1 1 1 232 20 1 1 1 1 1 1 1 1 1 1 1 1 1 1 1 1 1 1 1 1 1 1 1 1 1 1 1 1 1 1 11 20 2 1 1 1 1 1 1 3 25 25 10 9 3 12 186 1 1 1 1 1 1 1 103 1 1 1 1 1 1 2 16 93 1 1 1
0 0 0 0 0 0 0 1 1 1 1 1 1 0 0 0 0 0 1 1 1 0 0 0 0 0 0 0 0 0 0 0 0 0 0 0 0 0 0 0 0 0 0 0 0 0 0 0 0 0 0 0 0 0 0 0 0 0 0 0 1 1 1 1 1 1 1 2 37 246 255 250 118 5 1 1 1 1 0 0 0 0 1 11 245 122 1 1 1 1 1 1 0 1 1 2 2 2 1 1 62 17 5 27 38 18 5 2 1 1 2 12 1 1 1 0 1 1 1 1 8 82 125 64 106 86 1 1 1 1 1 0 0 0 0 0 1 0 0 11 1 1 4 1 1 1 1 3 2 1 1 1 1 2 9 1 0 0 0 0 0 0 0 0 0 0 0 0 0 0 0 0 0 0 0 0 1 1 198 96 50 72 113 148 171 190 205 83 1 1 1 1 3 8 27 76 140 184 203 212 215 218 217 217 214 206 179 120 42 9 3 1 1 1 1 0 1 1 1 1 0 0 0 0 0 0 0 0 0 0 0 0 0 0 0 0 0 0 0 0 0 0 0 0 0 0 0 0 0 0 0 0 0 0 0 0 0 0 0 0 0 0 1 0 1 1 22 232 1 0 0 0 0 0 1 0 0 0 0 0 0 0 0 0 0 0 0 0 1 1 1 1 81 230 90 1 1 1 0 0 1 10 12 8 2 1 1 0 1 0 1 1 1 1 1 1 1 1 1 0 0 0 0 0 1 1 1 9 6 1 1 1 1 14 17 2 1 1 1 1 1 1 0 0 1 1 1 1 42 226 34 1 1 1 1 148 252 1 1 1 1 1 1 1 1 1 1 1 1 1 1 1 1 1 1 1 1 1 8 255 1 1 1 1 0 1 1 1 1 3 2 1 1 1 1 1 9 60 150 188 190 167 230 202 31 5 178 158 1 1 1 0 1 1 0 0 0 0 0 0 0 0 0 1 1 1 1 1 1 1 1 1 1 0 0 0 0 0 0 1 1 1 1 39 229 1 1 1 1 1 0 0 1 1 1 1 1 1 1 1 1 1 1 1 1 1 1 1 1 1 1 1 1 1 3 34 1 1 1 1 1 1 1 1 1 1 1 5 7 41 183 5 1 0 1 0 0 0 1 69 13 1 1 1 1 1 3 65 9 68 1 1
0 0 0 0 0 0 0 0 0 0 0 1 1 1 1 1 1 1 1 1 0 0 0 0 0 0 0 0 0 0 0 0 0 0 0 0 0 0 0 0 0 0 0 0 0 0 0 0 0 0 0 0 0 0 0 0 0 0 0 0 1 1 1 1 1 1 2 1 1 1 16 235 255 254 149 6 1 1 1 1 0 0 1 159 245 1 1 1 1 1 1 1 1 1 1 1 1 1 1 1 58 65 30 5 2 1 1 1 1 0 0 18 1 1 1 1 1 1 17 46 47 2 1 9 185 8 1 1 1 1 1 1 0 0 0 1 1 1 1 1 10 3 1 1 1 1 0 1 2 2 2 1 1 14 1 0 0 0 0 0 0 0 0 0 0 0 0 0 0 0 0 0 0 0 0 0 1 161 109 2 1 1 1 1 1 1 1 1 1 1 1 1 1 1 1 1 1 1 1 1 1 1 2 2 5 20 78 148 193 209 213 213 205 80 1 1 0 0 1 1 0 0 0 0 0 0 0 0 0 0 0 0 0 0 0 0 0 0 0 0 0 0 0 0 0 0 0 0 0 0 0 0 0 0 0 0 0 0 0 0 0 0 1 0 1 1 202 129 1 0 0 0 0 0 1 1 0 0 0 0 0 0 0 0 0 0 0 0 1 1 1 1 1 153 218 79 1 1 1 1 3 5 1 2 4 6 6 4 1 0 1 1 1 1 1 1 1 0 0 0 0 0 1 1 1 1 13 2 1 1 1 0 1 1 1 22 11 1 1 1 1 1 1 0 1 1 1 15 153 172 1 1 1 1 225 253 1 1 1 1 1 1 1 1 1 1 1 1 1 1 1 1 1 1 1 1 1 1 246 251 1 2 1 1 1 1 0 0 1 2 1 2 1 1 1 1 1 1 1 1 1 20 239 219 222 227 218 1 1 1 1 1 1 0 0 1 1 0 0 0 0 0 0 0 0 0 0 0 0 0 1 1 1 0 0 0 0 0 0 0 1 1 1 1 237 2 1 1 1 1 0 0 0 1 1 1 1 1 1 1 1 1 1 1 1 1 1 1 2 143 226 226 228 234 234 222 162 65 3 5 98 97 3 1 2 1 1 1 1 135 4 1 0 1 1 0 0 0 1 4 85 1 1 1 1 1 60 14 1 43 56 1
0 0 0 0 0 0 0 0 0 0 0 0 0 0 0 1 1 1 0 0 0 0 0 0 0 0 0 0 0 0 0 0 0 0 0 0 0 0 0 0 0 0 0 0 0 0 0 0 0 0 0 0 0 0 0 0 0 0 0 1 1 0 1 1 0 1 1 1 2 1 1 1 8 209 254 254 189 7 1 1 1 1 22 250 51 1 1 1 1 1 1 1 1 1 1 1 1 2 35 50 30 78 2 1 1 0 0 1 1 1 1 12 2 1 1 1 38 43 9 1 3 1 1 111 106 1 3 2 1 1 1 1 0 0 0 1 0 1 1 0 12 4 1 1 1 0 0 0 1 2 1 1 11 1 0 0 0 0 0 0 0 0 0 0 0 0 0 0 0 0 0 0 0 0 0 1 74 180 2 1 1 0 0 1 1 1 1 1 1 0 1 1 0 0 0 0 0 1 1 1 1 1 1 1 1 1 1 1 1 1 1 3 16 195 35 1 1 1 0 1 1 0 0 0 0 0 0 0 0 0 0 0 0 0 0 0 0 0 0 0 0 0 0 0 0 0 0 0 0 0 0 0 0 0 0 0 0 0 0 0 0 0 1 0 0 14 233 1 0 0 0 0 0 0 0 1 0 0 0 0 0 0 0 0 0 0 0 0 1 1 1 1 1 1 163 218 135 1 1 1 11 1 1 1 1 1 1 1 5 5 1 1 1 1 1 0 0 0 0 0 0 1 1 1 3 11 1 1 1 1 1 1 1 1 13 22 2 5 5 1 1 1 1 1 1 1 1 120 94 132 1 1 70 253 247 1 1 0 1 1 1 1 1 1 1 1 1 1 0 0 0 1 1 1 0 1 1 1 255 79 1 2 1 0 0 1 0 0 3 1 1 2 1 1 1 1 1 1 1 1 1 12 239 1 1 1 1 1 1 1 1 1 1 1 1 1 1 1 1 1 1 1 1 1 1 1 0 0 0 0 0 1 0 0 0 0 0 0 0 0 0 1 0 1 108 236 21 1 1 1 1 1 1 1 1 1 1 2 2 3 5 5 3 3 6 18 48 179 234 202 39 42 30 6 3 21 148 79 150 144 42 41 143 149 149 151 151 139 64 99 1 0 0 1 0 0 0 1 1 1 104 2 1 1 1 1 98 1 1 1 91 19
0 0 0 0 0 0 0 0 0 0 0 0 0 0 0 0 0 0 0 0 0 0 0 0 0 0 0 0 0 0 0 0 0 0 0 0 0 0 0 0 0 0 0 0 0 0 0 0 0 0 0 0 0 0 0 0 0 0 0 1 1 0 1 0 1 1 0 1 1 2 1 1 1 1 5 170 254 254 220 8 1 1 136 246 1 1 1 1 1 1 1 1 1 1 1 1 30 45 4 1 1 14 12 1 1 1 0 0 1 1 1 1 39 41 43 40 2 0 0 4 1 1 2 183 2 1 1 1 2 3 1 1 0 0 0 0 0 0 0 0 14 3 1 1 1 0 0 0 1 2 1 4 4 0 0 0 0 0 0 0 0 0 0 0 0 0 0 0 0 0 0 0 0 0 1 3 212 3 1 1 1 1 1 1 1 0 0 1 0 0 0 1 1 0 0 0 0 0 0 0 0 0 0 0 0 0 1 1 1 1 1 1 1 8 207 2 1 1 0 0 1 1 0 0 0 0 0 0 0 0 0 0 0 0 0 0 0 0 0 0 0 0 0 0 0 0 0 0 0 0 0 0 0 0 0 0 0 0 0 0 0 0 1 0 1 189 152 1 0 0 0 0 0 0 0 0 0 0 0 0 0 0 0 0 0 0 1 1 1 1 1 1 1 1 1 132 223 183 62 2 8 1 1 1 1 0 0 1 1 1 5 7 2 1 0 0 1 1 1 0 1 1 1 7 6 1 1 1 0 0 1 1 1 28 7 1 1 1 1 1 1 1 1 1 1 1 1 2 236 3 2 246 253 23 1 0 0 1 1 1 1 1 1 1 0 1 1 0 0 0 0 0 1 1 1 1 1 3 255 1 1 2 1 0 1 1 0 0 3 1 1 1 1 1 1 0 0 1 1 1 1 227 93 1 1 1 1 1 1 1 1 1 1 1 1 1 1 1 1 1 1 1 1 1 1 1 1 1 1 1 1 0 0 0 0 0 0 0 0 0 0 1 0 1 1 12 233 65 1 1 1 1 1 1 1 73 230 235 235 235 235 235 235 235 235 231 225 179 4 1 1 1 1 1 1 1 152 1 1 1 1 1 1 1 1 1 1 5 123 2 1 0 0 1 0 0 0 1 1 1 30 83 31 70 10 80 7 1 1 1 1 107
0 0 0 0 0 0 0 0 0 0 0 0 0 0 0 0 0 0 0 0 0 0 0 0 0 0 0 0 0 0 0 0 0 0 0 0 0 0 0 0 0 0 0 0 0 0 0 0 0 0 0 0 0 0 0 0 0 0 0 1 1 0 1 1 1 1 0 1 1 1 2 1 1 1 1 1 4 149 252 254 240 201 251 248 1 1 1 1 1 1 1 1 1 2 1 4 38 1 1 1 0 1 45 1 0 1 0 0 1 3 10 25 62 1 1 1 0 0 1 3 1 1 79 132 1 1 0 1 1 1 2 2 1 0 0 0 0 0 0 1 19 1 1 1 1 1 0 0 1 2 1 11 1 0 0 0 0 0 0 0 0 0 0 0 0 0 0 0 0 0 0 1 1 1 1 199 33 1 1 1 1 1 1 1 1 0 1 1 0 0 0 0 1 0 0 0 0 0 0 0 0 0 0 0 0 0 0 0 1 1 1 1 1 1 103 159 1 1 1 0 1 1 0 0 0 0 0 0 0 0 0 0 0 0 0 0 0 0 0 0 0 0 0 0 0 0 0 0 0 0 0 0 0 0 0 0 0 0 0 0 0 0 1 1 8 234 1 1 0 0 0 0 0 0 0 0 0 0 0 0 0 0 0 0 0 1 1 1 1 1 1 1 1 1 1 1 45 220 208 174 14 1 1 1 0 0 0 0 0 1 1 1 4 8 3 1 1 0 1 1 1 1 9 2 1 1 1 1 1 1 1 4 32 2 1 1 0 1 1 1 1 1 1 0 1 1 1 11 230 2 252 228 1 1 0 0 1 1 1 1 1 1 1 1 1 1 1 0 0 0 0 0 0 1 1 1 1 240 252 1 1 1 1 1 1 1 1 1 3 0 1 1 1 1 1 1 0 1 1 1 1 244 1 1 1 1 1 1 0 0 1 1 1 1 1 1 1 1 1 1 1 1 1 1 1 1 1 1 1 1 1 1 1 1 1 1 0 0 0 0 0 1 0 0 0 1 1 227 196 10 2 1 1 1 88 229 22 2 2 2 1 2 2 1 1 1 1 1 1 1 1 1 1 1 1 1 153 1 1 1 1 1 1 1 1 1 1 1 1 1 1 0 1 1 0 0 1 1 1 1 9 4 26 7 73 12 1 1 1 0 1 1
1 1 0 0 0 0 0 0 0 0 0 0 0 0 0 0 0 0 0 0 0 0 0 0 0 0 0 0 0 0 0 0 0 0 0 0 0 0 0 0 0 0 0 0 0 0 0 0 0 0 0 0 0 0 0 0 0 0 0 1 1 1 1 1 1 0 0 1 1 1 1 1 2 2 1 1 1 1 2 129 248 251 92 254 193 2 1 1 1 1 1 1 0 1 2 66 1 1 1 1 1 1 43 1 1 1 1 10 33 38 7 1 19 3 1 1 1 0 3 1 1 1 179 6 1 1 0 1 1 0 1 1 2 2 1 0 0 0 1 1 15 1 1 1 1 1 1 1 2 1 13 1 0 0 0 0 0 0 0 0 0 0 0 0 0 0 0 1 1 1 1 1 0 1 137 137 1 1 1 1 0 0 0 0 1 1 1 1 1 0 0 0 1 0 0 0 0 0 0 0 0 0 0 0 0 0 0 0 0 0 1 1 1 1 1 186 51 1 1 1 0 1 1 0 0 0 0 0 0 0 0 0 0 0 0 0 0 0 0 0 0 0 0 0 0 0 0 0 0 0 0 0 0 0 0 0 0 0 0 0 0 0 1 1 172 177 1 0 0 0 0 0 0 0 0 0 0 0 0 0 0 0 1 1 1 1 1 0 0 1 0 1 1 2 1 1 1 1 187 232 71 31 7 1 1 1 1 0 0 1 1 1 1 2 4 11 4 1 1 1 1 8 1 1 1 1 0 1 1 1 8 19 1 1 1 0 0 0 0 1 1 1 0 1 1 1 1 205 114 250 196 1 0 0 0 1 1 1 1 0 0 1 1 1 1 1 1 0 0 0 0 0 0 1 1 1 2 255 50 1 2 1 0 0 1 0 0 1 3 1 1 1 0 0 1 1 1 1 1 1 1 244 1 1 1 1 0 0 0 1 1 1 1 1 1 1 1 1 1 1 1 1 0 0 1 1 1 1 1 1 1 1 1 1 1 1 1 1 1 1 1 1 0 0 0 0 1 1 158 228 53 16 16 25 235 13 1 1 1 1 1 1 1 1 1 1 1 1 1 1 1 1 1 1 1 1 152 1 1 1 1 0 0 0 0 0 0 0 0 1 1 1 1 0 0 0 0 1 1 1 1 16 1 0 0 0 1 1 0 1 1 2
1 1 1 0 0 0 0 0 0 0 0 0 0 0 0 0 0 0 0 0 0 0 0 0 0 0 0 0 0 0 0 0 0 0 0 0 0 0 0 0 0 0 0 0 0 0 0 0 0 0 0 0 0 0 0 0 0 0 0 0 0 1 1 1 2 1 1 1 0 0 0 1 1 1 1 2 2 1 1 1 23 254 222 254 251 242 184 4 1 1 1 0 0 0 2 68 1 1 1 1 1 1 6 24 6 29 32 8 1 1 3 3 2 5 11 5 1 1 3 1 1 43 154 1 1 1 1 1 0 0 0 1 1 1 2 1 0 0 1 13 1 1 1 1 0 0 1 1 2 5 3 0 0 0 0 0 0 0 0 0 0 0 0 0 1 1 1 1 0 0 0 0 1 22 204 1 1 1 0 0 0 0 0 0 0 0 1 0 0 0 0 0 0 0 0 0 0 0 0 0 0 0 0 0 0 0 0 0 0 0 0 0 1 1 1 7 205 4 1 1 1 1 1 0 0 0 0 0 0 0 0 0 0 0 0 0 0 0 0 0 0 0 0 0 0 0 0 0 0 0 0 0 0 0 0 0 0 1 0 0 0 0 1 4 236 1 0 0 0 0 0 0 0 0 0 0 0 0 0 0 0 0 1 1 1 1 0 0 0 1 0 0 0 1 1 2 1 1 175 218 2 31 60 39 12 1 1 1 1 1 1 1 1 1 1 1 3 12 8 3 6 1 1 1 1 0 0 0 1 4 16 1 1 1 1 0 0 0 1 1 1 1 1 1 1 1 1 233 171 252 1 0 0 1 1 1 1 0 0 0 0 0 0 0 1 1 1 1 1 0 0 0 1 1 1 1 45 255 1 1 2 1 0 0 1 0 0 2 1 1 1 1 0 0 0 0 0 1 1 1 5 242 1 1 0 0 0 0 1 1 1 1 1 1 1 1 1 1 1 1 1 1 1 1 1 1 1 1 1 1 1 1 1 1 1 1 1 1 1 1 1 1 1 1 1 1 1 1 1 21 224 232 232 230 158 1 1 1 1 1 1 1 1 1 1 1 1 1 1 1 1 1 1 1 1 5 140 1 1 1 1 1 1 0 0 0 0 0 1 1 0 0 0 0 0 0 0 1 1 1 1 21 1 0 1 1 1 1 1 1 2 123
0 1 1 1 1 1 1 0 0 0 0 0 0 0 0 1 1 1 1 1 1 0 0 0 0 0 0 0 0 0 0 0 0 0 0 0 0 0 0 0 0 0 0 0 0 0 0 0 0 0 0 0 0 0 0 0 0 1 1 1 0 0 0 0 1 1 1 2 1 1 1 1 1 0 1 1 1 3 1 1 93 251 225 81 237 246 242 242 211 12 1 1 1 1 62 4 1 1 2 2 1 2 23 101 11 1 1 0 0 1 1 1 1 1 1 3 11 15 1 1 1 171 14 1 0 0 1 1 1 0 0 0 1 1 1 2 1 1 5 3 1 0 1 0 0 1 1 2 1 10 1 0 0 0 0 0 1 1 1 1 1 1 1 1 1 0 0 0 0 0 0 0 1 213 6 1 1 1 0 0 0 0 0 0 0 1 1 0 0 0 0 0 0 0 0 0 0 0 0 0 0 0 0 0 0 0 0 0 0 0 0 0 0 1 1 1 79 170 1 1 1 1 1 1 0 0 0 0 0 0 0 0 0 0 0 0 0 0 0 0 0 0 0 0 0 0 0 0 0 0 0 0 0 0 0 0 0 1 0 0 0 0 1 145 194 1 0 0 0 0 0 0 0 0 0 0 0 0 0 0 0 0 1 1 1 0 0 0 1 1 0 0 0 1 1 1 1 3 241 59 1 1 1 25 55 49 16 1 1 1 1 1 2 1 1 1 1 1 1 7 4 1 1 0 1 1 0 1 1 35 1 1 1 1 1 1 0 1 1 1 1 1 1 1 1 0 114 208 255 5 1 1 1 1 1 1 0 0 0 0 0 0 0 0 0 0 0 1 1 1 1 1 1 1 0 1 252 230 1 1 2 1 1 1 1 0 0 1 3 3 2 1 1 0 0 0 1 1 1 1 211 150 1 0 0 0 1 1 1 1 1 1 1 1 1 1 1 1 1 1 1 1 1 1 1 1 1 1 1 1 0 0 0 1 1 1 1 1 1 1 1 1 1 1 1 1 1 1 1 1 1 1 1 1 1 1 0 0 0 0 0 1 1 1 1 1 1 1 1 1 1 1 1 1 1 117 21 1 1 1 0 0 1 0 0 0 0 0 1 0 0 0 0 0 0 0 0 1 1 1 1 21 1 1 1 1 1 1 1 33 129 4
1 1 1 1 0 1 1 1 1 1 1 1 1 1 1 1 0 0 0 0 0 0 0 0 0 0 0 0 0 0 0 0 0 0 0 0 0 0 0 0 0 0 0 0 0 0 0 0 0 0 0 0 0 0 0 0 0 0 0 1 1 1 0 0 0 0 1 1 1 2 2 2 1 0 1 0 0 1 3 1 246 133 1 1 1 59 227 250 250 242 227 34 1 1 80 1 0 1 2 33 28 20 1 11 44 7 1 0 0 1 1 1 3 1 1 1 1 10 14 7 27 166 1 1 1 1 1 1 1 1 1 0 0 0 1 1 1 3 8 1 0 1 1 1 1 1 2 1 13 1 1 0 0 1 1 1 1 0 0 0 0 0 0 0 0 0 0 0 0 0 0 1 179 80 1 1 1 0 0 0 0 0 0 0 0 1 0 0 0 0 0 0 0 0 0 0 0 0 0 0 0 0 0 0 0 0 0 0 0 0 0 0 0 0 1 1 1 167 86 1 1 1 0 1 0 0 0 0 0 0 0 0 0 0 0 0 0 0 0 0 0 0 0 0 0 0 0 0 0 0 0 0 0 0 0 0 0 1 0 0 0 0 3 235 1 0 0 0 0 0 0 0 0 0 0 0 0 0 0 0 0 1 1 0 0 0 1 1 0 0 0 0 0 1 1 1 1 53 243 1 0 1 0 1 1 16 51 62 20 1 1 2 1 1 1 1 0 1 1 1 1 2 3 2 1 1 1 1 5 17 1 1 1 0 1 1 1 1 1 1 1 0 1 1 1 1 229 250 213 1 1 1 1 1 1 0 0 0 0 0 0 0 0 0 0 0 0 0 0 0 1 1 1 1 1 1 255 2 1 1 2 1 1 1 1 1 1 1 1 1 1 4 5 5 2 1 1 0 1 1 244 1 1 1 0 0 1 1 1 1 1 1 0 1 1 1 0 1 1 1 1 1 1 0 0 0 0 0 0 0 0 0 0 0 0 0 0 0 0 1 1 1 1 1 1 1 1 1 1 1 1 1 1 1 1 1 1 1 1 1 1 1 1 1 0 0 0 0 0 0 0 1 1 1 1 154 1 1 1 1 1 0 1 0 0 0 0 0 1 0 0 0 1 0 0 0 0 1 1 1 1 13 3 2 1 1 1 40 132 80 1 1
9 1 1 1 1 1 1 1 1 1 0 0 0 0 0 0 0 0 0 0 0 0 0 0 0 0 0 0 0 0 0 0 0 0 0 0 0 0 0 0 0 0 0 0 0 0 0 0 0 0 0 0 0 0 0 0 0 0 0 0 0 1 1 1 1 1 0 0 1 1 1 1 2 1 1 1 1 1 6 36 252 1 1 1 1 1 1 1 149 251 248 240 236 182 54 2 4 21 17 1 1 1 1 1 1 22 46 14 1 1 1 1 3 1 1 1 5 1 1 2 175 183 9 1 1 1 1 1 1 1 1 0 0 0 0 0 1 9 1 0 1 1 0 1 1 1 1 10 1 1 0 0 1 1 0 0 0 0 0 0 0 0 0 0 0 0 0 0 0 0 1 70 186 1 1 1 1 0 0 0 0 0 0 0 0 1 0 0 0 0 0 0 0 0 0 0 0 0 0 0 0 0 0 0 0 0 0 0 0 0 0 0 0 0 0 1 1 4 202 10 1 1 1 1 1 0 0 0 0 0 0 0 0 0 0 0 0 0 0 0 0 0 0 0 0 0 0 0 0 0 0 0 0 0 0 0 0 1 0 0 0 0 119 209 1 0 0 0 0 0 0 0 0 0 0 0 0 0 0 0 0 0 1 1 1 1 1 0 0 0 0 0 1 1 1 1 1 230 160 1 1 1 0 0 0 1 1 8 45 74 29 3 1 1 1 1 1 1 1 1 1 1 1 1 2 3 1 2 27 1 1 1 1 1 1 1 1 1 1 1 1 1 1 1 1 38 239 253 1 1 1 1 1 1 0 0 0 0 0 0 0 0 0 0 0 0 0 0 0 0 0 0 1 1 1 214 255 1 1 1 1 2 1 1 1 1 1 1 1 1 1 1 1 1 2 5 5 5 2 1 244 1 1 1 0 1 1 1 1 1 0 0 0 1 0 0 0 0 0 1 1 1 1 1 1 0 0 0 0 0 0 0 0 0 0 0 0 0 0 0 1 1 0 1 1 1 1 1 1 1 1 1 1 1 1 1 1 1 1 1 1 1 1 1 1 1 1 1 1 1 1 0 0 1 3 149 1 1 1 1 1 1 1 1 1 1 1 1 1 0 0 1 1 1 1 1 1 1 1 1 1 2 150 127 130 131 132 72 1 1 1 1
40 45 24 23 22 19 8 2 1 1 1 1 1 1 1 1 0 0 0 0 0 0 0 0 0 0 0 0 0 0 0 0 0 0 0 0 0 0 0 0 0 0 0 0 0 0 0 0 0 0 0 0 0 0 0 0 0 0 0 0 0 0 1 1 1 1 1 1 1 1 0 0 1 1 1 2 2 2 1 220 217 5 4 5 5 4 1 1 1 1 130 248 245 235 235 174 26 2 1 1 1 1 1 1 1 1 1 13 55 38 2 1 1 2 1 1 8 1 1 10 199 24 98 104 14 1 1 1 0 0 0 0 0 0 0 1 6 2 1 0 1 1 0 1 1 2 5 3 1 1 0 1 1 0 0 0 1 1 0 0 0 0 0 0 0 0 0 0 0 0 4 212 3 1 1 1 0 0 0 0 0 0 0 0 1 0 0 0 0 0 0 0 0 0 0 0 0 0 0 0 0 0 0 0 0 0 0 0 0 0 0 0 0 0 0 1 1 1 38 188 2 1 1 1 1 1 1 1 1 1 0 0 0 0 0 0 0 0 0 0 0 0 0 0 0 0 0 0 0 0 0 0 0 0 0 0 1 1 0 0 0 1 235 4 0 0 0 0 0 0 0 0 0 0 0 0 0 0 0 0 1 1 1 1 1 1 0 0 0 0 0 0 1 0 1 1 4 248 1 1 1 1 1 1 0 0 1 1 1 4 54 71 27 7 1 1 1 1 1 1 1 0 0 0 1 1 1 13 20 1 1 1 1 1 1 0 1 1 1 0 1 1 1 1 1 231 255 13 1 1 1 1 1 1 1 0 0 0 0 0 0 0 0 0 0 0 0 0 0 0 0 1 1 1 1 255 184 1 1 1 1 2 1 1 1 1 1 1 1 1 1 1 1 1 1 1 1 1 2 12 244 1 1 1 1 1 1 1 1 0 0 0 1 1 0 0 0 0 0 0 1 1 1 1 1 1 1 0 0 0 0 0 0 0 0 0 0 0 0 1 1 0 0 0 0 0 0 0 0 0 0 1 1 1 1 1 1 1 1 1 1 1 1 1 1 1 1 1 1 1 1 1 1 1 1 110 153 155 155 154 144 93 15 1 1 1 1 1 1 1 1 1 1 1 1 1 1 1 1 1 1 1 149 1 1 1 1 1 1 1 1 0
1 21 1 1 1 2 8 19 23 22 11 3 2 2 2 1 1 1 1 1 1 1 1 1 1 0 0 0 0 0 0 0 0 0 0 0 0 0 0 0 0 0 0 0 0 0 0 0 0 0 0 0 0 0 0 0 0 0 0 0 0 0 0 0 0 0 0 1 1 1 1 1 1 0 1 1 1 1 1 252 31 1 1 0 1 1 4 4 1 2 1 1 130 251 192 224 237 137 3 1 1 1 1 1 1 0 0 1 1 6 63 57 10 3 1 3 3 1 1 163 93 1 1 2 58 84 20 1 1 1 0 0 0 1 1 2 4 1 1 0 1 1 1 1 2 1 11 1 1 0 0 1 0 0 0 0 1 1 0 0 0 0 0 0 0 0 0 0 0 0 196 44 1 1 1 1 0 0 0 0 0 0 0 0 1 0 0 0 0 0 0 0 0 0 0 0 0 0 0 0 0 0 0 0 0 0 0 0 0 0 0 0 0 0 0 0 1 1 1 143 118 1 1 1 1 0 0 1 1 1 1 1 1 1 1 0 0 0 0 0 0 0 0 0 0 0 0 0 0 0 0 0 0 0 0 0 1 0 0 0 1 116 206 1 0 0 0 0 0 0 0 0 0 0 0 0 1 1 1 1 1 0 0 0 0 1 1 0 0 0 0 1 1 0 1 1 202 212 1 1 1 1 1 1 1 1 1 1 1 1 2 5 39 60 46 20 7 1 1 1 1 1 0 0 1 1 1 36 4 1 1 1 1 1 1 1 1 1 1 1 1 1 1 1 221 249 242 1 1 1 1 0 0 1 1 1 1 0 0 0 0 0 0 0 0 0 0 0 0 0 0 1 1 1 159 255 174 82 4 1 1 3 1 0 0 1 1 0 0 1 1 1 1 1 1 1 1 1 1 200 184 1 1 1 1 1 1 1 1 0 0 0 1 0 0 0 0 0 0 0 0 0 1 1 1 0 1 1 1 0 0 0 0 0 0 0 0 0 0 1 0 0 0 0 0 0 0 0 0 0 0 0 1 1 0 1 1 1 1 1 1 1 1 1 1 1 1 1 1 1 1 1 1 1 1 1 1 1 1 1 4 47 124 152 154 154 139 107 132 83 11 1 1 1 1 1 1 1 1 1 1 1 149 1 1 1 1 1 1 1 1 1
1 20 1 0 1 1 1 1 1 1 6 18 22 21 23 23 22 18 7 5 17 24 24 20 6 1 1 0 0 0 0 0 0 0 0 0 0 0 0 0 0 0 0 0 0 0 0 0 0 0 0 0 0 0 0 0 0 0 0 0 0 0 0 0 0 0 0 0 0 0 0 1 1 1 1 1 0 0 22 252 1 0 0 0 0 0 1 2 10 10 2 1 11 25 235 249 254 248 240 173 7 1 1 1 1 1 1 1 1 1 1 6 48 76 5 7 1 1 3 206 3 1 0 1 1 1 20 60 23 1 1 1 1 1 4 3 1 1 0 0 0 1 1 2 1 11 1 1 1 0 1 1 0 0 0 0 1 1 1 0 0 0 0 0 0 0 0 0 0 1 213 10 1 1 1 0 0 0 0 0 0 0 0 1 1 0 0 0 0 0 0 0 0 0 0 0 0 0 0 0 0 0 0 0 0 0 0 0 0 0 0 0 0 0 0 0 0 1 1 2 199 19 1 1 1 1 1 1 1 1 1 0 0 1 1 0 0 0 0 0 0 0 0 0 0 0 0 0 0 0 0 0 0 0 0 0 1 0 0 0 1 233 8 0 0 0 0 0 0 0 0 0 0 1 1 1 1 0 0 0 0 0 0 0 0 0 1 1 0 0 0 1 0 0 1 8 244 17 0 0 1 1 0 0 0 1 1 1 1 1 1 1 2 7 31 47 58 41 19 9 1 1 1 1 1 1 1 52 1 1 1 1 1 1 1 1 1 1 1 1 1 1 2 221 219 252 1 1 1 1 0 0 0 0 1 1 1 1 0 0 0 0 0 0 0 0 0 0 0 0 0 0 1 1 252 232 16 180 6 5 1 3 1 1 0 1 1 0 0 1 1 1 1 0 0 1 1 1 1 243 10 2 1 1 1 1 1 1 0 0 0 1 1 0 0 0 0 0 0 0 0 0 0 1 1 1 1 0 1 1 1 0 0 0 0 0 0 0 1 1 0 0 0 0 0 0 0 0 0 0 0 0 0 0 0 1 1 0 1 1 0 0 0 0 1 1 1 1 1 1 1 1 1 1 1 1 1 1 1 1 1 1 1 1 1 1 6 31 10 57 128 151 153 153 153 149 119 69 29 18 28 75 152 1 1 0 1 1 1 1 1 1
1 20 1 0 0 0 0 0 0 0 1 1 1 1 1 1 1 2 8 12 3 1 1 2 10 22 12 1 1 1 0 0 0 0 0 0 0 0 0 0 0 0 0 0 0 0 0 0 0 0 0 0 0 0 0 0 0 0 0 0 0 0 0 0 0 0 0 0 0 0 0 0 1 1 1 1 1 1 235 202 2 1 1 0 0 0 1 2 1 1 6 11 6 1 1 1 5 237 254 251 242 201 19 1 1 1 1 1 1 1 1 1 1 5 105 52 4 1 123 144 1 0 0 0 0 0 1 1 24 19 7 8 8 6 2 1 1 0 0 0 0 0 1 2 2 6 1 1 0 1 1 0 0 0 0 0 1 0 1 1 1 0 0 0 0 0 0 0 0 1 87 174 2 1 1 1 0 0 0 0 0 0 0 1 0 0 0 0 0 0 0 0 0 0 0 0 0 0 0 0 0 0 0 0 0 0 0 0 0 0 0 0 0 0 0 0 0 1 1 1 24 194 3 1 1 1 1 1 1 1 1 1 1 1 1 1 1 1 0 0 1 1 1 1 1 0 0 0 0 1 0 0 0 0 0 1 1 0 0 1 102 212 1 0 0 0 0 0 0 0 1 1 1 1 0 0 0 0 0 0 0 0 0 0 0 0 0 1 1 0 1 1 0 0 1 168 228 1 0 1 1 1 0 0 0 1 1 1 1 1 1 1 2 2 1 3 6 21 58 65 42 23 11 1 1 1 27 8 1 1 1 1 1 0 0 1 1 1 1 1 1 51 229 217 252 1 1 1 1 1 0 0 0 0 0 1 1 1 1 0 0 0 0 0 0 0 0 0 0 0 0 0 1 4 255 7 25 18 146 7 2 4 1 1 1 1 1 0 1 1 0 0 0 0 1 1 1 1 1 242 29 5 1 1 1 1 1 1 1 1 1 1 0 0 0 0 0 0 0 0 0 0 0 0 0 1 1 1 1 0 1 1 1 1 0 0 0 1 1 0 0 0 0 0 0 0 0 0 0 0 0 0 0 0 0 1 1 0 0 1 1 0 0 0 0 0 0 0 0 0 1 1 1 0 0 0 0 1 1 1 1 1 1 1 1 1 1 1 1 1 1 1 1 1 1 2 18 71 106 116 104 58 1 1 1 1 1 210 253 254 255 255
4 12 1 0 0 0 0 0 0 0 0 0 0 0 0 0 0 0 0 0 0 0 0 1 1 1 5 21 11 2 1 1 1 1 1 0 0 0 0 0 0 0 0 0 0 0 0 0 0 0 0 0 0 0 0 0 0 0 0 0 0 0 0 0 0 0 0 0 0 0 0 0 0 0 1 1 1 1 254 7 2 1 1 1 0 0 1 1 0 0 0 1 1 1 1 1 1 1 2 219 254 251 242 219 34 1 1 1 1 1 2 1 1 1 50 4 21 46 208 9 1 0 0 0 0 1 1 11 10 1 1 1 1 1 1 1 1 0 0 0 0 1 2 1 12 1 0 1 1 1 0 0 0 0 0 0 1 0 0 0 1 1 0 0 0 0 0 0 0 0 1 135 147 1 1 1 0 0 0 0 0 0 0 1 0 0 0 0 0 0 0 0 0 0 0 0 0 0 0 0 0 0 0 0 0 0 0 0 0 0 0 0 0 0 0 0 0 0 1 1 1 129 132 1 1 1 1 1 1 1 1 1 1 1 1 1 1 2 7 46 134 192 212 214 214 202 78 2 1 1 1 0 1 1 1 1 1 0 0 1 234 13 0 0 0 0 0 1 1 1 1 0 0 0 0 0 0 0 0 0 0 0 0 0 0 0 0 0 1 1 1 0 0 0 1 237 112 0 0 1 1 0 0 0 0 1 1 1 1 1 1 1 3 1 1 1 1 5 3 2 26 54 61 46 28 18 64 1 1 1 1 1 1 0 0 1 1 1 1 1 178 221 237 252 2 1 1 1 0 1 1 0 0 0 0 0 1 1 1 1 0 0 0 0 0 0 0 0 0 0 0 0 1 232 252 4 12 1 95 133 26 2 2 2 1 1 0 0 1 1 0 0 0 1 1 1 1 1 1 240 87 24 44 48 23 1 1 0 0 0 1 1 1 1 1 0 0 0 0 0 0 0 0 0 0 0 0 1 1 1 0 0 1 1 1 1 1 1 0 0 0 0 0 0 0 0 0 0 0 0 0 0 0 0 0 1 0 0 0 0 1 1 1 1 1 1 1 0 0 0 0 1 1 1 1 1 1 1 0 0 0 0 0 0 0 0 0 0 1 1 1 1 1 1 1 1 1 1 1 1 1 1 1 1 1 1 254 255 251 230 159 226
22 1 1 0 0 0 0 0 0 0 0 0 0 0 0 0 0 0 0 0 0 0 0 0 0 1 1 1 4 18 22 20 21 23 21 7 1 1 0 0 0 0 0 0 0 0 0 0 0 0 0 0 0 0 0 0 0 0 0 0 0 0 0 0 0 0 0 0 0 0 0 0 0 0 0 0 0 15 252 1 1 1 1 1 0 1 1 1 0 0 0 0 1 0 1 1 1 1 1 1 2 187 254 254 245 232 63 2 1 1 2 1 1 1 25 12 1 95 199 1 1 0 0 0 0 1 5 2 1 1 0 0 1 1 1 1 0 0 0 0 1 2 1 5 3 0 1 1 1 0 0 0 0 0 0 0 1 1 0 0 0 1 1 1 0 0 0 0 0 0 0 1 143 158 1 1 0 0 0 0 0 0 1 1 0 0 0 0 0 0 0 0 0 0 0 0 0 0 0 0 0 0 0 0 0 0 0 0 0 0 0 0 0 0 0 0 0 0 1 1 1 1 189 45 1 1 1 1 1 1 1 1 8 136 193 209 215 217 215 197 144 54 12 6 8 39 182 220 220 214 205 77 1 1 1 1 1 1 1 196 168 1 0 0 1 1 1 1 0 0 0 0 0 0 0 0 0 0 0 0 0 0 0 0 0 0 0 0 0 0 1 0 0 0 79 238 7 1 1 1 1 0 0 0 1 1 1 1 1 1 0 1 4 1 0 1 1 7 4 1 1 1 2 26 51 82 110 49 1 1 1 1 1 0 1 1 1 1 31 231 178 252 247 1 1 1 1 0 0 0 1 1 1 0 0 0 0 0 1 1 1 0 0 0 0 0 0 0 0 0 1 1 1 252 229 20 1 1 1 40 189 10 1 1 2 1 1 1 1 1 1 1 1 1 1 1 1 1 20 196 236 230 2 1 8 38 2 1 1 0 0 0 0 0 1 1 1 1 1 1 0 0 0 0 0 0 0 0 1 1 1 1 0 0 0 1 1 1 1 1 1 1 0 0 0 0 0 0 0 0 0 0 0 0 0 1 0 0 0 0 0 0 1 1 0 0 1 1 1 1 1 1 1 1 0 0 0 0 0 0 0 0 0 0 0 0 0 0 1 1 1 1 0 0 0 0 1 1 1 1 1 1 1 1 1 246 254 2 1 1 1 71
23 1 1 1 0 0 0 0 0 0 0 0 0 0 0 0 0 0 0 0 0 0 0 0 0 0 0 0 1 1 1 1 1 1 1 9 13 2 1 1 0 0 1 1 1 1 0 0 0 0 0 0 0 0 0 0 0 0 0 0 0 0 0 0 0 0 0 0 0 0 0 0 0 0 0 0 1 240 182 1 1 1 1 0 0 1 2 1 0 0 0 1 1 0 1 0 0 0 1 1 1 1 2 145 252 254 245 237 99 6 1 1 1 11 2 24 1 221 35 1 0 0 0 0 0 0 1 0 1 1 1 1 1 1 1 1 0 0 0 0 1 2 1 11 1 0 1 0 0 0 0 0 0 0 0 0 0 1 1 0 0 0 0 1 1 1 0 0 0 0 0 0 1 149 134 1 0 0 0 0 0 0 1 0 0 0 0 0 0 0 0 0 0 0 0 0 0 0 0 0 0 0 0 0 0 0 0 0 0 0 0 0 0 0 0 0 0 0 0 1 1 1 6 202 71 11 3 2 2 3 31 194 207 129 33 5 1 1 1 1 1 1 1 1 1 1 1 1 2 5 27 209 225 213 203 153 13 1 1 235 1 1 1 1 1 0 0 0 0 0 0 0 0 0 0 0 0 0 0 1 1 0 0 0 0 0 0 0 1 1 1 1 1 1 109 234 55 118 57 1 1 1 0 0 1 1 1 1 1 0 1 1 5 1 1 1 1 9 3 7 9 4 1 1 1 59 101 130 82 13 2 9 40 41 2 1 11 220 227 172 253 168 1 1 1 1 0 0 0 0 0 0 1 1 0 1 1 1 1 1 1 1 1 0 0 0 0 0 0 0 1 1 70 252 164 3 15 1 1 1 30 161 8 1 2 3 2 1 1 1 1 1 1 1 1 1 2 5 185 3 1 191 191 1 1 2 31 23 1 1 1 1 0 0 0 0 0 0 0 1 1 1 1 1 1 1 1 0 0 0 1 1 1 1 0 1 1 0 0 1 1 1 1 1 1 1 1 1 1 1 1 1 1 1 1 1 0 0 0 0 1 1 1 1 1 1 1 1 1 1 1 1 1 0 0 0 0 0 0 0 0 0 0 0 0 1 1 1 1 1 1 0 0 0 0 0 1 1 1 1 0 1 1 1 8 255 23 2 1 1 1 1
23 1 1 1 0 0 0 0 0 0 1 0 0 0 0 0 0 0 0 0 0 0 0 0 0 0 0 0 0 0 0 0 0 0 1 1 3 17 5 1 1 1 1 1 1 3 2 1 1 0 0 0 0 0 0 0 0 0 0 0 0 0 0 0 0 0 0 0 0 0 0 0 0 0 0 1 1 255 3 1 1 1 1 0 0 1 2 0 0 0 1 1 0 1 1 1 0 0 0 0 1 1 1 1 1 93 251 254 248 242 140 4 1 15 1 22 49 221 1 1 0 0 0 0 0 1 0 0 0 0 1 1 1 1 1 0 0 0 0 1 2 1 10 1 0 1 1 0 0 0 0 0 0 0 0 0 0 0 1 0 0 0 0 0 1 1 0 0 0 0 0 0 1 5 215 1 1 0 0 0 0 0 1 0 0 0 0 0 0 0 0 0 0 0 0 0 0 0 0 0 0 0 0 0 0 0 0 0 0 0 0 0 0 0 0 0 0 0 0 0 0 1 1 13 177 207 208 191 171 207 194 30 1 1 1 1 1 1 0 1 1 1 1 1 1 1 1 1 1 1 14 2 3 34 73 150 222 225 244 201 13 1 1 1 0 0 0 0 0 0 0 0 0 0 0 0 0 0 0 1 1 0 0 0 0 0 0 1 1 1 1 1 1 1 106 244 225 168 146 167 104 1 1 1 1 1 1 1 1 1 1 6 1 1 1 1 6 2 1 1 1 2 7 9 8 40 1 3 112 75 31 17 2 4 194 222 232 109 239 252 6 1 1 1 1 1 0 0 0 0 0 0 0 1 1 1 0 0 0 0 1 1 1 1 0 0 0 0 0 1 1 1 249 246 1 1 4 15 1 5 1 64 171 163 79 28 11 6 3 2 2 2 2 2 2 1 2 163 41 1 6 238 13 1 1 1 1 4 33 3 1 1 1 1 1 1 0 1 1 0 0 0 0 0 0 0 1 1 1 1 1 1 1 1 1 1 0 0 0 0 0 0 0 0 0 0 0 0 1 1 1 1 1 1 1 1 1 1 1 0 1 1 1 1 1 1 0 0 0 1 1 1 1 0 0 0 0 0 0 0 0 0 1 1 1 1 0 0 1 1 1 1 1 1 1 1 1 0 0 0 0 1 0 0 230 254 1 1 1 1 1 1
43 44 4 1 1 4 6 6 2 1 1 0 0 0 0 0 0 0 0 0 0 0 0 0 0 0 0 0 0 0 0 0 0 0 0 1 1 1 10 20 17 11 6 8 19 12 17 3 1 1 0 0 0 0 0 0 0 0 0 0 0 0 0 0 0 0 0 0 0 0 0 0 0 0 0 1 1 255 1 1 0 0 0 0 1 2 1 1 0 1 21 82 4 1 1 1 0 0 0 0 0 0 0 1 1 1 1 48 245 254 251 245 191 43 1 21 214 105 1 1 0 0 0 0 1 1 0 0 0 0 0 0 1 1 1 0 0 0 1 2 1 6 2 1 1 1 0 0 0 0 0 0 0 0 0 0 0 0 1 0 0 0 0 0 0 1 0 0 0 0 0 0 1 3 216 1 1 0 0 0 0 1 1 0 0 0 0 0 0 0 0 0 0 0 0 0 0 0 0 0 0 0 0 0 0 0 0 0 0 0 0 0 0 0 0 0 0 0 0 0 0 0 0 1 1 1 4 36 75 4 1 1 1 1 1 1 1 1 1 1 1 1 1 1 1 1 1 1 2 2 15 1 1 1 1 1 1 6 110 250 243 231 17 1 1 0 0 0 0 0 0 0 0 0 0 0 0 0 0 0 0 0 1 1 0 0 1 10 137 93 4 1 1 9 203 207 89 97 168 111 57 167 127 2 1 1 1 1 1 1 1 7 1 1 1 1 11 1 1 1 1 1 1 1 37 4 1 1 1 100 125 6 1 96 163 47 133 252 242 1 1 28 117 24 2 1 1 1 1 0 0 0 0 1 1 0 0 0 0 0 0 1 1 1 1 0 0 0 0 1 0 2 252 227 1 1 1 11 28 2 1 1 1 13 113 160 175 188 162 44 12 4 1 1 1 1 163 21 1 2 228 103 1 1 1 1 1 1 1 25 35 39 32 11 2 1 1 1 1 1 1 1 1 1 0 0 0 0 0 0 0 0 1 1 1 1 1 0 0 0 0 0 0 0 0 0 0 0 0 0 1 1 0 0 0 0 0 1 1 1 1 1 1 1 1 1 1 1 1 1 1 1 1 1 0 0 0 0 0 1 1 1 1 0 0 0 0 0 1 1 1 1 1 0 1 1 0 0 0 0 0 1 0 1 255 212 1 1 1 1 1 1
0 1 53 5 4 1 1 1 3 6 2 1 0 0 0 0 0 0 0 0 0 0 0 0 0 0 0 0 0 0 0 0 0 0 0 0 0 1 1 1 2 5 8 6 1 1 1 13 8 1 1 0 0 0 0 0 0 0 0 0 0 0 0 0 0 0 0 0 0 0 0 0 0 0 0 1 3 255 1 1 1 0 0 0 1 1 1 1 1 6 56 32 18 1 1 1 0 0 1 1 0 0 0 0 0 1 1 1 1 22 239 254 248 245 234 245 245 12 1 1 1 1 0 0 1 1 1 1 1 0 0 0 0 0 0 0 0 1 1 1 3 5 1 1 1 0 0 1 0 0 0 0 0 0 0 0 0 0 1 1 0 0 0 0 0 1 0 0 0 0 0 0 0 12 210 1 1 1 0 0 0 1 0 0 0 0 0 0 0 0 0 0 0 0 0 0 0 0 0 0 0 0 0 0 0 0 0 0 0 0 0 0 0 0 0 0 0 0 0 0 0 0 0 1 1 1 1 1 1 1 1 1 1 0 0 0 1 1 1 1 1 1 1 1 1 1 1 1 1 1 9 1 1 1 1 1 1 1 1 1 141 99 237 180 1 0 0 1 0 0 0 0 0 0 0 0 0 0 0 0 0 0 0 1 1 1 12 134 3 41 134 147 93 207 57 203 3 1 1 191 1 1 30 162 144 4 1 1 1 1 1 9 1 1 1 4 4 0 1 1 1 1 1 1 31 1 1 1 1 1 138 80 128 199 115 250 253 134 1 1 60 77 3 99 9 2 1 1 1 0 0 0 0 0 1 1 0 0 0 0 0 0 1 1 1 1 1 0 0 1 1 230 249 112 1 0 1 1 6 35 1 1 1 1 1 1 1 1 22 146 166 110 17 11 6 137 45 1 1 217 149 1 0 0 0 1 1 1 1 1 1 1 2 11 30 36 37 34 20 4 1 1 1 1 1 1 1 0 0 0 0 0 0 0 0 1 1 1 1 0 0 0 0 0 0 0 0 0 0 0 1 1 0 1 1 1 1 1 0 1 0 0 0 0 0 1 1 1 1 1 1 1 1 1 1 0 1 1 1 1 0 0 0 0 0 0 0 1 1 1 1 0 0 0 0 0 0 1 0 0 0 1 0 98 255 1 1 1 1 1 1 1
0 1 31 0 0 0 0 0 1 1 3 6 3 1 1 0 0 0 0 0 0 0 0 0 0 0 0 0 0 0 0 0 0 0 0 0 0 0 0 0 0 0 0 0 0 0 1 1 6 17 1 1 0 0 0 0 0 0 0 0 0 0 0 0 0 0 0 0 0 0 0 0 0 0 0 1 12 251 40 1 1 0 0 1 1 1 1 1 1 80 1 65 3 0 1 1 34 73 76 76 20 1 1 0 0 0 1 1 1 1 1 11 232 252 245 167 245 186 1 1 1 1 0 0 1 1 1 1 1 1 1 1 0 0 0 0 0 1 2 1 12 1 1 1 1 1 1 1 0 0 0 0 0 0 0 0 0 0 0 1 1 0 0 0 0 1 0 0 0 0 0 0 0 58 190 1 1 1 0 0 0 1 0 0 0 0 0 0 0 0 0 0 0 0 0 0 0 0 0 0 0 0 0 0 0 0 0 0 0 0 0 0 0 0 0 0 0 0 0 0 0 1 1 1 0 0 0 0 1 1 1 0 0 0 0 0 0 1 1 1 1 1 0 0 0 0 1 1 2 2 6 2 2 2 2 1 1 1 1 1 1 136 87 239 2 1 1 1 1 1 1 1 1 0 0 0 0 0 0 0 0 0 0 0 0 1 23 112 1 1 1 1 43 203 124 209 1 1 1 189 1 1 1 1 13 152 163 124 85 54 54 31 17 2 1 14 1 1 1 1 1 1 1 22 3 1 1 1 1 1 38 242 211 243 253 225 2 1 2 88 47 1 1 5 91 4 1 1 1 0 0 0 0 0 1 1 0 0 0 0 0 0 0 0 1 1 1 1 1 1 1 250 235 1 1 0 0 1 1 4 43 2 1 1 1 1 1 1 1 1 1 70 161 116 118 117 1 1 199 185 1 1 0 1 0 0 1 1 1 1 1 1 1 1 1 1 1 1 5 21 34 38 37 21 3 1 1 1 1 1 1 1 0 1 1 1 1 1 1 1 1 0 0 0 0 0 0 1 1 1 1 1 1 1 0 0 0 0 0 1 0 0 0 0 0 0 0 0 1 1 1 1 1 1 1 1 1 0 0 0 0 0 0 0 0 1 1 1 1 1 1 1 1 0 0 0 0 1 1 1 0 1 1 253 252 1 1 1 1 1 1 0
0 5 15 0 0 0 0 0 0 0 0 1 2 6 6 5 2 1 1 1 0 0 0 0 0 0 0 0 0 0 0 0 0 0 0 0 0 0 0 0 0 0 0 0 0 0 0 0 1 2 19 4 1 0 1 0 0 0 0 0 0 0 0 0 0 0 0 0 0 0 0 0 0 0 0 1 11 112 246 1 1 1 0 1 1 1 1 1 63 4 1 22 71 65 72 80 62 24 2 1 28 76 78 48 1 0 1 1 0 0 1 1 1 80 254 87 216 245 43 1 1 1 1 1 1 0 1 1 1 1 1 1 0 0 0 0 1 2 1 8 1 1 1 0 0 1 1 1 1 0 0 0 0 0 0 0 0 0 0 0 1 0 0 0 1 1 0 0 0 0 0 0 0 1 213 84 1 1 0 0 1 1 0 0 0 0 0 0 0 0 0 0 0 0 0 0 0 0 0 0 0 0 0 0 0 0 0 0 0 0 0 0 0 0 0 0 0 0 0 1 1 1 0 0 0 0 0 0 0 0 0 0 0 0 0 0 0 0 0 0 0 0 0 0 0 0 1 1 1 1 1 1 1 1 1 1 1 1 1 1 1 1 94 237 219 53 100 52 2 101 210 94 1 1 1 1 1 0 0 0 0 0 0 0 0 1 1 184 37 1 1 1 38 175 244 178 197 20 14 180 1 1 0 1 1 1 2 23 66 46 2 1 2 17 23 16 1 1 1 1 1 1 1 32 1 1 1 1 1 138 206 182 255 242 3 1 1 2 96 26 1 1 1 1 27 61 1 1 1 0 0 0 0 0 0 1 1 0 0 0 0 0 0 0 0 1 1 1 1 1 62 252 214 1 1 0 0 0 0 1 1 40 6 1 1 1 1 1 1 1 1 1 1 102 83 1 1 163 210 1 1 1 1 1 1 1 1 1 1 1 0 0 1 1 1 1 1 1 1 1 1 1 56 171 187 126 32 21 9 1 1 1 1 1 1 1 1 0 0 1 1 1 1 0 0 1 1 1 1 1 1 1 0 0 0 0 0 0 1 1 0 0 0 0 0 0 0 0 0 0 1 1 1 1 1 1 1 1 1 1 0 0 0 0 1 1 0 1 1 1 1 1 1 1 1 1 0 1 1 1 0 1 1 255 20 1 1 1 1 1 1 1
0 31 1 0 0 0 0 0 0 0 0 0 0 1 1 1 3 6 5 4 2 1 1 1 1 1 1 1 1 1 1 1 1 1 1 0 0 0 0 0 0 0 0 0 0 0 0 0 1 1 2 14 1 1 1 1 1 1 1 1 0 0 0 0 0 0 0 0 0 0 0 0 0 0 0 3 4 1 246 93 1 1 0 1 1 1 1 39 19 1 1 2 4 3 3 53 104 17 62 6 13 6 3 116 18 0 0 1 1 1 1 1 1 2 245 252 245 248 251 234 75 1 1 1 1 0 0 1 1 1 1 1 1 1 1 1 1 1 1 12 1 1 1 0 0 0 0 0 1 1 0 0 0 0 0 0 0 0 0 1 1 0 0 0 1 0 0 0 0 0 0 0 0 0 1 177 170 1 0 0 1 0 0 0 0 0 0 0 0 0 0 0 0 0 0 0 0 0 0 0 0 0 0 0 0 0 0 0 0 0 0 0 0 0 0 0 0 1 1 1 0 0 0 0 0 0 0 0 0 0 0 0 0 0 0 0 0 0 0 0 0 0 0 0 0 0 1 0 0 0 0 1 0 0 0 0 1 0 1 1 1 1 1 122 206 237 231 236 243 236 208 239 233 212 211 177 1 1 1 1 0 0 0 0 1 1 67 232 101 77 144 207 183 89 69 251 253 254 249 216 42 1 1 1 1 1 1 1 1 85 2 1 1 1 1 10 1 1 0 1 1 0 2 17 5 1 1 24 206 154 235 253 201 181 58 1 5 62 79 1 1 1 1 1 1 65 22 1 1 1 0 0 0 0 0 0 1 1 1 1 0 0 0 0 0 0 1 1 1 1 241 249 6 1 1 1 1 0 0 0 1 1 35 10 1 1 0 1 1 1 1 13 53 6 1 1 1 242 2 1 1 1 1 1 1 1 1 1 1 1 1 1 1 1 1 1 1 1 1 1 9 141 100 7 4 89 166 153 85 50 38 29 17 4 3 8 2 1 0 0 0 1 1 1 1 1 1 1 0 0 0 0 0 0 0 0 0 0 1 0 0 0 0 0 0 0 0 1 1 1 1 0 0 1 1 1 1 1 1 1 1 0 0 1 1 0 0 1 1 0 1 0 0 0 0 1 1 0 1 1 0 1 237 254 1 1 1 1 1 1 0 1
1 33 0 0 0 0 0 0 0 0 0 0 0 0 0 0 1 1 1 1 3 4 5 5 5 4 5 5 5 4 5 4 4 4 4 1 1 0 0 0 0 0 0 0 0 0 0 0 1 1 8 5 1 0 0 1 1 0 1 1 0 0 0 0 0 0 0 0 0 0 0 0 0 0 1 8 1 1 12 251 19 1 1 0 1 1 21 40 1 10 86 80 80 14 59 1 2 118 98 53 36 42 49 61 79 1 1 0 0 1 1 1 1 1 81 248 82 8 202 245 254 242 123 2 1 1 1 1 0 1 1 1 1 1 1 1 1 1 4 4 1 1 1 1 0 0 0 0 0 1 1 1 1 0 1 1 1 1 1 1 0 0 0 0 1 0 0 0 0 0 0 0 0 0 0 1 219 1 0 1 1 0 0 0 0 0 0 0 0 0 0 0 0 0 0 0 0 0 0 0 0 0 0 0 0 0 0 0 0 0 0 0 0 0 0 1 1 1 0 0 0 0 0 0 0 0 0 0 0 0 0 0 0 0 0 0 0 0 0 0 0 0 0 0 0 0 0 0 0 0 1 1 0 0 0 0 1 0 0 1 0 1 1 2 110 42 47 46 25 3 6 17 168 212 212 169 245 110 39 2 1 1 1 1 1 3 232 117 156 193 146 8 33 16 5 247 3 86 236 253 251 1 1 1 1 1 1 1 1 13 60 1 1 1 0 2 6 1 1 0 1 1 5 1 12 4 144 206 48 233 250 7 1 177 158 58 171 137 43 1 1 1 1 1 1 1 91 4 1 1 0 0 0 0 0 0 0 1 1 1 1 1 1 1 1 1 1 1 1 1 252 227 1 0 0 1 1 1 0 0 1 1 1 24 36 2 1 1 1 2 44 31 2 1 1 1 16 242 161 115 42 9 2 1 1 1 1 1 1 1 1 1 1 1 1 1 1 1 3 101 137 8 4 11 14 13 10 21 108 153 162 170 179 186 183 158 107 24 1 1 1 1 1 1 1 1 1 1 1 0 0 0 0 0 0 0 0 0 1 0 0 0 0 0 0 1 1 1 0 0 0 0 0 0 0 1 1 1 1 1 1 1 1 1 1 1 1 1 1 0 1 0 1 0 0 0 1 0 0 1 0 1 254 240 1 1 1 0 1 1 0 1
1 32 0 0 0 0 0 0 0 0 0 0 0 0 0 0 0 0 0 0 0 0 1 1 1 1 1 1 1 0 1 1 1 1 1 4 5 5 3 1 1 1 0 0 0 0 0 0 1 1 21 1 0 0 0 0 0 0 0 1 1 0 0 0 0 0 0 0 0 0 0 0 0 0 6 1 1 0 1 88 246 15 1 8 73 76 35 1 1 80 1 1 1 120 70 31 63 89 68 61 16 1 0 1 1 1 1 1 0 0 1 1 1 1 1 120 248 31 1 80 167 245 254 245 154 2 1 1 1 1 1 1 1 1 1 1 1 1 1 10 1 1 1 1 0 0 0 0 0 0 0 0 1 1 1 0 0 0 0 0 0 0 0 0 1 0 0 0 0 0 0 0 0 0 0 1 197 39 0 1 0 0 0 0 0 0 0 0 0 0 0 0 0 0 0 0 0 0 0 0 0 0 0 0 0 0 0 0 0 0 0 0 0 1 1 1 0 0 0 0 0 0 0 0 0 0 0 0 0 0 0 0 0 0 0 0 0 0 0 0 0 0 0 0 0 0 0 0 0 1 1 0 0 0 0 0 0 0 0 0 0 0 0 1 33 75 36 4 8 35 46 46 31 3 3 144 92 241 227 209 201 26 1 1 1 232 146 1 1 1 9 72 6 2 235 111 1 15 1 1 253 237 1 1 1 1 1 1 1 1 91 2 1 1 1 1 5 3 1 1 1 4 4 2 71 219 159 122 253 250 1 1 1 3 230 223 7 1 51 1 1 1 1 1 1 1 10 87 1 1 1 1 1 0 0 1 1 0 0 1 1 1 112 123 2 1 0 1 1 167 252 104 0 0 0 0 1 1 0 0 0 0 1 1 3 44 37 4 7 53 71 99 105 69 2 1 181 140 4 31 101 134 151 157 154 143 103 27 5 2 2 3 8 24 64 110 133 148 148 43 1 10 4 1 1 3 5 13 17 18 15 12 4 3 6 22 94 139 25 1 0 1 1 0 1 1 1 1 1 1 1 1 1 1 0 0 0 1 1 0 0 0 1 1 1 1 0 0 0 0 0 0 0 0 0 0 0 1 1 1 1 1 1 1 1 1 1 1 1 1 1 0 1 0 0 0 1 0 0 1 1 71 255 1 1 1 1 0 1 1 0 1
8 11 0 0 0 0 0 0 0 0 0 0 0 0 0 0 0 0 0 0 0 0 1 0 0 0 0 0 0 0 1 0 0 0 0 0 1 1 1 4 5 5 1 1 1 0 0 0 1 2 17 0 0 0 0 0 0 0 0 0 1 0 0 0 0 0 0 0 0 0 0 0 0 1 6 1 1 0 1 1 98 246 11 87 3 1 1 1 3 72 1 0 5 144 80 170 115 80 59 1 21 36 1 1 1 1 1 0 1 0 1 1 1 1 1 1 234 202 1 1 1 1 114 242 251 248 196 5 1 1 1 1 1 1 1 1 1 1 1 11 1 1 1 0 0 0 0 0 0 0 0 0 0 1 1 1 1 1 0 0 0 0 0 1 1 0 0 0 0 0 0 0 0 0 0 1 4 215 0 1 0 0 0 0 0 0 0 0 0 0 0 0 0 0 0 0 0 0 0 0 0 0 0 0 0 0 0 0 0 0 0 1 1 1 0 0 0 0 0 0 0 0 0 0 0 0 0 0 0 0 0 0 0 0 0 0 0 0 0 0 0 0 0 0 0 0 0 0 0 1 0 0 0 0 0 0 0 0 0 0 0 0 0 1 1 1 13 62 73 69 14 2 4 31 45 45 21 2 161 214 223 245 232 233 234 206 6 1 1 23 13 3 74 244 161 1 1 12 1 1 1 255 123 1 1 1 1 1 1 1 5 71 5 5 3 4 5 31 11 10 6 2 4 197 229 196 248 253 86 1 1 1 3 135 161 195 110 3 49 2 1 1 1 1 1 2 3 74 55 1 1 0 1 0 0 1 1 0 0 1 9 148 37 26 160 55 1 1 1 250 236 1 1 1 0 0 1 1 0 0 0 0 0 0 1 1 2 33 61 89 13 1 1 34 80 1 170 228 153 138 124 73 11 2 2 5 39 111 140 148 150 146 138 120 88 49 23 9 7 10 9 1 1 1 102 100 102 103 100 97 103 117 125 135 51 1 1 111 79 6 1 1 1 0 0 0 0 0 1 1 1 1 0 1 1 1 1 1 0 1 1 1 1 0 0 0 0 0 0 0 0 0 0 0 0 0 0 0 1 1 1 1 1 1 1 1 1 1 1 1 1 1 1 1 0 0 1 0 0 0 1 251 254 1 1 1 0 0 1 1 0 1
32 1 0 0 0 0 0 0 0 0 0 0 0 0 0 0 0 0 0 0 0 1 1 0 0 0 0 0 0 1 1 0 0 0 0 0 0 0 0 0 0 1 3 5 5 1 1 1 1 21 1 0 0 0 0 0 0 0 1 1 1 0 0 1 0 0 0 0 0 0 0 0 0 0 9 1 0 0 0 1 1 101 246 24 75 78 77 77 84 4 1 1 112 46 147 131 93 83 59 0 43 6 0 0 0 0 1 1 1 1 1 1 1 1 1 1 227 216 2 1 1 1 1 1 132 234 254 254 203 6 1 1 1 1 1 1 1 1 1 10 1 1 0 0 0 0 0 0 0 0 0 0 0 0 0 0 0 1 1 1 0 0 0 1 1 0 0 0 0 0 0 0 0 0 0 0 58 181 0 1 0 0 0 0 0 0 0 0 0 0 0 0 0 0 0 0 0 0 0 0 0 0 0 0 0 0 0 0 0 1 1 1 0 0 0 0 0 0 0 0 0 0 0 0 0 0 0 0 0 0 0 0 0 0 0 0 0 0 0 0 0 0 0 0 0 0 0 0 1 1 0 0 0 0 0 0 0 0 0 0 0 0 0 0 0 1 1 1 1 1 34 69 74 17 1 1 7 39 46 39 5 10 227 241 158 1 6 21 23 1 1 1 245 44 1 1 1 9 1 1 1 85 255 28 2 1 1 1 1 1 18 28 1 1 2 1 4 16 2 1 1 117 231 169 98 250 216 1 1 1 1 19 156 30 2 135 148 65 15 1 1 1 1 1 2 5 9 1 89 19 1 1 1 1 1 1 1 1 1 57 138 3 1 1 1 97 150 3 23 253 186 1 1 1 1 1 1 0 0 0 0 1 1 0 0 1 1 1 1 1 1 1 1 1 14 107 190 88 200 197 151 114 134 143 134 91 17 3 1 2 8 11 12 11 9 5 4 4 2 1 1 1 2 30 81 1 1 4 50 39 7 2 1 18 141 1 1 2 158 21 5 1 1 1 0 0 0 0 0 0 1 1 1 1 0 0 0 0 0 0 0 0 0 0 0 0 0 0 0 0 0 0 0 0 0 0 0 1 1 0 1 1 1 1 1 1 1 1 1 0 0 1 0 1 1 1 1 0 0 0 1 255 188 1 0 1 0 0 1 1 1 1
33 0 0 0 0 0 0 0 0 0 0 0 0 0 0 0 0 0 0 0 0 1 0 0 0 0 0 0 0 1 1 0 0 0 0 0 0 0 0 0 0 0 0 0 1 3 5 5 2 25 1 1 0 0 0 0 0 0 1 1 0 0 0 1 1 0 0 0 0 0 0 0 0 0 12 1 0 0 0 0 1 1 113 246 1 1 1 1 1 1 1 15 128 38 135 89 105 114 3 27 17 1 2 2 0 0 0 0 1 1 1 1 1 1 1 82 246 59 1 1 1 1 1 0 1 5 11 190 254 254 197 1 1 1 1 0 0 1 1 9 1 1 0 0 0 0 0 0 0 0 0 0 0 0 0 0 0 0 0 1 1 1 1 1 0 0 0 0 0 0 0 0 1 1 1 1 216 1 1 0 0 0 0 0 0 0 0 0 0 0 0 0 0 0 0 0 0 0 0 0 0 0 0 0 0 0 0 1 1 1 0 0 0 0 0 0 0 0 0 0 0 0 0 0 0 0 0 0 0 0 0 0 0 0 0 0 0 0 0 0 0 0 0 0 0 0 0 1 1 0 0 0 0 0 0 0 0 0 0 0 0 0 0 0 0 0 0 0 0 1 1 1 1 31 74 42 5 3 2 2 25 45 41 245 1 1 1 1 7 1 1 131 229 1 1 1 1 4 1 1 1 1 234 253 3 1 0 1 1 1 46 10 4 3 8 6 1 1 9 3 210 216 154 248 250 61 1 1 1 1 65 142 4 1 1 4 182 86 1 1 1 1 3 3 9 4 1 1 1 118 3 1 1 1 1 1 1 2 114 89 1 1 0 1 1 1 5 180 249 247 1 0 1 1 1 1 1 1 0 1 1 1 1 1 1 1 1 1 1 1 1 1 1 1 1 1 165 23 1 12 108 183 199 204 187 103 120 134 54 7 2 1 1 1 17 76 98 98 100 90 77 105 110 83 26 144 194 194 160 163 186 194 153 2 96 36 1 1 111 40 12 21 1 1 1 0 0 0 0 0 0 0 1 1 1 1 1 0 0 0 0 0 0 0 0 1 1 0 0 0 0 0 0 0 0 0 0 1 0 0 0 1 1 1 1 1 1 1 1 1 1 1 0 0 0 0 0 0 0 0 191 255 1 0 1 0 0 1 1 1 1 1
32 0 0 0 0 0 0 0 0 0 0 0 0 0 0 0 0 0 0 0 1 1 0 0 0 0 0 0 0 1 0 0 0 0 0 0 0 0 0 0 0 0 0 0 0 0 1 1 5 39 6 1 0 0 0 0 0 0 0 1 1 1 1 1 1 1 1 0 0 0 0 0 0 0 13 1 0 0 0 0 0 1 1 246 140 0 1 1 0 1 1 137 11 6 59 140 89 52 1 50 64 64 71 93 0 0 0 0 0 0 1 1 1 1 76 240 148 1 1 1 1 1 1 1 0 0 18 1 1 160 254 254 218 3 1 1 0 1 1 9 1 1 0 0 0 0 0 0 0 0 0 0 0 0 0 0 0 0 0 0 0 0 1 1 0 0 0 0 0 0 0 0 0 0 1 1 216 1 1 1 1 0 0 0 0 0 0 0 0 0 0 0 0 0 0 0 0 0 0 0 0 0 0 0 0 1 1 1 0 0 0 0 0 0 0 0 0 0 0 0 0 0 0 0 0 0 0 0 0 0 0 0 0 0 0 0 0 0 0 0 0 0 0 0 0 0 1 1 0 0 0 0 0 0 0 0 0 0 0 0 0 0 0 0 0 0 0 0 0 0 0 0 1 1 1 9 54 63 64 72 22 1 3 220 245 208 2 1 1 6 2 244 15 1 1 1 1 2 1 1 1 1 1 253 240 1 1 1 1 1 46 5 3 3 2 3 1 1 110 233 156 248 250 148 1 1 1 1 3 135 123 1 1 1 1 1 15 188 49 1 1 6 5 17 3 1 1 1 1 6 107 2 1 1 1 1 12 135 27 1 1 0 0 1 1 1 1 11 249 222 1 0 1 1 1 1 1 1 1 1 1 1 1 1 1 1 1 1 1 1 1 1 0 0 0 1 2 158 181 177 165 127 14 2 32 175 199 137 104 87 17 5 26 111 108 80 100 106 57 60 112 176 197 197 184 79 6 1 1 3 40 207 220 26 10 126 1 1 2 159 1 2 24 1 1 0 0 0 0 0 1 1 1 1 0 1 1 1 1 0 1 1 0 0 0 1 0 0 0 0 0 0 0 0 0 0 0 1 0 0 0 1 1 1 1 1 2 3 3 1 1 1 1 1 1 1 1 1 1 1 250 254 1 0 1 0 0 1 1 1 1 1
24 0 0 0 0 0 0 0 0 0 0 0 0 0 0 0 0 0 0 0 1 1 0 0 0 0 0 0 0 1 0 0 0 0 0 0 0 0 0 0 0 0 0 0 0 0 0 0 2 1 14 19 1 0 0 0 0 0 0 1 11 15 6 1 1 1 1 1 0 0 0 1 1 0 15 1 0 0 0 0 0 1 1 213 220 0 0 1 1 1 39 115 1 67 63 2 71 1 1 0 1 2 62 5 0 0 0 0 0 1 1 1 1 62 243 158 2 1 1 0 0 0 0 1 1 1 1 20 1 1 1 118 251 255 234 17 1 1 1 5 1 1 0 0 0 0 0 0 0 0 0 0 0 0 0 0 0 0 0 0 0 0 0 1 1 0 0 0 0 0 0 0 0 0 0 1 114 164 1 1 1 1 0 0 0 0 0 0 0 0 0 0 0 0 0 0 0 0 0 0 0 0 0 1 1 1 0 0 0 0 0 0 0 0 0 0 0 0 0 0 0 0 0 0 0 0 0 0 0 0 0 0 0 0 0 0 0 0 0 0 0 0 0 0 0 1 1 0 0 0 0 0 0 0 0 0 0 0 0 0 0 0 0 0 0 0 0 0 0 0 0 0 0 0 0 1 1 1 1 1 25 73 50 4 2 185 246 239 26 1 57 241 1 5 1 1 1 2 1 1 1 1 1 1 255 160 1 1 1 1 46 1 1 1 1 4 3 210 220 212 253 175 1 1 1 1 1 16 166 50 3 2 1 1 1 1 1 42 164 60 12 9 13 1 1 1 1 1 1 1 40 66 2 1 1 60 125 4 1 1 0 0 0 1 1 1 1 203 249 8 1 0 0 0 0 1 1 1 1 1 1 1 1 1 1 1 1 1 1 1 1 1 1 1 1 1 1 1 1 2 10 55 163 182 70 1 2 99 194 196 162 164 206 206 193 175 143 138 170 176 151 40 4 1 1 1 1 1 22 49 144 101 73 163 3 143 1 1 1 83 74 1 2 21 1 1 0 1 1 1 1 0 0 0 0 0 0 1 1 1 1 1 1 1 1 1 0 0 0 0 0 0 0 0 0 0 0 0 0 0 0 0 1 1 0 1 1 1 1 1 3 4 4 5 5 4 1 1 1 1 251 254 1 1 1 0 0 1 1 1 0 1
1 0 0 0 0 0 0 0 0 0 0 0 0 0 0 0 0 0 0 0 1 1 0 0 0 0 0 0 1 1 0 0 0 0 0 0 0 0 0 0 0 0 0 0 0 0 0 1 2 0 0 4 27 1 1 0 0 0 0 5 5 1 4 15 12 3 1 1 1 5 4 4 5 5 16 1 0 0 1 1 1 3 116 252 9 1 1 1 1 1 86 73 33 11 68 2 68 2 51 59 64 55 2 0 0 0 1 1 0 1 1 1 1 246 158 1 1 1 1 1 1 0 0 0 0 1 1 22 1 1 1 1 1 54 248 255 242 40 1 1 1 1 1 0 0 0 0 0 0 0 0 0 0 0 0 0 0 0 0 0 0 0 0 0 1 1 1 0 0 0 0 0 0 1 1 1 1 97 208 4 1 1 0 0 0 0 0 0 0 0 0 0 0 0 0 0 0 0 0 0 0 1 1 1 0 0 0 0 0 0 0 0 0 0 0 0 0 0 0 0 0 0 0 0 0 0 0 0 0 0 0 0 0 0 0 0 0 0 0 0 0 0 0 0 1 1 0 0 0 0 0 0 0 0 0 0 0 0 0 0 0 0 0 0 0 0 0 0 0 0 0 0 0 0 0 0 0 0 0 1 1 1 12 61 75 57 2 55 242 243 251 22 2 2 4 1 1 2 1 1 1 1 1 1 80 255 96 1 1 2 66 2 1 1 1 107 232 146 250 246 3 1 1 1 1 2 79 160 6 1 1 3 1 1 1 1 1 1 161 107 86 8 1 1 1 1 1 1 1 1 1 98 21 6 112 89 1 1 1 1 0 0 0 1 1 1 1 247 212 2 0 0 0 0 0 1 1 1 1 1 1 1 1 0 0 0 1 1 1 0 0 0 1 1 1 2 1 1 1 1 1 1 1 1 115 167 22 1 1 32 156 168 71 2 1 1 1 1 1 1 1 1 1 1 1 1 1 37 14 50 159 1 162 67 7 136 1 1 1 2 160 1 1 3 18 1 1 1 0 0 0 0 0 0 0 0 0 1 204 221 212 16 1 1 1 1 0 0 0 0 0 0 0 0 0 0 0 0 0 0 0 1 1 1 0 1 0 0 0 0 0 0 1 1 1 1 6 10 11 4 254 251 1 1 0 0 1 1 1 1 1 1
1 0 0 0 0 0 0 0 0 0 0 0 0 0 0 0 0 0 0 0 1 0 0 0 1 0 0 0 1 1 0 0 0 0 0 0 0 0 0 0 0 0 0 0 0 0 0 2 1 0 0 0 2 30 1 1 1 1 1 14 1 1 1 1 1 7 13 15 11 5 6 5 4 5 9 0 0 1 92 246 252 252 246 39 1 1 1 1 1 1 85 74 65 1 68 1 79 121 23 1 1 1 0 1 1 2 2 2 1 1 1 1 112 248 4 1 1 0 0 0 1 1 1 0 0 0 1 22 1 1 1 1 1 1 1 28 245 255 245 98 2 1 1 1 1 0 0 0 0 0 0 0 0 0 0 0 0 0 0 0 0 0 0 0 0 1 1 1 1 1 1 1 1 2 2 1 1 1 9 216 163 2 1 0 0 0 0 0 0 0 0 0 0 0 0 0 0 0 0 1 1 1 0 0 0 0 0 0 0 0 0 0 0 0 0 0 0 0 0 0 0 0 0 0 0 0 0 0 0 0 0 0 0 0 0 0 0 0 0 0 0 0 0 0 1 0 0 0 0 0 0 0 0 0 0 0 0 0 0 0 0 0 0 0 0 0 0 0 0 0 0 0 0 0 0 0 0 0 0 0 1 1 1 1 1 4 65 65 75 107 254 4 1 1 2 2 1 1 1 1 1 1 1 1 1 215 254 66 218 230 234 237 215 105 220 218 229 253 144 1 1 1 1 1 4 148 122 1 1 1 1 1 3 1 1 1 1 7 115 145 96 4 1 1 1 1 1 1 1 1 1 1 125 132 36 1 1 0 1 1 0 0 1 1 1 1 117 249 62 1 1 0 0 0 0 0 1 1 1 1 1 0 0 0 0 0 1 1 0 0 0 1 2 3 1 1 1 1 1 1 0 1 1 1 1 7 154 184 182 132 32 7 4 4 5 11 20 4 2 2 1 1 1 1 1 1 32 7 1 192 4 1 201 6 5 139 1 1 1 1 156 3 1 1 4 15 1 1 0 0 0 0 0 0 0 0 0 20 207 1 8 210 219 90 1 1 1 0 0 0 0 0 0 0 0 0 0 0 0 0 0 1 1 1 1 1 1 1 0 0 0 0 0 0 0 1 1 1 1 73 254 251 1 1 0 0 1 1 1 1 0 0
0 0 0 0 0 0 0 0 0 0 0 0 0 0 0 0 0 0 0 0 1 0 0 1 1 1 1 1 1 13 160 247 255 255 250 128 2 1 1 1 1 1 1 1 1 0 0 2 1 0 0 0 0 1 30 3 1 1 13 1 0 0 0 0 0 0 1 1 0 0 0 0 0 1 15 1 1 151 249 125 18 4 1 1 1 1 1 1 0 1 69 60 95 1 11 73 166 61 64 47 1 2 5 5 3 1 1 2 1 1 1 2 176 245 1 1 0 0 0 0 0 0 1 1 0 0 1 22 1 1 1 1 1 1 1 1 1 21 236 254 251 128 3 1 1 1 0 0 0 0 0 0 0 0 0 0 0 0 0 0 0 0 0 1 1 1 1 0 0 1 1 1 0 5 1 1 1 0 1 1 111 219 146 0 0 0 0 0 0 0 0 0 0 0 0 0 0 1 1 1 0 0 0 0 0 0 0 0 0 0 0 0 0 0 0 0 0 0 0 0 0 0 0 0 0 0 0 0 0 0 0 0 0 0 0 0 0 0 0 0 0 0 0 1 1 0 0 0 0 0 0 0 0 0 0 0 0 0 0 0 0 0 0 0 0 0 0 0 0 0 0 0 0 0 0 0 0 0 0 0 0 0 1 1 1 1 1 1 1 202 251 1 1 1 1 1 1 1 1 1 1 0 1 1 1 1 251 253 62 2 1 2 122 218 180 234 249 7 1 1 1 1 1 19 181 51 2 1 1 1 1 0 1 3 1 2 17 76 80 71 83 21 1 1 0 1 1 1 1 1 1 1 23 32 1 1 0 0 0 1 1 1 1 1 1 1 247 215 2 1 1 1 0 0 0 0 1 1 1 1 0 0 0 0 0 0 1 0 0 0 1 6 2 0 0 1 1 1 1 1 1 1 1 1 1 1 1 1 2 47 144 169 173 173 170 162 155 172 177 179 181 183 181 176 141 111 19 1 1 199 1 1 201 8 3 139 2 1 1 1 157 2 1 1 1 8 14 1 1 0 0 0 0 0 0 0 1 186 72 0 0 1 1 180 221 166 1 1 1 0 0 0 0 0 0 0 0 0 0 0 0 1 1 1 1 1 1 1 1 1 1 1 1 0 0 0 1 1 1 216 250 251 1 1 0 0 1 1 1 1 0 0
0 0 0 0 0 0 0 0 0 0 0 0 0 0 0 0 0 0 0 1 1 1 2 70 230 255 255 255 255 255 255 221 106 72 206 255 255 255 255 247 64 1 1 1 1 1 1 2 1 1 1 1 1 1 1 19 11 15 2 0 0 0 0 0 0 0 1 1 0 0 0 0 0 0 16 1 1 252 9 1 1 1 1 1 1 1 1 0 0 1 4 74 106 42 1 1 56 52 21 67 4 2 1 1 1 1 1 1 1 1 0 1 15 252 10 1 0 0 0 0 0 0 0 0 0 0 3 12 1 1 1 1 1 1 1 1 1 1 1 3 210 254 254 162 4 1 1 1 0 0 0 0 0 0 0 0 0 0 0 0 0 0 1 1 1 0 0 0 0 0 1 1 1 2 4 0 1 1 1 1 1 63 190 1 0 0 0 0 0 0 0 0 0 0 0 1 1 1 0 0 0 0 0 0 0 0 0 0 0 0 0 0 0 0 0 0 0 0 0 0 0 0 0 0 0 0 0 0 0 0 0 0 0 0 0 0 0 0 0 0 0 0 1 1 0 0 0 0 0 0 0 0 0 0 0 0 0 0 0 0 0 0 0 0 0 0 0 0 0 0 0 0 0 0 0 0 0 0 0 0 1 1 1 0 0 0 0 1 1 232 243 1 2 1 2 2 1 1 1 1 1 0 0 1 1 1 1 254 175 1 1 2 6 66 216 251 12 1 1 1 1 1 87 175 6 1 1 2 1 1 0 0 1 1 10 40 89 54 4 1 38 45 15 1 1 1 1 1 1 1 2 4 1 7 3 1 1 0 0 1 1 1 1 1 1 13 249 150 1 1 1 1 1 1 1 0 1 2 1 1 0 0 0 0 0 1 1 9 9 5 4 6 1 1 0 1 0 1 1 1 1 1 1 1 1 1 1 1 1 1 1 1 1 1 1 1 1 1 1 1 1 1 1 2 82 39 124 5 1 197 2 1 140 98 6 122 10 1 1 1 159 1 1 1 1 4 2 8 1 1 1 1 0 0 0 0 1 219 1 0 1 1 0 0 1 109 220 203 7 1 1 0 0 0 0 0 0 0 0 0 0 1 1 1 1 1 1 1 1 1 1 1 1 1 1 1 1 1 6 229 246 250 1 1 1 1 0 0 1 1 0 0
0 0 0 0 0 0 0 0 0 0 0 1 1 1 1 1 10 168 251 255 255 255 255 255 245 129 4 1 1 2 1 1 1 1 1 1 1 1 26 230 255 255 255 255 228 23 1 2 1 0 0 0 0 0 0 1 37 1 0 0 0 0 0 0 0 0 1 1 0 0 1 1 1 1 17 1 30 251 1 1 1 1 1 0 1 1 1 0 0 1 1 25 62 77 19 83 60 74 34 1 1 1 1 1 0 0 0 0 0 0 0 1 1 232 215 1 0 0 0 0 0 0 0 0 0 0 21 1 1 1 1 1 1 1 2 5 7 8 6 3 2 6 146 254 254 202 6 1 1 1 1 0 0 0 0 0 0 0 0 0 0 0 1 0 0 0 0 0 0 1 1 0 0 1 2 6 1 0 0 1 1 219 1 0 0 0 0 1 1 1 0 0 0 1 1 1 0 0 0 0 0 0 0 0 0 0 0 0 0 0 0 0 0 0 0 0 0 0 0 0 0 0 1 0 0 0 0 0 0 0 0 0 0 0 0 0 0 0 0 0 0 1 1 0 0 0 0 0 0 0 0 0 0 0 0 0 0 0 0 0 0 0 0 0 0 0 0 0 0 0 0 0 0 0 0 0 0 0 0 1 1 0 0 0 0 0 0 1 60 253 33 1 2 2 1 1 1 1 1 1 1 1 0 0 1 1 1 24 254 75 3 2 1 129 188 244 13 1 1 1 2 151 128 2 2 2 1 1 2 1 1 1 1 3 60 91 25 2 1 1 1 74 27 6 1 0 1 1 3 5 2 1 1 1 11 1 1 0 0 1 1 1 1 1 1 228 238 1 2 1 1 0 1 1 1 0 1 2 1 0 0 0 0 0 0 1 12 2 2 2 1 5 1 1 1 1 1 1 1 1 1 1 1 1 1 1 1 1 1 1 0 0 1 1 1 1 1 1 1 1 1 1 1 27 29 1 2 126 1 180 20 1 2 199 7 18 123 1 1 60 92 1 1 1 1 5 1 10 1 1 1 1 1 1 0 0 1 221 1 0 1 0 0 0 0 0 1 36 215 214 23 1 1 0 0 0 0 0 0 0 0 0 0 0 1 1 1 1 1 1 1 1 2 2 1 1 1 1 16 246 254 253 1 1 9 82 25 1 1 1 1 1
0 0 0 0 0 0 1 1 1 4 99 238 255 255 255 255 255 253 206 24 1 1 1 1 1 1 1 1 1 1 0 0 1 1 1 0 0 1 1 1 1 1 1 64 247 255 255 255 255 148 1 1 0 0 0 5 13 1 0 0 0 0 0 0 0 0 1 1 0 0 1 1 1 1 15 1 199 228 1 1 1 1 1 1 1 0 1 0 0 0 1 1 10 78 44 1 6 1 1 1 1 1 0 0 0 0 0 0 0 0 0 1 1 8 251 67 1 0 0 0 0 0 0 0 0 1 18 1 1 1 1 1 4 15 87 121 122 122 122 105 29 23 4 2 82 251 255 233 10 1 1 1 1 1 1 1 1 0 0 0 0 1 1 0 0 0 0 0 0 0 0 0 0 0 0 1 8 1 0 1 1 221 1 0 0 0 1 57 72 1 1 1 1 1 0 0 0 0 0 0 0 0 0 0 0 0 0 0 0 0 0 0 0 0 0 0 0 0 0 0 0 1 3 1 0 0 0 0 0 0 0 0 0 0 0 1 0 0 0 0 0 1 0 0 0 0 0 0 0 0 0 0 0 0 0 0 0 0 0 0 0 0 0 0 0 0 0 0 0 0 0 0 0 0 0 0 0 1 1 1 0 0 0 0 0 0 1 1 217 249 1 1 2 1 1 1 1 1 1 1 1 0 0 0 1 1 1 1 203 253 17 1 150 220 249 20 2 8 1 21 195 69 2 5 5 7 1 1 1 1 1 1 10 88 83 11 2 1 1 1 1 1 89 24 2 1 1 1 4 4 1 1 1 1 1 13 1 1 1 1 1 1 1 1 1 247 210 1 1 1 1 0 0 1 1 0 1 2 1 0 0 0 0 0 0 1 18 1 1 2 6 1 1 1 1 1 0 0 0 1 1 1 1 1 1 1 1 1 1 1 1 1 1 1 1 1 1 1 1 1 1 1 27 27 1 1 1 129 2 36 166 1 1 67 162 5 139 1 1 157 1 1 1 1 1 6 1 11 1 0 1 1 0 1 1 1 133 230 1 1 1 0 0 0 0 0 0 1 1 8 207 163 1 2 1 0 0 0 0 0 0 0 0 0 0 1 0 1 1 1 5 10 4 5 9 1 1 4 93 251 244 254 237 245 247 241 245 241 162 1 1 1
0 1 1 16 181 252 255 255 255 255 255 244 125 5 1 1 1 1 1 1 1 0 0 0 0 0 0 0 1 1 0 0 0 0 0 0 0 0 0 0 0 0 1 1 1 1 1 2 160 255 255 249 2 1 0 12 6 0 1 1 0 0 0 0 0 0 0 1 1 1 1 1 1 1 15 1 184 236 1 1 1 1 1 1 0 0 1 1 1 0 0 1 1 0 1 0 0 0 1 1 1 0 0 0 0 0 0 0 0 0 0 1 1 1 162 246 1 0 0 0 0 0 0 0 0 20 1 1 1 1 2 15 107 116 38 4 2 2 2 17 97 121 82 24 5 1 28 244 255 244 22 1 1 1 1 1 1 0 0 0 0 1 0 0 0 0 0 0 0 0 0 0 0 0 0 1 1 8 1 1 72 185 0 0 0 1 1 136 41 129 54 1 1 1 1 0 0 0 0 0 0 0 0 0 0 0 0 0 0 0 0 0 0 0 0 0 0 0 0 1 22 131 137 15 1 0 1 0 0 0 0 0 0 0 0 1 0 0 0 0 1 0 0 0 0 0 0 0 0 0 0 0 0 0 0 0 0 0 0 0 0 0 0 0 0 0 0 0 0 0 0 0 0 0 0 1 1 1 0 0 0 0 0 0 0 0 1 2 217 220 167 2 2 1 1 1 1 1 0 1 1 1 0 0 0 1 1 3 2 251 242 155 234 243 3 1 1 9 103 192 22 1 4 2 7 4 6 2 1 1 1 34 102 51 2 1 1 1 1 1 1 1 9 86 23 1 1 1 9 1 1 1 1 1 1 3 7 1 1 1 1 1 1 1 38 250 158 1 1 1 1 0 0 1 1 1 1 1 1 0 0 0 0 0 0 1 10 2 1 1 1 1 1 1 1 1 1 1 1 1 1 1 1 1 1 1 0 0 1 1 1 1 1 1 1 1 1 1 1 1 1 21 32 1 1 1 1 131 1 2 196 1 1 1 207 2 118 4 104 39 1 1 1 1 1 6 1 4 3 1 4 1 1 0 1 1 228 205 219 219 216 148 4 1 1 1 1 1 0 0 1 107 209 1 1 2 1 1 0 0 0 0 0 0 0 0 0 1 1 5 2 1 0 1 1 9 1 102 134 251 244 251 231 28 1 1 1 89 225 225 85 1
255 255 255 255 253 203 19 1 1 1 1 1 1 1 1 0 0 0 0 0 0 0 0 0 0 0 0 0 1 1 0 0 0 0 0 0 0 0 0 0 0 0 0 0 0 0 1 1 1 1 1 217 255 202 1 2 21 0 0 1 1 0 0 0 0 0 0 1 1 1 1 1 1 0 7 3 8 252 3 1 1 1 1 1 1 1 1 1 1 1 1 1 1 1 1 1 1 1 1 1 1 0 0 0 0 0 0 0 0 0 0 1 1 1 1 251 112 0 0 0 0 0 0 0 5 8 1 1 1 2 35 115 12 1 1 1 1 1 1 1 1 1 50 119 97 27 6 1 8 235 255 250 29 1 1 1 1 0 0 0 1 1 0 0 0 1 24 63 57 12 1 1 1 1 0 0 1 10 1 158 203 1 1 0 1 1 15 102 1 1 59 111 2 1 1 1 0 0 0 0 0 0 0 0 0 0 0 0 0 0 0 0 0 0 0 0 0 0 1 34 100 1 1 124 3 1 1 1 0 0 0 0 0 1 1 73 61 1 1 1 1 0 0 0 0 0 0 0 0 0 0 0 0 0 0 0 0 0 0 0 0 0 0 0 0 0 0 0 0 0 0 0 0 1 1 1 0 0 0 0 0 0 0 0 0 1 1 182 66 2 245 1 2 2 1 1 1 1 0 0 1 1 1 0 1 3 3 1 1 1 254 255 218 1 1 1 24 166 168 5 2 5 2 1 14 2 3 11 1 2 76 102 19 2 1 1 1 1 1 1 1 1 1 23 68 22 1 1 10 1 1 1 1 1 1 1 7 3 1 1 1 3 17 183 234 106 213 1 1 1 1 0 0 1 1 1 2 1 0 0 0 0 0 0 0 1 6 4 0 1 1 1 1 1 1 1 1 1 1 0 1 1 1 1 0 0 0 0 0 0 0 0 0 0 0 0 0 1 1 1 14 41 1 1 1 1 1 135 1 3 195 1 1 1 201 6 32 94 147 1 1 1 1 1 1 6 1 1 4 9 2 7 1 1 1 1 240 175 1 1 3 136 218 218 216 179 10 1 1 1 1 1 14 218 111 1 1 2 2 1 1 0 0 0 0 0 0 1 0 3 3 1 0 0 0 10 2 149 1 251 250 254 1 1 1 1 1 1 1 163 239 195
23 1 1 1 1 1 1 1 1 0 0 0 0 0 0 0 0 0 0 0 0 0 0 0 0 0 0 0 1 1 0 0 0 0 0 0 0 0 0 0 0 0 0 0 0 0 0 0 0 0 1 1 1 252 255 44 30 1 0 0 1 1 1 1 1 0 0 0 0 0 0 1 1 1 1 14 1 247 129 1 1 1 1 1 1 1 1 1 1 1 1 1 1 1 1 1 1 0 1 1 1 1 1 1 1 1 1 0 0 0 0 1 1 1 1 238 200 0 0 0 0 0 0 1 19 1 1 1 1 39 98 2 1 1 1 1 0 1 1 1 1 1 1 1 33 116 102 33 4 1 3 219 254 235 24 1 1 1 1 1 1 0 0 0 1 36 17 1 2 29 62 67 68 67 57 27 3 10 123 165 1 1 1 1 1 1 131 1 1 1 28 110 182 170 119 3 1 1 0 0 0 0 0 0 0 0 0 0 0 0 0 0 0 0 0 0 0 1 31 102 1 1 1 6 137 87 10 1 1 0 0 0 1 1 60 14 8 85 92 70 3 1 1 0 0 0 0 0 0 0 0 0 0 0 0 0 0 0 0 0 0 0 0 0 0 0 0 0 0 0 0 1 1 1 0 0 0 0 0 0 0 0 0 0 0 1 1 220 1 1 230 131 1 1 1 1 1 1 1 1 0 1 1 1 4 1 1 1 2 225 251 255 156 1 3 60 176 91 28 15 20 18 1 1 19 1 1 7 32 100 76 4 1 1 1 1 1 1 1 1 1 1 0 1 28 80 29 17 9 1 1 1 1 1 1 1 2 45 45 44 72 123 140 231 192 1 172 119 2 1 1 1 1 1 1 1 2 1 0 0 0 0 0 0 1 1 8 3 1 1 1 0 1 1 0 0 1 0 1 1 1 1 1 1 0 0 0 0 0 0 0 0 0 0 0 0 1 1 1 6 52 1 1 1 1 1 16 105 2 162 54 1 1 1 131 106 2 221 23 1 1 1 1 1 1 3 3 1 1 1 1 10 1 1 1 1 251 4 1 1 2 1 1 6 10 103 215 218 218 193 25 1 1 1 161 220 184 3 1 2 2 1 1 0 0 0 0 1 0 1 4 2 1 0 0 11 89 45 1 247 246 254 1 1 1 1 1 1 1 1 33 208
1 1 0 0 0 0 0 0 0 0 0 0 0 0 0 0 0 0 0 0 0 0 0 0 0 0 0 0 1 1 0 0 0 0 0 0 0 0 0 0 0 0 0 0 0 0 0 0 0 0 0 0 1 1 71 255 250 8 1 1 0 1 1 2 2 2 2 1 0 0 0 1 1 1 0 12 1 28 249 26 1 1 1 1 1 1 1 0 0 0 0 0 0 1 1 1 1 1 1 1 1 1 0 0 0 0 1 1 0 3 7 2 1 1 2 246 152 1 1 0 0 0 1 20 1 1 1 1 13 117 2 1 1 0 0 0 0 0 0 0 0 1 1 1 1 1 28 114 75 13 1 1 21 244 251 235 113 2 1 1 1 0 1 1 41 10 1 1 1 0 1 1 1 1 1 11 48 134 125 190 125 10 1 1 1 6 117 1 5 54 13 1 1 9 77 177 135 2 1 1 1 1 1 0 0 0 0 0 0 0 0 0 0 0 0 0 1 27 106 1 1 1 1 1 1 37 118 132 16 2 2 1 1 4 94 1 1 1 1 5 97 1 1 0 0 1 1 1 0 0 0 0 0 0 0 0 0 0 0 0 0 0 0 0 0 0 0 0 0 1 1 1 0 0 0 0 0 0 0 0 0 0 0 0 0 1 99 165 1 1 3 245 1 0 1 1 1 0 0 1 1 1 1 3 1 1 31 249 251 198 1 194 254 99 131 174 20 1 5 5 1 5 6 1 21 1 1 60 173 59 1 1 1 1 1 1 0 1 1 1 1 0 0 1 1 12 99 82 40 21 14 13 17 22 33 71 112 132 142 140 103 34 4 33 244 12 1 221 13 1 1 1 1 1 1 1 2 1 0 0 1 1 1 1 1 1 16 1 1 2 1 1 1 1 1 1 1 0 0 0 1 1 1 1 1 1 0 0 0 0 0 0 0 0 0 1 1 1 3 65 1 1 1 1 29 72 120 6 167 52 1 1 1 1 2 204 4 226 26 1 1 1 1 1 1 1 1 3 2 1 4 9 1 1 1 8 251 1 1 1 1 0 0 0 1 1 1 8 12 78 215 221 219 209 72 1 74 217 220 218 187 18 2 1 1 1 1 1 0 1 1 3 3 1 1 10 153 1 1 228 251 254 1 1 1 1 1 1 0 1 11 1
62 43 6 1 1 0 0 0 0 0 0 0 0 0 0 0 0 0 0 0 0 0 0 0 0 0 0 0 1 1 0 0 0 0 0 0 0 0 0 0 0 0 0 0 0 0 0 0 0 0 0 0 0 1 1 1 224 255 195 3 1 2 0 1 1 0 1 1 2 1 1 1 1 1 1 9 2 1 93 247 23 1 1 0 0 0 1 1 0 0 0 0 0 0 1 1 2 1 0 0 1 1 0 0 0 0 0 1 1 6 1 4 7 3 152 246 3 1 1 1 1 0 8 5 1 1 1 3 122 7 1 1 1 1 0 0 0 0 0 0 0 0 0 1 1 1 1 1 59 102 22 1 1 2 235 247 254 254 167 3 1 1 5 58 6 1 1 0 0 0 0 1 1 1 1 0 1 98 91 98 123 213 170 56 2 135 16 55 38 1 1 1 1 1 1 1 55 177 126 4 1 1 1 1 0 0 0 0 0 0 0 0 0 0 1 1 14 114 1 1 1 1 0 0 1 1 1 3 112 136 138 140 132 109 45 1 1 1 1 1 78 2 1 1 1 2 2 2 1 0 0 0 0 0 0 0 0 0 0 0 0 0 0 0 0 0 0 0 1 1 0 0 0 0 0 0 0 0 0 0 0 0 0 0 1 1 220 1 1 1 1 236 80 1 1 1 1 0 0 0 1 2 2 2 219 251 249 61 1 1 1 2 251 253 230 3 1 1 1 1 1 1 8 4 19 1 97 147 51 95 1 2 1 1 1 1 1 1 1 1 1 0 0 0 1 1 1 115 126 124 121 119 119 118 107 71 22 3 1 1 2 1 1 1 122 234 2 166 134 2 1 1 1 1 1 1 2 1 1 1 1 1 0 1 1 1 23 2 1 1 1 1 1 1 1 1 1 0 0 0 1 1 0 1 1 1 0 0 0 0 0 0 0 0 1 1 1 2 69 1 1 1 7 129 85 43 9 176 33 1 1 1 0 1 1 204 26 221 47 1 1 1 1 1 2 1 1 1 1 1 1 17 2 1 0 171 240 1 1 1 1 0 0 0 0 1 1 1 1 1 2 16 38 75 209 224 220 215 124 5 70 209 220 219 189 5 1 1 1 1 1 1 8 1 7 19 120 1 1 43 254 254 1 1 1 1 1 0 0 1 10 1
1 5 40 59 61 61 60 45 9 1 1 1 0 0 0 0 0 0 0 0 0 0 0 0 0 0 0 0 0 2 0 0 0 0 0 0 0 0 0 0 0 0 0 0 0 0 0 0 0 0 0 0 0 0 0 1 1 3 253 255 38 1 1 0 1 1 1 1 1 1 1 1 2 1 1 15 1 0 1 91 247 20 1 1 1 0 0 1 1 1 1 0 0 0 0 1 1 2 0 0 1 1 0 0 0 0 0 1 4 2 0 1 1 7 246 139 1 0 0 0 0 1 17 1 1 1 1 84 47 1 1 1 0 1 0 0 0 0 0 1 1 1 0 1 1 1 0 1 1 16 105 28 1 10 147 1 1 137 254 254 215 9 57 1 1 0 0 0 0 0 1 0 0 0 0 0 1 80 4 11 39 100 15 141 190 129 39 2 1 1 1 1 1 1 1 1 1 3 67 172 92 1 1 1 1 0 0 0 0 0 0 0 0 1 1 1 140 1 1 1 1 0 0 0 0 0 1 1 1 1 1 1 3 50 32 10 1 1 1 1 23 41 4 34 62 30 10 29 30 1 1 1 0 0 0 0 0 0 0 0 0 0 0 0 0 0 1 1 0 0 0 0 0 0 0 0 0 0 0 0 0 0 0 0 1 13 209 1 1 1 1 40 241 1 1 1 0 0 0 1 3 9 247 251 210 1 1 1 1 1 2 61 235 251 237 4 1 1 1 1 1 1 1 18 55 135 128 5 1 25 73 2 1 1 1 1 1 0 1 1 1 1 1 0 0 1 1 102 1 1 7 16 2 1 1 1 1 1 1 1 3 1 1 1 124 211 216 192 206 1 1 1 1 1 1 1 2 0 1 1 1 1 1 1 1 4 21 1 1 1 0 1 1 1 1 1 1 0 1 1 1 0 0 0 0 0 0 0 0 0 0 0 1 1 1 1 1 70 1 1 1 28 129 2 1 72 187 18 1 1 1 1 0 1 1 182 76 220 62 1 1 1 1 1 1 1 0 0 1 1 1 1 19 1 1 217 222 1 1 1 0 0 0 0 0 1 1 1 1 1 1 1 1 1 1 11 48 71 200 227 221 217 170 8 80 223 40 1 1 1 1 1 4 2 10 132 7 1 1 1 254 254 1 1 1 1 0 0 0 1 6 0
0 0 0 0 0 1 1 4 33 58 61 60 57 58 11 1 1 0 0 0 0 0 0 0 0 0 0 0 1 1 0 0 0 0 0 0 0 0 0 0 0 0 0 0 0 0 0 0 0 0 0 0 0 0 0 0 0 1 1 119 255 253 5 1 1 0 1 1 0 0 0 0 1 2 1 17 1 0 0 1 83 250 113 4 1 1 1 1 1 1 1 1 1 1 1 1 1 2 1 1 1 1 0 0 0 0 0 1 7 1 0 1 1 194 238 1 1 0 0 0 1 21 1 1 1 1 28 108 1 1 1 0 0 1 1 0 0 0 0 1 1 1 1 1 1 1 1 0 0 1 8 105 34 151 16 1 1 1 1 27 249 255 240 19 1 1 1 0 0 0 0 0 0 0 1 1 1 125 70 16 10 82 1 1 1 1 1 2 1 1 1 1 0 1 1 1 1 1 1 3 140 48 1 0 1 0 0 0 0 0 0 0 0 0 1 6 125 1 1 1 0 0 0 0 0 0 1 1 1 1 1 1 1 2 54 137 137 51 3 1 1 29 66 22 9 13 7 1 3 34 9 1 1 1 1 0 0 0 0 0 0 0 0 0 1 1 1 0 0 0 0 0 0 0 0 0 0 0 0 0 0 0 1 1 1 211 12 1 1 1 1 44 241 1 1 1 1 1 3 4 236 251 69 1 1 1 1 1 1 3 125 181 8 183 254 171 2 1 1 1 1 1 1 53 197 118 2 1 2 22 92 26 1 1 1 1 1 1 1 1 1 1 1 0 0 1 5 90 1 4 2 1 8 1 1 1 1 1 1 1 1 4 5 155 93 32 55 120 228 71 1 1 1 1 1 1 2 1 1 1 1 1 1 1 1 15 25 1 1 1 0 0 0 0 0 1 1 1 1 1 1 0 0 1 1 0 0 0 0 1 1 1 1 1 1 1 65 3 1 1 48 99 1 4 163 141 2 1 1 1 0 1 0 1 1 48 187 196 129 24 1 1 1 2 1 1 1 0 0 0 1 1 1 20 1 126 244 8 1 0 0 0 0 0 0 1 0 0 0 1 1 1 1 1 1 1 1 1 2 10 64 85 179 229 223 226 61 20 12 2 1 1 10 8 2 152 1 1 1 1 254 254 1 1 1 1 0 0 1 5 1 0
0 0 0 0 0 0 0 0 0 0 1 1 1 84 42 71 73 60 3 1 1 1 0 0 0 0 0 0 1 1 1 1 1 1 1 1 1 1 1 1 0 0 0 0 0 0 0 0 0 0 0 0 0 0 0 0 0 1 1 1 3 222 255 255 229 5 1 1 1 1 0 0 0 1 2 21 0 0 0 0 1 29 247 253 253 252 169 1 1 0 0 1 1 0 0 0 0 1 2 1 1 0 0 0 0 0 1 3 2 0 0 1 14 252 71 1 1 0 0 0 6 7 1 1 1 5 126 3 1 1 0 0 1 1 1 0 0 0 0 0 0 1 1 1 0 1 1 1 1 1 1 9 118 180 2 1 1 1 1 11 51 70 243 254 246 44 1 1 1 1 1 0 0 0 0 1 65 110 4 14 132 4 0 0 0 0 1 1 2 1 1 0 0 0 0 1 1 1 1 1 4 176 1 1 1 0 0 0 0 0 0 0 0 1 1 1 141 1 1 1 1 1 1 1 1 1 2 1 0 1 1 13 109 112 46 5 12 102 149 150 145 65 6 2 5 3 3 3 1 1 18 12 1 1 1 1 1 0 0 0 0 0 1 1 1 0 0 0 0 0 0 0 0 0 0 1 0 0 0 0 0 1 1 1 1 221 1 1 1 1 1 245 8 1 1 1 2 3 149 251 161 1 1 1 1 1 1 2 39 191 142 1 1 1 177 253 105 1 1 1 1 2 97 170 140 121 9 22 14 2 8 129 1 1 1 1 1 0 0 1 1 1 1 1 1 1 34 64 5 1 1 1 1 12 1 1 1 1 1 1 1 50 151 104 1 1 48 5 146 226 4 1 1 1 1 2 1 0 0 1 1 1 1 10 14 1 33 1 1 1 0 0 0 0 0 0 1 1 1 1 1 1 1 1 0 0 0 0 1 1 1 1 1 1 1 66 3 1 11 116 79 1 70 190 38 1 1 1 0 0 0 1 0 0 1 1 207 189 112 82 29 18 2 1 1 1 1 1 1 1 1 1 1 1 19 1 205 234 77 1 0 0 0 0 0 1 0 0 1 1 1 1 1 1 1 0 1 1 1 1 1 1 1 4 56 91 92 97 66 35 39 36 13 1 72 63 1 1 0 1 239 255 50 1 1 1 1 1 1 10 1 0
0 0 0 0 0 0 0 0 0 0 0 1 1 74 1 1 1 4 62 75 75 75 69 22 1 1 1 8 59 74 73 71 70 70 71 71 71 68 49 22 3 1 1 1 1 1 1 1 1 1 1 1 16 62 71 71 71 70 71 70 91 151 101 136 255 255 255 255 100 1 1 1 0 1 5 7 0 0 0 0 0 1 1 1 1 5 252 56 1 0 0 0 0 0 0 0 1 1 1 3 0 0 0 0 0 1 1 7 1 0 1 1 230 215 1 1 1 1 1 1 22 1 1 1 1 104 29 1 1 0 0 0 1 1 1 1 1 1 1 1 1 1 1 0 0 0 0 1 1 1 1 1 69 153 25 1 1 1 1 44 2 1 1 2 221 254 250 104 1 1 1 1 0 1 1 1 160 4 1 1 143 1 1 0 0 0 1 1 2 1 1 0 0 0 0 0 1 1 1 1 1 93 107 1 1 0 0 1 0 0 0 0 1 1 1 1 138 1 1 1 1 1 1 1 3 2 1 2 1 2 98 75 2 1 1 1 1 1 1 2 9 101 149 143 141 16 1 1 2 3 4 23 48 23 5 1 1 1 1 1 1 1 1 1 0 0 0 0 0 0 0 0 0 0 0 1 0 0 0 0 0 1 1 1 162 104 1 1 1 1 225 148 1 1 2 3 1 234 238 1 1 1 1 1 1 1 28 240 249 101 1 1 1 1 2 244 249 131 1 1 4 147 135 4 2 140 40 4 1 1 3 15 122 1 1 1 1 0 0 0 0 1 1 0 0 1 90 2 1 1 1 1 1 4 6 1 1 1 1 1 113 130 5 38 4 1 1 65 1 201 211 1 1 1 1 3 1 1 1 1 1 9 42 15 4 35 3 0 0 1 1 0 0 0 0 0 0 1 1 1 1 1 1 1 0 0 0 0 0 0 1 1 1 1 69 3 5 126 108 9 34 186 145 2 1 1 0 0 0 1 1 1 0 0 1 1 182 206 35 65 102 32 36 17 1 1 1 1 1 1 1 1 1 1 1 18 2 190 220 164 1 0 0 0 1 1 1 1 1 1 1 1 1 1 0 1 1 1 1 0 0 1 0 1 1 1 1 2 30 84 102 103 54 6 148 1 1 1 0 1 1 254 254 1 1 0 1 1 1 9 0 1
0 0 0 0 0 0 0 0 0 0 0 0 1 69 2 0 1 1 1 1 1 1 1 28 69 74 72 46 3 1 1 0 0 0 1 1 1 1 6 24 57 66 67 68 71 77 72 72 73 73 71 71 32 2 1 1 1 0 0 1 130 1 1 1 1 1 2 177 255 255 255 130 1 1 19 1 0 0 0 0 0 0 1 1 1 1 167 242 4 1 1 0 0 0 0 0 1 1 0 2 1 0 0 1 1 2 7 3 1 1 1 6 252 17 1 1 1 1 1 13 3 1 1 1 37 99 1 1 0 0 0 1 1 1 1 1 1 1 1 1 1 1 0 0 0 0 0 0 1 1 1 2 2 46 141 1 1 1 1 31 6 1 1 1 2 4 186 254 254 153 1 1 1 1 1 63 250 239 239 166 143 1 1 1 1 1 1 1 1 1 1 0 0 0 0 0 0 0 0 1 1 2 181 2 1 0 0 1 0 0 1 13 126 155 166 166 89 2 2 2 2 2 2 1 1 1 1 1 45 108 4 1 1 1 1 1 1 1 1 1 1 1 4 7 14 140 159 104 12 2 1 1 2 9 34 49 48 23 11 38 40 43 44 14 1 1 1 1 1 1 1 1 0 0 1 1 0 0 0 1 1 1 1 1 221 1 1 1 1 147 225 1 1 3 1 14 249 179 1 1 1 1 1 1 1 157 251 203 178 200 3 1 1 1 1 79 251 234 43 21 176 90 1 1 1 10 169 12 1 1 1 5 58 97 3 1 1 1 1 1 1 1 1 0 1 1 99 1 1 1 0 0 1 1 11 2 1 1 5 151 76 1 1 1 53 1 0 2 55 3 231 148 2 12 3 4 1 1 1 2 41 14 21 73 51 1 1 1 0 0 1 1 0 0 0 0 0 0 0 0 1 1 1 0 0 0 0 0 1 1 1 1 2 71 3 101 114 3 11 180 168 10 1 1 1 1 1 1 1 122 161 85 1 1 1 1 4 210 206 18 24 110 147 50 27 14 1 1 1 1 1 1 1 1 1 1 21 1 219 102 196 1 0 0 1 0 1 1 1 0 0 0 0 1 1 0 1 1 1 0 1 1 0 0 0 1 1 1 1 1 1 1 23 94 91 1 1 0 1 1 1 251 255 1 1 0 0 1 6 1 0 0
0 0 0 0 0 0 0 0 0 0 0 0 1 23 28 1 1 1 0 0 0 0 0 0 0 0 0 0 0 0 0 0 0 0 0 0 0 0 0 0 0 0 1 1 3 3 1 1 1 1 1 1 0 0 0 0 1 1 0 102 14 0 0 0 0 1 1 1 1 1 98 255 255 255 94 1 1 1 1 0 0 0 1 1 1 1 239 179 3 8 8 6 7 7 7 4 2 1 1 0 2 1 3 6 7 5 3 1 1 1 1 92 252 1 1 1 0 1 1 18 1 0 1 3 133 3 1 1 1 1 1 1 1 1 1 1 0 0 0 1 1 1 1 0 0 0 0 0 0 1 1 2 1 1 104 91 1 1 1 15 20 1 1 1 1 1 1 3 159 254 254 205 50 223 194 242 176 1 1 239 143 1 1 1 1 1 1 0 1 2 1 0 0 0 0 0 0 0 0 0 1 1 66 127 1 1 1 1 0 1 69 147 33 6 1 1 37 104 101 103 101 98 98 99 98 96 96 95 49 1 1 1 1 0 0 1 1 1 1 0 1 1 1 13 1 1 2 58 144 161 158 138 91 39 11 3 2 11 21 2 1 1 1 42 2 1 1 1 1 1 1 1 1 1 1 1 1 1 1 1 1 1 1 61 186 1 1 1 22 243 1 1 2 1 204 251 19 1 1 1 1 1 1 8 235 245 52 1 2 186 163 1 1 1 25 232 251 240 180 195 34 1 1 1 2 7 41 140 1 1 1 1 10 111 155 153 137 135 107 38 6 4 1 1 1 1 95 1 1 1 1 1 1 1 1 15 1 46 159 22 1 1 1 1 16 14 1 1 23 50 97 228 210 201 210 201 5 3 36 36 45 62 14 1 33 1 1 1 1 0 0 1 1 1 0 0 0 0 0 0 0 0 0 0 0 0 1 1 1 1 1 18 68 2 116 14 1 53 189 20 1 1 1 1 1 1 2 12 143 53 2 163 1 1 0 0 1 2 192 226 37 1 1 127 14 4 26 13 1 1 1 1 1 1 1 1 15 4 219 1 54 213 75 1 1 0 0 1 1 1 1 0 0 0 0 0 0 1 1 0 1 0 0 0 0 1 1 0 0 0 0 1 1 63 4 1 1 0 1 1 1 3 255 250 1 0 0 1 9 1 0 0
0 0 0 0 0 0 0 0 0 0 0 0 1 2 70 1 1 0 0 0 0 0 0 0 0 0 0 0 0 0 0 0 0 0 0 0 0 0 0 0 0 0 0 0 6 1 0 0 0 0 0 0 0 0 0 0 0 0 1 131 1 0 0 0 0 0 1 1 1 1 1 1 1 134 255 255 231 5 1 1 1 1 1 1 1 143 247 1 1 1 1 1 1 1 1 2 5 3 1 1 1 9 2 1 0 1 2 0 0 1 1 18 255 3 1 1 0 1 17 2 1 1 1 94 44 1 1 1 0 0 1 1 1 0 0 0 0 0 0 1 1 1 1 1 0 0 0 0 1 1 2 1 0 0 1 149 27 1 11 42 1 0 0 2 1 1 1 1 1 3 170 246 246 101 191 243 5 1 1 217 193 1 1 1 1 1 1 1 1 2 1 0 0 0 0 0 0 0 0 0 0 1 8 172 1 1 1 0 1 18 139 1 1 1 1 16 42 1 1 1 1 1 1 1 1 1 1 1 3 1 1 1 1 0 0 1 1 1 1 1 1 1 1 10 1 1 1 1 1 1 3 21 78 123 148 160 167 169 174 176 176 176 178 198 211 210 210 210 207 199 205 207 198 142 31 2 1 1 1 1 1 1 1 218 2 1 1 4 245 5 2 1 26 251 224 1 1 1 1 1 1 1 116 251 210 4 1 1 1 22 205 98 1 95 247 249 86 15 32 4 1 1 1 1 4 1 1 90 97 1 1 1 20 2 1 16 1 1 12 77 114 121 124 126 120 100 124 29 4 1 1 1 1 1 1 8 150 136 4 1 1 1 1 1 1 52 21 7 9 3 1 218 1 1 1 19 196 66 71 57 4 1 1 1 2 24 1 1 1 0 0 0 1 1 1 0 0 0 0 0 0 0 0 0 1 1 1 1 1 6 72 32 1 94 25 1 2 194 2 1 1 1 1 3 164 219 222 216 157 115 46 162 2 1 1 0 0 1 1 94 234 134 1 56 49 9 1 5 28 13 1 1 1 1 0 1 16 98 180 1 1 86 148 201 201 197 111 2 1 1 0 0 0 0 0 0 0 1 0 1 1 0 0 1 1 1 1 1 1 1 1 1 1 82 1 1 1 1 1 1 1 1 254 254 1 0 0 1 7 0 0 0
0 0 0 0 0 0 0 0 0 0 0 0 0 1 65 2 1 0 0 0 0 0 0 0 0 0 0 0 0 0 0 0 0 0 0 0 0 0 0 0 0 0 0 1 7 0 0 0 0 0 0 0 0 0 0 0 0 1 83 29 0 0 0 0 0 0 1 0 0 1 1 1 1 1 49 7 247 255 255 172 2 1 1 1 122 247 3 1 0 0 0 0 0 0 0 0 1 3 6 6 5 1 0 0 0 1 2 0 0 0 1 1 238 215 3 1 1 3 10 1 1 1 9 129 1 1 0 0 1 1 1 1 1 1 0 0 0 0 0 1 1 0 0 1 1 1 0 1 1 2 1 1 0 0 1 4 163 28 4 10 2 1 1 2 1 1 1 1 1 1 1 40 242 61 212 214 3 1 1 85 243 1 1 1 1 0 1 1 1 1 1 1 1 1 0 0 0 0 0 0 0 1 9 171 1 1 1 1 2 162 1 1 1 1 15 41 1 1 1 1 1 1 1 1 1 1 1 2 2 1 1 0 0 0 1 1 1 1 0 0 0 0 1 3 6 0 1 1 1 1 1 1 1 1 1 1 1 1 1 1 1 1 1 1 1 1 1 1 3 12 5 2 12 99 185 207 210 210 210 209 202 149 122 191 1 1 16 245 25 2 2 234 250 17 1 1 1 1 1 1 3 232 249 64 1 2 1 1 1 1 77 216 211 251 235 7 1 1 5 1 1 1 3 1 1 2 1 1 138 37 1 5 17 1 1 13 1 1 1 0 1 1 1 1 1 102 24 18 55 72 77 78 76 41 17 23 124 38 1 0 0 0 1 1 10 1 1 27 8 4 9 221 1 1 1 1 208 43 1 1 1 1 1 1 1 27 2 1 1 1 0 0 0 0 1 1 0 0 0 0 0 0 0 0 1 1 1 1 55 53 1 1 78 29 3 1 158 69 1 1 1 1 85 214 133 9 2 1 1 1 46 213 23 1 1 0 1 1 1 1 131 218 182 2 65 44 27 1 1 8 138 176 45 1 1 1 1 188 114 0 1 7 75 1 1 1 103 196 201 200 93 1 1 0 0 0 1 1 1 1 1 0 1 1 1 1 1 0 0 1 0 1 14 38 1 0 1 1 1 1 1 1 250 255 1 0 1 1 5 1 0 1
1 0 0 0 0 0 0 0 0 0 0 0 0 1 5 55 1 0 0 0 0 0 0 0 0 0 0 0 0 0 0 0 0 0 0 0 0 0 0 0 0 0 0 2 5 1 0 0 0 0 0 0 0 0 0 0 0 1 132 1 0 0 0 0 0 1 1 0 1 1 1 1 1 1 48 1 1 1 23 253 255 253 52 135 250 4 1 1 0 1 0 0 0 0 0 0 0 1 1 1 1 0 0 0 0 1 2 0 0 0 1 1 15 238 255 246 201 57 2 1 1 1 126 9 1 0 0 1 2 1 1 1 0 0 0 0 1 1 2 3 1 1 0 0 1 1 1 1 2 1 0 1 1 0 0 1 26 165 13 1 1 2 2 1 1 1 1 1 1 1 1 28 231 243 223 103 124 55 2 1 242 220 3 1 1 1 1 1 1 1 2 1 1 0 0 0 0 0 0 0 1 1 21 161 1 1 1 1 160 4 1 1 1 5 60 1 1 1 1 1 1 1 1 1 1 1 2 1 1 0 0 0 0 1 1 0 1 1 1 1 0 1 1 6 3 1 1 1 1 1 1 1 1 1 1 1 1 1 1 1 1 1 1 1 1 1 1 1 1 1 1 1 1 1 1 1 1 1 1 2 9 94 136 10 1 114 244 12 2 135 251 182 1 1 1 1 1 1 1 105 251 219 3 1 1 1 1 1 1 1 1 157 249 218 2 1 1 1 2 4 1 1 3 1 1 3 1 1 8 163 18 6 3 2 4 3 1 1 1 1 1 1 0 0 1 66 1 1 1 1 1 1 1 40 16 1 85 75 1 0 0 0 1 5 1 1 1 1 60 5 5 156 170 1 1 108 161 1 1 1 1 0 0 1 1 1 35 1 1 1 1 0 0 0 0 1 1 1 0 0 1 1 1 1 1 1 40 72 5 1 39 106 40 2 2 127 101 1 1 1 2 159 173 34 1 1 1 1 1 1 1 13 213 105 1 1 1 1 1 33 98 2 198 130 2 57 79 128 140 140 67 5 154 88 1 1 1 71 208 1 0 1 77 5 1 0 1 0 1 1 120 201 118 1 0 0 1 1 9 2 1 1 1 1 0 0 1 1 0 0 0 1 80 1 0 0 1 0 1 1 1 1 101 255 1 0 1 1 1 5 1 1
1 1 0 0 0 0 0 0 0 1 1 0 0 1 1 70 1 0 0 0 0 0 0 0 0 0 0 0 0 0 0 0 0 0 0 0 0 0 0 0 0 0 0 1 7 1 0 0 0 0 0 0 0 0 0 0 1 58 52 0 0 0 0 0 0 1 1 0 1 1 2 2 1 1 45 1 1 1 1 1 1 188 255 255 61 1 1 0 1 1 0 0 0 0 0 0 0 0 0 0 1 1 0 0 0 1 2 0 0 0 1 2 1 1 18 166 246 255 255 252 233 156 112 1 1 1 2 2 4 1 1 1 0 0 0 1 3 2 1 1 3 1 1 0 0 1 1 3 1 0 0 1 1 1 0 1 5 113 75 1 1 1 1 1 0 0 1 1 1 1 2 220 99 1 1 1 1 56 129 80 3 193 250 236 13 1 1 0 1 1 1 1 1 1 1 1 1 0 0 0 1 1 75 122 1 1 1 134 27 1 1 2 1 65 1 1 1 1 1 1 1 1 1 1 1 1 1 1 1 1 0 0 1 1 1 1 1 1 2 3 3 3 4 27 1 1 1 1 1 1 1 1 1 1 1 1 1 1 1 1 1 1 1 1 0 1 1 0 1 1 0 0 0 1 1 1 1 1 1 1 1 1 6 3 231 235 3 26 250 242 1 1 1 1 1 1 1 6 234 249 73 1 1 1 1 1 1 1 1 1 1 6 219 196 1 1 3 1 1 1 3 1 3 1 1 2 1 1 1 152 59 1 1 3 12 1 1 1 1 1 1 1 0 0 1 65 1 0 1 1 1 1 4 5 28 15 158 1 1 0 0 0 1 4 1 1 1 1 43 1 1 28 206 80 131 189 1 1 1 0 0 0 0 0 1 1 15 12 5 1 1 0 0 0 0 0 1 1 1 1 1 1 1 1 25 83 16 1 1 20 80 1 1 3 15 189 1 1 1 40 196 73 79 1 1 1 1 1 1 1 1 1 1 183 169 1 1 1 14 117 1 4 9 226 6 1 5 4 1 1 1 1 23 101 112 2 1 5 225 1 0 1 3 85 1 0 1 1 0 0 0 1 95 198 26 1 1 1 2 3 1 1 1 1 1 1 1 1 1 1 1 1 76 1 0 1 1 0 1 1 1 1 13 255 1 0 1 1 1 5 1 1
1 1 1 0 0 0 0 1 1 1 1 1 1 1 1 72 1 0 0 0 0 0 0 0 0 0 0 0 0 0 0 0 0 0 0 0 0 0 0 0 0 0 0 0 7 1 0 0 0 0 0 0 0 0 0 1 7 115 1 0 0 0 0 0 1 1 0 1 1 247 255 255 255 255 247 190 31 2 1 1 1 29 250 52 208 224 94 1 1 0 0 0 0 0 0 0 0 0 0 0 1 1 0 0 0 1 2 0 0 0 2 1 1 1 1 1 71 2 2 38 196 243 59 64 63 38 11 2 1 1 1 1 0 0 0 1 3 1 0 0 1 2 1 1 1 1 3 2 1 0 1 1 1 1 1 4 4 72 18 43 1 1 1 1 1 1 1 1 1 1 88 221 1 1 1 1 1 1 1 33 125 97 5 143 249 243 38 1 1 1 1 2 1 1 1 1 1 1 0 0 0 1 161 18 1 1 94 78 1 1 1 1 5 63 1 1 1 1 1 1 1 1 1 1 1 1 1 1 1 1 1 1 4 4 3 3 3 2 2 1 1 1 1 22 1 0 0 1 1 1 1 1 1 0 0 1 1 1 1 29 122 81 4 1 1 1 1 1 0 1 1 1 1 1 1 0 0 1 1 1 1 4 233 248 137 35 252 250 51 1 1 1 1 1 1 4 190 251 213 3 1 1 1 1 1 1 1 1 1 1 1 1 200 214 6 2 1 3 2 1 1 9 2 1 3 1 1 1 1 169 25 1 3 1 12 1 1 1 1 1 2 2 2 1 1 62 1 1 1 1 3 7 2 1 55 194 1 1 1 0 0 0 2 3 1 1 1 3 24 1 1 109 127 1 172 3 1 0 0 0 0 0 0 0 1 1 2 5 27 1 1 0 0 0 0 1 1 1 1 1 2 21 50 54 10 1 15 1 16 79 5 5 5 4 190 10 1 1 20 189 17 60 6 4 1 1 1 0 1 1 0 0 1 1 126 197 3 14 122 1 3 7 1 159 184 15 3 1 1 1 1 1 8 13 83 158 91 2 225 8 0 1 1 66 12 1 0 1 1 0 0 0 0 1 169 130 1 1 1 9 3 1 16 11 18 7 1 1 1 1 1 54 5 1 0 1 0 0 1 1 1 1 120 255 1 1 1 1 1 4 1 0
4 2 1 1 0 0 0 1 0 0 0 0 0 1 2 68 1 0 0 0 0 0 0 0 0 0 0 0 0 0 0 0 0 0 0 0 0 0 0 0 0 0 0 0 1 5 0 0 0 0 0 0 1 1 1 25 115 2 0 0 0 0 0 1 1 1 1 1 2 255 1 1 1 3 75 226 250 253 253 253 253 250 18 1 1 2 190 224 148 1 1 0 0 0 0 0 1 0 1 1 1 1 0 0 0 1 2 0 0 1 1 0 1 1 1 3 57 1 1 1 143 241 1 1 1 9 29 42 43 36 13 2 1 1 1 3 1 1 1 0 1 1 2 3 3 3 1 1 2 1 1 0 0 1 4 4 1 71 1 23 37 1 1 1 1 2 1 1 0 1 229 49 1 1 0 0 1 1 1 1 1 19 119 109 9 86 248 248 84 1 1 1 2 2 1 1 1 2 2 1 1 1 182 3 1 47 116 1 1 1 1 1 79 3 4 4 3 2 1 1 1 1 0 0 1 1 1 4 4 4 4 4 1 1 1 0 0 0 0 1 2 20 22 1 1 1 1 1 1 1 1 1 1 1 1 1 160 251 251 247 238 243 251 251 251 162 1 1 1 1 1 1 1 1 1 1 1 1 1 135 250 250 156 2 96 250 15 1 1 0 1 1 1 1 114 250 241 76 1 1 0 1 1 1 1 1 1 1 1 1 1 1 205 216 5 1 1 1 1 1 2 3 9 1 2 1 1 1 1 184 4 1 4 1 10 1 1 1 1 1 1 1 1 3 9 32 6 1 1 4 2 1 1 60 28 168 6 1 0 0 0 0 1 2 5 2 1 39 1 0 1 204 3 3 174 1 1 0 0 0 0 0 0 0 1 1 1 1 2 18 1 0 0 1 1 1 1 24 49 48 44 11 1 1 1 1 13 83 133 6 2 2 2 112 112 1 1 1 189 65 43 3 1 20 2 3 27 18 1 1 1 1 1 1 1 73 221 171 2 3 8 1 1 1 179 225 229 220 111 32 70 42 34 58 43 1 82 139 155 190 1 1 1 2 93 1 1 0 1 0 0 0 0 0 1 81 187 3 1 1 3 10 3 1 1 3 27 1 0 1 1 81 1 0 1 0 0 0 0 1 1 1 250 255 1 1 1 1 1 1 4 1
2 4 5 4 3 1 1 1 0 0 0 0 1 1 52 6 1 0 0 0 0 0 0 0 0 0 0 0 0 0 0 0 0 0 0 0 0 0 0 0 0 0 0 1 1 7 1 0 1 1 1 1 1 21 120 89 1 1 0 0 0 0 1 1 0 1 1 1 1 253 193 2 1 1 0 1 1 1 1 1 1 1 1 0 0 1 3 1 139 223 173 2 1 0 0 0 1 1 1 1 1 0 0 0 0 1 2 0 1 1 0 0 0 0 0 67 2 1 1 1 230 176 1 1 1 1 1 1 1 2 10 33 41 40 26 7 1 1 1 1 1 1 1 1 1 1 1 0 1 1 1 1 1 4 4 1 1 70 0 1 50 11 1 1 1 1 1 1 1 55 226 11 11 1 1 0 0 0 1 1 1 0 1 9 111 118 17 32 243 249 152 2 1 1 1 2 4 2 2 4 4 2 154 29 10 148 1 1 2 1 1 5 65 1 1 0 0 1 2 1 1 1 1 1 1 2 3 1 1 1 1 1 0 0 0 0 0 0 1 24 17 1 1 1 1 0 1 1 0 0 1 1 1 1 44 249 236 3 2 1 1 1 2 2 5 232 250 122 1 1 1 1 1 1 11 161 242 250 250 237 13 2 15 248 245 3 1 1 1 1 1 1 32 245 250 104 1 1 2 1 1 1 1 1 1 1 1 1 1 1 1 4 214 209 1 1 1 1 1 1 1 1 6 4 1 3 1 1 1 190 3 3 2 1 8 1 1 1 1 1 0 1 1 5 17 1 29 4 3 1 1 4 68 10 1 6 166 1 1 0 0 0 1 1 1 2 27 13 1 1 1 211 1 132 71 1 1 0 0 0 0 0 0 0 1 1 1 1 1 25 1 1 1 1 13 49 45 6 1 2 13 41 66 78 74 78 83 87 2 1 1 1 54 171 1 1 1 91 182 47 35 75 99 77 78 48 10 19 61 7 1 1 1 1 1 1 3 192 112 12 1 1 1 1 1 1 1 37 198 223 226 229 229 229 228 147 2 5 160 228 1 1 1 1 49 23 1 1 1 1 0 0 0 1 1 1 6 193 40 1 1 1 1 1 1 1 5 39 3 1 8 48 1 1 1 0 0 0 1 1 1 1 254 254 1 1 0 1 1 1 2 1
1 1 1 2 3 6 3 1 1 0 0 0 1 31 18 1 1 0 0 0 0 0 0 0 0 0 0 0 0 0 0 0 0 0 0 0 0 0 0 0 0 1 1 1 1 1 5 2 76 130 133 133 130 93 4 1 0 0 0 0 1 1 1 0 1 1 0 0 1 2 237 255 222 6 1 1 1 0 1 1 0 0 0 0 1 3 1 1 1 1 106 221 118 1 0 0 1 1 0 0 0 0 0 1 1 1 2 1 2 1 0 0 0 0 1 64 1 0 1 5 247 46 1 1 1 0 1 1 1 1 0 1 1 1 4 30 1 1 1 1 0 1 1 1 1 1 0 1 1 1 1 2 5 4 1 1 1 70 0 0 1 84 2 1 1 1 0 0 1 215 83 5 3 19 1 1 1 1 1 1 0 0 0 0 1 4 98 124 31 8 233 249 250 245 105 1 2 1 1 1 1 2 35 206 165 1 1 2 1 1 1 78 1 0 0 0 1 1 1 3 1 1 1 2 4 2 1 1 0 0 0 0 0 0 0 0 0 0 15 2 1 1 0 1 1 1 1 1 1 1 1 1 1 233 247 15 1 1 1 1 1 1 1 1 1 2 3 238 251 250 250 250 250 250 250 234 96 3 2 1 7 234 252 75 1 1 1 1 1 1 44 236 252 173 3 1 1 1 2 1 1 1 1 1 1 1 1 1 1 1 1 146 219 69 1 1 1 1 1 1 1 0 1 25 3 1 1 1 3 186 1 1 3 2 7 1 1 1 1 1 0 0 1 14 4 1 9 48 1 1 18 49 1 2 1 1 53 125 1 1 0 0 1 1 1 1 67 1 1 1 49 170 42 115 2 12 1 0 0 0 0 0 0 0 1 1 1 31 87 52 45 46 48 47 14 1 1 2 73 80 67 79 81 71 64 63 54 14 156 200 200 200 161 1 1 1 66 189 63 98 88 46 18 22 49 67 36 1 1 33 112 130 26 1 1 1 1 14 180 170 1 1 1 1 1 1 1 1 1 1 1 1 1 2 7 186 214 5 20 247 2 1 1 1 1 99 1 1 1 1 1 1 1 1 0 0 1 1 162 86 1 1 1 1 1 1 1 1 28 49 97 1 0 1 1 0 0 0 1 1 1 1 255 222 1 1 1 1 1 1 1 2
1 1 1 1 1 1 3 5 1 1 0 1 4 59 1 1 0 0 0 0 0 0 0 0 0 0 0 0 0 0 0 0 0 0 0 0 0 0 0 0 1 1 0 1 1 4 129 121 28 1 1 1 1 0 0 0 0 0 0 0 1 1 0 0 1 0 0 0 0 0 0 1 222 255 237 13 1 1 1 0 0 0 0 0 1 3 0 1 1 1 1 1 163 164 1 0 1 1 0 0 0 0 1 1 0 1 2 2 1 1 1 0 0 0 60 3 1 0 1 34 249 5 1 1 1 0 0 1 1 1 1 0 1 1 1 31 1 1 1 1 1 1 1 0 0 1 2 6 6 6 6 16 23 13 9 10 10 95 15 15 14 36 85 1 1 1 1 0 18 224 3 1 1 5 16 1 1 1 1 1 1 1 0 0 0 1 1 2 79 125 49 2 2 43 245 118 2 1 1 1 1 1 1 29 57 26 4 1 1 1 5 63 1 0 1 1 1 1 1 1 2 3 3 1 1 1 0 0 0 0 0 0 0 0 0 0 0 0 5 8 0 1 1 1 1 1 143 247 251 251 251 251 251 166 1 1 1 1 1 1 1 1 0 1 1 1 2 4 2 5 3 2 2 2 2 1 4 100 176 178 164 244 2 1 1 1 1 1 33 226 243 229 134 1 1 1 0 1 1 3 1 1 1 1 1 1 1 1 1 1 1 210 207 1 1 1 1 1 1 2 1 1 5 18 11 1 1 1 46 161 1 1 4 7 2 1 1 1 1 1 1 1 3 8 1 6 7 85 59 55 24 1 1 1 4 1 1 125 59 1 0 1 1 0 1 12 31 1 1 1 204 24 148 1 1 13 2 1 1 1 1 0 1 1 1 33 82 21 1 1 1 1 1 1 1 1 44 88 129 222 224 211 201 201 203 201 200 193 60 1 1 1 1 1 1 44 183 88 105 22 1 1 1 1 1 1 9 60 68 45 53 4 99 143 30 1 1 6 59 76 189 3 1 1 0 1 1 0 1 1 1 1 1 1 6 4 95 211 2 225 180 1 0 1 1 34 39 1 1 1 1 1 0 1 1 1 1 1 1 185 9 0 1 1 1 1 1 0 0 1 31 1 1 1 1 0 0 1 1 1 1 192 255 1 1 1 1 1 1 1 1 1
1 0 0 0 0 1 1 1 5 1 1 1 61 3 1 0 0 0 0 0 0 0 0 0 0 0 0 0 0 0 0 0 0 0 0 0 0 0 0 0 1 1 1 1 72 129 7 1 0 0 0 0 0 0 0 0 0 0 0 1 1 0 0 1 1 0 0 0 0 0 0 0 1 2 190 253 56 1 0 0 0 0 0 1 3 1 0 1 0 0 1 1 1 127 160 1 1 1 0 1 1 1 1 0 0 1 1 1 1 1 1 1 1 1 67 1 0 0 1 45 249 4 1 1 1 0 0 1 1 1 1 1 1 1 1 29 1 1 0 1 1 1 1 1 1 6 3 1 1 1 1 4 5 1 1 1 1 36 1 2 2 2 57 49 1 1 0 1 198 104 1 1 1 0 1 17 19 2 1 1 0 1 1 1 0 0 0 0 1 1 60 125 70 2 3 242 248 63 1 1 1 1 1 1 10 2 18 25 13 7 43 7 1 1 1 1 1 1 1 1 1 1 1 1 1 1 0 0 0 0 0 0 0 0 0 0 0 0 1 23 1 1 162 250 251 251 238 29 1 1 1 1 1 1 1 1 1 1 1 2 2 2 2 2 2 2 3 16 86 150 176 180 177 100 174 179 172 83 2 1 1 234 44 1 1 2 96 233 239 121 2 49 212 1 1 1 1 1 1 2 1 1 1 1 1 1 1 1 1 1 77 216 142 1 1 1 1 1 2 1 3 9 2 1 22 3 1 80 172 14 1 1 4 11 1 1 1 1 1 1 1 1 6 15 7 28 39 1 12 6 1 1 1 1 1 2 1 1 172 7 1 0 0 0 1 34 52 20 1 1 211 166 1 1 1 1 17 2 1 1 1 4 9 9 49 53 1 1 1 0 0 0 1 1 4 81 79 219 180 7 1 1 1 1 1 1 1 1 1 1 1 1 1 1 57 185 78 111 30 1 1 2 2 2 2 2 2 1 1 5 1 1 1 1 111 31 1 21 29 1 22 196 10 1 1 0 1 0 0 1 1 1 1 2 2 1 2 190 141 76 243 2 1 1 1 1 99 1 0 0 1 1 4 174 198 195 176 171 195 103 1 1 1 1 0 1 1 0 0 16 4 1 1 0 1 0 1 1 1 1 1 254 254 1 1 1 1 1 1 1 1 1
2 1 0 0 1 1 1 1 3 4 1 8 50 1 0 0 0 0 0 0 0 0 0 0 0 0 0 0 0 0 0 0 0 0 0 0 0 0 0 0 0 1 5 131 48 1 1 1 1 0 0 0 0 0 0 0 0 0 1 1 0 0 1 1 0 0 0 0 0 0 0 0 1 1 1 83 252 1 0 0 0 0 0 1 3 0 1 1 0 0 0 0 1 1 162 113 1 1 1 1 1 1 0 0 0 0 0 0 0 1 1 0 1 50 6 1 0 0 1 23 249 7 1 1 1 1 1 1 1 1 1 1 0 1 2 23 1 0 0 0 0 1 1 1 5 1 1 0 0 0 1 4 6 1 1 1 1 31 0 1 1 0 1 98 11 1 1 6 224 6 1 1 1 1 1 1 1 26 1 0 0 0 0 1 1 1 1 1 1 1 1 1 36 122 92 4 34 245 249 204 2 1 1 1 10 1 1 1 5 13 16 2 1 1 1 1 1 1 0 0 0 0 0 0 0 1 0 0 0 0 0 0 0 0 0 1 1 7 213 251 252 251 234 15 1 1 1 1 1 1 1 1 1 1 1 1 1 1 1 1 1 1 1 1 1 2 177 159 111 23 2 1 3 82 2 1 0 1 1 1 1 65 231 39 212 235 233 104 2 1 1 1 221 21 1 1 1 1 1 1 2 1 1 1 1 1 1 1 1 1 201 212 1 1 1 1 1 1 1 2 3 1 1 1 1 50 144 142 2 1 1 2 3 11 1 1 1 1 1 1 3 3 1 109 83 13 1 1 1 3 1 2 1 1 1 2 1 1 4 176 20 1 1 1 1 18 1 8 48 138 204 83 1 1 1 10 21 29 26 25 37 11 1 1 80 7 1 1 0 0 0 1 1 2 82 100 214 12 2 11 10 2 1 1 1 1 1 1 1 1 6 79 183 202 185 75 97 92 1 1 1 1 1 1 1 1 1 1 2 2 2 1 1 1 1 107 37 73 16 1 1 6 196 41 1 1 1 0 0 1 1 1 1 6 1 1 1 14 228 6 216 210 24 1 1 1 74 8 1 1 1 25 183 23 1 2 28 45 32 72 14 1 1 1 0 0 1 1 1 34 1 1 0 0 1 0 1 1 0 1 2 255 205 1 1 1 1 1 1 1 1 1
5 1 1 1 1 0 0 1 3 4 1 66 2 1 0 0 0 0 0 0 0 0 0 0 0 0 0 0 0 0 0 0 0 0 0 0 0 0 0 0 1 20 125 3 1 1 0 1 1 0 0 0 0 0 0 0 0 1 1 0 0 1 1 0 0 0 0 0 0 0 0 0 1 1 1 210 234 1 0 0 0 0 1 4 1 0 1 1 0 0 0 0 0 1 1 193 86 15 1 1 1 0 0 0 0 0 0 0 0 1 1 0 1 70 1 0 0 0 1 3 247 76 1 1 1 1 1 1 1 1 1 1 0 0 5 13 1 0 0 0 1 1 1 1 3 1 0 0 0 0 1 5 6 1 1 1 1 31 0 1 1 1 1 1 115 2 1 184 128 1 1 1 0 0 0 1 4 8 0 0 0 0 0 0 1 1 1 1 1 1 1 1 1 1 19 116 106 9 2 209 249 247 53 9 2 1 1 1 1 1 21 1 1 1 1 1 1 0 0 0 0 0 0 0 0 0 0 1 2 74 191 215 214 212 235 250 252 248 203 5 1 1 1 1 1 1 1 1 1 1 1 1 1 1 1 1 2 3 27 133 179 181 182 181 179 149 131 1 1 3 1 1 0 1 0 0 0 1 1 1 4 231 252 228 175 78 1 1 1 1 1 1 163 143 1 1 1 1 1 1 1 2 1 1 1 1 1 1 2 14 217 191 1 1 1 1 1 1 5 2 1 1 1 1 23 195 103 3 1 1 2 1 2 4 12 1 1 1 1 1 1 6 125 23 1 1 1 1 1 1 13 5 9 9 9 6 4 1 2 79 176 17 2 1 23 1 1 1 1 229 175 1 1 1 15 2 0 0 1 0 1 38 45 68 2 2 2 1 1 1 1 1 1 61 137 199 3 157 204 196 196 203 206 206 206 203 203 201 202 205 200 151 57 71 65 136 66 1 1 1 1 0 0 0 0 0 0 0 0 1 1 1 2 1 1 1 114 50 5 19 21 22 11 192 22 1 1 1 1 1 1 4 20 3 1 1 1 1 190 147 158 185 214 219 213 211 204 177 186 186 196 167 2 5 219 254 254 255 255 255 255 254 46 1 1 1 1 1 2 23 1 1 0 0 1 1 1 1 1 1 247 255 1 1 1 1 2 1 1 1 1 1
36 30 2 1 1 1 1 1 5 2 27 26 1 0 0 0 0 0 0 0 0 0 0 0 0 0 0 0 0 0 0 0 0 0 0 0 0 0 0 1 37 105 1 1 1 1 0 1 1 0 0 0 0 0 0 0 0 1 0 0 1 1 0 0 0 0 0 0 0 0 0 1 222 255 255 242 1 0 0 0 0 0 1 3 1 0 0 1 0 0 0 0 0 0 1 1 193 44 15 7 1 0 0 0 0 0 0 0 0 1 0 0 39 10 1 0 1 1 1 1 201 223 1 1 1 1 1 1 1 1 1 1 0 0 2 21 1 1 1 1 1 1 1 0 1 5 3 2 1 0 1 5 5 1 1 1 1 30 1 1 1 1 1 1 4 118 69 224 11 1 1 1 1 0 1 1 14 1 0 0 0 1 1 1 1 0 0 0 1 1 1 1 1 1 1 1 13 128 117 14 1 42 245 253 199 10 2 1 1 3 11 1 1 1 0 1 0 0 0 0 0 0 1 1 1 1 233 252 251 243 220 199 203 206 146 4 1 1 1 1 1 1 1 1 1 1 3 28 120 171 182 183 183 182 182 182 179 175 148 45 1 1 1 1 1 31 1 1 1 1 3 1 0 1 1 1 1 1 2 234 252 222 145 72 1 1 0 0 1 1 1 1 163 143 1 1 1 1 1 1 1 1 2 1 1 1 1 1 1 153 170 199 105 5 1 1 2 6 1 1 1 1 1 65 155 50 52 6 7 6 3 1 1 2 13 2 1 1 1 1 44 125 2 1 1 1 1 1 1 1 8 1 1 1 1 1 1 5 3 1 131 49 11 21 12 1 1 1 1 229 169 1 1 11 3 0 1 1 0 1 31 114 5 1 1 1 12 2 1 1 1 1 1 197 190 3 172 85 1 1 1 1 1 1 1 2 2 3 3 1 3 41 44 82 132 5 1 1 1 1 0 0 0 0 0 0 0 0 0 1 1 1 1 1 2 1 124 128 76 3 1 1 8 29 197 9 1 1 14 189 206 200 193 108 1 1 1 1 3 222 52 45 185 195 171 59 14 12 12 9 1 1 1 244 254 254 254 252 230 178 252 254 254 119 1 1 1 1 29 1 1 1 1 1 1 1 0 1 1 1 255 251 1 1 1 1 1 3 1 1 1 1
1 6 39 40 5 1 1 4 3 7 53 1 0 0 0 0 0 0 0 0 0 0 0 0 0 0 0 0 0 0 0 0 0 0 0 0 0 1 1 85 101 1 1 1 1 1 1 1 1 0 0 0 0 0 0 0 0 1 0 1 1 0 0 0 0 0 0 0 0 0 0 110 250 1 1 0 0 0 0 0 0 1 5 1 1 1 1 1 0 0 0 0 0 0 1 1 1 191 38 3 11 7 1 0 0 0 0 0 0 0 0 1 68 2 0 0 1 1 0 1 96 247 1 1 1 1 0 1 1 1 1 1 1 1 1 24 2 1 1 1 1 1 1 1 0 1 1 20 4 0 1 5 5 1 1 1 1 30 1 1 1 1 0 0 1 1 213 164 3 2 2 2 2 1 1 19 1 1 1 1 1 1 0 0 0 0 0 1 1 1 1 1 1 1 1 1 7 1 16 117 126 34 39 36 229 253 249 94 7 16 1 1 1 1 1 1 1 1 1 1 1 1 1 1 99 248 158 1 1 1 1 1 1 1 1 1 1 1 1 2 24 127 172 179 181 183 178 149 69 4 1 1 1 1 1 1 0 1 1 1 1 1 1 0 0 1 1 1 1 1 1 2 1 1 1 1 5 243 252 225 120 76 1 0 0 0 0 1 1 1 1 1 168 136 1 1 1 1 1 1 1 1 1 1 1 1 1 1 1 166 170 19 99 176 119 26 6 2 1 1 1 3 125 130 2 1 49 1 1 2 14 1 1 2 1 15 1 1 1 103 90 1 1 1 1 1 1 1 1 1 13 1 1 1 1 1 1 1 9 1 9 170 6 3 1 1 1 1 15 234 114 3 8 1 2 0 1 1 1 30 8 64 3 3 3 3 10 1 1 1 1 1 123 241 12 176 57 1 1 1 1 1 1 1 1 1 1 1 4 39 53 35 138 58 1 1 1 1 1 0 0 0 0 0 0 0 0 0 0 0 0 0 1 1 1 3 30 1 5 85 57 1 1 3 58 199 58 25 201 19 1 1 2 174 31 1 1 1 1 17 222 157 10 4 50 167 192 192 192 182 169 156 39 254 254 2 90 203 218 204 6 119 254 254 18 1 0 1 34 1 0 0 0 1 1 1 1 1 1 241 255 10 1 0 1 1 1 1 4 1 1 1
1 1 1 5 56 24 2 3 4 65 2 1 0 0 0 0 0 0 0 0 0 0 0 0 0 0 0 0 0 0 0 0 0 0 0 1 2 95 137 39 1 1 1 1 1 1 0 1 1 0 0 0 0 0 0 0 0 1 1 1 0 0 0 0 0 0 0 0 0 0 1 255 6 1 0 0 0 0 0 0 1 3 1 1 1 1 1 0 0 0 0 0 0 0 1 1 1 1 198 41 1 2 11 3 1 1 0 0 0 0 0 25 17 1 0 0 1 1 0 1 20 250 9 1 1 0 1 1 1 1 1 1 0 0 1 1 21 15 1 1 1 1 0 0 1 1 15 3 11 3 1 17 1 1 1 1 1 30 1 0 0 1 1 0 0 1 219 118 4 1 1 1 1 1 1 20 3 1 0 0 0 0 0 1 1 1 1 1 0 0 0 0 1 1 1 1 5 1 1 1 6 126 161 15 1 1 64 247 253 253 249 241 200 137 120 164 228 244 249 251 252 252 252 252 241 10 0 1 1 1 1 2 2 3 83 161 178 182 185 184 155 64 7 3 2 1 1 1 1 1 1 1 0 0 0 1 1 1 0 0 0 1 1 1 1 1 1 0 0 0 1 3 1 1 147 252 252 222 101 33 1 0 0 0 0 0 1 1 1 1 1 1 184 122 1 1 1 1 1 1 1 1 1 2 1 1 1 1 96 150 97 1 1 3 67 148 149 65 1 1 20 152 70 1 1 1 52 2 9 16 2 15 2 3 2 15 29 9 144 34 1 1 1 1 1 1 1 1 2 31 40 13 15 16 17 13 2 3 4 5 2 19 191 12 1 1 1 1 81 234 49 8 1 0 2 1 1 1 30 6 1 54 1 1 1 1 1 6 1 1 1 28 142 148 235 138 1 1 1 1 1 1 1 1 1 3 29 59 48 13 92 121 2 1 1 1 1 1 0 0 0 0 0 0 0 0 0 0 0 0 0 1 1 0 1 14 1 1 1 1 25 81 1 1 1 32 191 194 9 1 1 1 1 3 183 18 1 1 1 1 6 183 229 229 225 219 208 220 225 225 230 242 197 255 251 247 239 207 188 206 247 171 149 254 253 1 1 1 34 1 1 0 1 1 1 1 1 1 5 255 250 1 1 1 1 1 1 1 1 3 0 1
9 4 11 7 2 23 29 2 56 11 1 1 1 0 0 0 0 0 0 0 0 0 0 0 0 0 0 0 0 0 0 0 0 1 1 77 135 30 1 1 1 1 0 0 0 1 0 1 1 0 0 0 0 0 0 0 0 1 1 0 0 0 0 0 0 0 0 0 0 0 65 253 1 1 0 0 0 0 0 0 1 5 0 0 0 1 1 0 0 0 0 0 0 1 1 1 1 13 22 178 51 1 1 5 12 12 12 13 11 2 1 65 2 1 0 0 0 1 1 1 1 211 213 1 1 1 1 0 0 1 1 1 1 1 1 0 1 5 18 0 1 0 1 1 1 15 6 1 1 8 12 3 1 1 1 1 2 43 2 2 2 2 1 1 1 2 224 184 154 99 1 1 1 1 1 1 13 7 1 0 1 1 1 1 1 1 1 0 0 0 1 1 1 0 1 6 1 1 1 0 1 8 4 76 103 18 3 1 1 1 9 122 217 240 240 231 187 72 7 2 1 1 1 1 1 1 1 2 2 2 2 8 140 178 114 16 5 2 1 1 1 1 1 1 0 1 1 1 1 1 1 1 1 1 1 1 1 1 1 1 1 1 1 1 1 1 0 0 1 1 1 6 243 252 250 131 88 4 1 0 0 1 1 1 1 1 1 1 1 1 1 157 224 30 1 1 0 1 1 1 1 1 0 1 1 1 1 1 169 168 6 1 1 1 1 4 66 123 174 152 177 47 1 1 1 4 2 49 22 41 1 2 4 1 1 16 136 224 173 142 135 140 140 140 135 135 143 165 119 4 22 1 1 1 1 1 10 23 6 1 1 1 22 185 196 193 135 4 72 237 52 8 1 1 1 0 0 22 9 1 1 53 1 0 0 1 1 11 1 1 15 160 2 1 99 91 108 134 109 112 120 136 145 127 92 61 17 6 118 144 45 1 1 1 1 1 1 1 0 0 0 0 0 0 0 0 0 0 0 0 0 0 1 1 7 3 0 1 1 1 1 18 77 1 1 1 2 17 21 17 5 1 1 1 3 186 19 1 1 1 1 1 2 10 30 76 106 68 34 21 17 179 252 255 252 6 1 1 1 1 7 242 71 252 254 155 1 1 31 1 1 1 1 1 1 1 1 1 253 254 2 1 1 1 1 0 1 1 1 4 1 1
7 21 6 1 1 1 27 55 40 1 1 1 1 0 0 0 0 0 0 0 0 0 0 0 0 0 0 0 0 0 0 0 1 4 130 48 1 1 1 1 0 1 0 0 0 1 0 1 1 0 0 0 0 0 0 0 1 1 0 0 0 0 0 0 0 0 0 0 0 1 253 30 0 1 0 0 0 0 0 1 3 1 1 1 0 0 1 0 1 1 0 0 0 1 0 1 8 6 1 1 174 53 1 1 1 1 1 1 1 9 26 38 1 0 0 0 1 1 1 1 1 88 247 1 1 1 0 0 0 0 0 1 0 1 1 1 1 1 32 1 1 1 1 1 9 9 1 1 1 0 0 1 2 21 29 36 45 72 82 84 85 88 90 90 86 86 164 196 196 219 221 86 2 1 1 1 1 8 17 1 1 1 1 0 1 0 0 1 1 1 1 0 0 0 1 6 1 1 0 0 1 8 0 1 2 68 97 31 5 1 1 1 1 1 1 1 1 1 1 1 0 0 1 1 2 3 2 2 1 3 136 167 35 1 2 1 1 1 1 1 1 1 1 1 1 1 1 1 1 1 1 1 1 0 0 0 0 0 0 0 1 1 0 1 1 1 1 1 1 151 252 252 224 112 38 1 1 1 2 0 0 1 0 0 0 1 1 1 1 14 221 157 1 21 6 1 1 1 1 1 1 1 1 1 2 1 1 20 176 134 1 1 1 1 1 15 1 1 5 181 179 100 111 110 84 24 7 3 1 1 43 1 2 8 1 129 192 5 2 19 3 1 1 1 2 3 23 3 34 117 83 1 1 1 1 1 2 1 3 12 13 4 1 1 1 16 93 195 161 240 90 7 4 1 1 1 6 28 1 1 1 27 6 1 0 1 1 12 1 7 164 3 1 66 12 43 60 51 46 44 36 24 17 37 83 95 105 137 15 1 1 1 1 1 1 1 1 1 0 0 0 0 0 0 0 0 0 0 0 0 0 1 1 6 5 1 0 0 1 1 1 1 29 69 2 1 1 1 1 1 7 15 18 18 4 3 186 28 1 1 1 1 1 1 1 1 1 1 1 1 1 5 221 254 254 1 1 1 1 1 1 153 226 6 254 254 1 1 29 1 1 1 1 1 1 1 1 245 255 77 1 1 1 1 1 1 1 1 1 6 22 97
3 1 4 4 1 1 1 34 22 2 1 1 1 1 0 0 0 0 0 0 0 0 0 0 0 0 0 0 0 0 0 1 5 128 4 1 0 1 1 1 0 1 0 0 1 1 0 1 1 0 0 0 0 0 0 1 1 1 0 0 0 0 0 0 0 0 0 0 0 1 255 1 1 1 1 1 1 1 1 2 8 2 1 1 1 1 1 1 1 1 0 0 1 1 0 3 13 1 1 1 1 178 119 1 1 1 1 0 0 1 29 2 1 0 0 0 0 1 1 0 1 30 247 25 1 1 1 0 0 0 0 1 1 0 0 1 1 1 4 21 0 1 1 5 13 1 1 1 1 1 1 14 36 6 3 11 21 2 1 1 1 1 1 1 2 2 43 4 6 33 144 221 195 3 2 1 2 1 1 17 5 1 1 1 1 1 1 1 1 0 0 0 0 1 5 1 1 1 0 0 1 6 0 0 1 1 1 50 90 39 6 1 1 1 1 1 1 0 0 1 1 1 2 2 2 1 1 2 122 171 38 1 1 1 0 0 0 0 0 0 0 0 0 1 1 1 0 0 0 0 0 1 1 0 1 1 1 1 1 1 1 1 1 1 1 1 5 243 252 251 129 91 3 3 1 0 0 1 2 0 0 1 1 0 1 79 166 210 228 228 23 1 1 1 30 1 1 1 1 1 1 1 1 4 22 12 2 159 176 3 1 1 1 1 1 17 1 1 1 5 192 32 1 1 41 22 33 47 58 61 89 78 1 1 22 227 1 2 6 23 40 12 4 2 2 11 3 1 1 1 74 122 2 1 1 1 1 1 1 1 1 6 15 10 1 3 1 52 161 253 222 75 28 1 1 8 30 1 1 1 1 1 49 1 1 1 2 11 4 167 5 1 73 15 53 27 24 7 2 1 1 1 1 1 1 2 27 1 1 1 0 1 1 1 1 1 1 1 0 1 0 0 0 0 0 0 0 0 0 0 0 1 3 10 1 0 0 0 0 1 1 1 1 45 42 3 2 1 1 1 1 1 1 1 10 9 3 180 127 2 1 1 1 1 1 1 1 1 1 1 1 4 219 254 254 1 1 1 1 1 1 14 239 54 254 254 7 1 4 13 1 1 1 1 1 1 243 255 192 1 1 1 1 1 1 2 1 11 94 108 59 2
1 1 1 3 4 1 1 3 47 10 1 1 0 1 0 0 0 0 0 0 0 0 0 0 0 0 0 0 0 0 0 1 137 11 1 1 0 1 1 1 1 1 1 0 1 1 0 1 1 0 0 0 0 0 0 0 0 0 0 0 0 0 0 0 0 0 0 0 0 130 248 1 1 1 1 2 7 35 41 68 59 52 51 51 30 1 1 1 2 2 1 0 1 1 2 25 1 1 0 0 0 1 154 189 2 1 1 1 0 1 28 1 0 0 0 0 0 0 1 0 1 1 194 226 1 1 1 1 1 1 1 1 1 1 1 1 1 0 1 34 1 1 14 24 15 13 13 13 14 17 32 11 1 1 1 1 1 1 1 1 1 0 0 1 1 1 23 1 1 0 1 41 181 235 108 3 6 1 1 1 5 18 1 1 1 1 1 1 0 0 0 0 0 1 7 1 1 1 0 1 8 1 0 1 1 1 1 0 1 37 87 35 5 5 4 4 2 1 1 2 3 2 1 1 1 1 110 175 63 1 1 1 0 1 0 0 0 0 0 0 0 0 1 1 0 0 0 0 0 0 0 0 1 1 1 1 0 1 1 1 1 1 1 1 136 252 255 252 238 126 1 0 1 1 2 1 1 1 2 0 0 1 1 1 109 224 160 86 35 1 1 1 1 1 5 20 1 1 1 1 1 0 1 17 1 2 23 174 175 1 0 1 1 1 9 3 1 1 1 1 42 185 4 1 1 30 1 1 1 1 1 68 134 94 126 197 62 37 6 3 2 17 32 37 39 37 58 34 28 22 8 25 148 17 2 1 1 1 1 1 1 1 1 2 12 23 6 1 2 248 214 131 173 23 5 32 1 1 1 1 1 1 46 1 3 138 14 85 151 19 1 76 11 42 9 22 4 2 4 5 5 5 5 6 18 23 1 1 1 1 1 1 1 1 1 1 1 1 0 0 1 1 0 0 0 0 0 0 0 0 0 2 15 1 0 0 0 0 0 0 1 1 1 1 60 46 1 3 3 1 1 1 0 1 1 4 18 8 96 195 47 1 1 0 1 1 1 1 1 1 1 52 202 254 254 1 1 1 1 1 1 14 239 48 50 255 252 1 1 28 1 1 1 1 4 251 255 197 14 18 27 88 117 78 47 112 120 87 7 1 1 1
1 1 1 1 1 4 5 6 6 32 7 1 1 1 1 0 0 0 0 0 0 0 0 0 0 0 0 0 0 0 1 115 24 3 1 1 1 1 1 1 0 1 1 1 1 1 1 1 1 0 0 0 0 0 0 0 0 0 0 0 0 0 0 0 0 0 0 0 1 11 250 240 117 2 29 44 21 2 1 11 1 1 1 1 4 39 5 1 3 1 1 4 21 20 17 2 1 0 0 0 0 1 1 60 217 18 1 1 1 26 2 1 0 0 0 0 0 0 1 0 1 1 86 247 1 1 1 1 1 1 1 1 1 1 1 1 0 0 0 3 36 38 79 42 19 12 12 13 12 10 4 1 0 0 0 1 1 0 0 1 1 0 0 0 0 1 23 1 1 1 1 1 1 67 229 232 13 1 1 1 1 1 16 1 1 0 1 1 0 0 0 0 0 4 2 1 1 0 0 1 6 0 0 1 1 0 0 0 0 0 1 35 78 13 1 1 7 3 3 2 1 1 1 1 95 175 76 1 1 1 0 0 0 1 1 0 0 0 0 0 0 1 1 0 0 0 0 0 0 0 1 1 1 0 0 0 1 1 1 1 1 4 244 252 255 244 205 2 1 216 1 1 1 1 1 1 1 1 2 0 0 1 1 1 138 186 1 1 4 1 1 1 1 1 1 15 6 1 1 1 1 1 3 6 1 1 114 169 62 14 7 1 1 1 18 1 1 1 0 1 1 112 147 1 1 5 17 1 0 1 1 118 129 193 237 109 36 78 130 61 7 3 1 1 1 1 1 29 3 4 11 18 11 135 118 10 1 1 1 1 1 1 1 1 1 1 8 25 1 248 217 3 52 21 35 1 0 1 1 1 1 47 2 32 155 50 169 82 4 1 32 41 45 4 37 5 1 1 1 1 1 1 9 11 3 1 1 1 1 1 1 1 0 1 1 1 1 0 0 0 0 1 1 0 0 0 0 1 1 0 1 20 1 0 0 0 0 0 0 0 0 0 1 1 1 71 17 1 1 3 3 1 1 1 1 1 1 6 11 3 193 10 1 1 1 1 1 4 70 170 202 227 35 254 254 1 1 1 1 1 1 162 221 5 1 239 255 250 7 30 1 1 1 226 255 255 87 69 38 34 121 35 10 48 66 6 2 1 1 1 0 0
1 1 1 1 3 7 8 2 1 4 38 5 1 1 1 1 1 0 0 0 0 0 0 0 0 0 0 0 0 1 8 132 2 2 1 0 0 1 0 1 0 0 0 0 1 1 1 2 1 0 0 0 0 0 0 0 0 0 0 0 0 0 0 0 0 0 0 1 3 3 2 189 250 222 5 1 1 1 1 11 1 1 1 1 1 1 20 26 2 1 1 19 1 1 1 1 1 0 0 0 0 1 1 1 5 209 111 1 4 16 1 0 0 1 1 0 0 0 1 1 0 1 11 247 46 1 1 1 0 0 0 0 1 0 1 1 0 0 0 1 2 80 5 1 1 0 0 0 0 1 1 1 0 0 0 1 1 0 0 1 1 0 0 0 0 1 23 1 0 0 0 0 1 1 2 109 244 157 1 1 1 1 1 19 1 1 2 1 0 0 0 1 1 7 1 1 0 0 1 8 1 1 1 1 0 0 0 0 1 0 0 1 1 57 10 20 35 1 1 1 1 1 73 174 95 2 1 1 0 1 1 1 1 1 1 1 0 0 0 0 0 1 0 0 0 0 0 0 1 1 1 0 0 0 0 1 1 1 1 143 253 254 252 237 100 1 1 1 1 93 181 5 3 44 170 79 1 1 2 0 1 1 1 1 6 234 1 1 1 3 1 1 1 1 1 1 21 4 1 1 1 1 17 1 1 1 152 177 3 1 3 13 12 10 9 1 0 1 1 1 1 1 167 89 1 1 19 5 1 19 127 6 1 2 152 1 7 4 1 42 105 101 41 8 20 23 1 3 16 13 1 3 15 9 4 100 90 5 1 1 1 1 1 1 1 1 1 28 2 248 217 1 1 1 1 1 1 1 1 10 45 2 99 119 1 1 1 1 1 1 3 112 2 63 6 1 1 4 9 11 11 10 1 1 1 1 1 1 1 1 1 1 1 1 1 1 0 0 0 0 0 0 1 1 0 0 0 0 1 1 11 2 0 0 0 0 0 0 0 0 0 0 0 1 1 1 98 11 1 1 1 2 2 1 1 0 1 1 3 14 81 143 3 3 5 32 180 195 153 52 177 231 133 254 254 1 1 1 1 1 1 236 98 1 2 1 229 255 255 254 251 254 255 255 251 2 71 12 1 4 76 1 1 1 1 1 1 3 2 1 1 0
1 1 1 6 7 2 1 4 2 1 5 37 4 1 1 0 1 1 0 0 0 0 0 0 0 0 0 0 1 1 51 118 3 1 1 1 2 3 2 2 1 1 1 0 1 1 0 2 1 0 0 0 0 0 0 0 0 0 0 0 0 0 0 0 0 1 3 4 1 1 1 1 4 255 1 0 1 0 7 2 0 0 0 0 0 1 1 3 27 24 28 2 0 0 0 0 0 0 0 0 1 1 1 1 1 1 170 172 35 2 1 1 1 1 1 1 0 0 1 1 0 1 1 179 234 1 1 0 0 0 1 1 1 1 1 1 0 0 1 1 28 6 1 1 1 0 0 0 0 1 1 1 0 0 0 1 1 1 1 1 1 1 1 1 1 1 23 1 0 0 0 0 0 1 1 1 4 220 237 7 1 0 0 4 9 8 11 6 1 1 1 1 1 5 1 0 0 0 3 3 0 1 1 1 1 1 1 1 1 1 1 2 3 21 55 35 35 96 33 5 54 173 114 2 1 1 1 0 0 1 1 1 1 0 1 1 1 0 0 1 1 0 0 0 0 0 0 1 1 0 0 0 0 1 1 1 5 244 253 255 244 215 4 1 1 1 1 1 0 1 77 212 214 188 77 175 211 5 2 0 0 1 1 1 1 227 31 1 1 20 1 1 1 1 1 1 1 32 59 60 50 25 5 1 1 54 169 113 1 1 1 1 3 30 11 1 1 1 1 1 1 1 4 188 27 1 1 34 86 91 1 1 1 136 9 1 1 1 1 1 1 3 79 102 103 120 31 1 1 1 14 1 1 12 12 1 17 109 118 61 10 4 7 36 98 125 122 73 1 248 219 1 1 1 1 1 1 4 46 25 16 162 118 1 1 1 1 1 1 1 96 12 81 21 2 7 10 4 1 1 1 1 1 1 1 1 1 1 1 1 0 1 1 1 1 0 0 0 0 0 0 0 0 1 1 1 1 0 1 2 12 1 0 0 0 0 0 0 0 0 0 0 0 0 1 1 2 95 1 1 1 1 1 3 1 1 0 1 1 12 2 154 198 200 199 192 74 52 159 164 52 208 182 254 254 1 0 1 1 1 49 232 49 2 1 1 1 2 248 254 255 254 250 3 1 57 6 1 1 1 85 1 1 1 1 1 1 1 1 3 2 1
1 3 8 2 1 1 1 1 3 2 2 8 36 6 1 1 0 1 1 1 1 1 0 0 0 0 0 0 1 23 9 135 2 4 3 3 2 1 1 1 1 1 2 2 3 1 0 2 1 0 0 0 0 0 0 0 0 0 0 0 0 0 0 0 1 5 1 0 0 1 1 1 55 250 101 1 1 0 12 1 1 1 0 0 0 0 1 1 1 1 1 1 1 1 0 0 0 0 0 0 0 1 0 1 1 1 1 120 202 3 1 1 1 1 1 1 0 0 1 1 0 1 1 85 247 1 1 1 1 1 1 0 1 1 0 1 1 1 1 23 8 1 0 1 1 0 0 1 1 1 1 1 1 1 1 1 1 1 1 1 1 1 1 1 1 1 21 1 1 0 0 0 0 0 1 1 1 1 88 244 138 1 1 6 1 0 1 3 8 8 2 1 5 1 0 0 0 1 7 1 0 0 1 0 1 1 1 1 2 3 6 28 29 24 9 12 18 29 157 168 127 2 1 0 0 0 1 1 0 0 1 1 1 1 1 1 1 1 1 1 1 1 1 1 1 1 1 1 0 0 0 1 1 1 147 253 255 253 236 104 1 1 1 0 1 1 1 0 1 1 1 1 0 0 0 0 6 210 33 1 0 1 1 1 1 234 105 33 33 19 45 50 14 1 1 1 1 5 1 7 35 72 26 1 1 154 176 5 1 1 1 3 5 1 24 1 1 1 1 1 0 1 1 39 183 3 3 132 97 1 1 1 1 158 1 1 1 1 1 1 1 0 1 0 1 1 59 70 1 1 1 16 12 1 1 10 1 1 3 46 111 127 122 88 23 3 4 139 26 250 235 8 1 1 1 1 59 156 158 162 162 37 107 1 1 1 1 1 2 103 48 72 6 4 3 1 1 1 1 1 0 1 1 1 1 1 1 0 0 1 1 1 1 0 1 0 0 0 0 0 0 0 0 0 1 1 1 0 1 20 1 0 0 0 0 0 0 0 0 0 0 0 0 0 0 1 1 95 1 1 0 1 1 1 3 1 1 0 1 1 14 1 1 2 20 5 9 145 7 1 1 237 10 255 251 1 1 1 1 1 198 172 54 1 3 3 3 3 3 4 2 1 1 1 2 67 1 1 1 1 88 1 1 1 2 1 1 1 1 1 1 2
8 4 1 1 1 1 1 1 1 2 7 20 31 44 9 1 1 0 0 1 1 0 0 0 0 0 0 1 2 40 1 51 62 1 1 3 4 4 5 5 4 4 3 2 4 1 1 2 1 0 0 0 0 0 0 0 0 0 0 0 0 0 1 1 4 1 1 1 1 1 1 1 237 36 230 10 1 1 12 1 1 1 0 0 0 0 0 0 0 1 0 0 1 1 1 0 0 0 0 0 0 1 1 0 0 0 1 1 159 165 1 1 1 1 0 1 1 0 1 1 1 1 1 11 247 72 1 1 0 0 0 0 1 1 0 1 1 1 17 11 1 1 1 1 2 1 1 1 1 1 1 1 0 0 0 1 1 0 1 1 0 0 0 0 0 1 20 1 1 0 0 0 0 0 1 0 0 0 1 3 228 231 2 6 1 0 0 2 1 1 9 11 9 1 0 1 4 5 1 1 0 0 1 0 0 1 2 4 14 33 22 1 1 1 1 1 21 70 30 3 1 1 0 0 1 1 1 1 1 0 1 1 0 0 0 1 0 1 1 1 1 0 0 1 1 0 0 0 1 1 1 5 242 253 254 242 190 3 1 1 1 1 1 1 1 1 1 1 1 1 1 1 0 0 0 0 0 2 204 118 1 1 0 1 1 244 2 2 2 1 1 1 15 48 42 4 2 2 1 27 1 1 21 62 21 166 158 3 1 1 7 3 1 1 1 26 3 1 0 0 0 0 1 1 110 169 135 3 3 37 2 1 101 42 1 0 1 0 0 0 1 1 1 1 0 0 1 32 86 10 10 12 15 1 1 1 9 12 11 11 8 5 4 4 4 3 3 42 198 250 240 157 151 8 1 188 177 62 35 23 3 2 88 74 1 1 1 1 114 46 51 1 1 7 1 1 1 1 0 1 1 0 0 1 1 1 1 1 0 0 1 1 1 1 1 1 1 0 0 0 0 0 0 0 0 0 1 1 11 3 0 0 0 0 0 0 1 0 0 0 0 0 0 0 0 1 1 98 1 1 1 0 1 1 1 3 1 1 1 1 2 11 1 13 1 1 134 11 1 1 1 240 90 255 30 1 1 0 1 1 38 230 76 10 1 1 1 1 1 1 3 1 1 1 56 5 1 1 1 1 57 11 1 1 5 5 5 5 3 1 1 1
1 1 1 1 1 1 1 1 1 31 60 11 5 17 52 4 1 1 1 1 1 1 0 0 0 1 1 1 49 11 5 15 114 19 57 170 203 203 203 203 203 203 203 160 72 10 2 2 1 1 1 1 1 1 1 0 0 0 0 1 1 1 1 4 1 1 1 1 1 2 22 98 217 1 59 225 42 41 13 5 4 3 1 1 1 0 0 0 0 1 1 0 0 0 1 1 1 0 0 1 0 0 1 0 1 1 1 1 2 229 5 1 1 1 0 1 1 0 1 1 0 0 1 1 158 239 1 1 0 0 0 0 1 1 1 1 1 12 15 1 2 2 2 2 1 1 1 1 1 1 1 1 0 0 0 1 1 0 1 1 1 1 0 0 1 1 19 1 0 0 0 0 0 0 1 0 0 0 0 1 1 131 244 79 1 0 0 2 1 1 3 1 3 2 2 8 2 0 1 1 1 1 1 1 3 6 29 29 7 1 1 1 1 1 18 70 33 1 1 2 1 1 1 1 1 0 0 1 1 1 0 1 0 0 0 0 0 0 1 0 0 0 0 0 0 0 1 1 1 132 253 253 225 143 238 1 1 1 1 0 1 1 1 1 1 1 1 1 1 0 0 1 0 0 0 0 0 0 1 151 220 33 1 1 65 236 1 1 1 1 1 1 1 1 2 29 41 3 16 2 1 0 1 2 188 213 49 2 1 9 1 1 1 1 1 8 7 1 0 0 0 1 1 1 43 211 118 1 1 1 30 44 170 1 1 0 1 0 0 0 0 0 1 1 1 1 1 1 24 52 1 1 2 2 1 0 1 1 1 1 0 1 0 1 1 1 1 4 121 248 217 1 65 116 108 145 5 10 8 4 6 42 5 113 1 1 8 149 102 31 1 1 1 8 1 1 1 0 1 1 0 0 1 1 1 1 1 1 1 1 1 1 1 1 1 1 1 1 0 0 0 0 0 0 0 0 1 2 15 1 0 0 0 0 0 1 1 1 0 0 0 0 0 0 0 1 1 84 4 1 1 1 1 1 1 1 2 1 1 1 1 16 15 4 1 107 38 1 1 1 1 237 254 255 60 1 1 0 1 1 1 122 233 215 119 40 1 1 0 1 3 1 1 1 66 2 1 0 0 1 1 83 1 1 1 2 1 1 1 5 3 1
1 1 1 1 1 1 1 14 57 14 2 3 3 3 30 60 26 1 1 1 1 1 1 1 1 1 1 13 37 1 12 159 161 187 169 51 1 1 1 1 1 1 2 73 171 208 190 65 10 4 4 3 3 3 4 4 4 4 6 11 25 33 37 69 105 156 191 204 208 206 191 183 223 1 172 209 142 144 149 154 156 160 150 49 5 2 1 1 1 0 1 0 0 0 0 0 1 0 0 1 1 1 1 0 0 0 1 1 1 125 186 1 1 1 1 1 0 0 0 1 0 0 1 1 80 247 1 1 1 1 1 2 2 1 1 1 9 18 2 1 1 0 0 0 0 1 0 0 0 1 1 1 0 0 0 1 1 1 1 1 1 1 1 0 1 2 18 1 1 1 1 0 0 0 1 1 0 0 0 0 1 1 14 244 70 4 8 6 2 1 2 1 2 7 4 1 0 0 0 1 1 2 4 16 33 21 1 1 1 1 1 1 15 66 37 2 1 0 0 1 1 1 1 1 0 0 0 1 1 1 0 1 1 0 0 0 0 0 0 0 0 0 0 1 1 1 2 231 253 252 143 91 1 1 220 33 1 1 1 1 1 1 1 1 1 1 1 0 0 0 0 0 0 0 0 0 0 0 0 0 2 203 222 92 237 40 1 0 1 1 1 1 1 1 1 1 1 14 9 1 1 1 1 1 155 179 54 62 36 1 1 1 1 1 1 1 7 9 1 0 1 1 1 78 30 4 200 34 1 1 1 93 77 1 1 1 1 0 0 0 0 0 0 1 1 0 0 1 1 33 36 1 1 1 1 0 0 0 0 0 0 0 0 0 1 0 1 47 16 250 207 1 2 202 227 7 1 47 41 46 36 5 3 77 135 133 117 33 2 1 1 1 1 5 0 1 1 1 1 0 0 1 1 1 1 0 0 0 1 1 1 0 1 1 1 1 1 1 1 0 0 0 0 0 0 0 1 21 1 0 0 0 0 1 1 0 0 1 0 0 0 0 0 0 0 0 1 4 95 12 1 1 1 1 1 1 3 1 1 1 1 1 1 1 91 47 1 1 1 1 1 97 255 255 94 30 1 1 1 1 1 1 7 174 232 181 45 1 1 1 1 1 1 1 74 1 1 0 0 0 1 8 70 1 1 4 10 18 4 4 35 54
1 1 1 1 1 4 56 34 1 1 1 1 2 1 11 2 22 68 42 7 2 1 1 1 1 4 50 45 23 190 220 170 107 13 1 1 1 1 1 1 1 1 1 1 1 2 28 178 205 209 209 207 207 209 209 209 209 209 207 204 196 189 192 185 147 92 23 4 2 1 1 13 223 204 248 66 1 1 1 1 1 1 7 114 154 156 115 13 4 3 2 1 1 0 0 0 0 0 0 0 0 0 1 1 1 1 1 1 1 1 234 2 1 1 0 1 1 0 0 1 1 0 0 1 7 242 120 3 8 7 6 3 4 5 7 23 46 2 1 1 0 0 0 0 0 1 0 0 0 1 1 1 1 1 1 2 1 1 1 1 1 1 1 1 1 3 11 1 1 1 1 1 1 1 1 1 0 0 0 0 0 1 1 23 249 17 3 3 4 12 5 4 2 1 1 0 0 1 2 4 5 3 25 7 1 1 1 0 1 1 10 66 39 3 1 0 0 0 1 1 2 1 0 0 0 1 1 1 1 1 1 1 1 0 0 0 0 0 0 0 0 1 1 1 5 240 252 217 128 62 1 1 1 1 5 229 1 1 1 1 1 1 2 1 1 1 0 0 0 0 0 1 1 1 1 0 0 1 1 1 1 1 1 187 254 176 2 1 1 1 1 1 1 1 1 1 1 1 1 1 0 1 1 88 172 69 1 20 1 15 16 3 1 1 1 1 3 6 7 1 1 7 92 5 1 1 40 198 3 1 1 174 1 1 1 0 0 0 0 0 0 0 0 0 1 1 0 0 1 1 53 62 2 1 1 1 0 0 1 1 2 1 1 0 1 1 1 84 118 250 138 1 1 9 186 7 56 4 1 1 1 1 1 1 6 1 1 1 1 1 1 1 4 1 1 1 1 1 1 0 1 1 1 1 1 1 0 1 1 0 0 0 1 1 0 1 1 1 1 1 0 0 0 0 0 1 7 5 1 0 0 1 1 1 0 0 0 1 1 1 1 1 1 0 0 0 1 1 2 68 92 26 1 1 1 1 1 2 1 1 1 1 3 114 53 1 1 1 1 1 1 248 255 177 228 231 1 1 1 1 1 1 1 1 31 233 57 1 1 3 1 1 1 13 37 1 0 0 0 1 1 1 9 83 54 15 36 2 10 14 1 1
1 1 1 2 40 54 3 1 1 1 1 0 1 1 11 1 1 1 10 50 65 68 69 70 69 56 62 206 215 93 1 1 1 6 3 1 1 1 1 1 0 1 1 1 1 1 0 1 1 1 1 2 2 2 1 1 1 1 1 1 1 1 8 1 1 1 1 1 1 1 1 2 2 248 248 1 0 1 1 0 0 0 1 1 1 1 44 141 154 150 40 13 20 10 4 3 1 1 1 1 1 1 1 1 1 1 1 1 1 1 173 142 1 1 0 1 1 1 1 1 1 0 0 1 1 162 236 4 1 1 1 1 1 1 3 38 5 7 2 1 1 0 0 0 0 1 0 0 0 1 1 1 1 0 1 1 1 1 1 1 1 1 1 1 1 1 11 1 0 1 1 1 0 0 0 1 1 0 0 0 0 0 1 3 223 218 1 0 0 1 1 0 0 0 1 1 3 4 4 2 1 1 18 1 1 1 1 1 5 62 45 3 1 0 0 1 1 1 1 1 1 1 0 1 1 1 1 1 0 0 1 1 0 0 0 0 0 0 1 1 1 1 1 2 253 133 91 102 1 1 1 1 1 0 1 225 21 1 1 1 2 1 1 1 1 0 0 0 0 0 0 1 1 1 1 1 1 1 1 1 1 1 1 213 165 87 220 213 21 1 0 0 0 0 1 1 1 0 0 0 0 1 1 155 180 1 1 20 1 1 1 8 16 7 1 2 12 33 7 3 36 71 1 1 1 1 1 109 169 2 67 129 1 1 1 0 0 0 0 0 0 0 0 0 0 1 1 0 1 1 1 21 105 67 1 1 2 2 2 1 1 1 2 2 1 1 1 84 230 240 15 1 1 1 171 56 2 1 1 1 1 1 1 3 4 1 1 1 1 1 1 77 86 81 61 18 1 1 1 1 1 1 1 1 1 1 1 1 0 0 1 1 1 1 1 1 1 1 1 1 1 0 0 0 0 1 17 1 0 0 1 1 0 0 0 0 0 0 0 0 0 0 1 1 1 1 1 1 1 1 1 46 93 74 10 5 8 4 3 5 47 133 138 19 1 1 1 1 1 1 21 255 243 1 1 227 50 1 1 1 1 1 1 1 14 236 60 1 1 3 1 1 11 52 1 1 1 0 0 1 1 1 1 1 11 63 129 1 1 1 1 1
1 1 18 66 10 1 1 1 1 0 1 1 1 2 12 1 0 0 0 0 0 1 1 1 64 214 210 52 1 1 1 1 1 1 4 7 2 1 1 1 1 1 1 1 1 1 1 1 0 1 1 1 1 1 0 0 0 0 0 0 0 1 7 1 1 1 1 1 1 1 1 1 1 225 238 1 0 0 1 1 1 1 0 0 0 0 1 1 1 2 144 68 116 127 137 140 146 142 106 22 2 1 1 0 0 1 1 1 1 0 2 234 2 1 1 1 1 1 1 1 1 1 1 1 1 91 247 2 1 1 0 1 1 2 22 7 1 1 2 3 1 1 1 1 0 1 0 0 0 1 1 1 1 1 1 1 1 1 1 1 1 1 1 1 1 1 11 0 0 1 0 0 1 0 0 0 1 1 0 0 1 1 5 24 148 243 182 1 0 1 1 0 0 1 3 6 41 60 53 52 47 47 1 0 1 1 2 55 61 4 1 1 0 1 1 1 1 1 0 0 1 1 1 1 1 0 0 1 1 1 1 0 0 0 0 0 1 1 1 1 1 1 1 9 252 89 88 1 1 1 1 0 0 0 1 11 226 1 2 2 1 1 1 1 0 0 0 0 0 0 0 0 0 0 1 1 1 1 1 1 1 1 1 244 2 1 0 6 207 222 116 1 1 0 0 0 1 1 0 0 1 1 18 150 157 1 0 4 8 1 1 1 1 3 15 11 1 1 37 91 56 1 1 1 0 0 1 1 185 106 185 111 123 105 8 1 1 1 0 0 0 0 0 0 0 0 1 1 1 1 1 1 1 13 105 106 100 73 12 1 1 1 1 1 1 2 1 84 248 227 1 1 1 3 124 1 1 1 1 1 1 1 1 1 2 1 1 1 23 119 149 92 55 44 57 103 101 23 1 1 1 1 1 1 1 1 1 1 0 1 1 1 1 1 1 1 1 1 1 1 1 1 0 0 1 19 1 0 0 1 1 0 0 0 0 0 0 0 0 0 0 0 0 0 0 0 1 1 1 0 1 1 1 8 70 79 74 96 42 126 80 4 1 1 1 1 1 1 1 1 255 255 1 1 1 54 226 1 1 1 1 1 1 1 16 236 61 1 4 37 97 75 99 3 1 1 1 1 1 1 1 1 1 1 6 16 79 34 1 1 1 1
4 59 33 3 1 1 1 0 1 1 1 0 1 2 11 1 0 0 0 0 0 1 26 210 204 24 1 1 1 1 1 0 1 1 1 1 4 6 2 1 1 0 1 1 1 1 0 0 0 0 0 0 0 0 0 0 0 0 0 0 0 2 4 0 1 0 0 1 1 1 1 1 1 225 238 1 0 0 0 0 0 1 1 1 0 0 1 1 1 1 34 106 1 1 1 1 1 1 26 111 141 143 33 1 1 1 1 0 1 1 1 202 91 1 1 1 1 1 1 1 1 1 1 1 1 7 244 121 1 1 0 1 1 21 9 1 1 0 0 1 2 3 2 2 2 2 2 2 2 2 3 2 2 2 2 3 1 1 1 1 0 0 0 1 1 2 13 0 0 0 0 0 1 0 0 0 1 1 1 1 5 21 9 1 1 1 254 1 0 0 1 1 2 5 49 50 6 1 1 1 1 1 7 1 2 49 65 4 1 1 0 0 1 1 1 1 0 0 0 1 1 1 1 1 0 1 1 1 1 1 0 0 0 0 1 1 1 1 1 1 0 0 1 141 247 111 1 1 1 0 0 0 0 0 0 1 238 36 1 1 1 1 1 0 0 0 0 0 0 0 0 0 0 0 1 1 1 1 1 1 0 1 113 228 1 1 0 0 0 1 152 222 180 3 2 2 1 1 0 0 1 1 144 171 10 0 0 1 14 1 0 1 1 1 1 1 1 1 4 107 15 23 10 1 1 1 0 1 10 231 13 1 1 5 101 126 95 3 1 1 0 0 0 0 0 0 1 1 1 1 1 1 1 1 1 1 1 10 69 99 104 107 104 15 1 2 49 22 248 215 1 1 1 24 87 1 1 1 1 1 1 0 0 1 2 3 114 163 134 36 4 1 1 1 1 1 15 86 82 3 1 1 1 1 1 1 1 0 0 1 1 1 1 1 1 1 2 2 2 1 0 1 1 1 7 6 1 1 1 1 0 0 0 0 0 0 0 0 0 0 0 0 0 0 0 0 1 0 1 1 1 1 1 1 1 1 1 1 89 12 1 1 1 1 1 1 1 0 1 110 255 145 1 0 1 1 236 6 1 1 1 1 1 1 13 236 32 12 2 115 27 20 3 26 34 36 21 3 1 1 1 1 2 34 10 4 3 92 1 1 1 1
57 4 1 2 1 1 1 1 0 1 1 1 1 4 7 1 1 0 0 0 1 85 213 34 1 1 1 1 1 1 1 1 1 1 1 1 1 1 2 3 1 1 1 1 1 0 0 0 0 0 0 0 0 0 0 0 0 0 0 0 0 6 1 0 1 1 1 1 1 1 1 1 1 225 238 0 0 0 0 0 0 0 0 1 1 0 0 0 1 0 1 13 1 0 0 0 0 0 0 0 1 1 97 143 76 2 1 0 1 1 1 167 109 25 1 1 1 1 1 1 1 1 1 1 1 1 174 236 1 1 1 1 19 11 1 1 0 0 0 0 0 1 1 1 1 2 1 1 1 1 1 1 1 1 1 2 1 1 1 1 0 0 0 0 1 2 14 0 0 0 0 0 1 0 1 1 1 2 12 21 9 1 1 1 1 1 254 2 0 0 1 3 23 51 3 1 1 1 0 0 0 1 3 55 67 6 1 1 1 2 1 1 1 1 1 1 0 1 1 1 1 1 1 0 1 1 1 0 1 0 0 0 1 1 1 1 1 0 0 1 1 1 1 253 127 4 1 1 0 1 0 0 0 1 39 177 168 247 1 1 1 1 0 0 0 0 0 0 0 1 0 0 0 0 0 1 1 59 70 59 3 1 240 29 1 1 1 1 0 0 0 1 73 217 151 1 2 2 2 1 1 3 144 178 1 0 0 1 1 19 1 0 0 1 1 0 1 1 48 16 1 1 4 22 19 1 1 1 12 216 1 0 0 1 1 1 9 111 123 68 1 1 0 1 1 0 1 1 1 1 0 0 1 1 1 0 0 1 1 1 1 1 1 59 99 136 21 203 230 172 1 1 1 93 20 1 1 1 0 1 0 0 0 1 98 160 52 3 1 1 1 1 1 1 1 1 1 4 40 99 1 1 1 1 1 1 1 0 1 1 1 1 1 1 2 1 1 1 1 2 1 1 1 1 16 1 1 1 0 0 0 0 0 0 0 0 0 0 0 0 0 0 0 0 0 0 1 0 0 1 1 1 1 1 1 1 1 1 62 1 1 1 1 1 1 1 0 1 1 255 255 1 0 0 0 1 177 186 1 1 1 1 1 1 7 236 4 64 13 3 76 100 13 1 1 1 4 23 33 32 30 19 30 1 1 1 1 103 1 1 1 1
1 1 1 1 3 2 1 1 1 1 0 0 1 10 2 1 1 0 0 1 73 203 2 1 1 1 1 1 1 0 0 0 0 1 1 1 1 1 0 1 3 1 1 1 0 0 0 0 0 0 0 0 0 0 0 0 0 0 0 0 1 6 1 1 1 0 1 1 1 1 1 1 1 228 238 0 0 0 0 0 0 0 0 0 0 0 0 1 1 1 1 6 3 0 0 0 0 0 0 0 0 0 1 1 62 141 59 5 2 1 1 153 29 110 3 1 1 1 0 0 0 1 1 1 1 1 117 247 1 1 1 15 15 1 1 0 0 0 0 0 0 0 0 0 1 1 0 0 1 1 0 0 0 0 1 1 2 1 1 1 0 0 0 0 1 2 13 0 0 1 1 1 1 2 9 19 21 16 3 1 1 0 0 0 1 1 250 75 1 2 4 25 19 1 1 1 1 1 0 1 1 13 42 11 1 1 0 0 1 2 1 1 1 1 0 1 1 1 1 1 0 0 1 1 1 0 0 0 0 1 1 1 1 1 1 0 0 0 0 1 1 1 232 226 62 1 1 1 1 1 0 0 1 143 134 1 1 250 30 1 1 0 0 0 0 0 0 0 0 1 1 0 0 0 1 5 71 3 1 1 51 106 240 1 1 0 1 1 1 1 1 1 0 1 104 217 98 1 1 1 2 98 146 99 1 0 0 1 0 2 13 1 1 1 0 0 1 1 91 1 1 1 1 1 1 19 6 1 192 68 1 1 1 1 1 1 1 1 1 25 116 6 0 1 0 1 1 1 1 0 1 1 1 1 1 1 1 1 1 1 1 1 5 14 36 150 168 250 168 158 1 1 1 126 2 0 1 1 1 1 1 0 1 68 105 4 1 1 1 1 1 1 1 1 1 1 1 1 2 30 113 4 1 1 1 1 0 1 1 1 1 4 3 2 1 1 1 1 1 1 3 1 1 17 1 1 1 0 0 0 0 0 0 0 0 0 0 0 0 0 0 0 0 0 0 1 1 1 1 1 1 1 1 1 1 0 1 24 12 1 0 0 1 1 1 0 1 1 220 255 107 1 0 0 0 1 126 159 106 1 1 1 1 1 2 228 53 16 62 81 104 102 13 8 2 1 1 1 1 1 1 4 2 1 1 1 1 106 1 2 26 21
1 1 1 1 1 1 3 2 1 2 1 1 1 13 1 1 1 0 0 17 213 3 1 1 1 1 1 1 1 0 0 0 1 1 1 1 1 1 1 1 2 2 1 1 0 0 0 0 0 0 0 0 0 0 0 0 0 0 0 0 1 7 1 1 1 1 1 1 0 1 1 1 1 245 211 0 0 0 0 0 0 0 0 0 0 0 0 1 1 1 1 1 12 1 0 0 0 0 0 0 0 0 0 1 1 1 71 134 134 32 4 155 31 5 101 2 1 1 0 0 0 1 1 1 1 1 106 247 1 1 11 17 1 1 0 0 0 0 0 0 0 0 0 0 0 1 1 1 1 1 1 1 1 1 1 1 2 1 1 1 1 1 1 1 3 9 20 4 9 16 19 21 21 15 4 1 1 1 0 0 1 0 0 0 0 1 66 250 4 3 29 23 1 1 1 1 1 1 1 11 45 12 1 1 3 1 1 1 1 1 2 1 0 1 1 1 1 1 1 0 1 1 1 1 1 0 0 1 1 1 1 1 1 0 0 0 0 0 1 1 1 3 253 115 1 1 0 0 1 0 1 14 172 28 1 0 0 92 246 1 1 0 0 0 0 0 0 0 0 1 1 1 1 1 1 81 1 1 1 1 1 214 99 1 0 0 1 1 1 1 1 1 1 0 0 1 156 219 132 1 1 159 180 47 4 1 1 1 0 0 7 5 1 1 0 0 1 13 50 1 1 1 1 1 1 1 11 131 209 9 1 1 1 1 1 1 1 1 1 1 1 100 23 1 1 1 1 1 1 1 1 1 0 1 1 1 1 0 1 2 107 115 100 84 64 42 190 250 238 194 1 0 1 133 1 1 1 1 1 0 1 1 1 168 5 1 1 1 1 1 0 1 1 1 1 1 1 1 1 1 7 113 23 1 1 1 1 1 1 4 3 1 1 1 1 0 1 1 0 0 1 4 15 3 1 1 0 0 0 0 0 0 0 0 0 0 0 0 0 0 0 0 0 0 0 1 1 1 1 1 1 1 1 1 1 1 1 67 1 1 1 1 1 1 1 1 1 169 255 247 1 1 0 0 0 1 125 1 138 167 2 1 1 1 1 199 167 139 115 104 78 81 83 83 112 104 94 84 56 14 10 1 3 1 1 1 1 101 2 28 1 6
5 1 1 1 0 1 1 2 2 2 0 1 4 6 1 1 1 0 1 202 66 1 1 1 0 1 1 1 1 1 0 0 0 0 1 1 1 1 1 0 3 1 1 1 1 0 0 0 0 0 0 0 0 0 0 0 0 0 0 0 3 2 1 1 1 1 1 1 1 1 1 1 8 255 60 0 0 0 0 0 0 0 0 0 0 0 0 1 1 1 1 1 12 1 0 0 0 0 0 0 0 0 1 1 0 0 1 1 1 95 134 191 103 4 15 106 6 1 1 1 1 1 1 1 1 1 103 247 1 7 18 3 1 0 0 0 0 0 0 0 0 0 0 0 1 2 1 1 2 2 2 2 2 2 10 10 13 13 13 14 14 15 5 52 52 42 17 10 5 2 1 1 1 1 1 1 0 0 0 1 1 1 0 0 1 1 2 232 212 43 11 1 1 1 1 1 1 11 46 16 1 0 0 0 1 3 1 1 0 0 2 1 1 1 1 0 0 0 1 1 1 1 0 1 1 1 1 1 1 1 1 0 0 0 0 0 0 1 1 1 1 248 193 6 0 1 1 0 0 1 72 155 2 1 0 0 0 1 251 19 1 1 0 0 0 0 0 0 0 1 1 1 0 1 1 70 1 1 1 1 1 238 1 0 0 0 1 1 1 1 1 0 1 1 0 0 0 1 127 217 175 150 147 1 30 47 5 1 0 1 1 8 20 3 1 1 1 84 1 1 1 1 1 1 1 1 2 150 99 70 2 1 2 1 1 1 1 1 1 1 1 1 73 72 2 1 1 0 1 1 1 1 0 1 1 1 1 1 1 105 2 1 1 1 1 1 201 199 235 227 139 1 1 130 1 1 1 1 1 0 0 1 103 81 1 1 1 1 1 1 1 1 1 1 1 1 1 1 1 1 1 2 91 65 1 1 1 1 3 4 1 1 1 1 1 0 1 1 0 1 1 2 21 2 1 1 0 0 0 0 0 0 0 0 0 0 0 0 0 0 0 0 0 0 1 1 1 0 0 0 1 0 0 0 1 1 1 70 1 1 1 1 1 1 1 1 115 255 251 1 1 0 0 1 1 1 49 54 1 59 202 28 1 1 1 8 217 219 221 221 220 220 220 218 215 219 220 218 207 118 59 73 44 3 6 3 1 97 64 10 117 216
60 1 1 1 0 1 0 0 1 5 1 1 13 1 1 1 1 0 72 198 1 1 1 0 0 1 0 0 0 1 1 1 0 0 0 1 1 1 0 1 3 1 1 1 0 0 0 0 0 0 0 0 0 0 0 0 0 0 0 0 6 1 1 1 1 1 1 1 1 1 1 1 204 248 12 1 1 1 0 0 0 0 0 0 0 0 0 1 1 1 1 0 12 1 0 0 0 0 0 0 0 0 1 0 0 0 1 1 1 1 1 102 221 135 84 15 113 121 31 1 1 1 1 1 1 1 112 247 6 17 5 1 1 1 0 0 0 0 0 0 0 0 0 0 1 1 1 1 1 0 0 1 1 1 6 1 0 1 0 0 0 1 33 8 1 1 1 1 1 1 1 1 1 1 0 1 0 1 1 1 1 1 1 1 2 2 1 2 253 86 5 1 1 1 1 10 45 16 1 0 0 0 0 0 1 2 2 0 0 0 1 2 1 0 0 0 0 0 1 1 0 0 1 1 1 1 1 1 1 0 0 0 0 0 0 0 0 1 1 1 145 248 74 1 0 0 1 1 1 106 111 1 0 0 0 0 1 1 135 239 1 1 0 0 0 0 0 0 0 1 1 1 0 1 48 6 1 1 1 1 1 238 1 1 1 0 1 1 1 1 1 1 1 1 1 1 1 0 1 1 235 193 58 1 1 1 27 37 1 1 0 0 1 11 23 8 2 76 1 1 1 1 1 1 1 1 1 183 131 55 99 8 2 1 1 1 1 1 1 0 0 1 1 64 59 13 0 1 1 1 1 1 1 1 1 1 1 1 90 8 1 1 1 1 1 8 230 206 59 2 215 162 47 69 1 1 1 1 0 0 0 1 160 16 1 1 1 1 1 1 1 1 1 1 1 1 1 1 1 1 1 1 1 48 105 2 1 1 11 1 1 1 1 1 1 1 1 1 1 1 1 7 1 6 2 1 0 0 0 0 0 0 0 0 0 0 0 0 0 0 0 0 1 1 1 1 0 0 0 0 1 0 0 0 0 1 1 69 1 1 1 1 1 1 1 71 255 252 1 1 1 0 1 1 1 1 6 107 1 1 3 186 127 1 6 104 3 1 1 2 4 3 1 1 1 1 1 5 67 203 212 65 24 63 32 40 52 73 129 213 164 2
23 20 1 1 0 1 1 0 1 3 3 1 13 1 1 1 1 1 207 47 1 1 1 1 1 1 1 1 0 0 1 1 1 0 1 1 1 1 1 3 1 1 1 1 0 0 1 0 0 0 0 0 0 0 0 0 0 0 0 1 6 1 1 1 1 1 1 1 1 1 1 1 230 211 250 161 3 1 1 1 0 0 0 0 0 0 0 1 1 1 1 0 12 1 0 0 0 0 0 0 0 1 1 0 0 0 1 1 0 0 1 1 157 63 59 140 173 153 131 133 122 22 1 1 1 3 192 236 20 6 1 0 1 1 1 0 0 0 0 0 0 0 0 0 1 1 1 1 1 1 1 1 1 1 6 0 0 1 0 0 0 1 29 2 1 0 1 1 0 0 0 1 1 1 1 1 1 1 1 0 0 1 2 2 1 1 2 1 39 250 86 1 1 19 46 16 1 1 1 1 0 0 0 0 0 1 3 1 0 0 1 2 1 0 0 0 0 1 1 1 1 1 1 1 1 1 0 0 0 0 0 0 0 0 0 0 1 1 1 1 253 124 1 0 0 0 1 1 109 87 1 0 0 0 0 1 1 0 1 251 15 1 1 0 0 0 1 1 1 1 12 28 1 1 72 1 1 1 1 1 1 238 1 2 1 1 1 1 1 1 1 1 1 0 1 1 1 1 1 1 237 203 5 16 12 2 1 2 44 15 1 1 1 0 1 5 114 13 1 1 1 1 1 1 0 1 24 177 1 1 1 86 1 1 1 1 1 1 1 1 1 1 1 1 38 115 2 1 1 1 1 1 1 0 1 1 1 57 31 1 0 1 1 1 1 190 215 179 1 1 4 217 227 4 1 1 0 1 1 0 0 1 179 3 1 1 1 0 1 1 0 1 1 1 1 1 1 1 1 1 1 1 1 1 12 116 27 15 1 1 1 1 1 1 1 1 1 0 0 0 3 2 1 1 11 1 0 0 1 1 0 0 0 0 0 0 0 0 0 0 0 1 1 0 0 1 0 0 0 0 1 0 1 1 1 1 7 40 1 1 1 1 1 4 243 255 255 1 1 1 0 1 1 0 1 1 19 89 1 1 1 1 111 199 125 2 1 1 1 1 1 1 1 1 1 1 1 1 1 1 12 195 158 14 2 1 16 208 223 72 4 1
23 54 1 1 1 1 1 0 1 2 2 10 4 1 1 1 1 62 215 1 1 1 1 1 1 1 1 1 1 0 0 0 1 1 1 1 1 1 1 4 1 1 0 1 0 0 1 0 0 0 0 0 0 0 0 0 0 0 0 2 3 1 1 1 1 1 1 1 1 1 1 3 97 130 163 248 255 248 87 1 1 0 0 0 0 0 0 1 1 1 1 0 11 1 0 0 0 0 0 0 0 1 1 0 0 1 1 0 0 0 1 1 3 133 182 153 125 140 202 221 221 216 154 138 237 253 236 239 8 1 1 1 1 1 1 1 1 0 0 1 0 0 1 1 1 1 1 1 1 0 1 1 1 1 6 0 0 0 0 0 0 1 29 1 1 0 1 1 1 1 1 1 0 1 1 1 1 0 0 0 1 2 1 1 1 2 1 1 6 38 253 57 44 8 1 1 0 0 1 1 0 0 0 0 0 1 1 5 1 0 0 1 1 1 1 1 1 1 1 1 1 1 1 1 0 0 0 0 0 0 0 0 0 0 0 0 0 1 1 243 220 13 1 0 0 1 1 111 83 1 0 0 0 0 1 1 0 0 0 170 236 1 1 1 1 1 1 1 1 1 11 29 102 118 78 1 1 1 1 4 133 252 252 252 252 250 207 1 1 1 1 1 1 1 1 1 0 0 1 9 244 161 1 1 1 11 18 14 2 13 48 17 1 1 1 1 117 1 2 2 1 1 0 1 1 1 48 163 1 0 1 91 1 1 1 1 1 1 2 2 1 1 1 0 1 3 117 13 1 1 1 1 1 0 0 1 26 64 1 0 1 1 1 1 2 233 228 4 1 1 13 1 154 225 17 1 0 1 1 1 1 22 145 2 1 1 1 0 0 1 1 1 1 1 1 1 0 1 1 1 1 1 0 0 1 3 106 84 1 1 1 1 1 1 1 1 1 0 0 1 7 1 1 1 10 1 0 1 1 1 1 1 0 0 0 0 0 0 0 0 1 1 0 0 0 1 0 1 1 1 1 1 1 0 1 1 52 10 7 1 96 255 255 255 255 248 1 1 0 0 1 1 0 0 1 1 4 115 1 1 1 1 1 34 181 34 1 1 1 1 1 1 1 1 1 1 1 1 1 1 1 1 123 202 87 187 219 97 1 2 26 44
2 3 35 1 1 1 1 2 3 7 1 63 145 153 152 142 156 201 146 6 1 1 1 1 1 0 0 1 1 0 1 1 1 1 0 0 0 1 4 1 1 1 1 1 0 0 1 0 0 0 0 0 0 0 0 0 0 0 0 5 1 1 1 1 1 1 1 1 1 1 1 45 39 1 1 1 1 146 253 170 1 0 0 0 0 0 0 1 1 1 1 0 11 1 0 0 0 0 0 0 0 1 1 0 1 1 0 0 0 1 4 6 7 12 24 2 1 1 1 1 4 111 211 247 181 40 12 226 10 1 1 1 1 1 0 0 1 1 1 1 1 1 1 1 1 1 1 1 1 1 1 0 0 1 6 0 0 0 0 0 0 1 29 1 1 0 1 0 0 0 0 1 1 1 1 0 1 1 1 2 1 0 1 2 2 1 1 1 1 103 249 231 1 0 1 0 1 1 1 1 1 1 1 0 1 1 2 1 2 1 1 1 2 1 1 1 1 1 1 1 1 0 0 0 0 0 0 0 0 0 0 0 0 0 0 0 0 1 149 253 193 1 1 1 1 1 111 89 1 1 1 1 1 1 1 0 0 0 0 1 251 16 1 1 1 1 1 1 1 1 1 1 2 147 192 233 254 255 255 255 254 251 112 3 2 60 234 250 105 1 1 1 1 1 1 1 0 1 1 210 223 53 1 1 1 1 1 1 10 17 5 11 43 29 3 59 35 1 1 1 1 2 1 1 1 1 2 199 1 1 1 12 90 37 1 1 1 1 1 1 1 2 1 0 0 0 1 92 66 1 1 1 1 1 1 6 90 1 1 1 1 1 1 1 164 235 123 1 1 9 1 1 1 97 225 75 1 1 0 1 1 125 46 2 1 1 1 1 1 1 1 1 1 1 1 1 0 1 1 1 1 1 0 0 1 2 15 67 82 1 1 1 1 0 0 1 1 0 1 3 2 1 1 1 5 1 1 1 1 1 1 1 1 0 0 0 0 0 0 0 1 0 0 1 1 1 1 1 1 1 1 1 0 1 1 1 53 1 3 251 255 255 251 16 1 1 1 1 0 1 1 0 0 0 0 1 1 118 3 1 1 1 1 10 4 154 181 77 10 13 59 95 12 1 1 1 1 1 1 1 1 1 1 36 192 101 17 1 1 1 1 2
1 1 4 42 14 1 1 1 1 7 134 103 6 2 2 7 149 76 73 48 20 12 6 3 2 1 1 1 1 1 1 1 1 0 0 0 0 1 6 1 1 1 1 1 1 0 1 0 0 0 0 0 0 0 0 0 0 0 1 6 1 1 1 1 1 1 1 1 1 1 1 88 5 0 1 1 1 1 4 255 1 0 0 0 0 0 0 1 1 1 1 1 11 1 0 0 0 0 0 0 0 1 1 1 1 0 0 1 2 6 2 1 5 4 1 2 2 1 1 0 1 1 1 188 239 1 1 197 106 2 1 1 1 1 1 1 1 0 1 1 1 0 0 0 0 1 1 1 1 0 0 0 0 1 6 0 0 0 0 0 0 1 29 1 1 0 1 1 1 1 1 1 0 0 0 0 1 2 2 1 0 1 2 1 1 1 1 41 191 123 61 254 1 1 1 1 1 0 0 1 1 0 1 1 2 1 0 1 1 2 1 1 1 1 1 1 1 1 1 0 0 0 0 0 0 0 0 0 0 0 0 0 0 0 0 0 0 1 254 193 45 171 36 1 1 113 73 1 2 1 1 1 2 1 1 0 0 0 1 4 158 239 5 1 1 1 1 7 71 190 244 251 251 255 255 252 162 8 1 1 1 103 86 5 57 3 1 68 248 237 3 1 1 1 1 1 1 1 1 244 177 1 1 0 1 1 1 1 1 1 5 17 8 7 107 147 23 1 1 1 1 1 1 2 2 2 2 203 2 1 1 1 1 22 90 74 3 1 1 1 1 2 1 1 0 1 1 1 29 114 3 1 1 1 2 106 1 1 1 1 1 0 1 1 233 230 1 1 7 3 1 0 1 4 33 219 149 1 1 1 1 167 5 2 1 1 1 1 1 1 0 0 1 1 1 1 0 1 1 1 1 1 1 1 1 12 1 1 25 109 3 1 1 1 0 1 1 1 2 4 1 1 1 9 1 1 1 1 0 0 0 1 1 0 0 1 1 0 0 1 1 1 1 1 1 2 23 31 31 32 32 29 14 2 1 1 52 204 255 255 196 1 1 0 0 0 1 1 1 1 0 0 0 0 1 1 1 12 96 1 1 1 1 9 1 1 3 120 176 171 135 102 168 175 49 1 1 1 1 1 1 1 1 1 1 9 2 1 1 1 1 1
1 1 1 1 12 37 3 1 2 135 15 1 1 1 1 1 17 169 31 3 9 16 26 34 37 28 15 7 3 2 1 1 1 1 1 0 0 3 2 1 1 1 1 1 0 1 1 0 0 0 0 0 0 0 0 0 0 0 1 6 1 1 1 0 1 1 1 1 1 1 21 55 1 0 1 1 1 1 1 255 1 0 0 0 0 0 0 1 1 1 0 0 10 1 0 0 0 0 0 0 0 0 0 0 0 1 1 2 4 1 3 5 1 1 1 1 1 3 3 2 1 1 1 5 253 73 166 204 158 183 85 1 1 1 1 0 1 1 1 2 1 0 0 0 0 0 1 1 1 1 1 1 0 1 6 0 0 1 0 0 0 1 29 1 1 1 1 1 1 1 0 0 0 1 1 2 2 1 0 1 1 2 1 1 1 11 183 158 2 1 2 254 1 1 1 1 0 0 0 0 1 1 2 2 1 0 0 0 1 1 3 3 1 1 1 1 0 0 0 0 0 0 0 0 0 0 0 0 0 0 0 0 0 0 0 0 1 239 248 58 1 1 130 146 140 71 1 0 1 2 1 1 1 2 1 0 1 2 3 1 1 183 251 244 241 251 251 251 245 227 98 3 1 252 1 1 1 0 1 1 1 3 173 1 120 3 1 1 2 190 250 162 1 1 1 1 1 1 4 244 169 1 1 1 1 1 1 1 1 1 1 1 3 16 86 9 95 77 25 1 1 1 0 1 1 1 1 182 23 1 1 1 0 0 1 3 75 90 20 1 1 2 1 1 1 1 1 1 1 2 108 39 1 1 100 2 1 1 1 1 1 0 1 148 240 119 1 3 5 1 0 0 1 4 1 3 198 202 4 1 1 179 1 2 1 1 1 1 1 1 1 1 1 1 1 1 1 1 1 1 1 1 1 1 11 1 1 1 1 5 114 17 1 1 1 1 1 46 4 2 1 1 10 47 13 12 9 1 1 1 0 1 1 0 0 1 1 1 1 1 1 2 22 32 32 19 1 1 1 1 1 1 5 23 33 156 255 255 251 1 15 1 1 0 0 1 1 1 1 1 1 0 1 0 0 0 1 1 108 5 1 1 1 8 1 1 1 1 1 1 1 1 1 9 139 177 60 1 1 1 1 1 1 1 4 5 1 1 1 1 1 1
0 0 1 1 1 1 33 35 126 22 1 1 1 1 1 1 96 111 2 1 1 1 1 1 1 4 12 22 26 30 25 14 7 3 1 1 1 7 1 1 1 1 1 1 0 1 0 0 0 0 0 0 0 0 0 0 0 0 3 2 1 1 1 1 1 1 1 1 1 1 83 7 1 1 1 0 0 1 1 255 1 0 0 0 0 0 0 0 0 0 0 0 10 1 0 0 0 0 0 0 0 0 0 0 1 1 2 4 2 5 2 1 1 1 4 17 20 21 22 23 27 14 3 13 255 223 197 60 96 150 194 206 102 1 1 1 1 0 1 2 1 1 1 1 1 1 1 1 1 0 0 1 1 1 6 1 1 1 0 0 0 1 29 1 1 1 1 1 0 1 0 1 2 2 2 1 0 0 1 1 2 1 1 5 169 178 9 1 1 1 1 254 1 1 1 1 1 2 3 4 4 3 1 0 0 0 0 1 1 1 2 3 1 1 1 1 0 0 0 0 0 0 0 0 0 0 0 0 0 0 0 0 0 0 0 1 20 254 159 1 1 0 1 19 31 1 0 0 0 1 7 3 2 1 1 1 3 2 1 1 1 1 3 114 123 18 1 1 1 0 0 1 3 254 17 1 1 1 1 1 1 1 191 151 15 1 1 1 1 1 43 246 244 17 1 1 1 1 206 221 84 1 1 1 1 1 1 1 1 1 1 1 1 1 116 92 42 11 28 79 55 2 1 1 1 1 1 172 42 1 1 1 1 0 0 0 0 1 42 92 54 5 1 1 1 1 1 0 1 1 1 51 100 96 11 1 1 1 1 1 1 1 1 233 230 1 1 13 1 1 0 1 1 4 1 1 1 137 219 43 75 117 1 2 1 1 1 1 1 1 1 1 1 1 1 1 1 1 1 1 0 0 1 5 5 1 1 1 1 1 1 93 57 2 1 4 41 1 38 26 7 25 4 17 1 1 1 6 11 11 1 1 1 1 3 10 13 18 24 29 30 21 2 1 1 1 1 1 1 1 1 1 51 252 255 255 255 255 255 255 226 1 1 1 1 1 1 1 1 1 0 1 1 0 0 0 0 1 5 110 1 1 1 7 1 1 1 1 1 1 1 1 1 1 1 5 131 179 64 1 1 1 1 1 14 1 1 1 1 1 1 1
0 0 1 1 1 1 1 34 136 1 1 0 1 1 1 1 124 85 1 1 1 1 1 1 1 1 1 1 1 1 3 8 15 23 24 12 10 4 1 1 1 1 1 1 0 1 0 0 0 0 0 0 0 0 0 0 0 0 7 1 1 1 0 1 0 1 1 1 1 5 75 3 0 1 1 0 0 1 1 255 1 0 0 0 0 0 0 0 0 0 0 0 11 1 0 0 0 0 0 0 0 0 0 1 1 4 4 2 5 1 1 6 18 19 9 1 1 1 1 1 1 5 16 219 239 67 1 1 1 1 2 50 180 208 107 2 1 1 1 1 0 1 1 1 0 0 1 1 1 1 1 1 1 1 6 1 1 1 1 1 1 1 30 1 1 0 1 0 1 1 2 2 1 0 0 0 0 1 1 2 1 5 163 188 25 1 1 1 1 1 1 254 3 4 5 5 4 2 1 1 0 0 0 0 0 1 1 1 2 8 107 248 252 97 1 1 0 0 0 0 0 0 0 0 0 0 0 0 0 0 0 0 0 0 1 1 253 212 2 1 1 1 1 1 1 0 0 0 0 2 2 2 1 1 1 4 1 1 1 1 1 1 1 1 1 1 1 1 0 1 1 1 211 241 37 1 1 1 1 3 3 3 177 9 1 1 1 1 1 1 15 1 160 252 204 2 1 1 244 167 2 1 1 1 1 1 1 1 1 1 1 1 1 4 118 1 2 17 39 17 10 67 74 10 1 1 2 199 2 1 1 1 1 1 1 0 0 1 0 1 20 93 77 6 1 1 1 1 1 1 1 1 55 133 19 1 1 2 1 1 1 1 128 236 163 1 1 11 1 1 1 1 1 3 1 1 1 1 63 224 191 54 1 2 1 1 1 1 1 1 1 1 1 1 1 1 1 1 0 0 0 1 1 15 1 1 1 1 1 1 1 1 96 46 43 28 1 2 2 3 9 1 1 14 1 1 0 0 0 1 7 6 2 11 6 2 2 1 1 1 1 1 1 1 1 1 1 1 1 104 255 255 255 255 255 255 3 1 5 248 255 255 255 177 1 1 1 1 1 1 1 1 0 0 0 0 0 1 1 57 47 1 1 6 1 1 1 1 1 1 0 0 1 1 1 1 1 3 127 180 73 2 1 13 1 1 1 1 1 1 1 1
0 0 1 1 1 1 1 159 5 1 1 0 1 1 0 1 126 83 1 1 1 1 0 1 0 1 1 1 1 1 0 1 1 1 2 14 27 31 13 3 1 1 2 1 0 0 0 0 0 0 0 0 0 0 0 0 0 1 7 1 1 1 1 1 0 1 1 1 1 61 19 1 1 1 0 0 0 1 1 255 1 0 0 0 0 0 0 0 0 0 0 1 11 0 0 0 0 0 0 0 1 1 1 1 4 3 2 17 19 21 17 7 1 1 1 1 1 1 1 1 1 1 1 247 204 1 1 1 1 1 1 1 2 45 180 208 153 6 2 1 1 1 1 1 1 1 1 1 1 1 1 1 1 1 4 0 1 0 0 0 1 1 30 1 1 1 1 2 2 1 1 0 0 0 1 1 1 2 2 7 195 219 80 1 1 1 1 1 1 1 1 255 22 1 1 1 1 1 0 0 0 0 1 1 1 1 1 2 164 249 242 38 2 245 196 1 1 0 0 0 0 0 0 0 0 0 0 1 0 0 0 0 0 0 1 216 252 94 1 1 1 1 1 1 0 0 0 0 0 1 4 1 1 2 3 1 1 1 1 1 0 1 0 1 1 1 1 1 1 1 1 1 252 14 35 1 1 1 1 4 1 1 113 2 1 1 0 1 1 16 1 1 1 21 237 250 160 79 242 163 1 1 1 1 1 1 2 2 1 1 1 1 1 109 8 1 1 1 1 9 35 27 8 46 78 41 122 138 1 1 1 0 0 1 1 1 1 1 0 1 4 1 2 62 88 26 1 1 1 1 1 15 40 1 57 87 1 1 2 1 1 1 233 231 2 1 1 1 11 1 1 0 1 2 1 1 1 1 1 45 121 134 8 1 1 1 1 1 1 1 1 1 1 1 1 1 1 1 0 0 0 1 17 1 1 0 1 1 1 1 1 1 79 1 1 1 3 1 1 1 1 0 12 2 1 1 0 0 1 1 1 2 5 1 0 1 0 1 1 0 0 1 1 1 1 1 167 255 255 255 255 255 255 118 1 1 1 1 1 1 1 63 252 255 255 255 165 1 1 1 1 1 1 0 0 0 0 0 1 1 116 5 3 8 1 1 1 1 1 1 1 1 1 1 1 1 1 1 1 2 119 182 122 6 1 1 1 1 1 1 4 29
0 1 1 1 1 1 1 167 1 1 1 0 1 1 0 1 126 82 1 1 1 1 1 1 0 1 1 1 0 0 1 1 2 2 1 2 2 2 11 25 17 5 1 2 1 1 0 0 0 0 0 0 0 0 0 0 0 2 4 1 1 1 1 0 0 0 1 1 1 84 4 1 1 1 0 0 0 1 2 255 1 0 0 0 0 0 0 0 0 0 0 1 10 1 0 0 0 0 0 1 3 5 1 5 5 26 31 8 2 1 2 2 1 1 1 1 1 0 0 1 1 1 171 247 58 1 1 1 1 1 1 1 1 1 2 38 140 217 193 184 182 10 1 1 1 1 1 1 1 0 0 0 1 1 4 0 1 1 1 1 1 1 35 2 2 2 1 1 1 1 0 1 2 79 117 40 3 13 193 218 54 1 45 1 1 0 0 1 1 1 1 254 157 1 1 1 1 0 0 0 1 1 1 1 1 2 219 249 232 12 1 1 1 1 225 241 1 1 0 0 0 0 0 0 0 0 0 1 1 0 0 0 0 1 4 254 172 1 1 1 1 1 1 0 0 0 0 0 1 1 1 4 4 1 1 1 1 1 1 1 1 1 1 1 0 0 0 0 0 1 1 1 254 1 24 3 1 1 1 4 1 1 107 1 2 1 1 1 11 1 1 1 1 1 1 88 244 252 210 156 1 1 1 1 1 1 1 1 1 1 1 1 2 130 1 1 1 0 1 1 1 4 27 38 12 85 110 199 16 1 1 1 1 0 0 1 1 0 0 1 3 1 1 1 1 29 85 59 2 1 12 58 1 1 1 6 102 49 2 1 1 113 233 193 1 1 1 1 1 12 1 1 1 1 2 1 1 1 1 39 28 2 131 31 2 1 1 1 1 1 1 0 1 1 1 1 1 1 1 1 1 7 5 1 1 1 1 1 1 3 3 4 95 46 52 57 26 1 1 1 1 1 22 1 1 1 0 0 1 1 1 1 1 1 0 1 0 1 1 1 1 1 1 211 255 255 255 255 255 255 70 1 1 1 1 1 1 1 1 1 1 48 1 1 2 252 255 255 255 63 1 1 1 1 0 0 0 1 1 1 12 114 118 125 9 1 1 1 1 1 1 1 1 1 1 1 1 1 1 1 1 16 122 163 107 14 8 11 46 144 159 133
0 1 1 1 0 1 1 167 1 1 1 1 1 1 1 1 126 82 1 0 0 1 1 1 1 1 1 1 1 2 2 1 0 1 2 1 2 1 1 1 6 21 21 11 2 1 1 1 0 0 0 0 0 0 0 0 0 5 2 1 1 1 0 0 0 0 1 0 28 51 1 0 0 1 0 0 0 0 17 255 1 0 0 0 0 0 0 0 0 0 0 4 3 0 0 0 0 0 3 62 50 59 28 22 34 4 2 1 1 1 1 1 1 1 1 1 0 0 0 1 1 1 242 224 1 1 1 0 0 0 1 1 1 1 1 1 2 6 75 88 117 212 214 209 199 183 164 114 33 5 2 1 1 1 5 1 1 1 1 1 1 1 41 1 1 1 1 1 1 1 37 144 135 28 10 97 181 201 54 1 1 1 7 22 1 1 1 2 17 40 41 233 246 1 1 1 1 1 1 1 1 1 1 3 227 250 197 1 1 0 0 1 1 1 1 139 250 47 1 0 0 0 0 0 0 0 0 0 1 0 0 0 0 1 253 231 8 1 1 1 1 1 0 0 0 0 0 1 1 0 1 1 1 0 1 1 1 0 0 1 1 1 1 1 1 1 0 0 0 1 1 6 254 1 3 28 31 45 14 5 1 3 102 1 2 0 1 1 13 1 1 1 1 1 1 1 1 200 214 181 208 119 2 1 1 2 1 1 1 1 1 1 71 34 1 1 1 1 1 1 0 1 1 2 17 124 74 100 149 174 72 1 1 1 1 1 1 1 0 4 1 1 1 1 1 1 1 6 76 88 48 1 1 1 1 1 1 41 119 14 1 231 231 5 1 1 1 1 1 13 1 1 1 1 3 1 1 1 1 1 34 68 2 102 101 1 1 1 1 1 0 0 1 1 0 1 1 1 1 1 2 18 1 1 1 1 4 3 20 16 14 12 22 83 77 74 125 93 1 1 1 1 25 1 1 1 1 1 1 1 1 1 0 1 1 1 1 1 1 1 102 255 255 255 255 255 254 24 1 1 1 1 1 1 1 1 1 1 1 1 1 48 1 1 1 1 1 12 255 255 255 252 1 1 1 1 0 1 1 1 1 1 1 3 121 67 1 1 1 1 1 1 1 1 1 1 1 1 1 1 1 34 1 1 59 150 156 153 118 17 1 1
1 1 1 1 0 1 1 166 1 1 1 1 1 1 1 2 129 78 1 0 0 0 1 1 1 1 1 2 1 1 1 0 0 1 3 1 1 1 0 1 1 1 4 20 36 15 3 1 1 1 0 0 0 0 0 0 1 7 1 1 1 1 1 0 0 0 1 1 85 9 1 0 1 1 1 1 0 0 84 253 0 0 0 1 0 0 0 0 0 0 0 8 1 0 0 0 0 13 54 1 1 1 33 9 1 1 1 1 1 1 1 1 1 1 0 1 1 1 1 1 1 195 242 59 1 1 1 1 1 1 1 0 1 1 0 1 1 1 1 2 1 4 7 13 34 69 107 158 199 214 204 190 182 180 171 154 143 130 116 105 89 120 164 46 1 1 1 44 145 152 101 2 6 3 32 106 51 1 1 1 0 1 1 36 47 46 44 36 9 1 1 31 255 1 1 1 1 1 1 1 1 4 233 250 185 1 1 1 0 0 0 0 0 1 1 1 9 248 191 1 1 0 0 0 0 0 0 1 1 0 0 0 1 168 253 120 1 1 1 1 1 1 0 0 0 0 1 1 0 0 1 1 0 1 1 1 1 1 0 0 1 0 1 0 1 1 0 0 0 1 1 237 226 0 4 1 1 6 16 39 33 129 7 1 1 1 1 8 2 1 0 1 1 0 0 1 1 137 164 3 9 142 212 177 15 2 1 1 1 1 0 1 127 1 1 1 1 1 1 1 1 1 1 1 1 104 103 100 87 27 109 177 133 4 1 1 1 1 1 4 1 1 1 1 1 1 1 1 1 1 1 1 1 1 1 1 1 1 1 103 216 233 199 1 1 1 0 1 2 8 1 1 1 1 5 1 1 1 1 1 1 2 71 71 84 132 2 1 1 0 0 1 1 1 0 0 1 1 1 1 76 32 28 28 28 29 23 13 1 1 1 2 2 2 2 2 2 54 129 3 1 1 11 5 1 1 1 1 1 1 1 1 1 1 1 1 1 1 111 255 255 255 255 249 6 1 1 1 1 1 1 1 1 1 1 1 1 1 1 1 0 49 1 1 1 1 1 1 1 1 110 255 255 255 1 1 1 1 0 0 0 1 1 1 1 38 103 1 1 1 1 1 1 1 1 1 1 1 1 1 41 1 1 1 1 1 1 1 1 1 8 14
1 0 0 1 1 1 1 168 1 1 1 1 1 1 1 1 129 77 1 0 1 1 1 1 1 2 1 1 1 0 1 1 1 2 2 1 1 2 0 1 1 1 1 1 4 24 27 18 3 1 1 0 0 0 0 0 1 6 1 0 0 1 1 1 0 1 0 8 69 3 1 1 1 0 1 1 0 0 50 253 1 1 1 1 0 0 1 1 1 1 1 10 1 0 0 1 18 31 1 0 0 0 1 1 1 1 1 1 1 0 1 1 1 1 1 1 1 1 1 1 78 239 195 1 1 0 1 0 0 1 0 0 1 1 0 1 1 0 1 1 1 1 1 1 1 1 1 1 1 2 14 50 64 69 84 94 115 128 139 146 150 120 45 124 153 153 147 96 3 2 6 10 25 103 55 1 1 1 0 1 1 1 0 1 1 0 0 0 0 1 1 1 255 2 1 1 1 1 1 7 239 250 167 1 1 0 1 1 1 0 0 0 1 1 1 1 1 1 229 248 13 1 0 0 0 0 0 1 1 0 0 0 2 254 181 1 1 0 0 1 1 0 0 0 0 1 1 0 0 1 1 1 1 1 1 1 0 1 1 0 1 0 0 0 0 1 0 0 1 1 1 254 2 0 4 1 4 1 1 1 1 41 6 11 12 16 16 16 1 0 0 1 1 1 1 1 30 155 94 1 1 2 2 68 205 201 55 1 1 1 1 29 77 1 1 1 1 0 1 1 1 1 1 1 1 131 1 1 10 74 105 41 50 171 167 29 1 1 3 1 1 1 0 1 1 1 1 1 1 1 1 1 1 1 1 1 1 1 1 3 233 248 127 2 1 1 1 1 12 1 1 1 1 3 2 1 1 1 0 1 1 1 1 2 64 60 139 10 1 1 0 1 1 1 1 0 1 1 1 41 9 1 1 1 1 1 0 1 3 1 1 2 1 1 1 1 1 2 13 137 22 1 1 16 8 1 1 1 1 1 1 1 1 1 1 1 1 222 255 255 255 45 1 1 1 1 1 1 1 1 1 1 1 1 0 0 1 1 0 0 0 49 0 0 1 1 1 1 1 1 1 1 18 255 255 255 1 1 1 1 1 0 1 1 1 1 121 4 1 1 1 1 1 1 1 1 1 1 1 28 6 1 1 0 1 1 1 1 1 13 2 1
1 1 1 1 1 1 1 168 1 1 0 0 1 1 1 1 129 77 2 1 1 1 1 2 1 1 1 1 1 1 0 1 2 1 1 1 1 2 0 0 0 1 1 1 1 2 9 25 41 21 4 1 1 0 1 1 4 2 1 0 0 0 0 1 1 1 1 67 15 1 1 1 1 0 0 1 0 0 2 255 1 0 0 0 0 1 1 1 1 0 1 8 0 0 0 9 38 1 0 0 0 0 1 1 1 1 1 0 0 0 1 1 1 1 1 1 0 1 1 120 237 211 2 1 1 1 1 0 0 1 1 1 1 0 0 1 0 0 2 1 0 1 1 0 1 1 1 1 1 1 1 1 1 1 2 1 1 1 1 1 3 9 37 63 77 81 79 78 72 82 66 84 51 1 1 1 0 0 0 1 0 0 1 1 1 1 1 1 1 1 1 1 243 239 1 1 1 11 242 250 141 1 1 0 0 1 1 1 1 0 1 1 1 1 0 1 1 1 1 69 252 247 36 1 1 0 0 1 0 0 0 1 248 241 29 1 0 0 0 0 0 0 0 0 1 1 1 1 1 1 1 1 1 1 1 1 1 1 1 1 1 1 0 0 0 1 0 0 1 1 1 254 1 1 4 1 7 1 1 5 11 22 1 1 1 1 2 5 1 0 0 1 1 1 1 1 133 164 1 1 0 1 2 2 2 8 178 209 128 2 1 126 1 0 0 1 1 1 0 1 1 1 1 1 80 37 1 1 1 1 2 50 106 66 25 141 177 94 7 1 1 1 1 1 1 1 1 1 1 0 1 1 1 1 1 1 1 1 1 156 221 204 10 124 91 2 1 13 1 1 1 1 1 5 1 1 1 1 1 1 0 1 1 1 1 44 67 122 56 1 1 1 1 1 1 0 0 1 11 47 1 1 1 1 1 1 1 2 1 4 1 1 1 1 1 1 1 1 2 2 122 89 3 14 33 1 1 1 1 1 1 1 1 1 1 1 236 255 255 87 1 1 1 1 1 1 1 1 1 1 1 1 1 1 1 1 1 0 1 1 1 49 0 0 0 0 0 1 1 1 1 1 1 1 20 255 255 252 1 1 1 1 1 1 1 1 5 122 14 1 1 1 1 1 1 0 0 1 7 24 1 1 1 1 1 1 1 1 13 1 1 32
18 2 1 1 1 1 1 154 10 1 0 0 1 1 1 1 127 70 3 1 1 1 1 1 0 1 1 1 1 1 1 1 1 1 1 1 2 2 1 1 1 1 1 1 1 1 1 1 3 23 44 24 5 1 1 1 7 1 1 0 0 0 0 0 1 0 2 81 5 0 1 1 1 0 0 1 0 0 1 255 1 0 0 0 1 1 1 1 0 0 2 4 0 1 1 66 1 0 0 0 0 1 1 1 1 1 0 0 1 2 1 1 1 0 0 1 1 21 237 242 209 4 1 1 1 1 1 0 0 0 1 1 1 0 1 1 0 0 2 0 0 1 1 1 1 1 0 0 1 0 1 1 1 1 1 1 1 1 1 1 1 1 1 1 1 1 2 2 15 28 32 2 1 1 0 0 0 0 0 0 0 0 0 0 0 0 0 0 1 1 1 1 4 255 1 5 242 250 124 1 1 1 1 0 1 1 0 0 1 1 1 1 0 0 0 0 1 1 1 1 1 83 249 252 169 1 1 1 0 0 1 161 253 138 1 1 1 0 0 0 0 0 0 1 1 1 1 1 1 1 1 0 1 1 1 1 1 1 0 0 1 1 1 1 1 1 0 0 1 1 233 236 1 0 4 0 7 0 1 54 19 1 0 0 0 1 9 1 1 1 1 1 1 1 1 1 137 164 1 1 1 1 1 2 1 1 1 2 121 209 196 137 1 1 1 1 1 1 1 1 1 1 1 1 131 1 1 1 1 1 1 1 1 25 90 91 27 90 181 148 7 1 1 1 1 1 0 1 1 1 1 1 1 1 1 1 1 1 29 221 226 24 1 1 21 128 95 3 1 1 1 1 6 1 1 1 1 1 1 0 0 0 1 1 1 1 23 87 79 109 1 1 1 36 74 1 1 1 91 11 3 3 2 2 2 2 2 1 2 1 1 1 1 1 1 1 1 1 1 1 1 112 158 8 1 1 1 1 1 1 1 1 1 1 1 210 255 255 5 1 1 1 1 1 1 1 1 1 1 1 1 0 0 0 1 1 1 1 1 1 1 49 1 1 0 0 0 0 0 0 1 1 1 1 1 1 28 255 255 252 1 1 1 1 1 1 1 3 116 1 1 1 1 1 1 0 1 1 43 1 1 1 1 1 1 1 5 14 1 17 89 31
17 1 1 1 1 0 1 61 120 1 0 0 1 1 1 2 127 65 4 1 1 1 1 1 0 0 0 1 1 1 1 2 1 1 1 1 1 2 2 2 2 1 1 1 1 1 0 1 1 1 2 22 46 28 6 2 9 1 1 1 0 0 0 1 1 0 37 38 1 0 1 1 1 0 0 1 0 0 1 253 94 1 0 1 1 1 0 0 0 1 6 1 0 1 36 10 1 0 0 1 1 1 1 0 0 1 1 1 1 1 0 0 1 0 1 1 141 234 219 173 2 1 1 1 0 1 1 0 0 0 0 1 0 0 1 1 0 1 1 1 1 1 1 1 1 1 1 1 0 1 1 1 1 1 1 1 1 1 1 1 1 1 1 1 1 1 19 24 35 10 1 1 0 0 0 0 0 0 0 0 0 0 0 0 0 0 1 1 1 1 1 1 14 254 220 250 119 1 1 0 0 1 1 1 1 1 1 0 0 1 0 0 0 0 0 1 1 0 1 1 1 1 1 4 237 252 240 7 1 1 111 253 177 1 1 0 1 0 0 0 0 0 1 1 1 1 1 1 1 1 1 1 1 1 1 1 0 0 0 1 1 0 1 1 1 0 0 1 1 1 254 1 1 0 3 1 5 1 10 14 0 0 0 0 1 7 1 1 1 1 1 1 1 1 0 3 194 77 1 1 1 1 2 2 1 1 1 0 1 1 125 199 184 49 1 1 1 1 1 1 1 1 1 84 26 1 1 1 1 1 1 1 1 1 1 7 66 105 41 41 173 176 44 1 1 1 1 1 1 1 1 1 1 1 1 1 1 1 224 61 226 1 1 1 1 1 43 135 64 1 1 3 2 1 1 1 1 1 1 1 0 1 1 1 1 1 1 2 94 84 160 61 160 137 107 172 64 93 3 1 2 2 2 1 1 1 1 3 1 1 1 1 1 1 1 1 1 2 1 3 9 5 96 180 6 1 1 1 1 1 1 1 1 1 122 255 255 51 1 1 1 1 1 1 1 1 1 1 0 0 0 0 1 1 0 0 0 0 0 0 6 23 0 1 1 1 0 0 0 0 1 1 0 0 1 1 1 1 43 255 255 251 1 1 1 1 1 1 108 39 1 1 1 1 1 1 1 42 1 1 1 1 10 15 16 15 7 14 85 50 1 1
53 1 1 1 1 0 1 2 168 1 1 1 1 1 1 1 89 85 25 1 1 1 0 1 1 0 0 0 0 1 2 1 0 0 1 1 1 2 1 1 1 2 2 2 1 0 0 1 1 0 1 1 2 20 51 38 8 2 1 1 1 1 1 1 0 1 84 6 1 1 1 1 1 0 1 1 1 0 0 115 253 1 1 1 1 0 0 0 0 0 7 1 0 1 68 1 0 0 0 1 1 1 0 0 0 1 2 1 1 0 0 0 1 1 10 229 239 214 18 4 6 1 0 0 0 1 0 0 0 0 1 1 0 0 1 0 1 2 1 1 1 1 0 1 1 0 0 0 0 1 1 0 1 1 1 1 1 1 1 1 1 1 1 1 3 33 34 27 1 1 1 0 0 0 0 0 0 0 0 0 0 0 0 0 1 1 1 1 1 0 1 1 55 250 255 2 1 1 1 1 0 1 1 1 1 0 0 0 0 1 0 0 0 0 1 1 0 0 0 1 1 1 1 1 1 1 153 253 253 253 253 177 2 1 0 1 1 0 0 0 0 1 1 1 1 1 1 0 0 1 1 1 6 1 1 1 0 0 0 1 1 0 0 1 1 0 0 1 1 80 252 1 1 1 5 17 1 1 43 1 0 0 1 2 5 1 0 0 1 1 1 1 1 1 0 116 180 1 1 1 1 1 3 4 1 0 1 0 0 1 77 1 5 148 192 124 2 1 1 1 0 1 4 115 1 0 1 1 0 1 1 1 1 1 1 1 1 3 44 100 65 21 140 184 109 1 1 1 1 1 1 5 1 1 1 1 1 202 96 87 212 1 1 1 1 1 1 1 57 138 68 6 1 1 1 1 1 0 0 1 1 0 0 1 0 0 1 1 1 35 77 190 14 1 1 6 116 1 1 1 1 1 1 1 2 1 4 2 1 1 1 1 1 1 1 2 4 10 10 3 1 1 1 25 188 19 1 1 1 1 1 1 1 1 231 255 255 1 1 1 1 1 1 1 0 0 0 0 0 0 0 1 1 0 0 0 0 0 0 0 46 1 0 0 0 1 0 0 0 0 0 1 0 0 0 1 1 1 1 1 71 255 255 247 1 1 1 1 1 66 122 111 27 1 1 1 3 36 1 3 16 28 19 30 55 75 84 57 1 1 1 1
46 29 1 1 1 1 2 1 170 1 1 1 1 1 1 1 2 132 73 1 1 1 1 1 1 1 1 1 1 1 1 1 1 0 1 1 1 2 1 1 0 1 1 1 2 1 1 0 0 1 1 1 1 1 2 39 65 37 9 2 1 1 1 0 1 30 42 1 0 1 1 1 1 1 1 1 1 1 2 3 255 31 5 2 1 0 0 0 0 1 8 1 1 9 53 1 1 1 1 1 1 0 0 0 2 1 1 0 1 1 1 1 1 180 239 227 125 1 1 3 3 5 2 1 1 1 0 0 0 0 1 1 0 1 1 1 1 2 0 0 1 0 0 1 1 1 1 1 0 1 1 1 1 0 1 1 0 1 1 1 1 1 1 24 43 34 4 1 1 0 0 0 0 0 0 0 0 0 0 0 0 0 1 1 1 1 1 1 1 1 1 125 250 115 254 6 1 1 1 1 1 1 1 0 1 1 0 0 0 1 0 0 0 0 1 1 1 1 0 1 1 0 0 1 1 1 1 2 230 210 217 38 1 1 1 1 1 0 0 0 1 1 1 1 0 1 1 1 1 1 1 6 7 1 1 1 1 1 1 1 1 0 0 0 1 0 0 1 1 253 63 0 1 0 22 1 2 7 44 1 1 0 2 4 1 0 0 1 1 1 1 1 1 1 1 136 166 1 1 1 1 1 1 3 2 1 1 1 1 39 12 1 1 1 1 92 187 169 20 1 1 1 112 8 1 0 1 1 1 1 1 1 1 1 1 1 1 1 1 1 22 89 93 27 88 182 158 9 1 2 2 1 1 1 1 1 106 191 32 200 62 0 1 1 1 0 0 1 1 1 70 153 66 2 1 1 1 1 0 0 1 1 0 1 1 1 1 1 1 31 125 12 1 1 1 1 66 6 1 1 1 0 1 1 4 5 1 1 2 1 0 1 1 1 5 2 1 1 1 1 1 1 1 1 7 184 42 1 1 1 1 1 1 4 255 255 12 1 1 1 1 1 1 1 0 0 0 0 0 0 1 1 0 0 0 0 0 0 0 1 49 1 0 0 0 0 0 0 0 0 0 0 0 0 0 0 0 0 1 1 1 1 107 255 255 242 1 1 1 1 1 4 77 119 77 55 44 91 158 129 98 76 62 41 15 3 1 1 1 1 1 1
25 31 50 1 1 1 1 2 169 1 1 1 1 0 1 1 1 123 70 6 1 1 1 0 0 1 1 1 1 1 1 1 1 1 1 1 1 2 1 1 1 0 1 1 1 2 2 1 1 0 1 0 1 1 2 3 1 19 57 43 11 2 1 1 6 68 5 1 0 1 1 1 1 1 2 2 2 2 1 1 240 211 7 8 9 8 4 1 1 1 6 1 11 1 39 1 1 1 1 1 1 1 1 1 2 0 0 0 0 1 1 50 237 237 202 4 1 2 2 1 1 1 2 4 2 1 0 0 0 1 1 1 1 1 1 0 1 1 0 1 1 1 1 1 1 1 1 1 1 1 1 0 0 0 0 1 1 1 1 1 1 11 43 42 13 1 1 0 0 0 0 0 0 0 0 0 0 0 0 0 0 1 1 1 1 1 1 1 1 2 236 243 4 1 242 233 1 1 1 0 1 1 0 0 0 1 0 0 0 1 0 0 0 0 1 1 1 1 0 0 1 1 0 0 0 1 1 187 161 144 120 171 205 107 1 1 0 0 0 1 1 1 1 0 0 1 1 1 1 1 1 31 1 1 1 1 0 1 1 1 1 0 0 0 1 0 1 1 1 254 1 0 1 1 22 0 1 36 1 1 1 3 4 1 1 1 1 1 1 1 1 1 0 1 1 190 96 1 1 1 1 1 3 1 1 1 1 1 1 79 1 1 1 0 1 1 1 24 171 183 74 52 57 1 2 2 1 0 0 0 1 1 0 1 1 1 1 1 1 1 1 1 8 71 108 47 35 176 195 66 1 1 1 1 1 1 229 3 24 224 1 1 1 1 1 0 0 0 1 1 1 1 84 151 62 2 1 1 1 0 0 1 1 1 1 1 1 1 11 145 17 1 1 0 0 1 1 86 3 4 1 1 4 3 1 1 1 1 1 2 1 1 2 6 1 1 1 1 1 1 1 1 1 1 1 3 172 81 1 1 1 1 1 197 255 255 1 1 1 1 1 1 1 1 1 0 0 0 1 1 0 0 0 0 0 1 0 0 0 1 49 0 0 0 0 0 0 0 0 0 0 0 0 0 0 0 0 0 0 0 1 1 1 1 143 255 255 231 1 1 1 1 1 1 26 45 51 59 12 1 1 1 1 1 1 1 1 1 1 1 0 0
19 16 31 37 1 1 0 1 132 53 1 1 1 1 1 1 1 13 118 63 1 1 1 0 0 1 2 1 1 1 1 0 0 1 1 1 1 1 1 0 1 1 1 1 0 1 1 1 2 1 1 1 1 3 2 1 1 1 1 17 57 55 32 55 49 70 2 0 0 0 1 1 1 1 1 1 0 0 0 0 41 255 3 1 1 1 3 8 9 13 8 6 2 1 2 35 1 1 1 1 1 0 0 1 2 0 0 1 1 1 207 240 224 78 1 1 2 1 0 0 1 1 1 1 3 1 0 0 0 1 1 1 1 1 0 0 1 1 0 1 1 1 1 1 1 1 1 0 1 1 0 0 0 0 0 1 1 1 1 3 36 48 25 1 1 1 0 0 0 0 0 0 0 0 0 0 0 0 0 1 1 1 1 1 1 1 1 1 94 250 164 1 1 1 14 254 2 1 1 1 0 1 1 0 0 0 0 1 1 2 0 1 1 1 1 1 0 1 1 1 1 1 1 1 1 118 220 195 85 1 1 1 2 150 205 163 8 1 1 1 0 1 1 0 0 0 1 1 1 1 1 48 1 0 1 0 0 0 0 0 1 1 0 0 1 0 1 1 241 224 1 0 1 23 1 0 1 36 0 0 1 6 1 1 1 1 1 1 1 1 1 1 1 1 100 188 1 1 0 1 1 1 3 1 1 0 1 1 14 37 1 1 1 1 1 0 0 1 1 4 147 224 56 1 1 1 3 1 1 1 1 0 0 0 1 2 1 1 1 1 0 1 1 1 2 46 116 83 19 131 190 129 2 1 1 14 222 29 25 216 1 0 1 1 1 1 1 1 1 0 0 1 1 2 86 147 67 2 1 1 1 0 1 1 0 1 1 14 143 17 1 1 0 0 0 1 1 40 16 1 2 2 1 0 0 1 1 1 1 1 3 5 5 1 1 1 1 1 1 1 1 1 1 1 1 1 1 156 126 2 1 1 1 228 255 255 1 1 1 1 1 1 1 1 1 0 0 0 1 0 0 0 0 0 0 1 1 0 0 1 42 0 0 0 0 0 0 0 0 0 0 0 0 0 0 0 0 0 0 0 0 1 1 1 1 1 182 255 255 220 1 1 1 1 1 1 1 1 1 1 1 1 1 1 1 1 1 1 1 1 1 1
2 23 2 73 1 1 1 1 6 162 1 1 1 1 1 1 1 1 126 76 2 1 1 1 1 2 1 1 1 1 0 0 1 1 1 2 1 1 1 0 0 1 1 1 1 1 0 1 1 2 2 3 3 1 1 1 1 1 1 1 1 17 38 5 1 66 3 1 1 0 0 1 1 1 1 1 0 0 0 0 1 255 17 1 0 0 1 1 1 6 13 26 9 9 5 15 14 1 1 1 0 0 0 1 2 1 1 1 111 237 237 179 1 1 0 0 2 1 0 0 1 1 1 1 1 4 1 1 1 1 0 0 1 1 1 1 1 0 1 1 1 1 1 0 0 0 1 0 1 0 0 0 0 0 1 1 1 1 29 49 30 3 1 1 0 0 0 0 0 0 0 0 0 0 0 0 0 0 1 1 1 1 1 1 1 1 1 220 246 23 1 0 0 1 1 245 219 1 1 1 1 1 1 0 0 1 1 2 2 2 1 1 0 1 1 1 1 1 1 1 9 140 214 222 231 231 160 22 1 1 1 1 2 6 1 51 193 194 59 2 1 1 1 1 0 1 1 1 1 3 53 9 1 0 1 1 0 0 0 0 0 1 1 1 1 1 1 1 254 1 1 1 2 21 1 1 25 3 0 0 2 2 0 1 1 0 1 1 1 1 1 1 1 1 137 167 1 1 0 1 1 2 1 1 1 1 1 1 78 1 1 0 1 1 1 1 0 0 1 1 99 25 147 159 4 1 1 2 2 1 1 0 0 0 1 1 1 0 1 1 1 1 1 1 1 1 2 19 87 99 28 72 184 169 116 246 226 102 214 18 1 1 1 1 1 0 1 1 0 0 0 1 0 1 1 2 80 147 73 2 1 1 1 1 1 1 19 147 13 1 1 1 1 0 1 1 1 1 70 1 0 0 0 0 0 1 1 1 1 1 3 1 1 1 1 1 1 1 1 1 1 1 1 1 1 1 1 1 193 224 26 1 102 252 255 79 1 1 1 1 1 1 1 1 0 0 0 0 0 0 0 0 0 0 0 0 1 0 0 40 1 0 0 0 0 0 0 0 0 0 0 0 0 0 0 0 0 0 0 0 0 1 1 1 1 1 1 1 207 255 255 205 1 1 1 1 1 1 2 2 2 2 2 1 1 1 1 1 0 0 1 1
2 15 2 68 1 1 1 1 1 173 1 1 1 0 1 1 1 1 50 102 38 1 1 1 1 2 0 0 1 1 1 0 1 1 1 2 1 1 0 0 1 1 1 1 1 1 0 0 0 1 3 1 0 0 1 1 0 1 1 1 1 1 65 6 7 28 35 1 1 1 1 1 1 0 1 1 0 0 0 0 1 197 248 1 1 1 1 1 7 8 1 1 1 1 2 12 44 1 1 0 0 1 1 1 3 1 3 222 242 222 37 1 1 1 1 1 2 1 0 0 1 1 1 1 1 4 1 0 1 0 0 1 1 0 1 2 1 1 1 1 0 1 1 0 0 1 1 1 1 0 0 0 1 1 0 1 14 40 36 10 1 1 0 0 0 0 0 0 0 0 0 0 0 0 0 0 1 1 1 1 1 1 1 1 1 40 249 207 1 1 0 0 0 1 1 233 191 147 1 1 1 1 1 1 1 1 1 1 1 2 1 1 1 1 2 112 189 217 223 229 242 229 181 160 128 5 1 0 0 0 1 1 13 1 1 1 1 6 160 201 179 77 3 1 1 1 1 1 50 42 6 1 1 1 0 1 1 0 0 0 0 0 1 1 1 1 1 148 254 11 1 1 25 1 1 1 42 1 0 0 5 1 1 1 1 1 1 1 1 1 1 1 1 1 179 118 1 1 1 1 1 3 1 1 1 1 1 2 66 1 1 0 0 1 1 1 1 1 1 21 78 1 1 29 180 90 1 1 1 3 1 1 0 1 1 1 1 0 0 1 1 1 1 1 1 2 1 1 1 5 63 109 52 45 251 94 58 219 214 1 1 1 0 0 0 0 0 0 0 0 0 1 1 1 0 1 1 2 75 144 76 2 1 1 1 23 145 10 1 1 1 1 1 0 1 1 1 1 4 53 1 0 0 0 0 1 1 1 1 2 1 0 0 0 1 1 1 1 1 1 1 1 2 1 1 1 1 37 188 179 234 210 252 255 255 79 1 1 1 1 1 1 1 1 0 0 0 0 0 0 0 0 0 0 0 0 1 0 1 50 1 0 0 0 0 0 0 0 0 0 0 0 0 0 0 0 0 0 0 0 1 1 0 0 1 1 1 1 1 1 224 255 255 242 4 1 1 1 1 1 1 1 1 1 1 1 1 1 1 1 1 1
2 14 43 57 2 1 1 1 1 154 16 1 1 0 1 2 2 2 2 125 81 3 2 2 1 1 1 0 1 1 1 1 1 1 1 2 1 1 1 1 1 0 0 1 1 1 0 0 1 1 2 1 0 1 1 0 0 0 1 1 1 1 34 55 70 34 28 65 30 2 1 1 1 0 1 1 1 1 1 1 1 1 255 2 1 1 2 7 1 1 0 1 1 1 1 1 56 1 1 0 1 1 1 1 2 161 247 229 138 1 1 1 1 1 1 1 1 0 0 0 1 1 1 1 4 1 1 1 1 0 0 1 1 1 1 1 0 1 1 1 1 1 1 0 0 1 1 1 1 1 1 1 1 1 4 37 36 25 1 1 0 0 0 0 0 0 0 0 0 0 0 0 0 0 0 1 1 1 1 1 1 1 1 1 186 250 70 1 0 0 0 0 0 0 1 153 162 199 149 1 1 1 1 1 1 1 1 1 1 2 27 170 218 222 229 229 209 175 161 140 20 1 1 1 0 0 0 0 0 1 1 6 3 0 0 1 1 1 1 1 40 129 186 193 198 173 114 122 117 5 2 1 1 1 1 1 1 1 0 0 0 0 1 1 1 1 1 255 36 58 93 80 18 1 1 41 36 1 1 1 4 1 0 1 1 1 1 1 1 1 1 1 1 78 197 2 1 0 1 1 1 2 1 1 1 1 1 71 1 1 1 1 1 1 1 1 1 1 1 119 1 1 1 1 1 112 175 11 1 1 1 2 1 1 1 1 1 1 1 1 1 1 1 1 2 2 1 1 1 1 1 1 38 217 217 3 33 138 236 1 1 1 1 0 0 0 0 0 0 0 0 1 0 0 0 0 0 1 1 2 70 144 82 3 37 146 7 1 1 0 1 1 1 1 1 1 1 1 1 53 3 1 0 0 0 1 1 1 2 1 0 0 0 0 1 1 0 0 1 1 1 1 1 1 1 1 37 179 1 1 18 229 255 41 255 255 1 2 1 1 2 1 0 0 0 0 0 0 0 0 0 0 0 0 0 0 1 0 1 48 0 0 0 0 0 0 0 0 0 0 0 0 0 0 0 0 0 0 0 0 1 1 0 0 0 1 1 1 1 1 1 1 205 255 255 255 255 255 254 203 3 6 2 1 1 1 1 1 1 1 1 1
9 17 33 17 4 6 6 3 1 16 162 1 1 1 2 1 1 1 1 93 89 18 1 1 1 1 1 1 4 61 96 62 2 1 3 1 1 0 1 1 1 0 0 1 0 1 1 0 1 3 1 1 1 1 1 0 0 0 1 1 1 7 30 7 1 1 1 1 43 24 20 2 1 1 5 6 6 2 1 1 1 1 240 208 1 3 5 1 1 1 0 0 0 1 0 1 57 1 1 1 1 1 1 24 237 245 196 14 1 1 1 1 1 1 0 0 0 0 0 1 1 1 1 1 5 1 1 1 1 1 1 1 0 0 1 1 0 0 0 1 1 1 1 0 1 1 0 0 1 1 1 0 1 32 36 31 5 1 1 0 0 0 0 0 0 0 0 0 0 0 0 0 0 1 1 1 1 1 1 1 1 1 9 243 232 2 1 0 0 0 0 0 1 1 1 13 230 27 231 184 135 32 3 2 3 17 152 218 224 233 242 221 180 168 141 34 1 1 1 1 1 0 0 0 0 0 0 0 1 1 9 2 1 0 1 1 0 0 1 10 1 1 1 1 62 32 112 125 170 209 211 211 191 132 54 10 2 1 1 1 1 1 1 1 1 1 8 255 1 1 1 3 30 36 35 17 7 31 19 6 1 1 1 1 1 1 1 1 1 0 0 1 1 136 168 1 1 0 0 1 3 1 1 11 56 39 2 77 1 0 1 1 1 1 1 1 1 1 77 24 1 1 0 1 1 1 7 172 117 1 1 1 3 2 1 1 1 1 0 1 1 1 2 2 1 1 0 1 1 1 0 1 1 23 248 34 3 161 210 214 153 2 1 1 1 0 0 0 0 0 0 1 0 0 0 0 0 1 1 1 1 2 68 193 195 7 1 1 1 1 0 0 1 1 2 1 1 1 1 1 68 14 1 1 0 1 1 1 1 0 0 0 0 1 1 0 0 0 0 0 0 1 2 1 1 66 184 1 1 1 4 5 255 116 255 245 177 127 65 17 6 0 0 0 0 0 0 0 0 0 0 0 0 0 0 0 1 0 34 2 0 0 0 0 0 0 0 0 0 0 0 0 0 0 0 0 0 0 0 0 1 0 0 0 0 0 0 0 0 0 1 1 1 1 1 3 106 246 255 255 255 255 255 255 255 255 255 255 255 255 255 255
22 36 54 6 1 1 1 3 5 6 185 2 1 1 3 1 1 1 1 2 151 36 2 1 1 7 94 133 151 109 76 107 151 112 5 1 1 1 1 0 1 1 1 1 0 0 1 1 2 1 1 1 1 1 1 1 1 1 1 1 2 25 17 1 1 1 1 1 22 1 1 15 9 6 1 1 1 4 3 1 1 1 5 255 3 4 1 1 1 1 1 0 0 1 1 1 58 1 1 1 1 1 182 247 227 115 16 1 1 1 1 1 1 1 0 0 1 1 1 1 1 1 1 2 3 1 1 1 1 0 1 1 0 0 1 1 1 0 0 0 0 1 1 1 1 1 0 1 1 1 1 19 36 30 16 1 1 0 0 0 0 0 0 0 0 0 0 0 0 0 0 0 1 1 1 1 1 1 0 1 1 147 250 123 1 1 0 0 0 1 0 1 1 1 61 99 217 175 50 217 50 181 217 218 232 245 236 185 174 136 20 3 1 2 4 4 1 0 0 0 0 0 0 0 0 0 0 0 1 10 1 1 0 0 1 1 0 0 1 11 1 1 0 1 47 1 1 1 1 1 1 2 28 125 178 205 211 214 213 198 143 69 9 1 1 1 252 211 1 1 1 1 1 1 1 3 6 8 4 40 6 1 1 1 1 1 1 1 1 0 0 1 1 166 134 1 1 1 1 1 2 15 29 28 1 3 99 83 3 1 1 1 1 1 1 1 1 6 102 1 1 1 1 1 0 1 1 1 84 178 26 1 4 1 2 1 1 1 1 1 1 2 1 1 1 1 1 1 1 1 1 1 1 194 212 198 244 229 187 183 194 216 198 19 1 1 1 0 0 0 0 1 0 0 0 1 1 1 1 1 1 1 20 174 139 97 1 1 1 1 1 1 1 1 1 1 1 1 1 1 1 28 71 32 1 2 1 0 0 0 0 0 0 1 1 0 0 0 0 0 1 1 1 6 185 167 3 1 1 6 2 1 255 255 252 16 27 105 161 145 103 1 0 0 0 0 0 0 0 0 0 0 0 0 0 0 1 1 54 1 0 0 0 0 0 0 0 0 0 0 0 0 0 0 0 0 0 0 0 1 1 0 0 0 0 0 0 0 0 0 0 0 1 1 1 1 1 1 1 1 1 28 248 252 252 218 52 41 44 45 50 73
1 12 14 62 1 1 1 1 1 1 62 147 2 2 1 1 1 1 1 1 147 66 138 121 139 140 78 36 3 1 1 1 4 59 152 89 1 1 1 1 1 1 1 1 1 0 1 1 2 1 0 0 1 1 1 1 1 1 1 1 16 31 1 1 0 0 0 4 9 1 1 1 6 3 1 0 0 1 3 7 4 4 4 255 6 1 1 1 1 1 1 0 1 1 1 1 54 1 1 1 65 235 242 177 5 1 20 1 1 1 1 1 1 1 1 1 1 0 0 1 0 1 1 5 1 1 1 0 0 1 1 0 0 1 1 0 1 1 1 0 0 0 0 1 1 1 1 1 1 6 37 25 29 2 1 0 0 0 0 0 0 0 0 0 0 0 0 0 0 0 1 1 1 1 1 0 0 1 1 15 244 243 7 1 1 0 0 0 0 1 1 1 3 113 40 1 2 225 7 191 239 214 194 190 150 38 7 1 1 1 1 1 1 1 1 2 7 1 1 0 0 0 0 0 0 0 1 2 9 1 0 0 1 1 1 1 0 0 0 10 1 1 1 1 15 18 0 0 1 1 1 1 1 1 1 1 1 1 2 20 112 176 208 216 210 119 255 1 1 1 1 1 1 1 1 1 9 6 1 1 28 31 38 32 17 3 1 1 1 1 1 1 48 203 6 1 1 1 1 1 39 20 13 2 1 1 54 2 35 53 11 1 1 1 1 1 1 112 2 1 1 1 1 1 1 1 1 1 1 3 155 149 4 1 1 2 1 1 1 2 2 1 0 0 1 1 0 0 1 1 1 1 8 232 26 54 215 21 26 36 135 189 196 216 212 115 1 1 1 1 0 0 0 1 1 1 1 1 1 1 1 20 158 3 1 112 40 1 1 1 1 1 1 0 0 1 1 1 1 0 0 1 1 13 81 59 2 1 0 0 0 0 1 1 0 0 0 0 1 1 1 4 173 196 25 1 1 3 8 8 4 4 255 255 7 4 1 1 1 122 79 1 1 0 0 0 0 0 0 0 0 0 0 0 0 0 1 6 27 1 1 1 1 1 0 0 0 0 0 0 0 0 0 0 0 0 0 0 0 1 0 0 0 0 0 0 0 0 0 0 0 0 0 1 1 1 1 1 1 1 1 1 1 1 11 245 252 252 200 3 1 1
22 1 1 73 5 1 1 1 0 1 1 179 11 1 1 1 1 1 1 1 184 107 30 45 65 7 1 1 1 1 0 1 1 1 2 81 144 14 1 1 0 1 1 0 1 1 1 2 1 0 0 0 0 0 1 1 1 0 1 8 32 3 1 1 0 0 1 19 1 0 1 1 1 5 2 1 0 1 4 1 1 1 1 255 1 1 1 1 0 1 1 0 1 1 1 1 54 1 2 208 243 229 60 1 2 1 18 1 1 0 0 1 1 1 1 1 1 0 1 1 1 1 2 2 1 1 1 0 0 1 1 0 0 1 0 0 0 0 1 1 1 0 0 0 1 1 1 5 35 23 29 8 1 0 0 0 0 0 0 0 0 0 0 0 0 0 0 0 0 1 1 1 1 1 1 1 1 2 219 254 142 1 1 1 1 0 0 0 1 1 1 56 107 10 113 164 171 231 242 203 239 2 2 1 1 3 1 1 1 1 1 1 1 1 5 3 2 8 4 1 0 1 1 0 0 1 3 7 1 0 0 0 1 1 0 1 1 0 0 1 8 1 1 1 2 50 1 1 1 1 1 1 1 1 1 1 1 1 1 1 1 1 1 1 8 251 252 51 1 1 0 1 1 1 2 2 4 7 4 2 2 1 2 1 4 23 34 32 6 1 1 1 134 167 1 1 1 1 26 55 10 7 3 1 2 12 23 1 1 71 79 104 8 1 1 1 49 81 6 1 1 1 1 0 1 1 1 2 1 1 1 52 186 54 1 1 1 1 1 1 1 1 0 0 1 1 1 1 1 1 1 1 212 98 30 208 108 2 1 1 1 20 56 174 185 202 214 174 7 1 1 1 1 1 1 1 1 1 1 1 62 152 6 1 1 1 157 2 1 1 2 1 0 0 1 1 1 1 1 0 0 1 1 1 1 2 57 69 11 1 0 1 1 0 0 0 0 1 1 3 176 201 60 1 1 1 1 3 5 1 1 59 255 255 1 1 4 6 6 179 20 1 1 0 0 0 0 0 0 0 0 0 0 0 0 0 1 52 1 0 1 1 1 1 1 1 1 0 0 0 0 0 0 0 0 0 0 0 1 1 0 0 0 0 0 0 0 0 0 0 0 0 0 0 1 1 1 1 1 1 1 1 1 1 1 1 1 7 246 252 252 235
84 4 1 3 72 67 4 1 1 1 1 8 179 2 1 1 1 1 1 20 226 33 7 116 2 1 1 0 1 0 0 0 1 1 1 1 13 142 79 1 1 1 1 1 0 1 2 1 1 0 0 0 0 0 0 1 1 1 2 25 16 1 1 1 0 0 2 14 1 0 0 0 1 1 8 1 0 1 3 0 0 1 1 255 1 1 1 0 0 1 1 0 1 1 1 1 57 125 237 240 180 1 1 1 1 2 15 1 1 1 1 1 1 1 1 1 1 1 1 0 0 1 5 1 1 1 0 0 1 1 0 0 1 1 0 0 0 0 0 0 1 1 1 1 1 1 21 22 22 23 1 1 0 0 0 0 0 0 0 0 0 0 0 0 0 0 0 0 1 1 1 1 0 1 1 1 138 251 224 16 58 1 1 1 0 0 0 0 1 5 119 176 169 154 56 2 1 70 217 1 220 2 1 1 2 1 1 1 0 1 1 1 0 1 4 2 1 1 3 4 1 1 1 0 1 6 4 1 0 0 0 1 1 1 0 0 1 1 1 1 12 1 1 1 1 54 1 1 1 1 1 1 1 1 1 1 1 1 1 1 1 1 1 1 1 255 108 97 140 47 1 1 1 0 2 4 1 1 4 8 1 2 1 1 1 1 1 1 16 34 32 22 165 151 1 1 16 69 15 1 1 1 1 3 2 66 5 1 12 33 1 1 81 72 1 2 107 14 5 15 2 1 1 1 1 1 1 1 1 1 1 1 1 142 172 5 1 1 1 1 1 1 1 1 1 1 1 1 1 0 1 1 234 25 80 217 7 1 1 1 1 1 1 11 37 141 182 195 211 202 40 1 1 1 1 1 1 6 129 176 136 26 27 1 0 1 8 146 1 1 1 0 1 1 1 0 1 1 1 0 1 1 1 0 1 1 1 1 35 74 36 1 1 1 0 1 1 2 166 201 37 1 1 2 1 1 3 2 1 1 1 255 255 51 1 1 1 1 1 183 1 2 1 1 0 0 0 0 0 0 0 0 0 0 0 0 1 52 1 0 0 0 1 1 1 1 1 1 1 1 0 0 0 0 0 0 0 0 1 1 0 0 0 0 0 0 0 0 0 0 0 0 0 0 0 0 0 0 0 0 0 0 1 1 1 1 1 1 1 1 2 226
2 89 6 1 1 6 72 63 3 1 0 1 61 189 159 125 104 144 179 164 173 229 91 105 1 1 0 1 1 0 0 1 1 1 1 0 1 1 91 136 17 1 1 1 1 2 1 1 1 1 0 0 0 0 0 1 1 3 17 31 1 1 0 1 1 1 8 4 1 0 0 1 1 1 2 5 1 5 1 0 0 1 1 255 1 1 1 1 1 1 1 1 1 1 6 35 235 245 227 26 1 1 1 1 1 5 7 1 1 1 0 1 1 1 1 0 1 0 1 1 0 2 2 1 1 0 0 0 1 0 0 0 1 0 0 0 1 1 0 1 1 0 1 1 9 36 6 35 3 1 1 0 0 0 0 0 0 0 0 0 0 0 0 0 0 0 1 1 1 1 1 0 1 1 23 247 247 36 1 1 51 11 1 1 0 0 0 1 76 174 169 27 1 1 1 1 1 1 145 180 191 58 1 1 2 1 1 1 1 1 0 0 0 1 4 1 1 1 1 1 4 2 1 1 8 2 1 0 0 0 1 1 0 1 0 0 1 1 1 0 10 1 1 0 1 54 1 1 1 0 0 0 0 1 1 0 1 1 1 1 1 1 1 1 32 255 1 1 2 91 135 15 1 1 9 1 1 1 16 1 1 2 1 0 0 0 1 1 1 1 1 58 211 137 71 72 29 1 1 1 1 1 1 1 5 45 1 3 90 2 1 1 1 13 107 107 31 1 1 1 11 8 1 1 1 1 3 1 1 1 1 1 1 1 25 186 97 4 1 1 1 1 1 1 0 1 1 1 1 1 1 2 234 50 222 34 1 1 1 0 1 1 1 1 1 3 29 88 184 173 195 201 42 3 45 163 201 206 138 35 6 1 1 20 1 1 1 113 84 1 1 1 1 1 0 0 1 1 1 1 1 1 1 1 1 1 1 1 1 1 11 79 2 1 1 1 162 202 52 1 1 1 1 1 2 3 2 1 1 1 1 255 255 1 1 1 0 1 45 131 1 1 3 1 0 0 0 0 0 0 0 0 0 0 0 0 30 4 0 0 0 0 0 0 0 1 1 1 1 1 1 1 1 0 0 0 0 1 2 1 1 1 1 0 0 0 0 0 0 0 0 0 0 0 0 0 0 0 0 0 0 0 0 0 0 0 0 1 1 1 1 1
1 2 80 94 31 2 1 7 78 29 1 1 1 2 55 119 143 49 3 1 1 5 230 114 1 1 1 1 1 0 1 1 0 0 0 0 1 1 1 25 136 68 1 1 1 2 1 1 1 1 1 0 0 0 0 1 1 15 8 15 1 0 0 1 1 0 10 3 1 1 0 1 1 1 1 8 1 3 2 1 1 1 52 255 40 1 1 1 1 1 1 1 1 1 186 248 238 145 1 1 1 1 1 1 2 6 2 1 1 1 1 1 1 1 1 1 1 0 1 1 1 5 1 1 1 0 0 1 1 0 0 1 1 0 0 0 0 1 1 1 1 1 2 36 30 32 28 1 1 1 0 0 0 0 0 0 0 0 0 0 0 0 0 0 0 1 1 1 1 0 0 1 2 220 254 139 1 1 1 1 2 73 1 1 1 1 11 135 190 99 1 1 1 0 0 0 0 1 1 214 115 211 1 1 1 1 1 1 1 1 1 1 1 2 2 0 1 0 0 1 1 6 11 10 1 0 0 0 0 1 1 0 0 0 0 0 1 1 1 0 2 5 1 0 1 54 1 0 1 0 0 0 1 1 0 0 0 1 1 1 1 1 1 1 253 184 1 0 0 1 5 117 39 1 5 1 1 9 4 1 1 2 1 0 0 0 1 1 1 1 1 139 180 1 1 1 1 1 1 1 1 1 1 1 64 1 1 3 56 2 4 1 1 1 1 12 6 1 1 1 1 3 16 2 1 1 3 2 1 1 1 1 0 1 1 1 117 200 200 96 1 1 1 1 1 1 1 1 1 1 1 97 224 217 93 1 2 1 0 0 1 1 0 0 0 1 1 1 10 64 180 180 230 235 188 87 17 3 1 13 1 1 1 1 20 2 17 3 144 8 1 1 1 1 1 0 0 1 1 1 1 0 1 0 1 1 1 1 1 0 1 6 37 5 172 202 59 1 1 1 1 1 0 1 3 4 1 1 1 1 1 255 255 1 0 1 0 0 103 79 1 1 3 1 1 0 0 0 0 0 0 0 0 0 0 0 52 1 0 0 0 0 0 0 0 0 0 0 0 1 1 1 1 1 1 1 0 1 1 0 1 1 1 1 1 0 0 0 0 0 0 0 0 0 0 0 0 0 0 0 0 0 0 0 0 0 0 1 1 1 0 1
1 0 1 2 44 94 79 4 1 37 48 2 1 1 1 1 70 1 1 1 1 2 170 186 16 1 1 1 1 1 1 1 0 0 0 0 0 0 1 1 5 101 135 6 1 2 1 1 0 0 1 1 1 1 0 0 2 26 20 1 1 1 0 0 1 1 12 3 0 1 1 1 1 1 0 1 11 7 12 8 8 8 152 237 223 1 1 1 1 1 1 1 75 240 248 194 6 1 1 1 1 1 2 2 1 9 1 1 0 0 1 1 1 0 1 1 0 0 1 1 3 1 1 1 1 1 0 1 0 0 0 1 1 0 0 0 1 1 1 1 1 26 38 33 13 1 1 1 1 0 0 0 0 0 0 0 0 0 0 0 0 0 0 1 1 1 1 1 1 1 1 139 254 224 2 1 1 1 1 1 1 17 43 1 1 74 183 159 3 1 0 1 1 0 0 0 0 1 1 2 231 201 70 1 1 1 1 1 1 0 1 2 1 3 1 1 0 0 0 0 1 1 1 1 1 0 0 0 1 1 0 0 0 0 0 1 1 1 1 0 7 2 1 2 2 42 4 3 2 2 2 2 1 1 1 1 0 1 1 1 1 1 1 2 255 1 0 0 0 1 1 2 91 81 1 0 1 22 1 1 2 1 1 1 1 0 1 0 0 1 1 162 163 1 1 1 1 0 1 1 1 1 1 1 75 2 1 60 2 1 1 2 3 1 2 12 1 2 1 1 1 1 2 16 27 20 1 1 1 2 1 1 1 1 1 0 1 1 2 131 131 1 1 1 1 1 1 1 1 1 1 230 188 182 24 1 2 1 0 0 0 0 0 0 1 1 1 1 3 12 35 165 186 155 183 10 1 0 0 1 14 1 0 1 3 78 1 1 1 153 5 1 1 1 1 0 1 1 1 1 0 0 0 0 0 0 0 0 1 1 1 26 166 200 37 1 1 1 1 1 0 1 1 2 3 1 1 1 1 1 186 255 170 1 0 1 0 0 110 73 0 1 3 1 1 1 1 1 0 0 0 0 0 0 0 3 34 0 0 0 0 0 0 0 0 0 0 0 0 0 0 0 1 1 1 1 1 2 1 0 0 0 0 1 1 1 1 1 0 0 0 0 0 0 0 0 0 0 0 0 0 0 0 0 0 0 1 1 1 1 0 1
1 1 0 1 1 1 7 86 70 2 20 81 40 7 1 1 72 1 1 1 1 1 6 211 144 1 1 1 1 1 1 1 0 0 0 0 0 0 1 1 1 1 25 149 94 3 1 1 0 0 1 1 1 1 0 1 16 33 1 1 1 1 1 1 1 1 10 3 1 1 1 0 1 1 1 1 2 1 3 1 1 1 59 147 255 13 3 3 3 3 9 222 248 237 98 1 2 1 1 1 1 2 1 1 1 10 1 0 0 0 1 1 1 0 0 1 1 1 1 2 3 1 0 1 1 1 1 2 1 0 1 1 0 0 1 1 1 1 1 12 42 40 23 1 1 1 1 0 0 0 0 0 0 0 0 0 0 0 0 0 0 1 1 1 1 1 0 1 1 25 247 247 29 1 1 1 0 1 1 1 1 1 63 57 152 183 54 1 1 0 1 1 1 0 0 0 0 1 1 1 19 231 213 11 1 1 1 1 1 1 3 1 3 1 0 1 1 1 1 1 1 0 0 0 1 1 1 1 1 1 1 1 1 0 1 1 1 1 1 1 14 2 1 1 1 7 37 1 1 1 1 1 1 4 4 3 2 1 1 1 1 1 1 238 244 1 1 0 0 1 1 1 48 48 48 1 1 23 1 2 1 1 1 0 1 1 1 0 0 1 12 215 33 1 1 1 1 0 1 1 1 1 1 42 7 1 1 41 45 1 1 1 1 4 14 1 1 1 2 2 1 1 1 4 23 15 27 3 1 1 1 1 1 1 1 1 1 1 1 1 181 49 1 1 1 1 1 1 1 1 2 237 232 27 2 4 1 2 1 0 0 0 1 1 1 0 0 4 36 12 4 86 6 103 115 179 77 1 1 1 1 14 1 1 27 1 31 1 1 2 151 46 1 1 1 1 1 1 1 0 0 0 0 0 0 0 1 1 1 1 122 188 151 82 1 1 1 0 0 0 0 1 2 3 1 1 1 1 1 1 255 255 1 0 1 1 1 1 135 38 0 2 1 0 0 0 1 1 1 1 0 0 0 0 0 52 1 0 0 0 0 0 0 0 0 0 0 0 0 0 0 0 0 0 1 1 1 1 0 0 0 0 0 0 0 1 1 1 1 1 0 0 0 0 0 0 0 0 0 0 0 0 0 0 0 0 1 1 1 1 1 1
0 0 0 0 1 0 1 1 11 94 78 6 26 67 48 1 73 1 1 1 1 1 3 201 168 1 1 0 1 1 1 1 1 1 0 1 1 1 1 1 1 0 1 3 89 132 30 1 1 1 1 1 1 1 1 8 36 3 1 0 1 1 1 1 0 1 1 17 1 1 1 1 1 1 0 0 2 0 2 0 1 1 38 2 167 253 3 2 2 130 248 243 201 2 1 1 1 1 1 1 1 2 0 0 1 11 1 1 1 0 1 1 1 0 0 1 1 1 1 4 1 1 0 0 0 0 0 1 2 1 1 1 0 1 1 1 1 3 39 51 28 1 1 1 1 1 0 0 0 0 0 0 0 0 0 0 0 0 0 1 1 1 1 1 1 1 1 2 225 254 131 1 1 0 0 0 0 0 0 0 1 1 112 208 134 1 1 1 0 1 1 0 1 1 0 0 0 1 1 1 1 93 222 203 7 1 1 2 1 3 1 1 1 1 0 0 0 0 0 1 1 1 0 0 0 0 1 1 1 0 1 1 1 1 1 1 1 2 1 1 2 5 1 1 0 1 61 1 1 1 1 2 2 1 1 1 3 5 5 5 4 4 7 255 1 1 1 0 1 1 1 0 3 48 113 33 1 26 5 2 1 1 0 0 0 0 1 1 1 1 138 183 1 1 0 1 0 1 1 1 1 1 1 69 1 1 1 1 13 79 13 1 1 3 8 3 1 1 1 1 4 1 1 22 1 1 3 19 19 1 1 1 3 1 1 1 1 1 1 1 2 163 167 3 1 1 1 3 1 1 110 239 202 6 1 4 2 2 1 1 1 1 1 0 0 1 7 13 1 1 90 2 1 1 17 127 161 136 1 1 1 1 16 29 1 1 1 31 1 1 1 107 142 2 1 1 1 1 1 1 1 0 0 0 1 1 1 1 82 189 87 3 1 4 55 7 1 1 0 0 1 1 3 1 0 1 1 1 1 1 255 255 1 0 1 0 1 1 174 2 0 3 1 0 0 0 0 0 0 1 1 1 1 0 1 52 1 0 0 0 0 0 0 0 0 0 0 0 0 0 0 0 0 0 0 0 1 1 0 0 0 0 0 0 0 0 0 0 1 1 1 1 0 0 0 0 0 0 0 0 1 1 1 1 1 1 1 1 0 1 1 1
0 0 0 1 1 0 0 0 1 1 7 82 82 3 54 13 71 1 0 1 1 1 3 192 167 9 1 1 1 1 1 1 1 1 1 1 0 0 1 1 1 1 1 3 1 22 121 102 23 1 1 1 0 1 2 27 18 1 0 0 1 0 1 1 1 1 1 2 14 1 1 1 1 1 1 0 2 0 2 0 1 1 30 2 1 220 255 255 255 248 213 43 1 1 1 1 1 1 1 1 1 2 0 1 1 11 1 1 1 1 1 1 1 0 1 1 1 1 4 1 1 0 0 0 0 0 0 0 0 1 1 1 1 1 1 2 33 54 33 3 1 1 1 1 0 0 0 0 0 0 0 0 0 0 0 0 0 1 1 1 1 1 1 1 1 1 146 254 220 2 1 1 0 0 0 0 0 1 1 1 28 152 162 114 43 1 1 1 0 1 0 0 0 1 0 0 0 1 1 1 1 1 141 216 211 56 1 3 2 1 1 1 1 1 1 1 1 1 1 1 0 1 1 1 0 1 1 1 1 1 1 1 1 1 0 0 0 1 1 0 1 9 1 1 1 1 68 1 1 1 1 1 1 1 1 1 1 0 1 1 2 1 251 221 1 1 1 0 1 1 1 1 2 1 1 120 47 38 1 1 1 1 1 0 0 0 1 0 1 1 153 175 1 1 1 1 0 0 1 1 1 1 29 15 1 1 1 1 1 1 43 48 1 9 1 1 4 2 1 1 1 2 12 5 1 0 1 2 5 28 6 1 1 2 2 1 0 1 1 1 1 1 42 193 80 1 1 8 1 1 215 244 82 1 1 1 6 1 2 1 1 0 0 0 1 16 4 1 1 29 35 1 1 1 1 1 101 137 167 1 1 1 7 3 1 1 1 1 32 37 34 34 72 197 161 3 1 1 1 0 0 0 0 0 1 1 42 182 128 5 2 1 1 1 1 36 26 1 1 1 1 3 1 0 1 1 1 1 1 36 255 255 1 0 1 0 1 41 133 1 1 3 0 0 0 0 0 0 0 0 0 0 1 1 28 5 0 0 0 0 0 0 0 0 0 0 0 0 0 0 0 0 0 0 0 0 1 1 0 0 0 0 0 0 0 0 0 0 0 0 1 1 1 1 1 1 1 1 1 1 1 0 0 0 0 1 1 0 0 0 1 1
0 0 0 1 1 1 0 0 0 0 0 1 5 83 4 77 58 6 1 1 1 1 1 205 161 10 1 1 1 1 1 1 1 1 1 1 1 1 1 1 2 1 2 2 1 1 3 70 88 64 1 1 1 1 17 34 1 0 1 1 1 1 1 1 1 1 1 1 2 18 15 15 16 17 15 10 5 3 3 1 1 1 23 1 1 189 255 62 255 213 1 1 1 1 0 1 1 1 1 1 1 2 1 1 1 9 22 24 25 17 17 16 5 3 2 1 1 4 2 1 0 0 0 0 0 0 0 0 0 0 0 1 1 2 33 43 38 9 1 1 1 1 0 0 0 0 0 0 0 0 0 0 0 0 0 1 1 1 1 1 1 1 1 1 32 248 245 27 1 1 1 0 0 0 0 1 1 1 3 97 171 88 1 1 90 3 1 1 1 1 1 0 0 0 0 0 1 1 1 1 1 1 1 127 233 216 218 156 18 1 1 1 1 1 1 1 0 1 1 1 1 1 0 1 1 1 1 1 0 0 1 1 1 1 0 1 1 1 1 1 1 7 1 3 22 56 46 1 1 0 0 1 1 1 1 1 1 1 1 1 2 147 254 1 1 1 1 1 1 1 0 1 3 1 1 1 101 181 24 1 1 1 1 1 1 1 1 0 1 2 214 65 1 1 1 1 1 1 1 2 2 2 73 1 1 1 1 1 1 1 1 74 14 2 1 1 1 1 3 2 1 1 21 1 1 1 1 1 1 3 15 26 1 1 1 2 1 1 1 1 1 1 1 1 138 181 9 14 1 1 237 237 4 1 1 1 1 7 2 1 1 0 0 0 14 2 1 0 1 97 2 1 1 1 1 1 1 67 123 173 2 2 7 1 1 1 1 0 0 1 1 1 1 1 56 202 149 128 141 87 16 5 20 85 162 189 159 10 2 2 1 0 0 1 1 1 15 44 2 2 4 1 1 1 1 1 1 1 1 253 255 13 1 1 1 0 1 104 80 0 1 2 0 0 0 0 0 0 0 0 0 0 0 0 54 1 0 0 0 0 0 0 0 0 0 0 0 0 0 0 0 0 0 0 0 1 1 0 0 0 0 0 0 0 0 0 0 0 0 1 1 1 1 1 1 1 1 0 0 0 0 0 0 0 0 1 1 0 0 0 1 1
0 0 0 0 0 1 1 1 1 1 0 0 0 4 85 29 61 67 1 2 2 2 3 229 107 5 1 1 1 1 1 0 1 1 1 1 1 1 1 1 2 1 1 1 1 1 1 2 25 86 99 33 1 7 37 4 1 1 1 1 1 1 0 0 0 1 1 1 1 1 1 1 1 2 2 40 1 1 1 1 1 1 14 1 12 248 250 21 255 130 1 1 0 1 0 1 1 1 1 1 1 1 1 1 1 5 1 1 2 1 1 9 1 1 2 3 3 1 1 0 0 0 0 0 0 0 0 0 0 0 1 1 9 36 31 24 1 1 1 0 0 0 0 0 0 0 0 0 0 0 0 0 0 1 1 1 1 1 1 1 1 1 3 245 255 130 1 1 1 1 0 0 0 0 1 1 1 46 150 148 9 1 1 1 7 80 1 1 1 0 1 0 0 0 0 1 1 1 1 0 0 1 1 1 10 223 238 241 224 219 205 86 5 1 1 1 1 1 1 0 1 1 1 1 1 1 1 1 1 1 1 0 0 1 1 1 1 1 1 1 1 3 26 97 20 2 1 1 1 1 1 1 1 1 1 1 1 1 1 1 3 255 10 1 0 1 1 1 1 1 1 1 1 1 1 1 22 126 115 150 138 57 4 1 1 1 1 1 1 103 205 1 1 0 1 1 1 1 1 1 1 5 43 1 1 1 1 1 1 1 2 91 2 1 2 2 1 1 1 3 3 21 1 1 1 1 1 1 1 1 2 3 28 12 1 1 1 2 1 1 1 1 0 1 1 15 189 146 1 11 237 235 1 0 1 1 1 1 5 2 1 1 0 1 22 1 0 1 66 3 3 4 1 1 1 1 1 1 46 118 179 4 1 3 1 1 0 0 1 0 1 1 1 1 5 155 141 92 60 121 175 187 170 124 37 9 2 2 1 1 1 1 1 1 1 2 1 2 47 19 1 1 1 1 0 1 1 2 1 255 255 1 1 1 0 0 1 107 75 0 3 1 0 0 0 0 0 0 0 0 0 0 0 1 53 0 0 0 0 0 0 0 0 0 0 0 0 0 0 0 0 0 0 0 0 1 0 0 0 0 0 0 0 0 1 1 1 1 1 1 0 0 0 0 1 1 1 1 1 1 0 0 0 0 0 1 1 0 0 0 0 1
1 1 1 1 1 1 0 0 1 1 1 1 1 1 3 87 37 100 15 2 1 2 2 221 135 4 1 1 1 1 0 0 0 0 1 1 0 1 1 3 2 1 1 1 2 3 3 1 1 2 55 114 105 130 56 1 1 1 1 1 0 0 0 0 0 1 0 1 1 0 0 0 1 1 1 30 2 0 0 1 1 11 4 144 248 238 248 255 255 253 1 1 0 1 1 1 0 1 1 1 1 1 1 2 2 6 1 1 2 1 1 8 1 1 0 0 0 0 0 0 0 0 0 0 0 0 0 0 0 1 1 37 45 33 2 1 0 0 0 0 0 0 0 0 0 0 0 0 0 0 0 1 1 1 1 1 1 1 1 1 1 203 255 251 195 175 1 1 1 0 0 0 1 1 1 6 110 167 83 1 1 1 0 0 1 55 23 1 1 0 1 1 0 1 1 1 1 0 1 1 0 1 1 1 1 1 1 114 230 236 241 238 219 217 180 41 2 1 1 1 1 0 1 1 1 1 1 1 1 1 1 1 1 1 1 1 1 1 1 2 4 2 1 119 1 1 1 1 1 1 2 1 1 1 1 1 1 1 1 1 253 202 1 1 0 1 1 1 1 0 1 2 1 1 1 1 137 1 1 1 4 86 133 147 128 47 3 1 1 169 181 1 1 0 1 1 1 1 2 1 1 63 1 1 1 1 1 1 1 1 88 16 1 1 1 1 2 1 1 1 10 10 1 0 0 0 0 0 0 1 1 1 2 12 30 2 1 1 1 1 1 1 1 1 1 1 1 119 204 227 244 184 1 1 1 1 1 1 3 5 1 1 0 1 23 1 0 11 47 1 1 1 5 2 1 1 1 1 1 39 128 172 2 1 2 1 1 0 1 0 1 1 1 11 6 3 45 115 4 1 1 1 1 1 2 1 1 1 0 1 1 1 1 1 1 1 1 1 1 41 3 1 1 1 1 1 1 2 1 255 255 1 0 1 0 0 1 121 57 1 3 1 1 0 0 0 0 0 0 0 0 0 0 22 9 0 0 0 0 0 0 0 0 0 0 0 0 0 0 0 0 0 0 0 1 1 0 0 0 1 1 1 1 1 1 0 0 0 0 0 0 0 0 1 1 0 0 1 1 1 1 1 0 0 0 1 1 0 0 0 0 0
4 1 1 1 1 1 1 1 1 1 1 1 1 1 1 4 81 56 98 8 2 1 3 201 169 3 1 1 1 1 0 0 0 0 0 1 1 1 1 4 1 1 1 1 1 2 1 1 1 1 1 8 115 96 182 1 1 1 1 0 0 0 0 0 0 1 1 1 1 1 1 1 1 0 1 33 1 1 1 1 1 37 209 250 227 19 2 1 118 255 240 1 1 0 1 1 1 1 1 1 1 1 1 1 1 4 3 1 1 1 0 7 1 1 0 0 0 0 0 0 0 0 0 0 0 0 0 1 1 27 51 38 8 1 0 0 0 0 0 0 0 0 0 0 0 0 0 0 0 1 1 1 1 1 1 1 1 1 1 57 255 255 30 1 1 212 54 1 0 0 0 0 1 1 61 159 143 5 1 1 1 0 0 0 0 2 89 2 1 1 1 1 1 2 1 1 0 0 0 1 1 1 1 1 1 1 1 1 1 1 6 171 236 254 255 254 247 218 67 2 1 1 1 1 1 1 1 1 1 1 1 1 1 1 1 1 1 1 1 1 1 1 1 109 2 4 152 233 239 240 243 240 238 209 32 1 1 1 1 217 253 1 1 1 1 0 1 1 1 1 2 1 0 0 1 75 51 1 1 1 1 1 1 1 7 85 136 144 141 161 137 1 1 1 1 1 1 1 2 1 1 59 1 0 1 1 1 1 1 28 73 20 2 1 1 1 1 2 1 1 35 1 1 1 1 0 0 0 0 0 0 0 0 1 2 21 16 1 1 1 2 1 1 1 1 1 1 1 12 251 220 206 1 1 1 1 1 1 1 5 3 1 1 1 22 1 1 84 1 1 1 1 1 6 1 1 1 1 1 1 46 119 169 1 1 1 1 1 1 0 1 1 11 1 1 1 1 3 107 31 1 1 1 1 1 0 0 0 1 1 1 1 1 1 1 1 1 1 1 1 47 1 1 1 1 1 1 1 211 255 143 1 0 1 0 0 1 170 4 1 3 1 1 0 0 0 0 0 0 0 0 0 0 54 1 0 0 0 0 0 0 0 0 0 0 0 0 0 0 0 0 0 0 0 1 1 0 0 0 0 0 0 0 0 0 0 0 0 0 0 0 0 0 1 0 0 0 0 0 0 1 1 1 1 0 1 0 0 0 0 0 0
249 223 135 58 34 32 35 17 19 19 15 10 7 4 3 1 15 90 74 102 2 3 2 205 164 1 1 1 1 1 0 0 0 0 0 0 0 1 3 1 2 2 2 1 1 1 1 1 1 1 1 6 135 73 178 142 2 1 1 0 0 0 0 0 1 1 1 1 0 1 1 0 0 0 1 33 1 1 1 1 163 242 250 128 5 1 1 1 1 177 255 222 1 0 0 1 1 1 1 1 1 0 1 1 1 1 8 1 1 1 1 5 0 0 0 0 0 0 0 0 0 0 0 0 0 1 1 20 41 41 20 1 0 0 0 0 0 0 0 0 0 0 0 0 0 0 0 1 1 1 1 1 1 1 1 1 1 3 251 255 171 1 1 1 0 5 226 1 0 0 0 1 12 124 167 59 1 1 1 1 0 0 0 0 0 1 13 67 8 1 1 1 1 1 1 1 1 1 1 1 1 1 1 1 1 1 1 1 1 1 1 62 235 248 227 253 255 255 254 245 166 5 1 1 1 1 1 1 1 1 1 1 1 1 1 1 1 1 1 2 1 1 1 75 236 243 254 254 254 254 254 254 254 255 253 237 98 1 122 254 21 10 1 1 1 1 1 2 2 1 4 1 0 0 3 134 1 1 1 1 1 1 1 1 0 0 1 1 191 164 104 42 35 8 1 1 1 1 2 1 53 4 1 1 1 1 1 0 1 105 1 1 14 8 1 1 1 1 1 28 2 1 1 1 1 1 1 0 0 0 0 0 0 0 1 2 5 30 5 1 1 1 2 1 1 1 1 1 1 249 239 220 63 2 1 1 1 1 0 1 14 18 18 18 3 2 1 86 1 0 1 1 1 6 1 1 1 2 1 1 1 57 128 153 1 2 1 1 1 1 1 11 1 1 1 0 1 1 1 71 78 1 1 1 0 0 0 1 1 1 1 1 1 1 1 1 1 1 1 2 4 27 1 1 1 1 2 1 255 255 1 1 1 1 0 0 8 164 1 1 3 0 1 1 1 0 0 0 0 0 0 0 0 54 1 0 0 0 0 0 0 0 0 0 0 0 0 0 0 0 0 0 0 0 1 0 0 0 0 0 0 0 0 0 0 0 0 0 0 0 0 0 0 1 0 0 0 0 0 0 0 0 1 1 1 1 0 0 0 0 0 0
26 170 234 245 249 249 249 249 249 249 232 240 249 196 3 11 13 5 94 115 6 2 148 181 73 1 1 1 1 1 1 1 1 1 1 1 1 5 1 2 1 5 1 1 1 1 1 1 1 2 15 117 103 98 107 157 164 35 1 1 1 1 1 1 1 0 0 0 0 0 0 0 1 1 1 184 138 2 86 222 253 227 2 4 1 1 1 1 1 1 209 255 153 1 1 1 1 1 1 1 1 0 1 1 1 1 9 0 1 1 1 1 1 0 0 0 0 0 0 0 0 0 1 1 1 13 39 32 32 2 1 0 0 0 0 0 0 0 0 0 0 0 0 0 0 0 1 1 1 1 1 1 1 1 1 1 192 255 248 1 1 1 1 1 0 0 154 152 1 1 1 78 168 130 2 1 1 1 1 0 0 0 0 0 0 0 1 77 17 3 2 1 1 0 1 1 1 1 1 1 0 0 0 0 0 0 0 1 1 1 142 245 243 6 1 1 1 72 254 255 254 247 161 4 1 1 1 1 1 1 1 1 1 1 1 1 1 2 2 1 1 1 163 248 254 254 201 10 2 1 1 2 4 84 245 254 253 252 255 106 1 1 9 6 1 1 1 6 2 3 1 2 2 1 124 8 1 1 1 1 1 1 1 1 1 1 1 1 167 174 1 1 1 13 34 34 21 22 11 1 75 2 2 2 1 1 0 1 84 11 1 1 1 12 28 3 2 1 3 22 1 1 1 1 1 1 1 1 0 0 0 0 0 0 0 1 1 2 17 23 1 1 5 6 1 1 1 1 1 251 223 2 146 172 4 1 1 1 1 1 1 3 1 1 1 3 1 79 1 1 2 2 1 1 3 2 1 1 1 1 1 1 70 136 138 2 1 1 1 1 8 1 1 1 1 0 0 1 1 1 23 116 5 1 1 1 1 1 1 1 1 2 1 1 1 1 1 1 2 1 1 8 16 1 1 2 1 1 255 255 1 1 1 0 0 0 87 96 1 1 3 0 0 0 1 1 1 1 0 0 0 0 0 54 0 0 0 0 0 0 0 0 0 0 0 0 0 0 0 0 0 0 0 1 1 0 0 0 0 0 0 0 0 0 0 0 0 0 0 0 0 0 1 1 0 0 0 0 0 0 0 0 0 1 1 1 0 0 0 0 0 0
2 1 1 1 1 1 1 1 1 3 169 125 14 214 246 53 1 10 19 112 1 31 205 156 1 1 1 1 1 1 4 4 3 2 1 1 4 2 1 1 5 2 1 1 1 1 1 1 1 2 109 93 1 1 1 11 147 172 131 1 1 0 0 1 1 0 0 0 0 1 1 1 1 1 151 115 119 202 248 248 57 1 2 4 1 1 1 1 1 1 1 250 255 20 1 1 1 1 1 1 1 1 1 1 1 7 2 0 1 1 1 1 1 0 0 0 0 0 0 0 0 1 1 21 36 24 35 6 1 0 0 0 0 0 0 0 0 0 0 0 0 0 0 0 1 1 1 1 1 1 1 1 1 1 49 255 255 35 1 1 1 1 1 0 0 1 1 233 1 15 146 164 35 1 1 1 1 0 0 0 0 0 0 0 0 0 1 5 117 3 1 1 1 0 0 0 0 0 0 0 0 0 0 0 0 0 1 1 1 219 254 215 1 1 0 1 1 1 1 4 242 255 253 244 109 2 1 1 1 1 1 1 1 1 1 1 2 1 1 1 4 231 252 254 242 4 1 1 1 1 1 1 1 1 1 5 237 255 255 240 106 2 1 2 9 5 7 1 1 1 1 1 1 35 102 1 1 1 1 1 1 1 1 1 0 0 1 2 212 71 1 1 1 1 1 1 3 6 4 59 20 1 1 1 3 1 1 13 84 1 1 1 3 1 1 19 21 4 39 1 1 1 1 0 0 0 1 1 0 0 0 0 0 0 0 0 0 1 2 3 29 11 1 1 9 9 1 1 84 251 141 1 1 30 189 90 1 1 1 1 1 1 1 1 1 1 2 11 61 2 1 1 1 1 4 1 1 1 1 0 1 1 1 86 142 124 1 1 1 6 2 1 1 1 1 1 0 0 1 1 1 58 78 9 1 1 1 1 1 1 1 1 2 1 1 1 2 1 1 1 1 1 19 7 2 1 1 47 255 252 1 1 1 1 1 1 106 77 1 1 3 0 0 0 0 0 0 1 0 0 0 0 1 54 0 0 0 0 0 0 0 0 0 0 0 0 0 0 0 0 0 0 0 1 1 0 0 0 0 0 0 0 0 0 0 0 0 0 0 0 0 0 1 0 0 0 0 0 0 0 0 0 0 1 1 1 0 0 0 0 0 0
2 0 0 0 0 0 0 1 1 17 8 1 1 1 64 249 183 1 3 108 4 203 171 20 1 0 1 1 1 3 1 1 1 3 6 5 3 1 1 1 6 1 1 1 1 1 1 1 1 75 101 5 1 1 1 1 1 95 162 168 51 1 1 1 1 1 1 1 1 1 1 1 1 92 202 174 174 238 195 1 1 1 3 2 1 0 0 1 1 1 1 1 255 237 17 1 1 1 1 0 1 1 1 2 8 1 1 1 0 0 0 0 0 0 1 0 0 0 1 1 1 3 15 20 33 18 1 0 0 0 0 0 0 0 0 0 0 0 0 0 0 0 1 1 1 1 1 1 1 1 1 1 3 251 255 177 1 1 1 1 0 0 0 1 1 1 1 222 164 181 113 1 1 1 1 1 0 0 0 0 0 0 0 0 1 1 5 20 52 76 1 0 1 0 0 0 0 0 0 0 0 0 0 0 1 1 1 3 253 250 12 1 0 0 0 0 1 1 1 1 1 5 248 255 253 240 49 1 1 1 1 1 1 1 1 2 1 1 1 67 244 253 252 6 81 117 1 1 1 1 1 1 1 1 1 1 137 255 253 255 253 237 130 2 1 2 1 1 1 1 1 1 1 140 2 1 1 1 1 1 1 1 1 1 1 1 1 90 204 2 1 1 1 0 1 1 1 1 1 41 1 1 2 2 6 1 1 112 1 1 1 2 1 1 1 1 10 56 65 2 1 1 1 0 0 0 0 0 0 0 0 0 0 0 0 0 0 0 0 1 9 13 1 2 1 1 11 2 240 242 5 1 1 1 1 123 176 12 1 1 1 1 2 1 1 1 3 1 93 1 1 1 0 0 2 1 1 1 1 1 1 1 1 1 96 142 119 1 7 3 1 1 1 1 1 1 1 0 1 1 13 48 1 28 27 1 1 1 1 1 1 1 1 1 1 1 3 1 1 1 1 1 1 53 3 1 1 255 255 12 1 1 1 1 1 1 114 75 1 1 3 1 0 0 0 0 0 1 0 0 0 0 0 54 1 0 0 0 0 0 0 0 0 0 0 0 0 0 0 0 0 0 1 1 0 0 0 0 0 0 0 0 0 0 0 0 0 0 0 0 0 1 1 0 0 0 0 0 0 0 0 0 0 1 1 1 0 0 0 0 0 0
3 1 1 1 1 1 1 0 3 32 0 1 1 1 2 3 214 243 32 98 161 186 102 25 9 1 1 1 2 3 1 1 1 1 1 1 0 1 1 1 1 5 4 1 1 1 1 1 17 115 40 1 1 1 1 1 1 1 13 142 181 165 76 2 1 1 1 1 1 1 1 1 23 174 182 1 66 200 1 1 1 1 3 2 1 0 0 1 1 1 1 1 255 255 2 17 1 1 1 1 1 1 1 10 1 0 1 1 0 0 0 0 0 0 1 0 0 0 1 2 6 27 42 31 1 1 0 0 0 0 1 0 0 0 0 0 0 0 0 0 0 1 1 1 1 1 1 1 1 1 1 199 255 246 1 1 1 1 0 0 0 0 1 1 1 1 148 251 175 46 1 1 1 1 0 0 0 0 0 0 0 0 1 1 2 18 10 1 1 117 6 1 1 0 0 0 0 0 0 0 0 0 0 0 1 1 60 254 193 1 1 0 0 0 0 0 1 1 1 1 1 1 1 27 253 255 251 229 21 1 1 1 2 2 1 1 1 4 205 247 254 222 1 1 25 156 6 1 1 1 1 1 1 1 1 1 255 50 1 14 242 255 253 237 142 2 1 1 1 1 1 1 2 128 14 1 1 1 1 2 4 11 10 4 1 1 1 158 163 1 1 1 1 1 1 0 1 1 6 15 2 1 1 1 1 6 91 39 1 1 1 3 0 1 1 1 2 1 5 43 18 1 1 1 0 0 0 0 0 0 0 0 0 0 0 0 0 0 0 1 1 23 2 1 0 1 1 6 246 235 1 1 1 1 1 1 49 152 98 1 1 1 1 2 1 1 2 1 15 53 1 1 1 1 1 3 1 1 1 1 1 0 0 1 1 106 139 123 5 3 1 0 1 1 1 1 1 1 1 9 54 1 1 1 9 42 3 1 1 0 0 0 1 1 2 1 1 1 1 1 1 2 4 2 44 9 37 255 255 1 1 1 0 1 1 1 114 42 9 1 1 2 1 0 0 0 0 0 0 0 0 0 0 53 1 0 0 0 0 0 0 0 0 0 0 0 0 0 0 0 0 0 1 0 0 0 0 0 0 0 0 0 0 0 0 0 0 0 0 0 0 1 1 0 0 0 0 0 0 0 0 0 0 1 1 1 0 0 0 0 0 0
4 1 1 0 1 1 0 1 39 1 0 1 1 1 2 1 1 81 249 249 227 134 3 1 8 28 28 29 17 6 11 22 9 13 11 11 7 1 2 1 1 1 2 5 1 0 1 2 108 83 1 1 1 1 1 1 1 1 1 1 52 147 201 199 181 175 149 124 137 165 178 181 205 159 165 151 221 3 1 1 0 1 1 5 1 1 1 1 1 1 1 1 19 255 2 1 20 2 1 1 1 1 1 12 1 0 1 1 0 0 0 0 0 0 1 1 1 1 3 25 40 35 5 1 0 0 0 0 0 1 1 0 0 0 0 0 0 0 0 1 1 1 1 1 1 0 1 1 1 61 255 255 27 1 1 0 0 0 0 0 0 1 1 1 13 245 248 96 2 25 1 1 1 0 0 0 0 0 0 0 0 1 1 7 20 2 1 1 1 8 115 1 1 1 0 0 0 0 0 0 1 1 1 1 1 177 254 72 1 1 0 0 0 0 0 1 1 0 0 1 1 1 1 1 1 107 254 254 249 231 66 6 2 2 4 22 189 246 253 254 80 1 1 1 3 101 105 1 1 23 97 111 113 103 6 189 254 1 1 1 1 13 238 254 253 238 204 24 2 1 2 5 85 190 185 225 236 236 233 237 245 251 251 245 237 226 210 212 120 1 1 1 1 0 1 1 1 1 30 1 1 1 1 1 1 5 118 99 2 1 4 1 0 1 1 4 1 1 1 3 21 39 4 1 0 0 0 0 0 0 0 0 0 0 0 0 0 0 0 1 1 18 1 0 0 0 1 74 249 193 1 1 1 1 1 7 3 1 65 165 23 1 1 1 2 1 1 2 1 97 1 1 1 1 1 4 1 1 1 1 1 0 1 1 1 1 113 138 61 1 2 1 0 1 1 1 1 1 7 60 1 1 1 1 1 3 33 1 1 1 0 1 1 2 2 2 1 2 1 1 2 2 1 1 3 128 255 250 255 7 1 1 1 1 1 0 43 42 74 10 1 1 2 1 0 0 0 0 0 0 0 0 0 52 1 1 0 0 0 0 0 0 0 0 0 0 0 0 0 0 0 1 1 0 0 0 0 0 0 0 0 0 0 0 0 0 0 0 0 0 1 1 0 0 0 0 0 0 0 0 0 0 0 1 1 1 0 0 0 0 0 0
4 0 1 1 1 1 0 17 8 0 1 1 1 3 1 1 1 2 12 252 181 144 1 1 1 1 1 1 2 33 8 2 14 3 2 1 4 8 1 1 1 2 1 7 1 1 1 79 102 4 0 1 1 1 1 1 1 1 1 1 1 1 43 139 156 163 189 205 200 177 165 161 115 5 2 223 6 1 1 1 0 1 1 2 4 5 3 1 1 1 1 1 1 255 189 3 4 23 31 26 4 1 1 17 1 1 1 1 1 0 0 0 0 0 1 1 2 15 32 42 14 1 1 0 0 0 1 1 1 0 0 0 0 0 0 0 0 0 1 1 1 1 1 0 1 1 1 3 252 255 173 1 1 0 0 0 0 0 0 0 1 1 1 198 251 191 6 1 1 6 10 1 1 0 0 0 0 0 0 1 1 2 20 8 1 0 0 0 1 1 70 47 1 1 1 1 1 1 1 1 1 0 1 1 241 254 5 1 1 0 0 0 0 0 1 1 0 0 0 1 1 1 1 2 1 1 1 181 254 255 253 249 248 248 247 252 254 255 241 2 1 1 1 1 1 102 119 103 104 57 3 1 1 3 94 255 36 1 0 1 1 1 7 2 232 254 255 252 241 238 238 241 252 255 255 255 255 255 254 252 251 245 245 251 252 252 252 247 232 92 1 1 1 1 1 1 1 2 21 1 1 1 1 1 1 98 5 2 87 7 2 1 1 1 3 1 0 1 1 1 1 8 37 24 1 0 0 0 0 0 0 0 0 0 0 0 0 0 0 1 1 18 1 0 0 0 1 240 240 2 1 1 1 1 1 8 1 1 1 2 133 126 2 1 1 1 1 3 1 89 3 1 0 0 0 2 2 1 1 1 1 1 1 1 1 1 2 116 150 32 1 2 1 0 1 1 1 8 62 1 1 1 1 1 1 1 5 22 1 1 1 1 1 1 1 2 1 1 2 3 1 1 1 1 2 229 255 1 255 163 1 1 0 1 1 1 1 100 13 95 1 1 1 3 3 1 1 1 1 1 0 0 0 46 1 1 0 0 0 0 0 0 0 0 0 0 0 0 0 0 0 1 1 0 0 0 0 0 0 0 0 0 0 0 0 0 0 0 0 0 1 1 0 0 0 0 0 0 0 0 0 0 0 1 1 1 0 0 0 0 0 0
5 1 1 1 1 1 2 32 1 0 1 2 1 1 1 0 1 2 136 196 198 206 184 8 1 1 1 1 2 3 1 1 3 2 3 1 1 5 10 9 9 5 4 16 8 1 21 108 40 1 1 1 1 1 1 1 1 1 1 1 1 1 26 1 1 1 1 2 1 1 1 2 1 1 1 226 1 1 1 0 1 1 1 9 11 3 5 9 8 2 2 1 5 255 255 1 1 2 1 1 12 23 22 16 1 0 1 1 1 0 0 0 1 1 1 18 31 45 29 1 1 0 0 0 0 1 1 0 0 0 0 0 0 0 0 0 1 1 1 1 1 1 0 1 1 1 205 255 247 1 1 1 0 0 0 0 0 0 0 1 1 46 248 242 91 1 1 1 1 1 21 2 1 0 0 0 0 0 1 1 10 19 2 1 0 0 0 0 1 1 2 125 2 1 1 1 1 0 0 0 1 1 2 253 243 1 1 0 0 0 0 0 0 0 1 0 0 0 0 1 1 1 0 1 2 2 1 1 1 105 253 255 255 255 255 254 214 4 1 1 1 1 1 4 28 71 84 7 1 1 1 0 0 1 1 255 1 1 1 1 1 1 3 3 1 1 107 251 254 254 254 254 252 247 106 10 2 72 129 1 1 1 1 1 1 2 73 251 254 247 217 14 1 1 1 1 1 25 1 1 1 1 1 1 31 58 1 1 1 91 9 1 1 2 2 1 1 0 1 1 1 1 2 17 41 7 1 0 0 0 0 0 0 0 0 0 0 0 0 0 1 3 12 0 0 1 9 247 228 1 1 1 1 1 8 1 1 1 1 1 1 29 165 47 1 1 1 2 1 55 20 1 0 0 1 1 6 1 0 0 1 1 1 0 1 1 1 3 116 162 15 1 2 1 2 1 4 83 2 1 1 1 1 1 1 1 1 13 17 1 2 1 1 1 1 1 2 1 1 3 1 1 1 1 92 255 255 255 255 54 1 1 1 1 1 1 1 20 106 82 1 1 1 1 1 2 3 3 3 2 1 1 1 40 1 1 1 0 0 0 0 0 0 0 0 0 0 0 0 0 0 1 0 0 0 0 0 0 0 0 0 0 0 0 0 0 0 0 0 0 1 0 0 0 0 0 0 0 0 0 0 0 0 1 2 0 0 0 0 0 0 0
12 1 1 1 1 1 39 2 1 1 2 1 1 1 1 1 2 10 203 90 27 18 148 214 92 1 1 1 5 1 0 1 1 2 2 1 1 1 1 1 3 4 7 7 16 38 116 77 1 0 1 1 1 1 1 1 1 1 1 1 2 2 22 1 0 0 0 1 1 1 1 2 1 1 1 226 4 1 1 1 1 1 11 3 1 0 0 1 1 18 8 7 2 144 255 1 2 1 1 1 1 1 1 1 1 1 0 0 1 0 1 1 1 4 37 30 36 4 1 0 0 0 0 0 1 1 0 0 0 0 0 0 0 0 0 1 1 1 1 1 0 1 1 1 77 255 255 59 4 1 1 0 0 0 0 0 0 0 1 1 224 251 167 4 1 1 1 1 0 1 2 20 1 1 0 0 1 1 3 22 6 1 0 0 0 0 0 0 0 1 1 14 109 1 1 0 0 0 0 1 1 47 254 199 1 0 0 0 0 0 0 0 0 1 0 1 0 0 0 0 1 1 0 0 0 1 2 2 1 1 1 1 1 1 1 1 1 1 1 1 4 23 25 11 1 1 42 4 1 1 1 0 0 0 32 255 20 1 1 1 1 1 1 2 6 1 1 1 1 1 1 1 1 110 18 1 1 113 78 1 1 1 1 1 1 1 1 1 7 246 252 229 88 1 1 1 3 19 1 1 1 1 1 1 106 1 1 0 1 1 88 17 3 3 1 1 1 1 1 1 1 1 1 1 6 30 24 1 1 0 0 0 0 0 0 0 0 0 0 1 1 1 19 1 0 1 235 242 18 1 1 1 1 3 3 1 1 1 1 1 1 1 2 114 145 3 1 1 2 58 19 1 1 1 1 1 5 1 0 1 1 1 1 1 1 0 1 1 6 115 166 9 1 1 1 3 83 1 3 1 1 1 1 1 1 1 1 1 23 7 1 0 0 0 1 1 1 2 1 1 4 1 1 217 255 255 238 176 123 12 1 1 1 1 1 1 1 1 117 114 1 1 1 1 1 1 1 1 1 1 2 3 3 10 29 1 1 0 0 1 1 1 1 1 1 1 1 1 1 1 1 1 0 0 0 0 0 0 0 0 0 0 0 0 0 0 0 0 0 1 1 0 0 0 0 0 0 0 0 1 0 0 0 1 1 1 0 0 0 0 0 0
15 1 1 1 1 17 10 1 1 2 1 1 1 1 2 2 1 194 100 9 1 11 5 67 205 181 6 5 1 1 0 1 1 2 2 3 1 1 1 2 1 1 1 1 1 110 144 26 1 1 1 1 1 1 1 1 1 1 0 0 1 1 25 1 1 0 0 0 0 0 1 2 1 1 1 219 2 1 0 1 1 5 4 1 1 0 0 0 1 7 1 1 1 4 255 229 2 1 0 1 1 0 0 1 1 1 1 1 1 1 1 1 32 34 38 11 1 0 0 0 0 0 0 1 1 0 0 0 0 0 0 0 0 1 1 1 1 1 0 0 1 1 4 252 255 182 1 1 15 1 0 0 0 0 0 0 1 1 108 251 232 71 1 1 1 1 1 0 0 0 1 9 7 1 1 1 1 13 16 1 0 0 0 0 0 0 0 0 0 1 1 1 93 27 1 1 0 0 1 1 163 255 93 1 0 0 0 0 0 0 0 0 1 1 1 1 1 1 0 0 0 0 0 0 1 1 0 1 2 2 2 1 1 1 1 1 3 11 20 22 9 1 1 0 0 1 18 18 1 1 1 0 0 1 254 239 2 25 26 2 1 0 1 1 1 8 1 1 1 1 1 1 1 4 129 1 1 156 20 1 1 1 1 1 1 1 1 1 1 1 113 252 235 121 5 16 22 1 1 1 1 2 1 79 14 1 0 0 0 1 2 81 19 1 1 1 1 1 1 1 1 1 1 1 1 1 29 31 10 1 0 0 0 0 0 0 0 0 0 1 1 1 11 12 1 28 247 228 1 1 1 1 1 7 1 1 1 1 0 0 1 1 1 1 11 159 80 2 3 93 4 1 1 1 1 0 1 3 1 1 1 1 1 1 0 0 1 1 1 13 110 166 13 1 2 81 2 1 1 3 2 1 1 1 1 1 1 1 2 29 1 1 0 1 1 1 1 1 2 3 6 5 252 255 255 24 1 1 1 23 4 1 1 1 1 1 1 1 1 160 58 1 1 1 1 1 1 1 1 1 0 1 1 1 59 66 56 5 1 3 59 1 1 1 1 1 1 1 1 1 1 1 1 0 0 0 0 0 0 0 0 0 0 0 0 0 0 0 0 1 1 0 0 0 0 0 0 0 1 1 0 0 0 1 1 1 1 1 0 0 0 0
4 15 4 1 3 36 1 1 1 1 0 0 0 1 1 1 129 154 54 1 1 1 6 4 12 151 211 62 1 0 0 1 2 1 1 1 2 2 2 1 1 1 1 1 37 114 31 22 39 1 1 0 0 1 1 1 1 0 0 0 1 1 24 2 1 1 1 1 1 0 1 1 1 1 1 218 1 1 0 0 1 13 1 1 1 0 0 0 7 1 1 1 1 16 255 255 2 1 1 0 1 0 0 1 1 1 1 1 1 1 15 38 34 26 1 1 0 0 0 0 0 0 1 1 0 0 0 0 0 0 0 0 1 1 2 1 0 0 1 1 1 208 255 247 1 1 1 1 2 9 1 1 0 0 1 1 3 237 248 148 2 1 1 1 1 0 0 0 0 0 1 1 22 2 1 5 22 4 1 0 0 0 0 0 0 0 0 0 0 0 1 1 2 128 1 0 1 1 1 236 254 8 1 0 0 0 0 0 0 1 1 1 1 1 0 0 0 1 1 0 0 0 0 0 0 0 1 0 0 1 1 2 3 11 13 11 6 1 2 1 1 1 1 0 0 0 2 50 1 1 1 1 0 1 255 6 1 1 1 23 21 1 1 1 1 1 6 2 1 1 1 1 1 5 127 1 1 179 4 1 1 1 1 0 0 1 1 1 1 1 1 14 252 235 132 3 1 1 1 1 1 1 23 84 1 1 0 0 0 1 7 1 33 47 1 1 1 1 1 1 0 0 0 1 1 1 20 2 12 28 2 1 0 0 0 0 0 0 1 1 1 1 1 2 25 240 238 8 1 1 1 1 6 1 1 1 1 1 0 0 1 1 1 1 1 1 88 161 32 111 1 0 0 0 1 1 1 6 1 1 1 1 1 0 0 0 0 1 1 1 25 94 170 61 81 2 1 1 1 1 1 1 1 1 1 1 1 1 1 1 24 1 0 1 1 1 1 1 5 8 9 255 255 255 1 1 1 1 1 1 24 1 1 1 1 1 1 1 1 10 153 35 1 1 0 0 0 1 1 1 1 1 1 1 1 1 2 46 70 54 2 62 2 0 0 0 0 0 0 0 1 1 0 0 0 0 0 0 0 0 0 0 0 0 0 0 0 0 1 1 0 0 0 0 0 0 0 0 1 0 0 0 1 1 0 1 1 1 1 1 1 0
1 1 8 17 50 1 1 1 2 2 1 0 0 1 1 11 197 88 1 1 1 1 8 1 1 1 75 207 161 1 1 2 1 1 1 1 1 1 1 1 1 1 1 3 120 74 1 1 3 42 10 1 0 0 0 1 1 1 1 1 1 1 1 105 181 179 175 173 171 169 166 169 163 154 142 207 2 2 2 2 4 7 1 0 0 0 0 0 10 1 1 1 1 84 255 255 5 1 1 1 1 0 0 0 1 1 1 1 3 39 38 34 2 1 0 0 0 0 0 0 0 1 1 0 0 0 0 0 0 0 0 1 1 1 1 0 1 1 1 80 255 255 28 1 1 1 0 0 0 11 2 1 0 1 1 154 251 216 54 1 1 1 1 0 0 0 0 0 0 0 0 1 2 22 20 12 1 1 1 0 0 0 0 0 0 0 0 0 0 0 0 1 1 31 90 1 1 2 253 246 1 1 0 0 0 0 0 0 1 1 1 1 2 12 1 1 1 1 1 1 1 1 0 0 0 1 1 1 1 1 0 0 1 1 1 0 1 1 2 1 1 1 1 0 0 0 1 49 2 52 88 41 1 1 255 1 1 1 1 1 2 26 11 1 1 1 1 4 4 1 1 0 1 24 102 1 1 184 1 1 1 1 1 0 0 1 1 0 0 0 1 1 7 252 232 80 1 1 1 1 1 1 81 9 11 1 0 0 0 3 2 0 1 7 73 9 1 1 1 1 1 1 1 0 1 16 1 1 1 3 27 16 1 1 0 1 1 1 1 1 1 1 1 1 190 244 190 1 1 1 1 2 4 1 1 1 1 0 0 1 1 1 0 0 1 1 1 4 179 128 1 1 1 1 1 1 1 3 3 1 1 1 1 0 0 0 0 0 0 1 1 52 123 194 60 1 1 1 2 1 1 1 1 1 1 2 1 1 1 1 4 15 1 1 1 1 1 4 3 80 255 255 253 1 1 1 1 1 1 1 1 22 11 1 1 1 0 1 1 1 59 123 15 1 0 0 0 0 0 0 0 0 1 1 1 0 1 1 1 1 1 1 52 10 0 0 0 0 0 0 1 1 1 0 0 0 0 0 0 0 0 0 0 0 0 0 0 0 1 1 0 0 0 0 0 0 0 1 1 0 0 0 1 1 0 0 0 0 1 1 1 1
1 1 1 44 89 18 1 2 1 1 2 2 1 1 2 195 98 9 1 1 1 1 4 1 1 1 1 12 164 210 26 2 1 1 1 1 1 1 1 1 1 1 1 104 95 2 2 1 1 1 18 30 1 1 1 1 1 1 1 1 1 1 3 199 5 6 8 9 10 13 15 14 14 24 50 88 1 1 1 1 7 1 1 0 0 0 0 1 8 1 1 1 1 8 255 201 5 1 1 1 0 0 1 1 1 1 1 24 46 37 8 1 1 0 0 0 0 0 0 1 1 1 0 0 0 0 0 0 0 1 1 2 1 0 0 1 1 4 252 255 172 1 1 1 1 0 0 0 0 1 15 1 1 7 245 245 135 2 1 1 1 1 0 0 0 0 0 0 0 0 0 0 1 2 2 1 0 0 0 0 0 0 0 0 0 0 0 0 0 0 0 0 0 1 117 9 36 254 223 1 1 0 0 0 0 0 0 1 1 1 1 25 90 63 86 12 2 2 1 1 1 1 1 1 0 1 1 0 0 1 1 1 1 1 1 1 1 1 1 1 1 1 1 1 1 1 1 21 68 36 1 18 84 152 255 2 1 1 0 0 1 1 5 25 5 1 1 1 2 7 1 1 1 62 65 1 1 184 1 1 1 1 1 1 1 1 0 0 0 0 1 1 1 13 252 227 53 1 1 1 1 48 15 1 3 5 1 1 0 5 1 0 0 0 1 45 53 1 1 1 1 1 1 0 6 3 1 1 1 1 1 7 30 4 1 1 1 1 1 16 3 1 1 41 245 235 1 1 1 1 1 8 1 0 1 1 1 1 0 1 1 0 0 1 1 1 1 1 33 65 137 15 1 1 2 1 1 1 2 3 1 1 1 1 0 0 0 0 0 0 1 2 187 127 176 1 1 1 2 1 0 1 1 2 2 1 1 1 1 1 1 17 9 1 1 1 5 1 230 255 255 206 1 0 1 1 1 1 1 1 1 1 1 7 1 1 1 1 1 1 8 99 96 3 0 0 0 0 0 0 0 0 0 1 1 1 0 1 1 1 1 1 1 34 21 1 0 0 0 0 0 1 1 0 0 0 0 0 0 0 0 0 0 0 0 0 0 0 1 0 0 0 1 1 1 1 1 1 0 0 0 1 1 0 0 0 0 0 0 0 0 1
1 1 5 60 1 27 54 5 1 1 1 1 2 1 140 163 54 1 1 1 1 1 1 1 1 1 1 1 1 68 212 161 3 1 1 2 2 2 1 1 1 1 41 114 28 1 1 2 1 1 1 3 36 6 1 1 1 1 1 1 1 1 170 46 1 1 1 1 1 1 1 1 1 0 1 66 0 0 0 0 8 1 0 1 1 1 1 9 3 1 1 1 1 8 255 30 5 0 1 1 0 1 1 0 1 8 45 50 20 1 1 1 0 0 0 0 0 1 1 1 0 0 0 0 0 0 0 1 1 1 1 1 1 1 1 1 214 255 247 1 1 1 1 0 0 0 0 0 0 0 4 9 194 251 197 25 1 1 1 1 0 0 0 0 0 0 0 0 0 0 0 0 0 0 0 0 0 0 0 0 0 0 0 0 0 0 0 0 0 0 0 0 0 1 4 220 255 114 45 17 1 0 0 0 0 0 1 1 1 4 90 45 1 1 2 64 87 89 79 5 1 1 1 1 1 1 1 1 0 0 1 1 1 1 1 1 1 1 1 1 1 1 1 1 0 1 1 12 122 1 1 1 1 226 248 253 82 1 1 1 1 0 1 1 11 26 25 11 1 1 7 2 1 100 30 1 1 183 1 1 1 1 1 0 1 1 1 0 0 1 1 1 1 1 34 252 225 30 1 1 7 67 1 1 1 4 2 1 1 1 4 1 0 0 0 1 6 74 14 1 0 1 0 1 16 1 1 1 1 1 1 1 2 27 24 2 15 20 18 1 11 14 6 237 240 54 1 1 1 1 5 1 0 1 1 1 1 1 1 1 1 0 1 1 1 1 1 18 1 3 1 108 105 2 1 1 0 1 2 3 1 0 1 1 1 0 0 0 0 1 1 87 10 90 101 148 1 1 1 1 1 1 1 1 1 1 1 1 1 1 2 1 32 2 1 5 1 253 255 255 20 1 1 1 1 1 0 1 1 1 1 1 1 2 3 1 1 1 1 10 3 1 113 74 1 0 0 0 0 0 0 0 0 1 1 1 0 0 0 0 0 0 1 1 22 30 1 0 0 0 1 1 1 1 1 1 0 0 0 0 0 0 0 0 0 0 0 1 1 0 1 1 1 0 0 0 0 0 0 0 0 1 1 0 0 0 0 0 0 0 0 0
1 1 74 2 1 1 4 56 15 1 1 1 1 15 199 91 13 1 1 1 1 1 1 1 1 1 1 1 0 1 74 173 212 47 1 1 1 1 1 1 1 6 124 74 1 1 0 1 1 1 1 1 1 28 17 1 1 0 0 1 1 23 182 1 1 1 1 1 1 1 1 1 1 1 1 63 1 0 0 0 5 2 1 1 3 5 3 1 6 1 2 23 23 66 255 6 13 0 1 1 1 1 1 2 40 58 33 1 1 1 1 1 0 0 0 0 1 1 0 0 0 0 0 0 0 1 1 1 2 1 0 1 1 1 94 255 255 22 1 1 0 0 0 0 0 0 0 0 1 1 22 246 243 113 1 1 1 1 0 0 0 0 0 0 0 0 0 0 0 0 0 0 0 0 0 0 0 0 0 0 0 0 0 0 0 0 0 0 0 0 0 1 1 1 224 254 21 1 1 31 19 1 0 0 0 1 1 1 55 85 2 1 1 1 1 1 1 1 4 78 91 49 4 1 1 1 1 1 1 1 1 1 1 1 1 1 1 0 1 1 1 1 1 2 45 96 105 142 2 1 1 1 1 26 239 245 254 217 1 1 1 1 0 0 1 1 1 4 21 10 1 4 11 156 71 41 127 102 74 35 12 3 1 1 1 1 1 1 1 1 1 1 1 1 1 66 252 223 17 1 79 2 1 1 3 7 1 1 1 2 1 1 0 0 0 0 0 1 51 59 1 0 1 16 1 1 0 1 1 1 1 1 1 1 4 14 3 1 1 0 0 4 142 244 217 1 1 1 1 1 5 1 1 1 1 1 1 1 1 1 1 0 1 1 1 1 4 9 1 4 1 1 18 129 31 1 1 2 4 1 1 1 0 1 1 1 0 0 1 1 84 12 1 1 87 127 125 1 1 1 1 1 1 1 1 1 1 1 2 2 1 1 1 50 6 4 255 255 255 1 1 1 1 1 1 0 0 0 1 1 1 1 1 1 3 1 1 1 10 1 1 1 3 114 52 1 0 0 0 0 0 0 0 1 1 0 0 0 0 0 0 0 0 1 1 13 51 1 1 1 1 1 1 1 1 1 1 1 0 0 0 0 0 0 0 0 0 1 0 1 1 0 0 0 0 0 0 0 0 0 0 1 1 0 0 0 0 0 0 0 0 0
1 35 19 1 1 1 1 1 27 47 2 1 1 197 98 7 1 10 4 1 1 1 1 1 1 0 0 1 1 16 21 1 78 214 163 2 1 1 1 1 1 120 109 5 1 1 0 0 0 1 1 2 5 4 11 37 6 1 0 0 1 194 8 1 1 1 1 1 1 1 1 1 1 1 1 59 1 1 1 1 1 12 5 4 1 1 1 1 3 3 53 26 21 3 255 2 15 1 1 1 1 1 31 52 39 5 1 1 1 1 1 0 0 1 1 1 1 0 0 0 0 0 0 1 1 1 2 1 1 0 1 1 7 255 255 157 1 1 1 0 0 0 0 0 0 0 0 1 1 204 249 171 7 1 1 1 0 0 0 0 0 0 0 0 0 0 0 0 0 0 0 0 0 0 0 0 0 0 0 0 0 0 0 0 0 0 0 0 0 0 1 1 3 250 246 2 1 1 1 1 28 21 1 0 1 1 8 96 20 1 1 1 1 1 0 1 1 1 1 1 2 22 80 92 55 9 1 1 1 1 1 1 1 0 1 1 1 1 1 1 1 1 1 62 39 3 2 23 1 1 1 1 1 1 1 2 206 255 9 1 1 1 0 0 0 0 1 1 1 7 13 1 1 155 2 1 79 164 56 44 74 97 101 104 105 105 101 18 1 1 1 1 1 2 2 1 100 252 223 85 27 1 0 1 8 1 1 1 1 1 1 1 1 0 0 0 0 0 1 8 87 11 4 6 1 0 0 0 0 1 1 1 1 1 4 1 1 1 1 1 1 13 240 237 2 1 1 1 2 23 1 1 1 1 1 1 1 1 1 1 1 1 1 1 1 1 22 1 1 3 0 1 1 1 82 115 17 5 1 1 1 1 0 1 1 1 1 1 1 77 16 1 1 1 1 88 141 106 1 1 1 1 1 1 1 1 1 1 1 1 1 1 2 5 217 255 255 253 1 1 1 1 1 1 1 0 0 1 1 1 1 1 1 0 1 3 3 7 1 1 1 4 8 6 89 30 1 0 0 0 0 0 0 1 1 0 0 0 0 0 0 0 0 0 1 1 3 67 1 1 0 0 0 1 1 1 1 1 1 1 1 0 0 0 0 0 1 1 0 0 0 0 0 0 0 0 0 0 0 0 1 1 0 0 0 0 0 0 0 0 0 0
4 63 1 0 1 1 1 1 1 4 56 13 143 155 45 1 1 1 5 9 2 1 1 1 0 0 0 1 3 48 2 7 1 20 180 213 40 1 1 1 66 106 34 1 2 1 0 1 2 3 4 2 1 1 2 2 26 29 1 1 82 152 1 1 1 2 2 2 2 2 2 2 2 2 3 76 3 1 2 10 10 4 1 0 0 0 0 0 1 37 27 1 1 1 255 1 15 1 1 1 29 42 39 19 1 0 1 1 1 1 0 0 1 1 0 0 0 0 0 0 1 1 1 1 1 2 1 1 1 1 1 237 255 239 1 1 1 0 0 0 0 0 0 0 0 0 1 51 246 235 82 1 1 1 0 0 0 0 0 0 0 0 0 0 0 0 0 0 0 0 0 0 0 0 0 0 0 0 0 0 0 0 0 0 0 0 0 0 0 1 1 106 254 193 1 1 1 0 0 1 1 27 24 1 1 65 75 1 1 1 1 1 0 1 1 1 1 1 1 1 1 1 1 1 16 67 88 53 16 1 1 1 1 1 1 1 1 1 1 1 1 1 17 66 1 1 5 28 2 1 1 1 0 1 1 1 7 255 185 1 1 1 0 0 1 1 1 0 0 1 4 25 5 165 1 1 2 184 1 1 1 1 1 1 1 1 1 60 61 1 1 2 1 1 1 1 1 132 252 213 4 1 1 1 1 10 1 1 1 1 1 1 1 1 1 1 0 0 1 1 1 62 105 1 1 0 1 1 1 6 5 3 1 1 2 2 1 1 0 1 5 134 247 180 10 15 17 2 13 10 8 4 1 1 1 1 1 1 1 1 1 1 1 1 1 14 2 1 4 1 0 1 1 1 1 19 170 81 1 1 1 1 1 1 1 1 1 1 71 21 1 1 1 1 1 1 98 150 86 1 1 1 1 1 1 1 1 1 1 1 1 2 2 247 255 255 200 1 1 1 1 1 0 0 1 1 1 1 1 1 1 0 0 1 1 8 6 1 1 1 7 4 1 1 17 84 12 0 0 0 0 0 1 1 1 0 0 0 0 0 0 0 0 0 1 1 3 50 1 0 0 0 0 0 1 1 1 1 0 0 1 1 1 1 0 0 1 1 0 0 0 0 0 0 0 0 0 0 0 0 1 1 0 0 0 0 0 0 0 0 0 0
69 2 0 0 0 0 1 1 1 1 1 111 208 113 2 1 0 1 0 1 10 3 1 1 0 0 0 1 49 15 29 14 25 5 11 112 222 176 70 100 86 84 1 1 1 2 1 2 1 1 1 2 3 2 1 1 1 5 54 25 223 68 74 26 1 2 1 0 1 1 1 1 0 1 1 61 1 14 8 1 1 1 0 0 0 0 0 1 27 35 1 1 1 1 255 1 23 31 35 40 21 35 2 1 0 1 1 1 1 1 0 1 1 0 0 0 0 0 1 1 1 1 1 2 1 1 1 1 1 85 255 255 10 1 1 0 0 0 0 0 0 0 0 0 1 1 222 249 155 3 1 1 1 1 0 0 0 0 0 0 0 0 0 0 0 0 0 0 0 0 0 0 0 0 0 0 0 0 0 0 0 0 0 0 0 0 0 1 1 1 242 254 35 1 1 0 0 0 1 1 1 1 25 67 98 13 1 1 1 1 0 0 0 0 1 1 0 0 0 1 0 1 1 1 1 1 2 31 8 30 14 3 1 1 1 3 45 51 51 48 40 21 101 1 1 6 5 2 25 1 1 1 1 1 1 1 2 253 246 1 1 1 1 1 1 0 0 0 0 0 1 1 10 165 4 1 12 170 1 0 1 1 1 0 0 1 1 1 33 47 1 2 1 1 1 1 1 10 234 252 165 1 1 1 2 4 1 1 1 1 1 1 1 1 1 1 1 1 1 0 1 1 53 96 1 1 1 0 3 1 0 1 5 2 1 3 1 1 1 1 14 240 237 1 18 1 1 10 14 1 5 5 8 2 1 1 1 1 1 1 1 1 1 1 2 15 1 1 4 1 0 1 0 1 2 25 2 79 145 9 1 1 1 1 1 1 1 79 59 2 1 1 1 1 1 1 1 107 152 87 1 1 1 1 1 1 1 1 1 1 2 17 253 255 255 25 2 1 1 1 1 0 0 0 0 1 1 1 1 0 0 1 1 1 6 2 1 1 1 8 1 1 1 1 1 44 77 2 1 1 0 0 0 1 1 0 0 0 0 0 0 0 0 0 1 1 67 1 1 0 0 0 0 0 0 0 1 1 0 0 0 0 1 1 1 1 1 0 0 0 0 0 0 0 0 0 0 0 0 0 1 0 0 0 0 0 0 0 0 0 0 0
48 1 0 0 0 1 1 1 1 1 1 208 126 136 20 2 1 1 1 1 1 5 9 1 1 1 1 18 22 6 2 1 1 18 7 1 33 187 170 152 103 61 1 1 1 1 1 2 2 3 2 1 1 1 1 1 1 1 1 197 135 18 10 52 102 101 32 1 1 1 1 1 1 1 1 59 0 8 1 1 1 1 0 0 0 1 1 39 31 1 1 1 1 1 255 116 33 3 5 35 10 1 1 1 1 1 1 0 0 0 1 1 0 0 0 0 1 1 1 1 1 2 1 1 0 1 1 7 253 255 250 201 1 1 1 0 0 0 0 0 0 0 0 1 110 249 224 54 1 1 0 0 1 1 0 0 0 0 0 0 0 0 0 0 0 0 0 0 0 0 0 0 0 0 0 0 0 0 0 0 0 0 0 0 0 0 1 1 81 254 238 1 1 1 0 0 0 1 1 1 1 3 63 92 66 1 1 1 1 1 0 1 1 0 1 1 0 0 1 1 1 1 0 0 0 1 1 20 3 1 6 22 28 33 85 91 32 25 26 25 3 53 3 1 7 4 1 1 11 11 7 1 1 1 1 1 4 252 248 1 1 1 1 0 0 0 0 0 0 0 0 0 1 149 2 1 68 130 1 1 1 1 1 0 1 1 1 1 2 61 23 1 1 1 1 1 22 54 1 213 252 152 1 1 1 8 2 1 1 1 1 1 1 1 1 1 1 1 1 1 1 1 119 21 15 5 1 1 6 0 1 1 3 13 11 1 4 4 2 32 44 249 199 9 5 1 1 1 1 1 1 2 5 5 8 2 1 1 1 1 1 1 1 1 22 1 1 1 4 0 1 1 1 2 25 1 1 1 19 172 128 23 1 1 1 1 78 48 1 4 1 1 1 1 0 1 1 1 114 168 44 1 1 1 2 1 1 1 1 2 86 255 255 255 2 1 1 1 1 1 0 0 0 0 0 0 0 0 0 0 0 0 1 1 5 1 1 1 7 1 1 1 1 1 1 1 68 61 1 0 0 0 0 0 1 0 0 0 0 0 0 0 0 0 1 10 32 1 1 0 0 0 0 0 0 0 1 0 0 0 0 0 0 0 0 0 0 0 0 0 0 0 0 0 0 0 0 0 0 1 1 1 1 1 0 0 0 0 0 0 0 0
2 6 3 1 1 1 1 1 2 3 152 156 97 1 65 72 2 1 1 0 0 1 2 9 3 1 2 56 2 6 1 1 1 1 5 9 4 63 177 1 137 62 1 1 1 2 3 1 1 1 1 1 0 0 0 1 0 1 11 215 1 1 1 1 1 1 39 97 104 32 1 1 1 1 1 55 1 1 8 8 8 5 2 1 5 9 40 19 1 1 1 1 1 1 253 255 2 6 25 1 1 0 1 1 1 0 0 0 0 1 1 0 0 0 1 1 1 1 1 2 1 1 1 1 1 1 227 255 239 1 32 253 2 1 0 0 0 0 0 0 0 1 2 236 247 137 2 1 0 0 0 0 0 1 1 0 0 0 0 0 0 0 0 0 0 0 0 0 0 0 0 0 0 0 0 0 0 0 0 0 0 0 0 0 1 1 2 243 254 77 1 1 1 0 0 0 1 1 1 1 34 58 2 1 24 73 1 1 1 1 1 1 1 1 0 0 0 0 1 1 1 1 1 1 1 1 1 8 10 1 1 1 8 42 5 1 1 1 1 1 22 26 1 12 4 1 1 3 4 2 2 11 1 1 1 1 23 255 164 1 0 1 0 0 0 0 0 0 0 0 0 0 1 155 1 1 124 79 1 1 1 1 1 1 0 1 1 1 1 1 79 2 1 1 1 42 38 1 1 2 226 250 141 1 1 10 12 1 1 1 1 0 0 0 0 0 1 1 1 1 1 1 145 1 1 5 11 6 1 1 1 4 4 2 33 179 236 249 249 245 253 251 126 11 2 2 1 1 1 1 1 1 1 5 2 4 4 1 1 1 1 1 1 8 4 0 1 1 4 0 1 1 1 28 1 1 0 1 48 80 4 101 137 68 8 94 56 1 1 1 4 1 1 1 1 0 1 1 2 119 171 26 1 1 1 1 1 1 1 194 255 255 249 1 1 1 1 1 0 0 0 0 0 0 0 0 0 0 0 0 0 1 1 1 1 2 3 4 1 1 1 1 1 1 1 1 1 82 44 1 0 0 0 1 1 0 0 0 0 0 0 0 0 0 1 66 1 1 0 0 0 0 0 0 0 0 1 0 0 0 0 0 0 0 0 0 0 0 0 0 0 0 0 0 0 0 0 0 0 1 0 1 1 1 1 1 0 0 0 0 0 0
1 1 2 4 1 1 1 1 2 22 201 122 3 1 1 13 96 14 1 1 1 1 1 1 8 14 60 6 9 1 1 1 2 1 1 2 10 25 174 163 142 111 5 2 1 1 1 1 1 1 5 1 0 0 0 1 0 1 210 24 1 1 1 1 1 1 1 2 3 50 107 109 115 112 101 125 76 77 84 54 52 60 71 75 59 52 15 1 1 1 1 1 3 62 8 255 90 23 1 1 1 1 1 1 1 0 0 0 1 1 0 0 1 1 1 1 1 2 1 1 0 1 1 1 130 255 255 25 1 0 1 192 241 1 1 0 0 0 0 0 1 154 249 206 34 1 1 0 0 0 0 0 0 0 1 0 0 0 0 0 0 0 0 0 0 0 0 0 0 0 0 0 0 0 0 0 0 0 0 0 0 0 0 1 1 128 254 233 1 1 1 0 0 0 0 1 1 1 4 68 13 1 1 1 1 14 88 1 1 1 1 1 0 1 0 0 0 0 2 153 124 5 1 1 1 1 1 17 4 1 2 37 22 1 1 1 1 1 1 2 9 54 17 12 7 2 1 3 2 3 1 1 10 1 1 2 180 255 3 1 0 1 0 0 0 0 0 0 0 0 0 0 1 169 16 2 169 17 1 0 1 1 1 1 1 1 1 1 1 1 1 83 1 1 58 14 1 1 0 1 1 236 248 135 5 13 1 1 2 2 1 1 1 1 1 1 1 1 1 1 1 7 129 1 1 1 2 11 17 110 222 245 249 251 254 255 255 255 255 255 255 255 251 242 233 76 2 2 1 1 1 1 1 1 5 7 3 11 1 1 1 1 1 19 1 1 1 1 5 1 1 1 30 3 2 2 1 1 128 5 1 1 1 53 119 30 1 1 1 1 1 2 1 0 1 1 1 1 1 3 122 176 13 1 1 1 1 3 252 255 255 117 1 1 1 1 1 0 0 0 0 0 0 0 0 0 0 1 1 0 0 1 0 0 1 1 1 1 1 0 1 1 1 1 1 1 1 4 84 24 1 0 0 1 1 0 0 0 0 0 0 0 0 0 1 67 1 0 0 0 0 0 0 0 0 0 1 0 0 0 0 0 0 0 0 0 0 0 0 0 0 0 0 0 0 0 0 0 1 1 0 0 0 0 1 1 1 1 0 0 0 0
1 1 1 3 2 1 1 2 2 205 107 30 1 1 1 1 1 67 61 2 1 1 1 1 1 18 27 7 3 1 0 1 2 1 1 1 9 93 77 125 143 178 212 25 1 1 2 1 1 2 5 1 1 0 1 1 1 71 192 1 1 0 1 1 1 1 1 3 1 1 1 2 2 2 8 12 1 2 1 1 1 1 1 1 1 1 1 1 1 1 1 44 51 2 1 248 255 7 1 1 1 1 1 1 0 0 0 1 1 1 1 1 1 1 2 1 1 1 0 0 0 1 6 255 255 158 1 0 0 0 0 3 250 111 1 1 1 1 1 6 244 246 123 1 1 0 0 0 0 0 0 0 0 0 1 1 0 0 0 0 0 0 0 0 0 0 0 0 0 0 0 0 0 0 0 0 0 0 0 0 0 1 1 3 250 254 28 1 1 1 1 0 0 1 1 1 1 22 51 3 1 1 1 0 0 1 7 98 2 1 1 1 1 1 1 1 0 1 163 21 54 165 175 155 33 2 1 17 9 19 40 3 1 12 18 17 7 2 12 15 10 30 51 3 1 7 1 1 4 3 2 1 2 10 1 2 252 247 1 0 0 1 0 0 0 0 0 0 0 0 0 0 1 167 1 11 204 5 1 1 1 1 1 1 1 1 2 1 1 0 1 4 87 72 4 1 1 1 1 1 1 1 237 250 184 7 1 1 3 2 1 1 1 1 1 1 1 1 1 1 1 4 140 17 147 227 245 250 253 255 255 255 255 254 251 208 72 16 9 10 76 141 235 253 253 251 235 61 1 1 1 1 1 1 1 1 7 6 10 7 1 1 19 1 1 1 1 1 4 1 1 31 2 1 1 1 1 26 209 9 1 1 1 1 1 1 1 1 1 1 1 2 0 0 1 1 1 1 1 1 6 125 182 3 1 1 49 255 255 255 9 1 1 1 1 1 1 0 0 0 0 0 0 0 0 0 1 1 0 0 0 1 1 0 1 0 1 1 1 0 1 1 1 1 1 1 1 1 21 78 9 1 0 1 1 0 0 0 0 0 0 0 0 0 1 66 1 0 0 0 0 0 0 0 0 0 1 0 0 0 0 0 0 0 0 0 0 0 0 0 0 0 0 0 0 0 0 0 1 0 0 0 0 0 0 0 1 1 1 1 1 0
1 1 1 1 2 4 2 2 154 146 95 1 1 1 1 1 1 1 15 94 11 1 1 1 1 53 3 5 1 1 2 2 1 1 1 1 32 105 29 1 1 1 9 211 157 4 5 6 1 1 9 2 2 10 13 13 4 224 2 1 1 1 1 1 1 1 3 1 1 1 1 2 1 1 5 1 1 1 1 0 0 0 0 0 1 1 0 1 1 10 66 7 1 1 17 90 255 18 1 1 1 1 0 0 0 1 1 1 1 1 1 2 2 1 1 1 0 0 1 1 1 229 255 237 1 1 1 1 1 1 1 1 92 252 1 1 0 1 192 250 185 18 1 1 0 1 0 0 0 0 0 0 0 0 0 1 1 0 0 0 0 0 0 0 0 0 0 0 0 0 0 0 0 0 0 0 0 0 0 0 1 1 178 255 206 1 1 1 1 0 0 0 0 1 1 9 37 6 2 8 1 1 0 0 0 0 1 3 100 5 1 1 0 0 1 1 1 9 161 1 1 1 1 14 140 173 175 173 155 120 2 1 9 5 1 1 4 30 5 2 1 1 15 31 1 3 3 1 5 13 10 7 8 10 20 45 255 16 1 0 0 1 0 0 0 0 0 0 0 0 0 0 4 157 1 1 186 10 12 2 1 1 1 1 1 3 1 1 1 0 0 1 28 71 1 0 0 0 1 0 1 1 1 236 254 222 102 1 2 3 1 1 1 1 1 1 1 1 19 146 184 212 250 255 255 255 255 255 253 236 84 5 2 1 1 1 1 1 1 3 73 1 1 1 31 245 253 244 200 1 1 1 1 1 1 1 1 2 12 5 15 11 8 1 1 1 1 1 1 7 36 2 1 1 1 1 142 255 255 255 255 255 193 2 1 1 1 1 1 1 1 1 1 1 1 1 1 1 1 1 1 17 134 207 117 242 255 255 255 2 1 1 1 1 1 1 1 0 0 1 1 0 0 0 0 0 0 0 0 0 0 0 0 0 1 1 0 1 1 1 1 1 0 0 0 1 1 1 1 47 65 6 1 1 0 0 0 0 0 0 0 0 0 1 4 43 0 0 0 0 0 0 0 0 0 0 1 0 0 0 0 0 0 0 0 0 0 0 0 0 0 0 0 0 0 0 0 0 1 0 0 0 0 0 0 0 0 0 1 1 1 1
1 1 1 1 3 1 1 35 197 117 3 1 1 1 1 1 1 1 1 1 71 59 2 1 49 27 7 1 1 1 1 1 1 1 1 7 93 76 1 1 1 0 2 3 137 212 14 1 3 5 4 11 6 1 1 1 157 135 1 1 1 1 1 0 1 2 1 0 1 1 1 2 1 1 5 1 1 1 1 1 0 0 0 1 1 0 1 1 52 37 1 8 96 95 47 2 255 255 1 1 1 1 1 0 1 1 1 1 1 2 1 1 1 1 0 1 1 1 1 133 255 255 24 1 1 1 1 1 1 1 1 1 1 236 208 1 32 247 238 107 1 1 1 1 1 1 1 0 0 0 0 0 0 0 0 0 1 0 0 0 0 0 0 0 0 0 0 0 0 0 0 0 0 0 0 0 0 0 1 1 12 254 254 5 1 1 1 0 0 0 1 1 1 9 29 15 1 1 1 7 2 1 0 0 0 0 0 1 1 94 11 1 1 0 0 1 1 169 4 1 1 1 1 1 1 2 68 100 149 25 97 91 34 1 1 1 6 4 3 1 1 1 1 37 19 1 39 76 72 4 1 1 1 5 24 248 249 1 1 0 1 1 0 0 0 0 0 0 0 0 0 0 53 110 1 1 185 1 1 6 11 2 1 1 2 1 0 1 1 1 1 3 1 33 32 1 0 0 1 0 0 1 1 59 110 254 254 226 192 121 14 4 13 109 181 191 204 239 253 255 254 254 255 253 163 9 7 2 1 1 1 1 1 1 1 1 1 1 1 49 16 4 1 1 1 1 46 251 249 223 3 1 1 1 1 1 1 0 1 8 10 40 22 1 1 1 1 1 3 36 4 1 1 1 196 255 255 255 255 255 255 255 255 255 255 22 1 1 1 1 2 1 1 1 1 1 1 1 1 1 1 1 198 255 255 255 255 255 2 1 1 1 1 0 1 1 1 1 1 1 0 0 0 0 0 0 0 0 0 0 0 0 1 1 1 0 0 1 1 1 1 0 0 0 0 0 1 1 1 1 85 38 19 1 0 0 0 0 0 0 0 0 0 1 60 1 0 0 0 0 0 0 0 0 0 0 1 0 0 0 0 0 0 0 0 0 0 0 0 0 0 0 0 0 0 0 0 1 1 0 0 0 0 0 0 0 0 0 0 0 0 1
1 1 0 1 3 1 2 206 101 29 1 1 1 1 1 1 1 1 1 1 1 17 94 44 56 3 1 1 1 1 1 1 1 1 2 66 109 2 1 1 1 1 4 1 1 9 205 138 1 1 1 1 1 1 2 100 190 1 1 1 1 0 0 1 3 2 1 1 1 0 3 1 1 6 1 0 0 1 1 0 0 0 1 1 0 1 20 65 5 8 95 70 1 1 1 1 197 255 1 1 1 1 1 1 1 1 2 2 1 1 0 0 0 0 1 1 1 10 255 255 146 1 1 1 1 0 0 0 0 0 0 1 1 10 248 247 249 169 7 1 1 1 1 1 1 1 1 0 0 0 0 0 0 0 0 0 1 1 0 0 0 0 0 0 0 0 0 0 0 0 0 0 0 0 0 0 1 1 1 221 255 155 1 1 1 0 0 0 0 1 1 2 15 21 2 1 1 1 1 1 11 1 0 0 0 0 0 0 1 1 83 19 1 0 0 1 21 150 1 1 1 1 1 1 40 69 3 1 87 64 2 2 28 45 2 2 4 2 4 3 3 3 2 1 37 26 33 1 78 1 1 1 1 24 126 255 11 1 1 1 1 0 0 0 0 0 0 0 0 0 0 0 108 57 1 1 185 1 0 0 1 6 13 3 3 1 0 0 1 2 2 1 0 1 61 14 1 1 1 0 0 1 4 9 1 1 134 254 254 255 255 254 255 255 254 254 253 251 191 10 1 3 245 233 1 1 1 4 2 1 0 1 1 1 1 0 0 1 41 1 1 6 4 2 3 3 1 2 233 249 226 4 1 1 1 1 0 1 1 1 2 36 13 29 6 1 1 4 37 1 1 2 2 254 255 255 255 254 255 123 1 2 138 255 255 255 255 111 1 1 1 1 1 1 1 1 1 1 1 1 1 1 255 148 135 249 255 7 1 1 1 1 0 1 1 1 1 1 1 1 0 0 0 0 1 1 0 0 0 0 1 1 1 1 1 0 0 0 1 1 0 0 0 0 0 0 0 1 1 1 52 61 49 1 0 0 0 0 0 0 0 0 1 1 69 1 0 0 0 0 0 0 0 0 0 0 1 0 0 0 0 0 0 0 0 0 0 0 0 1 1 1 1 1 1 1 1 1 0 0 0 0 0 0 0 0 0 0 0 0 0 0
1 0 0 2 1 1 158 142 93 1 1 1 1 1 0 1 1 1 1 1 1 1 2 76 2 1 2 1 1 1 1 1 1 1 9 76 83 1 2 1 1 4 1 1 1 0 1 139 206 21 1 2 86 210 222 174 6 1 1 1 1 2 2 2 4 3 3 1 1 1 2 0 2 3 1 1 1 0 0 0 1 1 0 1 3 65 25 8 96 73 1 1 1 1 1 1 5 255 1 1 1 1 1 2 2 1 1 1 0 0 0 0 0 1 1 1 235 255 235 1 1 1 0 0 0 0 0 0 0 0 0 0 1 1 90 169 88 1 0 1 1 1 1 1 0 1 1 0 0 0 0 0 0 0 0 0 0 1 1 0 0 0 0 0 0 0 0 0 0 0 0 0 0 0 0 1 1 59 254 250 1 0 1 1 0 0 0 1 1 1 6 31 11 1 1 0 0 0 1 1 9 1 1 0 0 0 0 0 0 1 1 71 28 1 1 1 176 1 1 1 1 1 20 74 13 1 1 1 1 145 5 1 1 3 48 31 1 5 1 1 1 1 1 4 41 102 8 1 89 2 1 1 1 39 255 145 1 1 1 1 0 0 0 0 0 0 0 0 0 0 0 0 137 22 1 1 185 1 0 1 1 1 1 22 19 18 16 14 14 12 3 1 1 1 1 92 10 11 9 9 9 10 21 2 1 1 1 1 1 15 130 189 145 29 2 1 1 1 1 1 2 1 239 241 1 1 1 1 4 2 0 1 1 1 1 0 2 17 4 1 1 1 13 2 1 1 3 2 2 219 249 224 2 1 1 1 1 1 1 1 1 1 14 33 17 12 6 35 1 1 1 49 255 255 255 2 1 1 24 2 1 1 1 1 6 255 255 255 255 225 2 1 1 1 1 1 1 1 1 1 1 80 255 214 77 255 249 1 1 1 0 0 1 1 1 1 1 1 1 0 0 1 1 1 1 0 0 1 0 0 1 1 1 1 0 0 1 1 1 0 0 0 0 0 0 0 1 1 1 4 2 15 61 14 1 0 0 0 0 0 0 0 1 1 68 1 0 0 0 0 0 0 0 0 0 0 1 0 0 0 0 0 0 0 0 0 0 0 1 1 1 1 1 1 1 1 1 1 0 0 0 0 0 0 0 0 0 0 0 0 0 0
1 0 1 3 1 32 197 116 2 1 1 1 1 1 1 0 1 1 1 1 0 1 24 3 1 2 1 3 1 1 0 1 2 7 4 130 18 1 1 1 3 3 1 1 1 1 1 1 9 205 222 220 181 13 1 1 1 4 3 3 2 1 1 4 1 1 1 2 3 3 1 1 4 1 1 1 0 0 1 1 1 1 1 49 55 7 96 74 1 0 0 1 1 1 1 1 1 255 1 1 1 2 1 1 0 0 1 1 1 0 1 1 1 1 138 255 255 17 1 1 0 0 0 0 0 0 0 0 0 0 0 0 0 1 1 8 3 0 0 0 1 1 0 1 1 1 0 0 0 0 0 0 0 0 0 0 0 1 1 0 0 0 0 0 0 0 0 0 0 0 0 0 0 1 1 1 241 255 124 1 1 1 1 0 0 1 1 1 1 20 26 1 1 1 0 0 0 0 1 7 2 1 1 0 0 0 0 0 0 1 1 1 57 41 1 119 66 1 1 1 3 65 30 1 1 1 1 1 1 13 147 123 40 7 2 45 65 2 1 1 1 38 36 34 1 1 48 5 20 46 1 1 1 93 255 4 1 1 0 1 0 0 0 0 0 0 0 0 0 0 0 0 154 7 1 2 185 1 0 1 1 1 5 1 1 1 1 1 1 1 1 3 4 5 7 82 2 2 2 2 2 1 7 2 1 1 1 1 1 1 1 1 1 1 1 1 1 1 1 1 1 1 206 251 1 0 0 1 1 4 1 1 2 2 1 3 15 1 1 4 1 2 6 1 1 1 1 1 3 2 231 249 214 1 1 1 1 1 0 1 1 1 1 1 32 96 108 2 1 1 208 255 255 239 1 1 1 1 1 28 1 1 1 1 1 1 1 253 255 255 255 250 3 1 1 1 1 1 1 1 227 255 252 255 255 255 27 1 1 1 0 1 1 1 1 1 1 1 1 1 1 1 1 1 1 1 1 1 1 1 0 0 1 1 1 1 1 0 0 0 0 0 0 0 0 0 1 1 3 1 1 1 29 63 1 0 0 0 0 0 0 0 1 29 13 0 0 0 0 0 0 0 0 0 0 0 1 0 0 0 0 0 0 0 0 0 0 1 1 1 1 1 1 1 0 0 0 0 0 0 0 0 0 0 0 0 0 0 0 0 0 0
1 1 2 1 2 207 101 27 1 1 1 1 0 1 1 1 1 1 1 0 1 6 16 1 1 1 1 2 2 2 1 2 2 8 1 141 7 2 1 1 3 1 1 1 1 1 1 1 1 8 1 1 1 1 1 1 1 2 1 1 1 1 1 2 2 1 0 0 1 1 1 2 1 1 1 1 1 1 1 1 1 38 68 10 88 82 1 1 0 0 0 1 1 1 1 1 1 255 2 2 1 1 0 1 0 0 1 0 1 1 1 1 12 255 255 125 1 1 0 0 0 0 0 0 0 0 0 0 0 0 0 0 0 0 1 2 10 1 0 0 0 0 0 1 1 0 0 0 0 0 0 0 0 0 0 0 0 0 1 1 0 0 0 0 0 0 0 0 0 0 0 0 1 1 105 255 241 1 1 1 1 1 0 1 1 1 1 5 38 8 1 1 0 0 0 0 0 0 1 12 1 1 1 1 1 0 0 0 0 1 1 1 1 44 67 176 1 1 1 32 62 2 1 1 1 0 0 1 0 1 1 22 108 141 155 159 211 94 27 4 48 19 2 1 1 16 21 74 2 89 6 1 2 204 255 1 1 1 1 1 0 0 0 0 0 0 0 0 0 0 0 0 161 3 1 2 178 1 1 1 1 2 4 1 1 1 1 1 1 1 1 1 1 1 28 23 1 1 1 1 1 2 1 2 1 3 2 2 2 2 2 1 1 1 1 1 1 1 1 1 1 1 58 254 1 0 0 1 1 2 22 2 1 1 1 25 1 1 1 1 1 5 2 1 1 1 1 1 1 2 8 240 244 194 1 1 1 1 1 1 0 1 1 1 13 5 30 115 53 251 255 255 40 1 1 1 3 1 1 3 16 1 1 1 1 1 1 1 77 232 255 255 255 255 192 21 8 41 232 255 255 255 255 11 36 249 224 1 1 1 0 1 1 1 0 0 1 1 1 1 1 0 0 1 1 1 1 1 1 0 0 0 1 1 1 1 1 0 0 0 0 0 0 0 0 0 1 1 1 1 1 1 1 78 22 0 0 0 0 0 0 0 1 68 1 0 0 0 0 0 0 0 0 0 0 1 1 0 0 0 0 0 0 0 0 1 1 0 0 0 1 0 0 1 1 1 1 0 0 0 0 0 0 0 0 0 0 0 0 0 0 0
1 1 2 4 157 147 93 1 1 1 1 1 1 0 1 1 1 1 1 1 1 25 4 1 1 1 1 1 1 1 3 1 10 1 1 97 73 1 0 3 1 1 1 1 1 1 1 1 3 3 1 1 0 1 1 1 1 1 2 1 1 0 1 2 1 2 3 1 1 1 1 3 1 1 1 1 1 1 3 58 68 15 86 93 3 1 0 0 0 0 0 1 1 1 1 1 2 255 8 1 1 1 1 1 1 1 1 1 1 1 3 255 255 221 1 1 1 0 0 0 0 0 0 0 0 0 0 0 0 0 0 0 0 0 0 0 4 6 1 0 0 0 0 0 0 0 0 0 0 0 0 0 0 0 0 0 0 0 0 1 0 0 0 0 0 0 0 0 0 0 0 1 2 250 254 30 1 1 1 1 0 0 1 1 1 1 27 25 1 1 1 1 1 1 1 0 0 0 4 4 0 0 1 1 1 1 0 0 1 1 1 1 1 1 161 87 1 2 61 19 1 1 1 0 1 0 0 1 1 0 1 1 1 1 1 30 111 8 61 84 34 7 14 12 19 1 1 7 71 8 76 85 19 221 254 1 1 1 1 1 1 0 0 0 0 0 0 0 0 0 0 1 166 2 1 22 154 1 1 1 1 7 1 1 1 1 1 1 1 1 1 0 1 1 35 17 1 1 2 2 1 1 1 2 1 1 1 1 1 1 1 1 1 1 2 2 2 2 2 1 1 1 4 255 3 1 0 1 1 3 2 7 2 1 1 6 3 1 1 1 3 3 1 1 1 1 1 1 1 1 1 13 249 242 162 1 1 1 1 1 1 1 1 13 1 1 1 22 255 255 255 2 1 1 1 1 1 1 1 1 9 6 0 0 1 1 1 2 15 1 1 101 255 255 255 255 255 255 255 255 255 227 1 1 1 219 250 1 1 1 1 1 1 0 0 1 1 1 1 1 0 0 0 0 0 1 1 1 1 0 0 0 1 1 1 1 1 0 0 0 0 0 0 1 0 1 1 1 1 1 1 1 1 68 30 0 0 0 0 0 0 1 36 8 0 0 0 0 0 0 0 0 0 0 0 1 1 0 0 0 0 0 0 0 1 1 0 0 0 0 1 0 0 0 0 0 1 1 1 1 0 0 0 0 0 0 0 0 0 0 0 0
1 1 1 26 213 157 6 1 1 1 1 1 1 1 0 1 1 2 1 1 6 1 6 10 1 1 1 0 0 1 1 11 30 2 1 60 102 2 1 3 1 1 1 1 1 1 1 1 8 1 1 0 0 1 1 1 1 1 2 1 1 1 2 2 1 1 1 2 3 3 4 1 1 1 2 28 65 69 57 28 103 96 5 1 0 0 0 0 0 1 1 1 1 2 1 1 1 255 235 1 1 1 1 1 1 1 1 1 1 222 255 255 253 250 1 0 0 1 0 0 0 0 0 0 0 0 0 0 0 0 0 0 0 0 0 0 1 9 3 0 0 0 0 0 0 0 0 0 0 0 0 0 0 0 0 0 0 0 0 1 0 0 0 0 0 0 0 0 0 1 1 157 255 219 1 2 2 2 1 1 1 1 1 1 8 37 4 1 1 0 0 0 1 0 1 1 1 1 12 1 0 1 1 1 1 1 1 1 1 0 1 1 1 1 18 200 63 70 4 1 1 1 0 0 1 0 0 0 1 1 1 1 1 1 1 67 85 2 2 5 8 6 2 2 2 1 1 1 9 67 1 2 110 167 255 1 1 1 1 1 1 1 1 1 0 0 0 0 0 0 0 1 168 1 1 92 106 1 1 1 2 5 1 0 0 0 0 1 1 1 1 1 1 1 46 9 1 1 1 1 0 1 1 2 1 1 1 1 1 1 0 1 0 1 1 1 1 1 1 1 1 1 2 255 22 3 1 2 3 2 1 1 13 2 8 1 1 4 1 4 3 1 1 1 1 1 1 1 1 1 1 3 11 251 238 117 1 1 1 1 1 1 8 2 1 1 114 255 255 253 7 32 19 1 1 1 1 2 1 1 1 21 1 0 1 1 1 22 1 0 1 1 1 1 59 158 177 153 119 10 1 1 1 1 1 193 252 10 1 1 1 1 1 1 1 1 1 1 1 1 1 0 0 0 0 1 1 1 0 0 0 1 1 1 1 1 1 1 0 0 0 0 1 1 1 1 0 0 1 1 1 0 1 95 10 0 0 0 0 0 1 1 63 1 1 1 1 1 1 1 1 0 0 0 0 1 1 1 0 0 1 1 1 1 1 0 0 0 0 0 1 0 0 0 0 0 0 0 0 1 1 1 1 0 0 0 0 0 0 0 0 0
1 1 1 209 151 47 50 22 1 1 1 1 1 1 0 1 1 1 2 3 4 1 1 1 10 3 1 1 1 1 3 26 2 18 7 6 149 2 3 3 0 1 1 1 1 1 1 8 1 1 1 1 0 1 1 1 1 1 1 2 2 2 2 1 1 1 1 1 1 2 34 66 70 70 64 21 38 103 104 57 1 1 0 0 0 0 1 1 1 1 2 1 1 1 9 44 5 255 255 1 1 1 1 1 1 1 1 81 255 255 212 1 1 247 239 1 0 1 1 0 0 0 0 0 0 0 0 0 0 0 0 0 0 0 0 0 0 2 10 1 0 0 0 0 0 0 0 0 0 0 0 0 0 0 0 0 0 0 0 0 0 0 0 0 0 0 0 1 1 12 251 254 8 2 1 1 4 4 2 1 1 1 2 23 23 1 1 1 0 1 1 1 1 1 1 1 1 2 7 1 1 1 1 1 1 1 1 1 1 1 1 1 1 1 38 232 25 16 3 1 1 1 0 0 0 0 0 0 0 0 0 1 1 1 8 1 51 124 127 125 130 137 130 120 119 127 132 121 77 131 188 148 64 154 255 1 1 1 1 1 1 1 0 1 1 0 0 0 0 0 1 1 171 1 1 142 42 1 1 1 4 2 1 0 0 0 1 1 0 1 1 1 1 1 73 1 1 1 1 1 0 1 1 2 1 1 0 0 1 1 0 1 1 1 1 0 0 1 1 1 1 1 5 255 4 1 3 5 2 1 0 1 1 31 44 34 36 37 65 7 1 1 0 1 1 1 1 1 1 1 1 1 3 18 251 240 32 1 1 1 1 11 2 1 1 243 255 255 156 1 1 1 3 29 26 2 1 2 1 1 1 1 26 1 0 0 1 19 1 0 0 0 0 1 1 1 1 1 1 1 1 1 1 1 1 28 247 231 1 0 1 1 1 1 1 1 1 1 1 1 1 1 0 0 0 1 1 0 0 0 1 1 1 0 0 0 1 1 1 0 1 1 0 0 0 0 0 0 1 1 1 1 5 103 1 0 0 0 0 1 1 81 1 0 0 0 0 0 0 0 1 1 1 1 1 1 1 1 1 1 1 1 0 0 0 0 0 0 0 0 1 0 0 0 0 0 0 0 0 0 0 0 1 1 1 1 0 0 0 0 0 1
2 2 169 189 121 1 1 15 52 2 1 1 1 1 1 1 1 1 1 5 1 1 1 1 1 6 8 1 1 1 28 1 1 1 7 27 143 21 0 3 3 1 1 0 1 1 6 3 1 1 1 1 1 1 1 1 1 1 2 2 2 1 1 1 9 53 68 71 70 61 16 3 4 27 105 99 42 1 1 0 0 0 0 0 1 1 1 1 1 1 1 3 58 91 63 25 91 243 255 2 1 1 1 1 1 4 255 255 255 4 1 1 1 1 253 217 1 1 1 0 0 0 0 0 0 0 0 0 0 0 0 0 0 0 0 0 0 0 5 5 1 0 0 0 0 0 0 0 0 0 0 0 0 0 0 0 0 0 0 0 0 0 0 0 0 1 1 1 198 255 197 1 2 1 6 7 5 7 4 1 1 12 35 8 1 1 1 1 1 1 1 2 5 1 1 1 1 13 2 11 2 5 83 103 46 1 1 1 1 1 1 1 3 192 222 8 1 1 9 4 1 1 1 1 0 0 0 0 0 0 1 1 1 1 9 0 1 1 1 1 2 2 4 10 10 6 4 9 53 29 4 58 227 253 255 100 13 2 1 1 1 1 1 1 1 0 0 0 0 1 1 1 173 1 1 173 7 1 1 1 7 1 0 0 1 1 1 1 0 1 1 1 1 1 77 1 1 1 1 1 1 1 1 2 1 1 0 0 1 1 0 1 0 0 1 0 0 1 1 1 1 1 138 253 1 1 1 2 1 0 1 1 1 32 38 1 1 1 1 80 1 0 1 1 1 1 1 1 1 1 1 1 4 1 84 251 234 1 1 2 14 1 1 2 254 255 255 5 1 1 1 1 1 1 1 25 31 7 2 1 1 1 14 3 1 1 16 1 1 1 1 0 0 0 0 1 1 1 1 1 1 1 1 0 0 1 217 250 1 1 0 1 0 1 1 2 1 1 1 1 1 1 0 0 0 1 1 1 1 1 1 1 1 0 0 0 0 1 1 0 1 1 0 0 0 0 1 1 1 1 1 1 58 36 0 0 0 0 1 12 69 4 0 0 0 0 0 0 0 0 0 0 0 0 0 1 1 0 0 0 0 0 0 0 0 0 0 0 0 0 1 0 0 0 0 0 0 0 0 0 0 0 0 0 0 1 1 1 0 1 1 1
226 231 184 147 1 1 1 2 2 48 16 1 1 1 1 0 1 2 4 3 1 0 1 1 1 1 2 9 3 12 7 1 0 1 1 36 59 111 0 1 2 4 1 0 0 1 6 0 0 1 1 1 1 1 2 2 1 1 1 1 28 67 69 68 44 6 3 3 4 3 2 2 1 108 1 0 0 0 0 0 0 1 1 1 1 1 1 1 1 32 89 80 11 1 1 1 19 166 255 248 1 1 1 1 33 255 255 103 1 1 1 1 1 1 1 255 176 1 0 0 0 0 0 0 0 0 0 0 0 0 0 0 0 0 0 0 0 0 1 9 2 0 0 0 0 0 0 0 0 0 0 0 0 0 0 0 0 0 0 0 0 0 0 0 1 1 22 255 251 4 2 1 5 8 4 2 1 4 2 1 20 49 1 1 9 92 92 6 1 9 99 103 93 104 90 81 108 122 96 71 98 88 6 1 81 74 49 2 8 95 103 99 230 115 1 1 1 1 1 5 3 1 1 1 1 1 1 1 1 1 1 1 1 6 1 0 0 0 0 1 1 1 1 1 1 1 1 1 1 1 28 243 241 67 255 229 226 229 226 200 106 10 2 1 1 1 1 1 1 1 1 1 183 4 4 183 5 1 1 1 8 1 1 1 1 1 1 1 1 1 1 1 1 1 79 1 1 0 0 1 1 1 1 2 1 1 0 0 1 0 0 1 0 0 1 0 0 1 1 1 1 1 251 201 1 0 0 1 1 1 1 1 1 71 2 1 1 1 4 15 28 1 1 1 1 1 1 1 1 1 1 1 1 3 4 218 251 198 4 10 1 1 35 255 255 255 1 1 1 1 1 1 1 1 1 1 1 14 41 12 1 1 16 2 0 1 20 1 1 1 1 1 1 1 1 1 1 1 1 1 0 1 0 0 1 1 214 250 5 1 0 1 0 1 3 2 1 1 1 1 1 1 0 0 0 0 1 1 1 1 1 1 0 0 0 0 0 0 1 1 1 1 0 0 0 1 1 1 1 1 0 1 67 24 0 0 0 1 67 32 1 0 0 0 0 0 0 0 0 0 0 0 0 0 0 1 1 0 0 0 0 0 0 0 1 1 1 1 1 1 1 0 0 0 0 0 0 0 0 0 0 0 0 0 0 0 0 1 1 1 1 1
167 6 10 153 1 0 0 1 2 1 51 4 1 2 2 1 2 1 1 5 4 1 1 0 1 1 1 1 8 23 1 1 1 1 1 9 41 139 1 1 1 1 4 3 1 7 1 0 0 1 1 1 1 2 1 1 7 56 70 67 22 3 3 3 3 2 1 1 1 1 1 1 1 88 0 0 0 0 1 1 1 1 1 1 1 1 5 79 91 32 1 1 1 1 1 1 11 115 255 255 3 1 1 113 255 255 6 1 1 0 1 1 1 1 1 3 255 125 1 0 0 0 0 0 0 0 0 0 0 0 0 0 0 0 0 0 0 0 0 3 8 1 0 0 0 0 0 0 0 0 0 0 0 0 0 0 0 0 0 0 0 0 1 1 1 234 255 131 2 2 2 9 5 9 2 1 1 2 2 20 34 23 42 24 105 5 5 89 91 84 2 1 1 1 3 8 9 2 1 1 1 1 1 1 1 21 57 99 77 10 211 201 3 1 1 1 1 1 1 1 4 4 1 1 1 1 1 1 1 1 1 1 1 9 0 0 0 1 1 1 0 0 0 1 1 1 1 1 6 229 248 107 1 3 255 215 19 2 11 88 191 212 133 134 134 133 132 131 126 39 1 1 183 1 1 62 135 1 1 1 5 1 1 1 1 0 1 1 1 1 1 1 1 1 76 1 1 0 1 1 1 1 1 3 1 1 1 1 1 1 1 1 1 0 1 0 1 1 1 1 1 129 253 3 1 0 1 1 1 2 2 2 3 81 1 1 1 1 24 1 1 29 1 1 1 1 1 0 1 1 1 1 1 1 2 6 251 242 38 1 1 220 255 255 234 1 1 1 1 1 1 1 1 1 1 1 0 1 1 7 35 25 32 1 1 9 3 0 0 0 0 0 0 0 1 1 1 1 1 1 0 1 0 0 1 1 211 242 146 1 0 1 1 1 1 8 1 1 1 1 1 1 0 0 0 0 1 1 1 1 0 0 0 0 0 0 0 0 1 1 1 0 0 0 1 1 1 1 1 1 1 1 106 1 0 0 4 74 1 0 0 0 0 0 0 0 0 0 0 0 0 0 0 0 0 1 1 1 1 1 1 1 1 1 1 0 0 0 0 1 0 0 0 0 0 0 0 0 0 0 0 0 0 0 0 0 0 0 0 1 1 0
212 10 96 97 2 1 1 1 1 2 53 1 1 1 1 2 1 0 1 2 1 5 2 1 1 0 1 1 11 1 1 1 1 1 1 2 10 111 39 1 1 1 1 3 9 3 1 2 2 2 2 2 5 46 68 71 50 10 29 14 2 1 1 0 0 0 0 1 1 1 0 1 40 28 0 1 1 1 1 1 1 1 1 13 89 89 76 3 1 1 1 0 0 1 1 1 3 51 255 228 250 3 202 255 255 2 1 1 1 1 1 1 1 1 1 1 10 255 66 1 0 0 0 0 0 0 0 0 0 0 0 0 0 0 0 0 0 0 0 1 6 4 1 0 0 0 0 0 0 0 0 0 0 0 0 0 0 0 0 0 1 1 1 69 255 246 1 2 1 1 1 2 2 10 1 1 2 13 25 6 1 12 136 68 3 1 1 1 1 1 1 0 0 0 1 1 10 1 1 1 1 0 0 0 1 1 1 2 114 195 38 1 1 1 0 0 1 1 1 1 1 4 5 1 1 1 1 1 1 0 0 1 4 2 0 0 1 1 0 0 0 0 1 1 1 1 3 188 252 193 2 1 1 2 255 138 194 62 6 1 2 170 4 1 1 1 1 2 3 78 130 50 181 1 1 1 106 180 59 1 5 1 1 1 1 1 1 1 1 0 0 0 1 1 76 1 1 1 1 1 1 1 2 1 1 1 0 1 1 1 1 1 1 1 1 1 1 1 1 1 2 253 160 1 0 0 1 1 1 1 1 1 34 32 1 1 1 1 27 1 1 3 23 1 1 1 1 0 1 1 2 1 1 1 3 1 178 251 220 6 253 255 255 31 1 1 1 1 1 1 1 1 1 0 1 1 0 1 1 1 1 3 71 82 4 18 1 0 0 0 0 0 0 0 0 0 0 0 0 1 1 1 0 0 1 1 209 227 213 1 1 1 1 1 1 1 10 1 1 0 1 1 0 0 0 0 1 1 1 0 0 0 0 0 0 0 0 0 0 0 1 1 0 1 1 1 1 1 1 1 1 43 46 1 0 1 69 1 0 0 0 0 0 0 0 0 0 0 0 0 0 0 0 0 0 1 0 0 0 0 0 0 0 0 0 0 0 0 0 1 0 0 0 0 0 0 0 0 0 0 0 0 0 0 0 0 0 0 1 1 0 0
188 149 104 20 33 4 1 1 1 2 5 50 2 1 1 1 1 1 2 1 1 1 3 7 1 1 1 4 5 1 1 1 1 1 1 1 10 34 110 3 6 4 2 2 1 1 1 1 3 40 68 72 57 11 6 64 104 91 53 70 48 1 1 1 1 1 1 1 0 1 3 86 36 1 1 1 1 1 1 1 18 96 105 71 5 5 4 1 1 1 0 0 1 1 1 1 1 13 255 248 255 255 255 250 2 1 1 1 1 0 1 1 0 0 0 0 1 39 255 24 1 0 0 0 0 0 0 0 0 0 0 0 0 0 0 0 0 0 0 0 2 9 1 0 0 0 0 0 0 0 0 0 0 0 0 0 0 0 0 1 1 1 246 255 62 2 2 1 1 0 0 2 7 3 1 5 23 6 1 3 1 1 120 20 1 1 1 0 0 0 0 0 0 0 0 5 3 1 0 1 1 1 0 1 1 1 27 193 126 2 1 1 1 1 0 0 0 1 1 0 1 1 3 6 1 1 1 1 1 0 0 1 8 1 1 1 1 0 0 0 1 1 1 1 2 139 251 231 8 1 1 1 1 2 255 52 69 130 84 83 3 90 95 1 1 1 1 1 1 1 2 155 128 1 1 0 2 3 127 132 7 1 1 1 1 0 0 0 1 0 0 0 1 1 78 1 1 1 1 0 0 1 2 2 1 0 0 0 1 0 1 1 0 0 1 0 1 1 1 1 205 251 1 1 0 0 1 0 0 1 1 1 88 2 1 1 1 1 27 1 1 1 3 20 1 0 1 1 1 1 1 1 1 1 3 1 5 253 244 255 255 255 1 1 1 0 1 1 1 1 1 1 1 0 0 1 1 1 1 1 0 1 1 2 125 5 1 0 0 0 0 0 0 0 0 0 0 0 0 0 1 1 1 1 1 1 207 221 221 29 9 1 1 1 1 1 2 10 1 1 1 1 0 0 0 1 1 1 0 0 0 0 0 0 0 0 0 0 0 0 0 0 0 1 1 1 1 1 1 1 1 57 31 0 1 24 18 0 0 0 0 0 0 0 0 0 0 0 0 0 0 0 0 0 0 1 0 0 0 0 0 0 0 0 0 0 0 0 0 1 1 0 0 0 0 0 0 0 0 0 0 0 0 0 0 0 0 1 1 0 0 0
80 1 1 1 3 27 11 1 1 1 0 1 45 11 1 1 1 2 1 0 1 0 3 4 9 2 1 12 1 1 1 1 1 1 1 3 4 17 136 3 1 2 3 3 4 32 63 69 60 12 3 12 91 105 90 18 1 1 0 1 57 13 1 0 0 1 1 1 1 66 78 3 1 1 1 1 1 2 64 104 64 3 1 0 0 1 1 3 1 1 1 1 1 1 1 1 1 12 255 5 253 255 225 1 1 1 1 1 0 1 1 0 0 0 0 0 0 1 100 255 7 1 0 0 0 0 0 0 0 0 0 0 1 0 0 0 0 0 0 0 0 4 7 1 0 0 0 0 0 0 0 0 0 0 0 0 0 1 1 1 129 255 234 1 2 1 1 1 0 1 3 5 4 2 13 19 1 1 3 1 1 1 30 87 12 1 1 1 0 0 0 0 0 0 1 13 1 1 0 1 0 1 1 1 3 153 182 9 1 1 0 1 1 1 0 0 0 0 1 1 0 1 1 2 8 1 1 1 1 1 1 3 3 1 0 0 0 0 1 1 1 1 1 55 240 243 25 1 1 1 1 1 1 1 255 9 33 105 47 40 65 39 180 2 1 1 1 1 1 1 12 124 14 1 1 1 1 1 1 80 133 1 1 1 1 1 0 0 1 0 0 1 1 1 76 1 1 1 1 1 0 1 3 1 1 0 0 0 1 0 1 1 1 1 1 2 1 1 1 19 253 96 1 0 0 1 1 0 0 1 1 2 86 1 1 1 1 2 26 17 1 1 2 10 20 1 1 1 1 1 1 2 1 3 1 1 51 255 255 255 250 1 1 1 1 1 1 0 0 0 0 1 0 0 1 1 1 1 1 1 0 0 1 1 125 1 0 0 0 0 0 0 0 0 0 0 0 0 0 0 1 1 1 0 0 1 207 235 164 21 17 31 7 1 1 1 2 21 1 1 1 1 1 0 1 1 0 0 0 0 0 0 0 0 0 0 0 0 0 0 0 0 0 1 1 1 1 1 1 1 1 96 4 0 17 39 1 1 1 1 0 0 0 0 0 0 0 0 0 0 0 0 0 0 0 1 0 0 0 0 0 1 1 1 1 1 1 1 1 1 1 0 0 0 0 0 0 0 0 0 0 0 0 0 0 0 1 1 0 0 0 0
4 1 1 1 1 2 17 23 1 0 0 0 1 23 29 1 1 2 0 1 1 1 6 1 1 6 17 2 1 0 0 1 0 0 1 10 1 3 149 1 1 1 17 53 58 18 3 3 28 102 102 74 4 1 0 1 1 1 1 1 1 74 73 22 3 1 1 48 90 10 2 2 1 1 1 5 92 102 18 1 0 0 0 0 0 1 1 1 3 1 1 1 1 1 1 2 5 9 255 242 255 159 1 1 1 1 0 0 1 1 1 1 0 0 0 0 0 0 1 154 255 3 1 0 0 0 0 0 0 0 0 0 1 1 0 0 0 0 0 0 0 1 8 3 1 0 0 0 0 0 0 0 0 0 0 1 1 1 3 251 255 18 2 2 1 1 0 1 2 2 8 6 2 8 11 1 1 1 3 1 41 106 123 33 3 8 1 1 1 0 0 0 0 1 4 4 1 0 1 1 1 1 1 72 194 79 1 1 1 0 0 0 0 0 0 0 0 0 0 1 1 0 1 1 1 9 1 1 0 0 1 8 1 0 0 0 1 1 1 1 1 20 219 221 195 4 1 1 1 1 1 1 1 1 255 8 19 11 130 19 28 50 208 97 4 1 1 1 1 3 89 75 1 1 1 1 1 1 1 1 150 64 1 1 1 1 1 0 1 0 1 1 1 1 73 1 1 0 1 1 1 1 3 1 1 0 0 0 1 1 1 1 1 8 196 180 184 186 165 244 246 1 0 1 0 1 1 1 1 1 1 47 23 1 1 1 1 1 1 40 3 2 1 1 5 19 1 1 1 1 1 1 5 1 118 255 255 255 255 240 1 1 1 1 1 1 0 0 0 0 0 1 0 1 1 1 0 1 1 1 0 0 1 6 103 1 0 0 0 0 0 0 0 0 0 0 0 0 0 0 0 0 1 1 1 1 212 249 4 1 12 3 21 5 1 6 20 1 1 1 1 1 1 0 1 1 1 0 0 0 0 0 0 0 0 0 0 0 0 0 0 0 0 0 1 1 1 1 1 1 24 67 1 0 79 2 2 2 2 2 2 2 2 1 1 1 0 0 0 0 0 0 0 0 0 1 1 1 1 1 1 1 1 1 1 1 1 1 1 0 0 0 0 0 0 0 0 0 0 0 0 0 0 0 0 1 1 0 0 0 0 0
1 1 1 1 1 0 1 7 30 4 1 0 0 1 8 47 8 1 1 1 1 7 1 1 1 3 3 1 0 0 1 1 0 1 3 7 1 1 102 116 60 60 23 3 3 45 105 100 54 1 1 1 1 1 1 1 0 0 0 0 0 1 5 43 79 91 89 21 2 1 1 1 1 22 104 89 4 1 0 0 0 0 0 0 1 1 0 0 1 2 1 1 1 1 1 2 2 5 255 5 255 12 1 1 1 1 1 1 1 1 1 1 1 1 0 0 1 1 1 1 198 253 2 1 0 0 0 0 0 0 0 0 1 1 1 0 0 0 0 0 0 0 2 9 1 0 0 0 0 0 0 0 0 1 1 1 1 182 255 204 1 2 1 1 1 0 0 2 1 1 1 1 1 26 1 1 1 3 1 72 84 12 2 1 1 6 4 1 1 1 0 0 0 1 12 1 1 1 1 1 1 9 178 159 4 1 1 1 0 0 0 0 0 0 0 0 0 0 0 0 0 0 0 0 1 1 9 2 1 1 1 5 0 0 1 1 1 1 1 7 198 228 63 38 144 1 1 1 1 1 1 0 0 1 255 63 1 41 4 144 1 1 11 184 76 7 2 1 3 90 4 72 1 1 1 1 1 1 1 1 10 124 182 164 140 92 34 6 1 1 1 1 1 5 58 1 1 1 1 1 1 1 4 1 1 1 1 1 1 0 1 1 1 96 97 1 1 1 198 255 158 1 1 1 1 1 1 1 1 1 1 99 1 1 1 1 1 1 1 48 1 1 1 1 1 7 17 1 1 1 1 6 253 255 255 255 255 8 250 234 3 1 1 1 1 1 1 1 1 0 0 1 1 1 1 1 1 1 1 0 0 1 1 96 10 0 0 0 0 0 0 0 0 0 0 0 0 0 0 0 0 0 0 0 1 4 215 249 1 1 1 13 4 37 24 11 1 1 0 1 1 1 0 1 1 1 1 1 0 0 0 0 0 0 0 0 0 0 0 0 0 0 0 0 1 1 1 0 0 1 56 33 0 0 76 1 0 0 0 0 0 0 0 0 1 1 0 0 0 0 0 0 0 0 0 1 1 0 0 0 0 0 0 0 0 0 0 0 0 0 0 0 0 0 0 0 0 0 0 0 0 0 0 0 0 1 1 0 0 0 0 0
1 1 0 1 1 1 1 1 4 24 13 1 1 0 1 2 38 19 2 1 4 3 1 1 1 4 2 1 1 2 3 3 3 3 1 6 42 60 121 145 2 6 69 105 96 36 1 1 1 1 1 0 0 0 0 0 0 0 0 0 0 0 0 0 1 1 1 1 1 1 1 14 105 61 1 1 0 0 0 0 0 0 0 1 1 1 1 1 1 1 1 1 1 1 1 3 1 1 255 5 255 42 6 1 1 1 1 1 1 1 1 0 1 1 1 1 1 1 0 1 1 224 251 1 1 0 0 0 0 0 0 0 1 1 1 0 0 0 0 0 0 0 0 5 6 1 0 0 0 0 0 0 1 1 1 13 255 255 4 2 2 1 1 1 1 0 1 2 1 1 1 1 1 31 1 1 2 3 114 114 1 1 1 1 0 1 11 2 1 1 1 0 1 2 7 1 1 1 1 2 125 194 33 1 1 1 1 1 1 1 1 1 1 1 1 1 1 1 1 1 0 0 0 0 0 1 1 7 2 1 7 1 1 1 1 1 1 4 168 230 121 2 1 172 4 1 1 1 1 1 0 0 1 1 239 252 1 4 30 109 33 1 1 23 182 64 52 47 93 8 1 73 1 1 1 1 1 1 1 1 10 1 1 9 58 101 142 168 182 181 181 181 182 182 147 132 92 40 6 1 1 1 5 1 1 1 1 0 1 1 1 1 1 130 52 1 1 1 253 233 122 141 37 1 1 1 1 1 1 1 30 50 1 1 1 0 1 1 7 24 1 1 1 51 240 255 255 255 255 255 255 255 255 249 2 4 224 1 228 250 79 2 2 2 1 1 1 1 1 1 1 1 1 0 0 1 1 1 1 0 0 1 1 122 1 0 0 0 0 0 0 0 0 0 0 0 0 0 0 0 0 0 0 0 1 168 231 207 1 1 1 1 19 6 37 1 0 0 1 1 1 0 0 0 1 1 1 1 1 0 0 0 0 0 0 0 0 0 0 0 0 0 0 0 1 1 0 0 0 1 81 15 0 1 77 0 0 0 0 0 0 0 0 0 1 1 1 0 0 0 0 0 0 0 0 0 0 0 0 0 0 0 0 0 0 0 0 0 0 0 0 0 0 0 0 0 0 0 0 0 0 0 0 0 0 1 0 0 0 0 0 0
1 1 1 1 1 1 1 1 1 3 24 20 1 1 1 1 2 14 37 8 10 1 1 1 4 1 1 2 2 1 1 1 15 64 79 74 10 3 37 203 110 91 15 1 1 1 0 0 0 0 0 0 0 0 0 0 0 0 0 0 0 1 1 1 1 1 1 1 1 1 45 74 1 1 1 1 1 1 0 1 0 0 0 1 1 0 1 1 1 1 2 1 1 1 1 3 1 1 255 238 255 1 24 8 1 1 1 1 1 1 1 1 1 1 1 1 1 1 0 1 1 1 242 247 1 0 0 0 0 0 0 0 0 1 1 1 0 0 0 0 0 0 0 1 9 3 1 0 0 0 0 1 1 1 221 255 161 1 2 1 1 1 0 1 1 1 2 1 1 0 0 1 2 27 1 1 3 100 30 1 1 0 0 1 1 0 1 15 1 0 1 0 1 11 1 1 1 1 29 194 120 2 1 1 1 0 0 0 0 0 0 0 0 0 0 0 0 0 0 1 1 0 0 0 1 1 1 1 6 6 4 1 1 1 1 2 122 231 163 3 1 1 8 167 1 1 1 1 1 1 1 1 1 1 9 255 1 1 36 7 142 1 1 1 20 174 10 2 71 2 1 72 1 1 1 1 1 1 1 1 10 1 1 1 2 1 1 1 1 1 1 1 1 18 69 65 108 148 176 184 186 187 198 193 187 166 126 73 34 30 1 1 1 163 12 1 1 181 255 2 1 39 150 139 39 3 2 4 18 65 45 9 12 11 8 6 2 1 54 1 87 255 255 255 255 255 255 193 20 2 1 1 1 1 1 1 226 2 8 253 219 1 1 1 1 2 2 2 2 1 1 1 0 0 0 1 1 1 1 0 0 1 0 109 4 1 0 0 0 0 0 0 0 0 0 0 0 0 0 0 0 0 0 1 1 214 249 3 1 1 1 1 1 8 2 16 1 1 1 1 1 0 0 0 0 1 2 1 1 1 0 0 0 0 0 0 0 0 0 0 0 0 0 0 1 1 1 0 0 8 91 1 0 1 79 0 0 0 0 0 0 0 0 0 1 1 0 0 0 0 0 0 0 0 0 0 0 0 0 0 0 0 0 0 0 0 0 0 0 0 0 0 0 0 0 0 0 0 0 0 0 0 0 0 1 1 0 0 0 0 0 0
0 1 1 1 1 1 1 1 1 1 6 24 36 1 1 2 1 1 3 31 50 14 1 4 1 1 1 1 1 1 12 79 62 7 3 29 110 112 82 138 41 1 0 0 0 0 0 0 0 0 0 0 0 0 0 0 0 0 0 1 1 1 1 1 1 1 1 1 1 59 39 1 1 1 1 1 1 1 1 1 1 1 1 1 1 1 1 1 1 1 1 1 1 1 1 3 1 1 228 255 114 1 1 36 2 1 1 1 0 0 0 1 1 1 1 1 1 1 1 1 0 1 1 250 231 1 0 0 0 0 0 0 0 0 1 1 1 0 0 0 0 0 0 0 2 9 1 0 0 0 1 1 42 255 251 1 2 2 1 1 0 0 0 0 1 2 1 0 0 0 0 1 18 6 1 2 2 132 1 1 0 0 0 0 1 1 1 2 12 1 1 1 1 11 1 1 3 159 183 8 1 1 1 1 1 1 0 0 0 0 0 0 0 0 0 0 0 0 0 0 1 1 1 1 1 0 0 1 1 4 4 1 1 1 81 229 198 6 1 1 1 1 156 17 1 1 0 0 0 1 1 1 1 1 1 255 1 1 2 35 110 64 1 1 1 18 177 10 59 6 1 68 1 1 1 1 1 1 1 1 9 1 1 1 2 1 1 1 1 1 1 1 1 1 1 1 1 1 1 1 1 3 1 1 3 27 77 129 155 162 180 181 181 151 1 1 3 255 124 1 1 1 1 77 134 171 168 154 142 104 85 42 21 22 26 30 42 56 254 255 255 255 8 1 1 1 1 1 1 1 1 1 1 1 1 1 223 1 1 251 230 11 1 1 1 1 1 1 1 1 2 2 1 1 1 1 1 1 1 0 0 1 1 20 80 1 0 0 0 0 0 0 0 0 0 0 0 0 0 0 0 0 0 1 46 242 222 1 1 1 1 0 1 3 3 1 15 15 21 1 1 1 1 1 0 0 1 5 1 1 0 0 1 1 0 0 0 0 0 0 0 0 0 0 0 1 1 1 1 55 35 0 0 1 80 0 0 0 0 0 0 0 0 0 1 1 0 0 0 0 0 0 0 0 0 0 0 0 0 0 0 0 0 0 0 0 0 0 0 0 0 0 0 0 0 0 0 0 0 0 0 0 0 0 1 0 0 0 0 0 0 0
0 1 1 1 1 2 6 4 1 6 12 1 6 41 4 1 1 1 1 3 2 21 48 5 1 1 1 14 84 91 59 5 48 123 119 71 2 1 1 40 124 1 0 0 0 0 0 0 0 0 0 0 0 0 0 0 1 1 1 1 1 1 1 1 1 1 0 0 1 105 1 0 0 0 1 0 0 0 0 0 1 0 1 1 1 2 1 1 1 1 1 1 2 1 1 3 1 1 68 255 4 1 1 3 33 3 2 4 2 1 1 1 1 1 1 1 0 0 0 1 1 0 1 1 253 202 1 0 0 0 0 0 0 0 0 1 1 1 0 0 0 0 0 0 0 5 5 1 1 1 1 241 255 111 1 2 1 1 1 1 1 0 1 1 2 1 0 0 0 0 1 1 35 1 1 3 3 128 1 1 1 1 1 1 1 1 1 1 3 7 1 1 9 2 1 77 198 75 1 1 1 1 1 0 0 1 1 0 0 0 0 0 0 0 0 0 0 1 1 1 1 1 1 1 1 1 1 1 1 1 3 5 30 226 214 17 1 1 1 1 1 16 156 1 1 1 0 0 1 1 0 0 1 1 1 255 9 1 1 39 2 97 98 1 1 1 14 180 107 3 1 64 1 1 1 1 1 1 1 2 6 1 1 1 2 1 1 1 1 1 0 1 1 1 0 1 0 1 0 1 1 3 1 1 1 1 1 0 1 1 1 1 1 1 1 1 237 252 1 1 1 1 1 6 1 1 1 2 1 1 1 0 0 1 1 1 1 133 255 247 223 1 1 1 1 1 1 1 1 1 1 1 1 1 1 1 218 7 1 219 250 106 1 1 1 1 1 1 1 1 1 1 1 2 2 2 1 2 1 1 1 1 1 1 122 1 0 0 0 0 0 0 0 0 0 0 0 0 0 0 0 0 1 1 212 249 3 1 1 1 0 0 0 1 3 5 1 1 1 21 22 19 18 18 8 1 1 1 5 1 0 1 1 0 0 0 0 0 0 0 0 0 0 0 1 0 1 1 1 67 28 0 0 13 39 1 1 1 1 1 1 1 1 1 1 1 0 0 0 0 0 0 0 0 0 0 0 0 0 0 0 0 0 0 0 0 0 0 0 0 0 0 0 0 0 0 0 0 0 0 0 0 0 1 1 0 0 0 0 0 0 0
1 1 1 1 2 6 1 4 17 11 1 1 1 5 36 3 1 1 4 2 0 1 5 63 4 79 94 58 8 91 126 119 58 1 1 1 1 1 1 13 141 2 0 0 0 0 0 0 0 0 0 0 0 1 1 1 1 1 1 1 1 1 1 0 0 0 1 12 63 35 1 0 0 0 1 0 0 0 0 0 0 0 0 0 0 2 1 0 0 0 0 1 2 1 1 3 1 1 18 255 2 1 1 1 10 31 30 22 31 10 1 1 0 0 0 1 0 0 0 0 1 0 0 1 2 255 155 1 0 0 0 0 0 0 0 0 1 1 0 0 0 0 0 0 0 1 10 2 1 98 255 245 1 1 2 1 1 1 1 1 1 1 2 1 1 0 0 1 1 1 1 1 37 1 5 14 104 27 1 1 0 0 0 0 0 0 0 1 1 8 3 1 13 8 179 159 3 1 1 1 1 1 1 1 1 1 1 1 1 1 1 1 1 1 1 1 1 1 1 1 1 2 2 3 5 5 6 7 7 8 33 220 231 42 1 1 1 1 1 1 1 151 22 1 1 1 0 0 0 1 0 1 1 1 1 246 250 1 1 5 25 1 104 88 1 1 1 10 217 97 12 57 1 1 1 1 1 1 1 4 3 1 1 1 1 1 1 1 1 1 1 1 1 1 1 1 1 1 0 1 1 3 0 1 0 1 1 1 1 1 1 1 0 1 1 24 255 38 1 1 0 0 3 2 0 0 1 1 1 1 1 0 1 1 1 1 1 255 253 1 251 1 1 1 1 1 1 1 1 1 1 1 1 1 1 1 142 134 1 4 251 230 1 1 1 1 1 0 1 1 1 1 1 1 1 1 1 2 2 2 2 2 2 3 50 72 1 0 0 0 0 0 0 0 0 0 0 0 0 0 0 0 1 53 242 219 1 1 1 0 0 0 0 0 1 1 6 6 6 6 7 9 9 10 20 41 26 80 3 1 1 1 0 0 0 0 0 0 0 0 0 1 1 1 1 1 0 0 2 105 1 2 7 58 1 1 0 0 0 0 0 0 0 0 0 1 0 0 0 0 0 0 0 0 0 0 0 0 0 0 0 0 0 0 0 0 0 0 0 0 0 0 0 0 0 0 0 0 0 0 0 0 0 1 0 0 0 0 0 0 0 0
1 1 1 1 2 2 2 4 2 1 1 1 0 1 3 37 8 4 1 1 1 1 28 144 113 7 79 152 143 60 28 1 1 1 1 1 1 1 1 1 141 17 0 0 0 1 0 1 1 0 0 1 1 1 1 1 1 1 1 1 0 0 1 1 10 42 42 12 42 3 1 0 0 0 1 0 0 0 1 1 1 1 1 1 2 1 1 0 0 0 0 0 1 2 1 4 1 1 5 255 2 1 1 1 1 1 1 1 1 37 7 1 1 1 0 1 0 0 1 1 1 1 0 1 1 6 255 99 1 0 0 0 0 0 0 0 1 1 1 0 0 0 0 0 0 1 3 19 247 255 54 1 1 1 2 1 1 1 1 1 1 2 1 1 1 1 1 1 1 1 1 1 35 10 145 110 29 1 1 1 1 1 1 0 1 1 1 1 1 1 13 14 130 195 36 1 1 1 1 1 1 1 2 2 3 4 5 6 6 6 7 7 7 7 7 7 6 6 6 5 5 4 3 2 2 1 1 1 4 173 229 84 3 4 1 1 1 1 1 1 1 177 13 3 1 1 0 0 0 1 0 0 0 0 1 5 255 5 1 1 18 10 1 80 97 12 1 1 66 191 99 115 88 87 87 86 80 54 21 56 94 56 21 10 3 1 1 1 1 1 1 1 1 1 1 1 1 1 1 1 1 3 1 0 0 0 1 2 1 1 1 1 1 1 1 251 244 1 1 1 1 2 4 1 1 0 0 0 0 1 1 1 1 1 1 1 3 255 1 1 245 51 1 1 1 1 1 1 1 1 1 1 1 1 1 1 78 187 1 1 250 238 29 1 1 1 0 0 0 1 1 1 1 1 1 1 1 1 1 1 1 1 1 1 1 58 77 1 1 0 0 0 0 0 0 0 0 0 0 0 0 1 1 213 249 2 1 1 0 0 0 0 0 0 0 0 1 1 1 1 1 1 1 1 1 1 75 7 92 1 1 1 1 1 0 0 0 0 0 0 0 1 1 1 1 1 0 1 54 44 1 27 60 1 1 1 0 0 0 0 0 0 0 0 0 0 0 0 0 0 0 0 0 0 0 0 0 0 0 0 0 0 0 0 0 0 0 0 0 0 0 0 0 0 0 0 0 0 0 0 0 0 1 1 0 0 0 0 0 0 0 0
1 0 1 1 1 2 7 1 1 1 1 1 1 1 1 2 29 12 1 1 17 102 55 11 176 169 72 1 1 1 27 1 0 0 1 1 1 1 0 1 118 48 1 1 1 1 1 1 1 1 1 1 1 1 1 1 1 0 0 1 1 7 41 42 16 1 1 0 49 1 1 2 1 0 1 0 1 1 2 1 1 1 1 1 0 1 1 0 0 0 0 0 0 1 2 5 1 1 2 255 3 1 1 1 1 1 1 1 1 1 22 36 3 1 1 1 1 1 1 1 1 1 1 1 0 1 19 255 41 1 1 1 1 1 1 1 1 1 1 1 0 0 0 1 1 1 138 255 235 1 1 1 1 1 4 1 1 1 1 2 1 1 1 1 1 1 1 1 1 1 1 18 138 141 4 1 1 1 1 1 2 3 5 9 15 22 30 35 38 40 76 215 149 10 7 7 7 7 7 6 6 6 5 4 3 2 2 1 1 1 1 1 1 1 1 1 1 1 1 1 1 1 1 1 1 1 2 125 229 147 2 1 1 1 3 1 1 0 1 1 1 109 107 104 70 1 1 0 0 0 0 0 0 0 1 1 255 2 3 1 1 21 8 26 49 16 39 39 108 17 185 12 4 1 1 1 1 30 59 38 7 22 56 83 102 106 108 109 108 106 103 92 56 21 4 1 1 1 1 1 1 2 1 0 0 0 1 1 1 1 1 1 1 1 96 255 6 1 1 1 1 5 1 1 1 0 1 1 1 1 1 1 1 1 1 1 255 255 1 1 20 249 1 1 1 1 0 1 1 1 1 1 1 1 1 1 129 151 1 1 62 251 211 1 1 1 1 0 0 1 1 1 1 1 1 2 1 1 1 1 1 1 1 1 1 1 28 127 67 1 1 1 1 0 0 0 0 0 0 0 0 1 64 243 215 1 1 0 0 0 0 0 0 0 0 0 0 0 0 1 1 1 1 16 25 85 83 79 66 36 1 0 0 1 1 1 1 1 1 0 0 1 1 1 1 1 0 1 64 33 0 13 41 1 1 1 0 0 0 0 0 0 0 0 0 0 0 0 0 0 0 0 0 0 0 0 0 0 0 0 0 0 0 0 0 0 0 0 0 0 0 0 0 0 0 0 0 0 0 0 0 0 1 1 0 0 0 0 0 0 0 0
1 1 2 1 1 5 5 1 1 1 1 1 1 1 1 1 1 10 44 100 63 2 44 149 15 50 14 1 1 1 15 4 0 0 1 1 0 1 0 5 146 2 2 1 1 1 1 1 1 1 1 1 3 25 2 1 0 1 1 4 41 21 1 1 0 0 0 1 51 1 1 1 2 1 1 1 2 1 0 0 0 0 0 0 0 0 0 0 0 0 0 0 0 0 1 8 0 1 1 255 33 1 2 1 1 1 1 0 1 0 1 2 29 27 1 1 0 0 0 1 0 1 1 1 1 1 1 56 255 11 1 1 1 0 0 0 1 1 1 1 1 1 1 1 8 252 255 52 1 1 1 1 1 2 1 2 2 3 3 2 3 3 5 8 18 34 51 65 73 77 86 195 117 67 44 45 44 43 42 40 37 31 24 19 11 7 3 2 3 104 135 50 46 1 1 1 1 1 1 1 1 1 1 1 1 1 1 1 1 1 1 1 1 1 1 1 1 1 1 1 1 1 1 1 1 68 229 191 5 1 1 1 1 1 1 3 1 1 0 1 0 2 68 42 79 107 6 1 0 0 0 0 0 0 0 1 255 3 3 2 1 1 23 13 90 20 2 1 75 1 46 159 7 8 2 1 4 2 1 1 2 1 1 1 1 1 1 1 1 1 2 5 27 63 93 104 107 108 107 105 78 1 1 1 1 1 1 1 1 1 1 1 1 1 254 211 1 1 1 0 1 3 0 1 1 1 1 1 1 1 1 1 1 1 1 1 255 13 1 1 1 241 177 1 1 1 1 0 0 1 1 1 1 1 1 1 212 18 1 1 1 250 230 38 1 1 1 1 0 1 1 1 1 1 1 1 1 1 1 1 1 1 1 1 1 1 1 1 83 137 127 15 1 1 1 1 1 0 0 0 1 1 212 249 2 1 0 0 0 0 0 0 0 0 0 0 0 0 0 0 1 1 95 231 219 9 1 1 6 54 34 1 0 0 0 0 0 0 1 1 0 1 1 1 0 0 0 1 95 7 0 1 21 32 1 0 0 0 0 0 0 0 0 0 0 0 1 0 0 0 0 0 0 0 0 0 0 0 0 0 0 0 0 0 0 0 0 0 0 0 0 0 0 0 0 0 0 0 0 0 0 0 1 0 0 0 0 0 0 0 0 0
1 2 1 1 2 8 1 1 1 1 1 1 1 1 1 1 1 5 58 2 33 54 144 1 1 2 66 4 1 0 1 28 1 0 1 1 1 1 14 96 76 1 1 1 1 1 1 1 1 2 55 101 91 51 92 21 3 39 45 29 1 1 1 1 0 0 0 1 50 0 1 1 1 2 1 1 1 0 0 0 0 0 0 0 0 0 0 0 0 0 0 0 0 0 1 10 0 1 1 255 237 1 1 1 1 1 0 0 1 0 0 1 1 8 23 1 1 1 1 1 1 1 1 1 1 1 1 1 119 255 8 1 2 2 4 7 21 59 118 174 216 241 252 255 255 220 4 2 2 2 2 2 1 1 1 2 77 97 79 78 78 77 73 63 47 30 16 8 5 4 79 138 2 1 1 1 1 1 1 1 1 1 1 1 1 1 1 30 141 36 11 1 26 21 1 1 1 1 1 1 1 1 1 0 0 0 0 0 0 0 1 1 1 1 1 0 0 1 1 1 1 1 1 28 221 215 17 1 1 1 1 1 1 1 1 1 3 1 1 1 1 1 1 10 54 34 91 1 0 0 0 0 0 0 0 1 247 247 1 5 1 1 1 30 5 52 104 8 75 1 1 70 179 39 11 8 9 2 5 94 176 62 1 1 1 1 1 1 1 1 1 1 1 1 1 1 1 1 1 1 95 9 1 1 1 1 1 1 1 1 1 2 1 125 255 1 1 1 1 0 5 1 0 1 1 1 1 1 1 1 1 1 1 43 254 255 255 160 159 159 159 160 249 254 238 109 1 1 1 1 1 1 1 1 1 1 219 1 1 1 1 106 251 204 1 1 1 1 0 0 1 1 1 1 1 1 1 1 1 1 1 1 1 1 1 1 1 2 24 1 3 107 140 91 2 1 1 1 1 1 1 87 237 221 1 1 0 0 0 0 0 0 0 0 0 0 0 0 1 1 1 184 239 203 249 1 1 1 1 4 93 3 0 0 0 0 0 0 0 1 1 1 1 0 0 0 1 36 61 1 0 0 1 23 27 1 0 0 0 0 0 0 0 0 0 0 1 0 0 0 0 0 0 0 0 0 0 0 0 0 0 0 0 0 0 0 0 0 0 0 0 0 0 0 0 0 0 0 0 0 0 1 1 0 0 0 0 0 0 0 0 0
1 2 1 2 1 7 1 1 1 1 1 1 1 1 1 1 7 46 2 6 92 129 3 1 1 34 98 29 9 0 0 4 16 1 1 4 42 127 139 60 1 1 1 1 2 1 6 73 100 97 22 1 1 1 1 54 68 2 1 1 1 1 0 1 1 1 0 1 49 0 0 1 0 1 2 1 0 0 0 0 0 0 0 0 0 0 0 0 0 0 0 1 1 1 1 6 1 1 1 255 255 2 1 1 1 1 1 1 1 1 1 1 1 3 35 1 1 1 1 1 1 2 2 2 2 4 6 12 17 179 255 255 255 255 255 255 255 255 255 255 252 244 218 111 2 1 1 1 1 1 1 1 1 1 39 103 30 17 6 1 1 1 1 1 1 1 1 1 1 98 77 5 1 0 1 1 0 0 0 1 1 1 1 1 1 3 123 107 2 1 13 1 1 55 4 1 1 0 0 0 0 0 0 0 0 0 0 0 0 0 1 1 1 0 1 1 1 1 1 1 1 9 210 226 43 1 1 1 1 1 1 1 1 0 0 0 1 2 2 1 1 1 1 1 3 66 111 1 0 0 0 0 0 0 0 1 3 255 1 1 6 1 1 1 38 1 6 75 74 1 1 1 16 166 170 139 186 202 198 142 43 169 128 4 1 2 2 1 1 1 1 1 1 1 1 1 1 1 1 1 13 98 104 104 69 1 1 1 1 1 1 1 1 252 237 1 1 1 1 1 5 1 1 1 1 1 1 1 1 21 252 255 255 255 255 234 1 1 1 1 1 1 1 253 23 220 240 95 1 1 1 1 1 1 1 1 219 1 1 1 1 1 250 230 52 1 1 1 1 0 1 1 1 1 1 2 1 1 1 1 1 1 1 1 1 0 1 18 1 0 1 1 1 31 132 136 36 1 1 1 3 212 249 3 1 1 1 1 0 0 0 0 0 0 0 0 0 1 1 17 229 226 30 1 172 231 1 1 1 1 44 54 1 1 1 1 0 0 1 1 1 1 1 0 0 0 1 65 33 1 0 0 0 1 49 8 0 0 0 0 0 0 0 0 0 0 1 0 0 0 0 0 0 0 0 0 1 1 1 1 1 1 1 1 0 0 0 0 0 0 0 0 0 0 0 0 0 0 0 0 0 1 0 0 0 0 0 0 0 0 0 0
1 2 3 1 7 1 1 1 0 1 1 1 1 0 0 10 41 6 106 94 102 93 30 1 50 52 15 11 15 6 1 1 11 49 116 150 120 32 2 1 1 1 2 11 89 105 87 13 2 1 1 0 0 1 1 1 7 21 1 1 0 1 1 1 0 1 1 2 42 1 1 1 0 0 1 1 1 1 1 1 1 1 1 1 1 3 2 2 3 4 4 4 4 5 5 3 2 0 1 253 255 2 1 1 1 2 3 5 6 8 11 14 17 26 90 56 56 57 57 58 58 56 54 52 51 47 39 29 23 19 52 23 1 1 1 1 1 1 1 1 1 1 1 1 1 1 1 1 1 1 1 1 6 100 50 1 4 1 10 4 1 1 1 1 1 1 1 1 59 92 1 3 0 0 1 0 0 0 0 0 1 1 1 1 66 140 14 1 1 7 3 1 1 1 68 1 1 1 0 0 0 0 0 0 0 0 0 0 1 1 1 0 1 0 1 1 1 1 1 3 181 230 88 1 1 1 1 0 1 1 1 1 1 0 0 0 0 1 2 2 1 1 1 1 5 83 98 1 0 0 0 0 0 0 0 0 1 255 1 1 1 6 3 1 3 37 6 105 72 1 1 1 1 2 39 116 39 6 4 10 112 193 225 227 224 210 180 165 161 161 159 158 154 74 3 2 2 2 1 1 1 2 1 1 16 105 53 1 1 1 1 1 44 255 87 1 0 1 1 1 5 1 1 1 1 2 245 255 255 255 255 253 37 2 1 1 1 1 1 1 1 1 1 253 1 1 2 224 231 9 1 1 1 1 1 7 212 1 1 1 1 1 71 250 218 2 1 0 1 1 0 1 3 61 54 30 3 1 1 1 1 1 1 1 0 0 1 25 1 0 1 1 0 0 1 1 88 139 113 152 240 215 247 1 1 1 1 1 1 1 0 0 0 1 0 1 1 1 127 239 175 1 1 1 1 197 247 6 1 1 15 87 1 0 0 0 1 0 1 1 1 0 0 0 0 0 21 68 2 0 0 0 0 0 1 79 1 0 0 0 0 0 0 0 0 0 1 0 0 0 0 0 0 1 1 1 1 1 1 1 1 1 1 1 1 1 1 1 0 0 0 0 0 0 0 0 0 0 0 0 1 1 0 0 0 0 0 0 0 0 0 0
1 1 1 7 3 1 0 0 0 0 0 0 0 0 12 36 24 93 1 1 1 1 79 112 70 1 1 14 10 16 16 62 124 115 47 2 1 1 1 2 17 93 105 77 5 1 1 1 1 0 0 0 0 0 0 0 1 3 30 2 0 0 1 1 1 0 1 29 7 1 1 1 1 1 5 8 8 7 7 7 7 6 5 4 5 4 4 3 1 1 1 1 1 2 7 11 4 1 1 139 255 22 18 39 22 17 14 11 8 6 5 3 2 2 12 1 1 1 1 1 1 1 1 1 1 1 1 1 1 1 1 26 21 1 1 0 0 0 0 0 0 0 0 1 1 1 1 1 1 1 1 62 97 5 1 1 3 1 1 10 4 1 1 1 1 8 18 117 119 1 3 1 0 0 1 0 0 0 1 1 1 1 18 140 74 1 1 1 1 15 1 1 1 1 4 57 1 1 0 0 0 0 0 0 0 0 1 1 1 0 0 1 1 1 1 1 1 2 137 232 143 2 1 1 1 1 1 1 1 0 0 0 0 0 0 0 0 0 0 2 2 1 1 1 61 120 2 0 0 0 0 0 0 0 0 0 1 255 2 1 1 1 2 5 6 8 43 128 196 104 65 60 59 77 137 177 190 190 186 181 120 3 33 134 17 36 106 94 4 3 3 3 7 97 161 154 48 4 2 1 1 1 1 1 1 1 30 105 5 1 1 24 30 255 18 1 1 1 1 1 1 4 1 1 251 255 255 255 98 5 2 1 1 1 1 1 1 1 1 1 0 1 1 253 1 1 1 1 102 253 244 4 2 1 1 111 155 1 1 1 1 1 1 244 238 109 1 1 1 1 0 1 60 1 1 9 33 50 24 1 1 1 1 0 0 0 1 5 22 1 1 0 0 0 0 0 1 1 13 238 2 85 252 55 1 1 1 1 1 1 1 1 1 1 1 1 3 213 234 86 1 1 1 1 1 1 55 248 2 1 1 70 28 1 0 0 1 1 1 1 0 0 0 0 1 9 61 14 1 0 0 0 0 0 1 9 44 1 0 0 0 0 0 0 0 0 1 0 0 0 0 1 1 1 1 1 1 0 0 0 0 0 0 1 1 1 1 1 1 1 1 1 0 0 0 0 0 0 0 0 1 1 0 0 0 0 0 0 0 0 0 0
0 1 3 8 1 0 0 0 0 0 0 0 1 19 32 138 152 1 1 1 1 1 101 44 83 30 2 2 16 70 109 49 3 1 1 1 2 6 78 106 70 4 1 1 0 1 1 1 0 0 0 0 0 0 0 0 1 1 1 27 2 1 0 0 1 1 7 30 1 1 5 8 7 6 2 1 1 1 0 0 1 1 1 1 1 0 1 2 1 1 2 2 2 1 1 3 26 18 33 141 255 211 208 211 29 1 1 1 1 1 1 1 1 1 10 1 1 1 1 1 1 1 1 1 0 0 0 1 1 1 1 1 31 14 1 1 1 1 1 1 1 1 1 1 1 1 1 1 1 13 105 30 1 1 1 3 1 1 1 1 11 4 1 2 115 132 119 23 1 1 3 1 0 0 1 0 1 1 1 1 2 109 120 3 1 1 1 0 3 9 1 1 1 1 1 17 34 1 1 1 0 0 0 0 1 1 1 0 1 1 1 1 1 1 1 2 88 230 187 4 1 1 1 1 1 1 1 0 0 0 0 0 0 0 0 0 0 0 1 1 2 3 1 1 142 37 1 1 0 0 0 0 0 0 0 0 1 248 245 1 1 0 0 0 1 1 1 4 23 130 157 161 160 147 81 13 1 1 1 1 1 1 1 15 129 73 12 99 28 1 1 1 1 1 2 10 115 159 161 117 14 1 1 1 1 1 1 1 119 137 101 66 1 255 34 1 1 1 1 1 1 6 41 255 255 154 1 1 1 1 1 1 1 1 0 1 1 1 1 1 1 1 1 253 1 1 0 1 193 92 216 253 204 2 2 206 21 1 1 0 0 1 1 5 251 225 16 1 1 1 1 1 66 1 1 1 1 1 7 46 1 1 1 1 0 0 1 1 4 8 0 0 0 0 0 0 0 1 1 232 80 239 242 245 239 200 29 1 1 1 1 1 1 1 1 65 234 212 9 1 1 1 1 1 1 1 1 171 230 1 1 6 65 25 1 1 1 1 1 0 1 1 1 1 44 64 17 1 1 1 1 1 1 1 1 1 206 22 1 1 1 0 0 0 1 1 1 1 0 0 1 1 1 1 1 0 0 0 0 0 0 0 0 0 0 0 0 1 1 1 1 1 1 1 0 0 0 0 0 0 1 0 0 0 0 0 0 0 0 0 0 0
0 1 12 1 0 0 0 0 0 0 0 1 27 28 165 80 14 113 28 1 1 97 15 1 10 83 40 22 77 14 2 1 1 1 3 57 105 92 11 1 1 1 1 0 1 1 1 1 1 1 0 0 0 0 1 1 1 2 1 1 28 1 0 0 0 5 36 1 2 7 2 1 1 0 0 0 0 0 0 0 0 1 2 2 1 0 1 2 2 1 1 0 0 0 0 1 1 23 126 44 255 2 1 14 195 211 126 3 1 1 1 1 1 1 10 1 1 0 1 1 0 0 0 0 0 1 1 1 0 1 1 1 1 39 8 1 1 0 0 0 0 1 1 1 1 1 1 2 83 83 3 1 1 1 1 4 1 1 0 1 1 22 117 139 45 1 1 1 1 1 3 1 0 0 1 1 1 1 1 39 141 28 1 1 1 1 0 1 14 1 1 0 0 1 1 1 41 11 1 1 0 0 1 1 1 0 1 1 1 1 1 1 1 1 37 225 212 11 1 1 1 1 1 1 1 0 0 0 0 0 0 0 0 0 0 0 1 1 1 1 1 9 32 117 128 1 0 1 0 0 0 0 0 0 0 0 0 2 255 1 1 1 0 0 0 0 0 1 1 1 1 1 1 1 1 1 0 0 1 1 1 1 1 1 1 62 112 6 112 22 2 2 3 2 1 1 1 1 2 55 148 167 157 53 2 1 1 10 8 3 32 61 1 254 165 1 1 1 1 1 1 255 255 255 1 1 1 1 1 1 0 1 1 1 1 1 1 1 1 1 1 0 1 253 1 1 1 1 224 4 3 4 247 253 102 217 1 0 1 1 1 1 1 1 178 249 198 2 1 1 1 49 10 1 1 1 1 0 1 2 48 19 1 1 1 1 1 1 7 5 0 0 0 0 0 0 0 1 1 235 249 180 1 1 107 218 247 234 177 14 1 1 1 1 178 237 134 1 1 1 1 1 0 0 1 1 1 1 249 1 1 1 8 70 70 57 32 11 5 10 31 58 65 86 55 10 1 1 1 1 1 1 22 190 245 248 229 250 1 1 1 1 1 1 1 1 1 1 1 1 1 1 0 0 0 0 0 0 0 0 0 0 0 0 0 0 0 0 0 0 1 1 1 1 1 0 0 0 0 1 1 0 0 0 0 0 0 0 0 0 0 0
1 12 1 0 0 0 0 0 0 0 1 36 35 176 29 1 1 1 63 113 110 4 1 1 1 6 124 166 10 1 1 2 50 105 101 28 1 1 0 0 0 1 1 0 1 1 0 1 1 1 1 0 0 1 1 1 2 1 1 1 1 27 1 0 3 41 1 1 7 1 1 0 0 0 0 0 0 0 0 0 0 0 2 1 0 0 1 1 0 0 0 0 0 0 0 0 1 9 115 2 255 1 1 1 1 2 143 211 191 19 1 1 1 1 9 1 1 0 0 1 1 1 0 0 1 1 1 0 0 0 0 1 1 1 46 6 1 1 0 0 1 1 1 1 1 1 33 108 14 1 1 1 1 1 1 4 1 1 0 1 35 133 46 2 1 1 1 0 1 1 3 1 0 1 1 1 1 5 129 98 1 1 0 0 0 0 0 1 14 1 1 0 0 0 1 1 1 64 2 1 1 1 1 0 0 0 1 1 1 1 1 1 12 213 224 34 1 1 1 0 1 1 1 1 0 0 0 0 0 0 0 0 0 0 1 1 1 1 1 25 120 100 81 6 34 2 0 1 0 0 0 0 0 0 0 0 0 1 255 1 0 1 0 0 0 0 0 1 1 1 1 1 1 1 1 1 1 1 1 0 1 0 0 0 1 1 5 108 8 100 130 128 127 127 19 2 2 1 1 1 1 1 5 113 165 150 51 8 1 1 1 2 45 231 251 1 1 1 1 43 255 255 111 53 1 1 1 1 1 1 1 1 1 1 1 1 1 0 0 1 1 1 1 253 1 1 1 32 219 1 1 1 1 30 252 253 25 1 1 1 1 1 1 1 1 245 234 117 1 2 61 4 1 1 1 1 1 0 1 2 4 2 25 4 1 0 1 1 22 1 0 0 0 0 0 0 0 1 119 250 99 1 1 1 1 1 3 137 227 247 231 172 205 229 227 40 1 1 1 1 1 0 0 0 0 0 1 1 249 4 1 1 1 1 29 41 68 94 103 96 69 40 34 14 1 1 5 102 229 248 248 248 247 224 64 1 1 178 234 1 0 1 1 1 0 0 0 0 0 0 0 0 0 0 0 0 0 0 0 0 0 0 0 0 0 0 0 0 0 0 0 0 0 1 1 1 1 0 0 1 0 0 0 0 0 0 0 0 0 0 0 0
14 2 1 0 0 0 0 0 0 1 46 50 176 7 1 1 1 1 1 1 1 0 0 0 1 1 26 127 9 35 101 102 35 2 1 1 0 0 0 0 0 0 1 1 1 1 0 0 1 1 1 1 0 1 0 1 1 1 1 1 0 2 24 3 46 1 1 7 1 1 0 0 0 0 0 0 0 0 0 0 0 0 1 0 0 1 1 0 0 0 0 0 0 0 0 0 1 18 104 1 255 2 0 1 1 1 1 1 43 202 209 102 3 3 5 1 1 1 1 1 0 1 1 1 1 1 0 0 0 0 0 0 1 1 1 48 5 1 1 1 1 1 1 1 3 98 59 1 1 1 1 1 1 1 1 3 1 0 0 1 141 2 1 4 1 1 0 0 1 2 1 1 1 1 1 1 82 135 8 1 1 1 1 1 0 0 1 10 2 1 1 0 0 0 0 1 1 2 67 1 1 0 0 0 1 1 1 1 1 1 4 187 231 82 2 1 1 1 1 1 1 1 1 0 0 0 0 0 0 0 0 0 0 1 1 1 1 14 113 84 2 1 3 7 45 1 1 1 0 0 0 0 0 0 0 0 0 1 255 1 0 1 0 0 0 0 0 0 0 0 0 0 0 0 0 0 0 0 0 0 0 0 0 1 0 1 1 4 110 12 2 1 1 3 98 124 127 128 105 8 1 1 1 1 1 18 147 153 21 1 1 1 9 100 255 14 1 1 255 255 255 5 1 65 56 1 1 1 1 1 1 1 1 1 1 0 0 0 0 1 1 1 3 253 1 1 1 219 22 1 1 1 1 1 2 92 249 240 14 1 1 1 1 1 1 3 250 225 95 60 1 1 1 1 0 1 1 0 1 1 1 3 1 11 20 3 5 22 4 1 0 0 0 0 0 0 1 1 235 242 1 1 1 1 1 1 1 1 1 5 162 225 74 185 2 1 1 1 1 0 0 0 0 0 0 0 1 1 188 226 1 1 1 1 1 1 1 1 1 1 2 26 188 245 248 248 248 241 166 18 2 1 1 1 1 1 0 1 250 1 1 0 0 0 0 0 0 0 0 0 0 0 0 0 0 0 0 0 0 0 0 0 0 0 0 0 0 0 0 0 0 0 0 0 0 0 1 1 1 1 0 0 0 0 0 0 0 0 0 0 0 0
1 1 0 0 0 0 0 0 2 52 75 167 2 0 1 1 0 0 0 0 0 1 1 1 1 1 1 110 140 106 54 1 0 1 0 0 0 0 0 0 0 0 1 1 1 0 0 0 0 0 1 1 1 1 1 2 1 1 1 1 1 1 8 59 1 1 4 2 0 0 0 0 0 0 0 0 0 0 0 0 0 0 0 0 1 1 0 0 0 0 0 0 0 0 0 0 2 71 37 1 255 30 1 0 1 1 1 1 1 1 5 161 210 189 21 2 1 1 1 1 1 1 1 1 1 0 0 1 1 1 1 1 1 1 1 1 50 3 1 1 1 1 1 49 109 7 1 1 1 1 1 1 1 0 3 1 1 0 1 2 140 1 1 1 4 1 1 0 1 3 1 1 1 1 18 140 57 1 1 0 0 0 0 1 1 0 1 15 1 1 1 1 0 0 0 0 1 1 8 46 1 1 0 1 1 1 1 1 3 149 233 141 2 1 1 1 1 1 1 1 1 1 1 1 1 0 0 1 0 0 0 0 1 1 1 1 7 121 15 18 41 41 30 21 16 1 0 0 0 0 0 0 0 0 0 0 0 1 250 243 1 1 0 0 0 0 0 0 0 0 0 0 0 0 0 0 0 0 0 0 0 0 0 1 1 0 1 1 2 106 106 72 20 4 2 1 1 1 14 110 113 84 12 4 7 5 2 4 129 75 1 1 1 19 255 255 224 255 255 53 1 4 1 1 21 103 82 2 2 63 65 64 63 60 48 27 7 2 1 1 0 1 84 252 1 1 1 227 1 1 1 1 1 1 6 1 1 108 249 235 6 1 1 1 1 1 93 251 225 23 1 1 1 1 1 0 1 1 1 1 1 1 1 1 1 15 8 1 1 0 0 0 1 0 0 0 1 135 250 104 1 1 1 1 1 0 0 1 1 1 1 64 187 136 1 1 1 1 0 0 0 0 0 0 0 0 0 1 1 239 175 2 1 1 2 7 93 228 248 248 248 248 225 80 4 1 1 1 1 1 1 1 0 0 0 0 0 1 251 1 1 0 0 0 0 0 0 0 0 0 0 0 0 0 0 0 0 0 0 0 0 0 0 0 0 0 0 0 0 0 0 0 0 0 0 0 0 1 1 0 0 0 0 0 0 0 0 0 0 0 0 0
0 1 0 0 0 0 0 4 52 104 151 1 1 1 0 0 0 0 0 1 1 1 1 1 1 1 1 2 100 136 50 1 1 1 0 0 1 1 1 1 1 1 1 1 0 0 0 0 0 1 1 1 1 1 2 1 1 1 0 1 1 1 37 1 1 4 5 1 0 0 0 0 0 0 0 0 0 0 0 0 0 0 0 0 0 0 0 0 0 0 0 0 0 0 0 0 5 114 3 1 255 245 1 1 1 0 0 1 1 1 1 1 2 76 210 217 102 3 1 1 1 1 1 1 1 1 1 0 0 0 0 1 1 1 1 1 2 52 2 1 1 8 108 44 1 1 1 1 1 1 1 1 1 1 4 1 1 1 1 36 96 1 1 1 1 4 1 1 1 3 1 1 2 115 121 3 1 1 0 0 0 0 0 0 1 1 4 4 1 1 1 1 0 0 0 1 1 1 1 29 22 1 1 1 1 1 2 101 231 178 4 1 1 1 1 1 1 1 1 1 1 1 1 1 1 1 1 1 1 1 1 1 1 1 1 14 156 65 26 9 1 1 1 1 1 0 0 0 0 0 0 0 0 0 0 0 0 1 3 255 1 1 1 0 0 0 0 0 0 0 0 0 0 0 0 0 0 0 0 0 0 0 0 0 1 1 0 0 1 1 6 32 87 113 121 111 25 2 1 1 4 29 102 101 68 183 199 197 114 89 118 1 1 3 255 255 255 252 1 1 1 1 4 2 1 1 6 97 101 4 1 1 1 1 2 10 32 50 58 60 61 60 236 254 155 40 5 227 1 1 0 1 1 1 7 1 1 1 1 149 249 231 4 1 1 1 121 233 251 204 7 1 1 1 1 1 0 0 1 1 1 1 1 1 1 1 1 1 1 1 1 0 1 0 0 1 1 235 242 1 1 1 1 1 1 0 0 0 1 1 1 1 1 1 1 1 1 1 0 0 0 0 0 0 0 0 0 0 1 1 230 249 249 249 249 249 243 187 28 2 1 1 1 1 1 1 1 1 1 0 0 0 0 0 0 0 0 1 248 43 1 1 0 0 0 0 0 0 0 0 0 0 0 0 0 0 0 0 0 0 0 0 0 0 0 0 0 0 0 0 0 0 0 0 0 0 0 1 0 0 0 0 0 0 0 0 0 0 0 0 0 0
1 0 0 0 0 0 7 45 131 129 1 1 1 0 0 0 0 1 1 1 1 1 1 1 1 1 1 1 3 106 80 41 1 1 1 1 1 1 1 1 1 1 1 1 1 0 0 0 1 1 1 1 1 1 2 1 0 1 0 1 1 35 2 0 1 7 1 0 0 0 0 0 0 0 0 0 0 0 0 0 0 0 0 0 0 0 0 0 0 0 0 0 0 0 0 0 5 124 1 1 255 255 1 0 0 0 0 1 1 1 1 1 1 1 1 8 176 220 178 13 1 1 1 1 1 1 1 1 1 0 0 0 1 1 1 1 1 2 51 3 65 95 3 1 1 1 0 0 1 1 1 0 0 1 4 1 1 0 0 124 19 1 1 1 1 1 4 1 1 3 1 54 142 25 1 1 1 0 0 0 0 0 0 0 0 1 12 1 1 1 1 1 1 1 1 1 0 1 1 1 54 5 1 1 1 43 225 209 10 1 1 1 1 1 1 1 1 1 1 1 1 1 1 1 1 1 1 1 1 1 1 1 1 1 32 141 21 1 1 1 1 1 0 0 0 0 0 0 0 0 0 0 0 0 0 0 0 1 1 255 1 0 1 0 0 0 0 0 0 0 0 0 0 0 0 0 0 0 0 0 0 0 0 0 0 1 1 1 0 1 1 1 1 1 1 3 78 115 105 29 4 3 2 80 166 21 3 2 114 191 176 182 3 242 255 253 1 1 1 1 1 1 1 1 4 5 1 1 16 1 1 1 1 1 1 1 1 1 0 0 1 1 253 236 138 211 223 198 5 4 3 3 4 6 7 1 1 1 1 1 1 161 249 221 4 79 121 1 233 249 189 3 1 1 1 1 1 0 1 1 1 1 1 1 1 0 1 1 1 2 2 1 1 0 1 1 142 250 99 1 1 1 1 0 0 0 0 0 0 1 1 1 1 1 1 1 1 0 0 0 0 0 0 0 0 0 0 0 0 0 1 1 6 3 1 1 1 1 1 1 1 0 0 0 0 1 1 0 0 0 0 0 0 0 0 0 1 0 22 249 166 1 0 0 0 0 0 0 0 0 0 0 0 0 0 0 0 0 0 0 0 0 0 0 0 0 0 0 0 0 0 0 0 0 0 0 0 0 0 0 0 0 0 0 0 0 0 0 0 0 0 0
2 1 0 0 0 11 38 152 97 1 1 0 0 0 0 1 1 1 1 1 1 1 1 1 1 1 1 1 1 45 66 111 121 2 1 1 1 1 0 0 1 1 1 1 1 1 1 1 1 1 1 1 1 2 1 1 0 1 1 1 40 2 0 0 2 4 0 0 0 0 0 0 0 0 0 0 0 0 0 0 0 0 0 0 0 0 0 0 0 0 0 0 0 0 0 0 3 129 1 1 249 255 1 0 0 0 0 1 0 1 0 0 0 1 1 1 1 2 97 213 212 77 3 1 1 1 1 1 1 1 1 1 1 1 1 1 1 1 84 218 45 1 1 1 1 0 0 1 1 0 1 0 0 2 2 1 1 0 0 3 127 144 93 1 1 1 1 4 2 15 135 88 1 1 1 1 0 0 0 0 0 0 0 0 0 2 8 1 1 1 1 1 1 1 0 0 0 1 1 1 1 69 2 13 214 223 35 1 1 1 1 1 1 1 24 115 113 93 103 83 16 105 157 165 168 88 65 63 54 5 1 1 9 128 135 3 1 1 1 1 0 0 0 0 0 0 0 0 0 0 0 0 0 0 0 0 0 1 1 255 1 0 1 0 0 0 0 0 0 0 0 0 0 0 0 0 0 0 0 0 0 0 0 0 0 0 0 1 1 1 0 1 1 1 1 1 1 1 5 73 111 115 120 208 255 255 255 255 250 73 131 245 255 255 251 1 1 1 0 0 1 1 1 1 1 1 4 15 5 1 1 1 1 1 1 1 1 1 1 1 1 1 255 18 1 1 1 4 1 1 1 1 3 1 1 0 1 1 1 1 1 1 1 185 249 228 1 1 1 242 246 181 2 1 1 1 1 1 0 0 0 0 1 1 0 1 1 1 1 1 1 2 2 1 1 1 236 242 1 1 1 1 1 1 0 0 0 0 0 1 1 0 1 1 1 1 1 1 0 0 0 0 0 0 0 0 0 0 0 0 0 0 0 0 0 0 0 0 0 0 0 0 0 1 1 1 0 0 0 0 0 0 0 0 0 0 1 1 1 2 251 2 1 0 0 0 0 0 0 0 0 0 0 0 0 0 0 0 0 0 0 0 0 0 0 0 0 0 0 0 0 0 0 0 0 0 0 0 0 0 0 0 0 0 0 0 0 0 0 0 0 0
4 3 2 1 14 35 166 57 1 1 0 0 0 1 1 1 2 1 1 1 1 1 1 1 0 0 1 1 3 1 1 1 27 140 7 1 0 1 1 1 1 1 0 0 1 1 1 1 1 0 1 0 1 1 1 1 1 1 1 41 4 0 0 0 4 2 1 0 0 0 0 0 0 0 0 0 0 0 0 0 0 0 0 0 0 0 0 0 0 0 0 0 0 0 0 0 3 128 1 1 115 255 1 0 0 0 0 0 0 1 1 1 1 1 0 0 0 1 1 1 16 188 220 152 8 1 1 1 1 1 1 1 1 1 1 1 8 193 189 101 186 3 1 1 1 1 1 1 0 0 1 1 0 4 1 1 0 0 0 1 1 1 52 108 1 1 1 2 109 136 6 1 1 1 0 0 0 0 0 0 0 0 0 0 1 10 1 1 0 1 1 1 1 1 0 1 1 1 1 1 1 13 210 232 84 2 1 1 1 1 1 1 48 116 83 3 4 13 6 20 132 75 8 3 54 38 1 1 3 48 67 140 151 32 1 0 1 0 0 0 0 0 0 0 0 0 0 0 0 0 0 0 0 0 0 0 0 1 0 253 238 0 1 0 0 0 0 0 0 0 0 0 0 0 0 0 0 0 0 0 0 0 0 0 0 0 0 0 0 1 1 1 1 1 1 1 1 1 1 1 1 1 245 255 255 3 49 255 255 255 255 255 255 10 1 1 1 1 1 1 1 1 1 1 1 0 1 16 3 4 2 2 2 1 1 1 1 1 1 1 1 1 255 2 1 1 1 3 1 1 1 0 3 1 1 0 1 0 0 1 1 1 1 1 1 164 221 11 1 2 244 244 184 2 1 1 1 1 1 1 0 1 1 1 1 1 1 1 1 0 1 1 1 2 2 155 250 92 1 0 1 1 1 1 0 0 0 0 0 0 1 1 0 1 1 1 0 1 1 0 0 0 0 0 0 0 0 0 0 0 0 0 0 0 0 0 0 0 0 0 0 1 1 1 0 0 0 0 0 0 0 0 0 0 0 0 0 1 0 1 249 2 1 0 0 0 0 0 0 0 0 0 0 0 0 0 0 0 0 0 0 0 0 0 0 0 0 0 0 0 0 0 0 0 0 0 0 0 0 0 0 0 0 0 0 0 0 0 0 0 0 0
3 0 1 34 31 169 30 1 0 0 0 0 1 1 2 1 1 1 1 0 0 0 1 1 1 1 2 2 1 0 1 1 1 5 140 28 1 1 1 1 1 0 0 0 1 1 2 2 1 1 1 1 2 1 0 1 1 1 1 14 19 1 0 1 6 1 0 0 0 0 0 0 0 0 0 0 0 0 0 0 0 0 0 0 0 0 0 0 0 0 0 0 0 0 0 0 3 120 1 1 18 255 1 0 0 0 0 0 0 0 0 0 0 0 0 0 0 1 1 1 1 1 3 133 217 201 47 2 1 1 1 1 1 1 2 123 215 57 1 1 83 174 2 1 1 1 0 0 0 0 0 1 1 4 1 1 1 0 0 0 1 1 2 147 1 1 18 139 63 5 1 1 1 0 0 0 0 0 0 0 0 0 0 0 1 11 1 1 1 1 0 1 1 1 1 1 1 1 1 2 147 218 166 133 1 1 1 1 1 1 4 117 54 2 1 1 1 1 1 25 9 1 1 1 44 82 5 2 4 7 70 55 1 1 1 1 1 0 0 0 0 0 0 0 0 0 0 0 0 0 0 0 0 0 0 0 0 0 0 37 255 0 1 0 0 0 0 0 0 0 0 0 0 0 0 0 0 0 0 0 0 0 0 0 0 0 0 0 0 0 0 0 0 0 1 1 1 1 1 1 1 255 255 232 1 1 1 1 1 2 3 6 223 1 1 0 1 1 0 1 1 1 0 1 0 0 1 10 1 1 1 1 1 3 4 2 1 1 1 1 1 1 255 1 1 1 2 1 0 1 1 1 2 1 1 1 1 0 0 1 1 1 1 1 1 1 6 219 136 1 2 244 244 200 5 1 1 1 1 1 1 1 1 1 1 1 1 1 1 1 1 1 1 1 1 238 241 1 1 0 0 1 1 1 1 1 0 0 0 0 0 1 1 1 1 1 0 0 1 1 1 0 0 0 0 0 0 0 0 0 0 0 0 0 0 0 0 0 0 0 0 0 1 1 1 1 0 0 0 0 0 0 0 0 0 0 1 1 1 24 249 1 1 0 0 0 0 0 0 0 0 0 0 0 0 0 0 0 0 0 0 0 0 0 0 0 0 0 0 0 0 0 0 0 0 0 0 0 0 0 0 0 0 0 0 0 0 0 0 0 0 0
1 0 18 22 165 33 1 1 1 0 1 1 1 1 1 1 1 1 0 0 0 0 0 0 1 1 2 1 0 0 0 0 0 1 1 124 50 1 1 1 1 1 1 1 2 2 1 1 2 1 1 1 1 0 0 0 0 1 1 1 14 21 1 1 7 1 0 0 0 0 0 0 0 0 0 0 0 0 0 0 0 0 0 0 0 0 0 0 0 0 0 0 0 0 0 0 68 42 1 1 3 255 1 0 0 0 0 0 0 0 0 0 0 0 0 0 0 0 1 1 1 1 1 1 1 43 200 218 139 7 2 1 2 26 207 161 2 1 1 1 1 112 160 2 1 1 1 0 0 0 0 0 1 4 1 1 1 1 1 1 1 1 120 106 2 117 118 2 1 1 4 1 1 0 0 0 0 0 0 0 0 0 0 0 6 3 1 1 0 0 0 1 1 1 1 1 1 1 103 218 137 2 1 123 59 1 1 1 1 22 119 4 1 0 1 1 0 1 18 18 1 1 1 1 1 17 97 103 101 88 22 1 1 0 0 0 0 0 0 0 0 0 0 0 0 0 0 0 0 0 0 0 0 0 0 0 0 0 4 26 255 0 1 0 0 0 0 0 0 0 0 0 0 0 0 0 0 0 0 0 0 0 0 0 0 0 0 0 0 0 0 0 0 0 1 1 1 1 1 18 255 255 6 1 1 1 1 1 1 1 1 38 208 1 1 1 1 1 1 1 1 1 1 1 0 1 14 1 0 1 1 1 1 0 1 2 4 4 4 3 4 2 255 1 1 0 3 1 1 1 1 1 2 1 1 1 1 0 0 1 0 0 0 0 1 1 1 1 156 209 2 2 239 249 218 14 1 1 1 1 1 1 1 1 1 1 1 0 0 0 0 0 1 1 168 250 87 1 0 0 0 1 1 1 1 1 0 0 0 0 0 0 0 0 0 1 1 0 0 0 1 1 1 0 0 0 0 0 0 0 0 0 0 0 0 0 0 0 1 1 1 1 0 0 0 1 1 0 0 0 0 0 0 0 0 0 0 0 1 249 12 1 1 0 0 0 0 0 0 0 0 0 0 0 0 0 0 0 0 0 0 0 0 0 0 0 0 0 0 0 0 0 0 0 0 0 0 0 0 0 0 0 0 0 0 0 0 0 0 0 0 0
1 15 25 144 74 1 0 0 1 1 1 1 1 1 1 1 0 0 0 0 1 1 1 1 1 2 1 0 0 0 0 0 0 1 1 1 149 4 1 1 1 2 2 1 1 0 0 1 1 2 1 2 1 0 0 0 1 1 0 1 1 12 23 1 7 1 0 0 0 0 0 0 0 0 0 0 0 0 0 0 0 0 0 0 0 0 0 0 0 0 0 0 0 0 0 1 128 2 1 1 1 255 1 0 0 0 0 0 0 0 0 0 0 0 0 0 0 1 1 1 0 0 0 0 1 1 1 4 145 217 200 71 161 206 20 1 1 1 0 1 1 1 131 146 1 1 1 1 1 0 0 0 2 2 1 0 0 0 1 1 1 1 131 70 140 21 1 1 1 0 1 5 1 1 0 0 0 0 0 0 0 0 0 1 12 1 0 0 0 0 0 1 1 1 1 1 61 216 174 4 1 1 1 1 162 7 1 36 122 86 2 1 0 0 0 0 1 18 20 1 1 1 1 1 0 1 1 1 1 1 0 0 0 0 0 0 0 0 0 0 0 0 0 0 0 0 0 0 0 0 0 0 0 0 0 0 0 1 41 1 255 1 1 0 0 0 0 0 0 0 0 0 0 0 0 0 0 0 0 0 0 0 0 0 0 0 0 0 0 0 0 0 0 1 1 1 1 1 209 255 255 1 1 1 1 1 1 1 1 1 1 6 224 1 1 1 1 1 0 0 1 1 1 0 0 1 14 0 1 1 0 1 1 1 1 1 1 1 1 1 1 2 255 3 1 1 3 1 1 1 1 2 1 1 0 1 0 0 1 1 0 0 0 0 0 0 1 1 1 39 224 42 2 230 250 232 42 1 1 1 1 1 1 0 1 1 1 0 0 0 0 0 1 1 240 238 1 1 0 0 0 0 1 1 1 1 0 0 0 0 0 0 0 0 0 1 1 1 1 1 1 0 0 1 1 1 0 0 0 0 0 0 1 1 1 1 0 0 0 0 1 1 1 0 0 0 1 1 0 0 0 0 0 0 0 0 0 1 217 218 1 1 0 0 0 0 0 0 0 0 0 0 0 0 0 0 0 0 0 0 0 0 0 0 0 0 0 0 0 0 0 0 0 0 0 0 0 0 0 0 0 0 0 0 0 0 0 0 0 0 0 0
16 26 106 125 1 0 0 1 1 2 1 1 1 1 0 0 0 0 0 0 1 0 0 0 3 1 0 0 0 0 0 0 0 1 1 1 95 62 2 2 2 1 1 0 0 0 0 0 0 1 1 1 0 0 0 0 1 0 1 1 0 1 10 27 7 0 0 0 0 0 0 0 0 0 0 0 0 0 0 0 0 0 0 0 0 0 0 0 0 0 0 0 0 0 0 1 132 1 0 1 1 255 2 1 0 0 0 0 0 0 0 0 0 0 0 0 0 1 1 1 1 1 1 1 1 1 1 1 1 1 45 189 119 1 1 1 1 1 0 0 1 1 1 146 131 1 1 1 1 1 1 1 4 1 1 0 0 0 1 1 1 6 216 119 1 1 1 1 1 1 1 1 5 1 1 0 1 1 1 1 1 1 1 2 7 1 0 0 1 1 1 1 1 1 22 211 194 8 1 1 1 1 1 1 4 166 3 123 2 1 1 1 1 1 0 1 23 16 1 1 1 1 1 1 1 1 1 1 0 0 0 0 0 0 0 0 0 0 0 0 0 0 0 0 0 0 0 0 0 0 0 0 0 0 0 0 1 39 1 0 253 205 1 0 0 0 0 0 0 0 0 0 0 0 0 0 0 0 0 0 0 0 0 0 0 0 0 0 0 0 0 1 1 0 1 1 1 255 255 252 1 1 1 1 1 1 1 1 1 1 1 4 121 160 1 1 1 0 0 0 0 0 1 1 1 9 1 0 1 1 0 0 1 1 1 1 1 1 1 1 1 6 255 1 2 2 3 1 0 0 1 2 1 1 0 1 0 0 1 1 0 0 1 0 0 1 1 1 1 1 2 209 183 2 189 251 239 143 1 1 1 1 1 1 1 1 0 0 0 0 0 1 1 174 250 77 1 0 0 0 0 0 0 1 1 1 0 0 0 0 0 0 0 0 0 0 0 1 1 0 1 0 0 0 0 1 1 1 1 1 1 1 1 0 0 0 0 0 1 1 1 1 1 1 0 0 0 1 1 1 0 0 0 0 0 0 0 15 250 1 1 0 0 0 0 0 0 0 0 0 0 0 0 0 0 0 0 0 0 0 0 0 0 0 0 0 0 0 0 0 0 0 0 0 0 0 0 0 0 0 0 0 0 0 0 0 0 0 0 0 0 0
24 70 149 1 0 0 1 1 1 1 1 1 0 0 0 0 0 0 0 1 1 0 0 1 2 0 0 0 0 0 0 0 0 0 1 1 121 30 0 1 1 0 1 1 1 0 0 0 0 1 1 1 1 1 0 1 1 1 1 0 0 0 1 8 49 2 1 0 0 0 0 0 0 0 0 0 0 0 0 0 0 0 0 0 0 0 0 0 0 0 0 0 0 0 0 2 129 1 0 1 1 255 109 1 0 0 0 0 0 0 0 0 0 0 0 0 0 1 0 0 0 0 0 1 1 1 1 1 1 1 1 1 1 1 1 1 1 0 0 0 0 1 1 1 160 111 1 1 1 1 1 1 4 1 1 1 1 1 1 1 96 149 81 86 1 1 1 1 1 1 0 1 1 5 1 1 0 0 0 1 1 1 1 11 1 1 1 1 1 1 1 1 6 191 213 26 1 1 1 1 1 1 1 1 1 33 212 7 1 1 1 1 0 0 1 22 14 1 1 1 1 1 1 1 1 0 0 0 0 0 0 0 0 0 0 0 0 0 0 0 0 0 0 0 0 0 0 0 0 0 0 0 0 0 0 0 22 5 1 0 15 255 1 0 0 0 0 0 0 0 0 0 0 0 0 0 0 0 0 0 0 0 0 0 0 0 0 0 0 1 1 1 0 1 1 3 255 255 45 1 1 1 1 1 1 1 1 1 0 1 4 1 4 222 1 0 0 0 0 0 0 0 0 1 1 12 0 0 1 1 1 1 1 1 1 1 1 1 1 1 1 227 254 1 1 1 1 1 0 0 1 2 1 1 0 1 1 1 1 0 0 0 1 0 0 1 0 0 1 1 1 1 100 230 161 71 251 249 221 4 1 1 0 1 1 1 0 0 0 0 1 1 1 241 237 1 1 0 0 0 0 0 0 1 1 1 0 0 0 0 0 0 0 0 0 0 0 0 0 0 1 0 0 0 0 0 0 0 0 0 0 0 0 0 0 0 0 1 1 0 0 0 0 1 1 0 0 0 0 1 1 1 1 1 0 0 1 250 13 1 1 0 0 0 0 0 0 0 0 0 0 0 0 0 0 0 0 0 0 0 0 0 0 0 0 0 0 0 0 0 0 0 0 0 0 0 0 0 0 0 0 0 0 0 0 0 0 0 0 0 0 0
76 155 1 0 1 1 2 1 1 1 0 0 0 0 0 0 0 0 0 1 0 0 0 2 1 0 0 0 0 0 0 0 0 0 1 1 157 1 0 0 1 1 0 1 1 1 1 0 1 1 1 0 1 1 1 1 0 0 1 0 0 0 0 1 5 51 3 1 1 0 0 0 0 0 0 0 0 0 0 0 0 0 0 0 0 0 0 0 0 0 0 0 0 0 0 6 114 1 0 1 1 255 255 1 0 0 0 0 0 0 0 0 0 0 0 0 1 1 0 0 0 0 0 0 0 0 0 1 1 1 1 1 1 1 1 1 1 1 0 0 0 0 1 1 2 176 83 1 1 1 1 1 4 1 0 1 1 1 22 157 64 1 1 113 20 1 1 2 1 0 0 1 1 1 5 1 1 1 1 1 0 0 1 10 1 1 1 1 1 1 3 161 218 78 1 1 1 1 1 1 1 1 1 1 1 1 156 131 1 1 1 1 1 1 41 12 1 1 1 0 0 0 0 0 0 0 0 0 0 0 0 0 0 0 0 0 0 0 0 0 0 0 0 0 0 0 0 0 0 0 0 0 0 0 0 8 18 0 1 1 1 255 1 0 0 0 0 0 0 0 0 0 0 0 0 0 0 0 0 0 0 0 0 0 0 0 0 0 1 1 0 0 1 1 112 255 255 1 1 1 1 1 1 1 1 1 1 1 0 3 2 1 4 222 1 1 0 0 0 1 1 1 0 0 1 11 0 0 0 0 0 1 1 1 0 1 1 1 1 0 1 255 114 1 1 1 1 1 1 1 1 2 1 1 1 1 1 1 1 1 0 1 1 0 1 1 0 0 0 1 1 1 1 26 141 227 216 244 250 243 90 1 1 1 1 1 1 0 0 1 1 1 181 250 65 1 0 0 0 0 0 0 0 0 1 0 0 0 0 0 0 0 0 0 0 0 0 0 0 0 1 0 0 0 0 0 0 0 0 0 0 0 0 0 0 0 1 1 0 0 0 0 0 0 1 1 1 1 0 0 1 1 0 1 1 1 216 217 1 1 0 0 0 0 0 0 0 0 0 0 0 0 0 0 0 0 0 0 0 0 0 0 0 0 0 0 0 0 0 0 0 0 0 0 0 0 0 0 0 0 0 0 0 0 0 0 0 0 0 0 0 0
148 1 0 1 1 1 1 1 0 0 0 0 0 0 0 0 0 0 1 1 0 0 0 2 1 0 0 0 0 0 0 0 0 0 1 56 103 1 1 0 0 1 1 1 1 1 1 1 1 1 0 0 0 1 1 1 1 1 1 1 1 1 0 0 1 4 41 4 2 1 0 1 1 0 1 1 1 0 0 0 1 1 0 0 0 0 0 0 0 0 0 0 0 0 1 9 109 1 0 1 1 255 255 1 0 0 0 0 0 0 0 0 0 0 0 0 1 1 0 0 0 0 0 0 0 0 0 0 0 0 0 0 0 0 1 1 0 1 1 1 1 0 1 1 1 2 190 50 1 1 1 2 2 1 1 1 2 132 133 2 1 1 1 57 58 1 1 1 1 1 1 1 0 1 1 5 1 1 0 0 0 1 7 2 1 1 1 1 2 120 219 127 2 1 1 1 1 1 1 1 1 1 1 1 1 1 1 215 41 1 1 1 10 45 2 1 1 0 1 1 0 0 0 0 0 0 0 0 0 0 0 0 0 0 0 0 0 0 0 0 0 0 0 0 0 0 0 0 0 0 0 0 0 0 2 36 1 0 0 1 1 255 1 1 0 0 0 0 0 0 0 0 0 0 0 0 0 0 0 0 0 0 0 0 0 0 0 1 1 0 1 1 1 252 255 255 1 1 1 0 1 1 1 1 1 0 0 1 1 6 1 1 47 201 1 0 0 0 0 0 1 1 1 1 1 10 0 0 0 0 0 0 0 0 0 1 1 1 1 1 1 255 4 1 1 1 1 1 1 1 1 2 0 0 0 0 0 0 1 1 1 1 1 0 1 1 1 1 0 0 1 1 1 24 1 1 43 225 250 255 253 230 2 1 1 1 1 1 1 1 1 2 243 236 1 1 0 0 0 0 0 0 0 0 1 0 0 0 0 0 0 0 0 0 0 0 0 0 0 0 1 0 0 0 0 0 0 0 0 0 0 0 0 0 0 0 1 0 0 0 0 0 1 1 1 1 1 1 1 1 2 10 10 2 1 4 250 1 1 0 0 0 0 0 0 0 0 0 0 0 0 0 0 0 0 0 0 0 0 0 0 0 0 0 0 0 0 0 0 0 0 0 0 0 0 0 0 0 0 0 0 0 0 0 0 0 0 0 0 0 0 0
1 1 1 2 1 1 1 0 0 0 0 0 0 0 0 0 0 0 1 1 0 0 0 2 1 1 0 0 0 0 0 0 0 0 1 158 1 1 1 0 0 0 1 1 1 1 1 1 1 1 0 0 0 1 0 0 0 0 0 0 0 1 0 0 1 1 1 30 12 1 1 1 1 1 1 1 1 1 0 1 1 1 0 0 0 0 0 0 0 0 0 0 0 0 1 44 65 1 1 1 1 242 255 1 0 0 0 0 0 0 0 0 0 0 0 0 1 1 0 0 0 0 0 0 0 0 0 0 0 0 0 0 0 1 1 0 0 0 0 1 1 1 1 1 1 1 4 198 31 1 1 4 1 1 1 65 158 25 1 1 1 1 1 77 44 1 1 1 0 0 1 1 1 1 1 1 5 1 1 1 1 1 13 1 1 1 1 60 216 167 4 1 1 1 1 1 1 1 1 1 0 0 0 1 1 0 1 82 213 5 7 46 27 1 1 0 0 0 0 1 0 0 0 0 0 0 0 0 0 0 0 0 0 0 0 0 0 0 0 0 0 0 0 0 0 0 0 0 0 0 0 0 0 1 43 1 0 0 0 1 0 253 188 1 0 0 0 0 0 0 0 0 0 0 0 0 0 0 0 0 0 0 0 0 0 1 1 1 1 1 1 1 255 255 173 1 1 0 0 1 1 1 1 1 0 0 0 1 1 6 2 1 199 50 1 0 0 0 0 0 0 0 1 1 1 10 0 0 0 0 0 0 0 1 1 1 8 29 29 28 34 255 77 14 2 1 1 1 1 1 1 2 0 0 0 0 0 0 0 1 1 1 1 1 1 1 0 1 0 0 1 1 12 3 0 0 1 1 1 19 253 255 248 139 1 1 1 1 1 1 1 192 250 49 1 0 0 0 0 0 0 0 0 0 1 0 0 0 0 0 0 0 0 0 0 0 0 0 0 0 1 1 0 0 0 0 0 0 0 0 1 1 0 0 0 1 1 0 0 0 0 1 1 1 0 0 0 1 5 10 5 1 1 4 10 248 57 1 0 0 0 0 0 0 0 0 0 0 0 0 0 0 0 0 0 0 0 0 0 0 0 0 0 0 0 0 0 0 0 0 0 0 0 0 0 0 0 0 0 0 0 0 0 0 0 0 0 0 0 0 0 0
1 1 2 1 1 0 0 0 0 0 0 0 0 0 0 0 0 0 1 1 0 0 0 2 0 1 1 0 0 0 0 0 0 0 7 148 1 1 1 1 0 0 1 1 1 1 1 1 1 1 1 0 1 0 0 0 0 0 0 0 0 1 0 0 1 1 0 1 16 26 1 2 1 0 0 0 0 1 1 1 1 1 0 0 0 0 0 0 0 0 0 0 0 0 2 100 11 1 1 1 1 73 255 1 0 0 0 0 0 0 0 0 0 0 0 1 1 1 0 0 0 0 0 0 0 0 0 0 0 0 0 0 0 1 0 0 0 0 0 0 0 0 0 1 1 1 1 6 198 70 1 4 1 6 151 99 1 1 1 1 1 1 29 105 75 1 2 1 1 1 1 1 1 1 1 1 1 5 1 1 1 3 6 1 1 20 206 196 10 1 1 1 1 1 1 0 0 0 0 0 0 0 0 0 1 1 0 5 104 218 33 1 1 1 0 0 0 0 0 1 1 0 0 0 0 0 0 0 0 0 0 0 0 0 0 0 0 0 0 0 0 0 0 0 0 0 0 0 0 0 0 0 1 34 2 0 0 0 0 0 0 22 255 1 0 0 0 0 0 0 0 0 0 0 0 0 0 0 0 0 0 0 0 0 1 1 1 1 1 1 25 255 255 1 1 1 0 1 1 1 1 1 0 0 0 0 0 0 1 3 3 1 214 9 1 0 0 0 0 0 0 0 1 0 1 11 1 1 1 1 0 0 1 1 0 1 17 1 1 1 178 255 66 125 126 109 107 88 30 5 3 2 1 1 1 1 0 0 0 0 0 1 1 1 1 1 1 0 0 1 1 1 24 1 0 0 0 1 1 1 1 146 255 253 232 3 1 1 1 1 2 248 226 1 1 0 0 0 0 0 0 0 0 0 1 0 0 0 0 1 0 0 0 0 0 0 0 0 0 0 0 1 1 0 0 0 0 0 0 1 1 1 1 1 1 1 0 0 0 1 1 1 0 0 0 1 9 10 2 1 0 0 0 0 1 250 1 1 0 0 0 0 0 0 0 0 0 0 0 0 0 0 0 0 0 0 0 0 0 0 0 0 0 0 0 0 0 0 0 0 0 0 0 0 0 0 0 0 0 0 0 0 0 0 0 0 0 0 0 0 0 0
2 1 1 1 0 0 0 0 0 0 0 0 0 0 0 0 0 0 0 1 0 0 0 2 1 1 1 0 0 0 0 0 0 0 7 153 2 1 1 1 1 1 1 0 0 1 1 1 0 1 1 1 1 0 0 0 0 0 0 0 0 1 0 1 1 0 0 0 1 7 36 1 1 0 0 0 0 1 1 0 0 1 0 0 0 0 0 0 0 0 1 1 1 1 5 112 2 1 1 1 1 8 255 1 0 0 0 0 0 0 0 0 0 0 0 1 1 0 0 0 0 0 0 0 0 0 0 0 0 0 0 0 0 1 1 0 0 0 0 0 0 0 0 0 0 0 1 1 2 178 124 8 99 151 6 1 1 1 1 1 1 100 104 89 2 1 2 1 1 1 1 1 1 1 1 1 1 1 5 1 1 12 1 6 188 214 36 1 1 1 1 1 1 1 1 1 0 0 0 0 0 0 0 0 0 1 0 1 74 103 165 1 0 1 1 0 0 0 0 0 1 0 0 0 0 0 0 0 0 0 0 0 0 0 0 0 0 0 0 0 0 0 0 0 0 0 0 0 0 0 0 0 14 11 0 0 0 0 0 0 0 1 255 1 0 0 0 0 0 0 0 0 0 0 0 0 0 0 0 0 0 0 0 1 1 1 1 1 1 239 255 255 1 1 1 1 1 1 1 1 1 0 0 0 0 0 0 0 1 1 9 1 53 202 1 1 0 1 1 0 0 0 1 0 0 3 11 9 4 1 1 1 1 1 1 5 4 1 1 134 251 253 1 23 2 1 2 9 60 98 110 45 38 15 1 1 1 1 0 0 0 1 1 0 1 1 1 1 1 1 1 15 2 0 0 0 0 0 1 1 1 1 1 250 255 239 25 1 1 1 200 250 15 1 0 0 0 0 0 0 0 0 0 1 1 0 0 0 0 1 0 0 0 0 0 0 0 0 0 0 0 0 1 1 1 1 1 1 1 0 1 1 1 0 0 0 1 1 1 1 0 0 1 3 10 8 1 1 0 0 0 0 0 0 1 250 1 0 0 0 0 0 0 0 0 0 0 0 0 0 0 0 0 0 0 0 0 0 0 0 0 0 0 0 0 0 0 0 0 0 0 0 0 0 0 0 0 0 0 0 0 0 0 0 0 0 0 0 0 0 0 0
1 1 1 0 0 0 0 0 0 0 0 0 0 0 0 0 0 0 0 1 0 0 0 2 1 1 0 0 0 0 0 0 0 1 2 49 160 63 1 1 1 1 1 0 0 0 0 1 1 0 0 1 1 0 0 0 0 0 0 0 1 0 1 1 0 0 0 1 1 0 2 40 4 1 0 1 1 1 0 0 0 1 1 1 1 0 0 0 0 0 1 0 0 1 6 113 1 0 1 1 1 9 255 1 0 0 0 0 0 0 0 0 0 0 0 1 1 0 0 1 1 0 0 0 0 0 0 0 0 0 0 0 0 1 0 0 0 0 0 0 0 0 0 0 0 0 0 1 1 2 235 237 167 68 53 36 24 15 10 6 25 127 3 3 2 2 3 2 2 2 1 1 1 1 1 1 1 1 2 6 2 25 155 217 85 1 1 1 1 1 0 0 0 0 1 1 1 0 0 0 0 0 0 0 0 1 1 1 10 47 181 70 1 0 1 1 0 0 0 0 1 1 0 0 0 0 0 0 0 0 0 0 0 0 0 0 0 0 0 0 0 0 0 0 0 0 0 0 0 0 0 4 26 1 0 0 0 0 0 0 0 1 255 1 0 0 0 0 0 0 0 0 0 0 0 0 0 0 0 0 0 0 0 1 1 1 1 1 255 255 238 1 1 1 1 1 1 1 1 1 1 0 0 0 0 0 0 0 1 1 10 1 1 114 168 1 1 0 1 1 1 1 1 0 1 1 1 1 3 9 11 11 11 7 5 11 1 2 134 59 255 201 24 3 1 0 1 1 1 2 41 1 1 11 39 30 1 1 1 1 1 1 1 1 1 1 1 1 1 1 1 23 1 0 0 0 0 0 0 0 1 1 1 1 175 255 236 22 1 3 250 212 1 1 0 0 0 0 0 0 0 0 0 1 1 0 0 0 0 1 0 0 0 0 0 0 0 0 0 0 0 0 1 1 0 0 0 1 1 1 1 0 0 1 1 1 1 1 0 0 0 2 10 3 1 1 0 0 0 0 0 0 0 0 0 250 1 0 0 0 0 0 0 0 0 0 0 0 0 0 0 0 0 0 0 0 0 0 0 0 0 0 0 0 0 0 0 0 0 0 0 0 0 0 0 0 0 0 0 0 0 0 0 0 0 0 0 0 0 0 0 0
1 0 0 0 0 0 0 0 0 0 0 0 0 0 0 0 0 0 0 1 1 1 1 2 1 0 0 0 0 0 0 0 1 2 0 1 1 108 152 11 1 1 0 0 0 0 0 0 1 1 1 1 0 0 0 0 0 0 0 1 1 0 1 1 0 0 0 1 1 0 0 1 35 7 1 1 1 0 0 1 1 1 1 1 1 1 0 0 0 1 1 1 1 1 7 113 1 0 1 1 1 85 255 1 0 0 0 0 0 0 0 0 0 0 0 1 1 1 1 1 1 0 0 0 0 0 0 0 0 0 0 0 1 1 0 0 0 0 0 0 0 0 0 0 0 0 0 1 126 207 219 65 151 176 189 197 201 206 207 211 245 202 199 199 199 201 198 197 197 197 195 195 194 192 189 185 180 172 163 159 203 223 129 2 1 1 1 1 0 0 0 0 0 0 0 1 1 0 0 0 0 0 0 0 0 1 1 1 1 74 91 156 9 1 0 1 1 0 0 0 0 1 0 0 0 0 0 0 0 0 0 0 0 0 0 0 0 0 0 0 0 0 0 0 0 0 0 0 0 0 1 41 1 0 0 0 0 0 0 0 0 0 253 185 0 0 0 0 0 0 0 0 0 0 0 0 0 0 1 1 1 0 0 1 1 1 4 255 255 8 1 1 1 1 1 1 1 1 1 0 1 0 0 0 0 0 0 0 1 1 11 1 1 1 223 1 1 1 0 0 0 0 1 1 1 1 1 0 1 1 0 1 1 1 2 1 6 157 42 1 255 52 27 1 1 1 0 0 1 2 36 1 1 1 1 3 37 29 1 1 1 1 0 0 1 1 1 1 0 1 13 2 1 0 0 0 0 0 0 0 0 1 1 1 1 176 255 235 152 236 250 16 1 1 1 0 0 0 0 0 0 0 0 1 1 0 0 0 0 1 0 0 0 0 0 0 0 0 0 0 0 0 0 1 0 0 0 0 1 1 1 1 1 1 1 1 1 1 0 0 2 5 1 1 0 0 0 0 0 0 0 0 0 0 0 222 204 0 0 0 0 0 0 0 0 0 0 0 0 0 0 0 0 0 0 0 0 0 0 0 0 0 0 0 0 0 0 0 0 0 0 0 0 0 0 0 0 0 0 0 0 0 0 0 0 0 0 0 0 0 0 0
1 0 0 0 0 0 0 0 0 0 0 0 0 0 0 0 0 0 0 1 1 0 0 1 2 0 0 0 0 0 0 1 2 1 0 0 1 1 7 150 112 1 1 0 0 0 0 0 0 1 1 1 0 0 0 0 0 0 0 1 0 1 1 0 0 0 1 1 0 0 0 0 1 39 3 1 0 1 1 1 0 0 0 1 1 1 1 1 1 1 0 0 0 1 8 111 1 0 1 1 1 253 255 1 0 1 0 0 0 0 0 0 0 0 0 1 1 1 0 0 0 1 0 0 0 0 0 0 0 0 0 0 1 0 0 0 0 0 0 0 0 0 0 0 0 0 31 212 126 1 25 122 1 1 1 1 1 1 1 2 149 1 1 1 1 3 1 1 2 2 3 3 4 5 8 11 17 28 47 79 170 56 12 11 9 3 1 1 1 1 1 0 0 0 0 0 1 1 0 0 0 0 0 0 1 1 1 1 1 15 115 30 160 1 0 0 1 0 0 0 0 1 1 0 0 0 0 0 0 0 0 0 0 0 0 0 0 0 0 0 0 0 0 0 0 0 0 0 0 1 41 1 0 0 0 0 0 0 0 0 0 0 24 255 1 0 0 0 0 0 0 0 0 0 0 0 0 1 1 0 1 1 1 1 1 200 255 255 1 1 1 1 1 1 1 1 1 1 1 1 0 0 0 0 0 0 0 0 1 1 9 1 1 1 222 2 1 1 1 0 0 1 1 0 0 0 1 1 1 1 1 1 1 1 1 54 162 10 1 1 255 11 11 12 1 1 1 1 0 1 44 1 1 1 1 1 1 3 38 30 2 1 1 1 1 1 1 1 1 1 2 16 1 0 0 0 0 0 0 0 0 0 1 1 1 1 247 253 250 233 253 8 1 1 1 1 1 0 0 0 0 0 1 1 0 0 0 0 0 1 0 0 0 0 0 0 0 0 0 0 0 0 1 1 1 0 0 0 0 0 0 0 0 1 1 1 0 0 0 2 5 1 0 0 0 0 0 0 0 0 0 0 0 0 0 1 250 1 0 0 0 0 0 0 0 0 0 0 0 0 0 0 0 0 0 0 0 0 0 0 0 0 0 0 0 0 0 0 0 0 0 0 0 0 0 0 0 0 0 0 0 0 0 0 0 0 0 0 0 0 0 0
1 0 0 0 0 0 0 0 0 0 0 0 0 0 0 0 0 0 0 1 1 0 0 0 2 1 0 0 0 0 0 2 1 0 0 0 0 0 1 1 62 154 5 1 0 0 0 0 0 0 1 1 0 0 0 0 0 0 1 1 0 1 1 0 0 1 1 0 0 0 0 0 1 2 44 1 1 1 0 0 0 0 0 0 0 0 0 0 1 1 1 1 1 1 18 96 1 0 1 0 1 255 255 27 1 1 1 0 0 0 0 0 0 1 1 1 0 0 0 0 0 1 1 0 0 0 0 0 0 0 0 0 1 0 0 0 0 0 0 0 0 0 0 0 1 179 197 1 1 1 1 86 67 1 1 1 1 1 1 49 95 1 1 1 1 2 1 1 1 1 1 1 1 1 1 1 1 4 4 27 87 9 15 1 1 5 10 11 9 4 1 1 1 1 1 0 0 1 1 0 0 0 0 0 1 0 1 1 1 1 80 92 59 122 1 1 1 1 0 0 0 0 1 0 0 0 0 0 0 0 0 0 0 0 0 0 0 0 0 0 0 0 0 0 0 0 0 0 0 25 5 0 0 0 0 0 0 0 0 0 0 0 1 255 1 0 0 0 0 0 0 0 0 0 0 0 1 1 0 0 0 1 1 1 255 255 252 1 1 1 1 1 1 1 1 1 0 0 1 1 1 0 0 0 0 0 0 0 0 1 2 4 1 1 211 18 1 1 1 1 1 1 1 0 0 1 1 1 1 1 1 1 1 3 138 124 2 1 1 1 255 138 6 8 17 3 1 1 0 1 29 5 1 1 1 1 1 1 1 3 36 31 1 1 1 1 1 1 1 1 1 3 17 1 0 0 0 0 0 0 0 0 0 1 1 1 1 255 39 1 250 175 8 1 1 1 1 1 1 1 1 1 1 1 0 0 0 0 0 1 0 0 0 0 0 0 0 0 0 0 0 0 1 1 1 1 1 1 1 1 1 1 1 1 0 0 0 0 3 4 1 0 0 0 0 0 0 0 0 0 0 0 0 0 0 1 250 1 0 0 0 0 0 0 0 0 0 0 0 0 0 0 0 0 0 0 0 0 0 0 0 0 0 0 0 0 0 0 0 0 0 0 0 0 0 0 0 0 0 0 0 0 0 0 0 0 0 0 0 0 0 0
0 0 0 0 0 0 0 0 0 0 0 0 0 0 0 0 0 0 0 0 1 1 0 0 1 2 0 0 0 1 1 1 0 0 0 0 0 0 0 1 1 8 153 3 1 0 0 0 0 0 1 1 0 0 0 0 0 1 1 0 1 1 0 0 0 1 1 0 0 0 1 1 1 1 42 1 1 1 0 1 1 0 0 0 0 0 0 0 1 1 1 1 0 1 65 42 1 0 1 1 1 255 70 218 137 1 1 1 0 0 0 1 1 1 1 1 0 0 0 0 0 0 1 1 0 0 0 0 0 0 0 0 0 1 0 0 0 0 0 0 0 0 1 66 218 66 1 1 1 1 1 1 142 10 1 1 1 1 1 126 28 1 1 1 1 2 1 0 1 1 0 0 0 1 1 3 4 1 1 123 2 1 9 17 1 1 1 1 1 4 9 11 10 6 2 1 1 1 1 1 0 0 0 1 1 0 1 1 1 1 23 96 83 96 85 1 1 1 1 0 0 0 1 1 0 0 0 0 0 0 0 0 0 0 0 0 0 0 0 0 0 0 0 0 0 0 0 0 9 17 0 0 0 0 0 0 0 0 0 0 0 0 0 255 1 0 0 0 0 0 0 0 0 0 1 1 1 0 0 0 1 1 1 255 255 53 1 1 1 1 1 1 1 1 1 0 0 0 0 1 1 0 0 0 0 0 0 0 0 1 1 10 1 1 76 185 1 1 1 1 1 1 0 0 1 1 1 1 1 1 1 1 40 166 34 1 1 1 1 1 224 255 255 250 9 5 8 10 1 1 1 43 1 1 0 0 1 1 0 1 1 3 38 26 5 12 16 14 10 6 4 6 21 18 1 0 0 0 0 0 0 0 0 1 1 1 1 253 253 229 251 243 212 14 1 1 0 0 0 0 0 0 0 1 0 0 0 0 0 1 0 0 0 0 0 0 0 0 0 0 0 0 1 0 0 0 0 0 0 0 0 0 0 0 0 0 0 3 4 1 0 0 0 0 0 0 0 0 0 0 0 0 0 0 0 1 212 215 0 0 0 0 0 0 0 0 0 0 0 0 0 0 0 0 0 0 0 0 0 0 0 0 0 0 0 0 0 0 0 0 0 0 0 0 0 0 0 0 0 0 0 0 0 0 0 0 0 0 0 0 0 0
0 0 0 0 0 0 0 0 0 0 0 0 0 0 0 0 0 0 0 0 0 1 1 1 1 1 1 0 1 2 1 0 0 0 0 0 0 0 0 0 0 1 17 147 1 1 1 0 0 1 1 0 0 0 0 0 0 1 0 0 1 1 0 0 1 1 0 0 1 1 1 1 0 1 3 90 78 75 48 15 3 1 1 1 1 1 1 1 1 1 1 1 1 4 106 5 1 0 1 1 199 255 1 1 224 10 0 1 1 1 1 1 0 0 1 1 0 0 0 0 0 0 0 1 1 0 0 0 0 0 0 0 0 0 0 0 0 0 0 1 1 1 138 182 1 1 1 1 0 0 1 1 3 153 44 1 1 1 6 33 138 148 1 1 1 1 1 1 1 0 0 1 1 3 5 1 1 1 4 121 1 1 1 10 17 1 1 1 0 1 1 1 1 2 7 10 10 7 2 1 1 1 1 1 1 1 1 1 1 1 1 74 15 101 154 28 1 0 1 1 1 0 0 1 0 0 0 0 0 0 0 0 0 0 0 0 0 0 0 0 0 0 0 0 0 0 0 2 36 1 0 0 0 0 0 0 0 0 0 0 0 0 0 254 158 0 0 0 0 0 0 0 0 1 1 0 0 0 1 1 1 120 255 255 1 1 1 1 0 1 1 1 1 1 0 0 0 0 0 0 1 1 0 0 0 0 1 1 1 1 1 5 2 0 1 204 110 1 1 1 1 1 1 1 1 1 1 1 1 1 2 118 136 2 1 1 1 1 1 1 98 3 201 255 91 2 1 2 10 1 1 44 1 1 1 0 0 0 0 0 0 1 1 6 17 2 1 1 2 2 4 3 1 1 19 1 1 0 0 0 1 0 0 0 1 1 1 106 251 255 255 255 255 251 216 2 1 1 0 0 0 0 0 1 1 0 0 0 0 1 0 0 0 0 0 0 0 0 0 0 0 1 1 0 0 0 0 0 0 0 0 0 0 0 0 1 4 3 0 0 0 0 0 0 0 0 0 0 0 0 0 0 0 0 0 0 1 250 1 0 0 0 0 0 0 0 0 0 0 0 0 0 0 0 0 0 0 0 0 0 0 0 0 0 0 0 0 0 0 0 0 0 0 0 0 0 0 0 0 0 0 0 0 0 0 0 0 0 0 0 0 0
0 0 0 0 0 0 0 0 0 0 0 0 0 0 0 0 0 0 0 0 0 0 0 0 0 0 1 2 2 1 0 0 0 0 0 0 0 0 0 0 0 1 1 125 48 1 1 1 0 1 1 1 0 0 0 0 0 1 0 1 1 0 0 1 1 0 0 1 1 1 1 0 1 10 29 111 2 2 30 77 101 102 93 89 89 88 88 87 79 55 24 6 2 6 113 1 0 0 1 2 255 188 1 1 7 226 1 0 0 0 0 0 0 0 1 1 0 0 0 0 0 0 0 0 1 1 0 0 0 0 0 0 0 0 0 0 0 1 1 1 1 172 135 1 1 1 0 0 0 0 1 1 1 1 112 143 44 2 5 1 1 35 140 112 2 1 1 1 0 1 1 2 5 2 1 1 1 1 108 11 1 1 1 1 10 17 1 1 1 1 1 1 1 1 1 1 1 2 6 9 10 9 3 1 1 1 1 1 0 1 1 33 18 33 104 165 22 1 1 0 1 1 1 1 1 0 0 0 0 0 0 0 0 0 0 0 0 0 0 0 0 0 0 0 0 0 1 44 1 0 0 0 0 0 0 0 0 0 0 0 0 0 0 39 255 1 0 0 0 0 0 0 0 1 0 0 0 1 1 1 253 255 255 1 1 1 1 0 1 1 1 1 0 0 0 0 0 0 0 0 0 1 1 0 1 1 1 0 0 0 1 1 10 1 1 1 182 222 183 2 1 1 1 1 1 1 1 1 1 32 169 76 5 16 34 72 88 95 80 98 24 4 255 197 6 45 1 1 1 13 2 26 8 1 2 2 1 1 1 1 0 0 1 4 2 0 1 1 1 1 1 1 1 0 1 19 1 1 0 1 1 0 0 0 1 1 1 1 1 1 1 1 170 255 255 250 133 1 1 1 0 0 0 0 1 0 0 1 1 1 0 0 0 0 0 0 0 0 0 0 0 1 0 0 0 0 0 0 0 0 0 0 0 0 1 5 3 0 0 0 0 0 0 0 0 0 0 0 0 0 0 0 0 0 0 0 1 250 1 1 1 0 0 0 0 0 0 0 0 0 0 0 0 0 0 0 0 0 0 0 0 0 0 0 0 0 0 0 0 0 0 0 0 0 0 0 0 0 0 0 0 0 0 0 0 0 0 0 0 0 0 0
0 0 0 0 0 0 0 0 0 0 0 0 0 0 0 0 0 0 0 0 0 0 0 0 0 0 0 0 0 0 0 0 0 0 0 0 0 0 0 0 0 0 1 1 165 1 1 1 1 1 1 1 1 0 0 0 0 1 1 1 1 1 1 1 1 1 1 1 0 0 1 16 27 6 1 3 84 21 3 1 1 3 7 11 12 13 13 13 18 38 69 94 101 110 120 1 1 1 3 255 255 1 1 0 1 226 6 0 0 0 0 0 0 0 1 0 0 0 0 0 0 0 0 0 0 1 1 0 0 0 0 0 0 0 0 0 1 1 1 1 201 92 1 1 1 0 0 0 0 0 0 0 1 1 1 5 108 151 133 25 1 1 1 45 125 1 1 1 1 1 5 3 1 1 1 0 1 1 130 1 1 0 0 1 1 10 15 1 1 1 0 1 1 1 1 1 1 1 1 1 1 1 4 10 11 11 5 1 1 1 1 1 72 113 5 2 155 90 1 1 1 0 1 1 1 0 0 0 0 0 0 0 0 0 0 0 0 0 0 0 0 0 0 0 0 0 35 2 0 0 0 0 0 0 0 0 0 0 0 0 0 0 0 1 255 1 0 0 0 0 0 0 0 0 0 0 1 1 1 255 255 156 1 1 1 0 1 1 1 1 1 0 0 0 0 0 0 0 0 0 0 1 1 1 1 0 0 0 0 0 0 1 6 2 0 1 1 1 94 190 1 1 1 1 2 17 112 186 198 175 36 48 92 63 41 11 4 3 7 1 2 245 253 116 1 5 57 8 1 1 11 49 136 135 132 130 134 107 11 2 1 1 1 8 1 0 1 1 1 1 1 1 1 0 0 1 18 3 1 1 1 1 0 1 1 1 1 1 1 1 1 1 1 1 150 255 255 231 5 1 1 0 0 0 1 1 0 0 1 1 1 0 0 0 0 0 0 0 1 1 1 1 0 0 0 0 0 0 0 0 0 1 0 0 4 3 0 0 0 0 0 0 0 0 0 0 0 0 0 0 0 0 0 0 0 0 1 202 225 1 1 0 0 0 0 0 0 0 0 0 0 0 0 0 0 0 0 0 0 0 0 0 0 0 0 0 0 0 0 0 0 0 0 0 0 0 0 0 0 0 0 0 0 0 0 0 0 0 0 0 0 0
0 0 0 0 0 0 0 0 0 0 0 0 0 0 0 0 0 0 0 0 0 0 0 0 0 0 0 0 0 0 0 0 0 0 0 0 0 0 0 0 0 0 0 1 50 123 1 1 0 1 0 0 1 1 1 1 0 0 1 1 0 1 1 1 2 2 1 1 1 22 28 3 1 0 1 13 45 58 2 0 0 0 0 1 1 0 0 0 0 0 1 1 3 28 35 2 4 2 98 255 4 1 1 0 1 13 223 1 0 0 0 0 0 1 1 0 0 0 0 0 0 0 0 0 0 0 1 0 0 0 0 0 0 0 1 1 1 1 32 218 24 1 1 0 0 0 0 0 0 0 0 0 1 1 1 1 1 1 14 141 94 2 1 1 59 94 2 1 4 4 1 1 0 0 0 1 1 57 56 1 1 1 1 1 1 1 12 13 1 1 1 1 0 0 0 0 1 1 1 1 1 1 1 1 1 1 3 9 11 11 7 2 74 129 1 1 1 108 177 73 1 1 1 0 1 1 0 0 0 0 0 0 0 0 1 1 1 1 1 1 0 0 0 0 0 17 10 0 0 0 0 0 0 0 0 0 0 0 0 0 0 0 0 1 255 1 0 0 0 1 0 0 0 0 1 1 1 38 255 255 1 1 1 1 0 1 1 1 1 1 0 0 0 0 0 0 0 0 0 0 1 1 1 1 0 0 0 0 0 0 0 1 1 9 1 0 1 1 1 216 103 173 203 208 203 186 117 11 1 1 6 31 5 1 1 1 1 1 1 79 255 255 3 63 58 1 1 37 64 65 63 45 5 1 1 1 1 15 117 105 95 44 4 6 1 1 1 1 1 1 1 1 1 0 0 1 1 11 15 1 1 1 1 1 1 1 1 1 0 1 1 0 0 1 1 1 248 255 252 172 1 1 1 0 0 1 1 1 0 1 1 0 0 0 1 1 1 1 1 0 1 1 0 0 0 0 0 0 0 0 0 1 1 0 1 9 1 0 0 0 0 0 0 0 0 0 0 0 0 0 0 0 0 0 0 0 0 1 250 1 1 0 0 0 0 0 0 0 0 0 0 0 0 0 0 0 0 0 0 0 0 0 0 0 0 0 0 0 0 0 0 0 0 0 0 0 0 0 0 0 0 0 0 0 0 0 0 0 0 0 0 0
0 0 0 0 0 0 0 0 0 0 0 0 0 0 0 0 0 0 0 0 0 0 0 0 0 0 0 0 0 0 0 0 0 0 0 0 0 0 0 0 0 0 0 1 1 152 10 1 0 1 0 0 0 0 1 1 0 0 0 1 1 0 0 0 2 5 6 16 26 2 1 1 1 8 38 10 1 2 49 1 0 0 0 0 0 0 0 0 0 0 0 0 0 1 21 6 3 4 255 231 1 1 0 0 1 0 228 3 0 0 0 0 0 1 1 0 0 0 0 0 0 0 0 0 0 0 1 1 0 0 0 0 0 1 1 1 1 150 199 1 1 0 0 0 0 0 0 0 0 0 0 0 1 0 0 1 1 1 1 1 67 140 4 1 1 65 152 16 1 1 1 1 1 1 1 1 1 127 1 0 0 0 0 0 0 1 1 13 15 2 1 1 1 1 1 1 1 1 1 1 1 1 1 1 1 1 1 1 1 1 2 7 46 160 1 0 1 1 2 120 179 167 20 1 1 1 1 0 0 0 0 0 0 0 1 0 0 0 0 1 1 1 0 0 5 26 1 0 0 0 0 0 0 0 0 0 0 0 0 0 0 0 1 0 254 121 0 0 1 1 0 0 0 1 1 1 245 255 255 1 1 1 1 0 1 1 1 1 1 0 0 0 0 0 0 0 0 0 0 1 1 0 0 1 0 0 0 0 0 0 0 1 1 9 1 1 4 7 7 54 183 115 54 39 48 54 49 4 1 2 4 3 18 1 1 1 1 1 244 255 212 1 1 1 129 2 1 1 1 1 1 1 1 1 1 1 1 1 1 23 7 30 101 99 37 64 72 89 93 75 41 25 21 2 1 1 1 2 12 20 4 1 0 0 0 1 0 0 0 1 0 0 0 0 0 0 1 63 255 255 249 91 1 1 0 0 0 1 1 1 1 1 1 1 1 0 1 1 1 1 0 1 1 0 0 0 0 0 0 0 0 0 1 0 0 1 6 3 1 0 0 0 0 0 0 0 0 0 0 0 0 0 0 0 0 0 0 1 250 1 1 0 0 0 0 0 0 0 0 0 0 0 0 0 0 0 0 0 0 0 0 0 0 0 0 0 0 0 0 0 0 0 0 0 0 0 0 0 0 0 0 0 0 0 0 0 0 0 0 0 0 0
0 0 0 0 0 0 0 0 0 0 0 0 0 0 0 0 0 0 0 0 0 0 0 0 0 0 0 0 0 0 0 0 0 0 0 0 0 0 0 0 0 0 0 1 1 5 157 1 1 1 0 0 0 0 0 0 0 0 0 0 1 0 0 1 3 9 3 35 35 2 1 5 39 15 1 0 0 1 37 6 0 0 0 0 0 0 0 0 0 0 0 0 1 1 4 1 1 249 255 1 1 0 0 0 1 0 21 222 1 0 0 0 0 1 1 0 0 0 0 0 0 0 0 0 0 0 0 1 1 0 0 0 1 1 0 1 202 123 1 0 0 0 0 0 0 0 0 0 0 0 0 1 1 0 0 1 1 1 1 1 1 13 150 3 4 10 16 156 14 2 1 1 1 11 75 4 57 50 1 0 0 0 0 0 0 0 0 1 10 34 30 23 16 7 2 1 1 1 1 1 1 1 1 1 0 1 1 1 1 1 0 1 2 174 1 0 0 1 1 1 1 8 156 181 128 2 1 1 0 0 0 0 0 0 1 0 0 0 0 0 0 1 1 1 42 1 0 0 0 0 0 0 0 0 0 0 0 0 0 0 0 0 1 1 79 255 1 1 0 0 0 0 1 1 1 255 255 226 1 1 1 1 0 1 1 1 1 0 0 0 0 0 0 0 0 0 0 0 1 1 0 0 0 1 1 0 0 0 0 0 1 1 1 3 10 7 2 1 1 1 1 1 1 1 1 1 1 40 6 1 4 1 26 1 1 1 1 251 253 3 1 1 1 1 25 123 52 5 1 1 1 1 1 1 2 1 1 1 1 1 6 18 12 20 78 57 30 14 12 27 92 4 5 31 33 6 6 9 1 1 8 14 1 1 1 1 0 0 0 1 0 0 0 0 0 0 0 1 1 221 255 255 244 28 1 1 0 0 1 1 1 1 1 0 0 0 0 0 0 0 0 0 1 1 0 0 0 0 0 0 0 0 1 1 0 0 0 4 4 1 0 0 0 0 0 0 0 0 0 0 0 0 0 0 0 0 0 1 191 229 1 1 0 0 0 0 0 0 0 0 0 0 0 0 0 0 0 0 0 0 0 0 0 0 0 0 0 0 0 0 0 0 0 0 0 0 0 0 0 0 0 0 0 0 0 0 0 0 0 0 0 0
0 0 0 0 0 0 0 0 0 0 0 0 0 0 0 0 0 0 0 0 0 0 0 0 0 0 0 0 0 0 0 0 0 0 0 0 0 0 0 0 0 0 0 0 1 1 106 71 1 1 0 0 0 1 0 0 0 0 0 1 1 1 5 12 5 1 5 38 1 29 42 22 1 0 0 0 1 1 1 55 1 0 0 0 0 0 0 0 0 0 1 1 1 3 1 1 4 255 5 1 0 0 0 0 0 1 0 213 40 1 0 0 1 1 1 0 0 0 0 0 0 0 0 0 0 0 0 0 1 1 0 0 1 0 72 219 20 1 0 0 0 0 0 0 0 0 0 0 0 0 0 1 0 0 0 0 1 1 1 1 1 1 72 115 4 1 1 35 123 151 51 21 136 118 77 202 70 1 1 1 1 1 1 0 0 0 1 1 1 3 12 31 8 13 29 29 25 24 17 6 3 2 1 1 1 1 1 1 1 1 1 1 1 156 9 0 0 0 0 0 1 1 1 1 59 178 176 39 1 1 0 0 0 1 1 1 1 1 1 0 0 0 1 43 1 1 1 0 0 0 0 0 0 0 0 0 0 0 0 0 0 0 0 1 1 255 1 1 0 0 1 1 1 5 255 255 4 1 1 1 1 1 1 1 1 1 0 0 0 0 0 0 0 0 0 0 0 1 1 0 0 0 0 0 1 0 0 0 1 1 1 0 0 1 2 1 1 1 1 1 2 1 1 1 1 1 1 1 36 11 4 1 27 1 1 1 214 255 1 1 1 1 1 1 1 2 64 118 128 92 16 17 78 126 132 131 113 35 2 1 1 1 2 10 10 8 24 2 5 15 82 1 1 1 2 21 4 1 1 1 1 2 21 2 1 0 0 0 0 1 1 1 1 1 1 0 0 0 1 1 28 249 255 255 233 4 1 0 0 0 1 1 1 1 1 0 0 0 0 0 0 0 0 1 1 1 0 0 0 0 0 0 0 0 0 0 0 0 2 7 1 0 0 0 0 0 0 0 0 0 0 0 0 0 0 0 1 1 1 250 1 1 1 0 0 0 0 0 0 0 0 0 0 0 0 0 0 0 0 0 0 0 0 0 0 0 0 0 0 0 0 0 0 0 0 0 0 0 0 0 0 0 0 0 0 0 0 0 0 0 0 0
0 0 0 0 0 0 0 0 0 0 0 0 0 0 0 0 0 0 0 0 0 0 0 0 0 0 0 0 0 0 0 0 0 0 0 0 0 0 0 0 0 0 0 0 1 1 1 165 2 1 0 0 1 1 0 0 0 0 1 1 1 10 4 1 1 1 58 1 1 2 6 2 1 0 1 1 1 0 1 24 11 1 0 0 0 0 0 0 0 1 1 1 2 2 1 1 255 248 1 0 0 0 0 0 0 1 0 1 229 1 0 0 1 1 1 0 0 0 0 0 0 0 0 0 0 0 0 0 0 1 1 0 1 147 181 1 1 0 0 0 0 0 0 0 0 0 0 0 0 0 1 1 0 0 0 0 1 1 0 0 0 1 13 136 2 1 1 2 1 2 93 121 27 139 141 91 102 3 37 148 144 18 1 1 1 1 2 9 69 76 57 24 61 75 73 76 9 1 3 10 17 22 26 27 26 24 19 16 22 24 25 23 9 44 131 1 0 0 0 1 1 1 1 1 1 1 2 142 183 173 39 1 1 1 1 1 1 0 1 1 1 1 28 4 0 0 0 1 1 0 0 0 0 0 0 0 0 0 0 0 0 0 0 1 0 255 1 0 0 1 1 1 216 255 255 1 1 1 1 1 1 1 1 1 1 0 0 0 0 0 0 0 0 0 0 0 1 1 1 0 0 0 0 0 1 1 1 1 1 1 0 0 0 0 1 1 1 2 1 1 1 1 0 0 0 0 1 1 1 28 22 23 8 1 1 1 255 13 1 1 0 0 1 1 1 1 1 1 1 26 105 104 39 3 1 1 9 84 122 25 1 1 1 1 1 1 2 16 7 3 65 18 2 1 2 1 12 2 1 1 0 1 1 15 4 1 0 0 0 0 0 0 0 0 1 1 1 0 1 10 9 1 11 252 255 254 217 1 1 1 1 0 0 0 1 1 1 1 1 1 1 0 0 0 0 1 1 0 0 0 0 0 0 0 0 0 0 0 0 1 8 1 0 0 0 0 0 0 0 0 0 0 0 0 0 1 1 0 1 250 1 1 0 1 1 0 0 0 0 0 0 0 0 0 0 0 0 0 0 0 0 0 0 0 0 0 0 0 0 0 0 0 0 0 0 0 0 0 0 0 0 0 0 0 0 0 0 0 0 0 0 0
0 0 0 0 0 0 0 0 0 0 0 0 0 0 0 0 0 0 0 0 0 0 0 0 0 0 0 0 0 0 0 0 0 0 0 0 0 0 0 0 0 0 0 0 0 1 1 28 139 1 1 1 1 0 0 0 0 1 2 7 10 2 1 1 1 49 3 1 3 4 1 1 3 1 1 0 0 0 1 3 68 1 0 0 0 0 0 1 1 1 1 2 2 1 1 239 255 1 1 1 0 0 0 0 0 1 0 0 37 216 1 0 1 0 1 0 0 0 0 0 0 0 0 0 0 0 0 0 0 0 1 1 164 128 1 1 0 0 0 0 0 0 0 0 0 0 0 1 1 1 1 0 0 0 0 0 0 0 0 1 1 1 1 80 99 2 1 2 1 1 1 12 151 6 1 1 80 145 122 8 15 140 156 123 139 159 156 143 87 82 69 41 4 15 45 62 130 4 1 1 1 1 1 1 1 1 2 3 1 1 1 2 9 61 151 1 1 0 1 1 0 0 0 0 0 1 1 1 1 4 142 181 183 177 147 150 169 172 165 125 6 22 10 1 0 0 0 0 0 1 1 0 0 0 0 0 0 0 0 0 0 0 1 1 1 254 92 1 1 1 1 255 255 250 1 1 1 1 0 1 1 1 1 0 0 0 0 0 0 0 0 0 0 0 0 1 1 1 0 0 0 0 0 0 0 1 1 1 1 0 0 0 1 1 1 1 1 1 1 0 0 0 0 0 0 0 0 1 1 1 1 1 1 1 1 1 255 5 1 1 1 0 1 1 1 1 1 1 1 1 1 1 1 1 1 1 1 1 2 94 108 24 5 1 1 1 1 1 1 1 1 72 7 1 1 2 1 8 9 1 1 0 1 1 10 5 1 1 0 0 0 0 0 0 0 0 1 1 2 24 1 1 1 1 80 255 255 252 197 1 1 1 1 0 0 0 0 0 0 0 1 1 0 0 0 0 1 1 0 0 0 0 0 0 0 0 0 0 0 0 1 7 1 0 0 0 0 0 0 0 0 0 0 0 0 1 0 0 0 191 229 1 1 0 1 1 1 1 1 1 1 1 0 0 0 0 0 0 0 0 0 0 0 0 0 0 0 0 0 0 0 0 0 0 0 0 0 0 0 0 0 0 0 0 0 0 0 0 0 0 0 0
0 0 0 0 0 0 0 0 0 0 0 0 0 0 0 0 0 0 0 0 0 0 0 0 0 0 0 0 0 0 0 0 0 0 0 0 0 0 0 0 0 0 0 0 0 0 1 1 141 24 1 1 1 0 1 1 9 10 5 3 1 0 1 1 25 15 0 2 2 0 0 0 1 3 1 0 0 1 3 1 31 18 1 1 0 0 1 1 1 1 1 2 1 1 2 255 15 1 0 1 1 0 0 0 0 1 0 0 0 124 180 1 1 0 1 0 0 0 0 0 0 0 0 0 0 0 0 0 0 0 1 132 144 1 1 0 0 0 0 0 0 0 0 0 0 1 1 1 1 0 0 0 0 0 0 0 0 1 1 1 0 0 1 1 59 124 4 3 3 1 1 144 3 1 1 1 1 1 1 1 1 1 2 32 14 1 1 1 1 1 1 16 81 55 12 4 33 140 107 1 1 3 6 4 100 132 129 127 124 126 128 141 138 82 18 65 1 1 1 0 0 0 0 0 0 0 0 1 1 1 1 1 1 2 30 28 6 3 6 54 167 155 1 1 1 0 0 0 0 0 1 1 0 0 0 0 0 0 0 0 1 1 1 0 0 109 254 1 1 2 255 255 42 1 1 1 1 1 1 1 1 1 0 0 0 0 0 0 0 0 0 0 0 0 1 1 1 0 0 0 0 0 0 0 0 1 1 0 0 0 0 0 1 0 0 0 0 0 0 0 0 0 0 0 0 0 0 0 1 1 1 1 1 1 1 1 220 255 60 1 1 1 1 1 1 1 1 1 1 1 1 1 1 1 1 1 1 1 1 1 10 96 122 130 51 1 1 2 1 0 1 11 35 40 1 1 2 1 1 12 1 0 0 1 1 8 10 1 1 1 1 1 0 0 0 0 0 1 35 1 1 1 0 1 2 1 158 255 255 252 168 1 1 1 1 0 0 0 0 0 0 0 1 0 0 0 0 1 0 0 0 0 0 0 0 0 0 0 0 0 0 2 4 1 0 0 0 0 0 0 0 0 0 0 1 0 0 0 0 1 250 1 1 1 1 1 164 249 250 250 245 1 1 0 0 0 0 0 0 0 0 0 0 0 0 0 0 0 0 0 0 0 0 0 0 0 0 0 0 0 0 0 0 0 0 0 0 0 0 0 0 0
1 0 0 0 0 0 0 0 0 0 0 0 0 0 0 0 0 0 0 0 0 0 0 0 0 0 0 0 0 0 0 0 0 0 0 0 0 0 0 0 0 0 0 0 0 0 0 1 2 163 1 1 1 1 5 8 1 1 1 2 0 0 1 5 41 1 1 5 0 0 1 0 0 1 3 1 1 3 1 1 1 81 1 0 0 0 1 1 1 1 1 2 1 1 255 253 1 1 0 0 1 1 0 0 0 1 0 0 0 1 174 135 1 0 1 0 0 0 0 0 0 0 0 0 0 0 0 0 0 1 27 201 1 1 1 0 0 0 0 0 0 0 1 1 1 1 1 0 0 0 0 0 0 0 0 0 1 1 0 0 0 0 1 1 1 26 140 30 7 17 127 53 3 8 22 38 37 13 4 2 1 1 1 1 0 0 0 0 0 1 1 1 1 4 2 1 1 1 31 133 90 135 127 139 57 8 10 7 9 11 8 2 10 98 2 11 73 2 1 1 1 0 0 0 0 0 0 0 0 0 1 1 1 1 1 1 1 1 1 1 1 147 197 122 1 1 1 0 0 0 0 1 1 1 0 0 0 0 0 1 1 0 1 1 1 1 255 1 183 255 255 1 1 1 1 1 1 1 1 1 1 0 0 0 0 0 0 0 0 0 0 0 0 1 1 1 0 0 0 0 0 0 0 1 1 1 0 0 0 0 0 0 0 0 0 0 0 0 0 0 0 0 0 0 0 0 0 0 1 1 1 1 1 1 1 1 1 122 255 188 1 1 1 1 1 1 1 1 1 1 1 1 1 1 1 1 1 0 0 1 1 1 1 1 67 104 15 1 1 1 1 3 6 20 84 30 1 1 1 6 2 1 1 1 0 1 8 18 5 1 1 1 1 1 1 0 1 24 2 1 1 1 1 1 1 1 1 1 121 255 255 249 120 1 1 1 1 0 0 0 0 0 0 1 1 0 0 1 0 0 0 0 0 0 0 0 0 0 0 0 0 1 4 2 0 0 0 0 0 0 0 0 0 1 1 0 0 0 0 0 140 249 194 190 248 250 235 6 1 1 92 249 121 1 0 0 0 0 0 0 0 0 0 0 0 0 0 1 0 0 0 0 0 0 0 0 0 0 0 0 0 0 0 0 0 0 0 0 0 0 1 1
3 1 0 0 0 0 0 0 0 0 0 0 0 0 0 0 0 0 0 0 0 0 0 0 0 0 0 0 0 0 0 0 0 0 0 0 0 0 0 0 0 0 0 0 0 0 0 0 1 74 105 1 1 1 9 0 0 1 1 2 1 1 1 58 1 1 1 3 2 1 1 0 0 1 1 3 3 1 0 1 4 43 23 0 0 1 1 1 1 1 1 2 1 222 255 1 1 0 0 0 0 1 1 0 0 1 1 0 0 1 1 232 1 0 1 0 0 0 0 0 0 0 0 0 0 0 0 0 0 1 219 1 1 1 0 0 0 0 0 0 1 1 1 1 0 0 0 0 0 0 0 0 0 0 1 1 1 0 0 0 0 0 0 1 1 1 4 120 148 209 196 171 169 164 152 139 141 157 166 168 146 15 1 1 1 1 1 1 1 2 4 1 1 1 7 2 2 1 2 52 37 1 1 1 2 2 1 2 2 2 1 1 2 10 89 3 8 76 20 1 1 1 1 1 1 0 0 0 0 0 0 0 1 1 0 0 0 1 1 1 1 1 1 106 197 170 3 1 1 0 0 0 0 1 1 0 0 0 1 1 0 0 0 1 1 1 255 255 255 254 1 1 1 1 1 1 1 1 1 1 0 0 0 0 0 0 0 0 0 0 0 0 1 1 1 0 0 0 0 0 0 0 1 1 0 0 0 0 0 0 0 0 0 0 0 0 0 0 0 0 0 0 0 0 0 0 0 0 1 1 1 1 1 0 0 1 1 1 17 255 250 45 15 5 3 3 3 3 2 1 1 1 1 1 1 1 1 1 1 1 0 1 1 1 1 13 114 104 5 1 1 1 1 1 1 33 90 24 2 3 7 1 1 1 1 3 1 1 6 18 19 14 2 1 1 1 4 19 1 0 0 1 1 1 1 1 1 1 1 1 197 255 255 244 61 1 1 1 0 0 0 0 0 0 1 1 0 1 0 0 1 1 0 0 0 0 0 0 0 0 0 0 1 6 1 0 0 0 0 0 0 0 1 1 0 0 0 0 0 0 0 3 227 229 18 1 0 0 0 0 0 1 242 180 1 0 0 0 0 0 0 0 0 0 0 0 0 1 1 0 0 0 0 0 0 0 0 0 0 0 0 0 0 0 0 0 0 0 0 0 0 1
2 1 0 0 0 0 0 0 0 0 0 0 0 0 0 0 0 0 0 0 0 0 0 0 0 0 0 0 0 0 0 0 0 0 0 0 0 0 0 0 0 0 0 0 0 0 0 0 0 1 153 9 1 5 2 0 0 0 1 2 1 1 44 4 0 1 2 1 1 3 1 0 0 0 0 1 1 0 1 4 1 1 84 1 1 1 1 0 1 1 0 1 4 255 49 1 0 0 0 0 0 0 1 1 0 1 1 0 0 1 1 229 4 1 1 0 0 0 0 0 0 0 0 0 0 0 0 1 1 186 63 1 0 1 1 0 0 1 1 1 1 1 1 1 1 0 0 0 0 0 0 0 1 1 1 0 0 0 0 0 0 0 0 0 0 1 1 1 3 129 3 2 1 1 1 1 1 1 1 2 26 153 121 8 1 1 1 1 2 5 2 4 5 1 6 2 1 1 3 6 15 12 31 33 28 27 29 30 28 19 2 2 1 4 3 98 4 1 42 83 38 1 1 1 1 1 1 1 0 0 0 0 0 0 0 1 1 1 1 1 1 1 1 1 1 37 195 175 7 1 1 1 0 0 1 1 0 1 1 0 0 0 1 1 1 12 255 255 193 1 1 1 1 1 1 1 1 1 0 0 0 0 0 0 0 0 0 0 0 0 0 0 1 1 0 0 0 0 0 0 0 1 1 0 0 0 0 0 0 0 0 0 0 0 0 0 0 0 0 0 0 0 0 0 0 0 0 0 0 0 0 0 0 0 0 0 1 1 1 2 251 255 230 233 233 233 233 232 232 231 173 2 1 1 1 1 1 0 0 1 1 1 1 1 1 1 1 16 114 20 2 1 1 1 1 1 1 37 60 3 13 1 1 3 88 101 58 1 1 1 1 2 11 18 15 6 34 1 0 0 0 0 1 1 1 1 1 0 0 1 1 1 232 255 255 236 11 1 0 0 0 0 0 0 0 1 1 1 1 1 1 0 0 0 0 0 0 0 0 0 0 0 0 1 9 1 0 0 0 0 0 1 1 0 0 0 0 0 0 0 0 0 1 1 0 0 0 0 0 0 0 0 1 231 201 1 0 0 0 0 0 0 0 0 0 0 0 1 1 0 0 0 0 0 0 0 0 0 0 0 0 0 0 0 0 0 1 1 0 0 1 1
3 0 0 0 0 0 0 0 0 0 0 0 0 0 0 0 0 0 0 0 0 0 0 0 0 0 0 0 0 0 0 0 0 0 0 0 0 0 0 0 0 0 0 0 0 0 0 0 0 1 6 156 1 4 4 0 0 0 1 2 1 11 28 0 1 2 1 0 0 1 2 1 0 0 0 1 1 1 3 1 1 1 13 54 1 0 0 0 0 1 1 1 255 255 1 1 0 0 0 0 0 0 0 1 1 1 0 0 1 1 149 155 1 4 1 0 0 0 0 0 0 0 0 0 0 0 0 1 48 192 1 0 0 0 1 1 1 1 1 0 0 0 0 0 1 1 0 0 0 0 1 1 1 0 0 0 0 0 0 0 0 0 0 0 0 0 0 1 95 16 1 1 1 1 1 1 1 1 1 1 1 1 57 158 158 133 107 85 44 5 2 1 1 5 7 6 1 1 1 2 10 5 1 1 1 1 1 1 2 7 26 33 18 6 2 3 94 62 91 88 105 135 20 1 1 1 1 1 1 0 0 0 0 0 0 0 0 0 0 1 1 1 1 1 1 1 1 28 190 172 5 1 1 1 1 1 0 1 0 0 0 1 1 1 136 255 255 255 235 1 1 1 1 1 1 1 1 0 0 0 0 0 0 0 0 0 0 0 0 0 1 1 1 0 0 0 0 0 0 1 1 1 0 0 0 0 1 0 0 0 0 0 0 0 0 0 0 0 0 0 0 0 0 0 0 0 0 0 0 0 0 0 0 0 0 0 1 0 0 1 1 255 4 1 1 1 1 1 1 7 154 227 54 1 1 1 1 1 1 1 0 0 0 0 0 1 1 1 3 100 119 89 16 1 1 1 1 1 10 81 18 19 23 88 4 1 21 89 2 1 1 1 1 1 1 30 7 1 1 1 1 1 1 1 1 1 1 1 1 1 0 1 1 1 249 255 255 220 1 1 0 0 0 0 0 0 1 1 1 1 0 0 0 0 0 0 0 0 0 0 0 0 0 1 5 2 1 0 0 0 0 1 0 0 0 0 0 0 0 0 0 0 0 0 0 0 0 0 0 0 0 0 1 1 224 221 1 0 0 0 0 0 0 0 0 0 1 1 1 0 0 0 0 0 0 0 0 0 0 1 1 1 0 0 1 1 1 1 0 1 1 7
1 1 0 0 0 0 0 0 0 0 0 0 0 0 0 0 0 0 0 0 0 0 0 0 0 0 0 0 0 0 0 0 0 0 0 0 0 0 0 0 0 0 0 0 0 0 0 0 0 0 1 64 135 15 3 1 1 0 1 2 1 55 0 1 2 1 0 0 0 0 1 1 1 0 1 1 0 1 4 0 1 1 1 44 17 0 0 0 0 0 1 199 255 1 1 0 0 0 0 0 0 0 0 0 1 1 0 0 1 0 229 1 1 1 4 2 1 0 0 0 1 1 1 1 1 1 1 1 220 1 0 0 1 1 1 1 1 0 0 0 0 0 0 0 0 1 1 1 1 1 1 0 0 0 0 0 0 0 0 0 0 0 0 0 0 0 0 1 127 1 1 1 1 1 1 1 1 1 1 1 1 1 1 1 7 41 81 133 141 160 166 164 149 73 6 6 5 2 1 1 1 1 1 2 1 2 3 1 1 1 4 150 186 134 12 1 2 11 1 1 1 32 150 154 140 112 4 1 1 1 1 1 0 0 0 0 0 0 0 0 0 0 1 1 0 1 1 1 1 34 190 164 4 1 1 0 1 0 0 0 1 1 1 253 255 255 2 93 255 159 1 1 1 1 1 1 0 0 0 0 0 0 0 0 0 0 0 0 0 1 1 1 0 0 0 0 0 0 1 1 0 0 0 0 1 1 1 0 0 0 0 0 0 0 0 0 0 0 0 0 0 0 0 0 0 0 0 0 0 0 0 0 0 0 0 0 1 1 0 1 1 255 61 1 1 1 1 1 1 1 1 11 219 175 2 1 1 1 0 1 1 1 1 0 0 0 0 1 1 1 4 31 102 126 94 2 1 1 1 4 84 96 92 19 6 1 1 13 96 93 19 1 1 1 1 41 1 0 1 1 1 1 1 1 0 1 1 1 1 0 1 0 1 1 1 2 252 255 252 192 1 0 0 0 0 0 0 0 0 1 0 0 0 0 0 0 0 0 0 0 0 0 0 2 5 0 1 0 0 0 1 1 0 0 0 0 0 0 0 0 0 0 0 0 0 0 0 0 0 0 0 0 0 1 1 206 238 1 0 0 0 0 0 0 0 0 1 1 1 0 0 0 0 0 0 0 1 1 1 1 1 1 0 1 1 1 1 1 1 3 7 1
253 203 6 1 1 1 1 1 1 0 0 0 0 0 0 0 0 0 0 0 0 0 0 0 0 0 0 0 0 0 0 0 0 0 0 0 0 0 0 0 0 0 0 0 0 0 0 0 0 0 1 13 221 198 8 2 2 2 1 1 55 1 1 2 1 1 0 0 0 0 0 0 1 5 1 0 1 1 3 1 1 1 1 10 141 2 0 0 0 1 1 255 88 1 1 0 0 0 0 0 0 0 0 0 0 1 1 0 1 1 229 1 0 0 1 3 4 2 1 1 1 0 0 0 0 1 1 175 86 0 1 1 1 1 0 0 1 1 1 1 1 1 1 1 1 1 1 1 0 0 0 0 0 0 0 0 0 0 0 0 0 0 0 0 0 0 0 1 124 1 1 1 1 1 0 0 1 1 1 1 1 1 1 1 1 1 1 13 1 1 1 3 13 104 158 162 164 157 120 46 13 8 5 27 132 150 148 151 135 134 175 61 3 107 136 23 2 2 1 3 34 7 1 11 27 45 151 122 36 3 1 1 1 1 1 1 0 0 0 0 0 0 0 1 1 0 0 1 1 1 1 46 193 157 3 1 1 0 0 1 1 1 255 255 241 1 1 1 152 255 49 1 1 1 0 1 0 0 0 0 0 0 0 0 0 0 0 0 1 1 1 0 0 0 0 0 1 1 1 0 0 0 0 1 1 0 0 0 0 0 0 0 0 0 0 0 0 0 0 0 0 0 0 0 0 0 0 0 0 0 0 0 0 0 0 0 0 1 0 0 1 253 155 1 1 1 0 0 0 0 1 1 2 151 226 64 1 1 0 0 0 0 1 1 0 0 0 0 0 0 1 1 1 1 23 124 19 1 1 1 2 1 1 1 3 14 1 1 1 3 59 95 95 93 84 8 1 0 1 1 1 1 1 1 1 1 1 1 1 1 1 1 1 0 0 1 1 33 255 255 251 140 1 1 0 0 0 0 0 0 0 0 0 0 0 0 0 0 0 0 0 0 1 10 1 0 1 0 0 1 1 0 0 0 0 0 0 0 0 0 0 0 0 0 0 0 0 0 0 0 0 0 0 0 0 0 138 247 6 0 0 0 0 0 0 0 1 1 1 0 0 0 0 0 0 0 0 0 1 0 0 1 1 1 1 1 1 2 10 4 1 0
3 223 253 253 253 234 112 10 2 1 1 1 1 0 0 0 0 0 0 0 0 0 0 0 0 0 0 0 0 0 0 0 0 0 0 0 0 0 0 0 0 0 0 0 0 0 0 0 0 1 1 44 205 127 221 154 1 1 1 37 7 0 1 1 0 1 1 1 1 0 0 0 0 1 6 1 1 4 1 1 1 1 41 41 7 126 1 0 0 1 255 255 1 1 0 0 0 0 0 0 0 0 0 0 0 1 1 1 1 5 226 1 1 1 1 1 1 2 4 2 1 0 0 0 1 1 49 193 1 1 1 1 0 0 0 0 0 0 0 0 0 0 0 0 0 0 0 1 1 0 0 0 0 0 0 0 0 0 0 0 0 0 0 0 0 0 0 1 123 1 0 0 0 0 0 0 0 0 0 1 1 1 1 1 1 1 1 11 1 1 1 1 1 1 3 1 2 11 66 128 151 162 157 123 15 1 1 2 18 68 10 1 1 2 98 146 51 13 49 63 59 27 114 89 25 12 2 30 116 148 147 141 106 4 1 1 1 0 0 0 0 0 0 0 1 0 1 1 1 1 1 1 1 58 193 150 2 1 1 1 56 255 255 22 1 1 1 1 1 218 255 3 1 0 0 1 0 0 0 0 0 0 0 0 0 0 0 1 1 1 0 0 0 0 0 1 1 0 0 0 0 0 1 1 0 0 0 0 0 0 0 0 0 0 0 0 0 0 0 0 0 0 0 0 0 0 0 0 0 0 0 0 0 0 0 0 0 1 0 1 1 251 222 1 1 1 0 0 0 0 0 1 1 1 15 215 193 3 1 0 0 0 0 1 1 1 1 1 0 0 0 0 1 1 1 2 102 127 126 92 6 1 1 1 1 1 17 1 1 0 1 1 1 11 137 1 0 0 0 1 1 1 1 1 0 0 1 1 1 1 1 1 1 0 0 0 1 1 1 144 255 255 247 71 1 1 0 0 0 0 0 0 0 0 0 0 0 0 0 0 0 0 6 1 1 1 1 1 1 1 0 0 0 0 0 0 0 0 0 0 0 0 0 0 0 0 0 0 0 0 0 0 0 0 0 0 1 18 248 112 1 0 0 0 0 0 1 1 1 1 0 0 1 1 0 0 0 0 1 0 0 1 1 1 0 1 1 10 1 1 0 0
1 1 1 1 4 175 246 253 253 253 233 117 8 2 1 1 0 0 0 0 0 0 0 0 0 0 0 0 0 0 0 0 0 0 0 0 0 0 0 0 0 0 0 0 0 0 0 0 0 1 1 173 101 1 1 148 217 15 10 33 0 0 2 1 1 1 1 1 1 1 0 0 0 1 2 6 3 1 1 1 3 65 9 1 1 70 55 1 1 155 255 2 1 0 0 0 0 0 0 0 0 0 0 0 0 0 1 1 1 2 233 31 1 1 1 1 2 0 1 2 4 1 1 1 2 188 207 1 0 0 0 0 0 0 0 0 0 0 0 0 0 0 0 0 0 0 0 0 1 1 1 0 0 0 0 1 1 1 1 1 1 0 0 0 0 0 0 0 122 1 0 0 0 0 0 0 0 0 0 0 0 0 1 1 1 1 5 3 1 1 1 1 1 1 3 1 1 1 1 1 1 1 9 6 2 1 1 13 27 4 1 1 1 1 1 73 168 162 159 162 159 145 74 94 148 156 51 2 1 1 3 55 34 99 7 1 1 1 1 0 0 0 0 0 1 0 1 1 1 1 0 0 1 1 1 50 188 127 26 255 255 255 2 1 1 1 1 1 1 1 247 255 1 1 0 1 0 0 0 0 0 0 0 0 0 0 1 1 1 0 0 0 0 0 1 1 0 0 0 0 1 1 1 0 0 0 0 0 0 0 0 0 0 0 0 0 0 0 0 0 0 0 0 0 0 0 0 0 0 0 0 0 0 0 0 0 1 1 0 1 1 253 169 1 1 1 0 0 0 0 0 0 0 1 1 2 123 221 7 1 0 0 0 0 0 0 0 1 1 1 1 1 1 1 1 1 1 10 2 28 119 62 2 1 1 1 1 11 1 1 1 1 2 135 6 1 0 1 1 1 1 1 1 0 0 0 0 0 1 1 1 1 1 1 1 0 0 0 1 1 1 217 255 255 237 14 1 1 1 0 0 0 0 0 0 0 0 0 0 0 0 0 12 1 0 1 1 1 1 0 0 0 0 0 0 0 0 0 0 0 0 0 0 0 0 0 0 0 0 0 0 0 0 0 0 0 0 1 1 241 208 1 1 0 0 0 1 1 1 1 1 0 1 1 0 0 0 0 1 1 1 1 0 0 0 0 1 6 5 1 0 1
36 39 39 38 24 4 1 1 1 8 180 246 253 253 226 6 1 1 0 0 0 0 0 0 0 0 0 0 0 0 0 0 0 0 0 0 0 0 0 0 0 0 0 0 0 0 0 0 0 1 4 212 4 1 1 1 12 216 179 1 1 0 1 2 1 1 1 1 1 1 1 1 1 1 3 7 4 63 63 65 53 1 0 0 0 1 138 1 1 255 209 16 1 0 0 0 0 0 0 0 0 0 0 0 0 0 1 1 0 0 4 228 4 12 40 20 2 1 1 1 1 4 58 221 220 61 1 0 0 0 0 0 0 0 0 0 0 0 0 0 0 0 0 0 0 0 0 0 0 1 1 1 2 21 57 71 86 86 84 86 87 85 17 1 0 0 0 0 116 3 0 0 0 0 0 0 0 0 0 0 0 0 0 1 1 1 5 6 4 1 1 0 1 1 3 1 1 1 1 1 1 1 1 8 9 10 30 7 1 1 0 0 1 1 1 1 5 46 13 2 1 1 1 1 1 12 145 122 3 1 1 2 14 26 103 88 7 1 1 1 1 1 1 0 1 1 1 0 0 0 1 1 1 1 1 1 240 255 255 255 109 1 1 1 1 1 1 1 1 1 1 253 255 1 1 1 0 0 0 0 0 0 0 0 0 1 1 0 0 0 0 0 1 1 1 0 0 0 0 1 1 0 0 0 0 0 0 0 0 0 0 0 0 0 0 0 0 0 0 0 0 0 0 0 0 0 0 0 0 0 0 0 0 0 0 0 1 0 1 1 165 253 1 1 1 1 1 0 0 0 0 0 0 0 1 1 1 106 203 1 0 0 0 0 0 0 0 0 0 0 0 0 0 0 1 1 1 4 3 1 2 46 118 47 1 5 6 6 1 1 1 30 100 115 2 1 1 1 1 1 1 1 1 0 0 0 1 1 1 1 0 0 0 0 1 1 0 0 0 0 1 1 1 243 255 255 225 2 1 1 1 1 0 1 0 0 0 0 0 0 0 0 1 10 2 1 1 1 1 0 0 0 0 0 0 0 0 0 0 0 0 0 0 0 0 0 0 0 0 0 0 0 0 0 0 0 0 0 0 1 224 247 3 1 1 0 0 1 1 1 1 1 1 1 1 1 1 1 1 1 1 0 0 0 0 0 1 1 3 12 1 1
0 0 1 1 4 23 36 30 4 1 1 1 1 2 197 253 229 9 1 1 1 0 0 0 0 0 0 1 0 0 0 0 0 0 0 0 0 0 0 0 0 0 0 0 0 0 0 0 1 1 165 117 1 1 0 0 1 1 123 199 13 1 1 3 0 0 0 1 1 1 1 1 2 5 2 51 49 1 1 1 1 0 1 1 1 1 14 115 255 255 1 12 6 0 0 0 0 0 0 0 0 0 0 0 0 0 1 1 0 1 1 249 180 168 149 161 180 180 156 11 1 149 198 1 1 0 0 0 0 0 0 0 0 0 0 0 0 0 0 0 0 0 0 0 0 0 0 0 1 55 89 88 79 37 8 3 1 1 1 1 1 1 40 68 1 0 0 0 4 116 0 0 0 0 0 0 0 0 0 0 0 0 0 1 0 1 1 3 4 14 2 1 1 1 3 1 0 1 1 1 1 1 2 2 7 31 1 1 0 0 0 0 0 1 1 1 1 1 1 1 1 1 1 1 1 1 2 107 124 9 2 1 1 2 39 77 99 107 94 2 1 0 1 1 0 1 1 0 1 1 1 1 1 1 56 255 255 255 61 2 1 1 1 1 1 1 1 1 1 1 1 4 255 255 1 1 1 1 1 0 0 0 0 0 1 1 0 0 0 0 0 1 1 0 0 0 0 0 1 1 0 0 0 0 0 0 0 0 0 0 0 0 0 0 0 0 0 0 0 0 0 0 0 0 0 0 0 0 0 0 0 0 0 0 0 1 1 1 1 143 253 2 1 1 0 0 1 1 0 0 0 0 0 1 1 1 1 151 174 1 0 0 0 0 0 0 0 0 0 0 0 0 0 1 1 0 1 12 2 1 1 1 3 125 2 8 1 1 1 1 98 49 2 35 77 80 21 15 6 1 1 1 1 0 0 0 0 1 1 1 1 0 0 0 0 1 1 1 0 0 0 0 1 1 1 251 255 255 224 8 1 1 1 1 0 0 0 0 0 0 0 0 0 1 5 8 1 1 1 0 0 0 0 0 0 0 0 0 0 0 0 0 0 0 0 0 0 0 0 0 0 0 0 0 0 0 0 0 0 1 211 228 251 244 1 1 0 0 1 0 0 0 0 0 0 0 0 0 0 0 1 1 1 1 1 1 2 254 255 255 255 255
0 0 0 0 1 1 1 2 26 34 20 3 1 1 1 1 187 253 243 66 3 1 1 0 0 0 1 1 1 0 0 0 0 0 0 0 0 0 0 0 0 0 0 0 0 0 0 0 1 1 214 3 1 1 0 1 1 0 1 7 194 138 4 1 0 0 0 0 1 0 0 2 4 3 75 38 2 0 0 1 1 1 1 1 1 1 1 212 255 1 1 1 25 1 0 0 0 0 0 0 0 0 0 0 0 0 1 1 1 1 30 249 1 1 1 1 1 1 18 162 221 154 1 0 0 0 0 0 0 0 0 0 0 0 0 0 0 0 0 0 0 0 0 0 0 0 1 67 86 9 1 1 0 0 0 0 0 0 1 1 1 1 1 4 86 10 0 0 1 128 1 0 0 0 0 0 0 0 0 0 0 0 0 1 1 1 0 0 1 1 11 3 1 0 3 1 1 1 1 1 2 10 6 1 1 4 16 1 1 1 1 0 0 0 1 1 1 1 1 1 0 0 1 1 1 1 1 1 79 173 175 162 123 35 40 46 4 1 7 106 18 1 1 1 1 1 1 0 1 1 1 2 44 248 255 255 157 105 23 1 1 1 1 1 1 1 1 1 0 0 1 1 9 255 255 1 1 1 1 1 0 0 0 1 1 0 0 0 0 0 1 1 0 0 0 0 1 1 1 0 0 0 0 0 0 0 0 0 0 0 0 0 0 0 0 0 0 0 0 0 0 0 0 0 0 0 0 0 1 1 1 1 1 1 0 1 0 1 118 254 2 1 1 0 0 0 0 1 0 0 0 0 1 1 1 1 82 213 1 1 0 0 0 0 0 0 0 0 0 0 1 0 0 1 1 1 19 7 3 3 4 3 3 168 56 62 2 1 1 3 92 1 1 1 1 1 36 42 81 91 40 3 2 1 0 0 0 1 1 1 1 0 0 0 0 0 0 1 1 1 0 0 0 1 1 1 1 249 255 255 227 9 1 1 1 0 0 0 0 0 0 0 0 0 1 1 10 4 1 1 0 0 0 0 0 0 0 0 0 0 0 0 0 0 0 0 0 0 0 0 0 0 0 0 0 0 0 0 0 1 245 1 1 149 251 240 1 1 0 0 0 0 0 0 0 0 0 1 1 1 1 0 0 0 0 57 255 251 2 1 1 1
0 0 0 0 0 0 1 1 1 1 4 25 32 15 2 1 1 1 143 249 253 252 227 51 2 1 1 1 1 1 1 0 0 0 0 0 0 0 0 0 0 0 0 0 0 0 0 0 1 155 131 1 0 1 0 1 1 1 0 0 1 125 202 14 1 0 0 1 1 1 3 3 33 67 1 1 11 1 0 1 1 1 0 1 0 1 1 255 134 1 1 1 1 26 0 0 0 0 0 0 0 0 0 0 0 0 1 1 1 50 228 225 1 1 1 1 1 0 1 1 1 138 20 1 0 0 0 0 0 0 0 0 0 0 0 0 0 0 0 0 0 0 0 0 1 53 86 4 1 1 1 1 0 0 0 0 0 0 0 0 0 0 0 0 1 52 80 3 1 128 1 0 0 0 0 0 0 0 0 0 0 1 1 1 0 0 0 0 0 1 1 13 4 1 2 1 1 1 2 11 7 1 8 1 1 1 2 20 4 2 1 1 1 0 0 0 1 1 1 1 1 1 1 1 1 1 1 1 1 1 4 19 76 155 166 9 2 1 3 17 142 111 24 8 1 1 1 1 1 56 150 168 255 255 255 68 2 1 121 3 1 1 1 1 1 1 1 0 0 1 1 1 1 21 254 255 1 1 1 1 1 1 1 1 0 0 0 0 1 1 1 0 0 0 0 1 1 0 0 0 0 0 0 0 0 0 0 0 0 0 0 0 0 0 0 0 0 0 0 0 0 0 0 0 0 0 0 0 0 0 0 0 0 1 1 1 1 78 255 3 1 1 0 1 0 0 0 1 1 0 0 0 1 1 1 31 223 1 0 0 0 0 0 0 0 0 0 0 0 0 1 1 0 1 1 18 1 1 1 1 1 3 25 56 81 4 57 2 5 89 4 1 1 1 1 1 1 3 14 1 23 91 80 37 21 14 1 1 1 1 1 0 0 0 0 0 0 0 0 1 1 1 0 0 0 1 1 1 101 249 255 255 234 227 13 1 1 0 0 0 0 0 0 0 0 0 1 2 10 1 0 0 0 0 0 0 0 0 0 0 0 0 0 0 0 0 0 0 0 0 0 0 0 0 0 0 0 0 1 206 189 1 1 1 1 164 251 246 19 1 1 1 1 1 1 1 1 1 0 0 0 1 1 1 8 255 157 1 1 1 1 1
0 0 0 1 1 0 0 1 1 1 1 1 1 7 29 10 1 1 1 1 1 11 195 250 253 253 240 125 1 1 1 1 1 0 0 0 0 0 0 0 0 0 0 0 0 0 0 0 1 213 5 0 0 0 0 0 1 1 1 1 1 1 8 199 125 1 1 1 2 3 3 73 22 1 1 1 6 2 0 0 0 0 1 1 1 1 255 255 1 1 0 1 1 31 1 0 0 0 0 0 0 0 0 1 1 3 175 223 223 199 3 193 2 1 0 0 0 0 0 1 1 1 152 1 0 0 0 0 0 0 0 0 0 0 0 0 0 0 0 0 0 0 1 30 89 11 1 1 0 0 1 1 0 0 0 0 0 0 0 0 0 0 0 0 0 1 1 62 77 146 5 0 0 0 0 0 0 0 0 1 1 1 1 0 0 0 0 0 0 0 1 1 6 12 18 14 10 9 6 1 1 1 10 6 5 1 1 2 13 2 2 3 3 2 1 1 0 0 0 0 0 1 1 1 1 1 1 1 1 1 1 1 1 1 51 175 59 52 199 193 163 200 222 229 137 1 1 1 112 106 101 255 255 240 16 1 1 1 3 123 2 1 1 1 1 1 1 1 1 1 1 1 1 107 5 245 255 5 1 1 12 79 1 0 0 0 0 1 1 0 0 0 0 0 1 1 0 0 0 0 0 0 0 0 0 0 0 0 0 0 0 0 0 0 0 0 0 0 0 0 0 0 0 0 0 0 0 0 0 0 0 0 0 0 1 1 24 255 205 127 1 0 1 1 0 0 0 0 1 0 0 1 1 1 8 227 4 1 0 0 0 0 0 0 0 0 0 0 0 0 1 1 0 1 15 2 1 0 0 0 1 13 1 1 95 46 12 68 94 5 1 1 10 24 25 16 1 6 7 1 0 1 4 39 62 66 41 7 1 1 1 1 0 0 0 0 0 0 0 0 0 1 1 1 1 1 2 40 107 2 2 252 255 88 236 63 5 1 1 0 1 0 0 0 0 0 0 1 1 11 0 0 0 0 0 0 0 0 0 0 0 0 0 0 0 0 0 0 0 0 0 0 0 0 1 1 1 1 1 245 1 1 1 1 1 1 1 112 249 250 250 250 250 250 238 117 3 1 1 1 1 1 1 1 255 217 1 1 0 1 1 1
0 0 0 1 0 0 1 1 1 1 1 1 1 1 1 12 13 1 1 1 1 1 1 1 1 5 193 249 254 244 89 1 1 1 1 0 0 0 0 0 0 0 0 0 0 0 0 1 136 154 2 1 1 1 1 0 0 0 0 1 1 1 1 1 183 206 15 3 2 44 76 2 1 0 0 0 1 9 1 0 0 0 1 1 1 114 255 1 1 2 1 1 1 15 5 0 0 0 0 0 0 0 1 1 194 221 107 1 1 1 0 22 174 1 1 0 1 1 1 1 0 1 9 135 0 0 0 0 0 0 0 0 0 0 0 0 0 0 0 0 0 1 80 28 1 1 0 0 0 0 1 1 0 0 0 0 0 0 0 0 0 0 0 0 0 0 0 1 1 47 35 0 0 0 0 0 0 0 0 1 0 1 0 0 0 0 0 0 0 0 0 1 1 1 2 2 1 1 1 1 1 2 1 1 1 5 7 6 7 15 1 1 1 1 3 2 1 1 0 0 0 0 0 0 1 1 1 1 1 1 1 1 1 1 1 7 155 168 6 1 1 1 1 3 224 2 1 69 94 240 255 255 148 4 1 1 1 1 1 5 121 2 1 1 1 1 1 1 1 0 1 1 76 25 1 1 210 255 39 148 255 255 255 1 1 1 1 1 0 0 0 0 0 1 1 0 0 0 0 0 0 0 0 0 0 0 0 0 0 0 0 0 0 0 0 0 0 0 0 0 0 0 0 0 0 0 0 0 0 0 0 0 0 1 1 7 255 71 1 78 149 1 1 0 0 0 0 0 1 1 1 1 1 2 227 18 1 0 0 0 0 0 0 0 0 0 0 0 0 1 1 2 3 18 3 1 0 0 0 1 5 3 1 1 1 94 62 1 32 1 2 27 7 2 1 2 19 19 5 1 1 0 0 1 1 2 37 36 11 1 1 1 1 0 0 0 0 0 0 0 0 0 0 1 1 1 121 64 77 43 2 1 255 253 253 255 249 215 15 1 1 1 1 0 0 0 0 1 4 2 0 0 0 0 0 0 0 0 0 0 0 0 0 0 0 0 0 0 0 0 0 0 0 0 0 0 0 1 1 245 1 1 1 1 1 1 1 1 1 1 1 1 1 8 179 245 250 250 250 250 250 250 244 254 246 1 1 1 1 1 0 0
0 0 0 1 0 0 1 1 1 1 1 1 1 1 1 1 7 19 1 1 1 1 1 10 28 35 38 1 2 154 250 254 249 138 3 1 1 0 0 0 0 0 0 0 0 0 0 1 198 43 1 1 1 1 1 1 2 1 1 0 0 1 1 1 117 61 213 195 90 16 1 1 1 0 0 0 0 1 10 1 0 1 1 1 2 255 156 1 1 1 1 1 0 1 29 0 1 1 1 1 1 1 13 221 63 1 1 1 1 1 0 1 197 1 1 1 1 0 0 0 0 0 0 119 25 0 0 0 0 0 0 0 0 0 0 0 0 0 0 0 10 86 2 1 0 0 0 0 0 0 0 1 1 0 0 0 0 0 0 0 0 0 0 0 0 0 0 0 1 6 21 0 0 0 0 0 0 0 0 1 1 1 0 0 0 0 0 0 0 0 0 0 0 1 1 3 1 1 0 1 3 1 0 0 1 1 1 1 2 9 25 1 1 1 1 1 2 1 1 1 0 0 0 0 0 1 1 0 0 0 0 0 0 1 1 1 1 1 1 1 1 1 1 1 132 151 12 129 239 255 255 46 2 1 1 1 1 1 1 1 5 122 32 1 1 1 1 1 1 1 1 36 63 1 1 1 61 183 255 255 150 1 242 255 7 1 0 0 0 0 0 1 1 0 0 0 0 0 0 0 0 0 0 0 0 0 0 0 0 0 0 0 0 0 0 0 0 0 0 0 0 0 0 0 0 0 0 0 0 0 0 1 1 1 135 255 131 1 1 1 60 149 1 1 0 0 0 0 1 1 1 1 1 207 102 1 0 0 0 0 0 0 0 0 0 0 0 0 0 1 17 12 8 1 0 0 0 0 1 1 14 1 0 0 1 1 90 58 31 1 21 3 2 2 3 3 1 2 1 1 1 1 1 1 1 1 1 25 29 7 1 1 1 1 1 0 0 0 0 0 0 0 1 1 1 103 17 1 1 32 2 1 87 249 14 171 250 254 253 233 75 1 1 1 0 0 0 2 5 0 0 0 0 0 0 0 0 0 0 0 0 0 0 0 0 0 0 0 0 0 0 0 0 0 0 0 0 1 1 245 1 1 1 0 1 1 0 1 1 0 0 0 0 0 0 0 1 1 1 1 1 3 251 249 1 1 1 1 1 1 1 1
0 0 0 0 0 1 1 0 0 0 0 0 0 1 2 1 1 3 23 2 1 7 28 7 1 20 2 1 1 1 1 2 108 247 254 253 230 71 2 1 1 0 0 1 0 1 1 150 136 1 1 1 1 1 1 1 1 1 2 2 2 2 2 2 124 2 2 75 192 12 1 0 1 0 0 0 0 0 4 4 1 1 1 7 253 255 1 1 1 1 1 1 1 1 31 1 1 1 1 1 1 152 213 3 1 0 0 0 1 1 0 1 157 52 1 1 0 0 0 0 0 0 0 1 154 1 0 0 0 0 0 0 0 0 0 0 0 0 1 29 55 1 0 0 0 0 0 0 0 0 0 1 1 0 0 0 0 0 0 0 0 0 0 0 0 0 0 1 1 35 1 0 0 0 0 0 0 0 0 1 1 0 0 0 0 0 0 0 0 0 0 0 0 0 1 3 1 1 1 3 1 0 0 0 0 0 0 0 1 1 2 24 2 1 0 1 1 2 3 1 1 0 0 0 0 0 1 1 0 0 0 0 0 0 0 1 1 1 1 1 1 1 1 1 1 218 148 14 255 255 16 1 1 1 1 1 1 1 1 1 1 1 83 126 129 118 25 1 1 1 6 104 1 1 1 13 125 1 1 1 1 1 1 197 255 97 1 0 0 0 1 1 0 0 0 0 0 0 0 0 0 0 0 0 0 0 0 0 0 0 0 0 0 0 0 0 0 0 0 0 0 0 0 0 0 0 0 0 0 0 1 1 6 255 255 9 1 1 1 1 1 67 141 1 1 0 0 0 1 0 1 1 1 235 1 0 0 0 0 0 0 0 0 0 0 0 0 0 0 0 23 1 1 0 0 0 0 1 1 13 1 0 0 0 1 1 1 99 104 2 25 1 1 1 1 1 3 4 2 1 2 3 3 1 4 2 1 1 57 16 3 1 1 1 1 1 0 0 0 0 0 0 1 1 1 135 1 1 1 41 1 1 1 231 130 1 1 8 231 253 253 243 151 2 1 1 1 7 0 0 0 1 1 1 1 1 1 1 1 1 1 1 0 0 0 1 0 0 0 0 0 0 0 0 0 0 0 1 1 245 1 1 0 1 1 0 0 1 1 1 1 0 0 0 0 0 0 0 0 0 0 232 250 1 1 1 1 0 0 0 0 0
0 0 0 0 0 1 1 1 0 0 0 0 0 1 1 0 1 1 2 24 28 12 1 1 3 16 1 0 1 1 1 1 1 1 1 26 197 250 254 253 197 9 1 47 36 2 1 218 8 1 0 0 1 1 1 1 1 1 1 1 0 1 0 1 120 1 1 1 3 181 131 1 1 0 0 0 0 0 0 7 5 5 13 3 255 255 1 1 1 0 1 1 1 1 28 1 1 15 179 222 223 137 1 1 0 0 0 0 1 1 1 1 17 178 1 0 0 0 0 0 0 0 0 0 12 135 1 0 0 0 0 0 0 0 0 0 0 1 50 31 0 0 0 0 0 0 0 0 0 0 0 0 0 0 0 0 0 0 0 0 0 0 0 0 0 0 0 1 1 39 1 0 0 0 0 0 0 0 0 0 1 1 0 0 0 0 0 0 0 0 0 0 0 0 1 4 1 1 3 1 0 0 0 0 0 0 0 0 0 0 1 1 23 2 1 1 1 2 1 3 2 1 0 0 0 0 1 1 0 0 0 0 0 0 0 0 0 0 1 1 1 1 1 1 1 87 200 227 255 104 2 1 1 1 1 1 1 1 1 0 1 1 1 1 1 4 88 128 91 2 116 1 1 1 1 148 1 0 0 0 0 1 1 1 82 255 215 1 0 1 1 0 0 0 0 0 0 0 0 0 0 0 0 0 0 0 0 0 0 0 0 0 0 0 0 0 0 0 0 0 0 0 0 0 0 0 0 0 1 1 1 250 255 185 1 1 1 1 1 1 1 1 77 135 1 1 0 0 1 0 1 1 1 235 1 0 0 0 0 0 0 0 0 0 0 0 0 0 0 1 23 1 0 0 0 0 1 1 8 3 1 0 0 0 1 1 1 1 96 167 203 10 29 134 114 8 1 1 1 2 1 1 1 10 2 4 3 1 34 8 5 3 1 1 1 1 1 1 0 0 0 1 1 1 4 123 1 1 1 43 1 1 1 1 242 40 1 1 1 1 193 251 255 248 204 4 10 1 1 1 1 1 0 0 0 0 0 0 0 0 0 0 0 0 0 1 0 0 0 0 0 0 0 0 0 0 0 1 1 245 1 1 0 1 0 0 1 1 0 0 1 1 1 0 0 0 0 0 0 0 198 252 1 0 1 1 0 0 0 0 0 0
0 0 0 0 1 1 1 1 1 0 0 0 1 2 1 0 0 0 1 1 1 1 1 1 22 1 0 0 1 1 1 1 1 1 4 1 1 1 1 18 231 254 251 86 3 41 175 119 1 0 0 0 1 0 0 0 1 1 1 0 1 1 0 4 106 1 1 1 1 1 97 186 8 1 0 0 1 1 1 7 21 4 1 1 13 255 2 1 1 0 0 1 1 0 1 97 221 210 97 2 1 1 0 0 0 0 0 0 1 0 1 1 5 188 1 0 0 0 0 0 0 0 0 0 0 22 150 6 1 0 0 0 0 0 0 0 1 58 15 0 0 0 0 0 0 0 0 0 0 0 0 0 0 0 0 0 0 0 0 0 0 0 0 0 0 1 1 1 35 1 1 0 0 0 0 0 0 0 0 0 1 1 0 0 0 0 0 0 0 0 0 0 0 0 1 4 1 3 1 0 0 0 0 0 0 0 0 0 0 0 0 1 1 19 4 2 2 1 1 1 1 3 1 1 0 0 0 1 1 0 0 0 0 0 0 0 0 0 1 1 1 1 1 1 1 2 217 253 255 74 2 1 1 1 1 1 1 0 0 1 1 0 1 1 1 1 1 1 23 176 121 1 1 1 139 4 0 0 0 1 1 1 0 1 1 4 255 251 1 0 0 0 0 0 0 0 0 0 0 0 0 0 0 0 0 0 0 0 0 0 0 0 0 0 0 0 0 0 0 0 0 0 0 0 0 0 0 1 1 114 255 245 1 1 1 0 0 0 0 0 1 1 1 87 128 1 1 0 1 1 0 1 1 235 1 1 0 0 0 0 0 0 0 0 0 0 0 0 0 1 24 1 1 1 1 1 3 14 2 1 0 0 0 1 1 0 1 1 1 1 60 209 196 128 150 208 115 2 1 1 1 1 1 2 1 1 8 1 1 55 1 5 7 1 1 1 1 1 1 0 0 1 0 1 37 82 1 1 1 23 5 1 1 1 33 241 5 1 1 0 1 1 112 249 255 251 220 6 1 0 0 0 0 0 0 0 0 0 0 0 0 0 0 0 0 1 0 0 0 0 0 0 0 0 0 0 0 1 4 245 0 1 1 1 0 1 1 0 0 0 0 0 1 1 1 1 1 0 0 112 254 1 1 1 1 0 0 0 0 0 0 0
0 0 0 1 1 0 1 1 1 1 1 1 2 1 1 0 0 0 0 0 1 0 1 5 10 1 1 1 1 1 1 1 0 1 6 1 0 0 0 1 1 1 51 249 250 80 195 2 1 0 0 1 1 0 0 0 1 0 0 0 1 1 0 104 5 0 0 1 1 1 1 4 182 106 1 1 1 1 6 1 1 5 0 0 1 255 255 1 0 0 0 0 1 1 57 211 2 1 0 0 0 0 0 0 0 0 0 0 1 1 0 1 21 174 1 0 0 0 0 0 0 0 0 0 0 0 1 138 145 4 1 0 0 0 0 1 49 14 0 0 0 0 0 0 0 0 0 0 0 0 0 0 0 0 0 0 0 0 0 0 0 0 0 0 1 1 1 17 14 1 0 0 0 0 0 0 0 0 0 0 1 1 0 0 0 0 0 0 0 0 0 0 0 0 1 4 3 1 1 0 0 0 0 0 0 0 0 0 0 0 0 1 1 1 17 4 1 1 1 1 1 1 2 2 1 1 0 1 1 1 1 1 1 0 0 0 0 0 2 1 1 1 1 1 1 1 200 197 255 188 2 1 1 1 1 1 1 0 0 1 0 1 0 0 1 1 1 1 1 1 156 208 73 112 34 1 0 1 1 1 0 0 0 0 0 1 1 255 255 1 0 0 0 0 0 0 0 0 0 0 0 0 0 0 0 0 0 0 0 0 0 0 0 0 0 0 0 0 0 0 0 0 0 0 0 0 1 1 251 255 12 1 1 1 1 1 1 1 1 1 1 1 1 1 93 123 1 1 1 1 1 1 1 235 1 1 0 0 0 0 0 0 0 0 0 0 0 0 0 1 25 1 1 1 1 6 6 1 1 0 0 0 0 1 0 0 0 1 1 1 1 152 2 1 1 3 156 207 180 200 216 216 208 31 1 1 8 2 2 46 6 1 1 7 8 1 1 1 1 1 1 1 1 2 113 11 1 0 1 3 29 0 1 1 1 125 231 1 1 1 0 0 1 1 27 243 253 251 230 61 1 0 0 1 1 0 0 0 0 0 0 0 0 0 0 1 0 0 0 0 0 0 0 0 0 0 0 1 108 230 1 1 1 0 0 0 0 0 0 0 0 0 0 1 1 0 1 1 26 254 5 1 1 1 0 0 0 0 0 0 0 0
0 0 0 1 0 0 0 1 0 0 0 1 1 2 1 0 1 1 1 1 1 1 1 22 1 1 1 1 1 1 1 1 1 1 5 1 1 1 0 0 0 1 1 1 17 249 249 207 120 33 4 2 1 0 0 0 1 1 0 1 1 0 1 120 1 1 1 1 1 0 0 0 1 124 181 4 1 4 1 0 1 2 3 1 1 2 255 29 1 0 0 1 1 101 193 1 9 2 0 0 0 0 0 0 0 0 0 0 0 1 0 0 132 94 1 0 0 0 0 0 0 0 0 0 0 0 0 0 3 141 143 3 1 0 1 14 47 0 0 0 0 0 0 0 0 0 0 0 0 0 0 0 0 0 0 0 0 0 0 0 0 0 1 1 1 1 28 11 1 0 0 0 0 0 0 0 0 0 0 0 0 1 1 0 0 0 0 0 0 0 0 0 0 0 1 8 1 1 1 0 0 0 0 0 0 0 0 0 0 0 0 1 1 1 5 6 3 1 1 1 1 1 1 1 4 1 1 1 1 1 1 1 1 1 1 0 1 1 2 1 1 1 1 1 1 1 165 151 255 255 20 1 1 1 1 1 1 1 1 1 1 1 0 0 0 0 0 0 0 0 1 2 169 227 1 1 1 1 0 0 0 0 0 0 0 1 1 1 251 255 3 0 0 0 0 0 0 0 0 0 0 0 0 0 0 0 0 0 0 0 0 0 0 0 0 0 0 0 0 0 0 0 0 0 1 1 56 255 245 1 1 1 0 0 0 0 0 0 0 0 0 0 1 1 1 99 116 1 1 1 1 1 1 235 1 1 1 0 0 0 0 0 0 0 0 0 0 0 0 1 176 176 173 135 6 3 1 1 1 1 1 1 0 1 1 0 0 0 1 1 1 156 1 1 1 1 1 11 68 27 2 2 12 207 2 1 1 5 4 2 32 15 1 1 1 8 2 1 1 1 1 1 16 11 130 1 0 0 1 2 32 0 0 0 1 1 213 190 1 1 1 0 0 0 1 1 15 237 253 253 241 141 1 1 0 0 0 0 0 0 0 0 0 0 0 1 0 0 0 0 0 0 0 0 0 0 0 1 229 122 1 1 1 0 0 0 0 0 0 0 0 0 1 1 0 0 0 2 254 58 1 0 1 1 0 0 0 0 0 0 0 0
0 0 0 1 0 0 0 1 1 1 0 0 0 1 2 1 1 1 1 0 1 1 9 6 1 1 0 0 1 1 1 1 1 6 1 1 1 1 1 1 0 0 0 0 1 31 17 91 194 223 231 234 214 4 1 0 0 1 1 1 0 1 98 9 1 1 1 1 1 1 0 0 0 1 12 189 117 4 1 0 0 0 5 2 1 1 248 255 1 0 0 1 108 177 1 1 1 5 4 1 0 0 0 0 0 0 0 0 0 1 0 0 190 3 1 0 0 0 0 0 0 0 0 0 0 0 0 0 0 0 3 142 149 29 1 84 0 0 0 0 0 0 0 0 0 0 0 0 0 0 0 0 0 0 0 0 0 0 0 0 1 1 1 1 1 32 3 1 1 0 0 0 0 0 0 0 0 0 0 0 0 1 1 0 0 0 0 0 0 0 1 1 1 1 2 5 1 1 1 0 0 0 0 0 0 0 0 0 0 0 1 1 1 5 1 1 5 4 1 1 1 1 1 1 1 3 3 1 1 0 0 1 1 1 1 1 1 2 1 1 1 1 1 0 1 1 14 203 242 255 221 3 1 1 1 1 1 1 0 1 1 0 0 0 0 0 0 0 0 0 0 1 1 243 2 1 1 1 0 0 0 0 0 1 1 1 0 0 1 219 255 83 1 0 0 0 0 0 0 0 0 0 0 0 0 0 0 0 0 0 0 0 0 0 0 0 0 0 0 0 0 0 1 1 1 251 255 49 1 1 0 0 0 0 0 0 0 0 0 0 0 0 0 1 1 1 105 111 1 1 1 1 1 235 1 1 1 1 0 0 0 0 0 0 0 0 0 0 1 146 48 1 1 29 178 20 1 1 1 0 0 1 1 1 0 0 0 1 1 1 1 156 2 2 6 15 15 15 4 1 1 1 1 118 139 1 1 1 1 2 1 15 34 2 1 1 6 9 10 8 2 10 3 26 75 1 0 0 1 3 30 1 0 0 0 1 1 239 63 1 1 0 0 0 0 0 0 1 2 218 251 254 248 197 1 1 0 0 0 0 0 0 0 0 0 1 0 0 0 0 0 0 0 0 0 0 0 1 245 3 1 1 0 0 0 0 0 0 0 0 0 1 1 0 0 0 1 254 152 1 0 0 0 0 0 0 0 0 0 0 0 0
0 0 0 1 0 0 1 1 1 1 1 0 0 1 2 1 1 1 1 1 1 1 24 1 1 1 0 0 0 0 0 0 0 6 1 1 1 1 1 1 1 1 1 0 1 31 1 1 1 1 1 1 66 230 62 1 0 0 1 0 0 32 68 1 0 0 0 0 0 0 0 0 0 0 1 1 126 181 3 1 0 0 1 4 2 1 1 255 1 0 1 31 200 1 1 1 1 1 2 5 1 0 0 0 0 0 0 0 0 1 1 0 196 1 1 1 0 0 0 0 0 0 0 0 0 0 0 0 0 0 0 1 1 147 170 88 46 1 1 1 0 0 0 0 0 0 0 0 0 0 0 0 0 0 0 0 0 0 0 1 1 0 1 2 35 1 1 1 1 0 0 0 0 0 0 0 0 0 0 0 0 0 1 1 0 0 0 0 0 0 1 1 1 2 1 3 1 1 1 1 1 0 0 0 0 0 0 0 0 1 1 1 5 1 1 1 1 5 4 1 1 0 0 0 0 1 2 4 1 1 1 1 1 1 1 1 3 1 3 2 1 1 1 1 1 1 1 159 146 255 255 69 1 1 1 1 1 1 0 1 1 0 0 0 0 0 0 0 0 0 0 0 1 83 232 1 0 1 1 0 0 0 1 1 0 0 0 0 0 1 102 255 216 1 0 0 0 0 0 0 0 0 0 0 0 0 0 0 0 0 0 0 0 0 0 0 0 0 0 0 0 0 1 177 255 245 1 1 1 0 0 0 0 0 0 0 0 0 0 0 0 0 0 0 1 1 1 110 106 1 1 1 1 219 70 1 1 1 1 0 0 0 0 0 0 0 0 1 122 96 1 0 0 1 2 132 162 52 1 1 1 1 1 1 1 1 1 1 1 1 13 144 10 9 3 1 1 1 6 15 6 1 1 1 178 108 1 1 1 1 2 1 3 40 26 1 1 1 1 1 8 4 1 116 1 0 0 0 1 3 29 1 0 0 0 1 1 3 246 2 1 1 0 0 0 0 0 0 1 1 1 100 248 254 251 220 7 1 0 0 0 0 0 0 0 1 1 0 0 0 0 0 0 0 0 0 1 1 245 1 1 1 0 0 0 0 0 0 0 0 1 1 0 0 0 1 252 216 1 0 0 0 0 0 0 0 0 0 0 0 0 0
0 0 0 1 0 0 1 1 0 1 1 0 0 1 1 1 0 0 0 0 1 13 6 2 1 1 0 0 0 0 0 0 1 4 0 0 0 1 1 1 1 1 1 1 1 29 1 0 0 1 1 1 1 2 219 79 1 1 1 0 2 118 1 0 0 0 0 0 1 1 1 1 2 3 8 95 181 206 234 191 75 1 1 1 47 15 2 255 2 1 1 214 2 1 1 1 1 0 1 2 7 1 0 0 0 0 0 0 0 0 1 0 197 1 1 1 0 0 0 0 0 0 0 0 0 0 0 0 0 0 0 0 1 166 50 1 11 78 83 72 5 1 1 0 0 0 0 0 0 0 0 0 1 0 0 0 0 0 0 1 0 1 6 29 1 1 0 1 1 0 0 0 0 0 0 0 0 0 0 0 0 0 0 1 1 0 0 0 0 1 1 1 2 1 1 2 2 1 1 1 1 1 1 0 0 0 0 0 1 1 1 5 1 1 0 0 1 1 4 5 1 0 0 0 0 0 1 1 3 4 11 15 8 8 14 17 12 17 4 1 3 1 0 1 1 1 1 3 207 137 255 255 9 1 1 1 1 1 1 1 0 0 0 0 0 0 0 0 0 0 0 1 1 1 211 148 0 0 0 1 1 1 1 0 0 0 0 0 0 0 0 4 255 252 1 1 0 0 0 0 0 0 0 0 0 0 0 0 0 0 0 0 0 0 0 0 0 0 0 0 0 1 188 255 2 1 1 0 0 0 0 0 0 0 0 0 0 0 0 0 0 0 0 0 0 1 1 1 118 97 1 1 1 1 233 6 1 1 1 1 0 0 0 0 0 0 1 141 108 1 0 0 0 1 0 1 1 99 125 1 39 39 1 1 1 1 1 1 1 1 126 20 1 1 1 1 1 0 1 1 3 13 5 1 1 146 175 3 1 1 1 1 2 1 4 40 5 1 1 1 1 1 32 69 1 0 0 0 1 3 28 1 0 0 0 0 1 1 83 238 1 1 1 0 0 0 0 0 0 0 0 1 1 22 242 253 253 230 32 1 0 0 0 0 0 1 0 0 0 0 0 0 0 0 0 0 1 1 245 1 1 1 0 0 0 0 0 0 0 1 1 0 0 0 1 249 240 1 0 0 0 0 0 0 0 0 0 0 0 0 0 0
0 0 1 1 0 0 1 0 1 2 1 1 1 2 1 1 1 0 0 0 1 18 1 1 2 2 2 1 0 0 0 0 5 1 0 0 0 0 0 0 1 1 1 1 20 3 1 0 0 1 0 0 0 1 1 214 83 1 1 1 113 4 0 0 1 2 69 173 182 182 182 180 178 176 169 112 2 2 177 6 144 195 255 255 255 255 255 255 2 1 160 116 1 1 0 1 0 0 0 0 1 7 1 0 0 0 0 0 0 0 1 0 198 1 0 1 1 0 0 0 0 0 0 0 0 0 0 0 0 0 0 0 38 172 1 1 0 1 1 2 59 82 82 62 7 1 1 1 0 0 0 0 1 1 1 1 0 1 1 1 1 15 17 1 0 0 0 1 1 0 0 0 0 0 0 0 0 0 0 0 0 0 0 0 1 1 0 0 0 1 1 1 2 1 0 1 3 1 0 1 1 1 1 1 1 0 0 1 1 1 5 1 1 0 0 0 0 1 1 3 6 1 0 0 0 0 1 1 4 19 2 1 3 3 1 1 1 1 8 19 7 4 1 1 1 1 1 1 191 103 252 255 134 2 1 1 1 0 1 1 0 0 0 0 0 0 0 0 0 0 1 1 1 1 1 240 11 0 0 1 1 1 0 0 0 0 0 0 0 0 0 0 1 254 255 63 1 0 0 0 0 0 0 0 0 0 0 0 0 0 0 0 0 0 0 0 0 0 0 0 0 1 255 1 1 1 1 0 0 0 0 0 0 0 0 0 0 0 0 0 0 0 0 0 1 1 1 1 1 129 86 1 1 1 10 230 6 1 1 1 1 1 1 1 1 1 137 88 1 0 0 0 0 0 0 0 0 1 53 158 68 59 57 1 1 1 1 1 1 36 118 1 0 0 1 1 1 1 1 1 1 1 5 6 1 1 63 202 23 1 1 1 1 2 1 1 19 34 38 68 22 22 108 1 1 1 0 0 1 4 26 1 1 1 1 1 1 1 3 197 210 1 1 1 1 0 0 0 0 0 0 1 1 1 1 5 230 253 253 234 60 1 0 0 1 1 0 0 0 0 0 0 0 0 0 1 1 1 245 1 1 1 0 0 0 0 0 0 1 1 0 0 0 1 244 248 1 0 0 0 0 0 0 0 0 0 0 0 0 0 0 0
0 1 1 0 0 0 1 1 1 1 2 2 2 3 1 1 0 0 0 1 17 2 1 1 0 0 1 2 2 2 1 1 6 0 0 0 0 0 0 0 0 0 0 1 36 2 1 1 0 0 0 0 0 0 1 1 214 125 1 1 153 5 110 179 182 179 131 5 1 1 1 1 1 1 1 1 2 1 15 172 1 255 255 6 2 7 147 255 255 255 162 1 1 1 0 1 0 0 0 0 0 1 6 2 0 0 0 0 0 0 1 0 198 1 0 0 1 1 0 0 0 0 0 0 0 0 0 0 0 1 0 1 201 1 1 0 0 0 0 0 1 1 1 4 52 81 82 82 81 77 66 63 64 65 65 63 59 59 57 58 88 62 2 1 0 0 0 1 1 0 0 0 0 0 0 0 0 0 0 0 0 0 0 0 0 1 1 0 1 1 1 2 1 1 1 1 4 1 0 0 1 1 1 0 1 1 1 1 1 5 1 1 0 0 0 0 0 0 1 1 3 6 1 1 1 1 1 6 16 1 1 1 1 1 1 1 1 1 1 1 6 25 20 1 1 1 1 1 105 156 94 255 255 9 1 1 1 1 1 1 1 0 0 0 0 0 0 0 0 1 1 1 1 0 1 6 240 2 1 1 0 1 1 0 0 0 0 0 0 0 0 0 0 1 174 255 252 1 1 0 0 0 0 0 0 0 0 0 0 0 0 0 0 0 0 0 0 0 0 0 1 251 240 1 1 1 0 0 0 0 0 0 0 0 0 0 0 0 0 0 0 0 1 1 1 14 235 255 255 255 255 253 223 187 185 194 250 88 3 1 1 1 1 1 1 88 141 1 0 0 0 0 0 0 0 0 0 1 1 13 7 18 70 1 1 1 1 3 94 118 1 1 0 1 1 1 1 1 1 1 0 1 1 4 9 1 1 8 194 116 1 1 1 1 1 2 1 1 79 90 75 75 2 1 0 1 1 1 1 4 27 4 5 2 1 1 1 3 1 1 236 105 1 1 1 0 0 0 0 0 0 1 1 1 1 1 1 2 215 252 253 235 61 1 1 0 0 0 0 0 0 0 0 0 0 1 1 1 245 1 1 1 0 0 0 0 0 1 1 0 0 0 1 226 250 1 0 0 0 0 0 0 0 0 0 0 0 0 0 0 0 0
0 1 1 0 0 0 1 2 1 0 0 1 2 3 4 4 2 1 0 3 16 1 1 0 0 0 0 0 0 1 2 4 6 1 1 1 1 1 0 0 0 0 0 1 30 1 1 1 2 1 1 1 0 0 0 0 1 195 237 238 240 221 99 2 1 1 0 1 42 170 194 197 182 44 1 1 2 1 1 34 187 255 117 10 5 4 1 1 255 255 255 56 1 1 1 1 0 0 0 0 0 0 1 5 2 0 0 0 0 0 1 1 198 1 0 0 0 1 0 0 0 0 0 0 0 0 0 0 1 1 1 189 15 1 0 0 0 0 0 0 0 0 0 0 0 0 1 1 1 1 3 3 3 3 2 3 3 3 3 3 1 4 55 3 0 0 0 1 1 0 0 0 0 0 0 0 0 0 0 0 0 0 0 0 0 0 1 1 1 1 2 1 1 1 1 1 4 1 0 0 0 1 1 1 1 1 1 1 5 1 1 0 0 0 0 0 0 0 0 1 1 2 7 1 1 1 22 6 1 0 0 1 1 1 1 1 0 0 0 1 1 1 4 23 1 1 1 1 4 199 82 255 255 114 3 1 1 1 1 1 1 0 0 0 0 0 0 0 1 1 0 1 0 0 1 1 21 239 2 0 0 0 1 1 0 0 0 0 0 0 0 0 0 0 1 1 254 255 159 1 0 0 0 0 0 0 0 0 0 0 0 0 0 0 0 0 0 0 0 0 4 255 1 1 1 0 0 0 0 0 0 0 0 0 0 0 0 0 0 0 1 1 1 242 255 255 255 247 172 154 241 255 255 255 251 24 233 147 195 201 201 203 116 115 129 205 1 1 1 0 0 0 0 0 0 0 0 0 0 1 31 112 3 17 114 143 149 149 57 1 1 1 1 1 1 1 1 1 0 0 1 1 0 1 2 12 1 1 1 139 187 6 1 1 1 1 2 2 1 121 13 1 1 1 1 0 0 0 1 5 15 23 19 3 4 1 3 1 1 1 1 247 6 1 1 0 0 0 0 0 0 0 1 1 1 1 1 1 1 1 202 252 253 235 116 21 1 0 0 0 0 0 0 0 1 1 1 1 245 1 1 0 0 0 0 0 0 1 0 0 0 1 189 253 1 0 0 0 0 0 0 0 0 0 0 0 0 0 0 0 0 0
0 0 0 0 0 1 2 1 0 0 1 1 1 1 0 1 2 4 4 25 2 1 0 0 0 0 0 0 0 0 0 6 1 2 5 6 2 1 1 1 0 1 0 17 4 1 0 0 0 1 1 2 1 1 0 0 0 2 3 1 1 102 161 14 1 1 74 195 167 36 2 2 18 168 199 111 1 1 1 1 163 238 255 255 214 1 1 1 255 5 238 255 253 1 1 1 0 0 0 0 0 0 0 1 4 3 0 0 0 0 0 1 198 1 0 0 0 1 1 0 0 0 0 0 0 0 0 1 1 1 153 83 1 0 0 0 0 0 0 0 0 0 0 0 0 0 0 0 0 0 0 0 0 0 0 0 0 0 0 0 0 1 4 33 1 0 0 1 1 0 0 0 0 0 0 0 0 0 0 0 0 0 0 0 0 0 1 1 1 2 1 1 1 1 1 1 4 1 0 0 0 0 1 1 1 1 1 5 1 1 0 0 0 0 0 0 0 0 0 0 1 1 2 8 7 24 2 1 1 0 0 0 0 0 0 1 1 0 0 1 1 1 1 21 3 1 1 1 1 182 99 71 255 255 165 4 1 1 1 1 1 1 0 0 0 0 0 0 1 0 0 0 0 0 0 1 1 78 239 2 0 0 0 1 1 0 0 0 0 0 0 0 0 0 0 0 1 74 255 252 1 0 0 1 1 0 0 0 0 0 0 0 0 0 0 0 0 0 0 1 253 208 1 1 1 0 0 0 0 0 0 0 0 0 0 0 0 0 1 1 1 236 255 255 24 1 1 1 1 1 1 1 1 44 255 255 253 2 1 1 1 131 1 2 115 46 1 0 1 1 0 0 0 0 0 0 0 0 0 1 11 169 156 131 35 7 3 1 1 1 1 0 0 1 1 1 1 1 1 0 0 1 1 1 1 1 14 1 1 1 37 204 91 1 1 1 1 1 2 3 116 121 97 91 6 1 0 0 0 1 5 1 1 15 5 5 1 0 1 1 1 41 242 1 1 1 0 0 0 1 0 1 1 0 1 1 1 1 1 1 1 1 199 252 248 217 179 1 1 0 0 0 0 0 1 0 1 1 245 2 1 0 0 0 0 0 0 0 0 0 1 106 254 1 0 0 0 0 0 0 0 0 0 0 0 0 0 0 0 0 0 0
0 0 0 0 1 2 1 1 0 0 1 2 1 0 0 0 0 0 3 11 7 7 5 1 1 0 0 0 0 0 1 6 0 0 1 1 4 9 10 3 1 1 1 31 1 1 0 0 0 0 0 1 1 2 2 1 1 4 1 1 0 1 4 142 134 92 159 2 1 0 0 0 1 1 1 137 196 137 113 181 111 1 5 119 255 255 249 2 255 2 1 13 255 255 123 1 1 1 0 0 0 0 0 0 1 8 1 0 0 0 0 1 198 1 0 0 0 0 1 1 0 0 0 0 0 0 1 1 1 138 131 1 0 0 0 0 0 0 0 0 0 0 0 0 0 0 0 0 0 0 0 0 0 0 0 0 0 0 0 0 0 1 35 1 2 0 0 1 1 0 0 0 0 0 0 0 0 0 0 0 0 0 0 0 0 0 1 1 3 1 1 1 1 1 0 1 4 1 0 0 0 0 1 1 1 1 5 1 1 0 0 0 0 0 0 0 0 0 0 0 0 1 1 15 12 1 1 0 0 0 0 0 0 0 0 0 1 1 1 1 0 0 1 6 16 1 1 1 1 31 184 62 148 255 255 211 3 1 1 1 0 1 1 0 0 0 0 0 1 0 0 0 0 0 1 1 24 9 15 237 4 1 0 0 1 1 0 0 0 0 0 0 0 0 0 0 0 1 58 255 255 1 1 1 1 1 0 0 0 0 0 0 0 0 0 0 0 0 0 31 255 1 1 1 0 0 0 0 0 0 0 0 0 0 0 0 1 1 1 208 255 255 17 1 1 1 1 1 0 0 0 0 0 0 0 61 255 255 183 1 1 129 2 116 1 19 8 0 0 1 0 0 0 0 0 0 0 0 0 0 1 11 1 1 1 1 1 1 1 1 0 0 1 1 1 1 1 1 1 0 0 0 0 0 0 1 1 15 1 1 1 2 161 185 8 1 1 1 1 2 1 10 34 44 137 3 1 1 1 1 3 1 1 1 11 19 1 1 1 0 1 1 167 224 1 1 1 0 0 1 0 0 1 1 0 0 0 1 1 1 1 1 1 3 251 235 248 226 4 0 0 0 0 0 0 0 0 1 217 166 1 0 0 0 0 0 0 0 0 1 31 254 8 0 0 0 0 0 0 0 0 0 0 0 0 0 0 0 0 0 0 0
0 0 0 1 2 1 1 1 0 1 2 1 0 0 0 0 0 1 12 1 1 1 2 7 8 6 1 1 0 0 2 3 0 0 0 0 0 0 1 5 12 12 5 32 1 0 0 0 0 0 0 0 0 0 0 1 3 2 1 1 1 1 1 1 34 207 1 1 1 1 1 1 1 0 1 1 1 101 129 14 1 6 1 1 1 17 255 255 255 1 1 1 1 219 255 255 3 1 1 1 0 0 0 0 0 2 5 0 0 0 0 1 197 1 0 0 1 1 1 1 1 1 1 1 1 0 1 1 171 109 1 0 0 0 0 0 0 0 0 0 0 0 0 0 0 0 0 0 0 0 0 0 0 0 0 0 0 0 0 0 0 1 35 0 2 1 0 0 1 0 0 0 0 0 0 0 0 0 0 0 0 0 0 0 0 1 1 3 1 1 1 1 0 0 0 1 4 1 0 0 0 1 1 1 1 5 2 1 0 0 0 0 0 0 0 0 0 0 0 0 0 1 1 30 1 0 0 0 0 0 0 0 0 0 0 0 0 0 0 0 0 0 0 1 34 1 1 0 1 3 149 128 68 39 255 255 73 1 1 1 0 0 1 0 0 0 0 0 1 1 0 0 0 1 1 10 21 1 1 8 239 11 1 0 0 1 1 1 0 0 0 0 0 0 0 0 0 1 248 3 253 254 1 0 0 1 0 0 0 0 0 0 0 0 0 0 0 0 1 255 106 1 1 1 0 0 0 0 0 0 0 0 0 0 1 1 1 155 255 255 71 1 0 1 1 0 0 0 0 0 0 0 0 0 0 0 1 230 255 253 4 131 118 2 1 1 43 0 0 1 1 0 0 0 0 0 0 0 0 0 1 6 2 1 1 0 0 0 0 0 0 1 1 1 1 1 0 1 1 1 0 0 0 0 0 0 1 2 12 5 1 1 1 42 201 92 5 1 1 1 2 1 1 1 70 69 1 1 1 1 2 1 0 0 1 5 23 28 29 7 1 1 1 210 222 1 1 1 0 1 1 1 1 1 1 1 1 1 1 1 0 1 1 1 129 241 244 253 252 205 1 1 1 1 1 1 1 1 214 173 1 0 0 0 0 0 0 0 1 16 254 59 0 0 0 0 0 0 0 0 0 0 0 0 0 0 0 0 0 0 0 0
1 0 1 2 1 1 1 1 1 2 1 0 0 0 0 0 0 3 11 1 0 0 0 0 1 2 7 9 8 1 6 1 0 0 0 0 0 0 0 0 0 1 18 38 26 10 1 1 0 0 0 0 0 0 0 1 3 1 0 0 1 1 1 1 148 40 1 0 1 1 1 1 1 1 1 1 1 0 1 2 5 1 1 1 1 1 1 248 255 2 1 0 1 1 1 255 255 252 1 1 1 0 0 0 0 1 8 0 0 0 0 1 198 1 1 1 1 0 0 1 1 0 0 1 1 1 6 202 50 1 0 0 0 0 0 0 0 0 0 0 0 0 0 0 0 0 0 0 0 0 0 0 0 0 0 0 0 0 0 0 0 28 2 0 1 3 1 0 1 0 0 0 0 0 0 0 0 0 0 0 0 0 0 0 0 1 2 1 1 1 1 1 0 0 0 1 4 1 0 0 1 1 0 1 4 2 1 1 0 0 0 0 0 0 0 0 0 0 0 0 1 1 19 5 0 0 0 0 0 0 0 0 0 0 0 0 0 0 0 0 0 0 0 1 33 1 1 0 1 29 2 147 152 4 110 255 253 3 1 1 1 0 0 1 0 0 0 0 0 1 0 1 1 1 5 33 1 0 0 0 3 237 120 1 1 0 0 1 1 0 0 0 0 0 0 0 0 13 244 1 1 255 238 1 0 1 1 0 0 0 0 0 0 0 0 0 0 1 165 255 1 1 1 1 0 0 0 0 0 0 0 0 1 1 1 101 255 255 149 1 1 1 1 1 0 0 0 0 0 0 0 0 0 0 0 0 0 0 1 253 255 246 10 1 1 1 47 1 0 0 1 0 0 0 0 0 0 0 0 0 0 1 8 1 0 0 0 0 0 0 0 1 1 2 4 4 2 1 1 1 0 0 0 0 0 0 0 1 1 4 13 10 1 1 3 157 207 191 16 1 1 3 1 1 52 63 4 4 1 1 3 1 1 0 0 0 1 1 1 8 29 21 2 10 246 94 1 1 1 1 1 1 1 1 1 1 1 1 1 1 0 0 1 1 28 1 1 2 239 255 249 100 1 0 0 0 1 1 245 8 1 1 0 0 0 0 1 1 177 254 86 0 0 0 0 0 0 0 0 0 0 0 0 0 0 0 0 0 0 0 0 0
1 1 2 1 1 0 0 1 2 1 0 0 0 0 0 0 1 10 3 2 0 0 0 0 0 0 0 1 1 10 15 2 1 1 0 0 0 0 0 0 0 0 16 1 1 8 33 35 15 1 0 0 0 0 0 3 1 0 0 0 2 1 0 13 153 5 5 1 0 0 0 1 1 1 1 1 1 1 3 4 1 1 1 1 1 1 1 255 255 1 1 1 1 1 1 1 46 255 255 52 1 1 0 0 0 1 8 1 0 1 1 1 197 1 0 0 0 0 0 0 1 0 0 1 1 31 203 6 1 1 0 0 0 0 0 0 0 0 0 0 0 0 0 0 0 0 0 0 0 0 0 0 0 0 0 0 0 0 0 0 1 39 0 0 0 1 4 1 1 0 0 0 0 0 0 0 0 0 0 0 0 0 0 0 1 2 1 1 1 1 0 1 1 0 0 1 4 1 0 1 1 0 1 4 2 1 1 1 1 0 0 0 0 0 0 0 0 0 0 1 1 17 9 1 0 0 0 0 0 0 0 0 0 0 0 0 0 0 0 0 0 0 0 1 15 6 1 0 5 15 1 2 169 152 8 255 255 104 1 1 1 1 0 1 1 0 0 0 0 1 1 1 1 2 44 1 0 0 0 0 0 1 213 240 63 1 0 0 1 1 0 0 0 0 0 0 0 239 62 1 1 1 255 166 1 1 1 1 0 0 0 0 0 0 0 0 0 1 255 5 1 1 1 1 0 0 0 1 1 1 1 1 1 85 255 255 208 1 1 0 1 1 0 0 0 0 0 0 0 0 0 0 0 0 0 0 0 0 1 1 201 255 253 2 1 1 50 1 0 0 1 0 0 0 0 0 0 0 0 0 0 1 11 0 0 0 0 0 0 0 1 2 5 2 1 1 2 4 1 1 0 0 0 0 0 0 0 0 0 0 1 4 9 1 1 1 1 33 197 194 36 1 2 4 105 12 1 1 5 8 2 1 1 1 1 0 0 1 1 1 1 2 22 8 7 248 1 1 1 1 1 1 1 1 2 2 1 1 1 8 2 1 1 19 3 1 1 1 1 11 249 253 188 1 0 0 1 1 246 1 1 1 0 0 1 1 67 254 253 4 0 0 0 0 0 0 0 0 0 0 0 0 0 0 0 0 0 0 0 0 0 0
1 2 1 1 0 0 1 2 1 0 0 0 0 0 0 0 5 3 1 4 0 0 0 0 0 0 0 0 0 1 9 1 2 2 2 1 0 0 0 0 0 3 11 1 0 0 0 1 7 35 38 20 1 1 1 3 1 0 0 1 2 1 1 165 3 1 1 6 1 0 0 0 1 1 1 1 1 2 3 1 1 1 1 1 1 1 152 255 3 0 0 0 0 1 1 1 1 1 239 255 212 1 1 1 0 1 2 4 1 1 0 0 196 1 0 0 0 0 0 0 0 1 1 1 6 201 1 1 3 2 1 0 0 0 0 0 0 0 0 0 0 0 0 0 0 0 0 0 0 0 0 0 0 0 0 0 0 0 0 1 8 14 0 0 1 1 1 3 1 0 0 0 0 0 0 0 0 0 0 0 0 0 0 1 2 1 1 1 1 0 0 0 1 1 0 1 4 1 1 1 0 1 4 2 1 0 0 1 1 1 0 0 0 0 0 0 0 0 1 1 26 8 1 0 0 0 0 0 0 0 0 0 0 0 0 0 0 0 0 0 0 0 0 0 1 32 1 1 33 1 1 1 1 130 198 83 255 255 56 1 1 1 1 1 1 0 0 0 0 1 1 0 1 52 1 1 0 0 0 0 0 0 1 2 229 240 113 1 0 0 1 1 0 0 0 0 1 246 1 1 0 1 7 255 241 1 1 1 1 1 0 0 0 0 0 0 0 203 254 1 0 1 1 1 1 1 1 1 1 1 70 253 255 255 226 1 1 0 0 1 1 0 0 0 0 0 0 0 0 0 0 0 0 0 0 0 0 0 0 4 85 1 255 255 154 1 50 1 0 0 1 0 0 0 0 0 0 0 0 0 0 1 11 1 0 0 0 0 1 1 5 3 1 1 1 1 1 1 4 3 1 1 1 1 1 0 1 1 0 0 0 1 2 12 1 1 1 1 1 30 204 6 1 5 119 6 1 1 1 1 3 6 2 1 1 1 1 0 0 1 1 1 1 1 1 176 231 1 1 2 3 3 3 2 1 2 4 5 4 2 14 25 27 37 1 0 1 1 1 1 1 207 253 207 1 0 1 1 246 1 1 1 1 1 174 254 254 94 1 0 0 0 0 0 0 0 0 0 0 0 0 0 0 0 0 0 0 0 0 0 0 0
2 1 2 1 0 1 2 1 0 0 0 0 1 1 2 3 9 1 1 4 1 0 0 0 0 0 0 0 0 6 3 0 0 1 1 2 2 2 1 0 3 5 4 1 0 0 0 0 0 0 1 5 36 39 37 2 1 0 0 0 1 2 74 110 1 0 0 1 6 1 0 0 1 1 1 0 1 5 1 1 1 1 1 1 1 20 255 220 1 1 1 0 0 0 0 1 1 1 1 54 255 180 1 1 1 1 1 7 1 0 0 0 196 1 0 0 0 0 0 1 1 1 1 2 203 2 1 1 0 1 3 2 1 0 0 0 0 0 0 0 0 0 0 0 0 0 0 0 0 0 0 0 0 0 0 0 0 0 0 1 39 1 0 1 1 0 0 4 1 1 0 0 0 0 0 0 0 0 0 0 0 0 1 2 1 1 1 1 0 0 0 0 1 1 0 1 2 2 1 0 1 3 3 1 0 0 0 0 1 1 1 1 0 0 0 0 0 1 1 15 10 1 0 0 0 0 0 0 0 0 0 0 0 0 0 0 0 0 0 1 1 1 0 0 1 34 1 22 3 0 1 1 1 1 34 209 224 255 255 151 1 1 1 1 0 0 0 0 1 1 1 1 26 8 1 0 0 0 0 0 0 0 0 0 1 1 217 240 178 1 1 1 0 0 0 0 1 244 1 1 0 1 1 1 255 255 202 1 1 1 1 1 1 1 1 1 1 255 30 1 1 1 1 1 1 120 253 255 255 255 255 253 17 1 0 0 0 1 1 1 0 0 0 0 0 0 0 0 0 0 0 0 0 0 0 0 0 0 1 101 1 1 1 199 255 253 21 9 0 0 1 0 0 0 0 0 0 0 0 0 0 1 11 1 1 0 1 1 2 6 1 1 1 1 1 1 1 1 1 2 5 5 3 5 4 1 1 1 1 0 0 0 1 3 7 1 1 1 1 1 115 138 1 87 16 1 4 4 1 1 1 1 3 6 1 1 1 1 0 0 0 1 1 1 1 1 248 48 20 16 16 3 1 1 1 0 0 0 0 0 0 1 1 1 1 1 1 0 1 1 1 1 155 253 193 1 1 10 246 1 1 163 254 254 253 28 0 0 0 0 0 0 0 0 0 0 0 0 0 0 0 0 0 0 0 0 0 0 0 0 0 0
1 1 1 2 1 2 1 1 2 2 2 2 2 1 1 4 2 1 1 2 2 0 0 1 1 1 0 0 0 8 2 0 0 0 0 0 1 1 2 2 9 1 3 1 0 0 0 0 0 0 0 0 0 1 6 44 49 33 2 1 0 2 172 1 1 0 0 1 6 1 1 1 1 1 0 0 1 5 1 1 1 1 1 1 10 255 255 1 1 0 1 1 0 0 0 0 0 1 1 1 98 255 30 1 1 1 1 9 33 184 209 142 201 1 0 0 0 1 1 1 1 1 5 203 8 1 1 0 0 0 0 1 3 2 1 0 0 0 0 0 0 0 0 0 0 0 0 0 0 0 0 0 0 0 0 0 0 0 0 1 34 0 1 1 0 0 0 1 5 1 0 0 0 0 0 0 0 0 0 0 0 1 2 1 1 1 1 0 0 0 0 1 1 0 1 1 1 3 0 1 3 3 1 0 0 0 0 0 0 1 1 1 1 0 0 0 1 1 16 19 1 0 0 0 0 0 0 0 0 0 0 0 0 0 0 0 0 0 1 1 0 0 0 0 1 28 11 17 1 1 1 1 1 1 1 3 140 229 255 255 240 1 1 0 0 1 0 0 0 0 1 1 47 1 0 0 0 0 0 0 0 0 0 0 0 0 1 1 179 240 239 107 1 1 1 1 1 244 1 1 1 1 0 1 1 82 255 255 255 255 254 237 128 7 1 1 1 255 1 1 157 253 255 255 255 255 253 127 1 1 1 0 0 0 0 1 1 1 0 0 0 0 0 0 0 0 0 0 0 0 0 0 0 0 0 0 0 0 23 53 0 0 0 1 1 255 255 148 1 0 1 1 0 0 0 0 0 0 0 0 0 0 10 1 1 1 1 2 5 1 1 1 1 0 1 1 1 1 1 1 1 1 1 1 1 5 5 1 1 0 0 0 1 1 13 1 1 1 1 1 9 206 28 120 1 1 1 1 6 3 1 1 1 1 4 5 2 1 0 0 0 0 1 1 1 1 176 227 1 1 1 14 1 1 1 1 0 0 0 0 0 0 0 0 0 0 1 1 1 0 1 1 1 210 254 253 250 254 254 254 254 254 130 1 0 0 0 0 0 0 0 0 0 0 0 0 0 0 0 0 0 0 0 0 0 0 0 0 0 0 0 0
1 1 1 3 7 2 2 2 1 1 1 0 0 0 1 6 1 1 0 1 4 0 0 0 1 1 1 0 0 4 4 0 0 0 0 0 0 0 0 1 10 1 4 1 1 0 1 1 1 0 0 0 1 1 1 0 1 4 40 46 34 144 169 31 1 0 1 1 7 1 0 1 1 1 0 0 1 6 1 1 1 1 1 6 255 255 1 1 0 0 0 1 1 1 0 0 0 0 1 1 1 226 255 5 123 218 223 223 203 82 17 142 222 223 128 1 1 1 1 1 1 55 202 3 1 0 0 0 0 0 0 0 0 1 3 1 1 0 0 0 0 0 0 0 0 0 0 0 0 0 0 0 0 0 0 0 0 0 0 35 1 1 1 0 0 0 0 0 5 1 1 0 0 0 0 0 0 0 0 0 1 1 2 1 1 1 1 1 1 1 1 1 1 1 1 1 1 3 1 3 3 1 0 0 0 0 0 0 0 0 1 1 1 1 0 1 1 6 27 1 0 0 0 0 0 0 0 0 0 0 0 0 0 0 0 0 0 1 1 0 0 0 0 0 1 38 35 1 0 1 1 1 1 1 1 1 1 3 116 255 255 1 1 1 1 1 0 0 0 1 1 39 2 1 0 0 0 0 0 0 0 0 0 0 0 0 0 0 1 1 6 217 238 238 158 1 146 217 1 0 1 1 0 0 1 1 1 1 4 158 252 255 255 255 255 255 255 255 255 255 255 253 60 1 1 0 0 1 1 1 1 0 1 1 1 1 0 0 0 0 0 0 0 0 0 0 0 0 0 0 0 0 0 0 0 0 0 1 106 1 0 0 0 0 0 1 199 255 247 1 1 0 0 0 0 0 0 0 0 0 0 0 2 6 2 4 7 3 1 1 1 0 1 1 1 0 0 0 1 1 1 1 1 1 1 1 1 7 2 1 1 0 0 1 1 10 1 1 1 1 1 88 194 194 52 2 1 1 1 2 6 2 1 0 1 1 5 4 0 0 0 0 0 1 1 1 49 246 1 1 1 14 1 1 1 1 0 0 0 0 0 0 0 0 0 0 0 0 1 1 1 1 1 5 255 227 254 225 1 1 1 1 0 0 0 0 0 0 0 0 0 0 0 0 0 0 0 0 0 0 0 0 0 0 0 0 0 0 0 0 0 0
4 4 3 1 2 3 0 0 0 0 1 1 0 0 5 1 1 1 0 1 4 1 0 0 0 2 3 2 0 1 11 0 0 1 1 1 1 1 0 4 4 1 3 1 1 1 1 1 1 1 1 1 1 1 1 1 1 1 1 1 39 111 1 102 143 22 1 1 6 1 1 0 1 1 1 0 4 2 1 1 1 1 3 255 255 1 1 0 0 0 0 0 0 1 1 0 0 0 0 1 1 94 255 255 165 6 1 1 1 1 1 1 1 1 160 223 99 1 1 1 145 174 1 1 0 0 0 0 0 0 0 0 0 0 0 2 3 1 0 0 0 0 0 0 0 0 0 0 0 0 0 0 0 0 0 0 0 0 1 39 1 1 1 1 0 0 0 0 1 5 1 1 1 1 1 1 1 1 1 1 1 2 1 1 1 1 1 1 1 1 1 1 0 0 1 1 1 3 2 3 1 1 1 1 1 1 1 1 1 1 1 1 1 1 1 1 5 36 1 0 0 0 0 0 0 0 0 0 0 0 0 0 0 0 0 0 1 0 0 0 0 0 0 1 14 29 13 1 0 1 1 1 1 1 1 1 1 1 11 249 255 2 1 1 1 1 0 0 1 1 1 48 1 1 0 0 0 0 0 0 0 0 0 0 0 0 0 0 0 0 0 0 1 2 187 237 247 4 1 1 1 1 1 1 0 1 1 1 0 1 1 1 1 239 251 194 158 237 8 1 1 1 0 1 1 1 1 1 1 1 1 1 1 0 0 0 0 0 0 0 0 0 0 0 0 0 0 0 0 0 0 0 0 0 0 0 0 1 101 0 0 0 0 0 0 0 1 3 255 255 1 1 0 0 0 0 0 0 0 0 0 0 1 6 3 2 1 1 1 0 0 0 0 0 1 1 0 0 0 0 0 1 1 1 1 1 0 1 5 1 1 1 1 1 1 2 5 1 1 0 1 1 1 12 156 176 56 2 1 1 1 3 4 1 0 1 1 5 0 0 0 0 0 1 1 1 154 231 1 1 1 13 1 0 0 0 0 0 0 0 0 0 0 0 0 0 0 0 0 0 1 1 1 6 255 99 254 39 1 1 0 0 0 0 0 0 0 0 0 0 0 0 0 0 0 0 0 0 0 0 0 0 0 0 0 0 0 0 0 0 0 1
1 0 0 1 0 2 2 0 0 0 0 1 0 1 6 1 1 0 0 0 2 3 0 0 0 1 0 2 3 1 43 38 39 38 37 37 38 37 37 63 45 7 1 0 0 1 1 0 1 0 0 0 1 1 12 47 68 72 72 84 110 1 1 1 2 116 145 38 1 0 1 1 1 1 1 1 6 1 1 1 1 1 255 255 1 1 0 0 0 0 0 0 0 0 1 1 1 0 0 0 123 155 1 255 255 1 1 1 1 1 1 1 1 1 1 1 177 218 25 193 109 1 0 0 0 0 0 0 0 0 0 0 0 0 0 0 0 2 3 1 1 0 0 0 0 0 0 0 0 0 0 0 0 0 0 0 0 0 18 6 1 0 0 1 0 0 0 0 1 4 1 1 1 1 1 1 1 1 1 2 4 1 1 1 1 1 1 1 1 1 1 1 1 1 1 1 1 7 6 1 1 1 1 1 1 1 1 1 1 1 1 1 1 1 1 2 36 1 0 0 0 0 0 0 0 0 0 0 0 0 0 0 0 0 1 1 0 0 0 0 0 0 0 1 46 35 1 1 1 1 1 1 1 1 1 1 2 27 239 255 255 13 2 1 1 1 1 1 1 1 36 4 1 1 0 0 0 0 0 0 0 0 0 0 0 0 0 0 0 0 0 0 0 0 1 5 253 241 1 1 0 1 1 1 1 0 0 1 1 1 7 249 253 192 3 231 207 1 48 0 0 1 1 1 1 1 0 0 0 0 0 1 1 0 0 0 0 0 0 0 0 0 0 0 0 0 0 0 0 0 0 0 0 0 0 0 1 75 7 0 0 0 0 0 0 0 0 0 1 253 255 53 1 0 0 0 0 0 0 0 0 0 1 2 1 1 0 0 0 0 0 0 0 0 0 1 1 0 0 0 0 0 0 0 0 0 0 0 1 5 7 7 6 4 2 1 8 1 1 1 1 1 1 1 1 15 154 193 192 105 1 1 6 1 0 1 2 3 0 0 0 0 0 0 1 1 239 110 1 1 5 3 1 1 1 0 1 1 1 1 0 0 0 0 0 0 1 1 0 0 0 1 1 241 254 255 250 1 1 1 0 0 0 0 0 0 0 0 0 0 0 0 0 0 0 0 0 0 0 0 0 0 0 0 0 0 0 0 0 0 0 1
1 1 0 0 0 1 2 2 1 1 1 1 1 7 10 1 1 0 0 0 1 3 1 0 1 2 0 0 4 16 2 1 1 0 1 1 1 1 1 4 3 59 6 0 1 1 1 1 1 1 1 45 77 76 49 13 3 3 3 1 18 2 1 1 1 1 2 136 161 15 1 1 1 1 1 3 3 1 1 1 1 255 255 2 1 0 0 0 0 0 0 0 0 0 0 0 1 1 0 142 138 1 1 1 255 255 1 1 1 1 1 0 0 0 1 1 1 6 239 20 1 0 0 0 0 0 0 0 0 0 0 0 0 0 0 0 0 0 1 2 3 2 1 0 0 0 0 0 0 0 0 0 0 0 0 0 0 1 38 1 0 0 0 1 0 0 0 0 1 1 4 1 0 0 0 0 1 0 1 3 1 1 1 0 0 0 1 1 1 1 1 1 1 1 1 1 3 19 3 3 3 3 3 3 3 3 3 3 3 3 3 5 18 21 21 32 2 0 0 0 0 0 0 0 0 0 0 0 0 0 0 0 0 1 1 0 0 0 0 0 0 0 0 0 3 41 2 1 1 1 1 1 1 1 1 10 235 255 255 255 195 20 41 49 12 1 1 1 1 27 10 1 0 1 1 0 0 0 0 0 0 0 0 0 0 0 0 0 0 0 0 0 0 0 0 1 1 239 255 171 1 0 1 1 1 0 0 1 95 252 252 129 1 190 241 73 1 1 47 1 1 1 1 0 1 0 0 0 0 0 0 0 1 0 0 0 0 0 0 0 0 0 0 0 0 0 0 0 0 0 0 0 0 0 0 0 1 101 1 0 0 0 0 0 0 0 0 0 0 1 211 255 221 1 1 0 0 0 0 0 0 0 1 1 1 0 0 0 0 0 0 0 0 0 0 0 1 1 0 0 0 0 0 0 0 0 0 0 0 1 1 1 1 1 2 6 17 8 7 5 7 9 9 7 2 1 1 1 5 143 89 1 2 3 1 1 5 2 1 1 1 0 1 0 1 1 248 12 1 1 6 6 3 2 2 2 1 1 1 1 1 1 0 0 0 1 1 1 0 0 1 1 245 252 1 2 251 4 1 1 0 0 0 0 0 0 0 0 0 0 0 0 0 0 0 0 0 0 0 0 0 0 0 0 0 0 0 0 0 0 1 227
118 2 1 0 0 1 1 3 4 4 4 5 6 3 1 9 5 1 0 0 1 1 3 1 0 2 1 0 9 1 0 0 1 1 1 1 1 1 1 4 2 1 50 4 1 1 1 1 4 63 70 10 1 1 1 1 1 1 1 1 2 18 1 0 1 1 1 1 3 147 161 12 1 1 1 1 7 1 1 1 255 255 21 1 1 0 0 0 0 0 0 0 0 0 0 0 0 1 157 119 1 1 1 1 1 255 255 222 1 1 1 1 1 0 0 1 1 92 130 1 0 0 0 0 0 0 0 0 0 0 0 0 0 0 0 0 0 0 0 0 0 1 3 3 3 1 1 1 1 1 1 1 1 0 0 0 0 7 15 0 0 0 1 1 0 0 0 0 1 1 4 1 0 0 0 1 1 1 3 1 1 1 1 1 1 0 0 0 0 1 0 0 1 1 1 2 5 5 1 1 1 1 1 1 1 1 1 1 1 1 1 20 4 3 3 1 0 0 0 0 0 0 0 0 0 0 0 0 0 0 0 0 1 1 0 0 0 0 0 0 0 0 0 0 1 1 23 1 1 1 1 1 1 3 235 255 255 255 31 222 20 1 1 1 21 51 33 22 49 10 1 0 1 1 0 1 0 0 0 0 0 0 0 0 0 0 0 0 0 0 0 0 0 0 0 1 0 1 2 253 167 1 1 1 1 1 104 252 251 8 1 42 241 180 1 1 1 1 25 5 0 1 0 0 0 0 0 0 0 0 0 0 1 0 0 0 0 0 0 0 0 0 0 0 0 0 0 0 0 0 0 0 0 0 0 1 36 32 0 0 0 0 0 0 0 0 0 0 0 0 1 25 255 255 6 1 1 1 0 0 0 0 2 1 0 0 0 0 0 0 0 0 0 0 0 0 0 0 1 1 0 0 0 0 0 0 0 0 0 0 0 0 1 1 1 1 7 2 1 1 1 1 1 1 6 12 11 2 1 6 188 1 1 11 15 23 32 5 1 1 1 1 1 1 1 1 246 115 1 1 1 6 1 1 1 1 3 1 1 1 1 1 1 1 0 0 1 1 1 1 1 248 251 1 1 1 241 207 0 1 0 0 0 0 0 0 0 0 0 0 0 0 0 0 0 0 0 0 0 0 0 0 0 0 0 0 0 0 0 1 1 255
65 134 2 1 0 0 1 0 1 1 1 1 1 1 1 2 2 5 1 0 0 1 4 1 1 1 2 1 9 0 0 1 1 1 1 0 0 0 0 4 1 1 1 47 57 22 34 71 61 3 1 1 1 1 1 1 1 0 1 2 1 2 13 1 1 1 1 0 0 1 5 156 156 5 1 1 7 1 1 253 255 2 1 1 1 1 1 0 0 0 0 0 0 0 0 0 1 166 99 1 1 1 0 1 1 1 167 255 255 110 1 1 1 1 0 1 1 186 2 1 0 0 0 0 0 0 0 0 0 0 0 0 0 0 0 0 0 0 0 0 0 0 0 0 1 2 3 3 2 2 3 3 3 3 3 2 1 37 1 1 1 1 1 0 0 0 0 0 0 1 1 4 1 0 1 1 1 3 1 1 1 1 1 1 1 1 0 0 0 1 0 0 1 1 2 6 1 4 1 1 1 0 0 0 0 0 0 0 0 1 4 11 1 1 1 1 0 0 0 0 0 0 0 0 0 0 0 0 0 0 1 1 1 0 0 0 0 0 0 0 0 0 0 1 1 1 23 1 1 1 1 1 234 255 255 255 11 2 2 229 2 1 1 1 1 1 5 11 1 1 0 1 1 0 0 1 0 0 0 0 0 0 0 0 0 0 0 0 0 0 0 0 0 0 0 0 0 0 1 1 254 63 1 1 155 252 251 20 1 1 225 236 3 1 1 1 0 0 1 40 0 1 0 0 0 0 0 0 0 0 0 0 1 1 1 0 0 0 0 0 0 0 0 0 0 0 0 0 0 0 0 0 0 0 1 1 99 1 0 0 0 0 0 0 0 0 0 0 0 0 0 1 1 253 255 255 216 2 1 1 0 0 2 0 0 0 0 0 0 0 0 0 0 0 0 0 0 0 0 1 1 0 0 0 0 0 0 0 0 0 0 0 0 0 1 1 1 7 12 9 6 9 17 16 14 14 16 18 2 21 174 3 40 31 18 1 2 7 16 4 1 1 1 1 1 1 243 59 23 1 1 2 7 1 1 1 1 11 8 8 4 1 1 1 1 0 0 1 1 1 251 248 1 1 1 1 222 235 0 1 0 0 0 0 0 0 0 0 0 0 0 0 0 0 0 0 0 0 0 0 0 0 0 0 0 0 0 0 1 1 255 255
1 58 123 1 0 0 1 0 0 0 0 1 1 0 1 1 1 4 2 1 1 1 3 2 1 0 1 5 3 0 0 1 1 1 1 0 0 0 1 5 1 0 1 1 2 18 17 2 1 0 0 0 1 1 1 0 0 1 2 1 1 0 15 2 1 1 1 0 0 0 0 1 11 163 151 11 2 1 90 255 70 1 1 0 0 1 1 1 1 0 0 0 0 0 0 1 174 81 1 1 1 1 1 1 1 1 1 1 245 255 255 3 1 1 1 1 1 190 1 0 0 0 0 0 0 0 0 0 0 0 0 0 0 0 0 0 0 0 0 0 0 0 0 0 0 0 0 0 0 0 0 0 0 0 1 1 2 45 13 1 0 1 0 0 0 0 0 0 0 0 1 5 1 0 1 1 3 1 1 0 0 1 1 1 1 1 1 0 0 0 0 1 1 2 7 1 1 4 1 0 1 0 0 0 0 0 0 0 1 1 19 1 1 1 0 0 0 0 0 0 0 0 0 0 0 0 0 0 0 1 1 0 0 1 1 0 0 0 0 0 0 0 1 1 0 3 12 1 1 1 231 255 255 255 4 1 1 1 11 227 1 1 1 0 0 0 1 1 1 0 1 1 0 0 0 1 1 0 0 0 0 0 0 0 0 0 0 0 0 0 0 0 0 0 0 0 0 0 0 1 18 255 244 253 246 2 1 3 25 241 106 1 0 0 0 1 1 0 1 47 0 1 0 0 0 0 0 0 0 0 0 0 0 0 1 1 0 0 0 0 0 0 0 0 0 0 0 0 0 0 0 0 0 1 1 89 3 0 0 0 0 0 0 0 0 0 0 0 0 0 0 0 0 1 1 246 255 255 255 234 1 1 2 0 0 0 0 0 0 0 0 0 0 0 0 0 0 0 0 0 1 1 0 0 0 0 0 0 0 0 0 0 0 0 0 1 2 1 1 2 3 2 1 1 1 1 1 7 46 196 17 40 1 1 5 1 1 1 1 8 5 1 1 1 1 1 243 1 103 1 3 2 2 9 10 9 10 7 4 1 2 8 3 1 1 1 1 1 2 251 241 1 1 0 0 1 11 251 0 1 0 0 0 0 0 0 0 0 0 0 0 0 0 0 0 0 0 0 0 0 0 0 0 0 0 0 0 0 1 1 255 39
0 2 158 4 0 0 1 1 0 0 0 0 0 1 0 1 2 5 2 1 1 1 1 4 1 1 0 6 1 0 0 0 0 1 1 1 1 0 1 4 0 0 0 0 1 1 3 2 1 1 1 0 0 0 0 0 1 2 1 0 1 1 2 15 0 1 0 0 0 0 0 0 0 1 19 171 156 5 255 248 1 1 0 0 0 0 0 1 1 1 1 0 0 0 1 178 69 1 1 0 0 0 1 1 0 0 1 1 1 1 255 255 240 1 1 1 1 189 1 1 1 0 0 0 0 0 0 0 0 0 0 0 0 0 0 0 0 0 0 0 0 0 0 0 0 0 0 0 0 0 0 0 0 0 0 0 0 1 15 49 14 1 1 0 0 0 0 0 0 0 1 4 1 1 1 3 1 0 0 0 0 0 1 1 1 1 1 0 0 0 1 1 2 8 1 1 1 3 2 0 1 1 1 0 0 0 0 0 1 1 22 1 0 0 0 0 0 0 0 0 0 0 0 0 0 0 0 0 1 1 0 0 1 1 1 0 1 1 1 1 1 1 0 1 1 22 1 1 223 255 255 255 2 1 1 1 1 1 52 215 1 1 1 1 0 0 0 0 0 1 1 0 0 0 0 0 1 1 0 0 0 0 0 0 0 0 0 0 0 0 0 0 0 0 0 0 0 0 0 1 253 254 178 1 1 1 1 104 239 3 1 0 0 0 0 0 1 1 1 48 0 1 1 1 1 1 1 0 0 0 0 0 0 0 0 1 1 0 0 0 0 0 0 0 0 0 0 0 0 0 0 0 1 1 40 27 0 0 0 0 0 0 0 0 0 0 0 0 0 0 0 0 0 0 0 0 1 1 159 255 255 249 3 1 0 0 0 0 0 0 0 0 0 0 0 0 0 0 0 0 0 1 1 1 0 0 0 0 0 0 0 0 0 0 1 2 1 0 1 1 1 1 1 1 0 0 1 1 3 222 39 2 1 1 1 7 1 1 1 1 15 1 1 1 1 2 243 1 33 116 102 86 49 21 3 1 1 3 37 108 14 1 4 10 11 11 10 9 214 253 1 1 0 0 0 0 1 253 0 1 0 0 0 0 0 0 0 0 0 0 0 0 0 0 0 0 0 0 0 0 0 0 0 0 0 0 0 1 1 255 255 1
0 1 106 71 1 0 0 1 1 0 0 0 0 1 1 1 2 5 1 1 1 0 0 1 4 1 1 6 1 0 0 0 0 1 1 1 1 1 5 1 0 0 0 0 0 1 3 1 1 1 1 1 1 0 0 0 2 1 0 0 0 0 1 19 0 0 0 0 0 0 0 0 0 0 1 1 31 255 255 4 1 0 0 0 0 0 0 0 0 1 1 1 0 1 181 63 1 1 0 0 0 1 1 1 1 1 0 0 1 1 1 66 255 255 1 1 1 189 1 1 1 0 0 0 0 0 0 0 0 0 0 0 0 0 0 0 0 0 0 0 0 0 0 0 0 0 0 0 0 0 0 0 0 0 0 0 0 0 0 1 14 48 19 1 1 1 0 0 0 0 0 3 1 1 2 1 0 0 0 0 0 0 0 1 1 1 1 1 0 1 1 1 8 1 1 0 0 1 3 0 0 0 1 1 0 0 0 0 1 1 20 1 0 0 0 0 0 0 0 0 0 0 0 0 0 0 0 0 1 0 1 1 1 1 1 1 1 1 1 1 1 1 1 1 9 6 216 255 255 255 2 1 1 1 1 1 1 1 117 189 1 1 1 1 0 0 0 1 1 1 0 0 0 0 0 0 0 1 1 0 0 0 0 0 0 0 0 0 0 0 0 0 0 0 0 0 0 0 0 1 255 1 1 1 1 1 190 226 1 1 0 0 0 0 0 0 0 1 1 48 1 1 1 0 0 0 1 1 1 1 1 0 0 0 0 0 1 0 0 0 0 0 0 0 0 0 0 0 0 0 0 1 1 31 39 1 0 0 0 0 0 0 0 0 0 0 0 0 0 0 0 0 0 0 0 0 0 0 1 1 21 255 255 246 1 1 0 0 0 0 0 0 0 0 0 0 0 0 0 0 0 0 0 1 1 0 0 0 0 0 0 0 0 1 2 1 0 0 0 0 0 1 1 0 0 0 0 1 1 206 6 1 1 1 1 8 1 1 1 1 4 17 13 1 1 2 242 1 1 3 1 5 29 58 94 101 100 90 41 4 90 106 88 2 1 1 1 1 255 6 1 0 0 0 0 0 1 253 0 1 1 0 0 0 0 0 0 0 0 0 0 0 0 0 0 0 0 0 0 0 0 0 0 0 0 0 0 1 1 255 11 1
0 1 25 143 1 1 1 0 1 0 0 0 0 1 1 2 5 2 0 0 0 0 1 1 1 4 1 6 1 0 0 0 0 0 1 0 0 1 6 1 1 1 1 1 1 1 2 1 1 1 1 1 1 1 0 1 2 1 0 0 1 0 1 19 0 0 0 0 0 0 0 0 0 1 1 1 255 255 3 88 93 3 1 0 0 0 0 0 0 0 1 1 1 177 58 1 1 1 0 0 1 1 0 0 0 1 1 0 0 1 1 1 1 255 255 1 1 188 1 1 1 0 0 0 0 0 0 0 0 0 0 0 0 0 0 0 0 0 0 0 0 0 0 0 0 0 0 0 0 0 0 0 0 0 0 0 0 0 0 0 0 1 10 47 32 1 1 0 0 1 1 2 3 4 2 1 0 0 0 0 0 0 0 0 1 1 1 1 1 1 2 8 1 1 1 0 0 1 3 0 0 0 1 1 0 0 0 1 1 12 3 0 0 0 0 0 0 0 0 0 0 0 0 0 0 0 0 0 1 1 1 1 1 0 1 1 1 1 1 1 1 1 1 1 222 255 255 255 2 1 1 1 1 1 1 1 1 1 157 158 1 1 1 0 0 0 0 0 0 0 0 0 0 0 0 0 0 0 1 1 0 0 0 0 0 0 0 0 0 0 0 0 0 0 0 0 0 0 0 1 255 16 1 1 8 239 177 1 0 0 0 0 0 0 0 0 0 0 1 51 4 1 1 0 0 0 0 0 0 0 1 1 1 1 0 0 1 1 0 0 0 0 0 0 0 0 0 0 0 0 1 1 22 49 1 0 0 0 0 0 0 0 0 0 0 0 0 0 0 0 0 0 0 0 0 0 0 0 0 1 1 1 22 255 255 87 1 0 0 0 0 0 0 0 0 0 0 0 0 0 0 0 0 0 1 1 0 0 0 0 0 0 1 2 1 0 0 0 0 0 0 0 0 1 1 0 0 0 1 6 206 1 1 1 0 1 5 1 1 1 1 1 1 17 1 1 243 1 1 3 1 1 1 1 1 1 1 1 1 1 3 2 6 96 101 28 1 248 247 1 1 0 0 0 0 0 1 253 0 0 1 0 0 0 0 0 0 0 0 0 0 0 0 0 0 0 0 0 0 0 0 0 0 0 0 0 1 1 255 255 1 1
0 1 6 157 1 1 1 1 1 1 0 0 0 0 1 3 38 1 1 1 1 4 4 4 23 26 5 6 1 1 0 0 0 1 1 0 0 1 4 1 0 0 0 0 1 1 2 1 1 1 0 0 1 1 1 2 1 0 1 1 1 0 2 14 0 0 0 0 0 0 0 1 1 1 1 248 255 7 1 0 2 93 95 3 1 0 0 0 0 0 0 1 137 126 1 1 1 1 0 1 1 0 0 0 0 0 1 1 0 0 1 1 1 1 255 255 3 183 1 1 0 0 0 0 0 0 0 0 0 0 0 0 0 0 0 0 0 0 0 0 0 0 0 0 0 0 0 0 0 0 0 0 0 0 0 0 0 0 0 0 0 0 0 0 3 46 3 1 1 1 1 8 26 22 10 1 0 0 0 0 0 0 0 0 0 0 1 1 1 1 10 1 1 0 1 1 0 1 4 0 0 0 0 1 1 0 0 1 3 15 1 0 0 0 0 0 0 0 0 0 0 0 0 0 0 0 0 1 0 0 0 0 0 0 1 1 1 1 1 1 1 1 56 255 255 255 2 1 1 1 1 1 1 1 1 1 1 1 191 115 1 1 1 0 0 0 0 0 0 0 0 0 0 0 0 0 0 0 0 1 1 0 0 0 0 0 0 0 0 0 0 0 0 0 0 0 0 0 0 6 173 255 1 209 239 11 1 0 0 0 0 0 0 0 0 0 0 0 1 16 5 16 18 18 18 10 1 1 0 0 0 0 0 1 1 1 0 1 1 0 0 0 0 0 0 0 0 0 0 0 1 5 77 1 0 0 0 0 0 0 0 0 0 0 0 0 0 0 0 0 0 0 0 0 0 0 0 0 0 0 1 1 1 1 208 255 187 1 1 1 0 0 0 0 0 0 0 0 0 0 0 0 0 0 0 1 1 0 0 0 0 1 2 1 0 0 0 0 0 0 0 0 0 0 1 1 0 0 0 1 30 198 1 1 0 1 7 1 1 1 1 0 1 1 16 1 243 1 1 3 1 1 1 1 1 1 1 1 1 1 1 5 1 1 1 49 134 255 1 1 0 0 0 0 0 0 1 252 0 0 1 0 0 0 0 0 0 0 0 0 0 0 0 0 0 0 0 0 0 0 0 0 0 0 0 0 1 1 255 5 1 1
0 1 1 160 4 1 1 1 1 1 1 1 1 0 0 20 15 12 3 12 30 20 19 17 3 29 2 9 0 1 0 0 0 0 0 0 1 4 1 1 0 0 0 0 1 1 2 1 1 1 0 0 0 1 2 1 1 1 0 1 1 1 16 1 0 0 0 0 0 0 1 1 1 1 120 255 122 1 0 0 0 1 3 93 91 2 1 0 0 0 1 52 179 1 1 1 1 1 1 1 0 0 0 0 0 0 0 1 1 1 0 1 1 1 1 255 255 148 1 1 1 0 0 0 0 0 0 0 0 0 0 0 0 0 0 0 0 0 0 0 0 0 0 0 0 0 0 0 0 0 0 0 0 0 0 0 0 0 0 0 0 0 0 0 0 1 42 3 3 8 14 3 1 1 17 5 1 0 0 0 0 0 0 0 0 0 0 1 1 4 7 1 0 0 1 1 0 1 4 1 0 0 0 0 1 1 1 1 24 1 1 1 0 0 0 0 0 0 0 0 0 0 0 0 0 0 0 1 0 0 0 0 0 1 1 1 1 1 1 2 80 255 255 255 41 1 1 1 1 0 1 1 1 1 0 0 1 1 191 110 1 1 1 0 0 1 1 0 0 0 0 0 0 0 0 0 0 0 0 1 1 0 0 0 0 0 0 0 0 0 0 0 0 0 0 0 0 0 4 18 1 252 255 142 1 1 1 1 0 0 0 0 0 0 0 0 0 0 0 11 1 1 1 0 1 2 12 17 18 17 13 1 0 0 0 1 1 0 1 0 0 0 0 0 0 0 0 0 0 1 1 100 1 0 0 0 0 0 0 0 0 0 0 0 0 0 0 0 0 0 0 0 0 0 0 0 0 0 0 0 0 1 1 1 1 46 255 144 0 1 0 0 0 0 0 0 0 0 0 0 0 0 0 0 0 0 1 1 1 0 1 2 1 0 0 0 0 0 0 0 0 0 0 0 0 1 1 0 0 0 1 52 196 1 1 0 1 8 1 1 2 1 0 1 1 17 246 1 1 1 3 1 1 1 1 1 1 1 1 1 0 1 5 1 1 1 253 229 4 1 0 0 0 0 0 0 1 252 0 1 1 0 0 0 0 0 0 0 0 0 0 0 0 0 0 0 0 0 0 0 0 0 0 0 0 1 1 255 255 1 1 0
0 0 1 41 132 2 1 1 1 1 0 0 1 1 1 7 13 4 17 6 1 1 0 1 1 31 1 10 1 1 0 0 0 0 0 0 1 5 0 1 1 1 1 0 1 1 2 1 1 1 0 0 1 2 1 1 1 1 0 1 0 1 19 1 0 0 0 0 0 0 1 1 1 3 255 240 1 0 0 0 0 0 1 1 3 97 88 2 1 1 1 207 1 1 1 1 1 1 1 0 0 0 0 0 0 0 0 0 0 1 1 0 1 1 1 1 255 237 1 1 1 1 0 0 0 0 0 0 0 0 0 0 0 0 0 0 0 0 0 0 0 0 0 0 0 0 0 0 0 0 0 0 0 0 0 0 0 0 0 0 0 0 0 0 0 0 1 39 7 3 1 1 1 1 1 16 12 1 0 0 0 0 0 0 0 0 0 1 2 1 5 3 1 1 1 1 0 1 4 1 0 0 0 0 0 1 1 15 5 1 0 1 1 0 0 0 0 0 0 0 0 0 0 0 0 0 0 1 0 0 0 0 1 1 1 1 1 2 214 255 255 255 255 105 1 1 1 1 0 1 1 1 0 0 0 0 1 1 140 172 1 1 1 0 0 1 0 0 0 0 0 0 0 0 0 0 0 1 1 1 0 0 0 0 0 0 0 0 0 0 0 0 0 0 0 0 1 13 12 1 0 1 255 1 1 0 0 1 0 0 0 0 0 0 0 0 0 0 0 1 10 1 1 0 0 0 0 1 1 1 1 13 17 5 1 0 1 1 1 1 0 0 0 0 0 0 0 0 1 1 68 9 0 0 0 0 0 0 0 0 0 0 0 0 0 0 0 0 0 0 0 0 0 0 0 0 0 0 0 0 0 0 0 1 1 1 109 255 1 0 0 0 0 0 0 0 0 0 0 0 0 0 0 0 0 0 0 0 1 1 3 1 0 0 0 0 0 0 0 0 0 0 0 0 0 0 1 1 0 0 0 1 43 196 1 1 1 6 1 1 1 1 0 1 1 1 154 218 1 1 3 1 1 1 1 0 0 1 1 0 0 1 2 1 1 230 248 7 190 1 0 0 0 0 0 0 145 248 0 1 0 0 0 0 0 0 0 0 0 0 0 0 0 0 0 0 0 0 0 0 0 0 0 0 0 1 1 255 3 1 1 0
0 0 0 1 84 134 17 10 12 7 1 1 0 0 1 1 33 1 1 1 1 1 0 0 1 32 1 7 2 1 1 0 0 0 0 0 1 4 0 0 1 1 1 1 1 0 1 2 0 1 0 1 2 1 1 0 1 1 1 1 0 12 3 1 0 0 0 0 0 0 1 1 1 255 255 1 1 0 0 0 1 1 1 0 0 1 4 99 84 1 138 120 1 1 0 1 1 1 0 0 0 0 0 0 0 0 0 0 0 0 1 1 1 1 1 1 154 255 245 1 1 1 1 0 0 0 0 0 0 0 0 0 0 0 0 0 0 0 0 0 0 0 0 0 0 0 0 0 0 0 0 0 0 0 0 0 0 0 0 0 0 0 0 0 0 0 0 4 5 0 0 0 0 0 0 1 8 12 1 0 0 0 0 0 0 0 1 2 1 1 1 6 3 1 1 1 0 1 5 1 0 0 0 0 1 1 12 9 1 0 0 0 1 1 0 0 0 0 0 0 0 0 0 0 0 0 1 1 0 0 0 1 1 1 1 3 198 255 255 255 70 4 255 8 1 1 1 1 1 1 0 0 0 0 0 0 1 1 46 215 2 1 1 1 0 1 0 0 0 0 0 0 0 0 0 1 1 1 0 0 0 0 0 0 0 0 0 0 0 0 0 0 0 0 0 1 13 4 0 0 0 1 255 254 1 0 0 1 0 0 0 0 0 0 0 0 0 0 0 1 15 0 1 0 0 0 0 0 0 0 0 1 1 5 17 3 0 0 1 1 1 0 0 0 0 0 0 1 1 12 64 1 0 0 0 0 0 0 0 0 0 0 0 0 0 0 0 0 0 0 0 0 0 0 0 0 0 0 0 0 0 0 0 0 1 1 1 253 255 1 0 0 0 0 0 0 0 0 0 0 0 0 0 0 0 0 0 0 0 2 1 0 0 0 0 0 0 0 0 0 0 0 0 0 0 0 0 1 1 0 0 0 1 123 136 1 0 1 9 1 1 1 0 0 0 1 1 211 173 1 1 3 1 1 1 0 0 0 1 0 0 1 1 6 248 248 1 1 138 85 1 0 0 0 0 0 248 147 0 1 0 0 0 0 0 0 0 0 0 0 0 0 0 0 0 0 0 0 0 0 0 0 0 0 1 1 255 255 1 1 1 0
0 0 0 0 1 36 147 153 150 155 159 38 1 1 1 1 25 5 2 1 1 1 1 1 1 30 1 2 8 1 1 1 1 0 0 1 4 1 0 0 0 1 1 1 0 0 1 3 0 1 1 1 2 1 0 0 0 1 1 1 3 12 1 1 1 1 1 0 0 1 1 1 255 255 1 1 1 1 1 1 1 0 0 0 0 0 0 1 6 100 222 1 1 0 1 1 1 0 0 0 0 0 0 0 0 0 0 0 0 0 0 0 1 1 1 89 13 22 255 255 1 1 1 1 0 0 0 0 0 0 0 0 0 0 0 0 0 0 0 0 0 0 0 0 0 0 0 0 0 0 0 0 0 0 0 0 0 0 0 0 0 0 0 0 0 0 0 0 14 1 0 0 0 0 0 1 1 30 1 0 0 0 0 0 0 1 2 1 1 0 0 1 6 3 1 1 1 1 5 1 0 0 0 1 1 11 4 1 2 1 0 0 0 1 0 0 0 0 0 0 0 0 0 0 0 0 1 0 0 1 1 1 1 5 213 255 255 255 47 2 1 1 255 2 1 1 1 1 1 0 0 0 0 0 0 0 1 1 7 227 3 1 1 0 0 1 1 0 0 0 0 0 0 1 1 1 0 0 0 0 0 0 0 0 0 0 0 0 0 0 0 0 0 0 1 10 4 0 0 0 0 0 2 255 1 0 0 1 1 0 0 0 0 0 0 0 0 0 0 1 15 0 1 1 0 0 0 0 0 0 0 0 0 0 1 7 17 2 0 0 1 1 1 0 0 0 0 1 1 99 1 0 0 0 0 0 0 0 0 0 0 0 0 0 0 0 0 0 0 0 0 0 0 0 0 0 0 0 0 0 0 0 0 0 1 0 1 1 255 12 0 0 0 0 0 0 0 0 0 0 0 0 0 0 0 0 0 0 2 1 1 1 1 1 0 0 0 0 0 0 0 0 0 0 0 0 0 0 1 0 0 0 1 1 216 1 0 0 2 7 1 1 1 0 0 0 1 1 216 167 1 2 1 1 1 1 0 0 0 0 0 1 1 251 224 1 1 1 1 200 1 0 0 0 0 1 252 1 0 1 0 0 0 0 0 0 0 0 0 0 0 0 0 0 0 0 0 0 0 0 0 0 0 0 1 1 255 2 1 0 1 0
0 0 0 0 0 0 1 1 1 1 4 135 112 3 1 1 1 19 31 32 7 2 1 1 2 22 2 1 3 6 1 0 1 1 1 1 5 0 0 0 0 0 0 0 0 0 0 3 1 0 1 2 1 0 1 1 0 1 1 1 18 1 0 0 0 1 1 1 1 1 1 243 255 2 1 1 1 1 0 0 0 0 0 0 0 0 0 1 1 1 217 1 1 1 1 1 0 0 0 0 0 0 0 0 0 0 0 0 0 0 0 0 0 1 1 123 1 1 1 255 255 1 1 1 1 0 0 0 0 0 0 0 0 0 0 0 0 0 0 0 0 0 0 0 0 0 0 0 0 0 0 0 0 0 0 0 0 0 0 0 0 0 0 0 0 0 0 0 1 12 0 0 0 0 0 1 1 28 1 0 0 0 0 0 1 2 1 1 0 0 0 0 1 6 3 1 1 1 5 1 0 0 1 1 9 5 1 1 2 1 1 0 0 1 1 0 0 0 0 0 0 0 0 0 0 0 1 1 1 1 1 4 198 255 255 255 57 2 1 1 1 1 255 1 1 1 0 1 0 0 0 0 0 0 0 0 1 1 2 227 7 1 1 0 0 0 1 0 0 0 0 1 1 1 0 0 0 0 0 0 0 0 0 0 0 0 0 0 0 0 0 0 0 0 8 6 0 0 0 0 0 0 1 255 1 1 0 0 1 0 0 0 0 0 0 0 0 0 0 1 15 0 1 1 1 0 0 0 0 0 0 0 0 0 0 0 1 10 16 2 1 1 1 1 1 1 1 1 88 2 0 0 0 0 0 0 0 0 0 0 0 0 0 0 0 0 0 0 0 0 0 0 0 0 0 0 0 0 0 0 0 0 0 0 1 0 0 1 250 255 1 0 0 0 0 0 0 0 0 0 0 0 0 0 0 0 0 1 1 0 0 0 1 1 1 1 1 0 0 0 0 0 0 0 0 0 0 0 1 1 0 0 1 1 214 2 0 0 1 8 0 1 1 0 0 0 0 1 1 219 167 1 3 1 1 2 2 1 1 1 1 11 253 250 137 1 1 1 1 201 1 0 0 0 0 1 253 1 0 1 0 0 0 0 0 0 0 0 0 0 0 0 0 0 0 0 0 0 0 0 0 0 0 1 1 255 255 1 1 1 1 0
0 0 0 0 0 0 0 0 0 0 1 1 64 154 31 1 1 1 1 2 19 26 25 3 1 3 24 1 1 3 9 1 0 0 1 1 4 0 0 0 0 0 0 0 0 0 0 2 1 0 1 2 0 0 1 1 1 1 1 18 1 0 0 0 0 0 0 0 1 1 1 255 142 1 1 1 1 0 0 0 0 0 0 0 0 0 0 0 1 1 216 1 1 1 0 1 0 0 0 0 0 0 0 0 0 0 0 0 0 0 0 0 0 0 35 64 1 1 1 1 255 253 1 1 1 0 0 0 0 0 0 0 0 0 0 0 0 0 0 0 0 0 0 0 0 0 0 0 0 0 0 0 0 0 0 0 0 0 0 0 0 0 0 0 0 0 0 0 0 14 1 0 0 0 0 1 1 20 3 0 0 0 0 1 2 1 1 0 0 0 0 0 0 1 6 3 1 1 5 1 0 1 1 7 6 1 0 0 1 2 1 1 0 0 1 0 0 0 0 0 0 0 0 0 0 1 1 1 1 1 118 255 255 255 74 2 1 1 1 1 1 1 255 1 1 1 0 1 1 0 0 0 0 0 0 0 1 1 1 216 47 1 1 0 0 0 1 0 1 1 1 1 0 0 0 0 0 0 0 0 0 0 0 0 0 0 0 0 0 0 0 0 0 5 9 0 0 0 0 0 0 0 1 255 171 1 0 0 1 0 0 0 0 0 0 0 0 0 0 0 14 1 1 0 1 1 0 0 0 0 0 0 0 0 0 0 0 1 1 9 17 11 1 1 0 1 1 46 23 0 0 0 0 0 0 0 0 0 0 0 0 0 0 0 0 0 0 0 0 0 0 0 0 0 0 0 0 0 0 0 0 0 0 0 1 1 0 0 1 255 81 1 0 0 0 0 0 0 0 0 0 0 0 0 0 0 1 2 0 0 0 0 0 1 1 0 1 1 0 0 0 0 0 0 0 0 0 0 0 1 0 0 1 1 172 75 0 0 0 8 1 1 2 1 0 0 0 0 1 1 215 217 2 3 1 1 1 1 2 2 6 253 214 2 177 230 125 1 1 200 1 0 0 0 0 92 250 1 1 1 0 0 0 0 0 0 0 0 0 0 0 0 0 0 0 0 0 0 0 0 0 0 1 1 1 255 2 1 0 1 0 0
0 0 0 0 0 0 0 0 0 0 0 0 1 4 137 133 3 1 1 2 8 1 1 24 1 2 6 12 1 1 1 8 9 2 1 4 1 1 1 1 1 1 0 0 0 0 1 1 2 1 3 1 0 0 1 1 1 1 14 3 1 0 0 0 0 0 0 1 1 1 255 255 1 1 1 1 0 0 0 0 0 0 0 0 0 0 0 0 1 32 198 1 1 0 1 1 0 0 0 0 0 0 0 0 0 0 0 0 0 0 0 0 0 1 124 1 1 1 1 1 2 255 205 1 1 1 0 0 0 0 0 0 0 0 0 0 0 0 0 0 0 0 0 0 0 0 0 0 0 0 0 0 0 0 0 0 0 0 0 0 0 0 0 0 0 0 0 0 0 5 4 0 0 0 0 0 1 3 21 1 0 0 1 2 1 1 0 0 0 0 0 0 0 0 1 6 3 1 4 1 1 1 6 8 1 0 0 0 0 1 2 1 1 0 1 0 0 0 0 1 1 1 1 1 1 1 1 1 1 254 255 255 106 3 1 1 1 1 1 1 1 1 255 2 1 1 0 0 1 0 0 0 0 0 0 0 1 1 1 161 156 1 1 1 0 0 1 1 1 0 0 0 0 0 0 0 0 0 0 0 0 0 0 0 0 0 0 0 0 0 0 0 2 15 1 0 0 0 0 0 0 0 0 141 255 1 0 0 1 1 0 0 0 0 0 0 0 0 0 0 12 1 1 0 0 1 1 0 0 0 0 0 0 0 0 0 0 0 0 0 1 2 14 16 16 15 33 66 1 0 0 0 0 0 0 0 0 0 0 0 0 0 0 0 0 0 0 0 0 0 0 0 0 0 0 0 0 0 0 0 0 0 0 0 0 1 0 0 1 209 255 1 1 0 0 0 0 0 0 0 0 0 0 0 0 1 2 1 0 0 0 0 0 0 1 1 0 1 0 0 0 0 0 0 0 0 0 0 0 1 1 1 1 1 155 101 0 0 1 8 1 0 1 1 1 0 0 0 1 1 1 152 243 145 1 1 2 2 1 9 254 193 2 1 1 1 193 190 1 202 1 1 0 0 0 248 169 1 1 0 0 0 0 0 0 0 0 0 0 0 0 0 0 0 0 0 0 0 0 0 0 0 1 1 255 255 1 0 0 0 0 0
0 0 0 0 0 0 0 0 0 0 0 0 0 1 1 35 152 3 1 9 2 1 1 24 1 1 1 27 1 1 0 0 1 7 14 11 2 1 1 1 0 1 1 1 1 1 1 1 2 2 1 1 1 0 1 1 2 21 3 1 1 0 0 0 0 0 0 1 1 1 255 20 1 1 1 0 0 0 0 0 0 0 0 0 0 0 0 0 1 149 132 1 0 0 1 0 0 0 0 0 0 0 0 0 0 0 0 0 0 0 0 0 0 11 95 0 0 0 1 1 1 71 255 47 1 1 1 0 0 0 0 0 0 0 0 0 0 0 0 0 0 0 0 0 0 0 0 0 0 0 0 0 0 0 0 0 0 0 0 0 0 0 0 0 0 0 0 0 0 1 14 1 0 0 0 0 1 1 31 1 1 1 2 1 1 0 0 0 0 0 0 0 0 0 0 1 5 3 2 2 1 6 9 1 0 0 0 0 0 0 1 2 1 0 1 0 0 1 1 1 1 1 0 1 1 1 1 1 255 255 243 5 1 1 1 1 1 1 1 1 1 1 255 10 1 1 0 0 1 1 0 0 0 0 0 0 0 1 1 105 197 1 1 1 1 1 1 0 1 0 0 0 0 0 0 0 0 0 0 0 0 0 0 0 0 0 0 0 0 0 0 1 24 1 0 0 0 0 0 0 0 0 0 1 255 1 1 0 0 1 0 0 0 0 0 0 0 0 0 0 9 1 1 0 0 0 1 1 0 0 0 0 0 0 0 0 0 0 0 0 0 0 1 1 1 3 101 31 31 4 1 0 0 0 0 0 0 0 0 0 0 0 0 0 0 0 0 0 0 0 0 0 0 0 0 0 0 0 0 0 0 0 0 0 0 1 1 0 0 1 253 255 2 1 1 1 0 0 0 0 0 0 0 0 1 2 1 0 0 0 0 0 0 0 0 1 1 1 0 0 0 0 0 0 0 0 0 0 1 1 1 1 0 1 116 142 1 0 0 8 1 0 0 1 1 1 0 0 1 1 0 0 1 221 246 243 242 242 244 255 151 4 2 1 0 0 1 133 206 133 98 1 1 0 0 252 1 1 1 0 0 0 0 0 0 0 0 0 0 0 0 0 0 0 0 0 0 0 0 0 0 1 1 2 255 1 1 0 0 0 0 0
0 0 0 0 0 0 0 0 0 0 0 0 0 0 1 1 9 157 8 5 1 1 0 5 12 1 2 16 5 1 0 0 0 0 5 16 20 26 27 27 25 21 22 24 27 27 25 25 29 34 16 8 4 4 11 18 21 1 1 1 0 0 0 0 0 0 1 1 1 255 255 1 1 1 0 0 0 0 0 0 0 0 0 0 0 0 0 0 0 89 176 1 1 1 1 0 0 0 0 0 0 0 0 0 0 0 0 0 0 0 0 0 1 124 1 0 0 0 0 1 1 1 211 255 1 1 1 1 0 0 0 0 0 0 0 0 0 0 0 0 0 0 0 0 0 0 0 0 0 0 0 0 0 0 0 0 0 0 0 0 0 0 0 0 0 0 0 0 0 0 1 14 13 4 1 0 1 1 31 1 1 2 1 1 0 0 0 0 0 0 0 0 0 0 0 1 1 5 5 4 4 10 1 0 0 0 0 0 0 0 0 1 2 1 1 0 1 1 1 0 0 0 0 1 1 1 1 166 255 198 2 1 1 1 1 1 1 1 1 1 1 1 255 199 1 1 1 0 0 1 1 0 0 0 0 0 0 1 1 65 212 1 1 1 1 0 0 0 1 0 0 0 0 0 0 0 0 0 0 0 0 0 0 0 0 0 0 0 0 0 0 19 2 0 0 0 0 0 0 0 0 0 0 1 255 2 1 0 0 1 0 0 0 0 0 0 0 0 0 0 3 4 1 0 0 0 0 1 1 0 0 0 0 0 0 0 0 0 0 0 0 0 1 1 1 92 1 1 1 17 35 29 2 1 0 0 0 0 0 0 0 0 0 0 0 0 0 0 0 0 0 0 0 0 0 0 0 0 0 0 0 0 0 0 0 0 1 0 0 0 1 255 255 142 1 1 1 0 0 0 0 0 0 1 2 1 0 0 0 0 0 0 0 0 0 0 0 1 1 0 0 0 0 0 0 1 1 1 1 0 0 1 1 1 6 209 1 0 1 8 1 0 0 0 1 1 1 0 0 1 1 0 1 5 6 1 1 1 154 253 1 7 1 1 0 0 1 1 101 229 193 1 1 0 1 253 1 1 1 0 0 0 0 0 0 0 0 0 0 0 0 0 0 0 0 0 0 0 0 0 0 1 1 255 255 1 0 0 0 0 0 0
0 0 0 0 0 0 0 0 0 0 0 0 0 0 0 0 1 16 158 1 1 1 1 1 27 1 2 1 24 2 1 0 0 1 8 1 1 1 1 1 1 2 2 1 1 1 1 0 1 3 3 3 7 8 2 1 3 1 0 0 0 0 0 0 0 1 1 1 2 255 78 1 1 0 0 0 0 0 0 0 0 0 0 0 0 0 0 0 1 15 206 1 1 0 1 0 0 0 0 0 0 0 0 0 0 0 0 0 0 0 0 0 1 121 0 0 0 0 0 0 1 1 1 255 255 1 1 1 1 0 0 0 0 0 0 0 0 0 0 0 0 0 0 0 0 0 0 0 0 0 0 0 0 0 0 0 0 0 0 0 0 0 0 0 0 0 0 0 0 0 0 1 1 5 13 11 1 1 30 1 1 1 1 0 0 0 0 0 0 0 0 0 0 0 0 0 0 1 6 23 13 1 1 0 0 0 0 0 0 0 0 1 1 2 1 0 1 1 0 0 0 1 1 1 1 1 3 255 255 2 1 1 1 1 1 1 1 0 1 1 1 1 255 255 1 1 1 0 0 0 1 0 0 0 0 0 1 1 1 43 218 1 1 1 0 0 0 0 1 1 0 0 0 0 0 0 0 0 0 0 0 0 0 0 0 0 0 0 0 0 2 19 0 0 0 0 0 0 0 0 0 0 0 1 254 255 1 0 0 1 0 0 0 0 0 0 0 0 0 0 1 10 1 0 0 0 0 0 1 1 0 0 0 0 0 0 0 0 0 0 0 0 1 1 85 2 1 0 0 0 0 1 23 35 35 30 6 1 1 1 0 0 0 0 0 0 0 0 0 0 0 0 0 0 0 0 0 0 0 0 0 0 0 0 0 0 1 1 0 0 1 176 231 255 255 187 1 1 1 0 0 0 0 2 1 0 0 0 0 0 0 0 0 0 0 0 0 1 1 1 0 0 0 1 1 1 0 0 0 0 0 0 1 1 1 216 1 0 0 4 2 0 0 0 1 2 1 0 0 0 1 1 1 4 6 1 1 1 243 245 1 9 1 1 1 1 1 0 1 90 246 79 1 1 1 253 1 1 1 0 0 0 0 0 0 0 0 0 0 0 0 0 0 0 0 0 0 0 0 0 1 1 122 255 1 0 0 0 0 0 0 0
0 0 0 0 0 0 0 0 0 0 0 0 0 0 0 0 0 1 83 87 1 1 1 1 25 1 2 1 3 21 16 1 0 1 7 1 0 0 1 0 0 0 0 1 1 1 1 1 1 13 24 2 2 9 2 1 3 1 0 0 0 0 0 0 0 1 0 1 255 255 1 1 0 0 0 0 0 0 0 0 0 0 0 0 0 0 0 1 1 3 214 1 1 1 0 1 0 0 0 0 0 0 0 0 0 0 0 0 0 0 0 0 103 7 0 0 0 0 0 0 0 1 1 1 255 255 1 1 1 1 0 0 0 0 0 0 0 0 0 0 0 0 0 0 0 0 0 0 0 0 0 0 0 0 0 0 0 0 0 0 0 0 0 0 0 0 0 0 0 0 0 0 0 0 1 1 12 12 28 4 1 1 1 0 0 0 0 0 0 0 0 0 0 0 0 0 0 1 1 62 6 1 1 1 1 1 1 1 2 2 1 1 1 2 1 1 1 1 0 1 1 1 1 1 1 1 252 255 12 1 1 1 1 1 1 0 0 1 1 1 1 1 240 255 1 1 1 0 0 0 1 1 0 0 0 0 1 1 1 29 222 1 1 1 0 0 0 0 0 1 0 0 0 0 0 0 0 0 0 0 0 0 0 0 0 0 0 0 0 0 25 1 0 0 0 0 0 0 0 0 0 0 0 0 2 255 1 1 0 1 1 0 0 0 0 0 0 0 0 0 1 6 1 0 0 0 0 0 0 1 1 0 0 0 0 0 0 0 0 0 0 1 1 70 7 1 0 0 0 0 0 0 0 0 1 1 12 31 34 34 34 33 30 14 3 1 1 1 1 1 1 0 0 0 0 0 0 0 0 0 0 0 0 0 0 0 0 1 1 0 0 1 235 148 164 255 255 255 187 1 0 0 2 1 0 0 0 0 0 0 0 0 0 0 0 0 0 0 1 1 1 1 1 1 0 0 0 0 0 0 0 0 0 1 1 215 2 0 0 1 8 1 1 0 0 1 2 1 0 0 0 1 1 4 3 1 1 1 153 253 1 2 6 0 0 0 1 1 1 1 57 248 162 1 1 253 1 1 1 0 0 0 0 0 0 0 0 0 0 0 0 0 0 0 0 0 0 0 0 0 1 1 255 253 0 0 0 0 0 0 0 0
0 0 0 0 0 0 0 0 0 0 0 0 0 0 0 0 0 1 1 118 56 1 1 1 11 6 2 2 1 1 3 21 2 4 3 0 0 0 0 0 0 0 0 0 0 1 1 1 1 32 7 32 34 15 31 46 14 0 0 0 0 0 0 0 1 1 1 3 255 1 1 1 0 0 0 0 0 0 0 0 0 0 0 0 0 0 1 1 0 1 219 1 1 1 1 1 0 0 0 0 0 0 0 0 0 0 0 0 0 0 0 1 126 1 0 0 0 0 0 0 0 1 1 1 1 255 255 1 1 1 1 0 0 0 0 0 0 0 0 0 0 0 0 0 0 0 0 0 0 0 0 0 0 0 0 0 0 0 0 0 0 0 0 0 0 0 0 0 0 0 0 0 0 0 0 0 1 1 15 46 7 1 1 1 1 1 1 1 1 1 1 1 1 1 0 1 1 1 4 19 37 3 2 2 2 2 2 2 1 1 1 1 1 1 1 1 1 0 1 1 1 1 1 1 1 53 255 254 1 1 1 1 1 0 0 0 1 1 1 1 1 1 11 255 1 1 1 1 0 0 0 1 1 0 0 0 1 1 1 12 227 1 1 1 0 0 0 0 0 1 1 0 0 0 0 0 0 0 0 0 0 0 0 0 0 0 0 0 0 3 12 0 0 0 0 0 0 0 0 0 0 0 0 0 1 255 1 1 0 0 1 0 0 0 0 0 0 0 0 0 1 6 1 0 0 0 0 0 0 0 0 0 0 0 0 0 0 0 0 0 1 1 40 24 1 1 0 0 0 0 0 0 0 0 0 0 0 0 0 0 0 1 1 5 21 32 33 33 32 11 1 1 1 1 1 1 1 1 1 1 1 1 0 0 0 0 0 0 1 0 0 1 237 38 1 1 1 183 255 255 17 1 1 0 0 0 0 0 0 0 0 0 0 0 0 0 0 0 1 1 1 1 1 0 0 0 0 0 0 0 0 0 0 1 1 42 191 1 0 0 1 9 1 0 0 0 1 2 1 1 6 1 1 4 1 5 1 1 19 255 1 1 13 0 0 0 0 0 1 1 1 5 242 230 2 252 2 1 1 0 0 0 0 0 0 0 0 0 0 0 0 0 0 0 0 0 0 0 0 1 1 254 255 1 1 1 1 0 0 0 0 0
0 0 0 0 0 0 0 0 0 0 0 0 0 0 0 0 0 0 0 1 126 48 1 1 1 25 2 1 2 1 1 2 17 9 1 0 0 0 0 0 0 0 0 0 0 0 4 11 9 31 1 1 1 1 1 3 52 1 0 0 0 0 0 0 1 0 1 255 255 1 1 1 0 0 0 0 0 0 0 0 0 0 0 0 0 1 1 0 0 1 220 1 0 1 1 0 0 0 0 0 0 0 0 0 0 0 0 0 0 0 0 1 126 0 0 0 0 0 0 0 0 0 1 1 1 1 255 233 1 1 1 1 0 0 0 0 0 0 0 0 0 0 0 0 0 0 0 0 0 0 0 0 0 0 0 0 0 0 0 0 0 0 0 0 0 0 0 0 0 0 0 0 0 0 0 0 0 0 1 8 50 41 8 2 1 1 1 1 1 1 7 33 26 1 1 5 20 15 8 1 2 24 1 1 1 1 1 0 0 0 0 0 0 0 1 1 1 1 1 1 1 1 1 1 18 255 255 2 1 1 1 1 1 1 1 1 1 1 1 1 1 1 1 255 230 1 0 1 0 0 0 0 1 1 1 1 1 1 1 4 230 1 1 0 0 0 0 0 0 0 1 0 0 0 0 0 0 0 0 0 0 0 0 0 0 0 0 0 0 25 1 0 0 0 0 0 0 0 0 0 0 0 0 0 1 255 170 1 0 0 1 0 0 0 0 0 0 0 0 0 1 5 1 0 0 0 0 0 0 0 0 0 0 0 0 0 0 0 0 1 1 20 80 1 1 0 1 1 1 0 0 0 0 0 0 0 0 0 0 0 0 0 0 0 0 0 0 1 1 7 31 33 32 14 1 1 0 0 0 0 0 1 1 1 1 0 0 0 0 0 1 1 243 1 1 1 0 0 1 197 255 6 0 0 0 0 0 0 0 0 0 0 0 0 0 0 0 0 1 0 0 0 1 1 0 0 0 0 0 0 0 0 0 0 1 1 216 1 0 0 0 1 8 1 0 0 1 2 1 12 2 7 9 7 1 1 4 1 9 255 1 1 14 0 0 0 0 0 0 0 1 1 1 223 248 249 195 1 1 1 0 0 0 0 0 0 0 0 0 0 0 0 0 0 0 0 0 0 1 1 1 255 87 1 1 1 1 0 0 0 0 0
0 0 0 0 0 0 0 0 0 0 0 0 0 0 0 0 0 0 0 1 1 130 45 1 1 4 24 6 1 1 1 1 15 2 1 0 0 0 0 0 0 0 0 0 0 0 8 2 2 9 1 1 0 1 2 1 49 1 1 0 0 1 1 0 1 1 2 255 255 1 1 1 0 0 0 0 0 0 0 0 0 0 0 0 0 1 0 0 0 1 220 1 1 1 1 0 0 0 0 0 0 0 0 0 0 0 0 0 0 0 0 1 124 0 0 0 0 0 0 0 0 0 0 1 1 1 30 255 98 1 1 1 1 0 0 0 0 0 0 0 0 0 0 0 0 0 0 0 0 0 0 0 0 0 0 0 0 0 0 0 0 0 0 0 0 0 0 0 0 0 0 0 0 0 0 0 0 0 0 1 1 11 49 47 38 38 38 35 36 34 16 1 6 32 32 38 1 1 1 1 1 7 12 1 1 0 0 0 0 0 0 0 0 0 1 1 1 1 1 1 0 1 1 13 255 255 11 1 1 1 1 1 1 1 1 0 0 1 1 0 0 0 1 221 255 1 1 1 0 0 1 0 0 1 1 0 0 1 1 2 230 1 1 0 0 0 0 0 0 0 1 1 0 0 0 0 0 0 0 0 0 0 0 0 0 0 0 0 1 21 0 0 0 0 0 0 0 0 0 0 0 0 0 0 0 145 255 1 0 0 1 1 0 0 0 0 0 0 0 0 0 1 4 0 0 0 0 0 0 0 0 0 0 0 0 0 0 0 1 1 7 63 3 20 16 13 21 19 20 17 1 0 0 0 0 0 0 0 0 0 0 0 0 0 0 0 0 0 0 0 0 0 1 5 29 32 33 32 32 32 32 31 31 25 9 1 1 0 0 0 1 226 116 1 1 1 1 0 0 1 223 255 1 0 0 0 0 0 0 0 0 0 0 0 0 0 0 0 1 0 0 0 0 1 1 0 0 0 0 0 0 0 0 0 0 1 214 2 1 0 0 0 3 4 1 0 1 3 16 1 1 1 1 4 1 1 1 7 1 255 1 1 19 1 0 0 0 0 0 0 0 1 1 1 69 251 253 1 1 1 0 0 0 0 0 0 0 0 0 0 0 0 0 0 0 0 0 0 1 1 255 255 1 0 0 1 1 0 0 0 0 0
0 0 0 0 0 0 0 0 0 0 0 0 0 0 0 0 0 0 0 1 0 1 130 47 1 1 1 25 3 1 1 2 16 1 0 0 0 0 0 0 0 0 0 0 1 1 9 1 1 8 1 0 0 2 2 1 8 74 18 1 0 0 0 1 1 1 37 245 255 1 1 1 0 0 0 0 0 0 0 0 0 0 0 0 1 0 0 0 0 1 220 1 1 1 0 0 0 0 0 0 0 0 0 0 0 0 0 0 0 0 0 5 109 0 0 0 0 0 0 0 0 0 0 0 1 1 1 178 255 3 1 0 1 1 1 1 1 0 0 0 0 0 0 0 0 0 0 0 0 0 0 0 0 0 0 0 0 0 0 0 0 0 0 0 0 0 0 0 0 0 0 0 0 0 0 0 0 0 0 0 0 0 1 7 14 15 7 1 1 1 0 0 1 1 1 31 1 0 0 0 0 1 28 2 1 1 1 0 0 0 0 0 0 0 1 1 1 1 1 0 1 1 29 255 255 27 1 1 0 1 0 0 1 1 1 1 0 1 0 0 0 0 1 1 255 76 1 1 1 0 1 1 1 1 1 1 0 0 1 2 230 1 1 1 0 0 0 0 0 0 0 1 0 0 0 0 0 0 0 0 0 0 0 0 0 0 0 0 23 1 0 0 0 0 0 0 0 0 0 0 0 0 0 0 0 1 255 1 1 0 0 1 0 0 0 0 0 0 0 0 1 1 7 1 0 0 0 0 0 0 0 0 0 0 0 0 0 1 1 1 82 1 1 1 2 2 1 1 1 1 18 19 3 1 0 0 0 0 0 0 0 0 0 0 0 0 0 0 0 0 0 0 0 0 0 0 0 0 1 1 1 1 1 1 8 29 32 7 1 1 1 245 1 1 1 1 1 0 0 0 1 255 32 0 0 0 0 0 0 0 0 0 0 0 0 0 0 0 1 0 0 0 0 0 1 1 0 0 0 0 0 0 0 0 0 1 172 80 1 0 0 0 0 3 5 1 1 20 1 0 1 1 1 3 1 0 1 2 1 255 14 1 163 111 9 1 0 0 0 0 0 1 1 1 1 6 254 206 1 1 1 0 0 0 0 0 0 0 0 0 0 0 0 0 0 0 0 1 1 138 255 1 1 1 1 1 1 1 0 0 0 0
0 0 0 0 0 0 0 0 0 0 0 0 0 0 0 0 0 0 0 0 1 0 1 123 87 1 1 8 13 2 1 1 17 1 0 0 0 0 0 0 0 0 0 1 1 1 9 1 3 4 1 0 1 3 1 1 30 60 12 1 0 0 0 0 1 16 7 1 255 6 1 1 0 0 0 0 0 0 0 0 0 0 0 1 1 0 0 0 0 1 220 1 1 0 0 0 0 0 0 0 0 0 0 0 0 0 0 0 0 0 0 79 24 0 0 0 0 0 0 0 0 0 0 0 0 1 1 1 250 255 1 1 1 1 1 1 1 1 1 1 1 1 0 0 0 0 0 0 0 0 0 0 0 0 0 0 0 0 0 0 0 0 0 0 0 0 0 0 0 0 0 0 0 0 0 0 0 0 0 0 0 0 0 0 0 1 3 14 14 3 1 1 1 1 1 33 1 1 0 0 1 1 23 3 1 1 1 1 0 0 0 0 1 1 1 1 1 1 1 1 1 92 255 255 13 1 1 0 1 1 0 1 1 0 0 1 1 1 1 0 0 0 1 1 254 255 1 1 1 1 0 1 1 0 0 1 1 0 1 3 231 1 1 1 1 1 0 0 0 0 0 1 0 0 0 0 0 0 0 0 0 0 0 0 0 0 0 1 26 0 0 0 0 0 0 0 0 0 0 0 0 0 0 0 0 1 255 2 1 0 0 1 0 0 0 0 0 0 0 0 1 1 7 1 0 0 0 0 0 0 0 0 0 0 0 0 0 1 1 70 5 1 1 1 1 1 0 0 0 0 1 1 12 19 1 1 0 0 0 0 0 0 0 0 0 0 0 0 0 0 0 0 0 0 0 0 0 0 0 0 0 0 0 0 0 0 1 10 32 24 1 248 198 6 1 1 1 1 0 0 0 252 249 0 0 0 0 0 0 0 0 0 0 0 0 0 0 0 1 1 0 0 0 0 0 0 1 1 0 0 0 0 0 0 0 0 1 197 93 1 1 1 1 1 2 6 25 1 0 0 1 1 1 3 1 0 1 1 1 254 94 1 134 1 94 23 1 0 0 0 0 0 1 0 1 1 35 254 83 1 1 1 0 0 0 0 0 0 0 0 0 0 0 0 0 0 1 1 1 255 253 1 1 1 0 0 0 1 1 0 0 0
1 0 0 0 0 0 0 0 0 0 0 0 0 0 0 0 0 0 0 0 0 1 1 1 83 136 4 25 17 18 17 4 20 1 1 1 0 0 1 0 0 1 0 1 1 1 9 1 9 1 1 1 2 2 0 3 25 50 1 11 2 1 0 0 3 30 1 1 255 255 1 1 0 0 0 0 0 0 0 0 0 0 1 1 0 0 0 0 0 1 220 1 1 0 0 0 0 0 0 0 0 0 0 0 0 0 0 0 0 0 0 121 1 0 0 0 0 0 0 0 0 0 0 0 0 0 1 1 1 255 255 255 250 71 1 1 1 1 1 0 0 1 1 1 0 0 0 0 0 0 0 0 0 0 0 0 0 0 0 0 0 0 0 0 0 0 0 0 0 0 0 0 0 0 0 0 0 0 0 0 0 0 0 0 0 0 0 0 1 6 14 11 1 1 1 37 1 1 1 1 9 21 10 1 4 1 0 1 1 0 0 0 1 1 1 1 1 1 1 2 202 255 255 3 1 1 1 1 1 1 1 0 0 0 0 1 1 1 1 1 1 0 1 0 12 255 73 1 1 1 0 1 1 1 0 0 1 1 1 57 185 195 9 3 1 1 1 1 0 0 0 1 1 0 0 0 0 0 0 0 0 0 0 0 0 0 0 4 11 0 0 0 0 0 0 0 0 0 0 0 0 0 0 0 0 1 255 249 1 1 0 1 0 0 0 0 0 0 0 0 1 1 3 2 0 0 0 0 0 0 0 0 0 0 0 1 1 1 24 46 1 1 1 0 0 0 0 0 0 0 0 0 1 1 16 19 3 1 1 1 0 0 0 0 0 0 0 0 0 0 0 0 0 0 0 0 0 0 0 0 0 0 0 0 0 0 0 0 0 2 30 64 186 243 245 245 242 209 16 1 0 75 255 1 0 0 0 0 0 0 0 0 0 0 0 0 0 1 1 1 1 1 0 0 0 0 0 1 1 0 0 0 0 0 0 0 1 1 206 6 1 1 1 1 3 31 8 0 0 0 0 0 1 3 1 0 1 1 1 254 103 1 134 1 1 108 2 1 1 0 0 0 1 1 1 1 2 238 254 167 1 1 1 0 0 0 0 0 0 0 0 0 0 0 0 0 1 1 254 255 1 0 0 0 0 0 0 0 1 0 0 0
1 0 0 0 0 0 0 0 0 0 0 0 0 0 0 0 0 0 0 0 0 0 1 1 1 26 178 4 1 1 2 34 18 1 1 2 2 1 5 11 1 1 1 1 1 1 13 11 3 3 3 4 5 1 1 12 9 44 3 1 13 1 1 1 37 1 1 1 4 255 2 1 0 0 0 0 0 0 0 0 0 1 1 0 0 0 0 0 1 1 222 1 0 0 0 0 0 0 0 0 0 0 0 0 0 0 0 0 0 0 0 125 1 0 0 0 0 0 0 0 0 0 0 0 0 0 1 1 1 1 255 255 118 253 255 255 255 182 1 1 1 0 0 1 1 1 0 0 0 0 0 0 0 0 0 0 0 0 0 0 0 0 0 0 0 0 0 0 0 0 0 0 0 0 0 0 0 0 0 0 0 0 0 0 0 0 0 0 0 0 0 1 12 15 5 6 25 25 9 17 4 1 1 0 1 4 1 0 1 1 0 1 1 1 1 1 1 1 3 254 255 255 1 1 1 1 0 1 1 1 0 0 0 0 0 1 0 1 0 0 1 1 1 1 10 243 255 2 1 1 1 1 0 1 0 0 1 1 36 15 1 100 209 24 27 3 1 1 0 0 0 0 1 1 0 0 0 0 0 0 0 0 0 0 0 0 0 26 1 0 0 0 0 0 0 0 0 0 0 0 0 0 0 0 0 1 90 255 1 1 0 1 0 0 0 0 0 0 0 0 0 1 1 6 1 0 0 0 0 0 0 1 1 1 1 1 1 11 64 1 1 1 0 0 0 0 0 0 0 0 0 0 0 0 1 1 12 22 19 4 1 1 1 0 0 0 1 0 0 0 0 0 0 0 0 0 0 0 0 0 0 0 0 0 0 0 0 0 0 0 1 31 1 1 1 1 7 174 240 245 200 1 255 1 0 0 0 0 0 0 0 0 0 0 0 0 1 1 0 0 1 1 1 1 0 0 0 0 1 1 0 0 0 0 0 0 0 1 11 201 1 4 138 160 154 176 15 1 0 0 0 0 1 3 1 0 1 1 1 255 4 1 136 1 1 5 114 29 2 1 1 1 1 1 1 1 105 10 249 251 251 41 1 1 0 0 0 0 0 0 0 0 0 0 0 1 1 1 255 78 0 0 0 0 0 0 0 0 1 1 0 0
1 1 1 1 0 0 0 0 0 0 0 0 0 0 0 0 0 0 0 0 0 0 0 1 1 0 5 172 8 1 0 13 38 55 57 55 56 40 23 20 34 23 17 3 1 2 28 3 1 1 2 2 6 4 7 7 5 2 49 1 1 13 1 18 7 0 1 1 1 255 255 1 0 0 0 0 0 0 0 0 1 1 0 0 0 0 0 0 1 1 222 1 1 0 0 0 0 0 0 0 0 0 0 0 0 0 0 0 0 0 0 126 1 0 0 0 0 0 0 0 0 0 0 0 0 0 0 1 1 1 1 255 233 1 1 1 13 243 255 255 47 1 0 0 0 1 1 1 0 0 0 0 0 0 0 0 0 0 0 0 0 0 0 0 0 0 0 0 0 0 0 0 0 0 0 0 0 0 0 0 0 0 0 0 0 0 0 0 0 0 0 0 0 1 4 18 16 14 36 1 1 0 0 0 0 1 3 1 0 1 1 1 1 1 1 1 1 5 255 255 227 1 1 0 0 0 1 1 1 1 0 0 0 0 1 1 1 1 0 0 0 0 1 1 9 1 255 255 2 1 1 1 1 1 0 1 1 7 50 1 1 1 123 152 1 23 3 1 1 1 0 0 0 1 1 0 0 0 0 0 0 0 0 0 0 0 1 25 0 0 0 0 0 0 0 0 0 0 0 0 0 0 0 0 0 1 3 255 1 1 0 1 0 0 0 0 0 0 0 0 0 1 1 7 1 0 0 1 1 1 1 4 18 29 25 36 71 69 1 1 0 0 0 1 0 0 0 0 0 0 0 0 0 0 0 0 1 1 1 8 22 20 3 1 1 1 1 0 0 0 0 0 0 0 0 0 0 0 0 0 0 0 0 0 0 0 0 0 0 0 7 14 1 0 0 1 1 1 1 1 183 243 255 94 1 0 0 0 0 0 0 0 0 0 0 1 1 0 0 0 0 0 0 1 1 0 0 0 0 1 1 1 0 0 0 0 0 1 1 196 146 146 12 1 1 2 145 1 0 0 0 0 1 3 1 1 1 1 230 250 1 1 136 1 1 1 1 63 107 114 107 41 3 1 2 85 29 1 248 1 180 253 251 69 1 1 0 0 0 0 0 0 0 0 1 1 1 255 255 1 0 0 0 0 0 0 0 0 0 1 0 0
1 1 0 1 1 0 0 0 0 0 0 0 0 0 0 0 0 0 0 0 0 0 0 0 1 1 0 2 170 5 1 1 15 2 1 0 1 7 5 1 1 3 6 26 32 20 14 3 2 2 1 1 16 3 1 21 5 1 4 49 1 6 38 16 1 1 1 1 1 37 255 1 1 0 0 0 0 0 0 1 1 0 0 0 0 0 0 0 1 0 222 1 1 0 0 0 0 0 0 0 0 0 0 0 0 0 0 0 0 0 0 128 1 1 0 0 0 0 0 0 0 0 0 0 0 0 0 0 1 1 1 4 255 137 1 0 1 1 1 10 252 247 1 1 0 0 0 1 1 1 1 0 0 0 0 0 0 0 0 0 0 0 0 0 0 0 0 0 0 0 0 0 0 0 0 0 0 0 0 0 0 0 0 0 0 0 0 0 0 0 0 0 0 0 0 1 1 112 1 0 0 0 0 0 0 1 2 3 1 0 1 1 1 1 1 1 19 255 255 51 1 1 1 1 0 1 1 1 1 1 0 0 0 0 1 0 1 0 0 0 0 0 0 0 2 6 1 255 255 7 1 1 1 1 1 1 11 72 1 1 0 1 1 218 1 1 25 3 1 1 1 1 0 0 1 1 0 0 0 0 0 0 0 0 0 0 17 2 0 0 0 0 0 0 0 0 0 0 0 0 0 0 0 0 0 1 164 255 1 1 0 1 1 1 1 0 0 0 0 0 0 1 1 6 1 1 1 38 89 94 93 81 52 38 42 30 6 1 1 1 1 1 0 1 1 0 0 0 0 0 0 0 0 0 0 0 0 0 1 0 1 1 9 21 7 1 0 0 0 0 0 0 0 0 0 0 0 0 0 0 0 0 0 0 0 0 0 0 0 0 1 35 1 0 0 0 1 1 1 1 1 134 255 242 1 0 0 0 0 0 0 0 0 0 0 1 0 0 0 0 0 0 0 1 1 0 0 0 0 0 0 1 1 0 0 0 1 1 21 188 10 1 1 1 1 1 114 23 0 0 0 0 0 1 3 1 4 7 255 24 1 13 99 49 1 2 1 1 1 2 6 64 115 126 120 31 1 1 248 1 1 1 158 253 253 103 1 1 0 0 0 0 0 0 1 1 227 255 1 0 0 0 0 0 0 0 0 0 0 1 0 0
122 1 1 1 0 0 0 0 0 0 0 0 0 0 0 0 0 0 0 0 0 0 0 0 0 1 1 1 4 171 3 1 0 0 0 1 1 1 3 7 3 1 1 1 3 5 9 2 1 1 0 1 18 1 1 22 3 4 6 13 58 9 1 1 1 1 1 1 1 2 255 91 1 0 0 0 0 0 1 1 0 0 0 0 0 0 0 1 1 0 222 1 1 0 0 0 0 0 0 0 0 0 0 0 0 0 0 0 0 0 1 130 2 2 2 2 2 1 1 0 0 0 0 0 0 0 0 0 0 1 1 1 85 255 13 1 1 1 0 1 1 156 255 186 1 1 0 0 0 0 1 1 1 0 0 0 0 0 0 0 0 0 0 0 0 0 0 0 0 0 0 0 0 0 0 0 0 0 0 0 0 0 0 0 0 0 0 0 0 0 0 0 0 0 1 1 1 101 1 0 0 0 0 0 0 0 1 2 2 1 1 1 1 1 1 78 255 255 4 1 1 0 1 1 1 1 0 0 1 0 0 0 0 1 1 0 1 0 0 0 0 0 0 0 0 10 1 1 254 255 91 1 4 50 60 56 26 5 1 1 0 1 1 165 104 1 2 25 2 1 1 1 1 0 0 1 1 0 0 0 0 0 0 0 0 1 26 0 0 0 0 0 0 0 0 0 0 0 0 0 0 0 0 0 0 1 255 196 1 1 1 1 1 1 1 0 0 0 0 0 0 0 1 3 2 10 90 31 2 1 1 1 1 1 1 1 1 1 1 1 1 1 1 0 1 1 0 0 0 0 0 0 0 0 0 1 1 1 1 1 1 1 1 1 27 36 1 1 0 0 0 0 0 0 0 0 0 0 0 0 0 0 0 0 0 0 0 0 0 0 1 39 1 0 0 0 1 1 1 1 1 1 254 254 1 1 0 0 0 0 0 0 0 0 1 0 0 0 0 0 0 0 1 1 0 0 0 0 0 0 0 0 1 1 0 1 1 68 168 3 1 0 0 0 1 1 2 145 1 0 0 0 0 1 1 2 1 1 239 254 254 255 255 255 255 254 2 3 2 1 1 1 1 1 1 1 1 1 214 246 5 1 1 1 106 253 253 139 1 1 0 0 0 1 1 1 255 250 1 0 0 0 0 0 0 0 0 0 0 0 0 0
250 64 1 1 1 0 0 0 0 0 0 0 0 0 0 0 0 0 0 0 0 0 0 0 0 0 0 1 1 8 172 7 1 0 0 0 1 1 1 1 4 7 8 7 4 3 3 6 5 2 1 2 20 1 1 19 3 1 1 3 6 44 3 1 1 1 1 1 1 1 255 255 1 1 0 0 0 1 1 0 0 0 0 0 0 0 0 1 0 0 207 16 1 0 0 0 0 0 0 0 0 0 0 0 0 0 0 0 0 0 1 130 1 0 0 0 1 1 2 2 2 2 2 2 2 2 2 2 2 2 2 2 2 200 255 1 1 1 1 1 0 1 1 241 255 74 1 1 1 0 0 0 1 1 1 1 0 0 0 0 0 0 0 0 0 0 0 0 0 0 0 0 0 0 0 0 0 0 0 0 0 0 0 0 0 0 0 0 0 0 0 0 0 0 1 1 90 4 0 0 0 0 0 0 0 0 0 1 3 1 1 1 1 1 203 255 255 1 1 1 1 0 1 1 1 1 0 0 1 0 0 0 1 1 0 0 1 0 0 0 0 0 0 0 0 10 1 1 1 219 255 240 41 2 1 0 1 5 1 0 0 0 1 1 215 3 1 2 26 2 1 1 1 0 0 0 1 1 0 0 0 0 0 0 0 3 13 0 0 0 0 0 0 0 0 0 0 0 0 0 0 0 0 0 0 1 255 1 1 1 1 1 0 0 0 0 0 0 0 0 0 0 1 1 72 68 1 1 1 1 1 1 0 1 1 1 1 1 1 1 1 0 1 0 0 1 1 0 0 0 0 1 1 1 1 1 0 1 1 0 1 1 1 3 7 2 38 22 1 0 0 0 0 0 0 0 0 0 0 0 0 0 0 0 0 0 0 0 0 0 1 40 1 0 0 0 0 0 1 1 1 1 164 255 1 1 1 0 0 0 0 0 0 1 1 0 0 0 0 0 0 1 1 0 0 0 0 0 0 0 0 0 0 1 1 1 94 141 1 1 1 0 0 0 0 1 1 129 13 1 0 0 0 0 1 2 3 1 1 61 40 55 255 255 231 255 53 1 1 1 35 245 229 6 1 1 1 1 1 41 248 233 3 1 1 1 54 251 253 178 1 1 1 1 1 255 255 1 1 1 1 0 0 0 0 0 0 0 0 0 0 0
23 250 12 1 1 1 0 0 0 0 0 0 0 0 0 0 0 0 0 0 0 0 0 0 0 0 0 0 1 1 4 170 116 1 1 0 0 1 1 0 1 1 1 1 1 1 1 1 1 4 7 5 31 1 1 28 1 1 1 2 1 36 4 4 1 1 0 1 1 1 255 255 1 1 1 0 1 1 0 0 0 0 0 0 0 0 0 1 0 0 60 191 1 0 0 0 0 0 0 0 0 0 0 0 0 0 0 0 0 0 0 130 1 0 0 0 0 0 0 0 1 1 1 0 1 1 1 1 0 0 1 1 1 1 250 255 1 1 0 1 1 1 1 1 6 252 255 153 1 1 0 0 0 0 0 1 1 1 1 0 0 0 0 0 0 0 0 0 0 0 0 0 0 0 0 0 0 0 0 0 0 0 0 0 0 0 0 0 0 0 0 0 0 0 1 1 107 1 0 0 0 0 0 0 0 0 0 0 1 3 1 1 2 254 255 255 1 1 1 1 0 1 1 1 1 1 1 0 1 0 0 0 1 0 0 0 1 0 0 0 0 0 0 1 1 10 1 1 43 55 32 255 253 1 1 1 1 4 0 0 0 0 1 1 100 169 1 1 2 30 25 14 2 1 1 1 0 1 1 0 0 0 0 0 0 25 1 0 0 0 0 0 0 0 0 0 0 0 0 0 0 0 0 0 0 1 255 1 1 1 1 1 0 0 0 0 0 0 0 0 1 1 1 1 93 5 1 1 1 0 0 0 0 0 0 0 0 0 0 1 1 1 1 1 0 0 1 1 0 1 1 1 0 1 1 1 4 4 2 1 1 1 1 14 1 1 1 6 48 7 1 0 0 0 0 0 0 0 0 0 0 0 0 0 0 0 0 0 0 0 1 40 1 0 0 0 0 0 0 1 1 1 1 255 37 1 1 0 0 0 0 0 0 0 1 1 0 0 0 0 1 1 0 0 0 0 0 0 0 0 0 0 0 0 1 115 124 1 1 1 0 0 0 0 0 1 1 1 147 1 0 0 0 1 1 1 1 3 3 1 36 107 255 2 74 255 255 1 6 255 255 255 255 255 255 13 1 1 1 1 1 140 248 248 214 14 1 1 18 250 254 251 250 253 253 255 245 6 1 1 1 1 1 1 0 0 0 0 0 0 0 0
1 125 245 3 1 1 0 0 0 0 0 0 0 0 0 0 0 0 0 0 0 0 0 0 0 0 0 0 0 1 1 1 90 178 38 1 0 0 1 1 1 1 1 1 1 0 0 0 1 1 1 1 5 20 22 6 1 1 1 2 2 33 2 3 4 1 1 1 1 1 255 255 1 1 1 1 1 0 0 0 0 0 0 0 0 0 1 1 0 1 1 220 1 0 0 0 0 0 0 0 0 0 0 0 0 0 0 0 0 0 0 130 1 0 0 0 0 0 0 0 0 0 0 0 0 0 0 0 0 0 0 0 1 1 1 255 255 1 1 0 0 1 1 0 1 1 2 246 255 246 4 1 1 0 0 0 0 0 1 1 1 1 0 0 0 0 0 0 0 0 0 0 0 0 0 0 0 0 0 0 0 0 0 0 0 0 0 0 0 0 0 0 0 1 1 82 8 0 0 0 0 0 0 0 0 0 0 1 1 1 4 3 255 255 164 1 1 1 1 0 1 1 0 0 0 1 1 1 0 0 0 1 1 0 0 1 1 0 1 1 1 1 1 1 0 10 1 66 28 1 1 2 255 255 1 1 1 4 1 1 1 1 1 1 1 215 3 1 1 1 2 7 26 30 3 1 1 1 1 1 0 0 0 0 1 24 0 0 0 0 0 0 0 0 0 0 0 0 0 0 0 0 0 0 1 242 255 1 1 1 1 0 0 1 0 0 0 0 0 1 1 1 1 36 91 31 1 0 0 0 1 1 0 0 0 0 0 0 0 0 1 1 1 1 1 0 0 1 1 1 1 1 1 1 5 7 2 2 5 7 7 7 6 9 1 0 0 1 1 39 2 0 0 0 0 0 0 0 0 0 0 0 0 0 0 0 0 0 0 0 0 39 1 1 0 0 0 0 0 1 1 1 1 255 254 1 1 1 0 0 0 0 0 0 0 1 1 0 0 1 1 0 0 0 0 0 0 0 0 0 0 0 0 1 89 122 1 1 1 1 1 0 0 0 0 0 1 1 15 128 1 0 1 1 1 0 1 1 1 27 21 255 255 1 70 110 255 255 255 255 31 1 1 70 255 255 255 12 1 1 1 1 1 1 202 246 248 247 247 229 168 249 253 250 255 255 250 250 215 5 1 1 1 1 1 1 0 0 0 0 0 0
1 1 208 218 2 1 1 0 0 0 0 0 0 0 0 0 0 0 0 0 0 0 0 0 0 0 0 0 0 0 0 1 1 1 149 131 1 1 0 0 1 1 0 0 0 0 0 0 0 0 0 1 3 79 10 1 1 1 1 1 4 32 6 1 8 1 1 1 1 1 236 255 1 1 1 1 1 1 0 0 0 0 0 0 0 0 1 1 1 1 1 222 1 0 0 0 0 0 0 0 0 0 0 0 0 0 0 0 0 0 0 125 1 0 0 0 0 0 0 0 0 0 0 0 0 0 0 0 0 0 0 0 1 1 1 1 255 246 1 1 0 0 1 1 1 0 1 1 1 145 255 255 227 1 1 0 0 0 0 0 0 1 1 1 0 0 0 0 0 0 0 0 0 0 0 0 0 0 0 0 0 0 0 0 0 0 0 0 0 0 0 0 0 1 1 107 0 0 0 0 0 0 0 0 0 0 1 1 1 1 10 255 255 5 1 1 1 0 1 1 1 0 0 0 0 0 1 1 1 0 0 1 0 0 0 1 1 1 1 0 0 0 0 0 1 4 87 11 1 0 1 1 1 255 255 1 1 4 0 0 0 0 1 1 1 123 150 1 1 1 1 1 1 1 24 26 4 3 3 1 1 0 0 1 20 20 4 1 1 1 1 1 1 0 0 0 0 0 0 0 0 0 0 0 1 255 90 1 1 1 1 0 0 1 1 1 1 1 1 1 2 53 89 31 1 8 13 1 1 1 1 0 0 0 0 0 0 0 0 0 0 1 1 1 1 1 1 1 1 0 1 1 6 7 2 1 1 1 1 1 1 1 5 3 0 0 0 1 1 1 47 1 0 0 0 0 0 0 0 0 0 0 0 0 0 0 0 0 0 0 0 39 1 1 1 1 0 0 0 0 1 1 1 16 255 1 1 1 1 0 0 0 0 0 0 0 1 1 1 1 0 0 0 0 0 0 0 0 0 0 0 0 1 107 139 1 1 1 1 1 0 0 0 0 0 0 1 1 1 56 92 1 1 1 0 0 1 0 1 55 1 255 192 7 79 9 14 251 197 1 1 1 1 1 1 94 255 255 255 92 1 1 1 1 1 1 1 1 1 189 229 112 8 205 255 153 247 251 254 253 245 40 1 1 1 1 1 1 1 0 0 0
1 1 1 217 219 3 1 1 0 0 0 0 0 0 0 0 0 0 0 0 0 0 0 0 0 0 0 0 0 0 0 0 0 0 1 67 157 1 1 0 0 0 0 0 0 0 0 0 0 0 0 7 58 4 30 1 1 1 1 1 1 13 15 1 8 1 0 1 1 1 140 255 1 1 1 0 0 1 0 0 0 0 0 0 0 0 1 0 1 1 1 222 1 0 0 0 0 0 0 0 0 0 0 0 0 0 0 0 0 0 0 28 80 0 0 0 0 0 0 0 0 0 0 0 0 0 0 0 0 0 0 0 0 1 1 1 2 255 173 1 1 1 0 0 1 1 1 1 1 1 1 1 216 255 255 237 2 1 0 0 0 0 0 1 1 1 0 0 0 0 0 0 0 0 0 0 0 0 0 0 0 0 0 0 0 0 0 0 0 0 0 0 1 1 91 4 0 0 0 0 0 0 0 0 0 1 1 1 1 64 255 255 1 1 1 0 0 1 1 1 0 0 0 0 0 0 0 1 1 1 1 1 0 0 0 0 0 0 0 0 0 0 1 1 1 7 62 48 2 0 0 1 1 1 255 255 1 3 0 0 0 1 1 1 1 1 191 50 1 1 0 1 1 0 1 2 21 24 18 24 3 3 64 70 65 50 61 76 80 82 83 82 79 27 1 1 1 0 0 0 0 0 0 0 1 255 2 1 1 1 1 1 1 1 1 0 1 1 1 39 89 18 1 1 1 1 36 1 0 0 0 0 0 0 0 0 0 0 0 0 0 0 1 1 1 1 1 1 1 1 1 7 2 1 1 1 3 9 7 8 9 9 6 1 0 0 0 0 0 1 1 43 2 0 0 0 0 0 0 0 0 0 0 0 0 0 0 0 0 0 0 39 0 0 0 1 1 1 0 0 0 1 1 1 255 47 1 1 1 0 0 0 0 0 0 0 0 1 1 0 0 0 0 0 0 0 0 0 0 0 1 1 70 135 1 1 1 1 0 0 0 0 0 0 0 0 0 1 1 1 104 41 1 0 0 0 1 1 1 54 8 255 3 1 3 69 93 72 2 1 26 90 21 1 1 1 1 34 255 255 255 251 4 1 1 1 1 1 1 1 1 1 8 255 253 1 1 2 212 250 254 254 253 224 5 1 1 1 1 1 1 1
1 1 1 1 205 241 6 1 1 0 0 0 0 0 0 0 0 0 0 0 0 0 0 0 0 0 0 0 0 0 0 0 0 0 0 0 30 158 1 1 0 0 0 0 0 0 0 0 0 0 1 70 1 1 34 1 0 1 1 0 0 1 44 1 8 1 0 0 1 1 55 255 1 1 1 0 0 1 1 0 0 0 0 0 0 0 1 0 1 1 1 222 1 0 0 0 0 0 0 0 0 0 0 0 0 0 0 0 0 0 0 1 130 0 0 0 0 0 0 0 0 0 0 0 0 0 0 0 0 0 0 0 0 0 1 1 1 39 255 37 1 1 1 0 0 0 0 1 1 1 1 1 1 1 1 196 255 255 220 1 0 0 0 0 0 1 1 1 0 0 0 0 0 0 0 0 0 0 0 0 0 0 0 0 0 0 0 0 0 0 0 0 1 2 98 0 0 0 0 0 0 0 0 0 1 1 1 1 234 255 255 1 1 1 0 0 1 1 1 0 0 0 0 0 0 0 0 0 1 1 1 0 0 0 0 0 0 0 0 1 1 1 6 26 32 18 1 32 10 2 1 0 1 1 3 255 149 1 0 0 1 1 1 1 1 1 4 210 5 1 1 0 1 0 0 0 1 1 1 1 27 79 1 1 1 1 0 1 1 1 1 1 1 26 79 21 1 1 1 1 0 0 0 1 56 255 1 1 1 1 1 1 0 0 1 1 1 29 92 30 1 1 1 1 0 1 10 12 1 0 0 0 0 0 0 1 1 1 1 1 1 1 1 1 1 2 2 7 10 9 7 1 1 1 1 1 5 2 1 1 1 1 1 0 0 0 0 0 0 0 1 1 42 2 0 0 0 0 0 0 0 0 0 0 0 0 0 0 0 0 1 37 0 0 0 0 0 1 1 0 0 1 1 1 252 255 1 1 1 1 0 0 0 0 0 0 0 0 1 1 1 0 0 0 0 0 0 0 0 0 1 1 185 1 1 1 1 0 0 0 0 0 0 0 0 0 0 1 1 1 1 136 7 1 1 0 0 1 10 21 162 255 1 1 1 1 1 5 83 91 36 1 42 28 1 1 1 1 1 2 253 255 255 255 242 101 33 10 4 3 5 245 255 255 1 1 1 1 1 1 6 237 250 254 254 254 253 237 133 17 7 42
1 0 1 1 1 153 250 19 1 1 0 0 0 0 0 0 0 0 0 0 0 0 0 0 0 0 0 0 0 0 0 0 0 0 0 0 0 35 153 1 1 0 0 0 0 0 0 0 0 0 2 64 1 1 32 1 0 0 1 1 0 1 45 1 7 2 0 0 1 1 19 255 1 1 0 0 0 0 1 0 0 0 0 0 0 0 1 0 1 1 1 222 1 0 0 0 0 0 0 0 0 0 0 0 0 0 0 0 0 0 0 1 130 1 0 0 0 0 0 0 0 0 0 0 0 0 0 0 0 0 0 0 0 0 0 1 1 1 163 255 1 1 1 0 0 0 0 0 0 1 1 1 1 1 1 1 1 1 223 255 223 1 0 0 0 0 0 1 1 1 0 0 0 0 0 0 0 0 0 0 0 0 0 0 0 0 0 0 0 0 0 1 1 105 1 0 0 0 0 0 0 0 0 0 1 1 1 255 255 245 1 1 1 0 0 1 1 0 0 0 0 0 0 0 0 0 0 0 1 1 1 0 0 0 0 0 0 1 1 1 4 29 12 2 1 1 8 19 1 4 1 0 1 4 1 247 255 1 1 1 1 0 0 0 1 1 1 53 190 2 1 1 1 1 0 0 0 1 1 2 69 1 0 0 0 1 1 0 0 0 0 0 0 1 1 33 32 1 1 1 1 0 0 1 255 248 1 1 1 1 1 1 1 1 1 22 94 41 1 1 1 1 1 0 0 1 1 38 1 1 1 1 1 1 1 2 7 7 7 7 7 6 6 5 5 5 4 1 1 1 1 1 1 1 1 1 8 1 0 0 0 0 0 0 0 0 0 0 0 0 0 1 1 41 2 0 0 0 0 0 0 0 0 0 0 0 0 0 0 0 23 3 0 0 0 0 0 0 1 1 1 0 1 1 6 255 1 0 1 1 1 0 0 0 0 0 0 0 0 1 1 1 0 0 0 0 0 0 1 1 1 115 87 1 1 1 0 0 0 0 0 0 0 0 0 0 0 0 1 0 1 2 140 3 1 1 1 1 47 2 255 255 1 1 1 1 1 1 1 1 1 1 1 33 31 1 1 1 1 1 1 1 87 255 255 255 255 255 255 255 255 255 247 1 1 1 1 1 1 1 1 1 1 8 212 247 250 254 254 254 254 252
1 1 0 0 1 1 78 250 52 1 0 0 0 0 0 0 0 0 0 0 0 0 0 0 0 0 0 0 0 0 0 0 0 0 0 0 0 0 60 140 1 1 0 0 0 0 0 0 0 0 1 67 1 1 28 2 0 0 1 1 0 1 43 1 2 7 1 0 1 1 8 255 2 1 0 0 0 0 1 0 0 0 0 0 0 0 1 0 1 1 1 222 1 0 0 0 0 0 0 0 0 0 0 0 0 0 0 0 0 0 0 1 130 1 0 0 0 0 0 0 0 0 0 0 0 0 0 0 0 0 0 0 0 0 0 0 1 1 1 243 255 1 1 0 0 0 0 0 0 0 0 0 1 1 1 1 1 1 1 1 220 255 205 1 0 0 0 0 0 1 1 0 0 0 0 0 0 0 0 0 0 0 0 0 0 0 0 0 0 0 0 1 11 78 0 0 0 0 0 0 0 0 0 1 1 1 255 255 37 1 1 1 0 1 1 1 0 0 0 0 0 0 0 0 0 0 0 0 1 1 1 1 0 0 0 0 1 1 2 21 11 1 1 0 0 5 23 1 1 1 3 2 4 1 1 1 255 55 1 0 1 1 1 0 1 1 1 1 134 143 1 1 1 1 1 0 0 1 54 50 2 1 0 0 0 0 1 1 0 0 0 0 0 0 0 1 25 40 1 1 1 1 1 1 255 117 1 1 1 1 1 1 4 65 95 51 1 1 1 1 0 0 0 0 0 0 1 18 8 1 1 1 1 2 7 3 1 1 1 1 1 1 1 1 1 1 1 1 1 1 0 0 0 1 1 4 3 1 0 0 0 0 0 0 0 0 0 0 0 0 0 0 1 1 46 1 0 0 0 0 0 0 0 0 0 0 0 0 0 1 39 1 0 0 0 0 0 0 0 0 1 1 0 1 1 255 239 1 1 1 1 1 0 0 0 0 0 0 0 0 0 1 1 0 0 0 1 1 1 0 1 190 1 1 1 0 0 0 0 0 0 0 0 0 0 0 0 0 0 0 0 1 5 142 104 22 31 53 147 142 255 255 1 1 1 1 1 1 1 0 0 0 1 1 10 64 66 66 64 9 1 1 1 1 1 1 1 2 5 8 6 9 11 1 1 1 1 1 1 1 1 1 1 1 1 1 1 1 20 229 247 247
0 1 1 1 0 1 1 26 250 82 1 0 0 0 0 0 0 0 0 0 0 0 0 0 0 0 0 0 0 0 0 0 0 0 0 0 0 0 1 85 119 1 1 0 0 0 0 0 0 0 1 68 1 1 28 2 0 0 1 1 0 1 37 2 1 3 7 1 1 1 4 255 3 1 0 0 0 0 1 0 0 0 0 0 0 0 1 0 1 1 1 222 1 0 0 0 0 0 0 0 0 0 0 0 0 0 0 0 0 0 0 1 103 10 0 0 0 0 0 0 0 0 0 0 0 0 0 0 0 0 0 0 0 0 0 0 0 1 0 1 255 255 1 1 0 0 0 0 0 0 0 0 0 0 0 1 1 1 1 1 1 1 234 255 173 1 0 0 0 0 1 1 1 0 0 0 0 0 0 0 0 0 0 0 0 0 0 0 0 0 1 1 109 1 0 0 0 0 0 0 0 0 1 1 3 255 255 1 1 1 1 0 1 1 1 0 0 0 0 0 0 0 0 0 0 0 0 0 1 0 1 1 1 0 1 1 1 15 20 1 1 0 0 1 1 42 1 1 1 1 2 2 1 0 1 1 234 255 1 1 0 1 1 1 1 1 1 1 1 182 73 1 1 0 1 1 10 85 8 1 1 0 0 0 0 0 0 1 1 0 0 0 0 0 0 0 1 15 73 17 2 1 1 1 255 171 67 89 80 55 82 97 84 13 1 1 1 1 0 0 0 0 0 0 0 0 1 1 26 4 6 5 6 4 1 1 1 1 1 1 1 0 0 0 0 0 0 0 0 0 0 1 1 1 3 5 1 0 0 0 0 0 0 0 0 0 0 0 0 0 0 0 0 1 15 12 0 0 0 0 0 0 0 0 0 0 0 0 0 11 10 1 0 0 0 0 0 0 0 0 0 1 1 1 1 167 255 96 1 1 1 1 0 0 0 0 0 0 0 0 0 0 1 1 1 1 1 0 0 1 54 156 3 1 1 0 0 0 0 0 0 0 0 0 0 0 0 0 0 0 0 0 1 1 37 118 109 91 49 17 255 255 2 1 1 1 1 1 1 1 1 1 1 1 1 1 1 1 1 32 61 2 1 1 1 1 1 1 1 1 1 29 1 1 1 1 0 0 1 0 0 1 1 1 1 1 1 1 1 25 1 1
0 0 1 1 1 0 1 1 9 250 90 1 0 0 0 0 0 0 0 0 0 0 0 0 0 0 0 0 0 0 0 0 0 0 0 0 0 0 0 1 113 98 1 0 0 0 0 0 0 0 1 65 1 1 11 10 0 0 1 1 0 1 6 27 1 1 8 1 1 1 3 255 9 1 0 0 0 1 1 0 0 0 0 0 0 1 0 0 0 1 1 222 1 0 0 0 0 0 0 0 0 0 0 0 0 0 0 0 0 0 0 0 2 122 1 0 0 0 0 0 0 0 0 0 0 0 0 0 0 0 0 0 0 0 0 0 0 1 1 1 1 255 252 1 1 0 0 0 0 0 0 0 0 0 0 0 0 1 1 1 1 1 1 1 242 254 19 0 0 0 0 0 1 1 1 0 0 0 0 0 0 0 0 0 0 0 0 0 0 0 1 36 45 0 0 0 0 0 0 0 0 1 1 2 255 255 1 1 1 1 0 1 1 1 0 0 0 0 0 0 0 0 0 0 0 0 0 1 1 0 0 0 1 1 1 10 23 3 1 0 0 0 0 0 11 13 1 1 1 1 1 1 0 0 0 1 1 255 255 1 1 0 1 1 0 0 1 1 1 2 208 9 1 1 1 1 27 31 1 1 1 1 1 0 0 0 0 0 1 1 0 0 0 0 0 0 0 1 1 36 74 77 76 77 251 255 134 6 7 20 5 1 1 1 1 1 1 0 0 0 0 0 0 0 0 0 0 1 23 1 1 1 1 1 1 1 1 0 0 0 1 0 0 0 0 0 0 0 0 0 1 2 2 2 8 1 0 0 0 0 0 0 0 0 0 0 0 0 0 0 0 0 0 0 1 46 0 0 0 0 0 0 0 0 0 0 0 0 1 38 1 1 1 0 0 0 0 0 0 0 0 0 0 1 1 1 252 255 133 1 1 1 1 1 1 1 1 1 1 1 1 0 0 0 0 0 0 0 0 6 33 16 132 2 1 1 0 0 0 0 1 1 0 0 0 0 0 0 0 0 0 0 0 0 1 1 1 1 1 1 249 255 255 161 2 1 1 1 1 1 1 1 1 1 0 0 0 0 0 1 1 54 27 1 1 1 1 1 1 1 6 12 1 1 1 0 0 0 0 0 0 0 0 1 1 1 1 1 13 3 1 1
0 0 0 1 1 0 0 1 1 6 249 100 1 0 0 0 0 0 0 0 0 0 0 0 0 0 0 0 0 0 0 0 0 0 0 0 0 0 0 0 1 125 85 1 0 0 0 0 0 0 31 16 0 1 2 31 1 0 1 1 1 3 2 19 19 4 7 1 1 1 2 255 30 1 1 0 0 1 0 0 0 0 0 0 0 1 0 0 0 1 1 222 1 0 0 0 0 0 0 0 0 0 0 0 0 0 0 0 0 0 0 0 1 130 1 0 0 0 0 0 0 0 0 0 0 0 0 0 0 0 0 0 0 0 0 0 0 0 1 1 1 1 255 217 1 1 0 0 0 0 0 0 0 0 0 0 0 0 0 1 1 1 1 1 1 15 252 164 1 0 0 0 0 0 1 1 1 0 0 0 0 0 0 0 0 0 0 0 0 1 1 109 1 0 0 0 0 0 0 0 1 1 1 255 255 1 1 1 1 1 1 1 0 0 0 0 0 0 0 0 0 0 0 0 0 0 0 1 0 0 1 1 1 5 23 5 1 0 0 0 0 0 0 1 39 1 1 1 0 0 0 0 0 0 0 0 1 1 255 126 1 1 1 0 0 0 0 0 0 1 19 202 1 1 1 1 1 29 58 5 1 1 1 0 0 0 0 0 0 1 1 1 0 0 0 0 0 0 1 1 1 1 1 1 1 249 255 255 99 3 1 1 1 1 1 1 0 0 0 0 0 0 0 0 0 0 0 1 18 1 1 1 1 0 0 0 0 0 0 0 1 1 0 0 0 0 0 0 1 2 3 1 1 1 6 1 0 0 0 0 0 0 0 0 0 0 0 0 0 0 0 0 0 0 1 50 1 0 0 0 0 0 0 0 0 0 0 0 7 14 1 1 1 1 1 0 0 0 0 0 0 0 0 0 0 1 1 252 255 255 248 225 199 169 130 97 67 41 18 4 1 1 1 1 0 0 0 0 1 61 1 40 35 108 1 1 1 0 0 0 1 1 0 0 0 0 0 0 0 0 0 0 0 0 0 0 0 0 0 1 2 255 253 255 255 151 2 1 1 1 1 1 1 1 0 1 0 0 0 0 0 1 15 26 1 1 1 1 1 1 2 22 1 1 1 0 0 0 0 0 1 1 0 0 1 1 1 2 12 1 1 1
0 0 0 0 1 1 0 0 1 1 5 249 129 1 0 0 0 0 0 0 0 0 0 0 0 0 0 0 0 0 0 0 0 0 0 0 0 0 0 0 0 1 128 83 1 0 0 0 0 15 49 1 0 0 1 27 2 0 0 0 1 2 1 1 22 2 6 6 1 1 2 255 76 2 1 1 1 1 0 0 0 0 0 0 0 1 0 0 0 1 1 220 1 0 0 0 0 0 0 0 0 0 0 0 0 0 0 0 0 0 0 0 1 127 1 1 0 0 0 0 0 0 0 0 0 0 0 0 0 0 0 0 0 0 0 0 0 0 0 1 1 1 8 255 115 1 1 0 0 0 0 0 0 0 0 0 0 0 0 0 0 1 1 1 1 1 1 245 237 1 0 0 0 0 0 0 1 1 1 0 0 0 0 0 0 0 0 0 0 1 59 24 0 0 0 0 0 0 0 0 1 1 3 255 1 1 1 1 1 1 1 0 0 0 0 0 0 0 0 0 0 0 0 0 0 0 1 1 0 1 1 3 19 8 4 1 0 0 0 0 0 0 0 16 8 1 1 0 0 0 0 0 0 0 0 0 1 1 175 255 1 1 1 0 0 0 0 0 0 1 1 134 137 1 1 1 1 1 2 48 58 4 1 0 0 0 0 0 0 0 0 1 1 1 1 1 0 0 0 0 1 1 1 1 1 1 7 252 255 252 22 2 1 1 1 1 1 1 1 0 0 0 0 0 0 0 0 0 2 16 1 0 0 0 0 0 0 0 0 0 0 1 0 0 0 0 0 1 3 1 1 0 1 1 5 0 0 0 0 0 0 0 0 0 0 0 0 0 0 0 0 0 0 0 0 30 4 0 0 0 0 0 0 0 0 0 0 0 38 1 0 0 1 1 1 1 0 0 0 0 0 0 1 1 0 1 1 1 95 252 255 254 255 255 255 255 255 255 255 255 255 255 254 96 1 1 0 1 45 4 11 44 1 54 70 1 1 1 0 0 1 1 0 0 0 0 0 0 0 0 0 0 0 0 0 0 0 0 1 1 1 255 255 71 252 255 255 122 2 1 1 1 1 1 1 1 0 0 0 0 0 0 1 18 26 1 1 1 1 1 1 24 1 1 1 1 1 0 0 1 1 1 1 1 1 1 1 16 1 1 1 1
0 0 0 0 1 1 1 0 0 1 1 3 245 172 1 0 0 0 0 0 0 0 0 0 0 0 0 0 0 0 0 0 0 0 0 0 0 0 0 0 0 0 1 129 80 1 1 1 20 39 1 0 0 0 1 2 28 1 0 0 1 1 1 1 5 10 1 8 4 1 3 255 209 8 1 1 0 0 0 0 0 0 0 0 0 1 0 0 1 1 3 217 1 0 0 0 0 0 0 0 0 0 0 0 0 0 0 0 0 0 0 0 1 101 10 1 1 0 0 0 0 0 0 0 0 0 0 0 0 0 0 0 0 0 0 0 0 0 0 0 1 1 1 110 255 9 1 0 0 0 0 0 0 0 0 0 0 0 0 0 0 0 0 1 1 1 1 1 190 255 217 1 0 0 0 0 0 0 1 1 1 0 0 0 0 0 0 0 1 1 109 1 0 0 0 0 0 0 0 0 1 1 255 255 1 1 1 0 1 1 0 0 0 0 0 0 0 0 0 0 0 0 0 0 0 1 1 1 1 1 16 11 1 1 1 3 1 0 0 0 0 0 1 40 1 1 1 0 0 0 0 0 0 0 0 0 0 1 1 255 254 1 1 1 0 0 0 0 0 1 1 1 176 121 1 1 1 1 1 1 6 67 1 0 0 0 0 0 0 0 0 0 0 0 0 1 1 1 1 1 1 1 1 1 1 1 1 1 14 255 255 252 183 65 5 1 1 1 1 1 0 0 0 0 0 0 0 0 1 21 1 0 0 0 0 0 0 0 0 0 0 1 1 1 1 1 4 2 1 0 0 0 1 1 5 0 0 0 0 0 0 0 0 0 0 0 0 0 0 0 0 0 0 0 0 1 48 0 0 0 0 0 0 0 0 0 0 4 19 0 0 0 0 0 1 1 1 1 0 0 0 0 0 1 1 1 0 1 1 1 204 245 81 1 3 1 1 1 1 1 1 1 227 255 255 83 1 7 37 1 81 1 1 1 89 36 1 1 0 0 1 1 1 0 0 0 0 0 0 0 0 0 0 0 0 0 0 0 1 1 1 14 255 231 43 4 255 255 255 79 1 1 1 1 1 1 1 0 0 0 0 0 0 1 10 36 1 1 1 1 1 2 32 10 1 1 1 1 1 1 0 0 1 1 12 1 1 17 1 1 1 1
0 0 0 0 0 0 1 1 0 0 1 1 1 237 201 1 0 0 0 0 0 0 0 0 0 0 0 0 0 0 0 0 0 0 0 0 0 0 0 0 0 0 0 1 133 71 1 40 24 1 0 0 0 0 1 1 19 4 0 0 0 2 1 1 1 16 5 5 50 58 68 255 250 106 1 0 0 0 0 0 0 0 0 0 0 1 0 0 1 0 100 176 1 0 0 0 0 0 0 0 0 0 0 0 0 0 0 0 0 0 0 0 0 3 120 1 1 1 1 1 1 1 1 1 0 0 0 0 0 0 0 0 0 0 0 0 0 0 0 0 0 1 1 1 213 255 1 1 0 0 0 0 0 0 0 0 0 0 0 0 0 0 0 0 0 1 1 1 1 1 225 254 245 1 1 1 0 0 0 0 1 1 1 0 0 0 0 0 1 21 74 0 0 0 0 0 0 0 0 1 1 1 255 255 1 1 0 1 1 1 0 0 0 0 0 0 0 0 0 0 0 0 1 1 6 22 22 22 21 19 2 1 1 0 1 2 2 0 0 0 0 0 1 40 1 1 0 0 0 0 0 0 0 0 0 0 0 0 1 6 255 1 1 1 1 0 0 0 0 1 0 1 2 157 143 1 1 1 1 12 59 3 1 0 0 0 0 0 0 0 0 0 0 0 0 0 1 1 1 0 0 0 0 1 1 1 1 1 1 1 168 255 255 255 255 191 5 1 1 1 1 0 0 0 0 0 0 0 1 17 1 0 0 0 0 0 0 0 0 0 0 6 29 25 39 43 33 38 4 1 0 0 1 1 5 0 0 0 0 0 0 0 0 0 0 0 0 0 0 0 0 0 0 0 0 1 17 13 0 0 0 0 0 0 0 0 0 39 1 0 0 0 0 0 0 1 1 1 0 0 0 0 1 1 0 0 0 0 1 1 1 2 234 231 6 1 1 1 1 1 1 1 1 1 134 255 242 71 1 1 82 1 1 1 1 114 11 1 1 0 0 0 1 0 0 0 0 0 0 0 0 0 0 0 0 0 0 0 0 0 1 3 255 255 128 32 1 10 255 255 255 176 6 1 1 1 1 1 1 1 0 0 0 0 1 8 50 1 1 1 1 3 3 10 31 26 2 1 1 1 0 0 0 1 11 7 7 15 1 1 1 1
0 0 0 0 0 0 1 1 1 1 1 1 1 1 227 204 1 0 0 0 0 0 0 0 0 0 0 0 0 0 0 0 0 0 0 0 0 0 0 0 0 0 0 0 1 152 113 13 1 0 0 0 0 0 0 1 1 31 1 0 0 1 2 1 1 1 12 11 6 10 14 255 255 101 1 1 0 0 0 0 0 0 0 0 1 1 0 0 1 0 206 17 1 0 0 0 0 0 0 0 0 0 0 0 0 0 0 0 0 0 0 0 0 1 190 134 115 9 1 1 1 1 1 1 1 0 0 0 0 0 0 0 0 0 0 0 0 0 0 0 0 0 1 1 1 252 255 1 1 0 0 0 0 0 0 0 0 0 0 0 0 0 0 0 0 0 1 1 1 1 1 1 163 254 247 2 1 1 1 1 1 0 1 1 1 1 0 0 1 99 3 4 0 0 0 0 0 0 0 1 1 1 255 255 1 1 1 1 1 1 0 0 0 1 1 1 1 5 16 24 25 24 24 23 8 1 1 1 1 1 0 0 0 0 0 1 4 1 0 0 0 1 7 17 1 0 0 0 0 0 0 0 0 0 0 0 0 0 1 1 255 254 1 1 1 0 0 0 0 1 1 1 1 1 210 2 1 2 53 36 1 1 1 1 1 1 1 1 1 1 1 1 1 1 1 1 1 1 1 1 1 1 1 1 0 1 1 1 1 1 1 1 1 5 226 255 255 39 1 1 1 1 0 0 0 0 0 0 0 2 12 1 0 0 0 0 0 0 0 0 3 40 4 5 1 1 1 1 24 13 1 0 0 1 5 0 0 0 0 0 0 0 0 0 0 0 0 0 0 0 0 0 0 0 0 0 1 16 22 1 0 0 0 0 0 0 4 21 0 0 0 0 0 0 0 0 0 1 1 0 0 0 0 0 0 0 0 0 0 0 1 1 1 113 245 116 1 1 1 1 1 1 1 1 1 1 252 251 4 1 85 1 1 1 1 2 125 3 1 1 0 1 1 0 0 0 0 0 0 0 0 0 0 0 0 0 0 0 0 0 1 17 3 255 255 84 15 1 1 22 255 255 255 255 236 1 1 1 1 1 1 1 0 0 1 35 4 18 18 4 1 1 4 2 1 4 38 5 1 1 1 1 0 1 10 1 3 28 18 1 1 1
0 0 0 0 0 0 0 1 1 0 0 1 1 1 1 239 164 1 0 0 0 0 0 0 0 0 0 0 0 0 0 0 0 0 0 0 0 0 0 0 0 1 1 1 1 151 113 1 0 0 0 0 0 0 0 0 1 30 1 1 2 3 3 1 1 3 8 12 16 3 16 255 255 113 1 1 0 0 0 0 0 0 0 0 1 0 0 0 1 0 220 1 1 0 0 0 0 0 0 0 0 0 0 0 0 0 0 0 0 0 0 0 0 1 9 157 68 108 130 132 132 130 130 129 116 2 0 0 0 0 0 0 0 0 0 0 0 0 0 0 0 0 0 1 0 1 255 255 1 1 0 0 0 0 0 0 0 0 0 0 0 0 0 0 0 0 0 1 1 1 1 1 1 1 131 254 247 2 1 0 1 1 1 0 0 1 1 1 1 101 1 2 4 1 0 0 0 0 0 1 1 1 255 255 1 1 1 0 1 1 1 5 24 25 25 24 21 10 2 1 1 0 0 0 0 0 0 1 1 1 1 0 0 0 0 0 1 4 1 0 0 1 37 1 1 0 0 0 0 0 0 0 0 0 0 0 0 0 0 1 9 255 1 1 0 0 0 0 1 1 1 1 1 1 96 162 21 58 4 1 1 1 1 1 1 1 1 1 1 1 1 1 1 1 1 1 1 1 1 1 1 1 1 1 1 1 0 1 1 1 1 1 1 1 1 3 253 255 177 3 1 1 1 1 1 1 0 0 1 1 18 1 1 1 0 0 0 0 0 0 44 1 1 0 0 1 1 1 1 12 13 1 0 1 6 0 0 0 0 0 0 0 0 0 0 0 0 0 0 0 0 0 0 0 0 0 0 1 8 30 1 0 0 0 0 1 39 1 1 0 0 0 0 0 0 0 0 0 1 1 0 0 0 0 0 0 0 0 0 0 0 0 1 1 1 230 245 134 1 1 1 1 1 1 1 1 1 252 248 79 29 1 1 0 1 1 7 120 1 1 1 1 1 1 1 1 1 0 0 0 0 0 1 1 0 0 0 0 0 0 1 21 1 5 255 255 37 7 1 1 1 2 16 240 255 255 25 1 1 0 1 1 1 1 1 39 1 1 1 8 4 4 2 5 1 1 1 34 9 1 1 1 1 0 6 2 1 1 5 27 1 1
0 0 0 0 0 0 0 0 1 1 0 0 1 1 1 1 253 3 0 0 0 0 0 0 0 0 0 0 0 0 0 0 0 0 0 0 0 0 0 0 0 1 0 1 31 253 249 7 1 0 0 0 0 0 0 0 1 10 34 31 24 25 9 3 33 32 17 4 1 4 26 255 250 108 1 1 0 0 0 0 0 0 0 0 1 0 0 0 1 1 220 1 0 0 0 0 0 0 0 0 0 0 0 0 0 0 0 0 0 0 0 0 0 1 1 1 113 102 1 1 1 1 1 1 5 124 11 1 0 0 0 0 0 0 0 0 0 0 0 0 0 0 0 1 1 1 1 255 201 1 0 0 0 0 0 0 0 0 0 0 0 0 0 0 0 0 0 0 0 1 1 1 1 1 1 1 145 254 251 23 1 0 1 1 0 0 0 1 1 101 1 1 3 3 1 1 0 0 0 1 1 1 255 254 1 1 1 1 6 25 25 10 1 0 0 0 0 0 0 0 0 0 0 0 0 0 0 0 1 1 1 0 0 0 0 0 0 2 2 1 0 2 27 1 0 0 0 0 0 0 0 0 0 0 0 0 0 0 0 1 1 255 253 1 1 0 0 1 1 1 1 1 1 1 85 229 40 1 1 1 1 1 1 1 1 1 1 1 2 75 141 127 43 3 1 1 1 1 5 77 99 52 14 4 2 1 1 1 1 0 1 1 1 1 1 1 1 201 255 255 41 1 1 1 0 1 1 1 1 1 8 3 1 1 1 1 1 0 0 1 48 1 1 1 1 1 0 1 1 1 17 8 1 1 6 1 0 0 0 0 0 0 0 0 0 0 0 0 0 0 0 0 0 0 0 0 0 0 1 6 24 0 0 0 0 22 4 0 1 1 1 0 0 0 0 0 0 0 0 1 1 0 0 0 0 0 0 0 0 0 0 0 0 1 1 1 2 225 245 196 1 1 1 1 1 1 1 1 255 200 5 1 1 1 1 1 1 29 97 1 1 1 1 1 1 1 1 1 0 0 0 0 1 1 1 1 1 1 1 0 1 22 1 1 106 255 190 35 4 1 1 1 1 1 2 253 255 246 1 1 1 1 1 1 53 1 0 0 1 2 3 3 6 4 1 1 1 1 28 30 2 1 1 1 1 9 1 1 1 2 30 1
0 0 0 0 0 0 0 0 0 1 1 1 0 0 1 1 158 241 0 0 0 0 0 0 0 0 0 0 0 0 0 0 0 0 0 0 0 0 0 0 1 1 1 1 246 7 104 253 57 1 0 0 0 0 0 0 0 1 1 1 1 1 8 32 13 19 10 7 18 10 62 255 84 105 1 1 0 0 0 0 0 0 0 0 1 0 0 1 1 1 222 1 0 0 0 0 0 0 0 0 0 0 0 0 0 0 0 0 0 0 0 0 0 0 1 0 1 83 88 1 0 0 0 0 0 1 106 32 1 1 0 0 0 0 0 0 0 0 0 0 0 0 0 0 1 1 1 37 255 3 1 0 0 0 0 0 0 0 0 0 0 0 0 0 0 0 0 0 0 0 0 0 1 1 1 1 1 1 65 251 254 251 83 1 1 1 1 1 1 81 6 0 1 4 3 1 1 1 1 1 1 1 255 145 1 1 18 25 8 1 0 0 0 0 0 0 0 0 0 0 0 0 0 0 0 0 0 0 0 1 1 0 0 0 0 0 0 1 3 1 1 15 5 0 0 0 0 0 0 0 0 0 0 0 0 0 0 0 0 0 1 24 255 1 1 1 1 1 1 1 1 1 1 84 78 43 137 137 142 147 145 139 108 36 11 6 6 29 132 70 3 11 99 140 128 48 6 31 130 65 41 87 123 138 139 122 11 1 1 1 1 1 0 1 1 1 1 1 4 253 255 93 1 1 1 1 0 1 1 1 1 14 1 1 1 1 1 0 0 1 46 1 1 0 0 0 0 0 0 1 1 39 1 1 6 0 0 0 0 0 0 0 0 0 0 0 0 0 0 0 0 0 0 0 0 0 0 0 0 1 36 2 0 0 4 20 0 0 0 0 1 1 0 0 0 0 0 0 0 0 0 0 1 1 0 0 0 0 0 0 1 0 0 0 0 0 0 1 1 199 245 222 3 2 1 1 1 1 84 255 96 1 1 1 1 0 1 1 74 53 1 1 1 1 1 1 1 1 1 1 1 1 0 0 0 0 0 0 1 0 1 22 1 1 6 255 255 2 43 1 1 1 1 1 1 1 97 255 255 4 1 1 1 3 37 3 3 1 0 1 1 1 1 6 1 1 1 1 1 7 44 43 1 1 1 2 6 1 1 1 2 31
0 0 0 0 0 0 0 0 0 0 0 1 1 1 1 1 1 254 0 0 0 0 0 0 0 0 0 0 0 0 0 0 0 0 0 0 0 0 0 0 1 1 1 209 166 1 1 8 253 13 1 0 0 0 0 0 0 0 0 0 1 1 1 5 8 1 19 1 1 2 253 255 7 113 0 1 1 0 0 0 0 0 0 0 1 0 0 1 0 1 222 1 0 0 0 0 0 0 0 0 0 0 0 0 0 0 0 0 0 0 0 0 0 0 1 0 0 1 153 3 0 0 0 0 0 0 1 79 70 1 1 0 0 0 0 0 0 0 0 0 0 0 0 0 0 1 1 1 235 255 1 0 0 0 0 0 0 0 0 0 0 0 0 0 0 0 0 0 0 0 0 0 0 1 1 1 1 1 0 1 1 68 250 254 254 250 113 2 1 6 89 1 0 1 2 5 1 1 1 1 1 1 255 24 23 22 2 0 1 1 0 0 0 0 0 0 0 0 0 0 0 0 0 0 0 0 0 0 0 1 1 0 0 0 0 0 0 0 1 3 1 31 1 1 1 1 1 0 0 0 0 0 0 0 0 0 0 0 0 0 1 1 255 248 1 1 1 1 0 0 0 1 2 143 1 1 1 2 1 1 2 4 34 107 128 136 136 111 6 1 1 1 1 1 9 91 133 109 2 1 1 1 1 1 1 13 124 93 2 1 1 1 1 1 1 1 1 1 1 1 224 255 72 1 1 1 1 0 1 1 1 1 13 13 8 3 1 0 0 1 46 1 0 0 0 0 0 0 0 0 1 25 3 1 6 1 1 0 0 0 1 1 1 1 1 1 0 0 0 0 0 0 0 0 0 0 0 0 0 0 1 45 1 1 35 1 0 0 0 0 0 1 1 0 0 0 0 0 0 0 0 0 1 1 1 1 0 0 0 1 1 1 0 0 0 0 0 0 0 1 2 225 249 249 251 249 71 1 1 255 211 1 1 1 1 0 0 1 1 103 70 3 1 1 1 1 1 1 1 1 1 1 1 1 1 0 0 0 0 0 1 22 1 1 4 255 255 1 45 1 1 1 1 1 1 1 1 2 254 255 194 1 1 54 1 1 1 3 1 1 1 3 2 3 6 6 6 6 6 5 5 19 58 12 1 1 4 3 1 1 1 2
0 0 0 0 0 0 0 0 0 0 0 0 0 1 1 1 1 254 1 0 0 0 0 0 0 0 0 0 0 0 0 0 0 0 0 0 0 0 0 1 1 1 139 224 1 1 1 1 41 251 1 1 0 0 0 0 0 0 0 1 1 0 1 2 37 6 7 6 1 4 255 245 2 118 1 0 1 0 0 0 0 0 0 1 1 0 0 1 0 1 222 1 0 0 0 0 0 0 0 0 0 0 0 0 0 0 0 0 0 0 0 0 0 0 1 0 0 1 53 110 0 0 0 0 0 0 0 1 40 107 1 1 0 0 0 0 0 0 0 0 0 0 0 0 0 0 1 1 1 255 248 1 0 0 0 0 0 0 0 0 0 0 0 0 0 0 0 0 0 0 0 0 0 0 0 1 1 1 1 1 0 1 1 1 1 73 247 254 254 254 255 251 179 2 1 1 7 1 1 1 78 202 255 21 1 1 0 0 1 1 0 0 0 0 0 0 0 0 0 0 0 0 0 0 0 0 0 0 1 1 1 0 0 0 0 0 0 0 1 1 13 12 1 1 0 1 1 0 0 0 0 0 0 0 0 0 0 0 0 0 0 1 51 255 1 1 1 0 0 0 0 1 143 4 1 0 1 1 0 1 1 1 1 1 1 1 1 1 1 0 0 0 1 1 1 1 1 1 1 1 1 0 0 0 1 1 1 44 132 18 2 2 3 6 21 59 77 71 48 11 2 238 255 199 3 1 1 1 1 0 0 0 1 1 2 6 19 1 0 1 46 1 0 0 0 0 0 0 0 0 0 1 37 1 6 1 1 0 1 1 6 76 81 69 20 1 1 0 0 0 0 0 0 0 0 0 0 0 0 0 0 20 7 26 2 0 0 0 0 0 0 0 1 1 1 0 0 0 0 0 0 0 0 1 1 1 1 1 1 1 1 1 1 0 0 0 0 0 0 1 127 4 1 1 1 12 248 239 2 181 255 1 1 1 1 0 0 0 1 1 56 130 136 126 130 130 114 3 1 1 1 1 1 0 1 0 0 0 0 0 1 21 1 1 5 255 255 1 43 1 1 1 1 1 1 1 1 1 1 198 255 254 17 32 1 1 1 3 1 1 2 1 1 0 1 1 1 1 1 1 1 1 4 41 52 1 1 7 1 1 1 1
0 0 0 0 0 0 0 0 0 0 0 0 0 0 0 1 1 254 1 0 0 0 0 0 0 0 0 0 0 0 0 0 0 0 0 0 0 0 0 1 1 18 242 1 1 1 0 1 1 167 239 1 0 0 0 0 0 0 1 1 0 2 14 20 5 1 13 3 1 19 255 23 1 120 1 0 1 1 0 0 0 0 0 1 0 0 0 1 0 1 222 1 0 0 0 0 0 0 0 0 0 0 0 0 0 0 0 0 0 0 0 0 0 0 1 1 0 1 91 73 0 0 0 0 0 0 0 0 1 9 124 6 1 0 0 0 0 0 0 0 0 0 0 0 0 0 1 1 1 2 255 3 0 0 0 0 0 0 0 0 0 0 0 0 0 0 0 0 0 0 0 0 0 0 0 0 0 1 1 1 1 1 0 1 1 1 1 1 1 15 113 34 244 254 254 148 1 13 190 204 156 3 255 1 1 0 0 0 1 1 0 0 0 0 0 0 0 0 0 0 0 0 0 0 0 0 0 0 1 1 1 0 0 0 0 0 0 1 1 7 29 1 1 0 0 0 1 0 0 0 0 0 0 0 0 0 0 0 0 0 0 1 1 255 241 1 1 1 1 1 1 62 85 1 1 0 0 1 1 0 0 0 0 0 0 0 0 0 0 0 0 0 0 0 0 0 0 0 0 0 0 0 0 0 0 0 1 1 5 117 142 142 139 133 114 77 71 75 66 107 126 94 170 255 255 45 1 1 1 1 0 0 0 0 1 1 17 1 1 1 43 1 0 0 0 0 0 0 0 0 0 0 29 2 7 1 1 1 1 38 63 3 2 4 39 46 1 1 0 0 0 0 0 0 0 0 0 0 0 0 0 1 56 36 1 0 0 0 0 0 0 0 0 0 1 1 0 0 0 0 0 1 1 1 0 0 1 1 1 1 0 0 1 1 1 1 1 1 0 1 142 1 0 1 1 1 1 172 249 249 255 19 1 1 1 0 0 1 1 1 1 1 1 4 1 1 7 123 28 1 1 1 1 1 1 1 1 0 1 1 1 20 2 1 5 255 227 14 16 1 0 1 0 0 1 1 1 1 1 1 2 255 255 167 1 1 1 1 2 1 1 1 1 1 0 1 1 1 0 1 1 0 1 1 9 54 1 1 6 1 0 1
0 0 0 0 0 0 0 0 0 0 0 0 0 0 0 0 1 254 1 0 0 0 0 0 0 0 0 0 0 0 0 0 0 0 0 0 0 0 0 1 1 244 6 1 1 1 1 1 1 1 236 178 1 0 0 0 0 1 1 0 1 22 3 1 0 1 22 1 2 99 255 3 1 118 1 0 0 1 0 0 0 0 0 1 0 0 0 1 0 1 222 1 0 0 0 0 0 0 0 0 0 0 0 0 0 0 0 0 0 0 0 0 0 0 0 1 1 1 155 2 0 0 0 0 0 0 0 0 0 0 1 112 36 1 0 0 0 0 0 0 0 0 0 0 0 0 0 1 1 1 238 255 1 0 0 0 0 0 0 0 0 0 0 0 0 0 0 0 0 0 0 0 0 0 0 0 0 0 0 0 0 1 1 1 1 1 1 1 1 129 2 1 1 1 4 246 250 197 20 1 1 1 255 1 1 0 0 1 1 1 0 0 0 0 0 0 0 0 0 0 0 0 0 0 0 0 0 0 1 1 0 0 0 0 1 1 2 17 29 14 1 1 1 1 1 1 1 1 0 0 0 0 0 0 0 0 0 0 0 0 0 0 1 89 255 1 1 1 1 1 1 150 1 1 1 0 0 1 1 0 0 0 0 0 0 0 0 0 0 0 0 0 0 0 0 0 0 0 0 0 0 0 0 0 0 0 0 0 1 1 1 1 1 1 1 1 16 1 1 1 1 21 105 123 251 255 254 3 1 1 1 1 1 0 0 1 11 2 1 1 42 1 1 1 1 1 0 0 0 0 0 0 1 29 31 3 12 69 90 22 1 1 1 1 1 80 1 1 0 0 0 0 0 0 0 0 0 0 0 0 0 1 19 89 1 0 0 0 0 0 0 0 0 0 0 1 1 1 0 0 1 1 1 0 0 0 0 0 1 1 1 0 0 1 1 1 1 1 1 101 24 0 0 0 0 1 1 1 3 174 255 24 1 1 1 0 0 1 1 1 1 1 1 1 1 1 1 1 91 132 132 132 110 3 1 1 1 1 1 0 1 2 14 4 2 255 248 45 2 1 0 1 0 0 0 0 0 1 1 1 1 6 236 255 255 27 1 1 2 4 1 1 1 1 1 1 0 1 1 1 1 0 0 1 1 18 37 1 7 1 1 1
0 0 0 0 0 0 0 0 0 0 0 0 0 0 0 0 1 254 1 0 0 0 0 0 0 0 0 0 0 0 0 0 0 0 0 0 0 0 1 1 177 200 1 0 0 0 0 1 1 1 1 254 1 0 0 0 1 1 0 1 12 4 1 0 0 1 22 4 116 255 255 1 1 120 1 0 0 1 1 0 0 0 0 1 0 0 1 0 0 1 222 1 0 0 0 0 0 0 0 0 0 0 0 0 0 0 0 0 0 0 0 0 0 0 0 1 1 1 161 1 0 0 0 0 0 0 0 0 0 0 0 1 73 85 1 0 0 0 0 0 0 0 0 0 0 0 0 0 1 1 1 255 201 1 0 0 0 0 0 0 0 0 0 0 0 0 0 0 0 0 0 0 0 0 0 0 0 0 0 0 0 0 0 0 1 1 1 1 1 137 1 1 1 1 1 2 109 238 46 1 1 1 255 1 1 1 0 1 0 1 0 0 0 0 0 0 0 0 0 0 0 0 0 0 0 0 0 0 1 1 0 0 0 1 8 36 29 5 1 1 1 1 1 1 1 0 0 0 0 0 0 0 0 0 0 0 0 0 0 0 0 0 0 1 255 227 1 1 1 1 137 7 1 1 1 1 1 1 1 0 0 0 0 0 0 0 0 0 0 0 0 0 0 0 0 0 0 0 0 0 0 0 0 0 0 0 0 0 0 0 0 1 1 1 0 2 9 0 0 0 0 1 1 1 1 3 255 255 248 4 2 10 11 1 1 1 5 101 73 50 35 1 1 1 1 1 1 1 1 1 0 0 1 1 68 75 50 5 1 1 1 1 0 0 1 40 19 1 0 0 0 0 0 0 0 0 0 0 0 1 3 13 1 6 79 1 0 0 0 0 0 0 0 0 0 0 0 1 1 0 1 0 1 0 0 0 0 0 0 0 1 1 1 0 0 1 1 1 3 132 1 0 0 0 0 1 1 1 1 1 255 242 1 1 1 1 1 1 1 1 1 1 1 1 1 1 1 1 1 1 1 1 15 119 122 6 1 1 1 1 1 1 1 10 3 255 255 83 4 1 1 1 0 0 0 0 0 0 1 1 1 18 1 2 255 255 249 7 1 1 2 1 1 1 1 1 1 1 1 1 1 1 1 0 1 1 34 31 10 1 1 1
0 0 0 0 0 0 0 0 0 0 0 0 0 0 0 0 1 254 1 0 0 0 0 0 0 0 0 0 0 0 0 0 0 0 0 0 0 0 1 1 246 1 1 0 0 0 1 1 1 1 1 197 227 1 0 1 1 0 0 1 20 1 0 0 1 2 20 255 255 255 167 1 1 121 1 0 0 0 1 0 0 0 0 1 0 0 1 0 0 1 220 1 0 0 0 0 0 0 0 0 0 0 0 0 0 0 0 0 0 0 0 0 0 0 0 1 1 1 161 1 0 0 0 0 0 0 0 0 0 0 0 1 1 27 120 2 1 1 0 0 0 0 0 0 0 0 0 0 1 1 1 47 255 1 0 0 0 0 0 0 0 0 0 0 0 0 0 0 0 0 0 0 0 0 0 0 0 0 0 0 0 0 0 0 0 0 0 1 1 135 1 1 1 1 3 6 1 2 228 202 1 1 255 1 1 1 1 1 0 1 0 0 0 0 0 0 0 0 0 0 0 0 0 0 0 0 0 0 0 1 1 0 3 34 14 1 1 1 1 1 2 1 1 1 1 0 0 0 0 0 0 0 0 0 0 0 0 0 0 0 0 0 0 1 139 255 1 1 1 53 93 1 1 1 1 1 1 1 1 1 0 0 1 1 1 1 1 1 1 1 1 1 0 0 0 0 0 0 0 0 0 0 0 0 0 0 0 0 0 0 0 0 0 0 1 18 1 0 0 0 0 0 1 1 1 1 1 18 255 255 255 255 255 255 52 1 82 2 1 8 8 6 6 6 7 6 3 1 1 1 1 0 1 19 2 1 0 1 1 1 0 0 0 0 1 8 59 1 0 0 0 0 0 0 0 0 0 0 1 4 12 1 0 1 3 94 1 0 0 0 0 0 0 0 0 0 0 0 1 1 1 1 1 0 0 0 0 0 0 0 0 0 1 1 1 1 0 1 131 3 1 1 1 0 0 0 1 1 1 1 242 255 1 1 1 1 1 1 1 0 1 1 1 0 0 0 0 1 1 1 1 1 3 1 3 122 1 1 1 2 66 8 1 1 16 27 255 253 57 31 1 1 1 0 0 0 0 0 0 1 15 1 1 1 1 81 255 255 151 3 1 2 2 2 2 2 2 1 1 1 1 1 1 1 0 1 1 27 71 1 1 1
0 0 0 0 0 0 0 0 0 0 0 0 0 0 0 1 1 254 1 0 0 0 0 0 0 0 0 0 0 0 0 0 0 0 0 0 0 1 1 198 180 1 0 0 0 0 0 0 0 1 1 1 254 1 1 1 0 0 0 4 12 1 0 1 1 15 59 255 179 22 1 1 1 118 1 0 0 0 1 1 0 0 0 1 0 0 1 0 0 1 220 1 1 0 0 0 0 0 0 0 0 0 0 0 0 0 0 0 0 0 0 0 0 0 0 1 1 21 134 0 0 0 0 0 0 0 0 0 0 0 1 1 0 1 3 125 18 1 1 0 0 0 0 0 0 0 0 0 0 1 0 1 255 255 1 0 0 0 0 0 0 0 0 0 0 0 0 0 0 0 0 0 0 0 0 0 0 0 0 0 0 0 0 0 0 0 0 1 107 17 0 0 1 3 1 1 1 1 1 128 220 2 255 1 1 0 1 1 0 1 0 0 0 0 0 0 0 0 0 0 0 0 0 0 0 0 0 0 0 1 1 6 27 1 1 0 0 0 0 1 1 1 1 1 1 0 0 0 0 0 0 0 0 0 0 0 0 0 0 0 0 0 0 0 1 255 207 1 1 147 1 1 1 1 1 1 1 1 1 1 1 1 1 1 1 1 1 1 1 1 1 1 1 1 0 0 0 0 0 0 0 0 0 0 0 0 0 0 0 1 1 1 1 1 2 10 0 0 0 0 0 0 0 0 1 1 1 1 1 1 1 1 1 165 255 2 93 1 1 1 0 0 0 1 1 1 2 4 5 8 1 1 3 15 1 1 1 1 0 1 0 0 0 0 1 2 79 1 0 0 0 0 0 0 0 0 0 1 4 9 1 0 0 0 1 1 95 1 0 0 0 0 0 0 0 0 0 0 0 0 0 1 0 0 0 0 0 0 0 0 0 0 0 0 1 1 1 17 107 1 0 1 1 1 1 1 1 1 1 1 211 255 1 1 1 1 1 0 1 1 0 0 1 0 0 0 0 0 1 1 1 2 2 1 1 30 96 4 23 122 46 115 61 1 3 8 236 255 237 7 43 31 2 1 0 1 1 0 1 2 11 1 1 1 1 1 1 250 255 255 177 9 1 1 1 1 1 1 2 2 2 1 1 1 1 0 1 1 10 41 1 1
0 0 0 0 0 0 0 0 0 0 0 0 0 0 0 1 204 219 1 0 0 0 0 0 0 0 0 0 0 0 0 0 0 0 0 0 1 1 33 241 1 0 0 0 0 0 0 0 0 0 1 0 213 214 1 0 0 0 0 1 19 1 0 1 1 4 73 255 153 1 1 1 30 70 1 0 0 0 0 1 0 0 0 1 0 0 1 0 0 1 220 1 1 0 0 0 0 0 0 0 0 0 0 0 0 0 0 0 0 0 0 0 0 0 1 1 1 159 1 0 0 0 0 0 0 0 0 0 0 0 1 0 0 0 1 1 93 128 106 1 0 0 0 0 0 0 0 0 0 1 1 1 1 255 24 0 0 0 0 0 0 0 0 0 0 0 0 0 0 0 0 0 0 0 0 0 0 0 0 0 0 0 0 0 0 0 1 1 133 1 0 0 1 2 0 1 1 1 1 1 99 226 255 1 1 0 1 1 0 1 1 0 0 0 0 0 0 0 0 0 0 0 0 0 0 0 0 0 0 0 1 39 1 1 0 0 0 0 0 1 1 1 1 1 1 1 0 0 0 0 0 0 0 0 0 0 0 0 0 0 0 0 0 0 1 191 255 3 133 7 1 1 1 1 1 1 1 1 1 1 1 1 1 1 1 1 0 1 1 1 1 1 1 1 1 1 1 1 1 0 0 0 0 0 0 0 1 1 1 1 1 0 1 1 18 1 0 0 0 0 0 0 0 0 0 0 1 1 1 1 1 1 1 1 253 255 97 1 0 1 0 0 0 0 0 0 0 0 0 3 3 1 25 1 1 0 0 0 0 0 1 1 1 1 1 1 84 1 1 0 0 0 0 0 0 0 0 2 14 1 0 0 0 0 0 1 1 95 17 0 0 0 0 0 0 0 0 0 0 0 0 1 0 0 0 0 0 0 0 0 0 0 0 1 1 1 1 141 1 0 0 0 0 1 0 1 1 1 1 1 32 255 4 1 1 1 1 0 1 1 0 1 1 0 0 0 0 0 1 1 1 2 1 0 1 1 31 118 93 2 1 1 118 8 1 17 2 254 255 130 1 3 36 39 4 1 1 1 1 20 1 0 1 1 1 1 1 1 3 254 255 255 254 161 6 1 1 1 1 1 1 1 1 1 1 1 1 1 1 25 20 1
0 0 0 0 0 0 0 0 0 0 0 0 0 0 1 1 254 1 1 1 0 0 0 0 0 0 0 0 0 0 0 0 0 0 0 1 1 12 244 3 0 0 0 0 0 0 0 0 0 0 1 1 1 254 1 1 0 0 0 1 10 5 1 1 1 1 39 255 255 2 1 1 115 2 0 0 0 0 0 1 1 0 0 1 0 0 1 0 0 1 222 1 1 0 0 0 0 0 0 0 0 0 0 0 0 0 0 0 0 0 0 0 0 0 1 1 82 84 1 0 0 0 0 0 0 0 0 0 0 1 1 0 0 0 0 1 1 1 9 116 1 0 0 0 0 0 0 0 0 0 1 1 1 221 255 1 0 0 0 0 0 0 0 0 0 0 0 0 0 0 0 0 0 0 0 0 0 0 0 0 0 0 0 0 1 1 1 54 83 1 1 1 1 2 1 0 1 1 1 1 1 165 255 1 1 0 0 1 1 0 1 1 0 0 0 0 0 0 0 0 0 0 0 0 0 0 0 0 0 0 25 3 1 1 1 1 0 0 0 1 1 1 1 1 1 1 1 0 0 0 0 0 0 0 0 0 0 0 0 0 0 0 0 0 1 1 255 255 255 255 255 255 255 252 242 218 180 136 77 15 2 1 1 1 1 1 1 1 1 1 1 1 1 2 1 1 1 1 1 1 1 1 1 0 0 0 1 1 1 1 1 1 1 3 7 1 0 0 0 0 0 0 0 0 0 0 0 0 0 1 1 1 1 1 1 255 89 1 0 1 0 0 0 0 0 0 0 0 0 0 1 19 5 1 0 0 0 0 0 0 0 0 0 0 0 1 38 21 1 0 0 0 0 0 0 1 1 18 1 0 0 0 0 0 0 0 1 2 34 79 3 0 0 0 0 0 0 0 0 0 1 1 0 0 0 0 1 1 0 0 0 0 0 1 1 1 76 46 1 0 0 0 0 1 1 0 1 1 1 1 1 255 233 54 2 1 1 1 1 1 1 1 1 0 0 0 1 1 1 1 1 1 1 0 0 0 1 1 1 1 1 1 4 111 123 97 1 10 255 255 2 1 1 2 42 74 32 19 17 1 0 0 0 0 1 1 1 1 1 1 3 139 255 255 255 228 1 1 0 0 0 0 0 0 1 1 1 1 1 1 64 1
0 0 0 0 0 0 0 0 0 0 0 0 0 1 1 203 222 1 1 1 0 0 0 0 0 0 0 0 0 0 0 0 0 0 1 1 108 244 8 0 0 0 0 0 0 0 0 0 0 0 0 1 1 234 182 1 1 1 0 0 1 14 3 1 2 23 81 246 255 1 1 1 120 1 0 0 0 0 0 0 1 0 1 1 0 0 1 0 0 1 222 1 1 0 0 0 0 0 0 0 0 0 0 0 0 0 0 0 0 0 0 0 0 1 1 2 158 1 0 0 0 0 0 0 0 0 0 0 0 1 0 0 0 0 0 0 1 1 1 72 34 0 0 0 0 0 0 0 0 0 0 1 0 1 255 174 0 0 0 0 0 0 0 0 0 0 0 0 0 0 0 0 0 0 0 0 0 0 0 0 0 0 1 1 1 0 9 90 3 23 18 2 1 1 2 2 1 0 1 1 1 197 255 249 1 0 0 1 1 1 0 1 0 0 0 0 0 0 0 0 0 0 0 0 0 0 0 0 0 6 19 0 0 0 1 1 1 1 1 1 1 1 1 1 1 1 1 0 0 0 0 0 0 0 0 0 0 0 0 0 0 0 0 0 1 1 1 190 241 252 255 255 255 255 255 255 255 255 255 255 255 229 11 2 1 1 1 5 15 64 235 255 255 255 254 219 154 81 7 1 1 1 1 1 1 1 1 1 54 173 31 2 1 18 1 1 1 1 1 0 0 0 0 0 0 0 0 0 0 0 0 0 0 0 1 254 255 1 1 0 1 1 1 1 1 1 0 0 0 1 4 7 1 0 0 0 0 0 0 0 0 0 0 0 0 0 1 81 1 1 0 0 0 1 1 1 2 20 1 0 0 0 0 0 0 1 4 1 1 1 65 41 1 0 0 0 0 0 0 0 1 0 0 0 0 0 0 1 1 1 0 0 1 1 0 1 135 1 1 0 0 0 0 1 1 1 1 1 1 1 1 255 252 230 235 1 1 1 1 1 1 1 1 0 0 1 1 1 1 2 1 1 1 0 0 1 10 5 1 1 0 1 1 1 1 96 47 2 109 255 240 1 1 1 23 2 25 28 3 1 1 0 0 0 1 1 1 1 1 1 1 1 1 10 242 255 217 1 1 0 0 0 0 0 0 1 1 1 1 1 63 2
0 0 0 0 0 0 0 0 0 0 0 0 0 1 1 254 1 0 1 1 1 0 0 0 0 0 0 0 0 0 0 0 0 1 1 218 230 1 1 0 0 0 0 0 0 0 0 0 0 0 1 1 1 1 254 1 0 1 1 0 1 1 14 8 19 147 255 255 251 1 1 1 118 1 1 1 0 0 0 0 0 1 1 0 0 0 1 0 1 29 206 1 1 0 0 0 0 0 0 0 0 0 0 0 0 0 0 0 0 0 0 0 1 1 1 150 6 1 0 0 0 0 0 0 0 0 0 0 0 0 0 0 0 0 0 0 0 0 1 1 128 1 0 0 0 0 0 0 0 0 0 1 1 1 128 255 1 0 0 0 0 0 0 0 0 0 0 0 0 0 0 0 0 0 0 0 0 0 0 0 0 1 1 0 0 1 111 1 0 0 1 17 24 21 3 1 3 1 1 1 1 231 255 254 204 1 0 1 0 1 0 1 1 0 0 0 0 0 0 0 0 0 0 0 0 0 0 0 1 41 1 0 0 0 0 1 1 1 1 1 1 0 1 1 1 1 1 1 0 0 0 0 0 0 0 0 0 0 0 0 0 0 1 1 1 1 1 57 92 1 1 1 1 1 1 1 1 1 2 23 252 255 255 255 224 209 255 255 255 255 255 255 252 254 255 255 255 255 255 225 8 2 3 4 4 2 5 254 255 255 255 255 255 146 2 1 1 1 1 1 1 1 0 0 0 0 1 1 1 1 1 1 1 1 1 73 255 1 1 10 12 10 10 11 12 13 12 12 12 11 3 1 0 0 0 0 0 0 0 0 0 0 0 0 0 0 1 26 33 1 0 1 1 1 9 20 20 2 0 0 0 0 0 0 0 1 2 0 0 0 1 11 74 1 0 0 0 0 0 0 1 0 0 0 0 0 0 1 1 1 1 1 1 0 1 121 6 1 0 0 0 0 0 0 1 1 1 1 1 1 1 198 255 1 238 1 1 1 1 1 1 1 0 0 0 1 1 1 2 1 1 1 1 0 0 3 4 9 1 1 0 0 1 1 1 8 43 89 10 255 255 1 1 2 15 1 1 2 24 27 3 1 1 0 0 1 1 1 1 1 1 1 1 1 2 246 255 15 1 1 0 0 0 0 0 0 1 1 1 1 30 17
0 0 0 0 0 0 0 0 0 0 0 0 0 1 209 217 1 0 1 0 1 0 0 0 0 0 0 0 0 0 0 0 1 11 245 146 1 1 0 0 0 0 0 0 0 0 0 0 0 1 1 0 1 1 254 1 1 0 1 1 0 1 1 7 2 255 255 101 3 1 1 1 96 53 3 1 1 0 0 0 0 1 1 0 0 0 1 0 1 215 5 1 1 0 0 0 0 0 0 0 0 0 0 0 0 0 0 0 0 0 0 0 1 1 81 85 1 0 0 0 0 0 0 0 0 0 0 0 0 0 0 0 0 0 0 0 0 0 0 1 42 65 1 0 0 0 0 0 0 0 0 0 1 0 1 255 80 0 0 0 0 0 0 0 0 0 0 0 0 0 0 0 0 0 0 0 0 0 0 1 1 1 0 0 0 96 4 0 0 0 0 0 0 1 14 24 27 4 1 1 1 251 255 1 255 4 0 1 0 1 1 1 1 1 1 0 0 0 0 0 0 0 0 0 0 0 0 0 32 2 0 0 0 0 0 0 1 1 1 1 0 0 0 1 1 1 1 1 1 0 0 0 0 0 0 0 0 0 0 1 1 1 1 1 1 1 1 1 84 70 1 1 1 0 0 1 1 1 1 1 1 2 71 255 255 255 255 246 88 14 4 2 2 2 4 5 7 25 239 255 255 255 255 255 255 255 255 255 42 3 11 148 255 255 255 183 1 1 1 1 0 1 1 1 1 1 1 0 0 0 0 0 0 1 1 9 255 15 10 1 1 1 1 1 1 1 1 1 0 1 1 0 0 0 0 0 0 0 0 0 0 0 0 0 0 0 1 1 85 1 1 1 5 21 4 1 1 0 0 0 0 0 0 0 0 4 1 0 0 0 0 1 1 76 3 0 0 0 0 1 0 0 0 0 0 0 1 1 1 0 1 1 1 1 10 116 1 1 0 0 0 0 1 1 1 1 1 0 0 0 1 25 255 3 227 70 1 1 1 1 1 1 0 0 1 1 1 2 1 1 1 1 0 0 0 6 7 1 3 3 1 1 1 1 6 1 1 55 41 248 255 1 1 21 1 1 1 1 1 2 25 10 1 1 1 0 1 1 1 1 1 1 1 1 1 4 255 254 1 1 1 1 0 0 0 0 1 2 1 1 2 62
0 0 0 0 0 0 0 0 0 0 0 0 0 1 231 199 1 1 1 0 1 0 0 0 0 0 0 0 0 0 1 1 1 243 16 1 0 0 0 0 0 0 0 0 0 0 0 0 0 1 0 0 0 1 250 74 1 0 0 1 1 1 1 1 3 255 255 3 1 1 1 1 1 45 109 107 5 1 1 1 1 1 1 0 0 0 1 1 1 220 1 1 1 0 0 0 0 0 0 0 0 0 0 0 0 0 0 0 0 0 0 1 1 3 154 1 0 0 0 0 0 0 0 0 0 0 0 0 0 0 0 0 0 0 0 0 0 0 0 1 1 128 1 0 0 0 0 0 0 0 0 0 1 1 1 216 255 0 0 0 0 0 0 0 0 0 0 0 0 0 0 0 0 0 0 0 0 1 1 1 0 0 0 0 1 109 0 0 0 0 0 0 0 0 1 1 1 9 22 22 5 255 255 1 134 255 1 1 0 0 0 0 1 1 1 1 1 1 0 0 0 0 0 0 0 0 0 8 16 0 0 0 0 0 0 0 1 1 1 1 0 0 0 0 1 1 1 1 1 1 0 0 0 0 0 0 1 1 1 1 1 1 1 1 1 1 0 1 1 142 4 1 1 0 0 1 1 0 0 0 1 1 1 1 2 2 1 1 1 1 1 1 1 1 1 1 1 1 2 23 238 254 202 43 66 242 247 8 1 1 1 1 1 3 227 255 224 1 1 1 1 1 0 0 0 0 0 0 0 0 0 0 0 0 0 5 255 1 1 0 0 0 0 0 0 0 0 1 1 1 0 0 0 0 0 0 0 0 0 0 0 0 0 0 0 0 0 1 80 1 1 1 19 1 1 0 0 0 0 0 0 0 0 0 0 4 0 0 0 0 0 0 1 1 64 7 0 0 0 1 0 0 1 0 0 0 1 1 0 0 1 1 1 1 137 1 1 0 0 0 1 1 1 0 0 0 0 0 0 0 1 1 255 177 41 232 1 1 1 1 1 1 0 1 1 1 1 1 1 1 1 1 0 0 1 8 2 1 1 1 5 1 1 2 3 1 1 46 9 251 255 2 1 24 1 0 0 1 1 1 1 16 3 4 1 1 1 0 0 1 1 1 1 1 1 1 133 255 35 1 1 1 1 0 0 0 0 1 2 1 1 62
0 0 0 0 0 0 0 0 0 0 0 0 0 0 3 235 251 86 1 1 1 1 0 0 0 0 0 0 0 0 1 1 58 239 1 0 0 0 0 0 0 0 0 0 0 0 0 0 1 0 0 0 0 0 172 239 1 0 0 0 1 1 1 2 7 253 255 2 1 1 1 0 1 1 1 5 104 17 1 1 1 0 1 1 0 0 1 1 171 107 1 1 0 0 0 0 0 0 0 0 0 0 0 0 0 0 0 0 0 0 1 1 1 156 2 0 0 0 0 0 0 0 0 0 0 0 0 0 0 0 0 0 0 0 0 0 0 0 0 1 1 39 67 1 0 0 0 0 0 0 0 0 0 1 1 1 255 1 0 0 0 0 0 0 0 0 0 0 0 0 0 0 0 0 0 0 1 1 0 0 0 0 0 0 81 10 0 0 0 0 0 0 0 0 0 0 0 0 1 1 9 255 255 1 1 254 189 1 0 0 0 0 0 0 1 1 1 1 1 1 0 0 0 0 0 0 1 41 1 0 0 0 0 0 0 0 0 1 1 1 0 0 0 0 1 1 1 1 1 1 0 0 0 0 1 1 1 1 1 1 1 0 0 1 1 0 0 1 1 20 126 1 1 1 0 1 0 0 0 0 0 1 1 1 1 1 1 1 1 1 1 0 1 1 1 1 0 1 1 1 1 1 1 1 1 14 10 23 24 2 1 1 1 1 1 111 255 146 1 1 1 1 1 1 0 0 0 0 0 0 0 0 1 1 1 5 255 1 0 0 0 0 0 0 0 0 0 1 1 0 0 0 0 0 0 0 0 0 0 0 0 0 0 0 0 0 0 1 67 3 1 15 2 1 1 0 0 0 0 0 0 0 0 0 0 4 1 0 0 0 0 0 0 1 1 53 10 0 1 1 0 1 1 1 0 1 1 0 1 1 1 2 2 65 67 1 0 0 0 0 1 0 0 0 0 0 0 0 0 0 1 1 248 252 1 236 16 1 1 1 1 1 0 1 1 1 2 1 1 1 1 0 1 1 9 1 1 3 1 1 1 3 4 8 1 1 1 5 59 255 255 24 8 6 0 0 0 1 1 1 1 10 2 1 2 5 1 1 1 1 1 1 1 1 1 1 1 254 255 3 1 1 1 1 0 0 0 1 1 1 1 7
0 0 0 0 0 0 0 0 0 0 0 0 0 0 1 1 41 249 243 4 1 1 0 0 0 0 0 1 1 1 1 5 245 4 1 0 0 0 0 0 0 0 0 0 0 0 0 1 1 0 0 0 0 0 3 253 1 0 0 0 1 1 1 21 248 255 255 1 1 1 0 0 0 1 1 1 1 82 58 2 1 1 0 1 0 0 1 1 218 1 1 1 0 0 0 0 0 0 0 0 0 0 0 0 0 0 0 0 0 0 1 1 95 71 1 0 0 0 0 0 0 0 0 0 0 0 0 0 0 0 0 0 0 0 0 0 0 0 0 1 1 1 128 1 0 0 0 0 0 0 0 0 0 1 0 1 255 155 1 0 0 0 0 0 0 0 0 0 0 0 0 0 0 0 1 1 1 0 0 0 0 0 1 1 111 1 0 0 0 0 0 0 0 0 0 0 0 0 1 1 1 255 255 1 1 1 255 255 250 21 1 0 0 0 0 0 1 1 0 1 1 0 0 0 0 0 32 2 0 0 0 0 0 0 0 0 0 1 1 1 1 1 0 0 1 1 0 1 1 1 1 0 1 1 1 1 1 1 1 0 0 0 0 0 0 0 0 0 1 1 147 2 1 1 1 1 0 0 0 0 0 1 0 0 0 0 0 0 0 0 0 0 0 1 1 1 1 1 0 1 0 1 1 4 34 34 11 2 2 23 3 1 1 1 1 1 201 255 253 7 1 1 1 1 1 1 1 1 1 1 1 1 1 1 1 11 255 1 1 1 0 0 0 0 0 0 0 0 1 0 0 0 0 0 0 0 0 0 0 0 0 0 0 0 0 0 0 1 17 37 6 29 1 1 1 1 0 0 0 0 0 0 0 0 0 4 1 1 0 0 0 0 0 0 1 1 51 8 1 1 1 0 1 1 1 1 1 1 1 1 2 1 1 128 1 1 0 0 0 0 0 0 0 0 0 0 0 0 0 0 1 1 216 255 1 8 233 59 1 1 1 1 1 1 1 2 1 1 1 1 1 0 0 4 3 0 0 3 1 0 1 1 15 6 1 1 1 1 113 255 233 10 24 1 0 0 0 1 1 0 1 1 14 1 1 1 3 4 2 1 1 0 1 1 1 1 1 4 255 254 2 1 1 1 1 0 0 0 1 2 1 1
0 0 0 0 0 0 0 0 0 0 0 0 0 0 0 1 1 1 144 254 205 1 1 1 1 1 1 1 1 1 6 242 33 1 0 0 0 0 0 0 0 0 0 0 0 0 1 1 0 0 0 0 0 0 1 253 10 1 0 1 1 1 3 255 255 255 9 1 1 1 0 0 0 0 1 1 1 1 39 115 68 3 1 1 1 0 1 148 130 1 1 0 0 0 0 0 0 0 0 0 0 1 1 1 1 1 1 1 1 1 1 6 147 1 0 0 0 0 0 0 0 0 0 0 0 0 0 0 0 0 0 0 0 0 0 0 0 0 0 0 1 1 40 66 0 0 0 0 0 0 0 0 0 1 0 1 201 255 1 0 0 0 0 0 0 0 0 0 0 0 0 1 1 1 1 0 0 0 0 0 1 100 111 117 22 0 0 0 0 0 0 0 0 0 0 0 0 0 1 1 1 255 255 1 1 1 1 3 234 255 255 122 1 0 0 0 0 1 1 0 1 1 1 0 0 4 25 0 0 0 0 0 0 0 0 0 0 0 0 1 1 1 1 0 0 1 1 0 1 1 1 1 1 1 1 0 0 1 0 0 0 0 0 0 0 0 0 0 1 1 56 96 1 0 1 0 0 0 0 0 0 1 1 1 1 1 1 1 1 1 1 1 1 1 0 1 1 1 1 1 1 2 5 4 13 1 1 1 1 1 21 7 1 1 1 1 1 33 255 255 255 20 1 1 1 1 1 1 1 1 1 2 144 253 255 255 255 1 1 1 1 0 0 0 0 0 0 0 1 1 0 0 0 0 0 0 0 0 0 0 0 0 0 0 0 0 0 0 1 31 71 59 75 63 21 1 1 0 0 0 0 0 0 0 0 1 2 1 0 0 0 0 0 0 1 1 1 71 2 1 1 0 0 0 1 2 2 1 1 1 2 1 115 5 1 0 0 0 0 0 0 0 0 0 0 0 0 0 0 1 1 11 125 255 2 1 2 230 126 1 1 1 1 1 2 1 1 1 1 0 0 0 1 9 1 0 0 2 1 1 3 10 1 7 1 1 1 5 166 255 22 44 5 1 0 0 1 1 0 0 1 7 21 3 1 1 1 1 2 4 1 1 1 1 1 1 1 1 12 255 254 1 1 1 1 1 0 0 0 1 1 1
0 0 0 0 0 0 0 0 0 0 0 0 0 0 0 0 0 1 1 1 218 254 233 8 1 1 1 1 1 2 242 38 1 1 0 0 0 0 0 0 0 0 0 0 0 1 1 0 0 0 0 0 0 0 0 48 251 1 1 1 1 1 43 255 170 7 1 1 1 1 0 0 0 0 0 0 1 1 1 1 30 108 103 18 2 1 2 208 3 1 1 1 1 1 1 0 0 0 0 0 1 1 1 1 1 1 1 1 1 1 1 157 1 0 0 0 0 0 0 0 0 0 0 0 0 0 0 0 0 0 0 0 0 0 0 0 0 0 0 0 1 1 1 128 1 0 0 0 0 0 0 0 0 1 1 1 1 255 1 1 0 0 0 0 0 0 0 0 0 1 1 1 0 0 0 0 0 0 0 0 1 108 1 1 0 0 0 0 0 0 0 0 0 0 0 0 0 0 1 1 1 255 255 1 1 1 1 1 1 1 13 255 251 1 1 0 0 0 0 1 1 0 1 1 1 42 1 0 0 0 0 0 0 0 0 0 0 0 0 0 1 1 1 1 0 1 1 1 1 1 1 1 1 0 0 1 1 1 0 0 0 0 0 0 0 0 0 0 0 1 2 151 1 1 1 1 0 0 0 0 0 0 0 0 0 0 0 0 0 1 1 1 0 1 1 1 1 0 1 1 5 3 1 10 3 1 1 1 1 1 1 21 3 1 1 0 0 1 1 11 255 255 255 253 255 255 255 255 182 228 255 255 255 255 255 255 255 255 253 2 1 1 0 0 0 0 0 0 0 1 0 0 0 0 0 0 0 0 0 0 0 0 0 0 0 0 0 1 1 3 1 1 1 5 41 83 2 1 0 0 0 0 0 0 0 1 4 1 0 0 0 0 0 0 1 0 1 1 78 1 1 1 1 1 2 1 1 1 2 2 1 5 115 1 1 0 0 0 0 0 0 0 0 0 0 0 0 0 1 21 11 2 1 255 166 1 1 5 208 203 1 1 1 1 1 1 1 1 0 0 0 0 8 1 0 0 1 1 3 9 4 1 1 6 1 1 1 17 200 255 3 2 7 1 0 0 1 0 0 1 9 18 8 6 2 1 0 1 1 1 3 4 1 1 1 1 1 1 1 38 255 230 1 1 1 1 1 0 0 1 2 1
0 0 0 0 0 0 0 0 0 0 0 0 0 0 0 0 0 0 0 1 1 1 179 252 254 251 160 4 1 231 104 1 1 1 0 0 0 0 0 0 0 0 0 0 1 1 0 0 0 0 0 0 0 0 0 1 239 212 1 1 1 1 26 255 182 2 1 1 1 1 0 0 0 0 0 1 1 0 1 1 1 1 5 76 107 100 154 208 146 142 137 106 43 12 2 1 1 1 1 1 1 1 9 193 205 205 205 195 171 136 149 66 0 0 0 0 0 0 0 0 0 0 0 0 0 0 0 0 0 0 0 0 0 0 0 0 0 0 0 0 0 1 1 67 38 0 0 0 0 0 0 0 0 0 1 1 1 255 50 1 1 0 0 0 0 0 0 1 1 1 0 0 0 0 0 0 0 0 0 0 29 53 0 0 0 0 0 0 0 0 0 0 0 0 0 0 0 0 1 1 1 255 254 1 1 1 1 1 1 1 1 1 232 255 56 1 0 0 0 0 1 1 1 0 11 12 1 0 0 0 0 0 0 0 0 0 0 0 0 0 0 0 1 1 1 1 1 1 1 1 1 1 1 0 0 1 0 0 0 0 0 0 0 0 0 0 0 0 0 0 1 147 4 1 1 1 0 0 0 0 0 0 0 0 0 0 0 1 2 6 1 0 0 0 1 1 1 1 2 6 1 1 1 4 8 1 0 0 0 0 1 1 26 17 1 1 1 1 1 1 1 2 253 255 253 72 48 253 255 255 248 3 1 1 9 255 251 75 255 255 197 1 1 1 1 1 1 0 0 1 1 0 0 0 0 0 0 0 0 0 0 0 0 0 0 0 1 4 4 1 0 0 0 1 1 4 76 1 1 0 0 0 0 0 0 1 2 1 1 0 0 0 0 0 1 0 1 1 63 20 1 1 1 1 2 1 1 1 1 1 1 129 1 1 0 0 0 0 0 0 0 0 0 0 0 0 0 0 1 16 1 1 1 245 252 1 1 4 1 139 236 71 1 3 1 1 1 1 1 0 0 2 4 0 0 0 1 2 45 1 1 1 1 1 5 1 1 3 240 255 2 1 5 2 1 0 0 1 1 2 14 1 1 1 3 7 3 1 0 0 1 1 3 1 0 0 1 1 1 1 217 255 8 1 1 1 1 1 1 1 1 1
0 0 0 0 0 0 0 0 0 0 0 0 0 0 0 0 0 0 0 0 0 0 1 1 1 45 240 252 254 254 55 1 1 1 1 0 0 0 0 0 0 0 0 1 1 0 0 0 0 0 0 0 0 1 1 110 43 253 3 1 1 1 3 255 255 3 1 1 1 1 0 0 0 1 1 1 0 1 1 1 1 1 1 13 139 193 150 26 7 12 26 64 125 144 153 102 2 1 1 1 1 63 193 58 5 4 5 19 58 121 193 1 0 0 0 0 0 0 0 0 0 0 0 0 0 0 0 0 0 0 0 0 0 0 0 0 0 0 0 0 0 1 1 1 128 1 0 1 2 2 2 2 2 2 2 2 1 218 255 1 1 0 0 0 0 1 1 1 0 0 0 0 0 0 0 0 0 0 0 0 102 2 0 0 0 0 0 0 0 0 0 0 0 0 0 0 0 0 1 1 1 255 134 1 1 0 1 1 1 1 1 1 1 34 255 243 1 1 0 0 0 0 1 1 42 1 1 1 1 0 0 0 0 0 0 0 0 0 0 0 0 0 0 1 1 1 1 1 0 0 1 1 1 0 0 1 0 0 0 0 0 0 0 0 0 0 0 0 0 0 1 112 41 1 1 1 0 0 0 0 0 0 0 0 0 1 1 5 6 3 8 1 0 0 1 1 1 5 3 1 0 1 1 7 4 1 0 0 1 1 1 1 1 12 6 1 1 0 1 1 1 1 1 1 1 1 1 1 1 1 1 1 1 1 255 253 2 1 1 155 255 251 1 1 1 1 1 1 1 1 1 0 0 0 0 0 0 0 0 0 0 0 0 0 1 1 5 1 1 0 0 0 0 0 1 1 35 32 1 0 0 0 0 0 0 1 2 2 1 1 1 1 1 0 1 1 1 37 23 116 28 1 1 2 1 1 0 0 1 1 16 99 1 1 0 0 0 0 0 0 0 0 0 0 0 0 0 0 1 16 1 1 1 201 255 1 1 3 1 1 1 224 233 40 1 1 0 0 0 0 1 10 1 0 0 1 7 9 12 6 1 1 1 1 7 1 1 7 255 255 1 1 1 7 4 1 1 1 1 19 1 1 1 1 1 1 2 7 2 1 1 1 1 3 1 0 1 1 1 1 4 255 254 1 1 1 1 1 0 0 1 2
0 0 0 0 0 0 0 0 0 0 0 0 0 0 0 0 0 0 0 0 0 0 0 1 1 1 1 6 49 48 240 249 240 16 1 1 0 0 0 0 0 0 1 1 0 0 0 0 0 0 0 0 1 4 130 9 1 132 249 1 1 1 1 170 255 26 1 1 1 1 1 0 1 1 1 1 1 1 1 1 2 11 97 164 69 139 5 5 1 1 1 1 1 1 3 66 145 34 3 39 183 164 8 10 1 1 1 1 1 1 151 1 0 0 0 0 0 0 0 0 0 0 0 0 0 0 0 0 0 0 0 0 0 0 0 0 0 0 0 0 0 1 1 1 99 19 2 2 1 0 0 0 0 0 0 1 1 2 255 252 1 1 0 0 1 1 0 0 0 0 0 0 0 0 0 0 0 0 0 1 112 1 0 0 0 0 0 0 0 0 0 0 0 0 0 0 0 0 1 1 1 255 9 1 1 0 1 0 0 1 1 1 1 1 1 246 255 111 1 1 0 0 0 24 4 1 1 0 1 1 1 0 0 0 0 0 0 0 0 0 1 1 1 1 1 0 0 0 0 0 1 1 1 1 0 0 0 0 0 0 0 0 0 0 0 0 0 0 0 0 1 9 138 1 1 1 1 0 1 1 1 1 0 0 1 1 7 3 1 1 7 1 0 1 1 2 8 2 1 1 1 1 0 1 13 1 0 1 1 1 1 1 0 1 25 1 1 1 1 1 0 0 1 1 1 1 1 1 1 1 1 1 1 1 255 24 1 1 1 1 8 255 255 3 1 1 1 1 1 1 1 1 1 1 1 0 0 0 0 0 0 1 1 3 5 5 1 0 0 0 0 0 0 0 0 1 1 89 1 1 0 0 0 0 0 0 1 2 2 1 2 3 3 1 2 32 40 4 1 1 83 99 2 2 0 0 0 1 1 1 131 1 1 0 0 0 0 0 0 0 0 0 0 0 0 0 0 0 0 16 1 1 1 80 255 2 1 2 3 1 1 2 119 238 219 1 1 0 0 0 7 1 0 1 4 16 3 1 1 29 1 1 1 1 9 3 54 255 255 171 1 1 1 1 3 8 8 2 60 98 70 45 1 1 1 1 1 1 5 1 1 1 1 1 3 3 3 1 1 1 1 99 255 59 1 1 1 1 1 1 1 2
0 0 0 0 0 0 0 0 0 0 0 0 0 0 0 0 0 0 0 0 0 0 1 1 1 0 1 64 1 1 1 1 64 245 218 1 1 0 0 0 0 1 1 0 0 0 0 0 0 0 0 1 25 122 1 0 0 1 253 5 1 1 1 7 255 246 1 1 1 1 1 1 1 1 1 61 164 187 196 205 207 198 162 57 73 80 1 10 1 0 1 1 1 1 1 1 7 130 177 172 21 1 16 2 1 0 0 0 0 0 79 69 0 0 0 0 0 0 0 0 0 0 0 0 0 0 0 0 0 0 0 0 0 0 0 0 0 0 0 0 1 1 1 72 128 6 1 0 0 0 0 0 0 0 0 1 1 1 1 255 255 64 1 1 1 0 0 0 0 0 0 0 0 0 0 0 0 1 65 112 102 0 0 0 0 0 0 0 0 0 0 0 0 0 0 0 0 0 1 1 1 255 2 1 1 0 1 0 0 0 0 1 1 1 1 1 24 255 254 9 1 1 1 38 0 1 1 1 1 0 1 1 1 1 0 0 1 1 1 1 1 1 1 0 0 0 0 0 0 0 0 1 1 1 0 0 0 0 0 0 0 0 0 0 0 0 0 0 0 0 0 1 147 3 1 1 1 1 6 10 5 2 1 1 2 9 2 1 1 1 5 1 1 1 6 4 1 1 1 1 1 1 1 1 14 1 1 1 0 0 0 0 0 1 3 22 2 1 0 1 1 1 1 0 0 0 0 0 0 0 1 1 1 1 255 115 1 1 1 1 1 2 255 255 255 255 255 255 255 255 238 39 1 1 1 1 0 0 0 2 5 5 4 1 1 1 0 0 0 0 0 0 0 0 0 1 1 89 2 1 1 0 0 0 0 0 0 0 1 4 2 1 1 3 52 2 1 1 1 1 1 17 123 15 1 1 1 1 1 65 47 1 0 0 0 0 0 0 0 0 0 0 0 0 0 0 0 0 0 5 4 1 1 4 255 166 52 43 62 1 13 53 2 1 145 242 54 1 0 2 5 1 3 16 6 1 1 1 1 32 1 1 3 163 255 255 255 255 149 35 35 1 1 1 1 1 6 81 18 6 17 39 105 42 1 1 1 1 1 6 1 1 0 1 1 1 1 3 1 1 1 2 254 255 2 1 1 1 1 1 1 3
0 0 0 0 0 0 0 0 0 0 0 0 0 0 0 0 0 0 0 0 0 0 1 1 1 1 42 8 1 1 1 0 1 1 157 232 1 1 0 0 1 1 0 0 0 0 0 0 0 1 1 64 92 1 0 1 0 0 113 250 1 1 1 2 253 255 2 2 2 2 1 1 2 127 185 152 46 16 12 3 1 1 1 4 156 24 1 13 1 1 1 0 0 1 1 1 5 20 100 2 1 1 7 6 0 0 0 0 0 0 1 155 0 0 0 0 0 0 0 0 0 0 0 0 0 0 0 0 0 0 0 0 0 0 0 0 0 0 0 1 1 34 120 33 1 1 0 0 0 0 0 0 0 0 0 0 0 1 1 1 218 255 255 24 1 0 0 0 0 0 0 0 0 0 0 0 0 1 107 1 1 0 0 0 0 0 0 0 0 0 0 0 0 0 0 0 0 0 1 1 1 255 1 1 1 1 1 0 0 0 0 0 1 1 1 1 1 1 164 255 249 2 37 1 1 1 0 0 1 1 1 0 0 1 1 0 1 1 1 1 1 1 1 0 0 0 0 0 0 0 0 0 1 1 1 1 0 0 0 0 0 0 0 0 0 0 0 0 0 0 0 1 56 97 1 1 1 13 5 3 4 7 12 10 7 1 1 0 0 1 6 1 2 6 3 15 10 2 1 1 1 1 1 5 25 1 1 1 0 0 0 0 0 0 1 2 25 1 1 1 0 0 0 0 0 0 0 0 0 0 0 0 1 1 255 251 1 1 1 1 1 1 1 2 14 41 95 183 248 255 255 255 255 255 3 1 1 1 3 2 1 0 0 0 0 0 0 0 0 0 0 0 0 0 0 0 1 7 69 1 1 0 0 0 0 0 0 0 0 1 1 1 1 16 9 1 1 0 0 0 1 1 1 99 28 1 1 1 4 119 1 0 0 0 0 0 0 0 0 0 0 0 0 0 0 0 0 0 1 2 44 17 16 12 245 252 1 1 36 47 17 1 2 1 1 4 235 215 1 10 2 16 6 1 1 1 1 1 1 106 255 255 255 255 255 225 1 1 1 1 24 62 65 60 67 63 43 3 1 1 1 1 1 61 81 1 1 8 8 5 2 1 0 0 0 0 0 1 3 3 2 1 10 255 214 1 1 1 1 1 1 1
0 0 0 0 0 0 0 0 0 0 0 0 0 0 0 0 0 0 0 0 0 0 0 1 1 6 46 1 1 0 1 1 1 1 1 124 239 2 1 1 1 0 0 0 0 1 1 1 1 1 103 52 1 0 0 1 1 0 1 253 4 1 1 3 76 255 31 2 1 1 1 2 187 137 17 2 1 1 0 0 0 0 1 1 162 3 1 12 1 1 1 1 1 1 4 4 1 9 100 1 1 0 1 18 1 0 0 0 0 0 1 159 0 0 0 0 0 0 0 0 0 0 0 0 0 0 0 0 0 0 0 0 0 0 0 0 0 0 1 1 39 99 2 1 1 1 0 0 0 0 0 0 0 0 0 0 0 0 1 1 1 1 240 255 255 9 1 0 0 0 0 0 0 0 0 0 0 27 58 0 0 0 0 0 0 0 0 0 0 0 0 0 0 0 0 0 0 0 1 1 1 255 1 1 1 1 0 0 0 0 0 0 0 0 1 1 1 1 1 1 239 255 237 2 1 1 1 0 0 0 1 1 1 0 1 1 1 0 0 0 0 1 1 1 1 1 0 0 0 0 0 0 0 1 1 1 0 0 0 0 0 0 0 0 0 0 0 0 0 0 0 0 1 133 10 1 5 5 1 1 1 1 1 2 1 0 0 0 1 1 7 3 3 6 22 3 6 21 23 21 19 20 22 11 6 24 4 1 1 1 0 0 0 0 0 1 13 6 1 1 1 0 0 0 0 0 0 0 0 0 0 0 0 1 239 255 1 1 1 1 1 1 1 1 1 1 1 1 1 1 1 1 1 255 255 40 1 3 2 1 0 0 0 0 0 0 0 0 0 0 0 0 0 0 0 0 0 1 18 63 2 1 1 0 0 0 0 1 0 1 1 0 2 33 1 0 0 0 0 0 1 1 1 1 74 86 3 15 133 2 1 1 0 0 0 0 0 0 0 0 0 0 0 0 1 1 12 23 24 17 20 1 1 1 186 255 1 1 5 1 1 1 2 1 1 1 1 163 248 167 7 1 1 1 1 1 1 255 255 255 255 252 3 1 1 1 1 1 1 5 1 1 1 1 1 1 1 1 1 1 0 1 1 1 31 110 76 82 66 23 8 2 1 0 0 0 0 1 1 1 3 1 1 221 255 17 1 1 1 1 2 1
0 0 0 0 1 0 0 0 1 1 1 1 1 1 1 1 1 1 1 1 0 0 0 0 1 65 1 1 0 0 0 0 0 0 1 1 97 249 240 11 1 1 1 1 1 1 0 0 2 129 16 1 0 0 0 0 1 1 0 139 249 1 7 253 255 255 255 2 1 1 171 205 39 1 1 0 0 0 0 0 0 0 1 2 166 1 0 4 4 1 1 1 3 4 1 1 1 15 95 1 1 0 1 20 1 0 0 0 0 0 0 157 1 0 0 0 0 0 0 0 0 0 0 0 0 0 0 0 0 0 0 0 0 0 0 0 1 1 1 19 120 10 1 1 1 1 0 0 0 0 0 0 0 0 0 0 0 0 0 0 1 1 1 1 246 255 255 4 1 0 0 0 0 0 0 0 0 101 3 0 0 0 0 0 0 0 0 0 0 0 0 0 0 0 0 0 0 0 1 1 1 255 1 1 1 1 0 0 0 0 0 0 0 0 0 1 1 1 1 1 1 17 253 255 210 2 1 1 1 1 0 0 1 1 1 1 1 1 1 0 0 0 0 1 1 1 0 0 0 0 0 0 0 1 1 1 0 0 1 1 1 0 0 0 0 0 0 0 0 0 0 0 1 6 136 9 11 1 1 1 0 0 0 2 1 0 0 0 1 2 7 1 2 21 1 1 1 1 1 2 2 2 1 1 1 5 8 11 1 1 1 1 1 0 0 0 1 27 4 1 1 1 0 0 0 0 0 0 0 0 0 0 0 1 253 255 1 1 0 0 0 0 0 1 1 1 1 1 1 1 1 1 1 1 215 255 3 2 0 0 0 0 0 0 0 0 0 0 0 0 0 0 0 0 0 0 0 0 1 8 74 4 1 1 0 0 0 1 1 1 1 1 38 1 0 0 0 0 0 0 1 1 0 1 1 135 152 124 17 11 2 1 1 0 0 0 0 0 0 0 1 1 8 11 11 14 3 1 1 1 13 1 1 1 122 255 1 1 2 3 1 0 2 1 1 1 1 65 5 229 244 52 1 1 1 1 255 255 71 1 100 1 1 1 1 0 0 1 3 21 16 16 16 15 12 10 5 2 1 1 1 1 1 1 1 1 19 10 6 90 19 4 1 1 1 1 0 0 0 1 1 2 1 1 255 255 2 1 1 2 1 1
0 0 0 1 1 1 1 2 93 136 120 63 11 2 1 1 1 0 0 1 1 1 1 1 39 9 1 1 0 0 0 0 0 0 1 1 1 128 176 254 251 33 1 1 1 1 1 12 129 2 0 0 0 0 0 0 0 1 1 1 253 251 255 255 142 41 255 239 1 195 67 1 1 1 0 0 0 0 0 0 0 1 1 36 140 1 0 1 12 1 3 5 2 1 1 1 1 61 42 1 1 0 1 18 1 0 0 0 0 0 0 24 131 0 0 0 0 0 0 0 0 0 0 0 0 0 0 0 0 0 0 0 0 0 0 1 1 2 23 4 122 2 1 1 0 0 0 0 0 0 0 0 0 0 0 0 0 0 0 0 0 0 1 1 1 1 251 255 255 2 1 0 0 0 0 0 0 112 1 0 0 0 0 0 0 0 0 0 0 0 0 0 0 0 0 0 0 0 1 1 1 255 1 1 1 1 0 0 0 0 0 0 0 0 0 0 0 1 1 1 1 65 1 4 253 255 218 3 1 1 1 1 1 1 1 1 1 1 1 1 0 0 0 0 1 1 1 1 0 0 0 0 0 0 1 1 1 1 1 1 1 0 0 0 0 0 0 0 0 0 0 1 1 1 34 105 1 1 1 1 0 0 0 1 1 0 1 1 15 30 22 24 24 1 1 1 1 1 1 1 1 1 1 1 3 2 1 2 15 3 1 1 1 1 0 0 1 1 14 24 12 1 1 0 0 0 0 0 0 0 0 0 0 1 255 221 1 1 0 0 0 0 0 1 1 1 0 0 0 1 1 1 1 1 1 255 250 1 0 0 0 0 0 0 0 0 0 0 0 0 0 0 0 0 0 0 0 0 0 1 62 2 5 1 1 0 1 1 1 1 1 23 8 1 0 0 0 0 0 0 1 1 0 1 63 108 1 1 1 1 6 11 7 1 1 1 1 2 9 10 10 7 1 0 1 3 1 1 1 0 6 6 2 2 3 255 80 1 1 4 1 0 1 2 1 2 63 1 0 0 6 238 200 1 1 255 255 1 1 1 71 9 1 0 0 0 0 1 6 1 1 1 1 1 1 2 1 2 5 5 5 2 1 1 1 1 1 1 1 3 102 1 8 1 1 1 1 0 0 0 1 2 1 1 5 255 239 1 2 1 1 1
0 1 1 1 6 59 107 150 117 44 64 123 162 171 173 163 64 2 1 0 1 1 1 7 45 1 1 1 1 0 0 0 1 1 1 1 94 22 1 1 41 252 239 1 1 1 42 106 1 1 0 0 0 0 0 0 0 1 1 1 143 255 87 1 1 1 80 255 250 208 1 1 0 1 0 0 0 0 0 0 0 1 1 164 5 0 0 1 15 5 2 1 1 1 0 0 1 96 13 1 1 1 1 14 2 0 0 0 0 0 0 1 159 1 0 0 0 0 0 0 0 0 0 0 0 0 0 0 0 0 0 0 0 1 1 2 17 24 2 1 125 1 1 1 0 0 0 0 0 0 0 0 0 0 0 0 0 0 0 0 0 0 0 0 1 1 1 1 255 255 255 1 0 0 0 0 0 112 1 0 0 0 0 0 0 0 0 0 0 0 0 0 0 0 0 0 0 0 1 1 1 255 1 1 1 1 0 0 0 0 0 0 0 0 0 0 0 0 1 1 1 70 1 1 1 6 253 255 234 7 1 1 1 1 1 1 1 1 1 1 1 1 0 0 1 1 1 1 1 1 1 1 0 0 0 1 1 1 1 1 1 1 0 0 0 0 0 0 0 0 0 1 0 0 1 127 1 1 1 1 1 0 0 1 1 1 4 29 9 3 1 2 10 15 6 2 1 2 50 99 102 101 101 101 102 59 2 1 1 10 8 1 1 1 0 0 0 1 1 1 5 24 1 0 0 0 0 0 0 0 0 0 0 1 255 93 1 1 0 0 1 1 1 1 1 1 1 0 0 0 0 1 1 1 1 26 255 1 1 0 0 0 0 0 0 0 0 0 0 0 0 0 0 0 0 0 0 0 0 1 21 17 2 5 1 1 1 1 1 12 39 6 1 0 0 0 0 0 0 0 1 1 1 1 171 1 1 1 1 0 0 1 2 9 11 9 10 5 1 0 0 0 1 2 3 1 1 1 1 1 8 3 1 1 1 248 251 1 0 4 1 1 1 3 1 62 1 0 0 0 1 1 194 232 226 255 2 1 1 1 10 94 35 1 0 0 1 9 1 0 0 0 0 1 2 1 0 1 0 1 1 2 6 7 1 1 1 1 1 1 60 84 34 32 4 1 1 1 0 0 0 1 3 1 1 129 255 143 1 1 1 1
1 1 32 117 108 47 46 58 1 1 1 1 1 1 2 10 131 172 172 126 12 2 2 64 1 1 1 1 1 1 1 1 1 5 85 126 29 1 1 1 1 1 182 254 145 104 67 1 1 1 1 1 1 1 1 1 1 1 1 1 36 255 1 1 1 1 1 33 255 248 1 1 0 1 0 0 0 0 0 0 1 1 24 151 1 1 1 4 13 2 1 0 0 0 0 0 1 102 9 1 1 1 3 18 1 0 0 0 0 0 0 0 105 53 1 0 0 0 0 0 0 0 0 0 0 0 0 0 0 0 0 0 1 16 29 24 4 1 1 1 127 1 1 0 0 0 0 0 0 0 0 0 0 0 0 0 0 0 0 0 0 0 0 0 0 0 1 1 1 1 255 255 214 1 0 0 1 112 0 0 0 0 0 0 0 0 0 0 0 0 0 0 0 0 0 0 0 0 1 1 2 255 1 1 1 1 0 0 0 0 0 0 0 0 0 0 0 0 0 0 1 72 1 1 1 1 1 6 250 255 253 117 7 2 1 1 1 1 1 1 1 1 1 0 0 1 1 1 0 0 0 1 1 0 0 1 1 1 0 0 1 1 1 1 1 0 0 0 0 0 0 1 0 0 1 113 7 1 1 0 1 1 0 1 2 20 20 1 1 3 66 88 66 57 75 89 95 98 28 2 1 1 1 1 3 19 90 50 1 1 4 14 1 1 1 0 0 0 1 1 1 21 1 0 0 0 0 0 0 0 0 0 0 1 255 46 1 1 1 1 2 3 3 3 3 2 1 1 0 0 0 0 0 1 1 2 255 243 1 1 0 0 0 0 0 1 1 0 0 0 0 0 0 0 0 0 0 0 0 0 1 62 1 3 3 1 0 1 3 30 1 1 0 0 0 0 0 0 0 0 1 1 2 149 69 1 1 0 0 0 0 0 0 0 1 3 2 2 1 1 1 1 3 2 1 0 1 1 1 2 11 1 1 1 1 184 255 1 1 4 1 1 0 8 96 1 1 1 0 0 0 1 1 106 255 232 1 1 1 7 1 1 42 84 1 1 5 2 0 0 0 0 0 1 1 1 0 1 0 0 0 1 1 1 5 3 1 1 1 1 1 12 71 94 122 129 60 1 0 0 0 1 1 2 1 1 246 255 68 1 1 1
4 91 73 3 1 51 32 1 1 1 0 1 1 1 0 0 1 1 2 68 159 171 173 142 117 122 126 128 128 127 127 127 125 116 23 1 0 0 0 0 0 0 0 4 251 63 1 0 0 0 0 0 1 1 1 1 1 1 1 1 253 255 1 1 1 1 1 1 98 255 1 1 0 1 0 0 1 0 0 0 1 1 164 9 1 4 3 1 3 5 1 1 0 0 0 0 1 81 33 17 18 17 11 4 0 0 0 0 0 0 0 0 1 157 1 0 0 0 0 0 0 0 0 0 0 0 0 0 0 0 1 1 18 6 1 1 1 0 1 1 127 1 1 0 0 0 0 0 0 0 0 0 0 0 0 0 0 0 0 0 0 0 0 0 0 0 0 0 1 1 1 22 255 255 1 0 1 109 0 0 0 0 0 0 0 0 0 0 0 0 0 0 0 0 0 0 0 0 1 1 4 255 1 0 1 1 0 0 0 0 0 0 0 0 0 0 0 0 0 0 2 59 1 1 1 1 1 1 1 3 203 254 255 244 37 3 1 1 1 1 1 1 1 1 1 1 1 1 0 0 0 0 1 1 1 1 1 1 1 0 0 1 1 1 1 1 1 0 0 0 1 1 0 0 1 9 109 1 1 1 0 1 1 13 121 107 68 40 69 82 11 1 1 1 1 1 2 1 1 1 1 1 1 1 2 1 1 25 79 1 1 1 14 4 1 1 0 0 1 1 1 15 4 1 0 0 0 0 0 0 0 0 0 1 255 34 1 1 1 3 1 1 1 1 1 1 3 1 1 0 0 0 0 1 1 4 41 255 1 1 1 0 0 0 0 0 1 1 0 0 0 0 1 1 1 0 0 0 0 0 1 70 1 1 5 1 1 2 36 1 1 0 0 0 0 0 0 0 0 0 1 1 125 130 1 1 1 0 0 0 0 0 0 1 1 1 1 1 2 2 2 1 6 1 0 1 1 0 1 10 1 1 1 1 1 86 255 1 1 1 3 1 3 122 13 34 35 11 1 0 1 1 1 254 255 48 2 1 2 4 1 1 0 6 101 31 6 1 1 0 0 0 1 2 1 1 0 0 0 0 1 1 1 0 1 2 5 1 0 1 1 1 1 1 1 2 86 38 1 0 0 1 1 3 1 1 1 253 255 27 1 1
111 14 1 1 38 18 1 0 1 1 1 1 1 1 1 1 1 0 1 1 1 3 2 3 4 3 2 1 1 1 1 1 1 1 1 0 0 0 0 0 0 0 0 0 10 249 139 1 1 0 0 0 0 0 1 1 1 1 1 1 255 80 1 1 1 1 1 1 5 255 2 1 0 1 0 0 1 0 0 1 1 2 172 5 3 1 1 0 1 9 1 1 0 0 0 0 1 40 102 3 1 1 1 0 0 0 0 0 0 0 0 0 1 100 59 1 0 0 0 0 0 0 0 0 0 0 0 0 1 1 2 16 12 1 1 0 0 0 1 2 124 1 1 0 0 0 0 0 0 0 0 0 0 0 0 0 0 0 0 0 0 0 0 0 0 0 0 0 0 0 1 1 1 252 255 146 71 13 0 0 0 0 0 0 0 0 0 0 0 0 0 0 0 0 0 0 0 0 1 1 37 255 1 0 1 1 0 0 0 0 0 0 0 0 0 0 0 0 0 0 59 3 0 0 1 1 1 1 1 1 1 1 21 245 254 254 190 10 1 1 1 1 1 1 1 0 1 0 0 0 0 0 0 1 1 1 0 0 1 1 0 0 0 1 1 1 1 1 1 1 1 0 0 0 0 1 49 115 41 1 1 1 78 98 17 3 9 29 9 1 1 1 1 1 1 2 1 1 0 0 0 1 1 1 1 1 1 1 18 61 1 1 1 7 11 1 1 1 1 1 0 4 13 1 0 0 0 0 0 0 0 0 0 1 255 27 1 1 2 1 1 0 0 0 0 1 1 2 2 1 0 0 1 1 0 4 1 255 255 1 1 1 0 1 0 0 0 1 1 1 1 1 1 0 1 0 0 0 0 1 1 63 1 1 1 6 1 37 1 1 0 0 0 0 0 0 0 0 0 1 1 114 37 79 1 1 0 0 0 0 0 0 1 1 0 1 1 0 1 1 1 2 2 7 2 1 0 1 10 1 1 1 1 1 1 1 255 135 1 1 4 1 123 1 0 0 1 8 34 33 5 1 1 255 215 1 52 1 9 1 1 0 0 0 1 71 66 1 1 0 0 1 3 1 0 0 0 0 0 0 1 1 0 0 0 0 1 5 2 1 1 1 1 1 1 1 2 129 1 0 0 0 1 3 1 1 1 1 254 255 16 1
2 1 1 1 71 1 1 1 1 1 1 1 1 1 1 1 1 1 1 1 1 2 1 1 0 0 0 1 1 1 1 0 1 1 0 0 0 0 0 0 0 0 0 0 1 20 232 249 249 220 5 1 1 1 1 1 1 1 3 253 255 1 1 0 1 1 1 1 2 255 7 1 1 1 1 0 1 0 0 0 1 9 166 2 0 1 0 0 1 8 2 1 0 0 0 0 1 3 143 2 1 1 0 0 0 0 0 0 0 0 0 0 1 1 142 3 1 0 0 0 0 0 0 0 0 0 1 1 1 13 25 4 1 0 0 0 0 0 1 5 114 1 0 0 0 0 0 0 0 0 0 0 0 0 0 0 0 0 0 0 0 0 0 0 0 0 0 0 0 0 0 1 1 1 77 255 255 1 1 0 0 0 0 0 0 0 0 0 0 0 0 0 0 0 0 0 0 0 1 1 198 255 1 0 1 1 0 0 0 0 0 0 0 0 0 0 0 0 0 0 73 1 0 0 0 1 1 1 1 1 1 1 1 1 6 144 253 254 218 7 1 1 1 1 1 1 1 0 0 0 0 0 1 1 1 0 0 0 1 1 1 0 0 0 0 0 1 1 1 1 1 1 1 0 0 1 1 4 117 1 12 111 38 6 1 1 1 1 1 1 1 1 1 1 2 1 1 1 1 1 1 1 1 1 2 1 0 1 1 51 25 1 1 1 2 16 3 1 1 0 0 1 20 2 1 0 0 0 0 0 1 1 2 8 255 27 3 2 1 1 1 0 0 0 0 0 1 1 1 3 1 0 1 1 0 1 3 1 255 255 35 1 1 1 0 0 0 0 0 0 1 0 0 0 1 1 0 0 0 1 12 30 1 1 1 1 20 16 1 0 0 0 0 0 0 0 0 0 1 1 112 12 114 1 1 0 0 0 0 0 0 1 1 1 0 1 0 0 0 0 0 0 0 1 5 3 1 7 1 0 0 1 1 1 1 1 222 254 1 0 6 121 2 0 0 0 0 0 1 1 15 34 45 255 1 1 2 58 1 0 0 0 0 0 3 1 7 91 12 1 0 2 2 0 0 0 0 0 0 1 1 1 0 0 0 0 0 1 2 4 1 1 1 1 1 1 1 93 27 1 0 0 1 3 1 1 1 1 2 254 255 15
1 1 1 3 64 1 1 1 1 1 1 1 0 0 0 1 1 1 1 1 1 2 1 1 1 1 0 1 1 0 0 1 1 0 0 0 0 0 0 0 0 0 0 1 8 3 1 1 4 166 249 249 251 227 54 11 239 255 255 255 9 1 0 0 0 1 1 1 1 255 117 1 0 0 1 1 1 0 0 0 1 6 166 1 1 1 0 0 0 1 9 1 0 0 0 0 1 1 138 9 1 0 0 0 0 0 0 0 0 0 0 0 0 1 39 93 1 0 0 0 0 0 0 0 0 1 2 16 28 7 1 1 0 0 0 0 0 0 1 25 87 1 0 0 0 0 0 0 0 0 0 0 0 0 0 0 0 0 0 0 0 0 0 0 0 0 0 0 0 0 0 0 1 1 1 1 255 255 242 1 0 0 0 0 0 0 0 0 0 0 0 0 0 0 0 0 0 0 1 1 255 255 1 1 1 0 0 0 0 0 0 0 0 0 0 0 0 0 0 1 73 0 0 0 0 0 0 1 1 1 1 1 1 1 1 1 2 53 253 254 103 2 1 1 1 1 1 1 1 1 0 1 1 1 0 0 0 0 0 1 1 0 0 0 0 0 0 0 0 0 0 1 1 1 1 1 1 1 117 80 86 6 3 1 1 1 1 0 0 0 0 0 0 1 2 1 1 1 1 1 0 0 1 1 1 2 1 1 1 1 76 10 1 1 1 1 11 7 1 0 0 1 1 23 1 1 1 1 1 1 3 4 1 8 255 8 1 1 1 0 0 0 0 0 0 0 0 0 1 1 3 1 1 1 1 1 4 1 1 250 255 255 1 1 1 0 0 0 0 0 0 0 0 0 0 1 0 0 1 1 60 1 1 1 1 1 30 1 0 0 0 0 0 0 0 0 0 0 1 94 27 1 114 0 0 0 0 0 0 0 0 1 1 0 0 1 1 0 0 0 0 0 0 1 1 2 13 3 1 0 1 1 1 1 1 1 75 255 4 1 127 10 1 1 1 0 0 0 0 1 1 1 255 255 1 1 1 6 16 1 0 0 0 1 4 1 1 1 56 70 1 4 1 0 0 0 0 0 1 1 1 0 0 0 0 0 0 0 1 1 8 2 1 1 0 1 1 3 129 1 1 0 1 1 2 1 1 1 1 2 254 255
1 1 1 23 32 1 1 0 1 0 0 1 1 1 1 1 0 0 0 0 1 2 0 0 0 0 0 0 1 0 0 1 0 0 0 0 0 0 0 0 0 0 1 4 6 1 1 2 206 255 255 255 255 255 255 255 255 202 2 1 1 1 0 0 0 0 1 1 1 255 255 1 0 0 1 1 1 0 0 0 0 2 172 1 1 1 1 0 0 1 7 2 0 0 0 0 0 1 45 107 1 0 0 0 0 0 0 0 0 0 0 0 0 0 1 134 2 1 0 0 0 0 0 1 2 83 25 4 1 1 1 1 0 0 0 0 0 0 1 95 17 1 0 0 0 0 0 0 0 0 0 0 0 0 0 0 0 0 0 0 0 0 0 0 0 0 0 0 0 0 0 0 0 0 1 1 148 5 255 255 248 2 1 1 0 0 0 0 0 0 0 0 0 0 0 0 0 0 1 1 255 255 1 1 1 0 0 0 0 0 0 0 0 0 0 0 0 0 0 1 66 0 0 0 0 0 0 0 0 1 1 1 1 1 1 1 1 1 2 164 254 252 76 4 1 1 1 1 1 1 1 1 1 1 1 0 0 0 0 0 1 1 0 0 0 0 0 0 0 0 0 0 0 0 1 1 1 1 130 42 6 3 1 1 1 1 1 0 1 1 1 1 1 2 1 1 0 0 1 1 1 1 1 1 0 1 2 1 1 1 6 79 9 1 1 1 1 5 8 1 1 0 2 20 1 3 20 18 4 4 1 1 1 7 255 5 1 0 0 0 0 0 0 0 0 0 0 0 0 1 1 2 1 1 1 2 2 1 1 1 2 255 255 15 1 1 0 0 0 0 0 0 0 0 0 1 1 1 1 18 37 3 13 27 31 29 3 0 0 0 0 0 0 0 0 0 0 1 26 90 1 4 106 1 0 0 0 0 0 0 0 1 0 0 0 0 0 1 1 0 0 0 0 1 0 2 13 2 1 1 1 1 1 0 1 1 1 245 254 150 25 1 1 1 1 1 1 0 0 1 1 1 255 67 1 1 2 1 10 10 1 0 1 7 1 1 1 1 1 5 103 10 1 1 1 1 0 0 1 1 0 0 0 0 0 0 0 0 0 1 1 2 5 1 1 1 1 1 125 3 1 1 1 1 2 1 1 1 1 1 1 254
1 1 5 42 7 1 0 1 1 0 0 0 0 0 0 0 0 0 0 0 1 2 0 0 0 0 0 0 1 1 1 0 0 0 0 0 0 0 1 1 1 1 1 9 101 255 255 255 255 254 3 1 1 1 1 1 1 1 1 1 1 1 0 0 0 0 0 1 1 215 255 1 1 0 1 0 1 1 0 0 0 1 174 3 1 1 1 1 0 1 5 3 1 0 0 0 0 1 3 147 1 1 0 0 0 0 0 0 0 0 0 0 0 1 1 109 24 0 0 0 0 0 1 7 108 92 10 1 1 1 0 0 0 0 0 0 0 1 1 124 2 0 0 0 0 0 0 0 0 0 0 0 0 0 0 0 0 0 0 0 0 0 0 0 0 0 0 0 0 0 0 0 0 0 0 0 144 2 1 31 255 255 255 255 247 1 1 0 0 0 0 0 0 0 0 0 0 1 1 1 255 255 1 1 1 0 0 0 0 0 0 0 0 0 0 0 0 0 0 50 5 0 0 0 0 0 0 0 0 0 0 0 1 1 1 1 1 1 1 1 6 232 254 255 253 75 2 1 1 1 1 1 1 0 1 1 0 0 0 0 1 1 0 0 0 0 0 0 0 0 0 0 0 0 0 0 0 1 124 6 2 2 2 1 1 1 1 1 1 1 2 2 1 1 1 0 0 0 0 1 1 1 0 1 1 1 1 1 2 7 1 2 75 28 1 1 1 1 15 1 1 1 8 23 20 13 2 3 8 1 1 0 1 1 255 47 1 1 0 0 0 0 0 0 0 0 0 0 0 0 1 1 2 1 2 5 1 1 1 1 1 1 247 255 6 1 1 0 0 0 0 0 0 0 0 1 1 1 28 111 26 20 6 1 1 1 0 0 0 0 0 0 0 0 0 0 1 1 131 1 1 7 100 0 0 0 0 0 0 0 0 0 0 0 0 0 0 0 1 0 1 1 1 1 1 14 1 1 2 1 1 1 1 1 1 1 1 80 255 222 1 1 0 0 0 1 1 1 1 1 1 3 255 1 1 1 1 0 0 15 6 1 4 2 0 1 1 0 0 2 1 51 51 1 0 1 1 1 1 1 0 0 0 0 0 0 0 0 1 1 1 1 1 5 1 1 1 1 14 108 1 1 1 1 1 1 1 1 1 1 1 1
1 3 3 20 22 1 0 1 1 0 0 0 0 0 0 0 0 0 0 0 1 2 0 0 0 0 0 0 0 1 0 0 0 0 1 1 1 1 1 1 1 1 2 255 255 255 20 1 1 1 1 1 1 1 1 1 1 1 1 1 0 0 0 0 0 0 0 1 1 57 255 1 1 0 1 0 1 1 0 0 0 1 166 7 1 1 1 1 1 0 3 5 1 0 0 0 0 1 1 145 3 1 0 0 0 0 0 0 0 0 0 0 1 1 59 114 1 0 1 1 1 1 37 102 3 29 48 1 1 0 0 0 0 0 0 0 0 1 1 128 1 0 0 0 0 0 0 0 0 0 0 0 0 0 0 0 0 0 0 0 0 0 0 0 0 0 0 0 0 0 0 0 0 0 0 0 27 113 0 1 1 1 1 159 255 255 254 1 0 0 0 0 0 0 0 0 0 1 1 1 255 255 1 1 1 0 0 0 0 0 0 0 0 0 0 0 0 0 0 73 1 0 0 0 0 0 0 0 0 0 0 0 0 1 1 1 1 1 1 1 1 1 2 30 225 254 244 14 2 1 1 1 1 1 1 1 1 0 0 0 0 1 1 0 0 0 0 0 0 0 0 0 0 0 0 0 0 1 117 4 1 1 1 2 2 2 2 1 1 2 1 1 1 0 0 0 0 0 0 0 0 1 1 0 0 1 1 1 1 7 0 0 1 43 82 3 1 1 2 11 1 1 1 2 2 1 1 1 10 2 1 1 1 1 254 253 1 1 1 0 0 0 0 1 1 1 1 1 1 1 1 1 2 6 2 1 0 1 1 1 0 1 1 250 255 1 1 0 0 0 0 0 0 0 1 1 1 71 92 123 15 1 1 1 1 0 0 0 0 0 0 0 0 0 0 0 1 37 80 1 1 97 8 0 0 0 0 0 0 0 0 0 0 0 0 0 0 0 0 0 1 1 0 1 13 1 0 0 1 2 1 1 0 1 1 1 2 199 150 255 2 1 1 0 0 0 0 0 1 1 1 255 255 1 1 1 1 0 1 2 24 12 4 1 0 0 0 0 1 2 0 1 8 74 2 1 1 1 1 0 0 0 0 0 0 0 0 0 2 1 0 1 1 1 3 3 1 1 1 111 13 1 1 1 1 1 1 1 1 1 1 1
5 3 1 4 50 1 1 1 1 1 1 0 0 0 0 0 0 0 0 0 1 2 0 0 0 0 0 0 0 1 1 1 1 1 1 1 1 1 1 27 255 255 255 255 18 2 1 1 1 1 1 1 0 0 0 0 0 0 0 0 0 0 0 0 0 0 0 0 1 9 255 2 1 1 1 0 0 1 0 0 0 1 74 119 3 1 1 1 1 1 1 10 1 1 0 0 0 1 1 78 74 1 0 0 0 0 0 0 0 0 0 1 2 111 77 2 1 2 6 17 69 118 62 1 1 5 92 1 0 0 0 0 0 0 0 0 0 1 2 126 1 0 0 0 0 0 0 0 0 0 0 0 0 0 0 0 0 0 0 0 0 0 0 0 0 0 0 0 0 0 0 0 0 0 0 0 1 148 1 0 0 0 1 1 1 1 255 255 1 1 1 1 0 0 1 1 1 1 1 1 255 255 1 1 1 1 0 0 0 0 0 0 0 0 0 0 0 0 1 74 0 0 0 0 0 0 0 0 0 0 0 0 0 1 1 1 1 1 1 1 1 1 1 1 1 6 245 254 253 214 106 17 2 1 1 1 1 1 0 0 0 0 1 1 1 0 0 0 0 0 0 0 0 0 0 0 0 1 45 73 1 1 1 1 1 1 1 1 2 1 0 0 0 0 0 0 0 0 0 0 0 0 1 1 1 0 0 0 2 3 0 0 1 1 5 82 4 1 1 11 3 1 1 1 1 1 1 1 1 13 13 5 1 1 10 255 69 1 1 1 1 1 2 5 10 16 18 18 5 1 1 1 1 3 1 0 0 0 1 1 0 0 0 1 255 255 1 1 0 0 0 0 0 1 1 1 94 33 1 1 111 74 2 1 1 1 0 0 0 0 0 0 0 0 0 1 2 128 1 1 1 121 1 0 0 0 0 0 0 0 0 0 0 0 0 0 0 0 0 0 1 1 1 9 1 1 1 1 1 1 1 1 1 1 1 1 197 11 1 233 251 1 2 1 0 0 0 0 1 1 1 255 25 1 1 1 1 1 2 1 1 14 21 5 1 0 0 1 3 1 0 0 1 1 65 28 1 1 1 0 0 0 0 0 0 0 0 1 1 0 0 0 1 1 1 3 1 1 1 3 129 1 1 1 1 0 1 1 1 1 1 1
1 0 0 2 60 1 1 0 0 0 1 1 1 1 1 0 0 0 0 0 1 2 0 0 1 1 1 1 1 1 1 1 1 1 1 1 5 255 255 255 255 110 255 14 1 1 1 1 1 1 0 0 0 0 0 0 0 0 0 0 0 0 0 0 0 0 0 0 0 3 255 4 1 1 1 1 0 1 1 0 1 1 1 132 77 3 1 1 1 1 1 4 4 1 0 0 0 0 1 4 145 1 0 0 0 0 0 0 0 0 1 1 111 48 2 4 106 116 105 85 29 1 1 1 1 2 110 1 0 0 0 0 0 0 0 0 0 1 4 116 1 0 0 0 0 0 0 0 0 0 0 0 0 0 0 0 0 0 0 0 0 0 0 0 0 0 0 0 0 0 0 0 0 0 0 0 1 144 1 0 0 0 0 0 1 1 1 245 255 68 1 0 1 1 1 1 1 1 1 1 255 254 1 1 0 1 0 0 0 0 0 0 0 0 0 0 0 0 1 73 0 0 0 0 0 0 0 0 0 0 0 0 0 0 1 1 1 1 1 1 1 1 1 1 1 1 1 25 224 253 254 255 254 143 3 1 1 1 1 1 0 1 1 1 1 1 1 1 1 0 0 0 0 0 0 0 0 1 2 141 1 1 1 1 1 0 0 0 0 0 0 0 0 0 0 0 0 0 0 0 0 0 0 0 0 0 0 0 7 1 0 0 0 0 1 4 86 56 9 3 13 14 14 15 17 17 17 6 1 1 2 27 45 37 26 238 255 5 13 17 20 20 16 8 3 1 1 1 17 1 1 1 3 1 0 0 0 0 1 1 0 0 1 1 1 255 242 1 1 0 0 0 1 1 18 117 14 1 1 1 1 45 131 73 1 1 0 0 0 0 0 0 0 0 0 1 118 7 1 1 1 121 1 0 0 0 0 0 0 0 0 0 0 0 0 0 0 0 0 0 0 0 5 3 0 0 1 1 1 1 0 1 1 1 1 183 29 1 1 1 255 140 1 2 1 1 0 1 1 1 7 255 1 0 1 1 1 1 1 0 0 0 1 6 10 1 0 2 1 0 0 0 1 0 1 17 57 1 1 1 0 0 0 0 0 0 1 2 0 0 0 0 1 1 1 2 2 1 1 1 130 3 1 1 1 0 0 1 1 1 1 1
1 1 1 3 59 1 1 1 1 1 1 1 1 1 1 1 1 1 1 1 1 2 1 1 1 1 1 1 1 1 1 1 3 16 246 255 255 255 104 1 1 1 255 2 1 1 1 1 1 1 0 0 0 0 0 0 0 0 0 0 1 1 0 0 0 0 0 0 0 1 255 83 1 1 1 1 1 1 1 0 1 2 3 3 119 136 12 1 1 1 1 1 6 3 1 0 0 0 1 1 138 9 1 0 0 0 0 0 0 1 1 47 118 36 38 114 6 1 1 1 1 1 1 0 1 2 113 1 0 0 0 0 0 0 0 0 1 1 43 65 1 1 0 0 0 0 0 0 0 0 0 0 0 0 0 0 0 0 0 0 0 0 0 0 0 0 0 0 0 0 0 0 0 0 0 0 0 19 121 0 0 0 0 0 0 1 1 1 157 255 255 224 1 1 1 0 1 1 1 1 255 86 1 1 0 1 1 0 0 0 0 0 0 0 0 0 0 0 1 70 0 0 0 0 0 0 0 0 0 0 0 0 0 0 0 0 1 1 1 0 1 1 1 1 1 1 1 1 1 1 2 7 142 254 253 23 1 1 1 1 1 1 0 0 0 0 0 0 1 1 1 1 0 0 0 0 0 1 1 145 1 1 1 0 1 0 0 0 0 0 0 0 0 0 0 0 0 0 0 0 0 0 0 0 0 0 0 0 8 0 0 0 0 0 0 1 1 17 72 91 90 39 16 3 1 1 1 5 14 10 21 12 32 68 98 138 255 42 2 1 1 1 1 1 1 1 1 1 19 1 1 1 3 2 1 1 0 0 0 1 1 1 1 0 1 18 255 29 1 0 1 1 2 103 89 1 1 1 0 1 1 1 1 60 88 1 1 0 0 0 0 0 0 0 1 41 77 1 1 1 1 119 1 0 0 0 0 0 0 0 0 0 0 0 0 0 0 0 0 0 0 3 5 1 1 0 1 1 1 1 1 1 1 1 137 88 5 1 1 1 21 255 9 1 1 2 2 1 1 1 255 255 1 1 1 1 1 2 0 0 0 0 0 0 2 7 1 2 0 0 0 0 1 0 1 1 1 42 11 1 0 0 0 0 0 0 2 1 0 0 0 0 1 1 1 4 1 1 1 1 51 70 2 1 1 1 1 1 1 1 1 0
1 1 1 3 59 1 1 1 1 1 1 1 1 1 1 1 1 1 1 1 2 1 1 1 1 1 1 1 3 211 255 255 255 255 255 232 3 1 1 1 1 1 255 208 1 1 1 1 1 1 0 0 0 0 0 0 0 0 0 0 0 1 1 0 0 0 0 0 0 1 253 255 2 1 1 1 1 1 1 1 3 1 1 1 1 43 164 30 1 1 1 1 1 5 4 1 0 0 0 1 32 119 1 0 0 0 0 0 1 1 2 133 110 68 61 2 1 1 1 1 0 0 1 1 1 2 113 1 1 1 0 0 0 0 0 0 1 1 111 6 1 1 0 0 0 0 0 0 0 0 0 0 0 0 0 0 0 0 0 0 0 0 0 0 0 0 0 0 0 0 0 0 0 0 0 0 0 1 148 1 0 0 0 0 0 0 1 1 1 1 105 255 255 255 8 1 1 1 1 1 255 1 1 1 0 0 1 1 0 0 0 0 0 0 0 0 0 0 11 37 0 0 0 0 0 0 0 0 0 0 0 0 0 0 0 0 0 0 1 1 0 0 1 1 1 1 1 1 1 1 1 1 1 3 220 254 92 2 1 1 1 1 1 1 1 1 0 0 0 0 0 1 1 1 0 0 0 1 1 144 1 1 1 0 1 0 0 0 0 0 0 0 0 0 0 0 0 0 0 0 0 0 0 0 0 0 0 1 7 0 0 0 0 0 0 0 0 1 1 1 2 32 61 86 87 33 41 81 99 108 92 74 38 10 3 5 255 66 33 1 1 0 0 0 0 0 1 1 19 1 1 2 1 1 1 1 1 0 0 1 1 0 0 0 0 1 242 255 1 1 1 64 117 9 1 1 1 1 1 1 1 1 1 1 111 16 1 0 0 0 0 0 0 0 1 130 3 1 1 1 1 119 1 0 0 0 0 0 0 0 0 0 0 0 0 0 0 0 0 0 1 9 1 0 1 1 1 1 1 0 1 1 1 81 128 1 3 5 1 1 1 180 255 32 1 1 1 1 2 2 255 12 1 1 1 2 1 1 0 0 0 0 1 1 3 19 4 1 0 0 0 0 1 1 1 1 0 1 16 37 1 1 0 0 0 1 1 0 0 0 0 1 1 1 1 4 1 1 1 1 8 109 28 1 1 1 1 0 0 1 0 0
3 3 4 14 84 19 22 21 22 30 42 61 81 107 130 114 48 17 10 8 8 2 1 1 1 2 9 255 255 255 254 55 5 2 1 1 1 1 1 0 0 0 8 255 5 1 1 1 1 1 1 1 0 0 0 0 0 0 0 0 0 0 1 0 0 0 0 0 0 1 1 255 246 1 1 1 1 1 1 2 1 0 0 0 0 1 4 168 14 1 1 1 1 1 5 4 1 1 1 1 3 147 1 0 0 0 0 1 1 1 88 26 1 1 1 1 1 0 0 0 0 1 1 1 4 54 92 6 1 1 1 1 1 1 1 0 1 1 125 1 1 1 1 0 0 0 0 0 0 0 0 0 0 0 0 0 0 0 0 0 0 0 0 0 0 0 0 0 0 0 0 0 0 0 0 0 0 1 150 1 0 0 0 0 0 0 0 1 1 1 1 1 1 251 255 255 36 1 1 251 255 1 1 1 1 0 0 1 1 0 0 0 0 0 0 0 0 0 50 5 0 0 0 0 0 0 0 0 0 0 0 0 0 0 0 0 0 0 1 0 0 0 0 0 1 1 1 1 1 1 1 1 1 1 1 118 254 212 9 1 1 1 1 1 1 1 1 1 1 1 1 1 0 1 1 1 0 1 1 133 5 1 1 0 1 0 0 0 0 0 0 0 0 0 0 0 0 0 0 0 0 0 0 0 0 0 0 3 3 0 0 0 0 0 0 0 0 0 1 1 1 1 1 1 2 38 29 4 1 1 1 1 1 1 1 1 255 27 25 53 6 1 0 0 0 0 0 1 19 1 1 1 1 0 1 1 2 1 1 0 1 1 0 0 0 1 1 255 253 33 121 40 1 1 1 1 1 1 1 0 0 0 0 1 3 131 1 1 0 0 0 0 0 1 1 135 1 1 1 1 1 103 5 1 1 1 1 0 0 0 0 0 0 0 0 0 0 0 0 1 11 1 0 0 0 1 2 1 0 1 1 1 21 165 1 1 1 2 6 1 1 1 146 255 239 1 1 1 1 12 255 1 1 1 1 2 1 1 1 1 1 1 1 1 1 1 15 0 0 0 0 0 0 1 1 0 0 0 0 1 37 14 1 0 1 2 0 0 0 0 1 1 1 0 1 8 1 1 1 1 43 1 72 1 1 1 0 0 0 1 1 0
213 251 255 255 255 255 255 255 255 255 255 255 255 255 255 255 255 255 255 255 255 255 255 254 255 255 255 255 105 1 1 1 1 1 0 1 0 0 0 0 0 0 1 216 255 255 255 242 5 1 1 1 1 1 1 0 0 0 0 1 1 0 1 1 0 0 0 0 0 1 1 28 255 99 1 1 1 1 1 3 1 0 0 0 0 0 1 6 162 121 9 1 1 1 1 4 5 1 0 0 1 151 1 0 0 0 0 1 1 15 94 1 1 1 1 0 0 0 0 1 1 6 67 95 85 22 1 5 14 12 5 3 2 1 1 1 1 1 126 1 1 0 1 0 0 0 0 0 0 0 0 0 0 0 0 0 0 0 0 0 0 0 0 0 0 0 0 0 0 0 0 0 0 0 0 0 0 16 125 0 0 0 0 0 0 0 0 0 1 1 0 0 1 1 1 235 255 255 255 255 255 2 1 1 1 1 1 1 1 1 0 0 0 0 0 0 0 0 73 1 0 0 0 0 0 0 0 0 0 0 0 0 0 0 0 0 0 0 0 0 0 0 0 0 0 0 1 1 1 1 1 1 1 1 1 1 17 253 254 166 12 3 1 1 1 1 1 1 1 1 0 1 1 0 0 1 1 0 1 68 69 1 1 0 1 0 0 0 0 0 0 0 0 0 0 0 0 0 0 0 0 0 0 0 0 0 0 8 1 0 0 0 0 0 0 0 0 0 0 0 0 0 1 1 1 1 1 1 1 1 1 1 1 1 1 2 255 1 12 10 43 27 1 1 0 0 0 1 19 2 1 1 0 0 0 0 1 2 0 0 1 1 1 0 1 1 2 107 255 75 1 1 0 0 1 1 0 0 0 0 0 0 0 1 1 140 1 1 1 0 0 1 1 1 8 113 1 1 1 0 1 2 113 1 1 1 1 0 0 0 0 0 0 0 0 0 0 0 1 10 1 0 0 0 1 1 1 1 1 1 0 1 185 1 0 0 1 1 1 4 1 1 1 2 251 255 251 90 3 255 255 1 1 1 1 3 1 1 1 1 1 1 1 1 1 1 19 1 0 0 0 0 1 1 1 0 0 0 0 0 1 8 33 1 4 1 0 0 0 0 1 1 1 0 7 1 1 1 1 4 35 1 44 12 1 0 0 0 0 1 1 1
255 255 255 251 179 138 194 240 228 187 136 69 25 11 9 11 18 29 38 137 53 187 255 255 255 249 12 1 1 1 0 0 0 0 0 0 0 0 0 0 0 0 1 70 39 225 210 254 255 10 1 1 1 1 1 1 1 1 1 1 1 1 1 1 1 0 0 0 0 1 1 1 241 255 66 13 3 1 2 3 1 1 0 1 1 0 0 1 1 71 162 110 2 1 1 1 3 6 1 1 1 151 2 0 0 0 0 1 1 118 4 1 1 1 0 0 0 1 5 87 97 80 13 2 1 1 1 1 1 2 7 11 14 17 17 17 16 6 134 7 2 1 1 1 0 0 0 0 0 0 0 0 0 0 0 0 0 0 0 0 0 0 0 0 0 0 0 0 0 0 0 0 0 0 0 0 1 148 1 0 0 0 0 0 0 0 0 0 0 1 1 0 0 0 1 1 1 33 255 255 255 255 250 1 0 0 0 1 1 1 1 1 1 0 0 0 0 0 73 0 0 0 0 0 0 0 0 0 0 0 0 0 0 0 0 0 0 0 0 0 0 0 0 0 0 0 0 0 0 0 1 1 1 1 1 1 1 2 118 254 254 253 211 82 11 2 1 1 1 1 1 1 1 1 1 0 1 1 1 6 130 1 1 0 1 0 0 0 0 0 0 0 0 0 0 0 0 0 0 0 0 0 0 0 0 0 0 8 0 0 0 0 0 0 0 0 0 0 0 0 0 1 1 0 0 0 0 0 0 0 0 0 0 1 1 145 255 1 1 19 4 15 53 3 1 1 0 1 21 1 1 1 1 0 0 0 1 2 1 0 0 1 1 1 19 115 112 14 255 253 1 1 0 1 1 0 0 0 0 0 0 0 0 1 1 138 2 1 1 0 1 1 0 1 18 97 1 1 1 0 1 1 119 1 0 0 0 0 0 0 0 0 0 0 0 0 0 0 4 3 1 0 0 1 1 1 0 0 1 1 1 177 7 0 0 0 1 1 1 1 4 0 1 1 1 2 233 255 255 255 255 2 1 1 3 2 1 2 1 2 0 0 0 1 1 1 1 23 1 0 0 0 1 1 0 0 0 0 0 0 0 1 1 45 8 1 0 0 0 1 1 1 1 1 15 1 1 1 1 1 11 17 27 43 2 1 0 0 0 0 1 1
4 2 1 1 1 1 1 1 1 2 1 1 1 1 1 1 1 1 2 101 1 1 1 1 1 1 1 0 0 0 0 0 0 0 0 0 0 0 0 0 0 0 1 36 28 1 1 1 201 255 54 2 1 1 1 1 1 1 1 1 1 1 1 1 1 1 0 0 0 1 1 1 6 255 55 99 120 121 92 11 2 1 1 1 1 1 0 0 0 1 1 111 163 37 2 1 1 2 9 2 2 149 2 0 0 0 0 1 76 31 1 1 1 0 0 0 1 12 85 5 1 1 1 1 1 0 0 0 0 0 1 1 1 1 1 1 1 7 79 118 126 12 1 1 1 0 0 0 0 0 0 0 0 0 0 0 0 0 0 0 0 0 0 0 0 0 0 0 0 0 0 0 0 1 1 1 87 55 0 0 0 0 0 0 0 0 0 0 0 0 1 1 1 1 1 1 1 1 67 255 255 50 255 255 192 1 0 1 1 0 1 1 1 1 1 0 0 1 73 0 0 0 0 0 0 0 0 0 0 0 0 0 0 0 0 0 0 0 0 0 0 0 0 0 0 0 0 0 0 0 0 0 1 1 1 1 1 1 1 2 23 209 253 254 255 254 188 18 2 1 1 1 1 1 1 1 0 1 1 2 143 1 1 0 1 0 0 0 0 0 0 0 0 0 0 0 0 0 0 0 0 0 0 0 0 0 1 8 0 0 0 0 0 0 0 0 0 0 0 0 0 0 0 0 0 0 0 0 0 0 0 0 0 1 1 255 46 1 0 1 17 4 3 50 19 1 1 2 18 9 9 8 7 1 1 0 0 1 1 1 1 1 67 122 83 2 1 1 13 255 1 1 1 1 0 0 0 0 0 1 0 0 0 1 1 126 5 1 1 1 1 1 1 1 20 94 1 1 1 1 1 1 7 102 1 0 0 0 0 0 0 0 0 0 0 0 0 2 3 1 1 1 1 1 1 0 0 1 1 1 140 64 1 0 0 0 1 1 1 1 6 1 1 1 4 3 4 4 255 255 255 172 160 56 1 1 1 1 1 1 0 0 0 1 0 0 1 14 3 0 0 1 1 0 0 0 0 0 0 0 0 1 1 4 13 17 1 0 1 1 1 1 1 19 22 27 1 1 1 1 1 53 19 8 32 1 1 0 0 0 0 1
1 1 1 1 1 1 1 1 1 1 1 1 1 1 1 1 1 1 1 101 1 1 1 1 1 1 0 0 0 0 0 0 0 0 0 0 0 0 0 0 0 0 0 2 80 1 1 1 1 174 255 255 254 244 170 38 10 6 5 3 2 1 1 1 1 1 1 0 0 1 1 1 52 255 2 1 1 2 29 110 122 71 4 1 1 1 1 0 0 0 1 1 8 139 134 5 1 1 2 10 14 144 2 0 0 0 0 4 108 2 1 1 0 0 0 1 27 71 2 1 1 1 0 0 0 0 0 1 1 1 1 1 1 1 0 0 1 1 8 1 3 118 12 1 1 1 0 0 0 0 1 1 0 0 0 0 0 0 0 0 0 0 0 0 0 0 0 0 0 0 0 0 0 0 1 4 144 1 0 0 0 0 0 0 0 0 0 0 1 5 12 13 12 10 11 13 13 14 1 255 255 1 1 139 255 255 238 1 1 1 0 1 1 0 1 1 1 1 66 0 0 0 0 0 0 0 0 0 0 0 0 0 0 0 0 0 0 0 0 0 0 0 0 0 0 0 0 0 0 0 0 0 0 1 1 0 1 1 1 1 1 1 2 3 15 165 253 254 252 142 6 1 1 1 1 1 1 1 1 1 145 1 1 0 1 0 0 0 0 0 0 0 0 0 0 0 0 0 0 0 0 0 0 0 0 0 4 2 0 0 0 0 0 0 0 0 0 0 0 0 0 0 0 0 0 0 0 0 0 0 0 0 0 1 54 255 1 1 0 0 1 13 22 11 42 53 2 8 1 1 1 1 1 9 1 1 0 1 2 46 119 116 36 1 1 1 1 1 1 255 95 1 1 1 0 0 0 0 0 1 1 0 0 1 1 96 29 1 1 4 11 5 8 17 9 92 1 1 1 1 1 1 1 123 1 0 0 0 0 0 0 0 0 0 0 0 1 5 1 0 1 1 1 1 0 0 0 1 1 90 112 1 1 1 1 1 1 0 1 3 1 1 1 1 4 1 1 1 255 255 48 1 5 115 159 149 30 1 1 1 1 1 0 1 1 0 1 1 19 1 1 1 1 0 0 0 0 0 0 0 0 1 5 1 1 2 25 3 0 1 1 1 8 6 1 2 34 3 1 1 1 9 76 1 24 11 1 0 0 0 0 0
1 1 1 1 1 1 1 1 1 1 1 0 0 0 1 1 1 1 12 80 1 1 0 1 1 0 0 0 0 0 0 0 0 0 0 0 0 0 0 0 0 0 0 1 85 1 1 1 1 1 2 197 255 240 254 255 255 255 255 255 255 249 111 5 1 1 1 1 1 1 1 1 255 255 1 1 1 1 1 1 4 41 114 101 9 1 1 1 1 1 0 1 1 1 43 159 22 4 3 7 12 128 1 1 0 0 0 40 66 2 1 0 0 0 1 26 59 1 1 1 0 0 0 0 1 1 1 0 0 0 0 1 1 0 0 0 0 1 9 1 1 2 115 32 1 1 1 0 0 1 1 1 0 0 0 0 0 0 0 0 0 0 0 0 0 0 0 0 0 0 0 0 0 0 0 74 71 0 0 0 0 0 0 0 0 1 6 13 12 4 1 1 0 1 1 1 1 1 1 212 255 1 1 1 1 61 255 255 255 12 1 1 1 1 1 1 1 41 10 1 0 0 0 0 0 0 0 0 0 0 0 0 0 0 0 0 0 0 0 0 0 0 0 0 0 0 0 0 0 0 0 0 0 0 0 1 1 0 0 1 1 1 1 1 1 1 2 13 182 254 254 186 10 1 1 1 1 1 1 1 145 1 1 0 1 1 0 0 0 0 0 0 0 0 0 0 0 0 0 0 0 0 0 0 0 0 8 0 0 0 0 0 0 0 0 0 0 0 0 0 0 0 0 0 0 0 0 0 0 0 0 0 0 1 255 144 1 0 0 0 0 1 1 5 11 41 129 5 1 1 0 0 1 1 9 1 0 1 1 108 1 1 1 1 0 1 1 0 1 253 255 1 1 0 0 0 0 0 0 0 1 1 0 1 1 15 152 133 84 13 3 7 4 1 9 66 1 0 0 1 1 1 1 41 60 1 0 0 0 0 0 0 0 0 0 1 8 1 0 0 1 1 2 1 0 0 1 1 21 162 1 0 1 1 1 1 1 1 1 6 1 0 1 1 2 1 1 1 255 60 1 1 0 1 1 3 118 157 49 1 1 1 1 1 1 0 0 1 1 18 2 1 0 0 0 0 0 0 0 0 1 2 1 0 0 1 1 15 13 1 1 1 23 1 1 1 1 26 3 1 1 1 21 55 1 54 1 1 0 0 0 0
0 0 0 0 0 1 1 1 0 1 1 0 0 0 0 1 1 1 98 3 1 1 0 1 0 0 0 0 0 0 0 0 0 0 0 0 0 0 0 0 0 0 1 1 86 2 0 0 1 1 1 2 210 240 1 2 3 4 5 12 65 222 255 255 193 7 1 1 1 1 1 4 255 49 1 1 1 1 1 2 1 1 1 12 107 73 4 1 1 1 1 1 1 1 1 13 135 148 148 148 139 23 1 1 1 0 0 3 92 9 1 0 0 0 2 97 1 1 1 0 0 1 1 1 1 0 0 0 0 0 1 1 0 0 0 0 0 1 9 1 0 1 1 92 85 1 1 0 1 1 1 0 0 0 0 0 0 0 0 0 0 0 0 0 0 0 0 0 0 0 0 0 0 0 1 84 51 2 0 0 0 0 0 1 4 12 3 1 1 1 1 1 1 1 1 0 1 1 1 5 255 1 1 1 0 0 1 3 255 255 255 255 255 255 254 121 2 74 1 1 1 1 0 0 0 0 0 0 0 0 0 0 0 0 0 0 0 0 0 0 0 0 0 0 0 0 0 0 0 0 0 0 0 0 0 0 1 1 1 1 0 1 1 1 1 1 1 1 2 4 108 252 254 223 18 2 1 1 1 1 145 1 1 0 0 1 0 0 0 0 0 0 0 0 0 0 0 0 0 0 0 0 0 0 0 0 8 0 0 0 0 0 0 0 0 0 0 0 0 0 0 0 0 0 0 0 0 0 0 0 0 0 1 1 255 1 1 0 0 0 0 0 1 1 1 1 92 27 22 1 1 0 0 0 1 5 1 1 2 98 1 0 1 1 0 0 1 1 1 1 255 1 1 0 0 0 0 0 0 0 0 1 1 1 1 1 1 1 36 71 7 2 1 2 79 3 1 0 0 0 1 1 1 1 121 1 1 0 0 0 0 0 0 0 1 8 1 0 0 0 1 1 1 1 1 1 1 2 184 1 0 0 0 0 0 1 1 1 1 8 1 1 1 4 1 1 1 141 255 1 1 1 0 0 0 0 1 1 99 151 27 1 1 1 1 1 0 1 1 1 17 1 0 0 0 0 0 0 0 1 1 3 0 0 0 1 1 1 4 16 2 24 1 0 0 0 0 1 35 1 1 1 1 67 31 58 1 1 1 0 0 0
0 0 0 0 1 1 0 1 1 1 0 0 0 0 1 1 1 27 53 1 0 1 0 1 1 1 0 0 0 0 0 0 0 0 0 0 0 0 0 0 1 1 21 72 27 5 0 1 1 0 1 1 124 252 1 1 1 1 1 1 1 1 3 52 253 255 163 4 1 1 1 239 255 4 1 1 1 1 1 2 2 2 1 1 1 35 119 117 45 4 1 1 1 1 0 2 1 1 2 1 1 12 28 4 1 1 0 1 49 49 3 1 0 1 60 17 1 1 1 1 1 1 0 0 0 0 0 0 0 0 1 1 0 0 0 0 0 1 9 1 0 0 1 1 36 124 5 1 1 1 0 0 0 0 0 0 0 0 0 0 0 0 0 0 0 0 0 0 0 0 0 0 0 0 27 29 2 53 0 0 0 0 1 9 4 1 1 1 1 1 0 0 0 1 0 0 1 1 1 2 255 1 1 1 1 1 0 0 1 1 1 2 113 254 255 255 255 255 255 255 140 1 1 1 1 0 0 0 0 0 0 0 0 0 0 0 0 0 0 0 0 0 0 0 0 0 0 0 0 0 0 0 0 0 0 0 0 0 0 1 1 1 1 1 1 1 1 1 1 1 1 3 65 252 254 237 17 1 1 1 144 1 1 0 0 1 0 0 0 0 0 0 0 0 0 0 0 0 0 0 0 0 0 0 0 1 7 0 0 0 0 0 0 0 0 0 0 0 0 0 0 0 0 0 0 0 0 0 0 0 0 0 1 23 255 1 0 0 0 0 0 0 0 1 1 1 92 1 4 38 3 1 1 0 1 2 4 1 76 15 1 0 0 1 1 0 0 1 1 1 255 1 1 1 0 0 0 0 0 0 0 1 1 1 1 1 1 1 1 7 78 78 37 62 38 1 0 0 0 0 0 1 1 1 125 1 1 0 0 0 0 0 0 0 5 2 0 0 0 1 1 1 1 0 1 1 1 179 4 1 0 0 0 0 0 1 1 0 2 1 1 3 3 5 1 1 1 255 255 1 1 0 0 0 0 0 0 0 1 1 120 141 8 1 1 1 1 1 1 1 1 16 1 0 0 0 0 0 0 1 4 1 0 0 0 1 1 1 1 1 18 5 1 0 0 0 0 1 21 3 1 1 1 50 5 105 4 1 1 1 0 0
1 1 1 1 1 0 0 0 0 0 0 0 0 1 1 1 1 96 3 1 1 0 0 0 0 1 1 0 0 0 0 0 0 0 0 0 0 0 0 1 7 71 26 1 1 5 1 1 0 1 7 197 254 120 1 1 1 1 1 1 1 1 1 1 2 80 253 255 118 2 1 255 203 3 1 1 1 1 1 1 1 1 2 1 1 1 1 4 64 119 114 41 2 1 1 1 2 0 1 2 0 1 2 22 0 0 0 1 2 110 6 3 1 1 96 1 1 1 1 1 0 0 0 0 0 0 0 0 0 1 1 0 0 0 0 0 0 1 8 1 1 0 0 1 1 4 126 9 1 1 0 0 0 0 0 0 0 0 0 0 0 0 0 0 0 0 0 0 0 0 0 0 0 1 97 5 6 72 1 0 1 3 12 1 1 1 0 0 0 0 0 0 0 1 0 0 1 1 1 5 255 1 1 1 0 1 1 1 1 0 0 0 1 0 0 0 1 1 78 255 255 255 255 223 2 1 1 1 0 0 0 0 1 1 0 0 0 0 0 0 0 0 0 0 0 0 0 0 0 0 0 0 0 0 0 0 0 0 0 0 0 0 0 0 1 1 1 1 1 1 1 1 1 3 43 247 254 146 3 1 140 2 1 0 0 1 0 0 0 0 0 0 0 0 0 0 0 0 0 0 0 0 0 0 0 5 1 0 0 0 0 0 0 0 0 0 0 0 0 0 0 0 0 0 0 0 0 0 0 0 0 0 1 255 241 1 0 0 0 0 0 0 0 0 0 1 92 1 1 1 28 16 1 1 1 1 84 114 56 1 1 0 0 1 1 0 0 1 1 1 255 180 1 1 0 0 0 0 0 0 1 1 1 0 0 1 1 1 1 1 1 7 79 7 1 1 0 0 0 0 0 0 0 1 123 1 1 0 0 1 1 3 8 8 9 1 0 0 1 1 1 1 0 0 1 1 146 58 1 0 0 0 0 0 0 1 1 0 3 1 0 1 3 3 1 1 1 255 3 1 1 0 0 0 0 0 0 0 0 0 0 5 135 125 3 1 1 1 1 1 1 1 19 1 0 0 0 0 1 3 1 1 0 0 1 1 1 1 1 1 5 1 0 0 0 0 0 0 1 28 1 1 1 49 1 15 90 1 1 1 0 0
0 1 0 0 0 0 0 0 0 0 0 0 0 1 1 1 3 96 1 1 0 0 0 0 0 0 1 0 0 0 0 0 0 0 0 0 0 1 1 1 70 1 1 1 1 3 2 1 1 45 254 242 50 1 1 1 0 0 0 0 0 1 1 1 1 1 3 125 255 246 17 255 170 3 1 1 1 1 1 0 1 0 1 2 2 2 1 1 1 1 5 74 115 19 2 1 3 1 1 3 1 1 17 6 0 0 0 1 5 99 1 4 12 25 92 2 1 1 1 0 0 0 0 0 0 0 0 0 1 1 0 0 0 0 0 0 0 1 4 2 2 1 1 3 45 85 100 156 4 1 1 0 0 0 0 0 0 0 0 0 0 0 0 0 0 0 0 0 0 0 0 1 1 55 15 1 1 86 13 12 13 5 1 0 0 0 0 0 0 0 0 0 0 1 0 0 1 0 1 39 255 1 1 1 0 0 0 0 1 1 1 1 1 1 1 0 0 1 1 0 1 1 222 255 255 255 245 12 1 1 1 1 1 0 0 0 0 0 0 0 0 0 0 0 0 0 0 0 0 0 0 0 0 0 0 0 0 0 0 0 0 0 0 0 0 0 0 1 1 1 1 1 1 1 1 3 98 254 216 5 135 4 1 1 0 1 0 0 0 0 0 0 0 0 0 0 0 0 0 0 0 0 0 0 0 8 2 1 0 0 0 0 0 0 0 0 0 0 0 0 0 0 0 0 0 0 0 0 0 0 0 0 1 255 1 0 0 0 0 0 0 0 0 0 0 2 83 1 1 1 1 10 52 47 71 91 20 1 1 1 1 0 0 0 1 1 1 1 1 1 255 255 1 1 0 0 0 0 0 0 0 0 0 0 0 0 0 0 1 1 0 1 64 6 1 1 0 0 0 0 0 0 0 1 32 72 1 6 8 8 7 2 1 0 1 5 1 0 1 1 1 0 0 1 1 98 110 1 1 1 1 1 1 1 1 1 0 1 3 0 0 1 7 1 1 1 96 255 1 1 1 0 0 0 0 0 0 0 0 0 0 0 0 16 145 103 1 1 1 1 1 1 1 17 1 0 0 1 1 4 1 1 0 1 1 1 1 1 1 6 1 1 0 0 0 0 0 0 1 31 1 1 1 48 1 6 80 4 1 1 1 0
0 0 0 0 0 0 0 0 0 0 0 0 0 1 1 1 49 32 1 1 0 0 0 0 0 0 1 0 0 0 0 0 0 0 0 0 1 1 1 25 21 1 0 1 0 1 6 1 2 254 113 4 1 1 0 1 1 1 1 1 1 1 1 1 1 1 1 1 4 229 255 255 253 11 1 1 1 1 1 1 1 1 0 1 1 1 2 1 1 1 1 1 4 96 112 34 4 1 1 3 1 11 4 1 0 0 0 1 32 62 1 1 1 2 84 56 2 1 1 0 0 0 0 0 0 0 0 0 1 1 0 0 0 0 0 0 0 0 3 1 4 20 27 35 31 56 39 10 154 24 1 1 0 0 0 0 0 0 0 0 0 0 0 0 0 0 0 0 0 0 0 0 1 95 0 0 1 70 1 1 1 0 0 0 0 0 0 0 0 0 0 0 1 1 0 0 1 1 1 193 255 1 1 1 0 0 0 0 1 0 0 0 0 0 1 1 1 1 1 1 1 1 0 1 1 194 255 255 255 255 248 104 2 1 1 1 1 0 0 0 0 0 0 0 0 0 0 0 0 0 0 0 0 0 0 0 0 0 0 0 0 0 0 0 0 0 0 0 1 1 1 1 1 1 1 1 1 23 252 246 147 18 1 1 1 1 0 0 0 0 0 0 0 0 0 0 0 0 0 0 0 0 0 0 0 1 3 11 1 0 0 0 0 0 0 0 0 0 0 0 0 0 0 0 0 0 0 0 0 0 0 0 1 255 1 0 0 0 0 0 0 0 0 0 0 17 51 3 24 29 27 26 16 19 4 1 1 0 0 1 1 1 0 0 0 1 1 0 0 1 35 255 1 1 0 0 0 0 0 0 0 0 0 0 0 0 0 0 0 1 0 1 6 69 1 1 0 0 0 0 0 0 0 0 1 139 10 2 1 1 0 0 0 0 0 1 4 2 1 1 0 0 1 1 34 155 1 0 1 1 1 1 2 2 2 1 1 1 1 0 0 1 7 1 1 1 255 255 1 1 1 0 0 0 0 0 0 0 0 0 0 0 0 0 1 39 149 75 1 1 1 1 1 2 10 1 0 1 6 1 1 1 1 1 1 1 1 1 5 2 0 1 0 0 0 0 0 1 18 5 0 1 2 49 1 5 6 79 1 1 1 1
0 0 0 0 0 0 0 0 0 0 0 0 0 1 1 1 95 3 1 1 0 0 0 0 0 0 1 0 0 0 0 0 0 0 0 0 1 1 24 36 1 0 0 1 0 1 4 2 204 242 2 1 1 0 0 0 0 0 0 0 0 0 0 1 1 1 1 1 1 1 6 212 255 194 8 2 1 1 1 1 1 1 1 0 0 0 1 2 2 1 1 1 1 1 6 82 116 121 98 33 26 22 2 1 1 0 0 1 95 8 1 1 2 1 1 50 101 10 1 1 1 0 0 0 0 0 0 1 1 0 0 0 0 0 0 0 0 1 3 10 11 2 1 31 1 5 96 1 2 138 144 1 1 0 0 0 0 0 0 0 0 0 0 0 0 0 0 0 0 0 0 1 72 6 0 0 1 70 0 1 0 0 0 0 0 0 0 0 0 0 0 0 1 0 0 0 1 1 1 254 255 1 1 1 0 0 0 0 1 1 0 0 0 0 0 0 0 0 0 0 1 1 1 1 1 0 1 1 38 254 255 255 255 255 255 254 43 1 1 0 0 0 0 0 0 0 0 0 0 0 0 0 0 0 0 0 0 0 0 0 0 0 0 0 0 0 0 0 0 0 1 1 1 1 1 1 1 1 6 237 254 127 1 1 1 1 0 0 0 0 0 0 0 0 0 0 0 0 0 0 0 0 0 0 0 0 0 3 2 0 0 0 0 0 0 0 0 0 0 0 0 0 0 0 0 0 0 0 0 0 0 1 16 255 1 0 0 0 0 0 0 0 0 0 1 12 108 18 1 1 1 1 1 1 1 0 0 0 0 1 1 1 0 0 0 1 1 0 0 1 1 255 1 1 0 0 0 0 0 0 0 0 0 0 0 0 0 0 0 1 1 1 1 99 1 1 0 0 0 0 0 0 0 0 1 125 1 1 2 1 1 0 0 0 0 0 1 6 4 1 1 1 1 10 176 1 1 0 1 1 0 1 1 1 1 1 2 7 1 0 1 2 4 1 1 1 255 17 1 1 1 0 0 0 0 0 0 0 0 0 0 0 0 0 0 0 1 69 149 42 1 1 1 1 8 3 1 3 1 1 1 1 1 1 1 1 1 1 6 1 1 1 1 1 0 0 0 1 37 1 0 1 4 33 2 4 1 67 14 1 0 1
0 0 0 0 0 0 0 0 0 0 0 0 1 1 1 7 106 1 1 0 0 0 0 0 0 1 1 0 0 0 0 0 0 0 0 1 1 49 18 1 0 0 0 1 0 1 1 5 254 47 1 1 1 0 0 0 0 0 0 0 0 0 0 0 0 0 1 1 1 1 1 2 248 255 255 100 5 1 1 1 1 1 1 1 0 0 1 1 1 1 2 1 1 1 1 1 1 1 11 85 106 122 135 97 1 1 1 2 101 2 2 2 1 0 0 1 9 106 89 4 1 1 1 0 0 0 0 1 1 0 0 0 0 0 0 0 1 1 7 10 1 1 32 7 1 1 111 2 1 1 24 166 7 1 0 0 0 0 0 0 0 0 0 0 0 0 0 0 0 0 1 1 95 0 0 0 1 70 0 1 0 0 0 0 0 0 0 0 0 0 0 0 1 0 0 0 1 1 1 255 255 1 1 1 0 0 0 0 0 1 0 0 0 0 0 0 0 0 0 0 0 0 0 1 1 1 1 1 1 0 2 65 1 1 130 255 255 255 5 1 1 0 0 0 0 0 0 0 0 0 0 0 0 0 0 0 0 0 0 0 0 0 0 0 0 0 0 0 0 0 0 0 1 1 1 1 1 1 1 3 173 254 100 1 1 1 1 1 0 0 0 0 0 0 0 0 0 0 0 0 0 0 0 0 0 0 0 5 1 0 0 0 0 0 0 0 0 0 0 0 0 0 0 0 0 0 0 0 0 0 0 1 255 239 0 0 0 0 0 0 0 0 0 0 0 5 117 1 1 0 1 1 1 1 0 0 0 0 0 0 1 1 1 1 1 0 1 0 1 1 1 255 182 1 0 1 0 0 0 0 0 0 0 0 0 0 0 0 0 0 1 0 1 101 1 0 0 0 0 0 0 0 0 1 95 18 1 1 1 1 2 1 1 0 0 1 2 1 2 6 1 1 6 180 1 1 1 1 1 1 0 1 1 0 0 0 1 4 3 3 1 7 1 1 1 19 255 1 0 1 1 0 0 0 0 0 0 0 0 0 0 0 0 0 0 0 0 0 1 97 143 17 1 1 1 16 1 4 0 1 1 1 1 1 1 1 1 10 1 0 0 1 1 1 1 1 1 1 37 0 1 1 3 1 33 1 5 1 81 9 1 1
0 0 0 0 0 0 0 0 0 0 0 1 1 1 19 91 39 1 1 0 0 0 1 1 1 1 1 0 0 0 0 0 0 0 1 17 64 6 1 1 0 0 0 1 0 1 1 8 255 3 1 1 0 0 0 0 0 0 0 0 0 0 0 0 0 0 0 0 0 0 1 1 1 63 255 255 255 73 4 1 1 1 1 1 1 0 1 1 0 1 1 1 1 1 1 1 1 1 1 1 1 1 2 159 152 135 15 48 47 2 1 1 1 1 1 1 1 1 22 113 85 5 1 1 1 1 0 1 0 0 0 0 0 0 1 1 4 7 1 5 1 12 18 1 0 1 10 99 2 0 1 2 158 46 1 0 0 0 0 0 0 0 0 0 0 0 0 0 0 1 1 69 7 0 0 0 1 70 0 0 0 0 0 0 0 0 0 0 0 0 0 1 1 0 0 0 1 1 1 255 255 1 1 1 0 0 0 0 0 1 0 0 0 0 0 0 0 0 0 0 0 0 0 0 0 0 1 1 1 1 1 54 7 1 1 1 1 253 255 163 1 1 0 0 0 0 0 1 1 1 1 1 1 1 0 1 1 1 0 0 0 0 0 0 0 0 0 0 0 0 0 0 0 1 1 1 1 1 1 1 31 158 254 30 1 1 1 1 1 1 1 1 1 1 1 1 0 0 0 0 0 0 0 0 0 0 0 7 1 0 0 0 0 0 0 0 0 0 0 0 0 0 0 0 0 0 0 0 0 0 0 1 255 1 0 0 0 0 0 0 0 0 0 0 0 1 128 1 0 0 0 0 1 2 1 0 0 1 1 1 1 1 1 1 1 1 1 1 1 1 1 238 255 1 1 1 0 0 0 0 0 0 0 0 0 0 0 0 0 0 1 0 1 101 1 0 0 1 0 0 0 0 0 1 129 1 1 0 0 0 1 1 1 1 1 1 1 0 1 1 7 4 185 1 1 0 0 1 1 1 1 1 1 1 0 0 1 2 0 1 3 17 1 1 1 255 255 1 0 1 0 0 0 0 0 0 0 0 0 0 0 0 0 0 0 0 0 0 0 0 1 115 121 3 1 3 28 1 1 1 1 1 1 1 1 1 6 2 0 0 1 1 0 1 1 1 1 1 32 0 1 3 1 1 24 4 2 4 1 91 5 1
0 0 0 0 0 0 0 0 0 1 1 1 2 50 68 24 6 1 1 1 1 1 1 1 1 1 0 0 0 0 0 0 0 1 2 64 1 1 1 0 0 0 0 1 0 1 1 17 255 1 1 1 0 0 0 0 0 0 0 0 0 0 0 0 0 0 0 0 0 0 0 1 1 1 3 104 255 255 251 28 2 1 1 1 1 1 1 1 1 1 1 1 1 2 1 1 0 0 1 1 1 1 12 106 3 8 123 135 94 107 74 7 1 1 1 1 1 1 1 1 20 112 77 6 1 1 1 1 0 0 0 1 1 1 4 7 2 1 1 2 3 45 1 0 0 0 1 15 82 1 0 1 1 131 106 1 0 0 0 0 0 0 0 0 0 0 0 0 1 1 1 92 1 1 0 0 1 70 1 0 0 0 0 0 0 0 0 0 0 0 0 1 0 0 0 0 1 1 1 255 255 1 1 1 0 0 0 0 0 1 0 0 0 0 0 0 0 0 0 0 0 0 0 0 0 0 0 0 0 1 40 14 1 1 1 1 1 1 98 255 254 3 1 1 1 1 1 1 1 1 1 1 1 1 1 0 0 1 1 0 0 0 0 0 0 0 0 0 0 0 0 0 0 0 1 1 1 1 1 1 10 52 212 252 6 1 1 1 1 0 0 0 0 0 0 1 1 0 0 0 0 0 0 0 0 0 0 8 1 0 0 0 0 0 0 0 0 0 0 0 0 0 0 0 0 0 0 0 0 0 0 1 255 1 0 0 0 0 0 0 0 0 0 0 0 1 132 1 0 0 0 1 1 2 1 1 1 1 1 1 1 1 1 1 1 1 0 1 0 0 0 1 255 26 1 1 1 0 0 0 0 0 0 0 0 0 0 0 0 0 1 1 1 94 1 1 0 1 0 0 0 0 0 1 131 1 1 0 0 0 0 1 1 2 2 1 0 0 1 1 1 199 18 2 1 1 1 1 1 0 1 1 1 1 1 1 2 1 0 1 1 12 1 1 1 255 122 1 0 1 0 0 0 0 0 0 0 0 0 0 0 0 0 0 0 0 0 0 0 0 0 0 9 134 67 8 2 4 1 1 1 1 1 1 1 2 6 1 0 0 1 1 1 1 1 1 1 21 3 1 1 4 1 1 6 28 1 2 2 1 95 1
0 0 0 0 0 0 0 1 1 1 6 33 90 37 2 35 1 1 0 0 0 1 0 0 0 0 0 0 0 0 0 0 1 1 49 6 1 1 1 0 0 0 0 1 0 1 1 68 254 1 1 0 0 0 0 0 0 0 0 0 0 0 0 0 0 0 0 0 0 0 0 1 1 1 1 1 6 180 255 255 212 9 1 1 1 1 1 1 1 1 1 0 1 1 2 1 1 0 0 0 0 1 116 4 1 1 1 1 1 2 37 115 114 34 3 1 1 1 1 1 1 1 25 107 54 1 1 1 1 1 1 1 3 7 2 1 1 1 1 1 16 28 1 0 0 0 0 3 96 1 0 0 0 1 82 146 1 0 0 0 0 0 0 0 0 0 0 1 1 12 94 3 1 0 0 0 1 71 1 0 0 0 0 0 0 0 0 0 0 0 1 1 0 0 0 1 1 1 1 255 255 1 1 1 0 0 0 0 0 1 0 0 0 0 0 0 0 0 0 0 0 0 0 0 0 0 0 1 2 56 12 1 1 1 1 1 1 1 1 1 255 255 254 119 8 2 1 1 1 1 1 1 1 1 1 1 0 0 1 0 0 0 0 0 0 0 0 0 0 0 0 0 0 0 0 0 1 1 1 1 5 54 3 246 241 3 1 1 1 0 0 0 0 0 0 0 1 1 0 0 0 0 0 0 0 0 0 8 1 0 0 0 0 0 0 0 0 0 0 0 0 0 0 0 0 0 0 0 0 0 0 188 255 1 0 0 0 0 0 0 0 0 0 0 0 1 132 1 0 0 0 0 0 2 1 1 1 1 1 0 1 1 1 1 0 0 0 1 1 0 0 1 253 255 1 1 1 1 1 1 1 1 1 1 1 1 1 1 1 1 1 1 1 40 30 1 0 1 0 0 0 0 0 1 133 1 0 0 0 0 1 1 0 1 1 0 0 1 1 1 183 10 1 3 7 7 3 1 1 1 0 0 1 1 1 0 3 0 0 1 15 1 1 1 3 255 1 1 1 1 0 0 0 0 0 0 0 0 0 0 0 0 0 0 0 0 0 0 0 0 0 0 0 1 79 88 1 4 2 1 0 1 1 1 1 12 1 0 0 0 1 1 0 1 1 1 1 37 1 1 1 6 2 1 1 14 12 1 5 1 64 13
0 0 0 0 0 1 1 1 5 74 85 50 4 1 2 33 1 1 1 0 0 1 0 0 0 0 0 0 0 0 0 0 1 3 55 1 1 1 0 0 0 0 0 1 0 1 1 199 244 1 1 0 0 0 0 0 0 0 0 0 0 0 0 0 0 0 0 0 0 0 0 1 0 0 1 1 1 2 16 246 255 255 78 2 1 1 0 1 1 1 1 0 0 0 1 1 2 1 1 0 0 1 127 1 1 0 0 1 1 1 1 1 6 83 124 119 30 1 1 1 1 1 1 1 53 77 3 1 1 1 3 7 3 1 1 1 1 0 1 1 74 2 1 1 1 0 0 1 102 1 1 0 0 0 1 23 166 4 1 0 0 0 0 0 0 0 1 2 75 52 2 0 0 0 0 0 1 71 1 0 0 0 0 0 0 0 0 0 0 0 1 0 0 0 0 1 1 1 1 255 255 1 1 1 0 0 0 0 0 1 0 0 0 0 0 0 0 0 0 0 0 0 0 0 0 1 15 67 59 3 1 1 1 1 0 0 0 1 1 1 1 16 255 255 255 255 255 255 223 36 1 1 1 1 1 1 0 0 1 0 0 0 0 0 0 0 0 0 0 0 0 0 0 0 0 0 0 0 1 1 3 60 1 5 252 221 2 1 1 1 0 0 0 0 0 0 0 1 0 0 0 0 0 0 0 0 0 8 0 0 0 0 0 0 0 0 0 0 0 0 0 0 0 0 0 0 0 0 0 0 1 255 75 1 0 0 0 0 0 0 0 0 0 0 0 1 132 1 0 0 0 1 1 1 1 1 1 1 1 1 1 1 1 1 1 0 0 0 1 0 0 1 1 255 14 1 1 1 1 0 1 1 1 1 1 1 1 1 1 1 1 1 1 4 88 1 0 0 0 0 0 0 0 1 129 1 0 0 0 0 0 0 0 0 0 0 0 1 1 179 19 1 0 0 1 1 2 6 7 4 1 1 1 1 1 1 2 0 0 1 18 1 1 1 255 255 1 1 1 1 0 0 0 0 0 0 0 0 0 0 0 0 0 0 0 0 0 0 0 0 0 0 0 0 1 29 110 2 6 1 1 1 1 1 8 2 1 1 0 0 0 1 1 1 1 1 3 23 1 1 1 3 1 1 1 1 17 7 1 5 57 27
0 0 0 1 1 1 2 21 79 16 1 1 1 1 17 7 0 0 1 0 1 1 0 0 0 0 0 0 0 0 0 1 1 52 4 1 1 0 0 0 0 0 0 1 0 1 1 254 117 1 1 0 0 0 0 0 0 0 0 0 0 0 0 0 0 0 0 0 0 0 0 0 1 0 0 1 1 1 1 3 54 255 255 226 7 1 1 1 1 0 1 1 0 0 0 1 1 2 2 1 1 20 94 1 0 0 0 0 0 0 1 1 1 1 2 5 78 105 93 3 1 1 1 1 1 29 107 7 3 7 4 1 1 1 0 0 0 0 0 2 97 13 13 15 6 1 0 1 71 15 2 1 1 1 1 1 2 166 15 1 1 0 0 1 1 1 66 83 3 1 1 0 0 0 0 1 1 71 0 0 0 0 0 0 0 0 0 0 0 0 1 0 0 0 0 1 0 1 1 255 205 1 1 1 0 0 0 0 0 1 0 0 0 0 0 0 0 0 0 0 0 0 0 0 1 43 32 1 0 1 1 0 1 1 0 0 1 1 1 1 1 1 1 1 1 2 110 253 255 255 255 249 1 1 1 1 0 0 1 0 0 0 0 0 0 0 0 0 0 0 0 0 0 0 0 0 0 0 0 1 2 64 1 1 10 252 192 1 1 1 1 0 0 0 0 0 0 1 1 0 0 0 0 0 0 0 0 8 1 0 0 0 0 0 0 0 0 0 0 0 0 0 0 0 0 0 0 0 0 0 1 255 1 1 0 0 0 0 0 0 0 0 0 0 0 1 117 5 1 1 1 1 0 1 2 1 1 1 1 1 1 1 1 2 1 0 0 0 1 1 1 1 1 255 255 250 253 253 255 255 255 255 255 255 255 255 255 255 255 255 255 255 255 253 40 1 1 1 0 0 0 0 0 1 58 53 1 0 0 0 0 0 0 0 0 0 1 1 173 30 1 0 0 0 1 1 0 0 1 1 6 7 9 4 6 5 1 1 1 1 14 1 1 1 255 237 1 1 1 1 0 0 0 0 0 0 0 0 0 0 0 0 0 0 0 0 0 0 0 0 0 0 0 0 0 0 8 121 8 7 1 1 1 11 2 1 1 1 0 0 1 1 1 1 1 1 39 1 1 1 3 1 1 1 1 1 1 37 1 5 48 63
0 1 1 1 5 69 84 49 9 1 1 1 1 2 34 1 0 0 1 0 1 0 0 0 0 0 0 0 0 0 1 1 13 32 1 1 0 0 0 0 0 0 0 1 1 1 4 255 4 1 1 0 0 0 0 0 0 0 0 0 0 0 0 0 0 0 0 0 0 0 0 0 1 1 0 1 1 1 1 1 2 7 216 255 255 34 1 1 1 0 1 1 0 0 0 0 0 1 1 2 1 100 15 1 0 0 0 0 0 0 0 0 0 0 1 1 1 4 18 95 1 2 2 2 2 3 12 114 59 2 1 1 1 1 1 1 1 1 1 5 88 1 1 1 14 1 1 1 67 137 41 40 49 51 45 5 1 1 163 159 4 1 1 19 84 85 5 0 0 2 1 0 0 0 0 1 1 71 0 0 0 0 0 0 0 0 0 0 0 1 1 0 0 0 1 1 0 1 1 255 42 1 1 1 0 0 0 0 0 1 0 0 0 0 0 0 0 0 0 0 0 0 0 0 1 67 1 1 1 1 0 0 0 1 1 0 0 0 1 1 1 1 1 1 1 1 1 1 1 1 22 255 253 1 1 1 0 0 1 0 0 0 0 0 0 0 0 0 0 0 0 0 0 0 0 0 0 0 0 0 1 69 1 1 1 21 254 143 1 1 1 1 0 0 0 0 0 0 1 0 0 0 0 0 0 0 0 8 1 0 0 0 0 0 0 0 0 0 0 0 0 0 0 0 0 0 0 0 0 1 2 255 1 1 0 0 0 0 0 0 0 0 0 0 0 1 14 104 1 1 1 1 1 1 2 1 1 1 1 1 0 0 0 1 2 0 0 0 0 1 0 1 1 1 255 235 217 191 168 148 135 142 113 48 34 5 2 1 1 107 1 1 1 237 250 5 6 8 1 0 0 1 1 0 1 129 1 1 1 0 0 0 0 0 0 1 1 158 47 1 0 0 0 0 1 1 0 0 1 0 0 1 1 3 4 9 9 2 1 14 1 1 1 1 255 1 0 1 1 1 1 0 0 0 0 0 0 0 0 0 0 0 0 0 0 0 0 0 0 0 0 0 0 0 0 0 0 1 115 36 7 9 16 1 1 1 0 1 1 1 1 1 1 1 0 22 4 1 1 1 3 1 0 1 1 1 1 39 1 2 25 1
1 1 14 82 77 8 2 4 2 1 1 1 1 14 10 1 0 1 1 1 1 0 0 0 0 0 0 0 1 1 1 7 56 1 1 0 0 0 0 0 0 0 0 0 1 1 138 252 1 1 1 0 0 0 0 0 0 0 0 0 0 0 0 0 0 0 0 0 0 0 0 0 0 1 1 1 0 1 1 0 1 1 3 66 255 255 95 1 1 1 1 1 1 1 0 0 1 2 1 1 3 113 9 1 0 0 0 0 0 0 0 0 0 0 0 0 0 1 1 35 75 2 1 1 1 1 1 1 43 87 6 2 1 1 1 1 1 1 1 60 21 0 1 1 7 6 8 13 35 91 59 2 1 1 2 31 51 52 52 104 209 209 211 94 1 1 1 0 1 2 0 0 0 0 0 1 1 71 0 0 0 0 0 0 0 0 0 0 0 1 0 0 0 0 1 1 0 1 1 255 4 1 1 0 0 0 0 0 0 1 0 0 0 0 0 0 0 0 0 0 0 0 0 1 43 8 1 1 0 0 0 0 0 0 1 1 1 1 1 0 1 1 1 1 1 1 1 1 1 1 1 5 255 38 1 1 1 1 1 0 0 0 0 0 0 0 0 0 0 0 0 0 0 0 0 0 0 0 0 0 1 71 1 1 1 1 44 254 114 1 1 1 1 0 0 0 0 0 1 1 0 0 0 0 0 0 0 8 1 0 0 0 0 0 0 0 0 0 0 0 0 0 0 0 0 0 0 0 0 1 253 253 1 0 0 0 0 0 0 0 0 0 0 0 0 1 1 122 3 1 1 1 1 0 2 1 0 0 0 0 0 0 0 1 2 0 1 0 0 1 1 0 0 1 255 41 1 1 1 1 1 1 1 0 5 1 1 1 1 101 2 1 1 1 255 36 1 1 8 0 0 1 1 0 1 133 6 6 6 3 1 0 0 0 1 1 104 130 4 4 1 1 0 1 1 0 0 0 0 0 0 1 1 0 0 1 3 10 18 49 6 1 1 252 255 1 1 1 0 0 1 0 0 0 0 0 0 0 0 0 0 0 0 0 0 0 0 0 0 0 0 0 0 0 0 0 0 0 1 91 80 10 2 2 1 1 1 1 1 1 1 1 1 1 1 46 1 1 1 3 1 0 1 1 1 1 1 39 1 2 24 1
11 82 60 3 1 1 2 3 1 0 1 1 3 29 1 0 1 1 1 1 0 0 1 1 1 1 1 1 8 45 51 37 4 1 0 0 0 0 0 0 0 0 0 0 1 1 228 230 1 1 1 0 0 0 0 0 0 0 0 0 0 0 0 0 0 0 0 0 0 0 0 0 0 0 0 0 0 0 1 1 1 1 1 2 12 253 255 65 1 1 1 1 1 1 1 1 2 1 0 0 1 6 116 1 0 0 0 0 0 0 0 0 0 0 0 0 0 0 1 1 71 69 2 1 1 1 1 0 1 6 92 105 84 5 1 1 1 3 20 75 1 0 0 1 12 33 3 1 2 101 5 72 86 87 14 1 1 1 1 1 1 1 8 159 187 182 32 1 2 1 0 0 0 0 1 1 1 71 0 0 0 0 0 0 0 0 0 0 1 1 0 0 0 1 1 1 0 1 1 255 2 1 1 0 0 0 0 0 0 1 0 0 0 0 0 0 0 0 0 0 0 0 0 1 71 1 0 0 0 0 0 0 0 0 0 0 1 1 0 0 0 0 0 1 1 1 1 1 1 1 1 1 255 253 1 1 1 0 1 0 0 0 0 0 0 0 0 0 0 0 0 0 0 0 0 0 0 0 0 0 1 71 1 1 1 1 1 66 254 115 2 1 1 1 1 0 0 0 0 1 0 0 0 0 0 0 0 5 1 0 0 0 0 0 0 0 0 0 0 0 0 0 0 0 0 0 0 0 1 1 255 1 1 0 0 0 0 0 0 0 0 0 0 0 0 1 1 16 101 1 0 0 0 0 2 1 0 0 0 0 0 0 0 1 2 0 1 1 1 1 1 0 0 1 253 255 1 1 1 1 0 0 1 1 5 1 0 0 1 22 61 1 1 1 192 253 1 0 8 0 0 1 1 0 1 125 1 0 1 2 6 1 0 0 1 2 198 1 1 1 3 4 4 2 1 0 0 0 0 0 0 1 1 0 0 0 1 1 1 18 24 48 30 255 255 1 1 1 0 0 0 0 0 0 0 0 0 0 0 0 0 0 0 0 0 0 0 0 0 0 0 0 0 0 0 0 0 0 1 1 41 88 1 1 1 1 1 1 1 1 1 1 1 1 1 50 1 1 3 1 1 1 1 1 1 1 1 36 4 1 11 10
64 3 1 1 1 1 4 1 0 0 1 3 30 2 1 1 1 1 1 1 1 1 1 1 1 2 21 50 33 3 1 3 1 0 0 0 0 0 0 0 0 0 0 0 1 1 223 235 1 1 0 0 0 0 0 0 0 0 0 0 0 0 0 0 0 0 0 0 0 0 0 0 0 0 0 0 0 0 0 1 1 1 1 1 1 7 253 255 59 2 1 1 1 1 1 1 1 0 1 0 0 1 121 1 0 0 0 0 0 0 0 0 0 0 0 0 0 0 0 1 1 44 100 4 1 1 1 1 0 0 1 1 7 93 97 90 103 97 64 1 1 0 1 3 48 3 4 2 2 21 69 1 1 3 87 1 0 0 0 0 0 1 1 1 1 5 163 189 147 1 1 0 0 0 1 1 20 26 0 0 0 0 0 0 0 0 0 0 1 0 0 0 0 1 1 1 0 1 1 255 1 1 1 1 0 0 0 0 0 1 0 0 0 0 0 0 0 0 0 0 0 0 1 1 69 1 1 0 0 0 0 0 0 0 0 0 0 0 1 1 1 0 0 0 0 1 1 1 1 1 1 1 210 255 1 1 1 1 1 0 0 0 0 0 0 0 0 0 0 0 0 0 0 0 0 0 0 0 0 0 1 67 1 1 1 1 1 1 85 254 136 3 1 1 1 1 0 0 0 0 1 0 0 0 0 0 0 1 7 0 0 0 0 0 0 0 0 0 0 0 0 0 0 0 0 0 0 1 1 1 255 1 1 0 0 0 0 0 0 0 0 0 0 0 0 0 1 1 124 2 1 0 0 0 1 1 0 0 0 0 0 0 0 1 2 1 1 1 0 1 1 1 0 1 19 255 1 1 1 0 0 0 0 0 5 0 0 0 1 1 110 1 1 1 47 255 1 1 8 0 0 1 1 1 1 125 1 0 0 0 1 5 3 1 1 186 8 0 0 0 1 1 1 3 5 5 3 1 1 0 1 1 0 0 0 0 1 1 3 1 1 1 15 255 243 1 1 0 0 0 0 0 0 0 0 0 0 0 0 0 0 0 0 0 0 0 0 0 0 0 0 0 0 0 0 0 0 0 0 0 0 16 105 6 2 1 1 1 1 1 1 1 1 1 1 52 2 2 1 1 1 1 1 1 1 1 1 13 10 18 29 65
1 1 1 1 1 4 1 0 0 0 1 32 2 1 1 1 1 1 1 1 1 1 4 19 45 46 14 1 1 1 1 2 1 0 0 0 0 0 0 0 0 0 0 0 1 1 224 235 1 1 0 0 0 0 0 0 0 0 0 0 0 0 0 0 0 0 0 0 0 0 0 0 0 0 0 0 0 0 0 0 1 1 0 0 1 1 5 253 255 255 103 6 1 1 1 2 1 1 1 0 0 76 27 0 0 0 0 0 0 0 0 0 0 0 0 0 0 0 0 0 1 1 11 104 7 1 1 1 1 1 1 1 1 1 3 7 1 1 1 0 0 1 2 51 4 1 1 4 2 1 109 2 1 1 50 24 0 0 0 0 0 0 0 0 0 1 1 1 72 192 90 1 0 0 1 1 71 1 0 0 0 0 0 0 0 0 0 1 1 0 0 0 1 1 1 1 1 1 1 255 1 1 1 1 0 0 0 0 0 1 0 0 0 0 0 0 0 0 0 0 0 0 1 46 7 1 1 0 0 0 0 0 0 0 0 0 0 0 0 0 1 1 0 0 0 0 1 1 1 1 1 1 61 255 2 1 1 1 1 0 0 0 0 0 0 0 0 0 0 0 0 0 0 0 0 0 0 0 0 0 1 54 3 1 1 1 1 1 1 73 254 234 20 1 1 1 1 1 0 0 1 1 0 0 0 0 0 0 8 1 0 0 0 0 0 0 0 0 0 0 0 0 0 0 0 0 1 1 0 200 255 1 1 0 0 0 0 0 0 0 0 0 0 0 0 0 1 1 66 49 1 1 0 0 1 1 0 0 0 0 0 0 0 1 2 1 1 0 0 1 1 1 1 1 2 255 2 2 1 1 2 2 2 2 8 0 1 1 1 1 109 1 1 1 253 169 1 1 9 1 0 1 1 1 1 126 1 0 0 0 0 0 2 7 99 133 1 0 0 0 0 0 0 1 1 6 14 23 23 8 1 1 0 0 0 0 1 1 6 1 1 1 211 255 1 1 1 0 0 0 0 0 0 0 0 0 0 0 0 0 0 0 0 0 0 0 0 0 0 0 0 0 0 0 0 0 0 0 0 0 0 0 2 99 69 4 1 1 1 1 1 1 1 1 1 61 48 93 98 106 97 44 5 2 2 6 67 102 74 66 52 69
1 1 1 1 4 1 0 0 0 1 9 15 1 1 1 1 1 1 1 2 35 53 41 17 3 1 1 1 1 1 3 1 0 0 0 0 0 0 0 0 0 0 0 1 1 5 254 58 1 1 0 0 0 0 0 0 0 0 0 0 0 0 0 0 0 0 0 0 0 0 0 0 0 0 0 0 0 0 0 0 0 1 1 1 1 1 1 2 49 255 255 255 255 37 2 3 2 1 1 1 1 123 1 0 0 0 0 0 0 0 0 0 0 0 0 0 0 0 0 0 0 1 1 10 114 92 10 1 1 1 0 0 1 1 1 2 1 1 1 1 1 1 40 4 2 0 1 3 4 1 50 42 1 1 43 31 0 0 0 0 0 0 0 0 0 0 0 0 1 1 135 191 44 1 1 2 65 1 0 0 0 0 0 0 0 0 0 1 0 0 0 0 1 0 1 1 1 1 1 255 1 1 1 1 0 0 0 0 0 1 0 0 0 0 0 0 0 0 0 0 0 0 2 64 1 0 0 0 0 0 0 0 0 0 0 0 0 0 0 0 0 1 1 0 0 0 0 0 1 1 1 1 11 255 3 1 0 1 1 0 0 0 0 0 0 0 0 0 0 0 0 0 0 0 0 0 0 0 0 0 1 16 30 1 1 1 1 1 1 1 9 250 255 246 20 1 1 1 1 0 0 1 0 0 0 0 0 0 7 1 0 0 0 0 0 0 0 0 0 0 0 0 0 0 0 0 1 0 1 255 41 0 0 0 0 0 0 0 0 0 0 0 0 0 0 0 1 1 6 97 8 1 1 0 1 2 0 0 0 0 0 0 0 0 2 1 1 0 1 1 1 1 1 1 1 255 1 0 0 0 0 1 1 1 8 1 0 0 0 1 107 1 1 1 255 1 1 1 9 0 0 1 1 0 1 126 1 0 0 0 0 0 1 2 208 14 14 13 10 3 1 1 1 1 1 10 1 1 1 5 22 22 9 1 1 1 1 1 6 1 1 1 255 255 1 1 1 0 0 0 0 0 0 0 0 0 0 0 0 0 0 0 0 0 0 0 0 0 0 0 0 0 0 0 0 0 0 0 0 0 0 0 0 1 27 113 80 6 1 2 3 3 3 3 3 126 79 1 1 1 3 40 94 102 102 91 17 1 1 1 2 2
1 1 1 5 1 0 0 0 0 1 30 3 1 1 1 1 1 6 48 48 8 1 1 1 1 1 0 0 0 1 2 1 0 0 0 0 0 0 0 0 0 0 0 1 1 228 232 1 0 1 0 0 0 0 0 0 0 0 0 0 0 0 0 0 0 0 0 0 0 0 0 0 0 0 0 0 0 0 0 0 0 0 1 1 1 0 1 1 1 1 2 12 255 255 255 255 255 255 255 1 1 120 1 1 0 0 0 0 0 0 0 0 0 0 0 0 0 0 0 0 0 0 0 1 2 26 110 77 2 1 1 1 1 1 2 1 1 1 1 1 1 25 6 3 1 1 0 1 8 1 1 98 6 1 45 29 1 1 1 0 0 0 0 0 0 0 0 0 0 0 1 2 161 193 158 71 3 1 0 0 0 0 0 0 0 0 0 1 0 0 0 1 1 1 1 1 1 1 1 255 1 1 1 1 0 0 0 0 0 1 0 0 0 0 0 0 0 0 0 0 0 1 60 3 1 0 0 0 0 0 0 0 0 0 0 0 0 0 0 0 0 0 1 1 1 0 0 1 1 0 0 1 3 255 5 1 0 0 1 1 0 0 0 0 0 0 0 0 0 0 0 0 0 0 0 0 0 0 0 0 1 2 61 1 1 1 1 1 0 1 1 1 14 242 255 180 2 1 1 1 1 1 1 0 0 0 0 0 1 6 0 0 0 0 0 0 0 0 0 0 0 0 0 0 0 1 1 0 1 255 1 0 0 0 0 0 0 0 0 0 0 0 0 0 0 0 1 1 2 86 5 11 1 1 1 2 0 0 0 0 1 1 0 0 1 1 1 0 0 0 0 0 1 0 1 255 1 0 0 0 0 0 1 1 8 1 0 0 0 1 102 2 0 1 255 1 0 0 8 1 1 1 1 0 1 123 1 0 0 0 0 1 2 198 10 0 1 1 1 5 12 13 14 14 12 23 1 1 0 0 1 1 3 21 95 68 1 3 2 1 1 1 255 245 1 1 0 0 0 0 0 0 0 0 0 0 0 0 0 0 0 0 0 0 0 0 0 0 0 0 0 0 0 0 0 0 0 0 0 0 0 0 0 1 0 1 59 101 113 55 3 1 1 1 1 119 123 41 3 1 1 1 1 1 1 1 1 1 1 1 1 1
1 3 4 1 0 0 0 0 0 1 36 2 1 1 1 20 49 38 3 1 1 1 1 1 0 0 0 0 1 3 1 0 0 0 0 0 0 0 0 0 0 0 0 1 6 255 1 1 0 1 0 0 0 0 0 0 0 0 0 0 0 0 0 0 0 0 0 0 0 0 0 0 0 0 0 0 0 0 0 0 0 0 0 1 1 0 0 0 0 0 1 1 1 1 13 4 4 89 255 255 182 27 1 1 1 1 0 0 0 0 0 0 0 0 0 0 0 0 0 0 0 0 0 1 1 1 1 51 121 27 3 1 1 2 1 1 1 1 1 1 5 25 1 3 1 0 1 2 4 1 1 11 91 1 40 27 2 1 1 0 0 0 0 0 0 0 0 0 0 0 0 1 1 1 49 208 164 131 129 68 2 1 1 1 1 0 0 1 0 0 0 1 0 1 0 1 1 1 1 255 1 1 1 1 0 0 0 0 0 1 0 0 0 0 0 0 0 0 0 0 1 23 26 1 0 0 0 0 0 0 0 0 0 0 0 0 0 0 0 0 0 0 0 1 1 0 0 0 1 1 1 1 1 255 23 1 0 0 1 1 0 0 0 0 0 0 0 0 0 0 0 0 0 0 0 0 0 0 0 0 0 1 69 1 1 1 1 1 1 0 0 1 1 1 25 254 252 24 1 1 1 1 1 0 0 0 0 0 0 8 1 0 0 0 0 0 0 0 0 0 0 0 0 0 0 1 0 0 140 255 1 0 0 0 0 0 0 0 0 0 0 0 0 0 0 0 0 1 2 89 1 3 15 1 1 2 1 0 1 1 1 1 1 0 1 2 1 1 0 0 0 0 1 1 1 255 1 0 0 0 0 0 1 1 8 1 0 0 0 1 78 12 0 1 255 1 0 0 8 1 1 1 2 0 1 73 34 0 0 1 1 73 200 8 0 0 0 0 0 0 0 0 0 1 36 56 60 62 62 62 52 17 1 11 27 12 97 104 55 1 1 1 255 2 1 1 0 0 0 0 0 0 0 0 0 0 0 0 0 0 0 0 0 0 0 0 0 0 0 0 0 0 0 0 0 0 0 0 0 0 0 0 0 1 1 1 10 1 1 28 91 104 103 47 3 93 40 83 45 44 4 1 1 1 1 1 1 1 1 1 1 1
4 2 1 0 0 0 0 0 1 1 38 1 1 1 37 17 2 1 1 1 0 0 0 0 0 0 0 0 2 2 1 0 0 0 0 0 0 0 0 0 0 0 0 1 239 217 1 0 0 1 0 0 0 0 0 0 0 0 0 0 0 0 0 0 0 0 0 0 0 0 0 0 0 0 0 0 0 0 0 0 0 0 1 1 1 1 1 1 0 0 0 0 1 3 1 1 16 5 1 191 255 255 255 213 5 1 1 1 0 0 0 0 0 0 0 0 0 0 0 0 0 0 0 0 0 0 1 1 4 79 116 121 105 67 6 2 1 1 1 1 37 1 1 3 1 1 1 8 1 1 1 2 112 1 7 29 25 1 1 0 0 0 0 0 0 0 0 0 0 0 0 1 1 1 1 2 154 1 1 41 125 129 112 15 1 1 1 1 0 0 0 1 0 1 0 1 1 1 2 255 1 1 1 1 0 0 0 0 0 1 0 0 0 0 0 0 0 0 0 1 3 58 1 1 0 0 0 0 0 0 0 0 0 0 0 0 0 0 0 0 0 0 0 0 0 0 0 0 0 1 1 1 1 255 156 1 1 0 1 1 1 0 0 0 0 0 0 0 0 0 0 0 0 0 0 0 0 0 0 0 0 1 54 4 1 1 0 1 1 0 0 0 1 1 1 2 227 255 213 3 1 1 1 1 0 0 0 0 0 7 1 0 0 0 0 0 0 0 0 0 0 0 0 0 0 1 0 1 255 74 0 0 0 0 0 0 0 0 0 0 0 0 0 0 0 0 0 1 2 89 1 0 1 14 5 2 1 2 4 6 2 2 1 1 1 2 1 1 1 1 1 1 1 1 1 255 46 1 1 1 1 1 1 1 9 1 1 1 1 1 46 46 0 1 255 1 0 0 8 1 0 1 2 0 1 9 105 1 1 1 183 152 1 0 0 0 0 0 0 0 0 0 0 1 64 1 1 1 1 1 1 19 52 46 1 1 1 1 9 80 85 208 255 1 1 0 0 0 0 0 0 0 0 0 0 0 0 0 0 0 0 0 0 0 0 0 0 0 0 0 0 0 0 0 0 0 0 0 0 0 0 0 0 0 1 0 5 2 0 0 0 1 1 29 89 35 1 2 76 15 30 44 27 5 1 1 2 4 4 12 28 34
2 0 0 0 0 0 0 0 1 4 28 1 1 24 16 1 1 1 1 0 0 0 0 0 0 0 0 1 3 1 0 0 0 0 0 0 0 0 0 1 1 1 1 1 254 108 1 0 0 1 1 0 0 0 0 0 0 0 0 0 0 0 0 0 0 0 0 0 0 0 0 0 0 0 0 0 0 0 0 0 1 1 1 1 0 0 0 1 1 1 1 2 3 1 1 1 30 0 1 1 1 137 255 255 255 248 1 1 1 0 0 0 0 0 0 0 0 0 0 0 0 0 0 0 0 0 0 1 1 1 1 2 14 57 119 129 132 132 123 97 49 2 1 2 1 1 1 3 1 1 1 2 114 1 1 45 28 1 1 0 0 0 0 0 0 0 0 0 0 0 0 1 1 0 1 15 152 1 0 1 1 1 6 98 127 51 1 1 0 0 0 0 1 1 0 1 1 1 6 255 1 1 1 1 0 0 0 0 0 1 0 0 0 0 0 0 0 0 0 1 66 2 1 0 0 0 0 0 0 0 0 0 0 0 0 0 0 0 0 0 0 0 0 0 0 0 0 0 0 0 0 0 1 245 255 2 1 0 1 0 1 1 1 0 0 0 0 0 0 0 0 0 0 0 0 0 0 0 0 0 0 1 11 36 1 1 1 1 1 1 0 0 0 1 1 1 1 18 252 254 26 1 1 1 1 0 0 0 0 5 1 0 0 0 0 0 0 0 0 0 0 0 0 0 1 1 0 28 255 1 0 0 0 0 0 0 0 0 0 0 0 0 0 0 0 0 0 1 4 78 1 0 0 1 7 24 21 17 13 12 17 1 2 1 1 1 1 1 1 1 1 1 0 1 1 253 255 0 0 0 0 0 0 0 7 1 0 0 0 0 12 85 0 1 255 1 0 0 8 1 0 1 2 1 1 2 117 1 12 194 18 1 0 0 0 0 0 0 0 0 0 0 0 1 64 1 1 1 0 0 0 0 0 1 1 0 0 1 1 1 1 255 255 1 1 1 1 1 0 0 0 0 0 0 0 0 0 0 0 0 0 0 0 0 0 0 0 0 0 0 0 0 0 0 0 0 0 0 0 0 0 0 0 0 1 0 1 10 0 1 1 1 1 1 0 0 0 1 1 62 40 1 3 19 33 53 40 33 32 18 6 3
0 0 0 0 0 0 0 1 1 31 3 1 2 53 1 1 1 1 0 0 0 0 0 0 0 0 1 2 2 1 0 0 0 0 0 0 1 1 1 1 0 1 1 1 130 254 1 0 0 0 1 0 0 0 0 0 0 0 0 0 0 0 0 0 0 0 0 0 0 0 0 0 0 0 0 0 0 0 0 0 1 1 0 0 0 0 0 0 0 0 2 2 1 1 1 31 1 0 0 0 1 1 1 5 76 255 255 38 1 1 1 0 0 0 0 0 0 0 0 0 0 0 0 0 0 0 0 0 0 1 1 1 1 1 1 2 2 2 5 26 103 110 6 2 0 1 1 1 1 0 1 8 99 1 1 39 36 1 1 0 0 0 0 0 0 0 0 0 0 0 0 0 1 1 1 135 22 14 1 0 0 0 0 1 1 56 120 7 1 0 0 0 1 1 0 1 1 1 55 255 1 1 1 1 0 0 0 0 0 1 0 0 0 0 0 0 0 0 1 28 20 1 0 0 0 0 0 0 0 0 0 0 0 0 0 0 0 0 0 0 0 0 0 0 0 0 0 0 0 0 0 0 1 2 255 179 1 1 1 0 0 0 1 1 0 0 0 0 0 0 0 0 0 0 0 0 0 0 0 0 1 1 5 48 1 1 1 0 1 1 1 0 0 0 1 1 1 1 2 176 254 62 1 1 1 0 0 0 0 4 2 1 0 0 0 0 0 0 0 0 0 0 0 0 1 0 1 255 127 0 0 0 0 0 0 0 0 0 0 0 0 0 0 0 0 0 1 1 41 25 1 0 0 1 2 2 1 1 1 1 4 7 1 2 2 1 1 1 1 1 1 0 0 1 1 5 255 1 0 0 0 0 0 0 7 1 0 0 0 0 3 106 0 1 255 1 0 1 8 1 0 1 2 1 1 1 132 19 172 1 1 1 0 0 0 0 0 0 0 0 0 0 1 1 64 1 1 0 0 0 0 0 0 1 1 1 0 1 1 1 1 255 252 24 2 1 1 1 1 1 0 0 0 0 0 0 0 0 0 0 0 0 0 0 0 0 0 0 0 0 0 0 0 0 0 0 0 0 0 0 0 0 0 0 1 0 1 11 1 0 1 0 0 1 0 0 0 0 0 1 20 73 1 2 16 1 1 1 1 1 1 1
0 0 0 0 0 0 0 1 1 36 1 1 31 10 1 1 1 0 0 0 0 1 1 1 1 1 1 3 1 0 0 0 0 0 0 1 1 0 0 0 1 1 0 0 1 255 2 1 0 0 0 0 0 0 0 0 0 0 0 0 0 0 0 0 0 0 0 0 0 0 0 0 0 0 0 0 0 0 0 0 1 1 1 0 1 1 0 0 0 0 2 1 0 1 6 15 0 0 0 0 0 1 1 58 2 1 250 255 255 35 1 1 1 0 0 0 0 0 0 0 0 0 0 0 0 0 0 0 0 1 0 0 0 0 0 0 0 0 1 1 1 13 132 8 1 1 1 1 1 1 2 92 11 1 1 7 50 12 1 1 0 0 0 0 0 0 0 0 0 0 0 0 0 1 2 135 1 49 1 0 0 0 0 0 0 1 3 108 118 5 1 0 1 1 0 1 1 1 214 255 1 1 1 1 0 0 0 0 0 1 0 0 0 0 0 0 0 1 19 42 1 0 0 0 0 0 0 0 0 0 0 0 0 0 0 0 0 0 0 0 0 0 0 0 0 0 0 0 0 0 0 0 0 1 187 255 2 1 1 0 0 0 0 1 1 1 0 0 0 0 0 0 0 0 0 0 0 0 1 1 1 1 1 72 41 1 1 1 1 1 1 1 0 0 0 1 1 1 2 2 104 254 92 1 1 1 1 0 0 7 1 1 0 0 0 0 0 0 0 0 0 0 0 0 1 1 189 255 1 0 0 0 0 0 0 0 0 0 0 0 0 0 0 0 0 1 1 1 89 1 1 0 1 2 2 1 1 1 1 1 2 13 1 1 2 2 1 1 1 1 1 0 1 1 1 1 255 1 1 1 1 1 1 1 7 1 1 1 1 1 1 114 0 1 255 1 0 1 8 1 0 1 2 1 1 1 173 183 1 1 0 1 1 0 0 0 0 0 0 0 0 0 1 1 63 1 1 0 0 0 0 0 0 1 7 1 1 1 1 1 1 255 58 56 99 106 103 72 8 1 1 1 0 0 0 0 0 0 0 0 0 0 0 0 0 0 0 0 0 0 0 0 0 0 0 0 0 0 0 0 0 0 0 0 1 0 0 11 1 0 1 0 0 1 1 0 0 0 0 0 1 2 75 14 10 1 1 1 1 1 1 1
0 0 0 0 0 0 0 1 8 18 1 1 53 2 1 1 0 0 0 0 0 1 1 1 1 1 3 1 0 0 0 0 0 0 0 1 1 0 0 1 1 0 0 0 0 190 246 1 0 0 0 0 0 0 0 0 0 0 0 0 0 0 0 0 0 0 0 0 0 0 0 0 0 0 0 0 0 0 0 0 1 1 1 0 0 1 1 0 0 1 2 0 1 1 34 1 0 0 0 0 0 0 2 54 1 1 1 2 253 255 255 113 1 1 1 0 0 0 0 0 0 0 0 0 0 0 0 0 0 1 0 0 0 0 0 0 0 0 0 0 1 1 14 117 2 1 1 4 1 1 60 48 1 1 1 1 16 46 16 2 1 1 0 0 0 0 0 0 0 0 0 0 0 1 98 32 1 29 6 1 0 0 0 0 0 0 1 1 3 113 100 1 1 1 1 1 1 1 255 255 1 1 1 1 0 0 0 0 0 1 0 0 0 0 0 1 3 64 31 1 1 0 0 0 0 0 0 0 0 0 0 0 0 0 0 0 0 0 0 0 0 0 0 0 0 0 0 0 0 0 0 0 0 1 2 255 63 1 1 0 0 0 0 0 0 1 1 0 0 0 0 0 0 0 0 0 0 1 1 1 1 1 1 1 25 17 1 1 1 1 1 1 2 1 1 2 2 2 1 1 1 67 254 139 1 1 1 1 1 8 3 3 1 0 0 0 0 0 0 0 0 0 0 0 1 1 255 5 0 0 0 0 0 0 0 0 0 0 0 0 0 0 0 0 1 1 1 1 94 1 1 1 2 1 1 1 3 1 0 1 8 3 0 0 2 2 1 1 1 0 1 1 1 1 0 1 255 228 1 1 1 1 1 1 8 1 1 1 1 1 1 117 0 1 255 1 0 0 8 1 1 1 2 1 1 1 226 1 1 0 0 0 1 0 0 0 0 0 0 0 0 0 0 1 62 1 1 0 0 0 0 0 0 1 7 1 1 1 1 1 6 255 2 1 1 1 1 16 85 106 108 96 27 1 1 1 1 1 1 0 0 0 0 0 0 0 0 0 0 0 0 0 0 0 0 0 0 0 0 0 0 0 0 0 1 1 0 10 1 0 1 0 0 0 1 1 1 0 0 0 1 1 4 75 99 43 28 8 2 1 1 1
0 0 0 0 0 0 1 1 37 1 1 14 24 1 1 0 0 0 0 0 0 1 1 1 1 1 2 1 0 0 0 0 0 0 0 1 0 0 1 1 1 1 0 0 0 1 255 2 1 0 0 0 0 0 0 0 0 0 0 0 0 0 0 0 0 0 0 0 0 0 0 0 0 0 0 0 0 0 0 1 1 1 1 0 1 1 0 1 1 2 1 0 1 18 5 0 0 0 0 0 0 1 49 4 1 1 1 1 1 1 245 255 255 137 1 1 0 0 0 0 0 0 0 0 0 0 0 0 0 1 1 1 0 0 0 0 0 0 0 0 0 1 1 40 126 28 2 4 1 1 119 2 1 1 1 1 1 5 55 9 1 1 1 1 1 0 0 0 0 0 0 0 0 1 137 1 1 2 45 1 0 0 0 0 0 0 1 0 0 1 13 126 61 1 1 1 1 1 255 255 1 1 1 1 0 0 0 0 0 1 0 0 0 0 1 9 61 2 1 1 1 0 0 0 0 0 0 0 0 0 0 0 0 0 0 0 0 0 0 0 0 0 0 0 0 0 0 0 0 0 0 0 0 1 1 255 174 1 1 1 0 0 0 0 0 0 1 1 0 0 0 0 0 0 0 0 1 1 1 1 1 1 1 1 1 49 3 1 1 1 1 2 1 1 1 1 0 0 1 1 1 1 30 254 219 2 1 1 1 9 1 1 4 1 0 0 0 0 0 0 0 0 0 0 1 252 255 1 0 0 0 0 0 0 0 0 0 0 0 0 0 0 0 1 1 1 1 3 83 1 1 3 1 1 21 34 27 24 1 0 2 9 0 0 1 4 1 1 0 0 1 1 1 0 1 1 109 255 0 0 0 0 0 0 7 1 0 0 0 0 1 119 0 1 255 1 0 1 14 1 1 1 2 0 1 116 186 1 1 0 0 0 1 0 0 0 0 0 0 0 0 0 0 1 61 1 0 0 0 0 0 0 0 1 8 14 16 20 26 32 243 255 1 1 0 1 1 1 1 1 1 3 56 103 109 103 41 2 1 1 1 1 0 0 0 0 0 0 0 0 0 0 0 0 0 0 0 0 0 0 0 0 0 0 0 1 0 2 6 0 1 0 0 0 0 0 0 0 0 0 0 1 1 8 70 2 5 23 38 42 36 84
0 0 0 0 1 1 1 4 24 1 1 41 5 1 1 0 0 0 0 0 0 1 1 0 0 2 1 0 0 0 0 0 0 1 1 1 0 0 1 0 0 0 0 0 0 0 178 249 1 0 0 0 0 0 0 1 2 2 2 1 1 0 0 0 0 0 0 0 0 0 0 0 0 0 0 0 0 0 0 1 1 1 1 1 1 0 0 1 1 1 0 1 2 26 1 0 0 0 0 0 1 1 59 1 0 1 1 0 0 1 1 1 217 255 255 1 1 0 0 0 0 0 0 0 0 0 0 0 1 1 1 0 0 0 0 0 0 0 0 0 0 0 1 1 3 96 91 3 1 49 203 155 122 14 1 1 1 1 14 91 90 39 24 31 8 1 1 0 0 0 0 0 0 20 102 1 0 1 48 1 0 0 0 0 0 0 1 0 0 0 1 1 47 128 60 1 1 1 255 255 1 1 1 1 0 0 0 0 0 1 0 0 0 0 1 24 21 1 1 0 1 0 0 0 0 0 0 0 0 0 0 0 0 0 0 0 0 0 0 0 0 0 0 0 0 0 0 0 0 0 0 0 0 1 1 255 158 1 1 1 1 1 1 0 0 0 0 0 1 1 0 0 0 0 0 0 1 1 1 1 0 0 1 0 1 3 61 3 1 1 2 1 1 1 1 0 0 0 0 0 1 1 1 6 252 250 8 1 1 9 1 0 1 3 1 0 0 0 1 0 0 0 0 1 1 255 1 0 0 0 0 0 0 0 0 0 0 0 0 0 0 0 0 1 1 1 1 40 27 1 3 1 1 1 36 1 1 41 1 1 1 16 1 1 0 4 1 1 1 1 1 0 1 1 1 0 1 255 1 0 0 0 0 0 7 1 0 0 0 0 1 121 0 1 255 1 0 1 19 1 0 0 3 1 1 206 79 1 1 0 0 0 0 0 0 0 0 1 0 0 0 0 0 1 61 1 0 0 0 0 0 0 0 1 1 1 1 1 1 1 255 255 1 1 1 1 1 1 0 1 1 1 1 1 1 2 41 99 107 103 66 10 1 1 1 1 1 1 0 0 0 0 0 1 0 0 0 0 0 0 0 0 0 0 0 1 0 1 11 0 1 1 0 0 0 0 0 0 0 0 0 1 1 3 71 2 1 1 1 1 5 124
1 1 1 1 2 5 15 36 2 1 1 48 3 2 1 2 1 0 0 0 0 1 0 0 1 2 1 0 0 0 0 0 1 1 1 0 1 0 0 0 0 0 0 0 0 0 1 255 2 1 0 0 0 0 0 2 1 1 1 1 2 2 2 1 0 0 0 0 0 0 0 0 0 0 0 0 0 0 1 1 1 1 1 1 0 0 1 1 1 1 1 6 40 1 0 0 0 0 0 0 1 39 7 1 0 0 1 1 0 0 0 1 1 2 255 255 1 1 0 0 0 0 0 0 0 0 0 0 1 1 0 0 0 0 0 0 0 0 0 0 0 0 0 0 1 1 60 128 128 202 54 3 46 145 117 5 1 1 1 1 2 36 1 1 9 30 4 1 1 1 1 1 1 121 3 1 0 1 22 10 1 0 0 0 0 0 1 0 0 0 0 1 1 1 49 128 127 128 255 255 99 55 1 1 0 1 1 1 1 1 0 0 0 0 0 1 65 1 0 0 1 0 0 0 0 0 0 0 0 0 0 0 0 0 0 0 0 0 0 0 0 0 0 0 0 0 0 0 0 0 0 0 0 1 1 255 137 1 1 1 1 0 1 1 1 1 0 0 0 1 1 1 1 1 1 1 1 1 1 1 1 1 1 1 1 1 3 50 8 2 1 1 1 1 1 0 0 0 0 0 0 1 1 1 2 236 254 67 1 8 1 1 1 1 6 0 0 1 1 0 0 0 0 1 255 250 1 0 0 0 0 0 0 0 0 0 0 0 0 0 0 0 1 1 1 1 2 72 3 4 1 1 1 1 34 1 1 29 2 1 1 14 2 1 1 1 3 1 1 1 0 0 1 1 1 1 1 255 76 1 1 1 1 1 9 1 1 1 1 1 1 124 1 1 255 1 1 3 12 1 1 0 3 1 1 211 57 4 1 0 0 0 0 0 0 0 1 1 0 0 0 0 1 1 58 1 0 0 0 0 0 0 0 1 1 1 1 1 1 1 255 255 1 1 1 0 0 1 1 1 1 1 1 1 1 1 1 1 1 1 20 79 103 103 85 26 2 1 1 1 1 1 1 1 1 1 0 0 0 0 0 0 0 0 0 1 0 1 11 0 0 1 0 0 0 0 0 0 0 0 0 0 1 3 18 39 1 1 1 1 67 23
1 3 22 40 35 29 26 2 1 0 1 41 8 1 0 1 2 1 0 0 0 1 1 1 2 1 0 0 0 0 0 1 1 1 1 1 1 1 0 0 0 0 0 0 0 0 0 162 251 1 0 0 0 0 0 2 0 0 0 0 0 0 1 2 2 1 0 0 0 0 0 0 0 0 0 0 0 1 1 1 1 1 1 0 1 1 1 1 1 1 1 31 1 1 0 0 0 0 0 1 6 43 1 0 0 0 0 1 1 1 0 0 0 1 1 255 255 4 1 1 0 0 0 0 0 0 0 0 1 0 0 0 0 0 0 0 0 0 0 0 0 0 0 0 0 0 1 2 3 148 66 1 1 1 56 149 54 2 1 1 1 4 29 2 1 1 17 55 131 45 2 1 80 46 1 1 0 0 1 44 1 1 0 0 0 0 1 0 0 0 0 1 0 1 1 1 1 1 255 255 1 15 94 99 34 1 1 0 0 1 0 0 0 0 0 1 56 2 0 0 1 1 0 0 0 0 0 0 0 0 0 0 0 0 0 0 0 0 0 0 0 0 0 0 0 0 0 0 0 0 0 0 0 1 1 255 193 2 1 1 1 1 1 1 1 1 1 1 1 1 1 1 1 2 2 9 102 232 253 245 152 19 2 1 1 1 1 1 41 38 4 1 1 0 1 0 0 0 0 0 0 0 0 1 1 1 143 254 252 58 14 4 3 2 8 1 0 0 1 1 1 1 1 15 255 1 0 0 0 0 0 0 0 0 0 0 0 0 0 0 0 1 1 1 1 21 70 4 9 1 1 1 1 1 34 1 1 1 59 59 132 137 142 2 1 1 3 1 1 1 0 1 1 0 1 1 1 255 251 0 0 0 0 0 7 1 0 0 0 0 1 126 1 1 255 1 1 1 10 1 1 0 3 1 2 209 20 23 1 0 0 0 0 0 0 0 1 0 0 0 0 0 1 2 52 1 0 0 0 0 0 1 1 1 0 0 0 1 1 1 255 122 1 1 0 0 0 0 0 0 0 0 0 0 1 1 1 1 1 1 1 1 1 1 7 56 98 102 89 32 2 1 1 1 1 1 1 1 0 0 0 0 0 0 0 1 1 0 12 1 1 1 0 0 0 0 0 0 0 0 0 0 1 3 2 77 1 1 1 7 78 1
29 34 7 1 1 1 12 1 0 0 1 19 25 1 0 0 1 1 0 0 0 1 1 1 2 1 0 0 0 0 1 1 1 1 1 1 1 0 0 0 0 0 0 0 0 0 0 1 255 3 0 0 0 0 0 2 0 0 0 0 0 0 0 0 1 2 2 1 0 0 0 0 0 0 0 0 0 1 1 1 1 1 1 1 1 1 1 0 1 1 25 3 1 0 0 0 0 0 0 2 56 2 1 0 0 0 0 0 0 1 1 0 0 0 1 1 248 255 137 1 1 1 0 0 0 0 1 1 1 0 0 0 0 0 0 0 0 0 0 0 0 0 0 0 0 0 0 1 1 11 171 2 1 1 1 3 119 134 7 1 1 1 50 133 129 48 92 124 40 103 136 145 185 6 1 1 1 0 1 37 3 1 1 0 0 0 1 0 0 0 0 1 1 1 1 1 1 2 255 255 1 1 1 1 37 99 70 1 0 1 0 0 0 0 0 1 7 49 1 0 0 1 0 0 0 0 0 0 0 0 0 0 0 0 0 0 0 0 0 0 0 0 0 0 0 0 0 0 0 0 0 0 0 0 1 254 255 25 2 1 1 1 1 2 2 5 20 112 243 254 255 255 255 255 255 255 255 255 255 255 255 255 255 255 255 255 188 2 1 18 63 47 1 0 1 0 0 0 0 0 0 0 0 0 1 1 1 3 229 255 254 2 1 1 1 7 1 0 0 1 1 1 1 255 159 0 0 0 0 0 0 0 0 0 0 0 0 0 0 0 1 1 1 20 74 31 1 6 2 0 1 4 25 31 6 1 1 1 73 106 1 1 41 142 1 1 2 1 1 1 1 1 0 0 0 1 1 251 255 0 0 0 0 0 7 1 0 0 0 0 1 126 1 1 253 225 3 1 9 2 1 0 3 1 163 88 3 52 1 1 0 0 0 0 1 0 1 0 0 0 0 0 1 17 18 4 1 0 0 1 1 1 0 0 0 0 0 1 1 9 255 3 1 0 0 0 0 0 0 0 0 0 0 0 0 0 0 0 0 0 1 1 1 1 1 1 1 1 6 50 100 106 99 46 2 1 1 1 1 1 1 1 0 0 0 0 1 0 10 1 1 1 1 1 1 0 0 0 0 0 0 0 1 1 6 77 1 1 1 93 3 1
4 1 1 1 1 1 12 1 0 0 1 3 54 1 0 0 0 1 1 1 1 1 1 2 1 0 0 0 0 1 1 1 1 1 0 0 0 0 0 0 0 0 0 0 0 0 0 0 151 251 1 0 0 0 0 2 0 0 0 0 0 0 0 0 0 0 1 1 2 1 0 0 0 0 0 0 1 1 1 1 1 1 1 1 1 1 0 0 1 21 7 1 1 1 0 0 0 0 1 44 6 1 0 0 0 0 0 0 0 0 1 1 1 1 0 1 1 144 255 255 9 1 1 0 0 1 1 1 0 0 0 0 0 0 0 0 0 0 0 0 0 0 0 0 0 0 0 0 1 1 105 123 1 1 1 1 1 30 149 66 1 2 79 3 6 87 48 1 1 1 4 30 130 147 6 1 1 1 1 2 38 1 1 1 0 0 1 0 0 0 1 1 1 0 1 1 1 2 255 235 1 1 1 1 1 1 8 96 86 2 0 0 0 0 0 1 1 70 1 0 1 1 0 0 0 0 0 0 0 0 0 0 0 0 0 0 0 0 0 0 0 0 0 0 0 0 0 0 0 0 0 0 0 0 1 8 255 253 106 31 25 49 145 248 255 255 255 255 255 255 254 254 253 234 72 4 1 1 1 1 1 1 1 2 36 253 255 255 255 228 4 59 6 0 1 0 0 0 0 0 0 0 0 0 0 0 1 1 1 1 181 254 1 1 1 3 3 1 0 0 1 1 254 252 1 0 0 0 0 0 0 0 0 0 0 1 1 1 1 1 2 37 67 34 2 1 7 1 1 1 16 19 2 1 1 1 3 13 56 5 1 1 7 67 86 0 2 1 1 1 1 1 1 1 1 1 1 251 255 0 0 0 0 0 7 1 0 0 0 1 1 128 1 1 3 255 2 1 8 2 1 0 3 1 212 4 1 63 0 1 0 0 0 0 1 0 1 0 0 0 0 0 1 38 1 2 8 6 1 1 0 0 0 0 0 0 0 1 1 255 255 1 1 0 0 0 0 0 0 0 0 0 0 0 0 0 0 0 0 0 0 0 0 0 1 1 1 1 1 1 1 1 2 37 99 108 105 71 6 1 1 1 1 1 1 1 1 1 2 6 1 1 0 0 1 1 1 0 0 1 0 0 1 1 6 82 1 1 26 58 1 1
1 1 0 1 1 1 13 1 0 0 1 2 63 1 0 0 0 0 1 2 1 1 1 2 1 0 0 0 1 1 1 1 0 0 0 0 0 0 0 0 0 0 0 0 0 0 0 1 1 255 4 0 0 0 1 2 0 0 0 0 0 0 0 0 0 0 0 0 1 2 2 1 0 0 0 0 1 1 1 0 0 1 1 1 0 0 0 1 22 5 1 0 0 1 1 1 1 1 1 62 1 1 0 0 0 0 0 0 0 0 0 0 0 1 1 1 1 1 1 255 255 255 1 1 1 1 1 0 0 0 0 0 0 0 0 0 0 0 0 0 0 0 0 0 0 0 0 0 0 1 1 184 4 1 0 1 1 1 2 111 90 6 51 1 1 1 1 1 1 1 2 20 2 143 210 201 26 1 1 1 11 19 1 1 1 1 0 0 0 0 1 0 0 0 1 1 1 3 255 164 1 1 0 1 0 0 1 1 3 90 89 2 1 0 0 1 1 62 3 0 1 0 0 0 0 0 0 0 0 0 0 0 0 0 0 0 0 0 0 0 0 0 0 0 0 0 0 0 0 0 0 0 0 0 1 1 55 255 255 255 255 255 255 255 253 154 24 3 1 1 1 1 1 1 1 1 1 1 1 1 1 1 1 1 1 1 1 1 202 255 255 254 50 1 1 1 0 0 0 0 0 0 0 0 0 0 0 1 1 1 1 231 250 1 1 0 3 9 2 1 1 255 254 1 0 0 0 0 0 0 0 1 1 1 1 1 1 1 29 69 63 13 2 2 13 22 11 15 19 19 70 1 1 1 9 14 7 1 1 35 1 1 2 52 113 1 3 1 0 1 1 1 1 1 0 0 1 251 255 11 12 11 9 7 21 3 3 2 1 2 1 129 1 1 1 255 97 1 6 3 1 0 4 150 115 5 5 60 0 1 1 0 0 0 1 0 1 0 0 0 0 1 1 39 1 1 1 1 6 2 1 0 0 0 0 0 0 1 1 255 255 1 1 1 0 0 0 0 0 0 0 0 0 0 0 0 0 0 0 0 0 0 0 0 0 0 0 0 0 0 0 0 1 1 1 1 1 16 90 107 108 94 15 1 1 1 1 1 1 11 1 1 2 9 2 1 1 1 1 1 0 0 1 1 4 85 1 1 100 1 1 1
1 1 1 1 1 1 14 1 0 0 1 1 66 1 0 0 0 0 0 1 1 2 2 1 0 0 0 1 1 1 1 0 0 0 0 0 0 0 0 0 0 0 0 0 0 0 0 1 1 157 251 1 1 1 1 2 0 0 0 0 0 0 0 0 0 0 0 0 0 0 1 2 2 1 1 1 1 1 1 1 1 1 1 0 0 0 0 2 27 1 0 0 0 0 0 0 0 0 2 56 1 0 0 0 0 0 0 0 0 0 0 0 0 0 0 1 1 1 0 1 1 255 255 1 1 1 0 0 0 0 0 0 0 0 0 0 0 0 0 0 0 0 0 0 0 0 0 0 0 0 1 62 150 1 0 0 0 1 1 1 111 79 63 1 1 1 1 1 1 2 2 1 12 1 2 42 218 11 1 1 1 21 12 1 1 1 0 0 0 0 1 0 0 1 1 1 1 4 255 105 1 1 1 1 0 0 0 0 1 1 2 90 24 1 1 1 1 19 30 0 1 1 0 0 0 0 0 0 0 0 0 0 0 0 0 0 0 0 0 0 0 0 0 0 0 0 0 0 0 0 0 0 0 0 1 1 1 2 51 163 155 60 12 3 2 1 1 1 1 1 1 1 1 1 1 1 1 0 1 1 1 1 1 1 1 1 1 1 1 1 1 255 248 1 1 1 1 0 0 0 0 0 0 0 0 0 0 0 1 1 1 1 252 227 1 1 1 1 5 14 255 252 1 1 1 1 1 1 1 1 1 1 3 10 30 69 103 116 72 33 30 29 28 28 21 6 3 1 1 1 33 19 13 12 2 1 1 1 1 27 7 1 1 69 110 1 3 1 0 0 0 0 0 0 0 0 1 253 253 1 1 1 2 2 19 4 5 6 7 12 15 165 1 1 1 243 250 1 3 5 1 1 6 212 3 1 19 25 1 0 1 1 0 1 1 1 1 0 0 0 1 1 11 11 1 0 0 1 1 4 4 1 0 0 0 1 1 1 1 255 151 1 1 0 0 0 0 0 0 0 0 0 0 0 0 0 0 0 0 0 0 0 0 0 0 0 0 0 0 0 0 0 0 0 0 0 0 0 1 1 1 4 73 107 107 103 42 1 1 12 2 101 89 71 89 99 98 36 1 1 1 1 1 1 4 82 1 47 34 1 1 1
0 0 0 0 1 1 15 1 0 0 1 2 61 1 0 0 0 0 0 0 0 2 1 1 0 1 1 1 1 1 0 0 0 0 0 0 0 0 1 1 56 85 63 23 4 1 1 2 18 60 255 99 99 102 105 71 4 1 0 0 0 0 0 0 0 0 0 0 0 0 0 0 1 1 2 1 1 1 1 1 1 0 0 0 0 0 0 30 1 0 0 0 0 0 0 0 0 0 2 58 1 0 0 0 0 0 0 0 0 0 0 0 0 0 0 0 1 1 1 1 0 1 253 255 1 1 0 0 0 0 0 0 0 0 0 0 0 0 0 0 0 0 0 0 0 0 0 0 0 0 1 2 188 1 0 0 0 0 0 1 1 112 154 3 1 1 1 1 4 2 1 1 16 1 1 1 97 182 2 1 1 1 25 9 1 1 1 0 0 0 1 0 1 1 1 1 1 8 255 62 1 1 1 1 1 0 0 0 1 0 1 1 87 3 1 0 1 11 41 1 0 1 0 0 0 0 0 0 0 0 0 0 0 0 0 0 0 0 0 0 0 0 0 0 0 0 0 0 0 0 0 0 0 0 0 1 1 1 1 1 1 1 1 1 1 1 1 1 1 1 1 1 0 1 1 1 1 1 1 1 0 1 1 1 1 1 0 1 1 1 1 74 255 2 1 1 1 0 0 0 0 0 0 0 0 0 0 0 0 0 1 1 2 255 1 1 2 98 234 255 252 184 174 169 162 143 113 60 44 116 151 125 115 101 76 37 9 2 1 1 1 1 1 2 1 1 1 1 1 1 1 19 1 1 1 1 1 1 1 1 11 4 1 17 146 1 3 1 0 0 0 0 1 1 1 1 1 255 253 1 0 0 0 0 8 1 0 0 0 0 1 159 1 0 1 243 250 1 1 10 1 1 66 189 3 1 51 2 1 0 1 1 1 1 1 0 0 0 0 1 1 1 36 1 1 0 0 0 0 1 7 1 0 0 0 0 1 1 1 255 102 1 1 0 0 0 0 0 0 0 0 0 0 0 0 0 0 0 0 0 0 0 0 0 0 0 0 0 0 0 0 0 0 0 0 0 0 0 0 0 0 0 1 1 1 1 38 102 106 120 114 3 1 1 1 1 1 34 98 46 1 1 1 1 4 69 5 98 2 1 1 1
0 0 0 0 1 1 15 1 0 0 1 48 7 1 0 0 0 0 0 0 1 3 1 0 1 1 1 1 1 0 0 0 0 0 0 0 1 3 86 89 15 2 10 45 79 88 89 81 45 10 255 1 1 1 1 8 83 99 99 49 1 0 0 0 0 0 0 0 0 0 0 0 0 0 0 0 1 1 1 1 1 1 1 1 1 1 1 32 0 0 0 0 0 0 0 0 0 0 2 57 1 0 0 0 0 0 0 0 0 0 0 0 0 0 0 0 0 1 1 1 0 0 1 255 255 1 1 1 1 1 1 1 0 0 0 0 0 0 0 0 0 0 0 0 0 0 0 0 0 0 1 2 187 1 0 0 0 0 0 0 1 1 8 71 23 134 255 158 29 22 23 6 17 3 1 1 2 194 161 15 3 1 1 36 3 1 1 1 0 0 1 1 1 0 1 1 1 16 255 40 1 1 0 1 1 1 0 1 1 0 0 1 2 90 1 0 1 56 4 0 0 0 0 0 0 0 0 0 0 0 0 0 0 0 0 0 0 0 0 0 0 0 0 0 0 0 0 0 0 0 0 0 0 0 0 0 1 1 1 1 1 1 1 1 1 1 1 1 1 1 1 1 1 1 0 0 0 1 1 1 1 1 0 0 1 1 1 1 1 1 1 5 255 31 1 0 1 1 0 0 0 0 0 0 0 0 0 0 0 0 1 1 1 250 246 255 255 255 255 255 175 1 1 2 4 22 59 110 120 48 14 23 1 1 1 1 1 1 1 1 1 1 1 1 0 0 0 0 1 1 1 3 12 1 0 1 1 1 1 1 1 25 0 10 145 3 1 3 0 1 1 1 1 0 0 0 1 255 251 1 0 0 0 0 8 1 0 0 0 0 0 159 1 0 1 255 153 1 1 14 1 1 212 9 5 1 52 2 1 1 1 0 0 0 0 0 1 1 1 1 2 4 22 1 1 0 0 0 1 1 4 2 1 1 1 1 4 6 6 255 165 1 1 0 0 0 0 0 0 0 0 0 0 0 0 0 0 0 0 0 0 0 0 0 0 0 0 0 0 0 0 0 0 0 0 0 0 0 0 0 0 0 0 0 0 0 0 0 1 1 13 1 0 0 0 1 1 1 1 24 96 83 14 6 34 92 88 107 53 14 4 1
0 0 0 0 1 1 14 0 0 0 1 62 1 1 0 0 0 0 0 0 2 1 0 1 1 1 1 1 0 0 0 0 0 0 0 1 40 83 2 1 1 1 0 0 0 0 0 1 1 169 249 0 0 0 0 0 0 1 1 24 96 99 55 1 0 0 0 0 0 0 0 0 0 0 0 0 0 0 0 0 1 1 1 1 1 1 26 2 0 0 0 0 0 0 0 0 0 0 1 57 1 0 0 0 0 0 0 0 0 0 0 0 0 0 0 0 0 0 1 1 0 0 0 1 255 250 1 1 1 1 0 1 1 0 0 0 0 0 0 0 0 0 0 0 0 0 0 0 0 0 0 2 187 1 0 0 0 0 0 0 1 1 1 2 216 255 255 255 255 255 255 255 118 42 4 1 1 2 132 210 215 196 32 2 38 2 1 1 1 0 1 1 0 0 1 1 1 32 255 26 1 0 1 1 0 1 1 1 0 0 0 0 1 93 2 1 2 68 1 0 0 0 0 0 0 0 0 0 0 0 0 0 0 0 0 0 0 0 0 0 0 0 0 0 0 0 0 0 0 0 0 0 0 0 0 0 1 1 1 1 1 1 1 1 1 0 0 1 1 1 1 1 1 1 1 1 1 1 1 1 1 1 1 1 1 1 1 1 1 1 3 1 255 255 1 1 1 1 1 0 0 0 0 0 0 0 0 0 0 0 1 1 1 25 255 210 1 1 1 75 255 243 1 1 1 1 1 1 1 1 1 14 12 1 1 0 0 0 0 1 1 1 1 0 0 0 0 0 1 1 1 1 21 1 0 1 1 0 1 1 0 25 1 8 18 128 1 3 1 3 3 2 1 1 1 1 1 255 249 1 0 0 0 0 9 1 0 1 1 1 2 169 1 1 1 255 10 1 1 14 1 32 205 1 6 1 47 2 1 1 1 1 1 1 1 1 1 1 1 3 3 1 16 2 1 1 1 1 1 1 1 4 6 6 7 5 1 1 2 255 253 1 1 0 0 0 0 0 0 0 0 0 0 0 0 0 0 0 0 0 0 0 0 0 0 0 0 0 0 0 0 0 0 0 0 0 0 0 0 0 0 0 0 0 0 0 0 0 0 1 12 1 0 0 0 0 0 1 1 1 1 40 122 128 116 96 94 14 37 82 104 113
0 0 0 0 1 7 4 0 0 0 1 64 1 0 0 0 0 0 0 1 2 1 1 1 1 1 1 0 0 0 0 0 0 0 1 81 29 1 1 1 0 0 0 0 0 0 0 1 1 255 2 0 0 0 0 0 0 0 0 0 0 1 19 98 97 11 1 0 0 0 0 0 0 0 0 0 0 0 0 0 0 0 0 1 1 1 33 0 0 0 0 0 0 0 0 0 0 0 1 57 1 1 0 0 0 0 0 0 0 0 0 0 0 0 0 0 0 0 0 0 0 0 1 1 2 255 182 1 1 1 1 1 1 0 0 0 0 0 0 0 0 0 0 0 0 0 0 0 0 0 0 5 184 1 0 1 1 1 1 1 1 1 1 14 255 255 190 255 255 243 248 255 255 255 237 26 2 1 1 2 6 71 215 4 4 35 3 1 1 1 1 1 1 0 1 1 1 64 255 15 1 1 1 1 0 0 0 1 1 0 0 0 1 4 86 1 51 6 0 0 0 0 0 0 0 0 0 0 0 0 0 0 0 0 0 0 0 0 0 0 0 0 0 0 0 0 0 0 0 0 0 0 0 0 0 0 1 1 1 1 1 1 1 1 1 1 1 1 1 1 1 1 1 1 0 1 0 0 0 0 0 0 0 0 0 1 1 0 0 3 2 1 2 255 141 1 1 1 1 1 1 0 0 0 0 0 0 0 0 0 1 1 1 52 227 1 1 1 0 1 3 255 255 4 1 1 1 1 1 1 1 1 23 5 1 1 0 0 1 1 1 1 1 1 0 0 0 0 0 1 1 1 3 10 0 1 1 1 1 1 0 24 1 2 5 152 1 1 2 1 1 3 1 1 1 0 1 255 239 1 1 3 5 5 21 5 4 4 4 2 1 171 2 1 1 255 2 1 0 14 1 222 11 1 5 1 46 2 1 1 1 1 1 1 1 1 3 5 4 1 1 1 18 1 1 1 1 1 1 1 1 1 1 1 1 1 1 1 1 255 255 1 1 0 0 0 0 0 0 0 0 0 0 0 0 0 0 0 0 0 0 0 0 0 0 0 0 0 0 0 0 0 0 0 0 0 0 0 0 0 0 0 0 0 0 0 0 0 0 2 5 1 1 1 0 1 1 15 24 19 33 28 1 1 1 60 2 1 2 1 1 1
0 0 0 0 3 8 1 0 0 1 6 49 1 0 0 0 0 0 1 3 1 1 1 1 1 1 0 0 0 0 0 0 1 9 90 3 1 1 0 0 0 0 0 0 0 0 0 1 3 255 1 0 0 0 0 0 0 0 0 0 0 0 0 0 1 68 99 28 1 0 0 0 0 0 0 0 0 0 0 0 0 0 0 0 0 26 2 0 0 0 0 0 0 0 0 0 0 0 1 57 1 1 0 0 0 0 0 0 0 0 0 0 0 0 0 0 0 0 0 0 0 0 0 1 1 43 255 219 1 1 1 1 1 1 1 0 0 0 0 0 0 0 0 0 0 0 0 0 0 0 0 12 180 1 1 1 0 0 0 1 1 1 1 171 255 112 3 26 79 54 7 88 255 255 255 255 73 7 2 1 1 2 189 134 3 3 35 5 1 1 1 0 1 0 1 1 1 109 255 10 1 1 1 1 1 0 0 0 1 1 1 0 0 1 12 76 67 1 0 0 0 0 0 0 0 1 0 0 0 0 0 0 0 0 0 0 0 0 0 0 0 0 0 0 0 0 0 0 0 0 0 0 0 0 0 0 1 1 1 1 1 1 1 1 1 1 1 0 1 1 0 0 0 0 0 1 0 0 0 0 0 0 0 0 0 0 0 1 2 2 1 1 1 162 255 48 1 1 1 1 1 1 1 0 0 0 0 0 0 0 0 1 1 185 67 1 0 1 0 0 0 1 252 255 4 1 1 1 1 1 1 1 1 31 2 1 1 1 1 1 1 0 0 1 1 0 0 0 0 0 1 1 1 22 1 1 1 1 1 0 0 23 1 1 9 140 5 1 1 0 1 2 1 1 1 0 1 255 226 3 2 1 1 1 5 1 0 0 0 1 1 153 12 0 1 255 1 1 1 4 112 198 1 1 5 1 38 4 1 1 1 2 4 3 3 3 2 1 1 1 1 1 18 1 1 1 1 1 1 1 1 1 1 0 1 1 1 1 1 51 255 20 1 1 0 0 0 0 0 0 0 0 0 0 0 0 0 0 0 0 0 0 0 0 0 0 0 0 0 0 0 0 0 0 0 0 0 0 0 0 0 0 0 0 0 0 0 0 0 12 1 1 1 1 1 1 57 28 18 23 15 1 1 1 8 40 1 1 2 1 1 1
0 0 0 0 14 1 0 0 0 1 22 24 1 0 0 0 0 0 1 3 1 1 1 1 0 0 0 0 0 0 0 1 41 66 1 1 0 0 0 0 0 0 0 0 0 0 0 1 251 150 0 0 0 0 0 0 0 0 0 0 0 0 0 0 0 0 1 45 99 22 1 0 0 0 0 0 0 0 0 0 0 0 0 0 2 28 0 0 0 0 0 0 0 0 0 0 0 0 1 52 2 1 1 0 0 0 0 0 0 0 0 0 0 0 0 0 0 0 0 0 0 0 0 1 1 1 16 255 255 1 1 1 1 1 1 1 1 1 1 1 1 0 0 0 1 1 1 0 0 0 0 24 170 1 0 0 0 0 0 1 1 1 2 255 255 4 1 1 1 11 69 4 3 17 251 255 255 255 145 7 2 1 2 177 207 9 2 32 6 1 1 1 1 1 1 1 1 143 255 7 1 1 1 0 1 0 0 0 0 0 1 1 0 1 1 145 5 1 0 0 0 0 0 0 0 1 0 0 0 0 0 0 0 0 0 0 0 0 0 0 0 0 0 0 0 0 0 0 0 0 0 0 0 0 0 0 1 1 0 1 1 0 0 0 0 0 0 0 0 0 0 0 0 0 0 1 0 0 0 0 0 0 0 0 0 0 1 3 1 0 1 1 1 1 228 255 83 1 1 1 1 1 1 1 0 0 0 0 0 0 0 0 1 196 1 1 0 1 0 0 0 0 1 255 252 1 1 1 1 1 1 1 1 1 33 1 1 1 1 0 0 0 0 1 1 1 1 0 0 0 0 1 1 2 19 1 1 0 1 1 1 17 2 1 9 28 116 1 1 0 3 1 0 0 1 1 1 255 196 1 0 0 1 1 6 1 0 0 0 1 1 51 122 1 1 255 2 1 1 6 225 18 3 1 5 1 12 24 3 4 3 1 1 1 1 1 1 1 1 2 16 17 3 2 2 2 1 1 1 1 1 1 1 1 1 1 1 1 1 4 255 255 1 1 0 0 0 0 0 0 0 0 0 0 0 0 0 0 0 0 0 0 0 0 0 0 0 0 0 0 0 0 0 0 0 0 0 0 0 0 0 0 0 0 0 0 0 0 0 12 1 0 0 0 1 45 6 1 1 1 1 1 1 1 68 2 1 1 1 2 1 1
0 0 0 1 15 1 0 0 0 1 28 19 1 0 0 0 0 0 3 1 3 2 3 1 0 0 0 0 0 1 2 84 29 1 0 0 0 0 0 0 0 0 0 0 0 0 0 1 255 1 0 0 0 0 0 0 0 0 0 0 0 0 0 0 0 0 0 0 1 51 90 2 0 0 0 0 0 0 0 0 0 0 0 1 34 1 0 0 0 0 0 0 0 0 0 0 0 0 1 20 20 0 1 0 0 0 0 0 0 0 0 0 0 0 0 0 0 0 0 0 0 0 0 0 0 0 1 1 255 255 255 255 255 255 255 146 1 1 1 1 1 1 1 1 1 0 1 1 0 0 0 4 186 1 0 0 0 0 0 1 1 1 7 255 255 1 1 1 1 1 2 64 26 2 20 208 255 255 255 223 38 6 2 2 56 205 2 1 30 9 1 1 1 1 1 1 1 178 255 6 1 1 1 1 1 0 0 0 0 0 0 1 1 1 3 146 1 1 0 0 0 0 0 0 0 1 0 0 0 0 0 0 0 0 0 0 0 0 0 0 0 0 0 0 0 0 0 0 0 0 0 0 0 0 0 0 0 1 0 0 0 0 0 0 0 0 0 0 0 0 0 0 1 1 1 1 0 0 1 1 0 0 0 0 0 1 4 1 0 0 0 1 1 1 1 217 255 255 252 14 1 1 1 1 1 0 0 0 0 0 0 0 1 191 3 1 0 1 0 0 0 0 1 5 255 62 1 1 1 1 1 1 1 1 3 27 2 1 1 0 0 0 0 0 0 1 1 1 1 0 0 1 1 1 1 20 0 0 1 1 1 1 21 1 9 1 111 40 1 1 3 1 0 0 0 1 1 255 78 1 1 1 1 1 8 3 8 15 12 12 12 19 184 1 1 255 4 1 1 215 11 2 13 1 6 1 1 38 1 1 1 1 1 1 1 1 1 2 17 16 2 1 1 1 1 1 3 3 3 3 3 3 3 3 2 2 1 2 3 13 255 255 1 1 0 0 0 0 0 0 0 0 0 0 0 0 0 0 0 0 0 0 0 0 0 0 0 0 0 0 0 0 0 0 0 0 0 0 0 0 0 0 0 0 0 0 0 0 1 12 1 1 0 0 1 63 1 1 1 1 0 1 1 21 23 2 3 3 1 1 2 1
0 0 0 1 15 1 0 0 0 1 22 24 1 0 0 0 0 1 4 3 1 0 2 1 0 0 1 1 1 51 89 3 1 0 0 0 0 0 0 0 0 0 0 0 0 0 1 235 215 0 0 0 0 0 0 0 0 0 0 0 0 0 0 0 0 0 0 0 0 0 2 90 38 1 0 0 0 0 0 0 0 0 0 4 21 0 0 0 0 0 0 0 0 0 0 0 0 0 0 2 60 1 1 0 0 0 0 0 0 0 0 0 0 0 0 0 0 0 0 0 0 0 0 0 0 0 0 1 1 44 255 255 255 255 255 255 255 99 1 1 1 1 1 1 1 1 1 1 0 0 0 1 192 1 0 0 0 0 0 1 1 1 26 255 119 1 1 1 1 1 1 1 23 71 46 2 4 71 255 255 255 255 165 6 2 186 82 1 1 25 14 1 1 1 1 1 1 219 255 5 1 0 1 1 1 0 0 0 0 0 1 1 1 1 166 82 1 1 1 1 0 0 0 0 1 1 1 0 0 0 0 0 0 0 0 0 0 0 0 0 0 0 0 0 0 0 0 0 0 0 0 0 0 0 0 0 0 1 0 0 0 0 0 0 0 0 0 0 0 0 0 0 0 0 1 1 1 1 1 1 1 1 0 0 1 2 0 0 0 0 0 0 1 1 1 1 1 160 255 255 254 2 1 1 1 1 1 1 1 1 1 1 1 16 152 1 1 1 0 0 0 0 0 1 217 255 246 3 1 1 1 1 1 1 1 5 36 8 1 1 0 0 0 0 0 0 0 1 1 1 0 1 1 0 0 21 1 0 1 0 1 1 22 1 2 5 1 143 3 1 3 1 0 0 1 1 1 255 40 32 30 30 30 32 31 8 2 1 1 1 1 1 193 1 1 255 62 1 5 217 1 1 20 1 6 1 1 39 1 1 1 0 0 1 1 2 16 16 1 1 2 2 2 2 2 2 1 3 4 5 1 1 1 1 1 1 1 1 18 255 255 185 4 1 0 0 0 0 0 0 0 0 0 0 0 0 0 0 0 0 0 0 0 0 0 0 0 0 0 0 0 0 0 0 0 0 0 0 0 0 0 0 0 0 0 0 0 0 0 5 2 1 0 0 14 21 5 1 1 1 1 1 1 62 1 1 1 1 2 4 6 5
0 0 0 1 16 1 0 0 0 1 8 39 1 1 1 1 1 3 2 1 0 0 1 2 1 1 1 41 92 20 1 1 0 0 0 0 0 0 0 0 0 0 0 0 0 0 1 255 1 0 0 0 0 0 0 0 0 0 0 0 0 0 0 0 0 0 0 0 0 0 0 0 35 90 3 1 1 0 0 0 0 0 1 36 1 0 0 0 0 0 0 0 0 0 0 0 0 0 0 1 65 1 1 0 0 0 0 0 0 0 0 0 0 0 0 0 0 0 0 0 0 0 0 0 0 0 0 0 1 1 1 1 1 1 1 1 221 255 255 1 1 1 1 1 1 1 1 1 1 1 1 1 192 1 0 0 0 0 0 1 1 1 76 255 14 1 1 1 1 1 1 1 1 1 30 39 1 2 37 255 255 255 255 239 7 95 184 2 1 1 18 18 1 1 1 1 2 251 255 5 1 1 1 0 1 1 0 1 1 1 1 1 1 55 198 198 179 11 1 1 1 1 0 0 1 1 0 0 0 0 0 0 0 0 0 0 0 0 0 0 0 0 0 0 0 0 0 0 0 0 0 0 0 0 0 0 0 1 1 0 0 0 0 0 0 0 0 0 0 0 0 0 0 0 0 1 1 1 1 1 1 1 1 1 2 1 1 1 1 0 0 0 0 1 1 1 1 1 1 3 255 255 110 1 1 1 1 7 11 10 8 9 1 1 140 1 1 1 1 1 1 1 1 1 1 34 255 255 243 3 1 1 1 1 1 1 1 16 34 5 1 1 0 0 0 0 0 0 0 1 1 1 1 0 0 20 1 0 0 0 1 1 18 1 1 9 1 16 128 2 1 1 0 0 1 1 1 255 1 1 1 1 0 1 7 1 1 1 1 0 0 1 193 1 1 251 238 1 206 32 1 1 17 2 5 1 1 19 6 1 1 1 1 1 16 17 2 1 1 2 1 1 1 2 5 9 12 18 24 13 11 12 7 1 1 1 2 116 255 255 176 1 10 1 0 0 0 0 0 0 0 0 0 0 0 0 0 0 0 0 0 0 0 0 0 0 0 0 0 0 0 0 0 0 0 0 0 0 0 0 0 0 0 0 0 0 0 0 0 1 12 1 1 1 32 1 12 2 1 1 1 1 40 7 1 1 1 0 1 1 1 4
0 0 0 1 17 1 0 0 0 1 2 53 6 5 15 37 20 3 1 1 1 1 1 3 1 16 92 30 1 1 0 0 0 0 0 0 0 0 0 0 0 0 0 0 0 0 228 226 0 0 0 0 0 0 0 0 0 0 0 0 0 0 0 0 0 0 0 0 0 0 0 0 0 2 86 69 1 1 1 0 0 1 8 12 0 0 0 0 0 0 0 0 0 0 0 0 0 0 0 1 64 1 1 1 0 0 0 0 0 0 0 0 0 0 0 0 0 0 0 0 0 0 0 0 0 0 0 0 0 1 1 1 1 2 30 95 48 10 255 255 163 1 1 1 1 1 1 1 1 1 1 1 191 1 0 0 0 0 0 1 1 1 165 255 3 1 1 1 0 1 1 1 1 1 1 53 7 1 1 3 16 114 255 255 81 7 207 145 11 1 1 13 24 1 1 1 2 255 255 4 1 1 1 0 0 1 1 1 1 1 1 1 3 205 4 1 82 207 193 42 2 1 1 1 1 1 0 0 0 0 0 0 0 0 0 0 0 0 0 0 0 0 0 0 0 0 0 0 0 0 0 0 0 0 0 0 0 0 1 1 1 1 0 0 0 0 0 0 0 0 0 0 0 0 0 0 1 1 1 1 1 1 1 2 1 1 1 1 1 1 0 0 0 0 0 0 1 1 1 1 1 192 255 252 1 1 4 5 1 1 1 2 3 1 67 145 28 1 1 0 0 0 1 0 0 1 1 52 255 255 255 147 1 1 1 1 1 1 1 22 33 4 1 1 0 0 0 0 0 0 1 1 1 0 0 21 1 1 0 0 1 1 1 20 1 9 1 1 150 3 1 1 0 0 1 1 247 255 1 0 1 1 1 1 9 1 1 1 1 1 0 1 193 1 1 99 255 1 223 1 1 1 2 15 3 2 1 1 35 1 1 1 8 19 2 1 1 3 3 1 1 9 65 247 255 255 255 255 255 255 255 255 252 144 77 116 255 255 255 8 1 1 9 1 0 0 0 0 0 0 0 0 0 0 0 0 0 0 0 0 0 0 0 0 0 0 0 0 0 0 0 0 0 0 0 0 0 0 0 0 0 0 0 0 0 0 0 0 0 0 2 5 1 8 9 1 1 15 1 1 1 3 54 1 1 0 1 0 0 0 1 1
1 0 0 1 17 1 0 0 0 0 1 10 41 54 61 33 71 84 81 75 58 16 2 3 72 58 1 1 0 0 0 0 0 0 0 0 0 0 0 0 0 0 0 0 0 1 255 1 0 0 0 0 0 0 0 0 0 0 0 0 0 0 0 0 0 0 0 0 0 0 0 0 0 0 0 8 94 88 10 1 1 1 34 1 0 0 0 0 0 0 0 0 0 0 0 0 0 0 0 1 62 2 0 1 1 1 1 0 0 0 0 0 0 0 0 0 0 0 0 0 0 0 0 0 0 0 0 1 1 1 1 1 5 255 255 255 255 255 221 182 255 255 10 1 1 1 1 1 1 1 1 154 58 1 1 0 0 0 0 1 1 1 248 255 2 1 1 1 1 1 1 1 1 1 1 1 75 1 1 1 1 4 218 255 251 136 55 162 215 152 4 1 9 31 2 1 3 255 255 207 72 2 1 1 1 1 1 1 1 1 1 24 205 39 1 1 1 1 52 197 210 144 7 1 1 1 0 0 0 0 0 0 0 0 0 0 0 0 0 0 0 0 0 0 0 0 0 0 0 0 0 0 0 0 0 0 0 0 1 1 0 0 0 0 0 0 0 0 0 0 0 0 0 0 0 0 1 1 1 1 1 1 1 1 2 1 0 1 1 1 0 0 0 0 0 0 0 1 0 1 1 1 4 255 248 1 13 1 1 0 0 1 5 1 99 222 89 1 0 0 0 0 1 1 0 1 0 1 1 2 210 255 255 29 1 1 1 1 1 1 2 25 31 3 1 1 1 0 0 0 1 1 1 0 0 21 1 2 2 1 1 0 0 22 1 5 2 1 149 1 3 1 1 1 1 2 255 72 1 0 0 0 0 1 8 1 1 0 1 1 1 1 193 1 1 19 255 223 59 1 1 0 1 15 3 5 1 1 37 1 1 12 5 1 1 3 2 1 1 7 222 255 255 255 255 255 177 42 20 45 211 255 255 255 255 255 255 187 1 1 1 1 1 10 4 1 1 0 0 0 0 0 0 0 0 0 0 0 0 0 0 0 0 0 0 0 0 0 0 0 0 0 0 0 0 0 0 0 0 0 0 0 0 0 0 0 0 0 0 0 1 11 1 31 1 1 1 1 17 2 1 56 2 1 1 0 1 0 0 0 1 1
1 1 1 3 13 0 0 0 0 0 1 1 1 63 11 1 1 1 1 2 9 48 78 80 8 1 0 0 0 0 0 0 0 0 0 0 0 0 0 0 0 0 0 0 0 226 228 1 0 0 0 0 0 0 0 0 0 0 0 0 0 0 0 0 0 0 0 0 0 0 0 0 0 0 0 0 0 2 63 85 4 15 6 0 0 0 0 0 0 0 0 0 0 0 0 0 0 0 0 1 60 3 1 0 0 0 1 1 0 0 0 0 0 0 0 0 0 0 0 0 0 0 0 0 0 0 1 1 1 1 1 5 255 255 119 45 114 255 255 255 255 255 255 255 2 1 1 1 1 1 1 192 1 1 1 1 1 0 0 1 1 2 255 255 1 1 1 1 1 1 0 1 1 1 1 1 54 7 1 1 1 1 7 255 255 255 255 255 130 152 210 25 1 5 37 3 4 255 255 72 211 198 82 3 1 1 1 1 3 75 206 199 18 1 1 1 1 1 1 1 7 138 212 201 57 1 1 1 0 0 0 0 0 0 0 0 0 0 0 0 0 0 0 0 0 0 0 0 0 0 0 0 0 0 0 0 0 0 0 0 0 0 0 0 0 0 0 0 0 0 0 0 0 0 0 0 0 1 1 1 0 0 0 0 0 2 1 1 1 0 0 0 0 0 0 0 0 1 1 1 1 155 255 255 240 135 15 1 0 1 1 1 3 25 25 161 192 1 0 0 0 0 0 1 0 1 1 1 0 0 1 1 238 255 255 1 1 1 1 1 1 1 2 27 32 5 1 1 1 1 1 1 1 1 1 5 21 13 14 21 16 1 1 13 2 2 4 1 147 2 1 4 2 2 2 11 255 1 1 1 0 0 0 1 8 1 0 0 1 1 1 1 158 49 1 160 255 2 1 1 1 0 0 1 18 6 1 1 21 8 16 3 1 3 2 1 1 5 21 255 255 255 10 2 1 1 1 1 1 1 1 1 1 3 10 5 1 1 1 1 1 1 1 1 3 10 6 1 1 0 0 0 0 0 0 0 0 0 0 0 0 0 0 0 0 0 0 0 0 0 0 0 0 0 0 0 0 0 0 0 0 0 0 0 0 0 0 0 0 0 1 2 11 25 1 1 0 1 1 15 15 39 1 1 1 0 1 0 0 1 2 2
1 1 1 4 7 0 0 0 0 1 1 16 84 12 1 1 1 1 1 1 1 1 1 1 0 0 0 0 0 0 0 0 0 0 0 0 0 0 0 0 0 0 0 0 1 255 1 0 0 0 0 0 0 0 0 0 0 0 0 0 0 0 0 0 0 0 0 0 0 0 0 0 0 0 0 0 0 0 1 2 122 59 1 1 1 0 0 0 0 0 0 0 0 0 0 0 0 0 0 0 2 56 5 1 0 0 0 1 0 0 0 0 0 0 0 0 0 0 0 0 0 0 0 0 1 1 1 1 1 1 4 255 255 8 1 1 1 3 9 98 255 255 255 255 255 225 3 1 1 1 7 181 1 1 1 1 1 1 1 1 1 2 255 255 1 1 1 0 1 0 0 1 1 0 1 1 2 66 1 1 1 1 1 4 171 254 255 255 255 209 51 215 5 1 3 39 26 255 255 2 106 16 169 199 134 76 121 195 211 180 10 1 1 1 1 0 0 0 1 1 1 1 1 29 191 215 134 3 1 1 1 1 1 0 0 0 0 0 0 0 0 0 0 0 0 0 0 0 0 0 0 0 0 0 0 0 0 0 0 0 0 0 0 0 0 0 0 0 0 0 0 0 0 0 0 0 0 0 1 1 0 0 0 0 1 1 3 1 0 0 0 0 0 0 0 0 0 1 1 1 248 255 152 1 2 247 26 1 1 1 160 153 163 159 146 89 1 1 0 0 0 0 0 1 0 1 1 1 1 1 1 1 1 2 254 255 1 1 1 1 1 1 1 1 2 22 38 27 3 1 1 1 1 1 0 1 1 0 0 1 1 17 21 27 3 1 7 1 87 86 9 1 1 1 1 255 244 1 0 1 1 1 1 1 11 1 0 0 1 1 1 1 37 191 165 8 255 158 1 1 1 0 0 1 20 5 1 1 1 20 5 3 2 1 1 7 8 75 255 255 15 1 1 1 1 1 1 1 1 1 1 1 1 1 1 1 1 1 1 1 1 1 0 1 1 1 2 7 7 1 0 0 0 0 0 0 0 0 0 0 0 0 0 0 0 0 0 0 0 0 0 0 0 0 0 0 0 0 0 0 0 0 0 0 0 0 0 0 0 0 0 1 32 6 1 1 0 0 1 1 100 7 1 1 0 0 1 1 1 2 1 1
1 0 1 7 4 0 0 1 1 2 16 71 1 0 0 0 0 0 0 0 0 0 0 0 0 0 0 0 0 0 0 0 0 0 0 0 0 0 0 0 0 0 0 0 217 233 0 0 0 0 0 0 0 0 0 0 0 0 0 0 0 0 0 0 0 0 0 0 0 0 0 0 0 0 0 0 0 0 1 45 24 1 15 16 1 1 1 0 0 0 0 0 0 0 0 0 0 0 0 0 0 1 49 6 1 0 0 1 1 0 0 0 0 0 0 0 0 0 0 0 0 0 0 1 1 1 1 1 1 3 255 255 6 1 1 1 1 1 1 1 2 6 95 255 255 255 255 246 6 1 133 98 1 1 1 1 0 1 1 1 1 4 255 238 1 1 1 1 1 0 0 1 1 0 0 0 1 49 9 1 1 1 1 1 1 3 7 97 255 255 113 207 88 6 3 16 200 255 255 1 106 1 1 13 160 182 157 38 2 1 1 1 0 0 1 1 1 1 1 1 1 1 1 1 1 4 149 215 200 41 1 1 1 1 1 0 0 0 0 0 0 0 0 0 0 0 0 0 0 0 0 0 0 0 0 0 0 0 0 0 0 0 0 0 0 0 0 0 0 0 0 0 0 0 0 0 0 0 1 1 0 0 0 1 1 1 1 5 1 0 0 0 0 0 0 0 1 1 1 1 255 45 1 1 1 89 248 247 248 248 223 2 1 2 1 1 1 1 0 0 0 0 0 1 1 0 1 1 0 1 1 1 1 1 1 255 78 1 0 0 0 0 0 0 1 1 1 3 27 38 29 4 1 1 1 1 1 1 1 1 1 1 1 1 1 1 8 1 1 100 156 140 30 1 249 255 1 1 1 1 0 1 0 1 12 1 0 0 1 1 1 1 1 243 3 1 134 255 3 1 1 0 0 1 7 7 4 1 1 1 1 1 1 1 6 1 83 255 255 1 1 1 1 1 1 1 1 1 1 1 1 1 1 1 1 1 0 1 1 1 0 1 0 0 0 1 1 1 5 2 1 0 0 0 0 0 0 0 0 0 0 0 0 0 0 0 0 0 0 0 0 0 0 0 0 0 0 0 0 0 0 0 0 0 0 0 0 0 0 0 0 1 3 36 1 0 0 1 1 37 16 7 5 1 0 0 1 2 1 1 0 1
1 1 1 14 1 1 1 1 55 83 54 1 1 0 0 0 0 0 0 0 0 0 0 0 0 0 0 0 0 0 0 0 0 0 0 0 0 0 0 0 0 0 0 1 255 1 0 0 0 0 0 0 0 0 0 0 0 0 0 0 0 0 1 1 1 1 1 1 1 1 0 0 0 0 0 0 0 1 9 66 1 0 0 1 17 17 2 1 1 1 0 0 0 0 0 0 0 0 0 0 0 1 1 49 6 1 0 0 1 0 0 0 0 0 0 0 0 0 0 0 0 0 1 1 1 1 1 1 3 255 255 9 1 1 1 1 1 1 1 1 1 1 1 1 5 55 255 255 255 255 233 94 1 1 1 1 1 1 1 1 1 6 255 21 1 1 1 1 0 0 1 1 1 0 0 0 0 1 63 3 1 1 1 1 1 1 3 3 186 255 255 234 234 207 113 204 137 255 255 1 106 2 1 2 33 7 1 1 1 1 1 1 1 1 1 1 1 1 1 0 0 1 1 0 1 1 1 1 31 198 216 154 6 1 1 1 1 1 0 0 0 0 0 0 0 0 0 0 0 0 0 0 0 0 0 0 0 0 0 0 0 0 0 0 0 0 0 0 0 0 0 0 0 0 0 0 0 0 1 1 1 1 1 1 0 0 0 1 4 0 0 0 0 0 0 0 1 1 1 1 254 255 1 3 4 1 44 10 15 32 240 242 16 4 1 1 1 1 1 0 0 0 0 1 1 0 0 1 0 1 1 1 1 1 1 182 255 1 1 0 0 0 0 0 0 0 0 1 1 1 4 28 35 35 27 11 6 5 5 3 1 1 1 1 1 1 8 1 4 3 12 75 166 251 255 2 1 0 1 0 0 0 0 0 11 1 0 0 1 1 1 1 3 239 1 1 1 251 251 1 1 0 1 1 1 20 6 1 1 1 1 1 1 5 1 11 255 255 1 1 1 1 1 1 1 1 1 1 1 1 1 1 1 1 1 1 1 1 0 0 0 1 0 0 0 1 0 1 2 6 1 0 0 0 0 0 0 0 0 0 0 0 0 0 0 0 0 0 0 0 0 0 0 0 0 0 0 0 0 0 0 0 0 0 0 0 0 0 0 0 0 0 1 50 1 1 1 1 1 76 1 1 5 5 1 2 2 1 1 0 0 0
1 1 9 4 1 2 11 82 45 1 0 0 0 0 0 0 0 0 0 0 0 0 0 0 0 0 0 0 0 0 0 0 0 0 0 0 0 0 0 0 0 0 0 215 235 0 0 0 0 0 0 0 0 0 0 0 0 0 0 1 1 1 1 0 0 0 0 0 0 1 1 1 0 0 0 0 1 1 89 1 1 0 0 0 0 1 15 20 15 2 1 1 0 0 0 0 0 0 0 0 0 0 1 1 51 5 1 0 1 0 0 0 0 0 0 0 0 0 0 0 0 1 1 1 1 1 1 10 255 255 18 1 1 1 1 1 1 1 1 1 1 1 1 1 1 1 1 3 42 255 255 255 255 1 1 1 1 1 1 1 1 16 255 3 1 1 1 0 1 0 1 0 1 1 0 0 0 0 2 69 1 1 1 1 1 1 3 1 3 254 255 255 255 255 226 78 74 255 248 1 57 32 1 1 1 16 31 2 1 1 0 0 0 0 0 0 0 0 1 1 1 1 0 0 0 0 1 1 1 1 2 126 213 210 142 20 2 1 1 1 0 0 0 0 0 0 0 0 0 0 0 0 0 0 0 0 0 0 0 0 0 0 0 0 0 0 0 0 0 0 0 0 0 0 0 1 1 1 1 1 1 1 1 0 0 0 0 1 7 1 0 1 1 1 0 1 1 1 2 3 2 255 2 5 1 5 27 27 26 2 1 181 249 248 241 161 11 1 1 1 0 0 1 1 1 1 1 1 1 1 1 1 1 1 1 1 255 1 1 1 0 0 0 0 0 0 0 0 0 0 0 1 1 1 3 14 21 23 24 20 5 4 1 1 2 3 7 4 1 5 148 100 253 255 2 1 1 1 0 0 0 0 1 1 2 8 1 1 1 1 2 2 1 238 3 1 0 1 255 206 1 1 1 1 1 3 23 1 1 1 1 1 7 1 1 255 255 1 1 1 1 1 1 1 1 1 1 1 0 0 0 0 0 1 0 1 1 0 0 0 0 1 0 1 1 1 0 1 7 1 1 1 1 0 0 0 0 0 0 0 0 0 0 0 0 0 0 0 0 0 0 0 0 0 0 0 0 0 0 0 0 0 0 0 0 0 0 0 0 0 0 0 1 45 1 1 1 1 51 7 1 1 1 4 11 1 1 1 1 0 0 1
7 4 84 75 75 77 56 2 0 0 0 0 0 0 0 0 0 0 0 0 0 0 0 0 0 0 0 0 0 0 0 0 0 0 0 0 0 0 0 0 0 0 1 255 1 0 0 0 0 0 0 0 0 0 0 0 0 1 1 1 0 0 0 0 0 0 0 0 0 0 0 1 1 1 0 0 1 74 6 1 0 0 0 0 0 0 0 0 2 14 19 20 10 1 1 1 1 1 1 0 0 0 1 1 1 52 5 1 1 1 0 0 0 0 0 0 0 0 0 1 1 1 1 1 1 2 139 255 255 22 1 1 1 0 0 0 0 0 0 1 1 1 1 1 1 1 1 1 1 1 3 185 255 255 3 1 1 1 1 1 1 54 255 2 1 1 0 1 1 1 1 0 0 1 0 0 0 1 1 73 1 1 1 1 1 1 2 1 1 2 10 130 255 255 255 242 228 255 156 2 26 117 27 1 1 1 2 36 2 1 1 1 0 0 0 0 0 0 0 0 1 1 1 1 1 1 1 1 1 1 1 1 1 10 138 204 215 195 42 2 1 1 1 1 0 0 0 0 0 0 0 0 0 0 0 0 0 0 0 0 0 0 0 0 0 0 0 0 0 0 0 0 0 1 1 1 1 1 2 49 18 1 1 1 1 0 1 2 6 6 1 1 1 1 1 1 3 4 2 1 1 255 23 4 5 3 2 2 55 5 43 47 1 12 100 230 248 248 230 46 2 1 1 1 1 1 1 1 1 1 1 1 1 0 1 1 255 1 1 1 1 1 1 0 0 1 1 0 0 0 0 0 0 0 1 0 1 1 1 3 23 8 4 4 3 1 26 3 1 4 170 218 255 2 1 1 1 1 0 0 0 0 0 1 1 16 1 1 1 3 1 1 1 166 186 1 0 1 37 255 1 1 0 0 0 1 8 7 2 4 9 6 1 1 255 255 1 1 1 1 1 1 1 1 1 1 1 1 1 1 1 1 1 1 1 0 0 0 0 0 1 1 1 1 1 0 0 1 11 1 0 0 1 1 0 1 1 0 0 0 0 0 0 0 0 0 0 0 0 0 0 0 0 0 0 0 0 0 0 0 0 0 0 0 0 0 0 0 0 0 0 0 1 12 18 1 1 2 65 1 1 1 2 2 4 3 1 1 1 1 1 1
50 59 9 4 4 1 1 0 0 0 0 0 0 0 0 0 0 0 0 0 0 0 0 0 0 0 0 0 0 0 0 0 0 0 0 0 0 0 0 0 0 0 212 237 0 0 0 0 0 0 0 0 0 0 0 1 1 1 0 0 0 0 0 0 0 0 0 0 0 0 0 0 1 1 1 1 39 30 1 1 0 0 0 0 0 0 0 0 0 0 0 1 3 17 19 12 1 0 1 1 1 1 1 1 1 1 48 29 1 1 1 0 0 0 0 0 0 0 1 1 1 1 1 1 19 255 255 250 9 1 1 1 0 0 0 0 0 0 0 0 0 0 1 1 1 1 1 1 1 1 1 1 3 255 255 96 1 1 1 1 1 166 255 1 1 1 1 1 1 1 1 1 1 1 1 1 1 1 1 23 24 1 1 1 1 2 1 1 1 1 1 4 45 171 255 255 255 255 8 57 21 5 56 87 2 1 1 2 33 2 1 1 1 0 0 0 0 0 0 1 1 0 0 0 0 0 0 0 0 0 0 0 1 1 1 1 1 44 195 214 156 8 1 1 1 1 1 1 1 0 0 0 0 0 0 0 0 0 0 0 0 0 0 0 0 0 0 0 1 1 1 1 1 1 1 1 6 131 176 145 165 174 58 1 1 1 3 2 1 9 1 0 1 1 1 4 1 0 0 0 1 255 235 3 15 1 1 1 20 15 94 8 7 12 4 2 2 6 164 246 248 250 252 255 255 255 252 242 241 211 80 7 1 1 1 18 255 1 1 1 1 0 1 1 1 1 1 1 1 1 1 1 1 0 0 0 0 1 1 1 1 6 20 22 22 19 2 3 1 1 2 255 186 1 1 1 1 0 0 0 0 0 0 1 1 17 1 1 3 1 0 0 1 2 239 1 1 1 1 255 207 1 1 0 0 0 1 2 5 2 1 1 1 183 255 36 1 1 1 1 1 0 0 1 1 1 1 1 1 1 1 1 1 1 1 1 1 1 0 1 1 0 1 1 0 0 1 1 11 1 0 0 0 1 1 0 1 0 0 0 1 1 0 0 0 0 0 0 0 0 0 0 0 0 0 0 0 0 0 0 0 0 0 0 0 0 0 0 0 0 0 0 0 3 40 1 1 65 2 1 1 3 1 1 1 5 2 1 1 1 1 1
0 0 0 0 0 0 0 0 0 0 0 0 0 0 0 0 0 0 0 0 0 0 0 0 0 0 0 0 0 0 0 0 0 0 0 0 0 0 0 0 0 1 255 1 0 1 1 1 1 1 1 1 1 1 1 1 1 1 1 1 1 1 1 0 0 0 0 0 0 0 0 0 0 0 1 22 49 1 0 1 0 0 0 0 0 0 0 0 0 0 0 0 0 0 1 3 18 11 1 1 1 0 0 0 0 1 1 16 63 40 3 1 1 0 0 0 1 1 1 1 1 1 4 205 255 255 92 3 1 1 1 0 0 0 0 0 0 0 0 0 0 0 0 0 1 1 1 1 1 1 1 1 108 123 249 255 187 1 1 1 1 255 255 1 1 1 1 1 1 1 1 1 1 1 1 1 1 1 1 1 69 1 1 1 1 4 2 40 66 71 72 68 32 67 53 179 255 94 16 32 1 1 1 9 88 4 2 8 47 47 3 1 1 1 1 1 0 0 0 0 0 0 0 0 0 0 0 0 0 0 0 0 0 0 0 1 1 1 1 3 123 206 197 82 3 1 1 1 1 1 1 1 1 1 1 1 1 1 1 1 1 0 0 0 0 1 1 1 1 1 1 1 1 1 6 139 171 67 3 1 1 5 138 130 2 5 1 1 1 5 2 1 1 2 2 1 1 1 1 0 1 253 255 39 131 46 13 142 255 255 255 255 255 255 255 255 255 255 255 255 255 255 255 255 255 255 255 255 255 255 255 255 255 255 255 255 255 1 1 1 1 1 1 1 1 1 0 0 0 1 1 1 1 1 1 1 1 0 0 1 1 1 1 1 1 1 1 3 1 1 75 255 1 1 1 1 0 0 0 0 0 1 1 1 1 17 2 3 1 1 1 1 4 3 239 1 1 1 1 9 255 1 1 1 0 0 0 0 0 0 1 1 2 255 251 1 1 1 1 1 1 1 1 1 1 1 1 28 250 255 255 234 7 1 1 1 1 1 1 1 1 1 1 0 0 1 1 1 10 1 0 0 0 0 0 1 1 1 1 1 1 1 1 1 0 0 0 0 0 0 0 0 0 0 0 0 0 0 0 0 0 0 0 0 0 0 0 0 0 0 0 0 1 6 51 1 8 41 1 3 1 1 1 1 1 1 30 74 91 61 28 15
0 0 0 0 0 0 0 0 0 0 0 0 0 0 0 0 0 0 0 0 0 0 0 0 0 0 0 0 0 0 0 0 0 0 0 0 0 0 0 0 0 208 241 1 1 1 1 1 1 1 1 1 1 1 1 1 0 0 0 0 0 0 1 1 1 1 1 0 0 0 0 0 0 0 1 72 22 1 1 1 1 0 0 0 0 0 0 0 0 0 0 0 0 0 0 0 0 3 18 5 1 0 0 0 0 0 1 1 1 7 51 41 2 1 1 1 1 1 1 1 2 55 255 255 234 11 2 1 1 1 0 0 0 0 0 0 0 0 0 0 0 0 0 0 0 0 1 1 1 1 1 135 104 1 1 214 255 1 1 1 1 255 255 1 1 1 1 1 1 2 2 2 4 6 10 21 45 91 141 193 234 146 54 40 40 73 63 10 2 1 1 1 1 2 42 70 18 2 47 8 1 1 1 1 16 95 101 87 44 95 103 12 1 0 0 1 1 1 0 0 0 0 0 0 0 0 0 0 0 0 0 0 0 0 0 0 0 1 1 1 1 1 15 168 207 193 130 3 1 1 1 1 1 1 1 1 1 1 1 1 1 1 1 1 1 1 1 1 1 3 25 62 122 175 173 56 1 1 1 1 1 1 1 78 147 1 1 1 0 1 10 1 3 1 0 0 0 1 1 1 1 253 255 255 255 255 255 255 255 232 214 210 214 237 252 252 242 216 239 255 255 246 11 1 1 1 84 2 1 1 1 3 24 229 255 255 255 255 255 132 2 1 1 1 1 1 1 1 1 1 1 1 1 1 1 1 1 1 1 1 0 0 0 1 1 1 1 2 3 1 255 218 1 1 1 0 0 0 0 1 1 1 1 1 1 17 1 1 109 255 255 255 255 255 255 255 255 255 255 162 255 164 1 1 1 0 0 0 1 1 1 1 255 255 1 1 2 1 1 1 1 1 1 1 38 255 255 255 255 255 255 255 255 255 255 134 1 1 1 1 0 1 1 1 1 1 1 3 5 1 0 0 0 0 1 1 1 1 1 1 1 1 0 1 1 1 1 1 1 0 0 0 0 0 1 0 0 0 0 0 0 0 0 0 0 0 0 0 0 0 0 0 1 8 40 6 61 2 2 1 1 2 60 101 101 99 71 23 10 34 68 87
0 0 0 0 0 0 0 0 0 0 0 0 0 0 0 0 0 0 0 0 0 0 0 0 0 0 0 0 0 0 0 0 0 0 0 0 0 0 0 0 1 255 1 1 1 1 1 1 1 0 0 1 1 1 1 1 1 1 1 1 1 1 1 1 1 0 0 1 1 1 0 0 0 1 8 6 17 49 1 1 1 1 1 0 0 0 0 0 0 0 0 0 0 0 0 0 0 0 1 6 18 3 1 0 1 1 1 1 1 1 3 57 13 12 5 1 1 1 1 7 242 255 255 57 3 1 1 1 1 0 0 0 0 0 0 0 0 0 0 0 0 0 0 0 0 0 1 1 1 3 151 63 1 1 1 1 255 8 1 1 2 255 255 255 255 255 255 255 255 255 255 255 255 255 255 255 255 255 255 255 255 255 255 251 99 12 3 1 1 1 1 1 1 1 1 2 39 66 66 1 1 1 1 0 1 1 1 1 1 1 1 52 34 1 1 0 0 1 1 1 1 1 1 0 0 0 0 0 0 0 0 0 0 0 0 0 0 0 0 0 1 1 1 1 56 2 100 190 195 141 21 19 57 123 152 171 180 176 135 23 2 1 1 1 1 1 12 156 180 177 160 138 87 5 1 1 1 0 0 0 1 1 1 1 43 123 1 1 1 0 6 8 1 0 1 1 1 1 1 1 191 255 255 247 1 1 255 255 39 4 1 1 1 1 1 1 1 1 1 1 1 11 7 1 1 1 80 1 1 1 1 1 1 1 1 1 2 108 255 255 255 255 255 51 2 1 1 1 1 1 1 1 1 1 1 1 1 1 1 1 1 0 0 1 1 1 1 1 9 255 253 1 1 1 1 1 1 1 1 1 1 1 1 4 165 255 255 255 255 255 231 4 1 1 233 2 7 226 255 255 255 255 4 1 1 1 1 1 1 1 1 253 255 1 1 1 1 1 1 1 1 5 255 255 255 255 90 1 1 1 1 1 1 24 255 255 255 255 247 7 1 1 1 0 0 1 1 9 1 1 1 0 0 1 65 104 71 8 1 1 1 1 1 1 1 1 0 0 1 1 1 1 1 1 1 1 1 0 0 0 0 0 0 0 0 0 0 0 0 0 0 1 4 7 3 90 48 1 1 3 75 94 19 1 1 1 1 1 1 1 1 1
1 1 0 0 0 0 0 0 0 0 0 0 0 0 0 0 0 0 0 0 0 0 0 0 0 0 0 0 0 0 0 0 0 0 0 0 0 0 0 1 198 243 1 1 1 1 1 1 1 1 1 1 1 1 1 1 1 1 1 1 1 1 1 1 1 1 1 1 1 1 1 1 1 19 7 1 1 2 51 1 1 0 1 1 1 0 0 0 0 0 0 0 0 0 0 0 0 0 0 0 1 11 16 1 1 0 0 0 1 2 16 22 1 1 5 13 10 3 98 255 255 190 6 1 1 1 1 0 0 0 0 0 1 1 1 1 0 0 0 0 0 0 0 1 1 1 1 1 24 150 77 1 1 1 1 1 255 194 1 2 255 255 255 255 248 219 161 92 32 11 5 3 2 2 2 2 2 2 2 2 2 7 255 255 255 255 115 14 3 2 1 1 1 1 1 1 1 1 1 0 0 0 1 1 1 0 0 0 0 1 1 1 26 77 13 1 1 1 0 0 0 1 1 1 0 0 0 0 0 0 0 0 0 0 0 0 0 0 0 0 0 0 0 2 53 1 1 1 1 84 176 177 156 111 61 28 13 16 87 171 191 194 194 192 185 186 170 27 1 1 1 1 1 1 1 0 0 0 1 1 1 0 1 1 1 88 71 1 1 0 1 17 1 1 1 1 1 1 1 64 255 215 255 255 1 2 255 13 2 39 1 1 1 1 1 1 1 1 1 1 1 1 13 1 1 1 82 1 1 1 0 1 1 1 1 1 1 1 1 1 27 255 255 255 255 255 255 254 177 65 18 6 2 1 1 1 1 1 1 1 1 1 1 1 1 1 1 14 255 253 1 1 1 1 1 1 1 3 153 255 255 255 255 255 255 255 251 8 1 1 1 1 1 1 232 1 1 1 1 1 4 255 255 1 1 1 1 1 1 1 32 255 159 1 1 3 1 1 2 251 255 255 255 166 1 1 1 1 1 1 1 1 1 1 1 1 1 250 255 255 255 255 25 1 1 1 1 10 1 1 1 1 1 1 107 2 17 84 104 97 53 9 2 1 1 1 1 1 1 1 1 1 1 1 0 0 1 1 1 1 1 1 0 0 0 0 0 0 0 0 0 1 8 7 1 120 75 81 87 88 9 1 1 1 1 0 0 0 0 0 0 0
0 1 1 1 0 0 0 0 0 0 0 1 1 1 1 1 0 0 0 0 0 0 0 0 0 0 0 0 0 0 0 0 0 1 1 1 1 1 1 1 255 1 1 1 85 243 254 251 243 231 216 221 246 255 255 255 255 255 255 255 254 89 4 1 1 1 1 1 1 1 1 6 18 1 1 0 0 1 12 28 1 1 1 0 1 1 0 0 0 0 0 0 0 0 0 0 0 0 0 0 0 0 1 16 12 1 1 1 2 16 1 22 1 1 1 1 16 255 255 255 40 3 1 1 1 1 1 0 0 0 0 1 1 1 1 1 1 1 0 0 1 1 1 3 99 158 157 155 134 2 2 18 1 1 1 1 255 255 249 255 255 255 1 1 1 1 1 1 1 1 1 1 1 1 1 1 1 1 1 1 1 1 1 3 228 255 255 255 174 36 7 3 1 1 1 1 1 1 1 1 1 0 0 0 1 1 0 0 0 0 0 1 1 2 52 83 43 2 1 1 1 1 0 1 1 0 0 0 0 0 0 0 0 0 0 0 0 0 0 0 0 0 1 22 16 1 1 0 0 0 1 1 1 1 0 0 0 1 1 1 1 1 1 2 3 1 1 1 1 0 0 0 0 0 0 0 1 1 1 0 0 0 0 1 1 4 169 1 1 1 0 5 5 1 1 1 2 28 255 255 253 1 31 255 1 255 255 1 1 60 10 10 10 11 13 10 10 10 11 9 9 14 24 5 4 4 85 1 1 1 0 1 1 1 1 0 1 1 1 1 1 1 1 5 149 219 255 255 255 255 255 255 255 255 255 214 62 8 2 1 1 1 1 1 1 1 123 255 249 1 1 6 193 255 255 255 255 255 255 255 255 169 2 1 1 1 1 1 1 0 0 0 1 1 234 1 1 1 1 1 1 255 255 1 3 255 255 255 255 255 255 255 115 3 6 20 253 255 255 255 238 1 1 1 1 1 1 1 1 1 1 1 1 1 1 1 1 1 1 1 144 255 255 255 255 123 13 8 1 1 1 0 1 2 101 1 1 1 1 3 31 83 102 97 45 5 2 2 8 14 3 1 1 1 1 1 1 1 1 1 1 1 1 1 1 0 0 0 0 0 1 10 9 10 1 104 18 2 1 1 1 0 1 0 0 1 1 1 1 1 1 1
0 0 0 1 0 0 0 0 0 1 1 1 0 0 1 1 1 1 0 0 0 0 0 0 0 0 1 1 1 1 1 1 1 1 1 1 1 1 1 193 245 148 255 255 255 255 255 255 255 255 255 255 255 255 255 235 166 136 186 254 255 255 255 255 254 17 2 1 1 1 8 8 1 1 1 1 0 1 1 22 16 1 1 1 0 0 1 1 1 0 0 0 0 0 0 0 0 0 0 0 0 0 0 1 3 18 5 8 16 1 1 27 1 1 2 136 255 255 134 22 40 45 41 17 2 1 1 1 1 1 1 1 1 1 1 1 1 1 1 1 3 111 160 154 72 3 2 2 1 1 1 4 5 1 1 1 89 255 255 255 1 1 1 1 1 1 1 1 1 1 1 1 1 1 1 1 1 1 1 1 1 1 1 1 1 2 107 255 255 255 245 99 23 6 2 1 1 1 1 1 1 1 1 1 0 1 1 1 1 1 1 1 0 1 1 1 19 76 79 18 1 1 1 1 1 0 0 0 0 0 0 0 0 0 0 0 0 0 0 0 0 0 1 58 1 1 0 0 0 0 0 0 0 0 0 0 0 0 0 1 1 1 1 1 0 0 0 0 0 0 0 0 0 0 0 1 1 0 0 0 0 0 0 1 1 1 165 4 1 1 1 2 253 255 255 255 255 255 255 79 1 1 1 255 255 255 1 1 28 2 1 1 1 1 1 1 0 1 1 1 2 2 11 1 1 1 99 1 1 1 1 1 1 1 1 1 1 1 1 1 1 1 1 1 9 133 20 3 49 65 43 131 255 255 255 255 255 255 255 255 255 255 252 238 211 255 255 239 253 255 255 255 255 255 255 150 4 1 1 1 1 1 1 1 1 1 1 1 1 0 0 0 1 1 212 70 1 1 1 1 2 255 195 83 255 255 214 231 255 255 255 255 255 255 255 255 255 250 3 1 1 1 1 1 1 0 0 0 0 0 0 0 0 0 0 1 1 1 1 1 1 1 1 122 255 255 255 255 242 9 1 1 1 45 37 1 1 1 1 1 1 1 1 3 40 92 102 102 87 76 98 94 17 1 1 1 1 1 1 1 1 1 1 1 1 1 1 1 0 0 1 26 2 5 1 2 60 97 122 45 1 1 0 1 1 1 0 0 0 0 0 0
0 0 0 1 1 0 0 1 1 1 1 1 1 1 1 1 1 1 1 1 1 1 1 1 1 1 1 1 1 1 1 1 1 1 1 1 1 1 1 255 255 255 249 1 1 1 1 1 1 1 1 1 1 1 1 1 1 1 1 1 1 3 15 198 255 255 255 10 2 1 23 1 1 1 1 1 1 0 0 1 28 13 1 1 1 0 0 0 1 1 1 1 1 1 1 1 1 1 1 1 1 1 1 1 0 1 7 5 1 1 1 32 1 13 255 255 253 12 1 1 1 1 2 12 40 44 41 33 24 50 69 71 80 70 72 106 111 112 135 164 160 62 2 1 1 2 1 1 1 1 1 6 2 2 1 7 255 255 7 1 1 1 1 1 1 1 1 1 1 1 1 1 1 1 1 1 1 1 1 1 1 1 1 1 1 1 1 2 27 255 255 255 255 165 54 11 4 2 1 1 1 1 1 1 1 1 1 1 1 1 1 1 1 0 0 0 1 1 2 44 81 80 76 51 3 1 0 0 0 0 0 0 0 0 0 0 0 0 0 1 1 1 2 54 1 1 0 0 0 0 0 0 0 0 0 0 0 0 0 0 0 0 0 0 0 0 0 0 0 0 0 0 0 0 1 1 0 0 0 0 0 0 0 0 1 1 49 130 1 2 255 255 255 255 188 21 3 61 2 1 1 1 1 255 255 1 1 7 37 5 5 5 5 2 1 1 1 1 1 5 30 46 108 137 144 117 99 1 1 1 1 1 1 0 0 1 1 1 1 1 1 1 1 1 1 1 112 170 2 1 1 1 1 1 2 6 93 181 252 255 255 255 255 255 255 255 255 255 255 255 107 2 1 1 1 1 1 1 1 0 0 0 1 1 0 1 0 1 1 1 0 0 0 1 40 219 1 1 1 1 2 255 255 255 255 1 1 1 1 2 5 1 1 1 1 1 1 1 1 1 1 1 1 0 0 0 0 0 0 0 0 0 0 0 0 0 0 1 1 1 1 1 1 1 1 1 4 252 255 255 255 255 105 109 3 1 1 1 1 1 1 1 1 1 1 1 1 1 1 1 1 3 70 101 67 13 2 1 1 1 1 1 1 1 1 1 1 1 1 0 3 21 1 1 2 4 73 109 87 2 1 1 1 1 0 0 0 0 0 0 0 0
0 0 0 0 1 1 1 1 1 1 7 254 255 255 7 1 1 1 1 0 0 0 0 1 1 1 1 1 1 1 1 1 1 1 1 1 4 251 255 255 204 1 1 0 1 1 1 1 1 1 1 1 1 1 1 1 1 1 1 1 1 1 1 1 2 50 255 255 230 33 7 1 1 1 1 1 1 1 1 1 1 30 28 2 1 1 0 0 0 0 0 0 0 1 0 0 0 0 0 0 0 0 0 0 1 1 1 1 1 1 1 43 184 255 255 76 2 1 1 1 0 1 1 1 1 1 2 7 97 28 5 6 13 37 137 105 99 96 67 19 9 9 10 10 9 8 7 4 2 3 4 2 3 3 33 255 255 1 1 1 0 0 1 1 0 0 0 0 0 0 0 0 0 0 0 0 0 0 0 0 0 1 1 1 1 1 1 1 1 1 10 254 255 255 255 231 117 40 11 4 2 1 1 1 1 1 1 1 1 1 1 0 1 1 1 1 0 0 1 1 1 1 1 11 78 10 1 1 1 1 1 0 1 1 1 1 1 1 1 1 1 1 42 5 1 0 0 0 0 0 0 0 0 0 0 0 0 0 0 0 0 0 0 0 0 0 0 0 0 0 0 0 1 1 1 0 0 0 0 0 0 0 0 1 1 1 1 177 255 255 255 25 1 1 1 1 1 57 2 1 1 1 2 255 1 1 4 4 14 1 1 2 3 2 1 1 4 10 81 86 62 46 25 1 32 11 173 11 1 1 1 1 1 1 1 1 1 0 1 1 1 1 1 1 1 1 1 67 135 1 1 1 1 1 1 1 121 2 1 1 1 1 1 2 2 2 1 1 1 1 1 1 1 0 1 1 0 0 0 0 0 0 0 1 1 1 1 1 1 1 1 0 1 2 4 229 0 1 1 1 1 255 255 251 2 1 1 1 1 3 1 1 1 1 1 1 1 1 1 1 2 1 0 0 0 0 0 0 0 0 0 0 0 0 0 0 0 0 0 0 0 0 0 1 1 1 1 1 1 1 135 255 255 255 255 252 57 13 80 252 255 255 255 255 62 1 1 1 1 1 1 1 1 1 20 77 99 103 90 21 2 1 1 1 1 1 1 1 1 1 5 19 1 84 120 87 12 1 1 1 1 0 0 0 0 1 1 1 1 1 1 1
1 1 1 1 1 1 1 1 240 255 255 255 255 255 255 255 111 1 1 1 1 1 1 1 1 1 1 4 86 247 255 255 255 255 255 255 255 255 165 37 1 0 0 0 1 1 1 1 0 0 1 1 1 1 1 1 1 0 0 0 0 0 0 1 1 1 2 169 255 255 123 7 2 1 1 1 1 1 1 1 1 1 10 47 50 25 1 1 0 0 1 1 1 1 1 1 1 1 1 1 1 1 1 1 1 1 1 1 1 2 33 255 255 232 5 1 1 1 1 1 1 1 1 1 1 1 1 58 8 1 4 2 4 66 3 1 1 1 1 1 1 1 1 1 1 1 1 3 5 2 1 1 3 44 255 255 1 1 1 0 0 1 1 1 0 0 0 0 0 0 0 0 0 0 0 0 0 0 0 0 0 0 0 1 1 1 1 1 1 1 1 1 11 229 255 255 255 255 245 147 56 14 5 2 2 1 1 1 1 1 1 1 0 0 0 1 1 0 0 0 0 0 1 1 12 36 0 0 0 0 1 1 1 0 0 0 0 1 76 61 57 58 18 1 1 0 0 0 0 0 0 0 0 0 0 0 0 0 0 0 0 0 0 0 0 0 0 0 0 0 0 1 1 0 0 0 0 0 0 0 0 0 1 1 1 1 253 255 255 78 1 1 1 1 1 1 1 27 14 1 1 1 36 255 1 2 7 1 35 68 30 13 13 20 13 14 39 80 7 1 0 1 1 1 28 0 1 142 116 1 0 0 1 1 1 1 1 1 1 1 1 0 1 1 1 1 1 1 138 58 1 1 1 1 0 1 125 1 1 1 1 1 1 1 1 1 1 1 1 0 0 0 0 1 1 0 0 0 0 0 0 0 0 0 1 1 1 1 1 0 1 0 1 3 6 232 0 1 1 1 38 255 205 1 1 1 1 1 1 2 1 1 1 1 1 1 0 0 0 1 1 1 0 0 0 0 0 0 0 0 0 0 0 0 0 0 0 0 0 0 0 1 1 1 1 1 1 1 1 1 1 1 24 255 255 255 255 255 255 255 255 255 255 255 255 255 134 1 1 1 1 1 1 1 1 1 1 1 5 65 100 101 57 7 2 1 1 1 1 1 2 26 1 2 83 77 1 1 1 1 0 1 1 1 0 1 1 1 1 1 1 1
1 1 1 1 1 44 255 255 255 201 1 0 0 1 1 232 255 255 255 255 255 255 255 255 255 255 255 255 255 255 255 229 24 1 1 1 1 1 1 12 9 0 0 0 0 0 0 1 0 0 0 0 0 0 0 0 0 0 0 0 0 0 0 0 0 1 1 1 5 254 255 255 92 20 8 5 4 3 2 2 1 1 1 1 2 12 51 16 1 1 1 1 1 1 1 1 1 1 1 1 1 1 1 1 1 1 1 2 12 243 255 255 35 2 1 1 1 1 1 0 0 0 0 1 1 1 20 55 1 1 1 3 91 4 1 1 1 1 1 1 1 1 0 1 1 1 1 1 1 2 1 1 1 255 255 1 1 1 1 0 1 1 0 0 0 0 0 0 0 0 0 0 0 0 0 0 0 0 0 0 0 0 0 0 0 0 1 1 1 1 1 1 1 1 5 62 247 255 255 255 255 254 179 88 30 10 3 2 1 1 1 1 1 1 1 1 1 1 1 1 0 0 1 1 5 54 0 0 0 0 0 0 0 0 0 0 0 0 14 57 6 1 1 1 1 0 0 0 1 1 0 0 0 0 0 0 0 0 1 1 1 1 1 1 1 1 1 0 0 1 1 1 0 0 0 0 0 0 0 0 0 1 1 1 55 255 255 144 1 4 2 2 1 1 0 1 1 1 56 1 1 3 176 255 4 9 8 119 114 32 88 24 63 70 68 67 50 4 4 1 1 0 1 1 29 1 1 1 47 140 1 0 0 0 1 1 0 1 1 1 1 1 1 1 1 1 1 1 1 174 6 1 0 0 1 1 122 1 1 1 1 1 1 1 1 1 0 0 0 0 0 0 1 1 0 0 0 0 0 0 0 0 0 0 0 1 1 1 1 1 1 1 1 1 2 232 1 1 1 5 255 251 1 1 2 1 1 1 3 1 0 0 0 0 0 0 0 0 0 0 1 1 0 0 0 0 0 0 0 0 0 0 0 0 0 0 0 0 0 0 0 0 0 0 0 0 1 1 1 1 1 1 192 255 1 1 2 4 2 1 1 1 1 1 2 255 255 255 42 1 1 1 1 1 1 1 1 1 1 1 1 2 27 87 102 104 104 100 34 2 1 72 71 56 42 4 1 0 0 1 1 1 1 1 1 1 0 0 0 0 0 0
1 1 3 255 255 255 255 2 1 1 1 1 1 1 1 1 1 7 255 255 255 255 154 3 1 1 1 1 1 1 1 0 0 0 0 1 1 0 1 1 34 0 0 0 0 1 1 0 0 0 0 0 0 0 0 0 0 0 0 0 0 0 0 0 0 0 0 1 1 10 29 255 255 255 255 255 255 255 220 100 26 6 3 1 1 1 2 41 7 1 1 1 1 1 1 1 1 1 1 1 1 1 1 1 2 5 37 245 255 255 166 14 20 1 1 1 1 1 1 1 1 1 1 1 9 79 42 1 1 1 1 4 85 3 2 1 0 0 0 0 0 0 0 0 0 0 1 1 1 1 1 1 246 255 2 1 1 1 1 1 1 0 0 0 0 0 0 0 0 0 0 0 0 0 0 0 0 0 0 0 0 0 0 0 0 0 1 1 1 1 1 1 1 1 1 1 2 5 32 196 255 255 255 255 255 233 144 57 13 3 1 1 1 1 1 1 1 1 1 1 1 1 1 1 1 76 1 0 0 0 0 0 0 0 0 0 0 0 0 1 39 61 47 4 1 1 0 0 0 1 1 1 1 1 1 1 1 1 1 0 0 0 0 0 0 0 1 1 1 1 0 0 0 0 0 0 0 0 0 0 1 1 1 255 255 254 1 1 1 2 1 1 1 1 0 1 1 1 41 61 61 52 238 255 4 45 102 1 1 3 33 20 1 1 1 1 1 1 1 3 1 1 1 1 30 0 0 0 1 82 88 0 0 1 1 0 1 1 1 0 0 0 1 1 1 1 1 1 1 3 174 10 1 0 1 74 35 1 1 1 1 0 0 0 0 0 0 0 0 0 0 1 1 0 0 0 0 0 0 0 0 0 0 0 0 0 1 1 1 1 0 1 1 1 11 231 69 1 88 255 255 7 1 1 2 0 1 1 3 1 1 0 0 0 0 0 0 0 0 0 1 1 0 0 0 0 0 0 0 0 0 0 0 0 0 0 0 0 0 0 0 0 0 0 0 0 0 0 1 1 1 1 255 250 1 1 1 1 1 1 1 1 0 1 1 1 2 255 255 255 27 1 1 1 1 1 0 0 0 1 1 1 1 1 1 1 1 2 46 90 93 154 5 1 1 1 1 1 1 1 1 1 1 1 1 1 0 0 0 0 0 0
255 255 255 255 149 1 1 1 1 1 0 0 0 0 0 0 0 0 0 0 0 0 0 0 0 0 0 0 0 0 0 0 0 0 1 1 0 0 0 1 24 3 0 0 1 1 0 0 0 0 0 0 0 0 0 0 0 0 0 0 0 0 0 0 0 0 0 0 1 4 1 1 8 174 253 255 255 255 255 255 255 255 178 68 16 4 2 2 53 18 1 1 1 1 1 1 1 2 2 4 6 16 47 136 250 255 255 255 209 6 1 1 37 1 1 1 1 1 1 1 1 3 34 81 59 2 1 1 1 1 1 72 8 1 2 2 1 1 0 0 0 0 1 1 0 0 0 1 1 1 1 2 255 255 1 1 1 1 1 1 0 1 1 1 0 0 0 0 0 0 0 0 0 0 0 0 0 0 0 0 0 0 0 0 0 0 0 0 1 1 1 1 1 1 1 1 1 1 1 1 3 15 118 255 255 255 255 255 254 172 60 9 2 1 1 1 1 1 1 1 1 1 1 1 1 76 1 0 0 0 0 0 0 0 0 0 0 0 0 1 1 1 4 61 2 1 0 0 0 0 0 0 0 0 0 0 0 0 0 0 0 0 0 0 0 0 0 0 0 0 0 0 0 0 0 0 0 0 0 1 1 1 255 255 23 1 1 1 0 1 1 1 1 1 1 1 1 1 1 1 1 1 212 255 58 82 1 1 1 24 1 1 1 1 1 0 0 0 0 3 1 1 1 3 19 1 0 0 0 1 164 1 1 1 0 1 1 0 0 0 0 0 0 1 1 0 1 1 1 1 3 172 92 1 1 127 1 1 1 0 0 0 0 0 0 0 0 0 0 0 1 1 0 0 0 0 0 0 0 0 0 0 0 0 0 0 0 0 1 1 1 0 1 6 7 9 232 255 255 251 2 2 6 3 2 1 1 2 1 1 0 0 0 0 0 0 0 0 0 0 1 1 0 0 0 0 0 0 0 0 0 0 0 0 0 0 0 0 0 0 0 0 0 0 0 0 0 1 1 1 1 1 255 28 1 1 1 1 0 0 1 1 1 0 0 1 1 1 11 255 255 255 255 108 3 1 1 1 0 0 0 1 1 1 1 0 1 1 1 1 2 78 38 15 14 16 14 9 4 1 1 1 1 1 1 1 1 1 1 0 0 0
1 1 1 0 0 0 0 0 0 0 0 0 0 0 0 0 0 0 0 0 0 0 0 0 0 0 0 0 0 0 0 0 0 1 1 0 0 0 0 1 1 34 0 1 1 0 0 0 0 0 0 0 0 0 0 0 0 0 0 0 0 0 0 0 0 0 0 0 1 3 1 1 1 1 1 1 1 3 8 90 246 255 255 255 255 248 170 103 59 76 65 24 22 26 41 79 149 226 255 255 255 255 255 255 255 253 66 4 1 1 1 1 47 33 27 29 58 79 82 82 82 75 27 1 1 1 0 1 1 1 29 53 1 1 1 1 3 1 1 0 1 1 1 0 0 1 1 1 1 1 1 195 255 3 1 1 1 1 0 1 1 1 0 0 0 0 0 0 0 0 1 0 0 0 0 0 0 0 0 0 0 0 0 0 0 0 0 0 0 1 1 0 0 1 1 1 1 1 1 1 1 1 1 2 8 79 247 255 255 255 255 255 194 69 11 3 1 1 1 1 1 1 1 1 1 29 30 1 0 0 0 0 0 0 0 0 0 0 0 0 1 1 1 3 54 2 1 1 0 0 0 0 0 0 0 0 0 0 0 0 0 0 0 0 0 0 0 0 0 0 0 0 0 0 0 1 0 1 1 1 14 255 255 2 1 1 0 0 0 0 1 1 1 1 0 1 1 1 1 4 6 6 194 255 122 44 47 4 6 8 1 1 0 0 1 0 0 1 1 3 2 2 2 32 1 1 1 0 0 1 93 77 1 0 1 1 0 0 0 0 0 0 0 0 0 0 0 1 1 1 1 1 116 184 60 124 1 1 1 1 1 0 0 0 0 0 0 0 0 1 1 0 0 0 0 0 0 0 0 0 0 0 0 0 0 0 0 0 1 1 1 1 5 5 1 1 255 255 27 1 3 4 5 11 22 3 2 1 1 0 0 0 0 0 0 0 0 0 0 0 1 1 0 0 0 0 0 0 0 0 0 0 0 0 0 0 0 0 0 0 0 0 0 1 1 0 1 1 1 1 1 4 255 1 1 1 0 0 0 0 0 0 1 1 1 0 1 1 1 1 3 252 255 255 255 255 255 235 17 1 1 0 0 0 1 1 1 1 1 1 36 4 1 12 6 3 4 7 7 13 15 15 15 14 7 2 1 1 1 1 1 1
0 0 0 0 0 0 0 0 0 0 0 0 0 0 0 0 0 0 0 0 0 0 0 0 0 0 0 0 0 0 0 0 1 1 0 0 0 0 0 1 0 34 1 1 0 0 0 0 0 0 0 0 0 0 0 0 0 0 0 0 0 0 0 0 0 0 0 1 4 1 1 1 1 1 1 1 1 1 1 1 2 4 19 160 255 255 255 255 255 255 255 255 255 255 255 255 255 255 255 255 214 147 85 43 36 38 38 36 32 32 33 34 101 55 37 35 10 2 1 1 1 1 1 0 1 0 1 1 1 27 64 1 1 1 0 1 1 3 2 1 1 0 0 0 1 1 1 1 1 1 252 255 255 1 1 1 1 1 1 1 0 0 0 0 0 0 0 0 1 1 1 0 0 0 0 0 0 0 0 0 0 0 0 0 0 0 0 0 0 0 1 1 0 0 0 1 1 1 1 1 1 1 1 1 1 1 2 6 47 204 255 255 255 255 255 240 119 23 4 2 1 1 1 1 1 2 79 2 1 1 1 1 0 0 0 0 0 0 0 0 0 0 0 1 3 53 3 1 1 1 1 0 0 0 0 0 0 0 1 1 1 1 1 1 1 1 1 1 1 1 1 1 1 1 1 1 1 1 1 227 255 255 1 1 0 0 1 1 0 0 0 0 0 1 1 2 3 3 4 2 1 1 255 255 255 253 142 102 33 1 1 1 0 0 1 1 1 1 2 3 1 0 2 27 1 1 1 2 2 2 2 161 2 1 1 0 0 0 0 0 0 0 0 0 0 0 0 1 0 0 1 1 1 1 180 167 1 1 1 1 1 0 0 0 0 0 0 0 1 1 0 0 0 0 0 0 0 0 0 0 0 0 0 0 0 0 0 0 0 1 1 1 2 2 1 1 255 251 1 1 1 0 1 1 9 5 1 1 1 0 0 0 0 1 1 0 1 1 1 1 1 1 1 1 1 0 0 0 0 0 0 0 1 1 1 1 0 1 1 1 1 1 1 2 1 1 1 1 1 1 1 74 255 1 1 0 0 0 0 0 1 1 1 0 1 1 1 1 1 1 1 1 1 1 4 226 255 255 255 255 255 7 1 1 0 0 1 1 1 1 57 1 1 1 5 1 1 2 1 1 1 1 1 1 3 15 22 22 22 15 1 1
0 0 0 0 0 0 0 0 0 0 0 0 0 0 0 0 0 0 0 0 0 0 0 0 0 0 0 0 0 0 0 1 1 0 0 0 0 0 0 1 1 3 24 0 0 0 0 0 0 0 0 0 0 0 0 0 0 0 0 0 0 0 0 0 0 0 0 1 7 0 0 1 1 0 1 1 1 1 1 1 1 1 1 1 2 6 20 67 127 158 174 196 205 168 145 133 115 112 99 100 100 80 81 96 74 45 2 2 2 2 1 1 18 47 1 1 0 1 1 0 0 0 0 0 1 1 1 1 3 91 2 1 1 1 1 1 1 1 1 3 3 1 0 0 1 1 1 1 2 255 255 249 1 1 1 1 1 1 1 1 0 0 1 1 0 1 1 1 1 0 0 0 0 0 0 0 0 0 0 0 0 0 0 0 0 0 0 0 0 0 0 1 1 1 0 0 0 0 1 1 1 1 1 1 1 1 1 1 1 2 3 11 89 254 255 255 255 255 254 157 56 18 8 5 4 4 47 71 31 2 1 1 1 0 0 0 0 0 1 1 1 1 1 1 1 2 49 59 59 38 1 1 0 0 1 1 1 1 1 1 1 1 1 1 1 1 1 1 1 1 1 1 1 1 1 1 1 1 255 255 225 1 1 1 0 1 1 0 0 0 0 0 0 1 3 1 1 1 2 1 1 190 255 255 255 255 255 255 255 235 19 1 1 1 1 0 0 1 1 1 1 0 11 8 1 1 5 1 1 1 1 48 122 1 1 0 0 0 0 0 0 0 0 0 0 0 0 1 0 0 1 1 1 1 5 231 1 1 1 1 0 0 0 0 0 0 0 1 1 0 0 0 0 0 0 0 0 0 0 0 0 0 0 0 0 0 0 0 1 1 1 1 1 5 1 1 255 205 48 4 1 0 0 0 1 26 1 1 0 0 0 0 0 1 1 1 1 1 1 0 1 1 1 0 1 1 0 0 0 0 0 1 1 1 0 1 1 1 1 55 59 5 4 5 40 5 3 2 1 1 4 252 255 1 1 1 1 1 1 1 1 1 1 0 0 0 0 0 1 1 1 1 1 1 1 1 1 1 2 233 255 255 255 19 1 1 1 1 1 9 36 1 1 1 2 9 3 2 0 0 1 1 1 1 1 5 1 1 1 2 19 13
0 0 0 0 0 0 0 0 0 0 0 0 0 0 0 0 0 0 0 0 0 0 0 0 0 0 0 0 0 1 1 1 0 0 0 0 0 0 0 0 0 0 35 1 0 0 0 0 0 0 0 0 0 0 0 0 0 0 0 0 0 0 0 0 0 0 0 2 7 1 1 1 0 0 0 0 0 0 1 1 1 1 1 1 1 1 1 1 1 1 1 1 2 10 115 133 102 3 1 1 1 1 1 1 12 62 97 61 20 3 2 4 58 95 2 1 1 1 1 1 0 0 0 1 1 1 1 1 64 15 1 1 1 0 0 0 0 1 1 1 1 3 1 1 1 1 1 1 255 255 3 1 1 1 1 1 0 1 1 1 0 0 1 1 1 1 1 0 0 0 0 0 0 0 0 0 0 0 0 0 0 0 0 0 0 0 0 0 0 0 0 0 0 1 1 1 0 1 1 1 1 1 1 0 0 1 1 1 1 1 1 1 1 1 4 26 198 255 255 255 255 255 255 255 255 254 250 235 212 177 40 3 1 1 1 1 1 1 1 1 1 1 1 0 1 1 1 1 1 13 31 1 1 1 1 1 1 1 1 2 3 5 15 46 128 233 255 255 255 243 95 10 2 1 1 3 175 255 255 44 1 1 1 1 1 1 0 0 0 0 0 0 1 3 1 1 2 2 1 1 2 255 241 1 1 1 1 2 251 255 255 255 255 230 101 40 4 1 46 99 106 37 32 1 1 1 5 1 0 1 1 30 48 128 115 2 0 0 0 0 0 0 0 0 0 0 0 1 1 0 0 1 1 1 1 232 1 0 1 1 0 0 0 0 0 0 1 1 0 0 0 0 0 0 0 0 0 0 0 0 0 0 0 0 0 1 1 1 1 1 1 1 1 4 1 1 255 109 1 33 13 0 0 1 1 27 1 1 0 0 0 0 0 0 1 1 1 0 1 1 1 1 0 0 0 1 1 1 0 1 1 1 1 1 7 124 253 255 255 255 255 255 255 255 255 255 255 255 255 255 255 255 18 1 1 0 0 1 1 1 1 1 1 1 0 0 0 0 0 0 0 0 0 0 1 1 1 1 1 1 1 45 255 255 255 96 1 1 1 66 1 1 1 1 1 1 9 1 1 1 1 1 1 1 1 5 1 1 1 1 1 2
0 0 0 0 0 0 0 0 0 0 0 0 0 0 0 0 0 0 0 0 0 0 0 0 0 0 0 0 1 1 1 0 0 0 0 0 0 0 0 0 0 0 10 11 0 0 0 0 0 0 0 0 0 0 0 0 0 0 0 0 0 0 0 0 0 1 0 6 2 1 1 1 1 1 1 1 1 1 1 1 1 1 1 1 1 1 1 1 1 1 1 1 1 1 1 1 21 131 19 1 1 1 1 1 1 1 1 16 55 87 92 83 22 68 107 74 23 2 1 1 1 1 1 1 1 1 1 2 95 1 1 0 0 0 0 0 0 0 0 0 0 1 3 2 1 0 1 252 255 1 1 1 1 1 0 0 0 0 1 1 0 1 1 1 0 1 0 0 0 0 0 0 0 0 0 0 0 0 0 0 0 0 0 0 0 0 0 0 0 0 0 0 0 0 0 1 1 1 0 0 0 0 1 1 1 1 1 0 0 0 1 1 1 1 1 1 1 3 10 104 252 255 255 255 255 255 255 255 255 255 255 255 205 2 1 1 1 1 1 1 1 1 1 1 1 1 2 4 8 18 98 99 124 187 244 255 255 255 255 255 255 255 255 255 255 255 255 255 255 255 255 255 255 255 255 255 255 255 2 1 1 1 1 1 1 2 3 3 3 3 2 2 3 1 1 2 1 1 1 1 255 255 1 1 1 1 1 1 96 1 1 53 255 255 255 255 255 255 31 1 1 80 71 1 1 0 5 1 1 1 1 29 1 1 5 122 40 1 0 0 0 0 0 0 0 0 0 0 0 0 0 0 0 1 1 233 1 0 1 1 0 0 0 0 0 1 1 0 0 0 0 0 0 0 0 0 0 0 0 0 0 0 0 0 0 1 1 0 0 0 0 1 1 3 8 16 255 8 1 1 28 4 1 1 1 5 17 1 1 0 0 1 0 0 1 1 1 1 1 0 1 1 1 1 1 1 1 3 42 225 255 255 255 255 255 255 255 215 42 232 217 128 68 26 12 14 25 59 120 187 165 7 1 1 1 1 1 1 1 1 0 0 0 1 1 1 1 1 0 0 0 0 0 0 0 0 0 1 1 1 1 1 1 3 255 255 255 228 5 57 1 1 1 1 1 1 19 1 1 1 1 1 1 1 2 9 1 1 1 1 2 4
0 0 0 0 0 0 0 0 0 0 0 0 0 0 0 0 0 0 0 0 0 0 0 0 0 0 1 1 1 0 0 0 0 0 0 0 0 0 0 0 0 0 1 35 0 0 0 0 0 0 0 0 0 0 0 1 0 0 0 0 0 0 0 1 1 1 3 21 7 5 2 1 1 1 1 0 1 1 0 0 0 0 1 1 0 0 0 0 1 1 1 1 1 1 1 1 1 3 112 109 3 1 1 1 1 0 1 1 1 1 1 1 1 1 41 32 43 76 79 63 36 10 2 1 1 1 1 67 13 1 1 0 0 0 0 0 0 0 0 0 0 0 1 2 2 1 1 255 249 1 1 1 1 0 0 0 0 0 0 1 0 1 0 0 0 1 1 1 0 0 0 0 0 0 0 0 0 0 0 0 0 0 0 0 0 0 0 0 0 0 0 0 0 0 0 0 0 0 0 0 0 0 0 0 0 0 0 0 0 0 0 0 1 1 1 1 1 1 1 1 1 1 2 2 3 3 4 7 15 35 104 255 255 255 37 3 2 2 2 2 2 3 4 28 213 255 255 255 255 255 255 255 255 255 255 255 255 255 254 233 136 55 22 7 3 2 1 1 1 1 2 2 4 11 20 4 1 1 1 1 1 1 1 1 3 2 1 1 1 1 1 1 1 1 2 1 1 1 1 255 255 1 1 1 1 1 1 1 96 1 1 1 1 1 1 1 3 255 255 1 1 1 160 8 1 1 6 1 1 0 1 30 1 0 0 1 69 124 6 1 0 0 0 0 0 0 0 0 0 0 0 0 0 1 1 234 1 1 1 1 0 0 0 0 1 1 0 0 0 0 0 0 0 0 0 0 0 0 0 0 0 0 0 0 0 1 1 0 0 0 1 1 1 1 1 1 255 1 1 1 1 41 1 1 1 1 30 1 1 1 1 1 1 1 1 1 1 1 1 1 1 5 95 253 255 255 255 255 255 255 254 161 11 2 72 195 196 191 181 165 206 229 238 242 242 242 238 223 160 133 212 122 1 1 1 1 1 1 1 1 0 0 0 0 0 0 0 1 1 1 1 0 0 0 0 0 0 0 0 1 1 1 1 1 1 1 255 255 255 255 255 207 5 1 1 1 11 7 1 4 25 154 210 209 232 249 240 240 255 255 255 255
0 0 0 0 0 0 0 0 0 0 0 0 0 0 0 0 0 0 0 0 0 0 0 0 0 1 1 1 0 0 0 0 0 0 0 0 0 0 0 0 0 0 0 23 3 0 0 0 0 0 0 0 0 0 1 1 0 0 0 0 0 0 1 1 9 16 8 1 1 2 5 7 8 8 7 6 2 1 0 0 0 0 0 0 1 1 1 1 1 1 1 1 1 1 1 1 0 1 1 22 131 15 2 1 1 1 0 0 0 0 0 0 0 1 1 43 6 7 5 7 25 56 75 20 4 3 16 69 1 1 0 0 0 0 0 0 0 0 0 0 0 0 0 1 1 3 255 255 2 1 0 1 0 0 0 0 0 0 1 1 1 1 0 0 0 0 0 1 1 0 0 0 0 0 0 0 0 0 0 0 0 0 0 0 0 0 0 0 0 0 0 0 0 0 0 0 0 0 0 0 0 0 0 0 0 0 0 0 0 0 0 0 0 0 0 1 1 1 1 1 1 1 1 1 1 1 1 1 1 1 1 3 77 255 255 255 255 255 255 255 255 255 255 255 255 255 233 116 51 20 8 4 3 2 2 1 1 1 1 1 1 1 1 1 1 1 1 1 1 1 1 1 1 1 1 1 1 1 1 1 1 0 1 3 1 1 1 1 0 0 1 1 1 2 1 1 1 3 255 255 7 1 1 1 1 1 1 1 55 16 1 1 1 1 1 1 1 1 255 221 1 2 163 212 220 221 120 1 1 0 1 32 1 0 0 0 0 2 112 128 23 1 0 0 0 0 0 0 0 0 0 0 0 0 1 234 1 1 1 1 0 0 0 1 1 0 0 0 0 0 0 0 0 0 0 0 0 0 0 0 0 0 0 0 0 1 1 0 0 0 1 1 1 1 1 16 255 1 1 1 1 2 61 205 255 255 255 255 255 255 255 255 255 255 255 255 255 255 255 255 255 255 255 255 200 16 2 1 1 1 1 1 1 165 148 2 1 1 1 30 1 1 1 2 4 14 58 149 217 226 176 242 2 1 1 1 1 1 1 1 1 1 0 0 0 0 0 0 0 0 0 1 1 1 0 0 0 0 0 0 0 0 1 1 1 1 1 249 252 255 255 255 255 255 252 190 222 255 255 255 255 255 255 255 255 255 255 255 255 255 226 30
0 0 0 0 0 0 0 0 0 0 0 0 0 0 0 0 0 0 0 0 0 0 0 1 1 1 0 0 0 0 0 0 0 0 0 0 0 0 0 0 0 0 0 1 34 0 0 0 0 0 0 0 0 3 19 2 1 0 0 0 0 0 5 17 3 1 1 0 1 1 1 1 1 1 1 1 5 6 1 1 0 0 0 0 0 0 0 0 0 0 0 1 1 2 1 1 1 1 1 1 5 132 163 40 1 1 1 1 0 0 0 0 0 1 1 4 42 2 2 6 6 7 7 55 84 89 78 1 1 0 0 0 0 0 0 0 0 1 0 0 0 0 1 1 1 223 255 82 2 1 1 1 0 0 0 0 1 1 1 1 1 0 0 0 0 0 0 0 1 0 0 0 0 0 0 0 0 0 0 0 0 0 0 0 0 0 0 0 0 0 0 0 0 0 0 0 0 0 0 0 0 0 0 0 0 0 0 0 0 0 0 0 0 0 0 0 0 0 0 1 1 1 1 1 1 1 1 1 1 1 1 1 1 225 230 238 255 255 255 254 254 253 213 30 3 1 1 1 1 1 1 1 1 1 1 1 1 1 1 1 1 0 0 1 0 0 0 0 0 0 0 0 0 0 0 0 0 0 1 1 0 1 2 2 1 0 1 1 2 2 2 3 2 1 1 1 173 255 255 43 1 1 1 1 0 0 0 1 1 92 1 0 1 1 1 1 1 1 212 255 255 253 240 49 1 29 228 1 1 1 1 31 1 0 0 0 0 0 1 1 90 92 1 1 1 0 0 0 0 0 0 0 0 0 1 234 1 1 1 1 1 1 1 1 0 0 0 1 1 1 1 1 1 1 1 1 1 1 0 0 0 0 0 0 0 0 0 0 0 0 1 1 1 1 2 255 255 56 230 255 255 255 255 255 253 165 107 169 133 66 18 6 4 3 2 2 2 2 2 1 1 1 1 1 1 1 1 1 1 1 1 1 167 46 1 1 1 1 2 18 1 1 1 1 1 1 1 1 1 1 3 242 17 1 1 1 1 1 1 1 1 1 1 1 1 0 0 0 0 0 0 0 0 1 1 0 0 0 0 0 0 0 0 0 1 1 1 255 18 1 1 1 44 255 255 255 255 255 255 72 2 1 1 62 3 2 1 1 1 1 1 1
0 0 0 0 0 0 0 0 0 0 0 0 0 0 0 0 0 0 0 0 0 0 0 1 1 0 0 0 0 0 0 0 0 0 0 0 0 0 0 0 0 0 0 0 33 1 0 0 0 0 0 0 2 12 1 12 4 1 1 0 3 17 6 1 0 1 1 1 0 0 0 0 1 1 1 1 1 1 7 2 1 1 1 0 0 0 0 0 1 2 4 6 6 4 5 6 7 10 82 128 134 123 85 48 51 12 1 1 0 0 0 0 0 0 1 1 7 20 1 1 2 9 6 1 1 1 1 0 0 0 0 0 0 0 0 0 0 1 1 1 0 0 1 1 229 255 239 3 0 1 1 0 0 0 1 1 1 0 0 0 0 0 0 0 0 0 0 0 1 1 1 0 0 0 0 0 0 0 0 0 0 0 0 0 0 0 0 0 0 0 0 0 0 0 0 0 0 0 0 0 0 0 0 0 0 0 0 0 0 0 0 0 0 0 0 0 0 0 0 0 1 1 1 1 1 1 1 1 1 1 1 1 54 246 2 1 1 1 1 1 1 1 2 1 1 1 1 1 1 0 0 0 0 0 0 1 1 1 1 0 0 0 0 0 0 0 0 0 0 0 0 0 0 0 0 0 0 0 0 0 0 1 2 1 1 2 3 2 1 1 1 1 1 1 5 255 255 167 255 2 1 1 1 0 0 0 0 0 1 5 74 1 1 1 54 200 217 214 206 50 253 255 255 243 9 191 140 0 1 1 1 31 1 0 0 0 0 0 0 0 1 20 127 61 1 1 0 0 0 0 0 0 0 0 8 231 1 1 1 1 1 1 1 1 1 1 1 1 1 1 1 1 1 1 1 1 1 1 0 0 0 0 0 0 0 1 1 1 1 1 1 1 1 178 255 255 255 255 255 253 98 4 1 1 1 1 1 1 1 1 1 1 1 1 1 41 99 83 23 3 1 1 1 1 1 1 1 1 1 1 1 137 87 1 1 1 1 1 18 1 1 1 1 1 1 1 1 1 1 1 1 231 188 13 1 1 1 1 0 0 0 0 1 1 1 1 1 0 0 0 0 0 0 0 0 1 1 0 0 0 0 0 0 1 1 1 29 255 3 1 1 1 1 1 1 22 1 1 1 1 1 1 1 57 2 1 1 1 1 1 1 1
0 0 0 0 0 0 0 0 0 0 0 0 0 0 0 0 0 0 0 0 0 0 1 1 0 0 0 0 0 0 0 0 0 0 0 0 0 0 0 0 0 0 0 0 2 26 0 0 0 0 0 2 14 1 0 0 8 14 2 15 10 1 0 0 0 0 0 0 0 0 0 0 0 0 0 0 0 1 1 5 7 4 1 1 1 0 0 0 3 4 2 1 1 0 1 1 8 15 127 13 2 1 1 1 1 29 50 3 1 1 0 0 0 1 1 1 15 11 0 1 1 1 3 10 3 1 0 0 0 0 0 0 0 0 0 0 0 0 1 1 1 1 1 255 255 236 4 1 0 1 1 0 0 0 1 1 0 0 0 0 0 0 0 0 0 0 0 0 0 0 1 0 0 0 0 0 0 0 0 0 0 0 0 0 0 0 0 0 0 0 0 0 0 0 0 0 0 0 0 0 0 0 0 0 0 0 0 0 0 0 0 0 0 0 0 0 0 0 0 0 0 1 1 0 0 0 0 0 0 0 0 1 243 99 1 1 1 1 1 1 1 1 2 1 1 1 0 1 0 0 0 0 0 1 1 1 1 1 1 0 0 0 0 0 0 0 0 0 0 0 0 0 0 0 0 0 0 0 0 0 1 3 1 1 2 2 1 1 1 1 1 74 254 255 255 255 9 2 255 1 1 1 0 0 0 0 0 1 1 1 166 211 217 217 192 26 1 1 1 1 1 1 247 255 255 252 1 1 1 1 1 30 1 0 0 0 1 1 1 1 1 1 1 47 110 1 1 0 0 0 0 0 0 1 106 202 1 1 1 1 1 7 23 9 3 1 1 1 1 1 1 1 1 1 1 1 1 1 1 1 1 1 1 1 1 1 1 1 1 1 1 129 255 255 255 148 255 77 55 17 1 1 1 1 1 1 1 1 1 1 1 1 1 96 173 132 87 104 147 168 172 183 185 185 182 170 117 40 21 2 96 132 1 1 1 1 1 1 23 1 0 0 0 0 1 1 1 1 1 1 1 3 207 242 180 1 1 1 0 0 0 0 0 0 1 1 1 1 1 1 1 0 0 0 0 0 1 1 1 0 0 0 0 1 0 1 252 236 6 22 1 1 1 1 1 20 1 1 1 1 1 1 1 59 2 1 1 1 1 1 1 1
0 0 0 0 0 0 0 0 0 0 0 0 0 0 0 0 0 0 0 0 0 0 1 1 0 0 0 0 0 0 0 0 0 0 0 0 0 0 0 0 0 0 0 0 0 34 1 1 1 0 1 16 1 0 0 0 0 1 18 41 30 1 0 0 0 0 0 0 0 0 0 0 0 0 0 0 0 0 0 1 1 3 6 2 1 1 1 1 4 1 1 1 1 1 1 4 2 1 120 2 1 1 1 1 1 1 4 52 46 4 1 1 1 1 1 1 1 38 1 0 0 1 1 1 7 4 1 0 0 0 0 0 0 0 0 0 0 0 0 1 1 1 255 255 152 1 3 0 0 1 0 0 0 0 1 0 0 0 0 0 0 0 0 0 0 0 0 0 0 0 0 0 0 0 0 0 0 0 0 0 0 0 0 0 0 0 0 0 0 0 0 0 0 0 0 0 0 0 0 0 0 0 0 0 0 0 0 0 0 0 0 0 0 0 0 0 0 0 0 0 0 0 0 0 0 0 0 0 0 0 1 1 250 2 1 1 1 0 0 0 0 0 1 1 1 1 1 1 0 0 0 1 1 1 1 1 1 1 0 0 0 0 0 0 0 0 0 0 0 0 0 0 0 0 0 0 0 0 0 1 3 1 1 1 3 1 1 1 2 249 255 255 255 180 13 1 1 207 255 1 1 1 0 0 0 1 1 55 201 205 190 107 1 1 1 0 0 0 0 1 1 1 1 1 255 255 255 119 1 1 1 30 1 1 1 1 1 1 1 1 1 1 1 1 8 122 9 1 1 1 1 1 1 1 179 146 1 1 233 255 255 255 255 255 255 255 255 255 255 255 255 255 255 255 245 2 1 1 1 1 1 1 1 1 1 1 2 213 255 255 255 255 255 255 217 237 255 1 1 1 1 1 1 1 1 1 0 0 0 0 0 1 103 100 1 1 1 1 1 1 1 3 1 1 1 6 78 140 155 187 184 24 21 10 2 1 1 2 15 1 0 0 0 0 0 0 1 1 1 1 1 1 1 13 242 2 1 1 1 1 1 0 0 0 0 0 1 1 1 1 1 0 0 0 0 0 0 0 1 1 0 0 0 1 1 1 255 4 1 24 37 8 1 1 6 7 1 0 0 0 1 1 2 122 100 160 187 127 7 1 1 1
0 0 0 0 0 0 0 0 0 0 0 0 0 0 0 0 0 0 0 0 0 1 1 0 0 0 0 0 0 0 0 0 0 0 0 0 0 0 0 0 0 0 0 0 0 8 12 0 1 1 16 1 0 0 0 0 0 0 0 0 2 33 8 0 0 0 0 0 0 0 0 0 0 0 0 0 0 0 0 0 0 0 1 5 7 6 4 6 1 0 0 0 0 0 0 6 1 1 119 3 1 1 1 1 0 1 1 1 6 54 67 66 65 67 65 64 25 43 1 0 1 0 1 1 1 8 1 0 0 1 1 1 1 1 1 1 1 1 1 3 56 255 255 28 1 3 1 0 1 1 0 0 0 1 1 0 0 0 0 0 0 0 0 0 0 0 0 0 0 0 0 0 0 0 0 0 0 0 0 0 0 0 0 0 0 0 0 0 0 0 0 0 0 0 0 0 0 0 0 0 0 0 0 0 0 0 0 0 0 0 0 0 0 0 0 0 0 0 0 0 0 0 0 0 0 0 0 0 0 0 1 60 246 1 0 0 1 0 0 0 0 0 1 1 0 1 1 1 0 1 1 1 1 1 1 0 0 0 0 0 1 0 0 0 0 0 0 0 0 0 0 0 0 0 0 0 0 1 1 3 1 1 1 3 1 1 1 141 255 255 178 15 2 1 1 1 1 255 224 1 0 0 0 1 1 47 201 167 1 1 1 130 1 1 1 0 0 0 0 0 0 1 1 0 1 15 255 255 255 255 255 255 255 255 255 255 255 255 255 255 255 255 254 242 64 3 104 59 1 1 1 1 1 7 255 255 255 255 255 255 255 197 190 227 241 252 252 252 254 255 255 255 255 255 255 255 255 255 254 252 247 230 167 119 250 255 255 255 255 255 251 232 187 48 4 67 255 1 1 1 2 6 9 9 9 8 1 0 0 0 1 81 107 1 1 1 1 1 1 1 1 2 1 1 1 1 1 1 1 51 1 1 1 4 14 21 22 22 1 1 0 0 1 1 0 0 0 0 0 0 1 1 1 2 242 6 1 1 1 1 1 1 1 1 0 0 0 1 1 1 1 1 0 0 0 0 0 0 0 1 0 0 0 0 1 40 255 37 21 54 145 157 83 62 78 19 1 1 1 2 42 175 190 204 141 63 14 114 194 194 50 1
0 0 0 0 0 0 0 0 0 0 0 0 0 0 0 0 0 0 0 0 0 1 1 0 0 0 0 0 0 0 0 0 0 0 0 0 0 0 0 0 0 0 0 0 0 1 33 1 1 17 1 0 0 0 0 0 0 0 0 0 0 0 14 29 1 0 0 0 0 0 0 0 0 0 0 0 0 0 0 0 0 0 0 0 1 1 2 2 1 0 0 0 0 0 1 6 1 1 105 9 1 1 1 1 1 1 0 0 1 1 1 1 1 1 1 1 23 103 5 1 1 1 1 1 1 4 4 0 1 1 0 1 1 4 28 39 43 59 64 51 255 255 9 3 3 1 0 1 1 0 0 1 0 1 1 0 0 0 0 0 0 0 0 0 0 0 0 0 0 0 0 0 0 0 0 0 0 0 0 0 0 0 0 0 0 0 0 0 0 0 0 0 0 0 0 0 0 0 0 0 0 0 0 0 0 0 0 0 0 0 0 0 0 0 0 0 0 0 0 0 0 0 0 0 0 0 0 0 0 1 1 244 95 1 0 0 1 1 0 0 0 0 1 1 1 0 1 1 1 1 1 0 0 0 0 0 0 0 0 0 1 1 0 0 0 0 0 0 0 0 0 0 1 0 0 1 1 1 3 1 1 2 3 1 1 1 239 255 241 28 2 1 1 1 1 1 1 255 5 1 1 1 1 96 203 172 1 1 0 0 1 131 1 1 1 1 0 0 0 0 0 0 1 1 1 0 1 2 77 146 232 255 255 255 255 255 255 255 255 255 255 255 255 255 255 255 255 255 255 254 255 255 255 255 255 255 255 255 50 1 1 1 1 1 1 1 1 1 1 1 1 1 1 1 3 243 255 255 255 255 255 255 255 255 255 255 254 233 151 8 2 1 1 1 10 150 255 38 37 35 23 2 1 1 1 7 1 0 1 1 24 146 1 1 1 1 1 1 1 1 1 1 1 1 1 1 1 1 53 1 1 1 0 1 1 1 1 1 1 1 1 1 1 0 0 0 0 0 0 0 0 1 1 1 242 50 2 1 1 1 1 1 1 1 1 1 1 0 0 1 1 1 1 1 0 0 0 0 0 1 1 1 0 0 1 252 234 86 91 49 1 3 111 105 8 81 4 148 190 193 160 20 1 65 1 1 1 1 3 4 164 208
0 0 0 0 0 0 0 0 0 0 0 0 0 0 0 0 0 0 0 0 1 1 0 0 0 0 0 0 0 0 0 0 0 0 0 0 0 0 0 0 0 0 0 0 0 0 19 6 17 1 0 0 0 0 0 0 0 0 0 0 0 0 0 2 33 7 1 0 0 0 0 0 0 0 0 0 0 0 0 0 0 0 0 0 0 0 0 0 0 0 0 0 0 1 1 6 1 1 73 35 1 1 1 1 0 0 0 0 0 0 0 0 0 1 1 0 0 4 105 99 92 93 75 10 1 4 3 1 1 1 4 50 64 50 15 7 5 1 1 255 255 8 3 1 0 0 0 1 1 0 0 1 1 1 0 0 0 0 0 0 0 0 0 0 0 0 0 0 0 0 0 0 0 0 0 0 0 0 0 0 0 0 0 0 0 0 0 0 0 0 0 0 0 0 0 0 0 0 0 0 0 0 0 0 0 0 0 0 0 0 0 0 0 0 0 0 0 0 0 0 0 0 0 0 0 0 0 0 0 1 1 250 1 1 1 0 0 1 0 0 0 0 1 1 1 1 1 1 0 0 0 0 0 0 0 0 0 0 0 0 0 1 1 0 0 0 0 0 0 0 0 1 1 0 0 1 1 3 1 1 3 1 1 1 1 249 255 161 8 1 1 1 1 1 1 1 1 255 1 1 81 202 205 150 1 1 0 0 0 0 1 132 1 1 1 0 0 0 0 0 0 0 0 0 1 1 0 0 0 0 0 1 0 1 1 1 1 1 1 1 1 0 1 1 1 38 252 255 255 255 255 255 255 252 45 23 49 1 1 1 1 1 1 1 1 1 1 1 1 1 1 1 1 1 1 1 1 2 3 4 5 21 211 214 230 188 6 1 1 1 1 24 87 87 56 134 255 34 1 1 9 1 0 0 0 1 7 1 59 164 151 1 1 1 0 0 1 1 0 0 2 1 0 1 0 0 1 1 56 1 1 1 1 1 0 0 1 1 0 1 1 1 1 1 1 0 0 0 0 0 0 0 1 1 108 240 242 230 153 18 1 1 1 1 0 0 1 1 1 1 1 1 1 1 1 1 0 0 0 1 0 0 0 0 1 255 141 59 1 1 1 1 1 10 117 193 186 67 3 1 1 2 2 57 1 1 1 1 3 1 37 80
0 0 0 0 0 0 0 0 0 0 0 0 0 0 0 0 0 0 0 1 1 0 0 0 0 0 0 0 0 0 0 0 0 0 0 0 0 0 0 0 0 0 0 0 0 0 1 25 1 0 0 0 0 0 0 0 0 0 0 0 0 0 0 0 1 15 27 1 0 0 0 0 0 0 0 0 0 0 0 0 0 0 0 0 0 0 0 0 0 0 0 0 0 1 1 4 2 1 103 9 1 1 1 0 0 0 0 0 0 0 0 0 0 1 1 1 1 1 99 16 1 1 6 65 93 79 15 6 36 64 52 4 1 1 1 0 0 1 163 255 9 1 1 0 0 0 0 1 0 0 0 1 1 1 0 0 0 0 0 0 0 0 0 0 0 0 0 0 0 0 0 0 0 0 0 0 0 0 0 0 0 0 0 0 0 0 0 0 0 0 0 0 0 0 0 0 0 0 0 0 0 0 0 0 0 0 0 0 0 0 0 0 0 0 0 0 0 0 0 0 0 0 0 0 0 0 0 0 0 1 69 246 1 1 1 0 0 0 0 0 0 0 0 0 1 1 0 0 0 0 0 0 0 0 0 0 0 0 0 0 0 0 0 0 0 0 0 0 0 0 0 1 0 0 0 0 0 1 2 2 1 1 0 1 245 255 124 4 1 1 1 1 1 1 1 1 2 255 62 204 160 2 1 1 0 0 0 0 0 0 1 122 4 1 1 0 0 0 0 0 0 0 0 0 0 1 1 1 1 1 1 1 1 1 1 1 1 1 0 0 1 1 1 1 0 0 1 1 1 1 1 1 1 1 1 1 75 1 1 1 0 0 0 0 0 0 0 0 0 0 1 1 1 1 1 1 1 1 1 1 29 166 245 189 2 1 1 3 40 50 46 79 1 1 1 255 255 155 88 1 9 1 0 0 1 4 167 180 127 9 3 3 3 2 1 1 1 1 0 1 2 1 0 1 0 0 1 0 26 8 0 1 0 1 1 1 1 0 0 0 0 0 0 0 1 1 1 1 1 1 0 0 0 1 1 1 8 106 217 240 225 11 1 1 1 1 0 0 0 1 1 1 1 1 1 1 1 1 1 1 1 1 1 0 62 255 5 3 6 1 0 0 1 1 1 1 6 2 2 1 1 1 1 54 1 1 1 1 4 68 35 1
0 0 0 0 0 0 0 0 0 0 0 0 0 0 0 0 0 0 0 1 1 0 0 0 0 0 0 0 0 0 0 0 0 0 0 0 0 0 0 0 0 0 0 0 0 0 1 6 0 0 0 0 0 0 0 0 0 0 0 0 0 0 0 0 0 0 2 34 7 1 0 0 0 0 0 0 0 0 0 0 0 0 0 0 0 0 0 0 0 0 0 0 0 0 0 1 6 1 80 27 1 1 1 0 0 0 0 0 0 0 0 0 1 1 0 0 1 20 98 1 1 1 1 1 1 17 69 46 10 1 0 0 0 0 0 0 0 1 255 255 4 1 0 0 0 0 1 1 0 0 0 1 1 0 0 0 0 0 0 0 0 0 0 0 0 0 0 0 0 0 0 0 0 0 0 0 0 0 0 0 0 0 0 0 0 0 0 0 0 0 0 0 0 0 0 0 0 0 0 0 0 0 0 0 0 0 0 0 0 0 0 0 0 0 0 0 0 0 0 0 0 0 0 0 0 0 0 0 0 1 234 160 1 1 1 1 1 0 0 0 0 0 0 0 0 0 0 0 0 0 0 0 0 0 0 0 0 0 0 0 0 0 0 0 0 0 1 1 1 0 0 1 0 0 0 0 0 0 0 0 0 0 1 202 255 134 3 1 1 1 1 1 1 1 1 1 66 255 175 1 1 1 0 0 0 0 0 0 1 1 1 47 68 1 1 0 0 0 0 0 0 0 0 0 0 0 0 0 0 0 0 1 0 0 0 0 0 0 0 0 0 0 0 1 1 1 1 1 1 1 1 1 1 1 1 1 19 34 1 0 0 0 0 0 0 0 0 0 0 0 1 1 1 1 1 1 1 1 4 88 226 166 17 171 1 37 51 38 2 1 1 48 1 0 1 255 3 1 122 119 8 1 1 6 153 151 6 1 0 1 1 0 1 1 2 2 2 1 1 1 2 0 0 1 0 0 0 0 1 55 1 0 0 0 0 0 0 0 0 0 0 0 0 0 0 0 0 0 0 1 1 1 1 1 1 1 1 1 1 2 130 242 209 2 1 1 1 1 0 0 0 0 1 1 1 1 1 1 1 1 1 1 1 2 158 255 15 1 2 9 7 4 1 1 1 1 9 1 1 1 3 3 4 59 1 0 1 1 55 31 1 1
0 0 0 0 0 0 0 0 0 0 0 0 0 0 0 0 0 0 1 1 0 0 0 0 0 0 0 0 0 0 0 0 0 0 0 0 0 0 0 0 0 0 0 0 0 0 2 4 0 0 0 0 0 0 0 0 0 0 0 0 0 0 0 0 0 0 0 1 15 26 1 0 0 0 0 0 0 0 0 0 0 0 0 0 0 0 0 0 0 0 0 0 0 0 0 1 4 2 19 89 1 1 1 0 0 0 0 0 0 0 0 1 1 0 1 1 16 47 29 1 0 0 0 1 1 4 2 0 0 0 0 0 0 0 0 0 1 56 255 1 3 1 0 0 0 0 1 1 0 0 0 1 1 0 0 0 0 0 0 0 0 0 0 0 0 0 0 0 0 0 0 0 0 0 0 0 0 0 0 0 0 0 0 0 0 0 0 0 0 0 0 0 0 0 0 0 0 0 0 0 0 0 0 0 0 0 0 0 0 0 0 0 0 0 0 0 0 0 0 0 0 0 0 0 0 0 0 0 0 0 55 247 6 1 1 1 1 1 0 0 0 0 0 0 0 0 0 0 0 0 0 0 0 0 0 0 0 0 0 0 0 0 0 0 0 1 1 1 1 1 0 0 0 0 0 0 0 0 0 0 0 1 5 255 204 4 1 1 1 1 1 0 1 1 1 1 255 255 1 0 1 1 0 0 1 1 1 1 1 0 1 4 123 0 1 1 1 0 0 0 0 0 0 0 0 0 0 0 0 0 1 1 0 0 0 0 0 0 0 0 0 0 0 0 0 0 0 0 0 0 0 0 0 0 0 1 1 78 1 0 0 0 0 0 0 0 0 0 0 1 1 1 1 1 1 1 1 4 180 217 15 1 14 194 46 3 1 1 1 1 1 47 1 1 152 255 1 1 1 93 157 6 83 146 3 1 0 0 1 1 0 0 1 1 0 1 1 1 1 2 1 0 0 1 1 0 0 0 1 55 1 0 0 0 0 0 0 0 0 0 0 0 0 0 0 0 0 0 0 0 0 0 0 0 1 1 1 1 1 1 1 2 168 242 147 2 1 1 1 1 1 1 0 0 0 1 1 1 1 1 1 1 1 61 4 248 255 236 6 1 1 2 6 7 7 7 1 1 1 1 1 1 1 49 1 1 1 1 17 66 1 1
0 0 0 0 0 0 0 0 0 0 0 0 0 0 0 0 0 0 1 1 0 0 0 0 0 0 0 0 0 0 0 0 0 0 0 0 0 0 0 0 0 0 0 0 0 0 6 1 0 0 0 0 0 0 0 0 0 0 0 0 0 0 0 0 0 0 0 0 0 2 33 7 1 0 0 0 0 0 0 0 0 0 0 0 0 0 0 0 0 0 0 1 1 1 0 0 1 6 24 83 1 1 1 0 0 0 0 0 0 0 1 1 0 1 1 46 48 1 29 1 0 0 0 0 4 3 0 0 0 0 0 0 0 0 0 0 1 255 255 2 4 1 0 0 0 0 1 0 0 0 0 1 0 0 0 0 0 0 0 0 0 0 0 0 0 0 0 0 0 0 0 0 0 0 0 0 0 0 0 0 0 0 0 0 0 0 0 0 0 0 0 0 0 0 0 0 0 0 0 0 0 0 0 0 0 0 0 0 0 0 0 0 0 0 0 0 0 0 0 0 0 0 0 0 0 0 0 0 0 0 1 93 246 5 1 0 1 1 1 0 0 1 1 1 0 0 0 0 0 0 0 0 0 0 0 0 0 0 0 0 0 0 0 0 0 0 0 0 0 0 0 0 0 0 0 0 0 0 0 0 0 1 253 255 12 1 1 1 1 0 0 0 1 1 1 219 255 3 0 0 1 1 0 0 0 1 1 0 0 0 1 1 128 1 1 1 0 0 0 0 0 0 0 0 0 0 0 0 0 0 1 0 0 0 0 0 0 0 0 0 0 0 0 0 0 0 0 0 0 0 0 0 0 0 0 0 1 81 1 0 0 0 0 0 0 0 0 0 0 1 1 1 1 1 1 1 7 206 160 2 1 127 168 7 1 1 1 1 1 1 1 48 1 1 255 230 1 0 1 1 42 217 176 103 101 71 2 1 1 0 0 0 1 1 0 1 1 1 0 1 1 0 0 0 1 0 0 1 31 6 1 0 0 0 0 0 0 0 0 0 0 0 0 0 0 0 0 0 0 0 0 0 0 0 0 0 1 1 1 1 1 1 1 5 222 242 235 6 1 1 1 1 1 1 1 1 0 0 1 1 1 1 2 73 1 1 51 253 252 2 1 1 1 1 1 1 1 1 1 1 0 1 1 47 1 1 1 1 1 105 1 1
0 0 0 0 0 0 0 0 0 0 0 0 0 0 0 0 0 1 1 0 0 0 0 0 0 0 0 0 0 0 0 0 0 0 0 0 0 0 0 0 0 0 0 0 0 0 7 0 0 0 0 0 0 0 0 0 0 0 0 0 0 0 0 0 0 0 0 0 0 0 1 14 26 1 0 0 0 0 0 0 0 0 0 0 0 0 0 0 0 0 1 20 42 1 1 1 1 7 85 22 1 1 1 0 0 0 0 0 0 1 1 1 1 12 85 22 1 0 28 1 0 0 0 1 8 0 0 0 0 0 0 0 0 0 0 1 4 255 2 1 2 1 0 0 0 1 1 0 0 0 0 1 0 0 0 0 0 0 0 0 0 0 0 0 0 0 0 0 0 0 0 0 0 0 0 0 0 0 0 0 0 0 0 0 0 0 0 0 0 0 0 0 0 0 0 0 0 0 0 0 0 0 0 0 0 0 0 0 0 0 0 0 0 0 0 0 0 0 0 0 0 0 0 0 0 0 0 0 0 0 0 1 85 245 3 1 0 1 1 1 1 1 0 1 1 1 0 0 0 0 0 0 0 0 0 0 0 0 0 0 0 0 0 0 0 0 0 0 0 0 0 0 0 0 0 0 0 0 0 0 1 1 255 194 2 1 1 1 0 0 0 0 1 1 244 255 41 1 0 0 0 0 0 0 0 0 1 1 0 0 0 1 128 1 1 1 0 1 1 1 1 1 1 0 0 0 0 0 0 0 0 0 0 0 0 0 0 0 0 0 0 0 0 0 0 0 0 0 0 0 0 0 0 0 0 1 1 83 1 0 0 0 0 0 0 0 0 0 0 1 0 0 1 1 1 13 221 103 1 3 170 71 1 1 1 1 0 0 1 1 2 38 1 1 255 1 1 1 1 1 1 34 2 1 1 10 93 101 71 2 1 1 1 1 0 1 1 1 1 1 1 0 0 0 1 0 0 5 35 1 1 0 0 0 0 0 0 0 0 0 0 0 0 0 0 0 0 0 0 0 0 0 0 0 0 0 0 0 0 1 1 1 1 1 1 1 93 242 237 10 1 1 0 0 0 0 0 0 0 0 1 1 55 43 1 1 1 3 255 241 151 4 1 1 1 1 1 1 1 1 1 1 1 50 73 214 180 39 27 180 182 196
0 0 0 0 0 0 0 0 0 0 0 0 0 0 0 0 0 1 1 0 0 0 0 0 0 0 0 0 0 0 0 0 0 0 0 0 0 0 0 0 0 0 0 0 0 0 7 0 0 0 0 0 0 0 0 0 0 0 0 0 0 0 0 0 0 0 0 0 0 0 0 0 2 32 6 1 0 0 0 0 0 0 0 0 0 0 0 0 0 0 1 65 14 49 2 1 1 6 65 42 1 1 1 0 0 0 0 0 1 1 1 3 70 52 1 2 1 1 28 1 0 0 0 4 2 0 0 0 0 0 0 0 0 0 0 1 255 255 1 1 0 0 0 0 0 1 1 0 0 0 1 1 0 1 0 0 0 0 0 0 0 0 0 0 0 0 0 0 0 0 0 0 0 0 0 0 0 0 0 0 0 0 0 0 0 0 0 0 0 0 0 0 0 0 0 0 0 0 0 0 0 0 0 0 0 0 0 0 0 0 0 0 0 0 0 0 0 0 0 0 0 0 0 0 0 0 0 0 0 0 0 0 1 117 243 2 1 1 1 0 0 0 0 0 0 1 0 0 0 0 0 0 0 0 0 0 0 0 0 0 0 0 0 0 0 0 0 0 0 0 0 0 0 0 0 0 0 0 0 0 1 3 255 33 1 1 1 0 0 0 0 1 1 253 255 5 1 1 1 0 0 0 1 0 0 0 0 1 1 1 1 1 121 1 1 3 10 23 32 25 5 1 1 1 1 0 0 0 0 0 0 0 0 0 0 0 0 0 0 0 0 0 0 0 0 0 0 0 0 0 0 0 0 0 0 1 14 43 1 0 0 0 0 0 0 0 0 0 1 1 0 1 1 1 15 229 47 1 12 173 7 1 1 1 1 1 1 1 1 0 34 3 1 255 255 1 1 1 1 1 1 30 1 1 1 1 1 1 9 90 100 67 4 1 1 1 1 1 1 1 1 1 1 1 1 1 1 52 1 1 0 0 0 0 0 0 0 0 0 0 0 0 0 0 0 0 0 0 0 0 0 0 0 0 0 0 0 0 0 0 1 1 1 1 1 1 1 1 68 242 242 80 1 1 1 0 1 1 1 1 1 1 60 1 1 1 1 4 255 246 118 212 215 204 189 181 156 118 116 107 78 130 178 207 219 16 107 209 214 165 10 1
0 0 0 0 0 0 0 0 0 0 0 0 0 0 0 0 1 1 0 0 0 0 0 0 0 0 0 0 0 0 0 0 0 0 0 0 0 0 0 0 0 0 0 0 0 1 6 0 0 0 0 0 0 0 0 0 0 0 0 0 0 0 0 0 0 0 0 0 0 0 0 0 0 1 14 23 1 1 0 0 0 0 0 0 0 0 0 0 0 0 2 61 1 11 64 26 2 4 51 64 1 1 1 0 0 0 0 1 1 1 36 78 4 1 1 2 2 14 55 1 1 1 1 9 1 1 1 1 1 1 1 1 1 0 1 1 255 42 1 1 0 0 0 0 1 1 1 0 0 0 1 0 0 1 1 0 0 0 0 0 0 0 0 0 0 0 0 0 0 0 0 0 0 0 0 0 0 0 0 0 0 0 0 0 0 0 0 0 0 0 0 0 0 0 0 0 0 0 0 0 0 0 0 0 0 0 0 0 0 0 0 0 0 0 0 0 0 0 0 0 0 0 0 0 0 0 0 0 0 0 0 0 0 1 146 246 99 35 25 3 1 1 1 0 0 1 1 1 0 0 0 0 0 0 0 0 0 0 0 0 0 0 0 0 0 0 0 0 0 0 0 0 0 0 0 0 0 0 0 1 1 27 255 5 1 1 1 0 0 0 1 1 255 255 2 1 1 0 1 0 0 0 1 0 0 0 0 0 0 1 1 7 98 7 65 76 57 42 30 36 66 79 73 66 15 1 1 0 0 0 0 0 0 0 0 0 0 0 0 0 0 0 0 0 0 0 0 0 0 0 0 0 0 0 1 1 76 1 1 0 0 0 0 0 0 0 0 0 1 0 1 1 1 9 227 34 1 15 165 2 1 1 1 1 0 0 0 1 1 0 45 1 1 255 112 1 1 1 1 1 12 8 1 1 1 1 0 1 1 1 1 10 83 97 110 111 87 85 82 81 82 75 48 8 2 27 53 3 1 1 0 0 0 0 0 0 0 0 0 0 0 0 0 0 0 0 0 0 0 0 0 0 0 0 0 0 0 0 0 0 0 0 1 0 1 1 1 0 1 1 8 234 242 55 1 1 1 1 5 21 4 2 53 1 1 1 1 7 255 136 2 1 2 23 55 81 116 151 153 161 181 142 89 43 14 5 2 2 2 1 1 1
0 0 0 0 0 0 0 0 0 0 0 0 0 0 0 0 1 1 0 0 0 0 0 0 0 0 0 0 0 0 0 0 0 0 0 0 0 0 0 0 0 0 0 0 0 3 3 0 0 0 0 0 0 0 0 0 0 0 0 0 0 0 0 0 0 0 0 0 0 0 0 0 0 0 1 3 32 6 1 0 0 0 0 0 0 0 0 0 0 1 21 29 1 1 2 23 61 49 74 56 2 1 1 1 1 1 6 55 83 81 26 1 1 1 7 21 14 2 7 56 56 50 55 66 68 69 68 69 69 47 2 1 1 1 1 255 255 1 1 0 0 0 0 1 1 1 1 1 1 1 1 0 0 0 1 0 0 0 0 0 0 0 0 0 0 0 0 0 0 0 0 0 0 0 0 0 0 0 0 0 0 0 0 0 0 0 0 0 0 0 0 0 0 0 0 0 0 0 0 0 0 0 0 0 0 0 0 0 0 0 0 0 0 0 0 0 0 0 0 0 0 0 0 0 0 0 0 0 0 0 0 0 0 0 1 58 243 247 249 250 199 1 1 1 1 0 0 1 1 0 0 0 0 0 0 0 0 0 0 0 0 0 0 0 0 0 0 0 0 0 0 0 0 0 0 0 0 0 1 1 1 200 255 2 1 0 1 0 0 1 1 255 255 1 1 1 1 1 1 0 0 0 1 0 0 0 0 0 0 1 1 44 97 86 59 69 73 68 44 2 1 2 3 5 62 8 1 1 1 0 0 0 0 0 0 0 0 0 0 0 0 0 0 0 0 0 0 0 0 0 0 0 0 0 1 1 81 1 1 0 0 0 0 0 0 0 0 0 1 0 1 1 4 222 60 1 7 167 1 1 1 1 0 0 0 0 1 1 0 0 45 1 1 255 4 1 1 1 1 14 1 3 1 0 1 1 1 0 0 0 1 1 1 2 45 70 78 31 2 1 1 2 10 52 88 54 1 1 1 0 0 0 0 0 0 0 0 0 0 0 0 0 0 0 0 0 0 0 0 0 0 0 0 0 0 0 0 0 0 0 0 0 1 0 0 1 1 1 1 1 1 1 11 238 244 227 10 1 22 1 8 77 209 25 1 1 1 171 255 1 1 1 1 1 1 1 1 1 1 1 1 1 1 1 9 3 1 1 1 1 1 1
0 0 0 0 0 0 0 0 0 0 0 0 0 0 0 1 1 0 0 0 0 0 0 0 0 0 0 0 0 0 0 0 0 0 0 0 0 0 0 0 0 0 0 0 0 6 1 0 0 0 0 0 0 0 0 0 0 0 0 0 0 0 0 0 0 0 0 0 0 0 0 0 0 0 0 0 1 16 21 1 0 0 0 0 0 0 0 0 0 1 66 3 1 1 1 1 1 7 36 75 72 74 74 86 99 99 82 27 9 8 7 7 9 21 6 1 1 1 1 1 1 7 1 1 1 1 1 1 1 6 70 68 4 1 1 255 250 1 1 0 0 0 0 1 1 0 0 1 1 1 0 0 0 0 1 0 0 0 0 0 0 0 0 0 0 0 0 0 0 0 0 0 0 0 0 0 0 0 0 0 0 0 0 0 0 0 0 0 0 0 0 0 0 0 0 0 0 0 0 0 0 0 0 0 0 0 0 0 0 0 0 0 0 0 0 0 0 0 0 0 0 0 0 0 0 0 0 0 0 0 0 0 0 0 0 1 1 1 1 1 250 4 1 1 1 1 1 0 1 1 1 0 0 0 0 0 0 0 0 0 0 0 0 0 0 0 0 0 0 0 0 0 0 0 0 0 0 0 1 1 3 255 253 1 1 1 1 0 1 1 255 255 1 1 1 1 1 1 0 0 0 0 1 0 0 0 0 0 1 1 2 75 92 41 7 3 3 3 15 65 8 1 1 1 2 79 3 1 1 1 0 0 0 0 0 0 0 0 0 0 0 0 0 0 0 0 0 0 0 0 0 0 0 0 1 1 80 1 0 0 0 0 0 0 0 0 0 0 1 1 1 1 201 121 1 1 175 2 1 1 1 0 0 1 1 1 1 0 0 0 40 1 1 255 13 1 1 1 13 1 1 1 2 0 0 1 1 1 1 1 1 1 1 24 3 1 2 30 79 67 17 1 1 1 1 5 39 12 1 1 0 0 0 0 0 0 0 0 0 0 0 0 0 0 0 0 0 0 0 0 0 0 0 0 0 0 0 0 0 0 0 0 0 0 0 0 0 1 1 1 1 1 1 1 1 115 242 243 234 25 1 232 173 237 237 13 3 255 168 1 1 1 1 1 1 1 1 1 1 1 1 1 1 1 18 1 1 1 1 1 1 1
1 1 0 0 0 0 0 0 0 0 0 0 0 0 0 1 1 0 0 0 0 0 0 0 0 0 0 0 0 0 0 0 0 0 0 0 0 0 0 0 0 0 0 0 0 7 0 0 0 0 0 0 0 0 0 0 0 0 0 0 0 0 0 0 0 0 0 0 0 0 0 0 0 0 0 0 0 1 3 31 4 1 0 0 0 0 0 0 0 2 69 1 0 1 1 1 1 1 1 1 1 20 142 9 2 1 1 1 1 1 1 1 7 1 1 0 0 0 0 0 1 5 0 0 0 0 0 0 1 1 1 3 64 79 234 255 1 1 0 1 0 0 1 1 0 0 0 0 0 1 1 0 0 0 1 0 0 0 0 0 0 0 0 0 0 0 0 0 0 0 0 0 0 0 0 0 0 0 0 0 0 0 0 0 0 0 0 0 0 0 0 0 0 0 0 0 0 0 0 0 0 0 0 0 0 0 0 0 0 0 0 0 0 0 0 0 0 0 0 0 0 0 0 0 0 0 0 0 0 0 0 0 0 0 1 1 1 1 1 1 216 216 1 1 1 1 1 0 0 0 1 1 0 0 0 0 0 0 0 0 0 0 0 0 0 0 0 0 0 0 0 0 0 0 0 0 0 1 1 1 154 255 26 1 1 1 1 1 3 255 254 1 1 1 1 1 0 1 0 0 0 0 0 1 0 0 0 1 1 2 44 36 1 1 1 1 1 1 1 2 65 3 1 1 1 4 78 2 1 1 1 0 0 0 0 0 0 0 0 0 0 0 0 0 0 0 0 0 0 0 0 0 0 0 1 2 71 1 0 0 0 0 0 0 0 0 0 1 1 1 1 127 198 1 1 151 46 1 1 1 1 0 0 1 1 1 1 0 0 1 19 8 1 255 43 1 0 8 2 1 0 1 3 1 1 1 1 1 1 1 1 1 6 33 1 1 1 1 1 7 43 70 2 1 1 1 1 17 14 1 0 0 0 0 0 0 0 0 0 0 0 0 0 0 0 0 0 0 0 0 0 0 0 0 0 0 0 0 0 0 0 0 0 0 0 0 0 0 1 1 0 1 1 1 1 1 1 1 63 238 240 226 1 6 44 242 255 255 1 1 1 1 1 1 0 0 0 0 1 1 1 1 1 1 14 1 1 1 1 1 1 1
252 1 1 1 0 0 0 0 0 0 0 0 0 0 0 1 0 0 0 0 0 0 0 0 0 0 0 0 0 0 0 0 0 0 0 0 0 0 0 0 0 0 0 0 0 6 0 0 0 0 0 0 0 0 0 0 0 0 0 0 0 0 0 0 0 0 0 0 0 0 0 0 0 0 0 0 0 0 0 1 18 17 1 0 0 0 0 0 1 31 22 1 0 0 0 1 1 0 1 1 1 142 7 1 1 1 1 0 0 0 0 1 8 1 0 0 1 1 2 2 4 2 0 0 0 0 0 0 0 1 1 1 1 1 255 255 1 1 0 1 0 0 1 1 0 0 0 0 1 1 0 0 0 0 1 1 0 0 0 0 0 0 0 0 0 0 0 0 0 0 0 0 0 0 0 0 0 0 0 0 0 0 0 0 0 0 0 0 0 0 0 0 0 0 0 0 0 0 0 0 0 0 0 0 0 0 0 0 0 0 0 0 0 0 0 0 0 0 0 0 0 0 0 0 0 0 0 0 0 0 0 0 0 0 0 0 0 0 1 1 1 213 249 47 1 1 1 1 1 0 0 1 0 0 0 0 0 0 0 0 0 0 0 0 0 0 0 0 1 1 1 1 0 0 0 0 1 1 1 60 255 235 1 1 1 1 1 3 255 248 1 1 1 1 1 1 0 0 0 1 1 1 1 0 0 1 1 1 5 51 56 6 1 1 1 1 1 1 1 1 35 21 1 1 1 1 5 67 4 1 1 1 1 1 1 1 1 1 0 0 0 0 0 0 0 0 0 0 0 0 0 0 0 1 1 24 30 1 0 0 0 0 0 0 0 0 0 0 1 1 6 231 3 1 39 94 28 47 49 35 4 1 1 1 1 1 1 0 1 1 23 3 1 255 3 1 4 5 1 1 2 3 1 1 2 11 23 31 36 38 40 37 23 1 1 1 1 1 1 1 2 14 59 1 1 1 1 1 23 7 1 0 0 0 0 0 0 0 0 0 0 0 0 0 0 0 0 0 0 0 0 0 0 0 0 0 0 0 0 0 0 0 0 0 0 0 0 0 0 0 0 0 0 0 1 1 1 1 1 23 2 1 1 1 1 1 250 252 1 1 1 1 1 1 0 1 1 0 0 0 0 1 1 1 14 1 0 1 1 1 1 10
255 255 161 1 1 0 0 0 0 0 0 0 0 0 1 1 0 0 0 0 0 0 0 0 0 0 0 0 0 0 0 0 0 0 0 0 0 0 0 0 0 0 0 0 1 6 0 0 0 0 0 0 0 0 0 0 0 0 0 0 0 0 0 0 0 0 0 0 0 0 0 0 0 0 0 0 0 0 0 0 1 5 29 3 1 0 0 0 1 69 2 1 0 0 0 0 0 1 1 1 5 144 1 1 1 1 0 0 0 0 0 1 7 0 1 2 2 1 1 1 4 1 0 0 0 0 0 0 0 0 0 0 1 47 255 1 1 0 1 1 0 0 1 0 0 0 0 0 1 0 0 0 0 0 0 1 0 0 0 0 0 0 0 0 0 0 0 0 0 0 0 0 0 0 0 0 0 0 0 0 0 0 0 0 0 0 0 0 0 0 0 0 0 0 0 0 0 0 0 0 0 0 0 0 0 0 0 0 0 0 0 0 0 0 0 0 0 0 0 0 0 0 0 0 0 0 0 0 0 0 0 0 0 0 0 0 0 0 0 0 1 1 23 247 223 2 1 1 1 0 0 1 1 0 0 0 0 0 0 0 0 0 0 0 0 0 0 0 0 1 1 1 0 0 1 1 1 5 125 255 253 3 1 0 1 1 2 255 251 1 1 0 0 0 1 1 1 0 1 1 0 0 1 1 1 1 2 44 50 11 47 6 14 17 19 4 1 1 1 1 62 4 1 0 0 1 1 3 71 79 65 60 74 80 79 64 6 1 1 0 0 0 0 0 0 0 0 0 0 0 0 0 0 1 1 52 7 1 0 0 0 0 0 0 0 0 0 1 1 1 222 57 1 1 137 1 1 1 2 2 27 47 45 41 7 1 1 1 1 1 20 1 116 255 1 2 8 1 2 3 1 1 4 29 35 15 6 3 2 1 1 1 1 1 1 0 0 1 1 1 1 1 60 12 1 0 1 1 1 32 4 1 0 0 0 0 0 0 0 0 0 0 0 0 0 0 0 0 0 0 0 0 0 0 0 0 0 0 0 0 0 0 0 0 0 0 0 0 0 0 0 0 0 0 0 0 1 1 17 2 2 1 1 1 1 1 1 255 156 1 1 1 1 0 0 1 1 1 1 1 1 1 1 1 10 0 1 1 1 1 1 255
1 175 255 255 1 1 0 0 0 0 0 0 0 0 1 1 0 0 0 0 0 0 0 0 0 0 0 0 0 0 0 0 0 0 0 0 0 0 0 0 0 0 0 0 4 2 0 0 0 0 0 0 0 0 0 0 0 0 0 0 0 0 0 0 0 0 0 0 0 0 0 0 0 0 0 0 0 0 0 0 0 0 1 20 16 1 0 0 1 72 1 0 0 0 0 0 0 1 1 1 108 48 1 1 1 0 0 0 0 0 0 1 6 2 2 1 0 0 0 0 3 1 0 0 1 1 0 0 0 0 0 0 1 255 255 1 1 0 1 0 0 1 1 0 0 0 0 1 1 0 0 0 0 0 0 1 1 0 0 0 0 0 0 0 0 0 0 0 0 0 0 0 0 0 0 0 0 0 0 0 0 0 0 0 0 0 0 0 0 0 0 0 0 0 0 0 0 0 0 0 0 0 0 0 0 0 0 0 0 0 0 0 0 0 0 0 0 0 0 0 0 0 0 0 0 0 0 0 0 0 0 0 0 0 0 0 0 0 0 0 0 1 1 1 182 250 112 1 1 1 1 0 1 1 0 0 0 0 0 0 0 0 0 0 0 0 0 0 0 1 1 1 1 1 2 30 195 255 255 245 2 1 1 1 1 1 255 255 1 1 0 0 0 0 1 1 0 1 1 1 1 1 1 1 1 33 90 29 9 15 5 1 1 1 1 20 1 1 1 1 50 15 1 1 0 1 1 1 1 2 5 6 4 3 2 6 69 13 1 1 0 0 0 0 0 0 0 0 0 0 0 0 0 1 1 52 6 0 0 0 0 0 0 0 0 0 0 1 1 126 198 1 1 83 38 1 1 1 1 0 1 3 1 2 19 37 34 30 28 18 1 1 255 229 1 13 2 4 1 1 6 37 27 3 1 1 1 1 1 1 1 1 1 0 0 0 0 0 0 1 1 1 17 50 1 0 0 1 1 2 37 8 1 1 1 0 0 0 0 0 0 0 0 0 0 0 0 0 0 0 0 0 0 0 0 0 0 0 0 0 1 0 0 0 0 0 0 0 0 0 0 0 0 0 0 0 0 1 28 1 1 1 0 0 1 1 1 7 255 2 1 1 1 0 0 0 0 1 0 1 1 1 1 14 1 1 1 1 1 1 255 255
0 0 1 255 255 2 1 0 0 0 0 0 0 0 1 0 0 0 0 0 0 0 0 0 0 0 0 0 0 0 0 0 0 0 0 0 0 0 0 0 0 0 0 0 7 1 0 0 0 0 0 0 0 0 0 0 0 0 0 0 0 0 0 0 0 0 0 0 0 0 0 0 0 0 0 0 0 0 0 0 0 0 0 1 5 29 3 1 1 70 1 0 0 0 0 1 1 1 1 3 148 1 1 0 0 0 0 0 0 0 0 1 10 1 1 1 0 0 0 0 3 0 0 0 1 1 1 1 1 1 1 1 3 255 4 1 0 0 1 0 0 1 0 0 0 0 0 1 0 1 0 0 0 0 0 0 1 1 0 0 0 0 0 0 0 0 0 0 0 0 0 0 0 0 0 0 0 0 0 0 0 0 0 0 0 0 0 0 0 0 0 0 0 0 0 0 0 0 0 0 0 0 0 0 0 0 0 0 0 0 0 0 0 0 0 0 0 0 0 0 0 0 0 0 0 0 0 0 0 0 0 0 0 0 0 0 0 0 0 0 0 0 1 1 1 9 243 236 4 1 1 1 0 1 0 0 0 0 0 0 0 0 0 0 0 0 0 1 1 1 1 1 24 247 255 255 255 253 31 1 1 1 1 1 1 2 255 5 1 1 0 0 0 0 1 1 1 1 1 1 1 1 1 2 82 45 1 1 1 21 1 1 0 1 1 14 3 1 1 1 1 53 59 2 1 1 0 0 0 1 1 1 2 1 1 1 3 79 4 1 1 1 1 1 1 1 1 1 1 1 0 0 0 1 1 54 5 0 0 0 0 0 0 0 0 1 1 1 1 234 4 1 1 135 1 1 1 2 1 0 1 3 1 1 1 0 1 9 6 2 2 254 255 1 29 5 1 1 1 25 23 1 1 1 1 1 1 0 0 0 0 0 0 0 0 0 0 0 0 0 1 1 13 58 1 0 0 1 1 1 1 22 25 1 1 1 0 0 0 0 0 0 0 0 0 0 0 0 0 0 0 0 0 0 0 0 0 0 0 0 1 0 0 0 0 0 0 0 0 0 0 0 0 0 0 0 0 2 18 1 1 0 0 0 1 1 1 1 224 255 1 1 1 1 1 0 1 0 1 1 1 0 1 8 1 1 1 1 1 183 255 1
0 0 0 1 251 255 2 1 0 0 0 0 0 1 1 0 0 0 0 0 0 0 0 0 0 0 0 0 0 0 0 0 0 0 0 0 0 0 0 0 0 0 0 0 7 0 0 0 0 0 0 0 0 0 0 0 0 0 0 0 0 0 0 0 0 0 0 0 0 0 0 0 0 0 0 0 0 0 0 0 0 0 0 0 1 1 21 15 2 70 1 0 0 0 0 0 1 1 1 104 51 1 0 0 0 0 0 0 0 0 0 2 7 0 0 1 0 0 0 0 3 0 0 0 0 0 1 1 1 1 1 1 255 255 1 1 0 1 1 0 1 1 0 0 0 0 0 1 1 1 0 0 0 0 0 0 1 1 0 0 0 0 0 0 0 0 0 0 0 0 0 0 0 0 0 0 0 0 0 0 0 0 0 0 0 0 0 0 0 0 0 0 0 0 0 0 0 0 0 0 0 0 0 0 0 0 0 0 0 0 0 0 0 0 0 0 0 0 0 0 0 0 0 0 0 0 0 0 0 0 0 0 0 0 0 0 0 0 0 0 0 0 1 1 1 1 1 141 249 127 1 1 0 1 1 0 0 0 0 0 0 0 0 0 0 1 1 1 1 1 130 255 255 255 223 26 3 1 1 1 1 1 0 1 1 25 255 1 1 1 1 0 0 1 1 1 1 1 1 1 1 2 50 94 16 1 1 1 5 8 1 1 1 2 1 2 35 2 1 0 1 1 4 63 8 1 1 1 0 1 1 2 1 1 1 1 1 5 74 47 3 1 1 1 1 1 1 1 1 1 1 1 1 1 18 51 1 0 0 0 0 0 0 0 0 0 1 1 144 190 1 1 61 59 1 1 1 2 1 0 1 2 1 1 0 1 3 4 1 1 6 255 72 28 2 1 1 3 37 7 1 1 1 0 0 0 0 0 0 0 0 0 0 0 0 0 0 0 0 0 1 1 44 23 0 1 1 1 1 1 1 1 6 38 4 1 1 0 0 0 0 0 0 0 0 0 0 0 0 0 0 0 0 0 0 0 0 0 0 0 1 0 0 0 0 0 0 0 0 0 0 0 0 0 0 0 1 27 1 1 1 0 1 1 1 1 1 1 1 253 238 1 1 1 1 1 1 0 1 1 1 0 9 1 1 1 1 1 27 255 114 1
0 0 0 0 1 250 255 1 1 0 0 0 0 1 0 0 0 0 0 0 0 0 0 0 0 0 0 0 0 0 0 0 0 0 0 0 0 0 0 0 0 0 0 0 7 0 0 0 0 0 0 0 0 0 0 0 0 0 0 0 0 0 0 0 0 0 0 0 0 0 0 0 0 0 0 0 0 0 0 0 0 0 0 0 0 0 1 6 29 81 1 1 0 0 0 1 1 1 22 135 1 0 0 0 0 0 0 0 0 0 0 9 1 0 0 0 0 0 0 0 3 0 0 0 0 0 0 0 0 0 1 3 255 161 1 1 0 1 1 0 1 0 0 0 0 0 1 1 1 0 0 0 0 0 0 0 0 0 0 0 0 0 0 0 0 0 0 0 0 0 0 0 0 0 0 0 0 0 0 0 0 0 0 0 0 0 0 0 0 0 0 0 0 0 0 0 0 0 0 0 0 0 0 0 0 0 0 0 0 0 0 0 0 0 0 0 0 0 0 0 0 0 0 0 0 0 0 0 0 0 0 0 0 0 0 0 0 0 0 0 0 0 0 0 0 1 1 1 8 239 221 1 1 0 1 0 0 0 0 0 0 0 0 0 1 1 1 2 207 255 255 254 21 2 1 1 1 1 1 1 1 0 0 1 1 168 255 1 1 1 1 1 1 1 0 1 1 1 1 2 50 92 30 1 1 1 1 1 22 1 1 1 3 22 20 24 47 48 2 1 0 0 1 2 63 7 1 1 1 1 2 1 1 1 1 1 1 1 1 17 74 79 64 73 65 18 3 3 28 65 74 61 19 28 31 1 0 0 0 0 0 0 0 0 0 1 1 1 234 4 1 1 134 1 1 1 1 1 1 0 2 1 0 1 1 1 8 1 1 1 255 255 3 1 1 10 22 29 3 1 1 0 0 0 0 0 0 0 0 0 0 0 0 0 0 0 0 0 0 1 1 2 82 1 0 1 1 1 1 0 1 1 1 2 31 34 3 1 0 0 0 0 0 0 0 0 0 0 0 0 0 0 0 0 0 0 0 0 0 0 1 1 0 0 0 0 0 0 0 0 0 0 0 0 0 0 1 29 1 1 0 0 1 1 1 1 1 1 1 1 255 255 238 29 1 1 1 1 1 1 0 1 8 1 1 1 1 167 255 241 68 230
0 0 0 0 0 1 255 255 1 0 0 0 0 1 0 0 0 0 0 0 0 0 0 0 0 0 0 0 0 0 0 0 0 0 0 0 0 0 0 0 0 0 0 1 7 0 0 0 0 0 0 0 0 0 0 0 0 0 0 0 0 0 0 0 0 0 0 0 0 0 0 0 0 0 0 0 0 0 0 0 0 0 0 0 0 0 0 1 1 82 53 1 1 1 1 1 4 98 135 3 1 1 0 0 1 1 1 0 0 0 0 11 1 0 0 0 0 0 0 0 3 0 0 0 0 0 0 0 1 1 1 255 255 1 1 1 1 1 0 0 0 0 0 0 0 0 1 0 0 0 0 0 0 0 0 0 0 0 0 0 0 0 0 0 0 0 0 0 0 0 0 0 0 0 0 0 0 0 0 0 0 0 0 0 0 0 0 0 0 0 0 0 0 0 0 0 0 0 0 0 0 0 0 0 0 0 0 0 0 0 0 0 0 0 0 0 0 0 0 0 0 0 0 0 0 0 0 0 0 0 0 0 0 0 0 0 0 0 0 0 0 0 0 0 0 0 1 1 1 2 197 220 1 1 1 0 0 0 0 0 0 0 1 1 1 3 245 255 255 232 9 43 25 1 1 1 1 1 1 1 1 1 1 1 1 253 255 1 1 1 0 1 1 1 1 1 1 2 40 92 29 2 1 1 1 1 1 3 17 3 25 45 37 9 9 8 53 28 46 17 1 1 1 2 36 5 12 5 2 3 1 1 1 1 1 1 1 1 1 1 1 2 6 4 6 46 77 75 34 5 2 5 62 32 3 1 1 0 0 0 0 0 0 0 0 1 1 70 218 1 1 1 134 1 1 0 2 1 1 1 3 1 1 1 1 8 1 1 1 204 255 1 2 8 18 4 6 1 1 0 0 0 0 0 0 0 0 0 0 0 0 0 0 0 0 0 0 0 0 1 1 45 38 1 1 1 1 1 0 0 0 1 1 1 1 2 32 28 1 1 0 0 0 0 0 0 0 0 0 0 0 0 0 0 0 0 0 0 0 0 0 1 0 0 0 0 0 0 0 0 0 0 0 0 0 0 12 4 1 1 0 0 0 1 1 1 1 1 1 1 1 113 252 255 255 255 242 16 2 1 0 8 1 1 1 1 255 255 255 250 245 177
0 0 0 0 0 0 2 255 1 0 0 0 1 1 0 0 0 0 0 0 0 0 0 0 0 0 0 0 0 0 0 0 0 0 0 0 0 0 0 0 0 0 0 4 2 0 0 0 0 0 0 0 0 0 0 0 0 0 0 0 0 0 0 0 0 0 0 0 0 0 0 0 0 0 0 0 0 0 0 0 0 0 0 0 0 0 0 0 1 1 36 92 8 59 129 145 143 56 1 1 1 1 1 1 1 0 0 0 0 0 0 12 1 0 0 0 0 0 0 0 3 1 0 0 0 0 0 1 1 1 1 255 255 1 1 0 1 1 0 1 1 0 0 0 0 1 1 0 0 0 0 0 0 0 0 0 0 0 0 0 0 0 0 0 0 0 0 0 0 0 0 0 0 0 0 0 0 0 0 0 0 0 0 0 0 0 0 0 0 0 0 0 0 0 0 0 0 0 0 0 0 0 0 0 0 0 0 0 0 0 0 0 0 0 0 0 0 0 0 0 0 0 0 0 0 0 0 0 0 0 0 0 0 0 0 0 0 0 0 0 0 0 0 0 0 0 0 1 1 1 2 249 14 1 0 1 0 0 1 0 1 1 1 11 254 255 255 167 4 1 1 1 87 1 1 1 0 1 1 0 0 1 1 1 4 255 255 1 1 1 0 1 1 7 35 40 40 73 40 2 1 1 1 1 1 6 32 80 53 40 8 1 1 1 1 1 6 14 37 30 42 4 1 12 15 1 1 14 31 48 52 62 73 77 76 55 4 1 1 1 1 1 1 1 1 1 1 1 1 1 1 26 11 8 14 20 10 1 1 0 0 0 0 0 0 1 2 233 36 1 1 80 43 1 0 1 2 1 1 1 2 0 0 1 1 7 1 1 1 255 167 1 1 9 2 5 1 1 0 0 0 0 0 0 0 0 0 0 0 0 0 0 0 0 0 0 0 0 0 1 34 42 1 1 1 1 1 0 0 0 0 0 0 1 1 1 1 5 40 1 0 0 0 0 0 0 0 0 0 0 0 0 0 0 0 0 0 0 0 0 0 1 0 0 0 0 0 0 0 0 0 0 0 0 0 1 27 1 1 1 0 0 1 1 1 1 0 1 0 1 1 1 1 1 1 70 252 255 252 3 1 7 1 1 2 255 255 16 1 1 1 1
0 0 0 0 0 0 1 255 4 1 1 0 1 0 0 0 0 0 0 0 0 0 0 0 0 0 0 0 0 0 0 0 0 0 0 0 0 0 0 0 0 0 0 7 1 0 0 0 0 0 0 0 0 0 0 0 0 0 0 0 0 0 0 0 0 0 0 0 0 0 0 0 0 0 0 0 0 0 0 0 0 0 0 0 0 0 0 0 1 1 3 123 113 154 19 2 1 1 1 1 0 0 0 0 0 0 0 0 0 0 1 11 1 0 0 0 0 0 0 0 3 1 0 0 0 0 1 1 1 1 247 255 5 1 1 1 1 0 0 1 1 1 0 0 0 1 0 0 0 0 0 0 0 0 0 0 0 0 0 0 0 0 0 0 0 0 0 0 0 0 0 0 0 0 0 0 0 0 0 0 0 0 0 0 0 0 0 0 0 0 0 0 0 0 0 0 0 0 0 0 0 0 0 0 0 0 0 0 0 0 0 0 0 0 0 0 0 0 0 0 0 0 0 0 0 0 0 0 0 0 0 0 0 0 0 0 0 0 0 0 0 0 0 0 0 0 0 0 0 1 1 150 234 1 1 1 1 1 1 1 1 52 255 255 255 93 2 1 1 1 1 1 91 0 1 1 1 1 0 0 0 0 1 1 254 254 255 1 1 1 1 1 15 25 2 1 1 20 6 1 1 1 1 1 14 21 3 23 1 1 1 1 0 0 0 1 6 1 7 35 4 41 54 57 2 1 10 50 16 8 13 5 1 1 1 6 63 68 17 1 1 1 1 1 1 1 1 1 1 1 16 17 1 1 1 1 5 17 1 0 0 0 0 0 1 1 29 242 97 96 72 147 1 1 1 1 1 1 0 1 2 1 1 1 9 1 1 1 247 255 1 1 1 15 10 1 1 1 0 0 0 0 0 0 0 0 0 0 0 0 0 0 0 0 0 0 0 0 1 9 64 1 1 1 1 1 0 0 0 0 0 0 0 0 0 1 1 1 33 3 1 0 0 0 0 0 0 0 0 0 0 0 0 0 0 0 0 0 0 0 0 1 1 0 0 0 0 0 0 0 0 0 0 0 0 12 4 1 1 1 1 1 1 0 1 0 1 1 0 0 1 1 1 0 0 1 1 1 242 255 57 1 1 1 255 255 1 1 1 1 1 1
0 0 0 0 0 0 1 255 172 1 1 1 1 0 0 0 0 0 0 0 0 0 0 0 0 0 0 0 0 0 0 0 0 0 0 0 0 0 0 0 0 0 0 7 0 0 0 0 0 0 0 0 0 0 0 0 0 0 0 0 0 0 0 0 0 0 0 0 0 0 0 0 0 0 0 0 0 0 0 0 0 0 0 0 0 0 0 1 1 47 123 18 1 48 112 6 1 1 1 0 0 0 0 0 0 0 0 0 0 0 1 10 1 0 0 0 0 0 0 0 3 0 0 0 0 1 1 1 1 1 255 255 214 193 16 1 1 1 0 0 0 1 0 0 0 1 0 0 0 0 0 0 0 0 0 0 0 0 0 0 0 0 0 0 0 0 0 0 0 0 0 0 0 0 0 0 0 0 0 0 0 0 0 0 0 0 0 0 0 0 0 0 0 0 0 0 0 0 0 0 0 0 0 0 0 0 0 0 0 0 0 0 0 0 0 0 0 0 0 0 0 0 0 0 0 0 0 0 0 0 0 0 0 0 0 0 0 0 0 0 0 0 0 0 0 0 0 0 1 1 1 5 249 1 1 1 1 1 1 127 255 255 255 38 2 1 1 1 1 1 1 1 93 1 0 0 0 0 0 0 0 1 1 242 255 67 255 1 1 1 1 27 17 1 1 1 1 28 3 1 1 16 34 34 9 1 21 2 1 1 0 0 1 1 1 1 5 1 1 13 23 1 1 2 1 22 37 1 1 1 1 1 1 1 1 1 1 2 38 58 6 1 1 1 1 1 1 1 1 4 38 1 1 0 1 1 1 6 7 0 0 0 0 0 1 1 85 234 1 2 8 176 71 59 7 2 1 1 1 1 1 1 1 7 2 1 1 1 255 120 1 1 1 18 6 1 1 1 0 0 0 0 0 0 0 0 0 0 1 1 1 1 0 0 0 0 0 0 1 72 5 1 1 1 0 0 0 0 0 0 0 0 0 0 0 0 0 1 1 41 1 1 0 0 0 0 0 0 0 0 0 0 0 0 0 0 0 0 0 0 0 0 1 1 1 0 0 0 0 0 0 1 1 1 1 20 4 1 1 1 1 1 1 1 1 1 1 1 1 0 1 1 0 0 1 1 1 1 1 130 255 5 1 255 255 1 1 1 1 1 1 0
0 0 0 0 0 0 1 255 254 1 1 1 1 0 0 0 0 0 0 0 0 0 0 0 0 0 0 0 0 0 0 0 0 0 0 0 0 0 0 0 0 0 1 7 0 0 0 0 0 0 0 0 0 0 0 0 0 0 0 0 0 0 0 0 0 0 0 0 0 0 0 0 0 0 0 0 0 0 0 0 0 0 0 0 0 0 1 6 123 85 2 1 1 1 9 123 19 1 1 0 0 0 0 0 0 0 0 0 0 1 4 7 1 0 0 0 0 0 0 0 3 0 0 0 0 0 0 0 1 21 255 3 1 58 205 211 83 1 1 0 0 1 1 1 1 0 0 0 0 0 0 0 0 0 0 0 0 0 0 0 0 0 0 0 0 0 0 0 0 0 0 0 0 0 0 0 0 0 0 0 0 0 0 0 0 0 0 0 0 0 0 0 0 0 0 0 0 0 0 0 0 0 0 0 0 0 0 0 0 0 0 0 0 0 0 0 0 0 0 0 0 0 0 0 0 0 0 0 0 0 0 0 0 0 0 0 0 0 0 0 0 0 0 0 0 0 0 1 1 0 0 1 243 98 1 1 2 182 255 255 253 15 1 1 1 1 1 1 1 1 1 1 93 0 0 0 0 0 0 1 1 1 172 255 3 45 255 2 1 1 38 5 1 1 1 1 1 31 1 11 34 7 1 1 1 1 27 1 1 1 1 1 1 0 0 1 3 1 0 1 49 1 1 1 1 56 1 1 1 1 1 1 1 0 0 0 1 1 1 4 53 76 73 58 46 48 16 3 13 33 11 1 0 0 1 1 2 22 34 0 0 0 0 0 1 2 224 130 1 1 1 119 1 2 44 74 62 12 1 2 1 1 1 12 1 1 1 42 255 1 1 1 9 4 4 1 1 1 0 0 0 0 0 0 0 0 1 1 1 13 18 17 12 9 1 1 0 0 1 79 2 1 1 0 0 0 0 0 0 0 0 0 0 0 0 0 0 1 1 5 28 1 1 0 0 0 0 0 0 0 0 0 0 0 0 0 0 0 1 1 0 0 0 0 1 1 0 0 1 1 1 1 1 1 1 1 13 2 2 2 2 1 1 1 1 1 1 1 1 0 1 1 0 0 1 1 1 1 1 1 229 255 255 255 1 1 1 1 1 0 0 0
0 0 0 0 0 0 1 250 255 1 1 1 1 1 1 0 0 0 0 0 0 0 0 0 0 0 0 0 0 0 0 0 0 0 0 0 0 0 0 0 0 0 3 3 0 0 0 0 0 0 0 0 0 0 0 0 0 0 0 0 0 0 0 0 0 0 0 0 0 0 0 0 0 0 0 0 0 0 0 0 0 1 1 0 1 1 64 132 13 1 1 1 1 1 1 68 66 20 1 0 0 0 0 0 1 0 0 0 1 4 6 1 1 1 1 1 1 1 1 1 4 1 0 0 0 0 0 1 1 255 255 1 1 1 1 4 184 216 76 1 1 1 0 0 0 0 0 0 0 0 0 0 0 0 0 0 0 0 0 0 0 0 0 0 0 0 0 0 0 0 0 0 0 0 0 0 0 0 0 0 0 0 0 0 0 0 0 0 0 0 0 0 0 0 0 0 0 0 0 0 0 0 0 0 0 0 0 0 0 0 0 0 0 0 0 0 0 0 0 0 0 0 0 0 0 0 0 0 0 0 0 0 0 0 0 0 0 0 0 0 0 0 0 0 0 0 0 1 0 0 1 1 68 246 2 150 255 255 241 9 1 1 1 1 1 1 1 1 1 0 0 1 93 1 0 0 0 0 1 1 1 89 255 30 1 37 255 3 1 28 3 1 1 1 1 1 7 18 31 11 1 1 0 1 1 17 4 1 0 0 0 0 0 0 0 4 1 1 1 1 4 39 1 1 3 59 1 1 1 1 1 1 1 0 0 0 1 1 0 0 1 1 1 4 9 8 34 58 37 93 8 1 1 1 1 12 48 26 68 1 0 0 0 0 1 19 242 5 1 1 1 118 1 0 1 1 1 32 66 79 29 1 1 10 1 1 1 255 255 2 2 9 8 1 1 4 1 1 0 0 0 0 0 0 0 1 1 8 16 2 1 1 2 4 16 5 1 1 4 74 2 1 1 0 0 0 0 0 0 0 0 0 0 0 0 0 0 0 0 1 21 9 1 0 0 0 0 0 0 0 0 0 0 0 0 0 0 1 1 1 1 1 1 1 1 1 1 1 1 1 0 0 0 0 0 1 2 10 1 1 1 2 2 1 1 1 1 0 0 0 1 1 0 0 1 1 1 1 1 2 1 255 255 12 1 1 1 1 0 0 1 1
0 0 0 0 0 0 1 143 255 1 1 2 0 0 1 1 0 0 0 0 0 0 0 0 0 0 0 0 0 0 0 0 0 0 0 0 0 0 0 0 0 0 7 1 0 0 0 0 0 0 0 0 0 0 0 0 0 0 0 0 0 0 0 0 0 0 0 0 0 0 0 0 0 0 0 0 0 0 0 0 1 1 0 1 10 131 74 2 1 1 1 1 1 1 1 119 3 10 10 0 0 0 0 0 1 1 1 1 6 6 1 1 1 1 1 1 1 1 0 0 4 1 0 0 0 0 0 1 3 255 12 1 0 0 1 1 1 2 187 205 4 1 1 0 0 0 0 0 0 0 0 0 0 0 0 0 0 0 0 0 0 0 0 0 0 0 0 0 0 0 0 0 0 0 0 0 0 0 0 0 0 0 0 0 0 0 0 0 0 0 0 0 0 0 0 0 0 0 0 0 0 0 0 0 0 0 0 0 0 0 0 0 0 0 0 0 0 0 0 0 0 0 0 0 0 0 0 0 0 0 0 0 0 0 0 0 0 0 0 0 0 0 0 0 0 0 1 1 0 1 1 1 3 250 255 255 244 10 1 1 1 1 1 1 1 1 1 0 0 0 0 0 17 55 1 0 0 1 1 3 235 255 104 1 1 13 255 58 61 41 5 1 1 1 1 1 28 41 2 1 1 1 1 1 1 28 1 1 1 1 1 1 1 1 1 5 1 1 1 1 1 27 56 58 51 5 1 1 1 1 1 1 1 1 1 1 1 1 1 1 1 1 1 1 1 1 1 1 1 111 4 1 1 1 10 36 4 65 14 1 0 0 0 1 1 38 241 1 2 1 1 116 0 0 1 1 1 1 1 3 24 75 87 29 1 1 1 255 254 34 21 4 1 0 1 4 1 1 1 0 0 0 0 0 1 1 10 4 1 1 1 1 1 1 1 8 17 10 24 45 1 1 0 0 0 0 0 0 0 0 0 0 0 0 0 0 0 0 0 0 1 37 2 1 0 0 0 0 0 0 0 0 0 0 0 0 0 1 1 0 0 0 1 1 1 1 1 1 0 0 0 0 0 0 0 1 1 2 10 1 1 1 1 1 2 2 1 1 0 1 1 1 0 0 1 1 0 1 1 2 1 73 255 1 1 1 1 0 0 0 1 1
0 0 0 0 0 0 0 3 255 1 1 2 1 0 0 1 1 0 0 0 0 0 0 0 0 0 0 0 0 0 0 0 0 0 0 0 0 0 0 0 0 0 7 0 0 0 0 0 0 0 0 0 0 0 0 0 0 0 0 0 0 0 0 0 0 0 0 0 0 0 0 0 0 0 0 0 0 0 0 1 1 1 2 83 128 7 1 1 1 1 1 1 1 1 2 121 1 13 7 1 1 0 0 0 1 1 2 9 3 1 1 0 0 0 0 0 0 0 0 0 3 1 0 0 0 0 0 1 255 255 1 1 0 0 0 0 1 1 1 19 211 83 1 1 0 0 0 0 0 0 0 0 0 0 0 0 0 0 0 0 0 0 0 0 0 0 0 0 0 0 0 0 0 0 0 0 0 0 0 0 0 0 0 0 0 0 0 0 0 0 0 0 0 0 0 0 0 0 0 0 0 0 0 0 0 0 0 0 0 0 0 0 0 0 0 0 0 0 0 0 0 0 0 0 0 0 0 0 0 0 0 0 0 0 0 0 0 0 0 0 0 0 0 0 0 1 1 1 1 1 1 1 110 255 255 41 2 1 1 1 1 1 1 1 1 0 0 0 0 0 0 0 1 22 47 1 1 1 206 255 255 8 1 1 1 3 255 125 7 1 3 9 13 18 19 23 29 42 5 3 3 4 4 4 28 34 16 17 18 18 18 18 18 18 18 32 25 24 25 25 25 26 27 22 21 20 20 20 24 19 19 19 19 19 18 18 18 19 20 19 20 19 19 19 18 18 17 13 12 129 52 44 43 44 44 33 2 64 1 1 0 1 1 1 1 89 236 1 2 1 1 112 0 0 1 1 1 1 1 1 1 1 1 10 50 50 46 254 255 2 5 5 1 1 1 4 1 1 1 1 1 1 1 1 1 7 5 1 1 0 0 0 0 1 1 1 3 8 24 28 1 1 0 0 0 0 0 0 0 0 0 0 0 0 0 0 0 0 0 0 1 3 34 0 1 1 0 0 0 0 0 0 0 0 0 0 0 1 1 0 0 0 1 0 0 0 1 1 0 0 0 0 0 0 0 1 0 1 2 11 1 0 0 0 0 1 1 3 1 1 1 1 0 1 1 1 1 1 1 1 1 1 255 13 1 1 0 0 0 1 1 1
0 0 0 0 0 0 0 1 255 73 1 1 2 1 1 0 0 1 1 0 0 0 0 0 0 0 0 0 0 0 0 0 0 0 0 0 0 0 0 0 0 1 6 0 0 0 0 0 0 0 0 0 0 0 0 0 0 0 0 0 0 0 0 0 0 0 0 0 0 0 0 0 0 0 0 0 0 0 1 1 1 18 137 57 1 1 0 1 1 0 1 1 1 1 56 56 1 4 27 5 1 1 1 0 0 1 9 1 1 1 0 0 0 0 0 0 0 0 0 0 1 3 0 0 0 1 1 1 255 206 1 0 0 0 0 0 0 0 1 1 1 186 103 1 1 0 0 0 0 0 0 0 0 0 0 0 0 0 0 0 0 0 0 0 0 0 0 0 0 0 0 0 0 0 0 0 0 0 0 0 0 0 0 0 0 0 0 0 0 0 0 0 0 0 0 0 0 0 0 0 0 0 0 0 0 0 0 0 0 0 0 0 0 0 0 0 0 0 0 0 0 0 0 0 0 0 0 0 0 0 0 0 0 0 0 0 0 0 0 0 0 0 0 0 0 1 1 1 1 1 1 165 255 245 169 18 1 1 1 1 1 1 0 0 0 0 0 0 0 0 0 0 1 1 93 1 1 245 255 15 1 1 0 1 1 1 254 253 2 1 1 1 1 1 1 1 1 2 27 1 1 1 1 1 51 1 1 1 1 1 1 1 1 1 1 5 1 1 1 1 1 1 1 1 1 1 1 2 1 1 1 1 1 1 1 1 1 1 1 1 1 1 1 1 1 1 1 2 2 45 64 5 5 5 3 32 3 63 1 0 1 1 0 1 1 216 158 1 1 1 1 107 0 0 1 1 1 0 2 1 0 1 1 0 1 1 1 6 255 10 1 2 6 4 2 4 2 1 1 1 1 1 1 1 4 10 1 0 0 0 0 0 1 1 3 3 1 1 18 13 9 1 1 0 0 0 0 0 0 0 0 0 0 0 0 0 0 0 0 0 1 1 44 0 0 1 1 0 0 0 0 0 0 0 0 0 0 1 1 0 0 0 1 1 0 0 1 1 0 0 0 0 0 0 0 1 1 1 1 3 8 0 0 0 0 0 1 1 2 1 1 1 1 1 0 1 1 1 2 1 1 1 255 252 1 1 0 0 1 1 0 1
0 0 0 0 0 0 0 0 171 255 120 1 2 1 1 1 1 1 1 1 1 1 0 0 0 0 0 0 0 0 0 0 0 0 0 0 0 0 0 0 0 5 1 0 0 0 0 0 0 0 0 0 0 0 0 0 0 0 0 0 0 0 0 0 0 0 0 0 0 0 0 0 0 0 0 0 0 1 1 2 102 120 4 1 1 0 1 1 0 1 1 1 1 31 86 4 2 1 2 15 30 8 1 1 1 9 2 1 1 1 0 0 0 0 0 0 0 0 0 0 0 4 0 0 1 1 1 235 255 1 1 0 0 0 0 0 0 0 0 0 1 1 197 46 1 1 0 0 0 0 0 0 0 0 0 0 0 0 0 0 0 0 0 0 0 0 0 0 0 0 0 0 0 0 0 0 0 0 0 0 0 0 0 0 0 0 0 0 0 0 0 0 0 0 0 0 0 0 0 0 0 0 0 0 0 0 0 0 0 0 0 0 0 0 0 0 0 0 0 0 0 0 0 0 0 0 0 0 0 0 0 0 0 0 0 0 0 0 0 0 0 0 0 0 1 1 1 1 1 1 165 255 220 4 2 157 74 1 1 1 1 0 0 0 0 0 0 0 0 0 0 0 1 1 83 5 254 255 1 1 1 1 1 1 1 1 164 255 7 1 1 1 1 1 1 0 1 1 33 1 1 0 1 9 27 1 1 1 1 1 1 1 1 1 4 1 1 1 1 1 1 1 1 1 1 1 1 1 1 1 1 1 1 1 1 1 1 1 1 1 1 1 1 1 1 1 1 1 1 20 76 1 1 1 10 11 16 36 1 1 1 0 0 1 2 243 13 2 1 1 1 104 1 0 1 1 1 1 2 0 0 1 1 0 1 1 1 1 255 255 1 1 1 2 4 7 6 4 1 2 2 1 2 6 9 1 1 0 0 1 1 2 4 3 1 1 1 1 2 22 36 1 1 1 0 0 0 0 0 0 0 0 0 0 0 0 0 0 0 1 1 6 23 0 0 0 1 1 0 0 0 0 0 0 0 0 0 1 1 1 0 0 0 1 1 1 1 0 0 0 0 0 0 0 0 0 1 1 1 1 18 1 0 0 0 0 0 1 1 1 3 1 1 0 0 0 1 1 2 1 1 1 255 255 1 1 0 0 1 1 1 9
0 0 0 0 0 0 0 0 1 168 255 255 255 255 255 255 254 189 7 1 1 1 1 1 1 1 0 0 0 0 0 0 0 0 0 0 0 0 0 0 0 7 1 0 0 0 0 0 0 0 0 0 0 0 0 0 0 0 0 0 0 0 0 0 0 0 0 0 0 0 0 0 0 0 0 0 1 1 31 139 39 1 1 0 0 1 1 0 0 1 1 1 41 77 1 1 2 4 2 1 2 11 18 15 3 9 1 1 1 1 0 0 0 0 0 0 0 0 0 0 0 4 1 1 1 1 1 255 255 1 1 0 0 0 0 0 0 0 0 0 0 1 2 216 1 1 0 0 0 0 0 0 0 0 0 0 0 0 0 0 0 0 0 0 0 0 0 0 0 0 0 0 0 0 0 0 0 0 0 0 0 0 0 0 0 0 0 0 0 0 0 0 0 0 0 0 0 0 0 0 0 0 0 0 0 0 0 0 0 0 0 0 0 0 0 0 0 0 0 0 0 0 0 0 0 0 0 0 0 0 0 0 0 0 0 0 0 0 0 0 0 0 0 0 1 1 1 1 1 91 255 222 4 1 1 1 118 173 103 2 1 1 0 0 0 0 0 0 0 1 1 1 1 1 215 255 254 1 1 1 1 1 0 1 1 1 107 255 52 1 1 1 1 1 1 1 0 1 6 19 1 1 1 50 1 1 1 1 1 1 1 1 1 1 6 1 1 1 1 1 1 1 1 1 1 1 1 1 1 0 1 1 1 1 1 0 1 1 1 1 1 1 1 1 1 1 1 1 1 25 54 3 1 1 28 3 53 1 1 0 0 0 0 1 8 243 2 2 1 1 1 100 1 0 1 1 1 1 2 0 0 0 0 0 0 1 1 1 43 255 1 1 1 0 0 1 4 13 7 1 1 1 3 5 1 1 1 1 1 3 4 2 1 1 1 1 0 0 1 3 80 2 1 1 1 0 0 0 0 0 0 0 0 1 1 1 1 0 1 1 1 38 1 0 0 0 0 1 1 0 0 0 0 0 0 0 0 0 1 1 1 1 0 0 1 1 1 0 0 0 0 0 0 0 0 1 1 1 0 1 16 1 0 0 0 0 0 1 1 1 2 1 1 0 0 0 1 2 1 1 1 1 41 255 1 1 1 1 1 4 10 13
0 0 0 0 0 0 0 0 0 1 1 22 169 233 252 255 255 255 255 255 255 255 28 1 1 1 1 1 1 0 0 0 0 0 0 0 0 0 0 0 0 7 0 0 0 0 0 0 0 0 0 0 0 0 0 0 0 0 0 0 0 0 0 0 0 0 0 0 0 0 0 0 0 0 1 1 3 117 108 2 1 1 1 1 1 0 0 0 0 1 1 55 66 1 1 0 1 1 2 3 6 1 1 2 12 2 1 1 0 0 0 0 0 0 0 0 0 0 0 0 0 2 2 1 0 1 54 255 1 1 0 0 0 0 0 0 0 0 0 0 0 0 1 203 31 1 0 0 0 0 0 0 0 0 0 0 0 0 0 0 0 0 0 0 0 0 0 0 0 0 0 0 0 0 0 0 0 0 0 0 0 0 0 0 0 0 0 0 0 0 0 0 0 0 0 0 0 0 0 0 0 0 0 0 0 0 0 0 0 0 0 0 0 0 0 0 0 0 0 0 0 0 0 0 0 0 0 0 0 0 0 0 0 0 0 0 0 0 0 0 0 0 0 0 1 1 1 1 13 255 250 6 1 1 1 1 1 1 93 169 161 4 1 1 0 0 0 0 1 1 0 1 1 14 255 34 1 1 1 1 0 0 0 0 1 1 95 255 225 2 1 1 1 1 1 1 1 1 1 35 1 1 5 36 1 0 1 0 1 1 1 1 1 1 7 1 0 0 0 0 0 0 1 1 0 0 1 1 1 0 0 0 0 0 0 0 1 1 1 1 1 1 1 1 1 1 1 1 1 32 3 51 1 6 13 22 18 1 0 0 0 0 1 1 20 243 2 2 1 1 1 95 1 1 1 1 0 1 1 0 0 0 0 0 1 1 1 1 2 255 4 1 1 0 0 0 1 4 18 15 3 6 10 2 1 1 1 4 4 1 1 1 1 0 1 0 0 0 1 1 21 59 4 1 1 0 0 0 0 0 0 1 1 50 112 113 75 2 1 1 1 39 1 0 0 0 0 0 1 1 1 0 0 0 0 0 0 0 0 0 1 1 1 1 1 0 1 0 0 0 0 0 0 0 0 1 1 0 0 1 15 1 0 0 0 0 0 1 1 1 1 2 1 1 0 0 1 2 1 1 1 1 2 255 4 1 5 9 7 2 5 1
0 0 0 0 0 0 0 0 0 0 0 6 0 0 0 0 0 0 1 1 116 255 255 255 255 255 44 1 1 1 1 1 1 0 0 0 0 0 0 0 1 5 0 0 0 0 0 0 0 0 0 0 0 0 0 0 0 0 0 0 0 0 0 0 0 0 0 0 0 0 0 0 0 1 1 53 139 22 1 1 1 1 0 0 0 0 0 0 1 1 66 50 1 1 0 0 0 0 1 1 2 6 1 1 6 1 0 0 0 0 0 0 0 0 0 0 0 0 0 0 0 1 4 1 0 1 255 255 1 1 0 0 0 0 0 0 0 0 0 0 0 0 1 44 199 1 1 0 0 0 0 0 0 0 0 0 0 0 0 0 0 0 0 0 0 0 0 0 0 0 0 0 0 0 0 0 0 0 0 0 0 0 0 0 0 0 0 0 0 0 0 0 0 0 0 0 0 0 0 0 0 0 0 0 0 0 0 0 0 0 0 0 0 0 0 0 0 0 0 0 0 0 0 0 0 0 0 0 0 0 0 0 0 0 0 0 0 0 0 0 0 0 0 0 1 1 1 2 255 255 15 1 1 1 1 1 1 1 1 1 8 167 30 1 1 1 0 1 1 0 0 1 1 255 232 1 1 1 1 0 0 0 0 0 0 1 88 196 255 22 1 1 1 1 1 1 1 1 1 7 17 1 46 2 1 0 1 1 2 1 1 1 1 1 6 1 1 1 1 1 1 1 1 1 1 1 1 2 1 1 1 1 1 1 1 1 1 1 1 1 1 0 0 1 1 1 1 1 18 11 1 64 1 25 1 58 2 1 0 0 1 1 1 1 21 243 2 2 1 1 1 92 1 1 1 1 1 2 1 0 0 0 0 0 1 1 1 1 2 255 5 1 1 0 0 0 1 1 1 5 20 39 4 2 4 4 3 1 1 1 1 1 1 0 1 1 1 1 1 1 1 13 100 67 6 3 2 3 34 1 1 1 39 60 1 1 28 104 104 2 1 40 1 0 0 0 0 0 0 0 1 1 0 0 0 0 0 0 0 0 0 0 0 1 1 0 1 0 0 0 0 0 0 0 1 1 0 0 0 1 18 1 0 0 0 0 0 0 1 1 1 3 1 1 0 1 1 2 1 1 1 1 1 255 222 10 2 1 1 1 4 0
0 0 0 0 0 0 0 0 0 0 1 5 0 0 0 0 0 0 0 0 1 1 1 1 94 255 255 255 255 255 164 2 1 1 1 1 0 0 0 0 6 1 0 0 0 0 0 0 0 0 0 0 0 0 0 0 0 0 0 0 0 0 0 0 0 0 0 0 0 0 0 0 1 5 131 89 2 1 0 1 1 0 0 0 0 0 0 1 1 70 34 1 1 0 0 0 0 0 1 0 1 4 3 2 6 1 0 1 1 0 0 0 0 0 0 0 0 0 0 0 0 0 4 1 1 3 255 6 1 0 0 0 0 0 0 0 0 0 0 0 0 0 0 1 218 1 1 1 0 0 0 0 0 0 0 0 0 0 0 0 0 0 0 0 0 0 0 0 0 0 0 0 0 0 0 0 0 0 0 0 0 0 0 0 0 0 0 0 0 0 0 0 0 0 0 0 0 0 0 0 0 0 0 0 0 0 0 0 0 0 0 0 0 0 0 0 0 0 0 0 0 0 0 0 0 0 0 0 0 0 0 0 0 0 0 0 0 0 0 0 0 0 0 1 1 1 1 161 255 67 1 1 1 1 1 0 0 0 1 1 1 1 145 156 5 1 1 1 0 0 1 1 251 255 1 1 1 1 0 0 0 0 0 0 0 1 37 37 254 254 24 2 1 1 1 1 1 1 1 1 35 3 38 1 1 1 2 1 1 1 1 1 1 1 5 1 1 1 1 1 1 1 1 1 1 1 1 2 1 1 1 1 1 1 1 1 1 1 1 1 1 1 1 1 1 1 2 33 12 1 1 26 37 12 1 75 1 1 1 1 2 3 3 3 24 243 2 2 1 1 1 92 2 2 2 2 2 1 0 0 0 0 0 0 1 1 1 1 32 255 3 1 1 0 0 0 0 1 1 3 9 3 19 17 1 1 1 1 1 1 0 0 0 0 1 1 3 6 2 15 23 24 11 34 103 105 105 113 67 109 67 36 116 1 1 1 1 1 4 103 110 118 1 0 0 0 0 0 0 0 0 1 1 0 0 0 0 1 0 0 1 1 1 1 1 1 1 1 0 0 0 0 0 0 0 0 0 0 0 0 15 1 0 0 0 0 0 0 0 1 1 2 1 1 1 1 2 1 1 1 1 1 1 255 255 3 1 1 1 6 1 0
0 0 0 0 0 0 0 0 0 0 6 1 0 0 0 0 0 0 0 0 0 0 0 0 1 1 1 1 21 254 255 255 255 255 218 2 1 1 1 1 7 0 0 0 0 0 0 0 0 0 0 0 0 0 0 0 0 0 0 0 0 0 0 0 0 0 0 0 0 0 1 1 80 139 9 1 1 0 1 1 0 0 0 0 0 1 1 1 70 18 1 1 0 1 1 1 0 0 1 1 2 3 1 2 12 1 1 1 0 0 0 0 0 0 0 0 0 0 0 0 0 0 2 2 1 255 255 1 1 0 0 0 0 0 0 0 0 0 0 0 0 0 0 1 149 171 1 1 1 0 0 0 0 0 0 0 0 0 0 0 0 0 0 0 0 0 0 0 0 0 0 0 0 0 0 0 0 0 0 0 0 0 0 0 0 0 0 0 0 0 0 0 0 0 0 0 0 0 0 0 0 0 0 0 0 0 0 0 0 0 0 0 0 0 0 0 0 0 0 0 0 0 0 0 0 0 0 0 0 0 0 0 0 0 0 0 0 0 0 0 0 1 0 1 1 1 4 255 244 3 1 1 1 1 0 0 0 0 1 1 1 1 1 13 164 136 2 1 0 1 1 162 255 5 1 1 1 1 0 0 0 0 0 0 0 1 1 78 6 254 254 77 4 1 1 1 1 1 1 1 34 41 3 1 1 2 1 1 1 1 1 1 1 1 5 1 1 1 1 1 1 1 1 1 0 0 1 2 1 1 1 0 0 0 0 0 0 1 1 1 1 1 1 1 4 51 50 2 1 1 1 1 106 2 1 55 8 1 2 46 73 70 71 73 71 243 5 1 2 1 1 84 1 1 0 0 0 0 0 0 0 0 0 0 1 1 1 1 255 255 1 1 1 0 0 0 0 0 1 5 2 1 1 3 23 3 1 1 1 1 1 1 1 1 1 4 26 11 25 5 1 1 1 1 1 1 1 2 2 3 30 55 2 1 0 0 0 1 1 1 1 60 83 1 1 0 0 0 0 0 0 0 1 1 0 0 1 1 1 1 1 0 0 1 1 1 0 1 1 1 1 0 0 0 0 0 0 0 0 0 14 1 0 0 0 0 0 0 0 1 1 2 1 1 1 2 2 1 1 1 1 1 1 139 255 1 0 0 1 6 1 0
0 0 0 0 0 0 0 0 0 0 6 0 0 0 0 0 0 0 0 0 0 0 0 0 0 0 0 0 0 1 1 1 3 228 255 255 255 198 1 1 7 1 1 0 0 0 0 0 0 0 0 0 0 0 0 0 0 0 0 0 0 0 0 0 0 0 0 0 0 1 8 137 64 1 1 0 1 1 1 0 0 0 0 0 1 1 2 80 15 1 1 0 1 1 1 0 0 1 1 1 2 2 3 6 11 1 1 0 0 0 0 0 0 0 0 0 0 0 0 0 0 0 1 4 1 255 141 1 0 0 0 0 0 0 0 0 0 0 0 0 0 0 0 1 1 116 198 3 1 1 0 0 0 0 0 0 0 0 0 0 0 0 0 0 0 0 0 0 0 0 0 0 0 0 0 0 0 0 0 0 0 0 0 0 0 0 0 0 0 0 0 0 0 0 0 0 0 0 0 0 0 0 0 0 0 0 0 0 0 0 0 0 0 0 0 0 0 0 0 0 0 0 0 0 0 0 0 0 0 0 0 0 0 0 0 0 0 0 0 0 0 1 1 1 1 1 219 255 13 1 1 1 1 0 0 0 0 0 0 1 0 1 1 1 1 44 168 5 1 1 3 255 106 1 1 1 1 1 1 0 0 0 0 0 0 0 1 18 50 4 242 255 253 119 26 6 2 1 1 1 36 67 7 2 2 1 1 1 1 1 1 1 1 1 5 1 1 1 1 1 1 1 1 1 1 1 1 2 1 1 1 1 1 1 1 1 1 1 1 1 1 1 2 39 63 10 6 8 1 0 0 1 98 3 1 3 61 4 39 14 1 1 1 1 1 228 53 1 1 1 1 67 1 1 0 0 1 1 0 0 0 1 1 0 1 1 1 1 255 230 1 1 1 0 0 0 0 1 1 11 1 1 1 1 1 16 20 4 2 1 2 1 1 1 22 16 1 1 1 1 1 1 1 1 1 1 1 1 1 1 1 1 2 1 1 1 1 0 0 1 1 1 143 2 1 1 0 0 0 0 0 0 0 1 1 0 1 0 1 1 0 0 1 1 0 0 0 0 0 0 1 1 1 0 0 0 0 0 0 0 16 1 0 0 0 0 0 0 1 1 1 1 4 2 3 2 3 4 10 7 7 6 7 21 255 2 1 1 1 6 1 0
0 0 0 0 0 0 0 0 0 2 5 0 0 0 0 0 0 0 0 0 0 0 0 0 0 0 0 0 0 0 1 1 0 0 1 1 176 255 255 255 8 1 1 1 1 1 0 0 0 0 0 0 0 0 0 0 0 0 0 0 0 0 0 0 0 0 0 0 1 77 129 4 1 1 0 1 1 0 0 0 0 0 0 1 1 4 115 15 1 1 1 1 1 1 8 4 1 1 1 1 2 12 9 4 1 1 0 0 0 0 0 0 0 0 0 0 0 0 0 0 0 0 1 4 255 255 1 1 0 0 0 0 0 0 0 0 0 0 0 0 0 0 0 0 1 1 46 207 14 1 0 0 0 0 0 0 0 0 0 0 0 0 0 0 0 0 0 0 0 0 0 0 0 0 0 0 0 0 0 0 0 0 0 0 0 0 0 0 0 0 0 0 0 0 0 0 0 0 0 0 0 0 0 0 0 0 0 0 0 0 0 0 0 0 0 0 0 0 0 0 0 0 0 0 0 0 0 0 0 0 0 0 0 0 0 0 0 0 0 0 0 0 1 1 1 5 255 214 2 1 1 1 1 0 0 0 0 0 1 1 0 0 0 1 1 1 5 161 1 30 255 254 1 1 0 0 0 0 1 1 0 0 0 0 0 1 1 2 23 49 6 30 253 255 255 255 255 225 39 5 129 90 38 23 21 8 1 1 1 2 3 10 39 61 78 62 54 48 39 34 35 38 34 19 8 8 17 4 1 1 1 1 1 1 1 1 1 1 1 1 2 31 71 19 1 1 1 3 7 1 0 1 21 64 1 1 15 59 21 1 1 1 1 1 1 99 217 1 1 1 1 13 28 1 1 1 1 1 1 1 1 1 1 0 1 1 1 1 255 140 1 1 1 0 0 0 1 1 2 8 1 0 1 1 1 1 2 14 23 23 23 24 26 27 5 1 1 0 0 0 1 1 1 0 1 1 1 1 0 0 0 1 1 1 1 1 1 1 1 1 1 1 144 2 0 1 0 0 0 0 0 0 0 0 0 1 1 1 1 0 0 1 1 0 0 0 0 0 0 0 0 0 1 1 1 1 0 0 0 0 20 1 0 0 0 0 0 0 0 1 1 2 1 1 1 1 4 90 252 210 28 6 6 27 255 7 1 1 0 1 4 0
0 0 0 0 0 0 0 0 0 8 1 0 0 0 0 0 0 0 0 0 0 0 0 0 0 0 0 0 0 0 0 1 1 0 0 0 0 1 7 255 255 255 187 1 1 1 1 1 1 1 1 1 0 1 1 1 1 1 1 0 0 0 0 0 0 0 1 6 55 116 1 1 1 1 0 1 0 0 0 0 0 0 1 1 7 136 40 6 1 1 1 1 1 10 9 19 2 1 1 1 10 7 1 1 0 0 0 0 0 0 0 0 0 0 0 0 0 0 0 0 0 0 1 3 255 255 1 0 0 0 0 0 0 0 0 0 0 0 0 0 0 0 0 0 0 1 1 9 210 10 1 0 0 0 0 0 0 0 0 0 0 0 0 0 0 0 0 0 0 0 0 0 0 0 0 0 0 0 0 0 0 0 0 0 0 0 0 0 0 0 0 0 0 0 0 0 0 0 0 0 0 0 0 0 0 0 0 0 0 0 0 0 0 0 0 0 0 0 0 0 0 0 0 0 0 0 0 0 0 0 0 0 0 0 0 0 0 0 0 0 0 0 1 1 1 206 255 9 1 1 1 1 1 0 0 0 0 0 0 0 0 0 0 1 1 1 1 119 250 255 252 3 1 0 0 0 0 0 0 1 0 0 0 0 1 1 2 1 1 10 64 69 37 64 25 40 220 255 255 255 255 255 253 87 37 48 67 76 82 83 82 69 35 16 13 8 10 15 23 26 23 16 17 30 45 46 33 61 40 5 1 1 1 1 1 1 1 3 8 50 70 26 1 1 1 1 0 1 15 1 1 1 1 103 1 1 1 1 1 1 1 1 0 1 1 3 236 3 1 1 3 5 93 76 32 4 5 24 4 1 1 1 1 1 1 1 1 1 255 174 1 1 1 0 0 0 1 0 6 3 1 1 1 1 1 1 1 1 1 1 1 1 1 1 1 0 1 1 0 1 1 1 1 1 1 1 1 1 1 1 1 1 0 1 1 1 1 1 1 0 1 1 148 1 1 1 0 0 0 0 0 0 0 0 0 1 1 1 1 1 1 1 0 0 0 0 0 0 0 0 0 0 0 0 0 1 1 1 1 1 21 1 0 0 0 0 1 1 1 1 1 1 1 1 1 1 90 255 255 255 255 255 255 255 255 1 1 0 0 1 6 1
0 0 0 0 0 0 0 0 1 8 0 0 0 0 0 0 0 0 0 0 0 0 0 0 0 0 0 0 0 0 0 0 1 1 0 0 0 0 0 0 1 210 255 255 255 168 2 1 1 1 1 1 1 1 1 1 1 1 1 1 1 1 0 0 0 1 41 38 1 78 9 1 1 1 1 1 0 0 0 0 1 1 1 17 136 9 1 11 21 19 18 21 20 8 1 4 14 1 2 13 12 1 1 1 0 0 0 0 0 0 0 0 0 0 0 0 0 0 0 0 0 0 1 73 255 3 1 0 0 0 0 0 0 0 0 0 0 0 0 0 0 0 0 0 0 0 0 1 21 205 1 1 0 0 0 0 0 0 0 0 0 0 0 0 0 0 0 0 0 0 0 0 0 0 0 0 0 0 0 0 0 0 0 0 0 0 0 0 0 0 0 0 0 0 0 0 0 0 0 0 0 0 0 0 0 0 0 0 0 0 0 0 0 0 0 0 0 0 0 0 0 0 0 0 0 0 0 0 0 0 0 0 0 0 0 0 0 0 0 0 0 0 1 1 5 255 232 1 1 1 1 1 1 0 0 0 0 0 0 0 1 1 1 1 1 1 2 254 255 44 1 1 1 0 0 0 0 0 0 1 1 1 0 1 4 2 1 1 0 1 1 3 23 7 53 74 63 43 26 168 136 127 253 255 255 153 7 5 4 3 1 1 1 1 1 1 1 1 1 1 1 2 2 3 3 3 3 3 18 59 67 66 66 65 64 64 67 65 53 10 1 1 1 1 0 0 1 1 14 1 1 1 1 103 1 0 0 0 0 0 0 0 0 1 1 1 215 127 18 14 9 5 1 1 4 1 1 4 22 1 0 0 1 1 1 1 1 1 255 255 1 1 1 0 0 0 1 0 9 2 1 1 1 0 0 1 1 0 0 0 1 1 0 1 1 1 1 1 1 1 1 1 1 1 0 0 0 1 1 1 1 1 0 0 0 0 1 1 1 1 1 1 148 1 1 1 0 0 0 0 0 0 0 1 1 1 0 1 1 1 1 0 0 0 0 0 0 0 0 0 0 0 0 0 0 0 0 0 0 1 18 1 1 1 1 2 2 1 1 1 1 1 1 1 1 8 253 255 147 100 210 255 255 255 42 1 1 0 0 0 1 4
0 0 0 0 0 0 0 0 3 4 0 0 0 0 0 0 0 0 0 0 0 0 0 0 0 0 0 0 0 0 0 0 0 1 1 0 0 0 0 0 0 0 1 2 235 255 255 255 178 2 1 1 1 1 1 1 1 1 1 1 1 1 1 1 9 56 5 1 0 3 66 84 73 11 1 0 0 0 0 1 1 1 48 131 5 1 1 1 1 2 2 1 1 1 0 1 6 20 21 5 1 0 1 0 0 0 0 0 0 0 0 0 0 0 0 0 0 0 0 0 0 1 1 255 255 1 1 0 0 0 0 0 0 0 0 0 0 0 0 0 0 0 0 0 0 0 0 0 1 216 1 1 1 0 1 1 1 0 0 0 0 0 0 0 0 0 0 0 0 0 0 0 0 0 0 0 0 0 0 0 0 0 0 0 0 0 0 0 0 0 0 0 0 0 0 0 0 0 0 0 0 0 0 0 0 0 0 0 0 0 0 0 0 0 0 0 0 0 0 0 0 0 0 0 0 0 0 0 0 0 0 0 0 0 0 0 0 0 0 0 0 0 1 1 183 255 14 1 1 1 1 1 0 0 0 0 0 0 0 1 1 1 1 1 1 3 254 255 14 5 1 1 0 0 1 0 0 0 0 0 1 1 1 5 1 1 1 0 0 0 0 1 1 1 1 1 3 14 71 197 2 1 1 4 142 255 254 1 1 1 1 1 0 0 0 0 0 0 0 0 0 0 0 0 0 1 1 1 1 1 2 2 3 3 3 3 2 2 1 1 1 1 0 1 1 1 1 12 2 1 1 1 10 79 1 0 0 0 0 0 0 0 0 0 1 1 33 231 1 1 1 1 1 1 1 1 0 1 46 1 1 0 0 1 0 1 1 1 188 255 10 1 1 1 1 0 1 0 9 1 1 1 1 1 0 0 1 0 0 0 0 1 1 1 1 1 0 0 0 0 0 0 0 0 0 0 0 1 1 1 1 0 0 0 0 0 0 0 1 1 1 46 99 1 1 1 1 0 0 0 0 0 1 1 0 0 1 1 1 1 1 0 0 0 0 0 0 0 0 0 0 0 0 0 0 0 0 0 0 1 2 15 2 1 1 1 0 0 0 0 1 1 1 1 1 12 153 255 255 248 74 5 3 2 2 1 1 0 0 0 1 4
0 0 0 0 0 0 0 0 8 1 0 0 0 0 0 0 0 0 0 0 0 0 0 0 0 0 0 0 0 0 0 0 0 0 1 1 0 0 0 0 0 0 0 0 0 1 3 235 255 255 255 181 3 1 1 1 1 1 1 1 1 1 1 48 32 1 1 1 1 1 1 1 6 81 6 0 0 0 1 1 1 66 113 9 107 194 122 9 1 1 1 1 0 0 1 1 1 1 1 1 0 1 1 0 0 0 0 0 0 0 0 0 0 0 0 0 0 0 0 0 0 1 1 255 53 1 0 0 0 0 0 0 0 0 0 0 0 0 0 0 0 0 0 0 0 0 0 0 1 221 7 1 1 1 2 1 1 1 1 1 0 0 0 0 0 0 0 0 0 0 0 0 0 0 0 0 0 0 0 0 0 0 0 0 0 0 0 0 0 0 0 0 0 0 0 0 0 0 0 0 0 0 0 0 0 0 0 0 0 0 0 0 0 0 0 0 0 0 0 0 0 0 0 0 0 0 0 0 0 0 0 0 0 0 0 0 0 0 0 0 0 1 1 4 255 247 2 1 1 1 1 0 0 0 0 0 0 0 1 1 1 1 2 34 203 255 254 5 2 6 0 1 1 1 1 0 0 0 0 0 0 0 1 3 1 0 0 0 0 0 0 1 1 1 1 1 1 1 115 157 1 1 1 1 1 2 246 255 68 1 1 1 1 1 1 1 1 1 1 1 1 1 1 1 1 1 1 0 0 1 1 1 1 1 1 1 1 1 1 1 0 0 1 1 0 1 11 3 1 0 1 1 98 2 0 0 0 0 0 0 0 0 0 0 1 1 2 235 8 1 1 1 1 1 1 1 1 1 12 61 14 1 1 1 1 1 1 1 98 255 252 1 1 0 1 0 1 1 9 1 1 1 1 1 1 0 0 1 1 0 0 0 1 1 0 0 0 0 0 0 0 0 0 0 0 0 1 1 1 1 0 0 0 0 0 0 0 0 0 0 1 10 153 143 21 1 1 1 1 0 0 0 1 0 0 0 1 1 0 1 1 0 0 0 0 0 0 0 0 0 0 0 0 0 0 0 0 0 1 1 5 7 1 0 0 0 0 0 0 0 1 1 1 1 1 11 1 246 255 255 255 255 3 1 1 1 1 1 1 1 1 1
0 0 0 0 0 0 0 1 8 0 0 0 0 0 0 0 0 0 0 0 0 0 0 0 0 0 0 0 0 0 0 0 0 0 0 1 1 0 0 0 0 0 0 0 0 0 0 0 1 3 233 255 255 255 188 6 2 1 1 1 1 17 54 3 1 1 0 1 1 1 1 1 1 11 62 1 0 1 1 2 82 112 253 255 255 255 255 255 255 5 1 1 1 1 1 1 0 1 1 0 0 1 0 0 0 0 0 0 0 0 0 0 0 0 0 0 0 0 0 0 0 1 247 255 1 1 0 0 0 0 0 0 0 0 0 0 0 0 0 0 0 0 0 0 0 0 0 1 2 205 21 27 2 2 1 2 2 1 1 1 1 1 1 0 0 0 0 0 0 0 0 0 0 0 0 0 0 0 0 0 0 0 0 0 0 0 0 0 0 0 0 0 0 0 0 0 0 0 0 0 0 0 0 0 0 0 0 0 0 0 0 0 0 0 0 0 0 0 0 0 0 0 0 0 0 0 0 0 0 0 0 0 0 0 0 0 0 0 0 0 0 1 1 162 255 28 1 1 1 1 0 0 0 0 0 0 0 1 1 1 4 247 255 255 255 202 4 1 2 17 15 4 1 0 0 0 0 0 0 0 0 0 4 1 0 0 0 0 0 0 0 0 0 1 1 1 1 2 208 4 1 1 1 1 1 1 1 94 255 244 1 1 0 0 0 0 0 0 0 0 0 0 0 0 0 0 0 1 1 1 0 0 0 0 0 0 0 0 0 1 1 1 1 0 0 3 11 1 0 1 1 1 101 1 0 0 0 0 0 0 0 0 0 0 0 1 1 161 185 1 1 1 0 1 1 1 1 0 1 1 31 77 1 1 1 1 1 1 43 252 255 1 1 1 1 0 1 1 9 1 1 1 1 1 1 1 0 0 1 0 0 0 1 1 0 0 0 0 0 0 0 0 0 0 0 1 1 1 1 0 0 0 0 0 0 0 0 0 0 0 0 1 1 4 125 158 143 9 1 1 1 1 1 1 1 1 1 1 1 1 1 1 0 0 0 0 0 0 0 0 0 0 0 0 0 0 0 0 1 1 22 1 0 0 0 0 0 0 0 1 1 0 1 0 1 10 1 1 1 10 238 255 255 9 1 1 1 1 1 1 1 1
0 0 0 0 0 0 0 5 2 0 0 0 0 0 0 0 0 0 0 0 0 0 0 0 0 0 0 0 0 0 0 0 0 0 0 0 1 1 0 0 0 0 0 0 0 0 0 0 1 1 1 1 2 235 255 255 255 251 128 43 76 38 3 2 1 1 1 1 1 1 1 1 1 2 84 1 1 1 2 98 151 255 255 146 20 10 22 109 255 255 3 1 1 1 1 1 0 0 1 1 0 0 0 0 0 0 0 0 0 0 0 0 0 0 0 0 0 0 0 0 1 1 255 255 1 0 0 0 0 0 0 0 0 0 0 0 0 0 0 0 0 0 0 0 0 0 0 1 48 181 1 3 29 8 1 1 1 1 2 2 2 1 1 1 1 1 1 1 1 1 0 0 0 0 0 0 0 0 0 0 0 0 0 0 0 0 0 0 0 0 0 0 0 0 0 0 0 0 0 0 0 0 0 0 0 0 0 0 0 0 0 0 0 0 0 0 0 0 0 0 0 0 0 0 0 0 0 0 0 0 0 0 0 0 0 0 0 0 0 0 1 1 4 255 253 3 1 1 1 1 0 0 0 0 0 0 0 1 1 150 255 255 154 106 31 13 10 9 21 7 2 18 2 1 0 0 0 0 0 0 0 1 5 1 1 0 0 0 0 0 0 0 0 0 0 0 1 71 180 1 1 1 1 0 1 1 1 1 2 254 255 2 1 0 0 0 0 0 0 0 0 0 0 0 0 0 0 0 0 1 1 1 1 1 1 1 1 1 1 1 0 0 0 0 1 19 1 1 0 1 1 33 46 1 0 0 0 0 0 0 0 0 0 0 0 1 1 12 235 2 1 1 0 1 0 1 0 0 0 0 1 87 1 1 1 1 1 1 22 241 255 1 1 1 0 0 1 1 9 1 1 0 0 1 1 1 1 0 1 0 0 1 1 1 0 0 0 0 0 0 0 0 0 0 0 1 1 1 1 0 0 0 0 0 0 0 0 0 0 0 0 1 0 0 0 1 7 142 160 195 189 189 189 189 189 190 143 4 1 1 1 1 1 0 0 0 0 0 0 0 0 0 0 0 0 0 0 0 0 1 20 1 1 1 0 0 0 0 1 1 0 0 1 1 1 10 1 1 1 1 3 170 255 255 47 2 1 1 1 1 1 1
1 0 0 0 0 0 1 9 1 0 0 0 0 0 0 0 0 0 0 0 0 0 0 0 0 0 0 0 0 0 0 0 0 0 0 0 0 1 1 0 0 0 0 0 0 0 0 0 1 0 0 0 1 1 1 2 192 255 255 255 255 255 245 149 52 14 5 3 2 1 1 1 1 1 89 1 1 3 113 169 255 238 7 1 1 1 1 2 41 255 152 3 1 1 1 0 0 0 0 1 0 0 0 0 0 0 0 0 0 0 0 0 0 0 0 0 0 0 0 0 1 3 255 4 1 0 0 0 0 0 0 0 0 0 0 0 0 0 0 0 0 0 0 0 0 1 0 0 185 49 4 2 1 6 17 4 1 1 1 2 5 7 20 3 1 1 1 0 0 1 1 1 1 1 0 0 0 0 0 0 0 0 0 0 0 0 0 0 0 0 0 0 0 0 0 0 0 0 0 0 0 0 0 0 0 0 0 0 0 0 0 0 0 0 0 0 0 0 0 0 0 0 0 0 0 0 0 0 0 0 0 0 0 0 0 0 0 0 0 0 1 1 127 255 46 1 1 1 1 0 0 0 0 0 0 0 1 1 237 255 169 30 55 8 1 1 2 2 2 3 1 1 21 2 1 0 0 0 0 0 0 1 4 0 1 0 0 0 0 0 0 0 0 0 0 1 1 207 8 1 1 0 1 1 1 0 1 1 1 1 231 255 147 1 0 0 0 0 0 0 0 0 0 0 0 0 0 0 0 0 0 0 0 0 0 0 0 0 0 0 0 0 0 0 4 9 1 1 0 1 1 81 7 1 0 0 0 0 0 0 0 0 0 0 1 1 1 2 229 47 1 1 1 1 1 1 0 0 0 1 18 47 1 1 1 1 1 1 39 236 255 1 1 1 0 0 1 1 9 1 1 0 0 0 0 1 1 1 1 1 1 1 1 0 0 0 0 0 0 0 0 0 0 0 0 1 1 1 0 0 0 0 0 0 0 0 0 0 0 0 0 0 1 1 1 1 1 1 32 7 1 1 1 1 1 2 98 173 185 187 181 58 1 1 1 1 0 0 0 0 0 0 0 0 0 0 0 0 0 24 1 0 0 1 0 0 0 1 1 1 0 0 1 1 2 7 1 1 1 1 1 3 135 255 255 249 22 2 1 1 1 1
3 1 0 0 0 0 1 8 1 1 1 1 0 0 0 0 0 0 0 0 0 0 0 0 0 0 0 0 0 0 0 0 0 0 0 0 0 0 1 1 0 0 0 0 0 0 1 1 1 0 0 0 0 0 1 1 2 19 18 10 110 253 255 255 255 255 255 241 145 49 14 5 2 1 80 4 5 137 241 255 210 2 1 4 5 5 2 1 2 227 255 255 35 1 1 0 0 0 0 1 1 1 1 0 0 0 0 0 0 0 0 0 0 0 0 0 0 0 0 0 1 255 255 1 0 0 0 0 0 0 0 0 0 0 0 0 0 0 0 0 0 0 0 0 0 1 0 0 201 2 1 3 3 1 1 15 2 1 2 4 1 3 64 62 46 4 1 1 1 0 0 1 1 1 0 0 0 0 0 0 0 0 0 0 0 0 0 0 0 0 0 0 0 0 0 0 0 0 0 0 0 0 0 0 0 0 0 0 0 0 0 0 0 0 0 0 0 0 0 0 0 0 0 0 0 0 0 0 0 0 0 0 0 0 0 0 0 0 0 1 1 3 255 254 3 1 1 1 0 0 0 0 0 0 1 1 1 251 255 70 3 60 12 1 1 1 1 0 1 5 1 1 1 19 4 1 0 0 1 1 1 1 5 1 1 0 0 0 0 0 1 1 0 0 0 1 31 196 1 1 1 0 0 0 1 1 0 0 1 1 1 26 255 252 1 0 0 0 0 0 0 0 0 0 0 0 0 0 0 0 0 0 0 0 0 0 0 0 0 0 0 0 0 0 19 1 1 1 0 1 1 102 1 1 0 0 0 0 0 0 0 0 0 1 1 1 1 1 101 217 1 1 1 1 1 1 0 0 0 1 93 1 1 1 0 1 1 1 67 233 255 1 1 1 0 0 1 1 9 1 1 0 0 0 0 0 1 1 1 1 1 1 0 0 0 0 0 0 0 0 0 1 1 1 1 1 1 0 0 0 0 0 0 0 0 0 0 0 0 0 0 0 0 0 0 0 0 2 46 0 0 1 1 1 1 1 21 1 1 1 2 137 186 141 1 1 1 1 0 0 0 0 0 0 0 0 0 0 0 29 1 0 0 1 0 0 0 1 1 0 0 0 1 1 9 1 1 1 1 1 1 1 3 38 253 255 255 255 113 4 1 1
36 27 1 1 0 0 8 1 0 0 1 1 1 1 0 0 0 0 0 0 0 0 0 0 0 0 0 0 0 0 0 0 0 0 0 0 0 0 0 1 1 0 0 0 0 0 1 1 0 0 0 0 1 1 2 13 20 2 1 1 2 4 10 8 32 166 254 255 255 255 255 255 241 150 126 153 240 255 255 137 2 2 4 2 1 1 3 3 1 2 84 255 255 26 1 1 0 0 0 1 1 1 1 1 1 0 0 0 0 0 0 0 0 0 0 0 0 0 0 1 1 255 224 1 1 0 0 0 0 0 0 0 0 0 0 0 0 0 0 0 0 0 0 0 0 1 0 0 201 1 1 1 2 4 2 5 14 14 10 4 2 50 7 1 4 51 18 3 1 1 1 1 0 0 1 1 1 0 0 0 0 0 0 0 0 0 0 0 0 0 0 0 0 0 0 0 0 0 0 0 0 0 0 0 0 0 0 0 0 0 0 0 0 0 0 0 0 0 0 0 0 0 0 0 0 0 0 0 0 0 0 0 0 0 0 0 0 0 1 1 1 82 255 58 1 1 1 0 0 0 0 0 0 0 1 1 247 255 36 2 53 23 1 1 1 1 0 0 1 4 1 1 0 1 20 1 1 1 1 1 1 5 11 1 1 0 0 0 0 0 0 1 1 1 1 1 197 18 1 1 0 0 0 0 0 1 1 1 0 0 1 1 1 253 255 2 0 0 0 0 0 0 0 0 0 0 0 0 0 0 0 0 0 0 0 0 0 0 0 0 0 0 0 1 23 1 1 1 1 1 1 101 1 0 0 0 0 0 0 0 0 0 1 1 0 1 1 1 7 236 3 1 1 1 1 1 0 0 0 2 87 1 1 1 0 1 1 44 12 243 255 1 1 0 0 0 0 1 9 1 1 1 0 0 0 0 0 1 1 1 1 1 1 0 0 0 0 0 0 0 0 1 0 1 1 0 0 0 0 0 0 0 0 0 0 0 0 0 0 0 0 0 0 0 0 0 1 60 1 1 1 1 0 0 0 1 23 0 1 1 1 1 1 52 185 78 1 1 1 1 0 0 0 0 0 0 0 0 1 29 0 0 0 1 0 0 1 1 0 0 0 1 1 7 2 1 0 1 1 1 1 4 243 255 225 70 236 255 255 255 233 1
1 6 44 12 1 1 9 0 0 0 0 0 0 1 1 0 0 0 0 0 0 0 0 0 0 0 0 0 0 0 0 0 0 0 0 0 0 0 0 0 1 1 0 0 0 1 1 0 0 1 1 1 4 18 18 4 1 1 1 1 1 1 1 5 6 2 1 2 5 37 177 255 255 255 255 255 255 249 8 1 1 4 1 1 1 1 1 4 1 1 1 7 255 255 2 1 1 0 0 0 0 0 0 1 1 1 0 0 0 0 0 0 0 0 0 0 0 0 0 1 52 255 1 0 1 0 0 0 0 0 0 0 0 0 0 0 0 0 0 0 0 0 0 0 0 1 0 1 201 1 1 1 1 1 4 1 9 1 1 1 7 57 1 1 1 2 39 67 75 40 2 1 1 1 1 0 1 1 1 0 0 0 0 0 0 0 0 0 0 0 0 0 0 0 0 0 0 0 0 0 0 0 0 0 0 0 0 0 0 0 0 0 0 0 0 0 0 0 0 0 0 0 0 0 0 0 0 0 0 0 0 0 0 0 0 0 0 0 1 1 2 255 255 3 1 1 1 0 0 0 0 0 0 1 1 151 255 47 1 29 33 1 1 1 1 0 0 0 1 1 5 1 1 1 26 102 34 63 118 127 126 114 120 1 0 1 0 0 0 0 0 0 0 1 1 12 202 1 1 1 1 1 1 0 0 0 0 1 1 0 0 1 1 1 223 255 5 0 0 0 0 0 0 0 0 0 0 0 0 0 0 0 0 0 0 0 0 0 0 0 0 0 0 2 13 1 1 0 1 1 2 97 1 0 0 0 0 0 0 0 0 0 0 1 0 0 1 1 2 215 110 1 1 1 1 1 0 0 1 88 2 0 1 1 1 1 32 14 9 254 255 1 0 0 0 0 1 1 9 1 1 1 0 0 0 0 0 1 1 0 1 1 1 1 0 0 0 0 0 0 1 1 1 1 1 0 0 0 0 0 0 0 0 0 0 0 0 0 0 0 0 0 0 0 0 0 24 13 0 0 0 0 0 1 1 1 27 0 1 1 0 1 1 1 1 125 160 1 1 1 1 0 0 0 0 0 0 0 2 20 0 0 0 1 0 0 1 0 0 0 1 1 2 6 1 0 0 1 1 1 1 255 255 255 255 255 236 49 88 255 255 138
1 1 1 15 40 8 4 0 0 0 0 0 0 0 0 0 0 1 1 0 0 0 0 0 0 0 0 0 0 0 0 0 0 0 0 0 0 0 0 0 0 1 1 0 0 1 1 1 1 1 8 22 15 2 1 1 1 0 0 0 0 0 0 1 2 6 4 1 1 1 1 1 2 4 11 214 38 2 1 1 3 2 1 1 1 1 1 5 1 1 1 1 44 255 64 1 1 0 0 0 0 0 1 1 1 1 0 0 0 0 0 0 0 0 0 0 0 0 1 1 255 255 1 1 1 0 0 0 0 0 0 0 0 0 0 0 0 0 0 0 0 0 0 0 0 1 0 1 201 1 1 0 1 1 4 3 2 1 1 1 61 4 1 1 0 0 1 1 1 21 75 13 1 1 1 1 1 1 1 1 1 0 0 0 0 0 0 0 0 0 0 0 0 0 0 0 0 0 0 0 0 0 0 0 0 0 0 0 0 0 0 0 0 0 0 0 0 0 0 0 0 0 0 0 0 0 0 0 0 0 0 0 0 0 0 0 0 1 1 1 68 255 47 1 1 1 1 0 0 0 0 0 1 1 1 255 177 2 1 81 1 1 1 1 0 0 0 0 1 1 6 1 2 63 53 18 83 52 6 1 1 1 58 43 1 1 0 0 0 0 0 0 1 1 1 172 65 3 4 4 4 4 4 4 4 4 3 3 2 2 1 2 2 3 3 177 255 1 1 1 1 1 1 0 0 0 0 0 0 0 0 0 0 0 0 0 0 0 0 0 0 0 0 13 2 1 1 0 1 1 7 81 1 0 0 0 0 0 0 0 0 0 0 1 0 0 1 1 1 53 231 1 0 1 1 1 0 0 1 103 1 0 1 1 1 24 21 2 92 255 248 1 0 0 0 0 1 1 7 1 1 1 0 0 0 0 0 1 1 0 0 0 1 1 1 1 0 0 0 0 1 1 1 1 0 0 0 0 0 0 0 0 0 0 0 0 0 0 0 0 0 0 0 0 0 1 55 0 0 0 0 1 1 1 0 0 28 0 1 0 0 0 0 0 1 1 20 183 13 1 1 1 0 0 0 0 0 0 23 1 0 0 1 1 0 1 1 0 1 1 1 8 7 1 1 0 0 1 1 1 2 255 255 62 169 255 255 255 225 107 255 253
0 0 1 1 2 32 17 1 0 0 0 0 0 0 0 0 0 0 1 1 1 0 0 0 0 0 0 0 0 0 0 0 0 0 0 0 0 0 0 0 0 0 1 1 1 1 1 6 21 23 8 1 1 1 1 0 0 0 0 0 0 0 0 1 1 1 4 6 2 1 1 1 1 1 1 136 170 1 1 4 3 1 1 1 1 1 1 5 1 1 1 1 2 255 255 2 1 1 0 0 0 1 1 1 0 0 0 0 0 0 0 0 0 0 0 0 0 0 1 1 255 47 1 1 1 0 0 0 0 0 0 0 0 0 0 0 0 0 0 0 0 0 0 0 0 1 0 1 201 1 1 0 0 1 3 6 1 1 1 2 67 1 0 0 0 0 0 1 1 1 2 49 75 63 58 7 1 1 1 0 1 1 1 0 0 0 0 0 0 0 0 0 0 0 0 0 0 0 0 0 0 0 0 0 0 0 0 0 0 0 0 0 0 0 0 0 0 0 0 0 0 0 0 0 0 0 0 0 0 0 0 0 0 0 0 0 0 1 1 4 255 255 2 1 1 1 0 0 0 0 0 0 1 1 131 255 9 1 12 58 1 0 1 0 0 0 0 0 1 1 6 12 77 10 1 1 1 1 1 1 1 1 2 115 2 1 1 1 1 1 1 1 1 1 3 205 5 1 1 0 0 0 0 0 0 1 1 1 1 2 2 2 1 1 1 1 252 253 0 0 0 0 0 0 0 0 0 0 0 0 0 0 0 0 0 0 0 0 0 0 0 0 0 15 1 1 1 1 1 1 79 9 0 0 0 0 0 0 0 0 0 1 1 1 0 0 0 1 1 6 237 3 1 1 1 1 0 1 76 12 0 1 1 1 23 26 1 27 255 255 12 1 0 0 0 0 1 2 4 0 1 1 0 0 0 0 1 1 0 0 0 0 0 0 1 1 1 1 0 1 1 1 1 0 0 0 0 0 0 0 0 0 0 0 0 0 0 0 0 0 0 0 0 0 0 56 1 0 0 0 1 1 0 0 0 0 28 1 1 0 0 0 0 0 0 0 1 1 167 43 1 1 1 1 0 0 0 1 28 1 0 0 1 0 1 1 0 1 1 3 8 1 1 1 0 0 0 0 1 1 1 255 255 255 212 29 168 255 255 255 255 127
0 0 0 1 1 1 4 26 7 1 0 0 0 0 0 0 0 0 0 0 1 1 1 1 1 0 0 0 0 0 0 0 0 0 0 0 0 0 0 0 0 0 0 1 2 2 19 10 2 1 1 1 1 1 0 0 0 0 0 0 0 0 0 0 0 1 1 2 5 4 1 1 1 1 1 35 188 47 4 1 1 0 1 1 1 0 1 5 1 1 1 1 1 19 255 110 1 1 1 0 1 1 0 0 0 0 0 0 0 0 0 0 0 0 0 0 0 0 1 247 255 1 1 1 0 0 0 0 0 0 0 0 0 0 0 0 0 0 0 0 0 0 0 0 1 1 0 1 201 1 1 0 1 1 2 9 1 1 1 52 8 1 0 0 0 0 0 0 0 1 1 1 2 9 11 64 74 16 2 1 1 1 1 1 1 0 0 0 0 0 0 0 0 0 0 0 0 0 0 0 0 0 0 0 0 0 0 0 0 0 0 0 0 0 0 0 0 0 0 0 0 0 0 0 0 0 0 0 0 0 0 0 0 0 0 0 1 1 1 175 255 13 1 1 1 1 0 0 0 0 0 0 1 1 255 246 2 1 82 2 1 0 0 0 0 0 0 0 1 1 50 60 2 1 1 0 0 0 0 0 1 1 1 118 163 169 180 179 160 58 3 1 1 2 174 86 1 0 0 0 0 0 0 0 0 0 0 0 0 0 0 1 0 0 1 1 1 255 23 0 0 0 0 0 0 0 0 0 0 0 0 0 0 0 0 0 0 0 0 0 0 0 0 4 17 17 14 17 17 17 122 2 0 0 0 0 0 0 0 0 1 1 1 0 0 0 1 1 1 2 229 55 1 0 1 1 1 20 68 1 1 1 1 41 20 1 8 251 255 111 1 1 0 0 0 0 1 6 2 0 1 1 0 0 0 0 1 1 0 0 0 0 0 0 0 0 1 1 1 1 1 0 0 0 0 0 0 0 0 0 0 0 0 0 0 0 0 0 0 0 0 0 0 0 12 25 0 0 0 1 1 0 0 0 0 0 28 1 0 0 0 0 0 0 0 0 0 1 1 148 81 1 1 1 1 0 0 1 29 1 0 1 1 0 1 1 1 3 10 4 1 1 1 1 0 0 0 0 1 1 1 1 252 255 255 255 253 7 141 251 120 1
0 0 0 0 1 1 0 1 11 26 3 0 0 0 0 0 0 0 0 0 0 0 1 2 2 2 1 1 0 0 0 0 0 0 0 0 0 0 0 0 0 0 1 6 15 22 3 1 0 0 1 1 0 0 0 0 0 0 0 0 0 0 0 0 0 1 1 1 1 2 6 2 1 1 1 3 147 165 2 1 0 0 1 0 1 1 3 2 0 0 1 1 1 1 239 255 6 1 1 1 1 0 0 0 0 0 0 0 0 0 0 0 0 0 0 0 1 1 1 255 255 1 1 0 0 0 0 0 0 0 0 0 0 0 0 0 0 0 0 0 0 0 0 0 1 0 1 12 191 1 0 1 1 1 1 10 1 1 1 72 1 1 0 0 0 0 0 0 0 0 1 1 1 1 1 1 3 51 81 37 2 1 1 1 1 1 1 1 1 0 0 0 0 0 0 0 0 0 0 0 0 0 0 0 0 0 0 0 0 0 0 0 0 0 0 0 0 0 0 0 0 0 0 0 0 0 0 0 0 0 0 0 0 0 0 0 1 1 29 255 207 1 1 1 1 1 0 0 0 0 0 1 1 1 255 75 1 45 21 1 0 0 0 0 0 0 0 1 8 77 57 3 1 1 1 1 1 1 1 1 1 8 72 58 8 7 18 8 42 150 183 181 106 186 96 1 1 0 0 0 0 0 0 0 0 0 0 0 0 0 0 1 1 0 1 1 1 144 255 1 0 0 0 0 0 0 0 0 0 0 0 0 0 0 0 0 0 0 0 0 0 0 0 1 1 1 1 1 1 1 123 1 0 0 0 0 0 0 0 1 1 0 0 0 0 0 1 0 1 2 181 171 1 0 1 1 1 113 1 1 1 3 54 6 1 3 195 255 200 3 1 1 0 0 0 1 1 8 1 1 1 1 0 0 0 1 1 0 0 0 0 0 0 0 0 0 0 0 1 1 1 1 0 0 0 0 0 0 0 0 0 0 0 0 0 0 0 0 0 0 0 0 0 1 60 1 0 0 1 0 0 0 0 0 0 0 28 1 0 0 0 0 0 0 0 0 0 0 1 1 124 110 1 1 1 1 0 1 26 0 1 1 0 1 1 1 4 5 1 1 1 1 0 0 0 0 0 1 1 0 1 1 1 1 6 245 255 255 1 1 1 1
0 0 0 0 1 0 0 1 1 1 20 20 1 0 0 0 0 0 0 0 0 1 2 2 1 1 2 2 1 1 1 0 0 0 0 0 0 0 0 0 0 1 4 4 1 1 3 2 1 1 1 0 0 0 0 0 0 0 0 0 0 0 0 0 1 1 1 1 1 2 1 5 3 1 1 1 141 109 80 1 0 0 1 1 2 4 2 1 1 1 0 0 1 1 2 255 255 43 2 1 1 1 1 1 1 0 0 0 0 0 0 0 0 0 1 2 3 1 2 255 7 1 1 0 0 0 0 0 0 0 0 0 0 0 0 0 0 0 0 0 0 0 0 0 1 1 1 197 4 1 0 1 1 0 1 4 6 1 14 40 1 1 0 0 0 0 0 0 0 0 0 0 0 1 1 1 1 1 1 26 79 64 5 1 1 1 1 1 1 1 1 0 0 0 0 0 0 0 0 0 0 0 0 0 0 0 0 0 0 0 0 0 0 0 0 0 0 0 0 0 0 0 0 0 0 0 0 0 0 0 0 0 0 0 0 1 1 3 255 255 1 1 1 1 1 1 0 0 0 0 0 1 1 15 255 7 3 80 1 0 0 0 0 0 0 0 1 14 66 2 1 4 1 1 0 0 1 1 1 6 70 58 3 1 1 9 3 1 1 1 7 64 147 52 1 1 0 0 0 0 0 0 0 0 0 0 0 0 0 0 0 0 1 1 1 0 1 1 255 111 0 0 0 0 0 0 0 0 0 0 0 0 0 0 0 0 0 0 0 0 0 0 0 0 1 1 1 1 1 1 123 1 0 0 0 0 0 0 1 1 1 0 0 0 0 0 1 1 1 1 114 215 1 0 1 1 10 88 1 1 3 52 2 1 2 102 255 253 6 1 1 1 0 0 0 1 1 9 1 0 0 1 1 0 0 1 1 0 0 0 0 0 0 0 0 0 0 0 0 0 1 1 1 1 0 0 0 0 0 0 0 0 0 0 0 0 0 0 0 0 0 0 0 45 3 0 0 0 0 0 0 0 0 0 0 0 28 1 0 0 0 0 0 0 0 0 0 0 0 0 1 105 113 1 1 1 1 13 4 0 1 1 1 1 1 1 10 1 1 1 1 0 0 0 0 0 0 1 0 0 0 1 1 1 1 1 111 255 252 1 1 0
