0 0 0 0 0 0 0 1 1 0 0 0 0 0 0 0 1 1 1 1 1 1 19 5 1 0 0 0 0 1 0 0 0 0 0 0 0 0 0 0 0 3 36 1 0 0 0 0 1 2 4 4 3 1 2 4 1 1 254 255 2 1 1 1 1 1 0 0 1 1 55 255 255 4 1 0 0 0 1 1 0 0 0 0 0 1 1 0 0 0 0 0 0 0 0 0 0 0 0 0 0 0 0 0 0 0 0 0 0 0 0 0 0 0 1 1 2 1 0 0 0 0 0 0 0 0 0 0 0 0 0 0 0 0 0 0 0 0 0 0 0 0 1 1 0 0 0 0 0 0 0 0 0 0 0 0 0 1 1 0 0 0 0 0 0 0 0 0 0 0 0 0 0 0 0 0 0 0 0 0 0 0 0 0 0 0 0 0 0 1 121 1 1 1 1 0 0 0 0 0 0 0 0 0 0 0 0 0 0 0 1 1 47 41 1 1 0 0 0 0 0 1 1 1 0 0 0 0 0 0 0 0 0 0 0 0 0 0 0 0 0 0 0 0 0 0 0 0 0 0 0 0 0 0 0 0 0 0 0 0 0 1 3 3 1 0 0 0 0 0 0 0 0 0 0 0 0 0 0 0 0 0 0 0 0 0 0 0 0 0 0 0 0 0 0 0 0 0 0 0 0 0 0 0 0 0 0 0 0 0 0 0 0 0 0 0 0 0 0 0 0 1 1 24 3 1 255 255 1 1 1 1 1 1 1 1 1 1 1 1 0 0 0 0 0 0 0 0 0 0 0 1 1 0 0 0 0 0 0 0 0 0 0 0 0 0 0 0 1 1 64 19 4 125 254 231 6 1 0 0 0 0 1 1 0 0 0 0 0 0 0 0 0 0 0 0 0 0 0 0 0 0 0 0 0 0 0 0 0 0 0 0 0 0 0 0 0 0 0 0 0 0 0 0 0 0 0 0 0 0 0 0 0 0 0 0 0 0 0 0 0 0 0 0 0 0 0 0 0 0 0 0 0 0 0 0 0 0 0 0 0 0 0 0 0 0 0 0 0 0 0 0 0 0 0 0 0 0 0 0 0 0 0 0 0 0 0 0 0 0 0 0 0 0 0 0 0 0 0 0 0 0 0 0 0 0 0 1 155 196 16 1
0 0 0 0 0 0 0 1 1 1 0 0 0 1 1 1 1 1 1 3 12 25 7 1 0 0 0 0 0 0 0 0 0 0 0 0 0 0 0 0 0 0 10 26 1 0 0 0 0 0 0 1 1 3 2 1 1 16 255 222 1 1 1 0 1 1 1 0 1 1 1 255 255 74 1 1 0 0 1 0 0 0 0 0 0 0 1 0 0 0 0 0 0 0 0 0 0 0 0 0 0 0 0 0 0 0 0 0 0 0 0 0 0 0 0 0 1 1 2 1 1 0 0 0 0 0 0 0 0 0 0 0 0 0 0 0 0 0 0 0 0 0 0 1 1 0 0 0 0 0 0 0 0 0 0 0 1 1 0 0 0 0 0 0 0 0 0 0 0 0 0 0 0 0 0 0 0 0 0 0 0 0 0 0 0 0 0 0 0 18 97 1 1 0 1 0 0 0 0 0 0 0 1 1 1 0 0 0 0 1 1 9 79 1 1 0 0 0 0 1 1 1 0 0 0 0 0 0 0 0 0 0 0 0 0 0 0 0 0 0 0 0 0 0 0 0 0 0 0 0 0 0 0 0 0 0 0 0 0 0 0 0 1 3 3 1 1 0 0 0 0 0 0 0 0 0 0 0 0 0 0 0 0 0 0 0 0 0 0 0 0 0 0 0 0 0 0 0 0 0 0 0 0 0 0 0 0 0 0 0 0 0 0 0 0 0 0 0 0 0 0 1 22 4 1 1 255 255 1 1 1 1 1 1 1 0 0 0 0 0 0 0 0 0 0 0 0 0 0 0 1 1 0 0 0 0 0 0 0 0 0 0 0 0 0 0 0 0 1 1 79 6 1 1 4 213 254 119 1 1 1 1 1 0 0 0 0 0 0 0 0 0 0 0 0 0 0 0 0 0 0 0 0 0 0 0 0 0 0 0 0 0 0 0 0 0 0 0 0 0 0 0 0 0 0 0 0 0 0 0 0 0 0 0 0 0 0 0 0 0 0 0 0 0 0 0 0 0 0 0 0 0 0 0 0 0 0 0 0 0 0 0 0 0 0 0 0 0 0 0 0 0 0 0 0 0 0 0 0 0 0 0 0 0 0 0 0 0 0 0 0 0 0 0 0 0 0 0 0 0 0 0 0 0 0 0 0 1 1 107 224 112
0 0 1 1 0 0 1 1 1 1 1 1 1 1 1 2 10 21 26 22 11 2 1 1 1 1 0 0 0 0 0 0 0 0 0 0 0 0 0 0 0 0 1 33 7 0 0 0 0 0 0 1 1 1 1 1 1 252 255 13 1 1 1 1 1 1 1 0 0 1 1 249 255 249 1 1 0 1 0 0 0 0 0 0 0 0 1 0 0 0 0 0 0 0 0 0 0 0 0 0 0 0 0 0 0 0 0 0 0 0 0 0 0 0 0 0 0 0 1 1 1 1 0 0 0 0 0 0 0 0 0 0 0 0 0 0 0 0 0 0 0 0 0 0 1 1 0 0 0 0 0 0 0 0 0 1 1 0 0 0 0 0 0 0 0 0 0 0 0 0 0 0 0 0 0 0 0 0 0 0 0 0 0 0 0 0 0 0 1 80 37 1 1 1 1 0 0 0 0 0 0 1 1 1 1 0 0 1 1 1 1 83 8 1 1 1 1 1 1 1 1 0 0 0 0 0 0 0 0 0 0 0 0 0 0 0 0 0 0 0 0 0 0 0 0 0 0 0 0 0 0 0 0 0 0 0 0 0 0 0 0 0 0 1 3 2 1 1 1 0 0 0 0 0 0 0 0 0 0 0 0 0 0 0 0 0 0 0 0 0 0 0 0 0 0 0 0 0 0 0 0 0 0 0 0 0 0 0 0 0 0 0 0 0 0 0 0 0 0 1 1 23 4 1 1 1 255 255 1 1 1 1 1 1 1 0 0 0 0 0 0 0 0 0 0 0 0 0 0 1 1 0 0 0 0 0 0 0 0 0 0 0 0 0 0 0 1 1 1 10 70 1 1 1 1 1 55 251 238 8 1 1 1 1 0 0 0 0 0 0 0 0 0 0 0 0 0 0 0 0 0 0 0 0 0 0 0 0 0 0 0 0 0 0 0 0 0 0 0 0 0 0 0 0 0 0 0 0 0 0 0 0 0 0 0 0 0 0 0 0 0 0 0 0 0 0 0 0 0 0 0 0 0 0 0 0 0 0 0 0 0 0 0 0 0 0 0 0 0 0 0 0 0 0 0 0 0 0 0 0 0 0 0 0 0 0 0 0 0 0 0 0 0 0 0 0 0 0 0 0 0 0 0 0 0 1 1 1 1 1 9 197
0 0 0 1 1 1 1 1 1 1 1 2 10 22 27 22 11 3 1 1 1 1 1 0 1 1 0 0 0 0 0 0 0 0 0 0 0 0 0 0 0 0 1 3 41 1 0 0 0 0 1 1 1 1 1 1 97 255 190 18 18 3 1 1 1 1 1 1 1 1 1 4 255 255 3 1 1 1 0 0 0 0 0 0 0 0 1 0 0 0 0 0 0 0 0 0 0 0 0 0 0 0 0 0 0 0 0 0 0 0 0 0 0 0 0 0 0 0 0 0 1 1 1 1 0 0 0 0 0 0 0 0 0 0 0 0 0 0 0 0 0 0 0 0 0 1 1 0 0 0 0 0 0 0 1 1 0 0 0 0 0 0 0 0 0 0 0 0 0 0 0 0 0 0 0 0 0 0 0 0 0 0 0 0 0 0 0 0 1 106 10 1 1 1 1 0 0 0 0 0 0 1 1 1 1 1 1 1 0 1 31 57 1 1 1 1 1 1 1 0 0 0 0 0 0 0 0 0 0 0 0 0 0 0 0 0 0 0 0 0 0 0 0 0 0 0 0 0 0 0 0 0 0 0 0 0 0 0 0 0 0 0 0 0 1 3 2 0 1 1 0 0 0 0 0 0 0 0 0 0 0 0 0 0 0 0 0 0 0 0 0 0 0 0 0 0 0 0 0 0 0 0 0 0 0 0 0 0 0 0 0 0 0 0 0 0 0 0 1 2 27 4 1 1 1 2 255 255 1 1 1 0 0 0 1 1 0 0 0 0 0 0 0 0 0 0 0 0 0 1 0 0 0 0 0 0 0 0 0 0 0 0 0 0 0 1 1 1 1 60 19 1 1 1 1 1 1 2 197 254 141 1 0 1 1 0 0 0 0 0 0 0 0 0 0 0 0 0 0 0 0 0 0 0 0 0 0 0 0 0 0 0 0 0 0 0 0 0 0 0 0 0 0 0 0 0 0 0 0 0 0 0 0 0 0 0 0 0 0 0 0 0 0 0 0 0 0 0 0 0 0 0 0 0 0 0 0 0 0 0 0 0 0 0 0 0 0 0 0 0 0 0 0 0 0 0 0 0 0 0 0 0 0 0 0 0 0 0 0 0 0 0 0 0 0 0 0 0 0 0 0 0 0 0 1 1 1 1 1 1 1 87
0 0 0 0 1 1 1 1 1 3 13 23 12 3 1 1 1 1 1 1 1 0 1 1 1 1 0 0 0 0 0 0 0 0 0 0 0 0 0 0 1 1 1 1 35 6 0 0 1 1 1 1 1 1 1 10 255 255 2 1 3 20 18 2 1 1 1 1 1 0 1 1 255 255 66 1 1 0 0 0 0 0 0 0 0 0 1 0 0 0 0 0 0 0 0 0 0 0 0 0 0 0 0 0 0 0 0 0 0 0 0 0 0 0 0 0 0 0 0 0 0 0 1 1 1 1 0 0 0 0 0 0 0 0 0 0 0 0 0 0 0 0 0 0 0 0 1 0 0 0 0 0 0 1 1 0 0 0 0 0 0 0 0 0 0 0 0 0 0 0 0 0 0 0 0 0 0 0 0 0 0 0 0 0 0 0 0 0 1 103 12 1 1 1 1 0 0 0 0 0 0 1 1 1 1 1 1 1 1 1 91 3 1 1 0 0 0 0 0 0 0 0 0 0 0 0 0 0 0 0 0 0 0 0 0 0 0 0 0 0 0 0 0 0 0 0 0 0 0 0 0 0 0 0 0 0 0 0 0 0 0 0 0 0 0 1 3 2 0 1 0 0 0 0 0 0 0 0 0 0 0 0 0 0 0 0 0 0 0 0 0 0 0 0 0 0 0 0 0 0 0 0 0 0 0 0 0 0 0 0 0 0 0 0 0 0 1 1 13 27 2 1 0 1 1 3 255 237 1 1 1 0 0 0 0 1 0 0 0 0 0 0 0 0 0 0 0 0 1 1 0 0 0 0 0 0 0 0 0 0 0 0 0 0 0 1 1 2 3 79 2 1 1 1 0 1 1 1 1 45 249 245 22 1 1 1 1 0 0 0 0 0 0 0 0 0 0 0 0 0 0 0 0 0 0 0 0 0 0 0 0 0 0 0 0 0 0 0 0 0 0 0 0 0 0 0 0 0 0 0 0 0 0 0 0 0 0 0 0 0 0 0 0 0 0 0 0 0 0 0 0 0 0 0 0 0 0 0 0 0 0 0 0 0 0 0 0 0 0 0 0 0 0 0 0 0 0 0 0 0 0 0 0 0 0 0 0 0 0 0 0 0 0 0 0 0 0 0 0 0 0 0 0 1 1 1 1 1 1 10 255 255
0 0 0 0 1 1 1 1 6 12 8 1 1 0 0 0 1 1 1 0 0 0 0 1 1 1 0 0 0 0 0 0 0 0 0 1 1 1 1 1 1 0 0 0 7 34 1 1 1 1 1 1 1 1 3 255 255 35 1 1 1 1 3 20 17 2 1 1 1 1 1 1 255 255 180 1 1 0 0 0 0 0 0 0 0 0 1 0 0 0 0 0 0 0 0 0 0 0 0 0 0 0 0 0 0 0 0 0 0 0 0 0 0 0 0 0 0 0 0 0 0 0 0 1 1 1 1 1 0 0 0 0 0 0 0 0 0 0 0 0 0 0 0 0 0 0 0 1 0 0 0 0 1 1 0 0 0 0 0 0 0 0 0 0 0 0 0 0 0 0 0 0 0 0 0 0 0 0 0 0 0 0 0 0 0 0 0 0 1 54 64 1 1 1 1 1 1 0 0 0 0 1 1 1 1 1 1 1 1 11 79 1 1 0 0 0 0 0 0 0 0 0 0 0 0 0 0 0 0 0 0 0 0 0 0 0 0 0 0 0 0 0 0 0 0 0 0 0 0 0 0 0 0 0 0 0 0 0 0 0 0 0 0 0 0 0 1 3 3 1 1 0 0 0 0 0 0 0 0 0 0 0 0 0 0 0 0 0 0 0 0 0 0 0 0 0 0 0 0 0 0 0 0 0 0 0 0 0 0 0 0 0 0 0 1 1 9 32 10 1 1 1 0 1 1 8 255 137 1 1 1 0 0 0 0 0 0 0 0 0 0 0 0 0 0 0 0 1 1 0 0 0 0 0 0 0 0 0 0 0 0 0 0 0 1 1 3 1 36 41 1 1 1 0 1 0 0 1 1 1 1 170 254 185 1 1 1 1 0 0 0 0 0 0 0 0 0 0 0 0 0 0 0 0 0 0 0 0 0 0 0 0 0 0 0 0 0 0 0 0 0 0 0 0 0 0 0 0 0 0 0 0 0 0 0 0 0 0 0 0 0 0 0 0 0 0 0 0 0 0 0 0 0 0 0 0 0 0 0 0 0 0 0 0 0 0 0 0 0 0 0 0 0 0 0 0 0 0 0 0 0 0 0 0 0 0 0 0 0 0 0 0 0 0 0 0 0 0 0 0 0 0 1 0 1 1 1 1 100 255 255 45
0 0 0 1 1 1 1 9 8 6 1 0 0 0 0 1 1 1 1 1 1 1 1 1 1 1 1 0 0 0 0 0 0 0 0 0 0 1 1 0 0 0 0 0 1 48 1 1 1 1 1 1 1 2 234 255 124 1 1 1 0 0 0 1 3 20 18 3 1 1 1 1 12 255 255 10 1 0 0 0 0 0 0 0 0 0 1 0 0 0 0 0 0 0 0 0 0 0 0 0 0 0 0 0 0 0 0 0 0 0 0 0 0 0 0 0 0 0 0 0 0 0 0 0 0 1 1 1 1 1 0 0 0 0 0 0 0 0 0 0 0 0 0 0 0 0 0 1 1 0 0 1 1 0 0 0 0 0 0 0 0 0 0 0 0 0 0 0 0 0 0 0 0 0 0 0 0 0 0 0 0 0 0 0 0 0 0 0 0 2 104 8 1 1 1 1 1 1 0 1 1 1 1 1 1 1 1 1 1 74 17 1 0 0 0 0 0 0 0 0 0 0 0 0 0 0 0 0 0 0 0 0 0 0 0 0 0 0 0 0 0 0 0 0 0 0 0 0 0 0 0 0 0 0 0 0 0 0 0 0 0 0 0 0 1 1 1 1 3 4 1 1 0 0 0 0 0 0 0 0 0 0 0 0 0 0 0 0 0 0 0 0 0 0 0 0 0 0 0 0 0 0 0 0 0 0 0 0 0 0 0 1 1 3 23 33 13 1 1 1 0 1 0 1 1 27 255 52 1 1 1 0 0 0 0 0 0 0 0 0 0 0 0 0 0 0 0 1 0 0 0 0 0 0 0 0 0 0 0 0 0 0 0 0 1 2 4 3 62 12 1 1 0 0 1 0 0 0 0 1 1 1 20 242 254 83 1 1 1 1 1 0 0 0 0 0 0 0 0 0 0 0 0 0 0 0 0 0 0 0 0 0 0 0 0 0 0 0 0 0 0 0 0 0 0 0 0 0 0 0 0 0 0 0 0 0 0 0 0 0 0 0 0 0 0 0 0 0 0 0 0 0 0 0 0 0 0 0 0 0 0 0 0 0 0 0 0 0 0 0 0 0 0 0 0 0 0 0 0 0 0 0 0 0 0 0 0 0 0 0 0 0 0 0 0 0 0 0 0 0 0 0 1 1 1 1 2 238 255 243 2 1
0 0 1 1 1 4 11 6 5 1 0 0 0 0 1 4 6 7 7 7 7 6 5 6 7 7 7 4 1 0 0 0 0 0 0 0 0 0 0 0 0 0 0 0 1 25 13 1 1 1 1 1 2 225 255 187 1 1 1 0 0 0 0 1 0 1 3 19 35 34 6 2 3 255 255 85 1 0 0 0 0 0 0 0 0 0 1 0 0 0 0 0 0 0 0 0 0 0 0 0 0 0 0 0 0 0 0 0 0 0 0 0 0 0 0 0 0 0 0 0 0 0 0 0 0 0 0 1 1 1 1 1 0 0 0 0 0 0 0 0 0 0 0 0 0 0 0 0 1 1 1 0 0 0 0 0 0 0 0 0 0 0 0 0 0 0 0 0 0 0 0 0 0 0 0 0 0 0 0 0 0 0 0 0 0 0 0 0 0 1 16 94 8 1 1 1 1 0 1 1 1 0 0 0 0 0 1 1 2 93 1 1 0 0 0 0 0 0 0 0 0 0 0 0 0 0 0 0 0 0 0 0 0 0 0 0 0 0 0 0 0 0 0 0 0 0 0 0 0 0 0 0 0 0 0 0 0 0 0 0 0 0 0 0 1 1 0 0 0 2 5 1 1 0 0 0 0 0 0 0 0 0 0 0 0 0 0 0 0 0 0 0 0 0 0 0 0 0 0 0 0 0 0 0 0 0 0 0 1 1 11 30 34 23 3 1 1 1 1 0 1 0 0 1 1 89 255 14 1 1 1 0 0 0 0 0 0 0 0 0 0 0 0 0 0 0 1 0 0 0 0 0 0 0 0 0 0 0 0 0 0 0 0 1 2 24 28 35 34 2 1 1 0 0 1 0 0 0 0 0 1 1 1 1 103 254 243 39 1 1 1 1 1 0 0 0 0 0 0 0 0 0 0 0 0 0 0 0 0 0 0 0 0 0 0 0 0 0 0 0 0 0 0 0 0 0 0 0 0 0 0 0 0 0 0 0 0 0 0 0 0 0 0 0 0 0 0 0 0 0 0 0 0 0 0 0 0 0 0 0 0 0 0 0 0 0 0 0 0 0 0 0 0 0 0 0 0 0 0 0 0 0 0 0 0 0 0 0 0 0 0 0 0 0 0 0 0 0 0 0 0 1 1 1 1 17 255 255 109 1 1 1
1 1 1 1 8 8 6 3 1 0 0 0 0 1 6 4 1 1 0 0 1 1 1 1 1 1 1 3 5 1 0 0 0 0 0 0 0 0 0 0 0 0 0 1 1 3 42 1 1 1 1 9 246 255 204 2 1 1 0 0 0 0 0 1 0 1 1 1 14 6 32 42 44 255 255 123 10 0 0 0 0 0 0 0 0 0 1 0 0 0 0 0 0 0 0 0 0 0 0 0 0 0 0 0 0 0 0 0 0 0 0 0 0 0 0 0 0 0 0 0 0 0 0 0 0 0 0 0 0 1 1 1 1 0 0 0 0 0 0 0 0 0 0 0 0 0 0 0 1 1 0 0 0 0 0 0 0 0 0 0 0 0 0 0 0 0 0 0 0 0 0 0 0 0 0 0 0 0 0 0 0 0 0 0 0 0 0 0 0 1 1 18 98 20 1 1 1 1 1 0 0 0 0 0 0 0 1 1 33 53 1 1 0 0 0 0 0 0 0 0 0 0 0 0 0 0 0 0 0 0 0 0 0 0 0 0 0 0 0 0 0 0 0 0 0 0 0 0 0 0 0 0 0 0 0 0 0 0 0 0 0 0 0 0 1 0 0 0 0 0 1 6 2 1 1 0 0 0 0 0 0 0 0 0 0 0 0 0 0 0 0 0 0 0 0 0 0 0 0 0 0 0 0 1 1 1 9 29 34 30 12 1 1 1 0 0 0 0 0 0 1 0 1 1 1 196 255 6 1 0 1 0 0 0 0 0 0 0 0 0 0 0 0 0 0 1 0 0 0 0 0 0 0 0 0 0 0 0 0 0 0 0 0 1 20 3 1 12 10 2 1 1 1 1 1 0 0 0 0 0 0 0 1 1 1 2 174 254 241 40 1 1 1 1 1 0 0 0 0 0 0 0 0 0 0 0 0 0 0 0 0 0 0 0 0 0 0 0 0 0 0 0 0 0 0 0 0 0 0 0 0 0 0 0 0 0 0 0 0 0 0 0 0 0 0 0 0 0 0 0 0 0 0 0 0 0 0 0 0 0 0 0 0 0 0 0 0 0 0 0 0 0 0 0 0 0 0 0 0 0 0 0 0 0 0 0 0 0 0 0 0 0 0 0 0 0 0 0 0 0 0 1 1 1 98 255 255 10 1 1 1 1
1 1 2 11 6 6 1 1 0 0 0 0 1 5 3 1 0 0 0 0 0 0 0 0 0 1 0 1 2 6 1 0 0 0 0 0 0 0 0 0 1 1 1 1 1 1 34 9 1 2 106 255 255 171 2 1 1 0 0 0 0 0 1 1 0 1 1 6 4 1 1 1 1 253 255 122 97 1 0 0 0 0 0 0 0 0 1 0 0 0 0 0 0 0 0 0 0 0 0 0 0 0 0 0 0 0 0 0 0 0 0 0 0 0 0 0 0 0 0 0 0 0 0 0 0 0 0 0 0 0 0 1 1 1 1 0 0 0 0 0 0 0 0 0 0 0 0 0 0 0 0 0 0 0 0 0 0 0 0 0 0 0 0 0 0 0 0 0 0 0 0 0 0 0 0 0 0 0 0 0 0 0 0 0 0 0 0 0 0 1 1 1 7 92 52 2 1 0 1 0 0 0 1 1 1 1 1 2 89 2 1 0 0 0 0 0 0 0 0 0 0 0 0 0 0 0 0 0 0 0 0 0 0 0 0 0 0 0 0 0 0 0 0 0 0 0 0 0 0 0 0 0 0 0 0 0 0 0 0 0 0 0 0 0 0 0 0 0 0 0 0 1 4 3 1 1 0 0 0 0 0 0 0 0 0 0 0 0 0 0 0 0 0 0 0 0 0 0 1 1 1 1 8 28 34 31 14 2 1 1 1 1 0 0 0 0 0 0 0 0 1 0 1 1 1 255 255 3 1 1 1 0 0 0 0 0 0 0 0 0 0 0 0 1 1 1 0 0 0 0 0 0 0 0 0 0 0 0 0 0 0 0 1 2 25 1 1 25 1 1 1 1 1 1 1 1 1 0 0 0 0 0 0 1 1 1 1 4 189 254 245 67 1 1 1 1 1 0 0 0 0 0 0 0 0 0 0 0 0 0 0 0 0 0 0 0 0 0 0 0 0 0 0 0 0 0 0 0 0 0 0 0 0 0 0 0 0 0 0 0 0 0 0 0 0 0 0 0 0 0 0 0 0 0 0 0 0 0 0 0 0 0 0 0 0 0 0 0 0 0 0 0 0 0 0 0 0 0 0 0 0 0 0 0 0 0 0 0 0 0 0 0 0 0 0 0 0 0 0 0 1 1 1 25 255 242 2 1 1 1 1 1
1 6 10 6 5 1 0 0 0 0 0 0 1 9 1 0 0 0 0 0 0 0 0 0 1 1 0 0 0 1 7 3 0 0 0 0 0 0 0 0 1 1 1 1 1 1 5 169 244 255 255 255 88 1 1 1 0 0 0 0 0 0 1 0 0 1 1 13 1 1 1 0 1 26 255 255 106 31 1 0 0 0 0 0 0 0 1 0 0 0 0 0 0 0 0 0 0 0 0 0 0 0 0 0 0 0 0 0 0 0 0 0 0 0 0 0 0 0 0 0 0 0 0 0 0 0 0 0 0 0 0 0 0 1 1 1 1 0 0 0 0 0 0 0 0 0 0 0 0 0 0 0 0 0 0 0 0 0 0 0 0 0 0 0 0 0 0 0 0 0 0 0 0 0 0 0 0 0 0 0 0 0 0 0 0 0 0 0 1 1 0 0 1 2 67 83 7 1 1 1 1 1 1 1 1 1 1 51 35 1 0 0 0 0 0 0 0 0 0 0 0 0 0 0 0 0 0 0 0 0 0 0 0 0 0 0 0 0 0 0 0 0 0 0 0 0 0 0 0 0 0 0 0 0 0 0 0 0 0 0 0 0 0 0 0 0 0 0 0 0 0 0 1 2 5 1 1 0 0 0 0 0 0 0 0 0 0 0 0 0 0 0 0 0 1 1 1 1 4 20 33 31 16 2 1 1 0 1 1 1 0 0 0 0 0 0 0 0 0 0 1 0 1 1 1 255 255 2 1 1 1 0 0 0 0 0 0 0 0 0 0 0 1 1 0 0 0 0 0 0 0 0 0 0 0 0 0 0 0 0 0 0 1 16 8 1 10 10 1 1 1 0 0 0 1 1 1 1 1 0 0 0 0 0 0 1 1 1 1 4 171 254 251 104 1 1 1 1 1 0 0 0 0 0 0 0 0 0 0 0 0 0 0 0 0 0 0 0 0 0 0 0 0 0 0 0 0 0 0 0 0 0 0 0 0 0 0 0 0 0 0 0 0 0 0 0 0 0 0 0 0 0 0 0 0 0 0 0 0 0 0 0 0 0 0 0 0 0 0 0 0 0 0 0 0 0 0 0 0 0 0 0 0 0 0 0 0 0 0 0 0 0 0 0 0 0 0 0 0 1 1 1 1 255 255 2 1 1 1 1 1 1
10 6 7 2 1 0 0 0 0 0 0 0 2 6 1 0 0 0 1 0 0 0 0 0 1 1 0 0 0 0 1 7 1 1 1 1 1 1 1 1 1 0 0 1 1 1 127 255 255 255 231 13 1 1 1 0 0 0 0 0 0 0 1 1 0 1 3 8 1 1 1 0 1 3 255 255 2 67 93 24 1 1 0 0 0 0 1 0 0 0 0 0 0 0 0 0 0 0 0 0 0 0 0 0 0 0 0 0 0 0 0 0 0 0 0 0 0 0 0 0 0 0 0 0 0 0 0 0 0 0 0 0 0 0 1 1 1 1 1 1 1 0 0 0 0 0 0 0 0 0 0 0 0 0 0 0 0 0 0 0 0 0 0 0 0 0 0 0 0 0 0 0 0 0 0 0 0 0 0 0 0 0 0 0 0 0 0 0 1 1 0 0 0 1 1 29 97 24 1 1 1 1 1 1 1 1 6 83 1 1 0 0 0 0 0 0 0 0 0 0 0 0 0 0 0 0 0 0 0 0 0 0 0 0 0 0 0 0 0 0 0 0 0 0 0 0 0 0 0 0 0 0 0 0 0 0 0 0 0 0 0 0 0 0 0 0 0 0 0 0 0 0 0 0 1 6 1 1 0 0 0 0 0 0 0 0 0 0 0 0 0 1 1 1 4 16 31 31 22 5 1 1 1 1 1 1 1 0 0 0 0 0 0 0 0 0 0 0 0 0 1 0 1 1 1 255 255 2 1 1 0 0 0 0 0 0 0 0 0 0 1 1 1 0 0 0 0 0 0 0 0 0 0 0 0 0 0 0 0 0 0 0 1 31 1 1 24 2 1 1 0 0 0 0 0 1 0 1 1 1 1 0 0 0 0 0 0 1 1 1 1 2 134 254 254 144 1 1 1 1 1 0 0 0 0 0 0 0 0 0 0 0 0 0 0 0 0 0 0 0 0 0 0 0 0 0 0 0 0 0 0 0 0 0 0 0 0 0 0 0 0 0 0 0 0 0 0 0 0 0 0 0 0 0 0 0 0 0 0 0 0 0 0 0 0 0 0 0 0 0 0 0 0 0 0 0 0 0 0 0 0 0 0 0 0 0 0 0 0 0 0 0 0 0 0 0 0 0 0 1 1 1 1 255 252 1 1 1 1 1 1 1
6 5 1 0 0 0 0 0 0 0 0 0 4 4 1 1 1 1 1 1 0 0 0 0 1 0 0 0 0 0 0 1 6 1 1 1 1 1 1 1 1 0 0 1 1 102 255 255 232 164 2 1 1 1 0 0 0 0 0 0 0 0 0 1 0 1 10 1 1 0 1 0 1 2 255 255 1 1 2 64 94 43 2 1 0 0 1 0 0 0 0 0 0 0 0 0 0 0 0 0 0 0 0 0 0 0 0 0 0 0 0 0 0 0 0 0 0 0 0 0 0 0 0 0 0 0 0 0 0 0 0 0 0 0 0 0 0 1 1 1 1 1 1 0 0 0 0 0 0 0 0 0 0 0 0 0 0 0 0 0 0 0 0 0 0 0 0 0 0 0 0 0 0 0 0 0 0 0 0 0 0 0 0 0 0 0 0 1 1 1 0 0 0 0 1 1 7 87 58 2 1 1 1 1 1 1 76 8 1 0 0 0 0 0 0 0 0 0 0 0 0 0 0 0 0 0 0 0 0 0 0 0 0 0 0 0 0 0 0 0 0 0 0 0 0 0 0 0 0 0 0 0 0 0 0 0 0 0 0 0 0 0 0 0 0 0 0 0 0 0 0 0 0 0 0 1 4 3 1 0 0 0 0 0 0 0 0 0 1 1 3 15 30 32 24 8 1 1 1 1 1 1 1 1 1 0 0 0 0 0 0 0 0 0 0 0 0 0 0 0 1 1 1 1 1 255 255 1 1 1 0 0 0 0 0 0 0 0 0 0 1 0 0 0 0 0 0 0 0 0 0 0 0 0 0 0 0 0 0 0 0 1 9 15 1 5 16 1 1 1 0 0 0 0 0 1 0 0 0 1 1 1 1 1 0 0 0 0 0 1 1 1 1 1 97 250 254 181 3 1 1 1 1 1 1 1 1 1 1 1 1 1 1 1 1 0 0 0 0 0 0 0 0 0 0 0 0 0 0 0 0 0 0 0 0 0 0 0 0 0 0 0 0 0 0 0 0 0 0 0 0 0 0 0 0 0 0 0 0 0 0 0 0 0 0 0 0 0 0 0 0 0 0 0 0 0 0 0 0 0 0 0 0 0 0 0 0 0 0 0 0 0 0 0 0 0 0 0 1 1 1 1 1 255 250 1 1 1 1 1 1 1
3 1 0 0 0 0 0 0 0 0 0 0 3 5 1 0 0 0 1 1 1 1 1 1 1 1 1 1 1 1 1 8 73 5 1 0 1 1 1 1 1 1 1 1 144 255 255 200 60 6 1 1 1 1 1 0 0 0 0 0 0 0 0 1 1 1 13 1 1 0 1 1 1 1 255 255 2 1 1 1 1 43 88 74 14 1 1 0 0 0 0 0 0 0 0 0 0 0 0 0 0 0 0 0 0 0 0 0 0 0 0 0 0 0 0 0 0 0 0 0 0 0 0 0 0 0 0 0 0 0 0 0 0 0 0 0 0 0 1 1 1 1 1 1 1 1 1 0 0 0 0 0 0 0 0 0 0 0 0 0 0 0 0 0 0 0 0 0 0 0 0 0 0 0 0 0 0 0 0 0 0 0 0 0 0 0 0 1 1 1 0 0 0 0 0 0 1 2 58 85 8 1 1 1 1 25 53 1 1 0 0 0 0 0 0 0 0 0 0 0 0 0 0 0 0 0 0 0 0 0 0 0 0 0 0 0 0 0 0 0 0 0 0 0 0 0 0 0 0 0 0 0 0 0 0 0 0 0 0 0 0 0 0 0 0 0 0 0 0 0 0 0 0 0 0 0 1 2 4 1 1 0 0 0 0 1 2 14 32 33 25 9 1 1 1 1 0 1 1 1 1 0 0 0 0 0 0 0 0 0 0 0 0 0 0 0 0 0 0 0 1 1 0 1 1 255 255 1 1 1 0 0 0 0 0 0 0 0 0 0 0 0 0 0 0 0 0 0 0 0 0 0 0 0 0 0 0 0 0 0 0 1 28 2 1 21 3 1 1 1 0 0 0 0 0 1 0 0 0 0 0 1 1 1 1 1 0 0 0 0 0 1 1 1 1 1 66 242 255 213 8 1 0 0 0 0 0 0 0 0 0 0 0 0 1 1 1 1 1 0 0 0 0 0 0 0 0 0 0 0 0 0 0 0 0 0 0 0 0 0 0 0 0 0 0 0 0 0 0 0 0 0 0 0 0 0 0 0 0 0 0 0 0 0 0 0 0 0 0 0 0 0 0 0 0 0 0 0 0 0 0 0 0 0 0 0 0 0 0 0 0 0 0 0 0 0 0 1 1 1 1 1 1 255 228 1 1 1 1 1 1 1
1 0 0 0 0 0 0 0 0 0 0 0 2 9 5 4 2 2 1 1 1 1 1 17 103 122 122 119 118 117 119 112 71 122 1 1 1 1 1 1 1 1 2 154 255 252 4 1 1 8 5 2 1 1 1 1 1 1 1 1 1 1 1 1 1 1 13 1 1 0 1 1 1 1 255 255 6 1 1 1 1 1 2 13 64 81 43 2 1 0 0 0 0 0 0 0 0 0 0 0 0 0 0 0 0 0 0 0 0 0 0 0 0 0 0 0 0 0 0 0 0 0 0 0 0 0 0 0 0 0 0 0 0 0 0 0 0 0 0 0 1 1 1 1 1 0 1 1 0 0 0 0 0 0 0 0 0 0 0 0 0 0 0 0 0 0 0 0 0 0 0 0 0 0 0 0 0 0 0 0 0 0 0 0 0 0 1 1 0 1 1 0 0 0 0 0 0 1 1 20 94 26 1 1 2 83 2 1 0 0 0 0 0 0 0 0 0 0 0 0 0 0 0 0 0 0 0 0 0 0 0 0 0 0 0 0 0 0 0 0 0 0 0 0 0 0 0 0 0 0 0 0 0 0 0 0 0 0 0 0 0 0 0 0 0 0 0 0 0 0 0 0 0 0 0 1 1 0 1 5 1 1 1 1 15 33 28 9 1 1 1 1 0 1 1 1 1 1 0 0 0 0 0 0 0 0 0 0 0 0 0 0 0 0 0 0 0 0 0 0 1 1 0 1 1 255 255 1 1 1 0 0 0 0 0 0 0 0 0 0 0 0 0 0 0 0 0 0 0 0 0 0 0 0 0 0 0 0 0 0 0 4 22 1 2 20 1 1 1 0 0 0 0 0 0 1 0 0 0 0 0 0 0 0 1 1 1 1 0 0 0 0 0 1 1 1 1 1 35 232 255 230 20 1 0 0 0 0 0 0 0 0 0 0 0 0 0 0 1 1 1 1 1 1 0 0 0 0 0 0 0 0 0 0 0 0 0 0 0 0 0 0 0 0 0 0 0 0 0 0 0 0 0 0 0 0 0 0 0 0 0 0 0 0 0 0 0 0 0 0 0 0 0 0 0 0 0 0 0 0 0 0 0 0 0 0 0 0 0 0 0 0 0 0 0 1 1 1 1 1 1 1 10 255 34 1 1 1 1 1 1 1
0 0 0 0 0 0 0 0 0 0 0 0 3 136 121 123 124 126 127 126 124 122 124 103 20 2 2 2 3 4 2 1 1 57 82 1 1 1 1 1 1 29 255 255 252 8 1 1 1 1 4 8 11 11 12 11 9 7 5 3 2 1 1 1 1 1 11 0 1 0 1 1 1 1 255 255 46 1 1 1 1 1 1 1 4 6 27 78 71 11 1 1 0 0 0 0 0 0 0 0 0 0 0 0 0 0 0 0 0 0 0 0 0 0 0 0 0 0 0 0 0 0 0 0 0 0 0 0 0 0 0 0 0 0 0 0 0 0 0 0 0 1 1 1 1 1 1 1 1 1 0 0 0 0 0 0 0 0 0 0 0 0 0 0 0 0 0 0 0 0 0 0 0 0 0 0 0 0 0 0 0 0 0 0 0 0 1 0 0 0 1 0 0 0 0 0 0 0 1 1 5 83 63 3 62 20 1 0 0 0 0 0 0 0 0 0 0 0 0 0 0 0 0 0 0 0 0 0 0 0 0 0 0 0 0 0 0 0 0 0 0 0 0 0 0 0 0 0 0 0 0 0 0 0 0 0 0 0 0 0 0 0 0 0 0 0 0 0 0 0 0 0 0 0 1 1 0 0 0 1 7 6 30 29 8 1 1 1 1 0 1 1 1 1 0 0 0 0 0 0 0 0 0 0 0 0 0 0 0 0 0 0 0 0 0 0 0 0 0 0 1 1 0 1 1 255 255 1 1 1 0 0 0 0 0 0 0 0 0 0 0 0 0 0 0 0 0 0 0 0 0 0 0 0 0 0 0 0 0 0 1 23 4 1 15 5 1 1 1 1 0 0 0 0 0 1 0 0 0 0 0 0 0 1 1 0 1 1 1 0 0 0 0 0 0 0 1 1 1 1 15 216 255 240 48 1 0 0 0 0 0 0 0 0 0 0 0 0 0 0 0 0 0 0 1 1 1 1 0 0 0 0 0 0 0 0 0 0 0 0 0 0 0 0 0 0 0 0 0 0 0 0 0 0 0 0 0 0 0 0 0 0 0 0 0 0 0 0 0 0 0 0 0 0 0 0 0 0 0 0 0 0 0 0 0 0 0 0 0 0 0 0 0 0 1 1 1 1 1 1 1 1 255 255 1 1 1 1 1 1 1 1
0 0 0 0 0 0 0 0 0 0 0 0 22 121 1 1 1 1 1 1 2 3 2 1 2 0 0 0 1 1 0 0 0 1 92 47 1 1 1 27 255 255 252 4 223 55 1 1 0 0 1 1 1 1 1 1 2 3 4 7 9 11 11 11 11 12 2 0 1 1 1 1 1 1 190 255 175 1 1 0 0 0 0 1 1 1 6 3 6 61 81 40 2 1 1 0 0 0 0 0 0 0 0 0 0 0 0 0 0 0 0 0 0 0 0 0 0 0 0 0 0 0 0 0 0 0 0 0 0 0 0 0 0 0 0 0 0 0 0 0 0 0 0 1 1 1 1 1 1 1 1 0 0 0 0 0 0 0 0 0 0 0 0 0 0 0 0 0 0 0 0 0 0 0 0 0 0 0 0 0 0 0 0 0 0 1 1 0 0 0 1 1 0 0 0 0 0 0 0 1 1 2 53 106 74 1 1 1 0 0 0 0 0 0 0 0 0 0 0 0 0 0 0 0 0 0 0 0 0 0 0 0 0 0 0 0 0 0 0 0 0 0 0 0 0 0 0 0 0 0 0 0 0 0 0 0 0 0 0 0 0 0 0 0 0 0 0 0 0 0 0 0 0 0 1 0 0 0 0 1 38 21 1 1 1 0 0 0 1 1 1 0 0 0 0 0 0 0 0 0 0 0 0 0 0 0 0 0 0 0 0 0 0 0 0 0 0 0 0 0 1 1 0 1 1 255 255 1 1 1 0 0 0 0 0 0 0 0 0 0 0 0 0 0 0 0 0 0 0 0 0 0 0 0 0 0 0 0 0 0 2 28 1 1 20 1 1 0 0 0 0 0 0 0 0 1 0 0 0 0 0 0 0 0 1 0 0 1 1 0 0 0 0 0 0 0 0 0 1 1 1 1 7 189 254 248 81 1 1 0 0 0 0 0 0 0 0 0 0 0 0 0 0 0 0 0 0 1 1 1 1 0 0 0 0 0 0 0 0 0 0 0 0 0 0 0 0 0 0 0 0 0 0 0 0 0 0 0 0 0 0 0 0 0 0 0 0 0 0 0 0 0 0 0 0 0 0 0 0 0 0 0 0 0 0 0 0 0 0 0 0 0 0 1 1 1 1 1 1 1 1 228 255 5 1 1 1 1 1 1 1 1
0 0 0 0 0 0 0 0 0 0 0 0 5 135 1 1 0 0 1 0 0 0 0 1 2 0 0 0 1 1 0 0 0 1 2 124 9 17 255 255 255 22 1 1 107 195 1 1 1 0 1 1 1 1 1 0 1 1 1 1 1 1 1 1 1 1 1 1 1 1 1 1 1 1 86 255 255 1 1 0 0 0 0 0 0 1 1 2 6 1 1 28 78 68 9 1 1 0 0 0 0 0 0 0 0 0 0 0 0 0 0 0 0 0 0 0 0 0 0 0 0 0 0 0 0 0 0 0 0 0 0 0 0 0 0 0 0 0 0 0 0 0 0 0 0 1 1 1 1 1 1 1 1 0 0 0 0 0 0 0 0 0 0 0 0 0 0 0 0 0 0 0 0 0 0 0 0 0 0 0 0 0 0 0 0 1 1 0 0 0 0 1 0 0 0 0 0 0 0 0 1 1 2 106 52 8 1 1 1 1 0 0 0 0 0 0 0 0 0 0 0 0 0 0 0 0 0 0 0 0 0 0 0 0 0 0 0 0 0 0 0 0 0 0 0 0 0 0 0 0 0 0 0 0 0 0 0 0 0 0 0 0 0 0 0 0 0 0 0 0 0 0 1 1 1 0 0 1 7 44 5 1 0 0 1 1 1 1 1 0 0 0 0 0 0 0 0 0 0 0 0 0 0 0 0 0 0 0 0 0 0 0 0 0 0 0 0 0 0 0 1 1 1 1 1 255 255 1 1 1 0 0 0 0 0 0 0 0 0 0 0 0 0 0 0 0 0 0 0 0 0 0 0 0 0 0 0 0 0 1 17 8 1 11 7 1 1 0 0 0 0 0 0 0 0 1 1 0 1 0 0 0 0 0 0 0 0 1 1 0 0 0 0 0 0 0 0 0 0 1 1 1 1 1 3 156 254 251 127 1 1 0 0 0 0 0 0 0 0 0 0 0 0 0 0 0 0 0 0 0 1 1 1 0 0 0 0 0 0 0 0 0 0 0 0 0 0 0 0 0 0 0 0 0 0 0 0 0 0 0 0 0 0 0 0 0 0 0 0 0 0 0 0 0 0 0 0 0 0 0 0 0 0 0 0 0 0 0 0 0 0 0 1 1 1 1 1 1 1 1 143 255 88 1 1 1 1 1 1 1 1 1
0 0 0 0 0 0 0 0 0 0 0 0 1 140 3 1 0 0 1 1 0 0 0 2 1 0 0 0 1 1 0 1 1 1 1 26 246 255 255 11 1 1 1 1 2 218 57 1 1 1 1 1 1 1 1 0 0 0 1 1 0 0 0 0 1 1 1 0 1 1 0 1 1 1 45 255 255 1 1 0 0 0 0 0 0 0 1 1 1 5 5 1 1 8 79 93 34 1 1 0 0 0 0 0 0 0 0 0 0 0 0 0 0 0 0 0 0 0 0 0 0 0 0 0 0 0 0 0 0 0 0 0 0 0 0 0 0 0 0 0 0 0 0 0 0 0 1 1 1 1 1 1 1 1 1 0 0 0 0 0 0 0 0 0 0 0 0 0 0 0 0 0 0 0 0 0 0 0 0 0 0 0 0 0 1 1 0 0 0 0 0 1 0 0 0 0 0 0 0 0 1 1 40 51 1 15 26 3 1 1 1 1 0 0 0 0 0 0 0 0 0 0 0 0 0 0 0 0 0 0 0 0 0 0 0 0 0 0 0 0 0 0 0 0 0 0 0 0 0 0 0 0 0 0 0 0 0 0 0 0 0 0 0 0 0 0 0 0 0 0 0 1 1 0 0 0 1 27 29 1 1 1 1 1 1 0 0 0 0 0 0 0 0 0 0 0 0 0 0 0 0 0 0 0 0 0 0 0 0 0 0 0 0 0 0 0 0 0 0 0 1 1 1 1 2 255 242 1 1 1 0 0 0 0 0 0 0 0 0 0 0 0 0 0 0 0 0 0 0 0 0 0 0 0 0 1 0 0 0 1 30 1 1 20 1 1 1 0 0 0 0 0 0 0 0 0 1 0 1 0 0 0 0 0 0 0 1 1 0 0 0 0 0 0 0 0 0 0 0 0 0 0 1 1 1 1 2 114 251 254 173 2 1 0 0 0 0 0 0 0 0 0 0 0 0 0 0 0 0 0 0 0 1 1 1 1 0 0 0 0 0 0 0 0 0 0 0 0 0 0 0 0 0 0 0 0 0 0 0 0 0 0 0 0 0 0 0 0 0 0 0 0 0 0 0 0 0 0 0 0 0 0 0 0 0 0 0 0 0 0 0 1 1 1 1 1 1 1 1 165 255 179 1 1 1 1 1 1 1 1 1 1
0 0 0 0 0 0 0 0 0 0 0 0 1 127 12 1 0 0 1 0 0 0 0 2 1 0 0 0 1 1 1 1 1 1 46 255 255 74 32 2 1 1 1 0 1 35 215 27 1 1 1 1 1 1 1 1 1 1 1 1 0 0 0 0 1 1 1 0 0 1 1 1 1 1 29 255 255 1 1 0 0 0 0 0 0 0 1 0 0 1 1 6 5 5 2 2 48 93 69 6 1 1 0 0 0 0 0 0 0 0 0 0 0 0 0 0 0 0 0 0 0 0 0 0 0 0 0 0 0 0 0 0 0 0 0 0 0 0 0 0 0 0 0 0 0 0 0 0 1 1 1 1 1 1 1 1 1 0 0 0 0 0 0 0 0 0 0 0 0 0 0 0 0 0 0 0 0 0 0 0 0 0 0 0 1 1 0 0 0 0 0 1 1 0 0 0 0 0 0 1 1 1 99 1 1 1 2 23 14 1 1 1 1 0 0 0 0 0 0 0 0 0 0 0 0 0 0 0 0 0 0 0 0 0 0 0 0 0 0 0 0 0 0 0 0 0 0 0 0 0 0 0 0 0 0 0 0 0 0 0 0 0 0 0 0 0 0 0 0 0 0 1 0 0 1 4 44 8 1 0 0 0 0 0 0 0 0 0 0 0 0 0 0 0 0 0 0 0 0 0 0 0 0 0 0 0 0 0 0 0 0 0 0 0 0 0 0 0 0 1 0 1 1 1 4 255 154 1 1 1 0 0 0 0 0 0 0 0 0 0 0 0 0 0 0 0 0 0 0 0 0 0 0 0 1 1 0 0 1 12 13 1 6 10 1 1 1 0 0 0 0 0 0 0 0 0 1 1 1 0 0 0 0 0 0 0 1 1 0 0 0 0 0 0 0 0 0 0 0 0 0 0 0 0 1 1 1 1 1 76 244 254 206 6 1 0 0 0 0 0 0 0 0 0 0 0 0 0 0 0 0 0 0 0 0 1 1 1 1 0 0 0 0 0 0 0 0 0 0 0 0 0 0 0 0 0 0 0 0 0 0 0 0 0 0 0 0 0 0 0 0 0 0 0 0 0 0 0 0 0 0 0 0 0 0 0 0 0 0 0 1 1 1 1 1 1 1 1 250 255 170 1 1 1 1 1 1 1 1 0 1 1
1 0 0 0 0 0 0 0 0 0 0 0 1 114 30 1 0 0 1 0 0 0 0 2 1 0 0 1 1 1 1 1 2 218 255 202 2 1 2 27 2 1 1 0 1 1 101 180 35 2 2 2 2 1 0 0 1 1 0 0 0 0 0 0 1 1 1 0 0 1 1 0 1 1 21 255 255 1 1 0 0 0 0 0 0 0 1 0 0 0 0 1 1 1 1 1 1 1 16 82 88 25 1 1 0 0 0 0 0 0 0 0 0 0 0 0 0 0 0 0 0 0 0 0 0 0 0 0 0 0 0 0 0 0 0 0 0 0 0 0 0 0 0 0 0 0 0 0 0 0 1 1 1 1 1 1 1 1 1 1 1 0 0 0 0 0 0 0 0 0 0 0 0 0 0 0 0 0 0 0 0 0 0 0 1 0 0 0 0 0 0 0 1 0 0 0 0 0 1 1 1 23 68 1 1 0 1 1 9 30 5 1 1 1 0 0 0 0 0 0 0 0 0 0 0 0 0 0 0 0 0 0 0 0 0 0 0 0 0 0 0 0 0 0 0 0 0 0 0 0 0 0 0 0 0 0 0 0 0 0 0 0 0 0 0 0 0 0 0 0 1 1 0 1 18 35 1 0 0 0 0 0 0 0 0 0 0 0 0 0 0 0 0 0 0 0 0 0 0 0 0 0 0 0 0 0 0 0 0 0 0 0 0 0 0 0 0 0 0 1 0 1 1 1 12 255 63 1 0 1 0 0 0 0 0 0 0 0 0 0 0 0 0 0 0 0 0 0 0 0 0 0 0 1 1 0 0 1 1 30 2 1 18 2 1 1 1 1 0 0 0 0 0 0 0 0 1 1 0 0 0 0 0 0 0 1 1 0 0 0 0 0 0 0 0 0 0 0 0 0 0 0 0 0 0 0 1 1 1 1 1 48 236 255 227 18 1 0 0 0 0 0 0 0 0 0 0 0 0 0 0 0 0 0 0 0 0 0 1 1 1 0 0 0 0 0 0 0 0 0 0 0 0 0 0 0 0 0 0 0 0 0 0 0 0 0 0 0 0 0 0 0 0 0 0 0 0 0 0 0 0 0 0 0 0 0 0 0 0 1 1 1 1 1 1 1 9 255 255 47 1 1 1 1 1 1 1 1 0 1 1 1
1 0 0 0 0 1 1 1 1 0 0 0 1 102 47 1 0 0 0 0 0 0 0 3 1 1 1 1 1 1 1 14 255 255 46 1 1 1 1 2 27 3 1 1 1 1 1 193 101 8 1 1 1 2 1 1 0 1 0 0 0 0 0 0 1 1 1 0 0 1 0 0 1 1 20 255 255 1 1 0 0 0 0 0 0 0 1 0 0 0 0 0 0 0 0 0 0 1 1 1 3 59 93 62 3 1 1 0 0 0 0 0 0 0 0 0 0 0 0 0 0 0 0 0 0 0 0 0 0 0 0 0 0 0 0 0 0 0 0 0 0 0 0 0 0 0 0 0 0 0 0 1 1 1 1 1 1 1 1 1 1 1 0 0 0 0 0 0 0 0 0 0 0 0 0 0 0 0 0 0 0 0 0 1 1 0 0 0 0 0 0 0 1 1 1 1 1 1 1 1 1 97 2 1 1 0 0 1 1 1 22 28 3 1 1 1 0 0 0 0 0 0 0 0 0 0 0 0 0 0 0 0 0 0 0 0 0 0 0 0 0 0 0 0 0 0 0 0 0 0 0 0 0 0 0 0 0 0 0 0 0 0 0 0 0 0 0 0 0 1 1 1 2 38 15 1 0 0 0 0 0 0 0 0 0 0 0 0 0 0 0 0 0 0 0 0 0 0 0 0 0 0 0 0 0 0 0 0 0 0 0 0 0 0 0 0 0 0 0 1 0 1 1 1 57 255 15 1 0 1 0 0 0 0 0 0 0 0 0 0 0 0 0 0 0 0 0 0 0 0 0 0 1 1 0 1 1 1 6 19 1 2 13 1 1 1 1 0 0 0 0 0 0 0 0 0 1 1 0 0 0 0 0 0 0 1 1 0 0 0 0 0 0 0 0 0 0 0 0 0 0 0 0 0 0 0 0 0 1 1 1 1 1 23 220 255 238 42 1 0 0 0 0 0 0 0 0 0 0 0 0 0 0 0 0 0 0 0 0 0 1 1 1 0 0 0 0 0 0 0 0 0 0 0 0 0 0 0 0 0 0 0 0 0 0 0 0 0 0 0 0 0 0 0 0 0 0 0 0 0 0 0 0 0 0 0 0 0 1 1 1 1 1 1 1 117 255 255 2 1 1 1 1 1 1 1 0 1 1 1 1 50
0 0 0 0 0 1 0 1 1 1 1 1 1 104 45 1 1 1 1 1 1 1 1 3 1 1 1 1 1 1 64 255 230 4 1 1 1 1 1 1 2 27 4 1 1 1 1 171 80 67 1 0 0 1 1 1 1 1 0 0 0 0 0 0 1 1 1 0 0 1 0 0 1 1 21 255 255 1 1 0 0 0 0 0 0 1 1 0 0 0 0 0 0 0 0 0 0 0 0 0 1 1 1 23 88 86 17 1 1 1 0 0 0 0 0 0 0 0 0 0 0 0 0 0 0 0 0 0 0 0 0 0 0 0 0 0 0 0 0 0 0 0 0 0 0 0 0 0 0 0 0 0 0 1 1 1 1 1 1 1 1 1 1 1 0 0 0 0 0 0 0 0 0 0 0 0 0 0 0 0 0 0 1 1 0 0 0 0 0 1 1 1 1 1 0 0 0 0 0 1 1 102 1 1 0 0 0 0 0 1 1 2 27 22 1 1 1 0 0 0 0 0 0 0 0 0 0 0 0 0 0 0 0 0 0 0 0 0 0 0 0 0 0 0 0 0 0 0 0 0 0 0 0 0 0 0 0 0 0 0 0 0 0 0 0 0 0 0 1 1 1 10 43 3 0 0 0 0 0 0 0 0 0 0 0 0 0 0 0 0 0 0 0 0 0 0 0 0 0 0 0 0 0 0 0 0 0 0 0 0 0 0 0 0 0 0 0 0 0 1 1 1 1 1 155 255 5 1 0 1 0 0 0 0 0 0 0 0 0 0 0 0 0 0 0 0 0 0 0 0 0 1 1 1 1 1 1 1 23 2 1 11 3 1 1 1 1 0 0 0 0 0 0 0 0 0 1 1 0 0 0 0 0 0 1 1 0 0 0 0 0 0 0 0 0 0 0 0 0 0 0 0 0 0 0 0 0 0 0 0 1 1 1 1 1 10 197 254 245 74 1 1 0 0 0 0 0 0 0 0 0 0 0 0 0 0 0 0 0 0 0 0 0 1 1 1 0 0 0 0 0 0 0 0 0 0 0 0 0 0 0 0 0 0 0 0 0 0 0 0 0 0 0 0 0 0 0 0 0 0 0 0 0 0 0 0 0 1 1 1 1 1 1 1 250 255 220 1 1 1 1 1 1 1 1 0 1 1 1 2 107 195
1 1 1 1 1 1 1 2 2 1 1 1 1 117 32 1 1 1 1 1 1 1 1 3 1 1 1 1 2 105 255 130 2 1 1 1 1 1 1 0 1 2 29 0 0 1 1 14 198 79 1 0 0 0 0 1 2 1 1 0 0 0 0 1 1 1 1 0 0 1 0 0 1 1 25 255 255 1 1 0 0 0 0 0 0 1 0 0 0 0 0 0 0 0 0 0 0 0 0 0 0 0 0 1 1 4 69 94 51 2 1 1 1 0 0 0 0 0 0 0 0 0 0 0 0 0 0 0 0 0 0 0 0 0 0 0 0 0 0 0 0 0 0 0 0 0 0 0 0 0 0 0 0 0 0 1 1 1 1 1 1 1 1 1 1 1 0 0 0 0 0 0 0 0 0 0 0 0 0 0 1 1 1 1 0 0 0 0 0 0 0 0 1 1 0 1 0 0 0 1 16 79 1 0 0 0 0 0 0 0 1 1 1 5 31 15 1 1 0 0 0 0 0 0 0 0 0 0 0 0 0 0 0 0 0 0 0 0 0 0 0 0 0 0 0 0 0 0 0 0 0 0 0 0 0 0 0 0 0 0 0 0 0 0 0 0 0 1 1 1 27 26 1 0 0 0 0 0 0 0 0 0 0 0 0 0 0 0 0 0 0 0 0 0 0 0 0 0 0 0 0 0 0 0 0 0 0 0 0 0 0 0 0 0 0 0 0 0 0 1 1 0 1 1 246 255 2 1 0 1 0 0 0 0 0 0 0 0 0 0 0 0 0 0 0 0 0 0 1 1 2 5 6 6 3 1 1 3 20 1 1 16 2 1 1 1 1 0 0 0 0 0 0 0 0 0 1 1 0 0 0 0 0 0 1 1 0 0 0 0 0 0 0 0 0 0 0 0 0 0 0 0 0 0 0 0 0 0 0 0 0 0 0 1 1 1 1 4 171 254 251 106 1 1 0 0 0 0 0 0 0 0 0 0 0 0 0 0 0 0 0 0 0 0 0 1 1 1 0 0 0 0 0 0 0 0 0 0 0 0 0 0 0 0 0 0 0 0 0 0 0 0 0 0 0 0 0 0 0 0 0 0 0 0 0 0 1 1 1 1 1 1 9 255 255 43 1 1 1 1 1 1 1 1 1 1 1 1 7 177 150 2
255 255 255 255 255 255 255 255 255 255 255 253 179 158 42 1 1 1 1 1 1 1 8 18 11 116 240 249 255 255 95 2 2 2 1 1 1 0 0 1 1 1 34 1 1 1 1 1 222 50 1 0 0 0 0 0 1 2 1 1 0 0 0 1 0 1 1 0 0 1 0 1 1 1 33 255 255 1 1 0 0 0 0 0 0 1 0 0 0 0 0 0 0 0 0 0 0 0 0 0 0 0 0 1 1 1 1 1 31 91 84 16 1 1 0 0 0 0 0 0 0 0 0 0 0 0 0 0 0 0 0 0 0 0 0 0 0 0 0 0 0 0 0 0 0 0 0 0 0 0 0 0 0 0 0 0 1 1 1 1 1 1 1 1 1 1 1 1 1 1 1 1 1 1 0 0 1 1 1 1 1 1 1 0 0 0 0 0 0 0 0 0 0 0 1 1 0 0 1 1 79 17 1 0 0 0 0 0 0 0 0 0 1 1 1 9 33 10 1 0 0 0 0 0 0 0 0 0 0 0 0 0 0 0 0 0 0 0 0 0 0 0 0 0 0 0 0 0 0 0 0 0 0 0 0 0 0 0 0 0 0 0 0 0 0 0 1 1 3 43 9 1 0 0 0 0 0 0 0 0 0 0 0 0 0 0 0 0 0 0 0 0 0 0 0 0 0 0 0 0 0 0 0 0 0 0 0 0 0 0 0 0 0 0 0 0 0 0 0 1 1 0 1 1 255 255 2 1 0 1 0 0 0 1 0 0 0 0 0 0 0 0 0 0 0 0 0 1 2 6 3 1 1 1 2 6 7 11 5 1 9 4 1 1 1 1 1 0 0 0 0 0 0 0 0 1 1 1 0 0 0 0 0 0 1 0 0 0 0 0 0 0 0 0 0 0 0 0 0 0 0 0 0 0 0 0 0 0 0 0 0 0 0 0 0 1 1 1 1 2 134 254 254 145 1 1 1 0 0 0 0 0 0 0 0 0 0 0 0 0 0 0 0 0 0 0 0 1 1 1 0 0 0 0 0 0 0 0 0 0 0 0 0 0 0 0 0 0 0 0 0 0 0 0 0 0 0 0 0 0 0 0 0 0 1 1 1 1 1 1 1 124 255 255 2 1 1 1 1 1 1 1 0 1 1 1 1 64 204 68 1 1
255 255 255 255 255 255 255 255 255 255 255 255 255 255 255 255 210 122 65 32 17 170 232 249 249 234 86 112 247 10 1 1 1 2 1 0 0 1 4 12 12 13 25 1 1 0 1 1 232 17 1 0 0 0 0 0 0 1 1 1 1 0 0 1 0 1 1 0 1 0 1 1 1 1 46 255 255 1 1 0 0 0 0 0 0 1 0 0 0 0 0 0 0 0 0 0 0 0 0 0 0 0 0 1 0 0 0 1 1 1 5 69 94 57 3 1 1 0 0 0 0 0 0 0 0 0 0 0 0 0 0 0 0 0 0 0 0 0 0 0 0 0 0 0 0 0 0 0 0 0 0 0 0 0 0 0 0 0 1 1 1 0 1 1 1 1 1 1 1 1 1 1 1 1 1 1 1 1 1 1 1 0 0 0 0 0 0 0 0 0 0 0 0 0 1 1 0 0 1 1 104 1 1 0 0 0 0 0 0 0 0 0 0 1 1 1 1 15 26 1 1 0 0 0 0 0 0 0 0 0 0 0 0 0 0 0 0 0 0 0 0 0 0 0 0 0 0 0 0 0 0 0 0 0 0 0 0 0 0 0 0 0 0 0 0 1 1 14 39 2 0 0 0 0 0 0 0 0 0 0 0 0 0 0 0 0 0 0 0 0 0 0 0 0 0 0 0 0 0 0 0 0 0 0 0 0 0 0 0 0 0 0 0 0 0 0 0 0 0 1 1 0 1 1 255 255 1 1 1 1 1 1 1 1 1 1 1 1 1 0 0 0 1 0 0 1 1 3 3 1 1 1 0 0 0 1 1 7 2 2 15 1 1 1 0 0 1 1 1 0 0 0 0 0 0 1 0 1 1 0 0 0 0 1 1 0 0 0 0 0 0 0 0 0 0 0 0 0 0 0 0 0 0 0 0 0 0 0 0 0 0 0 0 0 0 0 0 1 1 1 1 1 101 250 254 179 3 1 1 0 0 0 0 0 0 0 0 0 0 0 0 0 0 0 0 0 0 0 0 1 1 1 0 0 0 0 0 0 0 0 0 0 0 0 0 0 0 0 0 0 0 0 0 0 0 0 0 0 0 1 1 0 0 1 1 1 1 1 1 1 252 255 214 1 1 1 1 1 1 1 1 1 1 1 1 4 154 181 6 1 1 1
1 1 1 1 1 1 1 1 1 1 1 1 2 236 255 255 255 255 255 255 255 255 255 255 255 255 245 237 80 13 2 1 1 2 1 1 1 11 6 1 1 1 15 1 1 0 1 1 235 5 1 0 0 0 0 0 0 0 1 1 2 1 0 1 0 1 1 1 1 1 1 1 1 1 71 255 255 1 1 0 0 0 0 0 0 1 0 0 0 0 0 0 0 0 0 0 0 0 0 0 0 0 0 1 0 0 0 0 0 1 1 1 1 26 89 84 15 1 1 1 0 0 0 0 0 0 0 0 0 0 0 0 0 0 0 0 0 0 0 0 0 0 0 0 0 0 0 0 0 0 0 0 0 0 0 0 0 0 0 1 1 0 0 1 1 1 1 1 1 1 0 0 0 0 0 0 0 0 0 0 0 0 0 0 0 0 0 0 0 0 0 0 0 0 0 1 1 1 1 1 107 1 1 0 0 0 0 0 0 0 0 0 0 0 0 1 1 1 3 29 3 1 0 0 0 0 0 0 0 0 0 0 0 0 0 0 0 0 0 0 0 0 0 0 0 0 0 0 0 0 0 0 0 0 0 0 0 0 0 0 0 0 0 0 1 1 32 20 1 0 0 0 0 0 0 0 0 0 0 0 0 0 0 0 0 0 0 0 0 0 0 0 0 0 0 0 0 0 0 0 0 0 0 0 0 0 0 0 0 0 0 0 0 0 0 0 0 0 0 1 1 0 1 1 255 255 1 1 1 1 0 0 0 1 0 0 1 1 1 1 1 1 1 1 1 1 3 3 1 1 1 0 0 0 0 0 2 3 1 5 6 1 1 1 0 0 0 0 0 1 1 1 0 0 0 1 0 0 1 0 0 0 0 0 1 0 0 0 0 0 0 0 0 0 0 0 0 0 0 0 0 0 0 0 0 0 0 0 0 0 0 0 0 0 0 0 0 0 0 1 1 1 1 1 72 241 254 210 7 1 1 0 0 0 0 0 0 0 0 0 0 0 0 0 0 0 0 0 0 0 0 1 1 1 1 0 0 0 0 0 0 0 0 0 0 0 0 0 0 0 0 0 0 0 0 0 0 0 0 1 0 1 1 1 1 1 1 1 9 255 255 36 1 1 1 1 1 1 1 1 2 3 4 8 90 205 102 1 1 1 1 0
1 1 0 1 1 1 1 1 1 1 1 1 1 171 223 7 3 5 8 16 26 48 95 156 227 255 255 240 17 9 3 1 1 2 1 4 12 1 0 0 0 1 15 1 0 0 1 2 235 7 3 2 1 1 1 1 0 0 1 0 1 2 1 1 1 1 1 1 1 1 1 1 1 1 110 255 255 1 1 0 0 0 0 0 0 1 0 0 0 0 0 0 0 0 0 0 0 0 0 0 0 0 0 1 0 0 0 0 0 0 0 1 1 1 1 5 70 94 49 2 1 1 1 0 0 0 0 0 0 0 0 0 0 0 0 0 0 0 0 0 0 0 0 0 0 0 0 0 0 0 0 0 0 0 0 0 0 0 0 0 1 1 1 1 1 0 0 1 1 1 1 0 0 0 0 0 0 0 0 0 0 0 0 0 0 0 0 0 0 0 0 0 0 0 0 0 1 1 0 1 106 1 1 0 0 0 0 0 0 0 0 1 1 1 1 1 1 1 1 1 27 3 1 0 0 0 0 0 0 0 0 0 0 0 0 0 0 0 0 0 0 0 0 0 0 0 0 0 0 0 0 0 0 0 0 0 0 0 0 0 0 0 0 1 3 44 6 1 0 0 0 0 0 0 0 0 0 0 0 0 0 0 0 0 0 0 0 0 0 1 1 1 1 1 0 0 0 0 0 0 0 0 0 0 0 0 0 0 0 0 0 0 0 0 0 0 0 0 0 1 1 0 1 1 255 255 1 1 1 1 0 0 0 1 0 0 1 0 0 0 0 0 0 1 1 1 6 1 1 1 0 0 0 0 0 1 6 1 1 10 1 1 0 1 1 1 0 0 0 0 0 1 1 1 1 1 0 0 1 0 0 0 0 0 1 0 0 0 0 0 0 0 0 0 0 0 0 0 0 0 0 0 0 0 0 0 0 0 0 0 0 0 0 0 0 0 0 0 0 0 0 1 1 1 1 1 44 233 255 227 18 1 1 0 0 0 0 0 0 0 0 0 0 0 0 0 0 0 0 0 0 0 0 0 1 1 1 0 0 0 0 0 0 0 0 0 0 0 0 0 0 0 0 0 0 0 0 0 1 1 0 1 1 1 1 1 1 125 255 255 2 1 1 1 1 1 1 3 98 204 212 212 212 210 165 7 1 1 1 1 0 1
1 1 1 1 0 1 1 1 1 0 1 0 1 224 164 1 1 0 0 0 0 0 0 1 1 1 6 255 243 19 10 2 2 1 5 7 1 0 0 0 0 1 15 1 0 1 1 103 193 3 5 6 7 7 7 6 1 1 1 1 1 1 2 1 1 1 1 1 1 1 1 0 1 1 182 255 252 1 1 0 0 0 0 0 1 1 0 0 0 0 0 0 0 0 0 0 0 0 0 0 0 0 1 1 0 0 0 0 0 0 0 0 1 1 1 1 1 1 33 92 67 3 1 1 0 0 0 0 0 0 0 0 0 0 0 0 0 0 0 0 0 0 0 0 0 0 0 0 0 0 0 0 0 0 0 0 0 0 0 1 1 1 1 1 0 0 0 0 1 1 1 1 0 0 0 0 0 0 0 0 0 0 0 0 0 0 0 0 0 0 0 0 0 0 0 1 1 1 0 1 104 1 0 0 0 0 0 0 0 0 0 0 0 0 0 0 0 0 0 1 1 27 3 0 0 0 0 0 0 0 0 0 0 0 0 0 0 0 0 0 0 0 0 0 0 0 0 0 0 0 0 0 0 0 0 0 0 0 0 0 0 0 1 7 41 1 0 0 0 0 0 0 0 0 0 0 0 0 0 0 0 0 0 0 0 0 0 0 1 1 1 1 1 1 1 1 1 1 0 0 0 0 0 0 0 0 0 0 0 0 0 0 0 0 0 0 0 0 0 1 1 0 1 1 255 255 1 1 1 1 0 0 0 1 0 0 1 0 0 0 0 0 0 0 0 2 3 1 1 0 0 0 0 0 0 1 5 1 2 8 1 1 0 0 0 0 1 1 1 0 0 0 0 0 0 0 0 0 1 0 0 0 0 0 1 0 0 0 0 0 0 0 0 0 0 0 0 0 0 0 0 0 0 0 0 0 0 0 0 0 0 0 0 0 0 0 0 0 0 0 0 0 0 0 1 1 1 1 23 221 255 237 41 1 1 0 0 1 1 1 0 0 0 0 0 0 0 0 0 0 0 0 0 0 0 0 1 1 1 0 0 0 0 0 0 0 0 0 0 0 0 0 0 0 0 0 0 0 0 0 1 1 1 1 1 1 251 255 212 1 1 1 1 1 1 2 83 204 157 15 3 2 1 1 1 1 1 1 1 1 1 0
1 1 0 0 1 1 1 0 0 0 1 0 1 244 81 1 1 0 0 0 0 0 0 0 0 0 1 3 252 244 4 4 1 4 7 1 0 0 0 0 0 1 15 1 1 1 55 218 7 1 0 0 1 1 1 1 5 3 1 0 0 1 1 1 1 1 1 1 1 1 1 0 1 1 255 255 122 1 1 0 0 0 0 0 1 0 0 0 0 0 0 0 0 0 0 0 0 0 0 0 0 0 1 0 0 0 0 0 0 0 0 0 0 0 1 1 1 1 1 1 18 88 75 5 1 1 0 0 0 0 0 0 0 0 0 0 0 0 0 0 0 0 0 0 0 0 0 0 0 0 0 0 0 0 0 0 0 0 1 1 0 0 1 1 1 0 0 0 0 0 1 1 1 1 1 1 1 1 1 1 1 1 0 0 0 0 0 0 0 0 0 0 0 0 1 1 1 0 0 3 99 1 0 0 0 0 0 0 0 0 0 0 0 0 0 0 0 0 0 0 1 1 29 2 0 0 0 0 0 0 0 0 0 0 0 0 0 0 0 0 0 0 0 0 0 0 0 0 0 0 0 0 0 0 0 0 0 0 0 0 0 1 12 31 1 0 0 0 0 0 0 0 0 0 0 0 0 0 0 0 0 0 0 0 0 0 1 1 1 1 0 0 1 1 1 1 1 1 1 1 1 0 0 0 0 0 0 0 0 0 0 0 0 0 0 0 0 0 1 1 1 0 1 1 255 255 1 1 1 1 0 0 1 1 0 0 1 0 0 0 0 0 0 0 1 5 1 1 0 0 0 0 0 0 0 5 2 1 9 1 1 1 0 0 0 0 0 0 1 0 0 0 0 0 0 0 0 0 1 0 0 0 0 0 1 0 0 0 0 0 0 0 0 0 0 0 0 0 0 0 0 0 0 0 0 0 0 0 0 0 0 0 0 0 0 0 0 0 0 0 0 0 0 0 0 1 1 1 1 1 10 199 254 244 72 1 1 1 0 1 1 1 0 0 0 0 0 0 0 0 0 0 0 0 0 0 0 0 1 1 1 0 0 0 0 0 0 0 0 0 0 0 0 0 0 0 0 0 1 1 1 1 1 1 8 255 255 34 1 1 1 1 1 2 61 200 170 9 1 1 1 1 1 1 1 1 1 1 1 0 0 0
0 0 0 1 1 1 1 0 0 0 1 1 1 252 28 1 1 0 0 0 0 0 0 0 0 0 0 1 3 247 244 6 8 9 1 0 0 0 0 1 1 4 74 78 124 203 218 15 1 1 0 1 1 0 0 1 1 3 3 1 0 1 1 2 1 1 1 1 1 1 0 1 1 1 255 255 15 1 1 0 0 0 0 0 1 0 0 0 0 0 0 0 0 0 0 0 0 0 0 0 0 0 1 0 0 0 0 0 0 0 0 0 0 0 0 0 1 1 1 1 1 1 10 84 73 3 1 1 0 0 0 0 0 0 0 0 0 0 0 0 0 0 0 0 0 0 0 0 0 0 0 0 0 0 0 0 0 0 0 1 0 0 0 1 1 1 0 0 0 0 0 0 0 0 0 0 0 1 1 1 1 1 1 1 1 1 1 1 1 1 1 0 0 1 1 1 1 0 1 9 88 1 0 0 0 0 0 0 0 0 0 0 0 0 0 0 0 0 0 0 0 1 2 30 1 0 0 0 0 0 0 0 0 0 0 0 0 0 0 0 0 0 0 0 0 0 0 0 0 0 0 0 0 0 0 0 0 0 0 0 1 18 23 1 0 0 0 0 0 0 0 0 0 0 0 0 0 0 0 0 0 0 0 0 0 1 1 1 1 0 0 0 0 0 0 1 1 1 1 1 1 1 1 0 0 0 0 0 0 0 0 0 0 0 0 0 0 0 1 0 1 1 1 1 255 255 1 1 1 0 0 0 0 1 0 0 1 0 0 0 0 0 0 1 1 6 1 1 1 0 0 0 0 0 1 7 1 1 9 1 1 1 0 0 0 0 0 0 0 0 0 0 0 0 0 0 0 0 1 0 0 0 0 0 1 0 0 0 0 0 0 0 0 0 0 0 0 0 0 0 0 0 0 0 0 0 0 0 0 0 0 0 0 0 0 0 0 0 0 0 0 0 0 0 0 0 0 1 1 1 1 1 4 172 254 251 105 1 1 1 0 1 1 1 0 0 0 0 0 0 0 0 0 0 0 0 0 0 0 0 1 1 1 1 0 0 0 0 0 0 0 0 0 0 0 0 0 1 1 1 1 1 1 122 255 255 2 1 1 1 1 1 18 184 182 18 1 1 1 1 1 1 1 1 1 1 1 0 0 0 0 0
1 1 1 1 1 1 0 0 0 0 1 1 1 252 10 1 0 0 0 0 0 0 0 0 0 0 0 0 1 3 243 249 23 1 0 0 0 0 1 51 215 233 227 212 180 85 2 1 1 0 1 1 1 0 0 1 1 1 2 4 1 1 1 1 2 1 1 1 1 1 1 1 1 2 255 255 2 1 1 0 0 0 0 0 1 0 0 0 0 0 0 0 0 0 0 0 0 0 0 0 0 0 1 0 0 0 0 0 0 0 0 0 0 0 0 0 0 1 1 1 1 1 1 1 13 89 61 2 1 1 0 0 0 0 0 0 0 0 0 0 0 0 0 0 0 0 0 0 0 0 0 0 0 0 0 0 0 0 0 1 1 0 0 0 1 1 0 0 0 0 0 0 0 0 0 0 0 0 0 0 0 0 1 1 1 1 1 1 1 1 1 1 1 1 1 1 0 0 1 28 69 1 0 0 0 0 0 0 0 0 0 0 0 0 0 0 0 0 0 0 0 0 1 8 19 1 0 0 0 0 0 0 0 0 0 0 0 0 0 0 0 0 0 0 0 0 0 0 0 0 0 0 0 0 0 0 0 0 0 1 23 17 1 0 0 0 0 0 0 0 0 0 0 0 0 0 0 0 0 0 0 0 0 0 1 1 1 1 0 0 0 0 0 0 0 0 0 0 1 1 1 1 1 1 0 0 0 0 0 0 0 0 0 0 0 0 0 0 1 0 1 1 1 1 255 255 1 1 1 1 1 0 0 1 0 0 1 0 0 0 0 0 0 1 1 5 1 1 0 0 0 0 0 0 3 2 1 6 2 1 0 1 0 0 0 0 0 0 0 0 0 0 0 0 0 0 0 0 1 0 0 0 0 1 1 0 0 0 0 0 0 0 0 0 0 0 0 0 0 0 0 0 0 0 0 0 0 0 0 0 0 0 0 0 0 0 0 0 0 0 0 0 0 0 0 0 0 0 0 0 1 1 1 1 2 138 253 253 145 1 1 1 0 1 1 0 0 0 0 0 0 0 0 0 0 0 0 0 0 0 0 0 0 1 1 1 0 0 0 0 0 0 0 0 0 0 1 1 1 1 1 1 251 255 214 1 1 1 1 1 2 96 200 55 1 1 1 1 1 1 1 1 1 0 0 0 0 0 0 0 0 0
1 0 0 0 1 1 0 0 0 0 1 1 1 253 4 1 0 0 0 0 0 0 0 0 0 0 0 0 0 1 2 233 252 10 1 1 1 1 103 215 63 2 6 1 1 1 1 1 0 1 1 0 0 0 0 1 1 0 1 3 2 0 1 1 1 1 1 1 1 1 1 1 1 3 255 255 1 1 1 0 0 0 0 1 0 0 0 0 0 0 0 0 0 0 0 0 0 0 0 0 0 1 1 0 0 0 0 0 0 0 0 0 0 0 0 0 0 0 1 1 0 1 1 1 1 1 23 92 69 3 1 1 0 0 0 0 0 0 0 0 0 0 0 0 0 0 0 0 0 0 0 0 0 0 0 0 0 0 0 0 1 1 0 0 0 1 1 0 0 0 0 0 0 0 0 0 0 0 0 0 0 0 0 0 0 0 0 0 0 0 0 0 1 1 1 1 1 1 1 78 18 1 0 0 0 0 0 0 0 0 0 0 0 0 0 0 0 0 0 0 0 0 0 1 19 10 1 0 0 0 0 0 0 0 0 0 0 0 0 0 0 0 0 0 0 0 0 0 0 0 0 0 0 0 0 0 0 0 1 30 12 1 0 0 0 0 0 0 0 0 0 0 0 0 0 0 0 0 0 0 0 0 0 1 1 1 0 0 0 0 0 0 0 0 0 0 0 0 0 0 0 1 1 1 1 1 0 0 0 0 0 0 0 0 0 0 0 0 1 0 1 1 1 1 255 208 1 1 1 1 1 1 1 1 1 1 1 1 1 1 1 1 1 1 1 5 1 1 1 1 0 0 0 1 7 1 1 9 1 1 1 1 0 0 0 0 0 0 0 0 0 0 0 0 0 0 0 0 1 0 0 0 0 1 0 0 0 0 0 0 0 0 0 0 0 0 0 0 0 0 0 0 0 0 0 0 0 0 0 0 0 0 0 0 0 0 0 0 0 0 0 0 0 0 0 0 0 0 0 0 0 1 1 1 1 1 1 99 250 254 190 4 1 1 1 0 0 0 0 0 0 0 0 0 0 0 0 0 0 0 0 0 0 0 0 1 1 1 0 0 0 0 0 0 0 1 1 1 1 1 7 255 255 35 1 1 1 1 1 5 163 157 3 1 1 1 1 1 1 1 1 0 0 0 0 0 0 0 0 0 0 0
1 0 0 0 1 1 0 0 0 0 1 1 1 253 2 1 0 0 0 0 0 0 0 0 0 0 0 0 0 0 1 2 219 255 22 1 1 83 200 5 1 1 1 4 1 1 1 1 1 1 0 0 0 0 1 1 0 0 0 1 6 1 1 0 1 2 1 1 1 1 1 1 1 9 255 255 1 1 1 0 0 0 0 1 0 0 0 0 0 0 0 0 0 0 0 0 0 0 0 0 0 1 0 0 0 0 0 0 0 0 0 0 0 0 0 0 0 0 0 0 0 0 0 1 1 1 1 1 15 86 79 7 1 1 0 0 0 0 0 0 0 0 0 0 0 0 0 0 0 0 0 0 0 0 0 0 0 0 0 0 1 1 0 0 0 0 1 1 0 0 0 0 0 0 0 0 0 0 0 0 0 0 0 0 0 0 0 0 0 0 0 1 1 0 1 1 1 1 1 104 1 0 0 0 0 0 0 0 0 0 0 0 0 0 0 0 0 0 0 0 0 0 0 1 1 16 20 1 1 0 0 0 0 0 0 0 0 0 0 0 0 0 0 0 0 0 0 0 0 0 0 0 0 0 0 0 0 1 39 8 1 0 0 0 0 0 0 0 0 0 0 0 0 0 0 0 0 0 0 0 0 0 1 1 1 0 0 0 0 0 0 0 0 0 0 0 0 0 0 0 0 0 0 1 1 1 1 1 0 0 0 0 0 0 0 0 0 0 1 0 1 1 1 4 255 100 1 1 1 0 0 0 1 0 0 0 0 0 1 1 1 1 5 4 5 3 1 1 1 0 0 0 0 2 4 1 3 4 1 1 1 1 0 0 0 0 0 0 0 0 0 0 0 0 0 0 0 0 1 0 0 0 1 1 0 0 0 0 0 0 0 0 0 0 0 0 0 0 0 0 0 0 0 0 0 0 0 0 0 0 0 0 0 0 0 0 0 0 0 0 0 0 0 0 0 0 0 0 0 0 0 0 0 1 1 1 1 1 1 55 240 255 225 15 1 1 0 0 0 0 0 0 0 0 0 0 0 0 0 0 0 0 0 0 0 0 0 1 1 1 0 0 0 1 1 1 1 1 1 123 255 255 2 1 1 1 1 1 34 197 89 1 1 1 1 1 1 1 1 0 0 0 0 0 0 0 0 0 0 0 0 0
1 1 1 1 1 1 1 1 1 1 1 1 3 253 1 1 0 0 0 0 0 0 0 0 0 0 0 0 0 0 0 0 1 193 255 131 83 210 8 1 1 0 1 3 2 1 0 0 0 1 1 0 0 0 1 1 0 0 0 1 2 4 0 0 1 1 2 1 1 1 1 1 1 86 255 255 1 1 0 0 0 0 1 1 0 0 0 0 0 0 0 0 0 0 0 0 0 0 0 0 0 1 0 0 0 0 0 0 0 0 0 0 0 0 0 0 0 0 0 0 0 0 0 0 0 0 1 1 1 1 8 81 88 15 1 1 1 0 0 0 0 0 0 0 0 0 0 0 0 0 0 0 0 0 0 0 0 0 0 0 0 1 1 0 0 0 1 1 1 0 0 0 0 0 0 0 0 0 0 0 0 0 0 0 0 0 0 0 0 0 0 1 1 1 1 1 1 1 7 93 1 1 0 0 0 0 0 0 0 0 0 0 0 0 0 0 0 0 0 0 0 0 0 0 1 1 6 28 1 1 0 0 0 0 0 0 0 0 0 0 0 0 0 0 0 0 0 0 0 0 0 0 0 0 0 0 3 43 3 1 0 0 0 0 0 0 0 0 0 0 0 0 0 0 0 0 0 0 0 0 0 1 1 1 0 0 0 0 0 0 0 0 0 0 0 0 0 0 0 0 0 0 0 0 0 1 1 1 1 1 0 0 0 0 0 0 0 0 1 0 1 1 1 16 255 31 1 1 1 0 0 0 1 0 0 0 0 0 0 0 0 1 2 1 1 1 1 1 0 0 0 0 1 6 1 1 9 1 0 1 1 0 1 0 0 0 0 0 0 0 0 0 0 0 0 0 0 0 1 0 0 0 1 1 0 0 0 0 0 0 0 0 0 0 0 0 0 0 0 0 0 0 0 0 0 0 0 0 0 0 0 0 0 0 0 0 0 0 0 0 0 0 0 0 0 0 0 0 0 0 0 0 0 0 0 0 1 1 1 1 1 18 223 255 241 56 1 1 0 0 0 0 0 0 0 0 0 0 0 0 0 0 0 0 0 0 0 0 0 1 1 1 1 1 1 1 1 1 253 255 215 1 1 1 1 1 2 108 192 19 1 1 1 1 1 1 1 0 0 0 0 0 0 0 0 0 0 0 0 0 0 0
0 0 0 0 0 1 1 0 0 0 1 1 9 252 1 1 1 1 1 0 0 0 0 0 0 0 0 0 0 0 0 0 0 1 108 255 252 12 1 1 1 0 1 1 4 1 0 0 0 1 1 1 1 0 1 0 0 0 0 1 2 4 1 0 1 1 1 1 1 1 1 1 1 255 255 90 1 1 0 0 0 0 1 0 0 0 0 0 0 0 0 0 0 0 0 0 0 0 0 0 0 0 0 0 0 0 0 0 0 0 0 0 0 0 0 0 0 0 0 0 0 0 0 0 0 0 0 0 0 1 1 1 3 70 93 34 1 1 1 0 0 0 0 0 0 0 0 0 0 0 0 0 0 0 0 0 0 0 0 0 0 0 1 1 0 0 0 1 1 1 0 0 0 0 0 0 0 0 0 0 0 0 0 0 0 0 0 0 0 0 1 1 0 1 1 1 1 2 78 18 1 0 0 0 0 0 0 0 0 0 0 0 0 0 0 0 0 0 0 0 0 0 0 0 0 1 1 3 27 1 0 0 0 0 0 0 0 0 0 0 0 0 0 0 0 0 0 0 0 0 0 0 0 0 1 7 41 1 0 0 0 0 0 0 0 0 0 0 0 0 0 0 0 0 0 0 0 0 0 0 1 1 1 0 0 0 0 0 0 0 0 0 0 0 0 0 0 0 0 0 0 0 0 0 0 0 0 1 1 1 1 1 1 1 1 1 1 1 1 1 1 1 1 69 255 9 1 1 1 0 0 0 1 0 0 0 0 0 0 0 0 1 1 1 1 1 1 1 1 0 0 1 1 6 1 2 6 1 0 0 0 0 1 0 0 0 0 0 0 0 0 0 0 0 0 0 0 0 1 0 0 1 1 0 0 0 0 0 0 0 0 0 0 0 0 0 0 0 0 0 0 0 0 0 0 0 0 0 0 0 0 0 0 0 0 0 0 0 0 0 0 0 0 0 0 0 0 0 0 0 0 0 0 0 0 0 0 0 1 1 1 1 1 4 182 254 251 114 1 1 0 0 0 0 0 0 0 0 0 0 0 0 0 0 0 0 0 0 0 1 1 1 1 1 1 1 9 255 255 34 1 1 1 1 1 7 173 150 2 1 1 1 1 1 1 0 0 0 0 0 0 0 0 0 0 0 0 0 0 0 0 0
0 0 0 0 0 1 1 0 0 0 1 1 13 252 1 1 0 0 1 1 1 1 1 1 1 1 0 0 0 0 0 0 0 0 1 5 249 68 1 1 1 0 0 0 3 2 0 0 0 0 0 0 1 1 1 0 0 0 0 1 3 1 3 1 1 1 1 2 1 1 1 1 1 255 255 2 1 1 0 0 0 1 1 0 0 0 0 0 0 0 0 0 0 0 0 0 0 0 0 0 0 0 0 0 0 0 0 0 0 0 0 0 0 0 0 0 0 0 0 0 0 0 0 0 0 0 0 0 0 0 0 0 1 1 1 48 93 63 3 1 1 0 0 0 0 0 0 0 0 0 0 0 0 0 0 0 0 0 0 0 0 0 1 1 0 0 0 0 0 1 1 0 0 0 0 0 0 0 0 0 0 0 0 0 0 0 0 0 0 1 1 0 1 1 1 1 4 77 45 1 0 0 0 0 0 0 0 0 0 0 0 0 0 0 0 0 0 0 0 0 0 0 0 0 0 0 1 1 28 3 1 0 0 0 0 0 0 0 0 0 0 0 0 0 0 0 0 0 0 0 0 0 0 1 14 31 1 0 0 0 0 0 0 0 0 0 0 0 0 0 0 0 0 0 0 0 0 0 0 1 1 1 0 0 0 0 0 0 0 0 0 0 0 0 0 0 0 0 0 0 0 0 0 0 0 0 0 0 0 1 1 1 1 1 1 1 1 1 1 1 1 1 1 168 255 4 1 1 1 0 0 0 1 0 0 0 0 0 0 0 0 0 0 1 1 1 1 1 1 1 1 1 5 2 1 7 1 1 0 0 0 0 0 0 0 0 0 0 0 0 0 0 0 0 0 0 0 0 1 0 0 1 1 0 0 0 0 0 0 0 0 0 0 0 0 0 0 0 0 0 0 0 0 0 0 0 0 0 0 0 0 0 0 0 0 0 0 0 0 0 0 0 0 0 0 0 0 0 0 0 0 0 0 0 0 0 0 0 0 0 1 1 1 1 1 1 125 251 254 176 4 1 1 0 0 0 0 0 0 0 0 0 0 0 0 0 0 0 1 1 1 1 1 1 1 133 255 255 2 1 1 1 1 1 45 198 77 1 1 1 1 1 1 0 0 0 0 0 0 0 0 0 0 0 0 0 0 0 0 0 0 0
0 0 0 0 0 0 1 0 0 0 1 1 10 252 1 1 0 0 0 0 0 0 0 0 0 1 1 0 0 0 0 0 0 0 0 1 73 244 29 1 1 1 0 1 5 1 0 0 0 0 0 0 1 1 1 1 0 0 1 2 2 1 1 2 1 1 1 1 1 1 1 1 5 255 255 1 1 1 0 0 0 1 0 0 0 0 0 0 0 0 0 0 0 0 0 0 0 0 0 0 0 0 0 0 0 0 0 0 0 0 0 0 0 0 0 0 0 0 0 0 0 0 0 0 0 0 0 0 0 0 0 0 0 0 0 1 1 21 88 85 15 1 1 1 0 0 0 0 0 0 0 0 0 0 0 0 0 0 0 0 0 0 0 1 1 0 0 0 0 1 1 1 0 0 0 0 0 0 0 0 0 0 0 0 0 0 0 1 1 1 1 1 1 1 1 36 91 18 1 0 0 0 0 0 0 0 0 0 0 0 0 0 0 0 0 0 0 0 0 0 0 0 0 0 0 0 0 1 10 15 1 0 0 0 0 0 0 0 0 0 0 0 0 0 0 0 0 0 0 0 0 0 1 23 21 1 0 0 0 0 0 0 0 0 0 0 0 0 0 0 0 0 0 0 0 0 0 1 1 1 1 0 0 0 0 0 0 0 0 0 0 0 0 0 0 0 0 0 0 0 0 0 0 0 0 0 0 0 0 0 0 0 0 1 1 1 1 1 1 0 1 1 1 251 255 2 1 1 1 0 0 0 1 0 0 0 0 0 0 0 0 0 0 1 1 0 1 1 1 1 1 1 7 1 2 6 1 0 0 0 0 0 0 0 0 0 0 0 0 0 0 0 0 0 0 0 0 0 1 0 1 1 0 0 0 0 0 0 0 0 0 0 0 0 0 0 0 0 0 0 0 0 0 0 0 0 0 0 0 0 0 0 0 0 0 0 0 0 0 0 0 0 0 0 0 0 0 0 0 0 0 0 0 0 0 0 0 0 0 0 0 0 1 1 1 1 1 1 68 243 255 222 15 1 1 0 0 0 0 0 0 0 0 0 0 0 0 1 1 1 1 1 1 1 254 255 206 1 1 1 1 1 2 116 190 12 1 1 1 1 1 1 0 0 0 0 0 0 0 0 0 0 0 0 0 0 0 0 0 0 0 0
0 0 0 0 0 0 1 1 0 0 1 1 5 252 1 1 0 0 0 0 0 0 0 0 0 0 1 1 0 0 0 0 0 0 0 0 1 104 243 36 1 1 1 2 2 1 1 0 0 0 1 1 1 0 0 1 1 1 1 3 1 1 1 2 1 1 1 1 2 1 1 1 154 255 255 1 1 1 0 0 1 1 0 0 0 0 0 0 0 0 0 0 0 0 0 0 0 0 0 0 0 0 0 0 0 0 0 0 0 0 0 0 0 0 0 0 0 0 0 0 0 0 0 0 0 0 0 0 0 0 0 0 0 0 0 0 0 0 1 5 69 94 46 2 1 1 0 0 0 0 0 0 0 0 0 0 0 0 0 0 0 0 0 1 1 1 1 1 1 1 0 1 1 0 0 0 0 0 0 0 0 0 0 0 0 0 1 1 1 1 1 1 1 11 87 61 2 1 0 0 0 0 0 0 0 0 0 0 0 0 0 0 0 0 0 0 0 0 0 0 0 0 0 0 0 0 0 0 10 16 1 0 0 0 0 0 0 0 0 0 0 0 0 0 0 0 0 0 0 0 0 1 31 12 1 0 0 0 0 0 0 0 0 0 0 0 0 0 0 0 0 0 0 0 0 0 1 1 1 1 0 0 0 0 0 0 0 0 0 0 0 0 0 0 0 0 0 0 0 0 0 0 0 0 0 0 0 0 0 0 0 0 0 0 0 0 0 0 1 0 1 1 1 255 255 1 1 1 1 0 0 0 1 0 0 0 0 0 0 0 0 0 0 0 1 1 0 1 1 1 1 1 4 3 5 2 1 0 0 0 0 0 0 0 0 0 0 0 0 0 0 0 0 0 0 0 0 0 1 1 1 1 0 0 0 0 0 0 0 0 0 0 0 0 0 0 0 0 0 0 0 0 0 0 0 0 0 0 0 0 0 0 0 0 0 0 0 0 0 0 0 0 0 0 0 0 0 0 0 0 0 0 0 0 0 0 0 0 0 0 0 0 0 0 0 1 1 1 1 1 21 225 255 241 63 1 1 0 0 0 0 0 0 0 0 0 1 1 1 1 1 1 11 255 255 26 1 1 1 1 1 8 175 141 2 1 1 1 1 1 1 0 0 0 0 0 0 0 0 0 0 0 0 0 0 0 0 0 0 0 0 0
0 0 0 0 0 0 1 1 0 1 1 1 2 252 1 1 0 0 0 0 0 0 0 0 0 0 0 1 1 1 0 0 0 0 0 0 0 1 92 243 49 1 1 5 1 0 1 0 0 0 1 1 0 0 0 0 1 1 2 2 0 1 0 1 3 1 1 1 1 2 1 1 255 255 13 1 1 1 0 0 1 0 0 0 0 0 0 0 0 0 0 0 0 0 0 0 0 0 0 1 0 0 0 0 0 0 0 0 0 0 0 0 0 0 0 0 0 0 0 0 0 0 0 0 0 0 0 0 0 0 0 0 0 0 0 0 0 0 0 0 1 1 36 92 80 11 1 1 1 0 0 0 0 0 0 0 0 0 0 0 0 0 0 0 1 1 0 0 0 0 0 0 1 1 1 0 0 0 0 0 0 0 0 0 1 1 1 1 1 1 1 5 68 86 9 1 1 0 0 0 0 0 0 0 0 0 0 0 0 0 0 0 0 0 0 0 0 0 0 0 0 0 0 0 0 0 0 1 2 31 1 1 1 1 1 0 0 0 0 0 0 0 0 0 0 0 0 0 0 0 1 38 7 1 0 0 0 0 0 0 0 0 0 0 0 0 0 0 0 0 0 0 0 0 0 1 1 1 1 0 0 0 0 0 0 0 0 0 0 0 0 0 0 0 0 0 0 0 0 0 0 0 0 0 0 0 0 0 0 0 0 0 0 0 0 0 0 0 1 0 1 1 1 255 255 1 1 1 1 0 0 1 1 0 0 0 0 0 0 0 0 0 0 0 0 1 0 1 1 1 1 0 1 2 4 10 4 1 1 1 1 0 0 0 0 0 0 0 0 0 0 0 1 0 0 0 0 1 1 1 1 0 0 0 0 0 0 0 0 0 0 0 0 0 0 0 0 0 0 0 0 0 0 0 0 0 0 0 0 0 0 0 0 0 0 0 0 0 0 0 0 0 0 0 0 0 0 0 0 0 0 0 0 0 0 0 0 0 0 0 0 0 0 0 0 0 0 1 1 1 1 1 4 180 254 251 125 2 1 1 0 0 0 1 1 0 1 1 1 1 1 150 255 255 1 1 1 1 1 1 52 200 70 1 1 1 1 1 1 1 1 0 0 0 0 0 0 0 0 0 0 0 0 0 0 0 0 0 0 0 0 0
0 0 0 0 0 0 0 1 0 1 1 1 2 253 1 0 0 0 0 0 0 0 0 0 0 0 0 0 0 1 1 0 0 0 0 0 0 1 1 74 244 66 1 5 1 0 1 1 0 1 1 0 0 0 0 1 1 1 3 1 0 0 1 1 1 2 1 1 1 1 1 3 255 255 1 1 1 0 0 1 0 0 0 0 0 0 0 0 0 0 0 0 0 0 0 0 0 0 0 1 0 0 0 0 0 0 0 0 0 0 0 0 0 0 0 0 0 0 0 0 0 0 0 0 0 0 0 0 0 0 0 0 0 0 0 0 0 0 0 0 0 0 0 1 7 75 93 48 2 1 1 0 0 0 0 0 0 0 0 0 0 0 0 0 0 1 1 0 0 0 0 0 0 1 1 0 0 0 0 0 0 0 0 1 1 1 1 1 1 10 78 94 28 1 1 0 0 0 0 0 0 0 0 0 0 0 0 0 0 0 0 0 0 0 0 0 0 0 0 0 0 0 0 0 0 0 1 1 1 20 6 1 1 1 1 0 0 0 0 0 0 0 0 0 0 0 0 0 1 2 43 3 0 0 0 0 0 0 0 0 0 0 0 0 0 0 0 0 0 0 0 0 0 0 1 1 1 1 0 0 0 0 0 0 0 0 0 0 0 0 0 0 0 0 0 0 0 0 0 0 0 0 0 0 0 0 0 0 0 0 0 0 0 0 0 0 0 0 1 0 1 1 1 255 255 1 1 1 1 0 0 1 0 0 0 0 0 0 0 0 0 0 0 0 0 1 0 1 1 0 0 0 0 0 1 1 4 7 3 1 1 0 0 0 0 0 0 0 0 0 0 1 1 0 0 1 1 1 1 0 0 0 0 0 0 0 0 0 0 0 0 0 0 0 0 0 0 0 0 0 0 0 0 0 0 0 0 0 0 0 0 0 0 0 0 0 0 0 0 0 0 0 0 0 0 0 0 0 0 0 0 0 0 0 0 0 0 0 0 0 0 0 0 0 0 0 0 0 0 1 1 1 1 1 1 116 251 254 185 7 1 1 0 1 1 1 1 1 1 1 255 255 195 1 1 1 1 1 2 126 186 10 1 1 1 1 1 0 1 1 0 0 0 0 0 0 0 0 0 0 0 0 0 0 0 0 0 0 0 0 0 0
0 0 0 0 0 0 0 1 0 1 1 1 2 253 1 1 1 0 0 0 0 0 0 0 0 0 0 0 0 0 1 1 0 0 0 0 0 0 1 1 55 244 86 4 1 1 0 1 1 1 0 0 0 0 0 1 0 1 3 1 0 0 1 1 1 3 1 1 1 1 2 213 255 255 1 1 1 0 1 1 0 0 0 0 0 0 0 0 0 0 0 0 0 0 0 0 0 0 0 1 0 0 0 0 0 0 0 0 0 0 0 0 0 0 0 0 0 0 0 0 0 0 0 0 0 0 0 0 0 0 0 0 0 0 0 0 0 0 0 0 0 0 0 0 1 1 1 35 92 83 11 1 1 0 0 0 0 0 0 0 0 0 0 0 0 1 1 1 0 0 0 0 0 0 1 1 0 0 0 0 0 1 1 0 1 1 2 25 91 89 19 1 1 0 0 0 0 0 0 0 0 0 0 0 0 0 0 0 0 0 0 0 0 0 0 0 0 0 0 0 0 0 0 0 0 0 1 0 0 1 30 3 1 1 1 1 0 0 0 0 0 0 0 0 0 0 0 1 5 41 2 0 0 0 0 0 0 0 0 0 0 0 0 0 0 0 0 0 0 0 0 0 0 1 1 1 1 0 0 0 0 0 0 0 0 0 0 0 0 0 0 0 0 0 0 0 0 0 0 0 0 0 0 0 0 0 0 0 0 0 0 0 0 0 0 0 0 0 1 0 1 1 1 255 255 1 1 1 1 0 0 1 0 0 0 0 0 0 0 0 0 0 0 0 0 0 0 1 0 0 0 0 0 0 0 0 0 1 1 2 1 1 1 0 0 0 0 0 0 0 1 1 1 0 1 1 1 0 1 0 0 0 0 0 0 0 0 0 0 0 0 0 0 0 0 0 0 0 0 0 0 0 0 0 0 0 0 0 0 0 0 0 0 0 0 0 0 0 0 0 0 0 0 0 0 0 0 0 0 0 0 0 0 0 0 0 0 0 0 0 0 0 0 0 0 0 0 0 0 0 0 1 1 1 1 1 1 57 240 255 227 26 1 1 1 1 1 1 23 255 255 25 1 1 1 1 1 10 181 134 2 1 1 1 1 1 0 1 1 0 0 0 0 0 0 0 0 0 0 0 0 0 0 0 0 0 0 0 0 0 0 0
0 0 0 0 0 0 0 1 0 1 1 1 4 252 1 1 1 1 1 1 1 1 1 1 0 0 0 0 0 0 0 1 1 0 0 0 0 0 0 0 1 39 244 104 1 1 1 0 1 1 1 0 0 0 1 1 2 3 1 1 0 0 1 1 1 2 1 1 1 1 2 255 255 4 1 1 1 1 1 0 0 0 0 0 0 0 0 0 0 0 0 0 0 0 0 0 0 0 0 1 0 0 0 0 0 0 0 0 0 0 0 0 0 0 0 0 0 0 0 0 0 0 0 0 0 0 0 0 0 0 0 0 0 0 0 0 0 0 0 0 0 0 0 0 0 0 1 1 1 6 75 92 34 1 1 0 0 0 0 0 0 0 0 0 0 0 1 1 0 0 0 0 0 0 1 1 1 0 0 1 1 1 0 1 1 46 102 73 9 1 1 0 0 0 0 0 0 0 0 0 0 0 0 0 0 0 0 0 0 0 0 0 0 0 0 0 0 0 0 0 0 0 0 0 0 0 1 0 0 0 1 26 33 4 1 1 0 0 0 0 0 0 0 0 0 0 1 10 34 1 0 0 0 0 0 0 0 0 0 0 0 0 0 0 0 0 0 0 0 0 0 0 1 1 1 1 0 0 0 0 0 0 0 0 0 0 0 0 0 0 0 0 0 0 0 0 0 0 0 0 0 0 0 0 0 0 0 0 0 0 0 0 0 0 0 0 0 0 1 0 1 1 1 255 255 1 1 1 1 0 0 1 0 0 0 0 0 0 0 0 0 0 0 0 0 0 0 0 0 0 0 0 0 0 0 0 0 0 0 1 1 1 1 1 1 0 0 0 0 0 1 1 0 1 1 1 0 0 1 0 0 0 0 0 0 0 0 0 0 0 0 0 0 0 0 0 0 0 0 0 0 0 0 0 0 0 0 0 0 0 0 0 0 0 0 0 0 0 0 0 0 0 0 0 0 0 0 0 0 0 0 0 0 0 0 0 0 0 0 0 0 0 0 0 0 0 0 0 0 0 0 0 0 0 1 1 1 1 1 14 218 255 255 255 255 80 44 255 255 255 1 1 1 1 1 1 63 201 61 1 1 1 1 1 1 0 1 1 1 0 0 0 0 0 0 0 0 0 0 0 0 0 0 0 0 0 0 0 0 0 0 0
0 0 0 0 0 0 0 1 1 1 0 1 33 249 1 0 0 0 0 0 0 1 1 1 1 1 1 1 1 1 1 1 1 1 1 0 0 0 0 0 0 1 25 243 117 1 1 1 0 1 1 1 0 0 1 3 1 1 0 1 1 0 1 1 1 3 1 1 1 2 49 255 255 1 1 1 1 1 0 0 0 0 0 0 0 0 0 0 0 0 0 0 0 0 0 0 0 0 1 0 0 0 0 0 0 0 0 0 0 0 0 0 0 0 0 0 0 0 0 0 0 0 0 0 0 0 0 0 0 0 0 0 0 0 0 0 0 0 0 0 0 0 0 0 0 0 0 0 1 1 1 1 48 93 71 5 1 1 1 1 0 0 0 0 0 0 0 1 1 0 0 0 0 0 1 1 0 0 1 1 0 0 1 1 68 53 2 1 1 1 0 0 0 0 0 0 0 0 0 0 0 0 0 0 0 0 0 0 0 0 0 0 0 0 0 0 0 0 0 0 0 0 0 0 0 0 1 0 0 0 0 1 1 30 3 1 0 0 0 0 0 0 0 0 0 1 14 26 1 0 0 0 0 0 0 0 0 0 0 0 0 0 0 0 0 0 0 0 0 0 1 1 1 1 1 0 0 0 0 0 0 0 0 0 0 0 0 0 0 0 0 0 0 0 0 0 0 0 0 0 0 0 0 0 0 0 0 0 0 0 0 0 0 0 0 0 0 1 1 1 1 1 1 255 255 1 1 1 0 0 0 0 0 0 0 0 0 0 0 0 0 0 0 0 0 0 0 0 0 0 0 0 0 0 0 0 0 0 0 0 0 0 1 1 1 1 1 0 1 1 1 1 0 0 1 1 0 0 1 0 0 0 0 0 0 0 0 0 0 0 0 0 0 0 0 0 0 0 0 0 0 0 0 0 0 0 0 0 0 0 0 0 0 0 0 0 0 0 0 0 0 0 0 0 0 0 0 0 0 0 0 0 0 0 0 0 0 0 0 0 0 0 0 0 0 0 0 0 0 0 0 0 0 0 0 0 1 1 1 1 1 8 255 255 255 255 255 255 97 1 1 1 1 1 2 131 181 8 1 1 1 1 1 1 0 1 1 1 0 0 0 0 0 0 0 0 0 0 0 0 0 0 0 0 0 0 0 0 0 0 0 0
0 0 0 0 0 0 0 0 1 1 1 1 176 212 1 0 0 0 0 0 0 0 0 0 0 0 0 0 0 0 1 1 1 1 1 1 0 0 0 0 0 0 1 17 241 138 2 1 1 0 1 1 1 1 3 1 1 0 0 0 1 1 1 1 1 2 1 1 2 1 255 255 30 1 0 1 1 0 0 0 0 0 0 0 0 0 0 0 0 0 0 0 0 0 0 0 0 0 1 0 0 0 0 0 0 0 0 0 0 0 0 0 0 0 0 0 0 0 0 0 0 0 0 0 0 0 0 0 0 0 0 0 0 0 0 0 0 0 0 0 0 0 0 0 0 0 0 0 0 0 0 0 1 1 14 84 92 34 1 1 1 0 0 0 0 0 0 0 1 1 0 0 0 0 1 1 1 1 0 0 1 1 1 61 42 1 1 1 1 0 0 0 0 0 0 0 0 0 0 0 0 0 0 0 0 0 0 0 0 0 0 0 0 0 0 0 0 0 0 0 0 0 0 0 0 0 1 0 0 0 0 0 1 1 32 27 9 2 1 1 0 0 0 0 1 18 20 1 0 0 0 0 0 0 0 0 0 0 0 0 0 0 0 0 0 0 0 0 0 1 1 1 1 0 0 0 0 0 0 0 0 0 0 0 0 0 0 0 0 0 0 0 0 0 0 0 0 0 0 0 0 0 0 0 0 0 0 0 0 0 0 0 0 0 0 0 0 1 0 1 0 1 1 255 255 1 1 1 0 0 0 0 0 0 0 0 0 0 0 0 0 0 0 0 0 0 0 0 0 0 0 0 0 0 0 0 0 0 0 0 0 0 0 0 1 1 1 1 1 1 1 0 0 1 1 0 0 0 0 0 0 0 0 0 0 0 0 0 0 0 0 0 0 0 0 0 0 0 0 0 0 0 0 0 0 0 0 0 0 0 0 0 0 0 0 0 0 0 0 0 0 0 0 0 0 0 0 0 0 0 0 0 0 0 0 0 0 0 0 0 0 0 0 0 0 0 0 0 0 0 0 0 0 0 0 0 1 1 1 1 1 88 255 253 247 11 2 1 1 1 1 1 1 11 183 128 1 1 1 1 1 1 1 1 1 1 1 0 0 0 0 0 0 0 0 0 0 0 0 0 0 0 0 0 0 0 0 0 0 0 0 0
0 0 0 0 0 0 0 0 1 1 1 1 249 31 1 1 1 1 1 1 1 1 1 1 1 1 1 1 1 1 1 1 1 1 1 1 1 1 1 1 1 1 1 1 11 238 157 2 1 1 1 1 1 3 1 1 0 0 0 0 0 1 1 1 3 1 1 1 1 46 255 255 1 1 1 1 1 0 0 0 0 0 0 0 0 0 0 0 0 0 0 0 0 0 0 0 0 0 1 0 0 0 0 0 0 0 0 0 0 0 0 0 0 0 0 0 0 0 0 0 0 0 0 0 0 0 0 0 0 0 0 0 0 0 0 0 0 0 0 0 0 0 0 0 0 0 0 0 0 0 0 0 0 0 1 1 2 48 93 78 9 1 1 1 0 0 0 0 1 1 0 0 0 1 1 1 1 0 0 1 1 1 56 48 1 1 1 1 0 0 0 0 0 0 0 0 0 0 0 0 0 0 0 0 0 0 0 0 0 0 0 0 0 0 0 0 0 0 0 0 0 0 0 0 0 0 1 0 0 0 0 0 1 1 1 3 16 30 34 26 7 1 1 1 15 21 1 1 0 0 0 0 0 0 0 0 0 0 0 0 0 0 0 0 0 0 0 0 1 1 1 1 0 0 0 0 0 0 0 0 0 0 0 0 0 0 0 0 0 0 0 0 0 0 0 0 0 0 0 0 0 0 0 0 0 0 0 0 0 0 0 0 0 0 0 0 0 1 0 1 0 1 1 255 255 1 1 1 0 0 0 0 1 0 0 0 0 0 0 0 0 0 0 0 0 0 0 0 0 0 0 0 0 0 0 0 0 0 0 0 0 0 0 0 0 0 1 1 1 1 1 1 0 1 1 0 0 0 0 0 0 0 0 0 0 0 0 0 0 0 0 0 0 0 0 0 0 0 0 0 0 0 0 0 0 0 0 0 0 0 0 0 0 0 0 0 0 0 0 0 0 0 0 0 0 0 0 0 0 0 0 0 0 0 0 0 0 0 0 0 0 0 0 0 0 0 0 0 0 0 0 0 0 0 0 1 1 1 1 1 36 255 255 255 55 1 1 1 1 1 1 1 74 201 54 1 1 1 1 1 1 1 0 0 0 1 1 0 0 0 0 0 0 0 0 0 0 0 0 0 0 0 0 0 0 0 0 0 0 0 0 0
0 0 0 0 0 0 0 0 1 1 1 10 252 1 0 0 0 0 0 0 0 0 0 0 0 0 1 1 1 1 1 1 1 1 1 1 1 1 1 1 1 1 1 1 1 7 234 180 3 1 1 1 6 2 1 1 1 0 0 0 1 1 1 2 1 1 1 2 1 255 255 41 1 1 1 1 1 0 0 0 0 0 0 0 0 0 0 0 0 0 0 0 0 0 0 0 0 0 1 0 0 0 0 0 0 0 0 0 0 0 0 0 0 0 0 0 0 0 0 0 0 0 0 0 0 0 0 0 0 0 0 0 0 0 0 0 0 0 0 0 0 0 0 0 0 0 0 0 0 0 0 0 0 0 0 0 0 1 1 9 78 93 50 3 1 1 0 0 0 1 1 0 0 1 1 1 0 0 1 1 1 61 48 1 1 0 0 0 0 0 0 0 0 0 0 0 0 0 0 0 0 0 0 0 0 0 0 0 0 0 0 0 0 0 0 0 0 0 0 0 0 0 0 0 0 0 1 0 0 0 0 0 1 0 1 1 1 1 1 3 18 33 28 41 33 2 1 1 1 0 0 0 0 0 0 0 0 0 0 0 0 0 0 0 0 0 1 1 1 1 0 0 0 0 0 0 0 0 0 0 0 0 0 0 0 0 0 0 0 0 0 0 0 0 0 0 0 0 0 0 0 0 0 0 0 0 0 0 0 0 0 0 0 0 0 0 0 1 0 1 0 1 2 255 184 1 1 1 0 0 0 1 1 0 0 0 0 0 0 0 0 0 0 0 0 0 0 0 0 0 0 0 0 0 0 0 0 0 0 0 0 0 0 0 0 0 0 0 1 0 1 1 1 0 0 0 0 0 0 0 0 0 0 0 0 0 0 0 0 0 0 0 0 0 0 0 0 0 0 0 0 0 0 0 0 0 0 0 0 0 0 0 0 0 0 0 0 0 0 0 0 0 0 0 0 0 0 0 0 0 0 0 0 0 0 0 0 0 0 0 0 0 0 0 0 0 0 0 0 0 0 0 0 0 1 1 1 1 1 25 255 255 255 71 1 1 1 1 1 2 183 255 248 19 1 1 1 1 1 1 1 0 0 0 1 1 0 0 0 0 0 0 0 0 0 0 0 0 0 0 0 0 0 0 0 0 0 0 0 0 0 0
0 0 0 0 0 0 0 0 1 1 1 192 198 1 0 0 0 0 0 0 0 0 0 0 0 0 0 0 0 0 0 0 0 0 0 0 0 1 1 0 0 0 0 0 1 1 3 223 225 24 1 6 2 2 2 1 1 1 1 1 2 2 3 2 1 1 1 1 225 255 255 1 1 1 1 1 0 0 0 0 0 0 0 0 0 0 0 0 0 0 0 0 0 0 0 0 0 1 0 0 0 0 0 0 0 0 0 0 0 0 0 0 0 0 0 0 0 0 0 0 0 0 0 0 0 0 0 0 0 0 0 0 0 0 0 0 0 0 0 0 0 0 0 0 0 0 0 0 0 0 0 0 0 0 0 0 0 0 0 0 1 1 33 88 85 26 2 1 1 1 1 0 0 1 1 1 0 1 1 1 65 45 1 1 0 0 0 0 0 0 0 0 0 0 0 0 0 0 0 0 0 0 0 0 0 0 0 0 0 0 0 0 0 0 0 0 0 0 0 0 0 0 0 0 0 1 1 0 0 0 0 0 1 0 0 0 1 1 1 1 1 1 64 9 1 1 2 3 2 1 1 1 0 0 0 0 0 0 0 0 0 0 0 0 0 0 1 1 1 0 0 0 0 0 0 0 0 0 0 0 0 0 0 0 0 0 0 0 0 0 0 0 0 0 0 0 0 0 0 0 0 0 0 0 0 0 0 0 0 0 0 0 0 0 0 0 0 1 0 1 1 1 7 255 76 1 1 1 0 0 0 1 0 0 0 0 0 0 0 0 0 0 0 0 0 0 0 0 0 0 0 0 0 0 0 0 0 0 0 0 0 0 0 0 0 0 0 0 0 0 0 0 1 0 0 0 0 0 0 0 0 0 0 0 0 0 0 0 0 0 0 0 0 0 0 0 0 0 0 0 0 0 0 0 0 0 0 0 0 0 0 0 0 0 0 0 0 0 0 0 0 0 0 0 0 0 0 0 0 0 0 0 0 0 0 0 0 0 0 0 0 0 0 0 0 0 0 0 0 0 0 0 0 0 1 1 1 1 18 255 255 255 79 1 1 1 1 1 15 248 255 236 249 255 248 58 1 1 1 1 0 0 0 0 1 0 0 0 0 0 0 0 0 0 0 0 0 0 0 0 0 0 0 0 0 0 0 0 0 0 0 0
0 0 0 0 0 0 0 0 0 1 1 252 7 1 0 0 0 0 0 0 0 0 0 0 0 0 0 0 0 0 0 0 0 0 0 0 0 0 1 1 0 0 0 0 0 0 1 1 172 243 108 2 1 1 2 3 2 2 2 2 1 1 1 1 1 1 2 13 255 255 4 1 1 1 1 0 0 0 0 0 0 0 0 0 0 0 0 0 0 0 0 0 0 0 0 0 0 1 0 0 0 0 0 0 0 0 0 0 0 0 0 0 0 0 0 0 0 0 0 0 0 0 0 0 0 0 0 0 0 0 0 0 0 0 0 0 0 0 0 0 0 0 0 0 0 0 0 0 0 0 0 0 0 0 0 0 0 0 1 1 1 1 1 1 4 57 89 63 10 2 1 1 1 1 0 1 1 1 1 67 38 1 1 0 0 0 0 0 0 0 0 0 0 0 0 0 0 0 0 0 0 0 0 0 0 0 0 0 0 0 0 0 0 0 0 0 0 0 0 0 0 0 0 0 0 1 0 0 0 0 0 0 1 0 0 0 1 1 0 0 1 31 26 0 0 0 0 1 1 2 2 1 1 0 0 0 0 0 0 0 0 0 0 0 0 1 1 1 0 0 0 0 0 0 0 0 0 0 0 0 0 0 0 0 0 0 0 0 0 0 0 0 0 0 0 0 0 0 0 0 0 0 0 0 0 0 0 0 0 0 0 0 0 0 0 0 0 1 0 1 1 1 22 255 17 1 1 1 0 0 0 1 0 0 0 0 0 0 0 0 0 0 0 0 0 0 0 0 0 0 0 0 0 0 0 0 0 0 0 0 0 0 0 0 0 0 0 0 0 0 0 0 0 0 0 0 0 0 0 0 0 0 0 0 0 0 0 0 0 0 0 0 0 0 0 0 0 0 0 0 0 0 0 0 0 0 0 0 0 0 0 0 0 0 0 0 0 0 0 0 0 0 0 0 0 0 0 0 0 0 0 0 0 0 0 0 0 0 0 0 0 0 0 0 0 0 0 0 0 0 0 0 0 1 1 1 1 13 255 254 255 111 1 1 1 1 1 111 255 237 107 21 1 7 196 255 255 155 3 1 1 0 0 1 1 0 0 0 0 0 0 0 0 0 0 0 0 0 0 0 0 0 0 0 0 0 0 0 0 0 0 0
0 0 0 0 0 0 0 0 1 1 11 252 1 0 0 0 0 0 0 0 0 0 0 0 0 0 0 0 0 0 0 0 0 0 0 0 0 0 0 1 1 0 0 0 0 0 0 1 1 104 244 56 1 1 1 1 1 1 1 1 1 1 1 1 1 2 2 255 255 153 1 1 1 1 0 1 0 0 0 0 0 0 0 0 0 0 0 0 0 0 0 0 0 0 0 0 0 1 0 0 0 0 0 0 0 0 0 0 0 0 0 0 0 0 0 0 0 0 0 0 0 0 0 0 0 0 0 0 0 0 0 0 0 0 0 0 0 0 0 0 0 0 0 0 0 0 0 0 0 0 0 0 0 0 0 0 0 0 0 0 1 1 0 0 0 0 1 19 74 85 36 2 1 1 0 1 1 1 65 37 1 1 1 0 0 0 0 0 0 0 0 0 0 0 0 0 0 0 0 0 0 0 0 0 0 0 0 0 0 0 0 0 0 0 0 0 0 0 0 0 0 0 0 0 0 1 0 0 0 0 0 0 1 0 0 1 0 1 0 1 14 48 1 0 0 0 0 0 0 0 1 1 1 1 1 1 0 0 0 0 0 0 0 1 1 1 1 0 0 0 0 0 0 0 0 0 0 0 0 0 0 0 0 0 0 0 0 0 0 0 0 0 0 0 0 0 0 0 0 0 0 0 0 0 0 0 0 0 0 0 0 0 0 0 0 0 0 1 0 1 1 1 84 255 4 1 1 1 0 0 0 1 0 0 0 0 0 0 0 0 0 0 0 0 0 0 0 0 0 0 0 0 0 0 0 0 0 0 0 0 0 0 0 0 0 0 0 0 0 0 0 0 0 0 0 0 0 0 0 0 0 0 0 0 0 0 0 0 0 0 0 0 0 0 0 0 0 0 0 0 0 0 0 0 0 0 0 0 0 0 0 0 0 0 0 0 0 0 0 0 0 0 0 0 0 0 0 0 0 0 0 0 0 0 0 0 0 0 0 0 0 0 0 0 0 0 0 0 0 0 0 0 0 1 1 1 11 255 251 245 254 14 1 1 1 2 219 255 177 101 13 1 1 1 1 1 106 253 255 229 22 1 1 1 0 0 0 0 0 0 0 0 0 0 0 0 0 0 0 0 0 0 0 0 0 0 0 0 0 0 0 0
0 0 0 0 0 0 0 0 1 1 186 209 1 0 0 0 0 0 0 0 0 0 0 0 0 0 0 0 0 0 0 0 0 0 0 0 0 0 0 0 1 1 0 0 0 0 0 0 1 1 95 247 15 1 1 1 1 1 1 1 1 2 2 2 2 2 255 255 255 1 1 1 1 1 0 1 1 0 0 0 0 0 0 0 0 0 0 0 0 0 0 0 0 0 0 0 0 1 0 0 0 0 0 0 0 0 0 0 0 0 0 0 0 0 0 0 0 0 0 0 0 0 0 0 0 0 0 0 0 0 0 0 0 0 0 0 0 0 0 0 0 0 0 0 0 0 0 0 0 0 0 0 0 0 0 0 0 0 0 0 0 1 1 0 0 0 0 1 1 1 42 72 5 1 1 1 1 59 39 1 1 0 1 0 0 0 0 0 0 0 0 0 0 0 0 0 0 0 0 0 0 0 0 0 0 0 0 0 0 0 0 0 0 0 0 0 0 0 0 0 0 0 0 0 0 1 0 0 0 0 0 1 1 0 1 1 0 1 3 46 41 1 0 0 0 0 0 0 0 0 0 0 1 1 1 1 1 1 1 0 0 0 1 1 1 0 0 0 0 0 0 0 0 0 0 0 0 0 0 0 0 0 0 0 0 0 0 0 0 0 0 0 0 0 0 0 0 0 0 0 0 0 0 0 0 0 0 0 0 0 0 0 0 0 0 0 0 1 0 1 1 1 190 255 1 1 1 1 0 0 0 1 0 0 0 0 0 0 0 0 0 0 0 0 0 0 0 0 0 0 0 0 0 0 0 0 0 0 0 0 0 0 0 0 0 0 0 0 0 0 0 0 0 0 0 0 0 0 0 0 0 0 0 0 0 0 0 0 0 0 0 0 0 0 0 0 0 0 0 0 0 0 0 0 0 0 0 0 0 0 0 0 0 0 0 0 0 0 0 0 0 0 0 0 0 0 0 0 0 0 0 0 0 0 0 0 0 0 0 0 0 0 0 0 0 0 0 0 0 0 0 0 1 1 1 16 255 253 61 219 255 106 1 1 21 252 253 108 92 4 1 1 1 1 1 1 1 2 27 235 255 251 98 2 1 1 1 0 0 0 0 0 0 0 0 0 0 0 0 0 0 0 0 0 0 0 0 0 0 0 0 0
0 0 0 0 0 0 0 1 1 1 252 11 1 0 0 0 0 0 0 0 0 0 0 0 0 0 0 0 0 0 0 0 0 0 0 0 0 0 0 0 0 1 1 0 0 0 0 0 0 1 1 131 243 22 1 1 2 2 2 2 1 1 1 1 2 255 255 255 1 1 1 1 1 1 0 0 1 0 0 0 0 0 0 0 0 0 0 0 0 0 0 0 0 0 0 0 1 0 0 0 0 0 0 0 0 0 0 0 0 0 0 0 0 0 0 0 0 0 0 0 0 0 0 0 0 0 0 0 0 0 0 0 0 0 0 0 0 0 0 0 0 0 0 0 0 0 0 0 0 0 0 0 0 0 0 0 0 0 0 0 0 0 1 0 0 0 0 0 1 1 1 9 79 5 1 1 50 45 1 1 0 0 1 0 0 0 0 0 0 0 0 0 0 0 0 0 0 0 0 0 0 0 0 0 0 0 0 0 0 0 0 0 0 0 0 0 0 0 0 0 0 0 0 0 0 1 0 0 0 0 0 1 1 1 1 1 1 42 62 10 1 0 0 0 0 0 0 0 0 0 0 0 0 0 0 1 1 1 1 1 1 1 1 1 1 0 0 0 0 0 0 0 0 0 0 0 0 0 0 0 0 0 0 0 0 0 0 0 0 0 0 0 0 0 0 0 0 0 0 0 0 0 0 0 0 0 0 0 0 0 0 0 0 0 0 0 0 1 0 1 1 1 255 255 1 1 0 1 0 0 0 1 0 0 0 0 0 0 0 0 0 0 0 0 0 0 0 0 0 0 0 0 0 0 0 0 0 0 0 0 0 0 0 0 0 0 0 0 0 0 0 0 0 0 0 0 0 0 0 0 0 0 0 0 0 0 0 0 0 0 0 0 0 0 0 0 0 0 0 0 0 0 0 0 0 0 0 0 0 0 0 0 0 0 0 0 0 0 0 0 0 0 0 0 0 0 0 0 0 0 0 0 0 0 0 0 0 0 0 0 0 0 0 0 0 0 0 0 0 0 1 1 1 1 66 255 253 36 3 65 255 241 46 151 255 226 88 72 2 1 1 1 1 1 0 1 1 1 1 1 3 174 255 255 193 9 1 1 0 0 0 0 0 0 0 0 0 0 0 0 0 0 0 0 0 0 0 0 0 0 0 0
0 0 0 0 0 0 0 1 1 16 252 1 0 0 0 0 0 0 0 0 0 0 0 0 0 0 0 0 0 0 0 0 0 0 0 0 0 0 0 0 0 0 1 1 0 0 0 0 0 0 1 1 127 244 37 1 1 1 1 1 1 1 1 13 255 255 255 1 1 1 1 1 0 1 0 0 1 1 0 0 0 0 0 0 0 0 0 0 0 0 0 0 0 0 0 0 1 0 0 0 0 0 0 0 0 0 0 0 0 0 0 0 0 0 0 0 0 0 0 0 0 0 0 0 0 0 0 0 0 0 0 0 0 0 0 0 0 0 0 0 0 0 0 0 0 0 0 0 0 0 0 0 0 0 0 0 0 0 0 0 0 0 1 1 0 0 0 0 0 1 1 1 6 83 1 37 57 1 1 1 0 0 1 1 0 0 0 0 0 0 0 0 0 0 0 0 0 0 0 0 0 0 0 0 0 0 0 0 0 0 0 0 0 0 0 0 0 0 0 0 0 0 0 0 0 1 0 0 0 0 1 1 1 0 1 2 56 19 1 1 0 0 0 0 0 0 0 0 0 0 0 0 0 0 0 0 0 0 0 1 1 1 1 0 0 0 0 0 0 0 0 0 0 0 0 0 0 0 0 0 0 0 0 0 0 0 0 0 0 0 0 0 0 0 0 0 0 0 0 0 0 0 0 0 0 0 0 0 0 0 0 0 0 0 0 0 0 1 0 1 1 1 255 255 1 1 1 1 0 0 0 0 0 0 0 0 0 0 0 0 0 0 0 0 0 0 0 0 0 0 0 0 0 0 0 0 0 0 0 0 0 0 0 0 0 0 0 0 0 0 0 0 0 0 0 0 0 0 0 0 0 0 0 0 0 0 0 0 0 0 0 0 0 0 0 0 0 0 0 0 0 0 0 0 0 0 0 0 0 0 0 0 0 0 0 0 0 0 0 0 0 0 0 0 0 0 0 0 0 0 0 0 0 0 0 0 0 0 0 0 0 0 0 0 0 0 0 0 0 1 1 1 1 209 255 236 19 1 1 5 149 255 255 255 136 94 41 1 1 1 1 1 1 1 1 1 1 1 1 1 1 1 1 82 248 255 228 13 1 1 0 0 0 0 0 0 0 0 0 0 0 0 0 0 0 0 0 0 0 0 0 0
0 0 0 0 0 0 1 1 1 218 172 1 0 0 0 0 0 0 0 0 0 0 0 0 0 0 0 0 0 0 0 0 0 0 0 0 0 0 0 0 0 0 0 1 1 0 0 0 0 1 1 1 1 110 244 72 1 1 1 1 1 2 244 255 255 255 1 1 1 1 1 1 0 1 0 0 0 1 0 0 0 0 0 0 0 0 0 0 0 0 0 0 0 0 0 0 1 0 0 0 0 0 0 0 0 0 0 0 0 0 0 0 0 0 0 0 0 0 0 0 0 0 0 0 0 0 0 0 0 0 0 0 0 0 0 0 0 0 0 0 0 0 0 0 0 0 0 0 0 0 0 0 0 0 0 0 0 0 0 0 0 0 0 1 1 0 0 0 0 0 1 1 1 44 78 77 1 1 0 1 0 0 0 1 0 0 0 0 0 0 0 0 0 0 0 0 0 0 0 0 0 0 0 0 0 0 0 0 0 0 0 0 0 0 0 0 0 0 0 0 0 0 0 0 0 1 0 0 0 1 1 1 0 1 19 39 57 1 0 0 0 0 0 0 0 0 0 0 0 0 0 0 0 0 0 0 0 0 0 0 0 0 0 0 0 0 0 0 0 0 0 0 0 0 0 0 0 0 0 0 0 0 0 0 0 0 0 0 0 0 0 0 0 0 0 0 0 0 0 0 0 0 0 0 0 0 0 0 0 0 0 0 0 0 0 0 0 1 0 1 1 1 255 255 1 1 1 0 0 0 0 0 0 0 0 0 0 0 0 0 0 0 0 0 0 0 0 0 0 0 0 0 0 0 0 0 0 0 0 0 0 0 0 0 0 0 0 0 0 0 0 0 0 0 0 0 0 0 0 0 0 0 0 0 0 0 0 0 0 0 0 0 0 0 0 0 0 0 0 0 0 0 0 0 0 0 0 0 0 0 0 0 0 0 0 0 0 0 0 0 0 0 0 0 0 0 0 0 0 0 0 0 0 0 0 0 0 0 0 0 0 0 0 0 0 1 1 1 1 1 1 2 255 255 149 3 1 1 1 1 22 202 221 44 101 16 1 1 1 1 1 1 1 1 1 1 1 1 1 1 1 1 1 1 1 26 236 255 187 1 1 0 0 0 0 0 0 0 0 0 0 0 0 0 0 0 0 0 0 0 0 0
0 0 0 0 0 0 1 0 1 253 3 0 0 0 0 0 0 0 0 0 0 0 0 0 0 0 0 0 0 0 0 0 0 0 0 0 0 0 0 0 0 0 0 0 1 0 0 0 1 1 0 1 0 1 106 240 147 92 176 243 255 255 255 255 255 1 1 1 1 1 1 0 0 1 0 0 0 1 1 0 0 0 0 0 0 0 0 0 0 0 0 0 0 0 0 0 1 0 0 0 0 0 0 0 0 0 0 0 0 0 0 0 0 0 0 0 0 0 0 0 0 0 0 0 0 0 0 0 0 0 0 0 0 0 0 0 0 0 0 0 0 0 0 0 0 0 0 0 0 0 0 0 0 0 0 0 0 0 0 0 0 0 0 0 1 0 0 0 0 0 0 1 1 1 163 5 1 1 1 1 0 0 1 1 0 0 0 0 0 0 0 0 0 0 0 0 0 0 0 0 0 0 0 0 0 0 0 0 0 0 0 0 0 0 0 0 0 0 0 0 0 0 0 0 0 1 0 0 1 1 1 1 1 34 14 1 41 1 0 0 0 0 0 0 0 0 0 0 0 0 0 0 0 0 0 0 0 0 0 0 0 0 0 0 0 0 0 0 0 0 0 0 0 0 0 0 0 0 0 0 0 0 0 0 0 0 0 0 0 0 0 0 0 0 0 0 0 0 0 0 0 0 0 0 0 0 0 0 0 0 0 0 0 0 0 0 0 1 0 1 1 1 255 255 1 1 1 0 0 0 0 0 0 0 0 0 0 0 0 0 0 0 0 0 0 0 0 0 0 0 0 0 0 0 0 0 0 0 0 0 0 0 0 0 0 0 0 0 0 0 0 0 0 0 0 0 0 0 0 0 0 0 0 0 0 0 0 0 0 0 0 0 0 0 0 0 0 0 0 0 0 0 0 0 0 0 0 0 0 0 0 0 0 0 0 0 0 0 0 0 0 0 0 0 0 0 0 0 0 0 0 0 0 0 0 0 0 0 0 0 1 1 1 1 1 1 1 1 1 1 46 255 255 18 1 1 1 1 1 9 155 207 117 97 5 1 1 1 1 1 1 1 1 1 1 1 1 1 1 1 1 1 1 1 1 1 1 47 249 239 1 0 0 0 0 0 0 0 0 0 0 0 0 0 0 0 0 0 0 0 0 0
0 0 0 0 0 1 1 0 51 250 1 0 0 0 0 0 0 0 0 0 0 0 0 0 0 0 0 0 0 0 0 0 0 0 0 0 0 0 0 0 0 0 0 0 1 1 0 0 1 0 1 1 1 1 1 160 183 255 255 255 255 255 255 255 1 1 1 1 1 1 0 0 0 1 1 0 0 1 1 0 0 0 0 0 0 0 0 0 0 0 0 0 0 0 0 1 1 0 0 0 0 0 0 0 0 0 0 0 0 0 0 0 0 0 0 0 0 0 0 0 0 0 0 0 0 0 0 0 0 0 0 0 0 0 0 0 0 0 0 0 0 0 0 0 0 0 0 0 0 0 0 0 0 0 0 0 0 0 0 0 0 0 0 0 1 1 0 0 0 0 0 0 1 1 61 107 1 1 1 1 0 0 1 0 0 0 0 0 0 0 0 0 0 0 0 0 0 0 0 0 0 0 0 0 0 0 0 0 0 0 0 0 0 0 0 0 0 0 0 0 0 0 0 0 1 0 0 0 1 1 0 2 39 4 1 3 33 1 1 1 0 0 0 0 0 0 0 0 0 0 0 0 0 0 0 0 0 0 0 0 0 0 0 0 0 0 0 0 0 0 0 0 0 0 0 0 0 0 0 0 0 0 0 0 0 0 0 0 0 0 0 0 0 0 0 0 0 0 0 0 0 0 0 0 0 0 0 0 0 0 0 0 0 0 0 0 0 1 0 1 1 1 255 255 1 1 1 0 0 0 0 0 0 0 0 0 0 0 0 0 0 0 0 0 0 0 0 0 0 0 0 0 0 0 0 0 0 0 0 0 0 0 0 0 0 0 0 0 0 0 0 0 0 0 0 0 0 0 0 0 0 0 0 0 0 0 0 0 0 0 0 0 0 0 0 0 0 0 0 0 0 0 0 0 0 0 0 0 0 0 0 0 0 0 0 0 0 0 0 0 0 0 0 0 0 0 0 0 0 0 0 0 0 0 0 0 0 0 0 0 1 0 0 0 0 1 1 1 1 213 255 249 1 1 1 1 1 2 91 219 214 137 79 2 1 1 1 1 1 0 1 0 1 1 1 1 1 1 1 1 1 1 1 1 1 1 1 1 2 237 225 1 0 0 0 0 0 0 0 0 0 0 0 0 0 0 0 0 0 0 0 0
0 0 0 0 0 1 1 1 233 144 1 0 0 0 0 0 0 0 0 0 0 0 0 0 0 0 0 0 0 0 0 0 0 0 0 0 0 0 0 0 0 0 0 0 0 1 1 0 0 0 1 0 1 1 1 1 255 255 127 7 116 255 255 2 1 1 1 1 1 1 0 0 0 0 1 0 0 1 0 0 0 0 0 0 0 0 0 0 0 0 0 0 0 0 0 1 0 0 0 0 0 0 0 0 0 0 0 0 0 0 0 0 0 0 0 0 0 0 0 0 0 0 0 0 0 0 0 0 0 0 0 0 0 0 0 0 0 0 0 0 0 0 0 0 0 0 0 0 0 0 0 0 0 0 0 0 0 0 0 0 0 0 0 0 0 1 1 0 0 0 0 0 1 1 1 127 33 1 1 1 0 0 1 0 0 0 0 0 0 0 0 0 0 0 0 0 0 0 0 0 0 0 0 0 0 0 0 0 0 0 0 0 0 0 0 0 0 0 0 0 0 0 0 0 1 0 0 0 1 0 5 41 2 1 1 12 17 1 0 1 0 0 0 0 0 0 0 0 0 0 0 0 0 0 0 0 0 0 0 0 0 0 0 0 0 0 0 0 0 0 0 0 0 0 0 0 0 0 0 0 0 0 0 0 0 0 0 0 0 0 0 0 0 0 0 0 0 0 0 0 0 0 0 0 0 0 0 0 0 0 0 0 0 0 0 0 1 1 0 1 1 1 255 255 1 1 1 0 0 0 0 0 0 0 0 0 0 0 0 0 0 0 0 0 0 0 0 0 0 0 0 0 0 0 0 0 0 0 0 0 0 0 0 0 0 0 0 0 0 0 0 0 0 0 0 0 0 0 0 0 0 0 0 0 0 0 0 0 0 0 0 0 0 0 0 0 0 0 0 0 0 0 0 0 0 0 0 0 0 0 0 0 0 0 0 0 0 0 0 0 0 0 0 0 0 0 0 0 0 0 0 0 0 0 0 0 0 0 0 0 1 1 1 1 1 1 1 3 255 255 127 1 1 1 1 1 26 193 230 174 110 29 1 1 1 1 1 1 1 1 1 0 0 1 1 1 1 1 1 0 1 1 1 1 1 1 1 1 1 8 255 49 0 0 0 0 0 0 0 0 0 0 0 0 0 0 0 0 0 0 0 0
0 0 0 0 0 1 1 1 253 3 0 0 0 0 0 0 0 0 0 0 0 0 0 0 0 0 0 0 0 0 0 0 0 0 0 0 0 0 0 0 0 0 0 0 0 0 1 1 0 1 1 1 1 0 1 2 255 255 3 1 11 255 183 1 1 1 1 1 1 0 0 0 0 0 1 0 0 1 0 0 0 0 0 0 0 0 0 0 0 0 0 0 0 0 0 1 0 0 0 0 0 0 0 0 0 0 0 0 0 0 0 0 0 0 0 0 0 0 0 0 0 0 0 0 0 0 0 0 0 0 0 0 0 0 0 0 0 0 0 0 0 0 0 0 0 0 0 0 0 0 0 0 0 0 0 0 0 0 0 0 0 0 0 0 0 0 1 1 0 0 0 0 0 1 1 3 154 2 1 1 0 0 0 1 0 0 0 0 0 0 0 0 0 0 0 0 0 0 0 0 0 0 0 0 0 0 0 0 0 0 0 0 0 0 0 0 0 0 0 0 0 0 0 1 1 1 1 1 1 10 35 1 0 0 1 24 7 1 0 1 0 0 0 0 0 0 0 0 0 0 0 0 0 0 0 0 0 0 0 0 0 0 0 0 0 0 0 0 0 0 0 0 0 0 0 0 0 0 0 0 0 0 0 0 0 0 0 0 0 0 0 0 0 0 0 0 0 0 0 0 0 0 0 0 0 0 0 0 0 0 0 0 0 0 0 0 1 0 0 1 1 1 255 255 1 1 1 0 0 0 0 0 0 0 0 0 0 0 0 0 0 0 0 0 0 0 0 0 0 0 0 0 0 0 0 0 0 0 0 0 0 0 0 0 0 0 0 0 0 0 0 0 0 0 0 0 0 0 0 0 0 0 0 0 0 0 0 0 0 0 0 0 0 0 0 0 0 0 0 0 0 0 0 0 0 0 0 0 0 0 0 0 0 0 0 0 0 0 0 0 0 0 0 0 0 0 0 0 0 0 0 0 0 0 0 0 0 0 0 1 1 1 1 1 1 1 79 255 255 11 1 1 1 1 2 122 230 212 125 46 1 1 1 1 1 1 0 0 0 1 1 0 0 0 0 1 1 1 1 1 0 1 1 1 1 1 1 1 1 1 182 251 1 0 0 0 0 0 0 0 0 0 0 0 0 0 0 0 0 0 0 0
0 0 0 0 0 1 1 82 244 1 0 0 0 0 0 0 0 0 0 0 0 0 0 0 0 0 0 0 0 0 0 0 0 0 0 0 0 0 0 0 0 0 0 0 0 0 1 1 1 1 1 1 1 1 1 3 255 255 17 11 255 255 55 1 1 1 1 1 1 0 0 0 0 0 1 0 0 1 0 0 0 0 0 0 0 0 0 0 0 0 0 0 0 0 0 1 0 0 0 0 0 0 0 0 0 0 0 0 0 0 0 0 0 0 0 0 0 0 0 0 0 0 0 0 0 0 0 0 0 0 0 0 0 0 0 0 0 0 0 0 0 0 0 0 0 0 0 0 0 0 0 0 0 0 0 0 0 0 0 0 0 0 0 0 0 0 0 1 1 0 0 0 0 0 1 1 48 118 1 1 0 0 0 1 0 0 0 0 0 0 0 0 0 0 0 0 0 0 0 0 0 0 0 0 0 0 0 0 0 0 0 0 0 0 0 0 0 0 0 0 0 0 1 1 1 1 1 1 20 25 1 0 0 0 0 23 8 1 0 1 1 0 0 0 0 0 0 0 0 0 0 0 0 0 0 0 0 0 0 0 0 0 0 0 0 0 0 0 0 0 0 0 0 0 0 0 0 0 0 0 0 0 0 0 0 0 0 0 0 0 0 0 0 0 0 0 0 0 0 0 0 0 0 0 0 0 0 0 0 0 0 0 0 0 0 0 1 0 0 1 1 1 255 255 1 1 1 0 0 0 0 0 0 0 0 0 0 0 0 0 0 0 0 0 0 0 0 0 0 0 0 0 0 0 0 0 0 0 0 0 0 0 0 0 0 0 0 0 0 0 0 0 0 0 0 0 0 0 0 0 0 0 0 0 0 0 0 0 0 0 0 0 0 0 0 0 0 0 0 0 0 0 0 0 0 0 0 0 0 0 0 0 0 0 0 0 0 0 0 0 0 0 0 0 0 0 0 0 0 0 0 0 0 0 0 0 0 0 0 1 0 1 1 1 1 237 255 242 1 1 1 1 1 21 188 234 170 52 2 1 1 1 1 1 1 0 0 0 0 0 0 0 0 0 0 0 1 1 1 1 1 1 1 1 1 1 0 1 1 1 10 255 1 0 0 0 0 0 0 0 0 0 0 0 0 0 0 0 0 0 0 0
0 0 0 0 1 1 1 238 124 1 0 0 0 0 0 0 0 0 0 0 0 0 0 0 0 0 0 0 0 0 0 0 0 0 0 0 0 0 0 0 0 0 0 0 0 1 1 1 1 1 1 1 1 1 1 40 255 255 255 255 255 255 255 1 1 1 1 1 1 1 0 0 0 0 1 1 0 1 0 0 0 0 0 0 0 0 0 0 0 0 0 0 0 0 1 1 0 0 0 0 0 0 0 0 0 0 0 0 0 0 0 0 0 0 0 0 0 0 0 0 0 0 0 0 0 0 0 0 0 0 0 0 0 0 0 0 0 0 0 0 0 0 0 0 0 0 0 0 0 0 0 0 0 0 0 0 0 0 0 0 0 0 0 0 0 0 0 0 1 1 0 0 0 0 0 1 1 124 40 1 0 0 0 1 0 0 0 0 0 0 0 0 0 0 0 0 0 0 0 0 0 0 0 0 0 0 0 0 0 0 0 0 0 0 0 0 0 0 0 1 1 1 1 1 0 1 1 29 16 1 0 0 0 0 0 7 24 1 0 0 1 0 0 0 0 0 0 0 0 0 0 0 0 0 0 0 0 0 0 0 0 0 0 0 0 0 0 0 0 0 0 0 0 0 0 0 0 0 0 0 0 0 0 0 0 0 0 0 0 0 0 0 0 0 0 0 0 0 0 0 0 0 0 0 0 0 0 0 0 0 0 0 0 0 0 0 1 0 0 1 1 1 255 243 1 1 1 0 0 0 0 0 0 0 0 0 0 0 0 0 0 0 0 0 0 0 0 0 0 0 0 0 0 0 0 0 0 0 0 0 0 0 0 0 0 0 0 0 0 0 0 0 0 0 0 0 0 0 0 0 0 0 0 0 0 0 0 0 0 0 0 0 0 0 0 0 0 0 0 0 0 0 0 0 0 0 0 0 0 0 0 0 0 0 0 0 0 0 0 0 0 0 0 0 0 0 0 0 0 0 0 0 0 0 0 0 0 0 1 1 1 1 1 7 255 255 98 1 1 1 1 1 84 217 207 72 2 1 1 1 1 1 1 0 0 0 0 0 0 0 0 0 0 0 0 0 0 1 1 1 1 1 1 1 1 1 1 1 1 1 3 255 1 0 0 0 0 0 0 0 0 0 0 0 0 0 0 0 0 0 0 0
0 0 0 0 1 1 2 253 2 0 0 0 0 0 0 0 0 0 0 0 0 0 0 0 0 0 0 0 0 0 0 0 0 0 0 0 0 0 0 0 0 0 0 1 1 1 1 1 0 1 1 1 1 1 2 255 255 255 255 255 255 255 255 255 1 1 1 1 0 1 1 0 0 0 0 1 0 1 0 0 0 0 0 0 0 0 0 0 0 0 0 0 0 0 1 0 0 0 0 0 0 0 0 0 0 0 0 0 0 0 0 0 0 0 0 0 0 0 0 0 0 0 0 0 0 0 0 0 0 0 0 0 0 0 0 0 0 0 0 0 0 0 0 0 0 0 0 0 0 0 0 0 0 0 0 0 0 0 0 0 0 0 0 0 0 0 0 0 0 1 0 0 0 0 0 0 1 2 150 8 1 0 0 1 0 0 0 0 0 0 0 0 0 0 0 0 0 0 0 0 0 0 0 0 0 0 0 0 0 0 0 0 0 0 0 0 0 0 1 1 0 0 1 0 1 1 36 9 0 0 0 0 0 0 0 1 41 1 0 0 1 1 0 0 0 0 0 0 0 0 0 0 0 0 0 0 0 0 0 0 0 0 0 0 0 0 0 0 0 0 0 0 0 0 0 0 0 0 0 0 0 0 0 0 0 0 0 0 0 0 0 0 0 0 0 0 0 0 0 0 0 0 0 0 0 0 0 0 0 0 0 0 0 0 0 0 1 0 0 1 1 2 255 146 1 1 1 0 0 0 0 0 0 0 0 0 0 0 0 0 0 0 0 0 0 0 0 0 0 0 0 0 0 0 0 0 0 0 0 0 0 0 0 0 0 0 0 0 0 0 0 0 0 0 0 0 0 0 0 0 0 0 0 0 0 0 0 0 0 0 0 0 0 0 0 0 0 0 0 0 0 0 0 0 0 0 0 0 0 0 0 0 0 0 0 0 0 0 0 0 0 0 0 0 0 0 0 0 0 0 0 0 0 0 0 0 0 1 1 1 1 1 115 255 255 6 1 1 1 1 2 146 226 155 4 1 1 1 1 1 1 1 0 0 0 0 0 0 0 0 0 0 0 0 0 0 0 1 1 1 1 0 0 1 1 1 1 1 1 1 12 255 1 0 0 0 0 0 0 0 0 0 0 0 0 0 0 0 0 0 0 0
0 0 0 0 1 1 104 241 1 0 0 0 0 0 0 0 0 0 0 0 0 0 0 0 0 0 0 0 0 0 0 0 0 0 0 0 0 0 0 0 0 0 0 1 1 1 1 1 1 1 1 1 1 1 255 255 255 185 1 1 1 27 255 255 255 2 1 1 1 1 1 1 0 0 0 1 0 1 0 0 0 0 0 0 0 0 0 0 0 0 0 0 0 0 1 0 0 0 0 0 0 0 0 0 0 0 0 0 0 0 0 0 0 0 0 0 0 0 0 0 0 0 0 0 0 0 0 0 0 0 0 0 0 0 0 0 0 0 0 0 0 0 0 0 0 0 0 0 0 0 0 0 0 0 0 0 0 0 0 0 0 0 0 0 0 0 0 0 0 0 1 0 0 0 0 0 0 1 15 144 1 1 0 1 0 0 0 0 0 0 0 0 0 0 0 0 0 0 0 0 0 0 0 0 0 0 0 0 0 0 0 0 0 0 0 0 0 1 1 0 0 1 1 1 2 41 5 0 0 0 0 0 0 0 0 1 44 1 0 0 0 1 1 0 0 0 0 0 0 0 0 0 0 0 0 0 0 0 0 0 0 0 0 0 0 0 0 0 0 0 0 0 0 0 0 0 0 0 0 0 0 0 0 0 0 0 0 0 0 0 0 0 0 0 0 0 0 0 0 0 0 0 0 0 0 0 0 0 0 0 0 0 0 0 0 0 1 0 0 1 1 4 255 51 1 1 1 0 0 0 0 0 0 0 0 0 0 0 0 0 0 0 0 0 0 0 0 0 0 0 0 0 0 0 0 0 0 0 0 0 0 0 0 0 0 0 0 0 0 0 0 0 0 0 0 0 0 0 0 0 0 0 0 0 0 0 0 0 0 0 0 0 0 0 0 0 0 0 0 0 0 0 0 0 0 0 0 0 0 0 0 0 0 0 0 0 0 0 0 0 0 0 0 0 0 0 0 0 0 0 0 0 0 0 0 1 1 1 1 1 1 252 255 223 1 1 1 1 1 21 193 219 87 1 1 1 1 1 1 1 1 0 0 0 0 0 0 0 0 0 0 0 0 0 0 0 0 0 1 1 1 1 0 0 1 1 1 1 1 1 135 254 1 0 0 0 0 0 0 0 0 0 0 0 0 0 0 0 0 0 0 0
0 0 0 0 1 1 243 97 1 0 0 0 0 0 0 0 0 0 0 0 0 0 0 0 0 0 0 0 0 0 0 0 0 0 0 0 0 0 0 1 1 1 1 1 0 0 1 1 1 1 1 1 1 249 255 255 88 1 1 1 1 1 1 218 255 255 63 1 0 1 1 1 1 0 0 1 0 1 0 0 0 0 0 0 0 0 0 0 0 0 0 0 0 0 1 0 0 0 0 0 0 0 0 0 0 0 0 0 0 0 0 0 0 0 0 0 0 0 0 0 0 0 0 0 0 0 0 0 0 0 0 0 0 0 0 0 0 0 0 0 0 0 0 0 0 0 0 0 0 0 0 0 0 0 0 0 0 0 0 0 0 0 0 0 0 0 0 0 0 0 1 1 0 0 0 0 0 0 1 66 105 1 1 1 0 0 0 0 0 0 0 0 0 0 0 0 0 0 0 0 0 0 0 0 0 0 0 0 0 0 0 0 0 0 0 0 1 1 0 0 0 1 1 5 43 3 0 0 0 0 0 0 0 0 0 0 22 9 1 0 0 0 1 0 0 0 0 0 0 0 0 0 0 0 0 0 0 0 0 0 0 0 0 0 0 0 0 0 0 0 0 0 0 0 0 0 0 0 0 0 0 0 0 0 0 0 0 0 0 0 0 0 0 0 0 0 0 0 0 0 0 0 0 0 0 0 0 0 0 0 0 0 0 0 0 0 1 0 0 1 1 17 255 12 1 1 1 0 0 0 0 0 0 0 0 0 0 0 0 0 0 0 0 0 0 0 0 0 0 0 0 0 0 0 0 0 0 0 0 0 0 0 0 0 0 0 0 0 0 0 0 0 0 0 0 0 0 0 0 0 0 0 0 0 0 0 0 0 0 0 0 0 0 0 0 0 0 0 0 0 0 0 0 0 0 0 0 0 0 0 0 0 0 0 0 0 0 0 0 0 0 0 0 0 0 0 0 0 0 0 0 0 0 0 1 1 1 1 1 27 255 255 49 1 1 1 1 1 84 217 199 22 1 1 1 1 1 1 1 0 0 0 0 0 0 0 0 0 0 0 0 0 0 0 0 0 0 0 0 1 1 1 1 1 1 0 1 1 1 1 251 181 1 0 0 0 0 0 0 0 0 0 0 0 0 0 0 0 0 0 0 0
0 0 0 0 1 2 253 1 0 0 0 0 0 0 0 0 0 0 0 0 0 0 0 0 0 0 0 0 0 0 0 0 0 1 1 1 1 1 1 0 0 1 1 1 1 1 1 0 1 1 1 1 255 255 255 27 1 1 1 1 1 1 1 1 78 255 255 255 2 1 0 0 1 1 0 1 0 1 0 0 0 0 0 0 0 0 0 0 0 0 0 0 0 0 1 0 0 0 0 0 0 0 0 0 0 0 0 0 0 0 0 0 0 0 0 0 0 0 0 0 0 0 0 0 0 0 0 0 0 0 0 0 0 0 0 0 0 0 0 0 0 0 0 0 0 0 0 0 0 0 0 0 0 0 0 0 0 0 0 0 0 0 0 0 0 0 0 0 0 0 0 1 1 0 0 0 0 0 0 1 113 57 1 1 0 0 0 0 0 0 0 0 0 0 0 0 0 0 0 0 0 0 0 0 0 0 0 0 0 0 0 0 0 0 1 1 1 0 0 0 1 1 12 35 1 0 0 0 0 0 0 0 0 0 0 0 1 41 1 0 0 0 1 0 0 0 0 0 0 0 0 0 0 0 0 0 0 0 0 0 0 0 0 0 0 0 0 0 0 0 0 0 0 0 0 0 0 0 0 0 0 0 0 0 0 0 0 0 0 0 0 0 0 0 0 0 0 0 0 0 0 0 0 0 0 0 0 0 0 0 0 0 0 0 0 0 1 0 0 1 1 79 255 4 1 1 1 0 0 0 0 0 0 0 0 0 0 0 0 0 0 0 0 0 0 0 0 0 0 0 0 0 0 0 0 0 0 0 0 0 0 0 0 0 0 0 0 0 0 0 0 0 0 0 0 0 0 0 0 0 0 0 0 0 0 0 0 0 0 0 0 0 0 0 0 0 0 0 0 0 0 0 0 0 0 0 0 0 0 0 0 0 0 0 0 0 0 0 0 0 0 0 0 0 0 0 0 0 0 0 0 0 0 1 1 1 1 1 187 255 255 2 1 1 1 1 2 146 224 155 3 1 1 1 1 1 1 0 0 0 0 0 0 0 0 0 0 0 0 0 0 0 0 0 0 0 0 0 0 1 1 0 0 1 1 0 0 1 1 1 255 13 1 0 0 0 0 0 0 0 0 0 0 0 1 1 1 1 1 1 1 0
0 0 0 0 1 130 236 1 0 0 0 0 0 0 0 0 0 0 0 0 0 0 0 0 0 0 0 0 0 1 1 1 1 1 0 1 1 1 1 1 1 1 1 0 1 1 1 1 1 1 12 255 255 255 8 1 1 1 1 1 1 1 1 1 1 2 253 255 255 135 1 1 0 1 1 1 1 1 0 0 0 0 0 0 0 0 0 0 0 0 0 0 0 1 1 0 0 0 0 0 0 0 0 0 0 0 0 0 0 0 0 0 0 0 0 0 0 0 0 0 0 0 0 0 0 0 0 0 0 0 0 0 0 0 0 0 0 0 0 0 0 0 0 0 0 0 0 0 0 0 0 0 0 0 0 0 0 0 0 0 0 0 0 0 0 0 0 0 0 0 0 0 1 1 0 0 0 0 0 0 1 146 14 1 1 0 0 0 0 0 0 0 0 0 0 0 0 0 0 0 0 0 0 0 0 0 0 0 0 0 0 0 0 1 1 0 0 0 0 1 1 21 24 1 0 0 0 0 0 0 0 0 0 0 0 0 1 39 2 0 0 0 1 1 0 0 0 0 0 0 0 0 0 0 0 0 0 0 0 0 0 0 0 0 0 0 0 0 0 0 0 0 0 0 0 0 0 0 0 0 0 0 0 0 0 0 0 0 0 0 0 0 0 0 0 0 0 0 0 0 0 0 0 0 0 0 0 0 0 0 0 0 0 0 0 0 1 0 0 1 1 200 255 2 1 1 1 0 0 0 0 0 0 0 0 0 0 0 0 0 0 0 0 0 0 0 0 0 0 0 0 0 0 0 0 0 0 0 0 0 0 0 0 0 0 0 0 0 0 0 0 0 0 0 0 0 0 0 0 0 0 0 0 0 0 0 0 0 0 0 0 0 0 0 0 0 0 0 0 0 0 0 0 0 0 0 0 0 0 0 0 0 0 0 0 0 0 0 0 0 0 0 0 0 0 0 0 0 0 0 0 1 1 1 1 1 2 255 255 164 1 1 1 1 1 22 194 219 91 1 1 1 1 1 1 1 0 0 0 0 0 0 0 0 0 0 0 0 0 0 0 0 0 0 0 0 0 0 0 1 1 1 0 1 1 1 0 1 1 2 255 1 1 1 0 0 0 0 0 0 0 1 1 1 1 3 4 3 2 2 1 1
0 0 0 1 1 246 74 1 0 0 0 0 0 0 0 0 0 0 0 0 0 1 1 1 1 1 1 1 1 0 1 1 1 1 1 1 0 0 0 0 1 1 0 1 1 1 1 1 2 244 255 255 255 2 1 1 1 1 0 0 1 1 0 1 1 1 1 75 255 255 255 19 1 1 1 0 1 1 1 0 0 0 0 0 0 0 0 0 0 0 0 0 0 1 1 0 0 0 0 0 0 0 0 0 0 0 0 0 0 0 0 0 0 0 0 0 0 0 0 0 0 0 0 0 0 0 0 0 0 0 0 0 0 0 0 0 0 0 0 0 0 0 0 0 0 0 0 0 0 0 0 0 0 0 0 0 0 0 0 0 0 0 0 0 0 0 0 0 0 0 0 0 0 1 1 0 0 0 0 0 1 8 152 2 1 1 1 0 0 0 0 0 0 0 0 0 0 0 0 0 0 0 0 0 0 0 0 0 0 0 0 1 1 1 0 0 0 1 1 1 29 15 1 0 0 0 0 0 0 0 0 0 0 0 0 0 0 5 29 1 0 0 0 1 0 0 0 0 0 0 0 0 0 0 0 0 0 0 0 0 0 0 0 0 0 0 0 0 0 0 0 0 0 0 0 0 0 0 0 0 0 0 0 0 0 0 0 0 0 0 0 0 0 0 0 0 0 0 0 0 0 0 0 0 0 0 0 0 0 0 0 0 0 0 0 0 1 0 0 1 1 255 255 1 1 1 1 0 0 0 0 0 0 0 0 0 0 0 0 0 0 0 0 0 0 0 0 0 0 0 0 0 0 0 0 0 0 0 0 0 0 0 0 0 0 0 0 0 0 0 0 0 0 0 0 0 0 0 0 0 0 0 0 0 0 0 0 0 0 0 0 0 0 0 0 0 0 0 0 0 0 0 0 0 0 0 0 0 0 0 0 0 0 0 0 0 0 0 0 0 0 0 0 0 0 0 0 0 1 1 1 1 1 1 1 31 255 255 22 1 1 1 1 1 84 217 199 25 1 1 1 1 1 1 1 0 0 0 0 0 0 0 0 0 0 0 0 0 0 0 0 0 0 0 0 0 0 0 0 1 1 1 0 1 1 0 1 1 1 8 255 1 1 1 1 1 0 0 1 1 1 3 6 6 4 2 2 2 3 4 5 5
0 0 0 1 4 253 1 0 0 0 0 0 0 0 0 0 1 1 1 1 1 1 1 1 0 1 1 1 1 1 1 1 1 1 1 0 0 0 0 1 1 1 1 1 1 1 2 197 255 255 255 193 1 1 1 1 1 0 0 0 1 0 0 0 0 1 1 1 1 213 255 255 255 3 1 1 1 1 1 1 0 0 0 0 0 0 0 0 0 0 0 0 0 1 1 0 0 0 0 0 0 0 0 0 0 0 0 0 0 0 0 0 0 0 0 0 0 0 0 0 0 0 0 0 0 0 0 0 0 0 0 0 0 0 0 0 0 0 0 0 0 0 0 0 0 0 0 0 0 0 0 0 0 0 0 0 0 0 0 0 0 0 0 0 0 0 0 0 0 0 0 0 0 0 0 1 1 0 0 0 0 1 47 124 1 1 0 0 0 0 0 0 0 0 0 0 0 0 0 0 0 0 0 0 0 0 0 0 0 1 1 1 0 0 0 0 1 1 1 38 9 0 0 0 0 0 0 0 0 0 0 0 0 0 0 0 0 1 43 1 0 0 0 1 0 0 0 0 0 0 0 0 0 0 0 0 0 0 0 0 0 0 0 0 0 0 0 0 0 0 0 0 0 0 0 0 0 0 0 0 0 0 0 0 0 0 0 0 0 0 0 0 0 0 0 0 0 0 0 0 0 0 0 0 0 0 0 0 0 0 0 0 0 0 0 0 1 0 0 1 1 255 255 1 1 1 1 0 0 0 0 0 0 0 0 0 0 0 0 0 0 0 0 0 0 0 0 0 0 0 0 0 0 0 0 0 0 0 0 0 0 0 0 0 0 0 0 0 0 0 0 0 0 0 0 0 0 0 0 0 0 0 0 0 0 0 0 0 0 0 0 0 0 0 0 0 0 0 0 0 0 0 0 0 0 0 0 0 0 0 0 0 0 0 0 0 0 0 0 0 0 0 0 0 0 0 1 1 1 0 1 1 1 1 176 255 255 2 1 1 1 1 2 148 224 155 4 1 1 1 1 1 1 0 0 0 0 0 0 0 0 0 0 0 0 0 0 0 0 0 0 0 0 0 0 0 0 0 0 1 0 1 0 0 1 0 0 1 1 5 255 1 1 0 0 1 1 1 4 6 5 2 1 1 1 1 0 1 1 1 1 1
0 0 0 1 155 230 1 0 0 0 0 1 1 1 1 1 1 1 1 1 1 1 1 1 1 1 0 1 1 1 0 0 0 0 0 1 1 1 1 1 1 1 1 2 39 255 255 255 255 255 5 1 1 1 1 1 1 0 0 0 1 0 0 0 0 0 1 1 1 1 5 255 255 255 220 1 1 1 0 0 1 1 1 0 0 0 0 0 0 0 0 0 0 1 0 0 0 0 0 0 0 0 0 0 0 0 0 0 0 0 0 0 0 0 0 0 0 0 0 0 0 0 0 0 0 0 0 0 0 0 0 0 0 0 0 0 0 0 0 0 0 0 0 0 0 0 0 0 0 0 0 0 0 0 0 0 0 0 0 0 0 0 0 0 0 0 0 0 0 0 0 0 0 0 0 0 1 1 0 0 0 0 1 104 71 1 1 0 0 0 0 0 0 0 0 0 0 0 0 0 0 0 0 0 0 0 0 1 1 1 0 0 0 0 1 1 1 3 43 4 0 0 0 0 0 0 0 0 0 0 0 0 0 0 0 0 0 0 13 17 0 0 0 1 1 0 0 0 0 0 0 0 0 0 0 0 0 0 0 0 0 0 0 0 0 0 0 0 0 0 0 0 0 0 0 0 0 0 0 0 0 0 0 0 0 0 0 0 0 0 0 0 0 0 0 0 0 0 0 0 0 0 0 0 0 0 0 0 0 0 0 0 0 0 0 0 1 0 0 1 1 255 255 1 1 1 0 0 0 0 0 0 0 0 0 0 0 0 0 0 0 0 0 0 0 0 0 0 0 0 0 0 0 0 0 0 0 0 0 0 0 0 0 0 0 0 0 0 0 0 0 0 0 0 0 0 0 0 0 0 0 0 0 0 0 0 0 0 0 0 0 0 0 0 0 0 0 0 0 0 0 0 0 0 0 0 0 0 0 0 0 0 0 0 0 0 0 0 0 0 0 0 0 0 0 1 1 0 1 1 1 1 2 255 255 196 1 1 1 1 1 21 196 221 88 1 1 1 1 0 1 1 0 0 0 0 0 0 0 0 0 0 0 0 0 0 0 0 0 0 0 0 0 0 0 0 0 0 0 1 0 1 1 0 1 0 0 0 1 1 255 22 1 1 2 4 6 4 2 1 0 0 1 1 1 1 1 1 0 0 0 0
0 0 1 1 250 51 1 0 1 1 1 1 0 1 1 1 1 1 1 1 0 0 0 0 1 1 1 1 0 0 1 0 0 0 0 1 1 1 1 5 61 247 255 255 255 255 255 255 9 1 1 1 1 1 1 1 0 0 0 1 1 0 0 0 0 0 0 0 1 1 1 1 46 255 255 255 171 1 1 0 0 0 1 1 1 0 0 0 0 0 0 0 0 1 0 0 0 0 0 0 0 0 0 0 0 0 0 0 0 0 0 0 0 0 0 0 0 0 0 0 0 0 0 0 0 0 0 0 0 0 0 0 0 0 0 0 0 0 0 0 0 0 0 0 0 0 0 0 0 0 0 0 0 0 0 0 0 0 0 0 0 0 0 0 0 0 0 0 0 0 0 0 0 0 0 0 0 1 1 0 0 0 0 1 145 18 1 0 0 0 0 0 0 0 0 0 0 0 0 0 0 1 1 1 1 1 1 1 0 0 0 0 0 1 1 1 6 41 2 0 0 0 0 0 0 0 0 0 0 0 0 0 0 0 0 0 0 0 1 42 1 0 0 0 1 0 0 0 0 0 0 0 0 0 0 0 0 0 0 0 0 0 0 0 0 0 0 0 0 0 0 0 0 0 0 0 0 0 0 0 0 0 0 0 0 0 0 0 0 0 0 0 0 0 0 0 0 0 0 0 0 0 0 0 0 0 0 0 0 0 0 0 0 0 0 1 1 0 0 1 1 255 255 1 1 1 0 0 0 0 0 0 0 0 0 0 0 0 0 0 0 0 0 0 0 0 0 0 0 0 0 0 0 0 0 0 0 0 0 0 0 0 0 0 0 0 0 0 0 0 0 0 0 0 0 0 0 0 0 0 0 0 0 0 0 0 0 0 0 0 0 0 0 0 0 0 0 0 0 0 0 0 0 0 0 0 0 0 0 0 0 0 0 0 0 0 0 0 0 0 0 0 0 1 1 0 0 1 1 1 1 27 255 255 48 1 1 1 1 1 84 221 198 22 1 1 1 1 1 1 1 0 0 0 0 0 0 0 0 0 0 0 0 0 0 0 0 0 0 0 0 0 0 0 0 0 0 0 0 1 0 0 1 0 1 0 0 1 1 1 254 141 8 6 4 1 1 1 1 1 1 1 1 0 0 0 0 0 0 0 0 0
0 0 1 5 253 1 1 1 1 0 1 1 1 1 0 1 1 0 0 0 0 0 1 1 1 0 0 0 0 1 1 1 1 2 15 144 255 255 255 255 255 255 255 255 255 89 2 1 1 1 1 1 1 0 0 0 1 1 1 1 0 0 0 0 0 0 0 0 0 1 1 1 1 1 119 255 255 255 162 1 1 0 0 0 1 1 1 1 0 0 0 0 0 1 0 0 0 0 0 0 0 0 0 0 0 0 0 0 0 0 0 0 0 0 0 0 0 0 0 0 0 0 0 0 0 0 0 0 0 0 0 0 0 0 0 0 0 0 0 0 0 0 0 0 0 0 0 0 0 0 0 0 0 0 0 0 0 0 0 0 0 0 0 0 0 0 0 0 0 0 0 0 0 0 0 0 0 0 1 1 0 0 0 1 6 154 2 1 0 0 0 0 0 0 0 0 0 0 0 0 0 1 1 0 0 0 0 0 0 0 0 0 1 1 1 11 34 1 0 0 0 0 0 0 0 0 0 0 0 0 0 0 0 0 0 0 0 0 0 21 10 0 0 0 1 1 0 0 0 0 0 0 0 0 0 0 0 0 0 0 0 0 0 0 0 0 0 0 0 0 0 0 0 0 0 0 0 0 0 0 0 0 0 0 0 0 0 0 0 0 0 0 0 0 0 0 0 0 0 0 0 0 0 0 0 0 0 0 0 0 0 0 0 0 0 1 0 0 0 1 1 255 255 1 1 1 0 0 0 0 0 0 0 0 0 0 0 0 0 0 0 0 0 0 0 0 0 0 0 0 0 0 0 0 0 0 0 0 0 0 0 0 0 0 0 0 0 0 0 0 0 0 0 0 0 0 0 0 0 0 0 0 0 0 0 0 0 0 0 0 0 0 0 0 0 0 0 0 0 0 0 0 0 0 0 0 0 0 0 0 0 0 0 1 1 1 1 1 0 0 0 0 1 1 0 0 1 1 1 1 188 255 255 3 1 1 1 1 2 150 229 147 3 1 1 1 1 0 1 1 0 0 0 0 0 0 0 0 0 0 0 0 0 0 0 0 0 0 0 0 0 0 0 0 0 0 0 0 1 1 0 0 1 1 1 0 0 1 1 1 255 96 1 1 1 0 0 1 1 1 1 0 0 0 0 0 0 0 0 0 0 0
0 1 1 150 232 1 0 0 1 1 1 0 0 1 1 1 0 0 1 1 1 1 1 1 1 1 1 1 5 57 241 255 255 255 255 255 255 255 255 255 255 88 5 1 1 1 1 1 1 1 1 1 0 0 0 0 0 0 0 0 0 0 0 0 0 0 0 0 0 0 0 1 1 1 1 1 162 255 255 255 185 2 1 0 0 0 0 1 1 1 0 0 0 1 0 0 0 0 0 0 0 0 0 0 0 0 0 0 0 0 0 0 0 0 0 0 0 0 0 0 0 0 0 0 0 0 0 0 0 0 0 0 0 0 0 0 0 0 0 0 0 0 0 0 0 0 0 0 0 0 0 0 0 0 0 0 0 0 0 0 0 0 0 0 0 0 0 0 0 0 0 0 0 0 0 0 0 0 0 1 1 0 0 0 0 38 131 1 1 0 0 0 0 0 0 0 1 1 1 1 1 1 1 0 0 0 0 0 0 0 1 1 1 1 20 25 1 0 0 0 0 0 0 0 0 0 0 0 0 0 0 0 0 0 0 0 0 0 0 1 42 1 0 0 0 1 0 0 0 0 0 0 0 0 0 0 0 0 0 0 0 0 0 0 0 0 0 0 0 0 0 0 0 0 0 0 0 0 0 0 0 0 0 0 0 0 0 0 0 0 0 0 0 0 0 0 0 0 0 0 0 0 0 0 0 0 0 0 0 0 0 0 0 0 0 1 0 0 0 1 1 255 255 1 1 1 0 0 0 0 0 0 0 0 0 0 0 0 0 0 0 0 0 0 0 0 0 0 0 0 0 0 0 0 0 0 0 0 0 0 0 0 0 0 0 0 0 0 0 0 0 0 0 0 0 0 0 0 0 0 0 0 0 0 0 0 0 0 0 0 0 0 0 0 0 0 0 0 0 0 0 0 0 0 0 0 0 0 0 0 0 0 1 1 1 1 1 1 1 1 0 1 1 0 1 1 1 1 12 255 255 179 1 1 1 1 1 21 201 222 76 2 1 1 1 0 1 1 1 0 0 0 0 0 0 0 0 0 0 0 0 0 0 0 0 0 0 0 0 0 0 0 0 0 0 0 0 0 1 0 0 0 0 1 1 0 0 1 1 1 255 4 0 0 0 0 1 1 0 1 0 0 0 0 0 0 0 0 0 0 0 0
0 1 1 233 147 1 1 1 1 0 0 0 1 1 1 1 1 1 1 1 1 1 2 17 154 255 255 255 255 255 255 255 255 255 255 218 35 3 1 1 1 1 1 1 1 1 1 1 1 1 1 0 0 0 0 0 0 0 0 0 0 0 0 0 0 0 0 0 0 0 0 0 0 1 1 1 1 1 169 255 255 255 227 4 1 1 0 0 0 0 1 1 1 1 0 0 0 0 0 0 0 0 0 0 0 0 0 0 0 0 0 0 0 0 0 0 0 0 0 0 0 0 0 0 0 0 0 0 0 0 0 0 0 0 0 0 0 0 0 0 0 0 0 0 0 0 0 0 0 0 0 0 0 0 0 0 0 0 0 0 0 0 0 0 0 0 0 0 0 0 0 0 0 0 0 0 0 0 0 0 1 1 0 0 0 1 98 79 1 1 0 0 0 0 0 0 0 0 0 0 0 0 0 0 0 0 0 0 0 0 0 1 1 30 16 1 0 0 0 0 0 0 0 0 0 0 0 0 0 0 0 0 0 0 0 0 0 0 0 1 26 6 0 0 0 1 0 0 0 0 0 0 0 0 0 0 0 0 0 0 0 0 0 0 0 0 0 0 0 0 0 0 0 0 0 0 0 0 0 0 0 0 0 0 0 0 0 0 0 0 0 0 0 0 0 0 0 0 0 0 0 0 0 0 0 0 0 0 0 0 0 0 0 0 0 1 0 0 0 1 1 255 255 1 1 1 0 0 0 0 0 0 0 0 0 0 0 0 0 0 0 0 0 0 0 0 0 0 0 0 0 0 0 0 0 0 0 0 0 0 0 0 0 0 0 0 0 0 0 0 0 0 0 0 0 0 0 0 0 0 0 0 0 0 0 0 0 0 0 0 0 0 0 0 0 0 0 0 0 0 0 0 0 0 0 0 0 0 0 0 0 0 0 0 0 0 0 1 1 1 1 1 1 1 1 1 2 179 255 255 22 1 1 1 1 1 88 228 196 17 1 1 1 1 1 1 1 0 1 0 0 0 0 0 0 0 0 0 0 0 0 0 0 0 0 0 0 0 0 0 0 0 0 0 0 0 0 0 1 0 0 0 0 1 1 0 1 1 1 15 255 1 0 0 0 1 1 0 1 0 0 0 0 0 0 0 0 0 0 0 0 0
0 1 1 233 148 1 1 0 0 0 1 1 1 1 1 1 1 5 59 244 255 255 255 255 255 255 255 255 255 255 114 9 2 1 1 1 1 1 1 1 1 1 1 1 1 0 1 1 1 0 0 0 0 0 0 0 0 0 0 0 0 0 0 0 0 0 0 0 0 0 0 0 0 0 1 1 1 1 1 1 154 255 255 255 249 9 1 1 1 0 0 0 1 1 1 0 0 0 0 0 0 0 0 0 0 0 0 0 0 0 0 0 0 0 0 0 0 0 0 0 0 0 0 0 0 0 0 0 0 0 0 0 0 0 0 0 0 0 0 0 0 0 0 0 0 0 0 0 0 0 0 0 0 0 0 0 0 0 0 0 0 0 0 0 0 0 0 0 0 0 0 0 0 0 0 0 0 0 0 0 0 1 1 0 0 1 1 142 22 1 0 0 0 0 0 0 0 0 0 0 0 0 0 0 0 0 0 0 0 1 1 1 38 8 1 0 0 0 0 0 0 0 0 0 0 0 0 0 0 0 0 0 0 0 0 0 0 0 0 0 1 40 1 0 0 1 0 0 0 0 0 0 0 0 0 0 0 0 0 0 0 0 0 0 0 0 0 0 0 0 0 0 0 0 0 0 0 0 0 0 0 0 0 0 0 0 0 0 0 0 0 0 0 0 0 0 0 0 0 0 0 0 0 0 0 0 0 0 0 0 0 0 0 0 0 1 0 0 0 1 1 255 255 1 1 1 0 0 0 0 0 0 0 0 0 0 0 0 0 0 0 0 0 0 0 0 0 0 0 0 0 0 0 0 0 0 0 0 0 0 0 0 0 0 0 0 0 0 0 0 0 0 0 0 0 0 0 0 0 0 0 0 0 0 0 0 0 0 0 0 0 0 0 0 0 0 0 0 0 0 0 0 0 0 0 0 0 0 0 0 0 0 0 0 0 0 1 1 1 1 1 1 1 1 1 4 255 255 184 1 1 1 1 1 4 186 237 135 2 1 1 1 1 1 0 0 1 0 1 0 0 0 0 0 0 0 0 0 0 0 0 0 0 0 0 0 0 0 0 0 0 0 0 0 0 0 0 0 1 0 0 0 0 1 1 1 1 1 1 169 254 1 0 1 1 0 0 1 1 0 0 0 0 0 0 0 0 0 0 0 0 0
1 1 1 222 164 7 1 1 1 1 1 1 13 130 255 255 255 255 255 255 255 255 255 255 207 27 2 1 1 1 1 1 1 1 1 1 1 1 1 1 1 0 0 1 1 1 1 0 0 0 0 0 0 0 0 0 0 0 0 0 0 0 0 0 0 0 0 0 0 0 0 0 0 0 0 0 1 1 1 1 1 1 113 255 255 255 255 26 1 1 1 0 0 1 1 1 1 0 0 0 0 0 0 0 0 0 0 0 0 0 0 0 0 0 0 0 0 0 0 0 0 0 0 0 0 0 0 0 0 0 0 0 0 0 0 0 0 0 0 0 0 0 0 0 0 0 0 0 0 0 0 0 0 0 0 0 0 0 0 0 0 0 0 0 0 0 0 0 0 0 0 0 0 0 0 0 0 0 0 0 0 0 1 1 0 1 1 4 156 3 1 0 0 1 0 0 0 0 0 0 0 0 0 0 0 0 0 0 1 1 3 42 4 1 0 0 0 0 0 0 0 0 0 0 0 0 0 0 0 0 0 0 0 0 0 0 0 0 0 0 1 28 6 0 0 1 1 0 0 0 0 0 0 0 0 0 0 0 0 0 0 0 0 0 0 0 0 0 0 0 0 0 0 0 0 0 0 0 0 0 0 0 0 0 0 0 0 0 0 0 0 0 0 0 0 0 0 0 0 0 0 0 0 0 0 0 0 0 0 0 0 0 0 0 0 1 0 0 0 1 1 255 243 1 1 1 0 0 0 0 0 0 0 0 0 0 0 0 0 0 0 0 0 0 0 0 0 0 0 0 0 0 0 0 0 0 0 0 0 0 0 0 0 0 0 0 0 0 0 0 0 0 0 0 0 0 0 0 0 0 0 0 0 0 0 0 0 0 0 0 0 0 0 0 0 0 0 0 0 0 0 0 0 0 0 0 0 0 0 0 0 0 0 0 0 0 0 0 1 1 1 1 1 1 50 255 255 17 1 1 1 1 1 46 237 220 201 144 4 1 1 0 1 0 0 0 1 0 1 0 0 0 0 0 0 0 0 0 0 0 0 0 0 0 0 0 0 0 0 0 0 0 0 0 0 0 0 0 1 0 0 0 1 1 1 1 0 1 1 254 160 0 1 1 0 1 1 1 0 0 0 0 0 0 0 0 0 0 0 0 0 0
1 1 1 164 157 131 2 1 15 244 255 255 255 255 255 255 255 255 253 89 5 1 1 1 1 1 1 0 0 0 1 1 1 1 1 1 0 0 1 1 1 1 1 1 0 0 0 0 0 0 0 0 0 0 0 0 0 0 0 0 0 0 0 0 0 0 0 0 0 0 0 0 0 0 0 0 0 0 1 1 1 1 1 1 70 255 255 255 255 64 1 1 1 1 0 0 1 1 0 0 0 0 0 0 0 0 0 0 0 0 0 0 0 0 0 0 0 0 0 0 0 0 0 0 0 0 0 0 0 0 0 0 0 0 0 0 0 0 0 0 0 0 0 0 0 0 0 0 0 0 0 0 0 0 0 0 0 0 0 0 0 0 0 0 0 0 0 0 0 0 0 0 0 0 0 0 0 0 0 0 0 0 0 1 1 1 0 1 28 138 1 1 0 1 1 0 0 0 0 0 0 0 0 0 0 0 1 1 1 6 41 2 1 0 0 0 0 0 0 0 0 0 0 0 0 0 0 0 0 0 0 0 0 0 0 0 0 0 0 0 0 1 40 1 0 0 1 0 0 0 0 0 0 0 0 0 0 0 0 0 0 0 0 0 0 0 0 0 0 0 0 0 0 0 0 0 0 0 0 0 0 0 0 0 0 0 0 0 0 0 0 0 0 0 0 0 0 0 0 0 0 0 0 0 0 0 0 0 0 0 0 0 0 0 0 1 0 0 0 1 2 255 158 1 1 1 0 0 0 0 0 0 0 0 0 0 0 0 0 0 0 0 0 0 0 0 0 0 0 0 0 0 0 0 0 0 0 0 0 0 0 0 0 0 0 0 0 0 0 0 0 0 0 0 0 0 0 0 0 0 0 0 0 0 0 0 0 0 0 0 0 0 0 0 0 0 0 0 0 0 0 0 0 0 0 0 0 0 0 0 0 0 0 0 0 0 0 1 1 1 1 1 1 193 255 252 2 1 1 1 1 1 131 243 123 2 2 114 206 120 2 1 1 1 0 0 1 0 1 0 0 0 0 0 0 0 0 0 0 0 0 0 0 0 0 0 0 0 0 0 0 0 0 0 0 0 0 1 1 0 0 0 1 1 1 1 1 1 2 255 8 1 1 1 1 0 0 0 0 0 0 0 0 0 0 0 0 0 0 0 0 0
1 1 1 18 212 125 186 255 255 255 255 255 255 252 40 2 1 1 1 1 1 1 1 0 1 1 1 1 1 1 1 0 0 0 1 1 1 1 1 0 0 0 0 0 0 0 0 0 0 0 0 0 0 0 0 0 0 0 0 0 0 0 0 0 0 0 0 0 0 0 0 0 0 0 0 0 0 0 0 0 1 1 1 1 1 1 30 255 255 255 255 74 1 1 1 0 0 1 1 0 0 0 0 0 0 0 0 0 0 0 0 0 0 0 0 0 0 0 0 0 0 0 0 0 0 0 0 0 0 0 0 0 0 0 0 0 0 0 0 0 0 0 0 0 0 0 0 0 0 0 0 0 0 0 0 0 0 0 0 0 0 0 0 0 0 0 0 0 0 0 0 0 0 0 0 0 0 0 0 0 0 0 0 0 1 1 0 0 1 80 96 1 1 1 1 0 0 0 0 0 0 0 0 0 0 1 1 1 13 33 1 1 0 0 0 0 0 0 0 0 0 0 0 0 0 0 0 0 0 0 0 0 0 0 0 0 0 0 0 0 0 1 28 6 1 0 1 0 0 0 0 0 0 0 0 0 0 0 0 0 0 0 0 0 0 0 0 0 0 0 0 0 0 0 0 0 0 0 0 0 0 0 0 0 0 0 0 0 0 0 0 0 0 0 0 0 0 0 0 0 0 0 0 0 0 0 0 0 0 0 0 0 0 0 0 1 0 0 0 1 5 255 62 1 1 1 0 0 0 0 0 0 0 0 0 0 0 0 0 0 0 0 0 0 0 0 0 0 0 0 0 0 0 0 0 0 0 0 0 0 0 0 0 0 0 0 0 0 0 0 0 0 0 0 0 0 0 0 0 0 0 0 0 0 0 0 0 0 0 0 0 0 0 0 0 0 0 0 0 0 0 0 0 0 0 0 0 0 0 0 0 0 0 0 0 0 1 1 1 1 1 2 255 255 144 1 1 1 1 1 5 206 235 45 1 1 1 1 3 135 206 104 2 1 1 1 1 0 1 0 0 0 0 0 0 0 0 0 0 0 0 0 0 0 0 0 0 0 0 0 0 0 0 0 0 0 0 1 0 0 0 1 1 1 1 1 1 1 143 254 1 1 1 1 0 0 0 0 0 0 0 0 0 0 0 0 0 0 0 0 0 0
1 1 1 1 230 255 255 255 255 255 202 4 1 1 1 1 1 1 1 1 1 1 1 1 1 0 0 0 1 1 1 1 1 1 1 0 0 0 0 0 0 0 0 0 0 0 0 0 0 0 0 0 0 0 0 0 0 0 0 0 0 0 0 0 0 0 0 0 0 0 0 0 0 0 0 0 0 0 0 0 0 0 1 1 1 1 1 1 10 255 255 255 253 2 1 1 0 0 1 0 0 0 0 0 0 0 0 0 0 0 0 0 0 0 0 0 0 0 0 0 0 0 0 0 0 0 0 0 0 0 0 0 0 0 0 0 0 0 0 0 0 0 0 0 0 0 0 0 0 0 0 0 0 0 0 0 0 0 0 0 0 0 0 0 0 0 0 0 0 0 0 0 0 0 0 0 0 0 0 0 0 0 0 0 0 1 1 0 1 1 125 46 1 1 1 0 0 0 0 0 0 0 0 0 0 1 1 23 23 1 0 0 0 0 0 0 0 0 0 0 0 0 0 0 0 0 0 0 0 0 0 0 0 0 0 0 0 0 0 0 0 0 1 41 1 0 1 1 0 0 0 0 0 0 0 0 0 0 0 0 0 0 0 0 0 0 0 0 0 0 0 0 0 0 0 0 0 0 0 0 0 0 0 0 0 0 0 0 0 0 0 0 0 0 0 0 0 0 0 0 0 0 0 0 0 0 0 0 0 0 0 0 0 0 0 1 0 0 0 1 22 255 16 1 1 1 0 0 0 0 0 0 0 0 0 0 0 0 0 0 0 0 0 0 0 0 0 0 0 0 0 0 0 0 0 0 0 0 0 0 0 0 0 0 0 0 0 0 0 0 0 0 0 0 0 0 0 0 0 0 0 0 0 0 0 0 0 0 0 0 0 0 0 0 0 0 0 0 0 0 0 0 0 0 0 0 0 0 0 0 0 0 0 0 0 1 1 1 1 1 9 255 255 28 1 1 1 1 1 48 238 201 5 1 1 1 1 0 0 1 5 152 208 114 3 1 1 1 1 1 0 0 0 0 0 0 0 0 0 0 0 0 0 0 0 0 0 0 0 0 0 0 0 0 0 0 0 1 0 1 1 1 0 0 1 1 1 33 255 72 1 0 0 0 0 0 0 0 0 0 0 0 0 0 0 0 0 0 0 0 0 0
1 1 1 255 255 255 255 255 43 1 1 1 1 1 1 1 1 1 1 1 0 0 0 0 0 0 1 1 1 1 0 0 0 0 0 0 0 0 0 0 0 0 0 0 0 0 0 0 0 0 0 0 0 0 0 0 0 0 0 0 0 0 0 0 0 0 0 0 0 0 0 0 0 0 0 0 0 0 0 0 0 0 0 0 1 1 1 1 1 1 7 255 255 255 1 1 0 0 1 1 0 0 0 0 0 0 0 0 0 0 0 0 0 0 0 0 0 0 0 0 0 0 0 0 0 0 0 0 0 0 0 0 0 0 0 0 0 0 0 0 0 0 0 0 0 0 0 0 0 0 0 0 0 0 0 0 0 0 0 0 0 0 0 0 0 0 0 0 0 0 0 0 0 0 0 0 0 0 0 0 0 0 0 0 0 0 1 1 0 1 2 153 9 1 1 0 0 0 0 0 0 0 1 0 1 1 33 14 1 0 0 0 0 0 0 0 0 0 0 0 0 0 0 0 0 0 0 0 0 0 0 0 0 0 0 0 0 0 0 0 0 0 1 25 7 1 0 1 0 0 0 0 0 0 0 0 0 0 0 0 0 0 0 0 0 0 0 0 0 0 0 0 0 0 0 0 0 0 0 0 0 0 0 0 0 0 0 0 0 0 0 0 0 0 0 0 0 0 0 0 0 0 0 0 0 0 0 0 0 0 0 0 0 0 0 1 0 0 0 1 93 255 4 1 1 1 0 0 0 0 0 0 0 0 0 0 0 0 0 0 0 0 0 0 0 0 0 0 0 0 0 0 0 0 0 0 0 0 0 0 0 0 0 0 0 0 0 0 0 0 0 0 0 0 0 0 0 0 0 0 0 0 0 0 0 0 0 0 0 0 0 0 0 0 0 0 0 0 0 0 0 0 0 0 0 0 0 0 0 0 0 0 0 0 1 1 1 1 1 28 255 255 4 1 1 1 1 1 135 243 118 1 1 1 1 0 0 0 0 0 1 1 5 143 210 175 30 1 1 1 1 1 1 1 0 0 0 0 0 0 0 0 0 0 0 0 0 0 0 0 0 0 0 0 0 0 0 1 1 1 1 0 1 1 1 1 93 255 160 1 0 0 0 0 0 0 0 0 0 0 0 0 0 0 0 0 0 0 0 0 0 0
1 3 255 255 255 255 38 1 1 1 1 1 1 1 0 0 1 1 0 0 0 1 1 1 1 1 1 0 0 0 0 0 0 0 0 0 0 0 0 0 0 0 0 0 0 0 0 0 0 0 0 0 0 0 0 0 0 0 0 0 0 0 0 0 0 0 0 0 0 0 0 0 0 0 0 0 0 0 0 0 0 0 0 0 0 0 1 1 1 1 1 1 174 255 170 1 0 0 0 1 0 0 0 0 0 0 0 0 0 0 0 0 0 0 0 0 0 0 0 0 0 0 0 0 0 0 0 0 0 0 0 0 0 0 0 0 0 0 0 0 0 0 0 0 0 0 0 0 0 0 0 0 0 0 0 0 0 0 0 0 0 0 0 0 0 0 0 0 0 0 0 0 0 0 0 0 0 0 0 0 0 0 0 0 0 0 0 1 1 0 1 10 153 2 1 1 1 1 1 1 1 1 1 0 1 39 7 1 0 0 0 0 0 0 0 0 0 0 0 0 0 0 0 0 0 0 0 0 0 0 0 0 0 0 0 0 0 0 0 0 0 0 0 1 42 1 1 1 0 0 0 0 0 0 0 0 0 0 0 0 0 0 0 0 0 0 0 0 0 0 0 0 0 0 0 0 0 0 0 0 0 0 0 0 0 0 0 0 0 0 0 0 0 0 0 0 0 0 0 0 0 0 0 0 0 0 0 0 0 0 0 0 0 0 0 1 0 0 0 1 214 255 2 1 1 1 0 0 0 0 0 0 0 0 0 0 0 0 0 0 0 0 0 0 0 0 0 0 0 0 0 0 0 0 0 0 0 0 0 0 0 0 0 0 0 0 0 0 0 0 0 0 0 0 0 0 0 0 0 0 0 0 0 0 0 0 0 0 0 0 0 0 0 0 0 0 0 0 0 0 0 0 0 0 0 0 0 0 0 0 0 0 0 1 1 1 1 1 87 255 255 2 1 1 1 1 5 214 235 36 1 1 1 1 0 0 0 0 0 0 0 0 1 1 1 73 197 208 134 10 1 1 1 1 1 1 1 1 0 0 0 0 0 0 0 0 0 0 0 0 0 0 0 0 0 0 1 1 1 1 1 1 1 1 3 193 255 123 2 1 0 0 0 0 0 0 0 0 0 0 0 0 0 0 0 0 0 0 0 0 0 0
4 255 255 255 244 1 1 1 1 1 1 1 0 0 1 1 1 1 1 1 1 1 0 0 0 0 0 0 0 0 0 0 0 0 0 0 0 0 0 0 0 0 0 0 0 0 0 0 0 0 0 0 0 0 0 0 0 0 0 0 0 0 0 0 0 0 0 0 0 0 0 0 0 0 0 0 0 0 0 0 0 0 0 0 0 0 0 0 1 1 1 1 1 255 255 1 1 0 0 1 0 0 0 0 0 0 0 0 0 0 0 0 0 0 0 0 0 0 0 0 0 0 0 0 0 0 0 0 0 0 0 0 0 0 0 0 0 0 0 0 0 0 0 0 0 0 0 0 0 0 0 0 0 0 0 0 0 0 0 0 0 0 0 0 0 0 0 0 0 0 0 0 0 0 0 0 0 0 0 0 0 0 0 0 0 0 0 0 1 0 1 1 48 123 1 1 0 0 0 0 0 1 0 3 42 3 1 0 0 0 0 0 0 0 0 0 0 0 0 0 0 0 0 0 0 0 0 0 0 0 0 0 0 0 0 0 0 0 0 0 0 0 0 0 19 12 1 1 1 0 0 0 0 0 0 0 0 0 0 0 0 0 0 0 0 0 0 0 0 0 0 0 0 0 0 0 0 0 0 0 0 0 0 0 0 0 0 0 0 0 0 0 0 0 0 0 0 0 0 0 0 0 0 0 0 0 0 0 0 0 0 0 0 0 0 1 0 0 1 1 255 255 1 1 1 1 0 0 0 0 0 0 0 0 0 0 0 0 0 0 0 0 0 0 0 0 0 0 0 0 0 0 0 0 0 0 0 0 0 0 0 0 0 0 0 0 0 0 0 0 0 0 0 0 0 0 0 0 0 0 0 0 0 0 0 0 0 0 0 0 0 0 0 0 0 0 0 0 0 0 0 0 0 0 0 0 0 0 0 0 0 0 1 1 1 1 1 201 255 235 1 1 1 1 1 49 240 196 4 1 1 1 1 0 0 0 0 0 0 0 0 0 0 0 1 1 1 5 125 206 201 102 6 1 1 1 1 1 1 1 1 1 1 1 1 1 0 0 0 0 0 0 0 0 1 1 1 1 1 1 1 1 1 23 243 249 65 2 1 1 1 1 1 1 1 1 1 1 1 1 1 1 1 1 1 1 1 1 1 1 1 1
255 255 255 58 1 1 1 1 1 1 1 0 0 1 1 1 1 1 0 0 0 0 0 0 0 0 0 0 0 0 0 0 0 0 0 0 0 0 0 0 0 0 0 0 0 0 0 0 0 0 0 0 0 0 0 0 0 0 0 0 0 0 0 0 0 0 0 0 0 0 0 0 0 0 0 0 0 0 0 0 0 0 0 0 0 0 0 0 1 0 1 1 1 135 255 1 1 0 0 1 0 0 0 0 0 0 0 0 0 0 0 0 0 0 0 0 0 0 0 0 0 0 0 0 0 0 0 0 0 0 0 0 0 0 0 0 0 0 0 0 0 0 0 0 0 0 0 0 0 0 0 0 0 0 0 0 0 0 0 0 0 0 0 0 0 0 0 0 0 0 0 0 0 0 0 0 0 0 0 0 0 0 0 0 0 0 0 0 1 1 1 1 1 99 76 1 1 0 0 0 1 0 5 40 2 1 0 0 0 0 0 0 0 0 0 0 0 0 0 0 0 0 0 0 0 0 0 0 0 0 0 0 0 0 0 0 0 0 0 0 0 0 0 0 1 42 1 1 1 0 0 0 0 0 0 0 0 0 0 0 0 0 0 0 0 0 0 0 0 0 0 0 0 0 0 0 0 0 0 0 0 0 0 0 0 0 0 0 0 0 0 0 0 0 0 0 0 0 0 0 0 0 0 0 0 0 0 0 0 0 0 0 0 0 0 1 0 0 1 1 255 255 1 1 1 1 0 0 0 0 0 0 0 0 0 0 0 0 0 0 0 0 0 0 0 0 0 0 0 0 0 0 0 0 0 0 0 0 0 0 0 0 0 0 0 0 0 0 0 0 0 0 0 0 0 0 0 0 0 0 0 0 0 0 0 0 0 0 0 0 0 0 0 0 0 0 0 0 0 0 0 0 0 0 0 0 0 0 0 0 0 1 1 1 1 4 255 255 141 1 1 1 1 1 137 244 109 1 1 1 1 0 0 0 0 0 0 0 0 0 0 1 1 1 1 0 0 0 1 1 17 155 208 206 169 80 11 2 1 1 1 1 1 1 1 1 1 1 1 1 1 1 1 1 1 1 1 1 1 1 1 6 171 255 215 23 2 1 1 0 0 0 0 0 0 0 0 0 0 0 0 0 0 0 0 0 0 0 0 0 0 0
255 255 12 1 1 1 1 1 1 1 1 1 1 1 0 0 0 0 0 0 0 0 0 0 0 0 0 0 0 0 0 0 0 0 0 0 0 0 0 0 0 0 0 0 0 0 0 0 0 0 0 0 0 0 0 0 0 0 0 0 0 0 0 0 0 0 0 0 0 0 0 0 0 0 0 0 0 0 0 0 0 0 0 0 0 0 0 0 1 1 0 1 1 7 255 4 1 0 0 1 0 0 0 0 0 0 0 0 0 0 0 0 0 0 0 0 0 0 0 0 0 0 0 0 0 0 0 0 0 0 0 0 0 0 0 0 0 0 0 0 0 0 0 0 0 0 0 0 0 0 0 0 0 0 0 0 0 0 0 0 0 0 0 0 0 0 0 0 0 0 0 0 0 0 0 0 0 0 0 0 0 0 0 0 0 0 0 0 0 1 1 1 1 1 137 24 1 1 0 0 1 7 36 1 1 0 0 0 0 0 0 0 0 0 0 0 0 0 0 0 0 0 0 0 0 0 0 0 0 0 0 0 0 0 0 0 0 0 0 0 0 0 0 0 0 9 22 1 1 0 0 0 0 0 0 0 0 0 0 0 0 0 0 0 0 0 0 0 0 0 0 0 0 0 0 0 0 0 0 0 0 0 0 0 0 0 0 0 0 0 0 0 0 0 0 0 0 0 0 0 0 0 0 0 0 0 0 0 0 0 0 0 0 0 1 1 0 0 1 1 255 255 1 1 1 1 0 0 0 0 0 0 0 0 0 0 0 0 0 0 0 0 0 0 0 0 0 0 0 0 0 0 0 0 0 0 0 0 0 0 0 0 0 0 0 0 0 0 0 0 0 0 0 0 0 0 0 0 0 0 0 0 0 0 0 0 0 0 0 0 0 0 0 0 0 0 0 0 0 0 0 0 0 0 0 0 0 0 0 1 1 1 1 1 23 255 255 27 1 1 1 1 6 215 235 30 1 1 1 1 0 0 0 0 0 0 0 0 0 1 1 1 1 0 0 0 0 0 0 0 1 1 1 9 84 173 205 213 205 159 49 2 1 1 1 1 1 1 1 1 1 1 1 1 1 1 1 1 3 55 220 255 252 104 8 1 1 1 0 0 0 0 0 0 0 0 0 0 0 0 0 0 0 0 0 0 0 0 0 0 0 0
255 22 1 1 1 1 1 1 1 1 1 1 1 0 0 0 0 0 0 0 0 0 0 0 0 0 0 0 0 0 0 0 0 0 0 0 0 0 0 0 0 0 0 0 0 0 0 0 0 0 0 0 0 0 0 0 0 0 0 0 0 0 0 0 0 0 0 0 0 0 0 0 0 0 0 0 0 0 0 0 0 0 0 0 0 0 0 0 0 1 0 1 1 1 255 38 1 0 0 1 0 0 0 0 0 0 0 0 0 0 0 0 0 0 0 0 0 0 0 0 0 0 0 0 0 0 0 0 0 0 0 0 0 0 0 0 0 0 0 0 0 0 0 0 0 0 0 0 0 0 0 0 0 0 0 0 0 0 0 0 0 0 0 0 0 0 0 0 0 0 0 0 0 0 0 0 0 0 0 0 0 0 0 0 0 0 0 0 0 0 0 1 1 1 3 153 3 1 0 1 10 31 1 1 0 0 0 0 0 0 0 0 0 0 0 0 0 0 0 0 0 0 0 0 0 0 0 0 0 0 0 0 0 0 0 0 0 0 0 0 0 0 0 0 0 1 39 1 1 0 0 0 0 0 0 0 0 0 0 0 0 0 0 0 0 0 0 0 0 0 0 0 0 0 0 0 0 0 0 0 0 0 0 0 0 0 0 0 0 0 0 0 0 0 0 0 0 0 0 0 0 0 0 0 0 0 0 0 0 0 0 0 0 0 1 0 0 0 1 1 255 255 1 1 1 1 0 0 0 0 0 0 0 0 0 0 0 0 0 0 0 0 0 0 0 0 0 0 0 0 0 0 0 0 0 0 0 0 0 0 0 0 0 0 0 0 0 0 0 0 0 0 0 0 0 0 0 0 0 0 0 0 0 0 0 0 0 0 0 0 0 0 0 0 0 0 0 0 0 0 0 0 0 0 0 0 0 0 1 1 1 1 1 112 255 255 4 1 1 1 1 54 241 194 3 1 1 1 0 0 1 1 1 1 1 1 1 1 1 1 1 0 0 0 0 0 0 0 0 0 0 0 1 1 1 1 1 1 11 96 188 212 178 28 1 1 1 1 1 1 1 1 1 1 1 5 108 242 255 255 242 122 21 2 1 1 1 1 0 0 0 0 0 0 0 0 0 0 0 0 0 0 0 0 0 0 0 0 0 0 0 0
117 1 1 1 1 1 1 1 1 1 1 1 0 0 0 0 0 0 0 0 0 0 0 0 0 0 0 0 0 0 0 0 0 0 0 0 0 0 0 0 0 0 0 0 0 0 0 0 0 0 0 0 0 0 0 0 0 0 0 0 0 0 0 0 0 0 0 0 0 0 0 0 0 0 0 0 0 0 0 0 0 0 0 0 0 0 0 0 0 1 0 1 1 1 255 223 1 0 0 1 0 0 0 0 0 0 0 0 0 0 0 0 0 0 0 0 0 0 0 0 0 0 0 0 0 0 0 0 0 0 0 0 0 0 0 0 0 0 0 0 0 0 0 0 0 0 0 0 0 0 0 0 0 0 0 0 0 0 0 0 0 0 0 0 0 0 0 0 0 0 0 0 0 0 0 0 0 0 0 0 0 0 0 0 0 0 0 0 0 0 0 0 1 0 1 25 137 1 1 16 26 1 1 1 0 0 0 0 0 0 0 0 0 0 0 0 0 0 0 0 0 0 0 0 0 0 0 0 0 0 0 0 0 0 0 0 0 0 0 0 0 0 0 0 0 0 3 33 1 1 0 0 0 0 0 0 0 0 0 0 0 0 0 0 0 0 0 0 0 0 0 0 0 0 0 0 0 0 0 0 0 0 0 0 0 0 0 0 0 0 0 0 0 0 0 0 0 0 0 0 0 0 0 0 0 0 0 0 0 0 0 0 0 0 1 0 0 0 1 1 255 255 1 1 1 1 0 0 0 0 0 0 0 0 0 0 0 0 0 0 0 0 0 0 0 0 0 0 0 0 0 0 0 0 0 0 0 0 0 0 0 0 0 0 0 0 0 0 0 0 0 0 0 0 0 0 0 0 0 0 0 0 0 0 0 0 0 0 0 0 0 0 0 0 0 0 0 0 0 0 0 0 0 0 0 0 0 1 1 1 1 2 233 255 225 1 1 1 1 1 144 243 107 1 1 1 1 1 1 1 1 1 1 0 0 0 1 1 1 0 0 0 0 0 0 0 0 0 0 0 0 0 0 1 1 1 1 1 1 1 1 1 68 197 199 68 2 1 1 1 1 1 5 128 250 255 255 221 105 34 9 2 1 1 1 1 1 0 0 0 0 0 0 0 0 0 0 0 0 0 0 0 0 0 0 0 0 0 0 0 0 0
1 1 1 1 1 1 1 0 1 1 0 0 0 0 0 0 0 0 0 0 0 0 0 0 0 0 0 0 0 0 0 0 0 0 0 0 0 0 0 0 0 0 0 0 0 0 0 0 0 0 0 0 0 0 0 0 0 0 0 0 0 0 0 0 0 0 0 0 0 0 0 0 0 0 0 0 0 0 0 0 0 0 0 0 0 0 0 0 0 1 0 0 1 1 255 255 1 0 0 1 1 0 0 0 0 0 0 0 0 0 0 0 0 0 0 0 0 0 0 0 0 0 0 0 0 0 0 0 0 0 0 0 0 0 0 0 0 0 0 0 0 0 0 0 0 0 0 0 0 0 0 0 0 0 0 0 0 0 0 0 0 0 0 0 0 0 0 0 0 0 0 0 0 0 0 0 0 0 0 0 0 0 0 0 0 0 0 0 0 0 0 0 1 1 0 1 74 103 22 20 1 0 1 0 0 0 0 0 0 0 0 0 0 0 0 0 0 0 0 0 0 0 0 0 0 0 0 0 0 0 0 0 0 0 0 0 0 0 0 0 0 0 0 0 0 0 1 30 5 1 0 0 0 0 0 0 0 0 0 0 0 0 0 0 0 0 0 0 0 0 0 0 0 0 0 0 0 0 0 0 0 0 0 0 0 0 0 0 0 0 0 0 0 0 0 0 0 0 0 0 0 0 0 0 0 0 0 0 0 0 0 0 0 0 1 0 0 0 1 1 255 255 1 1 1 1 0 0 1 1 0 0 0 0 0 0 0 0 0 0 0 0 0 0 0 0 0 0 0 0 0 0 0 0 0 0 0 0 0 0 0 0 0 0 0 0 0 0 0 0 0 0 0 0 0 0 0 0 0 0 0 0 0 0 0 0 0 0 0 0 0 0 0 0 0 0 0 0 0 0 0 0 0 0 0 1 1 1 1 1 9 255 255 95 1 1 1 1 7 217 234 31 1 1 1 0 0 0 0 0 0 0 0 1 1 1 1 0 0 0 0 0 0 0 0 0 0 0 0 0 0 0 0 0 0 1 1 0 0 0 0 0 0 1 20 177 207 188 166 152 132 237 255 255 198 49 9 3 2 1 1 1 1 1 1 1 1 0 0 0 0 0 0 0 0 0 0 0 0 0 0 0 0 0 0 0 0 0 0 0 0 0
1 1 1 1 1 1 0 0 1 0 0 0 0 0 0 0 0 0 0 0 0 0 0 0 0 0 0 0 0 0 0 0 0 0 0 0 0 0 0 0 0 0 0 0 0 0 0 0 0 0 0 0 0 0 0 0 0 0 0 0 0 0 0 0 0 0 0 0 0 0 0 0 0 0 0 0 0 0 0 0 0 0 0 0 0 0 0 0 0 1 0 0 1 1 255 255 1 1 0 0 1 0 0 0 0 0 0 0 0 0 0 0 0 0 0 0 0 0 0 0 0 0 0 0 0 0 0 0 0 0 0 0 0 0 0 0 0 0 0 0 0 0 0 0 0 0 0 0 0 0 0 0 0 0 0 0 0 0 0 0 0 0 0 0 0 0 0 0 0 0 0 0 0 0 0 0 0 0 0 0 0 0 0 0 0 0 0 0 0 0 0 0 0 1 0 1 1 153 75 1 1 1 1 0 0 0 0 0 0 0 0 0 0 0 0 0 0 0 0 0 0 0 0 0 0 0 0 0 0 0 0 0 0 0 0 0 0 0 0 0 0 0 0 0 0 0 0 1 41 1 1 0 0 0 0 0 0 0 0 0 0 0 0 0 0 0 0 0 0 0 0 0 0 0 0 0 0 0 0 0 0 0 0 0 0 0 0 0 0 0 0 0 0 0 0 0 0 0 0 0 0 0 0 0 0 0 0 0 0 0 0 0 0 0 1 0 0 0 1 1 255 255 1 1 1 1 0 0 1 0 0 0 0 0 0 0 0 0 0 0 0 0 0 0 0 0 0 0 0 0 0 0 0 0 0 0 0 0 0 0 0 0 0 0 0 0 0 0 0 0 0 0 0 0 0 0 0 0 0 0 0 0 0 0 0 0 0 0 0 0 0 0 0 0 0 0 0 0 0 0 0 0 0 1 1 1 1 1 1 68 255 255 12 1 1 1 1 62 241 189 4 1 1 1 1 1 1 1 1 1 1 1 1 1 0 0 0 0 0 0 0 0 0 0 0 0 0 0 0 0 0 0 0 0 0 0 1 1 0 0 0 0 0 0 1 1 2 34 79 99 255 255 220 33 3 1 1 1 1 1 1 1 1 1 1 1 1 0 0 0 0 0 0 0 0 0 0 0 0 0 0 0 0 0 0 0 0 0 0 0 0 0
1 1 1 1 1 0 0 0 0 0 0 0 0 0 0 0 0 0 0 0 0 0 0 0 0 0 0 0 0 0 0 0 0 0 0 0 0 0 0 0 0 0 0 0 0 0 0 0 0 0 0 0 0 0 0 0 0 0 0 0 0 0 0 0 0 0 0 0 0 0 0 0 0 0 0 0 0 0 0 0 0 0 0 0 0 0 0 0 0 1 0 0 0 1 244 255 1 1 0 0 1 0 0 0 0 0 0 0 0 0 0 0 0 0 0 0 0 0 0 0 0 0 0 0 0 0 0 0 0 0 0 0 0 0 0 0 0 0 0 0 0 0 0 0 0 0 0 0 0 0 0 0 0 0 0 0 0 0 0 0 0 0 0 0 0 0 0 0 0 0 0 0 0 0 0 0 0 0 0 0 0 0 0 0 0 0 0 0 0 0 0 0 0 1 1 0 1 112 54 65 1 1 0 0 0 0 0 0 0 0 0 0 0 0 0 0 0 0 0 0 0 0 0 0 0 0 0 0 0 0 0 0 0 0 0 0 0 0 0 0 0 0 0 0 0 0 0 0 14 16 1 0 0 0 0 0 0 0 0 0 0 0 0 0 0 0 0 0 0 0 0 0 0 0 0 0 0 0 0 0 0 0 0 0 0 0 0 0 0 0 0 0 0 0 0 0 0 0 0 0 0 0 0 0 0 0 0 0 0 0 0 0 0 0 1 0 0 0 1 1 255 255 2 2 1 1 0 1 1 0 0 0 0 0 0 0 0 0 0 0 0 0 0 0 0 0 0 0 0 0 0 0 0 0 0 0 0 0 0 0 0 0 0 0 0 0 0 0 0 0 0 0 0 0 0 0 0 0 0 0 0 0 0 0 0 0 0 0 0 0 0 0 0 0 0 0 0 0 0 0 0 0 1 1 1 1 1 2 217 255 251 2 1 1 1 2 151 243 102 1 1 1 1 0 0 0 1 1 1 0 0 0 0 0 0 0 0 0 0 0 0 0 0 0 0 0 0 0 0 0 0 0 0 0 0 0 0 1 1 0 0 0 0 0 1 1 0 1 1 49 255 58 69 176 46 4 1 1 1 1 1 0 1 1 0 0 1 1 0 0 0 0 0 0 0 0 0 0 0 0 0 0 0 0 0 0 0 0 0 0 0 0
1 1 1 0 0 0 0 0 0 0 0 0 0 0 0 0 0 0 0 0 0 0 0 0 0 0 0 0 0 0 0 0 0 0 0 0 0 0 0 0 0 0 0 0 0 0 0 0 0 0 0 0 0 0 0 0 0 0 0 0 0 0 0 0 0 0 0 0 0 0 0 0 0 0 0 0 0 0 0 0 0 0 0 0 0 0 0 0 0 1 1 0 0 1 87 255 1 1 0 0 1 0 0 0 0 0 0 0 0 0 0 0 0 0 0 0 0 0 0 0 0 0 0 0 0 0 0 0 0 0 0 0 0 0 0 0 0 0 0 0 0 0 0 0 0 0 0 0 0 0 0 0 0 0 0 0 0 0 0 0 0 0 0 0 0 0 0 0 0 0 0 0 0 0 0 0 0 0 0 0 0 0 0 0 0 0 0 0 0 0 0 0 0 0 1 1 3 103 1 26 92 8 1 1 0 0 0 0 0 0 0 0 0 0 0 0 0 0 0 0 0 0 0 0 0 0 0 0 0 0 0 0 0 0 0 0 0 0 0 0 0 0 0 0 0 0 0 0 1 40 1 1 0 0 0 0 0 0 0 0 0 0 0 0 0 0 0 0 0 0 0 0 0 0 0 0 0 0 0 0 0 0 0 0 0 0 0 0 0 0 0 0 0 0 0 0 0 0 0 0 0 0 0 0 0 0 0 0 0 0 0 0 0 0 1 0 0 0 1 2 255 252 1 1 1 2 2 1 1 0 0 0 0 0 0 0 0 0 0 0 0 0 0 0 0 0 0 0 0 0 0 0 0 0 0 0 0 0 0 0 0 0 0 0 0 0 0 0 0 0 0 0 0 0 0 0 0 0 0 0 0 0 0 0 0 0 0 0 0 0 0 0 0 0 0 0 0 0 0 0 0 1 1 1 1 1 7 255 255 131 1 1 1 1 8 220 233 29 1 1 1 1 0 0 0 1 1 0 0 0 0 0 0 0 0 0 0 0 0 0 0 0 0 0 0 0 0 0 0 0 0 0 0 0 0 0 0 0 1 1 0 0 0 0 0 1 1 6 69 23 255 53 2 30 167 104 7 1 1 1 1 1 1 1 0 0 0 1 1 0 0 0 0 0 0 0 0 0 0 0 0 0 0 0 0 0 0 0 0 0 0 0
1 1 0 0 0 0 0 0 0 0 0 0 0 0 0 0 0 0 0 0 0 0 0 0 0 0 0 0 0 0 0 0 0 0 0 0 0 0 0 0 0 0 0 0 0 0 0 0 0 0 0 0 0 0 0 0 0 0 0 0 0 0 0 0 0 0 0 0 0 0 0 0 0 0 0 0 0 0 0 0 0 0 0 0 0 0 0 0 0 0 1 0 0 1 6 255 3 1 0 0 1 0 0 0 0 0 0 0 0 0 0 0 0 0 0 0 0 0 0 0 0 0 0 0 0 0 0 0 0 0 0 0 0 0 0 0 0 0 0 0 0 0 0 0 0 0 0 0 0 0 0 0 0 0 0 0 0 0 0 0 0 0 0 0 0 0 0 0 0 0 0 0 0 0 0 0 0 0 0 0 0 0 0 0 0 0 0 0 0 0 0 0 0 0 1 1 32 70 0 1 3 85 50 1 1 0 0 0 0 0 0 0 0 0 0 0 0 0 0 0 0 0 0 0 0 0 0 0 0 0 0 0 0 0 0 0 0 0 0 0 0 0 0 0 0 0 0 0 0 4 32 1 0 0 0 0 0 0 0 0 0 0 0 0 0 0 0 0 0 0 0 0 0 0 0 0 0 0 0 0 0 0 0 0 0 0 0 0 0 0 0 0 0 0 0 0 0 0 0 0 0 0 0 0 0 0 0 0 0 0 0 0 0 0 1 0 1 0 1 3 255 185 1 1 1 1 1 1 2 2 1 1 0 0 0 0 0 0 0 0 0 0 0 0 0 0 0 0 0 0 0 0 0 0 0 0 0 0 0 0 0 0 0 0 0 0 0 0 0 0 0 0 0 0 0 0 0 0 0 0 0 0 0 0 0 0 0 0 0 0 0 0 0 0 0 0 0 0 0 1 1 1 1 1 1 54 255 255 15 1 1 1 2 68 243 184 3 1 1 1 0 0 0 0 1 1 0 0 0 0 0 0 0 0 0 0 0 0 0 0 0 0 0 0 0 0 0 0 0 0 0 0 0 0 0 0 0 0 0 1 1 0 0 0 1 1 43 63 2 1 242 249 8 1 2 120 135 12 1 1 1 1 1 0 0 0 0 0 0 1 1 0 0 0 0 0 0 0 0 0 0 0 0 0 0 0 0 0 0 0 0 0
1 1 0 0 0 0 0 0 0 0 0 0 0 0 0 0 0 0 0 0 0 0 0 0 0 0 0 0 0 0 0 0 0 0 0 0 0 0 0 0 0 0 0 0 0 0 0 0 0 0 0 0 0 0 0 0 0 0 0 0 0 0 0 0 0 0 0 0 0 0 0 0 0 0 0 0 0 0 0 0 0 0 0 0 0 0 0 0 0 0 1 0 0 0 1 255 55 1 0 0 1 0 0 0 0 0 0 0 0 0 0 0 0 0 0 0 0 0 0 0 0 0 0 0 0 0 0 0 0 0 0 0 0 0 0 0 0 0 0 0 0 0 0 0 0 0 0 0 0 0 0 0 0 0 0 0 0 0 0 0 0 0 0 0 0 0 0 0 0 0 0 0 0 0 0 0 0 0 0 0 0 0 0 0 0 0 0 0 0 0 0 0 0 0 0 1 92 10 0 1 1 1 40 93 7 1 1 0 0 0 0 0 0 0 0 0 0 0 0 0 0 0 0 0 0 0 0 0 0 0 0 0 0 0 0 0 0 0 0 0 0 0 0 0 0 0 0 0 0 1 26 7 1 0 0 0 0 0 0 0 0 0 0 0 0 0 0 0 0 0 0 0 0 0 0 0 0 0 0 0 0 0 0 0 0 0 0 0 0 0 0 0 0 0 0 0 0 0 0 0 0 0 0 0 0 0 0 0 0 0 0 0 0 0 1 0 0 1 1 12 255 81 1 1 1 1 0 0 0 1 2 2 1 0 0 0 0 0 0 0 0 0 0 0 0 0 0 0 0 0 0 0 0 0 0 0 0 0 0 0 0 0 0 0 0 0 0 0 0 0 0 0 0 0 0 0 0 0 0 0 0 0 0 0 0 0 0 0 0 0 0 0 0 0 0 0 0 0 1 1 1 1 1 2 201 255 252 2 1 1 1 2 156 243 97 1 1 1 1 0 0 0 1 1 1 0 0 0 0 0 0 0 0 0 0 0 0 0 0 0 0 0 0 0 0 0 0 0 0 0 0 0 0 0 0 0 0 0 0 0 1 1 0 1 18 76 21 1 1 1 11 252 254 33 1 1 90 156 21 2 1 1 1 1 1 0 0 0 0 0 1 1 1 0 0 0 0 0 0 0 0 0 0 0 0 0 0 0 0 0 0 0
1 0 0 0 0 0 0 0 0 0 0 0 0 0 0 0 0 0 0 0 0 0 0 0 0 0 0 0 0 0 0 0 0 0 0 0 0 0 0 0 0 0 0 0 0 0 0 0 0 0 0 0 0 0 0 0 0 0 0 0 0 0 0 0 0 0 0 0 0 0 0 0 0 0 0 0 0 0 0 0 0 0 0 0 0 0 0 0 0 0 1 0 0 0 1 255 244 1 0 0 1 1 0 0 0 0 0 0 0 0 0 0 0 0 0 0 0 0 0 0 0 0 0 0 0 0 0 0 0 0 0 0 0 0 0 0 0 0 0 0 0 0 0 0 0 0 0 0 0 0 0 0 0 0 0 0 0 0 0 0 0 0 0 0 0 0 0 0 0 0 0 0 0 0 0 0 0 0 0 0 0 0 0 0 0 0 0 0 0 0 0 0 0 0 0 1 107 1 1 1 0 0 1 4 89 55 1 1 1 0 0 0 0 0 0 0 0 0 0 0 0 0 0 0 0 0 0 0 0 0 0 0 0 0 0 0 0 0 0 0 0 0 0 0 0 0 0 0 0 0 1 42 1 0 0 0 0 0 0 0 0 0 0 0 0 0 0 0 0 0 0 0 0 0 0 0 0 0 0 0 0 0 0 0 0 0 0 0 0 0 0 0 0 0 0 0 0 0 0 0 0 0 0 0 0 0 0 0 0 0 0 0 0 0 1 0 0 0 1 52 255 23 1 1 1 1 0 0 0 0 0 1 2 1 1 0 0 0 0 0 0 0 0 0 0 0 0 0 0 0 0 0 0 0 0 0 0 0 0 0 0 0 0 0 0 0 0 0 0 0 0 0 0 0 0 0 0 0 0 0 0 0 0 0 0 0 0 0 0 0 0 0 0 0 0 0 0 1 1 1 1 1 7 255 255 151 1 1 1 1 10 223 232 24 1 1 1 1 0 0 0 0 1 0 0 0 0 0 0 0 0 0 0 0 0 0 0 0 0 0 0 0 0 0 0 0 0 0 0 0 0 0 0 0 0 0 0 0 0 0 1 1 9 71 49 1 1 1 1 1 1 7 227 255 128 1 1 57 170 38 4 1 1 1 1 1 0 0 0 0 0 0 1 1 1 0 0 0 0 0 0 0 0 0 0 0 0 0 0 0 0 0
0 0 0 0 0 0 0 0 0 0 0 0 0 0 0 0 0 0 0 0 0 0 0 0 0 0 0 0 0 0 0 0 0 0 0 0 0 0 0 0 0 0 0 0 0 0 0 0 0 0 0 0 0 0 0 0 0 0 0 0 0 0 0 0 0 0 0 0 0 0 0 0 0 0 0 0 0 0 0 0 0 0 0 0 0 0 0 0 0 0 1 0 0 0 1 255 255 1 0 0 0 1 0 0 0 0 0 0 0 0 0 0 0 0 0 0 0 0 0 0 0 0 0 0 0 0 0 0 0 0 0 0 0 0 0 0 0 0 0 0 0 0 0 0 0 0 0 0 0 0 0 0 0 0 0 0 0 0 0 0 0 0 0 0 0 0 0 0 0 0 0 0 0 0 0 0 0 0 0 0 0 0 0 0 0 0 0 0 0 0 0 0 0 0 0 1 107 1 1 0 0 0 0 1 1 39 95 9 1 1 0 0 0 0 0 0 0 0 0 0 0 0 0 0 0 0 0 0 0 0 0 0 0 0 0 0 0 0 0 0 0 0 0 0 0 0 0 0 0 0 0 8 24 1 0 0 0 0 0 0 0 0 0 0 0 0 0 0 0 0 0 0 0 0 0 0 0 0 0 0 0 0 0 0 0 0 0 0 0 0 0 0 0 0 0 0 0 0 0 0 0 0 0 0 0 0 0 0 0 0 0 0 0 0 1 0 0 0 1 147 255 6 1 1 1 0 0 0 0 0 0 0 1 1 2 1 0 0 0 0 0 0 0 0 0 0 0 0 0 0 0 0 0 0 0 0 0 0 0 0 0 0 0 0 0 0 0 0 0 0 0 0 0 0 0 0 0 0 0 0 0 0 0 0 0 0 0 0 0 0 0 0 0 0 0 0 1 1 1 1 1 51 255 255 17 1 1 1 1 71 243 178 3 1 1 1 1 0 0 0 1 1 0 0 0 0 0 0 0 0 0 0 0 0 0 0 0 0 0 0 0 0 0 0 0 0 0 0 0 0 0 0 0 0 0 0 0 0 1 1 22 75 60 3 1 1 1 1 0 1 1 1 2 127 255 150 1 1 23 172 80 10 1 1 1 1 1 0 0 0 0 0 0 0 1 1 0 0 0 0 0 0 0 0 0 0 0 0 0 0 0 0
0 0 0 0 0 0 0 0 0 0 0 0 0 0 0 0 0 0 0 0 0 0 0 0 0 0 0 0 0 0 0 0 0 0 0 0 0 0 0 0 0 0 0 0 0 0 0 0 0 0 0 0 0 0 0 0 0 0 0 0 0 0 0 0 0 0 0 0 0 0 0 0 0 0 0 0 0 0 0 0 0 0 0 0 0 0 0 0 0 0 1 1 0 0 1 255 255 1 0 0 0 1 0 0 0 0 0 0 0 0 0 0 0 0 0 0 0 0 0 0 0 0 0 0 0 0 0 0 0 0 0 0 0 0 0 0 0 0 0 0 0 0 0 0 0 0 0 0 0 0 0 0 0 0 0 0 0 0 0 0 0 0 0 0 0 0 0 0 0 0 0 0 0 0 0 0 0 0 0 0 0 0 0 0 0 0 0 0 0 0 0 0 0 0 0 5 100 1 0 0 0 0 0 0 0 1 3 87 58 1 1 1 0 0 0 0 0 0 0 0 0 0 0 0 0 0 0 0 0 0 0 0 0 0 0 0 0 0 0 0 0 0 0 0 0 0 0 0 0 0 0 1 34 3 0 0 0 0 0 0 0 0 0 0 0 0 0 0 0 0 0 0 0 0 0 0 0 0 0 0 0 0 0 0 0 0 0 0 0 0 0 0 0 0 0 0 0 0 0 0 0 0 0 0 0 0 0 0 0 0 0 0 0 0 1 0 0 0 1 242 255 2 1 1 1 0 0 0 0 0 0 0 0 0 1 2 1 1 0 0 0 0 0 0 0 0 0 0 0 0 0 0 0 0 0 0 0 0 0 0 0 0 0 0 0 0 0 0 0 0 0 0 0 0 0 0 0 0 0 0 0 0 0 0 0 0 0 0 0 0 0 0 0 0 1 1 1 1 1 2 173 255 255 3 1 1 1 2 164 244 90 1 1 1 1 1 0 0 1 1 1 0 0 0 0 0 0 0 0 0 0 0 0 0 0 0 0 0 0 0 0 0 0 0 0 0 0 0 0 0 0 0 0 0 0 0 0 2 49 76 43 2 1 1 1 1 0 0 0 0 1 1 1 1 97 255 19 1 1 5 149 158 37 7 1 1 1 1 1 0 0 0 0 0 0 0 1 1 0 0 0 0 0 0 0 0 1 1 0 0 0 0
0 0 0 0 0 0 0 0 0 0 0 0 0 0 0 0 0 0 0 0 0 0 0 0 0 0 0 0 0 0 0 0 0 0 0 0 0 0 0 0 0 0 0 0 0 0 0 0 0 0 0 0 0 0 0 0 0 0 0 0 0 0 0 0 0 0 0 0 0 0 0 0 0 0 0 0 0 0 0 0 0 0 0 0 0 0 0 0 0 0 0 1 0 0 0 236 255 1 0 0 0 1 0 0 0 0 0 0 0 0 0 0 0 0 0 0 0 0 0 0 0 0 0 0 0 0 0 0 0 0 0 0 0 0 0 0 0 0 0 0 0 0 0 0 0 0 0 0 0 0 0 0 0 0 0 0 0 0 0 0 0 0 0 0 0 0 0 0 0 0 0 0 0 0 0 0 0 0 0 0 0 0 0 0 0 0 0 0 0 0 0 0 0 0 0 57 44 1 0 0 0 0 0 0 0 0 0 1 37 95 9 1 1 0 0 0 0 0 0 0 0 0 0 0 0 0 0 0 0 0 0 0 0 0 0 0 0 0 0 0 0 0 0 0 0 0 0 0 0 0 0 0 1 40 1 0 0 0 0 0 0 0 0 0 0 0 0 0 0 0 0 0 0 0 0 0 0 0 0 0 0 0 0 0 0 0 0 0 0 0 0 0 0 0 0 0 0 0 0 0 0 0 0 0 0 0 0 0 0 0 0 0 0 1 1 0 0 0 1 255 255 1 1 1 1 0 0 0 0 0 0 0 0 0 0 0 1 2 1 1 0 0 0 0 0 0 0 0 0 0 0 0 0 0 0 0 0 0 0 0 0 0 0 0 0 0 0 0 0 0 0 0 0 0 0 0 0 0 0 0 0 0 0 0 0 0 0 0 0 0 0 0 0 1 1 1 1 1 5 255 255 182 1 1 1 1 11 227 230 18 1 1 1 1 1 0 0 1 1 0 0 0 0 0 0 0 0 0 0 0 0 0 0 0 0 0 0 0 0 0 0 0 0 0 0 0 0 0 0 0 0 0 0 0 0 0 6 75 16 1 1 1 1 0 1 1 0 0 0 0 1 1 1 1 1 251 241 1 1 1 1 60 177 141 28 6 1 1 1 1 1 0 0 0 0 0 0 1 1 1 0 0 0 0 0 0 0 1 1 1 0 0
0 0 0 0 0 0 0 0 0 0 0 0 0 0 0 0 0 0 0 0 0 0 0 0 0 0 0 0 0 0 0 0 0 0 0 0 0 0 0 0 0 0 0 0 0 0 0 0 0 0 0 0 0 0 0 0 0 0 0 0 0 0 0 0 0 0 0 0 0 0 0 0 0 0 0 0 0 0 0 0 0 0 0 0 0 0 0 0 0 0 0 1 0 0 1 63 255 1 1 0 0 1 0 0 0 0 0 0 0 0 0 0 0 0 0 0 0 0 0 0 0 0 0 0 0 0 0 0 0 0 0 0 0 0 0 0 0 0 0 0 0 0 0 0 0 0 0 0 0 0 0 0 0 0 0 0 0 0 0 0 0 0 0 0 0 0 0 0 0 0 0 0 0 0 0 0 0 0 0 0 0 0 0 0 0 0 0 0 0 0 0 0 0 0 1 103 3 0 0 0 0 0 0 0 0 0 0 0 1 3 87 55 1 1 1 0 0 0 0 0 0 0 0 0 0 0 0 0 0 0 0 0 0 0 0 0 0 0 0 0 0 0 0 0 0 0 0 0 0 0 0 0 0 13 17 1 0 0 0 0 0 0 0 0 0 0 0 0 0 0 0 0 0 0 0 0 0 0 0 0 0 0 0 0 0 0 0 0 0 0 0 0 0 0 0 0 0 0 0 0 0 0 0 0 0 0 0 0 0 0 0 0 0 1 0 0 0 0 1 255 255 1 1 1 1 0 0 0 0 0 0 0 0 0 0 0 0 1 1 2 1 1 0 0 0 0 0 0 0 0 0 0 0 0 0 0 0 0 0 0 0 0 0 0 0 0 0 0 0 0 0 0 0 0 0 0 0 0 0 0 0 0 0 0 0 0 0 0 0 0 0 0 1 1 1 1 1 48 255 255 51 1 1 1 1 52 243 173 2 1 1 1 1 1 0 0 1 1 0 0 0 0 0 0 0 0 0 0 0 0 0 0 0 0 0 0 0 0 0 0 0 0 0 0 0 0 0 0 0 0 0 0 0 0 0 1 72 5 2 2 1 1 1 1 0 1 1 1 1 1 1 1 0 1 1 61 255 5 1 1 1 1 2 86 179 131 23 4 1 1 1 1 1 0 0 0 0 0 0 1 1 1 0 0 0 0 0 0 0 1 0 0
0 0 0 0 0 0 0 0 0 0 0 0 0 0 0 0 0 0 0 0 0 0 0 0 0 0 0 0 0 0 0 0 0 0 0 0 0 0 0 0 0 0 0 0 0 0 0 0 0 0 0 0 0 0 0 0 0 0 0 0 0 0 0 0 0 0 0 0 0 0 0 0 0 0 0 0 0 0 0 0 0 0 0 0 0 0 0 0 0 0 0 1 0 0 1 3 255 6 1 0 0 1 0 0 0 0 0 0 0 0 0 0 0 0 0 0 0 0 0 0 0 0 0 0 0 0 0 0 0 0 0 0 0 0 0 0 0 0 0 0 0 0 0 0 0 0 0 0 0 0 0 0 0 0 0 0 0 0 0 0 0 0 0 0 0 0 0 0 0 0 0 0 0 0 0 0 0 0 0 0 0 0 0 0 0 0 0 0 0 0 0 0 0 0 1 107 1 0 0 0 0 0 0 0 0 0 0 0 0 0 1 38 95 9 1 1 0 0 0 0 0 0 0 0 0 0 0 0 0 0 0 0 0 0 0 0 0 0 0 0 0 0 0 0 0 0 0 0 0 0 0 0 0 1 37 2 0 0 0 0 0 0 0 0 0 0 0 0 0 0 0 0 0 0 0 0 0 0 0 0 0 0 0 0 0 0 0 0 0 0 0 0 0 0 0 0 0 0 0 0 0 0 0 0 0 0 0 0 0 0 0 0 0 1 0 0 0 0 1 255 255 1 1 1 1 0 0 0 0 0 0 0 0 0 0 0 0 0 0 1 2 2 1 0 0 0 0 0 0 0 0 0 0 0 0 0 0 0 0 0 0 0 0 0 0 0 0 0 0 0 0 0 0 0 0 0 0 0 0 0 0 0 0 0 0 0 0 0 0 0 1 1 1 1 1 3 215 255 255 5 1 1 1 1 35 243 94 1 1 1 1 1 1 0 1 1 1 0 0 0 0 0 0 0 0 0 0 0 0 0 0 0 0 0 0 0 0 0 0 0 0 0 0 0 0 0 0 0 0 0 0 0 0 0 1 48 21 1 1 1 2 2 1 1 1 1 1 1 1 1 1 1 0 1 1 2 255 94 1 1 1 0 1 1 2 99 179 121 19 3 1 1 1 1 0 0 0 0 0 0 0 1 1 0 0 0 0 0 0 1 0 0
0 0 0 0 0 0 0 0 0 0 0 0 0 0 0 0 0 0 0 0 0 0 0 0 0 0 0 0 0 0 0 0 0 0 0 0 0 0 0 0 0 0 0 0 0 0 0 0 0 0 0 0 0 0 0 0 0 0 0 0 0 0 0 0 0 0 0 0 0 0 0 0 0 0 0 0 0 0 0 0 0 0 0 0 0 0 0 0 0 0 0 1 0 0 1 1 255 100 1 0 0 1 0 0 0 0 0 0 0 0 0 0 0 0 0 0 0 0 0 0 0 0 0 0 0 0 0 0 0 0 0 0 0 0 0 0 0 0 0 0 0 0 0 0 0 0 0 0 0 0 0 0 0 0 0 0 0 0 0 0 0 0 0 0 0 0 0 0 0 0 0 0 0 0 0 0 0 0 0 0 0 0 0 0 0 0 0 0 0 0 0 0 0 0 2 105 1 0 0 0 0 0 0 0 0 0 0 0 0 0 0 1 3 87 60 1 1 1 0 0 0 0 0 0 0 0 0 0 0 0 0 0 0 0 0 0 0 0 0 0 0 0 0 0 0 0 0 0 0 0 0 0 0 0 2 35 1 0 0 0 0 0 0 0 0 0 0 0 0 0 0 0 0 0 0 0 0 0 0 0 0 0 0 0 0 0 0 0 0 0 0 0 0 0 0 0 0 0 0 0 0 0 0 0 0 0 0 0 0 0 0 0 0 1 0 0 0 0 1 255 255 1 1 1 1 0 0 0 0 0 0 0 0 0 0 0 0 0 0 0 0 1 2 1 1 0 0 0 0 0 0 0 0 0 0 0 0 0 0 0 0 0 0 0 0 0 0 0 0 0 0 0 0 0 0 0 0 0 0 0 0 0 0 0 0 0 0 0 0 1 1 1 1 1 23 255 255 160 2 1 1 1 1 1 230 167 1 1 1 1 1 1 1 1 1 0 0 0 0 0 0 0 0 0 0 0 0 0 0 0 0 0 0 0 0 0 0 0 0 0 0 0 0 0 0 0 0 0 0 0 0 0 0 1 7 60 1 1 1 1 1 1 1 2 2 2 2 1 1 2 2 1 1 1 1 1 238 252 2 1 1 1 0 1 1 1 4 111 179 99 12 2 1 1 1 1 0 0 0 0 0 0 0 1 1 0 0 0 0 1 0 0
0 0 0 0 0 0 0 0 0 0 0 0 0 0 0 0 0 0 0 0 0 0 0 0 0 0 0 0 0 0 0 0 0 0 0 0 0 0 0 0 0 0 0 0 0 0 0 0 0 0 0 0 0 0 0 0 0 0 0 0 0 0 0 0 0 0 0 0 0 0 0 0 0 0 0 0 0 0 0 0 0 0 0 0 0 0 0 0 0 0 0 1 0 0 1 1 255 255 1 0 0 1 0 0 0 0 0 0 0 0 0 0 0 0 0 0 0 0 0 0 0 0 0 0 0 0 0 0 0 0 0 0 0 0 0 0 0 0 0 0 0 0 0 0 0 0 0 0 0 0 0 0 0 0 0 0 0 0 0 0 0 0 0 0 0 0 0 0 0 0 0 0 0 0 0 0 0 0 0 0 0 0 0 0 0 0 0 0 0 0 0 0 0 0 15 84 1 0 0 0 0 0 0 0 0 0 0 0 0 0 0 0 1 1 35 96 10 1 1 1 0 0 0 0 0 0 0 0 0 0 0 0 0 0 0 0 0 0 0 0 0 0 0 0 0 0 0 0 0 0 0 0 0 0 1 19 11 1 0 0 0 0 0 0 0 0 0 1 1 0 0 0 0 0 0 0 0 0 0 0 0 0 0 0 0 0 0 0 0 0 0 0 0 0 0 0 0 0 0 0 0 0 0 0 0 0 0 0 0 0 0 0 0 1 0 0 0 0 1 255 255 1 0 1 1 0 0 0 0 0 0 0 0 0 0 0 0 0 0 0 0 0 1 1 2 1 0 0 0 0 0 0 0 0 0 0 0 0 0 0 0 0 0 0 0 0 0 0 0 0 0 0 0 0 0 0 0 0 0 0 0 0 0 0 0 0 0 0 1 1 1 1 2 164 255 255 16 1 1 1 1 1 1 3 252 16 1 1 1 1 1 1 1 1 0 0 0 0 0 0 0 0 0 0 0 0 0 0 0 0 0 0 0 0 0 0 0 0 0 0 0 0 0 0 0 0 0 0 0 0 0 0 1 1 70 2 0 0 0 0 0 1 1 1 1 1 0 0 0 1 1 1 2 1 1 1 41 255 15 1 1 1 1 0 1 1 1 1 9 134 175 71 9 2 1 1 1 1 0 0 0 0 0 0 1 1 1 1 0 1 0 0
0 0 0 0 0 0 0 0 0 0 0 0 0 0 0 0 0 0 0 0 0 0 0 0 0 0 0 0 0 0 0 0 0 0 0 0 0 0 0 0 0 0 0 0 0 0 0 0 0 0 0 0 0 0 0 0 0 0 0 0 0 0 0 0 0 0 0 0 0 0 0 0 0 0 0 0 0 0 0 0 0 0 0 0 0 0 0 0 0 0 0 1 1 0 1 1 255 255 1 0 0 0 1 0 0 0 0 0 0 0 0 0 0 0 0 0 0 0 0 0 0 0 0 0 0 0 0 0 0 0 0 0 0 0 0 0 0 0 0 0 0 0 0 0 0 0 0 0 0 0 0 0 0 0 0 0 0 0 0 0 0 0 0 0 0 0 0 0 0 0 0 0 0 0 0 0 0 0 0 0 0 0 0 0 0 0 0 0 0 0 0 0 0 1 78 21 1 0 0 0 0 0 0 0 0 0 0 0 0 0 0 0 0 0 1 3 86 59 1 1 1 0 0 0 0 0 0 0 0 0 0 0 0 0 0 0 0 0 0 0 0 0 0 0 0 0 0 0 0 0 0 0 0 0 0 1 40 1 1 0 0 0 0 0 0 0 1 1 0 0 0 0 0 0 0 0 0 0 0 0 0 0 0 0 0 0 0 0 0 0 0 0 0 0 0 0 0 0 0 0 0 0 0 0 0 0 0 0 0 0 0 0 0 1 0 0 0 0 1 255 255 1 0 1 1 0 0 0 0 0 0 0 0 0 0 0 0 0 0 0 0 0 0 0 1 2 1 0 0 0 0 0 0 0 0 0 0 0 0 0 0 0 0 0 0 0 0 0 0 0 0 0 0 0 0 0 0 0 0 0 0 0 0 0 0 0 1 1 1 1 1 23 255 255 218 2 1 1 1 1 1 0 1 38 252 2 1 1 1 1 1 1 0 0 0 0 0 0 0 0 0 0 0 0 0 0 0 0 0 0 0 0 0 0 0 0 0 0 0 0 0 0 0 0 0 0 0 0 0 0 0 0 1 55 9 0 0 0 0 0 0 0 0 1 0 0 0 0 0 0 0 0 1 2 1 1 1 255 147 1 1 1 1 1 0 1 1 1 1 1 24 157 153 34 11 4 1 1 1 1 0 0 0 0 0 0 0 1 1 1 1 1
0 0 0 0 0 0 0 0 0 0 0 0 0 0 0 0 0 0 0 0 0 0 0 0 0 0 0 0 0 0 0 0 0 0 0 0 0 0 0 0 0 0 0 0 0 0 0 0 0 0 0 0 0 0 0 0 0 0 0 0 0 0 0 0 0 0 0 0 0 0 0 0 0 0 0 0 0 0 0 0 0 0 0 0 0 0 0 0 0 0 0 0 1 0 1 1 255 255 1 0 0 0 1 0 0 0 0 0 0 0 0 0 0 0 0 0 0 0 0 0 0 0 0 0 0 0 0 0 0 0 0 0 0 0 0 0 0 0 0 0 0 0 0 0 0 0 0 0 0 0 0 0 0 0 0 0 0 0 0 0 0 0 0 0 0 0 0 0 0 0 0 0 0 0 0 0 0 0 0 0 0 0 0 0 0 0 0 0 0 0 0 0 0 1 104 2 1 0 0 0 0 0 0 0 0 0 0 0 0 0 0 0 0 0 0 0 1 36 96 10 1 1 1 0 0 0 0 0 0 0 0 0 0 0 0 0 0 0 0 0 0 0 0 0 0 0 0 0 0 0 0 0 0 0 0 0 6 27 1 0 1 1 1 0 0 1 1 0 0 0 0 0 0 0 0 0 0 0 0 0 0 0 0 0 0 0 0 0 0 0 0 0 0 0 0 0 0 0 0 0 0 0 0 0 0 0 0 0 0 0 0 0 0 1 0 0 0 1 1 255 255 1 0 1 1 0 0 0 0 0 0 0 0 0 0 0 0 0 0 0 0 0 0 0 0 1 1 1 1 0 0 0 0 0 0 0 0 0 0 0 0 0 0 0 0 0 0 0 0 0 0 0 0 0 0 0 0 0 0 0 0 0 0 1 1 1 1 1 1 8 236 255 255 36 1 1 1 1 1 1 0 0 1 158 233 1 1 1 1 1 1 0 0 0 0 0 0 0 0 0 0 0 0 0 0 0 0 0 0 0 0 0 0 0 0 0 0 0 0 0 0 0 0 0 0 0 0 0 0 0 0 1 31 26 0 0 0 0 0 0 0 0 0 1 0 0 0 0 0 0 0 0 0 1 2 1 1 199 255 12 1 1 1 1 1 1 1 1 1 1 1 2 69 173 128 30 12 7 2 1 1 1 1 1 0 0 0 0 0 1 1 0
0 0 0 0 0 0 0 0 0 0 0 0 0 0 0 0 0 0 0 0 0 0 0 0 0 0 0 0 0 0 0 0 0 0 0 0 0 0 0 0 0 0 0 0 0 0 0 0 0 0 0 0 0 0 0 0 0 0 0 0 0 0 0 0 0 0 0 0 0 0 0 0 0 0 0 0 0 0 0 0 0 0 0 0 0 0 0 0 0 0 0 0 1 0 1 0 221 255 1 0 0 0 1 0 0 0 0 0 0 0 0 0 0 0 0 0 0 0 0 0 0 0 0 0 0 0 0 0 0 0 0 0 0 0 0 0 0 0 0 0 0 0 0 0 0 0 0 0 0 0 0 0 0 0 0 0 0 0 0 0 0 0 0 0 0 0 0 0 0 0 0 0 0 0 0 0 0 0 0 0 0 0 0 0 0 0 0 0 0 0 0 0 0 1 107 1 1 0 0 0 0 0 0 0 0 0 0 0 0 0 0 0 0 0 0 0 0 1 3 87 61 1 1 1 0 0 0 0 0 0 0 0 0 0 0 0 0 0 0 0 0 0 0 0 0 0 0 0 0 0 0 0 0 0 0 0 1 29 5 1 1 0 0 1 1 1 0 0 0 0 0 0 0 0 0 0 0 0 0 0 0 0 0 0 0 0 0 0 0 0 0 0 0 0 0 0 0 0 0 0 0 0 0 0 0 0 0 0 0 0 0 0 0 1 0 0 0 1 1 255 255 1 0 1 1 0 0 0 0 0 0 0 0 0 0 0 0 0 0 0 0 0 0 0 0 0 1 1 1 1 0 0 0 0 0 0 0 0 0 0 0 0 0 0 0 0 0 0 0 0 0 0 0 0 0 0 0 0 0 0 0 1 1 1 1 1 1 3 160 255 255 177 3 1 1 1 1 1 1 0 0 1 1 233 165 1 1 1 1 1 0 0 0 0 0 0 0 0 0 0 0 0 0 0 0 0 0 0 0 0 0 0 0 0 0 0 0 0 0 0 0 0 0 0 0 0 0 0 0 0 1 11 54 1 0 0 0 0 0 0 0 0 0 1 0 0 0 0 0 0 0 0 0 0 1 1 1 3 255 218 12 1 1 1 1 1 1 1 1 1 0 1 1 5 97 174 168 89 20 10 4 1 1 1 1 1 1 1 1 1 1 1
0 0 0 0 0 0 0 0 0 0 0 0 0 0 0 0 0 0 0 0 0 0 0 0 0 0 0 0 0 0 0 0 0 0 0 0 0 0 0 0 0 0 0 0 0 0 0 0 0 0 0 0 0 0 0 0 0 0 0 0 0 0 0 0 0 0 0 0 0 0 0 0 0 0 0 0 0 0 0 0 0 0 0 0 0 0 0 0 0 0 0 0 1 0 1 1 39 255 2 1 0 0 1 0 0 0 0 0 0 0 0 0 0 0 0 0 0 0 0 0 0 0 0 0 0 0 0 0 0 0 0 0 0 0 0 0 0 0 0 0 0 0 0 0 0 0 0 0 0 0 0 0 0 0 0 0 0 0 0 0 0 0 0 0 0 0 0 0 0 0 0 0 0 0 0 0 0 0 0 0 0 0 0 0 0 0 0 0 0 0 0 0 0 2 104 1 0 0 0 0 0 0 0 0 0 0 0 0 0 0 0 0 0 0 0 0 0 0 1 1 35 97 10 1 1 1 0 0 0 0 0 0 0 0 0 0 0 0 0 0 0 0 0 0 0 0 0 0 0 0 0 0 0 0 0 0 0 2 40 3 1 0 0 0 0 0 0 0 0 0 0 0 0 0 0 0 0 0 0 0 0 0 0 0 0 0 0 0 0 0 0 0 0 0 0 0 0 0 0 0 0 0 0 0 0 0 0 0 0 0 0 0 0 1 0 0 0 1 1 255 244 1 1 1 1 0 0 0 0 0 0 0 0 0 0 0 0 0 0 0 0 0 0 0 0 0 0 1 1 1 1 0 0 0 0 0 0 0 0 0 0 0 0 0 0 0 0 0 0 0 0 0 0 0 0 0 0 0 0 1 1 1 1 1 1 1 53 255 255 239 6 1 1 1 1 1 1 0 0 0 1 1 1 250 58 1 1 1 1 0 0 0 0 0 0 0 0 0 0 0 0 0 0 0 0 0 0 0 0 0 0 0 0 0 0 0 0 0 0 0 0 0 0 0 0 0 0 0 0 0 3 68 1 0 0 0 0 0 0 0 0 0 0 1 0 0 0 0 0 0 0 0 0 0 1 2 1 1 44 255 254 84 3 1 1 1 1 1 1 1 1 1 1 1 1 3 34 136 180 158 77 19 10 7 4 2 1 1 1 1 1 1
0 0 0 0 0 0 0 0 0 0 0 0 0 0 0 0 0 0 0 0 0 0 0 0 0 0 0 0 0 0 0 0 0 0 0 0 0 0 0 0 0 0 0 0 0 0 0 0 0 0 0 0 0 0 0 0 0 0 0 0 0 0 0 0 0 0 0 0 0 0 0 0 0 0 0 0 0 0 0 0 0 0 0 0 0 0 0 0 0 0 0 0 1 0 0 1 2 255 12 1 0 0 1 0 0 0 0 0 0 0 0 0 0 0 0 0 0 0 0 0 0 0 0 0 0 0 0 0 0 0 0 0 0 0 0 0 0 0 0 0 0 0 0 0 0 0 0 0 0 0 0 0 0 0 0 0 0 0 0 0 0 0 0 0 0 0 0 0 0 0 0 0 0 0 0 0 0 0 0 0 0 0 0 0 0 0 0 0 0 0 0 0 1 26 73 1 0 0 0 0 0 0 0 0 0 0 0 0 0 0 0 0 0 0 0 0 0 0 0 0 1 3 87 61 1 1 1 0 0 0 0 0 0 0 0 0 0 0 0 0 0 0 0 0 0 0 0 0 0 0 0 0 0 0 0 0 1 1 1 40 1 1 0 0 0 0 0 0 0 0 0 0 0 0 0 0 0 0 0 0 0 0 0 0 0 0 0 0 0 0 0 0 0 0 0 0 0 0 0 0 0 0 0 0 0 0 0 0 0 0 0 0 0 1 0 0 0 1 2 255 159 1 1 1 1 0 0 0 0 0 0 0 0 0 0 0 0 0 0 0 0 0 0 0 0 0 0 0 1 1 1 0 0 0 0 0 0 0 0 0 0 0 0 0 0 0 0 0 0 0 0 0 0 0 0 0 0 0 1 1 1 1 1 1 10 252 255 255 22 1 1 1 1 1 1 1 0 0 0 1 1 1 1 253 4 1 1 1 0 0 0 0 0 0 0 0 0 0 0 0 0 0 0 0 0 0 0 0 0 0 0 0 0 0 0 0 0 0 0 0 0 0 0 0 0 0 0 0 0 1 69 2 0 0 0 0 0 0 0 0 0 0 0 1 0 0 0 0 0 0 0 0 0 0 0 1 2 1 1 14 233 255 238 40 2 1 1 1 1 1 1 0 0 1 1 1 1 2 5 57 152 180 138 29 5 6 7 8 9 9 8 8
0 0 0 0 0 0 0 0 0 0 0 0 0 0 0 0 0 0 0 0 0 0 0 0 0 0 0 0 0 0 0 0 0 0 0 0 0 0 0 0 0 0 0 0 0 0 0 0 0 0 0 0 0 0 0 0 0 0 0 0 0 0 0 0 0 0 0 0 0 0 0 0 0 0 0 0 0 0 0 0 0 0 0 0 0 0 0 0 0 0 0 0 1 0 0 1 1 255 152 1 0 0 1 0 0 0 0 0 0 0 0 0 0 0 0 0 0 0 0 0 0 0 0 0 0 0 0 0 0 0 0 0 0 0 0 0 0 0 0 0 0 0 0 0 0 0 0 0 0 0 0 0 0 0 0 0 0 0 0 0 0 0 0 0 0 0 0 0 0 0 0 0 0 0 0 0 0 0 0 0 0 0 0 0 0 0 0 0 0 0 0 0 1 90 10 1 0 0 0 0 0 0 0 0 0 0 0 0 0 0 0 0 0 0 0 0 0 0 0 0 0 1 1 35 97 10 1 1 1 0 0 0 0 0 0 0 0 0 0 0 0 0 0 0 0 0 0 0 0 0 0 0 0 0 0 1 1 1 0 3 36 1 1 0 0 0 0 0 0 0 0 0 0 0 0 0 0 0 0 0 0 0 0 0 0 0 0 0 0 0 0 0 0 0 0 0 0 0 0 0 0 0 0 0 0 0 0 0 0 0 0 0 0 1 0 0 1 1 6 255 72 1 1 1 1 0 0 0 0 0 0 0 0 0 0 0 0 0 0 0 0 0 0 0 0 0 0 0 0 1 1 1 0 0 0 0 0 0 0 0 0 0 0 0 0 0 0 0 0 0 0 0 0 0 0 0 0 1 1 1 1 1 2 175 255 255 100 2 1 1 1 1 1 1 1 0 0 0 0 1 1 1 16 252 1 1 1 1 0 0 0 0 0 0 0 0 0 0 0 0 0 0 0 0 0 0 0 0 0 0 0 0 0 0 0 0 0 0 0 0 0 0 0 0 0 0 0 0 1 60 7 1 0 0 0 0 0 0 0 0 0 0 0 1 0 0 0 0 0 0 0 0 0 0 0 0 1 1 2 1 1 74 252 255 209 24 2 1 1 1 1 1 0 0 1 1 1 1 1 1 2 7 88 173 162 51 2 1 1 1 1 1
0 0 0 0 0 0 0 0 0 0 0 0 0 0 0 0 0 0 0 0 0 0 0 0 0 0 0 0 0 0 0 0 0 0 0 0 0 0 0 0 0 0 0 0 0 0 0 0 0 0 0 0 0 0 0 0 0 0 0 0 0 0 0 0 0 0 0 0 0 0 0 0 0 0 0 0 0 0 0 0 0 0 0 0 0 0 0 0 0 0 0 0 1 0 0 1 1 255 255 1 0 0 1 0 0 0 0 0 0 0 0 0 0 0 0 0 0 0 0 0 0 0 0 0 0 0 0 0 0 0 0 0 0 0 0 0 0 0 0 0 0 0 0 0 0 0 0 0 0 0 0 0 0 0 0 0 0 0 0 0 0 0 0 0 0 0 0 0 0 0 0 0 0 0 0 0 0 0 0 0 0 0 0 0 0 0 0 0 0 0 0 0 1 106 1 1 0 0 0 0 0 0 0 0 0 0 0 0 0 0 0 0 0 0 0 0 0 0 0 0 0 0 0 1 3 86 62 1 1 1 1 0 0 0 0 0 0 0 0 0 0 0 0 0 0 0 0 0 0 0 0 0 0 0 0 1 1 0 0 1 6 29 1 0 0 0 0 0 0 0 0 0 0 0 0 0 0 0 0 0 0 0 0 0 0 0 0 0 0 0 0 0 0 0 0 0 0 0 0 0 0 0 0 0 0 0 0 0 0 0 0 0 0 1 0 0 1 1 22 255 22 1 1 1 1 0 0 0 0 0 0 0 0 0 0 0 0 0 0 0 0 0 0 0 0 0 0 0 0 0 1 2 1 0 0 0 0 0 0 0 0 0 0 0 0 0 0 0 0 0 0 0 0 0 0 1 1 1 1 1 1 29 255 255 228 5 1 1 1 1 1 1 1 0 0 0 0 1 1 1 0 1 125 241 1 1 1 0 0 0 0 0 0 0 0 0 0 0 0 0 0 0 0 0 0 0 0 0 0 0 0 0 0 0 0 0 0 0 0 0 0 0 0 0 0 0 0 1 51 16 1 0 0 0 0 0 0 0 0 0 0 0 0 1 0 0 0 0 0 0 0 0 0 0 0 0 0 0 1 2 2 1 3 127 255 255 152 11 1 1 1 1 0 1 1 0 1 1 1 1 1 1 1 2 45 160 171 72 3 1 1 1
0 0 0 0 0 0 0 0 0 0 0 0 0 0 0 0 0 0 0 0 0 0 0 0 0 0 0 0 0 0 0 0 0 0 0 0 0 0 0 0 0 0 0 0 0 0 0 0 0 0 0 0 0 0 0 0 0 0 0 0 0 0 0 0 0 0 0 0 0 0 0 0 0 0 0 0 0 0 0 0 0 0 0 0 0 0 0 0 0 0 0 0 1 1 0 1 1 255 255 1 0 0 1 1 0 0 0 0 0 0 0 0 0 0 0 0 0 0 0 0 0 0 0 0 0 0 0 0 0 0 0 0 0 0 0 0 0 0 0 0 0 0 0 0 0 0 0 0 0 0 0 0 0 0 0 0 0 0 0 0 0 0 0 0 0 0 0 0 0 0 0 0 0 0 0 0 0 0 0 0 0 0 0 0 0 0 0 0 0 0 0 0 1 106 1 0 0 0 0 0 0 0 0 0 0 0 0 0 0 0 0 0 0 0 0 0 0 0 0 0 0 0 0 0 1 1 34 97 11 1 1 1 0 0 0 0 0 0 0 0 0 0 0 0 0 0 0 0 0 0 0 0 0 0 1 1 1 0 0 0 1 12 21 1 0 0 0 0 0 0 0 0 0 0 0 0 0 0 0 0 0 0 0 0 0 0 0 0 0 0 0 0 0 0 0 0 0 0 0 0 0 0 0 0 0 0 0 0 0 0 0 0 0 1 0 0 1 1 83 255 7 1 1 1 1 0 0 0 0 0 0 0 0 0 0 0 0 1 1 0 0 0 0 0 0 0 0 0 0 0 1 1 1 0 0 0 0 0 0 0 0 0 0 0 0 0 0 0 0 0 0 0 0 0 1 1 1 1 1 2 180 255 255 23 1 1 1 1 1 1 1 1 0 0 0 0 0 1 1 1 1 1 223 185 1 1 0 0 0 0 0 0 0 0 0 0 0 0 0 0 0 0 0 0 0 0 0 0 0 0 0 0 0 0 0 0 0 0 0 0 0 0 0 0 0 0 1 61 15 1 0 0 0 0 0 0 0 0 0 0 0 0 0 1 0 0 0 0 0 0 0 0 0 0 0 0 0 0 0 0 1 1 2 2 7 191 255 252 93 4 1 1 1 1 0 0 0 0 1 1 1 1 1 1 1 2 28 148 176 74 3 1
0 0 0 0 0 0 0 0 0 0 0 0 0 0 0 0 0 0 0 0 0 0 0 0 0 0 0 0 0 0 0 0 0 0 0 0 0 0 0 0 0 0 0 0 0 0 0 0 0 0 0 0 0 0 0 0 0 0 0 0 0 0 0 0 0 0 0 0 0 0 0 0 0 0 0 0 0 0 0 0 0 0 0 0 0 0 0 0 0 0 0 0 0 1 0 1 1 255 255 1 0 0 0 1 0 0 0 0 0 0 0 0 0 0 0 0 0 0 0 0 0 0 0 0 0 0 0 0 0 0 0 0 0 0 0 0 0 0 0 0 0 0 0 0 0 0 0 0 0 0 0 0 0 0 0 0 0 0 0 0 0 0 0 0 0 0 0 0 0 0 0 0 0 0 0 0 0 0 0 0 0 0 0 0 0 0 0 0 0 0 0 1 5 96 1 0 0 0 0 0 0 0 0 0 0 0 0 0 0 0 0 0 0 0 0 0 0 0 0 0 0 0 0 0 0 0 1 3 86 64 1 1 1 1 0 0 0 0 0 0 0 0 0 0 0 0 0 0 0 0 0 0 0 0 1 1 0 0 0 0 0 1 19 13 1 1 1 0 0 0 0 0 0 0 0 0 0 0 0 0 0 0 0 0 0 0 0 0 0 0 0 0 0 0 0 0 0 0 0 0 0 0 0 0 0 0 0 0 0 0 0 0 0 1 0 0 1 1 183 255 3 1 1 1 1 0 0 0 0 0 0 0 0 0 0 0 0 1 1 1 1 1 1 0 0 0 0 0 0 0 0 1 2 1 0 0 0 0 0 0 0 0 0 0 0 0 0 0 0 0 0 0 0 1 1 1 1 1 8 255 255 194 2 1 1 1 1 1 1 1 1 0 0 0 0 1 1 0 1 0 1 1 246 90 1 1 0 0 0 0 0 0 0 0 0 0 0 0 0 0 0 0 0 0 0 0 0 0 0 0 0 0 0 0 0 0 0 0 0 0 0 0 0 0 1 14 73 7 1 0 0 0 0 0 0 0 0 0 0 0 0 0 0 1 0 0 0 0 0 0 0 0 0 0 0 0 0 0 0 0 0 0 1 1 2 2 21 236 255 238 38 2 1 1 0 0 0 0 0 0 1 1 1 1 1 1 1 1 20 147 168 46
0 0 0 0 0 0 0 0 0 0 0 0 0 0 0 0 0 0 0 0 0 0 0 0 0 0 0 0 0 0 0 0 0 0 0 0 0 0 0 0 0 0 0 0 0 0 0 0 0 0 0 0 0 0 0 0 0 0 0 0 0 0 0 0 0 0 0 0 0 0 0 0 0 0 0 0 0 0 0 0 0 0 0 0 0 0 0 0 0 0 0 0 0 1 0 0 1 182 255 1 0 0 0 1 0 0 0 0 0 0 0 0 0 0 0 0 0 0 0 0 0 0 0 0 0 0 0 0 0 0 0 0 0 0 0 0 0 0 0 0 0 0 0 0 0 0 0 0 0 0 0 0 0 0 0 0 0 0 0 0 0 0 0 0 0 0 0 0 0 0 0 0 0 0 0 0 0 0 0 0 0 0 0 0 0 0 0 0 0 0 0 1 61 38 1 0 0 0 0 0 0 0 0 0 0 0 0 0 0 0 0 0 0 0 0 0 0 0 0 0 0 0 0 0 0 0 0 1 1 33 98 12 1 1 1 0 0 0 0 0 0 0 0 0 0 0 0 0 0 0 0 0 0 1 1 0 0 0 0 0 0 0 1 27 8 1 1 1 0 0 0 0 0 0 0 0 0 0 0 0 0 0 0 0 0 0 0 0 0 0 0 0 0 0 0 0 0 0 0 0 0 0 0 0 0 0 0 0 0 0 0 0 1 1 0 1 1 1 252 255 2 1 1 1 1 0 0 0 0 0 0 0 0 0 0 0 0 0 0 0 1 1 1 1 1 1 0 0 0 0 0 1 1 1 0 0 0 0 0 0 0 0 0 0 0 0 0 0 0 0 0 1 1 1 1 1 2 77 255 255 51 1 1 1 1 1 1 1 1 0 0 0 0 0 0 1 0 0 1 0 1 1 252 10 1 1 0 0 0 0 0 0 0 0 0 0 0 0 0 0 0 0 0 0 0 0 0 0 0 0 0 0 0 0 0 0 0 0 0 0 0 0 1 2 58 49 1 1 0 0 0 0 0 0 0 0 0 0 0 0 0 0 0 1 0 0 0 0 0 0 0 0 0 0 0 0 0 0 0 0 0 0 0 0 1 1 2 3 57 252 255 156 6 1 1 1 1 0 0 0 0 0 1 1 1 1 1 1 1 1 32 162
0 0 0 0 0 0 0 0 0 0 0 0 0 0 0 0 0 0 0 0 0 0 0 0 0 0 0 0 0 0 0 0 0 0 0 0 0 0 0 0 0 0 0 0 0 0 0 0 0 0 0 0 0 0 0 0 0 0 0 0 0 0 0 0 0 0 0 0 0 0 0 0 0 0 0 0 0 0 0 0 0 0 0 0 0 0 0 0 0 0 0 0 0 1 0 0 1 21 255 3 1 0 0 1 0 0 0 0 0 0 0 0 0 0 0 0 0 0 0 0 0 0 0 0 0 0 0 0 0 0 0 0 0 0 0 0 0 0 0 0 0 0 0 0 0 0 0 0 0 0 0 0 0 0 0 0 0 0 0 0 0 0 0 0 0 0 0 0 0 0 0 0 0 0 0 0 0 0 0 0 0 0 0 0 0 0 0 0 0 0 0 1 103 2 1 0 0 0 0 0 0 0 0 0 0 0 0 0 0 0 0 0 0 0 0 0 0 0 0 0 0 0 0 0 0 0 0 0 1 1 3 85 66 1 1 1 1 0 0 0 0 0 0 0 0 0 0 0 0 0 0 0 1 1 1 0 0 0 0 0 0 0 0 1 33 5 1 1 1 0 0 0 0 0 0 0 0 0 0 0 0 0 0 0 0 0 0 0 0 0 0 0 0 0 0 0 0 0 0 0 0 0 0 0 0 0 0 0 0 0 0 0 1 0 1 1 0 1 255 255 2 1 1 1 1 0 0 0 0 0 0 0 0 0 0 0 0 0 0 0 0 0 0 0 1 1 1 1 0 0 0 0 1 2 1 0 0 0 0 0 0 0 0 0 0 0 0 0 0 0 1 1 1 1 1 4 236 255 255 7 1 1 1 1 1 1 1 1 0 0 0 0 0 0 0 0 0 1 1 0 1 3 255 2 1 0 0 0 0 0 0 0 0 0 0 0 0 0 0 0 0 0 0 0 0 0 0 0 0 0 0 0 0 0 0 0 0 0 0 0 1 3 50 73 9 1 0 0 0 0 0 0 0 0 0 0 0 0 0 0 0 0 0 1 0 0 0 0 0 0 0 0 0 0 0 0 0 0 0 0 0 0 0 0 0 0 1 1 2 4 156 255 255 87 2 1 1 1 1 1 1 1 1 1 1 0 0 1 1 1 1 2
0 0 0 0 0 0 0 0 0 0 0 0 0 0 0 0 0 0 0 0 0 0 0 0 0 0 0 0 0 0 0 0 0 0 0 0 0 0 0 0 0 0 0 0 0 0 0 0 0 0 0 0 0 0 0 0 0 0 0 0 0 0 0 0 0 0 0 0 0 0 0 0 0 0 0 0 0 0 0 0 0 0 0 0 0 0 0 0 0 0 0 0 0 1 0 0 0 2 255 34 1 0 0 1 0 0 0 0 0 0 0 0 0 0 0 0 0 0 0 0 0 0 0 0 0 0 0 0 0 0 0 0 0 0 0 0 0 0 0 0 0 0 0 0 0 0 0 0 0 0 0 0 0 0 0 0 0 0 0 0 0 0 0 0 0 0 0 0 0 0 0 0 0 0 0 0 0 0 0 0 0 0 0 0 0 0 0 0 0 0 0 1 106 1 1 0 0 0 0 0 0 0 0 0 0 0 0 0 0 0 0 0 0 0 0 0 0 0 0 0 0 0 0 0 0 0 0 0 0 0 1 1 30 98 12 1 1 1 1 0 0 0 0 0 0 0 0 0 0 0 0 1 2 1 0 0 0 0 0 0 0 0 0 0 1 37 3 1 1 1 0 0 0 0 0 0 0 0 0 0 0 0 0 0 0 0 0 0 0 0 0 0 0 0 0 0 0 0 0 0 0 0 0 0 0 0 0 0 0 0 0 0 1 0 1 0 0 1 255 255 1 1 1 1 1 0 0 0 0 0 0 0 0 0 0 0 0 0 0 0 0 0 0 0 0 0 0 1 1 1 0 0 1 1 1 0 0 0 0 0 0 0 0 0 0 0 0 0 0 1 1 1 1 1 24 255 255 132 2 1 1 1 1 1 1 1 1 0 0 0 0 0 0 0 0 0 0 1 0 0 1 64 250 1 1 0 0 0 0 0 0 0 0 0 0 0 0 0 0 0 0 0 0 0 0 0 0 0 0 0 0 0 0 0 0 0 0 1 1 21 72 70 13 1 0 0 0 0 0 0 0 0 0 0 0 0 0 0 0 0 0 0 1 1 0 0 0 0 0 0 0 0 0 0 0 0 0 0 0 0 0 0 0 0 0 0 1 0 1 1 3 11 216 255 243 21 1 1 0 0 1 1 0 0 0 0 0 0 0 0 1 1
0 0 0 0 0 0 0 0 0 0 0 0 0 0 0 0 0 0 0 0 0 0 0 0 0 0 0 0 0 0 0 0 0 0 0 0 0 0 0 0 0 0 0 0 0 0 0 0 0 0 0 0 0 0 0 0 0 0 0 0 0 0 0 0 0 0 0 0 0 0 0 0 0 0 0 0 0 0 0 0 0 0 0 0 0 0 0 0 0 0 0 0 0 1 0 0 0 1 255 233 1 0 0 1 0 0 0 0 0 0 0 0 0 0 0 0 0 0 0 0 0 0 0 0 0 0 0 0 0 0 0 0 0 0 0 0 0 0 0 0 0 0 0 0 0 0 0 0 0 0 0 0 0 0 0 0 0 0 0 0 0 0 0 0 0 0 0 0 0 0 0 0 0 0 0 0 0 0 0 0 0 0 0 0 0 0 0 0 0 0 1 2 103 1 0 0 0 0 0 0 0 0 0 0 0 0 0 0 0 0 0 0 0 0 0 0 0 0 0 0 0 0 0 0 0 0 0 0 0 0 0 1 1 2 84 66 1 1 1 1 0 0 0 0 0 0 0 0 0 0 0 1 1 0 0 0 0 0 0 0 0 0 0 0 0 1 38 2 1 0 1 1 0 0 0 0 0 0 0 0 0 0 0 0 0 0 0 0 0 0 0 0 0 0 0 0 0 0 0 0 0 0 0 0 0 0 0 0 0 0 0 0 1 1 0 0 0 1 255 255 1 1 1 1 1 0 0 0 0 0 0 0 0 0 0 0 0 0 0 0 0 0 0 0 0 0 1 1 1 1 0 0 0 1 2 0 0 0 0 0 0 0 0 0 0 0 0 0 1 1 1 1 2 125 255 255 21 1 1 1 1 1 1 1 1 0 0 0 0 0 0 0 0 0 0 0 0 1 0 1 1 190 221 1 1 0 0 0 0 0 0 0 0 0 0 0 0 0 0 0 0 0 0 0 0 0 0 0 0 0 0 0 1 1 1 2 24 69 75 39 2 1 0 0 0 0 0 0 0 0 0 0 0 0 0 0 0 0 0 0 0 0 1 0 0 0 0 0 0 0 0 0 0 0 0 0 0 0 0 0 0 0 0 0 0 0 1 0 0 0 1 1 2 35 251 255 187 2 1 0 0 0 0 0 0 0 0 0 0 0 0 0
0 0 0 0 0 0 0 0 0 0 0 0 0 0 0 0 0 0 0 0 0 0 0 0 0 0 0 0 0 0 0 0 0 0 0 0 0 0 0 0 0 0 0 0 0 0 0 0 0 0 0 0 0 0 0 0 0 0 0 0 0 0 0 0 0 0 0 0 0 0 0 0 0 0 0 0 0 0 0 0 0 0 0 0 0 0 0 0 0 0 0 0 0 1 1 0 0 1 255 255 1 0 0 1 0 0 0 0 0 0 0 0 0 0 0 0 0 0 0 0 0 0 0 0 0 0 0 0 0 0 0 0 0 0 0 0 0 0 0 0 0 0 0 0 0 0 0 0 0 0 0 0 0 0 0 0 0 0 0 0 0 0 0 0 0 0 0 0 0 0 0 0 0 0 0 0 0 0 0 0 0 0 0 0 0 0 0 0 0 0 1 36 63 1 0 0 0 0 0 0 0 0 0 0 0 0 0 0 0 0 0 0 0 0 0 0 0 0 0 0 0 0 0 0 0 0 0 0 0 0 0 0 1 1 1 31 97 12 1 1 1 1 0 0 0 0 0 0 0 0 1 1 0 0 0 0 0 0 0 0 0 0 0 0 0 0 2 37 3 1 0 1 1 0 0 0 0 0 0 0 0 0 0 0 0 0 0 0 0 0 0 0 0 0 0 0 0 0 0 0 0 0 0 0 0 0 0 0 0 0 0 0 1 1 0 0 0 1 255 255 1 1 1 1 1 0 0 0 0 0 0 0 0 0 0 0 0 0 0 0 0 0 0 0 0 0 1 1 1 1 0 0 0 1 1 1 0 0 0 0 0 0 0 0 0 0 1 1 1 1 1 3 233 255 234 4 1 1 1 1 1 1 1 1 0 0 0 0 0 0 0 0 0 0 0 0 1 1 1 1 1 239 134 1 0 0 0 0 0 0 0 0 0 0 0 0 0 0 0 0 0 0 0 0 0 0 0 1 1 1 3 21 56 75 78 73 37 3 1 0 0 0 0 0 0 0 0 0 0 0 0 0 0 0 0 0 0 0 0 0 0 0 1 0 0 0 0 0 0 0 0 0 0 0 0 0 0 0 0 0 0 0 0 0 0 1 1 0 0 0 0 0 1 1 3 108 255 251 7 1 1 0 0 0 0 0 0 1 0 0 0 1
0 0 0 0 0 0 0 0 0 0 0 0 0 0 0 0 0 0 0 0 0 0 0 0 0 0 0 0 0 0 0 0 0 0 0 0 0 0 0 0 0 0 0 0 0 0 0 0 0 0 0 0 0 0 0 0 0 0 0 0 0 0 0 0 0 0 0 0 0 0 0 0 0 0 0 0 0 0 0 0 0 0 0 0 0 0 0 0 0 0 0 0 0 0 1 0 0 1 255 255 1 0 0 1 0 0 0 0 0 0 0 0 0 0 0 0 0 0 0 0 0 0 0 0 0 0 0 0 0 0 0 0 0 0 0 0 0 0 0 0 0 0 0 0 0 0 0 0 0 0 0 0 0 0 0 0 0 0 0 0 0 0 0 0 0 0 0 0 0 0 0 0 0 0 0 0 0 0 0 0 0 0 0 0 0 0 0 0 0 0 1 95 6 1 0 0 0 0 0 0 0 0 0 0 0 0 0 0 0 0 0 0 0 0 0 0 0 0 0 0 0 0 0 0 0 0 0 0 0 0 0 0 0 0 0 0 2 84 66 1 1 1 1 1 0 0 0 0 0 1 1 0 0 0 0 0 0 0 0 0 0 0 0 0 0 0 0 1 35 17 1 0 1 1 0 0 0 0 0 0 0 0 0 0 0 0 0 0 0 0 0 0 0 0 0 0 0 0 0 0 0 0 0 0 0 0 0 0 0 0 0 0 1 1 0 0 0 1 255 255 1 1 1 1 1 0 0 0 0 0 0 0 0 0 0 0 0 0 0 0 0 0 0 0 0 0 1 1 1 0 0 0 0 0 1 2 0 0 0 0 0 0 0 0 1 1 1 1 1 1 8 255 255 118 1 1 1 1 1 1 1 1 1 0 0 0 0 0 0 0 0 0 0 0 0 0 1 1 1 1 1 253 30 1 0 0 0 0 0 0 0 0 0 0 0 0 0 0 0 1 1 1 1 3 15 43 68 76 78 77 70 40 10 1 1 1 0 0 0 0 0 0 0 0 0 0 0 0 0 0 0 0 0 0 0 0 0 0 0 0 0 0 1 0 0 0 0 0 0 0 0 0 0 0 0 0 0 0 0 0 0 0 0 0 0 1 0 0 0 0 0 0 0 1 1 1 10 243 254 5 1 1 0 0 1 1 1 1 1 1 1 1
0 0 0 0 0 0 0 0 0 0 0 0 0 0 0 0 0 0 0 0 0 0 0 0 0 0 0 0 0 0 0 0 0 0 0 0 0 0 0 0 0 0 0 0 0 0 0 0 0 0 0 0 0 0 0 0 0 0 0 0 0 0 0 0 0 0 0 0 0 0 0 0 0 0 0 0 0 0 0 0 0 0 0 0 0 0 0 0 0 0 0 0 0 0 1 0 0 0 253 255 1 0 0 1 0 0 0 0 0 0 0 0 0 0 0 0 0 0 0 0 0 0 0 0 0 0 0 0 0 0 0 0 0 0 0 0 0 0 0 0 0 0 0 0 0 0 0 0 0 0 0 0 0 0 0 0 0 0 0 0 0 0 0 0 0 0 0 0 0 0 0 0 0 0 0 0 0 0 0 0 0 0 0 0 0 0 0 0 0 0 1 106 1 1 0 0 0 0 0 0 0 0 0 0 0 0 0 0 0 0 0 0 0 0 0 0 0 0 0 0 0 0 0 0 0 0 0 0 0 0 0 0 0 0 0 0 0 1 31 97 14 1 1 1 1 0 0 0 1 2 1 0 0 0 0 0 0 0 0 0 0 0 0 0 0 0 0 0 1 16 45 19 1 1 1 0 0 0 0 0 0 0 0 0 0 0 0 0 0 0 0 0 0 0 0 0 0 0 0 0 0 0 0 0 0 0 0 0 0 0 0 0 1 1 0 0 1 1 255 255 1 1 1 1 1 0 0 0 0 0 0 0 0 0 0 0 0 0 0 0 0 0 0 0 0 1 1 1 1 0 0 0 0 0 1 2 1 0 0 0 0 0 1 1 1 1 1 1 1 30 255 255 43 1 1 1 1 1 1 1 1 0 0 0 0 0 0 0 0 0 0 0 0 0 0 0 1 1 0 1 1 255 3 1 0 0 0 0 0 0 0 0 0 0 1 1 2 15 42 67 75 77 76 70 48 18 4 1 1 1 1 0 0 0 0 0 0 0 0 0 0 0 0 0 0 0 0 0 0 0 0 0 0 0 0 0 0 0 0 0 0 0 1 0 0 0 0 0 0 0 0 0 0 0 0 0 0 0 0 0 0 0 0 0 0 1 0 0 0 0 0 0 0 0 1 1 1 4 245 248 2 1 1 1 1 1 2 2 1 1 1 1
0 0 0 0 0 0 0 0 0 0 0 0 0 0 0 0 0 0 0 0 0 0 0 0 0 0 0 0 0 0 0 0 0 0 0 0 0 0 0 0 0 0 0 0 0 0 0 0 0 0 0 0 0 0 0 0 0 0 0 0 0 0 0 0 0 0 0 0 0 0 0 0 0 0 0 0 0 0 0 0 0 0 0 0 0 0 0 0 0 0 0 0 0 0 1 0 0 0 96 255 2 1 0 0 1 0 0 0 0 0 0 0 0 0 0 0 0 0 0 0 0 0 0 0 0 0 0 0 0 0 0 0 0 0 0 0 0 0 0 0 0 0 0 0 0 0 0 0 0 0 0 0 0 0 0 0 0 0 0 0 0 0 0 0 0 0 0 0 0 0 0 0 0 0 0 0 0 0 0 0 0 0 0 0 0 0 0 0 0 0 1 106 1 1 0 0 0 0 0 0 0 0 0 0 0 0 0 0 0 0 0 0 0 0 0 0 0 0 0 0 0 0 0 0 0 0 0 0 0 0 0 0 0 0 0 0 0 0 1 2 82 71 1 1 1 1 1 0 2 1 0 0 0 0 0 0 0 0 0 0 0 0 0 0 0 0 0 0 0 1 1 14 43 41 10 1 1 1 0 0 0 0 0 0 0 0 0 0 0 0 0 0 0 0 0 0 0 0 0 0 0 0 0 0 0 0 0 0 0 0 0 0 1 1 0 0 1 1 255 255 1 1 1 1 1 0 0 0 0 0 0 0 0 0 0 0 0 1 1 0 0 0 0 0 0 1 1 1 0 0 0 0 0 0 0 1 2 0 0 0 0 0 1 0 1 1 1 2 103 255 255 10 1 1 1 1 1 1 1 1 0 0 0 0 0 0 0 0 0 0 0 0 0 0 0 1 1 0 1 1 23 253 1 0 0 0 0 0 0 0 1 1 16 60 76 77 72 48 20 4 1 1 0 1 1 1 1 0 0 0 0 0 0 0 0 0 0 0 0 0 0 0 0 0 0 0 0 0 0 0 0 0 0 0 0 0 0 0 0 0 0 0 1 0 0 0 0 0 0 0 0 0 0 0 0 0 0 0 0 0 0 0 0 0 0 1 0 0 0 0 0 0 0 0 0 1 1 1 5 255 224 2 1 1 1 1 1 1 1 2 1 1
0 0 0 0 0 0 0 0 0 0 0 0 0 0 0 0 0 0 0 0 0 0 0 0 0 0 0 0 0 0 0 0 0 0 0 0 0 0 0 0 0 0 0 0 0 0 0 0 0 0 0 0 0 0 0 0 0 0 0 0 0 0 0 0 0 0 0 0 0 0 0 0 0 0 0 0 0 0 0 0 0 0 0 0 0 0 0 0 0 0 0 0 0 0 1 0 0 0 5 255 8 1 0 0 1 0 0 0 0 0 0 0 0 0 0 0 0 0 0 0 0 0 0 0 0 0 0 0 0 0 0 0 0 0 0 0 0 0 0 0 0 0 0 0 0 0 0 0 0 0 0 0 0 0 0 0 0 0 0 0 0 0 0 0 0 0 0 0 0 0 0 0 0 0 0 0 0 0 0 0 0 0 0 0 0 0 0 0 0 0 4 99 1 0 0 0 0 0 0 0 0 0 0 0 0 0 0 0 0 0 0 0 0 0 0 0 0 0 0 0 0 0 0 0 0 0 0 0 0 0 0 0 0 0 0 0 0 0 0 0 1 26 99 25 1 1 1 1 1 0 0 0 0 0 0 0 0 0 0 0 0 0 0 0 0 0 0 0 0 0 0 1 1 2 24 45 43 15 1 1 0 0 0 0 0 0 0 0 0 0 0 0 0 0 0 0 0 0 0 0 0 0 0 0 0 0 0 0 0 0 0 0 1 1 0 0 1 1 255 255 1 1 1 1 1 1 0 0 0 0 0 0 0 0 0 1 1 1 1 1 0 0 0 0 0 1 1 1 0 0 0 0 0 0 0 1 2 1 0 0 1 1 1 1 1 1 3 208 255 239 3 1 1 1 1 1 1 1 1 1 1 0 0 0 0 0 0 0 0 0 0 0 0 0 1 1 1 1 1 1 161 233 1 0 0 0 1 1 1 24 72 76 46 7 1 1 0 0 0 0 0 1 1 1 0 0 0 0 0 0 0 0 0 0 0 0 0 0 0 0 0 0 0 0 0 0 0 0 0 0 0 0 0 0 0 0 0 0 0 0 0 0 1 0 0 0 0 0 0 0 0 0 0 0 0 0 0 0 0 0 0 0 0 0 1 0 0 0 0 0 0 0 0 0 0 0 0 1 1 17 255 231 6 1 1 1 1 1 1 1 1 3
0 0 0 0 0 0 0 0 0 0 0 0 0 0 0 0 0 0 0 0 0 0 0 0 0 0 0 0 0 0 0 0 0 0 0 0 0 0 0 0 0 0 0 0 0 0 0 0 0 0 0 0 0 0 0 0 0 0 0 0 0 0 0 0 0 0 0 0 0 0 0 0 0 0 0 0 0 0 0 0 0 0 0 0 0 0 0 0 0 0 0 0 0 0 1 0 0 0 1 255 139 1 0 0 1 0 0 0 0 0 0 0 0 0 0 0 0 0 0 0 0 0 0 0 0 0 0 0 0 0 0 0 0 0 0 0 0 0 0 0 0 0 0 0 0 0 0 0 0 0 0 0 0 0 0 0 0 0 0 0 0 0 0 0 0 0 0 0 0 0 0 0 0 0 0 0 0 0 0 0 0 0 0 0 0 0 0 0 0 0 40 58 1 0 0 0 0 0 0 0 0 0 0 0 0 0 0 0 0 0 0 0 0 0 0 0 0 0 0 0 0 0 0 0 0 0 0 0 0 0 0 0 0 0 0 0 0 0 0 0 0 0 1 72 87 5 1 1 1 1 0 0 0 0 0 0 0 0 0 0 0 0 0 0 0 0 0 0 0 0 0 0 0 1 1 1 1 18 43 44 18 1 1 0 0 0 0 0 0 0 0 0 0 0 0 0 0 0 0 0 0 0 0 0 0 0 0 0 0 0 0 0 1 1 0 0 1 1 255 255 1 1 1 1 1 1 1 1 1 0 0 0 0 0 0 1 1 0 0 1 1 0 0 0 1 1 1 0 0 0 0 0 0 0 0 0 2 1 0 1 1 1 1 1 1 6 255 255 153 2 1 1 1 1 1 1 1 1 1 0 1 0 0 0 0 0 0 0 0 0 0 0 0 1 1 1 1 1 1 1 239 137 1 1 1 1 24 72 76 36 2 1 0 0 0 0 0 0 0 0 0 0 0 0 0 0 0 0 0 0 0 0 0 0 0 0 0 0 0 0 0 0 0 0 0 0 0 0 0 0 0 0 0 0 0 0 0 0 0 0 0 0 1 0 0 0 0 0 0 0 0 0 0 0 0 0 0 0 0 0 0 0 0 0 1 0 0 0 0 0 0 0 0 0 0 0 0 0 0 1 32 255 255 99 2 1 1 0 0 0 0 1
0 0 0 0 0 0 0 0 0 0 0 0 0 0 0 0 0 0 0 0 0 0 0 0 0 0 0 0 0 0 0 0 0 0 0 0 0 0 0 0 0 0 0 0 0 0 0 0 0 0 0 0 0 0 0 0 0 0 0 0 0 0 0 0 0 0 0 0 0 0 0 0 0 0 0 0 0 0 0 0 0 0 0 0 0 0 0 0 0 0 0 0 0 0 1 1 0 0 1 255 255 1 0 0 1 0 0 0 0 0 0 0 0 0 0 0 0 0 0 0 0 0 0 0 0 0 0 0 0 0 0 0 0 0 0 0 0 0 0 0 0 0 0 0 0 0 0 0 0 0 0 0 0 0 0 0 0 0 0 0 0 0 0 0 0 0 0 0 0 0 0 0 0 0 0 0 0 0 0 0 0 0 0 0 0 0 0 0 0 1 97 5 1 0 0 0 0 0 0 0 0 0 0 0 0 0 0 0 0 0 0 0 0 0 0 0 0 0 0 0 0 0 0 0 0 0 0 0 0 0 0 0 0 0 0 0 0 0 0 0 0 0 0 1 10 96 56 2 1 0 1 1 0 0 0 0 0 0 0 0 0 0 0 0 0 0 0 0 0 0 0 0 0 0 0 1 1 1 1 1 15 44 44 13 1 1 0 0 0 0 0 0 0 0 0 0 0 0 0 0 0 0 0 0 0 0 0 0 0 0 0 0 1 1 0 0 1 2 255 255 1 1 1 1 1 1 1 1 1 0 0 0 0 0 0 1 1 0 0 0 1 0 0 1 1 1 1 0 0 0 0 0 0 0 0 0 1 2 1 1 1 1 1 1 20 255 255 56 1 1 1 1 1 1 1 1 1 1 1 0 1 1 0 0 0 0 0 0 0 0 0 0 1 1 0 1 1 1 1 2 253 11 1 14 69 75 36 2 1 0 0 0 0 0 0 0 0 0 0 0 0 0 0 0 0 0 0 0 0 0 0 0 0 0 0 0 0 0 0 0 0 0 0 0 0 0 0 0 0 0 0 0 0 0 0 0 0 0 0 0 0 0 1 0 0 0 0 0 0 0 0 0 0 0 0 0 0 0 0 0 0 0 0 0 1 0 0 0 0 0 0 0 0 0 0 0 0 0 0 0 8 4 192 255 255 100 2 1 1 1 0 0
0 0 0 0 0 0 0 0 0 0 0 0 0 0 0 0 0 0 0 0 0 0 0 0 0 0 0 0 0 0 0 0 0 0 0 0 0 0 0 0 0 0 0 0 0 0 0 0 0 0 0 0 0 0 0 0 0 0 0 0 0 0 0 0 0 0 0 0 0 0 0 0 0 0 0 0 0 0 0 0 0 0 0 0 0 0 0 0 0 0 0 0 0 0 0 1 0 0 1 255 255 1 0 0 1 0 0 0 0 0 0 0 0 0 0 0 0 0 0 0 0 0 0 0 0 0 0 0 0 0 0 0 0 0 0 0 0 0 0 0 0 0 0 0 0 0 0 0 0 0 0 0 0 0 0 0 0 0 0 0 0 0 0 0 0 0 0 0 0 0 0 0 0 0 0 0 0 0 0 0 0 0 0 0 0 0 0 0 0 1 106 1 1 0 0 0 0 0 0 0 0 0 0 0 0 0 0 0 0 0 0 0 0 0 0 0 0 0 0 0 0 0 0 0 0 0 0 0 0 0 0 0 0 0 0 0 0 0 0 0 0 0 0 0 0 1 41 97 15 1 1 1 1 1 0 0 0 0 0 0 0 0 0 0 0 0 0 0 0 0 0 0 0 0 0 0 0 1 1 1 1 1 1 21 46 37 5 1 1 0 0 0 0 0 0 0 0 0 0 0 0 0 0 0 0 0 0 0 0 0 0 1 1 0 0 0 1 6 255 255 1 1 1 1 1 1 1 1 1 0 0 0 0 0 0 1 1 1 1 0 0 0 0 1 1 1 1 0 0 0 0 0 0 0 0 0 1 2 1 1 1 1 1 71 255 255 11 1 1 1 1 1 1 1 1 0 1 0 0 0 0 0 0 0 0 0 0 0 0 0 0 1 1 0 0 1 1 1 1 154 236 55 76 49 3 1 1 0 0 0 0 0 0 0 0 0 0 0 0 0 0 0 0 0 0 0 0 0 0 0 0 0 0 0 0 0 0 0 0 0 0 0 0 0 0 0 0 0 0 0 0 0 0 0 0 0 0 0 0 0 0 0 1 0 0 0 0 0 0 0 0 0 0 0 0 0 0 0 0 0 0 0 0 1 1 0 0 0 0 0 0 0 0 0 0 0 0 0 0 0 9 1 1 6 209 255 255 128 3 1 1 0
0 0 0 0 0 0 0 0 0 0 0 0 0 0 0 0 0 0 0 0 0 0 0 0 0 0 0 0 0 0 0 0 0 0 0 0 0 0 0 0 0 0 0 0 0 0 0 0 0 0 0 0 0 0 0 0 0 0 0 0 0 0 0 0 0 0 0 0 0 0 0 0 0 0 0 0 0 0 0 0 0 0 0 0 0 0 0 0 0 0 0 0 0 0 0 1 0 0 1 255 255 1 0 0 1 0 0 0 0 0 0 0 0 0 0 0 0 0 0 0 0 0 0 0 0 0 0 0 0 0 0 0 0 0 0 0 0 0 0 0 0 0 0 0 0 0 0 0 0 0 0 0 0 0 0 0 0 0 0 0 0 0 0 0 0 0 0 0 0 0 0 0 0 0 0 0 0 0 0 0 0 0 0 0 0 0 0 0 0 1 105 1 1 0 0 0 0 0 0 0 0 0 0 0 0 0 0 0 0 0 0 0 0 0 0 0 0 0 0 0 0 0 0 0 0 0 0 0 0 0 0 0 0 0 0 0 0 0 0 0 0 0 0 0 0 0 1 2 81 71 1 1 1 1 1 0 0 0 0 0 0 0 0 0 0 0 0 0 0 0 0 0 0 0 0 0 0 0 0 1 1 1 1 1 1 3 33 46 15 1 1 0 0 0 0 0 0 0 0 0 0 0 0 0 0 0 0 0 0 0 0 1 1 1 0 0 1 110 255 255 1 1 1 1 0 0 1 1 0 0 0 0 0 0 0 0 1 1 1 1 0 0 1 1 1 1 0 0 0 0 0 0 0 0 0 1 1 1 1 1 1 2 159 255 250 3 1 1 1 1 1 1 1 0 0 1 1 0 0 0 0 0 0 0 0 0 0 0 0 0 1 1 0 0 1 1 1 1 23 255 97 13 1 1 0 0 0 0 0 0 0 0 0 0 0 0 0 0 0 0 0 0 0 0 0 0 0 0 0 0 0 0 0 0 0 0 0 0 0 0 0 0 0 0 0 0 0 0 0 0 0 0 0 0 0 0 0 0 0 0 0 0 1 0 0 0 0 0 0 0 0 0 0 0 0 0 0 0 0 0 0 0 0 1 1 0 0 0 0 0 0 0 0 0 0 0 0 0 0 0 9 1 0 1 1 3 187 255 255 154 3 1
0 0 0 0 0 0 0 0 0 0 0 0 0 0 0 0 0 0 0 0 0 0 0 0 0 0 0 0 0 0 0 0 0 0 0 0 0 0 0 0 0 0 0 0 0 0 0 0 0 0 0 0 0 0 0 0 0 0 0 0 0 0 0 0 0 0 0 0 0 0 0 0 0 0 0 0 0 0 0 0 0 0 0 0 0 0 0 0 0 0 0 0 0 0 0 1 0 0 0 170 255 1 0 0 1 0 0 0 0 0 0 0 0 0 0 0 0 0 0 0 0 0 0 0 0 0 0 0 0 0 0 0 0 0 0 0 0 0 0 0 0 0 0 0 0 0 0 0 0 0 0 0 0 0 0 0 0 0 0 0 0 0 0 0 0 0 0 0 0 0 0 0 0 0 0 0 0 0 0 0 0 0 0 0 0 0 0 0 0 13 85 1 0 0 0 0 0 0 0 0 0 0 0 0 0 0 1 0 0 0 0 0 0 0 0 0 0 0 0 0 0 0 0 0 0 0 0 0 0 0 0 0 0 0 0 0 0 0 0 0 0 0 0 0 0 0 0 1 1 24 96 17 1 1 1 1 1 0 0 0 0 0 0 0 0 0 0 0 0 0 0 0 0 0 0 0 0 0 0 0 0 0 1 0 1 1 1 1 18 46 22 1 1 1 0 0 0 0 0 0 0 0 0 0 0 0 0 0 0 0 1 1 0 1 0 0 1 255 255 255 1 1 1 1 0 0 1 1 1 0 0 0 0 0 0 0 0 0 1 1 0 0 1 1 1 0 0 0 0 0 0 0 0 0 1 1 1 1 2 1 2 236 255 189 2 1 1 1 1 1 1 1 0 0 1 1 0 0 0 0 0 0 0 0 0 0 0 0 0 1 1 0 0 1 1 1 1 24 253 112 1 1 0 0 0 0 0 0 0 0 0 0 0 0 0 0 0 0 0 0 0 0 0 0 0 0 0 0 0 0 0 0 0 0 0 0 0 0 0 0 0 0 0 0 0 0 0 0 0 0 0 0 0 0 0 0 0 0 0 0 0 0 1 0 0 0 0 0 0 0 0 0 0 0 0 0 0 0 0 0 0 0 0 0 1 1 0 0 0 0 0 0 0 0 0 0 0 0 0 0 10 1 0 0 0 1 1 2 154 255 255 117
0 0 0 0 0 0 0 0 0 0 0 0 0 0 0 0 0 0 0 0 0 0 0 0 0 0 0 0 0 0 0 0 0 0 0 0 0 0 0 0 0 0 0 0 0 0 0 0 0 0 0 0 0 0 0 0 0 0 0 0 0 0 0 0 0 0 0 0 0 0 0 0 0 0 0 0 0 0 0 0 0 0 0 0 0 0 0 0 0 0 0 0 0 0 0 1 0 0 0 14 255 4 1 0 1 1 0 0 0 0 0 0 0 0 0 0 0 0 0 0 0 0 0 0 0 0 0 0 0 0 0 0 0 0 0 0 0 0 0 0 0 0 0 0 0 0 0 0 0 0 0 0 0 0 0 0 0 0 0 0 0 0 0 0 0 0 0 0 0 0 0 0 0 0 0 0 0 0 0 0 0 0 0 0 0 0 0 0 0 81 18 1 0 0 0 0 0 0 0 0 0 0 0 0 0 0 1 1 1 1 1 0 0 0 0 0 0 0 0 0 0 0 0 0 0 0 0 0 0 0 0 0 0 0 0 0 0 0 0 0 0 0 0 0 0 0 0 0 1 1 2 78 68 1 1 0 1 1 0 0 0 0 0 0 0 0 0 0 0 0 0 0 0 0 0 0 0 0 0 0 0 0 0 0 0 0 0 1 1 1 11 45 25 1 1 1 0 0 0 0 0 0 0 0 0 0 0 0 0 0 1 0 0 1 0 0 1 255 255 255 1 1 1 1 0 0 1 1 1 1 1 0 0 0 0 0 0 1 1 1 1 1 1 1 1 0 0 0 0 0 0 0 0 0 1 1 1 1 1 8 255 255 91 1 1 1 1 1 1 1 1 0 0 0 1 0 0 0 0 0 0 0 0 0 0 0 0 0 0 1 0 0 1 1 1 1 69 253 107 1 1 0 0 0 0 0 0 0 0 0 0 0 0 0 0 0 0 0 0 0 0 0 0 0 0 0 0 0 0 0 0 0 0 0 0 0 0 0 0 0 0 0 0 0 0 0 0 0 0 0 0 0 0 0 0 0 0 0 0 0 0 0 1 0 0 0 0 0 0 0 0 0 0 0 0 0 0 0 0 0 0 0 0 0 0 1 1 0 0 0 0 0 0 0 0 0 0 0 0 0 10 1 0 0 0 0 0 0 1 2 164 255
0 0 0 0 0 0 0 0 0 0 0 0 0 0 0 0 0 0 0 0 0 0 0 0 0 0 0 0 0 0 0 0 0 0 0 0 0 0 0 0 0 0 0 0 0 0 0 0 0 0 0 0 0 0 0 0 0 0 0 0 0 0 0 0 0 0 0 0 0 0 0 0 0 0 0 0 0 0 0 0 0 0 0 0 0 0 0 0 0 0 0 0 0 0 0 1 0 0 0 1 255 76 1 0 0 1 0 0 0 0 0 0 0 0 0 0 0 0 0 0 0 0 0 0 0 0 0 0 0 0 0 0 0 0 0 0 0 0 0 0 0 0 0 0 0 0 0 0 0 0 0 0 0 0 0 0 0 0 0 0 0 0 0 0 0 0 0 0 0 0 0 0 0 0 0 0 0 0 0 0 0 0 0 0 0 0 0 0 1 106 1 1 0 0 0 0 0 0 0 0 0 0 0 0 0 0 0 0 0 0 1 1 1 1 1 1 1 1 1 0 0 0 0 0 0 0 0 0 0 0 0 0 0 0 0 0 0 0 0 0 0 0 0 0 0 0 0 0 0 1 1 1 27 96 16 1 1 1 1 1 0 0 0 0 0 0 0 0 0 0 0 0 0 0 0 0 0 0 0 0 0 0 0 0 0 0 0 0 0 1 1 1 10 45 25 1 1 1 0 0 0 0 0 0 0 0 0 0 0 1 1 0 0 1 0 1 66 255 176 255 36 1 1 1 1 1 1 1 1 1 1 1 0 0 0 0 0 0 1 1 1 2 2 1 0 0 0 0 0 0 0 0 1 1 1 1 1 1 16 255 255 26 1 1 1 1 1 1 1 0 0 0 0 1 1 0 0 0 0 0 0 0 0 0 0 0 0 0 1 0 0 0 1 1 1 130 253 64 1 1 1 0 0 0 0 0 0 0 0 0 0 0 0 0 0 0 0 0 0 0 0 0 0 0 0 0 0 0 0 0 0 0 0 0 0 0 0 0 0 0 0 0 0 0 0 0 0 0 0 0 0 0 0 0 0 0 0 0 0 0 0 0 1 0 0 0 0 0 0 0 0 0 0 0 0 0 0 0 0 0 0 0 0 0 0 0 1 1 1 0 0 0 0 0 0 0 0 0 0 0 8 1 0 0 0 0 0 0 0 1 1 6
0 0 0 0 0 0 0 0 0 0 0 0 0 0 0 0 0 0 0 0 0 0 0 0 0 0 0 0 0 0 0 0 0 0 0 0 0 0 0 0 0 0 0 0 0 0 0 0 0 0 0 0 0 0 0 0 0 0 0 0 0 0 0 0 0 0 0 0 0 0 0 0 0 0 0 0 0 0 0 0 0 0 0 0 0 0 0 0 0 0 0 0 0 0 0 1 1 0 0 1 255 255 1 0 0 1 0 0 0 0 0 0 0 0 0 0 0 0 0 0 0 0 0 0 0 0 0 0 0 0 0 0 0 0 0 0 0 0 0 0 0 0 0 0 0 0 0 0 0 0 0 0 0 0 0 0 0 0 0 0 0 0 0 0 0 0 0 0 0 0 0 0 0 0 0 0 0 0 0 0 0 0 0 0 0 0 0 0 1 106 1 1 0 0 0 0 0 0 0 0 0 0 0 0 0 0 0 0 0 0 0 0 0 0 0 0 0 0 1 1 1 1 1 1 0 0 0 0 0 1 1 1 1 0 0 0 0 0 0 0 0 0 0 0 0 0 0 0 0 0 1 1 1 3 80 80 4 1 1 1 1 1 1 0 0 0 0 0 0 0 0 0 0 0 0 0 0 0 0 0 0 0 0 0 0 0 0 0 0 0 0 1 1 1 10 45 25 1 1 0 0 0 0 0 0 0 0 0 0 1 0 0 1 0 1 1 255 255 57 255 255 42 9 3 2 1 1 1 1 1 1 1 1 0 0 0 0 0 0 1 2 9 3 1 1 0 0 0 0 0 0 0 1 1 1 1 1 69 255 255 7 1 1 1 1 1 1 1 0 1 1 0 1 1 0 0 0 0 0 1 0 0 0 0 0 0 1 1 1 0 0 1 1 1 192 250 19 1 1 1 0 0 0 0 0 0 0 0 0 0 0 0 0 0 0 0 0 0 0 0 0 0 0 0 0 0 0 0 0 0 0 0 0 0 0 0 0 0 0 0 0 0 0 0 0 0 0 0 0 0 0 0 0 0 0 0 0 0 0 0 0 0 1 0 0 0 0 0 0 0 0 0 0 0 0 0 0 0 0 0 0 0 0 0 0 0 0 0 1 1 0 0 0 0 0 0 0 0 0 0 2 6 1 0 0 0 0 0 0 0 0 1
0 0 0 0 0 0 0 0 0 0 0 0 0 0 0 0 0 0 0 0 0 0 0 0 0 0 0 0 0 0 0 0 0 0 0 0 0 0 0 0 0 0 0 0 0 0 0 0 0 0 0 0 0 0 0 0 0 0 0 0 0 0 0 0 0 0 0 0 0 0 0 0 0 0 0 0 0 0 0 0 0 0 0 0 0 0 0 0 0 0 0 0 0 0 0 0 1 0 0 1 255 255 1 0 0 1 0 0 0 0 0 0 0 0 0 0 0 0 0 0 0 0 0 0 0 0 0 0 0 0 0 0 0 0 0 0 0 0 0 0 0 0 0 0 0 0 0 0 0 0 0 0 0 0 0 0 0 0 0 0 0 0 0 0 0 0 0 0 0 0 0 0 0 0 0 0 0 0 0 0 0 0 0 0 0 0 0 0 4 99 1 0 0 0 0 0 0 0 0 0 0 0 0 0 0 0 0 0 0 0 0 0 0 0 0 0 0 0 0 0 0 0 0 1 1 1 1 1 1 1 0 0 0 0 0 0 0 0 0 0 0 0 0 0 0 0 0 0 0 0 0 1 1 1 1 16 95 82 9 1 1 1 1 1 1 0 0 0 0 0 0 0 0 0 0 0 0 0 0 0 0 0 0 0 0 0 0 0 0 0 0 0 0 1 1 1 10 45 24 1 1 1 0 0 0 0 0 0 0 1 0 1 1 1 1 5 255 93 1 255 255 240 207 205 205 202 198 195 186 174 168 120 9 1 1 1 1 1 1 1 9 6 1 1 1 0 0 0 0 0 1 1 1 1 1 1 167 255 245 3 1 1 1 1 1 1 0 0 1 1 1 1 1 0 0 0 0 0 0 1 0 0 0 0 0 1 1 0 0 0 1 1 2 234 239 4 1 1 1 1 0 0 0 0 0 0 0 0 0 0 0 0 0 0 0 0 0 0 0 0 0 0 0 0 0 0 0 0 0 0 0 0 0 0 0 0 0 0 0 0 0 0 0 0 0 0 0 0 0 0 0 0 0 0 0 0 0 0 0 0 0 0 1 0 0 0 0 0 0 0 0 0 0 0 0 0 0 0 0 0 0 0 0 0 0 0 0 0 0 1 1 0 0 0 0 0 0 0 0 0 1 12 1 0 0 0 0 0 0 0 0 0
0 0 0 0 0 0 0 0 0 0 0 0 0 0 0 0 0 0 0 0 0 0 0 0 0 0 0 0 0 0 0 0 0 0 0 0 0 0 0 0 0 0 0 0 0 0 0 0 0 0 0 0 0 0 0 0 0 0 0 0 0 0 0 0 0 0 0 0 0 0 0 0 0 0 0 0 0 0 0 0 0 0 0 0 0 0 0 0 0 0 0 0 0 0 0 0 1 0 0 1 255 255 1 0 0 1 0 0 0 0 0 0 0 0 0 0 0 0 0 0 0 0 0 0 0 0 0 0 0 0 0 0 0 0 0 0 0 0 0 0 0 0 0 0 0 0 0 0 0 0 0 0 0 0 0 0 0 0 0 0 0 0 0 0 0 0 0 0 0 0 0 0 0 0 0 0 0 0 0 0 0 0 0 0 0 0 0 0 54 44 1 0 0 0 0 0 0 0 0 0 0 0 0 0 0 0 0 0 0 0 0 0 0 0 0 0 0 0 0 0 0 0 0 0 0 0 0 0 0 0 0 0 0 0 0 0 0 0 0 0 0 0 0 0 0 0 0 0 0 0 0 0 0 1 1 1 1 13 88 98 36 1 1 1 1 1 1 0 0 1 1 1 1 1 0 0 0 0 0 0 0 0 0 0 0 0 0 0 0 0 0 0 0 0 0 1 1 1 10 44 24 1 1 0 0 0 0 0 1 1 0 1 1 1 1 2 255 205 6 255 255 240 205 208 210 208 198 184 188 191 177 201 244 244 242 234 184 29 1 6 11 1 1 1 1 1 0 0 0 1 1 1 1 1 2 239 255 177 2 1 1 1 1 1 1 0 0 1 1 1 1 1 1 1 0 0 0 0 0 1 0 0 0 0 1 1 0 0 0 1 1 13 247 206 2 1 1 0 1 1 0 0 0 0 0 0 0 0 0 0 0 0 0 0 0 0 0 0 0 0 0 0 0 0 0 0 0 0 0 0 0 0 0 0 0 0 0 0 0 0 0 0 0 0 0 0 0 0 0 0 0 0 0 0 0 0 0 0 0 0 0 0 1 0 0 0 0 0 0 0 0 0 0 0 0 0 0 0 0 0 0 0 0 0 0 0 0 0 0 0 0 0 0 0 0 0 0 0 0 0 0 2 7 1 0 0 0 0 0 0 0 0
0 0 0 0 0 0 0 0 0 0 0 0 0 0 0 0 0 0 0 0 0 0 0 0 0 0 0 0 0 0 0 0 0 0 0 0 0 0 0 0 0 0 0 0 0 0 0 0 0 0 0 0 0 0 0 0 0 0 0 0 0 0 0 0 0 0 0 0 0 0 0 0 0 0 0 0 0 0 0 0 0 0 0 0 0 0 0 0 0 0 0 0 0 0 0 0 1 0 0 0 233 255 1 0 0 1 0 0 0 0 0 0 0 0 0 0 0 0 0 0 0 0 0 0 0 0 0 0 0 0 0 0 0 0 0 0 0 0 0 0 0 0 0 0 0 0 0 0 0 0 0 0 0 0 0 0 0 0 0 0 0 0 0 0 0 0 0 0 0 0 0 0 0 0 0 0 0 0 0 0 0 0 0 0 0 0 0 1 103 2 1 0 0 0 0 0 0 0 0 0 0 0 0 0 0 0 0 0 0 0 0 0 0 0 0 0 0 0 0 0 0 0 0 0 0 0 0 0 0 0 0 0 0 0 0 0 0 0 0 0 0 0 0 0 0 0 0 0 0 0 0 0 0 0 0 1 1 1 1 3 61 102 70 3 1 0 1 1 1 1 0 0 0 1 1 1 0 0 0 0 0 0 0 0 0 0 0 0 0 0 0 0 0 0 0 0 0 1 1 1 10 44 25 1 1 0 0 0 1 0 0 1 1 1 1 1 255 255 242 255 129 2 1 2 2 7 28 69 78 94 127 141 107 97 127 162 221 244 187 23 2 1 1 0 1 1 1 0 1 1 1 1 1 3 255 255 82 2 1 1 1 1 1 1 1 1 2 4 4 3 2 1 1 1 1 1 0 0 0 1 1 0 0 1 1 0 0 0 1 1 55 253 146 2 1 1 0 1 1 0 0 0 0 0 0 0 0 0 0 0 0 0 0 0 0 0 0 0 0 0 0 0 0 0 0 0 0 0 0 0 0 0 0 0 0 0 0 0 0 0 0 0 0 0 0 0 0 0 0 0 0 0 0 0 0 0 0 0 0 0 0 1 1 0 0 0 0 0 0 0 0 0 0 0 0 0 0 0 0 0 0 0 0 0 0 0 0 0 0 0 0 0 0 0 0 0 0 0 0 0 0 0 4 4 1 0 0 0 0 0 0 0
0 0 0 0 0 0 0 0 0 0 0 0 0 0 0 0 0 0 0 0 0 0 0 0 0 0 0 0 0 0 0 0 0 0 0 0 0 0 0 0 0 0 0 0 0 0 0 0 0 0 0 0 0 0 0 0 0 0 0 0 0 0 0 0 0 0 0 0 0 0 0 0 0 0 0 0 0 0 0 0 0 0 0 0 0 0 0 0 0 0 0 0 0 0 0 0 1 0 0 0 47 255 2 1 0 1 0 0 0 0 0 0 0 0 0 0 0 0 0 0 0 0 0 0 0 0 0 0 0 0 0 0 0 0 0 0 0 0 0 0 0 0 0 0 0 0 0 0 0 0 0 0 0 0 0 0 0 0 0 0 0 0 0 0 0 0 0 0 0 0 0 0 0 0 0 0 0 0 0 0 0 0 0 0 0 0 0 1 108 1 1 0 0 0 0 0 0 0 0 0 0 0 0 0 0 0 0 0 0 0 0 0 0 0 0 0 0 0 0 0 0 0 0 0 0 0 0 0 0 0 0 0 0 0 0 0 0 0 0 0 0 0 0 0 0 0 0 0 0 0 0 0 0 0 0 0 1 1 1 1 1 1 27 97 85 7 1 0 0 1 1 1 0 0 0 1 1 1 1 0 0 0 0 0 0 0 0 0 0 0 0 0 0 0 0 0 0 0 0 1 1 1 10 44 25 1 1 0 1 0 0 1 0 1 1 1 26 255 255 253 1 1 1 1 1 1 1 1 1 1 1 1 1 1 1 1 2 62 218 217 1 1 1 1 0 1 1 1 1 1 1 1 7 255 255 25 1 1 1 1 1 1 1 0 0 1 5 2 3 5 5 8 9 9 7 4 1 1 1 0 1 0 1 1 0 0 0 0 1 121 253 76 1 1 1 0 1 1 0 0 0 0 0 0 0 0 0 0 0 0 0 0 0 0 0 0 0 0 0 0 0 0 0 0 0 0 0 0 0 0 0 0 0 0 0 0 0 0 0 0 0 0 0 0 0 0 0 0 0 0 0 0 0 0 0 0 0 0 0 0 0 1 0 0 0 0 0 0 0 0 0 0 0 0 0 0 0 0 0 0 0 0 0 0 0 0 0 0 0 0 0 0 0 0 0 0 0 0 0 0 0 0 1 4 7 1 0 0 0 0 0 0
0 0 0 0 0 0 0 0 0 0 0 0 0 0 0 0 0 0 0 0 0 0 0 0 0 0 0 0 0 0 0 0 0 0 0 0 0 0 0 0 0 0 0 0 0 0 0 0 0 0 0 0 0 0 0 0 0 0 0 0 0 0 0 0 0 0 0 0 0 0 0 0 0 0 0 0 0 0 0 0 0 0 0 0 0 0 0 0 0 0 0 0 0 0 0 0 1 0 0 0 3 255 14 1 0 1 0 0 0 0 0 0 0 0 0 0 0 0 0 0 0 0 0 0 0 0 0 0 0 0 0 0 0 0 0 0 0 0 0 0 0 0 0 0 0 0 0 0 0 0 0 0 0 0 0 0 0 0 0 0 0 0 0 0 0 0 0 0 0 0 0 0 0 0 0 0 0 0 0 0 0 0 0 0 0 0 0 2 103 1 0 0 0 0 0 0 0 0 0 0 0 0 0 0 0 0 0 0 0 0 0 0 0 0 0 0 0 0 0 0 0 0 0 0 0 0 0 0 0 0 0 0 0 0 0 0 0 0 0 0 0 0 0 0 0 0 0 0 0 0 0 0 0 0 0 0 0 0 0 1 1 1 1 1 12 92 89 9 1 0 0 1 1 1 0 0 0 0 1 1 0 0 0 0 0 0 0 0 0 0 0 0 0 0 0 0 0 0 0 0 0 1 1 1 10 44 21 1 1 0 0 1 0 1 1 1 3 255 255 78 1 1 1 1 1 1 1 1 1 1 1 1 1 1 1 1 1 1 25 245 84 1 1 1 1 1 1 1 1 1 1 12 255 255 8 1 1 1 1 1 1 1 1 1 1 1 1 1 1 2 1 1 1 1 2 4 9 10 5 1 1 1 1 0 0 0 1 1 188 250 22 1 1 1 0 1 1 0 0 0 0 0 0 0 0 0 0 0 0 0 0 0 0 0 0 0 0 0 0 0 0 0 0 0 0 0 0 0 0 0 0 0 0 0 0 0 0 0 0 0 0 0 0 0 0 0 0 0 0 0 0 0 0 0 0 0 0 0 0 0 0 1 0 0 0 0 0 0 0 0 0 0 0 0 0 0 0 0 0 0 0 0 0 0 0 0 0 0 0 0 0 0 0 0 0 0 0 0 0 0 0 0 0 0 2 11 3 1 0 0 0 0
0 0 0 0 0 0 0 0 0 0 0 0 0 0 0 0 0 0 0 0 0 0 0 0 0 0 0 0 0 0 0 0 0 0 0 0 0 0 0 0 0 0 0 0 0 0 0 0 0 0 0 0 0 0 0 0 0 0 0 0 0 0 0 0 0 0 0 0 0 0 0 0 0 0 0 0 0 0 0 0 0 0 0 0 0 0 0 0 0 0 0 0 0 0 0 0 1 0 0 0 1 255 125 1 0 1 0 0 0 0 0 0 0 0 0 0 0 0 0 0 0 0 0 0 0 0 0 0 0 0 0 0 0 0 0 0 0 0 0 0 0 0 0 0 0 0 0 0 0 0 0 0 0 0 0 0 0 0 0 0 0 0 0 0 0 0 0 0 0 0 0 0 0 0 0 0 0 0 0 0 0 0 0 0 0 0 0 32 67 1 0 0 0 0 0 0 0 0 0 0 0 0 0 0 0 0 0 0 0 0 0 0 0 0 0 0 0 0 0 0 0 0 0 0 0 0 0 0 0 0 0 0 0 0 0 0 0 0 0 0 0 0 0 0 0 0 0 0 0 0 0 0 0 0 0 0 0 0 0 0 0 0 0 1 1 1 8 89 89 8 1 0 0 1 1 1 0 0 0 1 1 0 0 0 0 0 0 0 0 0 0 0 0 0 0 0 0 0 0 0 0 0 0 1 1 1 13 46 21 1 1 1 1 1 1 1 2 255 255 2 1 1 1 1 1 1 1 1 1 1 1 1 1 1 1 1 1 1 1 141 242 1 1 1 1 1 1 1 1 1 20 255 255 5 1 1 1 1 1 1 0 0 0 0 0 1 1 1 1 1 0 0 0 0 1 1 1 1 4 14 30 11 1 1 0 1 2 223 239 6 1 1 1 0 1 1 0 0 0 0 0 0 0 0 0 0 0 0 0 0 0 0 0 0 0 0 0 0 0 0 0 0 0 0 0 0 0 0 0 0 0 0 0 0 0 0 0 0 0 0 0 0 0 0 0 0 0 0 0 0 0 0 0 0 0 0 0 0 0 0 0 1 0 0 0 0 0 0 0 0 0 0 0 0 0 0 0 0 0 0 0 0 0 0 0 0 0 0 0 0 0 0 0 0 0 0 0 0 0 0 0 0 0 0 0 1 6 8 1 0 0 0
0 0 0 0 0 0 0 0 0 0 0 0 0 0 0 0 0 0 0 0 0 0 0 0 0 0 0 0 0 0 0 0 0 0 0 0 0 0 0 0 0 0 0 0 0 0 0 0 0 0 0 0 0 0 0 0 0 0 0 0 0 0 0 0 0 0 0 0 0 0 0 0 0 0 0 0 0 0 0 0 0 0 0 0 0 0 0 0 0 0 0 0 0 0 0 0 1 0 0 0 1 255 253 1 0 1 0 0 0 0 0 0 0 0 0 0 0 0 0 0 0 0 0 0 0 0 0 0 0 0 0 0 0 0 0 0 0 0 0 0 0 0 0 0 0 0 0 0 0 0 0 0 0 0 0 0 0 0 0 0 0 0 0 0 0 0 0 0 0 0 0 0 0 0 0 0 0 0 0 0 0 0 0 0 0 0 1 94 7 1 0 0 0 0 0 0 0 0 0 0 0 0 0 0 0 0 0 0 0 0 0 0 0 0 0 0 0 0 0 0 0 0 0 0 0 0 0 0 0 0 0 0 0 0 0 0 0 0 0 0 0 0 0 0 0 0 0 0 0 0 0 0 0 0 0 0 0 0 0 0 0 0 0 0 0 0 1 1 9 91 83 4 1 0 0 1 1 0 0 0 1 1 1 0 0 0 0 0 0 0 0 0 0 0 0 0 0 0 0 0 0 0 0 0 0 1 1 1 13 46 24 1 1 1 1 1 3 255 255 1 1 1 1 1 1 0 0 0 0 0 1 1 1 0 0 1 1 1 1 9 253 20 1 1 1 1 1 1 1 27 255 255 3 1 1 1 1 1 1 0 0 0 1 1 1 1 0 0 1 1 1 0 0 1 1 1 0 1 4 24 10 27 44 19 2 4 239 231 11 2 1 1 1 1 1 0 0 0 0 0 0 0 0 0 0 0 0 0 0 0 0 0 0 0 0 0 0 0 0 0 0 0 0 0 0 0 0 0 0 0 0 0 0 0 0 0 0 0 0 0 0 0 0 0 0 0 0 0 0 0 0 0 0 0 0 0 0 0 0 0 0 1 0 0 0 0 0 0 0 0 0 0 0 0 0 0 0 0 0 0 0 0 0 0 0 0 0 0 0 0 0 0 0 0 0 0 0 0 0 0 0 0 0 0 0 0 0 2 9 1 0 0
0 0 0 0 0 0 0 0 0 0 0 0 0 0 0 0 0 0 0 0 0 0 0 0 0 0 0 0 0 0 0 0 0 0 0 0 0 0 0 0 0 0 0 0 0 0 0 0 0 0 0 0 0 0 0 0 0 0 0 0 0 0 0 0 0 0 0 0 0 0 0 0 0 0 0 0 0 0 0 0 0 0 0 0 0 0 0 0 0 0 0 0 0 0 0 0 1 0 0 0 1 255 255 1 0 1 0 0 0 0 0 0 0 0 0 0 0 0 0 0 0 0 0 0 0 0 0 0 0 0 0 0 0 0 0 0 0 0 0 0 0 0 0 0 0 0 0 0 0 0 0 0 0 0 0 0 0 0 0 0 0 0 0 0 0 0 0 0 0 0 0 0 0 0 0 0 0 0 0 0 0 0 0 0 0 0 1 108 1 1 0 0 0 0 0 0 0 0 0 0 0 0 0 0 0 0 0 0 0 0 0 0 0 0 0 0 0 0 0 0 0 0 0 0 0 0 0 0 0 0 0 0 0 0 0 0 0 0 0 0 0 0 0 0 0 0 0 0 0 0 0 0 0 0 0 0 0 0 0 0 0 0 0 0 0 0 0 0 1 1 14 97 61 1 0 0 1 1 1 0 0 0 1 1 0 0 0 0 0 0 0 0 0 0 0 0 0 0 0 0 0 0 0 0 0 0 0 1 1 1 10 45 25 1 1 1 8 255 255 1 1 1 1 1 0 0 0 0 0 0 1 1 0 1 1 1 1 1 1 1 221 198 1 1 1 1 1 1 21 255 255 3 1 1 1 1 1 1 1 0 0 1 1 0 0 0 0 0 2 1 1 1 1 1 0 0 1 4 21 1 1 1 1 19 67 253 245 231 234 234 231 206 128 30 3 1 1 0 0 0 0 0 0 0 0 0 0 0 0 0 0 0 0 0 0 0 0 0 0 0 0 0 0 0 0 0 0 0 0 0 0 0 0 0 0 0 0 0 0 0 0 0 0 0 0 0 0 0 0 0 0 0 0 0 0 0 0 0 0 0 0 1 0 0 0 0 0 0 0 0 0 0 0 0 0 0 0 0 0 0 0 0 0 0 0 0 0 0 0 0 0 0 0 0 0 0 0 0 0 0 0 0 0 0 0 0 0 1 9 2 0 0
0 0 0 0 0 0 0 0 0 0 0 0 0 0 0 0 0 0 0 0 0 0 0 0 0 0 0 0 0 0 0 0 0 0 0 0 0 0 0 0 0 0 0 0 0 0 0 0 0 0 0 0 0 0 0 0 0 0 0 0 0 0 0 0 0 0 0 0 0 0 0 0 0 0 0 0 0 0 0 0 0 0 0 0 0 0 0 0 0 0 0 0 0 0 0 0 1 0 0 0 1 255 255 1 0 1 0 0 0 0 0 0 0 0 0 0 0 0 0 0 0 0 0 0 0 0 0 0 0 0 0 0 0 0 0 0 0 0 0 0 0 0 0 0 0 0 0 0 0 0 0 0 0 0 0 0 0 0 0 0 0 0 0 0 0 0 0 0 0 0 0 0 0 0 0 0 0 0 0 0 0 0 0 0 0 0 1 107 1 1 0 0 0 0 0 0 0 0 0 0 0 0 0 0 0 0 0 0 0 0 0 0 0 0 0 0 0 0 0 0 0 0 0 0 0 0 0 0 0 0 0 0 0 0 0 0 0 0 0 0 0 0 0 0 0 0 0 0 0 0 0 0 0 0 0 0 0 0 0 0 0 0 0 0 0 0 0 0 0 1 1 1 37 97 9 0 0 0 1 1 0 0 0 1 1 0 0 0 0 0 0 0 0 0 0 0 0 0 0 0 0 0 0 0 0 0 0 1 0 1 1 1 10 44 26 2 29 255 253 1 1 1 1 0 0 0 0 0 0 0 1 1 1 1 1 1 1 0 1 1 71 250 2 1 1 1 1 9 255 255 2 1 1 1 1 1 1 0 1 1 1 1 0 0 0 0 0 0 2 1 0 0 1 0 0 1 4 21 1 1 0 1 1 29 253 176 2 1 1 1 9 86 181 226 234 234 219 149 46 2 1 0 0 0 0 0 0 0 0 0 0 0 0 0 0 0 0 0 0 0 0 0 0 0 0 0 0 0 0 0 0 0 0 0 0 0 0 0 0 0 0 0 0 0 0 0 0 0 0 0 0 0 0 0 0 0 0 0 0 0 0 1 0 0 0 0 0 0 0 0 0 0 0 0 0 0 0 0 0 0 0 0 0 0 0 0 0 0 0 0 0 0 0 0 0 0 0 0 0 0 0 0 0 0 0 0 0 1 7 2 0 0
0 0 0 0 0 0 1 0 0 0 0 0 0 0 0 0 0 0 0 0 0 0 0 0 0 0 0 0 0 0 0 0 0 0 0 0 0 0 0 0 0 0 0 0 0 0 0 0 0 0 0 0 0 0 0 0 0 0 0 0 0 0 0 0 0 0 0 0 0 0 0 0 0 0 0 0 0 0 0 0 0 0 0 0 0 0 0 0 0 0 0 0 0 0 0 0 1 1 0 0 1 255 255 1 1 1 0 0 0 0 0 0 0 0 0 0 0 0 0 0 0 0 0 0 0 0 0 0 0 0 0 0 0 0 0 0 0 0 0 0 0 0 0 0 0 0 0 0 0 0 0 0 0 0 0 0 0 0 0 0 0 0 0 0 0 0 0 0 0 0 0 0 0 0 0 0 0 0 0 0 0 0 0 0 0 0 6 95 1 1 0 0 0 0 0 0 0 0 0 0 0 0 0 0 0 0 0 0 0 0 0 0 0 0 0 0 0 0 0 0 0 0 0 0 0 0 0 0 0 0 0 0 0 0 0 0 0 0 0 0 0 0 0 0 0 0 0 0 0 0 0 0 0 0 0 0 0 0 0 0 0 0 0 0 0 0 0 0 0 0 0 1 1 4 89 29 1 0 0 1 1 0 0 0 1 0 0 0 0 0 0 0 0 0 0 0 0 0 0 0 0 0 0 0 0 0 0 1 0 0 1 1 1 1 9 43 150 255 193 1 1 1 1 1 1 1 1 1 1 1 1 0 0 0 1 1 1 1 1 0 2 250 95 1 40 185 182 255 255 2 1 1 1 1 1 1 0 0 0 1 0 0 0 0 0 0 1 1 2 1 0 0 1 1 1 5 20 1 1 1 1 1 61 253 130 1 1 1 1 1 1 1 1 1 1 3 65 173 224 231 45 1 0 0 0 0 0 0 0 0 0 0 0 0 0 0 0 0 0 0 0 0 0 0 0 0 0 0 0 0 0 0 0 0 0 0 0 0 0 0 0 0 0 0 0 0 0 0 0 0 0 0 0 0 0 0 0 0 0 0 0 1 0 0 0 0 0 0 0 0 0 0 0 0 0 0 0 0 0 0 0 0 0 0 0 0 0 0 0 0 0 0 0 0 0 0 0 0 0 0 0 0 0 0 0 0 0 1 11 1 0 0
0 0 0 0 0 0 1 0 0 0 0 0 0 0 0 0 0 0 0 0 0 0 0 0 0 0 0 0 0 0 0 0 0 0 0 0 0 0 0 0 0 0 0 0 0 0 0 0 0 0 0 0 0 0 0 0 0 0 0 0 0 0 0 0 0 0 0 0 0 0 0 0 0 0 0 0 0 0 0 0 0 0 0 0 0 0 0 0 0 0 0 0 0 0 0 0 1 1 0 0 1 255 255 1 1 1 0 0 0 0 0 0 0 0 0 0 0 0 0 0 0 0 0 0 0 0 0 0 0 0 0 0 0 0 0 0 0 0 0 0 0 0 0 0 0 0 0 0 0 0 0 0 0 0 0 0 0 0 0 0 0 0 0 0 0 0 0 0 0 0 0 0 0 0 0 0 0 0 0 0 0 0 0 0 0 0 65 36 1 0 0 0 0 0 0 0 0 0 0 0 0 0 0 0 0 0 0 0 0 0 0 0 0 0 0 0 0 0 0 0 0 0 0 0 0 0 0 0 0 0 0 0 0 0 0 0 0 0 0 0 0 0 0 0 0 0 0 0 0 0 0 0 0 0 0 0 0 0 0 0 0 0 0 0 0 0 0 0 0 0 0 0 0 1 1 72 36 1 0 0 1 1 0 0 1 0 0 0 0 0 0 0 0 0 0 0 0 0 0 0 0 0 0 0 0 0 0 1 0 0 1 0 0 1 1 1 229 255 86 1 1 1 1 1 1 0 0 0 0 0 1 0 0 0 1 0 1 1 1 1 1 119 245 46 176 12 255 255 4 1 2 1 1 1 1 0 0 0 0 0 0 0 0 1 1 1 1 1 2 1 1 1 2 9 25 17 1 0 1 1 1 86 253 91 1 1 1 0 1 1 1 1 1 1 1 1 1 1 1 16 231 3 1 0 0 0 0 0 0 0 0 0 0 0 0 0 0 0 0 0 0 0 0 0 0 0 0 0 0 0 0 0 0 0 0 0 0 0 0 0 0 0 0 0 0 0 0 0 0 0 0 0 0 0 0 0 0 0 0 0 0 1 0 0 0 0 0 0 0 0 0 0 0 0 0 0 0 0 0 0 0 0 0 0 0 0 0 0 0 0 0 0 0 0 0 0 0 0 0 0 0 0 0 0 0 0 0 1 12 1 0 0
0 0 0 0 0 0 1 0 0 0 0 0 0 0 0 0 0 0 0 0 0 0 0 0 0 0 0 0 0 0 0 0 0 0 0 0 0 0 0 0 0 0 0 0 0 0 0 0 0 0 0 0 0 0 0 0 0 0 0 0 0 0 0 0 0 0 0 0 0 0 0 0 0 0 0 0 0 0 0 0 0 0 0 0 0 0 0 0 0 0 0 0 0 0 0 0 0 1 0 0 1 255 255 1 1 1 0 0 0 0 0 0 0 0 0 0 0 0 0 0 0 0 0 0 0 0 0 0 0 0 0 0 0 0 0 0 0 0 0 0 0 0 0 0 0 0 0 0 0 0 0 0 0 0 0 0 0 0 0 0 0 0 0 0 0 0 0 0 0 0 0 0 0 0 0 0 0 0 0 0 0 0 0 0 0 1 105 2 1 0 0 0 0 0 0 0 0 0 0 0 0 0 0 0 0 0 0 0 0 0 0 0 0 0 0 0 0 0 0 0 0 0 0 0 0 0 0 0 0 0 0 0 0 0 0 0 0 0 0 0 0 0 0 0 0 0 0 0 0 0 0 0 0 0 0 0 0 0 0 0 0 0 0 0 0 0 0 0 0 0 0 0 0 0 1 1 76 24 0 0 0 1 1 0 1 1 0 0 0 0 0 0 0 0 0 0 0 0 0 0 0 0 0 0 0 0 0 1 0 0 1 0 0 1 0 1 255 255 16 1 1 1 1 0 1 0 0 0 0 0 1 0 0 0 1 0 0 1 1 1 1 2 203 250 46 255 255 4 1 1 1 1 0 1 0 0 0 0 0 0 1 1 1 10 27 30 31 29 27 28 28 27 24 12 2 1 0 0 1 1 112 253 63 1 1 1 1 1 1 1 1 1 1 1 1 1 1 1 1 1 118 193 1 0 0 0 0 0 0 0 0 0 0 0 0 0 0 0 0 0 0 0 0 0 0 0 0 0 0 0 0 0 0 0 0 0 0 0 0 0 0 0 0 0 0 0 0 0 0 0 0 0 0 0 0 0 0 0 0 0 0 1 0 0 0 0 0 0 0 0 0 0 0 0 0 0 0 0 0 0 0 0 0 0 0 0 0 0 0 0 0 0 0 0 0 0 0 0 0 0 0 0 0 0 0 0 0 1 11 0 0 0
0 0 0 0 0 1 1 0 0 0 0 0 0 0 0 0 0 0 0 0 0 0 0 0 0 0 0 0 0 0 0 0 0 0 0 0 0 0 0 0 0 0 0 0 0 0 0 0 0 0 0 0 0 0 0 0 0 0 0 0 0 0 0 0 0 0 0 0 0 0 0 0 0 0 0 0 0 0 0 0 0 0 0 0 0 0 0 0 0 0 0 0 0 0 0 0 0 1 0 0 0 255 255 1 1 1 0 0 0 0 0 0 0 0 0 0 0 0 0 0 0 0 0 0 0 0 0 0 0 0 0 0 0 0 0 0 0 0 0 0 0 0 0 0 0 0 0 0 0 0 0 0 0 0 0 0 0 0 0 0 0 0 0 0 0 0 0 0 0 0 0 0 0 0 0 0 0 0 0 0 0 0 0 0 0 1 108 1 1 0 0 0 0 0 0 0 0 0 0 0 0 0 0 0 0 0 0 0 0 0 0 0 0 0 0 0 0 0 0 0 0 0 0 0 0 0 0 0 0 0 0 0 0 0 0 0 0 0 0 0 0 0 0 0 0 0 0 0 0 0 0 0 0 0 0 0 0 0 0 0 0 0 0 0 0 0 0 0 0 0 0 0 0 0 0 1 1 96 5 0 0 0 1 0 0 1 0 0 0 0 0 0 0 0 0 0 0 0 0 0 0 0 0 0 0 0 1 1 0 0 1 0 0 1 1 1 255 255 3 1 1 0 1 0 1 0 0 1 1 1 1 0 0 1 1 0 0 1 1 1 1 1 4 218 255 255 5 1 1 1 1 0 1 0 0 0 0 0 0 0 2 51 35 15 3 1 1 2 1 1 1 1 1 0 0 0 0 1 1 130 253 40 1 1 1 1 1 0 1 1 0 0 0 1 1 1 1 1 1 1 1 229 28 1 0 0 0 0 0 0 0 0 0 0 0 0 0 0 0 0 0 0 0 0 0 0 0 0 0 0 0 0 0 0 0 0 0 0 0 0 0 0 0 0 0 0 0 0 0 0 0 0 0 0 0 0 0 0 0 0 0 1 0 0 0 0 0 0 0 0 0 0 0 0 0 0 0 0 0 0 0 0 0 0 0 0 0 0 0 0 0 0 0 0 0 0 0 0 0 0 0 0 0 0 0 0 0 3 5 0 0 0
0 0 0 0 0 1 0 0 0 0 0 0 0 0 0 0 0 0 0 0 0 0 0 0 0 0 0 0 0 0 0 0 0 0 0 0 0 0 0 0 0 0 0 0 0 0 0 0 0 0 0 0 0 0 0 0 0 0 0 0 0 0 0 0 0 0 0 0 0 0 0 0 0 0 0 0 0 0 0 0 0 0 0 0 0 0 0 0 0 0 0 0 0 0 0 0 0 1 0 0 1 255 255 1 1 1 0 0 0 0 0 0 0 0 0 0 0 0 0 0 0 0 0 0 0 0 0 0 0 0 0 0 0 0 0 0 0 0 0 0 0 0 0 0 0 0 0 0 0 0 0 0 0 0 0 0 0 0 0 0 0 0 0 0 0 0 0 0 0 0 0 0 0 0 0 0 0 0 0 0 0 0 0 0 0 3 104 1 1 0 0 0 0 0 0 0 0 0 0 0 0 0 0 0 0 0 0 0 0 0 0 0 0 0 0 0 0 0 0 0 0 0 0 0 0 0 0 0 0 0 0 0 0 0 0 0 0 0 0 0 0 0 0 0 0 0 0 0 0 0 0 0 0 0 0 0 0 0 0 0 0 0 0 0 0 0 0 0 0 0 0 0 0 0 0 0 1 5 96 1 0 0 1 1 0 1 1 0 0 0 0 0 0 0 0 0 0 0 0 0 0 0 0 0 0 0 1 0 0 0 1 0 1 1 1 1 255 255 2 1 1 0 1 0 0 0 0 0 0 0 0 0 0 1 0 0 0 1 1 1 1 1 11 255 255 250 104 2 1 1 1 1 0 0 0 0 0 0 0 0 9 29 1 0 1 0 0 0 0 0 0 0 0 0 0 0 0 1 84 253 31 1 1 1 1 0 0 0 1 0 0 0 0 0 0 1 1 1 1 1 1 40 224 1 1 0 0 0 0 0 0 0 0 0 0 0 0 0 0 0 0 0 0 0 0 0 0 0 0 0 0 0 0 0 0 0 0 0 0 0 0 0 0 0 0 0 0 0 0 0 0 0 0 0 0 0 0 0 0 0 0 1 0 0 0 0 0 0 0 0 0 0 0 0 0 0 0 0 0 0 0 0 0 0 0 0 0 0 0 0 0 0 0 0 0 0 0 0 0 0 0 0 0 0 0 0 0 10 1 0 0 1
0 0 0 0 0 1 0 0 0 0 0 0 0 0 0 0 0 0 0 0 0 0 0 0 0 0 0 0 0 0 0 0 0 0 0 0 0 0 0 0 0 0 0 0 0 0 0 0 0 0 0 0 0 0 0 0 0 0 0 0 0 0 0 0 0 0 0 0 0 0 0 0 0 0 0 0 0 0 0 0 0 0 0 0 0 0 0 0 0 0 0 0 0 0 0 0 0 1 0 0 1 255 255 1 1 1 0 0 0 0 0 0 0 0 0 0 0 0 0 0 0 0 0 0 0 0 0 0 0 0 0 0 0 0 0 0 0 0 0 0 0 0 0 0 0 0 0 0 0 0 0 0 0 0 0 0 0 0 0 0 0 0 0 0 0 0 0 0 0 0 0 0 0 0 0 0 0 0 0 0 0 0 0 0 0 45 55 1 1 0 0 0 0 0 0 0 0 0 0 0 0 0 0 0 0 0 0 0 0 0 0 0 0 0 0 0 0 0 0 0 0 0 0 0 0 0 0 0 0 0 0 0 0 0 0 0 0 0 0 0 0 0 0 0 0 0 0 0 0 0 0 0 0 0 0 0 0 0 0 0 0 0 0 0 0 0 0 0 0 0 0 0 0 0 0 0 0 1 55 46 1 0 0 1 0 0 1 0 0 0 0 0 0 0 0 0 0 0 0 0 0 0 0 0 0 0 1 0 0 0 1 0 1 0 1 1 255 255 1 1 1 0 1 0 0 0 0 0 0 0 0 0 0 1 0 0 1 1 1 1 1 85 255 255 4 99 248 218 19 1 1 1 0 0 0 0 0 0 0 0 18 18 0 1 1 0 0 0 0 0 0 0 1 1 1 1 1 2 255 86 1 1 1 1 1 0 0 1 1 0 0 0 0 0 0 0 1 1 1 1 0 1 198 109 1 0 0 0 0 0 0 0 0 0 0 0 0 0 0 0 0 0 0 0 0 0 0 0 0 0 0 0 0 0 0 0 0 0 0 0 0 0 0 0 0 0 0 0 0 0 0 0 0 0 0 0 0 0 0 0 0 1 0 0 0 0 0 0 0 0 0 0 0 0 0 0 0 0 0 0 0 0 0 0 0 0 0 0 0 0 0 0 0 0 0 0 0 0 0 0 0 0 0 0 0 0 1 12 1 1 1 1
0 0 0 0 1 1 0 0 0 0 0 0 0 0 0 0 0 0 0 0 0 0 0 0 0 0 0 0 0 0 0 0 0 0 0 0 0 0 0 0 0 0 0 0 0 0 0 0 0 0 0 0 0 0 0 0 0 0 0 0 0 0 0 0 0 0 0 0 0 0 0 0 0 0 0 0 0 0 0 0 0 0 0 0 0 0 0 0 0 0 0 0 0 0 0 0 0 1 0 0 1 255 255 1 1 1 0 0 0 0 0 0 0 0 0 0 0 0 0 0 0 0 0 0 0 0 0 0 0 0 0 0 0 0 0 0 0 0 0 0 0 0 0 0 0 0 0 0 0 0 0 0 0 0 0 0 0 0 0 0 0 0 0 0 0 0 0 0 0 0 0 0 0 0 0 0 0 0 0 0 0 0 0 0 0 99 5 1 0 0 0 0 0 0 0 0 0 0 0 0 0 0 0 0 0 0 0 0 0 0 0 0 0 0 0 0 0 0 0 0 0 0 0 0 0 0 0 0 0 0 0 0 0 0 0 0 0 0 0 0 0 0 0 0 0 0 0 0 0 0 0 0 0 0 0 0 0 0 0 0 0 0 0 0 0 0 0 0 0 0 0 0 0 0 0 0 0 0 1 104 2 0 0 0 1 0 1 1 0 0 0 0 0 0 0 0 0 0 0 0 0 0 0 0 0 0 1 0 0 0 1 0 1 0 1 1 255 255 1 1 1 0 1 0 0 0 0 0 0 0 0 0 0 1 0 1 1 1 1 1 116 255 213 1 1 1 15 213 250 137 2 1 1 0 0 0 0 0 0 0 29 10 1 1 0 0 0 0 0 0 1 3 45 66 73 75 73 185 247 2 1 0 0 1 0 0 1 1 0 0 0 0 0 0 0 0 0 0 1 1 1 1 3 234 2 1 0 0 0 0 0 0 0 0 0 0 0 0 0 0 0 0 0 0 0 0 0 0 0 0 0 0 0 0 0 0 0 0 0 0 0 0 0 0 0 0 0 0 0 0 0 0 0 0 0 0 0 0 0 0 0 1 0 0 0 0 0 0 0 0 0 0 0 0 0 0 0 0 0 0 0 0 0 0 0 0 0 0 0 0 0 0 0 0 0 0 0 0 0 0 0 0 0 0 0 0 1 12 1 1 1 6
0 0 0 0 1 0 0 0 0 0 0 0 0 0 0 0 0 0 0 0 0 0 0 0 0 0 0 0 0 0 0 0 0 0 0 0 0 0 0 0 0 0 0 0 0 0 0 0 0 0 0 0 0 0 0 0 0 0 0 0 0 0 0 0 0 0 0 0 0 0 0 0 0 0 0 0 0 0 0 0 0 0 0 0 0 0 0 0 0 0 0 0 0 0 0 0 0 1 0 0 1 255 255 1 1 1 0 0 0 0 0 0 0 0 0 0 0 0 0 0 0 0 0 0 0 0 0 0 0 0 0 0 0 0 0 0 0 0 0 0 0 0 0 0 0 0 0 0 0 0 0 0 0 0 0 0 0 0 0 0 0 0 0 0 0 0 0 0 0 0 0 0 0 0 0 0 0 0 0 0 0 0 0 0 1 109 1 1 0 0 0 0 0 0 0 0 0 0 0 0 0 0 0 0 0 0 0 0 0 0 0 0 0 0 0 0 0 0 0 0 0 0 0 0 0 0 0 0 0 0 0 0 0 0 0 0 0 0 0 0 0 0 0 0 0 0 0 0 0 0 0 0 0 0 0 0 0 0 0 0 0 0 0 0 0 0 0 0 0 0 0 0 0 0 0 0 0 0 1 20 81 1 0 0 1 1 0 1 0 0 0 0 0 0 0 0 0 0 0 0 0 0 0 0 0 0 1 0 0 1 1 0 1 0 1 1 255 255 1 1 1 0 1 0 0 0 0 0 0 0 0 0 1 0 1 1 1 1 1 88 255 157 1 1 1 1 1 2 82 245 229 20 1 1 1 1 1 1 1 1 37 5 1 0 0 0 0 0 0 0 1 74 18 5 2 1 2 247 115 1 1 0 1 1 1 1 1 0 0 0 0 0 0 0 0 0 0 0 0 1 1 1 1 123 191 1 0 0 0 0 0 0 0 0 0 0 0 0 0 0 0 0 0 0 0 0 0 0 0 0 0 0 0 0 0 0 0 0 0 0 0 0 0 0 0 0 0 0 0 0 0 0 0 0 0 0 0 0 0 0 0 1 0 0 0 0 0 0 0 0 0 0 0 0 0 0 0 0 0 0 0 0 0 0 0 0 0 0 0 0 0 0 0 0 0 0 0 0 0 0 0 0 0 0 0 1 3 5 1 2 237 255
0 0 0 0 1 0 0 0 0 0 0 0 0 0 0 0 0 0 0 0 0 0 0 0 0 0 0 0 0 0 0 0 0 0 0 0 0 0 0 0 0 0 0 0 0 0 0 0 0 0 0 0 0 0 0 0 0 0 0 0 0 0 0 0 0 0 0 0 0 0 0 0 0 0 0 0 0 0 0 0 0 0 0 0 0 0 0 0 0 0 0 0 0 0 0 0 0 1 0 0 1 255 255 1 1 1 0 0 0 0 0 0 0 0 0 0 0 0 0 0 0 0 0 0 0 0 0 0 0 0 0 0 0 0 0 0 0 0 0 0 0 0 0 0 0 0 0 0 0 0 0 0 0 0 0 0 0 0 0 0 0 0 0 0 0 0 0 0 0 0 0 0 0 0 0 0 0 0 0 0 0 0 0 0 1 108 1 1 0 0 0 0 0 0 0 0 0 0 0 0 0 0 0 0 0 0 0 0 0 0 0 0 0 0 0 0 0 0 0 0 0 0 0 0 0 0 0 0 0 0 0 0 0 0 0 0 0 0 0 0 0 0 0 0 0 0 0 0 0 0 0 0 0 0 0 0 0 0 0 0 0 0 0 0 0 0 0 0 0 0 0 0 0 0 0 0 0 0 0 1 94 7 0 0 0 1 0 1 1 0 0 0 0 0 0 0 0 0 0 0 0 0 0 0 0 0 1 0 0 1 0 0 1 0 1 1 255 255 1 1 1 0 1 0 0 0 0 0 0 0 0 0 1 1 1 1 1 1 124 255 189 1 1 1 1 1 1 1 1 11 199 253 234 139 69 21 5 1 1 1 47 2 1 0 0 0 0 0 0 0 8 59 1 1 0 0 1 255 24 1 1 0 1 1 1 0 0 0 0 0 0 0 0 0 0 0 0 0 0 0 0 1 1 1 226 32 1 0 0 0 0 0 0 0 0 0 0 0 0 0 0 0 0 0 0 0 0 0 0 0 0 0 0 0 0 0 0 0 0 0 0 0 0 0 0 0 0 0 0 0 0 0 0 0 0 0 0 0 0 0 0 1 0 0 0 0 0 0 0 0 0 0 0 0 0 0 0 0 0 0 0 0 0 0 0 0 0 0 0 0 0 0 0 0 0 0 0 0 0 0 0 0 0 0 1 1 11 1 162 255 255 255
0 0 0 1 1 0 0 0 0 0 0 0 0 0 0 0 0 0 0 0 0 0 0 0 0 0 0 0 0 0 0 0 0 0 0 0 0 0 0 0 0 0 0 0 0 0 0 0 0 0 0 0 0 0 0 0 0 0 0 0 0 0 0 0 0 0 0 0 0 0 0 0 0 0 0 0 0 0 0 0 0 0 0 0 0 0 0 0 0 0 0 0 0 0 0 0 0 1 0 0 0 255 255 1 1 1 1 0 0 0 0 0 0 0 0 0 0 0 0 0 0 0 0 0 0 0 0 0 0 0 0 0 0 0 0 0 0 0 0 0 0 0 0 0 0 0 0 0 0 0 0 0 0 0 0 0 0 0 0 0 0 0 0 0 0 0 0 0 0 0 0 0 0 0 0 0 0 0 0 0 0 0 0 0 10 92 1 0 0 0 0 0 0 0 0 0 0 0 0 0 0 0 0 0 0 0 0 0 0 0 0 0 0 0 0 0 0 0 0 0 0 0 0 0 0 0 0 0 0 0 0 0 0 0 0 0 0 0 0 0 0 0 0 0 0 0 0 0 0 0 0 0 0 0 0 0 0 0 0 0 0 0 0 0 0 0 0 0 0 0 0 0 0 0 0 0 0 0 0 1 5 98 1 0 0 1 1 0 1 1 0 0 0 0 0 0 0 0 0 0 0 0 0 0 0 1 1 0 0 1 0 0 1 0 1 2 255 255 1 1 1 0 1 0 0 0 0 0 0 0 0 1 1 1 1 1 1 231 255 176 1 1 1 1 1 0 1 1 1 1 2 49 185 245 253 255 255 245 115 2 54 1 1 1 1 1 0 0 0 0 33 27 1 0 1 1 1 255 8 1 1 1 1 0 0 0 0 0 0 0 0 0 0 0 0 0 0 0 0 0 0 0 1 1 33 226 1 1 0 0 0 0 0 0 0 0 0 0 0 0 0 0 0 0 0 0 0 0 0 0 0 0 0 0 0 0 0 0 0 0 0 0 0 0 0 0 0 0 0 0 0 0 0 0 0 0 0 0 0 0 0 1 0 0 0 0 0 0 0 0 0 0 0 0 0 0 0 0 0 0 0 0 0 0 0 0 0 0 0 0 0 0 0 0 0 0 0 0 0 1 1 1 1 1 1 1 51 255 255 255 59 1
0 0 0 1 1 0 0 0 0 0 0 0 0 0 0 0 0 0 0 0 0 0 0 0 0 0 0 0 0 0 0 0 0 0 0 0 0 0 0 0 0 0 0 0 0 0 0 0 0 0 0 0 0 0 0 0 0 0 0 0 0 0 0 0 0 0 0 0 0 0 0 0 0 0 0 0 0 0 0 0 0 0 0 0 0 0 0 0 0 0 0 0 0 0 0 0 0 1 0 0 0 221 255 1 1 0 1 0 0 0 0 0 0 0 0 0 0 0 0 0 0 0 0 0 0 0 0 0 0 0 0 0 0 0 0 0 0 0 0 0 0 0 0 0 0 0 0 0 0 0 0 0 0 0 0 0 0 0 0 0 0 0 0 0 0 0 0 0 0 0 0 0 0 0 0 0 0 0 0 0 0 0 0 0 79 22 1 0 0 0 0 0 0 0 0 0 0 0 0 0 0 0 0 0 0 0 0 0 0 0 0 0 0 0 0 0 0 0 0 0 0 0 0 0 0 0 0 0 0 0 0 0 0 0 0 0 0 0 0 0 0 0 0 0 0 0 0 0 0 0 0 0 0 0 0 0 0 0 0 0 0 0 0 0 0 0 0 0 0 0 0 0 0 0 0 0 0 0 0 0 1 70 31 0 0 0 1 1 0 1 0 0 0 0 0 0 0 0 0 0 0 0 0 0 0 1 0 0 0 1 0 0 1 0 1 3 255 255 1 1 1 1 0 0 0 0 0 0 0 0 1 1 1 1 1 1 234 255 54 1 1 1 1 1 0 0 1 1 1 1 1 1 1 1 1 2 13 128 247 234 96 50 49 46 34 10 1 1 0 1 53 12 1 1 1 1 1 255 6 1 1 1 0 0 0 0 0 0 0 0 0 0 0 0 0 0 0 0 0 0 0 0 0 0 1 193 117 1 1 0 0 0 0 0 0 0 0 0 0 0 0 0 0 0 0 0 0 0 0 0 0 0 0 0 0 0 0 0 0 0 0 0 0 0 0 0 0 0 0 0 0 0 0 0 0 0 0 0 0 0 0 1 0 0 0 0 0 0 0 0 0 0 0 0 0 0 0 0 0 0 0 0 0 0 0 0 0 0 0 0 0 0 0 1 1 1 1 1 1 1 0 0 1 1 1 109 255 255 243 2 1 1
0 0 0 1 0 0 0 0 0 0 0 0 0 0 0 0 0 0 0 0 0 0 0 0 0 0 0 0 0 0 0 0 0 0 0 0 0 0 0 0 0 0 0 0 0 0 0 0 0 0 0 0 0 0 0 0 0 0 0 0 0 0 0 0 0 0 0 0 0 0 0 0 0 0 0 0 0 0 0 0 0 0 0 0 0 0 0 0 0 0 0 0 0 0 0 0 0 1 0 0 0 104 255 1 1 0 1 0 0 0 0 0 0 0 0 0 0 0 0 0 0 0 0 0 0 0 0 0 0 0 0 0 0 0 0 0 0 0 0 0 0 0 0 0 0 0 0 0 0 0 0 0 0 0 0 0 0 0 0 0 0 0 0 0 0 0 0 0 0 0 0 0 0 0 0 0 0 0 0 0 0 0 0 0 107 1 1 0 0 0 0 0 0 0 0 0 0 0 0 0 0 0 0 0 0 0 0 0 0 0 0 0 0 0 0 0 0 0 0 0 0 0 0 0 0 0 0 0 0 0 0 0 0 0 0 0 0 0 0 0 0 0 0 0 0 0 0 0 0 0 0 0 0 0 0 0 0 0 0 0 0 0 0 0 0 0 0 0 0 0 0 0 0 0 0 0 0 0 0 0 0 1 105 1 0 0 0 1 0 1 1 0 0 0 0 0 0 0 0 0 0 0 0 0 0 1 0 0 0 1 0 0 1 0 1 7 255 245 1 1 1 1 0 0 0 0 0 0 0 1 1 1 1 1 1 223 255 40 1 1 1 1 1 0 0 0 0 1 1 1 1 1 1 1 1 1 1 1 2 242 122 1 1 1 4 24 44 34 11 16 71 2 1 1 1 1 2 255 5 1 1 1 0 0 0 0 0 0 0 0 0 0 0 0 0 0 0 0 0 0 0 0 0 0 1 3 234 3 1 1 0 0 0 0 0 0 0 0 0 0 0 0 0 0 0 0 0 0 0 0 0 0 0 0 0 0 0 0 0 0 0 0 0 0 0 0 0 0 0 0 0 0 0 0 0 0 0 0 0 0 1 1 0 0 0 0 0 0 0 0 0 0 0 0 0 0 0 0 0 0 0 0 0 0 0 1 1 0 1 1 1 1 1 1 0 0 1 1 1 1 1 1 1 1 88 255 255 204 1 1 1 1
0 0 0 1 0 0 0 0 0 0 0 0 0 0 0 0 0 0 0 0 0 0 0 0 0 0 0 0 0 0 0 0 0 0 0 0 0 0 0 0 0 0 0 0 0 0 0 0 0 0 0 0 0 0 0 0 0 0 0 0 0 0 0 0 0 0 0 0 0 0 0 0 0 0 0 0 0 0 0 0 0 0 0 0 0 0 0 0 0 0 0 0 0 0 0 0 0 1 0 0 0 16 255 3 1 0 1 0 0 0 0 0 0 0 0 0 0 0 0 0 0 0 0 0 0 0 0 0 0 0 0 0 0 0 0 0 0 0 0 0 0 0 0 0 0 0 0 0 0 0 0 0 0 0 0 0 0 0 0 0 0 0 0 0 0 0 0 0 0 0 0 0 0 0 0 0 0 0 0 0 0 0 0 1 109 1 0 0 0 0 0 0 0 0 0 0 0 0 0 0 0 0 0 0 0 0 0 0 0 0 0 0 0 0 0 0 0 0 0 0 0 0 0 0 0 0 0 0 0 0 0 0 0 0 0 0 0 0 0 0 0 0 0 0 0 0 0 0 0 0 0 0 0 0 0 0 0 0 0 0 0 0 0 0 0 0 0 0 0 0 0 0 0 0 0 0 0 0 0 0 0 0 23 78 1 0 0 1 1 0 1 0 0 0 0 0 0 0 0 0 0 0 0 0 1 1 0 0 0 1 0 0 1 0 1 22 255 213 1 1 1 1 0 0 0 0 0 0 1 1 1 1 1 1 237 255 57 1 1 1 1 1 0 0 0 0 0 1 1 0 1 1 1 1 1 1 1 1 1 145 231 1 0 1 1 1 1 5 34 45 4 1 0 1 0 1 1 255 7 1 1 0 0 0 0 0 0 0 0 0 0 0 0 0 0 0 0 0 0 0 0 0 0 0 0 0 119 193 1 1 1 1 0 0 0 0 0 0 0 0 0 0 0 0 0 0 0 0 0 0 0 0 0 0 0 0 0 0 0 0 0 0 0 0 0 0 0 0 0 0 0 0 0 0 0 0 0 0 0 0 1 0 0 0 0 0 0 0 0 0 1 1 1 1 1 1 1 1 1 1 0 0 1 1 1 1 1 1 1 1 0 0 1 1 1 1 1 1 1 1 1 1 1 137 255 255 203 1 1 1 1 0
0 0 1 1 0 0 0 0 0 0 0 0 0 0 0 0 0 0 0 0 0 0 0 0 0 0 0 0 0 0 0 0 0 0 0 0 0 0 0 0 0 0 0 0 0 0 0 0 0 0 0 0 0 0 0 0 0 0 0 0 0 0 0 0 0 0 0 0 0 0 0 0 0 0 0 0 0 0 0 0 0 0 0 0 0 0 0 0 0 0 0 0 0 0 0 0 0 1 0 0 0 2 255 21 1 0 1 0 0 0 0 0 0 0 0 0 0 0 0 0 0 0 0 0 0 0 0 0 0 0 0 0 0 0 0 0 0 0 0 0 0 0 0 0 0 0 0 0 0 0 0 0 0 0 0 0 0 0 0 0 0 0 0 0 0 0 0 0 0 0 0 0 0 0 0 0 0 0 0 0 0 0 0 3 105 1 0 0 0 0 0 0 0 0 0 0 0 0 0 0 0 0 0 0 0 0 0 0 0 0 0 0 0 0 0 0 0 0 0 0 0 0 0 0 0 0 0 0 0 0 0 0 0 0 0 0 0 0 0 0 0 0 0 0 0 0 0 0 0 0 0 0 0 0 0 0 0 0 0 0 0 0 0 0 0 0 0 0 0 0 0 0 0 0 0 0 0 0 0 0 0 0 1 83 18 1 0 0 1 1 1 1 0 0 0 0 0 0 0 0 0 0 0 0 1 0 0 0 0 1 0 0 1 0 1 79 255 146 1 1 1 1 0 0 0 0 1 1 0 1 1 1 2 255 255 46 1 1 1 1 1 0 0 0 0 0 1 0 0 1 1 1 0 0 0 1 1 1 1 72 245 1 1 1 0 0 0 2 18 1 1 0 0 0 1 1 1 255 8 1 1 0 0 0 0 0 0 0 0 0 0 0 0 0 0 0 0 0 0 0 0 0 0 0 0 0 1 229 28 1 1 1 1 1 0 0 0 0 0 0 0 0 0 0 0 0 0 0 0 0 0 0 0 0 0 0 0 0 0 0 0 0 0 0 0 0 0 0 0 0 0 0 0 0 0 0 0 0 0 1 1 1 1 1 1 1 1 1 1 1 1 1 1 1 2 2 4 5 3 2 1 1 1 1 1 1 1 1 1 1 1 1 1 1 1 1 1 1 1 1 1 58 255 255 255 202 1 1 1 0 0 0
0 0 1 0 0 0 0 0 0 0 0 0 0 0 0 0 0 0 0 0 0 0 0 0 0 0 0 0 0 0 0 0 0 0 0 0 0 0 0 0 0 0 0 0 0 0 0 0 0 0 0 0 0 0 0 0 0 0 0 0 0 0 0 0 0 0 0 0 0 0 0 0 0 0 0 0 0 0 0 0 0 0 0 0 0 0 0 0 0 0 0 0 0 0 0 0 0 1 0 0 0 1 255 151 1 1 1 0 0 0 0 0 0 0 0 0 0 0 0 0 0 0 0 0 0 0 0 0 0 0 0 0 0 0 0 0 0 0 0 0 0 0 0 0 0 0 0 0 0 0 0 0 0 0 0 0 0 0 0 0 0 0 0 0 0 0 0 0 0 0 0 0 0 0 0 0 0 0 0 0 0 0 0 47 55 1 0 0 0 0 0 0 0 0 0 0 0 0 0 0 0 0 0 0 0 0 0 0 0 0 0 0 0 0 0 0 0 0 0 0 0 0 0 0 0 0 0 0 0 0 0 0 0 0 0 0 0 0 0 0 0 0 0 0 0 0 0 0 0 0 0 0 0 0 0 0 0 0 0 0 0 0 0 0 0 0 0 0 0 0 0 0 0 0 0 0 0 0 0 0 0 0 0 1 104 1 0 0 0 1 1 1 0 0 0 0 0 0 0 0 0 1 1 1 1 0 0 0 0 1 0 0 1 1 1 187 255 79 1 1 1 1 0 0 0 1 1 1 1 1 1 8 255 255 17 1 1 1 1 1 1 0 0 0 0 1 1 0 0 0 0 0 0 0 0 0 1 1 1 25 250 1 1 1 1 1 1 10 3 0 0 0 0 1 1 1 1 255 7 1 0 0 0 0 0 0 0 0 0 0 0 0 0 0 0 0 0 0 0 0 0 0 0 0 0 0 0 42 224 6 1 1 1 1 1 0 0 0 0 0 0 0 0 0 0 0 0 0 0 0 0 0 0 0 0 0 0 0 0 0 0 0 0 0 0 0 0 0 0 0 1 1 1 1 1 1 1 1 1 1 1 1 1 2 4 12 52 129 218 253 255 255 255 255 255 255 255 255 255 255 255 255 255 255 255 223 135 56 17 6 4 4 6 15 56 126 192 236 255 255 255 255 255 255 99 1 1 1 0 0 0 0
1 1 1 1 1 1 1 1 1 1 1 1 1 1 1 1 1 1 1 1 1 1 0 0 0 0 0 0 0 0 0 0 0 0 0 0 0 0 0 0 0 0 0 0 0 0 0 0 0 0 0 0 0 0 0 0 0 0 0 0 0 0 0 0 0 0 0 0 0 0 0 0 0 0 0 0 0 0 0 0 0 0 0 0 0 0 0 0 0 0 0 0 0 0 0 0 0 1 0 0 0 1 255 255 1 1 1 0 0 0 0 0 0 0 0 0 0 0 0 0 0 0 0 0 0 0 0 0 0 0 0 0 0 0 0 0 0 0 0 0 0 0 0 0 0 0 0 0 0 0 0 0 0 0 0 0 0 0 0 0 0 0 0 0 0 0 0 0 0 0 0 0 0 0 0 0 0 0 0 0 0 0 0 102 4 1 0 0 0 0 0 0 0 0 0 0 0 0 0 0 0 0 0 0 0 0 0 0 0 0 0 0 0 0 0 0 0 0 0 0 0 0 0 0 0 0 0 0 0 0 0 0 0 0 0 0 0 0 0 0 0 0 0 0 0 0 0 0 0 0 0 0 0 0 0 0 0 0 0 0 0 0 0 0 0 0 0 0 0 0 0 0 0 0 0 0 0 0 0 0 0 0 0 0 17 84 1 0 0 0 1 1 1 0 0 0 0 0 0 0 0 1 1 1 0 0 0 0 0 1 0 0 1 1 1 255 255 27 1 1 1 1 0 0 1 1 1 1 1 1 83 255 255 6 1 1 1 1 1 1 0 0 0 0 1 1 0 0 0 0 0 0 0 0 0 0 0 0 1 6 250 1 1 1 1 1 2 12 1 0 0 0 1 1 1 1 2 255 5 1 0 0 0 0 0 0 0 0 0 0 0 0 0 0 0 0 0 0 0 0 0 0 0 0 0 0 0 1 91 234 198 48 1 1 1 1 1 0 0 0 0 0 0 0 0 0 0 0 0 0 0 0 0 0 0 0 0 0 0 0 0 0 0 0 0 1 1 1 1 1 1 1 2 4 18 70 158 234 255 255 255 255 255 255 255 255 255 255 255 255 255 255 255 255 242 196 133 89 112 180 239 255 255 255 255 255 255 255 255 255 255 255 255 255 255 255 255 255 255 255 255 255 127 2 1 1 1 0 0 0 0 0
144 184 219 237 245 247 253 253 255 255 255 255 255 255 255 255 255 253 247 239 212 149 55 5 1 1 1 0 0 0 0 0 0 0 0 0 0 0 0 0 0 0 0 0 0 0 0 0 0 0 0 0 0 0 0 0 0 0 0 0 0 0 0 0 0 0 0 0 0 0 0 0 0 0 0 0 0 0 0 0 0 0 0 0 0 0 0 0 0 0 0 0 0 0 0 0 0 1 1 0 0 1 255 255 1 1 1 0 0 0 0 0 0 0 0 0 0 0 0 0 0 0 0 0 0 0 0 0 0 0 0 0 0 0 0 0 0 0 0 0 0 0 0 0 0 0 0 0 0 0 0 0 0 0 0 0 0 0 0 0 0 0 0 0 0 0 0 0 0 0 0 0 0 0 0 0 0 0 0 0 0 0 1 109 1 0 0 0 0 0 0 0 0 0 0 0 0 0 0 0 0 0 0 0 0 0 0 0 0 0 0 0 0 0 0 0 0 0 0 0 0 0 0 0 0 0 0 0 0 0 0 0 0 0 0 0 0 0 0 0 0 0 0 0 0 0 0 0 0 0 0 0 0 0 0 0 0 0 0 0 0 0 0 0 0 0 0 0 0 0 0 0 0 0 0 0 0 0 0 0 0 0 0 0 0 61 41 1 0 0 1 1 1 0 0 0 0 0 0 0 0 0 0 1 1 0 0 0 1 0 0 0 1 1 1 255 255 7 1 1 0 1 0 1 1 1 1 1 1 229 255 229 3 1 1 1 1 1 1 0 1 0 0 1 1 0 0 0 0 0 0 0 0 0 0 0 0 0 0 2 250 3 1 1 1 1 9 3 1 0 0 1 1 0 1 1 2 255 5 1 0 0 0 0 0 0 0 0 0 0 0 0 0 0 0 0 0 0 0 0 0 0 0 0 0 0 0 0 1 2 110 224 234 164 7 1 1 0 0 0 0 0 0 0 0 0 0 0 0 0 0 0 0 0 0 0 0 0 0 0 0 0 1 1 1 1 1 7 134 255 255 255 255 255 255 255 255 255 255 255 255 255 252 213 117 38 8 2 1 1 1 1 1 1 1 1 1 1 1 1 1 1 1 1 1 1 2 4 14 54 98 115 90 39 10 3 2 1 1 1 154 24 1 1 1 1 0 0 0 0 0 0
255 255 255 255 255 255 255 255 253 250 247 245 245 245 245 250 253 255 255 255 255 255 255 255 255 247 198 79 4 1 1 1 0 0 0 0 0 0 0 0 0 0 0 0 0 0 0 0 0 0 0 0 0 0 0 0 0 0 0 0 0 0 0 0 0 0 0 0 0 0 0 0 0 0 0 0 0 0 0 0 0 0 0 0 0 0 0 0 0 0 0 0 0 0 0 0 0 0 1 0 0 1 255 255 1 1 1 0 0 0 0 0 0 0 0 0 0 0 0 0 0 0 0 0 0 0 0 0 0 0 0 0 0 0 0 0 0 0 0 0 0 0 0 0 0 0 0 0 0 0 0 0 0 0 0 0 0 0 0 0 0 0 0 0 0 0 0 0 0 0 0 0 0 0 0 0 0 0 0 0 0 0 1 108 1 0 0 0 0 0 0 0 0 0 0 0 0 0 0 0 0 0 0 0 0 0 0 0 0 0 0 0 0 0 0 0 0 0 0 0 0 0 0 0 0 0 0 0 0 0 0 0 0 0 0 0 0 0 0 0 0 0 0 0 0 0 0 0 0 0 0 0 0 0 0 0 0 0 0 0 0 0 0 0 0 0 0 0 0 0 0 0 0 0 0 0 0 0 0 0 0 0 0 0 0 1 90 12 0 0 0 1 1 1 0 0 0 0 0 0 0 0 0 0 1 1 0 0 1 0 0 0 1 1 1 255 255 3 1 1 1 1 1 1 1 1 1 5 255 255 93 2 1 1 1 1 1 1 1 0 1 0 0 1 0 0 0 0 0 0 0 0 0 0 0 0 0 0 0 1 247 27 1 1 0 1 12 2 1 1 1 1 0 1 1 1 2 255 6 1 0 0 0 0 0 0 0 0 0 0 0 0 0 0 0 0 0 0 0 0 0 0 0 0 0 0 0 0 0 0 1 1 7 162 234 201 15 1 0 0 0 0 0 0 0 0 0 0 0 0 0 0 0 0 0 0 0 0 0 0 1 1 1 1 31 250 255 255 255 255 255 255 200 87 15 3 2 1 1 1 1 1 1 1 1 1 1 1 1 1 1 1 1 1 1 1 1 1 1 1 1 1 1 1 1 1 1 1 1 1 1 1 1 1 1 1 1 0 1 1 140 37 1 1 1 0 0 0 0 0 0 0
7 3 2 1 1 1 1 2 3 1 1 1 1 1 1 1 1 1 1 1 1 3 23 134 239 255 255 255 255 255 233 122 10 1 1 1 0 0 0 0 0 0 0 0 0 0 0 0 0 0 0 0 0 0 0 0 0 0 0 0 0 0 0 0 0 0 0 0 0 0 0 0 0 0 0 0 0 0 0 0 0 0 0 0 0 0 0 0 0 0 0 0 0 0 0 0 0 0 1 0 0 1 255 255 1 1 1 0 0 0 0 0 0 0 0 0 0 0 0 0 0 0 0 0 0 0 0 0 0 0 0 0 0 0 0 0 0 0 0 0 0 0 0 0 0 0 0 0 0 0 0 0 0 0 0 0 0 0 0 0 0 0 0 0 0 0 0 0 0 0 0 0 0 0 0 0 0 0 0 0 0 0 11 91 1 0 0 0 0 0 0 0 0 0 0 0 0 0 0 0 0 0 0 0 0 0 0 0 0 0 0 0 0 0 0 0 0 0 0 0 0 0 0 0 0 0 0 0 0 0 0 0 0 0 0 0 0 0 0 0 0 0 0 0 0 0 0 0 0 0 0 0 0 0 0 0 0 0 0 0 0 0 0 0 0 0 0 0 0 0 0 0 0 0 0 0 0 0 0 0 0 0 0 0 0 0 2 99 3 0 0 0 1 1 1 0 0 0 0 0 0 0 0 0 0 1 0 0 1 0 0 0 1 1 1 255 255 1 1 1 1 1 1 1 1 1 72 255 255 19 1 1 1 0 1 1 1 1 0 0 1 0 1 1 0 0 0 0 0 0 0 0 0 0 0 0 0 0 0 1 172 216 3 1 1 1 14 1 1 0 0 1 1 1 1 1 4 255 5 1 1 0 0 0 0 0 0 0 0 0 0 0 0 0 0 0 0 0 0 0 0 0 0 0 0 0 0 0 0 0 0 0 1 1 1 106 232 180 2 1 0 0 0 0 0 0 0 0 0 0 0 0 0 0 0 0 1 1 1 1 1 3 204 255 255 255 255 157 4 1 1 1 1 1 1 1 1 1 1 1 1 1 1 1 0 0 0 0 0 0 0 0 0 0 0 0 0 0 0 0 0 0 0 0 0 0 0 1 1 1 1 1 1 1 1 1 1 1 1 1 96 100 1 0 0 0 0 0 0 0 0 0
105 24 4 2 1 1 1 3 2 1 1 1 0 0 0 0 0 1 1 1 1 1 1 1 1 1 1 11 145 248 255 255 255 255 239 141 15 1 1 1 0 0 0 0 0 0 0 0 0 0 0 0 0 0 0 0 0 0 0 0 0 0 0 0 0 0 0 0 0 0 0 0 0 0 0 0 0 0 0 0 0 0 0 0 0 0 0 0 0 0 0 0 0 0 0 0 0 0 1 0 0 0 172 255 1 1 1 1 0 0 0 0 0 0 0 0 0 0 0 0 0 0 0 0 0 0 0 0 0 0 0 0 0 0 0 0 0 0 0 0 0 0 0 0 0 0 0 0 0 0 0 0 0 0 0 0 0 0 0 0 0 0 0 0 0 0 0 0 0 0 0 0 0 0 0 0 0 0 0 0 0 0 76 26 1 0 0 0 0 0 0 0 0 0 0 0 0 0 0 0 0 0 0 0 0 0 0 0 0 0 0 0 0 0 0 0 0 0 0 0 0 0 0 0 0 0 0 0 0 0 0 0 0 0 0 0 0 0 0 0 0 0 0 0 0 0 0 0 0 0 0 0 0 0 0 0 0 0 0 0 0 0 0 0 0 0 0 0 0 0 0 0 0 0 0 0 0 0 0 0 0 0 0 0 0 0 0 7 95 1 0 0 0 1 1 1 0 0 0 0 0 0 0 0 0 1 1 1 1 0 0 0 1 1 2 255 255 1 1 1 1 1 1 1 1 226 255 235 6 1 1 1 0 1 1 1 1 1 0 1 1 1 0 0 0 0 0 0 0 0 0 0 0 0 0 1 1 1 1 1 2 221 229 140 16 3 12 0 1 1 1 1 1 1 1 2 135 247 4 1 1 0 0 0 0 0 0 0 0 0 0 0 0 0 0 0 0 0 0 0 0 0 0 0 0 0 0 0 0 0 0 0 0 0 0 1 1 142 229 51 1 0 0 0 0 0 0 0 0 0 0 0 0 0 0 1 1 1 1 8 250 255 255 255 137 2 1 1 1 1 0 0 0 0 0 0 0 0 0 0 0 0 0 0 0 0 0 0 0 0 0 0 0 0 0 0 0 0 0 0 0 0 0 0 0 0 0 0 0 0 0 0 0 0 0 0 0 0 0 1 5 168 13 1 0 0 0 0 0 0 0 0
255 255 255 253 192 69 10 7 2 1 1 1 1 1 1 1 1 1 1 1 1 1 1 1 1 1 1 1 1 1 1 4 99 242 255 255 255 255 245 163 28 1 1 0 0 0 0 0 0 0 0 0 0 0 0 0 0 0 0 0 0 0 0 0 0 0 0 0 0 0 0 0 0 0 0 0 0 0 0 0 0 0 0 0 0 0 0 0 0 0 0 0 0 0 0 0 0 0 1 0 0 0 33 255 2 1 0 1 0 0 0 0 0 0 0 0 0 0 0 0 0 0 0 0 0 0 0 0 0 0 0 0 0 0 0 0 0 0 0 0 0 0 0 0 0 0 0 0 0 0 0 0 0 0 0 0 0 0 0 0 0 0 0 0 0 0 0 0 0 0 0 0 0 0 0 0 0 0 0 0 0 1 107 2 1 0 0 0 0 0 0 0 0 0 0 0 0 0 0 0 0 0 0 0 0 0 0 0 0 0 0 0 0 0 0 0 0 0 0 0 0 0 0 0 0 0 0 0 0 0 0 0 0 0 0 0 0 0 0 0 0 0 0 0 0 0 0 0 0 0 0 0 0 0 0 0 0 0 0 0 0 0 0 0 0 0 0 0 0 0 0 0 0 0 0 0 0 0 0 0 0 0 0 0 0 0 0 1 21 84 1 0 0 0 1 1 1 0 0 0 0 0 0 0 0 0 1 1 0 0 0 0 1 1 25 255 210 1 1 1 1 1 1 4 255 255 95 2 1 1 1 0 0 1 1 1 1 0 0 0 0 0 0 0 0 0 0 0 0 0 0 0 0 0 0 1 0 0 0 1 1 17 168 229 247 224 36 1 1 1 1 1 1 1 3 159 157 200 45 2 1 1 0 0 0 0 0 0 0 0 0 0 0 0 0 0 0 0 0 0 0 0 0 0 0 0 0 0 0 0 0 0 0 0 0 0 0 1 22 222 142 1 1 0 0 0 0 0 0 0 0 0 0 1 1 1 1 12 255 255 255 255 13 1 1 0 0 0 0 0 0 0 0 0 0 0 0 0 0 0 0 0 0 0 0 0 0 0 0 0 0 0 0 0 0 0 0 0 0 0 0 0 0 0 0 0 0 0 0 0 0 0 0 0 0 0 0 0 0 0 1 107 105 1 0 0 0 0 0 0 0 0
2 5 27 152 245 255 255 255 250 166 39 5 2 1 1 1 1 1 0 0 0 0 0 0 0 0 0 1 1 1 1 1 1 1 1 3 77 236 255 255 255 255 247 186 48 2 1 1 0 0 0 0 0 0 0 0 0 0 0 0 0 0 0 0 0 0 0 0 0 0 0 0 0 0 0 0 0 0 0 0 0 0 0 0 0 0 0 0 0 0 0 0 0 0 0 0 0 0 1 0 0 0 3 255 11 1 0 1 0 0 0 0 0 0 0 0 0 0 0 0 0 0 0 0 0 0 0 0 0 0 0 0 0 0 0 0 0 0 0 0 0 0 0 0 0 0 0 0 0 0 0 0 0 0 0 0 0 0 0 0 0 0 0 0 0 0 0 0 0 0 0 0 0 0 0 0 0 0 0 0 0 1 110 1 1 0 0 0 0 0 0 0 0 0 0 0 0 0 0 0 0 0 0 0 0 0 0 0 0 0 0 0 0 0 0 0 0 0 0 0 0 0 0 0 0 0 0 0 0 0 0 0 0 0 0 0 0 0 0 0 0 0 0 0 0 0 0 0 0 0 0 0 0 0 0 0 0 0 0 0 0 0 0 0 0 0 0 0 0 0 0 0 0 0 0 0 0 0 0 0 0 0 0 0 0 0 0 0 1 38 70 1 0 0 0 1 1 1 0 0 0 0 0 0 0 1 1 1 0 0 0 1 1 1 255 255 47 1 1 1 1 1 24 255 255 21 1 1 1 0 0 0 1 1 1 1 1 0 0 0 0 0 0 0 0 0 0 0 0 0 0 0 0 0 0 1 0 0 0 1 1 30 49 1 5 147 242 188 6 1 1 1 1 4 173 115 4 157 40 72 10 1 1 0 0 0 0 0 0 0 0 0 0 0 0 0 0 0 0 0 0 0 0 0 0 0 0 0 0 0 0 0 0 0 0 0 0 0 1 2 179 194 2 1 1 0 0 0 0 0 0 1 1 1 1 33 255 255 255 244 3 1 1 0 0 0 0 0 0 0 0 0 0 0 0 0 0 0 0 0 0 0 0 0 0 0 0 0 0 0 0 0 0 0 0 0 0 0 0 0 0 0 0 0 0 0 0 0 0 0 0 0 0 0 0 0 0 0 0 0 1 1 160 6 1 0 0 0 0 0 0 0
1 1 1 1 1 2 8 75 170 250 255 255 255 227 97 19 4 1 1 1 1 0 0 0 0 0 0 0 0 0 0 0 1 1 1 1 1 1 1 2 52 219 255 255 255 255 253 201 66 3 1 1 0 0 0 0 0 0 0 0 0 0 0 0 0 0 0 0 0 0 0 0 0 0 0 0 0 0 0 0 0 0 0 0 0 0 0 0 0 0 0 0 0 0 0 0 0 0 1 0 0 0 1 255 106 1 0 1 0 0 0 0 0 0 0 0 0 0 0 0 0 0 0 0 0 0 0 0 0 0 0 0 0 0 0 0 0 0 0 0 0 0 0 0 0 0 0 0 0 0 0 0 0 0 0 0 0 0 0 0 0 0 0 0 0 0 0 0 0 0 0 0 0 0 0 0 0 0 0 0 0 1 108 1 0 0 0 0 0 0 0 0 0 0 0 0 0 0 0 0 0 0 0 0 0 0 0 0 0 0 0 0 0 0 0 0 0 0 0 0 0 0 0 0 0 0 0 0 0 0 0 0 0 0 0 0 0 0 0 0 0 0 0 0 0 0 0 0 0 0 0 0 0 1 1 1 0 0 0 1 1 0 0 0 0 0 0 0 0 0 0 0 0 0 0 0 0 0 0 0 0 0 0 0 0 0 0 0 1 1 55 55 1 0 0 0 1 1 1 0 0 0 0 0 0 1 1 0 0 0 0 1 1 1 255 255 24 3 1 1 1 125 255 255 11 1 1 1 0 0 0 0 1 1 1 1 0 0 0 0 0 0 0 0 0 0 0 0 0 0 0 0 0 0 0 1 0 0 0 1 1 61 11 2 1 1 5 188 240 97 2 1 8 179 103 2 1 155 2 4 65 10 1 1 1 0 0 0 0 0 0 0 0 0 0 0 0 0 0 0 0 0 0 0 0 0 0 0 0 0 0 0 0 0 0 0 0 0 0 1 1 116 214 5 1 1 1 1 1 1 1 1 12 217 255 255 255 229 2 1 1 0 0 0 0 0 0 0 0 0 0 0 0 0 0 0 0 0 0 0 0 0 0 0 0 0 0 0 0 0 0 0 0 0 0 0 0 0 0 0 0 0 0 0 0 0 0 0 0 0 0 0 0 0 0 0 0 0 0 0 0 1 26 144 1 0 0 0 0 0 0 0
0 0 1 1 1 1 1 1 1 1 2 8 95 233 255 255 255 253 176 44 5 1 1 1 1 0 0 0 0 0 0 0 0 0 0 1 1 0 1 1 1 1 1 2 28 194 255 255 255 255 253 214 84 4 1 1 0 0 0 0 0 0 0 0 0 0 0 0 0 0 0 0 0 0 0 0 0 0 0 0 0 0 0 0 0 0 0 0 0 0 0 0 0 0 0 0 0 0 1 1 0 0 1 255 253 1 0 1 0 0 0 0 0 0 0 0 0 0 0 0 0 0 0 0 0 0 0 0 0 0 0 0 0 0 0 0 0 0 0 0 0 0 0 0 0 0 0 0 0 0 0 0 0 0 0 0 0 0 0 0 0 0 0 0 0 0 0 0 0 0 0 0 0 0 0 0 0 0 0 0 0 25 78 1 0 0 0 0 0 0 0 0 0 0 0 0 0 0 0 0 0 0 0 0 0 0 0 0 0 0 0 0 0 0 0 0 0 0 0 0 0 0 0 0 0 0 0 0 0 0 0 0 0 0 0 0 0 0 0 0 0 0 0 0 0 0 0 0 1 1 1 1 1 1 0 1 1 1 1 1 1 1 1 1 1 1 1 0 0 1 1 1 1 1 1 1 1 1 1 1 1 1 1 1 1 1 1 1 1 1 1 66 46 1 0 0 0 1 1 1 1 1 0 0 0 1 1 1 1 1 1 1 1 23 255 255 1 1 1 2 245 255 240 34 1 1 0 0 0 0 0 0 1 1 1 1 0 0 0 0 0 0 0 0 0 0 0 0 0 0 0 0 0 0 0 1 0 0 1 1 24 26 1 10 1 1 1 2 57 235 237 163 204 88 2 1 1 155 2 1 3 69 5 1 1 0 1 1 1 1 0 0 0 0 0 0 0 0 0 0 0 0 0 0 0 0 0 0 0 0 0 0 0 0 0 0 0 0 0 0 1 1 78 219 9 1 1 2 49 242 255 255 255 255 255 134 1 1 1 0 0 0 0 0 0 0 0 0 0 0 0 0 0 0 0 0 0 0 0 0 0 0 0 0 0 0 0 0 0 0 0 0 0 0 0 0 0 0 0 0 0 0 0 0 0 0 0 0 0 0 0 0 0 0 0 0 0 0 0 0 0 0 1 115 78 1 0 0 0 0 0 0
1 1 1 1 1 1 1 1 1 1 1 1 1 1 1 3 21 158 250 255 255 255 245 128 14 1 1 1 0 0 0 0 0 0 0 0 1 1 0 0 0 0 0 1 1 1 1 1 16 170 253 255 255 255 255 229 110 7 1 1 0 0 0 0 0 0 0 0 0 0 0 0 0 0 0 0 0 0 0 0 0 0 0 0 0 0 0 0 0 0 0 0 0 0 0 0 0 0 0 1 0 0 1 255 255 1 1 1 0 0 0 0 0 0 0 0 0 0 0 0 0 0 0 0 0 0 0 0 0 0 0 0 0 0 0 0 0 0 0 0 0 0 0 0 0 0 0 0 0 0 0 0 0 0 0 0 0 0 0 0 0 0 0 0 0 0 0 0 0 0 0 0 0 0 0 0 0 0 0 0 0 93 10 1 0 0 0 0 0 0 0 0 0 0 0 0 0 0 0 0 0 0 0 0 0 0 0 0 0 0 0 0 0 0 0 0 0 0 0 0 0 0 0 0 0 0 0 0 0 0 0 0 0 0 0 0 0 0 0 0 0 0 0 1 1 1 1 1 1 1 1 1 1 1 1 1 2 2 5 8 13 23 34 48 63 76 89 99 111 123 129 133 131 126 112 92 69 40 17 5 2 1 1 1 1 0 0 1 0 0 0 1 74 43 1 0 0 0 1 1 0 1 1 1 1 1 1 1 0 0 1 1 2 255 255 177 1 1 13 255 255 167 8 1 1 0 0 0 0 0 0 1 1 1 1 0 0 0 0 0 0 0 0 0 0 0 0 0 0 0 0 0 0 0 1 1 0 1 1 15 41 1 1 4 5 2 3 2 4 79 161 239 224 96 11 10 11 149 3 1 1 8 70 2 1 1 1 1 0 0 0 0 0 1 1 1 0 0 0 0 0 0 0 0 0 0 0 0 0 0 0 0 0 0 0 0 0 0 0 0 0 1 1 62 222 6 250 255 255 255 255 240 57 2 1 1 1 0 0 1 1 1 1 1 1 0 0 0 0 0 0 0 0 0 0 0 0 0 0 0 0 0 0 0 0 0 0 0 0 0 0 0 0 0 0 0 0 0 0 0 0 0 0 0 0 0 0 0 0 0 0 0 0 0 0 0 0 0 0 0 0 0 1 1 162 4 1 0 0 0 0 0
0 0 1 1 1 1 1 1 1 1 1 1 1 1 1 1 1 1 1 1 3 49 204 255 255 255 72 1 1 1 0 0 0 0 0 0 0 1 1 1 0 0 0 0 0 0 0 1 1 1 1 1 9 145 250 255 255 255 255 237 134 13 1 1 0 0 0 0 0 0 0 0 0 0 0 0 0 0 0 0 0 0 0 0 0 0 0 0 0 0 0 0 0 0 0 0 0 0 0 1 0 0 1 255 255 1 1 1 0 0 0 0 0 0 0 0 0 0 0 0 0 0 0 0 0 0 0 0 0 0 0 0 0 0 0 0 0 0 0 0 0 0 0 0 0 0 0 0 0 0 0 0 0 0 0 0 0 0 0 0 0 0 0 0 0 0 0 0 0 0 0 0 0 0 0 0 0 0 0 0 1 110 1 1 0 0 0 0 0 0 0 0 0 0 0 0 0 0 0 0 0 0 0 0 0 0 0 0 0 0 0 0 0 0 0 0 0 0 0 0 0 0 0 0 0 0 0 0 0 0 0 0 0 0 0 0 0 0 0 0 1 1 1 1 0 0 0 1 2 23 83 124 139 143 143 143 143 143 141 138 136 132 128 124 121 117 112 110 107 101 101 102 104 105 107 112 118 121 131 138 142 144 144 144 144 138 128 103 66 20 2 1 1 74 46 1 1 1 0 0 1 1 1 1 1 1 1 1 1 1 1 2 242 255 255 113 6 73 255 255 101 2 1 1 0 0 0 0 0 0 0 1 1 1 1 0 0 0 0 0 0 0 0 0 0 0 0 0 0 0 0 0 0 0 1 1 1 12 52 36 1 1 0 1 11 4 1 1 20 47 1 1 58 193 219 148 17 127 17 1 1 3 73 22 1 1 1 0 0 0 0 1 1 1 1 1 0 0 0 0 0 0 0 0 0 0 0 0 0 0 0 0 0 0 0 0 0 0 1 0 0 0 1 1 181 255 255 250 14 1 1 1 1 1 0 0 1 1 1 1 1 1 1 1 1 1 1 1 1 0 0 0 0 0 0 0 0 0 0 0 0 0 0 0 0 0 0 0 0 0 0 0 0 0 0 0 0 0 0 0 0 0 0 0 0 0 0 0 0 0 0 0 0 0 0 0 0 0 0 0 0 0 0 1 29 143 1 0 0 0 0 0
1 1 0 0 0 0 1 1 1 1 1 1 1 1 1 1 1 1 1 1 1 1 1 1 2 103 255 190 2 1 1 1 0 0 0 0 0 0 1 1 1 0 0 0 0 0 0 0 0 0 0 0 1 1 1 1 4 108 245 255 255 255 255 242 159 23 1 1 0 0 0 0 0 0 0 0 0 0 0 0 0 0 0 0 0 0 0 0 0 0 0 0 0 0 0 0 0 0 0 1 0 0 1 255 255 1 1 1 0 0 0 0 0 0 0 0 0 0 0 0 0 0 0 0 0 0 0 0 0 0 0 0 0 0 0 0 0 0 0 0 0 0 0 0 0 0 0 0 0 0 0 0 0 0 0 0 0 0 0 0 0 0 0 0 0 0 0 0 0 0 0 0 0 0 0 0 0 0 0 0 1 110 1 0 0 0 0 0 0 0 0 0 0 0 0 0 0 0 0 0 0 0 0 0 0 0 0 0 0 0 0 0 0 0 0 0 0 0 0 0 0 0 0 0 0 0 0 0 0 0 0 0 0 0 0 0 0 0 1 1 1 0 0 0 1 11 85 136 141 127 111 107 111 112 111 111 110 110 109 109 108 106 101 95 90 84 77 68 52 39 27 20 18 24 35 54 76 94 104 109 111 109 105 88 66 37 28 47 86 121 140 137 108 44 75 77 2 1 1 1 0 0 1 1 1 1 1 0 1 1 35 100 255 255 255 255 255 255 255 65 1 1 0 0 0 0 0 0 0 0 1 1 1 1 1 0 0 0 0 0 0 0 0 0 0 0 0 0 0 0 1 1 1 2 14 54 66 39 5 1 1 1 1 1 6 35 16 17 72 3 1 1 1 1 14 146 216 209 92 33 58 62 27 32 1 1 1 1 0 1 1 1 0 0 0 0 0 0 0 0 0 0 0 0 0 0 0 0 0 0 0 0 0 0 0 0 0 0 0 1 1 1 1 150 255 255 231 6 1 1 1 1 1 1 1 1 13 141 231 242 244 242 232 193 105 21 3 1 1 1 1 1 1 0 0 0 0 0 0 0 0 0 0 0 0 0 0 0 0 0 0 0 0 0 0 0 0 0 0 0 0 0 0 0 0 0 0 0 0 0 0 0 0 0 0 0 0 0 0 0 0 0 0 0 1 140 35 1 0 0 0 0
0 1 1 1 1 1 1 1 0 0 1 1 1 1 1 1 1 1 1 1 1 1 1 1 1 1 5 245 245 6 1 1 1 0 0 0 0 0 1 1 1 1 1 0 0 0 0 0 0 0 0 0 0 0 0 0 1 1 1 1 3 80 237 255 255 255 255 247 174 37 2 1 1 0 0 0 0 0 0 0 0 0 0 0 0 0 0 0 0 0 0 0 0 0 0 0 0 0 0 1 0 0 1 209 255 1 1 1 0 0 0 0 0 0 0 0 0 0 0 0 0 0 0 0 0 0 0 0 0 0 0 0 0 0 0 0 0 0 0 0 0 0 0 0 0 0 0 0 0 0 0 0 0 0 0 0 0 0 0 0 0 0 0 0 0 0 0 0 0 0 0 0 0 0 0 0 0 0 0 0 9 96 1 0 0 0 0 0 0 0 0 0 0 0 0 0 0 0 0 0 0 0 0 0 0 0 0 0 0 0 0 0 0 0 0 0 0 0 0 0 0 0 0 0 0 0 0 0 0 0 0 0 0 0 0 0 1 1 1 0 1 2 31 112 141 133 108 107 111 105 73 35 30 64 128 202 249 255 255 255 255 255 255 255 255 255 255 255 255 255 255 224 130 39 6 1 1 1 1 1 1 1 4 18 46 80 98 108 111 103 74 38 48 105 137 150 161 108 38 2 1 1 1 1 1 1 1 1 1 30 54 238 255 255 255 255 255 239 35 1 1 0 0 0 0 0 0 0 0 0 1 1 1 1 0 0 0 0 0 0 0 0 0 0 0 0 1 1 1 6 23 51 72 75 55 15 7 4 1 0 1 1 1 2 64 57 58 47 4 1 0 0 1 1 1 1 5 173 219 23 4 1 1 4 27 9 1 1 1 1 0 0 0 0 0 0 0 0 0 0 0 0 0 0 0 0 0 0 0 0 0 0 0 0 0 0 0 0 0 1 1 1 225 255 255 2 132 222 6 1 1 1 1 13 179 240 242 211 91 14 7 20 85 171 225 242 244 244 236 194 93 12 2 1 1 1 1 0 0 0 0 0 0 0 0 0 0 0 0 0 0 0 0 0 0 0 0 0 0 0 0 0 0 0 0 0 0 0 0 0 0 0 0 0 0 0 0 0 0 0 0 0 0 0 0 4 164 1 1 0 0 0
0 0 0 0 0 1 1 1 1 1 1 0 0 1 1 1 1 1 1 1 1 1 1 1 1 1 1 1 194 255 49 1 1 1 0 0 0 0 0 1 1 0 1 1 0 0 0 0 0 0 0 0 0 0 0 0 0 0 0 0 1 1 1 1 2 49 221 255 255 255 255 250 195 58 3 1 1 0 0 0 0 0 0 0 0 0 0 0 0 0 0 0 0 0 0 0 0 0 0 1 0 0 1 56 255 3 1 1 0 0 0 0 0 0 0 0 0 0 0 0 0 0 0 0 0 0 0 0 0 0 0 0 0 0 0 0 0 0 0 0 0 0 0 0 0 0 0 0 0 0 0 0 0 0 0 0 0 0 0 0 0 0 0 0 0 0 0 0 0 0 0 0 0 0 0 0 0 0 0 0 66 37 0 0 0 0 0 0 0 0 0 0 0 0 0 0 0 0 0 0 0 0 0 0 0 0 0 0 0 0 0 0 0 0 0 0 0 0 0 0 0 0 0 0 0 0 0 0 0 0 0 0 0 0 1 1 1 1 4 59 131 143 129 110 112 108 81 43 120 250 255 255 255 255 255 255 255 255 255 255 255 255 255 250 242 234 234 245 255 255 255 255 255 255 255 255 144 39 4 1 1 1 1 1 1 1 1 1 1 4 34 81 106 98 60 54 96 142 165 144 99 32 2 1 1 1 1 1 9 60 40 255 255 255 136 180 72 6 1 0 1 0 0 0 0 0 0 0 0 0 1 1 1 1 0 0 0 0 0 0 0 0 0 1 2 16 54 74 76 67 44 16 3 1 1 0 1 4 4 1 1 1 10 73 15 1 3 1 1 0 0 0 1 0 0 1 1 11 242 2 1 0 0 1 1 13 28 26 4 1 1 0 0 0 0 0 0 1 1 0 0 0 0 0 0 0 0 0 0 0 0 0 0 0 0 0 0 0 1 1 2 255 255 234 1 1 1 124 235 79 3 12 184 240 184 29 2 1 1 1 1 1 1 1 1 1 1 5 62 169 230 242 244 242 182 4 1 1 0 0 0 0 0 0 0 0 0 0 0 0 0 0 0 0 0 0 0 0 0 0 0 0 0 0 0 0 0 0 0 0 0 0 0 0 0 0 0 0 0 0 0 0 0 0 0 1 157 12 1 1 0 0
0 0 0 0 0 1 1 0 0 0 1 1 1 1 1 1 1 1 1 1 0 1 1 1 1 1 1 1 1 88 255 157 1 1 1 1 0 0 0 0 1 0 0 1 1 1 0 0 0 0 0 0 0 0 0 0 0 0 0 0 0 0 0 0 1 1 1 1 1 30 200 255 255 255 255 253 214 79 4 1 1 0 0 0 0 0 0 0 0 0 0 0 0 0 0 0 0 0 0 1 0 1 1 6 255 29 1 1 0 0 0 0 0 0 0 0 0 0 0 0 0 0 0 0 0 0 0 0 0 0 0 0 0 0 0 0 0 0 0 0 0 0 0 0 0 0 0 0 0 0 0 0 0 0 0 0 0 0 0 0 0 0 0 0 0 0 0 0 0 0 0 0 0 0 0 0 0 0 0 1 106 3 0 0 0 0 0 0 0 0 0 0 0 0 0 0 0 0 0 0 0 0 0 0 0 0 0 0 0 0 0 0 0 0 0 0 0 0 0 0 0 0 0 0 0 0 0 0 1 1 1 1 1 1 1 12 85 136 139 122 111 112 101 70 145 255 255 255 255 255 255 255 136 27 7 3 2 2 1 1 1 1 1 1 1 1 1 1 1 1 1 2 13 152 255 255 255 255 255 253 130 29 3 1 1 1 1 1 1 0 1 1 1 8 58 96 86 61 64 113 139 154 129 99 29 2 1 3 71 13 70 255 255 255 175 116 15 1 0 0 1 0 0 0 0 0 0 0 0 1 1 1 1 1 0 0 0 0 0 0 0 1 4 51 74 51 15 2 1 1 1 1 0 1 1 0 0 1 3 8 14 62 66 4 1 1 3 1 0 0 0 0 0 0 0 0 1 1 237 60 1 0 0 0 1 1 1 2 20 10 1 1 0 0 0 0 1 1 1 0 0 0 0 0 0 0 0 0 0 0 0 0 0 0 0 0 0 1 1 6 255 255 156 2 1 1 1 1 47 232 244 242 177 8 1 1 1 1 0 0 0 0 0 0 0 1 1 1 1 1 1 1 2 21 182 240 83 1 1 0 0 0 0 0 0 0 0 0 0 0 0 0 0 0 0 0 0 0 0 0 0 0 0 0 0 0 0 0 0 0 0 0 0 0 0 0 0 0 0 0 0 0 0 0 0 0 49 135 1 1 1 0
0 0 0 0 0 1 1 0 0 0 0 0 0 0 0 0 1 1 1 1 1 1 1 0 1 1 1 1 1 1 11 253 237 3 1 1 1 0 0 0 1 1 0 0 0 1 1 0 0 0 0 0 0 0 0 0 0 0 0 0 0 0 0 0 0 0 0 0 1 1 1 1 1 15 172 253 255 255 255 255 221 93 5 1 1 0 0 0 0 0 0 0 0 0 0 0 0 0 0 1 0 1 1 2 255 209 1 1 1 0 0 0 0 0 0 0 0 0 0 0 0 0 0 0 0 0 0 0 0 0 0 0 0 0 0 0 0 0 0 0 0 0 0 0 0 0 0 0 0 0 0 0 0 0 0 0 0 0 0 0 0 0 0 0 0 0 0 0 0 0 0 0 0 0 0 0 0 0 0 1 110 1 0 0 0 0 0 0 0 0 0 0 0 0 0 0 0 0 0 0 0 0 0 0 0 0 0 0 0 0 0 0 0 0 0 1 1 1 1 1 1 0 0 0 0 0 0 1 0 1 1 2 33 108 139 132 107 108 114 100 119 253 255 255 255 255 255 156 16 3 1 1 1 1 1 1 1 1 1 1 1 1 1 1 1 1 1 1 1 1 1 1 1 1 1 1 6 137 255 255 255 255 255 255 137 36 4 1 1 1 1 1 1 1 1 1 19 70 98 77 60 77 125 132 139 121 111 108 49 41 255 255 255 255 190 94 13 1 0 1 1 0 0 1 1 0 0 0 0 1 1 1 1 0 0 0 0 0 0 0 0 5 65 16 1 1 1 1 0 0 0 0 0 1 1 0 0 0 1 1 60 14 1 1 1 1 3 1 0 0 0 0 0 0 0 0 1 1 137 212 1 1 0 0 0 0 1 1 1 15 7 1 1 0 0 1 1 1 0 0 0 0 0 0 0 0 0 0 0 0 0 0 0 0 0 1 1 1 42 255 255 59 1 1 2 1 1 1 1 1 3 2 1 1 1 1 0 0 0 0 0 1 1 1 1 1 1 1 1 1 1 1 1 1 1 19 232 180 1 1 1 0 0 0 0 0 0 0 0 0 0 0 0 0 0 0 0 0 0 0 0 0 0 0 0 0 0 0 0 0 0 0 0 0 0 0 0 0 0 0 0 0 0 0 0 0 1 171 1 1 1 1
0 0 0 0 1 1 0 0 0 0 0 0 0 0 0 0 0 0 0 0 0 0 1 1 1 1 0 1 1 1 1 2 224 255 25 1 1 1 0 0 0 1 1 0 0 0 0 1 1 0 0 0 0 0 0 0 0 0 0 0 0 0 0 0 0 0 0 0 0 0 0 0 1 1 1 1 1 8 150 250 255 255 255 255 232 119 10 1 1 0 0 0 0 0 0 0 0 0 0 1 1 1 1 1 255 255 1 1 1 0 0 0 0 0 0 0 0 0 0 0 0 0 0 0 0 0 0 0 0 0 0 0 0 0 0 0 0 0 0 0 0 0 0 0 0 0 0 0 0 0 0 0 0 0 0 0 0 0 0 0 0 0 0 0 0 0 0 0 0 0 0 0 0 0 0 0 0 0 0 2 107 1 0 0 0 0 0 0 0 0 0 0 0 0 0 0 0 0 0 0 0 0 0 0 0 0 0 0 0 0 0 0 1 1 1 1 0 0 0 0 0 0 1 1 1 1 1 1 11 73 129 138 122 105 116 126 140 237 255 255 255 255 255 160 11 2 1 1 1 1 1 1 1 1 1 1 1 1 1 1 1 1 0 1 1 1 1 1 1 1 1 1 1 1 1 1 1 1 1 1 6 146 255 255 255 255 255 255 181 75 13 3 1 1 1 1 1 1 3 39 84 93 67 61 89 124 104 47 6 122 255 255 255 88 216 26 20 2 1 1 1 1 1 1 1 1 0 0 0 1 1 1 1 0 0 0 0 0 0 0 1 61 10 1 1 0 0 1 1 0 0 0 0 1 0 0 0 0 0 1 66 1 1 1 1 1 3 1 1 0 0 0 0 0 0 0 0 1 8 242 2 1 0 0 0 0 1 1 1 1 22 3 1 1 1 1 1 0 0 0 0 0 0 0 0 0 0 0 0 0 0 0 0 0 1 1 1 121 255 255 8 1 1 1 1 1 1 1 1 0 0 1 1 1 1 1 1 1 1 1 1 1 0 0 0 0 0 1 1 1 1 1 1 1 1 1 2 185 230 12 1 1 0 0 0 0 0 0 0 0 0 0 0 0 0 0 0 0 0 0 0 0 0 0 0 0 0 0 0 0 0 0 0 0 0 0 0 0 0 0 0 0 0 0 0 0 1 167 3 1 1 1
1 0 1 1 1 0 0 0 0 0 0 0 0 0 0 0 0 0 0 0 0 0 0 0 0 1 1 1 1 1 1 1 1 125 255 120 1 1 1 0 0 0 1 0 0 0 0 0 1 1 1 1 1 0 0 0 0 0 0 0 0 0 0 0 0 0 0 0 0 0 0 0 0 0 0 0 0 1 1 1 1 5 123 247 255 255 255 255 237 116 6 1 1 0 0 0 0 0 0 1 1 1 1 1 255 255 1 1 1 0 0 0 0 0 0 0 0 0 0 0 1 1 1 1 1 1 1 0 0 0 0 0 0 0 0 0 0 0 0 0 0 0 0 0 0 0 0 0 0 0 0 0 0 0 0 0 0 0 0 0 0 0 0 0 0 0 0 0 0 0 0 0 0 0 0 0 0 0 0 26 77 0 0 0 0 0 0 0 0 0 0 0 0 0 0 0 0 0 0 0 0 0 0 0 0 0 1 1 1 1 1 1 1 0 0 0 0 1 1 1 1 1 1 1 5 47 113 136 133 114 114 132 165 236 255 255 255 255 255 224 23 3 1 1 1 1 1 1 1 1 1 0 0 0 1 0 0 0 1 1 1 1 1 1 1 1 1 1 1 1 1 1 1 0 1 1 1 1 1 1 1 1 1 1 4 106 255 255 255 255 255 255 160 110 68 13 1 1 1 1 1 11 60 89 78 60 62 98 119 255 255 255 255 227 111 19 47 4 1 1 1 0 0 0 0 0 0 0 1 1 1 1 1 0 0 0 0 0 0 0 1 79 1 1 0 0 0 1 1 0 0 0 0 1 0 0 0 1 1 1 64 1 1 1 0 1 2 1 1 1 1 1 0 0 0 0 0 1 1 227 96 1 0 0 1 1 1 0 0 1 1 23 3 1 1 1 0 0 0 0 0 0 0 0 0 0 0 0 0 0 0 0 1 1 1 1 206 255 255 1 1 1 0 0 0 0 1 1 0 0 0 0 0 0 0 1 1 1 1 1 0 0 0 0 0 0 0 0 0 0 0 0 0 1 1 1 1 1 94 240 106 1 1 1 1 1 0 0 0 0 0 0 0 0 0 0 0 0 0 0 0 0 0 0 0 0 0 0 0 0 0 0 0 0 0 0 0 0 0 0 0 0 0 0 0 0 0 107 90 1 1 0
1 1 1 0 0 0 0 0 0 0 0 0 0 0 0 0 0 0 0 0 0 0 0 0 0 0 0 1 1 1 1 1 1 1 25 255 219 2 1 1 1 1 0 1 1 0 0 0 0 0 0 0 1 1 0 0 0 0 0 0 0 0 0 0 0 0 0 0 0 0 0 0 0 0 0 0 0 1 1 1 1 1 1 1 1 3 96 242 255 255 255 250 141 6 1 1 1 1 0 1 1 1 1 1 255 255 2 1 1 0 0 0 0 0 0 0 0 1 1 1 1 0 0 0 0 0 1 1 1 1 1 1 1 1 0 0 0 0 0 0 0 0 0 0 0 0 0 0 0 0 0 0 0 0 0 0 0 0 0 0 0 0 0 0 0 0 0 0 0 0 0 0 0 0 0 0 0 0 0 88 15 0 0 0 0 0 0 0 0 0 0 0 0 0 0 0 0 0 0 0 0 0 0 0 0 1 1 0 0 0 0 0 1 1 1 1 1 1 1 1 2 23 99 141 143 124 112 143 183 245 255 255 255 255 255 253 59 4 2 1 1 1 1 1 1 1 1 1 1 0 0 1 1 1 1 1 1 1 1 1 0 0 1 1 1 1 1 1 1 1 1 1 1 1 1 0 0 0 0 0 0 1 1 1 1 1 1 1 2 34 232 255 255 255 88 107 89 25 1 1 1 1 1 3 34 74 87 65 101 255 255 255 255 255 204 38 14 22 3 1 1 1 1 0 0 0 0 0 1 1 1 1 0 0 0 0 0 0 0 0 3 74 1 0 0 0 0 1 1 1 1 0 0 1 0 1 1 1 1 1 64 1 1 1 0 1 1 2 3 2 1 1 1 1 1 1 1 1 1 64 235 1 0 1 1 1 1 1 0 1 1 1 23 10 1 1 0 0 0 0 0 0 0 0 0 0 0 0 0 0 1 1 1 1 1 250 255 245 1 1 1 1 0 0 0 0 0 1 1 1 0 0 0 0 0 0 0 0 0 1 1 0 0 0 0 0 0 0 0 0 0 0 0 0 0 0 1 1 1 9 225 192 1 1 1 1 1 0 0 0 0 0 0 0 0 0 0 0 0 0 0 0 0 0 0 0 0 0 0 0 0 0 0 0 0 0 0 0 0 0 0 0 0 0 0 0 0 5 165 1 1 1
1 1 0 0 0 0 0 0 0 0 0 0 0 0 0 0 0 0 0 0 0 0 0 0 0 0 0 0 1 1 1 1 1 1 1 2 237 253 13 1 1 1 1 1 1 0 0 0 0 0 0 0 0 1 1 1 0 0 0 0 0 0 0 0 0 0 0 0 0 0 0 0 0 0 1 1 1 1 1 1 1 1 1 1 0 1 1 1 1 4 145 255 255 255 247 118 4 1 1 1 1 1 1 1 255 255 158 1 1 1 0 0 0 0 0 0 1 1 0 0 0 0 0 0 0 0 0 0 0 0 0 0 0 1 1 1 1 1 1 1 1 0 0 0 0 0 0 0 0 0 0 0 0 0 0 0 0 0 0 0 0 0 0 0 0 0 0 0 0 0 0 0 0 0 0 0 0 0 1 106 2 0 0 0 1 1 1 1 1 1 1 1 1 1 1 0 0 0 0 0 0 0 0 0 1 0 0 0 1 1 1 1 1 1 1 1 2 16 85 136 147 139 129 156 232 255 255 255 255 255 255 255 85 5 2 1 1 1 1 1 1 1 1 1 0 0 1 1 1 1 1 1 1 1 1 1 1 1 1 1 1 1 1 1 1 1 1 1 1 1 1 1 1 1 0 0 1 1 1 1 1 1 0 0 0 0 1 1 1 1 1 1 117 255 255 121 7 12 7 1 1 1 1 1 1 1 10 54 255 255 255 255 253 255 255 255 250 178 36 5 1 1 1 1 1 0 0 0 1 0 1 1 0 0 0 0 0 0 0 0 13 57 1 0 0 0 0 1 1 1 1 1 1 1 1 1 1 1 0 1 65 1 1 1 0 1 1 1 1 1 2 2 2 2 2 1 1 1 1 2 239 39 1 1 1 0 1 1 1 0 1 1 1 13 15 1 1 0 0 0 0 0 0 0 0 0 0 0 1 1 1 1 1 3 255 255 199 1 1 1 1 0 0 0 0 0 0 0 1 0 0 0 0 0 0 0 0 0 0 0 1 1 0 0 0 0 0 0 0 0 0 0 0 0 0 0 0 0 1 1 1 174 235 26 1 1 1 1 1 1 0 0 0 0 0 0 0 0 0 0 0 0 0 0 0 0 0 0 0 0 0 0 0 0 0 0 0 0 0 0 0 0 0 0 0 0 0 1 172 1 0 1
3 1 1 0 0 0 0 0 0 0 0 0 0 0 0 0 0 0 0 0 0 0 0 0 0 0 0 0 0 1 1 0 1 1 1 1 1 157 255 107 15 1 1 0 1 1 0 0 0 0 0 0 0 0 0 1 1 0 0 0 0 0 0 0 0 0 0 0 0 0 1 1 1 1 1 0 1 1 1 1 1 1 0 0 0 0 0 0 1 1 1 1 3 155 255 255 255 242 130 9 1 1 1 6 255 235 255 61 1 1 0 0 0 0 0 0 1 0 0 0 0 0 0 0 0 0 0 0 0 0 0 0 0 0 0 0 0 0 0 0 1 1 1 1 1 1 1 1 1 1 1 1 1 0 0 0 1 1 1 1 1 1 1 1 1 1 1 1 1 1 1 1 1 1 1 1 1 1 1 108 1 1 1 1 1 0 0 0 0 0 0 0 0 0 1 1 1 1 1 1 1 1 1 1 1 1 1 1 0 1 1 1 1 7 78 136 147 143 143 181 245 255 255 255 255 255 255 255 67 4 1 1 1 1 1 1 1 1 1 1 1 1 1 1 1 1 1 1 1 1 1 1 1 1 1 1 1 1 0 0 0 0 1 1 1 1 1 0 0 0 1 1 1 1 1 1 1 0 0 0 0 0 0 0 0 0 0 0 0 0 0 1 1 2 255 255 255 12 3 3 2 1 1 1 1 1 1 2 240 255 255 255 202 93 148 255 255 255 255 233 31 1 1 1 1 1 1 0 1 1 1 1 0 0 0 0 0 0 0 0 36 30 0 0 0 0 1 1 0 0 1 1 1 1 1 1 0 0 0 1 66 1 1 1 1 1 1 0 1 1 1 2 2 2 2 3 3 3 3 4 143 217 2 1 1 0 0 1 1 1 0 1 1 1 8 16 1 1 0 1 1 1 1 1 1 0 1 1 1 1 1 1 12 255 255 115 1 1 1 0 0 0 0 0 0 0 0 0 1 0 0 0 0 0 0 0 0 0 0 0 0 0 1 1 0 0 0 0 0 0 0 0 0 0 0 0 0 0 0 1 1 1 78 240 199 5 1 1 1 1 1 1 0 0 0 0 0 0 0 0 0 0 0 0 0 0 0 0 0 0 0 0 0 0 0 0 0 0 0 0 0 0 0 0 0 0 0 1 150 25 0 0
1 2 1 1 0 0 0 0 0 0 0 0 0 0 0 0 0 0 0 0 0 0 0 0 0 0 0 0 0 0 1 1 0 1 1 1 1 1 53 255 255 248 5 1 1 1 1 0 0 0 0 0 0 0 0 1 1 1 1 0 0 0 0 0 0 0 0 1 1 1 1 0 0 0 1 1 1 1 1 1 1 1 0 0 0 0 0 0 0 0 0 1 1 1 1 6 196 255 255 255 240 217 214 255 255 205 255 255 41 1 1 0 0 0 0 0 1 0 0 0 0 0 0 0 0 0 0 0 0 0 0 0 0 0 0 0 0 0 0 0 0 0 0 0 0 0 0 0 0 0 0 0 0 1 1 1 1 0 0 0 0 0 0 0 0 0 0 0 0 0 0 0 0 0 0 0 0 1 7 94 1 0 0 0 0 0 0 0 0 0 0 0 0 0 0 0 0 0 0 0 0 0 1 1 0 0 1 1 1 1 4 75 143 149 148 215 255 255 255 255 255 255 255 244 62 5 79 96 1 1 1 1 1 1 1 1 1 1 1 1 1 1 1 1 1 1 1 1 1 1 1 1 0 1 1 1 1 1 1 1 1 1 1 0 1 1 0 0 0 0 1 1 1 1 1 1 1 0 0 0 0 0 0 0 0 0 0 0 0 0 0 0 0 1 1 79 255 255 143 2 3 1 1 1 1 1 1 3 238 255 255 255 255 255 255 185 77 211 255 255 255 214 6 1 1 1 1 1 1 1 1 0 0 0 0 0 0 0 0 1 65 9 0 0 0 0 1 1 0 0 0 0 1 1 1 1 1 0 0 1 65 1 0 0 0 1 1 0 0 0 1 1 1 1 0 1 1 1 1 1 4 242 13 1 1 0 0 0 1 1 1 1 0 0 1 8 15 1 1 1 0 0 0 1 1 1 1 1 1 1 1 82 255 255 34 1 1 0 0 0 0 0 0 0 0 0 0 0 1 0 0 0 1 1 1 0 0 0 0 0 0 0 0 1 1 1 0 0 0 0 0 0 0 0 0 0 0 0 0 0 1 1 1 2 166 244 206 9 1 1 1 1 1 0 0 0 0 0 0 0 0 0 0 0 0 0 0 0 0 0 0 0 0 0 0 0 0 0 0 0 0 0 0 0 0 0 0 1 38 142 1 1
1 1 2 1 1 1 0 0 0 0 0 0 0 0 0 0 0 0 0 0 0 0 0 0 0 0 0 0 0 0 0 1 1 0 0 1 1 1 1 1 2 185 255 45 1 1 1 0 0 0 0 1 1 1 1 1 1 1 1 1 1 1 1 1 1 2 1 1 1 1 1 1 1 1 1 1 1 1 0 0 0 1 0 0 0 0 0 0 0 0 0 0 0 1 1 1 1 1 34 245 255 232 140 255 15 1 4 255 255 1 1 1 1 0 0 0 1 0 0 0 0 0 0 0 0 0 0 0 0 0 0 0 0 0 0 0 0 0 0 0 0 0 0 0 0 0 0 0 0 0 0 0 0 0 0 0 0 0 0 0 0 0 0 0 0 0 0 0 0 0 0 0 0 0 0 0 0 1 56 38 1 0 0 0 0 0 0 0 0 0 0 0 0 0 0 0 0 0 0 0 0 0 1 0 1 1 1 4 58 158 232 255 255 255 255 255 255 255 255 225 41 4 1 1 1 1 71 98 1 1 1 1 1 1 1 1 1 1 1 1 1 1 1 1 1 1 1 0 0 1 1 1 1 1 1 1 1 1 1 1 1 0 0 0 1 1 1 0 0 0 0 1 1 0 0 1 1 1 0 0 0 0 0 0 0 0 0 0 0 0 0 0 0 1 1 1 2 255 255 255 9 2 1 1 1 1 2 24 255 255 255 131 4 32 222 255 255 255 140 126 255 255 255 186 6 1 1 1 1 1 1 1 1 0 0 0 0 0 0 1 79 2 0 0 0 0 1 1 0 1 1 1 1 0 1 1 1 1 1 5 56 1 0 0 0 1 1 1 0 0 1 1 0 0 0 0 1 0 1 1 1 187 176 1 1 0 0 1 1 1 2 1 1 1 1 1 9 13 1 1 1 1 1 1 1 1 1 1 1 1 213 255 255 4 1 1 0 0 0 0 0 0 0 0 0 0 0 0 1 0 0 1 1 0 1 1 1 0 0 0 0 0 0 0 0 1 1 0 0 0 0 0 0 0 0 0 0 0 0 0 0 1 1 1 1 2 156 243 221 22 1 1 1 1 0 0 0 0 0 0 0 0 0 0 0 0 0 0 0 0 0 0 0 0 0 0 0 0 0 0 0 0 0 0 0 0 0 0 1 172 1 1
1 1 1 2 1 1 1 0 0 0 0 0 0 0 0 0 0 0 0 0 0 0 0 0 0 0 0 0 0 0 0 0 1 1 0 0 1 1 1 1 1 1 91 255 152 1 1 1 1 1 1 1 1 1 0 0 0 1 1 1 1 12 115 240 255 255 50 1 1 1 0 1 1 1 1 1 1 1 0 0 0 1 0 0 0 0 0 0 0 0 0 0 0 0 0 1 1 1 1 1 12 242 255 255 1 1 1 104 255 151 37 2 1 1 0 0 1 0 0 0 0 0 0 0 0 0 0 0 0 0 0 0 0 0 0 0 0 0 0 0 0 0 0 0 0 0 0 0 0 0 0 0 0 0 0 0 0 0 0 0 0 0 0 0 0 0 0 0 0 0 0 0 0 0 0 0 0 1 94 4 0 0 0 0 0 0 0 0 0 0 0 0 0 0 0 0 0 0 0 0 0 1 1 4 49 152 245 255 255 255 255 255 255 255 255 213 27 2 1 1 1 1 1 1 1 1 63 101 1 1 1 1 1 1 1 1 1 1 1 1 1 1 1 1 1 1 1 1 0 0 1 1 0 1 1 1 1 1 1 1 1 1 0 0 1 0 1 0 0 0 0 1 1 0 0 0 1 1 1 1 0 0 0 0 0 0 0 0 0 0 0 0 1 1 1 1 1 1 80 255 255 9 1 1 1 5 128 255 255 255 255 5 1 1 1 2 51 253 255 255 255 224 255 255 255 255 146 11 1 1 1 1 1 1 1 0 0 0 0 1 83 1 1 1 0 0 1 1 1 1 0 0 1 0 0 1 1 1 1 34 18 0 0 0 0 1 1 1 1 1 1 1 0 0 0 0 1 0 1 1 1 19 242 5 1 1 0 0 1 3 3 3 1 1 1 1 2 18 18 1 1 1 1 1 1 0 1 1 13 255 255 248 1 1 1 0 0 0 0 0 0 0 0 0 0 0 0 0 1 0 0 1 0 0 0 0 1 1 0 0 0 0 0 0 0 0 1 1 1 0 0 0 0 0 0 0 0 0 0 0 0 0 1 1 1 1 1 1 130 242 226 27 1 1 1 0 0 0 0 0 0 0 0 0 0 0 0 0 0 0 0 0 0 0 0 0 0 0 0 0 0 0 0 0 0 0 0 0 1 159 13 0
1 1 1 1 2 1 1 1 0 0 0 0 0 0 0 0 0 0 0 0 0 0 0 0 0 0 0 0 0 0 0 0 0 0 1 1 0 1 1 1 1 1 1 15 253 236 3 1 1 1 1 0 1 1 1 1 2 27 168 250 255 255 253 207 84 168 253 3 1 1 2 4 4 2 1 0 0 1 0 0 0 1 0 0 0 0 0 0 0 0 0 0 0 0 0 0 1 1 1 1 1 1 255 255 2 1 1 240 255 58 166 174 162 107 32 3 1 1 1 0 0 0 0 0 0 0 0 0 0 0 0 0 0 0 0 0 0 0 0 0 0 0 0 1 1 0 0 0 0 0 0 0 0 0 0 0 0 0 0 0 0 0 0 0 0 0 0 0 0 0 0 0 0 0 0 0 0 1 103 1 0 0 0 0 0 0 0 0 0 0 1 1 1 1 2 2 2 2 3 4 28 129 234 255 255 255 255 255 255 255 255 175 29 4 1 1 1 1 1 1 1 1 1 1 1 1 64 95 1 1 1 1 2 1 1 1 1 1 1 1 1 1 1 1 1 1 1 1 1 1 1 1 1 1 1 1 1 1 1 1 1 1 1 1 1 0 0 0 0 0 0 0 1 1 0 0 0 0 1 1 1 0 0 0 0 0 0 0 0 0 1 1 1 1 0 0 1 1 1 57 255 75 3 79 255 255 255 255 255 255 255 11 8 5 4 4 3 2 3 33 229 255 255 255 255 255 255 255 255 157 10 1 1 1 1 1 1 0 0 10 77 11 12 11 8 8 7 5 2 1 0 1 0 0 0 0 0 1 1 64 2 1 1 1 1 1 1 1 1 1 2 1 0 0 0 0 1 0 0 1 1 1 219 120 1 1 1 1 4 2 0 1 4 4 4 4 2 1 14 17 1 1 1 1 1 1 2 225 255 255 132 1 1 1 0 0 0 0 0 0 0 0 0 0 0 0 0 0 1 1 1 1 0 0 0 0 0 0 0 0 0 0 0 0 0 0 0 0 1 1 0 0 0 0 0 0 0 0 0 0 0 0 0 0 1 1 1 0 1 1 108 240 225 26 1 1 0 0 0 0 0 0 0 0 0 0 0 0 0 0 0 0 0 0 0 0 0 0 0 0 0 0 0 0 0 0 0 0 1 26 150 1
3 1 1 1 1 2 2 1 1 0 0 0 0 0 0 0 0 0 0 0 0 0 0 0 0 0 0 0 0 0 0 0 0 0 0 1 1 0 1 1 1 1 1 1 2 224 255 30 1 1 1 1 5 78 222 255 255 255 248 161 29 5 2 7 6 9 253 129 3 4 2 1 1 3 1 0 0 0 1 0 0 1 0 0 0 0 0 0 0 0 0 0 0 0 0 0 0 0 0 1 1 1 53 255 162 5 93 255 255 253 253 253 255 255 255 255 237 185 131 57 8 1 1 1 1 1 0 0 0 0 0 0 0 0 0 0 0 0 0 0 0 0 0 1 0 0 0 0 0 0 0 0 0 0 0 0 0 0 0 0 0 0 0 0 0 1 1 1 1 1 1 1 1 1 1 1 1 3 100 1 2 2 2 3 3 2 2 2 2 2 2 2 2 1 1 2 13 89 177 253 255 255 253 145 14 255 255 59 16 4 2 1 1 1 1 1 1 1 0 0 1 1 1 1 1 1 72 85 1 1 1 1 1 1 1 1 1 1 1 1 1 1 1 1 1 1 1 1 1 1 1 1 1 1 1 0 0 1 1 1 1 1 1 1 0 0 0 1 1 1 1 1 1 1 0 0 0 0 0 1 1 1 1 0 0 0 0 1 1 1 1 0 0 1 0 0 1 1 1 2 255 255 255 255 255 255 255 255 255 255 43 1 1 1 1 1 1 3 2 1 1 1 4 99 255 255 255 255 255 255 255 250 41 1 1 1 1 1 1 58 20 1 1 1 2 2 2 3 7 9 2 1 0 0 0 0 0 1 1 67 1 1 1 1 0 1 2 2 2 2 1 0 0 0 0 0 1 0 0 1 0 1 66 234 2 2 4 3 1 1 1 1 1 1 1 1 1 1 1 17 13 1 1 1 2 204 255 255 255 4 1 1 0 0 0 0 0 0 0 0 0 0 0 0 0 0 0 0 0 0 1 0 0 0 0 0 0 0 0 0 0 0 0 0 0 0 0 0 0 1 1 1 0 0 0 0 0 0 0 0 0 0 0 0 0 1 1 1 0 1 1 1 114 241 223 21 1 0 0 0 0 0 0 0 0 0 0 0 0 0 0 0 0 0 0 0 0 0 0 0 0 0 0 0 0 0 0 0 0 1 120 85
42 3 1 1 1 1 1 3 1 1 1 0 0 0 0 0 0 0 0 0 0 0 0 0 0 0 0 0 0 0 0 0 0 0 0 0 1 1 0 1 1 1 1 1 1 1 127 255 215 176 250 255 255 255 234 91 9 3 2 1 1 1 1 6 1 1 37 255 42 1 1 1 1 1 2 0 0 0 1 0 0 1 1 0 0 0 0 0 0 0 0 0 0 0 0 0 0 0 0 1 1 1 1 250 255 255 255 255 46 2 1 1 2 7 51 160 237 253 255 255 255 253 225 165 97 31 5 1 1 1 1 1 1 1 1 1 1 0 0 0 0 0 0 1 0 0 0 0 0 1 1 1 1 1 1 1 1 1 1 1 1 1 1 1 1 1 1 2 3 5 11 25 47 66 81 93 98 136 156 94 89 86 82 80 77 72 68 64 59 61 75 96 130 168 222 253 255 255 255 239 59 2 1 2 255 255 13 1 1 1 1 1 1 1 1 1 1 1 1 1 1 1 0 0 1 1 83 74 1 1 1 1 2 1 0 1 0 0 1 1 1 0 0 0 1 1 1 1 1 1 1 1 1 1 1 1 0 0 0 0 0 0 0 0 0 0 1 1 0 0 0 0 0 0 0 0 0 0 0 0 0 1 1 1 0 1 1 1 1 0 0 0 0 1 0 1 1 1 1 1 255 255 255 255 255 255 192 155 138 3 1 1 1 1 1 1 1 1 2 2 1 1 1 1 1 1 32 251 255 255 255 255 255 255 73 1 1 1 1 86 3 1 1 1 1 1 0 0 1 1 6 8 2 1 1 1 1 2 8 59 1 0 0 1 1 2 1 0 1 1 1 1 1 1 0 0 1 0 0 0 0 1 1 232 78 3 1 1 1 1 1 1 1 1 1 1 1 1 1 1 26 12 19 247 255 255 255 29 1 1 1 0 0 0 0 0 0 0 0 0 0 0 0 0 0 0 0 0 0 0 0 0 0 0 0 0 0 0 0 0 0 0 0 0 0 0 0 0 0 0 0 1 1 0 0 0 0 0 0 0 0 0 0 0 0 0 1 1 1 1 0 1 1 1 116 242 183 1 1 0 0 0 0 0 0 0 0 0 0 0 0 0 0 0 0 0 0 0 0 0 0 0 0 0 0 0 0 0 0 1 1 129
17 43 4 1 1 1 0 1 2 2 1 1 0 0 0 0 0 0 0 0 0 0 0 0 0 0 0 0 0 0 0 0 0 0 0 0 0 1 1 1 0 1 1 1 1 1 2 23 241 250 176 53 6 2 1 1 1 1 1 1 1 1 1 5 1 1 2 130 253 8 1 1 1 1 3 1 1 1 1 1 1 1 1 1 0 0 0 0 0 0 0 0 0 0 0 0 0 0 0 0 1 1 0 3 255 255 253 1 1 1 1 1 1 1 1 1 1 1 1 4 56 181 245 255 255 255 255 255 245 217 175 144 100 55 18 5 2 1 1 1 1 1 1 1 1 1 1 1 1 1 1 1 1 2 9 34 75 112 142 163 180 197 218 232 242 250 255 255 255 255 255 255 255 255 255 255 255 255 255 255 255 255 255 255 255 255 255 255 255 255 255 255 255 255 255 234 96 4 1 1 1 1 1 162 255 76 1 1 1 1 1 1 1 1 1 1 1 1 1 1 0 0 1 1 1 1 84 72 1 1 1 1 2 0 1 1 1 1 1 0 0 0 0 0 1 1 1 1 0 1 0 0 1 1 1 1 0 0 0 0 0 0 0 0 0 0 1 1 0 0 0 0 0 0 0 0 0 0 0 0 0 0 1 1 1 1 0 0 0 0 0 0 1 1 1 1 1 0 1 1 240 255 198 255 255 152 193 106 1 0 1 1 0 1 1 1 1 0 1 2 1 1 1 1 1 1 1 1 1 32 253 255 255 255 255 253 11 1 1 150 135 89 31 7 3 2 1 1 1 1 1 1 7 10 23 28 28 26 20 61 3 3 2 3 2 1 1 1 1 1 0 1 1 1 1 0 1 1 1 1 1 1 1 131 214 1 1 1 1 1 1 1 1 1 2 3 15 78 199 255 255 255 255 255 255 79 1 1 1 1 0 0 0 0 0 0 0 0 0 0 0 0 0 0 0 0 0 0 0 0 0 0 0 0 0 0 0 0 0 0 0 0 0 0 0 0 0 0 0 0 0 0 1 1 1 0 0 0 0 0 0 0 0 0 0 0 0 0 1 1 1 1 1 1 1 1 183 230 6 1 1 0 0 0 0 0 0 0 0 0 0 0 0 0 0 0 0 0 0 0 0 0 0 0 0 0 0 0 0 1 1 14
2 17 46 6 1 1 1 0 0 1 3 2 1 1 1 0 0 0 0 0 0 0 0 0 0 0 0 0 0 0 0 0 0 0 0 0 0 0 0 1 1 1 0 1 1 2 2 3 3 2 1 6 4 1 1 1 1 1 1 1 1 1 1 5 1 1 1 2 217 230 3 1 1 1 2 3 3 3 3 3 2 3 3 3 3 2 1 1 0 1 1 0 0 0 0 0 1 1 1 0 1 1 1 1 255 255 5 1 1 0 0 0 0 0 1 1 1 1 1 1 1 1 1 1 1 5 63 164 227 247 253 255 255 255 255 255 255 250 237 206 177 159 144 130 120 122 132 149 165 184 213 237 250 255 255 255 255 255 255 255 253 250 247 245 250 245 218 174 136 88 43 15 6 3 2 2 2 91 3 2 2 2 2 2 2 2 2 2 2 2 2 2 1 1 1 1 1 1 1 1 1 1 27 255 232 2 1 1 1 1 1 1 1 0 1 1 1 1 1 1 1 1 1 1 0 1 86 67 1 1 1 1 2 1 1 1 1 1 0 1 1 0 0 0 1 1 1 1 1 1 0 0 1 1 1 1 0 0 0 0 0 0 0 0 0 0 1 1 0 0 0 0 0 0 0 0 0 0 0 0 0 1 1 1 0 1 1 1 0 0 0 0 1 0 1 1 1 0 1 1 232 255 255 255 148 206 135 1 1 1 1 1 1 1 0 1 1 1 1 1 2 1 1 1 1 1 1 1 1 1 1 1 96 255 255 255 255 159 31 234 132 164 193 203 204 200 160 31 2 1 1 1 1 9 2 1 1 1 1 46 5 1 1 1 1 1 1 1 1 1 1 1 1 1 1 1 1 1 1 1 2 4 6 32 240 58 36 79 137 210 250 255 255 255 255 255 255 255 255 255 255 255 255 255 242 8 1 1 1 0 0 0 0 0 0 0 0 0 0 0 0 0 0 0 0 0 0 0 0 0 0 0 0 0 0 0 0 0 0 0 0 0 0 0 0 0 0 0 0 0 0 0 0 0 1 1 0 0 0 0 0 0 0 0 0 0 0 0 0 0 1 1 1 1 1 1 1 102 237 21 1 1 0 0 0 0 0 0 0 0 0 0 0 0 0 0 0 0 0 0 0 0 0 0 0 0 0 0 0 1 11 2
2 2 10 47 6 1 1 1 0 0 0 1 2 2 1 1 0 0 0 0 0 0 0 0 0 0 0 0 0 0 0 0 0 0 0 0 0 0 0 0 0 1 1 1 2 1 1 1 1 1 1 3 6 1 1 1 1 1 2 1 1 1 1 5 1 1 1 1 6 248 155 2 1 2 2 2 1 1 0 0 1 0 1 1 1 2 3 3 3 2 1 1 1 1 1 1 1 1 1 1 1 1 1 1 255 255 1 1 1 0 0 0 0 1 1 0 0 0 0 0 0 0 1 1 1 1 1 1 1 1 1 1 1 2 8 47 128 197 237 250 253 255 255 255 255 255 255 255 255 253 248 237 197 132 49 8 2 1 1 1 4 81 142 120 10 1 1 1 1 1 1 1 1 1 1 1 1 91 1 1 1 1 1 1 1 1 1 1 1 1 1 1 1 1 1 1 1 1 1 1 1 3 255 255 5 1 1 1 1 1 1 1 1 1 1 1 1 1 1 1 1 1 0 0 1 1 97 54 1 1 1 1 2 1 1 1 1 1 1 1 1 1 1 1 1 1 1 1 1 1 1 1 1 2 1 1 0 0 0 0 0 0 0 0 0 0 1 1 0 0 0 0 0 0 0 0 0 0 0 0 0 0 0 1 1 1 1 1 1 0 0 1 1 1 1 1 0 0 1 1 166 255 255 255 207 163 1 1 1 0 0 1 1 0 0 0 1 1 1 0 1 2 1 0 0 1 1 1 1 1 1 1 1 16 255 77 255 255 255 203 2 1 2 3 6 18 97 193 175 30 3 3 11 2 1 1 1 1 1 20 40 2 1 1 1 1 2 3 4 7 12 20 34 55 83 114 164 224 255 255 255 255 255 255 255 255 255 255 255 255 255 255 255 255 255 255 255 253 237 220 227 247 255 255 250 237 206 49 1 1 0 0 0 0 0 0 0 0 0 0 0 0 0 0 0 0 0 0 0 0 0 0 0 0 0 0 0 0 0 0 0 0 0 0 0 0 0 0 0 0 0 0 0 0 0 1 1 1 0 0 0 0 0 0 0 0 0 0 0 0 0 1 1 1 1 1 1 1 53 238 47 1 1 0 0 0 0 0 0 0 0 0 0 0 0 0 0 0 0 0 0 0 0 0 0 0 0 0 1 8 4 0
2 1 1 8 52 2 0 1 1 0 0 0 0 1 3 2 1 1 0 0 0 0 0 0 0 0 0 0 0 0 0 0 0 0 0 0 0 0 0 0 0 0 1 2 1 0 1 1 1 1 1 1 10 1 1 1 0 1 2 1 1 1 1 5 1 1 1 1 1 24 255 66 2 1 1 2 1 1 0 0 1 1 1 1 0 0 1 1 1 2 3 2 1 1 1 1 1 1 1 1 1 1 1 1 255 255 1 1 1 0 0 0 1 1 0 0 0 0 0 0 0 0 0 0 0 0 0 0 1 1 1 1 1 1 1 1 1 1 1 1 1 1 1 1 1 1 1 1 1 1 1 1 1 1 1 1 1 3 69 138 137 70 2 1 1 0 0 0 0 0 0 0 0 0 0 0 1 87 1 0 0 0 0 0 0 0 0 0 0 0 0 0 0 0 0 0 1 1 0 1 1 248 255 26 1 1 1 1 1 1 4 6 6 6 6 6 6 7 7 7 6 5 5 5 4 4 100 67 10 8 6 6 5 3 3 2 2 2 1 1 1 1 1 1 1 1 1 1 1 1 1 1 1 2 1 1 1 0 0 0 0 0 0 0 0 0 1 0 0 0 0 0 0 0 0 0 0 0 0 0 0 0 0 0 0 0 1 1 1 1 1 1 0 1 1 1 0 0 1 1 123 255 255 199 188 7 1 1 0 0 1 1 0 0 0 0 0 1 1 1 0 2 1 1 0 0 1 1 1 1 1 0 1 1 255 184 14 100 255 255 20 2 1 1 1 1 1 1 73 193 200 179 149 147 154 152 133 69 40 160 207 156 94 123 200 253 255 255 255 255 255 255 255 255 255 255 255 255 255 255 255 255 255 255 255 255 255 255 253 222 137 48 7 2 1 1 1 1 1 1 1 1 1 2 98 217 240 245 225 113 2 1 0 0 0 0 0 0 0 0 0 0 0 0 0 0 0 0 0 0 0 0 0 0 0 0 0 0 0 0 0 0 0 0 0 0 0 0 0 0 0 0 0 0 0 0 0 1 1 0 0 0 0 0 0 0 0 0 0 0 0 0 0 0 1 1 1 1 1 22 237 77 1 1 0 0 0 0 0 0 0 0 0 0 0 0 0 0 0 0 0 0 0 0 0 0 0 1 4 8 1 0
2 1 1 1 28 30 1 0 1 0 0 0 0 0 0 1 3 2 1 1 0 0 0 0 0 0 0 0 0 0 0 0 0 0 0 0 0 0 0 0 0 0 1 2 1 1 0 1 1 1 1 1 11 3 3 1 1 2 4 2 4 6 8 6 3 3 4 2 1 1 93 253 15 1 1 1 2 1 1 1 1 1 0 1 1 1 0 0 0 0 1 2 2 1 1 1 1 1 1 1 1 1 1 2 255 255 1 1 1 0 0 0 1 0 0 0 0 0 0 0 0 0 0 0 0 0 0 0 0 0 0 0 0 0 0 0 1 1 1 1 1 1 1 1 1 1 1 1 1 1 1 1 1 1 2 56 136 141 82 4 1 1 1 1 0 0 0 0 0 0 0 0 0 0 0 0 18 63 0 0 0 0 0 0 0 0 0 0 0 0 0 0 0 0 0 1 1 0 0 1 107 255 128 1 1 1 1 1 1 3 4 2 2 2 2 2 2 2 2 2 3 3 4 4 5 6 74 35 24 25 27 29 27 27 27 27 27 28 27 18 13 12 12 11 11 12 17 19 17 13 8 4 5 5 4 2 1 0 0 0 0 0 0 0 0 0 1 0 0 0 0 0 0 0 0 0 0 0 0 0 0 0 0 0 0 0 0 0 0 1 1 0 1 1 1 0 0 1 1 1 255 255 255 214 37 1 1 0 0 1 1 0 0 0 0 0 0 0 1 1 1 1 2 1 1 0 1 1 1 1 1 1 1 1 255 202 1 1 47 255 255 28 2 1 1 1 1 1 1 1 11 55 93 96 88 93 116 171 189 155 196 255 255 255 255 255 255 255 255 255 255 255 255 245 219 166 104 47 13 4 2 1 1 1 38 230 1 1 1 1 1 1 1 1 1 1 1 1 1 1 1 1 1 1 1 1 10 175 234 247 235 179 12 1 0 0 0 0 0 0 0 0 0 0 0 0 0 0 0 0 0 0 0 0 0 0 0 0 0 0 0 0 0 0 0 0 0 0 0 0 0 0 0 0 0 0 0 0 1 1 1 0 0 0 0 0 0 0 0 0 0 0 0 0 0 1 1 1 1 1 9 235 80 1 1 0 0 0 0 0 0 0 0 0 0 0 0 0 0 0 0 0 0 0 0 0 0 2 13 1 0 0
1 1 1 1 4 59 1 1 1 0 0 0 0 0 0 0 1 1 3 2 1 1 0 0 0 0 0 0 0 0 0 0 0 0 0 0 0 0 0 0 0 0 2 1 0 1 1 1 3 4 4 3 7 11 19 28 12 11 8 5 3 1 1 1 1 1 1 2 2 1 2 184 242 5 1 1 2 1 1 1 0 1 1 1 0 1 1 1 0 0 1 1 2 1 0 0 1 1 1 1 1 1 2 2 255 255 1 1 1 0 0 1 1 0 0 0 0 0 0 0 0 0 0 0 0 0 0 0 0 0 0 0 0 0 0 0 0 0 0 0 0 0 0 1 1 0 0 0 0 1 1 1 10 112 143 92 5 1 1 1 1 0 0 0 0 0 0 0 0 0 0 0 0 0 0 1 82 6 0 0 0 0 0 0 0 0 0 0 0 0 0 0 0 0 0 1 0 1 1 12 255 250 2 1 1 1 1 1 1 5 2 1 1 1 1 1 1 1 1 1 1 1 1 1 1 1 66 12 1 1 1 1 1 1 1 1 1 1 1 1 1 1 1 1 1 1 1 2 3 5 8 8 3 2 2 2 1 0 0 0 0 0 0 0 0 0 1 0 0 0 0 0 0 0 0 0 0 0 0 0 0 0 0 0 0 0 0 0 1 1 1 0 1 1 1 0 1 1 1 14 255 255 225 86 1 1 0 0 1 1 0 0 0 0 0 0 0 0 0 1 1 1 2 1 1 1 1 1 1 1 1 1 1 1 255 189 1 1 3 65 255 255 188 51 17 8 4 3 2 2 2 2 3 6 40 158 255 255 255 255 255 255 255 255 255 119 8 2 1 1 1 1 1 1 1 1 1 1 1 1 1 1 1 1 4 237 2 1 1 1 1 1 1 1 1 1 1 1 1 0 0 0 0 0 0 1 1 1 1 106 222 245 245 217 71 1 1 0 0 0 0 0 0 0 0 0 0 0 0 0 0 0 0 0 0 0 0 0 0 0 0 0 0 0 0 0 0 0 0 0 0 0 0 0 0 0 0 0 0 0 0 0 0 0 0 0 0 0 0 0 0 0 0 0 0 0 0 1 1 1 1 8 237 43 1 1 0 0 0 0 0 0 0 0 0 0 0 0 0 0 0 0 0 0 0 1 1 16 1 0 0 0
1 1 1 1 2 57 6 1 1 1 0 0 0 0 0 0 0 0 1 1 3 2 1 1 1 0 0 0 0 0 0 0 0 0 0 0 0 0 0 0 0 1 3 1 1 1 1 2 1 1 1 1 2 1 1 54 1 1 1 1 0 0 0 0 0 0 0 1 3 1 1 4 241 194 3 1 1 2 1 1 0 0 1 1 0 0 0 1 1 1 1 1 2 1 0 0 0 0 0 1 1 2 1 1 255 248 1 1 1 0 1 1 0 0 0 0 0 0 0 0 0 0 0 0 0 0 0 0 0 0 0 0 0 0 0 0 0 0 0 0 0 0 0 1 0 0 0 1 1 1 14 127 132 30 1 1 1 1 1 1 1 1 1 1 1 1 1 0 0 0 0 0 0 0 0 1 99 1 0 0 0 0 0 0 0 0 0 0 0 0 0 0 0 0 1 1 1 1 2 255 255 7 1 1 1 1 1 1 1 4 1 1 1 1 1 1 1 0 0 0 0 0 0 1 1 1 68 10 1 0 0 0 1 1 0 0 0 0 0 0 0 1 1 1 1 1 1 1 1 1 3 8 1 1 1 1 1 0 0 0 0 0 0 0 0 0 1 0 0 0 0 0 0 0 0 0 0 0 0 0 0 0 0 0 0 0 0 0 1 1 0 1 1 1 0 0 1 1 1 255 255 253 144 1 1 0 0 1 1 0 0 0 0 0 0 0 0 0 0 0 1 1 1 2 1 1 1 1 1 1 1 1 1 1 255 255 2 1 5 77 207 255 255 255 255 255 255 255 253 253 255 255 255 255 255 255 255 255 255 255 227 37 2 1 1 1 1 1 1 1 1 1 1 1 1 0 0 0 0 0 0 1 1 1 1 237 4 1 0 0 0 0 0 0 0 0 0 0 1 1 1 1 1 0 0 0 0 0 1 1 1 21 182 240 253 238 145 4 1 0 0 0 0 0 0 0 0 0 0 0 0 0 0 0 0 0 0 0 0 0 0 0 0 0 0 0 0 0 0 0 0 0 0 0 0 0 0 0 0 0 0 0 0 0 0 0 0 0 0 0 0 0 0 0 0 0 0 0 1 1 1 1 24 240 12 1 1 0 0 0 0 0 0 0 0 0 0 0 0 0 0 0 0 0 0 1 14 1 0 0 0 0
1 1 1 1 1 24 37 1 0 1 0 0 0 0 0 0 0 0 0 0 1 1 3 2 1 1 1 0 0 0 0 0 0 0 0 0 0 0 0 0 0 1 2 0 1 1 2 1 1 1 1 1 2 1 1 53 2 1 1 1 0 0 0 1 1 1 1 0 1 3 1 1 12 253 104 2 1 2 1 1 1 0 0 1 0 0 0 0 0 0 0 0 1 2 1 0 0 0 0 1 1 2 1 2 255 49 1 1 0 0 1 0 0 0 0 0 0 0 0 0 0 0 0 0 0 0 0 0 0 0 0 0 0 0 0 0 0 0 0 0 0 0 1 1 0 0 1 1 7 122 129 16 1 1 1 1 1 1 1 1 0 0 0 0 0 0 0 0 0 0 0 0 0 0 0 2 97 0 0 0 0 0 0 0 0 0 0 0 0 0 0 0 0 1 1 1 1 1 230 255 39 1 1 1 1 1 1 1 1 4 1 1 1 1 0 0 1 0 0 0 0 0 1 1 1 1 70 8 1 1 1 1 1 1 1 1 1 1 1 1 1 1 1 1 1 1 1 1 1 1 1 13 1 1 1 1 1 0 0 0 0 0 0 0 0 0 1 0 0 0 0 0 0 0 0 0 0 0 0 0 0 0 0 0 0 0 0 1 1 1 1 1 0 1 0 1 1 1 174 255 255 209 2 1 0 0 1 1 0 0 0 0 0 0 0 0 0 0 0 0 0 1 1 2 1 1 1 1 1 1 1 1 1 1 52 255 255 255 255 255 255 255 255 255 255 255 255 255 255 255 255 255 255 255 255 255 147 12 2 1 1 1 1 1 0 0 0 0 0 0 0 0 0 0 0 1 1 1 1 1 1 1 0 1 1 234 33 1 0 0 0 0 0 0 0 0 0 0 0 0 0 0 1 1 1 1 1 0 0 0 0 1 1 1 76 218 253 253 207 34 1 0 0 0 0 0 0 0 0 0 0 0 0 0 0 0 0 0 0 0 0 0 0 0 0 0 0 0 0 0 0 0 0 0 0 0 0 0 0 0 0 0 0 0 0 0 0 0 0 0 0 0 0 0 0 0 0 0 0 0 1 1 1 72 235 3 1 1 0 0 0 0 0 0 0 0 0 0 0 0 0 0 0 0 1 11 3 0 0 0 0 0
1 1 1 1 1 4 61 1 1 1 0 0 0 0 0 0 0 0 0 0 0 0 1 1 3 2 1 1 1 0 0 0 0 0 0 0 0 0 0 0 0 2 1 1 1 2 1 0 0 0 0 0 2 1 1 47 4 1 1 1 1 0 0 0 0 0 1 1 1 2 2 1 1 53 255 31 1 1 2 1 1 1 0 1 1 0 0 0 0 0 0 0 1 2 1 0 0 0 1 1 2 1 1 85 255 2 1 1 0 1 1 0 0 0 0 0 0 0 0 0 0 0 0 0 0 0 0 0 0 0 0 0 0 0 0 0 0 0 0 0 0 0 1 0 0 1 2 91 136 21 1 1 1 0 0 0 0 0 0 0 0 0 0 0 0 0 0 0 0 0 0 0 0 0 0 29 64 0 0 0 0 0 0 0 0 0 0 0 0 0 0 0 0 1 1 1 1 71 255 165 2 1 1 1 1 1 1 1 1 4 1 1 1 0 0 0 1 0 0 0 0 1 1 0 1 1 72 6 1 1 1 1 1 1 1 1 1 1 1 1 1 1 1 1 1 1 1 1 1 1 1 12 1 1 1 1 1 0 0 0 0 0 0 0 0 0 1 1 0 0 0 0 0 0 0 0 0 0 0 0 0 0 0 0 0 0 0 1 1 1 1 1 1 1 1 1 1 23 255 255 235 33 1 1 0 1 1 0 0 0 0 0 0 0 0 0 0 0 0 0 0 1 1 1 1 0 1 1 1 1 1 1 1 1 1 33 238 255 162 5 1 1 1 1 2 2 4 5 6 7 5 3 2 1 1 1 1 1 1 1 1 1 1 1 1 1 1 1 1 1 1 1 1 1 1 1 0 0 0 0 0 0 0 0 1 199 139 1 0 0 0 0 0 0 0 0 0 0 0 0 0 0 0 0 0 0 1 1 1 1 1 0 0 0 0 1 3 140 242 255 237 99 1 1 0 0 0 0 0 0 0 0 0 0 0 0 0 0 0 0 0 0 0 0 0 0 0 0 0 0 0 0 0 0 0 0 0 0 0 0 0 0 0 0 0 0 0 0 0 0 0 0 0 0 0 0 0 0 0 0 0 1 1 1 123 224 1 1 1 0 0 0 0 0 0 0 0 0 0 0 0 0 0 1 6 6 0 0 0 0 0 0
1 0 1 1 1 1 59 6 1 1 1 0 0 0 0 0 0 0 0 0 0 0 0 0 1 1 3 2 1 1 1 0 0 0 0 0 0 0 0 0 1 2 1 1 1 2 1 0 0 0 0 0 2 1 1 37 11 1 1 1 1 0 0 0 0 0 0 0 1 1 2 1 1 2 141 251 10 1 2 1 1 1 0 0 1 0 0 0 0 0 0 0 0 1 2 1 1 1 2 1 1 1 1 255 255 1 1 1 1 1 0 0 0 0 0 0 0 0 0 0 0 0 0 0 0 0 0 0 0 0 0 0 0 0 0 0 0 0 0 0 0 0 1 0 1 32 141 59 1 1 1 0 0 0 0 0 0 0 0 0 0 0 0 0 0 0 0 0 0 0 0 0 0 0 1 92 5 0 0 0 0 0 0 0 0 0 0 0 0 0 0 0 1 1 1 1 9 255 255 4 1 1 1 1 1 1 1 1 1 4 1 1 1 1 1 1 1 0 0 0 1 1 0 0 1 1 75 5 1 1 1 1 1 1 1 1 1 0 0 0 1 1 1 1 1 1 1 1 0 1 1 13 1 1 1 0 0 0 0 0 0 0 0 0 0 0 1 1 0 0 0 0 0 0 0 0 0 0 0 0 0 0 0 0 0 0 1 1 1 1 1 0 1 1 1 1 3 255 255 253 130 1 1 0 0 1 0 0 0 0 0 0 0 0 0 0 0 0 0 0 0 0 1 1 2 1 1 1 1 1 1 1 1 1 0 1 1 1 1 1 1 1 1 1 1 1 1 1 1 1 1 1 1 1 1 1 1 1 0 0 0 0 0 0 0 0 0 0 0 0 0 0 0 0 0 0 0 0 0 0 0 0 0 0 1 104 218 1 0 0 0 0 0 0 0 0 0 0 0 0 0 0 0 0 0 0 0 0 0 0 0 1 1 1 1 1 0 1 1 44 223 255 245 120 1 0 0 0 0 0 0 0 0 0 0 0 0 0 0 0 0 0 0 0 0 0 0 0 0 0 0 0 0 0 0 0 0 0 0 0 0 0 0 0 0 0 0 0 0 0 0 0 0 0 0 0 0 0 0 0 0 0 1 1 1 174 196 1 1 1 0 0 0 0 0 0 0 0 0 0 0 0 0 3 10 1 0 0 0 0 0 0
1 1 1 1 1 1 24 37 1 1 1 0 0 0 0 0 0 0 0 0 0 0 0 0 0 0 1 1 3 2 1 1 1 0 0 0 0 0 0 0 1 2 1 1 2 1 0 0 0 0 0 0 2 1 1 25 23 1 1 1 1 1 1 1 1 1 0 0 0 1 1 3 1 1 3 214 234 4 1 2 1 1 1 0 1 1 0 0 0 0 0 0 1 1 2 3 2 1 1 1 1 1 29 255 52 1 1 1 1 0 0 0 0 0 0 0 0 0 0 0 0 0 0 0 0 0 0 0 0 0 0 0 0 0 0 0 0 0 0 0 0 1 1 2 107 111 3 1 1 0 0 0 0 0 0 0 0 0 0 0 0 0 0 0 0 0 0 0 0 0 0 0 0 0 1 101 1 0 0 0 0 0 0 0 0 0 0 0 0 0 0 0 1 1 1 3 255 255 13 1 1 1 1 0 1 1 1 0 1 3 1 0 0 0 1 1 1 1 1 1 1 1 1 1 1 1 75 4 1 0 0 0 0 1 0 0 1 1 1 1 1 1 1 1 1 1 0 0 0 1 2 12 1 0 0 0 0 0 0 0 0 0 0 0 0 0 1 1 0 0 0 0 0 0 0 0 0 0 0 0 0 0 0 0 0 1 1 0 1 1 1 1 1 1 1 1 255 255 255 188 1 1 0 0 1 0 0 0 0 0 0 0 0 0 0 0 0 0 0 0 0 0 1 1 2 1 1 1 1 0 0 1 1 0 0 0 1 1 1 1 1 1 1 1 1 1 1 0 0 0 0 0 0 0 0 0 0 0 0 0 0 0 0 0 0 0 0 0 0 0 0 0 0 0 0 0 0 0 0 0 0 0 0 0 1 11 240 1 0 0 0 0 0 0 0 0 0 0 0 0 0 0 0 0 0 0 0 0 0 0 0 0 0 0 0 1 1 1 1 1 1 10 196 255 242 78 1 0 0 0 0 0 0 0 0 0 0 0 0 0 0 0 0 0 0 0 0 0 0 0 0 0 0 0 0 0 0 0 0 0 0 0 0 0 0 0 0 0 0 0 0 0 0 0 0 0 0 0 0 0 0 0 0 1 1 1 206 162 1 1 1 0 0 0 0 0 0 0 0 0 0 0 1 15 1 0 0 0 0 0 0 0
0 1 1 1 1 1 4 62 1 1 1 0 0 0 0 0 0 0 0 0 0 0 0 0 0 0 0 1 1 1 3 2 1 1 1 0 0 0 0 1 1 2 1 0 2 1 0 0 0 0 0 0 1 1 0 13 38 1 1 1 1 1 1 1 1 1 1 0 0 1 1 1 2 1 1 5 243 183 3 2 1 1 1 1 1 1 1 0 0 0 0 1 1 2 1 1 4 1 1 0 1 1 255 255 1 0 1 1 0 0 0 0 0 0 0 0 0 0 0 0 0 0 0 0 0 0 0 0 0 0 0 0 0 0 0 0 0 0 0 0 0 1 23 136 38 1 1 0 0 0 0 0 0 0 0 0 0 0 0 0 0 0 0 0 0 0 0 0 0 0 0 0 0 0 3 97 0 0 0 0 0 0 0 0 0 0 0 0 0 0 0 1 1 1 1 194 255 70 2 1 1 1 0 1 1 1 0 0 1 3 1 0 0 0 0 0 0 0 0 0 1 0 0 0 1 1 78 3 1 1 1 1 1 1 0 0 1 1 1 1 1 1 1 1 0 0 0 0 0 1 2 12 1 0 0 1 1 1 1 0 0 0 0 0 0 1 1 1 0 0 0 0 0 0 0 0 0 0 0 0 0 0 0 0 0 1 0 0 1 1 0 1 1 1 1 183 255 255 200 32 1 0 0 1 0 0 0 0 0 0 0 0 0 0 0 0 0 0 0 0 0 0 0 1 1 1 1 1 1 0 1 1 0 0 0 0 0 0 0 0 0 0 0 0 0 0 0 0 0 0 0 0 0 0 0 0 0 0 0 0 0 0 0 0 0 0 0 0 0 0 0 0 0 0 0 0 0 0 0 0 0 0 0 0 1 1 235 34 1 0 0 0 0 0 0 0 0 0 0 0 0 0 0 0 0 0 0 0 0 0 0 0 0 0 0 0 0 0 0 1 1 1 1 9 207 255 203 3 1 0 0 0 0 0 0 0 0 0 0 0 0 0 0 0 0 0 0 0 0 0 0 0 0 0 0 0 0 0 0 0 0 0 0 0 0 0 0 0 0 0 0 0 0 0 0 0 0 0 0 0 1 1 1 1 1 1 1 221 139 1 1 1 0 0 0 0 0 0 0 0 0 1 16 1 0 0 0 0 0 0 0 0
0 0 1 1 1 1 1 61 5 1 1 0 0 0 0 0 0 0 0 0 0 0 0 0 0 0 0 0 0 0 0 1 2 3 3 2 1 1 1 1 2 1 0 1 2 1 0 0 0 0 0 0 1 1 0 5 55 1 1 3 6 3 1 1 1 1 1 1 1 1 1 1 3 1 1 1 12 253 121 3 2 1 1 1 1 0 1 1 0 1 1 2 6 5 6 5 4 8 5 1 1 45 255 100 1 0 1 1 1 0 0 0 0 0 0 0 0 0 0 0 0 0 0 0 0 0 0 0 0 0 0 0 0 0 0 0 0 0 0 0 1 74 121 4 1 0 0 0 0 0 0 0 0 0 0 0 0 0 0 0 0 0 0 0 0 0 0 0 0 0 0 0 0 0 45 48 0 0 0 0 0 0 0 0 0 0 0 0 0 0 1 1 1 1 53 255 213 3 1 1 1 0 0 0 1 1 0 0 1 3 1 0 0 0 0 0 0 0 0 0 1 0 0 0 1 2 78 2 1 1 1 1 1 1 1 1 1 1 1 1 0 0 0 0 0 0 0 0 0 1 2 12 1 0 1 1 0 0 1 1 0 0 0 0 0 1 1 1 0 0 0 0 0 0 0 0 0 0 0 0 0 0 0 0 1 0 0 1 1 1 1 1 1 1 27 255 255 200 124 1 1 0 1 1 0 0 0 0 0 0 0 0 0 0 0 0 0 0 0 0 0 0 0 1 1 2 1 1 1 0 1 1 0 0 0 0 0 0 0 0 0 0 0 0 0 0 0 0 0 0 0 0 0 0 0 0 0 0 0 0 0 0 0 0 0 0 0 0 0 0 0 0 0 0 0 0 0 0 0 0 0 0 0 0 1 1 139 201 1 1 0 0 0 0 0 0 0 0 0 0 0 0 0 0 0 0 0 0 0 0 0 0 0 0 0 0 0 0 0 0 0 0 0 0 1 57 242 245 55 1 0 0 0 0 0 0 0 0 0 0 0 0 0 0 0 0 0 0 0 0 0 0 0 0 0 0 0 0 0 0 0 0 0 0 0 0 0 0 0 0 0 0 0 0 0 0 0 0 0 0 0 0 0 0 0 0 1 2 226 118 1 1 1 0 0 1 1 1 1 1 1 11 3 0 0 0 0 0 0 0 0 0
0 0 0 1 1 1 1 31 31 1 1 1 0 0 0 0 0 0 0 0 0 0 0 0 0 0 0 0 0 0 0 0 0 0 1 1 2 3 3 2 4 1 1 2 1 1 0 0 0 0 0 0 1 2 0 1 64 12 174 255 255 255 212 6 1 1 1 1 1 1 0 1 2 1 1 1 1 38 253 90 4 1 1 1 1 1 0 1 1 2 6 4 1 1 1 1 1 1 3 9 7 255 255 2 0 1 1 0 1 1 0 0 0 0 0 0 0 0 0 0 0 0 0 0 0 0 0 0 0 0 0 0 0 0 0 0 0 0 1 2 107 81 1 1 0 0 0 0 0 0 0 0 0 0 0 0 0 0 0 0 0 0 0 0 0 0 0 0 0 0 0 0 0 1 97 3 0 0 0 0 0 0 0 0 0 0 0 0 0 1 1 1 1 9 255 255 7 1 1 1 0 0 0 1 1 0 0 0 1 2 1 0 0 0 0 0 0 0 0 0 1 0 0 0 1 2 77 2 1 1 1 1 1 1 1 1 1 1 1 1 1 1 1 1 1 1 1 1 1 1 3 14 2 2 2 1 1 1 1 1 1 1 0 0 1 1 1 1 0 0 0 0 0 0 0 0 0 0 0 0 0 0 0 1 1 0 0 1 1 1 1 1 1 2 255 255 242 176 1 1 0 1 1 0 0 0 0 0 0 0 0 0 0 0 0 0 0 0 0 0 0 0 0 1 1 2 1 1 1 0 1 0 0 0 0 0 0 0 0 0 0 0 0 0 0 0 0 0 0 0 0 0 0 0 0 0 0 0 0 0 0 0 0 0 0 0 0 0 0 0 0 0 0 0 0 0 0 0 0 0 0 0 0 0 0 1 4 235 27 1 0 0 0 0 0 0 0 0 0 0 0 0 0 0 0 0 0 0 0 0 0 0 0 0 0 0 0 0 0 0 0 0 0 0 0 1 2 192 253 138 1 0 0 0 0 0 0 0 0 0 0 0 0 0 0 0 0 0 0 0 0 0 0 0 0 0 0 0 0 0 0 0 0 0 0 0 0 0 0 0 0 0 0 0 0 0 0 0 0 0 0 0 0 0 0 0 0 1 3 231 101 1 1 1 1 1 0 0 0 1 5 7 0 0 0 0 0 0 0 0 0 0
0 0 0 1 0 1 1 5 61 1 1 1 0 0 0 0 0 0 0 0 0 0 0 0 0 0 0 0 0 0 0 0 0 0 0 0 0 0 1 3 3 4 4 5 2 1 1 1 1 0 0 0 1 2 1 1 19 248 255 255 255 255 255 255 29 1 1 1 1 1 0 0 2 2 1 1 1 1 58 253 105 4 1 1 1 1 1 3 6 4 1 1 1 0 1 1 1 1 1 1 150 255 70 1 0 1 1 0 0 1 1 1 0 0 0 0 0 0 0 0 0 0 0 0 0 0 0 0 0 0 0 0 0 0 0 0 0 1 4 126 40 1 0 0 0 0 0 0 0 0 0 0 0 0 0 0 0 0 0 0 0 0 0 0 0 0 0 0 0 0 0 0 0 1 102 1 0 0 0 0 0 0 0 0 0 0 0 0 1 1 1 1 3 255 255 27 1 1 1 0 0 0 0 1 0 0 0 0 1 2 1 0 0 0 0 0 0 0 0 0 1 0 0 0 1 2 76 2 1 1 1 1 1 1 1 1 1 1 1 1 1 1 1 1 1 1 1 1 1 1 2 8 4 5 5 6 6 7 7 8 7 4 1 1 1 1 1 0 0 0 0 0 0 0 0 0 0 0 0 0 0 0 1 1 0 0 1 1 1 1 1 1 1 253 255 255 176 28 1 0 1 1 0 0 0 0 0 0 0 0 0 0 0 0 0 0 0 0 0 0 0 0 0 0 1 1 1 1 1 1 1 0 0 0 0 0 0 0 0 0 0 0 0 0 0 0 0 0 0 0 0 0 0 0 0 0 0 0 0 0 0 0 0 0 0 0 0 0 0 0 0 0 0 0 0 0 0 0 0 0 0 0 0 0 0 1 1 117 213 1 1 0 0 0 0 0 0 0 0 0 0 0 0 0 0 0 0 0 0 0 0 0 0 0 0 0 0 0 0 0 0 0 0 0 0 0 1 1 106 252 206 2 0 0 0 0 0 0 0 0 0 0 0 0 0 0 0 0 0 0 0 0 0 0 0 0 0 0 0 0 0 0 0 0 0 0 0 0 0 0 0 0 0 0 0 0 0 0 0 0 0 0 0 0 0 0 0 0 1 5 233 97 1 1 1 1 0 0 1 2 11 1 1 1 0 0 0 0 0 0 0 0
0 0 0 1 0 1 1 2 63 4 1 1 0 0 0 0 0 0 0 0 0 0 0 0 0 0 0 0 0 0 0 0 0 0 0 0 0 1 2 1 1 1 1 2 2 3 3 4 3 3 2 1 1 4 4 4 39 255 255 234 127 147 255 255 255 81 2 1 1 1 0 0 1 1 1 1 1 1 1 49 253 141 16 3 1 3 6 3 1 1 1 1 1 1 1 1 1 1 1 2 255 255 1 1 0 1 1 0 0 0 0 1 1 0 0 0 0 0 0 0 0 0 0 0 0 0 0 0 0 0 0 0 0 0 0 0 0 7 131 17 1 0 0 0 0 0 0 0 0 0 0 0 0 0 0 0 0 0 0 0 0 0 0 0 0 0 0 0 0 0 0 0 0 5 93 0 0 0 0 0 0 0 0 0 0 0 0 1 1 1 1 1 165 255 111 2 1 1 1 0 0 0 1 1 0 0 0 0 1 2 1 0 0 0 0 0 0 0 0 0 1 0 0 0 1 2 75 1 1 1 1 1 1 1 0 0 0 0 0 0 0 0 0 0 0 0 0 0 0 1 3 5 1 1 1 1 1 1 1 1 1 3 6 8 2 1 1 1 0 0 0 0 0 1 1 0 0 1 0 0 0 0 1 0 1 1 1 1 1 1 1 1 47 255 255 161 115 1 1 1 1 0 0 0 0 0 0 0 0 0 0 0 0 0 0 0 0 0 0 0 0 0 0 0 1 1 1 1 1 1 1 0 0 0 0 0 0 0 0 0 0 0 0 0 0 0 0 0 0 0 0 0 0 0 0 0 0 0 0 0 0 0 0 0 0 0 0 0 0 0 0 0 0 0 0 0 0 0 0 0 0 0 0 0 0 1 1 2 227 76 1 0 0 0 0 0 0 0 0 0 0 0 0 0 0 0 0 0 0 0 0 0 0 0 0 0 0 0 0 0 0 0 0 0 0 0 0 0 1 26 243 240 23 1 0 0 0 0 0 0 0 0 0 0 0 0 0 0 0 0 0 0 0 0 0 0 0 0 0 0 0 0 0 0 0 0 0 0 0 0 0 0 0 0 0 0 0 0 0 0 0 0 0 0 0 0 0 0 0 1 6 233 110 1 1 1 1 0 1 15 1 0 0 1 1 1 0 0 0 0 0 0
1 0 0 1 1 0 1 1 40 21 1 1 1 0 0 0 0 0 0 0 0 0 0 0 0 0 0 0 0 0 0 0 0 0 0 0 0 1 2 1 1 1 1 1 1 1 1 1 1 2 2 3 5 3 1 1 245 255 251 37 11 8 15 109 255 255 172 4 1 1 1 0 1 1 1 1 1 1 1 1 35 253 251 85 9 3 1 1 1 1 1 1 1 1 1 1 1 0 1 255 255 10 1 1 1 1 0 0 0 0 0 0 1 1 0 0 0 0 0 0 0 0 0 0 0 0 0 0 0 0 0 0 0 0 0 1 10 131 9 0 0 0 0 0 0 0 0 0 0 0 0 0 0 0 0 0 0 0 0 0 0 0 0 0 0 0 0 0 0 0 0 0 1 65 29 0 0 0 0 0 0 0 0 0 0 0 0 1 1 1 1 40 255 242 4 1 1 1 1 1 1 1 1 0 0 0 0 1 1 2 1 0 0 0 0 0 0 0 0 0 1 0 0 0 1 2 73 1 1 1 1 1 1 0 0 0 0 0 0 0 0 0 0 0 0 0 0 0 0 1 4 4 1 0 1 0 0 0 0 0 1 2 22 9 18 16 9 12 25 29 25 22 20 19 16 13 11 8 5 4 2 2 2 1 1 1 1 1 1 1 1 2 255 255 216 172 1 1 1 1 0 0 0 0 0 0 0 0 0 0 0 0 0 0 0 0 0 0 0 0 0 0 0 0 1 1 1 1 1 1 1 0 0 0 0 0 0 0 0 0 0 0 0 0 0 0 0 0 0 0 0 0 0 0 0 0 0 0 0 0 0 0 0 0 0 0 0 0 0 0 0 0 0 0 0 0 0 0 0 0 0 0 0 0 0 0 1 1 62 232 2 1 0 0 0 0 0 0 0 0 0 0 0 0 0 0 0 0 0 0 0 0 0 0 0 0 0 0 0 0 0 0 0 0 0 0 0 0 0 1 2 214 252 94 1 0 0 0 0 0 0 0 0 0 0 0 0 0 0 0 0 0 0 0 0 0 0 0 0 0 0 0 0 0 0 0 0 0 0 0 0 0 0 0 0 0 0 0 0 0 0 0 0 0 0 0 0 0 0 0 1 5 228 179 2 1 1 1 15 1 0 0 0 0 0 1 1 1 0 0 0 0
1 1 0 0 1 0 1 1 11 52 1 1 1 0 0 0 0 0 0 0 0 0 0 0 0 0 0 0 0 0 0 0 0 0 0 0 1 2 1 1 0 0 1 1 1 0 1 1 1 1 1 1 1 1 1 1 255 255 170 14 4 2 2 4 35 255 255 255 33 3 1 1 1 1 1 1 1 0 0 1 1 16 184 245 12 1 1 1 1 1 1 1 1 1 1 1 1 1 58 255 191 1 1 0 1 1 1 0 0 0 0 0 0 1 1 0 0 0 0 0 0 0 0 0 0 0 0 0 0 0 0 0 0 0 1 11 129 6 0 0 0 0 0 0 0 0 0 0 0 0 0 0 0 0 0 0 0 0 0 0 0 0 0 0 0 0 0 0 0 0 0 0 1 101 1 0 0 0 0 0 0 0 0 0 0 0 1 1 1 1 7 255 255 14 1 1 1 1 1 1 1 1 0 0 0 0 1 1 1 2 1 0 0 0 0 0 0 0 0 0 1 0 0 0 1 3 71 1 1 1 1 1 1 1 0 0 0 0 0 0 0 0 0 0 0 0 0 0 0 1 5 4 1 0 1 0 0 0 0 0 0 5 14 2 9 36 50 48 40 38 42 48 52 57 61 66 77 86 90 94 96 96 97 97 95 93 90 91 90 55 4 255 255 255 172 20 1 1 1 0 0 0 0 0 0 0 0 0 0 0 0 0 0 0 0 0 0 0 0 0 0 0 0 0 1 1 1 1 1 1 1 0 0 0 0 0 0 0 0 0 0 0 0 0 0 0 0 0 0 0 0 0 0 0 0 0 0 0 0 0 0 0 0 0 0 0 0 0 0 0 0 0 0 0 0 0 0 0 0 0 0 0 0 0 0 0 1 1 1 204 136 1 0 0 0 0 0 0 0 0 0 0 0 0 0 0 0 0 0 0 0 0 0 0 0 0 0 0 0 0 0 0 0 0 0 0 0 0 0 0 0 1 147 253 172 1 0 0 0 0 0 0 0 0 0 0 0 0 0 0 0 0 0 0 0 0 0 0 0 0 0 0 0 0 0 0 0 0 0 0 0 0 0 0 0 0 0 0 0 0 0 0 0 0 0 0 0 0 0 0 0 0 1 193 238 67 1 12 2 1 1 1 1 1 1 1 0 1 1 1 0 0
1 1 1 0 1 0 1 1 2 62 4 1 1 0 0 0 0 0 0 0 0 1 1 0 0 0 0 0 0 0 0 0 0 0 0 1 2 1 1 1 1 0 1 1 0 0 1 1 1 0 0 1 1 2 1 1 255 255 176 16 3 2 1 1 2 9 251 255 255 255 43 5 2 2 1 1 1 1 0 1 2 12 13 245 189 8 2 1 1 1 1 1 1 1 1 1 1 2 255 255 2 1 1 1 1 0 1 1 0 0 0 0 0 0 1 1 0 0 0 0 0 0 0 0 0 0 0 0 0 0 0 0 0 0 11 129 5 0 0 0 0 0 0 0 0 0 0 0 0 0 0 0 0 0 0 0 0 0 0 0 0 0 0 0 0 0 0 0 0 0 0 0 1 101 1 0 0 0 0 0 0 0 0 0 0 1 1 1 1 2 245 255 54 2 1 1 1 0 1 1 1 1 0 0 0 1 1 0 1 2 1 0 0 0 0 0 0 0 0 0 1 0 0 0 1 5 66 1 1 1 1 1 1 1 1 1 0 0 0 0 0 0 0 0 0 0 0 0 0 1 6 3 0 1 1 0 0 0 0 0 1 22 16 18 10 1 1 1 1 1 1 1 1 1 1 1 1 1 1 2 2 2 3 3 4 7 18 34 46 86 167 255 255 149 103 1 1 1 0 0 0 0 0 0 0 0 0 0 0 0 0 0 0 0 0 0 0 0 0 0 0 0 0 0 1 1 1 1 1 1 1 0 0 0 0 0 0 0 0 0 0 0 0 0 0 0 0 0 0 0 0 0 0 0 0 0 0 0 0 0 0 0 0 0 0 0 0 0 0 0 0 0 0 0 0 0 0 0 0 0 0 0 0 0 0 0 0 1 1 14 237 7 1 0 0 0 0 0 0 0 0 0 0 0 0 0 0 0 0 0 0 0 0 0 0 0 0 0 0 0 0 0 0 0 0 0 0 0 0 0 0 0 1 69 250 232 11 1 0 0 0 0 0 0 0 0 0 0 0 0 0 0 0 0 0 0 0 0 0 0 0 0 0 0 0 0 0 0 0 0 0 0 0 0 0 0 0 0 0 0 0 0 0 0 0 0 0 0 0 0 0 0 0 1 49 237 226 45 1 1 1 1 1 1 1 1 1 1 1 2 2 1
1 1 1 1 1 1 1 1 1 46 15 1 1 1 0 0 0 0 0 0 1 1 1 1 0 0 0 0 0 0 0 0 0 0 1 2 1 1 1 0 1 1 1 0 0 0 1 1 1 1 0 1 1 1 1 1 190 255 255 36 5 2 1 1 1 1 2 43 255 255 255 255 199 33 5 2 1 1 1 1 10 2 1 9 243 206 14 2 1 1 1 1 1 1 1 1 1 255 255 12 1 0 1 1 1 0 1 0 0 0 0 0 0 0 0 0 1 1 0 0 0 0 0 0 0 0 0 0 0 0 0 0 1 9 130 6 1 0 0 0 0 0 0 0 0 0 0 0 0 0 0 0 0 0 0 0 0 0 0 0 0 0 0 0 0 0 0 0 0 0 0 0 11 86 0 0 0 0 0 0 0 0 0 0 0 1 1 1 1 121 255 170 3 1 1 1 1 1 1 1 1 1 0 0 1 0 0 0 1 2 1 0 0 0 0 0 0 1 0 0 1 0 0 0 1 7 60 1 1 1 1 1 0 0 1 1 1 1 0 0 0 0 0 0 0 0 0 0 0 1 8 3 0 1 0 0 0 0 1 1 20 17 1 1 1 1 1 0 0 0 0 0 0 0 0 0 0 0 0 1 1 0 1 1 2 4 9 2 1 6 255 255 186 163 1 1 1 0 0 0 0 0 0 0 0 0 0 0 0 0 0 0 0 0 0 0 0 0 0 0 0 0 0 0 0 1 1 1 1 1 1 0 0 0 0 0 0 0 0 0 0 0 0 0 0 0 0 0 0 0 0 0 0 0 0 0 0 0 0 0 0 0 0 0 0 0 0 0 0 0 0 0 0 0 0 0 0 0 0 0 0 0 0 0 0 0 0 1 1 1 158 190 1 0 0 0 0 0 0 0 0 0 0 0 0 0 0 0 0 0 0 0 0 0 0 0 0 0 0 0 0 0 0 0 0 0 0 0 0 0 0 0 0 1 9 230 252 117 1 1 0 0 0 0 0 0 0 0 0 0 0 0 0 0 0 0 0 0 0 0 0 0 0 0 0 0 0 0 0 0 0 0 0 0 0 0 0 0 0 0 0 0 0 0 0 0 0 0 0 0 0 0 0 0 1 2 131 242 240 148 14 7 28 94 164 219 238 244 244 244 244 240
1 1 0 0 0 1 0 1 1 13 47 2 1 1 0 0 0 0 0 0 1 1 1 1 0 0 0 0 0 0 0 0 0 0 2 2 1 1 1 0 0 0 1 1 1 1 1 1 0 1 1 0 1 1 1 1 18 255 255 208 23 4 2 1 1 1 1 1 3 38 255 255 255 255 255 255 108 15 4 11 2 1 1 1 6 237 227 29 3 2 1 1 1 1 1 1 12 255 215 1 1 1 1 1 1 1 1 0 0 0 0 0 0 0 0 0 0 1 1 0 0 0 0 0 0 0 0 0 0 0 0 1 7 130 7 1 0 0 0 0 0 0 0 0 0 0 0 0 0 0 0 0 0 0 0 0 0 0 0 0 0 0 0 0 0 0 0 0 0 0 0 1 83 12 0 0 0 0 0 0 0 0 0 0 1 1 1 1 28 255 255 7 1 1 1 1 1 1 1 1 1 0 0 0 0 0 0 1 1 2 1 1 1 1 1 1 1 1 0 1 1 0 0 0 1 11 54 1 1 1 1 1 1 1 1 1 1 1 1 0 0 0 0 0 0 0 0 0 0 1 9 2 0 1 0 0 0 1 1 23 12 1 1 1 1 0 0 0 0 0 0 0 0 0 0 0 0 1 1 1 0 0 1 5 4 9 1 1 1 255 255 255 163 11 1 1 0 0 0 0 0 0 0 0 0 0 0 0 0 0 0 0 0 0 0 0 0 0 0 0 0 0 0 0 0 1 1 1 1 1 1 0 0 0 0 0 0 0 0 0 0 0 0 0 0 0 0 0 0 0 0 0 0 0 0 0 0 0 0 0 0 0 0 0 0 0 0 0 0 0 0 0 0 0 0 0 0 0 0 0 0 0 0 0 0 0 0 0 1 1 2 235 44 1 0 0 0 0 0 0 0 0 0 0 0 0 0 0 0 0 0 0 0 0 0 0 0 0 0 0 0 0 0 0 0 0 0 0 0 0 0 0 0 0 0 1 155 253 232 33 1 0 0 0 0 0 0 0 0 0 0 0 0 0 0 0 0 0 0 0 0 0 0 0 0 0 0 0 0 0 0 0 0 0 0 0 0 0 0 0 0 0 0 0 0 0 0 0 0 0 0 0 0 1 1 1 1 1 49 217 244 244 242 234 208 148 71 13 2 1 1 34
1 1 1 0 0 1 1 1 1 2 52 10 1 1 1 1 0 0 0 0 1 0 0 0 0 0 0 0 0 0 0 0 0 1 2 1 1 1 0 0 0 0 0 1 1 1 1 1 0 0 1 1 1 1 1 1 9 132 255 255 215 26 4 2 1 1 1 1 1 1 2 8 50 250 255 255 255 255 255 245 31 2 1 1 1 4 218 253 140 14 2 1 1 1 1 1 255 255 2 1 1 1 1 1 0 1 1 1 1 1 1 0 0 0 1 1 1 1 1 1 0 0 0 0 0 0 0 0 0 0 1 7 129 10 1 0 0 0 0 0 0 0 0 0 0 0 0 0 0 0 0 0 0 0 0 0 0 0 0 0 0 0 0 0 0 0 0 0 0 0 0 1 103 1 0 0 0 0 0 0 0 0 0 1 1 1 1 5 255 255 18 1 1 1 1 1 1 1 1 1 1 0 0 0 0 0 0 1 1 2 1 1 1 1 1 1 1 1 1 1 1 1 1 1 1 15 47 1 1 1 0 0 0 0 0 0 0 1 1 1 1 0 0 0 0 0 0 0 0 1 10 2 0 1 0 1 1 2 25 8 1 1 1 1 0 0 0 0 0 0 0 0 0 0 0 1 1 1 1 0 0 1 4 1 3 1 1 1 59 255 255 128 88 1 1 0 0 0 0 0 0 0 0 0 0 0 0 0 0 0 0 0 0 0 0 0 0 0 0 0 0 0 0 0 0 1 1 1 1 1 1 0 0 0 0 0 0 0 0 0 0 0 0 0 0 0 0 0 0 0 0 0 0 0 0 0 0 0 0 0 0 0 0 0 0 0 0 0 0 0 0 0 0 0 0 0 0 0 0 0 0 0 0 0 0 0 0 0 0 1 1 87 225 2 0 0 0 0 0 0 0 0 0 0 0 0 0 0 0 0 0 0 0 0 0 0 0 0 0 0 0 0 0 0 0 0 0 0 0 0 0 0 0 0 0 0 1 28 230 255 219 29 1 1 0 0 0 0 0 0 0 0 0 0 0 0 0 0 0 0 0 0 0 0 0 0 0 0 0 0 0 0 0 0 0 0 0 0 0 0 0 0 0 0 0 0 0 0 0 0 0 0 1 1 1 0 1 1 0 1 1 1 1 1 1 1 1 1 1 1 1 1
2 1 1 0 0 0 1 1 1 1 8 45 8 1 1 1 1 1 0 1 1 0 0 0 0 0 0 0 0 0 0 0 1 2 1 1 1 0 0 0 0 1 1 1 1 1 1 1 1 1 1 1 1 1 1 4 6 33 135 255 255 245 36 4 2 1 1 1 1 1 1 1 1 2 5 18 130 255 255 255 255 255 7 1 1 1 3 97 251 253 135 11 2 1 1 35 255 131 1 1 1 1 1 1 1 1 0 0 0 0 1 1 1 1 1 0 0 1 1 1 1 0 0 1 1 1 1 1 1 1 11 129 11 1 0 0 0 0 0 0 0 0 0 0 0 0 0 0 0 0 0 0 0 0 0 0 0 0 0 0 0 0 0 0 0 0 0 0 0 0 1 2 100 1 0 0 0 0 0 0 0 0 1 1 1 1 2 234 255 64 2 1 1 1 1 1 1 1 1 1 0 0 0 0 0 0 0 1 1 2 1 1 1 1 1 1 1 0 1 1 0 0 0 0 1 18 40 1 1 0 0 0 0 0 0 0 0 0 1 1 1 1 0 0 0 0 0 0 0 1 11 2 0 1 1 1 2 26 5 1 1 1 1 1 0 0 0 0 0 0 0 0 0 0 0 1 0 1 1 0 0 1 3 3 1 1 1 2 255 255 147 153 1 1 0 0 0 0 1 0 0 0 0 0 0 0 0 0 0 0 0 0 0 0 0 0 0 0 0 0 0 0 0 0 0 1 1 1 1 1 1 0 0 0 0 0 0 0 0 0 0 0 0 0 0 0 0 0 0 0 0 0 0 0 0 0 0 0 0 0 0 0 0 0 0 0 0 0 0 0 0 0 0 0 0 0 0 0 0 0 0 0 0 0 0 0 0 0 0 1 1 1 210 127 1 0 0 0 0 0 0 0 0 0 0 0 0 0 0 0 0 0 0 0 0 0 0 0 0 0 0 0 0 0 0 0 0 0 0 0 0 0 0 0 0 0 0 1 1 92 240 255 233 105 2 1 0 0 0 0 0 0 0 0 0 0 0 0 0 0 0 0 0 0 0 0 0 0 0 0 0 0 0 0 0 0 0 0 0 0 0 0 0 0 0 0 0 0 0 0 0 1 2 1 0 0 0 1 1 1 1 0 0 0 1 1 1 1 1 1 1 1
3 1 1 1 0 0 0 0 1 1 1 10 45 12 1 1 1 1 1 1 1 1 1 1 1 0 0 0 0 0 0 0 1 2 1 1 1 0 0 0 1 1 0 0 1 1 1 1 1 2 6 15 20 14 9 14 11 22 5 100 255 255 255 58 5 2 1 1 1 1 1 1 1 1 1 1 1 3 9 39 253 255 255 11 1 1 1 1 4 107 253 253 138 9 2 255 255 2 1 1 1 1 1 1 1 1 1 1 1 1 1 1 1 1 1 1 1 1 1 1 1 1 1 1 1 1 1 3 4 34 132 11 1 1 1 1 1 0 0 0 0 0 0 0 0 0 0 0 0 0 0 0 0 0 0 0 0 0 0 0 0 0 0 0 0 0 0 0 0 0 1 39 55 0 0 0 0 0 0 0 0 0 1 0 1 1 95 255 183 2 1 1 1 1 1 0 1 1 1 1 0 0 0 0 0 0 0 1 1 2 1 0 0 0 1 1 1 0 1 1 0 0 0 0 1 22 34 1 1 0 0 0 0 0 0 0 0 0 0 0 1 1 1 1 0 0 0 0 0 1 12 1 0 1 1 3 26 4 1 1 0 0 1 1 0 0 0 0 0 0 0 0 0 0 1 1 0 1 0 0 1 2 2 2 1 1 1 255 255 255 163 9 1 0 0 0 0 0 1 0 0 0 0 0 0 0 0 0 0 0 0 0 0 0 0 0 0 0 0 0 0 0 0 0 1 1 1 1 1 1 1 0 0 0 0 0 0 0 0 0 0 0 0 0 0 0 0 0 0 0 0 0 0 0 0 0 0 0 0 0 0 0 0 0 0 0 0 0 0 0 0 0 0 0 0 0 0 0 0 0 0 0 0 0 0 0 0 0 0 0 1 1 18 237 11 1 0 0 0 0 0 0 0 0 0 0 0 0 0 0 0 0 0 0 0 0 0 0 0 0 0 0 0 0 0 0 0 0 0 0 0 0 0 0 0 0 0 0 0 1 1 86 228 255 249 202 39 1 1 0 0 0 0 0 0 0 0 0 0 0 0 0 0 0 0 0 0 0 0 0 0 0 0 0 0 0 0 0 0 0 0 0 0 0 0 0 0 0 0 0 1 2 1 0 0 0 0 0 0 0 1 1 1 1 0 0 1 1 1 1 1 1
12 1 1 1 1 0 0 0 1 1 1 1 6 43 18 2 1 1 1 1 1 1 1 1 1 1 1 0 0 0 0 1 2 1 1 1 0 1 1 1 1 1 1 1 1 2 3 9 18 21 14 6 4 11 20 25 15 2 2 4 66 255 255 255 82 6 2 1 1 1 0 1 1 1 1 1 1 1 1 1 4 108 255 255 16 1 1 1 1 1 4 100 251 253 135 255 118 1 1 1 1 1 1 1 1 1 1 1 1 1 1 1 1 1 1 1 1 1 1 1 1 2 15 106 245 255 255 255 255 255 255 64 3 1 1 1 1 1 1 1 1 0 0 0 0 0 0 0 0 0 0 0 0 0 0 0 0 0 0 0 0 0 0 0 0 0 0 0 0 0 1 100 2 0 0 0 0 0 0 0 0 1 1 1 1 19 255 255 5 1 1 1 1 1 1 0 1 1 1 1 0 0 0 0 0 0 0 0 1 2 1 0 0 1 1 1 1 1 1 1 0 0 0 0 1 25 29 1 1 0 0 0 0 0 0 0 0 0 0 0 0 1 1 1 1 1 0 0 0 1 12 1 1 1 5 26 3 1 1 0 0 0 1 1 0 0 0 0 0 0 0 0 0 1 1 0 1 1 0 1 1 1 4 1 1 1 11 255 255 133 84 1 1 0 0 0 0 1 1 0 0 0 0 0 0 0 0 0 0 0 0 0 0 0 0 0 0 0 0 0 0 0 0 0 1 1 1 1 1 1 1 1 0 0 0 0 0 0 0 0 0 0 0 0 0 0 0 0 0 0 0 0 0 0 0 0 0 0 0 0 0 0 0 0 0 0 0 0 0 0 0 0 0 0 0 0 0 0 0 0 0 0 0 0 0 0 0 0 0 0 1 1 1 147 200 1 1 0 0 0 0 0 0 0 0 0 0 0 0 0 0 0 0 0 0 0 0 0 0 0 0 0 0 0 0 0 0 0 0 0 0 0 0 0 0 0 0 0 0 0 0 1 1 13 181 245 255 240 154 6 1 0 0 0 0 0 0 0 0 0 0 0 0 0 0 0 0 0 0 0 0 0 0 0 0 0 0 0 0 0 0 0 0 0 0 0 0 0 0 1 2 1 0 0 0 0 0 0 0 0 0 0 0 0 0 0 0 0 0 0 0 1
56 3 1 1 1 0 0 0 0 1 1 1 1 4 41 23 3 4 9 21 26 23 11 2 1 1 1 1 0 0 1 2 1 1 1 1 1 1 1 1 1 1 3 6 14 21 20 12 4 2 1 1 4 2 4 12 2 1 1 2 4 43 255 255 255 92 6 2 1 1 0 0 1 1 1 1 1 1 1 1 1 2 98 255 255 85 3 1 1 1 1 1 4 108 255 255 18 1 1 1 1 1 1 1 1 1 1 1 1 1 1 1 1 1 1 2 14 98 243 255 255 255 255 255 255 255 255 255 255 255 255 255 255 255 240 29 2 1 1 1 1 1 1 1 1 0 0 0 0 0 0 0 0 0 0 0 0 0 0 0 0 0 0 0 0 0 0 0 0 1 1 104 1 0 0 0 0 0 0 0 1 1 1 1 4 255 255 13 1 1 1 1 1 1 0 0 1 1 1 1 0 0 0 0 0 0 0 0 1 2 0 0 0 1 0 1 1 1 1 1 1 0 0 0 1 29 26 1 1 1 1 1 1 1 1 1 1 1 1 1 0 0 1 1 1 1 1 1 1 1 13 1 1 7 24 2 1 1 0 0 0 0 1 1 0 0 0 0 0 0 0 0 0 1 0 1 1 0 0 1 1 4 1 1 1 1 255 255 220 152 1 1 0 0 0 0 0 1 0 0 0 0 0 0 0 0 0 0 0 0 0 0 0 0 0 0 0 0 0 0 0 0 0 1 1 0 1 1 1 1 1 1 0 0 0 0 0 0 0 0 0 0 0 0 0 0 0 0 0 0 0 0 0 0 0 0 0 0 0 0 0 0 0 0 0 0 0 0 0 0 0 0 0 0 0 0 0 0 0 0 0 0 0 0 0 0 0 0 0 0 0 1 1 2 230 76 1 1 0 0 0 0 0 0 0 0 0 0 0 0 0 0 0 0 0 0 0 0 0 0 0 0 0 0 0 0 0 0 0 0 0 0 0 0 0 0 0 0 0 0 0 0 0 1 1 1 64 216 253 253 207 25 1 0 0 0 0 0 0 0 0 0 0 0 0 0 0 0 0 0 0 0 0 0 0 0 0 0 0 0 0 0 0 0 0 0 0 0 1 1 1 0 0 0 0 0 0 0 0 0 0 0 0 0 0 0 0 0 0 0 1 2
81 11 1 1 1 1 0 0 0 1 1 1 1 1 6 45 31 21 14 4 1 2 11 19 5 1 1 1 1 1 1 2 1 1 1 1 1 1 2 4 12 21 22 17 7 3 1 1 1 1 1 3 2 1 1 8 7 1 1 1 2 3 34 255 255 255 84 6 2 1 1 1 1 1 1 1 1 1 0 0 1 1 2 69 255 255 255 54 3 1 1 1 2 30 255 255 254 74 5 2 1 1 1 1 1 1 1 1 1 3 15 94 243 255 255 255 255 255 255 255 255 255 255 255 255 253 245 226 221 248 254 247 255 255 255 255 255 255 172 11 1 1 1 1 1 1 1 1 1 1 1 1 1 1 1 1 0 0 0 0 0 0 1 0 0 0 0 0 1 1 7 91 1 0 0 0 0 0 0 0 1 1 1 2 210 255 61 1 1 1 0 0 1 0 0 0 1 1 1 1 1 0 1 1 1 1 1 1 1 2 1 1 1 1 1 1 1 1 1 1 1 1 1 1 1 31 23 1 1 1 1 1 1 1 1 1 1 1 1 1 1 1 1 1 1 1 1 1 1 1 13 2 10 21 2 1 1 0 0 0 0 0 1 1 0 0 0 0 0 0 0 0 1 1 1 1 0 0 0 1 2 2 1 1 1 69 255 255 168 7 1 1 0 0 0 0 0 1 0 0 0 0 0 0 0 0 0 0 0 0 0 0 0 0 0 0 0 0 0 0 0 0 1 1 0 0 0 1 1 1 1 1 0 0 0 0 0 0 0 0 0 0 0 0 0 0 0 0 0 0 0 0 0 0 0 0 0 0 0 0 0 0 0 0 0 0 0 0 0 0 0 0 0 0 0 0 0 0 0 0 0 0 0 0 0 0 0 0 0 0 0 1 1 1 65 232 3 1 0 0 0 0 0 0 0 0 0 0 0 0 0 0 0 0 0 0 0 0 0 0 0 0 0 0 0 0 0 0 0 0 0 0 0 0 0 0 0 0 0 0 0 0 0 0 0 1 1 1 3 143 243 255 218 23 1 0 0 0 0 0 0 0 0 0 0 0 0 0 0 0 0 0 0 0 0 0 0 0 0 0 0 0 0 0 0 0 0 1 1 0 0 0 0 0 0 0 0 0 0 0 0 0 0 0 0 0 0 0 0 0 1 164
43 52 2 1 1 1 1 0 0 1 1 1 1 1 3 41 18 1 1 1 1 1 1 3 16 18 6 2 1 1 2 2 1 1 2 3 9 17 21 19 10 3 1 1 1 1 1 1 1 1 2 3 1 1 1 1 9 6 1 1 1 2 3 34 255 255 255 75 6 2 1 1 1 1 1 1 0 0 0 0 0 1 1 1 6 253 255 255 255 93 8 2 3 253 255 255 255 255 210 13 2 1 1 1 10 94 235 255 255 255 255 255 255 255 255 255 255 255 255 253 242 194 101 27 8 4 3 2 2 4 19 142 245 254 245 209 255 255 255 255 255 255 146 24 4 2 1 1 1 1 1 1 1 1 1 1 1 1 1 1 1 1 1 1 1 1 0 0 1 0 79 18 1 0 0 0 0 0 0 1 1 1 1 64 255 199 2 1 1 0 1 1 1 0 0 0 1 1 1 1 1 1 1 1 1 1 1 1 1 2 2 2 2 2 2 2 3 3 4 3 3 4 6 7 9 52 40 15 15 15 14 14 13 12 12 10 9 8 7 6 5 4 4 3 3 2 2 3 4 16 48 33 19 2 1 1 0 0 0 0 0 0 1 1 0 0 0 0 0 0 0 1 1 0 1 0 0 0 1 4 4 1 1 1 2 255 255 200 78 1 1 0 0 0 0 0 0 1 0 0 0 0 0 0 0 0 0 0 0 0 0 0 0 0 0 0 0 0 0 0 1 1 1 0 0 0 0 1 1 1 1 1 0 0 0 0 0 0 0 0 0 0 0 0 0 0 0 0 0 0 0 0 0 0 0 0 0 0 0 0 0 0 0 0 0 0 0 0 0 0 0 0 0 0 0 0 0 0 0 0 0 0 0 0 0 0 0 0 0 0 0 0 1 1 1 195 153 1 0 0 0 0 0 0 0 0 0 0 0 0 0 0 0 0 0 0 0 0 0 0 0 0 0 0 0 0 0 0 0 0 0 0 0 0 0 0 0 0 0 0 0 0 0 0 0 0 0 1 1 1 1 99 240 253 189 3 0 0 0 0 0 0 0 0 0 0 0 0 0 0 0 0 0 0 0 0 0 0 0 0 0 0 0 0 0 1 1 1 0 0 0 0 0 0 0 0 0 0 0 0 0 0 0 0 0 0 0 0 0 1 44 186
11 82 4 1 1 1 1 0 0 0 1 1 1 1 13 29 20 1 1 1 1 1 1 1 1 4 16 20 9 3 4 4 9 18 22 21 14 6 2 1 1 1 1 1 1 1 0 1 1 1 4 1 1 1 0 1 2 10 5 1 1 1 2 3 47 255 255 255 83 9 2 1 1 1 1 1 1 0 0 0 0 0 1 1 1 1 9 255 255 255 255 182 60 255 255 17 221 255 255 255 110 15 18 255 255 255 255 255 255 255 255 255 255 253 245 202 101 25 6 3 2 2 1 1 1 1 1 1 1 1 1 1 2 12 120 242 254 250 187 209 255 255 255 255 255 255 255 255 255 255 250 213 142 87 44 18 6 2 1 1 1 1 1 0 0 0 1 1 1 0 103 1 1 0 0 0 0 0 1 1 1 1 11 255 255 4 1 1 1 1 1 1 0 0 0 0 1 1 0 0 0 1 1 1 1 1 1 1 1 2 1 1 1 1 1 1 1 1 2 2 3 6 6 7 9 50 76 43 44 46 47 51 56 63 64 66 67 68 70 70 68 67 67 67 66 66 65 61 55 51 31 57 11 1 1 1 1 1 1 1 1 1 1 1 0 0 0 0 0 0 0 1 0 1 1 0 0 0 1 1 1 1 1 1 235 255 255 150 1 1 1 0 0 0 0 0 1 1 0 0 0 0 0 0 0 0 0 0 0 0 0 0 0 0 0 0 0 0 1 1 1 1 0 0 0 0 0 1 1 1 1 1 1 0 0 0 0 0 0 0 0 0 0 0 0 0 0 0 0 0 0 0 0 0 0 0 0 0 0 0 0 0 0 0 0 0 0 0 0 0 0 0 0 0 0 0 0 0 0 0 0 0 0 0 0 0 0 0 0 0 0 0 0 1 1 9 237 17 1 0 0 0 0 0 0 0 0 0 0 0 0 0 0 0 0 0 0 0 0 0 0 0 0 0 0 0 0 0 0 0 0 0 0 0 0 0 0 0 0 0 0 0 0 0 0 0 0 0 0 1 1 1 1 118 247 247 96 1 0 0 0 0 0 0 0 0 0 0 0 0 0 0 0 0 0 0 0 0 0 0 0 0 0 0 1 1 1 0 0 0 0 0 0 0 0 0 0 0 0 0 0 0 0 0 0 0 0 0 0 1 201 12
3 81 14 2 1 1 1 1 0 0 1 1 1 1 25 10 26 1 1 1 1 1 1 0 1 1 1 3 13 20 23 22 14 5 2 1 1 1 1 1 1 1 0 0 0 0 0 1 1 4 1 1 1 1 1 1 1 2 11 4 1 1 1 2 3 66 255 255 255 126 21 5 2 1 1 1 1 1 1 0 0 0 0 0 1 1 1 1 7 231 255 255 255 255 255 255 255 255 255 255 255 255 255 255 255 255 255 253 245 202 111 31 7 3 2 1 1 1 1 1 1 1 1 1 1 1 1 1 1 1 1 1 1 1 1 2 8 85 233 253 251 218 133 181 255 255 255 255 255 255 255 255 255 255 255 255 255 255 255 53 2 1 1 1 1 1 0 1 1 1 103 1 1 0 0 0 1 1 1 1 1 3 255 255 12 1 1 1 0 0 1 0 0 0 0 1 1 1 0 0 1 1 0 0 1 1 0 0 1 2 0 1 1 1 1 1 1 1 1 1 1 1 1 1 1 47 38 2 2 2 2 2 4 3 3 3 4 4 5 6 7 9 11 12 14 16 18 22 28 43 31 39 46 5 1 1 1 1 1 1 1 1 1 1 0 0 0 0 0 0 1 0 1 1 0 0 0 1 1 1 1 1 1 16 255 255 197 5 1 1 0 0 0 0 0 0 1 0 0 0 0 0 0 0 0 0 0 0 0 0 0 0 0 0 0 0 0 1 1 1 1 0 0 0 0 0 0 1 1 1 1 1 1 0 0 0 0 0 0 0 0 0 0 0 0 0 0 0 0 0 0 0 0 0 0 0 0 0 0 0 0 0 0 0 0 0 0 0 0 0 0 0 0 0 0 0 0 0 0 0 0 0 0 0 0 0 0 0 0 0 0 0 0 1 1 1 136 207 1 1 0 0 0 0 0 0 0 0 0 0 0 0 0 0 0 0 0 0 0 0 0 0 0 0 0 0 0 0 0 0 0 0 0 0 0 0 0 0 0 0 0 0 0 0 0 0 0 0 0 0 0 1 1 1 2 186 253 196 2 0 0 0 0 0 0 0 0 0 0 0 0 0 0 0 0 0 0 0 0 0 0 0 0 1 1 1 0 0 0 0 0 0 0 0 0 0 0 0 0 0 0 0 0 0 0 0 0 0 1 60 183 1
1 42 49 4 1 1 1 1 1 0 0 1 1 1 27 3 27 4 1 1 1 1 1 1 1 0 1 1 1 3 3 1 1 1 0 0 0 0 0 0 0 0 0 0 0 0 0 1 3 2 1 1 1 1 1 1 1 1 2 12 3 1 1 1 2 4 70 255 255 255 233 77 21 7 2 1 1 1 1 1 1 0 0 0 0 0 1 1 1 1 13 100 255 255 255 255 173 10 4 46 255 255 255 255 137 34 7 3 2 1 1 1 1 1 1 1 1 1 1 1 1 1 1 1 1 1 1 1 1 1 1 1 1 1 1 1 1 1 2 6 60 199 245 253 254 253 253 253 253 247 240 218 182 164 179 242 255 255 255 255 255 103 2 1 1 1 1 1 1 14 83 1 1 1 1 1 1 1 1 1 2 164 255 77 1 1 1 1 1 1 1 0 0 0 0 1 0 1 0 1 1 1 0 1 1 1 1 1 1 2 1 1 1 1 1 1 1 1 0 0 1 1 1 1 1 45 31 1 1 1 1 1 2 1 1 1 1 1 1 1 1 1 1 1 1 1 1 1 2 6 28 29 51 68 17 2 1 1 1 0 1 1 1 1 0 0 0 0 0 0 1 0 1 0 0 0 1 1 1 1 1 1 2 255 255 245 70 1 1 0 0 0 0 0 0 0 1 0 0 0 0 0 0 0 0 0 0 0 0 0 0 0 0 0 0 1 1 1 1 0 0 0 0 0 0 0 0 1 1 1 1 1 1 0 0 0 0 0 0 0 0 0 0 0 0 0 0 0 0 0 0 0 0 0 0 0 0 0 0 0 0 0 0 0 0 0 0 0 0 0 0 0 0 0 0 0 0 0 0 0 0 0 0 0 0 0 0 0 0 0 0 0 0 0 1 1 2 232 71 1 0 0 0 0 0 0 0 0 0 0 0 0 0 0 0 0 0 0 0 0 0 0 0 0 0 0 0 0 0 0 0 0 0 0 0 0 0 0 0 0 0 0 0 0 0 0 0 0 0 0 0 0 1 1 1 1 64 245 240 21 1 0 0 0 0 0 0 0 0 0 0 0 0 0 0 0 0 0 0 0 0 0 1 2 1 0 0 0 0 0 0 0 0 0 0 0 0 0 0 0 0 0 0 0 0 0 0 0 1 201 9 0
1 4 67 24 3 1 1 1 1 1 1 1 1 1 19 6 5 25 2 1 1 1 1 1 1 1 0 1 1 2 1 1 0 0 0 0 1 1 1 1 1 1 1 1 1 1 1 2 3 1 1 1 0 0 0 1 1 1 1 3 12 4 1 1 1 1 3 40 255 255 255 255 255 136 40 11 3 1 1 1 1 1 0 0 0 0 0 1 1 1 1 7 4 10 8 6 2 1 1 1 2 37 25 3 1 1 1 1 1 1 1 1 1 1 1 1 1 1 1 1 1 1 1 1 1 1 1 0 0 0 0 1 1 1 1 1 1 1 1 1 1 1 2 3 5 8 14 30 61 107 161 208 237 245 253 253 253 253 225 223 255 255 255 94 2 1 1 1 1 86 11 1 1 1 1 1 1 1 1 1 36 255 233 2 1 1 1 1 0 0 0 0 0 0 1 1 0 1 1 0 1 1 1 1 1 0 0 0 1 1 0 0 0 0 0 1 1 0 0 1 1 1 0 1 1 45 28 1 1 1 1 1 2 1 1 1 1 1 1 1 1 1 1 1 1 1 1 1 1 1 15 2 4 25 71 48 8 2 1 1 1 1 1 1 0 0 0 0 0 1 1 1 1 0 0 0 1 1 1 1 1 1 225 255 255 157 1 1 1 0 0 0 0 0 0 1 1 0 0 0 0 0 0 0 0 0 0 0 0 0 0 0 0 1 1 1 1 0 0 0 0 0 0 0 0 0 0 0 1 1 1 1 1 1 0 0 0 0 0 0 0 0 0 0 0 0 0 0 0 0 0 0 0 0 0 0 0 0 0 0 0 0 0 0 0 0 0 0 0 0 0 0 0 0 0 0 0 0 0 0 0 0 0 0 0 0 0 0 0 0 0 0 0 0 0 1 1 71 232 2 1 0 0 0 0 0 0 0 0 0 0 0 0 0 0 0 0 0 0 0 0 0 0 0 0 0 0 0 0 0 0 0 0 0 0 0 0 0 0 0 0 0 0 0 0 0 0 0 0 0 0 0 0 0 1 1 1 3 219 250 85 1 0 0 0 0 0 0 0 0 0 0 0 0 0 0 0 0 0 0 0 1 2 1 0 0 0 0 0 0 0 0 0 0 0 0 0 0 0 0 0 0 0 0 0 0 0 1 34 189 1 0
0 1 12 67 15 2 1 1 1 1 1 1 1 1 6 19 1 11 17 1 1 1 1 1 1 1 1 1 2 1 1 1 1 1 1 1 1 0 0 0 0 0 0 0 0 1 1 4 1 1 0 0 0 0 0 0 1 1 1 1 3 11 6 1 1 1 1 2 10 128 255 255 255 255 255 245 88 16 3 1 1 1 0 0 0 0 0 0 1 1 1 2 12 2 1 1 1 1 1 1 1 8 10 1 1 1 1 1 1 1 1 1 1 1 1 1 1 1 1 1 1 1 1 1 1 1 0 0 0 0 0 0 0 0 0 1 1 1 1 1 1 1 1 1 1 1 1 1 1 1 2 2 2 2 3 4 7 28 194 253 240 216 255 255 255 50 1 1 1 102 1 1 1 1 1 1 1 1 1 7 255 255 3 1 1 1 1 0 0 0 0 1 1 1 0 0 0 1 1 0 1 1 0 0 1 0 0 0 1 1 1 1 1 1 1 1 0 0 1 1 1 0 1 1 1 47 25 1 1 1 0 0 2 1 1 1 1 1 0 0 0 0 0 0 0 0 0 0 1 1 13 1 1 2 7 45 71 28 4 1 1 1 1 1 1 0 0 0 0 1 1 1 0 0 0 1 1 1 1 1 1 22 255 255 205 3 1 1 0 0 0 0 0 0 0 1 0 0 0 0 0 0 0 0 0 0 0 0 0 0 1 1 1 1 1 0 0 0 0 0 0 0 0 0 0 0 0 0 1 1 1 1 1 1 0 0 0 0 0 0 0 0 0 0 0 0 0 0 0 0 0 0 0 0 0 0 0 0 0 0 0 0 0 0 0 0 0 0 0 0 0 0 0 0 0 0 0 0 0 0 0 0 0 0 0 0 0 0 0 0 0 0 0 0 0 1 1 1 209 133 1 1 0 0 0 0 0 0 0 0 0 0 0 0 0 0 0 0 0 0 0 0 0 0 0 0 0 0 0 0 0 0 0 0 0 0 0 0 0 0 0 0 0 0 0 0 0 0 0 0 0 0 0 0 0 1 1 1 1 160 252 146 1 0 0 0 0 0 0 0 0 0 0 0 0 0 0 0 0 0 1 2 1 0 0 0 0 0 0 0 0 0 0 0 0 0 0 0 0 0 0 0 0 0 0 1 0 1 193 23 1 0
1 1 1 20 62 13 2 1 1 1 1 1 1 1 2 26 2 1 19 11 1 1 1 1 1 1 1 2 1 1 0 0 0 0 0 0 0 0 0 0 0 0 0 0 1 1 4 2 1 0 0 0 0 0 0 0 0 0 1 1 1 2 10 8 2 1 1 1 2 3 14 78 217 255 255 255 255 255 134 11 2 1 1 0 0 0 1 1 0 1 2 2 3 6 1 1 1 1 1 1 1 2 19 1 1 1 0 1 1 1 1 1 1 0 0 1 1 1 1 1 1 1 1 1 1 1 0 0 0 0 0 0 0 0 0 0 0 0 1 1 1 1 1 1 1 1 1 1 1 1 1 1 1 1 1 1 1 1 2 9 157 253 242 242 255 255 253 9 1 103 1 1 1 1 1 1 1 1 2 247 255 13 1 1 1 1 1 0 0 1 1 1 0 0 0 0 0 1 0 0 1 1 0 1 1 0 0 1 1 1 1 0 0 0 0 0 0 0 0 1 1 1 1 0 1 50 21 1 1 1 0 0 2 1 1 1 0 0 0 0 0 0 0 0 0 0 0 0 0 1 13 1 1 1 1 2 18 62 57 16 2 1 1 1 1 1 1 0 1 1 1 0 0 0 0 1 1 1 1 1 2 255 255 245 63 1 1 0 0 0 0 0 0 0 0 1 0 0 0 0 0 0 0 0 0 0 0 0 1 1 1 1 0 0 0 0 0 0 0 0 0 0 0 0 0 0 0 0 1 1 1 1 1 1 0 0 0 0 0 0 0 0 0 0 0 0 0 0 0 0 0 0 0 0 0 0 0 0 0 0 0 0 0 0 0 0 0 0 0 0 0 0 0 0 0 0 0 0 0 0 0 0 0 0 0 0 0 0 0 0 0 0 0 0 0 0 1 1 18 237 5 1 0 0 0 0 0 0 0 0 0 0 0 0 0 0 0 0 0 0 0 0 0 0 0 0 0 0 0 0 0 0 0 0 0 0 0 0 0 0 0 0 0 0 0 0 0 0 0 0 0 0 0 0 0 0 0 1 1 1 101 250 199 1 0 0 0 0 0 0 0 0 0 0 0 0 0 0 0 1 2 1 0 0 0 0 0 0 0 0 0 0 0 0 0 0 0 0 0 0 0 0 0 0 0 1 1 14 199 1 0 1
1 1 1 5 40 73 17 4 2 1 1 1 1 1 1 23 3 1 1 23 8 1 1 1 1 1 1 2 1 1 0 0 0 0 0 0 0 0 0 0 0 0 0 0 1 2 4 1 1 0 0 0 0 0 0 0 0 0 0 1 1 1 1 7 12 3 1 1 1 1 2 3 6 20 74 218 255 255 255 255 26 2 1 0 0 1 1 0 1 2 1 1 1 9 1 1 1 1 1 1 1 1 19 1 1 1 1 1 1 1 0 0 1 1 1 1 0 1 1 1 1 0 1 1 0 0 0 0 0 0 0 0 0 0 0 0 0 0 0 0 0 0 1 1 1 1 1 1 1 1 1 1 1 1 1 1 1 1 1 1 1 6 145 252 228 255 255 255 96 101 1 1 1 1 1 1 1 2 135 255 113 1 1 1 1 1 0 1 1 1 0 0 0 0 0 0 0 1 0 1 1 1 0 1 1 0 1 0 1 1 0 0 0 0 0 0 0 0 0 0 0 0 1 0 1 52 17 1 1 0 0 0 2 1 1 0 0 0 0 0 0 0 0 0 0 0 0 0 0 1 13 1 1 1 1 1 1 6 35 66 41 7 2 1 1 1 1 1 1 1 1 0 0 0 1 1 1 1 1 1 245 255 255 155 1 1 1 0 0 0 0 0 0 0 1 1 0 0 0 0 0 0 0 0 0 1 1 1 1 1 0 0 0 0 0 0 0 0 0 0 0 0 0 0 0 0 0 0 0 1 1 1 1 1 1 0 0 0 0 0 0 0 0 0 0 0 0 0 0 0 0 0 0 0 0 0 0 0 0 0 0 0 0 0 0 0 0 0 0 0 0 0 0 0 0 0 0 0 0 0 0 0 0 0 0 0 0 0 0 0 0 0 0 0 0 0 1 1 1 171 183 1 0 0 0 0 0 0 0 0 0 0 0 0 0 0 0 0 0 0 0 0 0 0 0 0 0 0 0 0 0 0 0 0 0 0 0 0 0 0 0 0 0 0 0 0 0 0 0 0 0 0 0 0 0 0 0 0 1 1 1 37 245 231 7 1 0 0 0 0 0 0 0 0 0 0 0 0 1 1 1 0 0 0 0 0 0 0 0 0 0 0 0 0 0 0 0 0 0 0 0 0 0 0 0 1 1 184 47 1 1 1
1 1 4 8 4 32 74 17 12 9 5 2 1 1 1 20 5 1 1 2 23 9 1 1 1 1 2 1 0 0 0 0 0 0 0 0 0 0 0 0 0 0 0 0 1 4 2 1 0 0 0 0 0 0 0 0 0 0 0 0 0 1 1 1 4 13 5 2 1 1 1 1 1 2 3 8 34 145 255 255 255 20 2 1 1 1 0 1 1 1 1 1 0 4 4 1 1 1 1 1 1 1 16 1 1 1 1 0 1 1 1 1 1 1 0 0 0 0 0 0 1 1 1 0 0 0 0 0 0 0 0 0 0 0 0 0 0 0 0 0 0 0 0 0 0 0 0 0 1 1 1 1 1 1 1 1 1 1 1 1 1 1 1 8 184 245 112 255 255 230 2 4 38 39 18 10 11 120 255 241 1 1 1 0 1 1 1 1 0 0 0 0 0 0 0 0 0 1 0 0 0 0 0 1 1 0 0 0 2 1 0 0 0 0 0 0 0 0 0 0 0 1 1 0 1 53 14 1 1 0 0 0 2 1 0 0 0 0 0 0 0 0 0 0 0 0 0 0 1 1 13 1 1 1 1 1 1 1 2 14 51 60 24 3 1 1 1 0 1 1 0 1 1 1 1 1 1 1 1 37 255 255 204 2 1 1 0 0 0 0 0 0 0 0 1 0 0 0 0 0 0 0 0 0 1 1 1 1 0 0 0 0 0 0 0 0 0 0 0 0 0 0 0 0 0 0 0 0 0 1 1 1 1 1 1 0 0 0 0 0 0 0 0 0 0 0 0 0 0 0 0 0 0 0 0 0 0 0 0 0 0 0 0 0 0 0 0 0 0 0 0 0 0 0 0 0 0 0 0 0 0 0 0 0 0 0 0 0 0 0 0 0 0 0 0 0 0 1 1 3 237 28 1 0 0 0 0 0 0 0 0 0 0 0 0 0 0 0 0 0 0 0 0 0 0 0 0 0 0 0 0 0 0 0 0 0 0 0 0 0 0 0 0 0 0 0 0 0 0 0 0 0 0 0 0 0 0 0 0 1 1 1 6 231 245 41 1 0 0 0 0 0 0 0 0 0 1 1 1 1 0 0 0 0 0 0 0 0 0 0 0 0 0 0 0 0 0 0 0 0 0 0 0 0 1 1 27 194 1 1 1 1
1 3 8 2 1 3 48 51 4 3 6 9 9 6 6 15 6 1 1 1 2 22 11 1 2 2 1 1 0 0 0 0 0 0 0 0 0 0 0 0 0 0 0 1 1 5 1 0 0 0 0 0 0 0 0 0 0 0 0 0 0 0 1 1 1 2 11 12 9 7 5 3 1 1 1 1 2 10 57 250 255 255 6 1 1 1 0 1 2 1 0 0 0 1 6 5 2 1 1 1 1 1 13 2 0 0 0 0 1 1 1 0 0 0 0 0 0 0 1 1 1 0 0 0 0 0 0 0 0 0 0 0 0 0 0 0 0 0 0 0 0 0 0 0 0 0 0 0 0 1 1 0 1 1 1 1 1 1 1 1 1 1 1 1 2 102 245 39 255 255 255 255 255 255 255 255 255 255 251 1 1 1 1 1 1 1 1 1 1 1 0 0 0 0 0 0 0 1 1 1 1 1 1 1 1 0 0 0 2 1 0 0 0 0 0 0 0 0 0 0 0 0 1 0 1 52 12 1 1 0 0 0 2 1 0 0 0 0 0 0 0 0 0 0 0 0 0 1 1 1 13 1 1 0 0 1 1 0 1 1 4 24 54 44 12 6 4 1 1 1 1 0 1 1 1 1 1 1 3 255 255 238 80 1 1 0 0 0 0 0 0 0 0 0 1 0 0 0 0 0 0 0 1 1 1 1 0 0 0 0 0 0 0 0 0 0 0 0 0 0 0 0 0 0 0 0 0 0 0 1 1 1 1 1 1 0 0 0 0 0 0 0 0 0 0 0 0 0 0 0 0 0 0 0 0 0 0 0 0 0 0 0 0 0 0 0 0 0 0 0 0 0 0 0 0 0 0 0 0 0 0 0 0 0 0 0 0 0 0 0 0 0 0 0 0 0 0 0 1 1 115 218 1 1 0 0 0 0 0 0 0 0 0 0 0 0 0 0 0 0 0 0 0 0 0 0 0 0 0 0 0 0 0 0 0 0 0 0 0 0 0 0 0 0 0 0 0 0 0 0 0 0 0 0 0 0 0 0 0 0 0 1 1 1 196 250 105 1 0 0 0 0 0 0 0 1 1 1 0 0 0 0 0 0 0 0 0 0 0 0 0 0 0 0 0 0 0 0 0 0 0 0 0 1 1 1 197 22 0 1 1 0
2 9 2 1 1 1 5 70 27 2 1 1 2 5 4 3 11 1 1 1 1 1 21 13 3 1 1 1 1 0 0 0 0 0 0 0 0 0 0 0 0 0 0 1 3 3 1 0 0 0 0 0 0 0 0 0 0 0 0 0 0 0 0 0 1 1 1 3 7 9 11 14 12 3 1 1 1 2 7 68 255 255 96 2 1 1 1 1 3 1 0 0 0 0 1 3 7 9 6 2 1 1 16 1 1 1 1 1 1 0 0 0 0 0 0 1 1 1 1 1 0 0 0 0 0 0 0 0 0 0 0 0 0 0 0 0 0 0 0 0 0 0 0 0 0 0 0 0 0 0 0 0 1 1 1 0 1 0 0 1 1 1 1 1 1 2 105 245 23 255 255 255 55 47 108 187 214 56 1 1 1 1 1 1 0 0 0 0 0 1 1 1 0 0 0 0 0 0 0 0 0 1 1 0 0 0 0 0 2 1 0 0 0 0 0 0 0 0 0 0 0 0 1 0 1 53 10 1 0 0 0 0 2 1 0 0 0 0 0 0 0 0 0 0 0 0 0 1 1 1 12 1 1 0 0 0 1 1 1 1 1 2 9 36 56 23 4 6 1 0 1 1 1 1 1 1 1 1 253 255 255 175 1 1 1 0 0 0 0 0 0 0 0 1 1 0 0 0 0 0 0 1 1 1 0 0 0 0 0 0 0 0 0 0 0 0 0 0 0 0 0 0 0 0 0 0 0 0 0 0 1 1 2 1 1 1 0 0 0 0 0 0 0 0 0 0 0 0 0 0 0 0 0 0 0 0 0 0 0 0 0 0 0 0 0 0 0 0 0 0 0 0 0 0 0 0 0 0 0 0 0 0 0 0 0 0 0 0 0 0 0 0 0 0 0 0 0 0 1 1 1 228 85 1 0 0 0 0 0 0 0 0 0 0 0 0 0 0 0 0 0 0 0 0 0 0 0 0 0 0 0 0 0 0 0 0 0 0 0 0 0 0 0 0 0 0 0 0 0 0 0 0 0 0 0 0 0 0 0 0 0 0 1 1 1 144 252 165 1 0 0 0 0 0 1 1 1 0 0 0 0 0 0 0 0 0 0 0 0 0 0 0 0 0 0 0 0 0 0 0 0 0 0 1 1 140 125 1 1 1 0 1
9 2 1 1 1 1 1 13 83 6 1 1 1 1 1 1 6 6 1 1 1 1 1 27 19 1 1 1 1 0 0 0 0 0 0 0 0 0 0 0 0 0 0 1 5 1 1 0 0 0 0 0 0 0 0 0 0 0 0 0 0 0 0 0 1 1 1 1 1 1 1 2 5 12 5 1 1 1 2 12 148 255 255 12 1 1 1 1 3 1 0 0 0 0 0 1 1 1 2 7 9 11 10 0 0 0 0 0 1 1 1 1 1 1 1 1 0 0 0 0 0 0 0 0 0 0 0 0 0 0 0 0 0 0 0 0 0 0 0 0 0 0 0 0 0 0 0 0 0 0 0 0 1 0 1 1 1 0 0 0 0 1 1 1 1 1 2 130 245 193 255 10 1 1 1 1 1 1 1 1 1 1 0 1 0 0 0 0 0 0 0 1 0 0 0 0 0 0 0 0 0 0 0 0 0 0 0 0 1 1 0 0 0 0 0 0 0 0 0 0 0 0 1 0 1 53 9 1 0 0 0 0 2 1 0 0 0 0 0 0 0 0 0 0 0 0 0 1 1 1 12 1 1 0 0 0 0 0 1 1 1 1 1 3 17 49 51 27 2 1 1 1 1 1 1 1 1 51 255 255 187 37 1 1 0 0 0 0 0 0 0 0 0 1 0 0 0 0 0 1 1 1 1 0 0 0 0 0 0 0 0 0 0 0 0 0 0 0 0 0 0 0 0 0 0 0 0 0 0 0 1 1 1 1 1 1 0 0 0 0 0 0 0 0 0 0 0 0 0 0 0 0 0 0 0 0 0 0 0 0 0 0 0 0 0 0 0 0 0 0 0 0 0 0 0 0 0 0 0 0 0 0 0 0 0 0 0 0 0 0 0 0 0 0 0 0 0 0 0 1 1 58 235 2 1 0 0 0 0 0 0 0 0 0 0 0 0 0 0 0 0 0 0 0 0 0 0 0 0 0 0 0 0 0 0 0 0 0 0 0 0 0 0 0 0 0 0 0 0 0 0 0 0 0 0 0 0 0 0 0 0 0 0 1 1 1 86 250 212 2 1 0 0 1 2 1 0 0 0 0 0 0 0 0 0 0 0 0 0 0 0 0 0 0 0 0 0 0 0 0 0 0 1 1 97 168 1 1 1 0 0 1
3 1 1 1 0 1 1 2 51 48 3 1 1 1 1 1 1 9 3 1 0 1 1 12 27 12 1 1 1 1 0 0 0 0 0 0 0 0 0 0 0 0 1 1 5 1 1 0 0 0 0 0 0 0 0 0 0 0 0 0 0 0 0 0 1 1 1 1 1 1 1 1 1 3 15 1 1 1 1 4 41 255 255 89 3 1 1 1 3 1 0 0 0 0 0 0 0 0 0 0 1 3 1 1 1 1 1 1 1 0 0 0 0 0 0 0 0 0 0 0 0 0 0 0 0 0 0 0 0 0 0 0 0 0 0 0 0 0 0 0 0 0 0 0 0 0 0 0 0 0 0 1 1 0 0 0 1 1 0 0 0 1 1 1 1 1 1 2 147 255 255 4 1 1 1 1 1 1 1 1 1 1 1 1 0 0 0 0 0 0 0 1 0 0 0 0 0 0 0 0 0 0 0 0 0 0 0 0 1 1 1 1 1 1 1 1 1 1 1 1 1 1 1 1 1 55 7 1 1 1 1 0 2 1 0 0 0 0 0 0 0 0 0 0 0 0 0 1 1 1 12 1 1 0 0 0 1 1 1 1 1 1 0 1 1 5 26 65 58 9 1 1 1 1 1 1 3 255 255 204 156 1 1 1 0 0 0 0 0 0 0 0 1 1 0 0 0 0 1 1 1 0 0 0 0 0 0 0 0 0 0 0 0 0 0 0 0 0 0 0 0 0 0 0 0 0 0 0 0 0 1 1 1 1 1 1 1 0 0 0 0 0 0 0 0 0 0 0 0 0 0 0 0 0 0 0 0 0 0 0 0 0 0 0 0 0 0 0 0 0 0 0 0 0 0 0 0 0 0 0 0 0 0 0 0 0 0 0 0 0 0 0 0 0 0 0 0 0 0 1 1 1 205 142 1 1 0 0 0 0 0 0 0 0 0 0 0 0 0 0 0 0 0 0 0 0 0 0 0 0 0 0 0 0 0 0 0 0 0 0 0 0 0 0 0 0 0 0 0 0 0 0 0 0 0 0 0 0 0 0 0 0 0 0 1 1 1 26 242 237 13 1 1 2 1 0 0 0 0 0 0 0 0 0 0 0 0 0 0 0 0 0 0 0 0 0 0 0 0 0 0 1 1 83 177 1 1 1 0 0 1 0
1 1 1 1 1 0 1 1 5 83 15 2 1 1 1 1 1 3 8 1 1 1 1 11 3 30 6 1 1 1 1 0 0 0 0 0 0 0 0 0 0 0 1 3 3 1 1 1 1 1 1 1 0 0 0 0 0 0 0 0 0 0 0 0 0 1 1 0 1 1 1 1 1 2 15 2 1 1 1 2 10 153 255 255 10 1 1 1 2 1 1 0 0 0 0 0 0 0 0 0 1 1 2 0 0 0 0 0 0 0 0 0 0 0 0 0 0 0 0 0 0 0 0 0 0 0 0 0 0 0 0 0 0 0 0 0 0 0 0 0 0 0 0 0 0 0 0 0 0 0 0 1 1 1 0 0 0 1 1 0 0 1 0 1 1 1 1 1 16 255 255 1 1 1 1 1 1 1 1 1 1 1 1 1 1 1 1 1 1 0 0 1 0 0 0 0 0 0 0 0 0 0 0 0 0 0 0 0 1 1 1 1 1 1 1 1 1 1 1 1 1 1 1 1 1 58 6 1 1 1 1 1 2 1 0 0 0 0 0 0 0 0 0 0 0 0 0 0 0 1 12 0 1 1 1 1 1 1 1 1 1 1 1 1 1 1 2 7 41 75 32 2 1 1 1 2 255 255 255 150 36 1 1 0 0 0 0 0 0 0 0 1 1 0 0 0 1 1 1 0 0 0 0 0 0 0 0 0 0 0 0 0 0 0 0 0 0 0 0 0 0 0 0 0 0 0 0 0 0 0 0 1 1 2 1 1 1 0 0 0 0 0 0 0 0 0 0 0 0 0 0 0 0 0 0 0 0 0 0 0 0 0 0 0 0 0 0 0 0 0 0 0 0 0 0 0 0 0 0 0 0 0 0 0 0 0 0 0 0 0 0 0 0 0 0 0 0 0 0 0 1 1 14 238 8 1 0 0 0 0 0 0 0 0 0 0 0 0 0 0 0 0 0 0 0 0 0 0 0 0 0 0 0 0 0 0 0 0 0 0 0 0 0 0 0 0 0 0 0 0 0 0 0 0 0 0 0 0 0 0 0 0 0 0 0 1 1 1 3 222 247 65 2 1 0 0 0 0 0 0 0 0 0 0 0 0 0 0 0 0 0 0 0 0 0 0 0 0 0 0 0 1 51 186 2 1 1 0 0 1 1 0
1 1 0 0 1 1 1 1 1 19 77 7 1 1 1 1 1 1 8 3 1 1 1 12 1 4 32 3 1 1 1 1 0 0 0 0 0 0 0 0 0 0 1 4 2 0 1 1 1 1 0 1 1 1 1 0 0 0 0 0 0 0 0 0 0 1 1 1 0 1 1 0 1 1 11 6 1 2 2 2 6 44 255 255 72 2 1 3 1 0 1 1 0 0 0 0 0 0 0 0 1 1 1 1 1 0 0 0 0 0 0 0 0 0 0 0 0 0 0 0 0 0 0 0 0 0 0 0 0 0 0 0 0 0 0 0 0 0 0 0 0 0 0 0 0 0 0 0 0 0 0 1 1 1 1 0 0 1 1 1 0 1 0 1 1 1 1 1 160 255 176 1 1 1 1 1 1 1 1 0 1 1 1 1 1 0 0 0 0 0 0 1 0 0 0 0 0 0 0 0 0 0 0 0 0 0 0 0 2 1 0 0 0 0 0 0 0 0 0 0 0 1 1 1 1 62 4 1 1 1 1 1 1 1 0 0 0 0 0 0 0 0 0 0 0 0 0 0 0 2 11 0 1 1 1 1 1 1 1 1 1 1 0 1 1 1 1 2 4 20 64 70 22 2 1 78 255 255 102 148 1 1 0 0 0 0 0 0 0 0 1 1 0 1 1 1 1 1 0 0 0 0 0 0 0 0 0 0 0 0 0 0 0 0 0 0 0 0 0 0 0 0 0 0 0 0 0 0 0 0 0 1 1 1 1 1 1 0 0 0 0 0 0 0 0 0 0 0 0 0 0 0 0 0 0 0 0 0 0 0 0 0 0 0 0 0 0 0 0 0 0 0 0 0 0 0 0 0 0 0 0 0 0 0 0 0 0 0 0 0 0 0 0 0 0 0 0 0 0 0 1 1 1 164 191 1 1 0 0 0 0 0 0 0 0 0 0 0 0 0 0 0 0 0 0 0 0 0 0 0 0 0 0 0 0 0 0 0 0 0 0 0 0 0 0 0 0 0 0 0 0 0 0 0 0 0 0 0 0 0 0 0 0 0 0 0 1 1 1 1 182 252 126 1 0 0 0 0 0 0 0 0 0 0 0 0 0 0 0 0 0 0 0 0 0 0 0 0 0 0 0 14 198 4 1 1 1 0 0 1 0 0
0 1 0 0 0 1 1 1 1 2 42 60 4 1 1 1 1 1 3 8 1 1 1 12 1 1 9 26 2 1 1 1 1 0 0 0 0 0 0 0 0 1 1 5 1 0 0 0 1 1 1 1 1 0 1 1 1 1 1 0 0 0 0 0 0 0 1 1 1 1 1 1 1 1 6 12 1 1 1 1 2 12 167 255 255 8 3 2 1 1 0 1 1 0 0 0 0 0 0 0 0 0 1 1 1 0 0 0 0 0 0 0 0 0 0 0 0 0 0 0 0 0 0 0 0 0 0 0 0 0 0 0 0 0 0 0 0 0 0 0 0 0 0 0 0 0 0 0 0 0 0 0 1 0 1 0 0 1 1 0 1 1 1 1 1 1 1 3 255 255 4 1 0 0 1 1 0 1 1 0 0 0 0 1 1 1 1 1 0 0 1 1 0 0 0 0 0 0 0 0 0 0 0 0 0 0 0 0 2 1 0 0 0 0 0 0 0 0 0 0 0 0 0 0 1 62 3 1 1 1 1 1 1 1 0 0 0 0 0 0 0 0 0 0 0 0 0 0 0 2 11 1 1 1 1 1 1 1 1 1 1 1 1 1 1 1 1 1 1 2 14 34 64 64 28 255 255 184 134 26 1 0 0 0 0 0 0 0 1 1 1 1 1 1 1 1 0 0 0 0 0 0 0 0 0 0 0 0 0 0 0 0 0 0 0 0 0 0 0 0 0 0 0 0 0 0 0 0 0 0 0 1 1 1 2 1 1 1 0 0 0 0 0 0 0 0 0 0 0 0 0 0 0 0 0 0 0 0 0 0 0 0 0 0 0 0 0 0 0 0 0 0 0 0 0 0 0 0 0 0 0 0 0 0 0 0 0 0 0 0 0 0 0 0 0 0 0 0 0 0 0 1 1 3 237 38 1 0 0 0 0 0 0 0 0 0 0 0 0 0 0 0 0 0 0 0 0 0 0 0 0 0 0 0 0 0 0 0 0 0 0 0 0 0 0 0 0 0 0 0 0 0 0 0 0 0 0 0 0 0 0 0 0 0 0 0 0 1 1 1 1 124 252 183 1 1 0 0 0 0 0 0 0 0 0 0 0 0 0 0 0 0 0 0 0 0 0 0 0 0 1 197 22 1 1 1 1 0 1 1 0 0
1 1 0 0 0 0 0 0 1 1 3 68 35 1 1 1 1 1 1 12 1 1 1 12 1 1 1 18 16 1 1 1 1 1 0 0 0 0 0 0 1 1 2 3 1 0 0 0 0 0 0 0 1 1 1 0 0 0 1 1 1 1 0 0 0 0 1 1 1 0 1 1 1 1 3 17 1 1 1 1 1 3 45 255 255 55 3 1 0 1 0 0 1 0 0 0 0 0 0 0 0 0 0 0 0 0 0 0 0 0 0 0 0 0 0 0 0 0 0 0 0 0 0 0 0 0 0 0 0 0 0 0 0 0 0 0 0 0 0 0 0 0 0 0 0 0 0 0 0 0 0 0 1 0 0 1 0 1 1 1 1 1 1 1 1 1 1 42 255 255 1 1 0 1 1 0 0 1 1 0 0 0 0 0 0 0 1 1 1 1 1 1 0 0 0 0 0 0 0 0 0 0 0 0 0 0 0 0 2 1 0 0 0 0 0 0 0 0 0 0 0 0 0 0 1 62 2 1 1 1 1 1 1 1 1 1 1 1 1 1 1 1 0 0 0 0 0 0 0 2 10 1 1 1 1 0 0 0 0 1 1 1 1 1 0 1 1 1 1 1 2 10 29 41 255 255 255 74 121 1 1 1 1 1 1 1 1 1 1 1 1 1 1 0 0 0 0 0 0 0 0 0 0 0 0 0 0 0 0 0 0 0 0 0 0 0 0 0 0 0 0 0 0 0 0 0 0 0 0 0 0 0 1 1 1 1 1 1 0 0 0 0 0 0 0 0 0 0 0 0 0 0 0 0 0 0 0 0 0 0 0 0 0 0 0 0 0 0 0 0 0 0 0 0 0 0 0 0 0 0 0 0 0 0 0 0 0 0 0 0 0 0 0 0 0 0 0 0 0 0 0 1 1 1 106 223 1 1 0 0 0 0 0 0 0 0 0 0 0 0 0 0 0 0 0 0 0 0 0 0 0 0 0 0 0 0 0 0 0 0 0 0 0 0 0 0 0 0 0 0 0 0 0 0 0 0 0 0 0 0 0 0 0 0 0 1 1 1 1 1 1 1 66 246 225 4 1 0 0 0 0 0 0 0 0 0 0 0 0 0 0 0 0 0 0 0 0 0 0 1 156 108 1 1 1 0 0 0 1 0 0 0
1 0 0 0 0 0 0 0 0 1 1 11 88 5 1 1 1 1 1 12 1 1 1 13 1 1 1 2 26 9 1 1 1 1 1 0 0 0 0 0 1 1 4 2 1 0 0 0 0 0 0 0 0 0 1 1 1 1 1 1 1 0 1 1 1 1 0 1 1 1 1 1 1 1 2 19 1 1 1 1 1 2 9 180 255 240 4 1 0 1 0 0 0 1 0 0 0 0 0 0 0 0 0 0 0 0 0 0 0 0 0 0 0 0 0 0 0 0 0 0 0 0 0 0 0 0 0 0 0 0 0 0 0 0 0 0 0 0 0 0 0 0 0 0 0 0 0 0 0 0 0 0 1 0 0 1 1 1 1 1 1 1 1 1 1 1 2 225 255 47 1 1 0 1 1 0 0 1 0 0 0 0 0 0 0 0 0 0 0 1 1 0 0 0 0 0 0 0 0 0 1 1 1 1 1 1 1 1 2 1 1 1 1 1 1 0 0 0 0 0 0 0 0 0 1 65 2 1 1 1 1 1 1 1 0 0 0 0 0 0 0 0 1 1 1 1 1 1 1 2 10 1 1 1 0 0 0 0 0 0 1 1 1 1 1 1 1 1 1 1 1 1 5 208 255 255 97 149 2 1 1 1 1 1 1 1 1 1 1 0 0 0 0 0 0 0 0 0 0 0 0 0 0 0 0 0 0 0 0 0 0 0 0 0 0 0 0 0 0 0 0 0 0 0 0 0 0 0 0 0 0 0 1 1 1 1 1 1 0 0 0 0 0 0 0 0 0 0 0 0 0 0 0 0 0 0 0 0 0 0 0 0 0 0 0 0 0 0 0 0 0 0 0 0 0 0 0 0 0 0 0 0 0 0 0 0 0 0 0 0 0 0 0 0 0 0 0 0 0 0 0 0 1 1 1 226 99 1 1 0 0 0 0 0 0 0 0 0 0 0 0 0 0 0 0 0 0 0 0 0 0 0 0 0 0 0 0 0 0 0 0 0 0 0 0 0 0 0 0 0 0 0 0 0 0 0 0 0 0 0 0 1 1 1 1 1 0 0 1 1 1 1 1 14 237 242 29 1 0 0 0 0 0 0 0 0 0 0 0 0 0 0 0 0 0 0 0 0 1 9 205 1 1 1 0 0 1 1 1 0 0 0
0 0 0 0 0 0 0 0 0 1 1 3 77 27 1 1 1 1 3 9 1 0 2 14 1 1 1 1 3 28 6 1 1 1 1 1 0 0 0 1 1 1 5 1 0 0 0 0 0 0 0 0 0 0 0 0 0 0 0 1 1 1 0 0 0 1 1 1 1 1 1 1 1 1 2 18 2 1 1 1 1 1 3 47 255 255 18 1 0 1 1 0 1 1 0 0 0 0 0 0 0 0 0 0 0 0 0 0 0 0 0 0 0 0 0 0 0 0 0 0 0 0 0 0 0 0 0 0 0 0 0 0 0 0 0 0 0 0 0 0 0 0 0 0 0 0 0 0 0 0 0 0 1 0 1 1 1 1 1 1 6 12 10 8 6 6 19 255 255 2 1 1 0 1 0 0 1 1 0 0 0 0 0 0 0 0 0 0 0 0 0 0 0 0 0 0 0 0 1 1 1 0 0 0 0 0 0 0 2 1 0 1 1 1 1 1 1 1 1 1 1 1 1 1 1 70 4 3 3 3 3 3 3 2 2 2 2 2 2 2 2 2 2 2 1 1 1 1 1 4 8 1 1 1 0 0 0 0 1 1 1 1 1 1 1 1 1 1 1 1 1 1 24 255 255 164 125 46 1 1 0 0 0 0 0 0 1 1 0 0 0 0 0 0 0 0 0 0 0 0 0 0 0 0 0 0 0 0 0 0 0 0 0 0 0 0 0 0 0 0 0 0 0 0 0 0 0 0 0 0 0 0 0 1 1 2 1 1 1 0 0 0 0 0 0 0 0 0 0 0 0 0 0 0 0 0 0 0 0 0 0 0 0 0 0 0 0 0 0 0 0 0 0 0 0 0 0 0 0 0 0 0 0 0 0 0 0 0 0 0 0 0 0 0 0 0 0 0 0 0 0 0 0 1 1 45 236 3 1 0 0 0 0 0 0 0 0 0 0 0 0 0 0 0 0 0 0 0 0 0 0 0 0 0 0 0 0 0 0 0 0 0 0 0 0 0 0 0 0 0 0 0 0 0 0 0 0 0 0 0 1 1 0 0 0 0 0 0 1 1 0 1 1 1 2 211 250 94 1 1 0 0 0 0 0 0 0 0 0 0 0 0 0 0 0 0 0 0 1 173 82 1 1 1 0 0 1 0 0 0 0 0
0 0 0 0 0 0 0 0 0 1 1 1 39 67 2 1 1 1 8 4 1 1 2 13 1 1 1 1 1 4 29 5 1 1 1 1 1 0 1 1 1 1 5 1 0 0 0 0 0 0 0 0 0 0 0 0 0 0 0 0 0 1 1 1 1 1 1 0 1 1 1 1 1 1 2 17 3 1 1 1 1 1 2 12 224 255 162 1 1 0 1 1 0 0 0 0 0 0 0 0 0 0 0 0 0 0 0 0 0 0 0 0 0 0 0 0 0 0 0 0 0 0 0 0 0 0 0 0 0 0 0 0 0 0 0 0 0 0 0 0 0 0 0 0 0 0 0 0 0 0 0 0 1 1 1 0 1 1 8 166 221 221 221 221 221 221 228 255 255 1 1 0 1 1 0 1 1 0 0 0 0 0 0 0 0 0 0 0 0 0 0 0 0 0 0 0 0 1 1 0 0 0 0 0 0 0 0 0 1 1 0 0 0 0 0 0 0 0 0 0 0 0 1 1 1 73 1 1 1 1 1 1 1 1 1 2 2 2 2 2 3 7 6 7 7 8 8 9 9 10 2 1 1 0 0 0 0 1 1 0 0 1 1 1 1 1 0 1 1 1 1 2 255 255 255 89 120 1 1 0 0 0 0 0 0 1 1 0 0 0 0 0 0 0 0 0 0 0 0 0 0 0 0 0 0 0 0 0 0 0 0 0 0 0 0 0 0 0 0 0 0 0 0 0 0 0 0 0 0 0 0 0 0 1 1 1 1 1 1 0 0 0 0 0 0 0 0 0 0 0 0 0 0 0 0 0 0 0 0 0 0 0 0 0 0 0 0 0 0 0 0 0 0 0 0 0 0 0 0 0 0 0 0 0 0 0 0 0 0 0 0 0 0 0 0 0 0 0 0 0 0 0 0 1 1 1 194 161 1 1 0 0 0 0 0 0 0 0 0 0 0 0 0 0 0 0 0 0 0 0 0 0 0 0 0 0 0 0 0 0 0 0 0 0 0 0 0 0 0 0 0 0 0 0 0 0 0 0 0 1 1 0 0 0 0 0 0 1 1 1 0 0 1 1 1 1 163 252 154 1 1 0 0 0 0 0 0 0 0 0 0 0 0 0 0 0 0 0 1 211 1 1 1 0 0 0 1 0 0 0 0 0
0 0 0 0 0 0 0 0 0 1 0 1 14 88 3 1 1 1 11 2 1 1 5 9 1 1 1 1 1 1 5 29 4 1 1 1 1 1 1 0 1 2 4 1 0 0 0 0 0 0 0 0 0 0 0 0 0 0 0 0 0 0 0 0 0 1 1 1 1 1 1 1 1 1 4 15 1 1 1 1 1 1 1 5 80 255 255 3 1 1 1 0 0 0 0 0 0 0 0 0 0 0 0 0 0 0 0 0 0 0 0 0 0 0 0 0 0 0 0 0 0 0 0 0 0 0 0 0 0 0 0 0 0 0 0 0 0 0 0 0 0 0 0 0 0 0 0 0 0 0 0 1 1 1 1 1 2 61 211 127 10 4 4 5 6 7 50 255 245 1 1 1 1 0 0 1 0 0 0 0 0 0 0 0 0 0 0 0 0 0 0 0 0 0 0 0 0 1 0 0 0 0 0 0 0 0 0 0 1 1 0 0 0 0 0 0 0 0 0 0 0 0 1 0 1 71 1 1 1 0 0 0 0 0 0 0 0 0 0 0 2 2 1 0 1 0 0 1 1 2 1 1 1 0 0 0 1 1 1 0 1 1 1 1 1 1 1 1 1 1 1 217 255 255 97 151 2 1 0 0 0 0 0 0 1 1 0 0 0 0 0 0 0 0 0 0 0 0 0 0 0 0 0 0 0 0 0 0 0 0 0 0 0 0 0 0 0 0 0 0 0 0 0 0 0 0 0 0 0 0 0 0 0 1 1 1 1 1 1 0 0 0 0 0 0 0 0 0 0 0 0 0 0 0 0 0 0 0 0 0 0 0 0 0 0 0 0 0 0 0 0 0 0 0 0 0 0 0 0 0 0 0 0 0 0 0 0 0 0 0 0 0 0 0 0 0 0 0 0 0 0 0 0 0 1 1 9 238 16 1 0 0 0 0 0 0 0 0 0 0 0 0 0 0 0 0 0 0 0 0 0 0 0 0 0 0 0 0 0 0 0 0 0 0 0 0 0 0 0 0 0 0 0 0 0 0 0 1 1 1 0 0 0 0 0 1 1 1 1 0 0 0 0 1 1 1 1 106 250 205 2 1 1 0 0 0 0 0 0 0 0 0 0 0 0 0 0 0 4 208 1 1 0 0 0 0 1 0 0 0 0 0
0 0 0 0 0 0 0 0 0 1 0 1 6 91 8 1 1 1 7 4 1 1 6 7 1 1 0 1 1 1 1 5 29 3 1 1 1 1 0 0 1 4 2 0 0 0 0 0 0 0 0 0 0 0 0 0 0 0 0 0 0 0 0 0 0 0 0 0 0 1 1 1 1 4 14 4 1 1 1 1 1 1 1 3 39 255 255 8 1 1 1 1 0 0 0 0 0 0 0 0 0 0 0 0 0 0 0 0 0 0 0 0 0 0 0 0 0 0 0 0 0 0 0 0 0 0 0 0 0 0 0 0 0 0 0 0 0 0 0 0 0 0 0 0 0 0 0 0 0 0 1 1 1 1 1 5 149 199 31 1 1 1 1 1 1 1 5 255 255 1 1 1 1 0 1 1 0 0 0 0 0 0 0 0 0 0 0 0 0 0 0 0 0 0 0 0 0 1 0 0 0 0 0 0 0 0 0 0 1 0 0 0 0 0 0 0 0 0 0 0 0 0 1 0 1 70 1 1 1 0 0 0 0 0 0 0 0 0 0 0 2 2 1 0 0 0 0 0 0 2 1 1 1 0 0 0 1 1 0 1 1 0 0 1 1 1 1 1 1 1 9 255 255 157 129 36 0 1 0 0 0 0 0 0 0 0 0 0 0 0 0 0 0 0 0 0 0 0 0 0 0 0 0 0 0 0 0 0 0 0 0 0 0 0 0 0 0 0 0 0 0 0 0 0 0 0 0 0 0 0 0 0 0 0 1 1 2 1 1 1 0 0 0 0 0 0 0 0 0 0 0 0 0 0 0 0 0 0 0 0 0 0 0 0 0 0 0 0 0 0 0 0 0 0 0 0 0 0 0 0 0 0 0 0 0 0 0 0 0 0 0 0 0 0 0 0 0 0 0 0 0 0 0 0 1 1 1 144 206 1 0 0 0 0 0 0 0 0 0 0 0 0 0 0 0 0 0 0 0 0 0 0 0 0 0 0 0 0 0 0 0 0 0 0 0 0 0 0 0 0 0 0 0 0 0 1 1 1 0 0 0 0 1 1 1 1 0 1 1 0 0 0 0 0 1 1 0 1 45 243 232 13 1 1 1 0 0 0 0 0 0 0 0 0 0 0 0 1 78 176 1 1 0 0 0 1 0 0 0 0 0 0
0 0 0 0 0 0 0 0 0 1 0 1 3 85 17 1 1 1 2 8 4 2 8 6 1 1 0 0 1 1 1 1 6 29 3 1 1 1 1 1 1 5 1 0 0 0 0 0 0 0 0 0 0 0 0 0 0 0 0 0 0 0 0 0 0 0 0 0 0 1 1 1 5 14 3 1 1 1 1 1 1 1 1 3 40 255 255 14 1 1 0 1 0 0 0 0 0 0 0 0 0 0 0 0 0 0 0 0 0 0 0 0 0 0 0 0 0 0 0 0 0 0 0 0 0 0 0 0 0 0 0 0 0 0 0 0 0 0 0 0 0 0 0 0 0 0 0 0 0 1 1 1 1 1 36 199 142 5 1 1 1 1 1 1 1 1 1 255 255 3 1 1 0 1 1 0 0 0 0 0 0 0 0 0 0 0 0 0 0 0 0 0 0 0 0 0 0 1 0 0 0 0 0 0 0 0 0 0 1 0 0 0 0 0 0 0 0 0 0 0 0 0 1 0 1 69 1 1 1 0 0 0 0 0 0 0 0 0 0 0 3 1 1 0 0 0 0 0 0 2 1 1 1 0 0 0 0 1 0 1 0 0 1 1 1 1 1 1 1 1 255 255 255 98 101 1 1 1 0 0 0 0 0 0 0 0 0 0 0 0 0 0 0 0 0 0 0 0 0 0 0 0 0 0 0 0 0 0 0 0 0 0 0 0 0 0 0 0 0 0 0 0 0 0 0 0 0 0 0 0 0 0 0 0 1 1 1 1 1 1 0 0 0 0 0 0 0 0 0 0 0 0 0 0 0 0 0 0 0 0 0 0 0 0 0 0 0 0 0 0 0 0 0 0 0 0 0 0 0 0 0 0 0 0 0 0 0 0 0 0 0 0 0 0 0 0 0 0 0 0 0 0 0 0 0 1 1 2 233 66 1 0 0 0 0 0 0 0 0 0 0 0 0 0 0 0 0 0 0 0 0 0 0 0 0 0 0 0 0 0 0 0 0 0 0 0 0 0 0 0 0 0 0 0 1 1 1 1 1 1 1 1 1 0 0 0 1 1 0 0 0 0 0 0 0 1 1 1 1 10 230 243 69 1 1 1 0 0 0 0 0 0 0 0 0 0 0 1 179 72 1 0 0 0 0 1 0 0 0 0 0 0
1 0 0 0 0 0 0 0 0 1 1 1 1 72 34 3 1 1 1 2 6 8 14 5 1 1 0 0 0 1 1 1 1 6 28 3 1 1 1 1 1 5 1 0 0 0 0 0 0 0 0 0 0 0 0 0 0 0 0 0 0 0 0 0 0 0 0 0 0 1 1 6 14 2 1 1 1 1 1 1 1 1 2 5 69 255 255 12 1 1 0 1 0 0 0 0 0 0 0 0 0 0 0 0 0 0 0 0 0 0 0 0 0 0 0 0 0 0 0 0 0 0 0 0 0 0 0 0 0 0 0 0 0 0 0 0 0 0 0 0 0 0 0 0 0 0 0 0 1 1 1 1 2 90 204 59 2 1 1 1 1 1 1 1 1 1 1 195 255 29 1 1 0 1 0 0 0 0 0 0 0 0 0 0 0 0 0 0 0 0 0 0 0 0 0 0 1 1 0 0 0 0 0 0 0 0 0 1 1 0 0 0 0 0 0 0 0 0 0 0 0 0 1 0 2 67 1 1 1 0 0 0 0 0 0 0 0 0 0 0 3 1 1 0 0 0 0 0 0 2 1 1 1 0 0 0 1 1 1 1 0 0 1 1 0 1 1 1 1 148 255 255 111 124 1 0 1 0 0 0 0 0 0 0 0 0 0 0 0 0 0 0 0 0 0 0 0 0 0 0 0 0 0 0 0 0 0 0 0 0 0 0 0 0 0 0 0 0 0 0 0 0 0 0 0 0 0 0 0 0 0 0 0 0 0 1 1 2 1 1 1 0 0 0 0 0 0 0 0 0 0 0 0 0 0 0 0 0 0 0 0 0 0 0 0 0 0 0 0 0 0 0 0 0 0 0 0 0 0 0 0 0 0 0 0 0 0 0 0 0 0 0 0 0 0 0 0 0 0 0 0 0 0 0 0 1 1 1 86 228 2 1 0 0 0 0 0 0 0 0 0 0 0 0 0 0 0 0 0 0 0 0 0 0 0 0 0 0 0 0 0 0 0 0 0 0 0 0 0 0 0 0 0 0 1 0 0 1 1 0 0 0 0 0 0 0 1 1 0 0 0 0 0 0 0 0 0 1 1 1 2 201 248 147 1 1 1 1 0 0 0 0 0 0 0 0 0 1 209 3 0 0 0 1 1 0 0 0 0 0 0 0
1 1 0 0 0 0 0 0 0 0 1 1 1 24 72 10 2 1 1 1 1 3 20 5 1 1 1 0 0 1 1 1 1 1 7 27 3 1 1 1 2 4 1 0 0 0 0 0 0 0 0 0 0 0 0 0 0 0 0 0 0 0 0 0 0 0 0 0 1 1 8 12 2 1 1 0 1 1 1 1 1 1 3 21 176 255 255 6 1 1 1 1 0 0 0 0 0 0 0 0 0 0 0 0 0 0 0 0 0 0 0 0 0 0 0 0 0 0 0 0 0 0 0 0 0 0 0 0 0 0 0 0 0 0 0 0 0 0 0 0 0 0 0 0 0 0 0 1 1 1 1 1 71 198 14 1 1 1 1 1 1 1 1 1 1 1 1 88 255 137 1 1 1 0 0 0 0 0 0 0 0 0 0 0 0 0 0 0 0 0 0 0 0 0 0 0 1 0 0 0 0 0 0 0 0 0 0 1 1 0 0 0 0 0 0 0 0 0 0 0 0 0 1 0 2 64 1 1 1 0 0 0 0 0 0 0 0 0 0 0 3 1 1 0 0 0 0 0 0 2 1 1 1 0 0 0 1 1 1 0 0 1 1 0 1 1 1 1 8 255 255 168 130 1 1 1 1 0 0 0 0 0 0 0 0 0 0 0 0 0 0 0 0 0 0 0 0 0 0 0 0 0 0 0 0 0 0 0 0 0 0 0 0 0 0 0 0 0 0 0 0 0 0 0 0 0 0 0 0 0 0 0 0 0 0 1 1 1 1 1 1 1 0 0 0 0 0 0 0 0 0 0 0 0 0 0 0 0 0 0 0 0 0 0 0 0 0 0 0 0 0 0 0 0 0 0 0 0 0 0 0 0 0 0 0 0 0 0 0 0 0 0 0 0 0 0 0 0 0 0 0 0 0 0 0 0 1 1 1 219 122 1 1 0 0 0 0 0 0 0 0 0 0 0 0 0 0 0 0 0 0 0 0 0 0 0 0 0 0 0 0 0 0 0 0 0 0 0 0 0 0 0 0 1 1 0 0 0 0 1 1 0 0 0 0 1 1 0 0 0 0 0 0 0 0 0 0 0 1 1 1 1 151 248 213 9 1 1 1 0 0 0 0 0 0 0 0 1 211 1 0 0 0 1 0 0 0 0 0 0 0 0
0 0 1 0 0 0 0 0 0 0 0 1 1 2 47 59 11 3 1 1 1 1 21 6 1 1 1 0 0 0 1 1 1 1 1 6 25 3 1 1 4 2 1 0 0 0 0 0 0 0 0 0 0 0 0 0 0 0 0 0 0 0 0 0 0 0 0 1 1 10 10 2 1 1 0 1 1 1 1 1 1 5 32 198 255 255 211 15 1 1 1 1 0 0 0 0 0 0 0 0 0 0 0 0 0 0 0 0 0 0 0 0 0 0 0 0 0 0 0 0 0 0 0 0 0 0 0 0 0 0 0 0 0 0 0 0 0 0 0 0 0 0 0 0 0 0 1 1 1 1 1 21 209 20 1 1 1 1 1 1 1 1 1 0 0 1 1 67 255 136 1 1 1 0 0 0 0 0 0 0 0 0 0 0 0 0 0 0 0 0 0 0 0 0 0 0 1 0 0 0 0 0 0 0 0 0 0 1 1 0 0 0 0 0 0 0 0 0 0 0 0 0 1 0 2 62 1 1 1 0 0 0 0 0 0 0 0 0 0 0 3 1 1 0 0 0 0 0 1 2 1 1 1 1 0 1 1 1 0 0 1 1 0 0 1 1 1 1 255 255 253 142 1 1 0 1 0 0 0 0 0 0 0 0 0 0 0 0 0 0 0 0 0 0 0 0 0 0 0 0 0 0 0 0 0 0 0 0 0 0 0 0 0 0 0 0 0 0 0 0 0 0 0 0 0 0 0 0 0 0 0 0 0 0 0 1 1 1 1 1 1 1 0 0 0 0 0 0 0 0 0 0 0 0 0 0 0 0 0 0 0 0 0 0 0 0 0 0 0 0 0 0 0 0 0 0 0 0 0 0 0 0 0 0 0 0 0 0 0 0 0 0 0 0 0 0 0 0 0 0 0 0 0 0 0 0 0 1 1 28 238 5 1 1 0 0 0 0 0 0 0 0 0 0 0 0 0 0 0 0 0 0 0 0 0 0 0 0 0 0 0 0 0 0 0 0 0 0 0 0 0 0 0 1 0 0 0 0 0 0 0 1 1 1 0 1 1 0 0 0 0 0 0 0 0 0 0 0 0 0 1 1 1 80 241 238 113 1 1 1 1 0 0 0 0 0 1 11 204 1 0 1 1 0 0 0 0 0 0 0 0 0
0 0 0 1 0 0 0 0 0 0 0 0 1 1 2 41 80 39 5 1 1 2 24 4 1 1 1 0 0 0 0 1 1 1 1 1 6 24 3 1 5 1 1 1 0 0 0 0 0 0 0 0 0 0 0 0 0 0 0 0 0 0 0 0 0 0 1 1 8 11 2 1 1 1 1 1 1 1 1 2 12 160 255 255 255 123 108 150 4 1 0 1 1 0 0 0 0 0 0 0 0 0 0 0 0 0 0 0 0 0 0 0 0 0 0 0 0 0 0 0 0 0 0 0 0 0 0 0 0 0 0 0 0 0 0 0 0 0 0 0 0 0 0 0 0 0 1 1 1 1 6 195 72 1 1 1 1 1 1 1 1 1 1 0 1 1 1 159 255 24 1 1 0 0 0 0 0 0 0 0 0 0 0 0 0 0 0 0 0 0 0 0 0 0 0 0 1 0 0 0 0 0 0 0 0 0 0 1 1 0 0 0 0 0 0 0 0 0 0 0 0 0 1 0 3 58 1 1 1 0 0 0 0 0 0 0 0 0 0 1 3 1 1 0 0 0 0 0 1 2 1 1 1 1 1 1 1 1 0 1 1 1 0 1 1 1 1 167 255 255 175 3 1 1 1 0 0 0 0 0 0 0 0 0 0 0 0 0 0 0 0 0 0 0 0 0 0 0 0 0 0 0 0 0 0 0 0 0 0 0 0 0 0 0 0 0 0 0 0 0 0 0 0 0 0 0 0 0 0 0 0 0 0 0 0 0 1 1 2 1 1 1 1 0 0 0 0 0 0 0 0 0 0 0 0 0 0 0 0 0 0 0 0 0 0 0 0 0 0 0 0 0 0 0 0 0 0 0 0 0 0 0 0 0 0 0 0 0 0 0 0 0 0 0 0 0 0 0 0 0 0 0 0 0 0 0 0 1 1 1 181 178 1 1 0 0 0 0 0 0 0 0 0 0 0 0 0 0 0 0 0 0 0 0 0 0 0 0 0 0 0 0 0 0 0 0 0 0 0 0 0 0 1 1 0 0 0 0 0 0 0 0 0 1 1 1 0 0 0 0 0 0 0 0 0 0 0 0 0 0 0 1 1 1 10 221 241 210 22 1 1 1 1 0 0 0 1 148 118 1 1 1 0 0 0 0 0 0 0 0 0 0
1 0 0 1 1 0 0 0 0 0 0 0 0 1 1 1 12 64 74 5 1 2 27 3 1 0 1 1 1 0 0 0 1 1 1 1 1 6 24 5 6 1 1 1 1 0 0 0 0 0 0 0 0 0 0 0 0 0 0 0 0 0 0 0 1 1 1 3 18 2 1 1 0 1 1 1 1 1 2 41 255 255 255 253 65 6 4 148 97 2 1 1 1 1 0 0 0 0 0 0 0 0 0 0 0 0 0 0 0 0 0 0 0 0 0 0 0 0 0 0 0 0 0 0 0 0 0 0 0 0 0 0 0 0 0 0 0 0 0 0 0 0 0 0 0 1 1 1 1 3 153 137 2 1 1 1 1 1 1 1 1 1 0 0 1 1 1 255 255 2 1 0 0 0 0 0 0 0 0 0 0 0 0 0 0 0 0 0 0 0 0 0 0 0 0 1 0 0 0 0 0 0 0 0 0 0 0 1 1 0 0 0 0 0 0 0 0 0 0 0 0 0 1 1 5 49 1 1 1 0 0 0 0 0 0 0 0 0 0 1 3 1 1 0 0 0 0 1 1 1 1 1 1 1 1 1 1 1 1 1 1 0 1 1 1 1 10 255 255 209 21 1 1 1 1 0 0 0 0 0 0 0 0 0 0 0 0 0 0 0 0 0 0 0 0 0 0 0 0 0 0 0 0 0 0 0 0 0 0 0 0 0 0 0 0 0 0 0 0 0 0 0 0 0 0 0 0 0 0 0 0 0 0 0 0 0 1 1 1 1 1 1 1 0 0 0 0 0 0 0 0 0 0 0 0 0 0 0 0 0 0 0 0 0 0 0 0 0 0 0 0 0 0 0 0 0 0 0 0 0 0 0 0 0 0 0 0 0 0 0 0 0 0 0 0 0 0 0 0 0 0 0 0 0 0 0 0 0 1 1 5 238 28 1 1 0 0 0 0 0 0 0 0 0 0 0 0 0 0 0 0 0 0 0 0 0 0 0 0 0 0 0 0 0 0 0 0 0 0 0 0 0 1 1 0 0 0 0 0 0 0 0 0 0 1 1 0 0 0 0 0 0 0 0 0 0 0 0 0 0 0 0 1 1 1 1 168 232 226 174 3 1 1 1 1 0 1 208 3 1 1 0 0 0 0 0 0 0 0 0 0 0
1 1 0 0 1 1 0 0 0 0 0 0 0 1 1 3 3 6 62 47 3 3 28 2 1 1 0 1 1 0 0 0 0 1 1 1 1 1 5 26 12 2 1 1 1 1 0 0 0 0 0 0 0 0 0 0 0 0 0 0 0 0 1 1 1 1 1 15 6 1 1 0 1 1 1 1 1 3 103 255 255 255 93 14 3 1 1 13 171 41 1 1 1 1 0 0 0 0 0 0 0 0 0 0 0 0 0 0 0 0 0 0 0 0 0 0 0 0 0 0 0 0 0 0 0 0 0 0 0 0 0 0 0 0 0 0 0 0 0 0 0 0 0 1 1 1 1 1 2 92 181 4 1 1 1 1 1 1 1 0 1 1 0 0 1 1 31 255 253 1 1 1 1 1 1 1 0 0 0 0 0 0 0 0 0 0 0 0 0 0 0 0 0 0 0 1 0 0 0 0 0 0 0 0 0 0 0 1 1 0 0 0 0 0 0 0 0 0 0 0 0 0 1 1 8 37 1 0 1 0 0 0 0 0 0 0 0 0 1 3 1 1 0 0 0 0 1 1 1 1 1 1 0 0 1 1 1 1 1 1 0 1 1 1 1 2 255 255 253 88 1 1 1 1 0 0 0 0 0 0 0 0 0 0 0 0 0 0 0 0 0 0 0 0 0 0 0 0 0 0 0 0 0 0 0 0 0 0 0 0 0 0 0 0 0 0 0 0 0 0 0 0 0 0 0 0 0 0 0 0 0 0 0 0 0 0 1 1 1 1 1 1 1 0 0 0 0 0 0 0 0 0 0 0 0 0 0 0 0 0 0 0 0 0 0 0 0 0 0 0 0 0 0 0 0 0 0 0 0 0 0 0 0 0 0 0 0 0 0 0 0 0 0 0 0 0 0 0 0 0 0 0 0 0 0 0 0 0 1 1 1 122 219 1 1 0 0 0 0 0 0 0 0 0 0 0 0 0 0 0 0 0 0 0 0 0 0 0 0 0 0 0 0 0 0 0 0 0 0 0 0 0 1 0 0 0 0 0 0 0 0 0 0 1 1 0 0 0 0 0 0 0 0 0 0 0 0 0 0 0 0 0 0 0 1 1 1 83 230 179 224 129 1 1 1 1 10 202 1 1 0 0 0 0 0 0 0 0 0 0 0 0
1 1 1 0 0 1 1 0 0 0 0 1 1 1 3 2 1 2 7 77 24 4 30 2 1 1 0 0 1 1 0 0 0 0 0 1 1 1 1 4 25 16 5 2 1 1 1 1 0 0 0 0 0 0 0 0 0 0 0 0 1 1 1 1 1 1 4 17 1 1 0 1 1 1 1 1 2 109 255 255 181 21 4 2 1 1 1 1 48 168 13 1 1 1 1 0 0 0 0 0 0 0 0 0 0 0 0 0 0 0 0 0 0 0 0 0 0 0 0 0 0 0 0 0 0 0 0 0 0 0 0 0 0 0 0 0 0 0 0 0 0 0 1 1 1 1 1 2 37 204 13 1 1 1 1 1 1 1 0 0 1 1 1 1 1 1 191 255 13 1 1 0 0 0 0 0 0 0 0 0 0 0 0 0 0 0 0 0 0 0 0 0 0 0 1 1 0 0 0 0 0 0 0 0 0 0 0 1 1 1 0 0 0 0 0 0 0 0 0 0 0 0 1 1 15 26 1 0 1 0 0 0 0 0 0 0 0 1 3 1 1 1 0 0 0 1 1 1 1 1 1 1 0 1 1 1 1 0 1 1 0 1 1 1 1 191 255 255 167 1 1 1 1 0 0 0 0 0 0 0 0 0 0 0 0 0 0 0 0 0 0 0 0 0 0 0 0 0 0 0 0 0 0 0 0 0 0 0 0 0 0 0 0 0 0 0 0 0 0 0 0 0 0 0 0 0 0 0 0 0 0 0 0 0 0 0 0 1 1 2 1 1 1 1 0 0 0 0 0 0 0 0 0 0 0 0 0 0 0 0 0 0 0 0 0 0 0 0 0 0 0 0 0 0 0 0 0 0 0 0 0 0 0 0 0 0 0 0 0 0 0 0 0 0 0 0 0 0 0 0 0 0 0 0 0 0 0 0 0 1 1 2 231 86 1 1 0 0 0 0 0 0 0 0 0 0 0 0 0 0 0 0 0 0 0 0 0 0 0 0 0 0 0 0 0 0 0 0 0 0 0 1 1 0 0 0 0 0 0 0 0 0 0 1 1 0 0 0 0 0 0 0 0 0 0 0 0 0 0 0 0 0 0 0 0 1 1 1 7 218 160 175 221 69 1 1 172 73 1 1 0 0 0 0 0 0 0 0 0 0 0 0
1 1 1 1 0 0 1 1 0 0 0 0 1 1 4 1 1 1 1 12 75 21 32 4 1 1 1 0 0 1 1 0 0 1 1 0 1 1 1 5 8 4 15 17 6 2 1 1 1 0 0 0 0 0 0 0 0 0 1 1 1 1 1 1 1 1 16 5 1 1 0 1 0 1 1 1 23 255 255 103 8 2 1 1 1 1 1 1 2 107 136 5 1 1 1 0 0 0 0 0 0 0 0 0 0 0 0 0 0 0 0 0 0 0 0 0 0 0 0 0 0 0 0 0 0 0 0 0 0 0 0 0 0 0 0 0 1 1 1 1 1 1 1 1 1 1 2 15 199 50 1 1 1 0 1 1 1 1 1 1 1 1 0 1 1 2 255 255 1 1 1 0 0 0 0 0 0 0 0 0 0 0 0 0 0 0 0 0 0 0 0 0 0 0 1 0 0 0 0 0 0 0 0 0 0 0 0 1 1 1 1 0 0 0 0 0 0 0 0 0 0 0 1 1 18 19 1 0 1 0 0 0 0 0 0 0 0 3 1 1 0 0 0 0 1 1 1 1 1 1 1 1 1 1 1 0 0 0 1 0 1 1 1 1 14 255 255 215 5 1 1 1 1 0 0 0 0 0 0 0 0 0 0 0 0 0 0 0 0 0 0 0 0 0 0 0 0 0 0 0 0 0 0 0 0 0 0 0 0 0 0 0 0 0 0 0 0 0 0 0 0 0 0 0 0 0 0 0 0 0 0 0 0 0 0 0 0 1 1 1 1 1 1 1 0 0 0 0 0 0 0 0 0 0 0 0 0 0 0 0 0 0 0 0 0 0 0 0 0 0 0 0 0 0 0 0 0 0 0 0 0 0 0 0 0 0 0 0 0 0 0 0 0 0 0 0 0 0 0 0 0 0 0 0 0 0 0 0 0 0 1 1 67 234 2 1 1 0 0 0 0 0 0 0 0 0 0 0 0 0 0 0 0 0 0 0 0 0 0 0 0 0 0 0 0 0 0 0 0 0 0 1 0 0 0 0 0 0 0 0 0 0 1 1 1 0 0 0 0 0 0 0 0 0 0 0 0 0 0 0 0 0 0 0 0 0 1 1 1 1 175 206 36 206 223 118 205 1 0 1 1 0 0 0 0 0 0 0 0 0 0 0
1 1 1 1 0 0 0 1 1 0 0 1 1 4 1 0 0 1 1 1 16 75 45 7 1 1 1 0 0 1 1 0 1 1 1 1 1 1 1 7 6 1 1 3 15 17 6 2 1 1 1 1 1 1 1 1 1 1 1 1 1 1 1 1 1 5 15 1 1 1 1 0 0 1 1 2 253 255 153 5 2 1 1 1 1 1 1 1 1 26 124 101 2 1 1 0 0 0 0 0 0 0 0 0 0 0 0 0 0 0 0 0 0 0 0 0 0 0 0 0 0 0 0 0 0 0 0 0 0 0 0 0 0 0 0 1 1 0 0 0 1 1 1 1 1 1 12 182 91 1 1 1 1 1 1 1 1 0 0 0 1 1 0 1 1 86 255 162 1 1 1 0 0 0 0 0 0 0 0 0 0 0 0 0 0 0 0 0 0 0 0 0 0 0 1 0 0 0 0 0 0 0 0 0 0 0 0 1 1 0 1 0 0 0 0 0 0 0 0 0 0 1 1 6 10 17 1 0 1 0 0 0 0 0 0 0 0 3 1 0 0 0 0 0 1 1 1 1 1 1 1 1 1 1 0 0 0 1 1 1 1 1 1 2 255 255 253 71 1 1 0 1 0 0 0 0 0 0 0 0 0 0 0 0 0 0 0 0 0 0 0 0 0 0 0 0 0 0 0 0 0 0 0 0 0 0 0 0 0 0 0 0 0 0 0 0 0 0 0 0 0 0 0 0 0 0 0 0 0 0 0 0 0 0 0 0 1 1 1 1 2 1 1 1 0 0 0 0 0 0 0 0 0 0 0 0 0 0 0 0 0 0 0 0 0 0 0 0 0 0 0 0 0 0 0 0 0 0 0 0 0 0 0 0 0 0 0 0 0 0 0 0 0 0 0 0 0 0 0 0 0 0 0 0 0 0 0 0 0 0 1 1 1 207 143 1 1 0 0 0 0 0 0 0 0 0 0 0 0 0 0 0 0 0 0 0 0 0 0 0 0 0 0 0 0 0 0 0 0 0 1 1 0 0 0 0 0 0 0 0 0 0 1 1 0 0 0 0 0 0 0 0 0 0 0 0 0 0 0 0 0 0 0 0 0 0 0 1 1 1 1 107 226 75 219 222 139 1 0 0 1 0 0 0 0 0 0 0 0 0 0 0
3 1 1 1 1 0 0 0 1 1 1 1 3 2 1 0 0 0 1 1 2 28 87 18 2 1 1 1 1 0 1 1 1 0 0 1 1 1 1 3 11 1 1 1 1 4 15 17 5 2 1 1 1 1 1 1 1 1 0 1 1 1 1 1 2 18 3 1 1 1 0 0 0 1 1 17 255 255 15 2 1 1 1 1 1 1 1 1 2 19 8 141 75 1 1 0 0 0 0 0 0 0 0 0 0 0 0 0 0 0 0 0 0 0 0 0 0 0 0 0 0 0 0 0 0 0 0 0 0 0 0 0 0 0 0 1 0 0 0 1 1 1 1 1 1 15 179 107 2 1 1 1 0 1 1 1 0 0 0 1 1 1 0 1 1 246 255 3 1 1 1 0 0 0 0 0 0 0 0 0 0 0 0 0 0 0 0 0 0 0 0 0 0 0 1 0 0 0 0 0 0 0 0 0 0 0 0 1 1 0 1 1 0 0 0 0 0 0 0 1 1 1 1 9 7 14 1 0 1 0 0 0 0 0 0 0 0 4 1 0 0 0 0 0 1 1 1 1 1 1 1 1 1 1 0 1 1 1 0 1 1 1 1 217 255 255 161 1 1 0 1 0 0 0 0 0 0 0 0 0 0 0 0 0 0 0 0 0 0 0 0 0 0 0 0 0 0 0 0 0 0 0 0 0 0 0 0 0 0 0 0 0 0 0 0 0 0 0 0 0 0 0 0 0 0 0 0 0 0 0 0 0 0 0 0 0 1 0 1 1 1 1 1 1 0 0 0 0 0 0 0 0 0 0 0 0 0 0 0 0 0 0 0 0 0 0 0 0 0 0 0 0 0 0 0 0 0 0 0 0 0 0 0 0 0 0 0 0 0 0 0 0 0 0 0 0 0 0 0 0 0 0 0 0 0 0 0 0 0 0 0 1 1 18 238 10 1 1 0 0 0 0 0 0 0 0 0 0 0 0 0 0 0 0 0 0 0 0 0 0 0 0 0 0 0 0 0 0 0 0 1 1 0 0 0 0 0 0 0 0 0 1 1 0 0 0 0 0 0 0 0 0 0 0 0 0 0 0 0 0 0 0 0 0 0 0 0 1 0 1 1 1 21 226 238 130 150 126 2 1 0 0 0 0 0 0 0 0 0 0 0 0
44 2 1 1 1 1 1 1 0 1 1 4 1 0 0 0 0 0 0 1 1 2 52 75 12 2 1 1 1 1 1 0 1 0 0 0 1 1 1 1 10 3 1 0 1 1 1 4 16 18 6 2 1 1 1 1 1 1 1 1 1 1 1 1 7 12 1 1 1 1 0 0 0 1 1 166 255 161 3 1 1 1 1 1 1 1 1 1 14 4 1 22 171 7 1 0 0 0 0 0 0 0 0 0 0 0 0 0 0 0 0 0 0 0 0 0 0 0 0 0 0 0 0 0 0 0 0 0 0 0 0 0 0 0 0 1 0 0 1 1 1 1 1 2 23 191 96 2 1 1 1 0 0 0 0 1 1 0 0 1 0 1 1 1 8 255 255 1 1 0 1 0 1 1 1 1 1 1 1 1 1 1 1 1 1 1 1 1 1 1 1 0 0 0 1 0 0 0 0 0 0 0 0 0 0 0 0 1 1 0 0 1 1 0 0 0 1 1 1 1 1 1 7 2 9 12 1 1 1 0 0 0 0 0 0 0 1 4 1 0 0 0 0 1 1 1 1 1 1 1 1 1 1 0 1 1 1 0 0 1 1 1 21 255 255 210 3 1 0 1 1 0 0 0 0 0 0 0 0 0 0 0 0 0 0 0 0 0 0 0 0 0 0 0 0 0 0 0 0 0 0 0 0 0 0 0 0 0 0 0 0 0 0 0 0 0 0 0 0 0 0 0 0 0 0 0 0 0 0 0 0 0 0 0 0 1 1 0 1 1 1 1 1 1 0 0 0 0 0 0 0 0 0 0 0 0 0 0 0 0 0 0 0 0 0 0 0 0 0 0 0 0 0 0 0 0 0 0 0 0 0 0 0 0 0 0 0 0 0 0 0 0 0 0 0 0 0 0 0 0 0 0 0 0 0 0 0 0 0 0 0 1 1 1 165 191 1 1 0 0 0 0 0 0 0 0 0 0 0 0 0 0 0 0 0 0 0 0 0 0 0 0 0 0 0 0 0 0 0 0 1 0 0 0 0 0 0 0 0 0 0 1 1 0 0 0 0 0 0 0 0 0 0 0 0 0 0 0 0 0 0 0 0 0 0 0 0 1 1 0 1 1 1 82 248 217 59 61 159 46 1 1 0 0 0 0 0 0 0 0 0 0
255 38 2 1 1 1 1 1 1 1 4 1 0 0 0 0 0 0 0 0 1 1 4 61 78 16 2 1 1 1 1 1 0 1 1 1 1 1 1 1 3 11 1 1 0 0 0 1 1 4 16 19 7 2 1 1 1 1 1 1 1 1 1 2 19 2 1 0 1 1 0 0 1 1 4 255 255 27 2 1 1 1 1 1 1 1 1 11 5 1 1 2 166 37 1 0 0 0 0 0 0 0 0 0 0 0 0 0 0 0 0 0 0 0 0 0 0 0 0 0 0 0 0 0 0 0 0 0 0 0 0 0 0 0 0 1 1 1 1 1 1 1 2 31 198 73 1 1 1 0 0 0 0 0 0 0 1 0 0 1 0 0 1 1 140 255 48 1 1 0 1 0 1 1 1 1 1 1 1 1 1 1 1 1 1 1 1 1 1 1 1 1 1 1 1 1 1 1 1 1 1 1 1 1 1 1 1 2 1 1 2 3 3 5 8 6 5 5 4 4 4 6 13 2 13 9 1 1 0 0 0 0 0 0 0 0 1 3 1 1 1 1 1 1 1 1 1 1 1 1 0 1 0 0 1 0 0 0 1 1 1 2 255 255 250 60 1 1 1 1 0 0 0 0 0 0 0 0 0 0 0 0 0 0 0 0 0 0 0 0 0 0 0 0 0 0 0 0 0 0 0 0 0 0 0 0 0 0 0 0 0 0 0 0 0 0 0 0 0 0 0 0 0 0 0 0 0 0 0 0 0 0 0 0 0 1 1 0 1 1 1 2 1 1 1 0 0 0 0 0 0 0 0 0 0 0 0 0 0 0 0 0 0 0 0 0 0 0 0 0 0 0 0 0 0 0 0 0 0 0 0 0 0 0 0 0 0 0 0 0 0 0 0 0 0 0 0 0 0 0 0 0 0 0 0 0 0 0 0 0 0 0 1 1 3 236 44 1 1 0 0 0 0 0 0 0 0 0 0 0 0 0 0 0 0 0 0 0 0 0 0 0 0 0 0 0 0 0 0 1 1 0 0 0 0 0 0 0 0 0 0 1 1 0 0 0 0 0 0 0 0 0 0 0 0 0 0 0 0 0 0 0 0 0 0 0 0 0 1 0 0 0 1 174 226 236 199 122 11 133 144 10 1 1 0 0 0 0 0 0 0 0
255 255 34 1 1 1 1 1 1 3 1 1 0 0 0 0 0 0 0 0 0 1 1 3 47 92 19 2 1 1 1 1 1 1 0 0 0 1 1 1 1 7 6 1 1 0 0 0 0 1 1 3 15 20 7 2 1 1 1 1 1 1 1 10 8 1 1 0 0 1 1 1 1 1 26 255 255 5 1 1 1 1 1 1 1 0 5 11 1 1 1 6 177 9 1 0 0 0 0 0 0 0 0 0 0 0 0 0 0 0 0 0 0 0 0 0 0 0 0 0 0 0 0 0 0 0 0 0 0 0 0 0 0 0 0 1 1 1 1 1 1 2 38 199 55 1 1 1 0 0 0 0 0 0 0 0 1 1 1 1 0 0 1 1 255 255 2 1 1 1 1 1 0 1 1 0 0 0 0 0 0 0 1 1 1 1 0 0 0 0 0 0 0 1 1 0 0 0 1 1 1 1 1 1 1 1 1 1 1 1 1 2 2 14 14 17 18 20 23 25 25 21 11 10 16 6 1 1 1 1 1 1 1 1 1 1 2 4 2 2 2 2 2 2 1 1 1 1 1 0 1 1 0 0 1 0 1 1 1 1 1 235 255 255 152 1 1 0 1 0 0 0 0 0 0 0 0 0 0 0 0 0 0 0 0 0 0 0 0 0 0 0 0 0 0 0 0 0 0 0 0 0 0 0 0 0 0 0 0 0 0 0 0 0 0 0 0 0 0 0 0 0 0 0 0 0 0 0 0 0 0 0 0 0 0 1 0 0 1 1 0 1 1 1 1 0 0 0 0 0 0 0 0 0 0 0 0 0 0 0 0 0 0 0 0 0 0 0 0 0 0 0 0 0 0 0 0 0 0 0 0 0 0 0 0 0 0 0 0 0 0 0 0 0 0 0 0 0 0 0 0 0 0 0 0 0 0 0 0 0 0 0 1 1 1 110 224 1 1 0 0 0 0 0 0 0 0 0 0 0 0 0 0 0 0 0 0 0 0 0 0 0 0 0 0 0 0 0 0 1 0 0 0 0 0 0 0 0 0 0 1 1 0 0 0 0 0 0 0 0 0 0 0 0 0 0 0 0 0 0 0 0 0 0 0 0 0 0 1 0 0 0 1 202 170 190 180 215 174 74 36 158 136 11 1 1 1 0 0 0 0 0
132 255 255 33 1 1 1 1 3 1 0 1 1 0 0 0 0 0 0 0 0 0 1 1 3 35 90 9 2 1 1 1 1 1 1 0 0 0 1 1 1 1 10 4 1 1 0 0 0 0 0 1 1 3 14 21 9 3 2 1 1 1 3 16 1 1 0 0 0 1 1 1 1 1 125 255 128 3 1 1 1 1 1 1 1 1 16 2 1 1 1 51 159 2 1 0 0 0 0 0 0 0 0 0 0 0 0 0 0 0 0 0 0 0 0 0 0 0 0 0 0 0 0 0 0 0 0 0 0 0 0 0 0 1 1 1 1 1 1 1 2 47 199 42 1 1 1 0 0 0 0 0 0 0 0 0 1 1 1 0 0 1 1 35 255 240 1 1 1 1 1 1 0 1 0 0 0 0 0 0 0 0 0 0 0 0 0 0 0 0 0 0 0 1 0 0 0 0 1 1 1 0 0 0 0 0 1 1 0 0 0 0 1 2 1 1 1 1 1 1 1 1 1 1 4 4 1 1 1 0 0 0 1 1 1 1 2 3 1 1 1 1 1 1 1 1 1 1 0 0 1 0 0 0 1 0 1 1 1 1 30 255 255 205 2 1 0 1 1 0 0 0 0 0 0 0 0 0 0 0 0 0 0 0 0 0 0 0 0 0 0 0 0 0 0 0 0 0 0 0 0 0 0 0 0 0 0 0 0 0 0 0 0 0 0 0 0 0 0 0 0 0 0 0 0 0 0 0 0 0 0 0 0 0 1 1 0 0 0 1 1 1 2 1 1 1 0 0 0 0 0 0 0 0 0 0 0 0 0 0 0 0 0 0 0 0 0 0 0 0 0 0 0 0 0 0 0 0 0 0 0 0 0 0 0 0 0 0 0 0 0 0 0 0 0 0 0 0 0 0 0 0 0 0 0 0 0 0 0 0 0 0 0 1 1 1 226 102 1 1 0 0 0 0 0 0 0 0 0 0 0 0 0 0 0 0 0 0 0 0 0 0 0 0 0 0 0 0 1 1 0 0 0 0 0 0 0 0 0 0 1 1 0 0 0 0 0 0 0 0 0 0 0 0 0 0 0 0 0 0 0 0 0 0 0 0 0 0 1 1 0 0 1 219 145 188 6 47 200 209 160 61 47 157 159 79 3 1 1 1 1 0
4 118 255 255 30 1 2 3 1 1 1 1 1 1 0 0 0 0 0 0 0 0 1 1 1 3 73 57 5 2 1 1 1 0 1 1 0 0 0 1 1 1 2 12 2 1 1 0 0 0 0 0 1 1 1 2 11 19 16 7 4 3 14 4 1 1 0 0 0 0 1 1 1 1 235 255 48 2 1 1 1 1 1 1 1 1 17 2 0 1 1 114 114 6 2 1 1 0 0 0 0 0 0 0 0 0 0 0 0 0 0 0 0 0 0 0 0 0 0 0 0 0 0 0 0 0 0 0 0 0 0 1 1 1 1 1 1 1 1 3 77 199 34 1 1 1 0 0 0 0 0 0 0 0 0 0 1 1 1 0 0 1 1 189 255 9 1 1 0 1 1 1 1 1 0 0 0 0 0 0 0 0 0 0 0 0 0 0 0 0 0 0 0 1 0 0 0 0 0 0 0 0 0 0 0 0 0 0 0 0 0 0 0 1 1 0 0 1 1 1 0 0 1 1 3 3 1 1 1 1 0 0 0 0 0 0 2 2 1 0 1 1 1 1 1 1 1 1 0 1 0 0 0 1 1 1 1 1 1 2 255 255 246 51 1 1 1 1 0 0 0 0 0 0 0 0 0 0 0 0 0 0 0 0 0 0 0 0 0 0 0 0 0 0 0 0 0 0 0 0 0 0 0 0 0 0 0 0 0 0 0 0 0 0 0 0 0 0 0 0 0 0 0 0 0 0 0 0 0 0 0 0 0 0 1 1 0 0 0 1 1 1 2 1 1 1 0 0 0 0 0 0 0 0 0 0 0 0 0 0 0 0 0 0 0 0 0 0 0 0 0 0 0 0 0 0 0 0 0 0 0 0 0 0 0 0 0 0 0 0 0 0 0 0 0 0 0 0 0 0 0 0 0 0 0 0 0 0 0 0 0 0 0 0 1 1 48 236 3 1 0 0 0 0 0 0 0 0 0 0 0 0 0 0 0 0 0 0 0 0 0 0 0 0 0 0 0 0 1 0 0 0 0 0 0 0 0 0 0 1 1 0 0 0 0 0 0 0 0 0 0 0 0 0 0 0 0 0 0 0 0 0 0 0 0 0 0 0 0 1 0 0 2 235 97 186 2 1 1 118 212 213 166 103 22 117 166 166 132 64 7 2
1 3 107 255 255 29 4 1 1 1 1 1 0 1 1 1 0 0 0 0 0 0 1 1 1 1 7 90 34 5 2 1 1 1 1 1 1 0 0 0 1 1 1 4 11 1 1 0 0 0 0 0 0 0 1 1 1 1 4 13 18 19 7 1 1 1 0 0 0 0 1 1 1 2 255 255 27 2 1 1 1 1 1 1 0 1 9 7 1 1 1 136 77 4 7 3 1 1 0 0 0 0 0 0 0 0 0 0 0 0 0 0 0 0 0 0 0 0 0 0 0 0 0 0 0 0 0 0 0 0 1 1 1 1 1 1 1 1 7 133 191 19 1 1 1 0 0 0 0 0 0 0 0 0 0 0 0 1 1 1 1 1 1 255 255 1 1 1 0 0 1 0 1 1 0 0 0 0 0 0 0 0 0 0 0 0 0 0 0 0 0 0 0 1 0 0 0 0 0 0 0 0 0 0 0 0 0 0 0 0 0 0 0 0 0 0 0 1 1 0 0 0 0 0 3 2 1 1 1 1 1 0 0 0 0 1 2 2 1 0 0 0 0 0 0 1 0 1 1 1 0 0 0 1 1 1 1 1 1 246 255 255 142 1 1 0 1 0 0 0 0 0 0 0 0 0 0 0 0 0 0 0 0 0 0 0 0 0 0 0 0 0 0 0 0 0 0 0 0 0 0 0 0 0 0 0 0 0 0 0 0 0 0 0 0 0 0 0 0 0 0 0 0 0 0 0 0 0 0 0 0 0 0 1 1 0 0 0 0 0 1 1 1 1 1 1 0 0 0 0 0 0 0 0 0 0 0 0 0 0 0 0 0 0 0 0 0 0 0 0 0 0 0 0 0 0 0 0 0 0 0 0 0 0 0 0 0 0 0 0 0 0 0 0 0 0 0 0 0 0 0 0 0 0 0 0 0 0 0 0 0 0 0 0 1 1 1 198 159 1 0 0 0 0 0 0 0 0 0 0 0 0 0 0 0 0 0 0 0 0 0 0 0 0 0 0 0 0 1 0 0 0 0 0 0 0 0 0 0 1 1 0 0 0 0 0 0 0 0 0 0 0 0 0 0 0 0 0 0 0 0 0 0 0 0 0 0 0 0 1 0 0 17 240 97 158 1 1 1 1 2 123 212 224 196 157 116 42 61 128 161 170
1 1 3 100 255 255 20 1 1 1 1 1 1 0 0 1 1 0 0 0 0 0 0 1 1 1 1 16 88 34 6 2 2 1 1 1 1 1 1 0 0 1 1 1 7 7 1 1 0 0 0 0 0 0 0 0 1 1 1 1 1 1 1 1 1 1 0 0 0 0 1 0 1 3 255 255 18 1 1 1 1 0 0 1 0 1 5 12 1 1 1 147 59 1 2 5 5 2 1 0 0 0 0 0 0 0 0 0 0 0 0 0 0 0 0 0 0 0 0 0 0 0 0 0 0 0 0 0 1 1 1 1 1 1 1 1 2 24 182 159 6 1 1 1 0 0 0 0 0 0 0 0 0 0 0 0 0 1 1 0 0 1 15 255 239 1 1 1 0 0 1 0 1 0 0 0 0 0 0 0 0 0 0 0 0 0 0 0 0 0 0 0 0 1 1 1 1 0 0 0 0 0 0 0 0 0 0 0 0 0 0 0 0 0 0 0 0 0 0 0 0 0 0 0 4 2 1 1 1 1 1 0 0 0 0 1 2 1 0 0 0 0 0 0 1 1 0 1 1 0 0 0 1 1 1 1 1 1 45 255 255 201 2 1 1 1 1 0 0 0 0 0 0 0 0 0 0 0 0 0 0 0 0 0 0 0 0 0 0 0 0 0 0 0 0 0 0 0 0 0 0 0 0 0 0 0 0 0 0 0 0 0 0 0 0 0 0 0 0 0 0 0 0 0 0 0 0 0 0 0 0 0 0 1 1 0 0 0 0 0 0 1 1 2 1 1 1 0 0 0 0 0 0 0 0 0 0 0 0 0 0 0 0 0 0 0 0 0 0 0 0 0 0 0 0 0 0 0 0 0 0 0 0 0 0 0 0 0 0 0 0 0 0 0 0 0 0 0 0 0 0 0 0 0 0 0 0 0 0 0 0 0 0 0 0 1 1 10 239 13 1 0 0 0 0 0 0 0 0 0 0 0 0 0 0 0 0 0 0 0 0 0 0 0 0 0 0 1 1 0 0 0 0 0 0 0 0 0 1 1 0 0 0 0 0 0 0 0 0 0 0 0 0 0 0 0 0 0 0 0 0 0 0 0 0 0 0 0 0 0 1 0 107 231 155 78 1 1 0 0 1 1 1 40 178 218 227 223 190 166 155 142
1 1 1 3 99 255 255 16 1 1 1 1 0 1 0 0 1 1 0 0 0 0 0 0 0 1 1 1 17 86 44 11 4 2 2 1 1 1 1 1 1 1 1 1 1 11 4 1 1 1 1 0 0 0 0 0 0 0 0 1 1 1 0 0 0 0 0 0 0 0 0 1 1 4 255 255 14 1 1 1 0 0 0 1 0 1 12 5 1 2 21 181 26 1 1 1 3 7 3 1 1 0 0 0 0 0 0 0 0 0 0 0 0 0 0 0 0 0 0 0 0 0 0 0 0 0 0 1 1 1 1 1 1 1 1 3 82 206 90 2 1 1 1 0 0 0 0 0 0 0 0 0 0 0 0 0 0 1 1 0 0 1 69 255 93 1 1 1 0 0 1 1 1 0 0 0 0 0 0 0 0 0 0 0 0 0 0 0 0 0 0 0 0 0 0 0 0 0 0 0 0 0 0 0 0 0 0 0 0 0 0 0 0 0 0 0 0 0 0 0 0 0 0 0 4 1 1 0 1 1 0 0 0 0 1 2 1 1 1 1 0 0 0 1 1 0 0 1 1 1 1 1 1 1 0 1 1 3 255 255 243 40 1 1 1 1 0 0 0 0 0 0 0 0 0 0 0 0 0 0 0 0 0 0 0 0 0 0 0 0 0 0 0 0 0 0 0 0 0 0 0 0 0 0 0 0 0 0 0 0 0 0 0 0 0 0 0 0 0 0 0 0 0 0 0 0 0 0 0 0 0 0 1 1 0 0 0 0 0 0 0 1 1 1 1 1 1 0 0 0 0 0 0 0 0 0 0 0 0 0 0 0 0 0 0 0 0 0 0 0 0 0 0 0 0 0 0 0 0 0 0 0 0 0 0 0 0 0 0 0 0 0 0 0 0 0 0 0 0 0 0 0 0 0 0 0 0 0 0 0 0 0 0 0 0 0 1 1 156 200 1 0 0 0 0 0 0 0 0 0 0 0 0 0 0 0 0 0 0 0 0 0 0 0 0 0 0 1 0 0 0 0 0 0 0 0 0 0 1 1 0 0 0 0 0 0 0 0 0 0 0 0 0 0 0 0 0 0 0 0 0 0 0 0 0 0 0 0 0 0 1 1 180 198 181 19 1 1 1 1 0 0 0 1 1 1 14 118 189 213 219 224
1 1 1 1 3 103 255 255 15 1 1 1 1 0 1 0 0 1 1 0 0 0 0 0 0 0 1 1 1 13 81 81 41 17 6 2 1 1 1 1 0 1 1 1 1 2 13 2 1 0 1 1 1 1 1 0 0 0 0 0 0 0 0 0 0 0 0 0 0 0 0 1 1 6 255 255 12 2 1 0 0 0 0 1 1 2 17 1 4 108 192 208 17 1 1 1 1 1 6 5 1 1 1 0 0 0 0 0 0 0 0 0 0 0 0 0 0 0 0 0 0 0 0 0 0 0 1 1 1 1 1 1 1 1 11 156 191 24 1 1 1 1 1 0 0 0 0 0 0 0 0 0 0 0 0 0 0 1 1 0 0 1 50 255 151 1 1 1 0 0 1 1 1 0 0 0 0 0 0 0 0 0 0 0 0 0 0 0 0 0 0 0 0 0 0 0 0 0 0 0 0 0 0 0 0 0 0 0 0 0 0 0 0 0 0 0 0 1 1 0 0 0 0 0 3 1 1 0 0 1 0 1 1 1 2 1 1 1 1 1 1 1 1 1 0 0 1 1 1 0 0 0 1 1 1 1 1 253 255 255 135 1 1 0 1 0 0 0 0 0 0 0 0 0 0 0 0 0 0 0 0 0 0 0 0 0 0 0 0 0 0 0 0 0 0 0 0 0 0 0 0 0 0 0 0 0 0 0 0 0 0 0 0 0 0 0 0 0 0 0 0 0 0 0 0 0 0 0 0 0 0 0 1 1 0 0 0 0 0 0 0 1 1 1 1 1 1 0 0 0 0 0 0 0 0 0 0 0 0 0 0 0 0 0 0 0 0 0 0 0 0 0 0 0 0 0 0 0 0 0 0 0 0 0 0 0 0 0 0 0 0 0 0 0 0 0 0 0 0 0 0 0 0 0 0 0 0 0 0 0 0 0 0 0 0 0 1 1 3 238 28 1 0 0 0 0 0 0 0 0 0 0 0 0 0 0 0 0 0 0 0 0 0 0 0 0 1 1 0 0 0 0 0 0 0 0 0 1 1 0 0 0 0 0 0 0 0 0 0 0 0 0 0 0 0 0 0 0 0 0 0 0 0 0 0 0 0 0 0 0 1 1 205 173 187 6 1 0 0 1 1 1 0 0 0 0 1 1 1 1 1 2
1 1 1 1 1 3 108 255 255 14 1 1 1 0 1 1 0 0 1 1 0 0 0 0 0 0 1 1 1 1 4 39 86 97 82 29 5 2 1 1 1 1 1 1 1 1 4 12 1 1 0 0 1 1 1 0 0 0 0 0 0 0 0 0 0 0 0 0 0 0 1 1 1 7 255 255 10 1 1 1 0 0 0 1 1 7 9 4 148 160 48 165 38 1 1 1 1 1 1 4 7 2 1 1 0 0 0 0 0 0 0 0 0 0 0 0 0 0 0 0 1 1 1 1 1 1 1 1 1 1 1 1 3 41 200 137 4 1 1 1 1 0 0 0 0 0 0 0 0 0 0 0 0 0 0 0 0 0 0 1 0 1 5 255 255 1 1 1 0 0 1 1 1 1 0 0 0 0 0 0 0 0 0 0 0 0 0 0 0 0 0 0 0 0 0 0 0 0 0 0 0 0 0 0 0 0 0 0 0 0 0 0 0 0 0 0 0 1 0 0 0 0 0 0 3 1 1 1 1 1 1 1 0 2 1 0 1 1 0 1 1 1 1 1 0 1 1 0 0 0 0 0 1 1 1 1 61 255 255 197 1 1 1 1 1 0 0 0 0 0 0 0 0 0 0 0 0 0 0 0 0 0 0 0 0 0 0 0 0 0 0 0 0 0 0 0 0 0 0 0 0 0 0 0 0 0 0 0 0 0 0 0 0 0 0 0 0 0 0 0 0 0 0 0 0 0 0 0 0 0 0 0 1 0 0 0 0 0 0 0 0 0 1 1 2 1 1 1 0 0 0 0 0 0 0 0 0 0 0 0 0 0 0 0 0 0 0 0 0 0 0 0 0 0 0 0 0 0 0 0 0 0 0 0 0 0 0 0 0 0 0 0 0 0 0 0 0 0 0 0 0 0 0 0 0 0 0 0 0 0 0 0 0 0 0 0 0 1 1 112 224 7 4 5 5 6 6 6 6 5 1 0 0 0 0 0 0 0 0 0 0 0 0 0 0 0 1 0 0 0 0 0 0 0 0 0 0 1 1 0 0 0 0 0 0 0 0 0 0 0 0 0 0 0 0 0 0 0 0 0 0 0 0 0 0 0 0 0 0 0 1 1 218 154 189 2 1 0 0 0 0 1 1 0 0 0 0 0 0 0 0 1
1 1 1 1 1 1 3 108 255 255 15 1 1 1 0 1 1 0 0 1 1 0 0 0 0 0 0 1 1 1 1 1 4 14 46 91 60 10 2 1 1 1 1 1 1 1 1 6 9 1 1 1 1 1 1 1 0 0 0 0 0 0 0 0 0 0 0 0 0 0 1 1 1 9 255 255 9 1 1 1 0 0 0 1 1 15 4 118 159 16 4 157 46 2 1 1 0 0 1 1 2 7 4 1 1 0 0 0 0 0 0 0 0 0 0 0 0 0 0 1 1 1 1 1 1 1 1 1 1 1 4 38 146 206 57 2 1 1 1 1 0 0 0 0 0 0 0 0 0 0 0 0 0 0 0 0 0 0 0 1 0 0 1 255 255 2 1 1 0 1 1 0 1 1 1 1 0 0 0 0 0 0 0 0 0 0 0 0 0 0 0 0 0 0 0 0 0 0 0 0 0 0 0 0 0 0 0 0 0 0 0 0 0 0 0 0 0 1 0 0 0 0 0 0 2 2 1 1 2 2 2 2 2 2 1 0 1 2 1 1 1 1 1 1 0 1 0 0 0 0 0 1 0 1 1 3 255 255 239 31 1 1 1 1 0 0 0 0 0 0 0 0 0 0 0 0 0 0 0 0 0 0 0 0 0 0 0 0 0 0 0 0 0 0 0 0 0 0 0 0 0 0 0 0 0 0 0 0 0 0 0 0 0 0 0 0 0 0 0 0 0 0 0 0 0 0 0 0 0 0 0 1 1 0 0 0 0 0 0 0 0 0 1 1 1 1 1 1 0 0 0 0 0 0 0 0 0 0 0 0 0 0 0 0 0 0 0 0 0 0 0 0 0 0 0 0 0 0 0 0 0 0 0 0 0 0 0 0 0 0 0 0 0 0 0 0 0 0 0 0 0 0 0 0 0 0 0 0 0 0 0 0 0 0 0 0 0 1 1 1 234 64 4 2 1 1 1 1 1 1 6 1 0 0 0 0 0 0 0 0 0 0 0 0 0 1 1 0 0 0 0 0 0 0 0 0 1 2 0 0 0 0 0 0 0 0 0 0 0 0 0 0 0 0 0 0 0 0 0 0 0 0 0 0 0 0 0 0 0 1 1 2 235 113 185 1 1 0 0 0 0 0 1 1 1 0 0 0 0 0 0 0
1 1 1 1 1 1 1 2 108 255 255 16 1 1 1 0 1 0 0 0 1 1 0 0 0 0 0 0 0 1 1 1 1 1 2 11 72 60 12 3 2 1 1 1 1 1 1 1 10 5 1 1 1 1 1 1 1 0 0 0 0 0 0 0 0 0 0 0 0 0 1 1 1 11 255 255 8 1 1 1 1 0 0 1 1 18 19 204 24 2 2 156 47 2 1 1 0 0 1 1 1 1 4 6 1 1 1 0 0 0 0 0 0 0 0 0 1 1 1 1 1 1 1 1 1 1 1 1 2 25 197 212 146 9 1 1 1 1 1 1 0 0 0 0 0 0 0 1 1 0 0 0 0 1 1 1 1 1 0 1 1 0 1 176 255 42 1 1 0 1 0 1 1 0 0 1 1 1 1 0 0 0 0 0 0 0 0 0 0 0 0 0 0 0 0 0 0 0 0 0 0 0 0 0 0 0 0 0 0 0 0 0 0 0 0 0 1 1 0 0 0 0 0 0 1 1 1 2 1 1 1 1 1 1 1 1 4 3 3 2 1 0 1 1 1 1 0 0 0 0 0 1 1 1 1 255 255 255 123 1 1 0 1 0 0 0 0 0 0 0 0 0 0 0 0 0 0 0 0 0 0 0 0 0 0 0 0 0 0 0 0 0 0 0 0 0 0 0 0 0 0 0 0 0 0 0 0 0 0 0 0 0 0 0 0 0 0 0 0 0 0 0 0 0 0 0 0 0 0 0 0 1 0 0 0 0 0 0 0 0 0 0 0 1 1 2 1 1 0 0 0 0 0 0 0 0 0 0 0 0 0 0 0 0 0 0 0 0 0 0 0 0 0 0 0 0 0 0 0 0 0 0 0 0 0 0 0 0 0 0 0 0 0 0 0 0 0 0 0 0 0 0 0 0 0 0 0 0 0 0 0 0 0 0 0 0 0 0 1 1 56 234 3 1 1 0 0 0 0 0 2 3 0 0 0 0 0 0 0 0 1 1 1 1 1 1 1 1 0 0 0 0 0 1 0 0 1 1 0 0 0 0 0 0 0 0 0 0 0 0 0 0 0 0 0 0 0 0 0 0 0 0 0 0 0 0 0 0 1 1 1 12 241 113 148 1 0 0 0 0 0 0 0 0 1 1 1 1 0 0 1 1
0 1 1 1 1 1 1 1 2 108 255 255 17 1 1 1 1 1 0 0 0 1 1 0 0 0 0 0 0 0 0 1 1 1 1 2 7 68 64 15 4 2 1 1 1 1 1 1 2 13 2 1 1 1 1 1 1 1 0 0 0 1 1 1 1 1 1 1 1 1 1 1 1 15 255 255 6 1 1 1 1 0 1 1 1 21 153 136 3 1 1 147 62 2 1 1 1 1 1 1 0 1 1 4 7 2 1 1 1 0 0 0 0 0 1 1 1 0 1 1 1 1 1 1 1 1 2 3 52 202 75 3 1 1 1 1 1 1 1 0 0 0 0 0 0 0 0 0 1 1 1 0 1 1 0 0 0 0 1 1 1 0 1 14 255 255 1 1 1 1 0 1 1 1 0 0 0 1 1 1 1 1 0 0 0 0 0 0 0 0 0 0 0 0 0 0 0 0 0 0 0 0 0 0 0 0 0 0 0 0 0 0 0 0 0 0 1 0 0 0 0 0 0 0 1 1 1 1 1 1 0 0 0 0 1 1 4 1 1 1 1 1 1 1 1 0 0 0 0 0 0 1 1 1 81 255 255 192 1 1 1 1 1 0 0 0 0 0 0 0 0 0 0 0 0 0 0 0 0 0 0 0 0 0 0 0 0 0 0 0 0 0 0 0 0 0 0 0 0 0 0 0 0 0 0 0 0 0 0 0 0 0 0 0 0 0 0 0 0 0 0 0 0 0 0 0 0 0 0 0 1 1 0 0 0 0 0 0 0 0 0 0 0 1 1 2 1 1 1 0 0 0 0 0 0 0 0 0 0 0 0 0 0 0 0 0 0 0 0 0 0 0 0 0 0 0 0 0 0 0 0 0 0 0 0 0 0 0 0 0 0 0 0 0 0 0 0 0 0 0 0 0 0 0 0 0 0 0 0 0 0 0 0 0 0 0 0 0 0 1 1 215 124 1 1 1 1 1 1 1 1 6 2 2 2 2 2 2 2 2 2 2 2 2 2 1 1 1 0 0 0 0 0 1 1 1 2 0 0 0 0 0 0 0 0 0 0 0 0 0 0 0 0 0 0 0 0 0 0 0 0 0 0 0 0 0 0 1 1 0 1 91 235 161 69 1 0 0 0 0 0 0 0 0 0 0 0 1 1 1 1 1
0 0 1 1 0 1 1 1 1 2 102 255 255 17 1 1 1 1 1 0 0 0 1 1 0 0 0 0 0 0 0 0 1 1 1 1 1 5 59 80 30 8 4 3 2 1 1 1 1 3 13 2 1 1 1 1 1 1 1 1 1 1 0 0 0 0 0 0 1 1 1 1 2 28 255 255 5 1 1 1 1 1 1 1 1 25 214 27 1 1 1 86 126 3 1 1 1 1 0 0 1 1 2 1 2 6 4 1 1 1 0 1 1 1 1 1 1 1 2 2 3 4 5 6 12 20 33 105 200 32 1 1 1 1 1 1 1 0 0 0 0 0 0 0 0 0 0 0 0 0 1 1 1 0 0 0 0 0 1 1 1 0 1 1 255 255 2 1 1 1 0 0 0 1 0 0 0 0 0 0 1 1 1 1 1 0 0 0 0 0 0 0 0 0 0 0 0 0 0 0 0 0 0 0 0 0 0 0 0 0 0 0 0 0 0 0 0 0 0 0 0 0 0 0 1 1 0 1 0 1 0 0 0 0 1 3 2 1 1 1 1 1 1 1 1 0 0 0 0 0 1 1 1 4 255 255 235 24 1 1 1 1 0 0 0 0 0 0 0 0 0 0 0 0 0 0 0 0 0 0 0 0 0 0 0 0 0 0 0 0 0 0 0 0 0 0 0 0 0 0 0 0 0 0 0 0 0 0 0 0 0 0 0 0 0 0 0 0 0 0 0 0 0 0 0 0 0 0 0 0 1 1 0 0 0 0 0 0 0 0 0 0 0 1 1 1 1 1 1 0 0 0 0 0 0 0 0 0 0 0 0 0 0 0 0 0 0 0 0 0 0 0 0 0 0 0 0 0 0 0 0 0 0 0 0 0 0 0 0 0 0 0 0 0 0 0 0 0 0 0 0 0 0 0 0 0 0 0 0 0 0 0 0 0 0 0 0 0 0 1 1 10 239 4 1 2 2 2 2 2 2 1 2 1 1 1 1 1 1 1 1 1 1 1 1 1 1 1 1 1 0 0 1 1 1 1 1 0 0 0 0 0 0 0 0 0 0 0 0 0 0 0 0 0 0 0 0 0 0 0 0 0 0 0 0 1 1 1 1 0 1 171 207 182 18 1 0 0 0 0 0 0 0 0 0 0 1 1 1 0 0 0
0 0 0 1 1 1 1 0 1 1 2 97 255 255 17 1 1 1 1 0 0 0 0 1 1 0 0 0 0 0 0 0 0 1 1 1 1 1 3 35 89 72 31 14 8 5 4 3 2 2 8 10 2 1 1 1 1 1 1 1 1 1 1 1 1 1 1 1 1 1 1 2 4 78 255 255 3 1 1 1 1 1 1 1 1 44 217 5 1 1 1 7 162 20 1 1 1 1 1 1 1 2 1 1 1 1 4 5 1 1 1 1 1 1 2 7 19 61 115 147 164 177 192 200 200 200 196 166 40 1 1 1 1 1 0 0 0 0 0 0 0 0 0 0 0 0 0 0 0 0 0 0 0 0 0 0 0 0 1 0 1 1 1 1 185 255 26 1 1 1 0 0 0 1 0 0 0 0 0 0 0 0 0 1 1 1 1 1 0 0 0 0 0 0 0 0 0 0 0 0 0 0 0 0 0 0 0 0 0 0 0 0 0 0 0 0 0 0 0 0 0 0 0 0 1 1 0 0 0 0 0 0 0 0 1 4 2 0 0 0 1 1 1 1 1 1 0 0 0 0 1 1 1 255 255 255 114 1 1 0 1 0 0 0 0 0 0 0 0 0 0 0 0 0 0 0 0 0 0 0 0 0 0 0 0 0 0 0 0 0 0 0 0 0 0 0 0 0 0 0 0 0 0 0 0 0 0 0 0 0 0 0 0 0 0 0 0 0 0 0 0 0 0 0 0 0 0 0 0 0 1 0 0 0 0 0 0 0 0 0 0 0 0 0 1 1 2 1 1 1 0 0 0 0 0 0 0 0 0 0 0 0 0 0 0 0 0 0 0 0 0 0 0 0 0 0 0 0 0 0 0 0 0 0 0 0 0 0 0 0 0 0 0 0 0 0 0 0 0 0 0 0 0 0 0 0 0 0 0 0 0 0 0 0 0 0 0 0 0 1 1 1 166 188 2 1 0 0 0 0 0 1 1 1 1 1 1 1 0 0 0 0 0 0 0 0 0 0 0 1 1 1 1 1 1 1 1 0 0 0 0 0 0 0 0 0 0 0 0 0 0 0 0 0 0 0 0 0 0 0 0 1 1 1 1 1 1 1 1 1 1 203 178 188 5 1 0 0 0 0 0 0 0 0 1 1 1 0 0 0 0 0
0 0 0 0 1 1 1 1 0 1 1 2 94 255 255 19 1 1 1 1 0 0 0 0 1 1 1 0 0 0 0 0 0 0 0 1 1 1 1 2 8 54 90 94 88 83 58 25 13 13 22 57 58 18 4 2 1 1 1 1 1 1 1 1 1 1 2 3 3 4 4 7 32 155 255 237 2 1 1 1 1 1 1 1 1 105 192 2 1 1 1 1 68 131 4 1 1 1 1 1 2 1 0 0 0 1 1 3 6 2 1 1 7 89 172 194 196 177 147 116 92 65 40 22 10 6 3 27 4 1 1 1 1 0 0 0 0 0 0 0 0 0 0 0 0 0 0 0 0 0 0 0 0 0 0 0 0 0 1 0 1 1 1 1 31 255 239 1 1 1 0 0 0 0 1 0 0 0 0 0 0 0 0 0 0 0 1 1 1 1 1 0 0 0 0 0 0 0 0 0 0 0 0 0 0 0 0 0 0 0 0 0 0 0 0 0 0 0 0 0 0 0 0 0 1 1 0 0 0 0 0 0 0 0 0 4 2 0 0 0 1 1 1 1 0 1 1 1 1 1 1 1 100 255 255 185 1 1 1 1 1 0 0 0 0 0 0 0 0 0 0 0 0 0 0 0 0 0 0 0 0 0 0 0 0 0 0 0 0 0 0 0 0 0 0 0 0 0 0 0 0 0 0 0 0 0 0 0 0 0 0 0 0 0 0 0 0 0 0 0 0 0 0 0 0 0 0 0 0 0 1 0 0 0 0 0 0 0 0 0 0 0 0 0 1 1 2 1 1 1 0 0 0 0 0 0 0 0 0 0 0 0 0 0 0 0 0 0 0 0 0 0 0 0 0 0 0 0 0 0 0 0 0 0 0 0 0 0 0 0 0 0 0 0 0 0 0 0 0 0 0 0 0 0 0 0 0 0 0 0 0 0 0 0 0 0 0 0 0 0 1 1 2 238 22 1 0 0 0 0 0 1 1 1 1 0 0 0 0 0 0 0 0 0 0 0 0 0 0 1 1 1 0 1 1 1 0 0 0 0 0 0 0 0 0 0 0 0 0 0 0 0 0 0 0 0 0 0 0 0 0 1 1 1 1 1 1 1 0 1 1 214 161 190 1 1 0 0 0 0 0 0 1 1 1 0 0 0 0 0 0 0
0 0 0 0 0 1 1 1 1 0 1 1 2 90 255 255 20 1 1 1 1 0 0 0 0 0 1 1 0 0 1 0 0 0 0 0 0 1 1 1 1 2 5 19 37 47 74 99 100 104 108 97 101 126 112 43 5 2 1 1 1 1 1 2 6 20 53 80 88 88 88 88 74 198 255 117 2 1 1 1 1 1 1 1 1 183 119 1 1 1 0 1 4 132 63 2 1 1 2 1 1 1 1 0 0 0 1 1 2 7 8 80 182 164 78 34 14 6 4 3 2 2 2 1 1 1 3 26 1 1 1 0 0 0 0 0 0 0 0 0 0 0 0 0 0 0 0 0 0 0 0 0 0 0 0 0 0 0 1 0 0 1 1 1 2 255 255 2 1 1 0 0 0 0 1 1 0 0 0 0 0 0 0 0 0 0 0 0 0 1 1 1 1 1 0 0 0 0 0 0 0 0 0 0 0 0 0 0 0 0 0 0 0 0 0 0 0 0 0 0 0 0 0 0 1 1 0 0 0 0 0 0 0 0 0 5 1 0 0 0 1 1 0 1 0 1 1 0 1 1 1 4 255 255 231 17 1 1 0 1 0 0 0 0 0 0 0 0 0 0 0 0 0 0 0 0 0 0 0 0 0 0 0 0 0 0 0 0 0 0 0 0 0 0 0 0 0 0 0 0 0 0 0 0 0 0 0 0 0 0 0 0 0 0 0 0 0 0 0 0 0 0 0 0 0 0 0 0 0 1 1 0 0 0 0 0 0 0 0 0 0 0 0 0 1 1 1 2 1 1 0 0 0 0 0 0 0 0 0 0 0 0 0 0 0 0 0 0 0 0 0 0 0 0 0 0 0 0 0 0 0 0 0 0 0 0 0 0 0 0 0 0 0 0 0 0 0 0 0 0 0 0 0 0 0 0 0 0 0 0 0 0 0 0 0 0 0 0 0 0 1 1 1 136 211 1 1 0 0 0 0 1 1 1 1 1 1 0 0 0 0 0 0 0 0 0 0 0 1 1 0 1 0 1 1 1 0 0 0 0 0 0 0 0 0 0 0 0 0 0 0 0 0 0 0 0 0 0 0 0 0 1 2 2 1 1 1 1 1 1 2 231 128 185 1 1 1 1 1 1 1 1 1 0 0 0 0 0 0 0 0 0
0 0 0 0 0 0 1 1 1 1 0 1 1 2 87 255 255 23 2 1 1 1 1 1 0 0 0 1 1 0 1 0 0 0 0 0 0 1 1 1 1 1 1 1 1 2 3 6 15 14 5 3 3 7 41 110 81 8 3 2 2 5 15 54 83 76 42 16 8 7 6 3 8 255 255 34 2 1 1 1 1 1 1 1 2 225 27 1 1 0 0 1 1 20 153 15 2 2 1 1 0 0 1 1 0 1 1 1 2 32 164 167 51 8 4 2 2 2 2 1 1 1 1 1 1 1 26 3 1 0 0 0 0 0 0 0 0 0 0 0 0 0 0 0 0 0 0 0 0 0 0 0 0 0 0 0 0 0 0 1 0 1 1 1 1 247 255 16 2 1 1 0 0 0 0 1 1 0 0 0 0 0 0 0 0 0 0 0 0 0 0 0 1 1 1 1 1 0 0 0 0 0 0 0 0 0 0 0 0 0 0 0 0 0 0 0 0 0 0 0 0 0 0 0 1 1 0 0 0 0 0 0 0 0 0 6 1 0 0 0 1 1 0 1 1 1 1 0 1 1 1 255 255 255 150 1 1 0 1 1 0 0 0 0 0 0 0 0 0 0 0 0 0 0 0 0 0 0 0 0 0 0 0 0 0 0 0 0 0 0 0 0 0 0 0 0 0 0 0 0 0 0 0 0 0 0 0 0 0 0 0 0 0 0 0 0 0 0 0 0 0 0 0 0 0 0 0 0 0 1 0 0 0 0 0 0 0 0 0 0 0 0 0 0 0 1 1 2 1 1 1 0 0 0 0 0 0 0 0 0 0 0 0 0 0 0 0 0 0 0 0 0 0 0 0 0 0 0 0 0 0 0 0 0 0 0 0 0 0 0 0 0 0 0 0 0 0 0 0 0 0 0 0 0 0 0 0 0 0 0 0 0 0 0 0 0 0 0 0 0 0 1 1 3 241 3 1 0 0 0 0 1 1 0 1 1 1 0 0 0 0 0 0 0 0 0 0 1 1 0 0 1 1 1 1 1 0 0 0 0 0 0 0 0 0 0 0 0 0 0 0 0 0 0 0 0 0 0 0 0 1 2 1 1 1 1 1 1 1 1 9 241 122 148 1 1 1 1 1 1 1 1 1 1 1 1 1 1 1 1 1 1
0 0 0 0 0 0 0 1 1 1 1 0 1 1 2 86 255 255 24 2 1 1 0 1 0 0 0 0 1 1 1 0 0 0 0 0 0 0 0 0 1 1 1 1 1 1 1 1 1 1 1 1 1 1 1 5 87 94 28 22 46 78 80 41 8 2 1 1 1 1 1 1 31 255 255 9 1 1 0 1 1 1 1 2 66 214 3 1 1 0 0 1 1 2 77 127 6 2 1 0 0 1 1 1 1 1 1 5 89 177 93 9 2 1 1 1 1 1 1 1 1 1 1 1 1 3 25 1 1 0 0 0 0 0 0 0 0 0 0 0 0 0 0 0 0 0 0 0 0 0 0 0 0 0 0 0 0 0 0 1 0 1 0 1 1 108 255 67 2 1 1 0 0 0 0 0 1 0 0 0 0 0 0 0 0 0 0 0 0 0 0 0 0 0 0 1 1 1 1 1 0 0 0 0 0 0 0 0 0 0 0 0 0 0 0 0 0 0 0 0 0 0 0 0 1 1 0 0 0 0 0 0 0 0 0 7 1 1 1 1 1 1 0 1 1 1 1 1 1 1 137 255 255 179 64 1 1 1 1 0 0 0 0 0 0 0 0 0 0 0 0 0 0 0 0 0 0 0 0 0 0 0 0 0 0 0 0 0 0 0 0 0 0 0 0 0 0 0 0 0 0 0 0 0 0 0 0 0 0 0 0 0 0 0 0 0 0 0 0 0 0 0 0 0 0 0 0 0 0 1 0 0 0 0 0 0 0 0 0 0 0 0 0 0 0 1 1 1 1 1 1 0 0 0 0 0 0 0 0 0 0 0 0 0 0 0 0 0 0 0 0 0 0 0 0 0 0 0 0 0 0 0 0 0 0 0 0 0 0 0 0 0 0 0 0 0 0 0 0 0 0 0 0 0 0 0 0 0 0 0 0 0 0 0 0 0 0 0 0 0 0 1 1 1 232 76 1 1 0 0 0 0 0 0 0 1 1 0 0 0 0 0 0 0 0 0 0 1 0 0 0 0 1 0 1 1 0 0 0 0 0 0 0 0 0 0 0 0 0 0 0 0 0 0 0 0 0 0 0 1 2 1 1 1 1 1 1 1 1 1 76 238 160 75 1 1 1 1 0 0 0 0 0 0 0 0 1 1 1 1 1 1
0 0 0 0 0 0 0 0 1 1 1 1 0 1 1 2 82 255 255 25 2 1 1 1 1 0 0 0 0 1 1 0 0 0 0 0 0 0 0 0 0 0 1 1 1 1 1 1 1 1 1 1 1 1 1 1 3 60 115 90 53 16 3 1 1 1 1 1 1 1 1 3 146 255 217 3 1 1 1 0 1 1 1 43 206 42 1 1 0 0 0 1 1 1 5 138 49 2 1 1 0 1 1 1 1 1 16 149 160 32 4 1 1 1 1 1 1 1 1 1 1 1 1 1 1 28 2 0 1 0 0 0 0 0 0 0 0 0 0 0 0 0 0 0 0 0 0 0 0 0 0 0 0 0 0 0 0 0 0 1 1 1 1 1 1 5 255 222 1 1 1 1 0 0 0 0 1 1 0 0 0 0 0 0 0 0 0 0 0 0 0 0 0 0 0 0 0 0 1 1 1 1 1 0 0 0 0 0 0 0 0 0 0 0 0 0 0 0 0 0 0 0 0 0 1 1 0 0 0 0 0 0 0 0 0 3 5 3 2 1 1 0 0 1 1 1 1 1 1 7 255 255 221 12 27 28 1 1 0 0 0 0 0 0 0 0 0 0 0 0 0 0 0 0 0 0 0 0 0 0 0 0 0 0 0 0 0 0 0 0 0 0 0 0 0 0 0 0 0 0 0 0 0 0 0 0 0 0 0 0 0 0 0 0 0 0 0 0 0 0 0 0 0 0 0 0 0 0 0 1 0 0 0 0 0 0 0 0 0 0 0 0 0 0 0 0 1 1 2 1 1 1 0 0 0 0 0 0 0 0 0 0 0 0 0 0 0 0 0 0 0 0 0 0 0 0 0 0 0 0 0 0 0 0 0 0 0 0 0 0 0 0 0 0 0 0 0 0 0 0 0 0 0 0 0 0 0 0 0 0 0 0 0 0 0 0 0 0 0 0 0 1 0 1 126 216 1 1 0 0 0 0 0 0 0 0 0 0 0 0 0 0 0 0 0 0 1 1 0 0 0 0 1 0 1 1 0 0 0 0 0 0 0 0 0 0 0 0 0 0 0 0 0 0 0 0 0 1 2 2 1 1 1 1 1 0 0 0 1 1 166 214 180 20 1 1 0 0 0 0 0 0 0 0 0 0 0 0 0 0 0 0
1 0 0 0 0 0 0 0 0 1 1 1 1 1 1 1 2 80 255 255 26 2 1 1 1 0 0 0 1 1 1 0 0 0 0 0 0 0 0 0 0 0 0 0 0 0 0 1 1 1 1 1 1 1 0 1 1 1 8 40 25 4 1 1 1 1 1 1 1 1 1 11 255 255 37 1 1 0 1 1 1 1 31 200 64 2 1 0 0 0 1 1 1 1 1 48 137 6 1 1 0 1 1 1 1 14 165 104 11 2 1 1 1 1 1 1 0 0 0 0 0 0 1 1 3 29 1 1 1 0 0 0 0 0 0 0 0 0 0 0 0 0 0 0 0 0 0 0 0 0 0 0 0 0 0 0 0 0 0 0 1 0 1 0 1 2 255 255 2 1 1 1 0 0 0 0 0 1 0 0 0 0 0 0 0 0 0 0 0 0 0 0 0 0 0 0 0 0 0 0 0 1 1 1 1 1 0 0 0 0 0 0 0 0 0 0 0 0 0 0 0 0 0 0 1 1 1 0 0 0 0 0 0 0 0 1 3 4 5 8 1 0 0 1 1 1 1 1 2 255 255 255 93 1 1 32 17 1 0 0 0 0 0 0 0 0 0 0 0 0 0 0 0 0 0 0 0 0 0 0 0 0 0 0 0 0 0 0 0 0 0 0 0 0 0 0 0 0 0 0 0 0 0 0 0 0 0 0 0 0 0 0 0 0 0 0 0 0 0 0 0 0 0 0 0 0 0 0 0 1 0 0 0 0 0 0 0 0 0 0 0 0 0 0 0 0 1 1 2 1 1 1 0 0 0 0 0 0 0 0 0 0 0 0 0 0 0 0 0 0 0 0 0 0 0 0 0 0 0 0 0 0 0 0 0 0 0 0 0 0 0 0 0 0 0 0 0 0 0 0 0 0 0 0 0 0 0 0 0 0 0 0 0 0 0 0 0 0 0 0 0 1 1 0 11 241 1 1 0 0 0 0 0 0 0 0 0 0 0 0 0 0 0 0 0 0 1 0 0 0 0 0 1 1 1 1 0 0 0 0 0 0 0 0 0 0 0 0 0 0 0 0 0 0 0 1 1 3 1 1 1 1 1 0 0 0 0 0 1 1 203 184 186 6 1 0 0 0 0 0 0 0 0 0 0 0 0 0 0 0 0 0
1 1 0 0 0 0 0 0 0 0 1 1 1 1 1 1 1 2 80 255 255 28 2 1 1 1 0 0 1 1 0 1 0 0 0 0 0 0 0 0 0 0 0 0 0 0 0 0 0 0 0 0 0 1 1 1 1 1 1 3 24 40 14 3 1 1 1 1 1 1 2 77 255 255 5 1 1 1 1 1 1 8 197 90 3 1 0 0 0 0 1 0 1 1 1 6 147 30 2 1 0 1 1 1 2 143 108 6 1 1 1 1 1 0 1 0 0 0 0 0 0 1 1 1 19 8 1 1 0 0 0 0 0 0 0 0 0 0 0 0 0 0 0 0 0 0 0 0 0 0 0 0 0 0 0 0 0 0 0 0 1 1 1 0 1 1 255 255 4 1 1 1 1 0 0 0 0 1 1 1 0 0 0 0 0 0 0 0 0 0 0 0 0 0 0 0 0 0 0 0 0 0 0 0 1 1 1 1 0 0 0 0 0 0 0 0 0 0 0 0 0 0 0 0 1 1 1 1 0 0 0 0 0 0 0 0 1 1 1 5 4 0 0 1 1 1 1 1 174 255 255 173 1 1 1 1 55 2 1 0 0 0 0 0 0 0 0 0 0 0 0 0 0 0 0 0 0 0 0 0 0 0 0 0 0 0 0 0 0 0 0 0 0 0 0 0 0 0 0 0 0 0 0 0 0 0 0 0 0 0 0 0 0 0 0 0 0 0 0 0 0 0 0 0 0 0 0 0 1 1 0 0 0 0 0 0 0 0 0 0 0 0 0 0 0 0 1 1 1 1 1 1 0 0 0 0 0 0 0 0 0 0 0 0 0 0 0 0 0 0 0 0 0 0 0 0 0 0 0 0 0 0 0 0 0 0 0 0 0 0 0 0 0 0 0 0 0 0 0 0 0 0 0 0 0 0 0 0 0 0 0 0 0 0 0 0 0 0 0 0 0 0 1 0 2 243 3 1 1 0 0 0 0 0 0 0 0 0 0 0 0 0 0 0 0 0 1 0 0 0 0 0 0 1 1 1 0 0 0 0 0 0 0 0 0 0 0 0 0 0 0 0 0 0 1 2 3 1 1 1 1 1 0 0 0 0 0 0 1 1 214 171 189 2 1 0 0 0 0 0 0 0 0 0 0 0 0 0 0 0 0 0
1 1 1 0 0 0 0 0 0 0 0 1 1 1 1 1 1 1 2 80 255 255 28 2 1 1 1 0 0 1 0 1 1 0 0 0 0 0 0 0 0 0 0 0 0 0 0 0 0 0 0 0 0 0 0 0 0 1 1 1 1 6 31 33 6 1 1 1 1 1 8 253 255 70 2 1 1 0 1 1 2 147 162 6 1 1 0 0 0 0 1 0 1 0 1 2 79 112 10 1 1 1 1 1 13 187 16 2 1 1 1 1 1 0 1 0 0 0 0 0 0 1 0 1 33 1 1 0 0 0 0 0 0 0 0 0 0 0 0 0 0 0 0 0 0 0 0 0 0 0 0 0 0 0 0 0 0 0 0 0 0 1 1 0 1 1 172 255 18 1 1 1 1 0 0 0 0 0 0 1 0 0 0 0 0 0 0 0 0 0 0 0 0 0 0 0 0 0 0 0 0 0 0 0 0 0 0 1 1 1 1 0 0 0 0 0 0 0 0 0 0 0 0 0 1 1 1 1 1 0 0 0 0 0 0 0 0 1 0 5 5 0 0 1 1 1 1 12 255 255 218 8 1 0 1 1 4 50 1 0 0 0 0 0 0 0 0 0 0 0 0 0 0 0 0 0 0 0 0 0 0 0 0 0 0 0 0 0 0 0 0 0 0 0 0 0 0 0 0 0 0 0 0 0 0 0 0 0 0 0 0 0 0 0 0 0 0 0 0 0 0 0 0 0 0 0 0 0 1 1 0 0 0 0 0 0 0 0 0 0 0 0 0 0 0 0 0 1 1 2 1 1 1 0 0 0 0 0 0 0 0 0 0 0 0 0 0 0 0 0 0 0 0 0 0 0 0 0 0 0 0 0 0 0 0 0 0 0 0 0 0 0 0 0 0 0 0 0 0 0 0 0 0 0 0 0 0 0 0 0 0 0 0 0 0 0 0 0 0 0 0 0 1 1 1 238 36 1 1 0 0 0 0 0 0 0 0 0 0 0 0 0 0 0 0 1 1 0 0 0 0 0 0 1 1 1 0 0 0 0 0 0 0 0 0 0 0 0 0 0 0 0 0 1 3 2 1 1 1 1 0 1 0 0 0 0 0 1 1 2 229 143 181 1 1 0 0 0 0 0 0 0 0 0 0 0 0 0 0 0 0 0
0 1 1 0 0 0 0 0 0 0 0 0 1 1 1 1 1 1 1 2 85 255 255 26 2 1 1 1 0 1 0 0 1 1 0 0 0 0 0 0 0 0 0 0 0 0 0 0 0 0 0 0 0 0 0 0 0 0 0 0 1 1 2 10 34 14 1 1 1 2 43 255 255 7 1 1 1 1 1 1 6 223 29 1 1 0 0 0 0 1 1 1 1 0 1 1 6 117 75 6 1 1 1 1 78 164 5 1 1 1 0 1 0 0 1 0 0 0 0 0 0 1 0 2 32 1 1 1 0 0 0 0 0 0 0 0 0 0 0 0 0 0 0 0 0 0 0 0 0 0 0 0 0 0 0 0 0 0 0 0 0 1 1 0 1 1 35 255 87 1 1 1 1 1 0 0 0 0 0 1 1 0 0 0 0 0 0 0 0 0 0 0 0 0 0 0 0 0 0 0 0 0 0 0 0 0 0 0 0 0 1 1 1 1 0 0 0 0 0 0 0 0 0 1 1 1 1 1 1 0 0 0 0 0 0 0 1 0 0 6 4 0 0 1 1 1 2 255 255 253 84 1 1 0 1 1 1 26 23 1 0 0 0 0 0 0 0 0 0 0 0 0 0 0 0 0 0 0 0 0 0 0 0 0 0 0 0 0 0 0 0 0 0 0 0 0 0 0 0 0 0 0 0 0 0 0 0 0 0 0 0 0 0 0 0 0 0 0 0 0 0 0 0 0 0 0 0 0 1 1 0 0 0 0 0 0 0 0 0 0 0 0 0 0 0 0 0 1 1 2 1 1 1 0 0 0 0 0 0 0 0 0 0 0 0 0 0 0 0 0 0 0 0 0 0 0 0 0 0 0 0 0 0 0 0 0 0 0 0 0 0 0 0 0 0 0 0 0 0 0 0 0 0 0 0 0 0 0 0 0 0 0 0 0 0 0 0 0 0 0 0 0 0 1 1 180 177 1 1 0 0 0 0 0 0 0 0 0 0 0 0 0 0 0 0 1 0 0 0 0 0 0 0 1 1 1 0 0 0 0 0 0 0 0 0 0 0 0 1 1 1 1 1 3 1 0 1 1 0 0 0 1 1 0 0 0 0 1 0 8 239 128 150 1 0 0 0 0 0 0 0 0 0 0 0 0 0 0 0 0 0 0
0 0 1 1 1 0 0 0 0 0 0 0 0 1 1 1 1 1 1 1 2 95 255 255 25 2 1 1 1 1 0 0 0 1 1 0 0 0 0 0 0 0 0 0 0 0 0 0 0 0 0 0 0 0 0 0 0 0 0 0 0 1 1 1 4 26 24 4 1 5 192 255 96 2 1 1 1 1 1 1 84 205 3 1 1 0 0 0 0 1 0 1 0 0 1 1 1 13 119 74 6 1 2 6 160 88 2 1 1 0 1 1 0 0 0 1 1 1 1 0 0 1 0 9 19 1 1 0 0 0 0 0 0 0 0 0 0 0 0 0 0 0 0 0 0 0 0 0 0 0 0 0 0 0 0 0 0 0 0 0 0 0 1 0 1 1 4 255 235 1 1 1 1 1 0 0 0 0 0 0 1 1 1 0 0 0 0 0 0 0 0 0 0 0 0 0 0 0 0 0 0 0 0 0 0 0 0 0 0 0 0 0 1 1 1 1 1 0 0 0 0 0 0 1 1 1 1 1 1 0 0 0 0 0 0 1 1 0 1 6 4 0 1 1 1 1 218 255 255 168 1 1 0 1 1 0 1 1 54 3 1 0 0 0 0 0 0 0 0 0 0 0 0 0 0 0 0 0 0 0 0 0 0 0 0 0 0 0 0 0 0 0 0 0 0 0 0 0 0 0 0 0 0 0 0 0 0 0 0 0 0 0 0 0 0 0 0 0 0 0 0 0 0 0 0 0 0 0 1 0 0 0 0 0 0 0 0 0 0 0 0 0 0 0 0 0 0 1 1 1 2 1 1 1 0 0 0 0 0 0 0 0 0 0 0 0 0 0 0 0 0 0 0 0 0 0 0 0 0 0 0 0 0 0 0 0 0 0 0 0 0 0 0 0 0 0 0 0 0 0 0 0 0 0 0 0 0 0 0 0 0 0 0 0 0 0 0 0 0 0 0 0 0 1 1 40 236 1 1 0 0 0 0 0 0 0 0 0 0 0 0 0 0 0 0 1 0 0 0 0 0 0 1 1 1 1 1 0 0 0 0 0 0 0 0 0 1 1 3 2 3 2 3 1 1 1 1 1 1 1 1 0 1 0 0 0 0 1 1 69 238 162 81 1 0 0 0 0 0 0 0 0 0 0 0 0 0 0 0 0 0 0
0 0 1 1 1 0 0 0 0 0 0 0 0 0 1 1 1 1 1 1 1 2 107 255 255 28 2 1 1 1 1 1 0 0 1 1 0 0 0 0 0 0 0 0 0 0 0 0 0 0 0 0 0 0 0 0 0 0 0 0 0 0 0 1 1 2 16 40 22 28 255 255 9 1 1 1 1 1 1 2 201 90 1 0 1 0 0 0 0 1 1 1 0 0 1 0 1 1 13 134 54 12 21 55 179 20 1 1 1 1 1 0 1 1 1 1 1 1 0 0 0 1 1 25 11 1 1 1 0 0 0 0 0 0 0 0 0 0 0 0 0 0 0 0 0 0 0 0 0 0 0 0 0 0 0 0 0 0 0 0 0 0 1 1 0 1 2 255 255 3 1 1 0 1 0 0 0 0 0 0 0 0 1 1 0 0 0 0 0 0 0 0 0 0 0 0 0 0 0 0 0 0 0 0 0 0 0 0 0 0 0 0 0 0 0 1 1 1 1 1 0 0 0 1 1 1 0 0 0 0 0 0 0 0 1 1 0 0 1 8 3 1 1 1 1 20 255 255 213 6 1 0 0 1 1 0 0 1 3 54 1 0 0 0 0 0 0 0 0 0 0 0 0 0 0 0 0 0 0 0 0 0 0 0 0 0 0 0 0 0 0 0 0 0 0 0 0 0 0 0 0 0 0 0 0 0 0 0 0 0 0 0 0 0 0 0 0 0 0 0 0 0 0 0 0 0 0 0 1 0 0 0 0 0 0 0 0 0 0 0 0 0 0 0 0 0 0 0 1 1 2 1 1 1 0 0 0 0 0 0 0 0 0 0 0 0 0 0 0 0 0 0 0 0 0 0 0 0 0 0 0 0 0 0 0 0 0 0 0 0 0 0 0 0 0 0 0 0 0 0 0 0 0 0 0 0 0 0 0 0 0 0 0 0 0 0 0 0 0 0 0 0 0 1 1 3 241 1 1 0 0 0 0 0 0 0 0 0 0 0 0 0 0 0 0 1 0 0 0 0 0 0 1 1 1 1 1 0 0 0 0 0 0 0 0 1 2 3 1 1 1 2 1 1 1 1 1 1 1 1 1 1 1 1 1 1 1 1 1 158 219 179 21 1 1 1 1 1 1 0 0 0 0 0 0 0 0 0 0 0 0 0
0 0 0 1 1 1 1 0 0 0 0 0 0 0 0 1 1 1 1 1 1 1 2 116 255 255 29 2 1 1 1 1 0 0 0 1 1 1 0 0 0 0 0 0 0 0 0 0 0 0 0 0 0 0 0 0 0 0 0 0 0 0 0 0 1 1 1 2 27 176 255 161 2 1 1 1 1 1 1 12 229 7 1 1 1 0 0 0 0 1 1 0 0 1 1 1 1 1 1 34 139 118 169 150 181 7 1 1 1 1 1 1 1 1 0 1 1 0 0 0 0 1 4 64 59 63 46 11 1 1 1 0 0 0 0 0 0 0 0 0 0 0 0 0 0 0 0 0 0 0 0 0 0 0 0 0 0 0 0 0 0 0 0 1 1 1 1 255 255 10 1 1 1 1 0 0 0 0 0 0 0 0 0 1 1 0 0 0 0 0 0 0 0 0 0 0 0 0 0 0 0 0 0 0 0 0 0 0 0 0 0 0 0 0 0 0 0 0 1 1 1 1 1 1 1 1 0 0 0 0 0 0 1 1 1 1 1 1 1 9 2 1 1 1 2 255 255 249 84 1 0 0 1 1 1 0 0 0 1 23 26 1 0 0 0 0 0 0 0 0 0 0 0 0 0 0 0 0 0 0 0 0 0 0 0 0 0 0 0 0 0 0 0 0 0 0 0 0 0 0 0 0 0 0 0 0 0 0 0 0 0 0 0 0 0 0 0 0 0 0 0 0 0 0 0 0 0 0 1 0 0 0 0 0 0 0 0 0 0 0 0 0 0 0 0 0 0 0 1 1 1 1 1 1 1 0 0 0 0 0 0 0 0 0 0 0 0 0 0 0 0 0 0 0 0 0 0 0 0 0 0 0 0 0 0 0 0 0 0 0 0 0 0 0 0 0 0 0 0 0 0 0 0 0 0 0 0 0 0 0 0 0 0 0 0 0 0 0 0 0 0 0 0 0 1 1 238 26 1 0 0 0 0 0 0 0 0 0 0 0 0 0 0 0 1 1 0 0 0 0 0 0 1 0 1 1 1 0 0 0 0 0 0 0 1 3 2 1 0 1 1 1 1 1 0 1 0 0 0 0 0 0 1 1 1 2 2 2 2 198 196 184 8 1 1 1 0 0 1 0 0 0 0 0 0 0 0 0 0 0 0 0
0 0 0 0 1 1 1 1 1 1 0 0 0 0 0 1 1 1 1 1 1 1 1 2 130 255 255 29 2 1 1 1 0 0 0 0 0 1 1 1 0 0 0 0 0 0 0 0 0 0 0 0 0 0 0 0 0 0 0 0 0 0 0 1 1 1 1 2 27 255 255 54 13 1 1 0 0 1 1 116 189 1 1 0 0 0 0 0 0 1 0 0 1 1 1 1 1 1 1 3 85 98 16 89 178 47 35 17 4 1 1 1 1 1 1 1 0 0 0 0 1 3 59 8 1 1 10 44 56 11 1 1 0 0 0 0 0 0 0 0 0 0 0 0 0 0 0 0 0 0 0 0 0 0 0 0 0 0 0 0 0 0 0 1 1 1 1 197 255 40 1 1 1 1 0 0 0 0 0 0 0 0 0 0 0 0 0 0 0 0 0 0 0 0 0 0 0 0 0 0 0 0 0 0 0 0 0 0 0 0 0 0 0 0 0 0 0 0 0 0 0 1 1 1 1 0 0 0 0 0 0 1 1 1 1 0 1 1 1 11 2 1 1 1 243 255 255 170 1 1 0 1 1 0 1 0 0 0 0 1 50 4 1 0 0 0 0 0 0 0 0 0 0 0 0 0 0 0 0 0 0 0 0 0 0 0 0 0 0 0 0 0 0 0 0 0 0 0 0 0 0 0 0 0 0 0 0 0 0 0 0 0 0 0 0 0 0 0 0 0 0 0 0 0 0 0 0 0 1 0 0 0 0 0 0 0 0 0 0 0 0 0 0 0 0 0 0 0 1 1 1 2 1 1 1 0 0 0 0 0 0 0 0 0 0 0 0 0 0 0 0 0 0 0 0 0 0 0 0 0 0 0 0 0 0 0 0 0 0 0 0 0 0 0 0 0 0 0 0 0 0 0 0 0 0 0 0 0 0 0 0 0 0 0 0 0 0 0 0 0 0 0 0 1 1 1 204 143 1 0 0 0 0 0 0 0 0 0 0 0 0 0 0 0 0 1 0 0 0 0 0 0 1 0 1 1 1 0 0 0 0 0 1 1 3 1 1 0 1 1 1 1 1 1 1 1 0 0 0 0 0 1 1 1 0 0 0 1 1 186 208 219 65 22 9 3 1 1 1 1 1 0 0 0 0 0 0 0 0 0 0 0
0 0 0 0 0 1 1 1 1 1 1 0 0 0 0 1 1 1 1 1 1 1 1 1 3 144 255 255 34 2 1 1 1 1 0 0 0 0 0 1 1 1 0 0 0 0 0 0 0 0 0 0 0 0 0 0 0 0 0 0 0 1 1 0 1 1 1 5 223 255 116 5 34 10 1 0 0 1 2 222 43 1 1 0 0 0 0 0 1 1 0 1 1 1 1 1 1 2 4 27 26 2 2 97 117 2 6 20 38 44 42 34 19 6 2 1 1 1 0 1 3 58 8 1 1 0 1 1 4 44 35 2 1 0 0 0 0 0 0 0 0 0 0 0 0 0 0 0 0 0 0 0 0 0 0 0 0 0 0 0 0 0 0 1 1 1 1 58 255 132 2 1 1 1 1 1 1 0 0 0 0 0 0 0 0 0 0 0 0 0 0 0 0 0 0 0 0 0 0 0 0 0 0 0 0 0 0 0 0 0 0 0 0 0 0 0 0 0 0 0 0 0 0 0 1 1 1 1 0 1 1 1 1 1 0 0 0 0 1 12 1 1 1 47 255 255 202 14 1 0 0 1 0 0 1 0 0 0 0 1 2 58 1 1 0 0 0 0 0 0 0 0 0 0 0 0 0 0 0 0 0 0 0 0 0 0 0 0 0 0 0 0 0 0 0 0 0 0 0 0 0 0 0 0 0 0 0 0 0 0 0 0 0 0 0 0 0 0 0 0 0 0 0 0 0 0 0 0 1 0 0 0 0 0 0 0 0 0 0 0 0 0 0 0 0 0 0 0 0 1 1 2 1 1 1 0 0 0 0 0 0 0 0 0 0 0 0 0 0 0 0 0 0 0 0 0 0 0 0 0 0 0 0 0 0 0 0 0 0 0 0 0 0 0 0 0 0 0 0 0 0 0 0 0 0 0 0 0 0 0 0 0 0 0 0 0 0 0 0 0 0 1 1 1 1 1 97 225 1 0 0 0 0 0 0 0 0 0 0 0 0 0 0 0 0 1 0 0 0 0 0 1 1 0 1 1 1 0 0 0 0 1 2 3 1 1 1 1 1 1 1 1 1 1 1 1 1 1 1 1 1 1 1 0 0 0 0 1 1 196 150 230 194 205 205 194 167 119 66 26 11 4 2 1 1 1 0 0 0 0 0 0
0 0 0 0 0 0 0 1 1 1 1 1 0 0 0 1 1 1 1 1 1 1 1 1 1 3 146 255 255 54 3 1 1 1 1 0 0 0 0 0 0 1 1 0 0 0 0 0 0 0 0 0 0 0 0 0 0 0 0 1 1 1 0 0 1 1 2 53 255 255 4 1 8 40 2 0 1 1 19 229 2 1 0 0 0 0 0 0 1 1 0 1 1 1 1 2 3 11 35 12 1 1 19 162 11 1 1 1 1 1 2 6 19 36 47 52 51 42 27 17 59 9 1 0 0 0 0 1 1 1 19 45 2 1 0 0 0 0 0 0 0 0 0 0 0 0 0 0 0 0 0 0 0 0 0 0 0 0 0 0 0 0 0 1 1 1 1 8 255 245 5 1 1 1 0 0 1 1 1 1 0 0 0 0 0 0 0 0 0 0 0 0 0 0 0 0 0 0 0 0 0 0 0 0 0 0 0 0 0 0 0 0 0 0 0 0 0 0 0 0 0 0 0 0 0 0 0 1 1 1 0 0 1 0 0 0 0 0 1 12 1 1 3 255 255 238 116 1 0 0 1 1 0 0 1 0 0 0 0 0 1 15 34 1 0 0 0 0 0 0 0 0 0 0 0 0 0 0 0 0 0 0 0 0 0 0 0 0 0 0 0 0 0 0 0 0 0 0 0 0 0 0 0 0 0 0 0 0 0 0 0 0 0 0 0 0 0 0 0 0 0 0 0 0 0 0 0 0 1 0 0 0 0 0 0 0 0 0 0 0 0 0 0 0 0 0 0 0 0 1 1 1 1 1 1 1 0 0 0 0 0 0 0 0 0 0 0 0 0 0 0 0 0 0 0 0 0 0 0 0 0 0 0 0 0 0 0 0 0 0 0 0 0 0 0 0 0 0 0 0 0 0 0 0 0 0 0 0 0 0 0 0 0 0 0 0 0 0 0 1 1 1 1 1 1 1 31 238 1 1 1 0 0 0 0 0 0 0 0 0 0 0 0 0 0 1 0 0 0 0 0 1 0 0 1 1 1 0 0 1 1 4 2 1 1 1 1 0 0 0 0 0 0 0 0 0 0 0 1 1 1 0 0 0 0 0 0 1 3 222 116 171 1 2 10 47 114 165 193 208 208 199 172 127 72 28 11 4 2 1 1 1
0 0 0 0 0 0 0 0 1 1 1 1 1 0 0 1 0 0 1 1 1 1 0 1 1 1 3 117 255 255 120 6 2 1 1 1 0 0 0 0 0 0 1 1 0 0 0 0 0 0 0 0 0 0 0 0 0 0 1 1 0 0 1 1 1 1 7 255 255 37 1 1 3 50 1 1 1 1 168 146 1 0 0 0 0 0 0 1 1 0 0 1 1 2 5 13 31 31 5 1 1 9 152 39 1 1 1 1 0 0 0 1 1 0 0 1 1 5 17 50 20 1 0 0 0 0 0 0 0 0 1 10 46 3 1 0 0 0 0 0 0 0 0 0 0 0 0 0 0 0 0 0 0 0 0 0 0 0 0 0 0 0 0 0 1 1 1 2 255 255 13 1 1 1 0 0 0 0 0 1 1 1 0 0 0 0 0 0 0 0 0 0 0 0 0 0 0 0 0 0 0 0 0 0 0 0 0 0 0 0 0 0 0 0 0 0 0 0 0 0 0 0 0 0 0 0 0 0 0 0 0 1 1 0 0 0 0 1 1 13 1 1 255 255 255 174 1 1 0 1 1 0 0 0 1 0 0 0 0 0 1 1 48 6 1 0 0 0 0 0 0 0 0 0 0 0 0 0 0 0 0 0 0 0 0 0 0 0 0 0 0 0 0 0 0 0 0 0 0 0 0 0 0 0 0 0 0 0 0 0 0 0 0 0 0 0 0 0 0 0 0 0 0 0 0 0 0 0 1 0 0 0 0 0 0 0 0 0 0 0 0 0 0 0 0 0 0 0 0 1 1 1 2 1 1 1 0 0 0 0 0 0 0 0 0 0 0 0 0 0 0 0 0 0 0 0 0 0 0 0 0 0 0 0 0 0 0 0 0 0 0 0 0 0 0 0 0 0 0 0 0 0 0 0 0 0 0 0 0 0 0 0 0 0 0 0 0 1 1 1 1 1 3 21 99 180 230 197 2 1 1 0 0 0 0 0 0 0 0 0 0 0 0 0 0 1 0 0 0 1 1 0 0 0 1 1 1 0 1 3 3 1 0 0 0 0 0 0 0 0 0 0 0 0 0 0 0 0 0 0 0 0 0 0 0 0 0 1 31 224 151 105 1 1 1 1 1 1 1 2 6 41 108 161 190 208 211 201 173 127 77 29
0 0 0 0 0 0 0 0 0 0 1 1 1 1 1 1 1 1 1 1 1 1 1 1 1 1 1 3 59 255 255 248 26 3 1 1 1 1 0 0 0 0 0 1 1 0 0 0 0 0 0 0 0 0 0 0 0 0 0 0 0 0 1 1 1 2 194 255 213 2 1 1 12 37 1 1 1 47 220 4 1 0 0 0 0 0 0 1 1 0 1 1 9 28 40 31 9 1 1 1 2 141 68 1 1 1 1 1 1 1 1 1 0 0 0 0 1 1 1 41 1 0 0 0 0 0 0 0 0 0 0 1 9 46 3 1 0 0 0 0 0 0 0 0 0 0 0 0 0 0 0 0 0 0 0 0 0 0 0 0 0 0 0 0 1 1 1 1 255 255 33 1 1 1 1 0 0 0 0 0 0 0 1 1 0 0 0 0 0 0 0 0 0 0 0 0 0 0 0 0 0 0 0 0 0 0 0 0 0 0 0 0 0 0 0 0 0 0 0 0 0 0 0 0 0 0 0 0 0 0 1 1 0 0 0 0 1 1 1 13 1 142 255 255 177 55 1 0 0 1 0 0 0 0 1 0 0 0 0 0 0 1 2 60 1 1 0 0 0 0 0 0 0 0 0 0 0 0 0 0 0 0 0 0 0 0 0 0 0 0 0 0 0 0 0 0 0 0 0 0 0 0 0 0 0 0 0 0 0 0 0 0 0 0 0 0 0 0 0 0 0 0 0 0 0 0 0 1 1 0 0 0 0 0 0 0 0 0 0 0 0 0 0 0 0 0 0 0 0 0 1 1 4 1 1 1 1 0 0 0 0 0 0 0 0 0 0 0 0 0 0 0 0 0 0 0 0 0 0 0 0 0 0 0 0 0 0 0 0 0 0 0 0 0 0 0 0 0 0 0 0 0 0 0 0 0 0 0 0 0 0 0 1 1 1 1 1 3 25 117 204 236 241 238 225 177 85 15 1 0 0 1 0 0 0 0 0 0 0 0 0 0 0 0 1 1 0 1 1 1 0 0 0 0 1 1 1 1 4 1 1 0 0 0 0 0 0 0 0 0 0 0 0 0 0 0 0 0 0 0 0 0 0 0 0 0 0 1 114 203 181 31 1 0 1 1 1 1 1 1 1 1 1 1 1 1 5 34 106 160 190 207
0 0 0 0 0 0 0 0 0 0 0 0 1 1 1 1 1 1 1 1 0 1 1 1 1 1 1 1 2 14 255 255 255 149 11 3 1 1 1 1 1 1 0 0 1 0 0 0 0 0 0 0 0 0 0 0 0 0 0 0 0 0 1 1 1 31 255 255 6 1 1 1 44 8 1 1 24 215 42 1 1 0 0 0 0 0 1 1 1 1 1 19 34 17 4 1 1 1 1 1 36 166 2 1 1 0 1 0 0 1 1 1 0 0 0 1 1 1 15 18 1 0 0 0 0 0 0 0 0 1 1 1 1 9 46 3 1 0 0 0 0 0 0 0 0 0 0 0 0 0 0 0 0 0 0 0 0 0 0 0 0 0 0 0 1 1 1 1 154 255 86 2 1 1 1 0 0 0 0 0 0 0 0 1 1 0 0 0 0 0 0 0 0 0 0 0 0 0 0 0 0 0 0 0 0 0 0 0 0 0 0 0 0 0 0 0 0 0 0 0 0 0 0 0 0 0 0 0 0 0 1 0 0 0 0 1 1 1 1 11 7 255 255 215 138 1 0 0 1 1 0 0 0 0 1 0 0 0 0 0 0 0 1 14 36 1 0 0 0 0 0 0 0 0 0 0 0 0 0 0 0 0 0 0 0 0 0 0 0 0 0 0 0 0 0 0 0 0 0 0 0 0 0 0 0 0 0 0 0 0 0 0 0 0 0 0 0 0 0 0 0 0 0 0 0 0 0 1 1 0 0 0 0 0 0 0 0 0 0 0 0 0 0 0 0 0 0 0 0 0 1 0 3 2 1 1 1 0 0 0 0 0 0 0 0 0 0 0 0 0 0 0 0 0 0 0 0 0 0 0 0 0 0 0 0 0 0 0 0 0 0 0 0 0 0 0 0 0 0 0 0 0 0 0 0 0 0 0 0 0 0 0 1 1 57 220 238 241 238 220 147 43 5 2 2 1 1 5 2 0 0 1 1 0 0 0 0 0 0 0 0 0 0 0 1 1 1 1 0 0 0 0 0 0 1 1 2 4 1 0 0 0 0 0 0 0 0 0 0 0 0 0 0 0 0 0 0 0 0 0 0 0 0 0 0 0 0 1 160 173 190 6 1 0 0 0 1 1 0 0 0 0 0 0 0 1 1 1 1 1 1 1
0 0 0 0 0 0 0 0 0 0 0 0 0 1 1 1 1 1 1 1 1 0 1 0 1 1 1 1 1 1 4 128 255 255 255 79 6 2 1 1 1 1 0 0 1 1 0 0 0 0 0 0 0 0 0 0 0 0 0 0 0 1 1 1 3 255 255 54 1 1 1 2 55 2 1 15 210 70 1 1 1 0 0 0 0 1 1 1 0 1 7 35 6 2 1 1 1 1 1 1 154 65 1 1 1 0 1 0 1 1 0 1 1 1 1 1 1 1 41 1 1 1 0 0 0 0 0 0 1 1 0 0 1 1 10 45 3 1 0 0 0 0 0 0 0 0 0 0 0 0 0 0 0 0 0 0 0 0 0 0 0 0 0 0 1 1 1 1 21 255 192 4 1 1 1 0 0 0 0 0 0 0 0 0 1 1 1 0 0 0 0 0 0 0 0 0 0 0 0 0 0 0 0 0 0 0 0 0 0 0 0 0 0 0 0 0 0 0 0 0 0 0 0 0 0 0 0 0 0 1 1 0 0 0 1 1 0 1 1 4 255 255 255 167 3 1 0 1 1 0 0 0 0 1 1 0 0 0 0 0 0 0 1 1 47 7 1 0 0 0 0 0 0 0 0 0 0 0 0 0 0 0 0 0 0 0 0 0 0 0 0 0 0 0 0 0 0 0 0 0 0 0 0 0 0 0 0 0 0 0 0 0 0 0 0 0 0 0 0 0 0 0 0 0 0 0 0 1 1 0 0 0 0 0 0 0 0 0 0 0 0 0 0 0 0 0 0 0 0 0 1 0 1 4 1 1 1 0 0 0 1 0 0 0 0 0 0 0 0 0 0 0 0 0 0 0 0 0 0 0 0 0 0 0 0 0 0 0 0 0 0 0 0 0 0 0 0 0 0 0 0 0 0 0 0 0 0 1 1 3 7 11 12 17 243 121 24 3 2 1 1 1 1 1 1 1 1 2 5 0 0 0 1 0 0 0 0 0 0 0 0 0 0 0 1 1 0 0 0 0 0 0 1 1 3 6 3 1 0 0 0 0 0 0 0 0 0 0 0 0 0 0 0 0 0 0 0 0 0 0 0 0 0 0 0 0 0 1 175 165 196 1 1 0 0 0 0 1 1 1 0 0 0 0 0 0 0 0 0 1 1 1
0 0 0 0 0 0 0 0 0 0 0 0 0 0 0 0 1 1 1 1 1 0 1 1 0 1 1 1 1 1 1 2 10 242 255 255 241 20 2 1 1 1 1 0 0 1 0 0 0 0 0 0 0 0 0 0 0 0 0 0 0 1 1 1 51 255 243 2 1 1 1 2 54 2 4 200 94 1 1 1 0 1 1 1 1 1 1 1 1 1 31 15 2 1 1 1 1 1 0 3 186 6 1 1 1 0 1 1 1 0 0 0 1 1 0 0 1 4 33 1 0 1 1 1 1 1 1 1 1 0 0 0 1 1 1 10 45 2 1 0 0 0 0 0 0 0 0 0 0 0 0 0 0 0 0 0 0 0 0 0 0 0 0 0 0 1 1 1 2 255 255 11 1 1 1 1 0 0 0 0 0 0 0 0 1 0 1 1 0 0 0 0 0 0 0 0 0 0 0 0 0 0 0 0 0 0 0 0 0 0 0 0 0 0 0 0 0 0 0 0 0 0 0 0 0 0 0 0 1 1 0 0 0 1 1 0 1 1 1 96 255 255 170 58 1 0 0 1 0 0 0 0 0 1 0 0 0 0 0 0 0 0 0 1 2 60 1 1 0 0 0 0 0 0 0 0 0 0 0 0 0 0 0 0 0 0 0 0 0 0 0 0 0 0 0 0 0 0 0 0 0 0 0 0 0 0 0 0 0 0 0 0 0 0 0 0 0 0 0 0 0 0 0 0 0 0 0 1 1 0 0 0 0 0 0 0 0 0 0 0 0 0 0 0 0 0 0 0 0 0 1 1 0 3 1 1 1 0 0 1 1 0 0 0 0 0 0 0 0 0 0 0 0 0 0 0 0 0 0 0 0 0 0 0 0 0 0 0 0 0 0 0 0 0 0 0 0 0 0 0 0 0 1 1 3 6 10 11 10 6 3 1 1 27 237 2 1 1 1 1 1 1 1 1 0 1 1 1 7 1 0 0 1 0 0 0 0 0 0 0 0 0 0 1 1 1 1 1 2 4 5 7 7 6 3 1 0 0 0 0 0 0 0 0 0 0 0 0 0 0 0 0 0 0 0 0 0 0 0 0 0 0 0 0 0 0 0 1 189 152 194 1 1 0 0 0 0 0 0 1 1 1 0 0 0 0 0 0 0 0 0 0
0 0 0 0 0 0 0 0 0 0 0 0 0 0 0 0 0 1 1 1 1 1 1 1 1 0 1 1 1 1 1 1 1 3 29 255 255 255 41 3 1 1 1 1 0 1 1 0 0 0 0 0 0 0 0 0 0 0 0 0 0 1 1 2 255 255 29 1 1 1 1 2 45 24 178 165 3 1 1 1 1 1 0 0 0 1 1 1 1 1 41 7 2 1 1 1 0 1 1 33 173 2 1 1 0 0 1 1 0 0 1 1 1 0 0 0 1 28 8 0 0 0 0 0 0 0 0 0 0 0 0 0 0 1 1 1 10 46 2 1 0 0 0 0 0 0 0 0 0 0 0 0 0 0 0 0 0 0 0 0 0 0 0 0 0 1 1 1 1 255 255 42 2 1 1 1 0 0 0 0 0 0 0 0 1 0 0 1 1 1 0 0 0 0 0 0 0 0 0 0 0 0 0 0 0 0 0 0 0 0 0 0 0 0 0 0 0 0 0 0 0 0 0 0 0 0 0 0 1 0 0 0 1 1 0 1 1 1 3 255 255 208 134 1 0 0 1 0 0 0 0 0 0 1 0 0 0 0 0 0 0 0 0 1 1 64 1 1 0 0 0 0 0 0 0 0 0 0 0 0 0 0 0 0 0 0 0 0 0 0 0 0 0 0 0 0 0 0 0 0 0 0 0 0 0 0 0 0 0 0 0 0 0 0 0 0 0 0 0 0 0 0 0 0 0 0 0 1 1 0 0 0 0 0 0 0 0 0 0 0 0 0 0 0 0 0 0 0 0 0 1 1 0 2 2 1 1 1 0 1 0 0 0 0 0 0 0 0 0 0 0 0 0 0 0 0 0 0 0 0 0 0 0 0 0 0 0 0 0 0 0 0 0 0 0 0 0 1 1 2 6 10 11 10 6 3 1 1 0 0 0 1 1 154 194 1 1 1 1 1 0 1 1 1 1 1 1 1 7 1 1 0 1 0 0 0 0 0 0 0 0 0 1 1 1 4 7 6 4 2 1 1 1 0 0 0 0 0 0 0 0 0 0 0 0 0 0 0 0 0 0 0 0 0 0 0 0 0 0 0 0 0 0 0 0 0 0 2 219 127 180 1 1 0 0 0 0 0 0 0 0 1 1 1 1 0 0 0 0 0 0 0
0 0 0 0 0 0 0 0 0 0 0 0 0 0 0 0 0 1 1 1 1 1 1 1 1 1 0 1 1 1 1 1 1 1 2 8 223 255 255 40 3 1 1 0 1 1 0 0 0 0 0 0 0 0 0 0 0 0 0 0 1 1 1 15 255 255 2 1 1 1 1 9 141 217 200 108 15 7 1 1 1 1 1 1 1 1 1 1 1 2 44 5 1 1 1 1 0 1 1 118 114 1 1 0 0 1 1 0 0 1 1 0 0 0 0 0 1 42 1 0 0 0 0 0 0 0 0 0 0 0 0 0 0 0 1 1 1 11 47 3 1 0 0 0 0 0 0 0 0 0 0 0 0 0 0 0 0 0 0 0 0 0 0 0 0 1 1 1 1 131 255 156 4 1 1 1 1 0 0 0 0 0 0 0 1 0 0 0 0 1 1 0 0 0 0 0 0 0 0 0 0 0 0 0 0 0 0 0 0 0 0 0 0 0 0 0 0 0 0 0 0 0 0 0 0 0 0 1 0 0 0 0 1 0 0 1 1 1 255 255 255 177 3 1 0 1 1 0 0 0 0 0 1 1 0 0 0 0 0 0 0 0 0 0 1 63 1 1 1 0 0 0 0 0 0 0 0 0 0 0 0 0 0 0 0 0 0 0 0 0 0 0 0 0 0 0 0 0 0 0 0 0 0 0 0 0 0 0 0 0 0 0 0 0 0 0 0 0 0 0 0 0 0 0 0 0 0 1 1 0 0 0 0 0 0 0 0 0 0 0 0 0 0 0 0 0 0 0 0 0 1 1 1 1 4 1 1 1 0 1 0 0 0 0 0 0 0 0 0 0 0 0 0 0 0 0 0 0 0 0 0 0 0 0 0 0 0 0 0 0 0 0 1 1 3 6 10 11 11 7 3 1 1 0 0 0 0 0 0 0 0 1 1 234 49 1 1 1 1 1 1 1 1 1 0 0 0 1 3 3 1 0 1 0 0 0 0 0 0 0 0 1 1 2 6 2 1 1 1 0 0 0 0 0 0 0 0 0 0 0 0 0 0 0 0 0 0 0 0 0 0 0 0 0 0 0 0 0 0 0 0 0 0 0 0 0 1 17 230 138 126 1 1 0 0 0 0 0 0 0 0 0 0 1 1 1 1 1 1 0 0 0
1 0 0 0 0 0 0 0 0 0 0 0 0 0 0 0 0 0 0 1 1 1 1 1 1 1 1 0 1 1 1 1 1 1 1 1 4 164 255 255 25 2 1 1 0 1 1 0 0 0 0 0 0 0 0 0 0 0 0 0 1 1 1 246 255 62 1 1 1 4 103 197 140 14 13 168 7 6 11 2 1 1 1 1 1 1 1 0 1 2 43 6 1 1 1 0 0 0 1 140 91 1 1 0 1 1 1 0 1 1 0 0 0 0 0 0 1 42 1 0 0 0 0 0 0 0 0 0 0 0 0 0 0 0 0 0 0 1 9 50 6 1 0 0 0 0 0 0 0 0 0 0 0 0 0 0 0 0 0 0 0 0 0 0 0 0 1 1 1 19 255 255 12 1 1 1 1 0 0 0 0 0 0 0 0 0 0 0 0 0 1 1 1 0 0 0 0 0 0 0 0 0 0 0 0 0 0 0 0 0 0 0 0 0 0 0 0 0 0 0 0 0 0 0 0 0 1 1 0 0 0 1 1 0 1 1 1 78 255 255 181 52 1 0 0 1 0 0 0 0 0 0 1 0 0 0 0 0 0 0 0 0 0 0 1 65 1 1 1 1 0 0 0 0 0 0 0 0 0 0 0 0 0 0 0 0 0 0 0 0 0 0 0 0 0 0 0 0 0 0 0 0 0 0 0 0 0 0 0 0 0 0 0 0 0 0 0 0 0 0 0 0 0 0 0 0 1 1 1 1 1 1 1 0 0 0 0 0 0 0 0 0 0 0 0 0 0 0 0 0 1 1 1 1 3 2 1 1 0 1 0 0 0 0 0 0 0 0 0 0 0 0 0 0 0 0 0 0 0 0 0 0 0 0 0 0 0 1 1 3 6 10 11 10 7 3 1 1 0 0 0 0 0 0 0 0 0 0 0 0 0 1 1 241 3 1 1 1 1 1 1 0 0 0 0 0 0 0 1 5 5 1 1 1 0 0 0 0 1 1 1 1 2 5 1 1 1 1 0 0 0 0 0 0 0 0 0 0 0 0 0 0 0 0 0 0 0 0 0 0 1 5 8 2 1 1 0 0 0 0 0 0 0 0 0 0 1 98 219 177 42 1 1 0 0 0 0 0 0 0 0 0 0 0 0 0 0 1 1 1 1 1
1 1 0 0 0 0 0 0 0 0 0 0 0 0 0 0 0 0 0 0 1 1 1 1 1 1 1 1 0 1 1 1 1 1 1 1 1 4 228 255 246 13 2 1 1 0 1 0 0 0 0 0 1 1 1 1 1 1 1 1 1 1 3 255 255 2 1 3 84 190 157 20 2 1 2 111 100 1 2 12 9 2 1 1 1 1 1 0 1 2 40 7 1 1 1 0 0 0 1 104 131 1 1 1 1 1 1 1 1 0 0 0 0 0 0 0 4 35 0 0 0 0 0 0 0 0 0 0 0 0 0 0 0 0 0 0 0 0 1 6 50 19 1 1 0 0 0 0 0 0 0 0 0 0 0 0 0 0 0 0 0 0 0 0 0 0 0 1 1 2 255 255 34 2 1 1 1 1 1 0 0 0 0 0 0 0 0 0 0 0 0 0 1 1 1 0 0 0 0 0 0 0 0 0 0 0 0 0 0 0 0 0 0 0 0 0 0 0 0 0 0 0 0 0 0 1 1 0 0 0 0 1 0 1 1 1 3 255 255 198 136 1 0 0 1 0 0 0 0 0 0 0 1 0 0 0 0 0 0 0 0 0 0 0 3 56 7 1 1 1 0 0 0 0 0 0 0 0 0 0 0 0 0 0 0 0 0 0 0 0 0 0 0 0 0 0 0 0 0 0 0 0 0 0 0 0 0 0 0 0 0 0 0 0 0 0 0 0 0 0 0 0 0 0 0 1 1 1 1 0 0 0 0 0 0 0 0 0 0 0 0 0 0 0 0 0 0 0 0 0 1 1 1 1 1 4 1 1 1 1 0 0 0 0 0 0 0 0 0 0 0 0 0 0 0 0 0 0 0 0 0 0 1 1 3 6 10 11 10 7 3 1 1 1 0 0 0 0 0 0 0 0 0 0 0 0 0 0 0 0 0 1 4 241 1 1 1 1 0 1 0 0 0 0 0 0 0 0 0 1 2 6 3 1 1 1 1 1 1 1 1 2 4 1 1 0 1 0 0 0 0 0 0 0 0 0 0 0 0 0 0 0 0 0 0 0 0 0 0 1 16 50 40 53 59 57 44 26 8 2 1 1 0 0 0 0 1 151 190 191 6 1 1 0 0 0 0 0 0 0 0 0 0 0 0 0 0 0 0 0 0 1
1 1 1 0 0 0 0 0 0 0 0 1 1 1 0 0 0 0 0 0 0 1 1 1 1 1 0 1 1 1 1 1 2 1 1 1 1 1 6 255 255 153 7 1 1 0 1 1 0 0 0 1 1 0 0 0 0 1 1 1 1 1 100 255 159 2 53 180 169 35 2 1 1 1 1 10 170 3 1 6 29 29 4 1 1 1 1 1 1 3 45 4 1 0 1 0 0 0 1 55 165 1 1 1 0 1 1 0 0 0 0 0 0 0 0 0 11 24 0 0 0 0 0 0 0 0 0 0 0 0 0 0 0 0 0 0 0 0 0 1 2 39 47 7 1 1 0 1 1 0 0 0 1 0 0 0 0 0 0 0 0 0 0 0 0 0 0 0 1 1 206 255 153 7 1 1 1 1 1 1 0 0 0 0 0 0 0 0 0 0 0 0 0 0 1 1 1 1 0 0 0 0 0 0 0 0 0 0 0 0 0 0 0 0 0 0 0 0 0 0 0 0 0 0 0 1 0 0 0 0 0 0 0 1 1 1 255 255 255 179 2 1 0 1 1 0 0 0 0 0 0 0 1 0 0 0 0 0 0 0 0 0 0 1 6 2 57 1 1 1 1 0 0 0 0 0 0 0 0 0 0 0 0 0 0 0 0 0 0 0 0 0 0 0 0 0 0 0 0 0 0 0 0 0 0 0 0 0 0 0 0 0 0 0 0 0 0 0 0 0 0 0 0 0 0 1 0 1 1 0 0 0 0 0 0 0 0 0 0 0 0 0 0 0 0 0 0 0 0 0 1 0 1 1 1 4 1 1 1 1 0 0 0 0 0 0 0 0 0 0 0 0 0 0 0 0 1 1 1 3 7 11 11 10 7 3 1 1 0 0 0 0 0 0 0 0 0 0 0 0 0 0 0 0 0 0 0 0 0 0 0 1 69 230 1 0 0 0 1 0 0 0 0 0 0 0 0 0 0 0 1 1 3 6 1 1 1 1 1 1 2 5 1 1 1 1 1 0 0 0 0 0 0 0 0 0 0 0 0 0 0 0 0 0 0 0 0 0 0 1 52 3 1 1 1 2 6 20 41 57 61 57 42 21 6 1 1 169 184 190 1 1 1 0 0 0 0 0 0 0 0 0 0 0 0 0 0 0 0 0 0 0
1 0 1 0 0 0 0 0 0 0 1 1 1 1 1 1 1 0 0 0 0 0 1 1 1 1 1 1 0 1 1 1 1 2 1 1 1 1 1 19 255 255 83 5 1 1 0 1 0 1 1 1 0 0 0 1 1 1 1 1 1 3 255 255 64 180 180 68 4 1 1 1 1 1 1 2 138 69 2 16 2 7 32 12 2 1 1 1 1 7 39 2 1 1 1 0 0 0 1 24 179 2 1 0 1 1 0 0 0 0 0 0 0 0 0 0 18 16 0 0 0 0 0 0 0 0 0 0 0 0 0 0 0 0 0 0 0 0 0 0 0 1 10 54 38 4 1 1 1 1 0 1 1 0 0 0 0 0 0 0 0 0 0 0 0 0 0 0 0 1 126 255 255 166 6 1 1 1 1 1 1 0 0 0 0 0 0 0 0 0 0 0 0 0 0 0 0 1 1 1 1 0 0 0 0 0 0 0 0 0 0 0 0 0 0 0 0 0 0 0 0 0 0 0 1 1 0 0 0 0 0 0 1 1 1 94 255 255 181 42 1 1 0 1 0 0 0 0 0 0 0 1 1 0 0 0 0 0 0 0 0 0 0 1 7 1 16 31 1 1 1 1 0 0 0 0 0 0 0 0 0 0 0 0 0 0 0 0 0 0 0 0 0 0 0 0 0 0 0 0 0 0 0 0 0 0 0 0 0 0 0 0 0 0 0 0 0 0 0 0 0 0 0 0 0 1 0 1 0 0 0 0 0 0 0 0 0 0 0 0 0 0 0 0 0 0 0 0 0 0 1 1 1 1 1 2 4 1 1 1 0 0 0 0 0 0 0 0 0 0 0 1 1 1 4 8 11 11 10 6 2 1 1 0 0 0 0 0 0 0 0 0 0 0 0 0 0 0 0 0 0 0 0 0 0 0 0 0 0 0 0 1 204 141 1 0 0 1 1 0 0 0 0 0 0 0 0 0 0 0 1 1 0 1 5 5 2 2 3 6 3 1 1 1 1 1 0 0 0 0 0 0 0 0 0 0 0 0 0 0 0 0 0 0 0 1 1 1 1 1 56 1 1 1 0 0 0 0 1 1 1 2 8 25 46 59 63 186 160 148 1 1 1 0 0 0 0 0 0 0 0 0 0 0 0 0 0 0 0 0 0 0
1 0 0 1 0 0 0 0 0 0 1 1 2 43 58 12 1 1 0 0 1 1 1 1 1 1 1 1 1 1 2 1 1 1 2 1 1 1 1 2 74 255 255 53 3 1 1 1 1 1 0 0 0 0 1 1 1 1 1 1 2 102 255 255 180 50 42 14 1 1 1 1 1 1 1 1 25 169 15 7 1 1 2 23 19 2 1 1 1 17 28 1 1 1 1 1 0 1 1 23 179 2 1 1 1 0 0 0 0 0 0 0 0 0 0 0 19 14 0 0 0 0 0 0 0 0 0 0 0 0 0 0 0 0 0 0 0 0 0 0 0 0 1 1 19 57 30 3 1 1 1 1 0 0 0 0 0 0 0 0 0 0 0 0 0 0 0 0 0 1 48 211 255 255 147 5 1 1 1 1 1 0 0 0 0 0 0 0 0 0 0 0 0 0 0 0 0 0 0 0 1 1 0 0 0 0 0 0 0 0 0 0 0 0 0 0 0 0 0 0 0 0 0 1 1 0 0 0 0 0 0 1 1 1 4 255 255 203 118 1 1 1 1 0 0 0 0 0 0 0 1 1 0 0 0 0 0 0 0 0 0 0 0 1 7 1 1 48 5 1 1 1 1 0 0 0 0 0 0 0 0 0 0 0 0 0 0 0 0 0 0 0 0 0 0 0 0 0 0 0 0 0 0 0 0 0 0 0 0 0 0 0 0 0 0 0 0 0 0 0 0 0 0 0 0 1 1 1 0 0 0 0 0 0 0 0 0 0 0 0 0 0 0 0 0 0 0 0 0 0 1 0 0 1 1 1 5 1 1 1 1 0 0 0 0 0 0 1 2 4 8 11 11 9 5 2 1 1 0 0 0 0 0 0 0 0 0 0 0 0 0 0 0 0 0 0 0 0 0 0 0 0 0 0 0 0 0 0 0 0 0 1 238 12 1 0 1 1 0 0 0 0 0 0 0 0 0 0 0 0 1 0 0 0 1 2 4 4 3 1 1 1 1 0 0 0 0 0 0 0 0 0 0 0 0 0 0 0 0 0 0 0 0 0 0 0 0 0 0 1 55 1 1 0 0 0 0 0 0 0 0 0 0 1 1 1 2 184 115 115 1 0 1 0 0 0 0 0 0 0 0 0 0 0 0 0 0 0 0 0 0 0
1 0 0 1 1 0 0 0 0 1 1 1 6 141 119 123 41 4 1 1 1 1 0 1 1 1 1 1 1 1 1 1 1 1 1 2 1 1 1 1 3 162 255 255 40 3 1 1 1 0 1 0 0 1 1 1 1 1 1 2 169 255 255 31 2 1 38 14 1 1 1 0 1 1 1 1 4 168 27 1 1 1 1 2 17 19 2 1 2 25 20 1 1 0 1 1 0 1 1 68 159 1 1 0 1 0 0 0 0 0 0 0 0 0 0 0 14 20 0 0 0 0 0 0 0 0 0 0 0 0 0 0 0 0 0 0 0 0 0 0 0 0 0 0 1 2 27 59 23 2 1 1 1 1 1 0 0 0 0 0 0 0 0 0 0 0 0 0 0 0 2 143 96 255 255 85 3 1 1 1 1 1 0 0 0 0 0 0 0 0 0 0 0 0 0 0 0 0 0 0 0 1 1 1 0 0 0 0 0 0 0 0 0 0 0 0 0 0 0 0 0 0 0 1 0 0 0 0 0 0 1 1 1 1 255 255 255 170 1 0 1 1 1 0 0 0 0 0 0 0 1 0 0 0 0 0 0 0 0 0 0 0 0 1 7 1 0 2 56 1 1 0 1 0 0 0 0 0 0 0 0 0 0 0 0 0 0 0 0 0 0 0 0 0 0 0 0 0 0 0 0 0 0 0 0 0 0 0 0 0 0 0 0 0 0 0 0 0 0 0 0 0 0 0 0 1 1 1 0 0 0 0 0 0 0 0 0 0 0 0 0 0 0 0 0 0 0 0 0 0 1 0 0 1 1 1 2 3 1 1 1 0 1 2 5 9 11 11 9 5 2 1 0 0 0 0 0 0 0 0 0 0 0 0 0 0 0 0 0 0 0 0 0 0 0 0 0 0 0 0 0 0 0 0 0 0 0 0 0 0 1 1 241 2 1 1 1 0 0 0 0 0 0 0 0 0 0 0 0 0 1 0 0 0 0 0 0 0 0 0 1 1 0 0 0 0 0 0 0 0 0 0 0 0 0 0 0 0 0 0 0 0 0 0 0 0 0 0 0 4 45 1 0 0 0 0 0 0 0 0 0 0 0 0 0 0 14 197 111 76 1 1 1 0 0 0 0 0 0 0 0 0 0 0 0 0 0 0 0 0 0 0
1 0 0 0 1 1 0 0 1 1 1 1 14 150 12 61 96 96 48 8 2 1 0 0 1 1 1 1 1 1 0 0 1 1 1 1 2 1 1 1 1 4 219 255 255 28 2 1 1 0 1 0 1 1 0 0 1 1 2 249 255 255 4 1 1 1 14 37 1 1 1 1 1 1 1 1 2 100 108 2 1 1 1 1 1 18 18 3 5 40 5 1 1 1 1 0 1 1 2 159 68 1 1 1 1 0 0 0 0 0 0 0 0 0 0 0 8 28 0 0 0 0 0 0 0 0 0 0 0 0 0 0 0 0 0 0 0 0 0 0 0 0 0 0 0 1 1 2 34 60 19 2 1 1 1 1 1 1 1 0 0 0 0 0 0 0 0 0 0 0 1 92 24 118 255 255 42 2 1 1 1 1 1 0 0 0 0 0 0 0 0 0 0 0 0 0 0 0 0 0 0 0 0 1 1 1 0 0 0 0 0 0 0 0 0 0 0 0 0 0 0 0 1 1 0 0 0 0 0 0 1 1 1 111 255 255 202 7 1 0 1 1 0 0 0 0 0 0 0 1 0 0 0 0 0 0 0 0 0 0 0 0 0 1 4 3 0 0 15 33 1 1 1 1 0 0 0 0 0 0 0 0 0 0 0 0 0 0 0 0 0 0 0 0 0 0 0 0 0 0 0 0 0 0 0 0 0 0 0 0 0 0 0 0 0 0 0 0 0 0 0 0 0 0 0 1 1 1 0 0 0 0 0 0 0 0 0 0 0 0 0 0 0 0 0 0 0 0 0 0 1 0 0 0 1 1 1 5 1 1 1 1 10 7 4 1 1 1 0 0 0 0 0 0 0 0 0 0 0 0 0 0 0 0 0 0 0 0 0 0 0 0 0 0 0 0 0 0 0 0 0 0 0 0 0 0 0 0 0 0 1 13 238 1 1 1 0 0 0 0 0 0 0 0 0 0 0 0 0 0 1 0 0 0 0 0 0 0 0 0 1 1 0 0 0 0 0 0 0 0 0 0 0 0 0 0 0 0 0 0 0 0 0 0 0 0 0 0 1 13 32 0 0 0 0 0 0 0 0 0 0 0 0 0 0 1 79 187 115 22 1 1 0 0 0 0 0 0 0 0 0 0 0 0 0 0 0 0 0 0 0 0
1 0 0 0 0 1 1 1 1 1 1 3 66 115 1 22 27 18 119 137 87 9 1 1 0 0 1 1 0 0 0 0 0 1 1 1 1 2 1 1 1 1 5 242 255 255 16 1 1 1 0 1 1 1 0 0 1 2 255 255 252 2 1 1 1 1 1 38 22 2 1 1 1 0 0 1 1 33 159 2 1 1 1 1 1 2 18 31 36 26 2 1 1 1 1 1 1 1 3 186 7 1 1 1 0 0 0 0 0 0 0 0 0 0 0 0 3 36 0 0 0 0 0 0 0 0 0 0 0 0 0 0 0 0 0 0 0 0 0 0 0 0 0 0 0 1 1 0 1 3 39 59 15 1 1 1 1 1 1 1 0 0 0 0 1 0 0 0 0 0 1 67 21 31 180 255 255 25 2 1 1 1 1 1 0 0 0 0 0 0 0 0 0 0 0 0 0 0 0 0 0 0 0 0 0 1 1 0 0 0 0 0 0 0 0 0 0 0 0 0 0 1 1 0 0 0 0 0 0 1 1 1 4 255 255 223 59 1 0 0 1 0 0 0 0 0 0 0 1 1 0 0 0 0 0 0 0 0 0 0 0 0 0 1 2 3 1 0 1 45 7 1 1 1 1 0 0 0 0 0 0 0 0 0 0 0 0 0 0 0 0 0 0 0 0 0 0 0 0 0 0 0 0 0 0 0 0 0 0 0 0 0 0 0 0 0 0 0 0 0 0 0 0 0 0 0 1 1 0 0 0 0 0 0 0 0 0 0 0 0 0 0 0 0 0 0 0 0 0 1 1 0 0 0 0 1 1 3 3 1 1 1 9 1 1 1 1 1 0 0 0 0 0 0 0 0 0 0 0 0 0 0 0 0 0 0 0 0 0 0 0 0 0 0 0 0 0 0 0 0 0 0 0 0 0 0 0 0 0 0 1 142 204 1 1 0 0 0 0 0 0 0 0 0 0 0 0 0 0 1 1 0 0 0 0 0 0 0 0 0 1 0 0 0 0 0 0 0 0 0 0 0 0 0 0 0 0 0 0 0 0 0 0 0 0 0 0 0 1 30 14 0 0 0 0 0 0 0 0 0 0 0 0 0 0 1 130 157 126 4 1 1 0 0 0 0 0 0 0 0 0 0 0 0 0 0 0 0 0 0 0 0
1 0 0 0 0 0 1 1 1 1 6 64 141 10 1 18 24 3 29 80 89 115 52 10 2 1 0 1 0 0 0 0 0 0 0 1 1 1 2 1 1 1 1 6 253 255 252 7 1 1 1 1 1 0 0 1 1 209 255 240 1 1 1 1 1 1 1 2 31 39 1 1 0 0 0 1 1 18 167 3 1 1 1 0 1 1 2 8 42 29 5 1 1 1 1 1 1 1 13 184 2 1 1 1 0 0 0 0 0 0 0 0 0 0 0 0 1 42 0 0 0 0 0 0 0 0 0 0 0 0 0 0 0 0 0 0 0 0 0 0 0 0 0 0 0 0 0 1 1 1 1 4 43 57 13 1 1 1 1 1 0 0 1 1 1 0 0 0 0 0 0 26 61 1 73 241 255 240 17 2 1 1 1 1 1 0 1 0 0 0 0 0 0 0 0 0 0 0 0 0 0 0 0 0 0 1 1 0 0 0 0 0 0 0 0 0 0 0 0 0 0 1 0 0 0 0 0 0 1 1 1 1 255 255 255 138 1 1 0 1 1 0 0 0 0 0 0 0 1 0 0 0 0 0 0 0 0 0 0 0 0 0 0 1 2 1 4 1 0 1 58 1 1 0 1 0 0 0 0 0 0 0 0 0 0 0 0 0 0 0 0 0 0 0 0 0 0 0 0 0 0 0 0 0 0 0 0 0 0 0 0 0 0 0 0 0 0 0 0 0 0 0 0 0 0 0 1 1 0 0 0 0 0 0 0 0 0 0 0 0 0 0 0 0 0 0 0 0 0 1 1 0 0 0 0 1 1 1 5 1 1 1 7 2 0 1 1 1 1 1 1 1 1 1 1 1 1 0 0 0 0 0 0 0 0 0 0 0 0 0 0 0 0 0 0 0 0 0 0 0 0 0 0 0 0 0 0 0 0 1 1 232 64 1 1 0 0 0 0 0 0 0 0 0 0 0 0 0 0 1 1 0 1 1 1 1 1 1 1 1 1 0 0 0 0 0 0 0 0 0 0 0 0 0 0 0 0 0 0 0 0 0 0 0 0 0 1 1 1 45 4 0 0 0 0 0 0 0 0 0 0 0 0 0 0 1 148 141 128 1 1 1 0 0 0 0 0 0 0 0 0 0 0 0 0 0 0 0 0 0 0 0
1 1 1 1 1 1 1 1 1 16 129 112 18 1 3 35 8 1 2 76 23 60 76 92 68 8 1 1 1 0 0 0 0 0 0 0 1 1 1 2 1 1 1 1 9 255 255 220 3 1 1 1 1 1 1 1 35 255 255 1 1 1 1 1 1 0 0 0 1 60 4 1 1 1 0 1 1 13 167 5 1 1 1 0 1 1 1 6 13 10 26 3 1 1 1 1 1 1 86 147 1 0 1 1 1 0 0 0 0 1 0 0 0 0 0 0 1 43 0 0 0 0 0 0 0 0 0 0 0 0 0 0 0 0 0 0 0 0 0 0 0 0 0 0 0 0 0 0 0 0 0 1 1 5 46 57 15 2 1 1 1 1 1 1 1 1 1 1 1 1 1 4 88 1 5 73 255 255 215 16 2 1 1 1 1 1 1 1 0 0 0 0 0 0 0 0 0 0 0 0 0 0 0 0 1 1 0 0 0 0 0 0 0 0 0 0 0 0 0 0 1 0 0 0 0 0 0 1 1 1 1 133 255 255 201 1 1 0 1 1 1 0 0 0 0 0 0 0 1 0 0 0 0 0 0 0 0 0 0 0 0 0 1 2 1 0 1 3 1 0 13 35 1 1 1 1 0 0 0 0 0 0 0 0 0 0 0 0 0 0 0 0 0 0 0 0 0 0 0 0 0 0 0 0 0 0 0 0 0 0 0 0 0 0 0 0 0 0 0 0 0 0 0 0 0 0 1 1 0 0 0 0 0 0 0 0 0 0 0 0 0 0 0 0 0 0 0 0 0 1 0 0 0 0 0 0 1 1 2 3 1 1 1 9 1 0 0 0 0 0 0 0 0 0 1 1 1 1 1 0 0 0 0 0 0 0 0 0 0 0 0 0 0 0 0 0 0 0 0 0 0 0 0 0 0 0 0 0 0 1 1 241 4 1 1 0 0 0 0 0 0 0 0 0 0 0 1 1 1 1 1 1 0 0 0 0 0 0 0 1 1 1 1 1 1 1 0 0 0 0 0 0 0 0 0 0 0 1 0 0 0 0 0 0 0 0 0 0 1 54 1 0 0 0 0 0 0 0 0 0 0 0 0 0 0 1 155 134 128 1 1 1 0 0 0 0 0 0 0 0 0 0 0 0 0 0 0 0 0 0 0 0
1 1 1 1 1 1 1 1 10 139 42 2 1 2 24 27 3 1 1 19 69 15 44 13 43 89 24 2 1 1 0 0 0 0 0 0 0 0 1 1 2 1 1 1 1 14 255 255 121 1 1 0 0 1 1 3 255 255 3 1 1 1 1 1 1 0 1 1 1 14 51 10 1 1 0 0 1 8 167 11 1 1 1 1 1 1 6 26 12 2 13 19 1 1 1 1 1 1 171 43 1 1 1 1 1 1 0 0 1 1 0 0 0 0 0 0 1 44 1 0 0 0 0 0 0 0 0 0 0 0 0 0 0 0 0 0 0 0 0 0 0 0 0 0 0 0 0 0 0 0 0 1 0 1 1 5 43 60 31 7 2 1 1 1 1 1 1 1 1 1 1 1 91 2 1 2 74 255 255 200 20 2 1 1 1 1 1 0 1 1 0 0 0 0 0 0 0 0 0 0 0 0 0 0 1 0 0 0 0 0 0 0 0 0 0 0 0 0 0 1 1 0 0 0 0 0 0 1 1 1 5 255 255 227 22 1 0 0 1 0 1 0 0 0 0 0 0 1 1 0 0 0 0 0 0 0 0 0 0 0 0 0 1 2 1 0 1 3 1 0 1 44 7 1 1 1 1 1 1 1 1 0 0 0 0 0 0 0 0 0 0 0 0 0 0 0 0 0 0 0 0 0 0 0 0 0 0 0 0 0 0 0 0 0 0 0 0 0 0 0 0 0 0 0 0 0 1 1 0 0 0 0 0 0 0 0 0 0 0 0 0 0 0 0 0 0 0 0 0 1 0 0 0 0 0 0 0 1 1 4 2 1 1 2 7 1 0 0 0 0 0 0 0 0 0 0 0 0 1 1 1 0 0 0 0 0 0 1 0 0 0 0 0 0 0 0 0 0 0 0 0 0 0 0 0 0 0 0 1 1 89 225 1 1 1 0 0 0 0 0 0 0 0 1 1 1 1 0 0 1 1 0 0 0 0 0 0 0 0 0 1 0 0 0 0 1 1 1 1 1 0 0 0 0 0 0 0 1 0 0 0 0 0 0 0 0 0 0 1 56 1 0 0 0 0 0 0 0 0 0 0 0 0 0 0 2 173 119 121 1 1 0 0 0 0 0 0 0 0 0 0 0 0 0 0 0 0 0 0 0 0 0
4 4 4 7 7 2 1 5 129 54 1 1 2 27 36 65 39 2 1 3 84 9 44 10 4 16 86 72 20 3 1 1 1 0 0 0 0 0 0 1 2 2 1 1 1 2 27 255 255 25 1 1 1 1 1 253 255 62 1 1 1 1 1 1 0 0 1 0 0 1 4 43 39 3 1 0 1 3 164 22 1 1 1 1 1 1 24 10 15 5 2 24 11 1 1 1 1 2 192 5 1 1 1 1 1 1 1 0 1 0 0 0 0 0 0 0 1 44 1 0 0 0 0 0 0 0 0 0 0 0 0 0 0 0 0 0 0 0 0 0 0 0 0 0 0 0 0 0 0 0 0 1 1 1 1 1 1 3 26 55 62 47 20 7 2 1 1 1 1 1 1 1 82 7 1 1 3 90 255 255 185 26 3 1 1 1 1 1 0 1 0 0 0 0 0 0 0 0 0 0 0 0 0 1 1 0 0 0 0 0 0 0 0 0 0 0 0 0 1 1 0 0 0 0 0 0 0 1 1 1 255 255 255 120 1 1 0 1 1 0 1 0 0 0 0 0 0 1 0 0 0 0 0 0 0 0 0 0 0 0 0 0 1 3 1 0 0 1 4 1 0 1 57 1 1 1 0 0 1 1 1 1 1 1 1 0 0 0 0 0 0 0 0 0 0 0 0 0 0 0 0 0 0 0 0 0 0 0 0 0 0 0 0 0 0 0 0 0 0 0 0 0 0 0 0 0 1 1 1 0 0 0 0 0 0 0 0 0 0 0 0 0 0 0 0 0 0 0 0 1 1 0 0 0 0 0 0 1 1 1 5 1 1 1 5 3 1 0 0 0 0 0 0 0 0 0 0 0 0 1 1 1 1 1 1 1 1 1 1 1 1 1 0 0 0 0 0 0 0 0 0 0 0 0 0 0 0 1 1 54 232 17 1 1 1 0 1 0 0 0 0 1 1 1 0 0 0 0 0 1 1 0 0 0 0 0 0 0 0 0 1 0 0 0 0 0 0 0 0 1 1 1 1 1 0 0 0 1 0 0 0 0 0 0 0 0 0 0 2 53 1 0 0 0 0 0 0 0 0 0 0 0 0 0 1 14 192 100 91 1 1 0 0 0 0 0 0 0 0 0 0 0 0 0 0 0 0 0 0 0 0 0
93 92 92 89 89 26 7 100 93 1 1 2 20 34 30 80 71 6 5 7 64 30 17 32 4 2 5 41 85 82 26 5 2 1 1 0 0 0 0 0 1 2 1 1 1 1 2 86 255 255 3 1 1 1 123 255 250 1 1 1 0 1 0 0 0 1 0 0 0 0 1 1 13 49 8 1 1 2 145 54 2 1 1 1 1 2 29 4 4 13 12 6 31 6 1 1 1 6 190 2 1 1 1 1 1 1 1 1 1 1 1 1 1 1 1 1 1 39 2 0 0 0 0 0 0 0 0 0 0 0 0 0 0 0 0 0 0 0 0 0 0 0 0 0 0 0 0 0 0 0 0 0 0 0 0 0 0 1 1 1 2 12 37 55 64 58 32 11 3 1 1 1 52 37 2 1 1 10 108 255 255 170 24 2 1 1 1 1 1 1 0 0 0 0 0 0 0 0 0 0 0 0 1 1 0 0 0 0 0 0 0 0 0 0 0 0 0 0 1 0 0 0 0 0 0 0 1 1 1 157 255 255 197 1 1 0 0 1 0 0 1 0 0 0 0 0 1 1 0 0 0 0 0 0 0 0 0 0 0 0 0 0 1 3 0 0 0 0 1 3 1 1 10 51 5 1 1 1 0 0 0 0 0 1 1 1 1 1 1 1 0 0 0 0 0 0 0 0 0 0 0 0 0 0 0 0 0 0 0 0 0 0 0 0 0 0 0 0 0 0 0 0 0 0 0 0 1 0 1 0 0 0 0 0 0 0 0 0 0 0 0 0 0 0 0 0 0 0 0 1 1 0 0 0 0 0 0 1 1 1 2 4 1 1 1 7 2 1 0 0 0 0 0 0 0 0 0 0 0 1 1 1 1 0 0 0 0 0 0 0 0 1 1 1 1 1 1 1 0 0 0 0 0 0 0 0 1 1 77 230 27 1 1 1 1 1 1 1 1 1 1 1 0 0 0 0 0 0 1 1 1 0 0 0 0 0 0 0 0 0 1 0 0 0 0 0 0 0 0 0 0 0 0 0 1 1 1 1 1 0 0 0 0 0 0 0 0 0 6 39 1 0 0 0 0 0 0 0 0 0 0 0 0 1 1 76 188 107 32 1 1 0 0 0 0 0 0 0 0 0 0 0 0 0 0 0 0 0 0 0 0 0
3 3 2 2 14 80 86 124 3 1 1 4 12 26 41 62 58 39 69 69 71 40 6 30 27 4 2 2 7 29 95 35 22 14 5 1 1 1 0 0 1 1 2 1 1 1 1 3 244 255 169 1 1 29 255 255 2 1 1 1 1 0 0 1 1 1 0 0 0 0 1 0 1 5 53 5 1 1 107 102 2 1 1 1 1 5 29 3 1 1 3 11 9 32 3 1 1 42 169 2 1 1 1 1 1 1 1 1 1 1 0 0 1 1 1 0 1 21 12 0 0 0 0 0 0 0 0 0 0 0 0 0 0 0 0 0 0 0 0 0 0 0 0 0 0 0 0 0 0 0 0 0 0 0 0 0 0 0 1 1 1 1 1 1 1 8 25 48 61 61 41 15 28 73 1 2 1 1 11 115 255 255 169 24 2 1 1 1 1 1 1 0 0 0 0 0 0 0 0 0 0 1 1 0 0 0 0 0 0 0 0 0 0 0 0 0 0 1 1 0 0 0 0 0 0 1 1 1 6 255 255 225 16 1 0 0 1 0 0 1 1 0 0 0 0 1 1 0 0 0 0 0 0 0 0 0 0 0 0 0 0 0 1 3 0 0 0 0 1 3 1 0 1 5 50 62 60 40 13 2 1 1 1 1 1 1 0 1 1 1 1 1 1 1 0 0 0 0 0 0 0 0 0 0 0 0 0 0 0 0 0 0 0 0 0 0 0 0 0 0 0 0 0 0 0 0 1 0 1 1 0 0 0 0 0 0 0 0 0 0 0 0 0 0 0 0 0 0 0 0 1 0 0 0 0 0 0 1 0 1 1 4 2 1 1 1 7 4 1 0 0 0 0 0 0 0 0 0 1 1 1 1 1 1 0 0 0 0 0 0 0 0 0 0 0 0 0 1 1 1 1 1 0 0 0 0 1 95 227 16 1 1 1 1 0 0 0 1 1 1 0 0 0 0 0 0 0 0 1 1 1 1 1 1 1 1 1 1 1 1 1 1 1 1 1 1 1 0 0 0 0 0 0 0 0 0 0 1 1 1 1 1 1 1 0 0 0 1 18 23 1 0 0 0 0 0 0 0 0 0 0 0 0 1 1 132 155 123 5 1 0 0 0 0 0 0 0 0 0 0 0 0 0 0 0 0 0 0 0 0 0 0
1 1 1 1 1 24 94 24 1 1 1 3 13 45 47 21 34 59 15 12 18 15 24 21 28 40 18 3 1 3 38 88 5 9 19 16 8 3 1 1 1 1 2 1 1 1 1 1 9 255 255 10 5 255 255 7 1 1 1 1 0 0 1 1 0 0 0 0 0 0 1 0 0 1 21 33 1 1 55 143 4 1 1 2 3 17 16 1 1 1 1 2 11 17 31 2 1 117 117 1 1 1 1 1 1 1 1 1 1 1 1 1 1 1 1 1 1 4 32 1 0 0 0 0 0 0 0 0 0 0 0 0 0 0 0 0 0 0 0 0 0 0 0 0 0 0 0 0 0 0 0 0 0 0 0 0 0 0 0 1 1 1 0 0 1 2 1 1 1 2 15 43 65 80 1 1 1 1 1 3 93 255 255 178 27 3 1 1 1 1 1 1 1 0 0 0 0 0 0 0 1 1 0 0 0 0 0 0 0 0 0 0 0 0 0 0 1 1 0 0 0 0 0 0 0 1 1 1 255 255 254 112 1 1 0 1 1 0 0 1 0 0 0 1 1 1 0 0 0 0 0 0 0 0 0 0 0 0 0 0 0 0 1 3 0 0 0 0 0 1 4 1 0 0 1 1 2 11 41 56 62 57 36 10 2 1 1 1 1 1 2 3 3 1 1 1 1 1 1 0 0 0 0 0 0 0 0 0 0 0 0 0 0 0 0 0 0 0 0 0 0 0 0 0 0 1 1 0 0 1 0 0 0 0 0 0 0 0 0 0 0 0 0 0 0 0 0 0 0 1 1 0 0 0 0 0 0 1 0 1 1 1 5 1 1 1 1 5 8 2 1 0 0 0 0 0 1 1 1 3 5 10 11 11 5 1 0 0 0 0 0 0 0 0 0 0 0 0 0 0 0 1 1 1 1 1 111 222 11 1 1 1 0 0 0 0 1 1 1 0 0 0 0 0 0 1 1 1 1 1 1 1 1 5 52 87 85 100 105 102 80 30 5 2 1 1 1 1 1 1 1 1 1 1 0 0 0 1 1 0 0 0 0 1 1 1 1 1 37 7 1 0 0 0 0 0 0 0 0 0 0 0 1 1 1 155 132 128 1 1 0 1 1 0 0 0 0 0 0 0 0 0 0 0 0 0 0 0 0 0 0 0
1 1 1 1 1 38 76 2 1 2 13 23 46 27 11 16 71 9 2 1 1 2 3 12 27 19 30 39 10 1 4 93 28 2 2 10 7 10 10 7 2 1 1 2 1 1 1 1 2 67 255 255 255 255 63 1 1 1 1 1 0 0 1 0 0 0 0 0 0 0 1 0 0 1 7 50 1 1 16 162 12 3 4 8 14 26 2 1 1 2 3 2 2 15 14 32 3 164 61 2 1 1 1 1 1 1 1 1 1 1 1 1 1 1 1 1 1 1 39 1 0 0 0 0 0 0 0 0 0 0 0 0 0 0 0 0 0 0 0 0 0 0 0 0 0 0 0 0 0 0 0 0 0 0 0 0 0 0 0 0 0 0 0 0 1 2 0 0 0 0 0 1 3 54 29 1 1 1 1 1 2 88 255 255 201 31 3 1 1 1 1 0 1 1 0 0 0 0 0 0 1 0 0 0 0 0 0 0 0 0 0 0 0 0 0 0 1 0 0 0 0 0 0 0 1 1 1 178 255 255 190 1 1 0 1 1 0 0 1 1 0 1 1 1 0 0 0 0 0 0 0 0 0 0 0 0 0 0 0 0 0 0 1 2 0 0 0 0 0 0 1 4 1 1 0 0 0 1 2 0 1 2 13 41 57 61 55 29 7 6 6 4 5 7 8 8 5 3 1 1 1 1 1 0 0 0 0 0 0 0 0 0 0 0 0 0 0 0 0 0 0 0 0 0 0 1 1 0 0 1 1 0 0 0 0 0 0 0 0 0 0 0 0 0 0 0 0 0 0 1 1 0 0 0 0 0 1 1 0 0 1 0 4 2 1 1 1 1 2 9 10 10 8 9 10 10 11 11 9 6 8 79 132 107 24 11 2 0 0 0 0 0 0 0 0 0 0 0 0 0 0 0 0 0 1 130 220 7 1 1 1 0 0 0 0 1 1 1 0 0 0 0 1 1 1 1 1 1 2 18 110 198 241 249 247 247 247 246 246 246 247 250 247 238 212 170 149 149 125 58 10 2 1 1 1 1 1 1 1 1 1 1 1 1 1 1 1 1 51 2 1 1 0 0 0 0 0 0 0 1 1 1 1 1 1 164 122 128 1 1 1 1 1 0 0 0 0 0 0 0 0 0 0 0 0 0 0 0 0 0 0 0
1 1 1 1 3 97 12 1 2 6 15 15 53 52 62 72 20 3 3 3 3 3 1 1 4 21 14 11 42 9 2 29 117 59 13 7 12 10 2 4 8 8 5 3 1 1 1 1 1 3 255 255 255 255 1 1 1 1 1 0 0 1 1 0 0 0 0 0 0 0 1 0 0 1 3 59 1 1 5 160 41 18 28 30 23 5 2 2 3 3 1 2 3 11 10 6 35 162 76 7 5 5 5 5 4 3 3 3 3 5 6 6 5 4 2 2 1 1 40 1 1 0 0 0 0 0 0 0 0 0 0 0 0 0 0 0 0 0 0 0 0 0 0 0 0 0 0 0 0 0 0 0 0 0 0 0 0 0 0 0 0 0 0 0 1 3 1 1 1 0 1 2 1 2 75 6 3 3 2 1 2 6 89 255 255 229 38 4 1 1 1 1 1 1 1 0 0 0 0 1 1 0 0 0 0 0 0 0 0 0 0 0 0 0 0 1 1 0 0 0 0 0 0 1 1 1 9 255 255 223 12 1 0 0 1 0 0 0 1 1 1 1 0 0 0 0 0 0 0 0 0 0 0 0 0 0 0 0 0 0 0 0 1 2 0 0 0 0 0 0 1 1 3 4 4 3 2 1 3 0 0 0 0 0 1 1 3 20 47 51 35 27 8 1 1 1 2 5 8 8 7 4 2 1 1 1 1 1 0 0 0 0 0 0 0 0 0 0 0 0 0 0 0 0 0 1 1 0 0 0 1 0 0 0 0 0 0 0 0 0 0 0 0 0 0 0 0 0 0 1 0 0 0 0 0 0 1 0 0 0 1 1 1 5 1 1 1 1 1 1 1 2 2 2 2 2 2 1 1 12 167 166 119 145 179 72 10 1 0 0 0 0 0 0 0 0 0 0 0 0 0 0 0 1 148 209 5 1 1 1 1 1 1 1 1 1 1 1 0 0 1 1 1 1 1 2 74 208 247 253 246 221 146 75 24 6 3 3 2 3 6 26 91 159 209 236 239 236 233 228 212 183 160 135 102 48 14 6 2 1 1 1 1 1 1 1 1 1 56 1 1 1 1 1 1 1 1 1 1 1 1 1 1 0 2 179 103 123 1 1 1 0 1 0 0 0 0 0 0 0 0 0 0 0 0 0 0 0 0 0 0 0
1 1 1 1 12 97 4 2 3 3 4 8 26 29 20 19 48 64 71 71 70 62 20 1 1 2 17 12 24 30 27 32 41 104 129 28 9 7 6 1 1 2 5 9 3 1 1 1 1 1 22 255 255 43 1 1 1 1 1 1 0 1 0 0 0 0 0 0 0 0 1 1 1 1 2 62 1 1 2 140 103 27 12 4 3 3 3 3 2 1 1 1 1 11 9 1 11 119 175 173 172 173 173 173 171 164 159 162 175 200 202 201 198 191 182 169 133 49 40 6 1 0 0 0 0 0 0 0 0 0 0 0 0 0 0 0 0 0 0 0 0 0 0 0 0 0 0 0 0 0 0 0 0 0 0 0 0 0 0 0 0 0 0 0 2 1 1 1 1 1 2 1 0 1 14 57 1 1 2 3 2 3 29 88 255 255 249 49 5 2 1 1 1 1 1 1 0 0 0 1 1 0 0 0 0 0 0 0 0 0 0 0 0 0 1 1 0 0 0 0 0 0 0 1 1 1 255 255 253 104 1 0 0 1 1 0 0 1 1 1 0 0 0 0 0 0 0 0 0 0 0 0 0 0 0 0 0 0 0 0 0 0 2 1 0 0 0 0 0 0 0 1 1 1 1 1 2 3 5 6 5 3 1 1 0 0 0 0 1 7 1 3 18 32 35 34 22 5 1 1 1 3 6 8 8 7 4 1 1 1 1 1 0 0 0 0 0 0 0 0 0 0 0 0 0 1 1 0 0 0 1 0 0 0 0 0 0 0 0 0 0 0 0 0 0 0 0 0 0 1 0 0 0 0 0 0 1 0 0 0 1 1 0 4 2 1 1 1 1 0 0 1 1 1 1 1 1 1 1 166 83 1 1 1 20 175 33 10 0 0 0 0 0 0 0 0 0 0 0 0 0 1 1 159 204 4 1 1 1 0 0 0 0 0 0 0 1 1 1 1 1 1 1 15 173 246 249 211 90 5 1 1 1 1 1 1 1 1 1 1 1 1 1 1 1 1 3 21 88 155 204 228 237 238 237 227 207 181 161 142 114 80 30 7 4 3 3 3 61 2 2 1 1 1 1 1 1 1 1 1 1 1 1 1 10 192 118 107 1 1 1 0 1 0 0 0 0 0 0 0 0 0 0 0 0 0 0 0 0 1 0 0
1 1 1 2 29 83 16 21 17 30 62 62 30 23 39 73 38 22 15 15 18 33 50 1 1 1 2 21 25 26 18 5 2 4 39 122 5 3 5 7 2 1 1 3 9 1 1 1 1 1 4 255 255 11 1 1 1 0 0 1 1 1 0 0 0 0 0 0 0 0 1 1 1 1 13 45 1 1 2 101 127 5 1 1 1 1 1 1 1 1 1 1 1 10 14 6 24 50 35 33 36 31 30 37 45 63 81 81 85 44 25 23 25 29 46 81 141 211 207 46 1 1 0 0 0 0 0 0 0 0 0 0 0 0 0 0 0 0 0 0 0 0 0 0 0 0 0 0 0 0 0 0 0 0 0 0 0 0 0 0 0 0 0 0 2 1 0 0 0 1 2 1 0 0 1 49 17 1 1 1 1 1 1 4 46 255 255 255 70 6 2 1 1 1 1 1 1 0 0 0 1 0 0 0 0 0 0 0 0 0 0 0 0 0 1 0 0 0 0 0 0 0 1 1 1 203 255 255 184 1 1 0 0 1 0 0 0 1 1 0 0 0 0 0 0 0 0 0 0 0 0 0 0 0 0 0 0 0 0 0 0 0 3 1 0 0 0 0 0 0 0 0 0 0 0 1 1 1 1 1 2 3 6 6 6 4 2 1 1 7 1 0 0 0 0 1 6 23 33 35 33 17 3 1 1 1 3 7 8 8 6 3 1 1 1 1 0 0 0 0 0 0 0 0 0 1 1 0 0 0 1 1 0 0 0 0 0 0 0 0 0 0 0 0 0 0 0 0 1 1 0 0 0 0 0 0 1 0 0 0 0 1 1 1 4 1 1 1 1 1 0 1 1 1 1 0 0 1 15 191 1 0 0 1 1 101 151 11 0 0 0 0 0 0 0 1 1 1 1 1 1 1 172 192 3 1 1 1 0 0 0 0 0 0 0 0 1 1 1 1 1 23 202 250 233 103 3 1 1 1 1 1 1 1 0 0 0 1 1 1 1 1 1 1 1 1 1 1 1 1 1 1 3 23 94 160 207 229 236 237 233 223 210 194 181 172 167 168 180 142 107 56 18 7 3 2 2 1 1 1 1 1 1 1 51 171 124 62 1 1 0 0 1 1 1 0 0 0 0 0 0 0 0 0 0 0 0 0 0 1 1 1
1 1 2 7 15 87 36 12 30 56 25 30 57 64 47 8 3 2 2 2 3 16 68 3 1 1 2 6 44 6 1 1 1 1 2 107 100 34 2 3 7 3 1 1 9 3 1 1 1 1 3 248 255 10 1 1 0 0 0 0 0 0 0 0 0 1 1 1 1 1 1 1 1 19 52 4 2 2 3 61 162 5 1 1 1 1 1 1 1 2 2 2 2 5 22 27 9 6 32 38 53 47 47 45 40 37 35 30 9 2 2 2 3 7 30 107 132 92 169 162 1 1 0 0 0 0 0 0 0 0 0 0 0 0 0 0 0 0 0 0 0 0 0 0 0 0 0 0 0 0 0 0 0 0 0 0 0 0 0 0 0 0 0 0 3 1 0 0 0 2 1 0 0 0 1 2 69 2 0 1 1 1 1 1 1 15 239 255 255 111 10 2 1 1 1 1 1 1 0 0 1 1 0 0 0 0 1 0 0 0 0 0 0 1 0 0 0 0 0 0 0 1 1 1 13 255 255 221 8 1 0 0 1 0 0 0 1 1 0 0 0 0 0 0 0 0 0 0 0 0 0 0 0 0 0 0 0 0 0 0 0 1 3 1 0 0 0 0 0 0 0 0 0 0 0 0 0 0 0 0 0 0 1 1 1 2 4 6 7 12 2 1 1 0 0 0 0 0 0 1 1 9 28 35 35 29 11 2 1 1 2 4 8 8 7 4 2 1 1 1 1 0 0 0 0 1 0 0 0 0 0 1 0 0 0 0 0 0 0 0 0 0 0 0 0 0 0 0 1 1 0 0 0 0 0 0 1 0 0 0 0 0 1 0 4 2 1 1 1 1 1 1 1 1 1 0 0 1 77 166 1 1 0 0 1 8 198 2 1 0 0 0 0 0 0 1 0 0 1 1 2 189 182 3 1 1 1 1 0 0 0 0 0 0 0 1 1 1 1 7 185 249 217 43 1 1 1 1 1 1 1 1 1 1 1 1 1 1 1 1 1 1 1 1 1 1 1 1 1 1 1 1 1 1 1 1 1 2 5 31 99 159 198 222 227 227 216 189 127 135 197 223 223 210 190 168 136 92 33 8 3 1 1 1 108 145 145 13 1 1 1 1 1 1 1 1 1 0 0 0 0 0 0 0 0 0 0 0 0 1 0 1
4 15 45 38 14 73 40 26 37 5 2 2 2 2 2 1 1 1 1 1 1 5 50 46 7 5 10 33 46 41 2 1 1 1 1 5 78 127 83 1 2 7 1 1 3 10 1 1 1 1 3 253 255 6 1 1 0 0 0 0 0 1 1 1 1 1 1 1 1 0 1 1 88 178 95 69 56 47 67 132 198 10 1 1 0 0 1 1 3 3 2 2 3 2 2 7 4 4 11 16 12 2 1 1 1 1 1 1 1 2 14 57 100 120 116 48 5 4 79 205 3 1 1 1 0 0 0 0 0 0 0 0 0 0 0 0 0 0 0 0 0 0 0 0 0 0 0 0 0 0 0 0 0 0 0 0 0 0 0 0 0 0 0 0 3 1 0 0 0 2 1 0 0 0 0 1 17 49 1 1 1 1 1 1 1 1 7 185 255 255 181 18 3 1 1 1 1 1 1 1 1 1 1 1 0 1 1 0 0 0 0 0 1 1 0 0 0 0 0 0 0 1 1 2 255 255 250 95 1 0 0 1 1 0 0 0 1 0 0 0 0 0 0 0 0 0 0 0 0 0 0 0 0 0 0 0 0 0 0 0 0 1 3 0 0 0 0 0 0 0 0 0 0 0 0 0 0 0 0 0 0 0 0 0 0 0 0 1 1 9 1 2 3 3 3 2 1 1 0 0 0 0 0 0 1 2 15 31 35 34 25 7 1 1 1 3 6 8 8 6 3 1 1 1 1 1 0 0 0 0 0 1 1 0 0 0 0 0 0 0 0 0 0 0 0 0 0 0 1 0 0 0 0 0 0 0 1 0 0 0 0 0 1 1 2 4 1 1 1 1 1 1 1 1 1 0 1 1 99 151 1 1 1 1 1 2 205 5 1 1 1 1 1 1 1 1 1 1 1 33 227 161 3 1 1 1 0 1 1 1 1 0 0 0 1 1 1 1 108 244 227 45 1 1 1 1 1 1 1 1 1 1 1 1 1 1 1 0 0 0 0 0 0 0 0 0 0 0 0 0 0 0 0 0 0 0 0 1 1 1 1 1 1 1 3 21 85 150 192 239 232 222 210 197 190 194 206 216 219 207 185 141 56 15 139 128 154 3 1 1 1 1 1 1 1 1 1 1 1 1 1 1 1 1 1 1 1 1 1 1 1 1
79 94 65 72 84 85 77 41 6 2 1 1 1 1 1 1 1 1 1 1 1 1 4 45 65 29 27 23 33 42 17 1 1 2 5 15 39 94 108 1 1 6 3 1 2 12 2 1 1 1 6 255 255 3 1 1 0 0 0 1 1 1 1 1 0 0 0 0 0 1 2 100 159 41 110 123 130 134 118 80 217 30 1 1 0 0 1 3 3 1 2 2 2 1 1 2 7 14 21 21 2 1 1 1 1 1 1 8 49 113 119 92 49 15 3 1 1 2 57 203 59 51 33 6 2 1 1 1 1 0 0 0 0 0 0 0 0 0 0 0 0 0 0 0 0 0 0 0 0 0 0 0 0 0 0 0 0 0 0 0 0 0 0 0 3 1 0 0 1 2 0 0 0 0 0 0 1 54 14 1 1 1 1 1 1 1 1 4 114 255 255 251 35 4 1 1 1 0 1 1 0 1 0 0 1 1 0 0 0 0 0 1 1 0 0 0 0 0 0 0 1 1 1 226 255 255 180 1 1 0 0 1 0 0 0 1 1 0 0 0 0 0 0 0 0 0 0 0 0 0 0 0 0 0 0 0 0 0 0 0 0 1 3 0 0 0 0 0 0 0 0 0 0 0 0 0 0 0 0 0 0 0 0 0 0 0 0 0 1 9 0 0 0 1 1 1 2 3 3 2 1 1 0 0 0 0 0 0 0 1 4 20 33 36 34 27 11 2 1 1 4 8 8 7 3 1 1 1 1 1 1 0 1 0 0 0 0 0 0 0 0 0 0 0 0 0 0 0 1 0 0 0 0 0 0 0 1 0 0 0 0 0 0 1 1 5 1 1 1 1 1 1 1 1 1 0 1 1 133 116 2 1 1 1 1 17 122 154 2 1 1 1 1 1 1 1 1 1 3 240 118 148 168 106 20 3 1 1 0 0 1 1 1 1 1 1 7 202 244 114 1 1 1 1 1 0 0 1 1 0 0 0 1 1 0 0 0 0 0 0 0 0 0 0 0 0 0 0 0 0 0 0 0 0 0 0 0 0 0 0 0 0 0 1 1 1 1 1 113 114 5 33 106 164 197 213 220 220 217 216 214 220 232 217 228 180 187 33 11 5 3 2 2 1 1 1 1 1 1 1 1 1 1 1 1 1 1 1 1 1 1 1
71 44 36 24 33 72 88 93 67 28 7 3 2 1 1 1 1 1 1 1 1 2 18 46 61 61 36 45 20 4 49 6 15 95 128 129 121 103 12 0 1 2 6 1 1 9 4 1 1 1 20 255 255 2 1 1 0 1 1 1 1 1 0 0 0 1 1 1 1 3 131 144 6 2 2 3 4 5 6 8 206 67 2 1 0 0 1 5 1 1 3 1 1 2 1 3 22 22 5 1 1 1 1 1 1 9 77 119 98 28 5 2 1 1 1 1 1 3 134 97 68 3 12 42 56 61 61 48 22 5 1 1 1 1 0 0 0 0 0 0 0 0 0 0 0 0 0 0 0 0 0 0 0 0 0 0 0 0 0 0 0 0 0 1 3 1 1 1 1 2 1 1 0 1 1 1 1 3 67 3 0 0 0 1 1 1 1 1 2 56 255 255 255 85 5 2 1 1 0 1 1 1 0 0 1 0 0 0 0 0 0 1 0 0 0 0 0 0 0 1 1 1 18 255 255 221 6 1 0 0 1 0 0 0 0 1 0 0 0 0 0 0 0 0 0 0 0 0 0 0 0 0 0 0 0 0 0 0 0 0 0 1 3 0 0 0 0 0 0 0 0 0 0 0 0 0 0 0 0 0 0 0 0 0 0 0 0 0 1 8 0 0 0 0 0 0 0 0 1 1 1 2 2 2 2 1 1 0 1 1 1 1 1 1 3 6 20 36 41 37 20 4 1 1 4 8 8 8 7 4 1 1 1 1 0 0 0 0 0 0 0 0 0 0 0 0 0 1 1 0 0 0 0 0 0 1 0 0 0 0 0 0 1 1 1 6 1 1 1 1 1 1 1 1 0 1 1 1 186 16 53 88 65 89 175 208 200 238 244 205 154 108 67 31 13 6 3 2 161 244 244 232 222 241 246 232 118 18 3 1 1 1 1 1 1 34 238 216 14 1 1 1 1 0 0 0 0 1 0 0 0 0 1 1 0 0 0 0 0 0 0 0 0 0 0 0 0 0 0 0 0 0 0 0 0 0 0 0 0 0 0 0 0 0 0 0 1 4 170 4 1 1 1 1 1 1 4 28 91 139 178 202 220 240 249 238 225 191 183 165 142 117 77 30 13 6 3 2 2 1 1 1 1 1 1 1 1 1 1 1 1 6
10 4 15 46 61 49 40 20 40 76 86 66 22 7 4 2 2 1 1 1 2 27 48 24 33 58 30 59 3 2 40 127 126 66 16 6 3 1 1 0 1 3 5 1 1 10 4 0 1 2 108 255 178 1 1 1 1 1 1 1 1 1 1 1 1 2 6 40 125 180 118 3 1 1 1 1 1 1 1 2 180 118 3 1 1 0 4 3 1 2 8 4 3 4 12 31 11 1 1 1 1 1 1 9 71 120 82 14 2 1 1 1 1 1 1 1 1 23 143 10 49 50 1 1 1 1 2 8 31 54 63 64 53 26 4 1 1 1 1 0 0 0 0 0 0 0 0 0 0 0 0 0 0 0 0 0 0 0 0 0 0 0 0 2 2 1 1 1 1 1 1 1 1 1 0 0 1 1 12 53 1 0 0 0 1 1 0 1 1 1 21 224 255 255 184 9 2 1 1 1 1 1 1 1 1 0 0 0 0 0 1 1 0 0 0 0 0 0 0 1 1 2 255 255 246 86 1 1 0 1 1 0 0 0 1 0 0 0 0 0 0 0 0 0 0 0 0 0 0 0 0 0 0 0 0 0 0 0 0 0 0 1 2 0 0 0 0 0 0 0 0 0 0 0 0 0 0 0 0 0 0 0 0 0 0 0 0 0 2 7 1 0 0 0 0 0 0 0 1 1 0 0 0 1 1 1 2 2 2 1 1 0 0 1 2 1 0 1 1 2 11 31 40 40 34 15 2 1 1 3 8 7 2 1 1 0 0 0 0 0 0 0 0 0 0 0 0 1 0 0 0 0 0 0 0 1 0 0 0 0 0 1 1 0 1 6 1 1 1 1 1 1 1 1 1 1 1 63 219 219 198 181 196 184 105 5 2 6 107 201 233 244 246 250 250 250 250 250 255 255 244 201 138 59 24 139 238 246 223 98 13 2 1 1 78 244 151 2 1 1 0 1 1 0 0 0 0 1 1 0 0 0 0 0 0 0 0 0 0 0 0 0 0 0 0 0 0 0 0 0 0 0 0 0 0 0 0 0 0 0 0 0 0 0 0 0 1 50 149 1 1 0 0 0 0 1 1 1 1 1 1 2 5 95 171 223 151 106 124 149 161 171 186 191 174 140 111 79 47 26 11 6 3 1 1 1 1 1 1 1 1 11
2 1 3 60 51 9 13 38 32 17 35 68 95 100 90 60 28 15 10 8 14 55 11 2 2 13 42 24 3 8 137 91 7 1 1 1 1 1 1 1 1 4 4 1 1 9 5 1 1 4 255 255 10 1 1 1 1 1 1 2 8 61 152 185 198 201 199 179 120 34 1 1 1 1 1 1 1 1 1 1 97 187 8 1 1 1 5 2 1 8 8 6 22 33 22 6 1 1 1 1 2 12 74 120 87 15 2 1 1 1 1 1 1 1 1 1 2 116 74 3 9 94 2 1 0 0 0 0 0 1 1 1 5 27 55 64 62 46 16 3 1 1 1 1 0 0 0 0 0 0 0 0 0 0 0 0 0 0 0 0 0 0 0 3 1 0 0 0 1 1 1 0 0 0 0 0 0 1 1 31 41 4 4 5 5 3 2 1 1 1 1 5 125 255 255 255 23 2 1 1 1 1 1 1 0 0 0 0 0 1 1 0 0 0 0 0 0 0 1 1 1 239 255 255 179 1 1 0 0 1 0 0 1 1 0 0 0 0 0 0 0 0 0 0 0 0 0 0 0 0 0 0 0 0 0 0 0 0 0 0 0 2 1 0 0 0 0 0 0 0 0 0 0 0 0 0 0 0 0 0 0 0 0 0 0 0 0 0 2 7 1 0 0 0 0 0 0 0 1 1 0 0 0 0 0 0 0 0 1 1 2 2 2 2 1 1 0 0 0 0 0 0 1 1 3 16 35 40 39 28 11 3 6 7 1 1 1 1 1 1 1 1 1 1 1 0 0 1 0 0 0 0 0 0 0 1 0 0 0 0 1 1 0 0 1 4 1 0 0 0 1 1 1 1 1 1 28 241 224 118 129 146 137 135 134 134 133 130 125 115 102 92 85 85 84 70 54 124 255 207 206 238 250 255 255 255 246 223 227 246 246 213 98 145 244 103 1 1 0 1 1 1 1 1 0 0 0 0 1 1 0 0 0 0 0 0 0 0 0 0 0 0 0 0 0 0 0 0 0 0 0 0 0 0 0 0 0 0 0 0 0 0 0 0 0 0 1 139 65 1 1 0 0 1 1 1 1 1 1 1 1 1 1 70 98 223 101 7 8 13 27 44 80 115 148 176 191 198 197 189 168 133 102 54 22 12 7 4 3 2 2 17
2 1 1 26 78 14 2 2 13 31 24 23 40 51 75 106 126 128 119 107 102 53 8 4 3 5 5 6 28 141 108 2 1 1 1 1 1 1 0 1 1 5 3 1 1 8 7 1 1 11 255 255 2 1 1 2 4 30 137 192 197 170 93 26 8 3 2 1 1 1 1 1 1 1 1 1 1 1 1 1 9 207 56 3 1 1 4 3 6 13 3 9 13 2 1 1 1 1 2 9 66 120 83 14 2 1 1 1 1 0 0 1 1 1 1 1 37 116 40 2 4 97 5 1 0 0 0 0 0 0 0 0 0 0 0 1 2 9 37 60 64 61 41 13 2 1 1 1 1 0 0 0 0 0 0 0 0 0 0 0 0 0 0 3 1 0 0 0 1 1 1 0 0 1 1 1 1 1 1 1 29 53 28 21 21 27 29 31 31 29 20 4 2 47 253 255 255 95 3 1 1 1 1 1 0 0 0 0 1 1 0 0 0 0 0 0 0 1 1 1 25 255 255 219 9 1 1 0 1 0 0 1 1 0 0 0 0 0 0 0 0 0 0 0 0 0 0 0 0 0 0 0 0 0 0 0 0 0 0 0 1 3 1 0 0 0 0 0 0 0 0 0 0 0 0 0 0 0 0 0 0 0 0 0 0 0 0 0 2 7 1 0 0 0 0 0 0 0 1 1 0 0 0 0 0 0 0 0 1 0 0 0 1 1 0 0 0 0 0 0 0 0 0 0 0 0 0 1 1 5 20 35 40 44 48 30 2 1 0 0 0 0 0 0 1 1 1 1 1 1 1 1 0 0 0 1 0 0 1 1 0 0 0 0 2 3 1 0 0 0 0 1 1 1 1 28 244 203 4 1 1 2 2 2 2 2 3 5 11 26 45 61 71 73 76 95 118 255 255 220 222 209 168 108 59 102 181 232 250 255 253 255 255 255 144 7 1 1 1 1 1 1 1 1 1 1 1 0 0 1 1 1 0 0 0 0 0 0 0 0 0 0 0 0 0 0 0 0 0 0 0 0 0 0 0 0 0 0 0 0 0 0 0 0 0 1 9 170 1 1 1 1 1 1 0 0 0 0 0 0 1 1 1 115 79 228 77 14 14 14 13 13 11 5 6 13 27 49 82 116 153 179 192 201 198 187 166 136 105 67 37 38
8 3 2 4 81 44 3 1 1 1 1 1 1 2 2 2 4 12 28 43 50 60 66 61 51 43 52 98 161 62 2 1 0 0 0 0 0 1 1 1 1 2 6 1 1 3 15 5 10 82 255 255 4 10 81 172 196 182 112 15 2 1 1 1 0 0 0 0 0 0 1 1 0 0 0 1 1 1 1 1 1 106 179 15 1 1 4 11 12 5 5 15 6 1 1 1 4 25 74 118 92 15 2 1 1 1 0 1 1 0 0 1 1 1 1 3 136 21 38 2 2 97 6 1 0 0 0 0 0 0 0 0 0 0 0 0 0 0 0 1 1 2 13 41 61 64 61 39 12 2 1 1 1 1 1 1 1 1 1 1 1 1 1 3 2 2 1 1 1 2 1 1 1 1 1 1 1 1 1 1 3 4 34 1 1 1 1 1 1 2 6 25 14 2 10 168 255 255 239 7 2 1 1 1 0 0 0 0 1 0 0 0 0 0 0 0 0 1 1 2 255 255 239 119 1 1 1 1 1 0 1 0 0 0 0 0 0 0 0 0 0 0 0 0 0 0 0 0 0 0 0 0 0 0 0 0 0 0 0 0 1 3 1 1 1 1 1 1 1 0 0 0 0 0 0 0 0 1 1 1 1 1 1 0 0 0 0 0 2 7 1 0 0 0 0 0 0 0 1 1 0 0 0 0 0 0 0 0 1 0 0 0 0 0 1 0 0 0 0 0 0 0 0 0 0 0 0 0 0 0 0 0 1 2 1 10 46 33 1 1 0 0 0 0 0 1 1 0 0 0 0 1 1 1 1 1 1 1 1 0 0 0 0 0 2 4 1 0 0 1 1 1 1 1 33 246 196 2 1 1 1 1 1 0 0 0 1 1 1 1 1 1 1 1 1 1 38 255 173 76 67 107 166 207 227 232 230 217 169 110 145 207 238 236 225 196 156 72 4 1 1 1 1 0 1 1 1 1 1 1 1 1 1 1 0 0 0 0 0 0 0 0 0 0 0 0 0 0 0 0 0 0 0 0 0 0 0 0 0 0 0 0 0 1 1 1 85 130 1 1 1 1 1 0 0 0 0 0 0 0 1 0 1 125 94 230 22 2 2 3 3 4 3 3 3 4 4 5 5 5 6 11 28 60 104 141 171 192 199 202 196 181
4 8 9 2 28 92 7 2 1 1 1 1 1 1 1 1 1 1 1 18 107 137 145 161 169 182 192 146 22 1 1 1 0 0 0 0 0 1 1 1 1 3 5 2 2 4 28 139 206 221 255 255 181 187 154 45 5 1 1 1 1 1 1 1 1 1 1 1 1 1 1 0 1 1 1 1 1 0 0 1 1 8 169 122 5 2 5 23 11 9 14 8 4 1 2 27 105 118 87 21 2 1 1 1 0 0 0 0 1 1 0 1 1 1 1 60 109 3 38 2 2 99 6 1 0 0 0 0 0 0 0 0 0 0 0 0 0 0 0 0 0 0 0 0 0 1 2 14 43 61 64 56 29 5 1 1 1 1 0 0 0 0 0 3 1 0 1 1 1 2 1 1 1 1 0 0 0 0 1 1 2 1 33 4 1 1 1 1 1 1 1 1 27 3 1 3 61 255 255 255 43 1 1 1 1 1 1 1 1 0 0 0 0 0 0 0 1 1 1 250 255 255 189 1 0 1 0 1 1 1 0 0 0 0 0 0 0 0 0 0 0 0 0 0 0 0 0 0 0 0 0 0 0 0 0 0 0 0 0 0 1 2 1 1 1 1 2 2 2 2 2 2 2 1 1 1 2 1 1 1 2 2 2 2 2 1 1 2 4 7 1 0 0 0 0 0 0 0 1 1 0 0 0 0 0 0 1 1 1 1 1 1 1 1 1 1 1 1 1 1 1 1 1 1 1 1 1 1 1 1 1 1 1 1 0 1 1 8 48 28 1 1 0 1 1 1 1 0 0 0 0 0 0 0 0 1 0 0 0 0 0 0 0 0 1 6 1 1 1 1 1 1 1 50 246 188 1 1 1 1 0 1 1 0 0 0 1 1 0 0 0 0 1 1 1 1 233 255 47 1 1 1 1 1 2 3 16 82 166 218 230 218 115 90 176 228 226 198 179 149 59 3 1 1 1 0 0 0 1 1 1 1 1 1 1 1 0 0 0 0 0 0 0 0 0 0 0 0 0 0 0 0 0 0 0 0 0 0 0 0 0 1 1 0 1 1 163 21 0 1 0 0 1 1 1 1 1 1 0 0 1 0 1 127 98 226 5 1 1 1 1 1 1 1 1 1 1 2 2 3 3 4 5 6 27 14 10 16 39 81 114 144
1 1 5 10 16 104 36 7 4 3 3 4 5 5 4 2 1 1 2 124 175 121 84 62 56 31 8 2 2 3 2 1 1 1 1 1 1 1 0 1 3 8 4 4 14 88 185 153 36 19 255 255 23 4 2 1 1 1 1 1 0 0 0 0 0 0 1 1 1 1 1 1 1 1 1 0 0 0 0 1 1 2 38 198 23 3 7 23 16 15 8 5 3 13 78 115 46 7 2 1 1 1 0 1 1 0 1 1 1 1 1 1 1 1 4 142 13 2 39 2 2 97 9 1 0 0 0 0 0 0 0 0 0 0 0 0 0 0 0 0 0 0 0 0 0 0 0 0 0 0 1 4 24 53 64 64 51 21 3 1 1 1 0 3 1 0 0 0 1 2 1 0 1 1 1 1 1 1 1 1 2 1 15 19 1 1 1 1 1 1 1 1 6 22 1 1 2 12 188 255 255 219 4 1 1 1 1 1 1 1 1 1 1 1 1 1 1 1 46 255 255 188 63 1 1 1 1 1 1 0 0 0 0 0 0 0 0 0 0 0 0 0 0 0 0 0 0 0 0 0 0 0 0 0 0 0 0 0 0 0 1 2 0 0 0 0 0 0 0 0 1 1 1 1 1 1 1 1 1 1 1 1 1 1 1 1 1 1 3 8 1 0 0 0 0 0 0 0 1 1 0 0 0 0 0 1 1 1 1 1 1 1 1 1 1 1 1 1 1 1 1 1 1 1 1 1 1 1 1 1 1 1 2 1 1 1 0 1 1 12 49 17 1 1 1 1 1 0 0 0 0 0 0 0 1 1 0 0 0 0 0 0 0 0 0 6 1 18 140 177 135 80 160 237 203 1 1 1 1 1 1 1 1 1 1 1 1 0 1 1 0 0 1 1 1 8 255 220 2 1 1 1 1 1 1 1 1 1 1 2 6 85 200 228 207 114 128 213 234 218 196 182 147 67 5 1 1 1 0 0 1 1 1 1 1 1 1 1 1 1 1 0 0 0 0 0 0 0 0 0 0 0 0 0 0 0 0 0 0 0 1 1 1 1 1 30 159 1 1 1 0 0 0 0 0 0 0 1 1 1 1 1 2 127 131 212 3 1 1 1 1 1 1 1 1 1 1 1 1 1 1 1 1 2 21 3 1 1 1 1 1 2
1 1 1 2 12 100 84 93 78 48 60 91 108 116 101 62 14 3 2 36 143 171 135 22 2 1 1 1 1 1 5 1 1 1 1 1 1 1 1 1 8 8 14 72 170 172 51 4 2 4 255 255 3 1 1 1 1 0 1 1 0 0 1 1 1 1 1 0 0 0 0 0 0 0 0 0 0 0 0 1 1 1 5 163 108 3 10 25 29 12 4 17 75 120 83 14 2 1 1 0 1 0 0 0 1 1 1 0 0 1 1 1 1 2 71 102 2 2 39 2 2 92 14 1 0 0 0 0 0 0 0 0 0 0 0 0 0 0 0 0 0 0 0 0 0 0 0 0 0 0 0 0 0 0 1 1 6 32 58 64 60 36 7 3 1 1 1 0 1 2 0 0 0 1 1 0 0 0 0 1 1 1 4 34 1 1 2 9 11 3 1 1 2 32 1 1 1 1 3 71 255 255 255 104 3 1 1 1 0 0 0 0 0 1 1 1 1 3 255 255 200 176 1 1 1 1 1 1 0 0 0 0 0 0 0 0 0 0 0 0 0 0 0 0 0 0 0 0 0 0 0 0 0 0 0 0 0 0 0 0 1 1 0 0 0 0 0 0 0 0 0 0 0 0 0 0 0 0 0 0 0 0 0 0 1 1 0 0 2 8 1 0 0 0 0 0 0 0 1 1 0 0 0 0 0 0 1 1 1 0 0 0 0 1 1 0 0 0 0 0 0 0 0 0 0 0 0 0 0 0 0 1 2 1 1 0 0 0 1 1 1 22 45 4 1 1 1 1 0 0 0 0 0 0 1 0 0 0 0 0 0 0 0 0 1 4 86 227 198 168 201 218 105 241 10 1 1 1 1 1 1 1 1 0 0 0 0 0 0 1 1 1 1 1 1 209 255 51 1 1 1 1 1 1 1 1 1 1 1 1 1 1 2 6 93 205 230 213 129 159 221 233 216 204 185 165 113 36 3 1 1 1 1 1 0 0 1 1 1 1 1 1 1 1 1 0 0 0 0 0 0 0 0 0 0 0 0 1 1 1 1 0 0 0 1 118 102 1 1 0 0 0 0 0 0 0 0 0 0 0 1 1 16 119 177 177 2 1 1 0 0 0 1 0 0 1 1 1 1 1 1 1 1 2 14 2 1 1 1 1 1 1
4 4 4 4 17 114 65 46 75 100 93 65 47 40 62 99 98 63 19 8 7 23 109 147 41 3 1 1 2 4 3 1 1 2 2 2 3 4 5 9 27 65 159 180 93 9 2 1 1 2 255 255 4 1 1 1 1 1 1 1 1 1 1 0 0 0 0 0 0 0 0 0 0 0 0 0 0 0 0 1 1 1 2 67 180 11 9 41 30 30 91 115 81 15 2 1 1 0 0 0 1 0 0 0 0 0 0 0 1 1 1 1 2 8 140 10 1 2 39 2 2 88 18 1 0 0 0 0 0 0 0 0 0 0 0 0 0 0 0 0 0 0 0 0 0 0 0 0 0 0 0 0 0 0 0 0 0 1 1 1 2 17 50 61 60 39 8 1 1 2 0 0 0 0 1 0 0 0 0 1 1 1 2 38 2 30 78 71 68 80 82 71 56 58 62 24 6 2 1 3 80 117 255 255 255 63 1 1 1 0 0 0 1 1 1 1 1 255 255 255 162 58 0 1 1 1 0 1 0 0 0 0 0 0 0 0 0 0 0 0 0 0 0 0 0 0 0 0 0 0 0 0 0 0 0 0 0 0 0 0 2 1 0 0 0 0 0 0 0 0 0 0 0 0 0 0 0 0 0 0 0 0 0 0 1 0 0 0 2 9 1 0 0 0 0 0 0 0 1 0 0 0 0 0 0 0 1 1 1 0 0 0 0 1 1 0 0 0 0 0 0 0 0 0 0 0 0 0 0 0 0 1 2 1 0 0 0 0 0 0 1 1 2 40 41 3 1 1 1 1 0 0 0 0 1 0 0 0 0 0 1 1 0 1 1 22 232 42 1 1 1 22 122 244 2 1 0 0 1 1 1 1 1 1 1 0 0 0 0 0 1 1 1 1 9 255 222 1 1 1 0 0 1 1 1 1 1 1 1 1 1 1 1 1 1 2 7 99 208 231 210 136 164 213 233 221 203 187 179 166 124 59 10 1 1 1 1 1 0 1 1 1 1 1 1 1 1 1 1 0 0 0 0 0 0 0 1 1 1 1 0 0 0 1 3 173 4 1 1 0 0 0 0 0 0 0 0 0 0 0 1 0 70 93 212 119 1 1 1 1 1 1 1 0 0 0 0 0 0 0 0 0 1 3 11 1 1 0 0 0 1 1
59 56 56 55 90 114 63 23 16 11 9 8 8 9 15 43 72 97 110 91 67 46 26 77 147 93 12 2 3 5 3 4 7 11 18 32 47 63 82 107 160 185 119 19 3 1 1 1 1 1 165 255 28 1 1 1 1 1 1 1 0 0 0 0 0 0 0 0 0 0 0 0 0 0 0 0 0 0 0 1 1 1 1 15 187 44 21 53 71 92 44 9 2 1 1 1 0 0 0 0 1 0 0 0 0 0 0 0 1 1 1 2 5 97 76 1 1 1 38 2 2 89 17 1 0 0 0 0 0 0 0 0 0 0 0 0 0 0 0 0 0 0 0 0 0 0 0 0 0 0 0 0 0 0 0 0 0 0 0 0 0 0 1 1 1 11 45 60 59 33 3 1 1 1 1 0 0 0 0 1 2 1 1 59 71 46 4 1 1 1 3 9 22 38 62 95 109 114 112 104 136 46 22 179 255 255 224 1 1 1 1 1 1 1 1 1 154 255 255 87 176 1 0 1 1 1 1 0 0 0 0 0 0 0 0 0 0 0 0 0 0 0 0 0 0 0 0 0 0 0 0 0 0 0 0 0 0 0 0 0 2 1 0 0 0 0 0 0 0 0 0 0 0 0 0 0 0 0 0 0 0 0 0 0 1 0 0 0 3 9 1 0 0 0 0 0 0 0 1 0 0 0 0 0 0 1 1 1 1 0 0 0 0 1 1 0 0 0 0 0 0 1 1 1 0 0 0 0 0 0 0 1 2 1 0 0 0 0 0 0 0 1 1 1 3 42 37 2 1 1 1 1 0 0 1 0 0 0 1 1 1 1 1 1 1 191 154 1 1 1 1 1 98 249 3 1 0 0 0 1 1 1 1 1 1 1 0 0 0 0 1 1 1 1 225 255 28 1 1 0 1 1 1 0 1 1 0 0 1 1 1 1 1 1 1 1 1 1 2 9 104 210 231 208 101 127 194 231 234 221 203 187 180 175 151 101 30 3 1 1 1 1 1 1 1 1 1 1 0 1 1 1 1 1 1 1 1 1 0 0 0 0 0 1 63 143 1 1 1 0 0 0 0 0 0 0 0 0 0 0 1 1 111 61 228 48 1 1 0 0 0 0 1 1 1 1 1 1 1 1 1 1 1 5 8 1 1 0 0 1 1 1
7 7 8 19 122 82 100 116 108 107 115 115 101 114 125 130 125 92 65 79 93 108 117 89 84 141 142 57 20 18 34 78 125 155 177 186 191 189 181 170 123 36 4 1 1 1 1 1 1 1 23 255 235 2 1 1 1 0 1 1 0 0 0 0 0 0 0 0 0 0 0 0 0 0 0 0 0 0 0 1 1 1 1 4 151 120 61 79 99 14 3 1 1 0 0 0 0 1 0 0 1 0 0 0 0 0 0 1 1 1 2 8 89 93 3 1 1 1 38 2 2 91 15 1 0 0 0 0 0 0 0 0 0 0 0 0 0 0 0 0 0 0 0 0 0 0 0 0 0 0 0 0 0 0 0 0 0 0 0 0 0 0 0 0 0 0 1 1 2 21 57 62 44 13 1 1 1 1 1 1 2 1 17 85 7 1 1 1 0 0 1 1 1 1 1 1 2 2 6 28 91 146 164 152 148 255 255 230 2 1 1 1 1 1 1 8 255 255 176 152 50 0 1 1 1 1 1 0 0 0 0 0 0 0 0 0 0 0 0 0 0 0 0 0 0 0 0 0 0 0 0 0 0 0 0 0 0 0 0 0 2 1 0 0 0 0 0 0 0 0 0 0 0 0 0 0 0 0 0 0 0 0 0 0 0 0 0 0 4 8 1 0 0 0 0 0 0 0 1 0 0 0 0 0 0 1 1 1 1 0 0 0 0 1 1 0 0 1 1 1 1 1 0 1 1 1 0 0 0 0 0 1 2 1 0 0 0 0 0 0 0 0 0 1 1 1 5 46 29 1 1 1 1 1 1 0 1 1 1 1 1 1 1 1 40 224 46 1 1 1 1 1 35 252 19 1 1 1 1 1 1 1 1 1 1 1 1 1 0 0 1 1 1 23 255 201 1 0 1 1 1 0 1 1 0 0 0 1 1 1 1 0 0 0 1 1 1 1 1 1 1 2 11 113 221 196 134 102 78 141 195 228 237 228 211 195 183 181 169 130 68 12 1 1 1 1 1 1 1 1 0 0 1 1 1 1 1 1 1 0 0 0 0 1 149 53 1 1 0 0 0 0 0 0 0 0 0 0 0 0 1 1 123 56 231 13 1 1 0 0 0 0 1 0 0 0 0 0 0 0 0 1 1 7 6 1 1 0 1 1 1 1
1 1 2 42 97 7 8 18 41 48 42 46 63 48 30 24 39 92 122 89 37 22 36 82 81 75 103 142 130 153 179 177 149 117 82 49 29 18 12 7 3 2 1 1 1 1 1 1 1 1 3 255 255 2 1 1 1 0 1 0 0 0 0 0 0 1 1 0 0 0 0 0 0 0 0 0 0 0 0 1 1 1 1 3 77 180 121 96 21 2 1 1 1 1 1 1 1 1 1 1 2 3 3 2 0 0 1 1 1 3 21 108 83 5 1 1 1 2 39 2 2 90 17 1 0 0 0 0 0 0 0 0 0 0 0 0 0 0 0 0 0 0 0 0 0 0 0 0 0 0 0 0 0 0 0 0 0 0 0 0 0 0 0 0 0 0 0 0 0 0 1 1 12 32 52 52 47 39 34 36 41 39 100 7 1 1 1 1 1 1 1 1 1 1 1 0 0 1 4 1 1 1 3 32 140 169 255 255 244 11 1 1 1 1 2 255 255 255 65 158 1 1 1 1 0 0 0 0 0 0 0 0 0 0 0 0 0 0 0 0 0 0 0 0 0 0 0 0 0 0 0 0 0 0 0 0 0 0 0 0 2 1 0 0 0 0 0 0 0 0 0 0 0 0 0 0 0 0 0 0 0 0 0 0 0 0 0 0 4 8 1 0 0 0 0 0 0 0 1 1 1 0 0 0 0 1 1 1 1 0 1 1 1 1 1 1 1 1 1 0 1 1 0 0 0 1 1 1 1 1 1 1 2 1 1 0 0 0 0 0 0 0 0 0 1 1 1 1 11 49 18 1 1 1 1 0 1 1 1 1 1 1 63 206 235 122 75 1 1 1 1 1 66 244 98 5 13 96 179 194 167 101 21 3 2 1 1 1 1 1 1 1 1 241 255 8 1 1 1 0 1 1 1 0 0 0 1 1 1 1 0 0 0 0 0 0 0 0 1 1 1 1 1 1 6 133 203 218 226 224 188 114 59 103 168 214 236 236 222 205 188 181 178 154 106 39 4 1 1 1 1 1 1 0 0 0 0 0 1 1 1 1 1 14 167 2 1 0 0 0 1 1 1 1 1 1 0 0 0 0 1 1 128 79 229 4 1 1 1 1 1 1 1 1 1 1 1 1 0 0 0 0 1 8 3 1 1 1 1 0 0 0
1 1 2 98 43 2 2 2 2 2 2 2 2 2 2 2 3 5 19 85 120 94 46 34 66 91 94 117 171 117 76 31 7 4 3 2 2 1 1 1 1 1 1 1 1 1 0 1 1 1 1 255 255 5 1 1 1 0 1 0 0 0 1 1 1 1 0 0 0 0 0 0 0 0 0 0 0 0 0 1 1 0 1 2 36 190 66 18 6 4 2 1 1 1 1 1 1 3 4 5 7 13 14 18 1 1 1 1 4 50 119 46 4 1 1 0 0 1 40 2 2 86 21 1 0 0 0 0 0 0 0 0 0 0 0 0 0 0 0 0 0 0 0 0 0 0 0 0 0 0 0 0 0 0 0 0 0 0 0 0 0 0 0 0 0 0 0 0 0 0 0 1 4 0 1 1 3 6 10 8 6 44 31 1 1 0 0 0 0 0 0 1 1 1 1 1 1 1 5 1 1 1 1 2 14 16 111 255 255 255 166 3 1 1 79 255 255 78 171 7 1 1 1 0 0 0 0 0 0 0 0 0 0 0 0 0 0 0 0 0 0 0 0 0 0 0 0 0 0 0 0 0 0 0 0 0 0 0 0 1 2 0 0 0 0 0 0 0 0 0 0 0 0 0 0 0 0 0 0 0 0 0 0 0 0 0 0 0 5 8 1 0 0 0 0 0 0 0 1 1 1 1 1 1 1 1 1 1 1 1 1 1 0 1 1 1 1 1 1 1 1 1 1 1 1 1 1 1 1 1 0 1 2 0 1 1 1 0 0 0 0 0 0 0 0 0 1 1 1 1 20 48 17 1 1 1 1 1 1 1 6 203 244 196 126 155 194 61 1 1 1 7 159 177 227 201 222 235 232 224 237 247 252 246 219 107 8 2 1 1 1 1 55 255 173 1 1 1 1 1 1 0 0 0 0 1 1 0 1 0 0 0 0 0 0 0 0 0 0 0 0 0 1 1 1 1 1 2 7 40 131 204 226 228 211 155 82 69 132 188 227 237 231 215 197 184 179 172 138 79 16 1 1 1 0 0 0 0 0 0 0 0 1 101 120 1 1 1 1 0 1 0 0 0 0 0 1 0 0 0 1 2 130 133 212 3 1 1 1 1 1 1 1 1 1 1 1 1 1 0 0 1 2 8 2 1 1 1 1 0 0 0
1 1 10 118 7 1 1 1 1 1 1 1 1 1 1 1 1 1 2 4 22 79 117 127 116 101 114 131 144 111 87 20 2 1 1 1 1 1 1 1 1 1 1 0 0 1 1 1 1 1 1 106 255 109 1 1 1 1 1 1 1 1 1 0 0 0 0 0 0 0 0 0 0 0 0 0 0 0 0 1 1 0 1 2 21 181 93 37 14 12 6 3 2 1 2 3 6 7 6 5 8 3 5 34 19 4 2 6 81 107 17 3 1 1 1 0 0 1 40 2 1 81 28 1 0 0 0 0 0 0 0 0 0 0 0 0 0 0 0 0 0 0 0 0 0 0 0 0 0 0 0 0 0 0 0 0 0 0 0 0 0 0 0 0 0 0 0 0 0 0 0 1 4 0 0 1 0 0 0 1 2 68 2 1 1 0 0 0 0 0 0 0 0 0 0 0 0 1 4 1 1 1 1 2 13 1 1 7 208 255 255 255 47 8 255 255 182 125 89 1 1 1 1 0 0 0 0 0 0 0 0 0 0 0 0 0 0 0 0 0 0 0 0 0 0 0 0 0 0 0 0 0 0 0 0 0 0 0 0 1 2 0 0 0 0 0 0 0 0 0 0 0 0 0 0 0 0 0 0 0 0 0 0 0 0 0 0 0 5 8 1 0 1 1 1 0 1 0 1 1 0 1 1 0 0 1 1 1 1 0 0 1 1 1 1 1 1 1 1 1 1 1 1 0 0 1 1 1 1 1 1 1 2 1 0 0 1 1 1 0 0 1 1 1 1 1 1 0 1 1 1 1 21 49 43 17 2 1 1 10 219 196 32 1 1 2 69 182 152 107 132 222 225 208 168 191 158 144 11 2 2 5 32 119 206 246 250 220 86 4 1 1 250 253 3 1 0 0 1 1 0 0 0 0 0 1 0 1 1 0 0 0 0 0 0 0 0 0 0 1 1 1 0 0 1 1 1 1 1 1 1 2 3 18 95 176 219 229 224 198 127 68 96 159 210 234 237 225 207 191 184 180 164 117 43 4 1 1 1 1 1 1 2 166 16 1 0 0 1 1 1 0 0 0 0 0 0 0 0 0 1 15 120 189 163 1 1 1 1 1 1 1 1 1 1 1 1 1 1 1 1 1 3 8 1 1 1 1 0 0 0 1
1 3 89 58 1 1 1 1 1 1 1 1 1 1 1 1 1 1 1 1 2 3 5 12 38 80 88 58 42 55 126 95 3 1 1 1 1 1 1 1 0 0 0 0 0 0 1 1 1 1 1 4 255 255 2 1 1 0 0 0 0 0 0 0 0 0 0 0 0 0 0 0 0 0 0 0 0 0 0 0 1 0 1 2 21 165 50 66 11 8 6 6 6 5 6 8 8 10 9 15 8 9 9 10 16 26 19 97 88 7 2 1 1 0 1 0 0 2 38 2 2 82 25 1 0 0 0 0 0 0 0 0 0 0 0 0 0 0 0 0 0 0 0 0 0 0 0 0 0 0 0 0 0 0 0 0 0 0 0 0 0 0 0 0 0 0 0 0 0 0 1 1 5 0 0 1 0 0 0 0 7 56 1 1 1 0 0 0 0 0 0 0 0 0 0 0 0 1 5 1 1 1 1 1 9 5 3 1 2 109 255 255 255 255 255 255 70 154 1 1 0 0 1 1 0 0 0 0 0 0 0 0 0 0 0 0 0 0 0 0 0 0 0 0 0 0 0 0 0 0 0 0 0 0 0 0 0 0 0 2 1 0 0 0 0 0 0 0 0 0 0 0 0 0 0 0 0 0 0 0 0 0 0 0 0 0 0 0 6 7 1 1 1 1 1 1 1 1 1 0 0 0 1 1 1 1 1 1 1 1 1 1 1 1 1 1 1 1 1 1 1 1 1 1 1 1 1 1 1 1 1 1 2 1 1 1 0 0 1 1 1 1 1 1 1 1 1 1 1 1 1 1 1 1 3 21 44 51 54 224 181 7 1 1 1 1 1 41 119 138 225 182 74 1 2 115 182 31 1 1 1 1 1 1 1 4 77 203 249 244 152 111 255 146 1 1 1 1 1 1 1 0 0 0 1 0 0 0 0 0 0 0 0 0 0 1 1 1 1 1 0 0 0 0 0 1 1 0 0 1 1 1 1 1 1 1 2 5 35 124 195 225 229 222 175 99 64 122 184 224 237 234 222 203 189 182 175 147 83 17 2 2 97 130 1 1 1 1 1 0 0 0 0 0 0 0 0 0 0 1 1 66 99 217 105 1 1 1 1 1 1 1 1 1 1 1 1 1 1 1 1 1 5 10 2 1 1 1 1 1 1 1
1 56 91 4 1 1 1 0 1 1 0 1 1 0 0 1 1 1 1 1 1 1 1 1 2 2 3 3 3 4 31 158 10 1 1 0 0 0 0 0 0 0 0 0 0 1 1 1 1 1 1 1 255 255 18 1 1 1 0 0 0 0 0 0 0 0 0 0 0 0 0 0 0 0 0 0 0 0 0 0 1 0 1 2 39 161 15 49 38 23 17 8 6 6 6 16 18 12 12 7 5 3 1 1 2 11 98 77 5 1 1 1 1 0 1 0 0 1 38 2 2 92 14 1 0 0 1 0 0 0 0 0 0 0 0 0 0 0 0 0 0 0 0 0 0 0 0 0 0 0 0 0 0 0 0 0 0 0 0 0 0 0 0 0 0 0 0 0 0 0 1 2 4 0 0 1 1 0 0 0 42 18 1 1 1 0 0 0 0 0 0 0 0 0 0 0 0 1 5 1 0 1 0 1 5 1 2 1 1 1 103 255 255 255 255 255 172 8 1 1 0 0 0 1 1 0 0 0 0 0 0 0 0 0 0 0 0 0 0 0 0 0 0 0 0 0 0 0 0 0 0 0 0 0 0 0 0 0 0 2 1 1 1 0 0 0 0 0 0 0 0 0 0 0 0 0 0 0 0 0 0 0 0 0 0 0 0 0 5 10 1 1 1 1 1 1 1 1 2 1 1 1 2 2 2 2 3 2 2 2 2 1 2 2 2 3 2 3 3 2 2 2 2 2 2 2 2 2 2 2 2 2 4 1 1 1 1 1 1 1 1 1 1 1 1 1 1 1 1 1 1 1 1 1 1 1 1 9 216 175 5 1 1 1 1 1 1 1 91 194 124 1 1 1 1 1 114 103 1 0 0 0 1 1 1 1 1 1 7 131 241 255 255 15 1 1 1 1 1 1 1 0 1 1 1 0 0 0 0 0 0 0 0 0 0 0 0 0 0 0 0 0 0 0 1 1 1 0 1 1 1 1 1 1 1 1 1 1 1 1 1 3 10 71 161 215 229 229 210 148 72 76 145 204 232 239 230 215 197 186 182 178 134 5 1 1 1 0 1 1 1 1 1 1 0 0 0 0 1 1 1 109 71 228 36 1 1 1 0 0 0 0 1 1 1 1 1 1 1 1 1 1 5 16 10 11 10 6 3 2 1 1
15 111 11 1 1 1 1 1 1 1 1 1 1 1 1 1 1 1 1 1 1 1 1 1 1 1 1 1 1 1 4 132 78 3 1 0 0 0 0 0 0 0 0 1 1 1 0 1 1 0 1 1 29 255 255 2 1 1 0 0 0 0 0 0 0 0 0 0 0 0 0 0 0 0 0 0 0 0 0 0 1 0 1 4 91 128 6 13 33 16 24 23 20 17 21 8 2 2 1 1 1 1 1 1 2 58 93 6 1 1 1 1 1 1 1 0 0 1 39 2 2 96 11 1 0 0 1 0 0 0 0 0 0 0 0 0 0 0 0 0 0 0 0 0 0 0 0 0 0 0 0 0 0 0 0 0 0 0 0 0 0 0 0 0 0 0 0 0 0 0 1 4 2 0 0 0 1 0 0 0 67 3 1 1 1 1 1 1 0 0 0 0 0 0 0 0 0 0 2 3 1 1 0 1 5 1 1 1 1 1 19 41 255 255 255 255 123 1 1 1 0 0 0 0 1 1 0 0 0 0 0 0 0 0 0 0 0 0 0 0 0 0 0 0 0 0 0 0 0 0 0 0 0 0 0 0 0 0 0 2 3 2 2 2 2 2 1 1 1 1 1 1 1 1 1 1 1 1 1 1 1 1 1 1 1 2 2 2 8 63 150 173 173 169 166 161 156 148 144 135 129 124 118 114 111 107 102 93 85 79 71 61 55 52 53 50 48 45 41 38 36 34 31 29 26 23 20 18 14 13 11 9 11 5 3 3 2 2 1 1 1 1 1 1 1 1 1 1 1 1 1 1 1 1 1 1 61 230 160 3 1 1 1 0 0 1 1 1 55 211 2 1 1 1 1 1 10 168 1 0 0 0 0 0 0 1 1 1 1 1 137 255 249 250 188 16 1 1 1 1 1 1 1 0 0 0 0 0 0 0 0 0 0 0 0 0 0 0 0 0 0 0 0 0 0 0 1 1 1 0 1 1 1 1 1 1 1 1 1 1 1 1 1 1 1 2 3 18 103 186 223 230 227 194 125 66 102 173 222 237 237 217 161 74 12 3 2 1 1 1 1 1 1 1 1 1 1 1 1 1 1 124 71 228 10 1 1 1 0 0 0 0 0 0 0 0 0 1 1 1 1 1 9 4 1 1 2 4 7 11 13 13
97 45 2 1 1 1 1 1 1 0 0 1 1 1 1 1 1 1 1 1 1 1 1 1 1 1 1 1 1 1 1 27 157 27 2 1 0 0 0 0 1 1 1 1 0 0 0 0 1 0 1 1 2 255 255 10 1 1 0 0 0 0 0 0 0 0 0 0 0 0 0 0 0 0 0 0 0 0 0 0 1 0 1 16 132 80 3 2 18 24 9 6 4 6 4 2 3 2 1 1 1 0 1 1 8 121 16 2 1 1 1 1 1 1 0 0 0 1 41 2 1 91 17 1 0 0 1 0 0 0 0 0 0 0 0 0 0 0 0 0 0 0 0 0 0 0 0 0 0 0 0 0 0 0 0 0 0 0 0 0 0 0 0 0 0 0 0 0 0 0 1 5 1 0 0 0 1 0 0 1 71 1 1 1 1 1 1 0 0 0 0 0 0 0 0 0 0 0 1 4 2 1 1 1 4 1 2 2 10 13 10 2 255 255 255 228 183 96 1 1 1 0 0 0 0 1 1 0 0 0 0 0 0 0 0 0 0 0 0 0 0 0 0 0 0 0 0 0 0 0 0 0 0 0 0 0 0 0 0 8 5 5 6 6 6 6 7 7 7 7 8 8 8 8 8 8 10 9 9 10 10 10 11 10 9 8 9 9 34 187 173 164 161 164 166 169 174 178 183 183 187 188 189 190 189 196 203 204 205 205 205 208 208 209 208 205 203 203 203 203 203 205 205 209 211 212 214 214 216 217 217 219 219 222 222 219 219 219 219 217 213 211 208 205 203 200 196 196 194 191 186 179 170 167 181 222 236 115 2 1 1 0 0 0 0 0 1 1 86 201 1 1 1 0 1 1 1 150 46 0 0 0 0 1 1 0 0 0 1 2 255 244 2 63 228 250 200 24 2 1 1 1 1 0 0 0 0 0 0 0 0 0 0 0 0 0 0 0 0 0 0 0 0 0 0 0 0 1 1 1 1 1 1 1 1 1 1 1 1 1 1 1 1 1 1 1 1 1 1 1 2 6 37 131 201 227 230 223 174 93 67 131 197 230 237 234 209 146 66 21 13 10 6 14 74 57 28 10 5 7 70 116 80 224 4 1 1 1 0 0 0 0 0 0 0 0 1 1 1 1 1 3 9 1 1 1 1 1 1 1 1 2
101 6 1 1 1 1 1 1 0 0 1 1 1 1 0 1 1 1 0 1 1 1 1 1 1 1 1 1 1 1 1 2 67 145 9 1 1 1 1 1 1 0 0 0 0 0 0 0 1 1 0 1 1 120 255 228 2 1 1 0 0 0 0 0 0 0 0 0 0 0 0 0 0 0 0 0 0 0 0 0 1 1 1 62 139 28 2 1 2 11 27 7 4 1 1 2 2 2 4 1 1 1 1 2 79 82 3 1 1 1 1 1 1 1 0 0 0 1 39 3 2 80 29 1 0 0 1 1 0 0 0 0 0 0 0 0 0 0 0 0 0 0 0 0 0 0 0 0 0 0 0 0 0 0 0 0 0 0 0 0 0 0 0 0 0 0 0 0 0 0 1 4 1 0 0 0 1 0 0 2 67 1 1 1 1 0 0 0 1 1 1 0 0 0 0 0 0 1 1 2 3 7 8 7 3 3 2 2 10 1 1 5 255 255 255 215 110 174 155 5 1 1 0 0 0 0 1 1 1 0 0 0 0 0 0 0 0 0 0 0 0 0 0 0 0 0 0 0 0 0 0 0 0 0 0 0 0 0 0 9 1 0 0 0 0 0 0 1 1 1 0 0 0 1 1 1 1 1 1 1 1 1 1 1 1 1 1 2 128 160 93 9 11 13 15 16 17 18 23 27 28 33 39 43 51 106 107 96 95 96 99 101 104 114 114 118 120 121 121 121 120 117 116 113 111 111 111 113 111 113 113 115 126 122 120 122 125 127 131 134 139 144 147 149 155 159 162 167 169 177 182 191 199 204 194 147 33 1 1 1 0 0 0 0 0 0 0 1 148 165 2 1 1 1 1 1 1 42 153 1 0 1 1 1 0 0 0 1 1 168 255 74 1 1 1 41 220 250 212 36 2 1 1 1 1 0 0 1 0 0 0 0 0 0 0 0 0 0 0 0 0 0 0 0 1 1 1 1 1 1 1 1 1 1 1 1 1 1 0 0 0 1 1 1 1 1 1 1 1 1 1 1 1 1 2 3 10 65 162 217 230 230 211 144 72 84 153 212 236 239 228 188 128 141 95 85 108 123 124 125 104 19 133 195 2 1 1 1 1 1 1 1 1 1 1 1 1 2 3 3 3 2 6 1 1 1 1 1 1 1 1 1
51 12 5 3 2 1 1 1 1 1 1 1 1 1 1 1 1 1 1 1 1 1 1 0 0 1 0 0 1 1 1 1 4 113 105 5 1 1 0 0 0 0 0 0 0 0 0 0 0 1 0 1 1 3 255 255 9 1 1 0 0 0 0 0 0 0 0 0 0 0 0 0 0 0 0 0 0 0 0 0 0 1 1 103 123 9 2 1 1 2 18 11 7 7 2 1 1 1 3 2 1 2 8 15 126 13 1 1 1 1 1 1 1 1 0 0 0 1 38 3 2 77 32 1 0 0 1 0 0 0 0 0 0 0 0 0 0 0 0 0 0 0 0 0 0 0 0 0 0 0 0 0 0 0 0 0 0 0 0 0 0 0 0 0 0 0 0 0 0 0 4 1 1 0 0 0 1 1 0 11 52 1 1 1 0 0 0 0 0 0 1 0 0 0 0 0 1 1 1 1 1 14 1 1 1 1 1 1 10 1 1 255 255 255 255 255 140 99 145 185 30 1 1 0 0 0 0 0 1 1 0 0 0 0 0 0 0 0 0 0 0 0 0 0 0 0 0 0 0 0 0 0 0 0 0 0 0 0 0 9 1 0 0 0 0 0 0 1 0 1 1 1 1 1 1 1 1 0 0 0 0 1 1 1 0 0 1 3 164 147 50 1 1 1 1 1 1 1 1 1 1 1 1 1 1 68 20 2 2 2 2 2 3 13 4 3 4 5 6 6 6 6 6 6 7 8 8 10 12 12 13 12 20 8 8 9 10 10 10 11 12 13 14 16 17 18 19 16 20 18 9 9 9 7 3 1 1 1 1 1 0 0 0 0 0 0 0 1 182 127 2 2 2 2 2 2 2 2 169 8 1 1 0 1 1 1 1 1 4 255 235 1 1 1 1 1 1 28 209 250 223 50 2 1 1 1 1 1 1 1 1 0 0 0 0 0 0 0 1 1 1 1 1 1 1 0 0 0 0 0 0 1 1 1 1 1 1 1 1 1 0 0 0 1 1 1 1 1 1 1 1 1 1 1 1 1 1 1 1 2 3 21 109 190 225 230 225 187 108 58 111 178 224 246 235 226 203 162 120 75 36 20 198 135 1 1 1 1 1 1 1 1 2 2 3 3 3 2 1 1 1 1 4 1 1 1 1 1 1 1 1 0
53 59 60 54 40 23 10 4 2 1 1 1 1 1 1 1 0 0 0 1 1 1 1 1 0 1 0 0 0 0 1 1 1 10 141 80 4 1 1 0 0 0 0 0 0 0 0 0 0 1 0 1 1 2 222 255 164 2 1 1 0 0 0 0 0 0 0 0 0 0 0 0 0 0 0 0 0 0 0 0 0 1 1 132 101 5 1 1 1 1 9 20 8 10 4 1 1 1 3 5 5 13 10 65 94 3 1 1 1 1 1 1 1 1 1 0 1 1 35 5 1 80 29 1 0 1 0 0 0 0 0 0 0 0 0 0 0 0 0 0 0 0 0 0 0 0 0 0 0 0 0 0 0 0 0 0 0 0 0 0 0 0 0 0 0 0 0 0 0 0 4 2 1 0 0 0 0 1 1 45 16 1 1 1 1 1 0 0 0 0 1 1 0 0 0 0 1 1 0 0 1 15 0 0 1 1 1 3 7 1 230 255 255 173 3 255 255 180 88 122 196 90 1 1 0 0 0 0 0 1 1 1 0 0 0 0 0 0 0 0 0 0 0 0 0 0 0 0 0 0 0 0 0 0 0 0 0 0 0 9 1 0 0 0 0 0 1 1 1 1 0 0 1 1 1 1 1 0 0 0 1 1 1 0 0 0 1 2 158 153 41 1 1 1 1 1 1 1 1 0 0 0 1 1 1 69 16 1 1 1 1 1 2 9 1 1 1 1 1 1 1 1 1 1 1 1 1 1 1 1 1 1 9 1 1 1 1 1 1 1 1 1 1 1 1 1 1 1 2 3 1 1 1 1 1 1 1 0 1 1 0 0 0 0 0 0 1 1 192 105 1 1 0 1 1 0 1 1 96 118 1 0 0 1 0 0 0 1 197 255 44 1 1 0 1 1 1 1 1 21 197 250 228 66 2 1 1 1 1 1 1 1 1 1 1 1 1 1 1 0 0 0 0 0 0 0 0 0 0 0 0 0 0 1 1 1 1 1 1 1 1 0 0 0 0 1 1 1 1 1 1 1 1 1 1 1 1 1 1 1 1 1 1 1 2 8 47 149 209 228 228 209 162 148 26 81 155 202 226 233 231 208 243 137 29 10 4 2 2 3 3 3 3 2 1 1 1 1 0 0 1 1 4 1 0 1 0 1 1 1 1 0
8 4 8 16 31 48 61 63 52 35 19 9 4 2 1 1 1 1 1 1 1 1 1 0 1 1 0 0 0 0 1 1 1 1 18 142 73 3 1 1 0 0 0 0 0 0 0 0 0 0 1 0 1 1 4 255 255 10 1 1 0 0 0 0 0 0 0 0 0 0 0 0 0 0 0 0 0 0 0 0 0 0 2 140 94 5 1 1 3 4 2 7 17 25 17 1 1 1 1 3 4 8 2 109 37 2 1 1 1 1 1 0 1 1 0 1 1 1 28 9 1 86 21 1 0 1 0 0 0 0 0 0 0 0 0 0 0 0 0 0 0 0 0 0 0 0 0 0 0 0 0 0 0 0 0 0 0 0 0 0 0 0 0 0 0 0 0 0 0 0 1 5 3 1 1 1 1 1 1 68 2 1 0 0 1 1 1 0 0 0 0 1 0 0 0 0 1 1 0 0 1 15 1 1 1 1 2 8 1 28 255 255 240 1 1 2 237 255 255 123 113 182 159 3 1 0 0 0 0 0 0 1 1 0 0 0 0 0 0 0 0 0 0 0 0 0 0 0 0 0 0 0 0 0 0 0 0 0 0 9 1 0 0 0 0 0 1 1 1 0 0 0 0 1 1 1 1 0 0 0 1 1 1 1 1 1 1 2 153 160 38 1 1 1 1 1 1 0 0 0 0 0 0 1 1 71 14 1 1 1 1 1 1 9 1 1 1 1 1 1 1 1 1 1 1 1 1 1 1 1 1 1 9 1 1 1 1 1 1 1 1 1 1 1 1 1 1 1 2 3 1 1 1 1 1 1 1 1 1 0 0 0 0 0 0 0 1 1 199 94 1 1 1 1 1 1 1 1 3 171 2 0 0 1 0 0 1 5 255 227 1 1 0 0 1 1 0 1 1 1 1 16 186 249 233 77 3 1 1 1 1 1 1 1 1 0 0 0 0 0 0 0 0 0 0 0 0 0 0 0 0 0 0 0 0 0 1 1 1 1 1 1 1 0 0 0 0 0 1 1 0 1 0 0 0 1 1 1 1 1 1 1 1 1 1 1 1 1 2 5 22 104 181 228 223 26 1 1 2 5 41 153 244 251 252 246 235 190 129 64 25 8 2 1 1 1 1 1 1 1 1 1 3 1 1 0 0 1 1 1 1 0
9 2 1 2 2 3 5 10 21 39 54 63 63 46 25 11 5 3 2 1 1 1 1 1 0 1 1 1 0 0 0 1 1 1 2 18 152 50 2 1 1 1 0 0 0 0 0 0 0 0 1 0 1 1 2 255 255 139 3 1 1 0 0 0 0 0 0 0 0 0 0 0 0 0 0 0 0 0 0 0 0 0 1 130 102 6 2 4 3 2 2 2 3 7 31 4 1 1 1 1 1 6 3 128 12 1 1 1 1 1 1 1 1 0 1 1 1 0 19 17 1 88 20 1 0 1 1 0 0 0 0 0 0 0 0 0 0 0 0 0 0 0 0 0 0 0 0 0 0 0 0 0 0 0 0 0 0 0 0 0 0 0 0 0 0 0 0 0 0 0 0 1 3 5 6 5 3 1 1 71 1 1 0 0 1 1 1 0 0 0 0 1 0 0 0 0 1 1 0 0 1 10 2 1 1 1 10 2 2 255 255 255 3 1 1 1 1 45 255 255 236 121 162 203 60 1 0 1 1 0 0 0 1 1 1 0 0 0 0 0 0 0 0 0 0 0 0 0 0 0 0 0 0 0 0 0 0 0 0 9 1 0 0 0 0 0 1 1 1 0 0 0 0 0 1 1 1 1 1 1 1 1 1 1 1 1 1 2 155 157 38 1 1 1 0 0 0 0 0 0 0 0 1 1 1 73 12 1 1 1 1 1 1 10 1 1 1 1 1 1 1 1 1 1 1 0 0 1 1 1 1 1 8 1 1 1 1 1 1 1 1 1 1 1 1 1 1 1 3 3 1 1 0 0 0 0 0 0 0 0 0 0 0 0 0 0 1 1 203 83 1 1 1 0 0 1 1 1 1 131 76 1 0 1 0 1 1 187 255 45 1 1 1 1 1 1 1 1 1 1 1 1 1 13 177 249 235 90 3 1 1 1 2 1 1 1 1 0 0 0 0 0 0 0 0 0 0 0 0 0 0 0 0 0 0 0 0 0 1 1 1 1 1 1 0 0 0 0 1 1 1 1 1 1 1 1 0 1 1 1 0 1 1 1 1 1 0 1 1 1 1 2 3 12 141 207 4 1 1 1 1 73 140 20 67 133 201 238 247 252 251 246 229 183 124 53 18 7 3 1 1 3 2 1 1 1 1 1 1 0 1 0
16 1 1 1 1 1 1 1 1 2 3 5 11 27 48 63 65 56 39 21 9 4 2 1 1 1 1 1 1 0 0 0 1 1 1 2 31 155 37 3 1 1 1 0 0 0 0 0 0 0 1 0 0 1 1 7 255 255 14 1 1 1 0 0 0 0 0 0 0 0 0 0 0 0 0 0 0 0 0 0 0 0 1 104 120 12 5 3 1 2 4 3 4 7 26 5 2 1 1 0 2 6 7 127 6 1 1 1 1 1 1 1 1 1 1 1 1 1 10 27 2 87 21 1 0 0 1 0 0 0 0 0 0 0 0 0 0 0 0 0 0 0 0 0 0 0 0 0 0 0 0 0 0 0 0 0 0 0 0 0 0 0 0 0 0 0 0 0 0 0 0 0 0 0 1 1 3 5 8 96 28 4 1 1 1 0 1 1 0 0 0 1 0 0 0 0 1 1 0 1 1 2 12 1 2 4 6 1 227 255 255 10 1 1 1 1 1 1 1 179 255 255 183 129 202 165 3 1 1 1 0 0 0 0 1 1 0 0 0 0 0 0 0 0 0 0 0 0 0 0 0 0 0 0 0 0 0 0 0 9 0 0 0 0 0 0 1 1 0 0 0 0 0 0 1 1 1 0 0 0 0 0 1 0 0 0 1 2 162 151 37 1 1 0 0 0 0 1 1 1 1 1 1 1 1 77 12 1 1 1 1 1 1 9 1 1 1 1 0 1 1 1 1 1 1 1 1 1 0 1 1 2 6 1 1 1 1 1 1 1 1 1 1 1 1 1 1 1 4 2 0 0 0 0 0 0 0 0 0 0 0 0 0 0 0 0 1 1 207 69 1 1 0 1 1 1 1 1 1 16 164 1 0 1 0 1 2 255 238 1 1 1 1 1 1 1 1 1 1 1 0 1 1 1 1 10 170 247 236 100 4 1 1 1 2 1 1 1 1 0 0 0 0 0 0 0 0 0 0 0 0 0 0 0 0 0 0 0 0 0 0 1 1 1 1 1 1 0 1 0 0 0 0 0 0 0 0 0 0 1 0 0 0 0 0 1 1 1 1 0 0 1 1 2 13 224 85 2 1 1 2 131 77 1 1 1 2 4 10 33 82 150 211 239 247 252 251 245 229 185 128 77 31 11 4 2 1 1 1 1 1 1
22 1 1 1 1 1 1 1 1 1 1 1 1 2 2 4 7 17 34 51 63 63 47 27 8 2 1 1 1 0 0 0 1 1 1 1 2 43 152 55 5 2 1 1 1 0 0 0 0 0 1 1 0 1 1 2 255 255 228 3 1 1 0 0 0 0 0 0 0 0 0 0 0 0 0 0 0 0 0 0 0 0 1 52 145 30 6 1 1 3 2 1 1 5 26 5 3 1 1 1 4 4 11 123 5 1 1 1 1 1 1 0 1 1 1 1 1 1 4 35 2 83 25 1 0 0 1 1 0 0 0 0 0 0 0 0 0 0 0 0 0 0 0 0 0 0 0 0 0 0 0 0 0 0 0 0 0 0 0 0 0 0 0 0 0 0 0 0 0 0 0 0 0 0 0 0 0 1 36 107 83 106 108 72 9 1 1 1 1 0 0 1 0 0 0 0 1 1 1 1 0 1 9 6 3 1 5 6 255 255 62 1 1 1 1 0 1 1 1 1 5 253 255 255 153 161 203 48 1 0 1 1 0 0 0 1 1 0 0 0 0 0 0 0 0 0 0 0 0 0 0 0 0 0 0 0 0 0 0 9 0 0 0 0 0 0 1 1 0 0 0 0 0 0 1 1 1 0 0 0 0 0 1 1 0 0 1 2 167 148 36 1 1 1 1 1 1 1 1 1 0 1 1 1 1 79 10 1 1 1 1 1 1 9 1 1 0 0 1 0 0 1 1 0 1 1 0 0 0 1 1 3 5 1 0 0 0 1 1 1 1 1 1 1 1 1 0 1 4 1 0 0 0 0 0 0 0 0 0 0 0 0 0 0 0 0 1 2 211 58 1 1 1 1 1 1 1 0 0 1 156 32 1 1 1 1 110 255 108 1 1 1 0 0 0 1 0 0 0 1 0 1 0 1 1 1 1 8 163 246 236 101 4 1 1 1 2 2 1 1 1 1 0 0 0 0 0 0 0 0 0 0 0 0 0 0 0 0 0 0 0 0 0 1 1 1 1 1 1 1 1 0 0 0 0 0 0 0 0 1 0 0 0 0 0 0 0 0 1 1 1 1 1 1 2 104 220 7 1 1 3 159 16 1 1 1 1 1 1 1 1 2 2 5 16 41 95 157 214 240 247 251 251 245 230 190 128 65 25 9 3 2
25 2 1 1 1 0 1 1 1 1 1 1 1 1 1 1 1 2 2 3 5 9 25 45 57 40 4 1 1 1 0 0 0 1 1 1 1 2 35 146 104 21 4 1 1 1 0 0 0 0 0 1 0 1 1 1 5 255 255 63 2 1 1 0 0 0 0 0 0 0 0 0 0 0 0 0 0 0 0 0 0 0 1 6 138 90 9 2 1 4 1 1 1 2 27 4 4 3 3 2 6 2 8 125 5 1 1 1 1 1 1 1 1 1 0 1 0 0 2 39 2 77 33 1 0 0 0 1 0 0 0 0 0 0 0 0 0 0 0 0 0 0 0 0 0 0 0 0 0 0 0 0 0 0 0 0 0 0 0 0 0 0 0 0 0 0 0 0 0 0 0 0 0 0 0 0 0 1 109 7 1 1 3 36 99 105 54 3 1 1 1 1 0 0 0 0 1 1 1 0 1 1 9 9 1 1 6 255 255 204 1 1 0 0 0 0 0 0 1 1 1 1 64 255 255 230 136 203 126 1 0 1 1 0 0 0 0 1 1 0 0 0 0 0 0 0 0 0 0 0 0 0 0 0 0 0 0 0 1 9 0 0 0 0 0 0 1 1 0 0 0 0 0 0 1 1 1 0 0 0 0 1 1 1 0 1 1 2 171 143 36 1 0 0 0 0 0 0 1 1 0 0 0 1 1 86 7 1 1 1 1 1 1 9 2 1 1 1 1 0 0 1 1 1 1 0 0 0 0 1 1 3 5 1 1 1 1 1 1 1 1 1 1 0 0 1 1 1 4 1 1 1 0 0 0 0 0 0 0 0 0 0 0 0 0 1 1 2 211 49 1 1 1 1 1 1 1 0 1 1 51 147 1 1 1 1 249 255 4 1 1 0 0 0 0 1 1 1 0 1 0 1 0 0 1 0 1 1 1 7 161 246 228 69 3 1 1 1 1 2 2 2 1 1 0 0 0 0 0 0 0 0 0 0 0 0 0 0 0 0 0 0 0 0 0 0 1 1 1 1 1 1 1 0 0 0 0 0 1 1 1 0 0 0 0 0 0 0 0 0 0 0 0 1 1 7 217 108 2 2 7 164 5 1 1 1 1 1 1 1 1 1 1 1 1 1 1 2 3 6 18 54 97 158 212 239 247 251 250 245 230 192
24 4 1 1 0 0 0 0 0 1 1 1 1 1 1 1 1 1 1 1 1 1 2 4 9 34 43 2 1 1 1 0 0 0 1 1 1 1 2 18 110 156 117 20 2 1 1 1 0 0 0 1 1 1 1 1 1 99 255 255 13 1 1 0 0 0 0 0 0 0 0 0 0 0 0 0 0 0 0 0 0 0 1 2 49 147 36 5 3 4 1 0 0 1 14 16 3 3 4 5 4 1 5 125 7 1 1 1 1 1 1 1 1 1 0 1 0 1 1 34 5 66 41 1 1 0 0 1 1 0 0 0 0 0 0 0 0 0 0 0 0 0 0 0 0 0 0 0 0 0 0 0 0 0 0 0 0 0 0 0 0 0 0 0 0 0 0 0 0 0 0 0 0 0 0 0 0 1 118 1 1 0 0 1 1 3 53 104 96 25 2 1 1 1 1 1 2 2 3 2 2 4 21 1 1 4 110 255 255 2 1 0 0 1 1 0 0 0 0 0 1 1 22 147 230 255 255 173 179 176 3 1 1 1 0 0 0 0 1 1 0 0 0 0 0 0 0 0 0 0 0 0 0 0 0 0 0 0 1 9 0 0 0 0 0 0 1 1 0 0 0 0 0 0 1 1 1 1 1 0 1 1 1 1 1 1 1 2 177 137 35 1 1 0 0 0 0 0 1 1 0 0 1 1 1 90 4 1 1 1 0 0 1 9 2 1 1 0 0 0 0 0 0 0 1 1 1 0 1 1 1 4 4 1 0 0 0 0 0 0 0 1 1 0 0 0 1 1 3 1 1 1 0 0 0 0 0 0 0 0 0 0 0 0 0 1 1 1 212 45 0 1 1 1 1 1 1 1 1 0 1 168 11 1 1 6 255 206 1 1 1 0 0 0 0 1 1 1 0 1 0 1 0 0 0 0 0 0 1 1 1 8 178 246 191 24 2 1 1 1 1 1 1 2 1 0 0 0 0 0 0 0 0 0 0 0 0 0 0 0 0 0 0 0 0 0 0 0 0 1 1 1 1 0 0 0 1 1 1 0 1 0 0 0 0 0 0 0 0 0 0 0 0 0 1 1 80 226 13 6 28 151 6 2 1 1 1 1 1 1 0 1 1 0 0 0 1 1 1 1 1 3 1 2 3 7 22 57 109 162 212 238
17 8 1 1 1 0 0 0 0 0 0 0 1 1 1 1 1 1 1 1 1 1 1 1 2 5 51 20 1 1 1 1 0 0 0 1 1 1 1 1 5 25 94 146 54 4 1 1 1 0 1 1 1 1 0 1 1 2 255 255 255 3 1 1 0 0 0 0 0 0 0 0 0 0 0 0 0 0 0 0 0 0 1 1 4 116 108 10 4 2 1 1 0 1 3 12 21 17 5 1 1 1 3 125 11 2 1 1 1 1 1 1 1 1 1 1 0 1 1 7 31 61 49 1 1 0 0 0 1 1 0 0 0 0 0 0 0 0 0 0 0 0 0 0 0 0 0 0 0 0 0 0 0 0 0 0 0 0 0 0 0 0 0 0 0 0 0 0 0 0 0 0 0 0 0 0 0 13 103 1 0 0 0 1 1 0 1 1 8 80 105 77 8 1 1 1 20 32 29 31 33 25 2 1 2 9 255 255 9 1 1 0 0 1 1 1 3 5 4 3 3 17 129 86 1 8 255 255 241 157 198 17 1 1 1 0 0 0 0 1 1 0 0 0 0 0 0 0 0 0 0 0 0 0 0 0 0 0 1 9 0 0 0 0 0 0 1 1 0 0 0 0 0 0 1 1 1 0 1 1 1 1 1 1 1 1 1 2 180 131 33 0 1 0 0 0 0 0 1 1 0 0 1 1 1 91 4 1 1 0 0 1 1 9 2 0 0 0 0 0 0 0 0 0 1 1 1 1 1 1 1 4 4 1 0 0 1 1 1 1 1 1 0 1 0 0 1 1 3 1 1 1 1 1 1 0 0 0 0 0 0 0 0 0 0 1 1 1 212 43 1 1 1 0 1 1 1 0 1 1 1 99 117 1 1 145 255 75 1 0 1 0 0 0 1 1 1 0 0 1 0 1 0 0 0 0 0 0 0 0 1 1 1 31 221 244 133 9 1 1 1 1 1 2 1 1 1 1 1 1 0 0 0 0 0 0 0 0 0 0 0 0 0 0 0 0 0 0 0 0 1 1 1 1 1 1 1 0 0 0 1 0 0 0 0 0 0 0 0 0 0 0 0 0 0 1 3 199 155 23 117 68 6 7 2 1 1 1 1 1 1 1 1 1 1 1 0 0 0 1 2 2 1 1 1 1 1 1 1 2 5 14
10 17 1 1 1 1 1 1 1 1 1 0 1 0 0 0 0 0 1 1 1 1 1 1 1 1 11 64 4 1 1 1 1 0 0 1 1 1 1 1 1 2 7 43 139 102 12 2 1 1 1 1 0 1 1 1 1 1 4 255 255 54 1 1 0 0 0 0 0 0 0 0 0 0 0 0 0 0 0 0 0 0 0 1 2 28 142 55 4 2 2 1 1 2 1 2 8 8 19 8 2 1 2 122 33 2 1 1 1 1 1 1 1 0 1 1 0 0 1 1 39 62 53 1 1 0 0 0 0 1 1 0 0 0 0 0 0 0 0 0 0 0 0 0 0 0 0 0 0 0 0 0 0 0 0 0 0 0 0 0 0 0 0 0 0 0 0 0 0 0 0 0 0 0 0 0 0 92 27 1 0 0 1 1 0 0 0 0 0 1 1 28 96 103 53 12 31 1 1 1 1 2 4 3 5 255 255 169 1 1 0 0 0 0 1 68 138 139 144 147 147 147 105 3 1 1 1 141 255 255 152 203 39 1 1 1 0 0 0 0 1 1 0 0 0 0 0 0 0 0 0 0 0 0 0 0 0 0 1 9 0 0 0 0 0 0 1 1 0 0 0 0 0 1 1 1 1 1 1 1 1 1 1 1 1 1 1 2 183 126 31 0 1 0 0 0 0 0 1 1 0 0 1 0 1 91 4 1 1 1 1 1 1 9 2 1 1 1 1 1 1 1 1 1 1 1 1 1 1 1 1 4 5 1 1 1 1 1 1 1 1 1 1 1 1 1 1 1 3 1 1 1 1 1 1 1 0 0 0 1 1 1 1 1 1 1 1 2 215 39 1 1 1 1 1 1 1 1 1 1 1 4 169 4 1 250 253 5 1 0 1 0 0 1 1 1 0 0 0 1 0 1 0 0 0 0 0 0 0 0 0 0 1 1 2 102 242 236 105 8 2 1 1 2 1 1 1 1 1 1 1 0 0 0 0 0 0 0 0 0 0 0 0 0 0 0 0 0 0 0 0 1 1 1 1 1 0 0 0 0 1 0 0 0 0 1 1 1 1 1 1 1 1 0 1 1 1 18 224 206 121 8 2 2 5 5 2 1 1 1 1 1 1 1 1 1 1 1 1 1 2 1 1 0 0 0 1 1 1 1 1 1
5 27 2 1 1 1 1 1 1 1 1 1 1 1 1 1 1 1 1 1 0 0 0 1 1 1 2 34 43 1 1 1 1 1 0 0 1 1 1 1 1 1 2 4 23 102 131 29 2 1 1 0 0 0 1 1 1 1 1 47 255 255 2 1 1 0 0 0 0 0 0 1 1 0 0 0 0 0 0 0 0 0 0 1 1 3 87 122 17 3 2 2 2 1 1 1 5 2 3 15 24 22 17 89 99 5 2 1 1 1 1 1 1 1 1 0 0 0 1 1 15 99 42 1 1 1 0 0 0 0 1 0 0 0 0 0 0 0 0 0 0 0 0 0 0 0 0 0 0 0 0 0 0 0 0 0 0 0 0 0 0 0 0 0 0 0 0 0 0 0 0 0 0 0 0 0 1 118 1 1 1 1 1 0 0 0 0 0 0 0 0 0 1 3 48 94 62 15 2 1 1 1 2 4 142 255 255 1 1 1 0 0 0 0 2 132 4 2 2 1 2 38 3 1 0 1 1 1 20 255 255 162 203 46 1 1 1 0 0 0 0 1 1 0 0 0 0 0 0 0 0 0 0 0 0 0 0 0 1 9 1 0 0 0 0 0 1 1 0 0 0 0 0 1 1 1 1 1 1 1 1 1 1 2 2 2 2 2 184 125 30 0 1 1 1 1 1 1 1 1 0 0 1 1 1 94 5 2 1 1 1 1 2 11 4 3 3 3 3 4 4 3 4 4 5 9 8 7 6 6 6 10 10 4 3 3 3 2 2 2 2 2 1 1 1 1 1 1 4 1 1 1 0 1 1 1 1 1 0 1 0 0 1 1 1 1 1 2 216 36 1 1 1 1 1 1 1 1 1 1 1 1 130 78 11 255 204 2 1 1 1 1 1 1 0 1 0 0 0 1 0 1 1 0 0 0 0 0 0 0 0 0 0 0 1 1 5 156 246 237 140 30 4 3 1 1 1 1 1 1 1 1 1 1 0 0 0 0 0 0 0 0 0 0 0 0 0 0 0 0 0 0 1 1 1 1 1 1 1 1 1 1 1 0 1 1 0 0 0 0 1 1 1 1 1 1 1 2 18 190 221 131 22 5 2 2 4 4 2 1 1 1 1 1 1 1 0 0 1 1 3 1 1 1 1 1 1 1 1 1 1 1
3 30 2 1 0 0 1 1 1 1 1 1 1 1 1 1 1 0 0 1 1 1 1 1 1 1 1 4 59 14 1 1 1 1 1 1 0 1 1 1 1 1 1 1 3 13 65 135 34 2 1 1 0 0 1 1 1 1 1 4 255 255 6 1 1 0 0 0 0 0 1 1 0 0 0 0 0 0 0 0 0 0 0 1 1 1 13 148 39 15 2 1 1 1 1 1 3 3 1 1 2 4 9 53 131 39 3 1 1 1 1 1 1 1 1 0 1 1 1 2 17 85 78 1 1 1 0 0 0 0 0 1 0 0 0 0 0 0 0 0 0 0 0 0 0 0 0 0 0 0 0 0 0 0 0 0 0 0 0 0 0 0 0 0 0 0 0 0 0 0 0 0 0 0 0 1 50 69 1 1 0 0 0 0 0 0 0 0 0 0 0 0 0 0 1 1 4 39 64 43 6 1 1 7 255 255 8 1 1 0 0 0 0 0 2 127 2 1 0 0 12 19 1 1 0 0 1 1 1 3 255 255 175 206 35 1 0 1 0 0 0 0 1 1 0 0 0 0 0 0 0 0 0 0 0 0 0 0 1 9 1 0 0 0 0 1 1 1 1 0 0 0 1 1 0 1 2 2 2 2 2 2 2 2 2 3 3 3 185 123 29 1 1 1 1 1 1 1 1 1 1 0 0 1 1 97 3 1 1 1 1 1 1 8 2 2 2 5 6 5 5 6 5 6 13 7 9 10 11 12 13 18 18 13 14 14 14 15 15 15 15 16 16 16 16 16 16 18 21 6 1 1 1 1 1 1 1 1 1 1 1 1 1 1 1 1 1 3 217 31 1 1 1 1 1 1 1 1 1 1 1 1 25 162 176 255 86 1 1 1 1 0 0 0 0 1 0 0 0 1 0 0 1 0 0 0 0 0 0 0 0 0 0 0 0 1 1 1 8 152 239 246 214 114 24 4 2 1 1 1 1 1 1 1 1 1 0 0 0 0 0 0 0 0 0 0 0 0 0 0 0 0 0 0 1 1 1 1 1 1 1 1 1 1 1 1 1 1 0 0 1 1 1 1 2 2 1 1 1 2 59 198 224 145 26 5 2 2 3 1 1 1 1 1 1 1 1 1 1 1 3 1 1 0 0 0 0 0 1 1 1 1
2 27 5 1 1 0 0 0 0 1 1 1 1 1 1 1 1 1 0 0 0 0 1 1 1 1 1 1 14 61 3 1 1 1 0 1 1 1 1 1 1 1 1 1 1 3 9 56 132 48 3 1 1 0 0 1 1 1 1 2 244 255 24 2 1 0 0 0 0 0 1 1 0 0 0 0 0 0 0 0 0 0 0 1 1 1 2 104 93 12 13 2 1 1 1 1 2 5 1 1 1 1 1 4 77 122 20 3 1 1 1 1 1 1 1 1 1 1 2 28 54 6 77 9 1 1 1 0 0 0 0 1 1 0 0 0 0 0 0 0 0 0 0 0 0 0 0 0 0 0 0 0 0 0 0 0 0 0 0 0 0 0 0 0 0 0 0 0 0 0 0 0 0 0 0 2 115 2 1 0 0 0 0 0 0 0 0 0 0 0 0 0 0 0 0 0 1 1 1 12 53 64 33 255 255 167 1 0 1 0 0 0 0 0 2 121 1 0 0 0 26 6 1 0 0 0 0 1 1 1 2 247 255 185 210 24 1 0 1 1 0 0 0 1 1 0 0 0 0 0 0 0 0 0 0 0 0 0 1 9 0 0 0 0 0 1 1 0 1 1 1 1 1 1 0 1 1 1 1 1 1 1 1 1 1 1 3 4 188 122 29 1 1 1 1 1 1 1 1 1 1 1 1 1 1 99 4 1 1 1 1 1 1 9 1 1 2 5 3 9 15 20 23 31 32 22 23 20 17 16 19 25 21 8 8 7 7 6 6 6 6 5 5 5 5 6 7 7 13 17 15 13 9 7 7 7 6 3 2 2 2 2 2 2 2 2 2 7 219 28 2 2 2 1 1 1 2 2 2 2 2 2 3 183 255 233 6 1 1 0 0 0 0 0 0 1 0 0 1 0 0 0 1 0 0 0 0 0 0 0 0 0 0 0 0 0 0 1 1 1 4 75 202 244 244 207 106 25 4 2 1 1 1 1 1 1 1 1 0 0 0 0 0 0 0 0 0 0 0 0 0 0 0 0 0 0 1 1 1 1 1 1 1 1 1 1 1 1 1 1 1 1 2 1 1 1 1 0 1 1 1 3 42 187 222 152 30 6 3 2 1 1 1 1 1 1 1 1 1 1 3 1 1 1 1 1 1 1 1 0 1 2
1 18 11 1 1 0 0 0 0 0 0 0 0 0 0 0 1 1 1 0 0 0 0 0 1 1 1 1 2 41 35 1 1 1 1 1 1 0 1 1 1 1 1 1 1 1 2 9 47 126 70 3 1 1 0 1 1 1 1 2 109 255 71 2 1 0 0 0 1 1 1 1 0 0 0 0 0 0 0 0 0 0 0 1 1 1 1 27 148 8 11 12 3 2 1 1 1 5 3 2 1 1 1 1 28 71 111 23 3 2 1 1 1 1 1 1 0 1 36 42 2 1 12 75 1 1 1 0 0 0 0 0 1 1 0 0 0 0 0 0 0 0 0 0 0 0 0 0 0 0 0 0 0 0 0 0 0 0 0 0 0 0 0 0 0 0 0 0 0 0 0 0 0 0 1 92 28 1 0 0 0 0 0 0 0 0 0 0 0 0 0 0 0 0 0 0 1 1 1 1 1 3 186 255 255 1 0 1 1 0 0 0 0 0 1 112 1 0 0 1 28 5 1 1 1 1 1 1 1 1 1 1 240 255 196 212 20 1 0 1 1 0 0 0 1 1 0 0 0 0 0 0 0 0 0 0 0 0 1 10 1 1 1 1 1 1 1 1 1 1 1 1 1 1 1 1 2 1 1 1 1 1 1 1 1 1 2 11 201 151 93 57 55 54 53 50 49 43 38 35 33 31 27 24 23 120 29 20 17 15 14 14 14 28 12 10 15 50 188 235 241 242 242 244 244 244 244 244 246 247 246 244 244 244 244 242 241 239 238 236 235 233 230 227 225 222 220 217 214 211 209 206 202 197 192 185 180 176 169 162 160 160 155 150 147 139 133 148 233 114 90 77 69 62 57 53 51 49 48 46 53 80 149 247 255 89 2 1 1 1 1 1 1 1 1 1 0 0 1 0 0 0 1 0 0 0 0 0 0 0 0 0 0 0 0 0 0 0 1 1 1 1 1 6 105 212 244 241 190 89 13 3 2 1 1 1 1 1 1 1 0 0 0 0 0 0 0 0 0 0 0 0 0 0 0 0 0 0 0 0 1 1 1 1 1 1 1 2 1 1 2 1 1 1 1 1 0 0 0 1 1 1 1 4 40 180 219 159 39 8 3 2 1 1 1 1 1 1 1 1 2 1 0 1 1 1 1 1 1 0 1 2
1 8 22 1 1 0 0 0 0 0 0 0 0 0 0 0 0 1 1 0 0 0 0 0 1 1 1 1 1 4 61 13 2 1 1 1 1 1 1 1 1 1 1 1 1 1 1 2 10 45 119 71 2 1 0 1 1 1 1 2 36 255 140 2 1 1 0 0 0 2 1 0 0 0 0 0 0 0 0 0 0 0 0 1 2 1 1 4 146 33 5 12 15 13 6 4 5 11 25 14 4 2 1 1 3 41 43 117 41 6 2 1 1 1 1 1 1 8 67 2 1 1 1 85 4 1 1 0 0 0 0 0 1 1 0 0 0 0 0 0 0 0 0 0 0 0 0 0 0 0 0 0 0 0 0 0 0 0 0 0 0 0 0 0 0 0 0 0 0 0 0 0 0 1 40 81 1 0 0 0 0 0 0 0 0 0 0 0 0 0 0 0 0 0 0 1 1 0 0 1 1 6 255 255 6 4 13 4 0 0 0 0 0 0 1 90 7 1 0 1 29 4 1 1 1 1 1 1 1 1 1 1 2 240 255 201 212 28 1 0 1 1 0 0 0 1 1 0 0 0 0 0 0 0 0 0 0 1 1 10 1 1 1 1 1 1 1 1 1 1 1 1 1 1 1 3 3 3 3 3 3 4 4 4 4 4 3 2 212 165 141 127 128 128 130 130 130 134 138 140 142 142 143 143 147 205 196 194 192 194 191 191 191 188 181 181 197 251 247 225 206 201 197 214 220 217 219 215 212 212 209 206 204 201 197 194 199 202 204 206 212 220 220 215 212 214 219 220 220 222 222 225 228 230 233 235 236 238 239 241 241 241 241 244 244 244 246 247 253 247 247 247 247 247 247 247 247 247 247 246 244 241 233 217 255 102 1 1 1 1 1 1 0 0 0 1 1 1 1 0 0 0 1 0 0 0 0 0 0 0 0 0 0 0 0 0 0 0 0 1 1 1 1 1 1 1 11 124 222 244 237 172 52 7 2 1 1 1 1 1 1 1 0 0 0 0 0 0 0 0 0 0 0 0 0 0 0 0 0 0 0 1 1 1 0 1 1 1 2 2 1 1 1 1 0 1 1 1 0 0 1 1 1 1 2 5 44 176 213 174 65 13 4 2 1 1 1 1 1 2 2 1 1 1 0 1 1 1 1 1 1 1
1 4 29 2 1 0 0 0 0 0 0 0 0 0 0 0 0 1 1 1 0 0 0 0 1 0 1 0 1 1 15 57 10 5 7 9 8 3 1 1 1 1 1 1 1 1 1 2 9 33 57 139 28 1 1 0 1 1 1 1 15 255 227 2 1 1 0 0 1 2 1 0 0 0 0 0 0 0 0 0 0 0 0 0 2 1 1 1 100 110 35 30 24 23 31 31 28 28 14 18 25 12 4 2 2 38 6 21 117 99 25 12 15 18 13 5 8 50 35 1 1 0 1 25 58 1 1 1 0 0 0 0 1 1 0 0 0 0 0 0 0 0 0 0 0 0 0 0 0 0 0 0 0 0 0 0 0 0 0 0 0 0 0 0 0 0 0 0 0 0 0 0 1 8 108 1 1 0 0 0 0 0 0 0 0 0 0 0 0 0 0 0 0 0 0 1 0 0 1 1 1 255 255 150 4 7 2 12 7 0 0 0 0 0 7 54 13 1 0 1 34 6 4 3 4 4 4 6 6 6 6 6 6 11 247 255 202 212 53 1 1 1 1 0 0 0 1 1 0 0 0 0 0 0 0 0 0 1 1 10 0 0 0 0 0 0 1 1 0 0 0 0 0 1 1 3 1 1 0 0 1 0 1 1 0 1 1 1 222 143 113 6 6 7 7 8 9 10 11 14 18 21 24 27 40 194 119 89 95 96 97 99 102 105 111 117 236 241 164 159 161 164 172 217 181 179 179 182 185 189 192 199 209 220 222 223 225 227 228 230 230 228 233 236 238 239 239 239 239 241 241 241 241 242 241 241 241 241 241 241 241 239 238 236 233 233 230 235 241 222 214 212 211 209 209 207 206 206 206 204 202 197 185 181 255 241 2 1 1 1 0 1 1 1 1 1 0 1 1 0 0 0 1 0 0 0 0 0 0 0 0 0 0 0 0 0 0 0 0 1 0 0 1 1 1 1 1 1 2 26 151 232 246 234 159 37 5 2 1 1 1 1 1 0 0 0 0 0 0 0 0 0 0 0 0 0 0 0 0 0 0 0 1 0 0 0 1 1 1 1 1 1 1 0 0 1 0 1 1 1 1 1 1 1 1 1 2 34 77 143 206 189 91 19 5 2 2 1 1 3 2 1 1 1 1 1 1 1 1 1 1 1
1 2 31 3 1 0 0 0 0 0 0 0 0 0 0 0 0 0 1 1 1 0 0 0 1 1 0 1 1 1 3 35 64 64 65 63 63 63 31 4 1 1 1 1 1 1 1 10 23 17 14 86 121 2 1 0 1 1 1 1 8 255 255 2 1 1 0 0 1 1 0 0 0 0 0 0 0 0 0 0 0 0 0 0 1 2 1 1 16 146 37 6 2 2 2 5 7 4 2 3 7 19 25 19 7 24 18 1 5 68 131 136 134 133 136 112 11 37 36 1 1 1 1 2 89 2 1 1 0 0 0 0 0 0 0 0 0 0 0 0 0 0 0 0 0 0 0 0 0 0 0 0 0 0 0 0 0 0 0 0 0 0 0 0 0 0 0 0 0 0 0 1 2 109 7 1 0 0 0 0 0 0 0 0 0 0 0 0 0 0 0 0 0 0 1 1 0 1 1 1 170 255 255 2 3 1 1 1 19 1 0 0 0 1 38 3 11 2 1 1 37 4 1 1 1 1 1 2 1 1 0 1 1 3 5 244 255 204 209 96 1 1 1 1 0 0 0 1 1 0 0 0 0 0 0 0 0 1 1 10 0 0 0 0 0 0 0 0 0 0 0 0 1 1 1 2 1 0 0 0 1 0 0 1 0 1 1 1 222 142 104 1 1 1 1 1 0 1 1 1 1 1 1 1 7 184 31 1 1 1 1 1 1 1 1 27 245 74 2 1 1 1 17 103 3 1 1 1 1 2 2 1 12 3 1 2 2 1 1 2 1 1 1 2 3 5 7 8 10 11 12 14 18 17 20 25 29 34 44 55 70 82 97 109 114 121 129 151 192 157 154 160 166 169 171 176 180 185 192 192 195 197 197 197 204 253 80 1 1 1 0 0 1 1 1 1 1 1 1 1 0 1 1 0 0 0 0 0 0 0 0 0 0 0 0 0 0 0 0 1 0 0 0 0 0 1 1 1 1 1 1 3 40 164 237 246 227 133 21 3 1 1 1 1 1 0 0 0 0 0 0 0 0 0 0 0 0 0 0 0 0 0 1 1 0 0 0 0 0 1 1 1 0 0 0 1 1 0 0 1 1 0 0 1 1 1 1 48 19 13 19 119 204 199 110 29 10 5 3 7 3 2 2 2 2 2 2 2 1 1 1 1
1 2 26 6 1 1 1 0 0 0 0 0 0 0 0 0 0 0 1 1 1 0 0 0 0 1 0 1 1 5 9 5 7 7 5 5 5 11 42 57 13 1 1 0 1 1 1 20 5 2 4 31 156 15 1 1 1 1 1 1 5 255 255 3 1 1 0 1 2 1 0 0 0 0 0 0 0 0 0 0 0 0 0 0 0 2 1 1 2 77 118 11 2 1 1 1 1 1 1 1 1 2 5 14 25 25 34 2 1 2 5 13 13 11 14 83 91 18 61 1 1 1 1 1 48 36 1 1 1 0 0 0 0 0 0 0 0 0 0 0 0 0 0 0 0 0 0 0 0 0 0 0 0 0 0 0 0 0 0 0 0 0 0 0 0 0 0 0 0 0 0 1 87 33 1 0 0 0 0 0 0 0 0 0 0 0 0 0 0 0 0 0 0 1 1 0 0 1 1 7 255 255 5 1 1 1 0 0 4 13 1 0 1 27 9 1 9 3 0 1 38 3 1 0 0 1 1 1 1 0 0 0 1 1 6 2 225 255 210 194 134 1 1 1 1 0 0 0 1 1 0 0 0 0 0 0 0 1 1 9 0 0 0 0 0 0 0 0 0 0 0 0 1 1 1 1 1 0 0 0 1 0 0 0 1 1 1 1 225 140 105 1 1 1 1 1 1 1 1 1 1 0 0 1 8 184 34 1 1 1 1 1 1 1 1 132 239 7 1 1 1 1 16 101 2 1 1 1 1 2 1 1 12 2 1 1 1 1 1 1 1 1 1 1 1 1 1 1 1 1 1 1 2 1 1 1 1 1 1 1 1 1 1 3 1 2 2 31 123 16 8 8 7 9 9 10 13 24 20 12 11 10 10 10 11 192 241 2 1 1 1 0 0 1 1 0 0 0 1 1 1 1 1 0 0 0 0 0 0 0 0 0 0 0 0 0 0 0 0 1 1 0 0 0 0 0 0 1 1 1 1 1 1 1 3 59 184 241 244 213 108 14 2 1 1 1 0 0 0 0 0 0 0 0 0 0 0 0 0 0 0 0 0 1 0 0 0 0 0 1 1 2 1 0 0 1 1 0 0 1 1 1 0 0 1 1 2 63 3 8 2 13 24 116 205 209 125 45 21 23 14 13 13 12 10 7 6 5 4 4 3 3
2 2 17 14 1 1 1 1 0 0 0 0 0 0 0 0 0 0 0 1 1 1 0 0 0 1 1 2 8 5 1 1 1 1 1 1 1 2 3 15 55 25 1 1 0 1 2 21 2 1 3 14 128 80 1 1 0 1 1 1 3 255 255 3 1 1 0 1 1 1 0 0 0 0 0 0 0 0 0 0 0 0 0 0 0 1 1 1 1 4 114 83 5 1 1 1 1 1 1 1 1 1 1 2 4 18 35 3 1 1 1 1 1 1 1 5 120 35 75 2 1 1 1 1 3 88 1 1 1 0 0 0 0 0 0 0 0 0 0 0 0 0 0 0 0 0 0 0 0 0 0 0 0 0 0 0 0 0 0 0 0 0 0 0 0 0 0 0 0 0 1 48 73 1 0 0 0 0 0 0 0 0 0 0 0 0 0 0 0 0 0 0 1 1 1 0 1 1 1 255 255 129 1 1 1 1 1 1 1 12 13 7 27 21 1 1 9 2 1 1 38 3 1 0 0 0 1 1 1 0 0 1 1 1 1 5 2 192 255 222 174 170 2 1 1 1 0 0 0 1 1 0 0 0 0 0 0 1 1 9 0 0 0 0 0 0 0 0 0 0 0 0 0 1 1 1 0 0 0 1 1 0 0 0 1 1 1 1 225 138 107 1 1 1 1 1 0 0 0 1 1 0 1 1 7 182 38 1 1 1 1 1 1 1 3 217 185 2 1 1 1 1 21 101 2 1 1 0 1 1 1 1 12 1 1 1 1 0 1 1 1 1 1 1 0 0 0 0 1 1 1 0 2 1 0 0 0 1 1 1 1 1 1 2 1 1 1 28 118 6 1 1 1 1 1 1 3 9 4 1 1 1 1 1 1 51 250 123 1 0 1 0 0 1 1 0 0 0 0 0 0 1 1 1 0 0 0 0 0 0 0 0 0 0 0 0 0 0 0 0 1 0 0 0 0 0 0 0 1 1 1 1 1 1 1 1 1 6 97 206 244 239 182 45 2 1 1 0 0 0 0 0 0 0 0 0 0 0 0 0 0 0 0 0 0 0 0 0 0 0 0 1 1 0 1 1 0 0 0 0 0 1 1 1 1 1 19 42 2 8 8 18 7 3 7 88 193 215 194 179 164 158 154 150 141 134 124 113 100 87 76 62
40 20 16 28 3 1 1 1 1 0 0 0 0 0 0 0 0 0 0 1 1 1 0 1 1 2 4 8 2 1 1 1 1 1 1 1 1 1 1 2 6 44 29 1 1 1 4 17 1 1 2 7 68 143 3 1 0 1 1 1 3 255 255 4 1 1 1 2 1 1 0 0 0 0 0 0 0 0 0 0 0 0 0 0 0 1 2 1 1 1 15 140 38 3 1 1 1 1 1 1 1 1 1 1 1 2 5 5 1 1 1 1 1 1 1 1 20 126 99 3 1 1 1 0 1 63 22 1 1 1 0 0 0 0 0 0 0 0 0 0 0 0 0 0 0 0 0 0 0 0 0 0 0 0 0 0 0 0 0 0 0 0 0 0 0 0 0 0 0 1 16 101 1 0 0 0 0 0 0 0 0 0 0 0 0 0 0 0 0 0 0 0 1 1 0 1 1 1 183 255 255 1 1 2 1 1 1 1 2 5 17 29 9 1 1 1 10 2 1 1 38 2 0 0 0 0 1 1 1 0 0 0 0 0 1 1 5 1 166 255 240 155 194 15 1 1 1 0 0 0 1 1 0 0 0 0 0 1 1 9 0 0 0 0 0 0 0 0 0 0 0 0 0 1 1 1 0 0 0 1 0 0 1 1 1 1 1 1 225 136 108 1 1 1 1 1 1 1 1 1 2 1 1 1 8 182 41 1 1 1 1 1 1 1 29 242 90 1 1 1 1 1 29 98 2 1 1 0 0 1 1 1 12 1 1 0 1 1 1 1 0 0 0 0 0 0 0 0 1 1 0 1 2 1 0 0 0 0 0 1 1 1 1 2 1 1 1 24 119 6 1 1 1 1 1 1 2 7 3 1 1 1 1 1 1 2 169 247 5 1 1 1 0 1 1 0 0 0 0 0 0 1 1 1 1 0 0 0 0 0 0 0 0 0 0 0 0 0 0 0 1 0 0 0 0 0 0 0 0 0 1 1 1 1 1 1 1 1 1 2 13 133 227 244 188 15 1 1 1 0 0 0 0 0 0 0 0 0 0 0 0 0 0 0 0 0 0 0 0 0 0 1 2 1 1 0 0 0 0 0 0 0 0 1 1 1 60 7 1 10 24 3 1 1 1 2 5 41 122 156 169 177 178 181 187 194 203 210 215 219 220 226
106 114 107 94 33 5 1 1 1 1 1 1 0 0 0 0 0 0 0 1 1 1 1 1 3 8 5 1 1 1 0 0 0 0 1 1 1 1 1 1 1 5 41 23 1 1 9 10 1 1 1 4 36 159 10 1 0 1 1 1 2 255 255 4 1 1 2 1 1 1 1 0 0 0 0 0 0 0 0 0 0 0 0 0 0 0 1 1 1 1 2 48 139 11 2 1 1 1 1 1 1 1 1 1 1 1 2 8 1 0 0 0 1 1 0 1 1 31 171 13 2 1 1 1 1 4 86 1 1 1 0 0 0 0 0 0 0 0 0 0 0 0 0 0 0 0 0 0 0 0 0 0 0 0 0 0 0 0 0 0 0 0 0 0 0 0 0 0 1 3 112 3 1 0 0 0 0 0 0 0 0 0 0 0 0 0 0 0 0 0 0 1 1 0 1 1 1 8 255 255 3 1 1 1 1 0 0 1 4 1 1 0 0 0 1 1 10 2 1 1 38 2 0 0 0 0 1 1 1 0 0 0 0 0 0 1 1 5 1 126 255 254 145 205 92 1 1 1 1 1 1 1 1 1 1 1 1 1 1 9 0 0 0 0 0 0 0 0 0 0 0 0 0 0 1 2 0 0 0 1 0 1 1 1 0 0 1 1 225 140 106 1 1 1 1 1 2 2 3 6 12 14 17 20 41 196 72 20 17 15 13 15 18 39 188 225 13 3 4 3 4 4 42 94 2 1 1 1 0 0 1 1 12 1 1 1 1 1 1 1 1 0 0 0 0 0 0 0 1 1 1 1 2 1 0 0 0 0 0 0 0 1 1 2 0 1 1 22 120 7 1 1 1 1 1 2 3 7 3 1 1 1 1 1 1 1 40 241 185 1 1 1 0 1 0 0 0 0 0 0 0 1 0 0 1 1 1 0 0 0 0 0 0 0 0 0 0 0 0 0 1 0 0 0 0 0 0 0 0 0 0 1 1 0 0 1 1 1 1 1 1 1 3 78 225 234 40 1 1 1 0 0 0 0 0 0 0 0 0 0 0 1 1 1 1 1 1 1 1 1 1 1 1 1 0 0 0 0 0 0 0 0 0 1 1 5 61 2 2 27 11 1 1 1 1 1 1 1 2 3 4 3 3 3 4 5 7 9 12 16 27 38
6 16 42 85 100 80 12 2 1 1 1 1 1 0 0 0 0 0 0 0 1 2 2 6 8 2 1 1 0 0 0 0 0 0 0 1 0 1 1 1 1 1 6 45 17 2 16 4 1 1 1 3 24 157 26 1 0 1 1 1 2 255 255 6 1 1 2 1 1 1 1 0 0 0 0 0 0 0 0 0 0 0 0 0 0 0 1 2 1 1 1 3 116 86 4 1 1 1 1 1 1 1 1 1 1 1 1 9 2 1 1 0 0 0 1 1 1 2 119 115 7 2 1 1 1 1 50 33 1 1 1 0 0 0 0 0 0 0 0 0 0 0 0 0 0 0 0 0 0 0 0 0 0 0 0 0 0 0 0 0 0 0 0 0 0 0 0 1 1 101 15 1 0 0 0 0 0 0 0 0 0 0 0 0 0 0 0 0 0 0 1 1 1 0 1 1 1 255 255 111 1 1 1 1 1 0 0 1 4 1 1 0 0 0 1 1 10 1 1 2 38 2 0 0 0 0 1 1 0 0 0 0 0 0 0 1 1 5 1 1 61 255 255 163 193 180 11 1 1 1 0 0 0 1 1 1 1 1 1 8 0 0 0 0 0 0 0 0 0 0 0 0 0 0 0 2 0 0 0 1 1 1 0 0 1 1 1 1 225 144 102 1 1 1 2 5 26 85 146 181 216 228 235 238 239 251 233 225 228 230 233 233 238 246 235 106 38 37 38 41 46 56 97 80 7 5 1 1 1 1 1 2 12 2 1 1 1 1 1 1 1 1 1 1 1 1 1 1 1 1 1 1 2 1 0 0 0 0 0 0 0 1 1 2 1 1 1 22 123 6 1 1 2 2 2 3 5 4 2 1 1 0 0 0 1 1 2 122 252 28 1 1 1 1 0 0 0 0 0 0 0 1 0 0 0 1 1 1 1 0 0 0 0 0 0 0 0 0 0 0 1 0 0 0 0 0 0 0 0 0 0 0 1 1 1 0 0 0 1 1 1 1 1 1 4 165 239 35 1 1 1 0 0 0 0 0 0 0 0 0 0 1 3 3 4 3 2 1 1 0 1 1 1 2 1 0 0 0 0 0 0 1 1 1 1 36 25 1 3 40 2 1 2 5 5 5 5 4 3 3 3 2 2 2 2 5 12 21 25 26 20 15
1 2 5 32 18 59 90 17 2 1 1 0 1 1 0 0 0 0 0 1 1 3 8 4 1 1 0 0 0 0 0 0 0 0 0 1 0 0 0 1 1 1 1 9 45 14 19 2 0 1 1 3 19 143 52 1 0 1 1 1 2 220 255 9 1 1 2 1 0 0 0 0 0 0 0 0 0 0 0 0 0 0 0 0 0 0 0 1 2 1 1 1 17 146 28 2 1 1 1 1 0 0 1 1 1 1 2 9 2 1 1 1 0 0 0 0 0 1 4 126 124 11 2 1 1 1 2 82 6 1 1 0 0 0 0 0 0 0 0 0 0 0 0 0 0 0 0 0 0 0 0 0 0 0 0 0 0 0 0 0 0 0 0 0 0 0 1 1 73 49 1 0 0 0 0 0 0 0 0 0 0 0 0 0 0 0 0 0 0 1 1 1 0 1 1 1 201 255 255 1 1 0 1 1 1 0 0 1 4 1 0 0 0 0 1 1 9 1 1 2 38 2 1 1 1 1 1 1 0 0 1 1 0 0 0 1 1 3 1 1 1 10 255 255 229 160 212 155 5 1 1 1 1 0 0 1 1 1 2 7 0 0 0 0 0 0 0 0 0 0 0 0 0 0 0 2 1 1 1 1 1 0 1 1 1 1 1 1 222 148 102 2 3 11 65 152 225 255 255 255 255 255 255 255 255 255 233 222 220 219 212 211 199 161 114 89 82 80 79 74 69 61 71 42 2 4 6 6 6 6 4 2 13 3 1 2 1 1 1 1 1 1 1 1 1 1 1 1 1 1 2 2 1 0 0 0 0 0 1 1 1 1 1 2 1 1 1 23 123 4 1 1 1 1 1 1 2 2 2 1 1 1 0 0 1 1 1 14 213 233 2 1 1 1 0 0 0 0 0 1 0 1 0 0 0 0 1 1 1 1 1 0 0 0 0 0 0 0 0 1 1 0 0 0 0 0 0 0 0 0 0 0 0 0 1 1 1 0 0 0 1 1 1 1 1 2 156 238 6 1 1 1 0 0 0 0 0 0 0 0 0 3 2 1 1 2 4 3 1 1 1 1 1 1 1 0 0 0 0 1 1 1 1 1 4 57 4 1 8 33 1 1 7 5 4 5 5 6 9 15 17 16 19 24 27 27 17 7 4 2 1 1
1 2 2 25 8 5 44 92 11 1 1 1 1 1 1 1 0 0 1 2 6 6 2 1 1 2 0 0 0 0 0 0 0 0 0 1 1 0 0 0 1 1 1 3 15 44 11 1 1 1 1 3 19 139 61 1 0 1 1 1 1 111 255 20 1 1 2 1 0 0 0 0 0 0 0 0 0 0 0 0 0 0 0 0 0 0 0 0 1 2 1 1 2 70 125 9 1 1 1 1 1 0 0 1 1 2 7 6 2 0 1 1 0 0 0 0 0 0 1 4 103 144 11 2 1 1 1 8 79 2 1 1 0 0 0 0 0 0 0 0 0 0 0 0 0 0 0 0 0 0 0 0 0 0 0 0 0 0 0 0 0 0 0 0 0 1 1 31 91 1 0 0 0 0 0 0 0 0 0 0 0 0 0 0 0 0 0 0 0 1 1 1 1 1 1 9 255 255 3 1 1 1 1 1 1 0 0 1 4 1 0 0 0 0 1 0 8 1 1 2 37 3 1 1 1 1 1 1 1 1 1 1 0 0 0 1 1 2 1 1 1 1 2 215 255 255 194 174 215 174 24 1 1 1 1 1 1 1 2 7 1 1 1 1 1 1 1 0 0 0 0 0 0 1 1 2 0 0 1 1 1 1 1 0 1 1 1 1 222 150 108 20 97 181 246 255 255 255 239 116 29 16 16 17 175 253 32 2 3 2 2 2 2 3 5 2 2 3 2 2 2 3 24 35 1 1 2 2 2 2 4 8 14 1 1 1 1 1 1 1 1 1 1 1 1 1 1 1 2 2 1 0 0 0 0 1 1 1 1 0 0 0 1 2 1 1 1 26 121 3 1 1 1 1 1 1 1 1 1 1 1 1 1 0 0 1 1 2 71 247 126 1 1 1 0 0 0 0 0 1 0 1 0 0 0 0 0 0 1 1 1 1 1 1 1 1 0 0 0 1 1 0 0 0 0 0 0 0 0 0 0 0 0 0 0 0 1 1 1 1 0 1 1 1 1 1 3 216 201 1 1 1 1 0 0 0 0 0 0 0 1 4 1 1 1 1 1 5 2 1 1 1 1 1 1 1 0 1 1 1 1 1 1 2 30 31 2 2 21 18 1 1 8 6 4 4 3 2 1 3 3 2 5 4 2 2 2 3 3 3 4 3
1 1 2 15 17 1 4 51 86 7 1 1 1 1 1 1 1 1 4 8 3 1 1 1 1 2 1 0 0 0 0 0 0 0 0 1 1 0 0 1 1 1 1 2 7 46 2 1 1 1 1 3 24 155 30 1 1 1 1 1 1 44 255 59 1 2 2 1 0 0 0 0 0 0 0 0 0 0 0 0 0 0 0 0 0 0 0 0 0 1 2 1 1 4 121 81 3 1 1 1 1 1 0 1 1 8 2 1 1 1 1 1 1 0 0 0 0 0 1 1 3 119 111 5 2 1 1 1 41 42 1 1 1 1 0 0 0 0 0 0 0 0 0 0 0 0 0 0 0 0 0 0 0 0 0 0 0 0 0 0 0 0 0 0 1 1 6 111 2 1 0 0 0 0 0 0 0 0 0 0 0 0 0 0 0 0 0 0 1 1 1 0 1 1 2 255 255 96 1 1 0 1 1 1 1 0 0 2 2 1 0 0 0 0 1 0 8 1 1 3 24 11 11 7 1 1 1 1 1 1 1 1 1 1 1 1 2 1 0 1 1 1 1 1 80 255 255 255 197 167 215 209 146 19 1 1 1 1 2 6 1 1 1 1 1 1 1 1 1 1 1 1 1 1 1 2 1 1 1 1 1 0 0 1 1 1 2 15 228 168 178 206 255 255 255 244 41 2 1 1 1 1 1 2 150 253 37 3 2 2 2 1 1 2 3 1 1 1 1 1 1 1 22 30 1 1 1 1 1 1 1 2 11 1 1 1 0 1 0 0 0 0 1 1 1 1 2 2 1 1 0 1 1 1 1 1 0 0 1 1 0 0 1 2 1 1 1 26 123 3 1 1 1 1 0 0 1 1 1 1 1 1 0 1 1 1 1 1 5 184 241 14 1 1 1 0 0 0 0 1 1 1 0 0 0 0 0 0 0 0 0 0 1 1 0 1 1 1 1 1 0 0 0 0 0 0 0 0 0 0 0 0 0 0 0 0 0 0 0 1 1 1 1 1 1 1 1 21 249 40 1 1 1 0 0 0 0 0 0 0 2 12 5 3 2 2 3 11 12 2 1 1 1 1 1 1 1 1 1 1 1 1 7 46 39 15 10 11 31 13 2 1 3 2 2 3 4 8 8 6 3 3 1 1 1 1 1 1 1 1 1 1
1 1 2 7 27 1 1 5 68 75 4 1 1 1 1 1 2 7 5 1 1 1 0 0 0 2 1 0 0 0 0 0 0 0 0 1 1 0 0 1 0 1 1 2 15 39 1 1 1 1 1 4 38 158 10 1 1 1 1 1 1 19 255 159 2 2 1 1 0 0 0 0 0 0 0 0 0 0 0 0 0 0 0 1 1 1 1 1 1 1 1 2 1 1 15 147 34 2 1 1 1 1 1 1 8 3 1 1 1 1 1 1 1 1 0 0 0 0 0 1 1 8 159 62 5 2 1 1 1 77 10 1 1 1 1 0 0 0 1 1 0 0 0 0 0 0 0 0 0 0 0 0 0 0 0 0 0 0 0 0 0 0 0 1 1 1 109 9 1 0 0 0 0 0 0 0 0 0 0 0 0 0 0 0 0 0 0 1 1 1 1 1 1 1 212 255 255 1 1 0 1 1 1 1 0 0 0 0 0 0 0 0 0 0 1 1 8 1 1 4 13 1 1 8 1 0 0 0 0 0 0 0 0 1 1 1 2 1 1 1 1 1 1 1 29 11 71 255 255 255 238 160 182 216 215 202 157 95 40 16 6 4 3 3 3 2 2 2 2 2 2 1 1 1 1 2 1 1 1 1 1 1 1 2 5 41 168 230 228 253 255 255 255 187 8 2 1 1 1 1 1 1 1 1 148 253 29 1 1 2 2 1 1 2 2 0 0 1 1 1 1 1 22 28 1 1 1 1 1 1 1 1 11 1 0 1 0 1 1 0 0 0 0 0 0 1 1 1 1 1 1 1 0 0 0 0 0 0 0 1 1 1 1 2 1 1 1 28 122 3 1 1 1 1 0 0 1 1 1 1 1 1 0 1 1 1 1 1 2 114 195 220 4 1 1 0 0 0 1 1 1 0 0 0 0 0 0 0 0 0 0 0 0 1 1 1 0 1 1 0 0 0 0 0 0 0 0 0 0 0 0 0 0 0 0 0 0 0 0 0 0 0 0 1 1 1 1 1 193 223 1 1 1 1 0 0 0 0 0 1 4 9 5 5 5 6 6 2 14 5 1 1 1 1 1 1 1 1 1 1 4 33 55 16 2 2 8 38 39 45 21 5 3 3 2 5 11 10 4 9 3 1 1 0 0 0 0 0 0 1 1 1
1 1 1 4 31 2 1 1 7 81 61 4 1 1 2 5 7 2 1 1 0 0 0 0 0 1 2 0 0 0 0 0 0 0 0 1 1 0 1 1 0 1 1 3 43 10 1 1 1 1 2 6 79 136 4 1 0 1 1 1 1 9 255 255 2 3 1 1 0 0 0 0 0 0 0 0 0 0 1 1 1 1 1 1 0 0 0 0 0 0 1 2 1 1 2 43 145 14 1 1 1 1 1 6 5 1 1 1 1 1 1 1 1 1 1 1 1 1 0 0 1 1 26 153 83 7 2 1 1 5 82 2 1 1 1 1 1 0 0 0 1 0 0 0 0 0 0 0 0 0 0 0 0 0 0 0 0 0 0 0 0 0 1 1 1 84 39 1 0 0 0 0 0 0 0 0 0 0 0 0 0 0 0 0 0 0 1 1 0 1 1 1 1 10 255 255 3 1 0 0 1 1 1 1 0 0 0 0 0 0 0 0 0 0 1 1 8 1 1 5 11 1 0 6 1 0 0 0 0 0 0 0 0 0 0 1 2 1 0 0 0 1 1 1 25 13 1 1 40 255 255 255 255 245 189 159 181 205 212 212 212 212 212 212 212 212 213 214 212 212 209 206 200 189 179 167 154 138 126 117 122 144 177 211 233 241 242 255 255 255 254 101 4 1 1 1 1 1 1 1 1 1 1 1 123 255 26 1 1 1 1 2 1 2 1 1 1 1 1 1 1 1 24 25 1 0 1 1 1 1 1 1 10 1 1 1 1 0 1 0 0 0 0 0 0 1 1 1 1 0 0 0 0 0 0 0 0 0 0 0 1 1 1 2 1 1 1 30 118 2 1 1 1 0 0 0 1 1 1 1 1 1 1 1 1 1 1 1 1 123 141 196 145 2 1 1 0 0 1 0 1 0 0 0 0 0 0 0 0 0 0 0 0 0 0 1 1 1 1 1 0 0 0 0 0 0 0 0 0 0 0 0 0 0 0 0 1 0 0 0 0 0 0 0 1 1 1 1 30 251 5 0 1 1 1 0 0 0 1 1 5 7 1 1 1 1 1 1 3 17 2 1 1 1 1 1 1 1 5 31 53 25 3 1 1 1 15 5 3 13 36 51 34 24 13 9 2 1 1 6 1 1 1 0 0 0 0 0 0 0 0 0
1 1 1 2 31 3 1 1 1 10 87 53 4 3 7 4 1 1 1 0 0 0 0 0 0 1 2 2 1 0 0 0 0 0 0 1 0 1 1 0 1 1 2 12 44 1 1 1 1 1 3 29 141 60 2 1 0 1 1 1 1 5 255 255 4 2 1 1 1 0 0 0 0 0 0 0 0 1 1 1 1 0 0 0 0 0 0 0 0 0 0 1 2 1 1 2 70 139 7 1 1 1 1 7 4 2 2 2 2 2 1 1 1 1 1 1 1 1 1 1 0 1 1 16 141 113 10 2 1 1 22 63 1 1 1 1 1 1 1 1 1 1 0 1 1 1 1 1 1 0 0 0 0 0 0 0 0 0 0 0 1 1 1 1 46 78 1 0 0 0 0 0 0 0 0 0 0 0 0 0 0 0 0 0 0 1 1 1 1 1 1 1 2 255 255 83 1 0 1 1 1 0 1 1 0 0 0 0 0 0 0 0 0 0 0 1 8 1 1 6 9 1 0 6 0 0 0 0 0 0 0 0 0 0 0 1 2 1 1 1 0 0 0 1 28 10 1 1 1 1 6 124 255 255 255 255 255 255 254 247 238 230 224 220 216 217 212 209 209 207 207 208 212 218 223 228 233 237 240 240 241 241 241 250 255 255 255 255 185 15 2 1 1 1 1 1 1 1 1 1 1 1 1 1 118 255 18 1 1 1 1 2 2 3 2 2 2 1 1 1 1 1 25 23 1 0 0 0 1 1 1 1 9 1 1 1 1 1 1 1 1 1 1 1 1 1 1 0 0 0 0 0 0 0 0 0 0 0 0 0 1 1 1 2 1 1 1 32 118 2 1 1 1 0 0 0 1 1 1 1 1 1 2 1 1 1 1 1 1 88 170 105 220 2 2 2 1 0 1 0 1 0 0 0 0 0 0 0 0 0 0 0 0 0 0 0 1 1 0 1 1 0 0 0 0 0 0 0 0 0 0 0 0 0 0 0 0 1 1 1 1 0 0 0 1 1 1 1 2 247 101 1 1 1 1 1 0 0 1 1 5 9 1 1 0 0 0 0 1 15 5 1 1 1 1 1 3 34 49 23 3 2 1 1 1 5 15 1 1 1 2 9 9 16 22 7 2 1 1 6 1 1 1 1 0 0 0 0 0 0 0 0
1 1 1 2 24 8 1 1 1 1 12 92 54 9 2 1 1 1 1 0 0 0 0 0 0 0 1 2 2 1 0 0 0 0 0 1 1 1 0 1 1 1 5 45 7 1 1 1 1 6 59 131 96 6 1 1 0 1 0 1 1 3 255 255 7 1 1 0 1 0 0 0 0 0 0 0 1 1 1 1 1 1 0 0 0 0 0 0 0 0 1 1 1 2 1 1 2 86 132 7 1 1 1 2 9 7 4 7 17 32 36 16 4 2 1 1 1 1 1 1 1 1 1 1 7 116 121 10 2 1 1 42 42 1 1 1 1 1 1 1 1 1 1 1 1 1 1 1 1 1 1 1 0 0 0 1 1 1 1 1 1 1 1 15 102 1 0 0 0 0 0 0 0 0 0 0 0 0 0 0 0 0 0 0 1 1 1 0 0 1 1 1 225 255 254 1 1 1 1 1 1 0 1 1 0 0 0 0 0 0 0 0 0 1 1 1 7 1 1 6 8 1 0 6 0 0 0 0 0 0 0 0 0 0 0 1 2 1 0 1 1 1 0 1 28 7 1 1 1 1 1 1 1 3 20 140 250 255 255 255 255 255 255 255 255 255 255 255 255 255 255 255 255 255 255 255 255 255 255 255 255 255 255 255 255 230 77 10 2 1 1 1 1 1 1 1 1 1 0 1 1 1 1 1 120 255 13 1 1 1 1 1 1 3 1 2 1 2 2 2 1 2 26 22 1 0 0 0 1 1 1 1 9 1 1 1 0 1 1 1 1 1 1 1 1 1 1 0 0 0 0 0 0 0 0 0 0 0 0 0 1 1 1 2 1 1 1 32 117 2 1 1 1 0 0 0 1 1 1 1 1 1 1 1 0 0 1 4 21 15 130 170 236 3 1 1 1 1 1 1 1 0 0 0 0 0 0 0 0 0 0 0 0 0 0 0 1 1 0 0 1 1 0 0 0 0 0 0 0 0 0 0 0 0 0 0 0 0 0 0 1 1 1 1 1 0 0 1 1 175 233 1 0 1 1 1 1 0 1 1 3 13 1 1 0 0 0 0 1 3 16 3 1 1 2 15 48 19 3 1 1 1 1 1 1 18 2 1 1 1 2 9 1 1 2 8 15 12 3 3 6 1 0 1 0 0 0 0 0 1 1 0
1 1 1 2 12 19 1 1 1 1 4 24 96 37 2 1 1 1 1 1 0 0 0 0 0 0 0 1 1 2 1 0 0 0 0 0 1 1 1 1 1 4 41 13 1 0 1 1 3 93 127 78 10 1 1 1 0 1 0 1 1 3 255 255 9 1 1 0 1 0 0 0 1 0 0 0 1 1 1 1 0 1 1 0 0 0 0 1 1 1 1 1 1 1 2 1 1 2 84 139 10 1 1 2 3 16 28 90 253 255 255 255 236 43 4 2 1 1 1 1 1 1 1 1 1 5 120 108 8 2 1 2 62 25 1 1 1 1 1 1 1 1 1 1 1 2 15 67 90 83 44 6 1 1 1 1 1 1 1 1 1 1 3 111 3 1 0 0 0 0 0 0 0 0 0 0 0 0 0 0 0 0 0 1 1 0 1 0 1 1 1 11 255 255 2 1 1 1 0 1 0 0 1 0 0 1 1 1 1 1 1 0 0 1 1 1 7 1 1 6 7 1 1 6 1 0 0 0 0 0 0 0 0 0 0 1 2 1 0 0 0 0 1 2 27 4 1 1 1 1 1 1 1 1 1 1 1 11 5 2 2 3 4 4 5 5 4 5 5 5 6 6 8 10 11 14 17 22 30 37 36 28 18 11 7 4 2 1 1 1 1 1 1 1 0 0 0 1 0 1 1 1 1 1 123 255 10 1 1 1 1 1 2 1 1 1 1 1 1 1 3 3 29 19 1 1 1 0 1 1 1 1 8 2 1 1 1 1 1 1 1 1 1 1 1 1 1 0 0 0 0 0 0 0 0 0 0 0 0 0 1 1 1 2 0 1 1 36 115 2 1 1 0 0 0 0 1 1 1 1 1 0 1 1 1 3 23 20 3 1 1 99 241 118 1 1 1 1 1 1 0 0 0 0 0 0 0 0 0 0 0 0 0 0 0 1 1 0 0 0 0 1 1 0 0 0 0 0 0 0 0 0 0 0 0 0 0 0 0 0 0 0 0 0 0 0 0 1 1 30 251 3 0 0 1 1 1 0 1 1 2 15 1 1 0 0 0 0 0 1 4 14 4 4 34 49 29 8 1 1 1 0 0 1 4 13 1 1 0 1 1 10 1 1 1 1 1 3 13 16 12 6 1 1 1 0 0 1 1 0 1 1
3 1 1 2 7 27 1 1 2 5 4 2 21 99 22 2 1 1 1 1 1 0 0 0 0 0 0 0 1 2 0 0 0 0 0 0 1 1 1 1 4 41 15 2 1 1 1 2 39 142 41 9 2 1 1 1 1 1 1 1 1 3 255 255 9 1 1 1 0 1 0 0 1 1 0 1 1 1 1 1 1 1 1 1 0 1 1 1 0 1 1 1 0 1 1 2 1 1 2 64 145 9 2 2 5 18 115 255 255 255 255 255 255 255 99 6 2 1 1 1 1 1 1 1 1 1 7 130 96 7 2 1 3 74 11 1 1 1 1 1 1 1 3 24 76 91 73 20 3 7 40 83 88 59 10 1 1 0 1 1 1 1 100 17 1 0 0 0 0 0 0 0 0 0 0 0 0 0 0 0 0 0 1 1 0 0 1 0 1 1 2 255 255 66 1 1 1 0 1 1 0 0 1 1 1 1 0 0 0 0 1 1 1 1 1 1 6 1 1 6 7 1 1 6 4 3 1 0 0 0 0 0 0 0 1 1 2 1 0 0 0 0 0 3 20 2 1 0 1 1 1 3 5 5 5 4 4 11 2 1 1 1 1 1 1 1 1 1 1 1 1 1 1 1 1 1 1 1 1 1 1 1 1 1 1 1 1 1 1 1 1 1 1 0 0 0 0 1 0 1 1 0 1 1 129 255 9 1 1 1 1 1 3 1 1 1 1 1 1 1 1 3 36 18 1 1 1 1 1 1 1 1 8 2 1 1 1 1 0 0 1 1 1 1 1 1 1 0 0 0 0 0 0 0 0 0 1 1 1 1 1 1 1 2 1 1 1 39 112 2 1 1 0 0 0 0 1 1 1 0 0 0 1 2 3 23 2 1 1 1 1 2 179 239 4 1 1 1 1 1 0 0 0 0 0 0 0 0 0 0 0 0 0 0 0 2 1 0 0 0 0 0 1 0 0 0 0 1 0 0 0 0 0 0 0 0 0 0 0 0 0 0 0 0 0 0 0 1 1 2 248 68 0 0 0 1 1 1 1 1 2 18 1 1 0 0 0 0 0 0 1 4 17 18 44 3 3 19 2 1 0 0 1 1 14 3 1 1 0 1 4 5 1 1 1 0 0 1 1 1 7 15 3 2 2 2 2 1 1 1 1 1
14 11 6 4 5 32 2 4 5 2 1 1 2 31 100 13 1 1 1 1 1 0 0 0 0 0 0 0 1 2 0 0 0 0 0 1 1 1 1 4 41 16 2 1 1 1 1 3 118 99 7 2 1 0 1 1 1 1 1 1 1 3 255 255 7 1 1 1 0 1 1 1 2 2 2 2 1 1 1 1 4 9 3 1 1 0 0 0 0 1 1 0 0 1 1 1 2 1 1 4 69 134 8 4 12 69 255 255 255 247 157 212 255 255 255 121 8 2 1 1 1 1 1 1 1 1 1 8 139 86 6 2 1 6 78 5 1 1 1 5 42 86 90 63 13 2 1 1 1 1 1 1 3 28 76 86 68 18 2 1 1 74 49 1 0 0 0 0 0 0 0 0 0 0 0 0 0 0 0 0 0 1 1 0 0 0 1 1 1 1 236 255 252 1 1 1 1 1 1 0 0 1 1 1 0 0 0 0 0 0 0 0 1 1 1 1 6 1 1 6 7 1 1 1 2 2 0 0 0 0 0 0 0 0 1 1 1 0 0 0 0 0 1 6 16 1 1 1 1 1 2 3 1 1 2 2 2 5 1 1 1 1 1 1 1 1 1 1 1 1 1 1 1 1 1 1 1 1 1 1 1 1 1 1 1 1 1 0 0 0 1 1 1 0 0 0 0 1 0 0 1 0 1 2 139 255 15 4 3 3 2 3 5 2 2 2 2 2 2 2 2 2 37 18 1 1 1 1 1 1 2 2 9 3 1 2 1 1 1 1 1 1 1 1 1 2 1 1 1 1 1 1 1 1 1 1 1 1 0 1 1 1 1 2 1 1 2 40 112 2 1 1 0 0 0 0 1 1 1 0 0 1 1 2 7 14 1 1 5 16 2 1 12 244 153 1 1 1 1 1 0 0 0 0 0 0 0 0 0 0 0 0 0 0 1 1 0 0 0 0 0 0 1 0 0 0 0 1 0 0 0 0 0 0 0 0 0 0 0 0 0 0 0 0 0 0 0 1 1 1 191 224 1 0 0 1 1 1 2 1 1 21 1 1 1 0 0 0 0 0 0 1 1 1 34 2 1 8 12 1 1 0 1 3 15 1 1 1 1 1 6 1 1 1 1 0 0 0 0 1 1 7 3 1 1 1 1 1 1 1 2 1
4 3 7 13 18 45 11 4 1 1 1 1 1 2 44 94 8 1 1 1 1 1 0 0 0 0 0 0 1 2 0 0 0 0 0 1 1 1 3 41 16 2 1 1 1 1 1 12 160 36 2 1 1 1 1 1 0 1 1 1 1 4 255 255 7 2 1 1 0 1 2 2 1 1 1 1 1 1 1 7 13 6 13 7 1 1 0 0 0 0 0 1 1 1 1 1 2 2 3 9 3 54 139 18 37 250 255 255 196 19 11 19 96 255 255 255 141 10 2 1 1 1 1 1 1 1 1 1 11 145 74 6 2 1 13 81 33 58 88 86 44 6 2 1 1 1 1 1 1 1 1 1 1 1 1 3 16 65 85 65 70 77 1 0 0 0 0 0 0 0 0 0 0 0 0 0 0 0 0 0 1 1 0 0 0 0 1 1 1 12 255 255 2 1 1 1 0 1 0 0 0 1 0 0 0 0 0 0 0 0 0 0 1 1 1 1 6 1 1 6 4 1 1 1 0 0 0 0 0 0 0 0 0 0 1 1 1 1 0 0 1 1 1 8 13 1 0 0 0 1 1 1 1 1 1 1 1 3 1 0 0 0 0 0 0 1 0 0 1 1 1 1 1 1 1 1 1 1 1 0 0 0 0 0 0 0 0 0 0 0 0 1 1 0 0 0 0 1 0 0 1 1 1 128 247 253 178 168 164 160 148 139 136 128 126 124 121 115 108 103 97 91 114 99 73 65 59 53 46 41 39 40 53 41 36 34 34 34 33 32 28 25 23 21 17 15 11 8 6 5 4 4 4 3 3 3 2 2 2 2 2 2 3 3 2 2 3 43 110 2 1 1 1 0 0 0 1 1 1 0 1 1 1 1 2 24 3 16 7 1 1 1 1 113 250 13 1 1 1 1 1 0 0 0 0 0 0 0 0 0 0 0 0 1 2 1 1 0 0 0 0 0 1 1 0 0 0 1 0 0 0 0 0 0 0 0 0 0 0 0 0 0 0 0 0 0 0 1 1 1 44 250 2 0 0 0 1 7 34 18 2 21 1 1 0 0 0 0 0 0 0 0 0 1 29 4 1 1 12 8 2 1 2 12 3 1 1 1 1 1 7 3 1 1 1 1 1 0 0 1 1 8 3 1 0 0 0 0 0 0 0 0
5 1 1 4 18 47 12 9 7 4 2 1 1 1 3 61 82 5 1 1 1 1 1 0 0 0 0 0 1 2 0 0 0 0 1 1 1 3 39 18 2 1 0 1 1 1 2 64 146 7 1 1 0 0 0 1 0 1 1 1 1 9 255 255 5 1 1 1 1 0 3 1 0 0 0 1 0 0 1 18 1 1 1 9 5 1 0 0 0 0 1 1 1 1 1 1 1 4 12 2 1 2 52 160 201 255 255 244 8 2 2 3 7 58 255 255 255 163 14 2 1 1 1 1 1 1 1 1 1 16 147 85 8 3 2 8 55 31 4 1 1 1 1 1 1 1 1 1 1 1 1 1 1 1 1 1 1 1 3 70 97 2 0 0 0 0 0 0 0 0 0 0 0 0 0 0 0 0 0 1 1 0 0 0 0 1 1 1 2 255 255 58 1 1 1 0 1 1 0 0 1 1 0 0 0 0 0 0 0 0 0 0 0 0 1 1 5 1 1 5 3 1 0 0 0 0 0 0 0 0 0 0 0 0 0 1 1 1 1 1 1 1 0 10 10 1 0 0 0 1 1 1 0 0 0 0 1 4 1 0 0 0 0 0 0 1 0 0 0 0 0 0 0 0 0 0 0 0 1 1 1 0 0 0 0 0 0 0 0 0 0 1 1 0 0 0 0 1 0 0 1 1 81 255 160 115 160 166 168 171 171 175 176 180 180 180 180 180 180 180 180 180 182 182 180 180 178 176 173 172 171 170 172 169 169 169 169 169 171 172 174 176 176 176 176 176 176 174 174 171 169 169 165 165 161 158 152 150 146 142 137 133 131 121 115 114 112 115 97 1 1 0 1 0 0 0 1 1 1 0 1 1 1 1 1 9 15 1 1 1 0 1 1 2 221 218 2 1 1 1 1 1 0 0 0 0 0 0 0 0 0 0 0 1 1 0 1 1 1 1 0 0 0 1 0 0 1 1 0 0 0 0 0 0 0 0 0 0 0 0 0 0 0 0 0 0 0 1 1 1 2 250 37 1 0 0 1 43 29 46 56 11 1 0 0 0 0 0 0 0 0 0 0 1 18 11 1 1 1 13 10 4 12 6 1 1 1 0 0 1 2 4 7 6 3 1 1 1 1 1 1 10 2 1 0 0 0 0 0 0 0 0
6 2 5 11 15 26 4 2 3 6 8 9 6 2 1 5 79 65 3 1 1 1 1 1 0 0 0 0 1 2 0 0 0 0 1 1 3 37 20 2 1 1 1 1 1 2 6 129 92 2 1 1 0 0 0 0 0 1 1 1 1 18 255 255 5 2 1 1 1 1 3 1 0 0 1 1 0 0 1 19 1 1 1 1 11 4 1 0 0 0 1 0 1 0 1 1 1 4 12 2 2 3 9 145 255 255 255 10 2 1 1 1 2 5 40 253 255 255 183 17 2 1 1 1 1 1 1 1 1 1 14 145 83 20 17 21 16 7 4 2 2 1 1 1 1 1 1 1 1 1 1 1 1 1 1 1 1 1 12 108 5 1 1 1 0 0 0 0 0 0 0 0 0 0 0 0 0 1 1 0 0 0 0 0 0 1 1 1 244 255 247 1 1 1 0 0 1 0 0 1 1 0 0 0 0 0 0 0 0 0 0 0 0 1 0 1 4 1 1 4 2 1 0 0 0 0 0 0 0 0 0 0 0 0 0 1 1 1 1 1 1 1 0 12 8 0 0 0 0 1 1 1 0 0 0 1 1 3 1 0 0 0 0 0 0 1 0 0 0 0 0 0 0 0 0 0 0 0 0 0 1 1 1 1 1 1 0 0 0 0 1 1 1 1 1 0 0 1 0 1 1 1 237 191 4 3 2 3 3 6 4 3 4 4 4 4 4 4 4 5 7 7 7 11 14 20 28 37 39 20 10 10 14 10 11 11 11 11 10 10 9 10 12 13 17 24 28 33 39 46 51 56 63 67 74 82 90 98 101 104 112 115 120 120 106 109 119 143 104 1 1 0 0 1 0 0 1 1 1 0 1 1 0 1 0 1 3 1 0 1 0 1 1 1 16 247 142 1 1 1 0 1 1 0 0 0 0 1 1 1 1 1 1 2 1 0 0 0 0 0 1 1 1 1 1 1 1 0 0 0 0 0 0 0 0 1 1 1 1 1 1 1 0 1 0 0 0 0 1 1 1 217 200 1 0 0 7 49 3 2 14 29 1 0 0 0 0 0 0 0 0 0 0 1 12 18 1 0 1 1 13 17 5 1 1 1 1 0 1 2 1 1 1 2 5 8 6 2 1 1 1 11 1 1 0 0 0 0 0 0 0 0
7 12 7 3 24 9 5 1 1 1 1 2 4 9 11 8 14 93 46 3 1 1 0 1 1 0 0 1 1 2 0 0 0 1 1 3 37 21 2 1 1 1 1 1 1 4 50 148 26 1 1 1 0 0 0 0 0 1 1 1 1 17 255 255 6 2 1 1 1 1 3 1 1 1 1 0 0 0 1 18 1 0 0 1 1 14 2 1 0 1 1 1 1 1 1 1 5 11 2 3 2 5 55 255 255 255 117 58 2 1 1 1 1 2 4 29 244 255 255 209 22 3 1 1 1 1 1 1 1 1 1 22 149 155 168 172 170 141 104 91 49 13 4 2 1 1 1 1 1 1 1 1 1 1 1 1 1 3 97 25 1 1 0 1 1 1 0 0 0 0 0 0 0 0 0 0 0 1 0 0 0 0 0 0 1 1 1 15 255 255 2 1 1 0 0 1 1 0 0 1 1 1 0 0 0 0 0 0 1 1 1 1 1 1 0 1 4 0 0 4 2 0 0 0 0 0 0 0 0 0 0 0 0 0 0 1 1 0 0 0 0 1 1 13 6 0 0 0 0 1 1 0 0 0 1 1 1 3 1 0 0 0 0 0 0 1 0 0 0 0 0 0 0 0 0 0 0 0 0 0 0 0 0 0 0 1 1 1 1 1 1 0 0 1 1 1 1 1 0 1 1 3 255 38 3 1 1 1 1 3 1 1 1 1 1 1 1 1 1 1 1 2 2 2 1 1 1 1 5 17 17 5 2 1 1 1 1 1 1 1 1 1 1 1 1 1 1 1 1 1 1 1 1 1 1 1 1 1 1 1 1 1 4 17 11 5 11 19 135 1 1 1 1 1 1 1 1 1 1 0 1 1 1 1 0 1 2 2 1 1 1 1 1 1 1 70 247 112 1 1 0 1 1 1 0 0 1 1 0 0 0 1 3 14 4 1 1 0 0 0 0 0 0 0 1 0 0 0 0 0 0 1 1 1 2 2 1 2 6 7 5 3 2 1 1 1 0 1 1 1 1 76 247 1 0 1 7 54 1 1 1 14 19 1 1 0 0 0 0 0 0 0 0 1 8 24 1 1 0 1 1 4 3 1 1 1 1 0 1 2 0 0 0 0 1 1 2 7 8 4 2 14 2 1 1 0 0 0 0 0 0 0
13 8 2 5 29 2 5 1 1 0 0 1 1 1 1 3 9 31 108 36 4 1 1 1 1 1 1 1 1 2 0 0 1 1 2 36 22 2 1 1 0 1 1 1 2 47 119 81 6 1 1 1 0 0 0 0 0 0 0 1 1 7 255 255 20 2 1 1 1 1 3 1 1 1 1 0 0 0 1 18 1 0 0 1 1 2 14 1 0 1 1 1 1 1 1 6 9 1 1 2 5 25 253 255 255 71 12 47 53 1 1 1 1 1 1 3 19 220 255 255 228 28 3 2 1 1 1 1 1 1 1 1 8 47 31 17 24 87 127 142 163 163 77 17 5 3 2 2 1 1 1 1 1 1 1 1 3 59 68 3 1 1 0 0 0 1 0 0 0 0 0 0 0 0 0 0 1 0 0 0 0 0 0 0 1 1 2 255 255 43 1 1 1 0 1 1 0 0 0 0 0 1 1 1 1 1 1 1 1 0 0 1 1 0 0 1 4 0 0 4 2 0 0 0 0 0 0 0 0 0 0 0 0 0 0 1 1 0 0 0 0 0 1 12 5 1 0 0 0 1 1 0 0 0 1 0 0 2 1 0 0 0 0 0 0 1 0 0 0 0 0 0 0 0 0 0 0 0 0 0 0 0 0 0 0 0 0 0 0 0 0 0 0 1 1 0 1 1 1 1 1 36 255 6 1 1 1 1 1 3 1 1 1 1 1 1 1 1 1 0 1 1 2 2 1 1 1 1 1 4 13 26 1 1 0 0 0 1 1 1 1 1 1 1 1 1 1 1 1 1 1 1 0 0 1 1 1 1 1 1 1 1 3 13 5 11 8 18 133 2 1 1 1 1 1 1 1 1 1 1 1 1 1 0 0 1 1 3 1 1 1 1 1 1 1 2 100 247 108 1 1 0 1 1 1 1 1 0 0 0 0 1 17 5 13 19 9 1 1 0 0 0 0 0 1 1 1 1 1 1 3 8 15 17 16 16 16 13 8 6 8 11 13 10 1 1 1 1 1 1 1 3 251 21 1 1 4 63 1 1 1 1 23 11 1 1 0 0 0 0 0 0 0 1 3 33 1 1 1 0 1 1 3 5 3 2 1 1 1 2 0 0 0 0 0 0 0 1 1 3 8 24 17 4 2 1 1 1 1 0 0 0
2 7 4 13 19 1 5 2 1 0 0 0 0 1 1 1 1 2 29 107 30 8 5 3 1 1 1 1 2 1 1 0 1 1 21 36 2 1 1 1 0 1 1 1 9 126 73 22 2 1 1 0 0 0 0 0 0 0 0 1 1 2 255 255 255 8 2 1 1 1 3 1 1 1 0 1 1 1 4 17 1 0 1 1 0 1 5 8 1 0 1 1 1 1 7 7 1 1 2 2 13 197 255 255 138 9 2 2 58 37 1 1 1 1 1 1 2 13 183 255 255 241 35 3 2 1 1 1 1 1 1 1 1 1 1 1 2 2 3 4 8 45 148 150 106 87 59 21 7 3 2 2 2 2 2 7 72 148 43 1 1 1 0 0 0 1 0 0 0 0 0 0 0 0 1 1 0 0 0 0 0 0 0 1 1 1 250 255 244 1 1 1 0 0 1 0 0 0 0 0 0 0 0 0 0 0 0 0 0 0 0 1 1 0 0 1 4 0 0 4 1 0 0 0 0 0 0 0 0 0 0 0 0 0 0 1 1 0 0 0 0 0 1 10 6 1 1 1 0 1 1 0 0 0 1 0 0 1 1 0 0 0 0 0 0 1 0 0 0 0 0 0 0 0 0 0 0 0 0 0 0 0 0 0 0 0 0 0 0 0 0 0 0 0 1 1 1 1 1 1 1 172 244 4 1 1 1 1 1 3 1 1 1 1 1 1 1 1 1 1 1 1 1 2 2 1 1 1 1 1 4 39 2 1 1 1 0 0 1 1 0 1 1 1 1 1 1 1 1 1 1 1 1 1 1 1 1 1 1 1 1 1 3 15 5 1 10 29 130 7 6 6 5 6 5 5 5 3 1 1 0 1 1 1 0 0 1 2 2 1 1 1 1 0 1 4 2 96 247 111 1 1 1 1 1 1 0 0 0 0 0 1 20 1 1 1 6 17 13 3 1 1 1 1 1 2 5 10 17 19 14 7 2 1 1 1 1 1 1 1 1 1 1 4 12 2 1 1 1 1 1 1 228 180 1 5 42 35 1 0 1 1 2 32 5 1 1 0 0 0 0 0 0 1 1 34 2 1 1 0 1 1 1 1 2 5 7 4 3 1 1 0 0 0 0 0 0 0 0 0 1 3 7 20 28 27 13 4 2 1 1 1
1 3 7 31 8 1 3 3 1 1 0 0 0 0 1 1 1 1 2 40 101 14 3 5 6 6 4 3 2 1 1 1 1 5 53 4 1 1 1 1 0 1 1 1 51 133 34 5 1 1 1 1 0 0 0 0 0 0 0 1 1 2 183 255 255 255 17 1 1 1 1 3 1 1 1 3 15 17 16 11 1 0 1 0 0 1 1 11 3 1 1 1 1 9 5 1 1 1 2 6 109 255 255 220 12 1 1 1 2 78 19 1 1 1 1 1 1 2 9 155 255 255 250 45 4 2 1 1 1 1 1 1 1 1 1 1 1 1 1 1 1 2 6 59 124 146 160 168 146 94 47 25 14 11 17 72 148 98 137 2 1 1 1 0 0 1 0 0 0 0 0 0 0 1 1 0 0 0 0 0 0 0 1 1 1 19 255 255 2 1 1 1 0 1 0 0 0 0 0 0 0 0 0 0 0 0 0 0 0 0 1 1 0 0 0 1 4 0 0 4 1 0 0 0 0 0 0 0 0 0 0 0 0 0 1 1 1 0 0 0 1 1 1 7 4 4 1 1 1 1 1 1 1 1 1 0 0 1 1 0 0 0 0 0 0 0 0 0 0 0 0 0 0 0 0 0 0 0 0 0 0 0 0 0 0 0 0 0 0 0 0 0 0 1 1 1 1 1 1 1 8 253 101 3 1 1 1 1 1 3 1 1 1 1 0 0 0 0 1 1 1 1 1 1 2 3 3 1 1 1 2 36 4 1 1 1 0 0 0 1 1 1 1 1 1 1 1 0 0 1 1 1 1 1 1 1 1 1 0 0 1 1 3 19 2 1 3 42 124 2 1 1 1 1 2 2 3 5 1 1 0 0 1 1 1 1 1 1 3 1 0 0 1 1 1 5 1 1 93 247 107 1 1 1 1 1 1 0 0 0 1 3 15 0 0 0 1 1 3 15 18 13 13 18 19 18 11 6 2 1 1 1 1 0 1 1 1 1 1 0 0 1 1 1 2 13 3 1 1 2 5 11 120 247 5 63 19 1 1 1 0 1 1 2 36 2 1 1 0 0 0 0 0 0 1 12 18 1 1 1 1 1 1 0 0 1 1 3 7 7 3 1 1 0 0 0 0 0 0 0 1 2 1 1 1 2 9 22 27 24 13 5
0 1 4 32 16 1 2 4 1 1 1 1 0 0 0 1 1 1 1 2 49 96 9 2 1 2 3 5 6 4 2 1 2 39 18 1 1 1 0 1 1 1 1 1 65 139 18 2 1 1 0 1 1 0 0 0 0 0 1 1 1 1 20 255 255 255 255 62 2 1 1 12 18 14 16 13 2 1 3 13 1 0 1 0 0 0 1 1 15 1 1 2 11 3 1 1 1 2 4 52 255 255 255 24 1 1 1 1 1 4 88 6 1 1 1 1 1 1 2 7 122 255 255 255 58 5 2 1 1 1 1 1 1 1 1 1 1 1 1 1 1 1 1 1 2 3 6 22 81 137 164 168 166 160 164 150 39 25 158 19 1 1 1 0 1 1 0 0 0 0 0 0 1 1 0 0 0 0 0 0 0 0 1 1 2 255 255 40 1 1 1 1 1 1 0 0 0 0 0 0 0 0 0 0 0 0 0 0 0 0 1 0 0 0 0 1 3 0 0 4 1 0 0 0 0 0 0 0 0 0 0 0 0 0 1 1 0 0 0 1 1 1 1 8 1 1 4 2 1 1 1 1 0 1 1 1 1 1 1 0 0 0 0 0 0 0 0 0 0 0 0 0 0 0 0 0 0 0 0 0 0 0 0 0 0 0 0 0 0 0 0 0 0 1 1 1 1 4 50 207 254 213 3 2 1 1 1 1 1 2 1 1 0 0 0 0 0 0 1 1 1 0 0 1 1 1 1 3 1 1 2 35 4 1 1 1 1 1 1 1 1 1 1 1 1 1 1 0 0 1 1 1 1 1 0 1 1 1 1 1 1 1 4 20 2 1 2 47 123 1 1 1 0 1 1 1 1 7 1 1 0 0 1 1 1 0 0 1 1 2 1 1 1 1 1 4 1 1 1 121 250 100 1 1 1 1 1 0 0 0 1 11 5 0 0 0 0 0 0 1 1 4 4 2 1 1 1 1 1 0 0 0 0 1 1 1 1 1 0 0 0 0 1 1 1 2 14 6 9 13 7 3 8 253 52 30 1 0 0 1 1 0 1 1 7 31 1 1 1 0 0 0 0 0 0 2 35 1 1 1 1 1 1 1 0 0 1 1 1 1 4 8 6 2 1 1 0 0 0 0 0 2 1 1 0 1 1 1 6 20 33 44
0 1 3 11 37 2 1 5 1 0 0 1 0 0 0 0 1 1 1 1 3 60 91 8 1 1 1 1 1 3 5 5 13 47 2 1 1 0 0 1 0 0 0 1 42 148 22 3 1 1 1 0 1 1 1 1 1 0 1 0 1 1 4 255 255 117 255 255 158 2 4 19 1 3 3 1 0 0 2 13 1 1 1 0 0 0 1 1 4 11 4 11 3 1 1 1 1 3 23 255 255 255 47 2 1 1 1 1 1 1 15 82 3 1 1 1 1 1 1 2 6 101 255 255 255 72 7 2 2 1 1 1 1 1 1 1 1 1 1 1 1 1 1 1 1 1 1 2 2 3 8 16 33 48 49 14 4 6 123 89 1 1 1 0 1 0 0 0 0 0 0 1 1 0 0 0 0 0 0 0 0 1 1 1 255 255 241 1 1 1 1 1 1 0 1 1 1 1 1 1 1 1 1 0 0 0 0 0 0 0 1 0 0 0 1 2 3 1 0 4 1 0 0 0 0 0 0 0 0 0 0 0 0 0 1 1 0 0 1 0 0 1 1 7 1 1 1 4 1 1 1 0 0 0 0 0 0 1 1 0 0 0 0 0 0 0 0 0 0 0 0 0 0 0 0 0 0 0 0 0 0 0 0 0 0 0 0 0 0 0 0 0 0 1 3 132 247 255 254 231 65 2 2 1 1 0 1 1 1 2 1 1 0 0 0 0 0 0 0 1 1 0 0 1 1 1 1 3 1 1 1 36 4 1 1 1 1 1 1 0 0 0 1 1 1 1 1 1 1 1 1 1 0 1 1 1 1 1 1 1 1 1 5 17 1 1 2 49 123 1 1 0 0 1 0 0 1 6 1 1 1 1 1 1 1 1 0 0 1 2 1 1 1 1 3 2 0 1 2 106 130 247 94 1 1 1 1 1 0 0 1 19 1 0 0 0 0 0 0 0 0 1 1 1 1 1 1 1 1 1 1 1 1 1 0 0 0 0 0 0 0 0 0 0 1 1 1 10 3 1 0 1 2 240 185 18 1 0 0 1 1 0 1 1 1 22 14 1 1 0 0 0 0 0 0 1 22 9 1 1 0 1 0 1 1 1 0 1 1 1 1 1 2 6 8 6 2 1 0 0 0 2 1 1 1 3 10 12 4 1 1 1
1 1 3 5 41 2 1 5 1 1 1 1 1 0 0 0 0 1 1 1 1 4 66 85 7 1 1 1 1 0 1 2 48 14 1 0 1 1 1 1 0 0 0 1 7 148 63 4 1 1 1 1 1 1 1 0 1 1 1 1 1 1 2 139 255 177 27 252 255 238 29 3 1 1 1 0 0 0 3 12 1 1 0 0 0 1 1 1 1 12 9 1 2 2 1 1 2 10 242 255 255 83 3 1 1 1 1 1 1 2 2 25 68 1 1 1 1 1 1 1 2 4 84 255 255 255 87 7 3 2 1 1 1 1 1 1 1 1 1 1 1 1 1 1 1 1 1 1 1 1 1 1 2 7 4 1 1 3 94 123 1 1 1 1 1 0 0 0 0 0 1 1 0 0 0 0 0 0 0 0 1 1 1 25 255 255 2 1 1 1 1 1 0 0 1 0 0 0 0 0 0 0 1 0 0 0 0 0 0 0 1 0 0 1 1 2 3 1 0 5 1 0 0 0 0 0 0 0 0 0 0 0 0 0 1 1 0 0 0 0 0 1 2 6 1 1 1 2 1 1 1 0 0 0 0 0 0 1 1 0 0 0 0 0 0 0 0 0 0 0 0 0 0 0 0 0 0 0 0 0 0 0 0 0 0 0 0 0 0 0 0 0 1 8 242 247 146 26 7 3 1 1 2 1 1 1 1 1 1 2 0 0 0 0 0 0 0 0 0 0 1 1 1 1 0 1 1 3 1 1 2 38 6 2 1 1 1 1 1 1 1 1 1 1 1 1 1 1 1 1 1 1 1 1 1 1 1 1 1 1 1 1 6 15 1 1 1 50 125 1 1 1 1 1 1 1 1 6 2 1 1 1 1 1 1 1 0 0 1 1 3 1 1 2 4 1 0 1 30 96 2 111 247 90 1 1 1 1 1 0 1 22 1 0 0 0 0 0 0 0 0 0 0 0 0 0 1 1 1 0 0 0 0 0 0 0 0 0 0 0 0 0 0 0 0 0 1 1 3 1 1 1 2 149 248 25 1 0 0 0 1 1 0 1 1 1 36 4 1 1 0 0 0 0 0 0 2 29 4 1 1 0 1 0 0 1 1 1 1 0 1 1 1 1 1 2 7 9 4 1 1 2 2 7 12 8 2 1 1 1 1 1
1 1 3 3 42 3 1 4 2 0 1 1 1 0 0 0 0 0 1 1 1 1 4 70 82 6 1 1 1 1 1 8 49 4 1 1 1 1 1 1 0 0 0 1 2 60 144 16 3 2 1 1 1 1 1 1 1 1 1 1 1 1 1 22 255 255 6 8 204 255 247 3 1 1 1 0 0 0 4 9 1 1 1 1 1 1 1 1 1 2 1 1 1 3 2 2 6 154 255 255 126 5 1 1 1 1 1 1 1 2 1 1 44 47 1 1 1 1 1 1 1 2 4 64 255 255 255 101 8 3 2 2 1 1 1 1 1 1 1 1 1 1 1 1 1 1 1 1 1 1 1 2 4 5 1 1 1 2 95 123 1 1 1 1 1 0 0 0 0 1 1 0 0 0 0 0 0 0 0 1 1 1 2 255 255 39 1 1 1 0 1 1 0 0 1 0 0 0 0 0 0 0 1 1 0 0 0 0 0 0 1 0 0 1 1 2 2 1 0 5 1 0 0 0 0 0 0 0 0 0 0 0 0 0 1 0 0 0 0 0 0 1 1 3 1 0 1 1 1 1 0 0 0 0 0 0 0 1 1 0 0 0 0 0 0 0 0 0 0 0 0 0 0 0 0 0 0 0 0 0 0 0 0 0 1 1 0 0 0 0 0 1 1 240 185 6 3 2 2 1 1 1 1 1 1 1 2 2 2 2 1 1 1 0 1 0 0 0 1 1 1 1 1 1 1 1 2 5 7 6 7 32 40 24 16 13 9 6 5 6 6 5 5 3 3 2 1 1 1 1 1 1 1 1 1 1 1 1 1 1 1 1 8 13 1 1 1 53 121 1 1 1 1 1 1 0 1 5 2 1 1 1 1 1 1 1 1 0 1 1 2 1 1 4 1 1 1 4 105 10 1 1 112 247 85 1 1 1 1 1 2 21 1 0 0 0 0 0 0 0 0 0 0 0 0 0 0 1 0 0 0 0 0 0 0 0 0 0 0 0 0 0 0 0 0 0 1 1 2 2 1 1 22 20 253 22 1 0 0 0 0 1 1 0 1 1 3 38 1 1 1 0 0 0 0 0 1 4 28 6 1 1 1 0 1 0 0 1 1 1 1 1 1 1 1 1 1 1 4 9 11 12 10 3 1 1 1 1 1 1 2 3
1 3 2 2 40 4 1 3 3 0 0 1 1 0 0 0 0 0 0 1 1 1 1 5 73 81 6 1 1 1 1 8 47 5 2 1 1 1 1 1 1 1 1 1 1 6 139 86 19 6 4 2 1 1 1 1 0 0 1 1 1 1 1 5 255 255 49 5 7 153 255 215 2 1 1 1 0 0 6 8 1 1 1 1 1 1 1 1 1 1 2 1 1 1 3 4 78 255 255 177 21 1 1 1 1 1 1 1 1 2 1 1 1 65 27 1 1 1 1 1 1 1 2 3 50 255 255 255 124 15 4 3 2 2 2 2 2 2 2 2 2 2 3 3 3 3 2 1 1 2 5 5 4 1 1 1 1 2 88 130 2 1 1 1 1 0 0 0 1 1 0 0 0 0 0 0 0 0 0 1 1 1 255 255 236 1 1 1 0 1 1 1 1 0 1 1 0 0 0 0 0 0 0 1 1 1 1 1 0 1 1 0 1 1 0 2 2 1 0 5 1 0 0 0 0 0 0 0 0 0 0 0 0 0 1 0 0 0 0 0 0 1 1 1 0 0 0 1 1 1 0 0 0 0 0 0 0 1 1 0 0 0 0 0 0 0 0 0 0 0 0 0 0 0 0 0 0 0 0 0 0 0 0 0 1 1 0 0 0 0 1 1 119 250 5 2 2 2 1 1 1 1 0 0 0 1 1 1 2 2 1 0 1 1 1 0 0 0 1 1 1 1 1 1 1 1 2 4 2 1 1 2 10 21 29 33 48 57 55 54 56 58 59 56 51 52 48 39 33 42 45 34 17 5 2 1 1 1 2 3 2 1 10 10 1 1 1 63 116 1 1 1 1 1 1 0 1 5 4 4 4 4 4 4 4 3 1 1 1 1 1 3 3 2 1 1 1 83 41 1 1 1 1 112 247 82 1 1 1 1 10 8 0 0 0 0 0 0 0 0 0 0 0 0 0 0 0 1 0 0 0 0 0 0 0 0 0 0 0 0 0 0 0 0 0 0 1 1 1 3 1 1 27 1 245 99 1 1 1 0 0 0 1 1 1 1 1 10 28 1 1 1 0 0 0 0 0 1 3 28 13 1 1 1 1 1 1 1 0 0 0 0 0 0 0 0 1 1 1 1 1 1 1 1 1 1 1 1 3 82 165 179
1 3 1 1 28 13 3 3 5 1 1 1 1 1 1 0 1 1 1 1 1 1 1 1 6 73 81 6 1 1 1 1 21 41 8 2 1 1 1 1 1 1 1 1 1 2 29 124 120 90 67 18 2 1 1 1 1 3 4 2 2 2 3 5 114 255 255 5 2 6 206 255 65 1 1 1 1 1 6 8 1 1 1 1 1 0 1 1 1 1 3 1 1 2 3 37 255 255 242 9 11 1 1 1 1 1 1 1 1 2 1 1 1 3 79 11 1 1 1 1 1 1 1 1 3 36 255 255 255 170 36 8 4 3 3 2 2 2 2 2 4 7 16 48 101 102 38 8 4 6 2 1 1 1 1 1 1 1 44 156 3 1 0 1 1 0 0 1 1 0 0 0 0 0 0 0 0 0 1 1 1 31 255 255 3 1 1 1 1 1 0 0 1 1 0 1 0 0 0 0 0 0 0 0 0 0 1 1 1 1 1 1 1 0 0 2 2 1 0 5 1 0 0 0 0 0 0 0 0 0 0 0 1 1 1 0 0 0 0 0 0 0 1 1 0 0 0 1 1 1 1 0 0 0 0 0 0 1 1 0 0 0 0 0 0 0 0 0 0 0 0 0 0 0 0 0 0 0 0 0 0 0 0 0 1 1 1 1 1 1 1 1 254 71 2 2 1 1 1 1 1 1 1 1 1 1 1 1 2 2 1 0 0 0 0 0 0 0 0 1 0 0 1 1 1 1 4 2 1 1 1 1 5 1 1 1 17 11 8 2 2 2 5 3 3 3 5 12 16 10 8 17 34 50 56 50 32 13 4 3 4 2 11 10 1 1 1 73 110 1 1 1 1 1 1 1 1 3 2 2 2 2 2 2 2 3 5 1 1 1 1 6 2 1 1 1 52 73 1 1 1 1 1 1 115 247 84 1 1 1 22 2 1 0 0 0 0 0 0 0 0 0 0 0 0 0 0 1 0 0 0 0 0 0 0 0 0 0 0 0 0 0 0 0 0 1 1 0 1 1 2 1 24 1 168 231 1 1 1 0 0 0 0 1 1 1 1 1 29 9 1 1 1 1 0 0 0 1 1 2 18 25 1 1 0 1 2 1 1 0 0 0 0 0 0 0 0 0 0 0 1 1 1 1 1 1 1 6 137 143 37 10
2 3 1 1 4 31 13 4 7 2 1 1 2 1 1 1 1 1 0 0 0 1 1 1 1 6 69 82 8 2 1 1 2 11 45 21 4 5 6 6 3 2 1 1 1 1 3 19 76 105 116 121 31 2 1 1 8 53 47 51 51 49 48 49 69 255 255 14 2 2 6 255 255 5 1 1 1 0 3 12 1 0 0 1 1 1 1 1 1 1 3 1 1 2 16 255 255 255 13 5 7 1 1 0 1 1 1 1 2 2 1 1 1 1 6 82 4 1 1 0 0 1 1 1 1 2 23 255 255 255 252 109 29 10 6 5 4 4 4 6 11 36 162 255 255 255 255 223 16 2 1 1 1 1 1 1 1 1 20 162 18 1 1 1 1 0 1 1 0 0 0 0 0 0 0 0 0 1 1 1 2 255 255 39 1 1 1 0 0 0 0 0 0 1 0 1 0 0 0 0 0 0 0 0 0 0 1 1 1 1 1 0 0 0 0 2 2 1 0 5 1 0 0 0 0 0 0 0 0 0 0 1 1 1 0 0 0 0 0 0 0 0 1 1 0 1 1 1 1 1 1 0 0 0 0 0 0 1 1 0 0 0 0 0 0 0 0 0 0 0 0 0 0 0 0 0 0 0 0 0 0 0 0 0 0 0 1 1 1 1 1 21 255 5 2 1 1 1 1 1 1 1 1 1 1 1 1 1 2 2 1 0 0 0 0 0 0 0 0 0 0 0 0 0 1 3 2 1 1 1 1 1 4 1 1 1 18 7 5 1 1 1 3 1 1 1 1 1 1 1 1 1 1 1 2 6 19 39 52 47 40 32 31 8 1 1 2 86 102 1 1 1 1 1 1 1 1 2 1 1 1 1 1 1 1 1 3 1 1 1 2 6 1 0 1 28 94 2 1 1 0 1 1 1 1 115 247 83 1 1 26 1 1 1 0 0 0 0 0 0 0 0 0 0 0 0 0 1 0 0 0 0 0 0 0 0 0 0 0 0 0 0 0 0 1 1 0 0 0 1 3 2 20 1 13 251 3 1 1 0 0 0 0 0 0 0 1 1 2 40 3 1 1 1 1 1 0 0 0 1 1 10 27 1 1 1 1 2 1 1 1 0 0 0 0 0 0 0 0 0 1 1 1 1 1 1 12 140 101 2 1 1
3 2 1 0 1 4 25 22 19 11 5 4 8 12 9 4 2 1 1 0 1 1 0 0 1 1 6 68 85 10 3 2 2 3 9 64 106 137 143 139 121 81 30 9 3 2 1 3 9 18 31 79 130 10 4 5 26 25 2 2 1 1 1 2 5 213 255 119 2 1 1 33 255 220 2 1 1 1 1 16 1 1 0 1 0 1 1 1 1 1 2 3 2 7 242 255 255 18 3 10 2 1 0 0 1 1 1 2 1 1 1 1 1 1 1 18 73 2 1 1 0 0 1 1 1 1 2 11 210 255 255 255 255 144 51 20 11 11 12 19 49 210 255 255 255 255 255 255 247 7 1 1 0 1 1 1 1 6 56 103 94 2 1 1 1 0 1 0 0 0 0 0 0 0 0 0 1 1 1 1 255 255 228 1 1 1 1 0 0 0 0 0 0 1 0 0 1 0 0 0 0 0 0 0 0 1 1 1 1 1 1 1 1 1 1 2 2 0 0 5 1 0 0 0 0 0 0 0 0 0 1 1 1 0 0 0 0 0 0 0 0 0 1 1 1 1 0 0 1 1 1 0 0 0 0 0 0 1 1 0 0 0 0 0 0 0 0 0 0 0 0 0 0 0 0 0 0 0 0 0 0 0 0 0 1 1 1 0 0 1 1 188 240 3 1 1 1 1 1 1 0 1 1 1 1 1 1 1 2 2 0 0 0 0 0 0 1 1 0 0 0 0 0 1 3 3 1 0 1 1 1 1 4 1 1 2 16 9 2 1 1 3 1 0 0 0 1 1 1 1 1 1 1 1 1 1 1 1 3 7 16 31 77 39 16 12 8 99 95 2 1 1 1 1 1 1 1 2 1 1 1 1 1 1 1 1 1 1 1 1 2 6 1 1 12 101 5 1 1 0 0 0 1 1 1 2 119 244 78 2 24 1 0 1 1 0 0 0 0 0 0 0 0 0 0 0 0 1 0 0 0 0 0 0 0 0 0 1 1 0 0 0 0 0 1 1 1 0 0 1 1 8 14 1 1 247 83 1 1 0 0 0 0 0 0 0 0 1 1 3 38 4 1 1 1 1 1 0 0 0 1 1 34 4 1 0 1 1 2 2 2 1 1 1 0 0 0 0 0 1 1 1 1 3 9 80 161 80 1 1 1 1
3 1 1 1 1 2 3 16 33 35 34 27 32 29 33 35 23 3 1 1 1 0 0 1 1 1 1 7 62 85 33 37 59 87 114 119 110 113 68 56 79 120 149 145 111 44 7 2 2 4 6 19 126 68 1 1 25 12 1 1 1 1 1 1 2 74 255 255 3 1 1 2 202 255 34 1 1 1 1 12 3 1 1 1 1 1 1 1 1 1 1 3 5 148 255 255 30 1 1 13 2 1 1 0 1 1 1 2 1 1 1 1 0 1 1 2 34 54 1 1 1 1 1 1 1 1 1 2 4 55 255 255 255 255 255 215 111 62 58 102 241 255 255 255 116 102 212 255 255 100 3 1 1 1 1 1 9 48 44 9 98 26 1 1 1 1 1 0 0 0 0 0 0 0 0 1 1 1 1 42 255 255 3 1 1 1 0 0 0 0 0 0 0 1 0 0 1 0 0 0 0 0 0 0 0 0 1 2 2 2 2 2 2 2 3 3 1 0 0 5 1 0 0 0 0 0 0 1 1 1 1 0 0 0 0 0 0 0 0 0 0 1 1 1 0 0 0 0 1 1 1 1 1 1 1 1 1 1 0 0 0 0 0 0 0 0 0 0 0 0 0 0 0 0 0 0 0 0 0 0 0 0 0 1 1 0 0 0 0 1 1 253 86 2 1 1 1 1 0 0 0 1 1 2 2 2 2 2 4 3 1 0 0 0 0 1 1 1 0 0 0 0 1 4 3 1 1 1 1 2 1 2 3 1 1 5 12 12 1 1 2 2 0 0 0 0 0 0 0 0 0 0 0 0 1 1 1 1 1 1 1 11 71 71 84 87 90 130 120 12 7 4 3 2 2 2 2 3 2 2 1 1 1 1 1 1 1 1 1 1 3 6 1 7 98 15 1 0 1 0 0 0 0 1 1 1 1 122 244 92 11 1 1 0 1 0 0 0 0 0 0 0 0 0 0 0 1 1 1 0 0 0 0 0 0 0 0 1 1 0 0 0 1 1 1 1 1 1 2 3 5 15 7 1 1 179 226 1 1 1 0 0 0 0 0 0 0 1 1 1 2 37 16 2 1 1 1 1 1 0 1 1 5 32 1 1 1 0 0 1 1 2 2 2 1 1 1 0 0 1 1 45 127 161 170 139 20 1 1 1 1 1
2 1 1 1 1 1 1 1 4 4 4 8 3 2 2 4 17 36 21 5 1 1 1 1 0 1 1 2 14 59 97 102 88 61 31 26 33 41 81 40 6 6 16 40 90 137 111 31 4 2 2 5 72 134 2 1 28 9 1 1 1 1 1 1 2 27 255 255 4 1 1 1 4 255 255 3 1 1 1 2 13 1 1 1 1 1 1 1 1 1 2 3 74 255 255 72 1 1 1 3 11 1 1 1 1 1 1 3 1 1 1 1 1 1 2 1 1 59 30 1 1 1 1 1 1 1 1 1 2 3 6 60 250 255 255 255 255 255 255 255 255 255 252 29 11 14 48 252 255 255 9 1 1 1 1 5 60 36 4 2 15 103 6 1 1 1 1 0 0 0 0 0 0 0 1 1 1 1 3 255 255 37 1 1 1 0 0 0 0 0 0 0 0 1 0 0 1 1 0 0 0 1 1 2 1 1 1 1 1 1 1 1 1 1 1 1 1 1 1 4 1 0 0 1 1 1 1 1 0 0 0 0 0 0 0 0 0 0 0 0 1 1 1 1 1 0 0 0 1 0 0 1 0 1 0 0 0 1 0 0 0 0 0 0 0 0 0 0 0 0 0 0 0 0 0 0 0 0 0 0 0 0 1 1 0 0 0 0 0 1 2 255 8 1 1 1 0 0 0 0 0 0 1 2 1 0 0 1 1 3 5 3 1 0 1 1 0 0 1 0 0 1 4 3 1 0 1 1 1 2 1 3 2 1 1 12 5 13 1 1 3 1 0 0 0 0 0 0 1 1 1 1 1 0 1 0 0 1 1 1 1 35 33 6 7 8 12 42 156 164 164 160 154 150 142 136 132 129 120 116 115 111 100 84 58 38 25 17 12 8 9 9 36 104 23 1 0 1 1 1 1 0 0 1 1 1 1 2 128 247 75 1 1 1 1 1 1 1 1 1 1 1 1 1 1 1 1 1 1 1 1 1 0 0 0 0 0 1 1 1 1 1 1 1 1 1 9 14 13 9 7 4 5 1 1 22 250 4 1 1 1 0 0 0 0 0 0 0 1 1 1 1 21 45 33 6 1 1 1 1 0 1 1 23 10 1 1 0 0 0 1 0 1 1 2 3 3 2 2 1 81 176 116 45 9 4 4 4 3 3 2 2
2 2 2 1 1 1 1 1 2 4 1 1 1 1 1 1 2 5 19 31 10 1 1 1 1 1 1 2 8 63 27 7 10 17 30 17 5 5 13 62 54 6 2 3 6 21 83 134 97 24 5 4 50 145 3 1 30 6 1 1 1 0 1 1 1 16 255 255 6 1 1 1 1 51 255 209 2 1 1 1 11 4 1 1 1 1 1 1 1 2 2 27 255 255 175 1 1 1 1 1 5 9 1 1 1 1 1 3 1 0 1 1 1 1 2 1 1 4 81 6 1 1 1 0 1 1 1 1 1 1 2 2 5 32 180 255 255 255 255 255 255 205 11 3 6 5 17 167 255 255 30 1 1 1 1 32 50 5 1 1 2 54 76 2 1 1 1 1 1 0 0 0 0 1 1 1 1 2 255 255 216 1 1 0 0 0 0 0 0 0 0 0 0 1 0 0 0 1 0 0 1 2 2 2 2 2 2 2 2 2 2 2 2 2 2 2 2 2 2 3 1 0 0 1 1 0 0 0 0 0 0 0 0 0 0 0 0 0 1 1 1 1 0 1 1 1 1 0 1 0 0 0 0 1 0 0 0 1 0 0 0 0 0 0 0 0 0 0 0 0 0 0 0 0 0 0 0 0 0 0 0 0 1 0 0 0 0 0 0 1 23 255 3 1 1 1 0 0 0 1 1 3 4 2 1 1 1 2 1 1 1 3 4 1 0 0 0 0 1 1 1 3 4 1 1 1 3 4 3 5 1 3 2 1 1 16 2 9 3 3 1 0 0 0 0 0 1 1 1 1 1 1 1 1 1 1 1 1 1 1 2 63 9 2 1 1 1 2 10 29 35 46 65 77 90 100 106 114 120 126 127 129 138 152 162 171 178 182 185 182 154 123 93 10 1 1 1 1 1 1 1 1 1 1 1 1 1 1 3 137 247 46 2 1 2 2 2 2 2 2 2 2 3 3 3 3 3 2 2 2 1 1 1 1 1 1 1 1 1 1 1 1 1 1 5 13 3 1 1 1 1 1 5 1 0 1 247 78 1 1 1 1 0 0 0 0 0 0 0 1 1 1 1 1 7 36 47 44 13 1 1 1 1 2 39 1 1 0 0 0 1 0 0 0 0 0 1 1 2 3 63 161 172 172 170 170 168 170 170 172 174 170
1 1 1 1 1 1 1 1 1 5 1 1 1 1 1 1 1 1 2 8 32 3 1 1 1 1 1 2 11 82 16 30 26 19 4 1 1 1 3 8 45 70 13 2 2 3 6 24 93 136 96 20 73 125 4 1 31 5 1 1 0 0 0 1 1 15 255 255 9 1 1 1 1 2 191 255 170 2 1 1 2 15 1 1 1 1 1 1 2 2 10 255 255 250 2 1 1 1 0 0 1 4 14 12 5 1 1 3 1 1 1 1 1 2 1 4 18 37 20 37 3 1 1 1 1 0 1 1 1 1 1 1 2 2 4 13 61 173 233 162 25 3 2 2 3 2 8 100 255 255 59 2 1 1 1 34 50 2 1 1 1 5 97 24 1 1 1 1 1 1 1 1 1 1 1 1 1 62 255 255 3 1 0 0 0 0 0 0 0 0 0 0 1 1 0 0 0 1 0 0 2 1 0 0 1 1 1 0 0 0 1 1 0 1 0 0 1 1 1 3 1 0 1 1 0 0 0 0 0 0 0 0 0 0 0 0 0 1 1 0 0 1 1 1 0 0 1 0 1 0 0 0 1 1 0 0 0 1 0 0 0 0 0 0 0 0 0 0 0 0 0 0 0 0 0 0 0 0 0 0 0 1 1 0 0 0 0 0 0 1 136 250 2 1 4 3 3 2 1 2 3 2 1 1 2 2 2 2 1 1 1 1 2 5 2 1 1 2 2 2 4 4 2 2 4 3 1 1 1 4 1 3 2 1 1 18 1 2 15 3 1 1 1 1 1 1 1 1 0 1 0 0 0 1 0 0 0 0 1 1 5 68 4 1 1 1 1 1 1 1 1 1 1 1 1 1 1 1 2 2 4 1 1 1 2 2 3 9 4 11 78 104 16 3 3 2 3 2 2 2 2 7 23 26 19 17 20 29 34 44 189 247 48 16 11 10 10 10 10 10 10 9 8 7 7 6 7 7 8 7 5 2 1 1 1 1 1 1 2 2 2 3 5 11 8 1 1 0 0 0 0 1 3 3 0 1 192 218 1 1 1 1 1 0 0 1 1 1 1 1 1 1 1 0 1 1 1 2 26 47 28 2 1 1 11 22 1 0 0 1 1 0 0 0 0 0 0 0 0 1 1 2 3 6 8 10 11 10 9 7 6 26
2 1 1 1 1 1 1 1 1 4 2 1 1 1 1 1 1 1 2 5 31 6 1 1 1 1 2 4 26 94 27 6 2 1 1 1 1 1 1 2 5 30 78 29 3 2 2 3 6 22 95 130 117 107 5 2 34 4 1 1 0 0 1 1 1 24 255 255 9 1 1 1 1 1 5 226 255 186 3 1 1 4 10 1 1 1 1 2 1 5 255 255 255 3 1 1 1 1 0 0 0 0 1 3 8 15 13 7 1 1 1 1 2 18 38 35 16 3 1 7 31 3 1 0 1 1 0 0 1 1 1 1 1 1 2 2 2 2 2 2 2 1 1 3 2 2 5 59 255 255 97 3 1 1 1 14 70 2 1 1 1 3 55 71 1 1 1 0 0 0 1 1 1 1 1 1 4 255 255 32 1 1 0 0 0 0 0 0 0 0 0 0 1 0 0 0 0 1 1 0 1 2 1 1 2 1 1 1 0 0 1 1 1 1 1 1 1 1 2 2 1 1 1 1 0 0 0 0 0 0 0 0 0 1 0 0 0 1 0 0 0 0 0 0 0 0 1 0 1 0 0 0 0 0 0 0 0 1 0 0 0 0 0 0 0 0 0 0 0 0 0 0 0 0 0 0 0 0 0 0 0 1 0 0 0 0 0 0 0 1 229 210 1 3 1 1 4 7 9 6 1 1 1 1 1 1 1 1 1 1 1 1 1 1 4 6 6 4 3 4 2 1 1 5 1 1 1 1 1 4 1 3 1 1 2 17 1 1 15 5 1 1 1 0 0 0 0 0 0 0 0 0 0 1 0 0 0 0 1 1 23 45 2 1 1 1 1 1 1 1 1 1 1 0 0 1 1 1 1 2 1 1 1 1 1 1 3 3 1 1 2 27 107 106 97 103 106 106 95 59 59 69 49 45 52 53 49 41 37 34 48 234 229 20 2 1 1 1 1 1 1 1 1 1 1 1 1 1 1 2 4 7 8 6 8 9 10 10 10 9 8 7 4 4 1 1 0 0 0 0 0 1 2 4 1 1 21 248 16 1 1 1 1 1 1 1 1 1 1 1 1 1 1 1 0 0 0 1 1 1 11 45 30 2 1 35 3 1 0 1 0 0 0 0 0 0 0 0 0 1 1 1 1 1 1 1 1 1 1 1 1 6
15 11 9 7 5 4 3 3 3 4 5 2 2 1 1 1 1 1 2 4 34 8 1 1 1 1 3 8 71 59 3 1 1 1 0 1 1 1 1 1 2 3 18 76 42 7 6 5 8 14 17 47 132 157 32 5 37 3 0 1 0 0 1 1 2 47 255 255 10 1 1 0 1 1 1 4 216 255 215 3 1 1 8 6 1 1 1 1 3 205 255 255 12 1 1 1 1 0 0 0 0 0 0 1 1 1 2 10 13 1 5 32 44 21 3 1 1 1 1 1 9 29 2 1 0 1 1 1 1 1 1 1 1 1 1 1 1 1 1 1 1 1 1 3 1 2 3 32 255 255 149 5 1 1 1 4 85 2 1 1 1 3 86 39 1 1 1 1 0 1 1 1 1 1 1 2 255 255 202 1 1 0 0 0 0 0 0 0 1 1 1 1 1 1 0 0 0 0 1 1 1 4 5 5 2 1 1 1 1 0 1 1 1 1 1 1 1 2 1 1 1 1 1 0 1 1 1 1 1 1 1 1 1 1 0 0 0 1 1 1 0 0 0 1 1 1 1 0 1 0 0 0 0 0 0 0 0 1 1 0 0 0 0 0 0 0 0 0 0 0 0 0 0 0 0 0 0 0 0 0 0 1 0 0 0 0 0 0 1 1 248 139 1 4 4 4 1 1 1 4 1 1 1 1 1 0 0 0 0 0 1 1 1 1 1 1 1 1 1 1 1 1 1 5 1 1 1 1 3 2 1 4 1 1 5 11 1 1 11 8 1 1 1 1 1 1 1 1 1 1 0 0 1 1 0 0 0 1 1 1 52 17 1 1 1 1 0 0 0 0 0 0 0 0 0 1 0 0 1 3 1 0 0 1 1 1 4 3 1 1 1 1 3 15 24 18 13 13 26 80 19 2 1 1 1 1 2 1 1 2 4 30 250 143 11 2 1 1 1 1 1 1 1 1 1 1 1 1 1 1 1 1 2 3 2 1 1 1 1 1 1 1 1 2 1 0 0 0 1 0 0 1 1 6 1 0 1 225 186 1 1 1 1 1 1 1 1 1 1 1 1 1 1 1 1 0 0 0 0 1 1 1 10 46 16 4 36 1 1 1 0 0 0 0 0 0 0 0 0 0 0 0 0 0 0 0 1 0 1 1 1 16
113 115 113 109 102 93 82 67 53 42 37 27 17 13 8 6 5 4 3 5 42 12 4 3 3 3 6 30 96 7 1 1 1 1 1 1 1 1 1 1 1 2 3 17 93 76 86 71 76 72 61 44 28 88 164 99 39 2 0 1 0 0 1 1 3 96 255 255 7 1 1 1 1 1 1 1 4 184 255 237 5 1 1 10 4 1 1 2 107 255 255 72 1 1 1 1 0 0 0 0 0 0 0 1 1 1 1 2 40 44 39 9 1 1 1 1 0 1 0 0 1 9 27 2 1 1 1 1 0 0 1 1 1 1 1 1 1 1 1 1 1 1 3 2 1 1 2 15 247 255 231 9 1 1 1 2 84 5 1 1 1 3 110 9 1 1 1 1 1 1 1 1 1 1 1 84 255 255 3 1 0 0 0 0 0 0 0 0 0 1 0 0 1 1 1 0 0 0 0 0 2 2 1 1 1 1 0 0 0 0 1 1 0 0 0 1 2 1 0 0 0 0 0 0 0 0 0 0 0 0 0 0 0 0 0 0 0 1 0 1 1 1 1 1 0 0 0 0 1 1 1 1 1 1 1 1 0 1 1 0 0 0 0 0 0 0 0 0 0 0 0 0 0 0 0 0 0 0 0 0 1 1 1 0 0 0 0 0 1 1 253 79 5 6 1 1 0 0 1 2 3 2 2 3 3 3 3 3 2 2 2 1 1 1 1 1 1 1 1 1 1 1 1 5 1 1 1 1 4 1 1 4 1 1 12 6 1 1 10 13 1 1 1 1 1 1 1 0 0 1 1 1 1 1 1 0 1 1 1 3 66 5 1 1 1 0 0 0 0 0 0 0 0 0 0 1 0 0 1 3 1 1 0 0 0 0 2 5 1 1 1 1 1 1 1 1 1 1 1 48 4 1 1 1 1 1 1 1 1 1 1 8 147 245 96 6 1 1 1 1 0 0 1 1 1 0 1 1 1 1 1 1 1 1 0 1 1 1 0 0 1 1 1 2 0 0 0 0 1 1 0 0 1 6 1 0 1 30 245 72 2 2 3 1 1 1 2 2 2 1 1 1 1 1 1 1 0 0 0 0 0 1 1 1 23 47 21 34 1 1 1 1 1 1 1 0 0 0 0 0 1 0 0 1 1 1 1 1 1 1 1 51
5 7 11 18 30 44 57 72 85 95 101 109 115 113 109 105 98 94 81 65 78 78 57 46 35 29 38 93 41 4 4 2 2 2 2 2 1 2 1 1 1 2 3 15 98 40 17 21 15 13 24 38 55 5 21 140 70 2 1 1 0 1 1 1 5 171 255 146 5 1 1 1 1 1 1 1 2 2 157 255 248 8 1 2 12 3 2 37 255 255 184 1 1 1 1 1 1 1 1 1 1 1 1 1 1 1 16 66 39 3 1 1 0 0 0 1 1 0 0 0 1 1 9 27 3 1 0 1 1 0 1 1 1 1 1 0 1 1 1 1 1 2 3 1 1 1 2 8 169 255 255 21 2 1 1 1 74 13 1 1 1 2 114 6 1 1 1 1 1 1 1 1 1 1 6 255 255 31 1 1 0 0 0 0 0 0 0 0 0 0 0 1 1 0 1 1 0 0 0 0 3 2 1 1 1 1 1 0 0 0 1 1 0 0 0 1 1 0 0 0 0 0 0 0 0 0 0 0 0 0 0 0 0 0 0 0 0 0 0 0 0 1 0 0 0 0 0 0 0 0 0 0 0 0 0 1 1 1 0 0 0 0 0 0 0 0 0 0 0 0 0 0 0 0 0 0 0 0 0 0 1 0 1 1 0 0 0 0 1 1 255 56 5 1 1 1 0 1 1 1 2 3 2 2 2 2 2 2 2 2 2 3 4 1 1 1 1 1 1 1 1 1 1 5 1 1 1 1 4 1 2 5 2 4 33 52 52 33 36 34 10 7 5 5 4 3 2 2 2 1 1 1 1 1 1 1 1 1 1 7 66 2 1 1 1 0 0 0 0 0 0 1 1 1 1 1 1 1 1 3 1 1 0 0 0 0 1 5 1 1 0 1 1 1 1 0 0 1 1 51 1 1 1 1 1 1 1 1 1 1 1 4 9 239 182 67 4 1 1 1 1 0 1 0 1 1 1 0 0 0 0 0 0 0 0 0 0 0 0 1 1 1 2 1 0 0 0 0 0 1 0 0 1 6 1 0 0 1 133 240 188 214 211 137 134 178 193 196 189 155 57 3 1 1 1 1 0 0 0 0 0 0 0 1 1 2 33 80 17 1 1 1 1 1 1 1 1 1 0 0 1 1 1 1 0 0 1 1 1 2 11 166
1 1 1 1 1 1 2 2 2 3 3 4 6 16 27 26 36 43 59 75 88 106 120 126 131 132 124 106 76 65 54 41 32 25 18 12 9 7 5 4 4 3 7 44 72 2 1 1 1 1 5 17 61 24 3 59 129 2 1 0 0 1 1 1 14 253 255 37 5 2 1 1 1 1 1 1 1 1 2 124 255 255 17 2 3 13 14 255 255 250 3 1 1 1 1 2 4 4 4 4 3 2 3 3 4 13 60 4 1 1 1 1 0 1 1 1 0 0 0 1 1 1 1 7 32 5 1 0 0 1 0 1 1 1 1 1 1 1 1 1 2 3 1 1 1 1 2 5 77 255 255 63 2 1 1 1 57 36 8 5 3 3 108 12 1 1 1 1 1 1 1 1 1 2 255 255 192 1 1 1 1 1 1 1 0 0 0 0 0 0 1 1 0 0 0 1 1 0 0 0 3 2 1 1 1 1 1 1 1 0 0 0 0 0 1 2 0 0 0 0 0 0 0 0 0 0 0 0 0 0 0 0 0 0 0 0 0 0 0 0 0 0 0 0 0 0 0 0 0 0 0 0 0 0 0 0 0 0 0 0 0 0 0 0 0 0 0 0 0 0 0 0 0 0 0 0 0 0 0 0 1 0 1 1 1 0 0 0 1 2 255 21 1 1 1 1 1 1 1 1 1 1 0 0 0 1 1 1 1 1 1 2 3 7 7 8 8 9 10 10 11 11 12 6 3 2 2 1 5 5 11 38 90 144 153 132 127 134 142 132 117 118 118 118 117 107 84 60 41 31 21 15 9 5 3 2 2 1 2 17 48 1 1 1 1 1 1 1 1 1 1 1 0 1 1 1 1 1 1 2 3 1 1 0 0 1 3 3 0 1 1 1 1 1 0 0 0 1 3 46 1 1 1 1 1 1 1 1 0 1 1 3 4 62 250 103 53 4 1 1 1 1 1 1 1 1 1 1 1 1 1 1 1 1 1 1 1 1 1 1 0 1 2 1 0 0 0 0 0 1 0 0 1 6 1 0 0 1 1 134 200 87 104 171 188 173 155 147 161 193 217 185 50 1 1 1 1 0 0 0 0 0 0 0 0 1 1 5 67 133 199 151 38 4 1 1 1 1 1 1 1 1 1 1 1 1 1 3 54 220 255 255
0 0 1 1 1 1 1 0 1 1 1 1 1 1 7 6 2 2 2 2 2 3 4 5 8 11 10 20 43 54 66 81 88 94 98 101 102 100 96 90 81 71 69 83 12 1 1 1 1 1 1 6 28 68 10 45 142 2 1 0 1 1 1 1 40 255 255 14 2 1 1 1 1 1 0 1 1 1 1 2 90 255 255 59 4 12 255 255 255 9 1 1 1 1 3 3 1 1 1 1 2 2 2 1 1 53 15 1 1 1 1 1 1 1 0 0 0 1 1 0 0 0 1 1 4 31 11 1 1 1 0 0 1 1 1 1 1 1 1 3 2 1 1 1 1 1 1 3 27 255 255 155 5 1 1 1 7 72 80 80 65 40 116 31 5 2 1 1 1 1 1 1 2 93 255 255 4 1 1 0 0 0 0 1 1 1 1 1 1 1 1 0 0 0 0 0 1 1 0 1 3 2 1 2 1 1 0 0 1 0 0 0 0 0 2 1 0 0 0 0 0 0 0 0 0 0 0 0 0 0 0 0 0 0 0 0 0 0 0 0 0 0 0 0 0 0 0 0 0 0 0 0 0 0 0 0 0 0 0 0 0 0 0 0 0 0 0 0 0 0 0 0 0 0 0 0 0 0 0 0 1 0 0 1 1 1 0 1 1 3 255 10 1 1 1 1 1 1 1 1 1 0 0 0 1 1 1 1 1 4 42 129 157 162 166 168 170 170 171 172 172 170 162 131 81 40 20 19 43 100 147 157 122 53 15 13 5 7 59 65 11 13 18 22 25 37 68 88 101 107 113 115 115 114 110 103 85 50 30 54 53 11 5 3 2 1 1 1 1 1 1 0 0 0 2 7 6 7 7 4 2 3 1 1 0 1 6 1 0 0 0 1 1 1 1 1 1 1 8 34 1 1 1 1 1 1 1 0 1 1 1 3 4 2 199 230 80 70 8 2 1 1 1 1 1 1 1 0 0 0 0 0 1 0 0 0 0 0 1 1 1 1 2 1 0 0 0 0 0 1 0 0 1 5 1 0 0 0 1 1 78 186 181 163 40 3 1 1 1 2 51 163 201 86 1 1 1 1 1 1 0 0 0 0 0 0 1 1 169 253 247 253 255 254 208 51 4 1 1 1 1 1 1 1 2 14 158 250 255 247 148 26
0 0 0 0 0 0 0 0 0 0 1 0 1 1 1 8 6 2 1 1 1 1 1 1 1 1 1 1 1 1 2 2 3 4 5 7 8 12 19 29 39 49 45 11 1 1 1 1 0 1 1 1 7 39 69 45 149 2 1 1 1 1 1 2 89 255 255 5 1 2 1 1 1 1 0 0 1 1 1 1 2 61 255 255 255 255 255 255 140 18 1 1 2 4 2 1 1 1 1 1 1 1 1 1 1 71 2 1 0 1 1 1 0 0 0 0 1 1 0 0 0 0 1 1 1 2 24 21 2 1 1 0 0 1 2 1 1 2 3 2 1 1 1 1 1 1 1 2 9 206 255 255 18 2 1 1 1 2 4 5 25 55 128 146 98 42 12 3 2 1 1 1 8 255 255 41 1 1 1 1 1 0 0 0 0 0 0 0 0 0 0 0 0 0 0 0 0 1 1 1 1 2 2 2 1 1 1 1 1 0 0 0 0 1 1 0 0 0 0 0 0 0 0 0 0 0 0 0 0 0 0 0 0 0 0 0 0 0 0 0 0 0 0 0 0 0 0 0 0 0 0 0 0 0 0 0 0 0 0 0 0 0 0 0 0 0 0 0 0 0 0 0 0 0 0 0 0 0 0 1 1 1 1 0 1 1 1 1 1 5 255 6 1 1 1 1 1 0 1 1 0 1 1 1 1 1 2 7 77 159 157 98 51 40 38 32 29 27 21 18 17 18 33 92 138 155 164 166 162 127 57 16 9 5 3 7 3 3 71 41 26 40 47 47 49 53 52 42 23 14 9 7 7 10 17 30 53 89 114 111 86 90 94 96 96 93 81 51 10 3 3 2 1 1 6 1 1 1 1 3 6 3 3 2 1 1 6 1 1 1 1 1 1 1 1 1 1 1 27 11 1 1 1 1 1 1 1 1 1 1 1 4 4 1 16 247 110 48 101 49 9 3 1 1 1 1 1 1 0 0 0 0 0 0 0 0 0 0 1 0 1 1 2 1 0 0 0 0 0 1 0 0 1 6 1 0 0 0 0 1 1 74 165 5 1 1 1 1 1 1 1 2 114 212 38 1 1 1 1 1 1 1 1 1 1 1 1 116 250 86 2 2 8 127 244 255 254 214 61 5 3 3 7 91 237 255 255 205 42 4 1 1
0 0 0 0 0 0 0 1 1 1 1 1 1 1 1 1 6 10 4 1 1 1 1 0 0 0 1 1 1 1 0 1 1 1 1 1 1 1 1 1 1 1 1 1 0 0 1 0 0 0 1 1 1 7 45 78 162 10 1 1 1 1 1 4 155 255 124 3 1 2 1 1 1 1 0 1 1 1 1 1 1 2 39 255 255 255 255 205 80 138 54 4 4 1 1 0 1 1 1 1 1 1 1 1 12 57 2 1 1 1 1 0 0 0 0 1 1 0 0 0 0 1 1 0 1 1 2 15 31 4 1 0 0 1 2 2 3 3 2 1 0 0 1 1 1 1 1 2 4 71 255 255 71 4 1 1 1 1 1 1 1 2 5 50 120 150 152 101 27 5 1 3 255 255 215 2 1 1 1 0 1 1 1 1 1 0 0 0 0 0 0 0 0 0 0 0 0 0 1 1 1 1 2 4 1 1 1 1 1 1 0 1 1 2 1 0 0 0 0 0 0 0 0 0 0 0 0 0 0 0 0 0 0 0 0 0 0 0 0 0 0 0 0 0 0 0 0 0 0 0 0 0 0 0 0 0 0 0 0 0 0 0 0 0 1 1 1 0 0 0 0 0 0 0 0 0 0 1 1 1 1 1 0 1 1 1 1 1 1 12 255 5 1 1 1 0 1 1 1 1 1 1 1 1 3 18 114 168 141 43 7 3 3 3 3 2 2 2 3 2 2 3 3 4 4 5 11 19 34 72 134 160 153 111 47 19 18 18 80 53 24 9 4 3 3 4 6 15 34 45 50 50 24 3 2 1 2 5 59 25 47 46 31 26 26 21 43 81 93 9 5 5 6 6 2 1 1 0 0 1 1 4 6 4 3 4 8 1 1 1 1 1 1 1 1 1 1 1 41 2 1 1 1 0 1 1 1 1 1 1 1 5 2 1 2 138 245 16 9 69 105 81 19 4 1 1 1 1 1 1 0 0 0 0 0 0 0 0 1 0 1 1 2 1 0 0 0 0 0 0 1 1 1 6 1 0 0 0 0 1 1 1 171 45 1 1 0 0 0 0 1 1 1 131 208 3 1 1 1 0 1 1 1 1 1 1 44 248 143 1 1 1 1 1 1 6 124 244 255 255 244 247 255 255 240 98 4 1 1 1 1 1
0 0 0 0 0 0 0 0 0 0 0 0 0 0 0 1 1 2 7 6 2 1 1 1 0 0 0 0 0 0 1 1 0 0 0 0 0 0 0 0 0 0 0 1 1 1 1 0 0 0 0 1 1 1 8 66 120 117 3 1 1 1 1 6 237 255 26 2 1 2 1 1 0 1 1 1 1 1 1 1 1 3 3 161 255 255 255 255 255 255 242 64 1 1 1 1 0 1 1 1 1 1 1 1 68 5 1 1 1 1 1 0 0 1 1 1 1 1 1 1 1 1 1 0 0 1 1 1 6 33 8 1 1 1 1 5 2 1 1 1 0 0 0 1 1 1 1 1 3 16 255 255 211 12 2 1 1 1 1 1 1 1 1 1 2 6 31 109 156 146 50 103 255 255 5 1 1 0 1 1 1 0 0 0 1 1 1 1 0 0 0 0 0 0 0 0 0 0 0 0 0 1 1 5 3 1 1 2 2 1 2 2 1 1 0 0 0 0 0 0 0 0 0 0 0 0 0 0 0 0 0 0 0 0 0 0 0 0 0 0 0 0 0 0 0 0 0 0 0 0 0 0 0 0 0 0 0 0 0 0 0 0 0 0 1 0 1 1 1 1 1 1 1 1 1 1 1 1 0 1 1 1 1 1 1 1 2 4 32 112 255 6 1 1 1 1 1 1 1 1 1 2 7 72 153 170 116 21 4 2 2 23 94 119 113 71 33 20 30 68 92 78 50 43 44 64 91 115 155 175 130 74 94 129 160 168 164 162 142 67 31 17 9 5 3 2 2 2 2 3 4 7 31 41 7 2 3 13 50 3 2 7 21 31 39 50 40 32 101 61 1 1 1 1 1 1 1 1 1 1 1 1 2 6 8 8 16 3 1 1 1 1 1 1 0 0 1 1 42 1 1 1 1 1 1 1 1 1 1 1 1 5 2 1 1 6 239 172 3 3 5 35 94 99 36 5 2 1 1 1 1 1 1 1 1 0 0 0 1 0 1 1 1 2 0 0 1 1 1 1 1 1 1 6 1 1 0 0 0 1 1 1 35 169 8 1 1 0 0 0 0 0 1 2 197 150 1 1 1 1 1 0 0 1 1 12 244 197 1 1 1 1 1 1 1 1 1 1 4 110 240 221 140 8 1 1 1 1 1 1 1 1
0 0 0 0 0 0 0 0 0 0 0 0 0 0 0 0 0 1 1 4 8 4 1 1 1 0 0 0 0 0 0 0 0 0 0 0 0 0 0 0 0 1 1 1 0 0 0 0 0 0 0 0 1 1 2 12 97 138 60 2 1 1 1 8 255 255 9 1 1 1 1 1 1 1 1 1 2 3 3 3 3 2 17 255 255 236 239 255 255 255 255 255 49 1 1 1 0 0 1 1 1 2 2 11 57 1 1 1 1 1 1 1 1 1 1 1 1 2 2 1 1 1 1 0 0 0 1 1 1 3 28 14 1 1 3 3 1 1 1 1 1 0 0 0 1 1 1 1 2 5 113 255 255 72 6 2 1 1 1 1 1 1 1 1 1 1 1 2 8 57 172 255 255 49 1 1 1 0 1 1 1 0 0 0 0 0 0 1 1 1 1 1 1 1 0 0 0 0 0 0 0 1 1 5 4 1 1 1 1 1 1 1 0 0 0 1 1 1 1 0 0 0 0 0 0 0 0 0 0 0 0 0 0 0 0 0 0 0 0 0 0 0 0 0 0 0 0 0 0 0 0 0 0 0 0 0 0 0 0 0 1 1 0 0 0 0 0 0 0 1 1 1 1 1 1 1 1 1 1 1 1 1 1 3 14 78 139 161 155 147 255 9 1 1 1 1 1 1 1 2 9 107 170 147 59 8 2 1 2 3 57 170 149 128 134 160 173 177 177 166 153 158 170 175 173 166 153 132 79 11 3 2 3 16 17 23 71 83 91 112 124 131 131 122 78 46 41 38 29 21 19 12 8 26 55 28 50 74 39 11 8 9 8 8 5 2 2 2 14 123 5 1 1 1 1 1 1 1 0 1 1 1 1 3 46 103 119 119 60 10 2 2 1 1 1 1 0 2 35 1 1 1 1 1 1 1 1 1 1 1 1 6 2 1 1 3 118 245 42 2 1 2 5 17 89 104 39 7 3 2 1 1 1 1 1 1 1 1 1 1 1 1 1 2 1 1 1 0 0 0 0 0 1 5 1 1 0 0 0 1 0 1 1 96 145 3 1 0 0 0 0 0 1 1 21 228 40 1 1 1 1 0 1 1 4 231 231 3 1 1 1 0 0 0 0 0 1 1 1 8 181 2 1 1 1 1 1 2 1 1 1 1
0 0 0 0 0 0 0 0 0 0 0 0 0 0 0 0 0 1 1 1 2 6 5 1 1 1 0 0 0 0 0 0 0 0 0 0 0 0 0 0 0 1 0 0 0 0 0 0 0 0 0 1 1 1 1 2 22 107 135 38 1 1 1 12 255 255 5 1 1 1 2 1 1 1 1 3 1 1 1 1 2 6 255 255 242 4 4 6 11 36 185 255 255 13 1 1 1 1 1 0 1 1 1 13 57 2 1 1 1 0 1 1 1 1 1 1 1 1 1 1 2 1 1 0 0 0 1 1 1 1 2 22 17 4 4 1 1 0 0 0 1 1 1 0 1 1 1 1 1 2 13 255 255 253 36 4 2 1 1 1 1 1 1 1 1 1 1 1 3 17 255 255 213 2 1 1 1 1 1 1 1 1 1 1 1 1 1 1 1 1 1 1 1 1 1 1 1 1 1 1 1 1 1 5 4 1 1 1 0 1 0 0 1 1 1 1 0 0 1 1 1 1 1 1 1 1 1 0 0 0 0 0 0 0 0 0 0 0 0 0 0 0 0 0 0 0 0 0 0 0 0 0 0 0 0 0 0 0 1 1 1 0 0 0 0 0 0 0 1 1 1 1 1 1 1 1 1 1 1 2 8 51 129 168 170 133 71 21 10 39 255 36 1 1 1 1 1 2 7 85 168 121 17 3 1 1 1 2 4 50 168 58 11 7 6 9 17 21 11 6 5 6 7 7 6 3 3 2 1 1 1 1 1 2 9 16 9 7 13 15 11 8 12 34 96 117 121 122 126 124 117 112 102 93 114 139 135 121 118 123 123 121 119 119 96 69 64 39 12 71 116 16 2 1 1 1 1 1 1 1 1 2 13 80 75 33 21 27 102 129 102 32 5 1 1 1 1 5 20 1 1 1 1 1 1 1 1 1 1 1 1 4 3 1 2 12 72 181 216 8 2 2 3 1 2 15 91 112 102 82 59 41 27 14 11 14 27 30 7 1 1 1 1 2 1 0 1 0 0 0 0 0 1 3 2 1 1 0 1 1 1 1 1 1 134 117 2 1 0 0 0 0 1 1 1 124 213 3 1 1 1 0 1 1 199 243 15 1 0 0 0 0 0 0 0 0 0 0 1 17 173 1 1 1 1 1 1 2 1 1 1 1
0 0 0 0 0 0 0 0 0 0 0 0 0 0 0 0 0 0 0 0 0 2 8 1 0 1 0 0 0 0 0 0 0 0 0 0 0 0 0 0 1 0 0 0 0 0 0 0 0 0 1 1 1 1 1 1 3 48 112 132 3 1 2 17 255 255 4 1 1 1 1 2 1 1 1 3 0 1 1 1 4 255 255 255 6 2 1 1 2 2 5 161 255 242 3 1 1 1 0 0 0 0 1 3 55 11 2 1 1 1 1 1 1 0 0 1 1 1 1 1 1 2 1 1 0 0 1 1 1 0 1 2 33 10 1 1 1 0 0 0 1 1 1 1 1 1 1 1 1 1 3 42 255 255 234 41 6 2 1 1 1 1 1 1 1 1 1 3 16 255 255 255 5 1 1 1 1 1 1 1 1 0 1 1 1 1 1 1 1 1 1 1 1 1 1 1 1 1 1 1 1 1 1 6 4 1 0 1 1 1 1 1 0 0 0 0 0 0 0 0 0 0 0 0 0 0 1 1 0 0 0 0 0 0 0 0 0 0 0 0 0 0 0 0 0 0 0 0 0 0 0 0 0 0 1 1 1 1 0 0 0 0 0 0 0 1 1 1 1 1 1 1 1 1 1 1 3 15 86 153 173 157 99 29 6 3 2 2 3 19 255 112 2 2 3 5 23 104 168 138 19 2 1 1 2 2 3 15 118 170 59 3 1 1 1 1 1 1 1 1 1 1 1 1 2 1 1 1 1 1 1 1 1 1 1 2 7 15 7 3 6 9 6 2 2 2 2 3 4 9 20 37 62 78 65 35 21 17 13 12 15 12 24 37 41 68 70 90 108 105 115 157 107 25 4 3 5 10 32 70 110 129 117 52 15 3 1 1 1 5 57 118 119 66 10 2 1 14 5 1 1 1 1 1 1 1 1 1 1 1 1 3 5 1 2 56 15 11 240 120 3 1 2 2 1 1 1 5 24 49 75 91 102 111 119 113 106 102 113 60 2 1 1 2 1 0 1 1 0 0 0 0 1 1 5 1 1 1 1 1 1 2 6 25 50 178 83 1 1 0 0 1 1 0 1 2 205 139 1 1 1 1 1 129 250 68 1 0 0 0 0 0 0 0 0 0 1 1 1 38 162 1 1 0 1 1 2 2 1 1 1 1
0 0 0 0 0 0 0 0 0 0 0 0 0 0 0 0 0 0 0 0 0 1 9 1 0 1 0 0 0 0 0 0 0 0 0 0 0 0 0 1 1 0 0 0 1 1 1 1 1 1 1 1 1 1 1 1 1 4 99 138 17 1 2 28 255 255 3 1 1 1 1 1 2 2 3 1 1 1 1 3 226 255 255 17 1 1 1 1 1 1 2 6 242 255 142 1 1 1 1 0 0 0 0 1 17 53 14 2 1 1 1 1 1 0 0 0 0 0 1 1 1 2 2 1 1 1 1 0 1 1 1 1 9 38 1 1 1 0 0 0 0 1 1 0 0 0 1 1 1 1 2 4 94 255 255 255 90 19 6 3 2 2 2 2 2 3 7 44 255 255 255 18 2 1 1 1 1 1 1 1 1 1 1 1 1 1 1 1 1 1 1 1 1 1 1 1 1 1 1 1 1 1 1 8 2 1 1 1 1 1 1 1 0 0 0 0 0 0 0 0 0 0 0 0 0 0 0 1 0 0 0 0 0 0 0 0 0 0 0 0 0 0 0 1 0 0 0 0 0 0 0 1 1 1 1 0 0 0 0 0 0 0 1 1 1 1 1 0 1 1 1 1 2 7 37 117 166 172 137 57 8 3 2 2 1 1 1 2 4 33 255 145 16 46 119 167 170 126 23 2 1 2 9 44 44 40 80 162 133 15 1 1 1 1 1 1 1 1 1 1 1 1 1 1 2 1 1 1 1 1 1 1 1 1 1 1 1 1 7 14 5 3 7 10 2 1 1 1 1 1 1 1 1 1 1 1 1 1 1 1 3 2 6 14 5 6 6 4 5 19 52 65 86 137 145 132 129 132 123 101 56 24 30 24 2 1 1 1 1 1 1 2 20 94 123 98 32 30 2 1 1 1 1 1 1 2 1 1 1 1 1 3 3 2 16 57 2 2 116 237 33 2 1 3 1 1 1 1 1 1 1 1 2 3 9 2 2 2 8 82 60 1 1 2 1 0 0 1 0 0 1 1 1 1 7 1 1 2 10 33 48 51 41 19 6 14 182 39 1 1 1 0 0 0 1 1 33 229 28 1 1 1 17 251 138 1 1 0 0 0 0 0 0 0 1 1 1 1 1 78 143 1 1 1 1 3 2 1 1 1 1 1
0 0 0 0 0 0 0 0 0 0 1 1 1 1 0 0 1 1 1 1 0 1 9 2 0 1 1 0 0 0 1 1 1 1 1 1 0 0 0 1 0 0 0 1 1 3 5 6 7 6 5 4 3 2 2 2 2 3 24 131 16 2 4 63 255 255 2 1 1 0 1 1 3 2 1 1 1 1 2 128 255 255 54 1 1 0 1 1 1 1 1 2 21 255 255 37 1 1 1 0 0 0 0 1 1 10 52 43 8 2 1 1 1 1 0 0 0 0 0 0 0 1 4 2 1 1 1 0 1 1 1 1 2 49 1 1 1 1 0 0 1 0 1 0 0 0 1 1 1 1 1 2 4 83 255 255 255 244 115 48 25 16 14 15 30 76 234 255 255 255 40 4 3 3 3 3 3 3 3 4 4 4 4 4 4 4 4 5 4 4 4 4 3 3 3 3 3 2 2 2 1 1 2 9 1 1 1 1 1 1 1 1 1 1 1 0 1 1 0 0 1 1 1 1 0 0 0 1 1 0 0 0 0 0 0 0 0 0 0 0 0 1 1 1 0 1 1 1 1 1 1 1 0 0 1 1 1 1 1 1 1 1 1 1 1 1 1 1 3 8 18 74 147 171 161 108 30 5 3 2 1 1 1 1 1 1 4 14 70 186 255 170 167 157 109 27 3 1 1 2 3 47 162 170 171 173 160 66 3 1 1 1 1 1 1 1 1 1 1 1 1 1 1 1 1 1 1 1 1 1 1 1 1 1 1 1 1 1 1 2 10 9 2 7 17 6 1 1 1 1 1 1 1 1 1 1 2 2 2 2 4 3 3 19 5 5 5 2 1 1 1 1 1 2 7 26 27 13 8 8 8 7 4 13 15 2 1 1 1 1 1 1 1 2 14 44 106 121 64 10 3 1 1 1 1 1 2 2 2 1 1 8 8 54 107 69 25 7 9 223 175 15 3 4 2 1 1 1 1 1 1 1 1 1 5 1 1 1 1 11 112 3 1 1 1 1 1 1 1 1 1 1 2 3 18 36 51 51 37 13 3 1 1 1 1 1 37 179 15 1 1 0 0 0 0 1 1 160 192 2 1 2 241 212 2 1 0 0 0 0 0 1 1 1 0 0 0 0 1 112 121 1 1 1 3 3 1 1 1 0 0 1
1 1 1 1 1 1 1 1 1 1 1 1 1 1 1 1 1 1 1 1 1 1 5 4 1 0 1 1 1 1 1 0 1 1 1 1 1 1 1 1 1 1 1 5 10 8 5 5 5 6 7 8 9 11 12 14 14 45 98 101 5 2 12 168 255 168 2 1 1 0 1 2 3 1 1 1 1 2 60 255 255 129 2 1 1 1 1 0 1 1 1 1 2 112 255 247 4 1 1 1 0 0 1 1 1 1 3 21 57 36 4 1 1 1 1 1 0 1 1 1 1 1 1 5 3 1 1 1 1 1 1 1 2 50 2 1 1 1 1 0 1 1 0 0 0 0 0 0 0 1 1 1 2 3 27 255 255 255 255 255 255 255 255 255 255 255 255 255 247 146 75 71 72 75 79 88 102 112 119 126 135 143 141 141 143 145 145 147 145 137 134 130 127 128 131 134 124 101 67 39 21 13 12 11 3 2 1 1 1 1 1 1 1 1 1 1 1 1 1 1 1 1 0 1 1 0 0 0 1 1 1 1 1 1 1 0 0 0 1 1 1 1 1 1 1 0 0 0 0 0 0 1 1 1 1 0 0 1 1 1 1 1 1 1 2 5 39 130 171 174 170 145 67 10 3 2 1 1 1 1 1 1 1 1 4 16 85 220 253 243 106 61 12 2 6 3 1 1 2 5 63 162 71 15 11 9 3 1 1 1 1 1 1 1 1 1 1 1 1 1 0 1 1 1 1 1 2 1 1 1 1 1 1 1 0 0 0 1 1 1 1 10 7 1 13 10 4 5 4 1 1 1 1 1 1 1 4 5 3 3 4 4 4 22 3 1 1 1 1 1 1 1 1 1 1 1 1 1 1 1 1 1 1 1 8 25 5 1 1 1 0 1 1 1 2 6 2 13 92 123 100 27 5 2 2 1 1 1 1 3 10 79 118 93 31 36 74 93 96 173 235 160 57 20 10 3 1 1 1 1 1 1 1 1 4 1 1 1 1 4 114 7 1 1 1 1 1 3 7 19 41 59 66 67 67 36 3 1 1 1 1 1 1 1 0 1 1 89 166 5 1 0 0 0 0 0 1 6 228 68 1 199 244 3 1 0 0 0 0 1 1 1 1 1 1 1 0 0 1 116 117 1 1 1 4 2 1 1 1 0 1 0
1 1 1 1 1 1 1 1 1 2 2 2 3 4 5 5 4 4 4 4 4 4 5 10 1 1 1 1 1 2 3 4 6 6 7 8 8 8 6 5 5 6 10 6 1 1 1 1 1 1 1 1 1 1 1 1 33 142 68 8 2 7 85 255 255 7 1 1 1 1 1 4 1 1 1 1 1 28 255 255 205 4 1 1 1 1 0 0 1 1 1 1 2 4 244 255 152 2 1 1 1 1 2 4 5 4 2 1 3 32 50 10 2 1 0 1 2 5 4 5 5 3 3 3 6 4 3 1 1 1 1 1 1 51 2 1 1 1 1 1 0 1 0 0 0 0 0 0 0 0 1 1 1 1 2 6 46 244 255 255 255 255 255 255 255 255 231 30 51 145 154 154 151 149 148 143 132 122 116 110 99 91 92 94 91 90 88 86 89 98 101 104 107 106 103 101 110 133 154 169 169 166 145 103 61 31 15 7 4 2 2 1 1 1 1 1 1 1 1 1 1 1 1 1 1 0 0 0 0 0 1 1 1 0 1 1 1 1 1 1 1 0 0 0 0 0 0 1 1 1 1 1 0 0 0 1 1 1 1 1 1 2 6 69 152 178 166 98 21 8 4 2 2 1 1 1 1 1 1 1 1 1 2 8 66 221 253 228 92 9 2 1 1 2 7 2 1 3 9 89 157 43 3 2 1 1 1 1 1 1 1 1 1 1 1 1 1 1 1 1 1 1 1 1 1 1 1 2 2 1 1 1 1 1 1 1 1 1 1 0 1 1 12 4 3 6 6 4 5 8 6 2 1 1 1 1 1 1 3 3 3 1 7 9 2 1 1 1 1 1 1 1 1 1 1 1 1 1 1 1 1 1 1 1 1 2 20 14 2 1 1 1 1 0 1 2 5 1 1 5 52 111 106 56 13 4 3 2 4 34 115 90 11 2 1 1 1 3 9 42 183 247 250 243 202 124 45 11 3 1 1 1 1 2 3 1 1 1 1 3 114 8 1 2 3 6 44 63 56 40 17 5 2 3 3 16 3 1 1 0 1 0 0 0 0 0 1 1 134 136 2 1 0 0 0 0 0 1 169 203 137 253 21 1 1 1 1 1 1 1 2 2 2 2 3 3 3 3 3 62 152 14 12 6 6 1 1 1 1 1 1 1
2 2 2 2 2 2 2 2 2 2 1 1 4 2 1 1 1 1 1 1 1 1 1 9 8 8 9 10 10 8 7 6 4 3 3 2 2 3 4 5 6 5 2 1 1 0 0 0 0 0 0 0 1 1 1 1 44 116 5 2 5 76 255 255 133 2 1 1 1 2 4 1 1 1 1 1 13 255 255 248 7 1 1 1 1 0 0 0 0 1 1 1 1 1 21 255 255 30 1 1 2 4 3 2 1 2 4 4 2 2 13 53 27 3 1 1 5 1 0 1 1 2 3 3 2 2 4 5 3 2 1 1 1 51 2 1 1 1 1 1 0 1 1 0 0 0 0 0 0 0 1 1 1 1 1 1 2 4 8 26 61 85 84 52 19 7 3 2 1 2 2 3 3 3 3 3 2 2 3 4 3 2 2 2 2 2 2 2 2 2 2 2 2 2 2 2 3 3 6 10 20 40 82 126 151 163 161 145 99 51 31 18 11 7 4 2 2 1 1 1 1 1 1 1 1 1 1 0 0 0 1 1 1 1 1 0 1 1 1 0 0 0 0 0 1 1 1 1 0 0 0 0 1 1 1 1 1 1 2 4 25 130 176 151 60 5 2 1 1 1 1 1 1 1 1 0 1 1 1 1 1 3 23 177 251 226 66 7 3 2 1 1 1 1 6 11 11 35 126 151 25 2 1 1 1 1 1 1 1 1 1 1 1 1 0 1 0 0 0 0 0 0 0 0 1 1 0 1 2 1 1 1 1 1 1 1 0 0 1 1 1 1 2 14 4 1 1 1 2 3 8 14 11 11 3 1 1 1 2 3 3 3 19 11 6 5 2 1 1 1 1 1 0 1 1 1 1 0 0 0 0 0 0 0 1 1 1 9 23 7 1 1 1 0 0 1 3 7 3 1 1 20 11 71 108 95 50 55 110 108 24 4 1 1 1 1 1 1 1 1 2 10 83 180 238 250 253 240 189 101 26 4 2 3 3 1 1 1 1 3 115 12 6 21 52 53 14 2 1 1 1 1 1 2 2 4 13 1 1 0 1 0 0 0 0 0 0 1 2 166 92 1 1 0 0 0 1 1 35 239 255 89 1 3 3 3 3 3 2 2 2 2 1 1 1 1 1 1 1 5 182 7 4 3 2 1 1 1 1 1 1 1
1 1 1 1 1 1 1 1 0 0 0 1 3 1 0 0 0 0 0 0 0 0 1 3 4 2 1 1 1 1 1 1 2 1 1 1 1 1 1 1 1 1 1 0 0 0 0 0 1 1 0 0 1 1 1 1 17 139 4 5 72 255 255 167 3 1 2 2 4 4 1 1 1 1 1 6 232 255 255 9 1 1 1 1 0 0 0 0 0 1 1 1 1 1 2 142 255 239 2 1 5 2 1 1 0 1 1 2 4 4 3 4 38 52 13 6 2 1 0 1 0 0 0 0 1 1 1 2 4 6 4 2 2 51 2 1 1 1 1 1 1 0 1 0 0 0 0 0 0 0 0 1 1 1 1 1 1 1 2 9 3 3 6 8 6 4 4 4 4 4 4 4 5 5 5 4 4 4 3 3 1 1 1 1 1 1 1 1 1 1 1 1 1 1 1 1 1 1 1 1 1 1 2 4 7 13 30 69 125 155 163 161 151 128 95 51 30 17 9 5 3 2 1 1 1 1 1 1 1 1 1 0 1 1 1 1 1 0 0 0 0 0 1 1 1 0 0 0 0 1 1 1 1 1 2 4 13 60 136 173 170 97 5 2 1 1 1 1 1 1 1 1 1 1 1 1 1 1 1 1 4 47 230 244 97 8 3 2 1 1 1 1 3 17 71 128 157 170 118 10 1 1 1 1 1 1 1 1 1 1 1 1 1 0 0 0 0 0 0 0 0 0 0 0 0 1 1 1 2 1 1 1 1 1 0 1 1 1 1 1 1 1 2 4 19 6 4 5 8 11 16 23 24 22 17 4 2 2 4 2 1 1 8 15 7 3 5 3 1 1 1 1 1 0 0 0 1 1 1 1 1 1 0 0 1 2 2 1 3 17 18 3 1 1 1 0 1 1 3 7 5 20 2 1 3 33 94 94 31 2 1 3 1 1 1 1 1 1 1 1 1 2 1 2 4 23 105 193 243 253 253 243 178 62 3 1 1 0 1 2 103 77 58 39 8 2 1 1 1 1 1 0 1 3 1 1 17 2 1 1 1 0 0 0 0 0 0 1 1 8 181 39 1 0 0 1 1 1 42 255 241 2 1 4 1 1 1 1 1 1 1 1 1 2 2 2 2 2 2 2 171 33 1 1 1 1 1 1 1 1 1 1
0 0 0 0 0 0 0 0 0 0 0 1 3 1 0 0 0 0 0 0 0 0 0 1 3 1 1 0 1 0 0 1 2 1 0 0 0 0 0 0 1 0 0 0 0 0 0 1 1 0 0 0 1 1 1 1 3 133 40 70 255 255 135 3 2 5 6 4 2 1 1 1 1 1 4 160 255 255 11 1 1 1 1 1 1 0 0 0 1 1 1 1 1 1 1 5 255 255 80 1 5 1 1 1 1 1 1 1 1 1 3 5 4 12 59 39 4 2 1 1 0 0 0 0 0 0 1 1 1 1 4 6 4 51 2 1 1 1 1 1 1 1 1 1 1 0 0 0 0 0 0 0 1 1 1 1 1 1 2 7 2 2 1 1 2 3 1 1 1 1 1 1 1 1 1 1 1 2 3 2 1 1 1 1 1 2 2 1 1 1 1 1 1 1 1 1 1 1 1 1 1 1 2 2 1 1 2 2 3 6 11 26 51 92 127 152 161 157 140 105 68 36 17 5 2 1 1 1 1 1 1 1 1 1 0 0 0 0 0 0 1 1 1 1 1 1 1 1 1 1 2 3 9 46 117 164 171 152 88 14 3 1 1 1 1 0 0 0 0 0 1 1 1 0 0 1 1 1 2 7 88 244 217 28 4 2 1 1 1 1 3 33 127 168 155 118 74 17 3 1 1 1 1 1 1 1 1 1 1 1 1 1 1 1 1 1 1 1 0 0 0 1 1 1 1 1 1 1 2 1 1 1 1 1 1 1 1 1 1 2 3 6 15 25 52 92 111 127 128 130 132 130 132 134 130 101 44 17 7 2 2 2 3 6 14 3 3 5 4 1 1 1 1 1 1 0 0 0 0 1 1 1 1 1 1 2 6 6 3 2 6 21 8 2 1 1 1 1 1 1 3 19 13 1 3 7 2 1 1 1 1 3 2 2 3 2 2 1 2 1 1 2 1 1 1 1 2 3 6 25 102 195 247 250 156 12 2 1 1 1 43 26 3 2 1 1 1 0 0 0 1 0 1 3 1 1 6 9 1 1 1 0 0 0 0 0 0 0 1 1 36 179 17 1 1 1 1 5 244 213 231 79 1 3 2 1 1 1 1 2 2 1 1 1 1 1 1 1 1 1 111 129 1 1 0 1 1 0 0 0 0 0
0 0 0 0 0 0 0 0 0 0 0 1 3 0 0 0 0 0 0 0 0 0 0 1 3 1 0 0 1 0 1 1 2 1 0 0 0 0 0 0 0 0 0 0 1 0 1 1 0 0 1 1 1 1 1 1 5 45 194 255 255 114 9 10 8 3 1 2 1 1 1 1 2 5 104 255 255 33 1 1 1 1 1 1 1 1 1 1 1 1 1 1 1 1 1 1 52 255 253 3 3 3 1 1 1 1 1 1 1 1 1 1 3 5 5 32 52 10 2 1 1 1 1 0 0 0 0 1 1 1 1 2 6 53 3 1 0 0 1 1 1 2 1 1 1 0 0 0 0 0 0 0 0 0 1 0 0 1 1 3 7 7 7 6 5 3 2 1 1 1 1 0 0 1 1 0 0 0 1 2 2 1 1 2 3 2 2 3 3 3 2 1 1 1 1 1 1 1 1 1 1 2 1 1 1 1 1 1 1 1 1 1 2 2 3 6 14 30 71 117 145 158 158 114 20 3 1 1 1 1 1 1 1 1 1 1 1 1 1 1 1 1 1 1 1 1 1 1 3 18 88 147 170 156 110 36 7 3 2 1 1 1 1 0 0 0 1 1 1 1 1 0 0 0 1 1 1 2 11 121 247 171 11 2 1 1 1 2 3 8 76 164 114 35 9 3 2 1 1 1 1 1 1 1 1 1 1 1 1 1 1 1 2 4 6 3 2 1 1 1 1 1 1 1 1 1 0 1 2 1 1 1 1 1 1 1 2 3 7 32 96 123 128 125 118 101 72 43 29 19 15 15 16 20 32 71 113 115 61 26 20 22 40 85 107 86 45 15 10 5 3 2 1 1 1 1 1 1 1 0 0 0 0 0 1 1 1 2 5 7 5 4 16 25 20 9 3 2 2 2 4 11 38 20 6 1 1 1 1 2 5 20 39 45 44 40 32 22 12 6 4 4 2 1 1 1 1 1 1 2 5 35 72 182 245 20 24 1 0 1 18 33 1 1 1 1 0 0 0 0 0 1 1 2 1 1 1 18 2 1 1 0 0 0 0 0 0 0 0 1 1 68 175 32 1 1 2 216 241 4 155 206 3 1 3 1 1 2 1 1 1 1 1 0 0 0 0 1 0 1 13 178 1 1 1 1 1 1 0 0 0 0
0 0 0 0 0 0 0 1 1 1 1 1 3 0 0 0 0 0 0 0 0 0 0 1 3 1 0 1 1 1 1 1 1 1 1 0 0 0 0 0 0 0 0 1 1 1 1 1 1 1 1 1 1 1 1 2 8 111 255 255 108 13 5 1 1 1 1 1 2 1 2 5 28 167 255 255 106 2 1 1 1 1 1 0 0 1 1 1 1 1 1 1 1 1 1 1 3 253 255 89 1 5 1 0 0 0 0 1 1 1 0 1 1 1 1 2 12 55 40 9 3 2 1 1 0 0 0 0 1 1 1 1 2 54 4 1 1 1 1 1 1 1 2 1 1 1 0 0 0 0 1 1 1 0 1 1 0 1 1 1 1 1 1 2 3 5 6 7 6 3 1 1 1 1 1 1 1 1 1 1 2 3 3 2 1 1 1 1 1 1 2 2 3 3 3 2 2 2 2 2 2 1 1 1 1 1 1 1 1 1 1 1 1 1 1 1 1 2 3 7 6 11 32 108 124 28 5 2 1 1 1 1 1 1 1 1 1 1 1 1 1 1 1 1 1 1 2 5 101 164 133 70 16 4 2 1 1 1 1 1 1 1 0 0 1 1 1 0 0 0 0 0 1 1 1 1 3 26 180 248 131 6 1 1 1 3 11 37 76 132 155 37 4 2 1 1 1 1 1 0 0 1 1 1 1 1 1 1 2 4 15 71 125 144 141 106 41 11 4 2 1 1 1 1 1 1 1 1 3 1 2 2 2 2 2 4 16 71 121 123 77 29 14 8 5 3 3 2 2 1 1 1 2 2 2 3 7 35 104 124 125 125 117 89 66 81 108 112 78 29 14 9 7 4 3 1 1 1 1 1 1 0 1 1 1 0 1 1 1 1 3 9 12 14 21 35 39 38 38 38 36 40 48 42 16 4 3 7 25 37 45 29 7 4 4 6 12 22 33 39 41 42 41 36 28 17 10 8 7 13 36 22 34 215 229 4 27 2 1 1 2 53 3 1 1 1 0 0 0 0 0 1 1 2 1 1 1 8 7 1 1 0 0 0 0 1 1 1 1 1 1 1 48 180 76 7 193 248 19 1 8 227 103 1 3 3 1 1 1 0 0 0 1 0 0 0 0 1 1 0 1 184 1 0 1 1 0 1 0 0 0 0
0 0 0 0 1 1 1 1 1 1 1 1 3 0 0 0 0 0 1 1 0 0 0 1 3 1 1 1 0 1 1 2 1 0 1 0 0 0 0 0 1 1 1 1 1 1 1 1 1 1 1 1 1 1 2 16 143 255 255 84 2 2 2 2 2 2 2 3 7 29 126 255 255 255 255 165 2 1 1 1 1 1 1 0 0 0 0 0 1 1 1 1 1 1 1 1 1 37 255 250 2 4 2 0 0 0 0 0 0 1 1 1 1 0 1 1 1 3 26 58 59 40 18 3 1 0 0 0 0 1 1 1 1 52 5 1 0 1 1 1 1 1 2 1 2 1 1 0 1 1 1 1 1 1 1 1 1 1 0 1 1 1 1 1 1 1 1 1 2 5 7 5 2 1 1 1 1 1 1 1 1 1 1 1 0 0 0 0 0 0 1 1 1 1 1 1 1 1 1 1 1 1 1 1 1 1 1 1 1 1 1 1 1 1 1 1 1 1 1 3 2 1 2 8 98 121 40 11 4 2 2 2 1 1 1 1 1 1 1 1 1 1 1 1 2 3 8 104 128 15 3 2 1 1 1 1 1 1 1 1 1 1 1 1 1 0 0 0 0 0 0 1 1 1 1 5 83 238 242 76 3 1 1 2 22 121 166 169 156 110 12 2 1 1 1 1 1 0 0 0 1 1 1 1 1 1 3 24 104 139 152 127 77 41 44 102 139 135 86 27 8 4 3 3 3 3 4 4 9 8 9 9 10 14 32 95 126 101 34 6 3 2 2 1 1 1 1 1 1 1 1 1 1 1 1 1 1 2 3 8 11 9 7 5 4 5 10 34 91 116 87 32 14 10 8 6 2 1 1 1 1 1 1 1 1 1 1 2 3 2 1 1 1 2 2 3 3 3 3 2 2 6 12 3 31 38 37 41 20 11 3 2 1 1 1 2 2 2 2 3 3 4 6 9 16 27 33 36 37 29 8 16 140 247 59 4 28 1 1 1 1 21 45 5 1 1 0 0 0 0 0 1 1 2 1 1 1 1 19 1 1 1 1 1 1 1 1 0 0 0 0 1 1 21 184 251 247 33 1 1 1 144 214 4 2 4 1 0 0 0 0 1 1 0 0 0 0 0 1 0 1 182 7 0 1 0 0 1 0 0 0 0
0 0 0 0 1 1 1 1 1 0 0 1 3 0 0 0 0 0 1 1 1 0 0 1 4 1 1 0 0 1 1 1 1 1 1 0 1 1 1 1 1 1 1 1 1 1 1 1 1 1 1 1 1 4 89 255 255 255 69 3 3 4 8 14 25 55 123 234 255 255 255 255 255 255 102 2 1 1 1 1 0 1 1 1 1 0 1 1 1 0 0 1 0 1 1 1 1 2 255 255 40 1 5 0 0 0 0 1 1 1 1 1 1 0 0 1 1 1 1 3 8 28 48 59 6 1 0 0 0 0 1 1 1 50 6 1 0 0 1 1 1 1 1 2 2 1 1 1 1 1 1 1 1 1 1 0 0 0 0 0 0 1 1 1 0 0 0 0 0 1 1 3 6 6 4 2 2 1 1 1 1 1 1 1 1 1 1 1 0 0 0 0 0 0 0 0 0 0 1 1 0 0 0 1 1 1 1 1 1 1 1 1 1 1 1 1 1 1 1 1 3 1 1 2 5 90 148 121 81 43 22 13 7 4 3 2 2 2 2 2 2 3 3 7 22 87 153 125 7 1 1 1 1 1 1 1 1 1 0 0 0 0 0 0 0 0 0 0 0 1 1 1 1 1 13 168 250 193 24 2 1 1 3 69 160 118 48 16 6 2 1 1 1 1 1 1 1 1 1 1 1 1 1 1 1 5 93 144 106 50 16 6 4 3 3 3 9 45 117 147 131 100 80 84 85 76 78 100 114 120 121 116 118 125 123 79 16 4 2 2 1 1 1 1 1 1 1 1 1 1 1 1 1 2 2 2 2 1 1 1 1 1 1 1 1 1 2 3 5 22 79 118 114 80 35 21 8 3 1 1 1 1 1 2 4 10 15 15 13 14 10 5 2 2 2 3 7 9 10 11 12 18 5 1 2 5 7 2 2 1 1 2 3 5 16 29 36 28 17 10 7 5 3 3 2 2 3 3 5 12 35 135 245 134 2 12 14 1 1 1 1 1 10 55 33 1 1 0 0 0 0 1 1 1 1 1 1 1 9 7 1 1 0 0 0 0 0 0 0 0 0 1 1 3 132 251 22 1 1 1 1 11 227 101 1 3 1 0 0 0 0 0 1 0 0 0 0 0 1 0 1 124 117 1 1 0 0 1 1 1 1 1
0 0 0 1 1 1 0 0 0 0 0 1 3 0 0 0 0 0 1 1 1 0 0 1 4 1 0 0 1 1 2 1 1 1 1 1 1 1 1 1 1 1 1 1 1 2 7 45 67 3 2 2 6 125 255 255 255 42 37 86 167 243 255 255 255 255 255 255 255 255 255 255 255 255 255 177 23 3 1 1 1 1 0 1 1 1 1 1 1 1 0 1 0 1 1 1 1 2 77 255 206 2 5 1 0 0 0 1 1 1 0 0 1 1 1 0 1 1 1 1 1 2 4 31 40 1 1 0 0 0 0 1 1 49 7 1 0 0 1 0 0 0 1 2 1 1 0 1 1 1 1 1 1 1 1 1 1 1 1 1 1 0 0 0 0 0 0 0 0 0 0 1 1 2 4 6 7 7 6 4 3 2 1 1 1 1 1 1 1 1 1 0 0 0 0 0 0 1 1 0 0 0 1 1 1 1 1 0 0 1 1 1 1 1 1 1 1 1 1 1 3 1 1 1 1 3 25 101 143 160 162 147 119 92 67 43 33 23 18 17 19 36 92 149 164 132 42 3 1 1 1 1 1 1 1 1 0 0 0 0 0 0 0 0 0 0 0 0 1 1 1 1 2 17 206 245 108 8 2 1 1 3 79 150 41 8 2 1 1 1 1 1 1 1 1 1 1 1 1 1 1 1 1 2 8 106 113 20 4 3 2 2 1 1 1 1 1 2 3 13 58 108 121 118 118 121 118 101 98 42 34 38 34 18 5 2 1 1 1 1 1 1 1 1 1 1 1 1 2 2 3 3 5 6 8 7 6 4 3 2 1 1 1 1 1 1 1 1 2 2 3 9 35 83 116 120 104 34 8 3 2 3 9 16 11 5 2 1 1 2 5 10 14 17 20 19 13 10 8 8 7 5 3 2 2 2 1 1 1 2 8 65 154 216 243 250 253 250 243 228 188 136 90 53 31 21 27 50 112 189 242 248 154 3 3 26 2 1 0 1 1 1 2 3 25 43 1 1 1 1 1 1 2 1 1 0 0 1 1 19 1 1 1 1 1 1 1 1 1 1 3 8 15 17 38 248 102 2 1 1 2 1 158 205 1 1 3 0 0 0 0 0 1 1 1 1 1 0 1 0 1 7 166 22 1 1 1 1 1 2 7 45
0 0 0 1 1 1 0 0 0 0 1 1 3 1 0 0 1 1 1 1 1 0 1 1 3 1 0 1 1 2 2 1 1 1 1 1 1 1 1 1 1 1 2 7 47 84 83 44 88 29 31 83 174 255 255 255 255 255 255 255 255 255 255 255 255 255 255 192 72 20 8 4 5 35 201 255 255 255 160 18 3 1 1 1 0 0 0 1 1 1 1 1 1 0 1 1 1 1 4 255 255 7 2 1 0 0 0 1 1 0 0 0 0 0 1 1 1 1 1 1 1 1 1 15 55 1 1 1 0 0 0 1 1 48 7 1 1 1 0 1 1 1 1 3 2 1 1 1 0 1 1 1 1 1 1 1 1 1 0 1 1 1 1 1 0 0 0 0 0 1 1 1 0 1 1 1 1 1 2 3 5 7 7 7 7 7 5 3 1 1 1 1 0 0 0 0 0 0 0 0 0 1 1 0 0 0 0 0 0 0 0 1 1 1 1 1 0 0 0 1 2 1 1 1 1 1 1 2 3 8 31 62 99 126 145 153 157 160 160 162 164 160 129 58 9 2 1 1 1 1 1 1 1 0 0 0 0 0 0 0 0 0 0 0 0 0 0 1 1 1 1 1 15 214 240 95 47 27 9 3 4 73 152 29 3 2 3 1 1 1 1 1 1 1 1 1 1 1 1 1 2 2 4 18 115 106 12 3 2 1 1 1 1 1 1 1 1 1 1 1 2 2 3 3 3 3 5 7 65 19 2 2 1 1 1 1 1 1 1 1 1 1 1 1 1 2 3 4 7 19 47 105 159 194 199 177 133 79 34 13 6 3 1 1 1 1 1 1 1 1 1 1 2 3 7 21 65 112 97 53 32 22 9 2 2 1 1 1 1 1 1 1 2 4 2 1 1 1 2 2 2 2 1 1 2 1 1 2 4 49 213 250 248 230 184 128 105 126 177 219 240 248 250 250 247 238 240 250 250 240 179 39 3 4 22 7 1 0 1 1 1 2 1 1 1 29 28 1 0 0 0 1 2 1 1 0 0 1 1 10 7 1 1 1 1 2 5 7 7 7 4 3 1 1 3 241 181 1 1 1 1 1 36 235 13 1 4 1 0 0 0 0 1 1 1 1 1 1 1 1 1 2 60 152 9 2 6 32 82 105 103 61
0 0 0 1 1 0 0 0 0 0 0 1 3 1 0 0 1 1 1 1 1 1 1 1 3 1 1 1 1 2 2 1 1 1 1 1 1 1 2 3 11 49 80 80 64 27 48 107 214 255 255 255 255 255 255 255 255 255 255 255 255 169 65 24 11 7 4 2 2 2 1 1 1 1 2 4 40 217 255 255 253 139 14 2 1 1 1 1 0 0 1 1 1 1 1 1 1 1 2 229 255 34 1 1 1 1 1 1 1 0 0 0 0 0 0 1 1 1 0 1 1 1 1 3 68 3 1 1 0 0 0 1 1 49 7 1 1 1 1 1 1 1 1 2 3 1 1 1 1 1 0 0 1 1 1 0 0 1 1 1 1 1 0 1 1 1 1 1 1 1 0 0 0 0 0 1 1 1 1 1 1 1 1 1 1 2 3 5 6 2 1 1 1 1 1 1 1 1 1 1 1 1 1 1 1 0 0 0 0 0 0 0 0 0 0 0 1 1 1 1 2 1 1 2 2 2 2 2 2 2 5 3 2 3 4 6 10 15 19 18 11 5 2 1 1 1 1 1 1 1 1 0 0 0 0 0 0 0 0 0 0 0 0 0 0 0 1 1 1 1 1 10 211 239 40 4 6 19 35 40 65 158 41 7 9 14 16 7 5 4 3 2 2 1 1 2 2 3 4 6 12 24 65 134 92 9 2 1 1 1 1 1 1 1 1 1 1 1 1 1 1 1 1 1 1 1 1 1 17 63 2 1 1 1 1 1 1 1 1 1 1 2 3 4 9 19 44 102 176 242 255 255 255 255 253 255 255 255 242 166 79 30 10 4 2 1 1 1 1 1 1 1 1 1 1 2 3 13 63 109 98 39 11 5 3 2 1 1 1 1 1 1 2 1 1 1 4 26 81 93 46 16 6 3 3 3 3 9 109 245 232 95 19 6 3 2 3 3 4 5 12 25 54 103 158 194 187 120 33 6 2 2 9 24 5 1 1 1 1 2 2 1 1 1 1 3 61 2 1 0 1 1 2 0 1 0 0 0 1 1 20 3 6 9 8 5 2 1 1 1 1 1 1 1 34 251 57 3 1 1 1 1 2 214 138 1 3 1 0 0 0 0 1 1 1 1 1 2 3 6 17 41 54 150 124 103 106 79 28 5 1 1
1 0 1 1 1 0 0 0 0 0 0 1 3 0 0 1 1 1 1 1 1 1 1 1 3 1 1 1 1 2 3 1 1 2 2 3 6 27 68 87 96 96 140 237 255 255 255 255 255 255 255 255 255 255 255 186 136 129 125 112 94 76 65 50 31 12 4 2 2 1 1 1 1 1 1 1 1 2 4 58 234 255 255 247 114 9 2 1 1 1 1 1 1 1 1 1 1 1 1 77 255 117 1 1 1 1 1 1 1 0 0 0 0 0 0 0 1 1 1 1 1 1 1 1 38 32 2 1 1 0 0 1 1 47 8 1 1 1 1 1 1 1 1 1 3 1 1 1 1 1 1 0 0 0 1 1 1 0 0 0 0 0 1 1 1 1 1 1 1 1 1 1 1 1 1 0 0 0 0 1 1 1 1 1 1 1 1 1 2 5 4 2 1 1 1 1 2 1 1 1 1 0 0 0 1 1 1 0 0 0 0 0 0 0 0 0 0 0 0 1 2 1 2 6 4 3 2 3 3 4 4 1 1 1 1 1 1 1 1 1 1 1 1 1 1 1 1 1 0 0 0 0 0 0 0 0 0 0 0 0 0 0 0 0 0 1 1 1 1 1 5 177 246 42 2 1 1 1 2 10 146 112 53 124 170 173 165 150 150 124 47 9 4 4 4 7 16 37 72 108 135 148 133 48 5 2 1 1 1 1 0 1 1 1 1 1 1 0 1 1 1 1 1 1 1 1 1 1 3 75 7 1 1 1 1 1 1 2 3 5 10 21 46 102 175 240 255 255 255 242 185 116 72 52 51 65 105 166 237 255 253 214 119 47 18 7 3 2 1 2 1 1 1 1 1 1 1 2 3 9 45 100 105 75 30 9 4 2 2 1 1 2 2 1 1 18 182 245 250 250 247 222 144 72 36 33 68 179 248 167 5 2 1 1 1 1 1 1 1 1 1 1 2 2 3 3 3 2 1 3 11 25 18 2 1 1 2 3 3 2 1 1 1 0 0 1 28 29 1 1 1 1 2 0 1 0 0 0 1 1 9 11 3 1 1 1 1 0 1 1 1 1 1 6 237 184 2 3 2 1 1 0 1 164 198 1 1 3 1 0 0 0 1 5 41 66 67 66 62 54 39 17 3 49 154 14 1 1 1 0 0 0
2 2 1 1 1 1 1 1 1 1 1 1 3 1 1 1 1 1 1 1 1 1 1 1 3 1 1 1 1 2 4 3 8 37 73 97 133 190 255 255 255 255 255 255 255 255 255 255 255 221 101 40 14 6 19 61 37 13 11 28 56 72 79 87 95 75 73 70 48 34 16 10 6 3 2 1 1 1 1 1 1 4 81 242 255 255 245 103 8 2 1 1 1 1 1 1 1 1 1 39 255 161 1 0 1 1 0 0 0 0 0 0 0 0 0 1 1 0 1 1 1 1 1 1 3 60 14 1 1 0 0 1 1 35 18 1 1 1 0 0 0 1 1 1 3 2 1 1 1 1 1 1 0 0 0 0 1 1 1 0 0 0 0 0 0 0 0 0 0 0 1 1 1 0 1 1 1 1 1 1 1 0 0 1 1 0 0 0 1 1 3 6 6 6 6 6 6 6 5 4 2 1 1 0 0 0 1 1 1 0 0 0 0 0 0 0 0 0 1 1 1 1 1 5 1 1 1 1 1 1 1 1 1 1 1 1 1 1 1 1 1 1 1 1 1 1 1 0 0 0 0 0 0 0 0 0 0 0 0 0 0 0 0 1 1 1 1 1 1 2 117 251 75 3 1 1 1 1 1 2 104 171 172 129 60 44 60 73 75 107 149 99 34 37 83 128 149 148 131 103 54 21 5 2 1 1 1 1 1 1 1 1 0 1 1 0 1 1 1 1 1 1 1 1 1 2 2 2 3 58 27 2 2 2 3 5 11 23 47 105 185 247 255 255 255 245 187 105 43 17 9 6 5 4 4 6 8 14 35 96 192 250 255 242 158 77 30 13 6 4 2 1 1 1 1 1 1 1 1 2 3 8 31 73 106 103 70 31 9 4 3 2 1 1 3 165 245 174 94 81 144 222 247 250 247 247 253 245 98 2 1 1 1 1 1 1 1 1 1 1 1 1 1 1 1 1 1 3 18 29 18 5 2 3 3 3 3 2 1 1 1 0 1 0 0 1 4 62 1 1 0 1 2 1 1 1 1 1 1 1 3 8 1 0 0 0 1 1 1 1 1 1 4 207 228 5 1 2 3 1 0 0 1 110 227 1 1 3 1 0 1 1 29 58 16 2 1 1 1 1 1 1 1 4 168 1 1 1 1 0 0 0
1 1 2 1 1 0 0 0 0 0 0 1 3 1 1 1 2 1 1 1 1 1 1 1 4 2 3 4 8 21 80 148 231 255 255 255 255 255 255 255 255 255 255 255 173 61 21 11 6 4 2 1 1 1 1 1 1 1 1 1 1 2 2 3 9 43 11 9 12 11 27 34 40 45 47 49 44 29 12 4 2 1 1 1 4 96 247 255 255 242 104 7 2 1 1 1 1 1 2 57 255 157 1 1 1 1 1 0 0 0 0 0 0 0 1 1 1 1 0 0 1 1 1 1 1 6 62 12 1 1 0 1 1 15 38 2 1 1 0 0 0 0 1 1 2 3 1 1 1 0 0 1 1 0 0 0 0 0 1 1 1 0 0 0 0 0 0 0 0 0 0 0 0 1 1 1 1 1 1 0 1 1 1 1 1 1 1 1 1 1 1 1 2 2 2 1 1 1 1 3 5 4 2 1 1 1 1 0 1 0 0 0 0 0 0 0 0 0 1 1 2 1 1 6 1 1 1 1 1 1 0 1 0 0 0 1 1 1 1 1 1 1 0 0 0 0 0 0 0 0 0 0 0 0 0 0 0 0 0 0 0 0 1 1 1 1 1 1 2 52 251 123 4 1 1 1 1 1 1 1 3 12 9 3 2 3 13 8 3 7 45 125 143 149 124 73 26 9 4 2 1 1 1 1 1 1 1 1 0 0 0 0 1 1 1 1 1 1 1 1 1 2 3 4 5 8 9 14 16 55 55 10 15 29 59 122 207 251 255 255 255 240 162 79 31 13 6 4 2 2 2 1 1 1 1 1 1 2 3 6 17 57 147 239 255 250 204 113 52 26 18 10 6 5 3 3 2 2 2 1 1 2 3 4 11 34 77 105 110 75 19 4 2 2 4 164 240 187 108 36 12 14 42 111 162 160 88 7 2 1 1 1 1 1 1 1 1 1 1 1 2 2 3 6 9 12 20 26 16 6 4 3 3 2 2 1 1 1 1 1 0 1 1 1 1 1 1 60 5 1 0 1 3 1 1 1 1 1 1 1 1 12 1 1 1 1 1 1 1 2 3 17 202 237 10 1 1 1 5 1 1 0 1 37 237 3 1 2 2 1 4 49 28 1 1 1 1 1 1 1 0 0 1 3 168 1 1 0 1 1 1 0
3 1 1 1 1 1 1 1 1 1 1 1 3 1 1 1 2 2 2 2 2 3 5 9 27 69 162 253 255 255 255 255 255 255 255 255 255 255 227 95 33 13 7 3 32 13 2 1 1 1 1 1 1 1 1 1 1 1 1 1 1 1 2 1 1 4 41 31 7 1 1 1 1 1 1 2 4 14 31 43 49 37 19 16 10 6 4 8 132 253 255 255 229 62 4 1 1 1 1 104 255 111 1 1 1 1 1 1 1 1 1 1 0 0 1 1 1 1 1 1 0 0 1 1 1 1 9 63 3 1 1 1 1 12 37 3 1 0 0 0 0 0 1 1 1 4 1 1 1 1 0 0 1 1 0 0 0 0 0 0 1 1 1 0 0 0 0 0 0 0 0 0 0 0 0 0 0 0 1 1 1 1 1 1 1 1 1 1 1 0 0 1 1 1 1 1 1 1 1 1 1 3 5 5 3 2 1 1 1 1 1 1 0 0 0 0 0 0 1 1 2 1 4 3 1 1 1 1 0 0 0 0 0 0 0 0 0 0 0 0 1 1 1 1 1 0 0 0 0 0 0 0 0 0 0 0 0 0 0 0 0 1 1 0 1 1 1 1 17 245 185 7 2 1 0 0 1 1 0 1 1 1 1 1 1 1 3 17 4 27 93 51 17 8 4 2 1 1 1 1 1 1 1 1 1 1 0 1 1 1 1 1 1 1 1 1 1 1 2 6 25 74 119 146 172 185 188 188 190 192 185 207 243 255 255 255 255 229 135 48 15 7 4 2 2 1 1 1 1 1 1 1 1 1 1 1 1 1 1 1 2 3 9 32 100 205 253 255 245 195 141 106 71 45 31 20 12 8 6 4 3 3 2 2 3 3 4 8 23 75 110 68 11 4 3 32 168 237 245 215 113 31 8 4 3 2 2 1 1 1 1 1 1 1 1 1 1 1 1 10 18 19 22 17 13 10 4 1 1 1 1 1 1 1 1 1 1 1 1 0 1 1 1 1 0 0 1 16 44 1 1 1 2 1 0 0 0 0 1 1 1 12 1 1 1 1 1 8 53 141 227 250 231 13 1 1 1 1 5 2 1 0 1 11 240 5 1 1 4 4 67 8 1 1 0 0 0 0 0 1 0 1 1 18 158 1 1 1 1 0 0 0
37 27 6 2 2 2 2 2 2 2 2 3 5 3 4 5 7 10 20 52 124 237 255 255 255 255 255 255 255 255 255 255 255 170 58 19 8 4 3 2 2 2 1 1 20 17 1 1 1 1 1 1 1 1 0 0 0 1 1 1 1 1 1 2 1 1 2 44 34 2 0 1 1 1 2 1 1 1 1 1 3 19 1 3 7 17 30 34 30 12 15 153 255 255 255 214 47 4 2 226 255 64 1 1 1 0 1 1 1 1 1 1 1 1 1 1 0 0 1 1 1 1 0 1 1 1 1 40 32 1 1 1 1 7 42 5 1 0 0 0 0 0 0 1 1 2 3 1 1 1 1 0 0 1 1 1 0 0 0 0 0 0 1 1 1 0 0 0 0 0 1 1 0 1 1 1 1 1 1 0 0 0 0 0 0 0 0 0 0 0 0 0 1 1 1 1 1 0 0 0 1 1 1 2 4 6 6 5 3 2 1 1 1 1 1 1 0 1 1 1 2 1 4 2 1 1 0 0 0 0 0 0 0 0 0 1 1 0 1 1 1 0 0 0 1 1 1 1 1 1 1 1 1 1 1 1 1 1 1 1 1 1 1 1 1 1 1 5 220 234 15 2 1 1 1 0 1 1 1 1 1 1 1 1 1 1 2 13 65 74 19 2 1 1 1 1 1 1 1 1 1 1 1 1 1 1 1 1 1 1 1 1 1 1 1 2 8 52 174 251 255 255 255 255 255 255 255 255 255 255 255 255 247 188 91 22 8 4 2 1 1 1 1 1 1 1 1 1 1 1 1 1 1 1 1 1 1 1 1 1 1 1 1 2 4 13 54 151 237 255 255 255 255 250 237 207 163 124 92 63 46 31 21 14 9 6 5 5 4 5 16 81 112 61 14 7 12 46 125 215 240 183 79 22 7 3 2 2 1 1 1 1 1 1 1 1 1 1 11 7 2 1 1 1 1 1 0 0 0 1 1 1 1 0 1 1 0 0 1 1 1 1 0 0 0 0 0 2 69 1 1 1 3 1 0 0 0 0 0 1 1 9 2 1 1 1 90 244 251 247 213 82 3 1 1 1 1 1 3 4 1 0 1 8 240 4 1 1 2 10 54 9 1 0 0 0 0 0 0 1 1 1 1 91 121 1 0 0 1 1 1 1
2 9 33 41 38 37 39 42 43 49 55 63 79 97 142 230 255 255 255 255 255 255 255 255 255 255 255 230 117 49 17 7 3 2 2 2 1 1 1 1 1 1 1 1 12 26 1 1 1 1 0 1 1 1 1 1 1 1 0 1 1 0 0 2 2 1 1 8 30 47 3 1 1 1 1 1 0 1 0 0 9 9 1 0 0 1 1 1 1 1 1 1 2 11 167 255 255 255 224 255 255 100 2 1 1 1 1 1 1 1 1 1 1 1 1 1 1 1 1 1 1 1 1 1 1 1 1 3 55 14 1 1 1 3 48 6 0 0 0 0 0 0 0 1 1 1 2 3 1 1 1 0 0 0 0 1 1 0 0 0 0 0 0 0 1 1 1 0 1 1 1 1 1 1 0 0 0 0 0 0 0 0 0 0 0 0 0 0 0 0 0 0 0 0 0 0 1 1 1 0 0 0 1 1 1 1 2 3 5 6 7 4 2 1 1 1 1 1 1 1 3 2 5 1 0 0 0 1 1 1 1 1 1 1 1 1 1 1 1 1 1 1 1 1 1 1 1 1 1 0 1 1 1 1 1 1 1 1 1 1 1 1 1 1 1 1 2 106 253 40 2 1 0 1 1 1 1 1 1 1 1 1 1 1 1 0 1 13 105 8 2 1 1 1 1 1 1 1 1 1 1 1 1 1 1 1 1 1 1 1 1 1 2 6 49 195 255 255 255 240 124 30 10 29 105 6 5 6 7 7 6 4 4 8 4 2 1 1 1 1 1 1 1 1 1 1 0 0 1 1 1 1 1 1 1 1 1 1 1 1 1 1 1 1 1 1 2 4 10 34 79 127 180 226 247 253 255 255 255 255 250 237 214 180 149 119 97 71 49 32 20 16 34 96 118 83 26 12 15 40 141 232 230 141 61 26 13 8 6 5 4 3 2 2 2 1 1 1 15 3 1 1 0 0 0 0 0 0 0 0 1 1 0 0 0 1 1 1 1 1 1 0 0 0 0 0 0 1 65 3 1 0 3 1 0 0 0 1 1 1 1 4 5 1 1 52 247 154 15 3 1 1 1 1 1 1 1 0 1 7 1 0 1 13 240 2 1 1 1 6 3 45 12 1 1 1 1 1 1 1 1 1 2 129 79 1 1 1 1 1 1 3
2 3 4 7 15 28 49 88 152 226 255 255 255 255 255 255 255 255 255 255 255 247 152 74 30 11 6 4 3 2 2 1 1 1 1 1 1 1 1 1 1 1 1 0 7 33 1 1 1 1 1 1 0 0 0 0 0 0 1 1 0 0 0 1 1 2 2 4 8 33 57 1 1 0 1 1 1 1 0 0 19 3 0 0 1 1 1 1 0 1 0 1 1 1 1 2 17 176 255 255 255 253 129 10 2 1 1 1 1 1 1 1 1 1 1 1 1 1 1 1 1 1 1 1 1 1 1 1 7 61 5 1 1 3 51 5 0 0 0 0 0 0 0 0 1 1 1 3 3 1 1 1 0 0 0 0 1 1 0 0 0 0 1 1 1 0 1 1 1 1 1 1 1 0 0 0 0 0 0 0 0 0 0 0 0 0 0 0 0 0 0 0 0 0 0 0 0 1 1 1 1 1 1 1 1 1 1 1 1 1 2 4 6 7 3 1 1 1 1 4 5 5 2 1 1 1 1 1 1 1 1 1 1 1 1 1 1 1 1 1 1 1 1 1 1 1 1 1 1 1 1 1 1 1 1 1 1 1 1 1 1 1 1 1 1 1 9 247 163 4 1 1 1 1 1 1 1 1 1 1 1 1 1 1 0 0 1 9 114 4 1 1 1 1 1 1 1 1 1 1 1 1 1 1 1 1 1 1 2 4 13 70 207 255 255 255 207 42 5 3 2 1 1 7 108 1 1 1 1 1 1 1 1 1 4 4 2 2 3 3 3 2 2 1 1 1 1 1 1 1 1 1 0 0 1 1 1 1 1 1 1 1 1 1 1 1 1 1 1 1 2 2 3 5 9 20 45 97 147 191 229 247 253 255 255 255 255 255 253 242 222 176 134 99 84 111 130 111 82 64 59 97 194 242 223 171 138 121 109 93 73 46 32 18 13 8 5 3 16 3 1 1 1 0 0 0 0 1 1 1 1 0 0 0 0 0 0 1 1 1 0 0 0 0 0 0 0 1 26 34 1 1 3 1 0 1 1 1 1 1 1 2 11 1 13 243 164 2 1 1 1 1 1 1 1 1 1 1 1 8 1 0 1 34 237 1 1 1 1 5 1 3 57 3 1 1 1 2 4 8 20 59 117 114 65 6 6 6 5 6 6 4
41 91 166 242 255 255 255 255 255 255 255 255 255 255 255 255 242 160 80 35 26 6 3 2 2 1 1 1 1 1 1 1 1 1 1 1 1 1 0 0 0 0 1 1 7 34 1 1 0 1 1 0 0 0 0 0 1 1 1 0 0 0 1 1 1 1 1 1 1 3 72 2 1 0 1 1 1 1 1 1 22 2 1 1 1 1 0 0 0 0 0 0 0 0 1 1 1 1 49 255 247 255 255 255 204 44 5 2 1 1 1 1 1 1 1 1 1 1 1 1 1 1 1 0 0 1 1 1 1 22 47 4 1 5 56 4 0 0 0 0 0 0 0 0 0 1 1 1 3 3 1 1 0 0 0 0 1 1 1 1 1 1 1 0 0 0 1 1 1 1 1 1 1 1 1 0 0 0 0 0 0 0 0 0 0 0 0 0 0 0 0 0 0 0 1 1 1 1 1 1 1 1 1 1 1 1 1 1 1 1 1 1 1 2 6 3 1 1 4 6 5 1 1 1 1 1 1 1 1 1 1 1 1 1 1 1 1 1 1 1 1 1 1 1 1 1 1 1 1 1 1 1 1 1 1 1 1 1 1 1 1 1 1 1 1 3 77 255 27 1 1 1 1 0 1 0 1 1 1 0 0 0 0 0 0 0 1 3 111 13 1 1 1 1 1 1 1 1 1 1 1 1 2 3 7 24 86 179 247 255 255 255 255 190 36 3 2 1 1 1 1 1 1 4 111 1 1 1 1 1 1 1 1 1 1 4 1 0 0 0 1 1 2 2 2 2 2 2 2 2 1 1 1 1 1 1 1 1 1 1 1 1 1 1 1 1 1 1 1 1 1 1 1 1 1 1 2 2 2 3 5 8 16 31 50 82 126 176 219 242 253 255 255 255 255 247 222 188 165 151 142 142 147 171 225 245 248 250 250 250 248 243 228 207 178 152 124 87 55 6 1 1 1 1 1 1 1 1 1 1 1 1 1 1 1 1 1 1 1 1 1 0 0 0 1 1 1 1 3 66 1 1 3 1 1 1 1 1 1 1 1 1 16 5 216 224 3 1 1 1 1 1 1 1 1 1 1 1 1 6 3 0 1 92 228 1 1 1 3 38 116 154 176 138 140 144 147 149 146 142 135 114 102 61 4 2 2 1 1 1 1 1
255 255 255 255 255 255 255 255 255 250 186 114 99 255 255 43 14 5 3 3 7 1 1 1 1 1 1 1 1 1 1 1 1 0 0 1 1 1 1 1 1 1 1 1 12 27 0 0 0 1 1 0 0 0 0 1 1 0 0 0 1 1 1 0 0 0 0 1 1 1 71 5 1 0 1 1 1 1 1 1 24 1 1 1 1 0 0 0 0 0 0 0 0 0 0 0 1 1 250 255 4 5 84 248 255 255 255 180 37 5 2 1 1 1 1 1 1 1 1 1 1 1 1 1 1 1 1 1 1 5 18 43 5 5 64 3 0 0 0 0 0 0 0 0 0 1 1 1 1 4 1 1 1 1 1 1 1 1 1 1 1 1 1 1 1 1 1 0 0 0 1 1 1 1 1 1 1 0 0 0 0 0 0 0 0 1 1 1 1 1 1 1 1 1 1 1 1 1 1 1 1 1 1 1 1 1 1 1 1 1 1 1 1 1 2 7 1 1 6 8 2 1 1 1 1 1 1 1 1 1 1 1 1 1 2 4 11 18 13 7 4 3 3 3 3 3 4 4 4 4 4 4 4 4 4 5 5 5 6 5 5 5 6 9 14 27 235 214 4 1 1 1 1 1 1 1 1 0 0 0 0 0 0 0 0 1 1 1 52 81 1 1 1 1 1 1 1 1 2 5 34 134 232 255 255 255 255 255 247 185 66 7 2 2 4 1 1 1 1 0 1 1 1 3 113 1 1 1 1 1 1 1 1 1 1 4 2 1 1 1 1 0 0 0 0 0 0 1 1 1 1 2 2 2 2 2 1 1 1 1 1 1 1 1 1 1 1 1 1 1 1 1 1 1 1 1 1 1 1 1 1 1 1 1 2 2 3 3 5 9 17 33 68 127 187 237 253 255 255 255 250 237 223 216 223 223 216 216 214 216 223 228 240 245 247 248 250 250 245 99 3 2 1 1 1 1 1 1 1 1 1 1 1 1 1 1 1 1 1 1 1 1 1 1 1 1 1 1 1 73 1 1 3 1 1 1 1 1 1 1 2 3 35 183 243 10 1 1 1 1 1 1 1 1 1 1 1 1 1 3 6 1 1 142 211 4 34 143 195 197 168 133 119 151 21 7 4 2 1 1 1 1 47 3 1 0 1 0 0 0 0 0
255 255 255 208 116 66 39 21 15 11 7 7 213 255 147 4 1 1 1 2 5 1 1 1 1 1 1 1 1 1 1 1 1 1 1 1 1 1 0 0 0 1 1 1 36 6 0 0 1 0 1 1 1 1 1 1 0 0 0 1 1 1 0 0 0 0 0 1 1 1 66 12 1 1 1 1 1 1 1 3 19 1 1 1 1 0 0 0 0 0 0 0 0 0 0 0 1 4 255 207 1 1 1 1 5 105 255 255 255 255 170 36 5 2 1 1 1 1 1 1 1 1 1 1 1 1 1 1 1 4 4 13 50 19 68 3 1 1 1 0 0 0 0 0 0 0 1 1 1 4 1 1 0 0 0 0 0 0 0 0 1 1 0 0 1 0 0 0 0 0 0 1 1 1 1 1 1 1 1 0 1 1 1 1 1 1 1 1 1 1 1 1 1 1 1 1 1 1 1 2 2 2 2 2 2 2 3 3 3 3 3 2 2 2 4 10 4 7 16 13 4 3 3 4 4 5 6 6 7 8 8 8 10 24 98 167 184 185 181 141 66 42 36 39 49 76 102 104 88 78 81 85 90 93 104 112 121 126 127 124 124 132 149 163 176 193 254 47 3 2 2 3 4 4 2 1 1 0 0 0 0 0 0 0 0 1 1 1 10 116 2 1 1 1 1 2 9 101 238 255 255 255 254 213 104 13 4 2 2 1 1 1 1 4 1 0 0 1 1 1 1 1 1 3 113 1 0 0 1 1 0 0 0 1 1 4 1 1 0 1 1 0 0 0 0 0 0 0 0 0 0 1 1 1 1 1 1 2 2 2 2 2 1 1 1 2 3 3 3 2 2 2 1 1 1 1 1 1 1 1 1 1 1 1 1 1 1 1 1 1 1 2 2 3 4 8 15 36 96 177 232 248 253 255 255 255 255 255 255 255 255 255 255 255 255 250 235 210 238 236 16 4 2 2 1 1 1 1 1 1 1 1 1 1 1 1 1 1 1 1 1 1 1 1 1 1 1 1 1 73 3 3 2 1 1 1 1 2 3 16 95 213 251 241 39 1 1 1 1 1 1 1 1 1 1 1 1 1 1 2 8 1 2 204 217 193 193 142 36 3 1 1 1 132 22 1 1 0 1 0 1 0 47 3 0 0 0 0 0 0 0 1
16 9 5 4 3 2 2 2 2 2 2 16 255 255 18 1 1 1 1 1 4 1 1 1 1 1 1 1 1 1 1 1 1 0 0 0 0 0 0 0 1 1 1 8 33 1 0 0 0 0 1 1 1 1 0 0 0 0 0 1 1 1 0 0 0 0 0 0 1 1 53 33 10 27 17 11 16 12 5 16 7 1 1 1 1 1 0 0 0 0 0 0 0 0 0 1 1 166 255 9 1 1 1 1 1 1 2 6 128 255 255 255 255 150 30 4 2 1 1 1 1 1 1 0 1 1 1 1 1 2 7 2 8 53 82 3 1 0 0 0 0 0 0 0 0 0 0 1 1 4 2 1 0 0 0 0 0 0 0 0 0 1 1 1 1 0 0 0 0 1 1 1 0 1 1 1 1 1 1 1 1 1 1 2 2 2 2 2 2 3 3 3 4 4 5 6 8 10 12 17 21 27 33 40 48 52 54 59 65 70 71 73 77 82 88 104 144 171 175 153 103 94 105 121 131 147 161 173 178 181 181 176 176 183 160 86 35 21 39 117 171 178 178 178 177 170 154 153 161 168 165 163 161 159 154 147 135 130 127 130 129 119 103 76 44 221 178 6 3 3 2 1 1 1 4 1 1 0 0 0 0 0 1 1 1 1 1 1 4 122 4 1 2 15 130 247 255 255 253 160 18 3 2 1 1 1 1 1 1 1 1 1 1 4 1 1 1 1 0 0 0 1 1 4 111 1 0 0 1 0 0 0 0 0 1 4 2 1 1 1 1 1 1 1 1 0 0 0 0 0 0 0 1 1 1 1 1 1 1 1 1 1 1 2 2 1 1 1 1 1 1 2 3 3 3 3 3 2 2 1 1 1 1 1 1 1 1 1 1 1 1 1 1 1 1 1 2 2 3 11 8 11 17 24 34 44 61 83 98 111 124 139 166 198 233 250 255 255 255 255 196 117 49 19 9 5 4 4 3 3 3 3 4 5 9 13 19 33 45 53 44 30 18 11 8 7 6 7 8 94 30 17 15 16 23 43 89 174 244 254 253 231 107 36 1 1 1 1 1 1 1 0 0 0 0 1 0 0 1 2 9 2 138 230 97 34 4 2 1 1 0 0 1 32 127 1 0 0 1 0 1 0 45 3 0 0 0 0 0 0 0 1
2 1 1 1 1 1 1 1 1 1 2 130 255 212 3 1 1 1 1 1 4 1 1 1 1 1 1 1 1 1 0 0 0 0 0 0 0 0 1 1 1 1 3 37 2 1 0 0 0 0 0 0 0 0 0 0 0 0 1 1 1 0 0 0 0 0 0 0 1 1 14 85 73 56 120 25 13 17 27 30 6 3 1 1 1 1 1 0 0 0 0 0 0 0 0 1 3 255 253 1 1 1 0 0 0 1 1 1 1 2 7 156 255 255 255 253 146 24 3 1 1 1 1 1 0 0 1 1 1 1 3 6 2 47 89 3 1 0 0 0 0 0 0 0 1 0 0 0 1 4 2 1 1 1 1 1 1 1 1 1 1 1 1 1 1 1 1 1 1 1 1 1 1 3 28 70 74 84 96 105 114 122 128 133 142 149 153 157 160 165 168 169 171 171 171 171 170 169 170 169 168 167 165 163 159 157 157 154 152 152 150 152 150 148 148 133 85 32 22 93 158 160 152 137 126 112 92 69 53 48 48 64 59 22 5 3 2 2 2 3 7 14 19 15 10 5 5 5 6 6 6 5 5 4 3 3 3 2 3 3 2 2 2 2 83 241 11 1 1 1 1 1 1 1 3 1 1 0 0 1 1 1 1 0 1 1 2 2 5 112 54 153 251 255 255 245 107 5 2 1 1 1 1 1 1 1 1 1 1 1 0 1 3 2 0 0 0 0 0 0 1 1 1 6 109 1 0 0 1 0 0 0 0 0 1 2 4 1 0 0 1 0 0 0 0 1 1 1 1 1 1 1 1 1 1 0 0 0 1 1 1 1 1 1 1 0 1 1 1 1 1 1 1 0 1 2 4 4 5 6 6 5 4 3 2 1 1 1 1 1 1 1 1 1 1 1 1 1 2 8 1 1 1 1 1 2 2 2 2 2 3 3 4 5 8 15 34 96 212 247 247 253 253 243 217 188 167 161 163 170 180 200 229 245 253 255 255 255 255 255 255 255 255 255 255 255 255 255 255 255 255 255 255 255 255 254 253 244 174 33 3 1 1 24 1 1 1 1 1 1 1 0 0 0 0 1 0 0 1 2 14 162 229 35 1 1 1 1 1 0 0 1 1 1 147 2 1 0 1 0 1 1 44 4 0 0 0 0 0 0 0 1
1 1 1 1 1 1 1 1 1 1 5 255 255 43 2 1 1 1 1 1 4 1 0 0 0 1 1 0 0 1 1 0 0 0 1 1 1 1 1 0 0 1 37 4 1 1 0 0 0 0 0 0 0 0 0 0 0 0 0 0 0 0 0 0 0 0 0 0 1 0 1 2 1 1 107 11 1 1 1 1 2 4 6 5 2 1 0 0 0 0 0 0 0 0 1 1 172 255 42 1 1 1 1 0 0 0 0 1 1 1 1 1 2 11 185 255 255 255 212 30 3 1 1 1 1 0 1 1 1 1 1 8 1 20 114 3 1 0 0 1 1 1 0 0 1 1 0 0 1 4 2 1 1 1 1 1 1 1 1 1 1 1 1 1 1 1 1 1 1 2 2 4 20 125 173 153 151 147 138 131 125 118 111 103 98 87 77 71 61 53 47 43 40 38 35 31 32 32 27 23 20 17 15 11 9 9 8 7 7 6 5 4 4 3 3 2 2 1 1 13 16 3 3 3 3 3 2 2 2 1 1 2 1 1 1 1 1 1 1 1 1 1 1 1 1 1 1 1 1 1 1 1 1 1 1 1 1 1 1 1 1 1 1 3 240 102 2 1 1 1 0 1 1 1 2 3 1 1 1 1 0 1 1 1 2 4 11 71 203 255 255 255 241 93 4 1 1 1 1 1 1 1 1 1 1 1 1 0 0 0 1 2 4 1 0 0 0 0 0 1 1 0 1 9 107 1 0 0 1 0 0 0 0 0 1 1 5 1 0 0 1 0 0 0 0 0 0 0 0 1 1 1 1 1 1 0 0 0 0 1 1 1 1 1 1 0 0 0 1 0 1 1 1 0 1 3 1 1 1 1 1 1 2 5 6 7 8 6 5 4 2 2 1 1 1 1 1 1 2 7 1 1 1 1 1 1 1 1 1 1 1 1 1 1 1 1 1 3 109 167 18 38 123 208 241 248 251 251 251 251 250 245 236 202 156 124 41 17 8 24 18 6 11 19 26 34 41 56 159 24 12 12 11 9 5 3 2 1 1 1 1 1 1 15 1 1 1 1 1 1 0 0 0 0 0 1 1 1 1 12 197 221 20 1 1 1 1 1 1 1 1 1 0 1 124 40 1 0 1 0 0 1 41 5 0 0 0 0 0 0 1 1
0 0 0 1 1 1 1 1 1 1 33 255 255 9 1 1 1 1 0 1 1 1 0 0 0 1 0 0 0 0 0 1 1 1 1 0 0 1 1 1 1 19 19 1 1 1 0 0 0 0 0 0 0 0 0 0 0 0 0 0 0 0 0 0 0 0 0 1 1 1 1 0 1 1 79 81 4 1 1 1 1 1 1 2 5 5 1 1 0 0 0 0 0 0 1 7 255 247 2 1 1 0 1 0 0 0 0 0 0 0 1 1 1 1 1 2 25 234 255 255 133 6 2 1 1 1 1 1 1 1 1 8 2 5 123 4 1 0 1 1 1 1 0 0 0 1 0 0 1 4 2 1 1 1 1 1 1 1 1 1 1 1 1 2 2 2 3 4 7 20 93 169 185 140 35 25 20 16 12 9 7 6 5 4 4 3 2 2 2 1 1 1 1 1 2 2 2 1 1 1 1 1 1 1 1 1 1 1 1 1 1 1 1 1 1 1 1 1 1 18 5 1 1 1 1 1 1 1 1 1 1 1 1 1 1 1 1 1 1 1 1 1 1 1 1 1 1 1 1 1 1 1 1 1 1 1 1 1 1 1 1 1 1 106 237 5 1 1 1 1 1 1 1 1 1 3 1 0 0 1 1 2 4 21 114 235 255 255 255 230 67 5 2 1 1 1 1 1 1 1 1 0 0 0 0 0 0 0 0 0 1 4 1 0 0 0 0 0 0 1 0 0 1 6 109 1 1 0 1 0 0 0 0 0 1 1 5 1 1 0 1 0 0 0 0 0 0 0 1 1 0 0 1 2 1 1 0 0 0 1 1 1 0 1 1 0 0 0 0 1 1 1 1 1 1 3 1 1 0 0 0 1 1 1 1 1 1 2 2 3 5 6 9 9 9 6 3 2 5 5 1 1 1 1 1 1 1 1 1 1 1 1 1 1 1 1 1 2 127 146 2 2 2 3 5 8 12 15 11 8 7 4 2 1 2 37 1 1 1 20 3 1 1 1 1 1 1 105 63 1 1 1 1 1 1 1 1 1 1 1 0 1 2 9 1 1 1 1 1 1 0 1 1 1 1 1 1 1 2 199 201 9 1 1 1 1 1 1 1 1 0 0 0 1 18 137 1 0 1 0 0 1 40 6 0 0 0 0 0 0 1 0
1 1 1 1 1 1 1 1 0 2 151 255 105 3 1 1 1 1 1 1 1 0 0 0 1 1 0 0 0 0 0 0 0 0 0 0 0 1 1 0 1 44 2 1 1 1 0 0 0 0 0 0 0 0 0 0 0 0 0 0 0 0 1 1 1 1 1 1 1 0 1 1 14 130 183 215 219 113 2 1 0 0 1 1 1 2 6 2 1 1 0 0 0 1 1 247 255 34 1 1 1 0 1 1 0 0 0 0 0 0 0 0 1 1 1 1 1 1 9 240 255 242 22 2 1 1 1 0 1 0 1 5 4 4 125 5 1 1 1 1 1 1 1 1 1 0 1 0 1 4 5 16 9 4 3 2 2 2 2 2 3 5 8 19 40 67 100 138 181 224 236 239 247 253 255 255 252 244 231 207 181 155 124 91 57 34 19 10 6 4 3 2 2 2 2 1 1 1 1 1 1 1 1 1 1 1 1 1 1 1 1 1 1 0 0 0 0 1 1 24 2 1 1 1 1 1 1 1 1 1 2 1 1 1 1 1 1 1 1 1 1 1 1 1 1 1 1 1 1 1 1 1 1 1 1 1 1 1 1 1 1 1 2 242 78 2 1 1 1 1 1 1 1 2 3 2 1 1 1 2 10 109 247 255 255 255 197 37 4 1 1 1 1 1 1 1 0 0 0 0 0 0 0 0 0 0 0 0 0 1 2 3 1 0 0 0 0 0 1 1 0 0 1 3 113 1 1 1 1 0 0 0 1 1 1 1 5 1 1 1 1 1 0 1 1 1 2 3 3 2 1 1 1 3 1 1 1 1 1 1 1 1 1 1 1 0 0 0 1 1 1 1 1 0 1 4 1 0 0 0 1 1 1 1 1 0 1 1 1 1 1 1 1 2 2 4 6 8 12 14 7 2 1 0 0 1 1 1 1 1 1 1 1 1 1 1 1 3 177 65 1 1 1 1 1 1 1 1 1 1 1 1 1 1 3 32 1 1 1 24 1 0 0 0 0 1 2 142 2 1 1 1 1 1 1 1 1 0 0 0 0 1 8 2 1 1 1 1 1 0 1 1 1 1 1 1 1 1 93 240 11 1 1 1 1 1 1 1 1 0 0 0 0 0 1 148 2 0 1 0 0 1 36 8 0 0 0 0 0 0 1 1
1 1 1 1 1 0 1 1 1 2 253 255 42 2 2 2 1 1 1 1 1 1 0 0 1 0 0 0 0 0 0 0 0 0 0 1 1 1 0 0 11 28 1 1 1 1 0 0 0 0 0 0 0 0 0 0 0 0 0 0 0 1 1 1 1 1 2 1 2 3 40 157 177 92 4 2 10 181 125 2 1 1 0 1 1 1 1 5 3 1 0 0 0 1 79 255 172 2 1 1 0 0 0 1 0 0 0 0 0 0 0 0 0 0 1 1 1 1 1 2 99 255 255 99 5 2 1 1 1 1 1 3 3 7 125 6 1 1 1 1 1 1 1 1 1 1 1 1 1 14 162 173 175 164 138 124 113 100 86 90 116 159 202 237 250 255 255 255 255 255 255 255 252 242 237 242 247 253 255 255 255 255 255 255 255 255 247 214 156 97 43 15 5 3 2 1 1 1 1 1 1 1 1 1 1 1 1 1 1 1 1 1 1 1 1 1 1 1 1 27 1 1 1 1 1 1 1 1 1 1 3 1 1 1 1 1 1 1 1 1 1 1 1 1 1 1 1 1 1 1 1 1 1 1 1 1 1 1 1 1 1 1 100 241 10 4 4 4 4 4 4 3 3 2 1 2 2 5 46 207 255 255 254 148 14 2 1 1 1 1 1 1 1 0 0 0 0 0 0 0 0 0 0 0 0 0 0 0 0 1 3 2 0 0 0 0 0 1 0 0 0 0 1 3 114 1 0 1 1 0 0 1 1 0 1 1 5 1 1 1 1 1 2 6 27 36 36 35 35 36 37 33 33 36 36 37 37 34 19 8 6 10 12 14 11 5 5 4 2 1 1 1 1 1 1 4 1 1 1 1 1 1 1 1 1 1 1 1 1 1 1 1 1 1 1 1 1 2 3 1 4 10 1 1 1 1 1 0 1 1 1 1 1 0 0 1 1 5 194 9 1 1 1 1 1 1 1 1 1 1 1 1 1 1 7 22 1 1 1 25 1 1 1 1 1 1 63 103 1 1 1 0 0 0 0 0 0 0 0 0 1 5 2 1 1 1 1 1 0 1 1 0 0 0 0 1 1 2 233 134 2 1 1 1 0 0 1 1 1 0 0 0 0 0 1 114 62 1 1 1 0 1 32 10 0 0 0 0 0 0 1 1
1 1 1 1 0 0 1 1 1 2 255 255 128 50 54 70 50 12 3 1 1 0 1 1 0 0 0 0 0 0 0 0 0 0 1 1 0 0 0 1 37 6 1 1 0 0 0 0 0 0 0 0 0 0 0 0 0 0 0 0 1 1 40 152 175 177 177 177 181 183 166 52 2 1 1 1 1 4 195 85 2 1 1 0 0 1 1 1 4 3 1 0 1 3 255 253 90 1 1 0 0 0 0 1 0 0 0 0 0 0 0 0 0 0 0 0 1 1 1 1 1 8 247 255 212 18 2 1 1 1 2 2 1 8 127 8 1 1 1 1 1 1 1 1 1 1 1 1 1 129 100 10 9 38 87 107 121 136 156 194 253 255 255 255 255 250 224 165 97 42 17 8 4 4 3 3 3 4 5 7 9 15 33 81 157 224 250 255 255 255 255 245 177 73 18 4 2 1 1 1 1 1 1 1 1 1 0 0 0 0 0 0 0 0 0 0 0 0 1 28 1 1 1 1 0 1 0 1 1 1 3 1 1 0 0 0 1 1 1 1 1 1 1 1 1 1 1 1 1 1 1 1 1 0 0 0 0 1 1 0 0 2 242 76 2 1 1 1 1 1 1 1 1 1 2 11 132 247 255 255 225 36 2 1 1 1 1 1 1 1 0 0 0 0 0 0 0 0 0 0 0 0 0 0 0 0 0 0 0 3 2 1 0 0 0 0 0 1 0 0 0 0 1 3 114 1 0 1 1 1 1 1 0 1 1 1 3 2 7 28 33 35 36 29 8 2 2 1 1 1 2 4 6 3 3 2 2 4 15 12 11 6 5 4 6 12 12 14 19 20 15 4 1 1 2 4 1 1 1 1 1 1 1 0 0 0 1 1 1 1 1 1 1 2 2 2 2 1 1 1 1 11 3 1 0 1 1 1 1 1 1 1 1 1 1 2 5 23 192 3 0 1 0 0 0 1 1 1 1 1 1 1 1 1 17 9 1 0 1 25 1 0 0 0 1 1 137 11 1 0 0 0 0 0 0 0 0 0 0 1 4 3 1 1 1 1 1 1 1 1 0 0 0 0 1 1 1 129 234 6 1 1 1 1 0 0 1 1 1 0 0 0 0 0 1 9 143 1 0 1 0 1 29 13 0 0 0 0 0 0 0 1
1 1 1 1 1 1 1 1 1 3 255 255 255 255 255 255 255 246 125 8 2 2 1 1 1 1 1 0 0 0 0 0 0 1 1 0 0 0 0 1 45 2 1 1 0 0 0 0 0 0 0 0 0 0 0 0 0 0 1 1 3 112 164 63 21 14 13 12 10 3 1 1 1 1 1 1 1 1 10 198 204 106 11 2 1 1 1 1 1 4 3 1 1 227 255 14 90 3 1 0 0 0 1 1 0 0 0 0 0 0 0 0 0 0 0 0 0 0 1 1 1 1 2 145 255 255 71 5 2 2 2 1 1 6 126 14 2 2 2 2 2 2 1 2 2 2 2 1 2 171 35 3 2 2 2 3 11 74 242 255 252 155 65 28 12 7 4 3 2 2 2 1 1 1 1 1 1 1 1 1 1 1 1 1 2 3 4 10 34 106 203 252 255 255 253 194 77 16 4 2 1 1 1 1 1 1 1 1 1 0 0 0 0 1 1 1 1 1 1 28 1 1 1 1 1 1 1 1 1 1 3 1 0 0 0 0 0 0 0 0 0 0 0 0 0 0 0 0 0 0 0 0 1 0 0 0 0 0 0 0 1 124 237 7 4 5 6 7 9 10 11 13 24 96 232 255 255 255 152 7 1 1 1 1 1 1 1 0 0 0 0 0 0 0 0 0 0 0 0 0 0 0 0 0 0 0 0 0 1 5 1 0 0 0 0 0 0 0 0 0 0 0 1 3 114 1 0 1 1 0 0 0 0 1 1 2 2 24 28 7 5 3 2 1 1 1 1 1 1 1 1 1 1 1 1 1 1 1 2 7 2 1 1 1 1 1 1 1 1 2 3 12 15 4 3 3 1 1 1 1 1 1 1 1 1 1 0 1 1 1 3 4 1 1 1 1 1 1 1 1 1 7 6 1 1 1 1 0 1 1 1 1 1 3 5 5 3 28 188 2 0 1 0 0 0 1 0 0 0 1 1 0 0 1 27 3 1 0 1 24 1 0 0 0 1 1 144 3 1 0 0 0 0 0 0 0 0 0 1 2 5 1 1 1 1 1 1 0 0 0 0 0 0 0 1 1 22 240 76 1 1 0 0 1 0 0 1 1 1 0 0 0 0 0 0 1 148 3 1 1 1 1 33 13 2 4 6 5 3 3 3 5
1 1 1 1 1 1 1 1 1 4 242 255 102 39 47 47 72 186 253 194 34 8 3 2 1 1 1 1 1 0 0 0 1 1 0 0 0 0 0 1 45 2 1 1 1 0 0 0 0 0 0 0 0 0 0 0 1 1 1 18 153 115 3 1 1 1 1 1 1 1 1 1 1 1 1 1 1 1 1 2 58 181 219 212 124 6 1 1 1 1 4 3 42 255 154 2 25 62 2 1 0 0 1 1 0 0 0 0 0 0 0 0 0 0 0 0 0 0 0 1 1 1 1 1 18 255 255 175 18 6 3 8 21 36 147 77 49 44 43 44 41 41 60 119 167 138 93 45 11 177 32 2 2 4 19 98 237 255 253 93 8 3 2 1 1 1 1 1 1 1 1 1 1 1 1 1 1 1 1 1 1 1 1 1 1 1 1 1 1 2 3 7 35 139 242 255 255 252 176 51 8 3 1 1 1 1 1 1 1 1 1 1 1 1 0 0 0 0 1 28 1 0 1 1 0 1 0 1 1 1 3 1 1 1 1 1 1 1 1 1 1 0 0 0 1 0 0 0 1 1 1 1 1 1 1 1 1 1 1 1 18 255 255 255 255 255 255 255 255 255 255 255 255 255 255 210 112 189 6 1 1 1 1 1 0 0 0 0 0 0 0 0 0 0 0 0 0 0 0 0 0 0 0 0 0 0 0 0 1 5 1 0 0 0 0 0 0 0 0 0 0 0 1 4 114 1 0 1 1 0 0 0 1 1 1 1 17 19 2 1 1 1 1 1 1 1 1 1 1 1 2 2 1 1 1 1 1 1 1 5 7 8 8 8 6 7 9 8 8 9 7 5 7 22 31 11 3 2 2 2 1 1 1 1 1 1 1 1 3 3 2 1 2 1 1 1 1 1 0 0 1 8 3 3 1 1 1 1 1 1 1 1 7 6 3 2 3 72 176 1 1 1 0 0 0 1 0 0 0 1 1 0 0 1 33 1 1 0 2 20 0 0 0 0 0 1 135 13 1 0 0 0 0 0 0 0 0 0 1 7 1 1 1 1 1 1 0 0 0 0 0 0 1 1 1 3 221 166 2 1 0 0 0 1 0 0 1 1 1 0 0 0 0 0 0 1 103 94 23 48 77 99 122 108 104 98 101 104 106 107 107 102
1 1 1 1 1 1 1 2 3 7 111 255 219 4 2 2 3 6 91 253 253 232 125 36 9 3 2 1 1 1 1 1 1 0 0 0 0 0 0 1 34 10 1 0 1 0 0 0 0 0 0 0 0 0 0 1 1 9 123 173 57 2 1 1 1 1 1 0 0 0 0 0 0 1 1 1 1 1 1 1 1 1 2 30 171 215 98 1 1 0 1 10 255 255 3 1 1 30 58 1 0 0 0 1 0 0 0 0 0 0 0 0 0 0 0 0 0 0 0 0 1 1 1 1 1 3 196 255 250 91 166 247 253 253 255 255 255 255 255 255 255 255 255 253 245 247 253 253 247 229 112 27 52 184 255 255 255 128 16 4 1 1 1 1 1 1 1 1 1 1 1 1 0 0 0 0 0 0 1 0 0 1 1 1 1 1 1 1 1 1 1 1 1 2 6 35 153 247 255 255 247 147 32 5 2 1 1 1 1 1 1 1 1 1 1 1 1 1 1 28 1 1 1 1 1 1 1 1 1 1 4 1 1 1 1 1 1 1 1 1 1 1 1 1 1 1 1 1 1 1 1 1 1 1 1 2 2 2 15 174 255 255 245 214 175 148 126 107 91 75 59 41 18 4 3 48 2 135 116 1 1 0 0 0 0 0 0 0 0 0 0 0 0 0 0 0 0 0 0 0 0 0 0 0 0 0 0 0 1 4 0 0 0 0 0 0 0 0 0 0 0 1 1 7 110 1 0 1 1 0 0 1 1 1 1 3 36 2 1 1 1 1 1 1 1 1 2 3 4 5 4 3 2 2 2 1 1 1 2 3 1 1 1 1 2 2 1 1 1 1 2 3 4 3 18 32 35 33 30 25 27 27 17 7 6 6 5 4 2 1 1 1 1 2 1 1 0 1 1 0 1 9 1 1 3 2 1 1 1 1 3 8 2 1 1 1 1 119 146 1 1 1 1 1 1 1 0 0 0 1 1 0 0 1 33 1 1 1 6 14 1 1 1 0 0 1 78 94 1 0 0 0 0 0 1 1 1 1 6 2 1 1 1 1 1 1 0 0 0 0 0 1 1 1 1 166 221 6 1 0 0 0 0 1 0 0 1 1 1 0 0 0 0 1 1 2 7 168 98 70 42 20 6 2 1 1 7 1 1 1 1 1
1 1 1 1 1 1 2 23 168 187 176 255 255 8 1 1 1 2 3 34 138 227 253 253 240 165 54 10 3 1 1 1 0 0 0 0 0 0 0 1 7 37 1 0 1 0 0 0 0 0 0 0 0 1 1 9 126 177 102 4 1 1 1 1 1 1 1 1 1 1 1 1 1 1 1 1 1 1 1 1 1 1 1 1 1 13 185 138 2 1 1 157 255 91 25 10 2 1 87 3 0 0 1 1 0 0 0 0 0 0 0 0 0 0 0 1 1 1 1 1 1 1 1 1 1 12 64 86 255 255 247 121 55 38 129 37 19 21 21 24 27 24 10 4 3 5 9 30 153 253 255 255 255 255 222 77 9 2 3 4 1 1 1 1 1 1 1 1 1 1 1 1 1 1 0 0 0 0 1 0 0 0 0 0 1 1 1 0 0 0 1 1 1 1 1 1 2 5 34 151 250 255 255 242 113 18 4 2 2 1 1 1 1 1 1 1 2 2 3 32 2 2 3 3 4 6 8 12 17 22 34 24 14 8 6 4 3 2 2 2 2 2 2 2 3 4 5 5 5 8 16 34 63 104 138 174 208 247 255 255 255 69 2 1 1 1 1 1 1 1 1 1 1 1 15 25 1 18 186 1 1 0 0 0 0 0 0 0 0 0 0 0 0 0 0 0 0 0 0 0 0 1 1 0 0 0 0 1 1 4 1 0 0 1 1 1 0 0 0 0 0 1 1 15 104 1 0 1 1 0 1 1 1 1 7 36 6 1 1 1 1 1 1 2 2 11 49 69 68 70 72 76 75 67 44 22 8 3 2 3 1 1 1 1 1 1 0 0 1 1 1 1 1 1 8 2 1 2 4 7 7 8 16 27 21 19 18 17 10 6 3 2 1 1 2 1 1 1 1 1 1 10 1 1 1 4 4 4 5 8 9 2 1 1 1 1 1 161 100 1 1 1 1 1 0 1 1 0 0 1 1 0 0 1 29 3 3 3 21 7 2 1 1 1 1 1 6 140 1 1 0 0 0 0 1 1 1 3 5 1 1 1 2 1 1 0 0 0 0 1 1 1 1 1 86 238 30 1 1 0 0 0 1 1 0 1 1 1 1 0 0 0 1 1 2 1 1 142 5 1 1 1 1 0 0 0 6 1 0 0 0 0
2 1 1 1 2 2 33 211 192 171 199 255 255 42 2 1 1 1 2 2 3 8 33 118 211 249 255 248 180 44 4 1 1 0 0 0 0 0 0 0 1 46 2 1 1 1 1 0 0 0 0 0 1 1 39 172 98 5 1 1 1 1 1 1 1 1 1 1 1 1 1 1 1 1 1 1 1 0 1 1 1 1 1 1 1 1 3 163 149 2 1 255 255 3 4 13 23 5 86 4 1 0 1 0 0 0 0 1 1 1 1 1 1 1 3 4 8 17 28 34 38 34 35 43 62 52 4 1 5 205 255 222 20 4 115 15 2 2 2 2 2 2 2 3 18 99 210 247 255 255 255 250 108 21 4 3 3 4 5 2 1 1 1 1 1 1 1 1 1 1 1 1 1 1 1 1 1 1 1 0 0 0 0 0 0 0 1 1 1 1 1 1 1 1 1 1 1 1 7 2 4 29 168 255 255 255 225 95 36 26 23 22 21 21 26 41 99 162 154 172 188 225 245 253 255 255 255 255 255 255 255 255 255 255 255 255 253 244 236 229 227 230 232 236 247 254 255 255 255 255 255 255 255 255 255 255 255 251 170 119 208 2 1 1 1 1 1 1 1 1 1 1 1 1 44 1 1 2 187 11 0 0 0 0 0 0 0 0 0 0 0 0 0 0 0 0 0 0 0 0 0 0 1 1 1 1 1 1 1 4 1 1 1 1 1 1 1 0 0 0 0 1 1 37 82 1 0 1 1 1 1 1 2 25 31 4 1 1 1 1 1 1 3 14 57 55 16 3 3 2 1 2 4 8 27 50 68 76 76 60 32 15 5 3 2 1 1 1 1 1 1 1 1 1 10 1 1 1 1 1 1 1 1 2 5 2 1 2 6 10 16 16 12 6 3 3 1 1 1 1 2 8 1 4 9 8 8 8 7 5 5 4 2 1 1 1 1 182 39 1 1 0 0 0 0 1 1 0 0 1 1 0 0 1 20 1 1 1 24 2 1 2 2 2 2 1 1 132 18 1 0 0 0 1 1 0 1 8 1 1 1 1 2 1 1 0 0 1 1 1 0 0 1 16 237 109 2 1 0 0 0 0 1 0 0 1 1 1 1 0 0 0 0 1 2 0 1 68 104 1 0 1 1 0 0 0 5 1 0 0 0 0
9 3 2 2 3 30 209 163 16 5 4 52 255 229 2 1 1 1 1 1 1 1 3 4 9 24 78 177 245 253 224 20 1 1 1 0 0 0 0 0 1 26 16 2 1 1 1 1 0 0 0 1 1 24 170 17 1 1 1 1 0 0 0 0 0 0 0 0 0 0 0 0 1 1 0 0 1 1 1 1 1 1 1 1 1 1 1 2 159 145 5 255 147 1 1 1 2 19 90 21 1 1 1 0 0 1 1 1 2 6 22 46 58 60 59 56 49 40 30 50 29 32 31 21 6 1 1 1 1 1 23 242 255 253 235 147 103 107 116 118 120 117 153 240 255 255 248 210 150 93 144 245 6 3 4 5 5 3 1 1 1 1 0 0 0 1 1 1 0 0 1 1 1 1 1 1 1 1 1 1 0 1 0 0 0 0 0 0 0 0 0 0 0 0 1 1 1 3 4 1 1 1 2 5 45 195 255 255 255 255 255 255 255 255 255 255 255 255 255 255 255 255 253 245 230 205 173 129 91 65 49 56 89 131 179 225 248 253 255 255 255 255 255 255 253 243 231 209 178 130 82 43 22 12 7 5 3 2 2 220 53 1 1 1 1 1 1 1 1 1 1 1 1 14 23 1 1 1 163 74 0 0 0 0 0 0 0 0 0 0 0 0 0 0 0 0 0 0 0 0 0 0 0 1 1 1 2 3 4 2 1 1 1 1 0 1 1 1 0 1 1 1 1 74 47 1 0 1 1 1 2 13 38 12 1 1 1 1 1 1 2 11 50 50 9 1 1 1 2 1 1 1 1 1 1 1 1 1 2 9 32 50 63 69 65 49 28 12 5 3 2 1 1 1 10 1 1 1 1 1 1 1 1 1 1 5 3 1 1 1 2 2 5 10 16 17 14 11 8 5 8 19 10 5 1 1 1 1 4 110 159 161 158 139 113 49 16 193 8 1 0 0 0 0 0 0 1 1 1 1 1 0 0 2 16 1 0 0 27 1 0 0 1 1 1 2 2 60 112 1 0 0 0 1 1 1 7 2 1 1 1 1 2 1 0 0 1 1 0 0 0 1 3 212 183 3 1 1 0 0 0 1 1 0 0 1 1 1 1 0 0 0 0 1 2 1 1 2 145 1 1 1 1 0 0 0 4 2 0 0 0 0
210 99 28 13 25 218 154 7 2 1 2 9 255 255 4 1 1 1 1 1 1 1 1 1 2 3 4 10 41 124 242 207 1 1 1 0 0 0 0 0 0 5 30 5 3 1 1 1 1 1 1 5 56 171 31 1 1 1 1 0 0 0 0 0 0 0 0 0 0 0 0 1 1 0 0 0 0 0 0 0 0 1 1 1 1 1 1 1 3 176 165 255 28 1 1 1 1 1 19 101 76 5 1 1 2 6 28 56 64 56 36 12 4 2 1 1 1 1 2 19 1 1 1 1 1 1 1 1 1 1 3 2 12 163 248 255 255 255 255 255 255 255 255 232 100 12 4 2 2 2 18 250 29 4 2 2 3 6 1 1 1 0 0 0 0 0 1 0 0 0 0 0 0 1 1 1 1 1 1 1 1 1 1 1 1 0 0 0 0 0 0 0 0 0 0 0 1 6 1 1 1 1 1 2 3 2 4 24 97 129 121 106 90 78 71 53 20 7 5 18 4 2 2 2 1 3 3 1 1 1 1 1 1 1 1 2 2 2 3 3 3 3 3 8 5 2 2 1 1 1 1 1 1 1 1 1 1 1 38 222 4 2 2 2 2 2 3 17 22 20 20 19 25 37 1 1 1 1 171 59 0 0 0 0 0 0 0 0 0 0 0 0 0 0 0 0 0 0 0 0 1 1 1 2 3 4 3 3 2 2 1 1 0 0 0 0 1 1 1 2 1 1 1 97 21 1 1 1 2 11 37 24 3 1 1 1 1 1 2 7 46 51 9 1 1 1 1 1 1 1 0 0 2 1 1 1 1 1 1 1 1 1 1 2 6 18 41 60 71 75 77 64 42 23 18 3 2 1 1 1 1 1 1 1 1 1 3 4 4 5 6 3 2 2 4 4 8 13 17 23 25 40 16 4 1 1 1 2 127 116 33 24 40 76 115 153 170 151 4 1 1 1 1 1 1 1 1 1 1 1 0 0 0 5 10 1 0 1 28 1 0 0 0 0 1 1 5 71 139 6 1 1 1 1 1 2 6 1 1 1 1 1 2 1 0 0 1 1 0 0 1 1 151 228 10 1 1 0 0 1 1 1 0 0 1 1 1 1 1 0 0 0 0 0 2 1 1 1 138 11 1 0 1 0 0 0 3 3 0 0 0 0
135 228 236 201 203 211 11 1 1 1 1 3 236 255 17 1 1 1 1 1 1 1 1 1 1 1 2 3 5 28 238 218 2 1 1 0 0 0 0 0 0 2 38 2 4 7 3 1 1 13 124 178 157 24 1 1 1 1 1 0 0 0 0 0 0 0 0 0 0 0 1 1 0 0 0 0 0 0 0 0 0 0 0 1 1 1 1 1 1 6 248 255 8 1 1 1 1 1 1 3 42 101 49 64 65 57 32 7 2 1 1 1 1 0 0 0 0 0 3 18 1 1 1 1 1 1 1 1 1 1 3 1 1 1 2 32 25 4 12 7 8 95 26 9 15 1 1 1 1 1 3 242 116 1 1 1 1 7 7 6 1 0 0 0 0 0 1 0 0 0 0 0 0 0 0 1 1 1 1 0 0 0 0 0 1 1 1 1 0 0 0 0 0 0 0 0 2 4 1 0 0 0 1 3 1 1 1 1 1 1 1 1 1 1 1 2 1 1 1 8 3 1 0 0 1 4 1 0 0 0 0 0 0 0 0 0 1 1 1 1 1 1 1 5 2 1 1 1 1 0 0 0 1 1 1 1 1 1 203 106 1 1 0 0 0 1 35 20 14 15 16 17 12 2 1 1 1 2 189 6 0 0 0 0 0 0 0 0 0 0 0 0 0 0 0 0 0 0 0 1 1 1 1 4 1 1 2 2 1 1 2 1 1 1 1 2 1 1 1 2 2 2 2 109 12 5 15 31 37 28 4 1 1 1 1 1 2 5 41 55 13 2 1 1 1 0 1 1 1 2 0 0 2 1 0 0 1 1 1 1 0 0 0 1 1 1 1 1 1 2 4 13 32 57 58 42 41 34 18 7 4 2 1 1 1 1 1 1 1 1 2 3 3 3 3 2 1 1 1 1 1 5 19 22 25 19 9 42 156 7 1 1 1 1 2 2 4 46 7 9 7 3 1 1 1 1 1 1 1 1 0 0 0 11 4 0 0 1 27 1 0 0 0 1 3 39 45 23 123 5 13 12 7 4 1 9 2 1 1 1 1 1 3 1 0 0 1 1 1 0 1 68 239 43 1 1 0 0 1 1 0 0 0 0 1 1 1 1 1 0 0 0 0 0 2 1 0 1 42 122 1 0 1 0 0 0 1 5 0 0 0 0
2 4 42 151 188 32 1 1 1 1 1 2 117 255 89 1 0 0 1 1 1 1 1 1 1 1 1 2 2 19 250 155 2 1 1 1 0 0 0 0 1 1 31 6 2 4 16 7 77 176 102 8 1 1 1 1 1 0 1 0 0 0 0 0 0 0 0 0 0 1 1 0 0 0 0 0 0 0 0 0 0 0 0 0 0 1 1 1 1 2 255 255 4 1 1 1 1 1 1 1 4 130 15 4 2 1 1 1 0 1 1 1 1 1 1 1 1 1 4 16 1 0 0 0 0 0 0 0 1 2 2 1 1 1 5 43 2 1 2 2 2 63 28 5 25 1 1 1 1 1 2 174 227 2 1 2 4 8 3 6 2 0 0 0 0 0 0 0 0 0 0 0 0 0 1 1 1 1 0 0 0 0 0 0 0 0 0 1 1 1 0 0 0 0 0 1 5 1 0 0 0 0 1 3 1 1 1 1 1 0 1 1 1 1 1 1 1 0 0 1 8 4 1 1 1 4 1 0 0 0 0 0 0 0 0 0 0 0 0 0 0 0 1 3 3 0 0 0 1 1 1 1 1 1 1 0 0 7 230 4 1 0 0 0 0 1 45 1 1 1 1 0 0 0 1 1 1 109 141 1 0 0 0 0 0 0 0 0 0 0 0 0 0 0 0 0 0 0 1 1 1 0 2 3 1 1 1 1 1 2 8 14 19 26 28 28 29 22 10 3 3 2 2 124 46 36 21 7 2 1 2 1 1 1 2 4 32 53 17 1 1 1 1 0 0 1 1 1 1 2 1 0 1 1 0 0 0 0 0 0 0 1 1 0 0 0 1 1 1 1 0 0 1 17 14 2 3 7 18 33 38 37 31 14 4 1 1 1 1 1 1 1 1 1 1 3 2 2 1 1 1 1 1 5 3 6 16 80 139 3 1 1 1 1 1 1 3 33 1 1 3 7 8 8 7 5 3 2 2 1 0 0 0 17 2 0 0 1 25 0 0 1 2 31 48 8 1 48 91 1 1 2 6 8 8 5 1 1 1 1 1 1 3 1 0 0 1 1 1 1 21 233 123 2 1 0 0 1 0 0 0 0 0 1 1 1 1 1 1 1 0 0 0 0 2 1 0 1 2 147 1 1 1 0 0 0 1 6 0 0 0 0
1 1 1 1 1 1 1 1 1 1 1 2 86 255 180 1 1 0 1 0 1 1 1 1 1 1 1 1 2 33 255 74 2 1 1 1 1 0 0 0 0 0 8 40 35 36 31 119 152 6 1 1 1 1 1 1 1 0 1 0 0 0 0 0 0 0 0 0 1 1 0 0 0 0 0 0 0 0 0 0 0 0 0 0 0 0 1 1 1 2 255 255 3 1 1 0 1 1 1 1 55 95 1 1 1 1 1 1 1 1 1 1 0 0 0 0 0 0 4 16 0 0 0 0 0 0 0 0 1 2 1 1 1 2 21 21 3 3 3 3 6 87 11 3 23 1 1 1 1 1 1 42 250 17 8 7 3 2 14 5 1 1 0 0 0 0 0 0 0 0 0 0 1 1 1 1 0 0 0 0 0 0 0 0 0 0 0 0 0 1 1 1 0 0 1 4 2 0 0 0 0 0 1 3 0 0 0 0 1 1 1 1 1 1 1 1 1 1 1 1 1 6 7 1 1 4 1 0 0 0 0 0 0 0 0 0 0 0 0 0 0 0 1 1 5 1 1 1 1 0 0 0 0 0 0 0 0 158 170 1 1 0 0 0 0 1 45 1 1 0 0 0 0 0 1 1 1 189 9 1 0 0 0 0 0 0 0 0 0 0 0 0 0 1 1 1 1 1 1 1 0 1 2 3 1 1 1 1 11 19 17 8 3 1 1 1 1 6 21 23 5 1 3 128 3 1 1 1 1 1 2 1 2 3 26 54 21 2 1 1 0 0 0 1 1 1 1 1 1 2 1 0 1 1 0 0 0 0 0 0 0 0 1 1 1 0 0 0 0 1 1 1 1 32 4 1 1 1 1 1 1 3 8 21 35 32 18 5 2 1 1 1 1 1 1 2 3 3 3 1 1 1 1 1 4 2 1 11 156 21 2 1 1 1 0 0 12 16 1 1 1 1 2 2 3 3 3 5 6 1 1 1 0 20 1 0 0 4 18 1 1 22 51 14 1 1 1 110 25 0 0 0 2 1 1 1 1 1 1 1 1 1 4 1 1 1 1 2 2 22 225 181 10 1 1 0 0 0 1 0 0 0 1 1 1 0 1 1 1 1 1 0 0 0 1 1 1 0 1 132 24 1 1 0 0 0 1 8 0 0 0 0
1 1 1 1 1 1 1 1 1 1 1 2 82 255 203 2 1 1 1 0 0 0 0 1 1 1 1 1 3 83 255 31 2 1 1 1 1 1 1 0 0 0 1 6 3 1 4 178 5 1 1 1 0 1 1 1 1 0 1 0 0 0 0 0 0 0 0 1 1 0 0 0 0 0 0 0 0 0 0 0 0 0 0 0 0 0 0 1 1 5 255 255 2 1 1 1 1 1 1 2 129 6 0 0 0 0 0 0 0 0 1 1 0 0 0 0 0 0 5 14 0 0 0 0 0 0 0 0 1 1 1 1 2 2 29 7 1 1 1 2 39 49 11 18 35 1 1 0 0 0 1 7 248 57 1 1 1 1 20 1 1 1 0 0 0 0 0 0 0 0 1 1 1 1 0 0 0 0 0 0 0 0 0 0 0 0 0 1 0 0 0 0 0 1 4 3 0 0 0 0 0 0 2 2 0 0 0 0 0 0 0 0 0 0 1 1 0 0 0 1 0 1 3 10 4 5 1 0 0 0 0 0 0 0 0 0 0 0 0 0 0 0 0 1 3 3 0 0 0 0 0 0 0 0 0 0 1 225 34 1 1 0 0 0 0 1 46 1 1 0 0 0 0 0 1 1 30 180 2 1 0 0 0 0 0 0 0 0 0 0 0 1 1 1 0 1 1 1 1 0 1 1 3 3 1 1 1 3 18 1 3 2 1 1 1 1 1 1 1 4 21 15 3 129 1 1 1 1 1 2 2 3 21 53 26 2 1 1 0 0 0 1 1 1 1 1 1 1 2 1 1 0 1 1 0 0 0 0 0 0 0 0 0 0 1 1 1 0 0 0 0 1 1 37 3 1 1 0 1 1 1 1 1 1 2 5 15 32 34 24 11 4 2 2 2 2 2 3 4 6 5 5 5 5 8 14 18 28 103 134 29 2 1 1 1 1 14 14 0 1 1 1 1 1 1 2 2 1 9 1 0 1 1 21 1 1 1 12 9 14 51 22 1 1 1 1 1 129 3 0 0 0 2 3 3 2 2 2 2 2 2 2 4 1 1 1 1 3 87 237 185 5 6 5 1 0 0 0 1 1 0 1 1 1 0 0 1 1 0 1 1 1 0 0 1 2 1 0 1 23 133 1 1 0 0 0 1 8 1 0 0 0
0 1 1 1 1 1 1 0 0 1 1 2 90 255 178 2 1 1 0 0 0 0 1 1 1 1 1 1 4 187 248 15 2 1 1 1 1 1 1 1 0 0 1 1 1 1 17 172 2 1 1 0 0 1 1 1 0 0 1 1 0 0 0 0 0 0 0 1 0 0 0 0 0 0 0 0 1 1 1 1 1 1 1 1 1 1 1 1 1 63 255 250 2 1 2 2 2 1 5 86 73 1 0 0 0 0 0 0 0 0 1 1 0 0 0 0 0 0 7 11 0 0 0 0 0 0 0 0 1 1 1 1 2 3 36 2 1 1 1 5 79 3 1 2 44 1 1 1 0 1 1 2 222 182 2 1 2 1 12 6 1 1 0 0 0 0 1 0 1 1 1 1 0 0 0 0 0 0 0 0 0 0 0 0 0 1 1 1 1 1 1 1 3 6 2 0 0 0 0 0 0 1 3 1 0 0 0 0 0 0 0 0 0 0 1 1 0 0 0 1 0 0 0 1 7 17 3 1 0 0 0 0 0 0 0 0 0 0 0 0 0 0 0 1 4 2 0 0 0 0 0 0 0 0 0 0 1 230 14 1 1 0 0 0 0 1 46 1 1 0 0 0 0 0 1 1 163 74 1 1 0 0 0 0 0 0 0 0 0 0 0 0 0 0 0 0 0 1 1 1 1 1 6 12 16 18 17 17 4 1 2 2 1 1 1 1 1 1 1 1 1 11 54 111 1 0 0 1 1 4 17 54 33 3 1 1 0 0 0 0 0 1 1 1 1 1 2 1 1 1 1 0 1 1 0 0 0 0 0 0 0 0 0 0 0 0 1 1 1 0 0 1 1 40 2 1 1 1 1 1 1 1 1 1 1 1 1 1 3 9 21 33 34 28 22 19 18 19 22 28 32 38 54 68 67 62 59 45 19 33 126 60 2 1 1 1 6 23 1 1 1 0 1 1 1 1 2 3 11 2 1 1 1 21 1 1 1 31 59 34 2 1 0 0 0 0 1 132 1 0 0 0 1 2 3 1 1 1 1 1 1 1 3 1 1 2 44 215 244 135 3 1 1 8 1 0 0 0 1 0 1 1 1 1 0 1 1 1 0 0 1 1 0 0 0 2 1 1 1 1 146 2 1 0 0 0 1 8 1 0 1 1
1 1 1 0 1 1 1 1 1 1 1 2 101 255 142 2 1 0 0 0 1 1 0 0 0 1 1 1 7 248 182 11 3 1 1 1 1 1 1 1 1 1 1 1 1 1 19 172 2 1 0 0 1 1 1 1 0 0 0 1 0 0 0 0 0 1 1 1 1 1 1 1 1 1 1 1 1 0 0 0 0 0 0 0 0 0 0 1 1 198 255 232 3 2 2 1 3 53 102 54 2 0 0 0 0 0 0 0 0 0 1 1 0 0 0 0 0 0 9 9 0 0 0 0 0 0 0 0 1 1 1 1 3 3 36 1 1 1 2 58 26 1 1 1 44 2 1 1 1 1 1 1 112 245 3 1 1 1 9 8 1 1 0 0 0 0 1 1 1 0 0 0 1 1 1 1 1 1 0 0 0 0 0 0 0 0 1 1 1 1 1 3 4 1 0 0 0 0 0 0 0 1 3 0 0 0 0 0 0 0 0 0 0 0 1 1 0 0 0 0 0 0 0 0 1 10 4 6 6 3 1 1 1 0 0 0 0 0 0 0 0 0 0 1 5 1 0 0 0 0 0 0 0 0 0 0 1 230 13 1 1 0 0 0 0 1 46 1 1 0 0 0 0 0 1 1 190 5 1 1 0 0 0 0 0 0 0 0 0 0 0 0 0 0 0 1 1 1 2 7 20 24 18 6 2 1 1 1 1 1 2 3 1 0 0 0 0 0 1 1 1 1 84 75 1 1 1 2 10 56 36 4 1 1 1 0 0 0 0 0 0 1 1 1 2 2 1 1 1 1 1 0 1 1 0 0 0 0 0 0 0 0 0 0 0 0 0 0 1 1 0 1 1 41 1 1 1 1 1 1 1 1 1 1 1 0 1 1 1 1 1 2 3 6 10 13 12 12 10 8 8 8 5 3 2 1 3 4 1 1 7 116 68 3 2 1 2 30 1 1 1 1 0 0 1 1 1 1 6 10 11 11 14 36 6 7 41 84 29 1 1 0 0 0 0 0 2 131 1 0 0 0 1 1 1 1 0 0 0 0 0 1 3 2 40 213 246 193 19 1 1 1 1 2 2 0 0 1 1 1 1 1 1 1 1 1 1 1 1 1 1 1 1 0 0 1 1 1 1 1 122 44 1 0 0 0 1 8 1 1 1 1
1 1 1 1 1 1 1 1 1 1 1 3 118 255 107 1 1 0 0 1 0 0 0 0 0 0 1 1 23 253 125 30 8 4 3 2 2 1 1 1 1 1 1 1 1 1 11 176 2 1 0 1 1 1 1 1 1 1 1 1 1 1 1 1 1 1 1 2 2 1 1 1 1 1 0 0 0 0 0 0 0 0 0 0 0 0 0 1 3 238 255 255 248 182 4 4 43 66 10 2 1 0 0 0 0 0 0 0 0 0 1 1 0 0 0 0 0 0 10 8 0 0 0 0 0 0 0 0 0 0 0 1 7 9 34 1 1 1 10 76 2 1 1 1 33 9 1 1 1 1 1 1 33 250 7 1 1 1 19 2 1 1 1 1 1 1 1 1 1 1 1 1 1 1 1 1 1 1 1 0 0 0 0 0 0 0 0 0 0 0 1 6 1 0 0 0 0 0 0 1 0 2 2 0 0 0 0 0 0 0 0 0 0 0 2 1 0 0 0 0 0 0 0 0 2 7 1 1 2 4 6 6 3 1 1 0 0 0 0 0 0 0 0 1 4 1 0 0 0 0 0 0 0 0 0 0 1 230 14 0 1 0 0 0 0 1 46 1 1 0 0 0 0 0 1 3 192 2 1 1 0 0 0 0 0 0 0 0 0 0 0 1 1 1 1 3 12 20 21 12 3 1 1 1 1 0 0 1 1 0 2 3 1 0 0 0 0 0 0 0 1 1 17 121 2 1 3 25 49 9 1 1 1 0 1 1 0 0 0 0 0 1 2 2 2 1 1 1 1 1 1 1 1 1 1 0 0 0 0 0 0 0 0 0 0 0 0 0 0 1 1 1 4 37 1 1 1 1 1 1 0 1 1 1 1 1 1 1 1 1 1 1 1 1 1 1 1 1 1 1 1 2 1 1 1 1 3 3 1 1 1 5 122 52 3 1 1 12 13 1 1 1 1 1 1 1 1 1 1 1 1 1 4 20 3 42 20 2 50 1 1 0 0 0 0 1 7 125 0 0 0 1 1 1 1 1 0 0 0 0 1 1 29 204 246 197 23 2 1 1 1 1 1 1 1 0 1 1 0 1 1 0 0 0 1 1 1 1 1 1 1 1 1 1 1 1 2 1 0 1 27 131 1 1 1 1 1 8 1 1 1 4
1 1 1 1 1 1 1 1 1 1 1 3 157 255 93 1 1 1 0 0 0 0 0 0 0 0 0 1 25 250 216 142 90 49 28 15 7 3 2 2 1 1 1 1 1 1 8 178 2 1 1 1 1 1 1 1 1 1 1 1 1 1 1 2 3 8 84 196 201 103 20 5 2 2 1 1 1 0 0 0 0 0 0 0 0 1 1 1 73 253 255 208 199 253 193 53 21 47 4 1 1 1 0 0 0 0 0 0 0 0 1 1 0 0 0 0 0 1 12 6 0 0 0 0 0 0 0 0 0 0 1 2 47 28 6 1 1 3 71 18 4 2 2 1 21 17 4 3 3 3 7 24 68 250 23 1 0 2 21 2 1 1 1 1 1 1 1 1 1 1 1 1 1 1 1 1 1 1 2 2 2 2 1 1 1 0 0 0 0 1 4 3 0 0 0 0 0 0 2 3 3 3 1 0 0 0 0 0 0 0 0 0 0 0 1 1 0 0 0 0 0 0 0 1 5 4 0 0 1 1 1 1 4 7 3 1 0 0 0 0 0 0 0 3 2 0 0 0 0 0 0 0 0 0 0 1 1 230 15 0 1 0 0 0 0 1 46 1 1 0 0 0 0 0 1 15 187 1 1 0 0 1 1 0 0 0 0 0 0 1 1 2 6 16 18 15 6 2 1 1 1 1 1 0 0 0 0 1 1 1 3 1 0 0 0 0 0 0 0 0 1 1 2 120 18 4 23 37 2 1 2 1 1 1 1 1 1 0 0 0 1 2 2 1 1 0 0 0 0 1 1 1 1 0 1 0 0 0 0 0 0 0 0 0 0 0 0 0 0 0 1 1 15 86 78 59 26 7 3 2 1 1 1 1 0 0 1 1 1 1 1 1 1 1 1 1 1 1 1 1 1 1 1 1 1 1 5 1 0 1 1 2 11 124 98 10 2 2 28 2 1 1 1 1 1 1 1 1 1 1 1 1 10 19 46 7 1 1 25 17 1 1 1 0 0 1 61 85 0 0 0 1 1 1 1 0 0 0 0 1 1 117 245 208 24 2 1 1 1 1 1 1 1 1 1 0 1 0 1 1 1 0 0 0 1 1 1 1 0 0 0 1 1 1 0 0 2 1 1 1 3 147 1 1 1 1 1 8 7 48 56 49
1 1 1 1 1 1 1 1 1 2 2 5 253 255 130 1 1 1 0 0 0 0 0 0 0 0 0 1 2 94 232 251 253 248 244 228 175 73 18 5 3 2 1 1 1 1 6 178 3 1 1 1 1 1 1 1 1 2 2 3 7 17 43 104 205 253 255 243 243 253 255 253 208 75 11 3 1 1 1 1 1 1 1 1 1 1 1 1 158 245 255 21 5 58 255 182 60 13 1 1 1 1 1 0 0 0 0 0 0 0 1 1 1 1 1 1 1 1 15 6 2 2 1 1 1 1 1 1 1 1 1 6 39 2 1 2 5 94 154 147 148 149 126 54 31 17 49 89 97 102 99 81 64 248 71 2 1 8 13 1 1 1 1 2 1 1 1 1 1 1 1 1 1 1 1 1 1 1 6 5 4 5 6 6 5 4 4 5 6 6 3 1 1 1 1 0 0 1 3 1 1 1 1 1 0 0 0 0 0 0 0 0 0 0 2 1 0 0 0 0 0 0 1 1 8 2 0 0 0 0 0 0 1 1 3 5 1 0 0 0 0 0 1 4 1 0 0 0 0 0 0 0 0 0 0 1 1 229 17 1 1 0 0 0 0 1 46 1 0 0 0 0 0 0 1 88 157 1 1 0 0 1 1 0 0 0 0 0 0 1 13 16 9 3 1 1 1 1 0 0 0 0 0 0 0 0 1 1 1 1 4 1 0 0 0 0 0 0 0 1 1 1 2 74 91 21 53 3 1 1 2 1 1 1 1 1 1 1 1 1 1 3 1 0 0 0 0 0 0 0 0 0 0 0 0 0 0 0 0 0 0 0 0 0 0 1 1 1 1 1 2 1 84 66 14 29 62 83 82 65 40 17 6 3 2 1 1 1 1 1 1 1 1 1 1 1 1 1 1 1 2 2 1 1 1 1 4 1 1 1 1 1 1 4 89 139 95 6 16 10 1 1 1 1 1 1 0 0 0 0 1 1 31 48 3 1 1 1 1 50 2 1 1 1 1 1 120 19 1 1 1 1 1 1 1 1 1 1 1 1 130 242 85 2 1 1 1 1 1 1 0 0 0 1 1 1 1 0 1 1 1 0 0 0 1 1 1 1 0 0 0 1 1 1 0 0 1 2 1 0 1 147 2 1 1 7 45 78 49 15 70 187
1 1 1 1 2 2 3 4 5 6 14 123 255 255 212 3 1 1 0 0 0 1 1 1 1 1 1 1 1 1 4 20 86 155 194 227 248 255 243 120 28 8 3 2 1 1 5 178 6 1 1 1 1 1 2 3 8 39 148 240 255 255 255 255 243 120 12 4 3 6 23 126 238 255 255 235 63 3 1 1 1 1 1 1 1 1 1 1 225 228 255 4 2 34 77 255 170 11 2 1 1 1 1 0 0 0 0 0 0 0 1 0 1 1 1 1 1 1 52 143 121 87 45 19 7 3 1 1 1 2 2 38 13 2 7 100 181 150 45 10 5 7 38 117 147 126 104 45 32 20 19 20 18 232 159 3 3 22 10 1 2 10 20 19 11 6 5 5 6 8 10 10 9 8 6 4 3 3 7 2 1 1 1 1 2 3 3 2 1 1 1 1 1 0 1 1 1 1 3 0 0 0 1 1 1 1 1 1 0 0 0 0 0 0 2 1 1 0 0 0 1 1 1 4 11 1 0 0 0 0 0 0 0 0 1 3 7 2 1 0 0 0 1 4 1 0 0 0 0 0 0 0 0 0 0 1 1 229 17 1 1 0 0 0 0 1 46 1 0 0 0 0 0 0 1 152 96 1 1 0 0 1 1 0 0 0 0 0 0 9 6 1 1 1 1 1 1 1 1 0 0 0 0 0 0 1 1 1 1 1 4 1 0 0 0 0 0 0 1 1 0 1 1 13 124 58 21 2 1 1 1 2 1 1 1 1 1 1 2 2 2 4 1 1 0 0 0 0 0 0 0 0 0 0 0 0 0 1 1 1 1 1 1 1 1 1 1 2 80 149 164 164 164 9 1 1 2 2 7 22 47 71 80 73 50 30 17 10 5 4 3 2 1 2 1 1 1 1 1 1 2 3 3 2 1 2 3 1 1 1 1 1 1 1 1 8 92 131 19 28 1 1 1 1 1 1 1 0 0 0 1 30 48 2 1 1 1 1 12 136 193 187 143 52 7 2 135 3 1 1 1 1 1 1 1 1 1 1 1 73 244 52 1 1 1 1 1 1 1 0 0 0 1 1 1 1 1 1 1 1 1 0 0 0 1 1 1 0 0 1 1 0 1 1 0 0 1 2 1 1 1 140 37 56 80 70 42 106 196 224 216 145
128 132 143 166 188 205 209 212 213 216 215 173 117 255 213 5 4 3 1 1 1 1 1 1 0 1 1 1 1 1 1 1 1 2 4 8 15 63 207 253 248 179 66 19 8 5 7 172 27 2 2 2 4 8 34 160 248 255 251 208 101 29 10 5 3 2 1 1 2 2 2 2 3 8 56 216 255 243 44 2 1 1 1 1 1 1 1 2 253 230 255 2 2 60 66 175 255 120 5 2 1 1 1 1 0 0 0 0 0 0 1 1 1 1 1 0 1 2 170 77 94 127 152 166 170 141 36 57 143 145 119 98 50 107 183 158 57 38 21 8 3 2 1 2 23 48 19 3 4 5 4 4 7 159 245 138 164 183 58 22 208 250 253 250 215 122 123 173 183 190 191 184 179 171 153 116 85 59 36 13 7 4 2 1 1 1 1 1 1 1 1 1 1 0 0 1 1 1 3 0 0 0 0 0 0 1 1 1 1 1 0 0 0 1 1 2 2 1 1 1 5 8 8 4 1 0 0 0 0 0 0 0 0 0 1 3 7 2 3 1 1 1 3 2 0 0 0 0 0 0 0 0 0 0 1 1 1 228 19 1 1 0 0 0 0 1 46 1 0 0 0 0 0 0 1 175 47 1 1 0 0 1 1 0 0 0 0 0 0 15 2 1 1 1 1 1 0 0 1 0 0 0 0 0 0 1 1 1 1 1 4 1 0 0 0 0 0 1 1 0 0 2 1 3 123 83 3 5 1 1 1 2 2 1 1 1 1 1 1 1 1 4 1 1 1 0 0 0 0 0 0 0 0 0 1 1 1 1 1 1 1 1 1 1 1 1 2 101 159 76 43 49 164 12 1 1 1 1 1 1 2 3 5 14 35 56 68 77 77 57 50 49 39 27 29 28 26 27 32 37 44 50 54 49 20 7 2 1 1 1 1 0 1 1 1 1 2 54 134 31 1 1 1 0 1 1 0 0 1 3 51 31 1 1 1 1 7 181 237 219 187 191 220 239 243 240 239 143 35 4 1 2 1 2 2 3 3 2 6 238 138 1 1 1 1 1 0 1 1 1 0 1 1 1 1 0 0 0 1 1 1 1 1 1 1 1 1 1 1 1 1 1 1 1 1 1 1 1 2 3 5 105 155 39 124 204 224 206 127 23 3 1
150 147 139 111 65 27 13 10 10 12 14 15 92 255 206 3 1 2 3 3 3 2 1 1 1 1 1 1 1 1 1 1 1 1 1 1 2 3 6 35 169 248 255 248 179 74 51 179 125 21 14 28 101 235 255 248 160 26 5 2 1 1 1 1 1 1 1 1 1 1 1 1 1 1 2 3 18 195 255 189 8 1 1 1 1 1 1 36 253 255 255 2 9 111 87 13 136 255 84 4 1 1 1 1 1 0 0 0 0 1 1 1 1 1 1 1 1 9 175 7 2 2 3 4 8 63 156 170 104 104 158 172 177 149 39 5 2 3 14 29 36 33 28 28 36 84 68 17 9 12 30 64 92 179 255 101 17 99 177 248 237 146 102 152 230 252 242 189 177 165 163 175 183 189 206 221 228 230 225 204 154 102 64 41 25 14 7 3 2 1 1 1 1 1 1 2 3 3 1 1 1 0 0 0 0 1 1 0 1 1 1 1 1 1 1 0 1 2 4 8 3 1 1 1 0 0 0 0 0 0 0 0 0 0 1 8 3 1 1 3 4 3 3 1 0 0 0 0 0 0 0 0 0 0 1 1 1 228 19 1 1 0 0 0 0 5 36 1 0 0 0 0 0 0 1 181 30 1 1 0 1 1 0 0 0 0 0 0 0 11 4 1 1 1 1 1 1 0 0 0 0 0 0 0 0 0 0 0 0 0 4 1 1 1 1 1 0 1 1 0 1 1 1 4 121 85 1 5 3 1 1 1 2 2 1 1 1 1 0 1 1 4 1 1 1 0 0 0 0 0 0 0 1 1 1 2 6 56 110 30 4 3 3 3 3 2 15 170 15 2 1 4 153 10 1 1 1 1 1 1 1 1 1 1 1 2 3 4 9 22 6 8 18 29 25 27 29 28 25 20 14 9 7 16 45 45 35 31 17 3 1 1 1 1 1 1 2 25 156 15 2 1 1 1 1 1 1 1 16 62 10 1 1 1 1 27 217 181 13 1 1 1 1 2 6 56 188 240 248 248 211 88 21 84 208 242 245 233 211 242 3 1 1 1 1 1 1 1 1 1 1 1 1 1 1 0 0 1 1 1 1 1 1 1 2 2 2 1 1 1 1 1 1 1 1 1 2 3 7 28 108 198 243 224 199 106 13 2 1 1 1 1
2 2 3 2 2 4 51 216 255 255 255 255 255 255 149 3 2 2 2 2 2 2 2 2 2 1 1 1 1 1 1 1 1 1 1 1 1 1 2 2 3 10 57 179 248 255 255 255 255 253 248 255 253 215 50 5 2 1 1 1 1 1 1 1 1 1 1 1 1 1 1 1 1 1 1 1 2 3 42 243 250 77 2 1 1 1 1 216 221 255 243 9 117 100 5 1 4 177 255 52 3 1 1 1 1 0 0 0 0 0 0 0 1 1 0 1 1 78 141 2 1 1 1 1 1 2 20 59 4 3 20 9 5 4 1 1 1 1 1 1 2 6 9 9 7 31 64 102 106 102 78 44 21 165 227 177 4 140 252 173 22 6 5 31 63 105 211 11 4 4 5 4 4 6 7 12 20 39 82 141 196 223 229 230 227 216 196 154 81 26 9 4 2 1 2 2 1 1 1 1 1 1 1 1 0 1 1 0 0 1 1 1 1 0 0 0 0 0 2 8 1 1 1 0 0 0 0 0 0 0 0 0 0 0 1 12 1 0 1 1 1 1 1 0 0 0 0 0 0 0 0 0 0 1 1 0 1 228 21 1 1 0 0 0 1 36 5 1 0 0 0 0 0 0 1 181 25 1 1 1 1 0 0 0 0 0 0 0 0 5 10 1 1 1 1 1 1 0 0 0 0 0 0 0 0 0 0 0 0 0 4 1 0 0 1 1 0 1 0 0 1 1 1 9 140 43 1 2 5 3 1 1 2 2 1 1 0 0 0 1 1 4 1 0 0 0 0 0 0 0 1 1 1 6 67 147 175 158 127 162 153 155 162 168 155 114 147 104 2 1 1 6 155 4 1 1 1 1 0 0 0 1 1 1 1 1 1 1 2 18 2 1 1 1 1 1 1 1 1 1 1 1 1 3 14 10 2 3 16 34 2 1 1 1 1 3 52 137 94 3 1 1 1 1 1 1 2 47 46 2 1 1 1 1 39 219 120 1 1 1 1 1 1 1 1 1 27 4 6 75 209 248 249 246 208 125 113 163 251 237 1 1 1 1 1 1 1 1 2 1 2 2 2 2 1 1 2 3 6 21 25 22 36 81 115 122 107 61 31 15 9 13 29 51 124 178 215 235 245 247 243 218 105 8 1 1 1 1 1 1 0 1
1 1 1 1 2 222 255 255 255 255 255 255 255 255 9 1 1 1 1 1 1 1 1 1 1 2 2 2 2 2 2 2 1 1 1 1 1 1 1 1 1 2 2 3 7 36 83 27 22 124 164 75 10 2 1 1 1 1 1 1 1 1 1 1 1 1 1 1 1 1 1 1 1 1 1 1 1 1 2 5 140 253 216 12 2 2 3 253 238 255 187 144 92 3 1 1 1 5 213 253 26 2 1 1 1 1 0 0 0 0 0 0 0 1 0 0 1 142 76 1 1 1 1 0 1 1 18 59 2 1 12 11 3 1 1 1 1 0 0 1 1 1 1 1 1 4 5 8 10 14 13 4 6 144 132 245 105 228 60 6 3 2 3 49 10 59 209 4 1 1 1 1 1 1 1 1 1 2 3 4 7 13 24 44 76 114 156 200 228 232 209 147 80 44 23 5 2 1 1 1 2 1 1 1 1 1 1 0 0 0 0 0 0 0 0 0 0 0 1 3 5 1 1 0 0 0 0 0 0 0 0 0 0 0 1 12 1 0 0 0 0 1 0 0 0 0 0 0 0 0 0 0 0 1 0 0 1 228 23 1 1 0 0 1 21 15 1 2 1 0 0 0 0 0 1 181 24 1 1 1 1 1 0 0 0 0 0 0 0 1 17 1 1 1 1 1 1 0 0 0 0 0 0 0 0 0 0 0 0 0 4 3 2 1 1 1 0 1 0 0 1 1 1 24 153 7 1 1 4 5 3 2 4 3 2 1 1 0 1 1 3 2 1 0 0 0 0 0 1 1 1 4 98 170 153 78 13 4 3 10 64 63 44 29 62 125 71 2 1 1 1 17 148 3 1 1 1 1 1 1 0 0 0 1 1 1 1 1 1 16 3 1 1 1 1 1 1 1 1 0 0 0 1 2 19 5 1 1 1 25 36 28 16 8 4 117 136 51 8 1 1 0 1 1 1 1 49 22 1 1 1 1 1 43 221 104 1 1 1 1 1 1 0 1 1 1 12 28 153 222 219 159 62 14 3 2 2 2 231 248 5 5 9 16 30 51 66 101 136 180 218 218 212 201 201 206 216 225 230 234 231 230 232 233 230 231 234 240 241 239 235 236 237 243 233 212 183 143 66 8 1 1 1 1 1 1 1 1 1 1 1 1
4 3 3 3 15 255 255 45 19 22 32 54 39 5 1 0 0 0 0 0 0 0 0 0 0 1 1 1 1 1 1 1 2 2 2 2 2 2 1 1 1 1 1 1 1 1 1 1 1 2 1 1 1 1 1 1 1 1 1 1 0 1 1 1 1 1 0 0 0 1 1 1 1 1 1 1 1 1 1 1 2 21 230 253 147 15 37 255 255 255 149 59 2 1 1 1 1 1 9 243 243 11 2 1 1 1 1 0 0 0 0 0 0 1 1 1 2 173 23 1 1 1 0 0 1 1 14 64 2 2 9 5 4 1 1 1 0 0 0 1 1 1 1 1 1 2 1 1 1 1 4 15 10 68 155 255 240 93 3 1 1 1 20 32 3 99 189 2 1 1 1 1 1 1 1 1 1 1 1 1 1 1 2 2 2 3 3 5 15 52 133 208 230 237 237 213 84 7 2 2 1 1 1 1 2 1 1 0 0 0 0 0 0 0 0 0 0 0 0 1 10 1 1 0 0 0 0 0 0 0 0 0 0 0 2 11 0 0 0 0 0 1 0 0 0 0 0 0 0 0 0 0 0 0 0 0 1 228 25 1 1 0 2 31 14 1 1 1 1 0 0 0 0 0 1 180 31 1 1 0 0 0 0 0 0 0 0 1 1 1 18 2 2 1 1 1 1 0 0 0 0 0 0 0 0 0 0 0 0 0 1 2 3 4 4 3 1 1 1 0 2 1 1 45 146 3 1 1 1 3 6 8 13 15 15 6 2 1 1 3 3 1 0 1 0 1 1 1 2 5 46 163 135 19 3 1 1 1 1 1 1 1 1 1 1 1 1 1 1 0 1 39 137 2 1 1 1 1 1 1 1 1 1 1 1 1 1 1 1 11 6 1 1 1 1 1 1 1 1 1 1 1 1 1 23 5 1 1 1 3 12 32 51 62 77 176 7 12 1 1 1 1 1 1 1 1 76 2 1 1 1 2 108 230 135 2 1 3 3 1 1 1 1 1 1 1 35 214 186 61 90 187 227 213 165 98 53 42 219 255 211 224 236 240 242 242 245 246 245 234 198 198 209 222 228 228 222 218 212 205 188 185 171 158 154 150 146 147 152 166 172 167 162 131 172 127 87 42 34 39 57 74 80 101 106 101 110 122 125 124 128 133
2 2 3 3 253 255 13 9 7 5 3 13 2 1 0 0 0 0 0 0 0 0 0 0 0 0 0 0 0 0 0 1 1 1 1 1 1 1 2 2 2 2 2 2 1 1 1 1 1 1 1 1 1 1 1 0 1 0 0 1 1 0 0 0 0 1 1 1 0 0 0 0 1 1 1 1 1 1 1 1 1 1 3 91 248 255 255 213 255 255 48 1 1 1 1 1 1 1 2 22 255 191 9 2 1 1 1 0 0 0 0 0 0 0 1 1 5 179 5 1 1 0 1 1 1 1 9 71 2 6 4 1 10 1 0 0 0 0 0 0 1 1 1 1 0 2 2 1 1 1 1 2 18 12 209 255 142 3 1 1 1 3 48 4 3 156 150 2 1 1 1 1 1 1 1 1 1 1 1 1 1 1 1 1 1 1 1 1 2 2 3 4 5 11 31 132 227 184 35 4 2 1 1 1 0 1 1 1 1 0 0 0 0 0 0 0 0 1 1 0 11 1 0 0 0 0 0 0 0 0 0 0 0 0 4 6 1 1 0 0 0 1 0 0 0 0 0 0 0 0 0 0 0 0 0 0 1 227 28 1 1 6 37 5 1 0 1 1 2 1 0 0 0 0 1 178 36 1 1 1 1 1 0 0 0 1 1 1 3 12 14 5 2 1 1 1 1 0 0 0 0 0 0 0 0 0 0 0 0 0 0 0 0 1 1 3 4 5 3 1 2 1 1 76 134 2 1 1 1 1 1 2 4 2 8 51 76 61 15 3 1 1 1 1 2 8 41 100 149 173 162 38 2 1 1 1 1 1 1 1 1 1 1 1 1 1 1 1 1 1 1 42 135 4 1 1 0 1 1 1 1 1 1 1 1 1 1 1 1 13 5 1 1 1 1 1 1 1 1 1 1 1 1 1 12 18 17 18 21 21 14 5 2 2 7 182 34 10 1 1 1 1 1 1 1 2 81 3 8 46 154 233 232 85 40 30 45 61 75 87 92 98 102 102 90 73 212 109 2 2 2 2 12 109 150 193 203 203 242 251 242 238 228 217 214 208 198 184 174 179 185 185 181 177 167 157 146 137 132 163 43 7 7 53 95 98 100 103 107 114 116 110 103 91 75 128 133 130 125 122 107 94 88 65 59 65 52 34 27 30 21 13
1 1 1 15 255 255 5 2 1 1 1 4 7 1 0 0 0 0 0 0 0 0 0 0 0 0 0 0 0 0 0 0 0 0 0 0 0 1 1 1 1 1 1 1 2 2 2 2 2 2 2 1 1 1 1 1 1 1 1 1 1 1 0 0 0 1 1 1 1 1 1 1 1 0 0 1 1 1 1 1 1 1 1 2 4 27 24 122 255 118 1 1 1 1 0 1 1 1 1 1 59 255 187 15 3 1 1 1 0 0 0 0 0 0 1 1 12 179 2 1 1 1 1 0 0 1 6 74 6 8 3 1 9 2 1 0 0 0 0 0 1 1 1 1 1 2 1 1 1 0 1 1 5 9 196 255 188 2 1 1 1 24 24 1 4 198 77 2 1 1 1 1 1 1 1 1 1 1 1 1 1 1 1 1 1 1 1 1 1 1 1 1 1 1 2 3 17 174 216 84 10 2 1 1 1 1 1 1 1 1 1 1 1 1 1 1 1 1 1 1 10 2 0 0 0 0 0 0 0 0 0 0 0 1 10 2 1 1 0 0 0 1 0 0 0 0 0 0 0 0 0 0 0 0 0 0 1 223 42 1 18 30 2 1 0 0 0 1 2 1 1 1 0 1 1 175 44 1 1 1 1 1 2 3 5 12 21 22 18 7 2 3 1 1 1 1 1 1 1 1 1 1 1 1 1 1 1 1 0 0 0 0 0 0 1 1 1 1 3 5 6 2 2 108 113 1 1 1 1 1 1 4 7 45 45 13 5 17 68 2 1 3 18 99 162 177 166 135 79 19 3 1 1 1 1 1 1 0 1 1 1 1 1 1 1 1 1 1 1 1 1 39 95 64 2 1 1 1 1 1 1 1 1 1 2 1 1 1 1 17 9 2 1 1 1 1 1 1 1 1 1 1 1 1 4 2 4 4 2 1 1 1 1 1 1 113 157 6 1 1 1 4 20 83 163 219 244 246 248 246 228 158 16 2 84 178 172 165 160 158 155 151 147 149 160 196 146 2 1 2 1 1 1 42 2 2 3 8 204 195 4 2 2 2 2 1 1 1 1 1 1 1 1 1 1 1 2 3 5 124 65 1 9 80 8 4 2 2 2 1 1 1 1 1 1 1 1 1 1 1 1 1 1 1 1 1 1 1 1 1 1 1
1 1 3 255 255 11 1 1 1 1 1 1 11 1 0 0 0 0 0 0 0 0 1 0 0 0 0 0 0 0 0 0 0 0 0 0 0 0 0 1 1 1 1 0 1 1 1 1 1 1 1 2 2 2 2 2 1 1 1 1 1 1 1 1 1 1 0 0 0 1 1 1 1 1 1 1 1 1 1 1 1 1 1 1 1 1 3 255 255 3 1 1 1 1 0 1 0 1 1 1 1 69 255 243 47 4 2 1 1 1 0 0 0 0 1 1 43 165 1 1 0 0 0 0 0 1 4 81 13 2 1 2 6 4 0 0 0 0 0 0 0 1 2 2 2 1 1 1 1 1 1 1 1 11 129 250 245 3 1 1 7 43 3 1 5 209 44 1 1 1 1 1 1 1 1 1 1 1 1 1 1 1 1 1 1 0 1 1 1 1 1 1 1 1 1 1 2 4 103 221 142 21 3 2 1 1 1 1 1 1 1 1 1 1 1 1 1 2 2 4 10 1 1 0 0 0 0 0 0 0 0 0 0 1 12 1 0 1 0 0 0 0 0 0 0 0 0 0 0 0 0 0 0 0 0 0 1 196 131 34 18 1 1 1 1 1 2 2 3 7 8 11 15 22 27 176 72 4 6 12 20 26 29 28 22 10 3 2 1 1 1 2 1 1 1 1 1 1 1 2 6 38 92 115 121 115 96 45 4 1 1 1 0 0 0 0 1 1 1 1 2 6 12 143 64 1 1 1 1 1 6 35 43 5 1 1 1 3 63 55 129 175 175 138 48 7 3 2 1 1 1 1 1 1 1 1 1 1 1 0 0 0 0 0 0 0 0 1 1 1 1 40 5 115 39 3 1 1 1 1 1 4 92 115 116 118 112 98 80 63 73 63 28 9 3 1 1 1 1 1 1 1 0 1 3 1 1 1 1 1 1 1 1 1 1 27 190 10 1 18 190 248 251 248 239 197 130 44 8 2 1 22 37 72 145 16 3 2 2 1 1 1 1 1 7 138 7 1 1 2 1 1 1 34 5 2 1 2 204 189 1 1 1 1 1 1 1 1 1 1 1 1 1 1 0 1 1 1 1 109 92 1 57 32 2 1 1 1 1 0 1 1 1 1 1 1 1 1 1 1 1 1 1 1 1 1 1 1 1 1 1 1
1 2 199 255 161 2 1 1 1 1 1 1 11 1 0 0 0 0 0 0 0 0 1 0 0 0 0 0 0 0 0 0 0 0 0 0 0 0 0 0 0 0 1 1 1 1 0 0 0 0 1 1 1 1 1 1 1 2 2 2 2 2 1 1 1 1 1 1 1 0 0 0 0 0 0 1 1 1 0 0 0 1 1 1 1 1 118 255 64 1 1 1 1 0 1 1 0 0 1 1 1 1 23 243 255 147 11 3 1 1 1 1 1 1 1 2 112 117 1 1 1 1 1 1 1 1 4 92 5 1 1 1 2 7 1 0 0 0 0 0 0 1 2 1 1 0 0 1 1 1 1 1 1 9 204 221 250 13 1 4 40 8 1 1 7 213 28 1 1 1 1 1 1 0 0 0 0 0 0 1 1 0 0 0 1 1 1 1 1 1 0 0 1 1 1 1 1 1 2 34 200 174 38 5 2 2 1 1 1 1 1 1 1 1 1 1 1 1 6 7 1 1 1 1 0 0 0 0 0 0 0 0 0 1 13 1 0 0 0 0 0 0 0 0 0 0 0 0 0 1 1 1 1 1 1 1 3 188 163 35 17 18 19 19 19 19 17 15 13 11 9 6 6 5 4 118 157 33 22 17 8 4 2 1 1 2 1 1 1 1 1 2 1 1 1 1 1 13 92 130 133 112 65 34 24 33 59 107 133 106 22 2 1 1 1 1 1 1 1 1 1 1 10 168 48 8 1 1 1 24 57 17 1 1 1 1 2 10 107 165 110 22 4 1 1 1 1 1 1 1 1 1 1 0 0 1 0 0 0 0 0 1 1 1 1 1 1 1 1 1 2 39 1 10 113 129 93 30 7 3 7 104 78 34 29 27 38 56 78 94 105 120 138 144 132 82 19 5 2 2 1 1 1 2 5 1 1 1 1 1 1 1 1 1 1 11 186 66 124 243 225 90 12 3 1 1 1 1 1 1 1 54 173 168 11 1 1 1 1 1 1 1 1 1 76 100 1 1 1 1 1 1 1 11 18 12 10 5 202 194 1 1 1 1 1 1 1 1 1 1 1 1 1 1 1 1 1 1 1 50 139 7 93 5 1 1 1 1 1 1 1 1 0 0 1 1 1 1 1 1 1 0 0 0 0 0 0 0 0 0 0 0
1 24 255 255 2 1 1 1 1 0 1 2 10 0 0 0 0 0 0 0 0 1 0 0 0 0 0 0 0 0 0 0 0 0 0 0 0 0 0 0 0 0 0 0 0 1 1 1 1 1 1 1 1 1 1 0 0 1 1 1 1 1 2 2 2 2 2 1 1 1 1 0 0 0 0 0 0 1 1 1 0 0 0 1 1 2 255 255 3 1 1 1 1 0 1 0 1 1 1 1 1 1 1 5 157 255 245 60 5 2 1 1 1 1 1 2 171 32 1 1 1 1 0 0 0 0 3 96 3 1 1 1 1 6 2 1 1 1 1 0 0 1 2 0 1 0 1 1 1 1 1 1 4 181 228 21 248 70 2 36 28 3 1 2 23 213 11 1 1 1 1 1 1 1 1 1 1 1 1 0 0 1 1 0 0 0 0 0 0 0 1 1 1 1 1 1 1 1 1 2 13 178 207 91 20 4 2 2 2 1 1 1 1 1 1 1 1 1 12 1 1 1 1 1 0 0 0 0 0 0 0 1 0 1 11 0 0 0 0 0 0 0 0 0 0 0 0 1 2 3 3 3 3 2 2 2 1 107 216 5 2 1 1 1 1 1 0 1 1 1 0 0 1 0 0 3 165 114 8 2 1 1 1 0 1 2 2 2 2 2 2 1 1 2 10 53 125 127 66 10 2 1 1 1 1 1 1 2 5 48 122 127 62 10 4 4 5 6 4 3 3 4 43 189 45 48 56 40 52 30 1 1 1 2 4 37 113 129 73 9 1 1 1 1 1 1 2 1 1 1 1 1 1 1 1 1 1 1 1 1 1 1 1 1 1 1 1 1 1 1 5 31 1 1 1 9 64 118 131 133 130 67 3 1 1 1 1 1 1 1 2 2 3 8 39 112 141 142 131 114 87 82 105 128 128 105 75 40 22 20 10 3 1 1 2 9 179 201 241 126 3 1 1 1 1 1 0 0 1 2 78 127 44 40 3 1 1 1 1 1 1 1 1 8 133 7 1 1 1 1 1 1 1 3 6 2 4 14 202 195 1 1 1 1 1 1 1 1 1 1 1 1 1 1 1 1 1 1 1 2 97 138 78 2 1 1 1 1 1 1 1 1 1 1 1 0 0 0 0 0 0 0 0 0 0 0 0 0 0 0 0 0
2 255 255 9 1 1 1 1 0 0 1 8 3 0 0 0 0 0 0 0 0 1 0 0 0 0 0 0 0 0 0 0 0 0 0 0 0 0 0 0 0 0 0 0 0 0 0 0 0 0 0 0 0 0 0 0 0 0 0 0 0 0 1 1 1 1 2 2 2 2 2 1 1 1 0 0 0 0 0 1 1 0 0 1 1 100 255 92 1 1 1 1 1 1 1 1 1 0 0 0 1 1 1 1 2 35 243 255 213 35 5 2 1 1 2 8 179 3 1 0 0 1 1 1 1 1 4 96 3 1 0 1 1 2 5 1 0 0 1 1 0 1 2 1 1 1 1 1 1 1 2 9 133 243 16 2 217 186 11 56 12 19 8 3 65 205 8 2 1 1 1 1 1 1 1 1 0 0 1 1 1 1 1 1 1 1 1 1 0 0 0 0 0 1 1 1 1 0 1 1 1 5 121 223 190 96 37 13 6 4 3 3 2 2 2 1 1 4 8 1 1 1 1 1 1 1 1 1 1 1 1 1 0 5 6 0 0 0 0 0 0 0 0 0 0 0 1 2 1 1 0 0 0 0 0 0 1 2 214 107 1 1 0 0 0 0 0 0 1 1 1 1 1 1 2 32 73 188 92 2 1 1 1 1 1 1 2 2 2 3 7 35 103 133 130 101 17 1 1 1 1 1 1 1 1 1 1 1 1 1 2 13 95 130 134 134 134 134 133 132 132 132 147 158 2 1 3 14 4 1 1 3 21 99 129 112 36 4 5 3 1 1 1 2 2 2 1 2 1 1 1 1 1 1 1 1 1 1 1 1 1 1 1 0 0 0 1 1 1 1 11 18 1 1 1 1 1 1 2 5 3 2 1 1 1 1 1 1 1 1 1 1 1 1 1 2 7 14 39 74 102 107 85 55 55 64 100 122 125 83 85 93 81 13 1 17 244 239 83 6 2 1 1 1 1 1 1 1 8 113 68 15 12 10 18 2 1 1 1 1 1 1 2 73 97 1 1 1 2 1 0 1 1 1 8 1 1 12 217 180 1 1 1 1 1 1 1 1 1 1 1 1 1 1 1 1 1 1 1 2 16 186 29 1 1 1 1 1 1 0 1 0 0 0 0 0 0 0 0 0 0 0 0 0 0 0 0 0 0 0 0 0
9 255 232 2 1 0 0 1 1 1 1 11 1 0 0 0 0 0 0 0 1 1 0 0 0 0 0 0 0 0 0 0 0 0 0 0 0 0 0 0 0 0 0 0 0 0 0 0 0 0 0 0 0 0 0 0 0 0 0 0 0 0 0 0 0 0 1 1 1 1 2 2 2 2 1 1 1 0 0 0 1 1 1 1 3 255 255 4 1 1 1 1 1 1 1 0 0 0 0 0 1 1 1 1 1 1 5 103 253 255 230 88 12 3 3 53 161 2 1 1 1 1 1 1 1 1 3 95 5 1 1 1 1 1 6 1 0 0 0 1 0 1 2 1 1 1 1 1 2 4 72 188 235 74 1 1 100 245 68 11 1 3 12 21 72 216 87 29 8 4 3 2 1 1 1 1 1 1 1 0 0 0 0 0 1 1 1 1 1 1 0 0 0 1 1 1 1 1 1 1 1 1 2 20 157 223 228 205 147 108 96 88 56 23 9 5 4 13 3 2 1 1 1 1 1 1 1 1 1 1 1 1 1 13 1 1 1 0 0 0 0 0 0 0 0 0 1 3 0 0 0 0 0 0 0 0 1 1 29 230 9 1 1 0 0 0 0 0 0 1 1 1 1 26 52 16 1 32 198 42 1 1 1 1 2 6 34 88 113 126 130 115 51 6 2 1 1 1 1 1 1 1 1 1 1 1 1 1 1 1 1 1 1 2 3 3 3 2 3 4 6 14 98 110 1 1 3 5 4 8 73 127 121 55 6 2 1 2 3 2 2 3 2 1 1 1 2 2 1 1 1 1 1 1 1 27 80 59 23 3 1 1 1 1 1 1 1 1 1 1 22 8 1 1 1 1 1 1 1 1 1 1 1 1 1 2 2 3 5 7 12 18 20 20 14 10 9 3 2 1 1 1 2 11 5 1 1 2 17 46 6 3 13 88 23 97 251 108 131 133 48 6 2 1 1 4 25 109 143 64 29 21 1 2 12 25 13 11 12 12 12 13 22 132 6 1 1 1 1 0 1 1 1 1 8 1 1 15 234 132 2 1 1 2 2 1 1 1 1 1 2 2 3 2 2 2 3 4 4 4 5 189 20 1 1 1 1 0 0 0 1 0 0 0 0 0 0 0 0 0 0 0 0 0 0 0 0 0 0 0 1 1
214 255 18 2 3 2 2 2 1 1 5 5 0 0 0 0 0 0 0 0 1 1 0 0 0 0 0 0 0 0 0 0 0 0 0 0 1 0 0 0 0 0 0 0 0 0 0 0 0 0 0 0 0 0 0 0 0 0 1 1 1 1 1 1 0 0 0 0 0 1 1 1 2 2 2 2 1 1 1 0 1 1 1 2 88 255 148 1 1 1 0 1 1 1 0 0 0 0 0 0 0 0 1 1 1 1 1 2 10 127 251 255 255 188 50 157 72 49 110 93 22 16 95 84 9 1 2 95 7 1 1 1 3 2 4 1 1 0 0 1 1 1 1 2 1 1 1 2 17 188 216 170 154 3 1 1 9 250 73 2 1 1 1 1 4 133 209 223 216 178 112 41 11 4 2 2 1 1 1 1 1 1 1 1 0 0 1 1 1 1 0 0 0 0 0 1 1 1 1 1 1 1 1 1 2 9 54 143 206 223 227 228 232 228 193 129 72 44 17 9 6 5 4 3 2 2 1 1 1 1 1 1 2 15 1 1 1 0 0 0 0 0 0 0 0 0 1 2 0 1 0 0 1 0 0 0 0 1 1 150 191 2 1 0 0 1 1 1 1 0 1 18 52 21 1 0 1 1 90 191 5 1 2 18 81 116 107 60 36 11 3 1 1 1 1 1 1 1 1 0 0 0 1 0 1 0 1 1 1 1 1 1 1 1 1 1 1 1 1 1 1 21 135 33 1 64 119 121 121 128 87 11 2 1 1 1 1 2 5 3 2 1 1 2 4 10 28 53 63 60 35 12 7 33 174 226 226 231 238 226 74 4 2 2 2 2 2 2 1 1 31 4 1 1 1 1 1 1 1 1 1 1 2 5 21 86 162 208 228 238 241 241 241 241 238 236 224 193 152 94 43 24 19 25 3 1 1 1 1 13 57 34 56 141 225 243 228 19 1 23 119 96 35 36 89 138 139 80 7 2 1 1 1 1 2 2 8 8 6 5 6 5 49 97 1 1 1 2 1 1 1 1 1 1 3 8 9 42 245 38 1 1 1 1 1 1 1 2 3 4 2 2 2 3 2 3 2 2 1 1 3 190 18 1 1 1 1 1 2 2 2 2 2 2 3 3 3 3 3 3 3 3 4 4 4 4 4 4 4 5 4 4
255 255 4 2 1 1 0 0 0 1 11 1 0 0 0 0 0 0 0 0 1 0 0 0 0 0 0 0 0 0 0 0 0 0 0 1 1 0 0 0 0 1 2 3 3 1 0 0 0 0 0 0 0 0 0 0 0 1 5 7 7 7 7 7 4 2 1 1 1 0 0 0 1 1 1 2 2 2 2 1 1 1 1 6 255 255 22 1 1 1 1 1 1 1 0 0 0 0 0 0 0 0 0 1 1 1 1 1 1 2 4 21 174 255 255 221 121 83 14 36 105 105 21 11 86 67 5 83 40 3 2 2 2 1 2 4 1 1 1 1 1 1 1 2 2 1 2 25 238 217 158 120 6 1 1 1 2 207 208 14 2 1 1 1 1 37 5 11 60 149 201 223 226 210 165 94 36 13 5 2 1 1 1 1 1 1 1 1 1 1 1 1 1 0 0 0 1 1 1 1 1 1 1 1 1 1 1 2 3 4 4 6 15 63 158 214 230 228 215 195 175 149 114 78 45 24 11 4 2 4 5 5 4 11 13 3 1 1 1 1 0 0 0 0 0 0 1 2 1 1 1 1 1 0 0 0 1 0 1 2 222 83 1 1 0 0 0 0 1 10 49 30 2 1 1 1 1 1 2 188 111 11 95 112 65 14 3 2 3 1 1 1 1 1 1 1 1 1 1 1 1 1 1 1 1 1 1 1 1 1 0 0 0 1 1 1 1 1 1 1 3 46 135 5 31 115 19 13 39 11 4 3 1 1 1 1 2 3 7 3 2 6 19 81 178 228 235 231 231 231 236 236 235 231 186 54 7 6 6 83 226 192 125 86 51 31 20 14 8 7 39 9 4 3 3 2 2 2 2 2 3 14 87 184 229 235 212 167 116 64 36 23 20 30 48 88 139 183 217 236 239 236 227 218 170 100 45 43 100 164 201 223 218 192 136 56 183 39 1 1 4 83 131 132 100 21 2 1 1 1 1 1 1 2 1 1 1 1 2 2 2 3 127 8 1 1 1 1 1 1 1 0 1 0 1 1 2 118 242 5 2 8 9 8 2 1 3 2 1 1 1 0 0 0 1 1 1 1 1 1 3 192 16 1 1 1 6 6 5 5 5 4 4 4 3 3 3 2 2 2 2 1 1 1 1 1 1 1 1 1 1 1
255 11 2 1 1 1 0 0 0 3 8 0 0 0 0 0 0 0 0 0 1 0 0 0 0 0 0 0 0 0 0 0 0 0 0 1 0 0 0 0 1 3 2 1 2 4 1 0 0 0 0 0 0 0 0 1 1 5 3 1 1 1 1 2 3 6 7 7 4 1 1 1 1 0 1 1 1 2 2 2 2 2 3 35 255 200 11 1 1 1 1 1 1 1 0 0 0 0 0 0 0 0 1 1 2 2 1 1 1 1 1 2 3 6 137 248 5 1 1 1 2 18 1 1 1 27 92 89 134 84 17 2 1 1 1 4 1 1 1 1 1 1 1 2 3 4 53 240 170 7 3 1 1 1 1 1 1 25 237 207 94 13 3 1 3 37 1 1 1 2 2 5 22 88 166 209 226 230 230 214 141 53 17 7 4 3 3 2 1 1 1 1 1 1 1 0 0 1 1 1 1 1 1 1 1 1 0 1 1 1 1 1 1 2 3 5 13 45 105 149 177 196 214 223 228 223 206 176 124 56 9 3 1 1 4 16 9 2 1 1 1 0 0 0 0 0 1 2 2 1 1 1 0 0 0 0 1 1 1 1 46 228 5 1 0 0 1 6 45 39 3 1 0 0 0 1 1 7 35 85 223 130 49 5 2 1 1 1 2 1 1 1 1 1 1 1 2 21 78 112 83 36 11 4 2 1 1 1 1 1 1 1 1 1 1 1 0 0 1 1 12 115 78 2 111 35 2 1 10 1 2 2 1 1 2 2 1 1 10 16 91 192 233 228 178 70 10 4 4 4 7 25 42 27 4 2 2 2 3 4 18 166 216 228 233 238 238 238 238 238 236 231 224 212 194 178 160 136 114 116 172 228 233 192 101 11 2 2 1 1 1 1 2 2 2 2 1 2 2 4 16 84 129 166 216 239 243 236 203 142 58 10 3 1 1 15 105 130 3 1 1 1 2 2 1 1 1 1 1 0 0 0 1 2 1 0 0 0 0 0 1 38 109 1 1 1 2 1 1 1 0 0 1 1 1 1 3 194 218 12 8 2 1 1 7 4 1 1 1 1 0 0 0 0 0 0 0 1 1 1 3 192 11 1 1 1 8 1 1 1 1 1 1 0 0 0 0 0 0 0 0 0 0 0 0 0 1 1 0 0 0 0
15 4 5 1 1 1 0 0 0 10 2 0 0 0 1 0 0 0 0 1 1 0 0 0 0 0 0 0 0 0 0 0 0 0 0 1 0 0 0 1 3 1 0 0 0 1 4 1 0 0 0 0 0 1 1 4 7 3 1 1 1 0 0 0 0 1 1 2 4 7 7 6 3 1 1 1 0 1 1 1 2 2 3 168 255 72 9 1 1 1 1 1 1 1 0 0 0 0 0 0 0 1 4 5 4 5 4 1 1 1 1 1 1 3 228 184 2 1 1 2 12 4 1 0 1 1 4 92 16 15 81 58 4 1 1 4 1 1 1 1 1 1 2 3 12 168 248 145 4 1 1 1 1 1 1 1 1 10 97 187 243 233 125 16 24 19 2 2 1 1 1 1 1 1 2 3 4 7 17 84 187 223 230 232 230 228 222 209 191 175 143 83 12 1 1 1 1 1 1 1 1 1 1 1 1 1 1 1 1 1 1 1 1 1 1 1 1 2 2 3 4 4 7 14 30 72 132 179 212 228 207 119 37 9 6 15 62 110 65 27 8 1 1 1 1 1 1 1 2 3 3 3 3 3 2 2 1 1 1 1 1 182 165 1 1 4 38 45 6 1 0 0 0 0 1 7 60 61 32 30 189 171 4 1 1 1 1 1 2 1 1 1 1 1 4 129 248 255 255 255 255 255 255 255 251 223 160 77 24 9 3 2 1 1 1 1 1 1 1 1 32 140 14 8 125 4 1 1 8 2 1 1 1 1 1 1 1 2 141 231 226 160 29 2 1 1 1 1 1 1 1 1 1 1 1 1 1 1 1 0 1 3 1 1 2 2 3 5 10 20 41 76 113 138 164 184 199 215 226 228 203 115 11 1 1 1 1 1 1 1 1 1 1 1 1 1 1 1 1 1 1 5 2 1 2 3 15 86 152 165 159 123 53 10 12 42 13 130 48 1 1 1 1 1 1 1 1 1 1 0 0 1 1 2 0 0 0 0 0 0 1 126 12 1 1 1 1 0 1 1 1 1 1 1 1 1 8 234 142 7 5 1 1 1 2 7 1 1 2 1 1 1 1 1 1 1 1 1 1 1 5 194 7 1 1 1 7 1 1 1 1 1 1 1 1 0 0 0 0 0 0 0 0 1 1 1 1 1 1 1 1 1
2 1 2 5 2 1 0 0 1 10 1 0 0 1 1 0 0 0 1 1 1 0 0 0 0 0 0 0 0 0 0 0 0 0 0 1 0 0 0 1 3 0 0 0 0 0 1 4 1 1 0 0 0 3 7 4 1 1 1 0 0 0 0 0 0 0 0 0 1 1 1 2 5 7 6 3 1 1 1 1 2 3 7 253 255 19 6 2 1 1 1 1 1 1 0 0 0 0 0 0 1 4 2 1 0 1 2 4 4 1 1 1 1 11 253 8 1 1 1 4 15 1 1 1 1 1 31 16 1 1 2 36 75 6 2 2 1 1 1 1 1 1 3 93 245 232 47 2 1 1 1 1 1 1 0 1 1 8 76 3 12 125 236 240 168 34 10 2 1 1 1 1 1 1 1 1 1 1 1 2 2 3 5 7 14 32 59 102 131 160 186 214 228 175 10 1 1 1 1 1 1 1 1 1 1 1 1 1 1 1 1 1 1 1 1 0 1 1 1 1 1 1 1 1 2 2 2 3 5 23 128 211 229 214 202 226 231 222 231 237 237 179 1 1 1 1 0 1 1 0 1 1 1 1 1 2 3 3 3 3 3 10 231 62 39 48 11 1 0 0 0 0 0 0 1 74 10 1 1 1 26 228 24 1 1 1 1 1 2 1 1 1 3 118 249 255 238 136 65 57 72 93 126 179 231 253 255 255 255 255 253 228 141 39 7 3 1 1 1 4 97 112 3 59 88 2 1 1 4 5 1 1 1 1 1 1 2 126 226 47 2 1 1 1 1 1 1 1 1 0 0 0 1 1 1 1 0 0 1 1 1 1 1 0 1 0 0 0 0 1 1 1 1 1 1 2 18 53 39 5 1 1 1 1 1 1 1 1 0 0 0 0 0 1 1 1 0 0 0 0 1 5 1 1 1 1 1 1 4 3 18 89 141 163 159 128 70 58 145 5 1 1 1 1 1 1 1 1 1 1 1 1 3 1 1 1 1 1 1 1 34 112 1 1 1 1 1 1 1 1 1 1 0 1 1 1 58 245 87 11 4 6 5 7 6 7 8 2 2 1 1 1 1 1 1 1 1 1 1 1 7 194 4 1 1 1 7 1 1 1 1 1 1 1 1 1 1 1 1 1 1 1 1 1 1 1 1 1 1 1 1 1
1 1 0 1 5 2 1 1 7 3 0 0 0 1 0 0 0 0 1 1 1 0 0 0 0 0 0 0 0 0 0 1 1 0 0 1 0 0 0 1 4 0 0 0 0 0 0 1 4 2 1 1 2 6 1 1 0 0 0 0 0 0 0 0 0 0 0 0 0 0 0 0 1 1 2 5 8 5 22 47 95 134 160 255 255 27 3 5 5 2 1 1 1 1 1 0 0 0 0 0 1 5 1 0 0 0 1 1 2 5 2 1 1 9 253 6 1 1 1 16 3 1 1 1 1 5 43 2 1 1 1 1 24 73 3 2 1 2 1 1 1 3 112 245 105 5 2 1 1 1 1 0 0 1 1 1 1 4 78 1 1 2 5 95 230 245 171 38 7 3 2 1 1 1 1 1 1 1 1 1 1 1 1 1 1 1 1 1 2 2 2 3 15 161 222 86 2 1 1 1 0 0 0 0 0 0 0 0 0 0 0 1 1 1 1 1 1 1 1 1 1 1 1 1 1 1 1 1 1 1 2 4 23 113 138 69 9 4 6 15 48 242 4 1 1 1 1 1 1 1 0 0 0 1 1 1 0 0 1 1 1 2 106 222 17 2 1 0 0 0 0 0 0 0 1 57 11 1 0 1 2 221 95 1 1 1 2 1 2 2 2 83 245 255 237 87 4 2 1 1 1 1 2 3 8 18 35 60 107 163 224 251 255 255 255 224 114 20 5 20 140 40 3 119 19 1 1 1 1 9 1 1 1 1 4 14 15 226 96 1 1 1 1 1 1 0 0 0 0 1 1 1 1 0 0 0 0 0 0 0 1 1 1 1 1 0 0 0 0 0 0 0 1 3 26 51 30 3 1 1 1 1 1 1 1 1 1 1 0 0 0 0 0 1 0 0 0 0 0 0 0 5 1 1 0 0 0 1 3 1 1 1 1 2 4 18 68 108 135 109 55 51 51 48 46 43 39 33 27 23 18 16 16 6 4 3 3 2 2 3 124 16 1 1 2 1 1 1 1 1 1 1 0 1 1 3 205 245 187 197 185 145 100 68 50 45 44 45 26 5 2 2 1 1 1 1 1 2 3 4 18 196 7 4 4 4 11 3 3 3 3 3 4 4 5 6 6 7 8 9 11 13 18 21 27 35 44 55 67 79 90 102
1 0 0 1 1 5 1 1 11 1 0 1 1 1 0 0 0 1 1 0 1 0 0 0 0 0 0 0 0 0 0 1 1 1 0 1 0 0 0 1 4 0 0 0 0 0 0 0 1 4 3 1 5 2 1 0 0 0 0 0 0 0 0 0 0 0 0 0 1 1 0 0 0 0 0 1 1 98 174 154 119 76 57 255 255 177 26 2 3 5 5 5 4 2 1 1 1 0 1 1 4 2 0 0 0 0 0 1 1 1 4 3 1 3 253 15 1 1 3 16 1 1 1 1 1 34 10 1 1 1 1 2 2 54 46 3 1 1 2 2 3 60 246 55 2 1 2 1 1 1 1 1 1 2 3 6 17 36 73 1 1 1 1 2 4 78 223 243 191 94 30 12 6 3 3 2 2 1 1 1 1 1 1 1 1 1 1 1 1 1 1 1 1 2 48 214 188 14 1 1 1 1 1 1 1 1 1 1 1 1 1 1 1 1 1 1 1 1 1 1 1 1 1 1 1 1 1 1 1 1 1 1 1 1 1 1 1 1 1 2 15 241 4 1 1 1 1 1 1 1 1 0 0 0 0 1 1 1 1 1 0 1 1 206 118 1 0 0 0 0 0 0 0 0 1 7 63 1 0 1 1 190 155 1 1 1 2 1 2 50 238 255 243 104 4 1 1 1 1 1 1 1 1 1 1 1 1 1 1 2 2 8 42 103 196 251 255 255 243 179 163 41 60 105 2 1 1 1 2 13 2 3 11 20 14 6 54 233 7 1 2 1 1 1 1 1 1 1 1 1 1 1 0 1 1 1 0 0 0 0 1 1 1 1 0 0 0 0 0 0 0 1 6 50 19 2 2 1 1 1 1 1 1 1 1 1 1 1 1 1 1 1 0 0 0 0 0 0 0 0 0 5 1 1 0 0 0 1 3 0 0 1 1 1 1 1 1 1 3 113 13 3 3 4 5 6 9 12 17 20 25 29 33 37 41 43 45 46 46 85 105 1 1 2 1 1 1 1 1 1 1 1 1 1 1 21 249 140 3 7 57 138 173 185 191 194 197 203 208 203 186 168 148 139 138 143 154 170 177 183 200 237 183 183 193 201 205 203 202 201 201 201 201 201 201 201 201 201 202 200 200 200 198 198 194 192 190 189 181 173 170 165
0 0 0 0 1 1 5 4 6 1 1 1 1 1 0 0 0 1 1 0 0 0 0 0 0 0 0 0 0 0 0 0 0 1 1 1 1 1 0 0 4 0 0 0 0 0 0 0 0 1 2 5 7 1 1 1 1 1 1 1 1 1 0 1 1 1 1 1 1 1 1 1 0 0 0 0 1 168 24 3 2 1 6 255 255 188 60 8 2 2 2 2 3 4 5 5 2 2 3 5 2 1 0 0 0 0 0 0 1 0 1 3 5 2 248 69 1 1 16 3 1 1 1 1 2 48 2 1 1 1 1 1 1 4 85 29 11 13 16 17 50 243 106 2 1 1 1 2 8 26 41 46 47 46 44 37 23 8 37 2 0 1 1 1 1 2 4 64 207 243 246 243 230 199 152 102 99 22 3 2 1 1 1 1 1 1 1 1 1 1 1 1 1 1 1 5 142 223 99 2 1 1 1 0 0 0 0 0 0 0 0 0 0 0 0 0 0 0 0 0 1 1 1 1 1 1 1 1 1 1 1 1 1 1 1 1 1 1 1 1 11 242 23 3 1 1 1 1 1 1 1 1 0 1 1 1 0 1 1 0 0 1 1 20 231 4 1 0 0 0 0 0 0 1 1 1 77 1 0 1 1 139 198 2 1 1 3 31 226 255 248 126 5 1 1 1 1 1 1 1 1 1 1 1 1 1 1 1 1 1 1 1 1 1 2 14 60 149 246 255 244 236 207 114 68 61 71 109 139 172 188 210 219 228 237 241 241 162 79 76 64 43 21 8 3 2 1 1 1 1 1 1 1 1 1 1 1 1 1 1 1 1 0 1 0 0 1 1 1 1 1 1 36 15 2 1 1 0 1 1 1 1 1 0 0 1 1 1 0 0 0 1 1 1 1 1 1 0 0 0 0 5 1 1 0 0 0 1 3 0 0 0 0 0 0 0 1 1 1 30 90 2 1 1 1 0 1 1 1 1 1 1 1 1 1 1 1 1 1 114 16 1 1 1 1 1 1 1 1 1 1 1 1 1 2 179 245 13 1 1 1 1 1 1 2 3 3 3 22 57 93 126 147 157 158 151 142 125 111 104 198 156 112 110 82 39 21 14 11 10 9 8 6 5 4 4 4 4 4 3 3 2 2 1 1 1 1 1 5 1 1 1
0 1 1 1 1 2 6 32 35 36 28 13 6 3 2 1 1 1 0 0 0 0 0 0 0 0 0 0 0 0 0 0 1 1 5 7 7 7 5 2 4 0 0 0 0 0 1 1 1 1 1 1 3 1 1 1 1 0 0 1 1 1 1 1 1 1 0 0 0 0 1 1 1 0 0 0 2 177 5 1 1 1 2 236 255 71 3 5 11 5 2 2 2 2 2 2 4 5 3 1 1 1 0 0 0 0 0 0 1 1 0 1 1 5 166 232 4 3 22 2 1 1 1 1 11 36 1 1 1 1 1 1 4 46 136 223 245 250 250 248 248 153 2 1 1 1 21 47 34 14 4 2 1 1 1 1 1 1 24 7 1 1 0 1 1 1 1 1 3 13 42 98 156 202 232 245 252 238 197 79 10 3 1 1 1 1 1 1 1 0 1 1 1 1 1 1 2 36 210 191 18 1 1 1 0 0 0 0 0 0 0 0 0 0 1 1 1 0 0 0 0 0 0 1 1 1 0 0 0 0 1 1 1 1 1 1 1 1 1 1 2 165 239 228 178 90 19 5 2 1 1 1 1 1 0 0 0 0 1 0 0 0 1 1 184 156 1 1 0 0 0 0 0 1 1 2 63 10 1 1 1 46 228 9 3 36 216 255 253 143 8 1 1 1 1 1 1 1 1 1 1 1 1 1 1 1 1 1 0 0 1 1 1 1 1 1 1 2 106 238 188 203 226 234 237 241 244 241 234 223 206 183 161 131 99 60 17 6 5 6 14 30 52 68 75 77 75 60 40 16 6 4 4 4 6 8 10 10 5 2 1 1 1 1 1 1 1 0 0 0 0 1 11 43 1 2 1 0 0 0 0 0 0 0 0 0 1 1 0 0 0 0 0 0 0 0 1 1 1 1 1 5 2 1 0 0 0 1 3 0 0 0 0 0 0 0 0 0 0 2 90 31 1 1 0 1 1 1 0 1 1 1 0 1 1 1 1 1 43 89 2 1 1 1 1 0 0 1 1 1 1 1 1 2 39 248 167 1 1 1 1 1 1 1 1 1 1 2 8 16 2 1 1 1 1 1 1 1 2 7 185 18 2 2 1 1 1 1 1 1 1 1 1 1 1 1 1 1 1 1 1 0 1 1 1 1 0 1 4 1 1 1
1 2 4 20 113 223 253 255 255 255 255 255 255 251 236 165 38 3 1 0 0 0 0 0 0 0 0 0 0 0 0 1 6 12 3 1 1 1 3 6 5 2 1 1 1 4 5 4 2 1 1 2 2 1 1 0 0 0 0 0 0 0 0 0 0 0 0 0 0 0 1 1 1 1 1 1 2 177 4 1 1 1 1 45 255 253 79 19 29 70 131 128 59 21 6 3 2 1 1 1 1 1 1 1 0 0 0 0 0 1 1 1 1 1 9 231 173 3 7 21 17 2 1 2 46 4 1 1 1 2 17 112 238 243 228 185 102 36 28 45 17 1 1 1 2 37 20 1 1 1 0 0 1 1 1 1 1 1 13 16 1 1 1 1 1 1 1 1 1 1 1 2 3 3 7 138 245 203 233 251 246 165 33 4 2 1 1 1 1 1 1 0 1 1 1 1 1 1 4 132 226 128 4 1 1 1 1 1 1 1 1 1 1 1 1 1 1 1 1 1 1 1 1 1 1 1 1 0 0 0 0 0 0 0 1 1 0 0 0 1 1 1 8 94 186 228 241 242 232 194 119 36 7 2 1 1 0 0 1 0 0 0 0 1 9 233 3 1 0 0 0 0 1 2 9 28 18 37 1 0 1 3 217 202 239 255 254 161 11 1 1 1 1 1 1 1 1 1 0 0 0 0 0 0 0 0 0 1 1 1 1 1 1 1 1 1 1 1 85 178 100 3 10 62 96 67 12 5 3 2 1 1 1 1 1 1 1 1 1 1 1 1 1 1 2 3 5 13 31 55 70 74 74 73 69 65 62 63 70 75 64 47 33 21 13 7 3 1 1 1 1 5 49 36 1 1 1 0 0 0 0 0 0 0 0 0 1 1 1 0 0 0 0 0 0 0 0 0 0 0 1 5 2 1 0 0 0 1 2 0 0 0 0 0 0 0 0 0 0 1 8 105 5 1 1 0 0 1 1 1 1 1 1 1 1 1 2 38 131 44 2 1 1 1 1 1 1 2 4 9 21 39 53 91 238 204 90 2 1 1 1 1 1 1 1 1 3 4 2 3 11 2 1 1 1 1 1 1 2 107 150 4 1 1 1 1 1 1 1 0 0 0 0 0 1 1 1 0 0 0 1 1 1 1 0 1 1 2 1 1 1 1
65 211 253 255 253 234 150 49 20 16 20 33 73 147 216 248 255 241 53 2 1 0 0 0 0 0 1 0 0 0 1 14 11 1 0 0 0 0 0 0 1 3 4 59 223 250 253 253 250 223 108 16 2 2 1 1 1 1 1 1 1 1 1 1 1 1 1 1 1 1 1 1 1 0 1 1 2 177 7 1 1 1 1 2 119 255 255 255 255 255 255 255 255 255 255 251 107 7 3 1 1 1 1 1 1 1 0 0 0 0 0 1 1 1 1 15 240 166 4 2 5 21 5 32 20 3 4 22 122 226 243 232 93 3 2 1 1 1 1 1 1 1 1 2 41 7 1 0 1 1 1 1 1 1 1 2 3 6 7 4 11 8 4 2 1 2 2 2 2 2 2 2 3 3 6 125 248 34 15 43 154 243 252 224 89 9 2 1 1 1 1 1 1 1 1 1 1 1 1 2 21 195 214 61 4 2 1 1 1 1 1 0 0 0 0 0 0 0 0 0 0 0 0 0 0 0 1 1 0 0 1 0 0 0 0 0 1 1 1 1 1 1 1 1 1 2 3 10 73 165 221 238 242 238 198 33 1 0 1 0 0 0 0 1 1 215 99 1 0 0 1 1 9 29 15 1 1 40 1 0 1 1 188 255 248 174 17 1 1 1 1 1 1 0 1 1 0 0 0 0 0 0 0 0 0 0 0 0 0 0 0 0 0 0 1 1 1 14 55 28 178 147 13 1 1 1 1 1 1 1 1 1 1 1 1 1 1 1 1 1 1 0 0 0 0 0 1 1 1 1 1 1 1 2 2 1 1 1 2 3 10 28 41 52 61 68 73 19 4 20 60 56 13 1 1 1 1 1 1 1 0 0 0 0 0 0 0 1 1 1 0 0 0 0 0 0 0 0 0 0 1 5 2 0 0 0 0 1 2 0 0 0 0 0 0 0 0 0 1 1 1 53 67 2 1 1 1 1 0 1 1 1 1 1 1 15 86 56 99 127 3 1 1 2 5 23 97 145 165 166 163 154 150 228 220 11 66 6 1 1 1 1 1 1 1 1 5 1 1 1 2 10 3 1 1 1 1 1 6 171 47 2 1 1 1 0 0 0 1 1 0 0 1 1 1 0 0 0 0 0 0 0 0 1 1 1 2 1 1 1 1 1
255 238 127 28 6 17 9 1 1 1 1 1 1 2 2 4 23 206 253 187 9 1 1 1 1 1 1 1 0 1 15 8 1 1 1 1 1 1 1 1 2 9 181 250 217 128 67 72 130 219 253 255 248 181 77 23 8 4 2 2 1 1 1 1 1 1 1 1 1 1 1 1 1 1 1 1 1 153 58 3 2 2 2 2 3 30 155 195 173 255 255 255 248 155 209 255 255 255 228 44 4 2 1 1 1 1 1 1 0 0 0 0 1 1 1 1 13 236 210 25 3 8 183 232 221 233 243 243 229 133 20 2 1 1 1 1 1 1 1 1 1 1 2 42 5 1 1 1 1 1 2 4 7 8 9 9 8 4 2 2 3 3 5 3 2 2 1 1 1 1 2 2 7 30 108 210 237 14 4 3 4 12 77 214 251 246 161 28 4 2 1 1 1 1 1 1 1 1 1 1 1 3 91 222 228 194 140 73 23 7 4 2 2 1 1 1 1 1 1 1 1 1 1 1 1 1 1 1 1 1 1 1 1 1 1 1 1 0 0 1 1 1 1 1 1 1 1 1 1 1 1 2 6 38 157 236 107 1 1 1 1 1 1 1 1 51 226 2 1 1 9 28 16 1 0 0 1 19 13 1 1 3 174 255 83 2 1 1 1 1 1 1 1 1 0 0 0 0 0 0 0 0 0 0 0 0 0 0 0 0 0 0 0 0 0 1 4 65 22 8 9 134 184 60 1 1 1 1 0 1 1 1 1 1 1 1 1 1 1 1 1 1 1 1 1 1 1 1 1 1 1 1 1 1 1 1 0 0 1 1 1 1 1 1 1 2 6 58 62 39 4 1 1 1 0 0 1 1 1 1 1 1 1 0 0 1 1 1 1 1 1 0 0 0 0 0 0 0 0 1 1 4 2 0 0 0 0 1 2 0 0 0 0 0 1 1 1 1 1 2 4 9 107 17 2 1 1 1 1 1 2 1 1 5 67 79 10 5 56 161 80 71 124 163 183 181 154 74 17 5 3 4 177 222 14 1 57 10 1 1 0 0 0 1 1 1 4 1 0 0 1 1 10 5 1 1 1 1 6 171 48 1 1 1 1 1 1 1 1 1 1 1 1 0 0 0 0 0 0 0 1 1 1 1 1 1 1 1 1 1 1 1
15 3 1 1 1 18 5 0 0 0 1 0 0 0 0 1 1 2 67 244 247 67 3 1 1 1 1 1 1 33 166 191 200 198 191 179 147 151 168 179 217 253 243 81 2 1 1 1 1 1 4 25 153 243 253 255 255 253 247 228 185 126 67 32 13 7 4 4 4 5 7 12 16 21 27 37 50 112 211 223 196 185 197 211 223 238 245 250 253 255 235 177 12 3 2 3 20 214 255 255 255 151 11 3 1 1 1 1 1 1 1 1 1 1 1 1 1 8 203 246 231 238 219 133 147 105 42 7 2 1 1 1 1 1 1 1 2 2 4 8 22 52 61 9 2 4 7 9 10 10 9 6 4 2 2 1 2 1 1 1 1 2 6 8 1 1 1 3 5 19 71 158 224 246 248 243 224 157 152 130 78 18 4 5 29 157 245 252 224 95 12 3 2 1 1 1 1 1 1 1 1 1 1 3 35 133 190 220 231 233 232 226 211 181 130 75 39 25 15 8 6 5 3 3 3 3 2 2 2 2 2 2 2 1 1 1 1 1 1 1 1 1 1 1 1 1 1 1 1 0 0 1 1 1 1 77 224 87 2 1 0 1 1 1 1 2 215 101 11 30 17 2 1 0 1 1 1 3 43 8 88 229 255 255 129 2 1 1 1 1 1 1 1 1 0 0 0 0 0 0 0 0 0 0 0 0 0 0 0 0 0 0 0 0 0 1 55 18 29 13 22 17 59 178 64 1 1 1 1 1 1 1 1 1 1 1 1 1 1 0 1 1 1 1 1 1 1 1 1 1 1 0 0 0 1 0 1 1 1 0 1 1 1 1 1 1 1 8 2 1 1 0 0 0 0 0 0 1 1 1 1 1 1 1 1 1 1 1 1 1 1 1 1 0 0 0 0 1 1 1 1 2 4 0 0 0 0 1 2 0 1 1 1 3 5 6 7 7 7 6 4 2 17 111 75 32 9 3 2 2 4 19 76 91 27 5 56 174 197 196 174 166 133 72 15 4 6 30 25 10 4 183 222 14 1 1 39 24 1 1 1 0 0 0 1 2 3 1 1 1 0 1 1 10 6 1 1 1 2 112 149 4 1 1 1 1 0 0 0 1 1 1 1 1 1 1 1 1 1 1 1 0 0 0 0 1 0 0 0 0 1 1
1 0 1 1 1 25 2 1 1 1 1 1 1 1 1 0 0 1 1 6 179 255 235 72 7 3 2 20 203 253 248 239 234 237 239 244 248 248 245 244 223 98 3 1 1 1 1 1 1 0 0 1 1 1 5 13 37 98 164 216 243 251 253 255 255 253 251 249 249 253 253 253 253 255 255 255 253 253 255 253 253 248 245 243 238 223 199 175 142 52 5 2 2 4 4 2 1 2 3 93 253 255 255 233 44 4 2 1 1 1 1 1 1 1 1 1 1 1 38 29 150 156 4 1 1 1 1 1 1 1 2 10 33 52 65 71 72 71 65 55 38 10 6 13 11 8 4 3 2 2 2 1 1 1 1 1 1 1 1 1 2 4 6 3 4 10 42 133 212 243 248 246 225 174 109 77 29 7 20 59 118 155 151 92 18 5 10 75 214 251 248 217 138 63 26 11 6 3 2 2 1 1 1 1 1 1 2 3 4 6 15 44 101 158 196 220 228 230 232 233 233 233 233 233 233 232 232 232 232 232 232 231 230 226 206 141 38 4 1 1 1 1 0 1 1 1 0 1 1 1 1 1 1 1 1 34 134 217 70 24 6 2 1 1 1 1 28 234 35 2 1 1 1 1 1 2 15 125 244 255 255 227 58 132 248 20 1 1 1 1 1 1 1 0 0 0 0 0 0 0 0 0 0 0 0 0 0 0 0 0 0 0 0 0 0 33 23 4 25 1 1 6 22 72 181 88 3 1 1 1 1 1 1 1 1 1 1 1 1 1 1 1 1 1 1 1 1 1 1 1 1 1 1 1 1 1 1 0 0 0 1 1 0 0 1 1 1 2 5 1 0 0 0 0 0 0 0 1 1 0 0 0 1 1 1 1 1 1 1 1 1 2 2 1 1 1 1 1 2 2 2 3 8 5 5 5 5 5 8 7 8 8 6 4 2 1 1 1 1 1 0 1 1 7 48 60 86 94 96 95 97 76 19 5 87 189 197 128 29 7 3 2 1 1 1 1 1 2 5 29 198 228 37 3 1 1 20 44 1 1 1 1 1 1 1 3 2 1 1 1 1 1 1 1 9 9 1 1 1 12 177 26 1 1 1 0 0 0 0 0 0 0 0 0 0 0 0 0 0 0 0 0 0 0 0 1 0 0 0 0 0 1
1 1 1 1 9 14 1 0 0 0 0 0 0 0 1 1 1 1 1 1 2 21 215 255 255 248 248 255 242 85 3 1 1 1 3 2 4 4 2 1 1 1 0 0 0 0 0 0 0 0 0 0 0 0 0 0 0 1 1 1 1 2 6 13 36 84 123 138 132 111 89 76 42 26 16 9 6 4 4 61 195 4 2 2 1 1 1 1 4 1 1 1 1 2 3 3 3 2 1 1 2 16 211 255 255 255 129 8 3 2 1 1 1 1 1 1 1 1 27 6 70 70 45 3 1 1 2 7 37 67 73 59 36 14 5 3 2 1 1 1 1 2 2 2 2 2 2 2 2 3 4 4 3 3 2 2 2 2 2 5 22 68 121 156 203 242 250 248 228 180 118 64 23 6 2 28 5 1 1 1 1 2 21 109 155 151 105 55 12 17 114 217 247 252 253 251 245 231 192 145 92 48 21 10 6 4 2 2 1 1 2 2 2 2 2 3 3 4 5 5 6 8 9 11 13 15 16 17 18 18 20 22 31 55 119 192 228 235 223 160 46 4 1 1 1 1 1 1 1 1 1 1 1 1 1 73 190 251 255 255 255 238 142 38 5 2 2 155 198 2 1 1 2 12 119 246 255 255 217 67 4 2 1 3 224 216 4 1 1 1 1 1 1 1 0 0 0 0 0 0 0 0 0 0 0 0 0 0 0 0 0 0 0 1 1 65 1 2 29 1 1 1 1 1 33 175 185 134 63 16 5 3 2 1 1 1 1 1 1 1 1 1 1 2 2 2 1 1 0 1 1 1 1 1 1 0 0 0 0 1 1 1 0 0 0 0 1 1 7 1 0 0 0 0 0 0 0 1 0 0 0 0 1 1 1 1 0 0 0 0 0 1 1 1 1 2 2 1 1 1 1 1 10 1 1 1 1 1 1 1 1 1 0 0 0 0 0 0 0 1 1 1 1 5 10 1 1 1 2 3 2 3 43 184 189 93 11 2 1 1 1 1 1 1 1 1 1 1 5 192 212 47 68 81 55 16 15 67 4 2 1 1 1 1 1 4 1 1 1 1 1 1 1 1 1 6 10 1 1 4 170 58 1 1 0 0 0 0 0 0 0 0 0 0 0 0 0 0 0 0 0 0 0 0 0 1 0 0 0 0 0 0
1 0 0 8 17 1 0 0 0 0 0 0 0 0 0 0 0 0 0 0 0 1 1 5 58 165 177 72 3 1 1 0 0 0 2 1 1 0 0 0 0 0 0 0 0 0 0 0 1 0 0 0 0 0 0 0 0 1 0 1 1 1 1 1 1 1 1 1 2 3 4 9 3 1 0 0 1 1 0 4 209 5 1 1 1 1 1 1 3 1 1 1 1 1 2 1 2 3 3 2 1 1 1 4 111 255 255 255 217 34 4 2 1 1 1 1 1 1 8 36 78 2 19 59 13 22 71 63 33 5 1 1 1 1 1 2 2 2 2 2 3 4 8 23 60 120 176 210 233 243 248 248 245 241 231 212 192 193 215 239 248 248 248 246 235 190 130 77 46 15 4 2 1 1 1 32 2 1 1 1 1 1 1 1 2 22 96 136 141 129 43 6 6 12 32 82 144 196 231 246 251 253 253 251 243 210 163 110 60 28 12 5 3 2 1 1 1 1 1 1 1 1 1 1 1 1 1 1 1 1 1 1 1 1 1 1 2 6 69 181 226 234 224 169 53 4 1 1 1 1 1 1 1 1 1 111 223 17 6 22 120 229 254 255 255 243 157 49 231 85 11 108 242 255 255 209 39 3 1 1 1 1 1 1 24 248 133 2 1 1 1 1 0 0 0 0 0 0 0 0 0 0 0 0 0 0 0 0 0 0 1 2 2 3 19 43 1 1 28 1 1 1 1 1 1 3 61 145 185 193 191 177 137 80 34 19 15 14 15 18 22 33 50 79 110 116 54 3 1 0 0 1 1 1 1 1 0 0 0 1 0 1 0 0 0 0 0 0 5 2 1 0 0 0 0 0 0 1 0 0 0 0 0 0 1 1 0 0 0 0 0 0 0 0 0 0 0 0 0 0 1 2 7 1 1 1 1 0 0 0 0 0 0 0 0 1 1 1 0 0 1 1 1 5 9 2 1 1 2 2 19 162 197 116 8 2 2 1 1 0 0 0 1 1 1 1 1 5 191 206 9 1 1 3 21 65 120 145 148 140 92 11 2 2 2 5 1 0 0 0 0 0 0 1 1 1 5 13 2 3 175 45 1 1 0 0 0 0 0 0 0 0 0 0 0 0 0 0 0 0 0 0 0 0 0 1 1 1 1 0 0 0
0 0 0 19 5 1 0 0 0 0 0 0 0 0 0 0 0 0 0 0 0 0 1 1 1 1 1 1 1 0 0 0 0 0 2 1 0 0 0 1 1 0 0 0 0 0 0 0 0 1 1 0 0 0 0 0 0 1 1 1 0 0 0 0 0 0 0 0 0 0 0 1 9 5 1 1 1 1 0 2 209 9 1 1 1 1 1 2 3 1 0 0 0 1 2 1 1 1 1 3 3 2 1 1 1 2 24 226 255 255 253 104 7 3 2 1 1 1 3 96 39 5 4 9 56 47 4 2 2 2 2 2 3 5 13 31 74 134 188 224 243 250 253 255 255 253 246 233 210 182 163 159 176 192 214 233 242 241 229 202 162 119 85 64 48 29 8 3 2 1 1 1 2 2 2 30 1 1 1 1 1 1 1 1 1 1 1 27 4 21 116 136 80 8 3 2 2 2 2 4 6 14 38 93 164 223 243 248 252 252 248 241 215 175 126 76 35 15 7 4 3 2 1 1 1 1 1 1 1 1 1 1 1 1 1 1 1 1 1 1 2 6 60 176 224 234 227 174 60 5 2 1 1 1 3 194 169 1 1 1 1 2 3 12 101 222 254 255 255 255 255 255 224 56 4 1 1 1 1 1 1 1 1 1 1 130 248 34 1 1 1 1 1 0 0 0 0 0 0 0 0 0 0 0 0 0 0 0 0 2 20 32 35 34 30 13 1 1 28 2 1 1 1 1 1 1 1 1 2 7 30 86 141 179 191 193 193 193 193 191 191 189 185 179 163 160 180 124 1 1 1 1 0 1 1 1 1 1 1 1 0 1 1 0 0 0 0 1 1 6 1 1 1 1 1 1 1 1 1 1 0 0 0 0 1 1 0 0 0 0 0 0 0 0 0 0 0 0 0 1 1 6 3 0 0 0 0 0 0 0 0 0 0 0 1 1 1 1 1 1 1 1 1 3 13 2 1 2 11 143 201 143 18 2 1 1 2 1 0 0 0 0 1 1 1 1 5 197 205 9 1 1 0 1 1 6 125 4 5 24 100 145 94 5 3 1 1 1 1 0 0 0 0 1 1 1 1 3 16 6 186 22 1 1 0 0 0 0 0 0 0 0 0 0 0 0 0 0 0 0 0 0 0 0 0 1 1 1 1 1 0 0
1 0 1 10 13 0 0 0 0 0 0 0 0 0 0 0 0 0 0 0 0 0 0 0 0 1 1 1 1 1 0 0 0 1 2 1 0 0 0 1 1 1 0 0 0 0 0 0 0 0 1 1 1 1 1 1 1 1 0 0 0 0 0 0 0 0 0 0 0 0 0 0 1 5 9 1 1 1 1 2 209 15 1 1 0 1 1 3 1 1 1 1 1 1 2 1 1 1 1 0 1 2 3 2 1 1 1 2 7 121 255 255 255 224 73 8 3 3 3 115 16 3 2 3 4 5 12 23 27 20 21 144 243 253 255 255 255 251 243 224 188 138 79 30 8 4 4 3 1 1 1 1 1 4 42 41 41 42 41 37 32 13 4 2 1 1 1 1 1 1 2 2 1 1 1 27 1 1 1 1 1 1 1 1 1 1 1 28 2 1 1 5 85 137 118 27 4 2 1 1 1 1 1 1 1 2 3 5 12 41 109 176 218 242 248 252 250 234 223 220 194 154 103 48 20 8 4 2 1 1 1 1 1 1 1 1 1 1 1 1 1 1 1 1 2 5 52 169 224 234 224 174 63 21 134 224 12 1 1 1 1 1 1 1 1 2 3 9 140 252 71 5 1 1 1 1 1 1 1 1 1 1 1 1 1 3 217 224 4 1 1 1 1 0 0 0 0 0 0 0 0 0 0 0 0 0 0 0 0 25 14 4 2 2 2 12 1 1 23 4 1 1 0 0 1 1 1 1 1 1 1 1 1 2 4 8 11 12 13 12 10 7 4 3 2 2 31 189 14 1 1 1 1 1 1 1 1 1 1 1 1 1 1 1 1 1 1 1 1 5 2 1 1 1 1 1 1 1 1 1 1 1 1 1 1 1 0 0 0 0 0 0 0 0 0 0 0 0 1 1 2 8 1 0 0 0 1 1 1 1 1 0 1 1 1 1 1 1 1 1 1 1 1 2 16 3 4 118 197 159 27 3 1 1 1 1 2 1 0 0 0 1 1 1 1 6 198 199 8 1 1 1 1 1 1 51 85 1 1 1 1 4 133 55 1 1 1 1 1 1 0 0 0 1 1 0 1 1 3 20 193 13 1 1 0 0 0 0 0 0 0 0 0 0 0 0 0 0 0 0 0 0 0 0 0 1 1 0 0 1 0 0
1 1 1 15 9 1 1 1 1 1 1 1 1 1 1 0 0 0 0 0 0 0 0 0 0 0 0 1 1 1 0 1 1 1 1 1 0 0 1 1 0 1 1 1 1 1 0 0 0 0 0 0 0 0 0 0 0 0 0 0 0 0 0 0 0 0 0 0 0 0 0 0 0 0 2 11 2 1 1 2 207 24 1 1 1 1 1 2 2 1 1 1 1 1 2 1 1 1 0 1 1 1 1 2 3 3 2 2 2 3 5 29 229 255 255 255 238 139 73 134 109 91 94 159 231 255 255 255 255 255 253 243 198 107 53 25 28 4 2 1 1 2 1 1 1 1 2 2 1 0 0 0 1 24 18 2 1 1 1 1 3 1 1 1 1 0 0 0 0 1 2 1 1 1 1 25 1 0 0 0 0 0 0 1 1 1 1 31 1 1 1 1 1 2 37 126 138 83 9 2 1 1 1 1 1 1 1 1 1 1 1 1 1 2 5 11 66 183 206 204 227 243 248 251 251 248 238 210 164 107 46 16 7 3 2 1 1 1 1 1 1 1 1 1 1 1 1 1 2 4 47 167 223 231 197 30 1 1 1 1 1 1 1 1 1 1 1 3 234 121 1 1 1 1 1 1 1 1 1 1 1 1 1 1 1 1 39 250 106 1 1 1 1 0 0 0 0 0 0 0 0 0 0 0 0 0 0 0 1 41 2 1 1 1 3 9 1 1 16 7 1 1 1 1 1 1 1 1 1 1 1 1 1 1 1 1 1 1 0 0 1 1 1 1 1 1 15 185 37 1 1 2 3 3 1 1 1 1 1 1 1 1 1 1 1 0 0 0 0 1 6 5 4 5 5 4 4 5 6 5 2 1 1 1 1 0 0 0 0 0 0 0 1 1 1 1 1 1 1 1 7 2 1 1 1 1 1 0 1 1 1 1 1 1 1 1 1 1 1 1 1 1 2 4 18 43 174 176 42 3 1 1 1 0 1 1 2 1 1 0 1 1 1 1 8 202 195 10 1 1 1 1 2 1 1 119 8 1 1 1 1 1 16 150 2 1 1 1 1 1 1 1 1 1 0 1 1 0 1 5 195 17 1 1 0 0 0 0 0 0 0 0 0 0 0 0 0 0 0 0 0 0 0 0 0 1 1 0 0 1 0 1
0 0 2 26 1 1 1 0 0 1 1 1 0 1 1 1 1 1 1 1 0 0 0 0 0 0 0 1 1 1 1 1 1 0 1 1 0 1 1 0 0 0 0 0 0 0 1 0 0 0 0 0 0 0 0 0 0 0 0 0 0 0 0 0 0 0 0 0 0 0 0 0 0 0 0 1 10 2 1 1 201 38 1 1 1 0 0 1 2 3 1 1 1 1 2 1 0 0 0 0 1 1 1 1 1 1 2 4 5 7 5 4 5 18 124 248 255 255 255 255 255 255 255 255 255 255 248 219 248 253 238 239 4 2 7 15 2 1 1 1 1 2 1 0 0 0 1 3 1 1 1 1 1 46 4 1 1 1 1 1 3 0 0 0 1 0 0 0 0 1 2 0 0 0 1 24 2 1 0 0 0 0 0 1 0 1 1 31 1 1 1 1 0 1 1 1 5 82 137 115 23 3 2 1 1 1 0 0 1 1 1 1 1 1 1 1 1 2 11 8 2 3 6 18 52 117 171 216 241 248 251 251 246 232 198 154 86 29 6 2 1 1 1 1 1 1 1 1 1 1 1 1 1 2 1 1 1 1 1 0 0 0 1 1 1 1 1 85 242 3 1 1 1 1 1 1 1 0 0 1 1 0 0 1 1 1 2 197 237 4 1 1 1 1 0 0 0 0 0 0 0 0 0 0 0 0 0 0 4 36 1 1 1 1 5 7 1 1 9 16 1 1 1 1 1 1 1 1 1 1 1 1 1 1 1 1 1 1 1 1 1 1 1 1 2 18 121 163 3 1 2 2 1 1 2 2 1 1 1 0 0 1 0 0 1 1 1 0 0 1 1 2 3 2 2 2 2 2 1 3 4 1 0 0 0 0 0 0 0 0 0 0 1 1 1 1 1 1 2 8 2 1 1 1 0 0 1 1 1 1 1 1 1 1 1 1 1 1 1 1 2 5 20 83 178 203 122 6 1 1 1 1 0 0 1 1 1 0 1 0 1 1 1 10 205 191 8 2 1 0 1 1 2 3 16 114 1 1 1 1 1 1 2 151 11 1 1 1 1 1 1 1 1 1 0 1 0 0 1 4 190 38 1 1 0 0 0 0 0 0 0 0 0 0 0 0 0 0 0 0 0 0 0 0 0 1 1 0 1 1 1 1
0 1 3 25 1 0 1 1 0 0 0 0 0 0 0 0 0 0 0 1 1 1 1 1 1 1 1 1 0 1 1 1 1 1 1 1 1 1 0 0 0 0 0 0 0 0 1 1 0 0 0 0 0 0 0 0 0 0 0 0 0 0 0 0 0 0 0 0 0 0 0 0 0 0 0 0 1 10 2 1 192 54 1 1 1 0 0 0 1 3 1 0 0 1 2 1 0 0 0 0 0 1 1 1 1 1 1 4 5 5 6 8 9 6 4 3 4 8 19 60 51 38 19 7 3 2 2 2 10 245 255 217 3 15 7 1 1 0 0 0 0 1 2 1 1 1 1 3 1 0 0 0 1 50 1 1 1 0 0 2 2 0 0 0 1 1 0 0 0 1 2 0 0 0 1 22 3 1 1 1 0 0 0 1 0 1 1 31 1 1 1 1 1 1 0 0 1 1 2 41 127 133 57 5 2 1 1 1 0 0 0 1 1 1 1 1 1 1 1 7 6 1 1 1 1 1 1 2 3 6 18 58 125 184 224 242 248 252 248 239 193 109 25 4 2 1 1 1 1 1 1 1 1 1 1 1 1 0 1 1 1 0 0 0 0 1 1 224 150 1 1 1 1 1 0 0 0 1 1 0 1 0 0 0 1 1 1 55 251 62 1 1 1 1 1 0 0 0 0 0 0 0 0 0 0 0 0 0 18 16 1 1 1 1 4 13 7 41 116 146 139 139 135 124 108 94 77 43 16 5 2 1 1 1 1 1 1 1 1 1 1 1 3 41 135 178 157 33 1 1 3 1 1 0 1 1 3 2 1 1 1 1 0 0 0 1 1 1 0 0 0 0 1 1 1 1 1 0 1 1 6 1 1 1 1 1 1 1 1 1 1 1 1 1 1 1 3 8 6 1 1 1 1 1 1 1 1 1 1 1 1 1 1 1 6 7 11 5 8 26 98 178 203 195 128 15 2 1 1 1 1 0 0 0 0 1 2 0 1 1 1 1 12 210 185 7 1 2 1 1 1 1 1 3 104 18 1 1 1 1 1 1 1 80 118 1 1 1 1 1 1 1 1 1 0 1 0 0 1 3 188 45 1 1 0 0 0 0 0 0 0 0 0 0 0 0 0 0 0 0 0 0 0 0 0 1 1 0 1 0 1 1
0 1 2 25 1 0 0 1 0 0 0 0 0 0 0 0 0 0 0 0 0 0 0 0 0 0 0 1 1 1 1 1 0 0 1 1 1 0 0 0 0 0 0 0 0 0 0 1 1 0 0 0 0 0 0 0 0 0 0 0 0 0 0 0 0 0 0 0 0 0 0 0 0 0 0 0 0 2 10 2 185 81 1 1 1 0 0 0 0 3 2 0 0 1 2 1 1 1 0 0 1 1 1 1 1 3 5 3 1 1 2 2 1 1 1 1 1 1 1 19 3 2 1 1 1 1 1 1 1 40 255 210 10 2 1 1 1 1 1 1 1 1 2 0 0 1 1 3 1 0 0 0 4 45 1 0 0 0 1 3 1 0 0 0 0 1 1 0 0 0 2 1 0 1 1 21 3 0 1 1 0 0 0 1 0 0 1 31 1 1 1 0 0 1 1 1 0 0 1 1 1 10 105 137 109 17 3 2 1 1 0 0 0 1 0 0 1 1 1 1 7 6 1 1 1 0 1 1 1 1 1 1 1 1 2 3 6 30 96 170 228 248 252 248 234 168 51 5 1 1 1 1 1 1 0 0 0 0 0 0 1 1 1 1 1 1 1 231 125 1 1 1 0 0 0 0 0 1 0 0 1 1 1 1 1 1 1 4 237 200 17 1 1 1 1 1 1 1 1 1 1 1 1 1 0 0 0 1 36 5 1 1 2 12 92 150 161 146 105 32 17 18 26 47 74 90 107 127 141 148 148 141 129 100 49 8 2 1 1 1 1 8 139 182 141 51 6 1 1 1 3 1 1 0 1 1 1 2 3 3 1 1 0 0 0 0 0 1 1 1 1 1 1 1 1 1 1 1 1 1 3 3 1 1 1 1 1 1 1 1 1 1 1 4 7 9 5 1 1 1 1 1 2 1 1 1 1 1 1 1 1 1 1 2 3 9 45 143 193 205 189 122 29 3 1 1 1 1 1 1 1 0 0 0 1 1 2 1 1 1 1 12 211 184 6 1 1 1 1 0 1 1 2 78 51 1 1 0 1 1 1 1 1 5 154 2 1 1 1 1 1 1 1 0 0 1 1 0 1 4 192 30 1 1 0 0 0 0 0 0 0 0 0 0 0 0 0 0 0 0 0 0 0 0 0 1 1 1 1 0 0 1
1 1 3 23 1 0 0 1 1 0 0 0 0 0 0 0 0 0 0 0 0 0 0 0 0 0 0 0 1 0 0 0 0 0 1 0 0 0 0 0 0 0 0 0 0 0 0 0 1 1 0 0 0 0 0 0 0 0 0 0 0 0 0 0 0 0 0 0 0 0 0 0 0 0 0 0 0 1 5 6 176 105 1 1 1 1 0 0 0 2 3 0 0 1 2 1 1 1 1 1 1 1 2 4 5 3 1 1 1 1 2 2 1 1 1 1 1 1 2 17 2 1 1 1 1 1 1 1 2 78 255 106 1 1 1 1 0 0 0 0 0 1 2 0 1 1 0 3 1 0 0 0 20 22 1 0 0 0 1 3 1 0 0 0 0 0 1 1 1 1 2 1 1 1 2 22 1 1 1 0 0 0 0 1 0 0 1 32 1 1 1 0 0 0 0 1 1 1 1 1 0 1 1 2 48 131 129 47 5 2 1 1 1 1 0 0 0 1 1 0 1 7 9 2 1 1 1 1 1 1 0 0 0 0 1 1 1 1 1 1 2 5 20 91 184 240 252 251 231 121 7 1 1 0 0 0 0 0 0 0 0 0 0 0 1 1 1 191 190 1 1 0 0 0 0 0 1 1 0 0 0 0 0 1 1 1 1 3 201 241 112 26 2 1 1 1 1 1 1 0 0 0 1 1 1 1 2 2 41 14 31 95 157 167 130 45 9 3 1 1 1 1 1 1 1 1 1 1 1 2 6 16 40 87 124 144 138 74 9 2 1 119 162 14 1 1 3 2 1 1 3 1 1 0 0 0 1 1 1 1 3 1 1 1 1 1 1 1 1 1 1 0 0 0 1 1 0 0 0 0 1 5 2 1 1 1 1 1 2 4 6 6 5 4 1 1 1 1 1 1 1 1 1 1 1 1 1 1 1 1 2 4 14 70 152 193 197 166 80 12 3 4 1 1 1 0 1 1 0 0 1 0 0 0 1 1 2 1 1 1 10 209 184 6 1 1 1 1 1 1 1 3 82 74 3 2 1 1 1 1 1 1 1 1 143 30 1 0 0 0 1 1 1 0 0 0 1 0 1 3 196 18 1 1 1 0 0 0 1 1 0 0 0 0 0 0 0 0 0 0 0 0 0 0 0 1 1 1 1 0 0 1
0 1 10 12 1 0 0 0 1 0 0 0 0 0 0 0 0 0 0 0 0 0 0 0 0 0 0 1 1 1 0 0 0 0 1 0 0 0 0 0 0 0 0 0 0 0 0 0 0 1 0 0 0 0 0 0 0 0 0 0 0 0 0 0 0 0 0 0 0 0 0 0 0 0 0 0 0 0 1 13 159 125 1 1 1 1 0 0 0 1 3 1 0 1 2 1 0 1 1 1 1 3 4 2 1 1 1 1 1 1 1 1 1 1 1 1 1 2 4 14 2 1 1 1 1 1 1 1 42 255 239 4 1 1 0 0 0 0 0 0 0 1 2 1 1 0 0 3 1 0 0 1 42 5 0 0 0 0 1 3 0 1 1 1 1 0 1 2 10 17 18 18 14 11 18 8 1 1 0 0 0 0 0 1 1 1 1 32 1 0 0 0 0 0 0 0 0 1 1 1 1 0 1 0 0 1 17 111 137 97 16 3 2 1 1 1 0 0 1 1 0 1 3 12 13 6 2 1 1 1 1 1 1 1 1 0 0 0 0 1 1 1 1 1 1 3 8 62 189 248 251 200 26 1 1 1 0 1 0 0 0 0 0 0 0 1 1 114 232 1 1 0 0 0 0 1 1 0 0 0 0 0 0 0 0 1 1 59 231 244 236 164 83 32 3 1 1 1 1 1 1 1 1 1 3 51 165 194 188 178 165 132 47 4 1 1 3 1 1 1 0 0 0 0 0 0 1 1 1 1 1 1 1 1 1 3 23 108 138 115 85 166 113 2 1 1 1 3 1 3 1 1 1 1 1 1 1 0 0 1 3 1 1 1 1 1 1 1 1 1 1 1 1 1 1 1 0 0 0 0 0 1 4 6 6 7 7 6 4 2 1 1 1 1 1 1 1 1 1 1 1 1 1 1 1 1 1 1 4 24 98 166 194 189 143 55 7 2 2 1 1 3 1 0 0 1 1 1 1 1 1 1 1 1 1 1 2 1 1 5 199 191 6 1 1 2 6 25 66 130 193 232 243 240 235 229 211 192 171 151 138 124 109 98 152 113 2 1 0 0 0 1 1 0 0 0 1 0 1 3 198 13 1 1 1 0 0 0 0 1 0 0 0 1 1 1 1 0 0 0 0 0 0 0 0 0 1 1 1 1 1 1
1 2 21 2 1 0 0 0 1 0 0 0 0 0 0 0 0 0 0 0 0 0 0 0 0 0 1 1 1 1 0 0 0 0 1 0 0 0 0 0 0 0 0 0 0 0 0 0 0 0 0 0 0 0 0 0 0 0 0 0 0 0 0 0 0 0 0 0 0 0 0 0 0 0 0 0 0 0 1 6 156 138 1 1 1 1 1 0 0 1 3 1 0 0 1 1 1 1 1 2 4 3 2 1 1 0 1 1 1 1 1 1 1 1 1 2 3 2 3 10 3 2 1 1 1 1 2 39 255 243 12 1 1 1 0 0 0 0 0 0 0 1 2 0 0 0 0 2 1 0 0 1 49 2 0 0 0 0 1 3 1 2 2 2 2 2 5 15 5 2 1 2 4 6 8 5 3 2 1 1 1 1 2 2 2 3 4 35 1 0 0 0 0 0 0 0 0 0 1 1 1 1 1 1 0 1 1 1 3 66 132 127 49 4 2 1 1 1 0 0 1 1 0 1 2 7 13 13 7 2 1 1 1 1 1 1 1 0 0 0 0 0 1 1 1 1 1 1 1 4 59 223 252 223 35 2 1 2 1 1 1 1 1 1 1 1 1 41 242 3 1 0 0 0 0 1 0 0 0 0 0 0 0 0 0 1 64 236 191 19 114 229 245 218 120 7 2 1 1 1 1 1 3 46 183 211 161 148 168 6 2 1 1 1 1 1 3 1 1 1 0 0 0 0 0 1 1 0 1 1 1 0 0 0 0 1 1 1 9 62 98 158 186 26 1 1 1 2 3 3 1 0 0 1 1 0 0 0 0 1 1 2 3 3 2 1 2 2 2 2 2 2 1 1 1 1 0 0 0 0 1 1 1 1 1 1 1 1 1 1 1 1 1 1 1 1 0 1 1 1 1 1 1 1 1 3 21 97 167 189 179 127 46 8 2 2 1 1 1 1 1 2 1 1 1 1 1 0 1 1 1 1 1 1 1 1 3 5 31 179 222 37 51 121 189 239 251 254 254 249 240 215 185 179 189 206 223 235 243 246 249 249 250 251 254 255 227 60 3 1 1 1 1 0 0 0 1 1 1 3 198 12 1 1 1 0 0 0 1 1 1 1 1 1 0 0 1 1 1 1 1 0 0 0 0 1 1 1 1 1 1 1
1 14 9 1 0 0 0 0 0 1 0 0 0 0 0 0 0 0 0 0 0 0 0 0 0 0 1 0 0 0 0 0 0 0 1 0 0 0 0 0 0 0 0 0 0 0 0 0 0 0 0 1 0 0 0 0 0 0 0 0 0 0 0 0 0 0 0 0 0 0 0 0 0 0 0 0 0 1 1 1 154 145 1 1 0 1 1 1 1 1 4 2 1 1 1 1 1 2 4 3 1 1 1 1 1 1 1 2 2 2 2 2 2 3 3 2 1 2 5 3 6 5 2 3 5 15 137 255 243 14 1 1 1 0 0 0 0 0 0 0 1 1 2 0 0 0 0 2 2 0 0 2 49 1 1 1 1 1 1 5 3 2 1 2 2 3 15 2 1 1 1 1 1 1 1 2 3 5 6 6 6 5 4 4 3 2 2 39 1 0 0 0 0 0 0 0 0 0 1 1 1 1 1 1 1 1 0 0 1 1 1 20 111 123 3 2 2 1 1 1 1 0 0 0 0 1 1 2 6 12 12 6 3 1 1 1 1 1 1 1 1 0 0 1 1 1 1 1 1 1 1 2 20 201 252 220 57 10 4 3 3 3 2 2 2 1 1 17 244 8 1 1 1 1 1 1 1 1 1 0 0 0 0 1 1 84 239 168 2 1 1 3 32 183 247 222 149 26 5 3 5 40 171 213 138 17 6 14 185 4 1 1 1 1 1 1 3 1 1 1 0 0 0 0 1 1 0 0 0 0 1 1 1 0 0 1 0 1 1 1 9 83 174 211 100 3 1 1 1 1 1 0 0 1 1 0 0 1 1 1 0 0 1 1 3 3 3 3 2 2 2 2 3 3 1 1 0 0 1 1 1 1 1 1 1 1 1 2 1 1 1 1 1 1 1 1 1 1 1 1 1 1 2 11 81 157 189 177 122 46 9 3 1 1 1 1 1 1 1 1 0 2 1 0 0 1 1 1 1 1 1 1 2 4 14 65 167 221 239 248 249 254 254 251 241 195 110 43 15 7 3 11 2 2 2 2 2 3 9 3 3 3 3 3 5 89 247 255 252 153 16 2 1 1 1 1 1 1 1 3 198 13 1 1 1 1 1 1 1 1 1 0 0 0 0 0 0 0 0 1 1 1 1 1 1 1 1 1 1 1 1 1
2 23 1 1 0 0 0 0 0 1 0 0 0 0 0 0 0 0 0 0 0 0 0 0 0 0 0 0 0 0 0 0 0 0 0 0 0 0 0 0 0 0 0 0 0 0 0 0 0 0 0 0 1 0 1 1 0 0 0 0 0 0 0 0 0 0 0 0 0 0 0 0 0 0 0 0 1 1 0 1 107 180 2 1 1 1 1 1 1 1 5 2 2 3 4 4 3 3 1 1 1 1 1 1 2 2 2 2 1 1 1 1 2 1 1 1 1 3 2 1 6 13 54 182 254 255 255 213 10 1 1 1 1 1 0 0 1 1 1 1 1 0 2 1 0 0 0 1 3 0 0 6 42 1 1 1 3 4 4 2 1 1 0 0 0 7 7 1 0 0 0 1 1 0 0 1 1 1 1 1 1 1 2 2 2 2 2 39 1 0 0 0 0 0 0 0 0 0 0 1 1 1 1 1 1 1 1 1 1 0 1 1 1 109 50 1 1 2 2 1 1 1 1 0 0 0 0 0 1 1 2 6 11 12 7 3 2 1 1 1 0 1 1 1 0 1 1 1 1 1 1 1 1 1 19 206 251 252 251 248 248 246 244 242 241 238 234 230 255 194 148 114 58 17 5 2 1 1 1 1 1 1 1 2 107 240 147 2 1 1 1 1 1 5 173 47 181 225 220 209 211 216 158 21 3 4 3 2 174 45 1 0 0 0 1 3 3 1 1 0 0 0 1 1 1 1 1 1 1 1 1 1 1 1 1 1 1 1 1 1 1 1 12 128 227 188 17 1 1 1 1 0 0 1 1 0 0 1 0 0 0 0 0 0 1 1 1 1 0 0 0 0 1 2 4 1 1 1 1 1 1 1 1 2 1 1 1 1 0 1 1 0 1 1 1 1 1 1 1 2 7 65 161 194 185 136 54 16 4 2 1 1 1 1 1 1 1 1 1 1 1 2 1 1 1 1 2 4 15 48 121 185 238 254 255 255 255 251 255 255 201 55 16 6 3 1 1 1 1 1 1 7 1 1 1 1 1 1 4 1 1 1 1 1 1 1 114 49 210 255 255 237 91 7 2 1 1 1 2 5 198 14 2 2 1 1 1 1 1 1 1 1 1 1 1 1 1 1 1 1 1 1 1 1 1 1 1 1 2 2 1 2
6 17 1 1 0 0 0 0 0 1 0 0 0 0 0 0 0 0 0 0 0 0 0 0 0 0 0 0 0 0 0 0 0 0 0 0 0 0 0 0 0 0 0 0 0 0 0 0 0 0 0 0 1 0 1 1 0 0 0 0 0 0 0 0 0 0 0 0 0 0 0 0 0 1 1 1 1 1 0 1 14 210 11 1 1 1 2 2 6 9 9 4 3 2 1 1 2 1 0 0 1 1 1 2 2 1 1 1 1 1 1 2 1 1 1 1 1 4 2 3 71 254 255 255 248 166 39 3 1 1 1 1 1 1 1 1 1 1 1 1 0 0 2 1 0 0 0 1 3 1 1 24 21 2 4 4 2 1 1 1 0 0 0 0 0 16 2 0 0 0 0 0 1 1 0 0 0 0 0 0 0 0 1 1 1 1 1 39 1 0 0 0 0 0 0 0 0 0 0 0 0 1 1 1 1 1 0 0 1 1 1 1 1 97 65 1 1 1 1 1 2 2 1 1 1 0 0 0 0 0 0 1 1 2 5 11 13 8 3 2 1 1 1 1 1 1 0 0 0 1 1 1 1 1 1 1 4 29 65 94 112 126 138 151 159 168 178 205 251 242 244 248 252 254 253 248 231 185 123 54 16 5 8 136 242 131 2 1 2 3 5 10 12 17 180 19 8 10 48 97 82 24 8 6 4 2 1 1 94 150 1 1 1 1 1 3 2 1 0 0 1 1 1 1 1 2 2 3 7 10 14 13 9 6 4 2 2 2 2 2 1 1 1 1 14 177 205 3 1 1 1 0 0 0 1 0 1 1 0 0 0 0 0 0 0 0 0 0 0 0 0 0 1 1 6 1 1 1 1 2 1 1 1 1 0 0 0 0 0 0 1 1 1 1 1 1 1 5 56 161 200 194 139 44 11 6 3 1 1 1 1 1 1 1 1 1 1 1 1 1 2 6 23 62 139 208 247 255 255 255 255 255 244 197 121 41 14 166 197 49 95 2 1 1 1 0 0 1 1 1 1 7 1 1 1 1 1 1 4 1 1 1 1 1 1 1 97 19 1 5 104 246 255 255 205 69 19 32 76 97 194 65 45 46 49 46 45 46 39 25 17 12 9 11 15 20 26 34 46 57 69 74 79 86 99 115 132 146 160 174 184 197
17 6 1 0 0 1 1 1 1 1 1 0 0 0 0 0 0 0 0 0 0 0 0 0 0 0 0 0 0 0 0 0 0 0 0 0 0 0 0 0 0 0 0 0 0 0 0 0 0 0 0 0 1 1 1 0 0 0 0 0 0 0 0 0 0 0 0 0 0 0 0 1 1 1 0 0 1 1 1 1 1 133 158 5 3 9 16 13 8 5 4 4 4 4 3 3 2 1 1 1 1 0 1 2 1 1 1 1 0 0 1 2 1 1 1 1 2 3 5 137 255 248 116 30 7 3 2 1 1 1 1 1 1 1 1 1 0 1 1 1 0 0 1 2 0 0 0 1 3 1 1 46 13 3 1 1 1 0 1 1 0 0 0 0 0 18 1 0 0 0 0 0 0 1 1 0 0 0 0 0 0 0 1 0 0 0 1 37 2 0 0 0 0 0 0 0 0 0 0 0 0 0 0 1 1 0 0 0 0 0 1 1 1 118 36 1 1 1 1 0 1 1 2 2 1 1 1 1 0 0 0 0 0 0 1 1 2 5 10 12 8 4 2 1 1 1 1 1 0 0 0 0 0 0 0 1 1 1 1 1 1 1 1 3 2 2 6 182 189 12 2 2 3 9 50 130 194 238 248 254 254 254 252 248 135 35 32 33 32 29 20 15 11 12 174 17 9 7 2 1 2 4 2 1 1 1 1 1 7 186 3 1 1 1 1 3 1 0 1 1 1 1 2 3 11 26 31 27 20 15 11 12 18 23 30 34 34 23 6 2 1 2 2 2 2 4 232 58 1 1 1 0 0 0 1 1 0 0 0 0 0 0 0 0 0 0 0 0 0 0 1 1 1 1 6 2 1 1 1 1 0 0 0 0 0 0 0 0 0 1 1 1 1 1 4 46 160 201 196 140 36 4 1 1 1 1 1 1 1 1 1 1 1 1 1 1 1 2 25 145 229 254 255 255 255 253 233 171 87 27 8 4 2 1 1 1 19 226 19 4 95 1 1 1 0 0 1 1 0 1 1 7 1 1 0 1 1 2 3 1 1 1 1 1 2 6 74 59 1 1 1 2 16 172 254 255 255 255 255 255 255 254 255 255 255 255 255 255 255 255 255 255 255 255 255 255 255 255 255 255 255 255 255 255 255 255 255 255 255 254 255 255
12 1 1 1 2 3 6 11 13 10 3 1 0 0 0 0 0 0 0 0 0 0 0 0 0 0 0 0 0 0 0 0 0 0 0 0 0 0 0 0 0 0 0 0 0 0 0 0 0 0 0 0 0 1 1 0 0 0 0 0 0 0 0 0 0 0 0 0 0 0 0 1 1 0 0 0 0 0 0 1 1 3 158 146 24 9 2 1 1 1 1 1 1 1 2 3 3 2 1 1 1 1 2 1 0 1 1 1 0 0 1 2 1 1 1 3 3 6 177 255 207 19 7 3 1 1 2 1 1 1 1 1 1 1 0 0 0 0 0 1 1 0 1 2 0 0 0 0 3 1 10 48 3 1 1 0 0 0 1 1 0 0 0 1 1 18 1 0 0 0 0 0 0 0 1 0 0 0 0 0 0 0 1 0 0 0 1 34 3 0 0 0 0 0 0 0 0 0 0 0 0 0 0 0 0 0 0 0 0 0 0 1 1 108 60 2 1 1 1 1 0 0 1 1 2 2 2 1 1 1 0 0 0 0 0 0 0 1 1 2 5 10 13 9 4 2 1 1 1 1 0 0 0 0 0 0 0 0 0 1 1 1 1 2 1 2 128 213 6 1 1 1 1 1 1 1 1 1 2 4 12 58 110 42 2 2 1 1 3 3 2 1 2 3 163 30 2 3 6 3 4 1 1 1 1 1 1 1 5 183 18 1 1 1 1 2 2 1 1 1 2 8 27 29 14 3 1 1 1 1 1 0 1 1 1 1 1 6 23 34 32 14 3 1 2 2 201 159 2 1 1 1 0 0 0 1 1 0 0 0 0 0 0 0 0 1 1 1 1 2 2 2 1 1 2 4 1 1 1 0 0 0 0 1 1 1 1 1 1 1 1 2 20 141 201 200 143 33 3 1 1 1 1 1 1 1 1 1 1 1 1 1 0 1 1 3 99 229 255 255 248 190 73 35 6 3 2 1 1 1 1 1 1 1 1 2 195 144 1 16 77 1 1 1 1 0 1 1 0 1 1 7 1 1 1 1 1 4 4 3 7 22 54 88 100 98 92 50 1 1 1 1 1 1 3 30 168 239 248 246 244 250 241 236 236 238 211 197 175 159 166 187 210 202 187 171 157 146 131 116 100 109 135 161 160 150 156 176 180 176 148 100
2 2 3 7 12 13 10 5 3 4 8 1 0 0 0 0 0 0 0 0 0 0 0 0 0 0 0 0 0 0 0 0 0 0 0 0 0 0 0 0 0 0 0 0 0 0 0 0 0 0 0 0 0 0 1 0 0 0 0 0 0 0 0 0 0 0 0 0 0 0 0 0 1 1 1 0 0 0 0 0 1 1 4 177 133 3 1 0 1 1 1 0 0 0 0 1 1 2 3 1 1 1 2 1 1 1 1 1 0 1 2 1 1 1 2 6 14 203 255 177 7 1 3 3 1 1 2 1 1 1 1 1 0 1 0 0 0 0 0 0 1 0 1 2 0 0 0 1 3 13 7 36 2 0 0 0 0 0 1 0 0 0 0 1 2 18 1 1 0 0 0 0 0 0 1 0 0 0 0 0 0 0 1 0 0 0 1 30 4 0 0 0 0 0 0 0 0 0 0 0 0 0 0 0 0 0 0 0 0 0 0 1 0 38 98 111 44 3 1 1 1 1 0 0 0 1 1 2 2 1 1 1 0 0 0 0 0 0 0 0 0 1 1 4 9 13 11 5 2 1 1 1 1 0 0 0 0 0 0 0 0 0 1 2 3 58 229 26 1 0 0 0 1 0 0 0 1 1 1 1 1 1 38 4 1 1 1 1 2 3 2 1 1 2 145 62 3 2 2 9 4 2 1 0 1 1 1 4 131 141 25 1 1 1 2 4 2 2 1 8 30 20 3 1 1 1 1 0 0 0 0 0 0 0 0 1 1 1 1 1 2 13 32 34 17 3 136 214 3 2 2 1 1 1 1 1 1 1 1 1 1 1 1 1 1 2 2 1 1 1 1 1 1 1 1 5 0 1 1 1 1 1 1 1 1 1 1 1 2 9 79 165 199 164 42 4 1 1 1 1 1 1 0 0 0 0 1 1 1 1 0 0 1 3 108 240 255 248 135 10 2 1 1 8 2 1 1 1 1 1 1 0 0 1 1 87 215 4 1 57 33 1 1 1 1 0 0 1 1 1 1 8 2 6 16 39 65 92 98 98 92 74 43 12 3 2 2 53 1 1 1 1 1 1 1 1 1 2 2 2 3 192 59 10 15 141 9 2 2 2 1 1 2 1 1 1 1 1 1 1 1 1 1 1 1 1 1 1 1 1 1 1
7 14 15 9 4 2 1 1 1 3 8 1 1 1 0 0 0 0 0 0 0 0 0 0 0 0 0 0 0 0 0 0 0 0 0 0 0 0 0 0 0 0 0 0 0 0 0 0 0 0 0 0 0 0 0 0 0 0 0 0 0 0 0 0 0 0 0 0 1 1 0 0 1 1 1 1 1 1 0 0 1 1 1 7 186 108 2 1 1 0 0 0 0 0 0 0 0 1 2 3 2 2 2 1 1 1 1 1 2 3 3 3 5 10 21 58 241 255 144 4 1 1 2 5 1 1 1 2 1 1 0 1 0 0 0 0 0 0 0 0 1 1 0 2 0 0 1 1 14 5 2 35 1 0 0 0 0 0 0 0 0 0 0 1 4 13 0 1 1 0 0 0 0 0 1 0 0 0 0 0 0 0 1 0 0 0 1 28 5 0 0 0 0 0 0 0 0 0 0 0 0 0 0 0 0 0 0 0 0 0 0 1 0 35 3 4 73 113 100 26 2 1 1 1 0 0 0 1 1 2 2 2 1 1 1 0 0 0 0 0 0 0 0 0 1 1 3 9 14 12 6 2 1 1 1 0 0 0 0 0 0 0 0 1 9 227 103 1 1 1 1 0 1 0 0 0 0 0 0 1 1 6 30 1 1 1 1 1 2 2 2 0 1 2 131 63 19 4 5 3 5 6 3 2 3 4 3 85 145 3 26 3 6 17 15 4 2 4 25 18 2 1 1 0 1 0 0 0 0 0 0 0 0 0 0 0 0 0 0 0 1 1 1 2 12 32 66 239 10 1 1 1 1 2 2 2 2 2 2 2 1 1 1 1 1 1 1 1 0 0 1 0 1 1 1 5 1 1 1 1 1 1 1 1 1 1 8 97 161 166 142 132 39 1 1 1 0 1 1 1 0 1 1 1 1 1 1 0 1 1 1 2 75 233 255 242 73 3 1 1 1 1 1 4 5 1 0 0 0 0 1 0 1 1 5 222 53 1 1 89 6 1 1 1 1 1 1 1 1 1 3 44 90 92 81 56 29 8 3 2 1 1 1 1 1 1 1 52 2 1 0 0 0 1 1 1 1 1 1 1 2 192 51 2 4 136 19 1 1 1 1 0 1 1 1 1 1 1 1 1 1 1 1 1 1 1 1 1 1 1 1 1
10 4 2 1 1 1 1 0 1 8 3 0 0 1 1 0 0 0 0 0 0 0 0 0 0 0 0 0 0 0 0 0 0 0 0 0 0 0 0 0 0 0 0 0 0 0 0 0 0 0 0 0 0 0 0 0 0 0 0 1 1 1 0 0 1 1 1 1 1 1 1 1 1 1 1 1 1 1 1 1 0 1 1 1 14 210 29 1 1 0 0 0 0 0 0 0 0 1 0 1 2 2 2 3 3 3 3 5 5 3 2 10 86 189 248 255 255 95 3 1 1 1 1 6 1 0 0 1 2 1 0 1 0 0 0 0 0 0 0 0 0 1 0 2 1 1 2 17 4 1 2 34 1 0 0 0 0 0 0 0 0 0 1 1 11 6 0 0 0 0 0 0 0 0 1 0 0 0 0 0 0 0 1 0 0 0 1 21 11 1 1 0 0 0 0 0 0 0 0 0 0 0 0 0 0 0 0 0 0 0 0 1 1 37 2 0 0 1 15 91 111 46 3 1 1 1 0 0 0 0 1 1 2 2 1 1 1 0 0 0 0 0 0 0 0 0 0 1 1 3 8 14 13 6 2 1 1 1 1 0 0 1 1 2 199 177 1 1 0 0 1 1 1 1 1 1 1 1 1 1 2 34 3 1 1 0 0 0 1 3 3 1 1 2 121 75 10 29 27 25 26 30 23 11 9 8 11 160 64 1 5 18 8 6 15 6 18 27 4 1 1 0 0 0 1 0 0 0 0 0 0 0 0 0 0 0 0 0 0 0 0 1 0 1 1 1 5 221 134 8 4 8 6 2 1 1 1 1 1 1 1 1 0 0 0 0 0 1 1 1 1 1 1 1 1 5 1 1 1 1 1 1 2 6 82 161 166 124 21 2 6 127 1 1 1 1 1 1 1 1 1 1 1 1 1 1 0 0 1 2 34 203 255 247 81 2 1 1 1 1 1 0 0 1 8 1 0 0 0 0 1 1 1 1 170 175 1 1 2 96 3 2 3 3 6 9 16 26 39 55 89 62 6 2 1 2 1 0 0 1 0 0 1 1 1 0 1 44 6 1 0 0 0 0 0 0 1 1 0 1 2 190 58 2 2 115 55 1 1 1 1 1 1 1 1 0 0 0 0 0 0 0 0 1 1 0 0 0 0 0 0 0
1 1 0 1 0 0 0 1 2 9 1 0 0 0 1 1 0 0 0 0 0 0 0 0 0 0 0 0 0 0 0 0 0 0 0 0 0 0 0 0 0 0 0 0 0 0 0 0 0 0 0 0 0 0 0 0 0 1 1 1 1 1 2 1 1 1 1 1 1 1 1 1 1 1 1 0 0 1 1 1 1 1 1 1 2 122 180 4 1 1 0 0 0 0 0 0 0 0 0 1 1 1 1 0 1 1 2 3 4 7 45 250 255 255 253 169 30 2 1 1 1 1 1 6 1 0 0 1 1 1 1 1 0 0 0 0 0 0 0 0 0 1 1 2 2 8 18 2 1 0 3 30 1 0 0 0 0 0 0 0 0 0 1 1 17 3 0 0 0 0 0 0 0 1 1 0 0 0 0 0 0 0 1 0 0 0 1 10 16 13 12 7 3 1 1 0 0 0 0 0 0 0 0 0 0 0 0 0 0 0 0 0 1 38 2 0 0 0 0 0 3 72 113 86 14 2 1 1 0 0 0 0 1 1 2 2 2 1 1 1 0 0 0 0 0 0 0 0 0 0 1 1 2 7 13 14 9 5 4 3 3 4 7 150 217 3 1 0 0 0 1 1 1 1 0 0 0 0 1 1 21 11 1 0 0 0 0 0 1 3 4 4 4 4 111 103 6 6 6 4 3 4 13 12 2 1 4 177 19 1 1 4 1 2 13 35 16 1 1 0 0 0 0 0 1 0 0 0 0 0 0 0 0 0 0 0 0 0 0 0 0 1 1 0 1 1 1 59 212 193 217 240 232 151 6 1 0 0 1 1 1 0 0 0 0 0 1 1 1 1 1 1 1 1 1 2 3 1 1 1 6 70 155 168 134 26 2 1 1 1 9 123 1 1 1 1 1 1 1 0 1 1 1 1 1 1 1 2 20 176 254 254 136 2 1 1 1 1 0 0 0 0 0 1 8 2 0 0 0 0 1 1 1 38 224 7 1 1 2 96 93 99 102 103 99 95 88 78 63 44 22 3 1 1 0 1 1 0 1 1 0 0 1 1 1 0 1 16 29 1 0 0 0 1 1 1 1 1 1 1 2 186 75 2 1 73 101 1 1 1 1 1 1 0 0 0 0 0 0 0 0 0 0 0 1 0 0 0 0 0 0 0
0 0 0 0 0 0 0 1 7 3 1 0 0 0 0 1 1 0 0 0 0 0 0 0 0 0 0 0 0 0 0 0 0 0 0 0 0 0 0 0 0 0 0 0 0 0 0 0 0 0 0 0 0 0 0 0 1 1 1 0 0 0 0 1 2 2 2 3 4 5 5 5 3 1 1 1 1 1 1 1 1 1 1 1 1 11 208 46 2 1 1 1 0 0 0 0 1 1 1 1 1 1 1 1 1 1 1 1 1 28 255 253 117 30 7 3 6 1 1 1 1 0 1 6 1 1 1 2 1 0 1 1 1 0 0 0 0 0 0 1 1 1 3 14 21 11 1 1 1 0 5 24 1 0 0 0 0 0 0 0 0 0 1 1 19 1 0 0 0 0 0 0 0 1 0 0 0 0 0 0 0 0 1 0 0 0 1 10 4 1 2 4 9 12 12 8 3 1 1 1 0 0 0 0 0 0 0 0 0 0 0 0 1 39 1 0 0 0 0 0 0 1 1 31 101 113 64 5 1 1 0 0 0 0 1 1 1 2 2 1 1 1 1 0 0 0 0 0 0 0 0 0 0 1 1 2 5 9 11 12 12 11 87 238 23 1 0 0 0 0 0 0 0 0 0 0 0 1 1 7 27 1 1 1 1 1 1 1 1 3 2 2 1 2 94 111 1 1 1 2 2 1 1 7 17 10 7 181 6 1 1 2 2 8 43 16 1 1 0 0 0 0 0 0 1 0 0 0 0 0 0 0 0 0 0 0 0 0 0 0 0 0 1 1 1 1 1 2 119 178 187 132 160 232 168 3 1 1 1 1 1 1 0 0 1 1 1 1 1 1 1 1 1 1 1 2 47 75 104 155 168 142 40 3 1 1 1 1 1 1 27 111 1 1 1 1 1 1 1 1 1 1 1 1 1 5 54 193 254 255 186 4 1 1 1 1 1 1 1 1 1 1 1 1 7 2 0 0 0 0 1 1 2 212 102 1 1 1 9 14 10 5 3 2 1 1 1 1 1 1 7 1 1 0 0 1 1 0 1 1 0 0 1 1 1 1 1 2 49 2 1 0 0 1 1 1 1 1 0 1 2 179 91 2 1 33 129 2 1 1 1 1 1 1 1 0 0 0 0 0 0 0 0 0 1 1 0 0 0 1 1 1
0 0 0 0 0 0 0 2 14 1 0 0 0 0 0 0 1 0 0 0 0 0 0 0 0 0 0 0 0 0 0 0 0 0 0 0 0 1 1 0 0 0 0 0 0 0 0 0 0 0 0 0 0 0 0 0 0 1 0 0 0 0 0 0 0 1 2 14 28 29 25 18 14 11 7 4 2 2 1 1 1 1 1 1 1 4 128 167 5 1 1 1 1 0 0 1 1 1 1 1 1 2 1 1 1 1 1 1 6 248 254 41 4 2 1 1 5 1 1 1 1 1 1 6 1 1 0 2 1 1 1 0 1 1 0 0 1 1 3 13 21 23 20 7 2 1 1 0 1 0 6 21 1 0 0 0 0 0 0 0 0 1 5 12 15 1 0 0 0 0 0 0 0 0 0 0 0 0 0 0 0 0 1 0 0 0 1 11 3 1 1 1 1 1 1 3 7 11 6 2 1 1 1 1 1 1 1 1 1 1 0 0 1 40 1 0 0 0 0 0 0 0 0 0 1 3 54 112 97 15 1 1 0 0 0 1 1 1 1 1 1 1 1 1 1 1 0 1 1 0 0 0 0 0 0 0 0 1 1 1 1 13 233 103 1 1 0 0 0 0 0 0 0 0 0 1 1 1 2 34 2 1 0 0 0 0 0 1 2 3 1 1 1 4 126 64 1 0 1 1 1 2 1 1 2 8 25 181 5 1 2 3 10 45 16 1 0 0 0 0 0 0 0 0 1 0 0 0 0 0 0 0 0 0 0 0 0 0 0 0 0 0 0 1 1 1 1 1 34 239 37 2 3 94 244 41 2 1 1 1 1 1 1 1 1 1 1 1 1 1 1 1 1 1 5 125 156 141 125 42 4 2 2 3 4 6 8 8 8 8 72 100 7 6 6 7 8 12 17 27 47 75 113 163 220 254 255 254 190 6 1 1 1 1 1 1 1 1 1 1 1 1 0 1 4 5 0 0 0 1 1 1 132 199 2 1 1 1 18 2 1 1 0 0 0 0 0 0 1 10 4 2 1 1 1 1 1 0 0 1 1 0 1 1 0 1 1 1 23 21 1 1 0 0 0 0 0 1 1 1 3 174 102 2 1 9 141 3 1 1 1 1 1 0 1 0 0 0 0 0 0 0 0 0 1 1 1 1 1 1 1 1
0 0 0 0 0 0 1 15 5 1 1 1 0 0 0 0 1 0 0 0 0 0 0 0 0 0 0 0 0 0 0 0 0 0 0 0 0 1 1 0 0 0 0 0 0 0 0 0 0 0 0 0 0 0 0 0 0 0 0 0 0 1 1 1 1 1 98 255 255 255 255 255 247 165 48 14 9 7 7 5 2 1 1 1 1 2 29 204 29 3 2 1 1 1 1 1 0 1 1 1 1 1 2 1 1 1 1 3 183 255 91 3 1 1 1 1 4 2 1 1 1 1 1 6 1 0 0 1 1 1 1 1 0 1 1 1 8 23 20 9 3 1 1 1 1 1 0 0 1 0 8 18 1 0 0 0 0 0 0 0 1 1 17 5 2 1 1 0 0 0 0 0 0 0 0 0 0 0 0 0 0 0 1 0 1 1 1 12 2 1 0 0 1 1 0 0 1 1 10 1 0 1 1 1 1 1 1 1 1 1 0 0 1 39 1 0 0 0 0 0 0 0 0 0 0 0 1 1 24 98 107 34 2 1 1 1 1 1 1 1 1 1 1 1 1 1 1 1 1 1 0 0 0 0 0 0 0 1 1 1 3 208 176 1 1 0 0 0 0 1 1 1 1 1 1 1 0 1 12 20 1 1 1 0 0 0 1 2 3 2 1 1 2 38 139 7 1 0 0 0 1 1 2 1 1 1 12 177 38 3 5 40 44 32 1 0 0 0 0 0 0 0 0 0 0 1 0 1 0 0 0 0 0 0 0 0 1 0 0 0 0 1 1 1 1 1 1 1 70 239 5 1 1 6 228 174 10 2 1 1 1 1 1 1 1 1 1 1 1 2 2 3 20 138 173 119 34 68 126 172 204 232 248 254 255 255 255 255 255 255 255 255 255 255 255 255 255 255 255 255 255 255 255 255 251 206 46 2 1 1 1 1 1 0 0 0 0 0 0 0 0 0 0 1 2 8 1 0 1 1 1 11 228 21 1 1 1 0 20 1 1 0 0 0 0 0 0 1 11 2 1 1 2 2 1 1 1 0 0 0 1 0 1 1 0 1 0 1 1 45 5 1 1 0 0 0 0 0 1 1 3 174 106 2 1 3 146 6 1 1 1 1 1 1 1 1 1 1 0 0 1 1 1 1 1 0 1 1 1 1 1 1
0 0 0 0 0 0 4 20 1 1 0 1 1 1 0 0 1 0 0 0 0 0 0 0 0 0 0 0 0 0 0 0 0 0 0 0 0 1 0 0 0 0 0 0 0 0 0 0 0 0 0 0 0 0 0 0 0 0 1 1 1 1 0 0 0 1 254 255 255 255 255 254 255 255 255 241 84 14 4 4 7 4 1 1 1 1 7 127 186 81 14 4 2 1 1 1 1 1 1 1 1 1 1 2 2 2 2 59 255 185 5 2 1 1 1 1 3 4 1 1 0 0 1 6 1 1 1 1 1 2 1 1 1 1 3 21 13 2 1 1 1 0 0 0 1 0 0 0 1 0 9 17 1 0 0 0 0 1 1 1 1 2 18 1 1 1 1 0 0 0 0 0 0 0 1 1 0 0 0 0 0 0 1 1 1 0 1 13 2 1 0 0 0 1 0 0 0 0 9 1 0 0 0 0 0 0 0 0 0 0 0 0 1 39 1 0 0 0 0 0 0 0 0 0 0 0 0 2 1 1 6 81 111 60 4 1 1 0 1 1 1 1 1 1 1 1 1 1 1 1 1 0 0 0 0 0 1 1 1 2 162 216 4 1 1 1 1 1 1 0 0 0 0 0 0 0 0 1 4 33 2 1 1 1 0 0 1 2 3 1 1 1 5 139 38 3 1 0 0 0 0 1 1 2 2 1 5 95 156 22 44 7 3 34 2 1 0 0 0 0 0 0 0 0 0 1 1 1 1 1 0 0 1 1 1 1 1 1 1 2 3 4 4 4 3 2 2 3 151 216 63 16 25 110 208 255 230 112 39 20 15 13 12 13 19 28 49 99 150 202 239 254 255 255 255 255 255 255 255 255 255 255 251 239 215 192 179 172 169 173 224 157 137 132 122 111 97 71 43 22 11 5 3 2 1 1 1 1 1 1 1 1 0 0 0 0 0 0 0 0 0 0 0 1 2 8 0 0 1 1 2 194 146 1 1 1 1 1 20 1 0 0 0 0 0 0 0 5 5 1 0 0 0 2 1 1 0 0 0 0 1 0 1 1 1 1 0 0 1 5 43 2 1 1 0 0 0 0 1 1 2 173 109 2 1 2 142 12 1 1 1 1 1 1 1 1 1 1 1 1 1 0 0 1 1 1 1 1 1 1 1 1
0 0 0 0 0 1 20 4 1 1 0 0 0 0 1 1 1 0 0 0 0 0 0 0 0 0 0 0 0 0 0 0 0 0 0 0 0 1 0 0 0 0 0 0 0 0 0 0 0 0 0 0 0 0 0 0 1 1 1 0 0 0 0 0 1 1 187 255 255 253 255 255 248 153 197 255 255 253 139 37 11 10 6 2 3 6 5 4 85 187 193 134 39 7 3 2 1 1 1 1 1 1 2 1 1 1 10 255 246 18 2 1 1 1 1 2 4 2 1 1 1 1 1 6 1 1 1 1 2 3 4 5 9 18 22 4 1 1 0 0 1 0 0 0 1 0 0 0 1 1 14 12 1 1 1 1 1 1 0 0 1 4 13 1 0 1 1 0 0 0 0 0 1 1 1 1 0 0 0 0 0 0 1 1 0 1 1 14 1 1 0 0 0 0 0 0 0 0 8 2 0 0 0 0 0 0 0 0 0 0 0 0 1 22 21 3 1 0 0 0 0 0 0 0 0 0 0 3 1 0 0 1 2 54 111 100 23 2 1 1 0 0 1 1 1 1 1 2 2 1 1 1 1 0 0 0 1 1 1 116 229 21 1 1 0 0 0 0 0 0 0 0 0 0 0 0 1 1 1 5 31 5 1 1 0 1 1 3 2 1 1 1 61 128 3 2 1 0 0 0 0 0 1 1 2 4 8 8 134 159 9 1 1 11 21 1 1 0 0 0 0 0 0 0 1 1 1 0 0 1 1 1 1 1 1 3 16 94 174 214 232 242 242 238 225 208 193 225 254 251 255 254 254 254 246 245 255 255 255 255 255 255 255 255 255 255 255 255 255 255 255 255 246 221 181 131 92 47 22 9 4 3 2 1 1 1 1 1 1 2 157 3 1 1 1 1 1 1 1 1 1 1 1 1 1 0 1 1 1 1 0 0 0 0 0 0 0 0 0 0 0 0 0 1 2 8 1 1 1 1 74 218 3 1 1 1 0 1 20 1 0 0 0 0 0 0 0 11 1 1 0 0 1 1 2 1 0 0 0 0 1 1 1 1 0 1 0 0 1 1 20 24 1 1 1 0 0 1 1 1 4 179 93 1 1 1 136 24 1 1 1 1 1 1 1 1 1 1 1 1 1 1 1 1 1 1 1 1 1 1 1 1
0 0 0 0 0 3 25 3 1 1 1 1 1 1 1 1 1 1 1 0 0 1 0 0 0 0 0 0 0 0 0 0 0 0 0 0 0 1 0 0 0 0 0 0 0 0 0 0 0 0 0 0 0 0 0 1 1 0 0 0 1 1 1 1 1 1 4 51 79 89 108 188 255 255 171 49 149 255 255 255 237 136 61 34 20 6 3 2 3 11 60 159 197 169 67 13 3 2 1 1 1 1 1 1 2 4 223 255 76 2 1 1 1 1 3 4 2 1 1 0 1 1 1 5 2 6 14 20 25 42 50 53 50 24 2 1 1 1 1 1 1 0 0 0 0 0 0 0 1 1 19 7 1 1 0 0 0 0 0 0 1 12 4 1 0 1 1 0 1 1 1 1 1 0 0 1 1 0 0 0 0 1 1 0 1 1 2 14 2 1 0 0 0 0 0 0 0 0 7 3 0 0 0 0 0 0 0 0 0 0 0 0 0 4 5 25 27 7 1 0 0 0 0 0 0 0 1 2 0 0 0 0 0 0 1 13 92 114 81 7 1 1 0 0 0 0 1 1 1 2 2 2 1 1 1 1 1 2 76 232 59 1 1 1 1 0 0 0 0 1 1 1 1 1 1 1 1 1 1 1 2 27 9 1 1 1 2 2 1 1 1 1 123 77 1 2 1 0 0 0 0 1 1 1 3 9 3 2 65 146 114 4 1 2 38 8 1 1 0 0 0 0 1 1 1 1 1 1 1 1 1 1 2 19 139 228 254 255 255 254 248 246 245 248 251 254 255 251 195 100 92 149 148 64 29 25 40 108 187 221 230 232 228 214 193 164 125 81 39 17 8 5 3 2 2 1 1 1 1 1 1 1 1 1 1 1 1 1 1 3 158 1 1 1 1 1 0 1 1 1 1 1 1 1 1 1 1 0 0 0 0 0 0 0 0 0 0 0 0 0 0 0 0 1 1 8 1 1 1 4 222 58 1 1 1 0 0 1 19 1 0 0 0 0 0 0 1 10 1 1 1 1 1 1 3 1 1 0 0 0 1 1 1 1 0 1 0 0 0 1 1 40 7 1 1 1 1 1 1 1 19 191 31 1 1 1 124 45 2 1 1 1 1 1 1 1 1 1 1 1 1 1 1 1 1 1 1 2 2 4 6 14
0 0 0 0 1 15 7 7 9 10 10 9 9 7 5 3 2 1 1 1 1 1 1 0 0 0 0 0 0 0 0 0 0 0 0 0 0 1 0 0 0 0 0 0 0 0 0 0 0 0 0 0 0 0 1 1 0 0 1 1 1 2 2 3 4 24 79 79 48 32 34 68 117 234 255 162 30 19 85 227 255 255 255 243 178 117 70 39 21 9 6 8 32 123 190 182 98 23 5 1 1 1 1 2 3 114 255 166 5 1 1 1 1 2 5 1 1 0 1 1 1 2 7 26 25 33 38 42 44 32 20 15 15 35 12 3 2 1 1 1 1 0 0 0 0 0 0 1 1 1 23 4 1 1 1 0 0 0 0 1 5 9 2 1 0 1 1 1 1 0 0 0 1 1 1 0 1 0 0 0 1 1 1 1 1 3 11 23 5 1 0 0 0 0 0 0 0 0 5 4 0 0 0 0 0 0 0 0 0 0 0 0 0 3 1 1 3 18 31 16 2 1 0 0 0 0 3 1 0 0 0 0 0 0 0 0 1 1 34 109 97 11 1 1 1 0 0 0 0 1 1 1 2 2 1 1 2 45 228 113 1 1 0 1 1 1 0 0 0 1 0 0 0 1 1 1 1 0 0 0 1 1 22 12 1 1 2 2 1 1 1 3 145 32 1 2 1 0 0 1 1 1 1 3 9 2 2 34 21 10 144 124 42 88 167 164 15 1 0 0 0 1 0 1 0 1 1 1 1 1 9 113 224 255 255 251 212 124 54 26 17 16 16 17 19 23 21 11 4 3 2 2 2 1 1 1 1 1 2 2 3 3 3 3 2 2 2 1 1 1 1 1 1 1 1 1 1 1 1 1 1 1 0 0 0 1 1 1 1 3 157 1 1 0 1 0 0 0 0 0 0 0 0 0 0 0 0 0 0 0 0 0 0 0 0 0 0 0 0 0 0 0 0 1 2 8 1 1 1 157 186 2 1 1 1 0 0 1 18 1 0 0 0 0 0 0 1 8 1 1 1 0 1 1 1 2 2 1 0 0 1 1 1 0 0 0 0 0 0 0 1 3 46 2 1 1 1 1 1 6 130 157 2 1 1 1 104 68 4 2 3 3 3 3 2 1 1 1 1 1 1 1 2 2 3 4 7 14 35 74 118 135
0 0 0 0 3 16 1 1 1 1 1 1 2 3 5 7 10 11 11 10 10 8 6 4 2 2 1 1 1 1 1 0 0 0 0 0 0 1 0 0 0 0 0 0 0 0 0 0 0 0 0 0 0 1 0 0 1 1 2 9 43 71 79 81 90 73 15 3 2 3 4 4 14 87 227 255 184 60 17 13 33 107 230 255 255 255 255 244 208 164 125 92 68 53 54 109 184 193 128 29 5 4 4 6 39 255 232 22 2 2 1 1 1 2 5 1 1 1 2 5 20 36 44 46 47 38 22 12 7 4 3 3 4 14 28 5 4 3 2 1 1 1 1 1 1 1 0 1 1 1 25 3 1 0 1 0 0 0 0 2 13 3 1 0 0 1 1 1 1 0 0 1 1 0 1 1 1 0 0 1 1 1 1 2 10 23 15 7 16 1 0 0 0 0 0 0 0 0 3 6 0 0 0 0 0 0 0 0 0 0 0 0 0 3 1 0 0 1 1 9 29 26 6 1 0 1 3 1 0 0 0 0 0 0 0 0 0 0 1 3 26 108 115 57 4 1 1 0 0 1 1 1 1 1 2 3 41 224 143 3 1 0 0 0 1 1 1 0 1 1 1 1 1 1 0 0 1 0 0 0 0 0 1 19 15 2 2 1 1 1 2 36 149 5 1 1 1 1 1 1 1 2 3 8 2 2 32 21 1 1 9 130 171 152 64 104 146 5 1 0 0 1 1 1 1 1 1 2 24 174 247 255 251 201 85 19 6 3 2 1 1 1 1 1 2 1 1 1 1 1 1 1 1 1 1 1 1 1 1 1 1 1 1 1 1 1 1 1 1 1 1 1 1 1 1 1 0 0 0 0 0 0 0 0 0 1 1 1 1 4 154 2 1 0 0 0 0 0 0 0 0 0 0 0 0 0 0 0 0 0 0 0 0 0 0 1 1 1 1 1 1 1 1 1 1 8 1 1 21 228 8 1 1 1 0 0 0 1 17 1 0 0 0 0 0 0 0 6 1 0 1 1 1 1 1 1 1 2 1 0 1 1 1 0 0 0 0 0 0 0 1 1 14 30 1 1 1 1 12 124 169 17 1 1 1 1 66 108 43 67 114 132 125 100 36 7 4 4 4 6 7 8 10 21 48 100 131 140 135 110 58 19
0 0 0 1 15 3 1 1 0 0 1 0 0 0 0 0 2 1 1 1 2 3 5 7 8 10 10 11 10 9 7 4 2 1 1 1 1 1 0 0 0 0 0 0 0 0 0 0 0 0 0 0 1 1 1 1 4 39 85 85 63 36 20 16 7 2 1 1 3 2 2 3 3 3 14 208 255 239 104 19 5 4 8 28 86 184 247 255 255 255 255 255 255 255 246 225 193 184 211 213 111 75 82 137 253 253 75 3 2 1 1 1 1 1 6 2 4 19 43 53 56 49 35 15 5 3 2 2 1 2 7 18 27 39 68 52 47 45 33 14 5 2 1 1 1 1 1 1 1 3 24 2 0 0 0 1 0 0 1 5 9 1 1 0 1 1 1 1 0 0 1 1 0 0 0 0 1 1 1 1 1 2 6 21 16 3 1 2 21 1 0 0 0 0 0 0 0 0 2 9 1 0 0 0 0 0 0 0 0 0 0 0 1 4 0 0 0 0 1 1 1 3 21 31 16 3 2 1 0 0 0 0 0 0 0 0 0 0 1 4 1 1 4 65 115 99 10 1 1 1 1 0 0 1 3 83 225 155 6 1 1 1 1 0 0 1 1 1 1 1 1 1 1 1 1 1 1 1 1 0 0 0 0 1 19 18 2 2 1 4 75 134 39 1 1 1 2 2 2 4 6 7 8 3 2 29 23 1 1 1 1 2 3 2 1 2 123 130 4 0 1 1 1 1 2 12 56 174 242 254 239 131 23 4 1 1 1 1 1 1 1 1 1 1 1 1 1 1 1 1 1 1 1 1 1 1 1 1 1 1 1 1 1 1 1 1 0 0 0 1 0 1 1 1 1 0 0 0 0 0 0 0 0 0 0 1 1 1 1 24 118 41 1 0 0 0 0 0 0 0 0 0 0 0 0 0 0 0 0 0 0 0 0 0 0 0 0 0 0 0 0 0 0 1 1 9 1 2 205 123 1 1 1 0 0 0 0 1 17 1 0 0 0 0 0 0 0 6 1 1 1 1 1 1 1 0 1 1 2 2 1 0 1 1 1 0 0 0 0 0 1 1 1 36 11 1 2 30 156 160 30 1 1 1 1 1 6 117 128 106 58 29 41 72 126 111 87 88 120 122 118 126 135 141 133 96 50 23 10 6 4 4
0 1 1 2 17 1 1 1 1 1 1 0 0 0 0 0 2 0 0 0 0 0 2 2 0 1 1 1 2 3 4 7 9 11 12 12 11 11 9 5 3 1 1 1 1 1 0 0 0 0 0 0 1 1 3 43 86 52 8 2 1 3 5 6 5 2 1 3 4 19 25 25 23 11 4 8 118 254 255 163 35 5 3 3 4 5 11 32 75 134 184 215 240 251 255 255 255 255 255 255 255 255 255 255 248 135 6 2 1 2 2 3 5 9 26 40 64 63 46 28 9 3 2 2 1 1 1 1 2 12 41 36 30 22 25 46 56 61 72 81 74 29 6 2 2 2 1 1 1 9 16 2 1 0 0 1 0 0 1 9 5 1 0 0 1 1 1 0 0 1 1 0 0 1 1 1 1 1 1 1 6 21 21 5 1 1 1 1 21 2 0 0 0 0 0 0 0 0 1 10 1 0 0 0 0 0 0 0 0 0 0 0 1 3 0 0 0 0 0 0 1 1 1 1 9 31 27 6 1 1 0 0 0 0 0 0 0 0 1 4 1 0 0 1 1 22 108 110 40 3 1 1 1 4 182 235 124 2 1 2 2 1 1 1 1 1 0 0 1 0 0 0 0 0 0 0 0 0 1 1 1 0 0 0 1 23 15 2 5 117 117 15 3 3 4 6 10 13 13 9 5 3 3 2 32 24 1 1 1 1 0 0 1 1 1 1 3 135 117 3 1 2 9 66 186 219 211 195 247 113 11 2 1 1 1 1 1 1 1 1 1 1 1 1 1 1 1 1 1 0 1 1 1 1 0 0 0 0 0 0 0 0 0 0 0 0 1 1 1 1 1 1 0 0 0 0 0 0 0 0 0 0 0 0 1 1 1 1 1 57 16 109 1 0 0 0 0 0 0 0 0 0 0 0 0 0 0 0 0 0 0 0 0 0 0 0 0 0 0 0 0 0 1 1 1 9 1 105 212 2 1 1 0 0 0 0 0 2 14 1 0 0 0 0 0 0 1 5 2 1 1 1 1 1 1 1 1 1 1 2 1 0 0 1 1 1 0 0 0 0 0 1 1 3 47 4 51 181 175 193 157 3 1 1 1 1 1 2 3 3 2 1 1 2 6 54 91 110 146 148 119 73 38 12 6 5 4 3 2 2 1 1
0 1 1 11 5 1 1 1 1 1 0 0 0 0 0 1 2 0 0 0 0 0 2 1 0 0 1 1 0 0 0 0 1 1 1 1 1 2 3 7 10 12 13 13 13 12 10 7 5 3 1 1 2 30 84 49 5 1 1 1 1 0 0 1 2 5 4 4 29 11 4 4 6 17 24 8 5 39 223 255 210 56 7 2 2 2 2 2 3 4 5 7 12 19 34 51 75 110 147 211 240 233 225 211 128 36 12 11 17 29 48 60 75 84 92 79 36 11 4 2 2 1 1 1 1 1 1 2 17 40 10 4 3 3 3 2 3 3 5 11 33 79 81 53 31 20 15 9 7 23 13 3 1 1 1 1 0 0 1 11 4 1 0 1 1 1 0 0 0 1 1 1 1 1 1 0 1 1 1 12 21 6 2 1 1 1 1 1 21 2 0 0 0 0 0 0 0 0 1 12 4 4 5 4 2 1 1 1 1 0 0 0 1 3 0 0 0 0 0 0 0 0 1 1 1 1 3 23 31 13 2 1 1 0 0 0 0 0 4 2 0 0 0 0 0 0 1 8 81 116 99 19 1 161 223 23 1 1 1 1 1 1 2 2 1 1 1 1 0 0 0 0 0 0 0 0 0 0 0 0 1 0 0 0 0 1 23 16 113 100 7 3 3 10 13 7 3 1 1 1 1 1 2 36 21 1 1 1 1 1 1 0 0 0 1 1 1 6 163 99 129 205 225 211 135 14 16 248 113 2 1 1 1 1 1 1 1 1 1 1 1 0 0 0 0 1 1 0 1 0 1 1 1 0 0 0 0 0 0 0 0 0 0 0 0 0 0 0 0 0 0 0 1 1 1 1 1 1 0 0 0 0 0 0 1 1 1 1 1 70 2 75 39 1 0 0 0 0 0 0 0 0 0 0 0 0 0 0 0 0 0 0 0 0 0 0 0 0 0 0 1 1 1 1 1 9 5 226 35 1 1 0 0 0 0 0 0 4 11 1 0 0 0 0 0 0 1 3 3 2 2 3 3 3 3 3 2 1 1 3 1 0 0 0 1 1 1 1 0 0 0 1 1 1 21 73 187 168 189 105 200 28 1 1 1 1 1 1 1 1 1 1 1 1 1 1 2 4 10 47 116 119 11 4 2 2 2 2 2 2 2 3
1 1 1 19 1 1 1 0 1 1 1 0 0 0 0 1 2 0 0 0 0 0 2 1 0 0 1 1 0 0 0 0 1 1 0 0 0 0 1 2 1 1 1 1 1 3 4 5 8 10 12 15 65 62 7 1 1 0 0 1 1 0 0 0 0 1 6 8 38 4 2 2 2 3 7 30 3 3 20 166 255 239 88 10 2 2 1 1 1 1 2 2 2 2 2 3 3 4 5 10 46 116 133 43 21 38 55 80 96 98 88 81 79 60 56 52 49 25 8 4 2 1 1 1 1 1 3 24 37 7 2 2 1 1 1 1 1 1 2 1 2 5 25 57 76 81 86 87 84 91 74 33 8 3 2 2 1 1 2 13 2 1 1 1 1 1 0 1 1 1 0 0 0 0 1 0 1 1 3 25 4 1 1 1 1 1 1 1 22 2 0 0 0 0 0 0 0 0 1 5 6 5 5 6 9 10 10 8 5 3 1 1 1 3 0 0 0 0 0 0 0 0 0 0 1 1 1 1 2 13 31 24 4 1 1 0 0 1 5 1 0 0 0 0 0 0 0 1 1 1 19 100 114 245 65 1 1 1 0 0 0 1 1 1 2 2 1 1 1 1 1 0 0 0 0 0 0 0 0 1 1 0 0 0 0 1 1 33 165 13 2 8 11 4 1 1 0 1 1 1 1 1 24 26 1 1 1 0 1 1 1 0 1 1 1 1 2 57 245 255 255 254 251 249 217 61 139 248 4 1 1 1 1 1 1 1 0 0 0 0 0 0 0 0 0 0 0 0 1 0 0 1 0 0 0 0 0 0 0 0 0 0 0 0 0 0 0 0 0 0 0 0 0 0 1 1 1 1 1 1 1 1 1 1 1 1 1 1 1 73 1 3 110 1 0 0 0 0 0 0 0 0 0 0 0 0 0 0 0 0 1 1 1 1 0 1 1 1 1 1 1 1 1 1 2 9 173 173 1 1 1 0 0 0 0 0 1 5 9 1 0 0 0 0 0 0 1 2 4 4 3 2 1 1 1 1 2 2 0 2 1 0 0 0 0 1 1 0 0 0 0 1 0 1 2 156 194 189 26 27 203 8 1 1 1 1 1 1 1 1 1 1 0 0 1 1 1 1 1 1 6 109 59 3 2 2 2 2 2 5 17 44
1 1 1 19 1 1 1 0 1 1 1 0 0 0 0 1 2 0 0 0 0 0 2 1 0 0 1 1 0 0 0 0 1 0 0 0 0 1 1 2 0 0 0 0 1 2 1 0 1 1 1 20 60 10 2 1 1 0 0 0 0 0 0 0 0 0 4 12 40 3 1 1 1 2 2 23 13 1 2 13 123 253 248 123 15 3 2 1 1 1 1 1 1 1 1 1 1 1 2 2 4 10 76 114 21 36 65 51 28 13 8 12 14 5 14 6 8 32 42 22 8 3 2 2 2 3 25 35 5 2 1 1 1 1 1 1 1 0 1 1 1 1 1 2 4 6 7 10 15 36 81 54 58 43 22 11 7 6 8 14 2 1 1 1 1 1 1 1 1 1 1 1 1 1 1 1 1 2 4 23 2 1 0 1 1 1 0 1 23 1 0 0 0 0 0 0 0 0 1 2 1 1 1 1 1 1 1 2 3 6 8 9 9 9 1 1 0 0 0 0 0 0 0 1 1 0 1 1 1 0 1 5 25 31 12 2 1 3 3 0 0 0 0 0 0 0 0 0 1 1 1 1 9 248 67 29 3 1 0 0 0 0 0 0 1 1 1 2 1 1 1 1 1 0 0 0 0 0 0 1 0 0 0 0 0 1 1 5 171 30 14 5 1 1 0 1 1 1 1 1 1 1 58 2 0 1 0 0 0 1 1 1 1 1 1 13 215 255 251 166 149 65 29 52 215 248 247 118 2 1 1 1 1 1 0 0 0 0 0 0 0 0 0 0 0 0 0 0 1 1 1 1 0 0 0 0 0 0 0 0 0 0 0 0 0 0 0 0 0 0 0 0 0 0 0 0 0 0 0 0 0 1 1 1 1 1 2 2 3 71 1 1 71 41 0 0 0 0 0 0 0 0 0 0 0 0 0 0 0 0 0 1 0 0 1 1 1 1 1 0 1 1 1 1 2 55 224 5 1 1 0 0 0 0 0 0 1 7 7 1 0 0 0 0 0 0 1 1 2 5 3 2 2 1 1 1 1 3 1 2 2 0 0 0 0 1 1 0 0 0 0 0 1 1 1 114 175 25 3 131 176 1 1 1 1 1 1 1 1 1 1 1 1 1 1 1 1 1 2 2 3 43 121 5 5 13 40 64 73 71 57 30
1 1 1 17 2 1 0 0 0 1 1 1 0 0 0 1 2 0 0 0 0 0 2 0 0 0 1 1 0 0 0 0 1 0 0 0 0 1 1 1 0 0 0 0 1 2 1 0 0 0 0 44 25 1 6 3 1 1 0 0 0 0 0 0 0 0 1 17 57 11 2 1 1 1 2 8 30 2 1 2 11 93 244 253 157 22 3 2 1 1 1 1 1 1 1 1 1 1 1 1 1 2 8 99 113 55 12 4 3 2 2 11 7 2 12 2 1 3 11 33 39 21 9 6 7 23 38 4 1 1 1 1 1 1 1 1 1 1 1 1 1 1 1 1 1 1 1 2 2 3 36 41 12 28 45 53 52 51 54 41 12 4 1 1 1 1 1 1 1 1 1 1 1 1 1 2 3 6 18 10 1 1 1 1 0 1 0 1 24 1 0 0 0 0 0 0 0 0 1 2 1 0 0 0 0 0 0 0 0 0 0 1 1 4 10 10 4 1 1 0 0 0 0 1 1 0 0 0 1 1 1 0 1 2 14 32 24 12 1 1 0 0 0 0 0 0 0 0 1 0 1 1 57 244 3 16 42 40 8 1 0 0 0 0 0 0 1 1 1 2 2 1 1 1 1 1 0 0 0 0 0 0 0 0 1 1 2 42 178 50 2 1 1 1 1 1 1 1 1 1 1 12 42 1 1 1 0 0 0 0 1 1 1 1 86 254 255 121 4 1 12 109 58 7 33 33 20 7 6 2 1 1 0 1 0 0 0 0 0 0 0 0 0 0 0 0 0 0 0 1 1 0 0 0 0 0 0 0 0 0 0 0 0 0 0 0 0 0 0 0 0 0 0 0 0 0 0 0 0 0 0 0 0 0 1 1 1 1 6 60 1 0 3 110 1 0 0 0 0 0 0 0 0 0 0 0 0 0 0 0 0 1 1 1 1 0 0 0 0 1 1 1 1 1 5 216 103 1 1 1 0 0 0 0 0 0 1 6 7 1 0 0 0 0 0 0 1 1 1 3 1 1 1 2 2 2 5 5 3 3 1 1 1 0 0 1 1 0 0 0 1 1 1 1 1 4 7 2 45 196 23 1 1 1 1 1 1 1 1 1 1 1 1 1 2 2 2 1 3 8 23 65 142 72 69 60 33 10 5 3 2 1
1 0 0 6 10 1 0 0 0 1 1 1 1 0 0 2 1 0 0 0 0 0 2 0 0 0 1 1 0 0 0 0 1 0 0 0 0 0 1 1 0 0 0 0 1 2 0 0 0 0 1 56 12 1 1 6 3 1 1 0 0 0 0 0 0 0 1 47 56 43 40 7 2 1 1 4 35 4 1 1 2 9 68 225 255 181 28 3 2 1 1 1 1 1 1 1 1 1 1 1 1 1 2 13 115 108 9 2 1 1 2 11 5 3 10 1 1 1 1 3 11 35 44 43 46 37 5 1 1 1 0 0 1 1 0 0 0 0 1 1 1 1 1 1 1 1 1 1 1 1 4 47 22 4 5 7 13 15 18 47 25 20 12 3 2 2 2 2 2 3 3 4 3 3 5 8 19 20 6 1 1 1 0 1 1 1 1 2 23 1 0 0 0 0 0 0 0 0 1 2 1 0 0 0 0 0 0 0 0 0 0 0 1 1 1 1 7 11 6 1 1 0 1 1 0 0 0 0 0 0 1 1 0 0 0 1 6 41 40 21 2 1 0 0 0 0 0 0 1 0 1 2 232 136 1 1 1 5 33 47 22 2 1 1 0 0 0 0 1 1 1 1 2 2 1 1 1 1 1 0 0 0 0 1 1 1 123 160 79 2 1 1 1 1 2 1 1 1 0 0 0 50 7 1 1 0 0 0 0 0 1 1 2 161 255 224 9 1 1 1 1 4 91 90 12 1 2 4 8 7 2 1 1 0 0 0 0 0 0 0 0 0 0 0 0 0 0 0 0 1 0 0 0 0 0 0 0 0 0 0 0 0 0 0 0 0 0 0 0 0 0 0 0 0 0 0 0 0 0 0 0 0 0 1 1 1 1 1 15 47 1 0 1 90 21 0 0 0 0 0 0 0 0 0 0 0 0 0 0 0 0 0 0 0 0 0 0 0 1 1 1 1 1 2 141 199 4 1 1 0 0 0 0 0 0 1 1 4 10 1 0 0 0 0 0 0 1 1 1 1 3 3 3 3 3 4 3 1 1 1 1 1 1 1 1 1 1 1 0 1 1 1 2 3 3 4 5 47 188 91 1 1 1 1 1 1 1 1 1 1 2 2 2 1 1 1 1 2 67 76 61 44 87 7 4 2 1 1 1 1 1 0
1 0 0 1 19 1 1 0 0 1 0 1 1 1 0 2 1 0 0 0 0 1 2 0 0 0 1 1 0 0 0 0 1 0 0 0 0 0 2 1 0 0 0 0 1 2 0 0 0 0 1 68 5 0 1 1 5 4 1 1 0 0 0 0 0 0 1 57 33 39 69 100 58 8 2 3 32 9 1 1 1 2 7 49 201 255 192 31 3 2 1 1 1 1 1 1 0 0 0 0 0 1 1 2 19 134 55 2 1 1 2 12 5 7 4 1 1 1 1 1 2 5 5 10 7 2 1 1 1 0 0 0 1 1 0 0 0 0 0 0 0 0 0 0 0 1 1 0 1 1 1 7 46 31 5 3 2 3 5 19 44 4 10 20 14 13 16 19 21 23 25 23 22 21 22 18 5 1 1 1 0 1 1 1 1 1 1 5 17 1 0 0 0 0 0 0 0 0 0 1 1 0 0 0 0 0 0 0 0 0 0 0 1 1 0 0 1 1 4 10 9 2 1 1 0 0 0 0 0 0 0 0 1 1 0 1 7 2 2 12 38 32 7 1 1 1 0 0 0 1 1 150 228 3 1 1 0 0 1 2 17 46 39 7 1 1 0 0 0 0 1 1 1 1 2 2 2 2 1 1 1 1 1 1 1 14 179 19 3 2 2 2 1 1 1 1 0 0 0 0 1 63 1 1 0 0 0 0 0 0 1 4 206 255 144 6 1 1 1 1 1 1 3 105 75 3 1 1 2 8 7 1 1 1 0 0 0 0 0 0 0 0 0 0 0 0 0 0 0 0 0 0 0 0 0 0 0 0 0 0 0 0 0 0 0 0 0 0 0 0 0 0 0 0 0 0 0 0 0 0 0 0 0 1 0 1 1 1 38 22 0 0 0 10 101 1 0 0 0 0 0 0 0 0 0 0 0 0 0 0 0 0 0 0 0 0 0 0 1 0 1 1 1 19 228 20 2 1 1 1 0 0 0 0 0 0 1 3 13 1 0 0 0 0 0 0 1 1 1 1 1 1 1 1 1 1 1 1 1 1 1 0 0 1 1 1 1 1 1 1 1 2 2 1 2 5 61 191 93 1 1 1 1 1 1 1 1 2 2 1 1 1 1 1 1 1 1 9 90 5 2 6 69 1 1 1 1 0 0 0 1 0
1 0 0 1 18 2 1 1 0 1 0 1 1 1 1 2 1 0 0 0 1 1 2 0 0 0 1 1 0 0 0 0 1 0 0 0 0 0 2 1 0 0 0 0 1 2 0 0 0 0 1 72 2 0 1 0 1 5 5 1 1 0 0 0 0 1 1 63 53 85 61 61 107 121 55 8 38 12 2 1 1 1 2 7 40 187 255 195 29 4 2 1 1 0 1 1 1 0 0 0 0 0 1 1 3 94 115 5 1 1 2 12 6 8 2 1 1 1 1 1 2 4 1 1 1 1 1 1 0 0 0 1 1 1 0 0 0 0 0 0 0 0 0 0 0 0 1 1 0 1 1 1 6 34 47 17 3 1 2 5 58 5 2 4 10 12 9 7 6 4 3 3 4 4 3 1 1 1 1 1 0 1 1 1 1 1 2 13 6 1 0 0 0 0 0 0 0 0 0 1 0 0 0 0 0 0 0 0 0 0 0 0 1 1 0 0 0 0 1 1 2 9 12 5 1 1 1 0 0 0 0 0 0 1 1 1 9 1 0 0 1 5 30 42 21 2 1 0 1 1 28 244 23 1 1 0 0 0 0 0 0 1 5 37 47 18 2 1 0 0 0 0 1 1 1 1 1 1 1 2 2 2 2 2 3 40 174 5 2 2 2 1 1 1 1 1 1 0 0 0 2 63 1 0 0 0 0 0 1 1 7 235 255 68 1 1 3 1 0 1 1 0 1 5 119 50 2 1 1 2 8 6 1 1 1 0 0 0 0 0 0 0 0 0 0 0 0 0 0 0 0 0 0 0 0 0 0 0 0 0 0 0 0 0 0 0 0 0 0 0 0 0 0 0 0 0 0 0 0 0 0 0 0 1 0 1 1 1 57 6 0 0 0 1 93 18 1 0 0 0 0 0 0 0 0 0 0 0 0 0 0 0 0 0 0 0 0 1 1 1 1 1 2 198 144 3 1 1 1 1 1 1 0 0 0 0 0 1 16 1 0 0 0 0 0 0 0 0 1 1 1 1 1 1 1 1 1 1 0 0 0 0 1 1 2 1 1 1 2 2 2 2 8 24 68 147 193 84 2 1 1 1 1 2 3 2 1 1 1 1 1 0 0 0 0 0 1 3 95 8 3 15 57 1 1 1 1 0 0 0 1 0
6 0 0 0 7 9 0 1 1 1 0 0 0 1 1 2 1 0 0 0 1 1 2 0 0 0 0 1 0 0 0 0 1 0 0 0 0 0 2 1 0 0 0 0 1 2 0 0 1 1 2 73 2 0 1 0 0 1 5 5 1 0 0 0 1 1 2 90 113 51 11 6 10 41 109 113 78 22 4 2 1 1 1 2 8 38 183 255 191 25 4 1 1 1 1 1 1 1 0 0 0 0 1 1 2 24 140 39 3 1 3 15 9 4 1 0 1 1 0 0 2 3 1 1 1 1 0 0 0 0 0 1 1 0 0 0 0 0 0 0 0 0 0 0 0 0 0 1 1 1 1 1 1 3 16 43 40 3 1 2 45 19 2 1 1 1 1 1 1 1 1 1 1 1 1 1 1 1 1 1 1 0 0 0 0 1 5 13 2 0 0 0 0 0 0 0 0 0 0 1 0 0 0 0 0 0 0 0 0 0 0 0 1 1 0 0 0 0 0 0 1 1 1 7 13 8 2 1 1 1 0 0 0 0 0 4 4 1 1 0 0 1 1 2 16 44 37 7 1 2 232 140 2 1 0 0 0 0 0 0 0 0 0 0 2 20 45 33 4 1 0 0 1 0 1 1 1 0 1 1 1 1 1 4 39 138 123 41 33 33 34 34 21 3 1 1 1 1 0 0 16 39 1 0 0 0 0 1 1 19 248 252 25 1 1 0 2 3 1 1 0 0 0 1 9 123 52 3 1 1 2 9 5 1 1 0 0 0 0 0 0 0 0 0 0 0 0 0 0 0 0 0 0 0 0 0 0 0 0 0 0 0 0 0 0 0 0 0 0 0 0 0 0 0 0 0 0 0 0 0 0 0 0 0 0 1 1 1 67 2 0 0 0 0 8 104 1 0 0 0 0 0 0 0 0 0 0 0 0 0 0 0 0 0 0 0 0 1 0 1 1 1 94 218 3 3 1 1 0 0 1 1 0 0 0 0 0 1 18 1 1 1 1 1 0 0 0 1 1 1 1 0 0 0 0 0 0 0 0 0 0 1 1 2 1 1 2 2 1 1 5 128 193 202 196 162 29 1 1 1 2 2 1 1 1 1 1 0 0 0 0 0 0 0 0 0 1 1 54 67 59 75 29 1 1 1 0 0 0 0 1 0
20 1 0 1 2 17 1 0 1 1 1 0 0 1 1 2 1 0 0 0 0 2 1 0 0 0 0 1 0 0 0 1 1 0 0 0 0 0 2 0 0 0 0 0 2 1 0 0 0 1 3 70 1 0 1 0 0 0 2 4 6 1 1 0 1 1 19 156 28 12 3 1 2 3 10 55 124 125 40 6 2 1 1 1 2 9 38 187 255 184 22 3 1 1 1 1 0 1 1 0 0 0 0 1 1 4 62 126 33 4 4 18 9 2 0 0 0 1 1 0 2 3 1 1 1 0 1 1 1 0 0 1 1 0 0 0 0 0 0 0 0 0 0 0 0 0 0 0 0 1 1 1 1 1 3 22 57 5 1 1 9 48 7 1 0 0 0 0 1 1 1 1 1 1 1 0 0 0 0 0 1 1 0 0 1 2 14 3 1 0 0 0 0 0 0 0 0 1 1 1 0 0 0 0 0 0 0 0 0 0 0 0 1 1 0 0 0 0 0 0 0 0 0 1 1 4 12 11 3 1 1 1 1 0 1 9 1 1 1 1 1 1 0 0 1 1 6 35 42 128 238 4 1 1 0 0 0 0 0 0 0 0 0 0 0 0 1 7 38 43 15 2 1 0 0 0 1 1 1 0 0 1 14 132 143 60 3 5 7 6 6 7 20 42 5 1 1 1 1 1 54 6 0 0 0 0 1 1 48 254 245 8 1 0 0 0 1 2 2 1 1 1 1 1 1 9 113 82 4 1 1 3 10 3 1 1 0 0 0 0 0 0 0 0 0 0 0 0 0 0 0 0 0 0 0 0 0 0 0 0 0 0 0 0 0 0 0 0 0 0 0 0 0 0 0 0 0 0 0 0 0 0 0 0 0 1 1 1 69 1 0 0 0 0 1 95 15 1 0 0 0 0 0 0 0 0 0 0 0 0 0 0 0 0 0 0 0 1 1 1 1 6 223 56 1 2 0 0 0 0 1 1 0 0 0 0 0 1 18 1 0 1 1 0 0 1 1 1 0 0 0 0 0 0 0 0 0 0 0 0 1 1 1 1 1 1 1 1 1 1 147 191 95 33 10 3 2 2 2 1 1 1 1 1 1 1 1 0 0 0 0 0 0 0 0 1 1 1 4 12 27 107 60 1 1 1 0 0 0 1 1 0
13 5 0 1 1 17 3 2 2 1 1 1 1 1 1 2 1 1 0 0 0 2 1 0 0 0 1 1 0 0 0 1 1 0 0 0 0 0 2 0 0 0 0 0 2 1 0 0 0 0 5 63 1 1 1 0 0 0 2 1 2 7 1 1 1 1 128 80 3 5 7 1 1 1 2 4 16 83 144 100 21 5 2 1 2 3 8 41 193 255 177 17 2 1 1 1 0 0 1 1 0 0 0 0 1 1 6 72 127 50 9 21 5 2 0 0 0 0 1 0 1 4 2 1 1 1 2 3 3 2 1 2 1 0 0 0 0 0 0 0 0 0 0 0 0 0 0 0 0 1 1 1 1 4 33 49 16 1 0 0 2 18 49 3 0 0 0 0 1 1 1 1 0 0 1 1 0 0 0 0 0 0 1 0 1 9 7 1 1 1 1 1 1 1 1 1 1 1 1 1 1 1 1 1 1 1 1 1 1 1 1 1 1 1 0 0 0 0 0 0 0 0 0 0 0 1 1 2 9 13 7 2 1 1 2 6 1 1 1 1 1 1 1 1 1 0 1 1 3 243 124 4 1 1 1 0 0 0 0 0 0 0 0 0 0 0 0 0 1 2 23 49 44 5 1 0 0 0 1 1 1 3 150 63 3 1 1 1 1 1 1 1 1 4 40 8 1 1 1 1 66 1 0 0 0 1 1 94 255 228 4 1 0 0 0 1 1 1 2 2 0 0 1 1 0 1 4 92 97 6 1 1 5 9 1 1 1 0 0 0 0 0 0 0 0 0 0 0 0 0 0 0 0 0 0 0 0 0 0 0 0 0 0 0 0 0 0 0 0 0 0 0 0 1 1 0 0 0 0 0 0 0 0 0 0 1 1 2 66 1 0 0 0 0 0 13 98 1 0 0 0 0 0 0 0 0 0 0 0 0 0 0 0 0 0 0 0 1 1 1 2 172 180 1 1 2 0 0 0 0 1 0 0 0 0 0 0 1 17 2 1 1 1 1 1 1 1 1 0 0 0 0 0 0 0 0 0 1 1 1 1 2 1 1 1 1 1 1 0 1 196 94 5 2 2 2 1 1 1 1 1 1 1 1 1 1 1 1 0 0 0 0 0 0 0 1 1 1 1 3 6 65 119 1 1 1 1 0 1 1 0 1
6 11 0 0 1 6 24 17 13 11 19 19 17 14 8 7 4 2 1 1 1 2 1 1 0 0 1 1 0 0 0 1 1 0 0 0 0 0 2 0 0 0 0 0 2 1 0 0 0 0 13 52 1 1 0 0 0 0 2 1 0 2 7 2 1 2 171 12 2 2 10 2 1 1 2 1 2 5 31 115 144 79 15 4 2 2 3 8 42 202 255 157 9 2 1 1 1 1 1 1 1 1 1 1 1 1 2 9 71 137 77 17 2 4 1 0 0 0 1 1 1 2 4 4 4 4 4 3 2 3 4 4 3 1 0 0 0 0 0 0 0 0 0 0 0 0 0 0 1 1 0 1 4 40 34 7 2 1 0 0 1 4 52 22 1 0 0 0 0 0 0 0 0 0 0 1 0 0 0 0 0 0 1 1 3 14 2 1 1 1 1 1 1 1 1 1 1 1 1 1 1 1 1 1 1 1 1 1 0 0 0 0 0 0 1 1 1 0 0 0 0 0 0 0 0 0 0 0 1 1 5 13 11 4 8 2 1 0 0 1 1 1 1 1 1 1 1 1 2 248 19 2 3 3 2 1 1 0 0 0 0 0 0 0 0 0 0 0 0 1 1 10 19 62 60 12 1 0 0 1 1 79 126 1 1 1 1 1 1 1 1 1 1 1 2 38 7 1 1 3 60 1 0 0 1 2 135 255 196 2 1 0 0 0 1 1 0 0 1 3 1 0 1 0 0 0 1 3 74 108 7 1 1 10 5 1 1 0 0 0 0 0 0 0 0 0 0 0 0 0 0 0 0 0 0 0 0 0 0 0 0 0 0 0 0 0 0 0 0 0 0 0 0 1 1 1 1 1 1 1 0 0 0 0 1 1 1 5 57 1 0 0 0 0 0 1 101 10 1 0 0 0 0 0 0 0 0 0 0 0 0 0 0 0 0 0 0 1 1 1 45 227 7 1 2 1 0 0 0 0 0 0 0 0 0 0 0 1 16 1 1 1 0 0 0 0 1 1 0 0 1 1 1 1 1 1 1 1 2 2 1 1 0 0 0 1 1 1 1 2 193 114 3 2 1 1 1 1 1 1 1 1 1 1 1 1 1 1 1 1 1 1 1 1 1 1 1 1 1 1 8 82 110 1 1 0 1 1 1 0 1 1
2 18 1 0 2 10 6 10 15 17 10 9 12 17 23 26 29 32 34 34 28 19 10 6 3 2 1 2 1 1 1 1 0 0 0 0 0 1 2 0 0 0 0 0 2 1 0 0 0 1 32 32 1 1 0 0 0 0 2 0 0 0 2 7 2 17 165 4 1 1 8 3 1 3 7 5 2 1 3 8 47 130 134 55 10 3 2 3 7 46 216 255 118 5 1 1 1 1 1 1 1 1 1 1 1 1 2 39 129 152 160 13 1 4 2 1 0 0 0 0 0 0 1 2 2 2 1 1 1 1 1 2 3 3 1 0 0 0 0 0 0 0 0 0 0 0 0 1 1 1 1 5 43 24 3 2 1 0 0 1 1 1 19 60 1 0 0 0 1 1 1 0 0 0 0 1 1 0 0 0 0 0 0 1 13 5 1 1 1 1 1 1 1 0 1 1 0 0 0 0 0 0 0 0 0 0 0 0 0 0 0 0 0 0 0 0 1 1 1 1 0 0 1 1 1 0 1 1 1 1 1 1 2 13 53 28 7 2 1 1 0 1 1 1 1 1 1 1 3 248 6 1 1 1 2 3 3 1 1 0 0 0 0 0 0 0 0 0 1 1 8 4 1 1 6 51 68 34 4 4 3 160 14 1 1 0 1 1 0 0 0 0 1 1 1 2 40 4 1 22 34 1 1 1 2 177 255 161 2 1 1 1 0 1 1 0 0 0 0 1 3 1 1 0 0 0 0 1 3 61 110 6 1 4 10 1 1 1 0 0 0 0 0 0 0 0 0 0 0 0 0 0 0 0 0 0 0 0 0 0 0 0 0 0 0 0 0 0 0 0 0 0 0 0 0 0 0 1 1 1 1 1 1 1 1 1 1 13 45 1 0 0 0 0 0 0 18 94 1 0 0 0 0 0 0 0 0 0 0 0 0 0 0 0 0 0 0 1 1 3 212 112 1 1 2 1 0 0 0 0 0 0 0 0 0 0 0 1 17 1 0 1 1 1 0 1 1 1 1 1 1 2 2 2 2 2 2 2 1 1 1 0 1 1 1 1 1 1 2 4 154 162 3 1 1 1 1 1 1 0 0 0 1 1 1 1 1 0 1 1 1 1 1 1 1 1 1 1 1 5 52 124 30 1 1 1 1 1 1 1 1 0
1 19 1 2 10 2 1 1 0 1 1 1 0 0 1 1 1 1 1 2 5 18 6 11 17 20 21 20 18 18 14 10 5 2 2 1 1 1 2 1 1 0 0 1 2 0 0 0 0 1 50 14 0 1 0 0 0 1 2 0 0 0 0 1 8 113 104 2 1 1 4 7 7 15 12 15 14 3 1 2 3 10 68 143 124 39 7 4 4 8 57 242 253 56 2 1 1 1 2 3 3 2 1 1 1 2 18 147 95 78 50 2 1 2 4 1 0 0 0 0 0 0 0 0 1 1 1 1 1 1 1 1 1 4 1 0 0 0 0 0 0 0 0 0 0 0 0 1 1 1 4 42 25 3 1 1 1 0 1 1 0 1 14 59 1 0 0 0 1 1 1 1 0 0 0 0 1 0 0 0 0 0 0 2 17 5 3 2 1 1 1 1 1 1 1 1 0 0 0 0 0 0 0 0 0 0 0 0 0 0 0 0 0 0 0 0 0 0 1 1 1 1 1 1 2 2 2 2 1 1 1 1 1 25 24 10 33 39 15 3 1 1 0 1 1 1 1 1 6 248 4 1 0 0 1 1 2 3 3 2 1 1 0 0 0 0 0 0 1 5 7 1 0 0 1 1 2 28 66 57 24 155 23 1 1 1 1 0 0 0 0 0 0 1 1 1 4 40 2 52 7 1 1 4 213 255 126 3 1 1 0 1 1 1 1 1 1 1 1 1 1 3 1 1 1 0 0 1 1 2 75 100 4 1 12 3 1 1 1 0 0 0 0 0 0 0 0 0 1 1 1 1 1 1 1 1 1 1 1 1 1 1 1 1 1 1 1 1 1 0 0 0 0 0 0 0 0 0 0 0 0 0 0 1 1 1 2 28 32 2 1 1 1 0 0 0 1 98 11 1 0 0 0 0 0 0 0 0 0 0 0 0 0 0 0 0 1 1 1 123 208 2 1 1 2 1 0 0 0 0 0 0 0 1 1 1 1 2 16 1 1 1 1 1 1 1 1 2 2 2 1 1 0 0 0 1 1 1 1 1 1 1 1 2 2 1 1 1 2 8 143 189 3 1 1 1 1 1 1 0 0 1 1 1 1 1 1 0 0 1 1 0 0 1 1 1 1 3 14 69 118 44 1 1 1 1 1 0 1 1 1 1
1 13 12 10 2 0 1 1 0 1 1 1 1 1 0 0 1 1 1 1 1 13 0 1 1 1 1 3 1 1 3 7 12 16 18 18 18 15 8 4 4 5 2 1 2 1 1 1 1 1 63 5 0 1 0 0 0 1 2 1 1 1 1 1 2 167 20 1 1 1 2 19 13 4 2 3 7 14 2 1 1 2 4 18 98 155 111 31 6 5 12 94 255 232 11 1 2 36 124 160 149 50 6 4 8 29 122 106 7 4 1 1 1 1 3 3 1 0 0 0 0 0 0 0 0 1 1 1 1 1 1 1 2 4 1 1 1 1 0 0 0 0 0 0 0 0 1 1 1 2 32 37 3 1 1 1 1 1 1 0 0 1 6 65 2 0 0 0 0 0 1 1 1 0 0 0 1 1 0 0 0 0 0 1 10 15 17 18 18 14 5 1 1 1 1 1 1 1 0 0 0 0 0 0 0 0 0 0 0 0 0 0 0 0 0 1 1 1 1 1 4 17 36 45 47 48 48 45 43 40 35 26 15 54 2 1 1 5 30 47 30 5 1 1 0 1 1 1 15 248 3 1 0 0 0 0 1 1 1 2 3 2 1 1 0 0 0 1 3 10 1 0 0 0 0 0 1 1 1 6 42 102 135 14 1 1 0 0 0 0 0 0 0 0 1 1 1 11 30 65 2 1 7 238 255 71 1 2 2 1 1 1 1 1 0 0 0 0 0 0 0 1 3 1 0 0 0 0 1 1 4 91 92 3 9 5 1 1 1 1 1 1 1 1 1 1 1 1 1 1 1 1 1 2 1 2 2 2 2 2 2 2 2 1 1 1 1 1 1 1 1 1 0 0 0 0 0 0 0 0 0 0 0 0 1 1 1 45 11 1 1 2 2 2 2 2 1 14 95 12 1 1 1 0 0 0 0 0 0 0 0 0 0 0 0 0 1 1 6 225 46 1 1 1 2 1 0 0 0 0 0 0 1 1 0 1 2 13 3 1 1 1 1 1 1 1 1 1 1 1 1 1 1 1 1 1 1 1 2 2 1 1 1 1 2 5 11 11 14 158 204 108 9 4 2 1 1 1 1 1 1 1 0 1 1 1 1 0 0 1 1 1 1 1 2 6 34 86 119 110 27 2 1 1 1 1 1 1 1 1 1 2
0 1 6 3 1 0 0 1 1 1 0 0 0 1 1 1 0 0 0 1 2 12 1 0 0 0 1 3 0 0 1 1 0 1 1 1 2 7 8 12 12 11 16 21 26 23 22 20 13 6 75 2 1 1 1 1 0 1 2 1 0 0 1 1 3 175 4 1 1 1 3 22 4 1 1 1 2 10 11 1 1 1 1 2 5 31 119 154 97 19 8 22 169 255 127 3 62 188 125 62 81 152 112 110 147 158 107 6 2 1 1 0 1 1 1 4 2 1 1 1 1 1 1 1 1 1 1 1 1 1 2 2 3 4 2 1 1 1 1 1 1 1 1 1 1 1 1 1 2 23 45 4 1 1 1 0 0 1 1 1 1 2 23 60 3 1 0 0 0 0 0 1 1 1 0 0 0 1 0 0 0 0 0 1 1 1 1 2 3 5 15 21 19 13 5 2 1 1 1 1 0 1 1 1 1 0 0 0 0 0 0 0 0 1 1 1 1 4 21 43 45 26 10 4 3 3 3 3 4 6 10 17 42 19 1 1 1 1 1 3 19 47 43 12 2 1 1 1 39 248 3 1 1 1 0 0 0 0 1 1 1 2 3 3 1 1 1 1 11 1 0 0 0 0 0 0 0 0 0 1 3 19 84 142 8 1 0 0 0 0 1 0 0 0 0 1 1 1 26 90 2 19 248 252 35 1 1 1 3 1 1 1 0 0 0 0 0 0 0 0 0 1 3 0 0 0 0 0 0 1 2 5 101 85 8 7 1 1 1 1 1 1 1 1 1 1 1 1 1 1 1 1 1 1 1 1 1 1 1 1 1 1 1 1 1 1 1 1 1 1 1 1 1 1 1 0 0 0 0 0 0 0 0 0 1 1 1 57 4 0 0 1 1 1 1 1 1 2 18 99 93 60 31 14 5 2 1 1 1 1 0 0 0 0 0 1 1 1 139 200 2 1 0 1 1 1 0 0 0 0 0 0 0 0 0 1 15 3 1 1 1 1 1 1 1 1 1 1 1 1 1 1 1 1 1 1 1 1 1 1 1 1 3 9 19 20 11 11 15 140 194 192 159 95 36 15 6 3 2 1 1 0 0 1 1 1 1 0 0 1 1 1 2 10 68 128 131 101 49 9 2 1 1 1 1 1 1 1 1 3 13 96
0 0 1 3 4 0 0 1 0 0 0 0 0 0 0 1 1 1 0 1 4 9 1 0 0 0 1 3 0 0 1 1 0 0 0 0 0 4 1 0 0 0 1 2 3 1 2 4 9 19 102 30 29 27 22 15 8 5 3 2 2 1 1 1 30 159 2 1 1 3 10 7 6 1 1 1 1 2 14 8 1 0 1 1 1 2 6 45 134 150 62 16 56 249 251 12 19 135 166 40 5 37 120 125 74 19 3 1 1 1 1 1 1 1 1 2 4 1 1 1 1 1 1 1 2 2 3 3 5 9 21 41 52 51 34 19 9 6 4 3 2 1 1 1 1 1 1 2 19 47 6 1 1 1 0 0 0 1 1 1 1 14 39 21 4 1 0 0 0 0 0 0 0 1 1 1 0 1 1 0 1 1 1 1 1 1 1 0 1 1 1 2 3 6 15 21 19 9 5 2 2 1 1 1 1 1 1 0 0 1 1 1 1 1 4 20 43 45 22 4 2 1 1 1 1 1 1 1 1 1 1 1 21 4 1 1 1 1 1 1 1 2 8 39 51 26 4 1 81 245 2 1 0 1 1 1 1 0 0 0 1 1 1 1 3 3 2 10 3 1 0 0 0 0 0 0 0 0 1 2 9 1 2 79 139 4 1 0 1 1 1 0 0 0 0 0 1 1 2 105 66 254 245 15 1 1 1 1 1 3 1 0 0 0 0 0 0 0 0 0 0 1 3 0 0 0 0 1 1 2 1 1 20 134 22 6 0 1 1 1 1 1 1 1 1 1 1 1 1 1 1 1 1 1 1 1 1 1 1 1 0 1 1 1 1 1 1 1 1 1 1 1 1 1 1 1 1 0 0 0 0 0 0 0 1 1 1 61 2 0 0 0 0 0 1 0 0 0 1 1 19 53 84 100 109 110 94 58 25 9 4 2 1 1 1 1 1 4 222 69 1 1 0 1 1 2 0 0 0 0 0 0 0 0 0 1 18 1 0 0 0 0 1 1 1 1 1 1 1 1 1 1 1 1 1 1 1 1 1 1 2 12 21 14 4 1 1 1 1 2 11 59 139 182 191 179 157 118 58 19 4 1 0 1 1 1 1 0 0 1 3 27 105 142 118 49 13 5 2 1 1 1 1 1 1 2 10 45 90 126 134 71
0 0 0 1 5 1 0 1 0 0 0 0 0 0 0 0 0 1 1 1 7 5 0 1 0 0 0 3 0 0 1 1 0 0 0 0 0 4 1 0 0 0 1 2 2 1 1 1 1 2 85 1 1 2 4 9 17 23 28 28 30 30 28 24 134 106 23 24 24 23 8 3 9 1 1 1 1 1 3 16 5 1 0 1 1 1 1 3 10 68 158 137 62 156 255 121 3 4 50 158 6 2 3 2 2 2 1 1 1 1 1 1 1 1 1 1 4 2 1 2 2 3 4 7 14 33 63 104 134 151 155 151 144 148 153 155 150 135 112 79 48 24 10 4 3 2 2 16 47 7 2 1 1 1 0 1 1 1 1 1 2 9 41 5 8 2 1 1 1 1 1 1 1 1 1 1 1 1 1 1 1 0 0 0 0 0 0 0 0 1 1 1 1 1 1 2 6 54 38 40 33 19 6 2 2 1 1 1 1 2 2 5 19 45 45 22 4 1 1 1 1 1 1 1 1 1 1 1 1 1 1 1 20 2 1 1 1 1 1 1 1 1 1 1 3 22 50 41 148 237 2 1 0 0 0 0 1 1 1 0 0 0 0 1 1 1 8 4 1 0 0 0 0 0 0 0 0 1 2 9 1 1 1 2 96 128 2 1 0 0 1 2 0 0 0 1 1 1 3 143 255 228 8 1 1 0 1 1 1 1 2 1 0 0 0 0 0 0 0 0 0 0 4 0 0 0 1 2 1 1 1 12 86 60 46 7 1 1 1 1 1 1 1 1 1 1 1 1 1 1 1 1 2 2 3 3 5 6 6 3 1 0 1 1 1 1 1 1 1 1 1 1 1 1 1 1 1 1 1 1 0 0 0 0 1 1 3 59 1 0 0 0 0 0 1 0 0 0 0 0 0 0 0 1 1 4 19 57 90 105 107 96 75 45 23 11 6 74 222 3 1 0 1 1 1 2 1 0 0 1 0 0 1 1 2 2 18 1 1 1 1 1 1 1 2 1 1 1 1 1 1 1 1 1 1 1 1 1 4 10 21 10 3 1 1 1 1 1 1 1 1 2 3 14 52 105 145 177 193 187 138 5 1 1 1 1 1 0 1 31 139 141 90 19 4 2 2 1 1 1 1 1 1 5 53 125 136 119 84 37 9 2
0 0 0 0 3 3 0 1 1 0 0 0 0 0 1 2 2 2 2 2 10 4 1 1 1 0 0 3 0 0 1 1 0 0 0 0 1 4 1 0 0 0 0 3 1 0 0 0 0 3 84 1 1 1 0 1 1 2 2 1 1 2 3 7 165 41 7 5 5 4 5 8 10 2 1 1 1 1 1 4 17 4 1 1 1 1 1 1 2 4 30 121 178 162 255 246 6 2 4 138 80 2 1 1 1 1 1 1 1 1 1 1 1 2 2 3 6 6 9 16 38 75 117 146 158 156 139 113 77 45 25 19 16 17 21 31 49 77 109 131 144 151 142 113 51 16 21 48 10 2 1 1 1 1 1 1 1 1 1 1 1 4 41 7 5 4 1 1 1 0 0 0 0 0 0 0 1 1 1 1 1 1 0 0 0 0 0 0 1 1 1 1 1 1 1 2 11 41 2 3 7 19 36 41 34 31 32 32 32 32 30 26 24 8 2 1 1 1 1 0 0 0 0 0 0 0 0 0 0 0 0 1 16 7 1 0 1 1 1 1 1 1 0 1 1 1 2 11 218 197 7 2 1 0 0 0 0 0 1 1 1 0 0 0 1 4 6 1 1 1 0 0 0 0 0 0 1 2 9 2 1 0 1 1 2 129 92 1 1 0 1 2 2 0 1 1 1 2 150 255 197 4 1 1 1 1 1 1 1 1 1 1 0 0 0 0 0 0 0 0 0 1 4 0 1 1 1 1 1 1 28 92 21 21 38 11 6 7 6 3 1 1 1 1 1 2 3 3 6 14 21 23 23 24 24 21 19 17 16 18 7 1 1 1 0 0 0 0 0 0 0 1 1 1 1 1 1 1 2 2 1 1 1 1 1 1 6 52 1 0 0 0 0 0 0 0 0 0 0 0 0 0 0 0 0 0 0 1 1 1 4 14 39 69 92 104 105 190 188 1 0 0 1 2 3 1 1 1 1 1 1 2 2 2 1 1 15 4 1 1 2 2 1 1 1 1 1 1 1 1 1 1 1 0 0 0 1 10 21 13 3 1 1 1 1 1 1 0 0 1 1 1 1 1 1 2 4 11 31 97 180 106 1 1 1 1 1 0 1 141 55 8 3 2 1 1 1 1 2 3 5 24 70 121 108 37 9 3 2 2 2 2
0 0 0 0 4 2 1 1 1 0 0 0 0 1 2 1 1 2 2 3 4 13 13 11 10 8 7 7 3 1 1 0 0 0 0 0 1 4 1 0 0 0 0 3 1 0 0 0 0 9 76 1 1 0 0 0 0 3 2 0 1 1 1 10 162 10 1 1 1 1 1 2 11 6 4 2 1 1 1 1 6 16 3 1 1 1 1 1 2 5 24 10 37 143 245 255 61 5 3 43 160 4 1 2 2 1 2 1 1 2 2 4 6 10 22 48 83 123 149 160 156 137 106 61 33 20 14 10 9 8 6 5 4 3 3 3 4 5 7 10 18 31 55 102 138 131 111 40 5 2 1 1 1 1 1 0 1 1 1 1 1 3 23 25 4 6 1 1 1 1 1 0 0 0 0 0 1 1 1 1 1 1 1 0 0 0 1 1 1 1 1 2 3 7 20 39 49 7 1 1 1 1 1 4 11 2 2 2 1 1 1 2 7 2 5 5 2 1 1 0 0 0 0 0 0 0 0 0 1 1 1 1 2 15 4 1 1 1 0 1 1 1 1 1 0 1 1 2 244 68 4 9 10 5 1 1 0 0 0 0 1 1 1 1 2 7 1 0 0 0 0 0 0 0 0 0 2 11 2 1 0 0 0 0 1 5 147 50 1 0 0 1 3 2 1 1 8 186 255 186 4 1 1 1 1 1 1 1 0 1 0 1 1 0 0 0 0 0 0 0 0 0 4 1 2 1 1 1 3 55 84 7 3 41 44 13 2 1 2 4 5 1 1 1 2 4 2 11 18 11 6 5 4 3 3 3 2 2 2 3 16 5 1 1 1 1 0 0 0 0 0 1 1 1 1 1 1 1 1 1 1 1 2 2 2 2 20 36 1 0 0 0 0 0 0 0 0 0 0 0 0 0 0 0 0 0 0 0 0 0 0 1 1 1 1 1 6 227 148 1 0 1 2 3 1 1 1 1 2 1 1 1 1 1 1 2 9 11 1 1 1 1 1 1 1 1 1 1 0 0 0 0 0 0 0 0 1 17 20 10 4 2 1 3 3 4 4 1 0 0 0 0 0 1 1 1 1 1 2 14 156 148 1 1 1 1 1 0 2 150 11 3 9 15 24 34 46 55 65 79 84 63 22 63 17 2 1 1 1 1 1 1
1 0 0 1 6 1 1 1 1 1 1 0 0 2 2 0 0 0 0 0 0 1 1 2 3 4 5 8 13 10 2 1 0 0 0 0 1 4 0 0 0 0 1 4 1 1 0 0 0 22 62 1 1 0 0 0 0 3 1 0 1 1 2 108 94 8 1 0 0 0 0 1 6 2 1 4 1 1 1 1 2 10 14 4 1 1 1 1 2 13 11 3 4 18 146 255 220 102 36 41 162 38 3 2 2 3 5 8 14 30 62 106 135 158 162 155 137 104 64 41 33 30 31 34 40 47 54 59 70 76 78 74 51 15 3 1 1 1 1 2 3 4 6 9 25 92 127 101 50 8 3 2 2 2 2 3 5 9 12 11 10 7 16 42 6 9 1 1 1 1 1 1 1 1 1 1 1 1 1 1 1 1 1 1 1 1 1 2 4 11 32 48 49 42 28 10 4 1 1 0 0 0 1 2 10 1 1 0 0 0 0 1 7 1 1 1 4 5 2 1 1 1 0 1 1 1 1 1 1 1 0 1 1 5 11 1 1 1 1 1 0 1 1 1 1 1 1 16 248 4 1 1 1 5 10 10 3 1 1 1 1 1 1 1 8 1 0 0 0 0 0 0 0 0 0 1 12 3 1 0 0 0 0 0 0 1 18 149 30 1 0 1 1 4 2 7 212 226 254 6 1 1 1 1 1 0 1 1 0 0 0 1 1 0 0 0 0 0 0 0 0 1 5 1 1 1 1 6 81 60 6 7 7 50 15 5 1 0 0 1 3 4 1 1 2 4 7 10 2 1 1 1 1 1 1 1 1 1 1 1 4 18 2 1 1 1 1 1 0 0 1 1 1 1 1 1 1 1 1 1 1 1 1 1 1 4 48 14 2 1 1 1 0 0 0 0 0 0 0 0 0 0 0 0 0 0 0 0 0 0 0 0 0 1 0 1 2 237 103 1 1 1 3 1 1 0 1 1 1 1 2 2 2 1 1 1 3 15 1 1 1 1 1 1 0 0 0 0 0 0 0 0 0 0 0 0 0 1 5 10 20 23 20 18 13 2 2 5 1 0 0 1 1 1 1 1 1 1 1 7 167 141 1 1 1 1 0 0 4 151 10 85 82 73 62 55 45 34 22 9 3 2 1 40 25 1 1 1 1 1 0 0
1 0 0 1 5 0 0 0 0 1 1 1 1 2 0 0 0 0 0 0 0 0 0 0 1 0 0 0 1 5 14 5 1 0 0 0 1 3 0 0 0 1 1 4 1 1 0 0 0 48 40 1 1 0 0 0 0 4 1 1 1 2 54 140 4 7 0 0 0 0 0 1 6 2 0 3 2 1 0 1 1 2 9 18 12 4 3 2 4 20 5 1 2 5 64 255 244 150 163 106 105 134 34 31 51 104 151 172 177 176 166 147 125 106 94 93 96 98 98 97 96 94 90 84 79 71 64 57 48 41 41 45 63 83 52 7 2 1 1 1 1 1 2 3 4 33 129 40 87 83 24 10 11 15 21 37 68 111 118 117 114 108 100 98 56 41 13 5 3 2 2 2 1 1 1 1 1 1 1 1 1 1 1 1 2 3 6 25 48 41 20 6 3 2 1 1 1 1 0 0 0 0 1 2 10 1 1 0 0 0 0 1 6 2 0 0 1 1 3 4 4 1 1 1 1 1 2 1 0 0 0 0 1 11 4 0 0 0 1 1 1 1 1 1 1 1 1 175 218 1 1 0 0 0 1 2 7 10 8 3 1 1 1 8 2 0 0 0 0 0 0 0 0 0 1 3 13 1 0 0 1 1 1 0 0 0 1 39 145 17 1 1 1 1 28 229 255 254 201 2 1 1 1 1 0 1 1 0 0 0 0 0 1 0 0 0 0 0 0 0 1 5 1 1 1 1 14 92 40 8 5 3 2 51 8 5 1 1 1 1 1 6 1 1 1 4 15 4 1 1 1 1 1 1 1 1 1 1 1 1 2 10 18 2 1 1 1 1 1 1 1 1 0 1 0 0 0 0 1 1 1 1 1 1 11 39 46 2 1 1 2 2 2 1 1 1 1 0 0 0 0 0 0 0 0 0 0 0 0 0 0 0 1 1 1 1 2 240 83 1 1 2 3 1 1 1 2 2 2 1 1 1 1 1 1 0 2 16 1 0 0 1 3 3 3 3 3 1 0 0 0 0 0 0 0 0 1 1 1 1 1 2 2 2 9 2 1 5 2 0 0 1 1 1 1 1 1 1 1 7 184 114 1 1 1 1 0 0 9 149 49 50 3 2 1 1 1 1 1 1 1 1 1 49 16 1 1 0 0 1 0 0
1 0 0 4 2 0 0 0 0 0 1 2 2 1 0 0 0 0 0 0 0 0 0 0 1 1 1 0 0 0 2 10 10 2 1 0 2 2 0 0 0 1 1 5 0 0 0 0 0 72 16 1 1 0 0 0 0 4 1 1 2 73 135 9 1 7 0 0 0 0 0 1 5 2 0 2 2 1 0 0 1 1 1 7 5 10 11 12 13 16 2 1 2 4 37 244 255 8 47 131 165 190 186 185 186 163 125 101 111 110 98 87 74 60 51 43 35 27 22 19 12 10 8 8 6 5 5 4 4 4 4 5 8 19 57 70 13 2 1 1 1 1 1 1 2 10 127 27 10 55 107 100 94 113 117 110 81 29 15 15 23 36 47 54 85 104 110 86 66 53 37 20 10 6 4 3 3 3 4 4 5 5 5 8 17 46 70 54 6 2 1 1 1 1 1 1 1 1 1 1 2 3 3 3 9 1 1 0 0 0 0 1 2 5 0 0 0 0 0 1 2 4 4 2 1 1 1 0 0 0 0 1 2 14 1 0 0 0 0 0 1 1 1 1 1 1 3 244 63 1 1 0 0 0 0 0 0 1 2 6 9 6 7 3 1 0 0 0 0 0 0 0 0 1 2 11 4 1 1 1 1 0 0 0 0 0 0 1 57 140 7 1 1 39 243 251 147 141 182 19 1 1 1 0 1 1 1 0 0 0 0 0 0 0 0 0 0 0 1 2 4 1 1 1 2 37 93 29 6 2 1 1 2 51 5 6 1 0 1 1 1 6 1 1 2 4 16 3 1 1 1 1 1 1 1 1 1 1 1 2 3 4 17 23 2 1 0 0 1 1 1 1 0 1 1 0 0 1 1 0 0 0 1 3 51 7 10 3 1 1 1 1 1 1 2 2 2 1 1 1 1 1 0 0 0 0 0 0 0 0 0 0 1 1 1 1 3 235 115 7 6 5 3 2 1 1 1 1 1 1 1 1 0 0 0 0 2 15 2 0 0 2 4 2 2 1 1 3 1 0 0 0 0 0 0 1 1 0 0 1 1 0 1 1 2 9 1 2 6 1 1 1 1 1 1 0 1 1 1 8 195 77 1 1 1 1 0 0 23 143 82 17 3 3 3 1 1 1 1 1 1 0 1 53 13 1 0 0 0 1 1 0
1 0 1 6 1 0 0 0 0 0 0 0 1 0 0 0 0 0 0 0 0 0 0 0 0 0 1 1 1 0 0 1 4 13 4 1 3 2 0 0 0 1 1 5 0 0 0 0 1 88 5 1 1 0 0 0 1 5 1 2 89 125 5 1 1 7 0 0 0 0 0 1 5 2 0 1 3 1 0 0 1 1 1 2 6 3 4 4 5 7 1 1 1 3 22 212 255 4 3 9 21 47 85 31 9 5 6 21 10 4 3 3 2 2 2 3 3 2 2 2 2 1 1 1 1 1 1 1 1 1 1 1 2 3 9 41 79 25 3 1 1 1 1 1 1 3 91 86 3 3 11 40 49 19 8 5 3 2 2 2 2 2 3 3 5 10 25 65 36 38 54 69 79 79 74 68 60 60 69 78 79 78 74 78 73 45 13 33 16 1 1 1 1 1 1 1 2 3 3 3 2 1 1 1 8 2 1 0 0 0 0 0 1 7 1 0 0 0 0 0 0 0 1 2 2 1 0 0 0 0 0 1 5 8 1 0 0 0 0 0 0 1 1 1 1 2 126 235 2 1 1 1 1 0 0 0 0 0 0 1 5 4 4 2 1 1 0 0 0 0 1 1 1 2 11 4 1 1 0 0 0 0 0 0 0 0 0 1 1 91 126 6 77 246 245 93 67 64 126 119 1 1 1 1 1 1 0 0 0 0 0 0 0 0 0 0 0 1 3 4 1 1 1 3 59 80 17 3 1 2 2 1 2 49 5 6 2 1 1 1 2 5 1 1 3 5 16 3 1 1 1 1 1 1 1 1 2 2 2 1 1 3 7 18 24 14 8 4 3 3 3 1 1 0 1 1 0 0 1 1 0 0 1 15 28 1 2 10 1 1 1 1 1 1 1 1 1 1 1 2 2 2 2 2 1 1 1 1 1 1 1 1 1 1 2 2 5 229 150 6 5 5 6 3 1 1 1 1 1 1 0 0 0 0 0 0 1 14 2 0 0 2 3 1 1 1 2 3 8 2 2 2 2 1 1 1 0 0 0 0 1 1 1 1 1 10 1 1 7 1 1 1 1 0 0 1 1 1 1 10 202 47 1 1 1 1 0 0 58 131 118 108 129 131 130 93 5 1 1 1 1 1 1 17 49 1 1 1 1 1 1 1
2 0 2 4 0 0 0 0 0 0 0 0 0 0 0 0 0 0 0 0 0 0 0 0 0 0 0 0 0 1 1 1 0 2 10 7 3 1 0 0 0 1 2 4 0 0 0 1 1 94 2 0 1 0 0 0 1 5 2 97 117 3 1 1 1 7 1 0 0 0 1 1 5 2 0 1 2 2 1 0 1 1 1 1 2 5 6 6 5 3 2 2 2 3 17 185 255 7 3 2 2 2 36 15 1 1 12 5 1 1 1 1 1 1 1 1 1 1 1 1 2 1 1 1 1 1 1 1 1 1 1 1 1 1 2 5 26 77 41 4 1 1 1 1 1 2 30 130 5 2 1 1 1 1 1 1 1 1 1 1 1 1 1 1 1 2 3 25 42 4 3 4 7 10 17 24 31 32 21 12 10 12 14 8 3 2 2 8 41 1 1 1 2 2 3 3 3 1 1 1 1 1 1 1 4 5 1 1 0 0 0 0 1 7 1 0 0 0 0 0 0 0 1 2 1 0 0 0 0 0 1 1 14 1 0 0 0 0 0 0 1 1 0 1 1 8 244 68 1 1 0 1 1 1 1 1 1 1 1 1 5 1 1 1 2 2 1 0 0 1 1 1 2 11 3 1 0 0 0 0 0 0 0 0 0 0 0 0 1 3 131 160 248 241 83 68 45 13 20 172 7 1 1 1 1 0 0 0 0 0 0 0 0 0 0 0 1 4 3 1 1 1 6 77 61 10 2 2 6 9 8 5 2 37 13 2 5 3 2 3 5 2 1 1 4 8 11 2 1 1 1 1 1 1 1 2 2 1 1 1 1 3 7 2 7 16 24 31 28 7 3 2 1 1 1 1 0 0 0 1 0 0 1 36 9 0 1 5 6 1 1 1 1 1 1 1 1 1 1 1 1 1 1 1 1 1 1 2 2 2 2 2 2 2 2 2 5 213 178 2 1 1 2 5 5 4 2 1 1 1 0 0 0 0 0 0 1 13 3 0 0 2 6 15 33 39 42 41 46 39 38 37 35 16 2 1 1 1 1 1 1 1 1 0 1 4 6 1 7 1 1 1 1 1 1 1 0 1 1 17 205 24 1 1 1 1 0 0 95 144 156 48 8 4 7 69 95 11 3 2 1 1 1 4 67 1 1 1 1 1 20 50
1 1 6 1 0 0 0 0 0 0 0 0 0 0 0 0 0 0 0 0 0 0 0 0 0 0 0 0 0 0 0 1 1 0 1 7 12 2 0 0 0 1 3 3 0 0 0 1 1 95 1 1 1 0 0 1 2 9 105 112 2 1 1 1 1 7 1 1 1 1 1 1 5 2 0 0 1 3 2 1 1 1 1 1 1 1 1 2 2 1 1 2 2 4 15 164 255 8 1 1 1 1 5 40 6 4 15 2 1 0 1 1 1 1 1 1 1 1 1 1 2 1 0 0 0 0 0 1 1 1 1 1 1 1 1 1 3 16 71 60 8 2 1 1 1 1 6 129 32 1 1 1 1 1 1 1 0 0 0 0 0 1 1 1 1 1 1 5 59 5 1 1 1 2 2 2 2 2 2 2 1 1 1 1 1 1 1 3 46 5 3 3 3 2 1 1 1 1 1 0 0 0 0 0 2 8 1 1 0 0 0 0 1 4 4 0 0 0 0 0 0 0 1 2 1 0 0 0 0 0 1 3 11 1 0 0 0 0 0 0 1 1 1 1 2 202 192 1 1 1 1 1 1 0 0 0 1 1 1 6 17 4 1 1 1 1 2 1 1 1 1 3 11 2 1 0 0 0 0 0 0 0 0 0 0 0 0 1 1 2 166 249 234 96 60 10 4 20 3 151 75 1 1 1 1 0 0 0 0 0 0 0 0 0 0 1 5 2 0 1 1 8 90 45 6 1 2 10 9 6 7 11 10 8 41 4 2 4 5 4 2 1 1 3 3 8 8 2 1 1 1 1 1 1 1 1 1 1 1 1 1 3 6 1 1 1 1 2 4 18 16 4 1 0 1 1 1 0 0 1 0 0 1 48 2 0 0 1 4 10 7 2 1 1 1 1 1 1 1 1 1 1 1 1 1 1 1 1 1 1 1 3 13 23 34 43 54 201 191 1 1 1 1 1 2 3 5 1 1 0 0 0 0 0 0 0 1 12 3 0 0 3 28 21 7 4 4 10 4 3 3 3 4 21 39 8 2 1 1 1 1 1 1 1 1 3 9 1 7 2 1 1 1 1 1 1 1 1 1 28 205 10 1 1 1 1 0 1 116 187 34 1 1 1 1 3 68 131 95 63 60 29 5 3 63 5 3 3 2 22 70 36
1 5 2 0 0 0 0 0 0 0 0 0 0 0 0 0 0 0 0 0 0 0 0 0 0 0 0 0 0 0 0 0 1 1 1 1 10 9 1 0 0 1 4 2 0 0 0 1 2 94 1 1 0 0 1 1 7 124 106 2 1 1 1 1 1 7 2 2 2 2 2 2 7 2 1 1 1 1 3 3 2 1 1 1 1 1 1 2 2 1 1 1 1 2 11 146 255 9 1 2 1 1 2 25 15 19 13 3 2 1 1 1 1 1 1 1 1 1 0 1 2 2 0 0 0 0 0 1 1 1 1 1 1 1 1 1 1 2 8 55 79 22 3 1 1 1 2 72 109 2 1 1 1 1 0 1 0 0 0 0 0 0 0 1 1 1 1 2 42 22 1 1 1 1 1 1 1 1 1 1 1 1 1 1 1 1 1 2 25 21 2 1 1 1 1 1 1 1 0 0 0 0 0 0 1 9 2 1 0 0 0 0 1 4 3 1 0 0 0 0 0 1 2 1 0 0 0 0 0 0 1 13 2 0 0 0 0 0 0 1 1 0 1 1 108 239 5 1 1 1 0 0 0 0 0 0 0 0 1 21 4 10 8 2 1 1 1 2 1 1 4 11 2 1 0 0 0 0 0 0 0 0 0 0 0 0 1 1 3 168 254 227 96 38 5 2 2 19 2 72 153 2 1 0 1 0 0 0 0 0 0 0 0 0 1 5 1 0 1 1 10 92 32 4 1 2 13 6 2 1 1 3 13 3 18 31 4 1 1 1 1 1 3 4 3 3 13 3 1 1 1 1 1 1 1 1 1 1 1 1 1 6 3 1 1 1 1 1 1 2 11 23 1 0 0 1 1 1 0 1 1 1 10 35 1 0 0 0 1 1 3 9 10 6 2 1 1 1 1 1 1 0 0 1 1 1 1 1 1 3 22 61 46 34 22 14 6 179 197 1 1 0 1 1 1 1 5 1 1 0 0 0 0 0 0 0 1 10 5 1 1 7 32 4 1 1 2 5 1 1 1 1 2 4 8 39 44 21 4 2 1 1 1 1 2 6 4 2 6 2 1 1 1 1 1 1 1 1 2 50 203 4 1 1 1 1 0 1 101 139 3 1 1 1 1 1 1 8 67 102 105 125 126 50 56 57 108 44 12 71 21 3
1 7 0 0 0 0 0 0 0 0 0 0 0 0 0 0 0 0 0 0 0 0 0 0 0 0 0 0 0 0 0 0 0 0 1 1 1 12 9 1 0 1 4 1 0 0 0 1 7 88 1 0 0 1 1 14 142 94 7 2 1 1 1 1 2 12 7 6 6 6 6 6 5 3 3 4 3 1 1 2 3 1 0 0 0 1 1 1 2 1 1 1 1 2 8 133 255 9 1 2 1 1 1 21 2 2 2 4 6 1 1 1 1 1 2 1 1 1 1 1 2 2 1 0 0 0 0 1 1 1 1 1 1 1 1 1 1 1 2 4 33 81 44 5 2 1 1 16 139 8 1 1 1 1 1 1 1 0 0 0 0 0 0 0 1 1 1 1 11 53 3 1 1 1 1 1 1 1 1 1 1 1 1 1 1 1 1 1 6 42 1 1 1 1 0 0 0 0 0 0 0 0 0 0 1 6 3 1 1 0 0 1 4 1 1 3 1 0 0 0 1 2 1 1 0 0 0 0 0 1 3 13 1 0 0 0 0 0 0 1 1 1 1 13 244 60 1 1 1 0 0 0 0 0 0 0 0 1 4 17 1 1 5 8 2 1 1 1 1 6 10 1 1 0 0 0 0 0 0 0 0 0 0 0 0 1 1 4 195 254 195 54 65 5 2 2 4 15 2 7 176 10 1 1 1 1 0 0 0 0 0 0 1 1 5 1 0 1 1 10 91 28 3 1 1 11 7 2 1 1 1 1 7 9 3 17 44 22 5 3 5 6 5 5 6 12 20 9 3 1 1 1 1 1 1 1 1 1 1 0 1 8 2 1 1 1 1 1 1 1 1 23 10 1 0 1 1 0 1 0 1 4 40 3 1 1 1 1 1 1 1 1 1 4 10 10 5 2 1 1 1 1 1 1 1 1 1 4 20 22 50 4 1 1 1 1 1 157 207 1 1 0 1 1 1 1 5 2 1 1 1 1 0 0 0 0 0 6 8 1 1 18 23 2 1 1 3 3 1 1 1 3 3 1 1 1 6 25 49 37 17 11 9 8 10 5 2 2 8 2 1 1 1 1 1 1 1 1 3 103 193 2 1 1 1 0 0 1 104 71 3 1 1 1 1 1 1 1 1 1 2 4 25 113 131 105 57 91 95 67 11 3
1 7 0 0 0 0 0 0 0 0 0 0 0 0 0 0 0 0 0 0 0 0 0 0 0 0 0 0 0 0 0 0 0 1 1 1 1 2 13 9 1 1 5 1 0 0 1 1 22 72 1 1 1 2 54 158 49 2 4 6 1 1 1 1 2 14 1 0 1 1 1 1 1 0 1 1 1 3 3 3 4 2 2 1 1 1 1 1 2 1 1 1 2 4 9 122 255 9 1 2 1 1 1 21 1 0 0 1 5 1 1 1 0 0 1 1 1 1 1 1 2 2 1 1 1 1 1 1 0 0 0 1 1 1 1 1 1 1 1 1 3 16 70 67 11 2 2 4 115 61 2 1 1 1 1 1 1 1 1 1 1 0 0 0 0 1 1 1 4 53 9 1 0 0 0 0 0 0 0 0 0 0 0 0 0 0 1 1 2 42 5 1 0 1 0 0 0 0 0 0 0 0 0 0 1 3 6 1 1 1 1 4 1 0 0 1 2 1 0 1 2 1 1 0 0 0 0 1 1 1 7 15 2 1 0 0 0 0 0 1 0 1 2 216 174 1 1 1 0 0 0 0 0 0 0 0 1 3 20 2 1 0 1 6 8 2 1 2 7 8 1 0 0 0 0 0 0 0 0 0 0 0 0 0 0 1 4 202 252 163 13 64 28 2 2 3 3 15 7 3 161 59 1 1 0 1 1 0 0 0 0 1 1 5 1 0 1 1 11 92 29 3 1 2 11 8 2 1 1 3 4 5 6 12 14 7 11 51 68 55 39 25 21 19 14 9 6 7 6 6 5 2 2 1 1 1 1 1 1 0 1 9 1 1 0 1 1 1 1 1 1 4 34 1 0 0 1 0 1 1 3 36 16 4 5 5 5 5 5 6 7 9 10 11 11 12 14 22 23 24 22 18 10 6 5 12 22 19 3 1 45 1 1 0 0 1 1 123 224 1 1 0 1 0 0 1 4 5 5 5 3 2 1 0 0 0 1 4 12 1 1 42 6 1 0 0 3 3 1 2 4 2 1 1 1 1 1 1 7 18 34 15 8 5 3 1 1 1 4 8 2 1 1 1 1 1 1 1 3 163 150 1 1 1 1 0 1 2 106 57 47 21 18 21 25 32 34 30 37 44 42 27 13 9 16 76 75 30 11 5 16 57
1 7 0 0 0 0 0 0 0 0 0 0 0 0 0 0 0 0 0 0 0 0 0 0 0 0 0 0 0 0 0 0 1 1 1 1 2 2 6 22 8 1 5 1 0 0 1 0 48 48 1 1 4 109 139 12 3 3 2 7 4 1 1 2 4 13 1 1 1 1 1 1 1 1 1 1 1 0 2 2 3 3 1 1 2 2 1 1 1 1 1 1 3 4 7 117 255 8 1 2 1 0 1 22 1 1 1 1 5 1 0 1 1 0 1 0 1 1 1 1 2 2 1 1 1 1 0 0 0 0 0 1 0 1 1 1 1 1 1 1 1 2 7 48 83 28 4 2 40 130 4 1 1 0 0 1 1 1 1 1 1 1 1 1 0 0 1 1 2 25 39 2 0 0 0 0 0 0 0 0 0 0 0 0 0 0 0 1 2 18 25 1 1 1 1 0 0 0 0 0 0 0 0 0 0 2 8 1 1 1 4 1 0 0 0 0 1 3 1 2 1 1 0 0 0 0 0 1 1 4 1 4 16 6 1 1 0 0 1 1 1 1 134 231 4 1 1 0 0 0 0 0 0 0 1 1 8 20 3 1 0 0 0 1 5 9 4 9 5 1 0 0 0 0 0 0 0 0 0 0 0 0 0 0 1 4 196 252 147 9 5 86 5 3 3 2 1 2 11 8 128 118 1 1 0 0 1 0 0 0 0 1 10 1 0 1 1 14 92 27 3 1 3 13 6 1 1 1 3 4 3 3 2 4 13 28 42 34 29 22 19 17 9 4 3 2 3 3 4 2 2 5 6 4 2 1 1 1 1 1 2 8 1 1 0 1 1 1 1 1 1 1 38 3 1 0 1 1 1 3 42 27 5 4 4 4 4 4 4 3 3 2 1 1 1 1 0 1 1 1 2 3 7 13 13 6 1 1 1 3 39 1 1 0 1 1 1 53 235 1 1 0 1 0 0 0 1 1 1 2 3 2 1 1 1 1 7 12 15 1 10 35 2 1 0 0 2 6 4 2 1 0 0 0 1 1 1 3 2 1 4 21 34 34 20 4 2 1 2 6 8 5 2 2 1 1 1 1 5 200 65 1 1 1 1 0 1 3 121 8 15 43 48 45 41 35 35 38 31 25 27 41 56 64 62 50 53 92 102 82 98 82
0 6 1 0 0 0 0 0 0 0 0 0 0 0 0 0 0 0 0 0 0 0 0 0 0 0 0 0 1 1 1 1 1 1 1 1 3 3 17 2 9 9 6 1 0 0 1 1 69 27 2 25 148 97 3 2 3 1 1 1 9 2 1 5 9 2 4 1 1 1 1 1 1 1 1 1 1 1 2 1 1 2 3 1 2 1 2 2 1 1 1 3 4 2 8 121 255 6 1 2 0 0 1 22 1 1 1 1 5 1 1 0 1 1 1 0 0 0 1 1 2 1 0 0 0 1 1 1 1 0 1 1 0 1 1 1 1 1 1 1 1 1 1 4 22 82 54 8 10 128 34 1 1 0 0 0 0 1 0 1 1 1 0 1 1 0 0 1 1 7 56 4 1 0 0 0 0 0 0 0 0 0 0 0 0 0 0 1 1 6 42 2 1 0 1 0 0 0 0 0 0 0 0 0 0 1 7 2 1 4 1 0 0 0 0 0 1 2 4 1 0 0 0 0 0 0 1 1 4 1 1 0 1 10 15 2 1 0 1 0 1 23 244 41 1 1 0 0 0 0 0 0 0 1 6 22 12 1 1 0 0 0 0 1 1 4 9 3 1 0 0 0 0 0 0 0 0 0 0 0 0 0 0 1 3 184 253 160 10 4 42 55 3 2 2 1 1 1 2 18 80 152 1 1 1 0 1 1 0 0 1 10 3 0 1 1 13 93 22 3 1 5 14 4 1 1 1 2 7 3 3 2 1 1 1 8 6 2 1 1 3 6 11 9 5 3 3 2 3 2 1 1 2 4 7 5 2 1 1 1 4 5 1 1 1 1 1 1 0 1 1 1 14 23 1 0 1 1 3 45 18 1 1 0 0 0 0 0 0 0 0 0 0 0 0 0 0 0 0 0 0 0 0 0 1 1 1 1 1 15 16 1 0 0 1 0 1 15 241 2 1 0 1 0 0 0 0 0 0 1 3 4 3 3 3 11 6 2 11 4 42 5 1 0 0 1 1 1 1 1 0 0 0 0 1 1 1 4 1 1 1 1 1 3 12 31 33 32 28 22 18 24 29 13 1 1 1 1 10 209 16 1 1 1 1 1 1 9 119 2 1 1 1 1 1 1 1 1 1 1 1 1 2 3 7 31 62 61 27 35 11 1
0 5 2 0 0 0 0 0 0 0 0 0 0 0 0 0 0 0 0 0 0 0 0 0 0 0 0 0 1 1 1 1 1 1 1 1 9 19 5 1 1 9 11 2 1 1 1 1 95 19 66 151 36 1 1 2 1 1 0 0 3 8 2 13 1 1 4 3 5 12 21 55 82 72 36 10 4 2 2 1 1 0 2 3 1 1 1 2 2 2 2 5 2 2 16 159 255 3 1 3 2 2 2 15 12 2 2 2 4 4 3 3 3 2 2 1 0 0 0 1 2 1 1 1 0 0 1 1 1 1 1 1 1 1 1 1 0 1 1 1 1 1 1 1 2 9 59 79 24 64 114 2 1 1 0 0 0 1 1 1 0 1 1 1 1 1 0 1 1 4 37 24 1 0 0 0 0 0 0 0 0 0 0 0 0 0 1 2 4 10 38 7 1 1 1 0 0 0 0 1 0 0 0 0 0 1 3 7 5 1 1 1 0 0 0 1 1 4 1 0 0 0 0 0 0 1 1 3 1 1 0 0 0 1 3 15 10 1 1 1 2 227 152 1 1 1 0 0 0 0 0 0 2 19 13 2 1 0 0 0 0 0 0 0 0 1 1 1 0 0 0 0 0 0 0 0 0 0 1 1 1 1 1 2 160 254 177 14 7 12 77 5 2 2 1 0 0 1 1 12 58 166 1 1 1 0 0 1 0 1 7 5 0 1 1 10 94 23 2 1 6 13 3 1 1 1 3 10 3 2 1 2 1 1 1 2 9 3 1 1 1 2 2 6 6 7 3 2 2 2 1 1 1 1 2 3 6 3 2 3 2 4 1 1 1 0 1 1 0 1 1 1 3 45 1 0 1 3 47 15 1 1 0 0 0 0 0 0 0 1 0 0 0 0 0 1 0 0 0 0 0 0 0 0 0 0 0 0 0 28 6 1 0 0 1 0 1 5 241 5 1 0 1 0 0 0 0 0 0 1 1 1 3 3 7 20 14 5 9 32 13 2 1 0 0 1 1 1 0 0 0 0 0 0 0 1 4 1 1 0 1 1 1 1 1 3 3 3 3 5 6 6 7 33 7 1 0 1 20 209 6 1 1 1 1 1 1 29 101 1 1 1 0 1 1 1 1 0 1 1 1 1 1 1 1 1 2 10 52 48 8 2
1 5 2 0 1 1 0 0 0 0 0 0 0 0 0 0 0 0 0 0 0 0 0 0 0 0 0 0 0 1 1 1 1 1 5 10 25 6 1 1 1 1 5 12 3 1 1 2 127 132 126 5 2 2 1 1 0 0 0 0 1 4 13 8 1 1 5 34 137 213 238 239 235 238 242 242 213 110 17 3 2 1 1 4 1 1 1 1 1 1 3 4 2 4 51 249 251 1 2 3 1 1 1 1 12 8 1 1 1 2 2 2 2 3 4 1 1 1 1 1 2 1 1 1 1 1 1 1 1 1 1 1 1 1 1 1 1 1 0 1 1 1 1 1 1 2 5 35 85 63 141 10 1 1 0 1 1 1 1 1 1 1 1 1 2 2 3 3 5 9 25 45 3 1 0 0 0 0 0 0 0 0 0 0 0 1 5 19 22 15 6 15 2 1 1 1 0 0 1 1 0 0 0 0 1 1 4 10 3 1 1 1 0 0 1 1 4 1 0 0 0 0 0 0 1 1 3 1 1 0 0 0 0 0 0 1 7 20 5 1 140 229 4 1 1 0 0 0 0 0 0 2 20 3 1 1 0 0 0 0 0 0 0 0 0 0 0 0 0 0 0 0 0 0 0 0 0 0 1 0 0 1 2 141 252 195 16 8 5 59 17 2 2 1 0 1 1 1 1 9 64 166 1 1 1 1 0 1 1 5 7 1 0 1 7 93 27 2 1 8 12 2 1 1 2 6 13 5 5 5 4 3 2 1 1 1 2 11 1 1 1 1 1 2 5 5 7 3 3 2 1 1 1 2 2 3 4 8 4 1 2 4 1 1 1 0 1 1 1 1 1 1 1 46 4 1 2 49 15 1 1 0 0 0 0 0 0 0 0 1 1 0 0 0 0 1 0 0 0 0 0 0 0 0 0 0 0 0 1 34 3 1 0 1 1 0 1 3 240 20 1 0 1 0 0 0 0 0 0 0 1 1 1 2 3 1 9 22 24 8 3 2 1 1 1 1 1 0 0 0 0 1 1 1 1 2 3 1 1 1 1 1 1 1 2 2 1 2 1 1 1 1 1 10 29 1 1 1 35 206 3 1 1 1 1 1 2 75 58 1 1 0 0 0 1 1 0 1 4 10 10 10 5 1 1 1 1 1 2 19 57 20
