status,query_id,benchmark,source_file,json_path,pair_type,via_vertex,path_fingerprint,path_node_count,edge_count,total_L,total_H,total_P_length,total_W_length,total_avg_pop,total_avg_width,total_road_changes,box_feasible,box_violations,validation_status,distinct_repeated_vertices,maximum_vertex_multiplicity,total_repeated_occurrences,repeated_directed_edge_count,repeated_undirected_edge_count,repeated_vertices,one_simple_loop,repeated_anchor_vertex,loop_edge_count,loop_length,loop_elevation,loop_popularity_length,loop_width_length,loop_avg_pop,loop_avg_width,two_edge_reciprocal_backtrack,loop_spans,pattern_label
analyzed,holdout_anchor_south_north_09_multi_tight,holdout,tmp_scalar_via_recovered_non_elementary_walks.json,/candidates[0],"S,P",17618,94f7dd23c2165c66a1ca85792f65b37f0935926e9a0351af22ace9db5fb890b6,410,409,51278.0,508.09999660402536,10382287.0,677525.0,202.47059167674246,13.212781309723468,147,True,"{""elevation_high"": 0.0, ""elevation_low"": 0.0, ""length_high"": 0.0, ""length_low"": 0.0, ""popularity_low"": 0.0, ""width_high"": 0.0}","{""directed_edges_ok"": true, ""metric_deltas"": [0.0, 0.0, 0.0, 0.0], ""missing_edges"": 0, ""passed"": true, ""road_changes_delta"": 0}",14,2,14,3,12,"{""736"": 2, ""4939"": 2, ""5571"": 2, ""5572"": 2, ""8368"": 2, ""12162"": 2, ""13458"": 2, ""16926"": 2, ""18032"": 2, ""19061"": 2, ""19062"": 2, ""19063"": 2, ""22073"": 2, ""22242"": 2}",False,736,,,,,,,,False,"[{""anchor_vertex"": 8368, ""edge_count"": 43, ""end_node_index"": 238, ""start_node_index"": 195}, {""anchor_vertex"": 4939, ""edge_count"": 43, ""end_node_index"": 239, ""start_node_index"": 196}, {""anchor_vertex"": 13458, ""edge_count"": 43, ""end_node_index"": 240, ""start_node_index"": 197}, {""anchor_vertex"": 736, ""edge_count"": 43, ""end_node_index"": 241, ""start_node_index"": 198}, {""anchor_vertex"": 22073, ""edge_count"": 31, ""end_node_index"": 233, ""start_node_index"": 202}, {""anchor_vertex"": 18032, ""edge_count"": 29, ""end_node_index"": 232, ""start_node_index"": 203}, {""anchor_vertex"": 16926, ""edge_count"": 27, ""end_node_index"": 231, ""start_node_index"": 204}, {""anchor_vertex"": 12162, ""edge_count"": 25, ""end_node_index"": 230, ""start_node_index"": 205}, {""anchor_vertex"": 22242, ""edge_count"": 23, ""end_node_index"": 229, ""start_node_index"": 206}, {""anchor_vertex"": 5571, ""edge_count"": 10, ""end_node_index"": 218, ""start_node_index"": 208}, {""anchor_vertex"": 5572, ""edge_count"": 8, ""end_node_index"": 217, ""start_node_index"": 209}, {""anchor_vertex"": 19061, ""edge_count"": 6, ""end_node_index"": 216, ""start_node_index"": 210}, {""anchor_vertex"": 19062, ""edge_count"": 4, ""end_node_index"": 215, ""start_node_index"": 211}, {""anchor_vertex"": 19063, ""edge_count"": 2, ""end_node_index"": 214, ""start_node_index"": 212}]",REPEATED_DIRECTED_EDGE
analyzed,holdout_anchor_south_north_09_multi_tight,holdout,tmp_scalar_via_recovered_non_elementary_walks.json,/candidates[1],"S,P",19065,ecfa2912da4ddae4fd097f428d9df370d0b132b960351a6453cc9f03a17a317d,410,409,51304.0,505.7999965623021,10361733.0,677655.0,201.96735147356932,13.208619210977702,149,True,"{""elevation_high"": 0.0, ""elevation_low"": 0.0, ""length_high"": 0.0, ""length_low"": 0.0, ""popularity_low"": 0.0, ""width_high"": 0.0}","{""directed_edges_ok"": true, ""metric_deltas"": [0.0, 0.0, 0.0, 0.0], ""missing_edges"": 0, ""passed"": true, ""road_changes_delta"": 0}",14,2,14,3,12,"{""736"": 2, ""4939"": 2, ""5571"": 2, ""5572"": 2, ""8368"": 2, ""12162"": 2, ""13458"": 2, ""16926"": 2, ""18032"": 2, ""19061"": 2, ""19062"": 2, ""19063"": 2, ""22073"": 2, ""22242"": 2}",False,736,,,,,,,,False,"[{""anchor_vertex"": 8368, ""edge_count"": 43, ""end_node_index"": 238, ""start_node_index"": 195}, {""anchor_vertex"": 4939, ""edge_count"": 43, ""end_node_index"": 239, ""start_node_index"": 196}, {""anchor_vertex"": 13458, ""edge_count"": 43, ""end_node_index"": 240, ""start_node_index"": 197}, {""anchor_vertex"": 736, ""edge_count"": 43, ""end_node_index"": 241, ""start_node_index"": 198}, {""anchor_vertex"": 22073, ""edge_count"": 31, ""end_node_index"": 233, ""start_node_index"": 202}, {""anchor_vertex"": 18032, ""edge_count"": 29, ""end_node_index"": 232, ""start_node_index"": 203}, {""anchor_vertex"": 16926, ""edge_count"": 27, ""end_node_index"": 231, ""start_node_index"": 204}, {""anchor_vertex"": 12162, ""edge_count"": 25, ""end_node_index"": 230, ""start_node_index"": 205}, {""anchor_vertex"": 22242, ""edge_count"": 23, ""end_node_index"": 229, ""start_node_index"": 206}, {""anchor_vertex"": 5571, ""edge_count"": 10, ""end_node_index"": 218, ""start_node_index"": 208}, {""anchor_vertex"": 5572, ""edge_count"": 8, ""end_node_index"": 217, ""start_node_index"": 209}, {""anchor_vertex"": 19061, ""edge_count"": 6, ""end_node_index"": 216, ""start_node_index"": 210}, {""anchor_vertex"": 19062, ""edge_count"": 4, ""end_node_index"": 215, ""start_node_index"": 211}, {""anchor_vertex"": 19063, ""edge_count"": 2, ""end_node_index"": 214, ""start_node_index"": 212}]",REPEATED_DIRECTED_EDGE
analyzed,holdout_anchor_south_north_28_quality_conflict,holdout,tmp_scalar_via_recovered_non_elementary_walks.json,/candidates[2],"P,S",5646,b10f7fec865da0149a3eb2a3fabf19002d6fd45bf99116a044f582df1eeac0a9,421,420,48355.0,578.2000020071864,10462791.0,643675.0,216.3745424464895,13.311446592906629,158,True,"{""elevation_high"": 0.0, ""elevation_low"": 0.0, ""length_high"": 0.0, ""length_low"": 0.0, ""popularity_low"": 0.0, ""width_high"": 0.0}","{""directed_edges_ok"": true, ""metric_deltas"": [0.0, 0.0, 0.0, 0.0], ""missing_edges"": 0, ""passed"": true, ""road_changes_delta"": 0}",22,2,22,0,18,"{""4748"": 2, ""4749"": 2, ""4750"": 2, ""4755"": 2, ""4756"": 2, ""9248"": 2, ""11624"": 2, ""11958"": 2, ""11959"": 2, ""12318"": 2, ""12711"": 2, ""13060"": 2, ""13722"": 2, ""14752"": 2, ""14765"": 2, ""14767"": 2, ""14771"": 2, ""14787"": 2, ""14804"": 2, ""15760"": 2, ""15800"": 2, ""15801"": 2}",False,4748,,,,,,,,False,"[{""anchor_vertex"": 14765, ""edge_count"": 82, ""end_node_index"": 338, ""start_node_index"": 256}, {""anchor_vertex"": 14767, ""edge_count"": 80, ""end_node_index"": 337, ""start_node_index"": 257}, {""anchor_vertex"": 14787, ""edge_count"": 78, ""end_node_index"": 336, ""start_node_index"": 258}, {""anchor_vertex"": 14771, ""edge_count"": 68, ""end_node_index"": 332, ""start_node_index"": 264}, {""anchor_vertex"": 14752, ""edge_count"": 66, ""end_node_index"": 331, ""start_node_index"": 265}, {""anchor_vertex"": 13722, ""edge_count"": 64, ""end_node_index"": 330, ""start_node_index"": 266}, {""anchor_vertex"": 9248, ""edge_count"": 62, ""end_node_index"": 329, ""start_node_index"": 267}, {""anchor_vertex"": 4756, ""edge_count"": 60, ""end_node_index"": 328, ""start_node_index"": 268}, {""anchor_vertex"": 4750, ""edge_count"": 58, ""end_node_index"": 327, ""start_node_index"": 269}, {""anchor_vertex"": 12711, ""edge_count"": 56, ""end_node_index"": 326, ""start_node_index"": 270}, {""anchor_vertex"": 11624, ""edge_count"": 54, ""end_node_index"": 325, ""start_node_index"": 271}, {""anchor_vertex"": 13060, ""edge_count"": 52, ""end_node_index"": 324, ""start_node_index"": 272}, {""anchor_vertex"": 14804, ""edge_count"": 50, ""end_node_index"": 323, ""start_node_index"": 273}, {""anchor_vertex"": 4749, ""edge_count"": 48, ""end_node_index"": 322, ""start_node_index"": 274}, {""anchor_vertex"": 4755, ""edge_count"": 36, ""end_node_index"": 314, ""start_node_index"": 278}, {""anchor_vertex"": 4748, ""edge_count"": 34, ""end_node_index"": 313, ""start_node_index"": 279}, {""anchor_vertex"": 15760, ""edge_count"": 21, ""end_node_index"": 304, ""start_node_index"": 283}, {""anchor_vertex"": 15800, ""edge_count"": 19, ""end_node_index"": 303, ""start_node_index"": 284}, {""anchor_vertex"": 15801, ""edge_count"": 17, ""end_node_index"": 302, ""start_node_index"": 285}, {""anchor_vertex"": 12318, ""edge_count"": 15, ""end_node_index"": 301, ""start_node_index"": 286}, {""anchor_vertex"": 11958, ""edge_count"": 13, ""end_node_index"": 300, ""start_node_index"": 287}, {""anchor_vertex"": 11959, ""edge_count"": 2, ""end_node_index"": 294, ""start_node_index"": 292}]",MULTIPLE_REPEATED_VERTICES
analyzed,holdout_anchor_south_north_28_quality_conflict,holdout,tmp_scalar_via_recovered_non_elementary_walks.json,/candidates[3],"P,S",5647,d16bdb1b82a6a2052dd745fdf13e7ad76fa9aef3c5171c4c114e3417dca2dba4,423,422,49373.0,593.9000018164515,10719327.0,648765.0,217.10908796305674,13.140076560063193,160,True,"{""elevation_high"": 0.0, ""elevation_low"": 0.0, ""length_high"": 0.0, ""length_low"": 0.0, ""popularity_low"": 0.0, ""width_high"": 0.0}","{""directed_edges_ok"": true, ""metric_deltas"": [0.0, 0.0, 0.0, 0.0], ""missing_edges"": 0, ""passed"": true, ""road_changes_delta"": 0}",23,2,23,0,19,"{""4748"": 2, ""4749"": 2, ""4750"": 2, ""4755"": 2, ""4756"": 2, ""5646"": 2, ""9248"": 2, ""11624"": 2, ""11958"": 2, ""11959"": 2, ""12318"": 2, ""12711"": 2, ""13060"": 2, ""13722"": 2, ""14752"": 2, ""14765"": 2, ""14767"": 2, ""14771"": 2, ""14787"": 2, ""14804"": 2, ""15760"": 2, ""15800"": 2, ""15801"": 2}",False,4748,,,,,,,,False,"[{""anchor_vertex"": 14765, ""edge_count"": 84, ""end_node_index"": 340, ""start_node_index"": 256}, {""anchor_vertex"": 14767, ""edge_count"": 82, ""end_node_index"": 339, ""start_node_index"": 257}, {""anchor_vertex"": 14787, ""edge_count"": 80, ""end_node_index"": 338, ""start_node_index"": 258}, {""anchor_vertex"": 14771, ""edge_count"": 70, ""end_node_index"": 334, ""start_node_index"": 264}, {""anchor_vertex"": 14752, ""edge_count"": 68, ""end_node_index"": 333, ""start_node_index"": 265}, {""anchor_vertex"": 13722, ""edge_count"": 66, ""end_node_index"": 332, ""start_node_index"": 266}, {""anchor_vertex"": 9248, ""edge_count"": 64, ""end_node_index"": 331, ""start_node_index"": 267}, {""anchor_vertex"": 4756, ""edge_count"": 62, ""end_node_index"": 330, ""start_node_index"": 268}, {""anchor_vertex"": 4750, ""edge_count"": 60, ""end_node_index"": 329, ""start_node_index"": 269}, {""anchor_vertex"": 12711, ""edge_count"": 58, ""end_node_index"": 328, ""start_node_index"": 270}, {""anchor_vertex"": 11624, ""edge_count"": 56, ""end_node_index"": 327, ""start_node_index"": 271}, {""anchor_vertex"": 13060, ""edge_count"": 54, ""end_node_index"": 326, ""start_node_index"": 272}, {""anchor_vertex"": 14804, ""edge_count"": 52, ""end_node_index"": 325, ""start_node_index"": 273}, {""anchor_vertex"": 4749, ""edge_count"": 50, ""end_node_index"": 324, ""start_node_index"": 274}, {""anchor_vertex"": 4755, ""edge_count"": 38, ""end_node_index"": 316, ""start_node_index"": 278}, {""anchor_vertex"": 4748, ""edge_count"": 36, ""end_node_index"": 315, ""start_node_index"": 279}, {""anchor_vertex"": 15760, ""edge_count"": 23, ""end_node_index"": 306, ""start_node_index"": 283}, {""anchor_vertex"": 15800, ""edge_count"": 21, ""end_node_index"": 305, ""start_node_index"": 284}, {""anchor_vertex"": 15801, ""edge_count"": 19, ""end_node_index"": 304, ""start_node_index"": 285}, {""anchor_vertex"": 12318, ""edge_count"": 17, ""end_node_index"": 303, ""start_node_index"": 286}, {""anchor_vertex"": 11958, ""edge_count"": 15, ""end_node_index"": 302, ""start_node_index"": 287}, {""anchor_vertex"": 11959, ""edge_count"": 4, ""end_node_index"": 296, ""start_node_index"": 292}, {""anchor_vertex"": 5646, ""edge_count"": 2, ""end_node_index"": 295, ""start_node_index"": 293}]",MULTIPLE_REPEATED_VERTICES
analyzed,holdout_anchor_south_north_28_quality_conflict,holdout,tmp_scalar_via_recovered_non_elementary_walks.json,/candidates[4],"P,S",12317,6b3686bc5b6c859b2bb5f87a4fa0b2c1be7342bce628d9376fd859aefc3c49d6,423,422,48645.0,590.0000021979213,10530651.0,645125.0,216.47961763798952,13.261897420084285,160,True,"{""elevation_high"": 0.0, ""elevation_low"": 0.0, ""length_high"": 0.0, ""length_low"": 0.0, ""popularity_low"": 0.0, ""width_high"": 0.0}","{""directed_edges_ok"": true, ""metric_deltas"": [0.0, 0.0, 0.0, 0.0], ""missing_edges"": 0, ""passed"": true, ""road_changes_delta"": 0}",23,2,23,0,19,"{""4748"": 2, ""4749"": 2, ""4750"": 2, ""4755"": 2, ""4756"": 2, ""5646"": 2, ""9248"": 2, ""11624"": 2, ""11958"": 2, ""11959"": 2, ""12318"": 2, ""12711"": 2, ""13060"": 2, ""13722"": 2, ""14752"": 2, ""14765"": 2, ""14767"": 2, ""14771"": 2, ""14787"": 2, ""14804"": 2, ""15760"": 2, ""15800"": 2, ""15801"": 2}",False,4748,,,,,,,,False,"[{""anchor_vertex"": 14765, ""edge_count"": 84, ""end_node_index"": 340, ""start_node_index"": 256}, {""anchor_vertex"": 14767, ""edge_count"": 82, ""end_node_index"": 339, ""start_node_index"": 257}, {""anchor_vertex"": 14787, ""edge_count"": 80, ""end_node_index"": 338, ""start_node_index"": 258}, {""anchor_vertex"": 14771, ""edge_count"": 70, ""end_node_index"": 334, ""start_node_index"": 264}, {""anchor_vertex"": 14752, ""edge_count"": 68, ""end_node_index"": 333, ""start_node_index"": 265}, {""anchor_vertex"": 13722, ""edge_count"": 66, ""end_node_index"": 332, ""start_node_index"": 266}, {""anchor_vertex"": 9248, ""edge_count"": 64, ""end_node_index"": 331, ""start_node_index"": 267}, {""anchor_vertex"": 4756, ""edge_count"": 62, ""end_node_index"": 330, ""start_node_index"": 268}, {""anchor_vertex"": 4750, ""edge_count"": 60, ""end_node_index"": 329, ""start_node_index"": 269}, {""anchor_vertex"": 12711, ""edge_count"": 58, ""end_node_index"": 328, ""start_node_index"": 270}, {""anchor_vertex"": 11624, ""edge_count"": 56, ""end_node_index"": 327, ""start_node_index"": 271}, {""anchor_vertex"": 13060, ""edge_count"": 54, ""end_node_index"": 326, ""start_node_index"": 272}, {""anchor_vertex"": 14804, ""edge_count"": 52, ""end_node_index"": 325, ""start_node_index"": 273}, {""anchor_vertex"": 4749, ""edge_count"": 50, ""end_node_index"": 324, ""start_node_index"": 274}, {""anchor_vertex"": 4755, ""edge_count"": 38, ""end_node_index"": 316, ""start_node_index"": 278}, {""anchor_vertex"": 4748, ""edge_count"": 36, ""end_node_index"": 315, ""start_node_index"": 279}, {""anchor_vertex"": 15760, ""edge_count"": 23, ""end_node_index"": 306, ""start_node_index"": 283}, {""anchor_vertex"": 15800, ""edge_count"": 21, ""end_node_index"": 305, ""start_node_index"": 284}, {""anchor_vertex"": 15801, ""edge_count"": 19, ""end_node_index"": 304, ""start_node_index"": 285}, {""anchor_vertex"": 12318, ""edge_count"": 17, ""end_node_index"": 303, ""start_node_index"": 286}, {""anchor_vertex"": 11958, ""edge_count"": 15, ""end_node_index"": 302, ""start_node_index"": 287}, {""anchor_vertex"": 11959, ""edge_count"": 4, ""end_node_index"": 296, ""start_node_index"": 292}, {""anchor_vertex"": 5646, ""edge_count"": 2, ""end_node_index"": 295, ""start_node_index"": 293}]",MULTIPLE_REPEATED_VERTICES
analyzed,holdout_anchor_south_north_28_quality_conflict,holdout,tmp_scalar_via_recovered_non_elementary_walks.json,/candidates[5],"S,P",1875,364393d752591b3af527149d8bec5ed994549f5f725ee19c89b32ceff9ebc1e5,400,399,50666.0,503.6999965310097,10327815.0,674465.0,203.84113606757984,13.311984368215372,144,True,"{""elevation_high"": 0.0, ""elevation_low"": 0.0, ""length_high"": 0.0, ""length_low"": 0.0, ""popularity_low"": 0.0, ""width_high"": 0.0}","{""directed_edges_ok"": true, ""metric_deltas"": [0.0, 0.0, 0.0, 0.0], ""missing_edges"": 0, ""passed"": true, ""road_changes_delta"": 0}",9,2,9,3,7,"{""736"": 2, ""4939"": 2, ""8368"": 2, ""12162"": 2, ""13458"": 2, ""16926"": 2, ""18032"": 2, ""22073"": 2, ""22242"": 2}",False,736,,,,,,,,False,"[{""anchor_vertex"": 8368, ""edge_count"": 33, ""end_node_index"": 228, ""start_node_index"": 195}, {""anchor_vertex"": 4939, ""edge_count"": 33, ""end_node_index"": 229, ""start_node_index"": 196}, {""anchor_vertex"": 13458, ""edge_count"": 33, ""end_node_index"": 230, ""start_node_index"": 197}, {""anchor_vertex"": 736, ""edge_count"": 33, ""end_node_index"": 231, ""start_node_index"": 198}, {""anchor_vertex"": 22073, ""edge_count"": 21, ""end_node_index"": 223, ""start_node_index"": 202}, {""anchor_vertex"": 18032, ""edge_count"": 19, ""end_node_index"": 222, ""start_node_index"": 203}, {""anchor_vertex"": 16926, ""edge_count"": 17, ""end_node_index"": 221, ""start_node_index"": 204}, {""anchor_vertex"": 12162, ""edge_count"": 15, ""end_node_index"": 220, ""start_node_index"": 205}, {""anchor_vertex"": 22242, ""edge_count"": 13, ""end_node_index"": 219, ""start_node_index"": 206}]",REPEATED_DIRECTED_EDGE
analyzed,holdout_anchor_south_north_28_quality_conflict,holdout,tmp_scalar_via_recovered_non_elementary_walks.json,/candidates[6],"S,P",5504,301bcc79383a08b65045b3cf3c30dbdf4e6451e9a5155840f151c3c0d1a9d87e,408,407,50879.0,505.49999649077654,10375364.0,677520.0,203.92232551740403,13.31629945557106,148,True,"{""elevation_high"": 0.0, ""elevation_low"": 0.0, ""length_high"": 0.0, ""length_low"": 0.0, ""popularity_low"": 0.0, ""width_high"": 0.0}","{""directed_edges_ok"": true, ""metric_deltas"": [0.0, 0.0, 0.0, 0.0], ""missing_edges"": 0, ""passed"": true, ""road_changes_delta"": 0}",11,2,11,3,8,"{""736"": 2, ""4939"": 2, ""8368"": 2, ""12162"": 2, ""13458"": 2, ""14053"": 2, ""16563"": 2, ""16926"": 2, ""18032"": 2, ""22073"": 2, ""22242"": 2}",False,736,,,,,,,,False,"[{""anchor_vertex"": 8368, ""edge_count"": 41, ""end_node_index"": 236, ""start_node_index"": 195}, {""anchor_vertex"": 4939, ""edge_count"": 41, ""end_node_index"": 237, ""start_node_index"": 196}, {""anchor_vertex"": 13458, ""edge_count"": 41, ""end_node_index"": 238, ""start_node_index"": 197}, {""anchor_vertex"": 736, ""edge_count"": 41, ""end_node_index"": 239, ""start_node_index"": 198}, {""anchor_vertex"": 22073, ""edge_count"": 29, ""end_node_index"": 231, ""start_node_index"": 202}, {""anchor_vertex"": 18032, ""edge_count"": 27, ""end_node_index"": 230, ""start_node_index"": 203}, {""anchor_vertex"": 16926, ""edge_count"": 25, ""end_node_index"": 229, ""start_node_index"": 204}, {""anchor_vertex"": 12162, ""edge_count"": 23, ""end_node_index"": 228, ""start_node_index"": 205}, {""anchor_vertex"": 22242, ""edge_count"": 21, ""end_node_index"": 227, ""start_node_index"": 206}, {""anchor_vertex"": 16563, ""edge_count"": 7, ""end_node_index"": 219, ""start_node_index"": 212}, {""anchor_vertex"": 14053, ""edge_count"": 5, ""end_node_index"": 218, ""start_node_index"": 213}]",REPEATED_DIRECTED_EDGE
analyzed,holdout_anchor_south_north_28_quality_conflict,holdout,tmp_scalar_via_recovered_non_elementary_walks.json,/candidates[7],"S,P",5569,36b364551833bb65f78acac3804f9c2780b3184f8bf15beb37fac3e11bd131ba,427,426,52004.0,509.19999647140503,10480517.0,691275.0,201.53290131528345,13.292727482501347,158,True,"{""elevation_high"": 0.0, ""elevation_low"": 0.0, ""length_high"": 0.0, ""length_low"": 0.0, ""popularity_low"": 0.0, ""width_high"": 0.0}","{""directed_edges_ok"": true, ""metric_deltas"": [0.0, 0.0, 0.0, 0.0], ""missing_edges"": 0, ""passed"": true, ""road_changes_delta"": 0}",18,2,18,3,13,"{""736"": 2, ""4939"": 2, ""8368"": 2, ""12162"": 2, ""13458"": 2, ""14053"": 2, ""16540"": 2, ""16563"": 2, ""16571"": 2, ""16572"": 2, ""16575"": 2, ""16926"": 2, ""17844"": 2, ""18032"": 2, ""19070"": 2, ""19932"": 2, ""22073"": 2, ""22242"": 2}",False,736,,,,,,,,False,"[{""anchor_vertex"": 8368, ""edge_count"": 60, ""end_node_index"": 255, ""start_node_index"": 195}, {""anchor_vertex"": 4939, ""edge_count"": 60, ""end_node_index"": 256, ""start_node_index"": 196}, {""anchor_vertex"": 13458, ""edge_count"": 60, ""end_node_index"": 257, ""start_node_index"": 197}, {""anchor_vertex"": 736, ""edge_count"": 60, ""end_node_index"": 258, ""start_node_index"": 198}, {""anchor_vertex"": 22073, ""edge_count"": 48, ""end_node_index"": 250, ""start_node_index"": 202}, {""anchor_vertex"": 18032, ""edge_count"": 46, ""end_node_index"": 249, ""start_node_index"": 203}, {""anchor_vertex"": 16926, ""edge_count"": 44, ""end_node_index"": 248, ""start_node_index"": 204}, {""anchor_vertex"": 12162, ""edge_count"": 42, ""end_node_index"": 247, ""start_node_index"": 205}, {""anchor_vertex"": 22242, ""edge_count"": 40, ""end_node_index"": 246, ""start_node_index"": 206}, {""anchor_vertex"": 16563, ""edge_count"": 26, ""end_node_index"": 238, ""start_node_index"": 212}, {""anchor_vertex"": 14053, ""edge_count"": 24, ""end_node_index"": 237, ""start_node_index"": 213}, {""anchor_vertex"": 16540, ""edge_count"": 18, ""end_node_index"": 234, ""start_node_index"": 216}, {""anchor_vertex"": 17844, ""edge_count"": 16, ""end_node_index"": 233, ""start_node_index"": 217}, {""anchor_vertex"": 19932, ""edge_count"": 14, ""end_node_index"": 232, ""start_node_index"": 218}, {""anchor_vertex"": 16571, ""edge_count"": 10, ""end_node_index"": 229, ""start_node_index"": 219}, {""anchor_vertex"": 16572, ""edge_count"": 8, ""end_node_index"": 228, ""start_node_index"": 220}, {""anchor_vertex"": 19070, ""edge_count"": 6, ""end_node_index"": 227, ""start_node_index"": 221}, {""anchor_vertex"": 16575, ""edge_count"": 4, ""end_node_index"": 226, ""start_node_index"": 222}]",REPEATED_DIRECTED_EDGE
analyzed,holdout_anchor_south_north_28_quality_conflict,holdout,tmp_scalar_via_recovered_non_elementary_walks.json,/candidates[8],"S,P",5572,67f62ea0e90aff7e83eff45daa6ea08cc67b96f0b5a84e1e62d30e207f2b0dfe,402,401,50676.0,503.6999965310097,10330365.0,674515.0,203.85123135211936,13.310344147130792,145,True,"{""elevation_high"": 0.0, ""elevation_low"": 0.0, ""length_high"": 0.0, ""length_low"": 0.0, ""popularity_low"": 0.0, ""width_high"": 0.0}","{""directed_edges_ok"": true, ""metric_deltas"": [0.0, 0.0, 0.0, 0.0], ""missing_edges"": 0, ""passed"": true, ""road_changes_delta"": 0}",10,2,10,3,8,"{""736"": 2, ""4939"": 2, ""5571"": 2, ""8368"": 2, ""12162"": 2, ""13458"": 2, ""16926"": 2, ""18032"": 2, ""22073"": 2, ""22242"": 2}",False,736,,,,,,,,False,"[{""anchor_vertex"": 8368, ""edge_count"": 35, ""end_node_index"": 230, ""start_node_index"": 195}, {""anchor_vertex"": 4939, ""edge_count"": 35, ""end_node_index"": 231, ""start_node_index"": 196}, {""anchor_vertex"": 13458, ""edge_count"": 35, ""end_node_index"": 232, ""start_node_index"": 197}, {""anchor_vertex"": 736, ""edge_count"": 35, ""end_node_index"": 233, ""start_node_index"": 198}, {""anchor_vertex"": 22073, ""edge_count"": 23, ""end_node_index"": 225, ""start_node_index"": 202}, {""anchor_vertex"": 18032, ""edge_count"": 21, ""end_node_index"": 224, ""start_node_index"": 203}, {""anchor_vertex"": 16926, ""edge_count"": 19, ""end_node_index"": 223, ""start_node_index"": 204}, {""anchor_vertex"": 12162, ""edge_count"": 17, ""end_node_index"": 222, ""start_node_index"": 205}, {""anchor_vertex"": 22242, ""edge_count"": 15, ""end_node_index"": 221, ""start_node_index"": 206}, {""anchor_vertex"": 5571, ""edge_count"": 2, ""end_node_index"": 210, ""start_node_index"": 208}]",REPEATED_DIRECTED_EDGE
analyzed,holdout_anchor_south_north_28_quality_conflict,holdout,tmp_scalar_via_recovered_non_elementary_walks.json,/candidates[9],"S,P",7442,6f0d9f856d60fc3b1369ed718c14630c78ddaad44dc654719219894e64f38df4,403,402,50968.0,505.3999965786934,10378138.0,678870.0,203.62066394600532,13.31953382514519,148,True,"{""elevation_high"": 0.0, ""elevation_low"": 0.0, ""length_high"": 0.0, ""length_low"": 0.0, ""popularity_low"": 0.0, ""width_high"": 0.0}","{""directed_edges_ok"": true, ""metric_deltas"": [0.0, 0.0, 0.0, 0.0], ""missing_edges"": 0, ""passed"": true, ""road_changes_delta"": 0}",9,2,9,3,7,"{""736"": 2, ""4939"": 2, ""8368"": 2, ""12162"": 2, ""13458"": 2, ""16926"": 2, ""18032"": 2, ""22073"": 2, ""22242"": 2}",False,736,,,,,,,,False,"[{""anchor_vertex"": 8368, ""edge_count"": 36, ""end_node_index"": 231, ""start_node_index"": 195}, {""anchor_vertex"": 4939, ""edge_count"": 36, ""end_node_index"": 232, ""start_node_index"": 196}, {""anchor_vertex"": 13458, ""edge_count"": 36, ""end_node_index"": 233, ""start_node_index"": 197}, {""anchor_vertex"": 736, ""edge_count"": 36, ""end_node_index"": 234, ""start_node_index"": 198}, {""anchor_vertex"": 22073, ""edge_count"": 24, ""end_node_index"": 226, ""start_node_index"": 202}, {""anchor_vertex"": 18032, ""edge_count"": 22, ""end_node_index"": 225, ""start_node_index"": 203}, {""anchor_vertex"": 16926, ""edge_count"": 20, ""end_node_index"": 224, ""start_node_index"": 204}, {""anchor_vertex"": 12162, ""edge_count"": 18, ""end_node_index"": 223, ""start_node_index"": 205}, {""anchor_vertex"": 22242, ""edge_count"": 16, ""end_node_index"": 222, ""start_node_index"": 206}]",REPEATED_DIRECTED_EDGE
analyzed,holdout_anchor_south_north_28_quality_conflict,holdout,tmp_scalar_via_recovered_non_elementary_walks.json,/candidates[10],"S,P",12162,70914e1e6fe74a9181b025b2b4f26dc295c6ad52f7fbc5a4b78c654d11d40758,385,384,48606.0,498.09999649971724,9803538.0,637815.0,201.69398839649426,13.122145414146402,140,True,"{""elevation_high"": 0.0, ""elevation_low"": 0.0, ""length_high"": 0.0, ""length_low"": 0.0, ""popularity_low"": 0.0, ""width_high"": 0.0}","{""directed_edges_ok"": true, ""metric_deltas"": [0.0, 0.0, 0.0, 0.0], ""missing_edges"": 0, ""passed"": true, ""road_changes_delta"": 0}",7,2,7,3,6,"{""736"": 2, ""4939"": 2, ""8368"": 2, ""13458"": 2, ""16926"": 2, ""18032"": 2, ""22073"": 2}",False,736,,,,,,,,False,"[{""anchor_vertex"": 8368, ""edge_count"": 18, ""end_node_index"": 213, ""start_node_index"": 195}, {""anchor_vertex"": 4939, ""edge_count"": 18, ""end_node_index"": 214, ""start_node_index"": 196}, {""anchor_vertex"": 13458, ""edge_count"": 18, ""end_node_index"": 215, ""start_node_index"": 197}, {""anchor_vertex"": 736, ""edge_count"": 18, ""end_node_index"": 216, ""start_node_index"": 198}, {""anchor_vertex"": 22073, ""edge_count"": 6, ""end_node_index"": 208, ""start_node_index"": 202}, {""anchor_vertex"": 18032, ""edge_count"": 4, ""end_node_index"": 207, ""start_node_index"": 203}, {""anchor_vertex"": 16926, ""edge_count"": 2, ""end_node_index"": 206, ""start_node_index"": 204}]",REPEATED_DIRECTED_EDGE
analyzed,holdout_anchor_south_north_28_quality_conflict,holdout,tmp_scalar_via_recovered_non_elementary_walks.json,/candidates[11],"S,P",12816,93227d69c2e63b31ca4096b59998ecb2c64bf4a92b6fd583d34f34c6bc3c3d12,377,376,48756.0,598.3999965190887,9800933.0,648560.0,201.0200385593568,13.302157683156945,144,True,"{""elevation_high"": 0.0, ""elevation_low"": 0.0, ""length_high"": 0.0, ""length_low"": 0.0, ""popularity_low"": 0.0, ""width_high"": 0.0}","{""directed_edges_ok"": true, ""metric_deltas"": [0.0, 0.0, 0.0, 0.0], ""missing_edges"": 0, ""passed"": true, ""road_changes_delta"": 0}",6,2,6,1,4,"{""13189"": 2, ""14382"": 2, ""14383"": 2, ""14384"": 2, ""15100"": 2, ""21393"": 2}",False,13189,,,,,,,,False,"[{""anchor_vertex"": 14383, ""edge_count"": 15, ""end_node_index"": 153, ""start_node_index"": 138}, {""anchor_vertex"": 14384, ""edge_count"": 15, ""end_node_index"": 154, ""start_node_index"": 139}, {""anchor_vertex"": 14382, ""edge_count"": 11, ""end_node_index"": 152, ""start_node_index"": 141}, {""anchor_vertex"": 21393, ""edge_count"": 9, ""end_node_index"": 151, ""start_node_index"": 142}, {""anchor_vertex"": 15100, ""edge_count"": 4, ""end_node_index"": 149, ""start_node_index"": 145}, {""anchor_vertex"": 13189, ""edge_count"": 2, ""end_node_index"": 148, ""start_node_index"": 146}]",REPEATED_DIRECTED_EDGE
analyzed,holdout_anchor_south_north_28_quality_conflict,holdout,tmp_scalar_via_recovered_non_elementary_walks.json,/candidates[12],"S,P",12817,28d73febf55e0c815680f75e985e5b8a29344456c95d45b75505f14d93d14d85,379,378,49198.0,598.7999965250492,9884471.0,650770.0,200.91204927029554,13.227570226431968,146,True,"{""elevation_high"": 0.0, ""elevation_low"": 0.0, ""length_high"": 0.0, ""length_low"": 0.0, ""popularity_low"": 0.0, ""width_high"": 0.0}","{""directed_edges_ok"": true, ""metric_deltas"": [0.0, 0.0, 0.0, 0.0], ""missing_edges"": 0, ""passed"": true, ""road_changes_delta"": 0}",7,2,7,1,5,"{""12816"": 2, ""13189"": 2, ""14382"": 2, ""14383"": 2, ""14384"": 2, ""15100"": 2, ""21393"": 2}",False,12816,,,,,,,,False,"[{""anchor_vertex"": 14383, ""edge_count"": 17, ""end_node_index"": 155, ""start_node_index"": 138}, {""anchor_vertex"": 14384, ""edge_count"": 17, ""end_node_index"": 156, ""start_node_index"": 139}, {""anchor_vertex"": 14382, ""edge_count"": 13, ""end_node_index"": 154, ""start_node_index"": 141}, {""anchor_vertex"": 21393, ""edge_count"": 11, ""end_node_index"": 153, ""start_node_index"": 142}, {""anchor_vertex"": 15100, ""edge_count"": 6, ""end_node_index"": 151, ""start_node_index"": 145}, {""anchor_vertex"": 13189, ""edge_count"": 4, ""end_node_index"": 150, ""start_node_index"": 146}, {""anchor_vertex"": 12816, ""edge_count"": 2, ""end_node_index"": 149, ""start_node_index"": 147}]",REPEATED_DIRECTED_EDGE
analyzed,holdout_anchor_south_north_28_quality_conflict,holdout,tmp_scalar_via_recovered_non_elementary_walks.json,/candidates[13],"S,P",13461,d46d506e8f9fe808512b3329861c96ad62f3d10080e87842abc938aac2822d3c,429,428,52152.0,511.09999644756317,10483921.0,692755.0,201.0262501917472,13.28338318760546,160,True,"{""elevation_high"": 0.0, ""elevation_low"": 0.0, ""length_high"": 0.0, ""length_low"": 0.0, ""popularity_low"": 0.0, ""width_high"": 0.0}","{""directed_edges_ok"": true, ""metric_deltas"": [0.0, 0.0, 0.0, 0.0], ""missing_edges"": 0, ""passed"": true, ""road_changes_delta"": 0}",19,2,19,3,14,"{""736"": 2, ""4939"": 2, ""8368"": 2, ""12162"": 2, ""13458"": 2, ""14053"": 2, ""16540"": 2, ""16563"": 2, ""16571"": 2, ""16572"": 2, ""16575"": 2, ""16576"": 2, ""16926"": 2, ""17844"": 2, ""18032"": 2, ""19070"": 2, ""19932"": 2, ""22073"": 2, ""22242"": 2}",False,736,,,,,,,,False,"[{""anchor_vertex"": 8368, ""edge_count"": 62, ""end_node_index"": 257, ""start_node_index"": 195}, {""anchor_vertex"": 4939, ""edge_count"": 62, ""end_node_index"": 258, ""start_node_index"": 196}, {""anchor_vertex"": 13458, ""edge_count"": 62, ""end_node_index"": 259, ""start_node_index"": 197}, {""anchor_vertex"": 736, ""edge_count"": 62, ""end_node_index"": 260, ""start_node_index"": 198}, {""anchor_vertex"": 22073, ""edge_count"": 50, ""end_node_index"": 252, ""start_node_index"": 202}, {""anchor_vertex"": 18032, ""edge_count"": 48, ""end_node_index"": 251, ""start_node_index"": 203}, {""anchor_vertex"": 16926, ""edge_count"": 46, ""end_node_index"": 250, ""start_node_index"": 204}, {""anchor_vertex"": 12162, ""edge_count"": 44, ""end_node_index"": 249, ""start_node_index"": 205}, {""anchor_vertex"": 22242, ""edge_count"": 42, ""end_node_index"": 248, ""start_node_index"": 206}, {""anchor_vertex"": 16563, ""edge_count"": 28, ""end_node_index"": 240, ""start_node_index"": 212}, {""anchor_vertex"": 14053, ""edge_count"": 26, ""end_node_index"": 239, ""start_node_index"": 213}, {""anchor_vertex"": 16540, ""edge_count"": 20, ""end_node_index"": 236, ""start_node_index"": 216}, {""anchor_vertex"": 17844, ""edge_count"": 18, ""end_node_index"": 235, ""start_node_index"": 217}, {""anchor_vertex"": 19932, ""edge_count"": 16, ""end_node_index"": 234, ""start_node_index"": 218}, {""anchor_vertex"": 16571, ""edge_count"": 12, ""end_node_index"": 231, ""start_node_index"": 219}, {""anchor_vertex"": 16572, ""edge_count"": 10, ""end_node_index"": 230, ""start_node_index"": 220}, {""anchor_vertex"": 19070, ""edge_count"": 8, ""end_node_index"": 229, ""start_node_index"": 221}, {""anchor_vertex"": 16575, ""edge_count"": 6, ""end_node_index"": 228, ""start_node_index"": 222}, {""anchor_vertex"": 16576, ""edge_count"": 2, ""end_node_index"": 225, ""start_node_index"": 223}]",REPEATED_DIRECTED_EDGE
analyzed,holdout_anchor_south_north_28_quality_conflict,holdout,tmp_scalar_via_recovered_non_elementary_walks.json,/candidates[14],"S,P",14053,9b4cd3d3d0b6a43d5704ba6e644cba6049b6e93b2cf7c65efd8a9a0b9cad5625,403,402,50822.0,504.99999648332596,10363518.0,676665.0,203.91794891975917,13.314411081814962,146,True,"{""elevation_high"": 0.0, ""elevation_low"": 0.0, ""length_high"": 0.0, ""length_low"": 0.0, ""popularity_low"": 0.0, ""width_high"": 0.0}","{""directed_edges_ok"": true, ""metric_deltas"": [0.0, 0.0, 0.0, 0.0], ""missing_edges"": 0, ""passed"": true, ""road_changes_delta"": 0}",10,2,10,3,8,"{""736"": 2, ""4939"": 2, ""8368"": 2, ""12162"": 2, ""13458"": 2, ""16563"": 2, ""16926"": 2, ""18032"": 2, ""22073"": 2, ""22242"": 2}",False,736,,,,,,,,False,"[{""anchor_vertex"": 8368, ""edge_count"": 36, ""end_node_index"": 231, ""start_node_index"": 195}, {""anchor_vertex"": 4939, ""edge_count"": 36, ""end_node_index"": 232, ""start_node_index"": 196}, {""anchor_vertex"": 13458, ""edge_count"": 36, ""end_node_index"": 233, ""start_node_index"": 197}, {""anchor_vertex"": 736, ""edge_count"": 36, ""end_node_index"": 234, ""start_node_index"": 198}, {""anchor_vertex"": 22073, ""edge_count"": 24, ""end_node_index"": 226, ""start_node_index"": 202}, {""anchor_vertex"": 18032, ""edge_count"": 22, ""end_node_index"": 225, ""start_node_index"": 203}, {""anchor_vertex"": 16926, ""edge_count"": 20, ""end_node_index"": 224, ""start_node_index"": 204}, {""anchor_vertex"": 12162, ""edge_count"": 18, ""end_node_index"": 223, ""start_node_index"": 205}, {""anchor_vertex"": 22242, ""edge_count"": 16, ""end_node_index"": 222, ""start_node_index"": 206}, {""anchor_vertex"": 16563, ""edge_count"": 2, ""end_node_index"": 214, ""start_node_index"": 212}]",REPEATED_DIRECTED_EDGE
analyzed,holdout_anchor_south_north_28_quality_conflict,holdout,tmp_scalar_via_recovered_non_elementary_walks.json,/candidates[15],"S,P",15099,93238502e15e67d57f58bfaae70138ee76271fe0cb0cb3239a669c95eaf63d07,379,378,48842.0,598.6999965310097,9822863.0,649850.0,201.11508537733917,13.305147209368986,144,True,"{""elevation_high"": 0.0, ""elevation_low"": 0.0, ""length_high"": 0.0, ""length_low"": 0.0, ""popularity_low"": 0.0, ""width_high"": 0.0}","{""directed_edges_ok"": true, ""metric_deltas"": [0.0, 0.0, 0.0, 0.0], ""missing_edges"": 0, ""passed"": true, ""road_changes_delta"": 0}",7,2,7,1,5,"{""12816"": 2, ""13189"": 2, ""14382"": 2, ""14383"": 2, ""14384"": 2, ""15100"": 2, ""21393"": 2}",False,12816,,,,,,,,False,"[{""anchor_vertex"": 14383, ""edge_count"": 17, ""end_node_index"": 155, ""start_node_index"": 138}, {""anchor_vertex"": 14384, ""edge_count"": 17, ""end_node_index"": 156, ""start_node_index"": 139}, {""anchor_vertex"": 14382, ""edge_count"": 13, ""end_node_index"": 154, ""start_node_index"": 141}, {""anchor_vertex"": 21393, ""edge_count"": 11, ""end_node_index"": 153, ""start_node_index"": 142}, {""anchor_vertex"": 15100, ""edge_count"": 6, ""end_node_index"": 151, ""start_node_index"": 145}, {""anchor_vertex"": 13189, ""edge_count"": 4, ""end_node_index"": 150, ""start_node_index"": 146}, {""anchor_vertex"": 12816, ""edge_count"": 2, ""end_node_index"": 149, ""start_node_index"": 147}]",REPEATED_DIRECTED_EDGE
analyzed,holdout_anchor_south_north_28_quality_conflict,holdout,tmp_scalar_via_recovered_non_elementary_walks.json,/candidates[16],"S,P",16540,b3bd27ed641b3524f42c5d6e8879a85cb3f5579f7fef273f19ae6b90fa3f26fe,409,408,50901.0,505.79999650269747,10379794.0,677850.0,203.92121962240427,13.31702717038958,150,True,"{""elevation_high"": 0.0, ""elevation_low"": 0.0, ""length_high"": 0.0, ""length_low"": 0.0, ""popularity_low"": 0.0, ""width_high"": 0.0}","{""directed_edges_ok"": true, ""metric_deltas"": [0.0, 0.0, 0.0, 0.0], ""missing_edges"": 0, ""passed"": true, ""road_changes_delta"": 0}",11,2,11,3,8,"{""736"": 2, ""4939"": 2, ""8368"": 2, ""12162"": 2, ""13458"": 2, ""14053"": 2, ""16563"": 2, ""16926"": 2, ""18032"": 2, ""22073"": 2, ""22242"": 2}",False,736,,,,,,,,False,"[{""anchor_vertex"": 8368, ""edge_count"": 42, ""end_node_index"": 237, ""start_node_index"": 195}, {""anchor_vertex"": 4939, ""edge_count"": 42, ""end_node_index"": 238, ""start_node_index"": 196}, {""anchor_vertex"": 13458, ""edge_count"": 42, ""end_node_index"": 239, ""start_node_index"": 197}, {""anchor_vertex"": 736, ""edge_count"": 42, ""end_node_index"": 240, ""start_node_index"": 198}, {""anchor_vertex"": 22073, ""edge_count"": 30, ""end_node_index"": 232, ""start_node_index"": 202}, {""anchor_vertex"": 18032, ""edge_count"": 28, ""end_node_index"": 231, ""start_node_index"": 203}, {""anchor_vertex"": 16926, ""edge_count"": 26, ""end_node_index"": 230, ""start_node_index"": 204}, {""anchor_vertex"": 12162, ""edge_count"": 24, ""end_node_index"": 229, ""start_node_index"": 205}, {""anchor_vertex"": 22242, ""edge_count"": 22, ""end_node_index"": 228, ""start_node_index"": 206}, {""anchor_vertex"": 16563, ""edge_count"": 8, ""end_node_index"": 220, ""start_node_index"": 212}, {""anchor_vertex"": 14053, ""edge_count"": 6, ""end_node_index"": 219, ""start_node_index"": 213}]",REPEATED_DIRECTED_EDGE
analyzed,holdout_anchor_south_north_28_quality_conflict,holdout,tmp_scalar_via_recovered_non_elementary_walks.json,/candidates[17],"S,P",16563,b5cc11262e06fb9fe30591e668fabff1b64083f049761f6571edb0a13c37a044,401,400,50734.0,504.99999648332596,10344334.0,675345.0,203.89352308116844,13.311487365474829,146,True,"{""elevation_high"": 0.0, ""elevation_low"": 0.0, ""length_high"": 0.0, ""length_low"": 0.0, ""popularity_low"": 0.0, ""width_high"": 0.0}","{""directed_edges_ok"": true, ""metric_deltas"": [0.0, 0.0, 0.0, 0.0], ""missing_edges"": 0, ""passed"": true, ""road_changes_delta"": 0}",9,2,9,3,7,"{""736"": 2, ""4939"": 2, ""8368"": 2, ""12162"": 2, ""13458"": 2, ""16926"": 2, ""18032"": 2, ""22073"": 2, ""22242"": 2}",False,736,,,,,,,,False,"[{""anchor_vertex"": 8368, ""edge_count"": 34, ""end_node_index"": 229, ""start_node_index"": 195}, {""anchor_vertex"": 4939, ""edge_count"": 34, ""end_node_index"": 230, ""start_node_index"": 196}, {""anchor_vertex"": 13458, ""edge_count"": 34, ""end_node_index"": 231, ""start_node_index"": 197}, {""anchor_vertex"": 736, ""edge_count"": 34, ""end_node_index"": 232, ""start_node_index"": 198}, {""anchor_vertex"": 22073, ""edge_count"": 22, ""end_node_index"": 224, ""start_node_index"": 202}, {""anchor_vertex"": 18032, ""edge_count"": 20, ""end_node_index"": 223, ""start_node_index"": 203}, {""anchor_vertex"": 16926, ""edge_count"": 18, ""end_node_index"": 222, ""start_node_index"": 204}, {""anchor_vertex"": 12162, ""edge_count"": 16, ""end_node_index"": 221, ""start_node_index"": 205}, {""anchor_vertex"": 22242, ""edge_count"": 14, ""end_node_index"": 220, ""start_node_index"": 206}]",REPEATED_DIRECTED_EDGE
analyzed,holdout_anchor_south_north_28_quality_conflict,holdout,tmp_scalar_via_recovered_non_elementary_walks.json,/candidates[18],"S,P",16567,a8bde3ecbd853583a939594b259f7f18f723065ff6091c4cf564b4dc999806d7,421,420,51598.0,507.39999651908875,10465537.0,687215.0,202.8283460599248,13.318636381255088,154,True,"{""elevation_high"": 0.0, ""elevation_low"": 0.0, ""length_high"": 0.0, ""length_low"": 0.0, ""popularity_low"": 0.0, ""width_high"": 0.0}","{""directed_edges_ok"": true, ""metric_deltas"": [0.0, 0.0, 0.0, 0.0], ""missing_edges"": 0, ""passed"": true, ""road_changes_delta"": 0}",16,2,16,3,12,"{""736"": 2, ""4939"": 2, ""8368"": 2, ""12162"": 2, ""13458"": 2, ""14053"": 2, ""16540"": 2, ""16563"": 2, ""16569"": 2, ""16926"": 2, ""17844"": 2, ""18032"": 2, ""19932"": 2, ""21250"": 2, ""22073"": 2, ""22242"": 2}",False,736,,,,,,,,False,"[{""anchor_vertex"": 8368, ""edge_count"": 54, ""end_node_index"": 249, ""start_node_index"": 195}, {""anchor_vertex"": 4939, ""edge_count"": 54, ""end_node_index"": 250, ""start_node_index"": 196}, {""anchor_vertex"": 13458, ""edge_count"": 54, ""end_node_index"": 251, ""start_node_index"": 197}, {""anchor_vertex"": 736, ""edge_count"": 54, ""end_node_index"": 252, ""start_node_index"": 198}, {""anchor_vertex"": 22073, ""edge_count"": 42, ""end_node_index"": 244, ""start_node_index"": 202}, {""anchor_vertex"": 18032, ""edge_count"": 40, ""end_node_index"": 243, ""start_node_index"": 203}, {""anchor_vertex"": 16926, ""edge_count"": 38, ""end_node_index"": 242, ""start_node_index"": 204}, {""anchor_vertex"": 12162, ""edge_count"": 36, ""end_node_index"": 241, ""start_node_index"": 205}, {""anchor_vertex"": 22242, ""edge_count"": 34, ""end_node_index"": 240, ""start_node_index"": 206}, {""anchor_vertex"": 16563, ""edge_count"": 20, ""end_node_index"": 232, ""start_node_index"": 212}, {""anchor_vertex"": 14053, ""edge_count"": 18, ""end_node_index"": 231, ""start_node_index"": 213}, {""anchor_vertex"": 16540, ""edge_count"": 12, ""end_node_index"": 228, ""start_node_index"": 216}, {""anchor_vertex"": 17844, ""edge_count"": 10, ""end_node_index"": 227, ""start_node_index"": 217}, {""anchor_vertex"": 19932, ""edge_count"": 8, ""end_node_index"": 226, ""start_node_index"": 218}, {""anchor_vertex"": 16569, ""edge_count"": 4, ""end_node_index"": 225, ""start_node_index"": 221}, {""anchor_vertex"": 21250, ""edge_count"": 2, ""end_node_index"": 224, ""start_node_index"": 222}]",REPEATED_DIRECTED_EDGE
analyzed,holdout_anchor_south_north_28_quality_conflict,holdout,tmp_scalar_via_recovered_non_elementary_walks.json,/candidates[19],"S,P",16572,685a95af658a1f48b742af5d1cbf7621005f5507b1ed085ac45701d872c1b84c,419,418,51520.0,507.09999652951956,10470527.0,686435.0,203.23227872670807,13.323660714285714,154,True,"{""elevation_high"": 0.0, ""elevation_low"": 0.0, ""length_high"": 0.0, ""length_low"": 0.0, ""popularity_low"": 0.0, ""width_high"": 0.0}","{""directed_edges_ok"": true, ""metric_deltas"": [0.0, 0.0, 0.0, 0.0], ""missing_edges"": 0, ""passed"": true, ""road_changes_delta"": 0}",15,2,15,3,11,"{""736"": 2, ""4939"": 2, ""8368"": 2, ""12162"": 2, ""13458"": 2, ""14053"": 2, ""16540"": 2, ""16563"": 2, ""16571"": 2, ""16926"": 2, ""17844"": 2, ""18032"": 2, ""19932"": 2, ""22073"": 2, ""22242"": 2}",False,736,,,,,,,,False,"[{""anchor_vertex"": 8368, ""edge_count"": 52, ""end_node_index"": 247, ""start_node_index"": 195}, {""anchor_vertex"": 4939, ""edge_count"": 52, ""end_node_index"": 248, ""start_node_index"": 196}, {""anchor_vertex"": 13458, ""edge_count"": 52, ""end_node_index"": 249, ""start_node_index"": 197}, {""anchor_vertex"": 736, ""edge_count"": 52, ""end_node_index"": 250, ""start_node_index"": 198}, {""anchor_vertex"": 22073, ""edge_count"": 40, ""end_node_index"": 242, ""start_node_index"": 202}, {""anchor_vertex"": 18032, ""edge_count"": 38, ""end_node_index"": 241, ""start_node_index"": 203}, {""anchor_vertex"": 16926, ""edge_count"": 36, ""end_node_index"": 240, ""start_node_index"": 204}, {""anchor_vertex"": 12162, ""edge_count"": 34, ""end_node_index"": 239, ""start_node_index"": 205}, {""anchor_vertex"": 22242, ""edge_count"": 32, ""end_node_index"": 238, ""start_node_index"": 206}, {""anchor_vertex"": 16563, ""edge_count"": 18, ""end_node_index"": 230, ""start_node_index"": 212}, {""anchor_vertex"": 14053, ""edge_count"": 16, ""end_node_index"": 229, ""start_node_index"": 213}, {""anchor_vertex"": 16540, ""edge_count"": 10, ""end_node_index"": 226, ""start_node_index"": 216}, {""anchor_vertex"": 17844, ""edge_count"": 8, ""end_node_index"": 225, ""start_node_index"": 217}, {""anchor_vertex"": 19932, ""edge_count"": 6, ""end_node_index"": 224, ""start_node_index"": 218}, {""anchor_vertex"": 16571, ""edge_count"": 2, ""end_node_index"": 221, ""start_node_index"": 219}]",REPEATED_DIRECTED_EDGE
analyzed,holdout_anchor_south_north_28_quality_conflict,holdout,tmp_scalar_via_recovered_non_elementary_walks.json,/candidates[20],"S,P",16574,ac5d677109197ff9df23c7bc32b1f0831dbf077bf83eeacb1bca9c0040ed0754,431,430,52318.0,511.2999964505434,10485415.0,694415.0,200.41696930310792,13.272965327420772,160,True,"{""elevation_high"": 0.0, ""elevation_low"": 0.0, ""length_high"": 0.0, ""length_low"": 0.0, ""popularity_low"": 0.0, ""width_high"": 0.0}","{""directed_edges_ok"": true, ""metric_deltas"": [0.0, 0.0, 0.0, 0.0], ""missing_edges"": 0, ""passed"": true, ""road_changes_delta"": 0}",20,2,20,3,15,"{""736"": 2, ""4939"": 2, ""8368"": 2, ""12162"": 2, ""13458"": 2, ""13461"": 2, ""14053"": 2, ""16540"": 2, ""16563"": 2, ""16571"": 2, ""16572"": 2, ""16575"": 2, ""16576"": 2, ""16926"": 2, ""17844"": 2, ""18032"": 2, ""19070"": 2, ""19932"": 2, ""22073"": 2, ""22242"": 2}",False,736,,,,,,,,False,"[{""anchor_vertex"": 8368, ""edge_count"": 64, ""end_node_index"": 259, ""start_node_index"": 195}, {""anchor_vertex"": 4939, ""edge_count"": 64, ""end_node_index"": 260, ""start_node_index"": 196}, {""anchor_vertex"": 13458, ""edge_count"": 64, ""end_node_index"": 261, ""start_node_index"": 197}, {""anchor_vertex"": 736, ""edge_count"": 64, ""end_node_index"": 262, ""start_node_index"": 198}, {""anchor_vertex"": 22073, ""edge_count"": 52, ""end_node_index"": 254, ""start_node_index"": 202}, {""anchor_vertex"": 18032, ""edge_count"": 50, ""end_node_index"": 253, ""start_node_index"": 203}, {""anchor_vertex"": 16926, ""edge_count"": 48, ""end_node_index"": 252, ""start_node_index"": 204}, {""anchor_vertex"": 12162, ""edge_count"": 46, ""end_node_index"": 251, ""start_node_index"": 205}, {""anchor_vertex"": 22242, ""edge_count"": 44, ""end_node_index"": 250, ""start_node_index"": 206}, {""anchor_vertex"": 16563, ""edge_count"": 30, ""end_node_index"": 242, ""start_node_index"": 212}, {""anchor_vertex"": 14053, ""edge_count"": 28, ""end_node_index"": 241, ""start_node_index"": 213}, {""anchor_vertex"": 16540, ""edge_count"": 22, ""end_node_index"": 238, ""start_node_index"": 216}, {""anchor_vertex"": 17844, ""edge_count"": 20, ""end_node_index"": 237, ""start_node_index"": 217}, {""anchor_vertex"": 19932, ""edge_count"": 18, ""end_node_index"": 236, ""start_node_index"": 218}, {""anchor_vertex"": 16571, ""edge_count"": 14, ""end_node_index"": 233, ""start_node_index"": 219}, {""anchor_vertex"": 16572, ""edge_count"": 12, ""end_node_index"": 232, ""start_node_index"": 220}, {""anchor_vertex"": 19070, ""edge_count"": 10, ""end_node_index"": 231, ""start_node_index"": 221}, {""anchor_vertex"": 16575, ""edge_count"": 8, ""end_node_index"": 230, ""start_node_index"": 222}, {""anchor_vertex"": 16576, ""edge_count"": 4, ""end_node_index"": 227, ""start_node_index"": 223}, {""anchor_vertex"": 13461, ""edge_count"": 2, ""end_node_index"": 226, ""start_node_index"": 224}]",REPEATED_DIRECTED_EDGE
analyzed,holdout_anchor_south_north_28_quality_conflict,holdout,tmp_scalar_via_recovered_non_elementary_walks.json,/candidates[21],"S,P",16575,d2dad9cf2e07f8870bac119a5972684c94950efe655ea61080b2f3951f7f7746,423,422,51978.0,509.0999964699149,10479295.0,691015.0,201.61020046942937,13.294374543075916,156,True,"{""elevation_high"": 0.0, ""elevation_low"": 0.0, ""length_high"": 0.0, ""length_low"": 0.0, ""popularity_low"": 0.0, ""width_high"": 0.0}","{""directed_edges_ok"": true, ""metric_deltas"": [0.0, 0.0, 0.0, 0.0], ""missing_edges"": 0, ""passed"": true, ""road_changes_delta"": 0}",17,2,17,3,13,"{""736"": 2, ""4939"": 2, ""8368"": 2, ""12162"": 2, ""13458"": 2, ""14053"": 2, ""16540"": 2, ""16563"": 2, ""16571"": 2, ""16572"": 2, ""16926"": 2, ""17844"": 2, ""18032"": 2, ""19070"": 2, ""19932"": 2, ""22073"": 2, ""22242"": 2}",False,736,,,,,,,,False,"[{""anchor_vertex"": 8368, ""edge_count"": 56, ""end_node_index"": 251, ""start_node_index"": 195}, {""anchor_vertex"": 4939, ""edge_count"": 56, ""end_node_index"": 252, ""start_node_index"": 196}, {""anchor_vertex"": 13458, ""edge_count"": 56, ""end_node_index"": 253, ""start_node_index"": 197}, {""anchor_vertex"": 736, ""edge_count"": 56, ""end_node_index"": 254, ""start_node_index"": 198}, {""anchor_vertex"": 22073, ""edge_count"": 44, ""end_node_index"": 246, ""start_node_index"": 202}, {""anchor_vertex"": 18032, ""edge_count"": 42, ""end_node_index"": 245, ""start_node_index"": 203}, {""anchor_vertex"": 16926, ""edge_count"": 40, ""end_node_index"": 244, ""start_node_index"": 204}, {""anchor_vertex"": 12162, ""edge_count"": 38, ""end_node_index"": 243, ""start_node_index"": 205}, {""anchor_vertex"": 22242, ""edge_count"": 36, ""end_node_index"": 242, ""start_node_index"": 206}, {""anchor_vertex"": 16563, ""edge_count"": 22, ""end_node_index"": 234, ""start_node_index"": 212}, {""anchor_vertex"": 14053, ""edge_count"": 20, ""end_node_index"": 233, ""start_node_index"": 213}, {""anchor_vertex"": 16540, ""edge_count"": 14, ""end_node_index"": 230, ""start_node_index"": 216}, {""anchor_vertex"": 17844, ""edge_count"": 12, ""end_node_index"": 229, ""start_node_index"": 217}, {""anchor_vertex"": 19932, ""edge_count"": 10, ""end_node_index"": 228, ""start_node_index"": 218}, {""anchor_vertex"": 16571, ""edge_count"": 6, ""end_node_index"": 225, ""start_node_index"": 219}, {""anchor_vertex"": 16572, ""edge_count"": 4, ""end_node_index"": 224, ""start_node_index"": 220}, {""anchor_vertex"": 19070, ""edge_count"": 2, ""end_node_index"": 223, ""start_node_index"": 221}]",REPEATED_DIRECTED_EDGE
analyzed,holdout_anchor_south_north_28_quality_conflict,holdout,tmp_scalar_via_recovered_non_elementary_walks.json,/candidates[22],"S,P",16579,c9571184978f9754d8fd8307915be351513495c5808b63b3bca39bc1c000b5f7,431,430,52210.0,510.2999964952469,10484077.0,693335.0,200.80591840643555,13.279735682819384,160,True,"{""elevation_high"": 0.0, ""elevation_low"": 0.0, ""length_high"": 0.0, ""length_low"": 0.0, ""popularity_low"": 0.0, ""width_high"": 0.0}","{""directed_edges_ok"": true, ""metric_deltas"": [0.0, 0.0, 0.0, 0.0], ""missing_edges"": 0, ""passed"": true, ""road_changes_delta"": 0}",20,2,20,3,15,"{""736"": 2, ""4939"": 2, ""8368"": 2, ""12162"": 2, ""13458"": 2, ""14053"": 2, ""16540"": 2, ""16563"": 2, ""16571"": 2, ""16572"": 2, ""16575"": 2, ""16577"": 2, ""16583"": 2, ""16926"": 2, ""17844"": 2, ""18032"": 2, ""19070"": 2, ""19932"": 2, ""22073"": 2, ""22242"": 2}",False,736,,,,,,,,False,"[{""anchor_vertex"": 8368, ""edge_count"": 64, ""end_node_index"": 259, ""start_node_index"": 195}, {""anchor_vertex"": 4939, ""edge_count"": 64, ""end_node_index"": 260, ""start_node_index"": 196}, {""anchor_vertex"": 13458, ""edge_count"": 64, ""end_node_index"": 261, ""start_node_index"": 197}, {""anchor_vertex"": 736, ""edge_count"": 64, ""end_node_index"": 262, ""start_node_index"": 198}, {""anchor_vertex"": 22073, ""edge_count"": 52, ""end_node_index"": 254, ""start_node_index"": 202}, {""anchor_vertex"": 18032, ""edge_count"": 50, ""end_node_index"": 253, ""start_node_index"": 203}, {""anchor_vertex"": 16926, ""edge_count"": 48, ""end_node_index"": 252, ""start_node_index"": 204}, {""anchor_vertex"": 12162, ""edge_count"": 46, ""end_node_index"": 251, ""start_node_index"": 205}, {""anchor_vertex"": 22242, ""edge_count"": 44, ""end_node_index"": 250, ""start_node_index"": 206}, {""anchor_vertex"": 16563, ""edge_count"": 30, ""end_node_index"": 242, ""start_node_index"": 212}, {""anchor_vertex"": 14053, ""edge_count"": 28, ""end_node_index"": 241, ""start_node_index"": 213}, {""anchor_vertex"": 16540, ""edge_count"": 22, ""end_node_index"": 238, ""start_node_index"": 216}, {""anchor_vertex"": 17844, ""edge_count"": 20, ""end_node_index"": 237, ""start_node_index"": 217}, {""anchor_vertex"": 19932, ""edge_count"": 18, ""end_node_index"": 236, ""start_node_index"": 218}, {""anchor_vertex"": 16571, ""edge_count"": 14, ""end_node_index"": 233, ""start_node_index"": 219}, {""anchor_vertex"": 16572, ""edge_count"": 12, ""end_node_index"": 232, ""start_node_index"": 220}, {""anchor_vertex"": 19070, ""edge_count"": 10, ""end_node_index"": 231, ""start_node_index"": 221}, {""anchor_vertex"": 16575, ""edge_count"": 8, ""end_node_index"": 230, ""start_node_index"": 222}, {""anchor_vertex"": 16577, ""edge_count"": 4, ""end_node_index"": 228, ""start_node_index"": 224}, {""anchor_vertex"": 16583, ""edge_count"": 2, ""end_node_index"": 227, ""start_node_index"": 225}]",REPEATED_DIRECTED_EDGE
analyzed,holdout_anchor_south_north_28_quality_conflict,holdout,tmp_scalar_via_recovered_non_elementary_walks.json,/candidates[23],"S,P",16583,aaf90671073f0215ecd7356ee76ea228e7b2c79a7f73c30ba4945eebf3194d5a,429,428,52148.0,509.7999964952469,10483829.0,692715.0,201.03990565314106,13.283635038735905,160,True,"{""elevation_high"": 0.0, ""elevation_low"": 0.0, ""length_high"": 0.0, ""length_low"": 0.0, ""popularity_low"": 0.0, ""width_high"": 0.0}","{""directed_edges_ok"": true, ""metric_deltas"": [0.0, 0.0, 0.0, 0.0], ""missing_edges"": 0, ""passed"": true, ""road_changes_delta"": 0}",19,2,19,3,14,"{""736"": 2, ""4939"": 2, ""8368"": 2, ""12162"": 2, ""13458"": 2, ""14053"": 2, ""16540"": 2, ""16563"": 2, ""16571"": 2, ""16572"": 2, ""16575"": 2, ""16577"": 2, ""16926"": 2, ""17844"": 2, ""18032"": 2, ""19070"": 2, ""19932"": 2, ""22073"": 2, ""22242"": 2}",False,736,,,,,,,,False,"[{""anchor_vertex"": 8368, ""edge_count"": 62, ""end_node_index"": 257, ""start_node_index"": 195}, {""anchor_vertex"": 4939, ""edge_count"": 62, ""end_node_index"": 258, ""start_node_index"": 196}, {""anchor_vertex"": 13458, ""edge_count"": 62, ""end_node_index"": 259, ""start_node_index"": 197}, {""anchor_vertex"": 736, ""edge_count"": 62, ""end_node_index"": 260, ""start_node_index"": 198}, {""anchor_vertex"": 22073, ""edge_count"": 50, ""end_node_index"": 252, ""start_node_index"": 202}, {""anchor_vertex"": 18032, ""edge_count"": 48, ""end_node_index"": 251, ""start_node_index"": 203}, {""anchor_vertex"": 16926, ""edge_count"": 46, ""end_node_index"": 250, ""start_node_index"": 204}, {""anchor_vertex"": 12162, ""edge_count"": 44, ""end_node_index"": 249, ""start_node_index"": 205}, {""anchor_vertex"": 22242, ""edge_count"": 42, ""end_node_index"": 248, ""start_node_index"": 206}, {""anchor_vertex"": 16563, ""edge_count"": 28, ""end_node_index"": 240, ""start_node_index"": 212}, {""anchor_vertex"": 14053, ""edge_count"": 26, ""end_node_index"": 239, ""start_node_index"": 213}, {""anchor_vertex"": 16540, ""edge_count"": 20, ""end_node_index"": 236, ""start_node_index"": 216}, {""anchor_vertex"": 17844, ""edge_count"": 18, ""end_node_index"": 235, ""start_node_index"": 217}, {""anchor_vertex"": 19932, ""edge_count"": 16, ""end_node_index"": 234, ""start_node_index"": 218}, {""anchor_vertex"": 16571, ""edge_count"": 12, ""end_node_index"": 231, ""start_node_index"": 219}, {""anchor_vertex"": 16572, ""edge_count"": 10, ""end_node_index"": 230, ""start_node_index"": 220}, {""anchor_vertex"": 19070, ""edge_count"": 8, ""end_node_index"": 229, ""start_node_index"": 221}, {""anchor_vertex"": 16575, ""edge_count"": 6, ""end_node_index"": 228, ""start_node_index"": 222}, {""anchor_vertex"": 16577, ""edge_count"": 2, ""end_node_index"": 226, ""start_node_index"": 224}]",REPEATED_DIRECTED_EDGE
analyzed,holdout_anchor_south_north_28_quality_conflict,holdout,tmp_scalar_via_recovered_non_elementary_walks.json,/candidates[24],"S,P",16585,e461653f2babc274adbbdcf627aec1a5e4d08f8d21fd7768e0abc324e55f42da,431,430,52266.0,510.69999647140503,10485009.0,693895.0,200.6085983239582,13.276221635480045,160,True,"{""elevation_high"": 0.0, ""elevation_low"": 0.0, ""length_high"": 0.0, ""length_low"": 0.0, ""popularity_low"": 0.0, ""width_high"": 0.0}","{""directed_edges_ok"": true, ""metric_deltas"": [0.0, 0.0, 0.0, 0.0], ""missing_edges"": 0, ""passed"": true, ""road_changes_delta"": 0}",20,2,20,3,15,"{""736"": 2, ""4939"": 2, ""8368"": 2, ""12162"": 2, ""13458"": 2, ""14053"": 2, ""16540"": 2, ""16563"": 2, ""16571"": 2, ""16572"": 2, ""16575"": 2, ""16577"": 2, ""16583"": 2, ""16926"": 2, ""17844"": 2, ""18032"": 2, ""19070"": 2, ""19932"": 2, ""22073"": 2, ""22242"": 2}",False,736,,,,,,,,False,"[{""anchor_vertex"": 8368, ""edge_count"": 64, ""end_node_index"": 259, ""start_node_index"": 195}, {""anchor_vertex"": 4939, ""edge_count"": 64, ""end_node_index"": 260, ""start_node_index"": 196}, {""anchor_vertex"": 13458, ""edge_count"": 64, ""end_node_index"": 261, ""start_node_index"": 197}, {""anchor_vertex"": 736, ""edge_count"": 64, ""end_node_index"": 262, ""start_node_index"": 198}, {""anchor_vertex"": 22073, ""edge_count"": 52, ""end_node_index"": 254, ""start_node_index"": 202}, {""anchor_vertex"": 18032, ""edge_count"": 50, ""end_node_index"": 253, ""start_node_index"": 203}, {""anchor_vertex"": 16926, ""edge_count"": 48, ""end_node_index"": 252, ""start_node_index"": 204}, {""anchor_vertex"": 12162, ""edge_count"": 46, ""end_node_index"": 251, ""start_node_index"": 205}, {""anchor_vertex"": 22242, ""edge_count"": 44, ""end_node_index"": 250, ""start_node_index"": 206}, {""anchor_vertex"": 16563, ""edge_count"": 30, ""end_node_index"": 242, ""start_node_index"": 212}, {""anchor_vertex"": 14053, ""edge_count"": 28, ""end_node_index"": 241, ""start_node_index"": 213}, {""anchor_vertex"": 16540, ""edge_count"": 22, ""end_node_index"": 238, ""start_node_index"": 216}, {""anchor_vertex"": 17844, ""edge_count"": 20, ""end_node_index"": 237, ""start_node_index"": 217}, {""anchor_vertex"": 19932, ""edge_count"": 18, ""end_node_index"": 236, ""start_node_index"": 218}, {""anchor_vertex"": 16571, ""edge_count"": 14, ""end_node_index"": 233, ""start_node_index"": 219}, {""anchor_vertex"": 16572, ""edge_count"": 12, ""end_node_index"": 232, ""start_node_index"": 220}, {""anchor_vertex"": 19070, ""edge_count"": 10, ""end_node_index"": 231, ""start_node_index"": 221}, {""anchor_vertex"": 16575, ""edge_count"": 8, ""end_node_index"": 230, ""start_node_index"": 222}, {""anchor_vertex"": 16577, ""edge_count"": 4, ""end_node_index"": 228, ""start_node_index"": 224}, {""anchor_vertex"": 16583, ""edge_count"": 2, ""end_node_index"": 227, ""start_node_index"": 225}]",REPEATED_DIRECTED_EDGE
analyzed,holdout_anchor_south_north_28_quality_conflict,holdout,tmp_scalar_via_recovered_non_elementary_walks.json,/candidates[25],"S,P",16926,15c037ed424a9915217bb0fb0cdf58345377f92ad4f569ab7afad8d741f7a15d,383,382,48418.0,498.09999649971724,9755598.0,635935.0,201.4870089636086,13.134268247346029,140,True,"{""elevation_high"": 0.0, ""elevation_low"": 0.0, ""length_high"": 0.0, ""length_low"": 0.0, ""popularity_low"": 0.0, ""width_high"": 0.0}","{""directed_edges_ok"": true, ""metric_deltas"": [0.0, 0.0, 0.0, 0.0], ""missing_edges"": 0, ""passed"": true, ""road_changes_delta"": 0}",6,2,6,3,5,"{""736"": 2, ""4939"": 2, ""8368"": 2, ""13458"": 2, ""18032"": 2, ""22073"": 2}",False,736,,,,,,,,False,"[{""anchor_vertex"": 8368, ""edge_count"": 16, ""end_node_index"": 211, ""start_node_index"": 195}, {""anchor_vertex"": 4939, ""edge_count"": 16, ""end_node_index"": 212, ""start_node_index"": 196}, {""anchor_vertex"": 13458, ""edge_count"": 16, ""end_node_index"": 213, ""start_node_index"": 197}, {""anchor_vertex"": 736, ""edge_count"": 16, ""end_node_index"": 214, ""start_node_index"": 198}, {""anchor_vertex"": 22073, ""edge_count"": 4, ""end_node_index"": 206, ""start_node_index"": 202}, {""anchor_vertex"": 18032, ""edge_count"": 2, ""end_node_index"": 205, ""start_node_index"": 203}]",REPEATED_DIRECTED_EDGE
analyzed,holdout_anchor_south_north_28_quality_conflict,holdout,tmp_scalar_via_recovered_non_elementary_walks.json,/candidates[26],"S,P",17618,94f7dd23c2165c66a1ca85792f65b37f0935926e9a0351af22ace9db5fb890b6,410,409,51278.0,508.09999660402536,10382287.0,677525.0,202.47059167674246,13.212781309723468,147,True,"{""elevation_high"": 0.0, ""elevation_low"": 0.0, ""length_high"": 0.0, ""length_low"": 0.0, ""popularity_low"": 0.0, ""width_high"": 0.0}","{""directed_edges_ok"": true, ""metric_deltas"": [0.0, 0.0, 0.0, 0.0], ""missing_edges"": 0, ""passed"": true, ""road_changes_delta"": 0}",14,2,14,3,12,"{""736"": 2, ""4939"": 2, ""5571"": 2, ""5572"": 2, ""8368"": 2, ""12162"": 2, ""13458"": 2, ""16926"": 2, ""18032"": 2, ""19061"": 2, ""19062"": 2, ""19063"": 2, ""22073"": 2, ""22242"": 2}",False,736,,,,,,,,False,"[{""anchor_vertex"": 8368, ""edge_count"": 43, ""end_node_index"": 238, ""start_node_index"": 195}, {""anchor_vertex"": 4939, ""edge_count"": 43, ""end_node_index"": 239, ""start_node_index"": 196}, {""anchor_vertex"": 13458, ""edge_count"": 43, ""end_node_index"": 240, ""start_node_index"": 197}, {""anchor_vertex"": 736, ""edge_count"": 43, ""end_node_index"": 241, ""start_node_index"": 198}, {""anchor_vertex"": 22073, ""edge_count"": 31, ""end_node_index"": 233, ""start_node_index"": 202}, {""anchor_vertex"": 18032, ""edge_count"": 29, ""end_node_index"": 232, ""start_node_index"": 203}, {""anchor_vertex"": 16926, ""edge_count"": 27, ""end_node_index"": 231, ""start_node_index"": 204}, {""anchor_vertex"": 12162, ""edge_count"": 25, ""end_node_index"": 230, ""start_node_index"": 205}, {""anchor_vertex"": 22242, ""edge_count"": 23, ""end_node_index"": 229, ""start_node_index"": 206}, {""anchor_vertex"": 5571, ""edge_count"": 10, ""end_node_index"": 218, ""start_node_index"": 208}, {""anchor_vertex"": 5572, ""edge_count"": 8, ""end_node_index"": 217, ""start_node_index"": 209}, {""anchor_vertex"": 19061, ""edge_count"": 6, ""end_node_index"": 216, ""start_node_index"": 210}, {""anchor_vertex"": 19062, ""edge_count"": 4, ""end_node_index"": 215, ""start_node_index"": 211}, {""anchor_vertex"": 19063, ""edge_count"": 2, ""end_node_index"": 214, ""start_node_index"": 212}]",REPEATED_DIRECTED_EDGE
analyzed,holdout_anchor_south_north_28_quality_conflict,holdout,tmp_scalar_via_recovered_non_elementary_walks.json,/candidates[27],"S,P",17844,bcabf4b8840a8859599d8147569db9dd096a64184725b614aaa5b4bc7bb43e51,411,410,51077.0,505.9999965056777,10413234.0,680490.0,203.87325019088826,13.322826321044698,150,True,"{""elevation_high"": 0.0, ""elevation_low"": 0.0, ""length_high"": 0.0, ""length_low"": 0.0, ""popularity_low"": 0.0, ""width_high"": 0.0}","{""directed_edges_ok"": true, ""metric_deltas"": [0.0, 0.0, 0.0, 0.0], ""missing_edges"": 0, ""passed"": true, ""road_changes_delta"": 0}",12,2,12,3,9,"{""736"": 2, ""4939"": 2, ""8368"": 2, ""12162"": 2, ""13458"": 2, ""14053"": 2, ""16540"": 2, ""16563"": 2, ""16926"": 2, ""18032"": 2, ""22073"": 2, ""22242"": 2}",False,736,,,,,,,,False,"[{""anchor_vertex"": 8368, ""edge_count"": 44, ""end_node_index"": 239, ""start_node_index"": 195}, {""anchor_vertex"": 4939, ""edge_count"": 44, ""end_node_index"": 240, ""start_node_index"": 196}, {""anchor_vertex"": 13458, ""edge_count"": 44, ""end_node_index"": 241, ""start_node_index"": 197}, {""anchor_vertex"": 736, ""edge_count"": 44, ""end_node_index"": 242, ""start_node_index"": 198}, {""anchor_vertex"": 22073, ""edge_count"": 32, ""end_node_index"": 234, ""start_node_index"": 202}, {""anchor_vertex"": 18032, ""edge_count"": 30, ""end_node_index"": 233, ""start_node_index"": 203}, {""anchor_vertex"": 16926, ""edge_count"": 28, ""end_node_index"": 232, ""start_node_index"": 204}, {""anchor_vertex"": 12162, ""edge_count"": 26, ""end_node_index"": 231, ""start_node_index"": 205}, {""anchor_vertex"": 22242, ""edge_count"": 24, ""end_node_index"": 230, ""start_node_index"": 206}, {""anchor_vertex"": 16563, ""edge_count"": 10, ""end_node_index"": 222, ""start_node_index"": 212}, {""anchor_vertex"": 14053, ""edge_count"": 8, ""end_node_index"": 221, ""start_node_index"": 213}, {""anchor_vertex"": 16540, ""edge_count"": 2, ""end_node_index"": 218, ""start_node_index"": 216}]",REPEATED_DIRECTED_EDGE
analyzed,holdout_anchor_south_north_28_quality_conflict,holdout,tmp_scalar_via_recovered_non_elementary_walks.json,/candidates[28],"S,P",18031,a3195d23a201a832584d2e9b37bb137473bcc62ca885fbb2bde584b97f71ff59,383,382,48552.0,500.79999642819166,9754970.0,637275.0,200.91798484099522,13.12561789421651,140,True,"{""elevation_high"": 0.0, ""elevation_low"": 0.0, ""length_high"": 0.0, ""length_low"": 0.0, ""popularity_low"": 0.0, ""width_high"": 0.0}","{""directed_edges_ok"": true, ""metric_deltas"": [0.0, 0.0, 0.0, 0.0], ""missing_edges"": 0, ""passed"": true, ""road_changes_delta"": 0}",6,2,6,3,5,"{""736"": 2, ""4939"": 2, ""8368"": 2, ""13458"": 2, ""18032"": 2, ""22073"": 2}",False,736,,,,,,,,False,"[{""anchor_vertex"": 8368, ""edge_count"": 16, ""end_node_index"": 211, ""start_node_index"": 195}, {""anchor_vertex"": 4939, ""edge_count"": 16, ""end_node_index"": 212, ""start_node_index"": 196}, {""anchor_vertex"": 13458, ""edge_count"": 16, ""end_node_index"": 213, ""start_node_index"": 197}, {""anchor_vertex"": 736, ""edge_count"": 16, ""end_node_index"": 214, ""start_node_index"": 198}, {""anchor_vertex"": 22073, ""edge_count"": 4, ""end_node_index"": 206, ""start_node_index"": 202}, {""anchor_vertex"": 18032, ""edge_count"": 2, ""end_node_index"": 205, ""start_node_index"": 203}]",REPEATED_DIRECTED_EDGE
analyzed,holdout_anchor_south_north_28_quality_conflict,holdout,tmp_scalar_via_recovered_non_elementary_walks.json,/candidates[29],"S,P",18032,8a67c2ae889cdd637d22193d40bf1165a851b537a2742df1eab708095cecf464,381,380,48278.0,496.9999964758754,9719898.0,634535.0,201.3318281618957,13.143357222751565,138,True,"{""elevation_high"": 0.0, ""elevation_low"": 0.0, ""length_high"": 0.0, ""length_low"": 0.0, ""popularity_low"": 0.0, ""width_high"": 0.0}","{""directed_edges_ok"": true, ""metric_deltas"": [0.0, 0.0, 0.0, 0.0], ""missing_edges"": 0, ""passed"": true, ""road_changes_delta"": 0}",5,2,5,3,4,"{""736"": 2, ""4939"": 2, ""8368"": 2, ""13458"": 2, ""22073"": 2}",False,736,,,,,,,,False,"[{""anchor_vertex"": 8368, ""edge_count"": 14, ""end_node_index"": 209, ""start_node_index"": 195}, {""anchor_vertex"": 4939, ""edge_count"": 14, ""end_node_index"": 210, ""start_node_index"": 196}, {""anchor_vertex"": 13458, ""edge_count"": 14, ""end_node_index"": 211, ""start_node_index"": 197}, {""anchor_vertex"": 736, ""edge_count"": 14, ""end_node_index"": 212, ""start_node_index"": 198}, {""anchor_vertex"": 22073, ""edge_count"": 2, ""end_node_index"": 204, ""start_node_index"": 202}]",REPEATED_DIRECTED_EDGE
analyzed,holdout_anchor_south_north_28_quality_conflict,holdout,tmp_scalar_via_recovered_non_elementary_walks.json,/candidates[30],"S,P",18448,540949d55d6e855cc01b3e6691b433fc697a9606643e5265d862384500e9e49c,386,385,48916.0,598.8999965339899,9841733.0,650960.0,201.1966023387031,13.307711178346553,146,True,"{""elevation_high"": 0.0, ""elevation_low"": 0.0, ""length_high"": 0.0, ""length_low"": 0.0, ""popularity_low"": 0.0, ""width_high"": 0.0}","{""directed_edges_ok"": true, ""metric_deltas"": [0.0, 0.0, 0.0, 0.0], ""missing_edges"": 0, ""passed"": true, ""road_changes_delta"": 0}",8,2,8,1,5,"{""12816"": 2, ""13189"": 2, ""14382"": 2, ""14383"": 2, ""14384"": 2, ""15099"": 2, ""15100"": 2, ""21393"": 2}",False,12816,,,,,,,,False,"[{""anchor_vertex"": 14383, ""edge_count"": 24, ""end_node_index"": 162, ""start_node_index"": 138}, {""anchor_vertex"": 14384, ""edge_count"": 24, ""end_node_index"": 163, ""start_node_index"": 139}, {""anchor_vertex"": 14382, ""edge_count"": 20, ""end_node_index"": 161, ""start_node_index"": 141}, {""anchor_vertex"": 21393, ""edge_count"": 18, ""end_node_index"": 160, ""start_node_index"": 142}, {""anchor_vertex"": 15100, ""edge_count"": 13, ""end_node_index"": 158, ""start_node_index"": 145}, {""anchor_vertex"": 13189, ""edge_count"": 11, ""end_node_index"": 157, ""start_node_index"": 146}, {""anchor_vertex"": 12816, ""edge_count"": 9, ""end_node_index"": 156, ""start_node_index"": 147}, {""anchor_vertex"": 15099, ""edge_count"": 7, ""end_node_index"": 155, ""start_node_index"": 148}]",REPEATED_DIRECTED_EDGE
analyzed,holdout_anchor_south_north_28_quality_conflict,holdout,tmp_scalar_via_recovered_non_elementary_walks.json,/candidates[31],"S,P",19060,96f12bc1b52a8f64b288be5c711241fdd0d7a0b7dc3a32d96a2b247f81afcad8,404,403,51184.0,504.29999655485153,10357797.0,677055.0,202.36396139418568,13.227864176305095,147,True,"{""elevation_high"": 0.0, ""elevation_low"": 0.0, ""length_high"": 0.0, ""length_low"": 0.0, ""popularity_low"": 0.0, ""width_high"": 0.0}","{""directed_edges_ok"": true, ""metric_deltas"": [0.0, 0.0, 0.0, 0.0], ""missing_edges"": 0, ""passed"": true, ""road_changes_delta"": 0}",11,2,11,3,9,"{""736"": 2, ""4939"": 2, ""5571"": 2, ""5572"": 2, ""8368"": 2, ""12162"": 2, ""13458"": 2, ""16926"": 2, ""18032"": 2, ""22073"": 2, ""22242"": 2}",False,736,,,,,,,,False,"[{""anchor_vertex"": 8368, ""edge_count"": 37, ""end_node_index"": 232, ""start_node_index"": 195}, {""anchor_vertex"": 4939, ""edge_count"": 37, ""end_node_index"": 233, ""start_node_index"": 196}, {""anchor_vertex"": 13458, ""edge_count"": 37, ""end_node_index"": 234, ""start_node_index"": 197}, {""anchor_vertex"": 736, ""edge_count"": 37, ""end_node_index"": 235, ""start_node_index"": 198}, {""anchor_vertex"": 22073, ""edge_count"": 25, ""end_node_index"": 227, ""start_node_index"": 202}, {""anchor_vertex"": 18032, ""edge_count"": 23, ""end_node_index"": 226, ""start_node_index"": 203}, {""anchor_vertex"": 16926, ""edge_count"": 21, ""end_node_index"": 225, ""start_node_index"": 204}, {""anchor_vertex"": 12162, ""edge_count"": 19, ""end_node_index"": 224, ""start_node_index"": 205}, {""anchor_vertex"": 22242, ""edge_count"": 17, ""end_node_index"": 223, ""start_node_index"": 206}, {""anchor_vertex"": 5571, ""edge_count"": 4, ""end_node_index"": 212, ""start_node_index"": 208}, {""anchor_vertex"": 5572, ""edge_count"": 2, ""end_node_index"": 211, ""start_node_index"": 209}]",REPEATED_DIRECTED_EDGE
analyzed,holdout_anchor_south_north_28_quality_conflict,holdout,tmp_scalar_via_recovered_non_elementary_walks.json,/candidates[32],"S,P",19061,83f3824816e9ac729a41ef7c30910862907ccd6b983ac1098d8bac5989a49313,404,403,50872.0,504.79999655485153,10350553.0,675495.0,203.46267101745556,13.278325994653247,145,True,"{""elevation_high"": 0.0, ""elevation_low"": 0.0, ""length_high"": 0.0, ""length_low"": 0.0, ""popularity_low"": 0.0, ""width_high"": 0.0}","{""directed_edges_ok"": true, ""metric_deltas"": [0.0, 0.0, 0.0, 0.0], ""missing_edges"": 0, ""passed"": true, ""road_changes_delta"": 0}",11,2,11,3,9,"{""736"": 2, ""4939"": 2, ""5571"": 2, ""5572"": 2, ""8368"": 2, ""12162"": 2, ""13458"": 2, ""16926"": 2, ""18032"": 2, ""22073"": 2, ""22242"": 2}",False,736,,,,,,,,False,"[{""anchor_vertex"": 8368, ""edge_count"": 37, ""end_node_index"": 232, ""start_node_index"": 195}, {""anchor_vertex"": 4939, ""edge_count"": 37, ""end_node_index"": 233, ""start_node_index"": 196}, {""anchor_vertex"": 13458, ""edge_count"": 37, ""end_node_index"": 234, ""start_node_index"": 197}, {""anchor_vertex"": 736, ""edge_count"": 37, ""end_node_index"": 235, ""start_node_index"": 198}, {""anchor_vertex"": 22073, ""edge_count"": 25, ""end_node_index"": 227, ""start_node_index"": 202}, {""anchor_vertex"": 18032, ""edge_count"": 23, ""end_node_index"": 226, ""start_node_index"": 203}, {""anchor_vertex"": 16926, ""edge_count"": 21, ""end_node_index"": 225, ""start_node_index"": 204}, {""anchor_vertex"": 12162, ""edge_count"": 19, ""end_node_index"": 224, ""start_node_index"": 205}, {""anchor_vertex"": 22242, ""edge_count"": 17, ""end_node_index"": 223, ""start_node_index"": 206}, {""anchor_vertex"": 5571, ""edge_count"": 4, ""end_node_index"": 212, ""start_node_index"": 208}, {""anchor_vertex"": 5572, ""edge_count"": 2, ""end_node_index"": 211, ""start_node_index"": 209}]",REPEATED_DIRECTED_EDGE
analyzed,holdout_anchor_south_north_28_quality_conflict,holdout,tmp_scalar_via_recovered_non_elementary_walks.json,/candidates[33],"S,P",19062,0bbe0e456e1102cc95d0b57c92a73b8ad85d4d084df6024b2339a8f366ac8dab,406,405,50946.0,505.29999655485153,10355067.0,675865.0,203.2557413732187,13.266301574215836,147,True,"{""elevation_high"": 0.0, ""elevation_low"": 0.0, ""length_high"": 0.0, ""length_low"": 0.0, ""popularity_low"": 0.0, ""width_high"": 0.0}","{""directed_edges_ok"": true, ""metric_deltas"": [0.0, 0.0, 0.0, 0.0], ""missing_edges"": 0, ""passed"": true, ""road_changes_delta"": 0}",12,2,12,3,10,"{""736"": 2, ""4939"": 2, ""5571"": 2, ""5572"": 2, ""8368"": 2, ""12162"": 2, ""13458"": 2, ""16926"": 2, ""18032"": 2, ""19061"": 2, ""22073"": 2, ""22242"": 2}",False,736,,,,,,,,False,"[{""anchor_vertex"": 8368, ""edge_count"": 39, ""end_node_index"": 234, ""start_node_index"": 195}, {""anchor_vertex"": 4939, ""edge_count"": 39, ""end_node_index"": 235, ""start_node_index"": 196}, {""anchor_vertex"": 13458, ""edge_count"": 39, ""end_node_index"": 236, ""start_node_index"": 197}, {""anchor_vertex"": 736, ""edge_count"": 39, ""end_node_index"": 237, ""start_node_index"": 198}, {""anchor_vertex"": 22073, ""edge_count"": 27, ""end_node_index"": 229, ""start_node_index"": 202}, {""anchor_vertex"": 18032, ""edge_count"": 25, ""end_node_index"": 228, ""start_node_index"": 203}, {""anchor_vertex"": 16926, ""edge_count"": 23, ""end_node_index"": 227, ""start_node_index"": 204}, {""anchor_vertex"": 12162, ""edge_count"": 21, ""end_node_index"": 226, ""start_node_index"": 205}, {""anchor_vertex"": 22242, ""edge_count"": 19, ""end_node_index"": 225, ""start_node_index"": 206}, {""anchor_vertex"": 5571, ""edge_count"": 6, ""end_node_index"": 214, ""start_node_index"": 208}, {""anchor_vertex"": 5572, ""edge_count"": 4, ""end_node_index"": 213, ""start_node_index"": 209}, {""anchor_vertex"": 19061, ""edge_count"": 2, ""end_node_index"": 212, ""start_node_index"": 210}]",REPEATED_DIRECTED_EDGE
analyzed,holdout_anchor_south_north_28_quality_conflict,holdout,tmp_scalar_via_recovered_non_elementary_walks.json,/candidates[34],"S,P",19063,2cd646f34af15228edd163550c5cc2f638076b3ebdcebd1bc8c95d8cafd5e1e0,408,407,50970.0,505.39999655634165,10356723.0,675985.0,203.19252501471453,13.262409260349225,147,True,"{""elevation_high"": 0.0, ""elevation_low"": 0.0, ""length_high"": 0.0, ""length_low"": 0.0, ""popularity_low"": 0.0, ""width_high"": 0.0}","{""directed_edges_ok"": true, ""metric_deltas"": [0.0, 0.0, 0.0, 0.0], ""missing_edges"": 0, ""passed"": true, ""road_changes_delta"": 0}",13,2,13,3,11,"{""736"": 2, ""4939"": 2, ""5571"": 2, ""5572"": 2, ""8368"": 2, ""12162"": 2, ""13458"": 2, ""16926"": 2, ""18032"": 2, ""19061"": 2, ""19062"": 2, ""22073"": 2, ""22242"": 2}",False,736,,,,,,,,False,"[{""anchor_vertex"": 8368, ""edge_count"": 41, ""end_node_index"": 236, ""start_node_index"": 195}, {""anchor_vertex"": 4939, ""edge_count"": 41, ""end_node_index"": 237, ""start_node_index"": 196}, {""anchor_vertex"": 13458, ""edge_count"": 41, ""end_node_index"": 238, ""start_node_index"": 197}, {""anchor_vertex"": 736, ""edge_count"": 41, ""end_node_index"": 239, ""start_node_index"": 198}, {""anchor_vertex"": 22073, ""edge_count"": 29, ""end_node_index"": 231, ""start_node_index"": 202}, {""anchor_vertex"": 18032, ""edge_count"": 27, ""end_node_index"": 230, ""start_node_index"": 203}, {""anchor_vertex"": 16926, ""edge_count"": 25, ""end_node_index"": 229, ""start_node_index"": 204}, {""anchor_vertex"": 12162, ""edge_count"": 23, ""end_node_index"": 228, ""start_node_index"": 205}, {""anchor_vertex"": 22242, ""edge_count"": 21, ""end_node_index"": 227, ""start_node_index"": 206}, {""anchor_vertex"": 5571, ""edge_count"": 8, ""end_node_index"": 216, ""start_node_index"": 208}, {""anchor_vertex"": 5572, ""edge_count"": 6, ""end_node_index"": 215, ""start_node_index"": 209}, {""anchor_vertex"": 19061, ""edge_count"": 4, ""end_node_index"": 214, ""start_node_index"": 210}, {""anchor_vertex"": 19062, ""edge_count"": 2, ""end_node_index"": 213, ""start_node_index"": 211}]",REPEATED_DIRECTED_EDGE
analyzed,holdout_anchor_south_north_28_quality_conflict,holdout,tmp_scalar_via_recovered_non_elementary_walks.json,/candidates[35],"S,P",19064,a773002ebcf54f242145381b1624db081e7653ddda0323828f1aff0a18252644,408,407,51040.0,505.699996560812,10358357.0,676805.0,202.94586598746082,13.26028605015674,149,True,"{""elevation_high"": 0.0, ""elevation_low"": 0.0, ""length_high"": 0.0, ""length_low"": 0.0, ""popularity_low"": 0.0, ""width_high"": 0.0}","{""directed_edges_ok"": true, ""metric_deltas"": [0.0, 0.0, 0.0, 0.0], ""missing_edges"": 0, ""passed"": true, ""road_changes_delta"": 0}",13,2,13,3,11,"{""736"": 2, ""4939"": 2, ""5571"": 2, ""5572"": 2, ""8368"": 2, ""12162"": 2, ""13458"": 2, ""16926"": 2, ""18032"": 2, ""19061"": 2, ""19062"": 2, ""22073"": 2, ""22242"": 2}",False,736,,,,,,,,False,"[{""anchor_vertex"": 8368, ""edge_count"": 41, ""end_node_index"": 236, ""start_node_index"": 195}, {""anchor_vertex"": 4939, ""edge_count"": 41, ""end_node_index"": 237, ""start_node_index"": 196}, {""anchor_vertex"": 13458, ""edge_count"": 41, ""end_node_index"": 238, ""start_node_index"": 197}, {""anchor_vertex"": 736, ""edge_count"": 41, ""end_node_index"": 239, ""start_node_index"": 198}, {""anchor_vertex"": 22073, ""edge_count"": 29, ""end_node_index"": 231, ""start_node_index"": 202}, {""anchor_vertex"": 18032, ""edge_count"": 27, ""end_node_index"": 230, ""start_node_index"": 203}, {""anchor_vertex"": 16926, ""edge_count"": 25, ""end_node_index"": 229, ""start_node_index"": 204}, {""anchor_vertex"": 12162, ""edge_count"": 23, ""end_node_index"": 228, ""start_node_index"": 205}, {""anchor_vertex"": 22242, ""edge_count"": 21, ""end_node_index"": 227, ""start_node_index"": 206}, {""anchor_vertex"": 5571, ""edge_count"": 8, ""end_node_index"": 216, ""start_node_index"": 208}, {""anchor_vertex"": 5572, ""edge_count"": 6, ""end_node_index"": 215, ""start_node_index"": 209}, {""anchor_vertex"": 19061, ""edge_count"": 4, ""end_node_index"": 214, ""start_node_index"": 210}, {""anchor_vertex"": 19062, ""edge_count"": 2, ""end_node_index"": 213, ""start_node_index"": 211}]",REPEATED_DIRECTED_EDGE
analyzed,holdout_anchor_south_north_28_quality_conflict,holdout,tmp_scalar_via_recovered_non_elementary_walks.json,/candidates[36],"S,P",19065,ecfa2912da4ddae4fd097f428d9df370d0b132b960351a6453cc9f03a17a317d,410,409,51304.0,505.7999965623021,10361733.0,677655.0,201.96735147356932,13.208619210977702,149,True,"{""elevation_high"": 0.0, ""elevation_low"": 0.0, ""length_high"": 0.0, ""length_low"": 0.0, ""popularity_low"": 0.0, ""width_high"": 0.0}","{""directed_edges_ok"": true, ""metric_deltas"": [0.0, 0.0, 0.0, 0.0], ""missing_edges"": 0, ""passed"": true, ""road_changes_delta"": 0}",14,2,14,3,12,"{""736"": 2, ""4939"": 2, ""5571"": 2, ""5572"": 2, ""8368"": 2, ""12162"": 2, ""13458"": 2, ""16926"": 2, ""18032"": 2, ""19061"": 2, ""19062"": 2, ""19063"": 2, ""22073"": 2, ""22242"": 2}",False,736,,,,,,,,False,"[{""anchor_vertex"": 8368, ""edge_count"": 43, ""end_node_index"": 238, ""start_node_index"": 195}, {""anchor_vertex"": 4939, ""edge_count"": 43, ""end_node_index"": 239, ""start_node_index"": 196}, {""anchor_vertex"": 13458, ""edge_count"": 43, ""end_node_index"": 240, ""start_node_index"": 197}, {""anchor_vertex"": 736, ""edge_count"": 43, ""end_node_index"": 241, ""start_node_index"": 198}, {""anchor_vertex"": 22073, ""edge_count"": 31, ""end_node_index"": 233, ""start_node_index"": 202}, {""anchor_vertex"": 18032, ""edge_count"": 29, ""end_node_index"": 232, ""start_node_index"": 203}, {""anchor_vertex"": 16926, ""edge_count"": 27, ""end_node_index"": 231, ""start_node_index"": 204}, {""anchor_vertex"": 12162, ""edge_count"": 25, ""end_node_index"": 230, ""start_node_index"": 205}, {""anchor_vertex"": 22242, ""edge_count"": 23, ""end_node_index"": 229, ""start_node_index"": 206}, {""anchor_vertex"": 5571, ""edge_count"": 10, ""end_node_index"": 218, ""start_node_index"": 208}, {""anchor_vertex"": 5572, ""edge_count"": 8, ""end_node_index"": 217, ""start_node_index"": 209}, {""anchor_vertex"": 19061, ""edge_count"": 6, ""end_node_index"": 216, ""start_node_index"": 210}, {""anchor_vertex"": 19062, ""edge_count"": 4, ""end_node_index"": 215, ""start_node_index"": 211}, {""anchor_vertex"": 19063, ""edge_count"": 2, ""end_node_index"": 214, ""start_node_index"": 212}]",REPEATED_DIRECTED_EDGE
analyzed,holdout_anchor_south_north_28_quality_conflict,holdout,tmp_scalar_via_recovered_non_elementary_walks.json,/candidates[37],"S,P",19069,cabe050fac187c4f54e7bc558648049b47447280773fcbfb9cdc06cf74ec25c7,423,422,51952.0,508.3999965414405,10475831.0,690755.0,201.64442177394517,13.29602325223283,158,True,"{""elevation_high"": 0.0, ""elevation_low"": 0.0, ""length_high"": 0.0, ""length_low"": 0.0, ""popularity_low"": 0.0, ""width_high"": 0.0}","{""directed_edges_ok"": true, ""metric_deltas"": [0.0, 0.0, 0.0, 0.0], ""missing_edges"": 0, ""passed"": true, ""road_changes_delta"": 0}",17,2,17,3,13,"{""736"": 2, ""4939"": 2, ""8368"": 2, ""12162"": 2, ""13458"": 2, ""14053"": 2, ""16540"": 2, ""16563"": 2, ""16571"": 2, ""16572"": 2, ""16926"": 2, ""17844"": 2, ""18032"": 2, ""19070"": 2, ""19932"": 2, ""22073"": 2, ""22242"": 2}",False,736,,,,,,,,False,"[{""anchor_vertex"": 8368, ""edge_count"": 56, ""end_node_index"": 251, ""start_node_index"": 195}, {""anchor_vertex"": 4939, ""edge_count"": 56, ""end_node_index"": 252, ""start_node_index"": 196}, {""anchor_vertex"": 13458, ""edge_count"": 56, ""end_node_index"": 253, ""start_node_index"": 197}, {""anchor_vertex"": 736, ""edge_count"": 56, ""end_node_index"": 254, ""start_node_index"": 198}, {""anchor_vertex"": 22073, ""edge_count"": 44, ""end_node_index"": 246, ""start_node_index"": 202}, {""anchor_vertex"": 18032, ""edge_count"": 42, ""end_node_index"": 245, ""start_node_index"": 203}, {""anchor_vertex"": 16926, ""edge_count"": 40, ""end_node_index"": 244, ""start_node_index"": 204}, {""anchor_vertex"": 12162, ""edge_count"": 38, ""end_node_index"": 243, ""start_node_index"": 205}, {""anchor_vertex"": 22242, ""edge_count"": 36, ""end_node_index"": 242, ""start_node_index"": 206}, {""anchor_vertex"": 16563, ""edge_count"": 22, ""end_node_index"": 234, ""start_node_index"": 212}, {""anchor_vertex"": 14053, ""edge_count"": 20, ""end_node_index"": 233, ""start_node_index"": 213}, {""anchor_vertex"": 16540, ""edge_count"": 14, ""end_node_index"": 230, ""start_node_index"": 216}, {""anchor_vertex"": 17844, ""edge_count"": 12, ""end_node_index"": 229, ""start_node_index"": 217}, {""anchor_vertex"": 19932, ""edge_count"": 10, ""end_node_index"": 228, ""start_node_index"": 218}, {""anchor_vertex"": 16571, ""edge_count"": 6, ""end_node_index"": 225, ""start_node_index"": 219}, {""anchor_vertex"": 16572, ""edge_count"": 4, ""end_node_index"": 224, ""start_node_index"": 220}, {""anchor_vertex"": 19070, ""edge_count"": 2, ""end_node_index"": 223, ""start_node_index"": 221}]",REPEATED_DIRECTED_EDGE
analyzed,holdout_anchor_south_north_28_quality_conflict,holdout,tmp_scalar_via_recovered_non_elementary_walks.json,/candidates[38],"S,P",19070,625072f90db18460daedb4fd8c1ca349eba623104782a4047ad87f310abbef87,421,420,51818.0,507.79999651759863,10475295.0,689415.0,202.15552510710563,13.30454668261994,156,True,"{""elevation_high"": 0.0, ""elevation_low"": 0.0, ""length_high"": 0.0, ""length_low"": 0.0, ""popularity_low"": 0.0, ""width_high"": 0.0}","{""directed_edges_ok"": true, ""metric_deltas"": [0.0, 0.0, 0.0, 0.0], ""missing_edges"": 0, ""passed"": true, ""road_changes_delta"": 0}",16,2,16,3,12,"{""736"": 2, ""4939"": 2, ""8368"": 2, ""12162"": 2, ""13458"": 2, ""14053"": 2, ""16540"": 2, ""16563"": 2, ""16571"": 2, ""16572"": 2, ""16926"": 2, ""17844"": 2, ""18032"": 2, ""19932"": 2, ""22073"": 2, ""22242"": 2}",False,736,,,,,,,,False,"[{""anchor_vertex"": 8368, ""edge_count"": 54, ""end_node_index"": 249, ""start_node_index"": 195}, {""anchor_vertex"": 4939, ""edge_count"": 54, ""end_node_index"": 250, ""start_node_index"": 196}, {""anchor_vertex"": 13458, ""edge_count"": 54, ""end_node_index"": 251, ""start_node_index"": 197}, {""anchor_vertex"": 736, ""edge_count"": 54, ""end_node_index"": 252, ""start_node_index"": 198}, {""anchor_vertex"": 22073, ""edge_count"": 42, ""end_node_index"": 244, ""start_node_index"": 202}, {""anchor_vertex"": 18032, ""edge_count"": 40, ""end_node_index"": 243, ""start_node_index"": 203}, {""anchor_vertex"": 16926, ""edge_count"": 38, ""end_node_index"": 242, ""start_node_index"": 204}, {""anchor_vertex"": 12162, ""edge_count"": 36, ""end_node_index"": 241, ""start_node_index"": 205}, {""anchor_vertex"": 22242, ""edge_count"": 34, ""end_node_index"": 240, ""start_node_index"": 206}, {""anchor_vertex"": 16563, ""edge_count"": 20, ""end_node_index"": 232, ""start_node_index"": 212}, {""anchor_vertex"": 14053, ""edge_count"": 18, ""end_node_index"": 231, ""start_node_index"": 213}, {""anchor_vertex"": 16540, ""edge_count"": 12, ""end_node_index"": 228, ""start_node_index"": 216}, {""anchor_vertex"": 17844, ""edge_count"": 10, ""end_node_index"": 227, ""start_node_index"": 217}, {""anchor_vertex"": 19932, ""edge_count"": 8, ""end_node_index"": 226, ""start_node_index"": 218}, {""anchor_vertex"": 16571, ""edge_count"": 4, ""end_node_index"": 223, ""start_node_index"": 219}, {""anchor_vertex"": 16572, ""edge_count"": 2, ""end_node_index"": 222, ""start_node_index"": 220}]",REPEATED_DIRECTED_EDGE
analyzed,holdout_anchor_south_north_28_quality_conflict,holdout,tmp_scalar_via_recovered_non_elementary_walks.json,/candidates[39],"S,P",19932,14ef662b7e2e93440aab5c1146caa7607df6434f1ab8a3615206d50db4d230cc,413,412,51305.0,506.29999651759863,10448802.0,683910.0,203.6605009258357,13.330279699834325,150,True,"{""elevation_high"": 0.0, ""elevation_low"": 0.0, ""length_high"": 0.0, ""length_low"": 0.0, ""popularity_low"": 0.0, ""width_high"": 0.0}","{""directed_edges_ok"": true, ""metric_deltas"": [0.0, 0.0, 0.0, 0.0], ""missing_edges"": 0, ""passed"": true, ""road_changes_delta"": 0}",13,2,13,3,10,"{""736"": 2, ""4939"": 2, ""8368"": 2, ""12162"": 2, ""13458"": 2, ""14053"": 2, ""16540"": 2, ""16563"": 2, ""16926"": 2, ""17844"": 2, ""18032"": 2, ""22073"": 2, ""22242"": 2}",False,736,,,,,,,,False,"[{""anchor_vertex"": 8368, ""edge_count"": 46, ""end_node_index"": 241, ""start_node_index"": 195}, {""anchor_vertex"": 4939, ""edge_count"": 46, ""end_node_index"": 242, ""start_node_index"": 196}, {""anchor_vertex"": 13458, ""edge_count"": 46, ""end_node_index"": 243, ""start_node_index"": 197}, {""anchor_vertex"": 736, ""edge_count"": 46, ""end_node_index"": 244, ""start_node_index"": 198}, {""anchor_vertex"": 22073, ""edge_count"": 34, ""end_node_index"": 236, ""start_node_index"": 202}, {""anchor_vertex"": 18032, ""edge_count"": 32, ""end_node_index"": 235, ""start_node_index"": 203}, {""anchor_vertex"": 16926, ""edge_count"": 30, ""end_node_index"": 234, ""start_node_index"": 204}, {""anchor_vertex"": 12162, ""edge_count"": 28, ""end_node_index"": 233, ""start_node_index"": 205}, {""anchor_vertex"": 22242, ""edge_count"": 26, ""end_node_index"": 232, ""start_node_index"": 206}, {""anchor_vertex"": 16563, ""edge_count"": 12, ""end_node_index"": 224, ""start_node_index"": 212}, {""anchor_vertex"": 14053, ""edge_count"": 10, ""end_node_index"": 223, ""start_node_index"": 213}, {""anchor_vertex"": 16540, ""edge_count"": 4, ""end_node_index"": 220, ""start_node_index"": 216}, {""anchor_vertex"": 17844, ""edge_count"": 2, ""end_node_index"": 219, ""start_node_index"": 217}]",REPEATED_DIRECTED_EDGE
analyzed,holdout_anchor_south_north_28_quality_conflict,holdout,tmp_scalar_via_recovered_non_elementary_walks.json,/candidates[40],"S,P",19957,95a6398421797575136f363a55ef58fe4c57a2a1cd081bcc13998eb09c617d19,425,424,52192.0,507.99999652057886,10468673.0,693155.0,200.58003142244021,13.280866799509504,156,True,"{""elevation_high"": 0.0, ""elevation_low"": 0.0, ""length_high"": 0.0, ""length_low"": 0.0, ""popularity_low"": 0.0, ""width_high"": 0.0}","{""directed_edges_ok"": true, ""metric_deltas"": [0.0, 0.0, 0.0, 0.0], ""missing_edges"": 0, ""passed"": true, ""road_changes_delta"": 0}",17,2,17,3,12,"{""736"": 2, ""4939"": 2, ""8368"": 2, ""12162"": 2, ""13458"": 2, ""14053"": 2, ""16540"": 2, ""16563"": 2, ""16569"": 2, ""16926"": 2, ""17844"": 2, ""18032"": 2, ""19932"": 2, ""20385"": 2, ""21250"": 2, ""22073"": 2, ""22242"": 2}",False,736,,,,,,,,False,"[{""anchor_vertex"": 8368, ""edge_count"": 58, ""end_node_index"": 253, ""start_node_index"": 195}, {""anchor_vertex"": 4939, ""edge_count"": 58, ""end_node_index"": 254, ""start_node_index"": 196}, {""anchor_vertex"": 13458, ""edge_count"": 58, ""end_node_index"": 255, ""start_node_index"": 197}, {""anchor_vertex"": 736, ""edge_count"": 58, ""end_node_index"": 256, ""start_node_index"": 198}, {""anchor_vertex"": 22073, ""edge_count"": 46, ""end_node_index"": 248, ""start_node_index"": 202}, {""anchor_vertex"": 18032, ""edge_count"": 44, ""end_node_index"": 247, ""start_node_index"": 203}, {""anchor_vertex"": 16926, ""edge_count"": 42, ""end_node_index"": 246, ""start_node_index"": 204}, {""anchor_vertex"": 12162, ""edge_count"": 40, ""end_node_index"": 245, ""start_node_index"": 205}, {""anchor_vertex"": 22242, ""edge_count"": 38, ""end_node_index"": 244, ""start_node_index"": 206}, {""anchor_vertex"": 16563, ""edge_count"": 24, ""end_node_index"": 236, ""start_node_index"": 212}, {""anchor_vertex"": 14053, ""edge_count"": 22, ""end_node_index"": 235, ""start_node_index"": 213}, {""anchor_vertex"": 16540, ""edge_count"": 16, ""end_node_index"": 232, ""start_node_index"": 216}, {""anchor_vertex"": 17844, ""edge_count"": 14, ""end_node_index"": 231, ""start_node_index"": 217}, {""anchor_vertex"": 19932, ""edge_count"": 12, ""end_node_index"": 230, ""start_node_index"": 218}, {""anchor_vertex"": 16569, ""edge_count"": 8, ""end_node_index"": 229, ""start_node_index"": 221}, {""anchor_vertex"": 21250, ""edge_count"": 6, ""end_node_index"": 228, ""start_node_index"": 222}, {""anchor_vertex"": 20385, ""edge_count"": 2, ""end_node_index"": 225, ""start_node_index"": 223}]",REPEATED_DIRECTED_EDGE
analyzed,holdout_anchor_south_north_28_quality_conflict,holdout,tmp_scalar_via_recovered_non_elementary_walks.json,/candidates[41],"S,P",20385,e136a1460aab7d9b9ade06a98f60c141b90d8843b15e501c70b7181491934f42,423,422,51652.0,507.89999651908875,10465973.0,687755.0,202.62473863548362,13.31516688608379,156,True,"{""elevation_high"": 0.0, ""elevation_low"": 0.0, ""length_high"": 0.0, ""length_low"": 0.0, ""popularity_low"": 0.0, ""width_high"": 0.0}","{""directed_edges_ok"": true, ""metric_deltas"": [0.0, 0.0, 0.0, 0.0], ""missing_edges"": 0, ""passed"": true, ""road_changes_delta"": 0}",16,2,16,3,11,"{""736"": 2, ""4939"": 2, ""8368"": 2, ""12162"": 2, ""13458"": 2, ""14053"": 2, ""16540"": 2, ""16563"": 2, ""16569"": 2, ""16926"": 2, ""17844"": 2, ""18032"": 2, ""19932"": 2, ""21250"": 2, ""22073"": 2, ""22242"": 2}",False,736,,,,,,,,False,"[{""anchor_vertex"": 8368, ""edge_count"": 56, ""end_node_index"": 251, ""start_node_index"": 195}, {""anchor_vertex"": 4939, ""edge_count"": 56, ""end_node_index"": 252, ""start_node_index"": 196}, {""anchor_vertex"": 13458, ""edge_count"": 56, ""end_node_index"": 253, ""start_node_index"": 197}, {""anchor_vertex"": 736, ""edge_count"": 56, ""end_node_index"": 254, ""start_node_index"": 198}, {""anchor_vertex"": 22073, ""edge_count"": 44, ""end_node_index"": 246, ""start_node_index"": 202}, {""anchor_vertex"": 18032, ""edge_count"": 42, ""end_node_index"": 245, ""start_node_index"": 203}, {""anchor_vertex"": 16926, ""edge_count"": 40, ""end_node_index"": 244, ""start_node_index"": 204}, {""anchor_vertex"": 12162, ""edge_count"": 38, ""end_node_index"": 243, ""start_node_index"": 205}, {""anchor_vertex"": 22242, ""edge_count"": 36, ""end_node_index"": 242, ""start_node_index"": 206}, {""anchor_vertex"": 16563, ""edge_count"": 22, ""end_node_index"": 234, ""start_node_index"": 212}, {""anchor_vertex"": 14053, ""edge_count"": 20, ""end_node_index"": 233, ""start_node_index"": 213}, {""anchor_vertex"": 16540, ""edge_count"": 14, ""end_node_index"": 230, ""start_node_index"": 216}, {""anchor_vertex"": 17844, ""edge_count"": 12, ""end_node_index"": 229, ""start_node_index"": 217}, {""anchor_vertex"": 19932, ""edge_count"": 10, ""end_node_index"": 228, ""start_node_index"": 218}, {""anchor_vertex"": 16569, ""edge_count"": 6, ""end_node_index"": 227, ""start_node_index"": 221}, {""anchor_vertex"": 21250, ""edge_count"": 4, ""end_node_index"": 226, ""start_node_index"": 222}]",REPEATED_DIRECTED_EDGE
analyzed,holdout_anchor_south_north_28_quality_conflict,holdout,tmp_scalar_via_recovered_non_elementary_walks.json,/candidates[42],"S,P",20588,f1102fbdd04946c9e4f69dd17317a844bf2223853fb0c7a6575557bebfedf33e,423,422,51642.0,507.7999965250492,10465713.0,687655.0,202.658940397351,13.315808837767708,156,True,"{""elevation_high"": 0.0, ""elevation_low"": 0.0, ""length_high"": 0.0, ""length_low"": 0.0, ""popularity_low"": 0.0, ""width_high"": 0.0}","{""directed_edges_ok"": true, ""metric_deltas"": [0.0, 0.0, 0.0, 0.0], ""missing_edges"": 0, ""passed"": true, ""road_changes_delta"": 0}",17,2,17,3,13,"{""736"": 2, ""4939"": 2, ""8368"": 2, ""12162"": 2, ""13458"": 2, ""14053"": 2, ""16540"": 2, ""16563"": 2, ""16567"": 2, ""16569"": 2, ""16926"": 2, ""17844"": 2, ""18032"": 2, ""19932"": 2, ""21250"": 2, ""22073"": 2, ""22242"": 2}",False,736,,,,,,,,False,"[{""anchor_vertex"": 8368, ""edge_count"": 56, ""end_node_index"": 251, ""start_node_index"": 195}, {""anchor_vertex"": 4939, ""edge_count"": 56, ""end_node_index"": 252, ""start_node_index"": 196}, {""anchor_vertex"": 13458, ""edge_count"": 56, ""end_node_index"": 253, ""start_node_index"": 197}, {""anchor_vertex"": 736, ""edge_count"": 56, ""end_node_index"": 254, ""start_node_index"": 198}, {""anchor_vertex"": 22073, ""edge_count"": 44, ""end_node_index"": 246, ""start_node_index"": 202}, {""anchor_vertex"": 18032, ""edge_count"": 42, ""end_node_index"": 245, ""start_node_index"": 203}, {""anchor_vertex"": 16926, ""edge_count"": 40, ""end_node_index"": 244, ""start_node_index"": 204}, {""anchor_vertex"": 12162, ""edge_count"": 38, ""end_node_index"": 243, ""start_node_index"": 205}, {""anchor_vertex"": 22242, ""edge_count"": 36, ""end_node_index"": 242, ""start_node_index"": 206}, {""anchor_vertex"": 16563, ""edge_count"": 22, ""end_node_index"": 234, ""start_node_index"": 212}, {""anchor_vertex"": 14053, ""edge_count"": 20, ""end_node_index"": 233, ""start_node_index"": 213}, {""anchor_vertex"": 16540, ""edge_count"": 14, ""end_node_index"": 230, ""start_node_index"": 216}, {""anchor_vertex"": 17844, ""edge_count"": 12, ""end_node_index"": 229, ""start_node_index"": 217}, {""anchor_vertex"": 19932, ""edge_count"": 10, ""end_node_index"": 228, ""start_node_index"": 218}, {""anchor_vertex"": 16569, ""edge_count"": 6, ""end_node_index"": 227, ""start_node_index"": 221}, {""anchor_vertex"": 21250, ""edge_count"": 4, ""end_node_index"": 226, ""start_node_index"": 222}, {""anchor_vertex"": 16567, ""edge_count"": 2, ""end_node_index"": 225, ""start_node_index"": 223}]",REPEATED_DIRECTED_EDGE
analyzed,holdout_anchor_south_north_28_quality_conflict,holdout,tmp_scalar_via_recovered_non_elementary_walks.json,/candidates[43],"S,P",21250,d240c2cea74fe77f85e8ceb37ca2008d29de4d9b017e629e1afdc0d7667f316d,419,418,51586.0,507.29999651759863,10465417.0,687095.0,202.87320203155895,13.319408366611096,154,True,"{""elevation_high"": 0.0, ""elevation_low"": 0.0, ""length_high"": 0.0, ""length_low"": 0.0, ""popularity_low"": 0.0, ""width_high"": 0.0}","{""directed_edges_ok"": true, ""metric_deltas"": [0.0, 0.0, 0.0, 0.0], ""missing_edges"": 0, ""passed"": true, ""road_changes_delta"": 0}",15,2,15,3,11,"{""736"": 2, ""4939"": 2, ""8368"": 2, ""12162"": 2, ""13458"": 2, ""14053"": 2, ""16540"": 2, ""16563"": 2, ""16569"": 2, ""16926"": 2, ""17844"": 2, ""18032"": 2, ""19932"": 2, ""22073"": 2, ""22242"": 2}",False,736,,,,,,,,False,"[{""anchor_vertex"": 8368, ""edge_count"": 52, ""end_node_index"": 247, ""start_node_index"": 195}, {""anchor_vertex"": 4939, ""edge_count"": 52, ""end_node_index"": 248, ""start_node_index"": 196}, {""anchor_vertex"": 13458, ""edge_count"": 52, ""end_node_index"": 249, ""start_node_index"": 197}, {""anchor_vertex"": 736, ""edge_count"": 52, ""end_node_index"": 250, ""start_node_index"": 198}, {""anchor_vertex"": 22073, ""edge_count"": 40, ""end_node_index"": 242, ""start_node_index"": 202}, {""anchor_vertex"": 18032, ""edge_count"": 38, ""end_node_index"": 241, ""start_node_index"": 203}, {""anchor_vertex"": 16926, ""edge_count"": 36, ""end_node_index"": 240, ""start_node_index"": 204}, {""anchor_vertex"": 12162, ""edge_count"": 34, ""end_node_index"": 239, ""start_node_index"": 205}, {""anchor_vertex"": 22242, ""edge_count"": 32, ""end_node_index"": 238, ""start_node_index"": 206}, {""anchor_vertex"": 16563, ""edge_count"": 18, ""end_node_index"": 230, ""start_node_index"": 212}, {""anchor_vertex"": 14053, ""edge_count"": 16, ""end_node_index"": 229, ""start_node_index"": 213}, {""anchor_vertex"": 16540, ""edge_count"": 10, ""end_node_index"": 226, ""start_node_index"": 216}, {""anchor_vertex"": 17844, ""edge_count"": 8, ""end_node_index"": 225, ""start_node_index"": 217}, {""anchor_vertex"": 19932, ""edge_count"": 6, ""end_node_index"": 224, ""start_node_index"": 218}, {""anchor_vertex"": 16569, ""edge_count"": 2, ""end_node_index"": 223, ""start_node_index"": 221}]",REPEATED_DIRECTED_EDGE
analyzed,holdout_anchor_south_north_28_quality_conflict,holdout,tmp_scalar_via_recovered_non_elementary_walks.json,/candidates[44],"S,P",21251,330beb70b58164e9db39f885e05ef7f3948666c09c56b9fd9e5865f0b7a32010,423,422,51614.0,507.39999651908875,10465697.0,687375.0,202.76857054287598,13.317607625837951,154,True,"{""elevation_high"": 0.0, ""elevation_low"": 0.0, ""length_high"": 0.0, ""length_low"": 0.0, ""popularity_low"": 0.0, ""width_high"": 0.0}","{""directed_edges_ok"": true, ""metric_deltas"": [0.0, 0.0, 0.0, 0.0], ""missing_edges"": 0, ""passed"": true, ""road_changes_delta"": 0}",17,2,17,3,13,"{""736"": 2, ""4939"": 2, ""8368"": 2, ""12162"": 2, ""13458"": 2, ""14053"": 2, ""16540"": 2, ""16563"": 2, ""16567"": 2, ""16569"": 2, ""16926"": 2, ""17844"": 2, ""18032"": 2, ""19932"": 2, ""21250"": 2, ""22073"": 2, ""22242"": 2}",False,736,,,,,,,,False,"[{""anchor_vertex"": 8368, ""edge_count"": 56, ""end_node_index"": 251, ""start_node_index"": 195}, {""anchor_vertex"": 4939, ""edge_count"": 56, ""end_node_index"": 252, ""start_node_index"": 196}, {""anchor_vertex"": 13458, ""edge_count"": 56, ""end_node_index"": 253, ""start_node_index"": 197}, {""anchor_vertex"": 736, ""edge_count"": 56, ""end_node_index"": 254, ""start_node_index"": 198}, {""anchor_vertex"": 22073, ""edge_count"": 44, ""end_node_index"": 246, ""start_node_index"": 202}, {""anchor_vertex"": 18032, ""edge_count"": 42, ""end_node_index"": 245, ""start_node_index"": 203}, {""anchor_vertex"": 16926, ""edge_count"": 40, ""end_node_index"": 244, ""start_node_index"": 204}, {""anchor_vertex"": 12162, ""edge_count"": 38, ""end_node_index"": 243, ""start_node_index"": 205}, {""anchor_vertex"": 22242, ""edge_count"": 36, ""end_node_index"": 242, ""start_node_index"": 206}, {""anchor_vertex"": 16563, ""edge_count"": 22, ""end_node_index"": 234, ""start_node_index"": 212}, {""anchor_vertex"": 14053, ""edge_count"": 20, ""end_node_index"": 233, ""start_node_index"": 213}, {""anchor_vertex"": 16540, ""edge_count"": 14, ""end_node_index"": 230, ""start_node_index"": 216}, {""anchor_vertex"": 17844, ""edge_count"": 12, ""end_node_index"": 229, ""start_node_index"": 217}, {""anchor_vertex"": 19932, ""edge_count"": 10, ""end_node_index"": 228, ""start_node_index"": 218}, {""anchor_vertex"": 16569, ""edge_count"": 6, ""end_node_index"": 227, ""start_node_index"": 221}, {""anchor_vertex"": 21250, ""edge_count"": 4, ""end_node_index"": 226, ""start_node_index"": 222}, {""anchor_vertex"": 16567, ""edge_count"": 2, ""end_node_index"": 225, ""start_node_index"": 223}]",REPEATED_DIRECTED_EDGE
analyzed,holdout_anchor_south_north_28_quality_conflict,holdout,tmp_scalar_via_recovered_non_elementary_walks.json,/candidates[45],"S,P",21382,a58528ed88951c49350e16ae2277457828fdd24d122085d2bbeb442d11e23163,410,409,51427.0,509.19999653846025,10454276.0,683000.0,203.28380033834367,13.280961362708306,150,True,"{""elevation_high"": 0.0, ""elevation_low"": 0.0, ""length_high"": 0.0, ""length_low"": 0.0, ""popularity_low"": 0.0, ""width_high"": 0.0}","{""directed_edges_ok"": true, ""metric_deltas"": [0.0, 0.0, 0.0, 0.0], ""missing_edges"": 0, ""passed"": true, ""road_changes_delta"": 0}",12,2,12,3,9,"{""736"": 2, ""4939"": 2, ""5516"": 2, ""8368"": 2, ""12162"": 2, ""13458"": 2, ""14053"": 2, ""16563"": 2, ""16926"": 2, ""18032"": 2, ""22073"": 2, ""22242"": 2}",False,736,,,,,,,,False,"[{""anchor_vertex"": 8368, ""edge_count"": 43, ""end_node_index"": 238, ""start_node_index"": 195}, {""anchor_vertex"": 4939, ""edge_count"": 43, ""end_node_index"": 239, ""start_node_index"": 196}, {""anchor_vertex"": 13458, ""edge_count"": 43, ""end_node_index"": 240, ""start_node_index"": 197}, {""anchor_vertex"": 736, ""edge_count"": 43, ""end_node_index"": 241, ""start_node_index"": 198}, {""anchor_vertex"": 22073, ""edge_count"": 31, ""end_node_index"": 233, ""start_node_index"": 202}, {""anchor_vertex"": 18032, ""edge_count"": 29, ""end_node_index"": 232, ""start_node_index"": 203}, {""anchor_vertex"": 16926, ""edge_count"": 27, ""end_node_index"": 231, ""start_node_index"": 204}, {""anchor_vertex"": 12162, ""edge_count"": 25, ""end_node_index"": 230, ""start_node_index"": 205}, {""anchor_vertex"": 22242, ""edge_count"": 23, ""end_node_index"": 229, ""start_node_index"": 206}, {""anchor_vertex"": 16563, ""edge_count"": 9, ""end_node_index"": 221, ""start_node_index"": 212}, {""anchor_vertex"": 14053, ""edge_count"": 7, ""end_node_index"": 220, ""start_node_index"": 213}, {""anchor_vertex"": 5516, ""edge_count"": 2, ""end_node_index"": 216, ""start_node_index"": 214}]",REPEATED_DIRECTED_EDGE
analyzed,holdout_anchor_south_north_28_quality_conflict,holdout,tmp_scalar_via_recovered_non_elementary_walks.json,/candidates[46],"S,P",21529,b8504036446c7e0d3d5915e8c746513c469d443dc39b114198b9dc55cf9ed94c,410,409,50993.0,506.3999964669347,10396568.0,679230.0,203.88225834918518,13.320063538132684,150,True,"{""elevation_high"": 0.0, ""elevation_low"": 0.0, ""length_high"": 0.0, ""length_low"": 0.0, ""popularity_low"": 0.0, ""width_high"": 0.0}","{""directed_edges_ok"": true, ""metric_deltas"": [0.0, 0.0, 0.0, 0.0], ""missing_edges"": 0, ""passed"": true, ""road_changes_delta"": 0}",12,2,12,3,9,"{""736"": 2, ""4939"": 2, ""8368"": 2, ""12162"": 2, ""13458"": 2, ""14053"": 2, ""14054"": 2, ""16563"": 2, ""16926"": 2, ""18032"": 2, ""22073"": 2, ""22242"": 2}",False,736,,,,,,,,False,"[{""anchor_vertex"": 8368, ""edge_count"": 43, ""end_node_index"": 238, ""start_node_index"": 195}, {""anchor_vertex"": 4939, ""edge_count"": 43, ""end_node_index"": 239, ""start_node_index"": 196}, {""anchor_vertex"": 13458, ""edge_count"": 43, ""end_node_index"": 240, ""start_node_index"": 197}, {""anchor_vertex"": 736, ""edge_count"": 43, ""end_node_index"": 241, ""start_node_index"": 198}, {""anchor_vertex"": 22073, ""edge_count"": 31, ""end_node_index"": 233, ""start_node_index"": 202}, {""anchor_vertex"": 18032, ""edge_count"": 29, ""end_node_index"": 232, ""start_node_index"": 203}, {""anchor_vertex"": 16926, ""edge_count"": 27, ""end_node_index"": 231, ""start_node_index"": 204}, {""anchor_vertex"": 12162, ""edge_count"": 25, ""end_node_index"": 230, ""start_node_index"": 205}, {""anchor_vertex"": 22242, ""edge_count"": 23, ""end_node_index"": 229, ""start_node_index"": 206}, {""anchor_vertex"": 16563, ""edge_count"": 9, ""end_node_index"": 221, ""start_node_index"": 212}, {""anchor_vertex"": 14053, ""edge_count"": 7, ""end_node_index"": 220, ""start_node_index"": 213}, {""anchor_vertex"": 14054, ""edge_count"": 2, ""end_node_index"": 219, ""start_node_index"": 217}]",REPEATED_DIRECTED_EDGE
analyzed,holdout_anchor_south_north_28_quality_conflict,holdout,tmp_scalar_via_recovered_non_elementary_walks.json,/candidates[47],"S,P",22125,33206f2908a2d0d22ecaec008123470eb0b6cb9d568194916d47265a2bd4f599,387,386,48946.0,598.8999965339899,9849383.0,651410.0,201.2295795366322,13.3087484166224,148,True,"{""elevation_high"": 0.0, ""elevation_low"": 0.0, ""length_high"": 0.0, ""length_low"": 0.0, ""popularity_low"": 0.0, ""width_high"": 0.0}","{""directed_edges_ok"": true, ""metric_deltas"": [0.0, 0.0, 0.0, 0.0], ""missing_edges"": 0, ""passed"": true, ""road_changes_delta"": 0}",8,2,8,1,5,"{""12816"": 2, ""13189"": 2, ""14382"": 2, ""14383"": 2, ""14384"": 2, ""15099"": 2, ""15100"": 2, ""21393"": 2}",False,12816,,,,,,,,False,"[{""anchor_vertex"": 14383, ""edge_count"": 25, ""end_node_index"": 163, ""start_node_index"": 138}, {""anchor_vertex"": 14384, ""edge_count"": 25, ""end_node_index"": 164, ""start_node_index"": 139}, {""anchor_vertex"": 14382, ""edge_count"": 21, ""end_node_index"": 162, ""start_node_index"": 141}, {""anchor_vertex"": 21393, ""edge_count"": 19, ""end_node_index"": 161, ""start_node_index"": 142}, {""anchor_vertex"": 15100, ""edge_count"": 14, ""end_node_index"": 159, ""start_node_index"": 145}, {""anchor_vertex"": 13189, ""edge_count"": 12, ""end_node_index"": 158, ""start_node_index"": 146}, {""anchor_vertex"": 12816, ""edge_count"": 10, ""end_node_index"": 157, ""start_node_index"": 147}, {""anchor_vertex"": 15099, ""edge_count"": 8, ""end_node_index"": 156, ""start_node_index"": 148}]",REPEATED_DIRECTED_EDGE
analyzed,holdout_anchor_south_north_28_quality_conflict,holdout,tmp_scalar_via_recovered_non_elementary_walks.json,/candidates[48],"S,P",22189,719072a7782ecce08db56368cb447304c238bf06eb673da31ff1d9463c78ba2f,385,384,48486.0,499.1999965235591,9761446.0,636615.0,201.32504228024584,13.129872540527163,142,True,"{""elevation_high"": 0.0, ""elevation_low"": 0.0, ""length_high"": 0.0, ""length_low"": 0.0, ""popularity_low"": 0.0, ""width_high"": 0.0}","{""directed_edges_ok"": true, ""metric_deltas"": [0.0, 0.0, 0.0, 0.0], ""missing_edges"": 0, ""passed"": true, ""road_changes_delta"": 0}",7,2,7,3,6,"{""736"": 2, ""4939"": 2, ""8368"": 2, ""13458"": 2, ""16926"": 2, ""18032"": 2, ""22073"": 2}",False,736,,,,,,,,False,"[{""anchor_vertex"": 8368, ""edge_count"": 18, ""end_node_index"": 213, ""start_node_index"": 195}, {""anchor_vertex"": 4939, ""edge_count"": 18, ""end_node_index"": 214, ""start_node_index"": 196}, {""anchor_vertex"": 13458, ""edge_count"": 18, ""end_node_index"": 215, ""start_node_index"": 197}, {""anchor_vertex"": 736, ""edge_count"": 18, ""end_node_index"": 216, ""start_node_index"": 198}, {""anchor_vertex"": 22073, ""edge_count"": 6, ""end_node_index"": 208, ""start_node_index"": 202}, {""anchor_vertex"": 18032, ""edge_count"": 4, ""end_node_index"": 207, ""start_node_index"": 203}, {""anchor_vertex"": 16926, ""edge_count"": 2, ""end_node_index"": 206, ""start_node_index"": 204}]",REPEATED_DIRECTED_EDGE
analyzed,holdout_anchor_south_north_28_quality_conflict,holdout,tmp_scalar_via_recovered_non_elementary_walks.json,/candidates[49],"S,P",22190,a4d4749367563a95effab77c8a013e8f520c8f8832e2cebabfb2db5f7d5b3afe,387,386,48834.0,502.2999963089824,9832722.0,640095.0,201.34992013760905,13.107568497358399,142,True,"{""elevation_high"": 0.0, ""elevation_low"": 0.0, ""length_high"": 0.0, ""length_low"": 0.0, ""popularity_low"": 0.0, ""width_high"": 0.0}","{""directed_edges_ok"": true, ""metric_deltas"": [0.0, 0.0, 0.0, 0.0], ""missing_edges"": 0, ""passed"": true, ""road_changes_delta"": 0}",8,2,8,3,7,"{""736"": 2, ""4939"": 2, ""8368"": 2, ""12162"": 2, ""13458"": 2, ""16926"": 2, ""18032"": 2, ""22073"": 2}",False,736,,,,,,,,False,"[{""anchor_vertex"": 8368, ""edge_count"": 20, ""end_node_index"": 215, ""start_node_index"": 195}, {""anchor_vertex"": 4939, ""edge_count"": 20, ""end_node_index"": 216, ""start_node_index"": 196}, {""anchor_vertex"": 13458, ""edge_count"": 20, ""end_node_index"": 217, ""start_node_index"": 197}, {""anchor_vertex"": 736, ""edge_count"": 20, ""end_node_index"": 218, ""start_node_index"": 198}, {""anchor_vertex"": 22073, ""edge_count"": 8, ""end_node_index"": 210, ""start_node_index"": 202}, {""anchor_vertex"": 18032, ""edge_count"": 6, ""end_node_index"": 209, ""start_node_index"": 203}, {""anchor_vertex"": 16926, ""edge_count"": 4, ""end_node_index"": 208, ""start_node_index"": 204}, {""anchor_vertex"": 12162, ""edge_count"": 2, ""end_node_index"": 207, ""start_node_index"": 205}]",REPEATED_DIRECTED_EDGE
analyzed,holdout_anchor_south_north_28_quality_conflict,holdout,tmp_scalar_via_recovered_non_elementary_walks.json,/candidates[50],"S,P",22242,355b7d103d0391ad6fb787875f80dc6e5615bd1cadd3d807bd885dd3d482e9f8,387,386,48874.0,499.29999654740095,9871878.0,640495.0,201.98629127961698,13.10502516675533,140,True,"{""elevation_high"": 0.0, ""elevation_low"": 0.0, ""length_high"": 0.0, ""length_low"": 0.0, ""popularity_low"": 0.0, ""width_high"": 0.0}","{""directed_edges_ok"": true, ""metric_deltas"": [0.0, 0.0, 0.0, 0.0], ""missing_edges"": 0, ""passed"": true, ""road_changes_delta"": 0}",8,2,8,3,7,"{""736"": 2, ""4939"": 2, ""8368"": 2, ""12162"": 2, ""13458"": 2, ""16926"": 2, ""18032"": 2, ""22073"": 2}",False,736,,,,,,,,False,"[{""anchor_vertex"": 8368, ""edge_count"": 20, ""end_node_index"": 215, ""start_node_index"": 195}, {""anchor_vertex"": 4939, ""edge_count"": 20, ""end_node_index"": 216, ""start_node_index"": 196}, {""anchor_vertex"": 13458, ""edge_count"": 20, ""end_node_index"": 217, ""start_node_index"": 197}, {""anchor_vertex"": 736, ""edge_count"": 20, ""end_node_index"": 218, ""start_node_index"": 198}, {""anchor_vertex"": 22073, ""edge_count"": 8, ""end_node_index"": 210, ""start_node_index"": 202}, {""anchor_vertex"": 18032, ""edge_count"": 6, ""end_node_index"": 209, ""start_node_index"": 203}, {""anchor_vertex"": 16926, ""edge_count"": 4, ""end_node_index"": 208, ""start_node_index"": 204}, {""anchor_vertex"": 12162, ""edge_count"": 2, ""end_node_index"": 207, ""start_node_index"": 205}]",REPEATED_DIRECTED_EDGE
analyzed,holdout_anchor_south_north_28_quality_conflict,holdout,tmp_scalar_via_recovered_non_elementary_walks.json,/candidates[51],"S,S",1875,98f7c96a0c06fdf81f876fa0de81a979ad76f52b75c2f05022c04e7c213d6895,397,396,50705.0,510.099996432662,10276893.0,674585.0,202.68007099891528,13.304112020510798,145,True,"{""elevation_high"": 0.0, ""elevation_low"": 0.0, ""length_high"": 0.0, ""length_low"": 0.0, ""popularity_low"": 0.0, ""width_high"": 0.0}","{""directed_edges_ok"": true, ""metric_deltas"": [0.0, 0.0, 0.0, 0.0], ""missing_edges"": 0, ""passed"": true, ""road_changes_delta"": 0}",9,2,9,3,7,"{""736"": 2, ""4939"": 2, ""8368"": 2, ""12162"": 2, ""13458"": 2, ""16926"": 2, ""18032"": 2, ""22073"": 2, ""22242"": 2}",False,736,,,,,,,,False,"[{""anchor_vertex"": 8368, ""edge_count"": 33, ""end_node_index"": 228, ""start_node_index"": 195}, {""anchor_vertex"": 4939, ""edge_count"": 33, ""end_node_index"": 229, ""start_node_index"": 196}, {""anchor_vertex"": 13458, ""edge_count"": 33, ""end_node_index"": 230, ""start_node_index"": 197}, {""anchor_vertex"": 736, ""edge_count"": 33, ""end_node_index"": 231, ""start_node_index"": 198}, {""anchor_vertex"": 22073, ""edge_count"": 21, ""end_node_index"": 223, ""start_node_index"": 202}, {""anchor_vertex"": 18032, ""edge_count"": 19, ""end_node_index"": 222, ""start_node_index"": 203}, {""anchor_vertex"": 16926, ""edge_count"": 17, ""end_node_index"": 221, ""start_node_index"": 204}, {""anchor_vertex"": 12162, ""edge_count"": 15, ""end_node_index"": 220, ""start_node_index"": 205}, {""anchor_vertex"": 22242, ""edge_count"": 13, ""end_node_index"": 219, ""start_node_index"": 206}]",REPEATED_DIRECTED_EDGE
analyzed,holdout_anchor_south_north_28_quality_conflict,holdout,tmp_scalar_via_recovered_non_elementary_walks.json,/candidates[52],"S,S",5504,ab9c740aae67b493bfd85a5fcda2ffde4171bd5a59fa24f2db4b671ca5bfceac,405,404,50918.0,511.8999963924289,10324442.0,677640.0,202.76605522604973,13.308456734357202,149,True,"{""elevation_high"": 0.0, ""elevation_low"": 0.0, ""length_high"": 0.0, ""length_low"": 0.0, ""popularity_low"": 0.0, ""width_high"": 0.0}","{""directed_edges_ok"": true, ""metric_deltas"": [0.0, 0.0, 0.0, 0.0], ""missing_edges"": 0, ""passed"": true, ""road_changes_delta"": 0}",11,2,11,3,8,"{""736"": 2, ""4939"": 2, ""8368"": 2, ""12162"": 2, ""13458"": 2, ""14053"": 2, ""16563"": 2, ""16926"": 2, ""18032"": 2, ""22073"": 2, ""22242"": 2}",False,736,,,,,,,,False,"[{""anchor_vertex"": 8368, ""edge_count"": 41, ""end_node_index"": 236, ""start_node_index"": 195}, {""anchor_vertex"": 4939, ""edge_count"": 41, ""end_node_index"": 237, ""start_node_index"": 196}, {""anchor_vertex"": 13458, ""edge_count"": 41, ""end_node_index"": 238, ""start_node_index"": 197}, {""anchor_vertex"": 736, ""edge_count"": 41, ""end_node_index"": 239, ""start_node_index"": 198}, {""anchor_vertex"": 22073, ""edge_count"": 29, ""end_node_index"": 231, ""start_node_index"": 202}, {""anchor_vertex"": 18032, ""edge_count"": 27, ""end_node_index"": 230, ""start_node_index"": 203}, {""anchor_vertex"": 16926, ""edge_count"": 25, ""end_node_index"": 229, ""start_node_index"": 204}, {""anchor_vertex"": 12162, ""edge_count"": 23, ""end_node_index"": 228, ""start_node_index"": 205}, {""anchor_vertex"": 22242, ""edge_count"": 21, ""end_node_index"": 227, ""start_node_index"": 206}, {""anchor_vertex"": 16563, ""edge_count"": 7, ""end_node_index"": 219, ""start_node_index"": 212}, {""anchor_vertex"": 14053, ""edge_count"": 5, ""end_node_index"": 218, ""start_node_index"": 213}]",REPEATED_DIRECTED_EDGE
analyzed,holdout_anchor_south_north_28_quality_conflict,holdout,tmp_scalar_via_recovered_non_elementary_walks.json,/candidates[53],"S,S",5569,b42ddd063e78f15171d4df5090f9f2491b5e5de2dc023d3da4e3ebbc3e040cde,424,423,52043.0,515.5999963730574,10429595.0,691395.0,200.40341640566456,13.285071959725611,159,True,"{""elevation_high"": 0.0, ""elevation_low"": 0.0, ""length_high"": 0.0, ""length_low"": 0.0, ""popularity_low"": 0.0, ""width_high"": 0.0}","{""directed_edges_ok"": true, ""metric_deltas"": [0.0, 0.0, 0.0, 0.0], ""missing_edges"": 0, ""passed"": true, ""road_changes_delta"": 0}",18,2,18,3,13,"{""736"": 2, ""4939"": 2, ""8368"": 2, ""12162"": 2, ""13458"": 2, ""14053"": 2, ""16540"": 2, ""16563"": 2, ""16571"": 2, ""16572"": 2, ""16575"": 2, ""16926"": 2, ""17844"": 2, ""18032"": 2, ""19070"": 2, ""19932"": 2, ""22073"": 2, ""22242"": 2}",False,736,,,,,,,,False,"[{""anchor_vertex"": 8368, ""edge_count"": 60, ""end_node_index"": 255, ""start_node_index"": 195}, {""anchor_vertex"": 4939, ""edge_count"": 60, ""end_node_index"": 256, ""start_node_index"": 196}, {""anchor_vertex"": 13458, ""edge_count"": 60, ""end_node_index"": 257, ""start_node_index"": 197}, {""anchor_vertex"": 736, ""edge_count"": 60, ""end_node_index"": 258, ""start_node_index"": 198}, {""anchor_vertex"": 22073, ""edge_count"": 48, ""end_node_index"": 250, ""start_node_index"": 202}, {""anchor_vertex"": 18032, ""edge_count"": 46, ""end_node_index"": 249, ""start_node_index"": 203}, {""anchor_vertex"": 16926, ""edge_count"": 44, ""end_node_index"": 248, ""start_node_index"": 204}, {""anchor_vertex"": 12162, ""edge_count"": 42, ""end_node_index"": 247, ""start_node_index"": 205}, {""anchor_vertex"": 22242, ""edge_count"": 40, ""end_node_index"": 246, ""start_node_index"": 206}, {""anchor_vertex"": 16563, ""edge_count"": 26, ""end_node_index"": 238, ""start_node_index"": 212}, {""anchor_vertex"": 14053, ""edge_count"": 24, ""end_node_index"": 237, ""start_node_index"": 213}, {""anchor_vertex"": 16540, ""edge_count"": 18, ""end_node_index"": 234, ""start_node_index"": 216}, {""anchor_vertex"": 17844, ""edge_count"": 16, ""end_node_index"": 233, ""start_node_index"": 217}, {""anchor_vertex"": 19932, ""edge_count"": 14, ""end_node_index"": 232, ""start_node_index"": 218}, {""anchor_vertex"": 16571, ""edge_count"": 10, ""end_node_index"": 229, ""start_node_index"": 219}, {""anchor_vertex"": 16572, ""edge_count"": 8, ""end_node_index"": 228, ""start_node_index"": 220}, {""anchor_vertex"": 19070, ""edge_count"": 6, ""end_node_index"": 227, ""start_node_index"": 221}, {""anchor_vertex"": 16575, ""edge_count"": 4, ""end_node_index"": 226, ""start_node_index"": 222}]",REPEATED_DIRECTED_EDGE
analyzed,holdout_anchor_south_north_28_quality_conflict,holdout,tmp_scalar_via_recovered_non_elementary_walks.json,/candidates[54],"S,S",7442,c9afa8c220a64a59dff06dfb6ad594d12f17aeef886916587b956eab21f65c41,400,399,51007.0,511.7999964803457,10327216.0,678990.0,202.46664183347383,13.311702315368478,149,True,"{""elevation_high"": 0.0, ""elevation_low"": 0.0, ""length_high"": 0.0, ""length_low"": 0.0, ""popularity_low"": 0.0, ""width_high"": 0.0}","{""directed_edges_ok"": true, ""metric_deltas"": [0.0, 0.0, 0.0, 0.0], ""missing_edges"": 0, ""passed"": true, ""road_changes_delta"": 0}",9,2,9,3,7,"{""736"": 2, ""4939"": 2, ""8368"": 2, ""12162"": 2, ""13458"": 2, ""16926"": 2, ""18032"": 2, ""22073"": 2, ""22242"": 2}",False,736,,,,,,,,False,"[{""anchor_vertex"": 8368, ""edge_count"": 36, ""end_node_index"": 231, ""start_node_index"": 195}, {""anchor_vertex"": 4939, ""edge_count"": 36, ""end_node_index"": 232, ""start_node_index"": 196}, {""anchor_vertex"": 13458, ""edge_count"": 36, ""end_node_index"": 233, ""start_node_index"": 197}, {""anchor_vertex"": 736, ""edge_count"": 36, ""end_node_index"": 234, ""start_node_index"": 198}, {""anchor_vertex"": 22073, ""edge_count"": 24, ""end_node_index"": 226, ""start_node_index"": 202}, {""anchor_vertex"": 18032, ""edge_count"": 22, ""end_node_index"": 225, ""start_node_index"": 203}, {""anchor_vertex"": 16926, ""edge_count"": 20, ""end_node_index"": 224, ""start_node_index"": 204}, {""anchor_vertex"": 12162, ""edge_count"": 18, ""end_node_index"": 223, ""start_node_index"": 205}, {""anchor_vertex"": 22242, ""edge_count"": 16, ""end_node_index"": 222, ""start_node_index"": 206}]",REPEATED_DIRECTED_EDGE
analyzed,holdout_anchor_south_north_28_quality_conflict,holdout,tmp_scalar_via_recovered_non_elementary_walks.json,/candidates[55],"S,S",12162,465bf4cd116887bf2e8835cbf05d5e7e8f92364a8ee1a022a02e6ead1e1f9463,382,381,48645.0,504.4999964013696,9752616.0,637935.0,200.4854764107308,13.114091890225101,141,True,"{""elevation_high"": 0.0, ""elevation_low"": 0.0, ""length_high"": 0.0, ""length_low"": 0.0, ""popularity_low"": 0.0, ""width_high"": 0.0}","{""directed_edges_ok"": true, ""metric_deltas"": [0.0, 0.0, 0.0, 0.0], ""missing_edges"": 0, ""passed"": true, ""road_changes_delta"": 0}",7,2,7,3,6,"{""736"": 2, ""4939"": 2, ""8368"": 2, ""13458"": 2, ""16926"": 2, ""18032"": 2, ""22073"": 2}",False,736,,,,,,,,False,"[{""anchor_vertex"": 8368, ""edge_count"": 18, ""end_node_index"": 213, ""start_node_index"": 195}, {""anchor_vertex"": 4939, ""edge_count"": 18, ""end_node_index"": 214, ""start_node_index"": 196}, {""anchor_vertex"": 13458, ""edge_count"": 18, ""end_node_index"": 215, ""start_node_index"": 197}, {""anchor_vertex"": 736, ""edge_count"": 18, ""end_node_index"": 216, ""start_node_index"": 198}, {""anchor_vertex"": 22073, ""edge_count"": 6, ""end_node_index"": 208, ""start_node_index"": 202}, {""anchor_vertex"": 18032, ""edge_count"": 4, ""end_node_index"": 207, ""start_node_index"": 203}, {""anchor_vertex"": 16926, ""edge_count"": 2, ""end_node_index"": 206, ""start_node_index"": 204}]",REPEATED_DIRECTED_EDGE
analyzed,holdout_anchor_south_north_28_quality_conflict,holdout,tmp_scalar_via_recovered_non_elementary_walks.json,/candidates[56],"S,S",14053,7ba9361fe36eea4f00c9934135791fdc09d2b6a71d6e87fa27ec331407fa88e9,400,399,50861.0,511.3999963849783,10312596.0,676785.0,202.76038615048859,13.30656101924854,147,True,"{""elevation_high"": 0.0, ""elevation_low"": 0.0, ""length_high"": 0.0, ""length_low"": 0.0, ""popularity_low"": 0.0, ""width_high"": 0.0}","{""directed_edges_ok"": true, ""metric_deltas"": [0.0, 0.0, 0.0, 0.0], ""missing_edges"": 0, ""passed"": true, ""road_changes_delta"": 0}",10,2,10,3,8,"{""736"": 2, ""4939"": 2, ""8368"": 2, ""12162"": 2, ""13458"": 2, ""16563"": 2, ""16926"": 2, ""18032"": 2, ""22073"": 2, ""22242"": 2}",False,736,,,,,,,,False,"[{""anchor_vertex"": 8368, ""edge_count"": 36, ""end_node_index"": 231, ""start_node_index"": 195}, {""anchor_vertex"": 4939, ""edge_count"": 36, ""end_node_index"": 232, ""start_node_index"": 196}, {""anchor_vertex"": 13458, ""edge_count"": 36, ""end_node_index"": 233, ""start_node_index"": 197}, {""anchor_vertex"": 736, ""edge_count"": 36, ""end_node_index"": 234, ""start_node_index"": 198}, {""anchor_vertex"": 22073, ""edge_count"": 24, ""end_node_index"": 226, ""start_node_index"": 202}, {""anchor_vertex"": 18032, ""edge_count"": 22, ""end_node_index"": 225, ""start_node_index"": 203}, {""anchor_vertex"": 16926, ""edge_count"": 20, ""end_node_index"": 224, ""start_node_index"": 204}, {""anchor_vertex"": 12162, ""edge_count"": 18, ""end_node_index"": 223, ""start_node_index"": 205}, {""anchor_vertex"": 22242, ""edge_count"": 16, ""end_node_index"": 222, ""start_node_index"": 206}, {""anchor_vertex"": 16563, ""edge_count"": 2, ""end_node_index"": 214, ""start_node_index"": 212}]",REPEATED_DIRECTED_EDGE
analyzed,holdout_anchor_south_north_28_quality_conflict,holdout,tmp_scalar_via_recovered_non_elementary_walks.json,/candidates[57],"S,S",16540,85902106a6bc00590e093999155c42bdda33a18cb488a56c32b41b643e7afb3c,406,405,50940.0,512.1999964043498,10328872.0,677970.0,202.76544954848842,13.309187279151944,151,True,"{""elevation_high"": 0.0, ""elevation_low"": 0.0, ""length_high"": 0.0, ""length_low"": 0.0, ""popularity_low"": 0.0, ""width_high"": 0.0}","{""directed_edges_ok"": true, ""metric_deltas"": [0.0, 0.0, 0.0, 0.0], ""missing_edges"": 0, ""passed"": true, ""road_changes_delta"": 0}",11,2,11,3,8,"{""736"": 2, ""4939"": 2, ""8368"": 2, ""12162"": 2, ""13458"": 2, ""14053"": 2, ""16563"": 2, ""16926"": 2, ""18032"": 2, ""22073"": 2, ""22242"": 2}",False,736,,,,,,,,False,"[{""anchor_vertex"": 8368, ""edge_count"": 42, ""end_node_index"": 237, ""start_node_index"": 195}, {""anchor_vertex"": 4939, ""edge_count"": 42, ""end_node_index"": 238, ""start_node_index"": 196}, {""anchor_vertex"": 13458, ""edge_count"": 42, ""end_node_index"": 239, ""start_node_index"": 197}, {""anchor_vertex"": 736, ""edge_count"": 42, ""end_node_index"": 240, ""start_node_index"": 198}, {""anchor_vertex"": 22073, ""edge_count"": 30, ""end_node_index"": 232, ""start_node_index"": 202}, {""anchor_vertex"": 18032, ""edge_count"": 28, ""end_node_index"": 231, ""start_node_index"": 203}, {""anchor_vertex"": 16926, ""edge_count"": 26, ""end_node_index"": 230, ""start_node_index"": 204}, {""anchor_vertex"": 12162, ""edge_count"": 24, ""end_node_index"": 229, ""start_node_index"": 205}, {""anchor_vertex"": 22242, ""edge_count"": 22, ""end_node_index"": 228, ""start_node_index"": 206}, {""anchor_vertex"": 16563, ""edge_count"": 8, ""end_node_index"": 220, ""start_node_index"": 212}, {""anchor_vertex"": 14053, ""edge_count"": 6, ""end_node_index"": 219, ""start_node_index"": 213}]",REPEATED_DIRECTED_EDGE
analyzed,holdout_anchor_south_north_28_quality_conflict,holdout,tmp_scalar_via_recovered_non_elementary_walks.json,/candidates[58],"S,S",16563,4bb9080fd169ca38dc702ecc1a7ec55d73ed6b0e83918e74e6b3dd7d3f35f7f2,398,397,50773.0,511.3999963849783,10293412.0,675465.0,202.7339727808087,13.30362594292242,147,True,"{""elevation_high"": 0.0, ""elevation_low"": 0.0, ""length_high"": 0.0, ""length_low"": 0.0, ""popularity_low"": 0.0, ""width_high"": 0.0}","{""directed_edges_ok"": true, ""metric_deltas"": [0.0, 0.0, 0.0, 0.0], ""missing_edges"": 0, ""passed"": true, ""road_changes_delta"": 0}",9,2,9,3,7,"{""736"": 2, ""4939"": 2, ""8368"": 2, ""12162"": 2, ""13458"": 2, ""16926"": 2, ""18032"": 2, ""22073"": 2, ""22242"": 2}",False,736,,,,,,,,False,"[{""anchor_vertex"": 8368, ""edge_count"": 34, ""end_node_index"": 229, ""start_node_index"": 195}, {""anchor_vertex"": 4939, ""edge_count"": 34, ""end_node_index"": 230, ""start_node_index"": 196}, {""anchor_vertex"": 13458, ""edge_count"": 34, ""end_node_index"": 231, ""start_node_index"": 197}, {""anchor_vertex"": 736, ""edge_count"": 34, ""end_node_index"": 232, ""start_node_index"": 198}, {""anchor_vertex"": 22073, ""edge_count"": 22, ""end_node_index"": 224, ""start_node_index"": 202}, {""anchor_vertex"": 18032, ""edge_count"": 20, ""end_node_index"": 223, ""start_node_index"": 203}, {""anchor_vertex"": 16926, ""edge_count"": 18, ""end_node_index"": 222, ""start_node_index"": 204}, {""anchor_vertex"": 12162, ""edge_count"": 16, ""end_node_index"": 221, ""start_node_index"": 205}, {""anchor_vertex"": 22242, ""edge_count"": 14, ""end_node_index"": 220, ""start_node_index"": 206}]",REPEATED_DIRECTED_EDGE
analyzed,holdout_anchor_south_north_28_quality_conflict,holdout,tmp_scalar_via_recovered_non_elementary_walks.json,/candidates[59],"S,S",16567,ce129540d36de4435c7289c39bdd84d1a7de7408649dad03161ac15eb0f83d61,418,417,51637.0,513.7999964207411,10414615.0,687335.0,201.68900207215756,13.310901098049849,155,True,"{""elevation_high"": 0.0, ""elevation_low"": 0.0, ""length_high"": 0.0, ""length_low"": 0.0, ""popularity_low"": 0.0, ""width_high"": 0.0}","{""directed_edges_ok"": true, ""metric_deltas"": [0.0, 0.0, 0.0, 0.0], ""missing_edges"": 0, ""passed"": true, ""road_changes_delta"": 0}",16,2,16,3,12,"{""736"": 2, ""4939"": 2, ""8368"": 2, ""12162"": 2, ""13458"": 2, ""14053"": 2, ""16540"": 2, ""16563"": 2, ""16569"": 2, ""16926"": 2, ""17844"": 2, ""18032"": 2, ""19932"": 2, ""21250"": 2, ""22073"": 2, ""22242"": 2}",False,736,,,,,,,,False,"[{""anchor_vertex"": 8368, ""edge_count"": 54, ""end_node_index"": 249, ""start_node_index"": 195}, {""anchor_vertex"": 4939, ""edge_count"": 54, ""end_node_index"": 250, ""start_node_index"": 196}, {""anchor_vertex"": 13458, ""edge_count"": 54, ""end_node_index"": 251, ""start_node_index"": 197}, {""anchor_vertex"": 736, ""edge_count"": 54, ""end_node_index"": 252, ""start_node_index"": 198}, {""anchor_vertex"": 22073, ""edge_count"": 42, ""end_node_index"": 244, ""start_node_index"": 202}, {""anchor_vertex"": 18032, ""edge_count"": 40, ""end_node_index"": 243, ""start_node_index"": 203}, {""anchor_vertex"": 16926, ""edge_count"": 38, ""end_node_index"": 242, ""start_node_index"": 204}, {""anchor_vertex"": 12162, ""edge_count"": 36, ""end_node_index"": 241, ""start_node_index"": 205}, {""anchor_vertex"": 22242, ""edge_count"": 34, ""end_node_index"": 240, ""start_node_index"": 206}, {""anchor_vertex"": 16563, ""edge_count"": 20, ""end_node_index"": 232, ""start_node_index"": 212}, {""anchor_vertex"": 14053, ""edge_count"": 18, ""end_node_index"": 231, ""start_node_index"": 213}, {""anchor_vertex"": 16540, ""edge_count"": 12, ""end_node_index"": 228, ""start_node_index"": 216}, {""anchor_vertex"": 17844, ""edge_count"": 10, ""end_node_index"": 227, ""start_node_index"": 217}, {""anchor_vertex"": 19932, ""edge_count"": 8, ""end_node_index"": 226, ""start_node_index"": 218}, {""anchor_vertex"": 16569, ""edge_count"": 4, ""end_node_index"": 225, ""start_node_index"": 221}, {""anchor_vertex"": 21250, ""edge_count"": 2, ""end_node_index"": 224, ""start_node_index"": 222}]",REPEATED_DIRECTED_EDGE
analyzed,holdout_anchor_south_north_28_quality_conflict,holdout,tmp_scalar_via_recovered_non_elementary_walks.json,/candidates[60],"S,S",16569,86576230f1dd971c645f38e50473dd46939a2e1a4238c4a8d064bd7c7d2d9fac,414,413,51419.0,512.699996419251,10407285.0,685155.0,202.40154417627724,13.324938252396974,153,True,"{""elevation_high"": 0.0, ""elevation_low"": 0.0, ""length_high"": 0.0, ""length_low"": 0.0, ""popularity_low"": 0.0, ""width_high"": 0.0}","{""directed_edges_ok"": true, ""metric_deltas"": [0.0, 0.0, 0.0, 0.0], ""missing_edges"": 0, ""passed"": true, ""road_changes_delta"": 0}",14,2,14,3,10,"{""736"": 2, ""4939"": 2, ""8368"": 2, ""12162"": 2, ""13458"": 2, ""14053"": 2, ""16540"": 2, ""16563"": 2, ""16926"": 2, ""17844"": 2, ""18032"": 2, ""19932"": 2, ""22073"": 2, ""22242"": 2}",False,736,,,,,,,,False,"[{""anchor_vertex"": 8368, ""edge_count"": 50, ""end_node_index"": 245, ""start_node_index"": 195}, {""anchor_vertex"": 4939, ""edge_count"": 50, ""end_node_index"": 246, ""start_node_index"": 196}, {""anchor_vertex"": 13458, ""edge_count"": 50, ""end_node_index"": 247, ""start_node_index"": 197}, {""anchor_vertex"": 736, ""edge_count"": 50, ""end_node_index"": 248, ""start_node_index"": 198}, {""anchor_vertex"": 22073, ""edge_count"": 38, ""end_node_index"": 240, ""start_node_index"": 202}, {""anchor_vertex"": 18032, ""edge_count"": 36, ""end_node_index"": 239, ""start_node_index"": 203}, {""anchor_vertex"": 16926, ""edge_count"": 34, ""end_node_index"": 238, ""start_node_index"": 204}, {""anchor_vertex"": 12162, ""edge_count"": 32, ""end_node_index"": 237, ""start_node_index"": 205}, {""anchor_vertex"": 22242, ""edge_count"": 30, ""end_node_index"": 236, ""start_node_index"": 206}, {""anchor_vertex"": 16563, ""edge_count"": 16, ""end_node_index"": 228, ""start_node_index"": 212}, {""anchor_vertex"": 14053, ""edge_count"": 14, ""end_node_index"": 227, ""start_node_index"": 213}, {""anchor_vertex"": 16540, ""edge_count"": 8, ""end_node_index"": 224, ""start_node_index"": 216}, {""anchor_vertex"": 17844, ""edge_count"": 6, ""end_node_index"": 223, ""start_node_index"": 217}, {""anchor_vertex"": 19932, ""edge_count"": 4, ""end_node_index"": 222, ""start_node_index"": 218}]",REPEATED_DIRECTED_EDGE
analyzed,holdout_anchor_south_north_28_quality_conflict,holdout,tmp_scalar_via_recovered_non_elementary_walks.json,/candidates[61],"S,S",16572,24ee4d9a6a1b4a2de3ca2dbfa36a50d6ae1583218dc46733b30190065d8095f3,416,415,51559.0,513.4999964311719,10419605.0,686555.0,202.0909055644989,13.315909928431505,155,True,"{""elevation_high"": 0.0, ""elevation_low"": 0.0, ""length_high"": 0.0, ""length_low"": 0.0, ""popularity_low"": 0.0, ""width_high"": 0.0}","{""directed_edges_ok"": true, ""metric_deltas"": [0.0, 0.0, 0.0, 0.0], ""missing_edges"": 0, ""passed"": true, ""road_changes_delta"": 0}",15,2,15,3,11,"{""736"": 2, ""4939"": 2, ""8368"": 2, ""12162"": 2, ""13458"": 2, ""14053"": 2, ""16540"": 2, ""16563"": 2, ""16571"": 2, ""16926"": 2, ""17844"": 2, ""18032"": 2, ""19932"": 2, ""22073"": 2, ""22242"": 2}",False,736,,,,,,,,False,"[{""anchor_vertex"": 8368, ""edge_count"": 52, ""end_node_index"": 247, ""start_node_index"": 195}, {""anchor_vertex"": 4939, ""edge_count"": 52, ""end_node_index"": 248, ""start_node_index"": 196}, {""anchor_vertex"": 13458, ""edge_count"": 52, ""end_node_index"": 249, ""start_node_index"": 197}, {""anchor_vertex"": 736, ""edge_count"": 52, ""end_node_index"": 250, ""start_node_index"": 198}, {""anchor_vertex"": 22073, ""edge_count"": 40, ""end_node_index"": 242, ""start_node_index"": 202}, {""anchor_vertex"": 18032, ""edge_count"": 38, ""end_node_index"": 241, ""start_node_index"": 203}, {""anchor_vertex"": 16926, ""edge_count"": 36, ""end_node_index"": 240, ""start_node_index"": 204}, {""anchor_vertex"": 12162, ""edge_count"": 34, ""end_node_index"": 239, ""start_node_index"": 205}, {""anchor_vertex"": 22242, ""edge_count"": 32, ""end_node_index"": 238, ""start_node_index"": 206}, {""anchor_vertex"": 16563, ""edge_count"": 18, ""end_node_index"": 230, ""start_node_index"": 212}, {""anchor_vertex"": 14053, ""edge_count"": 16, ""end_node_index"": 229, ""start_node_index"": 213}, {""anchor_vertex"": 16540, ""edge_count"": 10, ""end_node_index"": 226, ""start_node_index"": 216}, {""anchor_vertex"": 17844, ""edge_count"": 8, ""end_node_index"": 225, ""start_node_index"": 217}, {""anchor_vertex"": 19932, ""edge_count"": 6, ""end_node_index"": 224, ""start_node_index"": 218}, {""anchor_vertex"": 16571, ""edge_count"": 2, ""end_node_index"": 221, ""start_node_index"": 219}]",REPEATED_DIRECTED_EDGE
analyzed,holdout_anchor_south_north_28_quality_conflict,holdout,tmp_scalar_via_recovered_non_elementary_walks.json,/candidates[62],"S,S",16575,3419752bf3f6d7f72da5b236a1549fadc5c2418901632193e689d10d10287c89,420,419,52017.0,515.4999963715672,10428373.0,691135.0,200.48009304650404,13.286713958898053,157,True,"{""elevation_high"": 0.0, ""elevation_low"": 0.0, ""length_high"": 0.0, ""length_low"": 0.0, ""popularity_low"": 0.0, ""width_high"": 0.0}","{""directed_edges_ok"": true, ""metric_deltas"": [0.0, 0.0, 0.0, 0.0], ""missing_edges"": 0, ""passed"": true, ""road_changes_delta"": 0}",17,2,17,3,13,"{""736"": 2, ""4939"": 2, ""8368"": 2, ""12162"": 2, ""13458"": 2, ""14053"": 2, ""16540"": 2, ""16563"": 2, ""16571"": 2, ""16572"": 2, ""16926"": 2, ""17844"": 2, ""18032"": 2, ""19070"": 2, ""19932"": 2, ""22073"": 2, ""22242"": 2}",False,736,,,,,,,,False,"[{""anchor_vertex"": 8368, ""edge_count"": 56, ""end_node_index"": 251, ""start_node_index"": 195}, {""anchor_vertex"": 4939, ""edge_count"": 56, ""end_node_index"": 252, ""start_node_index"": 196}, {""anchor_vertex"": 13458, ""edge_count"": 56, ""end_node_index"": 253, ""start_node_index"": 197}, {""anchor_vertex"": 736, ""edge_count"": 56, ""end_node_index"": 254, ""start_node_index"": 198}, {""anchor_vertex"": 22073, ""edge_count"": 44, ""end_node_index"": 246, ""start_node_index"": 202}, {""anchor_vertex"": 18032, ""edge_count"": 42, ""end_node_index"": 245, ""start_node_index"": 203}, {""anchor_vertex"": 16926, ""edge_count"": 40, ""end_node_index"": 244, ""start_node_index"": 204}, {""anchor_vertex"": 12162, ""edge_count"": 38, ""end_node_index"": 243, ""start_node_index"": 205}, {""anchor_vertex"": 22242, ""edge_count"": 36, ""end_node_index"": 242, ""start_node_index"": 206}, {""anchor_vertex"": 16563, ""edge_count"": 22, ""end_node_index"": 234, ""start_node_index"": 212}, {""anchor_vertex"": 14053, ""edge_count"": 20, ""end_node_index"": 233, ""start_node_index"": 213}, {""anchor_vertex"": 16540, ""edge_count"": 14, ""end_node_index"": 230, ""start_node_index"": 216}, {""anchor_vertex"": 17844, ""edge_count"": 12, ""end_node_index"": 229, ""start_node_index"": 217}, {""anchor_vertex"": 19932, ""edge_count"": 10, ""end_node_index"": 228, ""start_node_index"": 218}, {""anchor_vertex"": 16571, ""edge_count"": 6, ""end_node_index"": 225, ""start_node_index"": 219}, {""anchor_vertex"": 16572, ""edge_count"": 4, ""end_node_index"": 224, ""start_node_index"": 220}, {""anchor_vertex"": 19070, ""edge_count"": 2, ""end_node_index"": 223, ""start_node_index"": 221}]",REPEATED_DIRECTED_EDGE
analyzed,holdout_anchor_south_north_28_quality_conflict,holdout,tmp_scalar_via_recovered_non_elementary_walks.json,/candidates[63],"S,S",16926,4b7318bc94ecc865d6767141a85e3e14f6d28a11b63968ba19dea9953573adc9,380,379,48457.0,504.4999964013696,9704676.0,636055.0,200.2739748643127,13.126173721031018,141,True,"{""elevation_high"": 0.0, ""elevation_low"": 0.0, ""length_high"": 0.0, ""length_low"": 0.0, ""popularity_low"": 0.0, ""width_high"": 0.0}","{""directed_edges_ok"": true, ""metric_deltas"": [0.0, 0.0, 0.0, 0.0], ""missing_edges"": 0, ""passed"": true, ""road_changes_delta"": 0}",6,2,6,3,5,"{""736"": 2, ""4939"": 2, ""8368"": 2, ""13458"": 2, ""18032"": 2, ""22073"": 2}",False,736,,,,,,,,False,"[{""anchor_vertex"": 8368, ""edge_count"": 16, ""end_node_index"": 211, ""start_node_index"": 195}, {""anchor_vertex"": 4939, ""edge_count"": 16, ""end_node_index"": 212, ""start_node_index"": 196}, {""anchor_vertex"": 13458, ""edge_count"": 16, ""end_node_index"": 213, ""start_node_index"": 197}, {""anchor_vertex"": 736, ""edge_count"": 16, ""end_node_index"": 214, ""start_node_index"": 198}, {""anchor_vertex"": 22073, ""edge_count"": 4, ""end_node_index"": 206, ""start_node_index"": 202}, {""anchor_vertex"": 18032, ""edge_count"": 2, ""end_node_index"": 205, ""start_node_index"": 203}]",REPEATED_DIRECTED_EDGE
analyzed,holdout_anchor_south_north_28_quality_conflict,holdout,tmp_scalar_via_recovered_non_elementary_walks.json,/candidates[64],"S,S",17844,326a2f4e9e441ad2d9fed2a79c38800928a1cd576061f5cfaa435d822a645aa5,408,407,51116.0,512.39999640733,10362312.0,680610.0,202.72149620471086,13.315008999139213,151,True,"{""elevation_high"": 0.0, ""elevation_low"": 0.0, ""length_high"": 0.0, ""length_low"": 0.0, ""popularity_low"": 0.0, ""width_high"": 0.0}","{""directed_edges_ok"": true, ""metric_deltas"": [0.0, 0.0, 0.0, 0.0], ""missing_edges"": 0, ""passed"": true, ""road_changes_delta"": 0}",12,2,12,3,9,"{""736"": 2, ""4939"": 2, ""8368"": 2, ""12162"": 2, ""13458"": 2, ""14053"": 2, ""16540"": 2, ""16563"": 2, ""16926"": 2, ""18032"": 2, ""22073"": 2, ""22242"": 2}",False,736,,,,,,,,False,"[{""anchor_vertex"": 8368, ""edge_count"": 44, ""end_node_index"": 239, ""start_node_index"": 195}, {""anchor_vertex"": 4939, ""edge_count"": 44, ""end_node_index"": 240, ""start_node_index"": 196}, {""anchor_vertex"": 13458, ""edge_count"": 44, ""end_node_index"": 241, ""start_node_index"": 197}, {""anchor_vertex"": 736, ""edge_count"": 44, ""end_node_index"": 242, ""start_node_index"": 198}, {""anchor_vertex"": 22073, ""edge_count"": 32, ""end_node_index"": 234, ""start_node_index"": 202}, {""anchor_vertex"": 18032, ""edge_count"": 30, ""end_node_index"": 233, ""start_node_index"": 203}, {""anchor_vertex"": 16926, ""edge_count"": 28, ""end_node_index"": 232, ""start_node_index"": 204}, {""anchor_vertex"": 12162, ""edge_count"": 26, ""end_node_index"": 231, ""start_node_index"": 205}, {""anchor_vertex"": 22242, ""edge_count"": 24, ""end_node_index"": 230, ""start_node_index"": 206}, {""anchor_vertex"": 16563, ""edge_count"": 10, ""end_node_index"": 222, ""start_node_index"": 212}, {""anchor_vertex"": 14053, ""edge_count"": 8, ""end_node_index"": 221, ""start_node_index"": 213}, {""anchor_vertex"": 16540, ""edge_count"": 2, ""end_node_index"": 218, ""start_node_index"": 216}]",REPEATED_DIRECTED_EDGE
analyzed,holdout_anchor_south_north_28_quality_conflict,holdout,tmp_scalar_via_recovered_non_elementary_walks.json,/candidates[65],"S,S",19069,196c3f1bac0997cd7140de68242916d727d393734163b8c1d2246049d88e10c7,420,419,51991.0,514.7999964430928,10424909.0,690875.0,200.51372352907234,13.288357600353907,159,True,"{""elevation_high"": 0.0, ""elevation_low"": 0.0, ""length_high"": 0.0, ""length_low"": 0.0, ""popularity_low"": 0.0, ""width_high"": 0.0}","{""directed_edges_ok"": true, ""metric_deltas"": [0.0, 0.0, 0.0, 0.0], ""missing_edges"": 0, ""passed"": true, ""road_changes_delta"": 0}",17,2,17,3,13,"{""736"": 2, ""4939"": 2, ""8368"": 2, ""12162"": 2, ""13458"": 2, ""14053"": 2, ""16540"": 2, ""16563"": 2, ""16571"": 2, ""16572"": 2, ""16926"": 2, ""17844"": 2, ""18032"": 2, ""19070"": 2, ""19932"": 2, ""22073"": 2, ""22242"": 2}",False,736,,,,,,,,False,"[{""anchor_vertex"": 8368, ""edge_count"": 56, ""end_node_index"": 251, ""start_node_index"": 195}, {""anchor_vertex"": 4939, ""edge_count"": 56, ""end_node_index"": 252, ""start_node_index"": 196}, {""anchor_vertex"": 13458, ""edge_count"": 56, ""end_node_index"": 253, ""start_node_index"": 197}, {""anchor_vertex"": 736, ""edge_count"": 56, ""end_node_index"": 254, ""start_node_index"": 198}, {""anchor_vertex"": 22073, ""edge_count"": 44, ""end_node_index"": 246, ""start_node_index"": 202}, {""anchor_vertex"": 18032, ""edge_count"": 42, ""end_node_index"": 245, ""start_node_index"": 203}, {""anchor_vertex"": 16926, ""edge_count"": 40, ""end_node_index"": 244, ""start_node_index"": 204}, {""anchor_vertex"": 12162, ""edge_count"": 38, ""end_node_index"": 243, ""start_node_index"": 205}, {""anchor_vertex"": 22242, ""edge_count"": 36, ""end_node_index"": 242, ""start_node_index"": 206}, {""anchor_vertex"": 16563, ""edge_count"": 22, ""end_node_index"": 234, ""start_node_index"": 212}, {""anchor_vertex"": 14053, ""edge_count"": 20, ""end_node_index"": 233, ""start_node_index"": 213}, {""anchor_vertex"": 16540, ""edge_count"": 14, ""end_node_index"": 230, ""start_node_index"": 216}, {""anchor_vertex"": 17844, ""edge_count"": 12, ""end_node_index"": 229, ""start_node_index"": 217}, {""anchor_vertex"": 19932, ""edge_count"": 10, ""end_node_index"": 228, ""start_node_index"": 218}, {""anchor_vertex"": 16571, ""edge_count"": 6, ""end_node_index"": 225, ""start_node_index"": 219}, {""anchor_vertex"": 16572, ""edge_count"": 4, ""end_node_index"": 224, ""start_node_index"": 220}, {""anchor_vertex"": 19070, ""edge_count"": 2, ""end_node_index"": 223, ""start_node_index"": 221}]",REPEATED_DIRECTED_EDGE
analyzed,holdout_anchor_south_north_28_quality_conflict,holdout,tmp_scalar_via_recovered_non_elementary_walks.json,/candidates[66],"S,S",19070,c6aecf890c6bb0510da6201571521c87aaf12eef196200c8edd86c582e1b0d32,418,417,51857.0,514.199996419251,10424373.0,689535.0,201.02152072044277,13.29685481227221,157,True,"{""elevation_high"": 0.0, ""elevation_low"": 0.0, ""length_high"": 0.0, ""length_low"": 0.0, ""popularity_low"": 0.0, ""width_high"": 0.0}","{""directed_edges_ok"": true, ""metric_deltas"": [0.0, 0.0, 0.0, 0.0], ""missing_edges"": 0, ""passed"": true, ""road_changes_delta"": 0}",16,2,16,3,12,"{""736"": 2, ""4939"": 2, ""8368"": 2, ""12162"": 2, ""13458"": 2, ""14053"": 2, ""16540"": 2, ""16563"": 2, ""16571"": 2, ""16572"": 2, ""16926"": 2, ""17844"": 2, ""18032"": 2, ""19932"": 2, ""22073"": 2, ""22242"": 2}",False,736,,,,,,,,False,"[{""anchor_vertex"": 8368, ""edge_count"": 54, ""end_node_index"": 249, ""start_node_index"": 195}, {""anchor_vertex"": 4939, ""edge_count"": 54, ""end_node_index"": 250, ""start_node_index"": 196}, {""anchor_vertex"": 13458, ""edge_count"": 54, ""end_node_index"": 251, ""start_node_index"": 197}, {""anchor_vertex"": 736, ""edge_count"": 54, ""end_node_index"": 252, ""start_node_index"": 198}, {""anchor_vertex"": 22073, ""edge_count"": 42, ""end_node_index"": 244, ""start_node_index"": 202}, {""anchor_vertex"": 18032, ""edge_count"": 40, ""end_node_index"": 243, ""start_node_index"": 203}, {""anchor_vertex"": 16926, ""edge_count"": 38, ""end_node_index"": 242, ""start_node_index"": 204}, {""anchor_vertex"": 12162, ""edge_count"": 36, ""end_node_index"": 241, ""start_node_index"": 205}, {""anchor_vertex"": 22242, ""edge_count"": 34, ""end_node_index"": 240, ""start_node_index"": 206}, {""anchor_vertex"": 16563, ""edge_count"": 20, ""end_node_index"": 232, ""start_node_index"": 212}, {""anchor_vertex"": 14053, ""edge_count"": 18, ""end_node_index"": 231, ""start_node_index"": 213}, {""anchor_vertex"": 16540, ""edge_count"": 12, ""end_node_index"": 228, ""start_node_index"": 216}, {""anchor_vertex"": 17844, ""edge_count"": 10, ""end_node_index"": 227, ""start_node_index"": 217}, {""anchor_vertex"": 19932, ""edge_count"": 8, ""end_node_index"": 226, ""start_node_index"": 218}, {""anchor_vertex"": 16571, ""edge_count"": 4, ""end_node_index"": 223, ""start_node_index"": 219}, {""anchor_vertex"": 16572, ""edge_count"": 2, ""end_node_index"": 222, ""start_node_index"": 220}]",REPEATED_DIRECTED_EDGE
analyzed,holdout_anchor_south_north_28_quality_conflict,holdout,tmp_scalar_via_recovered_non_elementary_walks.json,/candidates[67],"S,S",19932,8022871e4878c1de110af3db9f271749cddd00b04e482681324758b74d0b9474,410,409,51344.0,512.699996419251,10397880.0,684030.0,202.51402306014336,13.322491430352134,151,True,"{""elevation_high"": 0.0, ""elevation_low"": 0.0, ""length_high"": 0.0, ""length_low"": 0.0, ""popularity_low"": 0.0, ""width_high"": 0.0}","{""directed_edges_ok"": true, ""metric_deltas"": [0.0, 0.0, 0.0, 0.0], ""missing_edges"": 0, ""passed"": true, ""road_changes_delta"": 0}",13,2,13,3,10,"{""736"": 2, ""4939"": 2, ""8368"": 2, ""12162"": 2, ""13458"": 2, ""14053"": 2, ""16540"": 2, ""16563"": 2, ""16926"": 2, ""17844"": 2, ""18032"": 2, ""22073"": 2, ""22242"": 2}",False,736,,,,,,,,False,"[{""anchor_vertex"": 8368, ""edge_count"": 46, ""end_node_index"": 241, ""start_node_index"": 195}, {""anchor_vertex"": 4939, ""edge_count"": 46, ""end_node_index"": 242, ""start_node_index"": 196}, {""anchor_vertex"": 13458, ""edge_count"": 46, ""end_node_index"": 243, ""start_node_index"": 197}, {""anchor_vertex"": 736, ""edge_count"": 46, ""end_node_index"": 244, ""start_node_index"": 198}, {""anchor_vertex"": 22073, ""edge_count"": 34, ""end_node_index"": 236, ""start_node_index"": 202}, {""anchor_vertex"": 18032, ""edge_count"": 32, ""end_node_index"": 235, ""start_node_index"": 203}, {""anchor_vertex"": 16926, ""edge_count"": 30, ""end_node_index"": 234, ""start_node_index"": 204}, {""anchor_vertex"": 12162, ""edge_count"": 28, ""end_node_index"": 233, ""start_node_index"": 205}, {""anchor_vertex"": 22242, ""edge_count"": 26, ""end_node_index"": 232, ""start_node_index"": 206}, {""anchor_vertex"": 16563, ""edge_count"": 12, ""end_node_index"": 224, ""start_node_index"": 212}, {""anchor_vertex"": 14053, ""edge_count"": 10, ""end_node_index"": 223, ""start_node_index"": 213}, {""anchor_vertex"": 16540, ""edge_count"": 4, ""end_node_index"": 220, ""start_node_index"": 216}, {""anchor_vertex"": 17844, ""edge_count"": 2, ""end_node_index"": 219, ""start_node_index"": 217}]",REPEATED_DIRECTED_EDGE
analyzed,holdout_anchor_south_north_28_quality_conflict,holdout,tmp_scalar_via_recovered_non_elementary_walks.json,/candidates[68],"S,S",20385,cbdf2691435c78398f09d2dbee387d30a45f37055d2b0f6afaeb436763256911,420,419,51691.0,514.2999964207411,10415051.0,687875.0,201.48673850380143,13.307442301367743,157,True,"{""elevation_high"": 0.0, ""elevation_low"": 0.0, ""length_high"": 0.0, ""length_low"": 0.0, ""popularity_low"": 0.0, ""width_high"": 0.0}","{""directed_edges_ok"": true, ""metric_deltas"": [0.0, 0.0, 0.0, 0.0], ""missing_edges"": 0, ""passed"": true, ""road_changes_delta"": 0}",16,2,16,3,11,"{""736"": 2, ""4939"": 2, ""8368"": 2, ""12162"": 2, ""13458"": 2, ""14053"": 2, ""16540"": 2, ""16563"": 2, ""16569"": 2, ""16926"": 2, ""17844"": 2, ""18032"": 2, ""19932"": 2, ""21250"": 2, ""22073"": 2, ""22242"": 2}",False,736,,,,,,,,False,"[{""anchor_vertex"": 8368, ""edge_count"": 56, ""end_node_index"": 251, ""start_node_index"": 195}, {""anchor_vertex"": 4939, ""edge_count"": 56, ""end_node_index"": 252, ""start_node_index"": 196}, {""anchor_vertex"": 13458, ""edge_count"": 56, ""end_node_index"": 253, ""start_node_index"": 197}, {""anchor_vertex"": 736, ""edge_count"": 56, ""end_node_index"": 254, ""start_node_index"": 198}, {""anchor_vertex"": 22073, ""edge_count"": 44, ""end_node_index"": 246, ""start_node_index"": 202}, {""anchor_vertex"": 18032, ""edge_count"": 42, ""end_node_index"": 245, ""start_node_index"": 203}, {""anchor_vertex"": 16926, ""edge_count"": 40, ""end_node_index"": 244, ""start_node_index"": 204}, {""anchor_vertex"": 12162, ""edge_count"": 38, ""end_node_index"": 243, ""start_node_index"": 205}, {""anchor_vertex"": 22242, ""edge_count"": 36, ""end_node_index"": 242, ""start_node_index"": 206}, {""anchor_vertex"": 16563, ""edge_count"": 22, ""end_node_index"": 234, ""start_node_index"": 212}, {""anchor_vertex"": 14053, ""edge_count"": 20, ""end_node_index"": 233, ""start_node_index"": 213}, {""anchor_vertex"": 16540, ""edge_count"": 14, ""end_node_index"": 230, ""start_node_index"": 216}, {""anchor_vertex"": 17844, ""edge_count"": 12, ""end_node_index"": 229, ""start_node_index"": 217}, {""anchor_vertex"": 19932, ""edge_count"": 10, ""end_node_index"": 228, ""start_node_index"": 218}, {""anchor_vertex"": 16569, ""edge_count"": 6, ""end_node_index"": 227, ""start_node_index"": 221}, {""anchor_vertex"": 21250, ""edge_count"": 4, ""end_node_index"": 226, ""start_node_index"": 222}]",REPEATED_DIRECTED_EDGE
analyzed,holdout_anchor_south_north_28_quality_conflict,holdout,tmp_scalar_via_recovered_non_elementary_walks.json,/candidates[69],"S,S",20588,09a0e294c9340adc57fad1c7606c657855dfe825abf009b8383584cdedf9e9c5,420,419,51681.0,514.1999964267015,10414791.0,687775.0,201.520694259012,13.308082273949807,157,True,"{""elevation_high"": 0.0, ""elevation_low"": 0.0, ""length_high"": 0.0, ""length_low"": 0.0, ""popularity_low"": 0.0, ""width_high"": 0.0}","{""directed_edges_ok"": true, ""metric_deltas"": [0.0, 0.0, 0.0, 0.0], ""missing_edges"": 0, ""passed"": true, ""road_changes_delta"": 0}",17,2,17,3,13,"{""736"": 2, ""4939"": 2, ""8368"": 2, ""12162"": 2, ""13458"": 2, ""14053"": 2, ""16540"": 2, ""16563"": 2, ""16567"": 2, ""16569"": 2, ""16926"": 2, ""17844"": 2, ""18032"": 2, ""19932"": 2, ""21250"": 2, ""22073"": 2, ""22242"": 2}",False,736,,,,,,,,False,"[{""anchor_vertex"": 8368, ""edge_count"": 56, ""end_node_index"": 251, ""start_node_index"": 195}, {""anchor_vertex"": 4939, ""edge_count"": 56, ""end_node_index"": 252, ""start_node_index"": 196}, {""anchor_vertex"": 13458, ""edge_count"": 56, ""end_node_index"": 253, ""start_node_index"": 197}, {""anchor_vertex"": 736, ""edge_count"": 56, ""end_node_index"": 254, ""start_node_index"": 198}, {""anchor_vertex"": 22073, ""edge_count"": 44, ""end_node_index"": 246, ""start_node_index"": 202}, {""anchor_vertex"": 18032, ""edge_count"": 42, ""end_node_index"": 245, ""start_node_index"": 203}, {""anchor_vertex"": 16926, ""edge_count"": 40, ""end_node_index"": 244, ""start_node_index"": 204}, {""anchor_vertex"": 12162, ""edge_count"": 38, ""end_node_index"": 243, ""start_node_index"": 205}, {""anchor_vertex"": 22242, ""edge_count"": 36, ""end_node_index"": 242, ""start_node_index"": 206}, {""anchor_vertex"": 16563, ""edge_count"": 22, ""end_node_index"": 234, ""start_node_index"": 212}, {""anchor_vertex"": 14053, ""edge_count"": 20, ""end_node_index"": 233, ""start_node_index"": 213}, {""anchor_vertex"": 16540, ""edge_count"": 14, ""end_node_index"": 230, ""start_node_index"": 216}, {""anchor_vertex"": 17844, ""edge_count"": 12, ""end_node_index"": 229, ""start_node_index"": 217}, {""anchor_vertex"": 19932, ""edge_count"": 10, ""end_node_index"": 228, ""start_node_index"": 218}, {""anchor_vertex"": 16569, ""edge_count"": 6, ""end_node_index"": 227, ""start_node_index"": 221}, {""anchor_vertex"": 21250, ""edge_count"": 4, ""end_node_index"": 226, ""start_node_index"": 222}, {""anchor_vertex"": 16567, ""edge_count"": 2, ""end_node_index"": 225, ""start_node_index"": 223}]",REPEATED_DIRECTED_EDGE
analyzed,holdout_anchor_south_north_28_quality_conflict,holdout,tmp_scalar_via_recovered_non_elementary_walks.json,/candidates[70],"S,S",21250,f5cb689b2cf9f6cc7ccaf7c8d1e08bb1f8eeb906c1d319353728421648c36917,416,415,51625.0,513.699996419251,10414495.0,687215.0,201.7335593220339,13.311670702179176,155,True,"{""elevation_high"": 0.0, ""elevation_low"": 0.0, ""length_high"": 0.0, ""length_low"": 0.0, ""popularity_low"": 0.0, ""width_high"": 0.0}","{""directed_edges_ok"": true, ""metric_deltas"": [0.0, 0.0, 0.0, 0.0], ""missing_edges"": 0, ""passed"": true, ""road_changes_delta"": 0}",15,2,15,3,11,"{""736"": 2, ""4939"": 2, ""8368"": 2, ""12162"": 2, ""13458"": 2, ""14053"": 2, ""16540"": 2, ""16563"": 2, ""16569"": 2, ""16926"": 2, ""17844"": 2, ""18032"": 2, ""19932"": 2, ""22073"": 2, ""22242"": 2}",False,736,,,,,,,,False,"[{""anchor_vertex"": 8368, ""edge_count"": 52, ""end_node_index"": 247, ""start_node_index"": 195}, {""anchor_vertex"": 4939, ""edge_count"": 52, ""end_node_index"": 248, ""start_node_index"": 196}, {""anchor_vertex"": 13458, ""edge_count"": 52, ""end_node_index"": 249, ""start_node_index"": 197}, {""anchor_vertex"": 736, ""edge_count"": 52, ""end_node_index"": 250, ""start_node_index"": 198}, {""anchor_vertex"": 22073, ""edge_count"": 40, ""end_node_index"": 242, ""start_node_index"": 202}, {""anchor_vertex"": 18032, ""edge_count"": 38, ""end_node_index"": 241, ""start_node_index"": 203}, {""anchor_vertex"": 16926, ""edge_count"": 36, ""end_node_index"": 240, ""start_node_index"": 204}, {""anchor_vertex"": 12162, ""edge_count"": 34, ""end_node_index"": 239, ""start_node_index"": 205}, {""anchor_vertex"": 22242, ""edge_count"": 32, ""end_node_index"": 238, ""start_node_index"": 206}, {""anchor_vertex"": 16563, ""edge_count"": 18, ""end_node_index"": 230, ""start_node_index"": 212}, {""anchor_vertex"": 14053, ""edge_count"": 16, ""end_node_index"": 229, ""start_node_index"": 213}, {""anchor_vertex"": 16540, ""edge_count"": 10, ""end_node_index"": 226, ""start_node_index"": 216}, {""anchor_vertex"": 17844, ""edge_count"": 8, ""end_node_index"": 225, ""start_node_index"": 217}, {""anchor_vertex"": 19932, ""edge_count"": 6, ""end_node_index"": 224, ""start_node_index"": 218}, {""anchor_vertex"": 16569, ""edge_count"": 2, ""end_node_index"": 223, ""start_node_index"": 221}]",REPEATED_DIRECTED_EDGE
analyzed,holdout_anchor_south_north_28_quality_conflict,holdout,tmp_scalar_via_recovered_non_elementary_walks.json,/candidates[71],"S,S",21251,8a39f126bfd15d3819123d73bd2f33847fdb751bebc6ebebf1a8ec4f31ffaec7,420,419,51653.0,513.7999964207411,10414775.0,687495.0,201.6296246103808,13.309875515458927,155,True,"{""elevation_high"": 0.0, ""elevation_low"": 0.0, ""length_high"": 0.0, ""length_low"": 0.0, ""popularity_low"": 0.0, ""width_high"": 0.0}","{""directed_edges_ok"": true, ""metric_deltas"": [0.0, 0.0, 0.0, 0.0], ""missing_edges"": 0, ""passed"": true, ""road_changes_delta"": 0}",17,2,17,3,13,"{""736"": 2, ""4939"": 2, ""8368"": 2, ""12162"": 2, ""13458"": 2, ""14053"": 2, ""16540"": 2, ""16563"": 2, ""16567"": 2, ""16569"": 2, ""16926"": 2, ""17844"": 2, ""18032"": 2, ""19932"": 2, ""21250"": 2, ""22073"": 2, ""22242"": 2}",False,736,,,,,,,,False,"[{""anchor_vertex"": 8368, ""edge_count"": 56, ""end_node_index"": 251, ""start_node_index"": 195}, {""anchor_vertex"": 4939, ""edge_count"": 56, ""end_node_index"": 252, ""start_node_index"": 196}, {""anchor_vertex"": 13458, ""edge_count"": 56, ""end_node_index"": 253, ""start_node_index"": 197}, {""anchor_vertex"": 736, ""edge_count"": 56, ""end_node_index"": 254, ""start_node_index"": 198}, {""anchor_vertex"": 22073, ""edge_count"": 44, ""end_node_index"": 246, ""start_node_index"": 202}, {""anchor_vertex"": 18032, ""edge_count"": 42, ""end_node_index"": 245, ""start_node_index"": 203}, {""anchor_vertex"": 16926, ""edge_count"": 40, ""end_node_index"": 244, ""start_node_index"": 204}, {""anchor_vertex"": 12162, ""edge_count"": 38, ""end_node_index"": 243, ""start_node_index"": 205}, {""anchor_vertex"": 22242, ""edge_count"": 36, ""end_node_index"": 242, ""start_node_index"": 206}, {""anchor_vertex"": 16563, ""edge_count"": 22, ""end_node_index"": 234, ""start_node_index"": 212}, {""anchor_vertex"": 14053, ""edge_count"": 20, ""end_node_index"": 233, ""start_node_index"": 213}, {""anchor_vertex"": 16540, ""edge_count"": 14, ""end_node_index"": 230, ""start_node_index"": 216}, {""anchor_vertex"": 17844, ""edge_count"": 12, ""end_node_index"": 229, ""start_node_index"": 217}, {""anchor_vertex"": 19932, ""edge_count"": 10, ""end_node_index"": 228, ""start_node_index"": 218}, {""anchor_vertex"": 16569, ""edge_count"": 6, ""end_node_index"": 227, ""start_node_index"": 221}, {""anchor_vertex"": 21250, ""edge_count"": 4, ""end_node_index"": 226, ""start_node_index"": 222}, {""anchor_vertex"": 16567, ""edge_count"": 2, ""end_node_index"": 225, ""start_node_index"": 223}]",REPEATED_DIRECTED_EDGE
analyzed,holdout_anchor_south_north_28_quality_conflict,holdout,tmp_scalar_via_recovered_non_elementary_walks.json,/candidates[72],"S,S",21382,082d2fdaac04a3f6e3c7da133748f553e931734ae2eb3339e12c32a19825aa0d,407,406,51466.0,515.5999964401126,10403354.0,683120.0,202.14032565188668,13.273228927835852,151,True,"{""elevation_high"": 0.0, ""elevation_low"": 0.0, ""length_high"": 0.0, ""length_low"": 0.0, ""popularity_low"": 0.0, ""width_high"": 0.0}","{""directed_edges_ok"": true, ""metric_deltas"": [0.0, 0.0, 0.0, 0.0], ""missing_edges"": 0, ""passed"": true, ""road_changes_delta"": 0}",12,2,12,3,9,"{""736"": 2, ""4939"": 2, ""5516"": 2, ""8368"": 2, ""12162"": 2, ""13458"": 2, ""14053"": 2, ""16563"": 2, ""16926"": 2, ""18032"": 2, ""22073"": 2, ""22242"": 2}",False,736,,,,,,,,False,"[{""anchor_vertex"": 8368, ""edge_count"": 43, ""end_node_index"": 238, ""start_node_index"": 195}, {""anchor_vertex"": 4939, ""edge_count"": 43, ""end_node_index"": 239, ""start_node_index"": 196}, {""anchor_vertex"": 13458, ""edge_count"": 43, ""end_node_index"": 240, ""start_node_index"": 197}, {""anchor_vertex"": 736, ""edge_count"": 43, ""end_node_index"": 241, ""start_node_index"": 198}, {""anchor_vertex"": 22073, ""edge_count"": 31, ""end_node_index"": 233, ""start_node_index"": 202}, {""anchor_vertex"": 18032, ""edge_count"": 29, ""end_node_index"": 232, ""start_node_index"": 203}, {""anchor_vertex"": 16926, ""edge_count"": 27, ""end_node_index"": 231, ""start_node_index"": 204}, {""anchor_vertex"": 12162, ""edge_count"": 25, ""end_node_index"": 230, ""start_node_index"": 205}, {""anchor_vertex"": 22242, ""edge_count"": 23, ""end_node_index"": 229, ""start_node_index"": 206}, {""anchor_vertex"": 16563, ""edge_count"": 9, ""end_node_index"": 221, ""start_node_index"": 212}, {""anchor_vertex"": 14053, ""edge_count"": 7, ""end_node_index"": 220, ""start_node_index"": 213}, {""anchor_vertex"": 5516, ""edge_count"": 2, ""end_node_index"": 216, ""start_node_index"": 214}]",REPEATED_DIRECTED_EDGE
analyzed,holdout_anchor_south_north_28_quality_conflict,holdout,tmp_scalar_via_recovered_non_elementary_walks.json,/candidates[73],"S,S",21529,3c2259e83eca96af7eba03df713b748bd02a60c4d3df25da0c87a633972ffe8c,407,406,51032.0,512.799996368587,10345646.0,679350.0,202.72860166170247,13.312235460103464,151,True,"{""elevation_high"": 0.0, ""elevation_low"": 0.0, ""length_high"": 0.0, ""length_low"": 0.0, ""popularity_low"": 0.0, ""width_high"": 0.0}","{""directed_edges_ok"": true, ""metric_deltas"": [0.0, 0.0, 0.0, 0.0], ""missing_edges"": 0, ""passed"": true, ""road_changes_delta"": 0}",12,2,12,3,9,"{""736"": 2, ""4939"": 2, ""8368"": 2, ""12162"": 2, ""13458"": 2, ""14053"": 2, ""14054"": 2, ""16563"": 2, ""16926"": 2, ""18032"": 2, ""22073"": 2, ""22242"": 2}",False,736,,,,,,,,False,"[{""anchor_vertex"": 8368, ""edge_count"": 43, ""end_node_index"": 238, ""start_node_index"": 195}, {""anchor_vertex"": 4939, ""edge_count"": 43, ""end_node_index"": 239, ""start_node_index"": 196}, {""anchor_vertex"": 13458, ""edge_count"": 43, ""end_node_index"": 240, ""start_node_index"": 197}, {""anchor_vertex"": 736, ""edge_count"": 43, ""end_node_index"": 241, ""start_node_index"": 198}, {""anchor_vertex"": 22073, ""edge_count"": 31, ""end_node_index"": 233, ""start_node_index"": 202}, {""anchor_vertex"": 18032, ""edge_count"": 29, ""end_node_index"": 232, ""start_node_index"": 203}, {""anchor_vertex"": 16926, ""edge_count"": 27, ""end_node_index"": 231, ""start_node_index"": 204}, {""anchor_vertex"": 12162, ""edge_count"": 25, ""end_node_index"": 230, ""start_node_index"": 205}, {""anchor_vertex"": 22242, ""edge_count"": 23, ""end_node_index"": 229, ""start_node_index"": 206}, {""anchor_vertex"": 16563, ""edge_count"": 9, ""end_node_index"": 221, ""start_node_index"": 212}, {""anchor_vertex"": 14053, ""edge_count"": 7, ""end_node_index"": 220, ""start_node_index"": 213}, {""anchor_vertex"": 14054, ""edge_count"": 2, ""end_node_index"": 219, ""start_node_index"": 217}]",REPEATED_DIRECTED_EDGE
analyzed,holdout_anchor_south_north_28_quality_conflict,holdout,tmp_scalar_via_recovered_non_elementary_walks.json,/candidates[74],"S,S",22242,103ea83ce229bbbb052328538b891fd6d026025161d2c40cd6bd7a91f0063a7d,384,383,48913.0,505.6999964490533,9820956.0,640615.0,200.78416780814916,13.097029419581705,141,True,"{""elevation_high"": 0.0, ""elevation_low"": 0.0, ""length_high"": 0.0, ""length_low"": 0.0, ""popularity_low"": 0.0, ""width_high"": 0.0}","{""directed_edges_ok"": true, ""metric_deltas"": [0.0, 0.0, 0.0, 0.0], ""missing_edges"": 0, ""passed"": true, ""road_changes_delta"": 0}",8,2,8,3,7,"{""736"": 2, ""4939"": 2, ""8368"": 2, ""12162"": 2, ""13458"": 2, ""16926"": 2, ""18032"": 2, ""22073"": 2}",False,736,,,,,,,,False,"[{""anchor_vertex"": 8368, ""edge_count"": 20, ""end_node_index"": 215, ""start_node_index"": 195}, {""anchor_vertex"": 4939, ""edge_count"": 20, ""end_node_index"": 216, ""start_node_index"": 196}, {""anchor_vertex"": 13458, ""edge_count"": 20, ""end_node_index"": 217, ""start_node_index"": 197}, {""anchor_vertex"": 736, ""edge_count"": 20, ""end_node_index"": 218, ""start_node_index"": 198}, {""anchor_vertex"": 22073, ""edge_count"": 8, ""end_node_index"": 210, ""start_node_index"": 202}, {""anchor_vertex"": 18032, ""edge_count"": 6, ""end_node_index"": 209, ""start_node_index"": 203}, {""anchor_vertex"": 16926, ""edge_count"": 4, ""end_node_index"": 208, ""start_node_index"": 204}, {""anchor_vertex"": 12162, ""edge_count"": 2, ""end_node_index"": 207, ""start_node_index"": 205}]",REPEATED_DIRECTED_EDGE
analyzed,paris_bures_02_multi_tight,development,tmp_scalar_via_recovered_non_elementary_walks.json,/candidates[75],"P,P",1489,9df037671105c0a856268385d3d7f614857e08b799af588939f02bf9c2db924d,368,367,40881.0,632.3000023141503,9091628.0,613105.0,222.39250507570753,14.997309263472028,110,True,"{""elevation_high"": 0.0, ""elevation_low"": 0.0, ""length_high"": 0.0, ""length_low"": 0.0, ""popularity_low"": 0.0, ""width_high"": 0.0}","{""directed_edges_ok"": true, ""metric_deltas"": [0.0, 0.0, 0.0, 0.0], ""missing_edges"": 0, ""passed"": true, ""road_changes_delta"": 0}",11,2,11,0,9,"{""842"": 2, ""843"": 2, ""844"": 2, ""849"": 2, ""1478"": 2, ""1488"": 2, ""1505"": 2, ""1506"": 2, ""1531"": 2, ""14635"": 2, ""20203"": 2}",False,842,,,,,,,,False,"[{""anchor_vertex"": 842, ""edge_count"": 36, ""end_node_index"": 233, ""start_node_index"": 197}, {""anchor_vertex"": 849, ""edge_count"": 34, ""end_node_index"": 232, ""start_node_index"": 198}, {""anchor_vertex"": 1506, ""edge_count"": 32, ""end_node_index"": 231, ""start_node_index"": 199}, {""anchor_vertex"": 843, ""edge_count"": 30, ""end_node_index"": 230, ""start_node_index"": 200}, {""anchor_vertex"": 844, ""edge_count"": 28, ""end_node_index"": 229, ""start_node_index"": 201}, {""anchor_vertex"": 1505, ""edge_count"": 26, ""end_node_index"": 228, ""start_node_index"": 202}, {""anchor_vertex"": 1478, ""edge_count"": 16, ""end_node_index"": 224, ""start_node_index"": 208}, {""anchor_vertex"": 1488, ""edge_count"": 8, ""end_node_index"": 220, ""start_node_index"": 212}, {""anchor_vertex"": 20203, ""edge_count"": 6, ""end_node_index"": 219, ""start_node_index"": 213}, {""anchor_vertex"": 14635, ""edge_count"": 4, ""end_node_index"": 218, ""start_node_index"": 214}, {""anchor_vertex"": 1531, ""edge_count"": 2, ""end_node_index"": 217, ""start_node_index"": 215}]",MULTIPLE_REPEATED_VERTICES
analyzed,paris_bures_02_multi_tight,development,tmp_scalar_via_recovered_non_elementary_walks.json,/candidates[76],"P,P",1531,f801bf36fa51d8c40fc2e40bce87707a195b2c13775bd7221d765c7d92a838fe,366,365,40863.0,631.6000023260713,9087038.0,612655.0,222.37814159508602,14.99290311528767,110,True,"{""elevation_high"": 0.0, ""elevation_low"": 0.0, ""length_high"": 0.0, ""length_low"": 0.0, ""popularity_low"": 0.0, ""width_high"": 0.0}","{""directed_edges_ok"": true, ""metric_deltas"": [0.0, 0.0, 0.0, 0.0], ""missing_edges"": 0, ""passed"": true, ""road_changes_delta"": 0}",10,2,10,0,8,"{""842"": 2, ""843"": 2, ""844"": 2, ""849"": 2, ""1478"": 2, ""1488"": 2, ""1505"": 2, ""1506"": 2, ""14635"": 2, ""20203"": 2}",False,842,,,,,,,,False,"[{""anchor_vertex"": 842, ""edge_count"": 34, ""end_node_index"": 231, ""start_node_index"": 197}, {""anchor_vertex"": 849, ""edge_count"": 32, ""end_node_index"": 230, ""start_node_index"": 198}, {""anchor_vertex"": 1506, ""edge_count"": 30, ""end_node_index"": 229, ""start_node_index"": 199}, {""anchor_vertex"": 843, ""edge_count"": 28, ""end_node_index"": 228, ""start_node_index"": 200}, {""anchor_vertex"": 844, ""edge_count"": 26, ""end_node_index"": 227, ""start_node_index"": 201}, {""anchor_vertex"": 1505, ""edge_count"": 24, ""end_node_index"": 226, ""start_node_index"": 202}, {""anchor_vertex"": 1478, ""edge_count"": 14, ""end_node_index"": 222, ""start_node_index"": 208}, {""anchor_vertex"": 1488, ""edge_count"": 6, ""end_node_index"": 218, ""start_node_index"": 212}, {""anchor_vertex"": 20203, ""edge_count"": 4, ""end_node_index"": 217, ""start_node_index"": 213}, {""anchor_vertex"": 14635, ""edge_count"": 2, ""end_node_index"": 216, ""start_node_index"": 214}]",MULTIPLE_REPEATED_VERTICES
analyzed,paris_bures_02_multi_tight,development,tmp_scalar_via_recovered_non_elementary_walks.json,/candidates[77],"P,P",1532,7192ab371f50913864ff1f1563a7fd071c73b30b90af0a2b5193c7d0b8fcafad,372,371,41835.0,664.6000019982457,9304814.0,627235.0,222.41697143540097,14.993068005258754,112,True,"{""elevation_high"": 0.0, ""elevation_low"": 0.0, ""length_high"": 0.0, ""length_low"": 0.0, ""popularity_low"": 0.0, ""width_high"": 0.0}","{""directed_edges_ok"": true, ""metric_deltas"": [0.0, 0.0, 0.0, 0.0], ""missing_edges"": 0, ""passed"": true, ""road_changes_delta"": 0}",13,2,13,0,11,"{""842"": 2, ""843"": 2, ""844"": 2, ""849"": 2, ""1478"": 2, ""1488"": 2, ""1505"": 2, ""1506"": 2, ""1531"": 2, ""13694"": 2, ""14635"": 2, ""20203"": 2, ""20338"": 2}",False,842,,,,,,,,False,"[{""anchor_vertex"": 842, ""edge_count"": 40, ""end_node_index"": 237, ""start_node_index"": 197}, {""anchor_vertex"": 849, ""edge_count"": 38, ""end_node_index"": 236, ""start_node_index"": 198}, {""anchor_vertex"": 1506, ""edge_count"": 36, ""end_node_index"": 235, ""start_node_index"": 199}, {""anchor_vertex"": 843, ""edge_count"": 34, ""end_node_index"": 234, ""start_node_index"": 200}, {""anchor_vertex"": 844, ""edge_count"": 32, ""end_node_index"": 233, ""start_node_index"": 201}, {""anchor_vertex"": 1505, ""edge_count"": 30, ""end_node_index"": 232, ""start_node_index"": 202}, {""anchor_vertex"": 1478, ""edge_count"": 20, ""end_node_index"": 228, ""start_node_index"": 208}, {""anchor_vertex"": 1488, ""edge_count"": 12, ""end_node_index"": 224, ""start_node_index"": 212}, {""anchor_vertex"": 20203, ""edge_count"": 10, ""end_node_index"": 223, ""start_node_index"": 213}, {""anchor_vertex"": 14635, ""edge_count"": 8, ""end_node_index"": 222, ""start_node_index"": 214}, {""anchor_vertex"": 1531, ""edge_count"": 6, ""end_node_index"": 221, ""start_node_index"": 215}, {""anchor_vertex"": 20338, ""edge_count"": 4, ""end_node_index"": 220, ""start_node_index"": 216}, {""anchor_vertex"": 13694, ""edge_count"": 2, ""end_node_index"": 219, ""start_node_index"": 217}]",MULTIPLE_REPEATED_VERTICES
analyzed,paris_bures_02_multi_tight,development,tmp_scalar_via_recovered_non_elementary_walks.json,/candidates[78],"P,P",4938,3cac573c12fa0f194c3de2fe8f75ae790a08d4d01b5803c5d9d5298c88a253a2,361,360,41066.0,633.8000036850572,9159685.0,615765.0,223.04789850484585,14.994521014951541,113,True,"{""elevation_high"": 0.0, ""elevation_low"": 0.0, ""length_high"": 0.0, ""length_low"": 0.0, ""popularity_low"": 0.0, ""width_high"": 0.0}","{""directed_edges_ok"": true, ""metric_deltas"": [0.0, 0.0, 0.0, 0.0], ""missing_edges"": 0, ""passed"": true, ""road_changes_delta"": 0}",10,2,10,0,8,"{""1571"": 2, ""4748"": 2, ""4755"": 2, ""11958"": 2, ""12318"": 2, ""12348"": 2, ""15760"": 2, ""15800"": 2, ""15801"": 2, ""21182"": 2}",False,1571,,,,,,,,False,"[{""anchor_vertex"": 4755, ""edge_count"": 33, ""end_node_index"": 146, ""start_node_index"": 113}, {""anchor_vertex"": 4748, ""edge_count"": 31, ""end_node_index"": 145, ""start_node_index"": 114}, {""anchor_vertex"": 15760, ""edge_count"": 18, ""end_node_index"": 136, ""start_node_index"": 118}, {""anchor_vertex"": 15800, ""edge_count"": 16, ""end_node_index"": 135, ""start_node_index"": 119}, {""anchor_vertex"": 15801, ""edge_count"": 14, ""end_node_index"": 134, ""start_node_index"": 120}, {""anchor_vertex"": 12318, ""edge_count"": 12, ""end_node_index"": 133, ""start_node_index"": 121}, {""anchor_vertex"": 11958, ""edge_count"": 10, ""end_node_index"": 132, ""start_node_index"": 122}, {""anchor_vertex"": 1571, ""edge_count"": 8, ""end_node_index"": 131, ""start_node_index"": 123}, {""anchor_vertex"": 21182, ""edge_count"": 4, ""end_node_index"": 128, ""start_node_index"": 124}, {""anchor_vertex"": 12348, ""edge_count"": 2, ""end_node_index"": 127, ""start_node_index"": 125}]",MULTIPLE_REPEATED_VERTICES
analyzed,paris_bures_02_multi_tight,development,tmp_scalar_via_recovered_non_elementary_walks.json,/candidates[79],"P,P",6867,757f4c2b2d48afdccec70081a3fcc66e9e48c6941a3604b644c4cbd8b3b4b0f7,386,385,43525.0,676.3000024184585,9541334.0,639485.0,219.21502584721424,14.692360712234349,122,True,"{""elevation_high"": 0.0, ""elevation_low"": 0.0, ""length_high"": 0.0, ""length_low"": 0.0, ""popularity_low"": 0.0, ""width_high"": 0.0}","{""directed_edges_ok"": true, ""metric_deltas"": [0.0, 0.0, 0.0, 0.0], ""missing_edges"": 0, ""passed"": true, ""road_changes_delta"": 0}",20,2,20,0,18,"{""842"": 2, ""843"": 2, ""844"": 2, ""849"": 2, ""1478"": 2, ""1488"": 2, ""1505"": 2, ""1506"": 2, ""1531"": 2, ""1532"": 2, ""9952"": 2, ""9959"": 2, ""10017"": 2, ""10018"": 2, ""10022"": 2, ""10023"": 2, ""13694"": 2, ""14635"": 2, ""20203"": 2, ""20338"": 2}",False,842,,,,,,,,False,"[{""anchor_vertex"": 842, ""edge_count"": 54, ""end_node_index"": 251, ""start_node_index"": 197}, {""anchor_vertex"": 849, ""edge_count"": 52, ""end_node_index"": 250, ""start_node_index"": 198}, {""anchor_vertex"": 1506, ""edge_count"": 50, ""end_node_index"": 249, ""start_node_index"": 199}, {""anchor_vertex"": 843, ""edge_count"": 48, ""end_node_index"": 248, ""start_node_index"": 200}, {""anchor_vertex"": 844, ""edge_count"": 46, ""end_node_index"": 247, ""start_node_index"": 201}, {""anchor_vertex"": 1505, ""edge_count"": 44, ""end_node_index"": 246, ""start_node_index"": 202}, {""anchor_vertex"": 1478, ""edge_count"": 34, ""end_node_index"": 242, ""start_node_index"": 208}, {""anchor_vertex"": 1488, ""edge_count"": 26, ""end_node_index"": 238, ""start_node_index"": 212}, {""anchor_vertex"": 20203, ""edge_count"": 24, ""end_node_index"": 237, ""start_node_index"": 213}, {""anchor_vertex"": 14635, ""edge_count"": 22, ""end_node_index"": 236, ""start_node_index"": 214}, {""anchor_vertex"": 1531, ""edge_count"": 20, ""end_node_index"": 235, ""start_node_index"": 215}, {""anchor_vertex"": 20338, ""edge_count"": 18, ""end_node_index"": 234, ""start_node_index"": 216}, {""anchor_vertex"": 13694, ""edge_count"": 16, ""end_node_index"": 233, ""start_node_index"": 217}, {""anchor_vertex"": 1532, ""edge_count"": 14, ""end_node_index"": 232, ""start_node_index"": 218}, {""anchor_vertex"": 10022, ""edge_count"": 12, ""end_node_index"": 231, ""start_node_index"": 219}, {""anchor_vertex"": 10023, ""edge_count"": 10, ""end_node_index"": 230, ""start_node_index"": 220}, {""anchor_vertex"": 9959, ""edge_count"": 8, ""end_node_index"": 229, ""start_node_index"": 221}, {""anchor_vertex"": 10017, ""edge_count"": 6, ""end_node_index"": 228, ""start_node_index"": 222}, {""anchor_vertex"": 10018, ""edge_count"": 4, ""end_node_index"": 227, ""start_node_index"": 223}, {""anchor_vertex"": 9952, ""edge_count"": 2, ""end_node_index"": 226, ""start_node_index"": 224}]",MULTIPLE_REPEATED_VERTICES
analyzed,paris_bures_02_multi_tight,development,tmp_scalar_via_recovered_non_elementary_walks.json,/candidates[80],"P,P",9949,ea061bb805ae99190fd87d62b56642c06b69d482a67c60d50d164b7a6da895fe,382,381,43079.0,672.9000018313527,9406096.0,636695.0,218.34527263864064,14.779707049838668,120,True,"{""elevation_high"": 0.0, ""elevation_low"": 0.0, ""length_high"": 0.0, ""length_low"": 0.0, ""popularity_low"": 0.0, ""width_high"": 0.0}","{""directed_edges_ok"": true, ""metric_deltas"": [0.0, 0.0, 0.0, 0.0], ""missing_edges"": 0, ""passed"": true, ""road_changes_delta"": 0}",18,2,18,0,16,"{""842"": 2, ""843"": 2, ""844"": 2, ""849"": 2, ""1478"": 2, ""1488"": 2, ""1505"": 2, ""1506"": 2, ""1531"": 2, ""1532"": 2, ""9953"": 2, ""9959"": 2, ""10022"": 2, ""10023"": 2, ""13694"": 2, ""14635"": 2, ""20203"": 2, ""20338"": 2}",False,842,,,,,,,,False,"[{""anchor_vertex"": 842, ""edge_count"": 50, ""end_node_index"": 247, ""start_node_index"": 197}, {""anchor_vertex"": 849, ""edge_count"": 48, ""end_node_index"": 246, ""start_node_index"": 198}, {""anchor_vertex"": 1506, ""edge_count"": 46, ""end_node_index"": 245, ""start_node_index"": 199}, {""anchor_vertex"": 843, ""edge_count"": 44, ""end_node_index"": 244, ""start_node_index"": 200}, {""anchor_vertex"": 844, ""edge_count"": 42, ""end_node_index"": 243, ""start_node_index"": 201}, {""anchor_vertex"": 1505, ""edge_count"": 40, ""end_node_index"": 242, ""start_node_index"": 202}, {""anchor_vertex"": 1478, ""edge_count"": 30, ""end_node_index"": 238, ""start_node_index"": 208}, {""anchor_vertex"": 1488, ""edge_count"": 22, ""end_node_index"": 234, ""start_node_index"": 212}, {""anchor_vertex"": 20203, ""edge_count"": 20, ""end_node_index"": 233, ""start_node_index"": 213}, {""anchor_vertex"": 14635, ""edge_count"": 18, ""end_node_index"": 232, ""start_node_index"": 214}, {""anchor_vertex"": 1531, ""edge_count"": 16, ""end_node_index"": 231, ""start_node_index"": 215}, {""anchor_vertex"": 20338, ""edge_count"": 14, ""end_node_index"": 230, ""start_node_index"": 216}, {""anchor_vertex"": 13694, ""edge_count"": 12, ""end_node_index"": 229, ""start_node_index"": 217}, {""anchor_vertex"": 1532, ""edge_count"": 10, ""end_node_index"": 228, ""start_node_index"": 218}, {""anchor_vertex"": 10022, ""edge_count"": 8, ""end_node_index"": 227, ""start_node_index"": 219}, {""anchor_vertex"": 10023, ""edge_count"": 6, ""end_node_index"": 226, ""start_node_index"": 220}, {""anchor_vertex"": 9959, ""edge_count"": 4, ""end_node_index"": 225, ""start_node_index"": 221}, {""anchor_vertex"": 9953, ""edge_count"": 2, ""end_node_index"": 224, ""start_node_index"": 222}]",MULTIPLE_REPEATED_VERTICES
analyzed,paris_bures_02_multi_tight,development,tmp_scalar_via_recovered_non_elementary_walks.json,/candidates[81],"P,P",9950,5b0295ea1572629fc6a850e7c6b901dd1da35415c1140853fe52675a9f938fd0,388,387,43704.0,676.6000024303794,9570168.0,640460.0,218.97693574958814,14.654493867838184,125,True,"{""elevation_high"": 0.0, ""elevation_low"": 0.0, ""length_high"": 0.0, ""length_low"": 0.0, ""popularity_low"": 0.0, ""width_high"": 0.0}","{""directed_edges_ok"": true, ""metric_deltas"": [0.0, 0.0, 0.0, 0.0], ""missing_edges"": 0, ""passed"": true, ""road_changes_delta"": 0}",20,2,20,0,17,"{""842"": 2, ""843"": 2, ""844"": 2, ""849"": 2, ""1478"": 2, ""1488"": 2, ""1505"": 2, ""1506"": 2, ""1531"": 2, ""1532"": 2, ""9952"": 2, ""9959"": 2, ""10017"": 2, ""10018"": 2, ""10022"": 2, ""10023"": 2, ""13694"": 2, ""14635"": 2, ""20203"": 2, ""20338"": 2}",False,842,,,,,,,,False,"[{""anchor_vertex"": 842, ""edge_count"": 56, ""end_node_index"": 253, ""start_node_index"": 197}, {""anchor_vertex"": 849, ""edge_count"": 54, ""end_node_index"": 252, ""start_node_index"": 198}, {""anchor_vertex"": 1506, ""edge_count"": 52, ""end_node_index"": 251, ""start_node_index"": 199}, {""anchor_vertex"": 843, ""edge_count"": 50, ""end_node_index"": 250, ""start_node_index"": 200}, {""anchor_vertex"": 844, ""edge_count"": 48, ""end_node_index"": 249, ""start_node_index"": 201}, {""anchor_vertex"": 1505, ""edge_count"": 46, ""end_node_index"": 248, ""start_node_index"": 202}, {""anchor_vertex"": 1478, ""edge_count"": 36, ""end_node_index"": 244, ""start_node_index"": 208}, {""anchor_vertex"": 1488, ""edge_count"": 28, ""end_node_index"": 240, ""start_node_index"": 212}, {""anchor_vertex"": 20203, ""edge_count"": 26, ""end_node_index"": 239, ""start_node_index"": 213}, {""anchor_vertex"": 14635, ""edge_count"": 24, ""end_node_index"": 238, ""start_node_index"": 214}, {""anchor_vertex"": 1531, ""edge_count"": 22, ""end_node_index"": 237, ""start_node_index"": 215}, {""anchor_vertex"": 20338, ""edge_count"": 20, ""end_node_index"": 236, ""start_node_index"": 216}, {""anchor_vertex"": 13694, ""edge_count"": 18, ""end_node_index"": 235, ""start_node_index"": 217}, {""anchor_vertex"": 1532, ""edge_count"": 16, ""end_node_index"": 234, ""start_node_index"": 218}, {""anchor_vertex"": 10022, ""edge_count"": 14, ""end_node_index"": 233, ""start_node_index"": 219}, {""anchor_vertex"": 10023, ""edge_count"": 12, ""end_node_index"": 232, ""start_node_index"": 220}, {""anchor_vertex"": 9959, ""edge_count"": 10, ""end_node_index"": 231, ""start_node_index"": 221}, {""anchor_vertex"": 10017, ""edge_count"": 8, ""end_node_index"": 230, ""start_node_index"": 222}, {""anchor_vertex"": 10018, ""edge_count"": 6, ""end_node_index"": 229, ""start_node_index"": 223}, {""anchor_vertex"": 9952, ""edge_count"": 4, ""end_node_index"": 228, ""start_node_index"": 224}]",MULTIPLE_REPEATED_VERTICES
analyzed,paris_bures_02_multi_tight,development,tmp_scalar_via_recovered_non_elementary_walks.json,/candidates[82],"P,P",9952,fb4bc14a5139cefa78b22a4d80731ab8e4429fcbbc1ce33fb04f0b592304d641,384,383,43499.0,675.8000024184585,9535614.0,639355.0,219.21455665647485,14.698153980551277,120,True,"{""elevation_high"": 0.0, ""elevation_low"": 0.0, ""length_high"": 0.0, ""length_low"": 0.0, ""popularity_low"": 0.0, ""width_high"": 0.0}","{""directed_edges_ok"": true, ""metric_deltas"": [0.0, 0.0, 0.0, 0.0], ""missing_edges"": 0, ""passed"": true, ""road_changes_delta"": 0}",19,2,19,0,17,"{""842"": 2, ""843"": 2, ""844"": 2, ""849"": 2, ""1478"": 2, ""1488"": 2, ""1505"": 2, ""1506"": 2, ""1531"": 2, ""1532"": 2, ""9959"": 2, ""10017"": 2, ""10018"": 2, ""10022"": 2, ""10023"": 2, ""13694"": 2, ""14635"": 2, ""20203"": 2, ""20338"": 2}",False,842,,,,,,,,False,"[{""anchor_vertex"": 842, ""edge_count"": 52, ""end_node_index"": 249, ""start_node_index"": 197}, {""anchor_vertex"": 849, ""edge_count"": 50, ""end_node_index"": 248, ""start_node_index"": 198}, {""anchor_vertex"": 1506, ""edge_count"": 48, ""end_node_index"": 247, ""start_node_index"": 199}, {""anchor_vertex"": 843, ""edge_count"": 46, ""end_node_index"": 246, ""start_node_index"": 200}, {""anchor_vertex"": 844, ""edge_count"": 44, ""end_node_index"": 245, ""start_node_index"": 201}, {""anchor_vertex"": 1505, ""edge_count"": 42, ""end_node_index"": 244, ""start_node_index"": 202}, {""anchor_vertex"": 1478, ""edge_count"": 32, ""end_node_index"": 240, ""start_node_index"": 208}, {""anchor_vertex"": 1488, ""edge_count"": 24, ""end_node_index"": 236, ""start_node_index"": 212}, {""anchor_vertex"": 20203, ""edge_count"": 22, ""end_node_index"": 235, ""start_node_index"": 213}, {""anchor_vertex"": 14635, ""edge_count"": 20, ""end_node_index"": 234, ""start_node_index"": 214}, {""anchor_vertex"": 1531, ""edge_count"": 18, ""end_node_index"": 233, ""start_node_index"": 215}, {""anchor_vertex"": 20338, ""edge_count"": 16, ""end_node_index"": 232, ""start_node_index"": 216}, {""anchor_vertex"": 13694, ""edge_count"": 14, ""end_node_index"": 231, ""start_node_index"": 217}, {""anchor_vertex"": 1532, ""edge_count"": 12, ""end_node_index"": 230, ""start_node_index"": 218}, {""anchor_vertex"": 10022, ""edge_count"": 10, ""end_node_index"": 229, ""start_node_index"": 219}, {""anchor_vertex"": 10023, ""edge_count"": 8, ""end_node_index"": 228, ""start_node_index"": 220}, {""anchor_vertex"": 9959, ""edge_count"": 6, ""end_node_index"": 227, ""start_node_index"": 221}, {""anchor_vertex"": 10017, ""edge_count"": 4, ""end_node_index"": 226, ""start_node_index"": 222}, {""anchor_vertex"": 10018, ""edge_count"": 2, ""end_node_index"": 225, ""start_node_index"": 223}]",MULTIPLE_REPEATED_VERTICES
analyzed,paris_bures_02_multi_tight,development,tmp_scalar_via_recovered_non_elementary_walks.json,/candidates[83],"P,P",9953,5ffc4f7a315829e8ed57e16493c440f66177981b313591c6bfb9ae34689cd684,380,379,43057.0,672.6000018194318,9400838.0,636585.0,218.33471909329492,14.784703997027197,118,True,"{""elevation_high"": 0.0, ""elevation_low"": 0.0, ""length_high"": 0.0, ""length_low"": 0.0, ""popularity_low"": 0.0, ""width_high"": 0.0}","{""directed_edges_ok"": true, ""metric_deltas"": [0.0, 0.0, 0.0, 0.0], ""missing_edges"": 0, ""passed"": true, ""road_changes_delta"": 0}",17,2,17,0,15,"{""842"": 2, ""843"": 2, ""844"": 2, ""849"": 2, ""1478"": 2, ""1488"": 2, ""1505"": 2, ""1506"": 2, ""1531"": 2, ""1532"": 2, ""9959"": 2, ""10022"": 2, ""10023"": 2, ""13694"": 2, ""14635"": 2, ""20203"": 2, ""20338"": 2}",False,842,,,,,,,,False,"[{""anchor_vertex"": 842, ""edge_count"": 48, ""end_node_index"": 245, ""start_node_index"": 197}, {""anchor_vertex"": 849, ""edge_count"": 46, ""end_node_index"": 244, ""start_node_index"": 198}, {""anchor_vertex"": 1506, ""edge_count"": 44, ""end_node_index"": 243, ""start_node_index"": 199}, {""anchor_vertex"": 843, ""edge_count"": 42, ""end_node_index"": 242, ""start_node_index"": 200}, {""anchor_vertex"": 844, ""edge_count"": 40, ""end_node_index"": 241, ""start_node_index"": 201}, {""anchor_vertex"": 1505, ""edge_count"": 38, ""end_node_index"": 240, ""start_node_index"": 202}, {""anchor_vertex"": 1478, ""edge_count"": 28, ""end_node_index"": 236, ""start_node_index"": 208}, {""anchor_vertex"": 1488, ""edge_count"": 20, ""end_node_index"": 232, ""start_node_index"": 212}, {""anchor_vertex"": 20203, ""edge_count"": 18, ""end_node_index"": 231, ""start_node_index"": 213}, {""anchor_vertex"": 14635, ""edge_count"": 16, ""end_node_index"": 230, ""start_node_index"": 214}, {""anchor_vertex"": 1531, ""edge_count"": 14, ""end_node_index"": 229, ""start_node_index"": 215}, {""anchor_vertex"": 20338, ""edge_count"": 12, ""end_node_index"": 228, ""start_node_index"": 216}, {""anchor_vertex"": 13694, ""edge_count"": 10, ""end_node_index"": 227, ""start_node_index"": 217}, {""anchor_vertex"": 1532, ""edge_count"": 8, ""end_node_index"": 226, ""start_node_index"": 218}, {""anchor_vertex"": 10022, ""edge_count"": 6, ""end_node_index"": 225, ""start_node_index"": 219}, {""anchor_vertex"": 10023, ""edge_count"": 4, ""end_node_index"": 224, ""start_node_index"": 220}, {""anchor_vertex"": 9959, ""edge_count"": 2, ""end_node_index"": 223, ""start_node_index"": 221}]",MULTIPLE_REPEATED_VERTICES
analyzed,paris_bures_02_multi_tight,development,tmp_scalar_via_recovered_non_elementary_walks.json,/candidates[84],"P,P",9954,3d6448b7769d9fb812dffedfb77de0954a99476c6c9ff29ddaaa2084906ff7d2,388,387,43557.0,673.3000018373132,9508391.0,639085.0,218.29765594508345,14.672383313818674,121,True,"{""elevation_high"": 0.0, ""elevation_low"": 0.0, ""length_high"": 0.0, ""length_low"": 0.0, ""popularity_low"": 0.0, ""width_high"": 0.0}","{""directed_edges_ok"": true, ""metric_deltas"": [0.0, 0.0, 0.0, 0.0], ""missing_edges"": 0, ""passed"": true, ""road_changes_delta"": 0}",18,2,18,0,15,"{""842"": 2, ""843"": 2, ""844"": 2, ""849"": 2, ""1478"": 2, ""1488"": 2, ""1505"": 2, ""1506"": 2, ""1531"": 2, ""1532"": 2, ""9953"": 2, ""9959"": 2, ""10022"": 2, ""10023"": 2, ""13694"": 2, ""14635"": 2, ""20203"": 2, ""20338"": 2}",False,842,,,,,,,,False,"[{""anchor_vertex"": 842, ""edge_count"": 56, ""end_node_index"": 253, ""start_node_index"": 197}, {""anchor_vertex"": 849, ""edge_count"": 54, ""end_node_index"": 252, ""start_node_index"": 198}, {""anchor_vertex"": 1506, ""edge_count"": 52, ""end_node_index"": 251, ""start_node_index"": 199}, {""anchor_vertex"": 843, ""edge_count"": 50, ""end_node_index"": 250, ""start_node_index"": 200}, {""anchor_vertex"": 844, ""edge_count"": 48, ""end_node_index"": 249, ""start_node_index"": 201}, {""anchor_vertex"": 1505, ""edge_count"": 46, ""end_node_index"": 248, ""start_node_index"": 202}, {""anchor_vertex"": 1478, ""edge_count"": 36, ""end_node_index"": 244, ""start_node_index"": 208}, {""anchor_vertex"": 1488, ""edge_count"": 28, ""end_node_index"": 240, ""start_node_index"": 212}, {""anchor_vertex"": 20203, ""edge_count"": 26, ""end_node_index"": 239, ""start_node_index"": 213}, {""anchor_vertex"": 14635, ""edge_count"": 24, ""end_node_index"": 238, ""start_node_index"": 214}, {""anchor_vertex"": 1531, ""edge_count"": 22, ""end_node_index"": 237, ""start_node_index"": 215}, {""anchor_vertex"": 20338, ""edge_count"": 20, ""end_node_index"": 236, ""start_node_index"": 216}, {""anchor_vertex"": 13694, ""edge_count"": 18, ""end_node_index"": 235, ""start_node_index"": 217}, {""anchor_vertex"": 1532, ""edge_count"": 16, ""end_node_index"": 234, ""start_node_index"": 218}, {""anchor_vertex"": 10022, ""edge_count"": 14, ""end_node_index"": 233, ""start_node_index"": 219}, {""anchor_vertex"": 10023, ""edge_count"": 12, ""end_node_index"": 232, ""start_node_index"": 220}, {""anchor_vertex"": 9959, ""edge_count"": 10, ""end_node_index"": 231, ""start_node_index"": 221}, {""anchor_vertex"": 9953, ""edge_count"": 8, ""end_node_index"": 230, ""start_node_index"": 222}]",MULTIPLE_REPEATED_VERTICES
analyzed,paris_bures_02_multi_tight,development,tmp_scalar_via_recovered_non_elementary_walks.json,/candidates[85],"P,P",9957,807411fa6e10da2f337d0454797afd405107555a975cbe311f4079afe9c641d9,384,383,43206.0,673.0000018328428,9432195.0,637330.0,218.3075267323983,14.750960514743323,123,True,"{""elevation_high"": 0.0, ""elevation_low"": 0.0, ""length_high"": 0.0, ""length_low"": 0.0, ""popularity_low"": 0.0, ""width_high"": 0.0}","{""directed_edges_ok"": true, ""metric_deltas"": [0.0, 0.0, 0.0, 0.0], ""missing_edges"": 0, ""passed"": true, ""road_changes_delta"": 0}",18,2,18,0,15,"{""842"": 2, ""843"": 2, ""844"": 2, ""849"": 2, ""1478"": 2, ""1488"": 2, ""1505"": 2, ""1506"": 2, ""1531"": 2, ""1532"": 2, ""9953"": 2, ""9959"": 2, ""10022"": 2, ""10023"": 2, ""13694"": 2, ""14635"": 2, ""20203"": 2, ""20338"": 2}",False,842,,,,,,,,False,"[{""anchor_vertex"": 842, ""edge_count"": 52, ""end_node_index"": 249, ""start_node_index"": 197}, {""anchor_vertex"": 849, ""edge_count"": 50, ""end_node_index"": 248, ""start_node_index"": 198}, {""anchor_vertex"": 1506, ""edge_count"": 48, ""end_node_index"": 247, ""start_node_index"": 199}, {""anchor_vertex"": 843, ""edge_count"": 46, ""end_node_index"": 246, ""start_node_index"": 200}, {""anchor_vertex"": 844, ""edge_count"": 44, ""end_node_index"": 245, ""start_node_index"": 201}, {""anchor_vertex"": 1505, ""edge_count"": 42, ""end_node_index"": 244, ""start_node_index"": 202}, {""anchor_vertex"": 1478, ""edge_count"": 32, ""end_node_index"": 240, ""start_node_index"": 208}, {""anchor_vertex"": 1488, ""edge_count"": 24, ""end_node_index"": 236, ""start_node_index"": 212}, {""anchor_vertex"": 20203, ""edge_count"": 22, ""end_node_index"": 235, ""start_node_index"": 213}, {""anchor_vertex"": 14635, ""edge_count"": 20, ""end_node_index"": 234, ""start_node_index"": 214}, {""anchor_vertex"": 1531, ""edge_count"": 18, ""end_node_index"": 233, ""start_node_index"": 215}, {""anchor_vertex"": 20338, ""edge_count"": 16, ""end_node_index"": 232, ""start_node_index"": 216}, {""anchor_vertex"": 13694, ""edge_count"": 14, ""end_node_index"": 231, ""start_node_index"": 217}, {""anchor_vertex"": 1532, ""edge_count"": 12, ""end_node_index"": 230, ""start_node_index"": 218}, {""anchor_vertex"": 10022, ""edge_count"": 10, ""end_node_index"": 229, ""start_node_index"": 219}, {""anchor_vertex"": 10023, ""edge_count"": 8, ""end_node_index"": 228, ""start_node_index"": 220}, {""anchor_vertex"": 9959, ""edge_count"": 6, ""end_node_index"": 227, ""start_node_index"": 221}, {""anchor_vertex"": 9953, ""edge_count"": 4, ""end_node_index"": 226, ""start_node_index"": 222}]",MULTIPLE_REPEATED_VERTICES
analyzed,paris_bures_02_multi_tight,development,tmp_scalar_via_recovered_non_elementary_walks.json,/candidates[86],"P,P",9959,1c3113eba88dedf0aa117a51f78124ea5f4a0ab6091fa8f93514477984d9fde5,378,377,42409.0,666.4000020101666,9344462.0,630105.0,220.34148411893702,14.857813200028296,116,True,"{""elevation_high"": 0.0, ""elevation_low"": 0.0, ""length_high"": 0.0, ""length_low"": 0.0, ""popularity_low"": 0.0, ""width_high"": 0.0}","{""directed_edges_ok"": true, ""metric_deltas"": [0.0, 0.0, 0.0, 0.0], ""missing_edges"": 0, ""passed"": true, ""road_changes_delta"": 0}",16,2,16,0,14,"{""842"": 2, ""843"": 2, ""844"": 2, ""849"": 2, ""1478"": 2, ""1488"": 2, ""1505"": 2, ""1506"": 2, ""1531"": 2, ""1532"": 2, ""10022"": 2, ""10023"": 2, ""13694"": 2, ""14635"": 2, ""20203"": 2, ""20338"": 2}",False,842,,,,,,,,False,"[{""anchor_vertex"": 842, ""edge_count"": 46, ""end_node_index"": 243, ""start_node_index"": 197}, {""anchor_vertex"": 849, ""edge_count"": 44, ""end_node_index"": 242, ""start_node_index"": 198}, {""anchor_vertex"": 1506, ""edge_count"": 42, ""end_node_index"": 241, ""start_node_index"": 199}, {""anchor_vertex"": 843, ""edge_count"": 40, ""end_node_index"": 240, ""start_node_index"": 200}, {""anchor_vertex"": 844, ""edge_count"": 38, ""end_node_index"": 239, ""start_node_index"": 201}, {""anchor_vertex"": 1505, ""edge_count"": 36, ""end_node_index"": 238, ""start_node_index"": 202}, {""anchor_vertex"": 1478, ""edge_count"": 26, ""end_node_index"": 234, ""start_node_index"": 208}, {""anchor_vertex"": 1488, ""edge_count"": 18, ""end_node_index"": 230, ""start_node_index"": 212}, {""anchor_vertex"": 20203, ""edge_count"": 16, ""end_node_index"": 229, ""start_node_index"": 213}, {""anchor_vertex"": 14635, ""edge_count"": 14, ""end_node_index"": 228, ""start_node_index"": 214}, {""anchor_vertex"": 1531, ""edge_count"": 12, ""end_node_index"": 227, ""start_node_index"": 215}, {""anchor_vertex"": 20338, ""edge_count"": 10, ""end_node_index"": 226, ""start_node_index"": 216}, {""anchor_vertex"": 13694, ""edge_count"": 8, ""end_node_index"": 225, ""start_node_index"": 217}, {""anchor_vertex"": 1532, ""edge_count"": 6, ""end_node_index"": 224, ""start_node_index"": 218}, {""anchor_vertex"": 10022, ""edge_count"": 4, ""end_node_index"": 223, ""start_node_index"": 219}, {""anchor_vertex"": 10023, ""edge_count"": 2, ""end_node_index"": 222, ""start_node_index"": 220}]",MULTIPLE_REPEATED_VERTICES
analyzed,paris_bures_02_multi_tight,development,tmp_scalar_via_recovered_non_elementary_walks.json,/candidates[87],"P,P",10013,23c7289c0a2e49add07ac37ccfa89b6ba7b83b392d7fd84f85650530611db441,391,390,43627.0,675.1000018119812,9518461.0,639435.0,218.1782153253719,14.656863868705159,123,True,"{""elevation_high"": 0.0, ""elevation_low"": 0.0, ""length_high"": 0.0, ""length_low"": 0.0, ""popularity_low"": 0.0, ""width_high"": 0.0}","{""directed_edges_ok"": true, ""metric_deltas"": [0.0, 0.0, 0.0, 0.0], ""missing_edges"": 0, ""passed"": true, ""road_changes_delta"": 0}",19,2,19,0,16,"{""842"": 2, ""843"": 2, ""844"": 2, ""849"": 2, ""1478"": 2, ""1488"": 2, ""1505"": 2, ""1506"": 2, ""1531"": 2, ""1532"": 2, ""9953"": 2, ""9959"": 2, ""10015"": 2, ""10022"": 2, ""10023"": 2, ""13694"": 2, ""14635"": 2, ""20203"": 2, ""20338"": 2}",False,842,,,,,,,,False,"[{""anchor_vertex"": 842, ""edge_count"": 59, ""end_node_index"": 256, ""start_node_index"": 197}, {""anchor_vertex"": 849, ""edge_count"": 57, ""end_node_index"": 255, ""start_node_index"": 198}, {""anchor_vertex"": 1506, ""edge_count"": 55, ""end_node_index"": 254, ""start_node_index"": 199}, {""anchor_vertex"": 843, ""edge_count"": 53, ""end_node_index"": 253, ""start_node_index"": 200}, {""anchor_vertex"": 844, ""edge_count"": 51, ""end_node_index"": 252, ""start_node_index"": 201}, {""anchor_vertex"": 1505, ""edge_count"": 49, ""end_node_index"": 251, ""start_node_index"": 202}, {""anchor_vertex"": 1478, ""edge_count"": 39, ""end_node_index"": 247, ""start_node_index"": 208}, {""anchor_vertex"": 1488, ""edge_count"": 31, ""end_node_index"": 243, ""start_node_index"": 212}, {""anchor_vertex"": 20203, ""edge_count"": 29, ""end_node_index"": 242, ""start_node_index"": 213}, {""anchor_vertex"": 14635, ""edge_count"": 27, ""end_node_index"": 241, ""start_node_index"": 214}, {""anchor_vertex"": 1531, ""edge_count"": 25, ""end_node_index"": 240, ""start_node_index"": 215}, {""anchor_vertex"": 20338, ""edge_count"": 23, ""end_node_index"": 239, ""start_node_index"": 216}, {""anchor_vertex"": 13694, ""edge_count"": 21, ""end_node_index"": 238, ""start_node_index"": 217}, {""anchor_vertex"": 1532, ""edge_count"": 19, ""end_node_index"": 237, ""start_node_index"": 218}, {""anchor_vertex"": 10022, ""edge_count"": 17, ""end_node_index"": 236, ""start_node_index"": 219}, {""anchor_vertex"": 10023, ""edge_count"": 15, ""end_node_index"": 235, ""start_node_index"": 220}, {""anchor_vertex"": 9959, ""edge_count"": 13, ""end_node_index"": 234, ""start_node_index"": 221}, {""anchor_vertex"": 9953, ""edge_count"": 11, ""end_node_index"": 233, ""start_node_index"": 222}, {""anchor_vertex"": 10015, ""edge_count"": 2, ""end_node_index"": 227, ""start_node_index"": 225}]",MULTIPLE_REPEATED_VERTICES
analyzed,paris_bures_02_multi_tight,development,tmp_scalar_via_recovered_non_elementary_walks.json,/candidates[88],"P,P",10015,73ab24ebcaf0fb70c1ff381117ea55a5d87168ef7d5395f35ab244713c149977,389,388,43573.0,673.7000018358231,9511927.0,639165.0,218.29864824547312,14.668831615908934,121,True,"{""elevation_high"": 0.0, ""elevation_low"": 0.0, ""length_high"": 0.0, ""length_low"": 0.0, ""popularity_low"": 0.0, ""width_high"": 0.0}","{""directed_edges_ok"": true, ""metric_deltas"": [0.0, 0.0, 0.0, 0.0], ""missing_edges"": 0, ""passed"": true, ""road_changes_delta"": 0}",18,2,18,0,15,"{""842"": 2, ""843"": 2, ""844"": 2, ""849"": 2, ""1478"": 2, ""1488"": 2, ""1505"": 2, ""1506"": 2, ""1531"": 2, ""1532"": 2, ""9953"": 2, ""9959"": 2, ""10022"": 2, ""10023"": 2, ""13694"": 2, ""14635"": 2, ""20203"": 2, ""20338"": 2}",False,842,,,,,,,,False,"[{""anchor_vertex"": 842, ""edge_count"": 57, ""end_node_index"": 254, ""start_node_index"": 197}, {""anchor_vertex"": 849, ""edge_count"": 55, ""end_node_index"": 253, ""start_node_index"": 198}, {""anchor_vertex"": 1506, ""edge_count"": 53, ""end_node_index"": 252, ""start_node_index"": 199}, {""anchor_vertex"": 843, ""edge_count"": 51, ""end_node_index"": 251, ""start_node_index"": 200}, {""anchor_vertex"": 844, ""edge_count"": 49, ""end_node_index"": 250, ""start_node_index"": 201}, {""anchor_vertex"": 1505, ""edge_count"": 47, ""end_node_index"": 249, ""start_node_index"": 202}, {""anchor_vertex"": 1478, ""edge_count"": 37, ""end_node_index"": 245, ""start_node_index"": 208}, {""anchor_vertex"": 1488, ""edge_count"": 29, ""end_node_index"": 241, ""start_node_index"": 212}, {""anchor_vertex"": 20203, ""edge_count"": 27, ""end_node_index"": 240, ""start_node_index"": 213}, {""anchor_vertex"": 14635, ""edge_count"": 25, ""end_node_index"": 239, ""start_node_index"": 214}, {""anchor_vertex"": 1531, ""edge_count"": 23, ""end_node_index"": 238, ""start_node_index"": 215}, {""anchor_vertex"": 20338, ""edge_count"": 21, ""end_node_index"": 237, ""start_node_index"": 216}, {""anchor_vertex"": 13694, ""edge_count"": 19, ""end_node_index"": 236, ""start_node_index"": 217}, {""anchor_vertex"": 1532, ""edge_count"": 17, ""end_node_index"": 235, ""start_node_index"": 218}, {""anchor_vertex"": 10022, ""edge_count"": 15, ""end_node_index"": 234, ""start_node_index"": 219}, {""anchor_vertex"": 10023, ""edge_count"": 13, ""end_node_index"": 233, ""start_node_index"": 220}, {""anchor_vertex"": 9959, ""edge_count"": 11, ""end_node_index"": 232, ""start_node_index"": 221}, {""anchor_vertex"": 9953, ""edge_count"": 9, ""end_node_index"": 231, ""start_node_index"": 222}]",MULTIPLE_REPEATED_VERTICES
analyzed,paris_bures_02_multi_tight,development,tmp_scalar_via_recovered_non_elementary_walks.json,/candidates[89],"P,P",10017,2fd0738415d54aab41eb196b9047c31ce2010323bcbb5513948336c3234b8c3b,380,379,42739.0,667.0000020340085,9388022.0,631755.0,219.65937434193594,14.781698214745315,118,True,"{""elevation_high"": 0.0, ""elevation_low"": 0.0, ""length_high"": 0.0, ""length_low"": 0.0, ""popularity_low"": 0.0, ""width_high"": 0.0}","{""directed_edges_ok"": true, ""metric_deltas"": [0.0, 0.0, 0.0, 0.0], ""missing_edges"": 0, ""passed"": true, ""road_changes_delta"": 0}",17,2,17,0,15,"{""842"": 2, ""843"": 2, ""844"": 2, ""849"": 2, ""1478"": 2, ""1488"": 2, ""1505"": 2, ""1506"": 2, ""1531"": 2, ""1532"": 2, ""9959"": 2, ""10022"": 2, ""10023"": 2, ""13694"": 2, ""14635"": 2, ""20203"": 2, ""20338"": 2}",False,842,,,,,,,,False,"[{""anchor_vertex"": 842, ""edge_count"": 48, ""end_node_index"": 245, ""start_node_index"": 197}, {""anchor_vertex"": 849, ""edge_count"": 46, ""end_node_index"": 244, ""start_node_index"": 198}, {""anchor_vertex"": 1506, ""edge_count"": 44, ""end_node_index"": 243, ""start_node_index"": 199}, {""anchor_vertex"": 843, ""edge_count"": 42, ""end_node_index"": 242, ""start_node_index"": 200}, {""anchor_vertex"": 844, ""edge_count"": 40, ""end_node_index"": 241, ""start_node_index"": 201}, {""anchor_vertex"": 1505, ""edge_count"": 38, ""end_node_index"": 240, ""start_node_index"": 202}, {""anchor_vertex"": 1478, ""edge_count"": 28, ""end_node_index"": 236, ""start_node_index"": 208}, {""anchor_vertex"": 1488, ""edge_count"": 20, ""end_node_index"": 232, ""start_node_index"": 212}, {""anchor_vertex"": 20203, ""edge_count"": 18, ""end_node_index"": 231, ""start_node_index"": 213}, {""anchor_vertex"": 14635, ""edge_count"": 16, ""end_node_index"": 230, ""start_node_index"": 214}, {""anchor_vertex"": 1531, ""edge_count"": 14, ""end_node_index"": 229, ""start_node_index"": 215}, {""anchor_vertex"": 20338, ""edge_count"": 12, ""end_node_index"": 228, ""start_node_index"": 216}, {""anchor_vertex"": 13694, ""edge_count"": 10, ""end_node_index"": 227, ""start_node_index"": 217}, {""anchor_vertex"": 1532, ""edge_count"": 8, ""end_node_index"": 226, ""start_node_index"": 218}, {""anchor_vertex"": 10022, ""edge_count"": 6, ""end_node_index"": 225, ""start_node_index"": 219}, {""anchor_vertex"": 10023, ""edge_count"": 4, ""end_node_index"": 224, ""start_node_index"": 220}, {""anchor_vertex"": 9959, ""edge_count"": 2, ""end_node_index"": 223, ""start_node_index"": 221}]",MULTIPLE_REPEATED_VERTICES
analyzed,paris_bures_02_multi_tight,development,tmp_scalar_via_recovered_non_elementary_walks.json,/candidates[90],"P,P",10018,7d89d0cc12f97beaedccbdac8fb747910f22034cfc08c9f661a4f02c9e016cdc,382,381,42787.0,667.2000020369887,9398198.0,632235.0,219.65078177951247,14.776333933204011,120,True,"{""elevation_high"": 0.0, ""elevation_low"": 0.0, ""length_high"": 0.0, ""length_low"": 0.0, ""popularity_low"": 0.0, ""width_high"": 0.0}","{""directed_edges_ok"": true, ""metric_deltas"": [0.0, 0.0, 0.0, 0.0], ""missing_edges"": 0, ""passed"": true, ""road_changes_delta"": 0}",18,2,18,0,16,"{""842"": 2, ""843"": 2, ""844"": 2, ""849"": 2, ""1478"": 2, ""1488"": 2, ""1505"": 2, ""1506"": 2, ""1531"": 2, ""1532"": 2, ""9959"": 2, ""10017"": 2, ""10022"": 2, ""10023"": 2, ""13694"": 2, ""14635"": 2, ""20203"": 2, ""20338"": 2}",False,842,,,,,,,,False,"[{""anchor_vertex"": 842, ""edge_count"": 50, ""end_node_index"": 247, ""start_node_index"": 197}, {""anchor_vertex"": 849, ""edge_count"": 48, ""end_node_index"": 246, ""start_node_index"": 198}, {""anchor_vertex"": 1506, ""edge_count"": 46, ""end_node_index"": 245, ""start_node_index"": 199}, {""anchor_vertex"": 843, ""edge_count"": 44, ""end_node_index"": 244, ""start_node_index"": 200}, {""anchor_vertex"": 844, ""edge_count"": 42, ""end_node_index"": 243, ""start_node_index"": 201}, {""anchor_vertex"": 1505, ""edge_count"": 40, ""end_node_index"": 242, ""start_node_index"": 202}, {""anchor_vertex"": 1478, ""edge_count"": 30, ""end_node_index"": 238, ""start_node_index"": 208}, {""anchor_vertex"": 1488, ""edge_count"": 22, ""end_node_index"": 234, ""start_node_index"": 212}, {""anchor_vertex"": 20203, ""edge_count"": 20, ""end_node_index"": 233, ""start_node_index"": 213}, {""anchor_vertex"": 14635, ""edge_count"": 18, ""end_node_index"": 232, ""start_node_index"": 214}, {""anchor_vertex"": 1531, ""edge_count"": 16, ""end_node_index"": 231, ""start_node_index"": 215}, {""anchor_vertex"": 20338, ""edge_count"": 14, ""end_node_index"": 230, ""start_node_index"": 216}, {""anchor_vertex"": 13694, ""edge_count"": 12, ""end_node_index"": 229, ""start_node_index"": 217}, {""anchor_vertex"": 1532, ""edge_count"": 10, ""end_node_index"": 228, ""start_node_index"": 218}, {""anchor_vertex"": 10022, ""edge_count"": 8, ""end_node_index"": 227, ""start_node_index"": 219}, {""anchor_vertex"": 10023, ""edge_count"": 6, ""end_node_index"": 226, ""start_node_index"": 220}, {""anchor_vertex"": 9959, ""edge_count"": 4, ""end_node_index"": 225, ""start_node_index"": 221}, {""anchor_vertex"": 10017, ""edge_count"": 2, ""end_node_index"": 224, ""start_node_index"": 222}]",MULTIPLE_REPEATED_VERTICES
analyzed,paris_bures_02_multi_tight,development,tmp_scalar_via_recovered_non_elementary_walks.json,/candidates[91],"P,P",10019,309468b998bf5775393c951feb800f068d014734b961cffb31302a966802568d,386,385,43093.0,669.9000019952655,9403778.0,635295.0,218.22054626041353,14.742417562017033,122,True,"{""elevation_high"": 0.0, ""elevation_low"": 0.0, ""length_high"": 0.0, ""length_low"": 0.0, ""popularity_low"": 0.0, ""width_high"": 0.0}","{""directed_edges_ok"": true, ""metric_deltas"": [0.0, 0.0, 0.0, 0.0], ""missing_edges"": 0, ""passed"": true, ""road_changes_delta"": 0}",20,2,20,0,18,"{""842"": 2, ""843"": 2, ""844"": 2, ""849"": 2, ""1478"": 2, ""1488"": 2, ""1505"": 2, ""1506"": 2, ""1531"": 2, ""1532"": 2, ""9959"": 2, ""10017"": 2, ""10018"": 2, ""10020"": 2, ""10022"": 2, ""10023"": 2, ""13694"": 2, ""14635"": 2, ""20203"": 2, ""20338"": 2}",False,842,,,,,,,,False,"[{""anchor_vertex"": 842, ""edge_count"": 54, ""end_node_index"": 251, ""start_node_index"": 197}, {""anchor_vertex"": 849, ""edge_count"": 52, ""end_node_index"": 250, ""start_node_index"": 198}, {""anchor_vertex"": 1506, ""edge_count"": 50, ""end_node_index"": 249, ""start_node_index"": 199}, {""anchor_vertex"": 843, ""edge_count"": 48, ""end_node_index"": 248, ""start_node_index"": 200}, {""anchor_vertex"": 844, ""edge_count"": 46, ""end_node_index"": 247, ""start_node_index"": 201}, {""anchor_vertex"": 1505, ""edge_count"": 44, ""end_node_index"": 246, ""start_node_index"": 202}, {""anchor_vertex"": 1478, ""edge_count"": 34, ""end_node_index"": 242, ""start_node_index"": 208}, {""anchor_vertex"": 1488, ""edge_count"": 26, ""end_node_index"": 238, ""start_node_index"": 212}, {""anchor_vertex"": 20203, ""edge_count"": 24, ""end_node_index"": 237, ""start_node_index"": 213}, {""anchor_vertex"": 14635, ""edge_count"": 22, ""end_node_index"": 236, ""start_node_index"": 214}, {""anchor_vertex"": 1531, ""edge_count"": 20, ""end_node_index"": 235, ""start_node_index"": 215}, {""anchor_vertex"": 20338, ""edge_count"": 18, ""end_node_index"": 234, ""start_node_index"": 216}, {""anchor_vertex"": 13694, ""edge_count"": 16, ""end_node_index"": 233, ""start_node_index"": 217}, {""anchor_vertex"": 1532, ""edge_count"": 14, ""end_node_index"": 232, ""start_node_index"": 218}, {""anchor_vertex"": 10022, ""edge_count"": 12, ""end_node_index"": 231, ""start_node_index"": 219}, {""anchor_vertex"": 10023, ""edge_count"": 10, ""end_node_index"": 230, ""start_node_index"": 220}, {""anchor_vertex"": 9959, ""edge_count"": 8, ""end_node_index"": 229, ""start_node_index"": 221}, {""anchor_vertex"": 10017, ""edge_count"": 6, ""end_node_index"": 228, ""start_node_index"": 222}, {""anchor_vertex"": 10018, ""edge_count"": 4, ""end_node_index"": 227, ""start_node_index"": 223}, {""anchor_vertex"": 10020, ""edge_count"": 2, ""end_node_index"": 226, ""start_node_index"": 224}]",MULTIPLE_REPEATED_VERTICES
analyzed,paris_bures_02_multi_tight,development,tmp_scalar_via_recovered_non_elementary_walks.json,/candidates[92],"P,P",10020,4e7b178b55145e3251ac5a121a52f2f823ac16e200e36c5dd6a0ae38eaa53520,384,383,42833.0,667.6000020429492,9403258.0,632695.0,219.53302360329653,14.77120444517078,122,True,"{""elevation_high"": 0.0, ""elevation_low"": 0.0, ""length_high"": 0.0, ""length_low"": 0.0, ""popularity_low"": 0.0, ""width_high"": 0.0}","{""directed_edges_ok"": true, ""metric_deltas"": [0.0, 0.0, 0.0, 0.0], ""missing_edges"": 0, ""passed"": true, ""road_changes_delta"": 0}",19,2,19,0,17,"{""842"": 2, ""843"": 2, ""844"": 2, ""849"": 2, ""1478"": 2, ""1488"": 2, ""1505"": 2, ""1506"": 2, ""1531"": 2, ""1532"": 2, ""9959"": 2, ""10017"": 2, ""10018"": 2, ""10022"": 2, ""10023"": 2, ""13694"": 2, ""14635"": 2, ""20203"": 2, ""20338"": 2}",False,842,,,,,,,,False,"[{""anchor_vertex"": 842, ""edge_count"": 52, ""end_node_index"": 249, ""start_node_index"": 197}, {""anchor_vertex"": 849, ""edge_count"": 50, ""end_node_index"": 248, ""start_node_index"": 198}, {""anchor_vertex"": 1506, ""edge_count"": 48, ""end_node_index"": 247, ""start_node_index"": 199}, {""anchor_vertex"": 843, ""edge_count"": 46, ""end_node_index"": 246, ""start_node_index"": 200}, {""anchor_vertex"": 844, ""edge_count"": 44, ""end_node_index"": 245, ""start_node_index"": 201}, {""anchor_vertex"": 1505, ""edge_count"": 42, ""end_node_index"": 244, ""start_node_index"": 202}, {""anchor_vertex"": 1478, ""edge_count"": 32, ""end_node_index"": 240, ""start_node_index"": 208}, {""anchor_vertex"": 1488, ""edge_count"": 24, ""end_node_index"": 236, ""start_node_index"": 212}, {""anchor_vertex"": 20203, ""edge_count"": 22, ""end_node_index"": 235, ""start_node_index"": 213}, {""anchor_vertex"": 14635, ""edge_count"": 20, ""end_node_index"": 234, ""start_node_index"": 214}, {""anchor_vertex"": 1531, ""edge_count"": 18, ""end_node_index"": 233, ""start_node_index"": 215}, {""anchor_vertex"": 20338, ""edge_count"": 16, ""end_node_index"": 232, ""start_node_index"": 216}, {""anchor_vertex"": 13694, ""edge_count"": 14, ""end_node_index"": 231, ""start_node_index"": 217}, {""anchor_vertex"": 1532, ""edge_count"": 12, ""end_node_index"": 230, ""start_node_index"": 218}, {""anchor_vertex"": 10022, ""edge_count"": 10, ""end_node_index"": 229, ""start_node_index"": 219}, {""anchor_vertex"": 10023, ""edge_count"": 8, ""end_node_index"": 228, ""start_node_index"": 220}, {""anchor_vertex"": 9959, ""edge_count"": 6, ""end_node_index"": 227, ""start_node_index"": 221}, {""anchor_vertex"": 10017, ""edge_count"": 4, ""end_node_index"": 226, ""start_node_index"": 222}, {""anchor_vertex"": 10018, ""edge_count"": 2, ""end_node_index"": 225, ""start_node_index"": 223}]",MULTIPLE_REPEATED_VERTICES
analyzed,paris_bures_02_multi_tight,development,tmp_scalar_via_recovered_non_elementary_walks.json,/candidates[93],"P,P",10021,d38fc8ca26e590d1b9a2ea006150e5cb144cf3f6318d80246f0fe890d62997b4,376,375,42079.0,666.1000019982457,9322382.0,628455.0,221.54476104470163,14.935122032367689,114,True,"{""elevation_high"": 0.0, ""elevation_low"": 0.0, ""length_high"": 0.0, ""length_low"": 0.0, ""popularity_low"": 0.0, ""width_high"": 0.0}","{""directed_edges_ok"": true, ""metric_deltas"": [0.0, 0.0, 0.0, 0.0], ""missing_edges"": 0, ""passed"": true, ""road_changes_delta"": 0}",15,2,15,0,13,"{""842"": 2, ""843"": 2, ""844"": 2, ""849"": 2, ""1478"": 2, ""1488"": 2, ""1505"": 2, ""1506"": 2, ""1531"": 2, ""1532"": 2, ""10022"": 2, ""13694"": 2, ""14635"": 2, ""20203"": 2, ""20338"": 2}",False,842,,,,,,,,False,"[{""anchor_vertex"": 842, ""edge_count"": 44, ""end_node_index"": 241, ""start_node_index"": 197}, {""anchor_vertex"": 849, ""edge_count"": 42, ""end_node_index"": 240, ""start_node_index"": 198}, {""anchor_vertex"": 1506, ""edge_count"": 40, ""end_node_index"": 239, ""start_node_index"": 199}, {""anchor_vertex"": 843, ""edge_count"": 38, ""end_node_index"": 238, ""start_node_index"": 200}, {""anchor_vertex"": 844, ""edge_count"": 36, ""end_node_index"": 237, ""start_node_index"": 201}, {""anchor_vertex"": 1505, ""edge_count"": 34, ""end_node_index"": 236, ""start_node_index"": 202}, {""anchor_vertex"": 1478, ""edge_count"": 24, ""end_node_index"": 232, ""start_node_index"": 208}, {""anchor_vertex"": 1488, ""edge_count"": 16, ""end_node_index"": 228, ""start_node_index"": 212}, {""anchor_vertex"": 20203, ""edge_count"": 14, ""end_node_index"": 227, ""start_node_index"": 213}, {""anchor_vertex"": 14635, ""edge_count"": 12, ""end_node_index"": 226, ""start_node_index"": 214}, {""anchor_vertex"": 1531, ""edge_count"": 10, ""end_node_index"": 225, ""start_node_index"": 215}, {""anchor_vertex"": 20338, ""edge_count"": 8, ""end_node_index"": 224, ""start_node_index"": 216}, {""anchor_vertex"": 13694, ""edge_count"": 6, ""end_node_index"": 223, ""start_node_index"": 217}, {""anchor_vertex"": 1532, ""edge_count"": 4, ""end_node_index"": 222, ""start_node_index"": 218}, {""anchor_vertex"": 10022, ""edge_count"": 2, ""end_node_index"": 221, ""start_node_index"": 219}]",MULTIPLE_REPEATED_VERTICES
analyzed,paris_bures_02_multi_tight,development,tmp_scalar_via_recovered_non_elementary_walks.json,/candidates[94],"P,P",10022,b9670e33e15d8753a34dbe081687860dd4cc77427d5ad1f250383846a7ed4a59,374,373,42003.0,665.5000019744039,9320102.0,628075.0,221.89134109468372,14.953098588196081,114,True,"{""elevation_high"": 0.0, ""elevation_low"": 0.0, ""length_high"": 0.0, ""length_low"": 0.0, ""popularity_low"": 0.0, ""width_high"": 0.0}","{""directed_edges_ok"": true, ""metric_deltas"": [0.0, 0.0, 0.0, 0.0], ""missing_edges"": 0, ""passed"": true, ""road_changes_delta"": 0}",14,2,14,0,12,"{""842"": 2, ""843"": 2, ""844"": 2, ""849"": 2, ""1478"": 2, ""1488"": 2, ""1505"": 2, ""1506"": 2, ""1531"": 2, ""1532"": 2, ""13694"": 2, ""14635"": 2, ""20203"": 2, ""20338"": 2}",False,842,,,,,,,,False,"[{""anchor_vertex"": 842, ""edge_count"": 42, ""end_node_index"": 239, ""start_node_index"": 197}, {""anchor_vertex"": 849, ""edge_count"": 40, ""end_node_index"": 238, ""start_node_index"": 198}, {""anchor_vertex"": 1506, ""edge_count"": 38, ""end_node_index"": 237, ""start_node_index"": 199}, {""anchor_vertex"": 843, ""edge_count"": 36, ""end_node_index"": 236, ""start_node_index"": 200}, {""anchor_vertex"": 844, ""edge_count"": 34, ""end_node_index"": 235, ""start_node_index"": 201}, {""anchor_vertex"": 1505, ""edge_count"": 32, ""end_node_index"": 234, ""start_node_index"": 202}, {""anchor_vertex"": 1478, ""edge_count"": 22, ""end_node_index"": 230, ""start_node_index"": 208}, {""anchor_vertex"": 1488, ""edge_count"": 14, ""end_node_index"": 226, ""start_node_index"": 212}, {""anchor_vertex"": 20203, ""edge_count"": 12, ""end_node_index"": 225, ""start_node_index"": 213}, {""anchor_vertex"": 14635, ""edge_count"": 10, ""end_node_index"": 224, ""start_node_index"": 214}, {""anchor_vertex"": 1531, ""edge_count"": 8, ""end_node_index"": 223, ""start_node_index"": 215}, {""anchor_vertex"": 20338, ""edge_count"": 6, ""end_node_index"": 222, ""start_node_index"": 216}, {""anchor_vertex"": 13694, ""edge_count"": 4, ""end_node_index"": 221, ""start_node_index"": 217}, {""anchor_vertex"": 1532, ""edge_count"": 2, ""end_node_index"": 220, ""start_node_index"": 218}]",MULTIPLE_REPEATED_VERTICES
analyzed,paris_bures_02_multi_tight,development,tmp_scalar_via_recovered_non_elementary_walks.json,/candidates[95],"P,P",10023,27fabc6d526ebfd565468c164d0f84c717e30734a8ab77a3ac6074c7d86d5cc2,376,375,42321.0,665.8000019863248,9339182.0,629665.0,220.67488953474634,14.87831100399329,116,True,"{""elevation_high"": 0.0, ""elevation_low"": 0.0, ""length_high"": 0.0, ""length_low"": 0.0, ""popularity_low"": 0.0, ""width_high"": 0.0}","{""directed_edges_ok"": true, ""metric_deltas"": [0.0, 0.0, 0.0, 0.0], ""missing_edges"": 0, ""passed"": true, ""road_changes_delta"": 0}",15,2,15,0,13,"{""842"": 2, ""843"": 2, ""844"": 2, ""849"": 2, ""1478"": 2, ""1488"": 2, ""1505"": 2, ""1506"": 2, ""1531"": 2, ""1532"": 2, ""10022"": 2, ""13694"": 2, ""14635"": 2, ""20203"": 2, ""20338"": 2}",False,842,,,,,,,,False,"[{""anchor_vertex"": 842, ""edge_count"": 44, ""end_node_index"": 241, ""start_node_index"": 197}, {""anchor_vertex"": 849, ""edge_count"": 42, ""end_node_index"": 240, ""start_node_index"": 198}, {""anchor_vertex"": 1506, ""edge_count"": 40, ""end_node_index"": 239, ""start_node_index"": 199}, {""anchor_vertex"": 843, ""edge_count"": 38, ""end_node_index"": 238, ""start_node_index"": 200}, {""anchor_vertex"": 844, ""edge_count"": 36, ""end_node_index"": 237, ""start_node_index"": 201}, {""anchor_vertex"": 1505, ""edge_count"": 34, ""end_node_index"": 236, ""start_node_index"": 202}, {""anchor_vertex"": 1478, ""edge_count"": 24, ""end_node_index"": 232, ""start_node_index"": 208}, {""anchor_vertex"": 1488, ""edge_count"": 16, ""end_node_index"": 228, ""start_node_index"": 212}, {""anchor_vertex"": 20203, ""edge_count"": 14, ""end_node_index"": 227, ""start_node_index"": 213}, {""anchor_vertex"": 14635, ""edge_count"": 12, ""end_node_index"": 226, ""start_node_index"": 214}, {""anchor_vertex"": 1531, ""edge_count"": 10, ""end_node_index"": 225, ""start_node_index"": 215}, {""anchor_vertex"": 20338, ""edge_count"": 8, ""end_node_index"": 224, ""start_node_index"": 216}, {""anchor_vertex"": 13694, ""edge_count"": 6, ""end_node_index"": 223, ""start_node_index"": 217}, {""anchor_vertex"": 1532, ""edge_count"": 4, ""end_node_index"": 222, ""start_node_index"": 218}, {""anchor_vertex"": 10022, ""edge_count"": 2, ""end_node_index"": 221, ""start_node_index"": 219}]",MULTIPLE_REPEATED_VERTICES
analyzed,paris_bures_02_multi_tight,development,tmp_scalar_via_recovered_non_elementary_walks.json,/candidates[96],"P,P",10024,65c817faf31c05eb2df1afb8ea77a56d934235029cc1dcc9a14a9b475e2cd850,378,377,42497.0,667.3000019863248,9344814.0,631425.0,219.89349836459044,14.858107631126902,118,True,"{""elevation_high"": 0.0, ""elevation_low"": 0.0, ""length_high"": 0.0, ""length_low"": 0.0, ""popularity_low"": 0.0, ""width_high"": 0.0}","{""directed_edges_ok"": true, ""metric_deltas"": [0.0, 0.0, 0.0, 0.0], ""missing_edges"": 0, ""passed"": true, ""road_changes_delta"": 0}",16,2,16,0,14,"{""842"": 2, ""843"": 2, ""844"": 2, ""849"": 2, ""1478"": 2, ""1488"": 2, ""1505"": 2, ""1506"": 2, ""1531"": 2, ""1532"": 2, ""10022"": 2, ""10023"": 2, ""13694"": 2, ""14635"": 2, ""20203"": 2, ""20338"": 2}",False,842,,,,,,,,False,"[{""anchor_vertex"": 842, ""edge_count"": 46, ""end_node_index"": 243, ""start_node_index"": 197}, {""anchor_vertex"": 849, ""edge_count"": 44, ""end_node_index"": 242, ""start_node_index"": 198}, {""anchor_vertex"": 1506, ""edge_count"": 42, ""end_node_index"": 241, ""start_node_index"": 199}, {""anchor_vertex"": 843, ""edge_count"": 40, ""end_node_index"": 240, ""start_node_index"": 200}, {""anchor_vertex"": 844, ""edge_count"": 38, ""end_node_index"": 239, ""start_node_index"": 201}, {""anchor_vertex"": 1505, ""edge_count"": 36, ""end_node_index"": 238, ""start_node_index"": 202}, {""anchor_vertex"": 1478, ""edge_count"": 26, ""end_node_index"": 234, ""start_node_index"": 208}, {""anchor_vertex"": 1488, ""edge_count"": 18, ""end_node_index"": 230, ""start_node_index"": 212}, {""anchor_vertex"": 20203, ""edge_count"": 16, ""end_node_index"": 229, ""start_node_index"": 213}, {""anchor_vertex"": 14635, ""edge_count"": 14, ""end_node_index"": 228, ""start_node_index"": 214}, {""anchor_vertex"": 1531, ""edge_count"": 12, ""end_node_index"": 227, ""start_node_index"": 215}, {""anchor_vertex"": 20338, ""edge_count"": 10, ""end_node_index"": 226, ""start_node_index"": 216}, {""anchor_vertex"": 13694, ""edge_count"": 8, ""end_node_index"": 225, ""start_node_index"": 217}, {""anchor_vertex"": 1532, ""edge_count"": 6, ""end_node_index"": 224, ""start_node_index"": 218}, {""anchor_vertex"": 10022, ""edge_count"": 4, ""end_node_index"": 223, ""start_node_index"": 219}, {""anchor_vertex"": 10023, ""edge_count"": 2, ""end_node_index"": 222, ""start_node_index"": 220}]",MULTIPLE_REPEATED_VERTICES
analyzed,paris_bures_02_multi_tight,development,tmp_scalar_via_recovered_non_elementary_walks.json,/candidates[97],"P,P",10025,ce61c06503f07f1781ee9c65afd36cd2ab2364c1dea5ebcde2fc816f094877fc,380,379,42585.0,667.6000020578504,9349566.0,631865.0,219.55068686157097,14.837736292121638,118,True,"{""elevation_high"": 0.0, ""elevation_low"": 0.0, ""length_high"": 0.0, ""length_low"": 0.0, ""popularity_low"": 0.0, ""width_high"": 0.0}","{""directed_edges_ok"": true, ""metric_deltas"": [0.0, 0.0, 0.0, 0.0], ""missing_edges"": 0, ""passed"": true, ""road_changes_delta"": 0}",17,2,17,0,15,"{""842"": 2, ""843"": 2, ""844"": 2, ""849"": 2, ""1478"": 2, ""1488"": 2, ""1505"": 2, ""1506"": 2, ""1531"": 2, ""1532"": 2, ""9959"": 2, ""10022"": 2, ""10023"": 2, ""13694"": 2, ""14635"": 2, ""20203"": 2, ""20338"": 2}",False,842,,,,,,,,False,"[{""anchor_vertex"": 842, ""edge_count"": 48, ""end_node_index"": 245, ""start_node_index"": 197}, {""anchor_vertex"": 849, ""edge_count"": 46, ""end_node_index"": 244, ""start_node_index"": 198}, {""anchor_vertex"": 1506, ""edge_count"": 44, ""end_node_index"": 243, ""start_node_index"": 199}, {""anchor_vertex"": 843, ""edge_count"": 42, ""end_node_index"": 242, ""start_node_index"": 200}, {""anchor_vertex"": 844, ""edge_count"": 40, ""end_node_index"": 241, ""start_node_index"": 201}, {""anchor_vertex"": 1505, ""edge_count"": 38, ""end_node_index"": 240, ""start_node_index"": 202}, {""anchor_vertex"": 1478, ""edge_count"": 28, ""end_node_index"": 236, ""start_node_index"": 208}, {""anchor_vertex"": 1488, ""edge_count"": 20, ""end_node_index"": 232, ""start_node_index"": 212}, {""anchor_vertex"": 20203, ""edge_count"": 18, ""end_node_index"": 231, ""start_node_index"": 213}, {""anchor_vertex"": 14635, ""edge_count"": 16, ""end_node_index"": 230, ""start_node_index"": 214}, {""anchor_vertex"": 1531, ""edge_count"": 14, ""end_node_index"": 229, ""start_node_index"": 215}, {""anchor_vertex"": 20338, ""edge_count"": 12, ""end_node_index"": 228, ""start_node_index"": 216}, {""anchor_vertex"": 13694, ""edge_count"": 10, ""end_node_index"": 227, ""start_node_index"": 217}, {""anchor_vertex"": 1532, ""edge_count"": 8, ""end_node_index"": 226, ""start_node_index"": 218}, {""anchor_vertex"": 10022, ""edge_count"": 6, ""end_node_index"": 225, ""start_node_index"": 219}, {""anchor_vertex"": 10023, ""edge_count"": 4, ""end_node_index"": 224, ""start_node_index"": 220}, {""anchor_vertex"": 9959, ""edge_count"": 2, ""end_node_index"": 223, ""start_node_index"": 221}]",MULTIPLE_REPEATED_VERTICES
analyzed,paris_bures_02_multi_tight,development,tmp_scalar_via_recovered_non_elementary_walks.json,/candidates[98],"P,P",13694,00f4ea5113b886f14bbe083509d1e7d9a9e4eea71737f760e5643741e558967a,370,369,41683.0,661.900001950562,9270766.0,624955.0,222.41119881006645,14.993042727250918,112,True,"{""elevation_high"": 0.0, ""elevation_low"": 0.0, ""length_high"": 0.0, ""length_low"": 0.0, ""popularity_low"": 0.0, ""width_high"": 0.0}","{""directed_edges_ok"": true, ""metric_deltas"": [0.0, 0.0, 0.0, 0.0], ""missing_edges"": 0, ""passed"": true, ""road_changes_delta"": 0}",12,2,12,0,10,"{""842"": 2, ""843"": 2, ""844"": 2, ""849"": 2, ""1478"": 2, ""1488"": 2, ""1505"": 2, ""1506"": 2, ""1531"": 2, ""14635"": 2, ""20203"": 2, ""20338"": 2}",False,842,,,,,,,,False,"[{""anchor_vertex"": 842, ""edge_count"": 38, ""end_node_index"": 235, ""start_node_index"": 197}, {""anchor_vertex"": 849, ""edge_count"": 36, ""end_node_index"": 234, ""start_node_index"": 198}, {""anchor_vertex"": 1506, ""edge_count"": 34, ""end_node_index"": 233, ""start_node_index"": 199}, {""anchor_vertex"": 843, ""edge_count"": 32, ""end_node_index"": 232, ""start_node_index"": 200}, {""anchor_vertex"": 844, ""edge_count"": 30, ""end_node_index"": 231, ""start_node_index"": 201}, {""anchor_vertex"": 1505, ""edge_count"": 28, ""end_node_index"": 230, ""start_node_index"": 202}, {""anchor_vertex"": 1478, ""edge_count"": 18, ""end_node_index"": 226, ""start_node_index"": 208}, {""anchor_vertex"": 1488, ""edge_count"": 10, ""end_node_index"": 222, ""start_node_index"": 212}, {""anchor_vertex"": 20203, ""edge_count"": 8, ""end_node_index"": 221, ""start_node_index"": 213}, {""anchor_vertex"": 14635, ""edge_count"": 6, ""end_node_index"": 220, ""start_node_index"": 214}, {""anchor_vertex"": 1531, ""edge_count"": 4, ""end_node_index"": 219, ""start_node_index"": 215}, {""anchor_vertex"": 20338, ""edge_count"": 2, ""end_node_index"": 218, ""start_node_index"": 216}]",MULTIPLE_REPEATED_VERTICES
analyzed,paris_bures_02_multi_tight,development,tmp_scalar_via_recovered_non_elementary_walks.json,/candidates[99],"P,P",17089,71ff9ee86ef4e675bf6bbc06dd28e905fa289e00f8284a3064a33dddc887ef18,359,358,42324.0,635.2000023499131,9442461.0,622055.0,223.09944712220016,14.697452981759758,113,True,"{""elevation_high"": 0.0, ""elevation_low"": 0.0, ""length_high"": 0.0, ""length_low"": 0.0, ""popularity_low"": 0.0, ""width_high"": 0.0}","{""directed_edges_ok"": true, ""metric_deltas"": [0.0, 0.0, 0.0, 0.0], ""missing_edges"": 0, ""passed"": true, ""road_changes_delta"": 0}",9,2,9,0,7,"{""1571"": 2, ""4748"": 2, ""4755"": 2, ""11958"": 2, ""12318"": 2, ""15760"": 2, ""15800"": 2, ""15801"": 2, ""17001"": 2}",False,1571,,,,,,,,False,"[{""anchor_vertex"": 4755, ""edge_count"": 31, ""end_node_index"": 144, ""start_node_index"": 113}, {""anchor_vertex"": 4748, ""edge_count"": 29, ""end_node_index"": 143, ""start_node_index"": 114}, {""anchor_vertex"": 15760, ""edge_count"": 16, ""end_node_index"": 134, ""start_node_index"": 118}, {""anchor_vertex"": 15800, ""edge_count"": 14, ""end_node_index"": 133, ""start_node_index"": 119}, {""anchor_vertex"": 15801, ""edge_count"": 12, ""end_node_index"": 132, ""start_node_index"": 120}, {""anchor_vertex"": 12318, ""edge_count"": 10, ""end_node_index"": 131, ""start_node_index"": 121}, {""anchor_vertex"": 11958, ""edge_count"": 8, ""end_node_index"": 130, ""start_node_index"": 122}, {""anchor_vertex"": 1571, ""edge_count"": 6, ""end_node_index"": 129, ""start_node_index"": 123}, {""anchor_vertex"": 17001, ""edge_count"": 2, ""end_node_index"": 127, ""start_node_index"": 125}]",MULTIPLE_REPEATED_VERTICES
analyzed,paris_bures_02_multi_tight,development,tmp_scalar_via_recovered_non_elementary_walks.json,/candidates[100],"P,P",20338,e1110099046338605a16e97a682905a02eccb1b29f1ffa6cc94c9a4eefb619e5,368,367,41667.0,661.5000019446015,9267134.0,624715.0,222.4094367245062,14.993040055679554,112,True,"{""elevation_high"": 0.0, ""elevation_low"": 0.0, ""length_high"": 0.0, ""length_low"": 0.0, ""popularity_low"": 0.0, ""width_high"": 0.0}","{""directed_edges_ok"": true, ""metric_deltas"": [0.0, 0.0, 0.0, 0.0], ""missing_edges"": 0, ""passed"": true, ""road_changes_delta"": 0}",11,2,11,0,9,"{""842"": 2, ""843"": 2, ""844"": 2, ""849"": 2, ""1478"": 2, ""1488"": 2, ""1505"": 2, ""1506"": 2, ""1531"": 2, ""14635"": 2, ""20203"": 2}",False,842,,,,,,,,False,"[{""anchor_vertex"": 842, ""edge_count"": 36, ""end_node_index"": 233, ""start_node_index"": 197}, {""anchor_vertex"": 849, ""edge_count"": 34, ""end_node_index"": 232, ""start_node_index"": 198}, {""anchor_vertex"": 1506, ""edge_count"": 32, ""end_node_index"": 231, ""start_node_index"": 199}, {""anchor_vertex"": 843, ""edge_count"": 30, ""end_node_index"": 230, ""start_node_index"": 200}, {""anchor_vertex"": 844, ""edge_count"": 28, ""end_node_index"": 229, ""start_node_index"": 201}, {""anchor_vertex"": 1505, ""edge_count"": 26, ""end_node_index"": 228, ""start_node_index"": 202}, {""anchor_vertex"": 1478, ""edge_count"": 16, ""end_node_index"": 224, ""start_node_index"": 208}, {""anchor_vertex"": 1488, ""edge_count"": 8, ""end_node_index"": 220, ""start_node_index"": 212}, {""anchor_vertex"": 20203, ""edge_count"": 6, ""end_node_index"": 219, ""start_node_index"": 213}, {""anchor_vertex"": 14635, ""edge_count"": 4, ""end_node_index"": 218, ""start_node_index"": 214}, {""anchor_vertex"": 1531, ""edge_count"": 2, ""end_node_index"": 217, ""start_node_index"": 215}]",MULTIPLE_REPEATED_VERTICES
analyzed,paris_bures_02_multi_tight,development,tmp_scalar_via_recovered_non_elementary_walks.json,/candidates[101],"P,S",1475,bedee98f13d5769ca7345d2d7dc7698236312387108af073d30a4b49a721758b,361,360,42750.0,676.2000020295382,9070927.0,648140.0,212.1854269005848,15.161169590643276,123,True,"{""elevation_high"": 0.0, ""elevation_low"": 0.0, ""length_high"": 0.0, ""length_low"": 0.0, ""popularity_low"": 0.0, ""width_high"": 0.0}","{""directed_edges_ok"": true, ""metric_deltas"": [0.0, 0.0, 0.0, 0.0], ""missing_edges"": 0, ""passed"": true, ""road_changes_delta"": 0}",11,2,11,0,8,"{""842"": 2, ""843"": 2, ""844"": 2, ""849"": 2, ""1478"": 2, ""1488"": 2, ""1505"": 2, ""1506"": 2, ""1531"": 2, ""14635"": 2, ""20203"": 2}",False,842,,,,,,,,False,"[{""anchor_vertex"": 842, ""edge_count"": 54, ""end_node_index"": 251, ""start_node_index"": 197}, {""anchor_vertex"": 849, ""edge_count"": 52, ""end_node_index"": 250, ""start_node_index"": 198}, {""anchor_vertex"": 1506, ""edge_count"": 50, ""end_node_index"": 249, ""start_node_index"": 199}, {""anchor_vertex"": 843, ""edge_count"": 48, ""end_node_index"": 248, ""start_node_index"": 200}, {""anchor_vertex"": 844, ""edge_count"": 46, ""end_node_index"": 247, ""start_node_index"": 201}, {""anchor_vertex"": 1505, ""edge_count"": 44, ""end_node_index"": 246, ""start_node_index"": 202}, {""anchor_vertex"": 1478, ""edge_count"": 34, ""end_node_index"": 242, ""start_node_index"": 208}, {""anchor_vertex"": 1488, ""edge_count"": 26, ""end_node_index"": 238, ""start_node_index"": 212}, {""anchor_vertex"": 20203, ""edge_count"": 24, ""end_node_index"": 237, ""start_node_index"": 213}, {""anchor_vertex"": 14635, ""edge_count"": 22, ""end_node_index"": 236, ""start_node_index"": 214}, {""anchor_vertex"": 1531, ""edge_count"": 20, ""end_node_index"": 235, ""start_node_index"": 215}]",MULTIPLE_REPEATED_VERTICES
analyzed,paris_bures_02_multi_tight,development,tmp_scalar_via_recovered_non_elementary_walks.json,/candidates[102],"P,S",1476,edb86316a7debce12c52af2b5dad70f8b49eddc6b9f1f4b208f981d3b71ec598,367,366,42923.0,677.5000015646219,9097944.0,651510.0,211.95964867320552,15.178575588845142,127,True,"{""elevation_high"": 0.0, ""elevation_low"": 0.0, ""length_high"": 0.0, ""length_low"": 0.0, ""popularity_low"": 0.0, ""width_high"": 0.0}","{""directed_edges_ok"": true, ""metric_deltas"": [0.0, 0.0, 0.0, 0.0], ""missing_edges"": 0, ""passed"": true, ""road_changes_delta"": 0}",11,2,11,0,8,"{""842"": 2, ""843"": 2, ""844"": 2, ""849"": 2, ""1478"": 2, ""1488"": 2, ""1505"": 2, ""1506"": 2, ""1531"": 2, ""14635"": 2, ""20203"": 2}",False,842,,,,,,,,False,"[{""anchor_vertex"": 842, ""edge_count"": 60, ""end_node_index"": 257, ""start_node_index"": 197}, {""anchor_vertex"": 849, ""edge_count"": 58, ""end_node_index"": 256, ""start_node_index"": 198}, {""anchor_vertex"": 1506, ""edge_count"": 56, ""end_node_index"": 255, ""start_node_index"": 199}, {""anchor_vertex"": 843, ""edge_count"": 54, ""end_node_index"": 254, ""start_node_index"": 200}, {""anchor_vertex"": 844, ""edge_count"": 52, ""end_node_index"": 253, ""start_node_index"": 201}, {""anchor_vertex"": 1505, ""edge_count"": 50, ""end_node_index"": 252, ""start_node_index"": 202}, {""anchor_vertex"": 1478, ""edge_count"": 40, ""end_node_index"": 248, ""start_node_index"": 208}, {""anchor_vertex"": 1488, ""edge_count"": 32, ""end_node_index"": 244, ""start_node_index"": 212}, {""anchor_vertex"": 20203, ""edge_count"": 30, ""end_node_index"": 243, ""start_node_index"": 213}, {""anchor_vertex"": 14635, ""edge_count"": 28, ""end_node_index"": 242, ""start_node_index"": 214}, {""anchor_vertex"": 1531, ""edge_count"": 26, ""end_node_index"": 241, ""start_node_index"": 215}]",MULTIPLE_REPEATED_VERTICES
analyzed,paris_bures_02_multi_tight,development,tmp_scalar_via_recovered_non_elementary_walks.json,/candidates[103],"P,S",1892,920092455932ab56470e9f15e3a91aec0f077a35ad2e454324873d2141244d3d,373,372,43407.0,679.3000015541911,9083825.0,634285.0,209.27097012002673,14.612504895523763,129,True,"{""elevation_high"": 0.0, ""elevation_low"": 0.0, ""length_high"": 0.0, ""length_low"": 0.0, ""popularity_low"": 0.0, ""width_high"": 0.0}","{""directed_edges_ok"": true, ""metric_deltas"": [0.0, 0.0, 0.0, 0.0], ""missing_edges"": 0, ""passed"": true, ""road_changes_delta"": 0}",18,2,18,0,15,"{""842"": 2, ""843"": 2, ""844"": 2, ""849"": 2, ""1478"": 2, ""1488"": 2, ""1505"": 2, ""1506"": 2, ""1531"": 2, ""1532"": 2, ""9953"": 2, ""9959"": 2, ""10022"": 2, ""10023"": 2, ""13694"": 2, ""14635"": 2, ""20203"": 2, ""20338"": 2}",False,842,,,,,,,,False,"[{""anchor_vertex"": 842, ""edge_count"": 66, ""end_node_index"": 263, ""start_node_index"": 197}, {""anchor_vertex"": 849, ""edge_count"": 64, ""end_node_index"": 262, ""start_node_index"": 198}, {""anchor_vertex"": 1506, ""edge_count"": 62, ""end_node_index"": 261, ""start_node_index"": 199}, {""anchor_vertex"": 843, ""edge_count"": 60, ""end_node_index"": 260, ""start_node_index"": 200}, {""anchor_vertex"": 844, ""edge_count"": 58, ""end_node_index"": 259, ""start_node_index"": 201}, {""anchor_vertex"": 1505, ""edge_count"": 56, ""end_node_index"": 258, ""start_node_index"": 202}, {""anchor_vertex"": 1478, ""edge_count"": 46, ""end_node_index"": 254, ""start_node_index"": 208}, {""anchor_vertex"": 1488, ""edge_count"": 38, ""end_node_index"": 250, ""start_node_index"": 212}, {""anchor_vertex"": 20203, ""edge_count"": 36, ""end_node_index"": 249, ""start_node_index"": 213}, {""anchor_vertex"": 14635, ""edge_count"": 34, ""end_node_index"": 248, ""start_node_index"": 214}, {""anchor_vertex"": 1531, ""edge_count"": 32, ""end_node_index"": 247, ""start_node_index"": 215}, {""anchor_vertex"": 20338, ""edge_count"": 30, ""end_node_index"": 246, ""start_node_index"": 216}, {""anchor_vertex"": 13694, ""edge_count"": 28, ""end_node_index"": 245, ""start_node_index"": 217}, {""anchor_vertex"": 1532, ""edge_count"": 26, ""end_node_index"": 244, ""start_node_index"": 218}, {""anchor_vertex"": 10022, ""edge_count"": 24, ""end_node_index"": 243, ""start_node_index"": 219}, {""anchor_vertex"": 10023, ""edge_count"": 22, ""end_node_index"": 242, ""start_node_index"": 220}, {""anchor_vertex"": 9959, ""edge_count"": 20, ""end_node_index"": 241, ""start_node_index"": 221}, {""anchor_vertex"": 9953, ""edge_count"": 18, ""end_node_index"": 240, ""start_node_index"": 222}]",MULTIPLE_REPEATED_VERTICES
analyzed,paris_bures_02_multi_tight,development,tmp_scalar_via_recovered_non_elementary_walks.json,/candidates[104],"P,S",1900,098e075299237cc73e9d62d5957ef6d7cd2c0a2b85651d07bc5be5dbc4b67a13,376,375,43504.0,680.100001566112,9095661.0,634070.0,209.07642975358587,14.574981610886356,131,True,"{""elevation_high"": 0.0, ""elevation_low"": 0.0, ""length_high"": 0.0, ""length_low"": 0.0, ""popularity_low"": 0.0, ""width_high"": 0.0}","{""directed_edges_ok"": true, ""metric_deltas"": [0.0, 0.0, 0.0, 0.0], ""missing_edges"": 0, ""passed"": true, ""road_changes_delta"": 0}",18,2,18,0,15,"{""842"": 2, ""843"": 2, ""844"": 2, ""849"": 2, ""1478"": 2, ""1488"": 2, ""1505"": 2, ""1506"": 2, ""1531"": 2, ""1532"": 2, ""9953"": 2, ""9959"": 2, ""10022"": 2, ""10023"": 2, ""13694"": 2, ""14635"": 2, ""20203"": 2, ""20338"": 2}",False,842,,,,,,,,False,"[{""anchor_vertex"": 842, ""edge_count"": 69, ""end_node_index"": 266, ""start_node_index"": 197}, {""anchor_vertex"": 849, ""edge_count"": 67, ""end_node_index"": 265, ""start_node_index"": 198}, {""anchor_vertex"": 1506, ""edge_count"": 65, ""end_node_index"": 264, ""start_node_index"": 199}, {""anchor_vertex"": 843, ""edge_count"": 63, ""end_node_index"": 263, ""start_node_index"": 200}, {""anchor_vertex"": 844, ""edge_count"": 61, ""end_node_index"": 262, ""start_node_index"": 201}, {""anchor_vertex"": 1505, ""edge_count"": 59, ""end_node_index"": 261, ""start_node_index"": 202}, {""anchor_vertex"": 1478, ""edge_count"": 49, ""end_node_index"": 257, ""start_node_index"": 208}, {""anchor_vertex"": 1488, ""edge_count"": 41, ""end_node_index"": 253, ""start_node_index"": 212}, {""anchor_vertex"": 20203, ""edge_count"": 39, ""end_node_index"": 252, ""start_node_index"": 213}, {""anchor_vertex"": 14635, ""edge_count"": 37, ""end_node_index"": 251, ""start_node_index"": 214}, {""anchor_vertex"": 1531, ""edge_count"": 35, ""end_node_index"": 250, ""start_node_index"": 215}, {""anchor_vertex"": 20338, ""edge_count"": 33, ""end_node_index"": 249, ""start_node_index"": 216}, {""anchor_vertex"": 13694, ""edge_count"": 31, ""end_node_index"": 248, ""start_node_index"": 217}, {""anchor_vertex"": 1532, ""edge_count"": 29, ""end_node_index"": 247, ""start_node_index"": 218}, {""anchor_vertex"": 10022, ""edge_count"": 27, ""end_node_index"": 246, ""start_node_index"": 219}, {""anchor_vertex"": 10023, ""edge_count"": 25, ""end_node_index"": 245, ""start_node_index"": 220}, {""anchor_vertex"": 9959, ""edge_count"": 23, ""end_node_index"": 244, ""start_node_index"": 221}, {""anchor_vertex"": 9953, ""edge_count"": 21, ""end_node_index"": 243, ""start_node_index"": 222}]",MULTIPLE_REPEATED_VERTICES
analyzed,paris_bures_02_multi_tight,development,tmp_scalar_via_recovered_non_elementary_walks.json,/candidates[105],"P,S",1901,9a0ce57b954f49e566a4411241bbf9cf56f958aa040189eaa3e8b823cee6353d,375,374,43465.0,679.600001566112,9090499.0,633875.0,209.1452663062234,14.583572989761878,131,True,"{""elevation_high"": 0.0, ""elevation_low"": 0.0, ""length_high"": 0.0, ""length_low"": 0.0, ""popularity_low"": 0.0, ""width_high"": 0.0}","{""directed_edges_ok"": true, ""metric_deltas"": [0.0, 0.0, 0.0, 0.0], ""missing_edges"": 0, ""passed"": true, ""road_changes_delta"": 0}",18,2,18,0,15,"{""842"": 2, ""843"": 2, ""844"": 2, ""849"": 2, ""1478"": 2, ""1488"": 2, ""1505"": 2, ""1506"": 2, ""1531"": 2, ""1532"": 2, ""9953"": 2, ""9959"": 2, ""10022"": 2, ""10023"": 2, ""13694"": 2, ""14635"": 2, ""20203"": 2, ""20338"": 2}",False,842,,,,,,,,False,"[{""anchor_vertex"": 842, ""edge_count"": 68, ""end_node_index"": 265, ""start_node_index"": 197}, {""anchor_vertex"": 849, ""edge_count"": 66, ""end_node_index"": 264, ""start_node_index"": 198}, {""anchor_vertex"": 1506, ""edge_count"": 64, ""end_node_index"": 263, ""start_node_index"": 199}, {""anchor_vertex"": 843, ""edge_count"": 62, ""end_node_index"": 262, ""start_node_index"": 200}, {""anchor_vertex"": 844, ""edge_count"": 60, ""end_node_index"": 261, ""start_node_index"": 201}, {""anchor_vertex"": 1505, ""edge_count"": 58, ""end_node_index"": 260, ""start_node_index"": 202}, {""anchor_vertex"": 1478, ""edge_count"": 48, ""end_node_index"": 256, ""start_node_index"": 208}, {""anchor_vertex"": 1488, ""edge_count"": 40, ""end_node_index"": 252, ""start_node_index"": 212}, {""anchor_vertex"": 20203, ""edge_count"": 38, ""end_node_index"": 251, ""start_node_index"": 213}, {""anchor_vertex"": 14635, ""edge_count"": 36, ""end_node_index"": 250, ""start_node_index"": 214}, {""anchor_vertex"": 1531, ""edge_count"": 34, ""end_node_index"": 249, ""start_node_index"": 215}, {""anchor_vertex"": 20338, ""edge_count"": 32, ""end_node_index"": 248, ""start_node_index"": 216}, {""anchor_vertex"": 13694, ""edge_count"": 30, ""end_node_index"": 247, ""start_node_index"": 217}, {""anchor_vertex"": 1532, ""edge_count"": 28, ""end_node_index"": 246, ""start_node_index"": 218}, {""anchor_vertex"": 10022, ""edge_count"": 26, ""end_node_index"": 245, ""start_node_index"": 219}, {""anchor_vertex"": 10023, ""edge_count"": 24, ""end_node_index"": 244, ""start_node_index"": 220}, {""anchor_vertex"": 9959, ""edge_count"": 22, ""end_node_index"": 243, ""start_node_index"": 221}, {""anchor_vertex"": 9953, ""edge_count"": 20, ""end_node_index"": 242, ""start_node_index"": 222}]",MULTIPLE_REPEATED_VERTICES
analyzed,paris_bures_02_multi_tight,development,tmp_scalar_via_recovered_non_elementary_walks.json,/candidates[106],"P,S",5363,7395372898b22aed4264fbfcfdf3d9f90613efe798ec43f088b78794a0f5540d,366,365,42890.0,675.9000015184283,9091992.0,651640.0,211.98395896479366,15.193285148053159,124,True,"{""elevation_high"": 0.0, ""elevation_low"": 0.0, ""length_high"": 0.0, ""length_low"": 0.0, ""popularity_low"": 0.0, ""width_high"": 0.0}","{""directed_edges_ok"": true, ""metric_deltas"": [0.0, 0.0, 0.0, 0.0], ""missing_edges"": 0, ""passed"": true, ""road_changes_delta"": 0}",11,2,11,0,8,"{""842"": 2, ""843"": 2, ""844"": 2, ""849"": 2, ""1478"": 2, ""1488"": 2, ""1505"": 2, ""1506"": 2, ""1531"": 2, ""14635"": 2, ""20203"": 2}",False,842,,,,,,,,False,"[{""anchor_vertex"": 842, ""edge_count"": 59, ""end_node_index"": 256, ""start_node_index"": 197}, {""anchor_vertex"": 849, ""edge_count"": 57, ""end_node_index"": 255, ""start_node_index"": 198}, {""anchor_vertex"": 1506, ""edge_count"": 55, ""end_node_index"": 254, ""start_node_index"": 199}, {""anchor_vertex"": 843, ""edge_count"": 53, ""end_node_index"": 253, ""start_node_index"": 200}, {""anchor_vertex"": 844, ""edge_count"": 51, ""end_node_index"": 252, ""start_node_index"": 201}, {""anchor_vertex"": 1505, ""edge_count"": 49, ""end_node_index"": 251, ""start_node_index"": 202}, {""anchor_vertex"": 1478, ""edge_count"": 39, ""end_node_index"": 247, ""start_node_index"": 208}, {""anchor_vertex"": 1488, ""edge_count"": 31, ""end_node_index"": 243, ""start_node_index"": 212}, {""anchor_vertex"": 20203, ""edge_count"": 29, ""end_node_index"": 242, ""start_node_index"": 213}, {""anchor_vertex"": 14635, ""edge_count"": 27, ""end_node_index"": 241, ""start_node_index"": 214}, {""anchor_vertex"": 1531, ""edge_count"": 25, ""end_node_index"": 240, ""start_node_index"": 215}]",MULTIPLE_REPEATED_VERTICES
analyzed,paris_bures_02_multi_tight,development,tmp_scalar_via_recovered_non_elementary_walks.json,/candidates[107],"P,S",6867,907347974d24c50e5dddde397f34e9335b18471fd76396e02cd4996485f88ab3,360,359,42144.0,675.9000016450882,8817257.0,624350.0,209.21737376613515,14.814682991647684,128,True,"{""elevation_high"": 0.0, ""elevation_low"": 0.0, ""length_high"": 0.0, ""length_low"": 0.0, ""popularity_low"": 0.0, ""width_high"": 0.0}","{""directed_edges_ok"": true, ""metric_deltas"": [0.0, 0.0, 0.0, 0.0], ""missing_edges"": 0, ""passed"": true, ""road_changes_delta"": 0}",18,2,18,0,15,"{""842"": 2, ""843"": 2, ""844"": 2, ""849"": 2, ""1478"": 2, ""1488"": 2, ""1505"": 2, ""1506"": 2, ""1531"": 2, ""1532"": 2, ""9952"": 2, ""9959"": 2, ""10022"": 2, ""10023"": 2, ""13694"": 2, ""14635"": 2, ""20203"": 2, ""20338"": 2}",False,842,,,,,,,,False,"[{""anchor_vertex"": 842, ""edge_count"": 53, ""end_node_index"": 250, ""start_node_index"": 197}, {""anchor_vertex"": 849, ""edge_count"": 51, ""end_node_index"": 249, ""start_node_index"": 198}, {""anchor_vertex"": 1506, ""edge_count"": 49, ""end_node_index"": 248, ""start_node_index"": 199}, {""anchor_vertex"": 843, ""edge_count"": 47, ""end_node_index"": 247, ""start_node_index"": 200}, {""anchor_vertex"": 844, ""edge_count"": 45, ""end_node_index"": 246, ""start_node_index"": 201}, {""anchor_vertex"": 1505, ""edge_count"": 43, ""end_node_index"": 245, ""start_node_index"": 202}, {""anchor_vertex"": 1478, ""edge_count"": 33, ""end_node_index"": 241, ""start_node_index"": 208}, {""anchor_vertex"": 1488, ""edge_count"": 25, ""end_node_index"": 237, ""start_node_index"": 212}, {""anchor_vertex"": 20203, ""edge_count"": 23, ""end_node_index"": 236, ""start_node_index"": 213}, {""anchor_vertex"": 14635, ""edge_count"": 21, ""end_node_index"": 235, ""start_node_index"": 214}, {""anchor_vertex"": 1531, ""edge_count"": 19, ""end_node_index"": 234, ""start_node_index"": 215}, {""anchor_vertex"": 20338, ""edge_count"": 17, ""end_node_index"": 233, ""start_node_index"": 216}, {""anchor_vertex"": 13694, ""edge_count"": 15, ""end_node_index"": 232, ""start_node_index"": 217}, {""anchor_vertex"": 1532, ""edge_count"": 13, ""end_node_index"": 231, ""start_node_index"": 218}, {""anchor_vertex"": 10022, ""edge_count"": 11, ""end_node_index"": 230, ""start_node_index"": 219}, {""anchor_vertex"": 10023, ""edge_count"": 9, ""end_node_index"": 229, ""start_node_index"": 220}, {""anchor_vertex"": 9959, ""edge_count"": 7, ""end_node_index"": 228, ""start_node_index"": 221}, {""anchor_vertex"": 9952, ""edge_count"": 2, ""end_node_index"": 226, ""start_node_index"": 224}]",MULTIPLE_REPEATED_VERTICES
analyzed,paris_bures_02_multi_tight,development,tmp_scalar_via_recovered_non_elementary_walks.json,/candidates[108],"P,S",7743,cdcce8ec7c1e6b11616d9937297f3901f8ae3c7bcadff7a301205790b1ff9a86,366,365,42666.0,678.8000017553568,8870707.0,626960.0,207.91044391318616,14.694604603196925,132,True,"{""elevation_high"": 0.0, ""elevation_low"": 0.0, ""length_high"": 0.0, ""length_low"": 0.0, ""popularity_low"": 0.0, ""width_high"": 0.0}","{""directed_edges_ok"": true, ""metric_deltas"": [0.0, 0.0, 0.0, 0.0], ""missing_edges"": 0, ""passed"": true, ""road_changes_delta"": 0}",18,2,18,0,14,"{""842"": 2, ""843"": 2, ""844"": 2, ""849"": 2, ""1478"": 2, ""1488"": 2, ""1505"": 2, ""1506"": 2, ""1531"": 2, ""1532"": 2, ""9952"": 2, ""9959"": 2, ""10022"": 2, ""10023"": 2, ""13694"": 2, ""14635"": 2, ""20203"": 2, ""20338"": 2}",False,842,,,,,,,,False,"[{""anchor_vertex"": 842, ""edge_count"": 59, ""end_node_index"": 256, ""start_node_index"": 197}, {""anchor_vertex"": 849, ""edge_count"": 57, ""end_node_index"": 255, ""start_node_index"": 198}, {""anchor_vertex"": 1506, ""edge_count"": 55, ""end_node_index"": 254, ""start_node_index"": 199}, {""anchor_vertex"": 843, ""edge_count"": 53, ""end_node_index"": 253, ""start_node_index"": 200}, {""anchor_vertex"": 844, ""edge_count"": 51, ""end_node_index"": 252, ""start_node_index"": 201}, {""anchor_vertex"": 1505, ""edge_count"": 49, ""end_node_index"": 251, ""start_node_index"": 202}, {""anchor_vertex"": 1478, ""edge_count"": 39, ""end_node_index"": 247, ""start_node_index"": 208}, {""anchor_vertex"": 1488, ""edge_count"": 31, ""end_node_index"": 243, ""start_node_index"": 212}, {""anchor_vertex"": 20203, ""edge_count"": 29, ""end_node_index"": 242, ""start_node_index"": 213}, {""anchor_vertex"": 14635, ""edge_count"": 27, ""end_node_index"": 241, ""start_node_index"": 214}, {""anchor_vertex"": 1531, ""edge_count"": 25, ""end_node_index"": 240, ""start_node_index"": 215}, {""anchor_vertex"": 20338, ""edge_count"": 23, ""end_node_index"": 239, ""start_node_index"": 216}, {""anchor_vertex"": 13694, ""edge_count"": 21, ""end_node_index"": 238, ""start_node_index"": 217}, {""anchor_vertex"": 1532, ""edge_count"": 19, ""end_node_index"": 237, ""start_node_index"": 218}, {""anchor_vertex"": 10022, ""edge_count"": 17, ""end_node_index"": 236, ""start_node_index"": 219}, {""anchor_vertex"": 10023, ""edge_count"": 15, ""end_node_index"": 235, ""start_node_index"": 220}, {""anchor_vertex"": 9959, ""edge_count"": 13, ""end_node_index"": 234, ""start_node_index"": 221}, {""anchor_vertex"": 9952, ""edge_count"": 8, ""end_node_index"": 232, ""start_node_index"": 224}]",MULTIPLE_REPEATED_VERTICES
analyzed,paris_bures_02_multi_tight,development,tmp_scalar_via_recovered_non_elementary_walks.json,/candidates[109],"P,S",7745,0aa137048debb3f03407bcdeb03e00d29254e9edf2feda533080cace4eecd50a,366,365,42976.0,683.0000018253922,8869180.0,628510.0,206.37518615040952,14.62467423678332,131,True,"{""elevation_high"": 0.0, ""elevation_low"": 0.0, ""length_high"": 0.0, ""length_low"": 0.0, ""popularity_low"": 0.0, ""width_high"": 0.0}","{""directed_edges_ok"": true, ""metric_deltas"": [0.0, 0.0, 0.0, 0.0], ""missing_edges"": 0, ""passed"": true, ""road_changes_delta"": 0}",19,2,19,0,15,"{""842"": 2, ""843"": 2, ""844"": 2, ""849"": 2, ""1478"": 2, ""1488"": 2, ""1505"": 2, ""1506"": 2, ""1531"": 2, ""1532"": 2, ""6867"": 2, ""9952"": 2, ""9959"": 2, ""10022"": 2, ""10023"": 2, ""13694"": 2, ""14635"": 2, ""20203"": 2, ""20338"": 2}",False,842,,,,,,,,False,"[{""anchor_vertex"": 842, ""edge_count"": 59, ""end_node_index"": 256, ""start_node_index"": 197}, {""anchor_vertex"": 849, ""edge_count"": 57, ""end_node_index"": 255, ""start_node_index"": 198}, {""anchor_vertex"": 1506, ""edge_count"": 55, ""end_node_index"": 254, ""start_node_index"": 199}, {""anchor_vertex"": 843, ""edge_count"": 53, ""end_node_index"": 253, ""start_node_index"": 200}, {""anchor_vertex"": 844, ""edge_count"": 51, ""end_node_index"": 252, ""start_node_index"": 201}, {""anchor_vertex"": 1505, ""edge_count"": 49, ""end_node_index"": 251, ""start_node_index"": 202}, {""anchor_vertex"": 1478, ""edge_count"": 39, ""end_node_index"": 247, ""start_node_index"": 208}, {""anchor_vertex"": 1488, ""edge_count"": 31, ""end_node_index"": 243, ""start_node_index"": 212}, {""anchor_vertex"": 20203, ""edge_count"": 29, ""end_node_index"": 242, ""start_node_index"": 213}, {""anchor_vertex"": 14635, ""edge_count"": 27, ""end_node_index"": 241, ""start_node_index"": 214}, {""anchor_vertex"": 1531, ""edge_count"": 25, ""end_node_index"": 240, ""start_node_index"": 215}, {""anchor_vertex"": 20338, ""edge_count"": 23, ""end_node_index"": 239, ""start_node_index"": 216}, {""anchor_vertex"": 13694, ""edge_count"": 21, ""end_node_index"": 238, ""start_node_index"": 217}, {""anchor_vertex"": 1532, ""edge_count"": 19, ""end_node_index"": 237, ""start_node_index"": 218}, {""anchor_vertex"": 10022, ""edge_count"": 17, ""end_node_index"": 236, ""start_node_index"": 219}, {""anchor_vertex"": 10023, ""edge_count"": 15, ""end_node_index"": 235, ""start_node_index"": 220}, {""anchor_vertex"": 9959, ""edge_count"": 13, ""end_node_index"": 234, ""start_node_index"": 221}, {""anchor_vertex"": 9952, ""edge_count"": 8, ""end_node_index"": 232, ""start_node_index"": 224}, {""anchor_vertex"": 6867, ""edge_count"": 6, ""end_node_index"": 231, ""start_node_index"": 225}]",MULTIPLE_REPEATED_VERTICES
analyzed,paris_bures_02_multi_tight,development,tmp_scalar_via_recovered_non_elementary_walks.json,/candidates[110],"P,S",7747,d4edfeac62b89537a543e70a400b33b8f874df6815cc03dddaf9d792c13e20d3,370,369,42986.0,683.600001566112,8878838.0,628560.0,206.55185409202997,14.622435211464198,131,True,"{""elevation_high"": 0.0, ""elevation_low"": 0.0, ""length_high"": 0.0, ""length_low"": 0.0, ""popularity_low"": 0.0, ""width_high"": 0.0}","{""directed_edges_ok"": true, ""metric_deltas"": [0.0, 0.0, 0.0, 0.0], ""missing_edges"": 0, ""passed"": true, ""road_changes_delta"": 0}",18,2,18,0,14,"{""842"": 2, ""843"": 2, ""844"": 2, ""849"": 2, ""1478"": 2, ""1488"": 2, ""1505"": 2, ""1506"": 2, ""1531"": 2, ""1532"": 2, ""9952"": 2, ""9959"": 2, ""10022"": 2, ""10023"": 2, ""13694"": 2, ""14635"": 2, ""20203"": 2, ""20338"": 2}",False,842,,,,,,,,False,"[{""anchor_vertex"": 842, ""edge_count"": 63, ""end_node_index"": 260, ""start_node_index"": 197}, {""anchor_vertex"": 849, ""edge_count"": 61, ""end_node_index"": 259, ""start_node_index"": 198}, {""anchor_vertex"": 1506, ""edge_count"": 59, ""end_node_index"": 258, ""start_node_index"": 199}, {""anchor_vertex"": 843, ""edge_count"": 57, ""end_node_index"": 257, ""start_node_index"": 200}, {""anchor_vertex"": 844, ""edge_count"": 55, ""end_node_index"": 256, ""start_node_index"": 201}, {""anchor_vertex"": 1505, ""edge_count"": 53, ""end_node_index"": 255, ""start_node_index"": 202}, {""anchor_vertex"": 1478, ""edge_count"": 43, ""end_node_index"": 251, ""start_node_index"": 208}, {""anchor_vertex"": 1488, ""edge_count"": 35, ""end_node_index"": 247, ""start_node_index"": 212}, {""anchor_vertex"": 20203, ""edge_count"": 33, ""end_node_index"": 246, ""start_node_index"": 213}, {""anchor_vertex"": 14635, ""edge_count"": 31, ""end_node_index"": 245, ""start_node_index"": 214}, {""anchor_vertex"": 1531, ""edge_count"": 29, ""end_node_index"": 244, ""start_node_index"": 215}, {""anchor_vertex"": 20338, ""edge_count"": 27, ""end_node_index"": 243, ""start_node_index"": 216}, {""anchor_vertex"": 13694, ""edge_count"": 25, ""end_node_index"": 242, ""start_node_index"": 217}, {""anchor_vertex"": 1532, ""edge_count"": 23, ""end_node_index"": 241, ""start_node_index"": 218}, {""anchor_vertex"": 10022, ""edge_count"": 21, ""end_node_index"": 240, ""start_node_index"": 219}, {""anchor_vertex"": 10023, ""edge_count"": 19, ""end_node_index"": 239, ""start_node_index"": 220}, {""anchor_vertex"": 9959, ""edge_count"": 17, ""end_node_index"": 238, ""start_node_index"": 221}, {""anchor_vertex"": 9952, ""edge_count"": 12, ""end_node_index"": 236, ""start_node_index"": 224}]",MULTIPLE_REPEATED_VERTICES
analyzed,paris_bures_02_multi_tight,development,tmp_scalar_via_recovered_non_elementary_walks.json,/candidates[111],"P,S",7748,9564b01348a9ca79de16270247b75370ac09f97c0de22f99c920959dc7a64e15,362,361,42716.0,681.7000018358231,8853865.0,627210.0,207.27280176046446,14.683256859256485,128,True,"{""elevation_high"": 0.0, ""elevation_low"": 0.0, ""length_high"": 0.0, ""length_low"": 0.0, ""popularity_low"": 0.0, ""width_high"": 0.0}","{""directed_edges_ok"": true, ""metric_deltas"": [0.0, 0.0, 0.0, 0.0], ""missing_edges"": 0, ""passed"": true, ""road_changes_delta"": 0}",19,2,19,0,16,"{""842"": 2, ""843"": 2, ""844"": 2, ""849"": 2, ""1478"": 2, ""1488"": 2, ""1505"": 2, ""1506"": 2, ""1531"": 2, ""1532"": 2, ""6867"": 2, ""9952"": 2, ""9959"": 2, ""10022"": 2, ""10023"": 2, ""13694"": 2, ""14635"": 2, ""20203"": 2, ""20338"": 2}",False,842,,,,,,,,False,"[{""anchor_vertex"": 842, ""edge_count"": 55, ""end_node_index"": 252, ""start_node_index"": 197}, {""anchor_vertex"": 849, ""edge_count"": 53, ""end_node_index"": 251, ""start_node_index"": 198}, {""anchor_vertex"": 1506, ""edge_count"": 51, ""end_node_index"": 250, ""start_node_index"": 199}, {""anchor_vertex"": 843, ""edge_count"": 49, ""end_node_index"": 249, ""start_node_index"": 200}, {""anchor_vertex"": 844, ""edge_count"": 47, ""end_node_index"": 248, ""start_node_index"": 201}, {""anchor_vertex"": 1505, ""edge_count"": 45, ""end_node_index"": 247, ""start_node_index"": 202}, {""anchor_vertex"": 1478, ""edge_count"": 35, ""end_node_index"": 243, ""start_node_index"": 208}, {""anchor_vertex"": 1488, ""edge_count"": 27, ""end_node_index"": 239, ""start_node_index"": 212}, {""anchor_vertex"": 20203, ""edge_count"": 25, ""end_node_index"": 238, ""start_node_index"": 213}, {""anchor_vertex"": 14635, ""edge_count"": 23, ""end_node_index"": 237, ""start_node_index"": 214}, {""anchor_vertex"": 1531, ""edge_count"": 21, ""end_node_index"": 236, ""start_node_index"": 215}, {""anchor_vertex"": 20338, ""edge_count"": 19, ""end_node_index"": 235, ""start_node_index"": 216}, {""anchor_vertex"": 13694, ""edge_count"": 17, ""end_node_index"": 234, ""start_node_index"": 217}, {""anchor_vertex"": 1532, ""edge_count"": 15, ""end_node_index"": 233, ""start_node_index"": 218}, {""anchor_vertex"": 10022, ""edge_count"": 13, ""end_node_index"": 232, ""start_node_index"": 219}, {""anchor_vertex"": 10023, ""edge_count"": 11, ""end_node_index"": 231, ""start_node_index"": 220}, {""anchor_vertex"": 9959, ""edge_count"": 9, ""end_node_index"": 230, ""start_node_index"": 221}, {""anchor_vertex"": 9952, ""edge_count"": 4, ""end_node_index"": 228, ""start_node_index"": 224}, {""anchor_vertex"": 6867, ""edge_count"": 2, ""end_node_index"": 227, ""start_node_index"": 225}]",MULTIPLE_REPEATED_VERTICES
analyzed,paris_bures_02_multi_tight,development,tmp_scalar_via_recovered_non_elementary_walks.json,/candidates[112],"P,S",7749,37a5dacf93c91479da6e5c807fbe3f855f38ac05b6f36d72f333561f48dbb095,375,374,43887.0,685.4000014588237,9107345.0,636685.0,207.51805773919384,14.50737120331761,131,True,"{""elevation_high"": 0.0, ""elevation_low"": 0.0, ""length_high"": 0.0, ""length_low"": 0.0, ""popularity_low"": 0.0, ""width_high"": 0.0}","{""directed_edges_ok"": true, ""metric_deltas"": [0.0, 0.0, 0.0, 0.0], ""missing_edges"": 0, ""passed"": true, ""road_changes_delta"": 0}",19,2,19,0,16,"{""842"": 2, ""843"": 2, ""844"": 2, ""849"": 2, ""1478"": 2, ""1488"": 2, ""1505"": 2, ""1506"": 2, ""1531"": 2, ""1532"": 2, ""6866"": 2, ""9953"": 2, ""9959"": 2, ""10022"": 2, ""10023"": 2, ""13694"": 2, ""14635"": 2, ""20203"": 2, ""20338"": 2}",False,842,,,,,,,,False,"[{""anchor_vertex"": 842, ""edge_count"": 68, ""end_node_index"": 265, ""start_node_index"": 197}, {""anchor_vertex"": 849, ""edge_count"": 66, ""end_node_index"": 264, ""start_node_index"": 198}, {""anchor_vertex"": 1506, ""edge_count"": 64, ""end_node_index"": 263, ""start_node_index"": 199}, {""anchor_vertex"": 843, ""edge_count"": 62, ""end_node_index"": 262, ""start_node_index"": 200}, {""anchor_vertex"": 844, ""edge_count"": 60, ""end_node_index"": 261, ""start_node_index"": 201}, {""anchor_vertex"": 1505, ""edge_count"": 58, ""end_node_index"": 260, ""start_node_index"": 202}, {""anchor_vertex"": 1478, ""edge_count"": 48, ""end_node_index"": 256, ""start_node_index"": 208}, {""anchor_vertex"": 1488, ""edge_count"": 40, ""end_node_index"": 252, ""start_node_index"": 212}, {""anchor_vertex"": 20203, ""edge_count"": 38, ""end_node_index"": 251, ""start_node_index"": 213}, {""anchor_vertex"": 14635, ""edge_count"": 36, ""end_node_index"": 250, ""start_node_index"": 214}, {""anchor_vertex"": 1531, ""edge_count"": 34, ""end_node_index"": 249, ""start_node_index"": 215}, {""anchor_vertex"": 20338, ""edge_count"": 32, ""end_node_index"": 248, ""start_node_index"": 216}, {""anchor_vertex"": 13694, ""edge_count"": 30, ""end_node_index"": 247, ""start_node_index"": 217}, {""anchor_vertex"": 1532, ""edge_count"": 28, ""end_node_index"": 246, ""start_node_index"": 218}, {""anchor_vertex"": 10022, ""edge_count"": 26, ""end_node_index"": 245, ""start_node_index"": 219}, {""anchor_vertex"": 10023, ""edge_count"": 24, ""end_node_index"": 244, ""start_node_index"": 220}, {""anchor_vertex"": 9959, ""edge_count"": 22, ""end_node_index"": 243, ""start_node_index"": 221}, {""anchor_vertex"": 9953, ""edge_count"": 20, ""end_node_index"": 242, ""start_node_index"": 222}, {""anchor_vertex"": 6866, ""edge_count"": 2, ""end_node_index"": 237, ""start_node_index"": 235}]",MULTIPLE_REPEATED_VERTICES
analyzed,paris_bures_02_multi_tight,development,tmp_scalar_via_recovered_non_elementary_walks.json,/candidates[113],"P,S",9890,364821ab42cc963d00fd89a39dc590ab14463e0d0aac35a0018ef541fb8a35ee,378,377,43942.0,682.9000015184283,9151287.0,638450.0,208.25831778253152,14.529379636793955,133,True,"{""elevation_high"": 0.0, ""elevation_low"": 0.0, ""length_high"": 0.0, ""length_low"": 0.0, ""popularity_low"": 0.0, ""width_high"": 0.0}","{""directed_edges_ok"": true, ""metric_deltas"": [0.0, 0.0, 0.0, 0.0], ""missing_edges"": 0, ""passed"": true, ""road_changes_delta"": 0}",19,2,19,0,16,"{""842"": 2, ""843"": 2, ""844"": 2, ""849"": 2, ""1478"": 2, ""1488"": 2, ""1505"": 2, ""1506"": 2, ""1531"": 2, ""1532"": 2, ""1900"": 2, ""9953"": 2, ""9959"": 2, ""10022"": 2, ""10023"": 2, ""13694"": 2, ""14635"": 2, ""20203"": 2, ""20338"": 2}",False,842,,,,,,,,False,"[{""anchor_vertex"": 842, ""edge_count"": 71, ""end_node_index"": 268, ""start_node_index"": 197}, {""anchor_vertex"": 849, ""edge_count"": 69, ""end_node_index"": 267, ""start_node_index"": 198}, {""anchor_vertex"": 1506, ""edge_count"": 67, ""end_node_index"": 266, ""start_node_index"": 199}, {""anchor_vertex"": 843, ""edge_count"": 65, ""end_node_index"": 265, ""start_node_index"": 200}, {""anchor_vertex"": 844, ""edge_count"": 63, ""end_node_index"": 264, ""start_node_index"": 201}, {""anchor_vertex"": 1505, ""edge_count"": 61, ""end_node_index"": 263, ""start_node_index"": 202}, {""anchor_vertex"": 1478, ""edge_count"": 51, ""end_node_index"": 259, ""start_node_index"": 208}, {""anchor_vertex"": 1488, ""edge_count"": 43, ""end_node_index"": 255, ""start_node_index"": 212}, {""anchor_vertex"": 20203, ""edge_count"": 41, ""end_node_index"": 254, ""start_node_index"": 213}, {""anchor_vertex"": 14635, ""edge_count"": 39, ""end_node_index"": 253, ""start_node_index"": 214}, {""anchor_vertex"": 1531, ""edge_count"": 37, ""end_node_index"": 252, ""start_node_index"": 215}, {""anchor_vertex"": 20338, ""edge_count"": 35, ""end_node_index"": 251, ""start_node_index"": 216}, {""anchor_vertex"": 13694, ""edge_count"": 33, ""end_node_index"": 250, ""start_node_index"": 217}, {""anchor_vertex"": 1532, ""edge_count"": 31, ""end_node_index"": 249, ""start_node_index"": 218}, {""anchor_vertex"": 10022, ""edge_count"": 29, ""end_node_index"": 248, ""start_node_index"": 219}, {""anchor_vertex"": 10023, ""edge_count"": 27, ""end_node_index"": 247, ""start_node_index"": 220}, {""anchor_vertex"": 9959, ""edge_count"": 25, ""end_node_index"": 246, ""start_node_index"": 221}, {""anchor_vertex"": 9953, ""edge_count"": 23, ""end_node_index"": 245, ""start_node_index"": 222}, {""anchor_vertex"": 1900, ""edge_count"": 2, ""end_node_index"": 234, ""start_node_index"": 232}]",MULTIPLE_REPEATED_VERTICES
analyzed,paris_bures_02_multi_tight,development,tmp_scalar_via_recovered_non_elementary_walks.json,/candidates[114],"P,S",9949,473b87a84f274d53588dd8b7b8b3fddcba24955823efc89defd7cd3780627aea,357,356,41752.0,673.3000016063452,8716007.0,622110.0,208.75663441272275,14.900124544931979,126,True,"{""elevation_high"": 0.0, ""elevation_low"": 0.0, ""length_high"": 0.0, ""length_low"": 0.0, ""popularity_low"": 0.0, ""width_high"": 0.0}","{""directed_edges_ok"": true, ""metric_deltas"": [0.0, 0.0, 0.0, 0.0], ""missing_edges"": 0, ""passed"": true, ""road_changes_delta"": 0}",18,2,18,0,16,"{""842"": 2, ""843"": 2, ""844"": 2, ""849"": 2, ""1478"": 2, ""1488"": 2, ""1505"": 2, ""1506"": 2, ""1531"": 2, ""1532"": 2, ""9953"": 2, ""9959"": 2, ""10022"": 2, ""10023"": 2, ""13694"": 2, ""14635"": 2, ""20203"": 2, ""20338"": 2}",False,842,,,,,,,,False,"[{""anchor_vertex"": 842, ""edge_count"": 50, ""end_node_index"": 247, ""start_node_index"": 197}, {""anchor_vertex"": 849, ""edge_count"": 48, ""end_node_index"": 246, ""start_node_index"": 198}, {""anchor_vertex"": 1506, ""edge_count"": 46, ""end_node_index"": 245, ""start_node_index"": 199}, {""anchor_vertex"": 843, ""edge_count"": 44, ""end_node_index"": 244, ""start_node_index"": 200}, {""anchor_vertex"": 844, ""edge_count"": 42, ""end_node_index"": 243, ""start_node_index"": 201}, {""anchor_vertex"": 1505, ""edge_count"": 40, ""end_node_index"": 242, ""start_node_index"": 202}, {""anchor_vertex"": 1478, ""edge_count"": 30, ""end_node_index"": 238, ""start_node_index"": 208}, {""anchor_vertex"": 1488, ""edge_count"": 22, ""end_node_index"": 234, ""start_node_index"": 212}, {""anchor_vertex"": 20203, ""edge_count"": 20, ""end_node_index"": 233, ""start_node_index"": 213}, {""anchor_vertex"": 14635, ""edge_count"": 18, ""end_node_index"": 232, ""start_node_index"": 214}, {""anchor_vertex"": 1531, ""edge_count"": 16, ""end_node_index"": 231, ""start_node_index"": 215}, {""anchor_vertex"": 20338, ""edge_count"": 14, ""end_node_index"": 230, ""start_node_index"": 216}, {""anchor_vertex"": 13694, ""edge_count"": 12, ""end_node_index"": 229, ""start_node_index"": 217}, {""anchor_vertex"": 1532, ""edge_count"": 10, ""end_node_index"": 228, ""start_node_index"": 218}, {""anchor_vertex"": 10022, ""edge_count"": 8, ""end_node_index"": 227, ""start_node_index"": 219}, {""anchor_vertex"": 10023, ""edge_count"": 6, ""end_node_index"": 226, ""start_node_index"": 220}, {""anchor_vertex"": 9959, ""edge_count"": 4, ""end_node_index"": 225, ""start_node_index"": 221}, {""anchor_vertex"": 9953, ""edge_count"": 2, ""end_node_index"": 224, ""start_node_index"": 222}]",MULTIPLE_REPEATED_VERTICES
analyzed,paris_bures_02_multi_tight,development,tmp_scalar_via_recovered_non_elementary_walks.json,/candidates[115],"P,S",9950,5b6294abfe84877d2ccae4ac2a9e6e51855d9a10c1f719231fce92a6d2eff179,362,361,42323.0,676.2000016570091,8846091.0,625325.0,209.01379864376344,14.775063204404224,130,True,"{""elevation_high"": 0.0, ""elevation_low"": 0.0, ""length_high"": 0.0, ""length_low"": 0.0, ""popularity_low"": 0.0, ""width_high"": 0.0}","{""directed_edges_ok"": true, ""metric_deltas"": [0.0, 0.0, 0.0, 0.0], ""missing_edges"": 0, ""passed"": true, ""road_changes_delta"": 0}",18,2,18,0,14,"{""842"": 2, ""843"": 2, ""844"": 2, ""849"": 2, ""1478"": 2, ""1488"": 2, ""1505"": 2, ""1506"": 2, ""1531"": 2, ""1532"": 2, ""9952"": 2, ""9959"": 2, ""10022"": 2, ""10023"": 2, ""13694"": 2, ""14635"": 2, ""20203"": 2, ""20338"": 2}",False,842,,,,,,,,False,"[{""anchor_vertex"": 842, ""edge_count"": 55, ""end_node_index"": 252, ""start_node_index"": 197}, {""anchor_vertex"": 849, ""edge_count"": 53, ""end_node_index"": 251, ""start_node_index"": 198}, {""anchor_vertex"": 1506, ""edge_count"": 51, ""end_node_index"": 250, ""start_node_index"": 199}, {""anchor_vertex"": 843, ""edge_count"": 49, ""end_node_index"": 249, ""start_node_index"": 200}, {""anchor_vertex"": 844, ""edge_count"": 47, ""end_node_index"": 248, ""start_node_index"": 201}, {""anchor_vertex"": 1505, ""edge_count"": 45, ""end_node_index"": 247, ""start_node_index"": 202}, {""anchor_vertex"": 1478, ""edge_count"": 35, ""end_node_index"": 243, ""start_node_index"": 208}, {""anchor_vertex"": 1488, ""edge_count"": 27, ""end_node_index"": 239, ""start_node_index"": 212}, {""anchor_vertex"": 20203, ""edge_count"": 25, ""end_node_index"": 238, ""start_node_index"": 213}, {""anchor_vertex"": 14635, ""edge_count"": 23, ""end_node_index"": 237, ""start_node_index"": 214}, {""anchor_vertex"": 1531, ""edge_count"": 21, ""end_node_index"": 236, ""start_node_index"": 215}, {""anchor_vertex"": 20338, ""edge_count"": 19, ""end_node_index"": 235, ""start_node_index"": 216}, {""anchor_vertex"": 13694, ""edge_count"": 17, ""end_node_index"": 234, ""start_node_index"": 217}, {""anchor_vertex"": 1532, ""edge_count"": 15, ""end_node_index"": 233, ""start_node_index"": 218}, {""anchor_vertex"": 10022, ""edge_count"": 13, ""end_node_index"": 232, ""start_node_index"": 219}, {""anchor_vertex"": 10023, ""edge_count"": 11, ""end_node_index"": 231, ""start_node_index"": 220}, {""anchor_vertex"": 9959, ""edge_count"": 9, ""end_node_index"": 230, ""start_node_index"": 221}, {""anchor_vertex"": 9952, ""edge_count"": 4, ""end_node_index"": 228, ""start_node_index"": 224}]",MULTIPLE_REPEATED_VERTICES
analyzed,paris_bures_02_multi_tight,development,tmp_scalar_via_recovered_non_elementary_walks.json,/candidates[116],"P,S",9952,43312254d3a7d19a7af036ff98a03c05b0851644b783f6e546baa3ded287888f,358,357,42118.0,675.4000016450882,8811537.0,624220.0,209.21071750795383,14.820741725627997,127,True,"{""elevation_high"": 0.0, ""elevation_low"": 0.0, ""length_high"": 0.0, ""length_low"": 0.0, ""popularity_low"": 0.0, ""width_high"": 0.0}","{""directed_edges_ok"": true, ""metric_deltas"": [0.0, 0.0, 0.0, 0.0], ""missing_edges"": 0, ""passed"": true, ""road_changes_delta"": 0}",17,2,17,0,14,"{""842"": 2, ""843"": 2, ""844"": 2, ""849"": 2, ""1478"": 2, ""1488"": 2, ""1505"": 2, ""1506"": 2, ""1531"": 2, ""1532"": 2, ""9959"": 2, ""10022"": 2, ""10023"": 2, ""13694"": 2, ""14635"": 2, ""20203"": 2, ""20338"": 2}",False,842,,,,,,,,False,"[{""anchor_vertex"": 842, ""edge_count"": 51, ""end_node_index"": 248, ""start_node_index"": 197}, {""anchor_vertex"": 849, ""edge_count"": 49, ""end_node_index"": 247, ""start_node_index"": 198}, {""anchor_vertex"": 1506, ""edge_count"": 47, ""end_node_index"": 246, ""start_node_index"": 199}, {""anchor_vertex"": 843, ""edge_count"": 45, ""end_node_index"": 245, ""start_node_index"": 200}, {""anchor_vertex"": 844, ""edge_count"": 43, ""end_node_index"": 244, ""start_node_index"": 201}, {""anchor_vertex"": 1505, ""edge_count"": 41, ""end_node_index"": 243, ""start_node_index"": 202}, {""anchor_vertex"": 1478, ""edge_count"": 31, ""end_node_index"": 239, ""start_node_index"": 208}, {""anchor_vertex"": 1488, ""edge_count"": 23, ""end_node_index"": 235, ""start_node_index"": 212}, {""anchor_vertex"": 20203, ""edge_count"": 21, ""end_node_index"": 234, ""start_node_index"": 213}, {""anchor_vertex"": 14635, ""edge_count"": 19, ""end_node_index"": 233, ""start_node_index"": 214}, {""anchor_vertex"": 1531, ""edge_count"": 17, ""end_node_index"": 232, ""start_node_index"": 215}, {""anchor_vertex"": 20338, ""edge_count"": 15, ""end_node_index"": 231, ""start_node_index"": 216}, {""anchor_vertex"": 13694, ""edge_count"": 13, ""end_node_index"": 230, ""start_node_index"": 217}, {""anchor_vertex"": 1532, ""edge_count"": 11, ""end_node_index"": 229, ""start_node_index"": 218}, {""anchor_vertex"": 10022, ""edge_count"": 9, ""end_node_index"": 228, ""start_node_index"": 219}, {""anchor_vertex"": 10023, ""edge_count"": 7, ""end_node_index"": 227, ""start_node_index"": 220}, {""anchor_vertex"": 9959, ""edge_count"": 5, ""end_node_index"": 226, ""start_node_index"": 221}]",MULTIPLE_REPEATED_VERTICES
analyzed,paris_bures_02_multi_tight,development,tmp_scalar_via_recovered_non_elementary_walks.json,/candidates[117],"P,S",9953,4f9b900ff6f55dd935f60f67f746d0a383d22b829fb3cdc196ef80e288107587,355,354,41730.0,673.0000015944242,8710749.0,622000.0,208.74069015097052,14.905343877306494,124,True,"{""elevation_high"": 0.0, ""elevation_low"": 0.0, ""length_high"": 0.0, ""length_low"": 0.0, ""popularity_low"": 0.0, ""width_high"": 0.0}","{""directed_edges_ok"": true, ""metric_deltas"": [0.0, 0.0, 0.0, 0.0], ""missing_edges"": 0, ""passed"": true, ""road_changes_delta"": 0}",17,2,17,0,15,"{""842"": 2, ""843"": 2, ""844"": 2, ""849"": 2, ""1478"": 2, ""1488"": 2, ""1505"": 2, ""1506"": 2, ""1531"": 2, ""1532"": 2, ""9959"": 2, ""10022"": 2, ""10023"": 2, ""13694"": 2, ""14635"": 2, ""20203"": 2, ""20338"": 2}",False,842,,,,,,,,False,"[{""anchor_vertex"": 842, ""edge_count"": 48, ""end_node_index"": 245, ""start_node_index"": 197}, {""anchor_vertex"": 849, ""edge_count"": 46, ""end_node_index"": 244, ""start_node_index"": 198}, {""anchor_vertex"": 1506, ""edge_count"": 44, ""end_node_index"": 243, ""start_node_index"": 199}, {""anchor_vertex"": 843, ""edge_count"": 42, ""end_node_index"": 242, ""start_node_index"": 200}, {""anchor_vertex"": 844, ""edge_count"": 40, ""end_node_index"": 241, ""start_node_index"": 201}, {""anchor_vertex"": 1505, ""edge_count"": 38, ""end_node_index"": 240, ""start_node_index"": 202}, {""anchor_vertex"": 1478, ""edge_count"": 28, ""end_node_index"": 236, ""start_node_index"": 208}, {""anchor_vertex"": 1488, ""edge_count"": 20, ""end_node_index"": 232, ""start_node_index"": 212}, {""anchor_vertex"": 20203, ""edge_count"": 18, ""end_node_index"": 231, ""start_node_index"": 213}, {""anchor_vertex"": 14635, ""edge_count"": 16, ""end_node_index"": 230, ""start_node_index"": 214}, {""anchor_vertex"": 1531, ""edge_count"": 14, ""end_node_index"": 229, ""start_node_index"": 215}, {""anchor_vertex"": 20338, ""edge_count"": 12, ""end_node_index"": 228, ""start_node_index"": 216}, {""anchor_vertex"": 13694, ""edge_count"": 10, ""end_node_index"": 227, ""start_node_index"": 217}, {""anchor_vertex"": 1532, ""edge_count"": 8, ""end_node_index"": 226, ""start_node_index"": 218}, {""anchor_vertex"": 10022, ""edge_count"": 6, ""end_node_index"": 225, ""start_node_index"": 219}, {""anchor_vertex"": 10023, ""edge_count"": 4, ""end_node_index"": 224, ""start_node_index"": 220}, {""anchor_vertex"": 9959, ""edge_count"": 2, ""end_node_index"": 223, ""start_node_index"": 221}]",MULTIPLE_REPEATED_VERTICES
analyzed,paris_bures_02_multi_tight,development,tmp_scalar_via_recovered_non_elementary_walks.json,/candidates[118],"P,S",9954,f3f9caffd31da925c3e2fcda686580ea8b24b827b668b47ffec7be43778be211,363,362,42230.0,673.7000016123056,8818302.0,624500.0,208.8160549372484,14.788065356381718,127,True,"{""elevation_high"": 0.0, ""elevation_low"": 0.0, ""length_high"": 0.0, ""length_low"": 0.0, ""popularity_low"": 0.0, ""width_high"": 0.0}","{""directed_edges_ok"": true, ""metric_deltas"": [0.0, 0.0, 0.0, 0.0], ""missing_edges"": 0, ""passed"": true, ""road_changes_delta"": 0}",18,2,18,0,15,"{""842"": 2, ""843"": 2, ""844"": 2, ""849"": 2, ""1478"": 2, ""1488"": 2, ""1505"": 2, ""1506"": 2, ""1531"": 2, ""1532"": 2, ""9953"": 2, ""9959"": 2, ""10022"": 2, ""10023"": 2, ""13694"": 2, ""14635"": 2, ""20203"": 2, ""20338"": 2}",False,842,,,,,,,,False,"[{""anchor_vertex"": 842, ""edge_count"": 56, ""end_node_index"": 253, ""start_node_index"": 197}, {""anchor_vertex"": 849, ""edge_count"": 54, ""end_node_index"": 252, ""start_node_index"": 198}, {""anchor_vertex"": 1506, ""edge_count"": 52, ""end_node_index"": 251, ""start_node_index"": 199}, {""anchor_vertex"": 843, ""edge_count"": 50, ""end_node_index"": 250, ""start_node_index"": 200}, {""anchor_vertex"": 844, ""edge_count"": 48, ""end_node_index"": 249, ""start_node_index"": 201}, {""anchor_vertex"": 1505, ""edge_count"": 46, ""end_node_index"": 248, ""start_node_index"": 202}, {""anchor_vertex"": 1478, ""edge_count"": 36, ""end_node_index"": 244, ""start_node_index"": 208}, {""anchor_vertex"": 1488, ""edge_count"": 28, ""end_node_index"": 240, ""start_node_index"": 212}, {""anchor_vertex"": 20203, ""edge_count"": 26, ""end_node_index"": 239, ""start_node_index"": 213}, {""anchor_vertex"": 14635, ""edge_count"": 24, ""end_node_index"": 238, ""start_node_index"": 214}, {""anchor_vertex"": 1531, ""edge_count"": 22, ""end_node_index"": 237, ""start_node_index"": 215}, {""anchor_vertex"": 20338, ""edge_count"": 20, ""end_node_index"": 236, ""start_node_index"": 216}, {""anchor_vertex"": 13694, ""edge_count"": 18, ""end_node_index"": 235, ""start_node_index"": 217}, {""anchor_vertex"": 1532, ""edge_count"": 16, ""end_node_index"": 234, ""start_node_index"": 218}, {""anchor_vertex"": 10022, ""edge_count"": 14, ""end_node_index"": 233, ""start_node_index"": 219}, {""anchor_vertex"": 10023, ""edge_count"": 12, ""end_node_index"": 232, ""start_node_index"": 220}, {""anchor_vertex"": 9959, ""edge_count"": 10, ""end_node_index"": 231, ""start_node_index"": 221}, {""anchor_vertex"": 9953, ""edge_count"": 8, ""end_node_index"": 230, ""start_node_index"": 222}]",MULTIPLE_REPEATED_VERTICES
analyzed,paris_bures_02_multi_tight,development,tmp_scalar_via_recovered_non_elementary_walks.json,/candidates[119],"P,S",9957,58ce7233369944c811d068ac139c10ec72733854ac7d2bd40d6aaff37dd78cdc,359,358,41879.0,673.4000016078353,8742106.0,622745.0,208.74677045774732,14.870101960409752,129,True,"{""elevation_high"": 0.0, ""elevation_low"": 0.0, ""length_high"": 0.0, ""length_low"": 0.0, ""popularity_low"": 0.0, ""width_high"": 0.0}","{""directed_edges_ok"": true, ""metric_deltas"": [0.0, 0.0, 0.0, 0.0], ""missing_edges"": 0, ""passed"": true, ""road_changes_delta"": 0}",18,2,18,0,15,"{""842"": 2, ""843"": 2, ""844"": 2, ""849"": 2, ""1478"": 2, ""1488"": 2, ""1505"": 2, ""1506"": 2, ""1531"": 2, ""1532"": 2, ""9953"": 2, ""9959"": 2, ""10022"": 2, ""10023"": 2, ""13694"": 2, ""14635"": 2, ""20203"": 2, ""20338"": 2}",False,842,,,,,,,,False,"[{""anchor_vertex"": 842, ""edge_count"": 52, ""end_node_index"": 249, ""start_node_index"": 197}, {""anchor_vertex"": 849, ""edge_count"": 50, ""end_node_index"": 248, ""start_node_index"": 198}, {""anchor_vertex"": 1506, ""edge_count"": 48, ""end_node_index"": 247, ""start_node_index"": 199}, {""anchor_vertex"": 843, ""edge_count"": 46, ""end_node_index"": 246, ""start_node_index"": 200}, {""anchor_vertex"": 844, ""edge_count"": 44, ""end_node_index"": 245, ""start_node_index"": 201}, {""anchor_vertex"": 1505, ""edge_count"": 42, ""end_node_index"": 244, ""start_node_index"": 202}, {""anchor_vertex"": 1478, ""edge_count"": 32, ""end_node_index"": 240, ""start_node_index"": 208}, {""anchor_vertex"": 1488, ""edge_count"": 24, ""end_node_index"": 236, ""start_node_index"": 212}, {""anchor_vertex"": 20203, ""edge_count"": 22, ""end_node_index"": 235, ""start_node_index"": 213}, {""anchor_vertex"": 14635, ""edge_count"": 20, ""end_node_index"": 234, ""start_node_index"": 214}, {""anchor_vertex"": 1531, ""edge_count"": 18, ""end_node_index"": 233, ""start_node_index"": 215}, {""anchor_vertex"": 20338, ""edge_count"": 16, ""end_node_index"": 232, ""start_node_index"": 216}, {""anchor_vertex"": 13694, ""edge_count"": 14, ""end_node_index"": 231, ""start_node_index"": 217}, {""anchor_vertex"": 1532, ""edge_count"": 12, ""end_node_index"": 230, ""start_node_index"": 218}, {""anchor_vertex"": 10022, ""edge_count"": 10, ""end_node_index"": 229, ""start_node_index"": 219}, {""anchor_vertex"": 10023, ""edge_count"": 8, ""end_node_index"": 228, ""start_node_index"": 220}, {""anchor_vertex"": 9959, ""edge_count"": 6, ""end_node_index"": 227, ""start_node_index"": 221}, {""anchor_vertex"": 9953, ""edge_count"": 4, ""end_node_index"": 226, ""start_node_index"": 222}]",MULTIPLE_REPEATED_VERTICES
analyzed,paris_bures_02_multi_tight,development,tmp_scalar_via_recovered_non_elementary_walks.json,/candidates[120],"P,S",9959,bae20d152773da8ce106f8007be716a199269af2c19baed30d6e1f0e0b05a477,353,352,41082.0,666.8000017851591,8654373.0,615520.0,210.66094639988316,14.982717491845577,122,True,"{""elevation_high"": 0.0, ""elevation_low"": 0.0, ""length_high"": 0.0, ""length_low"": 0.0, ""popularity_low"": 0.0, ""width_high"": 0.0}","{""directed_edges_ok"": true, ""metric_deltas"": [0.0, 0.0, 0.0, 0.0], ""missing_edges"": 0, ""passed"": true, ""road_changes_delta"": 0}",16,2,16,0,14,"{""842"": 2, ""843"": 2, ""844"": 2, ""849"": 2, ""1478"": 2, ""1488"": 2, ""1505"": 2, ""1506"": 2, ""1531"": 2, ""1532"": 2, ""10022"": 2, ""10023"": 2, ""13694"": 2, ""14635"": 2, ""20203"": 2, ""20338"": 2}",False,842,,,,,,,,False,"[{""anchor_vertex"": 842, ""edge_count"": 46, ""end_node_index"": 243, ""start_node_index"": 197}, {""anchor_vertex"": 849, ""edge_count"": 44, ""end_node_index"": 242, ""start_node_index"": 198}, {""anchor_vertex"": 1506, ""edge_count"": 42, ""end_node_index"": 241, ""start_node_index"": 199}, {""anchor_vertex"": 843, ""edge_count"": 40, ""end_node_index"": 240, ""start_node_index"": 200}, {""anchor_vertex"": 844, ""edge_count"": 38, ""end_node_index"": 239, ""start_node_index"": 201}, {""anchor_vertex"": 1505, ""edge_count"": 36, ""end_node_index"": 238, ""start_node_index"": 202}, {""anchor_vertex"": 1478, ""edge_count"": 26, ""end_node_index"": 234, ""start_node_index"": 208}, {""anchor_vertex"": 1488, ""edge_count"": 18, ""end_node_index"": 230, ""start_node_index"": 212}, {""anchor_vertex"": 20203, ""edge_count"": 16, ""end_node_index"": 229, ""start_node_index"": 213}, {""anchor_vertex"": 14635, ""edge_count"": 14, ""end_node_index"": 228, ""start_node_index"": 214}, {""anchor_vertex"": 1531, ""edge_count"": 12, ""end_node_index"": 227, ""start_node_index"": 215}, {""anchor_vertex"": 20338, ""edge_count"": 10, ""end_node_index"": 226, ""start_node_index"": 216}, {""anchor_vertex"": 13694, ""edge_count"": 8, ""end_node_index"": 225, ""start_node_index"": 217}, {""anchor_vertex"": 1532, ""edge_count"": 6, ""end_node_index"": 224, ""start_node_index"": 218}, {""anchor_vertex"": 10022, ""edge_count"": 4, ""end_node_index"": 223, ""start_node_index"": 219}, {""anchor_vertex"": 10023, ""edge_count"": 2, ""end_node_index"": 222, ""start_node_index"": 220}]",MULTIPLE_REPEATED_VERTICES
analyzed,paris_bures_02_multi_tight,development,tmp_scalar_via_recovered_non_elementary_walks.json,/candidates[121],"P,S",10013,898a1056b9d075600f9b6e9982bb6a63d3d010eefb81e558027a771e1271f868,366,365,42300.0,675.5000015869737,8828372.0,624850.0,208.70855791962174,14.771867612293144,129,True,"{""elevation_high"": 0.0, ""elevation_low"": 0.0, ""length_high"": 0.0, ""length_low"": 0.0, ""popularity_low"": 0.0, ""width_high"": 0.0}","{""directed_edges_ok"": true, ""metric_deltas"": [0.0, 0.0, 0.0, 0.0], ""missing_edges"": 0, ""passed"": true, ""road_changes_delta"": 0}",19,2,19,0,16,"{""842"": 2, ""843"": 2, ""844"": 2, ""849"": 2, ""1478"": 2, ""1488"": 2, ""1505"": 2, ""1506"": 2, ""1531"": 2, ""1532"": 2, ""9953"": 2, ""9959"": 2, ""10015"": 2, ""10022"": 2, ""10023"": 2, ""13694"": 2, ""14635"": 2, ""20203"": 2, ""20338"": 2}",False,842,,,,,,,,False,"[{""anchor_vertex"": 842, ""edge_count"": 59, ""end_node_index"": 256, ""start_node_index"": 197}, {""anchor_vertex"": 849, ""edge_count"": 57, ""end_node_index"": 255, ""start_node_index"": 198}, {""anchor_vertex"": 1506, ""edge_count"": 55, ""end_node_index"": 254, ""start_node_index"": 199}, {""anchor_vertex"": 843, ""edge_count"": 53, ""end_node_index"": 253, ""start_node_index"": 200}, {""anchor_vertex"": 844, ""edge_count"": 51, ""end_node_index"": 252, ""start_node_index"": 201}, {""anchor_vertex"": 1505, ""edge_count"": 49, ""end_node_index"": 251, ""start_node_index"": 202}, {""anchor_vertex"": 1478, ""edge_count"": 39, ""end_node_index"": 247, ""start_node_index"": 208}, {""anchor_vertex"": 1488, ""edge_count"": 31, ""end_node_index"": 243, ""start_node_index"": 212}, {""anchor_vertex"": 20203, ""edge_count"": 29, ""end_node_index"": 242, ""start_node_index"": 213}, {""anchor_vertex"": 14635, ""edge_count"": 27, ""end_node_index"": 241, ""start_node_index"": 214}, {""anchor_vertex"": 1531, ""edge_count"": 25, ""end_node_index"": 240, ""start_node_index"": 215}, {""anchor_vertex"": 20338, ""edge_count"": 23, ""end_node_index"": 239, ""start_node_index"": 216}, {""anchor_vertex"": 13694, ""edge_count"": 21, ""end_node_index"": 238, ""start_node_index"": 217}, {""anchor_vertex"": 1532, ""edge_count"": 19, ""end_node_index"": 237, ""start_node_index"": 218}, {""anchor_vertex"": 10022, ""edge_count"": 17, ""end_node_index"": 236, ""start_node_index"": 219}, {""anchor_vertex"": 10023, ""edge_count"": 15, ""end_node_index"": 235, ""start_node_index"": 220}, {""anchor_vertex"": 9959, ""edge_count"": 13, ""end_node_index"": 234, ""start_node_index"": 221}, {""anchor_vertex"": 9953, ""edge_count"": 11, ""end_node_index"": 233, ""start_node_index"": 222}, {""anchor_vertex"": 10015, ""edge_count"": 2, ""end_node_index"": 227, ""start_node_index"": 225}]",MULTIPLE_REPEATED_VERTICES
analyzed,paris_bures_02_multi_tight,development,tmp_scalar_via_recovered_non_elementary_walks.json,/candidates[122],"P,S",10015,cea6bc81961ad1739d43e187e86e9c50152f9463144affaa777ee191786cfbe3,364,363,42246.0,674.1000016108155,8821838.0,624580.0,208.82066941248877,14.784358282440941,127,True,"{""elevation_high"": 0.0, ""elevation_low"": 0.0, ""length_high"": 0.0, ""length_low"": 0.0, ""popularity_low"": 0.0, ""width_high"": 0.0}","{""directed_edges_ok"": true, ""metric_deltas"": [0.0, 0.0, 0.0, 0.0], ""missing_edges"": 0, ""passed"": true, ""road_changes_delta"": 0}",18,2,18,0,15,"{""842"": 2, ""843"": 2, ""844"": 2, ""849"": 2, ""1478"": 2, ""1488"": 2, ""1505"": 2, ""1506"": 2, ""1531"": 2, ""1532"": 2, ""9953"": 2, ""9959"": 2, ""10022"": 2, ""10023"": 2, ""13694"": 2, ""14635"": 2, ""20203"": 2, ""20338"": 2}",False,842,,,,,,,,False,"[{""anchor_vertex"": 842, ""edge_count"": 57, ""end_node_index"": 254, ""start_node_index"": 197}, {""anchor_vertex"": 849, ""edge_count"": 55, ""end_node_index"": 253, ""start_node_index"": 198}, {""anchor_vertex"": 1506, ""edge_count"": 53, ""end_node_index"": 252, ""start_node_index"": 199}, {""anchor_vertex"": 843, ""edge_count"": 51, ""end_node_index"": 251, ""start_node_index"": 200}, {""anchor_vertex"": 844, ""edge_count"": 49, ""end_node_index"": 250, ""start_node_index"": 201}, {""anchor_vertex"": 1505, ""edge_count"": 47, ""end_node_index"": 249, ""start_node_index"": 202}, {""anchor_vertex"": 1478, ""edge_count"": 37, ""end_node_index"": 245, ""start_node_index"": 208}, {""anchor_vertex"": 1488, ""edge_count"": 29, ""end_node_index"": 241, ""start_node_index"": 212}, {""anchor_vertex"": 20203, ""edge_count"": 27, ""end_node_index"": 240, ""start_node_index"": 213}, {""anchor_vertex"": 14635, ""edge_count"": 25, ""end_node_index"": 239, ""start_node_index"": 214}, {""anchor_vertex"": 1531, ""edge_count"": 23, ""end_node_index"": 238, ""start_node_index"": 215}, {""anchor_vertex"": 20338, ""edge_count"": 21, ""end_node_index"": 237, ""start_node_index"": 216}, {""anchor_vertex"": 13694, ""edge_count"": 19, ""end_node_index"": 236, ""start_node_index"": 217}, {""anchor_vertex"": 1532, ""edge_count"": 17, ""end_node_index"": 235, ""start_node_index"": 218}, {""anchor_vertex"": 10022, ""edge_count"": 15, ""end_node_index"": 234, ""start_node_index"": 219}, {""anchor_vertex"": 10023, ""edge_count"": 13, ""end_node_index"": 233, ""start_node_index"": 220}, {""anchor_vertex"": 9959, ""edge_count"": 11, ""end_node_index"": 232, ""start_node_index"": 221}, {""anchor_vertex"": 9953, ""edge_count"": 9, ""end_node_index"": 231, ""start_node_index"": 222}]",MULTIPLE_REPEATED_VERTICES
analyzed,paris_bures_02_multi_tight,development,tmp_scalar_via_recovered_non_elementary_walks.json,/candidates[123],"P,S",10017,3cd6ee1c4d3be1e5de58a8cf225ea8073e43d221632f0c5a27cf55342f895352,355,354,41412.0,667.400001809001,8697933.0,617170.0,210.03412054476962,14.90316816381725,124,True,"{""elevation_high"": 0.0, ""elevation_low"": 0.0, ""length_high"": 0.0, ""length_low"": 0.0, ""popularity_low"": 0.0, ""width_high"": 0.0}","{""directed_edges_ok"": true, ""metric_deltas"": [0.0, 0.0, 0.0, 0.0], ""missing_edges"": 0, ""passed"": true, ""road_changes_delta"": 0}",17,2,17,0,15,"{""842"": 2, ""843"": 2, ""844"": 2, ""849"": 2, ""1478"": 2, ""1488"": 2, ""1505"": 2, ""1506"": 2, ""1531"": 2, ""1532"": 2, ""9959"": 2, ""10022"": 2, ""10023"": 2, ""13694"": 2, ""14635"": 2, ""20203"": 2, ""20338"": 2}",False,842,,,,,,,,False,"[{""anchor_vertex"": 842, ""edge_count"": 48, ""end_node_index"": 245, ""start_node_index"": 197}, {""anchor_vertex"": 849, ""edge_count"": 46, ""end_node_index"": 244, ""start_node_index"": 198}, {""anchor_vertex"": 1506, ""edge_count"": 44, ""end_node_index"": 243, ""start_node_index"": 199}, {""anchor_vertex"": 843, ""edge_count"": 42, ""end_node_index"": 242, ""start_node_index"": 200}, {""anchor_vertex"": 844, ""edge_count"": 40, ""end_node_index"": 241, ""start_node_index"": 201}, {""anchor_vertex"": 1505, ""edge_count"": 38, ""end_node_index"": 240, ""start_node_index"": 202}, {""anchor_vertex"": 1478, ""edge_count"": 28, ""end_node_index"": 236, ""start_node_index"": 208}, {""anchor_vertex"": 1488, ""edge_count"": 20, ""end_node_index"": 232, ""start_node_index"": 212}, {""anchor_vertex"": 20203, ""edge_count"": 18, ""end_node_index"": 231, ""start_node_index"": 213}, {""anchor_vertex"": 14635, ""edge_count"": 16, ""end_node_index"": 230, ""start_node_index"": 214}, {""anchor_vertex"": 1531, ""edge_count"": 14, ""end_node_index"": 229, ""start_node_index"": 215}, {""anchor_vertex"": 20338, ""edge_count"": 12, ""end_node_index"": 228, ""start_node_index"": 216}, {""anchor_vertex"": 13694, ""edge_count"": 10, ""end_node_index"": 227, ""start_node_index"": 217}, {""anchor_vertex"": 1532, ""edge_count"": 8, ""end_node_index"": 226, ""start_node_index"": 218}, {""anchor_vertex"": 10022, ""edge_count"": 6, ""end_node_index"": 225, ""start_node_index"": 219}, {""anchor_vertex"": 10023, ""edge_count"": 4, ""end_node_index"": 224, ""start_node_index"": 220}, {""anchor_vertex"": 9959, ""edge_count"": 2, ""end_node_index"": 223, ""start_node_index"": 221}]",MULTIPLE_REPEATED_VERTICES
analyzed,paris_bures_02_multi_tight,development,tmp_scalar_via_recovered_non_elementary_walks.json,/candidates[124],"P,S",10018,3f62f6e430accc5b48930b2203c0bb0ac4053d2c459738d5a04acdedde634889,357,356,41460.0,667.6000018119812,8708109.0,617650.0,210.0363965267728,14.897491558128316,126,True,"{""elevation_high"": 0.0, ""elevation_low"": 0.0, ""length_high"": 0.0, ""length_low"": 0.0, ""popularity_low"": 0.0, ""width_high"": 0.0}","{""directed_edges_ok"": true, ""metric_deltas"": [0.0, 0.0, 0.0, 0.0], ""missing_edges"": 0, ""passed"": true, ""road_changes_delta"": 0}",18,2,18,0,16,"{""842"": 2, ""843"": 2, ""844"": 2, ""849"": 2, ""1478"": 2, ""1488"": 2, ""1505"": 2, ""1506"": 2, ""1531"": 2, ""1532"": 2, ""9959"": 2, ""10017"": 2, ""10022"": 2, ""10023"": 2, ""13694"": 2, ""14635"": 2, ""20203"": 2, ""20338"": 2}",False,842,,,,,,,,False,"[{""anchor_vertex"": 842, ""edge_count"": 50, ""end_node_index"": 247, ""start_node_index"": 197}, {""anchor_vertex"": 849, ""edge_count"": 48, ""end_node_index"": 246, ""start_node_index"": 198}, {""anchor_vertex"": 1506, ""edge_count"": 46, ""end_node_index"": 245, ""start_node_index"": 199}, {""anchor_vertex"": 843, ""edge_count"": 44, ""end_node_index"": 244, ""start_node_index"": 200}, {""anchor_vertex"": 844, ""edge_count"": 42, ""end_node_index"": 243, ""start_node_index"": 201}, {""anchor_vertex"": 1505, ""edge_count"": 40, ""end_node_index"": 242, ""start_node_index"": 202}, {""anchor_vertex"": 1478, ""edge_count"": 30, ""end_node_index"": 238, ""start_node_index"": 208}, {""anchor_vertex"": 1488, ""edge_count"": 22, ""end_node_index"": 234, ""start_node_index"": 212}, {""anchor_vertex"": 20203, ""edge_count"": 20, ""end_node_index"": 233, ""start_node_index"": 213}, {""anchor_vertex"": 14635, ""edge_count"": 18, ""end_node_index"": 232, ""start_node_index"": 214}, {""anchor_vertex"": 1531, ""edge_count"": 16, ""end_node_index"": 231, ""start_node_index"": 215}, {""anchor_vertex"": 20338, ""edge_count"": 14, ""end_node_index"": 230, ""start_node_index"": 216}, {""anchor_vertex"": 13694, ""edge_count"": 12, ""end_node_index"": 229, ""start_node_index"": 217}, {""anchor_vertex"": 1532, ""edge_count"": 10, ""end_node_index"": 228, ""start_node_index"": 218}, {""anchor_vertex"": 10022, ""edge_count"": 8, ""end_node_index"": 227, ""start_node_index"": 219}, {""anchor_vertex"": 10023, ""edge_count"": 6, ""end_node_index"": 226, ""start_node_index"": 220}, {""anchor_vertex"": 9959, ""edge_count"": 4, ""end_node_index"": 225, ""start_node_index"": 221}, {""anchor_vertex"": 10017, ""edge_count"": 2, ""end_node_index"": 224, ""start_node_index"": 222}]",MULTIPLE_REPEATED_VERTICES
analyzed,paris_bures_02_multi_tight,development,tmp_scalar_via_recovered_non_elementary_walks.json,/candidates[125],"P,S",10019,6b0fec6dcc76eab712eb4d26ef12e4d31bf9faeba6a05de3bbb94d85614296f0,361,360,41766.0,670.300001770258,8713689.0,620710.0,208.6311593161902,14.86160992194608,128,True,"{""elevation_high"": 0.0, ""elevation_low"": 0.0, ""length_high"": 0.0, ""length_low"": 0.0, ""popularity_low"": 0.0, ""width_high"": 0.0}","{""directed_edges_ok"": true, ""metric_deltas"": [0.0, 0.0, 0.0, 0.0], ""missing_edges"": 0, ""passed"": true, ""road_changes_delta"": 0}",20,2,20,0,18,"{""842"": 2, ""843"": 2, ""844"": 2, ""849"": 2, ""1478"": 2, ""1488"": 2, ""1505"": 2, ""1506"": 2, ""1531"": 2, ""1532"": 2, ""9959"": 2, ""10017"": 2, ""10018"": 2, ""10020"": 2, ""10022"": 2, ""10023"": 2, ""13694"": 2, ""14635"": 2, ""20203"": 2, ""20338"": 2}",False,842,,,,,,,,False,"[{""anchor_vertex"": 842, ""edge_count"": 54, ""end_node_index"": 251, ""start_node_index"": 197}, {""anchor_vertex"": 849, ""edge_count"": 52, ""end_node_index"": 250, ""start_node_index"": 198}, {""anchor_vertex"": 1506, ""edge_count"": 50, ""end_node_index"": 249, ""start_node_index"": 199}, {""anchor_vertex"": 843, ""edge_count"": 48, ""end_node_index"": 248, ""start_node_index"": 200}, {""anchor_vertex"": 844, ""edge_count"": 46, ""end_node_index"": 247, ""start_node_index"": 201}, {""anchor_vertex"": 1505, ""edge_count"": 44, ""end_node_index"": 246, ""start_node_index"": 202}, {""anchor_vertex"": 1478, ""edge_count"": 34, ""end_node_index"": 242, ""start_node_index"": 208}, {""anchor_vertex"": 1488, ""edge_count"": 26, ""end_node_index"": 238, ""start_node_index"": 212}, {""anchor_vertex"": 20203, ""edge_count"": 24, ""end_node_index"": 237, ""start_node_index"": 213}, {""anchor_vertex"": 14635, ""edge_count"": 22, ""end_node_index"": 236, ""start_node_index"": 214}, {""anchor_vertex"": 1531, ""edge_count"": 20, ""end_node_index"": 235, ""start_node_index"": 215}, {""anchor_vertex"": 20338, ""edge_count"": 18, ""end_node_index"": 234, ""start_node_index"": 216}, {""anchor_vertex"": 13694, ""edge_count"": 16, ""end_node_index"": 233, ""start_node_index"": 217}, {""anchor_vertex"": 1532, ""edge_count"": 14, ""end_node_index"": 232, ""start_node_index"": 218}, {""anchor_vertex"": 10022, ""edge_count"": 12, ""end_node_index"": 231, ""start_node_index"": 219}, {""anchor_vertex"": 10023, ""edge_count"": 10, ""end_node_index"": 230, ""start_node_index"": 220}, {""anchor_vertex"": 9959, ""edge_count"": 8, ""end_node_index"": 229, ""start_node_index"": 221}, {""anchor_vertex"": 10017, ""edge_count"": 6, ""end_node_index"": 228, ""start_node_index"": 222}, {""anchor_vertex"": 10018, ""edge_count"": 4, ""end_node_index"": 227, ""start_node_index"": 223}, {""anchor_vertex"": 10020, ""edge_count"": 2, ""end_node_index"": 226, ""start_node_index"": 224}]",MULTIPLE_REPEATED_VERTICES
analyzed,paris_bures_02_multi_tight,development,tmp_scalar_via_recovered_non_elementary_walks.json,/candidates[126],"P,S",10020,51029333b75089d9960783ea34e9f0548669112af7bbb31cc681daa1d9ae2f1e,359,358,41506.0,668.0000018179417,8713169.0,618110.0,209.92552883920396,14.892063798005108,128,True,"{""elevation_high"": 0.0, ""elevation_low"": 0.0, ""length_high"": 0.0, ""length_low"": 0.0, ""popularity_low"": 0.0, ""width_high"": 0.0}","{""directed_edges_ok"": true, ""metric_deltas"": [0.0, 0.0, 0.0, 0.0], ""missing_edges"": 0, ""passed"": true, ""road_changes_delta"": 0}",19,2,19,0,17,"{""842"": 2, ""843"": 2, ""844"": 2, ""849"": 2, ""1478"": 2, ""1488"": 2, ""1505"": 2, ""1506"": 2, ""1531"": 2, ""1532"": 2, ""9959"": 2, ""10017"": 2, ""10018"": 2, ""10022"": 2, ""10023"": 2, ""13694"": 2, ""14635"": 2, ""20203"": 2, ""20338"": 2}",False,842,,,,,,,,False,"[{""anchor_vertex"": 842, ""edge_count"": 52, ""end_node_index"": 249, ""start_node_index"": 197}, {""anchor_vertex"": 849, ""edge_count"": 50, ""end_node_index"": 248, ""start_node_index"": 198}, {""anchor_vertex"": 1506, ""edge_count"": 48, ""end_node_index"": 247, ""start_node_index"": 199}, {""anchor_vertex"": 843, ""edge_count"": 46, ""end_node_index"": 246, ""start_node_index"": 200}, {""anchor_vertex"": 844, ""edge_count"": 44, ""end_node_index"": 245, ""start_node_index"": 201}, {""anchor_vertex"": 1505, ""edge_count"": 42, ""end_node_index"": 244, ""start_node_index"": 202}, {""anchor_vertex"": 1478, ""edge_count"": 32, ""end_node_index"": 240, ""start_node_index"": 208}, {""anchor_vertex"": 1488, ""edge_count"": 24, ""end_node_index"": 236, ""start_node_index"": 212}, {""anchor_vertex"": 20203, ""edge_count"": 22, ""end_node_index"": 235, ""start_node_index"": 213}, {""anchor_vertex"": 14635, ""edge_count"": 20, ""end_node_index"": 234, ""start_node_index"": 214}, {""anchor_vertex"": 1531, ""edge_count"": 18, ""end_node_index"": 233, ""start_node_index"": 215}, {""anchor_vertex"": 20338, ""edge_count"": 16, ""end_node_index"": 232, ""start_node_index"": 216}, {""anchor_vertex"": 13694, ""edge_count"": 14, ""end_node_index"": 231, ""start_node_index"": 217}, {""anchor_vertex"": 1532, ""edge_count"": 12, ""end_node_index"": 230, ""start_node_index"": 218}, {""anchor_vertex"": 10022, ""edge_count"": 10, ""end_node_index"": 229, ""start_node_index"": 219}, {""anchor_vertex"": 10023, ""edge_count"": 8, ""end_node_index"": 228, ""start_node_index"": 220}, {""anchor_vertex"": 9959, ""edge_count"": 6, ""end_node_index"": 227, ""start_node_index"": 221}, {""anchor_vertex"": 10017, ""edge_count"": 4, ""end_node_index"": 226, ""start_node_index"": 222}, {""anchor_vertex"": 10018, ""edge_count"": 2, ""end_node_index"": 225, ""start_node_index"": 223}]",MULTIPLE_REPEATED_VERTICES
analyzed,paris_bures_02_multi_tight,development,tmp_scalar_via_recovered_non_elementary_walks.json,/candidates[127],"P,S",10023,2c3a0aecb554d21ef5e12fec022d11038e2dc8f7d4e584faa78abc3c8d1cbcc9,351,350,40994.0,666.2000017613173,8649093.0,615080.0,210.9843635653998,15.004146948333903,122,True,"{""elevation_high"": 0.0, ""elevation_low"": 0.0, ""length_high"": 0.0, ""length_low"": 0.0, ""popularity_low"": 0.0, ""width_high"": 0.0}","{""directed_edges_ok"": true, ""metric_deltas"": [0.0, 0.0, 0.0, 0.0], ""missing_edges"": 0, ""passed"": true, ""road_changes_delta"": 0}",15,2,15,0,13,"{""842"": 2, ""843"": 2, ""844"": 2, ""849"": 2, ""1478"": 2, ""1488"": 2, ""1505"": 2, ""1506"": 2, ""1531"": 2, ""1532"": 2, ""10022"": 2, ""13694"": 2, ""14635"": 2, ""20203"": 2, ""20338"": 2}",False,842,,,,,,,,False,"[{""anchor_vertex"": 842, ""edge_count"": 44, ""end_node_index"": 241, ""start_node_index"": 197}, {""anchor_vertex"": 849, ""edge_count"": 42, ""end_node_index"": 240, ""start_node_index"": 198}, {""anchor_vertex"": 1506, ""edge_count"": 40, ""end_node_index"": 239, ""start_node_index"": 199}, {""anchor_vertex"": 843, ""edge_count"": 38, ""end_node_index"": 238, ""start_node_index"": 200}, {""anchor_vertex"": 844, ""edge_count"": 36, ""end_node_index"": 237, ""start_node_index"": 201}, {""anchor_vertex"": 1505, ""edge_count"": 34, ""end_node_index"": 236, ""start_node_index"": 202}, {""anchor_vertex"": 1478, ""edge_count"": 24, ""end_node_index"": 232, ""start_node_index"": 208}, {""anchor_vertex"": 1488, ""edge_count"": 16, ""end_node_index"": 228, ""start_node_index"": 212}, {""anchor_vertex"": 20203, ""edge_count"": 14, ""end_node_index"": 227, ""start_node_index"": 213}, {""anchor_vertex"": 14635, ""edge_count"": 12, ""end_node_index"": 226, ""start_node_index"": 214}, {""anchor_vertex"": 1531, ""edge_count"": 10, ""end_node_index"": 225, ""start_node_index"": 215}, {""anchor_vertex"": 20338, ""edge_count"": 8, ""end_node_index"": 224, ""start_node_index"": 216}, {""anchor_vertex"": 13694, ""edge_count"": 6, ""end_node_index"": 223, ""start_node_index"": 217}, {""anchor_vertex"": 1532, ""edge_count"": 4, ""end_node_index"": 222, ""start_node_index"": 218}, {""anchor_vertex"": 10022, ""edge_count"": 2, ""end_node_index"": 221, ""start_node_index"": 219}]",MULTIPLE_REPEATED_VERTICES
analyzed,paris_bures_02_multi_tight,development,tmp_scalar_via_recovered_non_elementary_walks.json,/candidates[128],"P,S",10024,1f7a11a51125624ba7339c7411b2d73ed9174ad1edd86584559fc2c0954f7762,353,352,41170.0,667.7000017613173,8654725.0,616840.0,210.21921301918874,14.982754432839446,124,True,"{""elevation_high"": 0.0, ""elevation_low"": 0.0, ""length_high"": 0.0, ""length_low"": 0.0, ""popularity_low"": 0.0, ""width_high"": 0.0}","{""directed_edges_ok"": true, ""metric_deltas"": [0.0, 0.0, 0.0, 0.0], ""missing_edges"": 0, ""passed"": true, ""road_changes_delta"": 0}",16,2,16,0,14,"{""842"": 2, ""843"": 2, ""844"": 2, ""849"": 2, ""1478"": 2, ""1488"": 2, ""1505"": 2, ""1506"": 2, ""1531"": 2, ""1532"": 2, ""10022"": 2, ""10023"": 2, ""13694"": 2, ""14635"": 2, ""20203"": 2, ""20338"": 2}",False,842,,,,,,,,False,"[{""anchor_vertex"": 842, ""edge_count"": 46, ""end_node_index"": 243, ""start_node_index"": 197}, {""anchor_vertex"": 849, ""edge_count"": 44, ""end_node_index"": 242, ""start_node_index"": 198}, {""anchor_vertex"": 1506, ""edge_count"": 42, ""end_node_index"": 241, ""start_node_index"": 199}, {""anchor_vertex"": 843, ""edge_count"": 40, ""end_node_index"": 240, ""start_node_index"": 200}, {""anchor_vertex"": 844, ""edge_count"": 38, ""end_node_index"": 239, ""start_node_index"": 201}, {""anchor_vertex"": 1505, ""edge_count"": 36, ""end_node_index"": 238, ""start_node_index"": 202}, {""anchor_vertex"": 1478, ""edge_count"": 26, ""end_node_index"": 234, ""start_node_index"": 208}, {""anchor_vertex"": 1488, ""edge_count"": 18, ""end_node_index"": 230, ""start_node_index"": 212}, {""anchor_vertex"": 20203, ""edge_count"": 16, ""end_node_index"": 229, ""start_node_index"": 213}, {""anchor_vertex"": 14635, ""edge_count"": 14, ""end_node_index"": 228, ""start_node_index"": 214}, {""anchor_vertex"": 1531, ""edge_count"": 12, ""end_node_index"": 227, ""start_node_index"": 215}, {""anchor_vertex"": 20338, ""edge_count"": 10, ""end_node_index"": 226, ""start_node_index"": 216}, {""anchor_vertex"": 13694, ""edge_count"": 8, ""end_node_index"": 225, ""start_node_index"": 217}, {""anchor_vertex"": 1532, ""edge_count"": 6, ""end_node_index"": 224, ""start_node_index"": 218}, {""anchor_vertex"": 10022, ""edge_count"": 4, ""end_node_index"": 223, ""start_node_index"": 219}, {""anchor_vertex"": 10023, ""edge_count"": 2, ""end_node_index"": 222, ""start_node_index"": 220}]",MULTIPLE_REPEATED_VERTICES
analyzed,paris_bures_02_multi_tight,development,tmp_scalar_via_recovered_non_elementary_walks.json,/candidates[129],"P,S",10025,1c3da59158a26d0f553fb0486f6a88bcf3b988966c4889ee8ae470dabdbeb9bc,355,354,41258.0,668.0000018328428,8659477.0,617280.0,209.8860099859421,14.96146201948713,124,True,"{""elevation_high"": 0.0, ""elevation_low"": 0.0, ""length_high"": 0.0, ""length_low"": 0.0, ""popularity_low"": 0.0, ""width_high"": 0.0}","{""directed_edges_ok"": true, ""metric_deltas"": [0.0, 0.0, 0.0, 0.0], ""missing_edges"": 0, ""passed"": true, ""road_changes_delta"": 0}",17,2,17,0,15,"{""842"": 2, ""843"": 2, ""844"": 2, ""849"": 2, ""1478"": 2, ""1488"": 2, ""1505"": 2, ""1506"": 2, ""1531"": 2, ""1532"": 2, ""9959"": 2, ""10022"": 2, ""10023"": 2, ""13694"": 2, ""14635"": 2, ""20203"": 2, ""20338"": 2}",False,842,,,,,,,,False,"[{""anchor_vertex"": 842, ""edge_count"": 48, ""end_node_index"": 245, ""start_node_index"": 197}, {""anchor_vertex"": 849, ""edge_count"": 46, ""end_node_index"": 244, ""start_node_index"": 198}, {""anchor_vertex"": 1506, ""edge_count"": 44, ""end_node_index"": 243, ""start_node_index"": 199}, {""anchor_vertex"": 843, ""edge_count"": 42, ""end_node_index"": 242, ""start_node_index"": 200}, {""anchor_vertex"": 844, ""edge_count"": 40, ""end_node_index"": 241, ""start_node_index"": 201}, {""anchor_vertex"": 1505, ""edge_count"": 38, ""end_node_index"": 240, ""start_node_index"": 202}, {""anchor_vertex"": 1478, ""edge_count"": 28, ""end_node_index"": 236, ""start_node_index"": 208}, {""anchor_vertex"": 1488, ""edge_count"": 20, ""end_node_index"": 232, ""start_node_index"": 212}, {""anchor_vertex"": 20203, ""edge_count"": 18, ""end_node_index"": 231, ""start_node_index"": 213}, {""anchor_vertex"": 14635, ""edge_count"": 16, ""end_node_index"": 230, ""start_node_index"": 214}, {""anchor_vertex"": 1531, ""edge_count"": 14, ""end_node_index"": 229, ""start_node_index"": 215}, {""anchor_vertex"": 20338, ""edge_count"": 12, ""end_node_index"": 228, ""start_node_index"": 216}, {""anchor_vertex"": 13694, ""edge_count"": 10, ""end_node_index"": 227, ""start_node_index"": 217}, {""anchor_vertex"": 1532, ""edge_count"": 8, ""end_node_index"": 226, ""start_node_index"": 218}, {""anchor_vertex"": 10022, ""edge_count"": 6, ""end_node_index"": 225, ""start_node_index"": 219}, {""anchor_vertex"": 10023, ""edge_count"": 4, ""end_node_index"": 224, ""start_node_index"": 220}, {""anchor_vertex"": 9959, ""edge_count"": 2, ""end_node_index"": 223, ""start_node_index"": 221}]",MULTIPLE_REPEATED_VERTICES
analyzed,paris_bures_02_multi_tight,development,tmp_scalar_via_recovered_non_elementary_walks.json,/candidates[130],"P,S",10026,c5d462ffd325ea9b385468a103cff84b195e284e7a4a9be6fb445c6dd90647a8,364,363,43624.0,683.2000018358231,8865669.0,631750.0,203.22916284613973,14.481707317073171,130,True,"{""elevation_high"": 0.0, ""elevation_low"": 0.0, ""length_high"": 0.0, ""length_low"": 0.0, ""popularity_low"": 0.0, ""width_high"": 0.0}","{""directed_edges_ok"": true, ""metric_deltas"": [0.0, 0.0, 0.0, 0.0], ""missing_edges"": 0, ""passed"": true, ""road_changes_delta"": 0}",20,2,20,0,17,"{""842"": 2, ""843"": 2, ""844"": 2, ""849"": 2, ""1478"": 2, ""1488"": 2, ""1505"": 2, ""1506"": 2, ""1531"": 2, ""1532"": 2, ""6867"": 2, ""7748"": 2, ""9952"": 2, ""9959"": 2, ""10022"": 2, ""10023"": 2, ""13694"": 2, ""14635"": 2, ""20203"": 2, ""20338"": 2}",False,842,,,,,,,,False,"[{""anchor_vertex"": 842, ""edge_count"": 57, ""end_node_index"": 254, ""start_node_index"": 197}, {""anchor_vertex"": 849, ""edge_count"": 55, ""end_node_index"": 253, ""start_node_index"": 198}, {""anchor_vertex"": 1506, ""edge_count"": 53, ""end_node_index"": 252, ""start_node_index"": 199}, {""anchor_vertex"": 843, ""edge_count"": 51, ""end_node_index"": 251, ""start_node_index"": 200}, {""anchor_vertex"": 844, ""edge_count"": 49, ""end_node_index"": 250, ""start_node_index"": 201}, {""anchor_vertex"": 1505, ""edge_count"": 47, ""end_node_index"": 249, ""start_node_index"": 202}, {""anchor_vertex"": 1478, ""edge_count"": 37, ""end_node_index"": 245, ""start_node_index"": 208}, {""anchor_vertex"": 1488, ""edge_count"": 29, ""end_node_index"": 241, ""start_node_index"": 212}, {""anchor_vertex"": 20203, ""edge_count"": 27, ""end_node_index"": 240, ""start_node_index"": 213}, {""anchor_vertex"": 14635, ""edge_count"": 25, ""end_node_index"": 239, ""start_node_index"": 214}, {""anchor_vertex"": 1531, ""edge_count"": 23, ""end_node_index"": 238, ""start_node_index"": 215}, {""anchor_vertex"": 20338, ""edge_count"": 21, ""end_node_index"": 237, ""start_node_index"": 216}, {""anchor_vertex"": 13694, ""edge_count"": 19, ""end_node_index"": 236, ""start_node_index"": 217}, {""anchor_vertex"": 1532, ""edge_count"": 17, ""end_node_index"": 235, ""start_node_index"": 218}, {""anchor_vertex"": 10022, ""edge_count"": 15, ""end_node_index"": 234, ""start_node_index"": 219}, {""anchor_vertex"": 10023, ""edge_count"": 13, ""end_node_index"": 233, ""start_node_index"": 220}, {""anchor_vertex"": 9959, ""edge_count"": 11, ""end_node_index"": 232, ""start_node_index"": 221}, {""anchor_vertex"": 9952, ""edge_count"": 6, ""end_node_index"": 230, ""start_node_index"": 224}, {""anchor_vertex"": 6867, ""edge_count"": 4, ""end_node_index"": 229, ""start_node_index"": 225}, {""anchor_vertex"": 7748, ""edge_count"": 2, ""end_node_index"": 228, ""start_node_index"": 226}]",MULTIPLE_REPEATED_VERTICES
analyzed,paris_bures_02_multi_tight,development,tmp_scalar_via_recovered_non_elementary_walks.json,/candidates[131],"P,S",19075,ecc322692ac5519bc6eef12ae102c2b2e0271efe19f9e94c8137a35906b24fd2,374,373,43327.0,688.3000018149614,8926839.0,630265.0,206.03408959771045,14.546702979666259,131,True,"{""elevation_high"": 0.0, ""elevation_low"": 0.0, ""length_high"": 0.0, ""length_low"": 0.0, ""popularity_low"": 0.0, ""width_high"": 0.0}","{""directed_edges_ok"": true, ""metric_deltas"": [0.0, 0.0, 0.0, 0.0], ""missing_edges"": 0, ""passed"": true, ""road_changes_delta"": 0}",18,2,18,0,14,"{""842"": 2, ""843"": 2, ""844"": 2, ""849"": 2, ""1478"": 2, ""1488"": 2, ""1505"": 2, ""1506"": 2, ""1531"": 2, ""1532"": 2, ""9952"": 2, ""9959"": 2, ""10022"": 2, ""10023"": 2, ""13694"": 2, ""14635"": 2, ""20203"": 2, ""20338"": 2}",False,842,,,,,,,,False,"[{""anchor_vertex"": 842, ""edge_count"": 67, ""end_node_index"": 264, ""start_node_index"": 197}, {""anchor_vertex"": 849, ""edge_count"": 65, ""end_node_index"": 263, ""start_node_index"": 198}, {""anchor_vertex"": 1506, ""edge_count"": 63, ""end_node_index"": 262, ""start_node_index"": 199}, {""anchor_vertex"": 843, ""edge_count"": 61, ""end_node_index"": 261, ""start_node_index"": 200}, {""anchor_vertex"": 844, ""edge_count"": 59, ""end_node_index"": 260, ""start_node_index"": 201}, {""anchor_vertex"": 1505, ""edge_count"": 57, ""end_node_index"": 259, ""start_node_index"": 202}, {""anchor_vertex"": 1478, ""edge_count"": 47, ""end_node_index"": 255, ""start_node_index"": 208}, {""anchor_vertex"": 1488, ""edge_count"": 39, ""end_node_index"": 251, ""start_node_index"": 212}, {""anchor_vertex"": 20203, ""edge_count"": 37, ""end_node_index"": 250, ""start_node_index"": 213}, {""anchor_vertex"": 14635, ""edge_count"": 35, ""end_node_index"": 249, ""start_node_index"": 214}, {""anchor_vertex"": 1531, ""edge_count"": 33, ""end_node_index"": 248, ""start_node_index"": 215}, {""anchor_vertex"": 20338, ""edge_count"": 31, ""end_node_index"": 247, ""start_node_index"": 216}, {""anchor_vertex"": 13694, ""edge_count"": 29, ""end_node_index"": 246, ""start_node_index"": 217}, {""anchor_vertex"": 1532, ""edge_count"": 27, ""end_node_index"": 245, ""start_node_index"": 218}, {""anchor_vertex"": 10022, ""edge_count"": 25, ""end_node_index"": 244, ""start_node_index"": 219}, {""anchor_vertex"": 10023, ""edge_count"": 23, ""end_node_index"": 243, ""start_node_index"": 220}, {""anchor_vertex"": 9959, ""edge_count"": 21, ""end_node_index"": 242, ""start_node_index"": 221}, {""anchor_vertex"": 9952, ""edge_count"": 16, ""end_node_index"": 240, ""start_node_index"": 224}]",MULTIPLE_REPEATED_VERTICES
analyzed,paris_bures_02_multi_tight,development,tmp_scalar_via_recovered_non_elementary_walks.json,/candidates[132],"P,S",19468,6dde82fb81637236947e790369067d2d5fc20c6e0fa3d4c93614e6d0b3b449f8,368,367,42784.0,680.2000017911196,8879224.0,627550.0,207.53608825729245,14.667866492146597,133,True,"{""elevation_high"": 0.0, ""elevation_low"": 0.0, ""length_high"": 0.0, ""length_low"": 0.0, ""popularity_low"": 0.0, ""width_high"": 0.0}","{""directed_edges_ok"": true, ""metric_deltas"": [0.0, 0.0, 0.0, 0.0], ""missing_edges"": 0, ""passed"": true, ""road_changes_delta"": 0}",18,2,18,0,14,"{""842"": 2, ""843"": 2, ""844"": 2, ""849"": 2, ""1478"": 2, ""1488"": 2, ""1505"": 2, ""1506"": 2, ""1531"": 2, ""1532"": 2, ""9952"": 2, ""9959"": 2, ""10022"": 2, ""10023"": 2, ""13694"": 2, ""14635"": 2, ""20203"": 2, ""20338"": 2}",False,842,,,,,,,,False,"[{""anchor_vertex"": 842, ""edge_count"": 61, ""end_node_index"": 258, ""start_node_index"": 197}, {""anchor_vertex"": 849, ""edge_count"": 59, ""end_node_index"": 257, ""start_node_index"": 198}, {""anchor_vertex"": 1506, ""edge_count"": 57, ""end_node_index"": 256, ""start_node_index"": 199}, {""anchor_vertex"": 843, ""edge_count"": 55, ""end_node_index"": 255, ""start_node_index"": 200}, {""anchor_vertex"": 844, ""edge_count"": 53, ""end_node_index"": 254, ""start_node_index"": 201}, {""anchor_vertex"": 1505, ""edge_count"": 51, ""end_node_index"": 253, ""start_node_index"": 202}, {""anchor_vertex"": 1478, ""edge_count"": 41, ""end_node_index"": 249, ""start_node_index"": 208}, {""anchor_vertex"": 1488, ""edge_count"": 33, ""end_node_index"": 245, ""start_node_index"": 212}, {""anchor_vertex"": 20203, ""edge_count"": 31, ""end_node_index"": 244, ""start_node_index"": 213}, {""anchor_vertex"": 14635, ""edge_count"": 29, ""end_node_index"": 243, ""start_node_index"": 214}, {""anchor_vertex"": 1531, ""edge_count"": 27, ""end_node_index"": 242, ""start_node_index"": 215}, {""anchor_vertex"": 20338, ""edge_count"": 25, ""end_node_index"": 241, ""start_node_index"": 216}, {""anchor_vertex"": 13694, ""edge_count"": 23, ""end_node_index"": 240, ""start_node_index"": 217}, {""anchor_vertex"": 1532, ""edge_count"": 21, ""end_node_index"": 239, ""start_node_index"": 218}, {""anchor_vertex"": 10022, ""edge_count"": 19, ""end_node_index"": 238, ""start_node_index"": 219}, {""anchor_vertex"": 10023, ""edge_count"": 17, ""end_node_index"": 237, ""start_node_index"": 220}, {""anchor_vertex"": 9959, ""edge_count"": 15, ""end_node_index"": 236, ""start_node_index"": 221}, {""anchor_vertex"": 9952, ""edge_count"": 10, ""end_node_index"": 234, ""start_node_index"": 224}]",MULTIPLE_REPEATED_VERTICES
analyzed,paris_bures_02_multi_tight,development,tmp_scalar_via_recovered_non_elementary_walks.json,/candidates[133],"P,S",19469,1051b280c5405a1f8da756ac2a0d5f0d164f312fe872dd1de4932988992c90e0,370,369,42910.0,682.3000018149614,8891842.0,628180.0,207.22074108599395,14.639477977161501,133,True,"{""elevation_high"": 0.0, ""elevation_low"": 0.0, ""length_high"": 0.0, ""length_low"": 0.0, ""popularity_low"": 0.0, ""width_high"": 0.0}","{""directed_edges_ok"": true, ""metric_deltas"": [0.0, 0.0, 0.0, 0.0], ""missing_edges"": 0, ""passed"": true, ""road_changes_delta"": 0}",18,2,18,0,14,"{""842"": 2, ""843"": 2, ""844"": 2, ""849"": 2, ""1478"": 2, ""1488"": 2, ""1505"": 2, ""1506"": 2, ""1531"": 2, ""1532"": 2, ""9952"": 2, ""9959"": 2, ""10022"": 2, ""10023"": 2, ""13694"": 2, ""14635"": 2, ""20203"": 2, ""20338"": 2}",False,842,,,,,,,,False,"[{""anchor_vertex"": 842, ""edge_count"": 63, ""end_node_index"": 260, ""start_node_index"": 197}, {""anchor_vertex"": 849, ""edge_count"": 61, ""end_node_index"": 259, ""start_node_index"": 198}, {""anchor_vertex"": 1506, ""edge_count"": 59, ""end_node_index"": 258, ""start_node_index"": 199}, {""anchor_vertex"": 843, ""edge_count"": 57, ""end_node_index"": 257, ""start_node_index"": 200}, {""anchor_vertex"": 844, ""edge_count"": 55, ""end_node_index"": 256, ""start_node_index"": 201}, {""anchor_vertex"": 1505, ""edge_count"": 53, ""end_node_index"": 255, ""start_node_index"": 202}, {""anchor_vertex"": 1478, ""edge_count"": 43, ""end_node_index"": 251, ""start_node_index"": 208}, {""anchor_vertex"": 1488, ""edge_count"": 35, ""end_node_index"": 247, ""start_node_index"": 212}, {""anchor_vertex"": 20203, ""edge_count"": 33, ""end_node_index"": 246, ""start_node_index"": 213}, {""anchor_vertex"": 14635, ""edge_count"": 31, ""end_node_index"": 245, ""start_node_index"": 214}, {""anchor_vertex"": 1531, ""edge_count"": 29, ""end_node_index"": 244, ""start_node_index"": 215}, {""anchor_vertex"": 20338, ""edge_count"": 27, ""end_node_index"": 243, ""start_node_index"": 216}, {""anchor_vertex"": 13694, ""edge_count"": 25, ""end_node_index"": 242, ""start_node_index"": 217}, {""anchor_vertex"": 1532, ""edge_count"": 23, ""end_node_index"": 241, ""start_node_index"": 218}, {""anchor_vertex"": 10022, ""edge_count"": 21, ""end_node_index"": 240, ""start_node_index"": 219}, {""anchor_vertex"": 10023, ""edge_count"": 19, ""end_node_index"": 239, ""start_node_index"": 220}, {""anchor_vertex"": 9959, ""edge_count"": 17, ""end_node_index"": 238, ""start_node_index"": 221}, {""anchor_vertex"": 9952, ""edge_count"": 12, ""end_node_index"": 236, ""start_node_index"": 224}]",MULTIPLE_REPEATED_VERTICES
analyzed,paris_bures_02_multi_tight,development,tmp_scalar_via_recovered_non_elementary_walks.json,/candidates[134],"P,S",19786,1285488adc506cdf6a1fffbd430bccafcfaf9d6d20c3410f20bea94b8515f4a7,372,371,43448.0,684.8000016137958,8881148.0,633180.0,204.40867243601548,14.57328300497146,133,True,"{""elevation_high"": 0.0, ""elevation_low"": 0.0, ""length_high"": 0.0, ""length_low"": 0.0, ""popularity_low"": 0.0, ""width_high"": 0.0}","{""directed_edges_ok"": true, ""metric_deltas"": [0.0, 0.0, 0.0, 0.0], ""missing_edges"": 0, ""passed"": true, ""road_changes_delta"": 0}",19,2,19,0,15,"{""842"": 2, ""843"": 2, ""844"": 2, ""849"": 2, ""1478"": 2, ""1488"": 2, ""1505"": 2, ""1506"": 2, ""1531"": 2, ""1532"": 2, ""7747"": 2, ""9952"": 2, ""9959"": 2, ""10022"": 2, ""10023"": 2, ""13694"": 2, ""14635"": 2, ""20203"": 2, ""20338"": 2}",False,842,,,,,,,,False,"[{""anchor_vertex"": 842, ""edge_count"": 65, ""end_node_index"": 262, ""start_node_index"": 197}, {""anchor_vertex"": 849, ""edge_count"": 63, ""end_node_index"": 261, ""start_node_index"": 198}, {""anchor_vertex"": 1506, ""edge_count"": 61, ""end_node_index"": 260, ""start_node_index"": 199}, {""anchor_vertex"": 843, ""edge_count"": 59, ""end_node_index"": 259, ""start_node_index"": 200}, {""anchor_vertex"": 844, ""edge_count"": 57, ""end_node_index"": 258, ""start_node_index"": 201}, {""anchor_vertex"": 1505, ""edge_count"": 55, ""end_node_index"": 257, ""start_node_index"": 202}, {""anchor_vertex"": 1478, ""edge_count"": 45, ""end_node_index"": 253, ""start_node_index"": 208}, {""anchor_vertex"": 1488, ""edge_count"": 37, ""end_node_index"": 249, ""start_node_index"": 212}, {""anchor_vertex"": 20203, ""edge_count"": 35, ""end_node_index"": 248, ""start_node_index"": 213}, {""anchor_vertex"": 14635, ""edge_count"": 33, ""end_node_index"": 247, ""start_node_index"": 214}, {""anchor_vertex"": 1531, ""edge_count"": 31, ""end_node_index"": 246, ""start_node_index"": 215}, {""anchor_vertex"": 20338, ""edge_count"": 29, ""end_node_index"": 245, ""start_node_index"": 216}, {""anchor_vertex"": 13694, ""edge_count"": 27, ""end_node_index"": 244, ""start_node_index"": 217}, {""anchor_vertex"": 1532, ""edge_count"": 25, ""end_node_index"": 243, ""start_node_index"": 218}, {""anchor_vertex"": 10022, ""edge_count"": 23, ""end_node_index"": 242, ""start_node_index"": 219}, {""anchor_vertex"": 10023, ""edge_count"": 21, ""end_node_index"": 241, ""start_node_index"": 220}, {""anchor_vertex"": 9959, ""edge_count"": 19, ""end_node_index"": 240, ""start_node_index"": 221}, {""anchor_vertex"": 9952, ""edge_count"": 14, ""end_node_index"": 238, ""start_node_index"": 224}, {""anchor_vertex"": 7747, ""edge_count"": 2, ""end_node_index"": 232, ""start_node_index"": 230}]",MULTIPLE_REPEATED_VERTICES
analyzed,paris_bures_02_multi_tight,development,tmp_scalar_via_recovered_non_elementary_walks.json,/candidates[135],"P,S",19787,c8e101b0b7b60c1fa50c9a0883e914b26c6482a34ee33d1489dd2d3127c3bc62,372,371,43189.0,686.8000018149614,8915803.0,629575.0,206.43689365347657,14.57720715923036,133,True,"{""elevation_high"": 0.0, ""elevation_low"": 0.0, ""length_high"": 0.0, ""length_low"": 0.0, ""popularity_low"": 0.0, ""width_high"": 0.0}","{""directed_edges_ok"": true, ""metric_deltas"": [0.0, 0.0, 0.0, 0.0], ""missing_edges"": 0, ""passed"": true, ""road_changes_delta"": 0}",18,2,18,0,14,"{""842"": 2, ""843"": 2, ""844"": 2, ""849"": 2, ""1478"": 2, ""1488"": 2, ""1505"": 2, ""1506"": 2, ""1531"": 2, ""1532"": 2, ""9952"": 2, ""9959"": 2, ""10022"": 2, ""10023"": 2, ""13694"": 2, ""14635"": 2, ""20203"": 2, ""20338"": 2}",False,842,,,,,,,,False,"[{""anchor_vertex"": 842, ""edge_count"": 65, ""end_node_index"": 262, ""start_node_index"": 197}, {""anchor_vertex"": 849, ""edge_count"": 63, ""end_node_index"": 261, ""start_node_index"": 198}, {""anchor_vertex"": 1506, ""edge_count"": 61, ""end_node_index"": 260, ""start_node_index"": 199}, {""anchor_vertex"": 843, ""edge_count"": 59, ""end_node_index"": 259, ""start_node_index"": 200}, {""anchor_vertex"": 844, ""edge_count"": 57, ""end_node_index"": 258, ""start_node_index"": 201}, {""anchor_vertex"": 1505, ""edge_count"": 55, ""end_node_index"": 257, ""start_node_index"": 202}, {""anchor_vertex"": 1478, ""edge_count"": 45, ""end_node_index"": 253, ""start_node_index"": 208}, {""anchor_vertex"": 1488, ""edge_count"": 37, ""end_node_index"": 249, ""start_node_index"": 212}, {""anchor_vertex"": 20203, ""edge_count"": 35, ""end_node_index"": 248, ""start_node_index"": 213}, {""anchor_vertex"": 14635, ""edge_count"": 33, ""end_node_index"": 247, ""start_node_index"": 214}, {""anchor_vertex"": 1531, ""edge_count"": 31, ""end_node_index"": 246, ""start_node_index"": 215}, {""anchor_vertex"": 20338, ""edge_count"": 29, ""end_node_index"": 245, ""start_node_index"": 216}, {""anchor_vertex"": 13694, ""edge_count"": 27, ""end_node_index"": 244, ""start_node_index"": 217}, {""anchor_vertex"": 1532, ""edge_count"": 25, ""end_node_index"": 243, ""start_node_index"": 218}, {""anchor_vertex"": 10022, ""edge_count"": 23, ""end_node_index"": 242, ""start_node_index"": 219}, {""anchor_vertex"": 10023, ""edge_count"": 21, ""end_node_index"": 241, ""start_node_index"": 220}, {""anchor_vertex"": 9959, ""edge_count"": 19, ""end_node_index"": 240, ""start_node_index"": 221}, {""anchor_vertex"": 9952, ""edge_count"": 14, ""end_node_index"": 238, ""start_node_index"": 224}]",MULTIPLE_REPEATED_VERTICES
analyzed,paris_bures_02_multi_tight,development,tmp_scalar_via_recovered_non_elementary_walks.json,/candidates[136],"P,S",19792,b586f4abde2500f8d158a40acc2b28d74be1e2802255d5b4898691a3a728c2d5,368,367,42924.0,683.5000015646219,8878554.0,628250.0,206.84358400894604,14.636333985649054,133,True,"{""elevation_high"": 0.0, ""elevation_low"": 0.0, ""length_high"": 0.0, ""length_low"": 0.0, ""popularity_low"": 0.0, ""width_high"": 0.0}","{""directed_edges_ok"": true, ""metric_deltas"": [0.0, 0.0, 0.0, 0.0], ""missing_edges"": 0, ""passed"": true, ""road_changes_delta"": 0}",18,2,18,0,14,"{""842"": 2, ""843"": 2, ""844"": 2, ""849"": 2, ""1478"": 2, ""1488"": 2, ""1505"": 2, ""1506"": 2, ""1531"": 2, ""1532"": 2, ""9952"": 2, ""9959"": 2, ""10022"": 2, ""10023"": 2, ""13694"": 2, ""14635"": 2, ""20203"": 2, ""20338"": 2}",False,842,,,,,,,,False,"[{""anchor_vertex"": 842, ""edge_count"": 61, ""end_node_index"": 258, ""start_node_index"": 197}, {""anchor_vertex"": 849, ""edge_count"": 59, ""end_node_index"": 257, ""start_node_index"": 198}, {""anchor_vertex"": 1506, ""edge_count"": 57, ""end_node_index"": 256, ""start_node_index"": 199}, {""anchor_vertex"": 843, ""edge_count"": 55, ""end_node_index"": 255, ""start_node_index"": 200}, {""anchor_vertex"": 844, ""edge_count"": 53, ""end_node_index"": 254, ""start_node_index"": 201}, {""anchor_vertex"": 1505, ""edge_count"": 51, ""end_node_index"": 253, ""start_node_index"": 202}, {""anchor_vertex"": 1478, ""edge_count"": 41, ""end_node_index"": 249, ""start_node_index"": 208}, {""anchor_vertex"": 1488, ""edge_count"": 33, ""end_node_index"": 245, ""start_node_index"": 212}, {""anchor_vertex"": 20203, ""edge_count"": 31, ""end_node_index"": 244, ""start_node_index"": 213}, {""anchor_vertex"": 14635, ""edge_count"": 29, ""end_node_index"": 243, ""start_node_index"": 214}, {""anchor_vertex"": 1531, ""edge_count"": 27, ""end_node_index"": 242, ""start_node_index"": 215}, {""anchor_vertex"": 20338, ""edge_count"": 25, ""end_node_index"": 241, ""start_node_index"": 216}, {""anchor_vertex"": 13694, ""edge_count"": 23, ""end_node_index"": 240, ""start_node_index"": 217}, {""anchor_vertex"": 1532, ""edge_count"": 21, ""end_node_index"": 239, ""start_node_index"": 218}, {""anchor_vertex"": 10022, ""edge_count"": 19, ""end_node_index"": 238, ""start_node_index"": 219}, {""anchor_vertex"": 10023, ""edge_count"": 17, ""end_node_index"": 237, ""start_node_index"": 220}, {""anchor_vertex"": 9959, ""edge_count"": 15, ""end_node_index"": 236, ""start_node_index"": 221}, {""anchor_vertex"": 9952, ""edge_count"": 10, ""end_node_index"": 234, ""start_node_index"": 224}]",MULTIPLE_REPEATED_VERTICES
analyzed,paris_bures_02_multi_tight,development,tmp_scalar_via_recovered_non_elementary_walks.json,/candidates[137],"P,S",20814,eeedf232021d5083949786c4eaf264f1a850ca0947cd909601f7e2503d48def0,376,375,43404.0,688.5000018179417,8933862.0,630650.0,205.8303842963782,14.529766841765737,131,True,"{""elevation_high"": 0.0, ""elevation_low"": 0.0, ""length_high"": 0.0, ""length_low"": 0.0, ""popularity_low"": 0.0, ""width_high"": 0.0}","{""directed_edges_ok"": true, ""metric_deltas"": [0.0, 0.0, 0.0, 0.0], ""missing_edges"": 0, ""passed"": true, ""road_changes_delta"": 0}",18,2,18,0,14,"{""842"": 2, ""843"": 2, ""844"": 2, ""849"": 2, ""1478"": 2, ""1488"": 2, ""1505"": 2, ""1506"": 2, ""1531"": 2, ""1532"": 2, ""9952"": 2, ""9959"": 2, ""10022"": 2, ""10023"": 2, ""13694"": 2, ""14635"": 2, ""20203"": 2, ""20338"": 2}",False,842,,,,,,,,False,"[{""anchor_vertex"": 842, ""edge_count"": 69, ""end_node_index"": 266, ""start_node_index"": 197}, {""anchor_vertex"": 849, ""edge_count"": 67, ""end_node_index"": 265, ""start_node_index"": 198}, {""anchor_vertex"": 1506, ""edge_count"": 65, ""end_node_index"": 264, ""start_node_index"": 199}, {""anchor_vertex"": 843, ""edge_count"": 63, ""end_node_index"": 263, ""start_node_index"": 200}, {""anchor_vertex"": 844, ""edge_count"": 61, ""end_node_index"": 262, ""start_node_index"": 201}, {""anchor_vertex"": 1505, ""edge_count"": 59, ""end_node_index"": 261, ""start_node_index"": 202}, {""anchor_vertex"": 1478, ""edge_count"": 49, ""end_node_index"": 257, ""start_node_index"": 208}, {""anchor_vertex"": 1488, ""edge_count"": 41, ""end_node_index"": 253, ""start_node_index"": 212}, {""anchor_vertex"": 20203, ""edge_count"": 39, ""end_node_index"": 252, ""start_node_index"": 213}, {""anchor_vertex"": 14635, ""edge_count"": 37, ""end_node_index"": 251, ""start_node_index"": 214}, {""anchor_vertex"": 1531, ""edge_count"": 35, ""end_node_index"": 250, ""start_node_index"": 215}, {""anchor_vertex"": 20338, ""edge_count"": 33, ""end_node_index"": 249, ""start_node_index"": 216}, {""anchor_vertex"": 13694, ""edge_count"": 31, ""end_node_index"": 248, ""start_node_index"": 217}, {""anchor_vertex"": 1532, ""edge_count"": 29, ""end_node_index"": 247, ""start_node_index"": 218}, {""anchor_vertex"": 10022, ""edge_count"": 27, ""end_node_index"": 246, ""start_node_index"": 219}, {""anchor_vertex"": 10023, ""edge_count"": 25, ""end_node_index"": 245, ""start_node_index"": 220}, {""anchor_vertex"": 9959, ""edge_count"": 23, ""end_node_index"": 244, ""start_node_index"": 221}, {""anchor_vertex"": 9952, ""edge_count"": 18, ""end_node_index"": 242, ""start_node_index"": 224}]",MULTIPLE_REPEATED_VERTICES
analyzed,paris_bures_02_multi_tight,development,tmp_scalar_via_recovered_non_elementary_walks.json,/candidates[138],"S,P",1475,b7fd452c9d52925ee8c207b1bc37a6344a3265bfecf5d1b03ad466721d05386b,382,381,43988.0,662.0000016912818,9154607.0,649435.0,208.11600891152133,14.763912885332363,123,True,"{""elevation_high"": 0.0, ""elevation_low"": 0.0, ""length_high"": 0.0, ""length_low"": 0.0, ""popularity_low"": 0.0, ""width_high"": 0.0}","{""directed_edges_ok"": true, ""metric_deltas"": [0.0, 0.0, 0.0, 0.0], ""missing_edges"": 0, ""passed"": true, ""road_changes_delta"": 0}",11,2,11,0,8,"{""842"": 2, ""843"": 2, ""844"": 2, ""849"": 2, ""1478"": 2, ""1488"": 2, ""1505"": 2, ""1506"": 2, ""1531"": 2, ""14635"": 2, ""20203"": 2}",False,842,,,,,,,,False,"[{""anchor_vertex"": 842, ""edge_count"": 54, ""end_node_index"": 247, ""start_node_index"": 193}, {""anchor_vertex"": 849, ""edge_count"": 52, ""end_node_index"": 246, ""start_node_index"": 194}, {""anchor_vertex"": 1506, ""edge_count"": 50, ""end_node_index"": 245, ""start_node_index"": 195}, {""anchor_vertex"": 843, ""edge_count"": 48, ""end_node_index"": 244, ""start_node_index"": 196}, {""anchor_vertex"": 844, ""edge_count"": 46, ""end_node_index"": 243, ""start_node_index"": 197}, {""anchor_vertex"": 1505, ""edge_count"": 44, ""end_node_index"": 242, ""start_node_index"": 198}, {""anchor_vertex"": 1478, ""edge_count"": 34, ""end_node_index"": 238, ""start_node_index"": 204}, {""anchor_vertex"": 1488, ""edge_count"": 26, ""end_node_index"": 234, ""start_node_index"": 208}, {""anchor_vertex"": 20203, ""edge_count"": 24, ""end_node_index"": 233, ""start_node_index"": 209}, {""anchor_vertex"": 14635, ""edge_count"": 22, ""end_node_index"": 232, ""start_node_index"": 210}, {""anchor_vertex"": 1531, ""edge_count"": 20, ""end_node_index"": 231, ""start_node_index"": 211}]",MULTIPLE_REPEATED_VERTICES
analyzed,paris_bures_02_multi_tight,development,tmp_scalar_via_recovered_non_elementary_walks.json,/candidates[139],"S,P",1532,dfd4ef59ded6e8255e8ace83a9fa31d581de976a3b30c517ea207f336b997010,368,367,41746.0,650.8000014349818,8698405.0,613945.0,208.36499305322667,14.706678484166147,118,True,"{""elevation_high"": 0.0, ""elevation_low"": 0.0, ""length_high"": 0.0, ""length_low"": 0.0, ""popularity_low"": 0.0, ""width_high"": 0.0}","{""directed_edges_ok"": true, ""metric_deltas"": [0.0, 0.0, 0.0, 0.0], ""missing_edges"": 0, ""passed"": true, ""road_changes_delta"": 0}",13,2,13,0,11,"{""842"": 2, ""843"": 2, ""844"": 2, ""849"": 2, ""1478"": 2, ""1488"": 2, ""1505"": 2, ""1506"": 2, ""1531"": 2, ""13694"": 2, ""14635"": 2, ""20203"": 2, ""20338"": 2}",False,842,,,,,,,,False,"[{""anchor_vertex"": 842, ""edge_count"": 40, ""end_node_index"": 233, ""start_node_index"": 193}, {""anchor_vertex"": 849, ""edge_count"": 38, ""end_node_index"": 232, ""start_node_index"": 194}, {""anchor_vertex"": 1506, ""edge_count"": 36, ""end_node_index"": 231, ""start_node_index"": 195}, {""anchor_vertex"": 843, ""edge_count"": 34, ""end_node_index"": 230, ""start_node_index"": 196}, {""anchor_vertex"": 844, ""edge_count"": 32, ""end_node_index"": 229, ""start_node_index"": 197}, {""anchor_vertex"": 1505, ""edge_count"": 30, ""end_node_index"": 228, ""start_node_index"": 198}, {""anchor_vertex"": 1478, ""edge_count"": 20, ""end_node_index"": 224, ""start_node_index"": 204}, {""anchor_vertex"": 1488, ""edge_count"": 12, ""end_node_index"": 220, ""start_node_index"": 208}, {""anchor_vertex"": 20203, ""edge_count"": 10, ""end_node_index"": 219, ""start_node_index"": 209}, {""anchor_vertex"": 14635, ""edge_count"": 8, ""end_node_index"": 218, ""start_node_index"": 210}, {""anchor_vertex"": 1531, ""edge_count"": 6, ""end_node_index"": 217, ""start_node_index"": 211}, {""anchor_vertex"": 20338, ""edge_count"": 4, ""end_node_index"": 216, ""start_node_index"": 212}, {""anchor_vertex"": 13694, ""edge_count"": 2, ""end_node_index"": 215, ""start_node_index"": 213}]",MULTIPLE_REPEATED_VERTICES
analyzed,paris_bures_02_multi_tight,development,tmp_scalar_via_recovered_non_elementary_walks.json,/candidates[140],"S,P",1572,2c5c0482b2cdd2739d6706c1b36881410da452c163b3af3435fd4ce2d200ce01,391,390,42837.0,686.3000034913421,8860176.0,603535.0,206.83465228657468,14.089105212783341,126,True,"{""elevation_high"": 0.0, ""elevation_low"": 0.0, ""length_high"": 0.0, ""length_low"": 0.0, ""popularity_low"": 0.0, ""width_high"": 0.0}","{""directed_edges_ok"": true, ""metric_deltas"": [0.0, 0.0, 0.0, 0.0], ""missing_edges"": 0, ""passed"": true, ""road_changes_delta"": 0}",16,2,16,0,13,"{""805"": 2, ""1571"": 2, ""4558"": 2, ""4559"": 2, ""4560"": 2, ""4561"": 2, ""4748"": 2, ""4755"": 2, ""6197"": 2, ""11958"": 2, ""12318"": 2, ""15760"": 2, ""15800"": 2, ""15801"": 2, ""16885"": 2, ""21483"": 2}",False,805,,,,,,,,False,"[{""anchor_vertex"": 16885, ""edge_count"": 55, ""end_node_index"": 186, ""start_node_index"": 131}, {""anchor_vertex"": 805, ""edge_count"": 53, ""end_node_index"": 185, ""start_node_index"": 132}, {""anchor_vertex"": 4560, ""edge_count"": 51, ""end_node_index"": 184, ""start_node_index"": 133}, {""anchor_vertex"": 4561, ""edge_count"": 49, ""end_node_index"": 183, ""start_node_index"": 134}, {""anchor_vertex"": 4559, ""edge_count"": 47, ""end_node_index"": 182, ""start_node_index"": 135}, {""anchor_vertex"": 6197, ""edge_count"": 45, ""end_node_index"": 181, ""start_node_index"": 136}, {""anchor_vertex"": 21483, ""edge_count"": 43, ""end_node_index"": 180, ""start_node_index"": 137}, {""anchor_vertex"": 4558, ""edge_count"": 41, ""end_node_index"": 179, ""start_node_index"": 138}, {""anchor_vertex"": 4755, ""edge_count"": 33, ""end_node_index"": 176, ""start_node_index"": 143}, {""anchor_vertex"": 4748, ""edge_count"": 31, ""end_node_index"": 175, ""start_node_index"": 144}, {""anchor_vertex"": 15760, ""edge_count"": 18, ""end_node_index"": 166, ""start_node_index"": 148}, {""anchor_vertex"": 15800, ""edge_count"": 16, ""end_node_index"": 165, ""start_node_index"": 149}, {""anchor_vertex"": 15801, ""edge_count"": 14, ""end_node_index"": 164, ""start_node_index"": 150}, {""anchor_vertex"": 12318, ""edge_count"": 12, ""end_node_index"": 163, ""start_node_index"": 151}, {""anchor_vertex"": 11958, ""edge_count"": 10, ""end_node_index"": 162, ""start_node_index"": 152}, {""anchor_vertex"": 1571, ""edge_count"": 8, ""end_node_index"": 161, ""start_node_index"": 153}]",MULTIPLE_REPEATED_VERTICES
analyzed,paris_bures_02_multi_tight,development,tmp_scalar_via_recovered_non_elementary_walks.json,/candidates[141],"S,P",1573,c9df4f2d430a9f9722ab82f3d06fc9af3c38cb2728d0739fc2137c4e6336da4e,391,390,42988.0,697.9000032767653,8935288.0,604290.0,207.8554015073974,14.057178747557458,128,True,"{""elevation_high"": 0.0, ""elevation_low"": 0.0, ""length_high"": 0.0, ""length_low"": 0.0, ""popularity_low"": 0.0, ""width_high"": 0.0}","{""directed_edges_ok"": true, ""metric_deltas"": [0.0, 0.0, 0.0, 0.0], ""missing_edges"": 0, ""passed"": true, ""road_changes_delta"": 0}",18,2,18,0,15,"{""805"": 2, ""1571"": 2, ""4558"": 2, ""4559"": 2, ""4560"": 2, ""4561"": 2, ""4748"": 2, ""4755"": 2, ""6197"": 2, ""11958"": 2, ""12318"": 2, ""12348"": 2, ""15760"": 2, ""15800"": 2, ""15801"": 2, ""16885"": 2, ""21182"": 2, ""21483"": 2}",False,805,,,,,,,,False,"[{""anchor_vertex"": 16885, ""edge_count"": 55, ""end_node_index"": 186, ""start_node_index"": 131}, {""anchor_vertex"": 805, ""edge_count"": 53, ""end_node_index"": 185, ""start_node_index"": 132}, {""anchor_vertex"": 4560, ""edge_count"": 51, ""end_node_index"": 184, ""start_node_index"": 133}, {""anchor_vertex"": 4561, ""edge_count"": 49, ""end_node_index"": 183, ""start_node_index"": 134}, {""anchor_vertex"": 4559, ""edge_count"": 47, ""end_node_index"": 182, ""start_node_index"": 135}, {""anchor_vertex"": 6197, ""edge_count"": 45, ""end_node_index"": 181, ""start_node_index"": 136}, {""anchor_vertex"": 21483, ""edge_count"": 43, ""end_node_index"": 180, ""start_node_index"": 137}, {""anchor_vertex"": 4558, ""edge_count"": 41, ""end_node_index"": 179, ""start_node_index"": 138}, {""anchor_vertex"": 4755, ""edge_count"": 33, ""end_node_index"": 176, ""start_node_index"": 143}, {""anchor_vertex"": 4748, ""edge_count"": 31, ""end_node_index"": 175, ""start_node_index"": 144}, {""anchor_vertex"": 15760, ""edge_count"": 18, ""end_node_index"": 166, ""start_node_index"": 148}, {""anchor_vertex"": 15800, ""edge_count"": 16, ""end_node_index"": 165, ""start_node_index"": 149}, {""anchor_vertex"": 15801, ""edge_count"": 14, ""end_node_index"": 164, ""start_node_index"": 150}, {""anchor_vertex"": 12318, ""edge_count"": 12, ""end_node_index"": 163, ""start_node_index"": 151}, {""anchor_vertex"": 11958, ""edge_count"": 10, ""end_node_index"": 162, ""start_node_index"": 152}, {""anchor_vertex"": 1571, ""edge_count"": 8, ""end_node_index"": 161, ""start_node_index"": 153}, {""anchor_vertex"": 21182, ""edge_count"": 4, ""end_node_index"": 158, ""start_node_index"": 154}, {""anchor_vertex"": 12348, ""edge_count"": 2, ""end_node_index"": 157, ""start_node_index"": 155}]",MULTIPLE_REPEATED_VERTICES
analyzed,paris_bures_02_multi_tight,development,tmp_scalar_via_recovered_non_elementary_walks.json,/candidates[142],"S,P",1575,0d9803e437c33fa97569d89bb2aaa73132af7cf2289c7133971c38c463d2d970,385,384,40879.0,678.9000035151839,8472926.0,593745.0,207.26842633136818,14.5244502067076,122,True,"{""elevation_high"": 0.0, ""elevation_low"": 0.0, ""length_high"": 0.0, ""length_low"": 0.0, ""popularity_low"": 0.0, ""width_high"": 0.0}","{""directed_edges_ok"": true, ""metric_deltas"": [0.0, 0.0, 0.0, 0.0], ""missing_edges"": 0, ""passed"": true, ""road_changes_delta"": 0}",16,2,16,0,14,"{""805"": 2, ""1571"": 2, ""4558"": 2, ""4559"": 2, ""4560"": 2, ""4561"": 2, ""4748"": 2, ""4755"": 2, ""6197"": 2, ""11958"": 2, ""12318"": 2, ""15760"": 2, ""15800"": 2, ""15801"": 2, ""16885"": 2, ""21483"": 2}",False,805,,,,,,,,False,"[{""anchor_vertex"": 16885, ""edge_count"": 49, ""end_node_index"": 180, ""start_node_index"": 131}, {""anchor_vertex"": 805, ""edge_count"": 47, ""end_node_index"": 179, ""start_node_index"": 132}, {""anchor_vertex"": 4560, ""edge_count"": 45, ""end_node_index"": 178, ""start_node_index"": 133}, {""anchor_vertex"": 4561, ""edge_count"": 43, ""end_node_index"": 177, ""start_node_index"": 134}, {""anchor_vertex"": 4559, ""edge_count"": 41, ""end_node_index"": 176, ""start_node_index"": 135}, {""anchor_vertex"": 6197, ""edge_count"": 39, ""end_node_index"": 175, ""start_node_index"": 136}, {""anchor_vertex"": 21483, ""edge_count"": 37, ""end_node_index"": 174, ""start_node_index"": 137}, {""anchor_vertex"": 4558, ""edge_count"": 35, ""end_node_index"": 173, ""start_node_index"": 138}, {""anchor_vertex"": 4755, ""edge_count"": 27, ""end_node_index"": 170, ""start_node_index"": 143}, {""anchor_vertex"": 4748, ""edge_count"": 25, ""end_node_index"": 169, ""start_node_index"": 144}, {""anchor_vertex"": 15760, ""edge_count"": 12, ""end_node_index"": 160, ""start_node_index"": 148}, {""anchor_vertex"": 15800, ""edge_count"": 10, ""end_node_index"": 159, ""start_node_index"": 149}, {""anchor_vertex"": 15801, ""edge_count"": 8, ""end_node_index"": 158, ""start_node_index"": 150}, {""anchor_vertex"": 12318, ""edge_count"": 6, ""end_node_index"": 157, ""start_node_index"": 151}, {""anchor_vertex"": 11958, ""edge_count"": 4, ""end_node_index"": 156, ""start_node_index"": 152}, {""anchor_vertex"": 1571, ""edge_count"": 2, ""end_node_index"": 155, ""start_node_index"": 153}]",MULTIPLE_REPEATED_VERTICES
analyzed,paris_bures_02_multi_tight,development,tmp_scalar_via_recovered_non_elementary_walks.json,/candidates[143],"S,P",4938,d99e43a7a6b60edc439bf9ccac8b72a9421eebf26d3f7f46f2191f712f844bef,391,390,42504.0,720.6000040397048,8819484.0,601870.0,207.49774138904573,14.160314323357802,126,True,"{""elevation_high"": 0.0, ""elevation_low"": 0.0, ""length_high"": 0.0, ""length_low"": 0.0, ""popularity_low"": 0.0, ""width_high"": 0.0}","{""directed_edges_ok"": true, ""metric_deltas"": [0.0, 0.0, 0.0, 0.0], ""missing_edges"": 0, ""passed"": true, ""road_changes_delta"": 0}",18,2,18,0,15,"{""805"": 2, ""1571"": 2, ""4558"": 2, ""4559"": 2, ""4560"": 2, ""4561"": 2, ""4748"": 2, ""4755"": 2, ""6197"": 2, ""11958"": 2, ""12318"": 2, ""12348"": 2, ""15760"": 2, ""15800"": 2, ""15801"": 2, ""16885"": 2, ""21182"": 2, ""21483"": 2}",False,805,,,,,,,,False,"[{""anchor_vertex"": 16885, ""edge_count"": 55, ""end_node_index"": 186, ""start_node_index"": 131}, {""anchor_vertex"": 805, ""edge_count"": 53, ""end_node_index"": 185, ""start_node_index"": 132}, {""anchor_vertex"": 4560, ""edge_count"": 51, ""end_node_index"": 184, ""start_node_index"": 133}, {""anchor_vertex"": 4561, ""edge_count"": 49, ""end_node_index"": 183, ""start_node_index"": 134}, {""anchor_vertex"": 4559, ""edge_count"": 47, ""end_node_index"": 182, ""start_node_index"": 135}, {""anchor_vertex"": 6197, ""edge_count"": 45, ""end_node_index"": 181, ""start_node_index"": 136}, {""anchor_vertex"": 21483, ""edge_count"": 43, ""end_node_index"": 180, ""start_node_index"": 137}, {""anchor_vertex"": 4558, ""edge_count"": 41, ""end_node_index"": 179, ""start_node_index"": 138}, {""anchor_vertex"": 4755, ""edge_count"": 33, ""end_node_index"": 176, ""start_node_index"": 143}, {""anchor_vertex"": 4748, ""edge_count"": 31, ""end_node_index"": 175, ""start_node_index"": 144}, {""anchor_vertex"": 15760, ""edge_count"": 18, ""end_node_index"": 166, ""start_node_index"": 148}, {""anchor_vertex"": 15800, ""edge_count"": 16, ""end_node_index"": 165, ""start_node_index"": 149}, {""anchor_vertex"": 15801, ""edge_count"": 14, ""end_node_index"": 164, ""start_node_index"": 150}, {""anchor_vertex"": 12318, ""edge_count"": 12, ""end_node_index"": 163, ""start_node_index"": 151}, {""anchor_vertex"": 11958, ""edge_count"": 10, ""end_node_index"": 162, ""start_node_index"": 152}, {""anchor_vertex"": 1571, ""edge_count"": 8, ""end_node_index"": 161, ""start_node_index"": 153}, {""anchor_vertex"": 21182, ""edge_count"": 4, ""end_node_index"": 158, ""start_node_index"": 154}, {""anchor_vertex"": 12348, ""edge_count"": 2, ""end_node_index"": 157, ""start_node_index"": 155}]",MULTIPLE_REPEATED_VERTICES
analyzed,paris_bures_02_multi_tight,development,tmp_scalar_via_recovered_non_elementary_walks.json,/candidates[144],"S,P",4941,09a1d89d936804b22a29d10d94a5497082b574864e6d5a04497e5eb54467aed7,386,385,40873.0,682.3000033125281,8466052.0,593715.0,207.13067306045556,14.52584835955276,122,True,"{""elevation_high"": 0.0, ""elevation_low"": 0.0, ""length_high"": 0.0, ""length_low"": 0.0, ""popularity_low"": 0.0, ""width_high"": 0.0}","{""directed_edges_ok"": true, ""metric_deltas"": [0.0, 0.0, 0.0, 0.0], ""missing_edges"": 0, ""passed"": true, ""road_changes_delta"": 0}",15,2,15,0,12,"{""805"": 2, ""4558"": 2, ""4559"": 2, ""4560"": 2, ""4561"": 2, ""4748"": 2, ""4755"": 2, ""6197"": 2, ""11958"": 2, ""12318"": 2, ""15760"": 2, ""15800"": 2, ""15801"": 2, ""16885"": 2, ""21483"": 2}",False,805,,,,,,,,False,"[{""anchor_vertex"": 16885, ""edge_count"": 50, ""end_node_index"": 181, ""start_node_index"": 131}, {""anchor_vertex"": 805, ""edge_count"": 48, ""end_node_index"": 180, ""start_node_index"": 132}, {""anchor_vertex"": 4560, ""edge_count"": 46, ""end_node_index"": 179, ""start_node_index"": 133}, {""anchor_vertex"": 4561, ""edge_count"": 44, ""end_node_index"": 178, ""start_node_index"": 134}, {""anchor_vertex"": 4559, ""edge_count"": 42, ""end_node_index"": 177, ""start_node_index"": 135}, {""anchor_vertex"": 6197, ""edge_count"": 40, ""end_node_index"": 176, ""start_node_index"": 136}, {""anchor_vertex"": 21483, ""edge_count"": 38, ""end_node_index"": 175, ""start_node_index"": 137}, {""anchor_vertex"": 4558, ""edge_count"": 36, ""end_node_index"": 174, ""start_node_index"": 138}, {""anchor_vertex"": 4755, ""edge_count"": 28, ""end_node_index"": 171, ""start_node_index"": 143}, {""anchor_vertex"": 4748, ""edge_count"": 26, ""end_node_index"": 170, ""start_node_index"": 144}, {""anchor_vertex"": 15760, ""edge_count"": 13, ""end_node_index"": 161, ""start_node_index"": 148}, {""anchor_vertex"": 15800, ""edge_count"": 11, ""end_node_index"": 160, ""start_node_index"": 149}, {""anchor_vertex"": 15801, ""edge_count"": 9, ""end_node_index"": 159, ""start_node_index"": 150}, {""anchor_vertex"": 12318, ""edge_count"": 7, ""end_node_index"": 158, ""start_node_index"": 151}, {""anchor_vertex"": 11958, ""edge_count"": 5, ""end_node_index"": 157, ""start_node_index"": 152}]",MULTIPLE_REPEATED_VERTICES
analyzed,paris_bures_02_multi_tight,development,tmp_scalar_via_recovered_non_elementary_walks.json,/candidates[145],"S,P",6867,09b7ae4a30f66b2063d3d36434068158741f1c566e2b56091db082fb0acc84ef,382,381,43436.0,662.5000018551946,8934925.0,626195.0,205.70321852840962,14.416497835896491,128,True,"{""elevation_high"": 0.0, ""elevation_low"": 0.0, ""length_high"": 0.0, ""length_low"": 0.0, ""popularity_low"": 0.0, ""width_high"": 0.0}","{""directed_edges_ok"": true, ""metric_deltas"": [0.0, 0.0, 0.0, 0.0], ""missing_edges"": 0, ""passed"": true, ""road_changes_delta"": 0}",20,2,20,0,18,"{""842"": 2, ""843"": 2, ""844"": 2, ""849"": 2, ""1478"": 2, ""1488"": 2, ""1505"": 2, ""1506"": 2, ""1531"": 2, ""1532"": 2, ""9952"": 2, ""9959"": 2, ""10017"": 2, ""10018"": 2, ""10022"": 2, ""10023"": 2, ""13694"": 2, ""14635"": 2, ""20203"": 2, ""20338"": 2}",False,842,,,,,,,,False,"[{""anchor_vertex"": 842, ""edge_count"": 54, ""end_node_index"": 247, ""start_node_index"": 193}, {""anchor_vertex"": 849, ""edge_count"": 52, ""end_node_index"": 246, ""start_node_index"": 194}, {""anchor_vertex"": 1506, ""edge_count"": 50, ""end_node_index"": 245, ""start_node_index"": 195}, {""anchor_vertex"": 843, ""edge_count"": 48, ""end_node_index"": 244, ""start_node_index"": 196}, {""anchor_vertex"": 844, ""edge_count"": 46, ""end_node_index"": 243, ""start_node_index"": 197}, {""anchor_vertex"": 1505, ""edge_count"": 44, ""end_node_index"": 242, ""start_node_index"": 198}, {""anchor_vertex"": 1478, ""edge_count"": 34, ""end_node_index"": 238, ""start_node_index"": 204}, {""anchor_vertex"": 1488, ""edge_count"": 26, ""end_node_index"": 234, ""start_node_index"": 208}, {""anchor_vertex"": 20203, ""edge_count"": 24, ""end_node_index"": 233, ""start_node_index"": 209}, {""anchor_vertex"": 14635, ""edge_count"": 22, ""end_node_index"": 232, ""start_node_index"": 210}, {""anchor_vertex"": 1531, ""edge_count"": 20, ""end_node_index"": 231, ""start_node_index"": 211}, {""anchor_vertex"": 20338, ""edge_count"": 18, ""end_node_index"": 230, ""start_node_index"": 212}, {""anchor_vertex"": 13694, ""edge_count"": 16, ""end_node_index"": 229, ""start_node_index"": 213}, {""anchor_vertex"": 1532, ""edge_count"": 14, ""end_node_index"": 228, ""start_node_index"": 214}, {""anchor_vertex"": 10022, ""edge_count"": 12, ""end_node_index"": 227, ""start_node_index"": 215}, {""anchor_vertex"": 10023, ""edge_count"": 10, ""end_node_index"": 226, ""start_node_index"": 216}, {""anchor_vertex"": 9959, ""edge_count"": 8, ""end_node_index"": 225, ""start_node_index"": 217}, {""anchor_vertex"": 10017, ""edge_count"": 6, ""end_node_index"": 224, ""start_node_index"": 218}, {""anchor_vertex"": 10018, ""edge_count"": 4, ""end_node_index"": 223, ""start_node_index"": 219}, {""anchor_vertex"": 9952, ""edge_count"": 2, ""end_node_index"": 222, ""start_node_index"": 220}]",MULTIPLE_REPEATED_VERTICES
analyzed,paris_bures_02_multi_tight,development,tmp_scalar_via_recovered_non_elementary_walks.json,/candidates[146],"S,P",7743,500fcc1bb41248c017c778dea76e52f0868e408337164c3478f7a1358417e7d9,388,387,43958.0,665.4000019654632,8988375.0,628805.0,204.47643204877383,14.304677191864963,133,True,"{""elevation_high"": 0.0, ""elevation_low"": 0.0, ""length_high"": 0.0, ""length_low"": 0.0, ""popularity_low"": 0.0, ""width_high"": 0.0}","{""directed_edges_ok"": true, ""metric_deltas"": [0.0, 0.0, 0.0, 0.0], ""missing_edges"": 0, ""passed"": true, ""road_changes_delta"": 0}",20,2,20,0,17,"{""842"": 2, ""843"": 2, ""844"": 2, ""849"": 2, ""1478"": 2, ""1488"": 2, ""1505"": 2, ""1506"": 2, ""1531"": 2, ""1532"": 2, ""9952"": 2, ""9959"": 2, ""10017"": 2, ""10018"": 2, ""10022"": 2, ""10023"": 2, ""13694"": 2, ""14635"": 2, ""20203"": 2, ""20338"": 2}",False,842,,,,,,,,False,"[{""anchor_vertex"": 842, ""edge_count"": 60, ""end_node_index"": 253, ""start_node_index"": 193}, {""anchor_vertex"": 849, ""edge_count"": 58, ""end_node_index"": 252, ""start_node_index"": 194}, {""anchor_vertex"": 1506, ""edge_count"": 56, ""end_node_index"": 251, ""start_node_index"": 195}, {""anchor_vertex"": 843, ""edge_count"": 54, ""end_node_index"": 250, ""start_node_index"": 196}, {""anchor_vertex"": 844, ""edge_count"": 52, ""end_node_index"": 249, ""start_node_index"": 197}, {""anchor_vertex"": 1505, ""edge_count"": 50, ""end_node_index"": 248, ""start_node_index"": 198}, {""anchor_vertex"": 1478, ""edge_count"": 40, ""end_node_index"": 244, ""start_node_index"": 204}, {""anchor_vertex"": 1488, ""edge_count"": 32, ""end_node_index"": 240, ""start_node_index"": 208}, {""anchor_vertex"": 20203, ""edge_count"": 30, ""end_node_index"": 239, ""start_node_index"": 209}, {""anchor_vertex"": 14635, ""edge_count"": 28, ""end_node_index"": 238, ""start_node_index"": 210}, {""anchor_vertex"": 1531, ""edge_count"": 26, ""end_node_index"": 237, ""start_node_index"": 211}, {""anchor_vertex"": 20338, ""edge_count"": 24, ""end_node_index"": 236, ""start_node_index"": 212}, {""anchor_vertex"": 13694, ""edge_count"": 22, ""end_node_index"": 235, ""start_node_index"": 213}, {""anchor_vertex"": 1532, ""edge_count"": 20, ""end_node_index"": 234, ""start_node_index"": 214}, {""anchor_vertex"": 10022, ""edge_count"": 18, ""end_node_index"": 233, ""start_node_index"": 215}, {""anchor_vertex"": 10023, ""edge_count"": 16, ""end_node_index"": 232, ""start_node_index"": 216}, {""anchor_vertex"": 9959, ""edge_count"": 14, ""end_node_index"": 231, ""start_node_index"": 217}, {""anchor_vertex"": 10017, ""edge_count"": 12, ""end_node_index"": 230, ""start_node_index"": 218}, {""anchor_vertex"": 10018, ""edge_count"": 10, ""end_node_index"": 229, ""start_node_index"": 219}, {""anchor_vertex"": 9952, ""edge_count"": 8, ""end_node_index"": 228, ""start_node_index"": 220}]",MULTIPLE_REPEATED_VERTICES
analyzed,paris_bures_02_multi_tight,development,tmp_scalar_via_recovered_non_elementary_walks.json,/candidates[147],"S,P",7748,9bedca63494b7744595fc07022f09fbb0cb63c9e6ac313e118d229c09e2b1753,384,383,44008.0,668.3000020459294,8971533.0,629055.0,203.86141156153425,14.294105617160517,128,True,"{""elevation_high"": 0.0, ""elevation_low"": 0.0, ""length_high"": 0.0, ""length_low"": 0.0, ""popularity_low"": 0.0, ""width_high"": 0.0}","{""directed_edges_ok"": true, ""metric_deltas"": [0.0, 0.0, 0.0, 0.0], ""missing_edges"": 0, ""passed"": true, ""road_changes_delta"": 0}",21,2,21,0,19,"{""842"": 2, ""843"": 2, ""844"": 2, ""849"": 2, ""1478"": 2, ""1488"": 2, ""1505"": 2, ""1506"": 2, ""1531"": 2, ""1532"": 2, ""6867"": 2, ""9952"": 2, ""9959"": 2, ""10017"": 2, ""10018"": 2, ""10022"": 2, ""10023"": 2, ""13694"": 2, ""14635"": 2, ""20203"": 2, ""20338"": 2}",False,842,,,,,,,,False,"[{""anchor_vertex"": 842, ""edge_count"": 56, ""end_node_index"": 249, ""start_node_index"": 193}, {""anchor_vertex"": 849, ""edge_count"": 54, ""end_node_index"": 248, ""start_node_index"": 194}, {""anchor_vertex"": 1506, ""edge_count"": 52, ""end_node_index"": 247, ""start_node_index"": 195}, {""anchor_vertex"": 843, ""edge_count"": 50, ""end_node_index"": 246, ""start_node_index"": 196}, {""anchor_vertex"": 844, ""edge_count"": 48, ""end_node_index"": 245, ""start_node_index"": 197}, {""anchor_vertex"": 1505, ""edge_count"": 46, ""end_node_index"": 244, ""start_node_index"": 198}, {""anchor_vertex"": 1478, ""edge_count"": 36, ""end_node_index"": 240, ""start_node_index"": 204}, {""anchor_vertex"": 1488, ""edge_count"": 28, ""end_node_index"": 236, ""start_node_index"": 208}, {""anchor_vertex"": 20203, ""edge_count"": 26, ""end_node_index"": 235, ""start_node_index"": 209}, {""anchor_vertex"": 14635, ""edge_count"": 24, ""end_node_index"": 234, ""start_node_index"": 210}, {""anchor_vertex"": 1531, ""edge_count"": 22, ""end_node_index"": 233, ""start_node_index"": 211}, {""anchor_vertex"": 20338, ""edge_count"": 20, ""end_node_index"": 232, ""start_node_index"": 212}, {""anchor_vertex"": 13694, ""edge_count"": 18, ""end_node_index"": 231, ""start_node_index"": 213}, {""anchor_vertex"": 1532, ""edge_count"": 16, ""end_node_index"": 230, ""start_node_index"": 214}, {""anchor_vertex"": 10022, ""edge_count"": 14, ""end_node_index"": 229, ""start_node_index"": 215}, {""anchor_vertex"": 10023, ""edge_count"": 12, ""end_node_index"": 228, ""start_node_index"": 216}, {""anchor_vertex"": 9959, ""edge_count"": 10, ""end_node_index"": 227, ""start_node_index"": 217}, {""anchor_vertex"": 10017, ""edge_count"": 8, ""end_node_index"": 226, ""start_node_index"": 218}, {""anchor_vertex"": 10018, ""edge_count"": 6, ""end_node_index"": 225, ""start_node_index"": 219}, {""anchor_vertex"": 9952, ""edge_count"": 4, ""end_node_index"": 224, ""start_node_index"": 220}, {""anchor_vertex"": 6867, ""edge_count"": 2, ""end_node_index"": 223, ""start_node_index"": 221}]",MULTIPLE_REPEATED_VERTICES
analyzed,paris_bures_02_multi_tight,development,tmp_scalar_via_recovered_non_elementary_walks.json,/candidates[148],"S,P",9949,912bf56b93e997b82a89ebcaa996e0062b0a744f647126d511d79eaf60e1b773,378,377,42990.0,659.1000012680888,8799687.0,623405.0,204.69148639218423,14.501163061177017,126,True,"{""elevation_high"": 0.0, ""elevation_low"": 0.0, ""length_high"": 0.0, ""length_low"": 0.0, ""popularity_low"": 0.0, ""width_high"": 0.0}","{""directed_edges_ok"": true, ""metric_deltas"": [0.0, 0.0, 0.0, 0.0], ""missing_edges"": 0, ""passed"": true, ""road_changes_delta"": 0}",18,2,18,0,16,"{""842"": 2, ""843"": 2, ""844"": 2, ""849"": 2, ""1478"": 2, ""1488"": 2, ""1505"": 2, ""1506"": 2, ""1531"": 2, ""1532"": 2, ""9953"": 2, ""9959"": 2, ""10022"": 2, ""10023"": 2, ""13694"": 2, ""14635"": 2, ""20203"": 2, ""20338"": 2}",False,842,,,,,,,,False,"[{""anchor_vertex"": 842, ""edge_count"": 50, ""end_node_index"": 243, ""start_node_index"": 193}, {""anchor_vertex"": 849, ""edge_count"": 48, ""end_node_index"": 242, ""start_node_index"": 194}, {""anchor_vertex"": 1506, ""edge_count"": 46, ""end_node_index"": 241, ""start_node_index"": 195}, {""anchor_vertex"": 843, ""edge_count"": 44, ""end_node_index"": 240, ""start_node_index"": 196}, {""anchor_vertex"": 844, ""edge_count"": 42, ""end_node_index"": 239, ""start_node_index"": 197}, {""anchor_vertex"": 1505, ""edge_count"": 40, ""end_node_index"": 238, ""start_node_index"": 198}, {""anchor_vertex"": 1478, ""edge_count"": 30, ""end_node_index"": 234, ""start_node_index"": 204}, {""anchor_vertex"": 1488, ""edge_count"": 22, ""end_node_index"": 230, ""start_node_index"": 208}, {""anchor_vertex"": 20203, ""edge_count"": 20, ""end_node_index"": 229, ""start_node_index"": 209}, {""anchor_vertex"": 14635, ""edge_count"": 18, ""end_node_index"": 228, ""start_node_index"": 210}, {""anchor_vertex"": 1531, ""edge_count"": 16, ""end_node_index"": 227, ""start_node_index"": 211}, {""anchor_vertex"": 20338, ""edge_count"": 14, ""end_node_index"": 226, ""start_node_index"": 212}, {""anchor_vertex"": 13694, ""edge_count"": 12, ""end_node_index"": 225, ""start_node_index"": 213}, {""anchor_vertex"": 1532, ""edge_count"": 10, ""end_node_index"": 224, ""start_node_index"": 214}, {""anchor_vertex"": 10022, ""edge_count"": 8, ""end_node_index"": 223, ""start_node_index"": 215}, {""anchor_vertex"": 10023, ""edge_count"": 6, ""end_node_index"": 222, ""start_node_index"": 216}, {""anchor_vertex"": 9959, ""edge_count"": 4, ""end_node_index"": 221, ""start_node_index"": 217}, {""anchor_vertex"": 9953, ""edge_count"": 2, ""end_node_index"": 220, ""start_node_index"": 218}]",MULTIPLE_REPEATED_VERTICES
analyzed,paris_bures_02_multi_tight,development,tmp_scalar_via_recovered_non_elementary_walks.json,/candidates[149],"S,P",9950,f5ad1ccc02da7562d09a508d0d120bd85507cb53bc03ad46084caf3e61b27e0e,384,383,43615.0,662.8000018671155,8963759.0,627170.0,205.52009629714547,14.379685887882609,131,True,"{""elevation_high"": 0.0, ""elevation_low"": 0.0, ""length_high"": 0.0, ""length_low"": 0.0, ""popularity_low"": 0.0, ""width_high"": 0.0}","{""directed_edges_ok"": true, ""metric_deltas"": [0.0, 0.0, 0.0, 0.0], ""missing_edges"": 0, ""passed"": true, ""road_changes_delta"": 0}",20,2,20,0,17,"{""842"": 2, ""843"": 2, ""844"": 2, ""849"": 2, ""1478"": 2, ""1488"": 2, ""1505"": 2, ""1506"": 2, ""1531"": 2, ""1532"": 2, ""9952"": 2, ""9959"": 2, ""10017"": 2, ""10018"": 2, ""10022"": 2, ""10023"": 2, ""13694"": 2, ""14635"": 2, ""20203"": 2, ""20338"": 2}",False,842,,,,,,,,False,"[{""anchor_vertex"": 842, ""edge_count"": 56, ""end_node_index"": 249, ""start_node_index"": 193}, {""anchor_vertex"": 849, ""edge_count"": 54, ""end_node_index"": 248, ""start_node_index"": 194}, {""anchor_vertex"": 1506, ""edge_count"": 52, ""end_node_index"": 247, ""start_node_index"": 195}, {""anchor_vertex"": 843, ""edge_count"": 50, ""end_node_index"": 246, ""start_node_index"": 196}, {""anchor_vertex"": 844, ""edge_count"": 48, ""end_node_index"": 245, ""start_node_index"": 197}, {""anchor_vertex"": 1505, ""edge_count"": 46, ""end_node_index"": 244, ""start_node_index"": 198}, {""anchor_vertex"": 1478, ""edge_count"": 36, ""end_node_index"": 240, ""start_node_index"": 204}, {""anchor_vertex"": 1488, ""edge_count"": 28, ""end_node_index"": 236, ""start_node_index"": 208}, {""anchor_vertex"": 20203, ""edge_count"": 26, ""end_node_index"": 235, ""start_node_index"": 209}, {""anchor_vertex"": 14635, ""edge_count"": 24, ""end_node_index"": 234, ""start_node_index"": 210}, {""anchor_vertex"": 1531, ""edge_count"": 22, ""end_node_index"": 233, ""start_node_index"": 211}, {""anchor_vertex"": 20338, ""edge_count"": 20, ""end_node_index"": 232, ""start_node_index"": 212}, {""anchor_vertex"": 13694, ""edge_count"": 18, ""end_node_index"": 231, ""start_node_index"": 213}, {""anchor_vertex"": 1532, ""edge_count"": 16, ""end_node_index"": 230, ""start_node_index"": 214}, {""anchor_vertex"": 10022, ""edge_count"": 14, ""end_node_index"": 229, ""start_node_index"": 215}, {""anchor_vertex"": 10023, ""edge_count"": 12, ""end_node_index"": 228, ""start_node_index"": 216}, {""anchor_vertex"": 9959, ""edge_count"": 10, ""end_node_index"": 227, ""start_node_index"": 217}, {""anchor_vertex"": 10017, ""edge_count"": 8, ""end_node_index"": 226, ""start_node_index"": 218}, {""anchor_vertex"": 10018, ""edge_count"": 6, ""end_node_index"": 225, ""start_node_index"": 219}, {""anchor_vertex"": 9952, ""edge_count"": 4, ""end_node_index"": 224, ""start_node_index"": 220}]",MULTIPLE_REPEATED_VERTICES
analyzed,paris_bures_02_multi_tight,development,tmp_scalar_via_recovered_non_elementary_walks.json,/candidates[150],"S,P",9952,8008422ba44872e657f756c7c31db3b0c3202d5c223f2e2f6f2645e5163b3808,380,379,43410.0,662.0000018551946,8929205.0,626065.0,205.6946556093066,14.422137756277355,126,True,"{""elevation_high"": 0.0, ""elevation_low"": 0.0, ""length_high"": 0.0, ""length_low"": 0.0, ""popularity_low"": 0.0, ""width_high"": 0.0}","{""directed_edges_ok"": true, ""metric_deltas"": [0.0, 0.0, 0.0, 0.0], ""missing_edges"": 0, ""passed"": true, ""road_changes_delta"": 0}",19,2,19,0,17,"{""842"": 2, ""843"": 2, ""844"": 2, ""849"": 2, ""1478"": 2, ""1488"": 2, ""1505"": 2, ""1506"": 2, ""1531"": 2, ""1532"": 2, ""9959"": 2, ""10017"": 2, ""10018"": 2, ""10022"": 2, ""10023"": 2, ""13694"": 2, ""14635"": 2, ""20203"": 2, ""20338"": 2}",False,842,,,,,,,,False,"[{""anchor_vertex"": 842, ""edge_count"": 52, ""end_node_index"": 245, ""start_node_index"": 193}, {""anchor_vertex"": 849, ""edge_count"": 50, ""end_node_index"": 244, ""start_node_index"": 194}, {""anchor_vertex"": 1506, ""edge_count"": 48, ""end_node_index"": 243, ""start_node_index"": 195}, {""anchor_vertex"": 843, ""edge_count"": 46, ""end_node_index"": 242, ""start_node_index"": 196}, {""anchor_vertex"": 844, ""edge_count"": 44, ""end_node_index"": 241, ""start_node_index"": 197}, {""anchor_vertex"": 1505, ""edge_count"": 42, ""end_node_index"": 240, ""start_node_index"": 198}, {""anchor_vertex"": 1478, ""edge_count"": 32, ""end_node_index"": 236, ""start_node_index"": 204}, {""anchor_vertex"": 1488, ""edge_count"": 24, ""end_node_index"": 232, ""start_node_index"": 208}, {""anchor_vertex"": 20203, ""edge_count"": 22, ""end_node_index"": 231, ""start_node_index"": 209}, {""anchor_vertex"": 14635, ""edge_count"": 20, ""end_node_index"": 230, ""start_node_index"": 210}, {""anchor_vertex"": 1531, ""edge_count"": 18, ""end_node_index"": 229, ""start_node_index"": 211}, {""anchor_vertex"": 20338, ""edge_count"": 16, ""end_node_index"": 228, ""start_node_index"": 212}, {""anchor_vertex"": 13694, ""edge_count"": 14, ""end_node_index"": 227, ""start_node_index"": 213}, {""anchor_vertex"": 1532, ""edge_count"": 12, ""end_node_index"": 226, ""start_node_index"": 214}, {""anchor_vertex"": 10022, ""edge_count"": 10, ""end_node_index"": 225, ""start_node_index"": 215}, {""anchor_vertex"": 10023, ""edge_count"": 8, ""end_node_index"": 224, ""start_node_index"": 216}, {""anchor_vertex"": 9959, ""edge_count"": 6, ""end_node_index"": 223, ""start_node_index"": 217}, {""anchor_vertex"": 10017, ""edge_count"": 4, ""end_node_index"": 222, ""start_node_index"": 218}, {""anchor_vertex"": 10018, ""edge_count"": 2, ""end_node_index"": 221, ""start_node_index"": 219}]",MULTIPLE_REPEATED_VERTICES
analyzed,paris_bures_02_multi_tight,development,tmp_scalar_via_recovered_non_elementary_walks.json,/candidates[151],"S,P",9953,a6535c2a158b96a89d1818abb94fa917e563b79602c66e2d8b6a82f7a01e4c04,376,375,42968.0,658.8000012561679,8794429.0,623295.0,204.67392012660585,14.506027741575126,124,True,"{""elevation_high"": 0.0, ""elevation_low"": 0.0, ""length_high"": 0.0, ""length_low"": 0.0, ""popularity_low"": 0.0, ""width_high"": 0.0}","{""directed_edges_ok"": true, ""metric_deltas"": [0.0, 0.0, 0.0, 0.0], ""missing_edges"": 0, ""passed"": true, ""road_changes_delta"": 0}",17,2,17,0,15,"{""842"": 2, ""843"": 2, ""844"": 2, ""849"": 2, ""1478"": 2, ""1488"": 2, ""1505"": 2, ""1506"": 2, ""1531"": 2, ""1532"": 2, ""9959"": 2, ""10022"": 2, ""10023"": 2, ""13694"": 2, ""14635"": 2, ""20203"": 2, ""20338"": 2}",False,842,,,,,,,,False,"[{""anchor_vertex"": 842, ""edge_count"": 48, ""end_node_index"": 241, ""start_node_index"": 193}, {""anchor_vertex"": 849, ""edge_count"": 46, ""end_node_index"": 240, ""start_node_index"": 194}, {""anchor_vertex"": 1506, ""edge_count"": 44, ""end_node_index"": 239, ""start_node_index"": 195}, {""anchor_vertex"": 843, ""edge_count"": 42, ""end_node_index"": 238, ""start_node_index"": 196}, {""anchor_vertex"": 844, ""edge_count"": 40, ""end_node_index"": 237, ""start_node_index"": 197}, {""anchor_vertex"": 1505, ""edge_count"": 38, ""end_node_index"": 236, ""start_node_index"": 198}, {""anchor_vertex"": 1478, ""edge_count"": 28, ""end_node_index"": 232, ""start_node_index"": 204}, {""anchor_vertex"": 1488, ""edge_count"": 20, ""end_node_index"": 228, ""start_node_index"": 208}, {""anchor_vertex"": 20203, ""edge_count"": 18, ""end_node_index"": 227, ""start_node_index"": 209}, {""anchor_vertex"": 14635, ""edge_count"": 16, ""end_node_index"": 226, ""start_node_index"": 210}, {""anchor_vertex"": 1531, ""edge_count"": 14, ""end_node_index"": 225, ""start_node_index"": 211}, {""anchor_vertex"": 20338, ""edge_count"": 12, ""end_node_index"": 224, ""start_node_index"": 212}, {""anchor_vertex"": 13694, ""edge_count"": 10, ""end_node_index"": 223, ""start_node_index"": 213}, {""anchor_vertex"": 1532, ""edge_count"": 8, ""end_node_index"": 222, ""start_node_index"": 214}, {""anchor_vertex"": 10022, ""edge_count"": 6, ""end_node_index"": 221, ""start_node_index"": 215}, {""anchor_vertex"": 10023, ""edge_count"": 4, ""end_node_index"": 220, ""start_node_index"": 216}, {""anchor_vertex"": 9959, ""edge_count"": 2, ""end_node_index"": 219, ""start_node_index"": 217}]",MULTIPLE_REPEATED_VERTICES
analyzed,paris_bures_02_multi_tight,development,tmp_scalar_via_recovered_non_elementary_walks.json,/candidates[152],"S,P",9954,2fcda20b5785ebb0f9e5a3bc584bea31d9a76bad3c97566cb517c98c986afcb4,384,383,43468.0,659.5000012740493,8901982.0,625795.0,204.79391736449801,14.396682617097635,127,True,"{""elevation_high"": 0.0, ""elevation_low"": 0.0, ""length_high"": 0.0, ""length_low"": 0.0, ""popularity_low"": 0.0, ""width_high"": 0.0}","{""directed_edges_ok"": true, ""metric_deltas"": [0.0, 0.0, 0.0, 0.0], ""missing_edges"": 0, ""passed"": true, ""road_changes_delta"": 0}",18,2,18,0,15,"{""842"": 2, ""843"": 2, ""844"": 2, ""849"": 2, ""1478"": 2, ""1488"": 2, ""1505"": 2, ""1506"": 2, ""1531"": 2, ""1532"": 2, ""9953"": 2, ""9959"": 2, ""10022"": 2, ""10023"": 2, ""13694"": 2, ""14635"": 2, ""20203"": 2, ""20338"": 2}",False,842,,,,,,,,False,"[{""anchor_vertex"": 842, ""edge_count"": 56, ""end_node_index"": 249, ""start_node_index"": 193}, {""anchor_vertex"": 849, ""edge_count"": 54, ""end_node_index"": 248, ""start_node_index"": 194}, {""anchor_vertex"": 1506, ""edge_count"": 52, ""end_node_index"": 247, ""start_node_index"": 195}, {""anchor_vertex"": 843, ""edge_count"": 50, ""end_node_index"": 246, ""start_node_index"": 196}, {""anchor_vertex"": 844, ""edge_count"": 48, ""end_node_index"": 245, ""start_node_index"": 197}, {""anchor_vertex"": 1505, ""edge_count"": 46, ""end_node_index"": 244, ""start_node_index"": 198}, {""anchor_vertex"": 1478, ""edge_count"": 36, ""end_node_index"": 240, ""start_node_index"": 204}, {""anchor_vertex"": 1488, ""edge_count"": 28, ""end_node_index"": 236, ""start_node_index"": 208}, {""anchor_vertex"": 20203, ""edge_count"": 26, ""end_node_index"": 235, ""start_node_index"": 209}, {""anchor_vertex"": 14635, ""edge_count"": 24, ""end_node_index"": 234, ""start_node_index"": 210}, {""anchor_vertex"": 1531, ""edge_count"": 22, ""end_node_index"": 233, ""start_node_index"": 211}, {""anchor_vertex"": 20338, ""edge_count"": 20, ""end_node_index"": 232, ""start_node_index"": 212}, {""anchor_vertex"": 13694, ""edge_count"": 18, ""end_node_index"": 231, ""start_node_index"": 213}, {""anchor_vertex"": 1532, ""edge_count"": 16, ""end_node_index"": 230, ""start_node_index"": 214}, {""anchor_vertex"": 10022, ""edge_count"": 14, ""end_node_index"": 229, ""start_node_index"": 215}, {""anchor_vertex"": 10023, ""edge_count"": 12, ""end_node_index"": 228, ""start_node_index"": 216}, {""anchor_vertex"": 9959, ""edge_count"": 10, ""end_node_index"": 227, ""start_node_index"": 217}, {""anchor_vertex"": 9953, ""edge_count"": 8, ""end_node_index"": 226, ""start_node_index"": 218}]",MULTIPLE_REPEATED_VERTICES
analyzed,paris_bures_02_multi_tight,development,tmp_scalar_via_recovered_non_elementary_walks.json,/candidates[153],"S,P",9957,ef823cb7b1bc38ad8837bc397c39f7c22a091683cfd5fcd85db241865992b531,380,379,43117.0,659.2000012695789,8825786.0,624040.0,204.69387944430272,14.4731776329522,129,True,"{""elevation_high"": 0.0, ""elevation_low"": 0.0, ""length_high"": 0.0, ""length_low"": 0.0, ""popularity_low"": 0.0, ""width_high"": 0.0}","{""directed_edges_ok"": true, ""metric_deltas"": [0.0, 0.0, 0.0, 0.0], ""missing_edges"": 0, ""passed"": true, ""road_changes_delta"": 0}",18,2,18,0,15,"{""842"": 2, ""843"": 2, ""844"": 2, ""849"": 2, ""1478"": 2, ""1488"": 2, ""1505"": 2, ""1506"": 2, ""1531"": 2, ""1532"": 2, ""9953"": 2, ""9959"": 2, ""10022"": 2, ""10023"": 2, ""13694"": 2, ""14635"": 2, ""20203"": 2, ""20338"": 2}",False,842,,,,,,,,False,"[{""anchor_vertex"": 842, ""edge_count"": 52, ""end_node_index"": 245, ""start_node_index"": 193}, {""anchor_vertex"": 849, ""edge_count"": 50, ""end_node_index"": 244, ""start_node_index"": 194}, {""anchor_vertex"": 1506, ""edge_count"": 48, ""end_node_index"": 243, ""start_node_index"": 195}, {""anchor_vertex"": 843, ""edge_count"": 46, ""end_node_index"": 242, ""start_node_index"": 196}, {""anchor_vertex"": 844, ""edge_count"": 44, ""end_node_index"": 241, ""start_node_index"": 197}, {""anchor_vertex"": 1505, ""edge_count"": 42, ""end_node_index"": 240, ""start_node_index"": 198}, {""anchor_vertex"": 1478, ""edge_count"": 32, ""end_node_index"": 236, ""start_node_index"": 204}, {""anchor_vertex"": 1488, ""edge_count"": 24, ""end_node_index"": 232, ""start_node_index"": 208}, {""anchor_vertex"": 20203, ""edge_count"": 22, ""end_node_index"": 231, ""start_node_index"": 209}, {""anchor_vertex"": 14635, ""edge_count"": 20, ""end_node_index"": 230, ""start_node_index"": 210}, {""anchor_vertex"": 1531, ""edge_count"": 18, ""end_node_index"": 229, ""start_node_index"": 211}, {""anchor_vertex"": 20338, ""edge_count"": 16, ""end_node_index"": 228, ""start_node_index"": 212}, {""anchor_vertex"": 13694, ""edge_count"": 14, ""end_node_index"": 227, ""start_node_index"": 213}, {""anchor_vertex"": 1532, ""edge_count"": 12, ""end_node_index"": 226, ""start_node_index"": 214}, {""anchor_vertex"": 10022, ""edge_count"": 10, ""end_node_index"": 225, ""start_node_index"": 215}, {""anchor_vertex"": 10023, ""edge_count"": 8, ""end_node_index"": 224, ""start_node_index"": 216}, {""anchor_vertex"": 9959, ""edge_count"": 6, ""end_node_index"": 223, ""start_node_index"": 217}, {""anchor_vertex"": 9953, ""edge_count"": 4, ""end_node_index"": 222, ""start_node_index"": 218}]",MULTIPLE_REPEATED_VERTICES
analyzed,paris_bures_02_multi_tight,development,tmp_scalar_via_recovered_non_elementary_walks.json,/candidates[154],"S,P",9959,0afe9552f89a220386325e115a768709df5d6a4a729514c28e9d8c1ab9f6a26c,374,373,42320.0,652.6000014469028,8738053.0,616815.0,206.4757325141777,14.575023629489603,122,True,"{""elevation_high"": 0.0, ""elevation_low"": 0.0, ""length_high"": 0.0, ""length_low"": 0.0, ""popularity_low"": 0.0, ""width_high"": 0.0}","{""directed_edges_ok"": true, ""metric_deltas"": [0.0, 0.0, 0.0, 0.0], ""missing_edges"": 0, ""passed"": true, ""road_changes_delta"": 0}",16,2,16,0,14,"{""842"": 2, ""843"": 2, ""844"": 2, ""849"": 2, ""1478"": 2, ""1488"": 2, ""1505"": 2, ""1506"": 2, ""1531"": 2, ""1532"": 2, ""10022"": 2, ""10023"": 2, ""13694"": 2, ""14635"": 2, ""20203"": 2, ""20338"": 2}",False,842,,,,,,,,False,"[{""anchor_vertex"": 842, ""edge_count"": 46, ""end_node_index"": 239, ""start_node_index"": 193}, {""anchor_vertex"": 849, ""edge_count"": 44, ""end_node_index"": 238, ""start_node_index"": 194}, {""anchor_vertex"": 1506, ""edge_count"": 42, ""end_node_index"": 237, ""start_node_index"": 195}, {""anchor_vertex"": 843, ""edge_count"": 40, ""end_node_index"": 236, ""start_node_index"": 196}, {""anchor_vertex"": 844, ""edge_count"": 38, ""end_node_index"": 235, ""start_node_index"": 197}, {""anchor_vertex"": 1505, ""edge_count"": 36, ""end_node_index"": 234, ""start_node_index"": 198}, {""anchor_vertex"": 1478, ""edge_count"": 26, ""end_node_index"": 230, ""start_node_index"": 204}, {""anchor_vertex"": 1488, ""edge_count"": 18, ""end_node_index"": 226, ""start_node_index"": 208}, {""anchor_vertex"": 20203, ""edge_count"": 16, ""end_node_index"": 225, ""start_node_index"": 209}, {""anchor_vertex"": 14635, ""edge_count"": 14, ""end_node_index"": 224, ""start_node_index"": 210}, {""anchor_vertex"": 1531, ""edge_count"": 12, ""end_node_index"": 223, ""start_node_index"": 211}, {""anchor_vertex"": 20338, ""edge_count"": 10, ""end_node_index"": 222, ""start_node_index"": 212}, {""anchor_vertex"": 13694, ""edge_count"": 8, ""end_node_index"": 221, ""start_node_index"": 213}, {""anchor_vertex"": 1532, ""edge_count"": 6, ""end_node_index"": 220, ""start_node_index"": 214}, {""anchor_vertex"": 10022, ""edge_count"": 4, ""end_node_index"": 219, ""start_node_index"": 215}, {""anchor_vertex"": 10023, ""edge_count"": 2, ""end_node_index"": 218, ""start_node_index"": 216}]",MULTIPLE_REPEATED_VERTICES
analyzed,paris_bures_02_multi_tight,development,tmp_scalar_via_recovered_non_elementary_walks.json,/candidates[155],"S,P",10013,34998284a46d625475b22b99cf1c01419efbb1a64491dcab78148238a1a672b5,387,386,43538.0,661.3000012487173,8912052.0,626145.0,204.69594377325555,14.381574716339749,129,True,"{""elevation_high"": 0.0, ""elevation_low"": 0.0, ""length_high"": 0.0, ""length_low"": 0.0, ""popularity_low"": 0.0, ""width_high"": 0.0}","{""directed_edges_ok"": true, ""metric_deltas"": [0.0, 0.0, 0.0, 0.0], ""missing_edges"": 0, ""passed"": true, ""road_changes_delta"": 0}",19,2,19,0,16,"{""842"": 2, ""843"": 2, ""844"": 2, ""849"": 2, ""1478"": 2, ""1488"": 2, ""1505"": 2, ""1506"": 2, ""1531"": 2, ""1532"": 2, ""9953"": 2, ""9959"": 2, ""10015"": 2, ""10022"": 2, ""10023"": 2, ""13694"": 2, ""14635"": 2, ""20203"": 2, ""20338"": 2}",False,842,,,,,,,,False,"[{""anchor_vertex"": 842, ""edge_count"": 59, ""end_node_index"": 252, ""start_node_index"": 193}, {""anchor_vertex"": 849, ""edge_count"": 57, ""end_node_index"": 251, ""start_node_index"": 194}, {""anchor_vertex"": 1506, ""edge_count"": 55, ""end_node_index"": 250, ""start_node_index"": 195}, {""anchor_vertex"": 843, ""edge_count"": 53, ""end_node_index"": 249, ""start_node_index"": 196}, {""anchor_vertex"": 844, ""edge_count"": 51, ""end_node_index"": 248, ""start_node_index"": 197}, {""anchor_vertex"": 1505, ""edge_count"": 49, ""end_node_index"": 247, ""start_node_index"": 198}, {""anchor_vertex"": 1478, ""edge_count"": 39, ""end_node_index"": 243, ""start_node_index"": 204}, {""anchor_vertex"": 1488, ""edge_count"": 31, ""end_node_index"": 239, ""start_node_index"": 208}, {""anchor_vertex"": 20203, ""edge_count"": 29, ""end_node_index"": 238, ""start_node_index"": 209}, {""anchor_vertex"": 14635, ""edge_count"": 27, ""end_node_index"": 237, ""start_node_index"": 210}, {""anchor_vertex"": 1531, ""edge_count"": 25, ""end_node_index"": 236, ""start_node_index"": 211}, {""anchor_vertex"": 20338, ""edge_count"": 23, ""end_node_index"": 235, ""start_node_index"": 212}, {""anchor_vertex"": 13694, ""edge_count"": 21, ""end_node_index"": 234, ""start_node_index"": 213}, {""anchor_vertex"": 1532, ""edge_count"": 19, ""end_node_index"": 233, ""start_node_index"": 214}, {""anchor_vertex"": 10022, ""edge_count"": 17, ""end_node_index"": 232, ""start_node_index"": 215}, {""anchor_vertex"": 10023, ""edge_count"": 15, ""end_node_index"": 231, ""start_node_index"": 216}, {""anchor_vertex"": 9959, ""edge_count"": 13, ""end_node_index"": 230, ""start_node_index"": 217}, {""anchor_vertex"": 9953, ""edge_count"": 11, ""end_node_index"": 229, ""start_node_index"": 218}, {""anchor_vertex"": 10015, ""edge_count"": 2, ""end_node_index"": 223, ""start_node_index"": 221}]",MULTIPLE_REPEATED_VERTICES
analyzed,paris_bures_02_multi_tight,development,tmp_scalar_via_recovered_non_elementary_walks.json,/candidates[156],"S,P",10015,784c8922cd9cbfdaf1bf5fe32e0d46811a177326ee6974246af7337d99d3ca28,385,384,43484.0,659.9000012725592,8905518.0,625875.0,204.7998804157851,14.393225094287555,127,True,"{""elevation_high"": 0.0, ""elevation_low"": 0.0, ""length_high"": 0.0, ""length_low"": 0.0, ""popularity_low"": 0.0, ""width_high"": 0.0}","{""directed_edges_ok"": true, ""metric_deltas"": [0.0, 0.0, 0.0, 0.0], ""missing_edges"": 0, ""passed"": true, ""road_changes_delta"": 0}",18,2,18,0,15,"{""842"": 2, ""843"": 2, ""844"": 2, ""849"": 2, ""1478"": 2, ""1488"": 2, ""1505"": 2, ""1506"": 2, ""1531"": 2, ""1532"": 2, ""9953"": 2, ""9959"": 2, ""10022"": 2, ""10023"": 2, ""13694"": 2, ""14635"": 2, ""20203"": 2, ""20338"": 2}",False,842,,,,,,,,False,"[{""anchor_vertex"": 842, ""edge_count"": 57, ""end_node_index"": 250, ""start_node_index"": 193}, {""anchor_vertex"": 849, ""edge_count"": 55, ""end_node_index"": 249, ""start_node_index"": 194}, {""anchor_vertex"": 1506, ""edge_count"": 53, ""end_node_index"": 248, ""start_node_index"": 195}, {""anchor_vertex"": 843, ""edge_count"": 51, ""end_node_index"": 247, ""start_node_index"": 196}, {""anchor_vertex"": 844, ""edge_count"": 49, ""end_node_index"": 246, ""start_node_index"": 197}, {""anchor_vertex"": 1505, ""edge_count"": 47, ""end_node_index"": 245, ""start_node_index"": 198}, {""anchor_vertex"": 1478, ""edge_count"": 37, ""end_node_index"": 241, ""start_node_index"": 204}, {""anchor_vertex"": 1488, ""edge_count"": 29, ""end_node_index"": 237, ""start_node_index"": 208}, {""anchor_vertex"": 20203, ""edge_count"": 27, ""end_node_index"": 236, ""start_node_index"": 209}, {""anchor_vertex"": 14635, ""edge_count"": 25, ""end_node_index"": 235, ""start_node_index"": 210}, {""anchor_vertex"": 1531, ""edge_count"": 23, ""end_node_index"": 234, ""start_node_index"": 211}, {""anchor_vertex"": 20338, ""edge_count"": 21, ""end_node_index"": 233, ""start_node_index"": 212}, {""anchor_vertex"": 13694, ""edge_count"": 19, ""end_node_index"": 232, ""start_node_index"": 213}, {""anchor_vertex"": 1532, ""edge_count"": 17, ""end_node_index"": 231, ""start_node_index"": 214}, {""anchor_vertex"": 10022, ""edge_count"": 15, ""end_node_index"": 230, ""start_node_index"": 215}, {""anchor_vertex"": 10023, ""edge_count"": 13, ""end_node_index"": 229, ""start_node_index"": 216}, {""anchor_vertex"": 9959, ""edge_count"": 11, ""end_node_index"": 228, ""start_node_index"": 217}, {""anchor_vertex"": 9953, ""edge_count"": 9, ""end_node_index"": 227, ""start_node_index"": 218}]",MULTIPLE_REPEATED_VERTICES
analyzed,paris_bures_02_multi_tight,development,tmp_scalar_via_recovered_non_elementary_walks.json,/candidates[157],"S,P",10017,0f80cefb6c5dfe4b54bde3ffd9a58c3cf35382631b9f93e5fd295d7f1bbcdf12,376,375,42650.0,653.2000014707446,8781613.0,618465.0,205.89948417350527,14.500937866354045,124,True,"{""elevation_high"": 0.0, ""elevation_low"": 0.0, ""length_high"": 0.0, ""length_low"": 0.0, ""popularity_low"": 0.0, ""width_high"": 0.0}","{""directed_edges_ok"": true, ""metric_deltas"": [0.0, 0.0, 0.0, 0.0], ""missing_edges"": 0, ""passed"": true, ""road_changes_delta"": 0}",17,2,17,0,15,"{""842"": 2, ""843"": 2, ""844"": 2, ""849"": 2, ""1478"": 2, ""1488"": 2, ""1505"": 2, ""1506"": 2, ""1531"": 2, ""1532"": 2, ""9959"": 2, ""10022"": 2, ""10023"": 2, ""13694"": 2, ""14635"": 2, ""20203"": 2, ""20338"": 2}",False,842,,,,,,,,False,"[{""anchor_vertex"": 842, ""edge_count"": 48, ""end_node_index"": 241, ""start_node_index"": 193}, {""anchor_vertex"": 849, ""edge_count"": 46, ""end_node_index"": 240, ""start_node_index"": 194}, {""anchor_vertex"": 1506, ""edge_count"": 44, ""end_node_index"": 239, ""start_node_index"": 195}, {""anchor_vertex"": 843, ""edge_count"": 42, ""end_node_index"": 238, ""start_node_index"": 196}, {""anchor_vertex"": 844, ""edge_count"": 40, ""end_node_index"": 237, ""start_node_index"": 197}, {""anchor_vertex"": 1505, ""edge_count"": 38, ""end_node_index"": 236, ""start_node_index"": 198}, {""anchor_vertex"": 1478, ""edge_count"": 28, ""end_node_index"": 232, ""start_node_index"": 204}, {""anchor_vertex"": 1488, ""edge_count"": 20, ""end_node_index"": 228, ""start_node_index"": 208}, {""anchor_vertex"": 20203, ""edge_count"": 18, ""end_node_index"": 227, ""start_node_index"": 209}, {""anchor_vertex"": 14635, ""edge_count"": 16, ""end_node_index"": 226, ""start_node_index"": 210}, {""anchor_vertex"": 1531, ""edge_count"": 14, ""end_node_index"": 225, ""start_node_index"": 211}, {""anchor_vertex"": 20338, ""edge_count"": 12, ""end_node_index"": 224, ""start_node_index"": 212}, {""anchor_vertex"": 13694, ""edge_count"": 10, ""end_node_index"": 223, ""start_node_index"": 213}, {""anchor_vertex"": 1532, ""edge_count"": 8, ""end_node_index"": 222, ""start_node_index"": 214}, {""anchor_vertex"": 10022, ""edge_count"": 6, ""end_node_index"": 221, ""start_node_index"": 215}, {""anchor_vertex"": 10023, ""edge_count"": 4, ""end_node_index"": 220, ""start_node_index"": 216}, {""anchor_vertex"": 9959, ""edge_count"": 2, ""end_node_index"": 219, ""start_node_index"": 217}]",MULTIPLE_REPEATED_VERTICES
analyzed,paris_bures_02_multi_tight,development,tmp_scalar_via_recovered_non_elementary_walks.json,/candidates[158],"S,P",10018,15034dcc80d7f6f00aaf43042b8fb36e027958f84e04ca1bdab5c7855f3955a4,378,377,42698.0,653.4000014737248,8791789.0,618945.0,205.90634221743406,14.495878027073868,126,True,"{""elevation_high"": 0.0, ""elevation_low"": 0.0, ""length_high"": 0.0, ""length_low"": 0.0, ""popularity_low"": 0.0, ""width_high"": 0.0}","{""directed_edges_ok"": true, ""metric_deltas"": [0.0, 0.0, 0.0, 0.0], ""missing_edges"": 0, ""passed"": true, ""road_changes_delta"": 0}",18,2,18,0,16,"{""842"": 2, ""843"": 2, ""844"": 2, ""849"": 2, ""1478"": 2, ""1488"": 2, ""1505"": 2, ""1506"": 2, ""1531"": 2, ""1532"": 2, ""9959"": 2, ""10017"": 2, ""10022"": 2, ""10023"": 2, ""13694"": 2, ""14635"": 2, ""20203"": 2, ""20338"": 2}",False,842,,,,,,,,False,"[{""anchor_vertex"": 842, ""edge_count"": 50, ""end_node_index"": 243, ""start_node_index"": 193}, {""anchor_vertex"": 849, ""edge_count"": 48, ""end_node_index"": 242, ""start_node_index"": 194}, {""anchor_vertex"": 1506, ""edge_count"": 46, ""end_node_index"": 241, ""start_node_index"": 195}, {""anchor_vertex"": 843, ""edge_count"": 44, ""end_node_index"": 240, ""start_node_index"": 196}, {""anchor_vertex"": 844, ""edge_count"": 42, ""end_node_index"": 239, ""start_node_index"": 197}, {""anchor_vertex"": 1505, ""edge_count"": 40, ""end_node_index"": 238, ""start_node_index"": 198}, {""anchor_vertex"": 1478, ""edge_count"": 30, ""end_node_index"": 234, ""start_node_index"": 204}, {""anchor_vertex"": 1488, ""edge_count"": 22, ""end_node_index"": 230, ""start_node_index"": 208}, {""anchor_vertex"": 20203, ""edge_count"": 20, ""end_node_index"": 229, ""start_node_index"": 209}, {""anchor_vertex"": 14635, ""edge_count"": 18, ""end_node_index"": 228, ""start_node_index"": 210}, {""anchor_vertex"": 1531, ""edge_count"": 16, ""end_node_index"": 227, ""start_node_index"": 211}, {""anchor_vertex"": 20338, ""edge_count"": 14, ""end_node_index"": 226, ""start_node_index"": 212}, {""anchor_vertex"": 13694, ""edge_count"": 12, ""end_node_index"": 225, ""start_node_index"": 213}, {""anchor_vertex"": 1532, ""edge_count"": 10, ""end_node_index"": 224, ""start_node_index"": 214}, {""anchor_vertex"": 10022, ""edge_count"": 8, ""end_node_index"": 223, ""start_node_index"": 215}, {""anchor_vertex"": 10023, ""edge_count"": 6, ""end_node_index"": 222, ""start_node_index"": 216}, {""anchor_vertex"": 9959, ""edge_count"": 4, ""end_node_index"": 221, ""start_node_index"": 217}, {""anchor_vertex"": 10017, ""edge_count"": 2, ""end_node_index"": 220, ""start_node_index"": 218}]",MULTIPLE_REPEATED_VERTICES
analyzed,paris_bures_02_multi_tight,development,tmp_scalar_via_recovered_non_elementary_walks.json,/candidates[159],"S,P",10019,2909f0be8ce2a4a721391b5eca62a7cf9983ae264f01c664ff5195e31f7c0696,382,381,43004.0,656.1000014320016,8797369.0,622005.0,204.57094688866152,14.463887080271602,128,True,"{""elevation_high"": 0.0, ""elevation_low"": 0.0, ""length_high"": 0.0, ""length_low"": 0.0, ""popularity_low"": 0.0, ""width_high"": 0.0}","{""directed_edges_ok"": true, ""metric_deltas"": [0.0, 0.0, 0.0, 0.0], ""missing_edges"": 0, ""passed"": true, ""road_changes_delta"": 0}",20,2,20,0,18,"{""842"": 2, ""843"": 2, ""844"": 2, ""849"": 2, ""1478"": 2, ""1488"": 2, ""1505"": 2, ""1506"": 2, ""1531"": 2, ""1532"": 2, ""9959"": 2, ""10017"": 2, ""10018"": 2, ""10020"": 2, ""10022"": 2, ""10023"": 2, ""13694"": 2, ""14635"": 2, ""20203"": 2, ""20338"": 2}",False,842,,,,,,,,False,"[{""anchor_vertex"": 842, ""edge_count"": 54, ""end_node_index"": 247, ""start_node_index"": 193}, {""anchor_vertex"": 849, ""edge_count"": 52, ""end_node_index"": 246, ""start_node_index"": 194}, {""anchor_vertex"": 1506, ""edge_count"": 50, ""end_node_index"": 245, ""start_node_index"": 195}, {""anchor_vertex"": 843, ""edge_count"": 48, ""end_node_index"": 244, ""start_node_index"": 196}, {""anchor_vertex"": 844, ""edge_count"": 46, ""end_node_index"": 243, ""start_node_index"": 197}, {""anchor_vertex"": 1505, ""edge_count"": 44, ""end_node_index"": 242, ""start_node_index"": 198}, {""anchor_vertex"": 1478, ""edge_count"": 34, ""end_node_index"": 238, ""start_node_index"": 204}, {""anchor_vertex"": 1488, ""edge_count"": 26, ""end_node_index"": 234, ""start_node_index"": 208}, {""anchor_vertex"": 20203, ""edge_count"": 24, ""end_node_index"": 233, ""start_node_index"": 209}, {""anchor_vertex"": 14635, ""edge_count"": 22, ""end_node_index"": 232, ""start_node_index"": 210}, {""anchor_vertex"": 1531, ""edge_count"": 20, ""end_node_index"": 231, ""start_node_index"": 211}, {""anchor_vertex"": 20338, ""edge_count"": 18, ""end_node_index"": 230, ""start_node_index"": 212}, {""anchor_vertex"": 13694, ""edge_count"": 16, ""end_node_index"": 229, ""start_node_index"": 213}, {""anchor_vertex"": 1532, ""edge_count"": 14, ""end_node_index"": 228, ""start_node_index"": 214}, {""anchor_vertex"": 10022, ""edge_count"": 12, ""end_node_index"": 227, ""start_node_index"": 215}, {""anchor_vertex"": 10023, ""edge_count"": 10, ""end_node_index"": 226, ""start_node_index"": 216}, {""anchor_vertex"": 9959, ""edge_count"": 8, ""end_node_index"": 225, ""start_node_index"": 217}, {""anchor_vertex"": 10017, ""edge_count"": 6, ""end_node_index"": 224, ""start_node_index"": 218}, {""anchor_vertex"": 10018, ""edge_count"": 4, ""end_node_index"": 223, ""start_node_index"": 219}, {""anchor_vertex"": 10020, ""edge_count"": 2, ""end_node_index"": 222, ""start_node_index"": 220}]",MULTIPLE_REPEATED_VERTICES
analyzed,paris_bures_02_multi_tight,development,tmp_scalar_via_recovered_non_elementary_walks.json,/candidates[160],"S,P",10020,f533bc00ce2f9ba07a4307e3cc8f7f7f3a67bc4b0490a7275a149732e08509c0,380,379,42744.0,653.8000014796853,8796849.0,619405.0,205.8031302638967,14.491039678083474,128,True,"{""elevation_high"": 0.0, ""elevation_low"": 0.0, ""length_high"": 0.0, ""length_low"": 0.0, ""popularity_low"": 0.0, ""width_high"": 0.0}","{""directed_edges_ok"": true, ""metric_deltas"": [0.0, 0.0, 0.0, 0.0], ""missing_edges"": 0, ""passed"": true, ""road_changes_delta"": 0}",19,2,19,0,17,"{""842"": 2, ""843"": 2, ""844"": 2, ""849"": 2, ""1478"": 2, ""1488"": 2, ""1505"": 2, ""1506"": 2, ""1531"": 2, ""1532"": 2, ""9959"": 2, ""10017"": 2, ""10018"": 2, ""10022"": 2, ""10023"": 2, ""13694"": 2, ""14635"": 2, ""20203"": 2, ""20338"": 2}",False,842,,,,,,,,False,"[{""anchor_vertex"": 842, ""edge_count"": 52, ""end_node_index"": 245, ""start_node_index"": 193}, {""anchor_vertex"": 849, ""edge_count"": 50, ""end_node_index"": 244, ""start_node_index"": 194}, {""anchor_vertex"": 1506, ""edge_count"": 48, ""end_node_index"": 243, ""start_node_index"": 195}, {""anchor_vertex"": 843, ""edge_count"": 46, ""end_node_index"": 242, ""start_node_index"": 196}, {""anchor_vertex"": 844, ""edge_count"": 44, ""end_node_index"": 241, ""start_node_index"": 197}, {""anchor_vertex"": 1505, ""edge_count"": 42, ""end_node_index"": 240, ""start_node_index"": 198}, {""anchor_vertex"": 1478, ""edge_count"": 32, ""end_node_index"": 236, ""start_node_index"": 204}, {""anchor_vertex"": 1488, ""edge_count"": 24, ""end_node_index"": 232, ""start_node_index"": 208}, {""anchor_vertex"": 20203, ""edge_count"": 22, ""end_node_index"": 231, ""start_node_index"": 209}, {""anchor_vertex"": 14635, ""edge_count"": 20, ""end_node_index"": 230, ""start_node_index"": 210}, {""anchor_vertex"": 1531, ""edge_count"": 18, ""end_node_index"": 229, ""start_node_index"": 211}, {""anchor_vertex"": 20338, ""edge_count"": 16, ""end_node_index"": 228, ""start_node_index"": 212}, {""anchor_vertex"": 13694, ""edge_count"": 14, ""end_node_index"": 227, ""start_node_index"": 213}, {""anchor_vertex"": 1532, ""edge_count"": 12, ""end_node_index"": 226, ""start_node_index"": 214}, {""anchor_vertex"": 10022, ""edge_count"": 10, ""end_node_index"": 225, ""start_node_index"": 215}, {""anchor_vertex"": 10023, ""edge_count"": 8, ""end_node_index"": 224, ""start_node_index"": 216}, {""anchor_vertex"": 9959, ""edge_count"": 6, ""end_node_index"": 223, ""start_node_index"": 217}, {""anchor_vertex"": 10017, ""edge_count"": 4, ""end_node_index"": 222, ""start_node_index"": 218}, {""anchor_vertex"": 10018, ""edge_count"": 2, ""end_node_index"": 221, ""start_node_index"": 219}]",MULTIPLE_REPEATED_VERTICES
analyzed,paris_bures_02_multi_tight,development,tmp_scalar_via_recovered_non_elementary_walks.json,/candidates[161],"S,P",10021,dfb1cee6bf6f7f24a4361dbe3b119632a12a8bb6b4d4afbb9fb4371b76b5ada4,372,371,41990.0,652.3000014349818,8715973.0,615165.0,207.572588711598,14.650273874732079,120,True,"{""elevation_high"": 0.0, ""elevation_low"": 0.0, ""length_high"": 0.0, ""length_low"": 0.0, ""popularity_low"": 0.0, ""width_high"": 0.0}","{""directed_edges_ok"": true, ""metric_deltas"": [0.0, 0.0, 0.0, 0.0], ""missing_edges"": 0, ""passed"": true, ""road_changes_delta"": 0}",15,2,15,0,13,"{""842"": 2, ""843"": 2, ""844"": 2, ""849"": 2, ""1478"": 2, ""1488"": 2, ""1505"": 2, ""1506"": 2, ""1531"": 2, ""1532"": 2, ""10022"": 2, ""13694"": 2, ""14635"": 2, ""20203"": 2, ""20338"": 2}",False,842,,,,,,,,False,"[{""anchor_vertex"": 842, ""edge_count"": 44, ""end_node_index"": 237, ""start_node_index"": 193}, {""anchor_vertex"": 849, ""edge_count"": 42, ""end_node_index"": 236, ""start_node_index"": 194}, {""anchor_vertex"": 1506, ""edge_count"": 40, ""end_node_index"": 235, ""start_node_index"": 195}, {""anchor_vertex"": 843, ""edge_count"": 38, ""end_node_index"": 234, ""start_node_index"": 196}, {""anchor_vertex"": 844, ""edge_count"": 36, ""end_node_index"": 233, ""start_node_index"": 197}, {""anchor_vertex"": 1505, ""edge_count"": 34, ""end_node_index"": 232, ""start_node_index"": 198}, {""anchor_vertex"": 1478, ""edge_count"": 24, ""end_node_index"": 228, ""start_node_index"": 204}, {""anchor_vertex"": 1488, ""edge_count"": 16, ""end_node_index"": 224, ""start_node_index"": 208}, {""anchor_vertex"": 20203, ""edge_count"": 14, ""end_node_index"": 223, ""start_node_index"": 209}, {""anchor_vertex"": 14635, ""edge_count"": 12, ""end_node_index"": 222, ""start_node_index"": 210}, {""anchor_vertex"": 1531, ""edge_count"": 10, ""end_node_index"": 221, ""start_node_index"": 211}, {""anchor_vertex"": 20338, ""edge_count"": 8, ""end_node_index"": 220, ""start_node_index"": 212}, {""anchor_vertex"": 13694, ""edge_count"": 6, ""end_node_index"": 219, ""start_node_index"": 213}, {""anchor_vertex"": 1532, ""edge_count"": 4, ""end_node_index"": 218, ""start_node_index"": 214}, {""anchor_vertex"": 10022, ""edge_count"": 2, ""end_node_index"": 217, ""start_node_index"": 215}]",MULTIPLE_REPEATED_VERTICES
analyzed,paris_bures_02_multi_tight,development,tmp_scalar_via_recovered_non_elementary_walks.json,/candidates[162],"S,P",10022,df80912c8347792a6575ef7596fcb3171fc0b1ea53b1406767199fc4042894df,370,369,41914.0,651.70000141114,8713693.0,614785.0,207.89456983346852,14.66777210478599,120,True,"{""elevation_high"": 0.0, ""elevation_low"": 0.0, ""length_high"": 0.0, ""length_low"": 0.0, ""popularity_low"": 0.0, ""width_high"": 0.0}","{""directed_edges_ok"": true, ""metric_deltas"": [0.0, 0.0, 0.0, 0.0], ""missing_edges"": 0, ""passed"": true, ""road_changes_delta"": 0}",14,2,14,0,12,"{""842"": 2, ""843"": 2, ""844"": 2, ""849"": 2, ""1478"": 2, ""1488"": 2, ""1505"": 2, ""1506"": 2, ""1531"": 2, ""1532"": 2, ""13694"": 2, ""14635"": 2, ""20203"": 2, ""20338"": 2}",False,842,,,,,,,,False,"[{""anchor_vertex"": 842, ""edge_count"": 42, ""end_node_index"": 235, ""start_node_index"": 193}, {""anchor_vertex"": 849, ""edge_count"": 40, ""end_node_index"": 234, ""start_node_index"": 194}, {""anchor_vertex"": 1506, ""edge_count"": 38, ""end_node_index"": 233, ""start_node_index"": 195}, {""anchor_vertex"": 843, ""edge_count"": 36, ""end_node_index"": 232, ""start_node_index"": 196}, {""anchor_vertex"": 844, ""edge_count"": 34, ""end_node_index"": 231, ""start_node_index"": 197}, {""anchor_vertex"": 1505, ""edge_count"": 32, ""end_node_index"": 230, ""start_node_index"": 198}, {""anchor_vertex"": 1478, ""edge_count"": 22, ""end_node_index"": 226, ""start_node_index"": 204}, {""anchor_vertex"": 1488, ""edge_count"": 14, ""end_node_index"": 222, ""start_node_index"": 208}, {""anchor_vertex"": 20203, ""edge_count"": 12, ""end_node_index"": 221, ""start_node_index"": 209}, {""anchor_vertex"": 14635, ""edge_count"": 10, ""end_node_index"": 220, ""start_node_index"": 210}, {""anchor_vertex"": 1531, ""edge_count"": 8, ""end_node_index"": 219, ""start_node_index"": 211}, {""anchor_vertex"": 20338, ""edge_count"": 6, ""end_node_index"": 218, ""start_node_index"": 212}, {""anchor_vertex"": 13694, ""edge_count"": 4, ""end_node_index"": 217, ""start_node_index"": 213}, {""anchor_vertex"": 1532, ""edge_count"": 2, ""end_node_index"": 216, ""start_node_index"": 214}]",MULTIPLE_REPEATED_VERTICES
analyzed,paris_bures_02_multi_tight,development,tmp_scalar_via_recovered_non_elementary_walks.json,/candidates[163],"S,P",10023,6958e99f98a6c3a5a2b0b7d138120e7d7a674bd1cb710c8eab10f830c76592bc,372,371,42232.0,652.0000014230609,8732773.0,616375.0,206.78094809623033,14.594975374123887,122,True,"{""elevation_high"": 0.0, ""elevation_low"": 0.0, ""length_high"": 0.0, ""length_low"": 0.0, ""popularity_low"": 0.0, ""width_high"": 0.0}","{""directed_edges_ok"": true, ""metric_deltas"": [0.0, 0.0, 0.0, 0.0], ""missing_edges"": 0, ""passed"": true, ""road_changes_delta"": 0}",15,2,15,0,13,"{""842"": 2, ""843"": 2, ""844"": 2, ""849"": 2, ""1478"": 2, ""1488"": 2, ""1505"": 2, ""1506"": 2, ""1531"": 2, ""1532"": 2, ""10022"": 2, ""13694"": 2, ""14635"": 2, ""20203"": 2, ""20338"": 2}",False,842,,,,,,,,False,"[{""anchor_vertex"": 842, ""edge_count"": 44, ""end_node_index"": 237, ""start_node_index"": 193}, {""anchor_vertex"": 849, ""edge_count"": 42, ""end_node_index"": 236, ""start_node_index"": 194}, {""anchor_vertex"": 1506, ""edge_count"": 40, ""end_node_index"": 235, ""start_node_index"": 195}, {""anchor_vertex"": 843, ""edge_count"": 38, ""end_node_index"": 234, ""start_node_index"": 196}, {""anchor_vertex"": 844, ""edge_count"": 36, ""end_node_index"": 233, ""start_node_index"": 197}, {""anchor_vertex"": 1505, ""edge_count"": 34, ""end_node_index"": 232, ""start_node_index"": 198}, {""anchor_vertex"": 1478, ""edge_count"": 24, ""end_node_index"": 228, ""start_node_index"": 204}, {""anchor_vertex"": 1488, ""edge_count"": 16, ""end_node_index"": 224, ""start_node_index"": 208}, {""anchor_vertex"": 20203, ""edge_count"": 14, ""end_node_index"": 223, ""start_node_index"": 209}, {""anchor_vertex"": 14635, ""edge_count"": 12, ""end_node_index"": 222, ""start_node_index"": 210}, {""anchor_vertex"": 1531, ""edge_count"": 10, ""end_node_index"": 221, ""start_node_index"": 211}, {""anchor_vertex"": 20338, ""edge_count"": 8, ""end_node_index"": 220, ""start_node_index"": 212}, {""anchor_vertex"": 13694, ""edge_count"": 6, ""end_node_index"": 219, ""start_node_index"": 213}, {""anchor_vertex"": 1532, ""edge_count"": 4, ""end_node_index"": 218, ""start_node_index"": 214}, {""anchor_vertex"": 10022, ""edge_count"": 2, ""end_node_index"": 217, ""start_node_index"": 215}]",MULTIPLE_REPEATED_VERTICES
analyzed,paris_bures_02_multi_tight,development,tmp_scalar_via_recovered_non_elementary_walks.json,/candidates[164],"S,P",10024,ab73c94d2e057e725554b8335759a317b8800d19d192a6e1bafa432b867c608b,374,373,42408.0,653.5000014230609,8738405.0,618135.0,206.05557913601208,14.575905489530276,124,True,"{""elevation_high"": 0.0, ""elevation_low"": 0.0, ""length_high"": 0.0, ""length_low"": 0.0, ""popularity_low"": 0.0, ""width_high"": 0.0}","{""directed_edges_ok"": true, ""metric_deltas"": [0.0, 0.0, 0.0, 0.0], ""missing_edges"": 0, ""passed"": true, ""road_changes_delta"": 0}",16,2,16,0,14,"{""842"": 2, ""843"": 2, ""844"": 2, ""849"": 2, ""1478"": 2, ""1488"": 2, ""1505"": 2, ""1506"": 2, ""1531"": 2, ""1532"": 2, ""10022"": 2, ""10023"": 2, ""13694"": 2, ""14635"": 2, ""20203"": 2, ""20338"": 2}",False,842,,,,,,,,False,"[{""anchor_vertex"": 842, ""edge_count"": 46, ""end_node_index"": 239, ""start_node_index"": 193}, {""anchor_vertex"": 849, ""edge_count"": 44, ""end_node_index"": 238, ""start_node_index"": 194}, {""anchor_vertex"": 1506, ""edge_count"": 42, ""end_node_index"": 237, ""start_node_index"": 195}, {""anchor_vertex"": 843, ""edge_count"": 40, ""end_node_index"": 236, ""start_node_index"": 196}, {""anchor_vertex"": 844, ""edge_count"": 38, ""end_node_index"": 235, ""start_node_index"": 197}, {""anchor_vertex"": 1505, ""edge_count"": 36, ""end_node_index"": 234, ""start_node_index"": 198}, {""anchor_vertex"": 1478, ""edge_count"": 26, ""end_node_index"": 230, ""start_node_index"": 204}, {""anchor_vertex"": 1488, ""edge_count"": 18, ""end_node_index"": 226, ""start_node_index"": 208}, {""anchor_vertex"": 20203, ""edge_count"": 16, ""end_node_index"": 225, ""start_node_index"": 209}, {""anchor_vertex"": 14635, ""edge_count"": 14, ""end_node_index"": 224, ""start_node_index"": 210}, {""anchor_vertex"": 1531, ""edge_count"": 12, ""end_node_index"": 223, ""start_node_index"": 211}, {""anchor_vertex"": 20338, ""edge_count"": 10, ""end_node_index"": 222, ""start_node_index"": 212}, {""anchor_vertex"": 13694, ""edge_count"": 8, ""end_node_index"": 221, ""start_node_index"": 213}, {""anchor_vertex"": 1532, ""edge_count"": 6, ""end_node_index"": 220, ""start_node_index"": 214}, {""anchor_vertex"": 10022, ""edge_count"": 4, ""end_node_index"": 219, ""start_node_index"": 215}, {""anchor_vertex"": 10023, ""edge_count"": 2, ""end_node_index"": 218, ""start_node_index"": 216}]",MULTIPLE_REPEATED_VERTICES
analyzed,paris_bures_02_multi_tight,development,tmp_scalar_via_recovered_non_elementary_walks.json,/candidates[165],"S,P",10025,cb6760859cd3569074eb4f3b01aaa13b49fceb60a2237680d8b6961b50fdc13c,376,375,42496.0,653.8000014945865,8743157.0,618575.0,205.74070500753012,14.556075865963855,124,True,"{""elevation_high"": 0.0, ""elevation_low"": 0.0, ""length_high"": 0.0, ""length_low"": 0.0, ""popularity_low"": 0.0, ""width_high"": 0.0}","{""directed_edges_ok"": true, ""metric_deltas"": [0.0, 0.0, 0.0, 0.0], ""missing_edges"": 0, ""passed"": true, ""road_changes_delta"": 0}",17,2,17,0,15,"{""842"": 2, ""843"": 2, ""844"": 2, ""849"": 2, ""1478"": 2, ""1488"": 2, ""1505"": 2, ""1506"": 2, ""1531"": 2, ""1532"": 2, ""9959"": 2, ""10022"": 2, ""10023"": 2, ""13694"": 2, ""14635"": 2, ""20203"": 2, ""20338"": 2}",False,842,,,,,,,,False,"[{""anchor_vertex"": 842, ""edge_count"": 48, ""end_node_index"": 241, ""start_node_index"": 193}, {""anchor_vertex"": 849, ""edge_count"": 46, ""end_node_index"": 240, ""start_node_index"": 194}, {""anchor_vertex"": 1506, ""edge_count"": 44, ""end_node_index"": 239, ""start_node_index"": 195}, {""anchor_vertex"": 843, ""edge_count"": 42, ""end_node_index"": 238, ""start_node_index"": 196}, {""anchor_vertex"": 844, ""edge_count"": 40, ""end_node_index"": 237, ""start_node_index"": 197}, {""anchor_vertex"": 1505, ""edge_count"": 38, ""end_node_index"": 236, ""start_node_index"": 198}, {""anchor_vertex"": 1478, ""edge_count"": 28, ""end_node_index"": 232, ""start_node_index"": 204}, {""anchor_vertex"": 1488, ""edge_count"": 20, ""end_node_index"": 228, ""start_node_index"": 208}, {""anchor_vertex"": 20203, ""edge_count"": 18, ""end_node_index"": 227, ""start_node_index"": 209}, {""anchor_vertex"": 14635, ""edge_count"": 16, ""end_node_index"": 226, ""start_node_index"": 210}, {""anchor_vertex"": 1531, ""edge_count"": 14, ""end_node_index"": 225, ""start_node_index"": 211}, {""anchor_vertex"": 20338, ""edge_count"": 12, ""end_node_index"": 224, ""start_node_index"": 212}, {""anchor_vertex"": 13694, ""edge_count"": 10, ""end_node_index"": 223, ""start_node_index"": 213}, {""anchor_vertex"": 1532, ""edge_count"": 8, ""end_node_index"": 222, ""start_node_index"": 214}, {""anchor_vertex"": 10022, ""edge_count"": 6, ""end_node_index"": 221, ""start_node_index"": 215}, {""anchor_vertex"": 10023, ""edge_count"": 4, ""end_node_index"": 220, ""start_node_index"": 216}, {""anchor_vertex"": 9959, ""edge_count"": 2, ""end_node_index"": 219, ""start_node_index"": 217}]",MULTIPLE_REPEATED_VERTICES
analyzed,paris_bures_02_multi_tight,development,tmp_scalar_via_recovered_non_elementary_walks.json,/candidates[166],"S,P",12348,51bd9302e9c90bd32c075e97941a1eceb1ee003b4c9050f023409a01a2f05067,389,388,42140.0,696.9000032767653,8736856.0,600050.0,207.32928334124347,14.239439962031325,126,True,"{""elevation_high"": 0.0, ""elevation_low"": 0.0, ""length_high"": 0.0, ""length_low"": 0.0, ""popularity_low"": 0.0, ""width_high"": 0.0}","{""directed_edges_ok"": true, ""metric_deltas"": [0.0, 0.0, 0.0, 0.0], ""missing_edges"": 0, ""passed"": true, ""road_changes_delta"": 0}",17,2,17,0,14,"{""805"": 2, ""1571"": 2, ""4558"": 2, ""4559"": 2, ""4560"": 2, ""4561"": 2, ""4748"": 2, ""4755"": 2, ""6197"": 2, ""11958"": 2, ""12318"": 2, ""15760"": 2, ""15800"": 2, ""15801"": 2, ""16885"": 2, ""21182"": 2, ""21483"": 2}",False,805,,,,,,,,False,"[{""anchor_vertex"": 16885, ""edge_count"": 53, ""end_node_index"": 184, ""start_node_index"": 131}, {""anchor_vertex"": 805, ""edge_count"": 51, ""end_node_index"": 183, ""start_node_index"": 132}, {""anchor_vertex"": 4560, ""edge_count"": 49, ""end_node_index"": 182, ""start_node_index"": 133}, {""anchor_vertex"": 4561, ""edge_count"": 47, ""end_node_index"": 181, ""start_node_index"": 134}, {""anchor_vertex"": 4559, ""edge_count"": 45, ""end_node_index"": 180, ""start_node_index"": 135}, {""anchor_vertex"": 6197, ""edge_count"": 43, ""end_node_index"": 179, ""start_node_index"": 136}, {""anchor_vertex"": 21483, ""edge_count"": 41, ""end_node_index"": 178, ""start_node_index"": 137}, {""anchor_vertex"": 4558, ""edge_count"": 39, ""end_node_index"": 177, ""start_node_index"": 138}, {""anchor_vertex"": 4755, ""edge_count"": 31, ""end_node_index"": 174, ""start_node_index"": 143}, {""anchor_vertex"": 4748, ""edge_count"": 29, ""end_node_index"": 173, ""start_node_index"": 144}, {""anchor_vertex"": 15760, ""edge_count"": 16, ""end_node_index"": 164, ""start_node_index"": 148}, {""anchor_vertex"": 15800, ""edge_count"": 14, ""end_node_index"": 163, ""start_node_index"": 149}, {""anchor_vertex"": 15801, ""edge_count"": 12, ""end_node_index"": 162, ""start_node_index"": 150}, {""anchor_vertex"": 12318, ""edge_count"": 10, ""end_node_index"": 161, ""start_node_index"": 151}, {""anchor_vertex"": 11958, ""edge_count"": 8, ""end_node_index"": 160, ""start_node_index"": 152}, {""anchor_vertex"": 1571, ""edge_count"": 6, ""end_node_index"": 159, ""start_node_index"": 153}, {""anchor_vertex"": 21182, ""edge_count"": 2, ""end_node_index"": 156, ""start_node_index"": 154}]",MULTIPLE_REPEATED_VERTICES
analyzed,paris_bures_02_multi_tight,development,tmp_scalar_via_recovered_non_elementary_walks.json,/candidates[167],"S,P",13694,72230fad7fda00b089d311d026061ac74889234957f11da5331e79a878da82b5,366,365,41594.0,648.1000013872981,8664357.0,611665.0,208.30785690243786,14.705606577871809,118,True,"{""elevation_high"": 0.0, ""elevation_low"": 0.0, ""length_high"": 0.0, ""length_low"": 0.0, ""popularity_low"": 0.0, ""width_high"": 0.0}","{""directed_edges_ok"": true, ""metric_deltas"": [0.0, 0.0, 0.0, 0.0], ""missing_edges"": 0, ""passed"": true, ""road_changes_delta"": 0}",12,2,12,0,10,"{""842"": 2, ""843"": 2, ""844"": 2, ""849"": 2, ""1478"": 2, ""1488"": 2, ""1505"": 2, ""1506"": 2, ""1531"": 2, ""14635"": 2, ""20203"": 2, ""20338"": 2}",False,842,,,,,,,,False,"[{""anchor_vertex"": 842, ""edge_count"": 38, ""end_node_index"": 231, ""start_node_index"": 193}, {""anchor_vertex"": 849, ""edge_count"": 36, ""end_node_index"": 230, ""start_node_index"": 194}, {""anchor_vertex"": 1506, ""edge_count"": 34, ""end_node_index"": 229, ""start_node_index"": 195}, {""anchor_vertex"": 843, ""edge_count"": 32, ""end_node_index"": 228, ""start_node_index"": 196}, {""anchor_vertex"": 844, ""edge_count"": 30, ""end_node_index"": 227, ""start_node_index"": 197}, {""anchor_vertex"": 1505, ""edge_count"": 28, ""end_node_index"": 226, ""start_node_index"": 198}, {""anchor_vertex"": 1478, ""edge_count"": 18, ""end_node_index"": 222, ""start_node_index"": 204}, {""anchor_vertex"": 1488, ""edge_count"": 10, ""end_node_index"": 218, ""start_node_index"": 208}, {""anchor_vertex"": 20203, ""edge_count"": 8, ""end_node_index"": 217, ""start_node_index"": 209}, {""anchor_vertex"": 14635, ""edge_count"": 6, ""end_node_index"": 216, ""start_node_index"": 210}, {""anchor_vertex"": 1531, ""edge_count"": 4, ""end_node_index"": 215, ""start_node_index"": 211}, {""anchor_vertex"": 20338, ""edge_count"": 2, ""end_node_index"": 214, ""start_node_index"": 212}]",MULTIPLE_REPEATED_VERTICES
analyzed,paris_bures_02_multi_tight,development,tmp_scalar_via_recovered_non_elementary_walks.json,/candidates[168],"S,P",17001,7fc1c39d1c96dafb524a2807a00a53946c4259aa81e6c7e499f21f90ca33d426,387,386,41794.0,685.7000034675002,8661428.0,598320.0,207.24094367612577,14.315930516342059,126,True,"{""elevation_high"": 0.0, ""elevation_low"": 0.0, ""length_high"": 0.0, ""length_low"": 0.0, ""popularity_low"": 0.0, ""width_high"": 0.0}","{""directed_edges_ok"": true, ""metric_deltas"": [0.0, 0.0, 0.0, 0.0], ""missing_edges"": 0, ""passed"": true, ""road_changes_delta"": 0}",16,2,16,0,13,"{""805"": 2, ""1571"": 2, ""4558"": 2, ""4559"": 2, ""4560"": 2, ""4561"": 2, ""4748"": 2, ""4755"": 2, ""6197"": 2, ""11958"": 2, ""12318"": 2, ""15760"": 2, ""15800"": 2, ""15801"": 2, ""16885"": 2, ""21483"": 2}",False,805,,,,,,,,False,"[{""anchor_vertex"": 16885, ""edge_count"": 51, ""end_node_index"": 182, ""start_node_index"": 131}, {""anchor_vertex"": 805, ""edge_count"": 49, ""end_node_index"": 181, ""start_node_index"": 132}, {""anchor_vertex"": 4560, ""edge_count"": 47, ""end_node_index"": 180, ""start_node_index"": 133}, {""anchor_vertex"": 4561, ""edge_count"": 45, ""end_node_index"": 179, ""start_node_index"": 134}, {""anchor_vertex"": 4559, ""edge_count"": 43, ""end_node_index"": 178, ""start_node_index"": 135}, {""anchor_vertex"": 6197, ""edge_count"": 41, ""end_node_index"": 177, ""start_node_index"": 136}, {""anchor_vertex"": 21483, ""edge_count"": 39, ""end_node_index"": 176, ""start_node_index"": 137}, {""anchor_vertex"": 4558, ""edge_count"": 37, ""end_node_index"": 175, ""start_node_index"": 138}, {""anchor_vertex"": 4755, ""edge_count"": 29, ""end_node_index"": 172, ""start_node_index"": 143}, {""anchor_vertex"": 4748, ""edge_count"": 27, ""end_node_index"": 171, ""start_node_index"": 144}, {""anchor_vertex"": 15760, ""edge_count"": 14, ""end_node_index"": 162, ""start_node_index"": 148}, {""anchor_vertex"": 15800, ""edge_count"": 12, ""end_node_index"": 161, ""start_node_index"": 149}, {""anchor_vertex"": 15801, ""edge_count"": 10, ""end_node_index"": 160, ""start_node_index"": 150}, {""anchor_vertex"": 12318, ""edge_count"": 8, ""end_node_index"": 159, ""start_node_index"": 151}, {""anchor_vertex"": 11958, ""edge_count"": 6, ""end_node_index"": 158, ""start_node_index"": 152}, {""anchor_vertex"": 1571, ""edge_count"": 4, ""end_node_index"": 157, ""start_node_index"": 153}]",MULTIPLE_REPEATED_VERTICES
analyzed,paris_bures_02_multi_tight,development,tmp_scalar_via_recovered_non_elementary_walks.json,/candidates[169],"S,P",17089,fcbd49c32a1fec107234dc345759b5612a6a8c82098d1bad433274b0b1e01df1,389,388,43762.0,722.0000027045608,9102260.0,608160.0,207.99460719345552,13.896988254650154,126,True,"{""elevation_high"": 0.0, ""elevation_low"": 0.0, ""length_high"": 0.0, ""length_low"": 0.0, ""popularity_low"": 0.0, ""width_high"": 0.0}","{""directed_edges_ok"": true, ""metric_deltas"": [0.0, 0.0, 0.0, 0.0], ""missing_edges"": 0, ""passed"": true, ""road_changes_delta"": 0}",17,2,17,0,14,"{""805"": 2, ""1571"": 2, ""4558"": 2, ""4559"": 2, ""4560"": 2, ""4561"": 2, ""4748"": 2, ""4755"": 2, ""6197"": 2, ""11958"": 2, ""12318"": 2, ""15760"": 2, ""15800"": 2, ""15801"": 2, ""16885"": 2, ""17001"": 2, ""21483"": 2}",False,805,,,,,,,,False,"[{""anchor_vertex"": 16885, ""edge_count"": 53, ""end_node_index"": 184, ""start_node_index"": 131}, {""anchor_vertex"": 805, ""edge_count"": 51, ""end_node_index"": 183, ""start_node_index"": 132}, {""anchor_vertex"": 4560, ""edge_count"": 49, ""end_node_index"": 182, ""start_node_index"": 133}, {""anchor_vertex"": 4561, ""edge_count"": 47, ""end_node_index"": 181, ""start_node_index"": 134}, {""anchor_vertex"": 4559, ""edge_count"": 45, ""end_node_index"": 180, ""start_node_index"": 135}, {""anchor_vertex"": 6197, ""edge_count"": 43, ""end_node_index"": 179, ""start_node_index"": 136}, {""anchor_vertex"": 21483, ""edge_count"": 41, ""end_node_index"": 178, ""start_node_index"": 137}, {""anchor_vertex"": 4558, ""edge_count"": 39, ""end_node_index"": 177, ""start_node_index"": 138}, {""anchor_vertex"": 4755, ""edge_count"": 31, ""end_node_index"": 174, ""start_node_index"": 143}, {""anchor_vertex"": 4748, ""edge_count"": 29, ""end_node_index"": 173, ""start_node_index"": 144}, {""anchor_vertex"": 15760, ""edge_count"": 16, ""end_node_index"": 164, ""start_node_index"": 148}, {""anchor_vertex"": 15800, ""edge_count"": 14, ""end_node_index"": 163, ""start_node_index"": 149}, {""anchor_vertex"": 15801, ""edge_count"": 12, ""end_node_index"": 162, ""start_node_index"": 150}, {""anchor_vertex"": 12318, ""edge_count"": 10, ""end_node_index"": 161, ""start_node_index"": 151}, {""anchor_vertex"": 11958, ""edge_count"": 8, ""end_node_index"": 160, ""start_node_index"": 152}, {""anchor_vertex"": 1571, ""edge_count"": 6, ""end_node_index"": 159, ""start_node_index"": 153}, {""anchor_vertex"": 17001, ""edge_count"": 2, ""end_node_index"": 157, ""start_node_index"": 155}]",MULTIPLE_REPEATED_VERTICES
analyzed,paris_bures_02_multi_tight,development,tmp_scalar_via_recovered_non_elementary_walks.json,/candidates[170],"S,P",20338,613f4177c91e96b8b0c68762785894ec908990fbf01719a7e5d348a114d0cb24,364,363,41578.0,647.7000013813376,8660725.0,611425.0,208.3006638125932,14.705493289720525,118,True,"{""elevation_high"": 0.0, ""elevation_low"": 0.0, ""length_high"": 0.0, ""length_low"": 0.0, ""popularity_low"": 0.0, ""width_high"": 0.0}","{""directed_edges_ok"": true, ""metric_deltas"": [0.0, 0.0, 0.0, 0.0], ""missing_edges"": 0, ""passed"": true, ""road_changes_delta"": 0}",11,2,11,0,9,"{""842"": 2, ""843"": 2, ""844"": 2, ""849"": 2, ""1478"": 2, ""1488"": 2, ""1505"": 2, ""1506"": 2, ""1531"": 2, ""14635"": 2, ""20203"": 2}",False,842,,,,,,,,False,"[{""anchor_vertex"": 842, ""edge_count"": 36, ""end_node_index"": 229, ""start_node_index"": 193}, {""anchor_vertex"": 849, ""edge_count"": 34, ""end_node_index"": 228, ""start_node_index"": 194}, {""anchor_vertex"": 1506, ""edge_count"": 32, ""end_node_index"": 227, ""start_node_index"": 195}, {""anchor_vertex"": 843, ""edge_count"": 30, ""end_node_index"": 226, ""start_node_index"": 196}, {""anchor_vertex"": 844, ""edge_count"": 28, ""end_node_index"": 225, ""start_node_index"": 197}, {""anchor_vertex"": 1505, ""edge_count"": 26, ""end_node_index"": 224, ""start_node_index"": 198}, {""anchor_vertex"": 1478, ""edge_count"": 16, ""end_node_index"": 220, ""start_node_index"": 204}, {""anchor_vertex"": 1488, ""edge_count"": 8, ""end_node_index"": 216, ""start_node_index"": 208}, {""anchor_vertex"": 20203, ""edge_count"": 6, ""end_node_index"": 215, ""start_node_index"": 209}, {""anchor_vertex"": 14635, ""edge_count"": 4, ""end_node_index"": 214, ""start_node_index"": 210}, {""anchor_vertex"": 1531, ""edge_count"": 2, ""end_node_index"": 213, ""start_node_index"": 211}]",MULTIPLE_REPEATED_VERTICES
analyzed,paris_bures_02_multi_tight,development,tmp_scalar_via_recovered_non_elementary_walks.json,/candidates[171],"S,S",1475,55ec06704d35f3234087082e748b29531eea90d2e89b59ba391dd61aa195992b,357,356,42661.0,662.4000014662743,8464518.0,634850.0,198.41349241696162,14.881273294109373,129,True,"{""elevation_high"": 0.0, ""elevation_low"": 0.0, ""length_high"": 0.0, ""length_low"": 0.0, ""popularity_low"": 0.0, ""width_high"": 0.0}","{""directed_edges_ok"": true, ""metric_deltas"": [0.0, 0.0, 0.0, 0.0], ""missing_edges"": 0, ""passed"": true, ""road_changes_delta"": 0}",11,2,11,0,8,"{""842"": 2, ""843"": 2, ""844"": 2, ""849"": 2, ""1478"": 2, ""1488"": 2, ""1505"": 2, ""1506"": 2, ""1531"": 2, ""14635"": 2, ""20203"": 2}",False,842,,,,,,,,False,"[{""anchor_vertex"": 842, ""edge_count"": 54, ""end_node_index"": 247, ""start_node_index"": 193}, {""anchor_vertex"": 849, ""edge_count"": 52, ""end_node_index"": 246, ""start_node_index"": 194}, {""anchor_vertex"": 1506, ""edge_count"": 50, ""end_node_index"": 245, ""start_node_index"": 195}, {""anchor_vertex"": 843, ""edge_count"": 48, ""end_node_index"": 244, ""start_node_index"": 196}, {""anchor_vertex"": 844, ""edge_count"": 46, ""end_node_index"": 243, ""start_node_index"": 197}, {""anchor_vertex"": 1505, ""edge_count"": 44, ""end_node_index"": 242, ""start_node_index"": 198}, {""anchor_vertex"": 1478, ""edge_count"": 34, ""end_node_index"": 238, ""start_node_index"": 204}, {""anchor_vertex"": 1488, ""edge_count"": 26, ""end_node_index"": 234, ""start_node_index"": 208}, {""anchor_vertex"": 20203, ""edge_count"": 24, ""end_node_index"": 233, ""start_node_index"": 209}, {""anchor_vertex"": 14635, ""edge_count"": 22, ""end_node_index"": 232, ""start_node_index"": 210}, {""anchor_vertex"": 1531, ""edge_count"": 20, ""end_node_index"": 231, ""start_node_index"": 211}]",MULTIPLE_REPEATED_VERTICES
analyzed,paris_bures_02_multi_tight,development,tmp_scalar_via_recovered_non_elementary_walks.json,/candidates[172],"S,S",1476,2af84984275cd719f7bab57ab54a3e92e432a2896c590a9fd5f740c7937f94d4,362,361,42801.0,662.1000009551644,8485583.0,638350.0,198.25665288194202,14.914371159552347,130,True,"{""elevation_high"": 0.0, ""elevation_low"": 0.0, ""length_high"": 0.0, ""length_low"": 0.0, ""popularity_low"": 0.0, ""width_high"": 0.0}","{""directed_edges_ok"": true, ""metric_deltas"": [0.0, 0.0, 0.0, 0.0], ""missing_edges"": 0, ""passed"": true, ""road_changes_delta"": 0}",11,2,11,0,8,"{""842"": 2, ""843"": 2, ""844"": 2, ""849"": 2, ""1478"": 2, ""1488"": 2, ""1505"": 2, ""1506"": 2, ""1531"": 2, ""14635"": 2, ""20203"": 2}",False,842,,,,,,,,False,"[{""anchor_vertex"": 842, ""edge_count"": 59, ""end_node_index"": 252, ""start_node_index"": 193}, {""anchor_vertex"": 849, ""edge_count"": 57, ""end_node_index"": 251, ""start_node_index"": 194}, {""anchor_vertex"": 1506, ""edge_count"": 55, ""end_node_index"": 250, ""start_node_index"": 195}, {""anchor_vertex"": 843, ""edge_count"": 53, ""end_node_index"": 249, ""start_node_index"": 196}, {""anchor_vertex"": 844, ""edge_count"": 51, ""end_node_index"": 248, ""start_node_index"": 197}, {""anchor_vertex"": 1505, ""edge_count"": 49, ""end_node_index"": 247, ""start_node_index"": 198}, {""anchor_vertex"": 1478, ""edge_count"": 39, ""end_node_index"": 243, ""start_node_index"": 204}, {""anchor_vertex"": 1488, ""edge_count"": 31, ""end_node_index"": 239, ""start_node_index"": 208}, {""anchor_vertex"": 20203, ""edge_count"": 29, ""end_node_index"": 238, ""start_node_index"": 209}, {""anchor_vertex"": 14635, ""edge_count"": 27, ""end_node_index"": 237, ""start_node_index"": 210}, {""anchor_vertex"": 1531, ""edge_count"": 25, ""end_node_index"": 236, ""start_node_index"": 211}]",MULTIPLE_REPEATED_VERTICES
analyzed,paris_bures_02_multi_tight,development,tmp_scalar_via_recovered_non_elementary_walks.json,/candidates[173],"S,S",13695,995f0f64c93dfb566fa1982f74fecb7904aeeac58d93ca3936e18258a795d808,363,362,42834.0,663.700001001358,8491535.0,638220.0,198.24286781528693,14.89984591679507,133,True,"{""elevation_high"": 0.0, ""elevation_low"": 0.0, ""length_high"": 0.0, ""length_low"": 0.0, ""popularity_low"": 0.0, ""width_high"": 0.0}","{""directed_edges_ok"": true, ""metric_deltas"": [0.0, 0.0, 0.0, 0.0], ""missing_edges"": 0, ""passed"": true, ""road_changes_delta"": 0}",11,2,11,0,8,"{""842"": 2, ""843"": 2, ""844"": 2, ""849"": 2, ""1478"": 2, ""1488"": 2, ""1505"": 2, ""1506"": 2, ""1531"": 2, ""14635"": 2, ""20203"": 2}",False,842,,,,,,,,False,"[{""anchor_vertex"": 842, ""edge_count"": 60, ""end_node_index"": 253, ""start_node_index"": 193}, {""anchor_vertex"": 849, ""edge_count"": 58, ""end_node_index"": 252, ""start_node_index"": 194}, {""anchor_vertex"": 1506, ""edge_count"": 56, ""end_node_index"": 251, ""start_node_index"": 195}, {""anchor_vertex"": 843, ""edge_count"": 54, ""end_node_index"": 250, ""start_node_index"": 196}, {""anchor_vertex"": 844, ""edge_count"": 52, ""end_node_index"": 249, ""start_node_index"": 197}, {""anchor_vertex"": 1505, ""edge_count"": 50, ""end_node_index"": 248, ""start_node_index"": 198}, {""anchor_vertex"": 1478, ""edge_count"": 40, ""end_node_index"": 244, ""start_node_index"": 204}, {""anchor_vertex"": 1488, ""edge_count"": 32, ""end_node_index"": 240, ""start_node_index"": 208}, {""anchor_vertex"": 20203, ""edge_count"": 30, ""end_node_index"": 239, ""start_node_index"": 209}, {""anchor_vertex"": 14635, ""edge_count"": 28, ""end_node_index"": 238, ""start_node_index"": 210}, {""anchor_vertex"": 1531, ""edge_count"": 26, ""end_node_index"": 237, ""start_node_index"": 211}]",MULTIPLE_REPEATED_VERTICES
