part,benchmark,query_id,pair_type,via_vertex,before_repeated_vertex_count,before_L,before_H,before_avg_pop,before_avg_width,after_removed_loops,after_removed_edges,after_removed_length,after_removed_elevation,after_elementary,after_L,after_H,after_avg_pop,after_avg_width,after_road_changes,after_violations,after_normalized_violation_score,after_validation_passed,after_repeated_vertex_count,after_feasible,scalar_name,family,profile_feasible_count,exact_elementary_feasible_count,non_elementary_count,forward_tree_time_s,backward_tree_time_s,profile_scan_s,reconstruction_s,solved,best_exact_route,nearest_profile,lambda
A_loop_erasure,holdout,holdout_anchor_south_north_09_multi_tight,"S,P",17618,14,51278.0,508.09999660402536,202.47059167674246,13.212781309723468,11,43,6787.0,18.100000143051147,True,44491.0,489.9999964609742,197.70735654402014,13.410914566991076,136,"{""elevation_high"": 0.0, ""elevation_low"": 0.0, ""length_high"": 0.0, ""length_low"": 5069.470000000001, ""popularity_low"": 0.0, ""width_high"": 0.1965623725909822}",1.2819282823955909,True,0,False,,,,,,,,,,,,,
A_loop_erasure,holdout,holdout_anchor_south_north_09_multi_tight,"S,P",19065,14,51304.0,505.7999965623021,201.96735147356932,13.208619210977702,11,43,6813.0,15.800000101327896,True,44491.0,489.9999964609742,197.70735654402014,13.410914566991076,136,"{""elevation_high"": 0.0, ""elevation_low"": 0.0, ""length_high"": 0.0, ""length_low"": 5069.470000000001, ""popularity_low"": 0.0, ""width_high"": 0.1965623725909822}",1.2819282823955909,True,0,False,,,,,,,,,,,,,
A_loop_erasure,holdout,holdout_anchor_south_north_28_quality_conflict,"P,S",5646,22,48355.0,578.2000020071864,216.3745424464895,13.311446592906629,22,82,11150.0,197.60000280290842,True,37205.0,380.599999204278,212.01037494960354,14.63902701249832,125,"{""elevation_high"": 0.0, ""elevation_low"": 20.36000141799451, ""length_high"": 0.0, ""length_low"": 10868.559999999998, ""popularity_low"": 0.0, ""width_high"": 1.3082214719891496}",1.106611223563047,True,0,False,,,,,,,,,,,,,
A_loop_erasure,holdout,holdout_anchor_south_north_28_quality_conflict,"P,S",5647,23,49373.0,593.9000018164515,217.10908796305674,13.140076560063193,23,84,12168.0,213.30000261217356,True,37205.0,380.599999204278,212.01037494960354,14.63902701249832,125,"{""elevation_high"": 0.0, ""elevation_low"": 20.36000141799451, ""length_high"": 0.0, ""length_low"": 10868.559999999998, ""popularity_low"": 0.0, ""width_high"": 1.3082214719891496}",1.106611223563047,True,0,False,,,,,,,,,,,,,
A_loop_erasure,holdout,holdout_anchor_south_north_28_quality_conflict,"P,S",12317,23,48645.0,590.0000021979213,216.47961763798952,13.261897420084285,23,84,11440.0,209.40000299364328,True,37205.0,380.599999204278,212.01037494960354,14.63902701249832,125,"{""elevation_high"": 0.0, ""elevation_low"": 20.36000141799451, ""length_high"": 0.0, ""length_low"": 10868.559999999998, ""popularity_low"": 0.0, ""width_high"": 1.3082214719891496}",1.106611223563047,True,0,False,,,,,,,,,,,,,
A_loop_erasure,holdout,holdout_anchor_south_north_28_quality_conflict,"S,P",1875,9,50666.0,503.6999965310097,203.84113606757984,13.311984368215372,6,33,6175.0,13.700000070035458,True,44491.0,489.9999964609742,197.70735654402014,13.410914566991076,136,"{""elevation_high"": 0.0, ""elevation_low"": 0.0, ""length_high"": 0.0, ""length_low"": 3582.5599999999977, ""popularity_low"": 2.4921133933009116, ""width_high"": 0.08010902648190665}",0.3647678353975161,True,0,False,,,,,,,,,,,,,
A_loop_erasure,holdout,holdout_anchor_south_north_28_quality_conflict,"S,P",1878,9,50666.0,503.6999965310097,203.84113606757984,13.311984368215372,6,33,6175.0,13.700000070035458,True,44491.0,489.9999964609742,197.70735654402014,13.410914566991076,136,"{""elevation_high"": 0.0, ""elevation_low"": 0.0, ""length_high"": 0.0, ""length_low"": 3582.5599999999977, ""popularity_low"": 2.4921133933009116, ""width_high"": 0.08010902648190665}",0.3647678353975161,True,0,False,,,,,,,,,,,,,
A_loop_erasure,holdout,holdout_anchor_south_north_28_quality_conflict,"S,P",1879,9,50666.0,503.6999965310097,203.84113606757984,13.311984368215372,6,33,6175.0,13.700000070035458,True,44491.0,489.9999964609742,197.70735654402014,13.410914566991076,136,"{""elevation_high"": 0.0, ""elevation_low"": 0.0, ""length_high"": 0.0, ""length_low"": 3582.5599999999977, ""popularity_low"": 2.4921133933009116, ""width_high"": 0.08010902648190665}",0.3647678353975161,True,0,False,,,,,,,,,,,,,
A_loop_erasure,holdout,holdout_anchor_south_north_28_quality_conflict,"S,P",1880,9,50666.0,503.6999965310097,203.84113606757984,13.311984368215372,6,33,6175.0,13.700000070035458,True,44491.0,489.9999964609742,197.70735654402014,13.410914566991076,136,"{""elevation_high"": 0.0, ""elevation_low"": 0.0, ""length_high"": 0.0, ""length_low"": 3582.5599999999977, ""popularity_low"": 2.4921133933009116, ""width_high"": 0.08010902648190665}",0.3647678353975161,True,0,False,,,,,,,,,,,,,
A_loop_erasure,holdout,holdout_anchor_south_north_28_quality_conflict,"S,P",1881,9,50666.0,503.6999965310097,203.84113606757984,13.311984368215372,6,33,6175.0,13.700000070035458,True,44491.0,489.9999964609742,197.70735654402014,13.410914566991076,136,"{""elevation_high"": 0.0, ""elevation_low"": 0.0, ""length_high"": 0.0, ""length_low"": 3582.5599999999977, ""popularity_low"": 2.4921133933009116, ""width_high"": 0.08010902648190665}",0.3647678353975161,True,0,False,,,,,,,,,,,,,
A_loop_erasure,holdout,holdout_anchor_south_north_28_quality_conflict,"S,P",1882,9,50666.0,503.6999965310097,203.84113606757984,13.311984368215372,6,33,6175.0,13.700000070035458,True,44491.0,489.9999964609742,197.70735654402014,13.410914566991076,136,"{""elevation_high"": 0.0, ""elevation_low"": 0.0, ""length_high"": 0.0, ""length_low"": 3582.5599999999977, ""popularity_low"": 2.4921133933009116, ""width_high"": 0.08010902648190665}",0.3647678353975161,True,0,False,,,,,,,,,,,,,
A_loop_erasure,holdout,holdout_anchor_south_north_28_quality_conflict,"S,P",1883,9,50666.0,503.6999965310097,203.84113606757984,13.311984368215372,6,33,6175.0,13.700000070035458,True,44491.0,489.9999964609742,197.70735654402014,13.410914566991076,136,"{""elevation_high"": 0.0, ""elevation_low"": 0.0, ""length_high"": 0.0, ""length_low"": 3582.5599999999977, ""popularity_low"": 2.4921133933009116, ""width_high"": 0.08010902648190665}",0.3647678353975161,True,0,False,,,,,,,,,,,,,
A_loop_erasure,holdout,holdout_anchor_south_north_28_quality_conflict,"S,P",1884,9,50666.0,503.6999965310097,203.84113606757984,13.311984368215372,6,33,6175.0,13.700000070035458,True,44491.0,489.9999964609742,197.70735654402014,13.410914566991076,136,"{""elevation_high"": 0.0, ""elevation_low"": 0.0, ""length_high"": 0.0, ""length_low"": 3582.5599999999977, ""popularity_low"": 2.4921133933009116, ""width_high"": 0.08010902648190665}",0.3647678353975161,True,0,False,,,,,,,,,,,,,
A_loop_erasure,holdout,holdout_anchor_south_north_28_quality_conflict,"S,P",5342,9,50666.0,503.6999965310097,203.84113606757984,13.311984368215372,6,33,6175.0,13.700000070035458,True,44491.0,489.9999964609742,197.70735654402014,13.410914566991076,136,"{""elevation_high"": 0.0, ""elevation_low"": 0.0, ""length_high"": 0.0, ""length_low"": 3582.5599999999977, ""popularity_low"": 2.4921133933009116, ""width_high"": 0.08010902648190665}",0.3647678353975161,True,0,False,,,,,,,,,,,,,
A_loop_erasure,holdout,holdout_anchor_south_north_28_quality_conflict,"S,P",5504,11,50879.0,505.49999649077654,203.92232551740403,13.31629945557106,8,41,6388.0,15.500000029802322,True,44491.0,489.9999964609742,197.70735654402014,13.410914566991076,136,"{""elevation_high"": 0.0, ""elevation_low"": 0.0, ""length_high"": 0.0, ""length_low"": 3582.5599999999977, ""popularity_low"": 2.4921133933009116, ""width_high"": 0.08010902648190665}",0.3647678353975161,True,0,False,,,,,,,,,,,,,
A_loop_erasure,holdout,holdout_anchor_south_north_28_quality_conflict,"S,P",5505,11,50879.0,505.49999649077654,203.92232551740403,13.31629945557106,8,41,6388.0,15.500000029802322,True,44491.0,489.9999964609742,197.70735654402014,13.410914566991076,136,"{""elevation_high"": 0.0, ""elevation_low"": 0.0, ""length_high"": 0.0, ""length_low"": 3582.5599999999977, ""popularity_low"": 2.4921133933009116, ""width_high"": 0.08010902648190665}",0.3647678353975161,True,0,False,,,,,,,,,,,,,
A_loop_erasure,holdout,holdout_anchor_south_north_28_quality_conflict,"S,P",5516,11,50879.0,505.49999649077654,203.92232551740403,13.31629945557106,8,41,6388.0,15.500000029802322,True,44491.0,489.9999964609742,197.70735654402014,13.410914566991076,136,"{""elevation_high"": 0.0, ""elevation_low"": 0.0, ""length_high"": 0.0, ""length_low"": 3582.5599999999977, ""popularity_low"": 2.4921133933009116, ""width_high"": 0.08010902648190665}",0.3647678353975161,True,0,False,,,,,,,,,,,,,
A_loop_erasure,holdout,holdout_anchor_south_north_28_quality_conflict,"S,P",5569,18,52004.0,509.19999647140503,201.53290131528345,13.292727482501347,15,60,7513.0,19.200000010430813,True,44491.0,489.9999964609742,197.70735654402014,13.410914566991076,136,"{""elevation_high"": 0.0, ""elevation_low"": 0.0, ""length_high"": 0.0, ""length_low"": 3582.5599999999977, ""popularity_low"": 2.4921133933009116, ""width_high"": 0.08010902648190665}",0.3647678353975161,True,0,False,,,,,,,,,,,,,
A_loop_erasure,holdout,holdout_anchor_south_north_28_quality_conflict,"S,P",5571,9,50666.0,503.6999965310097,203.84113606757984,13.311984368215372,6,33,6175.0,13.700000070035458,True,44491.0,489.9999964609742,197.70735654402014,13.410914566991076,136,"{""elevation_high"": 0.0, ""elevation_low"": 0.0, ""length_high"": 0.0, ""length_low"": 3582.5599999999977, ""popularity_low"": 2.4921133933009116, ""width_high"": 0.08010902648190665}",0.3647678353975161,True,0,False,,,,,,,,,,,,,
A_loop_erasure,holdout,holdout_anchor_south_north_28_quality_conflict,"S,P",5572,10,50676.0,503.6999965310097,203.85123135211936,13.310344147130792,7,35,6185.0,13.700000070035458,True,44491.0,489.9999964609742,197.70735654402014,13.410914566991076,136,"{""elevation_high"": 0.0, ""elevation_low"": 0.0, ""length_high"": 0.0, ""length_low"": 3582.5599999999977, ""popularity_low"": 2.4921133933009116, ""width_high"": 0.08010902648190665}",0.3647678353975161,True,0,False,,,,,,,,,,,,,
A_loop_erasure,holdout,holdout_anchor_south_north_28_quality_conflict,"S,P",7442,9,50968.0,505.3999965786934,203.62066394600532,13.31953382514519,6,36,6477.0,15.400000117719173,True,44491.0,489.9999964609742,197.70735654402014,13.410914566991076,136,"{""elevation_high"": 0.0, ""elevation_low"": 0.0, ""length_high"": 0.0, ""length_low"": 3582.5599999999977, ""popularity_low"": 2.4921133933009116, ""width_high"": 0.08010902648190665}",0.3647678353975161,True,0,False,,,,,,,,,,,,,
A_loop_erasure,holdout,holdout_anchor_south_north_28_quality_conflict,"S,P",7443,9,50968.0,505.3999965786934,203.62066394600532,13.31953382514519,6,36,6477.0,15.400000117719173,True,44491.0,489.9999964609742,197.70735654402014,13.410914566991076,136,"{""elevation_high"": 0.0, ""elevation_low"": 0.0, ""length_high"": 0.0, ""length_low"": 3582.5599999999977, ""popularity_low"": 2.4921133933009116, ""width_high"": 0.08010902648190665}",0.3647678353975161,True,0,False,,,,,,,,,,,,,
A_loop_erasure,holdout,holdout_anchor_south_north_28_quality_conflict,"S,P",9720,9,50968.0,505.3999965786934,203.62066394600532,13.31953382514519,6,36,6477.0,15.400000117719173,True,44491.0,489.9999964609742,197.70735654402014,13.410914566991076,136,"{""elevation_high"": 0.0, ""elevation_low"": 0.0, ""length_high"": 0.0, ""length_low"": 3582.5599999999977, ""popularity_low"": 2.4921133933009116, ""width_high"": 0.08010902648190665}",0.3647678353975161,True,0,False,,,,,,,,,,,,,
A_loop_erasure,holdout,holdout_anchor_south_north_28_quality_conflict,"S,P",12162,7,48606.0,498.09999649971724,201.69398839649426,13.122145414146402,4,18,4115.0,8.100000038743019,True,44491.0,489.9999964609742,197.70735654402014,13.410914566991076,136,"{""elevation_high"": 0.0, ""elevation_low"": 0.0, ""length_high"": 0.0, ""length_low"": 3582.5599999999977, ""popularity_low"": 2.4921133933009116, ""width_high"": 0.08010902648190665}",0.3647678353975161,True,0,False,,,,,,,,,,,,,
A_loop_erasure,holdout,holdout_anchor_south_north_28_quality_conflict,"S,P",12816,6,48756.0,598.3999965190887,201.0200385593568,13.302157683156945,5,15,3628.0,74.50000065565109,True,45128.0,523.8999958634377,196.69152189328133,13.165662116645985,138,"{""elevation_high"": 0.0, ""elevation_low"": 0.0, ""length_high"": 0.0, ""length_low"": 2945.5599999999977, ""popularity_low"": 3.507948044039722, ""width_high"": 0.0}",0.29990999319858075,True,0,False,,,,,,,,,,,,,
A_loop_erasure,holdout,holdout_anchor_south_north_28_quality_conflict,"S,P",12817,7,49198.0,598.7999965250492,200.91204927029554,13.227570226431968,6,17,4070.0,74.90000066161156,True,45128.0,523.8999958634377,196.69152189328133,13.165662116645985,138,"{""elevation_high"": 0.0, ""elevation_low"": 0.0, ""length_high"": 0.0, ""length_low"": 2945.5599999999977, ""popularity_low"": 3.507948044039722, ""width_high"": 0.0}",0.29990999319858075,True,0,False,,,,,,,,,,,,,
A_loop_erasure,holdout,holdout_anchor_south_north_28_quality_conflict,"S,P",13461,19,52152.0,511.09999644756317,201.0262501917472,13.28338318760546,16,62,7661.0,21.099999986588955,True,44491.0,489.9999964609742,197.70735654402014,13.410914566991076,136,"{""elevation_high"": 0.0, ""elevation_low"": 0.0, ""length_high"": 0.0, ""length_low"": 3582.5599999999977, ""popularity_low"": 2.4921133933009116, ""width_high"": 0.08010902648190665}",0.3647678353975161,True,0,False,,,,,,,,,,,,,
A_loop_erasure,holdout,holdout_anchor_south_north_28_quality_conflict,"S,P",14053,10,50822.0,504.99999648332596,203.91794891975917,13.314411081814962,7,36,6331.0,15.000000022351742,True,44491.0,489.9999964609742,197.70735654402014,13.410914566991076,136,"{""elevation_high"": 0.0, ""elevation_low"": 0.0, ""length_high"": 0.0, ""length_low"": 3582.5599999999977, ""popularity_low"": 2.4921133933009116, ""width_high"": 0.08010902648190665}",0.3647678353975161,True,0,False,,,,,,,,,,,,,
A_loop_erasure,holdout,holdout_anchor_south_north_28_quality_conflict,"S,P",14054,11,50879.0,505.49999649077654,203.92232551740403,13.31629945557106,8,41,6388.0,15.500000029802322,True,44491.0,489.9999964609742,197.70735654402014,13.410914566991076,136,"{""elevation_high"": 0.0, ""elevation_low"": 0.0, ""length_high"": 0.0, ""length_low"": 3582.5599999999977, ""popularity_low"": 2.4921133933009116, ""width_high"": 0.08010902648190665}",0.3647678353975161,True,0,False,,,,,,,,,,,,,
A_loop_erasure,holdout,holdout_anchor_south_north_28_quality_conflict,"S,P",15099,7,48842.0,598.6999965310097,201.11508537733917,13.305147209368986,6,17,3714.0,74.80000066757202,True,45128.0,523.8999958634377,196.69152189328133,13.165662116645985,138,"{""elevation_high"": 0.0, ""elevation_low"": 0.0, ""length_high"": 0.0, ""length_low"": 2945.5599999999977, ""popularity_low"": 3.507948044039722, ""width_high"": 0.0}",0.29990999319858075,True,0,False,,,,,,,,,,,,,
A_loop_erasure,holdout,holdout_anchor_south_north_28_quality_conflict,"S,P",16540,11,50901.0,505.79999650269747,203.92121962240427,13.31702717038958,8,42,6410.0,15.800000041723251,True,44491.0,489.9999964609742,197.70735654402014,13.410914566991076,136,"{""elevation_high"": 0.0, ""elevation_low"": 0.0, ""length_high"": 0.0, ""length_low"": 3582.5599999999977, ""popularity_low"": 2.4921133933009116, ""width_high"": 0.08010902648190665}",0.3647678353975161,True,0,False,,,,,,,,,,,,,
A_loop_erasure,holdout,holdout_anchor_south_north_28_quality_conflict,"S,P",16563,9,50734.0,504.99999648332596,203.89352308116844,13.311487365474829,6,34,6243.0,15.000000022351742,True,44491.0,489.9999964609742,197.70735654402014,13.410914566991076,136,"{""elevation_high"": 0.0, ""elevation_low"": 0.0, ""length_high"": 0.0, ""length_low"": 3582.5599999999977, ""popularity_low"": 2.4921133933009116, ""width_high"": 0.08010902648190665}",0.3647678353975161,True,0,False,,,,,,,,,,,,,
A_loop_erasure,holdout,holdout_anchor_south_north_28_quality_conflict,"S,P",16567,16,51598.0,507.39999651908875,202.8283460599248,13.318636381255088,13,54,7107.0,17.40000005811453,True,44491.0,489.9999964609742,197.70735654402014,13.410914566991076,136,"{""elevation_high"": 0.0, ""elevation_low"": 0.0, ""length_high"": 0.0, ""length_low"": 3582.5599999999977, ""popularity_low"": 2.4921133933009116, ""width_high"": 0.08010902648190665}",0.3647678353975161,True,0,False,,,,,,,,,,,,,
A_loop_erasure,holdout,holdout_anchor_south_north_28_quality_conflict,"S,P",16572,15,51520.0,507.09999652951956,203.23227872670807,13.323660714285714,12,52,7029.0,17.10000006854534,True,44491.0,489.9999964609742,197.70735654402014,13.410914566991076,136,"{""elevation_high"": 0.0, ""elevation_low"": 0.0, ""length_high"": 0.0, ""length_low"": 3582.5599999999977, ""popularity_low"": 2.4921133933009116, ""width_high"": 0.08010902648190665}",0.3647678353975161,True,0,False,,,,,,,,,,,,,
A_loop_erasure,holdout,holdout_anchor_south_north_28_quality_conflict,"S,P",16574,20,52318.0,511.2999964505434,200.41696930310792,13.272965327420772,17,64,7827.0,21.299999989569187,True,44491.0,489.9999964609742,197.70735654402014,13.410914566991076,136,"{""elevation_high"": 0.0, ""elevation_low"": 0.0, ""length_high"": 0.0, ""length_low"": 3582.5599999999977, ""popularity_low"": 2.4921133933009116, ""width_high"": 0.08010902648190665}",0.3647678353975161,True,0,False,,,,,,,,,,,,,
A_loop_erasure,holdout,holdout_anchor_south_north_28_quality_conflict,"S,P",16575,17,51978.0,509.0999964699149,201.61020046942937,13.294374543075916,14,56,7487.0,19.100000008940697,True,44491.0,489.9999964609742,197.70735654402014,13.410914566991076,136,"{""elevation_high"": 0.0, ""elevation_low"": 0.0, ""length_high"": 0.0, ""length_low"": 3582.5599999999977, ""popularity_low"": 2.4921133933009116, ""width_high"": 0.08010902648190665}",0.3647678353975161,True,0,False,,,,,,,,,,,,,
A_loop_erasure,holdout,holdout_anchor_south_north_28_quality_conflict,"S,P",16576,18,52004.0,509.19999647140503,201.53290131528345,13.292727482501347,15,60,7513.0,19.200000010430813,True,44491.0,489.9999964609742,197.70735654402014,13.410914566991076,136,"{""elevation_high"": 0.0, ""elevation_low"": 0.0, ""length_high"": 0.0, ""length_low"": 3582.5599999999977, ""popularity_low"": 2.4921133933009116, ""width_high"": 0.08010902648190665}",0.3647678353975161,True,0,False,,,,,,,,,,,,,
A_loop_erasure,holdout,holdout_anchor_south_north_28_quality_conflict,"S,P",16577,18,52004.0,509.19999647140503,201.53290131528345,13.292727482501347,15,60,7513.0,19.200000010430813,True,44491.0,489.9999964609742,197.70735654402014,13.410914566991076,136,"{""elevation_high"": 0.0, ""elevation_low"": 0.0, ""length_high"": 0.0, ""length_low"": 3582.5599999999977, ""popularity_low"": 2.4921133933009116, ""width_high"": 0.08010902648190665}",0.3647678353975161,True,0,False,,,,,,,,,,,,,
A_loop_erasure,holdout,holdout_anchor_south_north_28_quality_conflict,"S,P",16579,20,52210.0,510.2999964952469,200.80591840643555,13.279735682819384,17,64,7719.0,20.30000003427267,True,44491.0,489.9999964609742,197.70735654402014,13.410914566991076,136,"{""elevation_high"": 0.0, ""elevation_low"": 0.0, ""length_high"": 0.0, ""length_low"": 3582.5599999999977, ""popularity_low"": 2.4921133933009116, ""width_high"": 0.08010902648190665}",0.3647678353975161,True,0,False,,,,,,,,,,,,,
A_loop_erasure,holdout,holdout_anchor_south_north_28_quality_conflict,"S,P",16583,19,52148.0,509.7999964952469,201.03990565314106,13.283635038735905,16,62,7657.0,19.80000003427267,True,44491.0,489.9999964609742,197.70735654402014,13.410914566991076,136,"{""elevation_high"": 0.0, ""elevation_low"": 0.0, ""length_high"": 0.0, ""length_low"": 3582.5599999999977, ""popularity_low"": 2.4921133933009116, ""width_high"": 0.08010902648190665}",0.3647678353975161,True,0,False,,,,,,,,,,,,,
A_loop_erasure,holdout,holdout_anchor_south_north_28_quality_conflict,"S,P",16585,20,52266.0,510.69999647140503,200.6085983239582,13.276221635480045,17,64,7775.0,20.700000010430813,True,44491.0,489.9999964609742,197.70735654402014,13.410914566991076,136,"{""elevation_high"": 0.0, ""elevation_low"": 0.0, ""length_high"": 0.0, ""length_low"": 3582.5599999999977, ""popularity_low"": 2.4921133933009116, ""width_high"": 0.08010902648190665}",0.3647678353975161,True,0,False,,,,,,,,,,,,,
A_loop_erasure,holdout,holdout_anchor_south_north_28_quality_conflict,"S,P",16926,6,48418.0,498.09999649971724,201.4870089636086,13.134268247346029,3,16,3927.0,8.100000038743019,True,44491.0,489.9999964609742,197.70735654402014,13.410914566991076,136,"{""elevation_high"": 0.0, ""elevation_low"": 0.0, ""length_high"": 0.0, ""length_low"": 3582.5599999999977, ""popularity_low"": 2.4921133933009116, ""width_high"": 0.08010902648190665}",0.3647678353975161,True,0,False,,,,,,,,,,,,,
A_loop_erasure,holdout,holdout_anchor_south_north_28_quality_conflict,"S,P",17618,14,51278.0,508.09999660402536,202.47059167674246,13.212781309723468,11,43,6787.0,18.100000143051147,True,44491.0,489.9999964609742,197.70735654402014,13.410914566991076,136,"{""elevation_high"": 0.0, ""elevation_low"": 0.0, ""length_high"": 0.0, ""length_low"": 3582.5599999999977, ""popularity_low"": 2.4921133933009116, ""width_high"": 0.08010902648190665}",0.3647678353975161,True,0,False,,,,,,,,,,,,,
A_loop_erasure,holdout,holdout_anchor_south_north_28_quality_conflict,"S,P",17842,9,50666.0,503.6999965310097,203.84113606757984,13.311984368215372,6,33,6175.0,13.700000070035458,True,44491.0,489.9999964609742,197.70735654402014,13.410914566991076,136,"{""elevation_high"": 0.0, ""elevation_low"": 0.0, ""length_high"": 0.0, ""length_low"": 3582.5599999999977, ""popularity_low"": 2.4921133933009116, ""width_high"": 0.08010902648190665}",0.3647678353975161,True,0,False,,,,,,,,,,,,,
A_loop_erasure,holdout,holdout_anchor_south_north_28_quality_conflict,"S,P",17844,12,51077.0,505.9999965056777,203.87325019088826,13.322826321044698,9,44,6586.0,16.000000044703484,True,44491.0,489.9999964609742,197.70735654402014,13.410914566991076,136,"{""elevation_high"": 0.0, ""elevation_low"": 0.0, ""length_high"": 0.0, ""length_low"": 3582.5599999999977, ""popularity_low"": 2.4921133933009116, ""width_high"": 0.08010902648190665}",0.3647678353975161,True,0,False,,,,,,,,,,,,,
A_loop_erasure,holdout,holdout_anchor_south_north_28_quality_conflict,"S,P",18031,6,48552.0,500.79999642819166,200.91798484099522,13.12561789421651,3,16,4061.0,10.799999967217445,True,44491.0,489.9999964609742,197.70735654402014,13.410914566991076,136,"{""elevation_high"": 0.0, ""elevation_low"": 0.0, ""length_high"": 0.0, ""length_low"": 3582.5599999999977, ""popularity_low"": 2.4921133933009116, ""width_high"": 0.08010902648190665}",0.3647678353975161,True,0,False,,,,,,,,,,,,,
A_loop_erasure,holdout,holdout_anchor_south_north_28_quality_conflict,"S,P",18032,5,48278.0,496.9999964758754,201.3318281618957,13.143357222751565,2,14,3787.0,7.000000014901161,True,44491.0,489.9999964609742,197.70735654402014,13.410914566991076,136,"{""elevation_high"": 0.0, ""elevation_low"": 0.0, ""length_high"": 0.0, ""length_low"": 3582.5599999999977, ""popularity_low"": 2.4921133933009116, ""width_high"": 0.08010902648190665}",0.3647678353975161,True,0,False,,,,,,,,,,,,,
A_loop_erasure,holdout,holdout_anchor_south_north_28_quality_conflict,"S,P",18448,8,48916.0,598.8999965339899,201.1966023387031,13.307711178346553,7,24,3788.0,75.00000067055225,True,45128.0,523.8999958634377,196.69152189328133,13.165662116645985,138,"{""elevation_high"": 0.0, ""elevation_low"": 0.0, ""length_high"": 0.0, ""length_low"": 2945.5599999999977, ""popularity_low"": 3.507948044039722, ""width_high"": 0.0}",0.29990999319858075,True,0,False,,,,,,,,,,,,,
A_loop_erasure,holdout,holdout_anchor_south_north_28_quality_conflict,"S,P",18449,8,48916.0,598.8999965339899,201.1966023387031,13.307711178346553,7,24,3788.0,75.00000067055225,True,45128.0,523.8999958634377,196.69152189328133,13.165662116645985,138,"{""elevation_high"": 0.0, ""elevation_low"": 0.0, ""length_high"": 0.0, ""length_low"": 2945.5599999999977, ""popularity_low"": 3.507948044039722, ""width_high"": 0.0}",0.29990999319858075,True,0,False,,,,,,,,,,,,,
A_loop_erasure,holdout,holdout_anchor_south_north_28_quality_conflict,"S,P",18450,8,48916.0,598.8999965339899,201.1966023387031,13.307711178346553,7,24,3788.0,75.00000067055225,True,45128.0,523.8999958634377,196.69152189328133,13.165662116645985,138,"{""elevation_high"": 0.0, ""elevation_low"": 0.0, ""length_high"": 0.0, ""length_low"": 2945.5599999999977, ""popularity_low"": 3.507948044039722, ""width_high"": 0.0}",0.29990999319858075,True,0,False,,,,,,,,,,,,,
A_loop_erasure,holdout,holdout_anchor_south_north_28_quality_conflict,"S,P",19060,11,51184.0,504.29999655485153,202.36396139418568,13.227864176305095,8,37,6693.0,14.300000093877316,True,44491.0,489.9999964609742,197.70735654402014,13.410914566991076,136,"{""elevation_high"": 0.0, ""elevation_low"": 0.0, ""length_high"": 0.0, ""length_low"": 3582.5599999999977, ""popularity_low"": 2.4921133933009116, ""width_high"": 0.08010902648190665}",0.3647678353975161,True,0,False,,,,,,,,,,,,,
A_loop_erasure,holdout,holdout_anchor_south_north_28_quality_conflict,"S,P",19061,11,50872.0,504.79999655485153,203.46267101745556,13.278325994653247,8,37,6381.0,14.800000093877316,True,44491.0,489.9999964609742,197.70735654402014,13.410914566991076,136,"{""elevation_high"": 0.0, ""elevation_low"": 0.0, ""length_high"": 0.0, ""length_low"": 3582.5599999999977, ""popularity_low"": 2.4921133933009116, ""width_high"": 0.08010902648190665}",0.3647678353975161,True,0,False,,,,,,,,,,,,,
A_loop_erasure,holdout,holdout_anchor_south_north_28_quality_conflict,"S,P",19062,12,50946.0,505.29999655485153,203.2557413732187,13.266301574215836,9,39,6455.0,15.300000093877316,True,44491.0,489.9999964609742,197.70735654402014,13.410914566991076,136,"{""elevation_high"": 0.0, ""elevation_low"": 0.0, ""length_high"": 0.0, ""length_low"": 3582.5599999999977, ""popularity_low"": 2.4921133933009116, ""width_high"": 0.08010902648190665}",0.3647678353975161,True,0,False,,,,,,,,,,,,,
A_loop_erasure,holdout,holdout_anchor_south_north_28_quality_conflict,"S,P",19063,13,50970.0,505.39999655634165,203.19252501471453,13.262409260349225,10,41,6479.0,15.400000095367432,True,44491.0,489.9999964609742,197.70735654402014,13.410914566991076,136,"{""elevation_high"": 0.0, ""elevation_low"": 0.0, ""length_high"": 0.0, ""length_low"": 3582.5599999999977, ""popularity_low"": 2.4921133933009116, ""width_high"": 0.08010902648190665}",0.3647678353975161,True,0,False,,,,,,,,,,,,,
A_loop_erasure,holdout,holdout_anchor_south_north_28_quality_conflict,"S,P",19064,13,51040.0,505.699996560812,202.94586598746082,13.26028605015674,10,41,6549.0,15.70000009983778,True,44491.0,489.9999964609742,197.70735654402014,13.410914566991076,136,"{""elevation_high"": 0.0, ""elevation_low"": 0.0, ""length_high"": 0.0, ""length_low"": 3582.5599999999977, ""popularity_low"": 2.4921133933009116, ""width_high"": 0.08010902648190665}",0.3647678353975161,True,0,False,,,,,,,,,,,,,
A_loop_erasure,holdout,holdout_anchor_south_north_28_quality_conflict,"S,P",19065,14,51304.0,505.7999965623021,201.96735147356932,13.208619210977702,11,43,6813.0,15.800000101327896,True,44491.0,489.9999964609742,197.70735654402014,13.410914566991076,136,"{""elevation_high"": 0.0, ""elevation_low"": 0.0, ""length_high"": 0.0, ""length_low"": 3582.5599999999977, ""popularity_low"": 2.4921133933009116, ""width_high"": 0.08010902648190665}",0.3647678353975161,True,0,False,,,,,,,,,,,,,
A_loop_erasure,holdout,holdout_anchor_south_north_28_quality_conflict,"S,P",19069,17,51952.0,508.3999965414405,201.64442177394517,13.29602325223283,14,56,7461.0,18.40000008046627,True,44491.0,489.9999964609742,197.70735654402014,13.410914566991076,136,"{""elevation_high"": 0.0, ""elevation_low"": 0.0, ""length_high"": 0.0, ""length_low"": 3582.5599999999977, ""popularity_low"": 2.4921133933009116, ""width_high"": 0.08010902648190665}",0.3647678353975161,True,0,False,,,,,,,,,,,,,
A_loop_erasure,holdout,holdout_anchor_south_north_28_quality_conflict,"S,P",19070,16,51818.0,507.79999651759863,202.15552510710563,13.30454668261994,13,54,7327.0,17.800000056624413,True,44491.0,489.9999964609742,197.70735654402014,13.410914566991076,136,"{""elevation_high"": 0.0, ""elevation_low"": 0.0, ""length_high"": 0.0, ""length_low"": 3582.5599999999977, ""popularity_low"": 2.4921133933009116, ""width_high"": 0.08010902648190665}",0.3647678353975161,True,0,False,,,,,,,,,,,,,
A_loop_erasure,holdout,holdout_anchor_south_north_28_quality_conflict,"S,P",19932,13,51305.0,506.29999651759863,203.6605009258357,13.330279699834325,10,46,6814.0,16.300000056624413,True,44491.0,489.9999964609742,197.70735654402014,13.410914566991076,136,"{""elevation_high"": 0.0, ""elevation_low"": 0.0, ""length_high"": 0.0, ""length_low"": 3582.5599999999977, ""popularity_low"": 2.4921133933009116, ""width_high"": 0.08010902648190665}",0.3647678353975161,True,0,False,,,,,,,,,,,,,
A_loop_erasure,holdout,holdout_anchor_south_north_28_quality_conflict,"S,P",19957,17,52192.0,507.99999652057886,200.58003142244021,13.280866799509504,14,58,7701.0,18.000000059604645,True,44491.0,489.9999964609742,197.70735654402014,13.410914566991076,136,"{""elevation_high"": 0.0, ""elevation_low"": 0.0, ""length_high"": 0.0, ""length_low"": 3582.5599999999977, ""popularity_low"": 2.4921133933009116, ""width_high"": 0.08010902648190665}",0.3647678353975161,True,0,False,,,,,,,,,,,,,
A_loop_erasure,holdout,holdout_anchor_south_north_28_quality_conflict,"S,P",20385,16,51652.0,507.89999651908875,202.62473863548362,13.31516688608379,13,56,7161.0,17.90000005811453,True,44491.0,489.9999964609742,197.70735654402014,13.410914566991076,136,"{""elevation_high"": 0.0, ""elevation_low"": 0.0, ""length_high"": 0.0, ""length_low"": 3582.5599999999977, ""popularity_low"": 2.4921133933009116, ""width_high"": 0.08010902648190665}",0.3647678353975161,True,0,False,,,,,,,,,,,,,
A_loop_erasure,holdout,holdout_anchor_south_north_28_quality_conflict,"S,P",20588,17,51642.0,507.7999965250492,202.658940397351,13.315808837767708,14,56,7151.0,17.800000064074993,True,44491.0,489.9999964609742,197.70735654402014,13.410914566991076,136,"{""elevation_high"": 0.0, ""elevation_low"": 0.0, ""length_high"": 0.0, ""length_low"": 3582.5599999999977, ""popularity_low"": 2.4921133933009116, ""width_high"": 0.08010902648190665}",0.3647678353975161,True,0,False,,,,,,,,,,,,,
A_loop_erasure,holdout,holdout_anchor_south_north_28_quality_conflict,"S,P",21139,8,48916.0,598.8999965339899,201.1966023387031,13.307711178346553,7,24,3788.0,75.00000067055225,True,45128.0,523.8999958634377,196.69152189328133,13.165662116645985,138,"{""elevation_high"": 0.0, ""elevation_low"": 0.0, ""length_high"": 0.0, ""length_low"": 2945.5599999999977, ""popularity_low"": 3.507948044039722, ""width_high"": 0.0}",0.29990999319858075,True,0,False,,,,,,,,,,,,,
A_loop_erasure,holdout,holdout_anchor_south_north_28_quality_conflict,"S,P",21140,8,48916.0,598.8999965339899,201.1966023387031,13.307711178346553,7,24,3788.0,75.00000067055225,True,45128.0,523.8999958634377,196.69152189328133,13.165662116645985,138,"{""elevation_high"": 0.0, ""elevation_low"": 0.0, ""length_high"": 0.0, ""length_low"": 2945.5599999999977, ""popularity_low"": 3.507948044039722, ""width_high"": 0.0}",0.29990999319858075,True,0,False,,,,,,,,,,,,,
A_loop_erasure,holdout,holdout_anchor_south_north_28_quality_conflict,"S,P",21141,8,48916.0,598.8999965339899,201.1966023387031,13.307711178346553,7,24,3788.0,75.00000067055225,True,45128.0,523.8999958634377,196.69152189328133,13.165662116645985,138,"{""elevation_high"": 0.0, ""elevation_low"": 0.0, ""length_high"": 0.0, ""length_low"": 2945.5599999999977, ""popularity_low"": 3.507948044039722, ""width_high"": 0.0}",0.29990999319858075,True,0,False,,,,,,,,,,,,,
A_loop_erasure,holdout,holdout_anchor_south_north_28_quality_conflict,"S,P",21250,15,51586.0,507.29999651759863,202.87320203155895,13.319408366611096,12,52,7095.0,17.300000056624413,True,44491.0,489.9999964609742,197.70735654402014,13.410914566991076,136,"{""elevation_high"": 0.0, ""elevation_low"": 0.0, ""length_high"": 0.0, ""length_low"": 3582.5599999999977, ""popularity_low"": 2.4921133933009116, ""width_high"": 0.08010902648190665}",0.3647678353975161,True,0,False,,,,,,,,,,,,,
A_loop_erasure,holdout,holdout_anchor_south_north_28_quality_conflict,"S,P",21251,17,51614.0,507.39999651908875,202.76857054287598,13.317607625837951,14,56,7123.0,17.40000005811453,True,44491.0,489.9999964609742,197.70735654402014,13.410914566991076,136,"{""elevation_high"": 0.0, ""elevation_low"": 0.0, ""length_high"": 0.0, ""length_low"": 3582.5599999999977, ""popularity_low"": 2.4921133933009116, ""width_high"": 0.08010902648190665}",0.3647678353975161,True,0,False,,,,,,,,,,,,,
A_loop_erasure,holdout,holdout_anchor_south_north_28_quality_conflict,"S,P",21382,12,51427.0,509.19999653846025,203.28380033834367,13.280961362708306,9,43,6936.0,19.200000077486038,True,44491.0,489.9999964609742,197.70735654402014,13.410914566991076,136,"{""elevation_high"": 0.0, ""elevation_low"": 0.0, ""length_high"": 0.0, ""length_low"": 3582.5599999999977, ""popularity_low"": 2.4921133933009116, ""width_high"": 0.08010902648190665}",0.3647678353975161,True,0,False,,,,,,,,,,,,,
A_loop_erasure,holdout,holdout_anchor_south_north_28_quality_conflict,"S,P",21529,12,50993.0,506.3999964669347,203.88225834918518,13.320063538132684,9,43,6502.0,16.400000005960464,True,44491.0,489.9999964609742,197.70735654402014,13.410914566991076,136,"{""elevation_high"": 0.0, ""elevation_low"": 0.0, ""length_high"": 0.0, ""length_low"": 3582.5599999999977, ""popularity_low"": 2.4921133933009116, ""width_high"": 0.08010902648190665}",0.3647678353975161,True,0,False,,,,,,,,,,,,,
A_loop_erasure,holdout,holdout_anchor_south_north_28_quality_conflict,"S,P",22125,8,48946.0,598.8999965339899,201.2295795366322,13.3087484166224,7,25,3818.0,75.00000067055225,True,45128.0,523.8999958634377,196.69152189328133,13.165662116645985,138,"{""elevation_high"": 0.0, ""elevation_low"": 0.0, ""length_high"": 0.0, ""length_low"": 2945.5599999999977, ""popularity_low"": 3.507948044039722, ""width_high"": 0.0}",0.29990999319858075,True,0,False,,,,,,,,,,,,,
A_loop_erasure,holdout,holdout_anchor_south_north_28_quality_conflict,"S,P",22189,7,48486.0,499.1999965235591,201.32504228024584,13.129872540527163,4,18,3995.0,9.200000062584877,True,44491.0,489.9999964609742,197.70735654402014,13.410914566991076,136,"{""elevation_high"": 0.0, ""elevation_low"": 0.0, ""length_high"": 0.0, ""length_low"": 3582.5599999999977, ""popularity_low"": 2.4921133933009116, ""width_high"": 0.08010902648190665}",0.3647678353975161,True,0,False,,,,,,,,,,,,,
A_loop_erasure,holdout,holdout_anchor_south_north_28_quality_conflict,"S,P",22190,8,48834.0,502.2999963089824,201.34992013760905,13.107568497358399,5,20,4343.0,12.299999848008156,True,44491.0,489.9999964609742,197.70735654402014,13.410914566991076,136,"{""elevation_high"": 0.0, ""elevation_low"": 0.0, ""length_high"": 0.0, ""length_low"": 3582.5599999999977, ""popularity_low"": 2.4921133933009116, ""width_high"": 0.08010902648190665}",0.3647678353975161,True,0,False,,,,,,,,,,,,,
A_loop_erasure,holdout,holdout_anchor_south_north_28_quality_conflict,"S,P",22242,8,48874.0,499.29999654740095,201.98629127961698,13.10502516675533,5,20,4383.0,9.300000086426735,True,44491.0,489.9999964609742,197.70735654402014,13.410914566991076,136,"{""elevation_high"": 0.0, ""elevation_low"": 0.0, ""length_high"": 0.0, ""length_low"": 3582.5599999999977, ""popularity_low"": 2.4921133933009116, ""width_high"": 0.08010902648190665}",0.3647678353975161,True,0,False,,,,,,,,,,,,,
A_loop_erasure,holdout,holdout_anchor_south_north_28_quality_conflict,"S,P",22243,9,50666.0,503.6999965310097,203.84113606757984,13.311984368215372,6,33,6175.0,13.700000070035458,True,44491.0,489.9999964609742,197.70735654402014,13.410914566991076,136,"{""elevation_high"": 0.0, ""elevation_low"": 0.0, ""length_high"": 0.0, ""length_low"": 3582.5599999999977, ""popularity_low"": 2.4921133933009116, ""width_high"": 0.08010902648190665}",0.3647678353975161,True,0,False,,,,,,,,,,,,,
A_loop_erasure,holdout,holdout_anchor_south_north_28_quality_conflict,"S,S",1875,9,50705.0,510.099996432662,202.68007099891528,13.304112020510798,6,33,6175.0,13.700000070035458,True,44530.0,496.39999636262655,196.390657983382,13.401863911969459,137,"{""elevation_high"": 0.0, ""elevation_low"": 0.0, ""length_high"": 0.0, ""length_low"": 3543.5599999999977, ""popularity_low"": 3.808811953939056, ""width_high"": 0.07105837146028904}",0.3607969470996221,True,0,False,,,,,,,,,,,,,
A_loop_erasure,holdout,holdout_anchor_south_north_28_quality_conflict,"S,S",1878,9,50705.0,510.099996432662,202.68007099891528,13.304112020510798,6,33,6175.0,13.700000070035458,True,44530.0,496.39999636262655,196.390657983382,13.401863911969459,137,"{""elevation_high"": 0.0, ""elevation_low"": 0.0, ""length_high"": 0.0, ""length_low"": 3543.5599999999977, ""popularity_low"": 3.808811953939056, ""width_high"": 0.07105837146028904}",0.3607969470996221,True,0,False,,,,,,,,,,,,,
A_loop_erasure,holdout,holdout_anchor_south_north_28_quality_conflict,"S,S",1879,9,50705.0,510.099996432662,202.68007099891528,13.304112020510798,6,33,6175.0,13.700000070035458,True,44530.0,496.39999636262655,196.390657983382,13.401863911969459,137,"{""elevation_high"": 0.0, ""elevation_low"": 0.0, ""length_high"": 0.0, ""length_low"": 3543.5599999999977, ""popularity_low"": 3.808811953939056, ""width_high"": 0.07105837146028904}",0.3607969470996221,True,0,False,,,,,,,,,,,,,
A_loop_erasure,holdout,holdout_anchor_south_north_28_quality_conflict,"S,S",1880,9,50705.0,510.099996432662,202.68007099891528,13.304112020510798,6,33,6175.0,13.700000070035458,True,44530.0,496.39999636262655,196.390657983382,13.401863911969459,137,"{""elevation_high"": 0.0, ""elevation_low"": 0.0, ""length_high"": 0.0, ""length_low"": 3543.5599999999977, ""popularity_low"": 3.808811953939056, ""width_high"": 0.07105837146028904}",0.3607969470996221,True,0,False,,,,,,,,,,,,,
A_loop_erasure,holdout,holdout_anchor_south_north_28_quality_conflict,"S,S",1881,9,50705.0,510.099996432662,202.68007099891528,13.304112020510798,6,33,6175.0,13.700000070035458,True,44530.0,496.39999636262655,196.390657983382,13.401863911969459,137,"{""elevation_high"": 0.0, ""elevation_low"": 0.0, ""length_high"": 0.0, ""length_low"": 3543.5599999999977, ""popularity_low"": 3.808811953939056, ""width_high"": 0.07105837146028904}",0.3607969470996221,True,0,False,,,,,,,,,,,,,
A_loop_erasure,holdout,holdout_anchor_south_north_28_quality_conflict,"S,S",1882,9,50705.0,510.099996432662,202.68007099891528,13.304112020510798,6,33,6175.0,13.700000070035458,True,44530.0,496.39999636262655,196.390657983382,13.401863911969459,137,"{""elevation_high"": 0.0, ""elevation_low"": 0.0, ""length_high"": 0.0, ""length_low"": 3543.5599999999977, ""popularity_low"": 3.808811953939056, ""width_high"": 0.07105837146028904}",0.3607969470996221,True,0,False,,,,,,,,,,,,,
A_loop_erasure,holdout,holdout_anchor_south_north_28_quality_conflict,"S,S",1883,9,50705.0,510.099996432662,202.68007099891528,13.304112020510798,6,33,6175.0,13.700000070035458,True,44530.0,496.39999636262655,196.390657983382,13.401863911969459,137,"{""elevation_high"": 0.0, ""elevation_low"": 0.0, ""length_high"": 0.0, ""length_low"": 3543.5599999999977, ""popularity_low"": 3.808811953939056, ""width_high"": 0.07105837146028904}",0.3607969470996221,True,0,False,,,,,,,,,,,,,
A_loop_erasure,holdout,holdout_anchor_south_north_28_quality_conflict,"S,S",1884,9,50705.0,510.099996432662,202.68007099891528,13.304112020510798,6,33,6175.0,13.700000070035458,True,44530.0,496.39999636262655,196.390657983382,13.401863911969459,137,"{""elevation_high"": 0.0, ""elevation_low"": 0.0, ""length_high"": 0.0, ""length_low"": 3543.5599999999977, ""popularity_low"": 3.808811953939056, ""width_high"": 0.07105837146028904}",0.3607969470996221,True,0,False,,,,,,,,,,,,,
A_loop_erasure,holdout,holdout_anchor_south_north_28_quality_conflict,"S,S",5342,9,50705.0,510.099996432662,202.68007099891528,13.304112020510798,6,33,6175.0,13.700000070035458,True,44530.0,496.39999636262655,196.390657983382,13.401863911969459,137,"{""elevation_high"": 0.0, ""elevation_low"": 0.0, ""length_high"": 0.0, ""length_low"": 3543.5599999999977, ""popularity_low"": 3.808811953939056, ""width_high"": 0.07105837146028904}",0.3607969470996221,True,0,False,,,,,,,,,,,,,
A_loop_erasure,holdout,holdout_anchor_south_north_28_quality_conflict,"S,S",5504,11,50918.0,511.8999963924289,202.76605522604973,13.308456734357202,8,41,6388.0,15.500000029802322,True,44530.0,496.39999636262655,196.390657983382,13.401863911969459,137,"{""elevation_high"": 0.0, ""elevation_low"": 0.0, ""length_high"": 0.0, ""length_low"": 3543.5599999999977, ""popularity_low"": 3.808811953939056, ""width_high"": 0.07105837146028904}",0.3607969470996221,True,0,False,,,,,,,,,,,,,
A_loop_erasure,holdout,holdout_anchor_south_north_28_quality_conflict,"S,S",5505,11,50918.0,511.8999963924289,202.76605522604973,13.308456734357202,8,41,6388.0,15.500000029802322,True,44530.0,496.39999636262655,196.390657983382,13.401863911969459,137,"{""elevation_high"": 0.0, ""elevation_low"": 0.0, ""length_high"": 0.0, ""length_low"": 3543.5599999999977, ""popularity_low"": 3.808811953939056, ""width_high"": 0.07105837146028904}",0.3607969470996221,True,0,False,,,,,,,,,,,,,
A_loop_erasure,holdout,holdout_anchor_south_north_28_quality_conflict,"S,S",5516,11,50918.0,511.8999963924289,202.76605522604973,13.308456734357202,8,41,6388.0,15.500000029802322,True,44530.0,496.39999636262655,196.390657983382,13.401863911969459,137,"{""elevation_high"": 0.0, ""elevation_low"": 0.0, ""length_high"": 0.0, ""length_low"": 3543.5599999999977, ""popularity_low"": 3.808811953939056, ""width_high"": 0.07105837146028904}",0.3607969470996221,True,0,False,,,,,,,,,,,,,
A_loop_erasure,holdout,holdout_anchor_south_north_28_quality_conflict,"S,S",5569,18,52043.0,515.5999963730574,200.40341640566456,13.285071959725611,15,60,7513.0,19.200000010430813,True,44530.0,496.39999636262655,196.390657983382,13.401863911969459,137,"{""elevation_high"": 0.0, ""elevation_low"": 0.0, ""length_high"": 0.0, ""length_low"": 3543.5599999999977, ""popularity_low"": 3.808811953939056, ""width_high"": 0.07105837146028904}",0.3607969470996221,True,0,False,,,,,,,,,,,,,
A_loop_erasure,holdout,holdout_anchor_south_north_28_quality_conflict,"S,S",7442,9,51007.0,511.7999964803457,202.46664183347383,13.311702315368478,6,36,6477.0,15.400000117719173,True,44530.0,496.39999636262655,196.390657983382,13.401863911969459,137,"{""elevation_high"": 0.0, ""elevation_low"": 0.0, ""length_high"": 0.0, ""length_low"": 3543.5599999999977, ""popularity_low"": 3.808811953939056, ""width_high"": 0.07105837146028904}",0.3607969470996221,True,0,False,,,,,,,,,,,,,
A_loop_erasure,holdout,holdout_anchor_south_north_28_quality_conflict,"S,S",7443,9,51007.0,511.7999964803457,202.46664183347383,13.311702315368478,6,36,6477.0,15.400000117719173,True,44530.0,496.39999636262655,196.390657983382,13.401863911969459,137,"{""elevation_high"": 0.0, ""elevation_low"": 0.0, ""length_high"": 0.0, ""length_low"": 3543.5599999999977, ""popularity_low"": 3.808811953939056, ""width_high"": 0.07105837146028904}",0.3607969470996221,True,0,False,,,,,,,,,,,,,
A_loop_erasure,holdout,holdout_anchor_south_north_28_quality_conflict,"S,S",9720,9,51007.0,511.7999964803457,202.46664183347383,13.311702315368478,6,36,6477.0,15.400000117719173,True,44530.0,496.39999636262655,196.390657983382,13.401863911969459,137,"{""elevation_high"": 0.0, ""elevation_low"": 0.0, ""length_high"": 0.0, ""length_low"": 3543.5599999999977, ""popularity_low"": 3.808811953939056, ""width_high"": 0.07105837146028904}",0.3607969470996221,True,0,False,,,,,,,,,,,,,
A_loop_erasure,holdout,holdout_anchor_south_north_28_quality_conflict,"S,S",12162,7,48645.0,504.4999964013696,200.4854764107308,13.114091890225101,4,18,4115.0,8.100000038743019,True,44530.0,496.39999636262655,196.390657983382,13.401863911969459,137,"{""elevation_high"": 0.0, ""elevation_low"": 0.0, ""length_high"": 0.0, ""length_low"": 3543.5599999999977, ""popularity_low"": 3.808811953939056, ""width_high"": 0.07105837146028904}",0.3607969470996221,True,0,False,,,,,,,,,,,,,
A_loop_erasure,holdout,holdout_anchor_south_north_28_quality_conflict,"S,S",14053,10,50861.0,511.3999963849783,202.76038615048859,13.30656101924854,7,36,6331.0,15.000000022351742,True,44530.0,496.39999636262655,196.390657983382,13.401863911969459,137,"{""elevation_high"": 0.0, ""elevation_low"": 0.0, ""length_high"": 0.0, ""length_low"": 3543.5599999999977, ""popularity_low"": 3.808811953939056, ""width_high"": 0.07105837146028904}",0.3607969470996221,True,0,False,,,,,,,,,,,,,
A_loop_erasure,holdout,holdout_anchor_south_north_28_quality_conflict,"S,S",14054,11,50918.0,511.8999963924289,202.76605522604973,13.308456734357202,8,41,6388.0,15.500000029802322,True,44530.0,496.39999636262655,196.390657983382,13.401863911969459,137,"{""elevation_high"": 0.0, ""elevation_low"": 0.0, ""length_high"": 0.0, ""length_low"": 3543.5599999999977, ""popularity_low"": 3.808811953939056, ""width_high"": 0.07105837146028904}",0.3607969470996221,True,0,False,,,,,,,,,,,,,
A_loop_erasure,holdout,holdout_anchor_south_north_28_quality_conflict,"S,S",16540,11,50940.0,512.1999964043498,202.76544954848842,13.309187279151944,8,42,6410.0,15.800000041723251,True,44530.0,496.39999636262655,196.390657983382,13.401863911969459,137,"{""elevation_high"": 0.0, ""elevation_low"": 0.0, ""length_high"": 0.0, ""length_low"": 3543.5599999999977, ""popularity_low"": 3.808811953939056, ""width_high"": 0.07105837146028904}",0.3607969470996221,True,0,False,,,,,,,,,,,,,
A_loop_erasure,holdout,holdout_anchor_south_north_28_quality_conflict,"S,S",16563,9,50773.0,511.3999963849783,202.7339727808087,13.30362594292242,6,34,6243.0,15.000000022351742,True,44530.0,496.39999636262655,196.390657983382,13.401863911969459,137,"{""elevation_high"": 0.0, ""elevation_low"": 0.0, ""length_high"": 0.0, ""length_low"": 3543.5599999999977, ""popularity_low"": 3.808811953939056, ""width_high"": 0.07105837146028904}",0.3607969470996221,True,0,False,,,,,,,,,,,,,
A_loop_erasure,holdout,holdout_anchor_south_north_28_quality_conflict,"S,S",16567,16,51637.0,513.7999964207411,201.68900207215756,13.310901098049849,13,54,7107.0,17.40000005811453,True,44530.0,496.39999636262655,196.390657983382,13.401863911969459,137,"{""elevation_high"": 0.0, ""elevation_low"": 0.0, ""length_high"": 0.0, ""length_low"": 3543.5599999999977, ""popularity_low"": 3.808811953939056, ""width_high"": 0.07105837146028904}",0.3607969470996221,True,0,False,,,,,,,,,,,,,
A_loop_erasure,holdout,holdout_anchor_south_north_28_quality_conflict,"S,S",16569,14,51419.0,512.699996419251,202.40154417627724,13.324938252396974,11,50,6889.0,16.300000056624413,True,44530.0,496.39999636262655,196.390657983382,13.401863911969459,137,"{""elevation_high"": 0.0, ""elevation_low"": 0.0, ""length_high"": 0.0, ""length_low"": 3543.5599999999977, ""popularity_low"": 3.808811953939056, ""width_high"": 0.07105837146028904}",0.3607969470996221,True,0,False,,,,,,,,,,,,,
A_loop_erasure,holdout,holdout_anchor_south_north_28_quality_conflict,"S,S",16570,14,51419.0,512.699996419251,202.40154417627724,13.324938252396974,11,50,6889.0,16.300000056624413,True,44530.0,496.39999636262655,196.390657983382,13.401863911969459,137,"{""elevation_high"": 0.0, ""elevation_low"": 0.0, ""length_high"": 0.0, ""length_low"": 3543.5599999999977, ""popularity_low"": 3.808811953939056, ""width_high"": 0.07105837146028904}",0.3607969470996221,True,0,False,,,,,,,,,,,,,
A_loop_erasure,holdout,holdout_anchor_south_north_28_quality_conflict,"S,S",16571,14,51419.0,512.699996419251,202.40154417627724,13.324938252396974,11,50,6889.0,16.300000056624413,True,44530.0,496.39999636262655,196.390657983382,13.401863911969459,137,"{""elevation_high"": 0.0, ""elevation_low"": 0.0, ""length_high"": 0.0, ""length_low"": 3543.5599999999977, ""popularity_low"": 3.808811953939056, ""width_high"": 0.07105837146028904}",0.3607969470996221,True,0,False,,,,,,,,,,,,,
A_loop_erasure,holdout,holdout_anchor_south_north_28_quality_conflict,"S,S",16572,15,51559.0,513.4999964311719,202.0909055644989,13.315909928431505,12,52,7029.0,17.10000006854534,True,44530.0,496.39999636262655,196.390657983382,13.401863911969459,137,"{""elevation_high"": 0.0, ""elevation_low"": 0.0, ""length_high"": 0.0, ""length_low"": 3543.5599999999977, ""popularity_low"": 3.808811953939056, ""width_high"": 0.07105837146028904}",0.3607969470996221,True,0,False,,,,,,,,,,,,,
A_loop_erasure,holdout,holdout_anchor_south_north_28_quality_conflict,"S,S",16575,17,52017.0,515.4999963715672,200.48009304650404,13.286713958898053,14,56,7487.0,19.100000008940697,True,44530.0,496.39999636262655,196.390657983382,13.401863911969459,137,"{""elevation_high"": 0.0, ""elevation_low"": 0.0, ""length_high"": 0.0, ""length_low"": 3543.5599999999977, ""popularity_low"": 3.808811953939056, ""width_high"": 0.07105837146028904}",0.3607969470996221,True,0,False,,,,,,,,,,,,,
A_loop_erasure,holdout,holdout_anchor_south_north_28_quality_conflict,"S,S",16576,18,52043.0,515.5999963730574,200.40341640566456,13.285071959725611,15,60,7513.0,19.200000010430813,True,44530.0,496.39999636262655,196.390657983382,13.401863911969459,137,"{""elevation_high"": 0.0, ""elevation_low"": 0.0, ""length_high"": 0.0, ""length_low"": 3543.5599999999977, ""popularity_low"": 3.808811953939056, ""width_high"": 0.07105837146028904}",0.3607969470996221,True,0,False,,,,,,,,,,,,,
A_loop_erasure,holdout,holdout_anchor_south_north_28_quality_conflict,"S,S",16577,18,52043.0,515.5999963730574,200.40341640566456,13.285071959725611,15,60,7513.0,19.200000010430813,True,44530.0,496.39999636262655,196.390657983382,13.401863911969459,137,"{""elevation_high"": 0.0, ""elevation_low"": 0.0, ""length_high"": 0.0, ""length_low"": 3543.5599999999977, ""popularity_low"": 3.808811953939056, ""width_high"": 0.07105837146028904}",0.3607969470996221,True,0,False,,,,,,,,,,,,,
A_loop_erasure,holdout,holdout_anchor_south_north_28_quality_conflict,"S,S",16926,6,48457.0,504.4999964013696,200.2739748643127,13.126173721031018,3,16,3927.0,8.100000038743019,True,44530.0,496.39999636262655,196.390657983382,13.401863911969459,137,"{""elevation_high"": 0.0, ""elevation_low"": 0.0, ""length_high"": 0.0, ""length_low"": 3543.5599999999977, ""popularity_low"": 3.808811953939056, ""width_high"": 0.07105837146028904}",0.3607969470996221,True,0,False,,,,,,,,,,,,,
A_loop_erasure,holdout,holdout_anchor_south_north_28_quality_conflict,"S,S",17844,12,51116.0,512.39999640733,202.72149620471086,13.315008999139213,9,44,6586.0,16.000000044703484,True,44530.0,496.39999636262655,196.390657983382,13.401863911969459,137,"{""elevation_high"": 0.0, ""elevation_low"": 0.0, ""length_high"": 0.0, ""length_low"": 3543.5599999999977, ""popularity_low"": 3.808811953939056, ""width_high"": 0.07105837146028904}",0.3607969470996221,True,0,False,,,,,,,,,,,,,
A_loop_erasure,holdout,holdout_anchor_south_north_28_quality_conflict,"S,S",19069,17,51991.0,514.7999964430928,200.51372352907234,13.288357600353907,14,56,7461.0,18.40000008046627,True,44530.0,496.39999636262655,196.390657983382,13.401863911969459,137,"{""elevation_high"": 0.0, ""elevation_low"": 0.0, ""length_high"": 0.0, ""length_low"": 3543.5599999999977, ""popularity_low"": 3.808811953939056, ""width_high"": 0.07105837146028904}",0.3607969470996221,True,0,False,,,,,,,,,,,,,
A_loop_erasure,holdout,holdout_anchor_south_north_28_quality_conflict,"S,S",19070,16,51857.0,514.199996419251,201.02152072044277,13.29685481227221,13,54,7327.0,17.800000056624413,True,44530.0,496.39999636262655,196.390657983382,13.401863911969459,137,"{""elevation_high"": 0.0, ""elevation_low"": 0.0, ""length_high"": 0.0, ""length_low"": 3543.5599999999977, ""popularity_low"": 3.808811953939056, ""width_high"": 0.07105837146028904}",0.3607969470996221,True,0,False,,,,,,,,,,,,,
A_loop_erasure,holdout,holdout_anchor_south_north_28_quality_conflict,"S,S",19932,13,51344.0,512.699996419251,202.51402306014336,13.322491430352134,10,46,6814.0,16.300000056624413,True,44530.0,496.39999636262655,196.390657983382,13.401863911969459,137,"{""elevation_high"": 0.0, ""elevation_low"": 0.0, ""length_high"": 0.0, ""length_low"": 3543.5599999999977, ""popularity_low"": 3.808811953939056, ""width_high"": 0.07105837146028904}",0.3607969470996221,True,0,False,,,,,,,,,,,,,
A_loop_erasure,holdout,holdout_anchor_south_north_28_quality_conflict,"S,S",20385,16,51691.0,514.2999964207411,201.48673850380143,13.307442301367743,13,56,7161.0,17.90000005811453,True,44530.0,496.39999636262655,196.390657983382,13.401863911969459,137,"{""elevation_high"": 0.0, ""elevation_low"": 0.0, ""length_high"": 0.0, ""length_low"": 3543.5599999999977, ""popularity_low"": 3.808811953939056, ""width_high"": 0.07105837146028904}",0.3607969470996221,True,0,False,,,,,,,,,,,,,
A_loop_erasure,holdout,holdout_anchor_south_north_28_quality_conflict,"S,S",20588,17,51681.0,514.1999964267015,201.520694259012,13.308082273949807,14,56,7151.0,17.800000064074993,True,44530.0,496.39999636262655,196.390657983382,13.401863911969459,137,"{""elevation_high"": 0.0, ""elevation_low"": 0.0, ""length_high"": 0.0, ""length_low"": 3543.5599999999977, ""popularity_low"": 3.808811953939056, ""width_high"": 0.07105837146028904}",0.3607969470996221,True,0,False,,,,,,,,,,,,,
A_loop_erasure,holdout,holdout_anchor_south_north_28_quality_conflict,"S,S",21250,15,51625.0,513.699996419251,201.7335593220339,13.311670702179176,12,52,7095.0,17.300000056624413,True,44530.0,496.39999636262655,196.390657983382,13.401863911969459,137,"{""elevation_high"": 0.0, ""elevation_low"": 0.0, ""length_high"": 0.0, ""length_low"": 3543.5599999999977, ""popularity_low"": 3.808811953939056, ""width_high"": 0.07105837146028904}",0.3607969470996221,True,0,False,,,,,,,,,,,,,
A_loop_erasure,holdout,holdout_anchor_south_north_28_quality_conflict,"S,S",21251,17,51653.0,513.7999964207411,201.6296246103808,13.309875515458927,14,56,7123.0,17.40000005811453,True,44530.0,496.39999636262655,196.390657983382,13.401863911969459,137,"{""elevation_high"": 0.0, ""elevation_low"": 0.0, ""length_high"": 0.0, ""length_low"": 3543.5599999999977, ""popularity_low"": 3.808811953939056, ""width_high"": 0.07105837146028904}",0.3607969470996221,True,0,False,,,,,,,,,,,,,
A_loop_erasure,holdout,holdout_anchor_south_north_28_quality_conflict,"S,S",21382,12,51466.0,515.5999964401126,202.14032565188668,13.273228927835852,9,43,6936.0,19.200000077486038,True,44530.0,496.39999636262655,196.390657983382,13.401863911969459,137,"{""elevation_high"": 0.0, ""elevation_low"": 0.0, ""length_high"": 0.0, ""length_low"": 3543.5599999999977, ""popularity_low"": 3.808811953939056, ""width_high"": 0.07105837146028904}",0.3607969470996221,True,0,False,,,,,,,,,,,,,
A_loop_erasure,holdout,holdout_anchor_south_north_28_quality_conflict,"S,S",21529,12,51032.0,512.799996368587,202.72860166170247,13.312235460103464,9,43,6502.0,16.400000005960464,True,44530.0,496.39999636262655,196.390657983382,13.401863911969459,137,"{""elevation_high"": 0.0, ""elevation_low"": 0.0, ""length_high"": 0.0, ""length_low"": 3543.5599999999977, ""popularity_low"": 3.808811953939056, ""width_high"": 0.07105837146028904}",0.3607969470996221,True,0,False,,,,,,,,,,,,,
A_loop_erasure,holdout,holdout_anchor_south_north_28_quality_conflict,"S,S",22242,8,48913.0,505.6999964490533,200.78416780814916,13.097029419581705,5,20,4383.0,9.300000086426735,True,44530.0,496.39999636262655,196.390657983382,13.401863911969459,137,"{""elevation_high"": 0.0, ""elevation_low"": 0.0, ""length_high"": 0.0, ""length_low"": 3543.5599999999977, ""popularity_low"": 3.808811953939056, ""width_high"": 0.07105837146028904}",0.3607969470996221,True,0,False,,,,,,,,,,,,,
A_loop_erasure,holdout,holdout_anchor_south_north_28_quality_conflict,"S,S",22243,9,50705.0,510.099996432662,202.68007099891528,13.304112020510798,6,33,6175.0,13.700000070035458,True,44530.0,496.39999636262655,196.390657983382,13.401863911969459,137,"{""elevation_high"": 0.0, ""elevation_low"": 0.0, ""length_high"": 0.0, ""length_low"": 3543.5599999999977, ""popularity_low"": 3.808811953939056, ""width_high"": 0.07105837146028904}",0.3607969470996221,True,0,False,,,,,,,,,,,,,
A_loop_erasure,development,paris_bures_02_multi_tight,"P,P",1489,11,40881.0,632.3000023141503,222.39250507570753,14.997309263472028,11,36,4601.0,78.39999955892563,True,36280.0,553.9000027552247,221.70099228224916,14.820975744211687,100,"{""elevation_high"": 0.0, ""elevation_low"": 76.85750000700352, ""length_high"": 0.0, ""length_low"": 4568.449999999997, ""popularity_low"": 0.0, ""width_high"": 0.0}",1.4389951964721623,True,0,False,,,,,,,,,,,,,
A_loop_erasure,development,paris_bures_02_multi_tight,"P,P",1531,10,40863.0,631.6000023260713,222.37814159508602,14.99290311528767,10,34,4583.0,77.69999957084656,True,36280.0,553.9000027552247,221.70099228224916,14.820975744211687,100,"{""elevation_high"": 0.0, ""elevation_low"": 76.85750000700352, ""length_high"": 0.0, ""length_low"": 4568.449999999997, ""popularity_low"": 0.0, ""width_high"": 0.0}",1.4389951964721623,True,0,False,,,,,,,,,,,,,
A_loop_erasure,development,paris_bures_02_multi_tight,"P,P",1532,13,41835.0,664.6000019982457,222.41697143540097,14.993068005258754,13,40,5555.0,110.69999924302101,True,36280.0,553.9000027552247,221.70099228224916,14.820975744211687,100,"{""elevation_high"": 0.0, ""elevation_low"": 76.85750000700352, ""length_high"": 0.0, ""length_low"": 4568.449999999997, ""popularity_low"": 0.0, ""width_high"": 0.0}",1.4389951964721623,True,0,False,,,,,,,,,,,,,
A_loop_erasure,development,paris_bures_02_multi_tight,"P,P",4938,10,41066.0,633.8000036850572,223.04789850484585,14.994521014951541,10,33,4690.0,140.5000017285347,True,36376.0,493.30000195652246,222.3065207829338,15.943204310534417,94,"{""elevation_high"": 0.0, ""elevation_low"": 137.45750080570576, ""length_high"": 0.0, ""length_low"": 4472.449999999997, ""popularity_low"": 0.0, ""width_high"": 0.0}",1.40875659500748,True,0,False,,,,,,,,,,,,,
A_loop_erasure,development,paris_bures_02_multi_tight,"P,P",6867,20,43525.0,676.3000024184585,219.21502584721424,14.692360712234349,20,54,7245.0,122.39999966323376,True,36280.0,553.9000027552247,221.70099228224916,14.820975744211687,100,"{""elevation_high"": 0.0, ""elevation_low"": 76.85750000700352, ""length_high"": 0.0, ""length_low"": 4568.449999999997, ""popularity_low"": 0.0, ""width_high"": 0.0}",1.4389951964721623,True,0,False,,,,,,,,,,,,,
A_loop_erasure,development,paris_bures_02_multi_tight,"P,P",9949,18,43079.0,672.9000018313527,218.34527263864064,14.779707049838668,18,50,6799.0,118.999999076128,True,36280.0,553.9000027552247,221.70099228224916,14.820975744211687,100,"{""elevation_high"": 0.0, ""elevation_low"": 76.85750000700352, ""length_high"": 0.0, ""length_low"": 4568.449999999997, ""popularity_low"": 0.0, ""width_high"": 0.0}",1.4389951964721623,True,0,False,,,,,,,,,,,,,
A_loop_erasure,development,paris_bures_02_multi_tight,"P,P",9950,20,43704.0,676.6000024303794,218.97693574958814,14.654493867838184,20,56,7424.0,122.69999967515469,True,36280.0,553.9000027552247,221.70099228224916,14.820975744211687,100,"{""elevation_high"": 0.0, ""elevation_low"": 76.85750000700352, ""length_high"": 0.0, ""length_low"": 4568.449999999997, ""popularity_low"": 0.0, ""width_high"": 0.0}",1.4389951964721623,True,0,False,,,,,,,,,,,,,
A_loop_erasure,development,paris_bures_02_multi_tight,"P,P",9951,20,43704.0,676.6000024303794,218.97693574958814,14.654493867838184,20,56,7424.0,122.69999967515469,True,36280.0,553.9000027552247,221.70099228224916,14.820975744211687,100,"{""elevation_high"": 0.0, ""elevation_low"": 76.85750000700352, ""length_high"": 0.0, ""length_low"": 4568.449999999997, ""popularity_low"": 0.0, ""width_high"": 0.0}",1.4389951964721623,True,0,False,,,,,,,,,,,,,
A_loop_erasure,development,paris_bures_02_multi_tight,"P,P",9952,19,43499.0,675.8000024184585,219.21455665647485,14.698153980551277,19,52,7219.0,121.89999966323376,True,36280.0,553.9000027552247,221.70099228224916,14.820975744211687,100,"{""elevation_high"": 0.0, ""elevation_low"": 76.85750000700352, ""length_high"": 0.0, ""length_low"": 4568.449999999997, ""popularity_low"": 0.0, ""width_high"": 0.0}",1.4389951964721623,True,0,False,,,,,,,,,,,,,
A_loop_erasure,development,paris_bures_02_multi_tight,"P,P",9953,17,43057.0,672.6000018194318,218.33471909329492,14.784703997027197,17,48,6777.0,118.69999906420708,True,36280.0,553.9000027552247,221.70099228224916,14.820975744211687,100,"{""elevation_high"": 0.0, ""elevation_low"": 76.85750000700352, ""length_high"": 0.0, ""length_low"": 4568.449999999997, ""popularity_low"": 0.0, ""width_high"": 0.0}",1.4389951964721623,True,0,False,,,,,,,,,,,,,
A_loop_erasure,development,paris_bures_02_multi_tight,"P,P",9954,18,43557.0,673.3000018373132,218.29765594508345,14.672383313818674,18,56,7277.0,119.39999908208847,True,36280.0,553.9000027552247,221.70099228224916,14.820975744211687,100,"{""elevation_high"": 0.0, ""elevation_low"": 76.85750000700352, ""length_high"": 0.0, ""length_low"": 4568.449999999997, ""popularity_low"": 0.0, ""width_high"": 0.0}",1.4389951964721623,True,0,False,,,,,,,,,,,,,
A_loop_erasure,development,paris_bures_02_multi_tight,"P,P",9955,18,43557.0,673.3000018373132,218.29765594508345,14.672383313818674,18,56,7277.0,119.39999908208847,True,36280.0,553.9000027552247,221.70099228224916,14.820975744211687,100,"{""elevation_high"": 0.0, ""elevation_low"": 76.85750000700352, ""length_high"": 0.0, ""length_low"": 4568.449999999997, ""popularity_low"": 0.0, ""width_high"": 0.0}",1.4389951964721623,True,0,False,,,,,,,,,,,,,
A_loop_erasure,development,paris_bures_02_multi_tight,"P,P",9957,18,43206.0,673.0000018328428,218.3075267323983,14.750960514743323,18,52,6926.0,119.09999907761812,True,36280.0,553.9000027552247,221.70099228224916,14.820975744211687,100,"{""elevation_high"": 0.0, ""elevation_low"": 76.85750000700352, ""length_high"": 0.0, ""length_low"": 4568.449999999997, ""popularity_low"": 0.0, ""width_high"": 0.0}",1.4389951964721623,True,0,False,,,,,,,,,,,,,
A_loop_erasure,development,paris_bures_02_multi_tight,"P,P",9958,18,43206.0,673.0000018328428,218.3075267323983,14.750960514743323,18,52,6926.0,119.09999907761812,True,36280.0,553.9000027552247,221.70099228224916,14.820975744211687,100,"{""elevation_high"": 0.0, ""elevation_low"": 76.85750000700352, ""length_high"": 0.0, ""length_low"": 4568.449999999997, ""popularity_low"": 0.0, ""width_high"": 0.0}",1.4389951964721623,True,0,False,,,,,,,,,,,,,
A_loop_erasure,development,paris_bures_02_multi_tight,"P,P",9959,16,42409.0,666.4000020101666,220.34148411893702,14.857813200028296,16,46,6129.0,112.49999925494194,True,36280.0,553.9000027552247,221.70099228224916,14.820975744211687,100,"{""elevation_high"": 0.0, ""elevation_low"": 76.85750000700352, ""length_high"": 0.0, ""length_low"": 4568.449999999997, ""popularity_low"": 0.0, ""width_high"": 0.0}",1.4389951964721623,True,0,False,,,,,,,,,,,,,
A_loop_erasure,development,paris_bures_02_multi_tight,"P,P",10013,19,43627.0,675.1000018119812,218.1782153253719,14.656863868705159,19,59,7347.0,121.1999990567565,True,36280.0,553.9000027552247,221.70099228224916,14.820975744211687,100,"{""elevation_high"": 0.0, ""elevation_low"": 76.85750000700352, ""length_high"": 0.0, ""length_low"": 4568.449999999997, ""popularity_low"": 0.0, ""width_high"": 0.0}",1.4389951964721623,True,0,False,,,,,,,,,,,,,
A_loop_erasure,development,paris_bures_02_multi_tight,"P,P",10014,18,43557.0,673.3000018373132,218.29765594508345,14.672383313818674,18,56,7277.0,119.39999908208847,True,36280.0,553.9000027552247,221.70099228224916,14.820975744211687,100,"{""elevation_high"": 0.0, ""elevation_low"": 76.85750000700352, ""length_high"": 0.0, ""length_low"": 4568.449999999997, ""popularity_low"": 0.0, ""width_high"": 0.0}",1.4389951964721623,True,0,False,,,,,,,,,,,,,
A_loop_erasure,development,paris_bures_02_multi_tight,"P,P",10015,18,43573.0,673.7000018358231,218.29864824547312,14.668831615908934,18,57,7293.0,119.79999908059835,True,36280.0,553.9000027552247,221.70099228224916,14.820975744211687,100,"{""elevation_high"": 0.0, ""elevation_low"": 76.85750000700352, ""length_high"": 0.0, ""length_low"": 4568.449999999997, ""popularity_low"": 0.0, ""width_high"": 0.0}",1.4389951964721623,True,0,False,,,,,,,,,,,,,
A_loop_erasure,development,paris_bures_02_multi_tight,"P,P",10016,18,43557.0,673.3000018373132,218.29765594508345,14.672383313818674,18,56,7277.0,119.39999908208847,True,36280.0,553.9000027552247,221.70099228224916,14.820975744211687,100,"{""elevation_high"": 0.0, ""elevation_low"": 76.85750000700352, ""length_high"": 0.0, ""length_low"": 4568.449999999997, ""popularity_low"": 0.0, ""width_high"": 0.0}",1.4389951964721623,True,0,False,,,,,,,,,,,,,
A_loop_erasure,development,paris_bures_02_multi_tight,"P,P",10017,17,42739.0,667.0000020340085,219.65937434193594,14.781698214745315,17,48,6459.0,113.0999992787838,True,36280.0,553.9000027552247,221.70099228224916,14.820975744211687,100,"{""elevation_high"": 0.0, ""elevation_low"": 76.85750000700352, ""length_high"": 0.0, ""length_low"": 4568.449999999997, ""popularity_low"": 0.0, ""width_high"": 0.0}",1.4389951964721623,True,0,False,,,,,,,,,,,,,
A_loop_erasure,development,paris_bures_02_multi_tight,"P,P",10018,18,42787.0,667.2000020369887,219.65078177951247,14.776333933204011,18,50,6507.0,113.29999928176403,True,36280.0,553.9000027552247,221.70099228224916,14.820975744211687,100,"{""elevation_high"": 0.0, ""elevation_low"": 76.85750000700352, ""length_high"": 0.0, ""length_low"": 4568.449999999997, ""popularity_low"": 0.0, ""width_high"": 0.0}",1.4389951964721623,True,0,False,,,,,,,,,,,,,
A_loop_erasure,development,paris_bures_02_multi_tight,"P,P",10019,20,43093.0,669.9000019952655,218.22054626041353,14.742417562017033,20,54,6813.0,115.99999924004078,True,36280.0,553.9000027552247,221.70099228224916,14.820975744211687,100,"{""elevation_high"": 0.0, ""elevation_low"": 76.85750000700352, ""length_high"": 0.0, ""length_low"": 4568.449999999997, ""popularity_low"": 0.0, ""width_high"": 0.0}",1.4389951964721623,True,0,False,,,,,,,,,,,,,
A_loop_erasure,development,paris_bures_02_multi_tight,"P,P",10020,19,42833.0,667.6000020429492,219.53302360329653,14.77120444517078,19,52,6553.0,113.6999992877245,True,36280.0,553.9000027552247,221.70099228224916,14.820975744211687,100,"{""elevation_high"": 0.0, ""elevation_low"": 76.85750000700352, ""length_high"": 0.0, ""length_low"": 4568.449999999997, ""popularity_low"": 0.0, ""width_high"": 0.0}",1.4389951964721623,True,0,False,,,,,,,,,,,,,
A_loop_erasure,development,paris_bures_02_multi_tight,"P,P",10021,15,42079.0,666.1000019982457,221.54476104470163,14.935122032367689,15,44,5799.0,112.19999924302101,True,36280.0,553.9000027552247,221.70099228224916,14.820975744211687,100,"{""elevation_high"": 0.0, ""elevation_low"": 76.85750000700352, ""length_high"": 0.0, ""length_low"": 4568.449999999997, ""popularity_low"": 0.0, ""width_high"": 0.0}",1.4389951964721623,True,0,False,,,,,,,,,,,,,
A_loop_erasure,development,paris_bures_02_multi_tight,"P,P",10022,14,42003.0,665.5000019744039,221.89134109468372,14.953098588196081,14,42,5723.0,111.59999921917915,True,36280.0,553.9000027552247,221.70099228224916,14.820975744211687,100,"{""elevation_high"": 0.0, ""elevation_low"": 76.85750000700352, ""length_high"": 0.0, ""length_low"": 4568.449999999997, ""popularity_low"": 0.0, ""width_high"": 0.0}",1.4389951964721623,True,0,False,,,,,,,,,,,,,
A_loop_erasure,development,paris_bures_02_multi_tight,"P,P",10023,15,42321.0,665.8000019863248,220.67488953474634,14.87831100399329,15,44,6041.0,111.89999923110008,True,36280.0,553.9000027552247,221.70099228224916,14.820975744211687,100,"{""elevation_high"": 0.0, ""elevation_low"": 76.85750000700352, ""length_high"": 0.0, ""length_low"": 4568.449999999997, ""popularity_low"": 0.0, ""width_high"": 0.0}",1.4389951964721623,True,0,False,,,,,,,,,,,,,
A_loop_erasure,development,paris_bures_02_multi_tight,"P,P",10024,16,42497.0,667.3000019863248,219.89349836459044,14.858107631126902,16,46,6217.0,113.39999923110008,True,36280.0,553.9000027552247,221.70099228224916,14.820975744211687,100,"{""elevation_high"": 0.0, ""elevation_low"": 76.85750000700352, ""length_high"": 0.0, ""length_low"": 4568.449999999997, ""popularity_low"": 0.0, ""width_high"": 0.0}",1.4389951964721623,True,0,False,,,,,,,,,,,,,
A_loop_erasure,development,paris_bures_02_multi_tight,"P,P",10025,17,42585.0,667.6000020578504,219.55068686157097,14.837736292121638,17,48,6305.0,113.69999930262566,True,36280.0,553.9000027552247,221.70099228224916,14.820975744211687,100,"{""elevation_high"": 0.0, ""elevation_low"": 76.85750000700352, ""length_high"": 0.0, ""length_low"": 4568.449999999997, ""popularity_low"": 0.0, ""width_high"": 0.0}",1.4389951964721623,True,0,False,,,,,,,,,,,,,
A_loop_erasure,development,paris_bures_02_multi_tight,"P,P",13694,12,41683.0,661.900001950562,222.41119881006645,14.993042727250918,12,38,5403.0,107.9999991953373,True,36280.0,553.9000027552247,221.70099228224916,14.820975744211687,100,"{""elevation_high"": 0.0, ""elevation_low"": 76.85750000700352, ""length_high"": 0.0, ""length_low"": 4568.449999999997, ""popularity_low"": 0.0, ""width_high"": 0.0}",1.4389951964721623,True,0,False,,,,,,,,,,,,,
A_loop_erasure,development,paris_bures_02_multi_tight,"P,P",17089,9,42324.0,635.2000023499131,223.09944712220016,14.697452981759758,9,31,5948.0,141.90000039339066,True,36376.0,493.30000195652246,222.3065207829338,15.943204310534417,94,"{""elevation_high"": 0.0, ""elevation_low"": 137.45750080570576, ""length_high"": 0.0, ""length_low"": 4472.449999999997, ""popularity_low"": 0.0, ""width_high"": 0.0}",1.40875659500748,True,0,False,,,,,,,,,,,,,
A_loop_erasure,development,paris_bures_02_multi_tight,"P,P",20338,11,41667.0,661.5000019446015,222.4094367245062,14.993040055679554,11,36,5387.0,107.59999918937683,True,36280.0,553.9000027552247,221.70099228224916,14.820975744211687,100,"{""elevation_high"": 0.0, ""elevation_low"": 76.85750000700352, ""length_high"": 0.0, ""length_low"": 4568.449999999997, ""popularity_low"": 0.0, ""width_high"": 0.0}",1.4389951964721623,True,0,False,,,,,,,,,,,,,
A_loop_erasure,development,paris_bures_02_multi_tight,"P,S",1475,11,42750.0,676.2000020295382,212.1854269005848,15.161169590643276,11,54,7797.0,121.89999949932098,True,34953.0,554.3000025302172,210.37458873344204,14.966383429176323,106,"{""elevation_high"": 0.0, ""elevation_low"": 76.45750023201106, ""length_high"": 0.0, ""length_low"": 5895.449999999997, ""popularity_low"": 0.0, ""width_high"": 0.0}",1.8569808646350097,True,0,False,,,,,,,,,,,,,
A_loop_erasure,development,paris_bures_02_multi_tight,"P,S",1476,11,42923.0,677.5000015646219,211.95964867320552,15.178575588845142,11,60,7970.0,123.19999903440475,True,34953.0,554.3000025302172,210.37458873344204,14.966383429176323,106,"{""elevation_high"": 0.0, ""elevation_low"": 76.45750023201106, ""length_high"": 0.0, ""length_low"": 5895.449999999997, ""popularity_low"": 0.0, ""width_high"": 0.0}",1.8569808646350097,True,0,False,,,,,,,,,,,,,
A_loop_erasure,development,paris_bures_02_multi_tight,"P,S",1876,11,42923.0,677.5000015646219,211.95964867320552,15.178575588845142,11,60,7970.0,123.19999903440475,True,34953.0,554.3000025302172,210.37458873344204,14.966383429176323,106,"{""elevation_high"": 0.0, ""elevation_low"": 76.45750023201106, ""length_high"": 0.0, ""length_low"": 5895.449999999997, ""popularity_low"": 0.0, ""width_high"": 0.0}",1.8569808646350097,True,0,False,,,,,,,,,,,,,
A_loop_erasure,development,paris_bures_02_multi_tight,"P,S",1892,18,43407.0,679.3000015541911,209.27097012002673,14.612504895523763,18,66,8454.0,124.99999902397394,True,34953.0,554.3000025302172,210.37458873344204,14.966383429176323,106,"{""elevation_high"": 0.0, ""elevation_low"": 76.45750023201106, ""length_high"": 0.0, ""length_low"": 5895.449999999997, ""popularity_low"": 0.0, ""width_high"": 0.0}",1.8569808646350097,True,0,False,,,,,,,,,,,,,
A_loop_erasure,development,paris_bures_02_multi_tight,"P,S",1893,18,43407.0,679.3000015541911,209.27097012002673,14.612504895523763,18,66,8454.0,124.99999902397394,True,34953.0,554.3000025302172,210.37458873344204,14.966383429176323,106,"{""elevation_high"": 0.0, ""elevation_low"": 76.45750023201106, ""length_high"": 0.0, ""length_low"": 5895.449999999997, ""popularity_low"": 0.0, ""width_high"": 0.0}",1.8569808646350097,True,0,False,,,,,,,,,,,,,
A_loop_erasure,development,paris_bures_02_multi_tight,"P,S",1894,18,43407.0,679.3000015541911,209.27097012002673,14.612504895523763,18,66,8454.0,124.99999902397394,True,34953.0,554.3000025302172,210.37458873344204,14.966383429176323,106,"{""elevation_high"": 0.0, ""elevation_low"": 76.45750023201106, ""length_high"": 0.0, ""length_low"": 5895.449999999997, ""popularity_low"": 0.0, ""width_high"": 0.0}",1.8569808646350097,True,0,False,,,,,,,,,,,,,
A_loop_erasure,development,paris_bures_02_multi_tight,"P,S",1895,18,43407.0,679.3000015541911,209.27097012002673,14.612504895523763,18,66,8454.0,124.99999902397394,True,34953.0,554.3000025302172,210.37458873344204,14.966383429176323,106,"{""elevation_high"": 0.0, ""elevation_low"": 76.45750023201106, ""length_high"": 0.0, ""length_low"": 5895.449999999997, ""popularity_low"": 0.0, ""width_high"": 0.0}",1.8569808646350097,True,0,False,,,,,,,,,,,,,
A_loop_erasure,development,paris_bures_02_multi_tight,"P,S",1896,18,43407.0,679.3000015541911,209.27097012002673,14.612504895523763,18,66,8454.0,124.99999902397394,True,34953.0,554.3000025302172,210.37458873344204,14.966383429176323,106,"{""elevation_high"": 0.0, ""elevation_low"": 76.45750023201106, ""length_high"": 0.0, ""length_low"": 5895.449999999997, ""popularity_low"": 0.0, ""width_high"": 0.0}",1.8569808646350097,True,0,False,,,,,,,,,,,,,
A_loop_erasure,development,paris_bures_02_multi_tight,"P,S",1897,18,43407.0,679.3000015541911,209.27097012002673,14.612504895523763,18,66,8454.0,124.99999902397394,True,34953.0,554.3000025302172,210.37458873344204,14.966383429176323,106,"{""elevation_high"": 0.0, ""elevation_low"": 76.45750023201106, ""length_high"": 0.0, ""length_low"": 5895.449999999997, ""popularity_low"": 0.0, ""width_high"": 0.0}",1.8569808646350097,True,0,False,,,,,,,,,,,,,
A_loop_erasure,development,paris_bures_02_multi_tight,"P,S",1898,18,43407.0,679.3000015541911,209.27097012002673,14.612504895523763,18,66,8454.0,124.99999902397394,True,34953.0,554.3000025302172,210.37458873344204,14.966383429176323,106,"{""elevation_high"": 0.0, ""elevation_low"": 76.45750023201106, ""length_high"": 0.0, ""length_low"": 5895.449999999997, ""popularity_low"": 0.0, ""width_high"": 0.0}",1.8569808646350097,True,0,False,,,,,,,,,,,,,
A_loop_erasure,development,paris_bures_02_multi_tight,"P,S",1899,18,43407.0,679.3000015541911,209.27097012002673,14.612504895523763,18,66,8454.0,124.99999902397394,True,34953.0,554.3000025302172,210.37458873344204,14.966383429176323,106,"{""elevation_high"": 0.0, ""elevation_low"": 76.45750023201106, ""length_high"": 0.0, ""length_low"": 5895.449999999997, ""popularity_low"": 0.0, ""width_high"": 0.0}",1.8569808646350097,True,0,False,,,,,,,,,,,,,
A_loop_erasure,development,paris_bures_02_multi_tight,"P,S",1900,18,43504.0,680.100001566112,209.07642975358587,14.574981610886356,18,69,8551.0,125.79999903589487,True,34953.0,554.3000025302172,210.37458873344204,14.966383429176323,106,"{""elevation_high"": 0.0, ""elevation_low"": 76.45750023201106, ""length_high"": 0.0, ""length_low"": 5895.449999999997, ""popularity_low"": 0.0, ""width_high"": 0.0}",1.8569808646350097,True,0,False,,,,,,,,,,,,,
A_loop_erasure,development,paris_bures_02_multi_tight,"P,S",1901,18,43465.0,679.600001566112,209.1452663062234,14.583572989761878,18,68,8512.0,125.29999903589487,True,34953.0,554.3000025302172,210.37458873344204,14.966383429176323,106,"{""elevation_high"": 0.0, ""elevation_low"": 76.45750023201106, ""length_high"": 0.0, ""length_low"": 5895.449999999997, ""popularity_low"": 0.0, ""width_high"": 0.0}",1.8569808646350097,True,0,False,,,,,,,,,,,,,
A_loop_erasure,development,paris_bures_02_multi_tight,"P,S",1902,18,43465.0,679.600001566112,209.1452663062234,14.583572989761878,18,68,8512.0,125.29999903589487,True,34953.0,554.3000025302172,210.37458873344204,14.966383429176323,106,"{""elevation_high"": 0.0, ""elevation_low"": 76.45750023201106, ""length_high"": 0.0, ""length_low"": 5895.449999999997, ""popularity_low"": 0.0, ""width_high"": 0.0}",1.8569808646350097,True,0,False,,,,,,,,,,,,,
A_loop_erasure,development,paris_bures_02_multi_tight,"P,S",5357,11,42923.0,677.5000015646219,211.95964867320552,15.178575588845142,11,60,7970.0,123.19999903440475,True,34953.0,554.3000025302172,210.37458873344204,14.966383429176323,106,"{""elevation_high"": 0.0, ""elevation_low"": 76.45750023201106, ""length_high"": 0.0, ""length_low"": 5895.449999999997, ""popularity_low"": 0.0, ""width_high"": 0.0}",1.8569808646350097,True,0,False,,,,,,,,,,,,,
A_loop_erasure,development,paris_bures_02_multi_tight,"P,S",5359,11,42750.0,676.2000020295382,212.1854269005848,15.161169590643276,11,54,7797.0,121.89999949932098,True,34953.0,554.3000025302172,210.37458873344204,14.966383429176323,106,"{""elevation_high"": 0.0, ""elevation_low"": 76.45750023201106, ""length_high"": 0.0, ""length_low"": 5895.449999999997, ""popularity_low"": 0.0, ""width_high"": 0.0}",1.8569808646350097,True,0,False,,,,,,,,,,,,,
A_loop_erasure,development,paris_bures_02_multi_tight,"P,S",5360,11,42750.0,676.2000020295382,212.1854269005848,15.161169590643276,11,54,7797.0,121.89999949932098,True,34953.0,554.3000025302172,210.37458873344204,14.966383429176323,106,"{""elevation_high"": 0.0, ""elevation_low"": 76.45750023201106, ""length_high"": 0.0, ""length_low"": 5895.449999999997, ""popularity_low"": 0.0, ""width_high"": 0.0}",1.8569808646350097,True,0,False,,,,,,,,,,,,,
A_loop_erasure,development,paris_bures_02_multi_tight,"P,S",5363,11,42890.0,675.9000015184283,211.98395896479366,15.193285148053159,11,59,7937.0,121.59999898821115,True,34953.0,554.3000025302172,210.37458873344204,14.966383429176323,106,"{""elevation_high"": 0.0, ""elevation_low"": 76.45750023201106, ""length_high"": 0.0, ""length_low"": 5895.449999999997, ""popularity_low"": 0.0, ""width_high"": 0.0}",1.8569808646350097,True,0,False,,,,,,,,,,,,,
A_loop_erasure,development,paris_bures_02_multi_tight,"P,S",6866,18,43407.0,679.3000015541911,209.27097012002673,14.612504895523763,18,66,8454.0,124.99999902397394,True,34953.0,554.3000025302172,210.37458873344204,14.966383429176323,106,"{""elevation_high"": 0.0, ""elevation_low"": 76.45750023201106, ""length_high"": 0.0, ""length_low"": 5895.449999999997, ""popularity_low"": 0.0, ""width_high"": 0.0}",1.8569808646350097,True,0,False,,,,,,,,,,,,,
A_loop_erasure,development,paris_bures_02_multi_tight,"P,S",6867,18,42144.0,675.9000016450882,209.21737376613515,14.814682991647684,18,53,7191.0,121.59999911487103,True,34953.0,554.3000025302172,210.37458873344204,14.966383429176323,106,"{""elevation_high"": 0.0, ""elevation_low"": 76.45750023201106, ""length_high"": 0.0, ""length_low"": 5895.449999999997, ""popularity_low"": 0.0, ""width_high"": 0.0}",1.8569808646350097,True,0,False,,,,,,,,,,,,,
A_loop_erasure,development,paris_bures_02_multi_tight,"P,S",7743,18,42666.0,678.8000017553568,207.91044391318616,14.694604603196925,18,59,7713.0,124.49999922513962,True,34953.0,554.3000025302172,210.37458873344204,14.966383429176323,106,"{""elevation_high"": 0.0, ""elevation_low"": 76.45750023201106, ""length_high"": 0.0, ""length_low"": 5895.449999999997, ""popularity_low"": 0.0, ""width_high"": 0.0}",1.8569808646350097,True,0,False,,,,,,,,,,,,,
A_loop_erasure,development,paris_bures_02_multi_tight,"P,S",7744,18,42666.0,678.8000017553568,207.91044391318616,14.694604603196925,18,59,7713.0,124.49999922513962,True,34953.0,554.3000025302172,210.37458873344204,14.966383429176323,106,"{""elevation_high"": 0.0, ""elevation_low"": 76.45750023201106, ""length_high"": 0.0, ""length_low"": 5895.449999999997, ""popularity_low"": 0.0, ""width_high"": 0.0}",1.8569808646350097,True,0,False,,,,,,,,,,,,,
A_loop_erasure,development,paris_bures_02_multi_tight,"P,S",7745,19,42976.0,683.0000018253922,206.37518615040952,14.62467423678332,19,59,8023.0,128.69999929517508,True,34953.0,554.3000025302172,210.37458873344204,14.966383429176323,106,"{""elevation_high"": 0.0, ""elevation_low"": 76.45750023201106, ""length_high"": 0.0, ""length_low"": 5895.449999999997, ""popularity_low"": 0.0, ""width_high"": 0.0}",1.8569808646350097,True,0,False,,,,,,,,,,,,,
A_loop_erasure,development,paris_bures_02_multi_tight,"P,S",7746,18,42666.0,678.8000017553568,207.91044391318616,14.694604603196925,18,59,7713.0,124.49999922513962,True,34953.0,554.3000025302172,210.37458873344204,14.966383429176323,106,"{""elevation_high"": 0.0, ""elevation_low"": 76.45750023201106, ""length_high"": 0.0, ""length_low"": 5895.449999999997, ""popularity_low"": 0.0, ""width_high"": 0.0}",1.8569808646350097,True,0,False,,,,,,,,,,,,,
A_loop_erasure,development,paris_bures_02_multi_tight,"P,S",7747,18,42986.0,683.600001566112,206.55185409202997,14.622435211464198,18,63,8033.0,129.29999903589487,True,34953.0,554.3000025302172,210.37458873344204,14.966383429176323,106,"{""elevation_high"": 0.0, ""elevation_low"": 76.45750023201106, ""length_high"": 0.0, ""length_low"": 5895.449999999997, ""popularity_low"": 0.0, ""width_high"": 0.0}",1.8569808646350097,True,0,False,,,,,,,,,,,,,
A_loop_erasure,development,paris_bures_02_multi_tight,"P,S",7748,19,42716.0,681.7000018358231,207.27280176046446,14.683256859256485,19,55,7763.0,127.39999930560589,True,34953.0,554.3000025302172,210.37458873344204,14.966383429176323,106,"{""elevation_high"": 0.0, ""elevation_low"": 76.45750023201106, ""length_high"": 0.0, ""length_low"": 5895.449999999997, ""popularity_low"": 0.0, ""width_high"": 0.0}",1.8569808646350097,True,0,False,,,,,,,,,,,,,
A_loop_erasure,development,paris_bures_02_multi_tight,"P,S",7749,19,43887.0,685.4000014588237,207.51805773919384,14.50737120331761,19,68,8934.0,131.0999989286065,True,34953.0,554.3000025302172,210.37458873344204,14.966383429176323,106,"{""elevation_high"": 0.0, ""elevation_low"": 76.45750023201106, ""length_high"": 0.0, ""length_low"": 5895.449999999997, ""popularity_low"": 0.0, ""width_high"": 0.0}",1.8569808646350097,True,0,False,,,,,,,,,,,,,
A_loop_erasure,development,paris_bures_02_multi_tight,"P,S",9196,11,42750.0,676.2000020295382,212.1854269005848,15.161169590643276,11,54,7797.0,121.89999949932098,True,34953.0,554.3000025302172,210.37458873344204,14.966383429176323,106,"{""elevation_high"": 0.0, ""elevation_low"": 76.45750023201106, ""length_high"": 0.0, ""length_low"": 5895.449999999997, ""popularity_low"": 0.0, ""width_high"": 0.0}",1.8569808646350097,True,0,False,,,,,,,,,,,,,
A_loop_erasure,development,paris_bures_02_multi_tight,"P,S",9197,11,42890.0,675.9000015184283,211.98395896479366,15.193285148053159,11,59,7937.0,121.59999898821115,True,34953.0,554.3000025302172,210.37458873344204,14.966383429176323,106,"{""elevation_high"": 0.0, ""elevation_low"": 76.45750023201106, ""length_high"": 0.0, ""length_low"": 5895.449999999997, ""popularity_low"": 0.0, ""width_high"": 0.0}",1.8569808646350097,True,0,False,,,,,,,,,,,,,
A_loop_erasure,development,paris_bures_02_multi_tight,"P,S",9890,19,43942.0,682.9000015184283,208.25831778253152,14.529379636793955,19,71,8989.0,128.59999898821115,True,34953.0,554.3000025302172,210.37458873344204,14.966383429176323,106,"{""elevation_high"": 0.0, ""elevation_low"": 76.45750023201106, ""length_high"": 0.0, ""length_low"": 5895.449999999997, ""popularity_low"": 0.0, ""width_high"": 0.0}",1.8569808646350097,True,0,False,,,,,,,,,,,,,
A_loop_erasure,development,paris_bures_02_multi_tight,"P,S",9949,18,41752.0,673.3000016063452,208.75663441272275,14.900124544931979,18,50,6799.0,118.999999076128,True,34953.0,554.3000025302172,210.37458873344204,14.966383429176323,106,"{""elevation_high"": 0.0, ""elevation_low"": 76.45750023201106, ""length_high"": 0.0, ""length_low"": 5895.449999999997, ""popularity_low"": 0.0, ""width_high"": 0.0}",1.8569808646350097,True,0,False,,,,,,,,,,,,,
A_loop_erasure,development,paris_bures_02_multi_tight,"P,S",9950,18,42323.0,676.2000016570091,209.01379864376344,14.775063204404224,18,55,7370.0,121.89999912679195,True,34953.0,554.3000025302172,210.37458873344204,14.966383429176323,106,"{""elevation_high"": 0.0, ""elevation_low"": 76.45750023201106, ""length_high"": 0.0, ""length_low"": 5895.449999999997, ""popularity_low"": 0.0, ""width_high"": 0.0}",1.8569808646350097,True,0,False,,,,,,,,,,,,,
A_loop_erasure,development,paris_bures_02_multi_tight,"P,S",9951,18,42323.0,676.2000016570091,209.01379864376344,14.775063204404224,18,55,7370.0,121.89999912679195,True,34953.0,554.3000025302172,210.37458873344204,14.966383429176323,106,"{""elevation_high"": 0.0, ""elevation_low"": 76.45750023201106, ""length_high"": 0.0, ""length_low"": 5895.449999999997, ""popularity_low"": 0.0, ""width_high"": 0.0}",1.8569808646350097,True,0,False,,,,,,,,,,,,,
A_loop_erasure,development,paris_bures_02_multi_tight,"P,S",9952,17,42118.0,675.4000016450882,209.21071750795383,14.820741725627997,17,51,7165.0,121.09999911487103,True,34953.0,554.3000025302172,210.37458873344204,14.966383429176323,106,"{""elevation_high"": 0.0, ""elevation_low"": 76.45750023201106, ""length_high"": 0.0, ""length_low"": 5895.449999999997, ""popularity_low"": 0.0, ""width_high"": 0.0}",1.8569808646350097,True,0,False,,,,,,,,,,,,,
A_loop_erasure,development,paris_bures_02_multi_tight,"P,S",9953,17,41730.0,673.0000015944242,208.74069015097052,14.905343877306494,17,48,6777.0,118.69999906420708,True,34953.0,554.3000025302172,210.37458873344204,14.966383429176323,106,"{""elevation_high"": 0.0, ""elevation_low"": 76.45750023201106, ""length_high"": 0.0, ""length_low"": 5895.449999999997, ""popularity_low"": 0.0, ""width_high"": 0.0}",1.8569808646350097,True,0,False,,,,,,,,,,,,,
A_loop_erasure,development,paris_bures_02_multi_tight,"P,S",9954,18,42230.0,673.7000016123056,208.8160549372484,14.788065356381718,18,56,7277.0,119.39999908208847,True,34953.0,554.3000025302172,210.37458873344204,14.966383429176323,106,"{""elevation_high"": 0.0, ""elevation_low"": 76.45750023201106, ""length_high"": 0.0, ""length_low"": 5895.449999999997, ""popularity_low"": 0.0, ""width_high"": 0.0}",1.8569808646350097,True,0,False,,,,,,,,,,,,,
A_loop_erasure,development,paris_bures_02_multi_tight,"P,S",9955,18,42230.0,673.7000016123056,208.8160549372484,14.788065356381718,18,56,7277.0,119.39999908208847,True,34953.0,554.3000025302172,210.37458873344204,14.966383429176323,106,"{""elevation_high"": 0.0, ""elevation_low"": 76.45750023201106, ""length_high"": 0.0, ""length_low"": 5895.449999999997, ""popularity_low"": 0.0, ""width_high"": 0.0}",1.8569808646350097,True,0,False,,,,,,,,,,,,,
A_loop_erasure,development,paris_bures_02_multi_tight,"P,S",9956,18,43407.0,679.3000015541911,209.27097012002673,14.612504895523763,18,66,8454.0,124.99999902397394,True,34953.0,554.3000025302172,210.37458873344204,14.966383429176323,106,"{""elevation_high"": 0.0, ""elevation_low"": 76.45750023201106, ""length_high"": 0.0, ""length_low"": 5895.449999999997, ""popularity_low"": 0.0, ""width_high"": 0.0}",1.8569808646350097,True,0,False,,,,,,,,,,,,,
A_loop_erasure,development,paris_bures_02_multi_tight,"P,S",9957,18,41879.0,673.4000016078353,208.74677045774732,14.870101960409752,18,52,6926.0,119.09999907761812,True,34953.0,554.3000025302172,210.37458873344204,14.966383429176323,106,"{""elevation_high"": 0.0, ""elevation_low"": 76.45750023201106, ""length_high"": 0.0, ""length_low"": 5895.449999999997, ""popularity_low"": 0.0, ""width_high"": 0.0}",1.8569808646350097,True,0,False,,,,,,,,,,,,,
A_loop_erasure,development,paris_bures_02_multi_tight,"P,S",9958,18,41879.0,673.4000016078353,208.74677045774732,14.870101960409752,18,52,6926.0,119.09999907761812,True,34953.0,554.3000025302172,210.37458873344204,14.966383429176323,106,"{""elevation_high"": 0.0, ""elevation_low"": 76.45750023201106, ""length_high"": 0.0, ""length_low"": 5895.449999999997, ""popularity_low"": 0.0, ""width_high"": 0.0}",1.8569808646350097,True,0,False,,,,,,,,,,,,,
A_loop_erasure,development,paris_bures_02_multi_tight,"P,S",9959,16,41082.0,666.8000017851591,210.66094639988316,14.982717491845577,16,46,6129.0,112.49999925494194,True,34953.0,554.3000025302172,210.37458873344204,14.966383429176323,106,"{""elevation_high"": 0.0, ""elevation_low"": 76.45750023201106, ""length_high"": 0.0, ""length_low"": 5895.449999999997, ""popularity_low"": 0.0, ""width_high"": 0.0}",1.8569808646350097,True,0,False,,,,,,,,,,,,,
A_loop_erasure,development,paris_bures_02_multi_tight,"P,S",10013,19,42300.0,675.5000015869737,208.70855791962174,14.771867612293144,19,59,7347.0,121.1999990567565,True,34953.0,554.3000025302172,210.37458873344204,14.966383429176323,106,"{""elevation_high"": 0.0, ""elevation_low"": 76.45750023201106, ""length_high"": 0.0, ""length_low"": 5895.449999999997, ""popularity_low"": 0.0, ""width_high"": 0.0}",1.8569808646350097,True,0,False,,,,,,,,,,,,,
A_loop_erasure,development,paris_bures_02_multi_tight,"P,S",10014,18,42230.0,673.7000016123056,208.8160549372484,14.788065356381718,18,56,7277.0,119.39999908208847,True,34953.0,554.3000025302172,210.37458873344204,14.966383429176323,106,"{""elevation_high"": 0.0, ""elevation_low"": 76.45750023201106, ""length_high"": 0.0, ""length_low"": 5895.449999999997, ""popularity_low"": 0.0, ""width_high"": 0.0}",1.8569808646350097,True,0,False,,,,,,,,,,,,,
A_loop_erasure,development,paris_bures_02_multi_tight,"P,S",10015,18,42246.0,674.1000016108155,208.82066941248877,14.784358282440941,18,57,7293.0,119.79999908059835,True,34953.0,554.3000025302172,210.37458873344204,14.966383429176323,106,"{""elevation_high"": 0.0, ""elevation_low"": 76.45750023201106, ""length_high"": 0.0, ""length_low"": 5895.449999999997, ""popularity_low"": 0.0, ""width_high"": 0.0}",1.8569808646350097,True,0,False,,,,,,,,,,,,,
A_loop_erasure,development,paris_bures_02_multi_tight,"P,S",10016,18,42230.0,673.7000016123056,208.8160549372484,14.788065356381718,18,56,7277.0,119.39999908208847,True,34953.0,554.3000025302172,210.37458873344204,14.966383429176323,106,"{""elevation_high"": 0.0, ""elevation_low"": 76.45750023201106, ""length_high"": 0.0, ""length_low"": 5895.449999999997, ""popularity_low"": 0.0, ""width_high"": 0.0}",1.8569808646350097,True,0,False,,,,,,,,,,,,,
A_loop_erasure,development,paris_bures_02_multi_tight,"P,S",10017,17,41412.0,667.400001809001,210.03412054476962,14.90316816381725,17,48,6459.0,113.0999992787838,True,34953.0,554.3000025302172,210.37458873344204,14.966383429176323,106,"{""elevation_high"": 0.0, ""elevation_low"": 76.45750023201106, ""length_high"": 0.0, ""length_low"": 5895.449999999997, ""popularity_low"": 0.0, ""width_high"": 0.0}",1.8569808646350097,True,0,False,,,,,,,,,,,,,
A_loop_erasure,development,paris_bures_02_multi_tight,"P,S",10018,18,41460.0,667.6000018119812,210.0363965267728,14.897491558128316,18,50,6507.0,113.29999928176403,True,34953.0,554.3000025302172,210.37458873344204,14.966383429176323,106,"{""elevation_high"": 0.0, ""elevation_low"": 76.45750023201106, ""length_high"": 0.0, ""length_low"": 5895.449999999997, ""popularity_low"": 0.0, ""width_high"": 0.0}",1.8569808646350097,True,0,False,,,,,,,,,,,,,
A_loop_erasure,development,paris_bures_02_multi_tight,"P,S",10019,20,41766.0,670.300001770258,208.6311593161902,14.86160992194608,20,54,6813.0,115.99999924004078,True,34953.0,554.3000025302172,210.37458873344204,14.966383429176323,106,"{""elevation_high"": 0.0, ""elevation_low"": 76.45750023201106, ""length_high"": 0.0, ""length_low"": 5895.449999999997, ""popularity_low"": 0.0, ""width_high"": 0.0}",1.8569808646350097,True,0,False,,,,,,,,,,,,,
A_loop_erasure,development,paris_bures_02_multi_tight,"P,S",10020,19,41506.0,668.0000018179417,209.92552883920396,14.892063798005108,19,52,6553.0,113.6999992877245,True,34953.0,554.3000025302172,210.37458873344204,14.966383429176323,106,"{""elevation_high"": 0.0, ""elevation_low"": 76.45750023201106, ""length_high"": 0.0, ""length_low"": 5895.449999999997, ""popularity_low"": 0.0, ""width_high"": 0.0}",1.8569808646350097,True,0,False,,,,,,,,,,,,,
A_loop_erasure,development,paris_bures_02_multi_tight,"P,S",10023,15,40994.0,666.2000017613173,210.9843635653998,15.004146948333903,15,44,6041.0,111.89999923110008,True,34953.0,554.3000025302172,210.37458873344204,14.966383429176323,106,"{""elevation_high"": 0.0, ""elevation_low"": 76.45750023201106, ""length_high"": 0.0, ""length_low"": 5895.449999999997, ""popularity_low"": 0.0, ""width_high"": 0.0}",1.8569808646350097,True,0,False,,,,,,,,,,,,,
A_loop_erasure,development,paris_bures_02_multi_tight,"P,S",10024,16,41170.0,667.7000017613173,210.21921301918874,14.982754432839446,16,46,6217.0,113.39999923110008,True,34953.0,554.3000025302172,210.37458873344204,14.966383429176323,106,"{""elevation_high"": 0.0, ""elevation_low"": 76.45750023201106, ""length_high"": 0.0, ""length_low"": 5895.449999999997, ""popularity_low"": 0.0, ""width_high"": 0.0}",1.8569808646350097,True,0,False,,,,,,,,,,,,,
A_loop_erasure,development,paris_bures_02_multi_tight,"P,S",10025,17,41258.0,668.0000018328428,209.8860099859421,14.96146201948713,17,48,6305.0,113.69999930262566,True,34953.0,554.3000025302172,210.37458873344204,14.966383429176323,106,"{""elevation_high"": 0.0, ""elevation_low"": 76.45750023201106, ""length_high"": 0.0, ""length_low"": 5895.449999999997, ""popularity_low"": 0.0, ""width_high"": 0.0}",1.8569808646350097,True,0,False,,,,,,,,,,,,,
A_loop_erasure,development,paris_bures_02_multi_tight,"P,S",10026,20,43624.0,683.2000018358231,203.22916284613973,14.481707317073171,20,57,8671.0,128.8999993056059,True,34953.0,554.3000025302172,210.37458873344204,14.966383429176323,106,"{""elevation_high"": 0.0, ""elevation_low"": 76.45750023201106, ""length_high"": 0.0, ""length_low"": 5895.449999999997, ""popularity_low"": 0.0, ""width_high"": 0.0}",1.8569808646350097,True,0,False,,,,,,,,,,,,,
A_loop_erasure,development,paris_bures_02_multi_tight,"P,S",10027,18,42666.0,678.8000017553568,207.91044391318616,14.694604603196925,18,59,7713.0,124.49999922513962,True,34953.0,554.3000025302172,210.37458873344204,14.966383429176323,106,"{""elevation_high"": 0.0, ""elevation_low"": 76.45750023201106, ""length_high"": 0.0, ""length_low"": 5895.449999999997, ""popularity_low"": 0.0, ""width_high"": 0.0}",1.8569808646350097,True,0,False,,,,,,,,,,,,,
A_loop_erasure,development,paris_bures_02_multi_tight,"P,S",13695,11,42923.0,677.5000015646219,211.95964867320552,15.178575588845142,11,60,7970.0,123.19999903440475,True,34953.0,554.3000025302172,210.37458873344204,14.966383429176323,106,"{""elevation_high"": 0.0, ""elevation_low"": 76.45750023201106, ""length_high"": 0.0, ""length_low"": 5895.449999999997, ""popularity_low"": 0.0, ""width_high"": 0.0}",1.8569808646350097,True,0,False,,,,,,,,,,,,,
A_loop_erasure,development,paris_bures_02_multi_tight,"P,S",18091,11,42750.0,676.2000020295382,212.1854269005848,15.161169590643276,11,54,7797.0,121.89999949932098,True,34953.0,554.3000025302172,210.37458873344204,14.966383429176323,106,"{""elevation_high"": 0.0, ""elevation_low"": 76.45750023201106, ""length_high"": 0.0, ""length_low"": 5895.449999999997, ""popularity_low"": 0.0, ""width_high"": 0.0}",1.8569808646350097,True,0,False,,,,,,,,,,,,,
A_loop_erasure,development,paris_bures_02_multi_tight,"P,S",19075,18,43327.0,688.3000018149614,206.03408959771045,14.546702979666259,18,67,8374.0,133.99999928474426,True,34953.0,554.3000025302172,210.37458873344204,14.966383429176323,106,"{""elevation_high"": 0.0, ""elevation_low"": 76.45750023201106, ""length_high"": 0.0, ""length_low"": 5895.449999999997, ""popularity_low"": 0.0, ""width_high"": 0.0}",1.8569808646350097,True,0,False,,,,,,,,,,,,,
A_loop_erasure,development,paris_bures_02_multi_tight,"P,S",19076,18,43327.0,688.3000018149614,206.03408959771045,14.546702979666259,18,67,8374.0,133.99999928474426,True,34953.0,554.3000025302172,210.37458873344204,14.966383429176323,106,"{""elevation_high"": 0.0, ""elevation_low"": 76.45750023201106, ""length_high"": 0.0, ""length_low"": 5895.449999999997, ""popularity_low"": 0.0, ""width_high"": 0.0}",1.8569808646350097,True,0,False,,,,,,,,,,,,,
A_loop_erasure,development,paris_bures_02_multi_tight,"P,S",19468,18,42784.0,680.2000017911196,207.53608825729245,14.667866492146597,18,61,7831.0,125.8999992609024,True,34953.0,554.3000025302172,210.37458873344204,14.966383429176323,106,"{""elevation_high"": 0.0, ""elevation_low"": 76.45750023201106, ""length_high"": 0.0, ""length_low"": 5895.449999999997, ""popularity_low"": 0.0, ""width_high"": 0.0}",1.8569808646350097,True,0,False,,,,,,,,,,,,,
A_loop_erasure,development,paris_bures_02_multi_tight,"P,S",19469,18,42910.0,682.3000018149614,207.22074108599395,14.639477977161501,18,63,7957.0,127.99999928474426,True,34953.0,554.3000025302172,210.37458873344204,14.966383429176323,106,"{""elevation_high"": 0.0, ""elevation_low"": 76.45750023201106, ""length_high"": 0.0, ""length_low"": 5895.449999999997, ""popularity_low"": 0.0, ""width_high"": 0.0}",1.8569808646350097,True,0,False,,,,,,,,,,,,,
A_loop_erasure,development,paris_bures_02_multi_tight,"P,S",19786,19,43448.0,684.8000016137958,204.40867243601548,14.57328300497146,19,65,8495.0,130.4999990835786,True,34953.0,554.3000025302172,210.37458873344204,14.966383429176323,106,"{""elevation_high"": 0.0, ""elevation_low"": 76.45750023201106, ""length_high"": 0.0, ""length_low"": 5895.449999999997, ""popularity_low"": 0.0, ""width_high"": 0.0}",1.8569808646350097,True,0,False,,,,,,,,,,,,,
A_loop_erasure,development,paris_bures_02_multi_tight,"P,S",19787,18,43189.0,686.8000018149614,206.43689365347657,14.57720715923036,18,65,8236.0,132.49999928474426,True,34953.0,554.3000025302172,210.37458873344204,14.966383429176323,106,"{""elevation_high"": 0.0, ""elevation_low"": 76.45750023201106, ""length_high"": 0.0, ""length_low"": 5895.449999999997, ""popularity_low"": 0.0, ""width_high"": 0.0}",1.8569808646350097,True,0,False,,,,,,,,,,,,,
A_loop_erasure,development,paris_bures_02_multi_tight,"P,S",19788,18,43189.0,686.8000018149614,206.43689365347657,14.57720715923036,18,65,8236.0,132.49999928474426,True,34953.0,554.3000025302172,210.37458873344204,14.966383429176323,106,"{""elevation_high"": 0.0, ""elevation_low"": 76.45750023201106, ""length_high"": 0.0, ""length_low"": 5895.449999999997, ""popularity_low"": 0.0, ""width_high"": 0.0}",1.8569808646350097,True,0,False,,,,,,,,,,,,,
A_loop_erasure,development,paris_bures_02_multi_tight,"P,S",19789,18,42910.0,682.3000018149614,207.22074108599395,14.639477977161501,18,63,7957.0,127.99999928474426,True,34953.0,554.3000025302172,210.37458873344204,14.966383429176323,106,"{""elevation_high"": 0.0, ""elevation_low"": 76.45750023201106, ""length_high"": 0.0, ""length_low"": 5895.449999999997, ""popularity_low"": 0.0, ""width_high"": 0.0}",1.8569808646350097,True,0,False,,,,,,,,,,,,,
A_loop_erasure,development,paris_bures_02_multi_tight,"P,S",19790,18,42784.0,680.2000017911196,207.53608825729245,14.667866492146597,18,61,7831.0,125.8999992609024,True,34953.0,554.3000025302172,210.37458873344204,14.966383429176323,106,"{""elevation_high"": 0.0, ""elevation_low"": 76.45750023201106, ""length_high"": 0.0, ""length_low"": 5895.449999999997, ""popularity_low"": 0.0, ""width_high"": 0.0}",1.8569808646350097,True,0,False,,,,,,,,,,,,,
A_loop_erasure,development,paris_bures_02_multi_tight,"P,S",19791,19,42976.0,683.0000018253922,206.37518615040952,14.62467423678332,19,59,8023.0,128.69999929517508,True,34953.0,554.3000025302172,210.37458873344204,14.966383429176323,106,"{""elevation_high"": 0.0, ""elevation_low"": 76.45750023201106, ""length_high"": 0.0, ""length_low"": 5895.449999999997, ""popularity_low"": 0.0, ""width_high"": 0.0}",1.8569808646350097,True,0,False,,,,,,,,,,,,,
A_loop_erasure,development,paris_bures_02_multi_tight,"P,S",19792,18,42924.0,683.5000015646219,206.84358400894604,14.636333985649054,18,61,7971.0,129.19999903440475,True,34953.0,554.3000025302172,210.37458873344204,14.966383429176323,106,"{""elevation_high"": 0.0, ""elevation_low"": 76.45750023201106, ""length_high"": 0.0, ""length_low"": 5895.449999999997, ""popularity_low"": 0.0, ""width_high"": 0.0}",1.8569808646350097,True,0,False,,,,,,,,,,,,,
A_loop_erasure,development,paris_bures_02_multi_tight,"P,S",20814,18,43404.0,688.5000018179417,205.8303842963782,14.529766841765737,18,69,8451.0,134.1999992877245,True,34953.0,554.3000025302172,210.37458873344204,14.966383429176323,106,"{""elevation_high"": 0.0, ""elevation_low"": 76.45750023201106, ""length_high"": 0.0, ""length_low"": 5895.449999999997, ""popularity_low"": 0.0, ""width_high"": 0.0}",1.8569808646350097,True,0,False,,,,,,,,,,,,,
A_loop_erasure,development,paris_bures_02_multi_tight,"P,S",20815,18,43404.0,688.5000018179417,205.8303842963782,14.529766841765737,18,69,8451.0,134.1999992877245,True,34953.0,554.3000025302172,210.37458873344204,14.966383429176323,106,"{""elevation_high"": 0.0, ""elevation_low"": 76.45750023201106, ""length_high"": 0.0, ""length_low"": 5895.449999999997, ""popularity_low"": 0.0, ""width_high"": 0.0}",1.8569808646350097,True,0,False,,,,,,,,,,,,,
A_loop_erasure,development,paris_bures_02_multi_tight,"S,P",1475,11,43988.0,662.0000016912818,208.11600891152133,14.763912885332363,11,54,7797.0,121.89999949932098,True,36191.0,540.1000021919608,205.49039816528972,14.490204747036556,106,"{""elevation_high"": 0.0, ""elevation_low"": 90.65750057026742, ""length_high"": 0.0, ""length_low"": 4657.449999999997, ""popularity_low"": 0.0, ""width_high"": 0.0}",1.467028899913378,True,0,False,,,,,,,,,,,,,
A_loop_erasure,development,paris_bures_02_multi_tight,"S,P",1532,13,41746.0,650.8000014349818,208.36499305322667,14.706678484166147,13,40,5555.0,110.69999924302101,True,36191.0,540.1000021919608,205.49039816528972,14.490204747036556,106,"{""elevation_high"": 0.0, ""elevation_low"": 90.65750057026742, ""length_high"": 0.0, ""length_low"": 4657.449999999997, ""popularity_low"": 0.0, ""width_high"": 0.0}",1.467028899913378,True,0,False,,,,,,,,,,,,,
A_loop_erasure,development,paris_bures_02_multi_tight,"S,P",1572,16,42837.0,686.3000034913421,206.83465228657468,14.089105212783341,16,55,6125.0,143.20000165700912,True,36712.0,543.1000018343329,203.49220963172806,14.960503377642187,105,"{""elevation_high"": 0.0, ""elevation_low"": 87.65750092789528, ""length_high"": 0.0, ""length_low"": 4136.449999999997, ""popularity_low"": 0.0, ""width_high"": 0.0}",1.3029214898810921,True,0,False,,,,,,,,,,,,,
A_loop_erasure,development,paris_bures_02_multi_tight,"S,P",1573,18,42988.0,697.9000032767653,207.8554015073974,14.057178747557458,18,55,6276.0,154.8000014424324,True,36712.0,543.1000018343329,203.49220963172806,14.960503377642187,105,"{""elevation_high"": 0.0, ""elevation_low"": 87.65750092789528, ""length_high"": 0.0, ""length_low"": 4136.449999999997, ""popularity_low"": 0.0, ""width_high"": 0.0}",1.3029214898810921,True,0,False,,,,,,,,,,,,,
A_loop_erasure,development,paris_bures_02_multi_tight,"S,P",1574,16,42837.0,686.3000034913421,206.83465228657468,14.089105212783341,16,55,6125.0,143.20000165700912,True,36712.0,543.1000018343329,203.49220963172806,14.960503377642187,105,"{""elevation_high"": 0.0, ""elevation_low"": 87.65750092789528, ""length_high"": 0.0, ""length_low"": 4136.449999999997, ""popularity_low"": 0.0, ""width_high"": 0.0}",1.3029214898810921,True,0,False,,,,,,,,,,,,,
A_loop_erasure,development,paris_bures_02_multi_tight,"S,P",1575,16,40879.0,678.9000035151839,207.26842633136818,14.5244502067076,16,49,4167.0,135.80000168085098,True,36712.0,543.1000018343329,203.49220963172806,14.960503377642187,105,"{""elevation_high"": 0.0, ""elevation_low"": 87.65750092789528, ""length_high"": 0.0, ""length_low"": 4136.449999999997, ""popularity_low"": 0.0, ""width_high"": 0.0}",1.3029214898810921,True,0,False,,,,,,,,,,,,,
A_loop_erasure,development,paris_bures_02_multi_tight,"S,P",4938,18,42504.0,720.6000040397048,207.49774138904573,14.160314323357802,18,55,5792.0,177.50000220537186,True,36712.0,543.1000018343329,203.49220963172806,14.960503377642187,105,"{""elevation_high"": 0.0, ""elevation_low"": 87.65750092789528, ""length_high"": 0.0, ""length_low"": 4136.449999999997, ""popularity_low"": 0.0, ""width_high"": 0.0}",1.3029214898810921,True,0,False,,,,,,,,,,,,,
A_loop_erasure,development,paris_bures_02_multi_tight,"S,P",4941,15,40873.0,682.3000033125281,207.13067306045556,14.52584835955276,15,50,4161.0,139.2000014781952,True,36712.0,543.1000018343329,203.49220963172806,14.960503377642187,105,"{""elevation_high"": 0.0, ""elevation_low"": 87.65750092789528, ""length_high"": 0.0, ""length_low"": 4136.449999999997, ""popularity_low"": 0.0, ""width_high"": 0.0}",1.3029214898810921,True,0,False,,,,,,,,,,,,,
A_loop_erasure,development,paris_bures_02_multi_tight,"S,P",5359,11,43988.0,662.0000016912818,208.11600891152133,14.763912885332363,11,54,7797.0,121.89999949932098,True,36191.0,540.1000021919608,205.49039816528972,14.490204747036556,106,"{""elevation_high"": 0.0, ""elevation_low"": 90.65750057026742, ""length_high"": 0.0, ""length_low"": 4657.449999999997, ""popularity_low"": 0.0, ""width_high"": 0.0}",1.467028899913378,True,0,False,,,,,,,,,,,,,
A_loop_erasure,development,paris_bures_02_multi_tight,"S,P",5360,11,43988.0,662.0000016912818,208.11600891152133,14.763912885332363,11,54,7797.0,121.89999949932098,True,36191.0,540.1000021919608,205.49039816528972,14.490204747036556,106,"{""elevation_high"": 0.0, ""elevation_low"": 90.65750057026742, ""length_high"": 0.0, ""length_low"": 4657.449999999997, ""popularity_low"": 0.0, ""width_high"": 0.0}",1.467028899913378,True,0,False,,,,,,,,,,,,,
A_loop_erasure,development,paris_bures_02_multi_tight,"S,P",6867,20,43436.0,662.5000018551946,205.70321852840962,14.416497835896491,20,54,7245.0,122.39999966323376,True,36191.0,540.1000021919608,205.49039816528972,14.490204747036556,106,"{""elevation_high"": 0.0, ""elevation_low"": 90.65750057026742, ""length_high"": 0.0, ""length_low"": 4657.449999999997, ""popularity_low"": 0.0, ""width_high"": 0.0}",1.467028899913378,True,0,False,,,,,,,,,,,,,
A_loop_erasure,development,paris_bures_02_multi_tight,"S,P",7743,20,43958.0,665.4000019654632,204.47643204877383,14.304677191864963,20,60,7767.0,125.29999977350235,True,36191.0,540.1000021919608,205.49039816528972,14.490204747036556,106,"{""elevation_high"": 0.0, ""elevation_low"": 90.65750057026742, ""length_high"": 0.0, ""length_low"": 4657.449999999997, ""popularity_low"": 0.0, ""width_high"": 0.0}",1.467028899913378,True,0,False,,,,,,,,,,,,,
A_loop_erasure,development,paris_bures_02_multi_tight,"S,P",7744,20,43958.0,665.4000019654632,204.47643204877383,14.304677191864963,20,60,7767.0,125.29999977350235,True,36191.0,540.1000021919608,205.49039816528972,14.490204747036556,106,"{""elevation_high"": 0.0, ""elevation_low"": 90.65750057026742, ""length_high"": 0.0, ""length_low"": 4657.449999999997, ""popularity_low"": 0.0, ""width_high"": 0.0}",1.467028899913378,True,0,False,,,,,,,,,,,,,
A_loop_erasure,development,paris_bures_02_multi_tight,"S,P",7746,20,43958.0,665.4000019654632,204.47643204877383,14.304677191864963,20,60,7767.0,125.29999977350235,True,36191.0,540.1000021919608,205.49039816528972,14.490204747036556,106,"{""elevation_high"": 0.0, ""elevation_low"": 90.65750057026742, ""length_high"": 0.0, ""length_low"": 4657.449999999997, ""popularity_low"": 0.0, ""width_high"": 0.0}",1.467028899913378,True,0,False,,,,,,,,,,,,,
A_loop_erasure,development,paris_bures_02_multi_tight,"S,P",7748,21,44008.0,668.3000020459294,203.86141156153425,14.294105617160517,21,56,7817.0,128.19999985396862,True,36191.0,540.1000021919608,205.49039816528972,14.490204747036556,106,"{""elevation_high"": 0.0, ""elevation_low"": 90.65750057026742, ""length_high"": 0.0, ""length_low"": 4657.449999999997, ""popularity_low"": 0.0, ""width_high"": 0.0}",1.467028899913378,True,0,False,,,,,,,,,,,,,
A_loop_erasure,development,paris_bures_02_multi_tight,"S,P",9196,11,43988.0,662.0000016912818,208.11600891152133,14.763912885332363,11,54,7797.0,121.89999949932098,True,36191.0,540.1000021919608,205.49039816528972,14.490204747036556,106,"{""elevation_high"": 0.0, ""elevation_low"": 90.65750057026742, ""length_high"": 0.0, ""length_low"": 4657.449999999997, ""popularity_low"": 0.0, ""width_high"": 0.0}",1.467028899913378,True,0,False,,,,,,,,,,,,,
A_loop_erasure,development,paris_bures_02_multi_tight,"S,P",9949,18,42990.0,659.1000012680888,204.69148639218423,14.501163061177017,18,50,6799.0,118.999999076128,True,36191.0,540.1000021919608,205.49039816528972,14.490204747036556,106,"{""elevation_high"": 0.0, ""elevation_low"": 90.65750057026742, ""length_high"": 0.0, ""length_low"": 4657.449999999997, ""popularity_low"": 0.0, ""width_high"": 0.0}",1.467028899913378,True,0,False,,,,,,,,,,,,,
A_loop_erasure,development,paris_bures_02_multi_tight,"S,P",9950,20,43615.0,662.8000018671155,205.52009629714547,14.379685887882609,20,56,7424.0,122.69999967515469,True,36191.0,540.1000021919608,205.49039816528972,14.490204747036556,106,"{""elevation_high"": 0.0, ""elevation_low"": 90.65750057026742, ""length_high"": 0.0, ""length_low"": 4657.449999999997, ""popularity_low"": 0.0, ""width_high"": 0.0}",1.467028899913378,True,0,False,,,,,,,,,,,,,
A_loop_erasure,development,paris_bures_02_multi_tight,"S,P",9951,20,43615.0,662.8000018671155,205.52009629714547,14.379685887882609,20,56,7424.0,122.69999967515469,True,36191.0,540.1000021919608,205.49039816528972,14.490204747036556,106,"{""elevation_high"": 0.0, ""elevation_low"": 90.65750057026742, ""length_high"": 0.0, ""length_low"": 4657.449999999997, ""popularity_low"": 0.0, ""width_high"": 0.0}",1.467028899913378,True,0,False,,,,,,,,,,,,,
A_loop_erasure,development,paris_bures_02_multi_tight,"S,P",9952,19,43410.0,662.0000018551946,205.6946556093066,14.422137756277355,19,52,7219.0,121.89999966323376,True,36191.0,540.1000021919608,205.49039816528972,14.490204747036556,106,"{""elevation_high"": 0.0, ""elevation_low"": 90.65750057026742, ""length_high"": 0.0, ""length_low"": 4657.449999999997, ""popularity_low"": 0.0, ""width_high"": 0.0}",1.467028899913378,True,0,False,,,,,,,,,,,,,
A_loop_erasure,development,paris_bures_02_multi_tight,"S,P",9953,17,42968.0,658.8000012561679,204.67392012660585,14.506027741575126,17,48,6777.0,118.69999906420708,True,36191.0,540.1000021919608,205.49039816528972,14.490204747036556,106,"{""elevation_high"": 0.0, ""elevation_low"": 90.65750057026742, ""length_high"": 0.0, ""length_low"": 4657.449999999997, ""popularity_low"": 0.0, ""width_high"": 0.0}",1.467028899913378,True,0,False,,,,,,,,,,,,,
A_loop_erasure,development,paris_bures_02_multi_tight,"S,P",9954,18,43468.0,659.5000012740493,204.79391736449801,14.396682617097635,18,56,7277.0,119.39999908208847,True,36191.0,540.1000021919608,205.49039816528972,14.490204747036556,106,"{""elevation_high"": 0.0, ""elevation_low"": 90.65750057026742, ""length_high"": 0.0, ""length_low"": 4657.449999999997, ""popularity_low"": 0.0, ""width_high"": 0.0}",1.467028899913378,True,0,False,,,,,,,,,,,,,
A_loop_erasure,development,paris_bures_02_multi_tight,"S,P",9955,18,43468.0,659.5000012740493,204.79391736449801,14.396682617097635,18,56,7277.0,119.39999908208847,True,36191.0,540.1000021919608,205.49039816528972,14.490204747036556,106,"{""elevation_high"": 0.0, ""elevation_low"": 90.65750057026742, ""length_high"": 0.0, ""length_low"": 4657.449999999997, ""popularity_low"": 0.0, ""width_high"": 0.0}",1.467028899913378,True,0,False,,,,,,,,,,,,,
A_loop_erasure,development,paris_bures_02_multi_tight,"S,P",9957,18,43117.0,659.2000012695789,204.69387944430272,14.4731776329522,18,52,6926.0,119.09999907761812,True,36191.0,540.1000021919608,205.49039816528972,14.490204747036556,106,"{""elevation_high"": 0.0, ""elevation_low"": 90.65750057026742, ""length_high"": 0.0, ""length_low"": 4657.449999999997, ""popularity_low"": 0.0, ""width_high"": 0.0}",1.467028899913378,True,0,False,,,,,,,,,,,,,
A_loop_erasure,development,paris_bures_02_multi_tight,"S,P",9958,18,43117.0,659.2000012695789,204.69387944430272,14.4731776329522,18,52,6926.0,119.09999907761812,True,36191.0,540.1000021919608,205.49039816528972,14.490204747036556,106,"{""elevation_high"": 0.0, ""elevation_low"": 90.65750057026742, ""length_high"": 0.0, ""length_low"": 4657.449999999997, ""popularity_low"": 0.0, ""width_high"": 0.0}",1.467028899913378,True,0,False,,,,,,,,,,,,,
A_loop_erasure,development,paris_bures_02_multi_tight,"S,P",9959,16,42320.0,652.6000014469028,206.4757325141777,14.575023629489603,16,46,6129.0,112.49999925494194,True,36191.0,540.1000021919608,205.49039816528972,14.490204747036556,106,"{""elevation_high"": 0.0, ""elevation_low"": 90.65750057026742, ""length_high"": 0.0, ""length_low"": 4657.449999999997, ""popularity_low"": 0.0, ""width_high"": 0.0}",1.467028899913378,True,0,False,,,,,,,,,,,,,
A_loop_erasure,development,paris_bures_02_multi_tight,"S,P",10013,19,43538.0,661.3000012487173,204.69594377325555,14.381574716339749,19,59,7347.0,121.1999990567565,True,36191.0,540.1000021919608,205.49039816528972,14.490204747036556,106,"{""elevation_high"": 0.0, ""elevation_low"": 90.65750057026742, ""length_high"": 0.0, ""length_low"": 4657.449999999997, ""popularity_low"": 0.0, ""width_high"": 0.0}",1.467028899913378,True,0,False,,,,,,,,,,,,,
A_loop_erasure,development,paris_bures_02_multi_tight,"S,P",10014,18,43468.0,659.5000012740493,204.79391736449801,14.396682617097635,18,56,7277.0,119.39999908208847,True,36191.0,540.1000021919608,205.49039816528972,14.490204747036556,106,"{""elevation_high"": 0.0, ""elevation_low"": 90.65750057026742, ""length_high"": 0.0, ""length_low"": 4657.449999999997, ""popularity_low"": 0.0, ""width_high"": 0.0}",1.467028899913378,True,0,False,,,,,,,,,,,,,
A_loop_erasure,development,paris_bures_02_multi_tight,"S,P",10015,18,43484.0,659.9000012725592,204.7998804157851,14.393225094287555,18,57,7293.0,119.79999908059835,True,36191.0,540.1000021919608,205.49039816528972,14.490204747036556,106,"{""elevation_high"": 0.0, ""elevation_low"": 90.65750057026742, ""length_high"": 0.0, ""length_low"": 4657.449999999997, ""popularity_low"": 0.0, ""width_high"": 0.0}",1.467028899913378,True,0,False,,,,,,,,,,,,,
A_loop_erasure,development,paris_bures_02_multi_tight,"S,P",10016,18,43468.0,659.5000012740493,204.79391736449801,14.396682617097635,18,56,7277.0,119.39999908208847,True,36191.0,540.1000021919608,205.49039816528972,14.490204747036556,106,"{""elevation_high"": 0.0, ""elevation_low"": 90.65750057026742, ""length_high"": 0.0, ""length_low"": 4657.449999999997, ""popularity_low"": 0.0, ""width_high"": 0.0}",1.467028899913378,True,0,False,,,,,,,,,,,,,
A_loop_erasure,development,paris_bures_02_multi_tight,"S,P",10017,17,42650.0,653.2000014707446,205.89948417350527,14.500937866354045,17,48,6459.0,113.0999992787838,True,36191.0,540.1000021919608,205.49039816528972,14.490204747036556,106,"{""elevation_high"": 0.0, ""elevation_low"": 90.65750057026742, ""length_high"": 0.0, ""length_low"": 4657.449999999997, ""popularity_low"": 0.0, ""width_high"": 0.0}",1.467028899913378,True,0,False,,,,,,,,,,,,,
A_loop_erasure,development,paris_bures_02_multi_tight,"S,P",10018,18,42698.0,653.4000014737248,205.90634221743406,14.495878027073868,18,50,6507.0,113.29999928176403,True,36191.0,540.1000021919608,205.49039816528972,14.490204747036556,106,"{""elevation_high"": 0.0, ""elevation_low"": 90.65750057026742, ""length_high"": 0.0, ""length_low"": 4657.449999999997, ""popularity_low"": 0.0, ""width_high"": 0.0}",1.467028899913378,True,0,False,,,,,,,,,,,,,
A_loop_erasure,development,paris_bures_02_multi_tight,"S,P",10019,20,43004.0,656.1000014320016,204.57094688866152,14.463887080271602,20,54,6813.0,115.99999924004078,True,36191.0,540.1000021919608,205.49039816528972,14.490204747036556,106,"{""elevation_high"": 0.0, ""elevation_low"": 90.65750057026742, ""length_high"": 0.0, ""length_low"": 4657.449999999997, ""popularity_low"": 0.0, ""width_high"": 0.0}",1.467028899913378,True,0,False,,,,,,,,,,,,,
A_loop_erasure,development,paris_bures_02_multi_tight,"S,P",10020,19,42744.0,653.8000014796853,205.8031302638967,14.491039678083474,19,52,6553.0,113.6999992877245,True,36191.0,540.1000021919608,205.49039816528972,14.490204747036556,106,"{""elevation_high"": 0.0, ""elevation_low"": 90.65750057026742, ""length_high"": 0.0, ""length_low"": 4657.449999999997, ""popularity_low"": 0.0, ""width_high"": 0.0}",1.467028899913378,True,0,False,,,,,,,,,,,,,
A_loop_erasure,development,paris_bures_02_multi_tight,"S,P",10021,15,41990.0,652.3000014349818,207.572588711598,14.650273874732079,15,44,5799.0,112.19999924302101,True,36191.0,540.1000021919608,205.49039816528972,14.490204747036556,106,"{""elevation_high"": 0.0, ""elevation_low"": 90.65750057026742, ""length_high"": 0.0, ""length_low"": 4657.449999999997, ""popularity_low"": 0.0, ""width_high"": 0.0}",1.467028899913378,True,0,False,,,,,,,,,,,,,
A_loop_erasure,development,paris_bures_02_multi_tight,"S,P",10022,14,41914.0,651.70000141114,207.89456983346852,14.66777210478599,14,42,5723.0,111.59999921917915,True,36191.0,540.1000021919608,205.49039816528972,14.490204747036556,106,"{""elevation_high"": 0.0, ""elevation_low"": 90.65750057026742, ""length_high"": 0.0, ""length_low"": 4657.449999999997, ""popularity_low"": 0.0, ""width_high"": 0.0}",1.467028899913378,True,0,False,,,,,,,,,,,,,
A_loop_erasure,development,paris_bures_02_multi_tight,"S,P",10023,15,42232.0,652.0000014230609,206.78094809623033,14.594975374123887,15,44,6041.0,111.89999923110008,True,36191.0,540.1000021919608,205.49039816528972,14.490204747036556,106,"{""elevation_high"": 0.0, ""elevation_low"": 90.65750057026742, ""length_high"": 0.0, ""length_low"": 4657.449999999997, ""popularity_low"": 0.0, ""width_high"": 0.0}",1.467028899913378,True,0,False,,,,,,,,,,,,,
A_loop_erasure,development,paris_bures_02_multi_tight,"S,P",10024,16,42408.0,653.5000014230609,206.05557913601208,14.575905489530276,16,46,6217.0,113.39999923110008,True,36191.0,540.1000021919608,205.49039816528972,14.490204747036556,106,"{""elevation_high"": 0.0, ""elevation_low"": 90.65750057026742, ""length_high"": 0.0, ""length_low"": 4657.449999999997, ""popularity_low"": 0.0, ""width_high"": 0.0}",1.467028899913378,True,0,False,,,,,,,,,,,,,
A_loop_erasure,development,paris_bures_02_multi_tight,"S,P",10025,17,42496.0,653.8000014945865,205.74070500753012,14.556075865963855,17,48,6305.0,113.69999930262566,True,36191.0,540.1000021919608,205.49039816528972,14.490204747036556,106,"{""elevation_high"": 0.0, ""elevation_low"": 90.65750057026742, ""length_high"": 0.0, ""length_low"": 4657.449999999997, ""popularity_low"": 0.0, ""width_high"": 0.0}",1.467028899913378,True,0,False,,,,,,,,,,,,,
A_loop_erasure,development,paris_bures_02_multi_tight,"S,P",10027,20,43958.0,665.4000019654632,204.47643204877383,14.304677191864963,20,60,7767.0,125.29999977350235,True,36191.0,540.1000021919608,205.49039816528972,14.490204747036556,106,"{""elevation_high"": 0.0, ""elevation_low"": 90.65750057026742, ""length_high"": 0.0, ""length_low"": 4657.449999999997, ""popularity_low"": 0.0, ""width_high"": 0.0}",1.467028899913378,True,0,False,,,,,,,,,,,,,
A_loop_erasure,development,paris_bures_02_multi_tight,"S,P",11959,16,42837.0,686.3000034913421,206.83465228657468,14.089105212783341,16,55,6125.0,143.20000165700912,True,36712.0,543.1000018343329,203.49220963172806,14.960503377642187,105,"{""elevation_high"": 0.0, ""elevation_low"": 87.65750092789528, ""length_high"": 0.0, ""length_low"": 4136.449999999997, ""popularity_low"": 0.0, ""width_high"": 0.0}",1.3029214898810921,True,0,False,,,,,,,,,,,,,
A_loop_erasure,development,paris_bures_02_multi_tight,"S,P",12348,17,42140.0,696.9000032767653,207.32928334124347,14.239439962031325,17,53,5428.0,153.8000014424324,True,36712.0,543.1000018343329,203.49220963172806,14.960503377642187,105,"{""elevation_high"": 0.0, ""elevation_low"": 87.65750092789528, ""length_high"": 0.0, ""length_low"": 4136.449999999997, ""popularity_low"": 0.0, ""width_high"": 0.0}",1.3029214898810921,True,0,False,,,,,,,,,,,,,
A_loop_erasure,development,paris_bures_02_multi_tight,"S,P",13694,12,41594.0,648.1000013872981,208.30785690243786,14.705606577871809,12,38,5403.0,107.9999991953373,True,36191.0,540.1000021919608,205.49039816528972,14.490204747036556,106,"{""elevation_high"": 0.0, ""elevation_low"": 90.65750057026742, ""length_high"": 0.0, ""length_low"": 4657.449999999997, ""popularity_low"": 0.0, ""width_high"": 0.0}",1.467028899913378,True,0,False,,,,,,,,,,,,,
A_loop_erasure,development,paris_bures_02_multi_tight,"S,P",17001,16,41794.0,685.7000034675002,207.24094367612577,14.315930516342059,16,51,5082.0,142.60000163316727,True,36712.0,543.1000018343329,203.49220963172806,14.960503377642187,105,"{""elevation_high"": 0.0, ""elevation_low"": 87.65750092789528, ""length_high"": 0.0, ""length_low"": 4136.449999999997, ""popularity_low"": 0.0, ""width_high"": 0.0}",1.3029214898810921,True,0,False,,,,,,,,,,,,,
A_loop_erasure,development,paris_bures_02_multi_tight,"S,P",17088,16,42837.0,686.3000034913421,206.83465228657468,14.089105212783341,16,55,6125.0,143.20000165700912,True,36712.0,543.1000018343329,203.49220963172806,14.960503377642187,105,"{""elevation_high"": 0.0, ""elevation_low"": 87.65750092789528, ""length_high"": 0.0, ""length_low"": 4136.449999999997, ""popularity_low"": 0.0, ""width_high"": 0.0}",1.3029214898810921,True,0,False,,,,,,,,,,,,,
A_loop_erasure,development,paris_bures_02_multi_tight,"S,P",17089,17,43762.0,722.0000027045608,207.99460719345552,13.896988254650154,17,53,7050.0,178.9000008702278,True,36712.0,543.1000018343329,203.49220963172806,14.960503377642187,105,"{""elevation_high"": 0.0, ""elevation_low"": 87.65750092789528, ""length_high"": 0.0, ""length_low"": 4136.449999999997, ""popularity_low"": 0.0, ""width_high"": 0.0}",1.3029214898810921,True,0,False,,,,,,,,,,,,,
A_loop_erasure,development,paris_bures_02_multi_tight,"S,P",18091,11,43988.0,662.0000016912818,208.11600891152133,14.763912885332363,11,54,7797.0,121.89999949932098,True,36191.0,540.1000021919608,205.49039816528972,14.490204747036556,106,"{""elevation_high"": 0.0, ""elevation_low"": 90.65750057026742, ""length_high"": 0.0, ""length_low"": 4657.449999999997, ""popularity_low"": 0.0, ""width_high"": 0.0}",1.467028899913378,True,0,False,,,,,,,,,,,,,
A_loop_erasure,development,paris_bures_02_multi_tight,"S,P",20338,11,41578.0,647.7000013813376,208.3006638125932,14.705493289720525,11,36,5387.0,107.59999918937683,True,36191.0,540.1000021919608,205.49039816528972,14.490204747036556,106,"{""elevation_high"": 0.0, ""elevation_low"": 90.65750057026742, ""length_high"": 0.0, ""length_low"": 4657.449999999997, ""popularity_low"": 0.0, ""width_high"": 0.0}",1.467028899913378,True,0,False,,,,,,,,,,,,,
A_loop_erasure,development,paris_bures_02_multi_tight,"S,P",21182,16,41794.0,685.7000034675002,207.24094367612577,14.315930516342059,16,51,5082.0,142.60000163316727,True,36712.0,543.1000018343329,203.49220963172806,14.960503377642187,105,"{""elevation_high"": 0.0, ""elevation_low"": 87.65750092789528, ""length_high"": 0.0, ""length_low"": 4136.449999999997, ""popularity_low"": 0.0, ""width_high"": 0.0}",1.3029214898810921,True,0,False,,,,,,,,,,,,,
A_loop_erasure,development,paris_bures_02_multi_tight,"S,S",1475,11,42661.0,662.4000014662743,198.41349241696162,14.881273294109373,11,54,7797.0,121.89999949932098,True,34864.0,540.5000019669533,193.51807021569527,14.623393758604864,112,"{""elevation_high"": 0.0, ""elevation_low"": 90.25750079527495, ""length_high"": 0.0, ""length_low"": 5984.449999999997, ""popularity_low"": 4.437540462310864, ""width_high"": 0.0}",1.8850145680762256,True,0,False,,,,,,,,,,,,,
A_loop_erasure,development,paris_bures_02_multi_tight,"S,S",1476,11,42801.0,662.1000009551644,198.25665288194202,14.914371159552347,11,59,7937.0,121.59999898821115,True,34864.0,540.5000019669533,193.51807021569527,14.623393758604864,112,"{""elevation_high"": 0.0, ""elevation_low"": 90.25750079527495, ""length_high"": 0.0, ""length_low"": 5984.449999999997, ""popularity_low"": 4.437540462310864, ""width_high"": 0.0}",1.8850145680762256,True,0,False,,,,,,,,,,,,,
A_loop_erasure,development,paris_bures_02_multi_tight,"S,S",1876,11,42801.0,662.1000009551644,198.25665288194202,14.914371159552347,11,59,7937.0,121.59999898821115,True,34864.0,540.5000019669533,193.51807021569527,14.623393758604864,112,"{""elevation_high"": 0.0, ""elevation_low"": 90.25750079527495, ""length_high"": 0.0, ""length_low"": 5984.449999999997, ""popularity_low"": 4.437540462310864, ""width_high"": 0.0}",1.8850145680762256,True,0,False,,,,,,,,,,,,,
A_loop_erasure,development,paris_bures_02_multi_tight,"S,S",5357,11,42801.0,662.1000009551644,198.25665288194202,14.914371159552347,11,59,7937.0,121.59999898821115,True,34864.0,540.5000019669533,193.51807021569527,14.623393758604864,112,"{""elevation_high"": 0.0, ""elevation_low"": 90.25750079527495, ""length_high"": 0.0, ""length_low"": 5984.449999999997, ""popularity_low"": 4.437540462310864, ""width_high"": 0.0}",1.8850145680762256,True,0,False,,,,,,,,,,,,,
A_loop_erasure,development,paris_bures_02_multi_tight,"S,S",5359,11,42661.0,662.4000014662743,198.41349241696162,14.881273294109373,11,54,7797.0,121.89999949932098,True,34864.0,540.5000019669533,193.51807021569527,14.623393758604864,112,"{""elevation_high"": 0.0, ""elevation_low"": 90.25750079527495, ""length_high"": 0.0, ""length_low"": 5984.449999999997, ""popularity_low"": 4.437540462310864, ""width_high"": 0.0}",1.8850145680762256,True,0,False,,,,,,,,,,,,,
A_loop_erasure,development,paris_bures_02_multi_tight,"S,S",5360,11,42661.0,662.4000014662743,198.41349241696162,14.881273294109373,11,54,7797.0,121.89999949932098,True,34864.0,540.5000019669533,193.51807021569527,14.623393758604864,112,"{""elevation_high"": 0.0, ""elevation_low"": 90.25750079527495, ""length_high"": 0.0, ""length_low"": 5984.449999999997, ""popularity_low"": 4.437540462310864, ""width_high"": 0.0}",1.8850145680762256,True,0,False,,,,,,,,,,,,,
A_loop_erasure,development,paris_bures_02_multi_tight,"S,S",5363,11,42801.0,662.1000009551644,198.25665288194202,14.914371159552347,11,59,7937.0,121.59999898821115,True,34864.0,540.5000019669533,193.51807021569527,14.623393758604864,112,"{""elevation_high"": 0.0, ""elevation_low"": 90.25750079527495, ""length_high"": 0.0, ""length_low"": 5984.449999999997, ""popularity_low"": 4.437540462310864, ""width_high"": 0.0}",1.8850145680762256,True,0,False,,,,,,,,,,,,,
A_loop_erasure,development,paris_bures_02_multi_tight,"S,S",9196,11,42661.0,662.4000014662743,198.41349241696162,14.881273294109373,11,54,7797.0,121.89999949932098,True,34864.0,540.5000019669533,193.51807021569527,14.623393758604864,112,"{""elevation_high"": 0.0, ""elevation_low"": 90.25750079527495, ""length_high"": 0.0, ""length_low"": 5984.449999999997, ""popularity_low"": 4.437540462310864, ""width_high"": 0.0}",1.8850145680762256,True,0,False,,,,,,,,,,,,,
A_loop_erasure,development,paris_bures_02_multi_tight,"S,S",9197,11,42801.0,662.1000009551644,198.25665288194202,14.914371159552347,11,59,7937.0,121.59999898821115,True,34864.0,540.5000019669533,193.51807021569527,14.623393758604864,112,"{""elevation_high"": 0.0, ""elevation_low"": 90.25750079527495, ""length_high"": 0.0, ""length_low"": 5984.449999999997, ""popularity_low"": 4.437540462310864, ""width_high"": 0.0}",1.8850145680762256,True,0,False,,,,,,,,,,,,,
A_loop_erasure,development,paris_bures_02_multi_tight,"S,S",13695,11,42834.0,663.700001001358,198.24286781528693,14.89984591679507,11,60,7970.0,123.19999903440475,True,34864.0,540.5000019669533,193.51807021569527,14.623393758604864,112,"{""elevation_high"": 0.0, ""elevation_low"": 90.25750079527495, ""length_high"": 0.0, ""length_low"": 5984.449999999997, ""popularity_low"": 4.437540462310864, ""width_high"": 0.0}",1.8850145680762256,True,0,False,,,,,,,,,,,,,
A_loop_erasure,development,paris_bures_02_multi_tight,"S,S",18091,11,42661.0,662.4000014662743,198.41349241696162,14.881273294109373,11,54,7797.0,121.89999949932098,True,34864.0,540.5000019669533,193.51807021569527,14.623393758604864,112,"{""elevation_high"": 0.0, ""elevation_low"": 90.25750079527495, ""length_high"": 0.0, ""length_low"": 5984.449999999997, ""popularity_low"": 4.437540462310864, ""width_high"": 0.0}",1.8850145680762256,True,0,False,,,,,,,,,,,,,
B_existing_scalar,holdout,holdout_anchor_east_west_09_multi_tight,,,,,,,,,,,,,,,,,,,,,,,hinge_width_strong,hinge,323,75,248,0.667374500000733,0.538350899994839,0.17069050000282004,0.8353383999929065,True,"{""box_score"": 0.8605885480363166, ""edges"": 396, ""elementary"": true, ""metrics"": {""avg_pop"": 155.1934939759036, ""avg_width"": 11.95277108433735, ""elevation"": 576.1000024527311, ""length"": 41500.0, ""popularity_length"": 6440530.0, ""road_changes"": 157, ""width_length"": 496040.0}, ""pair_type"": ""hinge_width_strong"", ""path_nodes"": 397, ""profile_exact_deltas"": {""avg_pop"": 0.0, ""avg_width"": 0.0, ""elevation"": 0.0, ""length"": 0.0, ""popularity_length"": 0.0, ""road_changes"": 0.0, ""width_length"": 0.0}, ""profile_metrics"": {""avg_pop"": 155.1934939759036, ""avg_width"": 11.95277108433735, ""elevation"": 576.1000024527311, ""length"": 41500.0, ""popularity_length"": 6440530.0, ""road_changes"": 157, ""width_length"": 496040.0}, ""repeated_vertex_count"": 0, ""validation"": {""directed_edges_ok"": true, ""metric_deltas"": [0.0, 0.0, 0.0, 0.0], ""missing_edges"": 0, ""passed"": true, ""road_changes_delta"": 0}, ""via_vertex"": 18550}","{""metrics"": {""avg_pop"": 154.64336742183295, ""avg_width"": 11.835641238929393, ""elevation"": 561.4000023305416, ""length"": 40874.0, ""popularity_length"": 6320893.0, ""road_changes"": 163, ""width_length"": 483770.0}, ""normalized_violation_score"": 0.0, ""pair_type"": ""hinge_width_strong"", ""via_vertex"": 920, ""violations"": {""elevation_high"": 0.0, ""elevation_low"": 0.0, ""length_high"": 0.0, ""length_low"": 0.0, ""popularity_low"": 0.0, ""width_high"": 0.0}}",
B_existing_scalar,holdout,holdout_anchor_east_west_09_multi_tight,,,,,,,,,,,,,,,,,,,,,,,hinge_width_very_strong,hinge,344,64,280,0.6335946999897715,0.6346087999991141,0.2089925000036601,0.8944158999947831,True,"{""box_score"": 0.8560302023310441, ""edges"": 406, ""elementary"": true, ""metrics"": {""avg_pop"": 152.55623494534, ""avg_width"": 11.782819158791922, ""elevation"": 550.2000028043985, ""length"": 43176.0, ""popularity_length"": 6586768.0, ""road_changes"": 172, ""width_length"": 508735.0}, ""pair_type"": ""hinge_width_very_strong"", ""path_nodes"": 407, ""profile_exact_deltas"": {""avg_pop"": 0.0, ""avg_width"": 0.0, ""elevation"": 0.0, ""length"": 0.0, ""popularity_length"": 0.0, ""road_changes"": 0.0, ""width_length"": 0.0}, ""profile_metrics"": {""avg_pop"": 152.55623494534, ""avg_width"": 11.782819158791922, ""elevation"": 550.2000028043985, ""length"": 43176.0, ""popularity_length"": 6586768.0, ""road_changes"": 172, ""width_length"": 508735.0}, ""repeated_vertex_count"": 0, ""validation"": {""directed_edges_ok"": true, ""metric_deltas"": [0.0, 0.0, 0.0, 0.0], ""missing_edges"": 0, ""passed"": true, ""road_changes_delta"": 0}, ""via_vertex"": 410}","{""metrics"": {""avg_pop"": 148.82270727900487, ""avg_width"": 11.521070803575652, ""elevation"": 549.7000026851892, ""length"": 42286.0, ""popularity_length"": 6293117.0, ""road_changes"": 165, ""width_length"": 487180.0}, ""normalized_violation_score"": 0.0, ""pair_type"": ""hinge_width_very_strong"", ""via_vertex"": 11, ""violations"": {""elevation_high"": 0.0, ""elevation_low"": 0.0, ""length_high"": 0.0, ""length_low"": 0.0, ""popularity_low"": 0.0, ""width_high"": 0.0}}",
B_existing_scalar,holdout,holdout_anchor_east_west_09_multi_tight,,,,,,,,,,,,,,,,,,,,,,,hinge_pop_strong,hinge,0,0,0,0.6621657999930903,0.6854919999896083,0.15676220000023022,1.6999983927235007e-06,False,,"{""metrics"": {""avg_pop"": 220.25702475389468, ""avg_width"": 13.473071776737074, ""elevation"": 523.4000019356608, ""length"": 41852.0, ""popularity_length"": 9218197.0, ""road_changes"": 134, ""width_length"": 563875.0}, ""normalized_violation_score"": 0.22409089007877642, ""pair_type"": ""hinge_pop_strong"", ""via_vertex"": 5647, ""violations"": {""elevation_high"": 0.0, ""elevation_low"": 19.6270007029176, ""length_high"": 0.0, ""length_low"": 0.0, ""popularity_low"": 0.0, ""width_high"": 0.9993387026779299}}",
B_existing_scalar,holdout,holdout_anchor_east_west_09_multi_tight,,,,,,,,,,,,,,,,,,,,,,,hinge_pop_very_strong,hinge,0,0,0,0.6833834999997634,0.5886038999888115,0.1987883999972837,1.4999968698248267e-06,False,,"{""metrics"": {""avg_pop"": 226.96167909550155, ""avg_width"": 14.073851335097427, ""elevation"": 513.0000018551946, ""length"": 41570.0, ""popularity_length"": 9434797.0, ""road_changes"": 114, ""width_length"": 585050.0}, ""normalized_violation_score"": 0.34283268410666334, ""pair_type"": ""hinge_pop_very_strong"", ""via_vertex"": 5647, ""violations"": {""elevation_high"": 0.0, ""elevation_low"": 30.02700078338387, ""length_high"": 0.0, ""length_low"": 0.0, ""popularity_low"": 0.0, ""width_high"": 1.6001182610382827}}",
B_existing_scalar,holdout,holdout_anchor_east_west_09_multi_tight,,,,,,,,,,,,,,,,,,,,,,,hinge_balanced_strong,hinge,0,0,0,0.7919799999945099,0.646066500004963,0.21126959999674,1.8999999156221747e-06,False,,"{""metrics"": {""avg_pop"": 196.35835577936527, ""avg_width"": 12.572783698325331, ""elevation"": 624.4000029563904, ""length"": 42695.0, ""popularity_length"": 8383520.0, ""road_changes"": 129, ""width_length"": 536795.0}, ""normalized_violation_score"": 0.007940736239753018, ""pair_type"": ""hinge_balanced_strong"", ""via_vertex"": 17089, ""violations"": {""elevation_high"": 0.0, ""elevation_low"": 0.0, ""length_high"": 0.0, ""length_low"": 0.0, ""popularity_low"": 0.0, ""width_high"": 0.09905062426618727}}",
B_existing_scalar,holdout,holdout_anchor_east_west_09_multi_tight,,,,,,,,,,,,,,,,,,,,,,,hinge_low_length_pressure,hinge,0,0,0,0.7758287000033306,0.7244149000034668,0.20238409999001306,1.8999999156221747e-06,False,,"{""metrics"": {""avg_pop"": 193.63323274416823, ""avg_width"": 12.56705944340662, ""elevation"": 547.2000012844801, ""length"": 41754.0, ""popularity_length"": 8084962.0, ""road_changes"": 133, ""width_length"": 524725.0}, ""normalized_violation_score"": 0.007481831524963567, ""pair_type"": ""hinge_low_length_pressure"", ""via_vertex"": 19391, ""violations"": {""elevation_high"": 0.0, ""elevation_low"": 0.0, ""length_high"": 0.0, ""length_low"": 0.0, ""popularity_low"": 0.0, ""width_high"": 0.0933263693474764}}",
B_existing_scalar,holdout,holdout_anchor_east_west_09_multi_tight,,,,,,,,,,,,,,,,,,,,,,,hinge_medium_length_pressure,hinge,0,0,0,0.686307099997066,0.5704351000022143,0.18667219999770168,1.3999961083754897e-06,False,,"{""metrics"": {""avg_pop"": 203.9986589944897, ""avg_width"": 12.809650363290583, ""elevation"": 577.5000047311187, ""length"": 41014.0, ""popularity_length"": 8366801.0, ""road_changes"": 133, ""width_length"": 525375.0}, ""normalized_violation_score"": 0.02692997254607168, ""pair_type"": ""hinge_medium_length_pressure"", ""via_vertex"": 5647, ""violations"": {""elevation_high"": 0.0, ""elevation_low"": 0.0, ""length_high"": 0.0, ""length_low"": 0.0, ""popularity_low"": 0.0, ""width_high"": 0.33591728923143904}}",
B_existing_scalar,holdout,holdout_anchor_east_west_09_multi_tight,,,,,,,,,,,,,,,,,,,,,,,hinge_high_length_pressure,hinge,0,0,0,0.6511605999985477,0.6684562000009464,0.1877978999982588,1.300009898841381e-06,False,,"{""metrics"": {""avg_pop"": 208.70632543388248, ""avg_width"": 16.481477402871995, ""elevation"": 501.3000037148595, ""length"": 45404.0, ""popularity_length"": 9476102.0, ""road_changes"": 114, ""width_length"": 748325.0}, ""normalized_violation_score"": 0.47641718012178663, ""pair_type"": ""hinge_high_length_pressure"", ""via_vertex"": 9547, ""violations"": {""elevation_high"": 0.0, ""elevation_low"": 41.72699892371895, ""length_high"": 1463.9020000000019, ""length_low"": 0.0, ""popularity_low"": 0.0, ""width_high"": 4.007744328812851}}",
B_existing_scalar,holdout,holdout_anchor_east_west_09_multi_tight,,,,,,,,,,,,,,,,,,,,,,,width_linear_mild,width_linear,0,0,0,0.7475192999991123,0.7245182000042405,0.22295239999948535,1.6999983927235007e-06,False,,"{""metrics"": {""avg_pop"": 171.5981709207399, ""avg_width"": 14.190089903895835, ""elevation"": 488.60000003129244, ""length"": 38708.0, ""popularity_length"": 6642222.0, ""road_changes"": 126, ""width_length"": 549270.0}, ""normalized_violation_score"": 0.621419219533301, ""pair_type"": ""width_linear_mild"", ""via_vertex"": 6237, ""violations"": {""elevation_high"": 0.0, ""elevation_low"": 54.427002607286, ""length_high"": 0.0, ""length_low"": 1985.0849999999991, ""popularity_low"": 0.0, ""width_high"": 1.7163568298366911}}",
B_existing_scalar,holdout,holdout_anchor_east_west_09_multi_tight,,,,,,,,,,,,,,,,,,,,,,,width_linear_strong,width_linear,0,0,0,0.7150448000029428,0.6978677000006428,0.21436870000616182,1.2999953469261527e-06,False,,"{""metrics"": {""avg_pop"": 193.6777304964539, ""avg_width"": 12.753965183752419, ""elevation"": 548.7000030502677, ""length"": 38775.0, ""popularity_length"": 7509854.0, ""road_changes"": 121, ""width_length"": 494535.0}, ""normalized_violation_score"": 0.590722919803524, ""pair_type"": ""width_linear_strong"", ""via_vertex"": 5647, ""violations"": {""elevation_high"": 0.0, ""elevation_low"": 0.0, ""length_high"": 0.0, ""length_low"": 1918.0849999999991, ""popularity_low"": 0.0, ""width_high"": 0.2802321096932747}}",
B_existing_scalar,holdout,holdout_anchor_east_west_09_multi_tight,,,,,,,,,,,,,,,,,,,,,,,pop_complement_mild,pop_complement,0,0,0,0.7177280000032624,0.5898202000098536,0.2196484000014607,1.500011421740055e-06,False,,"{""metrics"": {""avg_pop"": 231.8196619217082, ""avg_width"": 20.78058274021352, ""elevation"": 490.4000038281083, ""length"": 44960.0, ""popularity_length"": 10422612.0, ""road_changes"": 72, ""width_length"": 934295.0}, ""normalized_violation_score"": 0.665947364500658, ""pair_type"": ""pop_complement_mild"", ""via_vertex"": 13899, ""violations"": {""elevation_high"": 0.0, ""elevation_low"": 52.62699881047013, ""length_high"": 1019.9020000000019, ""length_low"": 0.0, ""popularity_low"": 0.0, ""width_high"": 8.306849666154378}}",
B_existing_scalar,holdout,holdout_anchor_east_west_09_multi_tight,,,,,,,,,,,,,,,,,,,,,,,pop_complement_strong,pop_complement,0,0,0,0.6753023000055691,0.6260742000013124,0.20647950000420678,1.4999968698248267e-06,False,,"{""metrics"": {""avg_pop"": 225.66073249884099, ""avg_width"": 17.477051460361615, ""elevation"": 504.3000010699034, ""length"": 43140.0, ""popularity_length"": 9735004.0, ""road_changes"": 108, ""width_length"": 753960.0}, ""normalized_violation_score"": 0.442164770000569, ""pair_type"": ""pop_complement_strong"", ""via_vertex"": 13847, ""violations"": {""elevation_high"": 0.0, ""elevation_low"": 38.727001568675064, ""length_high"": 0.0, ""length_low"": 0.0, ""popularity_low"": 0.0, ""width_high"": 5.003318386302471}}",
B_existing_scalar,holdout,holdout_anchor_east_west_09_multi_tight,,,,,,,,,,,,,,,,,,,,,,,low_elevation_mild,low_elevation,0,0,0,0.7420666999969399,0.6231150000094203,0.18931629999133293,1.300009898841381e-06,False,,"{""metrics"": {""avg_pop"": 228.67354466358566, ""avg_width"": 20.50337390700601, ""elevation"": 488.2000027000904, ""length"": 46089.0, ""popularity_length"": 10539335.0, ""road_changes"": 79, ""width_length"": 944980.0}, ""normalized_violation_score"": 0.6618088686432738, ""pair_type"": ""low_elevation_mild"", ""via_vertex"": 8017, ""violations"": {""elevation_high"": 0.0, ""elevation_low"": 54.82699993848803, ""length_high"": 2148.902000000002, ""length_low"": 0.0, ""popularity_low"": 0.0, ""width_high"": 8.029640832946868}}",
B_existing_scalar,holdout,holdout_anchor_east_west_09_multi_tight,,,,,,,,,,,,,,,,,,,,,,,low_elevation_strong,low_elevation,0,0,0,0.7415246000018669,0.7242709999991348,0.20841560000553727,1.3999961083754897e-06,False,,"{""metrics"": {""avg_pop"": 228.67354466358566, ""avg_width"": 20.50337390700601, ""elevation"": 488.2000027000904, ""length"": 46089.0, ""popularity_length"": 10539335.0, ""road_changes"": 79, ""width_length"": 944980.0}, ""normalized_violation_score"": 0.6618088686432738, ""pair_type"": ""low_elevation_strong"", ""via_vertex"": 8017, ""violations"": {""elevation_high"": 0.0, ""elevation_low"": 54.82699993848803, ""length_high"": 2148.902000000002, ""length_low"": 0.0, ""popularity_low"": 0.0, ""width_high"": 8.029640832946868}}",
B_existing_scalar,holdout,holdout_anchor_east_west_09_multi_tight,,,,,,,,,,,,,,,,,,,,,,,low_elevation_with_width_pop,low_elevation,0,0,0,0.709416899990174,0.6499450999981491,0.2136499000043841,1.7999991541728377e-06,False,,"{""metrics"": {""avg_pop"": 182.8318651387628, ""avg_width"": 12.786175250901774, ""elevation"": 634.9000020772219, ""length"": 40753.0, ""popularity_length"": 7450947.0, ""road_changes"": 125, ""width_length"": 521075.0}, ""normalized_violation_score"": 0.04895814342902097, ""pair_type"": ""low_elevation_with_width_pop"", ""via_vertex"": 17089, ""violations"": {""elevation_high"": 4.287999013066269, ""elevation_low"": 0.0, ""length_high"": 0.0, ""length_low"": 0.0, ""popularity_low"": 0.0, ""width_high"": 0.3124421768426302}}",
B_existing_scalar,holdout,holdout_anchor_east_west_09_multi_tight,,,,,,,,,,,,,,,,,,,,,,,high_elevation_weak_length,high_elevation,0,0,0,0.7667826999968383,0.714173699991079,0.20648330000403803,2.2000021999701858e-06,False,,"{""metrics"": {""avg_pop"": 221.98134361626248, ""avg_width"": 20.00891583452211, ""elevation"": 501.20000352710485, ""length"": 44864.0, ""popularity_length"": 9958971.0, ""road_changes"": 79, ""width_length"": 897680.0}, ""normalized_violation_score"": 0.6040840152442754, ""pair_type"": ""high_elevation_weak_length"", ""via_vertex"": 13899, ""violations"": {""elevation_high"": 0.0, ""elevation_low"": 41.82699911147358, ""length_high"": 923.9020000000019, ""length_low"": 0.0, ""popularity_low"": 0.0, ""width_high"": 7.535182760462966}}",
B_existing_scalar,holdout,holdout_anchor_east_west_09_multi_tight,,,,,,,,,,,,,,,,,,,,,,,high_elevation_medium_length,high_elevation,0,0,0,0.8089806999923894,0.7294049999909475,0.23294160001387354,1.6999983927235007e-06,False,,"{""metrics"": {""avg_pop"": 221.98134361626248, ""avg_width"": 20.00891583452211, ""elevation"": 501.20000352710485, ""length"": 44864.0, ""popularity_length"": 9958971.0, ""road_changes"": 79, ""width_length"": 897680.0}, ""normalized_violation_score"": 0.6040840152442754, ""pair_type"": ""high_elevation_medium_length"", ""via_vertex"": 13899, ""violations"": {""elevation_high"": 0.0, ""elevation_low"": 41.82699911147358, ""length_high"": 923.9020000000019, ""length_low"": 0.0, ""popularity_low"": 0.0, ""width_high"": 7.535182760462966}}",
B_existing_scalar,holdout,holdout_anchor_east_west_09_multi_tight,,,,,,,,,,,,,,,,,,,,,,,high_elevation_strong_length,high_elevation,0,0,0,0.8213673999998719,0.7346905000013066,0.2126535999996122,1.8999999156221747e-06,False,,"{""metrics"": {""avg_pop"": 228.67354466358566, ""avg_width"": 20.50337390700601, ""elevation"": 488.2000027000904, ""length"": 46089.0, ""popularity_length"": 10539335.0, ""road_changes"": 79, ""width_length"": 944980.0}, ""normalized_violation_score"": 0.6618088686432738, ""pair_type"": ""high_elevation_strong_length"", ""via_vertex"": 8017, ""violations"": {""elevation_high"": 0.0, ""elevation_low"": 54.82699993848803, ""length_high"": 2148.902000000002, ""length_low"": 0.0, ""popularity_low"": 0.0, ""width_high"": 8.029640832946868}}",
B_existing_scalar,holdout,holdout_anchor_east_west_09_multi_tight,,,,,,,,,,,,,,,,,,,,,,,high_elevation_width,high_elevation,0,0,0,0.7696221000078367,0.6886365000100341,0.19293010000546928,1.700012944638729e-06,False,,"{""metrics"": {""avg_pop"": 133.54324238656037, ""avg_width"": 11.348231048691877, ""elevation"": 619.5000043064356, ""length"": 41013.0, ""popularity_length"": 5477009.0, ""road_changes"": 150, ""width_length"": 465425.0}, ""normalized_violation_score"": 0.07652707591345755, ""pair_type"": ""high_elevation_width"", ""via_vertex"": 1573, ""violations"": {""elevation_high"": 0.0, ""elevation_low"": 0.0, ""length_high"": 0.0, ""length_low"": 0.0, ""popularity_low"": 11.066565766348162, ""width_high"": 0.0}}",
B_existing_scalar,holdout,holdout_anchor_east_west_09_multi_tight,,,,,,,,,,,,,,,,,,,,,,,high_elevation_pop,high_elevation,0,0,0,0.6515592000068864,0.6717482000094606,0.2307866000046488,1.7999991541728377e-06,False,,"{""metrics"": {""avg_pop"": 231.56226079216734, ""avg_width"": 20.88640409434802, ""elevation"": 490.4000038281083, ""length"": 44940.0, ""popularity_length"": 10406408.0, ""road_changes"": 69, ""width_length"": 938635.0}, ""normalized_violation_score"": 0.6744308997427716, ""pair_type"": ""high_elevation_pop"", ""via_vertex"": 13899, ""violations"": {""elevation_high"": 0.0, ""elevation_low"": 52.62699881047013, ""length_high"": 999.9020000000019, ""length_low"": 0.0, ""popularity_low"": 0.0, ""width_high"": 8.412671020288876}}",
B_existing_scalar,holdout,holdout_anchor_east_west_09_multi_tight,,,,,,,,,,,,,,,,,,,,,,,high_elevation_width_pop,high_elevation,0,0,0,0.7278351999993902,0.684453099995153,0.20551699999487028,1.8999999156221747e-06,False,,"{""metrics"": {""avg_pop"": 186.24484771110707, ""avg_width"": 14.739421849352544, ""elevation"": 519.6000053659081, ""length"": 43864.0, ""popularity_length"": 8169444.0, ""road_changes"": 136, ""width_length"": 646530.0}, ""normalized_violation_score"": 0.2674772753192678, ""pair_type"": ""high_elevation_width_pop"", ""via_vertex"": 12966, ""violations"": {""elevation_high"": 0.0, ""elevation_low"": 23.42699727267029, ""length_high"": 0.0, ""length_low"": 0.0, ""popularity_low"": 0.0, ""width_high"": 2.2656887752934}}",
B_existing_scalar,holdout,holdout_anchor_east_west_09_multi_tight,,,,,,,,,,,,,,,,,,,,,,,slope_inverse_beta_5,nonlinear_high_elevation,0,0,0,0.7549110000109067,0.6976230000000214,0.21260199999960605,1.7999991541728377e-06,False,,"{""metrics"": {""avg_pop"": 221.98134361626248, ""avg_width"": 20.00891583452211, ""elevation"": 501.20000352710485, ""length"": 44864.0, ""popularity_length"": 9958971.0, ""road_changes"": 79, ""width_length"": 897680.0}, ""normalized_violation_score"": 0.6040840152442754, ""pair_type"": ""slope_inverse_beta_5"", ""via_vertex"": 13899, ""violations"": {""elevation_high"": 0.0, ""elevation_low"": 41.82699911147358, ""length_high"": 923.9020000000019, ""length_low"": 0.0, ""popularity_low"": 0.0, ""width_high"": 7.535182760462966}}",
B_existing_scalar,holdout,holdout_anchor_east_west_09_multi_tight,,,,,,,,,,,,,,,,,,,,,,,slope_inverse_beta_12_width_pop,nonlinear_high_elevation,0,0,0,0.7456415000051493,0.7206402000010712,0.21414379999623634,1.6999983927235007e-06,False,,"{""metrics"": {""avg_pop"": 174.436369119421, ""avg_width"": 12.808643407256193, ""elevation"": 567.5000015199184, ""length"": 43108.0, ""popularity_length"": 7519603.0, ""road_changes"": 144, ""width_length"": 552155.0}, ""normalized_violation_score"": 0.026849246429165762, ""pair_type"": ""slope_inverse_beta_12_width_pop"", ""via_vertex"": 10232, ""violations"": {""elevation_high"": 0.0, ""elevation_low"": 0.0, ""length_high"": 0.0, ""length_low"": 0.0, ""popularity_low"": 0.0, ""width_high"": 0.3349103331970493}}",
B_existing_scalar,holdout,holdout_anchor_east_west_09_multi_tight,,,,,,,,,,,,,,,,,,,,,,,slope_exp_beta_250_width_pop_light,nonlinear_high_elevation,39,0,39,0.7889291000028607,0.7157072999980301,0.20288979999895673,0.09772369998972863,False,,"{""metrics"": {""avg_pop"": 157.67112162524694, ""avg_width"": 12.318123064166036, ""elevation"": 587.1000021100044, ""length"": 41003.0, ""popularity_length"": 6464989.0, ""road_changes"": 152, ""width_length"": 505080.0}, ""normalized_violation_score"": 0.0, ""pair_type"": ""slope_exp_beta_250_width_pop_light"", ""via_vertex"": 3974, ""violations"": {""elevation_high"": 0.0, ""elevation_low"": 0.0, ""length_high"": 0.0, ""length_low"": 0.0, ""popularity_low"": 0.0, ""width_high"": 0.0}}",
B_existing_scalar,holdout,holdout_anchor_east_west_09_multi_tight,,,,,,,,,,,,,,,,,,,,,,,slope_exp_beta_8,nonlinear_high_elevation,0,0,0,0.7662693000020226,0.6525488000042969,0.19213149999268353,1.4999968698248267e-06,False,,"{""metrics"": {""avg_pop"": 207.5497444672085, ""avg_width"": 19.16608505752302, ""elevation"": 541.2000019103289, ""length"": 44417.0, ""popularity_length"": 9218737.0, ""road_changes"": 94, ""width_length"": 851300.0}, ""normalized_violation_score"": 0.536515567852061, ""pair_type"": ""slope_exp_beta_8"", ""via_vertex"": 13900, ""violations"": {""elevation_high"": 0.0, ""elevation_low"": 1.8270007282495726, ""length_high"": 476.90200000000186, ""length_low"": 0.0, ""popularity_low"": 0.0, ""width_high"": 6.692351983463876}}",
B_existing_scalar,holdout,holdout_anchor_east_west_09_multi_tight,,,,,,,,,,,,,,,,,,,,,,,slope_exp_beta_400_width_light,nonlinear_high_elevation,0,0,0,0.7499820999946678,0.6594820000027539,0.21614299999782816,2.4999899324029684e-06,False,,"{""metrics"": {""avg_pop"": 155.989194722475, ""avg_width"": 13.505573248407643, ""elevation"": 539.1000031456351, ""length"": 43960.0, ""popularity_length"": 6857285.0, ""road_changes"": 158, ""width_length"": 593705.0}, ""normalized_violation_score"": 0.08272104014269423, ""pair_type"": ""slope_exp_beta_400_width_light"", ""via_vertex"": 20974, ""violations"": {""elevation_high"": 0.0, ""elevation_low"": 3.9269994929433096, ""length_high"": 19.902000000001863, ""length_low"": 0.0, ""popularity_low"": 0.0, ""width_high"": 1.031840174348499}}",
B_existing_scalar,holdout,holdout_anchor_east_west_09_multi_tight,,,,,,,,,,,,,,,,,,,,,,,slope_exp_beta_16_width_pop,nonlinear_high_elevation,0,0,0,0.741626200004248,0.6572271999903023,0.1991180000040913,1.400010660290718e-06,False,,"{""metrics"": {""avg_pop"": 205.2211195683592, ""avg_width"": 12.77061855670103, ""elevation"": 595.2000053152442, ""length"": 41516.0, ""popularity_length"": 8519960.0, ""road_changes"": 140, ""width_length"": 530185.0}, ""normalized_violation_score"": 0.023800852630019916, ""pair_type"": ""slope_exp_beta_16_width_pop"", ""via_vertex"": 5647, ""violations"": {""elevation_high"": 0.0, ""elevation_low"": 0.0, ""length_high"": 0.0, ""length_low"": 0.0, ""popularity_low"": 0.0, ""width_high"": 0.29688548264188697}}",
B_interpolation,holdout,holdout_anchor_east_west_09_multi_tight,,,,,,,,,,,,,,,,,,,,,,,interp_P_S_lambda_0.125,,0,0,0,0.9688462000049185,0.9071478999976534,0.2043110000086017,1.400010660290718e-06,False,,"{""metrics"": {""avg_pop"": 182.60284192701303, ""avg_width"": 12.787321766019584, ""elevation"": 638.5000018849969, ""length"": 40747.0, ""popularity_length"": 7440518.0, ""road_changes"": 124, ""width_length"": 521045.0}, ""normalized_violation_score"": 0.09006106961823777, ""pair_type"": ""interp_P_S_lambda_0.125"", ""via_vertex"": 17089, ""violations"": {""elevation_high"": 7.88799882084129, ""elevation_low"": 0.0, ""length_high"": 0.0, ""length_low"": 0.0, ""popularity_low"": 0.0, ""width_high"": 0.31358869196044026}}",0.125
B_interpolation,holdout,holdout_anchor_east_west_09_multi_tight,,,,,,,,,,,,,,,,,,,,,,,interp_P_S_lambda_0.25,,0,0,0,1.0356505000090692,0.9697861000022385,0.19039230000635143,9.999930625781417e-07,False,,"{""metrics"": {""avg_pop"": 183.04198971178224, ""avg_width"": 12.822983583154889, ""elevation"": 638.5000020638108, ""length"": 40629.0, ""popularity_length"": 7436813.0, ""road_changes"": 119, ""width_length"": 520985.0}, ""normalized_violation_score"": 0.09006107165984231, ""pair_type"": ""interp_P_S_lambda_0.25"", ""via_vertex"": 17089, ""violations"": {""elevation_high"": 7.887998999655224, ""elevation_low"": 0.0, ""length_high"": 0.0, ""length_low"": 64.08499999999913, ""popularity_low"": 0.0, ""width_high"": 0.34925050909574473}}",0.25
B_interpolation,holdout,holdout_anchor_east_west_09_multi_tight,,,,,,,,,,,,,,,,,,,,,,,interp_P_S_lambda_0.375,,1,0,1,0.9657494999992196,0.9115550999995321,0.1856584000051953,0.0023570000048493966,False,,"{""metrics"": {""avg_pop"": 184.97047073939962, ""avg_width"": 12.39107580890083, ""elevation"": 623.6000037044287, ""length"": 42805.0, ""popularity_length"": 7917661.0, ""road_changes"": 123, ""width_length"": 530400.0}, ""normalized_violation_score"": 0.0, ""pair_type"": ""interp_P_S_lambda_0.375"", ""via_vertex"": 5646, ""violations"": {""elevation_high"": 0.0, ""elevation_low"": 0.0, ""length_high"": 0.0, ""length_low"": 0.0, ""popularity_low"": 0.0, ""width_high"": 0.0}}",0.375
B_interpolation,holdout,holdout_anchor_east_west_09_multi_tight,,,,,,,,,,,,,,,,,,,,,,,interp_P_S_lambda_0.5,,0,0,0,0.9908705999987433,0.9532997000060277,0.23296970000956208,1.7999991541728377e-06,False,,"{""metrics"": {""avg_pop"": 177.4321228429654, ""avg_width"": 12.721258054163478, ""elevation"": 638.4000022485852, ""length"": 40507.0, ""popularity_length"": 7187243.0, ""road_changes"": 123, ""width_length"": 515300.0}, ""normalized_violation_score"": 0.08891932575883528, ""pair_type"": ""interp_P_S_lambda_0.5"", ""via_vertex"": 17089, ""violations"": {""elevation_high"": 7.787999184429623, ""elevation_low"": 0.0, ""length_high"": 0.0, ""length_low"": 186.08499999999913, ""popularity_low"": 0.0, ""width_high"": 0.247524980104334}}",0.5
B_interpolation,holdout,holdout_anchor_east_west_09_multi_tight,,,,,,,,,,,,,,,,,,,,,,,interp_P_S_lambda_0.625,,0,0,0,1.0380280999961542,1.0834847999940393,0.21258259999740403,2.0000006770715117e-06,False,,"{""metrics"": {""avg_pop"": 172.0665324560542, ""avg_width"": 12.44893449867426, ""elevation"": 639.4000016227365, ""length"": 40732.0, ""popularity_length"": 7008614.0, ""road_changes"": 126, ""width_length"": 507070.0}, ""normalized_violation_score"": 0.10033679871986986, ""pair_type"": ""interp_P_S_lambda_0.625"", ""via_vertex"": 17089, ""violations"": {""elevation_high"": 8.787998558580853, ""elevation_low"": 0.0, ""length_high"": 0.0, ""length_low"": 0.0, ""popularity_low"": 0.0, ""width_high"": 0.0}}",0.625
B_interpolation,holdout,holdout_anchor_east_west_09_multi_tight,,,,,,,,,,,,,,,,,,,,,,,interp_P_S_lambda_0.75,,4,0,4,0.9962917000084417,0.9872700999985682,0.22338929999386892,0.005511700001079589,False,,"{""metrics"": {""avg_pop"": 152.67970778826785, ""avg_width"": 11.937844331723419, ""elevation"": 628.6000048816204, ""length"": 41203.0, ""popularity_length"": 6290862.0, ""road_changes"": 137, ""width_length"": 491875.0}, ""normalized_violation_score"": 0.0, ""pair_type"": ""interp_P_S_lambda_0.75"", ""via_vertex"": 1572, ""violations"": {""elevation_high"": 0.0, ""elevation_low"": 0.0, ""length_high"": 0.0, ""length_low"": 0.0, ""popularity_low"": 0.0, ""width_high"": 0.0}}",0.75
B_interpolation,holdout,holdout_anchor_east_west_09_multi_tight,,,,,,,,,,,,,,,,,,,,,,,interp_P_S_lambda_0.875,,0,0,0,1.0438610999990487,0.9595661000057589,0.20177719999628607,1.8999999156221747e-06,False,,"{""metrics"": {""avg_pop"": 150.10207489257212, ""avg_width"": 11.94426028238183, ""elevation"": 632.5000050514936, ""length"": 40725.0, ""popularity_length"": 6112907.0, ""road_changes"": 142, ""width_length"": 486430.0}, ""normalized_violation_score"": 0.02155622513174866, ""pair_type"": ""interp_P_S_lambda_0.875"", ""via_vertex"": 1572, ""violations"": {""elevation_high"": 1.8880019873380434, ""elevation_low"": 0.0, ""length_high"": 0.0, ""length_low"": 0.0, ""popularity_low"": 0.0, ""width_high"": 0.0}}",0.875
