benchmark,query_id,pair_id,category,tightness,tags,source,target,row_type,pair_type,graph_mode,Lmin,Lmax,Hmin,Hmax,Pmin,Wmax,witness_route_id,witness_generator,witness_scalar_name,witness_L,witness_H,witness_avg_pop,witness_avg_width,witness_road_changes,shortest_violation_score,shortest_violated_constraints,route_found,feasible,L,H,avg_pop,avg_width,road_changes,via_vertex,orientation,elementary,repeated_vertex_count,validation_passed,profile_feasible_count,exact_feasible_count,non_elementary_count,rejected_validation_count,rejected_exact_box_count,via_vertices_scanned,tree_computation_s,profile_scan_s,first_hit_reconstruction_s,exhaustive_reconstruction_s,time_to_first_feasible,exhaustive_total_s,reconstructed_before_first_hit,reconstructed_exhaustive,normalized_violation_score,violations,violated_constraints,nearest_candidate_or_profile,member_pair_types,same_scalar_profile_scan_s,additional_mixed_profile_scan_s,same_scalar_reconstruction_s,mixed_reconstruction_s,first_hit_non_elementary_rejections,first_hit_validation_rejections,first_hit_exact_box_rejections
holdout,holdout_anchor_west_east_43_l_low_and_h_low,anchor_west_east,L_LOW_AND_H_LOW,tight,L_LOW_ACTIVE|H_LOW_ACTIVE|L_LOW_AND_H_LOW|tight,5495,9171,pair_type,"P,P",full,55468.296,61756.2,366.5199985688925,458.9999985396862,121.99556481778347,14.628142923301628,anchor_west_east:holdout_non_frozen_via:width_linear_mild:via15946,non_frozen_same_scalar_via,width_linear_mild,56142.0,373.9999985396862,143.99556481778347,12.528142923301628,180,4.581064850862867,length_low|elevation_low|width_high,True,True,56303.0,439.49999975413084,176.90091114150223,14.351544322682628,201,6615,"P,P",True,0,True,594,34,560,0,0,21241,0.6782371000008425,0.057466400001430884,0.3419335999933537,0.5588912999955937,1.077637099995627,1.294594799997867,373,594,0.0,{},,"{""metrics"": {""avg_pop"": 178.78238185657753, ""avg_width"": 14.475608241202464, ""elevation"": 440.19999980181456, ""length"": 56351.0, ""popularity_length"": 10074566.0, ""road_changes"": 195, ""width_length"": 815715.0}, ""normalized_violation_score"": 0.0, ""pair_type"": ""P,P"", ""profile_exact_deltas"": {""avg_pop"": 0.0, ""avg_width"": 0.0, ""elevation"": 0.0, ""length"": 0.0, ""popularity_length"": 0.0, ""road_changes"": 0.0, ""width_length"": 0.0}, ""profile_metrics"": {""avg_pop"": 178.78238185657753, ""avg_width"": 14.475608241202464, ""elevation"": 440.19999980181456, ""length"": 56351.0, ""popularity_length"": 10074566.0, ""road_changes"": 195, ""width_length"": 815715.0}, ""via_vertex"": 5127, ""violations"": {""elevation_high"": 0.0, ""elevation_low"": 0.0, ""length_high"": 0.0, ""length_low"": 0.0, ""popularity_low"": 0.0, ""width_high"": 0.0}}",,,,,,,,
holdout,holdout_anchor_west_east_43_l_low_and_h_low,anchor_west_east,L_LOW_AND_H_LOW,tight,L_LOW_ACTIVE|H_LOW_ACTIVE|L_LOW_AND_H_LOW|tight,5495,9171,pair_type,"P,S",full,55468.296,61756.2,366.5199985688925,458.9999985396862,121.99556481778347,14.628142923301628,anchor_west_east:holdout_non_frozen_via:width_linear_mild:via15946,non_frozen_same_scalar_via,width_linear_mild,56142.0,373.9999985396862,143.99556481778347,12.528142923301628,180,4.581064850862867,length_low|elevation_low|width_high,True,True,57507.0,393.69999892264605,151.7915905889718,12.68193437320674,177,5202,"P,S",True,0,True,505,142,363,0,0,21241,0.6782371000008425,0.06481409999832977,0.0489473000052385,0.517262599998503,0.7919985000044107,1.2603137999976752,46,505,0.0,{},,"{""metrics"": {""avg_pop"": 159.6379102381767, ""avg_width"": 14.157920319729238, ""elevation"": 434.09999890625477, ""length"": 55547.0, ""popularity_length"": 8867407.0, ""road_changes"": 190, ""width_length"": 786430.0}, ""normalized_violation_score"": 0.0, ""pair_type"": ""P,S"", ""profile_exact_deltas"": {""avg_pop"": 0.0, ""avg_width"": 0.0, ""elevation"": 0.0, ""length"": 0.0, ""popularity_length"": 0.0, ""road_changes"": 0.0, ""width_length"": 0.0}, ""profile_metrics"": {""avg_pop"": 159.6379102381767, ""avg_width"": 14.157920319729238, ""elevation"": 434.09999890625477, ""length"": 55547.0, ""popularity_length"": 8867407.0, ""road_changes"": 190, ""width_length"": 786430.0}, ""via_vertex"": 206, ""violations"": {""elevation_high"": 0.0, ""elevation_low"": 0.0, ""length_high"": 0.0, ""length_low"": 0.0, ""popularity_low"": 0.0, ""width_high"": 0.0}}",,,,,,,,
holdout,holdout_anchor_west_east_43_l_low_and_h_low,anchor_west_east,L_LOW_AND_H_LOW,tight,L_LOW_ACTIVE|H_LOW_ACTIVE|L_LOW_AND_H_LOW|tight,5495,9171,pair_type,"S,P",full,55468.296,61756.2,366.5199985688925,458.9999985396862,121.99556481778347,14.628142923301628,anchor_west_east:holdout_non_frozen_via:width_linear_mild:via15946,non_frozen_same_scalar_via,width_linear_mild,56142.0,373.9999985396862,143.99556481778347,12.528142923301628,180,4.581064850862867,length_low|elevation_low|width_high,False,False,,,,,,,,,,,318,0,318,0,0,21241,0.6782371000008425,0.06521099999372382,0.33748309999646153,0.33725320000667125,,1.0807013000012375,,318,0.0,"{""elevation_high"": 0.0, ""elevation_low"": 0.0, ""length_high"": 0.0, ""length_low"": 0.0, ""popularity_low"": 0.0, ""width_high"": 0.0}",,"{""metrics"": {""avg_pop"": 171.286277616724, ""avg_width"": 13.763617048094064, ""elevation"": 454.500003233552, ""length"": 55537.0, ""popularity_length"": 9512726.0, ""road_changes"": 197, ""width_length"": 764390.0}, ""normalized_violation_score"": 0.0, ""pair_type"": ""S,P"", ""via_vertex"": 6588, ""violations"": {""elevation_high"": 0.0, ""elevation_low"": 0.0, ""length_high"": 0.0, ""length_low"": 0.0, ""popularity_low"": 0.0, ""width_high"": 0.0}}",,,,,,,,
holdout,holdout_anchor_west_east_43_l_low_and_h_low,anchor_west_east,L_LOW_AND_H_LOW,tight,L_LOW_ACTIVE|H_LOW_ACTIVE|L_LOW_AND_H_LOW|tight,5495,9171,pair_type,"S,S",full,55468.296,61756.2,366.5199985688925,458.9999985396862,121.99556481778347,14.628142923301628,anchor_west_east:holdout_non_frozen_via:width_linear_mild:via15946,non_frozen_same_scalar_via,width_linear_mild,56142.0,373.9999985396862,143.99556481778347,12.528142923301628,180,4.581064850862867,length_low|elevation_low|width_high,True,True,55770.0,455.9999979361892,144.36109019185943,13.237941545633854,181,8208,"S,S",True,0,True,47,1,46,0,0,21241,0.6782371000008425,0.06450550000590738,0.0336544000019785,0.04834589999518357,0.7763970000087284,0.7910885000019334,32,47,0.0,{},,"{""metrics"": {""avg_pop"": 144.36109019185943, ""avg_width"": 13.237941545633854, ""elevation"": 455.9999979361892, ""length"": 55770.0, ""popularity_length"": 8051018.0, ""road_changes"": 181, ""width_length"": 738280.0}, ""normalized_violation_score"": 0.0, ""pair_type"": ""S,S"", ""profile_exact_deltas"": {""avg_pop"": 0.0, ""avg_width"": 0.0, ""elevation"": 0.0, ""length"": 0.0, ""popularity_length"": 0.0, ""road_changes"": 0.0, ""width_length"": 0.0}, ""profile_metrics"": {""avg_pop"": 144.36109019185943, ""avg_width"": 13.237941545633854, ""elevation"": 455.9999979361892, ""length"": 55770.0, ""popularity_length"": 8051018.0, ""road_changes"": 181, ""width_length"": 738280.0}, ""via_vertex"": 8208, ""violations"": {""elevation_high"": 0.0, ""elevation_low"": 0.0, ""length_high"": 0.0, ""length_low"": 0.0, ""popularity_low"": 0.0, ""width_high"": 0.0}}",,,,,,,,
holdout,holdout_anchor_west_east_43_l_low_and_h_low,anchor_west_east,L_LOW_AND_H_LOW,tight,L_LOW_ACTIVE|H_LOW_ACTIVE|L_LOW_AND_H_LOW|tight,5495,9171,union,VIA-UNION-2,full,55468.296,61756.2,366.5199985688925,458.9999985396862,121.99556481778347,14.628142923301628,anchor_west_east:holdout_non_frozen_via:width_linear_mild:via15946,non_frozen_same_scalar_via,width_linear_mild,56142.0,373.9999985396862,143.99556481778347,12.528142923301628,180,4.581064850862867,length_low|elevation_low|width_high,True,True,55770.0,455.9999979361892,144.36109019185943,13.237941545633854,181,8208,"S,S",True,0,True,641,9,606,0,0,42482,0.6782371000008425,0.12197190000733826,0.398308799994993,0.6072371999907773,1.1985178000031738,1.407446199998958,384,641,0.0,{},,"{""metrics"": {""avg_pop"": 178.78238185657753, ""avg_width"": 14.475608241202464, ""elevation"": 440.19999980181456, ""length"": 56351.0, ""popularity_length"": 10074566.0, ""road_changes"": 195, ""width_length"": 815715.0}, ""normalized_violation_score"": 0.0, ""pair_type"": ""P,P"", ""profile_exact_deltas"": {""avg_pop"": 0.0, ""avg_width"": 0.0, ""elevation"": 0.0, ""length"": 0.0, ""popularity_length"": 0.0, ""road_changes"": 0.0, ""width_length"": 0.0}, ""profile_metrics"": {""avg_pop"": 178.78238185657753, ""avg_width"": 14.475608241202464, ""elevation"": 440.19999980181456, ""length"": 56351.0, ""popularity_length"": 10074566.0, ""road_changes"": 195, ""width_length"": 815715.0}, ""via_vertex"": 5127, ""violations"": {""elevation_high"": 0.0, ""elevation_low"": 0.0, ""length_high"": 0.0, ""length_low"": 0.0, ""popularity_low"": 0.0, ""width_high"": 0.0}}","P,P|S,S",0.12197190000733826,0.13002509999205358,0.6072371999907773,0.8545158000051742,383,0,0
holdout,holdout_anchor_west_east_43_l_low_and_h_low,anchor_west_east,L_LOW_AND_H_LOW,tight,L_LOW_ACTIVE|H_LOW_ACTIVE|L_LOW_AND_H_LOW|tight,5495,9171,union,MIXED-VIA-2,full,55468.296,61756.2,366.5199985688925,458.9999985396862,121.99556481778347,14.628142923301628,anchor_west_east:holdout_non_frozen_via:width_linear_mild:via15946,non_frozen_same_scalar_via,width_linear_mild,56142.0,373.9999985396862,143.99556481778347,12.528142923301628,180,4.581064850862867,length_low|elevation_low|width_high,True,True,57507.0,393.69999892264605,151.7915905889718,12.68193437320674,177,5202,"P,S",True,0,True,1464,49,1287,0,0,84964,0.6782371000008425,0.25199699999939185,0.0491658999962965,1.4617529999959515,0.9793999999965308,2.391987099996186,46,1464,0.0,{},,"{""metrics"": {""avg_pop"": 178.78238185657753, ""avg_width"": 14.475608241202464, ""elevation"": 440.19999980181456, ""length"": 56351.0, ""popularity_length"": 10074566.0, ""road_changes"": 195, ""width_length"": 815715.0}, ""normalized_violation_score"": 0.0, ""pair_type"": ""P,P"", ""profile_exact_deltas"": {""avg_pop"": 0.0, ""avg_width"": 0.0, ""elevation"": 0.0, ""length"": 0.0, ""popularity_length"": 0.0, ""road_changes"": 0.0, ""width_length"": 0.0}, ""profile_metrics"": {""avg_pop"": 178.78238185657753, ""avg_width"": 14.475608241202464, ""elevation"": 440.19999980181456, ""length"": 56351.0, ""popularity_length"": 10074566.0, ""road_changes"": 195, ""width_length"": 815715.0}, ""via_vertex"": 5127, ""violations"": {""elevation_high"": 0.0, ""elevation_low"": 0.0, ""length_high"": 0.0, ""length_low"": 0.0, ""popularity_low"": 0.0, ""width_high"": 0.0}}","P,P|P,S|S,P|S,S",0.12197190000733826,0.13002509999205358,0.6072371999907773,0.8545158000051742,45,0,0
holdout,holdout_anchor_east_west_02_multi_tight,anchor_east_west,MULTI_TIGHT,tight,MULTI_TIGHT|POP_ACTIVE|WIDTH_ACTIVE|tight,9171,5495,pair_type,"P,P",full,46237.975,49927.43,603.9420025831461,701.3520029997826,150.76909109882084,13.571110299488678,anchor_east_west:holdout_non_frozen_via:hinge_width_strong:via4315,non_frozen_same_scalar_via,hinge_width_strong,47915.0,649.4000027775764,155.76909109882084,12.921110299488678,178,5.376397055933732,length_low|elevation_low|width_high,False,False,,,,,,,,,,,0,0,0,0,0,21241,0.7696763999992982,0.06507679999049287,4.3000036384910345e-06,3.9998849388211966e-07,,0.8347535999782849,,0,0.29095573255444424,"{""elevation_high"": 0.0, ""elevation_low"": 28.341998029351203, ""length_high"": 669.5699999999997, ""length_low"": 0.0, ""popularity_low"": 0.0, ""width_high"": 1.4079398418240476}",length_high|elevation_low|width_high,"{""metrics"": {""avg_pop"": 206.02126608296933, ""avg_width"": 14.979050141312726, ""elevation"": 575.6000045537949, ""length"": 50597.0, ""popularity_length"": 10424058.0, ""road_changes"": 144, ""width_length"": 757895.0}, ""normalized_violation_score"": 0.29095573255444424, ""pair_type"": ""P,P"", ""via_vertex"": 9547, ""violations"": {""elevation_high"": 0.0, ""elevation_low"": 28.341998029351203, ""length_high"": 669.5699999999997, ""length_low"": 0.0, ""popularity_low"": 0.0, ""width_high"": 1.4079398418240476}}",,,,,,,,
holdout,holdout_anchor_east_west_02_multi_tight,anchor_east_west,MULTI_TIGHT,tight,MULTI_TIGHT|POP_ACTIVE|WIDTH_ACTIVE|tight,9171,5495,pair_type,"P,S",full,46237.975,49927.43,603.9420025831461,701.3520029997826,150.76909109882084,13.571110299488678,anchor_east_west:holdout_non_frozen_via:hinge_width_strong:via4315,non_frozen_same_scalar_via,hinge_width_strong,47915.0,649.4000027775764,155.76909109882084,12.921110299488678,178,5.376397055933732,length_low|elevation_low|width_high,False,False,,,,,,,,,,,0,0,0,0,0,21241,0.7696763999992982,0.06340640000416897,3.999986802227795e-06,6.00004568696022e-07,,0.8330834000080358,,0,0.054840406419452876,"{""elevation_high"": 0.0, ""elevation_low"": 5.342004012167422, ""length_high"": 0.0, ""length_low"": 0.0, ""popularity_low"": 0.0, ""width_high"": 0.0}",elevation_low,"{""metrics"": {""avg_pop"": 165.19460380809844, ""avg_width"": 13.479670740833125, ""elevation"": 598.5999985709786, ""length"": 48108.0, ""popularity_length"": 7947182.0, ""road_changes"": 178, ""width_length"": 648480.0}, ""normalized_violation_score"": 0.054840406419452876, ""pair_type"": ""P,S"", ""via_vertex"": 7433, ""violations"": {""elevation_high"": 0.0, ""elevation_low"": 5.342004012167422, ""length_high"": 0.0, ""length_low"": 0.0, ""popularity_low"": 0.0, ""width_high"": 0.0}}",,,,,,,,
holdout,holdout_anchor_east_west_02_multi_tight,anchor_east_west,MULTI_TIGHT,tight,MULTI_TIGHT|POP_ACTIVE|WIDTH_ACTIVE|tight,9171,5495,pair_type,"S,P",full,46237.975,49927.43,603.9420025831461,701.3520029997826,150.76909109882084,13.571110299488678,anchor_east_west:holdout_non_frozen_via:hinge_width_strong:via4315,non_frozen_same_scalar_via,hinge_width_strong,47915.0,649.4000027775764,155.76909109882084,12.921110299488678,178,5.376397055933732,length_low|elevation_low|width_high,True,True,49431.0,608.5000008419156,161.31257712771338,13.077218749367805,181,7104,"S,P",True,0,True,209,71,138,0,0,21241,0.7696763999992982,0.0572256000014022,0.017005200003040954,0.17760110000381246,0.8439072000037413,1.0045031000045128,20,209,0.0,{},,"{""metrics"": {""avg_pop"": 154.10031840633548, ""avg_width"": 13.384291954116831, ""elevation"": 653.3000033050776, ""length"": 48994.0, ""popularity_length"": 7549991.0, ""road_changes"": 179, ""width_length"": 655750.0}, ""normalized_violation_score"": 0.0, ""pair_type"": ""S,P"", ""profile_exact_deltas"": {""avg_pop"": 0.0, ""avg_width"": 0.0, ""elevation"": 0.0, ""length"": 0.0, ""popularity_length"": 0.0, ""road_changes"": 0.0, ""width_length"": 0.0}, ""profile_metrics"": {""avg_pop"": 154.10031840633548, ""avg_width"": 13.384291954116831, ""elevation"": 653.3000033050776, ""length"": 48994.0, ""popularity_length"": 7549991.0, ""road_changes"": 179, ""width_length"": 655750.0}, ""via_vertex"": 4835, ""violations"": {""elevation_high"": 0.0, ""elevation_low"": 0.0, ""length_high"": 0.0, ""length_low"": 0.0, ""popularity_low"": 0.0, ""width_high"": 0.0}}",,,,,,,,
holdout,holdout_anchor_east_west_02_multi_tight,anchor_east_west,MULTI_TIGHT,tight,MULTI_TIGHT|POP_ACTIVE|WIDTH_ACTIVE|tight,9171,5495,pair_type,"S,S",full,46237.975,49927.43,603.9420025831461,701.3520029997826,150.76909109882084,13.571110299488678,anchor_east_west:holdout_non_frozen_via:hinge_width_strong:via4315,non_frozen_same_scalar_via,hinge_width_strong,47915.0,649.4000027775764,155.76909109882084,12.921110299488678,178,5.376397055933732,length_low|elevation_low|width_high,True,True,48822.0,639.6000037491322,152.0288599401909,13.238294211625906,181,6059,"S,S",True,0,True,43,18,25,0,0,21241,0.7696763999992982,0.05831189999298658,0.014688299997942522,0.036307400005171075,0.8426765999902273,0.8642956999974558,17,43,0.0,{},,"{""metrics"": {""avg_pop"": 151.34164578283554, ""avg_width"": 13.18978267121318, ""elevation"": 638.0000037252903, ""length"": 48682.0, ""popularity_length"": 7367614.0, ""road_changes"": 181, ""width_length"": 642105.0}, ""normalized_violation_score"": 0.0, ""pair_type"": ""S,S"", ""profile_exact_deltas"": {""avg_pop"": 0.0, ""avg_width"": 0.0, ""elevation"": 0.0, ""length"": 0.0, ""popularity_length"": 0.0, ""road_changes"": 0.0, ""width_length"": 0.0}, ""profile_metrics"": {""avg_pop"": 151.34164578283554, ""avg_width"": 13.18978267121318, ""elevation"": 638.0000037252903, ""length"": 48682.0, ""popularity_length"": 7367614.0, ""road_changes"": 181, ""width_length"": 642105.0}, ""via_vertex"": 6058, ""violations"": {""elevation_high"": 0.0, ""elevation_low"": 0.0, ""length_high"": 0.0, ""length_low"": 0.0, ""popularity_low"": 0.0, ""width_high"": 0.0}}",,,,,,,,
holdout,holdout_anchor_east_west_02_multi_tight,anchor_east_west,MULTI_TIGHT,tight,MULTI_TIGHT|POP_ACTIVE|WIDTH_ACTIVE|tight,9171,5495,union,VIA-UNION-2,full,46237.975,49927.43,603.9420025831461,701.3520029997826,150.76909109882084,13.571110299488678,anchor_east_west:holdout_non_frozen_via:hinge_width_strong:via4315,non_frozen_same_scalar_via,hinge_width_strong,47915.0,649.4000027775764,155.76909109882084,12.921110299488678,178,5.376397055933732,length_low|elevation_low|width_high,True,True,48822.0,639.6000037491322,152.0288599401909,13.238294211625906,181,6059,"S,S",True,0,True,43,3,25,0,0,42482,0.7696763999992982,0.12338869998347946,0.014063299997360446,0.03630779999366496,0.9071283999801381,0.9293728999764426,17,43,0.0,{},,"{""metrics"": {""avg_pop"": 151.34164578283554, ""avg_width"": 13.18978267121318, ""elevation"": 638.0000037252903, ""length"": 48682.0, ""popularity_length"": 7367614.0, ""road_changes"": 181, ""width_length"": 642105.0}, ""normalized_violation_score"": 0.0, ""pair_type"": ""S,S"", ""profile_exact_deltas"": {""avg_pop"": 0.0, ""avg_width"": 0.0, ""elevation"": 0.0, ""length"": 0.0, ""popularity_length"": 0.0, ""road_changes"": 0.0, ""width_length"": 0.0}, ""profile_metrics"": {""avg_pop"": 151.34164578283554, ""avg_width"": 13.18978267121318, ""elevation"": 638.0000037252903, ""length"": 48682.0, ""popularity_length"": 7367614.0, ""road_changes"": 181, ""width_length"": 642105.0}, ""via_vertex"": 6058, ""violations"": {""elevation_high"": 0.0, ""elevation_low"": 0.0, ""length_high"": 0.0, ""length_low"": 0.0, ""popularity_low"": 0.0, ""width_high"": 0.0}}","P,P|S,S",0.12338869998347946,0.12063200000557117,0.03630779999366496,0.17760170000838116,16,0,0
holdout,holdout_anchor_east_west_02_multi_tight,anchor_east_west,MULTI_TIGHT,tight,MULTI_TIGHT|POP_ACTIVE|WIDTH_ACTIVE|tight,9171,5495,union,MIXED-VIA-2,full,46237.975,49927.43,603.9420025831461,701.3520029997826,150.76909109882084,13.571110299488678,anchor_east_west:holdout_non_frozen_via:hinge_width_strong:via4315,non_frozen_same_scalar_via,hinge_width_strong,47915.0,649.4000027775764,155.76909109882084,12.921110299488678,178,5.376397055933732,length_low|elevation_low|width_high,True,True,49431.0,608.5000008419156,161.31257712771338,13.077218749367805,181,7104,"S,P",True,0,True,252,15,163,0,0,84964,0.7696763999992982,0.24402069998905063,0.01673829999344889,0.21390950000204612,1.0304353999817977,1.227606599990395,20,252,0.0,{},,"{""metrics"": {""avg_pop"": 154.10031840633548, ""avg_width"": 13.384291954116831, ""elevation"": 653.3000033050776, ""length"": 48994.0, ""popularity_length"": 7549991.0, ""road_changes"": 179, ""width_length"": 655750.0}, ""normalized_violation_score"": 0.0, ""pair_type"": ""S,P"", ""profile_exact_deltas"": {""avg_pop"": 0.0, ""avg_width"": 0.0, ""elevation"": 0.0, ""length"": 0.0, ""popularity_length"": 0.0, ""road_changes"": 0.0, ""width_length"": 0.0}, ""profile_metrics"": {""avg_pop"": 154.10031840633548, ""avg_width"": 13.384291954116831, ""elevation"": 653.3000033050776, ""length"": 48994.0, ""popularity_length"": 7549991.0, ""road_changes"": 179, ""width_length"": 655750.0}, ""via_vertex"": 4835, ""violations"": {""elevation_high"": 0.0, ""elevation_low"": 0.0, ""length_high"": 0.0, ""length_low"": 0.0, ""popularity_low"": 0.0, ""width_high"": 0.0}}","P,P|P,S|S,P|S,S",0.12338869998347946,0.12063200000557117,0.03630779999366496,0.17760170000838116,19,0,0
holdout,holdout_anchor_south_north_17_pop_active,anchor_south_north,POP_ACTIVE,tight,POP_ACTIVE|tight,796,7935,pair_type,"P,P",full,47368.635,59016.66,371.0360005778074,676.8900010541081,201.0321524464448,15.219158183468872,anchor_south_north:holdout_non_frozen_via:hinge_width_strong:via20814,non_frozen_same_scalar_via,hinge_width_strong,51769.0,501.40000078082085,203.5321524464448,12.819158183468872,162,1.5904528879359376,length_low|elevation_low|popularity_low|width_high,True,True,48551.0,470.500000603497,221.1695330683199,14.053263578505078,122,20814,"P,P",True,0,True,2005,293,1712,0,0,21243,0.6735541999951238,0.057400899997446686,0.12499879999086261,1.3936148999928264,0.8559538999834331,2.124569999985397,181,2005,0.0,{},,"{""metrics"": {""avg_pop"": 228.9586893605292, ""avg_width"": 14.784230292171996, ""elevation"": 486.5999979823828, ""length"": 58048.0, ""popularity_length"": 13290594.0, ""road_changes"": 154, ""width_length"": 858195.0}, ""normalized_violation_score"": 0.0, ""pair_type"": ""P,P"", ""profile_exact_deltas"": {""avg_pop"": 0.0, ""avg_width"": 0.0, ""elevation"": 0.0, ""length"": 0.0, ""popularity_length"": 0.0, ""road_changes"": 0.0, ""width_length"": 0.0}, ""profile_metrics"": {""avg_pop"": 228.9586893605292, ""avg_width"": 14.784230292171996, ""elevation"": 486.5999979823828, ""length"": 58048.0, ""popularity_length"": 13290594.0, ""road_changes"": 154, ""width_length"": 858195.0}, ""via_vertex"": 867, ""violations"": {""elevation_high"": 0.0, ""elevation_low"": 0.0, ""length_high"": 0.0, ""length_low"": 0.0, ""popularity_low"": 0.0, ""width_high"": 0.0}}",,,,,,,,
holdout,holdout_anchor_south_north_17_pop_active,anchor_south_north,POP_ACTIVE,tight,POP_ACTIVE|tight,796,7935,pair_type,"P,S",full,47368.635,59016.66,371.0360005778074,676.8900010541081,201.0321524464448,15.219158183468872,anchor_south_north:holdout_non_frozen_via:hinge_width_strong:via20814,non_frozen_same_scalar_via,hinge_width_strong,51769.0,501.40000078082085,203.5321524464448,12.819158183468872,162,1.5904528879359376,length_low|elevation_low|popularity_low|width_high,True,True,48954.0,511.0999990180135,208.98412795685746,14.111206438697552,150,15989,"P,S",True,0,True,2252,442,1810,0,0,21243,0.6735541999951238,0.0654666000045836,0.09053690001019277,1.7696135999867693,0.8295577000099001,2.5086343999864766,121,2252,0.0,{},,"{""metrics"": {""avg_pop"": 208.4854108117044, ""avg_width"": 15.101566374607373, ""elevation"": 511.1999986246228, ""length"": 48392.0, ""popularity_length"": 10089026.0, ""road_changes"": 133, ""width_length"": 730795.0}, ""normalized_violation_score"": 0.0, ""pair_type"": ""P,S"", ""profile_exact_deltas"": {""avg_pop"": 0.0, ""avg_width"": 0.0, ""elevation"": 0.0, ""length"": 0.0, ""popularity_length"": 0.0, ""road_changes"": 0.0, ""width_length"": 0.0}, ""profile_metrics"": {""avg_pop"": 208.4854108117044, ""avg_width"": 15.101566374607373, ""elevation"": 511.1999986246228, ""length"": 48392.0, ""popularity_length"": 10089026.0, ""road_changes"": 133, ""width_length"": 730795.0}, ""via_vertex"": 747, ""violations"": {""elevation_high"": 0.0, ""elevation_low"": 0.0, ""length_high"": 0.0, ""length_low"": 0.0, ""popularity_low"": 0.0, ""width_high"": 0.0}}",,,,,,,,
holdout,holdout_anchor_south_north_17_pop_active,anchor_south_north,POP_ACTIVE,tight,POP_ACTIVE|tight,796,7935,pair_type,"S,P",full,47368.635,59016.66,371.0360005778074,676.8900010541081,201.0321524464448,15.219158183468872,anchor_south_north:holdout_non_frozen_via:hinge_width_strong:via20814,non_frozen_same_scalar_via,hinge_width_strong,51769.0,501.40000078082085,203.5321524464448,12.819158183468872,162,1.5904528879359376,length_low|elevation_low|popularity_low|width_high,True,True,49253.0,586.8999990150332,207.12925101009077,14.198729011430776,132,13104,"S,P",True,0,True,1714,339,1375,0,0,21243,0.6735541999951238,0.06469020000076853,0.03738819999853149,1.34636429999955,0.7756325999944238,2.0846086999954423,42,1714,0.0,{},,"{""metrics"": {""avg_pop"": 206.36972083769203, ""avg_width"": 14.406805735031691, ""elevation"": 494.0999991223216, ""length"": 48753.0, ""popularity_length"": 10061143.0, ""road_changes"": 132, ""width_length"": 702375.0}, ""normalized_violation_score"": 0.0, ""pair_type"": ""S,P"", ""profile_exact_deltas"": {""avg_pop"": 0.0, ""avg_width"": 0.0, ""elevation"": 0.0, ""length"": 0.0, ""popularity_length"": 0.0, ""road_changes"": 0.0, ""width_length"": 0.0}, ""profile_metrics"": {""avg_pop"": 206.36972083769203, ""avg_width"": 14.406805735031691, ""elevation"": 494.0999991223216, ""length"": 48753.0, ""popularity_length"": 10061143.0, ""road_changes"": 132, ""width_length"": 702375.0}, ""via_vertex"": 1476, ""violations"": {""elevation_high"": 0.0, ""elevation_low"": 0.0, ""length_high"": 0.0, ""length_low"": 0.0, ""popularity_low"": 0.0, ""width_high"": 0.0}}",,,,,,,,
holdout,holdout_anchor_south_north_17_pop_active,anchor_south_north,POP_ACTIVE,tight,POP_ACTIVE|tight,796,7935,pair_type,"S,S",full,47368.635,59016.66,371.0360005778074,676.8900010541081,201.0321524464448,15.219158183468872,anchor_south_north:holdout_non_frozen_via:hinge_width_strong:via20814,non_frozen_same_scalar_via,hinge_width_strong,51769.0,501.40000078082085,203.5321524464448,12.819158183468872,162,1.5904528879359376,length_low|elevation_low|popularity_low|width_high,True,True,48164.0,570.7999991849065,205.9460800597957,14.20895274478864,134,6059,"S,S",True,0,True,440,58,382,0,0,21243,0.6735541999951238,0.06401020000339486,0.06638119999843184,0.3537200999999186,0.8039455999969505,1.0912844999984372,81,440,0.0,{},,"{""metrics"": {""avg_pop"": 202.41451394307774, ""avg_width"": 14.249558503429299, ""elevation"": 492.299999140203, ""length"": 48698.0, ""popularity_length"": 9857182.0, ""road_changes"": 141, ""width_length"": 693925.0}, ""normalized_violation_score"": 0.0, ""pair_type"": ""S,S"", ""profile_exact_deltas"": {""avg_pop"": 0.0, ""avg_width"": 0.0, ""elevation"": 0.0, ""length"": 0.0, ""popularity_length"": 0.0, ""road_changes"": 0.0, ""width_length"": 0.0}, ""profile_metrics"": {""avg_pop"": 202.41451394307774, ""avg_width"": 14.249558503429299, ""elevation"": 492.299999140203, ""length"": 48698.0, ""popularity_length"": 9857182.0, ""road_changes"": 141, ""width_length"": 693925.0}, ""via_vertex"": 1476, ""violations"": {""elevation_high"": 0.0, ""elevation_low"": 0.0, ""length_high"": 0.0, ""length_low"": 0.0, ""popularity_low"": 0.0, ""width_high"": 0.0}}",,,,,,,,
holdout,holdout_anchor_south_north_17_pop_active,anchor_south_north,POP_ACTIVE,tight,POP_ACTIVE|tight,796,7935,union,VIA-UNION-2,full,47368.635,59016.66,371.0360005778074,676.8900010541081,201.0321524464448,15.219158183468872,anchor_south_north:holdout_non_frozen_via:hinge_width_strong:via20814,non_frozen_same_scalar_via,hinge_width_strong,51769.0,501.40000078082085,203.5321524464448,12.819158183468872,162,1.5904528879359376,length_low|elevation_low|popularity_low|width_high,True,True,48551.0,470.500000603497,221.1695330683199,14.053263578505078,122,20814,"P,P",True,0,True,2445,99,2094,0,0,42486,0.6735541999951238,0.12141110000084154,0.14788440000847913,1.747334999992745,0.9428497000044445,2.5423002999887103,190,2445,0.0,{},,"{""metrics"": {""avg_pop"": 228.9586893605292, ""avg_width"": 14.784230292171996, ""elevation"": 486.5999979823828, ""length"": 58048.0, ""popularity_length"": 13290594.0, ""road_changes"": 154, ""width_length"": 858195.0}, ""normalized_violation_score"": 0.0, ""pair_type"": ""P,P"", ""profile_exact_deltas"": {""avg_pop"": 0.0, ""avg_width"": 0.0, ""elevation"": 0.0, ""length"": 0.0, ""popularity_length"": 0.0, ""road_changes"": 0.0, ""width_length"": 0.0}, ""profile_metrics"": {""avg_pop"": 228.9586893605292, ""avg_width"": 14.784230292171996, ""elevation"": 486.5999979823828, ""length"": 58048.0, ""popularity_length"": 13290594.0, ""road_changes"": 154, ""width_length"": 858195.0}, ""via_vertex"": 867, ""violations"": {""elevation_high"": 0.0, ""elevation_low"": 0.0, ""length_high"": 0.0, ""length_low"": 0.0, ""popularity_low"": 0.0, ""width_high"": 0.0}}","P,P|S,S",0.12141110000084154,0.13015680000535212,1.747334999992745,3.1159778999863192,189,0,0
holdout,holdout_anchor_south_north_17_pop_active,anchor_south_north,POP_ACTIVE,tight,POP_ACTIVE|tight,796,7935,union,MIXED-VIA-2,full,47368.635,59016.66,371.0360005778074,676.8900010541081,201.0321524464448,15.219158183468872,anchor_south_north:holdout_non_frozen_via:hinge_width_strong:via20814,non_frozen_same_scalar_via,hinge_width_strong,51769.0,501.40000078082085,203.5321524464448,12.819158183468872,162,1.5904528879359376,length_low|elevation_low|popularity_low|width_high,True,True,48954.0,511.0999990180135,208.98412795685746,14.111206438697552,150,15989,"P,S",True,0,True,6411,304,5279,0,0,84972,0.6735541999951238,0.25156790000619367,0.14006819999485742,4.863312899979064,1.0651902999961749,5.788434999980382,178,6411,0.0,{},,"{""metrics"": {""avg_pop"": 228.9586893605292, ""avg_width"": 14.784230292171996, ""elevation"": 486.5999979823828, ""length"": 58048.0, ""popularity_length"": 13290594.0, ""road_changes"": 154, ""width_length"": 858195.0}, ""normalized_violation_score"": 0.0, ""pair_type"": ""P,P"", ""profile_exact_deltas"": {""avg_pop"": 0.0, ""avg_width"": 0.0, ""elevation"": 0.0, ""length"": 0.0, ""popularity_length"": 0.0, ""road_changes"": 0.0, ""width_length"": 0.0}, ""profile_metrics"": {""avg_pop"": 228.9586893605292, ""avg_width"": 14.784230292171996, ""elevation"": 486.5999979823828, ""length"": 58048.0, ""popularity_length"": 13290594.0, ""road_changes"": 154, ""width_length"": 858195.0}, ""via_vertex"": 867, ""violations"": {""elevation_high"": 0.0, ""elevation_low"": 0.0, ""length_high"": 0.0, ""length_low"": 0.0, ""popularity_low"": 0.0, ""width_high"": 0.0}}","P,P|P,S|S,P|S,S",0.12141110000084154,0.13015680000535212,1.747334999992745,3.1159778999863192,177,0,0
holdout,holdout_anchor_southwest_northeast_04_width_active,anchor_southwest_northeast,WIDTH_ACTIVE,tight,WIDTH_ACTIVE|tight,14246,21803,pair_type,"P,P",full,57047.505,71075.58,463.6839990307391,845.9099982317537,182.64734469982517,14.957920188621745,anchor_southwest_northeast:holdout_non_frozen_via:width_linear_strong:via4370,non_frozen_same_scalar_via,width_linear_strong,62347.0,626.5999986901879,207.64734469982517,14.607920188621746,194,1.557484187958789,length_low|elevation_low|width_high,True,True,60857.0,507.0999977365136,212.52148479221782,13.887063115171632,170,4157,"P,P",True,0,True,721,84,637,0,0,21241,0.7735494999942603,0.06399860000237823,0.004809699996258132,0.7175860999996075,0.8423577999928966,1.555134199996246,3,721,0.0,{},,"{""metrics"": {""avg_pop"": 214.17979096392548, ""avg_width"": 14.117661720476562, ""elevation"": 506.19999768584967, ""length"": 60181.0, ""popularity_length"": 12889554.0, ""road_changes"": 168, ""width_length"": 849615.0}, ""normalized_violation_score"": 0.0, ""pair_type"": ""P,P"", ""profile_exact_deltas"": {""avg_pop"": 0.0, ""avg_width"": 0.0, ""elevation"": 0.0, ""length"": 0.0, ""popularity_length"": 0.0, ""road_changes"": 0.0, ""width_length"": 0.0}, ""profile_metrics"": {""avg_pop"": 214.17979096392548, ""avg_width"": 14.117661720476562, ""elevation"": 506.19999768584967, ""length"": 60181.0, ""popularity_length"": 12889554.0, ""road_changes"": 168, ""width_length"": 849615.0}, ""via_vertex"": 867, ""violations"": {""elevation_high"": 0.0, ""elevation_low"": 0.0, ""length_high"": 0.0, ""length_low"": 0.0, ""popularity_low"": 0.0, ""width_high"": 0.0}}",,,,,,,,
holdout,holdout_anchor_southwest_northeast_04_width_active,anchor_southwest_northeast,WIDTH_ACTIVE,tight,WIDTH_ACTIVE|tight,14246,21803,pair_type,"P,S",full,57047.505,71075.58,463.6839990307391,845.9099982317537,182.64734469982517,14.957920188621745,anchor_southwest_northeast:holdout_non_frozen_via:width_linear_strong:via4370,non_frozen_same_scalar_via,width_linear_strong,62347.0,626.5999986901879,207.64734469982517,14.607920188621746,194,1.557484187958789,length_low|elevation_low|width_high,True,True,61018.0,528.3999965637922,206.69304139762036,13.65146350257301,181,4157,"P,S",True,0,True,994,147,847,0,0,21241,0.7735494999942603,0.06414950000180397,0.023499999995692633,1.0063972000061767,0.8611989999917569,1.844096200002241,20,994,0.0,{},,"{""metrics"": {""avg_pop"": 207.3843861740167, ""avg_width"": 13.788157197722157, ""elevation"": 528.3999965190887, ""length"": 60408.0, ""popularity_length"": 12527676.0, ""road_changes"": 179, ""width_length"": 832915.0}, ""normalized_violation_score"": 0.0, ""pair_type"": ""P,S"", ""profile_exact_deltas"": {""avg_pop"": 0.0, ""avg_width"": 0.0, ""elevation"": 0.0, ""length"": 0.0, ""popularity_length"": 0.0, ""road_changes"": 0.0, ""width_length"": 0.0}, ""profile_metrics"": {""avg_pop"": 207.3843861740167, ""avg_width"": 13.788157197722157, ""elevation"": 528.3999965190887, ""length"": 60408.0, ""popularity_length"": 12527676.0, ""road_changes"": 179, ""width_length"": 832915.0}, ""via_vertex"": 867, ""violations"": {""elevation_high"": 0.0, ""elevation_low"": 0.0, ""length_high"": 0.0, ""length_low"": 0.0, ""popularity_low"": 0.0, ""width_high"": 0.0}}",,,,,,,,
holdout,holdout_anchor_southwest_northeast_04_width_active,anchor_southwest_northeast,WIDTH_ACTIVE,tight,WIDTH_ACTIVE|tight,14246,21803,pair_type,"S,P",full,57047.505,71075.58,463.6839990307391,845.9099982317537,182.64734469982517,14.957920188621745,anchor_southwest_northeast:holdout_non_frozen_via:width_linear_strong:via4370,non_frozen_same_scalar_via,width_linear_strong,62347.0,626.5999986901879,207.64734469982517,14.607920188621746,194,1.557484187958789,length_low|elevation_low|width_high,True,True,60900.0,538.39999820292,199.81116584564862,13.720443349753694,176,4157,"S,P",True,0,True,870,120,750,0,0,21241,0.7735494999942603,0.06486899999435991,0.005471700002090074,0.9084492999973008,0.8438901999907102,1.746867799985921,3,870,0.0,{},,"{""metrics"": {""avg_pop"": 201.3256176939426, ""avg_width"": 13.949007040382572, ""elevation"": 537.499998152256, ""length"": 60224.0, ""popularity_length"": 12124634.0, ""road_changes"": 174, ""width_length"": 840065.0}, ""normalized_violation_score"": 0.0, ""pair_type"": ""S,P"", ""profile_exact_deltas"": {""avg_pop"": 0.0, ""avg_width"": 0.0, ""elevation"": 0.0, ""length"": 0.0, ""popularity_length"": 0.0, ""road_changes"": 0.0, ""width_length"": 0.0}, ""profile_metrics"": {""avg_pop"": 201.3256176939426, ""avg_width"": 13.949007040382572, ""elevation"": 537.499998152256, ""length"": 60224.0, ""popularity_length"": 12124634.0, ""road_changes"": 174, ""width_length"": 840065.0}, ""via_vertex"": 867, ""violations"": {""elevation_high"": 0.0, ""elevation_low"": 0.0, ""length_high"": 0.0, ""length_low"": 0.0, ""popularity_low"": 0.0, ""width_high"": 0.0}}",,,,,,,,
holdout,holdout_anchor_southwest_northeast_04_width_active,anchor_southwest_northeast,WIDTH_ACTIVE,tight,WIDTH_ACTIVE|tight,14246,21803,pair_type,"S,S",full,57047.505,71075.58,463.6839990307391,845.9099982317537,182.64734469982517,14.957920188621745,anchor_southwest_northeast:holdout_non_frozen_via:width_linear_strong:via4370,non_frozen_same_scalar_via,width_linear_strong,62347.0,626.5999986901879,207.64734469982517,14.607920188621746,194,1.557484187958789,length_low|elevation_low|width_high,True,True,61061.0,559.6999970301986,194.0203403154223,13.485448977252256,187,4157,"S,S",True,0,True,831,121,710,0,0,21241,0.7735494999942603,0.06302919999870937,0.004802900002687238,0.8719392999919364,0.8413815999956569,1.708517999984906,3,831,0.0,{},,"{""metrics"": {""avg_pop"": 194.58331541248285, ""avg_width"": 13.620370217200708, ""elevation"": 559.6999969854951, ""length"": 60451.0, ""popularity_length"": 11762756.0, ""road_changes"": 185, ""width_length"": 823365.0}, ""normalized_violation_score"": 0.0, ""pair_type"": ""S,S"", ""profile_exact_deltas"": {""avg_pop"": 0.0, ""avg_width"": 0.0, ""elevation"": 0.0, ""length"": 0.0, ""popularity_length"": 0.0, ""road_changes"": 0.0, ""width_length"": 0.0}, ""profile_metrics"": {""avg_pop"": 194.58331541248285, ""avg_width"": 13.620370217200708, ""elevation"": 559.6999969854951, ""length"": 60451.0, ""popularity_length"": 11762756.0, ""road_changes"": 185, ""width_length"": 823365.0}, ""via_vertex"": 867, ""violations"": {""elevation_high"": 0.0, ""elevation_low"": 0.0, ""length_high"": 0.0, ""length_low"": 0.0, ""popularity_low"": 0.0, ""width_high"": 0.0}}",,,,,,,,
holdout,holdout_anchor_southwest_northeast_04_width_active,anchor_southwest_northeast,WIDTH_ACTIVE,tight,WIDTH_ACTIVE|tight,14246,21803,union,VIA-UNION-2,full,57047.505,71075.58,463.6839990307391,845.9099982317537,182.64734469982517,14.957920188621745,anchor_southwest_northeast:holdout_non_frozen_via:width_linear_strong:via4370,non_frozen_same_scalar_via,width_linear_strong,62347.0,626.5999986901879,207.64734469982517,14.607920188621746,194,1.557484187958789,length_low|elevation_low|width_high,True,True,61061.0,559.6999970301986,194.0203403154223,13.485448977252256,187,4157,"S,S",True,0,True,1552,53,1347,0,0,42482,0.7735494999942603,0.1270278000010876,0.0063707000081194565,1.589525399991544,0.9069480000034673,2.490102699986892,3,1552,0.0,{},,"{""metrics"": {""avg_pop"": 214.17979096392548, ""avg_width"": 14.117661720476562, ""elevation"": 506.19999768584967, ""length"": 60181.0, ""popularity_length"": 12889554.0, ""road_changes"": 168, ""width_length"": 849615.0}, ""normalized_violation_score"": 0.0, ""pair_type"": ""P,P"", ""profile_exact_deltas"": {""avg_pop"": 0.0, ""avg_width"": 0.0, ""elevation"": 0.0, ""length"": 0.0, ""popularity_length"": 0.0, ""road_changes"": 0.0, ""width_length"": 0.0}, ""profile_metrics"": {""avg_pop"": 214.17979096392548, ""avg_width"": 14.117661720476562, ""elevation"": 506.19999768584967, ""length"": 60181.0, ""popularity_length"": 12889554.0, ""road_changes"": 168, ""width_length"": 849615.0}, ""via_vertex"": 867, ""violations"": {""elevation_high"": 0.0, ""elevation_low"": 0.0, ""length_high"": 0.0, ""length_low"": 0.0, ""popularity_low"": 0.0, ""width_high"": 0.0}}","P,P|S,S",0.1270278000010876,0.12901849999616388,1.589525399991544,1.9148465000034776,2,0,0
holdout,holdout_anchor_southwest_northeast_04_width_active,anchor_southwest_northeast,WIDTH_ACTIVE,tight,WIDTH_ACTIVE|tight,14246,21803,union,MIXED-VIA-2,full,57047.505,71075.58,463.6839990307391,845.9099982317537,182.64734469982517,14.957920188621745,anchor_southwest_northeast:holdout_non_frozen_via:width_linear_strong:via4370,non_frozen_same_scalar_via,width_linear_strong,62347.0,626.5999986901879,207.64734469982517,14.607920188621746,194,1.557484187958789,length_low|elevation_low|width_high,True,True,61061.0,559.6999970301986,194.0203403154223,13.485448977252256,187,4157,"S,S",True,0,True,3416,126,2944,0,0,84964,0.7735494999942603,0.2560462999972515,0.009975700013455935,3.5043718999950215,1.0395715000049677,4.533967699986533,3,3416,0.0,{},,"{""metrics"": {""avg_pop"": 214.17979096392548, ""avg_width"": 14.117661720476562, ""elevation"": 506.19999768584967, ""length"": 60181.0, ""popularity_length"": 12889554.0, ""road_changes"": 168, ""width_length"": 849615.0}, ""normalized_violation_score"": 0.0, ""pair_type"": ""P,P"", ""profile_exact_deltas"": {""avg_pop"": 0.0, ""avg_width"": 0.0, ""elevation"": 0.0, ""length"": 0.0, ""popularity_length"": 0.0, ""road_changes"": 0.0, ""width_length"": 0.0}, ""profile_metrics"": {""avg_pop"": 214.17979096392548, ""avg_width"": 14.117661720476562, ""elevation"": 506.19999768584967, ""length"": 60181.0, ""popularity_length"": 12889554.0, ""road_changes"": 168, ""width_length"": 849615.0}, ""via_vertex"": 867, ""violations"": {""elevation_high"": 0.0, ""elevation_low"": 0.0, ""length_high"": 0.0, ""length_low"": 0.0, ""popularity_low"": 0.0, ""width_high"": 0.0}}","P,P|P,S|S,P|S,S",0.1270278000010876,0.12901849999616388,1.589525399991544,1.9148465000034776,2,0,0
holdout,holdout_paris_bures_12_l_high_active,paris_bures,L_HIGH_ACTIVE,tight,L_HIGH_ACTIVE|tight,127,4433,pair_type,"P,P",full,42497.5,48609.5,459.1500016283244,826.4700029309839,163.09114136125655,16.744712041884817,paris_bures:holdout_non_frozen_via:width_linear_mild:via5224,non_frozen_same_scalar_via,width_linear_mild,47750.0,612.2000021710992,187.09114136125655,14.544712041884816,182,2.867228403141361,length_low|elevation_low,True,True,43736.0,592.2000005617738,221.72144229010425,15.201550210353027,111,1900,"P,P",True,0,True,2099,259,1840,0,0,21241,0.7610894999961602,0.06615990000136662,0.1856429999897955,1.7373110000044107,1.0128923999873223,2.5645604000019375,227,2099,0.0,{},,"{""metrics"": {""avg_pop"": 219.67939186181107, ""avg_width"": 15.733349657198824, ""elevation"": 564.3000023216009, ""length"": 44924.0, ""popularity_length"": 9868877.0, ""road_changes"": 121, ""width_length"": 706805.0}, ""normalized_violation_score"": 0.0, ""pair_type"": ""P,P"", ""profile_exact_deltas"": {""avg_pop"": 0.0, ""avg_width"": 0.0, ""elevation"": 0.0, ""length"": 0.0, ""popularity_length"": 0.0, ""road_changes"": 0.0, ""width_length"": 0.0}, ""profile_metrics"": {""avg_pop"": 219.67939186181107, ""avg_width"": 15.733349657198824, ""elevation"": 564.3000023216009, ""length"": 44924.0, ""popularity_length"": 9868877.0, ""road_changes"": 121, ""width_length"": 706805.0}, ""via_vertex"": 852, ""violations"": {""elevation_high"": 0.0, ""elevation_low"": 0.0, ""length_high"": 0.0, ""length_low"": 0.0, ""popularity_low"": 0.0, ""width_high"": 0.0}}",,,,,,,,
holdout,holdout_paris_bures_12_l_high_active,paris_bures,L_HIGH_ACTIVE,tight,L_HIGH_ACTIVE|tight,127,4433,pair_type,"P,S",full,42497.5,48609.5,459.1500016283244,826.4700029309839,163.09114136125655,16.744712041884817,paris_bures:holdout_non_frozen_via:width_linear_mild:via5224,non_frozen_same_scalar_via,width_linear_mild,47750.0,612.2000021710992,187.09114136125655,14.544712041884816,182,2.867228403141361,length_low|elevation_low,True,True,43483.0,580.4000024273992,203.2101510935308,14.868569325943472,147,4143,"P,S",True,0,True,2292,375,1917,0,0,21241,0.7610894999961602,0.0716248000098858,0.07141749998845626,1.9715585999947507,0.9041317999945022,2.8042729000007967,79,2292,0.0,{},,"{""metrics"": {""avg_pop"": 207.591544249373, ""avg_width"": 15.350568792547474, ""elevation"": 552.9000022634864, ""length"": 44656.0, ""popularity_length"": 9270208.0, ""road_changes"": 137, ""width_length"": 685495.0}, ""normalized_violation_score"": 0.0, ""pair_type"": ""P,S"", ""profile_exact_deltas"": {""avg_pop"": 0.0, ""avg_width"": 0.0, ""elevation"": 0.0, ""length"": 0.0, ""popularity_length"": 0.0, ""road_changes"": 0.0, ""width_length"": 0.0}, ""profile_metrics"": {""avg_pop"": 207.591544249373, ""avg_width"": 15.350568792547474, ""elevation"": 552.9000022634864, ""length"": 44656.0, ""popularity_length"": 9270208.0, ""road_changes"": 137, ""width_length"": 685495.0}, ""via_vertex"": 852, ""violations"": {""elevation_high"": 0.0, ""elevation_low"": 0.0, ""length_high"": 0.0, ""length_low"": 0.0, ""popularity_low"": 0.0, ""width_high"": 0.0}}",,,,,,,,
holdout,holdout_paris_bures_12_l_high_active,paris_bures,L_HIGH_ACTIVE,tight,L_HIGH_ACTIVE|tight,127,4433,pair_type,"S,P",full,42497.5,48609.5,459.1500016283244,826.4700029309839,163.09114136125655,16.744712041884817,paris_bures:holdout_non_frozen_via:width_linear_mild:via5224,non_frozen_same_scalar_via,width_linear_mild,47750.0,612.2000021710992,187.09114136125655,14.544712041884816,182,2.867228403141361,length_low|elevation_low,True,True,43942.0,602.2000017017126,189.68579036002004,13.992649401483774,153,15861,"S,P",True,0,True,2218,411,1807,0,0,21241,0.7610894999961602,0.06492489999800455,0.08861970000725705,1.7912873000022955,0.9146341000014218,2.6173016999964602,102,2218,0.0,{},,"{""metrics"": {""avg_pop"": 202.52697579469233, ""avg_width"": 15.058886869910491, ""elevation"": 592.7000028640032, ""length"": 44577.0, ""popularity_length"": 9028045.0, ""road_changes"": 127, ""width_length"": 671280.0}, ""normalized_violation_score"": 0.0, ""pair_type"": ""S,P"", ""profile_exact_deltas"": {""avg_pop"": 0.0, ""avg_width"": 0.0, ""elevation"": 0.0, ""length"": 0.0, ""popularity_length"": 0.0, ""road_changes"": 0.0, ""width_length"": 0.0}, ""profile_metrics"": {""avg_pop"": 202.52697579469233, ""avg_width"": 15.058886869910491, ""elevation"": 592.7000028640032, ""length"": 44577.0, ""popularity_length"": 9028045.0, ""road_changes"": 127, ""width_length"": 671280.0}, ""via_vertex"": 852, ""violations"": {""elevation_high"": 0.0, ""elevation_low"": 0.0, ""length_high"": 0.0, ""length_low"": 0.0, ""popularity_low"": 0.0, ""width_high"": 0.0}}",,,,,,,,
holdout,holdout_paris_bures_12_l_high_active,paris_bures,L_HIGH_ACTIVE,tight,L_HIGH_ACTIVE|tight,127,4433,pair_type,"S,S",full,42497.5,48609.5,459.1500016283244,826.4700029309839,163.09114136125655,16.744712041884817,paris_bures:holdout_non_frozen_via:width_linear_mild:via5224,non_frozen_same_scalar_via,width_linear_mild,47750.0,612.2000021710992,187.09114136125655,14.544712041884816,182,2.867228403141361,length_low|elevation_low,True,True,44607.0,664.8000017255545,182.47707758871925,13.685296029771113,166,4143,"S,S",True,0,True,1868,334,1534,0,0,21241,0.7610894999961602,0.06359240000892896,0.060582899997825734,1.5205152999988059,0.8852648000029149,2.345197200003895,71,1868,0.0,{},,"{""metrics"": {""avg_pop"": 190.24071858990274, ""avg_width"": 14.669028865467512, ""elevation"": 581.3000028058887, ""length"": 44309.0, ""popularity_length"": 8429376.0, ""road_changes"": 143, ""width_length"": 649970.0}, ""normalized_violation_score"": 0.0, ""pair_type"": ""S,S"", ""profile_exact_deltas"": {""avg_pop"": 0.0, ""avg_width"": 0.0, ""elevation"": 0.0, ""length"": 0.0, ""popularity_length"": 0.0, ""road_changes"": 0.0, ""width_length"": 0.0}, ""profile_metrics"": {""avg_pop"": 190.24071858990274, ""avg_width"": 14.669028865467512, ""elevation"": 581.3000028058887, ""length"": 44309.0, ""popularity_length"": 8429376.0, ""road_changes"": 143, ""width_length"": 649970.0}, ""via_vertex"": 852, ""violations"": {""elevation_high"": 0.0, ""elevation_low"": 0.0, ""length_high"": 0.0, ""length_low"": 0.0, ""popularity_low"": 0.0, ""width_high"": 0.0}}",,,,,,,,
holdout,holdout_paris_bures_12_l_high_active,paris_bures,L_HIGH_ACTIVE,tight,L_HIGH_ACTIVE|tight,127,4433,union,VIA-UNION-2,full,42497.5,48609.5,459.1500016283244,826.4700029309839,163.09114136125655,16.744712041884817,paris_bures:holdout_non_frozen_via:width_linear_mild:via5224,non_frozen_same_scalar_via,width_linear_mild,47750.0,612.2000021710992,187.09114136125655,14.544712041884816,182,2.867228403141361,length_low|elevation_low,True,True,44607.0,664.8000017255545,182.47707758871925,13.685296029771113,166,4143,"S,S",True,0,True,3967,169,3374,0,0,42482,0.7610894999961602,0.12975230001029558,0.06853649999538902,3.2578263000032166,0.9593783000018448,4.148668100009672,74,3967,0.0,{},,"{""metrics"": {""avg_pop"": 219.67939186181107, ""avg_width"": 15.733349657198824, ""elevation"": 564.3000023216009, ""length"": 44924.0, ""popularity_length"": 9868877.0, ""road_changes"": 121, ""width_length"": 706805.0}, ""normalized_violation_score"": 0.0, ""pair_type"": ""P,P"", ""profile_exact_deltas"": {""avg_pop"": 0.0, ""avg_width"": 0.0, ""elevation"": 0.0, ""length"": 0.0, ""popularity_length"": 0.0, ""road_changes"": 0.0, ""width_length"": 0.0}, ""profile_metrics"": {""avg_pop"": 219.67939186181107, ""avg_width"": 15.733349657198824, ""elevation"": 564.3000023216009, ""length"": 44924.0, ""popularity_length"": 9868877.0, ""road_changes"": 121, ""width_length"": 706805.0}, ""via_vertex"": 852, ""violations"": {""elevation_high"": 0.0, ""elevation_low"": 0.0, ""length_high"": 0.0, ""length_low"": 0.0, ""popularity_low"": 0.0, ""width_high"": 0.0}}","P,P|S,S",0.12975230001029558,0.13654970000789035,3.2578263000032166,3.762845899997046,73,0,0
holdout,holdout_paris_bures_12_l_high_active,paris_bures,L_HIGH_ACTIVE,tight,L_HIGH_ACTIVE|tight,127,4433,union,MIXED-VIA-2,full,42497.5,48609.5,459.1500016283244,826.4700029309839,163.09114136125655,16.744712041884817,paris_bures:holdout_non_frozen_via:width_linear_mild:via5224,non_frozen_same_scalar_via,width_linear_mild,47750.0,612.2000021710992,187.09114136125655,14.544712041884816,182,2.867228403141361,length_low|elevation_low,True,True,43942.0,602.2000017017126,189.68579036002004,13.992649401483774,153,15861,"S,P",True,0,True,8477,391,7098,0,0,84964,0.7610894999961602,0.26630200001818594,0.12895470000512432,7.020672200000263,1.1563462000194704,8.048063700014609,132,8477,0.0,{},,"{""metrics"": {""avg_pop"": 219.67939186181107, ""avg_width"": 15.733349657198824, ""elevation"": 564.3000023216009, ""length"": 44924.0, ""popularity_length"": 9868877.0, ""road_changes"": 121, ""width_length"": 706805.0}, ""normalized_violation_score"": 0.0, ""pair_type"": ""P,P"", ""profile_exact_deltas"": {""avg_pop"": 0.0, ""avg_width"": 0.0, ""elevation"": 0.0, ""length"": 0.0, ""popularity_length"": 0.0, ""road_changes"": 0.0, ""width_length"": 0.0}, ""profile_metrics"": {""avg_pop"": 219.67939186181107, ""avg_width"": 15.733349657198824, ""elevation"": 564.3000023216009, ""length"": 44924.0, ""popularity_length"": 9868877.0, ""road_changes"": 121, ""width_length"": 706805.0}, ""via_vertex"": 852, ""violations"": {""elevation_high"": 0.0, ""elevation_low"": 0.0, ""length_high"": 0.0, ""length_low"": 0.0, ""popularity_low"": 0.0, ""width_high"": 0.0}}","P,P|P,S|S,P|S,S",0.12975230001029558,0.13654970000789035,3.2578263000032166,3.762845899997046,131,0,0
holdout,holdout_anchor_west_east_13_h_high_active,anchor_west_east,H_HIGH_ACTIVE,tight,H_HIGH_ACTIVE|tight,5495,9171,pair_type,"P,P",full,47793.195,59545.62,210.09999998770652,391.16799997711183,179.19933758352,18.484437041716923,anchor_west_east:holdout_non_frozen_via:width_linear_mild:via15234,non_frozen_same_scalar_via,width_linear_mild,52233.0,381.99999997764826,203.19933758352,16.284437041716924,145,1.7979434031699837,length_low|elevation_low|width_high,True,True,51357.0,331.3999990746379,195.5507525751115,16.224175866970423,143,6642,"P,P",True,0,True,1733,225,1508,0,0,21241,0.7628708999982337,0.06392340001184493,0.0620344000053592,1.7798705999884987,0.8888287000154378,2.6066648999985773,60,1733,0.0,{},,"{""metrics"": {""avg_pop"": 206.72609177474962, ""avg_width"": 17.39738959120013, ""elevation"": 294.79999928176403, ""length"": 48728.0, ""popularity_length"": 10073349.0, ""road_changes"": 132, ""width_length"": 847740.0}, ""normalized_violation_score"": 0.0, ""pair_type"": ""P,P"", ""profile_exact_deltas"": {""avg_pop"": 0.0, ""avg_width"": 0.0, ""elevation"": 0.0, ""length"": 0.0, ""popularity_length"": 0.0, ""road_changes"": 0.0, ""width_length"": 0.0}, ""profile_metrics"": {""avg_pop"": 206.72609177474962, ""avg_width"": 17.39738959120013, ""elevation"": 294.79999928176403, ""length"": 48728.0, ""popularity_length"": 10073349.0, ""road_changes"": 132, ""width_length"": 847740.0}, ""via_vertex"": 206, ""violations"": {""elevation_high"": 0.0, ""elevation_low"": 0.0, ""length_high"": 0.0, ""length_low"": 0.0, ""popularity_low"": 0.0, ""width_high"": 0.0}}",,,,,,,,
holdout,holdout_anchor_west_east_13_h_high_active,anchor_west_east,H_HIGH_ACTIVE,tight,H_HIGH_ACTIVE|tight,5495,9171,pair_type,"P,S",full,47793.195,59545.62,210.09999998770652,391.16799997711183,179.19933758352,18.484437041716923,anchor_west_east:holdout_non_frozen_via:width_linear_mild:via15234,non_frozen_same_scalar_via,width_linear_mild,52233.0,381.99999997764826,203.19933758352,16.284437041716924,145,1.7979434031699837,length_low|elevation_low|width_high,True,True,48058.0,386.9000004976988,180.10483166174205,14.91739148528861,144,11615,"P,S",True,0,True,36,7,29,0,0,21241,0.7628708999982337,0.06523559999186546,0.018337700006668456,0.03294409999216441,0.8464441999967676,0.8610505999822635,20,36,0.0,{},,"{""metrics"": {""avg_pop"": 180.10483166174205, ""avg_width"": 14.91739148528861, ""elevation"": 386.9000004976988, ""length"": 48058.0, ""popularity_length"": 8655478.0, ""road_changes"": 144, ""width_length"": 716900.0}, ""normalized_violation_score"": 0.0, ""pair_type"": ""P,S"", ""profile_exact_deltas"": {""avg_pop"": 0.0, ""avg_width"": 0.0, ""elevation"": 0.0, ""length"": 0.0, ""popularity_length"": 0.0, ""road_changes"": 0.0, ""width_length"": 0.0}, ""profile_metrics"": {""avg_pop"": 180.10483166174205, ""avg_width"": 14.91739148528861, ""elevation"": 386.9000004976988, ""length"": 48058.0, ""popularity_length"": 8655478.0, ""road_changes"": 144, ""width_length"": 716900.0}, ""via_vertex"": 11615, ""violations"": {""elevation_high"": 0.0, ""elevation_low"": 0.0, ""length_high"": 0.0, ""length_low"": 0.0, ""popularity_low"": 0.0, ""width_high"": 0.0}}",,,,,,,,
holdout,holdout_anchor_west_east_13_h_high_active,anchor_west_east,H_HIGH_ACTIVE,tight,H_HIGH_ACTIVE|tight,5495,9171,pair_type,"S,P",full,47793.195,59545.62,210.09999998770652,391.16799997711183,179.19933758352,18.484437041716923,anchor_west_east:holdout_non_frozen_via:width_linear_mild:via15234,non_frozen_same_scalar_via,width_linear_mild,52233.0,381.99999997764826,203.19933758352,16.284437041716924,145,1.7979434031699837,length_low|elevation_low|width_high,True,True,51500.0,340.7000010088086,193.61753398058252,16.049417475728156,138,6584,"S,P",True,0,True,1169,199,970,0,0,21241,0.7628708999982337,0.06503620000148658,0.05645620000723284,1.1375528999924427,0.8843633000069531,1.965459999992163,52,1169,0.0,{},,"{""metrics"": {""avg_pop"": 202.8420948106369, ""avg_width"": 17.096498719043552, ""elevation"": 323.49999898672104, ""length"": 50353.0, ""popularity_length"": 10213708.0, ""road_changes"": 151, ""width_length"": 860860.0}, ""normalized_violation_score"": 0.0, ""pair_type"": ""S,P"", ""profile_exact_deltas"": {""avg_pop"": 0.0, ""avg_width"": 0.0, ""elevation"": 0.0, ""length"": 0.0, ""popularity_length"": 0.0, ""road_changes"": 0.0, ""width_length"": 0.0}, ""profile_metrics"": {""avg_pop"": 202.8420948106369, ""avg_width"": 17.096498719043552, ""elevation"": 323.49999898672104, ""length"": 50353.0, ""popularity_length"": 10213708.0, ""road_changes"": 151, ""width_length"": 860860.0}, ""via_vertex"": 206, ""violations"": {""elevation_high"": 0.0, ""elevation_low"": 0.0, ""length_high"": 0.0, ""length_low"": 0.0, ""popularity_low"": 0.0, ""width_high"": 0.0}}",,,,,,,,
holdout,holdout_anchor_west_east_13_h_high_active,anchor_west_east,H_HIGH_ACTIVE,tight,H_HIGH_ACTIVE|tight,5495,9171,pair_type,"S,S",full,47793.195,59545.62,210.09999998770652,391.16799997711183,179.19933758352,18.484437041716923,anchor_west_east:holdout_non_frozen_via:width_linear_mild:via15234,non_frozen_same_scalar_via,width_linear_mild,52233.0,381.99999997764826,203.19933758352,16.284437041716924,145,1.7979434031699837,length_low|elevation_low|width_high,False,False,,,,,,,,,,,0,0,0,0,0,21241,0.7628708999982337,0.06971789999806788,3.5999983083456755e-06,7.00005330145359e-07,,0.8325895000016317,,0,0.06379010424588855,"{""elevation_high"": 9.63200021362303, ""elevation_low"": 0.0, ""length_high"": 0.0, ""length_low"": 495.1949999999997, ""popularity_low"": 11.431144425246913, ""width_high"": 0.0}",length_low|elevation_high|popularity_low,"{""metrics"": {""avg_pop"": 167.76819315827308, ""avg_width"": 14.314875893272443, ""elevation"": 400.80000019073486, ""length"": 47298.0, ""popularity_length"": 7935100.0, ""road_changes"": 154, ""width_length"": 677065.0}, ""normalized_violation_score"": 0.06379010424588855, ""pair_type"": ""S,S"", ""via_vertex"": 13412, ""violations"": {""elevation_high"": 9.63200021362303, ""elevation_low"": 0.0, ""length_high"": 0.0, ""length_low"": 495.1949999999997, ""popularity_low"": 11.431144425246913, ""width_high"": 0.0}}",,,,,,,,
holdout,holdout_anchor_west_east_13_h_high_active,anchor_west_east,H_HIGH_ACTIVE,tight,H_HIGH_ACTIVE|tight,5495,9171,union,VIA-UNION-2,full,47793.195,59545.62,210.09999998770652,391.16799997711183,179.19933758352,18.484437041716923,anchor_west_east:holdout_non_frozen_via:width_linear_mild:via15234,non_frozen_same_scalar_via,width_linear_mild,52233.0,381.99999997764826,203.19933758352,16.284437041716924,145,1.7979434031699837,length_low|elevation_low|width_high,True,True,51357.0,331.3999990746379,195.5507525751115,16.224175866970423,143,6642,"P,P",True,0,True,1733,59,1508,0,0,42482,0.7628708999982337,0.1336413000099128,0.06342649999714922,1.7798712999938289,0.9599387000052957,2.6763835000019753,60,1733,0.0,{},,"{""metrics"": {""avg_pop"": 206.72609177474962, ""avg_width"": 17.39738959120013, ""elevation"": 294.79999928176403, ""length"": 48728.0, ""popularity_length"": 10073349.0, ""road_changes"": 132, ""width_length"": 847740.0}, ""normalized_violation_score"": 0.0, ""pair_type"": ""P,P"", ""profile_exact_deltas"": {""avg_pop"": 0.0, ""avg_width"": 0.0, ""elevation"": 0.0, ""length"": 0.0, ""popularity_length"": 0.0, ""road_changes"": 0.0, ""width_length"": 0.0}, ""profile_metrics"": {""avg_pop"": 206.72609177474962, ""avg_width"": 17.39738959120013, ""elevation"": 294.79999928176403, ""length"": 48728.0, ""popularity_length"": 10073349.0, ""road_changes"": 132, ""width_length"": 847740.0}, ""via_vertex"": 206, ""violations"": {""elevation_high"": 0.0, ""elevation_low"": 0.0, ""length_high"": 0.0, ""length_low"": 0.0, ""popularity_low"": 0.0, ""width_high"": 0.0}}","P,P|S,S",0.1336413000099128,0.13027179999335203,1.7798712999938289,1.170496999984607,59,0,0
holdout,holdout_anchor_west_east_13_h_high_active,anchor_west_east,H_HIGH_ACTIVE,tight,H_HIGH_ACTIVE|tight,5495,9171,union,MIXED-VIA-2,full,47793.195,59545.62,210.09999998770652,391.16799997711183,179.19933758352,18.484437041716923,anchor_west_east:holdout_non_frozen_via:width_linear_mild:via15234,non_frozen_same_scalar_via,width_linear_mild,52233.0,381.99999997764826,203.19933758352,16.284437041716924,145,1.7979434031699837,length_low|elevation_low|width_high,True,True,51500.0,340.7000010088086,193.61753398058252,16.049417475728156,138,6584,"S,P",True,0,True,2938,112,2507,0,0,84964,0.7628708999982337,0.26391310000326484,0.09940189999178983,2.950368299978436,1.1261858999932883,3.9771522999799345,95,2938,0.0,{},,"{""metrics"": {""avg_pop"": 206.72609177474962, ""avg_width"": 17.39738959120013, ""elevation"": 294.79999928176403, ""length"": 48728.0, ""popularity_length"": 10073349.0, ""road_changes"": 132, ""width_length"": 847740.0}, ""normalized_violation_score"": 0.0, ""pair_type"": ""P,P"", ""profile_exact_deltas"": {""avg_pop"": 0.0, ""avg_width"": 0.0, ""elevation"": 0.0, ""length"": 0.0, ""popularity_length"": 0.0, ""road_changes"": 0.0, ""width_length"": 0.0}, ""profile_metrics"": {""avg_pop"": 206.72609177474962, ""avg_width"": 17.39738959120013, ""elevation"": 294.79999928176403, ""length"": 48728.0, ""popularity_length"": 10073349.0, ""road_changes"": 132, ""width_length"": 847740.0}, ""via_vertex"": 206, ""violations"": {""elevation_high"": 0.0, ""elevation_low"": 0.0, ""length_high"": 0.0, ""length_low"": 0.0, ""popularity_low"": 0.0, ""width_high"": 0.0}}","P,P|P,S|S,P|S,S",0.1336413000099128,0.13027179999335203,1.7798712999938289,1.170496999984607,94,0,0
holdout,holdout_anchor_south_north_28_quality_conflict,anchor_south_north,QUALITY_CONFLICT,tight,QUALITY_CONFLICT|POP_ACTIVE|WIDTH_ACTIVE|tight,796,7935,pair_type,"P,P",full,48073.56,57895.04,400.9600006222725,651.5600010111928,200.19946993732106,13.33080554050917,anchor_south_north:holdout_non_frozen_via:hinge_width_strong:via19075,non_frozen_same_scalar_via,hinge_width_strong,51692.0,501.2000007778406,203.69946993732106,12.83080554050917,162,1.9580104016909867,length_low|elevation_low|popularity_low|width_high,False,False,,,,,,,,,,,0,0,0,0,0,21243,0.7535771999973804,0.06646390000241809,5.099995178170502e-06,6.00004568696022e-07,,0.8200417000043672,,0,0.009627876857662759,"{""elevation_high"": 0.0, ""elevation_low"": 0.0, ""length_high"": 0.0, ""length_low"": 94.55999999999767, ""popularity_low"": 0.0, ""width_high"": 0.12601932036746355}",length_low|width_high,"{""metrics"": {""avg_pop"": 224.48423268513307, ""avg_width"": 13.456824860876633, ""elevation"": 467.1999974399805, ""length"": 47979.0, ""popularity_length"": 10770529.0, ""road_changes"": 121, ""width_length"": 645645.0}, ""normalized_violation_score"": 0.009627876857662759, ""pair_type"": ""P,P"", ""via_vertex"": 22242, ""violations"": {""elevation_high"": 0.0, ""elevation_low"": 0.0, ""length_high"": 0.0, ""length_low"": 94.55999999999767, ""popularity_low"": 0.0, ""width_high"": 0.12601932036746355}}",,,,,,,,
holdout,holdout_anchor_south_north_28_quality_conflict,anchor_south_north,QUALITY_CONFLICT,tight,QUALITY_CONFLICT|POP_ACTIVE|WIDTH_ACTIVE|tight,796,7935,pair_type,"P,S",full,48073.56,57895.04,400.9600006222725,651.5600010111928,200.19946993732106,13.33080554050917,anchor_south_north:holdout_non_frozen_via:hinge_width_strong:via19075,non_frozen_same_scalar_via,hinge_width_strong,51692.0,501.2000007778406,203.69946993732106,12.83080554050917,162,1.9580104016909867,length_low|elevation_low|popularity_low|width_high,False,False,,,,,,,,,,,3,0,3,0,0,21243,0.7535771999973804,0.06469519999518525,0.0026369999977760017,0.0024248999980045483,,0.8206972999905702,,3,0.0,"{""elevation_high"": 0.0, ""elevation_low"": 0.0, ""length_high"": 0.0, ""length_low"": 0.0, ""popularity_low"": 0.0, ""width_high"": 0.0}",,"{""metrics"": {""avg_pop"": 216.3745424464895, ""avg_width"": 13.311446592906629, ""elevation"": 578.2000020071864, ""length"": 48355.0, ""popularity_length"": 10462791.0, ""road_changes"": 158, ""width_length"": 643675.0}, ""normalized_violation_score"": 0.0, ""pair_type"": ""P,S"", ""via_vertex"": 5646, ""violations"": {""elevation_high"": 0.0, ""elevation_low"": 0.0, ""length_high"": 0.0, ""length_low"": 0.0, ""popularity_low"": 0.0, ""width_high"": 0.0}}",,,,,,,,
holdout,holdout_anchor_south_north_28_quality_conflict,anchor_south_north,QUALITY_CONFLICT,tight,QUALITY_CONFLICT|POP_ACTIVE|WIDTH_ACTIVE|tight,796,7935,pair_type,"S,P",full,48073.56,57895.04,400.9600006222725,651.5600010111928,200.19946993732106,13.33080554050917,anchor_south_north:holdout_non_frozen_via:hinge_width_strong:via19075,non_frozen_same_scalar_via,hinge_width_strong,51692.0,501.2000007778406,203.69946993732106,12.83080554050917,162,1.9580104016909867,length_low|elevation_low|popularity_low|width_high,False,False,,,,,,,,,,,69,0,69,0,0,21243,0.7535771999973804,0.06488360000366811,0.05524330001208,0.05614660000719596,,0.8746074000082444,,69,0.0,"{""elevation_high"": 0.0, ""elevation_low"": 0.0, ""length_high"": 0.0, ""length_low"": 0.0, ""popularity_low"": 0.0, ""width_high"": 0.0}",,"{""metrics"": {""avg_pop"": 203.84113606757984, ""avg_width"": 13.311984368215372, ""elevation"": 503.6999965310097, ""length"": 50666.0, ""popularity_length"": 10327815.0, ""road_changes"": 144, ""width_length"": 674465.0}, ""normalized_violation_score"": 0.0, ""pair_type"": ""S,P"", ""via_vertex"": 1875, ""violations"": {""elevation_high"": 0.0, ""elevation_low"": 0.0, ""length_high"": 0.0, ""length_low"": 0.0, ""popularity_low"": 0.0, ""width_high"": 0.0}}",,,,,,,,
holdout,holdout_anchor_south_north_28_quality_conflict,anchor_south_north,QUALITY_CONFLICT,tight,QUALITY_CONFLICT|POP_ACTIVE|WIDTH_ACTIVE|tight,796,7935,pair_type,"S,S",full,48073.56,57895.04,400.9600006222725,651.5600010111928,200.19946993732106,13.33080554050917,anchor_south_north:holdout_non_frozen_via:hinge_width_strong:via19075,non_frozen_same_scalar_via,hinge_width_strong,51692.0,501.2000007778406,203.69946993732106,12.83080554050917,162,1.9580104016909867,length_low|elevation_low|popularity_low|width_high,False,False,,,,,,,,,,,42,0,42,0,0,21243,0.7535771999973804,0.06425150000723079,0.0343183999939356,0.0336094999947818,,0.851438199999393,,42,0.0,"{""elevation_high"": 0.0, ""elevation_low"": 0.0, ""length_high"": 0.0, ""length_low"": 0.0, ""popularity_low"": 0.0, ""width_high"": 0.0}",,"{""metrics"": {""avg_pop"": 202.68007099891528, ""avg_width"": 13.304112020510798, ""elevation"": 510.099996432662, ""length"": 50705.0, ""popularity_length"": 10276893.0, ""road_changes"": 145, ""width_length"": 674585.0}, ""normalized_violation_score"": 0.0, ""pair_type"": ""S,S"", ""via_vertex"": 1875, ""violations"": {""elevation_high"": 0.0, ""elevation_low"": 0.0, ""length_high"": 0.0, ""length_low"": 0.0, ""popularity_low"": 0.0, ""width_high"": 0.0}}",,,,,,,,
holdout,holdout_anchor_south_north_28_quality_conflict,anchor_south_north,QUALITY_CONFLICT,tight,QUALITY_CONFLICT|POP_ACTIVE|WIDTH_ACTIVE|tight,796,7935,union,VIA-UNION-2,full,48073.56,57895.04,400.9600006222725,651.5600010111928,200.19946993732106,13.33080554050917,anchor_south_north:holdout_non_frozen_via:hinge_width_strong:via19075,non_frozen_same_scalar_via,hinge_width_strong,51692.0,501.2000007778406,203.69946993732106,12.83080554050917,162,1.9580104016909867,length_low|elevation_low|popularity_low|width_high,False,False,,,,,,,,,,,42,0,42,0,0,42486,0.7535771999973804,0.13071540000964887,0.032932400004938245,0.033610099999350496,,0.9179027000063797,,42,0.0,"{""elevation_high"": 0.0, ""elevation_low"": 0.0, ""length_high"": 0.0, ""length_low"": 0.0, ""popularity_low"": 0.0, ""width_high"": 0.0}",,"{""metrics"": {""avg_pop"": 202.68007099891528, ""avg_width"": 13.304112020510798, ""elevation"": 510.099996432662, ""length"": 50705.0, ""popularity_length"": 10276893.0, ""road_changes"": 145, ""width_length"": 674585.0}, ""normalized_violation_score"": 0.0, ""pair_type"": ""S,S"", ""via_vertex"": 1875, ""violations"": {""elevation_high"": 0.0, ""elevation_low"": 0.0, ""length_high"": 0.0, ""length_low"": 0.0, ""popularity_low"": 0.0, ""width_high"": 0.0}}","P,P|S,S",0.13071540000964887,0.12957879999885336,0.033610099999350496,0.058571500005200505,42,0,0
holdout,holdout_anchor_south_north_28_quality_conflict,anchor_south_north,QUALITY_CONFLICT,tight,QUALITY_CONFLICT|POP_ACTIVE|WIDTH_ACTIVE|tight,796,7935,union,MIXED-VIA-2,full,48073.56,57895.04,400.9600006222725,651.5600010111928,200.19946993732106,13.33080554050917,anchor_south_north:holdout_non_frozen_via:hinge_width_strong:via19075,non_frozen_same_scalar_via,hinge_width_strong,51692.0,501.2000007778406,203.69946993732106,12.83080554050917,162,1.9580104016909867,length_low|elevation_low|popularity_low|width_high,False,False,,,,,,,,,,,114,0,114,0,0,84972,0.7535771999973804,0.26029420000850223,0.09296389999508392,0.092181600004551,,1.1060530000104336,,114,0.0,"{""elevation_high"": 0.0, ""elevation_low"": 0.0, ""length_high"": 0.0, ""length_low"": 0.0, ""popularity_low"": 0.0, ""width_high"": 0.0}",,"{""metrics"": {""avg_pop"": 216.3745424464895, ""avg_width"": 13.311446592906629, ""elevation"": 578.2000020071864, ""length"": 48355.0, ""popularity_length"": 10462791.0, ""road_changes"": 158, ""width_length"": 643675.0}, ""normalized_violation_score"": 0.0, ""pair_type"": ""P,S"", ""via_vertex"": 5646, ""violations"": {""elevation_high"": 0.0, ""elevation_low"": 0.0, ""length_high"": 0.0, ""length_low"": 0.0, ""popularity_low"": 0.0, ""width_high"": 0.0}}","P,P|P,S|S,P|S,S",0.13071540000964887,0.12957879999885336,0.033610099999350496,0.058571500005200505,114,0,0
holdout,holdout_anchor_southwest_northeast_08_l_low_and_h_low,anchor_southwest_northeast,L_LOW_AND_H_LOW,tight,L_LOW_ACTIVE|H_LOW_ACTIVE|L_LOW_AND_H_LOW|tight,14246,21803,pair_type,"P,P",full,56733.924,63165.3,539.0979991033673,671.1219988837838,177.9105410723926,14.384102189018337,anchor_southwest_northeast:holdout_non_frozen_via:hinge_width_strong:via20814,non_frozen_same_scalar_via,hinge_width_strong,57423.0,550.0999990850687,199.9105410723926,12.284102189018338,180,3.3484162642644413,length_low|elevation_low|width_high,False,False,,,,,,,,,,,80,0,80,0,0,21241,0.7620918000029633,0.06367839999438729,0.08115149999503046,0.08053940000536386,,0.9063096000027144,,80,0.0,"{""elevation_high"": 0.0, ""elevation_low"": 0.0, ""length_high"": 0.0, ""length_low"": 0.0, ""popularity_low"": 0.0, ""width_high"": 0.0}",,"{""metrics"": {""avg_pop"": 222.70968363859433, ""avg_width"": 13.876259749364648, ""elevation"": 539.6999993920326, ""length"": 57055.0, ""popularity_length"": 12706701.0, ""road_changes"": 156, ""width_length"": 791710.0}, ""normalized_violation_score"": 0.0, ""pair_type"": ""P,P"", ""via_vertex"": 1877, ""violations"": {""elevation_high"": 0.0, ""elevation_low"": 0.0, ""length_high"": 0.0, ""length_low"": 0.0, ""popularity_low"": 0.0, ""width_high"": 0.0}}",,,,,,,,
holdout,holdout_anchor_southwest_northeast_08_l_low_and_h_low,anchor_southwest_northeast,L_LOW_AND_H_LOW,tight,L_LOW_ACTIVE|H_LOW_ACTIVE|L_LOW_AND_H_LOW|tight,14246,21803,pair_type,"P,S",full,56733.924,63165.3,539.0979991033673,671.1219988837838,177.9105410723926,14.384102189018337,anchor_southwest_northeast:holdout_non_frozen_via:hinge_width_strong:via20814,non_frozen_same_scalar_via,hinge_width_strong,57423.0,550.0999990850687,199.9105410723926,12.284102189018338,180,3.3484162642644413,length_low|elevation_low|width_high,True,True,57406.0,576.8999963477254,199.6218687942027,13.486046754694632,188,9896,"P,S",True,0,True,297,46,251,0,0,21241,0.7620918000029633,0.06361850000394043,0.009020900004543364,0.31148159998701885,0.8347312000114471,1.1371918999939226,8,297,0.0,{},,"{""metrics"": {""avg_pop"": 204.61458647332265, ""avg_width"": 13.881344100521966, ""elevation"": 547.3999966159463, ""length"": 63031.0, ""popularity_length"": 12897062.0, ""road_changes"": 189, ""width_length"": 874955.0}, ""normalized_violation_score"": 0.0, ""pair_type"": ""P,S"", ""profile_exact_deltas"": {""avg_pop"": 0.0, ""avg_width"": 0.0, ""elevation"": 0.0, ""length"": 0.0, ""popularity_length"": 0.0, ""road_changes"": 0.0, ""width_length"": 0.0}, ""profile_metrics"": {""avg_pop"": 204.61458647332265, ""avg_width"": 13.881344100521966, ""elevation"": 547.3999966159463, ""length"": 63031.0, ""popularity_length"": 12897062.0, ""road_changes"": 189, ""width_length"": 874955.0}, ""via_vertex"": 1114, ""violations"": {""elevation_high"": 0.0, ""elevation_low"": 0.0, ""length_high"": 0.0, ""length_low"": 0.0, ""popularity_low"": 0.0, ""width_high"": 0.0}}",,,,,,,,
holdout,holdout_anchor_southwest_northeast_08_l_low_and_h_low,anchor_southwest_northeast,L_LOW_AND_H_LOW,tight,L_LOW_ACTIVE|H_LOW_ACTIVE|L_LOW_AND_H_LOW|tight,14246,21803,pair_type,"S,P",full,56733.924,63165.3,539.0979991033673,671.1219988837838,177.9105410723926,14.384102189018337,anchor_southwest_northeast:holdout_non_frozen_via:hinge_width_strong:via20814,non_frozen_same_scalar_via,hinge_width_strong,57423.0,550.0999990850687,199.9105410723926,12.284102189018338,180,3.3484162642644413,length_low|elevation_low|width_high,True,True,61873.0,550.8999987319112,197.75750327283305,13.766343962633135,195,4151,"S,P",True,0,True,269,53,216,0,0,21241,0.7620918000029633,0.06547500001033768,0.054865899990545586,0.2807777999987593,0.8824327000038465,1.1083446000120603,53,269,0.0,{},,"{""metrics"": {""avg_pop"": 197.31042661572747, ""avg_width"": 13.85012734797835, ""elevation"": 549.9999986961484, ""length"": 62820.0, ""popularity_length"": 12395041.0, ""road_changes"": 196, ""width_length"": 870065.0}, ""normalized_violation_score"": 0.0, ""pair_type"": ""S,P"", ""profile_exact_deltas"": {""avg_pop"": 0.0, ""avg_width"": 0.0, ""elevation"": 0.0, ""length"": 0.0, ""popularity_length"": 0.0, ""road_changes"": 0.0, ""width_length"": 0.0}, ""profile_metrics"": {""avg_pop"": 197.31042661572747, ""avg_width"": 13.85012734797835, ""elevation"": 549.9999986961484, ""length"": 62820.0, ""popularity_length"": 12395041.0, ""road_changes"": 196, ""width_length"": 870065.0}, ""via_vertex"": 1114, ""violations"": {""elevation_high"": 0.0, ""elevation_low"": 0.0, ""length_high"": 0.0, ""length_low"": 0.0, ""popularity_low"": 0.0, ""width_high"": 0.0}}",,,,,,,,
holdout,holdout_anchor_southwest_northeast_08_l_low_and_h_low,anchor_southwest_northeast,L_LOW_AND_H_LOW,tight,L_LOW_ACTIVE|H_LOW_ACTIVE|L_LOW_AND_H_LOW|tight,14246,21803,pair_type,"S,S",full,56733.924,63165.3,539.0979991033673,671.1219988837838,177.9105410723926,14.384102189018337,anchor_southwest_northeast:holdout_non_frozen_via:hinge_width_strong:via20814,non_frozen_same_scalar_via,hinge_width_strong,57423.0,550.0999990850687,199.9105410723926,12.284102189018338,180,3.3484162642644413,length_low|elevation_low|width_high,True,True,61291.0,567.2999972179532,192.88363707559023,13.425788451811849,193,4157,"S,S",True,0,True,611,87,524,0,0,21241,0.7620918000029633,0.06466720000025816,0.013132799998857081,0.6528526000038255,0.8398918000020785,1.479611600007047,11,611,0.0,{},,"{""metrics"": {""avg_pop"": 193.43305153178096, ""avg_width"": 13.55959855638503, ""elevation"": 567.2999971732497, ""length"": 60681.0, ""popularity_length"": 11737711.0, ""road_changes"": 191, ""width_length"": 822810.0}, ""normalized_violation_score"": 0.0, ""pair_type"": ""S,S"", ""profile_exact_deltas"": {""avg_pop"": 0.0, ""avg_width"": 0.0, ""elevation"": 0.0, ""length"": 0.0, ""popularity_length"": 0.0, ""road_changes"": 0.0, ""width_length"": 0.0}, ""profile_metrics"": {""avg_pop"": 193.43305153178096, ""avg_width"": 13.55959855638503, ""elevation"": 567.2999971732497, ""length"": 60681.0, ""popularity_length"": 11737711.0, ""road_changes"": 191, ""width_length"": 822810.0}, ""via_vertex"": 867, ""violations"": {""elevation_high"": 0.0, ""elevation_low"": 0.0, ""length_high"": 0.0, ""length_low"": 0.0, ""popularity_low"": 0.0, ""width_high"": 0.0}}",,,,,,,,
holdout,holdout_anchor_southwest_northeast_08_l_low_and_h_low,anchor_southwest_northeast,L_LOW_AND_H_LOW,tight,L_LOW_ACTIVE|H_LOW_ACTIVE|L_LOW_AND_H_LOW|tight,14246,21803,union,VIA-UNION-2,full,56733.924,63165.3,539.0979991033673,671.1219988837838,177.9105410723926,14.384102189018337,anchor_southwest_northeast:holdout_non_frozen_via:hinge_width_strong:via20814,non_frozen_same_scalar_via,hinge_width_strong,57423.0,550.0999990850687,199.9105410723926,12.284102189018338,180,3.3484162642644413,length_low|elevation_low|width_high,True,True,61291.0,567.2999972179532,192.88363707559023,13.425788451811849,193,4157,"S,S",True,0,True,691,25,604,0,0,42482,0.7620918000029633,0.12834559999464545,0.014034699997864664,0.7333920000091894,0.9044720999954734,1.623829400006798,11,691,0.0,{},,"{""metrics"": {""avg_pop"": 222.70968363859433, ""avg_width"": 13.876259749364648, ""elevation"": 539.6999993920326, ""length"": 57055.0, ""popularity_length"": 12706701.0, ""road_changes"": 156, ""width_length"": 791710.0}, ""normalized_violation_score"": 0.0, ""pair_type"": ""P,P"", ""via_vertex"": 1877, ""violations"": {""elevation_high"": 0.0, ""elevation_low"": 0.0, ""length_high"": 0.0, ""length_low"": 0.0, ""popularity_low"": 0.0, ""width_high"": 0.0}}","P,P|S,S",0.12834559999464545,0.1290935000142781,0.7333920000091894,0.5922593999857781,10,0,0
holdout,holdout_anchor_southwest_northeast_08_l_low_and_h_low,anchor_southwest_northeast,L_LOW_AND_H_LOW,tight,L_LOW_ACTIVE|H_LOW_ACTIVE|L_LOW_AND_H_LOW|tight,14246,21803,union,MIXED-VIA-2,full,56733.924,63165.3,539.0979991033673,671.1219988837838,177.9105410723926,14.384102189018337,anchor_southwest_northeast:holdout_non_frozen_via:hinge_width_strong:via20814,non_frozen_same_scalar_via,hinge_width_strong,57423.0,550.0999990850687,199.9105410723926,12.284102189018338,180,3.3484162642644413,length_low|elevation_low|width_high,True,True,61291.0,567.2999972179532,192.88363707559023,13.425788451811849,193,4157,"S,S",True,0,True,1257,49,1071,0,0,84964,0.7620918000029633,0.25743910000892356,0.012815299996873364,1.3256513999949675,1.0323462000087602,2.3451823000068543,11,1257,0.0,{},,"{""metrics"": {""avg_pop"": 222.70968363859433, ""avg_width"": 13.876259749364648, ""elevation"": 539.6999993920326, ""length"": 57055.0, ""popularity_length"": 12706701.0, ""road_changes"": 156, ""width_length"": 791710.0}, ""normalized_violation_score"": 0.0, ""pair_type"": ""P,P"", ""via_vertex"": 1877, ""violations"": {""elevation_high"": 0.0, ""elevation_low"": 0.0, ""length_high"": 0.0, ""length_low"": 0.0, ""popularity_low"": 0.0, ""width_high"": 0.0}}","P,P|P,S|S,P|S,S",0.12834559999464545,0.1290935000142781,0.7333920000091894,0.5922593999857781,10,0,0
holdout,holdout_anchor_east_west_09_multi_tight,anchor_east_west,MULTI_TIGHT,tight,MULTI_TIGHT|POP_ACTIVE|WIDTH_ACTIVE|tight,9171,5495,pair_type,"P,P",full,40693.085,43940.098,543.0270026385784,630.6120030641556,144.60980815290853,12.473733074059144,anchor_east_west:holdout_non_frozen_via:hinge_width_strong:via16003,non_frozen_same_scalar_via,hinge_width_strong,42169.0,583.9000028371811,149.60980815290853,11.823733074059144,160,4.401302058230135,length_low|elevation_low|width_high,False,False,,,,,,,,,,,0,0,0,0,0,21241,0.6810954999964451,0.058935299995937385,4.599991370923817e-06,4.00003045797348e-07,,0.7400311999954283,,0,0.09006106961823777,"{""elevation_high"": 7.88799882084129, ""elevation_low"": 0.0, ""length_high"": 0.0, ""length_low"": 0.0, ""popularity_low"": 0.0, ""width_high"": 0.31358869196044026}",elevation_high|width_high,"{""metrics"": {""avg_pop"": 182.60284192701303, ""avg_width"": 12.787321766019584, ""elevation"": 638.5000018849969, ""length"": 40747.0, ""popularity_length"": 7440518.0, ""road_changes"": 124, ""width_length"": 521045.0}, ""normalized_violation_score"": 0.09006106961823777, ""pair_type"": ""P,P"", ""via_vertex"": 17089, ""violations"": {""elevation_high"": 7.88799882084129, ""elevation_low"": 0.0, ""length_high"": 0.0, ""length_low"": 0.0, ""popularity_low"": 0.0, ""width_high"": 0.31358869196044026}}",,,,,,,,
holdout,holdout_anchor_east_west_09_multi_tight,anchor_east_west,MULTI_TIGHT,tight,MULTI_TIGHT|POP_ACTIVE|WIDTH_ACTIVE|tight,9171,5495,pair_type,"P,S",full,40693.085,43940.098,543.0270026385784,630.6120030641556,144.60980815290853,12.473733074059144,anchor_east_west:holdout_non_frozen_via:hinge_width_strong:via16003,non_frozen_same_scalar_via,hinge_width_strong,42169.0,583.9000028371811,149.60980815290853,11.823733074059144,160,4.401302058230135,length_low|elevation_low|width_high,False,False,,,,,,,,,,,0,0,0,0,0,21241,0.6810954999964451,0.05827099998714402,4.3000036384910345e-06,5.999900167807937e-07,,0.739367099973606,,0,0.012760121648601944,"{""elevation_high"": 0.0, ""elevation_low"": 0.0, ""length_high"": 0.0, ""length_low"": 0.0, ""popularity_low"": 0.0, ""width_high"": 0.15916635143718416}",width_high,"{""metrics"": {""avg_pop"": 144.77194385862848, ""avg_width"": 12.632899425496328, ""elevation"": 564.3000035434961, ""length"": 41253.0, ""popularity_length"": 5972277.0, ""road_changes"": 179, ""width_length"": 521145.0}, ""normalized_violation_score"": 0.012760121648601944, ""pair_type"": ""P,S"", ""via_vertex"": 58, ""violations"": {""elevation_high"": 0.0, ""elevation_low"": 0.0, ""length_high"": 0.0, ""length_low"": 0.0, ""popularity_low"": 0.0, ""width_high"": 0.15916635143718416}}",,,,,,,,
holdout,holdout_anchor_east_west_09_multi_tight,anchor_east_west,MULTI_TIGHT,tight,MULTI_TIGHT|POP_ACTIVE|WIDTH_ACTIVE|tight,9171,5495,pair_type,"S,P",full,40693.085,43940.098,543.0270026385784,630.6120030641556,144.60980815290853,12.473733074059144,anchor_east_west:holdout_non_frozen_via:hinge_width_strong:via16003,non_frozen_same_scalar_via,hinge_width_strong,42169.0,583.9000028371811,149.60980815290853,11.823733074059144,160,4.401302058230135,length_low|elevation_low|width_high,False,False,,,,,,,,,,,0,0,0,0,0,21241,0.6810954999964451,0.056912200001534075,4.1000021155923605e-06,4.999892553314567e-07,,0.7380081999872345,,0,0.008893793899674547,"{""elevation_high"": 0.0, ""elevation_low"": 0.0, ""length_high"": 0.0, ""length_low"": 0.0, ""popularity_low"": 1.2861298295834445, ""width_high"": 0.1059207585088533}",popularity_low|width_high,"{""metrics"": {""avg_pop"": 143.32367832332508, ""avg_width"": 12.579653832567997, ""elevation"": 551.0000022128224, ""length"": 42465.0, ""popularity_length"": 6086240.0, ""road_changes"": 165, ""width_length"": 534195.0}, ""normalized_violation_score"": 0.008893793899674547, ""pair_type"": ""S,P"", ""via_vertex"": 5305, ""violations"": {""elevation_high"": 0.0, ""elevation_low"": 0.0, ""length_high"": 0.0, ""length_low"": 0.0, ""popularity_low"": 1.2861298295834445, ""width_high"": 0.1059207585088533}}",,,,,,,,
holdout,holdout_anchor_east_west_09_multi_tight,anchor_east_west,MULTI_TIGHT,tight,MULTI_TIGHT|POP_ACTIVE|WIDTH_ACTIVE|tight,9171,5495,pair_type,"S,S",full,40693.085,43940.098,543.0270026385784,630.6120030641556,144.60980815290853,12.473733074059144,anchor_east_west:holdout_non_frozen_via:hinge_width_strong:via16003,non_frozen_same_scalar_via,hinge_width_strong,42169.0,583.9000028371811,149.60980815290853,11.823733074059144,160,4.401302058230135,length_low|elevation_low|width_high,False,False,,,,,,,,,,,0,0,0,0,0,21241,0.6810954999964451,0.058181700005661696,2.8999929782003164e-06,5.00003807246685e-07,,0.7392777000059141,,0,0.013216204036761664,"{""elevation_high"": 0.0, ""elevation_low"": 0.0, ""length_high"": 0.0, ""length_low"": 0.0, ""popularity_low"": 0.0, ""width_high"": 0.16485540140686794}",width_high,"{""metrics"": {""avg_pop"": 145.05089070892168, ""avg_width"": 12.638588475466012, ""elevation"": 569.3000034242868, ""length"": 41147.0, ""popularity_length"": 5968409.0, ""road_changes"": 168, ""width_length"": 520040.0}, ""normalized_violation_score"": 0.013216204036761664, ""pair_type"": ""S,S"", ""via_vertex"": 1522, ""violations"": {""elevation_high"": 0.0, ""elevation_low"": 0.0, ""length_high"": 0.0, ""length_low"": 0.0, ""popularity_low"": 0.0, ""width_high"": 0.16485540140686794}}",,,,,,,,
holdout,holdout_anchor_east_west_09_multi_tight,anchor_east_west,MULTI_TIGHT,tight,MULTI_TIGHT|POP_ACTIVE|WIDTH_ACTIVE|tight,9171,5495,union,VIA-UNION-2,full,40693.085,43940.098,543.0270026385784,630.6120030641556,144.60980815290853,12.473733074059144,anchor_east_west:holdout_non_frozen_via:hinge_width_strong:via16003,non_frozen_same_scalar_via,hinge_width_strong,42169.0,583.9000028371811,149.60980815290853,11.823733074059144,160,4.401302058230135,length_low|elevation_low|width_high,False,False,,,,,,,,,,,0,0,0,0,0,42482,0.6810954999964451,0.11711700000159908,6.999995093792677e-06,9.00006853044033e-07,,0.7982134000048973,,0,0.013216204036761664,"{""elevation_high"": 0.0, ""elevation_low"": 0.0, ""length_high"": 0.0, ""length_low"": 0.0, ""popularity_low"": 0.0, ""width_high"": 0.16485540140686794}",width_high,"{""metrics"": {""avg_pop"": 145.05089070892168, ""avg_width"": 12.638588475466012, ""elevation"": 569.3000034242868, ""length"": 41147.0, ""popularity_length"": 5968409.0, ""road_changes"": 168, ""width_length"": 520040.0}, ""normalized_violation_score"": 0.013216204036761664, ""pair_type"": ""S,S"", ""via_vertex"": 1522, ""violations"": {""elevation_high"": 0.0, ""elevation_low"": 0.0, ""length_high"": 0.0, ""length_low"": 0.0, ""popularity_low"": 0.0, ""width_high"": 0.16485540140686794}}","P,P|S,S",0.11711700000159908,0.1151831999886781,9.00006853044033e-07,1.0999792721122503e-06,0,0,0
holdout,holdout_anchor_east_west_09_multi_tight,anchor_east_west,MULTI_TIGHT,tight,MULTI_TIGHT|POP_ACTIVE|WIDTH_ACTIVE|tight,9171,5495,union,MIXED-VIA-2,full,40693.085,43940.098,543.0270026385784,630.6120030641556,144.60980815290853,12.473733074059144,anchor_east_west:holdout_non_frozen_via:hinge_width_strong:via16003,non_frozen_same_scalar_via,hinge_width_strong,42169.0,583.9000028371811,149.60980815290853,11.823733074059144,160,4.401302058230135,length_low|elevation_low|width_high,False,False,,,,,,,,,,,0,0,0,0,0,84964,0.6810954999964451,0.23230019999027718,2.1000014385208488e-06,1.9999861251562834e-06,,0.9133976999728475,,0,0.008893793899674547,"{""elevation_high"": 0.0, ""elevation_low"": 0.0, ""length_high"": 0.0, ""length_low"": 0.0, ""popularity_low"": 1.2861298295834445, ""width_high"": 0.1059207585088533}",popularity_low|width_high,"{""metrics"": {""avg_pop"": 143.32367832332508, ""avg_width"": 12.579653832567997, ""elevation"": 551.0000022128224, ""length"": 42465.0, ""popularity_length"": 6086240.0, ""road_changes"": 165, ""width_length"": 534195.0}, ""normalized_violation_score"": 0.008893793899674547, ""pair_type"": ""S,P"", ""via_vertex"": 5305, ""violations"": {""elevation_high"": 0.0, ""elevation_low"": 0.0, ""length_high"": 0.0, ""length_low"": 0.0, ""popularity_low"": 1.2861298295834445, ""width_high"": 0.1059207585088533}}","P,P|P,S|S,P|S,S",0.11711700000159908,0.1151831999886781,9.00006853044033e-07,1.0999792721122503e-06,0,0,0
holdout,holdout_paris_bures_03_pop_active,paris_bures,POP_ACTIVE,tight,POP_ACTIVE|tight,127,4433,pair_type,"P,P",full,38783.19,48320.04,507.1220025064051,925.1550045724958,212.22804699664982,18.11120181191903,paris_bures:holdout_non_frozen_via:hinge_medium_length_pressure:via148,non_frozen_same_scalar_via,hinge_medium_length_pressure,42386.0,685.3000033870339,214.72804699664982,15.71120181191903,117,1.4480871566607427,length_low|elevation_low|popularity_low,True,True,42724.0,558.1000025048852,227.90157756764347,16.735909559030052,119,10341,"P,P",True,0,True,1139,247,892,0,0,21241,0.6870913000020664,0.05667890000040643,0.06693780000205152,0.8378591999935452,0.8107080000045244,1.581629399996018,98,1139,0.0,{},,"{""metrics"": {""avg_pop"": 219.56003177203564, ""avg_width"": 18.023680095316106, ""elevation"": 521.4000024273992, ""length"": 40287.0, ""popularity_length"": 8845415.0, ""road_changes"": 94, ""width_length"": 726120.0}, ""normalized_violation_score"": 0.0, ""pair_type"": ""P,P"", ""profile_exact_deltas"": {""avg_pop"": 0.0, ""avg_width"": 0.0, ""elevation"": 0.0, ""length"": 0.0, ""popularity_length"": 0.0, ""road_changes"": 0.0, ""width_length"": 0.0}, ""profile_metrics"": {""avg_pop"": 219.56003177203564, ""avg_width"": 18.023680095316106, ""elevation"": 521.4000024273992, ""length"": 40287.0, ""popularity_length"": 8845415.0, ""road_changes"": 94, ""width_length"": 726120.0}, ""via_vertex"": 475, ""violations"": {""elevation_high"": 0.0, ""elevation_low"": 0.0, ""length_high"": 0.0, ""length_low"": 0.0, ""popularity_low"": 0.0, ""width_high"": 0.0}}",,,,,,,,
holdout,holdout_paris_bures_03_pop_active,paris_bures,POP_ACTIVE,tight,POP_ACTIVE|tight,127,4433,pair_type,"P,S",full,38783.19,48320.04,507.1220025064051,925.1550045724958,212.22804699664982,18.11120181191903,paris_bures:holdout_non_frozen_via:hinge_medium_length_pressure:via148,non_frozen_same_scalar_via,hinge_medium_length_pressure,42386.0,685.3000033870339,214.72804699664982,15.71120181191903,117,1.4480871566607427,length_low|elevation_low|popularity_low,True,True,42055.0,594.2000027745962,219.0133396742361,16.493163714183808,132,4142,"P,S",True,0,True,1240,317,923,0,0,21241,0.6870913000020664,0.0727171000035014,0.05830069999501575,0.9431577000068501,0.8181091000005836,1.7029661000124179,73,1240,0.0,{},,"{""metrics"": {""avg_pop"": 212.29175555276697, ""avg_width"": 17.48274563935249, ""elevation"": 629.500002771616, ""length"": 39845.0, ""popularity_length"": 8458765.0, ""road_changes"": 105, ""width_length"": 696600.0}, ""normalized_violation_score"": 0.0, ""pair_type"": ""P,S"", ""profile_exact_deltas"": {""avg_pop"": 0.0, ""avg_width"": 0.0, ""elevation"": 0.0, ""length"": 0.0, ""popularity_length"": 0.0, ""road_changes"": 0.0, ""width_length"": 0.0}, ""profile_metrics"": {""avg_pop"": 212.29175555276697, ""avg_width"": 17.48274563935249, ""elevation"": 629.500002771616, ""length"": 39845.0, ""popularity_length"": 8458765.0, ""road_changes"": 105, ""width_length"": 696600.0}, ""via_vertex"": 148, ""violations"": {""elevation_high"": 0.0, ""elevation_low"": 0.0, ""length_high"": 0.0, ""length_low"": 0.0, ""popularity_low"": 0.0, ""width_high"": 0.0}}",,,,,,,,
holdout,holdout_paris_bures_03_pop_active,paris_bures,POP_ACTIVE,tight,POP_ACTIVE|tight,127,4433,pair_type,"S,P",full,38783.19,48320.04,507.1220025064051,925.1550045724958,212.22804699664982,18.11120181191903,paris_bures:holdout_non_frozen_via:hinge_medium_length_pressure:via148,non_frozen_same_scalar_via,hinge_medium_length_pressure,42386.0,685.3000033870339,214.72804699664982,15.71120181191903,117,1.4480871566607427,length_low|elevation_low|popularity_low,False,False,,,,,,,,,,,23,0,23,0,0,21241,0.6870913000020664,0.0643827999883797,0.017054799987818114,0.016898600006243214,,0.7683726999966893,,23,0.0,"{""elevation_high"": 0.0, ""elevation_low"": 0.0, ""length_high"": 0.0, ""length_low"": 0.0, ""popularity_low"": 0.0, ""width_high"": 0.0}",,"{""metrics"": {""avg_pop"": 214.67794924116822, ""avg_width"": 15.417421247289887, ""elevation"": 630.1000037267804, ""length"": 39205.0, ""popularity_length"": 8416449.0, ""road_changes"": 109, ""width_length"": 604440.0}, ""normalized_violation_score"": 0.0, ""pair_type"": ""S,P"", ""via_vertex"": 1571, ""violations"": {""elevation_high"": 0.0, ""elevation_low"": 0.0, ""length_high"": 0.0, ""length_low"": 0.0, ""popularity_low"": 0.0, ""width_high"": 0.0}}",,,,,,,,
holdout,holdout_paris_bures_03_pop_active,paris_bures,POP_ACTIVE,tight,POP_ACTIVE|tight,127,4433,pair_type,"S,S",full,38783.19,48320.04,507.1220025064051,925.1550045724958,212.22804699664982,18.11120181191903,paris_bures:holdout_non_frozen_via:hinge_medium_length_pressure:via148,non_frozen_same_scalar_via,hinge_medium_length_pressure,42386.0,685.3000033870339,214.72804699664982,15.71120181191903,117,1.4480871566607427,length_low|elevation_low|popularity_low,False,False,,,,,,,,,,,0,0,0,0,0,21241,0.6870913000020664,0.06490120000671595,2.5000044843181968e-06,3.00002284348011e-07,,0.7519928000110667,,0,0.024293864419768704,"{""elevation_high"": 0.0, ""elevation_low"": 0.0, ""length_high"": 0.0, ""length_low"": 0.0, ""popularity_low"": 5.155839399808912, ""width_high"": 0.0}",popularity_low,"{""metrics"": {""avg_pop"": 207.0722075968409, ""avg_width"": 15.454222556516653, ""elevation"": 615.1000033542514, ""length"": 47862.0, ""popularity_length"": 9910890.0, ""road_changes"": 132, ""width_length"": 739670.0}, ""normalized_violation_score"": 0.024293864419768704, ""pair_type"": ""S,S"", ""via_vertex"": 5948, ""violations"": {""elevation_high"": 0.0, ""elevation_low"": 0.0, ""length_high"": 0.0, ""length_low"": 0.0, ""popularity_low"": 5.155839399808912, ""width_high"": 0.0}}",,,,,,,,
holdout,holdout_paris_bures_03_pop_active,paris_bures,POP_ACTIVE,tight,POP_ACTIVE|tight,127,4433,union,VIA-UNION-2,full,38783.19,48320.04,507.1220025064051,925.1550045724958,212.22804699664982,18.11120181191903,paris_bures:holdout_non_frozen_via:hinge_medium_length_pressure:via148,non_frozen_same_scalar_via,hinge_medium_length_pressure,42386.0,685.3000033870339,214.72804699664982,15.71120181191903,117,1.4480871566607427,length_low|elevation_low|popularity_low,True,True,42724.0,558.1000025048852,227.90157756764347,16.735909559030052,119,10341,"P,P",True,0,True,1139,62,892,0,0,42482,0.6870913000020664,0.12158010000712238,0.07825649999722373,0.8378594999958295,0.8869279000064125,1.6465309000050183,98,1139,0.0,{},,"{""metrics"": {""avg_pop"": 219.56003177203564, ""avg_width"": 18.023680095316106, ""elevation"": 521.4000024273992, ""length"": 40287.0, ""popularity_length"": 8845415.0, ""road_changes"": 94, ""width_length"": 726120.0}, ""normalized_violation_score"": 0.0, ""pair_type"": ""P,P"", ""profile_exact_deltas"": {""avg_pop"": 0.0, ""avg_width"": 0.0, ""elevation"": 0.0, ""length"": 0.0, ""popularity_length"": 0.0, ""road_changes"": 0.0, ""width_length"": 0.0}, ""profile_metrics"": {""avg_pop"": 219.56003177203564, ""avg_width"": 18.023680095316106, ""elevation"": 521.4000024273992, ""length"": 40287.0, ""popularity_length"": 8845415.0, ""road_changes"": 94, ""width_length"": 726120.0}, ""via_vertex"": 475, ""violations"": {""elevation_high"": 0.0, ""elevation_low"": 0.0, ""length_high"": 0.0, ""length_low"": 0.0, ""popularity_low"": 0.0, ""width_high"": 0.0}}","P,P|S,S",0.12158010000712238,0.1370998999918811,0.8378594999958295,0.9600563000130933,97,0,0
holdout,holdout_paris_bures_03_pop_active,paris_bures,POP_ACTIVE,tight,POP_ACTIVE|tight,127,4433,union,MIXED-VIA-2,full,38783.19,48320.04,507.1220025064051,925.1550045724958,212.22804699664982,18.11120181191903,paris_bures:holdout_non_frozen_via:hinge_medium_length_pressure:via148,non_frozen_same_scalar_via,hinge_medium_length_pressure,42386.0,685.3000033870339,214.72804699664982,15.71120181191903,117,1.4480871566607427,length_low|elevation_low|popularity_low,True,True,42055.0,594.2000027745962,219.0133396742361,16.493163714183808,132,4142,"P,S",True,0,True,2402,140,1838,0,0,84964,0.6870913000020664,0.2586799999990035,0.08120139999664389,1.7979158000089228,1.0269726999977138,2.7436871000099927,98,2402,0.0,{},,"{""metrics"": {""avg_pop"": 219.56003177203564, ""avg_width"": 18.023680095316106, ""elevation"": 521.4000024273992, ""length"": 40287.0, ""popularity_length"": 8845415.0, ""road_changes"": 94, ""width_length"": 726120.0}, ""normalized_violation_score"": 0.0, ""pair_type"": ""P,P"", ""profile_exact_deltas"": {""avg_pop"": 0.0, ""avg_width"": 0.0, ""elevation"": 0.0, ""length"": 0.0, ""popularity_length"": 0.0, ""road_changes"": 0.0, ""width_length"": 0.0}, ""profile_metrics"": {""avg_pop"": 219.56003177203564, ""avg_width"": 18.023680095316106, ""elevation"": 521.4000024273992, ""length"": 40287.0, ""popularity_length"": 8845415.0, ""road_changes"": 94, ""width_length"": 726120.0}, ""via_vertex"": 475, ""violations"": {""elevation_high"": 0.0, ""elevation_low"": 0.0, ""length_high"": 0.0, ""length_low"": 0.0, ""popularity_low"": 0.0, ""width_high"": 0.0}}","P,P|P,S|S,P|S,S",0.12158010000712238,0.1370998999918811,0.8378594999958295,0.9600563000130933,97,0,0
holdout,holdout_anchor_west_east_18_width_active,anchor_west_east,WIDTH_ACTIVE,tight,WIDTH_ACTIVE|tight,5495,9171,pair_type,"P,P",full,47639.475,59354.1,282.1619999922812,531.2999999895692,178.03766445788918,16.622447901661385,anchor_west_east:holdout_non_frozen_via:width_linear_mild:via6714,non_frozen_same_scalar_via,width_linear_mild,52065.0,381.2999999895692,203.03766445788918,16.272447901661383,143,1.790622832570398,length_low|elevation_low|width_high,True,True,54930.0,442.3000008687377,188.72106317130894,15.0064627707992,178,17418,"P,P",True,0,True,1331,221,1110,0,0,21241,0.7667826999968383,0.06481749999511521,0.043863600003533065,1.2099375999969197,0.8754637999954866,2.0415377999888733,44,1331,0.0,{},,"{""metrics"": {""avg_pop"": 224.9821447875752, ""avg_width"": 16.10284314078772, ""elevation"": 480.7000050842762, ""length"": 55502.0, ""popularity_length"": 12486959.0, ""road_changes"": 127, ""width_length"": 893740.0}, ""normalized_violation_score"": 0.0, ""pair_type"": ""P,P"", ""profile_exact_deltas"": {""avg_pop"": 0.0, ""avg_width"": 0.0, ""elevation"": 0.0, ""length"": 0.0, ""popularity_length"": 0.0, ""road_changes"": 0.0, ""width_length"": 0.0}, ""profile_metrics"": {""avg_pop"": 224.9821447875752, ""avg_width"": 16.10284314078772, ""elevation"": 480.7000050842762, ""length"": 55502.0, ""popularity_length"": 12486959.0, ""road_changes"": 127, ""width_length"": 893740.0}, ""via_vertex"": 3081, ""violations"": {""elevation_high"": 0.0, ""elevation_low"": 0.0, ""length_high"": 0.0, ""length_low"": 0.0, ""popularity_low"": 0.0, ""width_high"": 0.0}}",,,,,,,,
holdout,holdout_anchor_west_east_18_width_active,anchor_west_east,WIDTH_ACTIVE,tight,WIDTH_ACTIVE|tight,5495,9171,pair_type,"P,S",full,47639.475,59354.1,282.1619999922812,531.2999999895692,178.03766445788918,16.622447901661385,anchor_west_east:holdout_non_frozen_via:width_linear_mild:via6714,non_frozen_same_scalar_via,width_linear_mild,52065.0,381.2999999895692,203.03766445788918,16.272447901661383,143,1.790622832570398,length_low|elevation_low|width_high,True,True,50930.0,475.8000007420778,183.2498920086393,14.86461810327901,155,9080,"P,S",True,0,True,339,39,300,0,0,21241,0.7667826999968383,0.06458140000177082,0.09594870000728406,0.32023800000024494,0.9273128000058932,1.151602099998854,101,339,0.0,{},,"{""metrics"": {""avg_pop"": 191.88958864215508, ""avg_width"": 16.128048780487806, ""elevation"": 497.2999994158745, ""length"": 54940.0, ""popularity_length"": 10542414.0, ""road_changes"": 155, ""width_length"": 886075.0}, ""normalized_violation_score"": 0.0, ""pair_type"": ""P,S"", ""profile_exact_deltas"": {""avg_pop"": 0.0, ""avg_width"": 0.0, ""elevation"": 0.0, ""length"": 0.0, ""popularity_length"": 0.0, ""road_changes"": 0.0, ""width_length"": 0.0}, ""profile_metrics"": {""avg_pop"": 191.88958864215508, ""avg_width"": 16.128048780487806, ""elevation"": 497.2999994158745, ""length"": 54940.0, ""popularity_length"": 10542414.0, ""road_changes"": 155, ""width_length"": 886075.0}, ""via_vertex"": 985, ""violations"": {""elevation_high"": 0.0, ""elevation_low"": 0.0, ""length_high"": 0.0, ""length_low"": 0.0, ""popularity_low"": 0.0, ""width_high"": 0.0}}",,,,,,,,
holdout,holdout_anchor_west_east_18_width_active,anchor_west_east,WIDTH_ACTIVE,tight,WIDTH_ACTIVE|tight,5495,9171,pair_type,"S,P",full,47639.475,59354.1,282.1619999922812,531.2999999895692,178.03766445788918,16.622447901661385,anchor_west_east:holdout_non_frozen_via:width_linear_mild:via6714,non_frozen_same_scalar_via,width_linear_mild,52065.0,381.2999999895692,203.03766445788918,16.272447901661383,143,1.790622832570398,length_low|elevation_low|width_high,True,True,49650.0,409.2000033929944,200.6576032225579,14.911480362537764,144,7125,"S,P",True,0,True,1897,258,1639,0,0,21241,0.7667826999968383,0.06468040001345798,0.10483329999260604,1.7256100999948103,0.9362964000029024,2.5570732000051066,116,1897,0.0,{},,"{""metrics"": {""avg_pop"": 186.7634667983589, ""avg_width"": 15.960150433064884, ""elevation"": 432.5000020638108, ""length"": 52648.0, ""popularity_length"": 9832723.0, ""road_changes"": 175, ""width_length"": 840270.0}, ""normalized_violation_score"": 0.0, ""pair_type"": ""S,P"", ""profile_exact_deltas"": {""avg_pop"": 0.0, ""avg_width"": 0.0, ""elevation"": 0.0, ""length"": 0.0, ""popularity_length"": 0.0, ""road_changes"": 0.0, ""width_length"": 0.0}, ""profile_metrics"": {""avg_pop"": 186.7634667983589, ""avg_width"": 15.960150433064884, ""elevation"": 432.5000020638108, ""length"": 52648.0, ""popularity_length"": 9832723.0, ""road_changes"": 175, ""width_length"": 840270.0}, ""via_vertex"": 206, ""violations"": {""elevation_high"": 0.0, ""elevation_low"": 0.0, ""length_high"": 0.0, ""length_low"": 0.0, ""popularity_low"": 0.0, ""width_high"": 0.0}}",,,,,,,,
holdout,holdout_anchor_west_east_18_width_active,anchor_west_east,WIDTH_ACTIVE,tight,WIDTH_ACTIVE|tight,5495,9171,pair_type,"S,S",full,47639.475,59354.1,282.1619999922812,531.2999999895692,178.03766445788918,16.622447901661385,anchor_west_east:holdout_non_frozen_via:width_linear_mild:via6714,non_frozen_same_scalar_via,width_linear_mild,52065.0,381.2999999895692,203.03766445788918,16.272447901661383,143,1.790622832570398,length_low|elevation_low|width_high,True,True,55779.0,510.69999922811985,184.11767869628355,15.82047006938095,169,6714,"S,S",True,0,True,31,7,24,0,0,21241,0.7667826999968383,0.05616339998960029,0.0010478999902261421,0.027358499995898455,0.8239939999766648,0.8503045999823371,1,31,0.0,{},,"{""metrics"": {""avg_pop"": 184.11767869628355, ""avg_width"": 15.82047006938095, ""elevation"": 510.69999922811985, ""length"": 55779.0, ""popularity_length"": 10269900.0, ""road_changes"": 169, ""width_length"": 882450.0}, ""normalized_violation_score"": 0.0, ""pair_type"": ""S,S"", ""profile_exact_deltas"": {""avg_pop"": 0.0, ""avg_width"": 0.0, ""elevation"": 0.0, ""length"": 0.0, ""popularity_length"": 0.0, ""road_changes"": 0.0, ""width_length"": 0.0}, ""profile_metrics"": {""avg_pop"": 184.11767869628355, ""avg_width"": 15.82047006938095, ""elevation"": 510.69999922811985, ""length"": 55779.0, ""popularity_length"": 10269900.0, ""road_changes"": 169, ""width_length"": 882450.0}, ""via_vertex"": 6714, ""violations"": {""elevation_high"": 0.0, ""elevation_low"": 0.0, ""length_high"": 0.0, ""length_low"": 0.0, ""popularity_low"": 0.0, ""width_high"": 0.0}}",,,,,,,,
holdout,holdout_anchor_west_east_18_width_active,anchor_west_east,WIDTH_ACTIVE,tight,WIDTH_ACTIVE|tight,5495,9171,union,VIA-UNION-2,full,47639.475,59354.1,282.1619999922812,531.2999999895692,178.03766445788918,16.622447901661385,anchor_west_east:holdout_non_frozen_via:width_linear_mild:via6714,non_frozen_same_scalar_via,width_linear_mild,52065.0,381.2999999895692,203.03766445788918,16.272447901661383,143,1.790622832570398,length_low|elevation_low|width_high,True,True,54930.0,442.3000008687377,188.72106317130894,15.0064627707992,178,17418,"P,P",True,0,True,1362,52,1134,0,0,42482,0.7667826999968383,0.1209808999847155,0.041858999989926815,1.2372960999928182,0.9296225999714807,2.125059699974372,44,1362,0.0,{},,"{""metrics"": {""avg_pop"": 224.9821447875752, ""avg_width"": 16.10284314078772, ""elevation"": 480.7000050842762, ""length"": 55502.0, ""popularity_length"": 12486959.0, ""road_changes"": 127, ""width_length"": 893740.0}, ""normalized_violation_score"": 0.0, ""pair_type"": ""P,P"", ""profile_exact_deltas"": {""avg_pop"": 0.0, ""avg_width"": 0.0, ""elevation"": 0.0, ""length"": 0.0, ""popularity_length"": 0.0, ""road_changes"": 0.0, ""width_length"": 0.0}, ""profile_metrics"": {""avg_pop"": 224.9821447875752, ""avg_width"": 16.10284314078772, ""elevation"": 480.7000050842762, ""length"": 55502.0, ""popularity_length"": 12486959.0, ""road_changes"": 127, ""width_length"": 893740.0}, ""via_vertex"": 3081, ""violations"": {""elevation_high"": 0.0, ""elevation_low"": 0.0, ""length_high"": 0.0, ""length_low"": 0.0, ""popularity_low"": 0.0, ""width_high"": 0.0}}","P,P|S,S",0.1209808999847155,0.1292618000152288,1.2372960999928182,2.0458480999950552,43,0,0
holdout,holdout_anchor_west_east_18_width_active,anchor_west_east,WIDTH_ACTIVE,tight,WIDTH_ACTIVE|tight,5495,9171,union,MIXED-VIA-2,full,47639.475,59354.1,282.1619999922812,531.2999999895692,178.03766445788918,16.622447901661385,anchor_west_east:holdout_non_frozen_via:width_linear_mild:via6714,non_frozen_same_scalar_via,width_linear_mild,52065.0,381.2999999895692,203.03766445788918,16.272447901661383,143,1.790622832570398,length_low|elevation_low|width_high,True,True,49650.0,409.2000033929944,200.6576032225579,14.911480362537764,144,7125,"S,P",True,0,True,3598,117,3073,0,0,84964,0.7667826999968383,0.2502426999999443,0.12695289999828674,3.2831441999878734,1.1439782999950694,4.300169599984656,149,3598,0.0,{},,"{""metrics"": {""avg_pop"": 224.9821447875752, ""avg_width"": 16.10284314078772, ""elevation"": 480.7000050842762, ""length"": 55502.0, ""popularity_length"": 12486959.0, ""road_changes"": 127, ""width_length"": 893740.0}, ""normalized_violation_score"": 0.0, ""pair_type"": ""P,P"", ""profile_exact_deltas"": {""avg_pop"": 0.0, ""avg_width"": 0.0, ""elevation"": 0.0, ""length"": 0.0, ""popularity_length"": 0.0, ""road_changes"": 0.0, ""width_length"": 0.0}, ""profile_metrics"": {""avg_pop"": 224.9821447875752, ""avg_width"": 16.10284314078772, ""elevation"": 480.7000050842762, ""length"": 55502.0, ""popularity_length"": 12486959.0, ""road_changes"": 127, ""width_length"": 893740.0}, ""via_vertex"": 3081, ""violations"": {""elevation_high"": 0.0, ""elevation_low"": 0.0, ""length_high"": 0.0, ""length_low"": 0.0, ""popularity_low"": 0.0, ""width_high"": 0.0}}","P,P|P,S|S,P|S,S",0.1209808999847155,0.1292618000152288,1.2372960999928182,2.0458480999950552,148,0,0
holdout,holdout_anchor_south_north_09_multi_tight,anchor_south_north,MULTI_TIGHT,tight,MULTI_TIGHT|POP_ACTIVE|WIDTH_ACTIVE|tight,796,7935,pair_type,"P,P",full,49560.47,53515.036,483.971998924613,562.0319987511634,197.5435375209315,13.214352194400094,anchor_south_north:holdout_non_frozen_via:hinge_low_length_pressure:via17418,non_frozen_same_scalar_via,hinge_low_length_pressure,51358.0,520.3999988436699,202.5435375209315,12.564352194400094,159,5.238873241716034,length_low|elevation_low|popularity_low|width_high,False,False,,,,,,,,,,,0,0,0,0,0,21243,0.684058200000436,0.0585813999932725,3.600012860260904e-06,4.00003045797348e-07,,0.7426399999967543,,0,0.0240182427860096,"{""elevation_high"": 0.0, ""elevation_low"": 0.7720017454028039, ""length_high"": 0.0, ""length_low"": 0.0, ""popularity_low"": 0.0, ""width_high"": 0.3173855192649402}",elevation_low|width_high,"{""metrics"": {""avg_pop"": 217.1862720811022, ""avg_width"": 13.531737713665034, ""elevation"": 483.1999971792102, ""length"": 52477.0, ""popularity_length"": 11397284.0, ""road_changes"": 143, ""width_length"": 710105.0}, ""normalized_violation_score"": 0.0240182427860096, ""pair_type"": ""P,P"", ""via_vertex"": 5517, ""violations"": {""elevation_high"": 0.0, ""elevation_low"": 0.7720017454028039, ""length_high"": 0.0, ""length_low"": 0.0, ""popularity_low"": 0.0, ""width_high"": 0.3173855192649402}}",,,,,,,,
holdout,holdout_anchor_south_north_09_multi_tight,anchor_south_north,MULTI_TIGHT,tight,MULTI_TIGHT|POP_ACTIVE|WIDTH_ACTIVE|tight,796,7935,pair_type,"P,S",full,49560.47,53515.036,483.971998924613,562.0319987511634,197.5435375209315,13.214352194400094,anchor_south_north:holdout_non_frozen_via:hinge_low_length_pressure:via17418,non_frozen_same_scalar_via,hinge_low_length_pressure,51358.0,520.3999988436699,202.5435375209315,12.564352194400094,159,5.238873241716034,length_low|elevation_low|popularity_low|width_high,False,False,,,,,,,,,,,0,0,0,0,0,21243,0.684058200000436,0.056979400003910996,2.8999929782003164e-06,3.00002284348011e-07,,0.7410379000066314,,0,0.01815029203663872,"{""elevation_high"": 0.0, ""elevation_low"": 0.0, ""length_high"": 0.0, ""length_low"": 55.470000000001164, ""popularity_low"": 0.0, ""width_high"": 0.23984435140335947}",length_low|width_high,"{""metrics"": {""avg_pop"": 211.22941117058883, ""avg_width"": 13.454196545803454, ""elevation"": 487.1999996379018, ""length"": 49505.0, ""popularity_length"": 10456912.0, ""road_changes"": 138, ""width_length"": 666050.0}, ""normalized_violation_score"": 0.01815029203663872, ""pair_type"": ""P,S"", ""via_vertex"": 20814, ""violations"": {""elevation_high"": 0.0, ""elevation_low"": 0.0, ""length_high"": 0.0, ""length_low"": 55.470000000001164, ""popularity_low"": 0.0, ""width_high"": 0.23984435140335947}}",,,,,,,,
holdout,holdout_anchor_south_north_09_multi_tight,anchor_south_north,MULTI_TIGHT,tight,MULTI_TIGHT|POP_ACTIVE|WIDTH_ACTIVE|tight,796,7935,pair_type,"S,P",full,49560.47,53515.036,483.971998924613,562.0319987511634,197.5435375209315,13.214352194400094,anchor_south_north:holdout_non_frozen_via:hinge_low_length_pressure:via17418,non_frozen_same_scalar_via,hinge_low_length_pressure,51358.0,520.3999988436699,202.5435375209315,12.564352194400094,159,5.238873241716034,length_low|elevation_low|popularity_low|width_high,False,False,,,,,,,,,,,2,0,2,0,0,21243,0.684058200000436,0.06488389999140054,0.001552699992316775,0.001407100004144013,,0.7503491999959806,,2,0.0,"{""elevation_high"": 0.0, ""elevation_low"": 0.0, ""length_high"": 0.0, ""length_low"": 0.0, ""popularity_low"": 0.0, ""width_high"": 0.0}",,"{""metrics"": {""avg_pop"": 202.47059167674246, ""avg_width"": 13.212781309723468, ""elevation"": 508.09999660402536, ""length"": 51278.0, ""popularity_length"": 10382287.0, ""road_changes"": 147, ""width_length"": 677525.0}, ""normalized_violation_score"": 0.0, ""pair_type"": ""S,P"", ""via_vertex"": 17618, ""violations"": {""elevation_high"": 0.0, ""elevation_low"": 0.0, ""length_high"": 0.0, ""length_low"": 0.0, ""popularity_low"": 0.0, ""width_high"": 0.0}}",,,,,,,,
holdout,holdout_anchor_south_north_09_multi_tight,anchor_south_north,MULTI_TIGHT,tight,MULTI_TIGHT|POP_ACTIVE|WIDTH_ACTIVE|tight,796,7935,pair_type,"S,S",full,49560.47,53515.036,483.971998924613,562.0319987511634,197.5435375209315,13.214352194400094,anchor_south_north:holdout_non_frozen_via:hinge_low_length_pressure:via17418,non_frozen_same_scalar_via,hinge_low_length_pressure,51358.0,520.3999988436699,202.5435375209315,12.564352194400094,159,5.238873241716034,length_low|elevation_low|popularity_low|width_high,False,False,,,,,,,,,,,0,0,0,0,0,21243,0.684058200000436,0.05519749999803025,4.5000051613897085e-06,3.00002284348011e-07,,0.7392560000007506,,0,0.0018850438412937767,"{""elevation_high"": 0.0, ""elevation_low"": 0.0, ""length_high"": 0.0, ""length_low"": 0.0, ""popularity_low"": 0.0, ""width_high"": 0.0249096332207408}",width_high,"{""metrics"": {""avg_pop"": 197.76284128157033, ""avg_width"": 13.239261827620835, ""elevation"": 518.7999963834882, ""length"": 52779.0, ""popularity_length"": 10437725.0, ""road_changes"": 163, ""width_length"": 698755.0}, ""normalized_violation_score"": 0.0018850438412937767, ""pair_type"": ""S,S"", ""via_vertex"": 16591, ""violations"": {""elevation_high"": 0.0, ""elevation_low"": 0.0, ""length_high"": 0.0, ""length_low"": 0.0, ""popularity_low"": 0.0, ""width_high"": 0.0249096332207408}}",,,,,,,,
holdout,holdout_anchor_south_north_09_multi_tight,anchor_south_north,MULTI_TIGHT,tight,MULTI_TIGHT|POP_ACTIVE|WIDTH_ACTIVE|tight,796,7935,union,VIA-UNION-2,full,49560.47,53515.036,483.971998924613,562.0319987511634,197.5435375209315,13.214352194400094,anchor_south_north:holdout_non_frozen_via:hinge_low_length_pressure:via17418,non_frozen_same_scalar_via,hinge_low_length_pressure,51358.0,520.3999988436699,202.5435375209315,12.564352194400094,159,5.238873241716034,length_low|elevation_low|popularity_low|width_high,False,False,,,,,,,,,,,0,0,0,0,0,42486,0.684058200000436,0.11377889999130275,8.399991202168167e-06,7.00005330145359e-07,,0.7978377999970689,,0,0.0018850438412937767,"{""elevation_high"": 0.0, ""elevation_low"": 0.0, ""length_high"": 0.0, ""length_low"": 0.0, ""popularity_low"": 0.0, ""width_high"": 0.0249096332207408}",width_high,"{""metrics"": {""avg_pop"": 197.76284128157033, ""avg_width"": 13.239261827620835, ""elevation"": 518.7999963834882, ""length"": 52779.0, ""popularity_length"": 10437725.0, ""road_changes"": 163, ""width_length"": 698755.0}, ""normalized_violation_score"": 0.0018850438412937767, ""pair_type"": ""S,S"", ""via_vertex"": 16591, ""violations"": {""elevation_high"": 0.0, ""elevation_low"": 0.0, ""length_high"": 0.0, ""length_low"": 0.0, ""popularity_low"": 0.0, ""width_high"": 0.0249096332207408}}","P,P|S,S",0.11377889999130275,0.12186329999531154,7.00005330145359e-07,0.001407400006428361,0,0,0
holdout,holdout_anchor_south_north_09_multi_tight,anchor_south_north,MULTI_TIGHT,tight,MULTI_TIGHT|POP_ACTIVE|WIDTH_ACTIVE|tight,796,7935,union,MIXED-VIA-2,full,49560.47,53515.036,483.971998924613,562.0319987511634,197.5435375209315,13.214352194400094,anchor_south_north:holdout_non_frozen_via:hinge_low_length_pressure:via17418,non_frozen_same_scalar_via,hinge_low_length_pressure,51358.0,520.3999988436699,202.5435375209315,12.564352194400094,159,5.238873241716034,length_low|elevation_low|popularity_low|width_high,False,False,,,,,,,,,,,2,0,2,0,0,84972,0.684058200000436,0.2356421999866143,0.0016977999912342057,0.0014081000117585063,,0.9211084999988088,,2,0.0,"{""elevation_high"": 0.0, ""elevation_low"": 0.0, ""length_high"": 0.0, ""length_low"": 0.0, ""popularity_low"": 0.0, ""width_high"": 0.0}",,"{""metrics"": {""avg_pop"": 202.47059167674246, ""avg_width"": 13.212781309723468, ""elevation"": 508.09999660402536, ""length"": 51278.0, ""popularity_length"": 10382287.0, ""road_changes"": 147, ""width_length"": 677525.0}, ""normalized_violation_score"": 0.0, ""pair_type"": ""S,P"", ""via_vertex"": 17618, ""violations"": {""elevation_high"": 0.0, ""elevation_low"": 0.0, ""length_high"": 0.0, ""length_low"": 0.0, ""popularity_low"": 0.0, ""width_high"": 0.0}}","P,P|P,S|S,P|S,S",0.11377889999130275,0.12186329999531154,7.00005330145359e-07,0.001407400006428361,2,0,0
development,paris_bures_known_feasible,paris_bures,L_LOW_AND_H_LOW,tight,L_LOW_ACTIVE|H_LOW_ACTIVE|L_LOW_AND_H_LOW|POP_ACTIVE|WIDTH_ACTIVE|QUALITY_CONFLICT|MULTI_TIGHT|tight,127,4433,pair_type,"P,P",full,30000.0,35000.0,400.0,500.0,150.0,15.0,paris_bures:probe_via:pop_width_reference:via13683,same_scalar_via_profile_probe,pop_width_reference,30217.0,413.9000018313527,182.0478538571003,14.625210973955058,104,1.0054,length_low|elevation_low|width_high,True,True,34078.0,431.9000013023615,197.86293209695404,13.297141851047597,113,19510,"P,P",True,0,True,2163,896,1267,0,0,21241,0.6725207999988925,0.05769980000331998,0.005684200004907325,1.2845366999972612,0.7359048000071198,2.0147572999994736,3,2163,0.0,{},,"{""metrics"": {""avg_pop"": 199.3988902219556, ""avg_width"": 13.895320935812837, ""elevation"": 422.40000128000975, ""length"": 33340.0, ""popularity_length"": 6647959.0, ""road_changes"": 104, ""width_length"": 463270.0}, ""normalized_violation_score"": 0.0, ""pair_type"": ""P,P"", ""profile_exact_deltas"": {""avg_pop"": 0.0, ""avg_width"": 0.0, ""elevation"": 0.0, ""length"": 0.0, ""popularity_length"": 0.0, ""road_changes"": 0.0, ""width_length"": 0.0}, ""profile_metrics"": {""avg_pop"": 199.3988902219556, ""avg_width"": 13.895320935812837, ""elevation"": 422.40000128000975, ""length"": 33340.0, ""popularity_length"": 6647959.0, ""road_changes"": 104, ""width_length"": 463270.0}, ""via_vertex"": 39, ""violations"": {""elevation_high"": 0.0, ""elevation_low"": 0.0, ""length_high"": 0.0, ""length_low"": 0.0, ""popularity_low"": 0.0, ""width_high"": 0.0}}",,,,,,,,
development,paris_bures_known_feasible,paris_bures,L_LOW_AND_H_LOW,tight,L_LOW_ACTIVE|H_LOW_ACTIVE|L_LOW_AND_H_LOW|POP_ACTIVE|WIDTH_ACTIVE|QUALITY_CONFLICT|MULTI_TIGHT|tight,127,4433,pair_type,"P,S",full,30000.0,35000.0,400.0,500.0,150.0,15.0,paris_bures:probe_via:pop_width_reference:via13683,same_scalar_via_profile_probe,pop_width_reference,30217.0,413.9000018313527,182.0478538571003,14.625210973955058,104,1.0054,length_low|elevation_low|width_high,True,True,31282.0,487.6000022366643,163.48097947701552,13.73825202992136,126,4047,"P,S",True,0,True,1911,638,1273,0,0,21241,0.6725207999988925,0.06577710001147352,0.03264619999390561,1.2660954000020865,0.7709441000042716,2.0043933000124525,44,1911,0.0,{},,"{""metrics"": {""avg_pop"": 163.2828561237394, ""avg_width"": 14.212523103861994, ""elevation"": 480.0000025704503, ""length"": 30839.0, ""popularity_length"": 5035480.0, ""road_changes"": 132, ""width_length"": 438300.0}, ""normalized_violation_score"": 0.0, ""pair_type"": ""P,S"", ""profile_exact_deltas"": {""avg_pop"": 0.0, ""avg_width"": 0.0, ""elevation"": 0.0, ""length"": 0.0, ""popularity_length"": 0.0, ""road_changes"": 0.0, ""width_length"": 0.0}, ""profile_metrics"": {""avg_pop"": 163.2828561237394, ""avg_width"": 14.212523103861994, ""elevation"": 480.0000025704503, ""length"": 30839.0, ""popularity_length"": 5035480.0, ""road_changes"": 132, ""width_length"": 438300.0}, ""via_vertex"": 234, ""violations"": {""elevation_high"": 0.0, ""elevation_low"": 0.0, ""length_high"": 0.0, ""length_low"": 0.0, ""popularity_low"": 0.0, ""width_high"": 0.0}}",,,,,,,,
development,paris_bures_known_feasible,paris_bures,L_LOW_AND_H_LOW,tight,L_LOW_ACTIVE|H_LOW_ACTIVE|L_LOW_AND_H_LOW|POP_ACTIVE|WIDTH_ACTIVE|QUALITY_CONFLICT|MULTI_TIGHT|tight,127,4433,pair_type,"S,P",full,30000.0,35000.0,400.0,500.0,150.0,15.0,paris_bures:probe_via:pop_width_reference:via13683,same_scalar_via_profile_probe,pop_width_reference,30217.0,413.9000018313527,182.0478538571003,14.625210973955058,104,1.0054,length_low|elevation_low|width_high,True,True,33924.0,457.0000004917383,174.65693904020753,13.174596156113665,125,3324,"S,P",True,0,True,2189,881,1308,0,0,21241,0.6725207999988925,0.06487709999782965,0.012805499995010905,1.3683409999939613,0.750203399991733,2.1057388999906834,15,2189,0.0,{},,"{""metrics"": {""avg_pop"": 191.6243578574218, ""avg_width"": 13.617628503620033, ""elevation"": 420.4000012502074, ""length"": 33287.0, ""popularity_length"": 6378600.0, ""road_changes"": 107, ""width_length"": 453290.0}, ""normalized_violation_score"": 0.0, ""pair_type"": ""S,P"", ""profile_exact_deltas"": {""avg_pop"": 0.0, ""avg_width"": 0.0, ""elevation"": 0.0, ""length"": 0.0, ""popularity_length"": 0.0, ""road_changes"": 0.0, ""width_length"": 0.0}, ""profile_metrics"": {""avg_pop"": 191.6243578574218, ""avg_width"": 13.617628503620033, ""elevation"": 420.4000012502074, ""length"": 33287.0, ""popularity_length"": 6378600.0, ""road_changes"": 107, ""width_length"": 453290.0}, ""via_vertex"": 39, ""violations"": {""elevation_high"": 0.0, ""elevation_low"": 0.0, ""length_high"": 0.0, ""length_low"": 0.0, ""popularity_low"": 0.0, ""width_high"": 0.0}}",,,,,,,,
development,paris_bures_known_feasible,paris_bures,L_LOW_AND_H_LOW,tight,L_LOW_ACTIVE|H_LOW_ACTIVE|L_LOW_AND_H_LOW|POP_ACTIVE|WIDTH_ACTIVE|QUALITY_CONFLICT|MULTI_TIGHT|tight,127,4433,pair_type,"S,S",full,30000.0,35000.0,400.0,500.0,150.0,15.0,paris_bures:probe_via:pop_width_reference:via13683,same_scalar_via_profile_probe,pop_width_reference,30217.0,413.9000018313527,182.0478538571003,14.625210973955058,104,1.0054,length_low|elevation_low|width_high,True,True,32203.0,488.39999951422215,158.99456572369033,14.472254137813247,122,5807,"S,S",True,0,True,394,133,261,0,0,21241,0.6725207999988925,0.06475620000855997,0.03439839999191463,0.23536589999275748,0.7716753999993671,0.9726429000002099,56,394,0.0,{},,"{""metrics"": {""avg_pop"": 156.42668415013932, ""avg_width"": 14.203081462055401, ""elevation"": 405.20000249147415, ""length"": 30505.0, ""popularity_length"": 4771796.0, ""road_changes"": 109, ""width_length"": 433265.0}, ""normalized_violation_score"": 0.0, ""pair_type"": ""S,S"", ""profile_exact_deltas"": {""avg_pop"": 0.0, ""avg_width"": 0.0, ""elevation"": 0.0, ""length"": 0.0, ""popularity_length"": 0.0, ""road_changes"": 0.0, ""width_length"": 0.0}, ""profile_metrics"": {""avg_pop"": 156.42668415013932, ""avg_width"": 14.203081462055401, ""elevation"": 405.20000249147415, ""length"": 30505.0, ""popularity_length"": 4771796.0, ""road_changes"": 109, ""width_length"": 433265.0}, ""via_vertex"": 2103, ""violations"": {""elevation_high"": 0.0, ""elevation_low"": 0.0, ""length_high"": 0.0, ""length_low"": 0.0, ""popularity_low"": 0.0, ""width_high"": 0.0}}",,,,,,,,
development,paris_bures_known_feasible,paris_bures,L_LOW_AND_H_LOW,tight,L_LOW_ACTIVE|H_LOW_ACTIVE|L_LOW_AND_H_LOW|POP_ACTIVE|WIDTH_ACTIVE|QUALITY_CONFLICT|MULTI_TIGHT|tight,127,4433,union,VIA-UNION-2,full,30000.0,35000.0,400.0,500.0,150.0,15.0,paris_bures:probe_via:pop_width_reference:via13683,same_scalar_via_profile_probe,pop_width_reference,30217.0,413.9000018313527,182.0478538571003,14.625210973955058,104,1.0054,length_low|elevation_low|width_high,True,True,34078.0,431.9000013023615,197.86293209695404,13.297141851047597,113,19510,"P,P",True,0,True,2557,280,1528,0,0,42482,0.6725207999988925,0.12245600001187995,0.007169200005591847,1.5199025999900186,0.8021460000163643,2.314879400000791,3,2557,0.0,{},,"{""metrics"": {""avg_pop"": 199.3988902219556, ""avg_width"": 13.895320935812837, ""elevation"": 422.40000128000975, ""length"": 33340.0, ""popularity_length"": 6647959.0, ""road_changes"": 104, ""width_length"": 463270.0}, ""normalized_violation_score"": 0.0, ""pair_type"": ""P,P"", ""profile_exact_deltas"": {""avg_pop"": 0.0, ""avg_width"": 0.0, ""elevation"": 0.0, ""length"": 0.0, ""popularity_length"": 0.0, ""road_changes"": 0.0, ""width_length"": 0.0}, ""profile_metrics"": {""avg_pop"": 199.3988902219556, ""avg_width"": 13.895320935812837, ""elevation"": 422.40000128000975, ""length"": 33340.0, ""popularity_length"": 6647959.0, ""road_changes"": 104, ""width_length"": 463270.0}, ""via_vertex"": 39, ""violations"": {""elevation_high"": 0.0, ""elevation_low"": 0.0, ""length_high"": 0.0, ""length_low"": 0.0, ""popularity_low"": 0.0, ""width_high"": 0.0}}","P,P|S,S",0.12245600001187995,0.13065420000930317,1.5199025999900186,2.634436399996048,2,0,0
development,paris_bures_known_feasible,paris_bures,L_LOW_AND_H_LOW,tight,L_LOW_ACTIVE|H_LOW_ACTIVE|L_LOW_AND_H_LOW|POP_ACTIVE|WIDTH_ACTIVE|QUALITY_CONFLICT|MULTI_TIGHT|tight,127,4433,union,MIXED-VIA-2,full,30000.0,35000.0,400.0,500.0,150.0,15.0,paris_bures:probe_via:pop_width_reference:via13683,same_scalar_via_profile_probe,pop_width_reference,30217.0,413.9000018313527,182.0478538571003,14.625210973955058,104,1.0054,length_low|elevation_low|width_high,True,True,33924.0,457.0000004917383,174.65693904020753,13.174596156113665,125,3324,"S,P",True,0,True,6657,696,4109,0,0,84964,0.6725207999988925,0.2531102000211831,0.02119809998839628,4.1543389999860665,0.9468291000084719,5.079970000006142,15,6657,0.0,{},,"{""metrics"": {""avg_pop"": 199.3988902219556, ""avg_width"": 13.895320935812837, ""elevation"": 422.40000128000975, ""length"": 33340.0, ""popularity_length"": 6647959.0, ""road_changes"": 104, ""width_length"": 463270.0}, ""normalized_violation_score"": 0.0, ""pair_type"": ""P,P"", ""profile_exact_deltas"": {""avg_pop"": 0.0, ""avg_width"": 0.0, ""elevation"": 0.0, ""length"": 0.0, ""popularity_length"": 0.0, ""road_changes"": 0.0, ""width_length"": 0.0}, ""profile_metrics"": {""avg_pop"": 199.3988902219556, ""avg_width"": 13.895320935812837, ""elevation"": 422.40000128000975, ""length"": 33340.0, ""popularity_length"": 6647959.0, ""road_changes"": 104, ""width_length"": 463270.0}, ""via_vertex"": 39, ""violations"": {""elevation_high"": 0.0, ""elevation_low"": 0.0, ""length_high"": 0.0, ""length_low"": 0.0, ""popularity_low"": 0.0, ""width_high"": 0.0}}","P,P|P,S|S,P|S,S",0.12245600001187995,0.13065420000930317,1.5199025999900186,2.634436399996048,14,0,0
development,paris_bures_08_loose,paris_bures,LOOSE_CONTROL,loose,loose,127,4433,pair_type,"P,P",full,36403.8,48256.2,477.3300020903349,886.4700038820505,168.95561067800614,18.71781242617529,paris_bures:probe_via:pop_width_reference:via148,same_scalar_via_profile_probe,pop_width_reference,42330.0,681.9000029861927,203.95561067800614,15.21781242617529,118,0.9644291451520375,length_low|elevation_low,True,True,42816.0,557.8000024929643,226.8164004110613,16.63875653961136,123,10341,"P,P",True,0,True,3619,882,2737,0,0,21241,0.7679528000007849,0.06523359999118838,0.09678330000315327,2.73403559999133,0.9299696999951266,3.5672219999833032,121,3619,0.0,{},,"{""metrics"": {""avg_pop"": 220.89196424185863, ""avg_width"": 17.689228351097796, ""elevation"": 603.0000029504299, ""length"": 40718.0, ""popularity_length"": 8994279.0, ""road_changes"": 98, ""width_length"": 720270.0}, ""normalized_violation_score"": 0.0, ""pair_type"": ""P,P"", ""profile_exact_deltas"": {""avg_pop"": 0.0, ""avg_width"": 0.0, ""elevation"": 0.0, ""length"": 0.0, ""popularity_length"": 0.0, ""road_changes"": 0.0, ""width_length"": 0.0}, ""profile_metrics"": {""avg_pop"": 220.89196424185863, ""avg_width"": 17.689228351097796, ""elevation"": 603.0000029504299, ""length"": 40718.0, ""popularity_length"": 8994279.0, ""road_changes"": 98, ""width_length"": 720270.0}, ""via_vertex"": 148, ""violations"": {""elevation_high"": 0.0, ""elevation_low"": 0.0, ""length_high"": 0.0, ""length_low"": 0.0, ""popularity_low"": 0.0, ""width_high"": 0.0}}",,,,,,,,
development,paris_bures_08_loose,paris_bures,LOOSE_CONTROL,loose,loose,127,4433,pair_type,"P,S",full,36403.8,48256.2,477.3300020903349,886.4700038820505,168.95561067800614,18.71781242617529,paris_bures:probe_via:pop_width_reference:via148,same_scalar_via_profile_probe,pop_width_reference,42330.0,681.9000029861927,203.95561067800614,15.21781242617529,118,0.9644291451520375,length_low|elevation_low,True,True,41684.0,555.6000025048852,208.09814317244027,16.096223970828134,140,15861,"P,S",True,0,True,4446,1239,3207,0,0,21241,0.7679528000007849,0.07124499999918044,0.10019779999856837,3.408726299996488,0.9393955999985337,4.247924099996453,121,4446,0.0,{},,"{""metrics"": {""avg_pop"": 211.1643087863385, ""avg_width"": 17.376868567994592, ""elevation"": 629.200002759695, ""length"": 39937.0, ""popularity_length"": 8433269.0, ""road_changes"": 109, ""width_length"": 693980.0}, ""normalized_violation_score"": 0.0, ""pair_type"": ""P,S"", ""profile_exact_deltas"": {""avg_pop"": 0.0, ""avg_width"": 0.0, ""elevation"": 0.0, ""length"": 0.0, ""popularity_length"": 0.0, ""road_changes"": 0.0, ""width_length"": 0.0}, ""profile_metrics"": {""avg_pop"": 211.1643087863385, ""avg_width"": 17.376868567994592, ""elevation"": 629.200002759695, ""length"": 39937.0, ""popularity_length"": 8433269.0, ""road_changes"": 109, ""width_length"": 693980.0}, ""via_vertex"": 148, ""violations"": {""elevation_high"": 0.0, ""elevation_low"": 0.0, ""length_high"": 0.0, ""length_low"": 0.0, ""popularity_low"": 0.0, ""width_high"": 0.0}}",,,,,,,,
development,paris_bures_08_loose,paris_bures,LOOSE_CONTROL,loose,loose,127,4433,pair_type,"S,P",full,36403.8,48256.2,477.3300020903349,886.4700038820505,168.95561067800614,18.71781242617529,paris_bures:probe_via:pop_width_reference:via148,same_scalar_via_profile_probe,pop_width_reference,42330.0,681.9000029861927,203.95561067800614,15.21781242617529,118,0.9644291451520375,length_low|elevation_low,True,True,43580.0,609.0000016242266,194.39162459843965,14.939077558513079,136,10341,"S,P",True,0,True,5077,1458,3619,0,0,21241,0.7679528000007849,0.06649990000005346,0.08023529998899903,3.7317403000051854,0.9146879999898374,4.566193000006024,90,5077,0.0,{},,"{""metrics"": {""avg_pop"": 204.07446243053877, ""avg_width"": 16.462551340903598, ""elevation"": 644.1000025048852, ""length"": 41390.0, ""popularity_length"": 8446642.0, ""road_changes"": 106, ""width_length"": 681385.0}, ""normalized_violation_score"": 0.0, ""pair_type"": ""S,P"", ""profile_exact_deltas"": {""avg_pop"": 0.0, ""avg_width"": 0.0, ""elevation"": 0.0, ""length"": 0.0, ""popularity_length"": 0.0, ""road_changes"": 0.0, ""width_length"": 0.0}, ""profile_metrics"": {""avg_pop"": 204.07446243053877, ""avg_width"": 16.462551340903598, ""elevation"": 644.1000025048852, ""length"": 41390.0, ""popularity_length"": 8446642.0, ""road_changes"": 106, ""width_length"": 681385.0}, ""via_vertex"": 148, ""violations"": {""elevation_high"": 0.0, ""elevation_low"": 0.0, ""length_high"": 0.0, ""length_low"": 0.0, ""popularity_low"": 0.0, ""width_high"": 0.0}}",,,,,,,,
development,paris_bures_08_loose,paris_bures,LOOSE_CONTROL,loose,loose,127,4433,pair_type,"S,S",full,36403.8,48256.2,477.3300020903349,886.4700038820505,168.95561067800614,18.71781242617529,paris_bures:probe_via:pop_width_reference:via148,same_scalar_via_profile_probe,pop_width_reference,42330.0,681.9000029861927,203.95561067800614,15.21781242617529,118,0.9644291451520375,length_low|elevation_low,True,True,42082.0,652.3000052049756,192.64740268998622,14.967206881802195,127,11454,"S,S",True,0,True,4375,1308,3067,0,0,21241,0.7679528000007849,0.06580359999497887,0.037197900004684925,3.226009399993927,0.8709543000004487,4.059765799989691,39,4375,0.0,{},,"{""metrics"": {""avg_pop"": 194.18434337215888, ""avg_width"": 16.131768819719767, ""elevation"": 670.3000023141503, ""length"": 40609.0, ""popularity_length"": 7885632.0, ""road_changes"": 117, ""width_length"": 655095.0}, ""normalized_violation_score"": 0.0, ""pair_type"": ""S,S"", ""profile_exact_deltas"": {""avg_pop"": 0.0, ""avg_width"": 0.0, ""elevation"": 0.0, ""length"": 0.0, ""popularity_length"": 0.0, ""road_changes"": 0.0, ""width_length"": 0.0}, ""profile_metrics"": {""avg_pop"": 194.18434337215888, ""avg_width"": 16.131768819719767, ""elevation"": 670.3000023141503, ""length"": 40609.0, ""popularity_length"": 7885632.0, ""road_changes"": 117, ""width_length"": 655095.0}, ""via_vertex"": 148, ""violations"": {""elevation_high"": 0.0, ""elevation_low"": 0.0, ""length_high"": 0.0, ""length_low"": 0.0, ""popularity_low"": 0.0, ""width_high"": 0.0}}",,,,,,,,
development,paris_bures_08_loose,paris_bures,LOOSE_CONTROL,loose,loose,127,4433,union,VIA-UNION-2,full,36403.8,48256.2,477.3300020903349,886.4700038820505,168.95561067800614,18.71781242617529,paris_bures:probe_via:pop_width_reference:via148,same_scalar_via_profile_probe,pop_width_reference,42330.0,681.9000029861927,203.95561067800614,15.21781242617529,118,0.9644291451520375,length_low|elevation_low,True,True,42082.0,652.3000052049756,192.64740268998622,14.967206881802195,127,11454,"S,S",True,0,True,7994,626,5804,0,0,42482,0.7679528000007849,0.13103719998616725,0.045724499999778345,5.960044999985257,0.9447144999867305,6.859034999972209,40,7994,0.0,{},,"{""metrics"": {""avg_pop"": 220.89196424185863, ""avg_width"": 17.689228351097796, ""elevation"": 603.0000029504299, ""length"": 40718.0, ""popularity_length"": 8994279.0, ""road_changes"": 98, ""width_length"": 720270.0}, ""normalized_violation_score"": 0.0, ""pair_type"": ""P,P"", ""profile_exact_deltas"": {""avg_pop"": 0.0, ""avg_width"": 0.0, ""elevation"": 0.0, ""length"": 0.0, ""popularity_length"": 0.0, ""road_changes"": 0.0, ""width_length"": 0.0}, ""profile_metrics"": {""avg_pop"": 220.89196424185863, ""avg_width"": 17.689228351097796, ""elevation"": 603.0000029504299, ""length"": 40718.0, ""popularity_length"": 8994279.0, ""road_changes"": 98, ""width_length"": 720270.0}, ""via_vertex"": 148, ""violations"": {""elevation_high"": 0.0, ""elevation_low"": 0.0, ""length_high"": 0.0, ""length_low"": 0.0, ""popularity_low"": 0.0, ""width_high"": 0.0}}","P,P|S,S",0.13103719998616725,0.1377448999992339,5.960044999985257,7.140466600001673,39,0,0
development,paris_bures_08_loose,paris_bures,LOOSE_CONTROL,loose,loose,127,4433,union,MIXED-VIA-2,full,36403.8,48256.2,477.3300020903349,886.4700038820505,168.95561067800614,18.71781242617529,paris_bures:probe_via:pop_width_reference:via148,same_scalar_via_profile_probe,pop_width_reference,42330.0,681.9000029861927,203.95561067800614,15.21781242617529,118,0.9644291451520375,length_low|elevation_low,True,True,43580.0,609.0000016242266,194.39162459843965,14.939077558513079,136,10341,"S,P",True,0,True,17517,1394,12630,0,0,84964,0.7679528000007849,0.26878209998540115,0.13264780001190957,13.10051159998693,1.1693826999980956,14.137246499973116,125,17517,0.0,{},,"{""metrics"": {""avg_pop"": 220.89196424185863, ""avg_width"": 17.689228351097796, ""elevation"": 603.0000029504299, ""length"": 40718.0, ""popularity_length"": 8994279.0, ""road_changes"": 98, ""width_length"": 720270.0}, ""normalized_violation_score"": 0.0, ""pair_type"": ""P,P"", ""profile_exact_deltas"": {""avg_pop"": 0.0, ""avg_width"": 0.0, ""elevation"": 0.0, ""length"": 0.0, ""popularity_length"": 0.0, ""road_changes"": 0.0, ""width_length"": 0.0}, ""profile_metrics"": {""avg_pop"": 220.89196424185863, ""avg_width"": 17.689228351097796, ""elevation"": 603.0000029504299, ""length"": 40718.0, ""popularity_length"": 8994279.0, ""road_changes"": 98, ""width_length"": 720270.0}, ""via_vertex"": 148, ""violations"": {""elevation_high"": 0.0, ""elevation_low"": 0.0, ""length_high"": 0.0, ""length_low"": 0.0, ""popularity_low"": 0.0, ""width_high"": 0.0}}","P,P|P,S|S,P|S,S",0.13103719998616725,0.1377448999992339,5.960044999985257,7.140466600001673,124,0,0
development,paris_bures_02_multi_tight,paris_bures,MULTI_TIGHT,tight,MULTI_TIGHT|POP_ACTIVE|WIDTH_ACTIVE|tight,127,4433,pair_type,"P,P",full,40848.45,44023.2,630.7575027622282,739.8615032400191,197.95561067800614,15.96781242617529,paris_bures:probe_via:pop_width_reference:via148,same_scalar_via_profile_probe,pop_width_reference,42330.0,681.9000029861927,203.95561067800614,15.21781242617529,118,5.00053547523427,length_low|elevation_low|width_high,False,False,,,,,,,,,,,31,0,31,0,0,21241,0.7698448000010103,0.06434889999218285,0.023530599995865487,0.02284920000238344,,0.8570428999955766,,31,0.0,"{""elevation_high"": 0.0, ""elevation_low"": 0.0, ""length_high"": 0.0, ""length_low"": 0.0, ""popularity_low"": 0.0, ""width_high"": 0.0}",,"{""metrics"": {""avg_pop"": 222.39250507570753, ""avg_width"": 14.997309263472028, ""elevation"": 632.3000023141503, ""length"": 40881.0, ""popularity_length"": 9091628.0, ""road_changes"": 110, ""width_length"": 613105.0}, ""normalized_violation_score"": 0.0, ""pair_type"": ""P,P"", ""via_vertex"": 1489, ""violations"": {""elevation_high"": 0.0, ""elevation_low"": 0.0, ""length_high"": 0.0, ""length_low"": 0.0, ""popularity_low"": 0.0, ""width_high"": 0.0}}",,,,,,,,
development,paris_bures_02_multi_tight,paris_bures,MULTI_TIGHT,tight,MULTI_TIGHT|POP_ACTIVE|WIDTH_ACTIVE|tight,127,4433,pair_type,"P,S",full,40848.45,44023.2,630.7575027622282,739.8615032400191,197.95561067800614,15.96781242617529,paris_bures:probe_via:pop_width_reference:via148,same_scalar_via_profile_probe,pop_width_reference,42330.0,681.9000029861927,203.95561067800614,15.21781242617529,118,5.00053547523427,length_low|elevation_low|width_high,False,False,,,,,,,,,,,69,0,69,0,0,21241,0.7698448000010103,0.06434759999683592,0.05020169999625068,0.04977169999619946,,0.8839640999940457,,69,0.0,"{""elevation_high"": 0.0, ""elevation_low"": 0.0, ""length_high"": 0.0, ""length_low"": 0.0, ""popularity_low"": 0.0, ""width_high"": 0.0}",,"{""metrics"": {""avg_pop"": 212.1854269005848, ""avg_width"": 15.161169590643276, ""elevation"": 676.2000020295382, ""length"": 42750.0, ""popularity_length"": 9070927.0, ""road_changes"": 123, ""width_length"": 648140.0}, ""normalized_violation_score"": 0.0, ""pair_type"": ""P,S"", ""via_vertex"": 1475, ""violations"": {""elevation_high"": 0.0, ""elevation_low"": 0.0, ""length_high"": 0.0, ""length_low"": 0.0, ""popularity_low"": 0.0, ""width_high"": 0.0}}",,,,,,,,
development,paris_bures_02_multi_tight,paris_bures,MULTI_TIGHT,tight,MULTI_TIGHT|POP_ACTIVE|WIDTH_ACTIVE|tight,127,4433,pair_type,"S,P",full,40848.45,44023.2,630.7575027622282,739.8615032400191,197.95561067800614,15.96781242617529,paris_bures:probe_via:pop_width_reference:via148,same_scalar_via_profile_probe,pop_width_reference,42330.0,681.9000029861927,203.95561067800614,15.21781242617529,118,5.00053547523427,length_low|elevation_low|width_high,False,False,,,,,,,,,,,49,0,49,0,0,21241,0.7698448000010103,0.06376749998889863,0.036905200002365746,0.03721219999715686,,0.8708244999870658,,49,0.0,"{""elevation_high"": 0.0, ""elevation_low"": 0.0, ""length_high"": 0.0, ""length_low"": 0.0, ""popularity_low"": 0.0, ""width_high"": 0.0}",,"{""metrics"": {""avg_pop"": 208.11600891152133, ""avg_width"": 14.763912885332363, ""elevation"": 662.0000016912818, ""length"": 43988.0, ""popularity_length"": 9154607.0, ""road_changes"": 123, ""width_length"": 649435.0}, ""normalized_violation_score"": 0.0, ""pair_type"": ""S,P"", ""via_vertex"": 1475, ""violations"": {""elevation_high"": 0.0, ""elevation_low"": 0.0, ""length_high"": 0.0, ""length_low"": 0.0, ""popularity_low"": 0.0, ""width_high"": 0.0}}",,,,,,,,
development,paris_bures_02_multi_tight,paris_bures,MULTI_TIGHT,tight,MULTI_TIGHT|POP_ACTIVE|WIDTH_ACTIVE|tight,127,4433,pair_type,"S,S",full,40848.45,44023.2,630.7575027622282,739.8615032400191,197.95561067800614,15.96781242617529,paris_bures:probe_via:pop_width_reference:via148,same_scalar_via_profile_probe,pop_width_reference,42330.0,681.9000029861927,203.95561067800614,15.21781242617529,118,5.00053547523427,length_low|elevation_low|width_high,False,False,,,,,,,,,,,11,0,11,0,0,21241,0.7698448000010103,0.06495120000909083,0.008184399994206615,0.007642299999133684,,0.8424383000092348,,11,0.0,"{""elevation_high"": 0.0, ""elevation_low"": 0.0, ""length_high"": 0.0, ""length_low"": 0.0, ""popularity_low"": 0.0, ""width_high"": 0.0}",,"{""metrics"": {""avg_pop"": 198.41349241696162, ""avg_width"": 14.881273294109373, ""elevation"": 662.4000014662743, ""length"": 42661.0, ""popularity_length"": 8464518.0, ""road_changes"": 129, ""width_length"": 634850.0}, ""normalized_violation_score"": 0.0, ""pair_type"": ""S,S"", ""via_vertex"": 1475, ""violations"": {""elevation_high"": 0.0, ""elevation_low"": 0.0, ""length_high"": 0.0, ""length_low"": 0.0, ""popularity_low"": 0.0, ""width_high"": 0.0}}",,,,,,,,
development,paris_bures_02_multi_tight,paris_bures,MULTI_TIGHT,tight,MULTI_TIGHT|POP_ACTIVE|WIDTH_ACTIVE|tight,127,4433,union,VIA-UNION-2,full,40848.45,44023.2,630.7575027622282,739.8615032400191,197.95561067800614,15.96781242617529,paris_bures:probe_via:pop_width_reference:via148,same_scalar_via_profile_probe,pop_width_reference,42330.0,681.9000029861927,203.95561067800614,15.21781242617529,118,5.00053547523427,length_low|elevation_low|width_high,False,False,,,,,,,,,,,42,0,42,0,0,42482,0.7698448000010103,0.12930010000127368,0.03122560000338126,0.030491500001517124,,0.9296364000038011,,42,0.0,"{""elevation_high"": 0.0, ""elevation_low"": 0.0, ""length_high"": 0.0, ""length_low"": 0.0, ""popularity_low"": 0.0, ""width_high"": 0.0}",,"{""metrics"": {""avg_pop"": 222.39250507570753, ""avg_width"": 14.997309263472028, ""elevation"": 632.3000023141503, ""length"": 40881.0, ""popularity_length"": 9091628.0, ""road_changes"": 110, ""width_length"": 613105.0}, ""normalized_violation_score"": 0.0, ""pair_type"": ""P,P"", ""via_vertex"": 1489, ""violations"": {""elevation_high"": 0.0, ""elevation_low"": 0.0, ""length_high"": 0.0, ""length_low"": 0.0, ""popularity_low"": 0.0, ""width_high"": 0.0}}","P,P|S,S",0.12930010000127368,0.12811509998573456,0.030491500001517124,0.08698389999335632,42,0,0
development,paris_bures_02_multi_tight,paris_bures,MULTI_TIGHT,tight,MULTI_TIGHT|POP_ACTIVE|WIDTH_ACTIVE|tight,127,4433,union,MIXED-VIA-2,full,40848.45,44023.2,630.7575027622282,739.8615032400191,197.95561067800614,15.96781242617529,paris_bures:probe_via:pop_width_reference:via148,same_scalar_via_profile_probe,pop_width_reference,42330.0,681.9000029861927,203.95561067800614,15.21781242617529,118,5.00053547523427,length_low|elevation_low|width_high,False,False,,,,,,,,,,,160,0,160,0,0,84964,0.7698448000010103,0.25741519998700824,0.11804039998969529,0.11747539999487344,,1.144735399982892,,160,0.0,"{""elevation_high"": 0.0, ""elevation_low"": 0.0, ""length_high"": 0.0, ""length_low"": 0.0, ""popularity_low"": 0.0, ""width_high"": 0.0}",,"{""metrics"": {""avg_pop"": 222.39250507570753, ""avg_width"": 14.997309263472028, ""elevation"": 632.3000023141503, ""length"": 40881.0, ""popularity_length"": 9091628.0, ""road_changes"": 110, ""width_length"": 613105.0}, ""normalized_violation_score"": 0.0, ""pair_type"": ""P,P"", ""via_vertex"": 1489, ""violations"": {""elevation_high"": 0.0, ""elevation_low"": 0.0, ""length_high"": 0.0, ""length_low"": 0.0, ""popularity_low"": 0.0, ""width_high"": 0.0}}","P,P|P,S|S,P|S,S",0.12930010000127368,0.12811509998573456,0.030491500001517124,0.08698389999335632,160,0,0
development,paris_bures_07_l_high_active,paris_bures,L_HIGH_ACTIVE,tight,L_HIGH_ACTIVE|tight,127,4433,pair_type,"P,P",full,37250.4,43091.94,511.4250022396445,920.5650040313601,179.95561067800614,17.51781242617529,paris_bures:probe_via:pop_width_reference:via148,same_scalar_via_profile_probe,pop_width_reference,42330.0,681.9000029861927,203.95561067800614,15.21781242617529,118,2.101740294511379,length_low|elevation_low,True,True,38887.0,587.10000243783,222.92743076092268,15.485637873839586,108,1521,"P,P",True,0,True,2082,824,1258,0,0,21241,0.77484130000812,0.06396709999535233,0.02428140000847634,1.5713601999887032,0.8630898000119487,2.4101685999921756,28,2082,0.0,{},,"{""metrics"": {""avg_pop"": 217.42279376613442, ""avg_width"": 16.64726551295535, ""elevation"": 665.2000021785498, ""length"": 41836.0, ""popularity_length"": 9096100.0, ""road_changes"": 101, ""width_length"": 696455.0}, ""normalized_violation_score"": 0.0, ""pair_type"": ""P,P"", ""profile_exact_deltas"": {""avg_pop"": 0.0, ""avg_width"": 0.0, ""elevation"": 0.0, ""length"": 0.0, ""popularity_length"": 0.0, ""road_changes"": 0.0, ""width_length"": 0.0}, ""profile_metrics"": {""avg_pop"": 217.42279376613442, ""avg_width"": 16.64726551295535, ""elevation"": 665.2000021785498, ""length"": 41836.0, ""popularity_length"": 9096100.0, ""road_changes"": 101, ""width_length"": 696455.0}, ""via_vertex"": 148, ""violations"": {""elevation_high"": 0.0, ""elevation_low"": 0.0, ""length_high"": 0.0, ""length_low"": 0.0, ""popularity_low"": 0.0, ""width_high"": 0.0}}",,,,,,,,
development,paris_bures_07_l_high_active,paris_bures,L_HIGH_ACTIVE,tight,L_HIGH_ACTIVE|tight,127,4433,pair_type,"P,S",full,37250.4,43091.94,511.4250022396445,920.5650040313601,179.95561067800614,17.51781242617529,paris_bures:probe_via:pop_width_reference:via148,same_scalar_via_profile_probe,pop_width_reference,42330.0,681.9000029861927,203.95561067800614,15.21781242617529,118,2.101740294511379,length_low|elevation_low,True,True,38177.0,586.0000020042062,213.45485501741885,15.817507923618933,116,14594,"P,S",True,0,True,1969,759,1210,0,0,21241,0.77484130000812,0.05761559998791199,0.07571580000512768,1.284816100000171,0.9081727000011597,2.117272999996203,112,1969,0.0,{},,"{""metrics"": {""avg_pop"": 210.8518652924953, ""avg_width"": 16.76065708617603, ""elevation"": 599.700001001358, ""length"": 41334.0, ""popularity_length"": 8715351.0, ""road_changes"": 103, ""width_length"": 692785.0}, ""normalized_violation_score"": 0.0, ""pair_type"": ""P,S"", ""profile_exact_deltas"": {""avg_pop"": 0.0, ""avg_width"": 0.0, ""elevation"": 0.0, ""length"": 0.0, ""popularity_length"": 0.0, ""road_changes"": 0.0, ""width_length"": 0.0}, ""profile_metrics"": {""avg_pop"": 210.8518652924953, ""avg_width"": 16.76065708617603, ""elevation"": 599.700001001358, ""length"": 41334.0, ""popularity_length"": 8715351.0, ""road_changes"": 103, ""width_length"": 692785.0}, ""via_vertex"": 475, ""violations"": {""elevation_high"": 0.0, ""elevation_low"": 0.0, ""length_high"": 0.0, ""length_low"": 0.0, ""popularity_low"": 0.0, ""width_high"": 0.0}}",,,,,,,,
development,paris_bures_07_l_high_active,paris_bures,L_HIGH_ACTIVE,tight,L_HIGH_ACTIVE|tight,127,4433,pair_type,"S,P",full,37250.4,43091.94,511.4250022396445,920.5650040313601,179.95561067800614,17.51781242617529,paris_bures:probe_via:pop_width_reference:via148,same_scalar_via_profile_probe,pop_width_reference,42330.0,681.9000029861927,203.95561067800614,15.21781242617529,118,2.101740294511379,length_low|elevation_low,True,True,40641.0,604.6000030264258,199.4270564208558,13.675598533500652,126,13338,"S,P",True,0,True,2728,1024,1704,0,0,21241,0.77484130000812,0.06587900000158697,0.022177799997734837,2.003978000007919,0.8628981000074418,2.844698300017626,22,2728,0.0,{},,"{""metrics"": {""avg_pop"": 202.1540387779924, ""avg_width"": 16.13650998068255, ""elevation"": 668.0000023841858, ""length"": 41931.0, ""popularity_length"": 8476521.0, ""road_changes"": 110, ""width_length"": 676620.0}, ""normalized_violation_score"": 0.0, ""pair_type"": ""S,P"", ""profile_exact_deltas"": {""avg_pop"": 0.0, ""avg_width"": 0.0, ""elevation"": 0.0, ""length"": 0.0, ""popularity_length"": 0.0, ""road_changes"": 0.0, ""width_length"": 0.0}, ""profile_metrics"": {""avg_pop"": 202.1540387779924, ""avg_width"": 16.13650998068255, ""elevation"": 668.0000023841858, ""length"": 41931.0, ""popularity_length"": 8476521.0, ""road_changes"": 110, ""width_length"": 676620.0}, ""via_vertex"": 148, ""violations"": {""elevation_high"": 0.0, ""elevation_low"": 0.0, ""length_high"": 0.0, ""length_low"": 0.0, ""popularity_low"": 0.0, ""width_high"": 0.0}}",,,,,,,,
development,paris_bures_07_l_high_active,paris_bures,L_HIGH_ACTIVE,tight,L_HIGH_ACTIVE|tight,127,4433,pair_type,"S,S",full,37250.4,43091.94,511.4250022396445,920.5650040313601,179.95561067800614,17.51781242617529,paris_bures:probe_via:pop_width_reference:via148,same_scalar_via_profile_probe,pop_width_reference,42330.0,681.9000029861927,203.95561067800614,15.21781242617529,118,2.101740294511379,length_low|elevation_low,True,True,41316.0,650.2000051438808,195.58197792622713,15.075273501791074,127,11387,"S,S",True,0,True,2279,859,1420,0,0,21241,0.77484130000812,0.06559939999715425,0.02102309999463614,1.6138913000031607,0.8614637999999104,2.454332000008435,22,2279,0.0,{},,"{""metrics"": {""avg_pop"": 185.7109752992106, ""avg_width"": 13.716959511077158, ""elevation"": 590.9000016227365, ""length"": 39270.0, ""popularity_length"": 7292870.0, ""road_changes"": 136, ""width_length"": 538665.0}, ""normalized_violation_score"": 0.0, ""pair_type"": ""S,S"", ""profile_exact_deltas"": {""avg_pop"": 0.0, ""avg_width"": 0.0, ""elevation"": 0.0, ""length"": 0.0, ""popularity_length"": 0.0, ""road_changes"": 0.0, ""width_length"": 0.0}, ""profile_metrics"": {""avg_pop"": 185.7109752992106, ""avg_width"": 13.716959511077158, ""elevation"": 590.9000016227365, ""length"": 39270.0, ""popularity_length"": 7292870.0, ""road_changes"": 136, ""width_length"": 538665.0}, ""via_vertex"": 247, ""violations"": {""elevation_high"": 0.0, ""elevation_low"": 0.0, ""length_high"": 0.0, ""length_low"": 0.0, ""popularity_low"": 0.0, ""width_high"": 0.0}}",,,,,,,,
development,paris_bures_07_l_high_active,paris_bures,L_HIGH_ACTIVE,tight,L_HIGH_ACTIVE|tight,127,4433,union,VIA-UNION-2,full,37250.4,43091.94,511.4250022396445,920.5650040313601,179.95561067800614,17.51781242617529,paris_bures:probe_via:pop_width_reference:via148,same_scalar_via_profile_probe,pop_width_reference,42330.0,681.9000029861927,203.95561067800614,15.21781242617529,118,2.101740294511379,length_low|elevation_low,True,True,41316.0,650.2000051438808,195.58197792622713,15.075273501791074,127,11387,"S,S",True,0,True,4361,468,2678,0,0,42482,0.77484130000812,0.12956649999250658,0.03572899999562651,3.185251499991864,0.9401367999962531,4.089659299992491,22,4361,0.0,{},,"{""metrics"": {""avg_pop"": 217.42279376613442, ""avg_width"": 16.64726551295535, ""elevation"": 665.2000021785498, ""length"": 41836.0, ""popularity_length"": 9096100.0, ""road_changes"": 101, ""width_length"": 696455.0}, ""normalized_violation_score"": 0.0, ""pair_type"": ""P,P"", ""profile_exact_deltas"": {""avg_pop"": 0.0, ""avg_width"": 0.0, ""elevation"": 0.0, ""length"": 0.0, ""popularity_length"": 0.0, ""road_changes"": 0.0, ""width_length"": 0.0}, ""profile_metrics"": {""avg_pop"": 217.42279376613442, ""avg_width"": 16.64726551295535, ""elevation"": 665.2000021785498, ""length"": 41836.0, ""popularity_length"": 9096100.0, ""road_changes"": 101, ""width_length"": 696455.0}, ""via_vertex"": 148, ""violations"": {""elevation_high"": 0.0, ""elevation_low"": 0.0, ""length_high"": 0.0, ""length_low"": 0.0, ""popularity_low"": 0.0, ""width_high"": 0.0}}","P,P|S,S",0.12956649999250658,0.12349459998949897,3.185251499991864,3.28879410000809,21,0,0
development,paris_bures_07_l_high_active,paris_bures,L_HIGH_ACTIVE,tight,L_HIGH_ACTIVE|tight,127,4433,union,MIXED-VIA-2,full,37250.4,43091.94,511.4250022396445,920.5650040313601,179.95561067800614,17.51781242617529,paris_bures:probe_via:pop_width_reference:via148,same_scalar_via_profile_probe,pop_width_reference,42330.0,681.9000029861927,203.95561067800614,15.21781242617529,118,2.101740294511379,length_low|elevation_low,True,True,40641.0,604.6000030264258,199.4270564208558,13.675598533500652,126,13338,"S,P",True,0,True,9058,977,5592,0,0,84964,0.77484130000812,0.25306109998200554,0.034070299996528774,6.474045599999954,1.0619726999866543,7.5019479999900796,22,9058,0.0,{},,"{""metrics"": {""avg_pop"": 217.42279376613442, ""avg_width"": 16.64726551295535, ""elevation"": 665.2000021785498, ""length"": 41836.0, ""popularity_length"": 9096100.0, ""road_changes"": 101, ""width_length"": 696455.0}, ""normalized_violation_score"": 0.0, ""pair_type"": ""P,P"", ""profile_exact_deltas"": {""avg_pop"": 0.0, ""avg_width"": 0.0, ""elevation"": 0.0, ""length"": 0.0, ""popularity_length"": 0.0, ""road_changes"": 0.0, ""width_length"": 0.0}, ""profile_metrics"": {""avg_pop"": 217.42279376613442, ""avg_width"": 16.64726551295535, ""elevation"": 665.2000021785498, ""length"": 41836.0, ""popularity_length"": 9096100.0, ""road_changes"": 101, ""width_length"": 696455.0}, ""via_vertex"": 148, ""violations"": {""elevation_high"": 0.0, ""elevation_low"": 0.0, ""length_high"": 0.0, ""length_low"": 0.0, ""popularity_low"": 0.0, ""width_high"": 0.0}}","P,P|P,S|S,P|S,S",0.12956649999250658,0.12349459998949897,3.185251499991864,3.28879410000809,21,0,0
development,paris_bures_05_quality_conflict,paris_bures,QUALITY_CONFLICT,tight,QUALITY_CONFLICT|POP_ACTIVE|WIDTH_ACTIVE|tight,127,4433,pair_type,"P,P",full,38943.6,47832.9,559.158002448678,872.8320038223267,199.95561067800614,15.76781242617529,paris_bures:probe_via:pop_width_reference:via148,same_scalar_via_profile_probe,pop_width_reference,42330.0,681.9000029861927,203.95561067800614,15.21781242617529,118,1.5716198125836673,length_low|elevation_low|width_high,True,True,43954.0,613.600001335144,222.17363607407745,14.935500750784911,115,1900,"P,P",True,0,True,1037,206,831,0,0,21241,0.7605407999944873,0.06489859998691827,0.0671456000127364,0.8103368999873055,0.892584999994142,1.635776299968711,87,1037,0.0,{},,"{""metrics"": {""avg_pop"": 219.30542101755165, ""avg_width"": 15.315485447678293, ""elevation"": 588.2000030204654, ""length"": 45010.0, ""popularity_length"": 9870937.0, ""road_changes"": 128, ""width_length"": 689350.0}, ""normalized_violation_score"": 0.0, ""pair_type"": ""P,P"", ""profile_exact_deltas"": {""avg_pop"": 0.0, ""avg_width"": 0.0, ""elevation"": 0.0, ""length"": 0.0, ""popularity_length"": 0.0, ""road_changes"": 0.0, ""width_length"": 0.0}, ""profile_metrics"": {""avg_pop"": 219.30542101755165, ""avg_width"": 15.315485447678293, ""elevation"": 588.2000030204654, ""length"": 45010.0, ""popularity_length"": 9870937.0, ""road_changes"": 128, ""width_length"": 689350.0}, ""via_vertex"": 852, ""violations"": {""elevation_high"": 0.0, ""elevation_low"": 0.0, ""length_high"": 0.0, ""length_low"": 0.0, ""popularity_low"": 0.0, ""width_high"": 0.0}}",,,,,,,,
development,paris_bures_05_quality_conflict,paris_bures,QUALITY_CONFLICT,tight,QUALITY_CONFLICT|POP_ACTIVE|WIDTH_ACTIVE|tight,127,4433,pair_type,"P,S",full,38943.6,47832.9,559.158002448678,872.8320038223267,199.95561067800614,15.76781242617529,paris_bures:probe_via:pop_width_reference:via148,same_scalar_via_profile_probe,pop_width_reference,42330.0,681.9000029861927,203.95561067800614,15.21781242617529,118,1.5716198125836673,length_low|elevation_low|width_high,True,True,46133.0,579.6000030562282,205.53551687512194,15.125506687187046,150,15165,"P,S",True,0,True,523,130,393,0,0,21241,0.7605407999944873,0.06715550000080839,0.10597550000238698,0.4079377000016393,0.9336717999976827,1.235633999996935,137,523,0.0,{},,"{""metrics"": {""avg_pop"": 207.6497939699624, ""avg_width"": 15.080272905361284, ""elevation"": 574.6000029891729, ""length"": 44411.0, ""popularity_length"": 9221935.0, ""road_changes"": 137, ""width_length"": 669730.0}, ""normalized_violation_score"": 0.0, ""pair_type"": ""P,S"", ""profile_exact_deltas"": {""avg_pop"": 0.0, ""avg_width"": 0.0, ""elevation"": 0.0, ""length"": 0.0, ""popularity_length"": 0.0, ""road_changes"": 0.0, ""width_length"": 0.0}, ""profile_metrics"": {""avg_pop"": 207.6497939699624, ""avg_width"": 15.080272905361284, ""elevation"": 574.6000029891729, ""length"": 44411.0, ""popularity_length"": 9221935.0, ""road_changes"": 137, ""width_length"": 669730.0}, ""via_vertex"": 852, ""violations"": {""elevation_high"": 0.0, ""elevation_low"": 0.0, ""length_high"": 0.0, ""length_low"": 0.0, ""popularity_low"": 0.0, ""width_high"": 0.0}}",,,,,,,,
development,paris_bures_05_quality_conflict,paris_bures,QUALITY_CONFLICT,tight,QUALITY_CONFLICT|POP_ACTIVE|WIDTH_ACTIVE|tight,127,4433,pair_type,"S,P",full,38943.6,47832.9,559.158002448678,872.8320038223267,199.95561067800614,15.76781242617529,paris_bures:probe_via:pop_width_reference:via148,same_scalar_via_profile_probe,pop_width_reference,42330.0,681.9000029861927,203.95561067800614,15.21781242617529,118,1.5716198125836673,length_low|elevation_low|width_high,True,True,43865.0,599.8000007718801,208.79997720278126,14.662829134845548,121,1900,"S,P",True,0,True,967,283,684,0,0,21241,0.7605407999944873,0.06472159999248106,0.03930650000984315,0.7121071000001393,0.8645688999968115,1.5373694999871077,51,967,0.0,{},,"{""metrics"": {""avg_pop"": 207.89133869932348, ""avg_width"": 13.715865883166263, ""elevation"": 579.000002630055, ""length"": 40502.0, ""popularity_length"": 8420015.0, ""road_changes"": 127, ""width_length"": 555520.0}, ""normalized_violation_score"": 0.0, ""pair_type"": ""S,P"", ""profile_exact_deltas"": {""avg_pop"": 0.0, ""avg_width"": 0.0, ""elevation"": 0.0, ""length"": 0.0, ""popularity_length"": 0.0, ""road_changes"": 0.0, ""width_length"": 0.0}, ""profile_metrics"": {""avg_pop"": 207.89133869932348, ""avg_width"": 13.715865883166263, ""elevation"": 579.000002630055, ""length"": 40502.0, ""popularity_length"": 8420015.0, ""road_changes"": 127, ""width_length"": 555520.0}, ""via_vertex"": 151, ""violations"": {""elevation_high"": 0.0, ""elevation_low"": 0.0, ""length_high"": 0.0, ""length_low"": 0.0, ""popularity_low"": 0.0, ""width_high"": 0.0}}",,,,,,,,
development,paris_bures_05_quality_conflict,paris_bures,QUALITY_CONFLICT,tight,QUALITY_CONFLICT|POP_ACTIVE|WIDTH_ACTIVE|tight,127,4433,pair_type,"S,S",full,38943.6,47832.9,559.158002448678,872.8320038223267,199.95561067800614,15.76781242617529,paris_bures:probe_via:pop_width_reference:via148,same_scalar_via_profile_probe,pop_width_reference,42330.0,681.9000029861927,203.95561067800614,15.21781242617529,118,1.5716198125836673,length_low|elevation_low|width_high,False,False,,,,,,,,,,,23,0,23,0,0,21241,0.7605407999944873,0.0656514000002062,0.01788269999087788,0.016184899999643676,,0.8423770999943372,,23,0.0,"{""elevation_high"": 0.0, ""elevation_low"": 0.0, ""length_high"": 0.0, ""length_low"": 0.0, ""popularity_low"": 0.0, ""width_high"": 0.0}",,"{""metrics"": {""avg_pop"": 202.9544590390598, ""avg_width"": 15.023764258555133, ""elevation"": 609.7000033184886, ""length"": 46288.0, ""popularity_length"": 9394356.0, ""road_changes"": 140, ""width_length"": 695420.0}, ""normalized_violation_score"": 0.0, ""pair_type"": ""S,S"", ""via_vertex"": 5950, ""violations"": {""elevation_high"": 0.0, ""elevation_low"": 0.0, ""length_high"": 0.0, ""length_low"": 0.0, ""popularity_low"": 0.0, ""width_high"": 0.0}}",,,,,,,,
development,paris_bures_05_quality_conflict,paris_bures,QUALITY_CONFLICT,tight,QUALITY_CONFLICT|POP_ACTIVE|WIDTH_ACTIVE|tight,127,4433,union,VIA-UNION-2,full,38943.6,47832.9,559.158002448678,872.8320038223267,199.95561067800614,15.76781242617529,paris_bures:probe_via:pop_width_reference:via148,same_scalar_via_profile_probe,pop_width_reference,42330.0,681.9000029861927,203.95561067800614,15.21781242617529,118,1.5716198125836673,length_low|elevation_low|width_high,True,True,43954.0,613.600001335144,222.17363607407745,14.935500750784911,115,1900,"P,P",True,0,True,1060,51,854,0,0,42482,0.7605407999944873,0.13054999998712447,0.06526160000066739,0.8265217999869492,0.9563523999822792,1.717612599968561,87,1060,0.0,{},,"{""metrics"": {""avg_pop"": 219.30542101755165, ""avg_width"": 15.315485447678293, ""elevation"": 588.2000030204654, ""length"": 45010.0, ""popularity_length"": 9870937.0, ""road_changes"": 128, ""width_length"": 689350.0}, ""normalized_violation_score"": 0.0, ""pair_type"": ""P,P"", ""profile_exact_deltas"": {""avg_pop"": 0.0, ""avg_width"": 0.0, ""elevation"": 0.0, ""length"": 0.0, ""popularity_length"": 0.0, ""road_changes"": 0.0, ""width_length"": 0.0}, ""profile_metrics"": {""avg_pop"": 219.30542101755165, ""avg_width"": 15.315485447678293, ""elevation"": 588.2000030204654, ""length"": 45010.0, ""popularity_length"": 9870937.0, ""road_changes"": 128, ""width_length"": 689350.0}, ""via_vertex"": 852, ""violations"": {""elevation_high"": 0.0, ""elevation_low"": 0.0, ""length_high"": 0.0, ""length_low"": 0.0, ""popularity_low"": 0.0, ""width_high"": 0.0}}","P,P|S,S",0.13054999998712447,0.13187709999328945,0.8265217999869492,1.1200448000017786,86,0,0
development,paris_bures_05_quality_conflict,paris_bures,QUALITY_CONFLICT,tight,QUALITY_CONFLICT|POP_ACTIVE|WIDTH_ACTIVE|tight,127,4433,union,MIXED-VIA-2,full,38943.6,47832.9,559.158002448678,872.8320038223267,199.95561067800614,15.76781242617529,paris_bures:probe_via:pop_width_reference:via148,same_scalar_via_profile_probe,pop_width_reference,42330.0,681.9000029861927,203.95561067800614,15.21781242617529,118,1.5716198125836673,length_low|elevation_low|width_high,True,True,43865.0,599.8000007718801,208.79997720278126,14.662829134845548,121,1900,"S,P",True,0,True,2550,148,1931,0,0,84964,0.7605407999944873,0.2624270999804139,0.09402629999385681,1.9465665999887278,1.116994199968758,2.969534499963629,117,2550,0.0,{},,"{""metrics"": {""avg_pop"": 219.30542101755165, ""avg_width"": 15.315485447678293, ""elevation"": 588.2000030204654, ""length"": 45010.0, ""popularity_length"": 9870937.0, ""road_changes"": 128, ""width_length"": 689350.0}, ""normalized_violation_score"": 0.0, ""pair_type"": ""P,P"", ""profile_exact_deltas"": {""avg_pop"": 0.0, ""avg_width"": 0.0, ""elevation"": 0.0, ""length"": 0.0, ""popularity_length"": 0.0, ""road_changes"": 0.0, ""width_length"": 0.0}, ""profile_metrics"": {""avg_pop"": 219.30542101755165, ""avg_width"": 15.315485447678293, ""elevation"": 588.2000030204654, ""length"": 45010.0, ""popularity_length"": 9870937.0, ""road_changes"": 128, ""width_length"": 689350.0}, ""via_vertex"": 852, ""violations"": {""elevation_high"": 0.0, ""elevation_low"": 0.0, ""length_high"": 0.0, ""length_low"": 0.0, ""popularity_low"": 0.0, ""width_high"": 0.0}}","P,P|P,S|S,P|S,S",0.13054999998712447,0.13187709999328945,0.8265217999869492,1.1200448000017786,116,0,0
development,anchor_west_east_08_loose,anchor_west_east,LOOSE_CONTROL,loose,loose,5495,9171,pair_type,"P,P",full,29184.1,38685.9,282.3799975529313,524.4199954554439,144.27228525121555,15.904302342714011,anchor_west_east:probe_direct:slope_exp_beta_150_width,direct_scalar_path,slope_exp_beta_150_width,33935.0,403.3999965041876,179.27228525121555,12.404302342714011,120,0.5564369432984038,length_low|elevation_low|width_high,True,True,34610.0,364.9999971985817,188.3176827506501,12.614995665992488,120,4706,"P,P",True,0,True,4323,1867,2456,0,0,21241,0.7608571000018856,0.06805949998670258,0.009792099997866899,2.8459291999897687,0.838708699986455,3.674845799978357,2,4323,0.0,{},,"{""metrics"": {""avg_pop"": 193.10194665491588, ""avg_width"": 12.963529381269602, ""elevation"": 331.4999976158142, ""length"": 38579.0, ""popularity_length"": 7449680.0, ""road_changes"": 120, ""width_length"": 500120.0}, ""normalized_violation_score"": 0.0, ""pair_type"": ""P,P"", ""profile_exact_deltas"": {""avg_pop"": 0.0, ""avg_width"": 0.0, ""elevation"": 0.0, ""length"": 0.0, ""popularity_length"": 0.0, ""road_changes"": 0.0, ""width_length"": 0.0}, ""profile_metrics"": {""avg_pop"": 193.10194665491588, ""avg_width"": 12.963529381269602, ""elevation"": 331.4999976158142, ""length"": 38579.0, ""popularity_length"": 7449680.0, ""road_changes"": 120, ""width_length"": 500120.0}, ""via_vertex"": 2, ""violations"": {""elevation_high"": 0.0, ""elevation_low"": 0.0, ""length_high"": 0.0, ""length_low"": 0.0, ""popularity_low"": 0.0, ""width_high"": 0.0}}",,,,,,,,
development,anchor_west_east_08_loose,anchor_west_east,LOOSE_CONTROL,loose,loose,5495,9171,pair_type,"P,S",full,29184.1,38685.9,282.3799975529313,524.4199954554439,144.27228525121555,15.904302342714011,anchor_west_east:probe_direct:slope_exp_beta_150_width,direct_scalar_path,slope_exp_beta_150_width,33935.0,403.3999965041876,179.27228525121555,12.404302342714011,120,0.5564369432984038,length_low|elevation_low|width_high,True,True,35709.0,365.09999725967646,184.69226245484333,12.22212887507351,127,365,"P,S",True,0,True,8822,4133,4689,0,0,21241,0.7608571000018856,0.07660570000007283,0.030622699996456504,5.799050800007535,0.8680854999984149,6.6365136000094935,21,8822,0.0,{},,"{""metrics"": {""avg_pop"": 189.57183657278858, ""avg_width"": 12.899114108158138, ""elevation"": 331.199997715652, ""length"": 37815.0, ""popularity_length"": 7168659.0, ""road_changes"": 116, ""width_length"": 487780.0}, ""normalized_violation_score"": 0.0, ""pair_type"": ""P,S"", ""profile_exact_deltas"": {""avg_pop"": 0.0, ""avg_width"": 0.0, ""elevation"": 0.0, ""length"": 0.0, ""popularity_length"": 0.0, ""road_changes"": 0.0, ""width_length"": 0.0}, ""profile_metrics"": {""avg_pop"": 189.57183657278858, ""avg_width"": 12.899114108158138, ""elevation"": 331.199997715652, ""length"": 37815.0, ""popularity_length"": 7168659.0, ""road_changes"": 116, ""width_length"": 487780.0}, ""via_vertex"": 2, ""violations"": {""elevation_high"": 0.0, ""elevation_low"": 0.0, ""length_high"": 0.0, ""length_low"": 0.0, ""popularity_low"": 0.0, ""width_high"": 0.0}}",,,,,,,,
development,anchor_west_east_08_loose,anchor_west_east,LOOSE_CONTROL,loose,loose,5495,9171,pair_type,"S,P",full,29184.1,38685.9,282.3799975529313,524.4199954554439,144.27228525121555,15.904302342714011,anchor_west_east:probe_direct:slope_exp_beta_150_width,direct_scalar_path,slope_exp_beta_150_width,33935.0,403.3999965041876,179.27228525121555,12.404302342714011,120,0.5564369432984038,length_low|elevation_low|width_high,True,True,32035.0,372.4999982267618,177.79425628219136,13.55923208990167,123,13063,"S,P",True,0,True,5892,2668,3224,0,0,21241,0.7608571000018856,0.06648519998998381,0.017821100002038293,3.5296684999921126,0.8451633999939077,4.357010799983982,10,5892,0.0,{},,"{""metrics"": {""avg_pop"": 178.93781355734453, ""avg_width"": 13.961906428654766, ""elevation"": 305.7999981716275, ""length"": 34284.0, ""popularity_length"": 6134704.0, ""road_changes"": 124, ""width_length"": 478670.0}, ""normalized_violation_score"": 0.0, ""pair_type"": ""S,P"", ""profile_exact_deltas"": {""avg_pop"": 0.0, ""avg_width"": 0.0, ""elevation"": 0.0, ""length"": 0.0, ""popularity_length"": 0.0, ""road_changes"": 0.0, ""width_length"": 0.0}, ""profile_metrics"": {""avg_pop"": 178.93781355734453, ""avg_width"": 13.961906428654766, ""elevation"": 305.7999981716275, ""length"": 34284.0, ""popularity_length"": 6134704.0, ""road_changes"": 124, ""width_length"": 478670.0}, ""via_vertex"": 2, ""violations"": {""elevation_high"": 0.0, ""elevation_low"": 0.0, ""length_high"": 0.0, ""length_low"": 0.0, ""popularity_low"": 0.0, ""width_high"": 0.0}}",,,,,,,,
development,anchor_west_east_08_loose,anchor_west_east,LOOSE_CONTROL,loose,loose,5495,9171,pair_type,"S,S",full,29184.1,38685.9,282.3799975529313,524.4199954554439,144.27228525121555,15.904302342714011,anchor_west_east:probe_direct:slope_exp_beta_150_width,direct_scalar_path,slope_exp_beta_150_width,33935.0,403.3999965041876,179.27228525121555,12.404302342714011,120,0.5564369432984038,length_low|elevation_low|width_high,True,True,34720.0,396.09999691694975,178.69305875576038,12.571716589861751,124,6322,"S,S",True,0,True,9695,4548,5147,0,0,21241,0.7608571000018856,0.07199880000553094,0.03700939999544062,6.134372600005008,0.8698653000028571,6.967228500012425,26,9695,0.0,{},,"{""metrics"": {""avg_pop"": 174.6325477326969, ""avg_width"": 13.911992840095465, ""elevation"": 305.4999982714653, ""length"": 33520.0, ""popularity_length"": 5853683.0, ""road_changes"": 120, ""width_length"": 466330.0}, ""normalized_violation_score"": 0.0, ""pair_type"": ""S,S"", ""profile_exact_deltas"": {""avg_pop"": 0.0, ""avg_width"": 0.0, ""elevation"": 0.0, ""length"": 0.0, ""popularity_length"": 0.0, ""road_changes"": 0.0, ""width_length"": 0.0}, ""profile_metrics"": {""avg_pop"": 174.6325477326969, ""avg_width"": 13.911992840095465, ""elevation"": 305.4999982714653, ""length"": 33520.0, ""popularity_length"": 5853683.0, ""road_changes"": 120, ""width_length"": 466330.0}, ""via_vertex"": 2, ""violations"": {""elevation_high"": 0.0, ""elevation_low"": 0.0, ""length_high"": 0.0, ""length_low"": 0.0, ""popularity_low"": 0.0, ""width_high"": 0.0}}",,,,,,,,
development,anchor_west_east_08_loose,anchor_west_east,LOOSE_CONTROL,loose,loose,5495,9171,union,VIA-UNION-2,full,29184.1,38685.9,282.3799975529313,524.4199954554439,144.27228525121555,15.904302342714011,anchor_west_east:probe_direct:slope_exp_beta_150_width,direct_scalar_path,slope_exp_beta_150_width,33935.0,403.3999965041876,179.27228525121555,12.404302342714011,120,0.5564369432984038,length_low|elevation_low|width_high,True,True,34720.0,396.09999691694975,178.69305875576038,12.571716589861751,124,6322,"S,S",True,0,True,14018,1700,7603,0,0,42482,0.7608571000018856,0.14005829999223351,0.04584469999826979,8.980301799994777,0.9467600999923889,9.881217199988896,26,14018,0.0,{},,"{""metrics"": {""avg_pop"": 193.10194665491588, ""avg_width"": 12.963529381269602, ""elevation"": 331.4999976158142, ""length"": 38579.0, ""popularity_length"": 7449680.0, ""road_changes"": 120, ""width_length"": 500120.0}, ""normalized_violation_score"": 0.0, ""pair_type"": ""P,P"", ""profile_exact_deltas"": {""avg_pop"": 0.0, ""avg_width"": 0.0, ""elevation"": 0.0, ""length"": 0.0, ""popularity_length"": 0.0, ""road_changes"": 0.0, ""width_length"": 0.0}, ""profile_metrics"": {""avg_pop"": 193.10194665491588, ""avg_width"": 12.963529381269602, ""elevation"": 331.4999976158142, ""length"": 38579.0, ""popularity_length"": 7449680.0, ""road_changes"": 120, ""width_length"": 500120.0}, ""via_vertex"": 2, ""violations"": {""elevation_high"": 0.0, ""elevation_low"": 0.0, ""length_high"": 0.0, ""length_low"": 0.0, ""popularity_low"": 0.0, ""width_high"": 0.0}}","P,P|S,S",0.14005829999223351,0.14309089999005664,8.980301799994777,9.328719299999648,25,0,0
development,anchor_west_east_08_loose,anchor_west_east,LOOSE_CONTROL,loose,loose,5495,9171,union,MIXED-VIA-2,full,29184.1,38685.9,282.3799975529313,524.4199954554439,144.27228525121555,15.904302342714011,anchor_west_east:probe_direct:slope_exp_beta_150_width,direct_scalar_path,slope_exp_beta_150_width,33935.0,403.3999965041876,179.27228525121555,12.404302342714011,120,0.5564369432984038,length_low|elevation_low|width_high,True,True,35709.0,365.09999725967646,184.69226245484333,12.22212887507351,127,365,"P,S",True,0,True,28732,3449,15516,0,0,84964,0.7608571000018856,0.28314919998229016,0.09863190000760369,18.309021099994425,1.1426381999917794,19.3530273999786,27,28732,0.0,{},,"{""metrics"": {""avg_pop"": 193.10194665491588, ""avg_width"": 12.963529381269602, ""elevation"": 331.4999976158142, ""length"": 38579.0, ""popularity_length"": 7449680.0, ""road_changes"": 120, ""width_length"": 500120.0}, ""normalized_violation_score"": 0.0, ""pair_type"": ""P,P"", ""profile_exact_deltas"": {""avg_pop"": 0.0, ""avg_width"": 0.0, ""elevation"": 0.0, ""length"": 0.0, ""popularity_length"": 0.0, ""road_changes"": 0.0, ""width_length"": 0.0}, ""profile_metrics"": {""avg_pop"": 193.10194665491588, ""avg_width"": 12.963529381269602, ""elevation"": 331.4999976158142, ""length"": 38579.0, ""popularity_length"": 7449680.0, ""road_changes"": 120, ""width_length"": 500120.0}, ""via_vertex"": 2, ""violations"": {""elevation_high"": 0.0, ""elevation_low"": 0.0, ""length_high"": 0.0, ""length_low"": 0.0, ""popularity_low"": 0.0, ""width_high"": 0.0}}","P,P|P,S|S,P|S,S",0.14005829999223351,0.14309089999005664,8.980301799994777,9.328719299999648,26,0,0
development,anchor_west_east_01_l_low_h_low,anchor_west_east,L_LOW_AND_H_LOW,tight,L_LOW_ACTIVE|H_LOW_ACTIVE|L_LOW_AND_H_LOW|tight,5495,9171,pair_type,"P,P",full,33595.65,37328.5,396.1387965671122,500.2159956651926,154.27228525121555,14.60430234271401,anchor_west_east:probe_direct:slope_exp_beta_150_width,direct_scalar_path,slope_exp_beta_150_width,33935.0,403.3999965041876,179.27228525121555,12.404302342714011,120,2.3870626588334964,length_low|elevation_low|width_high,True,True,36059.0,438.09999660402536,181.44818214592752,13.363931334756925,130,4720,"P,P",True,0,True,373,98,275,0,0,21241,0.757096500004991,0.06481640000129119,0.013101999997161329,0.2687679999944521,0.8350149000034435,1.0906809000007343,18,373,0.0,{},,"{""metrics"": {""avg_pop"": 188.8855244948796, ""avg_width"": 13.60752836977581, ""elevation"": 421.50000040978193, ""length"": 36130.0, ""popularity_length"": 6824434.0, ""road_changes"": 125, ""width_length"": 491640.0}, ""normalized_violation_score"": 0.0, ""pair_type"": ""P,P"", ""profile_exact_deltas"": {""avg_pop"": 0.0, ""avg_width"": 0.0, ""elevation"": 0.0, ""length"": 0.0, ""popularity_length"": 0.0, ""road_changes"": 0.0, ""width_length"": 0.0}, ""profile_metrics"": {""avg_pop"": 188.8855244948796, ""avg_width"": 13.60752836977581, ""elevation"": 421.50000040978193, ""length"": 36130.0, ""popularity_length"": 6824434.0, ""road_changes"": 125, ""width_length"": 491640.0}, ""via_vertex"": 244, ""violations"": {""elevation_high"": 0.0, ""elevation_low"": 0.0, ""length_high"": 0.0, ""length_low"": 0.0, ""popularity_low"": 0.0, ""width_high"": 0.0}}",,,,,,,,
development,anchor_west_east_01_l_low_h_low,anchor_west_east,L_LOW_AND_H_LOW,tight,L_LOW_ACTIVE|H_LOW_ACTIVE|L_LOW_AND_H_LOW|tight,5495,9171,pair_type,"P,S",full,33595.65,37328.5,396.1387965671122,500.2159956651926,154.27228525121555,14.60430234271401,anchor_west_east:probe_direct:slope_exp_beta_150_width,direct_scalar_path,slope_exp_beta_150_width,33935.0,403.3999965041876,179.27228525121555,12.404302342714011,120,2.3870626588334964,length_low|elevation_low|width_high,True,True,36105.0,426.89999598264694,176.12693532751697,12.625813599224484,136,13024,"P,S",True,0,True,2432,995,1437,0,0,21241,0.757096500004991,0.06745259999297559,0.011548800001037307,1.73618889998761,0.8360978999990039,2.5607379999855766,10,2432,0.0,{},,"{""metrics"": {""avg_pop"": 177.40655646617586, ""avg_width"": 13.532573968606751, ""elevation"": 438.9999993368983, ""length"": 35995.0, ""popularity_length"": 6385749.0, ""road_changes"": 130, ""width_length"": 487105.0}, ""normalized_violation_score"": 0.0, ""pair_type"": ""P,S"", ""profile_exact_deltas"": {""avg_pop"": 0.0, ""avg_width"": 0.0, ""elevation"": 0.0, ""length"": 0.0, ""popularity_length"": 0.0, ""road_changes"": 0.0, ""width_length"": 0.0}, ""profile_metrics"": {""avg_pop"": 177.40655646617586, ""avg_width"": 13.532573968606751, ""elevation"": 438.9999993368983, ""length"": 35995.0, ""popularity_length"": 6385749.0, ""road_changes"": 130, ""width_length"": 487105.0}, ""via_vertex"": 244, ""violations"": {""elevation_high"": 0.0, ""elevation_low"": 0.0, ""length_high"": 0.0, ""length_low"": 0.0, ""popularity_low"": 0.0, ""width_high"": 0.0}}",,,,,,,,
development,anchor_west_east_01_l_low_h_low,anchor_west_east,L_LOW_AND_H_LOW,tight,L_LOW_ACTIVE|H_LOW_ACTIVE|L_LOW_AND_H_LOW|tight,5495,9171,pair_type,"S,P",full,33595.65,37328.5,396.1387965671122,500.2159956651926,154.27228525121555,14.60430234271401,anchor_west_east:probe_direct:slope_exp_beta_150_width,direct_scalar_path,slope_exp_beta_150_width,33935.0,403.3999965041876,179.27228525121555,12.404302342714011,120,2.3870626588334964,length_low|elevation_low|width_high,True,True,35857.0,429.5999963581562,187.4141171877179,12.269431352316145,124,13063,"S,P",True,0,True,1298,524,774,0,0,21241,0.757096500004991,0.06532829999923706,0.005064299999503419,0.8576061999920057,0.8274891000037314,1.6800309999962337,4,1298,0.0,{},,"{""metrics"": {""avg_pop"": 179.30098240310915, ""avg_width"": 14.543884270754615, ""elevation"": 409.3999952748418, ""length"": 37052.0, ""popularity_length"": 6643460.0, ""road_changes"": 130, ""width_length"": 538880.0}, ""normalized_violation_score"": 0.0, ""pair_type"": ""S,P"", ""profile_exact_deltas"": {""avg_pop"": 0.0, ""avg_width"": 0.0, ""elevation"": 0.0, ""length"": 0.0, ""popularity_length"": 0.0, ""road_changes"": 0.0, ""width_length"": 0.0}, ""profile_metrics"": {""avg_pop"": 179.30098240310915, ""avg_width"": 14.543884270754615, ""elevation"": 409.3999952748418, ""length"": 37052.0, ""popularity_length"": 6643460.0, ""road_changes"": 130, ""width_length"": 538880.0}, ""via_vertex"": 148, ""violations"": {""elevation_high"": 0.0, ""elevation_low"": 0.0, ""length_high"": 0.0, ""length_low"": 0.0, ""popularity_low"": 0.0, ""width_high"": 0.0}}",,,,,,,,
development,anchor_west_east_01_l_low_h_low,anchor_west_east,L_LOW_AND_H_LOW,tight,L_LOW_ACTIVE|H_LOW_ACTIVE|L_LOW_AND_H_LOW|tight,5495,9171,pair_type,"S,S",full,33595.65,37328.5,396.1387965671122,500.2159956651926,154.27228525121555,14.60430234271401,anchor_west_east:probe_direct:slope_exp_beta_150_width,direct_scalar_path,slope_exp_beta_150_width,33935.0,403.3999965041876,179.27228525121555,12.404302342714011,120,2.3870626588334964,length_low|elevation_low|width_high,True,True,35811.0,454.9999968111515,179.10538661305185,12.265923878138002,130,13063,"S,S",True,0,True,3800,1786,2014,0,0,21241,0.757096500004991,0.06883699999889359,0.010053899997728877,2.617728299999726,0.8359874000016134,3.4436618000036106,4,3800,0.0,{},,"{""metrics"": {""avg_pop"": 178.77279416092765, ""avg_width"": 12.38816292895403, ""elevation"": 403.2999966442585, ""length"": 33978.0, ""popularity_length"": 6074342.0, ""road_changes"": 122, ""width_length"": 420925.0}, ""normalized_violation_score"": 0.0, ""pair_type"": ""S,S"", ""profile_exact_deltas"": {""avg_pop"": 0.0, ""avg_width"": 0.0, ""elevation"": 0.0, ""length"": 0.0, ""popularity_length"": 0.0, ""road_changes"": 0.0, ""width_length"": 0.0}, ""profile_metrics"": {""avg_pop"": 178.77279416092765, ""avg_width"": 12.38816292895403, ""elevation"": 403.2999966442585, ""length"": 33978.0, ""popularity_length"": 6074342.0, ""road_changes"": 122, ""width_length"": 420925.0}, ""via_vertex"": 36, ""violations"": {""elevation_high"": 0.0, ""elevation_low"": 0.0, ""length_high"": 0.0, ""length_low"": 0.0, ""popularity_low"": 0.0, ""width_high"": 0.0}}",,,,,,,,
development,anchor_west_east_01_l_low_h_low,anchor_west_east,L_LOW_AND_H_LOW,tight,L_LOW_ACTIVE|H_LOW_ACTIVE|L_LOW_AND_H_LOW|tight,5495,9171,union,VIA-UNION-2,full,33595.65,37328.5,396.1387965671122,500.2159956651926,154.27228525121555,14.60430234271401,anchor_west_east:probe_direct:slope_exp_beta_150_width,direct_scalar_path,slope_exp_beta_150_width,33935.0,403.3999965041876,179.27228525121555,12.404302342714011,120,2.3870626588334964,length_low|elevation_low|width_high,True,True,35811.0,454.9999968111515,179.10538661305185,12.265923878138002,130,13063,"S,S",True,0,True,4173,432,2289,0,0,42482,0.757096500004991,0.13365340000018477,0.014082900001085363,2.886496299994178,0.9048328000062611,3.777246199999354,4,4173,0.0,{},,"{""metrics"": {""avg_pop"": 188.8855244948796, ""avg_width"": 13.60752836977581, ""elevation"": 421.50000040978193, ""length"": 36130.0, ""popularity_length"": 6824434.0, ""road_changes"": 125, ""width_length"": 491640.0}, ""normalized_violation_score"": 0.0, ""pair_type"": ""P,P"", ""profile_exact_deltas"": {""avg_pop"": 0.0, ""avg_width"": 0.0, ""elevation"": 0.0, ""length"": 0.0, ""popularity_length"": 0.0, ""road_changes"": 0.0, ""width_length"": 0.0}, ""profile_metrics"": {""avg_pop"": 188.8855244948796, ""avg_width"": 13.60752836977581, ""elevation"": 421.50000040978193, ""length"": 36130.0, ""popularity_length"": 6824434.0, ""road_changes"": 125, ""width_length"": 491640.0}, ""via_vertex"": 244, ""violations"": {""elevation_high"": 0.0, ""elevation_low"": 0.0, ""length_high"": 0.0, ""length_low"": 0.0, ""popularity_low"": 0.0, ""width_high"": 0.0}}","P,P|S,S",0.13365340000018477,0.13278089999221265,2.886496299994178,2.5937950999796158,3,0,0
development,anchor_west_east_01_l_low_h_low,anchor_west_east,L_LOW_AND_H_LOW,tight,L_LOW_ACTIVE|H_LOW_ACTIVE|L_LOW_AND_H_LOW|tight,5495,9171,union,MIXED-VIA-2,full,33595.65,37328.5,396.1387965671122,500.2159956651926,154.27228525121555,14.60430234271401,anchor_west_east:probe_direct:slope_exp_beta_150_width,direct_scalar_path,slope_exp_beta_150_width,33935.0,403.3999965041876,179.27228525121555,12.404302342714011,120,2.3870626588334964,length_low|elevation_low|width_high,True,True,35811.0,454.9999968111515,179.10538661305185,12.265923878138002,130,13063,"S,S",True,0,True,7903,775,4500,0,0,84964,0.757096500004991,0.2664342999923974,0.020386800009873696,5.480291399973794,1.043917600007262,6.503822199971182,7,7903,0.0,{},,"{""metrics"": {""avg_pop"": 188.8855244948796, ""avg_width"": 13.60752836977581, ""elevation"": 421.50000040978193, ""length"": 36130.0, ""popularity_length"": 6824434.0, ""road_changes"": 125, ""width_length"": 491640.0}, ""normalized_violation_score"": 0.0, ""pair_type"": ""P,P"", ""profile_exact_deltas"": {""avg_pop"": 0.0, ""avg_width"": 0.0, ""elevation"": 0.0, ""length"": 0.0, ""popularity_length"": 0.0, ""road_changes"": 0.0, ""width_length"": 0.0}, ""profile_metrics"": {""avg_pop"": 188.8855244948796, ""avg_width"": 13.60752836977581, ""elevation"": 421.50000040978193, ""length"": 36130.0, ""popularity_length"": 6824434.0, ""road_changes"": 125, ""width_length"": 491640.0}, ""via_vertex"": 244, ""violations"": {""elevation_high"": 0.0, ""elevation_low"": 0.0, ""length_high"": 0.0, ""length_low"": 0.0, ""popularity_low"": 0.0, ""width_high"": 0.0}}","P,P|P,S|S,P|S,S",0.13365340000018477,0.13278089999221265,2.886496299994178,2.5937950999796158,6,0,0
development,anchor_west_east_02_multi_tight,anchor_west_east,MULTI_TIGHT,tight,MULTI_TIGHT|POP_ACTIVE|WIDTH_ACTIVE|tight,5495,9171,pair_type,"P,P",full,32747.275,35292.4,373.14499676637354,437.68899620704354,173.27228525121555,13.154302342714011,anchor_west_east:probe_direct:slope_exp_beta_150_width,direct_scalar_path,slope_exp_beta_150_width,33935.0,403.3999965041876,179.27228525121555,12.404302342714011,120,3.4928885373690153,length_low|elevation_low|width_high,True,True,34785.0,393.79999609291553,185.84596808969383,12.150783383642375,127,11953,"P,P",True,0,True,385,227,158,0,0,21241,0.7673030000005383,0.06418480000866111,0.003253300004871562,0.24741109999013133,0.834741100014071,1.0788988999993308,3,385,0.0,{},,"{""metrics"": {""avg_pop"": 188.4061810803658, ""avg_width"": 12.289087540800423, ""elevation"": 375.6999962478876, ""length"": 34007.0, ""popularity_length"": 6407129.0, ""road_changes"": 121, ""width_length"": 417915.0}, ""normalized_violation_score"": 0.0, ""pair_type"": ""P,P"", ""profile_exact_deltas"": {""avg_pop"": 0.0, ""avg_width"": 0.0, ""elevation"": 0.0, ""length"": 0.0, ""popularity_length"": 0.0, ""road_changes"": 0.0, ""width_length"": 0.0}, ""profile_metrics"": {""avg_pop"": 188.4061810803658, ""avg_width"": 12.289087540800423, ""elevation"": 375.6999962478876, ""length"": 34007.0, ""popularity_length"": 6407129.0, ""road_changes"": 121, ""width_length"": 417915.0}, ""via_vertex"": 40, ""violations"": {""elevation_high"": 0.0, ""elevation_low"": 0.0, ""length_high"": 0.0, ""length_low"": 0.0, ""popularity_low"": 0.0, ""width_high"": 0.0}}",,,,,,,,
development,anchor_west_east_02_multi_tight,anchor_west_east,MULTI_TIGHT,tight,MULTI_TIGHT|POP_ACTIVE|WIDTH_ACTIVE|tight,5495,9171,pair_type,"P,S",full,32747.275,35292.4,373.14499676637354,437.68899620704354,173.27228525121555,13.154302342714011,anchor_west_east:probe_direct:slope_exp_beta_150_width,direct_scalar_path,slope_exp_beta_150_width,33935.0,403.3999965041876,179.27228525121555,12.404302342714011,120,3.4928885373690153,length_low|elevation_low|width_high,True,True,34977.0,384.7999964430928,182.03405094776568,11.698544757983818,124,5410,"P,S",True,0,True,1191,700,491,0,0,21241,0.7673030000005383,0.06388290000904817,0.0028795999969588593,0.7959649999975227,0.8340655000065453,1.6271509000071092,1,1191,0.0,{},,"{""metrics"": {""avg_pop"": 178.5306485997138, ""avg_width"": 12.085827760418187, ""elevation"": 402.49999706447124, ""length"": 34243.0, ""popularity_length"": 6113425.0, ""road_changes"": 132, ""width_length"": 413855.0}, ""normalized_violation_score"": 0.0, ""pair_type"": ""P,S"", ""profile_exact_deltas"": {""avg_pop"": 0.0, ""avg_width"": 0.0, ""elevation"": 0.0, ""length"": 0.0, ""popularity_length"": 0.0, ""road_changes"": 0.0, ""width_length"": 0.0}, ""profile_metrics"": {""avg_pop"": 178.5306485997138, ""avg_width"": 12.085827760418187, ""elevation"": 402.49999706447124, ""length"": 34243.0, ""popularity_length"": 6113425.0, ""road_changes"": 132, ""width_length"": 413855.0}, ""via_vertex"": 40, ""violations"": {""elevation_high"": 0.0, ""elevation_low"": 0.0, ""length_high"": 0.0, ""length_low"": 0.0, ""popularity_low"": 0.0, ""width_high"": 0.0}}",,,,,,,,
development,anchor_west_east_02_multi_tight,anchor_west_east,MULTI_TIGHT,tight,MULTI_TIGHT|POP_ACTIVE|WIDTH_ACTIVE|tight,5495,9171,pair_type,"S,P",full,32747.275,35292.4,373.14499676637354,437.68899620704354,173.27228525121555,13.154302342714011,anchor_west_east:probe_direct:slope_exp_beta_150_width,direct_scalar_path,slope_exp_beta_150_width,33935.0,403.3999965041876,179.27228525121555,12.404302342714011,120,3.4928885373690153,length_low|elevation_low|width_high,True,True,34761.0,383.09999607503414,183.06944564310578,12.178303270907051,127,10367,"S,P",True,0,True,1056,642,414,0,0,21241,0.7673030000005383,0.06452400000125635,0.0032580999977653846,0.6547862000006717,0.83508509999956,1.4866132000024663,2,1056,0.0,{},,"{""metrics"": {""avg_pop"": 180.2155083825127, ""avg_width"": 12.212484218561908, ""elevation"": 391.6999963968992, ""length"": 34059.0, ""popularity_length"": 6137960.0, ""road_changes"": 128, ""width_length"": 415945.0}, ""normalized_violation_score"": 0.0, ""pair_type"": ""S,P"", ""profile_exact_deltas"": {""avg_pop"": 0.0, ""avg_width"": 0.0, ""elevation"": 0.0, ""length"": 0.0, ""popularity_length"": 0.0, ""road_changes"": 0.0, ""width_length"": 0.0}, ""profile_metrics"": {""avg_pop"": 180.2155083825127, ""avg_width"": 12.212484218561908, ""elevation"": 391.6999963968992, ""length"": 34059.0, ""popularity_length"": 6137960.0, ""road_changes"": 128, ""width_length"": 415945.0}, ""via_vertex"": 36, ""violations"": {""elevation_high"": 0.0, ""elevation_low"": 0.0, ""length_high"": 0.0, ""length_low"": 0.0, ""popularity_low"": 0.0, ""width_high"": 0.0}}",,,,,,,,
development,anchor_west_east_02_multi_tight,anchor_west_east,MULTI_TIGHT,tight,MULTI_TIGHT|POP_ACTIVE|WIDTH_ACTIVE|tight,5495,9171,pair_type,"S,S",full,32747.275,35292.4,373.14499676637354,437.68899620704354,173.27228525121555,13.154302342714011,anchor_west_east:probe_direct:slope_exp_beta_150_width,direct_scalar_path,slope_exp_beta_150_width,33935.0,403.3999965041876,179.27228525121555,12.404302342714011,120,3.4928885373690153,length_low|elevation_low|width_high,True,True,35053.0,403.4999964386225,180.70607365988647,12.37682937266425,135,1083,"S,S",True,0,True,1538,959,579,0,0,21241,0.7673030000005383,0.0639546999882441,0.004048199989483692,0.993164200001047,0.8353058999782661,1.8244218999898294,1,1538,0.0,{},,"{""metrics"": {""avg_pop"": 175.9192754593902, ""avg_width"": 12.089024141646524, ""elevation"": 406.9999965727329, ""length"": 34339.0, ""popularity_length"": 6040892.0, ""road_changes"": 135, ""width_length"": 415125.0}, ""normalized_violation_score"": 0.0, ""pair_type"": ""S,S"", ""profile_exact_deltas"": {""avg_pop"": 0.0, ""avg_width"": 0.0, ""elevation"": 0.0, ""length"": 0.0, ""popularity_length"": 0.0, ""road_changes"": 0.0, ""width_length"": 0.0}, ""profile_metrics"": {""avg_pop"": 175.9192754593902, ""avg_width"": 12.089024141646524, ""elevation"": 406.9999965727329, ""length"": 34339.0, ""popularity_length"": 6040892.0, ""road_changes"": 135, ""width_length"": 415125.0}, ""via_vertex"": 36, ""violations"": {""elevation_high"": 0.0, ""elevation_low"": 0.0, ""length_high"": 0.0, ""length_low"": 0.0, ""popularity_low"": 0.0, ""width_high"": 0.0}}",,,,,,,,
development,anchor_west_east_02_multi_tight,anchor_west_east,MULTI_TIGHT,tight,MULTI_TIGHT|POP_ACTIVE|WIDTH_ACTIVE|tight,5495,9171,union,VIA-UNION-2,full,32747.275,35292.4,373.14499676637354,437.68899620704354,173.27228525121555,13.154302342714011,anchor_west_east:probe_direct:slope_exp_beta_150_width,direct_scalar_path,slope_exp_beta_150_width,33935.0,403.3999965041876,179.27228525121555,12.404302342714011,120,3.4928885373690153,length_low|elevation_low|width_high,True,True,34785.0,393.79999609291553,185.84596808969383,12.150783383642375,127,11953,"P,P",True,0,True,1923,247,737,0,0,42482,0.7673030000005383,0.12813949999690522,0.006152500005555339,1.2405752999911783,0.9015950000029989,2.136017799988622,3,1923,0.0,{},,"{""metrics"": {""avg_pop"": 188.4061810803658, ""avg_width"": 12.289087540800423, ""elevation"": 375.6999962478876, ""length"": 34007.0, ""popularity_length"": 6407129.0, ""road_changes"": 121, ""width_length"": 417915.0}, ""normalized_violation_score"": 0.0, ""pair_type"": ""P,P"", ""profile_exact_deltas"": {""avg_pop"": 0.0, ""avg_width"": 0.0, ""elevation"": 0.0, ""length"": 0.0, ""popularity_length"": 0.0, ""road_changes"": 0.0, ""width_length"": 0.0}, ""profile_metrics"": {""avg_pop"": 188.4061810803658, ""avg_width"": 12.289087540800423, ""elevation"": 375.6999962478876, ""length"": 34007.0, ""popularity_length"": 6407129.0, ""road_changes"": 121, ""width_length"": 417915.0}, ""via_vertex"": 40, ""violations"": {""elevation_high"": 0.0, ""elevation_low"": 0.0, ""length_high"": 0.0, ""length_low"": 0.0, ""popularity_low"": 0.0, ""width_high"": 0.0}}","P,P|S,S",0.12813949999690522,0.12840690001030453,1.2405752999911783,1.4507511999981944,2,0,0
development,anchor_west_east_02_multi_tight,anchor_west_east,MULTI_TIGHT,tight,MULTI_TIGHT|POP_ACTIVE|WIDTH_ACTIVE|tight,5495,9171,union,MIXED-VIA-2,full,32747.275,35292.4,373.14499676637354,437.68899620704354,173.27228525121555,13.154302342714011,anchor_west_east:probe_direct:slope_exp_beta_150_width,direct_scalar_path,slope_exp_beta_150_width,33935.0,403.3999965041876,179.27228525121555,12.404302342714011,120,3.4928885373690153,length_low|elevation_low|width_high,True,True,34785.0,393.79999609291553,185.84596808969383,12.150783383642375,127,11953,"P,P",True,0,True,4170,501,1642,0,0,84964,0.7673030000005383,0.25654640000720974,0.009667799997259863,2.6913264999893727,1.033517200005008,3.7151758999971207,3,4170,0.0,{},,"{""metrics"": {""avg_pop"": 188.4061810803658, ""avg_width"": 12.289087540800423, ""elevation"": 375.6999962478876, ""length"": 34007.0, ""popularity_length"": 6407129.0, ""road_changes"": 121, ""width_length"": 417915.0}, ""normalized_violation_score"": 0.0, ""pair_type"": ""P,P"", ""profile_exact_deltas"": {""avg_pop"": 0.0, ""avg_width"": 0.0, ""elevation"": 0.0, ""length"": 0.0, ""popularity_length"": 0.0, ""road_changes"": 0.0, ""width_length"": 0.0}, ""profile_metrics"": {""avg_pop"": 188.4061810803658, ""avg_width"": 12.289087540800423, ""elevation"": 375.6999962478876, ""length"": 34007.0, ""popularity_length"": 6407129.0, ""road_changes"": 121, ""width_length"": 417915.0}, ""via_vertex"": 40, ""violations"": {""elevation_high"": 0.0, ""elevation_low"": 0.0, ""length_high"": 0.0, ""length_low"": 0.0, ""popularity_low"": 0.0, ""width_high"": 0.0}}","P,P|P,S|S,P|S,S",0.12813949999690522,0.12840690001030453,1.2405752999911783,1.4507511999981944,2,0,0
development,anchor_west_east_05_quality_conflict,anchor_west_east,QUALITY_CONFLICT,tight,QUALITY_CONFLICT|POP_ACTIVE|WIDTH_ACTIVE|tight,5495,9171,pair_type,"P,P",full,31220.2,38346.55,330.7879971334338,533.3999965041876,175.27228525121555,12.954302342714012,anchor_west_east:probe_direct:slope_exp_beta_150_width,direct_scalar_path,slope_exp_beta_150_width,33935.0,403.3999965041876,179.27228525121555,12.404302342714011,120,0.903638465332457,length_low|elevation_low|width_high,True,True,35061.0,361.99999644607306,187.21228715666982,11.819543082056986,126,333,"P,P",True,0,True,2654,1353,1301,0,0,21241,0.7596996000065701,0.06573670000943821,0.005896899994695559,1.7074271000019507,0.8313332000107039,2.532863400017959,1,2654,0.0,{},,"{""metrics"": {""avg_pop"": 189.32381277400046, ""avg_width"": 12.229280970257003, ""elevation"": 354.09999706596136, ""length"": 38093.0, ""popularity_length"": 7211912.0, ""road_changes"": 135, ""width_length"": 465850.0}, ""normalized_violation_score"": 0.0, ""pair_type"": ""P,P"", ""profile_exact_deltas"": {""avg_pop"": 0.0, ""avg_width"": 0.0, ""elevation"": 0.0, ""length"": 0.0, ""popularity_length"": 0.0, ""road_changes"": 0.0, ""width_length"": 0.0}, ""profile_metrics"": {""avg_pop"": 189.32381277400046, ""avg_width"": 12.229280970257003, ""elevation"": 354.09999706596136, ""length"": 38093.0, ""popularity_length"": 7211912.0, ""road_changes"": 135, ""width_length"": 465850.0}, ""via_vertex"": 3, ""violations"": {""elevation_high"": 0.0, ""elevation_low"": 0.0, ""length_high"": 0.0, ""length_low"": 0.0, ""popularity_low"": 0.0, ""width_high"": 0.0}}",,,,,,,,
development,anchor_west_east_05_quality_conflict,anchor_west_east,QUALITY_CONFLICT,tight,QUALITY_CONFLICT|POP_ACTIVE|WIDTH_ACTIVE|tight,5495,9171,pair_type,"P,S",full,31220.2,38346.55,330.7879971334338,533.3999965041876,175.27228525121555,12.954302342714012,anchor_west_east:probe_direct:slope_exp_beta_150_width,direct_scalar_path,slope_exp_beta_150_width,33935.0,403.3999965041876,179.27228525121555,12.404302342714011,120,0.903638465332457,length_low|elevation_low|width_high,True,True,34988.0,359.9999968856573,187.44603864182005,11.863638961929805,125,2707,"P,S",True,0,True,3880,2084,1796,0,0,21241,0.7596996000065701,0.06652940000640228,0.01382549999107141,2.526991899998393,0.8400545000040438,3.3532209000113653,10,3880,0.0,{},,"{""metrics"": {""avg_pop"": 187.29787402405572, ""avg_width"": 12.239132728423717, ""elevation"": 356.7999971807003, ""length"": 37912.0, ""popularity_length"": 7100837.0, ""road_changes"": 129, ""width_length"": 464010.0}, ""normalized_violation_score"": 0.0, ""pair_type"": ""P,S"", ""profile_exact_deltas"": {""avg_pop"": 0.0, ""avg_width"": 0.0, ""elevation"": 0.0, ""length"": 0.0, ""popularity_length"": 0.0, ""road_changes"": 0.0, ""width_length"": 0.0}, ""profile_metrics"": {""avg_pop"": 187.29787402405572, ""avg_width"": 12.239132728423717, ""elevation"": 356.7999971807003, ""length"": 37912.0, ""popularity_length"": 7100837.0, ""road_changes"": 129, ""width_length"": 464010.0}, ""via_vertex"": 2, ""violations"": {""elevation_high"": 0.0, ""elevation_low"": 0.0, ""length_high"": 0.0, ""length_low"": 0.0, ""popularity_low"": 0.0, ""width_high"": 0.0}}",,,,,,,,
development,anchor_west_east_05_quality_conflict,anchor_west_east,QUALITY_CONFLICT,tight,QUALITY_CONFLICT|POP_ACTIVE|WIDTH_ACTIVE|tight,5495,9171,pair_type,"S,P",full,31220.2,38346.55,330.7879971334338,533.3999965041876,175.27228525121555,12.954302342714012,anchor_west_east:probe_direct:slope_exp_beta_150_width,direct_scalar_path,slope_exp_beta_150_width,33935.0,403.3999965041876,179.27228525121555,12.404302342714011,120,0.903638465332457,length_low|elevation_low|width_high,True,True,35446.0,358.1999959796667,187.00651695536874,11.972578005980928,142,276,"S,P",True,0,True,3560,1903,1657,0,0,21241,0.7596996000065701,0.06641679999302141,0.01599900001019705,2.1827668999903835,0.8421154000097886,3.008883299989975,14,3560,0.0,{},,"{""metrics"": {""avg_pop"": 181.73653638920283, ""avg_width"": 12.300575603858386, ""elevation"": 364.0999963283539, ""length"": 38047.0, ""popularity_length"": 6914530.0, ""road_changes"": 136, ""width_length"": 468000.0}, ""normalized_violation_score"": 0.0, ""pair_type"": ""S,P"", ""profile_exact_deltas"": {""avg_pop"": 0.0, ""avg_width"": 0.0, ""elevation"": 0.0, ""length"": 0.0, ""popularity_length"": 0.0, ""road_changes"": 0.0, ""width_length"": 0.0}, ""profile_metrics"": {""avg_pop"": 181.73653638920283, ""avg_width"": 12.300575603858386, ""elevation"": 364.0999963283539, ""length"": 38047.0, ""popularity_length"": 6914530.0, ""road_changes"": 136, ""width_length"": 468000.0}, ""via_vertex"": 2, ""violations"": {""elevation_high"": 0.0, ""elevation_low"": 0.0, ""length_high"": 0.0, ""length_low"": 0.0, ""popularity_low"": 0.0, ""width_high"": 0.0}}",,,,,,,,
development,anchor_west_east_05_quality_conflict,anchor_west_east,QUALITY_CONFLICT,tight,QUALITY_CONFLICT|POP_ACTIVE|WIDTH_ACTIVE|tight,5495,9171,pair_type,"S,S",full,31220.2,38346.55,330.7879971334338,533.3999965041876,175.27228525121555,12.954302342714012,anchor_west_east:probe_direct:slope_exp_beta_150_width,direct_scalar_path,slope_exp_beta_150_width,33935.0,403.3999965041876,179.27228525121555,12.404302342714011,120,0.903638465332457,length_low|elevation_low|width_high,True,True,34389.0,354.89999620616436,185.29148855738754,12.004129227369218,129,2663,"S,S",True,0,True,3409,1907,1502,0,0,21241,0.7596996000065701,0.057858200001646765,0.0062975000037113205,2.1888480999914464,0.8238553000119282,3.0064058999996632,1,3409,0.0,{},,"{""metrics"": {""avg_pop"": 180.81247333617748, ""avg_width"": 12.34108361774744, ""elevation"": 365.7999964132905, ""length"": 37504.0, ""popularity_length"": 6781191.0, ""road_changes"": 132, ""width_length"": 462840.0}, ""normalized_violation_score"": 0.0, ""pair_type"": ""S,S"", ""profile_exact_deltas"": {""avg_pop"": 0.0, ""avg_width"": 0.0, ""elevation"": 0.0, ""length"": 0.0, ""popularity_length"": 0.0, ""road_changes"": 0.0, ""width_length"": 0.0}, ""profile_metrics"": {""avg_pop"": 180.81247333617748, ""avg_width"": 12.34108361774744, ""elevation"": 365.7999964132905, ""length"": 37504.0, ""popularity_length"": 6781191.0, ""road_changes"": 132, ""width_length"": 462840.0}, ""via_vertex"": 2, ""violations"": {""elevation_high"": 0.0, ""elevation_low"": 0.0, ""length_high"": 0.0, ""length_low"": 0.0, ""popularity_low"": 0.0, ""width_high"": 0.0}}",,,,,,,,
development,anchor_west_east_05_quality_conflict,anchor_west_east,QUALITY_CONFLICT,tight,QUALITY_CONFLICT|POP_ACTIVE|WIDTH_ACTIVE|tight,5495,9171,union,VIA-UNION-2,full,31220.2,38346.55,330.7879971334338,533.3999965041876,175.27228525121555,12.954302342714012,anchor_west_east:probe_direct:slope_exp_beta_150_width,direct_scalar_path,slope_exp_beta_150_width,33935.0,403.3999965041876,179.27228525121555,12.404302342714011,120,0.903638465332457,length_low|elevation_low|width_high,True,True,35061.0,361.99999644607306,187.21228715666982,11.819543082056986,126,333,"P,P",True,0,True,6063,825,2803,0,0,42482,0.7596996000065701,0.12359490001108497,0.012826799997128546,3.896275199993397,0.8961213000147836,4.779569700011052,1,6063,0.0,{},,"{""metrics"": {""avg_pop"": 189.32381277400046, ""avg_width"": 12.229280970257003, ""elevation"": 354.09999706596136, ""length"": 38093.0, ""popularity_length"": 7211912.0, ""road_changes"": 135, ""width_length"": 465850.0}, ""normalized_violation_score"": 0.0, ""pair_type"": ""P,P"", ""profile_exact_deltas"": {""avg_pop"": 0.0, ""avg_width"": 0.0, ""elevation"": 0.0, ""length"": 0.0, ""popularity_length"": 0.0, ""road_changes"": 0.0, ""width_length"": 0.0}, ""profile_metrics"": {""avg_pop"": 189.32381277400046, ""avg_width"": 12.229280970257003, ""elevation"": 354.09999706596136, ""length"": 38093.0, ""popularity_length"": 7211912.0, ""road_changes"": 135, ""width_length"": 465850.0}, ""via_vertex"": 3, ""violations"": {""elevation_high"": 0.0, ""elevation_low"": 0.0, ""length_high"": 0.0, ""length_low"": 0.0, ""popularity_low"": 0.0, ""width_high"": 0.0}}","P,P|S,S",0.12359490001108497,0.1329461999994237,3.896275199993397,4.7097587999887764,0,0,0
development,anchor_west_east_05_quality_conflict,anchor_west_east,QUALITY_CONFLICT,tight,QUALITY_CONFLICT|POP_ACTIVE|WIDTH_ACTIVE|tight,5495,9171,union,MIXED-VIA-2,full,31220.2,38346.55,330.7879971334338,533.3999965041876,175.27228525121555,12.954302342714012,anchor_west_east:probe_direct:slope_exp_beta_150_width,direct_scalar_path,slope_exp_beta_150_width,33935.0,403.3999965041876,179.27228525121555,12.404302342714011,120,0.903638465332457,length_low|elevation_low|width_high,True,True,35061.0,361.99999644607306,187.21228715666982,11.819543082056986,126,333,"P,P",True,0,True,13503,1759,6256,0,0,84964,0.7596996000065701,0.25654110001050867,0.029073199999402277,8.606033999982174,1.045313900016481,9.622274699999252,4,13503,0.0,{},,"{""metrics"": {""avg_pop"": 189.32381277400046, ""avg_width"": 12.229280970257003, ""elevation"": 354.09999706596136, ""length"": 38093.0, ""popularity_length"": 7211912.0, ""road_changes"": 135, ""width_length"": 465850.0}, ""normalized_violation_score"": 0.0, ""pair_type"": ""P,P"", ""profile_exact_deltas"": {""avg_pop"": 0.0, ""avg_width"": 0.0, ""elevation"": 0.0, ""length"": 0.0, ""popularity_length"": 0.0, ""road_changes"": 0.0, ""width_length"": 0.0}, ""profile_metrics"": {""avg_pop"": 189.32381277400046, ""avg_width"": 12.229280970257003, ""elevation"": 354.09999706596136, ""length"": 38093.0, ""popularity_length"": 7211912.0, ""road_changes"": 135, ""width_length"": 465850.0}, ""via_vertex"": 3, ""violations"": {""elevation_high"": 0.0, ""elevation_low"": 0.0, ""length_high"": 0.0, ""length_low"": 0.0, ""popularity_low"": 0.0, ""width_high"": 0.0}}","P,P|P,S|S,P|S,S",0.12359490001108497,0.1329461999994237,3.896275199993397,4.7097587999887764,3,0,0
development,anchor_west_east_23_l_high_active,anchor_west_east,L_HIGH_ACTIVE,tight,L_HIGH_ACTIVE|tight,5495,9171,pair_type,"P,P",full,30890.64,35734.854,264.2999961078167,494.2999961078167,151.80397686807396,14.068509813976014,anchor_west_east:probe_via:slope_exp_beta_150_width:via251,same_scalar_via_profile_probe,slope_exp_beta_150_width,35103.0,354.2999961078167,175.80397686807396,11.768509813976014,127,0.8727194958769368,length_low|elevation_low|width_high,True,True,34408.0,334.79999677091837,188.6086375261567,12.10953847942339,124,332,"P,P",True,0,True,5736,2756,2980,0,0,21241,0.7607356000080472,0.06775930000003427,0.015382900004624389,3.5608501999959117,0.8438778000127058,4.389345100003993,5,5736,0.0,{},,"{""metrics"": {""avg_pop"": 199.37212794288467, ""avg_width"": 12.852083746494037, ""elevation"": 327.7999970689416, ""length"": 35297.0, ""popularity_length"": 7037238.0, ""road_changes"": 117, ""width_length"": 453640.0}, ""normalized_violation_score"": 0.0, ""pair_type"": ""P,P"", ""profile_exact_deltas"": {""avg_pop"": 0.0, ""avg_width"": 0.0, ""elevation"": 0.0, ""length"": 0.0, ""popularity_length"": 0.0, ""road_changes"": 0.0, ""width_length"": 0.0}, ""profile_metrics"": {""avg_pop"": 199.37212794288467, ""avg_width"": 12.852083746494037, ""elevation"": 327.7999970689416, ""length"": 35297.0, ""popularity_length"": 7037238.0, ""road_changes"": 117, ""width_length"": 453640.0}, ""via_vertex"": 8, ""violations"": {""elevation_high"": 0.0, ""elevation_low"": 0.0, ""length_high"": 0.0, ""length_low"": 0.0, ""popularity_low"": 0.0, ""width_high"": 0.0}}",,,,,,,,
development,anchor_west_east_23_l_high_active,anchor_west_east,L_HIGH_ACTIVE,tight,L_HIGH_ACTIVE|tight,5495,9171,pair_type,"P,S",full,30890.64,35734.854,264.2999961078167,494.2999961078167,151.80397686807396,14.068509813976014,anchor_west_east:probe_via:slope_exp_beta_150_width:via251,same_scalar_via_profile_probe,slope_exp_beta_150_width,35103.0,354.2999961078167,175.80397686807396,11.768509813976014,127,0.8727194958769368,length_low|elevation_low|width_high,True,True,34266.0,333.699996933341,182.1866573279636,11.850668300939708,124,332,"P,S",True,0,True,6718,3440,3278,0,0,21241,0.7607356000080472,0.07732150000811089,0.015669999993406236,4.189640999989933,0.8537271000095643,5.027698100006091,5,6718,0.0,{},,"{""metrics"": {""avg_pop"": 194.1976551329711, ""avg_width"": 12.714898484415214, ""elevation"": 330.3999972641468, ""length"": 34970.0, ""popularity_length"": 6791092.0, ""road_changes"": 116, ""width_length"": 444640.0}, ""normalized_violation_score"": 0.0, ""pair_type"": ""P,S"", ""profile_exact_deltas"": {""avg_pop"": 0.0, ""avg_width"": 0.0, ""elevation"": 0.0, ""length"": 0.0, ""popularity_length"": 0.0, ""road_changes"": 0.0, ""width_length"": 0.0}, ""profile_metrics"": {""avg_pop"": 194.1976551329711, ""avg_width"": 12.714898484415214, ""elevation"": 330.3999972641468, ""length"": 34970.0, ""popularity_length"": 6791092.0, ""road_changes"": 116, ""width_length"": 444640.0}, ""via_vertex"": 8, ""violations"": {""elevation_high"": 0.0, ""elevation_low"": 0.0, ""length_high"": 0.0, ""length_low"": 0.0, ""popularity_low"": 0.0, ""width_high"": 0.0}}",,,,,,,,
development,anchor_west_east_23_l_high_active,anchor_west_east,L_HIGH_ACTIVE,tight,L_HIGH_ACTIVE|tight,5495,9171,pair_type,"S,P",full,30890.64,35734.854,264.2999961078167,494.2999961078167,151.80397686807396,14.068509813976014,anchor_west_east:probe_via:slope_exp_beta_150_width:via251,same_scalar_via_profile_probe,slope_exp_beta_150_width,35103.0,354.2999961078167,175.80397686807396,11.768509813976014,127,0.8727194958769368,length_low|elevation_low|width_high,True,True,34571.0,356.6999963223934,180.62066471898413,11.919817187816378,111,2647,"S,P",True,0,True,5324,2881,2443,0,0,21241,0.7607356000080472,0.06549470000027213,0.01039709999167826,3.3571643000032054,0.8366273999999976,4.183394600011525,1,5324,0.0,{},,"{""metrics"": {""avg_pop"": 191.1838820165879, ""avg_width"": 12.508279785999378, ""elevation"": 351.39999625086784, ""length"": 35327.0, ""popularity_length"": 6753953.0, ""road_changes"": 125, ""width_length"": 441880.0}, ""normalized_violation_score"": 0.0, ""pair_type"": ""S,P"", ""profile_exact_deltas"": {""avg_pop"": 0.0, ""avg_width"": 0.0, ""elevation"": 0.0, ""length"": 0.0, ""popularity_length"": 0.0, ""road_changes"": 0.0, ""width_length"": 0.0}, ""profile_metrics"": {""avg_pop"": 191.1838820165879, ""avg_width"": 12.508279785999378, ""elevation"": 351.39999625086784, ""length"": 35327.0, ""popularity_length"": 6753953.0, ""road_changes"": 125, ""width_length"": 441880.0}, ""via_vertex"": 9, ""violations"": {""elevation_high"": 0.0, ""elevation_low"": 0.0, ""length_high"": 0.0, ""length_low"": 0.0, ""popularity_low"": 0.0, ""width_high"": 0.0}}",,,,,,,,
development,anchor_west_east_23_l_high_active,anchor_west_east,L_HIGH_ACTIVE,tight,L_HIGH_ACTIVE|tight,5495,9171,pair_type,"S,S",full,30890.64,35734.854,264.2999961078167,494.2999961078167,151.80397686807396,14.068509813976014,anchor_west_east:probe_via:slope_exp_beta_150_width:via251,same_scalar_via_profile_probe,slope_exp_beta_150_width,35103.0,354.2999961078167,175.80397686807396,11.768509813976014,127,0.8727194958769368,length_low|elevation_low|width_high,True,True,34499.0,356.3999963849783,177.9466361343807,11.805994376648599,112,2562,"S,S",True,0,True,6362,3461,2901,0,0,21241,0.7607356000080472,0.0712191999919014,0.01257600000826642,4.087436500005424,0.844530800008215,4.919391300005373,1,6362,0.0,{},,"{""metrics"": {""avg_pop"": 191.79323222532642, ""avg_width"": 12.586093847995896, ""elevation"": 354.3999963775277, ""length"": 35078.0, ""popularity_length"": 6727723.0, ""road_changes"": 124, ""width_length"": 441495.0}, ""normalized_violation_score"": 0.0, ""pair_type"": ""S,S"", ""profile_exact_deltas"": {""avg_pop"": 0.0, ""avg_width"": 0.0, ""elevation"": 0.0, ""length"": 0.0, ""popularity_length"": 0.0, ""road_changes"": 0.0, ""width_length"": 0.0}, ""profile_metrics"": {""avg_pop"": 191.79323222532642, ""avg_width"": 12.586093847995896, ""elevation"": 354.3999963775277, ""length"": 35078.0, ""popularity_length"": 6727723.0, ""road_changes"": 124, ""width_length"": 441495.0}, ""via_vertex"": 9, ""violations"": {""elevation_high"": 0.0, ""elevation_low"": 0.0, ""length_high"": 0.0, ""length_low"": 0.0, ""popularity_low"": 0.0, ""width_high"": 0.0}}",,,,,,,,
development,anchor_west_east_23_l_high_active,anchor_west_east,L_HIGH_ACTIVE,tight,L_HIGH_ACTIVE|tight,5495,9171,union,VIA-UNION-2,full,30890.64,35734.854,264.2999961078167,494.2999961078167,151.80397686807396,14.068509813976014,anchor_west_east:probe_via:slope_exp_beta_150_width:via251,same_scalar_via_profile_probe,slope_exp_beta_150_width,35103.0,354.2999961078167,175.80397686807396,11.768509813976014,127,0.8727194958769368,length_low|elevation_low|width_high,True,True,34499.0,356.3999963849783,177.9466361343807,11.805994376648599,112,2562,"S,S",True,0,True,12098,1552,5881,0,0,42482,0.7607356000080472,0.13897849999193568,0.025254299995140173,7.648286700001336,0.924968399995123,8.548000800001319,1,12098,0.0,{},,"{""metrics"": {""avg_pop"": 199.37212794288467, ""avg_width"": 12.852083746494037, ""elevation"": 327.7999970689416, ""length"": 35297.0, ""popularity_length"": 7037238.0, ""road_changes"": 117, ""width_length"": 453640.0}, ""normalized_violation_score"": 0.0, ""pair_type"": ""P,P"", ""profile_exact_deltas"": {""avg_pop"": 0.0, ""avg_width"": 0.0, ""elevation"": 0.0, ""length"": 0.0, ""popularity_length"": 0.0, ""road_changes"": 0.0, ""width_length"": 0.0}, ""profile_metrics"": {""avg_pop"": 199.37212794288467, ""avg_width"": 12.852083746494037, ""elevation"": 327.7999970689416, ""length"": 35297.0, ""popularity_length"": 7037238.0, ""road_changes"": 117, ""width_length"": 453640.0}, ""via_vertex"": 8, ""violations"": {""elevation_high"": 0.0, ""elevation_low"": 0.0, ""length_high"": 0.0, ""length_low"": 0.0, ""popularity_low"": 0.0, ""width_high"": 0.0}}","P,P|S,S",0.13897849999193568,0.14281620000838302,7.648286700001336,7.546805299993139,0,0,0
development,anchor_west_east_23_l_high_active,anchor_west_east,L_HIGH_ACTIVE,tight,L_HIGH_ACTIVE|tight,5495,9171,union,MIXED-VIA-2,full,30890.64,35734.854,264.2999961078167,494.2999961078167,151.80397686807396,14.068509813976014,anchor_west_east:probe_via:slope_exp_beta_150_width:via251,same_scalar_via_profile_probe,slope_exp_beta_150_width,35103.0,354.2999961078167,175.80397686807396,11.768509813976014,127,0.8727194958769368,length_low|elevation_low|width_high,True,True,34499.0,356.3999963849783,177.9466361343807,11.805994376648599,112,2562,"S,S",True,0,True,24140,3033,11602,0,0,84964,0.7607356000080472,0.2817947000003187,0.04846520000137389,15.195091999994474,1.0909955000097398,16.23762230000284,1,24140,0.0,{},,"{""metrics"": {""avg_pop"": 199.37212794288467, ""avg_width"": 12.852083746494037, ""elevation"": 327.7999970689416, ""length"": 35297.0, ""popularity_length"": 7037238.0, ""road_changes"": 117, ""width_length"": 453640.0}, ""normalized_violation_score"": 0.0, ""pair_type"": ""P,P"", ""profile_exact_deltas"": {""avg_pop"": 0.0, ""avg_width"": 0.0, ""elevation"": 0.0, ""length"": 0.0, ""popularity_length"": 0.0, ""road_changes"": 0.0, ""width_length"": 0.0}, ""profile_metrics"": {""avg_pop"": 199.37212794288467, ""avg_width"": 12.852083746494037, ""elevation"": 327.7999970689416, ""length"": 35297.0, ""popularity_length"": 7037238.0, ""road_changes"": 117, ""width_length"": 453640.0}, ""via_vertex"": 8, ""violations"": {""elevation_high"": 0.0, ""elevation_low"": 0.0, ""length_high"": 0.0, ""length_low"": 0.0, ""popularity_low"": 0.0, ""width_high"": 0.0}}","P,P|P,S|S,P|S,S",0.13897849999193568,0.14281620000838302,7.648286700001336,7.546805299993139,0,0,0
development,anchor_east_west_16_loose,anchor_east_west,LOOSE_CONTROL,loose,loose,9171,5495,pair_type,"P,P",full,45465.619999999995,60268.380000000005,376.0400021143258,698.360003926605,173.51196398509467,22.527748879263058,anchor_east_west:probe_via:physical_length:via18430,same_scalar_via_profile_probe,physical_length,52867.0,537.2000030204654,208.51196398509467,19.027748879263058,108,1.2878422672528624,length_low|elevation_low,True,True,52930.0,466.2000041678548,198.7377290761383,17.09522010202154,136,6656,"P,P",True,0,True,2220,320,1900,0,0,21241,0.7630101999966428,0.0668294000060996,0.04457389999879524,2.1189838999998756,0.8744135000015376,2.948823500002618,41,2220,0.0,{},,"{""metrics"": {""avg_pop"": 174.7099481201298, ""avg_width"": 17.29366900229429, ""elevation"": 434.19999946653843, ""length"": 48381.0, ""popularity_length"": 8452642.0, ""road_changes"": 126, ""width_length"": 836685.0}, ""normalized_violation_score"": 0.0, ""pair_type"": ""P,P"", ""profile_exact_deltas"": {""avg_pop"": 0.0, ""avg_width"": 0.0, ""elevation"": 0.0, ""length"": 0.0, ""popularity_length"": 0.0, ""road_changes"": 0.0, ""width_length"": 0.0}, ""profile_metrics"": {""avg_pop"": 174.7099481201298, ""avg_width"": 17.29366900229429, ""elevation"": 434.19999946653843, ""length"": 48381.0, ""popularity_length"": 8452642.0, ""road_changes"": 126, ""width_length"": 836685.0}, ""via_vertex"": 194, ""violations"": {""elevation_high"": 0.0, ""elevation_low"": 0.0, ""length_high"": 0.0, ""length_low"": 0.0, ""popularity_low"": 0.0, ""width_high"": 0.0}}",,,,,,,,
development,anchor_east_west_16_loose,anchor_east_west,LOOSE_CONTROL,loose,loose,9171,5495,pair_type,"P,S",full,45465.619999999995,60268.380000000005,376.0400021143258,698.360003926605,173.51196398509467,22.527748879263058,anchor_east_west:probe_via:physical_length:via18430,same_scalar_via_profile_probe,physical_length,52867.0,537.2000030204654,208.51196398509467,19.027748879263058,108,1.2878422672528624,length_low|elevation_low,True,True,52167.0,485.4000034555793,195.2132190848621,16.88423716142389,152,6117,"P,S",True,0,True,1811,273,1538,0,0,21241,0.7630101999966428,0.06458389999170322,0.13792850000027101,1.7531101000058698,0.965522599988617,2.5807041999942157,140,1811,0.0,{},,"{""metrics"": {""avg_pop"": 200.96726707693566, ""avg_width"": 17.244178201222628, ""elevation"": 432.30000268667936, ""length"": 48911.0, ""popularity_length"": 9829510.0, ""road_changes"": 142, ""width_length"": 843430.0}, ""normalized_violation_score"": 0.0, ""pair_type"": ""P,S"", ""profile_exact_deltas"": {""avg_pop"": 0.0, ""avg_width"": 0.0, ""elevation"": 0.0, ""length"": 0.0, ""popularity_length"": 0.0, ""road_changes"": 0.0, ""width_length"": 0.0}, ""profile_metrics"": {""avg_pop"": 200.96726707693566, ""avg_width"": 17.244178201222628, ""elevation"": 432.30000268667936, ""length"": 48911.0, ""popularity_length"": 9829510.0, ""road_changes"": 142, ""width_length"": 843430.0}, ""via_vertex"": 211, ""violations"": {""elevation_high"": 0.0, ""elevation_low"": 0.0, ""length_high"": 0.0, ""length_low"": 0.0, ""popularity_low"": 0.0, ""width_high"": 0.0}}",,,,,,,,
development,anchor_east_west_16_loose,anchor_east_west,LOOSE_CONTROL,loose,loose,9171,5495,pair_type,"S,P",full,45465.619999999995,60268.380000000005,376.0400021143258,698.360003926605,173.51196398509467,22.527748879263058,anchor_east_west:probe_via:physical_length:via18430,same_scalar_via_profile_probe,physical_length,52867.0,537.2000030204654,208.51196398509467,19.027748879263058,108,1.2878422672528624,length_low|elevation_low,True,True,48189.0,602.7000022754073,189.61711178899748,16.04069393430036,136,3086,"S,P",True,0,True,1636,300,1336,0,0,21241,0.7630101999966428,0.0650378999998793,0.03041159998974763,1.426125600002706,0.8584596999862697,2.254173699999228,31,1636,0.0,{},,"{""metrics"": {""avg_pop"": 173.70291241938838, ""avg_width"": 16.45735385895569, ""elevation"": 584.4000027924776, ""length"": 48070.0, ""popularity_length"": 8349899.0, ""road_changes"": 141, ""width_length"": 791105.0}, ""normalized_violation_score"": 0.0, ""pair_type"": ""S,P"", ""profile_exact_deltas"": {""avg_pop"": 0.0, ""avg_width"": 0.0, ""elevation"": 0.0, ""length"": 0.0, ""popularity_length"": 0.0, ""road_changes"": 0.0, ""width_length"": 0.0}, ""profile_metrics"": {""avg_pop"": 173.70291241938838, ""avg_width"": 16.45735385895569, ""elevation"": 584.4000027924776, ""length"": 48070.0, ""popularity_length"": 8349899.0, ""road_changes"": 141, ""width_length"": 791105.0}, ""via_vertex"": 2070, ""violations"": {""elevation_high"": 0.0, ""elevation_low"": 0.0, ""length_high"": 0.0, ""length_low"": 0.0, ""popularity_low"": 0.0, ""width_high"": 0.0}}",,,,,,,,
development,anchor_east_west_16_loose,anchor_east_west,LOOSE_CONTROL,loose,loose,9171,5495,pair_type,"S,S",full,45465.619999999995,60268.380000000005,376.0400021143258,698.360003926605,173.51196398509467,22.527748879263058,anchor_east_west:probe_via:physical_length:via18430,same_scalar_via_profile_probe,physical_length,52867.0,537.2000030204654,208.51196398509467,19.027748879263058,108,1.2878422672528624,length_low|elevation_low,True,True,48274.0,602.9000015184283,186.70296640013257,15.711252434022455,136,3086,"S,S",True,0,True,659,82,577,0,0,21241,0.7630101999966428,0.06402199999138247,0.008446100007859059,0.6016205999912927,0.8354782999958843,1.428652799979318,8,659,0.0,{},,"{""metrics"": {""avg_pop"": 189.4709808937565, ""avg_width"": 16.874750179870492, ""elevation"": 658.3000038042665, ""length"": 50036.0, ""popularity_length"": 9480370.0, ""road_changes"": 126, ""width_length"": 844345.0}, ""normalized_violation_score"": 0.0, ""pair_type"": ""S,S"", ""profile_exact_deltas"": {""avg_pop"": 0.0, ""avg_width"": 0.0, ""elevation"": 0.0, ""length"": 0.0, ""popularity_length"": 0.0, ""road_changes"": 0.0, ""width_length"": 0.0}, ""profile_metrics"": {""avg_pop"": 189.4709808937565, ""avg_width"": 16.874750179870492, ""elevation"": 658.3000038042665, ""length"": 50036.0, ""popularity_length"": 9480370.0, ""road_changes"": 126, ""width_length"": 844345.0}, ""via_vertex"": 3084, ""violations"": {""elevation_high"": 0.0, ""elevation_low"": 0.0, ""length_high"": 0.0, ""length_low"": 0.0, ""popularity_low"": 0.0, ""width_high"": 0.0}}",,,,,,,,
development,anchor_east_west_16_loose,anchor_east_west,LOOSE_CONTROL,loose,loose,9171,5495,union,VIA-UNION-2,full,45465.619999999995,60268.380000000005,376.0400021143258,698.360003926605,173.51196398509467,22.527748879263058,anchor_east_west:probe_via:physical_length:via18430,same_scalar_via_profile_probe,physical_length,52867.0,537.2000030204654,208.51196398509467,19.027748879263058,108,1.2878422672528624,length_low|elevation_low,True,True,52930.0,466.2000041678548,198.7377290761383,17.09522010202154,136,6656,"P,P",True,0,True,2879,98,2477,0,0,42482,0.7630101999966428,0.13085139999748208,0.044667299996945076,2.7206044999911683,0.9385288999910699,3.614466099985293,41,2879,0.0,{},,"{""metrics"": {""avg_pop"": 174.7099481201298, ""avg_width"": 17.29366900229429, ""elevation"": 434.19999946653843, ""length"": 48381.0, ""popularity_length"": 8452642.0, ""road_changes"": 126, ""width_length"": 836685.0}, ""normalized_violation_score"": 0.0, ""pair_type"": ""P,P"", ""profile_exact_deltas"": {""avg_pop"": 0.0, ""avg_width"": 0.0, ""elevation"": 0.0, ""length"": 0.0, ""popularity_length"": 0.0, ""road_changes"": 0.0, ""width_length"": 0.0}, ""profile_metrics"": {""avg_pop"": 174.7099481201298, ""avg_width"": 17.29366900229429, ""elevation"": 434.19999946653843, ""length"": 48381.0, ""popularity_length"": 8452642.0, ""road_changes"": 126, ""width_length"": 836685.0}, ""via_vertex"": 194, ""violations"": {""elevation_high"": 0.0, ""elevation_low"": 0.0, ""length_high"": 0.0, ""length_low"": 0.0, ""popularity_low"": 0.0, ""width_high"": 0.0}}","P,P|S,S",0.13085139999748208,0.12962179999158252,2.7206044999911683,3.179235700008576,40,0,0
development,anchor_east_west_16_loose,anchor_east_west,LOOSE_CONTROL,loose,loose,9171,5495,union,MIXED-VIA-2,full,45465.619999999995,60268.380000000005,376.0400021143258,698.360003926605,173.51196398509467,22.527748879263058,anchor_east_west:probe_via:physical_length:via18430,same_scalar_via_profile_probe,physical_length,52867.0,537.2000030204654,208.51196398509467,19.027748879263058,108,1.2878422672528624,length_low|elevation_low,True,True,52930.0,466.2000041678548,198.7377290761383,17.09522010202154,136,6656,"P,P",True,0,True,6326,238,5351,0,0,84964,0.7630101999966428,0.2604731999890646,0.13891140000487212,5.899840199999744,1.1623947999905795,6.923323599985451,131,6326,0.0,{},,"{""metrics"": {""avg_pop"": 174.7099481201298, ""avg_width"": 17.29366900229429, ""elevation"": 434.19999946653843, ""length"": 48381.0, ""popularity_length"": 8452642.0, ""road_changes"": 126, ""width_length"": 836685.0}, ""normalized_violation_score"": 0.0, ""pair_type"": ""P,P"", ""profile_exact_deltas"": {""avg_pop"": 0.0, ""avg_width"": 0.0, ""elevation"": 0.0, ""length"": 0.0, ""popularity_length"": 0.0, ""road_changes"": 0.0, ""width_length"": 0.0}, ""profile_metrics"": {""avg_pop"": 174.7099481201298, ""avg_width"": 17.29366900229429, ""elevation"": 434.19999946653843, ""length"": 48381.0, ""popularity_length"": 8452642.0, ""road_changes"": 126, ""width_length"": 836685.0}, ""via_vertex"": 194, ""violations"": {""elevation_high"": 0.0, ""elevation_low"": 0.0, ""length_high"": 0.0, ""length_low"": 0.0, ""popularity_low"": 0.0, ""width_high"": 0.0}}","P,P|P,S|S,P|S,S",0.13085139999748208,0.12962179999158252,2.7206044999911683,3.179235700008576,130,0,0
development,anchor_east_west_09_l_low_h_low,anchor_east_west,L_LOW_AND_H_LOW,tight,L_LOW_ACTIVE|H_LOW_ACTIVE|L_LOW_AND_H_LOW|tight,9171,5495,pair_type,"P,P",full,52338.33,58153.7,527.530402966097,666.1280037453771,183.51196398509467,21.227748879263057,anchor_east_west:probe_via:physical_length:via18430,same_scalar_via_profile_probe,physical_length,52867.0,537.2000030204654,208.51196398509467,19.027748879263058,108,4.459962134825475,length_low|elevation_low|width_high,True,True,53971.0,540.2000025585294,220.93802227121972,19.005947638546626,114,18439,"P,P",True,0,True,204,31,173,0,0,21241,0.757027499988908,0.06410459999460727,0.0937709999998333,0.19905679998919368,0.9149030999833485,1.020188899972709,97,204,0.0,{},,"{""metrics"": {""avg_pop"": 222.11599122329952, ""avg_width"": 19.005588582787915, ""elevation"": 533.7000029459596, ""length"": 53323.0, ""popularity_length"": 11843891.0, ""road_changes"": 109, ""width_length"": 1013435.0}, ""normalized_violation_score"": 0.0, ""pair_type"": ""P,P"", ""profile_exact_deltas"": {""avg_pop"": 0.0, ""avg_width"": 0.0, ""elevation"": 0.0, ""length"": 0.0, ""popularity_length"": 0.0, ""road_changes"": 0.0, ""width_length"": 0.0}, ""profile_metrics"": {""avg_pop"": 222.11599122329952, ""avg_width"": 19.005588582787915, ""elevation"": 533.7000029459596, ""length"": 53323.0, ""popularity_length"": 11843891.0, ""road_changes"": 109, ""width_length"": 1013435.0}, ""via_vertex"": 12733, ""violations"": {""elevation_high"": 0.0, ""elevation_low"": 0.0, ""length_high"": 0.0, ""length_low"": 0.0, ""popularity_low"": 0.0, ""width_high"": 0.0}}",,,,,,,,
development,anchor_east_west_09_l_low_h_low,anchor_east_west,L_LOW_AND_H_LOW,tight,L_LOW_ACTIVE|H_LOW_ACTIVE|L_LOW_AND_H_LOW|tight,9171,5495,pair_type,"P,S",full,52338.33,58153.7,527.530402966097,666.1280037453771,183.51196398509467,21.227748879263057,anchor_east_west:probe_via:physical_length:via18430,same_scalar_via_profile_probe,physical_length,52867.0,537.2000030204654,208.51196398509467,19.027748879263058,108,4.459962134825475,length_low|elevation_low|width_high,True,True,54068.0,548.1000015586615,218.40966930531923,18.893245542649996,121,14164,"P,S",True,0,True,196,30,166,0,0,21241,0.757027499988908,0.06296840000140946,0.02133960000355728,0.19309510001039598,0.8413354999938747,1.0130910000007134,21,196,0.0,{},,"{""metrics"": {""avg_pop"": 218.9726322493631, ""avg_width"": 18.71665667615765, ""elevation"": 533.8000022396445, ""length"": 53384.0, ""popularity_length"": 11689635.0, ""road_changes"": 112, ""width_length"": 999170.0}, ""normalized_violation_score"": 0.0, ""pair_type"": ""P,S"", ""profile_exact_deltas"": {""avg_pop"": 0.0, ""avg_width"": 0.0, ""elevation"": 0.0, ""length"": 0.0, ""popularity_length"": 0.0, ""road_changes"": 0.0, ""width_length"": 0.0}, ""profile_metrics"": {""avg_pop"": 218.9726322493631, ""avg_width"": 18.71665667615765, ""elevation"": 533.8000022396445, ""length"": 53384.0, ""popularity_length"": 11689635.0, ""road_changes"": 112, ""width_length"": 999170.0}, ""via_vertex"": 12733, ""violations"": {""elevation_high"": 0.0, ""elevation_low"": 0.0, ""length_high"": 0.0, ""length_low"": 0.0, ""popularity_low"": 0.0, ""width_high"": 0.0}}",,,,,,,,
development,anchor_east_west_09_l_low_h_low,anchor_east_west,L_LOW_AND_H_LOW,tight,L_LOW_ACTIVE|H_LOW_ACTIVE|L_LOW_AND_H_LOW|tight,9171,5495,pair_type,"S,P",full,52338.33,58153.7,527.530402966097,666.1280037453771,183.51196398509467,21.227748879263057,anchor_east_west:probe_via:physical_length:via18430,same_scalar_via_profile_probe,physical_length,52867.0,537.2000030204654,208.51196398509467,19.027748879263058,108,4.459962134825475,length_low|elevation_low|width_high,True,True,55330.0,663.2000021487474,188.65906379902404,16.46394361106091,141,6714,"S,P",True,0,True,67,5,62,0,0,21241,0.757027499988908,0.06516939999710303,0.05258289999619592,0.06046259999857284,0.8747797999822069,0.8826594999845838,56,67,0.0,{},,"{""metrics"": {""avg_pop"": 188.65906379902404, ""avg_width"": 16.46394361106091, ""elevation"": 663.2000021487474, ""length"": 55330.0, ""popularity_length"": 10438506.0, ""road_changes"": 141, ""width_length"": 910950.0}, ""normalized_violation_score"": 0.0, ""pair_type"": ""S,P"", ""profile_exact_deltas"": {""avg_pop"": 0.0, ""avg_width"": 0.0, ""elevation"": 0.0, ""length"": 0.0, ""popularity_length"": 0.0, ""road_changes"": 0.0, ""width_length"": 0.0}, ""profile_metrics"": {""avg_pop"": 188.65906379902404, ""avg_width"": 16.46394361106091, ""elevation"": 663.2000021487474, ""length"": 55330.0, ""popularity_length"": 10438506.0, ""road_changes"": 141, ""width_length"": 910950.0}, ""via_vertex"": 6714, ""violations"": {""elevation_high"": 0.0, ""elevation_low"": 0.0, ""length_high"": 0.0, ""length_low"": 0.0, ""popularity_low"": 0.0, ""width_high"": 0.0}}",,,,,,,,
development,anchor_east_west_09_l_low_h_low,anchor_east_west,L_LOW_AND_H_LOW,tight,L_LOW_ACTIVE|H_LOW_ACTIVE|L_LOW_AND_H_LOW|tight,9171,5495,pair_type,"S,S",full,52338.33,58153.7,527.530402966097,666.1280037453771,183.51196398509467,21.227748879263057,anchor_east_west:probe_via:physical_length:via18430,same_scalar_via_profile_probe,physical_length,52867.0,537.2000030204654,208.51196398509467,19.027748879263058,108,4.459962134825475,length_low|elevation_low|width_high,False,False,,,,,,,,,,,30,0,30,0,0,21241,0.757027499988908,0.06377419999626,0.02825799999118317,0.027685599998221733,,0.8484872999833897,,30,0.0,"{""elevation_high"": 0.0, ""elevation_low"": 0.0, ""length_high"": 0.0, ""length_low"": 0.0, ""popularity_low"": 0.0, ""width_high"": 0.0}",,"{""metrics"": {""avg_pop"": 187.1890870480681, ""avg_width"": 15.606115140281101, ""elevation"": 664.4000020995736, ""length"": 55567.0, ""popularity_length"": 10401536.0, ""road_changes"": 151, ""width_length"": 867185.0}, ""normalized_violation_score"": 0.0, ""pair_type"": ""S,S"", ""via_vertex"": 6724, ""violations"": {""elevation_high"": 0.0, ""elevation_low"": 0.0, ""length_high"": 0.0, ""length_low"": 0.0, ""popularity_low"": 0.0, ""width_high"": 0.0}}",,,,,,,,
development,anchor_east_west_09_l_low_h_low,anchor_east_west,L_LOW_AND_H_LOW,tight,L_LOW_ACTIVE|H_LOW_ACTIVE|L_LOW_AND_H_LOW|tight,9171,5495,union,VIA-UNION-2,full,52338.33,58153.7,527.530402966097,666.1280037453771,183.51196398509467,21.227748879263057,anchor_east_west:probe_via:physical_length:via18430,same_scalar_via_profile_probe,physical_length,52867.0,537.2000030204654,208.51196398509467,19.027748879263058,108,4.459962134825475,length_low|elevation_low|width_high,True,True,53971.0,540.2000025585294,220.93802227121972,19.005947638546626,114,18439,"P,P",True,0,True,234,4,203,0,0,42482,0.757027499988908,0.12787879999086726,0.09246429998893291,0.2267423999874154,0.9773705999687081,1.1116486999671906,97,234,0.0,{},,"{""metrics"": {""avg_pop"": 222.11599122329952, ""avg_width"": 19.005588582787915, ""elevation"": 533.7000029459596, ""length"": 53323.0, ""popularity_length"": 11843891.0, ""road_changes"": 109, ""width_length"": 1013435.0}, ""normalized_violation_score"": 0.0, ""pair_type"": ""P,P"", ""profile_exact_deltas"": {""avg_pop"": 0.0, ""avg_width"": 0.0, ""elevation"": 0.0, ""length"": 0.0, ""popularity_length"": 0.0, ""road_changes"": 0.0, ""width_length"": 0.0}, ""profile_metrics"": {""avg_pop"": 222.11599122329952, ""avg_width"": 19.005588582787915, ""elevation"": 533.7000029459596, ""length"": 53323.0, ""popularity_length"": 11843891.0, ""road_changes"": 109, ""width_length"": 1013435.0}, ""via_vertex"": 12733, ""violations"": {""elevation_high"": 0.0, ""elevation_low"": 0.0, ""length_high"": 0.0, ""length_low"": 0.0, ""popularity_low"": 0.0, ""width_high"": 0.0}}","P,P|S,S",0.12787879999086726,0.1281377999985125,0.2267423999874154,0.2535577000089688,96,0,0
development,anchor_east_west_09_l_low_h_low,anchor_east_west,L_LOW_AND_H_LOW,tight,L_LOW_ACTIVE|H_LOW_ACTIVE|L_LOW_AND_H_LOW|tight,9171,5495,union,MIXED-VIA-2,full,52338.33,58153.7,527.530402966097,666.1280037453771,183.51196398509467,21.227748879263057,anchor_east_west:probe_via:physical_length:via18430,same_scalar_via_profile_probe,physical_length,52867.0,537.2000030204654,208.51196398509467,19.027748879263058,108,4.459962134825475,length_low|elevation_low|width_high,True,True,54068.0,548.1000015586615,218.40966930531923,18.893245542649996,121,14164,"P,S",True,0,True,497,11,431,0,0,84964,0.757027499988908,0.25601659998937976,0.025287199998274446,0.48030009999638423,1.0383312999765621,1.493344199974672,24,497,0.0,{},,"{""metrics"": {""avg_pop"": 222.11599122329952, ""avg_width"": 19.005588582787915, ""elevation"": 533.7000029459596, ""length"": 53323.0, ""popularity_length"": 11843891.0, ""road_changes"": 109, ""width_length"": 1013435.0}, ""normalized_violation_score"": 0.0, ""pair_type"": ""P,P"", ""profile_exact_deltas"": {""avg_pop"": 0.0, ""avg_width"": 0.0, ""elevation"": 0.0, ""length"": 0.0, ""popularity_length"": 0.0, ""road_changes"": 0.0, ""width_length"": 0.0}, ""profile_metrics"": {""avg_pop"": 222.11599122329952, ""avg_width"": 19.005588582787915, ""elevation"": 533.7000029459596, ""length"": 53323.0, ""popularity_length"": 11843891.0, ""road_changes"": 109, ""width_length"": 1013435.0}, ""via_vertex"": 12733, ""violations"": {""elevation_high"": 0.0, ""elevation_low"": 0.0, ""length_high"": 0.0, ""length_low"": 0.0, ""popularity_low"": 0.0, ""width_high"": 0.0}}","P,P|P,S|S,P|S,S",0.12787879999086726,0.1281377999985125,0.2267423999874154,0.2535577000089688,23,0,0
development,anchor_east_west_10_multi_tight,anchor_east_west,MULTI_TIGHT,tight,MULTI_TIGHT|POP_ACTIVE|WIDTH_ACTIVE|tight,9171,5495,pair_type,"P,P",full,51016.655,54981.68,496.91000279393046,582.862003277205,202.51196398509467,19.777748879263058,anchor_east_west:probe_via:physical_length:via18430,same_scalar_via_profile_probe,physical_length,52867.0,537.2000030204654,208.51196398509467,19.027748879263058,108,6.207944464410688,length_low|elevation_low|width_high,True,True,53355.0,531.6000021621585,220.3335582419642,18.77912098210102,109,12733,"P,P",True,0,True,154,26,128,0,0,21241,0.7621872000017902,0.06623510000645183,0.012021200003800914,0.1514286000019638,0.8404435000120429,0.9798509000102058,12,154,0.0,{},,"{""metrics"": {""avg_pop"": 220.3335582419642, ""avg_width"": 18.77912098210102, ""elevation"": 531.6000021621585, ""length"": 53355.0, ""popularity_length"": 11755897.0, ""road_changes"": 109, ""width_length"": 1001960.0}, ""normalized_violation_score"": 0.0, ""pair_type"": ""P,P"", ""profile_exact_deltas"": {""avg_pop"": 0.0, ""avg_width"": 0.0, ""elevation"": 0.0, ""length"": 0.0, ""popularity_length"": 0.0, ""road_changes"": 0.0, ""width_length"": 0.0}, ""profile_metrics"": {""avg_pop"": 220.3335582419642, ""avg_width"": 18.77912098210102, ""elevation"": 531.6000021621585, ""length"": 53355.0, ""popularity_length"": 11755897.0, ""road_changes"": 109, ""width_length"": 1001960.0}, ""via_vertex"": 12733, ""violations"": {""elevation_high"": 0.0, ""elevation_low"": 0.0, ""length_high"": 0.0, ""length_low"": 0.0, ""popularity_low"": 0.0, ""width_high"": 0.0}}",,,,,,,,
development,anchor_east_west_10_multi_tight,anchor_east_west,MULTI_TIGHT,tight,MULTI_TIGHT|POP_ACTIVE|WIDTH_ACTIVE|tight,9171,5495,pair_type,"P,S",full,51016.655,54981.68,496.91000279393046,582.862003277205,202.51196398509467,19.777748879263058,anchor_east_west:probe_via:physical_length:via18430,same_scalar_via_profile_probe,physical_length,52867.0,537.2000030204654,208.51196398509467,19.027748879263058,108,6.207944464410688,length_low|elevation_low|width_high,True,True,53500.0,535.1000021621585,218.09128971962616,18.687102803738316,116,21796,"P,S",True,0,True,127,23,104,0,0,21241,0.7621872000017902,0.06282479999936186,0.014947399991797283,0.12354020000202581,0.8399593999929493,0.9485522000031779,15,127,0.0,{},,"{""metrics"": {""avg_pop"": 218.9726322493631, ""avg_width"": 18.71665667615765, ""elevation"": 533.8000022396445, ""length"": 53384.0, ""popularity_length"": 11689635.0, ""road_changes"": 112, ""width_length"": 999170.0}, ""normalized_violation_score"": 0.0, ""pair_type"": ""P,S"", ""profile_exact_deltas"": {""avg_pop"": 0.0, ""avg_width"": 0.0, ""elevation"": 0.0, ""length"": 0.0, ""popularity_length"": 0.0, ""road_changes"": 0.0, ""width_length"": 0.0}, ""profile_metrics"": {""avg_pop"": 218.9726322493631, ""avg_width"": 18.71665667615765, ""elevation"": 533.8000022396445, ""length"": 53384.0, ""popularity_length"": 11689635.0, ""road_changes"": 112, ""width_length"": 999170.0}, ""via_vertex"": 12733, ""violations"": {""elevation_high"": 0.0, ""elevation_low"": 0.0, ""length_high"": 0.0, ""length_low"": 0.0, ""popularity_low"": 0.0, ""width_high"": 0.0}}",,,,,,,,
development,anchor_east_west_10_multi_tight,anchor_east_west,MULTI_TIGHT,tight,MULTI_TIGHT|POP_ACTIVE|WIDTH_ACTIVE|tight,9171,5495,pair_type,"S,P",full,51016.655,54981.68,496.91000279393046,582.862003277205,202.51196398509467,19.777748879263058,anchor_east_west:probe_via:physical_length:via18430,same_scalar_via_profile_probe,physical_length,52867.0,537.2000030204654,208.51196398509467,19.027748879263058,108,6.207944464410688,length_low|elevation_low|width_high,False,False,,,,,,,,,,,0,0,0,0,0,21241,0.7621872000017902,0.06437259999802336,3.300010575912893e-06,3.00002284348011e-07,,0.8265601000020979,,0,0.10416078823154967,"{""elevation_high"": 0.0, ""elevation_low"": 0.0, ""length_high"": 0.0, ""length_low"": 229.65499999999884, ""popularity_low"": 21.09380579500666, ""width_high"": 0.0}",length_low|popularity_low,"{""metrics"": {""avg_pop"": 181.418158190088, ""avg_width"": 15.76446728493512, ""elevation"": 500.9999982267618, ""length"": 50787.0, ""popularity_length"": 9213684.0, ""road_changes"": 128, ""width_length"": 800630.0}, ""normalized_violation_score"": 0.10416078823154967, ""pair_type"": ""S,P"", ""via_vertex"": 6038, ""violations"": {""elevation_high"": 0.0, ""elevation_low"": 0.0, ""length_high"": 0.0, ""length_low"": 229.65499999999884, ""popularity_low"": 21.09380579500666, ""width_high"": 0.0}}",,,,,,,,
development,anchor_east_west_10_multi_tight,anchor_east_west,MULTI_TIGHT,tight,MULTI_TIGHT|POP_ACTIVE|WIDTH_ACTIVE|tight,9171,5495,pair_type,"S,S",full,51016.655,54981.68,496.91000279393046,582.862003277205,202.51196398509467,19.777748879263058,anchor_east_west:probe_via:physical_length:via18430,same_scalar_via_profile_probe,physical_length,52867.0,537.2000030204654,208.51196398509467,19.027748879263058,108,6.207944464410688,length_low|elevation_low|width_high,False,False,,,,,,,,,,,0,0,0,0,0,21241,0.7621872000017902,0.06527809999533929,3.5999983083456755e-06,4.00003045797348e-07,,0.8274657000001753,,0,0.15584820145899972,"{""elevation_high"": 0.0, ""elevation_low"": 0.0, ""length_high"": 0.0, ""length_low"": 0.0, ""popularity_low"": 31.56112536100673, ""width_high"": 0.0}",popularity_low,"{""metrics"": {""avg_pop"": 170.95083862408794, ""avg_width"": 16.03401876243722, ""elevation"": 518.4000036641955, ""length"": 52765.0, ""popularity_length"": 9020221.0, ""road_changes"": 140, ""width_length"": 846035.0}, ""normalized_violation_score"": 0.15584820145899972, ""pair_type"": ""S,S"", ""via_vertex"": 9667, ""violations"": {""elevation_high"": 0.0, ""elevation_low"": 0.0, ""length_high"": 0.0, ""length_low"": 0.0, ""popularity_low"": 31.56112536100673, ""width_high"": 0.0}}",,,,,,,,
development,anchor_east_west_10_multi_tight,anchor_east_west,MULTI_TIGHT,tight,MULTI_TIGHT|POP_ACTIVE|WIDTH_ACTIVE|tight,9171,5495,union,VIA-UNION-2,full,51016.655,54981.68,496.91000279393046,582.862003277205,202.51196398509467,19.777748879263058,anchor_east_west:probe_via:physical_length:via18430,same_scalar_via_profile_probe,physical_length,52867.0,537.2000030204654,208.51196398509467,19.027748879263058,108,6.207944464410688,length_low|elevation_low|width_high,True,True,53355.0,531.6000021621585,220.3335582419642,18.77912098210102,109,12733,"P,P",True,0,True,154,3,128,0,0,42482,0.7621872000017902,0.13151320000179112,0.011679500006721355,0.15142900000500958,0.9053799000103027,1.045129400008591,12,154,0.0,{},,"{""metrics"": {""avg_pop"": 220.3335582419642, ""avg_width"": 18.77912098210102, ""elevation"": 531.6000021621585, ""length"": 53355.0, ""popularity_length"": 11755897.0, ""road_changes"": 109, ""width_length"": 1001960.0}, ""normalized_violation_score"": 0.0, ""pair_type"": ""P,P"", ""profile_exact_deltas"": {""avg_pop"": 0.0, ""avg_width"": 0.0, ""elevation"": 0.0, ""length"": 0.0, ""popularity_length"": 0.0, ""road_changes"": 0.0, ""width_length"": 0.0}, ""profile_metrics"": {""avg_pop"": 220.3335582419642, ""avg_width"": 18.77912098210102, ""elevation"": 531.6000021621585, ""length"": 53355.0, ""popularity_length"": 11755897.0, ""road_changes"": 109, ""width_length"": 1001960.0}, ""via_vertex"": 12733, ""violations"": {""elevation_high"": 0.0, ""elevation_low"": 0.0, ""length_high"": 0.0, ""length_low"": 0.0, ""popularity_low"": 0.0, ""width_high"": 0.0}}","P,P|S,S",0.13151320000179112,0.12719739999738522,0.15142900000500958,0.12354050000431016,11,0,0
development,anchor_east_west_10_multi_tight,anchor_east_west,MULTI_TIGHT,tight,MULTI_TIGHT|POP_ACTIVE|WIDTH_ACTIVE|tight,9171,5495,union,MIXED-VIA-2,full,51016.655,54981.68,496.91000279393046,582.862003277205,202.51196398509467,19.777748879263058,anchor_east_west:probe_via:physical_length:via18430,same_scalar_via_profile_probe,physical_length,52867.0,537.2000030204654,208.51196398509467,19.027748879263058,108,6.207944464410688,length_low|elevation_low|width_high,True,True,53500.0,535.1000021621585,218.09128971962616,18.687102803738316,116,21796,"P,S",True,0,True,281,7,232,0,0,84964,0.7621872000017902,0.25871059999917634,0.014863100004731677,0.27496950000931975,1.0357609000056982,1.2958673000102863,15,281,0.0,{},,"{""metrics"": {""avg_pop"": 220.3335582419642, ""avg_width"": 18.77912098210102, ""elevation"": 531.6000021621585, ""length"": 53355.0, ""popularity_length"": 11755897.0, ""road_changes"": 109, ""width_length"": 1001960.0}, ""normalized_violation_score"": 0.0, ""pair_type"": ""P,P"", ""profile_exact_deltas"": {""avg_pop"": 0.0, ""avg_width"": 0.0, ""elevation"": 0.0, ""length"": 0.0, ""popularity_length"": 0.0, ""road_changes"": 0.0, ""width_length"": 0.0}, ""profile_metrics"": {""avg_pop"": 220.3335582419642, ""avg_width"": 18.77912098210102, ""elevation"": 531.6000021621585, ""length"": 53355.0, ""popularity_length"": 11755897.0, ""road_changes"": 109, ""width_length"": 1001960.0}, ""via_vertex"": 12733, ""violations"": {""elevation_high"": 0.0, ""elevation_low"": 0.0, ""length_high"": 0.0, ""length_low"": 0.0, ""popularity_low"": 0.0, ""width_high"": 0.0}}","P,P|P,S|S,P|S,S",0.13151320000179112,0.12719739999738522,0.15142900000500958,0.12354050000431016,14,0,0
development,anchor_east_west_15_l_high_active,anchor_east_west,L_HIGH_ACTIVE,tight,L_HIGH_ACTIVE|tight,9171,5495,pair_type,"P,P",full,46522.96,53818.606,402.90000226534903,725.2200040776282,184.51196398509467,21.32774887926306,anchor_east_west:probe_via:physical_length:via18430,same_scalar_via_profile_probe,physical_length,52867.0,537.2000030204654,208.51196398509467,19.027748879263058,108,2.757940832107259,length_low|elevation_low|width_high,True,True,51950.0,461.8000018745661,219.4745332050048,18.33869104908566,105,6714,"P,P",True,0,True,1002,137,865,0,0,21241,0.7721067999955267,0.06379569999990053,0.021931700001005083,0.9289340999966953,0.8578341999964323,1.7648365999921225,23,1002,0.0,{},,"{""metrics"": {""avg_pop"": 227.0258991881065, ""avg_width"": 19.358732674964116, ""elevation"": 464.8000042438507, ""length"": 46681.0, ""popularity_length"": 10597796.0, ""road_changes"": 89, ""width_length"": 903685.0}, ""normalized_violation_score"": 0.0, ""pair_type"": ""P,P"", ""profile_exact_deltas"": {""avg_pop"": 0.0, ""avg_width"": 0.0, ""elevation"": 0.0, ""length"": 0.0, ""popularity_length"": 0.0, ""road_changes"": 0.0, ""width_length"": 0.0}, ""profile_metrics"": {""avg_pop"": 227.0258991881065, ""avg_width"": 19.358732674964116, ""elevation"": 464.8000042438507, ""length"": 46681.0, ""popularity_length"": 10597796.0, ""road_changes"": 89, ""width_length"": 903685.0}, ""via_vertex"": 3084, ""violations"": {""elevation_high"": 0.0, ""elevation_low"": 0.0, ""length_high"": 0.0, ""length_low"": 0.0, ""popularity_low"": 0.0, ""width_high"": 0.0}}",,,,,,,,
development,anchor_east_west_15_l_high_active,anchor_east_west,L_HIGH_ACTIVE,tight,L_HIGH_ACTIVE|tight,9171,5495,pair_type,"P,S",full,46522.96,53818.606,402.90000226534903,725.2200040776282,184.51196398509467,21.32774887926306,anchor_east_west:probe_via:physical_length:via18430,same_scalar_via_profile_probe,physical_length,52867.0,537.2000030204654,208.51196398509467,19.027748879263058,108,2.757940832107259,length_low|elevation_low|width_high,True,True,48302.0,479.5000035762787,224.8291996190634,18.705954204794832,94,6252,"P,S",True,0,True,937,178,759,0,0,21241,0.7721067999955267,0.0653154000028735,0.20100010000169277,0.8957896000065375,1.038422300000093,1.7332118000049377,209,937,0.0,{},,"{""metrics"": {""avg_pop"": 200.96726707693566, ""avg_width"": 17.244178201222628, ""elevation"": 432.30000268667936, ""length"": 48911.0, ""popularity_length"": 9829510.0, ""road_changes"": 142, ""width_length"": 843430.0}, ""normalized_violation_score"": 0.0, ""pair_type"": ""P,S"", ""profile_exact_deltas"": {""avg_pop"": 0.0, ""avg_width"": 0.0, ""elevation"": 0.0, ""length"": 0.0, ""popularity_length"": 0.0, ""road_changes"": 0.0, ""width_length"": 0.0}, ""profile_metrics"": {""avg_pop"": 200.96726707693566, ""avg_width"": 17.244178201222628, ""elevation"": 432.30000268667936, ""length"": 48911.0, ""popularity_length"": 9829510.0, ""road_changes"": 142, ""width_length"": 843430.0}, ""via_vertex"": 211, ""violations"": {""elevation_high"": 0.0, ""elevation_low"": 0.0, ""length_high"": 0.0, ""length_low"": 0.0, ""popularity_low"": 0.0, ""width_high"": 0.0}}",,,,,,,,
development,anchor_east_west_15_l_high_active,anchor_east_west,L_HIGH_ACTIVE,tight,L_HIGH_ACTIVE|tight,9171,5495,pair_type,"S,P",full,46522.96,53818.606,402.90000226534903,725.2200040776282,184.51196398509467,21.32774887926306,anchor_east_west:probe_via:physical_length:via18430,same_scalar_via_profile_probe,physical_length,52867.0,537.2000030204654,208.51196398509467,19.027748879263058,108,2.757940832107259,length_low|elevation_low|width_high,True,True,51487.0,672.6000046506524,194.05663565560238,16.96107755355721,131,6253,"S,P",True,0,True,359,70,289,0,0,21241,0.7721067999955267,0.06398790000821464,0.03463949999422766,0.3090682000038214,0.870734199997969,1.1451629000075627,39,359,0.0,{},,"{""metrics"": {""avg_pop"": 192.28704130047447, ""avg_width"": 17.194550659646453, ""elevation"": 658.1000045612454, ""length"": 49951.0, ""popularity_length"": 9604930.0, ""road_changes"": 126, ""width_length"": 858885.0}, ""normalized_violation_score"": 0.0, ""pair_type"": ""S,P"", ""profile_exact_deltas"": {""avg_pop"": 0.0, ""avg_width"": 0.0, ""elevation"": 0.0, ""length"": 0.0, ""popularity_length"": 0.0, ""road_changes"": 0.0, ""width_length"": 0.0}, ""profile_metrics"": {""avg_pop"": 192.28704130047447, ""avg_width"": 17.194550659646453, ""elevation"": 658.1000045612454, ""length"": 49951.0, ""popularity_length"": 9604930.0, ""road_changes"": 126, ""width_length"": 858885.0}, ""via_vertex"": 3084, ""violations"": {""elevation_high"": 0.0, ""elevation_low"": 0.0, ""length_high"": 0.0, ""length_low"": 0.0, ""popularity_low"": 0.0, ""width_high"": 0.0}}",,,,,,,,
development,anchor_east_west_15_l_high_active,anchor_east_west,L_HIGH_ACTIVE,tight,L_HIGH_ACTIVE|tight,9171,5495,pair_type,"S,S",full,46522.96,53818.606,402.90000226534903,725.2200040776282,184.51196398509467,21.32774887926306,anchor_east_west:probe_via:physical_length:via18430,same_scalar_via_profile_probe,physical_length,52867.0,537.2000030204654,208.51196398509467,19.027748879263058,108,2.757940832107259,length_low|elevation_low|width_high,True,True,51572.0,672.8000038936734,191.32153106336773,16.65118669045218,131,6253,"S,S",True,0,True,164,37,127,0,0,21241,0.7721067999955267,0.06369130000530276,0.03456759999971837,0.1494677999871783,0.8703657000005478,0.9852658999880077,37,164,0.0,{},,"{""metrics"": {""avg_pop"": 189.4709808937565, ""avg_width"": 16.874750179870492, ""elevation"": 658.3000038042665, ""length"": 50036.0, ""popularity_length"": 9480370.0, ""road_changes"": 126, ""width_length"": 844345.0}, ""normalized_violation_score"": 0.0, ""pair_type"": ""S,S"", ""profile_exact_deltas"": {""avg_pop"": 0.0, ""avg_width"": 0.0, ""elevation"": 0.0, ""length"": 0.0, ""popularity_length"": 0.0, ""road_changes"": 0.0, ""width_length"": 0.0}, ""profile_metrics"": {""avg_pop"": 189.4709808937565, ""avg_width"": 16.874750179870492, ""elevation"": 658.3000038042665, ""length"": 50036.0, ""popularity_length"": 9480370.0, ""road_changes"": 126, ""width_length"": 844345.0}, ""via_vertex"": 3084, ""violations"": {""elevation_high"": 0.0, ""elevation_low"": 0.0, ""length_high"": 0.0, ""length_low"": 0.0, ""popularity_low"": 0.0, ""width_high"": 0.0}}",,,,,,,,
development,anchor_east_west_15_l_high_active,anchor_east_west,L_HIGH_ACTIVE,tight,L_HIGH_ACTIVE|tight,9171,5495,union,VIA-UNION-2,full,46522.96,53818.606,402.90000226534903,725.2200040776282,184.51196398509467,21.32774887926306,anchor_east_west:probe_via:physical_length:via18430,same_scalar_via_profile_probe,physical_length,52867.0,537.2000030204654,208.51196398509467,19.027748879263058,108,2.757940832107259,length_low|elevation_low|width_high,True,True,51950.0,461.8000018745661,219.4745332050048,18.33869104908566,105,6714,"P,P",True,0,True,1166,43,992,0,0,42482,0.7721067999955267,0.1274870000052033,0.02254469999752473,1.0784018999838736,0.9221384999982547,1.9779956999846036,23,1166,0.0,{},,"{""metrics"": {""avg_pop"": 227.0258991881065, ""avg_width"": 19.358732674964116, ""elevation"": 464.8000042438507, ""length"": 46681.0, ""popularity_length"": 10597796.0, ""road_changes"": 89, ""width_length"": 903685.0}, ""normalized_violation_score"": 0.0, ""pair_type"": ""P,P"", ""profile_exact_deltas"": {""avg_pop"": 0.0, ""avg_width"": 0.0, ""elevation"": 0.0, ""length"": 0.0, ""popularity_length"": 0.0, ""road_changes"": 0.0, ""width_length"": 0.0}, ""profile_metrics"": {""avg_pop"": 227.0258991881065, ""avg_width"": 19.358732674964116, ""elevation"": 464.8000042438507, ""length"": 46681.0, ""popularity_length"": 10597796.0, ""road_changes"": 89, ""width_length"": 903685.0}, ""via_vertex"": 3084, ""violations"": {""elevation_high"": 0.0, ""elevation_low"": 0.0, ""length_high"": 0.0, ""length_low"": 0.0, ""popularity_low"": 0.0, ""width_high"": 0.0}}","P,P|S,S",0.1274870000052033,0.12930330001108814,1.0784018999838736,1.204857800010359,22,0,0
development,anchor_east_west_15_l_high_active,anchor_east_west,L_HIGH_ACTIVE,tight,L_HIGH_ACTIVE|tight,9171,5495,union,MIXED-VIA-2,full,46522.96,53818.606,402.90000226534903,725.2200040776282,184.51196398509467,21.32774887926306,anchor_east_west:probe_via:physical_length:via18430,same_scalar_via_profile_probe,physical_length,52867.0,537.2000030204654,208.51196398509467,19.027748879263058,108,2.757940832107259,length_low|elevation_low|width_high,True,True,51950.0,461.8000018745661,219.4745332050048,18.33869104908566,105,6714,"P,P",True,0,True,2462,100,2040,0,0,84964,0.7721067999955267,0.25679030001629144,0.13917779999610502,2.2832596999942325,1.1680749000079231,3.3121568000060506,143,2462,0.0,{},,"{""metrics"": {""avg_pop"": 227.0258991881065, ""avg_width"": 19.358732674964116, ""elevation"": 464.8000042438507, ""length"": 46681.0, ""popularity_length"": 10597796.0, ""road_changes"": 89, ""width_length"": 903685.0}, ""normalized_violation_score"": 0.0, ""pair_type"": ""P,P"", ""profile_exact_deltas"": {""avg_pop"": 0.0, ""avg_width"": 0.0, ""elevation"": 0.0, ""length"": 0.0, ""popularity_length"": 0.0, ""road_changes"": 0.0, ""width_length"": 0.0}, ""profile_metrics"": {""avg_pop"": 227.0258991881065, ""avg_width"": 19.358732674964116, ""elevation"": 464.8000042438507, ""length"": 46681.0, ""popularity_length"": 10597796.0, ""road_changes"": 89, ""width_length"": 903685.0}, ""via_vertex"": 3084, ""violations"": {""elevation_high"": 0.0, ""elevation_low"": 0.0, ""length_high"": 0.0, ""length_low"": 0.0, ""popularity_low"": 0.0, ""width_high"": 0.0}}","P,P|P,S|S,P|S,S",0.1274870000052033,0.12930330001108814,1.0784018999838736,1.204857800010359,142,0,0
development,anchor_east_west_13_quality_conflict,anchor_east_west,QUALITY_CONFLICT,tight,QUALITY_CONFLICT|POP_ACTIVE|WIDTH_ACTIVE|tight,9171,5495,pair_type,"P,P",full,48637.64,59739.71,440.5040024767816,687.6160038661957,204.51196398509467,19.57774887926306,anchor_east_west:probe_via:physical_length:via18430,same_scalar_via_profile_probe,physical_length,52867.0,537.2000030204654,208.51196398509467,19.027748879263058,108,2.002837308718104,length_low|elevation_low|width_high,True,True,54059.0,475.9000016003847,215.87644980484285,18.145452191124512,106,986,"P,P",True,0,True,483,41,442,0,0,21241,0.7662180999905104,0.06396299999323674,0.010201000011875294,0.4806009999883827,0.8403820999956224,1.3107820999721298,10,483,0.0,{},,"{""metrics"": {""avg_pop"": 215.87644980484285, ""avg_width"": 18.145452191124512, ""elevation"": 475.9000016003847, ""length"": 54059.0, ""popularity_length"": 11670065.0, ""road_changes"": 106, ""width_length"": 980925.0}, ""normalized_violation_score"": 0.0, ""pair_type"": ""P,P"", ""profile_exact_deltas"": {""avg_pop"": 0.0, ""avg_width"": 0.0, ""elevation"": 0.0, ""length"": 0.0, ""popularity_length"": 0.0, ""road_changes"": 0.0, ""width_length"": 0.0}, ""profile_metrics"": {""avg_pop"": 215.87644980484285, ""avg_width"": 18.145452191124512, ""elevation"": 475.9000016003847, ""length"": 54059.0, ""popularity_length"": 11670065.0, ""road_changes"": 106, ""width_length"": 980925.0}, ""via_vertex"": 986, ""violations"": {""elevation_high"": 0.0, ""elevation_low"": 0.0, ""length_high"": 0.0, ""length_low"": 0.0, ""popularity_low"": 0.0, ""width_high"": 0.0}}",,,,,,,,
development,anchor_east_west_13_quality_conflict,anchor_east_west,QUALITY_CONFLICT,tight,QUALITY_CONFLICT|POP_ACTIVE|WIDTH_ACTIVE|tight,9171,5495,pair_type,"P,S",full,48637.64,59739.71,440.5040024767816,687.6160038661957,204.51196398509467,19.57774887926306,anchor_east_west:probe_via:physical_length:via18430,same_scalar_via_profile_probe,physical_length,52867.0,537.2000030204654,208.51196398509467,19.027748879263058,108,2.002837308718104,length_low|elevation_low|width_high,True,True,53500.0,535.1000021621585,218.09128971962616,18.687102803738316,116,21796,"P,S",True,0,True,374,25,349,0,0,21241,0.7662180999905104,0.0632200000109151,0.0932262999995146,0.358185200006119,0.9226644000009401,1.1876233000075445,98,374,0.0,{},,"{""metrics"": {""avg_pop"": 220.87191744884277, ""avg_width"": 18.74035640024097, ""elevation"": 480.4000029116869, ""length"": 51459.0, ""popularity_length"": 11365848.0, ""road_changes"": 103, ""width_length"": 964360.0}, ""normalized_violation_score"": 0.0, ""pair_type"": ""P,S"", ""profile_exact_deltas"": {""avg_pop"": 0.0, ""avg_width"": 0.0, ""elevation"": 0.0, ""length"": 0.0, ""popularity_length"": 0.0, ""road_changes"": 0.0, ""width_length"": 0.0}, ""profile_metrics"": {""avg_pop"": 220.87191744884277, ""avg_width"": 18.74035640024097, ""elevation"": 480.4000029116869, ""length"": 51459.0, ""popularity_length"": 11365848.0, ""road_changes"": 103, ""width_length"": 964360.0}, ""via_vertex"": 7792, ""violations"": {""elevation_high"": 0.0, ""elevation_low"": 0.0, ""length_high"": 0.0, ""length_low"": 0.0, ""popularity_low"": 0.0, ""width_high"": 0.0}}",,,,,,,,
development,anchor_east_west_13_quality_conflict,anchor_east_west,QUALITY_CONFLICT,tight,QUALITY_CONFLICT|POP_ACTIVE|WIDTH_ACTIVE|tight,9171,5495,pair_type,"S,P",full,48637.64,59739.71,440.5040024767816,687.6160038661957,204.51196398509467,19.57774887926306,anchor_east_west:probe_via:physical_length:via18430,same_scalar_via_profile_probe,physical_length,52867.0,537.2000030204654,208.51196398509467,19.027748879263058,108,2.002837308718104,length_low|elevation_low|width_high,False,False,,,,,,,,,,,0,0,0,0,0,21241,0.7662180999905104,0.06352520000655204,2.6000052457675338e-06,3.00002284348011e-07,,0.8297435999993468,,0,0.036631504195949655,"{""elevation_high"": 0.0, ""elevation_low"": 0.0, ""length_high"": 0.0, ""length_low"": 0.0, ""popularity_low"": 7.4915808668419, ""width_high"": 0.0}",popularity_low,"{""metrics"": {""avg_pop"": 197.02038311825277, ""avg_width"": 16.373128032060748, ""elevation"": 653.6000040471554, ""length"": 52151.0, ""popularity_length"": 10274810.0, ""road_changes"": 141, ""width_length"": 853875.0}, ""normalized_violation_score"": 0.036631504195949655, ""pair_type"": ""S,P"", ""via_vertex"": 5948, ""violations"": {""elevation_high"": 0.0, ""elevation_low"": 0.0, ""length_high"": 0.0, ""length_low"": 0.0, ""popularity_low"": 7.4915808668419, ""width_high"": 0.0}}",,,,,,,,
development,anchor_east_west_13_quality_conflict,anchor_east_west,QUALITY_CONFLICT,tight,QUALITY_CONFLICT|POP_ACTIVE|WIDTH_ACTIVE|tight,9171,5495,pair_type,"S,S",full,48637.64,59739.71,440.5040024767816,687.6160038661957,204.51196398509467,19.57774887926306,anchor_east_west:probe_via:physical_length:via18430,same_scalar_via_profile_probe,physical_length,52867.0,537.2000030204654,208.51196398509467,19.027748879263058,108,2.002837308718104,length_low|elevation_low|width_high,False,False,,,,,,,,,,,0,0,0,0,0,21241,0.7662180999905104,0.06424940000579227,2.3000029614195228e-06,3.00002284348011e-07,,0.830467799998587,,0,0.042657126055735385,"{""elevation_high"": 0.0, ""elevation_low"": 0.0, ""length_high"": 0.0, ""length_low"": 0.0, ""popularity_low"": 8.723892627618199, ""width_high"": 0.0}",popularity_low,"{""metrics"": {""avg_pop"": 195.78807135747647, ""avg_width"": 16.212483730189113, ""elevation"": 657.5000041499734, ""length"": 52244.0, ""popularity_length"": 10228752.0, ""road_changes"": 143, ""width_length"": 847005.0}, ""normalized_violation_score"": 0.042657126055735385, ""pair_type"": ""S,S"", ""via_vertex"": 5948, ""violations"": {""elevation_high"": 0.0, ""elevation_low"": 0.0, ""length_high"": 0.0, ""length_low"": 0.0, ""popularity_low"": 8.723892627618199, ""width_high"": 0.0}}",,,,,,,,
development,anchor_east_west_13_quality_conflict,anchor_east_west,QUALITY_CONFLICT,tight,QUALITY_CONFLICT|POP_ACTIVE|WIDTH_ACTIVE|tight,9171,5495,union,VIA-UNION-2,full,48637.64,59739.71,440.5040024767816,687.6160038661957,204.51196398509467,19.57774887926306,anchor_east_west:probe_via:physical_length:via18430,same_scalar_via_profile_probe,physical_length,52867.0,537.2000030204654,208.51196398509467,19.027748879263058,108,2.002837308718104,length_low|elevation_low|width_high,True,True,54059.0,475.9000016003847,215.87644980484285,18.145452191124512,106,986,"P,P",True,0,True,483,7,442,0,0,42482,0.7662180999905104,0.128212399999029,0.010348499999963678,0.48060129999066703,0.9047789999895031,1.3750317999802064,10,483,0.0,{},,"{""metrics"": {""avg_pop"": 215.87644980484285, ""avg_width"": 18.145452191124512, ""elevation"": 475.9000016003847, ""length"": 54059.0, ""popularity_length"": 11670065.0, ""road_changes"": 106, ""width_length"": 980925.0}, ""normalized_violation_score"": 0.0, ""pair_type"": ""P,P"", ""profile_exact_deltas"": {""avg_pop"": 0.0, ""avg_width"": 0.0, ""elevation"": 0.0, ""length"": 0.0, ""popularity_length"": 0.0, ""road_changes"": 0.0, ""width_length"": 0.0}, ""profile_metrics"": {""avg_pop"": 215.87644980484285, ""avg_width"": 18.145452191124512, ""elevation"": 475.9000016003847, ""length"": 54059.0, ""popularity_length"": 11670065.0, ""road_changes"": 106, ""width_length"": 980925.0}, ""via_vertex"": 986, ""violations"": {""elevation_high"": 0.0, ""elevation_low"": 0.0, ""length_high"": 0.0, ""length_low"": 0.0, ""popularity_low"": 0.0, ""width_high"": 0.0}}","P,P|S,S",0.128212399999029,0.12674520001746714,0.48060129999066703,0.3581855000084033,9,0,0
development,anchor_east_west_13_quality_conflict,anchor_east_west,QUALITY_CONFLICT,tight,QUALITY_CONFLICT|POP_ACTIVE|WIDTH_ACTIVE|tight,9171,5495,union,MIXED-VIA-2,full,48637.64,59739.71,440.5040024767816,687.6160038661957,204.51196398509467,19.57774887926306,anchor_east_west:probe_via:physical_length:via18430,same_scalar_via_profile_probe,physical_length,52867.0,537.2000030204654,208.51196398509467,19.027748879263058,108,2.002837308718104,length_low|elevation_low|width_high,True,True,54059.0,475.9000016003847,215.87644980484285,18.145452191124512,106,986,"P,P",True,0,True,857,13,791,0,0,84964,0.7662180999905104,0.25495760001649614,0.059950800001388416,0.8387867999990704,1.081126500008395,1.8599625000060769,62,857,0.0,{},,"{""metrics"": {""avg_pop"": 215.87644980484285, ""avg_width"": 18.145452191124512, ""elevation"": 475.9000016003847, ""length"": 54059.0, ""popularity_length"": 11670065.0, ""road_changes"": 106, ""width_length"": 980925.0}, ""normalized_violation_score"": 0.0, ""pair_type"": ""P,P"", ""profile_exact_deltas"": {""avg_pop"": 0.0, ""avg_width"": 0.0, ""elevation"": 0.0, ""length"": 0.0, ""popularity_length"": 0.0, ""road_changes"": 0.0, ""width_length"": 0.0}, ""profile_metrics"": {""avg_pop"": 215.87644980484285, ""avg_width"": 18.145452191124512, ""elevation"": 475.9000016003847, ""length"": 54059.0, ""popularity_length"": 11670065.0, ""road_changes"": 106, ""width_length"": 980925.0}, ""via_vertex"": 986, ""violations"": {""elevation_high"": 0.0, ""elevation_low"": 0.0, ""length_high"": 0.0, ""length_low"": 0.0, ""popularity_low"": 0.0, ""width_high"": 0.0}}","P,P|P,S|S,P|S,S",0.128212399999029,0.12674520001746714,0.48060129999066703,0.3581855000084033,61,0,0
development,anchor_south_north_08_loose,anchor_south_north,LOOSE_CONTROL,loose,loose,796,7935,pair_type,"P,P",full,42975.92,56968.08,356.7200003296137,662.4800006121397,206.3603417914032,18.746638117345714,anchor_south_north:probe_via:slope_exp_beta_150_width:via6255,same_scalar_via_profile_probe,slope_exp_beta_150_width,49972.0,509.6000004708767,241.3603417914032,15.246638117345714,104,1.010059919269076,length_low|elevation_low|popularity_low,True,True,46292.0,448.5000050663948,224.57420288602782,16.507711915665773,95,20814,"P,P",True,0,True,3187,564,2623,0,0,21243,0.7524457000108669,0.06697070000518579,0.13596859999233857,2.3640578000049572,0.9553850000083912,3.18347420002101,180,3187,0.0,{},,"{""metrics"": {""avg_pop"": 244.05538817026482, ""avg_width"": 17.037129329678546, ""elevation"": 429.3000016361475, ""length"": 44143.0, ""popularity_length"": 10773337.0, ""road_changes"": 85, ""width_length"": 752070.0}, ""normalized_violation_score"": 0.0, ""pair_type"": ""P,P"", ""profile_exact_deltas"": {""avg_pop"": 0.0, ""avg_width"": 0.0, ""elevation"": 0.0, ""length"": 0.0, ""popularity_length"": 0.0, ""road_changes"": 0.0, ""width_length"": 0.0}, ""profile_metrics"": {""avg_pop"": 244.05538817026482, ""avg_width"": 17.037129329678546, ""elevation"": 429.3000016361475, ""length"": 44143.0, ""popularity_length"": 10773337.0, ""road_changes"": 85, ""width_length"": 752070.0}, ""via_vertex"": 138, ""violations"": {""elevation_high"": 0.0, ""elevation_low"": 0.0, ""length_high"": 0.0, ""length_low"": 0.0, ""popularity_low"": 0.0, ""width_high"": 0.0}}",,,,,,,,
development,anchor_south_north_08_loose,anchor_south_north,LOOSE_CONTROL,loose,loose,796,7935,pair_type,"P,S",full,42975.92,56968.08,356.7200003296137,662.4800006121397,206.3603417914032,18.746638117345714,anchor_south_north:probe_via:slope_exp_beta_150_width:via6255,same_scalar_via_profile_probe,slope_exp_beta_150_width,49972.0,509.6000004708767,241.3603417914032,15.246638117345714,104,1.010059919269076,length_low|elevation_low|popularity_low,True,True,49058.0,544.8000005111098,236.1381222226752,14.942211260141057,116,4849,"P,S",True,0,True,3661,965,2696,0,0,21243,0.7524457000108669,0.07241340000473429,0.0383426999906078,2.6698552000016207,0.8632018000062089,3.494714300017222,46,3661,0.0,{},,"{""metrics"": {""avg_pop"": 235.6479114307999, ""avg_width"": 14.876614091342404, ""elevation"": 487.3999973908067, ""length"": 46156.0, ""popularity_length"": 10876565.0, ""road_changes"": 110, ""width_length"": 686645.0}, ""normalized_violation_score"": 0.0, ""pair_type"": ""P,S"", ""profile_exact_deltas"": {""avg_pop"": 0.0, ""avg_width"": 0.0, ""elevation"": 0.0, ""length"": 0.0, ""popularity_length"": 0.0, ""road_changes"": 0.0, ""width_length"": 0.0}, ""profile_metrics"": {""avg_pop"": 235.6479114307999, ""avg_width"": 14.876614091342404, ""elevation"": 487.3999973908067, ""length"": 46156.0, ""popularity_length"": 10876565.0, ""road_changes"": 110, ""width_length"": 686645.0}, ""via_vertex"": 138, ""violations"": {""elevation_high"": 0.0, ""elevation_low"": 0.0, ""length_high"": 0.0, ""length_low"": 0.0, ""popularity_low"": 0.0, ""width_high"": 0.0}}",,,,,,,,
development,anchor_south_north_08_loose,anchor_south_north,LOOSE_CONTROL,loose,loose,796,7935,pair_type,"S,P",full,42975.92,56968.08,356.7200003296137,662.4800006121397,206.3603417914032,18.746638117345714,anchor_south_north:probe_via:slope_exp_beta_150_width:via6255,same_scalar_via_profile_probe,slope_exp_beta_150_width,49972.0,509.6000004708767,241.3603417914032,15.246638117345714,104,1.010059919269076,length_low|elevation_low|popularity_low,True,True,48426.0,447.5000030621886,214.6509519679511,16.58003964812291,115,16253,"S,P",True,0,True,2977,709,2268,0,0,21243,0.7524457000108669,0.06491300000925548,0.059885599999688566,2.3459245999983978,0.8772443000198109,3.16328330001852,69,2977,0.0,{},,"{""metrics"": {""avg_pop"": 208.2036671562328, ""avg_width"": 16.46009271158436, ""elevation"": 494.10000037401915, ""length"": 43576.0, ""popularity_length"": 9072683.0, ""road_changes"": 101, ""width_length"": 717265.0}, ""normalized_violation_score"": 0.0, ""pair_type"": ""S,P"", ""profile_exact_deltas"": {""avg_pop"": 0.0, ""avg_width"": 0.0, ""elevation"": 0.0, ""length"": 0.0, ""popularity_length"": 0.0, ""road_changes"": 0.0, ""width_length"": 0.0}, ""profile_metrics"": {""avg_pop"": 208.2036671562328, ""avg_width"": 16.46009271158436, ""elevation"": 494.10000037401915, ""length"": 43576.0, ""popularity_length"": 9072683.0, ""road_changes"": 101, ""width_length"": 717265.0}, ""via_vertex"": 138, ""violations"": {""elevation_high"": 0.0, ""elevation_low"": 0.0, ""length_high"": 0.0, ""length_low"": 0.0, ""popularity_low"": 0.0, ""width_high"": 0.0}}",,,,,,,,
development,anchor_south_north_08_loose,anchor_south_north,LOOSE_CONTROL,loose,loose,796,7935,pair_type,"S,S",full,42975.92,56968.08,356.7200003296137,662.4800006121397,206.3603417914032,18.746638117345714,anchor_south_north:probe_via:slope_exp_beta_150_width:via6255,same_scalar_via_profile_probe,slope_exp_beta_150_width,49972.0,509.6000004708767,241.3603417914032,15.246638117345714,104,1.010059919269076,length_low|elevation_low|popularity_low,True,True,49969.0,537.500000782311,241.5051331825732,15.544937861474114,100,3081,"S,S",True,0,True,482,122,360,0,0,21243,0.7524457000108669,0.06465580000076443,0.014587800003937446,0.34914950000529643,0.8316893000155687,1.1662510000169277,21,482,0.0,{},,"{""metrics"": {""avg_pop"": 207.73586086956522, ""avg_width"": 14.54527536231884, ""elevation"": 505.7999967113137, ""length"": 43125.0, ""popularity_length"": 8958609.0, ""road_changes"": 117, ""width_length"": 627265.0}, ""normalized_violation_score"": 0.0, ""pair_type"": ""S,S"", ""profile_exact_deltas"": {""avg_pop"": 0.0, ""avg_width"": 0.0, ""elevation"": 0.0, ""length"": 0.0, ""popularity_length"": 0.0, ""road_changes"": 0.0, ""width_length"": 0.0}, ""profile_metrics"": {""avg_pop"": 207.73586086956522, ""avg_width"": 14.54527536231884, ""elevation"": 505.7999967113137, ""length"": 43125.0, ""popularity_length"": 8958609.0, ""road_changes"": 117, ""width_length"": 627265.0}, ""via_vertex"": 424, ""violations"": {""elevation_high"": 0.0, ""elevation_low"": 0.0, ""length_high"": 0.0, ""length_low"": 0.0, ""popularity_low"": 0.0, ""width_high"": 0.0}}",,,,,,,,
development,anchor_south_north_08_loose,anchor_south_north,LOOSE_CONTROL,loose,loose,796,7935,union,VIA-UNION-2,full,42975.92,56968.08,356.7200003296137,662.4800006121397,206.3603417914032,18.746638117345714,anchor_south_north:probe_via:slope_exp_beta_150_width:via6255,same_scalar_via_profile_probe,slope_exp_beta_150_width,49972.0,509.6000004708767,241.3603417914032,15.246638117345714,104,1.010059919269076,length_low|elevation_low|popularity_low,True,True,49969.0,537.500000782311,241.5051331825732,15.544937861474114,100,3081,"S,S",True,0,True,3669,184,2983,0,0,42486,0.7524457000108669,0.13162650000595022,0.022729699994670227,2.7132073000102537,0.9068019000114873,3.5972795000270708,22,3669,0.0,{},,"{""metrics"": {""avg_pop"": 244.05538817026482, ""avg_width"": 17.037129329678546, ""elevation"": 429.3000016361475, ""length"": 44143.0, ""popularity_length"": 10773337.0, ""road_changes"": 85, ""width_length"": 752070.0}, ""normalized_violation_score"": 0.0, ""pair_type"": ""P,P"", ""profile_exact_deltas"": {""avg_pop"": 0.0, ""avg_width"": 0.0, ""elevation"": 0.0, ""length"": 0.0, ""popularity_length"": 0.0, ""road_changes"": 0.0, ""width_length"": 0.0}, ""profile_metrics"": {""avg_pop"": 244.05538817026482, ""avg_width"": 17.037129329678546, ""elevation"": 429.3000016361475, ""length"": 44143.0, ""popularity_length"": 10773337.0, ""road_changes"": 85, ""width_length"": 752070.0}, ""via_vertex"": 138, ""violations"": {""elevation_high"": 0.0, ""elevation_low"": 0.0, ""length_high"": 0.0, ""length_low"": 0.0, ""popularity_low"": 0.0, ""width_high"": 0.0}}","P,P|S,S",0.13162650000595022,0.13732640001398977,2.7132073000102537,5.015779800000018,21,0,0
development,anchor_south_north_08_loose,anchor_south_north,LOOSE_CONTROL,loose,loose,796,7935,union,MIXED-VIA-2,full,42975.92,56968.08,356.7200003296137,662.4800006121397,206.3603417914032,18.746638117345714,anchor_south_north:probe_via:slope_exp_beta_150_width:via6255,same_scalar_via_profile_probe,slope_exp_beta_150_width,49972.0,509.6000004708767,241.3603417914032,15.246638117345714,104,1.010059919269076,length_low|elevation_low|popularity_low,True,True,49058.0,544.8000005111098,236.1381222226752,14.942211260141057,116,4849,"P,S",True,0,True,10307,655,7947,0,0,84972,0.7524457000108669,0.26895290001994,0.054027500009397045,7.728987100010272,1.075426100040204,8.750385700041079,47,10307,0.0,{},,"{""metrics"": {""avg_pop"": 244.05538817026482, ""avg_width"": 17.037129329678546, ""elevation"": 429.3000016361475, ""length"": 44143.0, ""popularity_length"": 10773337.0, ""road_changes"": 85, ""width_length"": 752070.0}, ""normalized_violation_score"": 0.0, ""pair_type"": ""P,P"", ""profile_exact_deltas"": {""avg_pop"": 0.0, ""avg_width"": 0.0, ""elevation"": 0.0, ""length"": 0.0, ""popularity_length"": 0.0, ""road_changes"": 0.0, ""width_length"": 0.0}, ""profile_metrics"": {""avg_pop"": 244.05538817026482, ""avg_width"": 17.037129329678546, ""elevation"": 429.3000016361475, ""length"": 44143.0, ""popularity_length"": 10773337.0, ""road_changes"": 85, ""width_length"": 752070.0}, ""via_vertex"": 138, ""violations"": {""elevation_high"": 0.0, ""elevation_low"": 0.0, ""length_high"": 0.0, ""length_low"": 0.0, ""popularity_low"": 0.0, ""width_high"": 0.0}}","P,P|P,S|S,P|S,S",0.13162650000595022,0.13732640001398977,2.7132073000102537,5.015779800000018,46,0,0
development,anchor_south_north_01_l_low_h_low,anchor_south_north,L_LOW_AND_H_LOW,tight,L_LOW_ACTIVE|H_LOW_ACTIVE|L_LOW_AND_H_LOW|tight,796,7935,pair_type,"P,P",full,49472.28,54969.2,500.4272004624009,631.9040005838871,216.3603417914032,17.446638117345714,anchor_south_north:probe_via:slope_exp_beta_150_width:via6255,same_scalar_via_profile_probe,slope_exp_beta_150_width,49972.0,509.6000004708767,241.3603417914032,15.246638117345714,104,3.7528797945031047,length_low|elevation_low|popularity_low|width_high,True,True,52069.0,548.6000006943941,242.63331348787187,14.98953311951449,114,20369,"P,P",True,0,True,319,16,303,0,0,21243,0.7644453000102658,0.06392719999712426,0.03362689999630675,0.21954820000973996,0.8619994000036968,1.04792070001713,47,319,0.0,{},,"{""metrics"": {""avg_pop"": 247.3229503614073, ""avg_width"": 15.488998043209136, ""elevation"": 511.5000004544854, ""length"": 50082.0, ""popularity_length"": 12386428.0, ""road_changes"": 91, ""width_length"": 775720.0}, ""normalized_violation_score"": 0.0, ""pair_type"": ""P,P"", ""profile_exact_deltas"": {""avg_pop"": 0.0, ""avg_width"": 0.0, ""elevation"": 0.0, ""length"": 0.0, ""popularity_length"": 0.0, ""road_changes"": 0.0, ""width_length"": 0.0}, ""profile_metrics"": {""avg_pop"": 247.3229503614073, ""avg_width"": 15.488998043209136, ""elevation"": 511.5000004544854, ""length"": 50082.0, ""popularity_length"": 12386428.0, ""road_changes"": 91, ""width_length"": 775720.0}, ""via_vertex"": 6251, ""violations"": {""elevation_high"": 0.0, ""elevation_low"": 0.0, ""length_high"": 0.0, ""length_low"": 0.0, ""popularity_low"": 0.0, ""width_high"": 0.0}}",,,,,,,,
development,anchor_south_north_01_l_low_h_low,anchor_south_north,L_LOW_AND_H_LOW,tight,L_LOW_ACTIVE|H_LOW_ACTIVE|L_LOW_AND_H_LOW|tight,796,7935,pair_type,"P,S",full,49472.28,54969.2,500.4272004624009,631.9040005838871,216.3603417914032,17.446638117345714,anchor_south_north:probe_via:slope_exp_beta_150_width:via6255,same_scalar_via_profile_probe,slope_exp_beta_150_width,49972.0,509.6000004708767,241.3603417914032,15.246638117345714,104,3.7528797945031047,length_low|elevation_low|popularity_low|width_high,True,True,52042.0,576.9000011235476,236.24345720763998,15.033914914876446,127,10936,"P,S",True,0,True,901,197,704,0,0,21243,0.7644453000102658,0.06364520000352059,0.09998369999811985,0.6483317000092939,0.9280742000119062,1.4764222000230802,145,901,0.0,{},,"{""metrics"": {""avg_pop"": 241.5051331825732, ""avg_width"": 15.544937861474114, ""elevation"": 537.500000782311, ""length"": 49969.0, ""popularity_length"": 12067770.0, ""road_changes"": 100, ""width_length"": 776765.0}, ""normalized_violation_score"": 0.0, ""pair_type"": ""P,S"", ""profile_exact_deltas"": {""avg_pop"": 0.0, ""avg_width"": 0.0, ""elevation"": 0.0, ""length"": 0.0, ""popularity_length"": 0.0, ""road_changes"": 0.0, ""width_length"": 0.0}, ""profile_metrics"": {""avg_pop"": 241.5051331825732, ""avg_width"": 15.544937861474114, ""elevation"": 537.500000782311, ""length"": 49969.0, ""popularity_length"": 12067770.0, ""road_changes"": 100, ""width_length"": 776765.0}, ""via_vertex"": 3081, ""violations"": {""elevation_high"": 0.0, ""elevation_low"": 0.0, ""length_high"": 0.0, ""length_low"": 0.0, ""popularity_low"": 0.0, ""width_high"": 0.0}}",,,,,,,,
development,anchor_south_north_01_l_low_h_low,anchor_south_north,L_LOW_AND_H_LOW,tight,L_LOW_ACTIVE|H_LOW_ACTIVE|L_LOW_AND_H_LOW|tight,796,7935,pair_type,"S,P",full,49472.28,54969.2,500.4272004624009,631.9040005838871,216.3603417914032,17.446638117345714,anchor_south_north:probe_via:slope_exp_beta_150_width:via6255,same_scalar_via_profile_probe,slope_exp_beta_150_width,49972.0,509.6000004708767,241.3603417914032,15.246638117345714,104,3.7528797945031047,length_low|elevation_low|popularity_low|width_high,True,True,50082.0,511.5000004544854,247.3229503614073,15.488998043209136,91,6253,"S,P",True,0,True,47,9,38,0,0,21243,0.7644453000102658,0.06397019998985343,0.00537379999877885,0.035625100004835986,0.8337892999988981,0.8640406000049552,8,47,0.0,{},,"{""metrics"": {""avg_pop"": 247.3229503614073, ""avg_width"": 15.488998043209136, ""elevation"": 511.5000004544854, ""length"": 50082.0, ""popularity_length"": 12386428.0, ""road_changes"": 91, ""width_length"": 775720.0}, ""normalized_violation_score"": 0.0, ""pair_type"": ""S,P"", ""profile_exact_deltas"": {""avg_pop"": 0.0, ""avg_width"": 0.0, ""elevation"": 0.0, ""length"": 0.0, ""popularity_length"": 0.0, ""road_changes"": 0.0, ""width_length"": 0.0}, ""profile_metrics"": {""avg_pop"": 247.3229503614073, ""avg_width"": 15.488998043209136, ""elevation"": 511.5000004544854, ""length"": 50082.0, ""popularity_length"": 12386428.0, ""road_changes"": 91, ""width_length"": 775720.0}, ""via_vertex"": 6253, ""violations"": {""elevation_high"": 0.0, ""elevation_low"": 0.0, ""length_high"": 0.0, ""length_low"": 0.0, ""popularity_low"": 0.0, ""width_high"": 0.0}}",,,,,,,,
development,anchor_south_north_01_l_low_h_low,anchor_south_north,L_LOW_AND_H_LOW,tight,L_LOW_ACTIVE|H_LOW_ACTIVE|L_LOW_AND_H_LOW|tight,796,7935,pair_type,"S,S",full,49472.28,54969.2,500.4272004624009,631.9040005838871,216.3603417914032,17.446638117345714,anchor_south_north:probe_via:slope_exp_beta_150_width:via6255,same_scalar_via_profile_probe,slope_exp_beta_150_width,49972.0,509.6000004708767,241.3603417914032,15.246638117345714,104,3.7528797945031047,length_low|elevation_low|popularity_low|width_high,True,True,49969.0,537.500000782311,241.5051331825732,15.544937861474114,100,3081,"S,S",True,0,True,40,10,30,0,0,21243,0.7644453000102658,0.06420559999241959,0.020878600000287406,0.02661620000435505,0.8495295000029728,0.8552671000070404,31,40,0.0,{},,"{""metrics"": {""avg_pop"": 241.5051331825732, ""avg_width"": 15.544937861474114, ""elevation"": 537.500000782311, ""length"": 49969.0, ""popularity_length"": 12067770.0, ""road_changes"": 100, ""width_length"": 776765.0}, ""normalized_violation_score"": 0.0, ""pair_type"": ""S,S"", ""profile_exact_deltas"": {""avg_pop"": 0.0, ""avg_width"": 0.0, ""elevation"": 0.0, ""length"": 0.0, ""popularity_length"": 0.0, ""road_changes"": 0.0, ""width_length"": 0.0}, ""profile_metrics"": {""avg_pop"": 241.5051331825732, ""avg_width"": 15.544937861474114, ""elevation"": 537.500000782311, ""length"": 49969.0, ""popularity_length"": 12067770.0, ""road_changes"": 100, ""width_length"": 776765.0}, ""via_vertex"": 3081, ""violations"": {""elevation_high"": 0.0, ""elevation_low"": 0.0, ""length_high"": 0.0, ""length_low"": 0.0, ""popularity_low"": 0.0, ""width_high"": 0.0}}",,,,,,,,
development,anchor_south_north_01_l_low_h_low,anchor_south_north,L_LOW_AND_H_LOW,tight,L_LOW_ACTIVE|H_LOW_ACTIVE|L_LOW_AND_H_LOW|tight,796,7935,union,VIA-UNION-2,full,49472.28,54969.2,500.4272004624009,631.9040005838871,216.3603417914032,17.446638117345714,anchor_south_north:probe_via:slope_exp_beta_150_width:via6255,same_scalar_via_profile_probe,slope_exp_beta_150_width,49972.0,509.6000004708767,241.3603417914032,15.246638117345714,104,3.7528797945031047,length_low|elevation_low|popularity_low|width_high,True,True,52069.0,548.6000006943941,242.63331348787187,14.98953311951449,114,20369,"P,P",True,0,True,359,5,333,0,0,42486,0.7644453000102658,0.12813279998954386,0.03428870000061579,0.246164400014095,0.9268668000004254,1.1387425000139046,47,359,0.0,{},,"{""metrics"": {""avg_pop"": 247.3229503614073, ""avg_width"": 15.488998043209136, ""elevation"": 511.5000004544854, ""length"": 50082.0, ""popularity_length"": 12386428.0, ""road_changes"": 91, ""width_length"": 775720.0}, ""normalized_violation_score"": 0.0, ""pair_type"": ""P,P"", ""profile_exact_deltas"": {""avg_pop"": 0.0, ""avg_width"": 0.0, ""elevation"": 0.0, ""length"": 0.0, ""popularity_length"": 0.0, ""road_changes"": 0.0, ""width_length"": 0.0}, ""profile_metrics"": {""avg_pop"": 247.3229503614073, ""avg_width"": 15.488998043209136, ""elevation"": 511.5000004544854, ""length"": 50082.0, ""popularity_length"": 12386428.0, ""road_changes"": 91, ""width_length"": 775720.0}, ""via_vertex"": 6251, ""violations"": {""elevation_high"": 0.0, ""elevation_low"": 0.0, ""length_high"": 0.0, ""length_low"": 0.0, ""popularity_low"": 0.0, ""width_high"": 0.0}}","P,P|S,S",0.12813279998954386,0.127615399993374,0.246164400014095,0.6839568000141298,46,0,0
development,anchor_south_north_01_l_low_h_low,anchor_south_north,L_LOW_AND_H_LOW,tight,L_LOW_ACTIVE|H_LOW_ACTIVE|L_LOW_AND_H_LOW|tight,796,7935,union,MIXED-VIA-2,full,49472.28,54969.2,500.4272004624009,631.9040005838871,216.3603417914032,17.446638117345714,anchor_south_north:probe_via:slope_exp_beta_150_width:via6255,same_scalar_via_profile_probe,slope_exp_beta_150_width,49972.0,509.6000004708767,241.3603417914032,15.246638117345714,104,3.7528797945031047,length_low|elevation_low|popularity_low|width_high,True,True,52069.0,548.6000006943941,242.63331348787187,14.98953311951449,114,20369,"P,P",True,0,True,1307,51,1075,0,0,84972,0.7644453000102658,0.25574819998291787,0.12361179999425076,0.9301212000282248,1.1438052999874344,1.9503147000214085,175,1307,0.0,{},,"{""metrics"": {""avg_pop"": 247.3229503614073, ""avg_width"": 15.488998043209136, ""elevation"": 511.5000004544854, ""length"": 50082.0, ""popularity_length"": 12386428.0, ""road_changes"": 91, ""width_length"": 775720.0}, ""normalized_violation_score"": 0.0, ""pair_type"": ""P,P"", ""profile_exact_deltas"": {""avg_pop"": 0.0, ""avg_width"": 0.0, ""elevation"": 0.0, ""length"": 0.0, ""popularity_length"": 0.0, ""road_changes"": 0.0, ""width_length"": 0.0}, ""profile_metrics"": {""avg_pop"": 247.3229503614073, ""avg_width"": 15.488998043209136, ""elevation"": 511.5000004544854, ""length"": 50082.0, ""popularity_length"": 12386428.0, ""road_changes"": 91, ""width_length"": 775720.0}, ""via_vertex"": 6251, ""violations"": {""elevation_high"": 0.0, ""elevation_low"": 0.0, ""length_high"": 0.0, ""length_low"": 0.0, ""popularity_low"": 0.0, ""width_high"": 0.0}}","P,P|P,S|S,P|S,S",0.12813279998954386,0.127615399993374,0.246164400014095,0.6839568000141298,174,0,0
development,anchor_south_north_02_multi_tight,anchor_south_north,MULTI_TIGHT,tight,MULTI_TIGHT|POP_ACTIVE|WIDTH_ACTIVE|tight,796,7935,pair_type,"P,P",full,48222.98,51970.88,471.38000043556093,552.9160005109012,235.3603417914032,15.996638117345714,anchor_south_north:probe_via:slope_exp_beta_150_width:via6255,same_scalar_via_profile_probe,slope_exp_beta_150_width,49972.0,509.6000004708767,241.3603417914032,15.246638117345714,104,5.1708903652712275,length_low|elevation_low|popularity_low|width_high,True,True,49681.0,501.4999973475933,239.4638795515388,14.4732392665204,118,3886,"P,P",True,0,True,737,120,617,0,0,21243,0.7675249000021722,0.06364500000199769,0.057433099995250814,0.5080082999920705,0.8886029999994207,1.3391781999962404,85,737,0.0,{},,"{""metrics"": {""avg_pop"": 239.7800016541229, ""avg_width"": 14.516685964767182, ""elevation"": 476.19999738037586, ""length"": 48364.0, ""popularity_length"": 11596720.0, ""road_changes"": 110, ""width_length"": 702085.0}, ""normalized_violation_score"": 0.0, ""pair_type"": ""P,P"", ""profile_exact_deltas"": {""avg_pop"": 0.0, ""avg_width"": 0.0, ""elevation"": 0.0, ""length"": 0.0, ""popularity_length"": 0.0, ""road_changes"": 0.0, ""width_length"": 0.0}, ""profile_metrics"": {""avg_pop"": 239.7800016541229, ""avg_width"": 14.516685964767182, ""elevation"": 476.19999738037586, ""length"": 48364.0, ""popularity_length"": 11596720.0, ""road_changes"": 110, ""width_length"": 702085.0}, ""via_vertex"": 1021, ""violations"": {""elevation_high"": 0.0, ""elevation_low"": 0.0, ""length_high"": 0.0, ""length_low"": 0.0, ""popularity_low"": 0.0, ""width_high"": 0.0}}",,,,,,,,
development,anchor_south_north_02_multi_tight,anchor_south_north,MULTI_TIGHT,tight,MULTI_TIGHT|POP_ACTIVE|WIDTH_ACTIVE|tight,796,7935,pair_type,"P,S",full,48222.98,51970.88,471.38000043556093,552.9160005109012,235.3603417914032,15.996638117345714,anchor_south_north:probe_via:slope_exp_beta_150_width:via6255,same_scalar_via_profile_probe,slope_exp_beta_150_width,49972.0,509.6000004708767,241.3603417914032,15.246638117345714,104,5.1708903652712275,length_low|elevation_low|popularity_low|width_high,True,True,50369.0,483.69999919086695,236.95795032658978,15.010125275467054,125,1475,"P,S",True,0,True,275,57,218,0,0,21243,0.7675249000021722,0.06537159999425057,0.04207769999629818,0.18080330001248512,0.874974199992721,1.013699800008908,63,275,0.0,{},,"{""metrics"": {""avg_pop"": 236.95795032658978, ""avg_width"": 15.010125275467054, ""elevation"": 483.69999919086695, ""length"": 50369.0, ""popularity_length"": 11935335.0, ""road_changes"": 125, ""width_length"": 756045.0}, ""normalized_violation_score"": 0.0, ""pair_type"": ""P,S"", ""profile_exact_deltas"": {""avg_pop"": 0.0, ""avg_width"": 0.0, ""elevation"": 0.0, ""length"": 0.0, ""popularity_length"": 0.0, ""road_changes"": 0.0, ""width_length"": 0.0}, ""profile_metrics"": {""avg_pop"": 236.95795032658978, ""avg_width"": 15.010125275467054, ""elevation"": 483.69999919086695, ""length"": 50369.0, ""popularity_length"": 11935335.0, ""road_changes"": 125, ""width_length"": 756045.0}, ""via_vertex"": 1475, ""violations"": {""elevation_high"": 0.0, ""elevation_low"": 0.0, ""length_high"": 0.0, ""length_low"": 0.0, ""popularity_low"": 0.0, ""width_high"": 0.0}}",,,,,,,,
development,anchor_south_north_02_multi_tight,anchor_south_north,MULTI_TIGHT,tight,MULTI_TIGHT|POP_ACTIVE|WIDTH_ACTIVE|tight,796,7935,pair_type,"S,P",full,48222.98,51970.88,471.38000043556093,552.9160005109012,235.3603417914032,15.996638117345714,anchor_south_north:probe_via:slope_exp_beta_150_width:via6255,same_scalar_via_profile_probe,slope_exp_beta_150_width,49972.0,509.6000004708767,241.3603417914032,15.246638117345714,104,5.1708903652712275,length_low|elevation_low|popularity_low|width_high,True,True,50082.0,511.5000004544854,247.3229503614073,15.488998043209136,91,6254,"S,P",True,0,True,18,1,17,0,0,21243,0.7675249000021722,0.06406379998952616,0.0027606000076048076,0.012523500001407228,0.8343492999993032,0.8441121999931056,4,18,0.0,{},,"{""metrics"": {""avg_pop"": 247.3229503614073, ""avg_width"": 15.488998043209136, ""elevation"": 511.5000004544854, ""length"": 50082.0, ""popularity_length"": 12386428.0, ""road_changes"": 91, ""width_length"": 775720.0}, ""normalized_violation_score"": 0.0, ""pair_type"": ""S,P"", ""profile_exact_deltas"": {""avg_pop"": 0.0, ""avg_width"": 0.0, ""elevation"": 0.0, ""length"": 0.0, ""popularity_length"": 0.0, ""road_changes"": 0.0, ""width_length"": 0.0}, ""profile_metrics"": {""avg_pop"": 247.3229503614073, ""avg_width"": 15.488998043209136, ""elevation"": 511.5000004544854, ""length"": 50082.0, ""popularity_length"": 12386428.0, ""road_changes"": 91, ""width_length"": 775720.0}, ""via_vertex"": 6254, ""violations"": {""elevation_high"": 0.0, ""elevation_low"": 0.0, ""length_high"": 0.0, ""length_low"": 0.0, ""popularity_low"": 0.0, ""width_high"": 0.0}}",,,,,,,,
development,anchor_south_north_02_multi_tight,anchor_south_north,MULTI_TIGHT,tight,MULTI_TIGHT|POP_ACTIVE|WIDTH_ACTIVE|tight,796,7935,pair_type,"S,S",full,48222.98,51970.88,471.38000043556093,552.9160005109012,235.3603417914032,15.996638117345714,anchor_south_north:probe_via:slope_exp_beta_150_width:via6255,same_scalar_via_profile_probe,slope_exp_beta_150_width,49972.0,509.6000004708767,241.3603417914032,15.246638117345714,104,5.1708903652712275,length_low|elevation_low|popularity_low|width_high,True,True,49767.0,523.7000005915761,240.9982719472743,15.498824522273797,101,3081,"S,S",True,0,True,36,12,24,0,0,21243,0.7675249000021722,0.06448780000209808,0.004703099999460392,0.02278110000770539,0.8367158000037307,0.8547938000119757,7,36,0.0,{},,"{""metrics"": {""avg_pop"": 240.9982719472743, ""avg_width"": 15.498824522273797, ""elevation"": 523.7000005915761, ""length"": 49767.0, ""popularity_length"": 11993761.0, ""road_changes"": 101, ""width_length"": 771330.0}, ""normalized_violation_score"": 0.0, ""pair_type"": ""S,S"", ""profile_exact_deltas"": {""avg_pop"": 0.0, ""avg_width"": 0.0, ""elevation"": 0.0, ""length"": 0.0, ""popularity_length"": 0.0, ""road_changes"": 0.0, ""width_length"": 0.0}, ""profile_metrics"": {""avg_pop"": 240.9982719472743, ""avg_width"": 15.498824522273797, ""elevation"": 523.7000005915761, ""length"": 49767.0, ""popularity_length"": 11993761.0, ""road_changes"": 101, ""width_length"": 771330.0}, ""via_vertex"": 3081, ""violations"": {""elevation_high"": 0.0, ""elevation_low"": 0.0, ""length_high"": 0.0, ""length_low"": 0.0, ""popularity_low"": 0.0, ""width_high"": 0.0}}",,,,,,,,
development,anchor_south_north_02_multi_tight,anchor_south_north,MULTI_TIGHT,tight,MULTI_TIGHT|POP_ACTIVE|WIDTH_ACTIVE|tight,796,7935,union,VIA-UNION-2,full,48222.98,51970.88,471.38000043556093,552.9160005109012,235.3603417914032,15.996638117345714,anchor_south_north:probe_via:slope_exp_beta_150_width:via6255,same_scalar_via_profile_probe,slope_exp_beta_150_width,49972.0,509.6000004708767,241.3603417914032,15.246638117345714,104,5.1708903652712275,length_low|elevation_low|popularity_low|width_high,True,True,49681.0,501.4999973475933,239.4638795515388,14.4732392665204,118,3886,"P,P",True,0,True,773,35,641,0,0,42486,0.7675249000021722,0.12813280000409577,0.05815690000599716,0.5307893999997759,0.9538146000122651,1.426447100006044,85,773,0.0,{},,"{""metrics"": {""avg_pop"": 239.7800016541229, ""avg_width"": 14.516685964767182, ""elevation"": 476.19999738037586, ""length"": 48364.0, ""popularity_length"": 11596720.0, ""road_changes"": 110, ""width_length"": 702085.0}, ""normalized_violation_score"": 0.0, ""pair_type"": ""P,P"", ""profile_exact_deltas"": {""avg_pop"": 0.0, ""avg_width"": 0.0, ""elevation"": 0.0, ""length"": 0.0, ""popularity_length"": 0.0, ""road_changes"": 0.0, ""width_length"": 0.0}, ""profile_metrics"": {""avg_pop"": 239.7800016541229, ""avg_width"": 14.516685964767182, ""elevation"": 476.19999738037586, ""length"": 48364.0, ""popularity_length"": 11596720.0, ""road_changes"": 110, ""width_length"": 702085.0}, ""via_vertex"": 1021, ""violations"": {""elevation_high"": 0.0, ""elevation_low"": 0.0, ""length_high"": 0.0, ""length_low"": 0.0, ""popularity_low"": 0.0, ""width_high"": 0.0}}","P,P|S,S",0.12813280000409577,0.12943539998377673,0.5307893999997759,0.19332680001389235,84,0,0
development,anchor_south_north_02_multi_tight,anchor_south_north,MULTI_TIGHT,tight,MULTI_TIGHT|POP_ACTIVE|WIDTH_ACTIVE|tight,796,7935,union,MIXED-VIA-2,full,48222.98,51970.88,471.38000043556093,552.9160005109012,235.3603417914032,15.996638117345714,anchor_south_north:probe_via:slope_exp_beta_150_width:via6255,same_scalar_via_profile_probe,slope_exp_beta_150_width,49972.0,509.6000004708767,241.3603417914032,15.246638117345714,104,5.1708903652712275,length_low|elevation_low|popularity_low|width_high,True,True,49681.0,501.4999973475933,239.4638795515388,14.4732392665204,118,3886,"P,P",True,0,True,1066,44,876,0,0,84972,0.7675249000021722,0.2575681999878725,0.05819199999677949,0.7241162000136683,1.0832850999868242,1.749209300003713,85,1066,0.0,{},,"{""metrics"": {""avg_pop"": 239.7800016541229, ""avg_width"": 14.516685964767182, ""elevation"": 476.19999738037586, ""length"": 48364.0, ""popularity_length"": 11596720.0, ""road_changes"": 110, ""width_length"": 702085.0}, ""normalized_violation_score"": 0.0, ""pair_type"": ""P,P"", ""profile_exact_deltas"": {""avg_pop"": 0.0, ""avg_width"": 0.0, ""elevation"": 0.0, ""length"": 0.0, ""popularity_length"": 0.0, ""road_changes"": 0.0, ""width_length"": 0.0}, ""profile_metrics"": {""avg_pop"": 239.7800016541229, ""avg_width"": 14.516685964767182, ""elevation"": 476.19999738037586, ""length"": 48364.0, ""popularity_length"": 11596720.0, ""road_changes"": 110, ""width_length"": 702085.0}, ""via_vertex"": 1021, ""violations"": {""elevation_high"": 0.0, ""elevation_low"": 0.0, ""length_high"": 0.0, ""length_low"": 0.0, ""popularity_low"": 0.0, ""width_high"": 0.0}}","P,P|P,S|S,P|S,S",0.12813280000409577,0.12943539998377673,0.5307893999997759,0.19332680001389235,84,0,0
development,anchor_south_north_07_l_high_active,anchor_south_north,L_HIGH_ACTIVE,tight,L_HIGH_ACTIVE|tight,796,7935,pair_type,"P,P",full,43975.36,50871.496,382.2000003531575,687.9600006356835,217.3603417914032,17.546638117345715,anchor_south_north:probe_via:slope_exp_beta_150_width:via6255,same_scalar_via_profile_probe,slope_exp_beta_150_width,49972.0,509.6000004708767,241.3603417914032,15.246638117345714,104,2.194324473879286,length_low|elevation_low|popularity_low|width_high,True,True,47964.0,465.20000046491623,226.4872195813527,14.611792177466434,108,19787,"P,P",True,0,True,1731,403,1328,0,0,21243,0.7672022000042489,0.06541870000364725,0.021858399995835498,1.1473313000024064,0.8544793000037316,1.9799522000103025,28,1731,0.0,{},,"{""metrics"": {""avg_pop"": 244.59352596132956, ""avg_width"": 14.986096024331957, ""elevation"": 447.69999703764915, ""length"": 46030.0, ""popularity_length"": 11258640.0, ""road_changes"": 96, ""width_length"": 689810.0}, ""normalized_violation_score"": 0.0, ""pair_type"": ""P,P"", ""profile_exact_deltas"": {""avg_pop"": 0.0, ""avg_width"": 0.0, ""elevation"": 0.0, ""length"": 0.0, ""popularity_length"": 0.0, ""road_changes"": 0.0, ""width_length"": 0.0}, ""profile_metrics"": {""avg_pop"": 244.59352596132956, ""avg_width"": 14.986096024331957, ""elevation"": 447.69999703764915, ""length"": 46030.0, ""popularity_length"": 11258640.0, ""road_changes"": 96, ""width_length"": 689810.0}, ""via_vertex"": 138, ""violations"": {""elevation_high"": 0.0, ""elevation_low"": 0.0, ""length_high"": 0.0, ""length_low"": 0.0, ""popularity_low"": 0.0, ""width_high"": 0.0}}",,,,,,,,
development,anchor_south_north_07_l_high_active,anchor_south_north,L_HIGH_ACTIVE,tight,L_HIGH_ACTIVE|tight,796,7935,pair_type,"P,S",full,43975.36,50871.496,382.2000003531575,687.9600006356835,217.3603417914032,17.546638117345715,anchor_south_north:probe_via:slope_exp_beta_150_width:via6255,same_scalar_via_profile_probe,slope_exp_beta_150_width,49972.0,509.6000004708767,241.3603417914032,15.246638117345714,104,2.194324473879286,length_low|elevation_low|popularity_low|width_high,True,True,46939.0,467.0999983474612,233.47229382815996,14.189799527045741,114,16440,"P,S",True,0,True,1189,333,856,0,0,21243,0.7672022000042489,0.06452270000590943,0.011941600008867681,0.7970084000116913,0.843666500019026,1.6287333000218496,16,1189,0.0,{},,"{""metrics"": {""avg_pop"": 234.27576038056696, ""avg_width"": 14.637729513313387, ""elevation"": 490.4999973475933, ""length"": 46457.0, ""popularity_length"": 10883749.0, ""road_changes"": 114, ""width_length"": 680025.0}, ""normalized_violation_score"": 0.0, ""pair_type"": ""P,S"", ""profile_exact_deltas"": {""avg_pop"": 0.0, ""avg_width"": 0.0, ""elevation"": 0.0, ""length"": 0.0, ""popularity_length"": 0.0, ""road_changes"": 0.0, ""width_length"": 0.0}, ""profile_metrics"": {""avg_pop"": 234.27576038056696, ""avg_width"": 14.637729513313387, ""elevation"": 490.4999973475933, ""length"": 46457.0, ""popularity_length"": 10883749.0, ""road_changes"": 114, ""width_length"": 680025.0}, ""via_vertex"": 138, ""violations"": {""elevation_high"": 0.0, ""elevation_low"": 0.0, ""length_high"": 0.0, ""length_low"": 0.0, ""popularity_low"": 0.0, ""width_high"": 0.0}}",,,,,,,,
development,anchor_south_north_07_l_high_active,anchor_south_north,L_HIGH_ACTIVE,tight,L_HIGH_ACTIVE|tight,796,7935,pair_type,"S,P",full,43975.36,50871.496,382.2000003531575,687.9600006356835,217.3603417914032,17.546638117345715,anchor_south_north:probe_via:slope_exp_beta_150_width:via6255,same_scalar_via_profile_probe,slope_exp_beta_150_width,49972.0,509.6000004708767,241.3603417914032,15.246638117345714,104,2.194324473879286,length_low|elevation_low|popularity_low|width_high,True,True,45712.0,448.1999966055155,239.98247724886244,14.612464998249912,98,12017,"S,P",True,0,True,215,55,160,0,0,21243,0.7672022000042489,0.0628357999958098,0.005772899996372871,0.142392399997334,0.8358108999964315,0.9724303999973927,9,215,0.0,{},,"{""metrics"": {""avg_pop"": 247.3229503614073, ""avg_width"": 15.488998043209136, ""elevation"": 511.5000004544854, ""length"": 50082.0, ""popularity_length"": 12386428.0, ""road_changes"": 91, ""width_length"": 775720.0}, ""normalized_violation_score"": 0.0, ""pair_type"": ""S,P"", ""profile_exact_deltas"": {""avg_pop"": 0.0, ""avg_width"": 0.0, ""elevation"": 0.0, ""length"": 0.0, ""popularity_length"": 0.0, ""road_changes"": 0.0, ""width_length"": 0.0}, ""profile_metrics"": {""avg_pop"": 247.3229503614073, ""avg_width"": 15.488998043209136, ""elevation"": 511.5000004544854, ""length"": 50082.0, ""popularity_length"": 12386428.0, ""road_changes"": 91, ""width_length"": 775720.0}, ""via_vertex"": 3081, ""violations"": {""elevation_high"": 0.0, ""elevation_low"": 0.0, ""length_high"": 0.0, ""length_low"": 0.0, ""popularity_low"": 0.0, ""width_high"": 0.0}}",,,,,,,,
development,anchor_south_north_07_l_high_active,anchor_south_north,L_HIGH_ACTIVE,tight,L_HIGH_ACTIVE|tight,796,7935,pair_type,"S,S",full,43975.36,50871.496,382.2000003531575,687.9600006356835,217.3603417914032,17.546638117345715,anchor_south_north:probe_via:slope_exp_beta_150_width:via6255,same_scalar_via_profile_probe,slope_exp_beta_150_width,49972.0,509.6000004708767,241.3603417914032,15.246638117345714,104,2.194324473879286,length_low|elevation_low|popularity_low|width_high,True,True,48433.0,523.000000692904,241.18485330250036,15.740817211405446,95,6147,"S,S",True,0,True,31,16,15,0,0,21243,0.7672022000042489,0.06407190000754781,0.003876599992509,0.01948699999775272,0.8351507000043057,0.8507611000095494,6,31,0.0,{},,"{""metrics"": {""avg_pop"": 241.5051331825732, ""avg_width"": 15.544937861474114, ""elevation"": 537.500000782311, ""length"": 49969.0, ""popularity_length"": 12067770.0, ""road_changes"": 100, ""width_length"": 776765.0}, ""normalized_violation_score"": 0.0, ""pair_type"": ""S,S"", ""profile_exact_deltas"": {""avg_pop"": 0.0, ""avg_width"": 0.0, ""elevation"": 0.0, ""length"": 0.0, ""popularity_length"": 0.0, ""road_changes"": 0.0, ""width_length"": 0.0}, ""profile_metrics"": {""avg_pop"": 241.5051331825732, ""avg_width"": 15.544937861474114, ""elevation"": 537.500000782311, ""length"": 49969.0, ""popularity_length"": 12067770.0, ""road_changes"": 100, ""width_length"": 776765.0}, ""via_vertex"": 3081, ""violations"": {""elevation_high"": 0.0, ""elevation_low"": 0.0, ""length_high"": 0.0, ""length_low"": 0.0, ""popularity_low"": 0.0, ""width_high"": 0.0}}",,,,,,,,
development,anchor_south_north_07_l_high_active,anchor_south_north,L_HIGH_ACTIVE,tight,L_HIGH_ACTIVE|tight,796,7935,union,VIA-UNION-2,full,43975.36,50871.496,382.2000003531575,687.9600006356835,217.3603417914032,17.546638117345715,anchor_south_north:probe_via:slope_exp_beta_150_width:via6255,same_scalar_via_profile_probe,slope_exp_beta_150_width,49972.0,509.6000004708767,241.3603417914032,15.246638117345714,104,2.194324473879286,length_low|elevation_low|popularity_low|width_high,True,True,47964.0,465.20000046491623,226.4872195813527,14.611792177466434,108,19787,"P,P",True,0,True,1762,95,1343,0,0,42486,0.7672022000042489,0.12949060001119506,0.02060699999856297,1.166818300000159,0.9172998000140069,2.063511100015603,28,1762,0.0,{},,"{""metrics"": {""avg_pop"": 244.59352596132956, ""avg_width"": 14.986096024331957, ""elevation"": 447.69999703764915, ""length"": 46030.0, ""popularity_length"": 11258640.0, ""road_changes"": 96, ""width_length"": 689810.0}, ""normalized_violation_score"": 0.0, ""pair_type"": ""P,P"", ""profile_exact_deltas"": {""avg_pop"": 0.0, ""avg_width"": 0.0, ""elevation"": 0.0, ""length"": 0.0, ""popularity_length"": 0.0, ""road_changes"": 0.0, ""width_length"": 0.0}, ""profile_metrics"": {""avg_pop"": 244.59352596132956, ""avg_width"": 14.986096024331957, ""elevation"": 447.69999703764915, ""length"": 46030.0, ""popularity_length"": 11258640.0, ""road_changes"": 96, ""width_length"": 689810.0}, ""via_vertex"": 138, ""violations"": {""elevation_high"": 0.0, ""elevation_low"": 0.0, ""length_high"": 0.0, ""length_low"": 0.0, ""popularity_low"": 0.0, ""width_high"": 0.0}}","P,P|S,S",0.12949060001119506,0.12735850000171922,1.166818300000159,0.9394008000090253,27,0,0
development,anchor_south_north_07_l_high_active,anchor_south_north,L_HIGH_ACTIVE,tight,L_HIGH_ACTIVE|tight,796,7935,union,MIXED-VIA-2,full,43975.36,50871.496,382.2000003531575,687.9600006356835,217.3603417914032,17.546638117345715,anchor_south_north:probe_via:slope_exp_beta_150_width:via6255,same_scalar_via_profile_probe,slope_exp_beta_150_width,49972.0,509.6000004708767,241.3603417914032,15.246638117345714,104,2.194324473879286,length_low|elevation_low|popularity_low|width_high,True,True,46939.0,467.0999983474612,233.47229382815996,14.189799527045741,114,16440,"P,S",True,0,True,3166,190,2359,0,0,84972,0.7672022000042489,0.2568491000129143,0.01610199999413453,2.1062191000091843,1.0401533000112977,3.1302704000263475,16,3166,0.0,{},,"{""metrics"": {""avg_pop"": 244.59352596132956, ""avg_width"": 14.986096024331957, ""elevation"": 447.69999703764915, ""length"": 46030.0, ""popularity_length"": 11258640.0, ""road_changes"": 96, ""width_length"": 689810.0}, ""normalized_violation_score"": 0.0, ""pair_type"": ""P,P"", ""profile_exact_deltas"": {""avg_pop"": 0.0, ""avg_width"": 0.0, ""elevation"": 0.0, ""length"": 0.0, ""popularity_length"": 0.0, ""road_changes"": 0.0, ""width_length"": 0.0}, ""profile_metrics"": {""avg_pop"": 244.59352596132956, ""avg_width"": 14.986096024331957, ""elevation"": 447.69999703764915, ""length"": 46030.0, ""popularity_length"": 11258640.0, ""road_changes"": 96, ""width_length"": 689810.0}, ""via_vertex"": 138, ""violations"": {""elevation_high"": 0.0, ""elevation_low"": 0.0, ""length_high"": 0.0, ""length_low"": 0.0, ""popularity_low"": 0.0, ""width_high"": 0.0}}","P,P|P,S|S,P|S,S",0.12949060001119506,0.12735850000171922,1.166818300000159,0.9394008000090253,15,0,0
development,anchor_south_north_05_quality_conflict,anchor_south_north,QUALITY_CONFLICT,tight,QUALITY_CONFLICT|POP_ACTIVE|WIDTH_ACTIVE|tight,796,7935,pair_type,"P,P",full,45974.24,56468.36,417.8720003861189,652.2880006027221,237.3603417914032,15.796638117345715,anchor_south_north:probe_via:slope_exp_beta_150_width:via6255,same_scalar_via_profile_probe,slope_exp_beta_150_width,49972.0,509.6000004708767,241.3603417914032,15.246638117345714,104,1.6324608447397204,length_low|elevation_low|popularity_low|width_high,True,True,47644.0,460.59999660402536,240.27187053983712,14.072286122072034,108,11144,"P,P",True,0,True,3060,704,2356,0,0,21243,0.759559400001308,0.06592549999186303,0.008719799996470101,2.0773820000031264,0.8342046999896411,2.9028668999962974,4,3060,0.0,{},,"{""metrics"": {""avg_pop"": 240.80451209214715, ""avg_width"": 14.636586052352394, ""elevation"": 456.3999996036291, ""length"": 46187.0, ""popularity_length"": 11122038.0, ""road_changes"": 109, ""width_length"": 676020.0}, ""normalized_violation_score"": 0.0, ""pair_type"": ""P,P"", ""profile_exact_deltas"": {""avg_pop"": 0.0, ""avg_width"": 0.0, ""elevation"": 0.0, ""length"": 0.0, ""popularity_length"": 0.0, ""road_changes"": 0.0, ""width_length"": 0.0}, ""profile_metrics"": {""avg_pop"": 240.80451209214715, ""avg_width"": 14.636586052352394, ""elevation"": 456.3999996036291, ""length"": 46187.0, ""popularity_length"": 11122038.0, ""road_changes"": 109, ""width_length"": 676020.0}, ""via_vertex"": 225, ""violations"": {""elevation_high"": 0.0, ""elevation_low"": 0.0, ""length_high"": 0.0, ""length_low"": 0.0, ""popularity_low"": 0.0, ""width_high"": 0.0}}",,,,,,,,
development,anchor_south_north_05_quality_conflict,anchor_south_north,QUALITY_CONFLICT,tight,QUALITY_CONFLICT|POP_ACTIVE|WIDTH_ACTIVE|tight,796,7935,pair_type,"P,S",full,45974.24,56468.36,417.8720003861189,652.2880006027221,237.3603417914032,15.796638117345715,anchor_south_north:probe_via:slope_exp_beta_150_width:via6255,same_scalar_via_profile_probe,slope_exp_beta_150_width,49972.0,509.6000004708767,241.3603417914032,15.246638117345714,104,1.6324608447397204,length_low|elevation_low|popularity_low|width_high,True,True,47401.0,498.99999732524157,240.56251977806374,14.515832999303813,114,3366,"P,S",True,0,True,510,227,283,0,0,21243,0.759559400001308,0.06654240000352729,0.0015623999934177846,0.29197340000246186,0.827664199998253,1.118075200007297,1,510,0.0,{},,"{""metrics"": {""avg_pop"": 237.45721393034825, ""avg_width"": 14.462578412286394, ""elevation"": 455.8999995738268, ""length"": 46230.0, ""popularity_length"": 10977647.0, ""road_changes"": 119, ""width_length"": 668605.0}, ""normalized_violation_score"": 0.0, ""pair_type"": ""P,S"", ""profile_exact_deltas"": {""avg_pop"": 0.0, ""avg_width"": 0.0, ""elevation"": 0.0, ""length"": 0.0, ""popularity_length"": 0.0, ""road_changes"": 0.0, ""width_length"": 0.0}, ""profile_metrics"": {""avg_pop"": 237.45721393034825, ""avg_width"": 14.462578412286394, ""elevation"": 455.8999995738268, ""length"": 46230.0, ""popularity_length"": 10977647.0, ""road_changes"": 119, ""width_length"": 668605.0}, ""via_vertex"": 225, ""violations"": {""elevation_high"": 0.0, ""elevation_low"": 0.0, ""length_high"": 0.0, ""length_low"": 0.0, ""popularity_low"": 0.0, ""width_high"": 0.0}}",,,,,,,,
development,anchor_south_north_05_quality_conflict,anchor_south_north,QUALITY_CONFLICT,tight,QUALITY_CONFLICT|POP_ACTIVE|WIDTH_ACTIVE|tight,796,7935,pair_type,"S,P",full,45974.24,56468.36,417.8720003861189,652.2880006027221,237.3603417914032,15.796638117345715,anchor_south_north:probe_via:slope_exp_beta_150_width:via6255,same_scalar_via_profile_probe,slope_exp_beta_150_width,49972.0,509.6000004708767,241.3603417914032,15.246638117345714,104,1.6324608447397204,length_low|elevation_low|popularity_low|width_high,True,True,50082.0,511.5000004544854,247.3229503614073,15.488998043209136,91,6254,"S,P",True,0,True,176,14,162,0,0,21243,0.759559400001308,0.05760250000457745,0.06960479999543168,0.10268310000537895,0.8867667000013171,0.9198450000112643,117,176,0.0,{},,"{""metrics"": {""avg_pop"": 247.3229503614073, ""avg_width"": 15.488998043209136, ""elevation"": 511.5000004544854, ""length"": 50082.0, ""popularity_length"": 12386428.0, ""road_changes"": 91, ""width_length"": 775720.0}, ""normalized_violation_score"": 0.0, ""pair_type"": ""S,P"", ""profile_exact_deltas"": {""avg_pop"": 0.0, ""avg_width"": 0.0, ""elevation"": 0.0, ""length"": 0.0, ""popularity_length"": 0.0, ""road_changes"": 0.0, ""width_length"": 0.0}, ""profile_metrics"": {""avg_pop"": 247.3229503614073, ""avg_width"": 15.488998043209136, ""elevation"": 511.5000004544854, ""length"": 50082.0, ""popularity_length"": 12386428.0, ""road_changes"": 91, ""width_length"": 775720.0}, ""via_vertex"": 6254, ""violations"": {""elevation_high"": 0.0, ""elevation_low"": 0.0, ""length_high"": 0.0, ""length_low"": 0.0, ""popularity_low"": 0.0, ""width_high"": 0.0}}",,,,,,,,
development,anchor_south_north_05_quality_conflict,anchor_south_north,QUALITY_CONFLICT,tight,QUALITY_CONFLICT|POP_ACTIVE|WIDTH_ACTIVE|tight,796,7935,pair_type,"S,S",full,45974.24,56468.36,417.8720003861189,652.2880006027221,237.3603417914032,15.796638117345715,anchor_south_north:probe_via:slope_exp_beta_150_width:via6255,same_scalar_via_profile_probe,slope_exp_beta_150_width,49972.0,509.6000004708767,241.3603417914032,15.246638117345714,104,1.6324608447397204,length_low|elevation_low|popularity_low|width_high,True,True,50087.0,516.000000372529,240.86727094854953,15.233893026134526,104,3081,"S,S",True,0,True,41,12,29,0,0,21243,0.759559400001308,0.05675699999846984,0.00407150000683032,0.023189100000308827,0.8203879000066081,0.8395055000000866,6,41,0.0,{},,"{""metrics"": {""avg_pop"": 240.86727094854953, ""avg_width"": 15.233893026134526, ""elevation"": 516.000000372529, ""length"": 50087.0, ""popularity_length"": 12064319.0, ""road_changes"": 104, ""width_length"": 763020.0}, ""normalized_violation_score"": 0.0, ""pair_type"": ""S,S"", ""profile_exact_deltas"": {""avg_pop"": 0.0, ""avg_width"": 0.0, ""elevation"": 0.0, ""length"": 0.0, ""popularity_length"": 0.0, ""road_changes"": 0.0, ""width_length"": 0.0}, ""profile_metrics"": {""avg_pop"": 240.86727094854953, ""avg_width"": 15.233893026134526, ""elevation"": 516.000000372529, ""length"": 50087.0, ""popularity_length"": 12064319.0, ""road_changes"": 104, ""width_length"": 763020.0}, ""via_vertex"": 3081, ""violations"": {""elevation_high"": 0.0, ""elevation_low"": 0.0, ""length_high"": 0.0, ""length_low"": 0.0, ""popularity_low"": 0.0, ""width_high"": 0.0}}",,,,,,,,
development,anchor_south_north_05_quality_conflict,anchor_south_north,QUALITY_CONFLICT,tight,QUALITY_CONFLICT|POP_ACTIVE|WIDTH_ACTIVE|tight,796,7935,union,VIA-UNION-2,full,45974.24,56468.36,417.8720003861189,652.2880006027221,237.3603417914032,15.796638117345715,anchor_south_north:probe_via:slope_exp_beta_150_width:via6255,same_scalar_via_profile_probe,slope_exp_beta_150_width,49972.0,509.6000004708767,241.3603417914032,15.246638117345714,104,1.6324608447397204,length_low|elevation_low|popularity_low|width_high,True,True,47644.0,460.59999660402536,240.27187053983712,14.072286122072034,108,11144,"P,P",True,0,True,3101,200,2385,0,0,42486,0.759559400001308,0.12268249999033287,0.007347000006120652,2.1005711000034353,0.8895888999977615,2.982812999995076,4,3101,0.0,{},,"{""metrics"": {""avg_pop"": 240.80451209214715, ""avg_width"": 14.636586052352394, ""elevation"": 456.3999996036291, ""length"": 46187.0, ""popularity_length"": 11122038.0, ""road_changes"": 109, ""width_length"": 676020.0}, ""normalized_violation_score"": 0.0, ""pair_type"": ""P,P"", ""profile_exact_deltas"": {""avg_pop"": 0.0, ""avg_width"": 0.0, ""elevation"": 0.0, ""length"": 0.0, ""popularity_length"": 0.0, ""road_changes"": 0.0, ""width_length"": 0.0}, ""profile_metrics"": {""avg_pop"": 240.80451209214715, ""avg_width"": 14.636586052352394, ""elevation"": 456.3999996036291, ""length"": 46187.0, ""popularity_length"": 11122038.0, ""road_changes"": 109, ""width_length"": 676020.0}, ""via_vertex"": 225, ""violations"": {""elevation_high"": 0.0, ""elevation_low"": 0.0, ""length_high"": 0.0, ""length_low"": 0.0, ""popularity_low"": 0.0, ""width_high"": 0.0}}","P,P|S,S",0.12268249999033287,0.12414490000810474,2.1005711000034353,0.3946565000078408,3,0,0
development,anchor_south_north_05_quality_conflict,anchor_south_north,QUALITY_CONFLICT,tight,QUALITY_CONFLICT|POP_ACTIVE|WIDTH_ACTIVE|tight,796,7935,union,MIXED-VIA-2,full,45974.24,56468.36,417.8720003861189,652.2880006027221,237.3603417914032,15.796638117345715,anchor_south_north:probe_via:slope_exp_beta_150_width:via6255,same_scalar_via_profile_probe,slope_exp_beta_150_width,49972.0,509.6000004708767,241.3603417914032,15.246638117345714,104,1.6324608447397204,length_low|elevation_low|popularity_low|width_high,True,True,47644.0,460.59999660402536,240.27187053983712,14.072286122072034,108,11144,"P,P",True,0,True,3787,245,2830,0,0,84972,0.759559400001308,0.2468273999984376,0.008643199995276518,2.495227600011276,1.015029999995022,3.5016144000110216,4,3787,0.0,{},,"{""metrics"": {""avg_pop"": 240.80451209214715, ""avg_width"": 14.636586052352394, ""elevation"": 456.3999996036291, ""length"": 46187.0, ""popularity_length"": 11122038.0, ""road_changes"": 109, ""width_length"": 676020.0}, ""normalized_violation_score"": 0.0, ""pair_type"": ""P,P"", ""profile_exact_deltas"": {""avg_pop"": 0.0, ""avg_width"": 0.0, ""elevation"": 0.0, ""length"": 0.0, ""popularity_length"": 0.0, ""road_changes"": 0.0, ""width_length"": 0.0}, ""profile_metrics"": {""avg_pop"": 240.80451209214715, ""avg_width"": 14.636586052352394, ""elevation"": 456.3999996036291, ""length"": 46187.0, ""popularity_length"": 11122038.0, ""road_changes"": 109, ""width_length"": 676020.0}, ""via_vertex"": 225, ""violations"": {""elevation_high"": 0.0, ""elevation_low"": 0.0, ""length_high"": 0.0, ""length_low"": 0.0, ""popularity_low"": 0.0, ""width_high"": 0.0}}","P,P|P,S|S,P|S,S",0.12268249999033287,0.12414490000810474,2.1005711000034353,0.3946565000078408,3,0,0
development,anchor_southwest_northeast_16_loose,anchor_southwest_northeast,LOOSE_CONTROL,loose,loose,14246,21803,pair_type,"P,P",full,52237.259999999995,69244.74,395.1499981015921,733.8499964743853,106.50949111802572,16.006214912497324,anchor_southwest_northeast:probe_via:slope_exp_beta_150_width:via9667,same_scalar_via_profile_probe,slope_exp_beta_150_width,60741.0,564.4999972879887,141.50949111802572,12.506214912497324,190,1.0018097919268454,length_low|elevation_low|width_high,True,True,55654.0,468.69999804347754,213.9349013547993,13.78337585797966,149,5636,"P,P",True,0,True,3867,790,3077,0,0,21241,0.7246791999932611,0.06557010000688024,0.4834275000030175,3.7718059000035282,1.2736768000031589,4.56205520000367,459,3867,0.0,{},,"{""metrics"": {""avg_pop"": 203.73868342139085, ""avg_width"": 15.056939882907326, ""elevation"": 453.2000002413988, ""length"": 56024.0, ""popularity_length"": 11414256.0, ""road_changes"": 152, ""width_length"": 843550.0}, ""normalized_violation_score"": 0.0, ""pair_type"": ""P,P"", ""profile_exact_deltas"": {""avg_pop"": 0.0, ""avg_width"": 0.0, ""elevation"": 0.0, ""length"": 0.0, ""popularity_length"": 0.0, ""road_changes"": 0.0, ""width_length"": 0.0}, ""profile_metrics"": {""avg_pop"": 203.73868342139085, ""avg_width"": 15.056939882907326, ""elevation"": 453.2000002413988, ""length"": 56024.0, ""popularity_length"": 11414256.0, ""road_changes"": 152, ""width_length"": 843550.0}, ""via_vertex"": 455, ""violations"": {""elevation_high"": 0.0, ""elevation_low"": 0.0, ""length_high"": 0.0, ""length_low"": 0.0, ""popularity_low"": 0.0, ""width_high"": 0.0}}",,,,,,,,
development,anchor_southwest_northeast_16_loose,anchor_southwest_northeast,LOOSE_CONTROL,loose,loose,14246,21803,pair_type,"P,S",full,52237.259999999995,69244.74,395.1499981015921,733.8499964743853,106.50949111802572,16.006214912497324,anchor_southwest_northeast:probe_via:slope_exp_beta_150_width:via9667,same_scalar_via_profile_probe,slope_exp_beta_150_width,60741.0,564.4999972879887,141.50949111802572,12.506214912497324,190,1.0018097919268454,length_low|elevation_low|width_high,True,True,57191.0,482.09999822080135,142.0706579706597,13.073647951600776,180,15515,"P,S",True,0,True,3894,1055,2839,0,0,21241,0.7246791999932611,0.06628939999791328,0.04824950000329409,3.8505488999944646,0.8392180999944685,4.641517499985639,38,3894,0.0,{},,"{""metrics"": {""avg_pop"": 192.54161242577172, ""avg_width"": 14.817393940474705, ""elevation"": 485.70000018924475, ""length"": 56077.0, ""popularity_length"": 10797156.0, ""road_changes"": 166, ""width_length"": 830915.0}, ""normalized_violation_score"": 0.0, ""pair_type"": ""P,S"", ""profile_exact_deltas"": {""avg_pop"": 0.0, ""avg_width"": 0.0, ""elevation"": 0.0, ""length"": 0.0, ""popularity_length"": 0.0, ""road_changes"": 0.0, ""width_length"": 0.0}, ""profile_metrics"": {""avg_pop"": 192.54161242577172, ""avg_width"": 14.817393940474705, ""elevation"": 485.70000018924475, ""length"": 56077.0, ""popularity_length"": 10797156.0, ""road_changes"": 166, ""width_length"": 830915.0}, ""via_vertex"": 455, ""violations"": {""elevation_high"": 0.0, ""elevation_low"": 0.0, ""length_high"": 0.0, ""length_low"": 0.0, ""popularity_low"": 0.0, ""width_high"": 0.0}}",,,,,,,,
development,anchor_southwest_northeast_16_loose,anchor_southwest_northeast,LOOSE_CONTROL,loose,loose,14246,21803,pair_type,"S,P",full,52237.259999999995,69244.74,395.1499981015921,733.8499964743853,106.50949111802572,16.006214912497324,anchor_southwest_northeast:probe_via:slope_exp_beta_150_width:via9667,same_scalar_via_profile_probe,slope_exp_beta_150_width,60741.0,564.4999972879887,141.50949111802572,12.506214912497324,190,1.0018097919268454,length_low|elevation_low|width_high,True,True,55915.0,594.4999974220991,189.34065993025126,14.208888491460252,166,10340,"S,P",True,0,True,2815,319,2496,0,0,21241,0.7246791999932611,0.06942389998584986,0.9990745999966748,2.886208700001589,1.7931776999757858,3.6803117999807,904,2815,0.0,{},,"{""metrics"": {""avg_pop"": 203.1100587972611, ""avg_width"": 14.595024560881214, ""elevation"": 541.7999976947904, ""length"": 53744.0, ""popularity_length"": 10915947.0, ""road_changes"": 141, ""width_length"": 784395.0}, ""normalized_violation_score"": 0.0, ""pair_type"": ""S,P"", ""profile_exact_deltas"": {""avg_pop"": 0.0, ""avg_width"": 0.0, ""elevation"": 0.0, ""length"": 0.0, ""popularity_length"": 0.0, ""road_changes"": 0.0, ""width_length"": 0.0}, ""profile_metrics"": {""avg_pop"": 203.1100587972611, ""avg_width"": 14.595024560881214, ""elevation"": 541.7999976947904, ""length"": 53744.0, ""popularity_length"": 10915947.0, ""road_changes"": 141, ""width_length"": 784395.0}, ""via_vertex"": 745, ""violations"": {""elevation_high"": 0.0, ""elevation_low"": 0.0, ""length_high"": 0.0, ""length_low"": 0.0, ""popularity_low"": 0.0, ""width_high"": 0.0}}",,,,,,,,
development,anchor_southwest_northeast_16_loose,anchor_southwest_northeast,LOOSE_CONTROL,loose,loose,14246,21803,pair_type,"S,S",full,52237.259999999995,69244.74,395.1499981015921,733.8499964743853,106.50949111802572,16.006214912497324,anchor_southwest_northeast:probe_via:slope_exp_beta_150_width:via9667,same_scalar_via_profile_probe,slope_exp_beta_150_width,60741.0,564.4999972879887,141.50949111802572,12.506214912497324,190,1.0018097919268454,length_low|elevation_low|width_high,True,True,56990.0,537.9999971538782,143.64184944727145,12.867081944200738,176,8192,"S,S",True,0,True,2855,522,2333,0,0,21241,0.7246791999932611,0.06498170000850223,0.03969969999161549,2.9752004999900237,0.8293605999933789,3.764861399991787,33,2855,0.0,{},,"{""metrics"": {""avg_pop"": 199.1561279523898, ""avg_width"": 14.502789659661522, ""elevation"": 555.599996984005, ""length"": 53770.0, ""popularity_length"": 10708625.0, ""road_changes"": 153, ""width_length"": 779815.0}, ""normalized_violation_score"": 0.0, ""pair_type"": ""S,S"", ""profile_exact_deltas"": {""avg_pop"": 0.0, ""avg_width"": 0.0, ""elevation"": 0.0, ""length"": 0.0, ""popularity_length"": 0.0, ""road_changes"": 0.0, ""width_length"": 0.0}, ""profile_metrics"": {""avg_pop"": 199.1561279523898, ""avg_width"": 14.502789659661522, ""elevation"": 555.599996984005, ""length"": 53770.0, ""popularity_length"": 10708625.0, ""road_changes"": 153, ""width_length"": 779815.0}, ""via_vertex"": 747, ""violations"": {""elevation_high"": 0.0, ""elevation_low"": 0.0, ""length_high"": 0.0, ""length_low"": 0.0, ""popularity_low"": 0.0, ""width_high"": 0.0}}",,,,,,,,
development,anchor_southwest_northeast_16_loose,anchor_southwest_northeast,LOOSE_CONTROL,loose,loose,14246,21803,union,VIA-UNION-2,full,52237.259999999995,69244.74,395.1499981015921,733.8499964743853,106.50949111802572,16.006214912497324,anchor_southwest_northeast:probe_via:slope_exp_beta_150_width:via9667,same_scalar_via_profile_probe,slope_exp_beta_150_width,60741.0,564.4999972879887,141.50949111802572,12.506214912497324,190,1.0018097919268454,length_low|elevation_low|width_high,True,True,56990.0,537.9999971538782,143.64184944727145,12.867081944200738,176,8192,"S,S",True,0,True,6722,379,5410,0,0,42482,0.7246791999932611,0.13055180001538247,0.047333599999547005,6.747006399993552,0.9025646000081906,7.6022374000021955,33,6722,0.0,{},,"{""metrics"": {""avg_pop"": 203.73868342139085, ""avg_width"": 15.056939882907326, ""elevation"": 453.2000002413988, ""length"": 56024.0, ""popularity_length"": 11414256.0, ""road_changes"": 152, ""width_length"": 843550.0}, ""normalized_violation_score"": 0.0, ""pair_type"": ""P,P"", ""profile_exact_deltas"": {""avg_pop"": 0.0, ""avg_width"": 0.0, ""elevation"": 0.0, ""length"": 0.0, ""popularity_length"": 0.0, ""road_changes"": 0.0, ""width_length"": 0.0}, ""profile_metrics"": {""avg_pop"": 203.73868342139085, ""avg_width"": 15.056939882907326, ""elevation"": 453.2000002413988, ""length"": 56024.0, ""popularity_length"": 11414256.0, ""road_changes"": 152, ""width_length"": 843550.0}, ""via_vertex"": 455, ""violations"": {""elevation_high"": 0.0, ""elevation_low"": 0.0, ""length_high"": 0.0, ""length_low"": 0.0, ""popularity_low"": 0.0, ""width_high"": 0.0}}","P,P|S,S",0.13055180001538247,0.13571329998376314,6.747006399993552,6.736757599996054,32,0,0
development,anchor_southwest_northeast_16_loose,anchor_southwest_northeast,LOOSE_CONTROL,loose,loose,14246,21803,union,MIXED-VIA-2,full,52237.259999999995,69244.74,395.1499981015921,733.8499964743853,106.50949111802572,16.006214912497324,anchor_southwest_northeast:probe_via:slope_exp_beta_150_width:via9667,same_scalar_via_profile_probe,slope_exp_beta_150_width,60741.0,564.4999972879887,141.50949111802572,12.506214912497324,190,1.0018097919268454,length_low|elevation_low|width_high,True,True,56990.0,537.9999971538782,143.64184944727145,12.867081944200738,176,8192,"S,S",True,0,True,13431,766,10745,0,0,84964,0.7246791999932611,0.2662650999991456,0.2220184000034351,13.483763999989606,1.2129626999958418,14.474708299982012,182,13431,0.0,{},,"{""metrics"": {""avg_pop"": 203.73868342139085, ""avg_width"": 15.056939882907326, ""elevation"": 453.2000002413988, ""length"": 56024.0, ""popularity_length"": 11414256.0, ""road_changes"": 152, ""width_length"": 843550.0}, ""normalized_violation_score"": 0.0, ""pair_type"": ""P,P"", ""profile_exact_deltas"": {""avg_pop"": 0.0, ""avg_width"": 0.0, ""elevation"": 0.0, ""length"": 0.0, ""popularity_length"": 0.0, ""road_changes"": 0.0, ""width_length"": 0.0}, ""profile_metrics"": {""avg_pop"": 203.73868342139085, ""avg_width"": 15.056939882907326, ""elevation"": 453.2000002413988, ""length"": 56024.0, ""popularity_length"": 11414256.0, ""road_changes"": 152, ""width_length"": 843550.0}, ""via_vertex"": 455, ""violations"": {""elevation_high"": 0.0, ""elevation_low"": 0.0, ""length_high"": 0.0, ""length_low"": 0.0, ""popularity_low"": 0.0, ""width_high"": 0.0}}","P,P|P,S|S,P|S,S",0.13055180001538247,0.13571329998376314,6.747006399993552,6.736757599996054,181,0,0
development,anchor_southwest_northeast_09_l_low_h_low,anchor_southwest_northeast,L_LOW_AND_H_LOW,tight,L_LOW_ACTIVE|H_LOW_ACTIVE|L_LOW_AND_H_LOW|tight,14246,21803,pair_type,"P,P",full,60133.59,66815.1,554.3389973368048,699.979996637106,116.50949111802572,14.706214912497323,anchor_southwest_northeast:probe_via:slope_exp_beta_150_width:via9667,same_scalar_via_profile_probe,slope_exp_beta_150_width,60741.0,564.4999972879887,141.50949111802572,12.506214912497324,190,3.7318794703592393,length_low|elevation_low|width_high,True,True,60266.0,612.9999963715672,202.20032854345735,14.406879500879434,179,16134,"P,P",True,0,True,46,4,42,0,0,21241,0.7599260999995749,0.06426489999284968,0.024128999997628853,0.05067159999452997,0.8483199999900535,0.8748625999869546,22,46,0.0,{},,"{""metrics"": {""avg_pop"": 202.20032854345735, ""avg_width"": 14.406879500879434, ""elevation"": 612.9999963715672, ""length"": 60266.0, ""popularity_length"": 12185805.0, ""road_changes"": 179, ""width_length"": 868245.0}, ""normalized_violation_score"": 0.0, ""pair_type"": ""P,P"", ""profile_exact_deltas"": {""avg_pop"": 0.0, ""avg_width"": 0.0, ""elevation"": 0.0, ""length"": 0.0, ""popularity_length"": 0.0, ""road_changes"": 0.0, ""width_length"": 0.0}, ""profile_metrics"": {""avg_pop"": 202.20032854345735, ""avg_width"": 14.406879500879434, ""elevation"": 612.9999963715672, ""length"": 60266.0, ""popularity_length"": 12185805.0, ""road_changes"": 179, ""width_length"": 868245.0}, ""via_vertex"": 16134, ""violations"": {""elevation_high"": 0.0, ""elevation_low"": 0.0, ""length_high"": 0.0, ""length_low"": 0.0, ""popularity_low"": 0.0, ""width_high"": 0.0}}",,,,,,,,
development,anchor_southwest_northeast_09_l_low_h_low,anchor_southwest_northeast,L_LOW_AND_H_LOW,tight,L_LOW_ACTIVE|H_LOW_ACTIVE|L_LOW_AND_H_LOW|tight,14246,21803,pair_type,"P,S",full,60133.59,66815.1,554.3389973368048,699.979996637106,116.50949111802572,14.706214912497323,anchor_southwest_northeast:probe_via:slope_exp_beta_150_width:via9667,same_scalar_via_profile_probe,slope_exp_beta_150_width,60741.0,564.4999972879887,141.50949111802572,12.506214912497324,190,3.7318794703592393,length_low|elevation_low|width_high,True,True,60592.0,632.3999946415424,191.2230657512543,14.036176392923158,204,16134,"P,S",True,0,True,51,4,47,0,0,21241,0.7599260999995749,0.0643082000024151,0.0046138000034261495,0.0571295999980066,0.8288481000054162,0.8813638999999966,4,51,0.0,{},,"{""metrics"": {""avg_pop"": 191.2230657512543, ""avg_width"": 14.036176392923158, ""elevation"": 632.3999946415424, ""length"": 60592.0, ""popularity_length"": 11586588.0, ""road_changes"": 204, ""width_length"": 850480.0}, ""normalized_violation_score"": 0.0, ""pair_type"": ""P,S"", ""profile_exact_deltas"": {""avg_pop"": 0.0, ""avg_width"": 0.0, ""elevation"": 0.0, ""length"": 0.0, ""popularity_length"": 0.0, ""road_changes"": 0.0, ""width_length"": 0.0}, ""profile_metrics"": {""avg_pop"": 191.2230657512543, ""avg_width"": 14.036176392923158, ""elevation"": 632.3999946415424, ""length"": 60592.0, ""popularity_length"": 11586588.0, ""road_changes"": 204, ""width_length"": 850480.0}, ""via_vertex"": 16134, ""violations"": {""elevation_high"": 0.0, ""elevation_low"": 0.0, ""length_high"": 0.0, ""length_low"": 0.0, ""popularity_low"": 0.0, ""width_high"": 0.0}}",,,,,,,,
development,anchor_southwest_northeast_09_l_low_h_low,anchor_southwest_northeast,L_LOW_AND_H_LOW,tight,L_LOW_ACTIVE|H_LOW_ACTIVE|L_LOW_AND_H_LOW|tight,14246,21803,pair_type,"S,P",full,60133.59,66815.1,554.3389973368048,699.979996637106,116.50949111802572,14.706214912497323,anchor_southwest_northeast:probe_via:slope_exp_beta_150_width:via9667,same_scalar_via_profile_probe,slope_exp_beta_150_width,60741.0,564.4999972879887,141.50949111802572,12.506214912497324,190,3.7318794703592393,length_low|elevation_low|width_high,False,False,,,,,,,,,,,687,0,687,0,0,21241,0.7599260999995749,0.06464969999797177,0.798073400001158,0.7961824000085471,,1.6207582000060938,,687,0.0,"{""elevation_high"": 0.0, ""elevation_low"": 0.0, ""length_high"": 0.0, ""length_low"": 0.0, ""popularity_low"": 0.0, ""width_high"": 0.0}",,"{""metrics"": {""avg_pop"": 157.7578634641684, ""avg_width"": 13.4408255654935, ""elevation"": 648.6999985426664, ""length"": 63617.0, ""popularity_length"": 10036082.0, ""road_changes"": 220, ""width_length"": 855065.0}, ""normalized_violation_score"": 0.0, ""pair_type"": ""S,P"", ""via_vertex"": 191, ""violations"": {""elevation_high"": 0.0, ""elevation_low"": 0.0, ""length_high"": 0.0, ""length_low"": 0.0, ""popularity_low"": 0.0, ""width_high"": 0.0}}",,,,,,,,
development,anchor_southwest_northeast_09_l_low_h_low,anchor_southwest_northeast,L_LOW_AND_H_LOW,tight,L_LOW_ACTIVE|H_LOW_ACTIVE|L_LOW_AND_H_LOW|tight,14246,21803,pair_type,"S,S",full,60133.59,66815.1,554.3389973368048,699.979996637106,116.50949111802572,14.706214912497323,anchor_southwest_northeast:probe_via:slope_exp_beta_150_width:via9667,same_scalar_via_profile_probe,slope_exp_beta_150_width,60741.0,564.4999972879887,141.50949111802572,12.506214912497324,190,3.7318794703592393,length_low|elevation_low|width_high,True,True,61043.0,586.6999977231026,141.28984486345692,13.014104811362483,195,3752,"S,S",True,0,True,795,147,648,0,0,21241,0.7599260999995749,0.06400939999730326,0.002701999997952953,0.9096972999977879,0.8266374999948312,1.7336327999946661,1,795,0.0,{},,"{""metrics"": {""avg_pop"": 194.35887563208513, ""avg_width"": 13.595283735994977, ""elevation"": 560.9999969378114, ""length"": 60514.0, ""popularity_length"": 11761433.0, ""road_changes"": 189, ""width_length"": 822705.0}, ""normalized_violation_score"": 0.0, ""pair_type"": ""S,S"", ""profile_exact_deltas"": {""avg_pop"": 0.0, ""avg_width"": 0.0, ""elevation"": 0.0, ""length"": 0.0, ""popularity_length"": 0.0, ""road_changes"": 0.0, ""width_length"": 0.0}, ""profile_metrics"": {""avg_pop"": 194.35887563208513, ""avg_width"": 13.595283735994977, ""elevation"": 560.9999969378114, ""length"": 60514.0, ""popularity_length"": 11761433.0, ""road_changes"": 189, ""width_length"": 822705.0}, ""via_vertex"": 867, ""violations"": {""elevation_high"": 0.0, ""elevation_low"": 0.0, ""length_high"": 0.0, ""length_low"": 0.0, ""popularity_low"": 0.0, ""width_high"": 0.0}}",,,,,,,,
development,anchor_southwest_northeast_09_l_low_h_low,anchor_southwest_northeast,L_LOW_AND_H_LOW,tight,L_LOW_ACTIVE|H_LOW_ACTIVE|L_LOW_AND_H_LOW|tight,14246,21803,union,VIA-UNION-2,full,60133.59,66815.1,554.3389973368048,699.979996637106,116.50949111802572,14.706214912497323,anchor_southwest_northeast:probe_via:slope_exp_beta_150_width:via9667,same_scalar_via_profile_probe,slope_exp_beta_150_width,60741.0,564.4999972879887,141.50949111802572,12.506214912497324,190,3.7318794703592393,length_low|elevation_low|width_high,True,True,61043.0,586.6999977231026,141.28984486345692,13.014104811362483,195,3752,"S,S",True,0,True,841,60,690,0,0,42482,0.7599260999995749,0.12827429999015294,0.0026784999936353415,0.9603688999923179,0.8908788999833632,1.8485692999820458,1,841,0.0,{},,"{""metrics"": {""avg_pop"": 202.20032854345735, ""avg_width"": 14.406879500879434, ""elevation"": 612.9999963715672, ""length"": 60266.0, ""popularity_length"": 12185805.0, ""road_changes"": 179, ""width_length"": 868245.0}, ""normalized_violation_score"": 0.0, ""pair_type"": ""P,P"", ""profile_exact_deltas"": {""avg_pop"": 0.0, ""avg_width"": 0.0, ""elevation"": 0.0, ""length"": 0.0, ""popularity_length"": 0.0, ""road_changes"": 0.0, ""width_length"": 0.0}, ""profile_metrics"": {""avg_pop"": 202.20032854345735, ""avg_width"": 14.406879500879434, ""elevation"": 612.9999963715672, ""length"": 60266.0, ""popularity_length"": 12185805.0, ""road_changes"": 179, ""width_length"": 868245.0}, ""via_vertex"": 16134, ""violations"": {""elevation_high"": 0.0, ""elevation_low"": 0.0, ""length_high"": 0.0, ""length_low"": 0.0, ""popularity_low"": 0.0, ""width_high"": 0.0}}","P,P|S,S",0.12827429999015294,0.12895790000038687,0.9603688999923179,0.8533120000065537,0,0,0
development,anchor_southwest_northeast_09_l_low_h_low,anchor_southwest_northeast,L_LOW_AND_H_LOW,tight,L_LOW_ACTIVE|H_LOW_ACTIVE|L_LOW_AND_H_LOW|tight,14246,21803,union,MIXED-VIA-2,full,60133.59,66815.1,554.3389973368048,699.979996637106,116.50949111802572,14.706214912497323,anchor_southwest_northeast:probe_via:slope_exp_beta_150_width:via9667,same_scalar_via_profile_probe,slope_exp_beta_150_width,60741.0,564.4999972879887,141.50949111802572,12.506214912497324,190,3.7318794703592393,length_low|elevation_low|width_high,True,True,61043.0,586.6999977231026,141.28984486345692,13.014104811362483,195,3752,"S,S",True,0,True,1579,61,1424,0,0,84964,0.7599260999995749,0.2572321999905398,0.2469857999967644,1.8136808999988716,1.2641440999868792,2.8308391999889864,210,1579,0.0,{},,"{""metrics"": {""avg_pop"": 202.20032854345735, ""avg_width"": 14.406879500879434, ""elevation"": 612.9999963715672, ""length"": 60266.0, ""popularity_length"": 12185805.0, ""road_changes"": 179, ""width_length"": 868245.0}, ""normalized_violation_score"": 0.0, ""pair_type"": ""P,P"", ""profile_exact_deltas"": {""avg_pop"": 0.0, ""avg_width"": 0.0, ""elevation"": 0.0, ""length"": 0.0, ""popularity_length"": 0.0, ""road_changes"": 0.0, ""width_length"": 0.0}, ""profile_metrics"": {""avg_pop"": 202.20032854345735, ""avg_width"": 14.406879500879434, ""elevation"": 612.9999963715672, ""length"": 60266.0, ""popularity_length"": 12185805.0, ""road_changes"": 179, ""width_length"": 868245.0}, ""via_vertex"": 16134, ""violations"": {""elevation_high"": 0.0, ""elevation_low"": 0.0, ""length_high"": 0.0, ""length_low"": 0.0, ""popularity_low"": 0.0, ""width_high"": 0.0}}","P,P|P,S|S,P|S,S",0.12827429999015294,0.12895790000038687,0.9603688999923179,0.8533120000065537,209,0,0
development,anchor_southwest_northeast_10_multi_tight,anchor_southwest_northeast,MULTI_TIGHT,tight,MULTI_TIGHT|POP_ACTIVE|WIDTH_ACTIVE|tight,14246,21803,pair_type,"P,P",full,58615.065,63170.64,522.1624974913896,612.4824970574678,135.50949111802572,13.256214912497324,anchor_southwest_northeast:probe_via:slope_exp_beta_150_width:via9667,same_scalar_via_profile_probe,slope_exp_beta_150_width,60741.0,564.4999972879887,141.50949111802572,12.506214912497324,190,5.14008988986023,length_low|elevation_low|width_high,False,False,,,,,,,,,,,6,0,6,0,0,21241,0.7679079999943497,0.06396189999941271,0.0059889999974984676,0.006053600009181537,,0.8379235000029439,,6,0.0,"{""elevation_high"": 0.0, ""elevation_low"": 0.0, ""length_high"": 0.0, ""length_low"": 0.0, ""popularity_low"": 0.0, ""width_high"": 0.0}",,"{""metrics"": {""avg_pop"": 211.32705635755096, ""avg_width"": 12.702170458771425, ""elevation"": 524.6999962925911, ""length"": 59158.0, ""popularity_length"": 12501686.0, ""road_changes"": 177, ""width_length"": 751435.0}, ""normalized_violation_score"": 0.0, ""pair_type"": ""P,P"", ""via_vertex"": 5517, ""violations"": {""elevation_high"": 0.0, ""elevation_low"": 0.0, ""length_high"": 0.0, ""length_low"": 0.0, ""popularity_low"": 0.0, ""width_high"": 0.0}}",,,,,,,,
development,anchor_southwest_northeast_10_multi_tight,anchor_southwest_northeast,MULTI_TIGHT,tight,MULTI_TIGHT|POP_ACTIVE|WIDTH_ACTIVE|tight,14246,21803,pair_type,"P,S",full,58615.065,63170.64,522.1624974913896,612.4824970574678,135.50949111802572,13.256214912497324,anchor_southwest_northeast:probe_via:slope_exp_beta_150_width:via9667,same_scalar_via_profile_probe,slope_exp_beta_150_width,60741.0,564.4999972879887,141.50949111802572,12.506214912497324,190,5.14008988986023,length_low|elevation_low|width_high,True,True,59000.0,537.799997702241,138.71625423728813,13.037542372881356,201,13029,"P,S",True,0,True,101,21,80,0,0,21241,0.7679079999943497,0.06354260000807699,0.006370999995851889,0.11313500000687782,0.8378215999982785,0.9445856000093045,5,101,0.0,{},,"{""metrics"": {""avg_pop"": 139.1152989199762, ""avg_width"": 13.05179011820733, ""elevation"": 527.099997498095, ""length"": 58795.0, ""popularity_length"": 8179284.0, ""road_changes"": 198, ""width_length"": 767380.0}, ""normalized_violation_score"": 0.0, ""pair_type"": ""P,S"", ""profile_exact_deltas"": {""avg_pop"": 0.0, ""avg_width"": 0.0, ""elevation"": 0.0, ""length"": 0.0, ""popularity_length"": 0.0, ""road_changes"": 0.0, ""width_length"": 0.0}, ""profile_metrics"": {""avg_pop"": 139.1152989199762, ""avg_width"": 13.05179011820733, ""elevation"": 527.099997498095, ""length"": 58795.0, ""popularity_length"": 8179284.0, ""road_changes"": 198, ""width_length"": 767380.0}, ""via_vertex"": 8863, ""violations"": {""elevation_high"": 0.0, ""elevation_low"": 0.0, ""length_high"": 0.0, ""length_low"": 0.0, ""popularity_low"": 0.0, ""width_high"": 0.0}}",,,,,,,,
development,anchor_southwest_northeast_10_multi_tight,anchor_southwest_northeast,MULTI_TIGHT,tight,MULTI_TIGHT|POP_ACTIVE|WIDTH_ACTIVE|tight,14246,21803,pair_type,"S,P",full,58615.065,63170.64,522.1624974913896,612.4824970574678,135.50949111802572,13.256214912497324,anchor_southwest_northeast:probe_via:slope_exp_beta_150_width:via9667,same_scalar_via_profile_probe,slope_exp_beta_150_width,60741.0,564.4999972879887,141.50949111802572,12.506214912497324,190,5.14008988986023,length_low|elevation_low|width_high,True,True,62150.0,557.1999981179833,196.81993563958164,13.119388576025743,202,4157,"S,P",True,0,True,390,49,341,0,0,21241,0.7679079999943497,0.06498340000689495,0.22770829999353737,0.4127621999941766,1.060599699994782,1.2456535999954212,214,390,0.0,{},,"{""metrics"": {""avg_pop"": 197.40069873253168, ""avg_width"": 13.248293792655184, ""elevation"": 557.1999980732799, ""length"": 61540.0, ""popularity_length"": 12148039.0, ""road_changes"": 200, ""width_length"": 815300.0}, ""normalized_violation_score"": 0.0, ""pair_type"": ""S,P"", ""profile_exact_deltas"": {""avg_pop"": 0.0, ""avg_width"": 0.0, ""elevation"": 0.0, ""length"": 0.0, ""popularity_length"": 0.0, ""road_changes"": 0.0, ""width_length"": 0.0}, ""profile_metrics"": {""avg_pop"": 197.40069873253168, ""avg_width"": 13.248293792655184, ""elevation"": 557.1999980732799, ""length"": 61540.0, ""popularity_length"": 12148039.0, ""road_changes"": 200, ""width_length"": 815300.0}, ""via_vertex"": 867, ""violations"": {""elevation_high"": 0.0, ""elevation_low"": 0.0, ""length_high"": 0.0, ""length_low"": 0.0, ""popularity_low"": 0.0, ""width_high"": 0.0}}",,,,,,,,
development,anchor_southwest_northeast_10_multi_tight,anchor_southwest_northeast,MULTI_TIGHT,tight,MULTI_TIGHT|POP_ACTIVE|WIDTH_ACTIVE|tight,14246,21803,pair_type,"S,S",full,58615.065,63170.64,522.1624974913896,612.4824970574678,135.50949111802572,13.256214912497324,anchor_southwest_northeast:probe_via:slope_exp_beta_150_width:via9667,same_scalar_via_profile_probe,slope_exp_beta_150_width,60741.0,564.4999972879887,141.50949111802572,12.506214912497324,190,5.14008988986023,length_low|elevation_low|width_high,True,True,60209.0,573.4999974370003,141.1834111179392,12.405288245943298,204,5131,"S,S",True,0,True,95,25,70,0,0,21241,0.7679079999943497,0.06421160000900272,0.014612300001317635,0.10087759999441914,0.84673190000467,0.9329971999977715,14,95,0.0,{},,"{""metrics"": {""avg_pop"": 139.0569828022669, ""avg_width"": 12.839095853272143, ""elevation"": 589.2999979332089, ""length"": 61229.0, ""popularity_length"": 8514320.0, ""road_changes"": 202, ""width_length"": 786125.0}, ""normalized_violation_score"": 0.0, ""pair_type"": ""S,S"", ""profile_exact_deltas"": {""avg_pop"": 0.0, ""avg_width"": 0.0, ""elevation"": 0.0, ""length"": 0.0, ""popularity_length"": 0.0, ""road_changes"": 0.0, ""width_length"": 0.0}, ""profile_metrics"": {""avg_pop"": 139.0569828022669, ""avg_width"": 12.839095853272143, ""elevation"": 589.2999979332089, ""length"": 61229.0, ""popularity_length"": 8514320.0, ""road_changes"": 202, ""width_length"": 786125.0}, ""via_vertex"": 3752, ""violations"": {""elevation_high"": 0.0, ""elevation_low"": 0.0, ""length_high"": 0.0, ""length_low"": 0.0, ""popularity_low"": 0.0, ""width_high"": 0.0}}",,,,,,,,
development,anchor_southwest_northeast_10_multi_tight,anchor_southwest_northeast,MULTI_TIGHT,tight,MULTI_TIGHT|POP_ACTIVE|WIDTH_ACTIVE|tight,14246,21803,union,VIA-UNION-2,full,58615.065,63170.64,522.1624974913896,612.4824970574678,135.50949111802572,13.256214912497324,anchor_southwest_northeast:probe_via:slope_exp_beta_150_width:via9667,same_scalar_via_profile_probe,slope_exp_beta_150_width,60741.0,564.4999972879887,141.50949111802572,12.506214912497324,190,5.14008988986023,length_low|elevation_low|width_high,True,True,60209.0,573.4999974370003,141.1834111179392,12.405288245943298,204,5131,"S,S",True,0,True,101,6,76,0,0,42482,0.7679079999943497,0.12817350000841543,0.01457970000046771,0.10693120000360068,0.9106612000032328,1.0030127000063658,14,101,0.0,{},,"{""metrics"": {""avg_pop"": 211.32705635755096, ""avg_width"": 12.702170458771425, ""elevation"": 524.6999962925911, ""length"": 59158.0, ""popularity_length"": 12501686.0, ""road_changes"": 177, ""width_length"": 751435.0}, ""normalized_violation_score"": 0.0, ""pair_type"": ""P,P"", ""via_vertex"": 5517, ""violations"": {""elevation_high"": 0.0, ""elevation_low"": 0.0, ""length_high"": 0.0, ""length_low"": 0.0, ""popularity_low"": 0.0, ""width_high"": 0.0}}","P,P|S,S",0.12817350000841543,0.12852600001497194,0.10693120000360068,0.5258972000010544,13,0,0
development,anchor_southwest_northeast_10_multi_tight,anchor_southwest_northeast,MULTI_TIGHT,tight,MULTI_TIGHT|POP_ACTIVE|WIDTH_ACTIVE|tight,14246,21803,union,MIXED-VIA-2,full,58615.065,63170.64,522.1624974913896,612.4824970574678,135.50949111802572,13.256214912497324,anchor_southwest_northeast:probe_via:slope_exp_beta_150_width:via9667,same_scalar_via_profile_probe,slope_exp_beta_150_width,60741.0,564.4999972879887,141.50949111802572,12.506214912497324,190,5.14008988986023,length_low|elevation_low|width_high,True,True,60209.0,573.4999974370003,141.1834111179392,12.405288245943298,204,5131,"S,S",True,0,True,592,25,497,0,0,84964,0.7679079999943497,0.2566995000233874,0.08090159999846946,0.6328284000046551,1.1055091000162065,1.6574359000223922,75,592,0.0,{},,"{""metrics"": {""avg_pop"": 211.32705635755096, ""avg_width"": 12.702170458771425, ""elevation"": 524.6999962925911, ""length"": 59158.0, ""popularity_length"": 12501686.0, ""road_changes"": 177, ""width_length"": 751435.0}, ""normalized_violation_score"": 0.0, ""pair_type"": ""P,P"", ""via_vertex"": 5517, ""violations"": {""elevation_high"": 0.0, ""elevation_low"": 0.0, ""length_high"": 0.0, ""length_low"": 0.0, ""popularity_low"": 0.0, ""width_high"": 0.0}}","P,P|P,S|S,P|S,S",0.12817350000841543,0.12852600001497194,0.10693120000360068,0.5258972000010544,74,0,0
development,anchor_southwest_northeast_15_l_high_active,anchor_southwest_northeast,L_HIGH_ACTIVE,tight,L_HIGH_ACTIVE|tight,14246,21803,pair_type,"P,P",full,53452.08,61834.338,423.3749979659915,762.0749963387847,117.50949111802572,14.806214912497325,anchor_southwest_northeast:probe_via:slope_exp_beta_150_width:via9667,same_scalar_via_profile_probe,slope_exp_beta_150_width,60741.0,564.4999972879887,141.50949111802572,12.506214912497324,190,2.177585085068963,length_low|elevation_low|width_high,True,True,55837.0,524.2999973073602,207.72494940630764,13.081917008435267,168,15989,"P,P",True,0,True,2771,534,2237,0,0,21241,0.7575883000099566,0.06749289999424946,0.017297600003075786,2.7178086999920197,0.8423788000072818,3.5428898999962257,12,2771,0.0,{},,"{""metrics"": {""avg_pop"": 206.26068759342303, ""avg_width"": 13.626214499252615, ""elevation"": 482.2999988645315, ""length"": 53520.0, ""popularity_length"": 11039072.0, ""road_changes"": 142, ""width_length"": 729275.0}, ""normalized_violation_score"": 0.0, ""pair_type"": ""P,P"", ""profile_exact_deltas"": {""avg_pop"": 0.0, ""avg_width"": 0.0, ""elevation"": 0.0, ""length"": 0.0, ""popularity_length"": 0.0, ""road_changes"": 0.0, ""width_length"": 0.0}, ""profile_metrics"": {""avg_pop"": 206.26068759342303, ""avg_width"": 13.626214499252615, ""elevation"": 482.2999988645315, ""length"": 53520.0, ""popularity_length"": 11039072.0, ""road_changes"": 142, ""width_length"": 729275.0}, ""via_vertex"": 475, ""violations"": {""elevation_high"": 0.0, ""elevation_low"": 0.0, ""length_high"": 0.0, ""length_low"": 0.0, ""popularity_low"": 0.0, ""width_high"": 0.0}}",,,,,,,,
development,anchor_southwest_northeast_15_l_high_active,anchor_southwest_northeast,L_HIGH_ACTIVE,tight,L_HIGH_ACTIVE|tight,14246,21803,pair_type,"P,S",full,53452.08,61834.338,423.3749979659915,762.0749963387847,117.50949111802572,14.806214912497325,anchor_southwest_northeast:probe_via:slope_exp_beta_150_width:via9667,same_scalar_via_profile_probe,slope_exp_beta_150_width,60741.0,564.4999972879887,141.50949111802572,12.506214912497324,190,2.177585085068963,length_low|elevation_low|width_high,True,True,57149.0,482.0999981611967,141.76391537909674,13.025949710406131,181,15515,"P,S",True,0,True,3206,839,2367,0,0,21241,0.7575883000099566,0.06530439999187365,0.11775160000252072,3.2823385000083363,0.940644300004351,4.1052312000101665,116,3206,0.0,{},,"{""metrics"": {""avg_pop"": 197.53155633880382, ""avg_width"": 14.560432499908213, ""elevation"": 472.0000002607703, ""length"": 54474.0, ""popularity_length"": 10760334.0, ""road_changes"": 162, ""width_length"": 793165.0}, ""normalized_violation_score"": 0.0, ""pair_type"": ""P,S"", ""profile_exact_deltas"": {""avg_pop"": 0.0, ""avg_width"": 0.0, ""elevation"": 0.0, ""length"": 0.0, ""popularity_length"": 0.0, ""road_changes"": 0.0, ""width_length"": 0.0}, ""profile_metrics"": {""avg_pop"": 197.53155633880382, ""avg_width"": 14.560432499908213, ""elevation"": 472.0000002607703, ""length"": 54474.0, ""popularity_length"": 10760334.0, ""road_changes"": 162, ""width_length"": 793165.0}, ""via_vertex"": 527, ""violations"": {""elevation_high"": 0.0, ""elevation_low"": 0.0, ""length_high"": 0.0, ""length_low"": 0.0, ""popularity_low"": 0.0, ""width_high"": 0.0}}",,,,,,,,
development,anchor_southwest_northeast_15_l_high_active,anchor_southwest_northeast,L_HIGH_ACTIVE,tight,L_HIGH_ACTIVE|tight,14246,21803,pair_type,"S,P",full,53452.08,61834.338,423.3749979659915,762.0749963387847,117.50949111802572,14.806214912497325,anchor_southwest_northeast:probe_via:slope_exp_beta_150_width:via9667,same_scalar_via_profile_probe,slope_exp_beta_150_width,60741.0,564.4999972879887,141.50949111802572,12.506214912497324,190,2.177585085068963,length_low|elevation_low|width_high,True,True,55096.0,550.0999979302287,195.29709960795702,13.039966603746189,163,4082,"S,P",True,0,True,2875,543,2332,0,0,21241,0.7575883000099566,0.06511570001021028,0.11139409999304917,2.899452099998598,0.934098100013216,3.722156100018765,104,2875,0.0,{},,"{""metrics"": {""avg_pop"": 196.91674853545828, ""avg_width"": 14.193319506604082, ""elevation"": 572.5999979302287, ""length"": 54966.0, ""popularity_length"": 10823726.0, ""road_changes"": 156, ""width_length"": 780150.0}, ""normalized_violation_score"": 0.0, ""pair_type"": ""S,P"", ""profile_exact_deltas"": {""avg_pop"": 0.0, ""avg_width"": 0.0, ""elevation"": 0.0, ""length"": 0.0, ""popularity_length"": 0.0, ""road_changes"": 0.0, ""width_length"": 0.0}, ""profile_metrics"": {""avg_pop"": 196.91674853545828, ""avg_width"": 14.193319506604082, ""elevation"": 572.5999979302287, ""length"": 54966.0, ""popularity_length"": 10823726.0, ""road_changes"": 156, ""width_length"": 780150.0}, ""via_vertex"": 745, ""violations"": {""elevation_high"": 0.0, ""elevation_low"": 0.0, ""length_high"": 0.0, ""length_low"": 0.0, ""popularity_low"": 0.0, ""width_high"": 0.0}}",,,,,,,,
development,anchor_southwest_northeast_15_l_high_active,anchor_southwest_northeast,L_HIGH_ACTIVE,tight,L_HIGH_ACTIVE|tight,14246,21803,pair_type,"S,S",full,53452.08,61834.338,423.3749979659915,762.0749963387847,117.50949111802572,14.806214912497325,anchor_southwest_northeast:probe_via:slope_exp_beta_150_width:via9667,same_scalar_via_profile_probe,slope_exp_beta_150_width,60741.0,564.4999972879887,141.50949111802572,12.506214912497324,190,2.177585085068963,length_low|elevation_low|width_high,True,True,57021.0,525.999996997416,143.79847775381,12.702337735220357,182,8192,"S,S",True,0,True,3345,739,2606,0,0,21241,0.7575883000099566,0.06605140000465326,0.10841770000115503,3.310530300004757,0.9320574000157649,4.134170000019367,98,3345,0.0,{},,"{""metrics"": {""avg_pop"": 190.42948402051508, ""avg_width"": 13.992681012612021, ""elevation"": 581.5999970287085, ""length"": 54789.0, ""popularity_length"": 10433441.0, ""road_changes"": 170, ""width_length"": 766645.0}, ""normalized_violation_score"": 0.0, ""pair_type"": ""S,S"", ""profile_exact_deltas"": {""avg_pop"": 0.0, ""avg_width"": 0.0, ""elevation"": 0.0, ""length"": 0.0, ""popularity_length"": 0.0, ""road_changes"": 0.0, ""width_length"": 0.0}, ""profile_metrics"": {""avg_pop"": 190.42948402051508, ""avg_width"": 13.992681012612021, ""elevation"": 581.5999970287085, ""length"": 54789.0, ""popularity_length"": 10433441.0, ""road_changes"": 170, ""width_length"": 766645.0}, ""via_vertex"": 747, ""violations"": {""elevation_high"": 0.0, ""elevation_low"": 0.0, ""length_high"": 0.0, ""length_low"": 0.0, ""popularity_low"": 0.0, ""width_high"": 0.0}}",,,,,,,,
development,anchor_southwest_northeast_15_l_high_active,anchor_southwest_northeast,L_HIGH_ACTIVE,tight,L_HIGH_ACTIVE|tight,14246,21803,union,VIA-UNION-2,full,53452.08,61834.338,423.3749979659915,762.0749963387847,117.50949111802572,14.806214912497325,anchor_southwest_northeast:probe_via:slope_exp_beta_150_width:via9667,same_scalar_via_profile_probe,slope_exp_beta_150_width,60741.0,564.4999972879887,141.50949111802572,12.506214912497324,190,2.177585085068963,length_low|elevation_low|width_high,True,True,57021.0,525.999996997416,143.79847775381,12.702337735220357,182,8192,"S,S",True,0,True,6116,352,4843,0,0,42482,0.7575883000099566,0.13354429999890272,0.12410519999684766,6.028338999996777,1.015237800005707,6.919471600005636,99,6116,0.0,{},,"{""metrics"": {""avg_pop"": 206.26068759342303, ""avg_width"": 13.626214499252615, ""elevation"": 482.2999988645315, ""length"": 53520.0, ""popularity_length"": 11039072.0, ""road_changes"": 142, ""width_length"": 729275.0}, ""normalized_violation_score"": 0.0, ""pair_type"": ""P,P"", ""profile_exact_deltas"": {""avg_pop"": 0.0, ""avg_width"": 0.0, ""elevation"": 0.0, ""length"": 0.0, ""popularity_length"": 0.0, ""road_changes"": 0.0, ""width_length"": 0.0}, ""profile_metrics"": {""avg_pop"": 206.26068759342303, ""avg_width"": 13.626214499252615, ""elevation"": 482.2999988645315, ""length"": 53520.0, ""popularity_length"": 11039072.0, ""road_changes"": 142, ""width_length"": 729275.0}, ""via_vertex"": 475, ""violations"": {""elevation_high"": 0.0, ""elevation_low"": 0.0, ""length_high"": 0.0, ""length_low"": 0.0, ""popularity_low"": 0.0, ""width_high"": 0.0}}","P,P|S,S",0.13354429999890272,0.13042010000208393,6.028338999996777,6.181790600006934,98,0,0
development,anchor_southwest_northeast_15_l_high_active,anchor_southwest_northeast,L_HIGH_ACTIVE,tight,L_HIGH_ACTIVE|tight,14246,21803,union,MIXED-VIA-2,full,53452.08,61834.338,423.3749979659915,762.0749963387847,117.50949111802572,14.806214912497325,anchor_southwest_northeast:probe_via:slope_exp_beta_150_width:via9667,same_scalar_via_profile_probe,slope_exp_beta_150_width,60741.0,564.4999972879887,141.50949111802572,12.506214912497324,190,2.177585085068963,length_low|elevation_low|width_high,True,True,57021.0,525.999996997416,143.79847775381,12.702337735220357,182,8192,"S,S",True,0,True,12197,759,9542,0,0,84964,0.7575883000099566,0.26396440000098664,0.1836289999919245,12.210129600003711,1.2051817000028677,13.231682300014654,152,12197,0.0,{},,"{""metrics"": {""avg_pop"": 206.26068759342303, ""avg_width"": 13.626214499252615, ""elevation"": 482.2999988645315, ""length"": 53520.0, ""popularity_length"": 11039072.0, ""road_changes"": 142, ""width_length"": 729275.0}, ""normalized_violation_score"": 0.0, ""pair_type"": ""P,P"", ""profile_exact_deltas"": {""avg_pop"": 0.0, ""avg_width"": 0.0, ""elevation"": 0.0, ""length"": 0.0, ""popularity_length"": 0.0, ""road_changes"": 0.0, ""width_length"": 0.0}, ""profile_metrics"": {""avg_pop"": 206.26068759342303, ""avg_width"": 13.626214499252615, ""elevation"": 482.2999988645315, ""length"": 53520.0, ""popularity_length"": 11039072.0, ""road_changes"": 142, ""width_length"": 729275.0}, ""via_vertex"": 475, ""violations"": {""elevation_high"": 0.0, ""elevation_low"": 0.0, ""length_high"": 0.0, ""length_low"": 0.0, ""popularity_low"": 0.0, ""width_high"": 0.0}}","P,P|P,S|S,P|S,S",0.13354429999890272,0.13042010000208393,6.028338999996777,6.181790600006934,151,0,0
