# old_node_id  xy_node_id  cell_id  hop_distance
228381371 4684 0 0
212579934 4424 1 0
35876739 524 2 0
209138152 4367 3 0
139309189 1848 4 0
247178518 6106 5 0
246787072 6085 6 0
206241190 3883 7 0
229193668 4701 8 0
197445681 3084 9 0
34911997 423 10 0
242554953 5307 11 0
176832817 2560 12 0
243996076 5761 13 0
209187488 4373 14 0
216421514 4536 15 0
302520118 8732 16 0
243892208 5675 17 0
192749116 2857 18 0
112345088 1240 19 0
118076333 1411 20 0
276078622 7809 21 0
1045340828 13710 22 0
125629781 1485 23 0
199189185 3327 24 0
192864208 2891 25 0
35133847 459 26 0
256680712 6948 27 0
255419803 6875 28 0
208327843 4207 29 0
205495061 3630 30 0
218154172 4566 31 0
163925743 2313 32 0
251672742 6573 33 0
11937457266 22209 34 0
153593275 2179 35 0
36472568 563 36 0
141942132 1996 37 0
251137255 6423 38 0
416079017 10560 39 0
207436205 4108 40 0
193796225 2938 41 0
246116143 5985 42 0
173785236 2467 43 0
175106748 2493 44 0
241862294 5176 45 0
251002939 6414 46 0
208338951 4217 47 0
206239793 3876 48 0
139120653 1681 49 0
244909996 5920 50 0
60580500 878 51 0
1834590202 16235 52 0
246140210 6007 53 0
206387888 4034 54 0
51241790 769 55 0
301841679 8629 56 0
145901752 2049 57 0
243349933 5571 58 0
243793615 5646 59 0
206161065 3811 60 0
139270002 1835 61 0
449221548 11001 62 0
315034821 9309 63 0
197864020 3133 64 0
494714603 11450 65 0
6895726752 20835 66 0
218318684 4639 67 0
256021509 6912 68 0
180213984 2732 69 0
253869569 6839 70 0
42118413 693 71 0
227668784 4678 72 0
130033020 1554 73 0
255424962 6892 74 0
162614026 2305 75 0
30624733 262 76 0
203317431 3474 77 0
257043163 6962 78 0
24913020 89 79 0
139460608 1876 80 0
241587219 5082 81 0
105358554 1131 82 0
178761791 2700 83 0
241902791 5229 84 0
81079986 928 85 0
243485293 5591 86 0
218231906 4600 87 0
251673280 6578 88 0
259100911 7211 89 0
221455383 4658 90 0
248376032 6248 91 0
247643775 6205 92 0
141605429 1971 93 0
198803976 3195 94 0
253830035 6774 95 0
251693136 6648 96 0
2199915734 17361 97 0
251878938 6697 98 0
244365012 5812 99 0
280468598 7880 0 1
622395094 12144 0 1
228381558 4685 0 1
30732858 329 0 1
212581045 4425 1 1
600065006 12000 1 1
2339762982 17720 2 1
6864237345 20823 2 1
703501176 12671 3 1
703501179 12672 3 1
430487889 10656 3 1
139310781 1857 4 1
139309538 1850 4 1
144496998 2038 4 1
247178521 6107 5 1
247178514 6105 5 1
7187791504 20937 5 1
247179482 6114 5 1
319463427 9535 6 1
319463056 9533 6 1
1618034589 15306 6 1
319462701 9532 6 1
2535092637 18143 7 1
438370091 10704 7 1
206241258 3884 7 1
229193616 4700 8 1
10157881197 21734 8 1
197445684 3085 9 1
598659817 11987 9 1
1022475090 13628 9 1
5984171187 20403 10 1
34911981 422 10 1
49745231 710 10 1
1177464937 13855 11 1
243190978 5424 11 1
306480899 9002 12 1
305442384 8991 12 1
306480851 9001 12 1
402822163 10451 12 1
2581509239 18228 13 1
2581509226 18227 13 1
508561592 11579 14 1
11365823344 22066 14 1
209187486 4372 14 1
216421510 4535 15 1
216422190 4537 15 1
216425725 4542 15 1
302561651 8756 16 1
304200001 8941 16 1
2441944792 17952 16 1
302520352 8733 16 1
243892202 5674 17 1
243892191 5672 17 1
243892273 5688 17 1
3779370905 19314 17 1
192748700 2853 18 1
192758948 2861 18 1
3645465478 19150 19 1
877109826 13165 19 1
4246071755 19577 19 1
6395850514 20580 19 1
244512413 5860 20 1
118116164 1422 20 1
244512410 5858 20 1
118076331 1410 20 1
276078613 7808 21 1
282174641 7943 21 1
276077642 7807 21 1
313672500 9213 21 1
11020925441 21920 21 1
292466084 8363 22 1
2212092021 17409 22 1
5242238921 20009 22 1
193944012 2964 23 1
193929857 2955 23 1
125627896 1483 23 1
294164347 8376 23 1
1832557169 16080 24 1
1832557172 16082 24 1
205021524 3525 25 1
205250366 3541 25 1
205244909 3538 25 1
35133850 461 26 1
390181412 10410 26 1
250791313 6368 26 1
303861571 8887 27 1
1889506752 16857 28 1
1648815339 15425 28 1
255419806 6876 28 1
363907183 10104 29 1
208327055 4205 29 1
208327838 4206 29 1
3993993795 19432 30 1
11243146906 21985 30 1
6407573771 20587 31 1
6079678908 20433 31 1
218154104 4564 31 1
1696974110 15597 32 1
163929105 2314 32 1
417455192 10593 33 1
2278118400 17474 33 1
96489514 1006 34 1
213928762 4456 34 1
504699208 11576 34 1
206336563 4000 35 1
153576255 2178 35 1
153593293 2180 35 1
157410297 2245 35 1
36475482 580 36 1
36472566 562 36 1
141942271 1999 37 1
141942859 2013 37 1
141941894 1995 37 1
244410789 5814 37 1
141942361 2003 37 1
1836073207 16410 38 1
251137258 6424 38 1
416079018 10561 39 1
416079024 10563 39 1
308256955 9033 40 1
9883134869 21632 40 1
36427532 539 40 1
202949587 3450 41 1
202949534 3449 41 1
1679059890 15491 42 1
246116142 5984 42 1
1679059661 15490 42 1
3800385394 19344 42 1
173782479 2466 43 1
257887921 7033 43 1
1370183136 14395 44 1
5649473197 20226 44 1
5843322160 20336 44 1
241862329 5177 45 1
3667429846 19174 45 1
250826795 6384 45 1
2217372378 17411 46 1
206096985 3751 46 1
6900388606 20845 46 1
208479252 4232 47 1
208337847 4215 47 1
208478730 4231 47 1
208344738 4226 47 1
205497471 3642 48 1
2600731306 18254 48 1
139120651 1680 49 1
139206969 1774 49 1
11364033868 22034 50 1
60580503 880 51 1
992463315 13529 51 1
207559403 4183 51 1
10292267809 21779 52 1
10292208156 21778 52 1
7600255886 21029 52 1
258972017 7184 52 1
10292208153 21777 52 1
246140101 6006 53 1
246139769 6004 53 1
206387971 4036 54 1
206387894 4035 54 1
565442998 11732 55 1
572015452 11840 55 1
565442973 11731 55 1
301841681 8630 56 1
662885638 12357 56 1
270160586 7736 57 1
270160581 7735 57 1
145901750 2048 57 1
243349935 5572 58 1
139463962 1878 58 1
2385722277 17842 58 1
243793625 5647 59 1
659368182 12317 59 1
595131585 11959 59 1
206161066 3812 60 1
208530129 4264 60 1
5291742745 20035 61 1
268399377 7584 61 1
114287603 1289 61 1
449221547 11000 62 1
448642594 10980 62 1
3673743985 19184 62 1
1584790098 15129 62 1
6736381807 20749 63 1
6736381795 20748 63 1
339007173 9752 64 1
197862023 3132 64 1
2465469480 17995 65 1
494714601 11449 65 1
1988470929 17010 65 1
494714592 11446 65 1
2697814822 18403 66 1
7460214009 20994 66 1
1617147123 15302 67 1
218318761 4643 67 1
632660793 12204 67 1
218318694 4640 67 1
290519013 8274 68 1
1836072995 16395 68 1
1531756383 14964 68 1
181321070 2793 69 1
181321071 2794 69 1
180223553 2738 69 1
253869727 6841 70 1
11369089041 22072 70 1
446983469 10911 70 1
401436991 10448 71 1
1309181798 14051 71 1
42118512 694 71 1
475057077 11300 72 1
267313329 7544 72 1
241210213 5013 72 1
130033139 1559 73 1
130033093 1557 73 1
1671245054 15457 73 1
2331522413 17706 73 1
255426472 6900 74 1
3428139539 18969 74 1
3428139542 18970 74 1
255424959 6891 74 1
268399943 7591 75 1
132777276 1613 75 1
162614031 2306 75 1
243025744 5403 76 1
30624734 263 76 1
1868380597 16790 77 1
203316960 3473 77 1
1868380572 16784 77 1
257043165 6963 78 1
1836073317 16431 78 1
1836073323 16433 78 1
260956132 7383 78 1
24913016 86 79 1
24913019 88 79 1
24913021 90 79 1
139489286 1898 80 1
1903816043 16900 80 1
798517235 12900 81 1
2569514418 18211 81 1
1197362629 13884 81 1
105356388 1127 82 1
105358556 1132 82 1
1072393133 13750 82 1
622463745 12151 83 1
178762166 2704 83 1
178761793 2701 83 1
421982822 10613 84 1
1690571118 15568 84 1
3649448183 19154 85 1
81079985 927 85 1
199194101 3340 85 1
243558905 5607 86 1
242563018 5311 86 1
1843322133 16560 86 1
2976922249 18642 87 1
4815885762 19841 87 1
298676040 8548 87 1
10079519702 21697 88 1
251673276 6577 88 1
2217376178 17415 88 1
2786125680 18465 89 1
258986836 7195 89 1
1918601642 16936 89 1
1758864293 15756 89 1
221455386 4659 90 1
1862632119 16712 90 1
1839312786 16535 91 1
11776404843 22161 91 1
248376031 6247 91 1
247643779 6206 92 1
2514427339 18118 92 1
141604305 1963 93 1
141603796 1961 93 1
141603609 1960 93 1
141605427 1970 93 1
1269253722 13978 94 1
200681514 3369 94 1
244081688 5780 94 1
603163445 12044 95 1
253830042 6775 95 1
1476632916 14688 95 1
251689847 6615 96 1
3482617229 19015 96 1
251693109 6647 96 1
297324592 8461 97 1
2199915741 17362 97 1
2199915720 17359 97 1
262815091 7410 98 1
251878933 6696 98 1
251850940 6691 98 1
6451042345 20632 99 1
296936373 8449 99 1
2915134593 18616 99 1
228382134 4686 0 2
30793682 379 0 2
30793692 384 0 2
30693113 298 0 2
247292269 6130 1 2
212590660 4432 1 2
600065004 11999 1 2
428638013 10645 1 2
35346707 491 2 2
6864237344 20822 2 2
36709337 667 2 2
243458894 5580 3 2
703501087 12665 3 2
703501195 12673 3 2
430486833 10649 3 2
139284378 1845 4 2
139264323 1830 4 2
247178522 6108 5 2
247178513 6104 5 2
247179847 6120 5 2
241599914 5113 5 2
241599911 5112 5 2
2801907752 18479 5 2
247178573 6109 5 2
1618034609 15308 6 2
1618038701 15309 6 2
319463426 9534 6 2
319460828 9523 6 2
319462700 9531 6 2
319461795 9529 6 2
10957734596 21903 7 2
2535100999 18144 7 2
299458065 8584 7 2
5303873411 20044 7 2
302058786 8649 7 2
10959838406 21905 7 2
229193608 4699 8 2
3685244045 19213 8 2
231117682 4769 8 2
2434320011 17941 8 2
596378169 11961 9 2
597456222 11966 9 2
3699104098 19229 9 2
1652760415 15432 9 2
197445680 3083 9 2
1022475312 13630 9 2
1088004860 13763 10 2
34956076 427 10 2
195365224 2967 10 2
49745255 716 10 2
1177465156 13857 11 2
243190977 5423 11 2
305442352 8989 12 2
178683524 2610 12 2
178683526 2611 12 2
1016444126 13578 12 2
176829647 2559 12 2
1361480962 14336 13 2
1361480964 14337 13 2
243996090 5762 13 2
7157674182 20922 14 2
209187773 4394 14 2
209187603 4380 14 2
209187567 4376 14 2
262819260 7418 14 2
216374521 4525 15 2
216433599 4544 15 2
216422731 4539 15 2
216422195 4538 15 2
302520015 8731 16 2
302518217 8716 16 2
303381509 8853 16 2
303381708 8855 16 2
302903560 8791 16 2
303381455 8852 16 2
302520353 8734 16 2
243892189 5671 17 2
243892226 5676 17 2
1345346877 14187 17 2
243892194 5673 17 2
243892258 5685 17 2
243892263 5686 17 2
1044936591 13703 18 2
192759489 2862 18 2
192751970 2859 18 2
108275908 1179 19 2
877114268 13166 19 2
4307549380 19606 19 2
112354257 1241 19 2
112426021 1276 19 2
2273984163 17463 19 2
118075521 1408 20 2
118115915 1421 20 2
118114866 1417 20 2
244512647 5861 20 2
118075915 1409 20 2
119144439 1448 20 2
11009688193 21913 21 2
276079409 7811 21 2
11020925440 21919 21 2
2295225482 17584 21 2
276077162 7805 21 2
313672609 9214 21 2
292466083 8362 22 2
4327646388 19649 22 2
2470564681 18007 22 2
2889057671 18590 22 2
616200004 12101 22 2
1383713732 14495 22 2
314925040 9299 22 2
314943617 9300 23 2
294164350 8377 23 2
105355899 1125 23 2
206136948 3781 23 2
125629783 1486 23 2
1832557171 16081 24 2
1832557167 16078 24 2
1832557190 16085 24 2
1832557178 16083 24 2
672476308 12438 25 2
205250369 3542 25 2
205231638 3528 25 2
205244916 3539 25 2
197174150 3038 26 2
250791268 6365 26 2
36800657 669 26 2
303861536 8877 27 2
2153658773 17203 27 2
303861626 8897 27 2
255419801 6874 28 2
3113113733 18707 28 2
1648815369 15426 28 2
3675962712 19187 28 2
363907203 10105 29 2
363907162 10103 29 2
363843885 10084 29 2
363906940 10095 29 2
363906929 10094 29 2
8688579025 21359 29 2
363819563 10079 29 2
11243146907 21986 30 2
3994361202 19435 30 2
6537356518 20688 30 2
8895135634 21396 31 2
6079678907 20432 31 2
218154105 4565 31 2
1696974118 15599 32 2
1696974108 15596 32 2
659506611 12327 32 2
1235167457 13939 33 2
259436214 7239 33 2
1089241536 13771 33 2
2481965894 18035 33 2
2278118406 17476 33 2
89162998 979 34 2
213947953 4463 34 2
213929908 4459 34 2
229900019 4747 34 2
206332474 3991 35 2
206336562 3999 35 2
153576241 2177 35 2
4397397826 19705 35 2
206211726 3830 35 2
157371943 2244 35 2
157371915 2242 35 2
36475483 581 36 2
36472431 561 36 2
470126 23 36 2
141942283 2000 37 2
141942226 1997 37 2
530289763 11644 37 2
150745069 2156 37 2
141942329 2002 37 2
7613065643 21037 37 2
1836073236 16416 38 2
1862814332 16730 38 2
1836073132 16405 38 2
416079020 10562 39 2
659727528 12335 39 2
416079028 10564 39 2
367714 10 40 2
554927747 11682 40 2
36427531 538 40 2
268401228 7643 40 2
193796804 2939 41 2
631980916 12194 42 2
631980934 12196 42 2
290038919 8157 42 2
290038512 8140 42 2
1679059634 15489 42 2
290039213 8160 42 2
7905445747 21171 42 2
9341085971 21479 43 2
165355626 2341 43 2
10289189963 21776 43 2
34909841 420 44 2
6760443699 20767 44 2
241862331 5178 45 2
2326238792 17683 45 2
241862009 5173 45 2
3667429842 19173 45 2
2139867516 17173 46 2
2139867498 17172 46 2
2218919249 17422 46 2
2218919158 17419 46 2
208479253 4233 47 2
208325777 4202 47 2
208338595 4216 47 2
208336917 4214 47 2
11364225904 22043 47 2
11364204576 22042 47 2
208344740 4227 47 2
205497478 3643 48 2
314060755 9277 48 2
2600731312 18255 48 2
206239797 3877 48 2
139227469 1790 49 2
139119596 1676 49 2
139208421 1775 49 2
60580502 879 51 2
242184561 5282 51 2
242925924 5383 51 2
655173528 12298 51 2
207559368 4177 51 2
8962544685 21410 52 2
7600229284 21028 52 2
1348629719 14218 52 2
925953080 13369 52 2
925953421 13392 52 2
925953168 13375 52 2
246138912 6003 53 2
246140446 6010 53 2
1349664101 14263 54 2
206386015 4011 54 2
1349664102 14264 54 2
565442045 11730 55 2
565443085 11733 55 2
6782023570 20779 55 2
569951653 11812 56 2
11409166814 22114 56 2
2900129118 18601 56 2
569951649 11811 56 2
270160575 7733 57 2
11049708579 21928 57 2
559065971 11686 57 2
430842828 10665 57 2
145901746 2047 57 2
3523398676 19061 58 2
3523398671 19060 58 2
139463967 1879 58 2
139458542 1874 58 2
130048147 1574 59 2
206160523 3805 60 2
206161025 3806 60 2
206217693 3845 60 2
112413018 1272 61 2
114287607 1291 61 2
5291742752 20036 61 2
61101179 881 61 2
114285007 1288 61 2
448642593 10979 62 2
3577081361 19119 62 2
3673743982 19182 62 2
3673743971 19181 62 2
304562078 8972 62 2
1584790097 15128 62 2
315035026 9312 63 2
1552876123 15038 64 2
197643335 3104 64 2
1837326941 16474 64 2
2465469469 17994 65 2
2465469463 17993 65 2
246187347 6067 65 2
1426985401 14605 65 2
503553597 11563 65 2
494714574 11440 65 2
494714591 11445 65 2
1397300382 14507 66 2
6895726754 20836 66 2
8245170614 21245 66 2
7475872875 21002 66 2
218318266 4611 67 2
218318248 4609 67 2
1647558375 15418 67 2
1647558271 15415 67 2
632660791 12203 67 2
218318609 4638 67 2
218318729 4641 67 2
2549261053 18173 68 2
257037417 6953 68 2
527823096 11630 68 2
251650577 6554 68 2
59741023 824 69 2
181321069 2792 69 2
59741022 823 69 2
181321073 2795 69 2
59741025 826 69 2
180223554 2739 69 2
666275936 12396 70 2
251143248 6455 70 2
469101398 11192 70 2
253869365 6836 70 2
253360803 6745 70 2
253869550 6838 70 2
401437085 10449 71 2
190691076 2827 71 2
259077910 7205 71 2
1309181804 14052 71 2
10210222063 21749 71 2
2487107307 18058 71 2
267199913 7497 72 2
227668782 4677 72 2
267202187 7499 72 2
267313330 7545 72 2
267202186 7498 72 2
2401168515 17900 72 2
241210337 5014 72 2
130033119 1558 73 2
130033167 1560 73 2
205444638 3587 73 2
205474751 3612 73 2
130033021 1555 73 2
2331522415 17707 73 2
255426484 6901 74 2
2218919105 17416 74 2
3429654506 18975 74 2
3429659837 18979 74 2
241893987 5209 74 2
4596652754 19784 75 2
268400914 7625 75 2
3589368316 19125 75 2
834354650 13020 75 2
975539115 13509 75 2
268400638 7611 75 2
268400767 7618 75 2
243028012 5407 76 2
243028699 5408 76 2
30889955 395 76 2
30793940 393 76 2
1868380603 16791 77 2
1868380581 16789 77 2
203314776 3471 77 2
1868380573 16785 77 2
8627212691 21341 78 2
1836073259 16420 78 2
4438210374 19721 78 2
1836073300 16429 78 2
1836073318 16432 78 2
1836073324 16434 78 2
260956133 7384 78 2
826278651 12990 79 2
82408971 938 79 2
100294771 1043 79 2
24913022 91 79 2
139489289 1899 80 2
139463935 1877 80 2
798517239 12901 81 2
2393053875 17867 81 2
2393053882 17868 81 2
798534579 12912 81 2
241587218 5081 81 2
156823790 2230 82 2
153555212 2172 82 2
1072393114 13748 82 2
176811524 2542 83 2
622463911 12152 83 2
178761839 2703 83 2
178762171 2705 83 2
178762726 2709 83 2
421982823 10614 84 2
512492369 11603 84 2
209163500 4369 84 2
81079980 926 85 2
907016370 13277 85 2
81080003 929 85 2
7607888126 21030 85 2
243551825 5604 86 2
628102185 12170 86 2
243214666 5510 86 2
243556191 5606 86 2
3523420060 19071 86 2
4712953472 19816 87 2
10025656107 21673 87 2
4085724813 19491 87 2
218233621 4601 87 2
251673285 6579 88 2
10079519704 21698 88 2
251673266 6576 88 2
1807974213 15858 89 2
2786125677 18464 89 2
258986831 7193 89 2
258986834 7194 89 2
221455388 4660 90 2
1696645842 15585 90 2
1862632115 16711 90 2
60579527 856 91 2
1839312798 16536 91 2
1839312771 16534 91 2
247643806 6207 92 2
2278313518 17495 92 2
2514427311 18117 92 2
141602553 1958 93 2
141602065 1953 93 2
34909797 414 93 2
276973213 7834 93 2
141605932 1972 93 2
141605425 1969 93 2
2635498664 18315 94 2
1269253635 13977 94 2
200681317 3368 94 2
198901162 3258 94 2
198892947 3257 94 2
198892945 3256 94 2
198804408 3196 94 2
603163467 12045 95 2
1476632987 14690 95 2
1577263449 15103 95 2
3737690951 19246 95 2
251693054 6646 96 2
251689821 6614 96 2
3482617236 19016 96 2
298740595 8561 97 2
298740591 8560 97 2
2199915784 17366 97 2
2199915716 17358 97 2
251878916 6695 98 2
251878965 6698 98 2
6451042350 20633 99 2
296936360 8448 99 2
296628123 8415 99 2
244139442 5793 99 2
268401743 7676 99 2
7900253897 21166 99 2
228380322 4682 0 3
1554021858 15044 0 3
30730574 319 0 3
30732853 326 0 3
30693117 300 0 3
30693111 297 0 3
30732876 330 0 3
228380508 4683 0 3
212579932 4423 1 3
212584232 4426 1 3
212570157 4419 1 3
212590659 4431 1 3
212586782 4427 1 3
428638008 10644 1 3
2605910300 18267 1 3
420407653 10607 2 3
9386023670 21504 2 3
36709331 666 2 3
36709338 668 2 3
243459249 5584 3 3
11909259872 22197 3 3
6303523403 20522 3 3
703501197 12674 3 3
430486834 10650 3 3
139309192 1849 4 3
144503587 2041 4 3
139310605 1856 4 3
139310596 1854 4 3
241599920 5114 5 3
2801907754 18480 5 3
247178411 6101 5 3
247179844 6119 5 3
247178648 6110 5 3
241596480 5108 5 3
241600487 5115 5 3
251691635 6630 5 3
251691802 6634 5 3
266181079 7455 5 3
319463634 9537 6 3
319460829 9524 6 3
319463632 9536 6 3
2360861939 17793 6 3
319460827 9522 6 3
319461794 9528 6 3
319462413 9530 6 3
2427305666 17934 7 3
10957734597 21904 7 3
2488232806 18072 7 3
438369991 10703 7 3
2636637264 18327 7 3
446107369 10828 7 3
302058789 8651 7 3
302058788 8650 7 3
302058298 8640 7 3
11114545044 21949 7 3
229193603 4698 8 3
2245359453 17444 8 3
3685244046 19214 8 3
499176142 11497 8 3
231117684 4770 8 3
6130088225 20448 8 3
596378142 11960 9 3
869058930 13107 9 3
597456218 11964 9 3
1826683675 15896 9 3
598659856 11988 9 3
598659722 11983 9 3
598659884 11991 9 3
8613160583 21335 9 3
34912004 424 10 3
5984171188 20404 10 3
5973001564 20402 10 3
1183626945 13867 10 3
260776317 7380 10 3
49745250 715 10 3
416426555 10574 11 3
1177465135 13856 11 3
1327525576 14120 11 3
178683528 2613 12 3
178689741 2622 12 3
2734856715 18423 12 3
1016444167 13581 12 3
176837387 2561 12 3
247156558 6093 12 3
237080695 4932 12 3
1361480948 14335 13 3
1361480970 14338 13 3
1790325463 15787 13 3
1361480921 14330 13 3
1889938845 16863 14 3
1889938816 16861 14 3
209187782 4396 14 3
1846876972 16642 14 3
209187482 4371 14 3
209187600 4379 14 3
209187573 4377 14 3
7157674186 20923 14 3
259698073 7246 14 3
216373086 4523 15 3
387219889 10378 15 3
215908453 4496 15 3
216450605 4552 15 3
386786189 10377 15 3
302518518 8717 16 3
302520754 8736 16 3
302518823 8722 16 3
303381709 8856 16 3
259464732 7241 16 3
302791964 8770 16 3
303381352 8851 16 3
302520354 8735 16 3
243892333 5692 17 3
7162567400 20925 17 3
243892274 5689 17 3
1345346812 14184 17 3
243892180 5670 17 3
1723073680 15663 17 3
243892256 5684 17 3
192748702 2854 18 3
1044937982 13706 18 3
8998495667 21411 18 3
192762011 2864 18 3
192764549 2868 18 3
112344328 1239 19 3
108274337 1178 19 3
5422134980 20166 19 3
974136864 13483 19 3
4307549378 19605 19 3
112356308 1243 19 3
491515640 11319 19 3
2941806994 18635 19 3
6396049190 20581 19 3
118116929 1423 20 3
118115745 1420 20 3
118114602 1416 20 3
298621044 8544 20 3
118116935 1424 20 3
256401920 6921 20 3
559061966 11685 20 3
276079027 7810 21 3
100295663 1051 21 3
276076536 7804 21 3
282174541 7942 21 3
276076422 7802 21 3
292466081 8361 22 3
4327646380 19648 22 3
2212092022 17410 22 3
2889057674 18591 22 3
616199997 12097 22 3
6490109615 20676 22 3
314924871 9298 22 3
193930130 2956 23 3
158520542 2259 23 3
6462442442 20635 23 3
206136947 3780 23 3
129534734 1519 23 3
125629785 1487 23 3
1832557168 16079 24 3
2071426046 17078 24 3
6449253091 20629 24 3
1832557209 16088 24 3
672476301 12437 25 3
672476322 12440 25 3
205250381 3543 25 3
672476378 12441 25 3
354998597 9981 25 3
205231699 3529 25 3
197313671 3041 26 3
198657191 3166 26 3
35133831 458 26 3
250791273 6366 26 3
197163725 3035 26 3
36800659 670 26 3
303861569 8886 27 3
303861541 8878 27 3
4878949433 19885 27 3
303861625 8896 27 3
569936399 11788 27 3
255419800 6873 28 3
3675966224 19189 28 3
255419209 6869 28 3
1643096963 15388 28 3
1648815331 15424 28 3
3675962722 19188 28 3
4811304247 19838 28 3
363907049 10100 29 3
363906948 10096 29 3
363907112 10101 29 3
363907214 10106 29 3
363843868 10081 29 3
8688579062 21360 29 3
208324023 4197 29 3
208329014 4210 29 3
11243146900 21983 30 3
2456278235 17975 30 3
1387812832 14501 30 3
3994361200 19434 30 3
1298833122 14033 30 3
5176014419 19978 31 3
5176014418 19977 31 3
6837461512 20803 31 3
218154102 4563 31 3
701610960 12649 31 3
1523165324 14944 32 3
1696974113 15598 32 3
199462976 3352 32 3
1235167454 13938 33 3
3085791044 18692 33 3
6477083320 20663 33 3
251673259 6575 33 3
2653006225 18346 33 3
659726000 12330 33 3
112425961 1275 34 3
213928774 4457 34 3
3135794605 18725 34 3
229904086 4751 34 3
229899239 4745 34 3
206332484 3993 35 3
3526351363 19086 35 3
1399341084 14511 35 3
157452862 2250 35 3
206211725 3829 35 3
692194615 12597 35 3
157371911 2241 35 3
206313329 3968 35 3
125400948 1470 36 3
36479827 626 36 3
25701688 127 36 3
24924008 109 36 3
36476556 590 36 3
141942242 1998 37 3
152528919 2166 37 3
530289769 11646 37 3
1562295407 15057 37 3
701611011 12652 37 3
264058760 7440 37 3
141941767 1994 37 3
141942297 2001 37 3
1836073255 16418 38 3
251137294 6429 38 3
1072425981 13752 38 3
1836073125 16403 38 3
416079004 10555 39 3
659727493 12333 39 3
659727587 12336 39 3
9883134873 21633 40 3
308223754 9027 40 3
268401232 7644 40 3
1886113942 16856 40 3
36427530 537 40 3
268401508 7655 40 3
268401203 7640 40 3
3356278276 18905 41 3
201231068 3389 41 3
246116145 5986 42 3
246116141 5983 42 3
1692322420 15574 42 3
290038915 8156 42 3
290039102 8159 42 3
290038375 8134 42 3
9666230532 21556 42 3
290039236 8162 42 3
290039219 8161 42 3
1679469016 15505 42 3
9341085970 21478 43 3
1420747190 14560 43 3
165362380 2348 43 3
257887920 7032 43 3
141586690 1925 44 3
141589282 1927 44 3
1607512761 15250 44 3
116136718 1346 44 3
5843322159 20335 44 3
299518541 8597 45 3
2326238805 17685 45 3
241541268 5069 45 3
10560429580 21806 45 3
251685581 6601 46 3
2139858460 17171 46 3
251745305 6649 46 3
255426088 6899 46 3
3429671610 18981 46 3
208479254 4234 47 3
208325780 4203 47 3
208339697 4219 47 3
208480825 4239 47 3
208339207 4218 47 3
208325776 4201 47 3
208321364 4193 47 3
11364225941 22050 47 3
2384305677 17839 47 3
208344741 4228 47 3
420423182 10608 48 3
2579880468 18221 48 3
206238788 3874 48 3
206240591 3880 48 3
452068772 11094 48 3
139193975 1771 49 3
1457369175 14661 49 3
139119598 1677 49 3
615593555 12096 49 3
139208426 1776 49 3
5201586964 20000 51 3
242184040 5281 51 3
354438957 9977 51 3
1018662037 13595 51 3
1018660843 13593 51 3
1829686671 15964 51 3
258972018 7185 52 3
1834577338 16234 52 3
1348630099 14226 52 3
1348629939 14222 52 3
1348630238 14229 52 3
1348638240 14230 52 3
925953265 13383 52 3
246138691 6001 53 3
246140445 6009 53 3
246140616 6013 53 3
205453141 3590 54 3
11587767844 22149 54 3
206385868 4010 54 3
206386206 4014 54 3
206387578 4027 54 3
1349664106 14265 54 3
30761314 343 55 3
51242048 770 55 3
30624040 253 55 3
11409166815 22115 56 3
296235627 8413 56 3
270160580 7734 57 3
270160572 7732 57 3
270160602 7737 57 3
4105855438 19500 57 3
145901742 2046 57 3
1617177698 15303 57 3
3523398677 19062 58 3
139464866 1880 58 3
1494113204 14775 58 3
626836943 12163 58 3
139458532 1873 58 3
130044705 1572 59 3
1979248155 17001 59 3
1834651078 16269 60 3
206161032 3807 60 3
206304341 3964 60 3
895738183 13210 60 3
206217543 3843 60 3
1027183337 13656 61 3
268399281 7581 61 3
268399082 7580 61 3
268399285 7583 61 3
366144953 10149 61 3
61101180 882 61 3
114277888 1281 61 3
112413017 1271 61 3
449221552 11002 62 3
5554789043 20187 62 3
654033874 12283 62 3
3673743983 19183 62 3
449219410 10991 62 3
449223299 11003 62 3
654033862 12281 62 3
3673744010 19185 62 3
100295365 1049 63 3
315035483 9319 63 3
7411254935 20982 64 3
1869644368 16843 64 3
6337846068 20538 64 3
5308387710 20058 65 3
494627382 11408 65 3
503554702 11575 65 3
503554509 11573 65 3
503553686 11564 65 3
494714564 11435 65 3
494714521 11427 65 3
215844596 4482 66 3
6895726757 20837 66 3
218318327 4616 67 3
502846874 11544 67 3
218318260 4610 67 3
218318388 4620 67 3
511980757 11595 67 3
1647558393 15419 67 3
1647558371 15417 67 3
1754747122 15745 67 3
713483848 12699 67 3
655207853 12300 67 3
11375586869 22086 67 3
218318283 4612 67 3
253365872 6752 67 3
10702914052 21840 67 3
5649626564 20227 68 3
257037415 6952 68 3
137565571 1649 68 3
251495327 6519 68 3
1022956344 13632 68 3
59741024 825 69 3
180224040 2746 69 3
182657831 2801 69 3
180211078 2730 69 3
180224041 2747 69 3
290890746 8276 69 3
2469335789 18004 70 3
666275941 12397 70 3
251143250 6456 70 3
253360141 6743 70 3
253869574 6840 70 3
446983482 10912 70 3
3815331535 19362 70 3
3750116555 19274 71 3
880880360 13183 71 3
190691071 2826 71 3
206096301 3747 71 3
259077908 7204 71 3
2487107279 18055 71 3
2487107197 18054 71 3
267199732 7495 72 3
267364972 7565 72 3
449765335 11017 72 3
10575279884 21807 72 3
267129179 7473 72 3
2401168517 17901 72 3
2401168520 17902 72 3
5192233096 19991 72 3
205442343 3583 73 3
130033200 1563 73 3
205444639 3588 73 3
205444637 3586 73 3
205443890 3585 73 3
3429659833 18978 74 3
3429654513 18977 74 3
241893989 5210 74 3
268400915 7626 75 3
150738447 2117 75 3
3589368315 19124 75 3
276785548 7833 75 3
132777271 1612 75 3
975538787 13495 75 3
4620768577 19796 75 3
268400637 7610 75 3
4284740298 19593 75 3
268400712 7612 75 3
243027738 5405 76 3
298339063 8527 76 3
6718066840 20745 76 3
493155725 11357 76 3
1215375505 13919 76 3
412436519 10528 77 3
3230032318 18811 77 3
203315435 3472 77 3
203320436 3475 77 3
203281399 3465 77 3
1601757375 15217 78 3
4716825518 19817 78 3
260964784 7390 78 3
1477029800 14697 78 3
4437930682 19720 78 3
1836073291 16426 78 3
1836073293 16427 78 3
260956127 7382 78 3
250553441 6354 78 3
24913018 87 79 3
250528509 6340 79 3
1773530054 15766 79 3
25574317 126 79 3
139492639 1902 80 3
139489273 1892 80 3
139485430 1890 80 3
139487629 1891 80 3
798517250 12903 81 3
2393053858 17864 81 3
1675844769 15471 81 3
241587214 5080 81 3
1731874169 15674 81 3
243991929 5747 81 3
150718230 2113 82 3
153555272 2176 82 3
153555220 2173 82 3
158384379 2258 82 3
156745512 2229 82 3
176820194 2555 83 3
176811520 2541 83 3
176811518 2539 83 3
176811519 2540 83 3
178763472 2713 83 3
605847390 12083 83 3
3365348360 18914 83 3
656416453 12309 84 3
512477701 11598 84 3
512481231 11599 84 3
1426119193 14593 85 3
907016151 13274 85 3
907016598 13280 85 3
199195394 3342 85 3
81080024 930 85 3
281696524 7934 85 3
5922478342 20378 86 3
243214616 5508 86 3
242563176 5313 86 3
1843322179 16566 86 3
243523758 5594 86 3
3523420063 19072 86 3
4085724814 19492 87 3
9460869104 21515 87 3
9461036636 21517 87 3
502937727 11550 87 3
1341273430 14145 87 3
251673496 6583 88 3
251673286 6580 88 3
1262437951 13971 88 3
1676654494 15474 89 3
1807974190 15857 89 3
3387804108 18941 89 3
793711260 12885 89 3
793711281 12888 89 3
221455379 4657 90 3
3884496320 19396 90 3
307814498 9006 90 3
1862632107 16709 90 3
1862632133 16714 90 3
60579528 857 91 3
60579692 859 91 3
1839312757 16533 91 3
247645690 6213 92 3
247645645 6211 92 3
2278313521 17496 92 3
2831140436 18507 92 3
1218232699 13926 92 3
1089241559 13774 92 3
141604160 1962 93 3
141602554 1959 93 3
141604352 1964 93 3
141602066 1954 93 3
442190 14 93 3
674873025 12461 93 3
353705087 9965 93 3
975538950 13505 93 3
141605938 1973 93 3
128057687 1509 93 3
5534547605 20180 94 3
1269253522 13975 94 3
198798990 3192 94 3
245154951 5922 94 3
245155041 5923 94 3
198660778 3168 94 3
198806093 3199 94 3
244081687 5779 94 3
314692144 9285 95 3
1476632997 14691 95 3
247374077 6135 95 3
9998410655 21669 95 3
3737690957 19249 95 3
251692977 6643 96 3
3482617241 19017 96 3
2284953028 17559 96 3
297324589 8460 97 3
297324588 8459 97 3
2199915774 17364 97 3
2199915809 17369 97 3
2199915699 17356 97 3
251878981 6699 98 3
251878913 6694 98 3
313946690 9257 99 3
296628192 8424 99 3
4523809971 19756 99 3
2977592151 18645 99 3
244139444 5794 99 3
298861856 8565 99 3
268401724 7673 99 3
268401740 7674 99 3
8046471124 21193 99 3
4473179888 19746 0 4
4473179887 19745 0 4
4473158229 19740 0 4
228382135 4687 0 4
30733192 340 0 4
30730575 320 0 4
30730573 318 0 4
30693100 295 0 4
606950254 12085 0 4
30693109 296 0 4
30732854 327 0 4
30732878 331 0 4
622395930 12145 0 4
622396660 12146 0 4
212570156 4418 1 4
212570164 4421 1 4
212587787 4428 1 4
212587791 4429 1 4
1369324631 14379 1 4
2605910301 18268 1 4
212588801 4430 1 4
36417049 532 2 4
248169672 6235 2 4
9386023663 21503 2 4
6853208839 20808 2 4
243459250 5585 3 4
792648221 12870 3 4
368371810 10241 3 4
11909259873 22198 3 4
703501101 12669 3 4
703501198 12675 3 4
703501096 12668 3 4
430486847 10651 3 4
430486099 10648 3 4
144489536 2037 4 4
139284388 1846 4 4
139311861 1860 4 4
139310604 1855 4 4
144504071 2042 4 4
247178684 6112 5 4
1108291990 13806 5 4
3430668564 18984 5 4
247179507 6116 5 4
2843944420 18529 5 4
453290494 11142 5 4
241596472 5107 5 4
2834731011 18519 5 4
251691799 6633 5 4
266181078 7454 5 4
10770579168 21860 6 4
319460830 9525 6 4
319466744 9541 6 4
2360861940 17794 6 4
319460826 9521 6 4
4377002307 19694 6 4
7704436522 21088 6 4
4377002303 19692 6 4
2427305659 17931 7 4
2427305664 17933 7 4
2427305652 17929 7 4
250553489 6362 7 4
446107368 10827 7 4
446107376 10831 7 4
302058299 8641 7 4
567437436 11745 7 4
10959838409 21906 7 4
6739066596 20752 8 4
3656879534 19156 8 4
2933803988 18631 8 4
2368363554 17823 8 4
499184000 11507 8 4
2354686574 17767 8 4
493977475 11376 8 4
8358314134 21281 9 4
338815203 9728 9 4
597456219 11965 9 4
1020974199 13614 9 4
598659723 11984 9 4
247407202 6147 9 4
1832923969 16107 9 4
9998123563 21666 9 4
36811269 679 10 4
119894149 1456 10 4
36811260 677 10 4
4369962764 19683 10 4
1183627089 13872 10 4
260775606 7376 10 4
250347181 6322 10 4
260723514 7373 10 4
49745248 714 10 4
321210998 9549 11 4
1327525115 14115 11 4
1327524487 14111 11 4
1327525412 14119 11 4
243191110 5428 11 4
409152996 10471 12 4
178683527 2612 12 4
3821440671 19368 12 4
178687156 2616 12 4
178690237 2623 12 4
2734856730 18424 12 4
237071594 4903 12 4
3903342374 19406 12 4
11016865518 21916 12 4
237080691 4931 12 4
409152962 10456 12 4
1733705745 15684 12 4
1361480899 14328 13 4
1361480941 14333 13 4
1361480924 14332 13 4
1675137391 15465 13 4
205501434 3687 13 4
1361480877 14326 13 4
205501421 3685 13 4
259699353 7255 14 4
259699188 7254 14 4
209187809 4399 14 4
209187789 4398 14 4
209187764 4393 14 4
209187510 4374 14 4
218318233 4608 14 4
209187606 4381 14 4
259698206 7248 14 4
3489162566 19028 14 4
259697874 7244 14 4
259698205 7247 14 4
216346661 4509 15 4
216373695 4524 15 4
387219937 10379 15 4
387219940 10380 15 4
215901597 4493 15 4
216423801 4540 15 4
216450583 4551 15 4
216433594 4543 15 4
302519797 8730 16 4
302518803 8720 16 4
302518058 8715 16 4
302519476 8727 16 4
303381710 8857 16 4
308724992 9069 16 4
1965867180 16989 16 4
302791954 8768 16 4
304200004 8942 16 4
302517606 8713 16 4
668822081 12418 16 4
243892319 5691 17 4
243892249 5682 17 4
7469415663 20998 17 4
1345346880 14188 17 4
1345346836 14185 17 4
218154970 4583 17 4
7166179594 20928 17 4
5534407138 20177 17 4
193923365 2952 18 4
192749127 2858 18 4
603609000 12054 18 4
192761429 2863 18 4
192762012 2865 18 4
108293731 1183 19 4
4483003680 19750 19 4
108274336 1177 19 4
5422134981 20167 19 4
974136966 13486 19 4
974136702 13480 19 4
974136957 13485 19 4
112354259 1242 19 4
112420293 1273 19 4
366198841 10159 19 4
974137022 13489 19 4
118075020 1407 20 4
118115584 1419 20 4
118114398 1415 20 4
119145152 1449 20 4
256401919 6920 20 4
118074017 1405 20 4
1751038200 15712 20 4
11020925439 21918 21 4
11009688196 21914 21 4
310585242 9150 21 4
470969873 11260 21 4
276076331 7800 21 4
292466080 8360 22 4
4327646379 19647 22 4
371251952 10281 22 4
616200002 12099 22 4
314924810 9294 22 4
616200003 12100 22 4
193931862 2957 23 4
193928400 2954 23 4
105355898 1124 23 4
6462442472 20641 23 4
125627243 1480 23 4
129542317 1526 23 4
125628308 1484 23 4
129542309 1523 23 4
125630659 1493 23 4
2071426044 17077 24 4
6449253094 20630 24 4
1317069551 14084 24 4
1317069547 14083 24 4
1426186803 14597 25 4
672476319 12439 25 4
1411683072 14528 25 4
5322089807 20101 25 4
205231742 3530 25 4
205315531 3545 25 4
5999155007 20406 25 4
205231776 3532 25 4
35133848 460 26 4
34957674 436 26 4
1933700992 16953 26 4
198657178 3165 26 4
197168941 3037 26 4
250791276 6367 26 4
460436476 11160 26 4
29585077 228 26 4
197163722 3034 26 4
2347638748 17735 26 4
303861566 8884 27 4
303861568 8885 27 4
303861543 8879 27 4
5200193083 19994 27 4
569936412 11791 27 4
569936400 11789 27 4
251794958 6672 28 4
1867471394 16776 28 4
2474624871 18018 28 4
255419205 6868 28 4
1643097001 15393 28 4
1643096908 15386 28 4
3675982767 19191 28 4
4811304250 19839 28 4
363906978 10097 29 4
363843897 10085 29 4
363843870 10082 29 4
10679469148 21832 29 4
363819581 10080 29 4
363817734 10078 29 4
11243146901 21984 30 4
205495058 3629 30 4
2456278237 17976 30 4
206240050 3879 30 4
449802930 11020 30 4
5779701472 20324 31 4
5902380772 20366 31 4
1476570970 14686 31 4
443038501 10737 31 4
208530333 4266 31 4
243898202 5726 31 4
130029368 1534 32 4
1523164842 14941 32 4
1696974106 15595 32 4
3866844356 19389 32 4
89152181 978 32 4
6477083321 20664 33 4
259436207 7238 33 4
659726002 12331 33 4
3073355918 18690 33 4
2653006220 18345 33 4
2481965890 18034 33 4
139326347 1870 34 4
237417463 4948 34 4
213928776 4458 34 4
213940111 4462 34 4
1415123802 14546 34 4
28390282 150 34 4
96488824 1004 34 4
3526351357 19085 35 4
206335147 3997 35 4
153555253 2174 35 4
157452867 2251 35 4
206313300 3967 35 4
692194617 12598 35 4
7728561290 21096 35 4
157371899 2240 35 4
703684349 12688 36 4
568446365 11772 36 4
36479826 625 36 4
36481440 648 36 4
36472283 560 36 4
36476800 593 36 4
36476557 591 36 4
36481605 649 36 4
814100821 12959 37 4
1492069065 14772 37 4
1429857698 14618 37 4
530289768 11645 37 4
1756756543 15751 37 4
141941611 1993 37 4
1836073283 16424 38 4
312153897 9206 38 4
1836073191 16407 38 4
1836073119 16402 38 4
251137282 6428 38 4
10181486327 21746 39 4
251613373 6543 39 4
659727589 12337 39 4
251672386 6572 39 4
246652026 6082 40 4
308223742 9026 40 4
207435310 4106 40 4
21389562 51 40 4
968282856 13465 40 4
268401827 7687 40 4
268401830 7688 40 4
529034072 11642 40 4
968282908 13474 40 4
250663623 6364 41 4
3356278281 18906 41 4
201231083 3390 41 4
290038699 8145 42 4
246141326 6021 42 4
246142899 6029 42 4
1692322417 15573 42 4
631980926 12195 42 4
1679082444 15495 42 4
631981049 12199 42 4
9666230529 21553 42 4
246143167 6034 42 4
290038427 8136 42 4
4214983660 19555 42 4
173774187 2461 43 4
2282401670 17540 43 4
165362518 2349 43 4
5647775594 20225 44 4
34909764 409 44 4
25078033 115 44 4
1755336922 15746 44 4
175237475 2497 44 4
116135091 1345 44 4
252060283 6707 45 4
2326238797 17684 45 4
29618841 239 45 4
241862132 5175 45 4
250826781 6383 45 4
3809886097 19357 46 4
298422611 8530 46 4
9096982022 21427 46 4
255421597 6886 46 4
255425593 6895 46 4
694169108 12635 46 4
206096989 3752 46 4
208481571 4240 47 4
208324858 4199 47 4
208339699 4220 47 4
208322799 4196 47 4
208513223 4243 47 4
208516060 4250 47 4
208322796 4194 47 4
7834883836 21157 47 4
11079465763 21939 47 4
11364225926 22045 47 4
208341533 4223 47 4
208344742 4229 47 4
241473532 5035 48 4
36417456 533 48 4
2637572230 18328 48 4
2276036441 17466 48 4
206238784 3873 48 4
206238790 3875 48 4
205495345 3631 48 4
205496027 3633 48 4
206240596 3881 48 4
1345640831 14207 49 4
139120650 1679 49 4
5170102457 19972 49 4
1290041336 14009 49 4
3514956997 19055 49 4
139208431 1777 49 4
5200284978 19996 51 4
242181342 5276 51 4
242183728 5280 51 4
660294583 12349 51 4
242183282 5279 51 4
749685973 12760 51 4
207603274 4186 51 4
207559380 4178 51 4
1829686686 15966 51 4
925953338 13388 52 4
1349679098 14273 52 4
1348630005 14224 52 4
1348630121 14227 52 4
1348661319 14232 52 4
1348630124 14228 52 4
925953154 13374 52 4
465628363 11179 52 4
465628370 11181 52 4
246138766 6002 53 4
246140615 6012 53 4
246116139 5981 53 4
246140847 6016 53 4
246140796 6015 53 4
205434196 3575 54 4
205453142 3591 54 4
206388166 4037 54 4
206388255 4038 54 4
206386021 4012 54 4
206386083 4013 54 4
206387322 4026 54 4
206387581 4028 54 4
2339762946 17719 54 4
1349664110 14267 54 4
30677755 275 55 4
30763484 355 55 4
280720398 7896 55 4
220800752 4652 55 4
30780859 378 55 4
572008309 11839 55 4
30780854 377 55 4
11409166817 22116 56 4
298251054 8519 56 4
2487913027 18069 56 4
296235581 8411 56 4
10311243604 21798 57 4
270189791 7739 57 4
270160504 7729 57 4
1345583429 14195 57 4
208842223 4325 57 4
3523398679 19064 58 4
3523398678 19063 58 4
1843322152 16563 58 4
139464867 1881 58 4
1461208663 14679 58 4
139483700 1887 58 4
2093963853 17088 59 4
8002141059 21182 59 4
130048159 1575 59 4
2093963867 17089 59 4
206160518 3804 60 4
8199315391 21224 60 4
3387801523 18936 60 4
206304338 3963 60 4
208532308 4275 60 4
208533844 4284 60 4
1027183265 13655 61 4
306087465 9000 61 4
114287605 1290 61 4
268399282 7582 61 4
114275389 1279 61 4
4547087759 19769 61 4
268399406 7586 61 4
366145557 10150 61 4
1532715675 14968 61 4
1080477654 13760 61 4
108303843 1195 61 4
654033880 12284 62 4
449221543 10998 62 4
1584789020 15127 62 4
449219409 10990 62 4
654033868 12282 62 4
100295355 1048 63 4
4228590025 19563 63 4
298183432 8513 63 4
469246850 11196 63 4
200197176 3367 64 4
7411254933 20981 64 4
1863269603 16734 64 4
1869644361 16842 64 4
2172023569 17287 64 4
4933365562 19915 65 4
494627460 11411 65 4
503554478 11572 65 4
503553459 11562 65 4
494714576 11441 65 4
494714523 11428 65 4
494714568 11437 65 4
2152013192 17202 66 4
294478963 8396 66 4
294473514 8394 66 4
6964280515 20851 66 4
218318316 4615 67 4
8614758779 21336 67 4
218318500 4630 67 4
3396170912 18948 67 4
1640804725 15382 67 4
218318401 4621 67 4
511980759 11596 67 4
1647558472 15420 67 4
1647569728 15422 67 4
1647558366 15416 67 4
655207852 12299 67 4
632660774 12202 67 4
8614813900 21338 67 4
218318544 4635 67 4
218318735 4642 67 4
10702914041 21839 67 4
7563626090 21021 68 4
4743972790 19827 68 4
1836073002 16396 68 4
290519009 8273 68 4
251495082 6517 68 4
1022956354 13633 68 4
257037410 6949 68 4
180224038 2745 69 4
181321068 2791 69 4
182651809 2799 69 4
182656297 2800 69 4
180226863 2749 69 4
180148648 2724 69 4
1432727152 14622 69 4
180224042 2748 69 4
180223555 2740 69 4
2469335787 18003 70 4
253869748 6843 70 4
446979247 10910 70 4
251473028 6506 70 4
253360140 6742 70 4
4187544487 19533 70 4
1543190216 14987 70 4
3750116593 19275 71 4
208504888 4241 71 4
168745852 2389 71 4
1836072958 16388 71 4
1836072959 16389 71 4
259077887 7201 71 4
1045341256 13713 71 4
2487107436 18065 71 4
42118382 692 71 4
267199554 7492 72 4
267199726 7494 72 4
267202210 7501 72 4
6435820277 20617 72 4
449765315 11016 72 4
267313615 7548 72 4
267202208 7500 72 4
267350129 7557 72 4
5192233094 19990 72 4
227643248 4676 72 4
250553466 6361 73 4
205476276 3616 73 4
130033190 1561 73 4
205476267 3613 73 4
205443889 3584 73 4
205445949 3589 73 4
3428139550 18971 74 4
3429654509 18976 74 4
241893991 5211 74 4
241894033 5216 74 4
281159704 7929 75 4
268400859 7623 75 4
162614017 2304 75 4
268399870 7589 75 4
268399919 7590 75 4
277426926 7844 75 4
11956492435 22223 75 4
281160171 7931 75 4
11956471485 22219 75 4
3609100822 19133 75 4
268400737 7613 75 4
597677354 11970 76 4
243027818 5406 76 4
298339069 8528 76 4
2802200436 18481 76 4
30793842 392 76 4
30677966 284 76 4
30889957 396 76 4
395223489 10447 77 4
443983411 10767 77 4
203865005 3482 77 4
203281397 3463 77 4
1295466256 14018 77 4
1868380574 16786 77 4
203281400 3466 77 4
203281398 3464 77 4
280698822 7893 78 4
1607001089 15248 78 4
1620889197 15327 78 4
4437930681 19719 78 4
1836073281 16423 78 4
260956173 7387 78 4
1665873166 15447 78 4
7613066486 21040 78 4
350561163 9942 78 4
1476937644 14693 78 4
922796310 13353 78 4
24923826 94 79 4
21378245 48 79 4
1773530041 15764 79 4
24913014 85 79 4
139491689 1900 80 4
139492367 1901 80 4
139489274 1893 80 4
2357211756 17788 80 4
139484482 1889 80 4
798517246 12902 81 4
1675844808 15472 81 4
2393053862 17865 81 4
2393053884 17869 81 4
241594081 5086 81 4
246713851 6084 81 4
250649690 6363 81 4
1744217661 15689 81 4
243992371 5748 81 4
2308926903 17637 82 4
4558121181 19774 82 4
201538639 3420 82 4
153555266 2175 82 4
156574660 2204 82 4
9223751392 21446 82 4
201626315 3426 82 4
206338245 4005 82 4
176816577 2552 83 4
8281060792 21260 83 4
176817683 2553 83 4
8888662986 21394 83 4
622485545 12154 83 4
176813206 2546 83 4
178763469 2712 83 4
178762173 2706 83 4
178766480 2716 83 4
178762915 2710 83 4
178766239 2715 83 4
178761794 2702 83 4
7656622100 21067 84 4
2298905836 17609 84 4
512477699 11597 84 4
81079973 925 85 4
5405953129 20156 85 4
199195393 3341 85 4
96529538 1025 85 4
81080038 931 85 4
5922478341 20377 86 4
5143279252 19960 86 4
243214619 5509 86 4
242563020 5312 86 4
1750304410 15711 86 4
243485005 5589 86 4
1841010548 16541 86 4
1748888542 15702 86 4
628102296 12171 86 4
4065612089 19467 87 4
4762885036 19830 87 4
218237112 4606 87 4
9461036633 21516 87 4
1554842614 15047 87 4
251673289 6581 88 4
2217376170 17414 88 4
209136717 4366 89 4
1805533480 15841 89 4
793711273 12886 89 4
3387804121 18942 89 4
793711279 12887 89 4
288032568 8090 90 4
350319653 9936 90 4
221450997 4656 90 4
1696645878 15586 90 4
307814511 9007 90 4
307814515 9008 90 4
11117432308 21959 90 4
1862632099 16708 90 4
247350094 6131 91 4
243347767 5564 91 4
247645991 6216 92 4
247645649 6212 92 4
10215670419 21755 92 4
2156757940 17216 92 4
247643819 6208 92 4
247642328 6198 92 4
1218232644 13923 92 4
1218232687 13925 92 4
674873075 12462 93 4
141604480 1965 93 4
141604509 1966 93 4
125347970 1459 93 4
162320884 2298 93 4
63164022 884 93 4
442192 15 93 4
674873020 12460 93 4
267040030 7465 93 4
975538924 13503 93 4
164348046 2318 93 4
125393728 1469 93 4
5534547614 20183 94 4
1269253499 13974 94 4
4706937849 19810 94 4
198763199 3174 94 4
245156503 5924 94 4
198805147 3197 94 4
198806097 3200 94 4
244081683 5776 94 4
440243914 10726 95 4
1476632978 14689 95 4
1476633011 14692 95 4
1546328633 15030 95 4
247374085 6136 95 4
3737690953 19247 95 4
9998410648 21668 95 4
251693041 6645 96 4
251689697 6613 96 4
2242791694 17441 96 4
241608881 5119 96 4
6817312689 20797 97 4
297324585 8458 97 4
2199915778 17365 97 4
298251123 8526 97 4
2199915808 17368 97 4
586713175 11896 97 4
2199915761 17363 97 4
452406347 11102 97 4
2655036457 18348 98 4
257813768 7017 99 4
313946667 9256 99 4
296936349 8446 99 4
296628163 8421 99 4
296628178 8422 99 4
2977592143 18644 99 4
5330121502 20106 99 4
244139431 5791 99 4
968282888 13470 99 4
3759989281 19298 99 4
228379611 4680 0 5
4473170006 19742 0 5
1553556508 15043 0 5
622372309 12136 0 5
4374317104 19689 0 5
178756613 2696 0 5
4374317101 19688 0 5
30730577 321 0 5
622397295 12147 0 5
30693114 299 0 5
257740082 6979 0 5
606950255 12086 0 5
30732732 325 0 5
30624291 257 0 5
30693125 302 0 5
30732855 328 0 5
30732891 332 0 5
129517913 1518 0 5
30693175 306 0 5
228379613 4681 0 5
7823111209 21148 1 5
212570167 4422 1 5
1370480024 14420 1 5
259703317 7267 1 5
1369324650 14380 1 5
368228767 10216 1 5
428637999 10643 1 5
2276036410 17464 2 5
7004964545 20858 2 5
51208140 757 2 5
1863363545 16737 2 5
6853208847 20811 2 5
243458893 5579 3 5
243459251 5586 3 5
368371906 10244 3 5
792648223 12871 3 5
368371997 10245 3 5
368371849 10242 3 5
703501089 12666 3 5
9227002497 21447 3 5
203966164 3496 3 5
4957908730 19922 3 5
5779263684 20321 3 5
144497225 2039 4 5
36482951 651 4 5
139310006 1853 4 5
360980 5 4 5
247178651 6111 5 5
247179236 6113 5 5
1108292017 13807 5 5
247178413 6102 5 5
241596482 5109 5 5
247179508 6117 5 5
247179506 6115 5 5
453290491 11141 5 5
241596163 5102 5 5
2834731010 18518 5 5
251691995 6638 5 5
3798961438 19341 5 5
251691786 6632 5 5
319466929 9543 6 5
319466745 9542 6 5
7726744139 21093 6 5
1618039665 15310 6 5
7704436521 21087 6 5
4377002300 19691 6 5
5348819159 20130 7 5
2427305657 17930 7 5
2427305649 17927 7 5
11112122273 21947 7 5
3177842644 18755 7 5
2166670973 17250 7 5
446107373 10829 7 5
11243024990 21982 7 5
302058297 8639 7 5
2626563899 18304 7 5
9316140752 21470 7 5
229197544 4709 8 5
587664577 11950 8 5
2933803989 18632 8 5
237076568 4913 8 5
2368363555 17824 8 5
1366728266 14372 8 5
231117692 4771 8 5
2354686589 17771 8 5
444000934 10772 8 5
598659863 11989 9 5
8464604008 21309 9 5
330227796 9630 9 5
7554566655 21016 9 5
7554566654 21015 9 5
3797422244 19339 9 5
36811270 680 10 5
191728391 2845 10 5
119893399 1455 10 5
34912012 425 10 5
191725470 2842 10 5
36811261 678 10 5
35894371 530 10 5
678895965 12529 10 5
4842715388 19879 10 5
260723919 7374 10 5
206094192 3744 10 5
49745245 713 10 5
242548475 5301 11 5
416426559 10575 11 5
1327524813 14113 11 5
243191069 5425 11 5
243191077 5427 11 5
409152995 10470 12 5
8606653844 21334 12 5
178691471 2624 12 5
178688795 2620 12 5
178686877 2615 12 5
237081564 4934 12 5
1016444089 13576 12 5
176837867 2562 12 5
178682558 2608 12 5
3820286795 19365 12 5
409152974 10464 12 5
409152959 10455 12 5
176841402 2572 12 5
176869887 2596 12 5
243996111 5765 13 5
1675137408 15466 13 5
243996066 5760 13 5
205501426 3686 13 5
205501463 3688 13 5
8745347403 21380 13 5
1361480860 14325 13 5
209187778 4395 14 5
209187786 4397 14 5
209187759 4392 14 5
635578133 12240 14 5
218318340 4617 14 5
1732789031 15683 14 5
11375586882 22087 14 5
259700364 7257 14 5
259697882 7245 14 5
216466273 4557 15 5
216347473 4510 15 5
1341639753 14154 15 5
215922399 4497 15 5
215901604 4494 15 5
215906496 4495 15 5
216416406 4534 15 5
216423804 4541 15 5
216444675 4549 15 5
229857799 4735 15 5
216435633 4545 15 5
387402913 10381 15 5
302518805 8721 16 5
302518556 8718 16 5
304200994 8953 16 5
302519050 8726 16 5
303381516 8854 16 5
308724946 9063 16 5
496963957 11463 16 5
308725104 9076 16 5
2304905567 17620 16 5
666742963 12401 16 5
259464722 7240 16 5
4254973614 19578 16 5
302706993 8764 16 5
304199998 8940 16 5
302310366 8692 16 5
302509434 8710 16 5
668822099 12419 16 5
243892253 5683 17 5
243892232 5677 17 5
1345346884 14189 17 5
218154947 4582 17 5
1345346844 14186 17 5
218154974 4584 17 5
243892243 5681 17 5
7166179589 20927 17 5
1044936104 13699 18 5
192744651 2852 18 5
166266596 2357 18 5
193713602 2901 18 5
192762178 2867 18 5
192762177 2866 18 5
112356903 1244 19 5
112362129 1245 19 5
366206460 10167 19 5
1304973283 14047 19 5
974137012 13487 19 5
3445945343 18991 19 5
108243085 1168 19 5
366195128 10154 19 5
366198866 10160 19 5
108243087 1169 19 5
974137021 13488 19 5
974136782 13482 19 5
145912089 2057 20 5
115647699 1297 20 5
118115444 1418 20 5
118116947 1425 20 5
119145238 1450 20 5
270436701 7750 20 5
118034404 1385 20 5
244512299 5857 20 5
11009688197 21915 21 5
310841868 9153 21 5
5172036111 19974 21 5
470969866 11259 21 5
3880633723 19395 21 5
276076268 7797 21 5
276076365 7801 21 5
1383638944 14489 22 5
1383669004 14494 22 5
3490349775 19029 22 5
616203670 12104 22 5
616200008 12102 22 5
616199998 12098 22 5
1643173580 15398 22 5
1383668987 14493 22 5
158520566 2262 23 5
105358544 1129 23 5
6462442452 20636 23 5
243455374 5575 23 5
125631654 1503 23 5
129534737 1521 23 5
129542315 1525 23 5
129534736 1520 23 5
125627839 1482 23 5
125631040 1494 23 5
129542312 1524 23 5
8358312601 21280 23 5
125631596 1502 23 5
199188792 3326 24 5
199122782 3300 24 5
2415333412 17912 24 5
3387716430 18934 24 5
5322089809 20103 25 5
206128202 3767 25 5
205031577 3526 25 5
1411683074 14529 25 5
1045552190 13719 25 5
206129756 3770 25 5
1336807167 14132 25 5
204963647 3513 25 5
205231781 3533 25 5
4318175654 19638 26 5
214835575 4465 26 5
245403006 5926 26 5
34958083 437 26 5
141927410 1990 26 5
29585076 227 26 5
36800673 671 26 5
3575385444 19118 26 5
303861563 8883 27 5
461942038 11163 27 5
502837423 11533 27 5
2415383782 17914 27 5
4033926221 19449 27 5
290043774 8231 27 5
569936427 11792 27 5
569936401 11790 27 5
303861616 8894 27 5
255420301 6879 28 5
255419830 6877 28 5
255419856 6878 28 5
255419403 6870 28 5
2474624854 18017 28 5
251794952 6670 28 5
1643097016 15395 28 5
1643097015 15394 28 5
1867480560 16778 28 5
1643096987 15392 28 5
3675982763 19190 28 5
255419409 6872 28 5
363907004 10098 29 5
208514357 4247 29 5
2514382039 18107 29 5
363843900 10086 29 5
363906876 10091 29 5
7453084216 20992 29 5
600289764 12006 29 5
10679469147 21831 29 5
363817731 10077 29 5
3994361181 19433 30 5
205499076 3665 30 5
1509509259 14893 30 5
206240048 3878 30 5
243898203 5727 31 5
2974017581 18641 31 5
5779701479 20325 31 5
6752918946 20763 31 5
4089586519 19493 31 5
1456309356 14657 31 5
243898209 5728 31 5
150744044 2138 31 5
243898213 5729 31 5
51982655 786 32 5
130029361 1533 32 5
1619453568 15317 32 5
598965501 11993 32 5
199462685 3350 32 5
216392375 4527 32 5
28390251 148 32 5
416079014 10558 33 5
259436206 7237 33 5
7824448020 21151 33 5
237395930 4944 34 5
7168778366 20931 34 5
3184451216 18757 34 5
130074074 1576 34 5
213917133 4454 34 5
523811993 11623 34 5
229900016 4746 34 5
229904431 4752 34 5
1505373837 14866 34 5
1772927713 15760 34 5
8872604786 21391 34 5
96489519 1007 34 5
206335146 3996 35 5
206335149 3998 35 5
156574469 2188 35 5
156574467 2187 35 5
156574579 2198 35 5
157055809 2234 35 5
692194645 12600 35 5
153593314 2181 35 5
752148740 12766 35 5
157371921 2243 35 5
5267977903 20029 35 5
36473759 575 36 5
36474700 577 36 5
36480043 627 36 5
36481200 639 36 5
21389569 53 36 5
24924009 110 36 5
63111356 883 36 5
36481439 647 36 5
814100626 12958 37 5
218202693 4587 37 5
1429857788 14619 37 5
150744841 2150 37 5
1534381510 14975 37 5
141942559 2005 37 5
150744633 2145 37 5
251137298 6430 38 5
1862814021 16728 38 5
1835505856 16325 38 5
251137263 6425 38 5
251137379 6439 38 5
1072426000 13754 38 5
316808553 9445 38 5
416079053 10565 39 5
659727627 12339 39 5
253867309 6830 39 5
253867213 6827 39 5
659727590 12338 39 5
251672285 6571 39 5
554927713 11681 40 5
246652029 6083 40 5
517328713 11612 40 5
166417416 2370 40 5
308247454 9030 40 5
246652017 6081 40 5
36427060 534 40 5
367684 9 40 5
451766955 11089 40 5
4563231455 19775 40 5
529034040 11641 40 5
1144037858 13835 40 5
968282891 13472 40 5
2603374395 18264 40 5
202949530 3446 41 5
197594361 3101 41 5
738531240 12750 41 5
193799160 2942 41 5
201231093 3391 41 5
1679469198 15506 42 5
246116147 5987 42 5
246116140 5982 42 5
246141519 6022 42 5
246142959 6030 42 5
631981006 12197 42 5
290038452 8139 42 5
9666230531 21555 42 5
246143166 6033 42 5
1607735159 15252 42 5
290039297 8163 42 5
290038426 8135 42 5
4214983658 19554 42 5
5331789122 20112 43 5
5349892197 20131 43 5
8331646578 21278 43 5
165356499 2342 43 5
168591526 2377 43 5
367316714 10186 44 5
367318543 10190 44 5
34909766 410 44 5
442207 19 44 5
1755336947 15748 44 5
1757366871 15755 44 5
442211 20 44 5
94272532 983 44 5
241862334 5179 45 5
252060278 6706 45 5
7152656468 20921 45 5
241594823 5089 45 5
8272026258 21254 45 5
251685578 6600 46 5
4743871541 19824 46 5
9096982023 21428 46 5
255421621 6887 46 5
251002938 6413 46 5
255425156 6894 46 5
255426063 6898 46 5
241894335 5221 46 5
241894462 5223 46 5
208516877 4251 47 5
208324860 4200 47 5
208324851 4198 47 5
208339700 4221 47 5
208334447 4212 47 5
208322798 4195 47 5
208326432 4204 47 5
208513226 4244 47 5
668591033 12414 47 5
668591037 12417 47 5
208515326 4249 47 5
208514129 4245 47 5
11364225944 22052 47 5
11364225937 22048 47 5
10653293208 21813 47 5
869572701 13109 47 5
305822040 8994 47 5
208479257 4235 47 5
1806603974 15845 47 5
945708520 13422 48 5
241494016 5062 48 5
2276036413 17465 48 5
206238783 3872 48 5
3235215673 18816 48 5
297758694 8484 48 5
2600731305 18253 48 5
3323697484 18882 48 5
206240683 3882 48 5
139190938 1760 49 5
1345640755 14205 49 5
139117530 1672 49 5
139208874 1778 49 5
139211870 1783 49 5
139209789 1780 49 5
5200284980 19998 51 5
207524602 4174 51 5
242181343 5277 51 5
60580259 877 51 5
5200284986 19999 51 5
207603392 4187 51 5
207559387 4179 51 5
1829686669 15963 51 5
1349679080 14272 52 5
1618921775 15312 52 5
1348629673 14216 52 5
1348666638 14234 52 5
1348638256 14231 52 5
1348629871 14221 52 5
2754831999 18440 52 5
925953378 13390 52 5
246138633 5999 53 5
246140848 6017 53 5
246140534 6011 53 5
1679086812 15497 53 5
246139915 6005 53 5
205434192 3574 54 5
206389488 4071 54 5
205462054 3600 54 5
1924871717 16947 54 5
1349664116 14268 54 5
206388404 4039 54 5
206386208 4015 54 5
206387585 4029 54 5
1715370662 15643 54 5
477903121 11303 54 5
1349440507 14254 54 5
565443840 11734 55 5
30763486 356 55 5
30763248 346 55 5
280723846 7897 55 5
51243434 773 55 5
30624043 254 55 5
51242666 772 55 5
10548583299 21804 55 5
30761308 341 55 5
51242523 771 55 5
2279593943 17526 56 5
11409166810 22113 56 5
299135080 8582 56 5
2487913026 18068 56 5
301873526 8635 56 5
338867603 9735 56 5
2487913021 18067 56 5
296235586 8412 56 5
430841176 10663 57 5
145910305 2052 57 5
270189785 7738 57 5
390408139 10413 57 5
1345583401 14194 57 5
8827578865 21387 57 5
208842204 4323 57 5
145897645 2045 57 5
2303816757 17618 58 5
3523398684 19065 58 5
1311896124 14053 58 5
242577278 5342 58 5
5598585428 20202 58 5
139482586 1885 58 5
139458486 1872 58 5
130045034 1573 59 5
660232393 12348 59 5
237272822 4941 59 5
130044704 1571 59 5
208532950 4279 60 5
206322930 3983 60 5
8199315393 21225 60 5
206304333 3962 60 5
895738187 13211 60 5
206217130 3831 60 5
208534003 4286 60 5
260660831 7371 61 5
208920782 4354 61 5
366096866 10130 61 5
4547087751 19768 61 5
366096799 10128 61 5
366101954 10133 61 5
268399413 7587 61 5
260659519 7367 61 5
139270183 1836 61 5
114284134 1287 61 5
366144740 10148 61 5
114279642 1283 61 5
1080477663 13761 61 5
114273782 1278 61 5
5346956820 20129 61 5
654033856 12279 62 5
304561801 8971 62 5
449219432 10996 62 5
654033846 12276 62 5
100295267 1046 63 5
315034462 9307 63 5
771324288 12821 63 5
315035363 9316 63 5
205346213 3568 64 5
1863269647 16736 64 5
197639521 3103 64 5
3238587777 18825 65 5
4933365558 19913 65 5
659618945 12328 65 5
494627449 11410 65 5
278897605 7867 65 5
9726619772 21590 65 5
503554641 11574 65 5
494714580 11443 65 5
494714565 11436 65 5
231889293 4814 66 5
215848303 4483 66 5
196616261 3019 66 5
294473500 8393 66 5
231783705 4795 66 5
231889675 4821 66 5
218318416 4624 67 5
218318312 4614 67 5
8614758780 21337 67 5
218318542 4634 67 5
218318504 4631 67 5
218318369 4619 67 5
208653783 4288 67 5
218318408 4622 67 5
294277005 8391 67 5
1647548143 15414 67 5
1647569641 15421 67 5
1617136427 15301 67 5
632660753 12201 67 5
8617153151 21339 67 5
218318566 4637 67 5
10702914053 21841 67 5
2160275348 17226 68 5
1892278586 16881 68 5
927018643 13393 68 5
10030065923 21675 68 5
251494745 6515 68 5
251494747 6516 68 5
1861486468 16702 68 5
620920912 12117 68 5
1426862241 14600 69 5
1426862249 14601 69 5
59723150 822 69 5
182651806 2798 69 5
2338916067 17714 69 5
180211079 2731 69 5
180227818 2752 69 5
7074601034 20887 69 5
180147384 2720 69 5
180220485 2737 69 5
180227134 2750 69 5
180223556 2741 69 5
180243854 2757 69 5
253313479 6729 70 5
253869781 6844 70 5
253869226 6834 70 5
251473075 6507 70 5
779235220 12843 70 5
253313485 6730 70 5
253313474 6728 70 5
253360145 6744 70 5
1543460073 14990 70 5
208348422 4230 71 5
168745829 2383 71 5
1836072957 16387 71 5
259248674 7233 71 5
1694380183 15579 71 5
190691097 2828 71 5
1045340097 13707 71 5
2278118675 17494 71 5
1045340749 13709 71 5
2487107368 18062 71 5
2487107317 18060 71 5
475057076 11299 72 5
267129180 7474 72 5
267202368 7503 72 5
449756012 11012 72 5
10575279890 21809 72 5
267313500 7546 72 5
267313560 7547 72 5
267202365 7502 72 5
250553315 6348 72 5
1400989045 14517 72 5
232635688 4853 72 5
227643244 4675 72 5
1196088028 13880 73 5
283821464 8029 73 5
205476270 3614 73 5
205479637 3618 73 5
205460117 3599 73 5
205465077 3605 73 5
205466237 3607 73 5
2218919153 17418 74 5
251745576 6658 74 5
241893994 5212 74 5
241894032 5215 74 5
277426929 7845 75 5
11956492434 22222 75 5
1039345020 13692 75 5
267040035 7467 75 5
276973215 7836 75 5
277426918 7841 75 5
268400011 7592 75 5
11956492440 22224 75 5
281160158 7930 75 5
268400590 7607 75 5
11956471512 22221 75 5
4284740303 19594 75 5
268400615 7609 75 5
268400809 7619 75 5
268400744 7615 75 5
597682795 11971 76 5
367751 11 76 5
30624309 259 76 5
30793839 389 76 5
30677967 285 76 5
30889958 397 76 5
30889947 394 76 5
203313175 3470 77 5
503457458 11556 77 5
11060223790 21929 77 5
203322435 3476 77 5
2149241185 17193 78 5
1477030035 14698 78 5
785728106 12844 78 5
6291471180 20517 78 5
375742263 10345 78 5
2139564901 17169 78 5
260956226 7389 78 5
2143369564 17188 78 5
2140818070 17185 78 5
2139614854 17170 78 5
1477030204 14704 78 5
1476937649 14694 78 5
1477030235 14707 78 5
1477030099 14700 78 5
922796243 13351 78 5
2149256996 17194 78 5
827009036 13002 79 5
249662080 6304 79 5
82409088 944 79 5
1773530039 15763 79 5
5299844119 20039 79 5
345733083 9890 80 5
139489276 1894 80 5
139484116 1888 80 5
587404690 11931 81 5
798407909 12893 81 5
1675844767 15470 81 5
2393053870 17866 81 5
1731874055 15670 81 5
364554534 10107 81 5
243993671 5751 81 5
241584706 5078 81 5
241594819 5088 81 5
798427106 12897 81 5
798534673 12914 81 5
156745457 2225 82 5
4558121174 19773 82 5
1072392921 13745 82 5
105356385 1126 82 5
105358559 1133 82 5
153555206 2171 82 5
158370617 2256 82 5
206338246 4006 82 5
9631590004 21545 82 5
176814612 2550 83 5
176820196 2556 83 5
10221746293 21758 83 5
176817684 2554 83 5
8888662987 21395 83 5
622485576 12155 83 5
176766992 2521 83 5
176812884 2544 83 5
176813600 2547 83 5
178763468 2711 83 5
178764025 2714 83 5
178762428 2708 83 5
30677968 286 83 5
30793841 391 83 5
241902862 5230 84 5
2298905839 17610 84 5
1690571015 15567 84 5
96512099 1013 85 5
907016400 13278 85 5
907016255 13275 85 5
907016980 13281 85 5
1427882573 14606 85 5
96529838 1026 85 5
199109627 3283 85 5
6690547592 20723 85 5
242566891 5327 86 5
242564362 5317 86 5
1749909435 15707 86 5
1750304385 15710 86 5
1845970623 16625 86 5
243484993 5588 86 5
1841010557 16542 86 5
5934004676 20382 86 5
5897280749 20360 87 5
3684717106 19208 87 5
4119824049 19505 87 5
218233631 4603 87 5
251673291 6582 88 5
259095680 7210 89 5
1801412886 15820 89 5
258986843 7197 89 5
1831505799 16064 89 5
11370046388 22075 89 5
2786125671 18462 89 5
59722105 817 90 5
350319662 9937 90 5
2411896701 17910 90 5
221450217 4655 90 5
662529017 12353 90 5
662529175 12355 90 5
268626532 7702 90 5
2441538813 17947 90 5
2328793979 17704 90 5
1862632073 16704 90 5
1862632113 16710 90 5
60579530 858 91 5
243347764 5563 91 5
243347155 5553 91 5
247645693 6214 92 5
2908208242 18609 92 5
247570853 6180 92 5
247567126 6174 92 5
247643845 6209 92 5
1089241498 13769 92 5
247642542 6200 92 5
251850465 6690 92 5
141604644 1967 93 5
141602550 1957 93 5
125353236 1460 93 5
88201211 973 93 5
353705100 9966 93 5
415140208 10537 93 5
2996099316 18653 93 5
64622173 900 93 5
249550532 6299 93 5
88201209 972 93 5
568456755 11774 93 5
162613330 2301 93 5
267040032 7466 93 5
268401402 7651 93 5
353694944 9962 93 5
150738463 2118 93 5
164348857 2319 93 5
5534547611 20182 94 5
1269253827 13979 94 5
198866672 3243 94 5
4706937843 19809 94 5
310439671 9133 94 5
198909505 3259 94 5
198763298 3175 94 5
245399735 5925 94 5
34958085 438 94 5
244081686 5778 94 5
198802908 3194 94 5
198817554 3209 94 5
198809124 3205 94 5
1376240657 14472 94 5
1379716591 14483 95 5
253849572 6779 95 5
7773489280 21112 95 5
1546328635 15031 95 5
1546407118 15035 95 5
1503147733 14817 95 5
1577263443 15102 95 5
3737690954 19248 95 5
9963843924 21658 95 5
3191577792 18788 96 5
251691326 6629 96 5
243487060 5592 96 5
2988496891 18649 96 5
2284953016 17558 96 5
435650538 10687 97 5
499157055 11489 97 5
2787371168 18470 97 5
2562326946 18192 97 5
602569886 12039 97 5
586713442 11897 97 5
586713171 11895 97 5
605046577 12076 97 5
298861888 8566 97 5
313677140 9238 99 5
257833893 7026 99 5
11409073000 22109 99 5
2200061613 17376 99 5
2200063371 17381 99 5
296628186 8423 99 5
296910801 8440 99 5
296966423 8450 99 5
296936340 8443 99 5
4523809974 19758 99 5
4523809978 19760 99 5
4317597615 19623 99 5
296628132 8416 99 5
2977592137 18643 99 5
2547204525 18169 99 5
297750765 8475 99 5
2550078008 18177 99 5
968282893 13473 99 5
3759989279 19297 99 5
268401706 7671 99 5
4473170007 19743 0 6
228378903 4679 0 6
1553556468 15042 0 6
1553556317 15041 0 6
622372278 12135 0 6
622372356 12137 0 6
30733099 339 0 6
4374317100 19687 0 6
30733091 337 0 6
178755114 2692 0 6
178760150 2698 0 6
257740088 6980 0 6
257740308 6981 0 6
30684902 291 0 6
30677795 278 0 6
654056315 12293 0 6
371135500 10279 0 6
304742101 8980 0 6
30693126 303 0 6
30793828 387 0 6
30732894 333 0 6
30693168 305 0 6
3799154474 19343 0 6
30793819 386 0 6
212487267 4416 1 6
568003728 11770 1 6
259704265 7270 1 6
212570158 4420 1 6
1370480023 14419 1 6
564741686 11700 1 6
574290368 11858 1 6
259703557 7268 1 6
247471511 6151 1 6
368228769 10217 1 6
368228746 10211 1 6
1706169593 15620 2 6
248168872 6233 2 6
35737365 513 2 6
51208135 756 2 6
51208799 762 2 6
6853208851 20813 2 6
10116000117 21700 3 6
792647893 12868 3 6
368371431 10236 3 6
368371905 10243 3 6
209130608 4365 3 6
368371427 10235 3 6
1416565633 14552 3 6
703501090 12667 3 6
703501209 12677 3 6
430486860 10652 3 6
1798123970 15803 3 6
5779263688 20322 3 6
125488831 1473 4 6
36482973 652 4 6
5700619789 20262 4 6
2500391430 18094 4 6
1762423633 15757 4 6
322690568 9583 4 6
247178415 6103 5 6
247179516 6118 5 6
3430668562 18983 5 6
241596167 5103 5 6
2832734382 18510 5 6
2834731009 18517 5 6
251691994 6637 5 6
251691998 6639 5 6
3798961440 19342 5 6
251691869 6636 5 6
2834684040 18516 5 6
251691863 6635 5 6
6708091603 20739 5 6
1618034599 15307 6 6
27454706 137 6 6
319460834 9527 6 6
319460823 9520 6 6
1618039676 15311 6 6
7645667439 21065 6 6
4377002304 19693 6 6
945708551 13427 7 6
2427305662 17932 7 6
241471340 5029 7 6
9353620830 21490 7 6
449802913 11018 7 6
205495864 3632 7 6
446114404 10838 7 6
2166670951 17249 7 6
446110859 10834 7 6
446107374 10830 7 6
302058784 8648 7 6
11243024984 21980 7 6
2488202714 18071 7 6
5305567601 20053 7 6
5303873415 20046 7 6
2626563892 18303 7 6
9316140753 21471 7 6
229190867 4691 8 6
587662769 11941 8 6
229192569 4696 8 6
229194733 4702 8 6
237072611 4910 8 6
231116500 4765 8 6
499184015 11509 8 6
1366728260 14370 8 6
1366728263 14371 8 6
231117693 4772 8 6
208521343 4259 8 6
2354686571 17766 8 6
4200280092 19548 8 6
598659875 11990 9 6
1832923944 16104 9 6
8464604007 21308 9 6
1826678761 15895 9 6
1020974742 13620 9 6
3699103300 19227 9 6
197445659 3082 9 6
3797422243 19338 9 6
36811275 681 10 6
191727891 2843 10 6
191728387 2844 10 6
7786987108 21118 10 6
260773816 7375 10 6
34912015 426 10 6
191722745 2841 10 6
59723130 818 10 6
1183627269 13873 10 6
297794042 8489 10 6
49768717 731 10 6
206094210 3746 10 6
49754349 718 10 6
49745242 712 10 6
242548551 5303 11 6
1429195709 14612 11 6
243892069 5665 11 6
243891949 5663 11 6
243188710 5419 11 6
1835927564 16349 11 6
1454685997 14650 11 6
243191071 5426 11 6
297342199 8463 12 6
178691770 2625 12 6
178682560 2609 12 6
178688993 2621 12 6
11016865532 21917 12 6
237082880 4935 12 6
237081209 4933 12 6
305442358 8990 12 6
1016444175 13582 12 6
409152982 10468 12 6
176837869 2563 12 6
178681914 2607 12 6
409152973 10463 12 6
409152965 10459 12 6
244149769 5802 12 6
176841134 2569 12 6
1361480916 14329 13 6
245921431 5976 13 6
245921244 5970 13 6
1677665719 15481 13 6
243996065 5759 13 6
1361480814 14319 13 6
205501388 3683 13 6
1361480849 14323 13 6
209187754 4391 14 6
508561556 11578 14 6
218318353 4618 14 6
1640804663 15381 14 6
209187841 4402 14 6
11375586883 22088 14 6
1891430291 16873 14 6
643707679 12251 14 6
643707719 12253 14 6
259698491 7249 14 6
259698610 7251 14 6
874559748 13139 15 6
874559719 13136 15 6
229791479 4720 15 6
215865467 4485 15 6
215870471 4487 15 6
1795363203 15798 15 6
216416116 4533 15 6
247606814 6196 15 6
386040567 10375 15 6
229868070 4743 15 6
229790253 4718 15 6
216435636 4546 15 6
216440561 4548 15 6
302509318 8709 16 6
302519009 8723 16 6
304201362 8956 16 6
303057075 8800 16 6
1489097164 14759 16 6
496963953 11462 16 6
308724948 9064 16 6
308724963 9065 16 6
3172906776 18749 16 6
2304905616 17622 16 6
2304905572 17621 16 6
308725110 9077 16 6
666742965 12402 16 6
304200229 8949 16 6
302791958 8769 16 6
302706954 8760 16 6
302706965 8763 16 6
302706955 8761 16 6
302310368 8693 16 6
302517710 8714 16 6
302509482 8711 16 6
5678734967 20247 16 6
303060587 8801 16 6
243892282 5690 17 6
243892233 5678 17 6
5534441004 20178 17 6
3779370907 19315 17 6
1722770323 15659 17 6
243892268 5687 17 6
192749111 2856 18 6
193922031 2951 18 6
1044937372 13704 18 6
199548199 3365 18 6
193713599 2900 18 6
165180159 2331 18 6
193716059 2903 18 6
193746703 2936 18 6
192764552 2869 18 6
112364593 1248 19 6
366206510 10168 19 6
108287852 1180 19 6
4307549377 19604 19 6
366199061 10161 19 6
128600197 1513 19 6
366195168 10155 19 6
366199085 10162 19 6
108243089 1170 19 6
5310490255 20065 19 6
1428481965 14607 20 6
1751038218 15713 20 6
298621047 8546 20 6
118113841 1414 20 6
10809119507 21868 20 6
256401917 6919 20 6
118031282 1384 20 6
145911510 2056 20 6
271195305 7755 20 6
310585125 9149 21 6
310841915 9154 21 6
470969783 11258 21 6
1902618821 16897 21 6
4142993119 19511 21 6
276076269 7798 21 6
310584013 9143 21 6
1956797312 16980 22 6
1383638966 14490 22 6
752206095 12769 22 6
616203673 12105 22 6
314924869 9296 22 6
314924870 9297 22 6
287001584 8052 22 6
158520568 2263 23 6
4558121153 19772 23 6
10211258190 21751 23 6
6462442441 20634 23 6
206135870 3778 23 6
244130015 5782 23 6
125631041 1495 23 6
125631594 1501 23 6
125630626 1491 23 6
2071428370 17079 24 6
1773614948 15767 24 6
243631824 5611 24 6
1414495873 14537 24 6
205031604 3527 25 6
5186203175 19989 25 6
205231767 3531 25 6
244131756 5786 25 6
5322089808 20102 25 6
206129784 3772 25 6
1336807134 14131 25 6
204963543 3509 25 6
205231790 3534 25 6
205331304 3549 25 6
4318175646 19636 26 6
36805463 676 26 6
34957666 435 26 6
245403218 5927 26 6
5249252216 20014 26 6
4818139256 19842 26 6
141926460 1989 26 6
29676784 243 26 6
29585088 231 26 6
36415508 531 26 6
2048707314 17050 26 6
303861579 8888 27 6
469386148 11211 27 6
298861966 8568 27 6
6761581188 20768 27 6
469395165 11220 27 6
2970319140 18640 27 6
569936454 11793 27 6
569936457 11794 27 6
290043773 8230 27 6
255420303 6880 28 6
1867469092 16775 28 6
251794957 6671 28 6
255420365 6883 28 6
2478317195 18024 28 6
5307403789 20056 28 6
1867490981 16779 28 6
4214963725 19553 28 6
1643096903 15385 28 6
1867480554 16777 28 6
208514356 4246 29 6
363907156 10102 29 6
363907040 10099 29 6
1375576914 14457 29 6
363906893 10092 29 6
363906908 10093 29 6
363843873 10083 29 6
2810472343 18495 29 6
2284958955 17560 29 6
10653293243 21816 29 6
10679469149 21833 29 6
3324590494 18892 30 6
205491949 3624 30 6
205496097 3634 30 6
1387812895 14502 30 6
1835760824 16346 31 6
4826726304 19846 31 6
218154011 4562 31 6
1341514103 14151 31 6
9962724977 21656 31 6
218154452 4568 31 6
1476546447 14685 31 6
1302831846 14043 31 6
1738035092 15688 31 6
149038458 2093 31 6
243898199 5725 31 6
51967708 781 32 6
51981368 784 32 6
2387901961 17845 32 6
1523164920 14942 32 6
7294974614 20961 32 6
216392385 4528 32 6
58785661 801 32 6
416079015 10559 33 6
2831555630 18508 33 6
2278118495 17483 33 6
937940500 13412 33 6
1089241572 13777 33 6
237395932 4945 34 6
237362389 4942 34 6
2941807601 18636 34 6
213888367 4450 34 6
213917125 4453 34 6
7619775856 21041 34 6
523811983 11622 34 6
130074080 1577 34 6
229906494 4753 34 6
229814178 4729 34 6
229898799 4744 34 6
1796739226 15800 34 6
206337352 4003 35 6
206337343 4001 35 6
156574475 2189 35 6
156574535 2194 35 6
9223751387 21445 35 6
156574521 2192 35 6
157452820 2248 35 6
692194656 12601 35 6
692194600 12595 35 6
206332425 3986 35 6
157371859 2237 35 6
24924006 107 36 6
36473602 574 36 6
36474701 578 36 6
36479645 624 36 6
36471651 553 36 6
5050289026 19937 36 6
36481889 650 36 6
36476560 592 36 6
36481438 646 36 6
814100366 12956 37 6
814100581 12957 37 6
257800684 6985 37 6
150744782 2149 37 6
264059903 7441 37 6
1534381534 14976 37 6
141942531 2004 37 6
141942570 2006 37 6
150744624 2144 37 6
190691139 2829 38 6
1836073198 16408 38 6
1544090099 15027 38 6
260964855 7396 38 6
251137384 6441 38 6
1072426003 13755 38 6
1072425998 13753 38 6
316808793 9446 38 6
316803193 9440 38 6
659727636 12340 39 6
914872624 13326 39 6
253867226 6828 39 6
253867308 6829 39 6
2682687943 18400 39 6
7851245393 21161 39 6
2240230196 17429 39 6
659727452 12332 39 6
2845191224 18533 39 6
2843176978 18527 39 6
10300416701 21790 39 6
100295067 1044 40 6
2635667773 18316 40 6
370791964 10275 40 6
308247298 9029 40 6
5312131334 20066 40 6
169288607 2398 40 6
36427061 535 40 6
39859737 688 40 6
6401279191 20583 40 6
451766956 11090 40 6
2609441405 18272 40 6
36427630 541 40 6
268401182 7638 40 6
529034033 11640 40 6
418089585 10596 40 6
268401205 7641 40 6
1901808390 16894 41 6
202949595 3451 41 6
197594358 3100 41 6
193704944 2894 41 6
197594365 3102 41 6
2032280195 17035 41 6
193709902 2897 41 6
193798997 2940 41 6
193799950 2943 41 6
2252483252 17448 41 6
290038724 8146 42 6
290038730 8149 42 6
6960854979 20849 42 6
246140849 6018 42 6
246142284 6023 42 6
246140921 6020 42 6
246143023 6031 42 6
1682146781 15517 42 6
1679091704 15502 42 6
290038437 8137 42 6
290038439 8138 42 6
9666230530 21554 42 6
246142744 6028 42 6
290039388 8168 42 6
290039502 8170 42 6
173774182 2460 43 6
2282401669 17539 43 6
4317231799 19616 43 6
2872865298 18564 43 6
165357436 2343 43 6
165358922 2344 43 6
168591521 2376 43 6
367317322 10188 44 6
6198530096 20470 44 6
1785132507 15780 44 6
6953649865 20847 44 6
180290501 2777 44 6
1755336959 15749 44 6
175130307 2496 44 6
175129817 2495 44 6
1835618183 16336 44 6
251614819 6547 45 6
251614818 6546 45 6
252060414 6708 45 6
241861235 5170 45 6
29618842 240 45 6
8272026254 21253 45 6
2870028463 18560 46 6
2870028412 18558 46 6
5939830096 20389 46 6
2217372406 17412 46 6
255421623 6888 46 6
251003113 6415 46 6
255425602 6896 46 6
331879377 9686 46 6
694169103 12634 46 6
255426487 6902 46 6
206096990 3753 46 6
208516947 4252 47 6
10653293236 21815 47 6
10653293247 21817 47 6
208339701 4222 47 6
208335422 4213 47 6
208514761 4248 47 6
8688579066 21361 47 6
3750129711 19279 47 6
668591032 12413 47 6
1128537062 13829 47 6
668591035 12415 47 6
208321363 4192 47 6
659795264 12343 47 6
11364225938 22049 47 6
3750089555 19267 47 6
869572704 13110 47 6
870104403 13113 47 6
208320024 4190 47 6
208341891 4224 47 6
11364169736 22039 47 6
208479258 4236 47 6
564910125 11710 47 6
5124731611 19958 47 6
945708522 13423 48 6
10778887854 21861 48 6
267209540 7508 48 6
28868956 187 48 6
10262736668 21769 48 6
9316140747 21469 48 6
3230115135 18812 48 6
725606353 12724 48 6
450284565 11047 48 6
2600731304 18252 48 6
3323697485 18883 48 6
205496150 3637 48 6
139190937 1759 49 6
139191553 1764 49 6
139116603 1667 49 6
139117528 1671 49 6
139117538 1673 49 6
139208875 1779 49 6
43017270 700 49 6
34960207 450 49 6
334668831 9706 49 6
5200284979 19997 51 6
1018735892 13597 51 6
1018735960 13598 51 6
1291547077 14011 51 6
1580653245 15107 51 6
1018661565 13594 51 6
207524596 4173 51 6
207559389 4180 51 6
149410168 2112 51 6
6031784171 20418 51 6
1829686680 15965 51 6
1349679070 14271 52 6
1349678979 14270 52 6
1348629716 14217 52 6
1348629864 14220 52 6
1348675012 14235 52 6
1605948262 15233 52 6
925953323 13386 52 6
912092756 13313 52 6
403780682 10452 52 6
1679089173 15498 53 6
246140417 6008 53 6
246146732 6035 53 6
1312440200 14061 54 6
206389490 4072 54 6
206389462 4067 54 6
205463714 3602 54 6
205469715 3609 54 6
205436226 3581 54 6
1349664108 14266 54 6
206386818 4021 54 6
205497942 3649 54 6
3889761024 19402 54 6
1715368294 15642 54 6
1349440454 14248 54 6
206387589 4030 54 6
30677757 276 55 6
30763487 357 55 6
243976708 5734 55 6
30763302 351 55 6
8547197466 21324 55 6
571906885 11835 55 6
30624044 255 55 6
30677680 273 55 6
30761309 342 55 6
4217460088 19557 55 6
298251047 8518 56 6
11409166809 22112 56 6
299135082 8583 56 6
2487913020 18066 56 6
2430198757 17937 56 6
305446809 8993 56 6
291305651 8286 56 6
499153079 11486 56 6
311097229 9188 56 6
1157834669 13840 56 6
271195623 7756 57 6
270160510 7731 57 6
430842020 10664 57 6
1667877694 15449 57 6
145909560 2051 57 6
11077282144 21934 57 6
208842211 4324 57 6
119112014 1437 57 6
243215371 5516 58 6
1845970583 16618 58 6
139464872 1882 58 6
139482588 1886 58 6
2497906078 18091 58 6
237224606 4938 59 6
595129376 11957 59 6
595129385 11958 59 6
206160514 3803 60 6
206274540 3910 60 6
206301441 3956 60 6
206161038 3808 60 6
206304343 3965 60 6
206217582 3844 60 6
895738401 13213 60 6
1831804345 16066 60 6
208531228 4268 60 6
243680854 5615 60 6
208530128 4263 60 6
208533929 4285 60 6
208911944 4343 61 6
208920788 4355 61 6
208919955 4352 61 6
8939948289 21404 61 6
366096865 10129 61 6
11368232038 22068 61 6
3350092579 18904 61 6
11357615126 22008 61 6
89163066 980 61 6
243646127 5613 61 6
1388392698 14504 61 6
366143998 10147 61 6
366155635 10153 61 6
114280476 1285 61 6
128598877 1512 61 6
5346956817 20128 61 6
654033859 12280 62 6
304561773 8970 62 6
448642627 10981 62 6
304562125 8977 62 6
654033851 12277 62 6
654033855 12278 62 6
470873119 11241 63 6
470875715 11244 63 6
2140174327 17178 63 6
297515002 8466 63 6
100299452 1071 63 6
100299450 1070 63 6
315034992 9310 63 6
315035196 9315 63 6
4984926886 19930 64 6
494714510 11423 65 6
4933365561 19914 65 6
659618975 12329 65 6
494627470 11412 65 6
4933365553 19912 65 6
10139551493 21719 65 6
494627432 11409 65 6
278897462 7865 65 6
494714516 11425 65 6
9726619770 21589 65 6
503553899 11567 65 6
494714607 11451 65 6
494714582 11444 65 6
494714569 11438 65 6
4361557984 19669 66 6
215758129 4478 66 6
215848307 4484 66 6
294478952 8395 66 6
196616256 3018 66 6
231783480 4793 66 6
231783449 4791 66 6
218318459 4625 67 6
218318414 4623 67 6
218318550 4636 67 6
218318505 4632 67 6
208653797 4289 67 6
208653833 4291 67 6
632660744 12200 67 6
294277007 8392 67 6
253365888 6755 67 6
713142734 12698 67 6
253863275 6808 67 6
502846986 11545 67 6
11369089024 22071 67 6
1658278543 15436 68 6
5970122348 20399 68 6
1892278585 16880 68 6
4743972784 19825 68 6
1836073022 16398 68 6
251494738 6514 68 6
1569526985 15079 68 6
251495319 6518 68 6
2843191507 18528 68 6
257037412 6950 68 6
620920921 12118 68 6
1426862261 14602 69 6
59723149 821 69 6
180241860 2756 69 6
180148519 2723 69 6
180228012 2753 69 6
180148211 2722 69 6
1432727178 14623 69 6
180220484 2736 69 6
180223557 2742 69 6
1426862318 14603 69 6
1426862332 14604 69 6
9788586314 21611 70 6
2469335799 18005 70 6
253869741 6842 70 6
446962187 10909 70 6
3208563104 18799 70 6
253869223 6833 70 6
894720232 13203 70 6
11760816840 22158 70 6
253865897 6821 70 6
253358824 6741 70 6
415259211 10538 70 6
7834952337 21158 70 6
312975993 9207 71 6
168745835 2384 71 6
3964899142 19423 71 6
1694380092 15576 71 6
11362899771 22018 71 6
2559568657 18189 71 6
1045342462 13716 71 6
242917161 5371 71 6
5610234626 20208 71 6
2487107315 18059 71 6
267134248 7477 72 6
6363269980 20562 72 6
267359912 7559 72 6
267358638 7558 72 6
449756028 11015 72 6
10575279889 21808 72 6
250553318 6351 72 6
267198947 7491 72 6
6662843747 20712 72 6
233255155 4881 72 6
7072270729 20884 72 6
227637762 4673 72 6
233236375 4866 72 6
681351691 12544 73 6
205476273 3615 73 6
205477570 3617 73 6
205480075 3619 73 6
1312440307 14062 73 6
9147581191 21437 73 6
3430520766 18982 74 6
2218919146 17417 74 6
3428139554 18972 74 6
251745574 6657 74 6
255425812 6897 74 6
241893996 5213 74 6
241894460 5222 74 6
241894057 5217 74 6
1039345029 13693 75 6
39861004 690 75 6
276997284 7840 75 6
277426919 7842 75 6
268401469 7652 75 6
3609463490 19134 75 6
268400609 7608 75 6
268400570 7605 75 6
11956471489 22220 75 6
458253776 11148 75 6
268400159 7594 75 6
268400840 7621 75 6
268400760 7616 75 6
281159697 7927 75 6
243026054 5404 76 6
132763858 1585 76 6
30624762 265 76 6
30624310 260 76 6
30693129 304 76 6
4474760435 19748 76 6
129500123 1517 76 6
1945750382 16970 76 6
1719119235 15655 76 6
1868380576 16787 77 6
1800876288 15818 77 6
503457490 11557 77 6
1828816034 15937 77 6
1800874532 15816 77 6
280698820 7892 78 6
1477030043 14699 78 6
913877876 13321 78 6
1836073208 16411 78 6
1836073210 16413 78 6
2143357933 17187 78 6
2143341050 17186 78 6
257043158 6960 78 6
2250725626 17447 78 6
7613065684 21039 78 6
922796265 13352 78 6
1476937666 14695 78 6
1477030178 14703 78 6
827009053 13003 79 6
11521292459 22137 79 6
249662085 6305 79 6
250549783 6342 79 6
82409084 943 79 6
82408990 939 79 6
1773530046 15765 79 6
289386183 8120 79 6
100294683 1042 79 6
169279324 2392 79 6
345733079 9889 80 6
1351329360 14276 80 6
139489279 1895 80 6
7728304522 21095 80 6
1793166014 15790 81 6
798517475 12909 81 6
798427118 12898 81 6
2393053854 17863 81 6
243993901 5754 81 6
1731874224 15676 81 6
241491000 5057 81 6
6632827571 20709 81 6
241589448 5084 81 6
1731874245 15677 81 6
241590788 5085 81 6
241594818 5087 81 6
587404341 11930 81 6
798427129 12899 81 6
798534677 12915 81 6
6128276939 20442 81 6
7787247899 21121 82 6
156745481 2227 82 6
243457621 5577 82 6
314077047 9281 82 6
1072429358 13758 82 6
7937702344 21175 82 6
156574550 2195 82 6
156745477 2226 82 6
5622810897 20216 82 6
9631590007 21546 82 6
3435220651 18987 83 6
176825007 2558 83 6
10221746295 21760 83 6
8077923092 21197 83 6
176814609 2548 83 6
3533337123 19094 83 6
1754351094 15743 83 6
178768819 2717 83 6
30733088 335 83 6
30693179 310 83 6
132770089 1605 83 6
178762426 2707 83 6
7862010605 21164 83 6
10550640485 21805 83 6
8284267855 21261 84 6
1199430479 13885 84 6
241902786 5228 84 6
512483018 11601 84 6
512481676 11600 84 6
241905463 5233 84 6
96529839 1027 85 6
105435644 1164 85 6
9833863133 21623 85 6
205535629 3722 85 6
466187915 11187 85 6
8371096757 21284 85 6
8371096754 21283 85 6
206124428 3763 85 6
242564659 5319 86 6
242564512 5318 86 6
243209359 5486 86 6
1845970625 16626 86 6
914498986 13324 86 6
243214747 5511 86 6
242563976 5316 86 6
5897280753 20362 87 6
5897280750 20361 87 6
2570787101 18212 87 6
291866056 8323 87 6
4073397977 19490 87 6
1341273354 14144 87 6
218235471 4605 87 6
255317564 6860 88 6
259095674 7209 89 6
801179737 12930 89 6
1831505797 16063 89 6
1918609778 16937 89 6
258986837 7196 89 6
9491638768 21520 89 6
59721820 815 90 6
316826330 9453 90 6
350319677 9938 90 6
354827963 9978 90 6
268871125 7716 90 6
350485074 9939 90 6
2441538820 17948 90 6
2441542260 17949 90 6
690899756 12584 90 6
268626490 7701 90 6
247350180 6132 91 6
60579517 852 91 6
243347762 5562 91 6
243348039 5568 91 6
243347434 5556 91 6
243347759 5561 91 6
681345055 12543 92 6
247645894 6215 92 6
2648726317 18337 92 6
247567133 6175 92 6
8643749960 21344 92 6
1089241510 13770 92 6
247642543 6201 92 6
247579346 6193 92 6
247642540 6199 92 6
192491778 2849 92 6
141602256 1955 93 6
141604682 1968 93 6
162329176 2299 93 6
175093927 2492 93 6
277762531 7856 93 6
277426923 7843 93 6
164336043 2317 93 6
3601290196 19131 93 6
4920773520 19900 93 6
64622172 899 93 6
158587492 2264 93 6
64624092 904 93 6
249660715 6302 93 6
313775090 9249 93 6
9900156769 21638 93 6
141606902 1974 93 6
7280346478 20958 93 6
276973214 7835 93 6
353694953 9963 93 6
25239053 120 93 6
268401380 7647 93 6
353694959 9964 93 6
268400045 7593 93 6
162317682 2296 93 6
1269253608 13976 94 6
5534547608 20181 94 6
198794839 3190 94 6
198864036 3242 94 6
198807570 3202 94 6
1415728225 14551 94 6
310439672 9134 94 6
310438225 9129 94 6
198761477 3171 94 6
1376240683 14475 94 6
198762893 3173 94 6
5249252220 20015 94 6
198805527 3198 94 6
198802904 3193 94 6
198817405 3208 94 6
198817882 3210 94 6
244081682 5775 94 6
1376240662 14473 94 6
198792277 3187 94 6
534303097 11664 95 6
253848514 6776 95 6
7774269709 21114 95 6
3744616689 19262 95 6
1503147490 14816 95 6
475028301 11293 95 6
3737690948 19245 95 6
247374121 6138 95 6
1476632877 14687 95 6
251614909 6553 96 6
3191577785 18787 96 6
241613032 5127 96 6
3191577778 18786 96 6
241608399 5118 96 6
344100529 9798 96 6
7330185970 20970 96 6
439701719 10717 97 6
9972700849 21659 97 6
499157042 11488 97 6
2199915857 17371 97 6
2787371172 18471 97 6
2562326949 18193 97 6
3048689350 18676 97 6
297755688 8483 97 6
2199915793 17367 97 6
605046572 12074 97 6
2199915848 17370 97 6
605046576 12075 97 6
2199915726 17360 97 6
298740640 8562 97 6
2199915713 17357 97 6
11409073001 22110 99 6
257832852 7025 99 6
2200060862 17373 99 6
297978680 8505 99 6
313677409 9240 99 6
313946771 9258 99 6
2200063191 17379 99 6
2200063277 17380 99 6
313946909 9259 99 6
409766634 10480 99 6
2917169867 18619 99 6
2491664490 18079 99 6
11828827565 22181 99 6
4523809973 19757 99 6
4317597617 19624 99 6
244139434 5792 99 6
305442279 8983 99 6
297750703 8471 99 6
297750690 8470 99 6
296628351 8429 99 6
968282860 13466 99 6
268401554 7664 99 6
280737061 7904 99 6
268401679 7670 99 6
268400853 7622 99 6
4473170001 19741 0 7
1553556278 15040 0 7
1553556270 15039 0 7
229197618 4711 0 7
1898575772 16892 0 7
622372362 12138 0 7
4374317095 19685 0 7
30793690 383 0 7
30693178 309 0 7
8077923086 21195 0 7
178760276 2699 0 7
178758495 2697 0 7
30693094 294 0 7
30624293 258 0 7
11155433679 21961 0 7
30621782 251 0 7
371135496 10278 0 7
30677810 279 0 7
30769755 368 0 7
30677953 281 0 7
30693123 301 0 7
9073937005 21421 0 7
30793832 388 0 7
30733085 334 0 7
30793840 390 0 7
30693176 307 0 7
212484649 4415 1 7
212372958 4413 1 7
212495007 4417 1 7
259704301 7271 1 7
568003727 11769 1 7
8290629473 21262 1 7
7203272611 20940 1 7
253754908 6769 1 7
677507063 12479 1 7
2630442133 18308 1 7
1369324657 14381 1 7
368228757 10213 1 7
368228770 10218 1 7
368224345 10208 1 7
597322173 11963 1 7
9386023659 21502 2 7
9386023657 21501 2 7
248168992 6234 2 7
51208133 755 2 7
319095273 9515 2 7
51209188 764 2 7
51208798 761 2 7
4374370228 19690 2 7
243458891 5578 3 7
368371432 10237 3 7
368371663 10239 3 7
801179550 12928 3 7
792647887 12867 3 7
801179384 12922 3 7
801179775 12931 3 7
430486867 10653 3 7
206322897 3974 3 7
243458895 5581 3 7
322689769 9582 4 7
6844649006 20804 4 7
166203717 2355 4 7
139312070 1861 4 7
139311158 1858 4 7
139312459 1863 4 7
17543068 41 4 7
513972750 11608 4 7
125487646 1471 4 7
5700604921 20260 4 7
125487648 1472 4 7
247852246 6221 5 7
3430668565 18985 5 7
241596539 5111 5 7
241596168 5104 5 7
277614502 7854 5 7
2565542650 18210 5 7
251691779 6631 5 7
251692510 6642 5 7
2957870356 18638 6 7
4933365668 19918 6 7
319460832 9526 6 7
27454704 136 6 7
319464185 9539 6 7
4457219344 19732 6 7
7645667440 21066 6 7
7645648609 21063 6 7
319464290 9540 6 7
945708535 13424 7 7
2427305650 17928 7 7
3103832716 18704 7 7
437375265 10698 7 7
9353620825 21489 7 7
9353513011 21487 7 7
449802920 11019 7 7
3323893967 18889 7 7
446110841 10833 7 7
446110862 10835 7 7
302058782 8646 7 7
302058780 8645 7 7
11243024989 21981 7 7
9353513003 21484 7 7
3022172444 18661 7 7
302058326 8643 7 7
5303873413 20045 7 7
229190860 4690 8 7
229195628 4708 8 7
244601760 5900 8 7
244601901 5901 8 7
229194734 4703 8 7
4316138036 19609 8 7
237072609 4909 8 7
237072620 4911 8 7
237076570 4914 8 7
587663044 11942 8 7
237071575 4895 8 7
231117694 4773 8 7
499162783 11492 8 7
2354686586 17770 8 7
2354686576 17769 8 7
2354686568 17765 8 7
470809864 11240 8 7
338815251 9729 9 7
1826678747 15893 9 7
1826678750 15894 9 7
7817553796 21138 9 7
309464430 9080 9 7
3699103303 19228 9 7
1447417749 14648 9 7
598659812 11986 9 7
1832923957 16105 9 7
244490152 5839 10 7
36811292 682 10 7
4840006995 19866 10 7
247066927 6089 10 7
283238054 8019 10 7
125621321 1477 10 7
59723134 819 10 7
6344469897 20547 10 7
250347346 6323 10 7
49768732 734 10 7
206094195 3745 10 7
49754342 717 10 7
49745234 711 10 7
1429195733 14614 11 7
1327262366 14106 11 7
242581522 5356 11 7
1165870362 13850 11 7
1327525121 14116 11 7
1327524748 14112 11 7
243188724 5420 11 7
7565106688 21023 12 7
2809310963 18494 12 7
2633470458 18313 12 7
2581659019 18231 12 7
2804975585 18485 12 7
178688753 2619 12 7
178688752 2618 12 7
247156835 6098 12 7
3821424900 19367 12 7
409484254 10478 12 7
237071588 4902 12 7
305442348 8987 12 7
1016444141 13580 12 7
247156646 6096 12 7
178685607 2614 12 7
3185267537 18759 12 7
409152972 10462 12 7
237080689 4930 12 7
409152968 10460 12 7
244604109 5913 12 7
176841136 2571 12 7
409152963 10457 12 7
176841135 2570 12 7
1361480942 14334 13 7
1361480851 14324 13 7
3323697468 18880 13 7
245921263 5971 13 7
244080975 5774 13 7
1677665707 15480 13 7
1677665724 15482 13 7
1675161389 15467 13 7
3314693011 18873 13 7
205501381 3679 13 7
1361480673 14316 13 7
1361480891 14327 13 7
209187738 4389 14 7
209187626 4383 14 7
209187696 4388 14 7
1846876973 16643 14 7
218318295 4613 14 7
1640804612 15380 14 7
150743276 2131 14 7
209187839 4401 14 7
218318490 4629 14 7
209187586 4378 14 7
1891430452 16877 14 7
259700252 7256 14 7
643440179 12246 14 7
643707710 12252 14 7
259698492 7250 14 7
259698960 7252 14 7
215922947 4498 15 7
874559726 13137 15 7
229787826 4716 15 7
213824484 4445 15 7
215866684 4486 15 7
215873750 4488 15 7
216416115 4532 15 7
1316464978 14080 15 7
216455557 4553 15 7
216464441 4555 15 7
229796238 4722 15 7
216440559 4547 15 7
302519522 8728 16 7
302519010 8724 16 7
2875711856 18567 16 7
846016244 13074 16 7
304200267 8952 16 7
2857467533 18549 16 7
302519048 8725 16 7
308724968 9066 16 7
308724975 9068 16 7
840402457 13047 16 7
3172906774 18748 16 7
838715296 13033 16 7
666742966 12403 16 7
304200235 8951 16 7
304200013 8943 16 7
302706853 8759 16 7
302904105 8792 16 7
302706956 8762 16 7
929475371 13402 16 7
302497920 8694 16 7
302555173 8755 16 7
312051175 9202 16 7
302497921 8695 16 7
302517417 8712 16 7
2921155537 18623 16 7
668822108 12420 16 7
243892235 5679 17 7
243986400 5738 17 7
243986391 5737 17 7
218154982 4585 17 7
193926304 2953 18 7
182668450 2803 18 7
182668453 2804 18 7
204885758 3506 18 7
199548282 3366 18 7
205500542 3670 18 7
193747458 2937 18 7
193746245 2935 18 7
193727159 2917 18 7
192764553 2870 18 7
192771004 2872 18 7
112363554 1246 19 7
112363923 1247 19 7
366205913 10166 19 7
5422134977 20165 19 7
366218132 10175 19 7
268398937 7573 19 7
366197597 10156 19 7
139280053 1843 19 7
128673357 1515 19 7
330253990 9634 19 7
5310490249 20064 19 7
145911498 2055 20 7
244512411 5859 20 7
118040174 1387 20 7
244515469 5897 20 7
298621046 8545 20 7
119145451 1451 20 7
256401916 6918 20 7
115647583 1296 20 7
270189833 7741 20 7
310841678 9151 21 7
310841681 9152 21 7
100295661 1050 21 7
309175812 9079 21 7
1397128022 14506 21 7
1849546555 16664 21 7
276076310 7799 21 7
310584431 9146 21 7
1956797303 16979 22 7
1956797325 16981 22 7
2155255501 17211 22 7
752206100 12770 22 7
681339024 12540 22 7
616203675 12106 22 7
314924868 9295 22 7
4841213728 19877 22 7
1643158778 15396 22 7
158520554 2260 23 7
193879334 2949 23 7
105358545 1130 23 7
10211258193 21752 23 7
6462442454 20638 23 7
907016569 13279 23 7
253143117 6727 23 7
6689633767 20722 23 7
243455215 5573 23 7
125627836 1481 23 7
125631042 1496 23 7
125631592 1500 23 7
125630627 1492 23 7
2497878555 18090 23 7
125629787 1488 23 7
258038181 7034 24 7
1778378576 15774 24 7
199125096 3306 24 7
5889934087 20357 24 7
2546042821 18163 24 7
209099393 4362 24 7
2415333415 17913 24 7
206128207 3768 25 7
96530609 1029 25 7
244131755 5785 25 7
199187227 3325 25 7
206129759 3771 25 7
204963534 3508 25 7
204963590 3510 25 7
281932131 7937 25 7
205244906 3537 25 7
192864211 2892 25 7
205331389 3554 25 7
205331404 3556 25 7
197295841 3040 26 7
4318175642 19635 26 7
35133824 456 26 7
35133829 457 26 7
9425744629 21509 26 7
198660719 3167 26 7
6562878562 20692 26 7
141927468 1991 26 7
197165275 3036 26 7
141924372 1987 26 7
29585091 233 26 7
303861585 8889 27 7
461942034 11162 27 7
9459290896 21513 27 7
9459353919 21514 27 7
469386197 11216 27 7
2099791814 17096 27 7
297970504 8495 27 7
9876503061 21629 27 7
1863943759 16760 27 7
303861667 8903 27 7
2199915448 17343 27 7
3774667366 19309 28 7
2478338921 18026 28 7
255419406 6871 28 7
1608436302 15259 28 7
251794947 6669 28 7
5307403788 20055 28 7
5307403790 20057 28 7
1757187170 15752 28 7
4214963723 19552 28 7
1648815395 15427 28 7
668591031 12412 29 7
1375576907 14456 29 7
363843909 10087 29 7
363899101 10090 29 7
2810472344 18496 29 7
362738349 10067 29 7
208334014 4211 29 7
10653293255 21819 29 7
450545092 11049 30 7
290425822 8249 30 7
205491935 3623 30 7
2240230300 17440 30 7
205436203 3577 30 7
681393505 12548 31 7
6478670372 20672 31 7
5564958819 20192 31 7
294269348 8390 31 7
9203487610 21443 31 7
808855703 12935 31 7
498843760 11477 31 7
296192370 8405 31 7
1302831907 14045 31 7
150744052 2139 31 7
149038600 2095 31 7
243898197 5724 31 7
204826577 3504 32 7
1918394731 16929 32 7
203247659 3459 32 7
4317590970 19622 32 7
2467993541 17997 32 7
51208796 760 32 7
8038214347 21188 32 7
52620909 789 32 7
216393149 4529 32 7
8688259309 21358 32 7
692108579 12593 32 7
2278118606 17489 33 7
2278118554 17486 33 7
416079012 10557 33 7
2278118496 17484 33 7
2653008435 18347 33 7
2156746656 17215 33 7
2653004104 18344 33 7
251672744 6574 33 7
237475573 4950 34 7
6418360611 20604 34 7
9412209060 21507 34 7
366217624 10174 34 7
874586511 13140 34 7
213917141 4455 34 7
130074081 1578 34 7
229812065 4725 34 7
229902723 4748 34 7
28390284 151 34 7
10756057602 21851 34 7
1796739232 15801 34 7
206337350 4002 35 7
206332472 3990 35 7
156574480 2190 35 7
156574487 2191 35 7
156574567 2197 35 7
156574791 2222 35 7
156574531 2193 35 7
157452851 2249 35 7
157452810 2247 35 7
692194667 12602 35 7
692194640 12599 35 7
692194610 12596 35 7
321753451 9562 35 7
206332449 3988 35 7
157371868 2238 35 7
24912999 80 36 7
24924005 106 36 7
510573326 11586 36 7
36475835 587 36 7
36474702 579 36 7
36476881 595 36 7
36471649 552 36 7
64127730 889 36 7
129537079 1522 36 7
360946 2 36 7
36481437 645 36 7
152527979 2163 37 7
814100080 12953 37 7
811025536 12949 37 7
814100217 12955 37 7
257800681 6984 37 7
257800732 6986 37 7
152528837 2164 37 7
1335920434 14129 37 7
471157746 11269 37 7
1341778757 14159 37 7
141942656 2009 37 7
141942633 2008 37 7
257804045 6997 37 7
150744598 2142 37 7
5360511216 20137 37 7
677321742 12472 38 7
11575136810 22147 38 7
1544090098 15026 38 7
2182286593 17319 38 7
1836073232 16415 38 7
251137254 6422 38 7
251137270 6426 38 7
260964841 7392 38 7
908384963 13307 38 7
258524945 7086 38 7
7611607496 21034 39 7
7611607499 21035 39 7
253867209 6826 39 7
251613381 6544 39 7
2845191232 18534 39 7
2845191205 18532 39 7
262983104 7433 39 7
2326239110 17690 39 7
6030163622 20414 39 7
554930995 11683 40 7
606313140 12084 40 7
2635667774 18317 40 7
166414150 2368 40 7
207435542 4107 40 7
251489823 6510 40 7
251490191 6512 40 7
169290795 2399 40 7
363585000 10072 40 7
36427158 536 40 7
21389560 49 40 7
10154771963 21733 40 7
2066694515 17067 40 7
268401169 7637 40 7
36427589 540 40 7
529027270 11639 40 7
268401183 7639 40 7
193704952 2895 41 7
202949532 3448 41 7
197393547 3076 41 7
197594354 3099 41 7
193707550 2896 41 7
193710500 2899 41 7
197594304 3098 41 7
193710499 2898 41 7
4023552565 19441 41 7
193799003 2941 41 7
202984633 3452 41 7
193941194 2962 41 7
201218295 3388 41 7
1679069843 15492 42 7
1679055647 15486 42 7
3299160468 18870 42 7
246142722 6027 42 7
246143165 6032 42 7
1679091000 15501 42 7
631981047 12198 42 7
631979976 12186 42 7
1690353360 15561 42 7
631980155 12190 42 7
631980154 12189 42 7
9666230533 21557 42 7
290038635 8141 42 7
246161618 6055 42 7
290039428 8169 42 7
290039371 8167 42 7
1607735153 15251 42 7
165364723 2352 43 7
165364722 2351 43 7
3665714486 19165 43 7
165258506 2339 43 7
1420824342 14561 43 7
2872865299 18565 43 7
5349933797 20133 43 7
165358935 2345 43 7
168605574 2381 43 7
1918830963 16944 44 7
141592723 1929 44 7
175082166 2491 44 7
7770498455 21109 44 7
116120352 1329 44 7
2325538811 17682 44 7
30770167 376 44 7
6956196368 20848 44 7
1755336925 15747 44 7
180275744 2769 44 7
180269744 2766 44 7
367316716 10187 44 7
251614817 6545 45 7
241861246 5172 45 7
241861236 5171 45 7
241594824 5090 45 7
8272026268 21256 45 7
8272026253 21252 45 7
2870028461 18559 46 7
5939830094 20388 46 7
344786638 9802 46 7
7831562346 21153 46 7
2217372408 17413 46 7
248769135 6265 46 7
3191531851 18782 46 7
251745390 6652 46 7
2218919184 17420 46 7
255426788 6903 46 7
241894320 5220 46 7
241894264 5219 46 7
208516949 4253 47 7
208516995 4254 47 7
1806603979 15846 47 7
1806603971 15844 47 7
3750129709 19278 47 7
668591036 12416 47 7
208321361 4191 47 7
2284529381 17552 47 7
7712152191 21091 47 7
11364225933 22047 47 7
11364225906 22044 47 7
3750089561 19268 47 7
869572593 13108 47 7
869615149 13111 47 7
11364169758 22041 47 7
564911452 11719 47 7
564911345 11715 47 7
208341894 4225 47 7
871732488 13117 47 7
208479776 4237 47 7
2284499022 17548 47 7
1377830955 14482 48 7
945708541 13426 48 7
10780511655 21864 48 7
241496998 5064 48 7
10959838437 21907 48 7
10262736655 21768 48 7
603658431 12059 48 7
586863804 11904 48 7
310285394 9105 48 7
3787429355 19322 48 7
446936328 10902 48 7
452068777 11095 48 7
2456279963 17977 48 7
205496147 3636 48 7
139190936 1758 49 7
3590625844 19128 49 7
139191552 1763 49 7
6299163785 20520 49 7
139116606 1668 49 7
139225804 1788 49 7
139117540 1674 49 7
139119880 1678 49 7
139210590 1782 49 7
334668758 9700 49 7
1018660768 13592 51 7
60580069 873 51 7
241926959 5242 51 7
280714053 7895 51 7
1025295484 13636 51 7
242181344 5278 51 7
346910290 9905 51 7
1858947512 16700 51 7
149410127 2111 51 7
1829686658 15962 51 7
925953040 13367 52 7
1349679134 14275 52 7
1349679120 14274 52 7
1348630075 14225 52 7
2866252871 18555 52 7
4166168126 19524 52 7
925953174 13376 52 7
1863427255 16744 52 7
912495526 13318 52 7
2754832031 18442 52 7
246138632 5998 53 7
246140725 6014 53 7
246161445 6053 53 7
246142628 6025 53 7
205434187 3573 54 7
206389493 4073 54 7
206389483 4068 54 7
9147581189 21435 54 7
205462986 3601 54 7
206388735 4046 54 7
206386382 4016 54 7
206386997 4022 54 7
205497715 3648 54 7
446944840 10905 54 7
205497714 3647 54 7
2227742604 17424 54 7
1349440492 14253 54 7
206387698 4031 54 7
280724722 7898 55 7
243977156 5735 55 7
30763303 352 55 7
30763490 358 55 7
30763272 349 55 7
30763492 360 55 7
30677963 282 55 7
571910504 11838 55 7
30763100 344 55 7
371140410 10280 55 7
30677668 272 55 7
621244391 12127 55 7
2367372654 17820 55 7
4217462292 19558 55 7
299525254 8598 56 7
412298404 10510 56 7
4071188702 19473 56 7
298251056 8520 56 7
298867209 8576 56 7
7458978092 20993 56 7
6476920705 20657 56 7
291305948 8293 56 7
311097212 9186 56 7
307814576 9009 56 7
1157834861 13841 56 7
3887672094 19401 56 7
145910312 2053 57 7
1345592660 14200 57 7
270160506 7730 57 7
1345583499 14196 57 7
270189831 7740 57 7
1345584698 14198 57 7
1667877681 15448 57 7
1667877702 15450 57 7
1751854801 15718 57 7
390408104 10412 57 7
1751854847 15722 57 7
208842193 4322 57 7
8762643146 21381 57 7
119112012 1436 57 7
243213522 5505 58 7
8790120087 21382 58 7
242577285 5343 58 7
1845970576 16615 58 7
139464876 1883 58 7
242697517 5359 58 7
659424080 12318 59 7
206160513 3802 60 7
206322921 3981 60 7
1770503175 15759 60 7
206301459 3957 60 7
206161041 3809 60 7
206217542 3842 60 7
206217185 3835 60 7
206217741 3846 60 7
1595389725 15175 60 7
895738400 13212 60 7
206217177 3833 60 7
208531287 4269 60 7
243684053 5630 60 7
6474597837 20645 60 7
208912939 4345 61 7
89163093 981 61 7
208920794 4356 61 7
260659710 7368 61 7
306087402 8999 61 7
268398946 7578 61 7
366097218 10132 61 7
8939948284 21403 61 7
366094644 10125 61 7
11357615125 22007 61 7
340201553 9760 61 7
139265062 1831 61 7
875695367 13161 61 7
976978260 13513 61 7
366143406 10144 61 7
108303842 1194 61 7
139280055 1844 61 7
114279646 1284 61 7
304561684 8968 62 7
449219433 10997 62 7
4640455354 19797 62 7
654033937 12289 62 7
7099636138 20891 63 7
298185587 8514 63 7
1898462832 16887 63 7
470874256 11242 63 7
297515010 8467 63 7
6221553763 20485 63 7
315034582 9308 63 7
2140174237 17177 63 7
469251163 11197 63 7
463564344 11167 63 7
11976831673 22231 63 7
338999137 9746 64 7
4984926890 19931 64 7
494714514 11424 65 7
3238587773 18824 65 7
494714578 11442 65 7
3336828110 18897 65 7
7629813546 21045 65 7
278897604 7866 65 7
494714552 11433 65 7
503553817 11566 65 7
494714608 11452 65 7
494714627 11454 65 7
494531061 11398 65 7
494714571 11439 65 7
237621757 4970 66 7
4361557987 19670 66 7
215763229 4480 66 7
196683915 3023 66 7
231783458 4792 66 7
231783660 4794 66 7
218318462 4626 67 7
218318537 4633 67 7
150743380 2134 67 7
218260131 4607 67 7
412494452 10533 67 7
411389643 10504 67 7
253365887 6754 67 7
253863054 6804 67 7
643910414 12255 67 7
218318962 4645 67 7
2278810484 17520 67 7
415259264 10541 67 7
253365884 6753 67 7
1658278541 15435 68 7
2161862030 17230 68 7
2635904450 18318 68 7
2229789928 17427 68 7
6268788369 20502 68 7
4743972786 19826 68 7
4743972794 19828 68 7
1531706889 14963 68 7
1569523856 15078 68 7
251495435 6520 68 7
251499952 6524 68 7
1861486467 16701 68 7
1836072964 16390 68 7
366067119 10117 68 7
182651026 2796 69 7
180147195 2719 69 7
180155194 2725 69 7
180146308 2718 69 7
180147927 2721 69 7
10135057626 21712 69 7
1432726159 14621 69 7
180220483 2735 69 7
180245295 2762 69 7
180223558 2743 69 7
180246769 2763 69 7
253865917 6824 70 7
251144985 6457 70 7
3385194453 18931 70 7
1543460084 14992 70 7
470987167 11262 70 7
8401015827 21291 70 7
253743647 6763 70 7
253865909 6822 70 7
412494433 10529 70 7
3385093505 18925 70 7
190691021 2823 71 7
366072453 10121 71 7
168745839 2385 71 7
2487107301 18057 71 7
1694380146 15578 71 7
1694380203 15582 71 7
11362871960 22017 71 7
1836072978 16392 71 7
2806372060 18490 71 7
259077902 7202 71 7
1045342638 13718 71 7
6174695120 20461 71 7
6174695109 20460 71 7
5610234643 20210 71 7
267130053 7475 72 7
267202768 7506 72 7
449742180 11006 72 7
449714086 11004 72 7
233251616 4876 72 7
250553317 6350 72 7
2389866532 17853 72 7
267202766 7504 72 7
7072270716 20883 72 7
233251615 4875 72 7
233265494 4884 72 7
502842684 11541 72 7
291747935 8318 72 7
3190051666 18775 72 7
233236377 4867 72 7
432027240 10674 73 7
7103794005 20893 73 7
206389517 4074 73 7
3324154176 18891 73 7
1218923960 13931 73 7
2218919205 17421 74 7
3428139560 18973 74 7
241893998 5214 74 7
255427693 6908 74 7
268400913 7624 75 7
419330071 10600 75 7
162613337 2303 75 7
267040026 7464 75 7
268401480 7654 75 7
3609463492 19135 75 7
280949096 7921 75 7
458253777 11149 75 7
517328034 11611 75 7
268400765 7617 75 7
281159702 7928 75 7
176791709 2533 76 7
280734634 7903 76 7
597683550 11972 76 7
333659733 9689 76 7
30624311 261 76 7
565492189 11741 76 7
129500041 1516 76 7
30889959 398 76 7
30889960 399 76 7
1719119244 15656 76 7
503457524 11558 77 7
503457439 11555 77 7
443979884 10766 77 7
1828816104 15940 77 7
1828816149 15943 77 7
203342369 3480 77 7
203281403 3467 77 7
1832548195 16077 78 7
913877873 13320 78 7
260956078 7381 78 7
2166202447 17247 78 7
1836073209 16412 78 7
260956208 7388 78 7
768079187 12806 78 7
2149724486 17196 78 7
922796129 13348 78 7
1477030272 14709 78 7
1477030209 14705 78 7
1476937693 14696 78 7
251489933 6511 79 7
5702693120 20263 79 7
4610351358 19794 79 7
249662201 6309 79 7
249662175 6308 79 7
24913004 81 79 7
82409063 941 79 7
27453294 135 79 7
82409081 942 79 7
7741342574 21104 79 7
289386181 8119 79 7
1773530002 15762 79 7
251481403 6508 79 7
169278795 2390 79 7
169280138 2395 79 7
1351329362 14277 80 7
345771446 9893 80 7
255390128 6866 80 7
139489282 1896 80 7
798421862 12895 81 7
1793166015 15791 81 7
2393028210 17861 81 7
267241971 7539 81 7
798421863 12896 81 7
11972314690 22229 81 7
1731874128 15672 81 7
241490981 5056 81 7
6685095355 20718 81 7
6793054751 20785 81 7
3232977717 18814 81 7
1731874193 15675 81 7
243993578 5749 81 7
11364424944 22062 81 7
241584715 5079 81 7
1197362531 13883 81 7
798517263 12906 81 7
798534634 12913 81 7
7787247900 21122 82 7
156823798 2231 82 7
158370621 2257 82 7
243457620 5576 82 7
314077035 9280 82 7
1388348925 14503 82 7
6027173449 20410 82 7
157410339 2246 82 7
9631590015 21548 82 7
9631590003 21544 82 7
176814611 2549 83 7
3435220650 18986 83 7
622438937 12149 83 7
10221746296 21761 83 7
176812889 2545 83 7
3169265275 18737 83 7
132770081 1602 83 7
176764791 2519 83 7
30733089 336 83 7
178755368 2693 83 7
1754351095 15744 83 7
132763868 1588 83 7
1199430671 13891 84 7
241906028 5234 84 7
760588713 12776 84 7
2383143978 17836 84 7
7731799108 21097 84 7
1690571001 15566 84 7
5793571089 20326 84 7
96529537 1024 85 7
86874974 960 85 7
96512098 1012 85 7
1426119195 14594 85 7
1204778417 13909 85 7
466187924 11188 85 7
96530607 1028 85 7
8371096758 21285 85 7
9833863128 21618 85 7
206123427 3761 85 7
199109173 3282 85 7
6377741157 20566 85 7
206124429 3764 85 7
1838154415 16516 86 7
242543190 5291 86 7
1364310365 14361 86 7
243208911 5482 86 7
1845970629 16627 86 7
459390845 11158 86 7
1414947708 14539 86 7
1841010574 16543 86 7
242563972 5315 86 7
5922478343 20379 86 7
5897280755 20363 87 7
5897280743 20359 87 7
3660387667 19161 87 7
11535269020 22141 87 7
5138636844 19959 87 7
8715134727 21365 87 7
243892108 5668 87 7
218233638 4604 87 7
1554842618 15048 87 7
1837830555 16492 88 7
259095665 7206 89 7
259095668 7208 89 7
1831505815 16065 89 7
258986676 7190 89 7
8309130435 21266 89 7
2786125673 18463 89 7
9246662924 21456 90 7
2133408922 17156 90 7
1606558692 15236 90 7
354827967 9979 90 7
339663797 9758 90 7
268871416 7719 90 7
311097234 9189 90 7
268626533 7703 90 7
2441542261 17950 90 7
662529233 12356 90 7
221439546 4654 90 7
60579927 860 91 7
60579519 853 91 7
573453919 11856 91 7
243348035 5566 91 7
573435063 11849 91 7
243347972 5565 91 7
664808728 12373 91 7
243347378 5555 91 7
616203678 12109 92 7
10769472843 21858 92 7
3051112591 18686 92 7
247570854 6181 92 7
2278313524 17497 92 7
247567855 6179 92 7
247567137 6176 92 7
3051112595 18687 92 7
259436178 7234 92 7
1900122056 16893 92 7
2649514400 18340 92 7
312977584 9211 92 7
162304831 2293 93 7
175492885 2499 93 7
141602257 1956 93 7
132773127 1610 93 7
175492912 2501 93 7
277762538 7858 93 7
164350794 2320 93 7
2996099319 18654 93 7
3632382087 19145 93 7
64621411 891 93 7
128065399 1511 93 7
249550533 6300 93 7
64624091 903 93 7
34909762 408 93 7
141606906 1975 93 7
21389565 52 93 7
568456506 11773 93 7
276997281 7839 93 7
6867079927 20824 93 7
166413130 2366 93 7
268401942 7691 93 7
268401381 7648 93 7
268401473 7653 93 7
162296675 2292 93 7
1722770576 15660 94 7
198793884 3189 94 7
198807572 3203 94 7
1376240675 14474 94 7
250791983 6372 94 7
310438223 9128 94 7
679224449 12536 94 7
2887184646 18582 94 7
198762572 3172 94 7
1376240684 14476 94 7
244081684 5777 94 7
198817226 3207 94 7
198809700 3206 94 7
810353372 12945 95 7
810353344 12944 95 7
534303237 11667 95 7
810353447 12946 95 7
7774269710 21115 95 7
4153135744 19519 95 7
619498749 12112 95 7
1546407099 15034 95 7
1503146790 14811 95 7
1503147332 14813 95 7
1546328548 15029 95 7
253759501 6771 95 7
262825432 7427 95 7
603163419 12043 95 7
973809402 13478 95 7
3191577802 18789 96 7
251690148 6616 96 7
241613039 5128 96 7
241613026 5126 96 7
241595386 5092 96 7
241608398 5117 96 7
241613696 5129 96 7
439701734 10724 97 7
439701728 10722 97 7
452401908 11100 97 7
436546340 10690 97 7
1246212334 13960 97 7
297750723 8472 97 7
297324621 8462 97 7
2513992087 18104 97 7
3048689359 18677 97 7
1387209486 14499 97 7
298861925 8567 97 7
586713169 11894 97 7
2199915663 17354 97 7
452406350 11103 97 7
321349233 9551 97 7
2199915687 17355 97 7
3688186860 19221 99 7
313677576 9242 99 7
257835509 7027 99 7
257836052 7029 99 7
2200061863 17377 99 7
257814810 7018 99 7
409766633 10479 99 7
296628141 8418 99 7
296936348 8445 99 7
2917169869 18620 99 7
2491664492 18080 99 7
178696940 2629 99 7
4317597618 19625 99 7
4523809975 19759 99 7
244139427 5790 99 7
296628152 8420 99 7
5330121505 20107 99 7
297750743 8474 99 7
298861824 8564 99 7
257826922 7021 99 7
6751607273 20761 99 7
268400838 7620 99 7
4473170012 19744 0 8
30693212 311 0 8
281296031 7932 0 8
622372709 12139 0 8
229197882 4712 0 8
244602162 5903 0 8
229190922 4692 0 8
4374317097 19686 0 8
30733092 338 0 8
30793684 380 0 8
30693177 308 0 8
178755519 2695 0 8
8077923088 21196 0 8
606957485 12087 0 8
30763305 354 0 8
30763252 347 0 8
30730589 323 0 8
4473193898 19747 0 8
30730525 317 0 8
30684901 290 0 8
30769865 372 0 8
30769745 363 0 8
30769750 366 0 8
30769747 364 0 8
212372960 4414 1 8
7903281954 21168 1 8
259704263 7269 1 8
259704501 7272 1 8
259705074 7279 1 8
3448489041 18992 1 8
1370447310 14409 1 8
3794410113 19334 1 8
2630442119 18307 1 8
1370447427 14412 1 8
677590976 12480 1 8
247471516 6152 1 8
368228763 10214 1 8
368228764 10215 1 8
2670512928 18368 1 8
368224338 10207 1 8
35876770 526 2 8
51208132 754 2 8
1863363570 16742 2 8
1863363568 16741 2 8
51208347 759 2 8
6853208850 20812 2 8
6853208837 20806 2 8
368371433 10238 3 8
368371664 10240 3 8
1703453388 15615 3 8
801179432 12925 3 8
1798138773 15810 3 8
10115976414 21699 3 8
203965047 3495 3 8
203970178 3497 3 8
430486877 10654 3 8
243459002 5583 3 8
5779263682 20319 3 8
5779263683 20320 3 8
257149258 6970 4 8
36483203 655 4 8
139311860 1859 4 8
36483071 653 4 8
139309881 1851 4 8
2500391484 18095 4 8
139308939 1847 4 8
88198573 969 4 8
263332511 7434 4 8
139260301 1826 4 8
247852248 6222 5 8
247687763 6218 5 8
241596169 5105 5 8
277614038 7853 5 8
2834626615 18515 5 8
4933365673 19920 6 8
4933365665 19917 6 8
319463857 9538 6 8
319500694 9544 6 8
319500729 9545 6 8
1611044693 15270 6 8
7645637360 21061 6 8
7645648611 21064 6 8
945708539 13425 7 8
1377830930 14477 7 8
2432876618 17938 7 8
3103832712 18703 7 8
9353513012 21488 7 8
9353513005 21485 7 8
282911190 8001 7 8
446110864 10836 7 8
446110870 10837 7 8
460973708 11161 7 8
302058783 8647 7 8
1394071566 14505 7 8
394837369 10444 7 8
3022172455 18662 7 8
302058329 8644 7 8
302058879 8656 7 8
1719098475 15652 8 8
229199295 4713 8 8
229192565 4695 8 8
3954667676 19417 8 8
2403668762 17907 8 8
229192572 4697 8 8
229191504 4693 8 8
229195625 4707 8 8
229194738 4704 8 8
229197556 4710 8 8
317361495 9493 8 8
237072608 4908 8 8
231116495 4764 8 8
237078745 4920 8 8
237078744 4919 8 8
237071577 4896 8 8
1898575711 16890 8 8
459214426 11157 8 8
459191230 11156 8 8
2354686563 17764 8 8
2555467926 18181 8 8
338815324 9733 9 8
597456230 11967 9 8
1826678745 15892 9 8
1020974535 13617 9 8
246446941 6072 9 8
1447417734 14647 9 8
598659807 11985 9 8
197445645 3081 9 8
3797424575 19340 9 8
269303872 7721 10 8
4146241067 19515 10 8
35158006 477 10 8
247066147 6087 10 8
59723136 820 10 8
1183626950 13868 10 8
250347914 6328 10 8
250347561 6326 10 8
49768731 733 10 8
5159341036 19967 10 8
250347410 6324 10 8
49754351 719 10 8
1429195750 14616 11 8
242548485 5302 11 8
1327262476 14109 11 8
1327261834 14104 11 8
149352217 2110 11 8
10139389073 21715 11 8
7398219929 20980 11 8
243891941 5661 11 8
1327525159 14117 11 8
1327525250 14118 11 8
1327524827 14114 11 8
139522482 1903 11 8
1834642566 16268 11 8
2633470466 18314 12 8
335799540 9710 12 8
2491664470 18077 12 8
2633470457 18312 12 8
1016444130 13579 12 8
178692384 2627 12 8
2804975586 18486 12 8
237079632 4928 12 8
321354822 9558 12 8
237082881 4936 12 8
3821424899 19366 12 8
237079635 4929 12 8
237071586 4901 12 8
247156401 6092 12 8
247156592 6094 12 8
178706639 2638 12 8
178698772 2634 12 8
247156349 6090 12 8
409152970 10461 12 8
2921097264 18622 12 8
244604108 5912 12 8
244604201 5914 12 8
409152981 10467 12 8
409152964 10458 12 8
1361480833 14322 13 8
243996101 5764 13 8
3323697477 18881 13 8
8715829218 21366 13 8
245921341 5975 13 8
245921265 5972 13 8
245921228 5969 13 8
234612374 4892 13 8
1677665702 15479 13 8
1675161392 15468 13 8
205501382 3680 13 8
1599290297 15179 13 8
205436240 3582 13 8
1361480922 14331 13 8
3323701815 18884 13 8
2043686846 17048 14 8
209187614 4382 14 8
150743531 2136 14 8
209187691 4387 14 8
150743280 2132 14 8
209187819 4400 14 8
218318485 4628 14 8
2278810441 17516 14 8
2278810471 17519 14 8
643707584 12250 14 8
259700503 7258 14 8
259700622 7259 14 8
259698961 7253 14 8
259701096 7262 14 8
1889938835 16862 14 8
216341366 4507 15 8
874559730 13138 15 8
229791476 4719 15 8
96487242 1002 15 8
1415024004 14540 15 8
1415180530 14550 15 8
215873753 4489 15 8
216465322 4556 15 8
216444686 4550 15 8
216483735 4561 15 8
229831370 4733 15 8
229857834 4736 15 8
302519524 8729 16 8
302518626 8719 16 8
846016096 13073 16 8
304201498 8957 16 8
304201075 8954 16 8
496963993 11464 16 8
767042745 12801 16 8
2857467531 18548 16 8
6364238178 20563 16 8
303229520 8820 16 8
304200059 8944 16 8
308724974 9067 16 8
308724881 9051 16 8
308724924 9061 16 8
4239825872 19570 16 8
838715295 13032 16 8
311469913 9201 16 8
666742960 12399 16 8
2304905862 17625 16 8
1965867120 16988 16 8
290040286 8179 16 8
302794580 8773 16 8
303289935 8844 16 8
302791399 8767 16 8
929472388 13401 16 8
302706391 8758 16 8
302789974 8765 16 8
302522715 8740 16 8
499983462 11516 16 8
6475085158 20652 16 8
312052255 9203 16 8
302497922 8696 16 8
303228083 8819 16 8
302508498 8707 16 8
302522595 8738 16 8
243892237 5680 17 8
218154774 4572 17 8
243892139 5669 17 8
7167040580 20929 17 8
180220480 2733 18 8
9755835438 21598 18 8
5615813433 20212 18 8
166268719 2359 18 8
4244126058 19576 18 8
205498838 3658 18 8
166266600 2358 18 8
9327726968 21473 18 8
193718818 2906 18 8
2367253621 17814 18 8
193801906 2947 18 8
192768790 2871 18 8
5353539580 20134 18 8
878714487 13168 19 8
112374411 1250 19 8
108291902 1181 19 8
366200747 10163 19 8
366205911 10165 19 8
6812222503 20796 19 8
366218297 10176 19 8
366218408 10177 19 8
3247052682 18839 19 8
366103120 10134 19 8
366197829 10157 19 8
108243094 1173 19 8
108243091 1171 19 8
51243841 774 19 8
1751038221 15714 20 8
115647714 1298 20 8
118054541 1388 20 8
833524393 13018 20 8
118112824 1413 20 8
244515463 5896 20 8
119145512 1452 20 8
118112550 1412 20 8
270234723 7742 20 8
256401914 6917 20 8
118030749 1383 20 8
100296872 1053 21 8
257802188 6988 21 8
369746266 10253 21 8
100296871 1052 21 8
307715274 9004 21 8
11764834446 22160 21 8
313673740 9227 21 8
4450955490 19729 21 8
4196339414 19546 21 8
2670828759 18369 21 8
310584591 9148 21 8
2889057696 18592 22 8
1643173577 15397 22 8
292466047 8354 22 8
1057479076 13739 22 8
681339082 12542 22 8
681339051 12541 22 8
371252215 10282 22 8
616203676 12107 22 8
1306173418 14048 22 8
1375583840 14470 22 8
287019456 8061 22 8
4841213723 19876 22 8
158520557 2261 23 8
193873572 2948 23 8
202549967 3441 23 8
6462442453 20637 23 8
6462442456 20639 23 8
353192751 9960 23 8
74906073 910 23 8
3359987557 18908 23 8
125631589 1499 23 8
125626637 1478 23 8
125630187 1490 23 8
129546091 1529 23 8
5598614542 20203 23 8
81079882 921 24 8
96514891 1020 24 8
199121418 3297 24 8
199126126 3309 24 8
5321694140 20097 24 8
1832557192 16086 24 8
2546042827 18166 24 8
2546042825 18165 24 8
209100547 4363 24 8
1831131538 16002 24 8
2546042822 18164 24 8
206128201 3766 25 8
206128197 3765 25 8
244131757 5787 25 8
728623320 12740 25 8
730033583 12742 25 8
11338254104 22000 25 8
734200970 12745 25 8
672476450 12442 25 8
1801484170 15823 25 8
281934864 7939 25 8
205244924 3540 25 8
205629265 3730 25 8
5405652577 20151 25 8
205331401 3555 25 8
205231838 3535 25 8
884425890 13187 25 8
6562878560 20691 26 8
2263022715 17452 26 8
197293419 3039 26 8
214880677 4466 26 8
9425744623 21508 26 8
4318175651 19637 26 8
29585086 230 26 8
356429706 10006 26 8
141958499 2029 26 8
141924594 1988 26 8
2350003204 17738 26 8
29585090 232 26 8
569934764 11785 27 8
298861972 8569 27 8
569934922 11787 27 8
569940397 11803 27 8
2354018417 17762 27 8
469386144 11210 27 8
2099791820 17098 27 8
303861555 8881 27 8
297970508 8496 27 8
303861628 8898 27 8
569936458 11795 27 8
1863943753 16759 27 8
469395132 11219 27 8
255420360 6882 28 8
3675991694 19198 28 8
1867088054 16774 28 8
250975228 6402 28 8
1643096970 15390 28 8
5307403785 20054 28 8
1752495828 15733 28 8
1375576923 14461 29 8
2514381786 18105 29 8
1375576916 14458 29 8
363899100 10089 29 8
362738371 10069 29 8
362738358 10068 29 8
362738343 10066 29 8
2202276064 17396 29 8
2284990191 17561 29 8
247679757 6217 29 8
10653293252 21818 29 8
447991145 10941 30 8
2070364227 17073 30 8
288566674 8098 30 8
1939389643 16957 30 8
205490824 3622 30 8
2240230257 17435 30 8
205496101 3635 30 8
445726257 10796 30 8
4409328869 19706 31 8
5564959131 20196 31 8
243898174 5720 31 8
10601454855 21811 31 8
1341499830 14150 31 8
1302831855 14044 31 8
701610964 12650 31 8
530289758 11643 31 8
152528856 2165 31 8
1302831634 14042 31 8
243898196 5723 31 8
52619882 788 32 8
1523166446 14955 32 8
7301478859 20966 32 8
51981367 783 32 8
1918475132 16935 32 8
51210440 767 32 8
1918475118 16933 32 8
52679427 791 32 8
8038214351 21189 32 8
1523165458 14945 32 8
3523997908 19077 32 8
216390110 4526 32 8
216402954 4531 32 8
8688259308 21357 32 8
59622956 807 32 8
58785659 800 32 8
824382976 12989 33 8
722663075 12708 33 8
2278118532 17485 33 8
1832579208 16101 33 8
6438841830 20620 33 8
416079011 10556 33 8
2278118462 17482 33 8
4665616777 19802 33 8
520671854 11615 33 8
659727518 12334 33 8
436242332 10688 34 8
237481677 4952 34 8
366216344 10169 34 8
9412209059 21506 34 8
139328376 1871 34 8
5716638475 20282 34 8
1719016599 15651 34 8
7619775881 21042 34 8
229845951 4734 34 8
229862795 4739 34 8
229907533 4755 34 8
229813762 4727 34 8
237709807 4992 34 8
1399342931 14512 35 8
1399343911 14513 35 8
157055742 2233 35 8
156574559 2196 35 8
157074682 2235 35 8
4428846089 19713 35 8
10269273898 21771 35 8
206332476 3992 35 8
206230545 3859 35 8
692194702 12604 35 8
324779064 9592 35 8
5713291437 20278 35 8
206332471 3989 35 8
5267967393 20027 35 8
206317803 3973 35 8
24912998 79 36 8
24924004 105 36 8
2506478638 18098 36 8
2246104742 17445 36 8
36473032 570 36 8
36476880 594 36 8
36471747 554 36 8
36471648 551 36 8
1363470287 14348 36 8
36598216 659 36 8
36481290 641 36 8
36481436 644 36 8
149038494 2094 37 8
814100881 12960 37 8
814100105 12954 37 8
257800735 6987 37 8
150744603 2143 37 8
257796774 6983 37 8
1335920429 14128 37 8
150744738 2148 37 8
471157372 11268 37 8
471157752 11270 37 8
7117350605 20898 37 8
141942606 2007 37 8
257804048 6998 37 8
257804043 6996 37 8
257804029 6995 37 8
3009353480 18655 37 8
312153874 9205 38 8
256021444 6911 38 8
1835505925 16330 38 8
1544090088 15025 38 8
260964842 7393 38 8
260964857 7397 38 8
260964848 7395 38 8
1544080671 15013 38 8
1836073217 16414 38 8
251137275 6427 38 8
6378617188 20567 38 8
260964827 7391 38 8
2146037488 17189 38 8
7611607494 21033 39 8
1095195522 13784 39 8
251749986 6668 39 8
11114315394 21948 39 8
251613353 6542 39 8
3393574796 18946 39 8
363585293 10073 40 8
166413911 2367 40 8
21389561 50 40 8
308224757 9028 40 8
251489815 6509 40 8
34909805 416 40 8
367672 8 40 8
169290803 2400 40 8
6271956471 20504 40 8
39859734 686 40 8
128064623 1510 40 8
268400957 7627 40 8
2333051337 17710 40 8
268401545 7660 40 8
968282912 13475 40 8
36427725 542 40 8
1886095760 16855 40 8
2064677376 17064 40 8
21305930 44 40 8
268401516 7656 40 8
2064677385 17065 40 8
202949531 3447 41 8
197393599 3077 41 8
197594283 3097 41 8
199161623 3322 41 8
199111403 3287 41 8
193738924 2925 41 8
193800587 2944 41 8
202984650 3453 41 8
1415060742 14542 41 8
193936396 2959 41 8
1446579942 14643 41 8
201252074 3392 41 8
1685231786 15540 42 8
1679074717 15494 42 8
246116152 5988 42 8
1644448199 15405 42 8
6960854980 20850 42 8
246142685 6026 42 8
1680848091 15511 42 8
1679092159 15503 42 8
1690348274 15559 42 8
631980171 12191 42 8
1690353361 15562 42 8
290038289 8133 42 8
290038636 8142 42 8
1679046134 15484 42 8
246161611 6054 42 8
246161877 6057 42 8
290039357 8165 42 8
1679049172 15485 42 8
173774197 2464 43 8
172977973 2426 43 8
8331646576 21276 43 8
4317270508 19619 43 8
172980269 2427 43 8
173781097 2465 43 8
165134850 2325 43 8
2872862680 18562 43 8
1343103200 14167 43 8
165134840 2324 43 8
165358939 2346 43 8
168593617 2378 43 8
6212673434 20476 43 8
305982416 8997 44 8
116137021 1347 44 8
34909775 411 44 8
116120686 1330 44 8
305982731 8998 44 8
2352352171 17743 44 8
180298949 2782 44 8
624465231 12160 44 8
497147614 11473 44 8
2784211932 18461 44 8
248107539 6232 44 8
141588923 1926 44 8
175114384 2494 44 8
180269745 2767 44 8
367318534 10189 44 8
251614844 6552 45 8
252060206 6703 45 8
907291361 13305 45 8
241594929 5091 45 8
29618839 237 45 8
2315302734 17660 45 8
7802862365 21130 45 8
11415465938 22118 46 8
298422613 8531 46 8
2870028402 18556 46 8
250831027 6385 46 8
248769203 6266 46 8
3191534175 18783 46 8
251003426 6417 46 8
251745308 6650 46 8
255424971 6893 46 8
255426843 6905 46 8
255426792 6904 46 8
206096991 3754 46 8
564910121 11709 47 8
2284499001 17544 47 8
876162926 13164 47 8
878878390 13173 47 8
878893945 13179 47 8
2196527730 17331 47 8
11364122455 22037 47 8
11364225928 22046 47 8
564910741 11712 47 8
3750116268 19269 47 8
564911577 11722 47 8
6415814066 20602 47 8
870104375 13112 47 8
11364169749 22040 47 8
564911349 11716 47 8
208320023 4189 47 8
564911440 11717 47 8
2384305664 17838 47 8
298476208 8539 47 8
208479780 4238 47 8
3129234789 18724 48 8
1377830954 14481 48 8
10780511647 21862 48 8
475057046 11297 48 8
241497000 5065 48 8
4818744118 19843 48 8
586862642 11902 48 8
1793225165 15792 48 8
603660305 12061 48 8
603658434 12060 48 8
603657917 12057 48 8
2580565442 18224 48 8
725606357 12725 48 8
297758730 8485 48 8
446936330 10903 48 8
2600731276 18251 48 8
1218930332 13932 48 8
452068733 11093 48 8
2585788552 18237 48 8
3323969804 18890 48 8
205497520 3645 48 8
139190429 1756 49 8
139173976 1693 49 8
139175030 1694 49 8
10169979630 21737 49 8
139192098 1765 49 8
141439195 1905 49 8
139191551 1762 49 8
6299163786 20521 49 8
139193304 1770 49 8
139116610 1669 49 8
1324168642 14088 49 8
139119012 1675 49 8
1634859404 15361 49 8
43017279 701 49 8
334668764 9701 49 8
60580064 868 51 8
429850570 10646 51 8
2038810256 17044 51 8
241926691 5240 51 8
1025295348 13635 51 8
207501563 4157 51 8
207559392 4181 51 8
207559401 4182 51 8
207568194 4184 51 8
2807647908 18493 52 8
258972022 7186 52 8
1349678912 14269 52 8
1348629794 14219 52 8
5091788787 19947 52 8
1336913431 14139 52 8
4166168125 19523 52 8
4166168127 19525 52 8
2754831742 18429 52 8
9998187054 21667 52 8
1863427259 16745 52 8
1834668627 16276 52 8
403780683 10453 52 8
2754832029 18441 52 8
465628376 11182 52 8
246138690 6000 53 8
246137074 5992 53 8
246140919 6019 53 8
246146736 6036 53 8
246142573 6024 53 8
205434186 3572 54 8
130032793 1549 54 8
206389484 4069 54 8
9147581188 21434 54 8
205469461 3608 54 8
206388695 4045 54 8
206388554 4041 54 8
206386386 4017 54 8
206387057 4023 54 8
205497544 3646 54 8
205436210 3578 54 8
446944859 10908 54 8
206386391 4019 54 8
446944841 10906 54 8
1349440460 14250 54 8
477903260 11304 54 8
6157590366 20458 54 8
206388522 4040 54 8
280724846 7899 55 8
366105324 10138 55 8
497137415 11471 55 8
231933280 4826 55 8
30763304 353 55 8
30763491 359 55 8
30763301 350 55 8
231930705 4824 55 8
30769868 373 55 8
30763263 348 55 8
185719618 2808 55 8
571910317 11837 55 8
606957812 12088 55 8
606960894 12089 55 8
7434232679 20989 55 8
571910081 11836 55 8
30677611 269 55 8
1648826403 15428 55 8
30763247 345 55 8
664006724 12369 56 8
302059279 8667 56 8
302059358 8670 56 8
11409166792 22111 56 8
4071188703 19474 56 8
298869120 8578 56 8
1868428317 16813 56 8
298869125 8579 56 8
452160921 11096 56 8
2487913039 18070 56 8
297755662 8476 56 8
6476920706 20658 56 8
343654246 9795 56 8
291305681 8289 56 8
302058846 8654 56 8
288031728 8089 56 8
1326668205 14093 56 8
301841820 8633 56 8
1786329878 15782 56 8
833523510 13013 57 8
301965536 8638 57 8
1345583501 14197 57 8
149038758 2097 57 8
1751854806 15720 57 8
243943710 5731 57 8
3338683684 18900 57 8
119108720 1432 57 8
1841010545 16540 58 8
243213521 5504 58 8
242575218 5339 58 8
1794442958 15794 58 8
338399425 9720 58 8
139464877 1884 58 8
125609235 1475 58 8
2291569252 17580 59 8
895737554 13209 60 8
206322924 3982 60 8
206278284 3915 60 8
206163452 3828 60 8
206293540 3954 60 8
206161043 3810 60 8
206301431 3955 60 8
208680851 4305 60 8
208532995 4280 60 8
206217138 3832 60 8
1593898897 15173 60 8
208531351 4271 60 8
1831131739 16027 60 8
25077734 113 61 8
1027146401 13654 61 8
208906020 4335 61 8
268398940 7574 61 8
268398948 7579 61 8
268399415 7588 61 8
366095266 10127 61 8
139266046 1833 61 8
114284127 1286 61 8
1107492843 13803 61 8
976978208 13511 61 8
366155094 10152 61 8
1301858665 14037 61 8
139275870 1840 61 8
114279639 1282 61 8
304561687 8969 62 8
450112316 11025 62 8
449219417 10992 62 8
4642211140 19800 62 8
11586739321 22148 62 8
654033906 12288 62 8
654033939 12290 62 8
7099636139 20892 63 8
765289988 12789 63 8
470877626 11246 63 8
11104498264 21943 63 8
470874269 11243 63 8
100295352 1047 63 8
297515014 8468 63 8
4129786088 19506 63 8
315035695 9320 63 8
8515370092 21319 63 8
297514997 8465 63 8
9748367944 21594 63 8
2014310583 17029 63 8
469251167 11199 63 8
469251165 11198 63 8
315034997 9311 63 8
768165542 12808 63 8
315035190 9314 63 8
338999145 9747 64 8
205331359 3553 64 8
4194287599 19544 65 8
494627493 11415 65 8
494627472 11413 65 8
3336828105 18896 65 8
243204468 5468 65 8
278897461 7864 65 8
563801517 11694 65 8
494714506 11421 65 8
4194266840 19542 65 8
1988470937 17011 65 8
503553750 11565 65 8
4194268279 19543 65 8
494714611 11453 65 8
494466063 11382 65 8
494627503 11418 65 8
338814727 9725 65 8
231889503 4817 66 8
237621750 4969 66 8
215760274 4479 66 8
198851582 3228 66 8
196616205 3017 66 8
231889117 4811 66 8
343530688 9777 66 8
231799955 4799 66 8
231783362 4790 66 8
231809975 4802 66 8
218318479 4627 67 8
208653826 4290 67 8
150743512 2135 67 8
1139833100 13831 67 8
1708795176 15629 67 8
412494449 10532 67 8
411389601 10497 67 8
411389640 10503 67 8
1708795147 15627 67 8
1708795181 15630 67 8
2278810453 17518 67 8
253863122 6807 67 8
1889896711 16860 67 8
218318983 4646 67 8
218318931 4644 67 8
415259266 10542 67 8
415259263 10540 67 8
415259256 10539 67 8
2229789916 17426 68 8
1658278545 15437 68 8
2161862031 17231 68 8
2635929883 18321 68 8
6030792597 20416 68 8
6001576388 20407 68 8
3482970000 19022 68 8
8298545494 21264 68 8
3908299100 19407 68 8
251493347 6513 68 8
251499950 6523 68 8
251495562 6521 68 8
251499953 6525 68 8
4349708502 19661 68 8
2635929880 18320 68 8
10681579710 21834 68 8
366067120 10118 68 8
182651805 2797 69 8
180155790 2727 69 8
180241859 2755 69 8
180232904 2754 69 8
303355636 8850 69 8
6696778832 20730 69 8
180227137 2751 69 8
180244803 2759 69 8
180220481 2734 69 8
180244805 2760 69 8
180248213 2764 69 8
180223559 2744 69 8
421970988 10612 69 8
3507337632 19048 69 8
253865911 6823 70 8
253866185 6825 70 8
3385194458 18932 70 8
1543460085 14993 70 8
11760816839 22157 70 8
251142238 6454 70 8
253313493 6731 70 8
253870498 6845 70 8
3385093502 18924 70 8
312975998 9208 71 8
28868871 179 71 8
262095312 7401 71 8
168745840 2386 71 8
2487107347 18061 71 8
899548751 13220 71 8
2308226946 17636 71 8
11362899774 22019 71 8
1836072993 16393 71 8
1045341117 13711 71 8
1309181795 14050 71 8
1045341182 13712 71 8
564926651 11724 71 8
1584147754 15119 71 8
5603007758 20207 71 8
2389846913 17852 72 8
267199724 7493 72 8
241485433 5046 72 8
267202767 7505 72 8
4909471643 19896 72 8
449742303 11010 72 8
449714102 11005 72 8
449742282 11009 72 8
364950064 10111 72 8
247391434 6146 72 8
241485401 5038 72 8
233249875 4874 72 8
233252722 4880 72 8
233265493 4883 72 8
291980942 8341 72 8
233271098 4885 72 8
8279801404 21257 72 8
291748221 8320 72 8
207422123 4094 72 8
3190051675 18776 72 8
502842592 11540 72 8
233236373 4865 72 8
251137241 6421 73 8
280803071 7910 73 8
2346367980 17734 73 8
206389521 4075 73 8
11362985744 22027 73 8
1218923944 13928 73 8
1218923950 13929 73 8
251803001 6674 74 8
3428139562 18974 74 8
255426870 6906 74 8
255427703 6909 74 8
241889733 5193 74 8
268401390 7650 75 8
39861002 689 75 8
276997275 7837 75 8
267040297 7471 75 8
268400418 7600 75 8
268400530 7603 75 8
2547485482 18172 75 8
280949091 7920 75 8
1955555929 16977 75 8
517327790 11610 75 8
268400741 7614 75 8
1778039655 15772 75 8
597684942 11973 76 8
132763861 1586 76 8
280734551 7902 76 8
30624766 266 76 8
30769748 365 76 8
10118108172 21704 76 8
565492190 11742 76 8
565493168 11744 76 8
1800876278 15817 77 8
203341917 3479 77 8
503457432 11554 77 8
1828816133 15942 77 8
11060223794 21932 77 8
203338245 3477 77 8
3597068944 19129 77 8
280698895 7894 78 8
2149241139 17192 78 8
1602812782 15222 78 8
190973800 2835 78 8
446990147 10913 78 8
2166202456 17248 78 8
1836073202 16409 78 8
257043160 6961 78 8
922796130 13349 78 8
922796076 13347 78 8
1477030328 14716 78 8
2149724490 17197 78 8
877708574 13167 78 8
5702693426 20264 79 8
141607833 1984 79 8
11521292458 22136 79 8
249662172 6307 79 8
166334075 2360 79 8
250349330 6339 79 8
250549782 6341 79 8
1347288495 14214 79 8
430777 12 79 8
34909811 419 79 8
169280514 2396 79 8
169278925 2391 79 8
169279721 2394 79 8
345771442 9892 80 8
360154482 10016 80 8
270418255 7749 80 8
139489283 1897 80 8
587403949 11929 81 8
2400617688 17896 81 8
797052160 12890 81 8
1815391799 15868 81 8
311370705 9192 81 8
241491022 5058 81 8
2393028219 17862 81 8
6685095356 20719 81 8
6793054752 20786 81 8
243993592 5750 81 8
11364424943 22061 81 8
1146276626 13837 81 8
11364424926 22060 81 8
798517266 12907 81 8
798517261 12905 81 8
317131474 9456 81 8
1072393115 13749 82 8
181289691 2783 82 8
156745482 2228 82 8
314077084 9282 82 8
6027173447 20409 82 8
9631590008 21547 82 8
206337906 4004 82 8
202505544 3440 82 8
622455725 12150 83 8
176815813 2551 83 8
10221746294 21759 83 8
30730579 322 83 8
176765112 2520 83 8
132770082 1603 83 8
176764787 2518 83 8
176812108 2543 83 8
178755369 2694 83 8
132763871 1589 83 8
176791020 2532 83 8
1199430739 13893 84 8
1199430508 13887 84 8
241902706 5227 84 8
11031970036 21921 84 8
2383143972 17835 84 8
241901172 5226 84 8
241901043 5224 84 8
466187925 11189 85 8
466187938 11191 85 8
1426119176 14592 85 8
1317075007 14085 85 8
1426119203 14596 85 8
1426119201 14595 85 8
9833863132 21622 85 8
1426119164 14591 85 8
81080043 932 85 8
206123428 3762 85 8
1425506354 14581 85 8
4054974124 19462 85 8
8371096752 21282 85 8
9566311497 21525 85 8
205263964 3544 85 8
1415100215 14545 85 8
205498305 3651 85 8
326175531 9614 86 8
1838154410 16515 86 8
260428087 7347 86 8
242543191 5292 86 8
1364313269 14368 86 8
243209336 5485 86 8
242562836 5309 86 8
1845970635 16628 86 8
243213393 5496 86 8
243525010 5599 86 8
1750214225 15709 86 8
243215154 5512 86 8
5934011044 20383 86 8
5197956890 19993 87 8
5897280757 20364 87 8
6284655974 20513 87 8
11535269014 22140 87 8
5900554016 20365 87 8
1554791520 15045 87 8
149352019 2103 87 8
616777303 12110 87 8
1554842590 15046 87 8
255317576 6862 88 8
255317570 6861 88 8
259095667 7207 89 8
1805533479 15840 89 8
801179386 12923 89 8
1805533468 15837 89 8
374400850 10340 89 8
793710436 12883 89 8
1805533476 15838 89 8
59721825 816 90 8
9246662922 21455 90 8
2133408924 17157 90 8
4072680290 19489 90 8
442961017 10735 90 8
8411392468 21294 90 8
268871135 7717 90 8
442961019 10736 90 8
268871111 7715 90 8
1672433476 15461 90 8
662141450 12352 90 8
304962562 8981 90 8
2329396503 17705 90 8
60579936 865 91 8
321210694 9548 91 8
60579523 854 91 8
243348038 5567 91 8
573435054 11848 91 8
243347169 5554 91 8
243347521 5560 91 8
616203677 12108 92 8
247571491 6182 92 8
2649494900 18339 92 8
2171022421 17279 92 8
259436181 7235 92 8
251866229 6693 92 8
251825983 6688 92 8
247578656 6192 92 8
247643546 6202 92 8
192491752 2846 92 8
1836817981 16463 92 8
162311367 2294 93 8
141598360 1938 93 8
141598363 1939 93 8
132773129 1611 93 8
265708027 7448 93 8
175492910 2500 93 8
265708312 7449 93 8
265707830 7444 93 8
277762546 7862 93 8
64621796 896 93 8
64621852 898 93 8
930283247 13404 93 8
8220828356 21235 93 8
175487395 2498 93 8
34909760 407 93 8
141607249 1976 93 8
166417408 2369 93 8
364921411 10109 93 8
268401021 7630 93 8
1754351082 15739 93 8
4318175614 19633 94 8
198793882 3188 94 8
2311469238 17655 94 8
250791972 6370 94 8
310438707 9132 94 8
679224442 12534 94 8
198788542 3183 94 8
198808831 3204 94 8
253849564 6778 95 8
810353510 12947 95 8
253849560 6777 95 8
253849627 6784 95 8
534303227 11666 95 8
534303240 11668 95 8
7774269716 21116 95 8
4340028753 19657 95 8
7773489279 21111 95 8
4156424072 19521 95 8
253761183 6773 95 8
3744616682 19260 95 8
1503146715 14809 95 8
1503147248 14812 95 8
440346618 10729 95 8
973809494 13479 95 8
2126806120 17122 96 8
241611497 5121 96 8
241595387 5093 96 8
241584611 5076 96 8
241595389 5094 96 8
241584609 5074 96 8
439701735 10725 97 8
452401872 11097 97 8
439701720 10718 97 8
435645106 10686 97 8
384847834 10350 97 8
586713545 11898 97 8
3450900804 18993 97 8
296628411 8431 97 8
1918625402 16941 97 8
2513992085 18103 97 8
291546714 8309 97 8
3048689362 18679 97 8
1387209481 14498 97 8
291546706 8307 97 8
586713159 11893 97 8
297970477 8490 97 8
2199915520 17349 97 8
2199915641 17352 97 8
1103017594 13794 99 8
3687944866 19220 99 8
313677584 9243 99 8
297978674 8504 99 8
3567023144 19107 99 8
313946149 9255 99 8
2200061458 17375 99 8
257806467 7002 99 8
2200063091 17378 99 8
257815156 7019 99 8
1276049027 13997 99 8
296936335 8441 99 8
2491664494 18081 99 8
178697919 2632 99 8
178697289 2630 99 8
3102677983 18700 99 8
4317597620 19627 99 8
244140457 5796 99 8
4785040801 19836 99 8
2550078009 18178 99 8
297750728 8473 99 8
296628407 8430 99 8
244366753 5813 99 8
968282914 13476 99 8
268401161 7636 99 8
30693213 312 0 9
290113703 8241 0 9
30730472 314 0 9
269306394 7724 0 9
269306337 7723 0 9
1719103062 15654 0 9
244602160 5902 0 9
30793685 381 0 9
30793818 385 0 9
622430743 12148 0 9
11545905562 22144 0 9
1143417124 13834 0 9
565445619 11735 0 9
30684906 293 0 9
30621790 252 0 9
33622576 402 0 9
30730480 315 0 9
30730600 324 0 9
30769728 361 0 9
30769764 369 0 9
30677965 283 0 9
353763956 9969 0 9
30769751 367 0 9
212606264 4433 1 9
259705076 7280 1 9
259704731 7278 1 9
1606864293 15243 1 9
1606864274 15242 1 9
3794410123 19335 1 9
2916469878 18618 1 9
1370447574 14418 1 9
3026964702 18664 1 9
2830843830 18505 1 9
253753247 6766 1 9
10031833412 21677 1 9
368228754 10212 1 9
368228778 10219 1 9
247471533 6155 1 9
368224368 10209 1 9
368224331 10206 1 9
420403858 10606 2 9
35462733 504 2 9
267319447 7550 2 9
1863363574 16743 2 9
51209191 765 2 9
1863363564 16740 2 9
51208346 758 2 9
4390042195 19704 2 9
6853208841 20809 2 9
6853208838 20807 2 9
317181762 9484 2 9
368371421 10234 3 9
368371420 10233 3 9
1703453391 15616 3 9
2294630243 17581 3 9
1837326981 16478 3 9
1798138720 15808 3 9
207459388 4148 3 9
203977789 3498 3 9
203962241 3493 3 9
5099157124 19950 3 9
430486879 10655 3 9
243459000 5582 3 9
206278341 3927 3 9
257149237 6969 4 9
139312073 1862 4 9
36483072 654 4 9
2500391494 18096 4 9
125496888 1474 4 9
139265369 1832 4 9
88199568 971 4 9
263332699 7435 4 9
36470367 548 4 9
247852249 6223 5 9
29015660 213 5 9
8093299473 21201 5 9
241595879 5101 5 9
241596170 5106 5 9
2397497230 17891 5 9
8874645681 21392 6 9
4933365671 19919 6 9
9241529764 21454 6 9
319501987 9546 6 9
246187270 6060 6 9
4450731224 19727 6 9
1611044637 15269 6 9
5909297740 20369 6 9
7645637362 21062 6 9
945710324 13428 7 9
291292429 8278 7 9
3785137363 19321 7 9
445672881 10788 7 9
446110830 10832 7 9
291292395 8277 7 9
394837372 10446 7 9
302059108 8665 7 9
302058308 8642 7 9
229191578 4694 8 9
2403668745 17903 8 9
499184013 11508 8 9
3954661299 19416 8 9
229195621 4706 8 9
229194740 4705 8 9
1828816125 15941 8 9
587661843 11940 8 9
231116502 4766 8 9
317361493 9492 8 9
237072606 4907 8 9
441397487 10732 8 9
499176525 11498 8 9
237078746 4921 8 9
237079625 4925 8 9
237079629 4927 8 9
237078743 4918 8 9
237071578 4897 8 9
1898575770 16891 8 9
587663731 11947 8 9
1862678517 16723 8 9
3090551867 18694 8 9
2354696422 17773 8 9
2354686594 17772 8 9
2355277308 17775 8 9
2555467925 18180 8 9
2864761302 18554 9 9
599667571 11994 9 9
1020974945 13624 9 9
248519047 6251 9 9
1200493950 13897 9 9
1447417750 14649 9 9
1447417721 14645 9 9
1832923964 16106 9 9
958518219 13439 9 9
154502255 2186 10 9
269303873 7722 10 9
4146241055 19514 10 9
7786919723 21117 10 9
60032471 842 10 9
247066466 6088 10 9
74895144 909 10 9
1183627047 13871 10 9
250347915 6329 10 9
250348052 6336 10 9
250347595 6327 10 9
206094135 3743 10 9
49768723 732 10 9
5159341023 19966 10 9
250347474 6325 10 9
9054005501 21415 10 9
1429195714 14613 11 9
1429195761 14617 11 9
243208019 5475 11 9
326146138 9609 11 9
1327261428 14097 11 9
257577469 6972 11 9
11402959318 22104 11 9
266354385 7457 11 9
266354384 7456 11 9
1327261516 14099 11 9
257577701 6974 11 9
243887811 5660 11 9
242554942 5306 11 9
139523299 1904 11 9
296628516 8435 12 9
2177863611 17309 12 9
335799539 9709 12 9
392597141 10426 12 9
2633470455 18311 12 9
178691798 2626 12 9
178688180 2617 12 9
296936354 8447 12 9
247156831 6097 12 9
6836651812 20801 12 9
237071585 4900 12 9
247156390 6091 12 9
247156644 6095 12 9
178707011 2639 12 9
178698211 2633 12 9
178701265 2636 12 9
244604346 5915 12 9
244603955 5911 12 9
587663657 11945 12 9
244603161 5906 12 9
1361480820 14320 13 9
1361480822 14321 13 9
243996100 5763 13 9
198757735 3170 13 9
245921340 5974 13 9
34959216 446 13 9
245921311 5973 13 9
205501383 3681 13 9
206389290 4050 13 9
1599290296 15178 13 9
206388936 4047 13 9
2147579129 17190 14 9
150743546 2137 14 9
209187629 4384 14 9
209187747 4390 14 9
209187658 4386 14 9
635578053 12239 14 9
150743269 2130 14 9
2278810447 17517 14 9
259700769 7261 14 9
2312065127 17657 14 9
1891430315 16875 14 9
1889938907 16864 14 9
262819018 7416 14 9
259701097 7263 14 9
216350341 4512 15 9
215922964 4499 15 9
229787846 4717 15 9
215891963 4490 15 9
213821150 4443 15 9
216482831 4560 15 9
216482826 4559 15 9
229799850 4723 15 9
1745861057 15690 15 9
229859752 4737 15 9
229866765 4742 15 9
303227276 8814 16 9
304201095 8955 16 9
767042639 12799 16 9
2361439458 17799 16 9
290040363 8183 16 9
2905228416 18608 16 9
6358124897 20561 16 9
6364238180 20564 16 9
290040400 8184 16 9
2514425228 18116 16 9
304200070 8945 16 9
308724906 9053 16 9
308724867 9047 16 9
308724922 9060 16 9
2304905764 17624 16 9
569978699 11822 16 9
569975258 11821 16 9
666742961 12400 16 9
569974592 11817 16 9
569978782 11824 16 9
304200230 8950 16 9
290040499 8188 16 9
290040463 8187 16 9
496963937 11461 16 9
302794300 8772 16 9
304200072 8947 16 9
303289955 8845 16 9
304200071 8946 16 9
302794293 8771 16 9
302790482 8766 16 9
499983460 11515 16 9
499983463 11517 16 9
302818462 8789 16 9
302522725 8742 16 9
302522716 8741 16 9
6475085155 20651 16 9
303228054 8818 16 9
302497925 8697 16 9
6475085148 20649 16 9
303228053 8817 16 9
302508288 8703 16 9
302522105 8737 16 9
5534547590 20179 17 9
1341753297 14156 17 9
3682705508 19207 17 9
4570925778 19780 17 9
243892448 5701 17 9
243892425 5698 17 9
7167040581 20930 17 9
5615813436 20214 18 9
166264337 2356 18 9
193725209 2914 18 9
2158660236 17221 18 9
174026541 2484 18 9
193720210 2907 18 9
193721387 2909 18 9
193717666 2905 18 9
2367253626 17815 18 9
5353539581 20135 18 9
193729561 2919 18 9
192754890 2860 18 9
108293493 1182 19 9
139277187 1841 19 9
112364594 1249 19 9
114277884 1280 19 9
366200755 10164 19 9
112381188 1252 19 9
974136738 13481 19 9
139315028 1866 19 9
366218555 10178 19 9
112420300 1274 19 9
108243092 1172 19 9
366197838 10158 19 9
2411239563 17909 19 9
243828952 5657 19 9
185722368 2812 19 9
244513631 5864 20 9
270659709 7753 20 9
118040170 1386 20 9
118074803 1406 20 9
244514317 5868 20 9
244515447 5894 20 9
119144384 1447 20 9
833523617 13014 20 9
243945882 5733 20 9
903975282 13264 20 9
100296873 1054 21 9
257802190 6989 21 9
310421990 9118 21 9
369746268 10254 21 9
369746265 10252 21 9
1835029408 16307 21 9
173873800 2481 21 9
1902618825 16898 21 9
313673317 9217 21 9
4450955088 19728 21 9
4134280119 19508 21 9
787316774 12845 21 9
310583216 9142 21 9
310584308 9145 21 9
310584286 9144 21 9
678568932 12504 22 9
678568943 12505 22 9
1644187001 15400 22 9
292466046 8353 22 9
371252230 10283 22 9
2847227876 18535 22 9
2164680601 17239 22 9
7557057269 21019 22 9
2484630421 18051 23 9
2499555348 18093 23 9
202549971 3442 23 9
314077085 9283 23 9
2339340862 17715 23 9
6462442469 20640 23 9
81079742 919 23 9
353192752 9961 23 9
5343200822 20125 23 9
129545569 1528 23 9
125626912 1479 23 9
105435643 1163 23 9
129545479 1527 23 9
129546093 1530 23 9
1440293327 14635 23 9
81079895 922 24 9
292401309 8346 24 9
81079847 920 24 9
199190160 3331 24 9
199127314 3312 24 9
81079908 924 24 9
1832557180 16084 24 9
4760604617 19829 24 9
243631822 5610 24 9
1833637810 16130 24 9
209099245 4361 24 9
206130442 3774 25 9
96512797 1016 25 9
204963478 3507 25 9
728623135 12739 25 9
96512108 1014 25 9
360605730 10031 25 9
11338254100 21999 25 9
672476452 12443 25 9
204963719 3514 25 9
204963624 3511 25 9
736742631 12746 25 9
281934642 7938 25 9
173864274 2477 25 9
1412602746 14534 25 9
736742952 12748 25 9
215108723 4467 25 9
736743153 12749 25 9
5747813121 20301 26 9
34957661 434 26 9
143868777 2035 26 9
141928368 1992 26 9
197352827 3042 26 9
310576715 9138 26 9
29585079 229 26 9
29585074 226 26 9
569934755 11784 27 9
2354018413 17761 27 9
3177455616 18753 27 9
301439053 8606 27 9
469386194 11215 27 9
303861588 8890 27 9
2099791817 17097 27 9
6582823437 20696 27 9
300961026 8601 27 9
297970524 8497 27 9
9876503064 21630 27 9
575774684 11867 27 9
290043798 8232 27 9
3110098856 18705 28 9
2478338914 18025 28 9
3675991698 19200 28 9
3675991695 19199 28 9
1889506754 16858 28 9
1867088053 16773 28 9
251683683 6589 28 9
1753757198 15735 28 9
1837882447 16494 28 9
3675991709 19202 28 9
873974826 13129 29 9
5406211144 20159 29 9
2514381920 18106 29 9
3454471670 18998 29 9
1375576920 14460 29 9
363899097 10088 29 9
298470020 8537 29 9
363817715 10076 29 9
362738323 10065 29 9
5665034824 20240 29 9
600289805 12007 29 9
10656478317 21820 29 9
10653293235 21814 29 9
445480807 10779 30 9
445480886 10785 30 9
288566675 8099 30 9
1939389657 16958 30 9
2240230253 17434 30 9
2240230242 17433 30 9
1509509195 14892 30 9
205494972 3627 30 9
445726260 10797 30 9
8419521874 21299 31 9
7080801742 20890 31 9
656324924 12302 31 9
5564959129 20195 31 9
243898141 5717 31 9
10025948202 21674 31 9
150744688 2147 31 9
1697016846 15605 32 9
1523166102 14950 32 9
1523166649 14956 32 9
5915582202 20370 32 9
4317590965 19621 32 9
3383522288 18921 32 9
1523164350 14936 32 9
9883550294 21634 32 9
51208129 753 32 9
267319450 7552 32 9
1523164528 14938 32 9
8038214339 21187 32 9
1523165706 14947 32 9
1523165557 14946 32 9
11135057646 21960 32 9
199462643 3349 32 9
58785662 802 32 9
1717982499 15646 32 9
692108578 12592 32 9
8513145638 21318 32 9
722663054 12707 33 9
2278118570 17487 33 9
1212681523 13918 33 9
417455183 10592 33 9
2800692112 18478 33 9
564930309 11729 33 9
1003086226 13532 34 9
139272632 1837 34 9
2705373145 18406 34 9
1403259603 14518 34 9
968149842 13464 34 9
436242436 10689 34 9
237362714 4943 34 9
874636483 13155 34 9
324558428 9589 34 9
229811044 4724 34 9
96488828 1005 34 9
229863124 4741 34 9
1944187999 16968 34 9
229813757 4726 34 9
213850873 4447 34 9
1416631518 14559 34 9
237707739 4991 34 9
4767042764 19832 35 9
156574585 2199 35 9
1072429163 13756 35 9
1072429183 13757 35 9
2458625299 17981 35 9
206334002 3994 35 9
206230538 3856 35 9
1725692992 15666 35 9
324779066 9593 35 9
321765829 9571 35 9
5713291439 20279 35 9
206332443 3987 35 9
752147866 12765 35 9
157371854 2236 35 9
8242952120 21244 35 9
4722939555 19819 35 9
4832146653 19848 35 9
24912995 76 36 9
6344942414 20550 36 9
2301839480 17612 36 9
24924007 108 36 9
9039914420 21413 36 9
158259680 2253 36 9
36475830 586 36 9
36472843 567 36 9
36472814 566 36 9
36479234 623 36 9
36475791 582 36 9
36476152 589 36 9
470125 22 36 9
1965461276 16987 36 9
36598423 662 36 9
24913134 93 36 9
63167002 888 36 9
36598217 660 36 9
158274893 2254 36 9
2628704017 18306 36 9
811024315 12948 37 9
11803432599 22171 37 9
1324206467 14092 37 9
703049007 12661 37 9
701611036 12654 37 9
667276636 12409 37 9
1445661966 14639 37 9
471158681 11271 37 9
471153252 11266 37 9
141942851 2012 37 9
471166521 11272 37 9
1752908934 15734 37 9
218202957 4599 37 9
257037441 6954 38 9
6308539588 20523 38 9
258524060 7072 38 9
659819192 12347 38 9
260964845 7394 38 9
1540978915 14984 38 9
1301815492 14036 38 9
257043167 6964 38 9
6378617191 20568 38 9
1862814034 16729 38 9
253357318 6733 39 9
251749884 6663 39 9
10985236986 21909 39 9
3191762910 18790 39 9
3393574798 18947 39 9
6030163625 20415 39 9
363585423 10074 40 9
25239055 121 40 9
268401270 7646 40 9
268401901 7689 40 9
308256526 9032 40 9
3790547476 19332 40 9
1037154606 13677 40 9
34909808 418 40 9
1376173594 14471 40 9
343706710 9796 40 9
25239223 122 40 9
6316123077 20532 40 9
968282889 13471 40 9
1037154598 13676 40 9
268401028 7631 40 9
2443190689 17954 40 9
6065182167 20430 40 9
257830034 7022 40 9
268401206 7642 40 9
268401826 7686 40 9
268401050 7632 40 9
458369943 11152 40 9
298182266 8512 40 9
529021131 11636 40 9
968282861 13467 40 9
277569004 7851 40 9
197393602 3078 41 9
196239499 3005 41 9
193726696 2916 41 9
193801035 2946 41 9
193937034 2960 41 9
193736891 2923 41 9
3668888348 19175 41 9
193737975 2924 41 9
201252162 3394 41 9
9280517412 21464 41 9
1685231792 15541 42 9
290038726 8147 42 9
1686344234 15544 42 9
343513406 9773 42 9
1679089627 15499 42 9
1680848111 15512 42 9
290039728 8174 42 9
1690348276 15560 42 9
3660240296 19159 42 9
1686344236 15545 42 9
1692322415 15572 42 9
290039359 8166 42 9
290039310 8164 42 9
173774193 2463 43 9
172981583 2431 43 9
173492268 2457 43 9
172981580 2430 43 9
8331646577 21277 43 9
5349892200 20132 43 9
165207995 2337 43 9
172980921 2428 43 9
172980926 2429 43 9
165208001 2338 43 9
2872865296 18563 43 9
165195232 2334 43 9
1343103187 14166 43 9
173290207 2432 43 9
173290211 2434 43 9
173336228 2455 43 9
116120001 1328 44 9
116137774 1348 44 9
5751911435 20305 44 9
125383643 1462 44 9
116121031 1331 44 9
1166563861 13851 44 9
353780153 9971 44 9
497148642 11476 44 9
497147637 11474 44 9
497143353 11472 44 9
162286787 2291 44 9
673770416 12450 44 9
180283729 2772 44 9
251614840 6551 45 9
2326238821 17686 45 9
252060221 6704 45 9
251614820 6548 45 9
29618838 236 45 9
241541249 5068 45 9
2315302743 17661 45 9
4578279220 19782 45 9
241862022 5174 45 9
298422617 8532 46 9
2870028405 18557 46 9
248769005 6263 46 9
250831335 6386 46 9
251003424 6416 46 9
3191534179 18785 46 9
251002787 6409 46 9
251745386 6651 46 9
251745400 6653 46 9
569989482 11827 46 9
2284499003 17545 47 9
1802174993 15829 47 9
1802174997 15831 47 9
2284498989 17543 47 9
246450624 6075 47 9
878878389 13172 47 9
564905033 11704 47 9
11291153161 21992 47 9
3750116283 19270 47 9
878893984 13180 47 9
2285890151 17563 47 9
564910995 11713 47 9
2836922404 18521 47 9
6415814070 20603 47 9
564910738 11711 47 9
564911343 11714 47 9
564905029 11702 47 9
876025610 13162 47 9
305822052 8995 47 9
874542520 13135 47 9
3243821124 18837 47 9
2284499010 17546 47 9
1377830950 14480 48 9
1751755362 15717 48 9
10780511650 21863 48 9
349035942 9911 48 9
694103906 12631 48 9
241497008 5066 48 9
241485414 5042 48 9
5372038410 20143 48 9
568580512 11778 48 9
586862522 11901 48 9
605009325 12071 48 9
605009324 12070 48 9
603657922 12058 48 9
310277680 9095 48 9
725336198 12719 48 9
2580565437 18223 48 9
310285379 9104 48 9
3787435565 19323 48 9
603301282 12048 48 9
297758735 8486 48 9
446936356 10904 48 9
446944848 10907 48 9
1509290577 14891 48 9
493303768 11366 48 9
139176840 1702 49 9
139190096 1754 49 9
139176843 1704 49 9
139190428 1755 49 9
10169979633 21738 49 9
139192458 1769 49 9
139173278 1690 49 9
492433661 11335 49 9
141441440 1909 49 9
139117520 1670 49 9
35111727 453 49 9
334668795 9705 49 9
334668770 9702 49 9
207524616 4176 51 9
60580065 869 51 9
1829747898 15970 51 9
241927109 5244 51 9
416419246 10573 51 9
207568195 4185 51 9
241927108 5243 51 9
207501573 4158 51 9
2807647906 18492 52 9
1832414587 16074 52 9
1348629942 14223 52 9
1348629650 14215 52 9
1336913507 14142 52 9
2754831737 18428 52 9
1368344413 14373 52 9
1834664740 16272 52 9
465628369 11180 52 9
465628378 11183 52 9
373146596 10325 53 9
1679090328 15500 53 9
246146739 6037 53 9
246153368 6046 53 9
205434202 3576 54 9
281974370 7941 54 9
130033276 1564 54 9
205331414 3560 54 9
130032798 1550 54 9
206389435 4065 54 9
205463715 3603 54 9
9147581190 21436 54 9
205470437 3610 54 9
206389436 4066 54 9
206388680 4043 54 9
206388683 4044 54 9
10271168306 21772 54 9
206386390 4018 54 9
206387093 4024 54 9
205325285 3547 54 9
206386544 4020 54 9
1682451669 15519 54 9
3200702992 18796 54 9
1349440456 14249 54 9
1349440481 14252 54 9
450284666 11048 54 9
477903283 11305 54 9
1349440478 14251 54 9
366105322 10137 55 9
30677758 277 55 9
3238732232 18832 55 9
30770158 374 55 9
243977195 5736 55 9
497137330 11470 55 9
231933278 4825 55 9
30677730 274 55 9
30769730 362 55 9
185719236 2805 55 9
76461964 916 55 9
6046298156 20423 55 9
30677604 268 55 9
301796435 8627 55 9
1382720888 14485 55 9
299525315 8599 56 9
1779302663 15775 56 9
288031056 8087 56 9
288031044 8086 56 9
302059513 8672 56 9
302059284 8668 56 9
412298403 10509 56 9
4071188704 19475 56 9
298251061 8521 56 9
1868428326 16815 56 9
291311899 8302 56 9
499151409 11484 56 9
297755664 8477 56 9
310268733 9084 56 9
291305852 8292 56 9
291305653 8287 56 9
499152453 11485 56 9
291306013 8296 56 9
297758762 8488 56 9
311097217 9187 56 9
11115368214 21952 56 9
2382711368 17829 56 9
1967074403 16990 56 9
1786329882 15783 56 9
833523718 13015 57 9
145910318 2054 57 9
149038765 2098 57 9
152529054 2168 57 9
1941490077 16959 57 9
243943721 5732 57 9
141944042 2021 57 9
119108703 1428 57 9
119108701 1427 57 9
2385833406 17844 58 9
1311896151 14054 58 9
242575216 5338 58 9
243216448 5518 58 9
1794442956 15793 58 9
1845970526 16609 58 9
265045777 7442 58 9
139458558 1875 58 9
311387789 9197 58 9
311387152 9196 58 9
206273323 3902 60 9
206322903 3975 60 9
895733880 13208 60 9
206322933 3984 60 9
206278352 3931 60 9
206278303 3920 60 9
206218963 3849 60 9
206278325 3924 60 9
3387801526 18937 60 9
208679725 4301 60 9
208532809 4277 60 9
208532948 4278 60 9
243680876 5619 60 9
208531292 4270 60 9
208531976 4274 60 9
208531352 4272 60 9
206391614 4089 60 9
1831131719 16026 60 9
1831131773 16033 60 9
180296150 2780 61 9
180286853 2776 61 9
880438434 13182 61 9
89163097 982 61 9
208906482 4336 61 9
134600676 1619 61 9
366096868 10131 61 9
279265154 7872 61 9
268398945 7577 61 9
139264033 1829 61 9
139266047 1834 61 9
791974550 12859 61 9
432972875 10679 61 9
139322672 1869 61 9
976978245 13512 61 9
112378641 1251 61 9
108300611 1188 61 9
139277568 1842 61 9
654033970 12291 62 9
450112309 11024 62 9
449219431 10995 62 9
449219419 10993 62 9
4642211139 19799 62 9
654033882 12285 62 9
315035860 9323 63 9
259247848 7231 63 9
470877620 11245 63 9
2200064509 17386 63 9
1140920423 13832 63 9
9196629617 21442 63 9
6221553760 20483 63 9
315033414 9303 63 9
3776094058 19312 63 9
6221553753 20482 63 9
2140174232 17176 63 9
469287883 11200 63 9
503423215 11553 63 9
788616707 12847 63 9
248906445 6288 63 9
5555046329 20188 63 9
463571743 11168 63 9
2059519142 17056 64 9
338999150 9748 64 9
205331350 3551 64 9
494627495 11416 65 9
494627484 11414 65 9
3863267444 19385 65 9
243204467 5467 65 9
247282584 6128 65 9
494714502 11420 65 9
4194266838 19541 65 9
2564095447 18199 65 9
503554107 11571 65 9
338814786 9727 65 9
494466061 11381 65 9
338814736 9726 65 9
494531038 11397 65 9
4933365273 19907 65 9
237619367 4967 66 9
237622979 4971 66 9
725564020 12721 66 9
196683918 3024 66 9
244189598 5803 66 9
2818754062 18499 66 9
198851579 3227 66 9
196616421 3020 66 9
231888915 4808 66 9
237594113 4954 66 9
343530687 9776 66 9
343530459 9774 66 9
231800072 4801 66 9
231810007 4803 66 9
5921123052 20376 66 9
1919782663 16946 66 9
526296951 11627 67 9
209198564 4403 67 9
1708795174 15628 67 9
1240997310 13958 67 9
411389604 10498 67 9
3588338532 19123 67 9
3338342617 18899 67 9
411389624 10502 67 9
1708795192 15631 67 9
253863119 6806 67 9
262818988 7413 67 9
262819004 7415 67 9
262818992 7414 67 9
7563626089 21020 68 9
5672553360 20245 68 9
137567661 1651 68 9
6030792600 20417 68 9
2635947403 18322 68 9
11741268481 22156 68 9
759755421 12774 68 9
1538459353 14978 68 9
894720285 13205 68 9
1569073752 15074 68 9
1569079037 15076 68 9
4349708499 19660 68 9
2635929878 18319 68 9
1836072965 16391 68 9
620920822 12116 68 9
180155788 2726 69 9
180244556 2758 69 9
35157905 470 69 9
59741026 827 69 9
1183495733 13865 69 9
199084260 3280 69 9
180248214 2765 69 9
182664426 2802 69 9
180245294 2761 69 9
3507337630 19047 69 9
471845493 11283 70 9
251152909 6472 70 9
1543460117 14995 70 9
1543460095 14994 70 9
470987146 11261 70 9
11779182518 22163 70 9
192491767 2847 70 9
253358785 6740 70 9
366072496 10122 71 9
190691025 2824 71 9
28868769 165 71 9
7934233116 21174 71 9
2559492490 18182 71 9
1298754740 14030 71 9
2308226922 17632 71 9
2852015865 18541 71 9
2308226926 17634 71 9
11362871958 22016 71 9
1057451426 13736 71 9
1694380202 15581 71 9
564926723 11725 71 9
207424241 4102 71 9
1584147740 15118 71 9
1052386070 13726 71 9
1584149868 15120 71 9
5610234630 20209 71 9
342964697 9767 72 9
307877812 9025 72 9
267199872 7496 72 9
267362064 7560 72 9
267362397 7561 72 9
267223933 7525 72 9
4909471641 19895 72 9
449756021 11013 72 9
449742225 11008 72 9
364950065 10112 72 9
247391235 6144 72 9
233251618 4877 72 9
2389699603 17847 72 9
267223232 7521 72 9
267222330 7516 72 9
241468872 5015 72 9
233251621 4879 72 9
233265491 4882 72 9
233273788 4887 72 9
252860643 6726 72 9
5210215731 20005 72 9
241468906 5019 72 9
291748219 8319 72 9
290430538 8254 72 9
11226275552 21976 72 9
233237534 4868 72 9
432027243 10675 73 9
1835505994 16334 73 9
1837882475 16502 73 9
2071048710 17076 73 9
2346367975 17733 73 9
502841964 11538 73 9
11362985743 22026 73 9
205501316 3674 73 9
1218923959 13930 73 9
1218923934 13927 73 9
251745570 6656 74 9
251802998 6673 74 9
255427620 6907 74 9
3483445341 19026 74 9
8337489171 21279 74 9
3483445338 19025 74 9
268401020 7629 75 9
268401385 7649 75 9
277762539 7859 75 9
276997277 7838 75 9
277762528 7855 75 9
268400417 7599 75 9
268400568 7604 75 9
268400498 7601 75 9
2547485481 18171 75 9
2547485477 18170 75 9
535868704 11673 75 9
2212054335 17408 75 9
268400256 7595 75 9
1144052552 13836 75 9
132766574 1601 76 9
176786328 2530 76 9
597677302 11969 76 9
673770429 12453 76 9
5751911426 20303 76 9
565492192 11743 76 9
2076233911 17081 76 9
1868380579 16788 77 9
443998742 10768 77 9
245481614 5940 77 9
11060223795 21933 77 9
3587525569 19121 77 9
2353387484 17749 77 9
1675498683 15469 78 9
1836073257 16419 78 9
446990148 10914 78 9
446990152 10917 78 9
1836073164 16406 78 9
1298861862 14034 78 9
260956134 7385 78 9
1662534839 15440 78 9
1477030335 14717 78 9
1477030282 14710 78 9
922796075 13346 78 9
2149724484 17195 78 9
1477030284 14711 78 9
280698688 7891 78 9
1029715585 13666 78 9
34909804 415 79 9
568456757 11775 79 9
24923831 96 79 9
5586364745 20201 79 9
249662126 6306 79 9
249905951 6316 79 9
166336183 2365 79 9
7741342571 21103 79 9
7741342577 21106 79 9
169279414 2393 79 9
345771437 9891 80 9
360154479 10014 80 9
587403942 11928 81 9
2392962440 17860 81 9
2400617695 17897 81 9
317133105 9475 81 9
798517566 12911 81 9
1731874307 15678 81 9
1815391800 15869 81 9
241490959 5054 81 9
173857702 2471 81 9
478155034 11306 81 9
241589140 5083 81 9
1731874352 15679 81 9
100303839 1112 81 9
11364424955 22064 81 9
1531554982 14960 81 9
317131473 9455 81 9
317132992 9474 81 9
317131475 9457 81 9
1072393109 13747 82 9
2416461892 17918 82 9
105356397 1128 82 9
156574655 2203 82 9
4489417294 19752 82 9
9961347570 21654 82 9
4832146678 19853 82 9
4428846091 19714 82 9
202505538 3439 82 9
201579324 3422 82 9
8281060791 21259 83 9
176866898 2593 83 9
622479704 12153 83 9
575742575 11860 83 9
176767789 2522 83 9
176763628 2517 83 9
132764930 1590 83 9
176784883 2525 83 9
656416446 12306 84 9
1690570925 15565 84 9
760588725 12777 84 9
2383143962 17832 84 9
760589335 12783 84 9
2383143964 17833 84 9
1690570921 15564 84 9
258115309 7035 84 9
466187930 11190 85 9
243455222 5574 85 9
1426186838 14598 85 9
96512802 1017 85 9
81080050 933 85 9
9833863129 21619 85 9
81080064 934 85 9
205331294 3548 85 9
199112585 3289 85 9
2277756350 17468 85 9
2277757868 17470 85 9
199113295 3290 85 9
96527663 1021 85 9
205498304 3650 85 9
242569985 5328 86 9
635142463 12222 86 9
1839185306 16520 86 9
242246845 5288 86 9
573453871 11850 86 9
1839185313 16521 86 9
243192278 5435 86 9
1364310531 14366 86 9
1845970637 16629 86 9
1841016128 16557 86 9
3510216763 19052 86 9
243524847 5597 86 9
243523215 5593 86 9
242563969 5314 86 9
1845970560 16612 86 9
5934011045 20384 86 9
11980772162 22232 87 9
4517820721 19754 87 9
6285121540 20514 87 9
9752110246 21595 87 9
9601763532 21541 87 9
6284631657 20512 87 9
6442091357 20622 87 9
9949281270 21652 87 9
9949281268 21650 87 9
2287348309 17564 87 9
218233629 4602 87 9
255319030 6863 88 9
255320211 6865 88 9
1805533478 15839 89 9
801179801 12934 89 9
1833620301 16128 89 9
374401680 10341 89 9
258986682 7192 89 9
3387801585 18939 89 9
1699555115 15607 90 9
10262736613 21766 90 9
2344728945 17729 90 9
1834805076 16289 90 9
8411392467 21293 90 9
2446186754 17966 90 9
268871108 7714 90 9
268871819 7720 90 9
664005388 12368 90 9
1834805068 16288 90 9
2133408884 17141 90 9
690899749 12582 90 9
158700127 2272 91 9
60579935 864 91 9
7192940178 20939 91 9
60579525 855 91 9
243347154 5552 91 9
664808731 12374 91 9
243347494 5559 91 9
243347487 5558 91 9
616203669 12103 92 9
2278313526 17498 92 9
247574811 6183 92 9
2278313540 17502 92 9
257043109 6957 92 9
259436185 7236 92 9
3523099654 19058 92 9
2672294796 18392 92 9
251749886 6664 92 9
7640505889 21056 92 9
251849704 6689 92 9
1836818017 16464 92 9
3671259413 19180 93 9
132779919 1616 93 9
132779918 1615 93 9
141600003 1940 93 9
34909791 413 93 9
267039680 7461 93 9
267039488 7459 93 9
265707978 7445 93 9
265708313 7450 93 9
267040233 7469 93 9
975538835 13501 93 9
975538996 13507 93 9
277762544 7861 93 9
82408956 937 93 9
64621851 897 93 9
88195901 966 93 9
125341029 1458 93 9
64624089 902 93 9
442194 16 93 9
141596145 1932 93 9
141607471 1980 93 9
141607400 1978 93 9
451752147 11087 93 9
125385545 1465 93 9
198790626 3186 94 9
4318175616 19634 94 9
198794850 3191 94 9
250791976 6371 94 9
310435692 9124 94 9
310438209 9127 94 9
150738338 2115 94 9
1192908653 13876 94 9
810353195 12941 95 9
534303269 11670 95 9
253849625 6783 95 9
810353341 12943 95 9
534303252 11669 95 9
253849619 6780 95 9
808929549 12938 95 9
4340028748 19655 95 9
4340028751 19656 95 9
4153135749 19520 95 9
218154529 4569 95 9
1482218097 14724 95 9
3744616687 19261 95 9
10310782630 21797 95 9
247374090 6137 95 9
1503146735 14810 95 9
1503293218 14820 95 9
1563349022 15058 95 9
582661170 11889 95 9
973809359 13477 95 9
241611499 5122 96 9
242781629 5370 96 9
241584612 5077 96 9
241595393 5095 96 9
241584610 5075 96 9
452401886 11098 97 9
439701724 10721 97 9
499159631 11490 97 9
1246212404 13964 97 9
569947295 11809 97 9
297755680 8482 97 9
290043381 8213 97 9
313678715 9246 97 9
1246212402 13963 97 9
1918625400 16940 97 9
3048689374 18684 97 9
1275941212 13987 97 9
3048689366 18680 97 9
296628437 8432 97 9
1387209488 14500 97 9
5339652208 20123 97 9
291546711 8308 97 9
586721761 11900 97 9
297970483 8491 97 9
2199915628 17351 97 9
1103017595 13795 99 9
257806695 7007 99 9
313677148 9239 99 9
313677560 9241 99 9
502837106 11529 99 9
313678719 9247 99 9
257806536 7005 99 9
1276048997 13995 99 9
257807297 7009 99 9
257815159 7020 99 9
257813433 7016 99 9
1276049072 13999 99 9
1276049011 13996 99 9
2177863612 17310 99 9
2491664496 18082 99 9
178699231 2635 99 9
178697861 2631 99 9
3102677982 18699 99 9
10732389459 21847 99 9
4317597619 19626 99 9
8046471123 21192 99 9
3126257793 18718 99 9
3450900811 18994 99 9
296628322 8428 99 9
277568996 7848 99 9
268401639 7667 99 9
268401640 7668 99 9
268401642 7669 99 9
622377744 12141 0 10
215377198 4470 0 10
269306713 7726 0 10
269306714 7727 0 10
2403668747 17904 0 10
1719103054 15653 0 10
301798990 8628 0 10
565445626 11736 0 10
220775027 4651 0 10
30684677 287 0 10
220684035 4650 0 10
622378015 12142 0 10
33622456 401 0 10
30684904 292 0 10
30677811 280 0 10
260284445 7342 0 10
353763959 9970 0 10
30769786 370 0 10
259705096 7281 1 10
259705203 7282 1 10
8251619406 21249 1 10
5236993870 20008 1 10
1370447292 14408 1 10
1370447443 14414 1 10
1370447439 14413 1 10
1368372739 14374 1 10
253753261 6768 1 10
10031833413 21678 1 10
6123551758 20441 1 10
368228745 10210 1 10
426630166 10621 1 10
2670512914 18367 1 10
247471561 6157 1 10
247471527 6154 1 10
35346738 493 2 10
319099552 9517 2 10
267319448 7551 2 10
503475614 11561 2 10
1563578716 15061 2 10
1863363557 16739 2 10
6853208843 20810 2 10
2175148175 17300 2 10
368371405 10232 3 10
1798138762 15809 3 10
207459390 4149 3 10
203981570 3500 3 10
203983226 3501 3 10
203928960 3488 3 10
294806090 8398 3 10
9294663676 21466 3 10
206278346 3928 3 10
257149234 6968 4 10
5700604924 20261 4 10
144501984 2040 4 10
116126870 1344 4 10
116141322 1357 4 10
139309882 1852 4 10
141596149 1933 4 10
88199104 970 4 10
116114649 1321 4 10
263332704 7436 4 10
116114647 1319 4 10
247852242 6219 5 10
247856003 6225 5 10
11426840565 22123 5 10
241595611 5100 5 10
29015674 215 5 10
27360665 128 6 10
319502107 9547 6 10
1611044440 15268 6 10
11522008274 22138 6 10
5963999801 20396 6 10
1200494391 13899 6 10
1425219285 14577 7 10
291292430 8279 7 10
3785137360 19319 7 10
445672869 10787 7 10
445672884 10790 7 10
291292481 8280 7 10
302059058 8663 7 10
5918549800 20374 7 10
303981569 8921 8 10
229189904 4689 8 10
2403668753 17905 8 10
587664590 11951 8 10
3954661298 19415 8 10
1868412055 16810 8 10
4316138050 19611 8 10
10724181614 21846 8 10
237072604 4906 8 10
231116503 4767 8 10
587660918 11939 8 10
237078747 4922 8 10
2245359451 17443 8 10
231115114 4763 8 10
237079626 4926 8 10
317361486 9489 8 10
317361491 9491 8 10
237071581 4898 8 10
587663312 11944 8 10
244602646 5905 8 10
1862678499 16721 8 10
499161745 11491 8 10
2354696423 17774 8 10
231115111 4760 8 10
2354686575 17768 8 10
150738708 2119 8 10
275561108 7795 8 10
1833253838 16118 9 10
8300813089 21265 9 10
599667623 11995 9 10
1020974729 13619 9 10
1020974882 13623 9 10
248519070 6252 9 10
663548272 12358 9 10
233122878 4864 9 10
5905668316 20367 9 10
1447417724 14646 9 10
857516793 13094 9 10
1808551552 15863 9 10
912112387 13316 9 10
1826706061 15902 9 10
208522452 4261 10 10
244490182 5840 10 10
4146241021 19513 10 10
60579481 849 10 10
360599775 10029 10 10
206135896 3779 10 10
256366642 6914 10 10
1183626975 13869 10 10
250348542 6338 10 10
355575175 9982 10 10
250348442 6337 10 10
206094134 3742 10 10
206093767 3738 10 10
49768736 735 10 10
256676048 6945 10 10
206093741 3736 10 10
206093747 3737 10 10
9054005502 21416 10 10
1344501711 14171 10 10
1429195748 14615 11 10
243191170 5430 11 10
1838154378 16513 11 10
242548272 5297 11 10
243189444 5422 11 10
1327262467 14108 11 10
1327261713 14102 11 10
1094138303 13778 11 10
1834395309 16197 11 10
5160507032 19969 11 10
5160507030 19968 11 10
1988135289 17009 11 10
1988135284 17008 11 10
625118535 12161 11 10
623050376 12157 11 10
257577705 6975 11 10
243891943 5662 11 10
245555942 5945 11 10
1835694301 16337 11 10
242555402 5308 11 10
2807186104 18491 12 10
10381645 35 12 10
2491664482 18078 12 10
2177863613 17311 12 10
305442345 8986 12 10
2633470451 18310 12 10
296936346 8444 12 10
409484248 10476 12 10
237082882 4937 12 10
6836651813 20802 12 10
237071583 4899 12 10
409152979 10466 12 10
2515215676 18123 12 10
178707749 2643 12 10
178715895 2645 12 10
975538808 13498 12 10
247159624 6100 12 10
975538827 13500 12 10
3314693015 18874 13 10
1361480705 14318 13 10
6432630354 20613 13 10
5337732105 20119 13 10
34959307 447 13 10
139167211 1683 13 10
1840306390 16539 13 10
205501384 3682 13 10
9017917217 21412 13 10
206389347 4057 13 10
2098828189 17093 13 10
2043686836 17046 14 10
2043686828 17045 14 10
150743300 2133 14 10
1278630883 14007 14 10
209187646 4385 14 10
1345571621 14190 14 10
209198567 4404 14 10
643643325 12247 14 10
262819106 7417 14 10
253863285 6809 14 10
253863115 6805 14 10
216354819 4515 15 10
96487246 1003 15 10
215891969 4491 15 10
213821157 4444 15 10
9335129178 21475 15 10
59622102 805 15 10
247606822 6197 15 10
96487231 999 15 10
7740598781 21100 15 10
3191786384 18793 15 10
303227260 8813 16 10
312052270 9204 16 10
2875711842 18566 16 10
2857467501 18546 16 10
2932289037 18628 16 10
2361439459 17800 16 10
290040454 8185 16 10
2905228415 18607 16 10
767042703 12800 16 10
2932289042 18629 16 10
767042759 12802 16 10
290040455 8186 16 10
2514425209 18115 16 10
298349197 8529 16 10
769175025 12813 16 10
308724875 9050 16 10
308724905 9052 16 10
308724907 9054 16 10
308724865 9045 16 10
308724945 9062 16 10
838719328 13035 16 10
569975236 11820 16 10
2304905634 17623 16 10
838696456 13029 16 10
3172872993 18746 16 10
303704666 8863 16 10
569974808 11818 16 10
4240005597 19571 16 10
838696390 13028 16 10
8017492510 21185 16 10
793039927 12872 16 10
769175039 12815 16 10
499983459 11514 16 10
302706365 8757 16 10
304200084 8948 16 10
769175033 12814 16 10
304019713 8927 16 10
929472342 13400 16 10
499983452 11510 16 10
302818437 8788 16 10
302818300 8784 16 10
302818351 8787 16 10
302523185 8750 16 10
302522726 8743 16 10
302522697 8739 16 10
303227557 8816 16 10
6475085152 20650 16 10
302498275 8698 16 10
302522988 8745 16 10
302508290 8704 16 10
302509229 8708 16 10
302552837 8753 16 10
302508293 8706 16 10
243892453 5703 17 10
2510416270 18099 17 10
243892059 5664 17 10
1341753450 14158 17 10
1591701763 15168 17 10
4570925779 19781 17 10
2510422521 18100 17 10
243892376 5695 17 10
197849942 3130 18 10
5615813435 20213 18 10
2158660276 17222 18 10
5331789828 20113 18 10
172972261 2424 18 10
172972260 2423 18 10
193722736 2911 18 10
667028118 12407 18 10
193720966 2908 18 10
193723872 2913 18 10
193717199 2904 18 10
193730640 2921 18 10
193729140 2918 18 10
197418444 3080 18 10
108294957 1184 19 10
139275588 1839 19 10
112381532 1253 19 10
366216735 10170 19 10
108384397 1197 19 10
366512731 10184 19 10
366218792 10179 19 10
268398944 7576 19 10
9370294631 21492 19 10
243828248 5650 19 10
185722367 2811 19 10
51244112 780 19 10
115647729 1299 20 10
244512889 5862 20 10
270659716 7754 20 10
118054546 1389 20 10
833524368 13017 20 10
244515278 5885 20 10
244514315 5867 20 10
244515397 5892 20 10
244515462 5895 20 10
833524092 13016 20 10
115647573 1294 20 10
271203597 7779 20 10
100296916 1057 21 10
310842017 9155 21 10
100296874 1055 21 10
369742978 10249 21 10
310421991 9119 21 10
470341761 11237 21 10
301589959 8623 21 10
307715275 9005 21 10
1835029409 16308 21 10
290043928 8237 21 10
249745093 6315 21 10
310985441 9168 21 10
4134280120 19509 21 10
792258142 12862 21 10
310583202 9140 21 10
100297919 1067 21 10
2836996665 18525 22 10
287001567 8049 22 10
292466044 8352 22 10
371252240 10284 22 10
678571926 12523 22 10
2164680596 17238 22 10
4841195163 19870 22 10
287019459 8062 22 10
7557057265 21018 22 10
314944119 9301 23 10
2484630417 18049 23 10
1346228079 14210 23 10
9741669350 21592 23 10
202549980 3443 23 10
3663154235 19162 23 10
193937679 2961 23 10
1473218393 14681 23 10
6703119600 20737 23 10
1183542302 13866 23 10
129894452 1531 23 10
81079903 923 24 10
1830878561 15984 24 10
292401310 8347 24 10
208679722 4298 24 10
199118291 3292 24 10
199189551 3328 24 10
205512866 3710 24 10
205512923 3718 24 10
5321694141 20098 24 10
3387716412 18933 24 10
2546042831 18167 24 10
1375245943 14421 24 10
317462797 9496 24 10
1801635097 15828 24 10
1832557257 16092 24 10
161395188 2289 25 10
1426119161 14588 25 10
6270444669 20503 25 10
244131754 5784 25 10
360605731 10032 25 10
206129736 3769 25 10
1045552321 13720 25 10
354997935 9980 25 10
8553599602 21325 25 10
204963812 3515 25 10
204963639 3512 25 10
1415100211 14544 25 10
192864976 2893 25 10
793649670 12881 25 10
173865597 2478 25 10
1412602747 14535 25 10
11339589447 22001 25 10
736742869 12747 25 10
884425887 13186 25 10
5327762743 20105 26 10
34957660 433 26 10
355646130 9999 26 10
197355470 3043 26 10
199244992 3346 26 10
197356557 3048 26 10
29585073 225 26 10
1085624575 13762 26 10
2382711355 17828 27 10
682311814 12551 27 10
1619475291 15321 27 10
6282744262 20510 27 10
469386162 11212 27 10
297970496 8493 27 10
303861551 8880 27 10
297970487 8492 27 10
502837257 11532 27 10
2199915466 17345 27 10
303861629 8899 27 10
4033926225 19450 27 10
4033926247 19451 27 10
9514257610 21522 27 10
255420356 6881 28 10
2478338922 18027 28 10
3675962219 19186 28 10
287019421 8054 28 10
250975230 6403 28 10
251675283 6587 28 10
1752495811 15728 28 10
1752495826 15732 28 10
1753757209 15736 28 10
1643096929 15387 28 10
298476343 8540 29 10
373098149 10310 29 10
1375576917 14459 29 10
2202276185 17402 29 10
363817680 10075 29 10
362738315 10064 29 10
5665034822 20238 29 10
2202276151 17401 29 10
10656478324 21823 29 10
2070364208 17072 30 10
445480810 10780 30 10
288566678 8100 30 10
291923444 8339 30 10
130033437 1568 30 10
2588360741 18238 30 10
292021491 8342 30 10
2240230235 17432 30 10
445077732 10774 30 10
205499013 3664 30 10
130032801 1552 30 10
4065515512 19466 31 10
8419521871 21298 31 10
7080787280 20889 31 10
8419521881 21300 31 10
667280324 12410 31 10
5564959126 20194 31 10
28389941 143 31 10
243898177 5721 31 10
150744667 2146 31 10
1697016843 15604 32 10
1523166109 14951 32 10
52627618 790 32 10
7644421858 21060 32 10
203251074 3462 32 10
204828796 3505 32 10
2356961739 17785 32 10
51210636 768 32 10
267319451 7553 32 10
1336089416 14130 32 10
1523164722 14939 32 10
1523164434 14937 32 10
1523165932 14949 32 10
1523165722 14948 32 10
199462748 3351 32 10
216354097 4514 32 10
687281117 12560 32 10
692108588 12594 32 10
415795527 10550 32 10
1487254547 14732 32 10
635530691 12238 33 10
722663087 12709 33 10
2278118604 17488 33 10
520671866 11616 33 10
2790375503 18472 33 10
2652876822 18343 33 10
2652876821 18342 33 10
2278118404 17475 33 10
237478174 4951 34 10
7737470682 21098 34 10
96491629 1008 34 10
139273032 1838 34 10
237431143 4949 34 10
213911357 4451 34 10
874637948 13156 34 10
4473016011 19738 34 10
351659697 9944 34 10
229816710 4731 34 10
229814170 4728 34 10
229862805 4740 34 10
1944187925 16964 34 10
1749452711 15704 34 10
237707727 4990 34 10
237640165 4980 34 10
156574590 2200 35 10
10269273896 21770 35 10
1072429362 13759 35 10
206334008 3995 35 10
206232481 3860 35 10
1399351970 14514 35 10
206230539 3857 35 10
2298873800 17608 35 10
752140666 12764 35 10
752140655 12762 35 10
2298683685 17596 35 10
3955414451 19418 35 10
5267967394 20028 35 10
157371877 2239 35 10
200785029 3370 35 10
4722939557 19821 35 10
9963392037 21657 35 10
24912996 77 36 10
6344942405 20548 36 10
6344942413 20549 36 10
24924003 104 36 10
24912997 78 36 10
248790771 6267 36 10
510573313 11584 36 10
36472569 564 36 10
36475793 584 36 10
36473316 573 36 10
425018100 10620 36 10
510569722 11582 36 10
36479233 622 36 10
36475792 583 36 10
36472070 557 36 10
158637165 2266 36 10
36472072 559 36 10
36476106 588 36 10
470124 21 36 10
729079688 12741 36 10
5875496023 20348 36 10
1732756156 15682 36 10
36598218 661 36 10
36481203 640 36 10
36481435 643 36 10
36480265 629 36 10
510602544 11588 37 10
5179952996 19979 37 10
703048978 12660 37 10
701611028 12653 37 10
701611037 12655 37 10
150744896 2152 37 10
1126351072 13826 37 10
28389915 142 37 10
1445701748 14641 37 10
471153267 11267 37 10
257807660 7010 37 10
141942686 2010 37 10
643996100 12258 37 10
643996081 12256 37 10
218202949 4598 37 10
2309853663 17644 38 10
251137303 6431 38 10
1848897393 16648 38 10
190973831 2836 38 10
1540978918 14986 38 10
2182333702 17321 38 10
251137380 6440 38 10
1544080677 15014 38 10
1607003958 15249 38 10
2166202422 17246 38 10
471845520 11286 39 10
251153884 6479 39 10
2326239156 17691 39 10
6366342622 20565 39 10
10300416689 21788 39 10
254311806 6853 39 10
268401906 7690 40 10
2462723483 17990 40 10
308256524 9031 40 10
34909807 417 40 10
249743810 6313 40 10
169291311 2402 40 10
448139642 10968 40 10
365554048 10116 40 10
141607529 1982 40 10
448157419 10969 40 10
268400958 7628 40 10
268401517 7657 40 10
1883112764 16851 40 10
1883115170 16853 40 10
39858296 685 40 10
36427726 543 40 10
419333722 10602 40 10
298182166 8507 40 10
529021133 11637 40 10
529021138 11638 40 10
418089584 10595 40 10
968282875 13468 40 10
260420151 7344 40 10
268401519 7659 40 10
196239528 3008 41 10
193731791 2922 41 10
193726695 2915 41 10
193801034 2945 41 10
453484391 11144 41 10
193742551 2929 41 10
667057043 12408 41 10
201258425 3395 41 10
201218235 3387 41 10
9280517409 21463 41 10
4060626565 19463 42 10
1686344219 15543 42 10
2491329681 18074 42 10
631974047 12179 42 10
1686344275 15548 42 10
290039630 8173 42 10
290039888 8176 42 10
3660240293 19158 42 10
631980051 12187 42 10
1686344267 15547 42 10
246116272 5989 42 10
3796956662 19337 42 10
173774191 2462 43 10
168212704 2374 43 10
201493882 3413 43 10
35313911 482 43 10
319102464 9518 43 10
165115873 2321 43 10
201489120 3407 43 10
1724295814 15664 43 10
4317231802 19617 43 10
1343103215 14168 43 10
8041979665 21190 43 10
168597114 2379 43 10
173290210 2433 43 10
173300684 2441 43 10
173336226 2454 43 10
168606605 2382 43 10
367332251 10191 44 10
116124379 1334 44 10
116118812 1325 44 10
5751911428 20304 44 10
125382546 1461 44 10
125383645 1463 44 10
1777319636 15771 44 10
318303215 9514 44 10
180286843 2775 44 10
497148640 11475 44 10
7187431012 20936 44 10
8084552398 21199 44 10
7814598609 21132 44 10
673770421 12451 44 10
180283630 2771 44 10
180283627 2770 44 10
251614839 6550 45 10
2326238830 17688 45 10
453247161 11140 45 10
252060225 6705 45 10
10044317769 21679 45 10
241863888 5188 45 10
29618840 238 45 10
907291363 13306 45 10
1354845501 14289 45 10
8272026260 21255 45 10
290042062 8207 46 10
5633153935 20222 46 10
248769044 6264 46 10
250831337 6387 46 10
251692054 6640 46 10
3191534176 18784 46 10
6236118460 20491 46 10
6708169689 20740 46 10
2482985274 18039 46 10
2832811808 18512 46 10
251745589 6659 46 10
569989550 11828 46 10
10703087854 21842 46 10
2284499045 17551 47 10
1802174994 15830 47 10
1806604050 15848 47 10
876162921 13163 47 10
1806604051 15849 47 10
564911603 11723 47 10
3750116289 19271 47 10
7671278556 21077 47 10
6449432510 20631 47 10
878848392 13171 47 10
3809306361 19356 47 10
564911496 11720 47 10
2836921592 18520 47 10
564911446 11718 47 10
878912412 13181 47 10
564908960 11707 47 10
564904312 11701 47 10
4281208560 19589 47 10
654015151 12274 47 10
564905031 11703 47 10
11364122461 22038 47 10
5662654232 20230 48 10
420441616 10609 48 10
11388379633 22097 48 10
349035959 9912 48 10
349035977 9915 48 10
4818744119 19844 48 10
5372038412 20144 48 10
241485411 5041 48 10
267222911 7518 48 10
267234093 7537 48 10
241485418 5043 48 10
241496993 5063 48 10
1613561387 15274 48 10
310276137 9085 48 10
206238627 3871 48 10
568580531 11779 48 10
586863107 11903 48 10
605009305 12069 48 10
310277684 9096 48 10
725336271 12720 48 10
725336112 12716 48 10
605013068 12072 48 10
310287010 9110 48 10
603487834 12050 48 10
603487833 12049 48 10
302058881 8657 48 10
139176841 1703 49 10
139190430 1757 49 10
139176845 1705 49 10
139176089 1701 49 10
139191550 1761 49 10
141441821 1910 49 10
141441155 1908 49 10
1290054491 14010 49 10
139121546 1682 49 10
10894335739 21885 49 10
1123351511 13814 49 10
7703312545 21086 49 10
244003706 5770 49 10
334668790 9704 49 10
60580073 876 51 10
207524607 4175 51 10
60580071 875 51 10
1829747863 15969 51 10
11116545925 21957 51 10
1025295621 13637 51 10
241925186 5235 51 10
207501580 4159 51 10
207502110 4164 51 10
465628386 11184 52 10
258972025 7187 52 10
1336913497 14141 52 10
925953078 13368 52 10
2754831966 18436 52 10
246137204 5993 53 10
373146604 10326 53 10
246146740 6038 53 10
246152714 6045 53 10
206385223 4007 54 10
205454353 3592 54 10
281974325 7940 54 10
130033433 1567 54 10
130032686 1548 54 10
205331413 3559 54 10
205496866 3641 54 10
130032800 1551 54 10
206389433 4064 54 10
206389485 4070 54 10
206389407 4063 54 10
205470438 3611 54 10
206388662 4042 54 10
10271168307 21773 54 10
206387150 4025 54 10
205436215 3579 54 10
1715208739 15639 54 10
2227742596 17423 54 10
345815272 9894 54 10
2328408437 17700 54 10
1715297147 15641 54 10
280725049 7900 55 10
366106063 10139 55 10
497131062 11468 55 10
5346952854 20127 55 10
231934435 4827 55 10
30770159 375 55 10
497135796 11469 55 10
8084552396 21198 55 10
3685653381 19218 55 10
185719237 2806 55 10
30677667 271 55 10
76461981 917 55 10
30677666 270 55 10
301756314 8625 55 10
5261598593 20023 56 10
360826013 10060 56 10
3884878999 19397 56 10
303851520 8874 56 10
288031036 8085 56 10
838958866 13041 56 10
302059583 8673 56 10
302059339 8669 56 10
360757697 10040 56 10
301852356 8634 56 10
297755668 8479 56 10
1868428324 16814 56 10
288031060 8088 56 10
291305731 8290 56 10
291311836 8301 56 10
344638199 9801 56 10
297755665 8478 56 10
291305733 8291 56 10
349019676 9910 56 10
291305955 8294 56 10
291306055 8297 56 10
2385606064 17841 56 10
1539626604 14980 56 10
11115368216 21954 56 10
1605129892 15231 56 10
833524587 13019 57 10
1428482032 14608 57 10
149038755 2096 57 10
513670700 11607 57 10
149038817 2099 57 10
1751854812 15721 57 10
1751854805 15719 57 10
119108705 1429 57 10
119110881 1435 57 10
4985158906 19932 58 10
2385833402 17843 58 10
9577680359 21529 58 10
242575229 5341 58 10
617097464 12111 58 10
1794442959 15795 58 10
1845970599 16621 58 10
1845970575 16614 58 10
265045784 7443 58 10
12063565400 22243 58 10
1039813245 13695 58 10
125613961 1476 58 10
242698574 5363 58 10
242698294 5360 58 10
206160255 3797 60 10
206273327 3903 60 10
895733871 13207 60 10
895728859 13206 60 10
206278353 3932 60 10
206278285 3916 60 10
206278308 3921 60 10
206219227 3852 60 10
206278316 3922 60 10
208533114 4282 60 10
208532758 4276 60 10
206389761 4077 60 10
206217310 3840 60 10
1830878614 15993 60 10
208531658 4273 60 10
1838490864 16518 60 10
206391616 4090 60 10
1831131777 16036 60 10
211204609 4410 60 10
268399405 7585 61 10
366094508 10124 61 10
260618120 7352 61 10
134601073 1621 61 10
268398941 7575 61 10
7011053526 20865 61 10
366106551 10140 61 10
108270264 1176 61 10
139262743 1828 61 10
139258900 1825 61 10
108270259 1175 61 10
432972970 10680 61 10
790434710 12855 61 10
108300613 1189 61 10
108300610 1187 61 10
654033972 12292 62 10
371305285 10285 62 10
450112305 11023 62 10
1583629995 15110 62 10
9086784159 21422 62 10
304562128 8978 62 10
448642546 10973 62 10
654033883 12286 62 10
654033885 12287 62 10
315035803 9322 63 10
470339147 11224 63 10
259247851 7232 63 10
470877630 11248 63 10
100295265 1045 63 10
8117109059 21206 63 10
6870795590 20825 63 10
100297374 1066 63 10
6221553761 20484 63 10
315034210 9304 63 10
315034251 9306 63 10
3776094059 19313 63 10
8515370093 21320 63 10
310990295 9182 63 10
7110246761 20897 63 10
469287893 11201 63 10
3775488350 19311 63 10
469287905 11202 63 10
248876870 6270 63 10
248906443 6287 63 10
10925085144 21901 63 10
5555046335 20189 63 10
1856185172 16688 63 10
315035091 9313 63 10
11223226722 21974 64 10
338999115 9742 64 10
205338525 3563 64 10
339001018 9751 64 10
494531260 11406 65 10
494714598 11448 65 10
243204465 5466 65 10
246187335 6066 65 10
1912985857 16918 65 10
1912985850 16913 65 10
494714517 11426 65 10
10139551505 21720 65 10
494714501 11419 65 10
245573247 5956 65 10
503554064 11570 65 10
4450652679 19725 65 10
494530927 11392 65 10
494466059 11380 65 10
494530902 11390 65 10
494530976 11395 65 10
237620140 4968 66 10
231889861 4822 66 10
196683919 3025 66 10
196616076 3015 66 10
2818754058 18498 66 10
196616428 3021 66 10
231888903 4807 66 10
415803970 10552 66 10
231889472 4816 66 10
231889284 4813 66 10
343530546 9775 66 10
231799930 4798 66 10
231810028 4804 66 10
231800030 4800 66 10
5921123049 20375 66 10
231783229 4789 66 10
526296933 11626 67 10
411389577 10495 67 10
411389579 10496 67 10
2279526993 17522 67 10
259702214 7266 67 10
253864914 6816 67 10
2279527040 17523 67 10
496108528 11456 68 10
901364192 13230 68 10
4614984975 19795 68 10
2298766660 17607 68 10
1569056860 15071 68 10
1569073751 15073 68 10
251499941 6522 68 10
247576277 6187 68 10
4349708510 19662 68 10
10138692074 21713 68 10
257037414 6951 68 10
180157862 2728 69 10
2730989729 18421 69 10
409474311 10472 69 10
251152513 6468 70 10
1256671902 13965 70 10
251152906 6471 70 10
1543460129 14996 70 10
1543460083 14991 70 10
11779182514 22162 70 10
192491770 2848 70 10
253739116 6761 70 10
6477038816 20661 70 10
312976002 9209 71 10
28868881 180 71 10
654015513 12275 71 10
7934233106 21173 71 10
7520654946 21009 71 10
168745845 2387 71 10
2720611304 18415 71 10
1298754730 14029 71 10
2308226945 17635 71 10
2308226924 17633 71 10
2288933387 17577 71 10
1057451433 13737 71 10
1694380191 15580 71 10
259077903 7203 71 10
1608415942 15256 71 10
192492017 2850 71 10
1961543397 16985 71 10
1052308571 13724 71 10
1057433012 13734 71 10
1052308557 13723 71 10
1584149869 15121 71 10
1052308572 13725 71 10
1377830936 14478 72 10
2389846035 17850 72 10
267133926 7476 72 10
307877801 9024 72 10
250551580 6346 72 10
3190031028 18774 72 10
267225726 7528 72 10
267225470 7527 72 10
267362399 7562 72 10
267226361 7532 72 10
267223416 7523 72 10
449742185 11007 72 10
449756025 11014 72 10
364950071 10113 72 10
446012531 10803 72 10
247391325 6145 72 10
250553316 6349 72 10
250553327 6353 72 10
2389866533 17854 72 10
499144635 11478 72 10
267222331 7517 72 10
2389879063 17855 72 10
241485404 5039 72 10
233248432 4873 72 10
233251620 4878 72 10
1782631017 15776 72 10
241468913 5020 72 10
1893963601 16883 72 10
1893963613 16884 72 10
233237535 4869 72 10
241468888 5016 72 10
291747395 8316 72 10
3190051697 18777 72 10
290431382 8255 72 10
233240305 4870 72 10
251137313 6432 73 10
432027238 10672 73 10
1835505984 16333 73 10
190973746 2831 73 10
190973752 2832 73 10
11362985747 22028 73 10
11362985721 22024 73 10
1617717731 15305 73 10
205501317 3675 73 10
251745514 6654 74 10
241894255 5218 74 10
5559901623 20191 74 10
3667429555 19169 74 10
2066694566 17069 75 10
162613336 2302 75 10
277762543 7860 75 10
267039539 7460 75 10
268400414 7596 75 10
975538782 13494 75 10
178726003 2662 75 10
268400515 7602 75 10
268400416 7598 75 10
280947570 7911 75 10
3759667657 19296 75 10
132766569 1600 76 10
132763862 1587 76 10
3212283409 18801 76 10
2303848345 17619 76 10
353763952 9968 76 10
141591343 1928 76 10
30889966 400 76 10
203341561 3478 77 10
493976858 11375 77 10
1699417533 15606 77 10
245481439 5938 77 10
1862678413 16715 77 10
2434559793 17943 77 10
1701664433 15613 78 10
2149771389 17200 78 10
1544080712 15024 78 10
250553447 6355 78 10
447033492 10921 78 10
1662534847 15441 78 10
2149724503 17198 78 10
1477030360 14722 78 10
1477030156 14702 78 10
1477030299 14712 78 10
922795729 13344 78 10
350561162 9941 78 10
1477030338 14718 78 10
280698687 7890 78 10
350560202 9940 78 10
30560446 249 79 10
24923830 95 79 10
2702920384 18404 79 10
166335615 2364 79 10
277562319 7846 79 10
277562322 7847 79 10
7741342575 21105 79 10
353022445 9954 80 10
353095988 9957 80 10
587403930 11927 81 10
587397650 11924 81 10
1684698641 15537 81 10
317133106 9476 81 10
5758559287 20309 81 10
243994711 5756 81 10
1731874090 15671 81 10
1495354245 14799 81 10
28868719 158 81 10
761129986 12786 81 10
267242401 7540 81 10
311373994 9193 81 10
243991926 5745 81 10
243993810 5753 81 10
1031950524 13667 81 10
6793054753 20787 81 10
243994433 5755 81 10
9752144937 21596 81 10
317131562 9458 81 10
798517258 12904 81 10
798517530 12910 81 10
156574666 2205 82 10
156574763 2218 82 10
4832146673 19851 82 10
4832146680 19855 82 10
202480209 3435 82 10
176866901 2594 83 10
176867939 2595 83 10
8119119502 21208 83 10
3523110359 19059 83 10
178740655 2680 83 10
178738995 2679 83 10
575742807 11861 83 10
132764932 1591 83 10
656416441 12305 84 10
241905332 5231 84 10
1690570912 15563 84 10
760588729 12778 84 10
760588754 12779 84 10
2383143968 17834 84 10
241905450 5232 84 10
1690598464 15570 84 10
2560494549 18191 85 10
1317075010 14086 85 10
1426186858 14599 85 10
96512097 1011 85 10
5320835994 20096 85 10
105435646 1165 85 10
9691746386 21569 85 10
1425506365 14582 85 10
9691746410 21581 85 10
206143678 3783 85 10
105436276 1166 85 10
2277756356 17469 85 10
199192996 3339 85 10
5077711487 19942 85 10
10994199534 21911 85 10
5077583590 19941 85 10
5077711488 19943 85 10
242565779 5320 86 10
635142464 12223 86 10
635337702 12235 86 10
573423563 11845 86 10
573423528 11843 86 10
241929161 5251 86 10
242246310 5286 86 10
573453872 11851 86 10
1839185355 16525 86 10
1364310494 14364 86 10
1238505928 13949 86 10
1839185321 16522 86 10
1591342577 15162 86 10
1845970661 16632 86 10
1845970653 16630 86 10
1841010593 16549 86 10
1841010597 16552 86 10
1841010599 16553 86 10
6032231848 20419 86 10
8152212629 21214 86 10
243524851 5598 86 10
243485289 5590 86 10
1843322161 16564 86 10
628102298 12172 86 10
1845970590 16620 86 10
243570722 5609 86 10
9899821946 21636 87 10
6442091373 20626 87 10
6442091358 20623 87 10
9949097799 21643 87 10
9949281266 21648 87 10
12006059538 22236 87 10
250836848 6388 88 10
4382906614 19701 88 10
255317562 6859 88 10
209125833 4364 89 10
801179479 12927 89 10
374401876 10343 89 10
666381815 12398 89 10
374401872 10342 89 10
1828719810 15930 89 10
258986677 7191 89 10
3387801586 18940 89 10
569961900 11814 90 10
349180364 9927 90 10
569961893 11813 90 10
59721805 814 90 10
316826322 9452 90 10
4072678187 19487 90 10
8735568109 21372 90 10
1834805084 16290 90 10
2446186751 17965 90 10
268871154 7718 90 10
302062549 8687 90 10
2133408931 17161 90 10
2133408886 17142 90 10
2133408889 17143 90 10
2328793947 17702 90 10
158700131 2273 91 10
60579933 863 91 10
573423557 11844 91 10
664808774 12375 91 10
573453901 11855 91 10
573453899 11854 91 10
243347485 5557 91 10
573423612 11846 91 10
2278313531 17499 92 10
247645567 6210 92 10
2672294793 18391 92 10
6030163607 20411 92 10
251749888 6665 92 10
7640505888 21055 92 10
162318175 2297 93 10
353705102 9967 93 10
605553958 12080 93 10
141600004 1941 93 10
931915045 13410 93 10
132773117 1609 93 10
265707992 7446 93 10
277762532 7857 93 10
267040294 7470 93 10
265708314 7451 93 10
276731206 7830 93 10
265708011 7447 93 10
2430045143 17936 93 10
975538780 13493 93 10
2996099315 18652 93 10
64621469 893 93 10
88196523 967 93 10
8579744904 21332 93 10
597723324 11976 93 10
141596692 1936 93 10
141607528 1981 93 10
141607715 1983 93 10
141607250 1977 93 10
419331245 10601 93 10
451752149 11088 93 10
125385335 1464 93 10
125385546 1466 93 10
198789110 3184 94 10
198790616 3185 94 10
4318060009 19632 94 10
1106426687 13796 94 10
310439676 9135 94 10
310438230 9131 94 10
199048414 3269 94 10
4707207519 19813 94 10
679224444 12535 94 10
534303349 11671 95 10
534303388 11672 95 10
253849620 6781 95 10
530685255 11647 95 10
530685600 11648 95 10
218154646 4571 95 10
808862001 12936 95 10
1546328659 15032 95 10
1503147795 14819 95 10
470361686 11239 95 10
340028059 9759 95 10
247471551 6156 95 10
1503293225 14821 95 10
6427826705 20611 95 10
1563349027 15059 95 10
258584721 7137 95 10
601406988 12016 95 10
1829981650 15972 95 10
251690628 6623 96 10
251690609 6622 96 10
1229178053 13935 96 10
29015690 216 96 10
29015697 219 96 10
241595607 5099 96 10
241609075 5120 96 10
452401897 11099 97 10
298251110 8524 97 10
296235142 8409 97 10
452406345 11101 97 10
303851541 8875 97 10
384897138 10352 97 10
569947274 11808 97 10
2606104982 18269 97 10
1868644431 16822 97 10
386581826 10376 97 10
290043339 8211 97 10
4858149673 19881 97 10
760252650 12775 97 10
2072398615 17080 97 10
1275941199 13984 97 10
1246212338 13961 97 10
1918625392 16938 97 10
3048689360 18678 97 10
5339646536 20121 97 10
2199915650 17353 97 10
298740661 8563 97 10
257806853 7008 99 10
257806343 7000 99 10
313678335 9244 99 10
586713879 11899 99 10
2200060487 17372 99 10
257806535 7004 99 10
1276049086 14000 99 10
1276049050 13998 99 10
257806537 7006 99 10
257806462 7001 99 10
370793561 10276 99 10
2064677346 17061 99 10
409776495 10484 99 10
2491664499 18083 99 10
178704258 2637 99 10
410448507 10485 99 10
244139616 5795 99 10
392623667 10437 99 10
297750674 8469 99 10
277569005 7852 99 10
2384568131 17840 99 10
450803639 11051 99 10
257830421 7023 99 10
268401772 7682 99 10
268401755 7678 99 10
268401741 7675 99 10
215378397 4471 0 11
150738829 2121 0 11
269306712 7725 0 11
269306722 7728 0 11
2403668761 17906 0 11
244602376 5904 0 11
30621352 250 0 11
30730467 313 0 11
622376971 12140 0 11
30730481 316 0 11
215382203 4474 0 11
242542750 5290 0 11
565492110 11738 0 11
30769864 371 0 11
565492111 11739 0 11
259705204 7283 1 11
259705223 7284 1 11
8251619398 21248 1 11
7315162433 20967 1 11
3744616637 19257 1 11
1110303561 13809 1 11
218202877 4595 1 11
253755015 6770 1 11
1368372754 14376 1 11
7049540746 20879 1 11
10031833410 21676 1 11
600054315 11998 1 11
368193549 10204 1 11
247471526 6153 1 11
368223117 10205 1 11
1593474439 15172 2 11
229203920 4714 2 11
35876782 527 2 11
492901667 11353 2 11
203621482 3481 2 11
51209070 763 2 11
2494597096 18086 2 11
1863194045 16732 2 11
1563578714 15060 2 11
1863363550 16738 2 11
385881895 10374 2 11
9386023629 21497 2 11
2175148177 17301 2 11
9388920414 21505 2 11
1863194040 16731 2 11
207462293 4150 3 11
318178547 9513 3 11
203980104 3499 3 11
203964140 3494 3 11
4319306981 19642 3 11
703501253 12683 3 11
206278348 3929 3 11
206301469 3959 3 11
257149228 6965 4 11
935170373 13411 4 11
116141941 1361 4 11
116140169 1354 4 11
116141321 1356 4 11
116114648 1320 4 11
116109846 1313 4 11
247852243 6220 5 11
247855756 6224 5 11
29015666 214 5 11
241595603 5097 5 11
29015696 218 5 11
241856549 5155 5 11
27390484 132 6 11
27360666 129 6 11
447822588 10937 6 11
7661350745 21073 6 11
3837633400 19372 6 11
241468903 5018 7 11
5473644313 20171 7 11
291294067 8281 7 11
291296670 8285 7 11
437375493 10699 7 11
241471346 5030 7 11
445672859 10786 7 11
445672883 10789 7 11
3021231563 18657 7 11
302059021 8661 7 11
394837370 10445 7 11
302058832 8652 7 11
394837366 10443 7 11
303980380 8916 8 11
499183275 11505 8 11
499183277 11506 8 11
237076633 4915 8 11
4316138060 19613 8 11
4316138042 19610 8 11
4316138054 19612 8 11
1868411968 16797 8 11
1828816023 15936 8 11
237072602 4905 8 11
317361481 9486 8 11
231115113 4762 8 11
10381657 39 8 11
237078828 4923 8 11
237076029 4912 8 11
317361489 9490 8 11
247220270 6122 8 11
1043016914 13698 8 11
244603753 5909 8 11
587663311 11943 8 11
3900157342 19404 8 11
1862678496 16720 8 11
231115112 4761 8 11
587660808 11937 8 11
385763250 10364 8 11
2110754554 17106 8 11
2555467921 18179 8 11
1833253843 16119 9 11
1833249529 16117 9 11
1434490475 14628 9 11
982620255 13522 9 11
1020974332 13616 9 11
309464445 9081 9 11
893524910 13201 9 11
982620204 13521 9 11
1200494930 13903 9 11
857516937 13095 9 11
1022142444 13626 9 11
1826700498 15899 9 11
1022475056 13627 9 11
1022475378 13631 9 11
154502251 2185 10 11
244490380 5841 10 11
125659329 1506 10 11
35157845 467 10 11
360599779 10030 10 11
242698307 5362 10 11
35157914 471 10 11
35157962 474 10 11
1256730693 13967 10 11
250347916 6330 10 11
355575178 9983 10 11
206093770 3739 10 11
49770327 736 10 11
200851536 3378 10 11
256676047 6944 10 11
292286063 8344 10 11
206093739 3735 10 11
9055690346 21417 10 11
49765746 730 10 11
134765429 1622 10 11
1429195679 14611 11 11
1835694345 16343 11 11
243191169 5429 11 11
1835694346 16344 11 11
1838154401 16514 11 11
260428084 7346 11 11
242548321 5300 11 11
243189437 5421 11 11
149352160 2109 11 11
1327261607 14101 11 11
3227025988 18807 11 11
1834395345 16202 11 11
1094138447 13779 11 11
1834395304 16196 11 11
2163989944 17233 11 11
583522149 11891 11 11
242581512 5355 11 11
11402959321 22105 11 11
1835927605 16363 11 11
417213996 10590 11 11
1835927570 16352 11 11
1327262250 14105 11 11
1327262519 14110 11 11
1834708070 16286 11 11
2663945386 18362 11 11
245555937 5942 11 11
1831133693 16045 11 11
242554898 5305 11 11
296628504 8434 12 11
409766635 10481 12 11
409152992 10469 12 11
321351458 9556 12 11
10240311990 21763 12 11
409484249 10477 12 11
3219516880 18804 12 11
10381649 37 12 11
3219516879 18803 12 11
409152978 10465 12 11
2515215677 18124 12 11
3126257808 18720 12 11
178709072 2644 12 11
178716042 2646 12 11
2696719360 18402 12 11
244603486 5907 12 11
975538978 13506 12 11
975538918 13502 12 11
1361480679 14317 13 11
243988949 5740 13 11
5337732106 20120 13 11
132362655 1582 13 11
34959328 448 13 11
1297517252 14023 13 11
34959136 443 13 11
243995820 5757 13 11
1840306383 16538 13 11
206389294 4051 13 11
2585787035 18236 13 11
206389297 4052 13 11
5861938097 20341 14 11
2043686838 17047 14 11
3437437991 18988 14 11
150742574 2124 14 11
3635885130 19148 14 11
276719331 7829 14 11
209198586 4405 14 11
643643332 12248 14 11
298619499 8542 14 11
426874971 10625 14 11
2892384523 18595 14 11
2137533059 17168 15 11
216341374 4508 15 11
4983738576 19929 15 11
96487238 1000 15 11
215899765 4492 15 11
1795363201 15797 15 11
196188741 2996 15 11
844093524 13056 15 11
1897848141 16885 15 11
9342663726 21483 15 11
1745861078 15692 15 11
1745861066 15691 15 11
229822360 4732 15 11
3750866091 19281 16 11
303227234 8812 16 11
303227023 8809 16 11
2857467486 18544 16 11
2857467513 18547 16 11
2514425199 18113 16 11
496968315 11467 16 11
308724779 9041 16 11
308724908 9055 16 11
308724868 9048 16 11
308724870 9049 16 11
308724866 9046 16 11
846028963 13075 16 11
838719329 13036 16 11
2980137385 18647 16 11
2272608799 17456 16 11
2272608794 17455 16 11
2306704279 17630 16 11
569974548 11816 16 11
2304905885 17627 16 11
4240005604 19572 16 11
838715307 13034 16 11
8017492511 21186 16 11
2770985292 18452 16 11
2446471292 17968 16 11
496968304 11465 16 11
308724773 9040 16 11
1489116237 14760 16 11
308724782 9042 16 11
496968309 11466 16 11
304019606 8925 16 11
304019764 8928 16 11
302796587 8774 16 11
302818308 8785 16 11
302818753 8790 16 11
302818249 8782 16 11
302818332 8786 16 11
303023085 8796 16 11
302523184 8749 16 11
302523186 8751 16 11
302522727 8744 16 11
2871801280 18561 16 11
303299227 8846 16 11
303227556 8815 16 11
3482228355 19012 16 11
303283320 8843 16 11
6475085164 20653 16 11
302507676 8700 16 11
302522989 8746 16 11
302507680 8701 16 11
302508291 8705 16 11
302507681 8702 16 11
302507674 8699 16 11
302553452 8754 16 11
243892449 5702 17 11
244348837 5808 17 11
6432874790 20614 17 11
5849774664 20337 17 11
582469615 11886 17 11
243892437 5699 17 11
7164331350 20926 17 11
243892337 5693 17 11
243892385 5696 17 11
5615813431 20211 18 11
2037248523 17043 18 11
201411313 3399 18 11
172958521 2419 18 11
193715017 2902 18 11
667028107 12405 18 11
244189603 5805 18 11
667028104 12404 18 11
193730462 2920 18 11
193722733 2910 18 11
346375311 9903 18 11
366155051 10151 19 11
139315445 1867 19 11
366216809 10171 19 11
870153078 13115 19 11
111679121 1225 19 11
139314156 1865 19 11
366219096 10180 19 11
330255588 9635 19 11
330252122 9633 19 11
185722366 2810 19 11
185723183 2813 19 11
244514203 5865 20 11
28381427 140 20 11
253856479 6790 20 11
253856523 6791 20 11
244515341 5886 20 11
244515398 5893 20 11
244514671 5874 20 11
115647564 1293 20 11
903976026 13265 20 11
271203410 7777 20 11
301589971 8624 21 11
301588292 8618 21 11
369745077 10250 21 11
257803103 6992 21 11
310421923 9117 21 11
225997619 4668 21 11
11810427563 22177 21 11
470341762 11238 21 11
369746276 10255 21 11
763211938 12788 21 11
290043651 8229 21 11
1835029394 16304 21 11
290043927 8236 21 11
317771377 9500 21 11
290043929 8238 21 11
1835033300 16309 21 11
309175769 9078 21 11
173873781 2480 21 11
2295225431 17582 21 11
4196339413 19545 21 11
470952746 11254 21 11
787316776 12846 21 11
310582576 9139 21 11
100296877 1056 21 11
310583207 9141 21 11
292466065 8358 22 11
5728779211 20286 22 11
373095664 10301 22 11
751169572 12761 22 11
5253909043 20020 22 11
678448200 12483 22 11
336780979 9712 22 11
2164680589 17236 22 11
2164680590 17237 22 11
4841195156 19869 22 11
4841213520 19875 22 11
5320835949 20095 23 11
2484630420 18050 23 11
5471857029 20170 23 11
1346228215 14211 23 11
202549988 3444 23 11
193936217 2958 23 11
2484630366 18047 23 11
125656128 1505 23 11
125635005 1504 23 11
125629793 1489 23 11
5856597469 20338 23 11
206389967 4083 24 11
208680760 4304 24 11
208678454 4297 24 11
11485665548 22129 24 11
199189742 3329 24 11
205512858 3709 24 11
1425210123 14569 24 11
205512874 3711 24 11
205512920 3717 24 11
1830878580 15985 24 11
1830878593 15987 24 11
1831340010 16056 24 11
1831131599 16010 24 11
1832557242 16090 24 11
360599770 10028 25 11
1426119163 14590 25 11
96512112 1015 25 11
199082141 3278 25 11
206130445 3775 25 11
206130468 3777 25 11
8553599610 21326 25 11
8553599611 21327 25 11
5318304044 20081 25 11
1344734643 14174 25 11
10994199531 21910 25 11
96528482 1022 25 11
1837718931 16482 25 11
11339589452 22002 25 11
9833787915 21617 25 11
34957658 432 26 11
143873384 2036 26 11
355646129 9998 26 11
197355471 3044 26 11
198120673 3145 26 11
199244987 3345 26 11
192825360 2890 26 11
244488122 5835 26 11
2350003211 17739 26 11
2382711352 17827 27 11
394776612 10442 27 11
1619475290 15320 27 11
3177455609 18752 27 11
3370969398 18915 27 11
3177455617 18754 27 11
297970500 8494 27 11
452406352 11105 27 11
321349235 9552 27 11
3647139394 19152 27 11
297970530 8498 27 11
2199915498 17348 27 11
3103023933 18701 27 11
256680704 6947 27 11
469211804 11194 27 11
290043461 8221 27 11
2199915462 17344 27 11
255420446 6885 28 11
2478338936 18028 28 11
2478338948 18029 28 11
9778254987 21603 28 11
303150736 8808 28 11
251675289 6588 28 11
3490492194 19030 28 11
1889513362 16859 28 11
3675991706 19201 28 11
1752495810 15727 28 11
1753757212 15737 28 11
6741972997 20754 29 11
4303400946 19600 29 11
881993635 13184 29 11
2202276030 17394 29 11
362738438 10071 29 11
362738297 10063 29 11
5665034823 20239 29 11
5665034839 20244 29 11
2202276014 17393 29 11
6312913171 20525 29 11
10656478318 21821 29 11
445480875 10784 30 11
445480813 10781 30 11
288566683 8101 30 11
3993822550 19431 30 11
282913110 8009 30 11
291921355 8325 30 11
130033374 1566 30 11
130033452 1569 30 11
2588360743 18239 30 11
205494831 3625 30 11
2240230259 17436 30 11
2240230283 17439 30 11
1023651843 13634 30 11
445398913 10777 30 11
2456281999 17978 30 11
205499962 3668 30 11
130032822 1553 30 11
4065498050 19465 31 11
5717593429 20283 31 11
8419521863 21297 31 11
9056557145 21418 31 11
667280325 12411 31 11
150742187 2123 31 11
5564959133 20197 31 11
243898101 5709 31 11
1523166224 14952 32 11
1523166381 14953 32 11
4968721852 19924 32 11
1918394779 16931 32 11
5915582210 20371 32 11
51981575 785 32 11
2356961743 17786 32 11
267319452 7554 32 11
1523164824 14940 32 11
1699815586 15609 32 11
9040009310 21414 32 11
1696993031 15603 32 11
199463042 3360 32 11
687281130 12561 32 11
687281053 12557 32 11
1487254542 14731 32 11
1487288310 14746 32 11
1487290457 14749 32 11
1489668458 14768 32 11
2278118638 17490 33 11
3763620564 19299 33 11
3091493958 18697 33 11
1034029164 13672 33 11
2278118408 17477 33 11
417145304 10579 34 11
437327876 10694 34 11
417137976 10576 34 11
28390278 149 34 11
199463194 3364 34 11
1003086213 13531 34 11
366217355 10173 34 11
237416448 4947 34 11
213911364 4452 34 11
1595537654 15176 34 11
4651090433 19801 34 11
1714273658 15638 34 11
4473016012 19739 34 11
2460101649 17983 34 11
229816708 4730 34 11
216482808 4558 34 11
1944187971 16966 34 11
213850880 4448 34 11
213851917 4449 34 11
237597027 4958 34 11
237699924 4989 34 11
156823849 2232 35 11
1029366681 13665 35 11
240295076 4995 35 11
321762427 9570 35 11
1725692988 15665 35 11
1725693005 15668 35 11
5713322677 20280 35 11
752140665 12763 35 11
2298683695 17598 35 11
153603493 2183 35 11
4722939556 19820 35 11
4832146654 19849 35 11
1399354886 14515 35 11
24912958 57 36 11
6344942415 20551 36 11
24912960 59 36 11
24924002 103 36 11
661209 24 36 11
510573315 11585 36 11
393803340 10441 36 11
36475794 585 36 11
36473226 572 36 11
36473030 569 36 11
36472844 568 36 11
36479232 621 36 11
36471402 549 36 11
36472665 565 36 11
36472071 558 36 11
36472069 556 36 11
568469944 11776 36 11
64441586 890 36 11
6194954302 20469 36 11
36597967 658 36 11
36481291 642 36 11
63165326 886 36 11
88797795 977 36 11
150744579 2141 37 11
149037217 2085 37 11
1343384551 14169 37 11
701610992 12651 37 11
152530915 2169 37 11
1126350905 13823 37 11
1124345084 13820 37 11
7337268879 20974 37 11
1445701749 14642 37 11
149037201 2084 37 11
141942795 2011 37 11
1889957022 16866 37 11
643996088 12257 37 11
253752265 6765 37 11
2721544822 18416 37 11
218202745 4589 37 11
7261940093 20951 38 11
9757913877 21599 38 11
1540978917 14985 38 11
190973836 2837 38 11
1540978910 14983 38 11
2803102048 18482 38 11
1544080689 15017 38 11
678448216 12486 38 11
471845502 11285 39 11
251613351 6541 39 11
3029792010 18665 39 11
3506594034 19035 39 11
251670427 6556 39 11
6030163616 20413 39 11
3282923763 18855 40 11
1687133971 15549 40 11
169291302 2401 40 11
458370937 11153 40 11
141607401 1979 40 11
268401580 7666 40 11
1883112763 16850 40 11
3390471710 18945 40 11
419334242 10603 40 11
268401784 7685 40 11
268401773 7683 40 11
298182164 8506 40 11
298182248 8511 40 11
268403488 7692 40 11
2298007719 17594 40 11
419798607 10605 40 11
260420149 7343 40 11
3390471709 18944 40 11
196239494 3004 41 11
199111344 3285 41 11
453484393 11146 41 11
453484390 11143 41 11
193742553 2930 41 11
193744767 2934 41 11
193740619 2927 41 11
201258438 3396 41 11
201252129 3393 41 11
201204047 3386 41 11
2252483253 17449 41 11
290038900 8155 42 11
290039034 8158 42 11
2491329680 18073 42 11
2129689347 17140 42 11
290038728 8148 42 11
290038739 8150 42 11
290039563 8172 42 11
631980053 12188 42 11
3660240299 19160 42 11
631980290 12192 42 11
1679469217 15507 42 11
3796956659 19336 42 11
201520413 3418 43 11
168213076 2375 43 11
165364912 2354 43 11
201492500 3410 43 11
35313912 483 43 11
2282401663 17538 43 11
168601061 2380 43 11
165134853 2326 43 11
201487121 3405 43 11
165197649 2335 43 11
165146993 2329 43 11
173573964 2459 43 11
173296712 2437 43 11
173295841 2435 43 11
173297804 2439 43 11
6212673428 20475 43 11
2631274817 18309 44 11
116118809 1324 44 11
175077117 2485 44 11
251510119 6528 44 11
116118814 1326 44 11
132763840 1584 44 11
597665994 11968 44 11
442197 18 44 11
34909787 412 44 11
141600013 1946 44 11
180296377 2781 44 11
180293367 2778 44 11
366106552 10141 44 11
7187431011 20935 44 11
7187430997 20934 44 11
673770423 12452 44 11
180284092 2773 44 11
7011039167 20862 44 11
366106554 10142 44 11
251614838 6549 45 11
2888195815 18586 45 11
2888195803 18583 45 11
254848210 6858 45 11
241541245 5067 45 11
1356824506 14308 45 11
907291312 13299 45 11
1354845303 14287 45 11
290042064 8208 46 11
343543415 9793 46 11
5633153933 20221 46 11
248768843 6262 46 11
251002790 6410 46 11
2832811815 18513 46 11
255421731 6890 46 11
251745533 6655 46 11
251803419 6676 46 11
10130330394 21711 46 11
251803324 6675 46 11
10703087890 21845 46 11
1646040138 15410 47 11
2284499035 17550 47 11
3243783296 18835 47 11
564905572 11705 47 11
3243783307 18836 47 11
564905904 11706 47 11
2559546455 18184 47 11
878848386 13169 47 11
878848388 13170 47 11
246450618 6074 47 11
659795285 12344 47 11
2287857807 17565 47 11
208320017 4188 47 11
4281208558 19588 47 11
871077787 13116 47 11
2284498955 17541 47 11
2624196097 18301 47 11
11364241873 22054 47 11
342964665 9763 48 11
3961146027 19421 48 11
1383055924 14486 48 11
241468928 5022 48 11
349035970 9914 48 11
694103911 12633 48 11
241485423 5044 48 11
267225469 7526 48 11
267225727 7529 48 11
267234035 7534 48 11
1613571788 15275 48 11
3282345154 18852 48 11
310276142 9086 48 11
687557891 12562 48 11
586867353 11906 48 11
311097187 9183 48 11
5200193087 19995 48 11
310277688 9097 48 11
2580565432 18222 48 11
310286976 9106 48 11
305443784 8992 48 11
603487835 12051 48 11
603591474 12053 48 11
302058886 8658 48 11
302058876 8655 48 11
139181037 1727 49 11
208671782 4293 49 11
208670950 4292 49 11
139173971 1692 49 11
139173967 1691 49 11
139175564 1698 49 11
139175174 1695 49 11
486441435 11314 49 11
3384717456 18922 49 11
288840105 8103 49 11
8684425194 21353 49 11
35111730 454 49 11
7703312544 21085 49 11
35435870 503 49 11
334668780 9703 49 11
243344248 5528 51 11
60580062 867 51 11
207502184 4169 51 11
60580070 874 51 11
1829747899 15971 51 11
11116545924 21956 51 11
241926764 5241 51 11
1975213016 16999 51 11
752693621 12773 51 11
207501591 4160 51 11
10173984409 21740 51 11
465628388 11185 52 11
5779339616 20323 52 11
1832411539 16072 52 11
1336913325 14135 52 11
7815996105 21133 52 11
925953335 13387 52 11
1834664737 16270 52 11
246116137 5980 53 11
246137692 5994 53 11
373146614 10327 53 11
373146630 10329 53 11
7674888687 21079 53 11
246152307 6044 53 11
206385688 4009 54 11
205456430 3597 54 11
763070914 12787 54 11
205456425 3596 54 11
1312440172 14060 54 11
205433109 3571 54 11
2585786949 18233 54 11
206389398 4062 54 11
206387726 4033 54 11
205331411 3557 54 11
2227742606 17425 54 11
3231581759 18813 55 11
1532543404 14967 55 11
8950738132 21409 55 11
7008625530 20861 55 11
8084552403 21200 55 11
4217460086 19556 55 11
9342482241 21481 55 11
3723290714 19235 55 11
572035390 11841 55 11
5261598595 20024 56 11
360826007 10059 56 11
360818150 10046 56 11
3966842929 19430 56 11
3886057199 19400 56 11
303851514 8873 56 11
303851555 8876 56 11
4072670517 19484 56 11
302059595 8674 56 11
298251036 8517 56 11
301841815 8632 56 11
298251077 8522 56 11
10214902440 21754 56 11
291312983 8303 56 11
344638190 9800 56 11
298867220 8577 56 11
291306311 8300 56 11
291305961 8295 56 11
291306056 8298 56 11
288931995 8115 56 11
3810533974 19358 56 11
303407036 8860 56 11
6379962171 20574 56 11
1849556870 16666 56 11
11115368215 21953 56 11
1605129894 15232 56 11
1786329890 15784 56 11
301965532 8637 57 11
1345576357 14193 57 11
390310991 10411 57 11
1017948944 13588 57 11
141943423 2015 57 11
149038846 2102 57 11
778487793 12842 57 11
1941490078 16960 57 11
119108708 1430 57 11
119109197 1434 57 11
1370447479 14415 57 11
1843322257 16571 58 11
9572924202 21527 58 11
243215279 5514 58 11
242578356 5345 58 11
1845970500 16598 58 11
243731022 5631 58 11
1845970541 16610 58 11
1915634277 16925 58 11
1845970577 16616 58 11
1845970615 16623 58 11
1845970548 16611 58 11
12063565391 22242 58 11
1039813309 13696 58 11
242696718 5357 58 11
206158775 3791 60 11
206254100 3887 60 11
206322909 3977 60 11
206254103 3888 60 11
206273332 3905 60 11
206278370 3938 60 11
206293533 3953 60 11
206278282 3914 60 11
206278289 3917 60 11
1300572747 14035 60 11
206219066 3850 60 11
206278320 3923 60 11
206217309 3839 60 11
1838490872 16519 60 11
206391612 4088 60 11
1830878615 15994 60 11
206389763 4078 60 11
208530662 4267 60 11
1830878661 15998 60 11
1602715214 15221 60 11
6113356820 20435 60 11
366094741 10126 61 11
208906485 4337 61 11
208918724 4350 61 11
134600684 1620 61 11
6531605265 20687 61 11
139321916 1868 61 11
790460078 12856 61 11
128612880 1514 61 11
792019834 12861 61 11
366143840 10145 61 11
366142944 10143 61 11
3126279440 18721 61 11
108300609 1186 61 11
1584788448 15125 62 11
450112279 11022 62 11
1583635192 15111 62 11
449219427 10994 62 11
448642529 10970 62 11
3616296447 19140 62 11
304562113 8974 62 11
448019174 10960 62 11
470340588 11226 63 11
315035949 9324 63 11
315036110 9325 63 11
470339154 11225 63 11
339398475 9755 63 11
5682551634 20250 63 11
8117109062 21207 63 11
2200064606 17389 63 11
1898462840 16888 63 11
100297158 1062 63 11
297514993 8464 63 11
100299453 1072 63 11
3901407052 19405 63 11
2315157606 17658 63 11
3775488349 19310 63 11
6620330787 20703 63 11
5706444018 20265 63 11
6742294653 20755 63 11
469306110 11203 63 11
6875158589 20833 63 11
315035371 9317 63 11
11223226729 21975 64 11
338999123 9743 64 11
338999156 9749 64 11
205331357 3552 64 11
205338528 3564 64 11
205331342 3550 64 11
338999125 9744 64 11
494714597 11447 65 11
3336827191 18895 65 11
243204462 5465 65 11
3336827179 18894 65 11
494714542 11432 65 11
10915905458 21898 65 11
5707539006 20274 65 11
1235277375 13941 65 11
494714509 11422 65 11
10139551509 21721 65 11
494714541 11431 65 11
563655402 11692 65 11
7613065634 21036 65 11
2468975228 18002 65 11
2465469522 17996 65 11
503554000 11569 65 11
494530897 11389 65 11
494466072 11384 65 11
3238531395 18822 65 11
5707509421 20271 65 11
494531029 11396 65 11
231889391 4815 66 11
231889666 4820 66 11
196616159 3016 66 11
215764890 4481 66 11
195802404 2983 66 11
237672873 4983 66 11
231888784 4806 66 11
237617600 4966 66 11
237600359 4959 66 11
231889055 4810 66 11
231799916 4797 66 11
231810067 4805 66 11
30254843 246 66 11
83070460 959 66 11
83070443 958 66 11
526296906 11625 67 11
411389608 10499 67 11
262818955 7411 67 11
253864723 6812 67 11
253865203 6817 67 11
2310429139 17654 68 11
2310015769 17646 68 11
2310015796 17648 68 11
137567266 1650 68 11
2635947412 18326 68 11
1538479858 14979 68 11
1089241495 13768 68 11
1569059670 15072 68 11
247576280 6188 68 11
456374509 11147 68 11
4349708495 19659 68 11
1836072994 16394 68 11
8636179734 21342 68 11
2730989741 18422 69 11
35157900 469 69 11
251152510 6467 70 11
251152697 6470 70 11
1543190268 14988 70 11
1543460141 14998 70 11
11779182565 22169 70 11
2356947047 17779 70 11
253739105 6760 70 11
253358248 6735 70 11
253864710 6811 70 11
6477038824 20662 70 11
312976006 9210 71 11
10046913 27 71 11
2624196125 18302 71 11
1863756384 16750 71 11
5146001251 19962 71 11
168745850 2388 71 11
2720602359 18414 71 11
292466172 8365 71 11
9587857118 21535 71 11
9587780714 21534 71 11
11362871921 22015 71 11
3964899143 19424 71 11
1584776364 15124 71 11
1694380142 15577 71 11
450180438 11028 71 11
3308546672 18872 71 11
450180588 11041 71 11
1052386074 13727 71 11
1052386075 13728 71 11
28868827 172 71 11
2487107392 18064 71 11
1377830946 14479 72 11
307877693 9023 72 11
267144365 7479 72 11
267142668 7478 72 11
3190030990 18773 72 11
267223418 7524 72 11
360053023 10012 72 11
8492066333 21313 72 11
267223401 7522 72 11
360053010 10011 72 11
449742351 11011 72 11
2397096563 17883 72 11
364950090 10114 72 11
446012526 10802 72 11
1584872416 15136 72 11
6682325249 20717 72 11
446767117 10901 72 11
267145174 7483 72 11
267147248 7484 72 11
319191772 9519 72 11
2400916041 17898 72 11
267223059 7519 72 11
233248431 4872 72 11
247391074 6142 72 11
233273798 4888 72 11
224275813 4661 72 11
282710188 7949 72 11
233271118 4886 72 11
8279801412 21258 72 11
291748533 8322 72 11
207422126 4095 72 11
3190051715 18779 72 11
233241385 4871 72 11
227639019 4674 72 11
1998483318 17024 73 11
251137359 6438 73 11
432027239 10673 73 11
1019724673 13605 73 11
5301707264 20040 73 11
205501311 3673 73 11
190973756 2833 73 11
11362985752 22030 73 11
11362985749 22029 73 11
1617717728 15304 73 11
2288918987 17575 73 11
2288918998 17576 73 11
452536095 11125 73 11
2773701736 18456 74 11
241889727 5192 74 11
2066694570 17070 75 11
2066694509 17066 75 11
267040304 7472 75 11
268400415 7597 75 11
267039704 7463 75 11
621109338 12119 75 11
975538754 13491 75 11
11951600416 22213 75 11
178721713 2655 75 11
280948698 7917 75 11
3759617256 19295 75 11
176786046 2529 76 11
132766559 1599 76 11
176786045 2528 76 11
281675747 7933 76 11
565492109 11737 76 11
298620573 8543 76 11
443998819 10769 77 11
4708975163 19814 77 11
1828816086 15939 77 11
1828815957 15935 77 11
499181273 11504 77 11
11060223792 21931 77 11
1801566912 15824 77 11
2447612422 17971 77 11
2361426862 17798 77 11
2391678650 17857 77 11
1836073326 16436 78 11
250553459 6360 78 11
2149771400 17201 78 11
1544080700 15021 78 11
1544080707 15023 78 11
250553448 6356 78 11
1544080704 15022 78 11
1662534860 15442 78 11
1477030320 14714 78 11
2149724512 17199 78 11
1477030359 14721 78 11
1477030301 14713 78 11
2140779582 17184 78 11
282895214 7974 78 11
922795728 13343 78 11
922796235 13350 78 11
1832559702 16099 78 11
2052630872 17051 78 11
1579623649 15106 79 11
2702920385 18405 79 11
166334988 2363 79 11
249662614 6312 79 11
360154480 10015 80 11
353022447 9955 80 11
353095997 9958 80 11
353022403 9949 80 11
1684698558 15532 81 11
587397678 11925 81 11
364554913 10108 81 11
587387083 11922 81 11
798418959 12894 81 11
587386882 11920 81 11
797052162 12891 81 11
1731874151 15673 81 11
1722770949 15662 81 11
1398652769 14508 81 11
694103883 12628 81 11
761129213 12785 81 11
173857651 2470 81 11
267234088 7535 81 11
267234092 7536 81 11
317131965 9461 81 11
100303827 1109 81 11
243993808 5752 81 11
100303837 1111 81 11
11364424948 22063 81 11
311376383 9195 81 11
317131976 9462 81 11
317132774 9472 81 11
317132581 9470 81 11
798517284 12908 81 11
158688224 2268 82 11
156574672 2206 82 11
156574765 2219 82 11
156574755 2216 82 11
4832146674 19852 82 11
7331951126 20973 82 11
201579328 3423 82 11
202480197 3434 82 11
176866183 2591 83 11
176866192 2592 83 11
1733705765 15685 83 11
1754351090 15742 83 11
605517709 12078 83 11
176771518 2523 83 11
178738195 2678 83 11
178718070 2649 83 11
132779908 1614 83 11
132764934 1592 83 11
656416447 12307 84 11
241901059 5225 84 11
760589059 12781 84 11
1199834935 13895 84 11
5856769126 20339 84 11
96513454 1018 85 11
9691746405 21579 85 11
9691746384 21568 85 11
206162657 3815 85 11
9691746369 21567 85 11
9691746408 21580 85 11
205499119 3666 85 11
315057304 9328 85 11
188616679 2817 85 11
105436277 1167 85 11
9833863130 21620 85 11
199192284 3338 85 11
2482409643 18037 85 11
96528486 1023 85 11
215112126 4469 85 11
5405653564 20154 85 11
1411992224 14530 85 11
243208023 5476 86 11
635142511 12232 86 11
635337699 12233 86 11
635337701 12234 86 11
635142446 12216 86 11
224773566 4665 86 11
243192298 5438 86 11
1027006521 13647 86 11
242548315 5298 86 11
243209111 5484 86 11
573453874 11852 86 11
243208924 5483 86 11
1364310465 14362 86 11
863622211 13106 86 11
243213394 5497 86 11
1845970667 16633 86 11
1845970654 16631 86 11
1841010590 16547 86 11
1845970671 16634 86 11
1843322365 16580 86 11
1682295212 15518 86 11
1841010581 16544 86 11
1990838046 17021 86 11
1845970585 16619 86 11
1748877719 15700 86 11
1845970518 16606 86 11
6285121543 20515 87 11
243892082 5667 87 11
5308819420 20059 87 11
6442091371 20625 87 11
6442091359 20624 87 11
1341253745 14143 87 11
9949281264 21647 87 11
9899821937 21635 87 11
244429614 5816 87 11
12006059540 22238 87 11
248768834 6259 88 11
4382906607 19699 88 11
11297485847 21994 88 11
255319736 6864 88 11
1843483677 16594 89 11
1833671367 16143 89 11
1828719903 15934 89 11
1801078077 15819 89 11
374408400 10344 89 11
874225617 13133 89 11
317457084 9494 89 11
258989107 7198 89 11
258986674 7189 89 11
291546722 8313 90 11
291546723 8314 90 11
349180359 9926 90 11
6873364221 20827 90 11
324708540 9590 90 11
10067738099 21687 90 11
2367559117 17821 90 11
2133408930 17160 90 11
4072678188 19488 90 11
8735568108 21371 90 11
268867845 7707 90 11
288032575 8091 90 11
306952071 9003 90 11
2133408929 17159 90 11
268871015 7712 90 11
2133408890 17144 90 11
221439540 4653 90 11
158700142 2276 91 11
158700121 2269 91 11
207502167 4167 91 11
60579932 862 91 11
243192294 5436 91 11
573423501 11842 91 11
573435045 11847 91 11
247643766 6204 92 11
290035390 8131 92 11
290035387 8130 92 11
251749891 6666 92 11
2279573271 17525 92 11
2278313534 17501 92 11
2278313532 17500 92 11
605558413 12082 93 11
141600847 1951 93 11
141600006 1942 93 11
1755368761 15750 93 11
267040087 7468 93 11
276731207 7831 93 11
64621468 892 93 11
64621533 895 93 11
8579744905 21333 93 11
141600715 1950 93 11
148947791 2082 93 11
141596303 1934 93 11
141596896 1937 93 11
725031242 12713 93 11
2066694540 17068 93 11
1461078924 14676 93 11
597719321 11974 93 11
367829356 10194 93 11
141600324 1948 93 11
141600011 1944 93 11
4318059999 19630 94 11
4318060008 19631 94 11
559762264 11687 94 11
310439684 9136 94 11
199050455 3270 94 11
199051303 3272 94 11
10125437799 21708 94 11
927018717 13395 94 11
679224450 12537 94 11
810353279 12942 95 11
808880014 12937 95 11
253849623 6782 95 11
534303199 11665 95 11
530685670 11649 95 11
253850001 6786 95 11
1591670211 15167 95 11
4826726296 19845 95 11
1503147791 14818 95 11
1503147400 14815 95 11
1567666580 15066 95 11
247471568 6158 95 11
1503147383 14814 95 11
6427826707 20612 95 11
1368372740 14375 95 11
440346610 10728 95 11
1791835610 15788 95 11
1829981656 15973 95 11
251690629 6624 96 11
251690740 6625 96 11
241611504 5123 96 11
242775205 5368 96 11
241584605 5071 96 11
241595605 5098 96 11
298251107 8523 97 11
297324568 8457 97 11
2199915482 17347 97 11
2157224487 17217 97 11
321368587 9559 97 11
1868644421 16821 97 11
384897137 10351 97 11
297755679 8481 97 11
1783301215 15777 97 11
1918625396 16939 97 11
3048689369 18681 97 11
3048689370 18682 97 11
5339646538 20122 97 11
290043507 8222 99 11
313678337 9245 99 11
502837161 11530 99 11
2200061181 17374 99 11
257803354 6994 99 11
1276048986 13993 99 11
7802129634 21125 99 11
290043516 8223 99 11
313945415 9254 99 11
1276049115 14001 99 11
2064677347 17062 99 11
410462454 10486 99 11
4317600946 19628 99 11
410463709 10487 99 11
4066299766 19471 99 11
392623669 10438 99 11
2778283967 18460 99 11
392623666 10436 99 11
277568998 7849 99 11
2064677348 17063 99 11
39858293 683 99 11
1883112765 16852 99 11
6073954108 20431 99 11
268401771 7681 99 11
268401553 7663 99 11
268401753 7677 99 11
303980222 8913 0 12
622002544 12133 0 12
621294539 12132 0 12
2335130142 17711 0 12
4539662768 19763 0 12
4523786189 19755 0 12
622378299 12143 0 12
1848897405 16652 0 12
215383104 4476 0 12
215382202 4473 0 12
471110794 11264 0 12
565492188 11740 0 12
259705479 7294 1 12
1095326116 13787 1 12
8251619397 21247 1 12
1370447287 14407 1 12
1016222770 13573 1 12
218202871 4594 1 12
7832513034 21155 1 12
567822023 11747 1 12
2830843845 18506 1 12
1368372763 14377 1 12
426635763 10623 1 12
368236667 10228 1 12
35346703 490 2 12
35876752 525 2 12
35876736 523 2 12
150738351 2116 2 12
6129311246 20447 2 12
492901669 11354 2 12
1563578733 15062 2 12
1563578737 15063 2 12
2494597100 18087 2 12
2915134548 18614 2 12
1863936324 16755 2 12
51210156 766 2 12
9386023633 21498 2 12
59628825 810 2 12
8828055933 21389 2 12
317181771 9485 2 12
368371396 10231 3 12
207459379 4143 3 12
83058808 950 3 12
83058813 951 3 12
4319306979 19640 3 12
703501252 12682 3 12
4445607230 19723 3 12
7218627265 20941 3 12
206316073 3972 3 12
597749893 11977 4 12
257149229 6966 4 12
7850718389 21160 4 12
4731130477 19822 4 12
116141764 1359 4 12
116142353 1362 4 12
148947688 2081 4 12
116142358 1363 4 12
148737552 2076 4 12
139251546 1823 4 12
116115388 1322 4 12
116113091 1318 4 12
247856342 6226 5 12
4064127197 19464 5 12
29015655 210 5 12
241595602 5096 5 12
241856381 5147 5 12
29015657 212 5 12
27390497 133 6 12
27390459 131 6 12
27362228 130 6 12
8443531257 21306 6 12
447822569 10931 6 12
3837633403 19373 6 12
7393749311 20977 6 12
241468955 5024 7 12
241468945 5023 7 12
291294322 8283 7 12
437375498 10700 7 12
286577963 8042 7 12
241471349 5031 7 12
3785130155 19318 7 12
286577974 8046 7 12
445672889 10793 7 12
445672894 10795 7 12
3021231582 18660 7 12
282911197 8002 7 12
303407011 8858 7 12
603501083 12052 7 12
303407015 8859 7 12
303981267 8920 8 12
1833620863 16129 8 12
1868412072 16812 8 12
1868412043 16809 8 12
2428137533 17935 8 12
1868411975 16798 8 12
1868411938 16792 8 12
1828816066 15938 8 12
237078003 4916 8 12
231116504 4768 8 12
3656871820 19155 8 12
237079623 4924 8 12
10381651 38 8 12
443978549 10763 8 12
3656879575 19157 8 12
317361485 9488 8 12
237078741 4917 8 12
247220351 6123 8 12
247220604 6124 8 12
317361482 9487 8 12
587663723 11946 8 12
975538760 13492 8 12
3900157341 19403 8 12
3090559165 18695 8 12
2362324602 17806 8 12
587660905 11938 8 12
385763251 10365 8 12
385763248 10362 8 12
385765855 10373 8 12
1434490398 14625 9 12
362376695 10061 9 12
8378321497 21286 9 12
197445720 3086 9 12
1020974268 13615 9 12
1826730486 15914 9 12
1826728271 15912 9 12
982620203 13520 9 12
233115153 4859 9 12
857516963 13097 9 12
857470802 13091 9 12
857516982 13098 9 12
1826700489 15898 9 12
248519106 6255 9 12
912112392 13317 9 12
1832923942 16103 9 12
154501487 2184 10 12
60032479 843 10 12
206130429 3773 10 12
1044936346 13701 10 12
35157928 472 10 12
35157898 468 10 12
1256730701 13969 10 12
355600007 9985 10 12
355575231 9984 10 12
206093771 3740 10 12
292286006 8343 10 12
966631524 13459 10 12
200851534 3377 10 12
256676049 6946 10 12
208523857 4262 10 12
1344501713 14173 10 12
292802544 8373 10 12
1683300620 15528 10 12
1344501712 14172 10 12
5362030415 20138 10 12
1835927653 16385 11 12
1835694336 16341 11 12
242548265 5296 11 12
1835927654 16386 11 12
149352159 2108 11 12
326146793 9610 11 12
1327261437 14098 11 12
3528783586 19090 11 12
1834395331 16199 11 12
257577473 6973 11 12
9722309761 21588 11 12
1364827237 14369 11 12
2163989941 17232 11 12
583522150 11892 11 12
10141323863 21723 11 12
10141323859 21722 11 12
1835927580 16357 11 12
1835927610 16365 11 12
6413890722 20596 11 12
1456777704 14659 11 12
1835927568 16351 11 12
417213997 10591 11 12
1327261756 14103 11 12
1835927561 16348 11 12
243892071 5666 11 12
2302515377 17616 11 12
1834708080 16287 11 12
2353620207 17760 11 12
245555940 5943 11 12
1834642162 16254 11 12
296628526 8437 12 12
2491664466 18076 12 12
409766637 10482 12 12
321351438 9554 12 12
3219516872 18802 12 12
409484238 10475 12 12
3126257798 18719 12 12
2417823818 17919 12 12
244603754 5910 12 12
244603489 5908 12 12
7554400938 21013 13 12
35493266 508 13 12
35493267 509 13 12
34959215 445 13 12
132358071 1581 13 12
34959108 441 13 12
34959196 444 13 12
34959125 442 13 12
1775982144 15769 13 12
243995829 5758 13 12
1599290298 15180 13 12
3323710108 18885 13 12
206389342 4056 13 12
1848897396 16650 13 12
206389275 4048 13 12
208530330 4265 14 12
150742581 2125 14 12
3635885129 19147 14 12
1416623859 14558 14 12
141945244 2028 14 12
145907734 2050 14 12
643643337 12249 14 12
259700765 7260 14 12
643882258 12254 14 12
259702142 7265 14 12
216350335 4511 15 12
216359335 4516 15 12
199462978 3353 15 12
7739328893 21099 15 12
5309835039 20063 15 12
96487239 1001 15 12
1795363208 15799 15 12
196188600 2992 15 12
196188718 2995 15 12
844093647 13064 15 12
844093632 13062 15 12
1902204055 16895 15 12
1487254751 14740 15 12
229795816 4721 15 12
96486361 998 15 12
1415123818 14547 15 12
1983067339 17004 15 12
303227034 8810 16 12
303227168 8811 16 12
767083618 12805 16 12
2857467490 18545 16 12
303282588 8838 16 12
2514425207 18114 16 12
308724860 9044 16 12
1229196358 13936 16 12
308724768 9038 16 12
838726580 13037 16 12
2980137382 18646 16 12
838726596 13038 16 12
2272608803 17457 16 12
569974816 11819 16 12
569978846 11825 16 12
1679038424 15483 16 12
2304905865 17626 16 12
838696461 13030 16 12
2770985283 18451 16 12
2770985305 18453 16 12
1108291934 13805 16 12
308724770 9039 16 12
672448279 12435 16 12
499983458 11513 16 12
1229196400 13937 16 12
304019286 8924 16 12
304019635 8926 16 12
304019907 8930 16 12
304020402 8933 16 12
302796589 8775 16 12
679031955 12531 16 12
302523178 8747 16 12
302817351 8781 16 12
303023306 8798 16 12
302818251 8783 16 12
2129499721 17138 16 12
303097751 8804 16 12
303023083 8795 16 12
303230123 8821 16 12
302523183 8748 16 12
302523187 8752 16 12
303299364 8848 16 12
303237004 8831 16 12
3750865813 19280 16 12
2514425167 18112 16 12
1341753308 14157 17 12
243892444 5700 17 12
244348870 5810 17 12
244348841 5809 17 12
7546786372 21011 17 12
1112269035 13812 17 12
218154635 4570 17 12
7460873680 20996 17 12
1722770293 15658 17 12
243892360 5694 17 12
197848386 3129 18 12
6338053707 20543 18 12
2037248519 17042 18 12
201410510 3398 18 12
4147014397 19516 18 12
165123236 2322 18 12
444784364 10773 18 12
667028112 12406 18 12
193723047 2912 18 12
1044936207 13700 18 12
108368123 1196 19 12
372846640 10292 19 12
870139553 13114 19 12
111678360 1223 19 12
111680181 1226 19 12
366219304 10181 19 12
51243843 775 19 12
330250213 9631 19 12
185722364 2809 19 12
185719617 2807 19 12
3723290712 19233 19 12
7669214270 21076 20 12
7669214269 21075 20 12
119139871 1444 20 12
259793453 7317 20 12
253857075 6793 20 12
244515344 5887 20 12
244514443 5871 20 12
271203173 7776 20 12
1345592720 14201 20 12
271203421 7778 20 12
115647577 1295 20 12
271203714 7780 20 12
100296917 1058 21 12
8722968624 21368 21 12
257802921 6991 21 12
310421624 9115 21 12
313675942 9235 21 12
10127090243 21710 21 12
1849546577 16665 21 12
301589647 8621 21 12
100296918 1059 21 12
290043629 8227 21 12
310420190 9112 21 12
290043637 8228 21 12
1835029399 16305 21 12
1835029401 16306 21 12
366657346 10185 21 12
1835020497 16296 21 12
100302533 1097 21 12
173873821 2482 21 12
298894398 8581 21 12
1833892418 16150 21 12
313673362 9218 21 12
313674503 9232 21 12
313674492 9231 21 12
6142719426 20453 21 12
4411406285 19707 21 12
10969277058 21908 21 12
6387235916 20576 21 12
5736909529 20292 21 12
1868987168 16840 22 12
292466064 8357 22 12
287001569 8050 22 12
373095666 10302 22 12
1383638980 14492 22 12
678568930 12503 22 12
2836983781 18522 22 12
366068803 10120 22 12
2288945945 17578 22 12
331572749 9685 22 12
678571915 12522 22 12
678570338 12515 22 12
4841195166 19871 22 12
287001565 8048 22 12
2339340866 17717 23 12
1346228272 14213 23 12
1346228232 14212 23 12
9741669349 21591 23 12
2484630368 18048 23 12
60032480 844 23 12
125631587 1498 23 12
1039813158 13694 23 12
1039813361 13697 23 12
206390086 4085 24 12
895739403 13214 24 12
199118852 3293 24 12
1425210132 14570 24 12
199189743 3330 24 12
199127311 3311 24 12
1425210118 14568 24 12
205512912 3716 24 12
199127865 3313 24 12
1830878583 15986 24 12
206237094 3869 24 12
1832557208 16087 24 12
1831131519 16000 24 12
208745134 4316 24 12
1833665908 16135 24 12
940476420 13421 24 12
1832557255 16091 24 12
1832557233 16089 24 12
1426119162 14589 25 12
2774961237 18458 25 12
199084238 3279 25 12
206130458 3776 25 12
5318304033 20078 25 12
2202491447 17406 25 12
199120282 3294 25 12
793642503 12874 25 12
205605088 3727 25 12
1837718949 16490 25 12
205338508 3562 25 12
11339589453 22003 25 12
204996897 3519 25 12
205231921 3536 25 12
35133859 462 26 12
36801308 673 26 12
270642362 7751 26 12
262978392 7429 26 12
355646134 10000 26 12
355646123 9997 26 12
197355472 3045 26 12
198120672 3144 26 12
211332479 4412 26 12
199244985 3344 26 12
192820241 2886 26 12
244488301 5836 26 12
569932533 11783 27 12
1619475285 15319 27 12
499149518 11483 27 12
10679468926 21827 27 12
682311826 12552 27 12
297324487 8453 27 12
6282744266 20511 27 12
452406351 11104 27 12
298251119 8525 27 12
2786538828 18467 27 12
2199915542 17350 27 12
3103023935 18702 27 12
303861601 8892 27 12
303861590 8891 27 12
3558181203 19101 27 12
469210668 11193 27 12
251686328 6606 28 12
9778254989 21604 28 12
9778254979 21602 28 12
250975218 6396 28 12
4841130052 19868 28 12
251674521 6585 28 12
1752495818 15729 28 12
3675982772 19193 28 12
1643096973 15391 28 12
1752495820 15730 28 12
1643096965 15389 28 12
4303400957 19602 29 12
373098146 10309 29 12
4303400954 19601 29 12
373128220 10311 29 12
345181762 9845 29 12
5665034827 20242 29 12
2202276127 17399 29 12
2284819865 17557 29 12
1806603967 15843 29 12
10656478319 21822 29 12
4886633230 19894 30 12
288566689 8102 30 12
282913101 8007 30 12
445395996 10776 30 12
4886633226 19892 30 12
291922973 8335 30 12
6312982316 20527 30 12
130033339 1565 30 12
205498617 3654 30 12
205498789 3656 30 12
2240230282 17438 30 12
2240230279 17437 30 12
282913117 8010 30 12
8577889727 21328 30 12
205498898 3661 30 12
2456282000 17979 30 12
205500319 3669 30 12
205495057 3628 30 12
4826741749 19847 31 12
1442397048 14636 31 12
1341527305 14152 31 12
243898120 5714 31 12
5564959122 20193 31 12
1334703016 14127 31 12
243898149 5718 31 12
272427092 7786 32 12
4968721865 19925 32 12
316268302 9437 32 12
316268303 9438 32 12
5915643601 20372 32 12
1918475120 16934 32 12
1696958976 15593 32 12
316823173 9447 32 12
2356961699 17782 32 12
1863936322 16754 32 12
267319446 7549 32 12
1523164931 14943 32 12
4142583336 19510 32 12
199463030 3358 32 12
1446579963 14644 32 12
216459008 4554 32 12
687281095 12558 32 12
1487254536 14730 32 12
1487288956 14747 32 12
1487254683 14735 32 12
1586040827 15141 32 12
1489668438 14766 32 12
229922000 4759 32 12
453234779 11139 33 12
2790375515 18473 33 12
2790375540 18475 33 12
1034029135 13670 33 12
564930304 11728 33 12
4882223176 19888 34 12
501558058 11524 34 12
417137977 10577 34 12
199463015 3357 34 12
199463137 3362 34 12
366217348 10172 34 12
237416445 4946 34 12
705964526 12694 34 12
213938830 4460 34 12
9342482258 21482 34 12
3875841170 19391 34 12
6801378625 20791 34 12
1769261994 15758 34 12
351681785 9945 34 12
1944187968 16965 34 12
10173488710 21739 34 12
231946329 4829 34 12
237631382 4975 34 12
237699911 4988 34 12
1072393148 13751 35 12
1072393039 13746 35 12
240309858 4999 35 12
1029366210 13662 35 12
240295079 4996 35 12
206230542 3858 35 12
692194754 12611 35 12
321761066 9568 35 12
321761068 9569 35 12
7267072331 20954 35 12
2459775863 17982 35 12
2298683707 17599 35 12
153603472 2182 35 12
4832146655 19850 35 12
4832146684 19858 35 12
24912961 60 36 12
24912959 58 36 12
1913669807 16921 36 12
6180929592 20468 36 12
367617 7 36 12
249662559 6310 36 12
36474058 576 36 12
510569676 11581 36 12
5582514993 20200 36 12
510569646 11580 36 12
21292411 43 36 12
36594940 657 36 12
1363605809 14350 36 12
1363605811 14351 36 12
36472067 555 36 12
5242654101 20010 36 12
36476883 597 36 12
36599971 663 36 12
36471404 550 36 12
24923998 99 36 12
30558781 248 36 12
128054158 1508 36 12
63165325 885 36 12
360977 3 36 12
63165328 887 36 12
36480556 633 36 12
88797711 976 36 12
7046363065 20871 37 12
149037195 2083 37 12
1343384695 14170 37 12
701611042 12656 37 12
439216910 10714 37 12
511980095 11591 37 12
1126351117 13827 37 12
1124345100 13822 37 12
1124345097 13821 37 12
1445695477 14640 37 12
471153083 11265 37 12
10316832150 21801 37 12
1056237913 13731 37 12
3723358499 19236 37 12
218202912 4596 37 12
9611225330 21543 38 12
1540901337 14981 38 12
1540948809 14982 38 12
1892298345 16882 38 12
190973841 2838 38 12
2182333700 17320 38 12
1544080688 15016 38 12
678448225 12487 38 12
1836073099 16400 38 12
471845497 11284 39 12
259696347 7242 39 12
251670416 6555 39 12
251613346 6540 39 12
3506594031 19034 39 12
5875277309 20344 39 12
2845186587 18530 39 12
251670581 6558 39 12
10300416699 21789 39 12
6030163615 20412 39 12
5021988228 19934 40 12
6063288063 20429 40 12
248898682 6274 40 12
28867854 152 40 12
2364062905 17809 40 12
968282886 13469 40 12
2357543854 17791 40 12
39858295 684 40 12
268401068 7633 40 12
676006153 12465 40 12
298182221 8510 40 12
773898245 12830 40 12
298182189 8508 40 12
6490621017 20677 40 12
1028629730 13660 40 12
5679591492 20248 40 12
2298007708 17593 40 12
268401518 7658 40 12
2495199971 18088 40 12
419786696 10604 40 12
277569003 7850 40 12
196239488 3003 41 12
3381782062 18920 41 12
199111346 3286 41 12
58794384 803 41 12
3224733406 18806 41 12
453484392 11145 41 12
193743531 2932 41 12
193743534 2933 41 12
193740485 2926 41 12
2309594158 17638 41 12
1834027599 16167 41 12
201204046 3385 41 12
290038863 8151 42 12
290038889 8152 42 12
290038897 8154 42 12
7905428859 21170 42 12
1679086348 15496 42 12
704393938 12692 42 12
4242111414 19574 42 12
4263522128 19583 42 12
1686344257 15546 42 12
290039818 8175 42 12
1686225228 15542 42 12
631980293 12193 42 12
246116412 5990 42 12
7674888688 21080 42 12
201504822 3417 43 12
165362992 2350 43 12
168212527 2372 43 12
173498485 2458 43 12
165364909 2353 43 12
2372677414 17825 43 12
5406977073 20161 43 12
165360097 2347 43 12
2666215388 18366 43 12
201487132 3406 43 12
165197652 2336 43 12
60011698 832 43 12
173345728 2456 43 12
165185816 2332 43 12
201522986 3419 43 12
173295843 2436 43 12
173297799 2438 43 12
173302749 2442 43 12
141790525 1986 44 12
3071635716 18689 44 12
3865046321 19388 44 12
175077220 2486 44 12
34910232 421 44 12
148742773 2080 44 12
116118817 1327 44 12
364922605 10110 44 12
3158198973 18736 44 12
175078338 2487 44 12
442196 17 44 12
141600258 1947 44 12
7140210040 20904 44 12
180275736 2768 44 12
7011039184 20863 44 12
366103208 10135 44 12
180286237 2774 44 12
7011053985 20866 44 12
8950738130 21408 44 12
2326238828 17687 45 12
241863110 5184 45 12
3667429805 19172 45 12
115647882 1301 45 12
1754260164 15738 45 12
2445053200 17955 45 12
1356824438 14307 45 12
11186689453 21963 45 12
1354845556 14292 45 12
1354845546 14291 45 12
343543394 9792 46 12
290042095 8210 46 12
2919523425 18621 46 12
248768839 6261 46 12
251002798 6412 46 12
251002791 6411 46 12
247856855 6227 46 12
251814982 6677 46 12
251821377 6683 46 12
241889745 5194 46 12
3667429559 19171 46 12
10703087875 21843 46 12
6414104393 20600 47 12
2284499024 17549 47 12
1646040065 15407 47 12
1646040108 15409 47 12
1646040093 15408 47 12
7639946904 21050 47 12
1806603980 15847 47 12
1646040046 15406 47 12
2559546446 18183 47 12
3809306357 19355 47 12
463204181 11164 47 12
3750116300 19272 47 12
659795246 12342 47 12
2559546472 18187 47 12
564909608 11708 47 12
2284499016 17547 47 12
5662654233 20231 48 12
1432564653 14620 48 12
291747435 8317 48 12
241473612 5036 48 12
1383055941 14487 48 12
349035966 9913 48 12
241468927 5021 48 12
6900344538 20844 48 12
694103910 12632 48 12
2400916042 17899 48 12
267217291 7511 48 12
267223194 7520 48 12
6214920421 20479 48 12
11402923652 22101 48 12
241493967 5060 48 12
3282345148 18851 48 12
687923879 12571 48 12
302059116 8666 48 12
267348803 7555 48 12
10751894105 21849 48 12
310276166 9091 48 12
310277695 9098 48 12
586874752 11907 48 12
310287021 9111 48 12
310286978 9107 48 12
310287000 9109 48 12
297758741 8487 48 12
6379962157 20571 48 12
139181601 1730 49 12
139179220 1717 49 12
208671784 4294 49 12
493749594 11371 49 12
486459404 11316 49 12
139178355 1715 49 12
139175893 1700 49 12
9379948175 21496 49 12
486459150 11315 49 12
141443422 1911 49 12
10894335738 21884 49 12
4707207509 19811 49 12
35106630 452 49 12
34960212 451 49 12
334741029 9708 49 12
205518050 3721 49 12
665269943 12378 51 12
2020502247 17034 51 12
207501531 4155 51 12
207502175 4168 51 12
6120872599 20439 51 12
207502191 4170 51 12
60580066 870 51 12
1829747861 15968 51 12
1829747834 15967 51 12
11116545923 21955 51 12
752693560 12772 51 12
241926318 5238 51 12
207501605 4161 51 12
346909518 9904 51 12
105390597 1150 51 12
105349574 1115 51 12
2901881833 18604 52 12
2901881820 18603 52 12
1833247074 16116 52 12
1832411936 16073 52 12
1826052278 15876 52 12
1336913359 14136 52 12
1177363017 13854 52 12
2754831749 18431 52 12
7815996108 21134 52 12
925953215 13379 52 12
1833228112 16114 52 12
1342040837 14162 52 12
1834664746 16275 52 12
373146666 10332 53 12
372901153 10295 53 12
2397271986 17884 53 12
246137693 5995 53 12
246137828 5997 53 12
373146635 10330 53 12
373146629 10328 53 12
246146741 6039 53 12
7674888689 21081 53 12
206385622 4008 54 12
2828853965 18502 54 12
1509290560 14890 54 12
205455261 3593 54 12
205496490 3639 54 12
2585786948 18232 54 12
2585786978 18235 54 12
206387721 4032 54 12
7866579833 21165 54 12
205331412 3558 54 12
366103893 10136 55 12
1532537262 14965 55 12
3238732222 18831 55 12
7011053525 20864 55 12
448704618 10988 55 12
448687337 10985 55 12
76461938 914 55 12
3713088193 19230 55 12
3723290713 19234 55 12
1547149781 15036 55 12
360818104 10045 56 12
3966842928 19429 56 12
2478005435 18023 56 12
1587585770 15157 56 12
4072670516 19483 56 12
6275256096 20507 56 12
360812780 10042 56 12
298251027 8516 56 12
2446186762 17967 56 12
3047086288 18671 56 12
4072664043 19482 56 12
297755672 8480 56 12
1868647570 16824 56 12
384898908 10353 56 12
2418313439 17920 56 12
291559208 8315 56 12
291305656 8288 56 12
291306059 8299 56 12
6275020851 20506 56 12
302058834 8653 56 12
445855987 10799 56 12
6379962178 20575 56 12
11115368213 21951 56 12
1605129854 15230 56 12
1345576338 14192 57 12
1345576305 14191 57 12
1017948917 13587 57 12
257782994 6982 57 12
141943458 2016 57 12
1639979786 15379 57 12
1017954554 13590 57 12
119108710 1431 57 12
2879499370 18576 57 12
1843322262 16572 58 12
1843322252 16570 58 12
243731540 5632 58 12
9572924203 21528 58 12
9577680422 21530 58 12
242575221 5340 58 12
242577769 5344 58 12
7787093404 21119 58 12
1845970522 16608 58 12
1845970505 16603 58 12
243731898 5633 58 12
1845970617 16624 58 12
1845970573 16613 58 12
626836939 12162 58 12
206160272 3801 60 12
206273328 3904 60 12
206163294 3824 60 12
5319893091 20093 60 12
895742350 13216 60 12
206254142 3889 60 12
3507325157 19045 60 12
206278272 3911 60 12
206278292 3918 60 12
3507321504 19042 60 12
3507321495 19038 60 12
206219067 3851 60 12
206218926 3848 60 12
206278330 3925 60 12
206278351 3930 60 12
206217227 3836 60 12
1830878556 15983 60 12
1830878609 15991 60 12
206389764 4079 60 12
1838490858 16517 60 12
206391240 4086 60 12
1830878654 15997 60 12
218696020 4649 60 12
211182013 4409 60 12
5021625372 19933 61 12
1025469211 13644 61 12
208918726 4351 61 12
134600644 1617 61 12
5097429499 19949 61 12
432983963 10681 61 12
108270257 1174 61 12
1224158103 13933 61 12
139251695 1824 61 12
366143853 10146 61 12
185727672 2816 61 12
3126279449 18722 61 12
1584788456 15126 62 12
28868831 174 62 12
448642578 10977 62 12
3616296450 19141 62 12
304562114 8975 62 12
304562095 8973 62 12
1583664408 15112 62 12
470340603 11227 63 12
315035714 9321 63 12
470341594 11235 63 12
315036170 9327 63 12
6875144152 20831 63 12
6875144148 20829 63 12
7823591082 21149 63 12
2200064620 17390 63 12
257811115 7012 63 12
1898462848 16889 63 12
310989210 9173 63 12
9566749314 21526 63 12
310989853 9174 63 12
310990228 9181 63 12
310990180 9179 63 12
5706445159 20267 63 12
6862869342 20817 63 12
6875158596 20834 63 12
338918089 9739 64 12
205557410 3723 64 12
338999163 9750 64 12
205338663 3567 64 12
1837718934 16485 64 12
338999131 9745 64 12
494627498 11417 65 12
243204460 5464 65 12
10139551479 21718 65 12
10295017556 21781 65 12
3863267439 19384 65 12
243204391 5460 65 12
1912985845 16909 65 12
1988486421 17012 65 12
5707539005 20273 65 12
1988486452 17014 65 12
494714530 11430 65 12
563655401 11691 65 12
563655403 11693 65 12
2564095652 18202 65 12
563812131 11695 65 12
503553943 11568 65 12
3863267449 19386 65 12
494466058 11379 65 12
3238531398 18823 65 12
3238531377 18821 65 12
5707509422 20272 65 12
231889931 4823 66 12
231889539 4818 66 12
2791990877 18476 66 12
198836317 3223 66 12
196616052 3014 66 12
196683966 3028 66 12
196616460 3022 66 12
237672880 4984 66 12
2408111025 17908 66 12
237617268 4965 66 12
30254840 245 66 12
237602366 4960 66 12
5334548357 20117 66 12
4921056314 19903 66 12
7676139428 21084 66 12
5397805987 20149 66 12
4921056318 19904 66 12
9233831020 21452 66 12
2983768335 18648 66 12
439216189 10712 67 12
150744843 2151 67 12
413328702 10536 67 12
412430790 10521 67 12
259701268 7264 67 12
253864705 6810 67 12
137568358 1655 68 12
2635947405 18323 68 12
2310015795 17647 68 12
894720026 13202 68 12
2298641070 17595 68 12
2635947407 18324 68 12
2178996654 17312 68 12
1218232647 13924 68 12
1569079035 15075 68 12
465369645 11170 68 12
247576281 6189 68 12
2661204320 18352 68 12
2661204322 18353 68 12
137568350 1652 68 12
180171368 2729 69 12
251154188 6480 70 12
251152506 6465 70 12
251141626 6449 70 12
1543460162 15000 70 12
2647746708 18335 70 12
2126565572 17119 70 12
2356947041 17778 70 12
192492032 2851 70 12
256067629 6913 70 12
253864747 6814 70 12
190691030 2825 71 12
330792617 9646 71 12
1863756370 16749 71 12
5146001250 19961 71 12
3790547471 19331 71 12
1298754780 14032 71 12
1298754682 14028 71 12
1836073012 16397 71 12
1057451470 13738 71 12
3733755943 19242 71 12
28868908 182 71 12
1836073128 16404 71 12
207423093 4101 71 12
450180567 11040 71 12
450180545 11039 71 12
2349099577 17736 71 12
1057433022 13735 71 12
28868835 175 71 12
28868854 176 71 12
3439561961 18990 71 12
267144366 7480 72 12
267144601 7481 72 12
342964689 9766 72 12
1003090545 13533 72 12
8492066335 21314 72 12
267364536 7564 72 12
451010269 11054 72 12
499147543 11480 72 12
2397096552 17882 72 12
1584872420 15137 72 12
446017232 10804 72 12
250553322 6352 72 12
11882333640 22196 72 12
267145173 7482 72 12
241485407 5040 72 12
446136166 10839 72 12
282895327 7976 72 12
233273804 4889 72 12
282711179 7955 72 12
3303360451 18871 72 12
391659534 10423 72 12
11226275567 21977 72 12
11226275568 21978 72 12
11226275569 21979 72 12
207422127 4096 72 12
282710201 7950 72 12
446136168 10841 72 12
1998470607 17023 73 12
1019724660 13603 73 12
6293630978 20518 73 12
1835505968 16332 73 12
502841950 11537 73 12
205501299 3671 73 12
205463716 3604 73 12
5637625877 20223 73 12
11362985718 22023 73 12
452513143 11124 73 12
452513117 11118 73 12
205501329 3676 73 12
241893929 5208 74 12
241889721 5191 74 12
295496799 8400 75 12
2054691924 17055 75 12
267039703 7462 75 12
417669512 10594 75 12
280949461 7922 75 12
621109342 12120 75 12
244113491 5781 75 12
280948701 7918 75 12
2719349318 18413 75 12
2126706731 17121 75 12
2559732667 18190 75 12
176785476 2527 76 12
125391183 1468 76 12
176787281 2531 76 12
248175283 6245 76 12
30624761 264 76 12
443998821 10770 77 12
2365704791 17812 77 12
4316115127 19607 77 12
150738753 2120 77 12
692825450 12612 77 12
150738839 2122 77 12
1973592125 16998 77 12
245481441 5939 77 12
1295466813 14019 77 12
2447612420 17970 77 12
2362307566 17804 77 12
2171719649 17283 77 12
2353285529 17748 77 12
2434559790 17942 77 12
1836073325 16435 78 12
250553453 6359 78 12
2148347572 17191 78 12
1544080697 15020 78 12
447033493 10922 78 12
250553450 6357 78 12
1544080695 15019 78 12
1477030253 14708 78 12
1477030357 14720 78 12
1477030327 14715 78 12
415467785 10548 78 12
2140779564 17183 78 12
6474528181 20643 78 12
282895212 7973 78 12
158684688 2267 79 12
5875496019 20347 79 12
24912990 75 79 12
166334525 2361 79 12
166334756 2362 79 12
360154478 10013 80 12
353022453 9956 80 12
353022434 9953 80 12
255390134 6867 80 12
826649958 12992 81 12
826649984 12998 81 12
1684698606 15536 81 12
478155081 11308 81 12
587387080 11921 81 12
2400583705 17894 81 12
587386706 11919 81 12
311375410 9194 81 12
1722770940 15661 81 12
241490938 5053 81 12
5372038385 20142 81 12
28868721 159 81 12
241490968 5055 81 12
267241962 7538 81 12
587397690 11926 81 12
317131770 9459 81 12
2384238258 17837 81 12
348090189 9907 81 12
6685095371 20720 81 12
317132769 9471 81 12
156574684 2207 82 12
156574709 2209 82 12
156574715 2210 82 12
2367860588 17822 82 12
4832146685 19859 82 12
201579319 3421 82 12
4832146682 19856 82 12
202480213 3437 82 12
176863858 2587 83 12
176865294 2590 83 12
176862483 2585 83 12
178744002 2684 83 12
1754351087 15741 83 12
575742809 11862 83 12
2421594578 17926 83 12
178732133 2667 83 12
178734529 2672 83 12
11372557536 22081 83 12
176749910 2511 83 12
176755414 2513 83 12
176785475 2526 83 12
176792953 2534 83 12
656416450 12308 84 12
656416434 12304 84 12
156734547 2223 84 12
315986465 9389 84 12
4430288702 19718 84 12
422017697 10616 84 12
2277747228 17467 85 12
6690690290 20727 85 12
9691746404 21578 85 12
9691746389 21570 85 12
206162658 3816 85 12
206162656 3814 85 12
206162678 3823 85 12
9691746368 21566 85 12
3507322937 19043 85 12
793643225 12875 85 12
1425506346 14579 85 12
205455868 3595 85 12
205458477 3598 85 12
188616685 2818 85 12
5405951907 20155 85 12
2482409645 18038 85 12
199191570 3334 85 12
205498960 3663 85 12
215108886 4468 85 12
1838154346 16510 86 12
242570626 5329 86 12
635337726 12237 86 12
635142493 12230 86 12
635337715 12236 86 12
635142470 12225 86 12
243208059 5477 86 12
664808727 12372 86 12
243192296 5437 86 12
243213681 5506 86 12
241929152 5248 86 12
1027006560 13649 86 12
242548319 5299 86 12
1839185363 16526 86 12
573453880 11853 86 12
1839185453 16528 86 12
1312087255 14056 86 12
1364310485 14363 86 12
1364310507 14365 86 12
1839185333 16523 86 12
1312087223 14055 86 12
243483875 5587 86 12
1841010588 16546 86 12
1841010591 16548 86 12
1841010600 16554 86 12
243541730 5600 86 12
1841010596 16551 86 12
1843322371 16582 86 12
1843322192 16568 86 12
1841010583 16545 86 12
1990838045 17020 86 12
1990838047 17022 86 12
1843322147 16561 86 12
243215241 5513 86 12
243570503 5608 86 12
1748877721 15701 86 12
2864271393 18553 86 12
1845970511 16604 86 12
1845970520 16607 86 12
9949281269 21651 87 12
1543455738 14989 87 12
9949097797 21642 87 12
9949281267 21649 87 12
9949281262 21645 87 12
9949281259 21644 87 12
12006059539 22237 87 12
244429617 5817 87 12
250973243 6394 88 12
206096981 3749 88 12
1833671356 16141 89 12
1833671375 16144 89 12
1828719860 15933 89 12
207459381 4144 89 12
874166567 13130 89 12
1831340031 16059 89 12
208713220 4312 89 12
793710441 12884 89 12
291546716 8311 90 12
1848897398 16651 90 12
11110084015 21945 90 12
6873364222 20828 90 12
324708541 9591 90 12
4675558554 19805 90 12
10067738098 21686 90 12
10067762818 21688 90 12
10067762826 21690 90 12
316826320 9451 90 12
2133408940 17164 90 12
268867847 7708 90 12
301841810 8631 90 12
349228371 9935 90 12
2344736564 17730 90 12
679092219 12533 90 12
2093640911 17087 90 12
2133408892 17145 90 12
1862632079 16705 90 12
299458116 8594 90 12
690899754 12583 90 12
1036450610 13673 91 12
158700144 2277 91 12
158700123 2270 91 12
60580061 866 91 12
1591374572 15163 91 12
1839312811 16537 91 12
1846028623 16641 91 12
326183374 9615 91 12
247643733 6203 92 12
290035396 8132 92 12
251749874 6660 92 12
2649564146 18341 92 12
247576266 6184 92 12
176756824 2515 93 12
605558404 12081 93 12
141601002 1952 93 12
141600007 1943 93 12
313775093 9250 93 12
132773114 1608 93 12
276731211 7832 93 12
930283192 13403 93 12
64621532 894 93 12
360978 4 93 12
1461082745 14678 93 12
546174062 11680 93 12
141596632 1935 93 12
141600012 1945 93 12
597720280 11975 93 12
29393096 224 94 12
2468469027 18001 94 12
1701379622 15611 94 12
208840332 4319 94 12
162631335 2311 94 12
528713720 11633 94 12
10125437800 21709 94 12
10125437798 21707 94 12
199035591 3268 94 12
310436892 9125 94 12
808934327 12939 95 12
1531697989 14961 95 12
253850536 6787 95 12
1829981725 15974 95 12
1591646479 15166 95 12
533838023 11659 95 12
854629225 13084 95 12
533838009 11658 95 12
2609532592 18274 95 12
600054230 11997 95 12
253349526 6732 95 12
1791835638 15789 95 12
475021305 11291 95 12
4470212444 19734 95 12
583402366 11890 95 12
251691045 6628 96 12
251690559 6620 96 12
251690607 6621 96 12
241889767 5197 96 12
241611506 5124 96 12
242775662 5369 96 12
242773027 5365 96 12
29015693 217 96 12
569947300 11810 97 12
439701722 10719 97 12
569943487 11806 97 12
2199915472 17346 97 12
3048820381 18685 97 12
2478005432 18022 97 12
381889577 10349 97 12
1868644406 16820 97 12
1275941205 13985 97 12
3048689371 18683 97 12
303851498 8872 97 12
11078300660 21937 99 12
290043415 8215 99 12
502837206 11531 99 12
257806534 7003 99 12
310845785 9160 99 12
257806335 6999 99 12
257811467 7013 99 12
7802200738 21129 99 12
369749233 10257 99 12
313945409 9253 99 12
313675950 9236 99 12
249744390 6314 99 12
5344709939 20126 99 12
178716655 2647 99 12
409776494 10483 99 12
4066299765 19470 99 12
244148167 5797 99 12
2565021585 18204 99 12
296628199 8425 99 12
392623665 10435 99 12
10213493769 21753 99 12
10198644414 21748 99 12
3858462774 19376 99 12
268401579 7665 99 12
268401757 7680 99 12
6751607274 20762 99 12
268401160 7635 99 12
303981263 8919 0 13
622006341 12134 0 13
30684765 289 0 13
621294533 12131 0 13
412430579 10512 0 13
1520882290 14935 0 13
33622847 404 0 13
215383643 4477 0 13
215378398 4472 0 13
6758965633 20766 0 13
259705271 7286 1 13
259705478 7293 1 13
259704727 7277 1 13
1796841881 15802 1 13
502849415 11549 1 13
1016222612 13571 1 13
567962193 11765 1 13
218202856 4593 1 13
7832513035 21156 1 13
567822027 11748 1 13
567822022 11746 1 13
600448166 12012 1 13
426635760 10622 1 13
368236658 10222 1 13
258525165 7091 1 13
368236677 10229 1 13
111441096 1205 2 13
4707207513 19812 2 13
35118433 455 2 13
74889065 907 2 13
2364133339 17810 2 13
2494597090 18084 2 13
1863936328 16756 2 13
1863936312 16752 2 13
2361642698 17801 2 13
5206149675 20003 2 13
1891590829 16879 2 13
36709330 665 2 13
2361274857 17795 2 13
8211255943 21229 2 13
8211255949 21231 2 13
9386023638 21499 2 13
9490568552 21519 3 13
1837327054 16480 3 13
4319307392 19644 3 13
703501325 12685 3 13
4319306980 19641 3 13
9294663680 21467 3 13
213615280 4436 3 13
206278333 3926 3 13
5318256485 20077 3 13
206301481 3960 3 13
116113090 1317 4 13
257149231 6967 4 13
116126458 1341 4 13
501556747 11522 4 13
116139243 1350 4 13
501556534 11521 4 13
145983051 2073 4 13
116139798 1353 4 13
116142965 1364 4 13
116142969 1365 4 13
137701374 1664 4 13
245028299 5921 5 13
10300383595 21787 5 13
11423688817 22120 5 13
11423688819 22121 5 13
241856399 5149 5 13
8483823074 21311 5 13
241596517 5110 5 13
447822587 10936 6 13
447822559 10930 6 13
3837673855 19375 6 13
2663544559 18361 6 13
2534217829 18138 6 13
1425219277 14575 7 13
1425219270 14572 7 13
291296034 8284 7 13
2415422826 17917 7 13
288566582 8094 7 13
286577960 8041 7 13
391659415 10420 7 13
3785137361 19320 7 13
445672888 10792 7 13
445672892 10794 7 13
446100616 10826 7 13
282911632 8003 7 13
302059019 8660 7 13
6379962164 20573 7 13
11465450293 22126 7 13
302058966 8659 7 13
303980374 8915 8 13
54172522 793 8 13
1868412004 16804 8 13
1868411992 16801 8 13
1868411939 16793 8 13
1862678537 16724 8 13
242536377 5289 8 13
443978525 10762 8 13
443978561 10765 8 13
443978553 10764 8 13
247220638 6125 8 13
975520477 13490 8 13
975538801 13497 8 13
459177796 11155 8 13
208521351 4260 8 13
2362324629 17808 8 13
1862678490 16719 8 13
2365710766 17813 8 13
385763249 10363 8 13
208520889 4256 8 13
1434490471 14627 9 13
258591394 7158 9 13
599667624 11996 9 13
1020974790 13622 9 13
197445722 3087 9 13
2726023613 18420 9 13
321783011 9572 9 13
1826728269 15911 9 13
2726022622 18418 9 13
246446916 6071 9 13
5551640084 20185 9 13
857516962 13096 9 13
857516988 13100 9 13
1200494050 13898 9 13
1200494483 13900 9 13
1826701362 15900 9 13
1826700013 15897 9 13
1826710663 15906 9 13
1826707739 15903 9 13
283016562 8011 10 13
2279562641 17524 10 13
35157930 473 10 13
258313728 7040 10 13
34956125 428 10 13
250347918 6331 10 13
355600012 9986 10 13
292324514 8345 10 13
206093772 3741 10 13
6558664827 20689 10 13
966631528 13460 10 13
200876421 3380 10 13
200851533 3376 10 13
134800584 1628 10 13
1683300611 15527 10 13
966631513 13458 10 13
243207975 5471 11 13
1835927651 16384 11 13
1835694337 16342 11 13
243735675 5638 11 13
242246319 5287 11 13
242548561 5304 11 13
1681588269 15513 11 13
1345057166 14177 11 13
326141838 9606 11 13
326147916 9611 11 13
242573381 5337 11 13
1834395369 16211 11 13
3528783585 19089 11 13
2571104664 18215 11 13
1836967748 16466 11 13
2295903677 17588 11 13
772620119 12826 11 13
243736452 5639 11 13
6413890771 20599 11 13
243207992 5474 11 13
1456777916 14660 11 13
1835927560 16347 11 13
623051558 12159 11 13
1327262422 14107 11 13
1835927572 16354 11 13
1835927571 16353 11 13
243884393 5658 11 13
1327261565 14100 11 13
245555941 5944 11 13
1834642165 16255 11 13
1165866675 13848 11 13
296628552 8438 12 13
1016444214 13584 12 13
307814852 9016 12 13
409484235 10474 12 13
178707747 2642 12 13
1925158092 16949 12 13
247158558 6099 12 13
247220259 6121 12 13
247220788 6126 12 13
243988969 5742 13 13
206292676 3946 13 13
310435672 9120 13 13
9450253085 21511 13 13
132365872 1583 13 13
3465550916 19000 13 13
10894335737 21883 13 13
4427458527 19712 13 13
1269226627 13973 13 13
205501397 3684 13 13
1775982147 15770 13 13
3323710112 18886 13 13
206389341 4055 13 13
206389358 4058 13 13
206389309 4053 13 13
206389279 4049 13 13
206389338 4054 13 13
150742586 2126 14 13
141943513 2017 14 13
141944938 2026 14 13
1275548869 13982 14 13
216351208 4513 15 13
216361644 4518 15 13
199462980 3354 15 13
213826168 4446 15 13
196188788 2998 15 13
196188612 2994 15 13
844093620 13061 15 13
1487254762 14744 15 13
1902204060 16896 15 13
1487254744 14737 15 13
1487254757 14741 15 13
1586112280 15143 15 13
1586094639 15142 15 13
231946450 4830 15 13
2351506152 17742 16 13
767083546 12804 16 13
303282546 8835 16 13
303282557 8837 16 13
308724844 9043 16 13
308724764 9036 16 13
308724918 9059 16 13
3172830096 18739 16 13
4241856012 19573 16 13
4317971162 19629 16 13
2272608810 17459 16 13
2272608804 17458 16 13
651488990 12266 16 13
3174921471 18750 16 13
775952236 12838 16 13
2273906780 17461 16 13
1681701773 15515 16 13
793040044 12873 16 13
768551369 12809 16 13
308724909 9056 16 13
308725072 9073 16 13
929469029 13399 16 13
929441863 13398 16 13
304019967 8931 16 13
304019811 8929 16 13
304021822 8937 16 13
302796590 8776 16 13
303022808 8794 16 13
303023134 8797 16 13
2129499743 17139 16 13
2129499718 17137 16 13
303023346 8799 16 13
303230296 8823 16 13
303299404 8849 16 13
3324820771 18893 16 13
303299264 8847 16 13
303231304 8826 16 13
303230709 8824 16 13
1324168654 14090 17 13
1324168649 14089 17 13
6762035557 20769 17 13
1112269028 13811 17 13
137605396 1662 17 13
6762035568 20772 17 13
7460873679 20995 17 13
218154826 4573 17 13
1345325260 14181 17 13
5533964859 20176 17 13
194768348 2966 18 13
1837326900 16469 18 13
2930691006 18626 18 13
201408505 3397 18 13
201472384 3400 18 13
201479143 3401 18 13
193741587 2928 18 13
3764358207 19300 18 13
192772942 2874 18 13
111675708 1221 19 13
111671479 1218 19 13
112399686 1268 19 13
185726169 2814 19 13
366221876 10183 19 13
243828265 5651 19 13
577264844 11871 19 13
577264954 11872 19 13
115647809 1300 20 13
244514303 5866 20 13
259793446 7316 20 13
259793469 7320 20 13
1434510112 14632 20 13
1096272052 13791 20 13
244517925 5898 20 13
244514442 5870 20 13
1345592806 14202 20 13
4360278001 19663 20 13
1633176089 15354 20 13
1751223306 15715 20 13
257802916 6990 21 13
1595068977 15174 21 13
4144628231 19512 21 13
310843750 9158 21 13
226011250 4669 21 13
100296927 1061 21 13
789827649 12853 21 13
301589706 8622 21 13
8722968623 21367 21 13
4283725269 19590 21 13
310985437 9167 21 13
1835020504 16302 21 13
1835020500 16299 21 13
313673373 9219 21 13
6511737889 20685 21 13
290043807 8233 21 13
6681649436 20716 21 13
1868713148 16827 21 13
6142719405 20452 21 13
313673473 9221 21 13
313674488 9230 21 13
313673974 9229 21 13
9833955256 21626 21 13
5745025327 20296 21 13
792258147 12863 21 13
6387235917 20577 21 13
5736909503 20289 21 13
5736909508 20291 21 13
7640030349 21051 22 13
292466063 8356 22 13
678568894 12499 22 13
373097846 10304 22 13
287001572 8051 22 13
292466049 8355 22 13
373095672 10303 22 13
678568928 12502 22 13
1383638977 14491 22 13
5253909038 20018 22 13
2836983794 18523 22 13
247567139 6178 22 13
247567138 6177 22 13
206097440 3756 22 13
336781515 9713 22 13
336780847 9711 22 13
2164680584 17234 22 13
678570336 12514 22 13
678568865 12496 22 13
1648845135 15430 22 13
2339340864 17716 23 13
664199469 12371 23 13
193943660 2963 23 13
125631044 1497 23 13
129898450 1532 23 13
60579473 847 23 13
206390016 4084 24 13
208680064 4302 24 13
188639563 2821 24 13
315521875 9352 24 13
199126128 3310 24 13
9699128818 21587 24 13
199125598 3308 24 13
205512905 3715 24 13
205512888 3713 24 13
205512924 3719 24 13
199124361 3304 24 13
1830878596 15988 24 13
1830878601 15989 24 13
3201526527 18797 24 13
1831131521 16001 24 13
1831131564 16003 24 13
208720859 4314 24 13
6116215780 20436 24 13
1833665914 16137 24 13
6411772042 20589 24 13
199080024 3277 25 13
2774961233 18457 25 13
5318304039 20080 25 13
5318304038 20079 25 13
1798131825 15805 25 13
2202491442 17405 25 13
793649105 12880 25 13
793652412 12882 25 13
5405652584 20152 25 13
1425506351 14580 25 13
793644724 12876 25 13
173867639 2479 25 13
205338482 3561 25 13
5318619277 20087 25 13
1837326953 16477 25 13
6234033126 20487 25 13
369682267 10248 25 13
36801307 672 26 13
260775616 7379 26 13
251381528 6504 26 13
262978410 7430 26 13
355645029 9995 26 13
355646637 10001 26 13
356224694 10003 26 13
197358423 3049 26 13
197355475 3046 26 13
198120670 3143 26 13
356425614 10004 26 13
199246157 3347 26 13
199244983 3343 26 13
192820230 2883 26 13
1615374220 15289 26 13
244488307 5837 26 13
569934833 11786 27 13
1619475293 15322 27 13
296235185 8410 27 13
296235136 8408 27 13
297324551 8454 27 13
10679468927 21828 27 13
682311831 12553 27 13
1123351536 13816 27 13
682311809 12550 27 13
2415383831 17915 27 13
290043372 8212 27 13
3647139408 19153 27 13
469211814 11195 27 13
3125419109 18713 27 13
1835020499 16298 27 13
290043460 8220 27 13
3558181205 19102 27 13
3687008242 19219 27 13
251687109 6612 28 13
336801453 9719 28 13
9778254991 21605 28 13
250975219 6397 28 13
250972938 6392 28 13
1867493813 16780 28 13
1752495809 15726 28 13
1757187357 15753 28 13
3675982788 19196 28 13
3675982795 19197 28 13
1375576837 14453 29 13
1375576839 14454 29 13
1598918078 15177 29 13
373128245 10317 29 13
345181759 9843 29 13
345181761 9844 29 13
5665034838 20243 29 13
5665034825 20241 29 13
2202276082 17397 29 13
6312913169 20524 29 13
1608815567 15261 29 13
445480824 10782 30 13
4886633227 19893 30 13
283817393 8026 30 13
1918630245 16943 30 13
282913102 8008 30 13
291923707 8340 30 13
291922974 8336 30 13
291923328 8338 30 13
130033456 1570 30 13
205498553 3653 30 13
205498790 3657 30 13
205498922 3662 30 13
445458740 10778 30 13
8579287473 21331 30 13
1019724674 13606 30 13
205498894 3660 30 13
605039498 12073 31 13
243898093 5708 31 13
243898133 5716 31 13
243898170 5719 31 13
272427086 7785 32 13
1918394777 16930 32 13
316268296 9436 32 13
1479043577 14723 32 13
6401827351 20584 32 13
1619453570 15318 32 13
1914424771 16924 32 13
203251072 3461 32 13
6864182280 20821 32 13
2356961706 17783 32 13
1863960417 16761 32 13
2356961697 17781 32 13
2356961680 17780 32 13
3609909863 19138 32 13
687281100 12559 32 13
1717975800 15645 32 13
1982992326 17002 32 13
1982992329 17003 32 13
2005082686 17026 32 13
1487254727 14736 32 13
1487254551 14733 32 13
1487292430 14751 32 13
1489668447 14767 32 13
1494183659 14787 32 13
11416626751 22119 33 13
1317794314 14087 33 13
1937696575 16956 33 13
2278118414 17478 33 13
11966039677 22227 33 13
588882682 11954 33 13
2278118399 17473 33 13
237482049 4953 34 13
4882223181 19889 34 13
501558059 11525 34 13
417138971 10578 34 13
216400650 4530 34 13
163930034 2315 34 13
351771076 9948 34 13
213938834 4461 34 13
6801378624 20790 34 13
7619831289 21043 34 13
303587783 8862 34 13
229907348 4754 34 13
1944187980 16967 34 13
237597016 4957 34 13
237698300 4987 34 13
237631378 4974 34 13
917085940 13338 34 13
206232559 3866 35 13
5318605249 20084 35 13
240295075 4994 35 13
240295091 4997 35 13
692194732 12606 35 13
321761048 9565 35 13
1725693007 15669 35 13
10844160749 21872 35 13
2298683713 17601 35 13
1168869199 13852 35 13
259102219 7212 35 13
4832146679 19854 35 13
4832146683 19857 35 13
929193030 13396 36 13
24912968 65 36 13
24912964 61 36 13
6139391464 20450 36 13
249662613 6311 36 13
100293163 1040 36 13
510569861 11583 36 13
510582029 11587 36 13
430784 13 36 13
36466129 545 36 13
36473079 571 36 13
36594938 656 36 13
36476885 598 36 13
36478359 619 36 13
36476882 596 36 13
21348454 45 36 13
342025471 9762 36 13
82408915 936 36 13
249581622 6301 36 13
125385881 1467 36 13
36480709 637 36 13
36480662 634 36 13
36480268 630 36 13
88797435 975 36 13
7046363074 20875 37 13
7117350607 20899 37 13
701611053 12657 37 13
9764980420 21600 37 13
439216913 10715 37 13
511980102 11592 37 13
294266203 8389 37 13
511980092 11589 37 13
150743213 2129 37 13
5435540383 20168 37 13
1016664047 13585 37 13
3723358500 19237 37 13
218202920 4597 37 13
7832513024 21154 37 13
7261940105 20953 38 13
768144716 12807 38 13
1832458033 16075 38 13
11201236276 21970 38 13
2240230206 17431 38 13
356944809 10009 38 13
11362833359 22013 38 13
1544080678 15015 38 13
316807060 9441 38 13
678448275 12489 38 13
251154513 6481 39 13
5470082761 20169 39 13
259696424 7243 39 13
1891430292 16874 39 13
251303187 6494 39 13
2845191141 18531 39 13
251672275 6569 39 13
254311810 6855 39 13
251672280 6570 39 13
3282912244 18854 40 13
1028629792 13661 40 13
3282912235 18853 40 13
248898684 6275 40 13
28867888 157 40 13
248898690 6278 40 13
257830425 7024 40 13
268401552 7662 40 13
268401550 7661 40 13
268401783 7684 40 13
676006152 12464 40 13
21378241 46 40 13
2140174385 17180 40 13
2140174376 17179 40 13
298182195 8509 40 13
676009251 12470 40 13
7438415247 20991 40 13
5251963549 20017 40 13
5574100491 20199 40 13
9251045008 21457 40 13
264042570 7439 40 13
2064677345 17060 40 13
196239523 3007 41 13
4736097355 19823 41 13
3585072594 19120 41 13
199111484 3288 41 13
193742555 2931 41 13
1409003410 14525 41 13
8545215471 21323 41 13
2166005380 17245 41 13
415261873 10543 41 13
1834027604 16168 41 13
1801433962 15821 41 13
290038891 8153 42 13
7549545646 21012 42 13
631974298 12180 42 13
2491329687 18075 42 13
631974045 12178 42 13
631975413 12181 42 13
290038691 8143 42 13
290039511 8171 42 13
7946258881 21176 42 13
838618650 13027 42 13
840425211 13048 42 13
7674888691 21083 42 13
201503884 3415 43 13
201500491 3414 43 13
6215569571 20480 43 13
5406977070 20160 43 13
1913238845 16919 43 13
168204411 2371 43 13
201489640 3408 43 13
60011703 833 43 13
582465570 11879 43 13
165185817 2333 43 13
596729745 11962 43 13
3837085960 19371 43 13
173302757 2443 43 13
2908740427 18611 43 13
5841910388 20334 44 13
116118798 1323 44 13
175079750 2489 44 13
281731191 7936 44 13
116146083 1369 44 13
669086491 12421 44 13
262931591 7428 44 13
116144807 1367 44 13
9900156760 21637 44 13
9124095916 21432 44 13
2326238831 17689 45 13
2888195809 18585 45 13
115647966 1302 45 13
241551096 5070 45 13
2445053209 17957 45 13
7147532292 20908 45 13
1619433903 15316 45 13
955065123 13431 45 13
252100985 6711 45 13
1354845396 14288 45 13
1354845516 14290 45 13
343543393 9791 46 13
290042069 8209 46 13
290041656 8206 46 13
11291627419 21993 46 13
250978124 6407 46 13
248768837 6260 46 13
251692501 6641 46 13
255421720 6889 46 13
247865642 6228 46 13
266594993 7458 46 13
251815074 6678 46 13
251690547 6619 46 13
2324849070 17681 46 13
241889750 5195 46 13
241889760 5196 46 13
3667429556 19170 46 13
10703087883 21844 46 13
6414104394 20601 47 13
2285867263 17562 47 13
2559546456 18185 47 13
11364239002 22053 47 13
4385837723 19703 47 13
246451212 6077 47 13
878878596 13178 47 13
3750116301 19273 47 13
208509592 4242 47 13
3961146030 19422 48 13
207440101 4111 48 13
241473644 5037 48 13
241468980 5027 48 13
2397472378 17889 48 13
4913568189 19898 48 13
241485430 5045 48 13
267217292 7512 48 13
2397460899 17885 48 13
267364241 7563 48 13
173857737 2472 48 13
11402923649 22100 48 13
241493960 5059 48 13
3514736955 19054 48 13
3282345147 18850 48 13
687923881 12572 48 13
310276146 9087 48 13
302059063 8664 48 13
311097191 9185 48 13
299458140 8596 48 13
206389686 4076 48 13
299458111 8593 48 13
10751894107 21850 48 13
310276164 9090 48 13
310277704 9100 48 13
310279790 9102 48 13
452068554 11091 48 13
687659524 12563 48 13
310286989 9108 48 13
310277702 9099 48 13
6379962158 20572 48 13
139181602 1731 49 13
139180649 1726 49 13
208671785 4295 49 13
2446570533 17969 49 13
493749606 11372 49 13
141440457 1907 49 13
633622893 12208 49 13
139177148 1708 49 13
139178577 1716 49 13
139175674 1699 49 13
139175175 1696 49 13
2933570149 18630 49 13
771114164 12818 49 13
141443424 1912 49 13
8684425187 21352 49 13
35784396 521 49 13
5752071478 20306 49 13
35494331 510 49 13
198845261 3224 49 13
244003712 5771 49 13
334660624 9695 49 13
243346400 5544 51 13
665269940 12377 51 13
243345049 5530 51 13
207501541 4156 51 13
207502158 4165 51 13
346315240 9902 51 13
207501624 4163 51 13
60580067 871 51 13
242176529 5274 51 13
241929071 5247 51 13
241926478 5239 51 13
207501618 4162 51 13
6120831203 20437 51 13
207475306 4151 51 13
3737568543 19244 51 13
1029366671 13664 51 13
1826047824 15875 52 13
465628391 11186 52 13
338815285 9732 52 13
1336913449 14140 52 13
1336913378 14137 52 13
1348661426 14233 52 13
1348714167 14238 52 13
1342040758 14160 52 13
2754831743 18430 52 13
1363094443 14347 52 13
925953151 13373 52 13
1834664745 16274 52 13
372901214 10296 53 13
373146670 10333 53 13
372901120 10294 53 13
370922261 10277 53 13
246137695 5996 53 13
7674888690 21082 53 13
246152046 6043 53 13
1626973985 15332 54 13
2828853967 18503 54 13
205325284 3546 54 13
205496491 3640 54 13
2585786950 18234 54 13
1848897394 16649 54 13
3323710122 18887 54 13
1715240250 15640 54 13
6699453034 20731 55 13
1532541819 14966 55 13
448687327 10983 55 13
448687308 10982 55 13
448687340 10986 55 13
448687331 10984 55 13
370304337 10261 55 13
6137464343 20449 55 13
3713106048 19232 55 13
1547149827 15037 55 13
76461929 911 55 13
1587585766 15156 56 13
8921568361 21398 56 13
8070931396 21194 56 13
302059596 8675 56 13
360818092 10044 56 13
349228348 9934 56 13
11115157928 21950 56 13
1868644403 16819 56 13
301439062 8609 56 13
1868647568 16823 56 13
499156467 11487 56 13
2477870674 18021 56 13
2418313440 17921 56 13
940349225 13417 56 13
303407046 8861 56 13
445855988 10800 56 13
445855989 10801 56 13
288931978 8114 56 13
662529160 12354 56 13
1778333670 15773 56 13
301965432 8636 57 13
1751223413 15716 57 13
1017948946 13589 57 13
149038831 2101 57 13
152528979 2167 57 13
141943812 2020 57 13
119109181 1433 57 13
2879499372 18577 57 13
3523406208 19070 58 13
1843322216 16569 58 13
9577680423 21531 58 13
626873185 12166 58 13
1482218174 14725 58 13
1482218202 14726 58 13
1845970515 16605 58 13
1845970613 16622 58 13
11860431165 22190 58 13
1915634278 16926 58 13
895741713 13215 60 13
199120717 3296 60 13
206163299 3827 60 13
206160271 3800 60 13
206163295 3825 60 13
206266346 3899 60 13
206278277 3913 60 13
5318336635 20082 60 13
50685028 748 60 13
206293525 3951 60 13
3507325159 19046 60 13
206278273 3912 60 13
3507321497 19039 60 13
5318256477 20076 60 13
3507321502 19041 60 13
3507304192 19037 60 13
7222720014 20944 60 13
206301494 3961 60 13
206218903 3847 60 13
206217181 3834 60 13
206217234 3837 60 13
1590572757 15161 60 13
206217262 3838 60 13
1830878606 15990 60 13
206389765 4080 60 13
1831131655 16019 60 13
206391608 4087 60 13
243680980 5626 60 13
243680903 5622 60 13
1831131792 16040 60 13
5056927490 19938 61 13
260617860 7348 61 13
1027145617 13652 61 13
260618028 7350 61 13
260617861 7349 61 13
139261112 1827 61 13
260658717 7361 61 13
2941623972 18634 61 13
798226475 12892 61 13
243646128 5614 61 13
791975760 12860 61 13
139251329 1822 61 13
139210477 1781 61 13
185726739 2815 61 13
108300608 1185 61 13
28868826 171 62 13
448642586 10978 62 13
1584837390 15134 62 13
8743588229 21377 62 13
789827643 12850 63 13
301589550 8620 63 13
470341598 11236 63 13
315036165 9326 63 13
264042565 7437 63 13
5695479426 20258 63 13
6620356807 20704 63 13
7823601886 21150 63 13
257811113 7011 63 13
2200064522 17387 63 13
6395636565 20579 63 13
100297163 1063 63 13
248876863 6268 63 13
248876865 6269 63 13
315034218 9305 63 13
315033394 9302 63 13
310990190 9180 63 13
310990174 9178 63 13
100297166 1064 63 13
3665505654 19164 63 13
5706445158 20266 63 13
169293226 2403 63 13
5720638124 20284 63 13
5555046337 20190 63 13
205563829 3724 64 13
338918085 9738 64 13
205349882 3569 64 13
1837718937 16486 64 13
243204459 5463 65 13
338814652 9724 65 13
494466105 11388 65 13
494466091 11387 65 13
243204393 5461 65 13
1912985839 16904 65 13
1912985841 16906 65 13
1988486448 17013 65 13
7629813550 21047 65 13
494714529 11429 65 13
2564095642 18201 65 13
245573226 5955 65 13
2564095472 18200 65 13
563812133 11696 65 13
3863267438 19383 65 13
494530942 11393 65 13
494466057 11378 65 13
7511850423 21006 65 13
231889627 4819 66 13
7434843622 20990 66 13
198836316 3222 66 13
196684112 3032 66 13
195457021 2970 66 13
198442710 3156 66 13
198453090 3157 66 13
198779918 3179 66 13
231888928 4809 66 13
501562316 11526 66 13
237611938 4964 66 13
5334548358 20118 66 13
30254852 247 66 13
4921056309 19902 66 13
5397805988 20150 66 13
231687765 4779 66 13
9233804509 21451 66 13
1843009457 16559 66 13
439216193 10713 67 13
439216182 10711 67 13
150744969 2153 67 13
412430788 10520 67 13
413328699 10535 67 13
412050675 10508 67 13
1784828257 15778 67 13
471845470 11281 67 13
677321809 12477 68 13
2310015827 17650 68 13
2309740912 17639 68 13
1034029124 13669 68 13
2635947410 18325 68 13
1089241550 13772 68 13
1569092662 15077 68 13
465353924 11169 68 13
251500848 6526 68 13
247576282 6190 68 13
1089241551 13773 68 13
266114361 7452 68 13
677321796 12475 68 13
251153881 6478 70 13
251152507 6466 70 13
251152504 6464 70 13
251141670 6452 70 13
1045341348 13714 70 13
253869221 6832 70 13
1543460164 15001 70 13
11779182528 22165 70 13
253357342 6734 70 13
253358648 6739 70 13
253864749 6815 70 13
253864745 6813 70 13
262095291 7400 71 13
3281194846 18842 71 13
5146001273 19963 71 13
4232379851 19568 71 13
1297291548 14021 71 13
1298754775 14031 71 13
1297291555 14022 71 13
3964899153 19427 71 13
475057074 11298 71 13
6990406195 20854 71 13
28868939 185 71 13
450180538 11038 71 13
568571116 11777 71 13
2349099608 17737 71 13
1057433009 13733 71 13
2487107379 18063 71 13
1557576703 15054 71 13
446191376 10893 71 13
28868855 177 71 13
2389846034 17849 72 13
267148673 7488 72 13
527380542 11628 72 13
267148672 7487 72 13
241485443 5047 72 13
8492066336 21315 72 13
1003090605 13534 72 13
1806696947 15850 72 13
247390955 6141 72 13
247391097 6143 72 13
6945938389 20846 72 13
446136171 10844 72 13
282895175 7972 72 13
10769716405 21859 72 13
241468978 5026 72 13
3387868330 18943 72 13
282710373 7951 72 13
241468896 5017 72 13
290430529 8253 72 13
282710378 7953 72 13
446136167 10840 72 13
282891622 7966 72 13
446136175 10846 72 13
282901446 7982 73 13
251137358 6437 73 13
1019724635 13599 73 13
1837882473 16501 73 13
2172425831 17299 73 13
2172380788 17298 73 13
2346335327 17732 73 13
190973734 2830 73 13
1837882472 16500 73 13
11362985753 22031 73 13
452512988 11107 73 13
502841750 11536 73 13
452513116 11117 73 13
452513119 11119 73 13
11362999404 22033 73 13
241616084 5132 74 13
11951600419 22214 75 13
2754197029 18426 75 13
11959025390 22225 75 13
178721711 2654 75 13
2719349315 18412 75 13
2714797564 18411 75 13
2571662643 18216 75 13
132765473 1596 76 13
6870825579 20826 76 13
248175139 6244 76 13
499170312 11495 77 13
441386386 10730 77 13
692825452 12613 77 13
11060223791 21930 77 13
60126452 845 77 13
317170079 9478 77 13
2171719646 17282 77 13
2171719655 17284 77 13
203287074 3469 77 13
203281412 3468 77 13
3587525573 19122 77 13
190973768 2834 78 13
446990149 10915 78 13
447033491 10920 78 13
1836073288 16425 78 13
1836073316 16430 78 13
250553452 6358 78 13
1544080690 15018 78 13
350561217 9943 78 13
1477030341 14719 78 13
282894156 7971 78 13
1477030220 14706 78 13
207422133 4098 78 13
415463483 10546 78 13
848802019 13081 78 13
6474528182 20644 78 13
1130911944 13830 78 13
8737307391 21373 78 13
141609493 1985 79 13
5875496030 20349 79 13
24923995 97 79 13
24912989 74 79 13
353096041 9959 80 13
353022428 9952 80 13
270418238 7748 80 13
353022413 9950 80 13
826649983 12997 81 13
826649990 12999 81 13
1684698600 15535 81 13
2400583667 17893 81 13
317132474 9464 81 13
587384703 11918 81 13
241485460 5049 81 13
450993783 11052 81 13
694090048 12625 81 13
311356195 9191 81 13
478155060 11307 81 13
1684698594 15534 81 13
1684698579 15533 81 13
317132170 9463 81 13
3282056573 18847 81 13
3282056574 18848 81 13
2106630349 17103 81 13
243991927 5746 81 13
6793054750 20784 81 13
2400583725 17895 81 13
156574691 2208 82 13
156574760 2217 82 13
156574751 2215 82 13
156574719 2211 82 13
105406981 1157 82 13
8412656074 21295 82 13
202480210 3436 82 13
2991481578 18651 82 13
176864646 2589 83 13
176864419 2588 83 13
176873109 2597 83 13
178744878 2688 83 13
176802132 2537 83 13
1754351083 15740 83 13
132771974 1606 83 13
11372557525 22078 83 13
178734246 2671 83 13
178733676 2670 83 13
11372557537 22082 83 13
173850049 2468 83 13
176735394 2503 83 13
132764941 1593 83 13
176793392 2535 83 13
1205068780 13916 84 13
7978743547 21181 84 13
955211776 13437 84 13
315986467 9390 84 13
760589080 12782 84 13
1833671352 16140 84 13
422017701 10617 84 13
6285656709 20516 85 13
96513782 1019 85 13
9833863131 21621 85 13
9691746396 21574 85 13
6690690287 20726 85 13
9691746399 21576 85 13
9691746403 21577 85 13
206254085 3886 85 13
206266262 3895 85 13
206162655 3813 85 13
206162677 3822 85 13
206254082 3885 85 13
2483337134 18042 85 13
3507322939 19044 85 13
11327746340 21995 85 13
205499121 3667 85 13
205465873 3606 85 13
2478976998 18033 85 13
315520729 9351 85 13
188616689 2819 85 13
96511169 1010 85 13
4267889826 19584 85 13
199192282 3337 85 13
244130017 5783 85 13
626873245 12168 86 13
1838154300 16506 86 13
242570633 5330 86 13
1838154364 16512 86 13
635142462 12221 86 13
635142451 12218 86 13
635142427 12215 86 13
243208062 5478 86 13
459392018 11159 86 13
243347137 5551 86 13
241929153 5249 86 13
1849046223 16660 86 13
1839185353 16524 86 13
2335866237 17712 86 13
243202646 5441 86 13
243208149 5480 86 13
1312087289 14059 86 13
242562840 5310 86 13
1839185419 16527 86 13
11854125234 22188 86 13
1841010602 16555 86 13
1843322401 16587 86 13
1843322370 16581 86 13
5840558292 20333 86 13
1843322175 16565 86 13
1841010595 16550 86 13
243556181 5605 86 13
243523870 5596 86 13
243215300 5515 86 13
3287214674 18863 86 13
242565783 5322 86 13
1845970503 16601 86 13
1845970501 16599 86 13
1845970502 16600 86 13
700249815 12648 87 13
1341321581 14146 87 13
149352049 2104 87 13
244429605 5815 87 13
6505011738 20679 87 13
244429620 5818 87 13
1341407803 14147 87 13
250973244 6395 88 13
4382906613 19700 88 13
1690598472 15571 89 13
1833671379 16146 89 13
207454576 4142 89 13
207459382 4145 89 13
207453226 4139 89 13
874192321 13132 89 13
208717348 4313 89 13
1831340016 16057 89 13
1831340021 16058 89 13
11117426890 21958 90 13
291546715 8310 90 13
349163377 9918 90 13
10262736633 21767 90 13
11110084016 21946 90 13
415457991 10544 90 13
4675558551 19804 90 13
59629609 813 90 13
10067762819 21689 90 13
268117940 7566 90 13
2328761879 17701 90 13
2133408933 17162 90 13
2133408943 17165 90 13
268867850 7709 90 13
268871099 7713 90 13
6422742096 20605 90 13
289688498 8123 90 13
349228337 9933 90 13
307814636 9010 90 13
679092218 12532 90 13
2093640910 17086 90 13
349228332 9932 90 13
2133408895 17146 90 13
299458106 8591 90 13
299458091 8590 90 13
2601044067 18258 91 13
158700126 2271 91 13
1591374647 15165 91 13
1591374592 15164 91 13
207502196 4171 91 13
243346516 5548 91 13
60579928 861 91 13
4958663804 19923 92 13
251596682 6530 92 13
5759558404 20310 92 13
2278313545 17503 92 13
247579754 6194 92 13
605545821 12079 93 13
141600619 1949 93 13
132773113 1607 93 13
280951016 7924 93 13
178732256 2668 93 13
88195532 964 93 13
158292822 2255 93 13
36476892 605 93 13
36476946 606 93 13
116141316 1355 93 13
1461082743 14677 93 13
148726565 2075 93 13
367829434 10195 93 13
245407846 5934 94 13
243930022 5730 94 13
1701379629 15612 94 13
206292711 3949 94 13
208840334 4320 94 13
6350003424 20555 94 13
528713714 11632 94 13
5753603003 20307 94 13
198755851 3169 94 13
87935323 961 94 13
310437735 9126 94 13
808934376 12940 95 13
1531698071 14962 95 13
823257910 12976 95 13
247469629 6150 95 13
302198821 8691 95 13
1829981748 15976 95 13
5775727803 20316 95 13
854629217 13083 95 13
533837993 11657 95 13
280542653 7883 95 13
1630545269 15340 95 13
710955101 12697 95 13
4230906565 19564 95 13
823257885 12975 95 13
563307805 11689 95 13
2757479614 18447 96 13
251690875 6626 96 13
251690175 6617 96 13
242774569 5366 96 13
29009075 206 96 13
297324556 8456 97 13
298869163 8580 97 13
381889571 10348 97 13
1275941210 13986 97 13
1314568332 14073 97 13
290043443 8218 99 13
2309847068 17643 99 13
313676392 9237 99 13
297978666 8503 99 13
257835801 7028 99 13
257840745 7031 99 13
310847992 9165 99 13
313675779 9234 99 13
11077523483 21935 99 13
257811470 7014 99 13
2140140126 17175 99 13
7802200714 21127 99 13
369747302 10256 99 13
9111447535 21431 99 13
280739261 7905 99 13
178721010 2653 99 13
300961027 8602 99 13
1275941228 13992 99 13
296628209 8426 99 13
450803635 11050 99 13
676006790 12468 99 13
268401756 7679 99 13
30684763 288 0 14
412430584 10514 0 14
1946013897 16975 0 14
2621204298 18300 0 14
33622845 403 0 14
412430580 10513 0 14
259705689 7295 1 14
259705272 7287 1 14
259705477 7292 1 14
259704725 7276 1 14
8251514955 21246 1 14
7589045936 21024 1 14
8291030418 21263 1 14
1603334762 15226 1 14
567962194 11766 1 14
253760550 6772 1 14
218202732 4588 1 14
1370447517 14416 1 14
600448092 12009 1 14
262820001 7421 1 14
426637726 10624 1 14
368236659 10223 1 14
368236661 10225 1 14
6129311085 20444 2 14
4533652682 19761 2 14
2494597091 18085 2 14
1863936317 16753 2 14
586891729 11908 2 14
5206149641 20002 2 14
1863936335 16758 2 14
59628826 811 2 14
59628808 808 2 14
8211255958 21234 2 14
8211255954 21232 2 14
8211255948 21230 2 14
9386023639 21500 2 14
792648033 12869 3 14
703501346 12686 3 14
3754922751 19293 3 14
370324811 10274 3 14
4319306987 19643 3 14
703501247 12681 3 14
9294663675 21465 3 14
213622107 4438 3 14
206293530 3952 3 14
206316050 3970 3 14
206301466 3958 3 14
139250877 1821 4 14
157530492 2252 4 14
138272361 1666 4 14
110548699 1203 4 14
116147553 1374 4 14
116126781 1342 4 14
139247101 1818 4 14
116139382 1351 4 14
110548697 1202 4 14
29015656 211 5 14
29015653 209 5 14
241856401 5150 5 14
241856437 5152 5 14
447822595 10940 6 14
447822589 10938 6 14
10316598103 21799 6 14
1611044739 15271 6 14
3837673853 19374 6 14
246187351 6068 6 14
7393749319 20979 6 14
2534217830 18139 6 14
291748429 8321 7 14
3022200090 18663 7 14
303984175 8922 7 14
288566595 8096 7 14
391659416 10421 7 14
241469884 5028 7 14
445672886 10791 7 14
290427252 8252 7 14
302059053 8662 7 14
6379962154 20569 7 14
11465450294 22127 7 14
303980360 8914 8 14
54165796 792 8 14
1868412014 16805 8 14
3524062322 19080 8 14
1868411964 16796 8 14
499167817 11494 8 14
1832568392 16100 8 14
1581016205 15108 8 14
975539070 13508 8 14
459177794 11154 8 14
441401635 10733 8 14
3090589850 18696 8 14
2362324594 17805 8 14
208520894 4258 8 14
338815283 9731 9 14
258591427 7162 9 14
11438428448 22125 9 14
1020975013 13625 9 14
1586002417 15140 9 14
1826736080 15916 9 14
1826728321 15913 9 14
1586002414 15139 9 14
233115526 4860 9 14
857517052 13103 9 14
246187260 6059 9 14
5551640087 20186 9 14
2756969949 18445 9 14
857516986 13099 9 14
857517011 13101 9 14
1200495352 13904 9 14
1826701363 15901 9 14
248519084 6254 9 14
912112385 13315 9 14
1826710668 15907 9 14
4318175663 19639 10 14
235835979 4893 10 14
244488419 5838 10 14
1256730686 13966 10 14
250347972 6334 10 14
6558664832 20690 10 14
11370010429 22074 10 14
237225439 4940 10 14
200877257 3381 10 14
292474198 8366 10 14
200851531 3375 10 14
134800979 1629 10 14
5708836156 20277 10 14
5370116026 20141 10 14
1683300588 15525 10 14
1676173863 15473 11 14
1835927644 16381 11 14
243735644 5637 11 14
1027006485 13645 11 14
1345057137 14176 11 14
1345057230 14178 11 14
326141840 9607 11 14
242573034 5335 11 14
326146128 9608 11 14
1834395387 16215 11 14
1834395408 16220 11 14
1834395346 16203 11 14
3528783591 19091 11 14
2571104662 18214 11 14
257578989 6978 11 14
1836967766 16467 11 14
1834395370 16212 11 14
1836967642 16465 11 14
242579021 5349 11 14
243736646 5641 11 14
1835927619 16368 11 14
1835927626 16373 11 14
1838154349 16511 11 14
417213966 10589 11 14
245555935 5941 11 14
1835927577 16355 11 14
1326718295 14096 11 14
243820376 5649 11 14
417213952 10584 11 14
623050377 12158 11 14
245470988 5937 11 14
417213951 10583 11 14
1834642240 16259 11 14
1165866696 13849 11 14
296628558 8439 12 14
296628522 8436 12 14
766633235 12796 12 14
1016444190 13583 12 14
682317941 12555 12 14
178707744 2641 12 14
1925158091 16948 12 14
243988971 5743 13 14
205501357 3677 13 14
206292679 3947 13 14
2438453699 17945 13 14
206292862 3950 13 14
34959060 440 13 14
3465550912 18999 13 14
35435362 502 13 14
1269226551 13972 13 14
206389373 4060 13 14
206389378 4061 13 14
150742590 2127 14 14
141944778 2024 14 14
141945135 2027 14 14
216361651 4519 15 14
216363904 4520 15 14
216360346 4517 15 14
199463037 3359 15 14
196188607 2993 15 14
196188746 2997 15 14
59622950 806 15 14
1487254552 14734 15 14
1487254749 14739 15 14
844093692 13068 15 14
844093648 13065 15 14
231946609 4831 15 14
1159054625 13842 16 14
2351506149 17741 16 14
303282508 8833 16 14
303282545 8834 16 14
303282630 8840 16 14
303282556 8836 16 14
308725046 9070 16 14
838708638 13031 16 14
311469722 9198 16 14
3172830095 18738 16 14
3172830131 18743 16 14
569973646 11815 16 14
569978726 11823 16 14
651488924 12264 16 14
651488988 12265 16 14
3174921476 18751 16 14
2273906791 17462 16 14
303704728 8864 16 14
3800523058 19345 16 14
290040167 8177 16 14
766609364 12795 16 14
290040177 8178 16 14
768551379 12811 16 14
308724910 9057 16 14
499983457 11512 16 14
929441844 13397 16 14
308725075 9075 16 14
304020590 8934 16 14
304021185 8935 16 14
304019994 8932 16 14
304022058 8939 16 14
302796592 8777 16 14
303022595 8793 16 14
303098790 8806 16 14
303066901 8803 16 14
2129499717 17136 16 14
303098726 8805 16 14
303230247 8822 16 14
303231306 8827 16 14
2514425144 18111 16 14
303231399 8828 16 14
1324168657 14091 17 14
493754876 11373 17 14
5875296111 20346 17 14
6762035565 20771 17 14
253852082 6788 17 14
6762139389 20773 17 14
7773532722 21113 17 14
6433345764 20616 17 14
660779428 12350 17 14
218154836 4574 17 14
243986413 5739 17 14
5533964855 20175 17 14
204963937 3516 18 14
199001662 3265 18 14
204964042 3517 18 14
199008134 3266 18 14
2940386645 18633 18 14
199412318 3348 18 14
201479892 3402 18 14
244131759 5789 18 14
192772940 2873 18 14
111677369 1222 19 14
111674478 1219 19 14
112400145 1270 19 14
372844854 10291 19 14
139182095 1734 19 14
112392303 1256 19 14
366219918 10182 19 14
577268468 11875 19 14
330251416 9632 19 14
243828313 5652 19 14
243828943 5656 19 14
244509784 5848 20 14
244514706 5877 20 14
244514676 5875 20 14
645076015 12259 20 14
259793445 7315 20 14
645076195 12262 20 14
259793499 7321 20 14
253857836 6798 20 14
253857074 6792 20 14
244515348 5888 20 14
244514419 5869 20 14
1345592884 14204 20 14
1345592635 14199 20 14
429920644 10647 20 14
115647543 1292 20 14
1858767210 16699 20 14
1633176104 15355 20 14
310420191 9113 21 14
313675480 9233 21 14
207438426 4109 21 14
2140140111 17174 21 14
470341360 11230 21 14
789827650 12854 21 14
100296919 1060 21 14
290043582 8224 21 14
310985189 9166 21 14
290044059 8240 21 14
1835020502 16300 21 14
1835020498 16297 21 14
6341683585 20545 21 14
6511737887 20684 21 14
11879992442 22191 21 14
913657572 13319 21 14
470962105 11257 21 14
1671804692 15458 21 14
1868713154 16828 21 14
470952547 11250 21 14
473486963 11288 21 14
1833892417 16149 21 14
313673668 9226 21 14
313673502 9223 21 14
313673969 9228 21 14
9833955257 21627 21 14
8327218513 21269 21 14
5736909493 20287 21 14
1864309418 16770 21 14
100299464 1073 21 14
5736909507 20290 21 14
246450606 6073 22 14
620519767 12115 22 14
678568844 12492 22 14
1644187000 15399 22 14
1383753277 14497 22 14
678568888 12498 22 14
314922035 9291 22 14
631973035 12177 22 14
2470586701 18008 22 14
752206091 12768 22 14
10769472835 21856 22 14
1302598647 14038 22 14
5253909039 20019 22 14
247567119 6173 22 14
678448196 12482 22 14
331572297 9684 22 14
678571933 12524 22 14
2164680586 17235 22 14
3473974134 19005 22 14
2894342147 18600 22 14
678568853 12495 22 14
1473218396 14682 23 14
760589384 12784 23 14
4324871795 19646 23 14
360348083 10022 23 14
35158012 478 23 14
206389766 4081 24 14
206160253 3796 24 14
1482426975 14728 24 14
1425506441 14586 24 14
5321786310 20099 24 14
1424972122 14564 24 14
9699116411 21583 24 14
1425506457 14587 24 14
9699116416 21586 24 14
206156094 3786 24 14
199125094 3305 24 14
205512925 3720 24 14
205512882 3712 24 14
1425210113 14567 24 14
199125594 3307 24 14
1831131572 16004 24 14
206237093 3868 24 14
1831131516 15999 24 14
1833665917 16138 24 14
1833665902 16134 24 14
940476403 13419 24 14
6411772046 20590 24 14
2777359971 18459 25 14
204996889 3518 25 14
206281800 3941 25 14
2202491437 17404 25 14
205498700 3655 25 14
5405652598 20153 25 14
369681558 10247 25 14
793644743 12877 25 14
1445234747 14637 25 14
5318619530 20090 25 14
2184277662 17323 25 14
205338660 3566 25 14
5318619281 20088 25 14
206282628 3942 25 14
3507337642 19050 25 14
34956274 431 26 14
36801309 674 26 14
260775610 7378 26 14
262978417 7431 26 14
355645030 9996 26 14
270644616 7752 26 14
197359820 3050 26 14
197355485 3047 26 14
7005371042 20859 26 14
198123145 3146 26 14
4540199367 19764 26 14
6340314765 20544 26 14
192820232 2884 26 14
260008162 7330 26 14
296235796 8414 27 14
940349216 13415 27 14
10679468928 21829 27 14
344638186 9799 27 14
297324555 8455 27 14
682311832 12554 27 14
5646122358 20224 27 14
469386214 11218 27 14
2415383838 17916 27 14
290043457 8219 27 14
290043433 8216 27 14
4710450161 19815 27 14
303861608 8893 27 14
9514257597 21521 27 14
1835020505 16303 27 14
658054601 12315 27 14
6617801918 20702 27 14
251687099 6611 28 14
251686332 6607 28 14
2483248821 18040 28 14
9778254977 21601 28 14
250975221 6398 28 14
251685573 6599 28 14
250972950 6393 28 14
250972605 6391 28 14
1752495823 15731 28 14
3675982781 19194 28 14
2497965870 18092 28 14
1757187866 15754 28 14
3675982787 19195 28 14
1375576833 14452 29 14
1375576826 14450 29 14
874660638 13157 29 14
5303873388 20042 29 14
373128250 10318 29 14
2518959146 18133 29 14
345181693 9842 29 14
345186381 9846 29 14
1608815587 15262 29 14
2202276130 17400 29 14
2284819854 17555 29 14
3452612300 18996 29 14
445480837 10783 30 14
282912706 8004 30 14
283817391 8025 30 14
282910441 7999 30 14
1918630229 16942 30 14
283783661 8021 30 14
1958170850 16982 30 14
291922741 8333 30 14
4886633222 19891 30 14
3787442004 19324 30 14
6312982321 20528 30 14
3323891359 18888 30 14
205488077 3621 30 14
205494895 3626 30 14
205498843 3659 30 14
8577889729 21329 30 14
8579287472 21330 30 14
1019724638 13600 30 14
446080832 10819 30 14
218154300 4567 31 14
10672718889 21825 31 14
243898115 5713 31 14
1696948332 15592 32 14
1523166397 14954 32 14
1913238858 16920 32 14
5915643613 20373 32 14
9376036553 21495 32 14
9986469696 21662 32 14
5745367032 20297 32 14
378989904 10347 32 14
35135061 465 32 14
51971558 782 32 14
203250219 3460 32 14
2356961747 17787 32 14
1918454141 16932 32 14
2356961735 17784 32 14
1976422642 17000 32 14
59619772 804 32 14
1489668436 14765 32 14
2005082684 17025 32 14
1487290699 14750 32 14
1487293265 14753 32 14
229920517 4757 32 14
722655679 12705 33 14
2847227877 18536 33 14
1937696573 16955 33 14
631972226 12174 33 14
11959726709 22226 33 14
4014205530 19439 33 14
1089241571 13776 33 14
2658519824 18349 33 14
1034029146 13671 33 14
2278118392 17472 33 14
564930302 11727 33 14
10739336530 21848 34 14
4882223182 19890 34 14
111596183 1209 34 14
111613145 1216 34 14
192801114 2875 34 14
59968544 830 34 14
6801378623 20789 34 14
130074085 1579 34 14
602643783 12042 34 14
7492057414 21003 34 14
229902749 4749 34 14
1944187914 16963 34 14
237635104 4979 34 14
237632299 4976 34 14
237695971 4985 34 14
237696519 4986 34 14
237632662 4977 34 14
3526351354 19083 35 14
5318605262 20086 35 14
8186815790 21217 35 14
240295106 4998 35 14
240295064 4993 35 14
692194735 12607 35 14
692194669 12603 35 14
7787270596 21124 35 14
321761054 9566 35 14
321754356 9563 35 14
2298683731 17602 35 14
315882281 9358 35 14
2169033181 17251 35 14
316005537 9421 35 14
315993594 9406 35 14
242922137 5372 35 14
24912965 62 36 14
24912957 56 36 14
24912969 66 36 14
123726617 1457 36 14
21292410 42 36 14
36466301 546 36 14
10543469921 21803 36 14
36478356 617 36 14
36478357 618 36 14
5775894625 20318 36 14
24923999 100 36 14
24912986 71 36 14
82408905 935 36 14
64622806 901 36 14
152976640 2170 36 14
88194431 962 36 14
36480264 628 36 14
36476891 604 36 14
36480663 635 36 14
36480498 632 36 14
36480269 631 36 14
36476888 601 36 14
7046363076 20876 37 14
7295013866 20962 37 14
511980106 11593 37 14
439208695 10705 37 14
439208698 10706 37 14
439208717 10707 37 14
141944621 2023 37 14
1416618436 14556 37 14
10316832145 21800 37 14
1016664093 13586 37 14
1370447549 14417 37 14
3737690966 19250 37 14
2879499378 18579 37 14
1850727298 16682 38 14
1850727312 16683 38 14
7261940104 20952 38 14
452513042 11113 38 14
11201203906 21969 38 14
452512991 11109 38 14
2323488620 17670 38 14
2240230203 17430 38 14
1362429920 14339 38 14
11362833354 22012 38 14
316807061 9442 38 14
251154514 6482 39 14
253362661 6751 39 14
251303189 6495 39 14
3191762916 18791 39 14
251672019 6564 39 14
254312264 6857 39 14
254311809 6854 39 14
9230938316 21448 40 14
248898773 6286 40 14
248898695 6279 40 14
3338277548 18898 40 14
28867880 155 40 14
1829457404 15956 40 14
2357300096 17790 40 14
676006259 12467 40 14
339398474 9754 40 14
2200064686 17391 40 14
676009250 12469 40 14
5022030694 19935 40 14
365382389 10115 40 14
6862869360 20818 40 14
21378244 47 40 14
4295942392 19597 40 14
7816341704 21136 40 14
1276078619 14005 40 14
502836297 11527 40 14
4189911258 19536 41 14
2663215691 18359 41 14
201192000 3383 41 14
1834027594 16166 41 14
2252483263 17450 41 14
1956468442 16978 41 14
201191824 3382 41 14
1342050608 14165 41 14
1679058664 15488 42 14
631975425 12183 42 14
672299897 12431 42 14
4258719683 19580 42 14
290038693 8144 42 14
246155004 6051 42 14
598896343 11992 42 14
246161769 6056 42 14
201503893 3416 43 14
168212531 2373 43 14
177192972 2600 43 14
7105376470 20894 43 14
125822164 1507 43 14
165265884 2340 43 14
165123243 2323 43 14
201482437 3403 43 14
201492506 3411 43 14
227312858 4672 43 14
192823013 2887 43 14
582465574 11880 43 14
1199798157 13894 43 14
165138961 2327 43 14
172943570 2406 43 14
173300673 2440 43 14
2908740426 18610 43 14
3865046319 19387 44 14
175080067 2490 44 14
281731186 7935 44 14
116122967 1332 44 14
669086492 12422 44 14
677773445 12481 44 14
10756614258 21852 44 14
367823710 10193 44 14
7770498460 21110 44 14
4538049727 19762 44 14
241863113 5185 45 14
241863920 5190 45 14
29618846 241 45 14
4914989624 19899 45 14
2445053210 17958 45 14
7147532306 20911 45 14
955065613 13436 45 14
955065529 13435 45 14
3241460868 18833 45 14
343537787 9784 46 14
846602000 13077 46 14
298422628 8533 46 14
290040865 8192 46 14
250977925 6406 46 14
2832783180 18511 46 14
247866762 6230 46 14
247865645 6229 46 14
7637458845 21048 46 14
251821362 6682 46 14
2324849068 17680 46 14
2284498978 17542 47 14
4377961522 19695 47 14
2559546466 18186 47 14
871783908 13120 47 14
1382227741 14484 47 14
11364292403 22059 47 14
4385837720 19702 47 14
28869565 201 47 14
3750089550 19266 47 14
881993653 13185 47 14
5662654230 20229 48 14
5662654236 20232 48 14
207440085 4110 48 14
243203716 5443 48 14
2397472382 17890 48 14
3138364982 18727 48 14
2397472367 17888 48 14
267226357 7531 48 14
11402923653 22102 48 14
11402923656 22103 48 14
360704219 10039 48 14
451732778 11085 48 14
3514736954 19053 48 14
725321574 12714 48 14
311097189 9184 48 14
267348812 7556 48 14
11008500742 21912 48 14
725336181 12718 48 14
310279801 9103 48 14
687659707 12569 48 14
687659625 12567 48 14
687659569 12565 48 14
139181604 1732 49 14
139180648 1725 49 14
139181042 1728 49 14
208675895 4296 49 14
493763200 11374 49 14
633622890 12206 49 14
139177456 1709 49 14
139176846 1706 49 14
139178281 1713 49 14
139175563 1697 49 14
141447378 1922 49 14
772391717 12824 49 14
8684425180 21351 49 14
1593458128 15170 49 14
198845376 3225 49 14
334660654 9696 49 14
1928542157 16950 49 14
353871025 9973 51 14
353871020 9972 51 14
243344325 5529 51 14
243345051 5531 51 14
207501496 4154 51 14
6120872598 20438 51 14
207502162 4166 51 14
60580068 872 51 14
3469329540 19002 51 14
241933493 5260 51 14
241929567 5259 51 14
1850653081 16681 51 14
2197149763 17341 51 14
105394695 1154 51 14
105390599 1151 51 14
105378132 1146 51 14
9162839205 21440 51 14
925953149 13372 52 14
925953270 13384 52 14
1434490402 14626 52 14
1336913417 14138 52 14
1348714145 14237 52 14
1348714215 14243 52 14
925953093 13370 52 14
1833233113 16115 52 14
2754831839 18432 52 14
2754831734 18427 52 14
1342040885 14164 52 14
1834664743 16273 52 14
287243494 8079 53 14
373146671 10334 53 14
246114805 5978 53 14
2565541864 18207 53 14
246146747 6040 53 14
205436218 3580 54 14
205496398 3638 54 14
206389360 4059 54 14
130074091 1580 55 14
448928733 10989 55 14
448687359 10987 55 14
1614244997 15286 55 14
2563037923 18196 55 14
76461939 915 55 14
3713106045 19231 55 14
294492732 8397 55 14
76461930 912 55 14
4072671063 19486 56 14
7137234742 20903 56 14
2165196008 17240 56 14
289715583 8129 56 14
360812787 10043 56 14
302059476 8671 56 14
360818205 10047 56 14
1868644384 16818 56 14
682306053 12549 56 14
2463786471 17992 56 14
301439061 8608 56 14
291313036 8304 56 14
940349228 13418 56 14
499149118 11482 56 14
651966146 12267 56 14
445855986 10798 56 14
288931969 8113 56 14
149038820 2100 57 14
209187525 4375 57 14
1751854944 15723 57 14
1751854953 15725 57 14
1639979784 15378 57 14
1616059053 15290 57 14
1843322334 16575 58 14
3523406197 19069 58 14
8263967018 21250 58 14
1836967767 16468 58 14
242566130 5325 58 14
3523426412 19073 58 14
1845970579 16617 58 14
2478969593 18032 58 14
11860431158 22189 58 14
206160259 3799 60 14
2483337276 18044 60 14
8309130448 21267 60 14
2483337142 18043 60 14
206266331 3898 60 14
206273333 3906 60 14
206274069 3909 60 14
206278358 3933 60 14
206278299 3919 60 14
206324618 3985 60 14
3507321499 19040 60 14
5318336682 20083 60 14
206217541 3841 60 14
11536307413 22142 60 14
2460577037 17984 60 14
1831131683 16024 60 14
211169797 4408 60 14
243680889 5621 60 14
206237061 3867 60 14
211169795 4407 60 14
260657628 7358 61 14
260657625 7357 61 14
260657623 7356 61 14
1027146301 13653 61 14
260618165 7353 61 14
260658945 7363 61 14
260619450 7355 61 14
134600660 1618 61 14
139219159 1786 61 14
139192420 1768 61 14
4415006632 19709 61 14
260658130 7360 61 14
139219154 1785 61 14
139313137 1864 61 14
433036413 10684 61 14
108300617 1193 61 14
28868829 173 62 14
5485537558 20172 62 14
304562119 8976 62 14
3616296451 19142 62 14
8743588219 21375 62 14
3361948939 18910 63 14
789827645 12852 63 14
470341509 11233 63 14
301589510 8619 63 14
264042569 7438 63 14
339398478 9756 63 14
6862927726 20820 63 14
5682551636 20251 63 14
257811968 7015 63 14
2200064571 17388 63 14
310990098 9175 63 14
310990101 9176 63 14
5720638138 20285 63 14
6063202743 20428 63 14
6742294679 20756 63 14
6875158588 20832 63 14
1837718940 16487 64 14
7629813549 21046 65 14
243204661 5470 65 14
3238587810 18830 65 14
494466055 11377 65 14
494531242 11405 65 14
494466089 11386 65 14
2176926515 17304 65 14
387711544 10407 65 14
872079855 13123 65 14
1912985846 16910 65 14
1912985843 16908 65 14
1912985840 16905 65 14
7667255879 21074 65 14
563828787 11698 65 14
2564095719 18203 65 14
2564095397 18198 65 14
4173050449 19528 65 14
494530952 11394 65 14
5491835045 20173 65 14
7640517657 21059 65 14
494466084 11385 65 14
196684116 3033 66 14
196684074 3030 66 14
195591338 2980 66 14
198442683 3148 66 14
198442709 3155 66 14
2156611275 17212 66 14
237609970 4963 66 14
231889123 4812 66 14
6234248278 20488 66 14
7243152095 20947 66 14
231687746 4778 66 14
7903274006 21167 66 14
1275548950 13983 67 14
604013966 12062 67 14
411389621 10501 67 14
3385133391 18926 67 14
412430832 10526 67 14
2647746722 18336 67 14
262818962 7412 67 14
471845482 11282 67 14
906719141 13273 68 14
2310015810 17649 68 14
3684726799 19211 68 14
6235721249 20490 68 14
4505206128 19753 68 14
1836073104 16401 68 14
3950087542 19411 68 14
247576272 6186 68 14
465369699 11171 68 14
251500869 6527 68 14
1164154280 13845 68 14
247576288 6191 68 14
11779182566 22170 68 14
137568354 1653 68 14
1362429928 14340 68 14
251153673 6477 70 14
251153449 6473 70 14
251153460 6474 70 14
251152549 6469 70 14
251141628 6450 70 14
11346600461 22005 70 14
1543460143 14999 70 14
11779182543 22168 70 14
253358645 6738 70 14
502843690 11542 70 14
2892502041 18598 70 14
1863756390 16751 71 14
964787237 13447 71 14
2365185939 17811 71 14
964787257 13449 71 14
1298754667 14027 71 14
3964899150 19426 71 14
1731885101 15681 71 14
257043145 6959 71 14
681334888 12539 71 14
450180444 11029 71 14
28868927 183 71 14
4841114760 19867 71 14
207423092 4100 71 14
450180510 11037 71 14
207422135 4099 71 14
2487107283 18056 71 14
1557576700 15053 71 14
2396356922 17870 71 14
446191379 10894 71 14
267148674 7489 72 14
307877596 9022 72 14
527380543 11629 72 14
342964668 9764 72 14
1693531415 15575 72 14
267254160 7541 72 14
241485445 5048 72 14
10844226571 21873 72 14
446152450 10853 72 14
6214920399 20477 72 14
282895219 7975 72 14
977818770 13514 72 14
10069571584 21691 72 14
282710383 7954 72 14
9275802855 21461 72 14
282891620 7965 72 14
282710375 7952 72 14
446136169 10842 72 14
446080884 10822 73 14
1019724686 13608 73 14
1835506029 16335 73 14
11362985734 22025 73 14
452512982 11106 73 14
205501300 3672 73 14
452512995 11110 73 14
452512990 11108 73 14
2109839508 17105 73 14
792429598 12864 73 14
11362999383 22032 73 14
2876874316 18569 73 14
241616085 5133 74 14
11951600450 22215 75 14
178722114 2656 75 14
2714797545 18410 75 14
2714779019 18409 75 14
2179121804 17316 75 14
7035615518 20868 76 14
132765471 1595 76 14
441386448 10731 77 14
203870071 3484 77 14
60126455 846 77 14
856671467 13086 77 14
317170087 9481 77 14
2171719639 17281 77 14
288031025 8083 77 14
2171719660 17285 77 14
2512706277 18102 77 14
1875752619 16849 77 14
2353285524 17747 77 14
251137229 6420 78 14
446990150 10916 78 14
1836073295 16428 78 14
1836073248 16417 78 14
2052630875 17052 78 14
848802016 13079 78 14
415464017 10547 78 14
450180458 11035 78 14
922795877 13345 78 14
848802018 13080 78 14
1813586931 15867 78 14
6666047198 20713 78 14
24913012 84 79 14
360348088 10023 80 14
360348099 10025 80 14
360154492 10017 80 14
360340819 10018 80 14
360352289 10026 80 14
270417119 7745 80 14
353022426 9951 80 14
270417117 7744 80 14
826649965 12996 81 14
826649961 12994 81 14
4274867019 19585 81 14
317131467 9454 81 14
694088921 12619 81 14
241485468 5051 81 14
241490914 5052 81 14
1608407513 15255 81 14
2392833503 17858 81 14
317131773 9460 81 14
100303824 1108 81 14
100303823 1107 81 14
1683826408 15529 81 14
100303831 1110 81 14
156574725 2212 82 14
1399329082 14510 82 14
314073076 9279 82 14
201631576 3427 82 14
2991481575 18650 82 14
176863854 2586 83 14
178744831 2687 83 14
1147451148 13839 83 14
178744647 2686 83 14
132770087 1604 83 14
975538932 13504 83 14
11954391884 22218 83 14
178718069 2648 83 14
178719846 2651 83 14
178730521 2665 83 14
4284129238 19592 83 14
11372557531 22080 83 14
176748556 2509 83 14
176734824 2502 83 14
132765474 1597 83 14
173857075 2469 83 14
4095525374 19494 84 14
1205068715 13914 84 14
156734572 2224 84 14
6332936093 20534 84 14
3526394495 19087 84 14
1833671378 16145 84 14
1833665912 16136 84 14
512499535 11604 84 14
96511167 1009 85 14
9691746392 21571 85 14
9691746394 21573 85 14
5318256023 20074 85 14
206266251 3894 85 14
206162666 3818 85 14
206162672 3819 85 14
2603049087 18262 85 14
1425506339 14578 85 14
199115540 3291 85 14
205455855 3594 85 14
188616695 2820 85 14
6258777858 20499 85 14
5405953167 20158 85 14
206156093 3785 85 14
1425506377 14584 85 14
199128725 3316 85 14
1404776218 14519 85 14
6690687384 20724 85 14
626873174 12165 86 14
626873268 12169 86 14
1838154307 16508 86 14
1838154297 16505 86 14
242579488 5351 86 14
242565784 5323 86 14
635142465 12224 86 14
635142460 12220 86 14
635142481 12226 86 14
635142482 12227 86 14
635142422 12212 86 14
243208074 5479 86 14
242245176 5285 86 14
241929207 5253 86 14
242164272 5269 86 14
243192300 5439 86 14
243209380 5488 86 14
243208151 5481 86 14
1312087266 14058 86 14
1312087263 14057 86 14
1364310534 14367 86 14
752693527 12771 86 14
1841010604 16556 86 14
1843322414 16589 86 14
1843322377 16584 86 14
1843322428 16592 86 14
243548438 5603 86 14
8263967019 21251 86 14
1440285699 14633 86 14
243523838 5595 86 14
243732225 5635 86 14
3287214672 18862 86 14
242565781 5321 86 14
5706518829 20268 86 14
1845970504 16602 86 14
288842862 8111 87 14
700249813 12647 87 14
9949281263 21646 87 14
2070724244 17075 87 14
244429633 5821 87 14
1912873551 16903 87 14
244429623 5819 87 14
3527748009 19088 87 14
11950166139 22212 88 14
250972292 6389 88 14
250976325 6405 88 14
209163528 4370 89 14
1828719839 15931 89 14
207459384 4146 89 14
207453228 4140 89 14
207454567 4141 89 14
874188841 13131 89 14
1831339989 16055 89 14
316826313 9450 90 14
349163525 9919 90 14
291546719 8312 90 14
349180338 9924 90 14
11105988512 21944 90 14
7299773245 20965 90 14
2361426861 17797 90 14
2355682132 17776 90 14
4675558557 19806 90 14
7124200657 20900 90 14
59629608 812 90 14
11516691461 22134 90 14
268117941 7567 90 14
690899745 12580 90 14
2133408926 17158 90 14
316826311 9449 90 14
268867852 7710 90 14
268868865 7711 90 14
349164797 9922 90 14
307814640 9011 90 14
316824948 9448 90 14
1862632093 16706 90 14
299458086 8589 90 14
2328793977 17703 90 14
2601044068 18259 91 14
158700137 2274 91 14
243346407 5545 91 14
243346486 5546 91 14
243346622 5550 91 14
251749878 6661 92 14
7297829244 20963 92 14
247576267 6185 92 14
2278313563 17505 92 14
247579755 6195 92 14
2926570323 18624 93 14
280951075 7925 93 14
280950238 7923 93 14
11951731984 22217 93 14
11951731981 22216 93 14
88195739 965 93 14
36480971 638 93 14
36476947 607 93 14
6388698637 20578 93 14
245407271 5933 94 14
1631875862 15349 94 14
6350003453 20557 94 14
198987335 3261 94 14
198986808 3260 94 14
243892413 5697 94 14
245409619 5936 94 14
150738279 2114 94 14
34960071 449 94 14
137611388 1663 95 14
1235333431 13945 95 14
5739547507 20293 95 14
791331740 12857 95 14
280547295 7888 95 14
2609532572 18273 95 14
6702581246 20733 95 14
1785688820 15781 95 14
563307802 11688 95 14
440243921 10727 95 14
4230906569 19565 95 14
2682488415 18399 95 14
2619965989 18294 95 14
823282998 12978 95 14
2757479609 18446 96 14
251821789 6684 96 14
241611508 5125 96 14
251690246 6618 96 14
242774570 5367 96 14
241614280 5130 96 14
241584607 5072 96 14
5600490126 20204 97 14
4095923031 19496 97 14
302059755 8683 97 14
2309847050 17642 99 14
297978661 8502 99 14
257803342 6993 99 14
257840735 7030 99 14
7066542170 20882 99 14
2200063464 17382 99 14
1205057918 13910 99 14
7816341710 21137 99 14
7802129637 21126 99 14
1333861368 14126 99 14
297978659 8501 99 14
834380884 13021 99 14
1276078616 14004 99 14
2435366904 17944 99 14
178720925 2652 99 14
300961028 8603 99 14
2550056680 18175 99 14
412430570 10511 0 15
412430586 10515 0 15
290113729 8242 0 15
33622877 405 0 15
259705227 7285 1 15
1370447197 14403 1 15
259705273 7288 1 15
259705276 7290 1 15
259705278 7291 1 15
1606864240 15241 1 15
1606894804 15247 1 15
1016222776 13574 1 15
1056786641 13732 1 15
1025402194 13641 1 15
1025402153 13638 1 15
1370447399 14411 1 15
2927559688 18625 1 15
601210507 12015 1 15
262819923 7420 1 15
368236663 10226 1 15
368236660 10224 1 15
258525164 7090 1 15
74889063 906 2 15
6129307383 20443 2 15
1863936331 16757 2 15
586894618 11911 2 15
586897619 11914 2 15
3645921532 19151 2 15
59628809 809 2 15
8828043301 21388 2 15
8211255956 21233 2 15
8211255939 21227 2 15
1867506075 16782 3 15
374148766 10335 3 15
703501347 12687 3 15
703501324 12684 3 15
3754922753 19294 3 15
801179389 12924 3 15
4319307393 19645 3 15
213622113 4439 3 15
213611581 4435 3 15
206316045 3969 3 15
206316052 3971 3 15
116126452 1340 4 15
113494617 1277 4 15
4348836979 19658 4 15
116139384 1352 4 15
116141651 1358 4 15
112016218 1233 4 15
4479306237 19749 4 15
360982 6 4 15
29618835 235 5 15
2611455055 18283 5 15
241856403 5151 5 15
241857197 5161 5 15
241856578 5156 5 15
241856440 5153 5 15
447822593 10939 6 15
447822584 10934 6 15
447822570 10932 6 15
447799165 10928 6 15
447798526 10926 6 15
246187352 6069 6 15
1165789935 13847 6 15
2534217841 18141 6 15
2663544553 18360 6 15
7393749317 20978 6 15
241473366 5032 7 15
291294321 8282 7 15
568588201 11781 7 15
286577969 8044 7 15
288566583 8095 7 15
391659418 10422 7 15
446096334 10825 7 15
2639154543 18330 7 15
286577971 8045 7 15
3516930443 19057 7 15
6379962155 20570 7 15
303980799 8917 8 15
303980955 8918 8 15
290113745 8243 8 15
587665128 11953 8 15
1868412017 16806 8 15
1868412058 16811 8 15
499177581 11499 8 15
3524062318 19079 8 15
1868411983 16799 8 15
224320905 4663 8 15
558700169 11684 8 15
499165555 11493 8 15
6427215091 20609 8 15
1862678504 16722 8 15
7236739568 20946 8 15
208520892 4257 8 15
208520888 4255 8 15
258591400 7160 9 15
258591398 7159 9 15
7817610570 21141 9 15
197445740 3088 9 15
2726023006 18419 9 15
1586002409 15138 9 15
248519076 6253 9 15
232331588 4852 9 15
857517066 13104 9 15
246187366 6070 9 15
1611043987 15267 9 15
246187255 6058 9 15
982620201 13519 9 15
857517022 13102 9 15
857470359 13090 9 15
1826708946 15905 9 15
1022475190 13629 9 15
1613684130 15279 10 15
1256730697 13968 10 15
687697539 12570 10 15
250347974 6335 10 15
292565926 8367 10 15
237071794 4904 10 15
11370010427 22073 10 15
5362031724 20139 10 15
292607020 8368 10 15
292461662 8348 10 15
200851529 3374 10 15
134800981 1630 10 15
134799172 1626 10 15
134771140 1625 10 15
134771136 1624 10 15
5370116025 20140 10 15
1683300577 15523 10 15
243207980 5472 11 15
1835927646 16382 11 15
1835927639 16378 11 15
243736459 5640 11 15
1835927648 16383 11 15
1835694329 16338 11 15
243186051 5418 11 15
1681588273 15514 11 15
1345057120 14175 11 15
326137860 9603 11 15
326141823 9605 11 15
326147928 9612 11 15
1313116526 14063 11 15
3528783592 19092 11 15
1834395390 16217 11 15
475407797 11301 11 15
1834642290 16263 11 15
2353615492 17756 11 15
2353615445 17753 11 15
242580331 5352 11 15
1834395401 16219 11 15
1834395351 16206 11 15
242573030 5334 11 15
242579473 5350 11 15
10141323940 21724 11 15
243737461 5643 11 15
1835927623 16371 11 15
1835927630 16374 11 15
1835927637 16376 11 15
1835927632 16375 11 15
1838154311 16509 11 15
243207986 5473 11 15
417213965 10588 11 15
1835927600 16360 11 15
1835927566 16350 11 15
1835927579 16356 11 15
1326718098 14094 11 15
243885693 5659 11 15
1834642344 16265 11 15
417213957 10585 11 15
1454824943 14651 11 15
1835927599 16359 11 15
1834642168 16256 11 15
1834642288 16262 11 15
296628230 8427 12 15
321351425 9553 12 15
1016444118 13577 12 15
2915134562 18615 12 15
682317943 12556 12 15
2362037071 17802 12 15
178724459 2659 12 15
243988972 5744 13 15
243988959 5741 13 15
205501359 3678 13 15
206292682 3948 13 15
1631875833 15348 13 15
208875179 4327 13 15
34959054 439 13 15
1217626810 13921 13 15
1217626818 13922 13 15
150742599 2128 14 15
604032135 12067 14 15
141944812 2025 14 15
141944591 2022 14 15
150744989 2155 14 15
3678945741 19205 15 15
199463143 3363 15 15
199463057 3361 15 15
215926830 4500 15 15
199462993 3355 15 15
196188597 2991 15 15
1487254748 14738 15 15
231946638 4832 15 15
1159054673 13843 16 15
2343295142 17727 16 15
303282649 8841 16 15
303282818 8842 16 15
303282628 8839 16 15
308725053 9072 16 15
308724767 9037 16 15
3172830123 18742 16 15
6757135053 20764 16 15
840254021 13044 16 15
2272608696 17454 16 15
3172830118 18741 16 15
3172873019 18747 16 15
775952262 12839 16 15
11393992664 22098 16 15
290040591 8190 16 15
1681701787 15516 16 15
1829092456 15954 16 15
1828327872 15924 16 15
290040295 8180 16 15
1832176216 16069 16 15
840402433 13046 16 15
1711783256 15637 16 15
308725073 9074 16 15
304021319 8936 16 15
496844392 11460 16 15
7830107442 21152 16 15
304021936 8938 16 15
302796593 8778 16 15
303098791 8807 16 15
303935589 8904 16 15
303066900 8802 16 15
2129499713 17135 16 15
303230747 8825 16 15
303231403 8829 16 15
771227502 12819 17 15
245572930 5946 17 15
6762035562 20770 17 15
6762139395 20774 17 15
7546786315 21010 17 15
5739547508 20294 17 15
218154854 4577 17 15
199101814 3281 18 15
288343663 8092 18 15
199001656 3264 18 15
194470657 2965 18 15
5289937303 20034 18 15
6413710494 20593 18 15
7804396897 21131 18 15
197788280 3117 18 15
192749100 2855 18 15
197821770 3124 18 15
197418439 3079 18 15
111678955 1224 19 15
112400076 1269 19 15
139181130 1729 19 15
112395627 1263 19 15
112393049 1258 19 15
108300615 1191 19 15
9370294628 21491 19 15
577268524 11876 19 15
10116391636 21702 19 15
51244110 779 19 15
577265855 11873 19 15
244509767 5842 20 15
244515183 5883 20 15
244514708 5878 20 15
244514702 5876 20 15
244517971 5899 20 15
645076149 12261 20 15
645076108 12260 20 15
664001422 12362 20 15
259793444 7314 20 15
645076231 12263 20 15
259793501 7322 20 15
118054560 1390 20 15
664001515 12366 20 15
567937279 11749 20 15
253857475 6794 20 15
244515378 5889 20 15
244515379 5890 20 15
244514508 5872 20 15
4360278005 19666 20 15
5696599851 20259 20 15
310420193 9114 21 15
310846544 9162 21 15
470340909 11228 21 15
259245973 7230 21 15
470341361 11231 21 15
502836844 11528 21 15
2127834863 17123 21 15
2770992936 18454 21 15
290043819 8234 21 15
290044058 8239 21 15
1835020493 16294 21 15
4450955508 19730 21 15
313673659 9225 21 15
1834991412 16292 21 15
11880043380 22192 21 15
658054580 12314 21 15
3880633714 19394 21 15
3880633708 19393 21 15
470952656 11253 21 15
6773088791 20776 21 15
313950209 9261 21 15
313950200 9260 21 15
173858102 2475 21 15
8327218515 21270 21 15
8327218507 21268 21 15
5736909495 20288 21 15
173858137 2476 21 15
1864159522 16767 21 15
1400231677 14516 21 15
4232517015 19569 22 15
874633535 13149 22 15
1868987173 16841 22 15
292466170 8364 22 15
1644187734 15401 22 15
1648886423 15431 22 15
3566482782 19106 22 15
3482617258 19019 22 15
2278118427 17480 22 15
372883708 10293 22 15
752206089 12767 22 15
10769472838 21857 22 15
3790547450 19329 22 15
1302598667 14039 22 15
722655645 12702 22 15
4044851074 19457 22 15
2156650620 17213 22 15
678568884 12497 22 15
678570362 12520 22 15
314922137 9292 22 15
360348081 10021 23 15
35157971 475 23 15
208533091 4281 24 15
208533761 4283 24 15
188639566 2822 24 15
10583788209 21810 24 15
206156858 3788 24 15
11485665550 22130 24 15
9699116415 21585 24 15
9699116410 21582 24 15
199124099 3303 24 15
1425506394 14585 24 15
206162675 3821 24 15
9743555884 21593 24 15
199127868 3314 24 15
199128723 3315 24 15
199123279 3301 24 15
199128902 3317 24 15
1831131594 16007 24 15
1831131590 16005 24 15
1831131592 16006 24 15
1798138794 15811 24 15
5857273556 20340 24 15
940476411 13420 24 15
619958996 12113 24 15
206286919 3944 25 15
793644746 12878 25 15
205627345 3729 25 15
5318619531 20091 25 15
5318619534 20092 25 15
2184277661 17322 25 15
206279746 3939 25 15
205338644 3565 25 15
338961226 9740 25 15
5318255591 20070 25 15
5318619282 20089 25 15
3507337636 19049 25 15
283548910 8020 26 15
36801310 675 26 15
356219792 10002 26 15
260775608 7377 26 15
262978425 7432 26 15
689040208 12573 26 15
197377339 3051 26 15
4540199374 19767 26 15
197927322 3137 26 15
4540199370 19766 26 15
1097321683 13793 26 15
1425055453 14565 26 15
2200417041 17392 26 15
940349223 13416 27 15
10679468929 21830 27 15
569936710 11799 27 15
1123351514 13815 27 15
469386211 11217 27 15
313943438 9251 27 15
9431357932 21510 27 15
587634193 11933 27 15
251684309 6590 28 15
246154480 6048 28 15
251686629 6609 28 15
2483248825 18041 28 15
9778254992 21606 28 15
250975223 6399 28 15
251685642 6602 28 15
11409065127 22108 28 15
1748435588 15694 28 15
1748435607 15698 28 15
1375576753 14441 29 15
1375576793 14447 29 15
3750129708 19277 29 15
7219700085 20942 29 15
5303873399 20043 29 15
373128255 10319 29 15
4365354433 19678 29 15
345165709 9818 29 15
4365354435 19679 29 15
3452612299 18995 29 15
2202276097 17398 29 15
2284819834 17553 29 15
9139001867 21433 29 15
283817389 8024 30 15
283783669 8022 30 15
7256025708 20950 30 15
3186429936 18767 30 15
291922802 8334 30 15
3787442005 19325 30 15
282904326 7984 30 15
130033197 1562 30 15
205482989 3620 30 15
1020408975 13613 30 15
1019724657 13601 30 15
446080830 10818 30 15
446080889 10824 30 15
243898130 5715 31 15
243898192 5722 31 15
243898112 5712 31 15
1696984360 15600 32 15
1914424768 16923 32 15
177217513 2601 32 15
9374838774 21493 32 15
9982884917 21661 32 15
1700229338 15610 32 15
59851657 828 32 15
1315531478 14078 32 15
5267787485 20026 32 15
1862799045 16725 32 15
1863194061 16733 32 15
11815426937 22180 32 15
3609909864 19139 32 15
3529310086 19093 32 15
1489668068 14763 32 15
1507311619 14887 32 15
1487293457 14754 32 15
9590587765 21538 32 15
722655694 12706 33 15
2278118439 17481 33 15
4014205517 19438 33 15
1089241564 13775 33 15
1089241493 13767 33 15
5272443719 20030 33 15
2342176104 17721 33 15
1034029116 13668 33 15
520671842 11614 33 15
799102509 12916 33 15
111614678 1217 34 15
433056861 10685 34 15
111610163 1213 34 15
163931688 2316 34 15
205004442 3520 34 15
11093141748 21942 34 15
351681975 9946 34 15
7619831292 21044 34 15
370304919 10266 34 15
370305313 10268 34 15
725575255 12723 34 15
1501808155 14804 34 15
237597011 4956 34 15
237635103 4978 34 15
237642671 4981 34 15
917085929 13337 34 15
237629184 4973 34 15
3526351356 19084 35 15
206232492 3864 35 15
5318605250 20085 35 15
206232489 3863 35 15
207357445 4093 35 15
206232487 3862 35 15
692194728 12605 35 15
321761056 9567 35 15
259102696 7215 35 15
321754358 9564 35 15
2298683745 17605 35 15
2298683741 17604 35 15
2298683691 17597 35 15
315993592 9405 35 15
1856342432 16690 35 15
316005575 9422 35 15
259114696 7227 35 15
24912973 68 36 15
24912966 63 36 15
24912956 55 36 15
249907393 6318 36 15
249907398 6319 36 15
2140279464 17182 36 15
225759777 4667 36 15
36466893 547 36 15
36600643 664 36 15
36477849 613 36 15
5775894624 20317 36 15
910585323 13312 36 15
24912987 72 36 15
88194432 963 36 15
88797309 974 36 15
36476890 603 36 15
36477659 608 36 15
36480664 636 36 15
36476887 600 36 15
9755572844 21597 36 15
7046363070 20873 37 15
218202751 4590 37 15
511980110 11594 37 15
439224556 10716 37 15
1126350995 13825 37 15
439208737 10708 37 15
511980093 11590 37 15
5287382815 20033 37 15
1562295406 15056 37 15
604034837 12068 37 15
1837882450 16497 37 15
2879499375 18578 37 15
356944782 10008 38 15
2648726346 18338 38 15
2469457881 18006 38 15
452513107 11116 38 15
452513040 11112 38 15
452513067 11114 38 15
2097288070 17091 38 15
2323488609 17669 38 15
659819175 12345 38 15
11362833360 22014 38 15
316807159 9444 38 15
316807063 9443 38 15
1889957027 16868 39 15
253362657 6750 39 15
251608111 6531 39 15
251303190 6496 39 15
253857803 6795 39 15
1095195691 13785 39 15
254312262 6856 39 15
9217134446 21444 39 15
28867859 154 40 15
248898689 6277 40 15
28867856 153 40 15
676006258 12466 40 15
1028603484 13659 40 15
6862869363 20819 40 15
529021121 11635 40 15
5203872270 20001 40 15
1276078545 14003 40 15
2064677344 17059 40 15
4189911261 19537 41 15
196684063 3029 41 15
2663215153 18354 41 15
201192027 3384 41 15
1918394723 16928 41 15
215926832 4501 41 15
3208755569 18800 41 15
1679058617 15487 42 15
5882187357 20350 42 15
631975524 12184 42 15
651980680 12270 42 15
1688346346 15556 42 15
286163787 8040 42 15
246155005 6052 42 15
246117350 5991 42 15
4147014407 19518 43 15
201492893 3412 43 15
173302769 2445 43 15
7105376475 20895 43 15
173313782 2450 43 15
4429575668 19716 43 15
35313918 484 43 15
163915416 2312 43 15
4317167955 19615 43 15
130030787 1541 43 15
201482442 3404 43 15
201492472 3409 43 15
192823357 2888 43 15
192824288 2889 43 15
1238723832 13951 43 15
165138963 2328 43 15
5334533646 20116 43 15
9918611142 21640 43 15
172944889 2407 43 15
9918611146 21641 43 15
173302760 2444 43 15
8732215762 21369 43 15
116147457 1370 44 15
141595579 1930 44 15
175078684 2488 44 15
241863115 5186 45 15
241863895 5189 45 15
2888195804 18584 45 15
2445053213 17960 45 15
2445053207 17956 45 15
7147532301 20910 45 15
7147532285 20907 45 15
1356788209 14301 45 15
3241460875 18834 45 15
1356797641 14304 45 15
3479762040 19011 46 15
344786647 9803 46 15
1848532603 16646 46 15
298422629 8534 46 15
1849893090 16678 46 15
1849595081 16671 46 15
247866764 6231 46 15
251821793 6685 46 15
3149847662 18730 47 15
871783909 13121 47 15
11364292385 22057 47 15
11364292395 22058 47 15
4378929597 19696 47 15
9064608110 21419 47 15
28869566 202 47 15
2514382978 18109 47 15
463204188 11165 47 15
5662654229 20228 48 15
2389846031 17848 48 15
241494005 5061 48 15
499147063 11479 48 15
317676317 9497 48 15
2400069395 17892 48 15
267226156 7530 48 15
451732696 11060 48 15
432030906 10676 48 15
243237510 5525 48 15
360704207 10036 48 15
451732779 11086 48 15
451732766 11081 48 15
2158755824 17223 48 15
725321624 12715 48 15
310276160 9088 48 15
299458123 8595 48 15
1795174021 15796 48 15
725336116 12717 48 15
310276161 9089 48 15
687659588 12566 48 15
687659690 12568 48 15
244000428 5768 49 15
139180354 1724 49 15
11834861121 22186 49 15
139235849 1808 49 15
139181941 1733 49 15
633622892 12207 49 15
139177092 1707 49 15
139177457 1710 49 15
139177899 1711 49 15
11834861073 22183 49 15
139226596 1789 49 15
772391727 12825 49 15
141443426 1913 49 15
9661156088 21552 49 15
35876731 522 49 15
248173364 6242 49 15
681356569 12545 49 15
205503586 3701 49 15
334660660 9697 49 15
1634859365 15360 49 15
353871042 9974 51 15
243346148 5543 51 15
243345109 5533 51 15
353889593 9976 51 15
243345902 5540 51 15
3469329543 19003 51 15
1238508015 13950 51 15
3469329547 19004 51 15
1850653056 16680 51 15
2197149757 17339 51 15
207508004 4172 51 15
105390601 1152 51 15
2326353358 17694 51 15
105377688 1144 51 15
9162839195 21438 51 15
727411527 12736 52 15
1834685599 16285 52 15
1834438457 16225 52 15
3794409923 19333 52 15
338815279 9730 52 15
1336913316 14134 52 15
1348714202 14241 52 15
1348714290 14245 52 15
10295243760 21784 52 15
1834664739 16271 52 15
373134776 10320 53 15
373146662 10331 53 15
246114834 5979 53 15
246146950 6041 53 15
1614244967 15284 55 15
593278250 11956 55 15
2563050487 18197 55 15
370304214 10258 55 15
1544137680 15028 55 15
301756316 8626 55 15
288031030 8084 56 15
4072671062 19485 56 15
7126182465 20902 56 15
7126182446 20901 56 15
2165196012 17242 56 15
2165196017 17243 56 15
4095923032 19497 56 15
289715577 8128 56 15
838958848 13040 56 15
302059598 8676 56 15
2463786467 17991 56 15
1868428342 16816 56 15
301439057 8607 56 15
1967165656 16991 56 15
1868428351 16817 56 15
569937113 11802 56 15
475056937 11294 56 15
343722955 9797 56 15
6275020850 20505 56 15
1639979773 15377 57 15
1278630233 14006 57 15
150744147 2140 57 15
1751854946 15724 57 15
1354721813 14283 57 15
1843322336 16576 58 15
1843322184 16567 58 15
5934060399 20385 58 15
242566128 5324 58 15
3523426413 19074 58 15
2478969592 18031 58 15
206160258 3798 60 15
2483337301 18045 60 15
206163296 3826 60 15
206269589 3901 60 15
1801602835 15825 60 15
5319893093 20094 60 15
7707697239 21089 60 15
206278365 3935 60 15
206278363 3934 60 15
1831131659 16020 60 15
1831131671 16022 60 15
1831131775 16035 60 15
1831131791 16039 60 15
1604260939 15228 60 15
206237327 3870 60 15
366094507 10123 61 15
260661668 7372 61 15
260618029 7351 61 15
260618312 7354 61 15
260658944 7362 61 15
208919957 4353 61 15
139192418 1767 61 15
4415006638 19711 61 15
10611811670 21812 61 15
112395351 1260 61 15
112395831 1264 61 15
112395494 1262 61 15
108300616 1192 61 15
304560173 8965 62 15
1584837392 15135 62 15
448019183 10964 62 15
8743588223 21376 62 15
789827642 12849 63 15
3361948938 18909 63 15
470341510 11234 63 15
339398479 9757 63 15
6875144151 20830 63 15
9556437772 21524 63 15
5284924870 20031 63 15
310988521 9169 63 15
310990104 9177 63 15
5294483834 20037 63 15
469306138 11206 63 15
248898732 6281 63 15
268403554 7693 63 15
6742342021 20757 63 15
1837718942 16488 64 15
243204471 5469 65 15
603245343 12046 65 15
3238587803 18829 65 15
3238511178 18817 65 15
3238511191 18818 65 15
3238511197 18820 65 15
494531075 11400 65 15
494531479 11407 65 15
387706946 10405 65 15
2176926526 17305 65 15
387706940 10403 65 15
243204398 5462 65 15
1912985849 16912 65 15
12006260627 22240 65 15
5115097718 19952 65 15
1988509967 17016 65 15
563833230 11699 65 15
245573212 5954 65 15
4933365283 19909 65 15
4933365285 19911 65 15
7511827467 21005 65 15
494531141 11404 65 15
196683963 3027 66 15
5092299414 19948 66 15
195591333 2979 66 15
96537672 1035 66 15
198442699 3153 66 15
198442701 3154 66 15
198832793 3217 66 15
237628132 4972 66 15
231687550 4774 66 15
231687738 4777 66 15
231687864 4780 66 15
659497240 12326 66 15
411389618 10500 67 15
11368900494 22069 67 15
4259954279 19581 67 15
412430828 10525 67 15
412430795 10522 67 15
253865685 6818 67 15
2278980675 17521 68 15
906719140 13272 68 15
3726730247 19240 68 15
11362911360 22020 68 15
29615180 234 68 15
1530142052 14959 68 15
2160275363 17228 68 15
2278313574 17506 68 15
2267645970 17453 68 15
2126565577 17120 68 15
1164154049 13844 68 15
1164154402 13846 68 15
10915059906 21895 68 15
437272490 10692 68 15
677321803 12476 68 15
251153488 6475 70 15
251153580 6476 70 15
251152362 6463 70 15
251152332 6462 70 15
4551438160 19771 70 15
251141629 6451 70 15
5602878952 20205 70 15
437272503 10693 70 15
253360814 6747 70 15
1543460133 14997 70 15
11779182542 22167 70 15
253358601 6737 70 15
253865691 6820 70 15
1863756346 16747 71 15
1863756363 16748 71 15
964790706 13450 71 15
964787246 13448 71 15
964787229 13446 71 15
1309071436 14049 71 15
3964899148 19425 71 15
257043103 6956 71 15
1836073070 16399 71 15
2468291307 18000 71 15
5214065669 20007 71 15
450180447 11030 71 15
28868932 184 71 15
1608417367 15258 71 15
9064620938 21420 71 15
1583851658 15117 71 15
446191332 10886 71 15
446191381 10895 71 15
250551577 6345 72 15
307877533 9021 72 15
709083266 12695 72 15
267254163 7542 72 15
1806697020 15851 72 15
446762381 10900 72 15
446762375 10899 72 15
6214920408 20478 72 15
3320059769 18879 72 15
282906594 7994 72 15
977818804 13515 72 15
282711365 7958 72 15
282708995 7946 72 15
9275802860 21462 72 15
282891942 7967 72 15
446136176 10847 72 15
446080886 10823 73 15
1019724670 13604 73 15
1835505947 16331 73 15
452512997 11111 73 15
2535234321 18145 73 15
1837882471 16499 73 15
205501475 3689 73 15
2876874312 18568 73 15
241616545 5141 74 15
241616086 5134 74 15
2829069771 18504 75 15
4284129229 19591 75 15
2714779018 18408 75 15
280948533 7914 75 15
280948460 7913 75 15
2709469459 18407 75 15
7035615519 20869 76 15
176779541 2524 76 15
4316115135 19608 77 15
203873208 3487 77 15
203872597 3485 77 15
3916160561 19408 77 15
856671494 13089 77 15
317170081 9480 77 15
317170073 9477 77 15
2171719637 17280 77 15
360825974 10056 77 15
288031024 8082 77 15
2171719661 17286 77 15
856671478 13087 77 15
1862678438 16718 77 15
1862678428 16717 77 15
3599434728 19130 77 15
1835505908 16329 78 15
848802012 13078 78 15
3569430908 19113 78 15
415469729 10549 78 15
1608767301 15260 78 15
446161863 10871 78 15
446161979 10878 78 15
450180470 11036 78 15
3190051720 18780 78 15
848802028 13082 78 15
1813586888 15864 78 15
360348096 10024 80 15
360340839 10020 80 15
270418234 7747 80 15
270418233 7746 80 15
4596666850 19791 80 15
826649964 12995 81 15
587393143 11923 81 15
4274867020 19586 81 15
826650021 13000 81 15
317132479 9465 81 15
694088917 12617 81 15
451010266 11053 81 15
1608407510 15254 81 15
3153743474 18731 81 15
5171091927 19973 81 15
156574731 2213 82 15
156574746 2214 82 15
105406984 1158 82 15
201608293 3424 82 15
176842449 2573 83 15
178745312 2689 83 15
176840447 2566 83 15
575745942 11863 83 15
605511204 12077 83 15
178738173 2677 83 15
178724461 2660 83 15
178731505 2666 83 15
178726741 2663 83 15
280948564 7916 83 15
11372557526 22079 83 15
176756568 2514 83 15
176741654 2507 83 15
176738029 2504 83 15
132765476 1598 83 15
4095525378 19495 84 15
1199430550 13889 84 15
6248084855 20496 84 15
1205068380 13912 84 15
6332936091 20533 84 15
6332936099 20535 84 15
1199430525 13888 84 15
317457671 9495 84 15
1833665921 16139 84 15
512500290 11605 84 15
9691746393 21572 85 15
1425506376 14583 85 15
9691746397 21575 85 15
5318255616 20072 85 15
5318256027 20075 85 15
206162673 3820 85 15
2603049099 18263 85 15
206156070 3784 85 15
199190811 3332 85 15
5405953140 20157 85 15
199191966 3336 85 15
206156096 3787 85 15
1425210112 14566 85 15
1404776224 14520 85 15
6690690285 20725 85 15
7188382104 20938 86 15
1838154239 16503 86 15
1838154287 16504 86 15
1838154306 16507 86 15
242580338 5354 86 15
635142425 12214 86 15
635142450 12217 86 15
635142484 12228 86 15
1027006538 13648 86 15
241929205 5252 86 15
241928635 5246 86 15
243209377 5487 86 15
1845970698 16635 86 15
243213441 5501 86 15
1843322390 16586 86 15
243349448 5570 86 15
243732224 5634 86 15
1749849517 15706 86 15
5706518832 20270 86 15
139233329 1801 87 15
198859492 3232 87 15
3034856677 18669 87 15
669264977 12423 87 15
12006059541 22239 87 15
1703344911 15614 87 15
502942224 11551 87 15
244429625 5820 87 15
1341407832 14149 87 15
3741161719 19256 87 15
11950166138 22211 88 15
421985310 10615 89 15
8488492338 21312 89 15
207459385 4147 89 15
899607784 13223 89 15
874233687 13134 89 15
2018691072 17033 89 15
1831339977 16053 89 15
307814650 9012 90 15
349163548 9920 90 15
349180305 9923 90 15
349180340 9925 90 15
7299729559 20964 90 15
503469798 11560 90 15
349096982 9917 90 15
2361426854 17796 90 15
349089488 9916 90 15
2175148193 17303 90 15
4675558544 19803 90 15
2175148183 17302 90 15
241802917 5146 90 15
5745994986 20298 90 15
35744831 520 90 15
2133408912 17155 90 15
690899746 12581 90 15
2133408936 17163 90 15
349222833 9930 90 15
349164792 9921 90 15
2133408896 17147 90 15
1862632129 16713 90 15
299458107 8592 90 15
1670290396 15456 90 15
268626542 7704 90 15
158700153 2279 91 15
2601044071 18260 91 15
158700138 2275 91 15
353871044 9975 91 15
243346529 5549 91 15
1408938185 14524 91 15
251865328 6692 92 15
251749880 6662 92 15
2916444694 18617 92 15
178733675 2669 93 15
88197671 968 93 15
245405929 5928 94 15
245405931 5929 94 15
208840813 4321 94 15
6350003429 20556 94 15
10142854213 21727 94 15
603624683 12056 94 15
3682653280 19206 94 15
245408468 5935 94 15
149037858 2090 94 15
137601440 1658 95 15
1235333384 13942 95 15
6433345758 20615 95 15
791331781 12858 95 15
533837980 11654 95 15
11603586971 22150 95 15
2442543201 17953 95 15
280542437 7881 95 15
11603586974 22152 95 15
6702581244 20732 95 15
691693288 12585 95 15
823283065 12982 95 15
251691037 6627 96 15
5304626247 20047 96 15
10220475817 21757 96 15
251821100 6680 96 15
241584608 5073 96 15
1314572852 14074 97 15
302059759 8684 97 15
290043436 8217 99 15
290043409 8214 99 15
7816341695 21135 99 15
7837196294 21159 99 15
1276078512 14002 99 15
178722366 2657 99 15
291546703 8306 99 15
1275941214 13988 99 15
4304070342 19603 99 15
2550056678 18174 99 15
1648808415 15423 0 16
568003726 11768 1 16
1370447184 14402 1 16
1370447243 14405 1 16
259705274 7289 1 16
568003725 11767 1 16
4570923115 19779 1 16
4570923114 19778 1 16
259708384 7310 1 16
1606864215 15239 1 16
259706832 7298 1 16
279996003 7878 1 16
3377126626 18919 1 16
1606894770 15245 1 16
1016222681 13572 1 16
3744616642 19258 1 16
829889180 13009 1 16
1025402171 13639 1 16
1354721853 14286 1 16
1025435706 13643 1 16
3537196108 19095 1 16
262819908 7419 1 16
262820193 7422 1 16
368236655 10220 1 16
368236656 10221 1 16
208915172 4347 2 16
1593458240 15171 2 16
6129311087 20445 2 16
586897628 11916 2 16
586897621 11915 2 16
586895180 11913 2 16
1699566284 15608 2 16
8211255941 21228 2 16
7466798730 20997 2 16
374158050 10336 3 16
1867506047 16781 3 16
703501243 12680 3 16
213649498 4442 3 16
703501241 12678 3 16
801179787 12932 3 16
213620652 4437 3 16
1827370434 15921 3 16
243680869 5617 3 16
112014079 1229 4 16
116126000 1338 4 16
116112942 1316 4 16
116126782 1343 4 16
142635449 2031 4 16
116147536 1371 4 16
116141767 1360 4 16
139248541 1820 4 16
501556532 11520 4 16
112014706 1232 4 16
112014705 1231 4 16
110517369 1198 4 16
241606469 5116 5 16
2611455058 18284 5 16
241856398 5148 5 16
241857123 5157 5 16
241856535 5154 5 16
447822586 10935 6 16
447822571 10933 6 16
447799190 10929 6 16
1830088146 15980 6 16
447798530 10927 6 16
1611044855 15272 6 16
2415333364 17911 6 16
2534217834 18140 6 16
241473368 5033 7 16
568586395 11780 7 16
3048541958 18673 7 16
286577968 8043 7 16
3021231572 18658 7 16
286577976 8047 7 16
241468971 5025 7 16
290426562 8250 7 16
3021231562 18656 7 16
54175692 794 8 16
1515362129 14933 8 16
1515354531 14932 8 16
587665126 11952 8 16
1868412021 16807 8 16
1868412000 16803 8 16
443976303 10760 8 16
1868411947 16794 8 16
1868411994 16802 8 16
224322545 4664 8 16
2295298162 17587 8 16
3126203341 18717 8 16
443976314 10761 8 16
385765852 10372 8 16
6427215094 20610 8 16
2362324604 17807 8 16
872418111 13128 8 16
692833423 12614 8 16
5885428540 20352 9 16
2762373068 18448 9 16
428104792 10636 9 16
1826734746 15915 9 16
1826727088 15910 9 16
2534274626 18142 9 16
1200494535 13901 9 16
660896572 12351 9 16
233116978 4862 9 16
5551640083 20184 9 16
857516723 13093 9 16
1826708937 15904 9 16
1613684052 15277 10 16
34956126 429 10 16
244471607 5834 10 16
250347928 6332 10 16
256672323 6936 10 16
256673736 6942 10 16
50548555 738 10 16
237225435 4939 10 16
292461667 8349 10 16
200851527 3373 10 16
256568830 6934 10 16
134799174 1627 10 16
50575392 743 10 16
292663326 8369 10 16
251409396 6505 10 16
134770122 1623 10 16
49754373 720 10 16
1683300552 15521 10 16
635142412 12209 11 16
1835927624 16372 11 16
243736770 5642 11 16
1835927622 16370 11 16
1835694334 16340 11 16
5695149940 20257 11 16
3227030361 18808 11 16
243186049 5417 11 16
330943841 9652 11 16
330944491 9653 11 16
387679669 10392 11 16
326137872 9604 11 16
149352157 2107 11 16
242573038 5336 11 16
872099504 13126 11 16
1834395389 16216 11 16
1834395437 16224 11 16
2353542412 17750 11 16
2353615537 17759 11 16
626873224 12167 11 16
242580336 5353 11 16
2332792296 17709 11 16
1834395350 16205 11 16
1834395342 16201 11 16
243738820 5644 11 16
1835927620 16369 11 16
1835927638 16377 11 16
1835927643 16380 11 16
242579014 5348 11 16
635142423 12213 11 16
1835694332 16339 11 16
417213964 10587 11 16
2069392688 17071 11 16
1835927584 16358 11 16
1834642209 16258 11 16
1834642334 16264 11 16
417213962 10586 11 16
1835927607 16364 11 16
1454824945 14652 11 16
1835927602 16361 11 16
1834642160 16253 11 16
1834642246 16260 11 16
1834642385 16266 11 16
1834642415 16267 11 16
392595994 10424 12 16
296628145 8419 12 16
10381646 36 12 16
458283674 11151 12 16
1973508735 16997 12 16
700245182 12644 12 16
321351442 9555 12 16
178707743 2640 12 16
2362037075 17803 12 16
178719843 2650 12 16
7554400940 21014 13 16
10116691106 21703 13 16
205501493 3690 13 16
310435684 9122 13 16
1106426903 13798 13 16
208870762 4326 13 16
11364033945 22035 13 16
139169087 1684 13 16
604032045 12066 14 16
150744980 2154 14 16
216367935 4522 15 16
216367933 4521 15 16
215932070 4505 15 16
199463005 3356 15 16
2879887328 18581 15 16
1487254758 14742 15 16
30254677 244 15 16
231946731 4833 15 16
2343295146 17728 16 16
303236821 8830 16 16
308725047 9071 16 16
295985694 8404 16 16
308724760 9034 16 16
6757135078 20765 16 16
3172830116 18740 16 16
840272644 13045 16 16
3172830363 18745 16 16
840253986 13043 16 16
6475643725 20654 16 16
775953295 12841 16 16
290040306 8182 16 16
290040589 8189 16 16
1829092463 15955 16 16
1828378543 15927 16 16
7723362238 21092 16 16
290040297 8181 16 16
1832176215 16068 16 16
768551370 12810 16 16
308724911 9058 16 16
1711783236 15635 16 16
2647724864 18333 16 16
302796597 8780 16 16
303935944 8908 16 16
302796595 8779 16 16
295315956 8399 16 16
1631844781 15346 17 16
772992407 12829 17 16
1591701878 15169 17 16
218154859 4578 17 16
1416613231 14553 18 16
1837326934 16472 18 16
1837326905 16471 18 16
198996570 3263 18 16
288344248 8093 18 16
1872392563 16846 18 16
2116121086 17107 18 16
1828091695 15923 18 16
4202570920 19550 18 16
96536296 1030 18 16
2053921998 17054 18 16
197785717 3116 18 16
1044937419 13705 18 16
1872392562 16845 18 16
1837326901 16470 18 16
197821861 3125 18 16
197393457 3073 18 16
112396316 1267 19 16
112395905 1265 19 16
112393456 1259 19 16
108300614 1190 19 16
243828942 5655 19 16
577265861 11874 19 16
51243846 776 19 16
11289066181 21988 20 16
145918379 2058 20 16
244514709 5879 20 16
244515189 5884 20 16
1096272054 13792 20 16
244509773 5844 20 16
7159667420 20924 20 16
259793456 7318 20 16
259793510 7325 20 16
259793506 7323 20 16
118054561 1391 20 16
664001533 12367 20 16
664001507 12365 20 16
567937282 11750 20 16
567937340 11759 20 16
244515396 5891 20 16
244514730 5881 20 16
244514519 5873 20 16
4360278007 19668 20 16
4360278003 19664 20 16
903977554 13266 20 16
310843204 9157 21 16
310846929 9163 21 16
470340910 11229 21 16
3361965911 18911 21 16
470341365 11232 21 16
290043841 8235 21 16
1835020496 16295 21 16
470958816 11255 21 16
6511736773 20682 21 16
100300851 1083 21 16
100300852 1084 21 16
658054612 12316 21 16
303861621 8895 21 16
313951013 9263 21 16
3880633703 19392 21 16
470962104 11256 21 16
1833653236 16132 21 16
173858093 2474 21 16
1833653234 16131 21 16
473486844 11287 21 16
8327218516 21271 21 16
4225365413 19562 21 16
9833955254 21624 21 16
5393381692 20148 21 16
874633530 13148 22 16
336786499 9717 22 16
1868987153 16839 22 16
292466071 8359 22 16
373097847 10305 22 16
2836996618 18524 22 16
678568849 12494 22 16
5249475276 20016 22 16
2278118426 17479 22 16
631973028 12176 22 16
2799391346 18477 22 16
5420520187 20164 22 16
1302647645 14041 22 16
4044851055 19456 22 16
4841195183 19872 22 16
4841195189 19874 22 16
3482617246 19018 22 16
206389767 4082 24 16
206158804 3793 24 16
208693462 4306 24 16
1204778388 13908 24 16
199191875 3335 24 16
199120286 3295 24 16
9699116413 21584 24 16
5075547820 19940 24 16
199121868 3298 24 16
206162662 3817 24 16
206160251 3795 24 16
1831131596 16008 24 16
1831131600 16011 24 16
1830878612 15992 24 16
1831131597 16009 24 16
1837327047 16479 24 16
1831339686 16048 24 16
1831339683 16047 24 16
1831131634 16014 24 16
619959045 12114 24 16
1831131622 16013 24 16
2172088077 17288 25 16
240514622 5009 25 16
1837718946 16489 25 16
206222745 3854 25 16
2184277665 17324 25 16
205641364 3734 25 16
205641355 3733 25 16
793646578 12879 25 16
206279749 3940 25 16
2472122977 18014 25 16
338965536 9741 25 16
205639834 3732 25 16
563307902 11690 26 16
2350003220 17740 26 16
355604261 9988 26 16
197377343 3052 26 16
197924949 3134 26 16
4540199369 19765 26 16
197927318 3136 26 16
6625161480 20708 26 16
192820237 2885 26 16
914591488 13325 26 16
260010021 7331 26 16
3048541966 18675 27 16
3951390381 19412 27 16
569936634 11796 27 16
1123351625 13819 27 16
1123351589 13818 27 16
298862026 8570 27 16
313944183 9252 27 16
10796737049 21867 27 16
587634186 11932 27 16
251684310 6591 28 16
246154367 6047 28 16
251686567 6608 28 16
255420373 6884 28 16
287019424 8055 28 16
3675982768 19192 28 16
250975224 6400 28 16
251684630 6598 28 16
251685736 6603 28 16
251685890 6605 28 16
251674513 6584 28 16
331571068 9681 28 16
1748435608 15699 28 16
1748435606 15697 28 16
9778255005 21607 28 16
1375576786 14445 29 16
1375576848 14455 29 16
373098141 10308 29 16
373128223 10312 29 16
3750129705 19276 29 16
7219700086 20943 29 16
345176054 9829 29 16
345165714 9819 29 16
295980238 8402 29 16
871774459 13118 29 16
2284819861 17556 29 16
283817397 8028 30 16
283783700 8023 30 16
2786609361 18469 30 16
291922574 8332 30 16
291922991 8337 30 16
6312982350 20531 30 16
205498491 3652 30 16
283821742 8030 30 16
446037811 10808 30 16
1019724677 13607 30 16
1614856305 15288 30 16
251137348 6434 30 16
243898091 5707 31 16
149037914 2091 31 16
243898111 5711 31 16
1696984385 15601 32 16
1696993024 15602 32 16
8942673629 21406 32 16
2352550446 17744 32 16
35135070 466 32 16
2445917011 17964 32 16
1315531498 14079 32 16
1862799046 16726 32 16
1862799055 16727 32 16
586894768 11912 32 16
11815426928 22179 32 16
3567228548 19109 32 16
3567228531 19108 32 16
1126991476 13828 32 16
202398798 3432 32 16
1489668086 14764 32 16
330530449 9638 32 16
1505181760 14861 32 16
1487294385 14756 32 16
1487294599 14757 32 16
9590587764 21537 32 16
415801607 10551 32 16
2478666007 18030 33 16
2342176106 17722 33 16
2156729393 17214 33 16
520671841 11613 33 16
2278118384 17471 33 16
111611075 1214 34 16
111675193 1220 34 16
30624823 267 34 16
111611839 1215 34 16
437333675 10695 34 16
202872841 3445 34 16
5243834252 20012 34 16
8331646552 21275 34 16
3875841162 19390 34 16
3685653378 19216 34 16
3886013832 19398 34 16
370304921 10267 34 16
370305317 10269 34 16
844093663 13067 34 16
844093652 13066 34 16
844093607 13060 34 16
1501808156 14805 34 16
237597005 4955 34 16
2912801332 18613 34 16
1415173043 14549 34 16
1746125829 15693 34 16
5678186342 20246 34 16
280748175 7906 34 16
665359208 12389 35 16
206232558 3865 35 16
665359212 12390 35 16
105368195 1135 35 16
7787270595 21123 35 16
692194744 12609 35 16
259103288 7218 35 16
1725693002 15667 35 16
2298683733 17603 35 16
315994226 9410 35 16
315998869 9413 35 16
1856342434 16691 35 16
4278603482 19587 35 16
242922139 5373 35 16
24924000 101 36 16
24912974 69 36 16
24912967 64 36 16
24913009 82 36 16
1965389955 16986 36 16
2140279457 17181 36 16
36478355 616 36 16
5326007928 20104 36 16
24912970 67 36 16
24912988 73 36 16
36476889 602 36 16
36477660 609 36 16
36476886 599 36 16
7046363072 20874 37 16
1368372770 14378 37 16
1126350980 13824 37 16
1416618353 14554 37 16
665122818 12376 37 16
141943545 2018 37 16
1562295395 15055 37 16
218202822 4591 37 16
356944765 10007 38 16
6621399811 20706 38 16
11362938240 22022 38 16
694428182 12639 38 16
452513082 11115 38 16
694428186 12640 38 16
2323488441 17668 38 16
1530142039 14958 38 16
659819177 12346 38 16
11362833320 22009 38 16
2892555213 18599 39 16
3770654017 19306 39 16
2288892349 17573 39 16
502848359 11548 39 16
3191767671 18792 39 16
253859482 6803 39 16
254311786 6851 39 16
11201037203 21968 39 16
28867883 156 40 16
248898687 6276 40 16
5022058686 19936 40 16
5680218553 20249 40 16
6742342030 20759 40 16
4189911255 19535 41 16
196239394 3002 41 16
196684077 3031 41 16
2663215689 18358 41 16
196188491 2988 41 16
479328892 11309 41 16
1832042472 16067 41 16
215930007 4504 41 16
215932073 4506 41 16
1801433982 15822 41 16
195516068 2974 41 16
631975415 12182 42 16
9957047421 21653 42 16
6050798389 20425 42 16
672300730 12433 42 16
651980682 12271 42 16
1185378220 13875 42 16
651980677 12269 42 16
246147001 6042 42 16
631976129 12185 42 16
7105376480 20896 43 16
4429575666 19715 43 16
2824492995 18501 43 16
177223840 2603 43 16
2352550448 17746 43 16
172960597 2420 43 16
130030802 1542 43 16
35313742 479 43 16
1798123986 15804 43 16
11926010800 22204 43 16
172947833 2408 43 16
8626512999 21340 43 16
172943350 2405 43 16
1412277861 14532 43 16
10279905009 21774 43 16
8732215766 21370 43 16
116147539 1373 44 16
110548702 1204 44 16
141595971 1931 44 16
241863116 5187 45 16
252060503 6709 45 16
2445053219 17962 45 16
2445053218 17961 45 16
2273015342 17460 45 16
28381420 139 45 16
7147532137 20906 45 16
1356828360 14310 45 16
894720255 13204 45 16
1356788205 14300 45 16
95638591 990 45 16
9877022473 21631 45 16
1356797558 14303 45 16
344786649 9804 46 16
343537835 9786 46 16
1848541518 16647 46 16
3807490247 19349 46 16
11836027102 22187 46 16
11382664438 22093 46 16
621163707 12125 46 16
1849594001 16667 46 16
1849595080 16670 46 16
290041643 8205 46 16
251821334 6681 46 16
3149847661 18729 47 16
3235112157 18815 47 16
6621359703 20705 47 16
11364292373 22055 47 16
600289598 12004 47 16
4378929598 19697 47 16
2284819847 17554 47 16
4640474948 19798 47 16
6808452971 20794 47 16
6808452972 20795 47 16
2514382833 18108 47 16
874633323 13141 47 16
10780511667 21866 48 16
267204030 7507 48 16
709083324 12696 48 16
694103902 12630 48 16
314053880 9276 48 16
2397460900 17886 48 16
4909575422 19897 48 16
267255205 7543 48 16
451732691 11059 48 16
451732729 11069 48 16
432031842 10677 48 16
360704210 10037 48 16
243237514 5526 48 16
360704204 10035 48 16
315357505 9337 48 16
451732767 11082 48 16
3625680942 19144 48 16
310277671 9093 48 16
1672433529 15463 48 16
1696645838 15584 48 16
310277669 9092 48 16
310279737 9101 48 16
687659542 12564 48 16
139177901 1712 49 16
139234053 1805 49 16
244000431 5769 49 16
139229307 1791 49 16
139172179 1686 49 16
139179221 1718 49 16
11834861094 22184 49 16
141444436 1917 49 16
28390199 146 49 16
198850524 3226 49 16
139172178 1685 49 16
205503582 3700 49 16
334660664 9698 49 16
1839312738 16532 51 16
243345108 5532 51 16
243345110 5534 51 16
243345936 5542 51 16
248376043 6249 51 16
241928634 5245 51 16
3469329530 19001 51 16
280991417 7926 51 16
2197149747 17338 51 16
105390602 1153 51 16
207447920 4132 51 16
2326353350 17693 51 16
105377831 1145 51 16
105349583 1116 51 16
665359190 12385 51 16
9162839217 21441 51 16
727411525 12735 52 16
912092819 13314 52 16
925953255 13382 52 16
11425563686 22122 52 16
1602487708 15218 52 16
1434490343 14624 52 16
1348714203 14242 52 16
1348714168 14239 52 16
1348714255 14244 52 16
1834030403 16172 52 16
373134802 10321 53 16
287019446 8060 53 16
3790547414 19326 53 16
246154995 6049 53 16
76462013 918 55 16
1614244961 15283 55 16
3685653379 19217 55 16
1614244970 15285 55 16
1502802917 14808 55 16
30624055 256 55 16
1875752508 16848 56 16
7820468578 21147 56 16
2165196010 17241 56 16
2165196019 17244 56 16
1665717055 15443 56 16
289715576 8127 56 16
838958845 13039 56 16
1619420658 15313 56 16
296234991 8407 56 16
569937112 11801 56 16
2440786912 17946 56 16
1354721823 14284 57 16
678450681 12491 57 16
966850820 13461 58 16
1843322340 16577 58 16
6407990963 20588 58 16
5117321931 19957 58 16
5706518830 20269 58 16
199122780 3299 60 16
206273367 3907 60 16
206278366 3936 60 16
1200571175 13905 60 16
231762123 4785 60 16
1831131651 16018 60 16
1912533111 16902 60 16
1831131673 16023 60 16
1831131788 16038 60 16
1604273012 15229 60 16
1604260934 15227 60 16
207449920 4137 60 16
243680976 5625 60 16
260657637 7359 61 16
260659451 7365 61 16
340208152 9761 61 16
139194004 1773 61 16
4415006635 19710 61 16
25077720 111 61 16
304560119 8963 62 16
448642547 10974 62 16
765963560 12793 62 16
1584820335 15132 62 16
789827644 12851 63 16
268403571 7696 63 16
3437657041 18989 63 16
310988745 9171 63 16
310988600 9170 63 16
5294483840 20038 63 16
248898741 6285 63 16
268403569 7694 63 16
268403614 7698 63 16
1028603392 13658 63 16
5865742306 20343 63 16
2472118730 18013 64 16
205350413 3570 64 16
3238587802 18828 65 16
1912985842 16907 65 16
10295017555 21780 65 16
3238511196 18819 65 16
494531072 11399 65 16
387706941 10404 65 16
387708132 10406 65 16
9679814162 21563 65 16
1912985852 16915 65 16
1912985851 16914 65 16
5115098202 19953 65 16
1988509970 17018 65 16
1988509969 17017 65 16
245573211 5953 65 16
671572985 12427 65 16
7511778639 21004 65 16
4933365282 19908 65 16
4933365284 19910 65 16
494530917 11391 65 16
196683922 3026 66 16
198765234 3176 66 16
196188521 2989 66 16
2663215192 18357 66 16
198442694 3151 66 16
198442697 3152 66 16
198832790 3216 66 16
198767178 3177 66 16
96484914 997 66 16
231687701 4776 66 16
846247773 13076 66 16
5663788711 20233 66 16
83070410 957 66 16
2248644459 17446 67 16
2644686854 18331 67 16
3205205484 18798 67 16
412430815 10523 67 16
412050674 10507 67 16
253865687 6819 67 16
2160275357 17227 68 16
3723513416 19238 68 16
3684726803 19212 68 16
3684726786 19209 68 16
11779182539 22166 68 16
10914984945 21894 68 16
251137725 6444 68 16
251141597 6448 68 16
137568357 1654 68 16
251152312 6459 70 16
3508466499 19051 70 16
251152330 6461 70 16
5602878955 20206 70 16
253869264 6835 70 16
253358307 6736 70 16
1889957036 16872 70 16
262095287 7398 71 16
3790547468 19330 71 16
4232379850 19567 71 16
1731885074 15680 71 16
6633708432 20710 71 16
678448210 12484 71 16
450180408 11026 71 16
450180448 11031 71 16
2559546497 18188 71 16
1608417351 15257 71 16
258508446 7042 71 16
3297735513 18869 71 16
446161972 10877 71 16
446191339 10887 71 16
446191322 10881 71 16
267149112 7490 72 16
267147813 7486 72 16
2392833505 17859 72 16
1806697024 15852 72 16
247390937 6140 72 16
446161832 10862 72 16
247390935 6139 72 16
2396477847 17880 72 16
3320059766 18878 72 16
282910581 8000 72 16
282709325 7947 72 16
282711364 7957 72 16
282892285 7969 72 16
290432041 8257 72 16
290432891 8260 72 16
446080856 10820 73 16
1019724658 13602 73 16
452513125 11121 73 16
241617415 5142 74 16
241616539 5140 74 16
241616087 5135 74 16
280949058 7919 75 16
280947647 7912 75 16
176762224 2516 76 16
132765470 1594 76 16
202358589 3428 77 16
203872598 3486 77 16
331425707 9678 77 16
3916160562 19409 77 16
317170080 9479 77 16
2331840440 17708 77 16
317170327 9482 77 16
360825978 10057 77 16
2627128644 18305 77 16
1862678427 16716 77 16
293724474 8375 77 16
224294973 4662 77 16
1836073277 16422 78 16
3569430900 19110 78 16
1217534108 13920 78 16
446161860 10870 78 16
446191324 10883 78 16
3190051724 18781 78 16
245802009 5959 78 16
6341886900 20546 78 16
245802344 5960 78 16
1813586927 15866 78 16
282892685 7970 78 16
360340820 10019 80 16
4596666851 19792 80 16
4596666822 19786 80 16
360364599 10027 80 16
587384658 11917 81 16
915949357 13335 81 16
317132987 9473 81 16
317132516 9467 81 16
826649960 12993 81 16
317132517 9468 81 16
694088920 12618 81 16
1196065933 13879 81 16
694088929 12620 81 16
694090047 12624 81 16
3153743487 18732 81 16
3282093191 18849 81 16
105412990 1161 82 16
240344171 5005 82 16
105406985 1159 82 16
201608310 3425 82 16
6248084850 20495 82 16
176844902 2574 83 16
3185267501 18758 83 16
176840444 2565 83 16
3730919670 19241 83 16
2289602060 17579 83 16
176800941 2536 83 16
178737789 2676 83 16
178741864 2681 83 16
178735373 2674 83 16
178727377 2664 83 16
1147379558 13838 83 16
176750115 2512 83 16
176738031 2505 83 16
6333168036 20536 84 16
10024612643 21670 84 16
6248084843 20494 84 16
315986473 9391 84 16
1199430566 13890 84 16
1831505766 16062 84 16
1831340047 16060 84 16
5972939200 20400 84 16
422017709 10618 84 16
1412593669 14533 85 16
5318255615 20071 85 16
206266186 3890 85 16
1837718932 16483 85 16
206266306 3897 85 16
252186570 6712 85 16
1204778263 13906 85 16
199190813 3333 85 16
205512896 3714 85 16
626873172 12164 86 16
242571707 5331 86 16
635142417 12211 86 16
635142505 12231 86 16
242547260 5294 86 16
1027006515 13646 86 16
242242772 5283 86 16
242163692 5268 86 16
242162510 5262 86 16
242163619 5265 86 16
243214084 5507 86 16
243213436 5498 86 16
8206628741 21226 86 16
243213440 5500 86 16
243216106 5517 86 16
1843322384 16585 86 16
1843322406 16588 86 16
1440285700 14634 86 16
243349444 5569 86 16
198859755 3235 87 16
3034856674 18668 87 16
139231040 1794 87 16
198874358 3252 87 16
4847100928 19880 87 16
198836131 3221 87 16
11931386902 22207 87 16
139232453 1799 87 16
913889871 13322 87 16
8002458181 21183 87 16
502942243 11552 87 16
8148842608 21213 87 16
3753033502 19282 87 16
250972499 6390 88 16
512492335 11602 89 16
1828719841 15932 89 16
209140651 4368 89 16
1831339986 16054 89 16
207449917 4136 89 16
208705959 4309 89 16
349204031 9929 90 16
6477577617 20669 90 16
349204003 9928 90 16
11038070284 21922 90 16
415458406 10545 90 16
2356926567 17777 90 16
1684006052 15530 90 16
1798369251 15815 90 16
4977410479 19927 90 16
11516691426 22133 90 16
11516691468 22135 90 16
11334661739 21997 90 16
2133408911 17154 90 16
268117943 7568 90 16
690899730 12574 90 16
7593381012 21026 90 16
349222836 9931 90 16
1606145291 15235 90 16
1862632098 16707 90 16
2133408899 17148 90 16
299458085 8588 90 16
311097281 9190 90 16
2601044058 18256 91 16
6166836165 20459 91 16
2601044066 18257 91 16
105349597 1118 91 16
243346497 5547 91 16
1408938166 14523 91 16
251749962 6667 92 16
280948538 7915 93 16
280733476 7901 93 16
2932078381 18627 94 16
7249802886 20948 94 16
208839950 4318 94 16
206930192 4091 94 16
890796752 13197 94 16
6178287865 20463 94 16
2579557406 18220 94 16
280796940 7909 94 16
772063928 12823 94 16
243898107 5710 94 16
245575150 5957 95 16
302198690 8688 95 16
253849985 6785 95 16
8675714300 21350 95 16
5739547511 20295 95 16
533837986 11655 95 16
1546407093 15033 95 16
280542537 7882 95 16
11603586973 22151 95 16
6477028840 20659 95 16
5174646922 19976 95 16
11603586975 22153 95 16
1829981730 15975 95 16
441418709 10734 95 16
823283130 12983 95 16
823283156 12987 95 16
2315302730 17659 96 16
10073039360 21694 96 16
5304626248 20048 96 16
5339659092 20124 97 16
4095923038 19498 97 16
302059600 8677 97 16
302059753 8682 97 16
7802200715 21128 99 16
9658725561 21551 99 16
178722632 2658 99 16
2302377450 17615 99 16
302059769 8685 99 16
1275941226 13990 99 16
2231619414 17428 99 16
290884251 8275 99 16
2514952086 18122 99 16
1506234483 14880 0 17
1506234747 14882 0 17
1370447167 14401 1 17
259705834 7296 1 17
568287358 11771 1 17
1370447227 14404 1 17
1370447267 14406 1 17
1606894768 15244 1 17
1606894799 15246 1 17
259706824 7297 1 17
1606864217 15240 1 17
3377126622 18918 1 17
1016222608 13570 1 17
829887689 13006 1 17
1603334448 15224 1 17
1370447379 14410 1 17
1354721832 14285 1 17
3537196110 19096 1 17
983784366 13524 1 17
600448098 12010 1 17
6736624202 20750 1 17
262820207 7423 1 17
262820270 7424 1 17
8911994038 21397 1 17
368236664 10227 1 17
208916895 4348 2 17
492901673 11355 2 17
74889076 908 2 17
208924103 4357 2 17
586891764 11909 2 17
3524096346 19082 2 17
334116474 9693 2 17
1837327061 16481 3 17
703501242 12679 3 17
213611576 4434 3 17
801179305 12919 3 17
430500197 10659 3 17
50684984 745 3 17
1827370435 15922 3 17
243680866 5616 3 17
206307386 3966 3 17
112014078 1228 4 17
116126001 1339 4 17
116125763 1337 4 17
116123725 1333 4 17
148740553 2079 4 17
116145478 1368 4 17
116147646 1376 4 17
112014080 1230 4 17
110548696 1201 4 17
139248385 1819 4 17
501556523 11519 4 17
241857128 5159 5 17
241857248 5163 5 17
29015649 208 5 17
2611455052 18282 5 17
241857183 5160 5 17
241857270 5164 5 17
283213734 8014 6 17
283213724 8013 6 17
3744616724 19264 6 17
3744616727 19265 6 17
246187293 6062 6 17
1987610579 17007 6 17
1425219272 14573 7 17
391659407 10416 7 17
569936875 11800 7 17
3048541959 18674 7 17
296234989 8406 7 17
3021231580 18659 7 17
288566672 8097 7 17
290426869 8251 7 17
3185281181 18763 8 17
1868412025 16808 8 17
499177595 11502 8 17
2354686562 17763 8 17
692834815 12616 8 17
7919692145 21172 8 17
3126181090 18715 8 17
3126203339 18716 8 17
692833770 12615 8 17
872418073 13127 8 17
385763242 10360 8 17
258589942 7154 9 17
258589943 7155 9 17
7817610573 21142 9 17
2762373075 18449 9 17
3281901065 18846 9 17
1600314788 15197 9 17
1826727087 15909 9 17
1200494563 13902 9 17
233115529 4861 9 17
233117947 4863 9 17
233111796 4858 9 17
4048558420 19458 9 17
2726022082 18417 9 17
857516711 13092 9 17
34956128 430 10 17
1683300550 15520 10 17
250347968 6333 10 17
256672348 6937 10 17
256673831 6943 10 17
256673701 6938 10 17
256673727 6940 10 17
256673735 6941 10 17
50548577 742 10 17
50548574 741 10 17
200851526 3372 10 17
292461678 8350 10 17
50575394 744 10 17
6009241483 20408 10 17
292663332 8370 10 17
50548554 737 10 17
49754430 725 10 17
1683300561 15522 10 17
6413890762 20597 11 17
635142415 12210 11 17
1835927614 16366 11 17
2374568609 17826 11 17
1027119064 13650 11 17
243183874 5415 11 17
243183875 5416 11 17
387679678 10393 11 17
1369685490 14394 11 17
326137839 9601 11 17
242572203 5332 11 17
242573024 5333 11 17
872099474 13124 11 17
872099491 13125 11 17
1834395376 16213 11 17
2353615496 17757 11 17
1834642158 16252 11 17
242578362 5346 11 17
3482617270 19021 11 17
243733881 5636 11 17
1835927641 16379 11 17
772620134 12827 11 17
631598905 12173 11 17
1835927616 16367 11 17
1834642204 16257 11 17
2353615530 17758 11 17
1454824946 14653 11 17
1454825002 14655 11 17
1835927603 16362 11 17
1834642093 16246 11 17
1834678160 16284 11 17
1326718194 14095 11 17
392596002 10425 12 17
296628136 8417 12 17
305442290 8984 12 17
2805498680 18489 12 17
410568092 10493 12 17
6413752798 20594 12 17
2295298133 17585 12 17
1973508423 16996 12 17
3664472622 19163 12 17
700245184 12646 12 17
321351461 9557 12 17
176840451 2567 12 17
205501495 3691 13 17
205506526 3704 13 17
310435683 9121 13 17
310435688 9123 13 17
2576959242 18218 13 17
2576959240 18217 13 17
139213400 1784 13 17
149037546 2086 14 17
208653760 4287 14 17
215927388 4502 15 17
2879887327 18580 15 17
1487293680 14755 15 17
1487254761 14743 15 17
725575241 12722 15 17
231946283 4828 15 17
2343295133 17723 16 17
303237013 8832 16 17
285925883 8032 16 17
285921836 8031 16 17
311469735 9199 16 17
308724761 9035 16 17
3172830136 18744 16 17
840202565 13042 16 17
2319176859 17664 16 17
2319176853 17663 16 17
6475643727 20656 16 17
6475643726 20655 16 17
775953245 12840 16 17
3807505233 19352 16 17
1828376956 15925 16 17
1829028061 15944 16 17
3357513338 18907 16 17
1829059723 15946 16 17
1849855846 16676 16 17
290041109 8200 16 17
3807514891 19354 16 17
290041197 8202 16 17
290041211 8203 16 17
290041125 8201 16 17
2647724908 18334 16 17
499983453 11511 16 17
303935970 8911 16 17
303935833 8906 16 17
244356138 5811 17 17
218154883 4580 17 17
243898056 5706 17 17
11527696496 22139 18 17
2159024298 17224 18 17
1271419303 13981 18 17
206290466 3945 18 17
197861167 3131 18 17
2909096970 18612 18 17
198996567 3262 18 17
4920796379 19901 18 17
197788947 3119 18 17
4202570919 19549 18 17
1837326938 16473 18 17
197788938 3118 18 17
2053917402 17053 18 17
2345164120 17731 18 17
4685387436 19807 18 17
1044936524 13702 18 17
193919022 2950 18 17
197393417 3072 18 17
197393461 3074 18 17
139220768 1787 19 17
6297873619 20519 19 17
112395352 1261 19 17
112382000 1254 19 17
231966778 4834 19 17
51244109 778 19 17
243828322 5653 19 17
8399679696 21290 20 17
145921041 2061 20 17
244509778 5847 20 17
244514728 5880 20 17
244509770 5843 20 17
2128295712 17127 20 17
259793512 7326 20 17
664018456 12370 20 17
259793507 7324 20 17
259793571 7327 20 17
664001474 12364 20 17
664001424 12363 20 17
567938800 11764 20 17
567937301 11752 20 17
567937318 11755 20 17
244514758 5882 20 17
4360278006 19667 20 17
4360278004 19665 20 17
112060223 1234 20 17
903977894 13267 20 17
1616154093 15297 20 17
290043592 8226 21 17
310843911 9159 21 17
310847345 9164 21 17
1835020503 16301 21 17
1834991414 16293 21 17
1835041655 16316 21 17
6511736778 20683 21 17
5378351409 20147 21 17
11880043404 22193 21 17
207430922 4105 21 17
9238472167 21453 21 17
313950889 9262 21 17
313951493 9265 21 17
100300861 1087 21 17
1835041641 16311 21 17
6438617878 20618 21 17
1835041647 16314 21 17
470952647 11252 21 17
1868713141 16826 21 17
8327244917 21272 21 17
473487106 11289 21 17
1849546545 16663 21 17
3099514597 18698 21 17
4225365407 19559 21 17
9833955255 21625 21 17
1864159519 16764 21 17
874633546 13150 22 17
336785214 9716 22 17
373128240 10316 22 17
4783004742 19834 22 17
2565541956 18209 22 17
1375583835 14469 22 17
1375583828 14468 22 17
6477258676 20667 22 17
3790547421 19328 22 17
678568916 12501 22 17
4044851046 19454 22 17
314922141 9293 22 17
678570384 12521 22 17
4841195187 19873 22 17
2483337377 18046 24 17
206158786 3792 24 17
1204778374 13907 24 17
206156859 3789 24 17
199123682 3302 24 17
206160250 3794 24 17
1830878617 15995 24 17
1831131635 16015 24 17
2786125681 18466 24 17
1831339696 16049 24 17
1831131601 16012 24 17
4451927458 19731 24 17
243633713 5612 24 17
2172088078 17289 25 17
205608435 3728 25 17
205605085 3726 25 17
206222740 3853 25 17
9233804483 21449 25 17
205639630 3731 25 17
206225190 3855 25 17
206266197 3891 25 17
11804892400 22174 25 17
1837718933 16484 25 17
1183627003 13870 26 17
250346766 6320 26 17
355604273 9989 26 17
197377346 3053 26 17
197927310 3135 26 17
197970930 3142 26 17
7005371044 20860 26 17
4147014406 19517 26 17
278048409 7863 26 17
260010025 7332 26 17
3951390382 19413 27 17
469386080 11207 27 17
569936668 11798 27 17
961464426 13445 27 17
8457808310 21307 27 17
469386188 11214 27 17
2328344629 17698 27 17
3190015148 18771 27 17
298862072 8575 27 17
2309846956 17641 27 17
251684312 6592 28 17
251684629 6597 28 17
251686732 6610 28 17
3675998128 19203 28 17
250975226 6401 28 17
251685889 6604 28 17
251674523 6586 28 17
331570503 9680 28 17
1748435604 15696 28 17
9778255008 21609 28 17
1375576746 14439 29 17
373098140 10307 29 17
874660695 13160 29 17
373128224 10313 29 17
345176021 9827 29 17
345179852 9830 29 17
4365354424 19677 29 17
345186387 9847 29 17
3452612301 18997 29 17
11042720473 21923 30 17
282895334 7978 30 17
282906732 7995 30 17
6312982342 20529 30 17
6312982346 20530 30 17
282908740 7998 30 17
446041223 10817 30 17
446037810 10807 30 17
251137349 6435 30 17
152525322 2161 31 17
1696969120 15594 32 17
8942673628 21405 32 17
8942673634 21407 32 17
173317686 2453 32 17
9690464370 21565 32 17
2955887582 18637 32 17
35135056 464 32 17
11808024955 22176 32 17
5331487533 20110 32 17
3560438679 19105 32 17
54728427 795 32 17
2357213486 17789 32 17
11815426924 22178 32 17
202398862 3433 32 17
3609909862 19137 32 17
52066762 787 32 17
1489667889 14762 32 17
1494180858 14780 32 17
1489667586 14761 32 17
1505181756 14859 32 17
1487295329 14758 32 17
1048689372 13722 32 17
5262639727 20025 32 17
3114560880 18709 32 17
1490337087 14770 32 17
1643068648 15384 33 17
799102519 12917 33 17
4014205486 19437 33 17
111598898 1210 34 17
139192417 1766 34 17
111600955 1211 34 17
111609898 1212 34 17
437333696 10696 34 17
192801121 2876 34 17
5243834251 20011 34 17
9961796085 21655 34 17
3685653376 19215 34 17
370305328 10272 34 17
3886013833 19399 34 17
8510185554 21317 34 17
370305318 10270 34 17
1674370838 15464 34 17
370305321 10271 34 17
2307380370 17631 34 17
844093554 13057 34 17
523812001 11624 34 17
1415173040 14548 34 17
237605290 4962 34 17
237661448 4982 34 17
1415024015 14541 34 17
665359207 12388 35 17
665359192 12386 35 17
207447695 4119 35 17
692194746 12610 35 17
4969960908 19926 35 17
315896535 9363 35 17
315886491 9361 35 17
316147960 9434 35 17
2298683711 17600 35 17
315993587 9404 35 17
315994233 9411 35 17
315878421 9355 35 17
315998956 9415 35 17
317678261 9499 35 17
24924001 102 36 17
24912953 54 36 17
25574314 124 36 17
25574315 125 36 17
11968686460 22228 36 17
36478354 615 36 17
36477762 612 36 17
36478353 614 36 17
36477661 610 36 17
7046363067 20872 37 17
600448144 12011 37 17
1416618366 14555 37 17
5518960486 20174 37 17
141943306 2014 37 17
141943565 2019 37 17
218202830 4592 37 17
2458195471 17980 38 17
612966407 12095 38 17
257037452 6955 38 17
452513130 11123 38 17
4878455869 19884 38 17
2097342269 17092 38 17
694428188 12641 38 17
258521545 7051 38 17
1631954751 15352 38 17
11975632678 22230 38 17
3770654020 19307 39 17
1889957032 16870 39 17
5181978018 19986 39 17
2288892350 17574 39 17
251303269 6499 39 17
251303193 6497 39 17
3505419329 19031 39 17
262812401 7409 39 17
254311794 6852 39 17
3032392462 18666 40 17
6738885803 20751 40 17
6742342024 20758 40 17
2157558082 17220 41 17
198829371 3215 41 17
196188488 2987 41 17
215930005 4503 41 17
195516067 2973 41 17
195516546 2976 41 17
1644448183 15403 42 17
672300731 12434 42 17
7411859471 20983 42 17
6765119627 20775 42 17
1688346393 15557 42 17
1679432716 15504 42 17
10279905010 21775 43 17
10226599715 21762 43 17
4317536660 19620 43 17
177186887 2599 43 17
5631273655 20220 43 17
192811605 2882 43 17
2352550447 17745 43 17
5331487523 20108 43 17
2666215369 18363 43 17
7294615730 20960 43 17
2666215373 18364 43 17
172947836 2409 43 17
172941367 2404 43 17
244036539 5773 43 17
2288399250 17566 43 17
1412277846 14531 43 17
173311187 2446 43 17
148739825 2077 44 17
116124382 1335 44 17
3633222254 19146 44 17
252060577 6710 45 17
241863106 5180 45 17
2445053212 17959 45 17
2282401652 17531 45 17
7321313787 20968 45 17
11341196598 22004 45 17
244509777 5846 45 17
1356828354 14309 45 17
1356788125 14299 45 17
95638589 989 45 17
10259287965 21765 45 17
4784621115 19835 45 17
1356797743 14306 45 17
1356797544 14302 45 17
11379797332 22092 46 17
298422630 8535 46 17
1848532594 16645 46 17
343537902 9789 46 17
621163686 12123 46 17
621163668 12122 46 17
1849615823 16672 46 17
621163711 12126 46 17
1849595077 16669 46 17
3807491659 19350 46 17
251684316 6594 46 17
251822199 6686 46 17
11364292376 22056 47 17
871783905 13119 47 17
600289725 12005 47 17
28868799 168 47 17
28869547 198 47 17
874633366 13145 47 17
874633335 13142 47 17
10780511663 21865 48 17
243237486 5520 48 17
250551576 6344 48 17
342964676 9765 48 17
694103896 12629 48 17
2397460914 17887 48 17
267234034 7533 48 17
451732732 11070 48 17
451732739 11073 48 17
432031845 10678 48 17
704404829 12693 48 17
360704196 10034 48 17
360704212 10038 48 17
960149144 13442 48 17
315357503 9336 48 17
451732769 11083 48 17
10916719457 21900 48 17
2059913030 17058 48 17
310277674 9094 48 17
1672433527 15462 48 17
1696645808 15583 48 17
10059737315 21681 48 17
139178283 1714 49 17
139234934 1807 49 17
139234051 1804 49 17
1457369193 14662 49 17
139183097 1739 49 17
139172181 1687 49 17
139180064 1723 49 17
139179222 1719 49 17
493728181 11367 49 17
141444432 1916 49 17
1635660756 15365 49 17
334660672 9699 49 17
243345934 5541 51 17
243345245 5535 51 17
243345355 5536 51 17
243345362 5537 51 17
1839312731 16531 51 17
7171969226 20932 51 17
1849046226 16662 51 17
242165278 5270 51 17
1829669716 15959 51 17
1856286286 16689 51 17
2197149758 17340 51 17
2326353361 17695 51 17
1829669684 15958 51 17
207447941 4135 51 17
243210889 5493 51 17
2326353345 17692 51 17
2197149765 17342 51 17
105349594 1117 51 17
9162839197 21439 51 17
727411569 12737 52 17
925953217 13380 52 17
1834442141 16226 52 17
1229138853 13934 52 17
1482800328 14729 52 17
925953205 13378 52 17
1348714327 14246 52 17
1348714115 14236 52 17
1348714335 14247 52 17
905518178 13271 52 17
1775789552 15768 52 17
373134882 10324 53 17
246114803 5977 53 17
992150664 13528 53 17
371341485 10286 53 17
9342482237 21480 55 17
76461937 913 55 17
1614244959 15282 55 17
621245614 12129 55 17
243046355 5409 55 17
33622884 406 55 17
360825996 10058 56 17
1665717062 15445 56 17
1917813226 16927 56 17
1619420662 15314 56 17
303984180 8923 56 17
291313923 8305 56 17
569941711 11804 56 17
2418324766 17922 56 17
119106341 1426 57 17
1354713217 14282 57 17
966850823 13462 58 17
1843322333 16574 58 17
1843322372 16583 58 17
206273368 3908 60 17
206278367 3937 60 17
1687782993 15552 60 17
430505880 10661 60 17
3754922726 19291 60 17
659454116 12324 60 17
231762385 4788 60 17
1494217669 14788 60 17
211217155 4411 60 17
1831131756 16030 60 17
1831339903 16052 60 17
243684033 5627 60 17
243680871 5618 60 17
6234286073 20489 60 17
2485302011 18052 60 17
260660322 7369 61 17
208917002 4349 61 17
260659177 7364 61 17
139194002 1772 61 17
4415006625 19708 61 17
208913146 4346 61 17
304560117 8962 62 17
1583716196 15114 62 17
448642552 10975 62 17
1583717940 15116 62 17
1588355391 15159 62 17
8743915841 21378 62 17
1584820337 15133 62 17
765804102 12791 62 17
268403570 7695 63 17
2200064247 17384 63 17
100297168 1065 63 17
1864159524 16768 63 17
248898733 6282 63 17
268403648 7699 63 17
11804892403 22175 64 17
338918068 9737 64 17
3238587798 18827 65 17
612210507 12090 65 17
247282781 6129 65 17
5707549441 20275 65 17
10295019392 21782 65 17
2176931694 17308 65 17
2176931320 17307 65 17
9679814133 21559 65 17
9679814139 21562 65 17
1912985853 16916 65 17
1912985848 16911 65 17
5115096317 19951 65 17
1988509966 17015 65 17
245573208 5952 65 17
671563856 12425 65 17
494531080 11401 65 17
494531100 11402 65 17
195591393 2982 66 17
9260380496 21458 66 17
196188574 2990 66 17
195518389 2978 66 17
96537671 1034 66 17
198785273 3181 66 17
198442692 3150 66 17
3087915796 18693 66 17
231762081 4784 66 17
659452317 12323 66 17
231761988 4782 66 17
659497239 12325 66 17
5663788712 20234 66 17
2514890996 18121 66 17
1240997232 13952 67 17
2644686866 18332 67 17
412430819 10524 67 17
412430863 10527 67 17
1544070657 15011 67 17
1852996825 16687 67 17
2161730766 17229 68 17
3684726794 19210 68 17
2309740918 17640 68 17
11779182522 22164 68 17
251137724 6443 68 17
10915059907 21896 68 17
251137728 6445 68 17
2546166529 18168 70 17
251152328 6460 70 17
251137722 6442 70 17
447003146 10919 70 17
447084395 10923 70 17
253745974 6764 70 17
253742868 6762 70 17
1889957024 16867 70 17
1891430479 16878 70 17
412810139 10534 71 17
262095288 7399 71 17
6621399825 20707 71 17
1850727317 16684 71 17
678448315 12490 71 17
678448215 12485 71 17
450180411 11027 71 17
450180449 11032 71 17
258508444 7041 71 17
234532640 4890 71 17
5412513431 20162 71 17
3297735503 18868 71 17
446161957 10874 71 17
446191343 10888 71 17
446191353 10891 71 17
446191368 10892 71 17
446191323 10882 71 17
2389699596 17846 72 17
267210182 7510 72 17
979059863 13516 72 17
347732989 9906 72 17
447991335 10944 72 17
446161881 10872 72 17
446152563 10859 72 17
260018005 7341 72 17
2396477839 17877 72 17
2396477848 17881 72 17
291921366 8326 72 17
282906472 7993 72 17
11042720476 21925 72 17
1020408776 13610 72 17
282907624 7997 72 17
3295047376 18867 72 17
282892283 7968 72 17
290432196 8259 72 17
290431942 8256 72 17
290433353 8261 72 17
446136179 10848 72 17
446136170 10843 72 17
251137357 6436 73 17
447991154 10942 73 17
452513126 11122 73 17
10536933422 21802 74 17
1089213407 13766 74 17
241616089 5136 74 17
621109557 12121 75 17
2179127291 17317 75 17
176738033 2506 76 17
202358594 3429 77 17
202379976 3431 77 17
331196220 9676 77 17
503468156 11559 77 17
1619420663 15315 77 17
288031021 8081 77 17
856671464 13085 77 17
360825953 10054 77 17
385765849 10371 77 17
1665717060 15444 77 17
1835505879 16327 78 17
3569430901 19111 78 17
3569430906 19112 78 17
446161857 10869 78 17
446162012 10879 78 17
502842330 11539 78 17
245804227 5966 78 17
207422128 4097 78 17
2803943149 18483 78 17
1813586890 15865 78 17
290433620 8266 78 17
270417116 7743 80 17
4066171404 19468 80 17
915949378 13336 81 17
915947162 13333 81 17
432004064 10666 81 17
317132512 9466 81 17
2106630348 17102 81 17
451010293 11057 81 17
451010288 11056 81 17
694088930 12621 81 17
694088937 12622 81 17
5664355176 20237 81 17
5757297350 20308 81 17
3153743497 18734 81 17
3153743494 18733 81 17
11928454084 22206 81 17
240336592 5002 82 17
105412991 1162 82 17
240336599 5003 82 17
105406986 1160 82 17
675760057 12463 82 17
7708795749 21090 82 17
202480301 3438 82 17
975538825 13499 83 17
176838971 2564 83 17
3425070418 18967 83 17
178742073 2682 83 17
176742668 2508 83 17
176803568 2538 83 17
178744322 2685 83 17
178742114 2683 83 17
178736417 2675 83 17
287157682 8063 83 17
176749166 2510 83 17
656416419 12303 84 17
10024612653 21671 84 17
10060931612 21683 84 17
315986477 9392 84 17
208720871 4315 84 17
2288583089 17567 84 17
512503661 11606 84 17
666135779 12395 84 17
5318255618 20073 85 17
206266235 3892 85 17
252186572 6713 85 17
635142487 12229 86 17
1749844337 15705 86 17
241929159 5250 86 17
242926692 5386 86 17
242243296 5284 86 17
242163691 5267 86 17
1849046222 16659 86 17
1845970735 16639 86 17
243213445 5503 86 17
1676752185 15477 86 17
1845970705 16636 86 17
1843322344 16578 86 17
1843322430 16593 86 17
1843322415 16590 86 17
198859754 3234 87 17
198860193 3236 87 17
288842856 8110 87 17
139231037 1793 87 17
246622029 6078 87 17
198874356 3251 87 17
198859189 3231 87 17
198836130 3220 87 17
288842868 8112 87 17
139237003 1812 87 17
139232452 1798 87 17
139232930 1800 87 17
139234677 1806 87 17
8002458182 21184 87 17
417206286 10580 87 17
1341407817 14148 87 17
374397609 10338 89 17
318176868 9512 89 17
345848276 9901 89 17
208705964 4310 89 17
1617058816 15300 90 17
6477577620 20670 90 17
202358596 3430 90 17
841995783 13054 90 17
445355907 10775 90 17
1684006053 15531 90 17
392941900 10439 90 17
2510950385 18101 90 17
35893381 529 90 17
229214130 4715 90 17
11516691425 22132 90 17
11516691420 22131 90 17
11334661738 21996 90 17
2133408910 17153 90 17
304962566 8982 90 17
268118033 7572 90 17
690899732 12575 90 17
268813557 7706 90 17
2133408902 17149 90 17
299458084 8587 90 17
1672082444 15460 90 17
1670277057 15454 90 17
1670277060 15455 90 17
2601044075 18261 91 17
105349598 1119 91 17
1408938099 14522 91 17
29393093 223 94 17
245407264 5930 94 17
208839948 4317 94 17
8495301579 21316 94 17
10142854164 21726 94 17
890796721 13195 94 17
890796740 13196 94 17
4880077083 19887 94 17
5181427039 19982 94 17
3666016308 19166 94 17
280796012 7908 94 17
245407268 5932 94 17
245575571 5958 95 17
143711213 2033 95 17
302198692 8689 95 17
1829981752 15977 95 17
533837988 11656 95 17
533837974 11653 95 17
471609116 11276 95 17
7728123849 21094 95 17
280546871 7884 95 17
6477028843 20660 95 17
1837882470 16498 95 17
823283134 12984 95 17
823283030 12980 95 17
8687085935 21355 95 17
823283018 12979 95 17
823282991 12977 95 17
302059748 8679 97 17
302059608 8678 97 17
9658725558 21550 99 17
1665717079 15446 99 17
302059776 8686 99 17
226266865 4670 99 17
410568097 10494 99 17
289687602 8122 99 17
244148652 5800 99 17
1506234480 14879 0 18
1506234470 14875 0 18
1506234643 14881 0 18
982620274 13523 1 18
1370447159 14400 1 18
4570923112 19777 1 18
1095326264 13789 1 18
259704722 7275 1 18
259707406 7304 1 18
259707404 7302 1 18
1406141346 14521 1 18
1606864152 15238 1 18
6474632581 20647 1 18
829887690 13007 1 18
815752859 12965 1 18
271197253 7773 1 18
6965906228 20852 1 18
1574227858 15081 1 18
1574227831 15080 1 18
258525159 7089 1 18
208909242 4341 2 18
1106426765 13797 2 18
208925712 4358 2 18
841988829 13052 2 18
586891767 11910 2 18
1333328572 14123 2 18
334116488 9694 2 18
374158052 10337 3 18
2088315346 17085 3 18
801179312 12920 3 18
801179797 12933 3 18
50684987 746 3 18
142634951 2030 4 18
116143564 1366 4 18
110548695 1200 4 18
241857125 5158 5 18
241857241 5162 5 18
241859199 5167 5 18
295703042 8401 5 18
241925813 5237 5 18
11384643298 22096 5 18
242765019 5364 5 18
283214107 8015 6 18
1830088190 15981 6 18
7740683174 21101 6 18
443811052 10752 6 18
246187323 6065 6 18
7426629901 20984 6 18
7640517641 21058 6 18
1425219275 14574 7 18
1425219283 14576 7 18
391659401 10414 7 18
391659409 10417 7 18
3048541956 18672 7 18
569944597 11807 7 18
3780721897 19316 7 18
3185281188 18765 8 18
1515351262 14931 8 18
10381669 40 8 18
474741733 11290 8 18
499177592 11501 8 18
290259474 8248 8 18
3126181089 18714 8 18
385765839 10368 8 18
258589941 7153 9 18
2536700726 18151 9 18
11438428426 22124 9 18
1577124755 15096 9 18
7817610561 21139 9 18
3281901045 18844 9 18
428104799 10637 9 18
1600314791 15198 9 18
4048558425 19459 9 18
1832923934 16102 9 18
1826717235 15908 9 18
4373181419 19684 9 18
1683300584 15524 10 18
355602426 9987 10 18
50548564 739 10 18
200852216 3379 10 18
237066170 4894 10 18
292461679 8351 10 18
2016367767 17031 10 18
249271122 6296 10 18
249271118 6293 10 18
249268804 6291 10 18
50548566 740 10 18
49754418 723 10 18
6413890770 20598 11 18
1849018579 16653 11 18
243183589 5414 11 18
387679666 10391 11 18
149352136 2106 11 18
326137854 9602 11 18
242566136 5326 11 18
652439550 12273 11 18
1313116550 14064 11 18
1834395363 16209 11 18
1834395385 16214 11 18
2353615432 17751 11 18
1834642124 16249 11 18
1834642249 16261 11 18
1834642138 16250 11 18
2353615476 17755 11 18
1834395362 16208 11 18
3482617263 19020 11 18
10139389064 21714 11 18
2353615472 17754 11 18
714142673 12700 11 18
1454824974 14654 11 18
1834642116 16248 11 18
1834642063 16243 11 18
1834678157 16281 11 18
1834678159 16283 11 18
296628474 8433 12 18
305442305 8985 12 18
2805498679 18488 12 18
6413752803 20595 12 18
244148648 5798 12 18
307814827 9014 12 18
458283669 11150 12 18
700245183 12645 12 18
1836169226 16437 13 18
7078403899 20888 13 18
604029277 12064 14 18
1487254763 14745 15 18
722917907 12712 15 18
5309824570 20062 15 18
6680529199 20714 16 18
2343295137 17725 16 18
1711783247 15636 16 18
311469802 9200 16 18
3807505228 19351 16 18
1828379079 15929 16 18
1828378544 15928 16 18
1828376958 15926 16 18
1829028633 15945 16 18
290040877 8194 16 18
290041215 8204 16 18
6262089768 20500 16 18
3385153875 18930 16 18
303935952 8909 16 18
303935877 8907 16 18
496835987 11457 16 18
141444963 1918 17 18
244348701 5807 17 18
218154897 4581 17 18
218154868 4579 17 18
2159024319 17225 18 18
1837326942 16475 18 18
197818508 3122 18 18
197791258 3120 18 18
1872392587 16847 18 18
2336899969 17713 18 18
1868789465 16830 18 18
1868789463 16829 18 18
197393384 3071 18 18
197827570 3127 18 18
112396063 1266 19 18
433028444 10682 19 18
112392165 1255 19 18
51244108 777 19 18
1865518967 16771 19 18
7147532348 20918 20 18
11289066180 21987 20 18
5627134177 20217 20 18
1358188811 14311 20 18
259793460 7319 20 18
10124007236 21705 20 18
2128295807 17130 20 18
2128295773 17129 20 18
253857830 6797 20 18
12027492921 22241 20 18
567937296 11751 20 18
567938799 11763 20 18
567937304 11753 20 18
567937326 11756 20 18
1281978171 14008 20 18
271203007 7775 20 18
2278363695 17515 20 18
1633194391 15357 20 18
112064134 1238 20 18
271978278 7783 20 18
115648192 1308 20 18
310843201 9156 21 18
3558149433 19100 21 18
313673306 9216 21 18
1835041640 16310 21 18
1003111409 13535 21 18
5378351405 20146 21 18
5375357001 20145 21 18
173876362 2483 21 18
100301697 1090 21 18
313951490 9264 21 18
100299474 1074 21 18
100299719 1078 21 18
1805288390 15835 21 18
1835041650 16315 21 18
6438617880 20619 21 18
100302454 1096 21 18
470952645 11251 21 18
301463600 8617 21 18
1883455120 16854 21 18
1833978794 16156 21 18
4225365410 19560 21 18
100297922 1068 21 18
788794594 12848 21 18
1864159520 16765 21 18
336783880 9714 22 18
336790812 9718 22 18
7639893221 21049 22 18
373128231 10314 22 18
1837882448 16495 22 18
631973026 12175 22 18
6477258693 20668 22 18
3790547416 19327 22 18
678568913 12500 22 18
2589163949 18240 22 18
4044851030 19452 22 18
678568848 12493 22 18
678570270 12506 22 18
206156860 3790 24 18
1830878641 15996 24 18
6441586461 20621 24 18
1831131664 16021 24 18
2288583113 17568 24 18
420798723 10611 24 18
2514890718 18119 25 18
11804892398 22173 25 18
338795853 9722 25 18
355604276 9991 26 18
198651938 3161 26 18
198654686 3164 26 18
659778906 12341 26 18
198640580 3158 26 18
310571491 9137 26 18
260010051 7334 26 18
1106778985 13800 26 18
260010047 7333 26 18
297324480 8452 27 18
2328344685 17699 27 18
1123351583 13817 27 18
297324474 8451 27 18
303861630 8900 27 18
251684314 6593 28 18
246154997 6050 28 18
206097426 3755 28 18
1748435590 15695 28 18
287019425 8056 28 18
1375576750 14440 29 18
1375576726 14437 29 18
373088364 10300 29 18
874660681 13159 29 18
874660670 13158 29 18
874633353 13144 29 18
345179853 9831 29 18
2196548851 17332 29 18
4365354450 19680 29 18
11042720475 21924 30 18
2786609353 18468 30 18
282906384 7992 30 18
282905654 7986 30 18
282905647 7985 30 18
1614856269 15287 30 18
446041222 10816 30 18
446037809 10806 30 18
1196088037 13881 30 18
638310596 12241 32 18
582467855 11882 32 18
173317685 2452 32 18
9690464368 21564 32 18
1984928556 17005 32 18
378989898 10346 32 18
35135054 463 32 18
111471185 1208 32 18
1914424767 16922 32 18
5331487529 20109 32 18
3560438672 19103 32 18
7276565869 20957 32 18
3524011695 19078 32 18
1494179943 14777 32 18
837955047 13023 32 18
1494180842 14779 32 18
1494180477 14778 32 18
1505181763 14862 32 18
1505181754 14858 32 18
1505181749 14857 32 18
313766166 9248 32 18
1048686160 13721 32 18
1487292976 14752 32 18
9590587766 21539 32 18
540035994 11679 32 18
3114560879 18708 32 18
1718503790 15650 32 18
1718503771 15647 32 18
564930240 11726 33 18
437336934 10697 34 18
203247658 3458 34 18
587639679 11936 34 18
593278237 11955 34 18
602643750 12040 34 18
370304542 10262 34 18
330549940 9641 34 18
10166751099 21735 34 18
656223375 12301 34 18
8661790098 21348 34 18
1501808152 14803 34 18
722917876 12711 34 18
665359205 12387 35 18
7787247898 21120 35 18
665359153 12384 35 18
207447700 4120 35 18
6860464490 20816 35 18
692194741 12608 35 18
1856342442 16692 35 18
316006206 9423 35 18
3343769266 18903 35 18
259106057 7222 35 18
316148042 9435 35 18
315994098 9408 35 18
315907074 9368 35 18
259102537 7213 35 18
315881500 9356 35 18
24912984 70 36 18
9321229413 21472 36 18
82409093 945 36 18
36477662 611 36 18
36478941 620 36 18
600448183 12014 37 18
262820456 7426 37 18
1416618525 14557 37 18
1025402173 13640 37 18
2260785054 17451 38 18
1850727365 16685 38 18
452513123 11120 38 18
258519180 7045 38 18
452536114 11132 38 18
1631954743 15350 38 18
1631954752 15353 38 18
11362833341 22011 38 18
2468291286 17999 38 18
10048415821 21680 39 18
11365888239 22067 39 18
1889957012 16865 39 18
3635940170 19149 39 18
9826462521 21614 39 18
251303265 6498 39 18
251303186 6493 39 18
2892444819 18597 39 18
3506706069 19036 39 18
262812398 7407 39 18
262812399 7408 39 18
254311717 6848 39 18
2445053232 17963 39 18
4023553414 19446 41 18
2078340735 17082 41 18
196188481 2986 41 18
195516545 2975 41 18
6050797476 20424 42 18
6050798390 20426 42 18
28869646 203 42 18
282415681 7944 42 18
4242111420 19575 42 18
651980670 12268 42 18
2306678564 17628 42 18
177186856 2598 43 18
10301285884 21795 43 18
5631273654 20219 43 18
4096059695 19499 43 18
674166191 12459 43 18
162596961 2300 43 18
11926010801 22205 43 18
35313753 480 43 18
130030951 1547 43 18
11926010799 22203 43 18
2666215380 18365 43 18
172948656 2410 43 18
2541268744 18152 43 18
2541281874 18159 43 18
172952774 2415 43 18
173311192 2447 43 18
116138680 1349 44 18
501556367 11518 44 18
1330240290 14122 45 18
241863107 5181 45 18
2282401648 17529 45 18
7147532333 20915 45 18
7147532294 20909 45 18
244509776 5845 45 18
244510584 5849 45 18
95638579 987 45 18
95649827 991 45 18
3281900822 18843 45 18
1356797687 14305 45 18
907291342 13302 45 18
331097110 9674 46 18
11352506938 22006 46 18
298422633 8536 46 18
1599681240 15181 46 18
343537761 9781 46 18
621163688 12124 46 18
1314923130 14077 46 18
5312248203 20067 46 18
290040952 8195 46 18
290040692 8191 46 18
251684317 6595 46 18
3402391806 18955 46 18
3667429544 19168 46 18
1646043197 15411 47 18
28868987 188 47 18
122976 0 47 18
463204190 11166 47 18
7856431778 21162 47 18
874633340 13143 47 18
243237478 5519 48 18
243237495 5521 48 18
2389846037 17851 48 18
451732704 11061 48 18
451732734 11071 48 18
451732737 11072 48 18
243237502 5523 48 18
315355169 9329 48 18
360704193 10033 48 18
918417510 13340 48 18
960149164 13443 48 18
315357499 9335 48 18
451732763 11080 48 18
451732773 11084 48 18
139235853 1809 49 18
11931387015 22208 49 18
139182686 1735 49 18
139179857 1721 49 18
7659602053 21068 49 18
139183162 1741 49 18
139184602 1745 49 18
139183433 1742 49 18
493728184 11368 49 18
493728198 11369 49 18
141445716 1919 49 18
1631847941 15347 49 18
1635660745 15364 49 18
244003715 5772 49 18
5931633393 20380 51 18
8822267521 21386 51 18
248376044 6250 51 18
1849046225 16661 51 18
242165282 5271 51 18
242175776 5273 51 18
243210406 5489 51 18
612938290 12094 51 18
2197149731 17337 51 18
243210840 5492 51 18
243210833 5490 51 18
105395791 1155 51 18
207447924 4133 51 18
207447935 4134 51 18
207475343 4152 51 18
1029366367 13663 51 18
3183558770 18756 51 18
9300969679 21468 51 18
105375910 1142 51 18
925953195 13377 52 18
10303188138 21796 52 18
925953392 13391 52 18
727411501 12734 52 18
4596654335 19785 52 18
338819002 9734 52 18
275341506 7792 52 18
927018671 13394 52 18
905518175 13270 52 18
1833183657 16112 52 18
1834030397 16170 52 18
373134848 10323 53 18
287019444 8059 53 18
371345572 10289 53 18
371341487 10287 53 18
1614244947 15281 55 18
370304259 10260 55 18
10144635484 21729 55 18
1497268199 14802 55 18
621245176 12128 55 18
7003269068 20856 56 18
360818303 10050 56 18
2154255937 17210 56 18
117992279 1381 57 18
117992281 1382 57 18
966850826 13463 58 18
1843322314 16573 58 18
1843322350 16579 58 18
416310522 10570 60 18
213644039 4441 60 18
3754922738 19292 60 18
659445255 12319 60 18
241158753 5010 60 18
231762348 4787 60 18
1831131643 16017 60 18
1831131774 16034 60 18
1831131765 16032 60 18
243684035 5628 60 18
243680931 5623 60 18
243680881 5620 60 18
792646394 12866 60 18
207449923 4138 60 18
1834675590 16279 60 18
3387801550 18938 60 18
305955593 8996 61 18
260659502 7366 61 18
676636029 12471 61 18
448642533 10971 62 18
448019222 10966 62 18
1583716200 15115 62 18
304560293 8967 62 18
448642561 10976 62 18
765963561 12794 62 18
766756844 12798 62 18
765804103 12792 62 18
765804101 12790 62 18
304559874 8958 62 18
2200064091 17383 63 18
2200064360 17385 63 18
310988756 9172 63 18
1864159521 16766 63 18
248898736 6283 63 18
248898722 6280 63 18
6614916073 20698 64 18
3754710966 19285 65 18
2619965912 18288 65 18
612210540 12091 65 18
1784989216 15779 65 18
5707549442 20276 65 18
1912985856 16917 65 18
494728818 11455 65 18
246187288 6061 65 18
2176931319 17306 65 18
9679814136 21560 65 18
9679814138 21561 65 18
1630545436 15341 65 18
2619966033 18296 65 18
2619966062 18297 65 18
2619966101 18299 65 18
2619965944 18290 65 18
671563850 12424 65 18
245573206 5951 65 18
1493409004 14774 65 18
4933365615 19916 65 18
494531125 11403 65 18
195462998 2972 66 18
196188801 3001 66 18
195457018 2969 66 18
2663215188 18356 66 18
198442687 3149 66 18
198785509 3182 66 18
181310543 2785 66 18
4982478295 19928 66 18
659446448 12321 66 18
231687638 4775 66 18
231761939 4781 66 18
231762039 4783 66 18
83070401 956 66 18
274093245 7790 67 18
1240997330 13959 67 18
8167518817 21215 67 18
244429720 5825 67 18
253360818 6748 67 18
1544070622 15010 67 18
2485948124 18053 67 18
251137190 6419 67 18
1544070665 15012 67 18
10914984944 21893 68 18
10914984941 21891 68 18
10914984943 21892 68 18
10915059910 21897 68 18
6474504038 20642 68 18
251137729 6446 68 18
251152306 6458 70 18
251137736 6447 70 18
253360820 6749 70 18
253360809 6746 70 18
1891430419 16876 70 18
3148270455 18728 71 18
1863756335 16746 71 18
6990406189 20853 71 18
450180674 11042 71 18
450180450 11033 71 18
258508458 7043 71 18
3424970749 18966 71 18
1584768445 15123 71 18
5412513434 20163 71 18
446161965 10875 71 18
446161836 10864 71 18
446191326 10884 71 18
446191345 10889 71 18
450180451 11034 71 18
3589459687 19127 71 18
446191395 10896 71 18
267147810 7485 72 18
267210180 7509 72 18
1806697028 15853 72 18
447991345 10946 72 18
447991339 10945 72 18
446161890 10873 72 18
2396395468 17875 72 18
2396477841 17878 72 18
2396477843 17879 72 18
3320055457 18876 72 18
5194960503 19992 72 18
1020408858 13611 72 18
282711362 7956 72 18
282906963 7996 72 18
3295047374 18866 72 18
3295047370 18865 72 18
290433557 8265 72 18
290432195 8258 72 18
446136182 10849 72 18
446080858 10821 73 18
1969233415 16992 73 18
447991155 10943 73 18
1622867942 15330 73 18
5301709708 20041 73 18
241617417 5143 74 18
9995070453 21665 74 18
8646839485 21347 74 18
241616091 5137 74 18
241892403 5203 74 18
2179127292 17318 75 18
1296240363 14020 77 18
856671487 13088 77 18
385765846 10370 77 18
2099082256 17095 78 18
1835505882 16328 78 18
3569474635 19114 78 18
1705400523 15617 78 18
446161855 10868 78 18
446191444 10898 78 18
245804234 5967 78 18
446138997 10850 78 18
4284996577 19596 78 18
2860736192 18552 78 18
245802534 5965 78 18
2803943150 18484 78 18
290433556 8264 78 18
4596666849 19790 80 18
4066171405 19469 80 18
915947208 13334 81 18
915947145 13332 81 18
432004087 10670 81 18
100300384 1082 81 18
173858005 2473 81 18
317132523 9469 81 18
2106630351 17104 81 18
241485462 5050 81 18
3248608919 18841 81 18
694090052 12626 81 18
100303820 1106 81 18
313956700 9273 81 18
240336601 5004 82 18
158704576 2285 82 18
240327093 5000 82 18
240327102 5001 82 18
60579496 851 82 18
105406979 1156 82 18
7752835774 21107 82 18
176840633 2568 83 18
3425070419 18968 83 18
575746168 11864 83 18
178746636 2690 83 18
975538792 13496 83 18
178735334 2673 83 18
1205068751 13915 84 18
1205068444 13913 84 18
10024612654 21672 84 18
6248084864 20497 84 18
1205068359 13911 84 18
315986516 9393 84 18
1801616453 15826 84 18
5972939201 20401 84 18
1798138718 15807 84 18
206269562 3900 85 18
206266283 3896 85 18
242927227 5396 86 18
242927134 5390 86 18
1293308071 14016 86 18
242926202 5385 86 18
242163690 5266 86 18
242163617 5264 86 18
1845970739 16640 86 18
1845970710 16637 86 18
243545852 5601 86 18
243213443 5502 86 18
1676752187 15478 86 18
1676752183 15476 86 18
243213438 5499 86 18
1843322420 16591 86 18
198859187 3230 87 18
198859186 3229 87 18
198859582 3233 87 18
288842838 8109 87 18
139231036 1792 87 18
139231603 1796 87 18
246622035 6080 87 18
537634499 11676 87 18
198872392 3249 87 18
198836121 3218 87 18
198861560 3237 87 18
198836127 3219 87 18
139235856 1811 87 18
1420985894 14563 87 18
139234048 1803 87 18
139234046 1802 87 18
139183098 1740 87 18
7330212183 20972 87 18
417206289 10581 87 18
198879219 3253 87 18
244429672 5822 87 18
899607840 13224 89 18
990337891 13527 89 18
345848275 9900 89 18
208705966 4311 89 18
1827370433 15920 90 18
268813482 7705 90 18
392941901 10440 90 18
51179743 752 90 18
35492277 505 90 18
5256725523 20022 90 18
5305567568 20049 90 18
7593381013 21027 90 18
11334661741 21998 90 18
2133408908 17152 90 18
268117959 7569 90 18
268118021 7570 90 18
7593381011 21025 90 18
690899733 12576 90 18
2133408903 17150 90 18
299458083 8586 90 18
1672082400 15459 90 18
2660482353 18350 90 18
158704573 2284 91 18
105349599 1120 91 18
1345325339 14183 94 18
245407265 5931 94 18
35492296 507 94 18
1510035652 14894 94 18
60011743 836 94 18
890796718 13194 94 18
890796640 13192 94 18
890796799 13199 94 18
890796847 13200 94 18
890796779 13198 94 18
2579557374 18219 94 18
5181427023 19980 94 18
5181427046 19985 94 18
5181427034 19981 94 18
199053394 3273 94 18
243892630 5704 94 18
1269262902 13980 94 18
243203797 5446 95 18
143711216 2034 95 18
137601445 1659 95 18
247469618 6148 95 18
4450612433 19724 95 18
1958800109 16984 95 18
506724278 11577 95 18
247374033 6133 95 18
280547283 7886 95 18
732627218 12743 95 18
1235333613 13948 95 18
8687085934 21354 95 18
823283034 12981 95 18
302059751 8681 97 18
1314600228 14075 97 18
2550056686 18176 99 18
1314600229 14076 99 18
410563105 10490 99 18
244148650 5799 99 18
1506234475 14877 0 19
1506234464 14872 0 19
322683747 9581 0 19
1506234479 14878 0 19
2516253091 18128 1 19
7903319289 21169 1 19
903193672 13255 1 19
1095326239 13788 1 19
1095326282 13790 1 19
259708485 7312 1 19
259707405 7303 1 19
907095972 13283 1 19
1606864149 15237 1 19
1603334451 15225 1 19
6474632583 20648 1 19
829889214 13011 1 19
829887698 13008 1 19
7325638109 20969 1 19
815754263 12967 1 19
815752884 12966 1 19
1054817248 13729 1 19
151111574 2159 1 19
218202575 4586 1 19
368237877 10230 1 19
258525230 7092 1 19
208908955 4339 2 19
208931806 4359 2 19
841991075 13053 2 19
1333328667 14125 2 19
2125815033 17112 3 19
775376996 12833 3 19
116147572 1375 4 19
139238000 1816 4 19
522609258 11620 5 19
2282401649 17530 5 19
2611455070 18285 5 19
243199616 5440 5 19
2611455046 18281 5 19
11384643295 22095 5 19
283189185 8012 6 19
11407831053 22106 6 19
7740683175 21102 6 19
443809335 10751 6 19
443811608 10753 6 19
246187299 6063 6 19
4933337077 19906 6 19
246187306 6064 6 19
656500205 12310 6 19
7640517637 21057 6 19
391659412 10418 7 19
391659403 10415 7 19
3185281166 18761 8 19
1897866122 16886 8 19
3185278559 18760 8 19
1868411986 16800 8 19
443976286 10758 8 19
1868411960 16795 8 19
392613392 10430 8 19
321349217 9550 8 19
392613400 10432 8 19
385417260 10355 8 19
601585393 12026 9 19
8399387661 21289 9 19
2671409917 18371 9 19
258590136 7157 9 19
1577124729 15094 9 19
1577124806 15099 9 19
2762373085 18450 9 19
3281901054 18845 9 19
428104900 10642 9 19
428104812 10638 9 19
1600314792 15199 9 19
1600314795 15201 9 19
232323607 4849 9 19
232316119 4838 9 19
1683300607 15526 10 19
355607169 9992 10 19
2016367766 17030 10 19
292681325 8371 10 19
292681326 8372 10 19
49754414 722 10 19
1363623635 14354 11 19
243191649 5433 11 19
387680289 10394 11 19
4187839893 19534 11 19
326131603 9595 11 19
326155240 9613 11 19
242578364 5347 11 19
3398939599 18954 11 19
652439543 12272 11 19
1834395395 16218 11 19
1834395366 16210 11 19
1834642155 16251 11 19
1834642102 16247 11 19
1834395421 16222 11 19
1834395329 16198 11 19
2353615443 17752 11 19
1834678158 16282 11 19
1454825004 14656 11 19
1834642062 16242 11 19
1834642050 16237 11 19
289715553 8124 12 19
392613403 10433 12 19
307814836 9015 12 19
1973502695 16995 12 19
392613390 10429 12 19
206100773 3759 13 19
205501496 3692 13 19
205506521 3703 13 19
205502989 3699 13 19
1635660732 15363 13 19
149037548 2087 14 19
2172223968 17293 16 19
2343295134 17724 16 19
1829089602 15953 16 19
767062556 12803 16 19
1848505555 16644 16 19
1829068579 15947 16 19
6262089770 20501 16 19
1832250121 16070 16 19
3385153868 18929 16 19
303935955 8910 16 19
496835989 11459 16 19
496835988 11458 16 19
771229905 12820 17 19
243898055 5705 17 19
200808991 3371 17 19
218154839 4575 17 19
1837326948 16476 18 19
197793020 3121 18 19
2032324830 17037 18 19
197821271 3123 18 19
204259953 3502 18 19
197393318 3062 18 19
96536306 1031 18 19
197826785 3126 18 19
243828927 5654 19 19
7147532323 20913 20 19
11289732367 21989 20 19
1358189072 14313 20 19
2857042329 18543 20 19
145936432 2070 20 19
2128295708 17126 20 19
2128295695 17125 20 19
253858192 6799 20 19
118054569 1392 20 19
2128295727 17128 20 19
253859426 6802 20 19
10124007301 21706 20 19
567937370 11760 20 19
567937398 11762 20 19
567937336 11758 20 19
567937312 11754 20 19
4256055429 19579 20 19
2278363691 17514 20 19
1025426559 13642 20 19
276691529 7821 20 19
271978283 7784 20 19
956395977 13438 20 19
256583970 6935 20 19
290043586 8225 21 19
3558149424 19098 21 19
313673468 9220 21 19
100300857 1085 21 19
367926150 10197 21 19
11880043409 22194 21 19
298862043 8573 21 19
301463428 8613 21 19
100301696 1089 21 19
100301935 1091 21 19
100301999 1093 21 19
100299717 1077 21 19
100300859 1086 21 19
301463431 8614 21 19
3805729894 19348 21 19
297978637 8500 21 19
8113098284 21204 21 19
470893701 11249 21 19
4225365412 19561 21 19
1864260079 16769 21 19
1864159517 16763 21 19
470333837 11222 21 19
1864159515 16762 21 19
336785208 9715 22 19
2278118662 17493 22 19
1837882449 16496 22 19
2889203083 18594 22 19
331571640 9683 22 19
4044851039 19453 22 19
1375583820 14467 22 19
678570278 12507 22 19
678570340 12516 22 19
2482409609 18036 24 19
206142594 3782 24 19
345845367 9896 24 19
1317069516 14082 24 19
1832557258 16093 24 19
345846156 9897 24 19
9233804486 21450 25 19
3110141494 18706 25 19
83064886 952 25 19
6614916075 20699 25 19
250346769 6321 26 19
355604275 9990 26 19
197377351 3054 26 19
198651941 3162 26 19
197968449 3139 26 19
356425701 10005 26 19
197377355 3055 26 19
60011727 834 26 19
60012670 839 26 19
10142854162 21725 26 19
303861645 8902 27 19
3190015149 18772 27 19
3190015097 18768 27 19
1902618831 16899 27 19
298862066 8574 27 19
2474624874 18019 28 19
9778255009 21610 28 19
1375576733 14438 29 19
1375576758 14442 29 19
1375576709 14434 29 19
373097962 10306 29 19
10769248089 21853 29 19
345176023 9828 29 19
343138551 9772 29 19
1803112114 15834 29 19
4365354464 19681 29 19
11042720479 21926 30 19
282913097 8005 30 19
291921394 8327 30 19
282712260 7960 30 19
7256018092 20949 30 19
446037808 10805 30 19
446037815 10809 30 19
251137347 6433 30 19
587639470 11935 32 19
192803783 2877 32 19
582468462 11885 32 19
10693812736 21838 32 19
1984928588 17006 32 19
192809972 2881 32 19
3560438675 19104 32 19
9819694334 21613 32 19
1314529049 14072 32 19
1507313907 14889 32 19
837955142 13026 32 19
1495290152 14793 32 19
1505181765 14863 32 19
1507310149 14884 32 19
1505181747 14856 32 19
229914991 4756 32 19
1490337767 14771 32 19
9590587767 21540 32 19
314892671 9288 32 19
1718503780 15648 32 19
1490337085 14769 32 19
11409065126 22107 33 19
205008127 3523 34 19
370304825 10265 34 19
1503867951 14824 34 19
1503868956 14825 34 19
602643767 12041 34 19
10144635479 21728 34 19
8661790103 21349 34 19
722917842 12710 34 19
229902752 4750 34 19
207447680 4117 35 19
105368250 1139 35 19
105379640 1147 35 19
105368203 1136 35 19
2298683748 17606 35 19
315885477 9360 35 19
1856342477 16698 35 19
315998015 9412 35 19
259102998 7216 35 19
315994097 9407 35 19
315994220 9409 35 19
242922359 5376 35 19
315901593 9365 35 19
5630054979 20218 35 19
242922355 5375 35 19
24923996 98 36 19
158609785 2265 36 19
24913023 92 36 19
249549514 6297 36 19
262820449 7425 37 19
604029292 12065 37 19
2468291279 17998 38 19
258519182 7046 38 19
452536101 11127 38 19
452536116 11133 38 19
2323513548 17674 38 19
1631954746 15351 38 19
2323488292 17667 38 19
11362833339 22010 38 19
1889957030 16869 39 19
1889957035 16871 39 19
251608128 6532 39 19
251302792 6492 39 19
253857805 6796 39 19
2892444813 18596 39 19
254311691 6847 39 19
262706928 7406 39 19
251672025 6568 39 19
251671657 6560 39 19
4023553418 19448 41 19
198807023 3201 41 19
195460042 2971 41 19
1341639743 14153 41 19
195591341 2981 41 19
795347372 12889 42 19
286160734 8039 42 19
3609637104 19136 42 19
28869494 196 42 19
4329689309 19653 42 19
1045340527 13708 42 19
2306678566 17629 42 19
840432157 13049 42 19
173314786 2451 43 19
4429575670 19717 43 19
192808082 2878 43 19
1413091975 14536 43 19
4317231814 19618 43 19
35313776 481 43 19
130030950 1546 43 19
130030839 1544 43 19
575675656 11859 43 19
172951069 2411 43 19
172951094 2414 43 19
2541268754 18154 43 19
2541272852 18156 43 19
1749092697 15703 43 19
172951077 2413 43 19
116124652 1336 44 19
2888195830 18587 45 19
1330240288 14121 45 19
251301123 6483 45 19
241863108 5182 45 19
7147532325 20914 45 19
664001382 12359 45 19
244510586 5850 45 19
95638582 988 45 19
252709044 6716 45 19
7760729884 21108 45 19
95651591 993 45 19
3192185595 18794 45 19
907291351 13304 45 19
343537815 9785 46 19
241891981 5202 46 19
343537873 9787 46 19
331096957 9673 46 19
343537905 9790 46 19
2849874045 18537 46 19
2849874061 18538 46 19
2849898094 18539 46 19
343537755 9780 46 19
3807513827 19353 46 19
1829068584 15948 46 19
6358123567 20560 46 19
1849594010 16668 46 19
251684319 6596 46 19
28868780 167 47 19
878878530 13176 47 19
874633891 13154 47 19
243237497 5522 48 19
451732706 11062 48 19
451732708 11063 48 19
930394868 13408 48 19
243237506 5524 48 19
3190015102 18769 48 19
3190015115 18770 48 19
288941849 8116 48 19
930362609 13405 48 19
918417495 13339 48 19
502840890 11534 48 19
960149188 13444 48 19
315357048 9332 48 19
492900733 11336 48 19
451732762 11079 48 19
451732758 11078 48 19
139237826 1815 49 19
139235855 1810 49 19
139179860 1722 49 19
139172185 1688 49 19
1696859664 15588 49 19
139182688 1736 49 19
139231887 1797 49 19
139184330 1744 49 19
139179227 1720 49 19
141447382 1923 49 19
774086149 12831 49 19
141443846 1915 49 19
1635660764 15366 49 19
5931633407 20381 51 19
242162461 5261 51 19
242175509 5272 51 19
243210901 5494 51 19
242925188 5382 51 19
1018663367 13596 51 19
747885246 12758 51 19
1829669742 15961 51 19
2326353364 17696 51 19
99358234 1037 51 19
576665360 11870 51 19
207475372 4153 51 19
105376792 1143 51 19
1834030407 16174 52 19
727411495 12733 52 19
465628231 11172 52 19
258972113 7188 52 19
275341507 7793 52 19
1348714171 14240 52 19
860249693 13105 52 19
1833183633 16110 52 19
1833181817 16108 52 19
10295243818 21785 52 19
1834030406 16173 52 19
287243503 8080 53 19
373088335 10297 53 19
654077381 12294 53 19
287242108 8072 53 19
371341489 10288 53 19
371345601 10290 53 19
370304230 10259 55 19
1534238813 14972 55 19
392613412 10434 56 19
2154255926 17209 56 19
117992274 1380 57 19
321751359 9561 57 19
3523403025 19067 58 19
206284158 3943 60 19
213640745 4440 60 19
748119620 12759 60 19
241158765 5011 60 19
746754572 12753 60 19
1844653442 16597 60 19
6400752289 20582 60 19
1831131758 16031 60 19
243684036 5629 60 19
792646387 12865 60 19
243680970 5624 60 19
1027145363 13651 61 19
304559931 8960 62 19
304560167 8964 62 19
1588355386 15158 62 19
1584813414 15131 62 19
470988572 11263 63 19
388505767 10409 63 19
248898738 6284 63 19
338913251 9736 64 19
3238587797 18826 65 19
3754710972 19286 65 19
276132689 7813 65 19
612214530 12092 65 19
9679814132 21558 65 19
387713451 10408 65 19
7817780362 21144 65 19
2172192662 17290 65 19
2619965999 18295 65 19
276133311 7814 65 19
2619966065 18298 65 19
2619965965 18291 65 19
247282179 6127 65 19
7640281098 21053 65 19
7640281104 21054 65 19
278898270 7868 65 19
671563860 12426 65 19
671573003 12428 65 19
96537668 1033 66 19
196188796 3000 66 19
196586735 3013 66 19
2663215187 18355 66 19
198249952 3147 66 19
198781533 3180 66 19
197783064 3115 66 19
244189601 5804 66 19
659446878 12322 66 19
231762248 4786 66 19
83070398 955 66 19
1708820821 15632 67 19
1240997277 13955 67 19
1240997298 13957 67 19
1240997248 13953 67 19
244429727 5826 67 19
244438301 5827 67 19
253869198 6831 67 19
244438476 5828 67 19
412050672 10506 67 19
8443369819 21304 68 19
282842894 7964 68 19
412430731 10519 70 19
253869548 6837 70 19
6990406196 20855 71 19
260017867 7338 71 19
258508467 7044 71 19
3424970737 18964 71 19
260017871 7340 71 19
446161968 10876 71 19
446166393 10880 71 19
446161840 10865 71 19
446161835 10863 71 19
446191329 10885 71 19
446191350 10890 71 19
3589459686 19126 71 19
267221313 7514 72 19
3781339568 19317 72 19
1806697030 15854 72 19
2396460736 17876 72 19
447991347 10947 72 19
2396395466 17874 72 19
446152533 10858 72 19
3320055456 18875 72 19
3320059763 18877 72 19
282903476 7983 72 19
3295047367 18864 72 19
6338015584 20541 72 19
290433356 8262 72 19
452536117 11134 73 19
452536100 11126 73 19
1622867935 15329 73 19
8643540567 21343 74 19
5997397855 20405 74 19
9096982017 21425 74 19
8643853033 21345 74 19
3124734052 18711 74 19
241616093 5138 74 19
6198811390 20472 74 19
385765837 10366 77 19
385765838 10367 77 19
1835505876 16326 78 19
2099082253 17094 78 19
2817689159 18497 78 19
3569474636 19115 78 19
4879371163 19886 78 19
446161851 10867 78 19
245804237 5968 78 19
446139012 10851 78 19
9653425484 21549 78 19
4284996574 19595 78 19
245802533 5964 78 19
3190051711 18778 78 19
290433555 8263 78 19
4596666848 19789 80 19
4596666847 19788 80 19
915947143 13331 81 19
10916719423 21899 81 19
432004081 10669 81 19
6790257072 20781 81 19
6790257067 20780 81 19
432004066 10667 81 19
3248597612 18840 81 19
28868751 162 81 19
694090069 12627 81 19
3153743498 18735 81 19
1833986991 16160 81 19
100301152 1088 81 19
5309141414 20060 81 19
158704586 2286 82 19
8688171546 21356 82 19
11377109637 22089 82 19
10297422836 21786 83 19
176855340 2580 83 19
178724462 2661 83 19
178746777 2691 83 19
975539121 13510 83 19
1199430484 13886 84 19
5836938959 20331 84 19
3387716436 18935 84 19
1317069502 14081 84 19
1798138690 15806 84 19
666135676 12394 84 19
206266240 3893 85 19
1849018617 16656 86 19
1363531308 14349 86 19
242927413 5398 86 19
1850652938 16679 86 19
241929210 5255 86 19
242926201 5384 86 19
242163616 5263 86 19
243547748 5602 86 19
1841016130 16558 86 19
139182692 1738 87 19
139182689 1737 87 19
1932460212 16951 87 19
1944372841 16969 87 19
137572230 1657 87 19
198863394 3238 87 19
198872935 3250 87 19
3385133809 18928 87 19
2047767878 17049 87 19
139237393 1813 87 19
246622030 6079 87 19
139231601 1795 87 19
244438619 5830 87 19
244438581 5829 87 19
244429717 5824 87 19
244429681 5823 87 19
3936245943 19410 87 19
1831505731 16061 89 19
1844618643 16596 89 19
812000570 12952 89 19
1808029376 15861 89 19
1844435937 16595 89 19
990337621 13525 89 19
203866263 3483 90 19
452068716 11092 90 19
5819088903 20328 90 19
5305567588 20052 90 19
690899740 12578 90 19
2133408905 17151 90 19
268118029 7571 90 19
11739137671 22155 90 19
690899737 12577 90 19
2660482354 18351 90 19
299458082 8585 90 19
158704589 2288 91 19
7660264071 21069 91 19
105349600 1121 91 19
1345325289 14182 94 19
1345325177 14180 94 19
208883408 4329 94 19
199160880 3318 94 19
206931538 4092 94 19
6726280148 20747 94 19
60011747 837 94 19
890796663 13193 94 19
6178287868 20464 94 19
5181427042 19983 94 19
7174432548 20933 94 19
199053881 3274 94 19
1345640841 14208 94 19
771484058 12822 94 19
243203838 5452 95 19
243204119 5459 95 19
137601448 1660 95 19
247469619 6149 95 19
691693394 12590 95 19
533837862 11650 95 19
533837901 11651 95 19
1193556513 13878 95 19
2878120059 18573 95 19
280547293 7887 95 19
732627224 12744 95 19
280546876 7885 95 19
823767111 12988 95 19
823283137 12985 95 19
436562834 10691 97 19
302059750 8680 99 19
410563107 10491 99 19
410563100 10488 99 19
289687597 8121 99 19
1506234467 14874 0 20
1515259127 14930 0 20
1515259050 14929 0 20
6180504431 20467 0 20
322678305 9578 0 20
5905743948 20368 1 20
1370447134 14398 1 20
1370447147 14399 1 20
259704720 7274 1 20
259708486 7313 1 20
259708483 7311 1 20
907096692 13289 1 20
829889206 13010 1 20
2879499356 18575 1 20
2421174731 17923 1 20
1054821414 13730 1 20
151111572 2158 1 20
600448181 12013 1 20
258525132 7088 1 20
1502217323 14807 1 20
208908962 4340 2 20
208910083 4342 2 20
1333328663 14124 2 20
2125815027 17108 3 20
83058792 949 3 20
2125821356 17115 3 20
2611455015 18276 5 20
2282401653 17532 5 20
8126697737 21211 5 20
2611455040 18280 5 20
241859042 5165 5 20
1830088194 15982 6 20
6208426461 20473 6 20
283216034 8018 6 20
283215379 8016 6 20
443811610 10754 6 20
2533954171 18134 6 20
4933337075 19905 6 20
2518804308 18131 6 20
5939640231 20386 6 20
241473414 5034 7 20
391659414 10419 7 20
1514154666 14916 8 20
1515257920 14925 8 20
3185281185 18764 8 20
499177590 11500 8 20
443976270 10756 8 20
443976292 10759 8 20
392613394 10431 8 20
290259466 8247 8 20
258589938 7152 9 20
601585387 12025 9 20
2671409915 18370 9 20
3863037768 19378 9 20
1577124767 15098 9 20
1577124717 15092 9 20
770304244 12816 9 20
7817610567 21140 9 20
1587374972 15151 9 20
1020974581 13618 9 20
1600314756 15196 9 20
1600314821 15202 9 20
428104815 10639 9 20
1600314793 15200 9 20
232324110 4850 9 20
2533993634 18137 9 20
232317928 4841 9 20
232316971 4839 9 20
355607174 9993 10 20
355607194 9994 10 20
249271110 6292 10 20
6899917474 20842 10 20
49754421 724 10 20
49754412 721 10 20
330943542 9651 11 20
1363623633 14353 11 20
3696058406 19226 11 20
475021313 11292 11 20
2170932112 17274 11 20
326133204 9598 11 20
1834395420 16221 11 20
1834395358 16207 11 20
1834642083 16244 11 20
1834642059 16239 11 20
1834642046 16236 11 20
289715561 8126 12 20
409484232 10473 12 20
206100771 3758 13 20
205501499 3693 13 20
334738959 9707 13 20
2470966310 18009 13 20
149037556 2088 14 20
343543427 9794 16 20
6680529200 20715 16 20
4596832556 19793 16 20
1829068589 15949 16 20
1829079076 15951 16 20
290040870 8193 16 20
303935607 8905 16 20
774087899 12832 17 20
218154851 4576 17 20
2032327223 17038 18 20
2032322682 17036 18 20
197830179 3128 18 20
244131758 5788 18 20
197393310 3061 18 20
197393320 3063 18 20
197393302 3059 18 20
5768675795 20313 18 20
7147532316 20912 20 20
276687271 7817 20 20
1358188975 14312 20 20
145936034 2069 20 20
145934716 2067 20 20
244510588 5851 20 20
7152651603 20920 20 20
118071079 1404 20 20
2128295834 17131 20 20
118054571 1393 20 20
253859418 6801 20 20
567937375 11761 20 20
567937330 11757 20 20
119115923 1439 20 20
1633194389 15356 20 20
276691498 7819 20 20
359180711 10010 20 20
1616145257 15296 20 20
903982217 13269 20 20
1039147597 13688 20 20
276700445 7827 20 20
1616128626 15295 20 20
115690714 1312 20 20
313673186 9215 21 20
1835041645 16313 21 20
1094897098 13783 21 20
1094823850 13781 21 20
298862040 8572 21 20
575774534 11865 21 20
317773427 9501 21 20
100302046 1094 21 20
100301938 1092 21 20
100302079 1095 21 20
100299478 1075 21 20
100302982 1101 21 20
100299716 1076 21 20
964887243 13451 21 20
470323290 11221 21 20
1833978750 16151 21 20
317782564 9511 21 20
1833978851 16159 21 20
8113098288 21205 21 20
1641216090 15383 21 20
2278118654 17492 22 20
1354993453 14296 22 20
874633721 13152 22 20
373128236 10315 22 20
2889203075 18593 22 20
4044851050 19455 22 20
678570286 12508 22 20
1648833160 15429 22 20
678570345 12517 22 20
2859787923 18550 24 20
1832557270 16096 24 20
1832557259 16094 24 20
1808029378 15862 24 20
5663788714 20236 25 20
5663788713 20235 25 20
83064888 953 25 20
11804892396 22172 25 20
6354866131 20559 26 20
4568776469 19776 26 20
198651942 3163 26 20
197936574 3138 26 20
197970919 3141 26 20
198650086 3160 26 20
10894222425 21882 26 20
60011733 835 26 20
469386117 11208 27 20
940296498 13413 27 20
315479939 9344 27 20
315479830 9343 27 20
303861632 8901 27 20
298862032 8571 27 20
287242772 8077 28 20
2474624876 18020 28 20
1375576762 14443 29 20
1375576706 14433 29 20
1375576722 14436 29 20
298476374 8541 29 20
874633375 13147 29 20
874633372 13146 29 20
345179872 9833 29 20
7072363871 20885 29 20
1803112112 15832 29 20
8739682224 21374 29 20
2202276052 17395 29 20
282913098 8006 30 20
291921353 8324 30 20
291922230 8329 30 20
282906180 7988 30 20
282906184 7989 30 20
2472804046 18016 30 20
1020408863 13612 30 20
282896776 7980 30 20
582467861 11883 32 20
587639186 11934 32 20
173311201 2449 32 20
582468032 11884 32 20
192809528 2879 32 20
192809533 2880 32 20
1314529019 14069 32 20
1507313625 14888 32 20
1494179936 14776 32 20
1505167790 14851 32 20
1586950602 15144 32 20
1495289975 14792 32 20
1505181759 14860 32 20
1505181766 14864 32 20
1505181742 14854 32 20
1505181746 14855 32 20
2358444233 17792 32 20
1507310238 14886 32 20
523811732 11621 32 20
9590587758 21536 32 20
229921997 4758 32 20
314892672 9289 32 20
837955003 13022 32 20
1495292500 14798 32 20
250976062 6404 33 20
11950000002 22210 33 20
205008057 3521 34 20
205008696 3524 34 20
370304823 10264 34 20
1495291449 14797 34 20
1601420375 15216 34 20
621287389 12130 34 20
243046359 5410 34 20
207447467 4112 35 20
207447650 4116 35 20
1399130454 14509 35 20
105368254 1140 35 20
105368208 1137 35 20
315937732 9381 35 20
259105844 7219 35 20
2297313282 17589 35 20
259102999 7217 35 20
315881501 9357 35 20
315907094 9369 35 20
259102539 7214 35 20
242922354 5374 35 20
317678142 9498 35 20
24913010 83 36 20
100294494 1041 36 20
249549574 6298 36 20
149037580 2089 37 20
11362936921 22021 38 20
694428193 12642 38 20
258519185 7047 38 20
1630565905 15344 38 20
2323513539 17673 38 20
2323513537 17672 38 20
1836529566 16457 38 20
3964899155 19428 38 20
251608133 6533 39 20
251302784 6485 39 20
254311720 6849 39 20
248765809 6258 39 20
262706863 7404 39 20
251672024 6567 39 20
251671739 6563 39 20
251671658 6561 39 20
4023553415 19447 41 20
4023553392 19442 41 20
181310581 2788 41 20
2157558064 17219 41 20
196586670 3011 41 20
6477206296 20665 41 20
195516573 2977 41 20
1647201429 15413 42 20
28869508 197 42 20
6228172469 20486 42 20
28869459 192 42 20
672299905 12432 42 20
840432169 13051 42 20
173311195 2448 43 20
130030880 1545 43 20
130030837 1543 43 20
5353544357 20136 43 20
172951073 2412 43 20
2541272848 18155 43 20
2541276178 18158 43 20
367393914 10192 44 20
142636849 2032 44 20
251671659 6562 45 20
251301132 6484 45 20
241863109 5183 45 20
11289734870 21991 45 20
2128295691 17124 45 20
664001384 12360 45 20
252708985 6715 45 20
95625220 985 45 20
95649828 992 45 20
95082437 984 45 20
95655852 994 45 20
3192185596 18795 45 20
907291348 13303 45 20
907291316 13301 45 20
2282401644 17527 45 20
241891781 5201 46 20
6442705136 20627 46 20
343537781 9782 46 20
2752261361 18425 46 20
2849898097 18540 46 20
343537895 9788 46 20
9096982046 21430 46 20
327625453 9619 46 20
10867354805 21875 46 20
1832250134 16071 46 20
290041052 8197 46 20
11394007493 22099 46 20
10210726120 21750 47 20
878878532 13177 47 20
451732709 11064 48 20
451732712 11065 48 20
451732741 11074 48 20
930394879 13409 48 20
315355241 9331 48 20
923155100 13359 48 20
315357050 9333 48 20
492900790 11341 48 20
443151037 10741 48 20
475057044 11296 48 20
492900766 11337 48 20
492900965 11352 48 20
533977356 11660 48 20
502841058 11535 48 20
139237548 1814 49 20
139172186 1689 49 20
1696859663 15587 49 20
4298781029 19598 49 20
139183636 1743 49 20
2278313629 17508 49 20
2434148713 17939 49 20
139185021 1746 49 20
141447797 1924 49 20
141443735 1914 49 20
205502936 3698 49 20
1839312730 16530 51 20
242176535 5275 51 20
1018521785 13591 51 20
486054157 11313 51 20
11703673966 22154 51 20
612938249 12093 51 20
243210836 5491 51 20
639630801 12242 51 20
207447764 4127 51 20
2754831971 18437 52 20
727411601 12738 52 20
2754832107 18444 52 20
275341510 7794 52 20
247473565 6166 52 20
918900274 13341 52 20
8093748757 21202 52 20
1833183624 16109 52 20
1833183654 16111 52 20
1833184936 16113 52 20
7660964904 21070 52 20
373134835 10322 53 20
1375576695 14431 53 20
373088337 10298 53 20
654077403 12296 53 20
287019442 8058 53 20
287242106 8071 53 20
287242098 8069 53 20
243046413 5411 55 20
1534238812 14971 55 20
145889511 2043 57 20
3523403017 19066 58 20
3523403033 19068 58 20
1687782997 15554 60 20
416310799 10572 60 20
1684819037 15539 60 20
801179381 12921 60 20
7973328979 21180 60 20
899607882 13227 60 20
1831151707 16046 60 20
209090607 4360 60 20
1831131755 16029 60 20
2546022966 18162 60 20
218688281 4647 60 20
448642544 10972 62 20
304560291 8966 62 20
1608398698 15253 62 20
448019179 10963 62 20
1588355409 15160 62 20
1584813413 15130 62 20
448019177 10962 62 20
1833978788 16154 63 20
338795930 9723 64 20
2472118724 18012 64 20
603284926 12047 65 20
3754710945 19284 65 20
2619965935 18289 65 20
276132680 7812 65 20
387672465 10382 65 20
7817780363 21145 65 20
2169682082 17269 65 20
3754710998 19287 65 20
10139551398 21716 65 20
245573203 5950 65 20
7640281097 21052 65 20
257578606 6976 65 20
10116035679 21701 65 20
671573017 12429 65 20
671573025 12430 65 20
198774158 3178 66 20
2339477200 17718 66 20
5963090782 20395 66 20
7973328935 21179 66 20
6422974672 20606 66 20
659445618 12320 66 20
2514890937 18120 66 20
1554860629 15049 67 20
1240997262 13954 67 20
273451630 7787 67 20
1240997297 13956 67 20
775938381 12836 67 20
2282401661 17537 67 20
10059769354 21682 67 20
251137081 6418 67 20
282842788 7961 68 20
4866917465 19883 68 20
412430610 10516 70 20
412430729 10518 70 20
11992956160 22235 71 20
304562472 8979 71 20
260017869 7339 71 20
250552818 6347 71 20
2396388501 17873 71 20
2396388486 17871 71 20
267221316 7515 72 20
267219480 7513 72 20
600197280 12001 72 20
10844226573 21874 72 20
446152516 10856 72 20
282906360 7990 72 20
282711553 7959 72 20
282906178 7987 72 20
282709334 7948 72 20
1612315639 15273 73 20
6563002477 20693 74 20
10071409783 21692 74 20
241617419 5144 74 20
10060954948 21684 74 20
241891142 5200 74 20
3124734069 18712 74 20
1475080885 14683 74 20
1837882439 16493 74 20
241892406 5204 74 20
1705400534 15619 78 20
1705400529 15618 78 20
446161847 10866 78 20
446152484 10855 78 20
446161827 10861 78 20
3523481003 19075 80 20
4596666846 19787 80 20
5244199529 20013 81 20
1833987033 16162 81 20
432004089 10671 81 20
28868763 163 81 20
451010313 11058 81 20
401909526 10450 81 20
3810924299 19359 81 20
1833987001 16161 81 20
826674978 13001 81 20
6219856846 20481 81 20
5309141415 20061 81 20
176861648 2583 83 20
176855338 2579 83 20
176854862 2578 83 20
1199430712 13892 84 20
5836938956 20329 84 20
5836938960 20332 84 20
1414495912 14538 84 20
1833671361 16142 84 20
1293307984 14013 86 20
242927191 5393 86 20
330937046 9647 86 20
241929209 5254 86 20
243183160 5413 86 20
1845970724 16638 86 20
139238302 1817 87 20
1383528030 14488 87 20
1919347331 16945 87 20
2323687879 17677 87 20
198863395 3239 87 20
2311705269 17656 87 20
244909249 5918 87 20
290518988 8271 87 20
137363415 1646 87 20
3385133799 18927 87 20
417206315 10582 87 20
244438642 5831 87 20
6354690834 20558 87 20
1831131814 16044 89 20
208705105 4307 89 20
374398631 10339 89 20
1832557271 16097 89 20
1832557274 16098 89 20
208705953 4308 89 20
690899743 12579 90 20
158704588 2287 91 20
158704571 2283 91 20
156574607 2202 91 20
105349602 1122 91 20
9975594007 21660 94 20
1345325027 14179 94 20
208883809 4330 94 20
248878343 6273 94 20
310244534 9082 94 20
199160884 3319 94 20
162620298 2308 94 20
1106779248 13802 94 20
6178287861 20462 94 20
890796621 13191 94 20
603624680 12055 94 20
5181427043 19984 94 20
2581274362 18226 94 20
1345640790 14206 94 20
243203736 5444 95 20
243203805 5451 95 20
2188959445 17329 95 20
137601454 1661 95 20
656510851 12313 95 20
3741123170 19251 95 20
533837932 11652 95 20
3741129316 19255 95 20
6411849136 20591 95 20
2878120053 18571 95 20
2878120056 18572 95 20
726615520 12726 95 20
280551084 7889 95 20
289715559 8125 97 20
410563112 10492 99 20
1506234473 14876 0 21
1515258858 14928 0 21
1505163819 14833 0 21
322678304 9577 0 21
907096712 13290 1 21
903192680 13234 1 21
907096321 13286 1 21
259704719 7273 1 21
259707679 7308 1 21
259707555 7307 1 21
151111991 2160 1 21
151109738 2157 1 21
10147790587 21730 1 21
258523498 7067 1 21
1502217321 14806 1 21
35492295 506 2 21
208912386 4344 2 21
332350381 9688 2 21
2125815029 17109 3 21
801179467 12926 3 21
203931111 3489 3 21
775376999 12834 3 21
775377000 12835 3 21
251897622 6700 5 21
2611455010 18275 5 21
2282401656 17535 5 21
2282401655 17534 5 21
241859153 5166 5 21
241925810 5236 5 21
283215501 8017 6 21
27390498 134 6 21
872034092 13122 6 21
6208426474 20474 6 21
2518804310 18132 6 21
5939640239 20387 6 21
3744616678 19259 6 21
1514152898 14910 8 21
1515258062 14926 8 21
1515257896 14924 8 21
499178568 11503 8 21
3524062323 19081 8 21
392613384 10427 8 21
601585405 12027 9 21
1577124415 15082 9 21
258589949 7156 9 21
1577124759 15097 9 21
11371660741 22077 9 21
770304250 12817 9 21
6822634818 20798 9 21
886317039 13189 9 21
247473581 6172 9 21
9458065613 21512 9 21
1587374787 15150 9 21
1600314727 15194 9 21
601585518 12034 9 21
601585529 12036 9 21
428104820 10640 9 21
232321219 4847 9 21
232324625 4851 9 21
2533993625 18136 9 21
2518804296 18129 9 21
232320014 4846 9 21
7674710958 21078 9 21
232316976 4840 9 21
49761518 726 10 21
243203752 5445 10 21
243191638 5432 11 21
242927190 5392 11 21
1363623610 14352 11 21
1363623678 14355 11 21
387680356 10395 11 21
3696058347 19225 11 21
387673991 10386 11 21
3571864464 19117 11 21
2170932116 17275 11 21
2596949410 18248 11 21
326134026 9600 11 21
326133207 9599 11 21
1834395427 16223 11 21
1834395348 16204 11 21
1834395335 16200 11 21
1834642058 16238 11 21
1834642061 16241 11 21
206100766 3757 13 21
205501513 3697 13 21
205501502 3694 13 21
2470966314 18010 13 21
205507275 3706 13 21
2343295140 17726 16 21
331245073 9677 16 21
11378545582 22091 16 21
1849876496 16677 16 21
303936042 8912 16 21
3124596135 18710 18 21
197393278 3056 18 21
5768675798 20315 18 21
197393474 3075 18 21
197393354 3066 18 21
5768675796 20314 18 21
1428593704 14610 20 21
7147532339 20917 20 21
2278363663 17509 20 21
2079987508 17083 20 21
117945028 1378 20 21
145935535 2068 20 21
118055652 1397 20 21
118067157 1399 20 21
502847679 11546 20 21
4198815001 19547 20 21
118054575 1394 20 21
119115723 1438 20 21
119120001 1440 20 21
4179623104 19529 20 21
276691500 7820 20 21
115647984 1303 20 21
119602569 1454 20 21
3340495138 18902 20 21
1039147595 13687 20 21
266163059 7453 20 21
11080752574 21941 20 21
276700447 7828 20 21
2278363666 17511 20 21
516379274 11609 20 21
313673491 9222 21 21
1835041643 16312 21 21
1094897075 13782 21 21
1094823848 13780 21 21
367926170 10199 21 21
207430918 4103 21 21
923144543 13356 21 21
575774680 11866 21 21
317782194 9508 21 21
100303407 1103 21 21
100299720 1079 21 21
100300379 1080 21 21
348095906 9909 21 21
964893374 13452 21 21
100302802 1098 21 21
301439034 8604 21 21
2317177335 17662 21 21
7430324304 20988 21 21
7430324302 20987 21 21
297978628 8499 21 21
317782560 9510 21 21
7430316761 20986 21 21
7430316759 20985 21 21
1833978793 16155 21 21
7050624387 20880 22 21
2278118641 17491 22 21
10769255209 21854 22 21
2838746896 18526 22 21
678571935 12525 22 21
1375580736 14464 22 21
2153800835 17208 22 21
1644189698 15402 22 21
678571950 12527 22 21
1375580722 14462 22 21
1832557266 16095 24 21
1808029355 15860 24 21
83064892 954 25 21
8232377927 21241 25 21
2472118723 18011 25 21
197970916 3140 26 21
1106779227 13801 26 21
469386176 11213 27 21
315479829 9342 27 21
315480145 9345 27 21
315479451 9339 27 21
940296520 13414 27 21
6479969291 20673 27 21
6741783270 20753 28 21
287242768 8075 28 21
9778255006 21608 28 21
1375576787 14446 29 21
6806447919 20792 29 21
1375576718 14435 29 21
2196527614 17330 29 21
208329003 4208 29 21
4329262461 19651 29 21
345175963 9825 29 21
7072363873 20886 29 21
303706169 8871 29 21
966127742 13455 29 21
291922229 8328 30 21
282895331 7977 30 21
1020408766 13609 30 21
286142226 8038 30 21
9374838780 21494 32 21
177222804 2602 32 21
6179061749 20466 32 21
1314529029 14070 32 21
1505167553 14850 32 21
844093555 13058 32 21
1505167358 14848 32 21
314892759 9290 32 21
1495289880 14791 32 21
1511471864 14896 32 21
844093590 13059 32 21
1511471425 14895 32 21
1505163012 14826 32 21
1505163308 14832 32 21
1505164757 14838 32 21
9609115068 21542 32 21
1495291430 14796 32 21
1494181797 14783 32 21
837955107 13025 32 21
746777245 12754 32 21
837955075 13024 32 21
205008061 3522 34 21
1497267629 14801 34 21
1495290576 14795 34 21
370304821 10263 34 21
1497267269 14800 34 21
1534238799 14969 34 21
207447514 4113 35 21
207447620 4115 35 21
665359136 12380 35 21
207447540 4114 35 21
206232486 3861 35 21
665359141 12381 35 21
665359148 12382 35 21
105382751 1149 35 21
105368210 1138 35 21
11551816593 22146 35 21
1856342475 16697 35 21
259105848 7220 35 21
1168869217 13853 35 21
242922794 5378 35 21
259165354 7229 35 21
249661993 6303 36 21
694428201 12643 38 21
452536130 11137 38 21
2102252745 17100 38 21
452536104 11128 38 21
1630565895 15343 38 21
7472427196 21001 38 21
2327965732 17697 38 21
2323725794 17679 38 21
1836529573 16458 38 21
1932500525 16952 38 21
251304053 6501 39 21
251302786 6486 39 21
254311724 6850 39 21
704388911 12691 39 21
958640710 13440 39 21
262706927 7405 39 21
262706861 7403 39 21
704345967 12690 39 21
251672021 6566 39 21
5332945669 20114 41 21
4023553411 19445 41 21
4023553393 19443 41 21
198825658 3213 41 21
4023553402 19444 41 21
181310555 2787 41 21
11218741726 21972 41 21
196586730 3012 41 21
6477206301 20666 41 21
479727246 11310 42 21
4263522126 19582 42 21
28869457 191 42 21
282416742 7945 42 21
840432159 13050 42 21
130030662 1537 43 21
4317167954 19614 43 21
2541274806 18157 43 21
4019994362 19440 43 21
2888195839 18589 45 21
664001401 12361 45 21
252707560 6714 45 21
2282401647 17528 45 21
3373942256 18917 45 21
4367971030 19682 45 21
95660340 995 45 21
95628954 986 45 21
907291313 13300 45 21
29016224 222 45 21
6154219213 20456 46 21
6154219214 20457 46 21
6779468265 20778 46 21
6442705139 20628 46 21
343537782 9783 46 21
694169237 12638 46 21
343537740 9778 46 21
343537749 9779 46 21
331096230 9671 46 21
327625390 9618 46 21
1829068590 15950 46 21
290041074 8198 46 21
290041031 8196 46 21
1849853995 16675 46 21
1354993462 14297 47 21
451732715 11066 48 21
451732742 11075 48 21
930394854 13407 48 21
315357604 9338 48 21
923155210 13364 48 21
315357052 9334 48 21
492900812 11342 48 21
443151039 10742 48 21
443151034 10739 48 21
475056940 11295 48 21
492900769 11338 48 21
492900869 11345 48 21
451732717 11068 48 21
451732756 11077 48 21
250826219 6382 49 21
1696859673 15589 49 21
137281465 1632 49 21
137281467 1633 49 21
288842824 8108 49 21
11465491878 22128 49 21
2434148718 17940 49 21
141446378 1920 49 21
141446784 1921 49 21
1635660808 15367 49 21
8745265655 21379 49 21
243345793 5539 51 21
1990795685 17019 51 21
5949769410 20392 51 21
486054137 11312 51 21
2197149717 17335 51 21
747885193 12757 51 21
639630803 12243 51 21
243210968 5495 51 21
207447775 4128 51 21
207447871 4130 51 21
1834030401 16171 52 21
10295076455 21783 52 21
2754832100 18443 52 21
1600314331 15192 52 21
247473567 6167 52 21
8328447879 21273 52 21
8093748759 21203 52 21
2754831899 18434 52 21
3474452235 19007 53 21
8422725790 21301 53 21
1375576685 14429 53 21
373088348 10299 53 21
654077419 12297 53 21
287242097 8068 53 21
1534238814 14973 55 21
145889517 2044 57 21
1016252215 13575 57 21
50685023 747 60 21
3228938766 18810 60 21
801179621 12929 60 21
243793629 5648 60 21
1772927744 15761 60 21
1831131810 16041 60 21
1831339733 16050 60 21
1831131750 16028 60 21
304559936 8961 62 21
3424970714 18957 62 21
448012856 10958 62 21
448019175 10961 62 21
766756843 12797 62 21
448019193 10965 62 21
6563093650 20694 63 21
6614916077 20701 64 21
205567089 3725 64 21
3754711010 19288 65 21
3754709809 19283 65 21
2619965970 18292 65 21
387686326 10398 65 21
1492339896 14773 65 21
7817780364 21146 65 21
3754711028 19289 65 21
245573187 5949 65 21
257578619 6977 65 21
197780167 3114 66 21
1868789559 16838 66 21
6422974673 20607 66 21
571588517 11833 66 21
274092712 7789 67 21
412494436 10531 67 21
1544070577 15006 67 21
11369022045 22070 67 21
775938393 12837 67 21
244438688 5833 67 21
1363064954 14342 67 21
2503384369 18097 67 21
2282401659 17536 68 21
282842888 7963 68 21
412430727 10517 70 21
1584768429 15122 71 21
3424970735 18963 71 21
448012817 10948 71 21
2396388493 17872 71 21
1619540953 15326 71 21
979727512 13517 72 21
600197284 12002 72 21
446152528 10857 72 21
1619531304 15323 72 21
282906366 7991 72 21
6338017786 20542 72 21
6338015572 20539 72 21
7330185971 20971 74 21
333780762 9690 74 21
241617420 5145 74 21
694169149 12636 74 21
1475080897 14684 74 21
241616081 5131 74 21
10665836583 21824 74 21
6198811387 20471 74 21
3516227432 19056 78 21
3127570806 18723 78 21
6401942432 20585 78 21
446152582 10860 78 21
446152464 10854 78 21
3523481006 19076 80 21
6853734142 20814 80 21
829633411 13005 81 21
3283867839 18856 81 21
100300380 1081 81 21
432004075 10668 81 21
1297656045 14024 81 21
600197356 12003 81 21
28868772 166 81 21
301463425 8612 81 21
301463233 8610 81 21
1720241151 15657 81 21
176862481 2584 83 21
176854861 2577 83 21
176854270 2575 83 21
5836938957 20330 84 21
1205068848 13917 84 21
1801616454 15827 84 21
1833665900 16133 84 21
242927147 5391 86 21
1293307961 14012 86 21
242927239 5397 86 21
241929238 5257 86 21
330941757 9649 86 21
242926698 5387 86 21
243183139 5412 86 21
139189120 1751 87 21
139185773 1747 87 21
4192272358 19538 87 21
3723980331 19239 87 21
1658305056 15439 87 21
198867420 3245 87 21
198881415 3255 87 21
3034823115 18667 87 21
244909657 5919 87 21
3034897001 18670 87 21
1658305055 15438 87 21
288842793 8104 87 21
290518984 8270 87 21
139187748 1750 87 21
2390005574 17856 87 21
899607853 13225 89 21
1798153389 15813 89 21
899607538 13221 89 21
1831131783 16037 89 21
1798153392 15814 89 21
258989149 7200 89 21
899625865 13229 89 21
156574772 2220 91 21
158700160 2280 91 21
208884100 4331 94 21
2591113878 18241 94 21
208899904 4333 94 21
208898313 4332 94 21
199160892 3320 94 21
162620292 2307 94 21
60011749 838 94 21
162625023 2310 94 21
2581274323 18225 94 21
5152474383 19965 95 21
243203803 5450 95 21
3741123187 19252 95 21
656510836 12312 95 21
3741129304 19254 95 21
247374037 6134 95 21
2878120061 18574 95 21
726615550 12728 95 21
726615548 12727 95 21
410563101 10489 99 21
1506234462 14870 0 22
1514158058 14920 0 22
322666397 9576 0 22
322682188 9579 0 22
907096875 13292 1 22
903192504 13231 1 22
6515491418 20686 1 22
259707784 7309 1 22
8043052191 21191 1 22
259707417 7305 1 22
271196612 7769 1 22
4182152279 19531 1 22
8819034433 21385 1 22
276691599 7823 1 22
907096001 13284 1 22
5944801819 20390 1 22
258523371 7066 1 22
248878308 6271 2 22
199164525 3324 2 22
703501056 12662 3 22
2125815032 17111 3 22
241160278 5012 3 22
203950533 3492 3 22
2125821376 17117 3 22
203948182 3491 3 22
2125819985 17113 3 22
251897673 6701 5 22
522608242 11617 5 22
522609243 11618 5 22
248765803 6257 5 22
2282401654 17533 5 22
9826462672 21616 5 22
8126697731 21210 5 22
2518804300 18130 6 22
246787078 6086 6 22
3744616702 19263 6 22
3815727012 19363 6 22
1514150457 14898 8 22
1515398092 14934 8 22
1515257757 14923 8 22
1515258627 14927 8 22
1506234456 14868 8 22
1515257700 14922 8 22
3955940287 19419 8 22
7003414129 20857 8 22
392613386 10428 8 22
601585406 12028 9 22
601585434 12029 9 22
258591502 7163 9 22
1577124687 15090 9 22
1577124689 15091 9 22
582658494 11887 9 22
1577125339 15100 9 22
1257435570 13970 9 22
1016190788 13569 9 22
428104778 10633 9 22
1587375119 15154 9 22
1600314731 15195 9 22
601585510 12033 9 22
601585530 12037 9 22
2671571126 18386 9 22
258591656 7165 9 22
598586267 11979 9 22
232321221 4848 9 22
232319095 4844 9 22
582008974 11878 9 22
232320013 4845 9 22
232311597 4837 9 22
49761525 727 10 22
1834331518 16193 10 22
243203627 5442 10 22
242927212 5394 11 22
243191637 5431 11 22
1293308109 14017 11 22
387704658 10402 11 22
387674973 10389 11 22
387702228 10401 11 22
387674339 10387 11 22
3571864461 19116 11 22
2172196186 17292 11 22
387673972 10383 11 22
6702712099 20735 11 22
326131608 9596 11 22
1834642092 16245 11 22
1834642060 16240 11 22
205501511 3696 13 22
205501504 3695 13 22
205507268 3705 13 22
11378545576 22090 16 22
5768675793 20312 18 22
197393357 3067 18 22
5615861044 20215 18 22
197393306 3060 18 22
197393362 3068 18 22
197393348 3065 18 22
7147532334 20916 20 22
2079987516 17084 20 22
6087762181 20434 20 22
256397262 6915 20 22
1445264761 14638 20 22
244510895 5856 20 22
118067699 1400 20 22
1434510055 14631 20 22
259793583 7328 20 22
2128295952 17134 20 22
2128295927 17133 20 22
1655686365 15433 20 22
11049695765 21927 20 22
2278363686 17512 20 22
2278363688 17513 20 22
115648000 1304 20 22
119602559 1453 20 22
1354677035 14279 20 22
1185026490 13874 20 22
4182152284 19532 20 22
1358197999 14315 20 22
276687307 7818 20 22
1616128624 15294 20 22
7371448701 20976 20 22
367926141 10196 21 22
367926217 10201 21 22
437888369 10702 21 22
207430920 4104 21 22
923144788 13357 21 22
923155176 13362 21 22
1192939916 13877 21 22
100303790 1105 21 22
100303387 1102 21 22
348095897 9908 21 22
964893398 13453 21 22
492256347 11327 21 22
100302817 1099 21 22
443151052 10750 21 22
317773537 9504 21 22
313954984 9266 21 22
470333860 11223 21 22
317773541 9505 21 22
317773544 9506 21 22
100297924 1069 21 22
6563093651 20695 21 22
6277542761 20508 21 22
10769255211 21855 22 22
1375576704 14432 22 22
1375576667 14427 22 22
1375580732 14463 22 22
2153800834 17207 22 22
569987568 11826 22 22
678570292 12511 22 22
4839994165 19864 22 22
678571949 12526 22 22
1807245181 15855 24 22
1808029352 15859 24 22
8232377940 21242 25 22
6614916076 20700 25 22
469386126 11209 27 22
315479827 9341 27 22
315480253 9346 27 22
288941853 8118 27 22
315480483 9350 27 22
923144900 13358 27 22
6479969294 20674 27 22
287242771 8076 28 22
1375576801 14448 29 22
6806447924 20793 29 22
208329006 4209 29 22
345175959 9824 29 22
345175948 9822 29 22
303705615 8870 29 22
3677807854 19204 29 22
966127766 13457 29 22
966127747 13456 29 22
291922572 8330 30 22
282900297 7981 30 22
1969233511 16993 30 22
35313925 485 32 22
177225745 2605 32 22
330497610 9636 32 22
1314528995 14066 32 22
1505181767 14865 32 22
322665545 9574 32 22
1578099063 15105 32 22
1494182256 14784 32 22
1494182265 14785 32 22
1494181068 14781 32 22
844093523 13055 32 22
1514154946 14917 32 22
1507310166 14885 32 22
1505163022 14827 32 22
1514154338 14913 32 22
3185281173 18762 32 22
3185281206 18766 32 22
1505163284 14831 32 22
1505165326 14840 32 22
1505164622 14837 32 22
1494182384 14786 32 22
1718503788 15649 32 22
746777267 12755 32 22
322692315 9585 34 22
10168969667 21736 34 22
844093726 13070 34 22
330547031 9639 34 22
1534238816 14974 34 22
665359134 12379 35 22
5959985891 20393 35 22
8186812167 21216 35 22
259106479 7224 35 22
11551816592 22145 35 22
315937716 9380 35 22
315892840 9362 35 22
259109681 7226 35 22
259105849 7221 35 22
315983175 9388 35 22
259165348 7228 35 22
242922804 5379 35 22
242922770 5377 35 22
7512472055 21007 38 22
452536126 11135 38 22
452536110 11131 38 22
452536106 11129 38 22
2562526844 18194 38 22
2323513533 17671 38 22
258260978 7036 38 22
2323513557 17675 38 22
1836529607 16461 38 22
2323724325 17678 38 22
258260999 7039 38 22
10914716585 21888 38 22
251304277 6503 39 22
251304054 6502 39 22
251302787 6487 39 22
248661866 6256 39 22
2832586829 18509 39 22
958640722 13441 39 22
251672020 6565 39 22
197594211 3090 41 22
5332945671 20115 41 22
2032395009 17041 41 22
2032388878 17039 41 22
198825394 3212 41 22
198825392 3211 41 22
181310552 2786 41 22
11218741727 21973 41 22
181310589 2790 41 22
1647201428 15412 42 22
4328943757 19650 42 22
130030694 1539 43 22
130030685 1538 43 22
172958086 2418 43 22
2541268747 18153 43 22
2888195837 18588 45 22
252709145 6722 45 22
3373942254 18916 45 22
1179484516 13861 45 22
896347009 13217 45 22
95664951 996 45 22
3402391810 18956 45 22
1179484529 13864 45 22
6154219211 20455 46 22
1089213367 13764 46 22
331096948 9672 46 22
6779468264 20777 46 22
694169167 12637 46 22
327626538 9624 46 22
2367275357 17817 46 22
327625925 9621 46 22
327623917 9617 46 22
1829079082 15952 46 22
290041081 8199 46 22
1849846468 16673 46 22
1849853990 16674 46 22
1354993449 14295 47 22
451732746 11076 48 22
451732716 11067 48 22
930394847 13406 48 22
243246509 5527 48 22
288941850 8117 48 22
2211328742 17407 48 22
315480399 9348 48 22
492900820 11343 48 22
443151049 10747 48 22
492901679 11356 48 22
443151040 10743 48 22
443151035 10740 48 22
443151042 10745 48 22
492900771 11339 48 22
492900944 11350 48 22
533977357 11661 48 22
492900885 11346 48 22
3622343435 19143 49 22
701874502 12658 49 22
139189392 1752 49 22
139189914 1753 49 22
288842805 8107 49 22
1345640935 14209 49 22
3385078183 18923 49 22
205504719 3702 49 22
1109369217 13808 49 22
1935238267 16954 51 22
243345779 5538 51 22
487813312 11317 51 22
489329596 11318 51 22
747885191 12756 51 22
207447897 4131 51 22
207447722 4124 51 22
576665272 11869 51 22
11414399514 22117 52 22
1834478310 16227 52 22
1826039585 15874 52 22
1349621880 14257 52 22
247473569 6168 52 22
8328447880 21274 52 22
3830327158 19369 52 22
5088949979 19945 52 22
1834537519 16233 52 22
1834018843 16164 52 22
654077384 12295 53 22
7371009739 20975 57 22
8819034427 21384 57 22
1639968797 15376 57 22
3228938763 18809 60 22
83058781 948 60 22
83058779 947 60 22
1786694947 15785 60 22
218690139 4648 60 22
1831131811 16042 60 22
1831339743 16051 60 22
1831131696 16025 60 22
3424970724 18959 62 22
448012857 10959 62 22
448012855 10957 62 22
304559930 8959 62 22
2619965975 18293 65 22
1630545612 15342 65 22
387675639 10390 65 22
149352098 2105 65 22
6702712070 20734 65 22
10139551407 21717 65 22
245573056 5948 65 22
9556080084 21523 65 22
1868789557 16837 66 22
195802428 2984 66 22
571589362 11834 66 22
274092706 7788 67 22
412494435 10530 67 22
1544070573 15005 67 22
1544070579 15007 67 22
244438682 5832 67 22
8443369820 21305 67 22
3060141924 18688 68 22
282842887 7962 68 22
9270647729 21460 70 22
3424970743 18965 71 22
448012820 10949 71 22
3424970726 18960 71 22
1619540944 15325 71 22
979727517 13518 72 22
28868768 164 72 22
1619531326 15324 72 22
293541779 8374 72 22
6338015577 20540 72 22
282896768 7979 72 22
241616202 5139 74 22
333780771 9691 74 22
10072425662 21693 74 22
344786787 9805 74 22
1089213402 13765 74 22
2288767881 17572 74 22
241892408 5205 74 22
331092885 9660 74 22
6401942433 20586 78 22
2070376893 17074 78 22
446139016 10852 78 22
6853734143 20815 80 22
829633386 13004 81 22
694088966 12623 81 22
301463434 8615 81 22
301463423 8611 81 22
176857974 2581 83 22
176854859 2576 83 22
9790621216 21612 84 22
242927214 5395 86 22
1293307999 14014 86 22
241929235 5256 86 22
1363623774 14358 86 22
1849018619 16657 86 22
242927558 5400 86 22
1849018624 16658 86 22
1293308025 14015 86 22
288842796 8105 87 22
288842799 8106 87 22
4192272360 19539 87 22
1836529393 16446 87 22
10914716584 21887 87 22
2450540281 17973 87 22
198867421 3246 87 22
198866742 3244 87 22
198881321 3254 87 22
1045342332 13715 87 22
198863407 3240 87 22
244909246 5916 87 22
2462559262 17988 87 22
137363416 1647 87 22
139187003 1749 87 22
1834675592 16280 89 22
1834675587 16277 89 22
899607544 13222 89 22
345845006 9895 89 22
258989117 7199 89 22
990337638 13526 89 22
156574602 2201 91 22
105349612 1123 91 22
158700161 2281 91 22
208877698 4328 94 22
199164227 3323 94 22
208900371 4334 94 22
199160893 3321 94 22
528913936 11634 94 22
290179528 8244 94 22
574286586 11857 94 22
1688754731 15558 94 22
244289582 5806 95 22
243203802 5449 95 22
3741129302 19253 95 22
27472835 138 95 22
1303597406 14046 95 22
7661085062 21071 95 22
471609127 11277 95 22
1506234458 14869 0 23
1506234466 14873 0 23
314851943 9287 0 23
1514157775 14918 0 23
1503865321 14822 0 23
322682189 9580 0 23
907096466 13287 1 23
907097222 13295 1 23
903193715 13256 1 23
907095795 13282 1 23
915607685 13327 1 23
271196663 7770 1 23
271196603 7768 1 23
115674981 1309 1 23
1617052566 15299 1 23
907096034 13285 1 23
258524560 7075 1 23
258523877 7070 1 23
258523077 7065 1 23
258523534 7068 1 23
248878333 6272 2 23
2125815031 17110 3 23
703501065 12664 3 23
2125821369 17116 3 23
2125825722 17118 3 23
6696688958 20729 5 23
11384615096 22094 5 23
241860271 5169 5 23
522609249 11619 5 23
262706666 7402 5 23
3363574046 18913 5 23
8126697740 21212 5 23
2533993619 18135 6 23
3815727016 19364 6 23
1514150470 14899 8 23
1506234455 14867 8 23
2017981960 17032 8 23
3955940288 19420 8 23
244149676 5801 8 23
601585450 12032 9 23
601585435 12030 9 23
3863037769 19379 9 23
258591421 7161 9 23
1577124731 15095 9 23
1577124680 15089 9 23
298701853 8556 9 23
5888412484 20356 9 23
1587374693 15146 9 23
428104776 10632 9 23
1587375143 15155 9 23
258527195 7108 9 23
428104888 10641 9 23
1587374782 15149 9 23
2671571131 18390 9 23
2671571128 18388 9 23
2671571123 18383 9 23
2671571127 18387 9 23
2671571125 18385 9 23
601585369 12024 9 23
258591999 7177 9 23
258592794 7180 9 23
232319093 4843 9 23
232319088 4842 9 23
232311251 4835 9 23
232311593 4836 9 23
49761528 728 10 23
772622109 12828 10 23
9585378129 21533 11 23
387680362 10396 11 23
3696058330 19224 11 23
3767626757 19302 11 23
2170943935 17276 11 23
2172225918 17295 11 23
2170924864 17273 11 23
326131375 9594 11 23
6702712105 20736 11 23
2187190850 17327 11 23
2596977772 18250 11 23
206100845 3760 13 23
205509414 3707 13 23
197393283 3057 18 23
1707765172 15625 18 23
197393325 3064 18 23
197393365 3069 18 23
276687262 7816 20 23
2278363665 17510 20 23
8644335429 21346 20 23
10181056007 21744 20 23
145930926 2063 20 23
115648110 1307 20 23
279349402 7873 20 23
244510626 5852 20 23
118067702 1401 20 23
118070344 1402 20 23
259793591 7329 20 23
5182530119 19987 20 23
118054576 1395 20 23
112063786 1237 20 23
119135242 1441 20 23
1345592850 14203 20 23
1066597786 13744 20 23
112060247 1235 20 23
1354677059 14281 20 23
6687955819 20721 20 23
3340495134 18901 20 23
4071728202 19480 20 23
1616128592 15292 20 23
4119673158 19504 20 23
232815998 4856 20 23
492256460 11332 21 23
437854576 10701 21 23
367926197 10200 21 23
492256391 11330 21 23
5151301651 19964 21 23
923155138 13361 21 23
923155202 13363 21 23
492256382 11329 21 23
964893404 13454 21 23
492256356 11328 21 23
100302866 1100 21 23
443151051 10749 21 23
492256054 11320 21 23
313955178 9267 21 23
1834815002 16291 21 23
6142719388 20451 21 23
317773439 9503 21 23
6277542763 20509 21 23
1375576657 14426 22 23
2153800832 17206 22 23
678570326 12512 22 23
678570357 12519 22 23
4839994166 19865 22 23
3473991716 19006 22 23
4839994159 19863 22 23
6413482428 20592 24 23
2441871072 17951 25 23
8232377943 21243 25 23
315479824 9340 27 23
315480411 9349 27 23
315480329 9347 27 23
315355179 9330 27 23
287019430 8057 28 23
287242088 8064 28 23
1375576811 14449 29 23
1375576831 14451 29 23
345175951 9823 29 23
345179912 9834 29 23
345165746 9821 29 23
345175992 9826 29 23
345179923 9836 29 23
343137593 9768 29 23
303705614 8869 29 23
10889235593 21880 29 23
10889235594 21881 29 23
291922573 8331 30 23
446037841 10811 30 23
286142008 8037 30 23
111471179 1207 32 23
1314528983 14065 32 23
1314529045 14071 32 23
10154618346 21732 32 23
1314528996 14067 32 23
1495289586 14790 32 23
1505168021 14852 32 23
322665530 9573 32 23
1505165766 14843 32 23
1578099061 15104 32 23
844093759 13071 32 23
1495289524 14789 32 23
1505163024 14828 32 23
1514154040 14912 32 23
1514150475 14901 32 23
1505163036 14830 32 23
1505164186 14835 32 23
6249228071 20498 32 23
1505164569 14836 32 23
330547223 9640 34 23
418155013 10599 34 23
1534238800 14970 34 23
105368255 1141 35 23
207447689 4118 35 23
259106478 7223 35 23
2320224873 17665 35 23
315917330 9372 35 23
315935010 9378 35 23
316003985 9420 35 23
315885428 9359 35 23
5713372051 20281 35 23
316003438 9418 35 23
315875945 9354 35 23
315846904 9353 35 23
242922896 5380 35 23
7512472056 21008 38 23
452536138 11138 38 23
11190589154 21964 38 23
2104967559 17101 38 23
452536108 11130 38 23
452536127 11136 38 23
2562526848 18195 38 23
258260984 7037 38 23
11190589165 21966 38 23
2323531811 17676 38 23
258260995 7038 38 23
10914716583 21886 38 23
1634493676 15358 38 23
6708543834 20741 39 23
244510654 5853 39 23
251670924 6559 39 23
251302788 6488 39 23
197594216 3091 41 23
197594251 3093 41 23
203035656 3456 41 23
96536511 1032 41 23
197393372 3070 41 23
198826985 3214 41 23
181310538 2784 41 23
181310587 2789 41 23
1644448186 15404 42 23
6050798391 20427 42 23
130030714 1540 43 23
130030618 1536 43 23
130030617 1535 43 23
172957253 2417 43 23
172962488 2421 43 23
252709113 6717 45 23
2581611428 18230 45 23
2773701711 18455 45 23
1179484503 13858 45 23
1179484528 13863 45 23
1179484522 13862 45 23
338697610 9721 45 23
6154219207 20454 46 23
2367275395 17818 46 23
10810930039 21869 46 23
327626532 9623 46 23
327626845 9626 46 23
331095686 9670 46 23
2367275352 17816 46 23
3245311481 18838 46 23
3479734495 19008 46 23
331094663 9667 46 23
1354993470 14298 47 23
11079441397 21938 47 23
443151041 10744 48 23
443151050 10748 48 23
492256520 11334 48 23
492900844 11344 48 23
492256220 11326 48 23
443151032 10738 48 23
492256140 11324 48 23
492256491 11333 48 23
492900779 11340 48 23
492900960 11351 48 23
533977362 11663 48 23
533977359 11662 48 23
492900898 11347 48 23
137281683 1634 49 23
701874506 12659 49 23
139187000 1748 49 23
1839312728 16529 51 23
2197149714 17334 51 23
207447806 4129 51 23
207447737 4125 51 23
576665244 11868 51 23
10300704190 21791 52 23
1834521312 16228 52 23
1349621878 14256 52 23
1600314300 15191 52 23
727410889 12729 52 23
1587375011 15152 52 23
5088949988 19946 52 23
1834018844 16165 52 23
8819034423 21383 57 23
203947623 3490 60 23
2095984747 17090 60 23
1831131812 16043 60 23
899607899 13228 60 23
3424970727 18961 62 23
448019237 10967 62 23
448012852 10956 62 23
665428093 12393 65 23
2188935263 17328 65 23
387690600 10400 65 23
563827836 11697 65 23
1868789499 16834 66 23
197766439 3112 66 23
1868789544 16836 66 23
1544070581 15009 67 23
2570805310 18213 67 23
1544070566 15002 67 23
1544070580 15008 67 23
1363067054 14343 67 23
4192272361 19540 68 23
1826197047 15881 70 23
448012827 10950 71 23
3424970723 18958 71 23
450085745 11021 71 23
499148352 11481 72 23
290434910 8267 72 23
286140591 8034 72 23
286139981 8033 72 23
331091392 9659 74 23
9096982013 21424 74 23
2288767861 17571 74 23
241892410 5206 74 23
331093175 9661 74 23
2367275452 17819 74 23
331093993 9663 74 23
313955871 9272 81 23
1852601123 16686 81 23
176858126 2582 83 23
242927415 5399 86 23
1363623827 14359 86 23
1363623764 14356 86 23
242927683 5401 86 23
242926852 5389 86 23
241929242 5258 86 23
330942962 9650 86 23
9585378122 21532 86 23
1849018604 16655 86 23
242926829 5388 86 23
10914795991 21890 87 23
1836529388 16445 87 23
10914716586 21889 87 23
2450540285 17974 87 23
198868052 3248 87 23
198867422 3247 87 23
2462558614 17986 87 23
3396444864 18951 87 23
244909247 5917 87 23
2462559261 17987 87 23
198863918 3241 87 23
1834675588 16278 89 23
2545612015 18161 89 23
11536319142 22143 89 23
2545596355 18160 89 23
5964911513 20398 91 23
156574785 2221 91 23
158700164 2282 91 23
423739720 10619 94 23
1106426996 13799 94 23
310245215 9083 94 23
260016133 7337 94 23
290179534 8245 94 23
6347112294 20554 94 23
3607503805 19132 94 23
35346759 499 94 23
162625018 2309 94 23
6239550727 20492 95 23
243203897 5454 95 23
1369388739 14393 95 23
656500230 12311 95 23
5212212401 20006 95 23
1369388488 14383 95 23
1506234463 14871 0 24
7011471028 20867 0 24
6425178726 20608 0 24
331427911 9679 0 24
1514158043 14919 0 24
844093703 13069 0 24
1505166708 14846 0 24
1946013896 16974 0 24
1506235009 14883 0 24
907097240 13297 1 24
903193182 13244 1 24
2421328935 17925 1 24
907096928 13293 1 24
915607753 13329 1 24
259707244 7301 1 24
259707236 7300 1 24
814926350 12961 1 24
815742838 12964 1 24
314696624 9286 1 24
903979744 13268 1 24
1015896261 13560 1 24
1037363266 13683 1 24
258580847 7133 1 24
258525130 7087 1 24
258524100 7073 1 24
258524166 7074 1 24
7948488512 21177 1 24
5944801823 20391 1 24
886298712 13188 1 24
258522810 7056 1 24
4335735121 19654 3 24
703501063 12663 3 24
2611455019 18277 5 24
2611455023 18278 5 24
3363574043 18912 5 24
1514150473 14900 8 24
307814760 9013 8 24
258589762 7151 9 24
601585448 12031 9 24
3863037772 19380 9 24
1577124721 15093 9 24
1577124666 15088 9 24
8882898407 21393 9 24
1577125343 15101 9 24
275579813 7796 9 24
1587374547 15145 9 24
428104783 10634 9 24
9482127794 21518 9 24
197445822 3089 9 24
1587374770 15148 9 24
2671571129 18389 9 24
2671571124 18384 9 24
601585354 12018 9 24
3863037774 19381 9 24
601585362 12023 9 24
258592804 7181 9 24
598586270 11981 9 24
49761529 729 10 24
673438428 12447 10 24
665423113 12392 11 24
387680364 10397 11 24
387673989 10385 11 24
3696058328 19223 11 24
2172194024 17291 11 24
2172225917 17294 11 24
2172225923 17296 11 24
1836180393 16438 11 24
665423051 12391 11 24
1630471999 15339 11 24
326133196 9597 11 24
2186435908 17326 13 24
205511447 3708 13 24
197393287 3058 18 24
1707765161 15624 18 24
1707765160 15623 18 24
4071699797 19476 20 24
1358189123 14314 20 24
145925876 2062 20 24
1037347833 13680 20 24
117945024 1377 20 24
145937918 2072 20 24
247473130 6159 20 24
29618956 242 20 24
29016191 221 20 24
118070348 1403 20 24
2128295856 17132 20 24
118054579 1396 20 24
119135251 1442 20 24
4133508532 19507 20 24
1354677003 14278 20 24
1354677041 14280 20 24
276698716 7826 20 24
276698703 7825 20 24
1909064497 16901 20 24
4071700890 19478 20 24
4071728204 19481 20 24
11080752573 21940 20 24
276687261 7815 20 24
232815982 4854 20 24
367926234 10202 21 24
367926343 10203 21 24
367926161 10198 21 24
492256426 11331 21 24
4763665540 19831 21 24
923155126 13360 21 24
492256100 11322 21 24
313955585 9268 21 24
313955641 9269 21 24
1680102056 15510 21 24
1680102053 15509 21 24
1375576651 14424 22 24
1375576653 14425 22 24
3804927519 19347 22 24
1375583816 14466 22 24
6791171276 20782 22 24
678570331 12513 22 24
1375576679 14428 22 24
678570356 12518 22 24
4839994150 19861 22 24
678570290 12510 22 24
678570289 12509 22 24
287242090 8065 28 24
287242869 8078 28 24
1375576779 14444 29 24
345179854 9832 29 24
345179925 9837 29 24
345141501 9806 29 24
303705613 8868 29 24
343137641 9770 29 24
343138544 9771 29 24
286141703 8035 30 24
446041219 10814 30 24
446041212 10813 30 24
1314528999 14068 32 24
324033661 9588 32 24
10180270462 21742 32 24
1505165680 14842 32 24
1505167318 14847 32 24
10180270461 21741 32 24
1505163028 14829 32 24
3813597174 19360 32 24
1514151921 14908 32 24
322700570 9586 32 24
1514151732 14903 32 24
1505163856 14834 32 24
418148615 10597 34 24
665359150 12383 35 24
2320224877 17666 35 24
2169094531 17259 35 24
316584128 9439 35 24
315935007 9377 35 24
315917337 9373 35 24
315935014 9379 35 24
259109680 7225 35 24
316003445 9419 35 24
2297733435 17590 35 24
315905706 9367 35 24
8542679239 21321 38 24
1630582917 15345 38 24
11190589163 21965 38 24
7472427192 20999 38 24
258520989 7049 38 24
1836529597 16460 38 24
137572217 1656 38 24
251613233 6538 39 24
502847853 11547 39 24
251302789 6489 39 24
197594219 3092 41 24
197594257 3094 41 24
5115989287 19954 41 24
196239516 3006 41 24
197775612 3113 41 24
1868789479 16832 41 24
5331788019 20111 43 24
172956533 2416 43 24
172962825 2422 43 24
252709115 6718 45 24
252709573 6723 45 24
1179484515 13860 45 24
2581611405 18229 45 24
1179484510 13859 45 24
11987264718 22234 45 24
3830515570 19370 46 24
10810930040 21870 46 24
331097517 9675 46 24
327626527 9622 46 24
6898576469 20841 46 24
331095292 9668 46 24
327625467 9620 46 24
3479734496 19009 46 24
1942768487 16961 46 24
11186561423 21962 46 24
8397924973 21287 47 24
443151048 10746 48 24
492256060 11321 48 24
919763765 13342 48 24
250551066 6343 48 24
492256163 11325 48 24
492900917 11348 48 24
137282113 1635 49 24
137283445 1636 49 24
2197149721 17336 51 24
207447745 4126 51 24
207447712 4123 51 24
207447702 4121 51 24
1833320868 16124 52 24
2754831979 18439 52 24
1349643981 14260 52 24
1349621848 14255 52 24
1600314293 15190 52 24
247473572 6169 52 24
279192302 7870 52 24
1834528093 16231 52 24
1826021819 15871 52 24
1834018833 16163 52 24
370317377 10273 60 24
3693679074 19222 60 24
448012846 10953 62 24
3424970729 18962 62 24
448012851 10955 62 24
2169691545 17271 65 24
197763877 3111 66 24
195802429 2985 66 24
197755026 3109 66 24
1544070572 15004 67 24
298673764 8547 67 24
1544070567 15003 67 24
1363067055 14344 67 24
411710888 10505 70 24
6695184824 20728 72 24
290434912 8268 72 24
446041211 10812 72 24
330725054 9645 74 24
9096982018 21426 74 24
2288767832 17569 74 24
241892413 5207 74 24
331094101 9664 74 24
331093221 9662 74 24
313955869 9271 81 24
301463435 8616 81 24
1363623856 14360 86 24
1363623766 14357 86 24
330938128 9648 86 24
1849018602 16654 86 24
242547084 5293 86 24
1836529375 16443 87 24
7563731461 21022 87 24
1118665252 13813 87 24
2462558611 17985 87 24
3396444869 18952 87 24
3396444862 18950 87 24
7556222351 21017 91 24
260016132 7336 94 24
290179539 8246 94 24
6347112279 20553 94 24
1535835959 14977 94 24
199062246 3276 94 24
59968394 829 94 24
673969811 12456 95 24
243203889 5453 95 24
243203800 5448 95 24
1369388717 14391 95 24
1369388696 14390 95 24
1369388523 14384 95 24
7042325041 20870 0 25
418148619 10598 0 25
1514154517 14914 0 25
1515257432 14921 0 25
6507787165 20681 0 25
1946013866 16971 0 25
1505167509 14849 0 25
1505165404 14841 0 25
1946013880 16972 0 25
903193021 13241 1 25
2421328907 17924 1 25
1370447078 14397 1 25
259707173 7299 1 25
259707529 7306 1 25
814926388 12962 1 25
271197133 7772 1 25
1062466874 13743 1 25
115648056 1305 1 25
115674988 1310 1 25
276691535 7822 1 25
258581025 7134 1 25
5694368261 20256 1 25
258531243 7114 1 25
258524606 7076 1 25
258522812 7057 1 25
258523610 7069 1 25
2611455026 18279 5 25
251897787 6702 5 25
1514151750 14904 8 25
2295298154 17586 8 25
3074040653 18691 8 25
2878120048 18570 9 25
1577124525 15083 9 25
258591549 7164 9 25
258582240 7136 9 25
1369388480 14382 9 25
298701660 8555 9 25
3669625825 19179 9 25
1826660058 15891 9 25
3669625334 19176 9 25
428104784 10635 9 25
258527109 7105 9 25
247473577 6171 9 25
1587374764 15147 9 25
2671571119 18382 9 25
601585352 12017 9 25
2671571104 18372 9 25
601585357 12019 9 25
2673302048 18395 9 25
258592607 7179 9 25
1600314868 15203 9 25
598586269 11980 9 25
258591813 7176 9 25
2596926657 18247 10 25
673438432 12448 10 25
1836180439 16440 11 25
387674972 10388 11 25
1341657162 14155 11 25
387673988 10384 11 25
2172225927 17297 11 25
1836180397 16439 11 25
3222398572 18805 11 25
2596964033 18249 11 25
2186435907 17325 13 25
6896831323 20839 13 25
1707765174 15626 18 25
4071699798 19477 20 25
1616128606 15293 20 25
232815991 4855 20 25
1037347815 13679 20 25
817895369 12968 20 25
256397263 6916 20 25
279190249 7869 20 25
145934391 2064 20 25
244510657 5854 20 25
251613255 6539 20 25
244510890 5855 20 25
4551137310 19770 20 25
1954949272 16976 20 25
115674990 1311 20 25
1037363300 13684 20 25
4071700892 19479 20 25
301439049 8605 21 25
5163911198 19971 21 25
492256109 11323 21 25
1833867389 16147 21 25
317782171 9507 21 25
313957097 9274 21 25
1833978840 16157 21 25
1680102046 15508 21 25
317773434 9502 21 25
1375583812 14465 22 25
678571989 12528 22 25
6791272990 20783 22 25
4839994149 19860 22 25
4839994152 19862 22 25
1375576694 14430 22 25
2565541833 18206 28 25
287242095 8067 28 25
2565541717 18205 28 25
1375576640 14422 28 25
345179932 9841 29 25
345179922 9835 29 25
345141502 9807 29 25
345141506 9809 29 25
345141508 9811 29 25
303705597 8867 29 25
295981565 8403 29 25
2196548896 17333 29 25
10889235592 21879 29 25
1196088159 13882 30 25
2472804026 18015 30 25
446041221 10815 30 25
286141915 8036 30 25
6179061748 20465 32 25
10154618342 21731 32 25
1717959651 15644 32 25
1505165058 14839 32 25
322692314 9584 32 25
4774574857 19833 32 25
1505168202 14853 32 25
3813597177 19361 32 25
1514151837 14906 32 25
322700603 9587 32 25
1946013891 16973 34 25
105368193 1134 35 25
316009684 9433 35 25
316008939 9432 35 25
2169094532 17260 35 25
315980882 9383 35 25
1856342473 16696 35 25
315932805 9375 35 25
3505921008 19032 35 25
2297733439 17592 35 25
315914727 9371 35 25
2310303658 17651 38 25
11190589215 21967 38 25
7472427193 21000 38 25
1832519737 16076 38 25
1836529522 16456 38 25
251613046 6535 39 25
251670570 6557 39 25
251302790 6490 39 25
203035565 3454 41 25
1868789466 16831 41 25
197757758 3110 41 25
252709116 6719 45 25
8425874695 21303 45 25
11987264717 22233 45 25
29009036 205 45 25
10810930042 21871 46 25
6039959199 20420 46 25
331095488 9669 46 25
327626839 9625 46 25
6898576465 20840 46 25
327620807 9616 46 25
8397924976 21288 47 25
492900929 11349 48 25
105349573 1114 51 25
642177895 12245 51 25
207447708 4122 51 25
1833320874 16127 52 25
2754831940 18435 52 25
2754831978 18438 52 25
727411092 12730 52 25
1349643808 14259 52 25
10185341139 21747 52 25
247473574 6170 52 25
2857042320 18542 52 25
247473143 6160 52 25
1834528275 16232 52 25
925953293 13385 52 25
403780694 10454 52 25
923034571 13354 60 25
923035922 13355 60 25
2300985422 17611 60 25
899607868 13226 60 25
448012849 10954 62 25
448012844 10952 62 25
1868789504 16835 66 25
2818754067 18500 66 25
11216888688 21971 66 25
258522299 7053 67 25
1363067057 14345 67 25
290434919 8269 72 25
768669074 12812 74 25
2288767855 17570 74 25
1942778576 16962 74 25
331883661 9687 74 25
313955866 9270 81 25
242928486 5402 86 25
1709217994 15633 87 25
1836529367 16442 87 25
137352701 1644 87 25
137359763 1645 87 25
11915932906 22201 87 25
5964911255 20397 91 25
260016127 7335 94 25
6347112198 20552 94 25
35346757 497 94 25
35346762 500 94 25
35738172 514 94 25
673433654 12445 95 25
243203946 5457 95 25
243203799 5447 95 25
298702220 8557 95 25
2059869962 17057 95 25
471609135 11279 95 25
1369388549 14385 95 25
1514154642 14915 0 26
1514153948 14911 0 26
1505166461 14845 0 26
1505165996 14844 0 26
915607698 13328 1 26
258527151 7106 1 26
830583196 13012 1 26
1062466872 13742 1 26
1062466869 13741 1 26
271196537 7767 1 26
8691238872 21364 1 26
5885444717 20354 1 26
258588280 7148 1 26
8197544403 21221 1 26
2302360681 17614 1 26
258522813 7058 1 26
241859247 5168 5 26
1514151759 14905 8 26
1581036355 15109 8 26
1577124533 15084 9 26
3863037778 19382 9 26
258581825 7135 9 26
1577124606 15086 9 26
2604649680 18265 9 26
6900229745 20843 9 26
3669625614 19178 9 26
3669625340 19177 9 26
1835474150 16321 9 26
258527604 7111 9 26
258527495 7110 9 26
1600314679 15193 9 26
601585360 12022 9 26
2671571118 18381 9 26
601585358 12020 9 26
2671571105 18373 9 26
258592606 7178 9 26
258592880 7183 9 26
258591810 7175 9 26
258591788 7169 9 26
493302095 11360 10 26
2170960235 17278 11 26
2170950419 17277 11 26
1630471935 15336 11 26
6896831320 20838 13 26
1037347883 13682 20 26
117945029 1379 20 26
1602492378 15220 20 26
256405356 6922 20 26
145934394 2065 20 26
253858237 6800 20 26
5163911197 19970 21 26
1833867394 16148 21 26
1833978752 16152 21 26
1833978777 16153 21 26
2565541917 18208 22 26
287242105 8070 28 26
287242091 8066 28 26
287242762 8073 28 26
1375576642 14423 28 26
345179928 9839 29 26
345199570 9859 29 26
345141503 9808 29 26
345141510 9813 29 26
345141507 9810 29 26
345141509 9812 29 26
345225081 9880 29 26
345202597 9863 29 26
343137597 9769 29 26
2202286970 17403 29 26
1834027608 16169 32 26
330519351 9637 32 26
322665628 9575 32 26
1511472197 14897 32 26
1503866169 14823 34 26
2169094539 17262 35 26
2169094529 17258 35 26
2169094520 17253 35 26
315980884 9384 35 26
315989130 9401 35 26
1856342468 16695 35 26
315917342 9374 35 26
315987873 9399 35 26
315932815 9376 35 26
3505921009 19033 35 26
2297733437 17591 35 26
307851450 9018 35 26
250792563 6377 38 26
243996139 5767 38 26
258520991 7050 38 26
1836529585 16459 38 26
251613053 6536 39 26
251304051 6500 39 26
251302791 6491 39 26
197594263 3095 41 26
203035646 3455 41 26
252709118 6720 45 26
1606010549 15234 45 26
8425874693 21302 45 26
633568013 12205 45 26
897996601 13218 45 26
241891139 5198 46 26
6039959227 20422 46 26
3479734499 19010 46 26
331094370 9666 46 26
1829669735 15960 51 26
10300704191 21792 52 26
1833320870 16126 52 26
1826087863 15880 52 26
2754831882 18433 52 26
727411109 12731 52 26
1833288830 16121 52 26
1349644002 14261 52 26
727411190 12732 52 26
1600314242 15188 52 26
247473564 6165 52 26
2902270106 18605 52 26
907096812 13291 52 26
925953366 13389 52 26
925953131 13371 52 26
925953246 13381 52 26
2515343419 18127 60 26
1798153366 15812 60 26
448012842 10951 62 26
1583700335 15113 62 26
1868789488 16833 66 26
197694253 3108 66 26
1863269606 16735 66 26
537631789 11675 67 26
1363067058 14346 67 26
329646369 9627 74 26
5766318536 20311 81 26
242548095 5295 86 26
1411666631 14526 86 26
1709217997 15634 87 26
1836529400 16447 87 26
1836529341 16441 87 26
137352699 1643 87 26
1297662299 14025 87 26
43017312 706 87 26
4471900523 19735 87 26
35346758 498 94 26
35736908 511 94 26
35346765 501 94 26
35346756 496 94 26
1834331332 16176 95 26
673969801 12455 95 26
243203943 5456 95 26
298702313 8559 95 26
1369388730 14392 95 26
1369388674 14389 95 26
471609107 11275 95 26
471609134 11278 95 26
1369388624 14386 95 26
1514151926 14909 0 27
2302554007 17617 0 27
915607756 13330 1 27
903193869 13260 1 27
258526961 7104 1 27
258527223 7109 1 27
271196666 7771 1 27
1062466867 13740 1 27
276698661 7824 1 27
1016161163 13561 1 27
115648079 1306 1 27
258531767 7116 1 27
8691238857 21363 1 27
8224083195 21240 1 27
258524637 7079 1 27
2302360680 17613 1 27
258524607 7077 1 27
258522814 7059 1 27
1514150479 14902 8 27
1514151847 14907 8 27
3862991507 19377 9 27
1577124563 15085 9 27
1577124634 15087 9 27
2604649691 18266 9 27
298701139 8554 9 27
1835481666 16322 9 27
1354950933 14293 9 27
1826754960 15917 9 27
2804984629 18487 9 27
247473157 6164 9 27
1370447060 14396 9 27
2671571114 18379 9 27
2671571116 18380 9 27
2671571109 18376 9 27
2671571106 18374 9 27
258592878 7182 9 27
1600314923 15210 9 27
1600314916 15207 9 27
258591774 7168 9 27
2536591306 18146 9 27
493302099 11361 10 27
1834331362 16177 10 27
3767626768 19303 11 27
2169707528 17272 11 27
3767626769 19304 11 27
1630471926 15335 11 27
7289029902 20959 13 27
2310303666 17652 13 27
923159089 13366 20 27
1037347854 13681 20 27
145937127 2071 20 27
1434490478 14629 20 27
1622545011 15328 20 27
145934398 2066 20 27
1833978846 16158 21 27
287242767 8074 28 27
345199577 9860 29 27
345179929 9840 29 27
345141520 9816 29 27
345263952 9886 29 27
345225012 9867 29 27
345225006 9865 29 27
345225009 9866 29 27
7608087540 21032 29 27
345202640 9864 29 27
1676694781 15475 34 27
844093634 13063 34 27
2169094524 17255 35 27
315980885 9385 35 27
315988452 9400 35 27
315990263 9402 35 27
315980886 9386 35 27
321735824 9560 35 27
307851452 9019 35 27
250792538 6376 38 27
250792415 6374 38 27
447173889 10924 38 27
243996138 5766 38 27
2179117355 17314 38 27
1634493688 15359 38 27
251613081 6537 39 27
4581297905 19783 41 27
252709119 6721 45 27
252709595 6724 45 27
10674088672 21826 45 27
640497169 12244 45 27
241891140 5199 46 27
6039959205 20421 46 27
331094351 9665 46 27
1829669660 15957 51 27
10300732025 21793 52 27
1833320869 16125 52 27
1826087126 15879 52 27
1826039087 15873 52 27
1833279056 16120 52 27
1833320865 16122 52 27
1349643802 14258 52 27
1349644055 14262 52 27
1434490527 14630 52 27
1020974755 13621 52 27
1587375092 15153 52 27
1638459544 15369 52 27
1834526415 16230 52 27
1826021821 15872 52 27
83058770 946 60 27
196472012 3009 66 27
1869644384 16844 66 27
537631724 11674 67 27
5875295574 20345 67 27
317782314 9509 81 27
1411666664 14527 86 27
250792585 6380 87 27
250792582 6379 87 27
1836529384 16444 87 27
1836529416 16450 87 27
1297662310 14026 87 27
137287939 1637 87 27
43017314 707 87 27
3951583097 19414 87 27
4471900528 19736 87 27
35736909 512 94 27
9994099439 21664 94 27
673433794 12446 95 27
493302124 11363 95 27
1657564053 15434 95 27
1630471785 15334 95 27
1834331314 16175 95 27
493302309 11365 95 27
300516569 8600 95 27
298702295 8558 95 27
1369388669 14388 95 27
1958800049 16983 95 27
903193298 13247 1 28
903193995 13263 1 28
909226889 13309 1 28
258527192 7107 1 28
271197375 7774 1 28
814928349 12963 1 28
817902505 12972 1 28
258531673 7115 1 28
258525609 7098 1 28
5885444719 20355 1 28
8198495802 21223 1 28
8224083193 21239 1 28
258524642 7081 1 28
258524636 7078 1 28
258522815 7060 1 28
258589645 7149 9 28
2536655521 18149 9 28
5884662671 20351 9 28
298701137 8553 9 28
298701061 8550 9 28
1835481725 16323 9 28
1826651696 15890 9 28
1835466740 16319 9 28
1354950985 14294 9 28
1826754962 15918 9 28
1835473030 16320 9 28
247473145 6162 9 28
601585359 12021 9 28
2671571112 18378 9 28
2671571107 18375 9 28
258591793 7170 9 28
1600314921 15209 9 28
258591808 7174 9 28
258591673 7166 9 28
258591736 7167 9 28
10180947178 21743 10 28
673432883 12444 10 28
493302106 11362 10 28
493302270 11364 11 28
673971951 12457 11 28
43017309 705 13 28
2179117347 17313 13 28
1836529702 16462 13 28
10181079501 21745 20 28
817895385 12969 20 28
4179623151 19530 20 28
256406157 6924 20 28
4485181670 19751 20 28
256409485 6928 20 28
345179927 9838 29 28
345199581 9861 29 28
345141511 9814 29 28
4362046068 19675 29 28
345225028 9872 29 28
345225016 9868 29 28
345225030 9873 29 28
303704814 8865 29 28
345199526 9853 29 28
345199540 9855 29 28
6507787164 20680 34 28
2169094526 17257 35 28
315987078 9395 35 28
315990565 9403 35 28
315987759 9398 35 28
315987128 9396 35 28
307851454 9020 35 28
315973113 9382 35 28
250792383 6373 38 28
250792536 6375 38 28
1836529515 16455 38 28
447173896 10925 38 28
8545076836 21322 38 28
251613043 6534 39 28
252709599 6725 45 28
6799731015 20788 45 28
2134877005 17167 45 28
279995300 7876 52 28
1834526407 16229 52 28
1825625760 15870 52 28
1833320867 16123 52 28
7861967285 21163 52 28
1600314226 15187 52 28
279361159 7875 52 28
907097160 13294 52 28
247473144 6161 52 28
1638459559 15370 52 28
1342040879 14163 52 28
1342040801 14161 52 28
234593042 4891 60 28
196475636 3010 66 28
197654333 3105 66 28
197655155 3106 66 28
258522296 7052 67 28
258522307 7054 67 28
3396233905 18949 67 28
313957121 9275 81 28
243192066 5434 86 28
1836529486 16454 87 28
250792576 6378 87 28
290519002 8272 87 28
1836529425 16451 87 28
1836529403 16448 87 28
137297411 1642 87 28
1635660581 15362 87 28
137292918 1641 87 28
11915932908 22202 87 28
9994099438 21663 94 28
1630471779 15333 95 28
243203941 5455 95 28
493302066 11359 95 28
416076721 10554 95 28
571540834 11829 95 28
416072726 10553 95 28
1369388634 14387 95 28
471609101 11274 95 28
903193785 13257 1 29
903192761 13237 1 29
903192635 13233 1 29
2901520796 18602 1 29
909226881 13308 1 29
271226797 7782 1 29
1111480325 13810 1 29
271196012 7757 1 29
817902509 12973 1 29
5174646803 19975 1 29
5885444712 20353 1 29
8691238841 21362 1 29
258532341 7117 1 29
8198495799 21222 1 29
258588117 7147 1 29
258587972 7146 1 29
258524649 7084 1 29
258524643 7082 1 29
258524641 7080 1 29
258524648 7083 1 29
258589666 7150 9 29
2536655529 18150 9 29
1526928445 14957 9 29
298701134 8552 9 29
298701059 8549 9 29
298701129 8551 9 29
1835483681 16324 9 29
1826643023 15889 9 29
1826641656 15888 9 29
3482617218 19014 9 29
1016187515 13566 9 29
247473146 6163 9 29
2671571110 18377 9 29
1600314940 15213 9 29
2673316221 18398 9 29
1600314911 15206 9 29
258591807 7173 9 29
258536171 7129 9 29
2596916204 18246 10 29
673969787 12454 10 29
673971955 12458 11 29
43017303 704 13 29
10244199666 21764 20 29
1015867164 13540 20 29
817899714 12971 20 29
817895398 12970 20 29
10870200160 21877 20 29
10870200161 21878 20 29
955065329 13434 20 29
256406158 6925 20 29
256409493 6929 20 29
145918390 2060 20 29
4362046067 19674 29 29
4362046055 19673 29 29
345225113 9882 29 29
345225018 9869 29 29
345225025 9871 29 29
345225038 9875 29 29
345225045 9877 29 29
345199534 9854 29 29
345199501 9849 29 29
2169094542 17263 35 29
2169094525 17256 35 29
315980887 9387 35 29
2448237944 17972 35 29
307851445 9017 35 29
1856342462 16694 35 29
1836529474 16452 38 29
2179117378 17315 38 29
1826630947 15883 45 29
1609026401 15263 45 29
1639965226 15375 45 29
897996868 13219 45 29
29014124 207 45 29
1638459565 15372 52 29
1600314243 15189 52 29
10870200159 21876 52 29
4161911668 19522 52 29
7141309723 20905 52 29
1568462746 15070 52 29
279995303 7877 52 29
240459686 5007 60 29
240459690 5008 60 29
1624587760 15331 67 29
250792588 6381 87 29
1836529410 16449 87 29
42118613 696 87 29
10078563053 21696 87 29
4471900546 19737 87 29
681378207 12546 94 29
673442628 12449 95 29
243203997 5458 95 29
1555515785 15052 95 29
314689240 9284 95 29
571540835 11830 95 29
416083251 10569 95 29
471609096 11273 95 29
907097237 13296 1 30
903193452 13251 1 30
2902274294 18606 1 30
903193559 13253 1 30
1567664629 15064 1 30
909226893 13310 1 30
271226796 7781 1 30
1015891158 13559 1 30
271196013 7758 1 30
1015878361 13544 1 30
817902528 12974 1 30
258533252 7120 1 30
1786798620 15786 1 30
5694368257 20253 1 30
258587502 7145 1 30
5863900711 20342 1 30
258526457 7100 1 30
582658555 11888 1 30
8931097744 21400 1 30
258534990 7126 9 30
2536655515 18148 9 30
471609142 11280 9 30
571540885 11832 9 30
994448165 13530 9 30
1826635563 15884 9 30
3482617217 19013 9 30
1016187526 13567 9 30
1600314942 15214 9 30
2673316208 18396 9 30
1600314901 15204 9 30
6312913172 20526 9 30
1834331396 16180 10 30
3772184997 19308 10 30
1235261766 13940 10 30
1630471939 15337 11 30
137276914 1631 13 30
43017289 703 13 30
1015852521 13538 20 30
1015867147 13539 20 30
1015881247 13547 20 30
923159068 13365 20 30
903193467 13252 20 30
279361157 7874 20 30
1016172359 13562 20 30
1609026673 15266 20 30
256405799 6923 20 30
256406184 6926 20 30
256409501 6930 20 30
256406186 6927 20 30
145918389 2059 20 30
4362046072 19676 29 30
4362046048 19672 29 30
345225115 9883 29 30
345225035 9874 29 30
345225023 9870 29 30
345225042 9876 29 30
345225139 9884 29 30
345225052 9878 29 30
345199496 9848 29 30
345199541 9856 29 30
2169094545 17264 35 30
2169094521 17254 35 30
315987732 9397 35 30
315909677 9370 35 30
316002530 9417 35 30
3999147465 19436 38 30
8418733742 21296 45 30
1826630945 15882 45 30
1609026405 15264 45 30
7046911269 20878 45 30
2242984912 17442 45 30
58712399 797 45 30
3286812507 18860 45 30
5117202415 19955 52 30
955065294 13433 52 30
279192316 7871 52 30
1638459567 15373 52 30
240459684 5006 60 30
2696186125 18401 60 30
9263251788 21459 60 30
137292899 1638 87 30
43017328 709 87 30
137292912 1640 87 30
11915932904 22199 87 30
248172240 6236 94 30
681378215 12547 94 30
1555515784 15051 95 30
1555515783 15050 95 30
582008856 11877 95 30
571540875 11831 95 30
7661085079 21072 95 30
907096554 13288 1 31
903192866 13239 1 31
6718066291 20744 1 31
903193854 13259 1 31
258528379 7112 1 31
1567664724 15065 1 31
907097267 13298 1 31
11829432362 22182 1 31
1015891148 13558 1 31
271196078 7762 1 31
1037769741 13685 1 31
258533838 7121 1 31
258525598 7097 1 31
258526559 7101 1 31
258587267 7144 1 31
598163473 11978 1 31
258522817 7061 1 31
258524812 7085 1 31
2607583624 18270 9 31
1462946691 14680 9 31
1011456990 13536 9 31
1600314189 15186 9 31
1826635567 15885 9 31
1600314944 15215 9 31
258591796 7171 9 31
1600314917 15208 9 31
1600314905 15205 9 31
258534730 7125 9 31
258536417 7130 9 31
2596916155 18245 10 31
1834331451 16188 10 31
339287895 9753 11 31
11364093072 22036 13 31
43017282 702 13 31
1015881285 13549 20 31
1015886565 13551 20 31
903193821 13258 20 31
1609026668 15265 20 31
256409798 6931 20 31
11289732368 21990 20 31
232839288 4857 20 31
345142240 9817 29 31
4362046047 19671 29 31
345225075 9879 29 31
345225144 9885 29 31
303704820 8866 29 31
345199515 9850 29 31
345199542 9857 29 31
316008522 9430 35 31
2169094548 17266 35 31
2169094519 17252 35 31
1856342450 16693 35 31
7275695750 20956 38 31
7275695749 20955 38 31
7046911268 20877 45 31
1826636018 15886 45 31
251819877 6679 45 31
11372961811 22083 45 31
1734239731 15686 52 31
1734239773 15687 52 31
2007085358 17027 52 31
10300732026 21794 52 31
1638459576 15374 52 31
622566162 12156 60 31
3667399659 19167 60 31
2515343383 18126 60 31
9901137989 21639 87 31
43017325 708 87 31
137292911 1639 87 31
11915932905 22200 87 31
6129311111 20446 94 31
35346750 495 94 31
7817610579 21143 95 31
416082904 10568 95 31
903193130 13243 1 32
1602487814 15219 1 32
903192961 13240 1 32
258529143 7113 1 32
5208825712 20004 1 32
275335563 7791 1 32
1015881268 13548 1 32
271196016 7759 1 32
258533858 7122 1 32
258525597 7096 1 32
258577762 7132 1 32
5694368256 20252 1 32
5694368259 20255 1 32
8931097766 21402 1 32
258524007 7071 1 32
8931097724 21399 1 32
258534993 7127 9 32
2607583629 18271 9 32
1826762085 15919 9 32
2673316217 18397 9 32
258526583 7103 9 32
4212377835 19551 9 32
3398939598 18953 10 32
1834331432 16186 10 32
1834331499 16191 10 32
1834331423 16183 11 32
1630471942 15338 11 32
1015886572 13552 20 32
1015886558 13550 20 32
903193413 13249 20 32
1016172415 13564 20 32
886581366 13190 20 32
955065065 13429 20 32
345141513 9815 29 32
7608087539 21031 29 32
345225107 9881 29 32
28869470 194 29 32
345200242 9862 29 32
316007528 9426 35 32
2169094550 17267 35 32
1826636027 15887 45 32
3286812497 18859 45 32
11372961818 22084 45 32
955065077 13430 52 32
2007085359 17028 52 32
1638459563 15371 52 32
2515343376 18125 60 32
8854950762 21390 87 32
2310395743 17653 87 32
248172255 6237 94 32
35741539 516 94 32
319096336 9516 94 32
416082895 10567 95 32
903193448 13250 1 33
903193272 13246 1 33
4172277137 19527 1 33
1460128714 14664 1 33
271196144 7765 1 33
1015881234 13546 1 33
1037769748 13686 1 33
258534017 7123 1 33
3539283920 19097 1 33
1835348120 16318 1 33
1460129758 14675 1 33
258586115 7140 1 33
258522797 7055 1 33
7968713722 21178 1 33
1835348119 16317 9 33
4109165593 19502 9 33
1600314138 15183 9 33
258591799 7172 9 33
1460128722 14665 9 33
2536611904 18147 9 33
258536420 7131 9 33
1834331430 16185 10 33
3769627346 19305 10 33
1834331521 16194 10 33
1834331513 16192 10 33
1834331422 16182 11 33
1603334191 15223 20 33
903192689 13235 20 33
1420939872 14562 20 33
256409808 6932 20 33
4935454002 19921 20 33
4329689307 19652 29 33
345199520 9851 29 33
2169094552 17268 35 33
316008660 9431 35 33
2169094547 17265 35 33
10219501234 21756 45 33
3286812492 18858 45 33
11372961819 22085 45 33
3286812545 18861 45 33
2833790655 18514 60 33
248172267 6238 94 33
35741544 518 94 33
51173427 751 94 33
416081123 10566 95 33
4444480265 19722 95 33
903193249 13245 1 34
903193603 13254 1 34
903193876 13261 1 34
4172277136 19526 1 34
1460128727 14666 1 34
1039196104 13689 1 34
271196152 7766 1 34
1617032067 15298 1 34
1107514114 13804 1 34
271196018 7760 1 34
258534712 7124 1 34
258525440 7093 1 34
1460129738 14673 1 34
1460129756 14674 1 34
5694368258 20254 1 34
8223958186 21237 1 34
258522818 7062 1 34
1011802119 13537 1 34
258525447 7095 9 34
258523065 7063 9 34
1600314143 15184 9 34
1600314932 15211 9 34
1600314939 15212 9 34
1460128702 14663 9 34
1460129207 14669 9 34
258536117 7128 9 34
1834331383 16178 10 34
1834331438 16187 10 34
1834331528 16195 10 34
1834331394 16179 11 34
1834331471 16189 11 34
1834331425 16184 11 34
903193341 13248 20 34
903193116 13242 20 34
5313575083 20069 20 34
256409812 6933 20 34
5313575079 20068 20 34
955065247 13432 20 34
345199525 9852 29 34
345199543 9858 29 34
316007005 9425 35 34
3286811358 18857 45 34
678905774 12530 45 34
6661092087 20711 45 34
243793609 5645 60 34
248172270 6239 94 34
35876795 528 94 34
1807257917 15856 94 34
35741543 517 94 34
903192719 13236 1 35
903193936 13262 1 35
903192775 13238 1 35
428104729 10626 1 35
1460128777 14668 1 35
1015888290 13553 1 35
1039196107 13690 1 35
1015878329 13542 1 35
1015888502 13555 1 35
1015890250 13556 1 35
271196020 7761 1 35
258525444 7094 1 35
1460129718 14671 1 35
258586927 7142 1 35
8223958182 21236 1 35
8931097749 21401 1 35
601585553 12038 9 35
4109165597 19503 9 35
1600314169 15185 9 35
1600314137 15182 9 35
1834331400 16181 10 35
1834331484 16190 10 35
493234621 11358 11 35
903192591 13232 20 35
1016172395 13563 20 35
316007536 9428 35 35
58770237 799 45 35
248172271 6240 94 35
51173409 749 94 35
35741536 515 94 35
6241968180 20493 1 36
258526572 7102 1 36
1460128770 14667 1 36
271196082 7763 1 36
1039196108 13691 1 36
1015878373 13545 1 36
1015878349 13543 1 36
1015888501 13554 1 36
1015890253 13557 1 36
258525617 7099 1 36
8197544319 21220 1 36
1460129727 14672 1 36
1460129694 14670 1 36
258586250 7141 1 36
258586110 7139 1 36
6822634860 20799 9 36
6822634865 20800 9 36
4109165589 19501 9 36
9862470652 21628 9 36
4380378927 19698 11 36
316006889 9424 35 36
316007557 9429 35 36
51173423 750 94 36
428104736 10630 1 37
1095242523 13786 1 37
271196088 7764 1 37
1015878294 13541 1 37
8197541713 21219 1 37
258586107 7138 1 37
8223958189 21238 1 37
2673226441 18393 9 37
316007529 9427 35 37
428104734 10628 1 38
428104737 10631 1 38
258532689 7119 1 38
8197541709 21218 1 38
598586302 11982 1 38
258587104 7143 1 38
258523067 7064 9 38
2673226443 18394 9 38
428104733 10627 1 39
428104735 10629 1 39
5184082730 19988 1 39
